SYMBOL,SERIES,DATE1,PREV_CLOSE,OPEN_PRICE,HIGH_PRICE,LOW_PRICE,LAST_PRICE,CLOSE_PRICE,AVG_PRICE,TTL_TRD_QNTY,TURNOVER_LACS,NO_OF_TRADES,DELIV_QTY,DELIV_PER
20MICRONS,EQ,07-Oct-2026,207.87,208.0,210.58,203.5,204.0,204.56,205.67,70093,144.16,2203,36740,52.42
21STCENMGM,EQ,07-Oct-2026,38.36,38.4,39.12,37.69,39.12,39.12,38.86,7291,2.83,27,7286,99.93
360ONE,EQ,07-Oct-2026,1069.5,1060.2,1070.8,1053.7,1063.0,1063.0,1064.93,246152,2621.34,17213,135180,54.92
3BBLACKBIO,EQ,07-Oct-2026,1575.1,1606.0,1667.9,1576.5,1590.3,1615.5,1630.07,11520,187.78,2214,5745,49.87
3IINFOLTD,BE,07-Oct-2026,22.81,23.16,23.67,22.65,23.3,23.3,23.22,124286,28.86,514,-,-
3MINDIA,EQ,07-Oct-2026,30840.0,30910.0,31250.0,30475.0,30800.0,30825.0,30804.59,12866,3963.32,1746,11067,86.02
3PLAND,EQ,07-Oct-2026,30.75,30.75,30.9,30.36,30.8,30.8,30.44,282,0.09,15,280,99.29
574GS2026,GS,07-Oct-2026,102.49,102.49,102.49,102.48,102.49,102.49,102.49,70,0.07,4,35,50.00
591GS2028,GS,07-Oct-2026,99.8,99.13,99.13,99.13,99.13,99.13,99.13,100,0.1,1,100,100.00
5PAISA,EQ,07-Oct-2026,349.7,349.05,352.95,344.3,351.0,348.0,348.9,25160,87.78,2177,8425,33.49
601GS2030,GS,07-Oct-2026,97.1,97.1,97.1,96.31,96.7,96.7,96.7,300,0.29,3,100,33.33
603GS2029,GS,07-Oct-2026,98.01,98.03,98.5,98.03,98.5,98.5,98.27,200,0.2,3,100,50.00
610GS2031,GS,07-Oct-2026,99.49,99.49,99.49,99.49,99.49,99.49,99.49,1,0.0,1,1,100.00
620GS2029,GS,07-Oct-2026,98.0,98.0,98.5,98.0,98.5,98.5,98.43,700,0.69,3,700,100.00
622GS2035,GS,07-Oct-2026,94.29,95.98,95.98,95.98,95.98,95.98,95.98,64,0.06,1,64,100.00
63MOONS,EQ,07-Oct-2026,792.95,791.0,806.7,775.95,785.0,783.2,789.66,164400,1298.2,7328,55016,33.46
648GS2035,GS,07-Oct-2026,96.0,94.08,96.8,94.08,96.6,96.6,96.18,1901,1.83,7,1901,100.00
657GS2033A,GS,07-Oct-2026,98.0,98.0,98.0,98.0,98.0,98.0,98.0,300,0.29,1,300,100.00
664GS2027,GS,07-Oct-2026,101.71,106.0,106.0,106.0,106.0,106.0,106.0,2,0.0,2,2,100.00
667GS2050,GS,07-Oct-2026,91.5,91.45,91.45,91.45,91.45,91.45,91.45,234,0.21,2,234,100.00
668GS2033,GS,07-Oct-2026,99.05,98.75,99.0,98.75,98.75,98.75,98.82,5400,5.34,3,5400,100.00
668GS2040,GS,07-Oct-2026,97.4,97.6,97.6,97.0,97.0,97.0,97.04,1446,1.4,5,1396,96.54
676GS2061,GS,07-Oct-2026,89.48,89.6,89.6,89.2,89.49,89.49,89.31,16094,14.37,36,15494,96.27
679GS2031,GS,07-Oct-2026,100.49,100.49,100.49,100.49,100.49,100.49,100.49,100,0.1,1,100,100.00
679GS2034,GS,07-Oct-2026,97.8,97.5,97.5,97.5,97.5,97.5,97.5,100,0.1,1,100,100.00
68GS2060,GS,07-Oct-2026,91.0,91.8,91.8,91.8,91.8,91.8,91.8,530,0.49,2,530,100.00
690GS2065,GS,07-Oct-2026,92.6,93.4,93.4,92.6,92.9,92.86,92.64,168444,156.05,39,168039,99.76
692GS2039,GS,07-Oct-2026,99.0,98.0,98.0,98.0,98.0,98.0,98.0,100,0.1,1,100,100.00
694GS2036,GS,07-Oct-2026,101.3,101.1,101.12,101.08,101.12,101.12,101.11,300,0.3,4,300,100.00
695GS2061,GS,07-Oct-2026,92.79,92.78,92.78,92.7,92.7,92.7,92.7,571,0.53,5,571,100.00
698GR2054,GS,07-Oct-2026,93.0,91.26,93.99,91.26,93.99,93.99,91.27,451,0.41,3,450,99.78
699GS2051,GS,07-Oct-2026,96.39,93.98,96.3,93.98,96.0,96.0,96.02,1656,1.59,3,1656,100.00
704GS2029,GS,07-Oct-2026,102.7,102.7,102.7,102.7,102.7,102.7,102.7,9849,10.11,3,9849,100.00
706GS2028,GS,07-Oct-2026,103.5,103.5,103.5,102.01,102.25,102.25,102.37,12687,12.99,8,11487,90.54
706GS2041,GS,07-Oct-2026,97.25,99.25,99.25,98.0,99.25,99.25,98.92,1505,1.49,7,1505,100.00
709GS2054,GS,07-Oct-2026,95.5,95.89,95.89,95.15,95.15,95.15,95.18,12051,11.47,7,12050,99.99
709GS2074,GS,07-Oct-2026,94.76,94.76,94.85,94.3,94.79,94.79,94.6,10473,9.91,18,8830,84.31
710GS2029,GS,07-Oct-2026,103.9,103.5,103.5,102.7,103.0,103.0,103.15,73486,75.8,27,70086,95.37
716GS2050,GS,07-Oct-2026,96.69,96.69,96.69,96.69,96.69,96.69,96.69,3519,3.4,6,3519,100.00
718GS2033,GS,07-Oct-2026,101.8,101.4,102.5,101.4,101.4,101.4,101.49,45173,45.85,6,45173,100.00
718GS2037,GS,07-Oct-2026,101.11,101.35,102.35,101.2,101.2,101.72,101.46,31613,32.07,29,30222,95.60
723GS2039,GS,07-Oct-2026,103.4,102.0,102.0,99.93,102.0,102.0,101.72,8310,8.45,14,7810,93.98
724GS2055,GS,07-Oct-2026,96.2,96.99,96.99,96.0,96.2,96.19,96.18,209293,201.29,36,209292,100.00
725GS2063,GS,07-Oct-2026,96.33,96.34,96.35,96.1,96.26,96.27,96.21,33346,32.08,39,32016,96.01
726GS2032,GS,07-Oct-2026,100.98,101.0,101.45,101.0,101.45,101.21,101.16,13145,13.3,13,11145,84.79
726GS2033,GS,07-Oct-2026,101.59,101.0,101.49,100.2,101.49,101.49,100.3,3250,3.26,3,3250,100.00
732GS2030,GS,07-Oct-2026,103.5,103.5,103.5,102.47,102.47,102.47,103.38,1129,1.17,7,1079,95.57
733GS2026,GS,07-Oct-2026,102.84,102.84,102.84,102.84,102.84,102.84,102.84,250,0.26,2,250,100.00
734GS2064,GS,07-Oct-2026,98.68,98.54,98.6,98.45,98.6,98.57,98.5,60488,59.58,67,58283,96.35
737GS2028,GS,07-Oct-2026,104.02,104.02,104.02,104.0,104.0,104.0,104.0,1200,1.25,5,1150,95.83
738GS2027,GS,07-Oct-2026,102.66,102.65,102.65,102.56,102.65,102.64,102.57,14021,14.38,14,14021,100.00
73GS2053,GS,07-Oct-2026,97.09,97.8,97.8,97.25,97.5,97.44,97.45,4454,4.34,19,4454,100.00
741GS2036,GS,07-Oct-2026,103.3,104.39,104.39,102.01,103.0,103.07,103.05,1702,1.75,10,1637,96.18
743GS2076,GS,07-Oct-2026,97.8,98.5,98.5,97.8,98.0,98.0,98.0,82960,81.3,58,79751,96.13
746GS2073,GS,07-Oct-2026,101.99,101.0,101.99,101.0,101.5,101.5,101.06,1144,1.16,3,1144,100.00
74GS2062,GS,07-Oct-2026,98.0,98.0,98.0,97.0,98.0,98.0,97.94,1615,1.58,9,1615,100.00
750GS2056,GS,07-Oct-2026,99.26,100.0,100.0,98.56,99.0,99.0,99.18,290,0.29,7,290,100.00
754GS2036,GS,07-Oct-2026,104.57,104.8,104.9,104.61,104.72,104.76,104.81,454965,476.86,116,450558,99.03
763GS2056,GS,07-Oct-2026,100.27,100.0,100.29,99.9,100.29,100.29,100.17,14648,14.67,19,14647,99.99
771GS2066,GS,07-Oct-2026,102.94,102.9,103.1,102.56,103.0,103.0,102.63,39021,40.05,15,39021,100.00
795GS2032,GS,07-Oct-2026,103.1,104.7,104.7,104.7,104.7,104.7,104.7,2551,2.67,2,2551,100.00
828GS2027,GS,07-Oct-2026,166.48,174.8,174.8,174.8,174.8,174.8,174.8,1,0.0,1,1,100.00
883GS2041,GS,07-Oct-2026,117.0,111.25,111.25,111.25,111.25,111.25,111.25,1,0.0,1,1,100.00
897GS2030,GS,07-Oct-2026,115.0,114.99,114.99,114.99,114.99,114.99,114.99,416,0.48,2,416,100.00
92GS2030,GS,07-Oct-2026,108.99,109.5,109.65,109.1,109.65,109.65,109.37,32908,35.99,15,31232,94.91
A2ZINFRA,EQ,07-Oct-2026,14.0,13.71,14.28,13.71,14.19,14.1,14.04,177440,24.91,1006,55296,31.16
AAATECH,EQ,07-Oct-2026,103.53,103.51,111.0,103.51,107.14,106.79,106.65,416475,444.16,2654,311237,74.73
AADHARHFC,EQ,07-Oct-2026,453.8,451.05,460.25,443.15,457.0,455.05,450.9,218913,987.08,9370,112903,51.57
AAKAAR,SM,07-Oct-2026,65.55,66.0,66.0,66.0,66.0,66.0,66.0,1600,1.06,1,1600,100.00
AAKASH,EQ,07-Oct-2026,8.21,8.21,8.4,8.15,8.38,8.24,8.22,80907,6.65,356,62768,77.58
AARADHYA,ST,07-Oct-2026,124.6,118.7,130.0,118.7,125.0,122.35,124.28,7200,8.95,6,7200,100.00
AAREYDRUGS,EQ,07-Oct-2026,107.85,108.1,110.0,104.48,107.48,108.81,108.6,497489,540.29,1919,409407,82.29
AARNAV,BE,07-Oct-2026,37.31,35.7,37.31,35.7,37.0,37.01,37.0,34793,12.87,69,-,-
AARON,EQ,07-Oct-2026,122.31,123.63,124.0,120.5,122.39,122.5,122.82,6844,8.41,226,5278,77.12
AARTECH,BE,07-Oct-2026,47.33,46.6,48.47,46.51,47.45,47.61,47.41,18917,8.97,93,-,-
AARTIDRUGS,EQ,07-Oct-2026,428.8,425.0,429.95,415.0,418.5,417.55,420.04,147075,617.78,6461,62683,42.62
AARTIIND,EQ,07-Oct-2026,481.15,481.75,492.9,478.4,492.5,491.25,487.52,570690,2782.23,18628,250055,43.82
AARTIPHARM,EQ,07-Oct-2026,975.0,980.05,980.5,950.0,954.0,953.35,961.77,522298,5023.32,36798,239255,45.81
AARTISURF,BE,07-Oct-2026,505.45,504.9,504.95,490.0,493.0,493.35,494.97,4059,20.09,152,-,-
AARVI,EQ,07-Oct-2026,138.82,139.3,141.9,136.0,141.11,140.71,139.99,11004,15.4,225,7636,69.39
AASTHA,EQ,07-Oct-2026,29.54,29.7,31.0,29.62,30.32,30.12,30.3,579923,175.71,2808,260728,44.96
AATMAJ,SM,07-Oct-2026,21.55,21.55,22.4,21.55,22.4,22.05,21.84,10000,2.18,5,10000,100.00
AAVAS,EQ,07-Oct-2026,1215.1,1218.0,1236.6,1194.0,1232.0,1231.7,1221.09,44345,541.49,8918,20259,45.68
ABAN,BE,07-Oct-2026,16.92,17.76,17.76,17.76,17.76,17.76,17.76,21190,3.76,101,-,-
ABANSENT,EQ,07-Oct-2026,27.51,27.51,27.78,26.75,27.67,27.66,27.4,3518,0.96,204,3246,92.27
ABB,EQ,07-Oct-2026,7122.5,7122.5,7122.5,6989.0,7005.0,7005.0,7023.04,133622,9384.33,29524,55141,41.27
ABBOTINDIA,EQ,07-Oct-2026,26115.0,26150.0,26200.0,25950.0,26100.0,26095.0,26058.54,8952,2332.76,2340,6643,74.21
ABCAPITAL,EQ,07-Oct-2026,378.9,377.5,380.2,370.05,372.1,372.1,372.42,4394040,16364.33,43898,2627624,59.80
ABCOTS,EQ,07-Oct-2026,193.34,195.0,195.0,192.0,192.01,192.07,194.47,6530,12.7,68,6143,94.07
ABDL,EQ,07-Oct-2026,714.65,719.6,719.6,690.3,697.0,694.25,703.61,398467,2803.66,14366,232445,58.33
ABFRL,EQ,07-Oct-2026,45.68,45.49,45.55,44.48,44.65,44.62,44.96,4104346,1845.38,16516,1603086,39.06
ABGSEC,EQ,07-Oct-2026,112.93,113.01,113.56,112.99,112.99,112.99,113.4,15,0.02,7,12,80.00
ABH,SM,07-Oct-2026,45.65,47.5,47.9,43.5,47.9,47.85,47.31,63600,30.09,50,46800,73.58
ABHAPOWER,SM,07-Oct-2026,23.05,23.0,23.0,22.0,22.0,22.4,22.59,8000,1.81,5,8000,100.00
ABINFRA,BE,07-Oct-2026,12.25,12.22,12.6,12.11,12.5,12.5,12.47,129565,16.15,230,-,-
ABLBL,EQ,07-Oct-2026,73.16,73.0,76.46,72.61,74.24,73.69,74.8,8210032,6141.29,37461,6054377,73.74
ABMINTLLTD,BE,07-Oct-2026,43.31,43.0,43.0,41.16,41.16,41.16,41.94,567,0.24,19,-,-
ABMKNO,EQ,07-Oct-2026,165.87,165.87,169.99,164.0,169.0,169.0,168.14,482,0.81,24,372,77.18
ABREL,EQ,07-Oct-2026,1078.0,1080.9,1090.0,1040.2,1043.7,1049.4,1060.79,209940,2227.03,22579,106928,50.93
ABSL10BANK,EQ,07-Oct-2026,163.1,163.61,163.61,163.61,163.61,163.61,163.61,1,0.0,1,1,100.00
ABSLAMC,EQ,07-Oct-2026,1009.65,1009.65,1040.4,1009.65,1014.0,1015.5,1029.9,201360,2073.8,26654,106319,52.80
ABSLBANETF,EQ,07-Oct-2026,56.46,56.15,56.8,56.15,56.38,56.5,56.58,274613,155.38,1160,257010,93.59
ABSLLIQUID,EQ,07-Oct-2026,999.99,999.99,1000.01,999.99,999.99,999.99,1000.0,7796,77.96,25,6952,89.17
ABSLMSCIN,EQ,07-Oct-2026,27.82,27.71,28.0,27.71,27.89,27.89,27.92,2595,0.72,24,2437,93.91
ABSLNN50ET,EQ,07-Oct-2026,75.28,75.17,75.17,73.1,73.99,73.35,73.47,30721,22.57,352,17429,56.73
ABSLPSE,EQ,07-Oct-2026,9.75,9.97,9.97,9.63,9.68,9.65,9.67,54550,5.28,465,35373,64.85
ABSMARINE,SM,07-Oct-2026,325.6,323.05,328.05,322.0,326.55,324.35,324.33,29000,94.06,52,21000,72.41
ACC,EQ,07-Oct-2026,1177.0,1180.0,1182.7,1160.1,1161.2,1165.5,1169.18,95185,1112.88,10855,52534,55.19
ACCELYA,EQ,07-Oct-2026,1097.5,1102.8,1108.5,1097.0,1099.0,1100.1,1100.53,50002,550.29,3084,31750,63.50
ACCENTMIC,SM,07-Oct-2026,662.8,673.7,673.7,665.5,665.5,666.65,667.99,47000,313.96,87,38500,81.91
ACCPL,ST,07-Oct-2026,193.95,186.0,186.0,184.3,185.3,185.3,184.64,42000,77.55,32,37200,88.57
ACCURACY,EQ,07-Oct-2026,4.1,4.08,4.19,3.97,4.18,4.17,4.12,106788,4.4,287,85662,80.22
ACE,EQ,07-Oct-2026,1252.2,1251.0,1263.0,1235.9,1248.8,1249.9,1252.26,245926,3079.64,20719,114770,46.67
ACEINTEG,EQ,07-Oct-2026,17.03,17.35,17.35,16.37,16.8,16.84,16.95,885,0.15,87,439,49.60
ACEVECTOR,EQ,07-Oct-2026,25.93,25.8,31.11,25.27,31.11,31.11,29.39,66714951,19609.11,92049,16278352,24.40
ACGL,EQ,07-Oct-2026,1723.7,1740.0,1784.3,1696.5,1698.7,1703.8,1731.29,481,8.33,204,392,81.50
ACI,EQ,07-Oct-2026,474.5,471.4,478.05,466.85,478.0,476.2,473.85,110914,525.57,6467,49507,44.64
ACL,EQ,07-Oct-2026,39.67,39.94,39.94,39.2,39.39,39.41,39.44,2786,1.1,243,2340,83.99
ACMESOLAR,EQ,07-Oct-2026,448.2,450.0,450.0,433.4,436.5,436.15,436.74,813273,3551.91,37346,391691,48.16
ACSTECH,BE,07-Oct-2026,74.78,73.29,73.29,73.29,73.29,73.29,73.29,52938,38.8,60,-,-
ACUTAAS,EQ,07-Oct-2026,3156.7,3160.0,3194.1,3136.1,3168.6,3174.2,3159.67,209529,6620.42,28199,100205,47.82
ADANIENSOL,EQ,07-Oct-2026,1350.1,1349.9,1370.5,1305.1,1318.8,1318.8,1333.55,1468657,19585.31,48249,512111,34.87
ADANIENT,EQ,07-Oct-2026,2849.9,2827.0,2848.3,2732.0,2743.0,2743.0,2766.28,1738033,48078.79,63714,833459,47.95
ADANIGREEN,EQ,07-Oct-2026,1313.0,1313.0,1377.8,1310.7,1341.4,1341.4,1355.03,6420423,86998.54,124425,2590539,40.35
ADANIPORTS,EQ,07-Oct-2026,1783.4,1782.5,1786.0,1739.4,1750.1,1750.1,1763.6,1187835,20948.61,59427,585009,49.25
ADANIPOWER,EQ,07-Oct-2026,202.4,202.0,203.45,196.0,196.94,196.94,198.5,18844725,37407.42,91396,8294027,44.01
ADDICTIVE,ST,07-Oct-2026,41.8,42.85,42.85,42.4,42.8,42.8,42.72,5000,2.14,8,5000,100.00
ADDIND,EQ,07-Oct-2026,78.9,80.48,81.0,71.65,71.65,73.88,78.24,315,0.25,16,297,94.29
ADFFOODS,EQ,07-Oct-2026,293.1,295.0,297.9,290.35,291.1,291.7,293.28,217579,638.12,5713,110596,50.83
ADISOFT,SM,07-Oct-2026,301.65,304.0,322.65,301.0,308.6,306.85,308.29,128800,397.08,154,88800,68.94
ADL,EQ,07-Oct-2026,76.2,76.2,76.2,71.23,72.29,72.29,72.3,443,0.32,25,383,86.46
ADOR,EQ,07-Oct-2026,1535.0,1549.8,1574.9,1517.0,1560.0,1552.1,1548.1,26360,408.08,3731,12372,46.93
ADROITIND,BE,07-Oct-2026,212.99,207.1,223.63,202.35,223.63,223.63,210.51,1992820,4195.0,15397,-,-
ADROITINFO,BE,07-Oct-2026,12.59,11.97,12.21,11.97,11.97,11.97,11.98,249385,29.88,370,-,-
ADSL,EQ,07-Oct-2026,103.82,102.39,104.28,101.32,102.25,102.04,102.61,137109,140.69,2751,57415,41.88
ADVAIT,EQ,07-Oct-2026,1946.9,1958.0,1958.0,1883.2,1920.0,1910.8,1911.16,29825,570.0,5436,13529,45.36
ADVANCE,EQ,07-Oct-2026,117.76,118.34,120.0,115.28,118.61,117.49,117.26,100984,118.42,1152,64667,64.04
ADVANIHOTR,EQ,07-Oct-2026,47.51,47.94,48.4,47.5,48.16,47.91,47.99,14589,7.0,373,11217,76.89
ADVENTHTL,EQ,07-Oct-2026,122.21,122.5,125.45,120.15,122.5,121.77,123.14,121576,149.71,2870,55015,45.25
ADVENZYMES,EQ,07-Oct-2026,273.1,273.1,274.95,269.25,271.6,270.05,271.49,186349,505.92,4781,106836,57.33
ADVIKCA,EQ,07-Oct-2026,0.99,0.99,1.01,0.95,0.98,0.98,0.98,559603,5.46,342,407283,72.78
AEGISLOG,EQ,07-Oct-2026,1395.9,1399.1,1481.0,1383.4,1463.7,1460.2,1450.3,1713087,24844.85,82476,499524,29.16
AEGISVOPAK,EQ,07-Oct-2026,293.35,294.0,301.8,290.5,294.0,294.25,297.21,1371001,4074.81,29365,520851,37.99
AEPL,EQ,07-Oct-2026,15.2,14.66,15.8,14.66,15.04,15.04,15.17,37730,5.72,136,31598,83.75
AEQUS,EQ,07-Oct-2026,286.1,284.75,292.15,278.55,287.0,288.15,285.24,4796952,13682.67,55798,2041411,42.56
AEROENTER,EQ,07-Oct-2026,132.56,131.9,131.9,128.2,128.5,129.01,129.73,422833,548.54,5519,212354,50.22
AEROFLEX,EQ,07-Oct-2026,560.75,566.4,567.0,550.35,564.2,563.85,559.7,1019697,5707.27,27001,305724,29.98
AERON,SM,07-Oct-2026,84.0,87.5,88.75,87.05,87.05,87.5,88.11,38000,33.48,38,32000,84.21
AERONEU,EQ,07-Oct-2026,69.97,69.5,71.0,69.31,70.0,70.21,70.22,40034,28.11,280,36386,90.89
AEROPLANE,EQ,07-Oct-2026,209.24,208.4,219.7,208.4,219.7,218.44,215.3,1610248,3466.8,16167,961766,59.73
AESTHETIK,SM,07-Oct-2026,67.05,67.05,67.05,67.0,67.0,67.0,67.02,6000,4.02,5,6000,100.00
AETHER,EQ,07-Oct-2026,1799.8,1781.1,1807.9,1770.5,1783.0,1787.6,1790.35,273746,4901.01,23919,102966,37.61
AFCONS,EQ,07-Oct-2026,242.15,240.95,245.7,240.17,243.11,244.38,243.48,230744,561.81,6863,70338,30.48
AFFLE,EQ,07-Oct-2026,1450.2,1450.2,1453.0,1428.0,1436.0,1436.0,1440.0,116544,1678.23,13467,61438,52.72
AFFORDABLE,EQ,07-Oct-2026,163.67,163.0,168.0,161.86,166.0,165.3,164.79,6653,10.96,435,3712,55.79
AFIL,EQ,07-Oct-2026,7.9,7.93,7.95,6.95,7.64,7.54,7.43,1086225,80.66,1663,621540,57.22
AFSL,EQ,07-Oct-2026,201.0,201.01,202.5,201.0,201.0,201.0,201.17,1915,3.85,70,1045,54.57
AGARIND,EQ,07-Oct-2026,396.5,396.5,397.35,387.55,388.0,388.9,391.86,18567,72.76,1204,9284,50.00
AGARWALEYE,EQ,07-Oct-2026,486.85,480.25,490.0,479.1,485.85,483.25,483.5,199969,966.85,13344,114462,57.24
AGARWALTUF,SM,07-Oct-2026,175.55,174.0,181.0,172.05,178.25,175.55,175.21,157200,275.43,71,70800,45.04
AGASTYAEN,BE,07-Oct-2026,66.8,65.47,65.47,65.47,65.47,65.47,65.47,50798,33.26,127,-,-
AGI,EQ,07-Oct-2026,786.4,786.0,795.75,773.3,782.0,787.5,785.38,85348,670.31,7303,46085,54.00
AGIIL,EQ,07-Oct-2026,259.1,259.0,259.65,255.3,257.15,257.15,257.45,199474,513.54,3510,80834,40.52
AGL,EQ,07-Oct-2026,12.77,12.71,13.13,12.51,12.71,12.63,12.78,853864,109.1,2406,389977,45.67
AGNI,SM,07-Oct-2026,14.3,14.1,14.5,14.1,14.3,14.3,14.28,15000,2.14,6,15000,100.00
AGRITECH,EQ,07-Oct-2026,87.68,89.99,89.99,86.15,86.85,87.1,87.31,4222,3.69,101,2177,51.56
AGROPHOS,EQ,07-Oct-2026,21.92,21.92,23.97,21.92,23.5,23.38,23.14,29816,6.9,233,24514,82.22
AGSTRA,BZ,07-Oct-2026,2.45,2.41,2.41,2.41,2.41,2.41,2.41,20746,0.5,64,-,-
AHCL,EQ,07-Oct-2026,29.66,28.18,28.18,28.18,28.18,28.18,28.18,2139001,602.77,3139,2139001,100.00
AHLADA,EQ,07-Oct-2026,38.33,39.78,39.79,35.75,38.8,38.8,37.63,9920,3.73,142,1138,11.47
AHLEAST,EQ,07-Oct-2026,135.74,134.16,138.88,134.15,136.0,134.95,136.03,804,1.09,29,133,16.54
AHLUCONT,EQ,07-Oct-2026,576.05,574.95,574.95,558.0,559.75,561.5,564.88,28075,158.59,2814,14391,51.26
AHLWEST,BE,07-Oct-2026,545.0,554.95,554.95,540.0,549.95,549.95,548.89,292,1.6,10,-,-
AIAENG,EQ,07-Oct-2026,3914.7,3933.0,3933.0,3825.6,3870.0,3858.0,3871.45,45135,1747.38,13057,23790,52.71
AIIL,EQ,07-Oct-2026,550.15,554.7,555.8,545.45,550.5,549.65,551.47,81517,449.54,6422,36740,45.07
AILIMITED,SM,07-Oct-2026,14.85,14.3,14.3,14.3,14.3,14.3,14.3,3000,0.43,1,3000,100.00
AIMTRON,SM,07-Oct-2026,1900.9,1900.9,1920.0,1823.0,1835.0,1835.9,1859.51,34200,635.95,155,19600,57.31
AIRAN,EQ,07-Oct-2026,15.4,15.4,15.77,15.12,15.43,15.32,15.38,45744,7.04,249,40471,88.47
AIROLAM,EQ,07-Oct-2026,88.29,88.02,95.11,88.02,90.0,91.07,93.36,15611,14.57,317,6524,41.79
AISL,SM,07-Oct-2026,73.6,76.95,77.25,74.0,74.0,74.05,75.1,28200,21.18,22,28200,100.00
AJANTPHARM,EQ,07-Oct-2026,3573.4,3573.4,3611.0,3529.3,3570.0,3569.8,3579.41,93213,3336.48,25941,49080,52.65
AJAXENGG,EQ,07-Oct-2026,585.85,589.0,589.0,579.0,584.6,582.75,583.17,33509,195.41,3877,16397,48.93
AJMERA,EQ,07-Oct-2026,116.24,116.5,118.85,115.01,117.8,117.99,117.35,151319,177.57,2097,96593,63.83
AJOONI,EQ,07-Oct-2026,3.08,3.06,3.11,2.95,3.01,3.01,3.02,1091559,32.91,870,806458,73.88
AKANKSHA,SM,07-Oct-2026,182.2,182.0,191.0,178.05,189.0,190.0,187.82,225000,422.59,176,140000,62.22
AKASH,EQ,07-Oct-2026,24.81,25.15,25.9,24.4,24.62,24.66,25.07,5765,1.45,50,2036,35.32
AKCAPIT,EQ,07-Oct-2026,1709.1,1730.0,1751.0,1689.4,1740.0,1747.2,1730.89,683,11.82,49,660,96.63
AKG,EQ,07-Oct-2026,9.38,9.42,9.46,9.32,9.39,9.38,9.37,30881,2.89,87,27475,88.97
AKI,BE,07-Oct-2026,6.01,6.05,6.24,5.9,6.1,6.01,6.08,264827,16.11,227,-,-
AKIKO,SM,07-Oct-2026,420.0,408.0,421.0,405.0,415.0,413.0,411.66,12000,49.4,15,8000,66.67
AKSHAR,EQ,07-Oct-2026,0.41,0.41,0.43,0.41,0.43,0.42,0.42,1144299,4.8,227,909924,79.52
AKSHARCHEM,BE,07-Oct-2026,374.2,370.0,386.0,370.0,379.95,374.3,376.44,1722,6.48,57,-,-
AKSHOPTFBR,BE,07-Oct-2026,7.37,7.69,7.73,7.68,7.73,7.73,7.72,339881,26.25,325,-,-
AKUMS,EQ,07-Oct-2026,814.65,819.8,833.0,814.65,826.5,822.55,824.42,153950,1269.2,11753,69263,44.99
ALANKIT,EQ,07-Oct-2026,7.58,7.58,8.25,7.55,7.72,7.71,7.76,177413,13.77,447,134499,75.81
ALBERTDAVD,EQ,07-Oct-2026,839.1,827.3,838.55,807.2,810.0,812.75,818.06,4818,39.41,434,3733,77.48
ALEMBICLTD,EQ,07-Oct-2026,104.99,105.0,105.28,102.81,103.39,103.57,103.9,360068,374.11,4757,181683,50.46
ALFREDHE,EQ,07-Oct-2026,2750.0,2727.2,2770.0,2727.2,2769.6,2769.6,2745.4,10,0.27,7,10,100.00
ALGOQUANT,EQ,07-Oct-2026,70.56,70.56,73.73,69.37,70.0,70.2,71.43,1930088,1378.68,7460,661110,34.25
ALICON,EQ,07-Oct-2026,866.9,871.2,909.0,855.0,906.05,901.4,888.9,131461,1168.56,10877,57114,43.45
ALIVUS,EQ,07-Oct-2026,1384.0,1389.9,1389.9,1361.6,1380.0,1370.2,1375.45,79355,1091.49,12369,43202,54.44
ALKALI,BE,07-Oct-2026,85.88,86.3,90.17,86.3,89.98,88.71,88.95,18019,16.03,161,-,-
ALKEM,EQ,07-Oct-2026,5292.0,5297.0,5404.5,5292.0,5350.5,5350.5,5348.98,205152,10973.54,22033,122172,59.55
ALKYLAMINE,EQ,07-Oct-2026,1962.2,1925.2,1930.0,1886.1,1906.5,1918.9,1908.0,189986,3624.93,20644,27902,14.69
ALLCARGO,EQ,07-Oct-2026,10.5,10.5,10.52,10.22,10.31,10.28,10.33,3180670,328.61,4490,1722183,54.15
ALLDIGI,EQ,07-Oct-2026,768.1,772.1,790.0,768.65,786.0,783.8,780.35,4506,35.16,560,2384,52.91
ALLETEC,SM,07-Oct-2026,121.5,121.5,123.3,119.0,120.0,119.45,119.96,24800,29.75,52,18800,75.81
ALLTIME,EQ,07-Oct-2026,184.36,184.79,188.8,181.55,184.03,184.43,184.28,66197,121.99,1994,31158,47.07
ALMONDZ,BE,07-Oct-2026,19.85,20.0,20.71,19.01,19.99,19.54,19.87,133115,26.45,239,-,-
ALOKINDS,EQ,07-Oct-2026,7.83,8.0,8.5,7.95,8.29,8.29,8.28,63108260,5224.63,97443,18207349,28.85
ALPA,EQ,07-Oct-2026,58.73,59.0,59.68,57.42,58.0,57.71,58.09,8674,5.04,252,4379,50.48
ALPEXSOLAR,SM,07-Oct-2026,814.15,802.3,822.95,792.55,813.95,815.1,808.49,24200,195.65,188,15000,61.98
ALPHA,EQ,07-Oct-2026,52.7,52.78,53.0,52.25,52.91,52.84,52.77,1387540,732.2,11774,927911,66.87
ALPHAETF,EQ,07-Oct-2026,25.61,25.37,25.61,25.37,25.5,25.49,25.5,221770,56.55,804,123205,55.56
ALPHAGEO,BE,07-Oct-2026,251.15,253.9,259.5,253.8,254.0,254.3,254.99,3599,9.18,87,-,-
ALPINETEX,EQ,07-Oct-2026,46.44,45.79,47.59,45.79,46.15,46.04,46.61,107857,50.27,2120,52233,48.43
ALPL30IETF,EQ,07-Oct-2026,25.98,25.97,25.99,25.71,25.95,25.78,25.8,122033,31.49,970,82652,67.73
ALUFLUOR,EQ,07-Oct-2026,619.45,617.25,658.95,609.7,650.8,649.15,641.01,22254,142.65,1427,16217,72.87
ALUWIND,SM,07-Oct-2026,48.5,48.5,48.5,48.0,48.0,48.0,48.24,12000,5.79,8,10500,87.50
AMAGI,EQ,07-Oct-2026,564.15,558.55,568.95,557.2,560.1,561.45,561.46,140264,787.52,10001,76930,54.85
AMAL,EQ,07-Oct-2026,753.7,754.95,817.0,753.7,796.0,798.05,795.19,69704,554.28,4559,38016,54.54
AMANTA,BE,07-Oct-2026,197.68,196.98,207.56,191.0,207.0,207.08,206.03,187306,385.9,614,-,-
AMARJOTHI,EQ,07-Oct-2026,149.05,150.45,150.45,147.05,147.12,147.12,149.83,636,0.95,32,524,82.39
AMBAAUTO,SM,07-Oct-2026,110.0,113.75,113.75,110.2,112.3,111.25,112.2,13000,14.59,12,6000,46.15
AMBALALSA,BE,07-Oct-2026,38.55,38.55,40.47,38.11,40.47,40.47,39.86,55446,22.1,190,-,-
AMBANIORGO,SM,07-Oct-2026,115.05,119.5,120.8,119.5,120.8,120.8,120.36,5000,6.02,4,5000,100.00
AMBER,EQ,07-Oct-2026,6869.0,6810.0,6925.0,6767.5,6925.0,6925.0,6853.63,91287,6256.48,16423,33794,37.02
AMBICAAGAR,EQ,07-Oct-2026,24.42,24.1,25.25,23.0,23.99,23.53,23.61,15438,3.64,321,11453,74.19
AMBIKCO,EQ,07-Oct-2026,1532.7,1535.1,1554.0,1495.0,1503.0,1504.9,1508.64,5825,87.88,821,3793,65.12
AMBUJACEM,EQ,07-Oct-2026,361.55,362.4,362.75,352.45,356.9,356.9,356.35,3466426,12352.51,51715,1977216,57.04
AMCL,SM,07-Oct-2026,376.2,378.0,378.0,364.0,373.9,370.15,371.53,30800,114.43,41,28800,93.51
AMDIND,BE,07-Oct-2026,52.73,52.98,52.99,52.36,52.36,52.37,52.63,4737,2.49,90,-,-
AMEYA,SM,07-Oct-2026,147.9,145.0,155.25,145.0,155.25,154.7,149.33,21000,31.36,19,21000,100.00
AMJLAND,EQ,07-Oct-2026,37.66,38.0,38.0,36.81,37.01,37.35,37.22,1369,0.51,89,1086,79.33
AMNPLST,EQ,07-Oct-2026,186.92,185.61,185.61,170.4,173.0,172.6,175.6,40282,70.73,1161,21950,54.49
AMRUTANJAN,EQ,07-Oct-2026,523.7,522.0,526.95,517.0,520.0,521.55,521.17,21130,110.12,1210,13737,65.01
ANANDRATHI,EQ,07-Oct-2026,2142.0,2149.0,2167.5,2120.9,2127.2,2127.2,2141.92,282649,6054.13,19597,121004,42.81
ANANTAM,IV,07-Oct-2026,102.99,103.0,103.0,102.96,103.0,103.0,103.0,91158,93.89,116,90658,99.45
ANANTRAJ,EQ,07-Oct-2026,608.9,613.7,622.55,601.55,611.5,612.15,613.81,2034133,12485.63,42737,611619,30.07
ANAWIL,SM,07-Oct-2026,397.4,400.0,438.0,400.0,436.9,433.2,422.12,216400,913.46,490,149600,69.13
ANDHRAPAP,EQ,07-Oct-2026,70.48,70.82,70.98,69.85,70.0,70.07,70.26,190578,133.89,2457,97972,51.41
ANDHRSUGAR,EQ,07-Oct-2026,94.42,94.56,95.95,92.8,93.45,93.37,93.79,274458,257.41,5490,88673,32.31
ANDREWYU,EQ,07-Oct-2026,24.95,25.0,25.29,24.31,24.54,24.63,24.66,138603,34.18,1008,120040,86.61
ANGELONE,EQ,07-Oct-2026,295.0,293.5,306.25,291.25,302.0,302.0,300.98,13538340,40747.5,84641,4663769,34.45
ANIKINDS,EQ,07-Oct-2026,45.4,46.0,47.77,44.83,45.0,45.65,46.22,14635,6.76,368,9879,67.50
ANKITMETAL,BZ,07-Oct-2026,2.26,2.37,2.37,2.37,2.37,2.37,2.37,29694,0.7,25,-,-
ANLON,SM,07-Oct-2026,765.0,764.0,790.0,744.0,788.0,788.0,761.09,8000,60.89,19,4800,60.00
ANMOL,BE,07-Oct-2026,13.13,13.13,13.13,12.81,13.0,13.03,13.04,12065,1.57,98,-,-
ANNAPURNA,EQ,07-Oct-2026,130.35,131.6,131.6,129.0,130.0,129.4,129.92,40448,52.55,436,35341,87.37
ANNU,EQ,07-Oct-2026,44.33,44.4,46.0,43.84,45.99,45.53,45.16,414110,187.01,4638,194491,46.97
ANONDITA,SM,07-Oct-2026,1075.3,1084.8,1084.8,1040.0,1075.0,1070.8,1063.99,56000,595.84,227,33400,59.64
ANSALAPI,BZ,07-Oct-2026,3.92,3.85,3.95,3.85,3.85,3.85,3.88,10870,0.42,46,-,-
ANSALBU,EQ,07-Oct-2026,85.57,84.81,86.9,82.3,84.5,84.5,84.76,2446,2.07,76,1709,69.87
ANTELOPUS,EQ,07-Oct-2026,1100.6,1113.9,1160.0,1107.7,1132.0,1130.2,1137.91,378318,4304.92,19077,89387,23.63
ANTGRAPHIC,EQ,07-Oct-2026,0.69,0.69,0.71,0.69,0.7,0.7,0.7,46847,0.33,137,33495,71.50
ANTHEM,EQ,07-Oct-2026,890.35,892.0,892.9,881.3,887.05,887.05,886.64,163476,1449.44,11388,80439,49.21
ANUHPHR,EQ,07-Oct-2026,87.57,87.98,88.0,85.0,86.09,85.51,86.11,52996,45.64,1607,30080,56.76
ANUP,EQ,07-Oct-2026,1575.9,1575.0,1577.0,1535.0,1546.0,1547.0,1554.44,11000,170.99,2538,5886,53.51
ANURAS,EQ,07-Oct-2026,1170.2,1166.0,1172.0,1159.5,1163.7,1165.1,1164.73,55559,647.11,5670,32680,58.82
ANZEN,IV,07-Oct-2026,131.0,131.0,131.2,129.0,129.0,129.87,130.56,175000,228.48,7,150000,85.71
AONEGOLD,EQ,07-Oct-2026,13.69,13.72,13.78,13.65,13.71,13.69,13.7,135587,18.58,1580,71842,52.99
AONELIQUID,EQ,07-Oct-2026,1079.86,1080.02,1080.03,1080.0,1080.03,1080.02,1080.02,14450,156.06,164,9208,63.72
AONENIFTY,EQ,07-Oct-2026,9.39,9.62,9.62,9.32,9.36,9.34,9.35,124121,11.61,1014,118481,95.46
AONESILVER,EQ,07-Oct-2026,8.4,8.44,8.44,8.35,8.37,8.36,8.39,214616,18.0,1382,114096,53.16
AONESTEELS,EQ,07-Oct-2026,384.8,387.95,425.0,379.25,417.8,420.35,408.39,1184043,4835.46,35956,332539,28.09
AONETMMQ50,EQ,07-Oct-2026,10.01,10.06,10.06,9.91,10.04,10.0,9.99,367797,36.75,255,324116,88.12
AONETOTAL,EQ,07-Oct-2026,11.37,11.48,11.48,11.27,11.33,11.3,11.33,95992,10.88,935,58267,60.70
APARINDS,EQ,07-Oct-2026,18016.0,18200.0,18308.0,17960.0,18160.0,18160.0,18146.34,106708,19363.59,36125,43784,41.03
APCL,EQ,07-Oct-2026,93.58,95.0,95.0,92.6,92.6,92.64,93.08,3852,3.59,91,2560,66.46
APCOTEXIND,EQ,07-Oct-2026,610.7,608.1,608.6,585.5,592.4,592.7,594.34,78154,464.5,5754,31539,40.35
APEX,EQ,07-Oct-2026,339.8,339.8,345.0,332.5,343.0,343.4,341.4,86812,296.38,4595,25017,28.82
APEXECO,ST,07-Oct-2026,253.65,252.4,258.0,251.0,252.0,253.15,255.07,12000,30.61,15,12000,100.00
APLAPOLLO,EQ,07-Oct-2026,2152.0,2128.6,2156.5,2115.1,2135.0,2135.0,2130.29,613418,13067.61,29882,372982,60.80
APLLTD,EQ,07-Oct-2026,834.2,834.1,839.0,821.25,832.3,833.8,831.1,135889,1129.37,17948,88733,65.30
APOLLO,EQ,07-Oct-2026,408.05,407.25,422.45,405.0,412.0,414.75,417.45,9053893,37795.27,83470,2894300,31.97
APOLLOHOSP,EQ,07-Oct-2026,7914.5,7850.0,7917.0,7822.0,7917.0,7917.0,7875.6,545499,42961.33,64756,349476,64.07
APOLLOPIPE,EQ,07-Oct-2026,529.8,530.65,539.0,521.0,531.0,531.45,528.73,90308,477.49,2944,45952,50.88
APOLLOTYRE,EQ,07-Oct-2026,401.55,397.7,408.15,397.05,407.0,407.6,404.57,546102,2209.36,20371,250947,45.95
APOLSINHOT,EQ,07-Oct-2026,1174.7,1205.9,1205.9,1173.0,1185.0,1178.3,1180.17,270,3.19,41,225,83.33
APRAMEYA,SM,07-Oct-2026,106.35,114.5,118.0,110.05,114.4,114.3,114.83,12000,13.78,22,8500,70.83
APS,SM,07-Oct-2026,228.4,227.0,230.5,224.05,230.0,230.0,229.01,3500,8.02,14,3000,85.71
APSISAERO,ST,07-Oct-2026,554.4,555.0,582.1,555.0,582.1,582.1,570.32,66000,376.41,37,66000,100.00
APTECHT,EQ,07-Oct-2026,88.19,88.5,88.5,86.02,86.5,86.87,87.27,57268,49.98,1675,29057,50.74
APTUS,EQ,07-Oct-2026,223.9,223.35,224.5,217.29,219.1,219.46,220.08,1540789,3391.0,41102,960439,62.33
AQYLON,EQ,07-Oct-2026,15.46,15.98,16.1,15.35,15.97,15.79,15.75,280496,44.17,926,171382,61.10
ARABIAN,SM,07-Oct-2026,104.1,103.95,106.0,102.5,102.5,102.5,103.97,26000,27.03,10,24000,92.31
ARCHIDPLY,EQ,07-Oct-2026,101.67,102.52,103.4,100.61,102.05,102.73,102.14,10266,10.49,131,7846,76.43
ARCHIES,EQ,07-Oct-2026,12.24,12.3,12.5,12.11,12.46,12.42,12.29,3247,0.4,53,2410,74.22
ARCIIL,SM,07-Oct-2026,32.65,34.25,34.25,31.1,32.5,32.5,32.06,6000,1.92,6,4000,66.67
ARCIL,EQ,07-Oct-2026,145.74,149.0,160.31,148.0,160.31,160.31,157.48,15925021,25079.49,91133,4293971,26.96
ARCL,EQ,07-Oct-2026,226.99,230.0,236.99,224.0,229.99,229.99,232.04,1021,2.37,54,844,82.66
ARDEE,EQ,07-Oct-2026,50.22,50.0,51.0,49.29,50.7,50.79,50.32,1828318,919.96,9484,594933,32.54
ARE&M,EQ,07-Oct-2026,742.9,744.0,745.0,729.75,732.0,733.25,734.83,347787,2555.65,23868,186700,53.68
ARENTERP,EQ,07-Oct-2026,33.89,33.89,33.89,32.1,33.25,32.44,32.52,2252,0.73,40,1174,52.13
ARFIN,EQ,07-Oct-2026,96.36,98.5,104.0,97.7,103.1,103.06,101.23,11566941,11708.83,51683,2155789,18.64
ARHAM,SM,07-Oct-2026,206.3,205.0,205.0,191.05,193.5,198.85,199.32,115000,229.21,90,72000,62.61
ARIES,BE,07-Oct-2026,499.0,509.3,509.3,493.05,497.0,494.55,497.4,8114,40.36,167,-,-
ARIHANT,EQ,07-Oct-2026,914.9,930.0,940.0,920.0,930.0,929.9,930.4,1486,13.83,117,1068,71.87
ARIHANTACA,SM,07-Oct-2026,515.0,230.0,230.0,230.0,230.0,230.0,230.0,2400,5.52,2,2400,100.00
ARIHANTCAP,EQ,07-Oct-2026,94.13,94.49,98.0,93.43,96.6,97.38,96.68,1292989,1250.1,10114,544129,42.08
ARIHANTSUP,EQ,07-Oct-2026,220.26,220.0,237.0,219.99,230.1,231.18,230.87,5577,12.88,177,4459,79.95
ARIS,EQ,07-Oct-2026,143.66,143.66,144.5,139.72,143.0,142.31,142.48,1545690,2202.34,12635,378901,24.51
ARISTO,SM,07-Oct-2026,91.75,94.0,94.0,94.0,94.0,94.0,94.0,800,0.75,1,800,100.00
ARKADE,EQ,07-Oct-2026,121.24,120.51,122.48,119.1,119.5,119.73,120.53,112810,135.97,1454,49691,44.05
ARMANFIN,EQ,07-Oct-2026,1743.7,1742.9,1750.9,1716.0,1732.0,1741.2,1731.92,19584,339.18,2620,10001,51.07
ARMEE,EQ,07-Oct-2026,271.05,273.95,273.95,263.05,268.25,269.95,267.52,959155,2565.95,14587,332379,34.65
ARMOUR,SM,07-Oct-2026,21.15,20.0,21.45,18.1,21.45,19.75,19.89,8000,1.59,3,8000,100.00
AROGRANITE,EQ,07-Oct-2026,22.97,23.08,23.15,22.41,22.42,22.53,22.64,3406,0.77,60,3133,91.98
ARROWGREEN,EQ,07-Oct-2026,891.75,896.15,905.8,887.65,889.0,893.35,895.96,19826,177.63,1932,10957,55.27
ARSHIYA,BZ,07-Oct-2026,0.82,0.8,0.85,0.8,0.84,0.84,0.81,46034,0.37,47,-,-
ARSSBL,EQ,07-Oct-2026,551.55,551.5,574.7,545.1,571.0,571.15,565.8,606937,3434.04,16673,294179,48.47
ARTEMISMED,EQ,07-Oct-2026,318.35,316.0,323.15,316.0,318.1,318.3,319.05,249720,796.72,17308,130936,52.43
ARUNAYA,SM,07-Oct-2026,13.9,13.8,13.8,13.8,13.8,13.8,13.8,2000,0.28,1,2000,100.00
ARVEE,EQ,07-Oct-2026,216.89,211.5,217.95,209.01,209.7,211.79,213.21,5579,11.89,288,2930,52.52
ARVIND,EQ,07-Oct-2026,534.65,534.65,535.5,526.3,528.4,529.3,530.56,382759,2030.75,19583,201413,52.62
ARVINDFASN,EQ,07-Oct-2026,406.4,405.0,408.8,396.0,401.0,397.95,401.79,139446,560.28,14696,64408,46.19
ARVINDPORT,SM,07-Oct-2026,31.4,31.1,31.6,31.1,31.6,31.6,31.35,3000,0.94,2,1500,50.00
ARVSMART,EQ,07-Oct-2026,603.8,600.45,618.45,597.2,610.1,612.5,610.22,102437,625.09,2852,34062,33.25
ARYAMAN,EQ,07-Oct-2026,620.9,620.0,620.0,605.0,610.0,610.0,608.85,91,0.55,7,72,79.12
ASAHIINDIA,EQ,07-Oct-2026,956.95,961.0,981.5,950.0,976.0,976.25,970.09,142786,1385.15,15250,57286,40.12
ASAHISONG,BE,07-Oct-2026,369.95,375.95,387.4,372.1,378.0,376.4,379.71,7948,30.18,112,-,-
ASAL,EQ,07-Oct-2026,426.2,426.2,430.5,420.05,426.6,423.3,423.99,9378,39.76,543,6890,73.47
ASALCBR,EQ,07-Oct-2026,598.7,595.0,600.0,586.0,592.0,590.1,595.0,22603,134.49,1424,14406,63.73
ASHALOG,SM,07-Oct-2026,61.5,61.55,65.0,61.55,63.85,63.85,63.69,42000,26.75,17,39000,92.86
ASHAPURMIN,EQ,07-Oct-2026,502.9,500.0,504.9,479.5,492.5,488.0,486.77,732922,3567.62,25184,348810,47.59
ASHIANA,EQ,07-Oct-2026,382.95,385.0,385.0,376.0,379.15,379.2,380.08,18452,70.13,1029,11057,59.92
ASHIKAG,BE,07-Oct-2026,389.4,380.1,394.3,380.1,390.0,386.9,387.33,61633,238.72,332,-,-
ASHIMASYN,EQ,07-Oct-2026,14.88,15.1,15.1,14.07,14.5,14.51,14.55,127326,18.52,531,81476,63.99
ASHOKA,EQ,07-Oct-2026,106.42,106.4,106.8,103.75,103.97,104.03,104.8,569916,597.29,6308,286888,50.34
ASHOKAMET,EQ,07-Oct-2026,14.71,14.64,14.98,14.42,14.6,14.61,14.71,15077,2.22,165,7793,51.69
ASHOKLEY,EQ,07-Oct-2026,153.7,152.91,153.41,148.64,149.2,149.2,150.19,11928149,17914.47,94533,4793128,40.18
ASHUTOSH,SM,07-Oct-2026,138.95,139.1,147.4,139.1,143.5,143.15,144.07,99600,143.5,81,61200,61.45
ASHWINI,SM,07-Oct-2026,165.0,163.0,163.0,163.0,163.0,163.0,163.0,1000,1.63,1,1000,100.00
ASIANENE,EQ,07-Oct-2026,463.75,465.6,484.0,459.25,481.0,480.15,473.47,246810,1168.58,10286,113528,46.00
ASIANHOTNR,EQ,07-Oct-2026,328.65,331.0,335.05,325.25,329.85,330.25,331.21,6603,21.87,277,3207,48.57
ASIANPAINT,EQ,07-Oct-2026,2424.2,2371.8,2403.2,2360.2,2372.1,2372.1,2373.83,522763,12409.49,43604,270675,51.78
ASIANTILES,EQ,07-Oct-2026,48.1,47.8,48.69,47.1,47.85,47.19,47.48,299617,142.25,1732,140679,46.95
ASIANTNE,EQ,07-Oct-2026,9.06,9.2,9.25,8.5,9.15,9.07,9.0,31919,2.87,98,27040,84.71
ASKAUTOLTD,EQ,07-Oct-2026,609.75,606.75,632.7,602.0,627.0,626.55,621.76,298688,1857.11,21017,116012,38.84
ASMS,EQ,07-Oct-2026,5.98,6.09,6.09,5.8,5.94,5.95,5.96,159330,9.49,445,128256,80.50
ASPINWALL,EQ,07-Oct-2026,238.35,241.99,241.99,238.01,241.65,241.65,239.81,1484,3.56,18,1406,94.74
ASPIRE,SM,07-Oct-2026,15.65,14.9,15.95,14.9,15.6,15.6,15.48,6000,0.93,3,6000,100.00
ASSAMENT,EQ,07-Oct-2026,799.0,780.0,838.95,780.0,838.95,789.55,789.58,26,0.21,5,26,100.00
ASTAR,EQ,07-Oct-2026,639.8,642.0,650.0,627.0,630.65,645.05,639.36,162,1.04,46,149,91.98
ASTEC,EQ,07-Oct-2026,704.7,724.95,773.7,714.9,741.0,748.2,753.6,414236,3121.69,21078,50677,12.23
ASTERDM,EQ,07-Oct-2026,684.7,685.05,690.05,676.3,680.1,680.3,680.71,1205263,8204.4,42183,878239,72.87
ASTRAL,EQ,07-Oct-2026,1402.3,1401.3,1448.0,1390.2,1427.7,1427.7,1436.24,759824,10912.93,44595,305706,40.23
ASTRAMICRO,EQ,07-Oct-2026,1705.9,1704.6,1723.9,1688.0,1701.6,1701.1,1703.36,197596,3365.76,17249,89513,45.30
ASTRAZEN,EQ,07-Oct-2026,5980.5,6000.5,6000.5,5802.0,5927.0,5918.0,5886.87,6175,363.51,1998,2703,43.77
ASTRON,BZ,07-Oct-2026,2.8,2.8,2.86,2.74,2.86,2.84,2.81,13500,0.38,47,-,-
ATALREAL,EQ,07-Oct-2026,12.36,12.33,12.33,11.75,12.0,12.12,11.96,1832761,219.15,1583,983702,53.67
ATAM,EQ,07-Oct-2026,54.2,55.4,56.9,53.6,55.45,55.26,55.46,6950,3.85,207,5420,77.99
ATCENERGY,SM,07-Oct-2026,21.2,21.45,21.45,21.0,21.0,21.0,21.3,7200,1.53,3,7200,100.00
ATGL,EQ,07-Oct-2026,588.45,588.45,595.45,580.2,581.0,581.9,586.59,570256,3345.09,20276,177752,31.17
ATHERENERG,EQ,07-Oct-2026,1446.0,1436.0,1466.0,1418.4,1455.0,1455.0,1449.38,4057014,58801.37,99304,1822348,44.92
ATL,EQ,07-Oct-2026,24.71,24.67,26.0,24.24,25.94,25.67,25.3,381121,96.42,3030,203770,53.47
ATLANTAA,EQ,07-Oct-2026,35.34,35.37,35.94,35.25,35.5,35.47,35.53,22881,8.13,249,16620,72.64
ATLANTAELE,EQ,07-Oct-2026,1869.3,1869.0,1938.5,1857.6,1875.0,1875.8,1906.6,281587,5368.73,41414,117853,41.85
ATLASCYCLE,EQ,07-Oct-2026,92.93,92.93,93.98,91.35,91.85,92.1,92.4,3586,3.31,94,3250,90.63
ATLPP,E1,07-Oct-2026,9.0,8.96,9.06,8.87,9.05,9.04,8.93,2997,0.27,39,2997,100.00
ATMASTCO,SM,07-Oct-2026,117.05,117.05,117.85,115.05,117.85,117.85,116.44,3200,3.73,8,2400,75.00
ATUL,EQ,07-Oct-2026,6000.0,6000.0,6025.0,5917.0,5985.5,5999.5,5991.62,45518,2727.27,8711,33182,72.90
ATULAUTO,EQ,07-Oct-2026,427.5,428.6,430.3,424.0,425.75,426.25,426.93,33902,144.74,2139,13271,39.15
AUBANK,EQ,07-Oct-2026,1028.0,1018.4,1027.0,988.3,993.4,993.4,1006.23,1757696,17686.46,52284,849787,48.35
AUGMONT,EQ,07-Oct-2026,1162.2,1153.0,1220.3,1137.5,1220.3,1216.2,1194.59,653465,7806.2,22926,283610,43.40
AURIONPRO,EQ,07-Oct-2026,616.05,617.1,620.2,604.65,613.0,612.8,612.1,93995,575.34,5266,46662,49.64
AUROIMPEX,ST,07-Oct-2026,40.1,41.0,42.1,41.0,42.1,42.05,41.92,14400,6.04,9,14400,100.00
AUROPHARMA,EQ,07-Oct-2026,1692.8,1696.2,1698.9,1670.5,1682.0,1682.0,1684.76,438151,7381.79,25264,216221,49.35
AURUM,EQ,07-Oct-2026,231.14,229.06,236.4,227.11,232.0,231.2,231.29,124143,287.13,2573,72485,58.39
AURUS,EQ,07-Oct-2026,4.29,4.38,4.4,4.2,4.29,4.29,4.22,14643,0.62,102,14376,98.18
AUSL,SM,07-Oct-2026,23.0,22.75,22.75,22.75,22.75,22.75,22.75,2000,0.46,1,2000,100.00
AUSOMENT,EQ,07-Oct-2026,137.48,144.3,144.3,131.33,141.9,141.68,137.51,11558,15.89,220,7169,62.03
AUSTENG,EQ,07-Oct-2026,166.43,167.47,173.0,160.5,160.5,161.74,165.18,3616,5.97,191,1789,49.47
AUTOAXLES,EQ,07-Oct-2026,1638.1,1644.9,1679.8,1620.0,1649.9,1651.4,1644.5,10364,170.44,1408,6311,60.89
AUTOBEES,EQ,07-Oct-2026,264.61,264.62,265.27,259.82,261.5,260.91,261.2,221367,578.22,4448,138375,62.51
AUTOIETF,EQ,07-Oct-2026,26.47,27.13,27.13,26.04,26.23,26.14,26.17,602318,157.66,3173,370952,61.59
AUTOIND,EQ,07-Oct-2026,85.82,85.0,85.72,83.0,83.2,83.38,84.2,66502,55.99,1060,42745,64.28
AVADHSUGAR,EQ,07-Oct-2026,873.3,880.1,947.95,880.1,935.0,937.55,920.82,570096,5249.55,33025,137736,24.16
AVALON,EQ,07-Oct-2026,2400.4,2400.4,2475.0,2353.3,2426.0,2429.7,2427.98,364773,8856.61,41917,135924,37.26
AVANA,SM,07-Oct-2026,150.85,147.1,147.2,136.7,142.0,139.6,143.86,14000,20.14,7,10000,71.43
AVANCE,EQ,07-Oct-2026,0.77,0.78,0.8,0.77,0.78,0.78,0.79,3079223,24.19,1252,1864524,60.55
AVANTEL,EQ,07-Oct-2026,151.08,150.97,154.29,150.03,153.36,153.28,152.39,734201,1118.83,10279,273660,37.27
AVANTIFEED,EQ,07-Oct-2026,714.1,714.1,730.0,707.0,723.95,722.3,720.21,237908,1713.44,14744,85192,35.81
AVATAR,SM,07-Oct-2026,166.95,175.25,175.25,175.25,175.25,175.25,175.25,10000,17.53,5,8000,80.00
AVG,EQ,07-Oct-2026,172.06,177.8,177.8,168.1,170.5,169.65,170.92,10293,17.59,215,8871,86.18
AVIANSH,SM,07-Oct-2026,100.5,100.0,100.0,98.0,98.0,98.0,98.68,3000,2.96,3,3000,100.00
AVIENCE,SM,07-Oct-2026,290.15,298.0,300.0,286.7,288.0,287.4,293.37,31800,93.29,48,22200,69.81
AVL,EQ,07-Oct-2026,595.1,597.7,625.0,591.15,620.0,621.1,614.46,180605,1109.74,18633,82289,45.56
AVONMORE,EQ,07-Oct-2026,12.55,12.59,12.97,12.47,12.85,12.8,12.74,58913,7.5,400,29829,50.63
AVPINFRA,SM,07-Oct-2026,57.3,57.3,57.3,55.6,55.6,55.6,56.09,8000,4.49,9,7200,90.00
AVROIND,EQ,07-Oct-2026,6.85,7.09,7.09,5.82,6.17,6.13,6.09,965865,58.77,3238,467059,48.36
AVTNPL,EQ,07-Oct-2026,90.18,89.3,89.58,87.81,89.49,88.75,88.61,129673,114.9,1698,63643,49.08
AWFIS,EQ,07-Oct-2026,243.54,244.91,256.2,241.0,251.25,250.75,245.91,1503516,3697.28,24008,858035,57.07
AWHCL,EQ,07-Oct-2026,355.2,357.1,357.1,346.0,348.4,348.7,350.15,114375,400.48,3806,60211,52.64
AWL,EQ,07-Oct-2026,185.93,185.81,188.85,183.53,186.75,187.11,185.7,2805362,5209.69,33528,1481926,52.82
AXIOMGAS,ST,07-Oct-2026,40.0,40.1,42.0,38.5,42.0,42.0,41.87,268000,112.21,102,240000,89.55
AXISBANK,EQ,07-Oct-2026,1248.0,1240.2,1259.0,1230.2,1242.5,1242.5,1247.66,9678421,120754.03,287982,5440943,56.22
AXISCADES,EQ,07-Oct-2026,2288.5,2268.0,2285.9,2223.3,2253.5,2245.6,2250.15,122674,2760.35,13247,57049,46.50
AXITA,EQ,07-Oct-2026,7.51,7.52,7.58,7.4,7.42,7.44,7.46,551363,41.11,672,496938,90.13
AXTEL,EQ,07-Oct-2026,447.95,450.0,450.0,431.5,433.5,435.5,436.91,2517,11.0,314,1404,55.78
AYE,EQ,07-Oct-2026,165.56,165.07,169.9,163.0,166.5,167.63,166.74,614549,1024.69,12925,257761,41.94
AYMSYNTEX,EQ,07-Oct-2026,289.25,290.8,291.7,275.0,276.1,277.5,280.66,146550,411.3,2618,110277,75.25
AZAD,EQ,07-Oct-2026,3062.6,3050.0,3064.9,2996.5,3044.0,3048.2,3037.65,585882,17797.02,38081,167028,28.51
AZADIND,EQ,07-Oct-2026,80.94,81.89,83.5,81.0,83.0,82.85,82.52,39168,32.32,914,8505,21.71
BAFNAPH,BE,07-Oct-2026,394.0,401.85,401.85,401.85,401.85,401.85,401.85,956,3.84,14,-,-
BAGDIGITAL,SM,07-Oct-2026,107.7,104.2,110.7,104.2,110.7,110.15,107.95,89600,96.72,39,41600,46.43
BAGFILMS,EQ,07-Oct-2026,4.11,4.16,4.16,4.05,4.13,4.12,4.1,62806,2.57,135,50582,80.54
BAGMANE,RR,07-Oct-2026,106.43,106.8,106.97,106.41,106.9,106.62,106.58,370239,394.59,10020,292707,79.06
BAHETI,SM,07-Oct-2026,725.55,738.0,738.0,710.0,711.0,712.65,722.88,15000,108.43,34,10875,72.50
BAIDFIN,EQ,07-Oct-2026,10.32,10.11,10.75,10.0,10.1,10.21,10.27,43355,4.45,248,31643,72.99
BAJAJ-AUTO,EQ,07-Oct-2026,10017.0,9970.0,9997.0,9727.0,9884.0,9884.0,9824.44,442314,43454.86,49923,230908,52.20
BAJAJCON,EQ,07-Oct-2026,493.5,491.5,492.7,481.05,483.7,483.0,486.0,191498,930.68,11119,103843,54.23
BAJAJELEC,EQ,07-Oct-2026,300.25,299.7,303.0,297.6,300.2,300.7,300.44,90029,270.48,4168,33552,37.27
BAJAJFINSV,EQ,07-Oct-2026,1752.4,1740.0,1758.6,1728.1,1743.3,1743.3,1741.41,990041,17240.69,40154,605813,61.19
BAJAJHCARE,EQ,07-Oct-2026,323.1,320.25,326.65,319.3,322.25,323.3,323.01,68139,220.1,2492,36804,54.01
BAJAJHFL,EQ,07-Oct-2026,82.36,82.11,84.41,81.7,84.34,84.08,83.34,4604045,3836.87,24582,2419134,52.54
BAJAJHIND,EQ,07-Oct-2026,21.33,21.16,21.64,20.84,21.04,21.05,21.25,19089108,4056.14,31220,3538027,18.53
BAJAJHLDNG,EQ,07-Oct-2026,10600.0,10699.0,10779.0,10568.0,10662.0,10662.0,10687.8,39078,4176.58,8412,22464,57.49
BAJAJINDEF,EQ,07-Oct-2026,207.21,211.5,211.5,200.0,207.5,203.96,204.47,11766,24.06,503,8384,71.26
BAJAJST,EQ,07-Oct-2026,324.4,325.25,336.0,323.4,331.65,331.4,329.59,3314,10.92,278,2422,73.08
BAJEL,EQ,07-Oct-2026,164.08,163.88,163.88,161.71,162.0,162.34,162.75,67793,110.33,1584,34928,51.52
BAJFINANCE,EQ,07-Oct-2026,963.1,969.15,984.4,952.3,963.85,963.85,968.6,11415155,110566.8,156168,6378249,55.88
BALAJEE,EQ,07-Oct-2026,24.24,25.1,25.1,23.6,23.99,23.97,23.95,27282,6.53,428,21817,79.97
BALAJITELE,EQ,07-Oct-2026,90.56,90.56,91.15,88.96,89.3,89.18,89.79,66329,59.56,932,44585,67.22
BALAMINES,EQ,07-Oct-2026,2287.7,2269.2,2269.2,2132.1,2147.0,2155.9,2186.9,709751,15521.54,53585,157546,22.20
BALAXI,EQ,07-Oct-2026,22.67,22.95,23.49,22.22,22.76,22.38,22.66,15155,3.43,146,10376,68.47
BALCO,SM,07-Oct-2026,19.95,19.05,19.05,19.05,19.05,19.05,19.05,1200,0.23,1,1200,100.00
BALKRISHNA,EQ,07-Oct-2026,16.21,16.06,16.68,15.57,16.05,16.0,16.12,9533,1.54,118,3750,39.34
BALKRISIND,EQ,07-Oct-2026,2082.7,2079.0,2079.0,2002.0,2007.0,2006.6,2020.08,295283,5964.96,30013,168068,56.92
BALMLAWRIE,EQ,07-Oct-2026,158.78,158.2,159.95,154.1,158.15,158.88,157.33,346197,544.68,5310,87543,25.29
BALPHARMA,BE,07-Oct-2026,101.46,99.1,103.9,96.39,97.5,98.62,97.63,35213,34.38,351,-,-
BALRAMCHIN,EQ,07-Oct-2026,691.3,692.05,710.0,687.6,703.5,706.6,701.43,1646549,11549.45,42392,465608,28.28
BALUFORGE,EQ,07-Oct-2026,526.95,525.15,525.9,505.7,509.0,507.5,513.68,538063,2763.93,16501,237922,44.22
BANARBEADS,EQ,07-Oct-2026,116.11,115.0,119.1,108.5,109.79,110.27,111.62,6818,7.61,203,5390,79.06
BANARISUG,EQ,07-Oct-2026,3349.3,3325.0,3395.0,3325.0,3394.9,3375.3,3371.67,785,26.47,132,428,54.52
BANCOINDIA,EQ,07-Oct-2026,602.65,599.0,605.0,594.7,600.0,600.2,599.87,61310,367.78,4744,32271,52.64
BANDHANBNK,EQ,07-Oct-2026,164.15,164.15,167.59,161.33,162.99,162.99,164.71,10016167,16497.65,49687,3492255,34.87
BANG,EQ,07-Oct-2026,33.49,33.49,34.35,33.01,33.65,33.64,33.65,31724,10.68,122,22989,72.47
BANK10ADD,EQ,07-Oct-2026,16.32,16.28,16.42,16.25,16.42,16.35,16.3,1435058,233.94,274,1308852,91.21
BANK10BETF,EQ,07-Oct-2026,20.32,20.32,21.1,19.53,19.7,20.15,20.06,2073496,415.88,956,1984541,95.71
BANKA,EQ,07-Oct-2026,69.5,70.0,70.0,67.62,67.63,67.97,69.05,1011,0.7,30,951,94.07
BANKADD,EQ,07-Oct-2026,56.35,56.21,56.78,56.09,56.55,56.5,56.54,18139,10.26,129,14265,78.64
BANKBARODA,EQ,07-Oct-2026,232.73,231.8,236.38,230.18,234.55,234.55,233.95,6320157,14785.87,56922,2681480,42.43
BANKBEES,EQ,07-Oct-2026,569.45,578.0,578.0,566.0,570.5,570.22,570.43,819134,4672.56,8042,441252,53.87
BANKBETA,EQ,07-Oct-2026,56.88,57.45,57.45,56.49,57.2,57.03,57.04,325999,185.93,1519,273685,83.95
BANKBETF,EQ,07-Oct-2026,55.96,57.35,57.35,55.58,55.93,56.09,56.37,622872,351.09,417,581196,93.31
BANKETF,EQ,07-Oct-2026,561.2,559.58,563.99,557.55,561.02,561.26,560.8,56453,316.59,1193,36999,65.54
BANKIETF,EQ,07-Oct-2026,56.48,56.45,56.93,56.15,56.47,56.59,56.64,523630,296.57,2188,417856,79.80
BANKINDIA,EQ,07-Oct-2026,132.16,132.59,135.19,130.26,133.55,133.55,133.1,9853574,13115.47,49821,3699617,37.55
BANKNIFTY1,EQ,07-Oct-2026,57.05,58.47,58.47,56.74,56.99,57.1,57.01,1792830,1022.15,1386,1545266,86.19
BANKPSU,EQ,07-Oct-2026,80.6,78.58,81.74,78.58,81.64,81.6,81.14,24524,19.9,77,7615,31.05
BANSALWIRE,EQ,07-Oct-2026,325.7,327.8,330.9,320.15,325.0,324.0,324.55,110111,357.37,5157,60075,54.56
BANSWRAS,EQ,07-Oct-2026,105.09,102.85,107.34,102.85,106.0,105.44,106.13,11679,12.4,371,5223,44.72
BARFLEX,SM,07-Oct-2026,52.25,55.0,56.0,53.0,56.0,55.6,53.92,48000,25.88,18,40000,83.33
BASF,EQ,07-Oct-2026,3472.1,3472.1,3495.4,3434.0,3460.0,3453.8,3453.6,9472,327.13,2539,4814,50.82
BASILIC,SM,07-Oct-2026,198.3,205.0,237.95,202.0,219.0,216.75,217.15,137700,299.02,285,99900,72.55
BASML,EQ,07-Oct-2026,22.88,22.98,23.25,22.25,22.61,22.69,22.78,63299,14.42,218,50767,80.20
BATAINDIA,EQ,07-Oct-2026,619.85,619.85,624.0,613.6,616.75,615.1,617.95,45932,283.84,4108,18883,41.11
BATLIBOI,EQ,07-Oct-2026,96.16,96.83,98.82,93.01,93.8,94.8,95.59,93592,89.46,3833,32543,34.77
BAWEJA,SM,07-Oct-2026,26.1,25.25,25.25,25.25,25.25,25.25,25.25,800,0.2,1,800,100.00
BAYERCROP,EQ,07-Oct-2026,3533.4,3535.0,3549.8,3478.0,3490.0,3491.5,3496.66,26503,926.72,7651,19608,73.98
BBETF0432,EQ,07-Oct-2026,1336.14,1362.86,1362.86,1334.02,1337.0,1337.0,1336.32,756,10.1,34,631,83.47
BBL,EQ,07-Oct-2026,2068.8,2070.0,2084.8,2037.0,2038.4,2042.0,2054.28,18092,371.66,3464,9881,54.62
BBNPNBETF,EQ,07-Oct-2026,55.68,55.45,56.0,55.21,55.46,55.46,55.52,5391,2.99,17,4806,89.15
BBNPPGOLD,EQ,07-Oct-2026,141.85,141.8,142.25,141.4,141.4,141.6,141.66,2058,2.92,50,1877,91.21
BBOX,EQ,07-Oct-2026,839.95,840.95,893.1,815.85,888.4,884.85,867.08,2262486,19617.59,77340,639801,28.28
BBTC,EQ,07-Oct-2026,1298.2,1301.3,1301.3,1263.2,1268.9,1269.4,1273.92,113931,1451.39,10995,50413,44.25
BBTCL,EQ,07-Oct-2026,233.12,240.0,240.0,223.57,226.97,225.66,228.06,11763,26.83,382,6441,54.76
BCG,EQ,07-Oct-2026,9.07,9.07,9.15,9.05,9.09,9.08,9.09,2283346,207.52,2824,1306345,57.21
BCLIND,EQ,07-Oct-2026,32.03,32.03,32.09,31.12,31.39,31.55,31.67,331997,105.14,2706,161685,48.70
BCONCEPTS,EQ,07-Oct-2026,146.88,146.0,146.9,142.0,142.1,143.73,143.99,3493,5.03,221,3049,87.29
BCPL,EQ,07-Oct-2026,67.24,67.24,67.98,66.1,66.36,66.43,66.58,8784,5.85,247,5005,56.98
BDL,EQ,07-Oct-2026,1101.8,1104.9,1104.9,1078.6,1085.0,1085.0,1086.32,790105,8583.07,32999,252033,31.90
BEACON,SM,07-Oct-2026,81.3,79.5,82.9,79.5,82.9,82.9,81.14,6000,4.87,6,5000,83.33
BEARDSELL,EQ,07-Oct-2026,22.5,22.89,22.89,21.96,22.24,22.22,22.16,47882,10.61,286,34860,72.80
BECTORFOOD,EQ,07-Oct-2026,212.16,212.0,212.65,208.83,211.0,211.07,211.08,1387522,2928.76,16272,669883,48.28
BEDMUTHA,EQ,07-Oct-2026,106.23,110.5,110.5,107.0,110.1,110.08,109.23,6599,7.21,91,6025,91.30
BEEKAY,EQ,07-Oct-2026,434.1,446.0,455.0,435.0,440.05,440.05,443.62,1282,5.69,72,825,64.35
BEL,EQ,07-Oct-2026,387.4,386.5,386.5,378.0,378.3,378.3,379.94,13636290,51809.24,158539,8473499,62.14
BELLACASA,EQ,07-Oct-2026,242.13,242.13,270.2,239.13,267.0,251.77,248.04,12782,31.7,607,10333,80.84
BELRISE,EQ,07-Oct-2026,236.81,236.7,247.25,233.66,247.0,246.31,243.96,3749664,9147.84,51108,1532654,40.87
BEML,EQ,07-Oct-2026,2042.2,2042.2,2042.6,1992.1,2007.0,2006.2,2015.17,146910,2960.49,16360,58717,39.97
BENARAS,EQ,07-Oct-2026,10238.0,10200.0,10348.0,10200.0,10201.0,10201.0,10212.92,38,3.88,12,36,94.74
BENGALASM,EQ,07-Oct-2026,6110.5,6145.0,6196.0,5960.5,6147.5,6036.0,6075.58,226,13.73,129,141,62.39
BEPL,EQ,07-Oct-2026,128.63,129.6,129.6,126.82,127.72,127.61,127.96,541542,692.96,6906,240957,44.49
BERGEPAINT,EQ,07-Oct-2026,472.55,470.6,471.9,461.8,463.0,463.9,465.94,189882,884.74,17091,88169,46.43
BESTAGRO,EQ,07-Oct-2026,17.89,17.57,17.86,17.52,17.53,17.59,17.67,433321,76.56,1079,259166,59.81
BETA,EQ,07-Oct-2026,2001.4,1980.0,2024.0,1980.0,1981.1,1991.4,1997.35,9114,182.04,1304,6058,66.47
BEWLTD,SM,07-Oct-2026,57.8,58.0,58.95,58.0,58.45,58.45,58.53,4500,2.63,9,3000,66.67
BFINVEST,EQ,07-Oct-2026,441.35,442.4,444.05,436.9,439.85,439.1,440.14,6355,27.97,552,3199,50.34
BFSI,EQ,07-Oct-2026,25.9,26.54,26.54,25.77,26.01,25.99,25.94,149135,38.68,560,75665,50.74
BFUTILITIE,EQ,07-Oct-2026,498.9,495.9,500.45,492.0,495.0,496.2,496.18,36837,182.78,1990,15081,40.94
BGRENERGY,BE,07-Oct-2026,244.11,256.31,256.31,250.0,256.31,256.31,255.79,87664,224.24,773,-,-
BHADORA,ST,07-Oct-2026,155.1,153.0,158.0,148.0,158.0,153.15,151.89,57600,87.49,33,54000,93.75
BHAGCHEM,EQ,07-Oct-2026,239.91,240.48,240.95,234.1,234.5,235.82,236.97,174477,413.46,1717,84943,48.68
BHAGERIA,EQ,07-Oct-2026,393.55,393.0,403.6,370.55,380.8,377.55,386.88,173072,669.57,6246,77138,44.57
BHAGYANGR,EQ,07-Oct-2026,432.95,441.0,454.55,430.0,454.55,454.55,450.55,601005,2707.83,7527,318756,53.04
BHANDARI,EQ,07-Oct-2026,2.83,2.86,2.86,2.73,2.8,2.78,2.79,117426,3.28,221,94756,80.69
BHARATCOAL,EQ,07-Oct-2026,32.05,32.05,32.32,31.85,32.11,32.09,32.04,3011307,964.68,12521,1277091,42.41
BHARATFORG,EQ,07-Oct-2026,1880.0,1871.0,1871.0,1826.9,1841.8,1841.8,1845.16,410629,7576.78,32186,178939,43.58
BHARATGEAR,BE,07-Oct-2026,99.88,100.92,104.87,100.0,104.87,104.87,103.43,43607,45.1,294,-,-
BHARATRAS,EQ,07-Oct-2026,998.3,1005.3,1008.0,980.0,981.6,985.2,987.19,10022,98.94,1280,4590,45.80
BHARATSE,EQ,07-Oct-2026,206.14,206.15,207.54,203.61,204.8,204.59,205.41,52196,107.21,2793,23743,45.49
BHARATWIRE,EQ,07-Oct-2026,165.28,165.9,174.39,163.72,171.4,171.99,171.14,771202,1319.82,12902,261442,33.90
BHARTIARTL,EQ,07-Oct-2026,1810.5,1823.0,1854.7,1810.5,1833.9,1833.9,1833.88,13920833,255290.95,210543,9319805,66.95
BHARTIHEXA,EQ,07-Oct-2026,1386.8,1386.8,1485.0,1376.5,1480.0,1477.9,1449.27,1512590,21921.58,103571,771349,51.00
BHEL,EQ,07-Oct-2026,452.0,451.5,455.95,446.6,448.5,448.5,450.28,14450998,65069.38,158346,6411593,44.37
BI,BE,07-Oct-2026,92.9,94.75,94.75,94.75,94.75,94.75,94.75,6748,6.39,14,-,-
BIGBLOC,EQ,07-Oct-2026,37.22,37.5,37.66,36.3,36.41,36.47,36.98,55930,20.68,914,40362,72.17
BIKAJI,EQ,07-Oct-2026,481.1,484.9,490.3,482.0,483.35,483.55,485.92,137074,666.07,16513,64929,47.37
BIKEWO,ST,07-Oct-2026,126.8,124.6,128.95,124.6,126.1,126.1,126.44,18000,22.76,7,18000,100.00
BIL,EQ,07-Oct-2026,1092.85,1092.85,1092.85,1070.0,1079.8,1072.9,1074.19,5985,64.29,327,3760,62.82
BILVYAPAR,BE,07-Oct-2026,4.15,4.29,4.31,4.05,4.11,4.29,4.27,4846,0.21,18,-,-
BIMETAL,EQ,07-Oct-2026,660.4,663.7,663.7,636.2,640.25,640.65,641.0,189,1.21,13,178,94.18
BIOCON,EQ,07-Oct-2026,369.1,368.4,368.4,358.4,360.0,360.0,360.71,4416752,15931.5,44081,2259506,51.16
BIOFILCHEM,EQ,07-Oct-2026,30.11,30.12,30.65,30.0,30.3,30.43,30.24,2965,0.9,78,2113,71.26
BIOPOL,SM,07-Oct-2026,51.75,53.35,53.35,51.7,52.25,52.25,52.35,4800,2.51,4,3600,75.00
BIRET,RR,07-Oct-2026,329.89,329.5,330.99,328.1,329.2,329.6,329.86,446920,1474.22,7531,409891,91.71
BIRLACABLE,EQ,07-Oct-2026,395.45,398.0,404.35,377.25,387.8,385.05,391.57,529869,2074.82,14243,252651,47.68
BIRLACORPN,EQ,07-Oct-2026,803.45,803.4,820.5,793.0,819.8,814.4,806.42,52418,422.71,5505,30913,58.97
BIRLAMONEY,EQ,07-Oct-2026,116.45,116.45,119.94,115.81,119.91,118.98,118.3,26003,30.76,928,19820,76.22
BIRLANU,EQ,07-Oct-2026,1406.5,1410.7,1411.9,1190.3,1320.0,1321.3,1289.6,133938,1727.27,8825,43211,32.26
BIRLAPREC,BE,07-Oct-2026,57.79,58.48,60.65,57.51,59.19,58.23,58.75,68665,40.34,483,-,-
BLACKBUCK,EQ,07-Oct-2026,596.0,599.5,618.7,593.75,617.0,616.4,610.98,430095,2627.8,34914,217982,50.68
BLACKROSE,EQ,07-Oct-2026,107.65,109.4,113.0,108.41,110.29,110.78,111.08,28903,32.1,481,19422,67.20
BLAL,EQ,07-Oct-2026,157.53,159.99,159.99,156.2,156.31,156.57,157.32,10214,16.07,315,7885,77.20
BLBLIMITED,EQ,07-Oct-2026,16.09,16.48,17.45,16.0,16.9,16.91,16.58,91763,15.22,530,53988,58.83
BLEL,EQ,07-Oct-2026,510.05,510.05,518.8,503.0,512.0,514.4,512.9,1287175,6601.9,30851,325844,25.31
BLIL,EQ,07-Oct-2026,65.21,65.48,65.5,65.01,65.46,65.28,65.29,28399,18.54,961,21055,74.14
BLISSGVS,BE,07-Oct-2026,676.45,670.0,685.8,670.0,685.0,681.55,680.68,166651,1134.36,1393,-,-
BLKASHYAP,EQ,07-Oct-2026,54.79,54.31,54.6,53.53,53.9,53.94,54.07,213929,115.67,1438,118511,55.40
BLS,EQ,07-Oct-2026,223.97,224.0,225.53,220.23,221.22,220.84,222.18,512069,1137.72,13062,238929,46.66
BLSE,EQ,07-Oct-2026,160.9,158.3,160.75,156.5,158.0,158.2,158.48,339932,538.71,4647,111327,32.75
BLUECLOUDS,EQ,07-Oct-2026,20.01,20.35,22.87,20.08,20.25,20.35,21.43,58789235,12597.02,175035,8352458,14.21
BLUECOAST,EQ,07-Oct-2026,22.04,22.04,22.71,20.96,22.54,22.49,21.28,1424,0.3,31,921,64.68
BLUEDART,EQ,07-Oct-2026,4562.8,4596.9,4620.8,4519.3,4583.6,4555.2,4559.62,18776,856.11,3770,9921,52.84
BLUEJET,EQ,07-Oct-2026,538.15,540.0,546.0,535.7,545.5,541.35,540.94,207773,1123.93,8996,108677,52.31
BLUEPEBBLE,ST,07-Oct-2026,66.0,64.0,67.0,64.0,67.0,67.0,65.5,800,0.52,2,800,100.00
BLUESTARCO,EQ,07-Oct-2026,1571.5,1562.9,1575.0,1530.1,1530.1,1530.1,1548.68,436486,6759.76,24276,151546,34.72
BLUESTONE,EQ,07-Oct-2026,813.85,812.65,835.0,805.4,831.4,831.1,822.63,707911,5823.5,32883,247074,34.90
BLUEWATER,ST,07-Oct-2026,578.6,585.9,585.9,549.7,549.7,549.7,557.4,20000,111.48,16,20000,100.00
BLUSPRING,EQ,07-Oct-2026,144.53,144.53,147.29,141.5,143.0,142.71,143.98,134332,193.41,2454,42043,31.30
BMETRICS,SM,07-Oct-2026,39.5,38.0,38.0,38.0,38.0,38.0,38.0,2400,0.91,3,2400,100.00
BMISL,ST,07-Oct-2026,121.25,127.3,127.3,127.3,127.3,127.3,127.3,116400,148.18,60,116400,100.00
BMWVENTLTD,EQ,07-Oct-2026,50.37,50.02,50.89,49.76,50.3,50.11,50.21,47119,23.66,1724,20917,44.39
BNAGROCHEM,EQ,07-Oct-2026,226.53,217.1,232.81,215.21,215.21,215.21,216.91,4312,9.35,97,3630,84.18
BNALTD,BE,07-Oct-2026,351.1,368.0,368.0,368.0,368.0,368.0,368.0,19,0.07,1,-,-
BNKETFAXIS,EQ,07-Oct-2026,568.73,565.89,571.09,564.54,566.23,566.23,566.92,544,3.08,32,185,34.01
BODALCHEM,BE,07-Oct-2026,186.57,185.0,189.99,180.0,184.0,184.14,185.39,263642,488.75,2236,-,-
BOHRAIND,EQ,07-Oct-2026,14.38,14.35,15.04,14.03,14.2,14.21,14.54,7910,1.15,34,3869,48.91
BOMDYEING,EQ,07-Oct-2026,102.91,102.91,102.91,101.01,101.4,101.63,101.88,416073,423.89,5348,184476,44.34
BONLON,EQ,07-Oct-2026,39.39,40.54,41.0,39.62,40.7,40.68,40.48,8552,3.46,147,6297,73.63
BORANA,EQ,07-Oct-2026,269.6,271.0,273.85,268.55,268.55,270.7,271.12,14928,40.47,600,7960,53.32
BOROLTD,EQ,07-Oct-2026,286.85,287.0,290.7,280.0,281.0,281.15,284.32,197203,560.68,4700,86461,43.84
BORORENEW,EQ,07-Oct-2026,449.85,447.9,448.0,433.8,436.8,438.1,439.5,357439,1570.95,13302,197086,55.14
BOROSCI,EQ,07-Oct-2026,113.27,113.5,116.46,113.32,114.65,115.03,114.22,42337,48.36,1055,27315,64.52
BOSCH-HCIL,EQ,07-Oct-2026,1976.9,1993.0,1993.0,1928.2,1950.0,1948.1,1952.86,34819,679.97,6264,16231,46.62
BOSCHLTD,EQ,07-Oct-2026,45000.0,45000.0,45000.0,44305.0,44410.0,44410.0,44567.84,21193,9445.26,10596,9604,45.32
BOSS,ST,07-Oct-2026,57.0,56.9,56.9,56.9,56.9,56.9,56.9,2000,1.14,1,2000,100.00
BPCL,EQ,07-Oct-2026,300.5,297.0,298.65,294.75,296.35,296.35,296.45,6249901,18527.56,51257,3865396,61.85
BPL,EQ,07-Oct-2026,44.45,44.02,44.9,44.01,44.44,44.22,44.41,24846,11.03,442,19540,78.64
BPLPHARMA,EQ,07-Oct-2026,1836.4,1884.9,1930.0,1827.2,1890.0,1881.2,1888.27,8140,153.71,1063,4113,50.53
BRAHMINFRA,EQ,07-Oct-2026,145.58,152.5,152.5,142.5,142.61,142.98,143.55,3942,5.66,181,3143,79.73
BRANDMAN,SM,07-Oct-2026,161.65,164.45,164.45,158.0,162.15,162.15,160.64,12000,19.28,14,10400,86.67
BRIGADE,EQ,07-Oct-2026,569.1,572.0,573.8,552.45,554.1,554.2,558.23,160210,894.34,11278,73740,46.03
BRIGHOTEL,EQ,07-Oct-2026,56.93,56.93,57.4,56.1,56.11,56.87,56.83,58031,32.98,2368,42270,72.84
BRIGHTBR,EQ,07-Oct-2026,235.0,235.0,242.0,232.0,233.95,234.0,234.4,1251,2.93,48,1104,88.25
BRITANNIA,EQ,07-Oct-2026,4883.8,4870.1,4873.2,4775.1,4780.0,4780.0,4805.5,248082,11921.58,22152,132950,53.59
BRNL,EQ,07-Oct-2026,16.03,15.7,16.02,15.7,15.83,15.93,15.87,16693,2.65,202,12798,76.67
BROOKS,EQ,07-Oct-2026,59.66,61.98,62.59,58.5,58.51,58.78,60.24,79202,47.71,1093,45511,57.46
BSE,EQ,07-Oct-2026,3305.0,3265.0,3372.6,3246.5,3356.0,3356.0,3320.12,6608257,219402.22,219510,2640285,39.95
BSE500IETF,EQ,07-Oct-2026,37.62,37.63,37.91,37.28,37.4,37.4,37.45,132445,49.6,1398,58140,43.90
BSHSL,EQ,07-Oct-2026,80.1,80.1,81.7,78.0,78.01,78.25,78.5,7320,5.75,211,4007,54.74
BSL,EQ,07-Oct-2026,119.76,119.01,121.68,119.01,120.05,120.04,120.59,1832,2.21,80,1644,89.74
BSLGOLDETF,EQ,07-Oct-2026,129.39,129.78,129.78,128.85,129.05,128.99,129.01,395471,510.18,1731,333340,84.29
BSLNIFTY,EQ,07-Oct-2026,26.69,26.98,26.98,26.46,26.53,26.5,26.55,363149,96.43,4119,206487,56.86
BSLSENETFG,EQ,07-Oct-2026,73.7,73.69,73.8,72.96,73.14,73.15,73.28,1425,1.04,66,954,66.95
BSOFT,EQ,07-Oct-2026,279.45,278.0,281.8,275.2,279.0,278.05,278.29,958771,2668.19,26171,482032,50.28
BTML,EQ,07-Oct-2026,6.86,6.82,7.26,6.82,7.06,7.14,7.18,247593,17.79,389,178978,72.29
BTTL,BE,07-Oct-2026,39.3,40.28,40.28,37.34,39.5,39.5,37.54,5039,1.89,26,-,-
BUILDPRO,EQ,07-Oct-2026,1301.5,1311.6,1326.0,1275.6,1300.0,1302.0,1303.71,111587,1454.78,7830,61506,55.12
BULKCORP,ST,07-Oct-2026,81.75,79.9,79.95,79.75,79.75,79.85,79.85,12000,9.58,10,12000,100.00
BURNPUR,BE,07-Oct-2026,13.83,13.85,14.44,13.32,14.1,14.11,13.9,49579,6.89,284,-,-
BUTTERFLY,EQ,07-Oct-2026,543.25,549.3,549.3,537.1,543.55,545.0,544.44,7289,39.68,574,4389,60.21
BVCL,EQ,07-Oct-2026,41.44,41.17,42.29,40.57,40.6,40.69,41.13,16533,6.8,199,11300,68.35
BYKE,EQ,07-Oct-2026,29.46,29.98,30.2,29.16,30.0,30.01,29.93,32011,9.58,274,27190,84.94
C2C,SM,07-Oct-2026,187.65,188.0,188.0,175.05,178.0,178.7,179.16,99750,178.71,513,65550,65.71
CADSYS,SM,07-Oct-2026,37.95,37.95,37.95,37.95,37.95,37.95,37.95,500,0.19,1,500,100.00
CALSOFT,BE,07-Oct-2026,33.44,33.33,35.11,32.02,35.11,35.11,33.74,139280,46.99,747,-,-
CAMLINFINE,EQ,07-Oct-2026,95.0,95.0,95.11,93.1,94.49,94.52,94.02,301825,283.77,4272,139553,46.24
CAMPUS,EQ,07-Oct-2026,208.68,208.68,208.84,204.36,208.0,208.37,207.4,310132,643.22,7366,175526,56.60
CAMS,EQ,07-Oct-2026,693.9,693.9,706.0,690.85,694.6,694.6,698.08,1014012,7078.66,29137,425891,42.00
CANARYS,SM,07-Oct-2026,28.5,28.4,28.4,27.0,27.5,27.45,27.52,52000,14.31,10,36000,69.23
CANBK,EQ,07-Oct-2026,117.82,117.95,120.25,116.51,119.15,119.15,118.83,17756429,21099.73,90620,6183113,34.82
CANFINHOME,EQ,07-Oct-2026,734.75,733.85,736.0,718.55,725.0,727.0,725.17,448265,3250.7,25270,281816,62.87
CANHLIFE,EQ,07-Oct-2026,143.13,143.99,147.45,135.26,145.05,146.06,140.57,2983478,4193.87,45789,1273642,42.69
CANTABIL,EQ,07-Oct-2026,229.84,229.84,229.95,226.63,228.0,228.22,228.28,43866,100.14,1242,22720,51.79
CAPACITE,EQ,07-Oct-2026,184.51,183.8,184.75,181.1,181.9,181.72,182.86,188388,344.49,4141,88561,47.01
CAPILLARY,EQ,07-Oct-2026,587.2,596.0,609.95,576.0,580.0,578.3,591.83,641459,3796.35,23369,249957,38.97
CAPINVIT,IV,07-Oct-2026,77.23,77.36,77.97,77.01,77.9,77.89,77.52,238915,185.21,1714,188285,78.81
CAPITALSFB,EQ,07-Oct-2026,263.8,263.9,279.5,263.9,276.0,274.2,272.05,60125,163.57,1634,37929,63.08
CAPLIPOINT,EQ,07-Oct-2026,2679.7,2675.2,2689.0,2610.0,2638.0,2649.1,2646.9,103774,2746.8,20972,37267,35.91
CAPTRUST,BE,07-Oct-2026,20.98,21.84,22.02,20.59,22.02,22.02,21.75,109535,23.83,149,-,-
CARBORUNIV,EQ,07-Oct-2026,1269.6,1277.5,1277.5,1246.2,1262.0,1256.7,1258.93,124207,1563.68,18934,56456,45.45
CARERATING,EQ,07-Oct-2026,1588.2,1588.6,1613.7,1585.6,1590.2,1595.9,1600.05,28480,455.7,2920,20317,71.34
CARRARO,EQ,07-Oct-2026,525.65,529.1,542.8,528.6,532.0,533.85,535.78,79447,425.66,5454,40839,51.40
CARTRADE,EQ,07-Oct-2026,2911.7,2903.0,2956.0,2864.3,2917.0,2914.7,2926.54,116560,3411.18,18994,39607,33.98
CARYSIL,EQ,07-Oct-2026,1033.1,1030.0,1031.9,1004.4,1008.0,1007.5,1015.59,74710,758.74,7367,42943,57.48
CASHIETF,EQ,07-Oct-2026,1082.55,1084.99,1084.99,1082.69,1082.71,1082.69,1082.71,111109,1202.99,64,95099,85.59
CASTROLIND,EQ,07-Oct-2026,200.2,200.2,200.58,195.75,196.9,197.15,197.66,1731839,3423.13,20763,1080433,62.39
CCAVENUE,EQ,07-Oct-2026,15.35,15.45,15.8,15.25,15.55,15.56,15.58,9135276,1423.18,13892,2800162,30.65
CCCL,EQ,07-Oct-2026,13.1,13.23,13.5,12.91,12.98,12.99,12.99,388683,50.47,589,285726,73.51
CCHHL,EQ,07-Oct-2026,12.81,13.0,13.0,12.66,12.92,12.81,12.79,10937,1.4,87,9147,83.63
CCL,EQ,07-Oct-2026,1054.9,1049.3,1064.8,1041.9,1049.5,1052.3,1054.88,88140,929.77,11854,39227,44.51
CDSL,EQ,07-Oct-2026,1263.4,1260.0,1282.5,1251.0,1275.0,1275.0,1269.92,1021756,12975.43,34203,351407,34.39
CEATLTD,EQ,07-Oct-2026,3328.7,3309.1,3328.7,3285.4,3315.0,3301.9,3306.0,21968,726.26,5705,8214,37.39
CEDAAR,SM,07-Oct-2026,11.0,11.55,11.55,11.35,11.55,11.55,11.49,80000,9.19,46,80000,100.00
CEIGALL,EQ,07-Oct-2026,376.2,374.9,376.45,364.5,374.95,372.8,371.63,279983,1040.5,7530,150079,53.60
CEINSYS,EQ,07-Oct-2026,718.45,708.95,713.8,687.5,690.95,691.15,696.93,65681,457.75,5112,27026,41.15
CELEBRITY,EQ,07-Oct-2026,6.35,6.59,6.59,5.97,6.1,6.02,6.1,77988,4.75,293,54997,70.52
CELLECOR,SM,07-Oct-2026,29.85,29.6,29.7,28.75,29.7,29.45,29.2,147000,42.92,42,81000,55.10
CELLO,EQ,07-Oct-2026,369.15,366.9,398.0,360.5,391.9,390.65,387.8,10572299,40999.11,156947,1473671,13.94
CEMNTGROWW,EQ,07-Oct-2026,13.64,13.6,13.62,13.45,13.59,13.52,13.52,57250,7.74,347,49261,86.05
CEMPRO,EQ,07-Oct-2026,1159.8,1164.0,1168.0,1125.0,1139.8,1137.8,1139.34,200455,2283.86,15678,118854,59.29
CENTENKA,EQ,07-Oct-2026,566.6,564.15,575.05,555.5,567.0,569.9,567.86,32539,184.78,2235,16677,51.25
CENTEXT,EQ,07-Oct-2026,17.88,17.81,18.1,17.71,17.96,17.82,17.87,77861,13.91,435,63622,81.71
CENTEXT-RE,BE,07-Oct-2026,2.4,2.0,2.33,2.0,2.2,2.16,2.2,211020,4.63,271,-,-
CENTRALBK,EQ,07-Oct-2026,30.19,30.19,30.57,29.99,30.4,30.44,30.3,3892597,1179.56,13303,1357185,34.87
CENTRUM,EQ,07-Oct-2026,19.8,20.1,21.0,19.71,20.4,20.35,20.36,365385,74.39,843,223951,61.29
CENTUM,EQ,07-Oct-2026,4451.0,4452.0,4498.8,4330.1,4350.0,4345.9,4376.15,78371,3429.63,12975,34494,44.01
CENTURYPLY,EQ,07-Oct-2026,679.85,689.95,689.95,676.85,680.3,683.5,683.64,44562,304.64,9313,23408,52.53
CERA,EQ,07-Oct-2026,5122.5,5122.5,5138.0,5031.0,5035.0,5038.5,5070.72,4104,208.1,1635,2158,52.58
CESC,EQ,07-Oct-2026,134.43,134.13,134.13,130.52,131.15,131.18,131.86,1268698,1672.85,27327,727060,57.31
CEWATER,EQ,07-Oct-2026,260.65,260.0,267.55,255.1,261.0,260.95,262.8,57581,151.33,3614,27333,47.47
CFEL,BE,07-Oct-2026,45.0,45.0,45.99,43.02,45.0,44.44,44.24,6003,2.66,83,-,-
CGCL,EQ,07-Oct-2026,246.88,246.0,252.0,242.52,251.5,250.74,248.42,1754021,4357.29,23746,695137,39.63
CGPOWER,EQ,07-Oct-2026,912.0,912.0,912.6,890.2,894.5,894.5,901.42,1854228,16714.32,42621,1004192,54.16
CGRAPHICS,SM,07-Oct-2026,156.0,153.0,155.9,151.6,155.25,153.45,153.42,12000,18.41,15,7200,60.00
CGVAK,EQ,07-Oct-2026,146.16,140.1,145.0,129.1,135.99,133.8,135.39,21785,29.49,898,12608,57.87
CHALET,EQ,07-Oct-2026,818.2,818.2,851.95,817.55,846.1,847.4,835.7,186088,1555.13,16868,113743,61.12
CHAMBLFERT,EQ,07-Oct-2026,404.8,404.05,404.75,394.55,396.15,396.35,397.38,285277,1133.62,15389,155714,54.58
CHANDAN,SM,07-Oct-2026,235.95,227.05,250.0,227.05,250.0,247.9,242.72,129600,314.56,146,83200,64.20
CHAVDA,ST,07-Oct-2026,58.35,58.1,58.1,56.2,56.3,56.3,56.83,8000,4.55,4,8000,100.00
CHEMBOND,EQ,07-Oct-2026,191.83,190.0,195.9,186.11,188.0,188.56,190.46,2844,5.42,230,1223,43.00
CHEMBONDCH,BE,07-Oct-2026,222.94,227.44,233.7,223.0,232.3,229.66,227.16,6975,15.84,126,-,-
CHEMCON,EQ,07-Oct-2026,217.4,217.4,222.8,215.61,221.48,220.59,220.22,43863,96.6,1207,23660,53.94
CHEMCRUX,EQ,07-Oct-2026,80.21,80.0,91.45,78.52,86.4,87.16,86.96,44762,38.92,1160,16734,37.38
CHEMFAB,EQ,07-Oct-2026,338.5,330.0,335.8,322.25,331.05,331.8,327.89,2566,8.41,147,1921,74.86
CHEMICAL,EQ,07-Oct-2026,28.63,28.65,29.05,28.3,28.31,28.36,28.43,280795,79.84,1141,127626,45.45
CHEMPLASTS,EQ,07-Oct-2026,210.24,208.95,235.9,206.89,225.5,228.22,227.99,5553053,12660.29,85430,1010644,18.20
CHENNPETRO,EQ,07-Oct-2026,1405.7,1410.0,1628.7,1410.0,1605.0,1612.3,1564.35,20027812,313304.49,521133,1806624,9.02
CHETANA,SM,07-Oct-2026,39.0,39.0,39.0,39.0,39.0,39.0,39.0,3200,1.25,1,3200,100.00
CHEVIOT,EQ,07-Oct-2026,1152.9,1152.6,1159.4,1143.1,1146.2,1148.4,1148.09,406,4.66,56,314,77.34
CHOICEGOLD,EQ,07-Oct-2026,145.91,145.91,145.91,144.3,145.09,145.27,145.29,6231,9.05,131,3571,57.31
CHOICEIN,EQ,07-Oct-2026,727.15,727.9,730.0,720.05,725.9,723.7,724.29,176686,1279.72,3759,105525,59.72
CHOLAFIN,EQ,07-Oct-2026,1611.0,1607.1,1612.4,1564.7,1564.7,1564.7,1585.1,1859926,29481.61,87446,980210,52.70
CHOLAHLDNG,EQ,07-Oct-2026,1424.6,1425.5,1441.0,1390.3,1403.0,1402.7,1406.5,79925,1124.15,11566,42712,53.44
CIEINDIA,EQ,07-Oct-2026,379.0,379.95,380.45,373.1,376.0,378.7,377.28,213473,805.38,16995,119733,56.09
CIFL,EQ,07-Oct-2026,20.68,20.85,21.26,20.54,20.98,20.97,20.93,51091,10.69,225,35871,70.21
CINELINE,EQ,07-Oct-2026,87.72,88.4,96.2,88.23,93.3,93.35,93.0,168792,156.97,1135,144385,85.54
CINEVISTA,EQ,07-Oct-2026,13.83,13.8,16.54,13.8,15.17,15.37,15.7,296344,46.53,1083,96394,32.53
CIPLA,EQ,07-Oct-2026,1340.2,1338.5,1351.0,1324.7,1327.2,1327.2,1332.64,847901,11299.48,27439,523137,61.70
CITIUSINVT,IV,07-Oct-2026,115.31,115.88,116.45,114.1,114.15,114.26,114.96,81338,93.51,609,73578,90.46
CKKRETAIL,SM,07-Oct-2026,171.0,172.5,172.5,168.0,168.0,168.0,170.25,1600,2.72,2,1600,100.00
CLASSICEIL,SM,07-Oct-2026,49.95,49.95,49.95,49.5,49.5,49.5,49.8,4800,2.39,2,4800,100.00
CLAYCRAFT,SM,07-Oct-2026,174.2,174.2,174.2,170.05,171.95,171.15,171.37,24600,42.16,29,24000,97.56
CLEAN,EQ,07-Oct-2026,823.15,824.8,824.8,810.15,816.3,813.7,817.21,119533,976.83,8959,45680,38.22
CLEANMAX,EQ,07-Oct-2026,1392.5,1390.0,1399.6,1364.2,1387.5,1388.5,1379.41,159790,2204.16,14574,50630,31.69
CLEDUCATE,EQ,07-Oct-2026,53.98,53.98,53.98,52.5,53.11,53.12,53.01,82521,43.74,113,81841,99.18
CLSEL,EQ,07-Oct-2026,291.95,294.85,297.9,286.75,294.1,295.15,293.52,95440,280.14,3617,37450,39.24
CLSL,ST,07-Oct-2026,60.0,58.0,58.0,58.0,58.0,58.0,58.0,2000,1.16,1,2000,100.00
CMLL,EQ,07-Oct-2026,517.2,517.2,537.5,510.0,533.0,531.95,529.85,406067,2151.56,8829,195444,48.13
CMNL,SM,07-Oct-2026,119.35,120.0,121.95,118.0,119.35,119.35,119.73,9000,10.78,12,6000,66.67
CMPDI,EQ,07-Oct-2026,210.06,209.31,213.7,207.1,209.5,209.05,210.07,685060,1439.08,13391,257087,37.53
CMRGREEN,EQ,07-Oct-2026,226.63,226.6,229.81,224.0,224.9,224.99,226.74,217711,493.64,4327,103351,47.47
CMSINFO,EQ,07-Oct-2026,220.35,221.9,221.9,215.56,218.1,218.37,218.17,529249,1154.65,9734,316906,59.88
CNL,EQ,07-Oct-2026,1070.0,1048.6,1099.3,1048.6,1062.1,1079.0,1069.5,6962,74.46,1099,2488,35.74
COALINDIA,EQ,07-Oct-2026,411.65,411.65,415.85,410.8,414.5,414.5,413.81,6400277,26484.71,76544,3840327,60.00
COASTCORP,EQ,07-Oct-2026,36.18,36.69,37.4,36.27,36.51,36.98,36.68,39515,14.49,396,26155,66.19
COCHINSHIP,EQ,07-Oct-2026,1282.0,1282.0,1282.0,1246.4,1255.1,1255.1,1258.83,929402,11699.63,39158,437906,47.12
COCKERILL,EQ,07-Oct-2026,7978.5,7978.5,7990.0,7780.0,7825.0,7856.0,7850.76,4026,316.07,1138,2098,52.11
COFFEEDAY,EQ,07-Oct-2026,30.03,30.05,31.65,29.71,30.7,30.63,30.63,1388015,425.15,6076,490089,35.31
COFORGE,EQ,07-Oct-2026,1849.7,1843.0,1857.9,1822.2,1822.2,1822.2,1839.58,1016382,18697.18,45407,480080,47.23
COHANCE,EQ,07-Oct-2026,457.0,456.7,475.5,453.2,455.0,455.45,461.98,1303279,6020.83,45326,578463,44.39
COLPAL,EQ,07-Oct-2026,1809.4,1800.9,1800.9,1757.4,1757.4,1757.4,1771.74,184471,3268.35,15613,110836,60.08
COMFINTE,EQ,07-Oct-2026,6.23,6.14,6.8,6.11,6.33,6.37,6.36,240186,15.28,457,174045,72.46
COMMITTED,SM,07-Oct-2026,323.8,300.05,313.7,300.05,309.95,309.95,307.85,8800,27.09,11,4800,54.55
COMMOIETF,EQ,07-Oct-2026,93.92,93.68,93.89,92.7,93.47,93.13,93.36,42418,39.6,874,28802,67.90
COMPEAU,EQ,07-Oct-2026,358.1,361.2,362.0,361.2,362.0,362.0,361.6,2,0.01,2,2,100.00
COMPINFO,BZ,07-Oct-2026,1.08,1.08,1.1,1.07,1.1,1.1,1.09,3963,0.04,16,-,-
COMPUSOFT,EQ,07-Oct-2026,12.9,12.92,13.39,12.8,13.35,13.25,13.02,10659,1.39,157,7579,71.10
COMSYN,EQ,07-Oct-2026,263.0,263.8,269.0,260.0,261.3,260.85,263.51,80711,212.68,2691,32760,40.59
CONCOR,EQ,07-Oct-2026,445.85,446.5,446.55,439.65,439.75,439.75,442.85,967884,4286.27,20452,526893,54.44
CONCORDBIO,EQ,07-Oct-2026,1368.8,1373.0,1379.5,1356.0,1356.0,1359.7,1365.35,43657,596.07,6117,22281,51.04
CONFIPET,EQ,07-Oct-2026,86.67,86.99,92.97,86.68,91.7,91.75,91.23,5428764,4952.78,40770,2062366,37.99
CONNPLEX,SM,07-Oct-2026,247.5,247.5,258.0,240.0,257.95,256.65,253.14,63200,159.99,77,43200,68.35
CONS,EQ,07-Oct-2026,11.4,11.33,11.37,11.28,11.33,11.29,11.3,101242,11.44,185,57283,56.58
CONSOFINVT,BE,07-Oct-2026,283.2,283.2,286.85,280.4,283.0,285.0,283.66,5657,16.05,37,-,-
CONSUMAXIS,EQ,07-Oct-2026,113.5,113.5,113.68,112.82,113.3,113.24,113.46,1086,1.23,25,580,53.41
CONSUMBEES,EQ,07-Oct-2026,123.3,123.3,123.3,122.16,122.25,122.49,122.6,36101,44.26,669,17985,49.82
CONSUMER,EQ,07-Oct-2026,11.31,11.33,11.34,11.24,11.28,11.26,11.28,47616,5.37,234,26145,54.91
CONSUMIETF,EQ,07-Oct-2026,114.9,113.75,117.2,113.62,114.45,115.33,113.93,5681,6.47,148,2725,47.97
CONTI,SM,07-Oct-2026,9.8,10.25,10.25,10.25,10.25,10.25,10.25,3333,0.34,1,3333,100.00
CONTROLPR,EQ,07-Oct-2026,622.65,626.3,626.3,614.05,619.25,619.95,619.24,6352,39.33,909,3340,52.58
COOLCAPS,SM,07-Oct-2026,21.45,21.5,21.9,21.5,21.9,21.85,21.77,15000,3.27,12,12500,83.33
CORALFINAC,EQ,07-Oct-2026,31.18,31.41,32.0,30.81,31.2,31.41,31.29,17279,5.41,201,13453,77.86
CORDELIA,EQ,07-Oct-2026,104.32,104.6,109.53,103.62,109.53,109.52,108.77,1704234,1853.67,6911,1111293,65.21
CORDSCABLE,BE,07-Oct-2026,314.35,321.0,322.0,310.0,315.0,316.0,317.49,23096,73.33,403,-,-
COREIN,ST,07-Oct-2026,86.65,90.95,90.95,90.95,90.95,90.95,90.95,17600,16.01,8,17600,100.00
COROMANDEL,EQ,07-Oct-2026,1788.3,1788.3,1788.3,1727.0,1745.0,1745.5,1746.52,287433,5020.07,18366,209553,72.90
CORONA,EQ,07-Oct-2026,2038.3,2035.1,2048.0,2012.7,2042.9,2041.1,2033.9,7481,152.16,2082,4090,54.67
COSMOFIRST,EQ,07-Oct-2026,829.15,830.05,840.0,820.05,826.0,831.95,829.22,21384,177.32,2383,11912,55.71
COUNCODOS,BE,07-Oct-2026,6.51,6.51,6.7,6.35,6.5,6.53,6.42,63084,4.05,136,-,-
CPCAP,EQ,07-Oct-2026,154.53,156.7,162.0,152.67,155.08,155.22,157.71,135716,214.04,2678,74407,54.83
CPEDU,EQ,07-Oct-2026,181.29,177.0,182.5,175.11,180.23,179.72,178.08,5737,10.22,73,4729,82.43
CPL,EQ,07-Oct-2026,62.12,61.75,62.75,60.1,61.16,61.1,61.3,26794,16.43,803,13828,51.61
CPPLUS,EQ,07-Oct-2026,3976.0,4023.0,4099.0,3945.0,4052.0,4064.9,4032.84,208910,8425.01,28816,110504,52.90
CPS,SM,07-Oct-2026,1100.0,1155.0,1155.0,1155.0,1155.0,1155.0,1155.0,5250,60.64,5,5100,97.14
CPSEETF,EQ,07-Oct-2026,89.94,91.3,91.3,89.0,89.18,89.12,89.39,462683,413.58,6933,261625,56.55
CRAFTSMAN,EQ,07-Oct-2026,10348.0,10300.0,10312.0,10103.0,10205.0,10198.0,10180.5,32592,3318.03,14205,15593,47.84
CRAMC,EQ,07-Oct-2026,224.88,226.9,231.0,223.31,230.7,229.52,227.65,336654,766.38,6593,200098,59.44
CRAVATEX,EQ,07-Oct-2026,374.6,391.95,391.95,355.0,355.0,355.2,364.93,231,0.84,24,116,50.22
CRAYONS,SM,07-Oct-2026,23.95,23.0,23.5,23.0,23.5,23.5,23.32,3000,0.7,3,3000,100.00
CREATIVEYE,EQ,07-Oct-2026,5.9,5.9,6.48,5.76,6.26,6.21,6.1,18883,1.15,175,15194,80.46
CREDENT,SM,07-Oct-2026,375.5,385.0,385.0,360.6,368.05,370.45,371.18,39000,144.76,52,29400,75.38
CREDITACC,EQ,07-Oct-2026,1265.8,1265.8,1274.6,1231.1,1238.0,1239.6,1247.14,144021,1796.14,21511,71202,49.44
CREST,EQ,07-Oct-2026,359.9,363.45,367.1,353.0,361.95,362.85,357.86,6892,24.66,170,4793,69.54
CRESTO,BE,07-Oct-2026,20.02,21.01,21.02,19.02,20.0,20.04,19.66,14975,2.94,116,-,-
CRISIL,EQ,07-Oct-2026,4523.3,4523.3,4525.0,4446.9,4520.0,4509.1,4493.51,12717,571.44,3041,7250,57.01
CRIZAC,EQ,07-Oct-2026,168.85,168.51,169.85,166.22,169.0,166.91,167.47,148841,249.26,3014,82729,55.58
CROMPTON,EQ,07-Oct-2026,211.98,211.98,213.09,210.13,210.7,210.7,211.65,1159041,2453.06,19207,539239,46.52
CROWN,EQ,07-Oct-2026,112.38,112.39,113.49,111.56,112.89,112.44,112.34,2888,3.24,79,1941,67.21
CRSL,BZ,07-Oct-2026,2.05,2.05,2.13,2.04,2.06,2.06,2.09,470778,9.82,334,-,-
CSBBANK,EQ,07-Oct-2026,305.85,306.65,309.85,302.75,307.65,306.5,306.56,294926,904.12,11100,130610,44.29
CSLFINANCE,EQ,07-Oct-2026,207.48,211.0,211.0,206.0,209.0,206.94,207.65,5858,12.16,315,3272,55.86
CSM,EQ,07-Oct-2026,92.86,94.84,94.84,91.3,91.4,91.82,92.09,68081,62.7,1346,38298,56.25
CSSL,SM,07-Oct-2026,77.35,78.5,80.1,77.3,77.3,78.2,78.97,10000,7.9,9,8000,80.00
CTE,BE,07-Oct-2026,37.45,36.89,38.0,36.3,37.98,37.02,37.51,1318,0.49,37,-,-
CUB,EQ,07-Oct-2026,223.75,224.0,226.3,219.37,222.61,222.12,223.12,2247151,5013.81,48575,1050140,46.73
CUBEINVIT,IV,07-Oct-2026,154.91,154.75,155.35,154.75,154.76,154.85,155.04,772274,1197.35,3553,760478,98.47
CUBEXTUB,BE,07-Oct-2026,149.91,143.75,157.4,143.75,157.4,157.4,154.34,203158,313.55,1178,-,-
CUDML,SM,07-Oct-2026,100.75,101.0,101.5,100.0,101.5,100.65,100.64,7000,7.04,7,5000,71.43
CUMMINSIND,EQ,07-Oct-2026,4919.0,4925.0,4964.3,4850.0,4872.2,4872.2,4909.62,631136,30986.37,57775,395231,62.62
CUPID,EQ,07-Oct-2026,324.2,325.0,345.0,325.0,344.45,343.95,340.45,41373811,140855.8,206981,11000499,26.59
CURAA,BE,07-Oct-2026,72.3,72.3,72.3,69.01,72.3,71.89,70.21,97,0.07,6,-,-
CURIS,ST,07-Oct-2026,207.0,204.45,204.45,201.0,202.0,202.0,202.35,7000,14.16,7,6000,85.71
CURRENT,SM,07-Oct-2026,94.0,91.6,91.6,91.6,91.6,91.6,91.6,1600,1.47,1,1600,100.00
CYBERMEDIA,BE,07-Oct-2026,17.85,18.74,18.74,17.51,18.4,18.44,18.61,8538,1.59,47,-,-
CYBERTECH,EQ,07-Oct-2026,143.1,140.3,142.72,136.02,136.63,137.7,139.45,84714,118.14,1671,44567,52.61
CYIENT,EQ,07-Oct-2026,1119.4,1119.2,1137.6,1109.6,1119.0,1115.0,1124.76,259473,2918.44,23003,79958,30.82
CYIENTDLM,EQ,07-Oct-2026,939.0,936.0,1014.65,935.3,989.7,988.3,983.91,1350010,13282.9,61584,583273,43.21
DABUR,EQ,07-Oct-2026,388.9,387.7,388.85,380.05,383.55,383.55,384.19,2429201,9332.75,36775,1533133,63.11
DAICHI,BE,07-Oct-2026,316.5,313.0,329.95,310.0,324.95,324.25,314.71,774,2.44,68,-,-
DALBHARAT,EQ,07-Oct-2026,1682.6,1661.0,1697.8,1637.0,1640.0,1640.1,1655.16,50180,830.56,9221,26041,51.90
DALMIASUG,EQ,07-Oct-2026,453.0,453.0,463.95,439.95,446.1,447.65,450.08,310835,1398.99,13101,69858,22.47
DAMCAPITAL,EQ,07-Oct-2026,152.51,150.2,152.2,147.51,149.35,148.74,149.5,180999,270.6,3208,79189,43.75
DAMODARIND,BE,07-Oct-2026,26.95,26.2,26.95,26.2,26.95,26.87,26.66,648,0.17,16,-,-
DANGEE,EQ,07-Oct-2026,3.08,3.09,3.3,3.09,3.25,3.22,3.25,99955,3.25,230,71824,71.86
DANISH,SM,07-Oct-2026,1010.0,1011.0,1071.0,990.0,1051.0,1059.4,1048.3,100350,1051.97,559,64500,64.28
DATAMATICS,EQ,07-Oct-2026,771.2,771.0,777.9,761.0,765.0,763.8,766.68,33965,260.4,2470,12438,36.62
DATAPATTNS,EQ,07-Oct-2026,4299.2,4305.0,4307.6,4220.0,4232.5,4233.4,4250.02,184614,7846.14,23369,68097,36.89
DAVANGERE,EQ,07-Oct-2026,2.27,2.27,2.45,2.27,2.36,2.36,2.36,9610415,226.52,3176,4688947,48.79
DBCORP,EQ,07-Oct-2026,173.57,172.52,175.7,170.06,171.6,171.05,172.38,95488,164.6,2032,57186,59.89
DBEIL,EQ,07-Oct-2026,6.52,6.75,6.75,6.43,6.59,6.55,6.51,993302,64.62,372,925991,93.22
DBL,EQ,07-Oct-2026,400.8,399.3,415.2,394.05,409.0,409.25,409.14,320390,1310.84,11563,50510,15.77
DBOL,EQ,07-Oct-2026,137.9,137.41,142.82,135.02,140.35,140.25,140.09,767613,1075.35,13981,332625,43.33
DBREALTY,EQ,07-Oct-2026,90.08,90.18,91.48,88.08,88.93,88.79,89.71,632706,567.63,7435,331375,52.37
DBSTOCKBRO,BE,07-Oct-2026,32.49,32.49,34.11,32.02,32.02,32.36,33.57,11349,3.81,49,-,-
DCAL,EQ,07-Oct-2026,153.57,153.86,153.9,151.3,152.41,152.46,152.4,105155,160.25,2843,55403,52.69
DCBBANK,EQ,07-Oct-2026,200.78,197.32,202.4,195.38,202.0,201.19,199.37,2087086,4160.94,73530,1142933,54.76
DCG,ST,07-Oct-2026,71.95,69.05,74.8,69.0,74.8,74.8,71.9,28800,20.71,10,26400,91.67
DCI,EQ,07-Oct-2026,343.05,344.75,346.2,335.75,341.0,342.1,341.4,41119,140.38,1876,22732,55.28
DCM,EQ,07-Oct-2026,71.96,72.32,72.5,70.9,70.99,71.01,71.38,4425,3.16,80,3557,80.38
DCMFINSERV,EQ,07-Oct-2026,5.21,5.23,5.29,5.11,5.15,5.15,5.17,11459,0.59,119,10221,89.20
DCMNVL,BE,07-Oct-2026,172.0,175.0,175.0,171.0,172.0,172.99,173.05,1578,2.73,15,-,-
DCMSHRIRAM,EQ,07-Oct-2026,988.85,980.0,984.55,960.0,969.0,969.3,974.87,83135,810.46,9531,23612,28.40
DCMSIL,EQ,07-Oct-2026,78.87,79.94,83.18,78.2,78.2,79.22,80.12,82748,66.3,1289,48809,58.99
DCMSRIND,EQ,07-Oct-2026,39.78,39.78,40.7,39.37,40.0,39.81,40.09,347094,139.16,2365,156603,45.12
DCW,EQ,07-Oct-2026,46.37,46.0,47.18,45.65,46.55,46.6,46.54,1177308,547.94,7262,433115,36.79
DCXINDIA,EQ,07-Oct-2026,160.23,159.94,159.94,156.0,158.33,157.88,158.16,182014,287.87,4188,83429,45.84
DDEVPLSTIK,EQ,07-Oct-2026,249.79,251.0,256.0,247.05,255.9,254.05,250.22,50972,127.54,1699,30656,60.14
DECCANCE,EQ,07-Oct-2026,556.85,550.35,557.9,542.0,544.0,545.25,547.2,8087,44.25,352,4699,58.11
DECCANTRAN,SM,07-Oct-2026,20.55,20.5,21.0,20.5,20.55,20.55,20.71,6000,1.24,5,4800,80.00
DECNGOLD,EQ,07-Oct-2026,199.16,199.4,200.89,194.41,198.22,198.24,197.09,601356,1185.22,9505,331400,55.11
DEEDEV,EQ,07-Oct-2026,651.7,651.0,657.4,619.15,624.0,624.1,630.89,289726,1827.86,11089,163448,56.41
DEEP,BE,07-Oct-2026,41.03,41.23,41.23,38.98,39.0,39.03,39.19,21288,8.34,123,-,-
DEEPA,EQ,07-Oct-2026,214.04,215.4,242.4,215.14,225.04,227.06,231.98,21380382,49598.67,242417,2741843,12.82
DEEPAKFERT,EQ,07-Oct-2026,1385.6,1392.5,1421.0,1361.9,1405.6,1415.4,1399.39,423588,5927.64,32387,184394,43.53
DEEPAKNTR,EQ,07-Oct-2026,1560.6,1559.9,1561.5,1536.0,1551.0,1553.9,1550.13,121384,1881.61,14213,59458,48.98
DEEPINDS,EQ,07-Oct-2026,748.95,749.9,808.5,749.9,794.9,795.6,790.97,817946,6469.7,34433,285346,34.89
DEFENCE,EQ,07-Oct-2026,78.1,77.96,77.96,76.8,76.97,76.96,77.11,192836,148.69,888,119898,62.18
DELAPLEX,SM,07-Oct-2026,95.5,97.8,98.0,96.1,96.1,96.1,97.56,3000,2.93,5,1800,60.00
DELHIVERY,EQ,07-Oct-2026,407.5,407.5,407.5,398.15,398.15,398.15,401.68,1068381,4291.53,22042,578047,54.10
DELPHIFX,BE,07-Oct-2026,7.17,7.31,7.31,7.31,7.31,7.31,7.31,54878,4.01,26,-,-
DELTACORP,EQ,07-Oct-2026,84.34,84.23,85.2,81.32,82.0,82.37,83.1,13502678,11220.75,49690,2311847,17.12
DELTAMAGNT,EQ,07-Oct-2026,56.24,57.9,57.9,55.55,56.55,56.47,55.83,2179,1.22,82,1931,88.62
DELTIC,SM,07-Oct-2026,35.9,34.2,35.0,34.2,35.0,35.0,34.6,2000,0.69,2,2000,100.00
DEN,EQ,07-Oct-2026,25.78,25.77,26.29,25.77,26.02,26.1,26.08,194499,50.72,963,91771,47.18
DENEERS,SM,07-Oct-2026,167.05,168.0,169.95,165.0,168.95,166.25,166.8,20400,34.03,33,12600,61.76
DENORA,EQ,07-Oct-2026,729.1,735.3,746.55,713.0,713.0,720.65,729.7,6338,46.25,734,4647,73.32
DENTA,EQ,07-Oct-2026,263.2,260.75,265.2,260.75,263.5,263.7,263.68,34985,92.25,1399,17526,50.10
DENTALKART,SM,07-Oct-2026,490.15,496.3,496.3,472.0,472.0,475.25,485.1,8750,42.45,29,6250,71.43
DEVIT,EQ,07-Oct-2026,21.36,21.4,21.69,19.26,20.05,19.96,20.03,154703,30.99,1774,104044,67.25
DEVX,EQ,07-Oct-2026,39.62,40.0,40.88,39.5,40.18,40.37,40.31,174355,70.28,2163,99193,56.89
DEVYANI,EQ,07-Oct-2026,129.53,129.0,131.45,128.52,129.1,128.98,129.64,377773,489.75,6606,102982,27.26
DGCONTENT,EQ,07-Oct-2026,24.73,24.98,24.98,23.82,23.82,24.16,24.26,11162,2.71,124,9371,83.95
DHABRIYA,BE,07-Oct-2026,454.35,454.35,477.05,445.7,477.05,477.05,476.47,83304,396.92,134,-,-
DHAMPURSUG,EQ,07-Oct-2026,188.81,190.32,193.42,185.16,188.3,188.92,189.51,1200310,2274.72,20957,329767,27.47
DHANBANK,EQ,07-Oct-2026,28.83,28.9,34.16,28.41,32.82,32.83,32.51,18177967,5909.14,54087,3403119,18.72
DHANLAXMI,SM,07-Oct-2026,26.5,27.85,27.85,27.0,27.0,27.0,27.15,16000,4.34,8,14000,87.50
DHANSA,ST,07-Oct-2026,27.1,27.1,28.2,27.1,28.2,28.2,27.65,4000,1.11,2,4000,100.00
DHANUKA,EQ,07-Oct-2026,909.55,910.0,910.0,890.0,893.0,891.8,895.19,30723,275.03,4594,20580,66.99
DHARAN,BZ,07-Oct-2026,0.14,0.15,0.15,0.14,0.15,0.14,0.14,9949230,14.26,1252,-,-
DHARIWAL,SM,07-Oct-2026,27.85,27.75,28.5,27.7,28.5,28.4,28.07,21000,5.9,7,18000,85.71
DHARMAJ,EQ,07-Oct-2026,266.55,264.55,270.7,264.55,265.5,267.35,268.41,80497,216.06,1804,53020,65.87
DHATRE,EQ,07-Oct-2026,3.93,3.9,4.03,3.56,4.0,3.94,3.91,122281,4.79,208,33996,27.80
DHOOTTRANS,EQ,07-Oct-2026,1474.1,1476.0,1477.0,1431.6,1464.0,1463.7,1454.37,902562,13126.55,45404,210657,23.34
DHRUV,EQ,07-Oct-2026,19.5,19.9,19.9,19.0,19.12,19.47,19.58,1692,0.33,31,1679,99.23
DHTL,SM,07-Oct-2026,23.55,23.5,23.5,23.5,23.5,23.5,23.5,16000,3.76,2,16000,100.00
DHUNINV,EQ,07-Oct-2026,966.9,970.5,990.5,962.0,964.0,971.95,983.31,581,5.71,124,448,77.11
DIACABS,BE,07-Oct-2026,368.3,367.0,379.45,362.0,369.75,369.15,369.72,847344,3132.84,11020,-,-
DIAMINESQ,EQ,07-Oct-2026,244.54,242.2,246.0,237.0,238.05,239.04,241.08,3725,8.98,238,2056,55.19
DIAMONDYD,EQ,07-Oct-2026,1088.2,1082.3,1095.1,1070.8,1090.0,1079.2,1081.86,1026,11.1,232,431,42.01
DICIND,EQ,07-Oct-2026,619.2,614.45,617.45,606.8,606.8,610.35,611.68,546,3.34,66,323,59.16
DIFFNKG,EQ,07-Oct-2026,454.1,453.0,461.7,445.1,456.0,452.85,452.37,89977,407.03,4419,43087,47.89
DIGIDRIVE,EQ,07-Oct-2026,17.95,17.7,18.37,17.61,18.15,18.1,17.95,14204,2.55,179,12413,87.39
DIGIKORE,SM,07-Oct-2026,36.15,37.5,37.8,36.05,36.45,36.45,36.95,22400,8.28,40,18000,80.36
DIGISPICE,EQ,07-Oct-2026,15.12,15.05,15.3,15.05,15.3,15.28,15.23,26231,3.99,132,19291,73.54
DIGITIDE,EQ,07-Oct-2026,74.01,73.25,79.44,73.25,75.4,75.7,76.58,447269,342.5,5459,146917,32.85
DIGJAMLMTD,BE,07-Oct-2026,47.52,47.02,49.85,47.0,47.5,47.5,47.8,6892,3.29,28,-,-
DISAQ,EQ,07-Oct-2026,11540.0,11201.0,11899.0,11201.0,11411.0,11419.0,11586.84,136,15.76,33,116,85.29
DISHTV,EQ,07-Oct-2026,2.12,2.14,2.16,2.12,2.14,2.14,2.14,611175,13.09,1061,459605,75.20
DIVGIITTS,EQ,07-Oct-2026,1119.2,1111.2,1119.5,1080.0,1096.0,1092.9,1096.67,116709,1279.92,9208,50045,42.88
DIVIDEND,EQ,07-Oct-2026,33.74,32.89,33.77,32.89,33.54,33.54,33.61,2894,0.97,66,2424,83.76
DIVINEHIRA,ST,07-Oct-2026,106.4,108.0,108.0,108.0,108.0,108.0,108.0,1200,1.3,1,1200,100.00
DIVISLAB,EQ,07-Oct-2026,9550.0,9500.5,9660.0,9494.0,9588.0,9588.0,9570.08,422217,40406.51,42362,263877,62.50
DIVOPPBEES,EQ,07-Oct-2026,72.21,72.21,72.82,71.45,71.75,71.69,71.75,65803,47.22,826,32926,50.04
DIXON,EQ,07-Oct-2026,13015.0,13030.0,13072.0,12897.0,13024.0,13024.0,12971.18,157095,20377.08,26788,52996,33.74
DJML,EQ,07-Oct-2026,73.87,73.86,75.68,71.01,72.06,72.62,74.34,236745,176.0,1264,90002,38.02
DLF,EQ,07-Oct-2026,666.1,664.95,666.45,652.4,656.0,656.0,657.53,3028905,19916.08,44774,1591739,52.55
DLINKINDIA,EQ,07-Oct-2026,419.95,424.5,424.5,415.05,421.2,419.2,418.33,33251,139.1,2006,16404,49.33
DMART,EQ,07-Oct-2026,3581.9,3567.1,3636.0,3560.2,3636.0,3636.0,3608.62,406908,14683.76,27697,182829,44.93
DMCC,EQ,07-Oct-2026,355.8,352.25,364.3,348.15,353.1,356.05,356.65,373447,1331.88,12284,136815,36.64
DNAMEDIA,EQ,07-Oct-2026,2.42,2.36,2.56,2.31,2.48,2.47,2.44,63681,1.55,110,47848,75.14
DODLA,EQ,07-Oct-2026,1019.9,1024.9,1024.9,1007.3,1007.3,1013.3,1015.12,10009,101.6,1480,4312,43.08
DOLATALGO,EQ,07-Oct-2026,62.46,62.25,62.82,60.2,61.5,61.68,61.66,198973,122.69,2560,80911,40.66
DOLLAR,EQ,07-Oct-2026,278.55,276.1,284.0,274.0,277.2,278.95,280.0,62881,176.07,2320,29128,46.32
DOLLEX,EQ,07-Oct-2026,36.92,37.66,37.98,36.5,37.93,37.49,36.94,29379,10.85,427,23402,79.66
DOLPHIN,EQ,07-Oct-2026,643.35,630.05,660.0,630.05,649.95,652.9,653.9,34501,225.6,2054,15075,43.69
DOMS,EQ,07-Oct-2026,2073.2,2070.0,2075.8,2052.1,2060.0,2058.9,2062.74,8258,170.34,2011,4593,55.62
DONEAR,EQ,07-Oct-2026,80.39,80.5,81.2,80.11,81.15,80.86,80.67,8189,6.61,118,6176,75.42
DPABHUSHAN,EQ,07-Oct-2026,2174.0,2168.0,2344.5,2134.2,2236.3,2262.7,2258.12,263103,5941.18,27099,72214,27.45
DPEL,SM,07-Oct-2026,612.6,613.0,615.0,600.0,610.7,605.95,606.49,20000,121.3,39,15000,75.00
DPSCLTD,BE,07-Oct-2026,6.56,6.56,6.66,6.41,6.5,6.44,6.49,111287,7.22,517,-,-
DPWIRES,EQ,07-Oct-2026,221.54,220.71,243.42,212.0,228.8,227.46,233.49,583596,1362.66,15647,140959,24.15
DRAGARWQ,EQ,07-Oct-2026,5195.0,5200.0,5242.5,5154.0,5180.0,5198.0,5192.2,1891,98.18,572,1513,80.01
DRCSYSTEMS,EQ,07-Oct-2026,12.92,13.22,13.69,12.56,12.96,12.96,12.97,44519,5.77,301,33952,76.26
DREAMFOLKS,EQ,07-Oct-2026,60.66,60.5,61.14,60.01,60.2,60.13,60.53,34299,20.76,678,21079,61.46
DREDGECORP,EQ,07-Oct-2026,909.0,904.5,942.0,894.0,930.0,931.0,917.27,353668,3244.08,15638,53731,15.19
DRONE,SM,07-Oct-2026,33.3,34.0,34.0,33.0,33.0,33.05,33.31,25000,8.33,38,19500,78.00
DRREDDY,EQ,07-Oct-2026,1208.0,1208.0,1222.8,1192.2,1203.8,1203.8,1206.42,1754646,21168.35,63324,892352,50.86
DSFCL,BE,07-Oct-2026,27.94,28.4,29.33,27.81,29.33,29.33,29.15,82108,23.93,159,-,-
DSKULKARNI,BE,07-Oct-2026,27.12,27.66,27.66,27.66,27.66,27.66,27.66,223,0.06,7,-,-
DSSL,EQ,07-Oct-2026,1013.05,1034.4,1063.7,1018.0,1034.9,1032.45,1041.57,61664,642.27,4143,25665,41.62
DTIL,BE,07-Oct-2026,154.0,154.0,156.45,152.0,152.0,152.37,152.55,1564,2.39,26,-,-
DTL,SM,07-Oct-2026,120.05,120.05,120.05,120.05,120.05,120.05,120.05,1200,1.44,1,1200,100.00
DUCON,EQ,07-Oct-2026,1.42,1.49,1.49,1.42,1.49,1.49,1.48,1241981,18.34,372,1006526,81.04
DURLAX,SM,07-Oct-2026,63.75,64.9,65.0,61.1,61.1,61.95,62.71,144000,90.31,71,60000,41.67
DVL,EQ,07-Oct-2026,278.6,274.55,279.75,274.05,274.3,275.9,276.15,3326,9.18,192,1905,57.28
DWARKESH,EQ,07-Oct-2026,46.86,46.89,47.95,46.11,46.71,46.8,47.04,2479647,1166.49,11784,577511,23.29
DYCL,EQ,07-Oct-2026,446.05,442.6,446.0,436.45,441.0,441.05,441.59,142269,628.24,5888,52706,37.05
DYNAMATECH,EQ,07-Oct-2026,14279.0,14180.0,14252.0,13660.0,13662.0,13723.0,13914.83,29509,4106.13,10552,11728,39.74
DYNAMIC,SM,07-Oct-2026,131.0,131.65,132.0,130.0,130.0,130.05,130.24,25500,33.21,13,25000,98.04
DYNPRO,EQ,07-Oct-2026,221.55,220.22,230.99,217.6,227.0,226.7,223.9,7094,15.88,318,4221,59.50
E2E,BE,07-Oct-2026,688.9,678.9,723.3,678.8,723.3,723.3,714.97,482956,3453.01,3693,-,-
E2ERAIL,SM,07-Oct-2026,312.65,312.5,312.65,303.0,304.95,305.3,308.63,94400,291.35,91,44000,46.61
EASEMYTRIP,EQ,07-Oct-2026,5.8,5.85,6.07,5.75,5.88,5.86,5.89,27006843,1591.8,10257,4673969,17.31
EASTSILK,BE,07-Oct-2026,67.2,70.0,70.56,68.5,68.5,68.5,70.17,1474,1.03,15,-,-
EASTWEST,EQ,07-Oct-2026,2.22,2.24,2.36,2.19,2.35,2.35,2.25,31194,0.7,171,19737,63.27
EBANK10,EQ,07-Oct-2026,16.3,15.89,16.32,15.89,16.32,16.32,16.17,2218,0.36,17,1241,55.95
EBANKNIFTY,EQ,07-Oct-2026,55.7,55.46,55.85,55.4,55.4,55.41,55.64,5366,2.99,15,5166,96.27
EBBETF0430,EQ,07-Oct-2026,1607.48,1612.8,1612.8,1602.7,1606.0,1605.78,1605.43,20267,325.37,350,16521,81.52
EBBETF0431,EQ,07-Oct-2026,1427.32,1432.66,1432.66,1422.93,1424.0,1423.34,1424.33,18357,261.46,302,17331,94.41
EBBETF0433,EQ,07-Oct-2026,1301.26,1301.26,1303.86,1295.21,1298.51,1298.74,1299.55,1970,25.6,116,1423,72.23
EBGNG,EQ,07-Oct-2026,685.15,688.2,735.0,682.2,734.8,731.35,717.98,1130382,8115.92,42052,469075,41.50
EBIX,BE,07-Oct-2026,17.01,17.4,17.57,16.8,17.07,17.26,17.28,21249,3.67,79,-,-
ECAPINSURE,EQ,07-Oct-2026,23.35,23.1,23.32,22.92,23.25,23.28,23.14,23880,5.53,260,20047,83.95
ECLERX,EQ,07-Oct-2026,1917.2,1917.5,1917.5,1868.8,1900.0,1896.0,1892.01,122326,2314.42,13980,82874,67.75
ECOLINE,SM,07-Oct-2026,184.95,184.95,190.0,184.0,189.0,187.4,186.29,32000,59.61,21,30000,93.75
ECORECO,EQ,07-Oct-2026,438.7,445.95,445.95,416.9,419.0,424.25,423.25,15821,66.96,1310,9056,57.24
ECOSMOBLTY,EQ,07-Oct-2026,110.42,111.0,113.87,105.92,108.01,108.24,108.85,37693,41.03,1255,21541,57.15
EDELWEISS,EQ,07-Oct-2026,135.53,136.43,136.88,133.02,134.4,133.8,134.87,2921934,3940.89,22941,1451719,49.68
EEPL,ST,07-Oct-2026,136.0,136.0,136.0,133.0,133.0,133.0,133.51,6000,8.01,6,6000,100.00
EFACTOR,SM,07-Oct-2026,183.5,183.5,198.0,177.05,195.95,194.65,189.85,26000,49.36,43,22400,86.15
EFCIL,EQ,07-Oct-2026,170.1,171.24,174.49,169.01,174.0,173.8,171.53,240036,411.73,3561,162591,67.74
EFFWA,SM,07-Oct-2026,343.35,341.0,344.5,335.0,341.0,341.5,340.6,28800,98.09,71,24000,83.33
EFORCE,SM,07-Oct-2026,18.0,17.6,19.35,17.3,19.35,19.35,18.1,16800,3.04,14,12000,71.43
EGOLD,EQ,07-Oct-2026,147.05,146.8,147.1,146.05,146.5,146.5,146.51,184363,270.1,721,171309,92.92
EICHERMOT,EQ,07-Oct-2026,7051.0,7004.0,7050.0,6960.0,6960.0,6960.0,7002.46,272452,19078.33,31909,138782,50.94
EIDPARRY,EQ,07-Oct-2026,699.2,698.0,701.75,691.0,701.0,699.55,696.74,336016,2341.16,21489,164737,49.03
EIEL,EQ,07-Oct-2026,185.54,185.54,188.95,182.82,187.25,187.41,186.76,406629,759.44,10668,177122,43.56
EIFFL,BE,07-Oct-2026,259.5,259.6,259.6,257.0,257.5,257.5,258.52,1177,3.04,17,-,-
EIHAHOTELS,EQ,07-Oct-2026,297.8,299.0,299.35,292.1,298.0,297.3,295.76,10056,29.74,817,6559,65.22
EIHOTEL,EQ,07-Oct-2026,300.7,299.2,301.2,295.6,296.0,296.5,297.76,92171,274.45,7357,45227,49.07
EIMCOELECO,EQ,07-Oct-2026,2371.8,2378.0,2448.4,2240.0,2240.0,2247.3,2331.65,103663,2417.06,9133,50313,48.54
EKC,EQ,07-Oct-2026,106.54,106.61,106.93,104.9,105.99,105.52,105.66,113485,119.91,1727,42325,37.30
EKI,BE,07-Oct-2026,88.41,88.0,89.99,83.99,86.99,85.01,84.84,21433,18.18,373,-,-
ELANTAS,EQ,07-Oct-2026,13937.0,14000.0,14100.0,13821.0,14100.0,14022.0,13977.19,1960,273.95,517,1195,60.97
ELCIDIN,EQ,07-Oct-2026,102975.0,100710.0,102900.0,100710.0,102900.0,102900.0,101247.5,6,6.07,6,4,66.67
ELDEHSG,EQ,07-Oct-2026,785.2,766.15,788.85,766.15,768.4,769.0,771.36,368,2.84,28,303,82.34
ELECON,EQ,07-Oct-2026,446.3,447.5,451.35,440.0,440.95,441.25,444.3,244794,1087.61,14208,87470,35.73
ELECTCAST,EQ,07-Oct-2026,78.97,79.14,79.89,76.85,78.8,78.73,78.62,2837104,2230.49,21062,1210064,42.65
ELECTHERM,EQ,07-Oct-2026,735.25,749.9,749.9,710.0,718.0,722.95,720.68,8915,64.25,898,4407,49.43
ELEVATE,EQ,07-Oct-2026,337.75,337.75,356.95,337.0,348.3,350.0,349.26,3710501,12959.12,77331,982423,26.48
ELGIEQUIP,EQ,07-Oct-2026,599.25,595.0,604.9,592.95,601.7,602.05,600.4,209835,1259.85,15059,120723,57.53
ELGIRUBCO,EQ,07-Oct-2026,55.97,56.5,58.5,55.51,58.4,57.85,57.1,113283,64.68,1364,72175,63.71
ELGNZ,SM,07-Oct-2026,80.0,80.0,86.0,78.0,81.5,81.5,82.46,88000,72.57,65,73000,82.95
ELIN,EQ,07-Oct-2026,78.84,79.7,79.7,76.85,76.91,77.07,77.65,102293,79.43,1906,61141,59.77
ELIQUID,EQ,07-Oct-2026,1050.67,1050.82,1050.84,1050.82,1050.84,1050.83,1050.83,54380,571.44,13,37465,68.89
ELITECON,EQ,07-Oct-2026,7.24,7.32,7.6,7.19,7.5,7.53,7.52,13067588,982.5,8010,6012971,46.01
ELLEN,EQ,07-Oct-2026,348.2,348.35,367.9,345.15,366.0,365.75,361.2,1095985,3958.69,23949,508719,46.42
ELM250,EQ,07-Oct-2026,15.8,15.87,15.87,15.55,15.55,15.58,15.7,180389,28.31,258,172876,95.84
ELMDIV,EQ,07-Oct-2026,34.49,34.54,34.57,34.29,34.51,34.51,34.44,396,0.14,8,248,62.63
ELPROINTL,EQ,07-Oct-2026,174.39,174.75,175.98,171.98,174.75,174.86,174.46,11930,20.81,214,9297,77.93
EMAMILTD,EQ,07-Oct-2026,384.0,383.0,383.1,370.05,375.0,375.45,374.79,1517301,5686.73,26332,836251,55.11
EMAMIPAP,BE,07-Oct-2026,115.2,115.0,117.3,110.55,116.96,116.48,114.52,18641,21.35,159,-,-
EMAMIREAL,EQ,07-Oct-2026,68.43,68.5,69.9,68.5,68.51,69.12,69.21,5649,3.91,440,5372,95.10
EMAPARTNER,SM,07-Oct-2026,82.05,80.0,80.05,80.0,80.05,80.05,80.03,2000,1.6,2,2000,100.00
EMBASSY,RR,07-Oct-2026,431.21,431.3,436.7,428.03,435.0,435.3,431.42,569000,2454.8,13678,493495,86.73
EMBDL,EQ,07-Oct-2026,57.33,57.49,57.89,56.66,57.01,57.19,57.23,1476759,845.2,11534,739593,50.08
EMCURE,EQ,07-Oct-2026,1922.4,1913.9,1932.9,1901.2,1920.0,1918.0,1915.41,39428,755.21,10368,21625,54.85
EMETAL,EQ,07-Oct-2026,12.57,12.57,12.6,12.32,12.52,12.42,12.42,11991,1.49,63,11874,99.02
EMIL,EQ,07-Oct-2026,201.42,200.9,212.64,200.3,211.4,211.54,209.8,9094206,19079.78,68542,2379912,26.17
EMKAY,EQ,07-Oct-2026,285.6,283.5,294.0,283.5,287.65,287.3,289.29,45122,130.53,1556,24310,53.88
EMKAYTOOLS,SM,07-Oct-2026,94.0,95.0,95.0,94.5,94.5,94.75,94.75,300,0.28,2,300,100.00
EMMBI,EQ,07-Oct-2026,88.15,88.2,88.2,85.07,85.36,85.62,85.91,6091,5.23,198,3503,57.51
EMMIL,SM,07-Oct-2026,129.95,130.0,130.0,120.0,124.0,122.85,123.65,23000,28.44,73,17500,76.09
EMMVEE,EQ,07-Oct-2026,296.5,296.0,311.35,292.25,306.0,305.8,304.06,3016282,9171.21,63843,1082472,35.89
EMPIND,EQ,07-Oct-2026,1040.0,1041.0,1048.0,1031.1,1033.0,1032.9,1040.39,2791,29.04,223,2356,84.41
EMPOWER,EQ,07-Oct-2026,1.68,1.7,1.76,1.7,1.76,1.76,1.76,27855807,488.91,4469,14779843,53.06
EMSLIMITED,EQ,07-Oct-2026,334.25,334.25,334.25,326.3,329.05,328.95,330.04,96104,317.18,3829,37055,38.56
EMUDHRA,EQ,07-Oct-2026,607.9,605.0,620.75,581.35,607.0,605.5,600.28,633364,3801.99,31964,183140,28.92
EMULTIMQ,EQ,07-Oct-2026,40.56,40.56,40.96,40.25,40.74,40.72,40.61,46411,18.85,119,44195,95.23
ENCOMPAS,SM,07-Oct-2026,254.0,243.65,249.0,241.25,249.0,249.0,244.63,1200,2.94,3,1200,100.00
ENDURANCE,EQ,07-Oct-2026,2516.0,2530.0,2537.0,2488.7,2501.7,2513.4,2515.27,74772,1880.72,21917,37874,50.65
ENERGY,EQ,07-Oct-2026,37.21,36.27,37.95,36.27,37.04,36.98,37.07,133804,49.6,988,71628,53.53
ENERGYAXIS,EQ,07-Oct-2026,18.42,18.51,18.51,18.35,18.4,18.4,18.41,14607,2.69,53,8385,57.40
ENERGYDEV,EQ,07-Oct-2026,14.36,14.18,14.74,14.03,14.55,14.57,14.48,31805,4.61,191,15499,48.73
ENEXT50,EQ,07-Oct-2026,69.92,70.26,70.26,69.15,69.63,69.61,69.2,1127,0.78,6,1116,99.02
ENGINERSIN,EQ,07-Oct-2026,313.3,313.3,316.15,305.5,307.5,308.3,310.43,4102945,12736.89,59933,1374369,33.50
ENIFTY,EQ,07-Oct-2026,23.02,23.59,23.59,22.76,22.85,22.85,22.89,3274,0.75,53,3161,96.55
ENIL,EQ,07-Oct-2026,92.24,91.57,94.99,91.1,92.97,92.0,91.92,27588,25.36,195,26250,95.15
ENKEIWHEL,EQ,07-Oct-2026,386.6,388.1,393.0,387.5,387.5,388.45,389.07,1670,6.5,49,1632,97.72
ENRIN,EQ,07-Oct-2026,3307.5,3300.0,3406.9,3276.3,3344.0,3344.0,3354.95,426581,14311.58,35715,168421,39.48
ENSER,SM,07-Oct-2026,15.3,15.7,15.9,15.0,15.5,15.5,15.47,230000,35.58,41,130000,56.52
ENTERO,EQ,07-Oct-2026,1721.6,1720.8,1753.8,1701.0,1705.9,1713.3,1723.89,67467,1163.06,9955,30039,44.52
ENVIRO,SM,07-Oct-2026,71.8,74.4,74.9,70.65,71.55,71.55,72.56,24000,17.42,23,17000,70.83
EPACK,EQ,07-Oct-2026,173.75,174.5,176.27,170.3,171.5,171.84,173.22,304936,528.22,5399,112194,36.79
EPACKPEB,EQ,07-Oct-2026,247.82,246.32,271.4,245.22,266.29,267.44,264.78,3553592,9409.14,63019,1367384,38.48
EPIGRAL,EQ,07-Oct-2026,1036.2,1035.9,1040.0,1018.3,1037.0,1030.0,1025.4,47054,482.49,3106,22148,47.07
EPL,EQ,07-Oct-2026,237.23,236.5,237.99,232.35,237.8,237.03,234.96,1184596,2783.37,22835,650936,54.95
EPWINDIA,SM,07-Oct-2026,228.6,230.05,244.0,230.05,244.0,244.0,237.02,3600,8.53,3,2400,66.67
EQUAL200,EQ,07-Oct-2026,13.13,13.11,13.12,13.0,13.04,13.03,13.06,28794,3.76,80,28364,98.51
EQUAL50,EQ,07-Oct-2026,312.6,311.25,312.02,309.5,310.73,310.32,311.28,20284,63.14,61,16592,81.80
EQUAL50ADD,EQ,07-Oct-2026,323.46,323.49,328.0,320.07,320.25,321.69,322.88,26775,86.45,437,17097,63.85
EQUIPPP,BE,07-Oct-2026,22.5,22.65,22.69,21.43,22.69,22.38,22.09,2222,0.49,26,-,-
EQUITASBNK,EQ,07-Oct-2026,67.96,67.95,69.2,67.36,68.68,68.92,68.32,1250396,854.29,14129,624277,49.93
ERIS,EQ,07-Oct-2026,1184.7,1184.7,1221.9,1141.0,1143.1,1145.8,1172.16,200276,2347.55,24539,84359,42.12
ESABINDIA,EQ,07-Oct-2026,5608.0,5625.0,5710.0,5580.0,5698.0,5627.0,5651.61,1884,106.48,748,1073,56.95
ESAFSFB,BE,07-Oct-2026,42.15,42.69,43.21,41.75,42.66,42.67,42.5,219456,93.27,938,-,-
ESCONET,ST,07-Oct-2026,232.85,234.0,244.45,234.0,244.45,244.45,240.87,26400,63.59,56,24800,93.94
ESCORTS,EQ,07-Oct-2026,2811.7,2805.0,2805.0,2771.0,2797.1,2785.5,2786.01,38964,1085.54,8967,18364,47.13
ESDS,EQ,07-Oct-2026,1294.3,1359.0,1359.0,1309.0,1359.0,1359.0,1357.65,2562254,34786.41,10738,1496693,58.41
ESENSEX,EQ,07-Oct-2026,73.64,73.57,73.73,73.0,73.0,73.17,73.3,88,0.06,23,54,61.36
ESFL,SM,07-Oct-2026,112.55,113.1,115.0,112.9,113.15,114.15,114.58,13680,15.67,22,12960,94.74
ESG,EQ,07-Oct-2026,38.88,39.85,39.85,38.61,38.73,38.73,38.73,9054,3.51,67,6018,66.47
ESILVER,EQ,07-Oct-2026,220.35,218.0,219.73,218.0,218.01,218.59,218.64,103671,226.67,1578,97394,93.95
ESPRIT,SM,07-Oct-2026,62.0,61.0,63.6,60.3,62.1,62.1,62.13,14400,8.95,9,6400,44.44
ESSARSHPNG,EQ,07-Oct-2026,16.72,17.0,17.03,16.4,16.65,16.66,16.66,151756,25.28,979,92613,61.03
ESSENTIA,EQ,07-Oct-2026,1.01,1.02,1.02,1.0,1.01,1.0,1.01,2539275,25.65,561,1292378,50.90
ESTER,EQ,07-Oct-2026,93.87,93.87,96.0,93.07,95.85,94.55,94.79,60124,56.99,1122,29728,49.44
ETERNAL,EQ,07-Oct-2026,329.0,332.6,332.7,324.6,328.0,328.0,329.07,23804457,78334.12,386018,13296285,55.86
ETHOSLTD,EQ,07-Oct-2026,2621.2,2626.1,2683.9,2608.0,2646.0,2634.8,2647.88,106641,2823.72,10170,73314,68.75
ETML,SM,07-Oct-2026,72.95,70.0,72.0,69.0,69.0,69.9,70.23,58800,41.3,28,48000,81.63
EUREKAFORB,EQ,07-Oct-2026,353.8,356.85,356.85,348.25,352.0,351.75,351.85,189362,666.26,8072,99116,52.34
EUROBOND,EQ,07-Oct-2026,143.4,141.0,145.0,140.0,141.1,140.27,141.91,6130,8.7,73,5513,89.93
EUROPRATIK,EQ,07-Oct-2026,180.02,177.0,182.2,176.1,180.0,179.12,179.21,128345,230.01,4963,60280,46.97
EUROTEXIND,EQ,07-Oct-2026,16.33,16.98,16.98,15.7,16.7,16.12,16.23,5181,0.84,50,3345,64.56
EVEREADY,EQ,07-Oct-2026,320.1,317.35,323.0,315.0,320.0,320.5,320.09,37818,121.05,1441,25054,66.25
EVERESTIND,EQ,07-Oct-2026,515.95,515.5,531.9,492.2,497.45,499.35,508.69,50453,256.65,1936,29445,58.36
EVIETF,EQ,07-Oct-2026,30.28,30.89,30.89,29.94,30.0,30.06,30.07,133851,40.25,636,101450,75.79
EVINDIA,EQ,07-Oct-2026,30.28,31.3,31.3,29.92,30.08,30.07,30.11,102330,30.81,1531,68633,67.07
EXCELINDUS,EQ,07-Oct-2026,924.1,917.05,930.7,900.0,930.7,923.9,916.33,9779,89.61,1302,5111,52.27
EXCELLENT,ST,07-Oct-2026,185.5,177.0,185.0,177.0,185.0,185.0,181.0,6400,11.58,4,4800,75.00
EXCELSOFT,EQ,07-Oct-2026,82.1,81.8,83.45,81.18,81.5,81.71,82.07,363535,298.36,3563,160050,44.03
EXICOM,EQ,07-Oct-2026,156.17,156.17,156.59,153.32,153.7,153.78,154.7,467878,723.81,6542,211744,45.26
EXIDEIND,EQ,07-Oct-2026,405.75,407.0,409.55,401.0,402.8,402.95,405.17,1208162,4895.08,44204,663746,54.94
EXIMROUTES,SM,07-Oct-2026,87.4,84.15,84.4,84.0,84.4,84.4,84.16,3200,2.69,4,2400,75.00
EXPLEOSOL,EQ,07-Oct-2026,878.85,889.0,889.0,855.0,862.5,862.65,869.11,10395,90.34,1445,6029,58.00
EXXARO,EQ,07-Oct-2026,6.14,6.12,6.24,6.1,6.12,6.13,6.16,178338,10.99,344,147626,82.78
FABTECH,EQ,07-Oct-2026,141.04,141.04,143.83,140.4,140.5,143.03,142.59,47841,68.22,786,23652,49.44
FACT,EQ,07-Oct-2026,759.0,754.0,756.55,745.1,745.1,746.95,750.75,53546,402.0,5024,18652,34.83
FAIRCHEMOR,EQ,07-Oct-2026,679.3,682.0,732.7,680.0,703.0,703.85,704.89,129286,911.32,5703,61684,47.71
FASCINATE,SM,07-Oct-2026,81.45,85.5,85.5,85.5,85.5,85.5,85.5,305600,261.29,135,296000,96.86
FAZE3Q,EQ,07-Oct-2026,445.75,440.15,465.0,436.95,449.1,450.1,454.34,40232,182.79,1926,22343,55.54
FCL,EQ,07-Oct-2026,59.2,58.95,60.9,57.51,57.98,57.8,59.06,29767531,17580.55,79722,9396431,31.57
FCSSOFT,EQ,07-Oct-2026,1.41,1.41,1.43,1.38,1.41,1.4,1.4,1991435,27.93,969,1311407,65.85
FDC,EQ,07-Oct-2026,333.65,331.75,337.7,326.15,328.5,328.55,330.54,84094,277.97,3958,40427,48.07
FEDDERSHOL,EQ,07-Oct-2026,64.25,64.9,65.48,62.65,63.4,63.43,63.87,5506060,3516.91,24917,1060938,19.27
FEDERALBNK,EQ,07-Oct-2026,320.0,320.0,326.15,317.05,323.5,323.5,323.45,8632011,27920.51,82892,5616124,65.06
FEDFINA,EQ,07-Oct-2026,150.72,150.99,151.8,148.21,148.7,148.56,149.87,497138,745.07,8318,275336,55.38
FEL,BZ,07-Oct-2026,0.37,0.38,0.38,0.36,0.36,0.36,0.37,94222,0.35,79,-,-
FELDVR,BZ,07-Oct-2026,1.96,1.9,2.05,1.9,2.04,2.04,1.96,386,0.01,20,-,-
FELIX,SM,07-Oct-2026,194.4,192.65,194.0,188.0,191.0,189.7,191.17,26500,50.66,46,12000,45.28
FERMENTA,EQ,07-Oct-2026,569.45,569.05,582.0,560.0,567.0,565.3,570.93,237475,1355.82,8055,73477,30.94
FIBERWEB,EQ,07-Oct-2026,26.47,26.1,27.18,26.01,26.14,26.36,26.21,14227,3.73,117,10777,75.75
FICRF3GP,MF,07-Oct-2026,468.18,499.0,499.0,499.0,499.0,499.0,499.0,1,0.0,1,1,100.00
FIDEL,SM,07-Oct-2026,177.6,179.0,183.75,178.0,178.0,178.0,179.98,7000,12.6,7,5000,71.43
FIEMIND,EQ,07-Oct-2026,1779.5,1784.3,1804.8,1768.1,1803.0,1799.3,1791.95,39539,708.52,5167,23723,60.00
FILATEX,EQ,07-Oct-2026,111.36,111.29,114.58,109.8,111.16,111.63,111.93,2534868,2837.27,19664,803453,31.70
FILATFASH,EQ,07-Oct-2026,0.18,0.18,0.19,0.18,0.19,0.18,0.18,11810025,21.83,1344,5590131,47.33
FINBUD,SM,07-Oct-2026,118.0,120.85,125.45,120.85,122.5,122.5,122.98,13000,15.99,8,11000,84.62
FINCABLES,EQ,07-Oct-2026,1474.0,1481.1,1494.9,1463.4,1487.0,1483.5,1478.46,409024,6047.27,24916,151846,37.12
FINEORG,EQ,07-Oct-2026,5537.0,5537.0,5666.0,5372.0,5640.0,5625.5,5557.67,67944,3776.1,17532,30999,45.62
FINIETF,EQ,07-Oct-2026,30.43,30.32,31.0,30.15,30.79,30.68,30.38,216077,65.64,978,108110,50.03
FINKURVE,EQ,07-Oct-2026,69.31,69.05,69.59,67.0,67.51,67.53,68.17,30405,20.73,664,18000,59.20
FINOPB,EQ,07-Oct-2026,128.29,128.29,129.26,127.24,129.25,128.76,128.31,55775,71.57,1162,23668,42.43
FINPIPE,EQ,07-Oct-2026,154.72,154.03,155.69,153.11,154.19,153.91,154.3,313175,483.21,13576,140730,44.94
FIRSTCRY,EQ,07-Oct-2026,177.57,178.01,178.01,171.2,172.0,172.2,174.1,1240460,2159.68,14366,487035,39.26
FISCHER,EQ,07-Oct-2026,33.14,32.7,34.0,32.5,32.99,32.63,32.89,427904,140.74,1727,282117,65.93
FIVESTAR,EQ,07-Oct-2026,514.35,514.6,518.4,507.0,509.0,509.35,512.91,641274,3289.16,34874,368562,57.47
FLAIR,EQ,07-Oct-2026,227.84,227.1,228.95,225.59,227.01,227.97,227.06,23639,53.67,1054,9211,38.97
FLEXIADD,EQ,07-Oct-2026,9.5,9.5,9.55,9.42,9.51,9.46,9.46,63186,5.98,378,43525,68.88
FLEXITUFF,BE,07-Oct-2026,3.13,3.19,3.19,3.19,3.19,3.19,3.19,30149,0.96,36,-,-
FLFL,BZ,07-Oct-2026,1.02,1.01,1.04,0.97,0.99,0.98,0.99,148751,1.47,135,-,-
FLUOROCHEM,EQ,07-Oct-2026,4577.2,4588.7,4645.5,4538.9,4570.0,4555.9,4602.56,126650,5829.14,19582,73491,58.03
FLYSBS,SM,07-Oct-2026,648.4,659.9,659.9,628.1,631.0,631.5,640.53,45000,288.24,116,37200,82.67
FMCGADD,EQ,07-Oct-2026,45.27,45.27,46.18,44.92,45.17,45.0,45.03,8349,3.76,122,6427,76.98
FMCGIETF,EQ,07-Oct-2026,48.39,48.39,49.5,47.8,48.22,48.01,48.14,697135,335.63,3429,322725,46.29
FMGOETZE,EQ,07-Oct-2026,448.5,448.5,448.65,440.0,441.3,441.15,442.56,80264,355.22,4714,38570,48.05
FMNL,EQ,07-Oct-2026,7.96,7.96,8.15,7.96,8.13,8.12,8.09,16045,1.3,146,13959,87.00
FOCUS,EQ,07-Oct-2026,55.95,56.95,56.95,54.1,56.25,56.26,55.59,13940,7.75,214,8043,57.70
FONEBOX,ST,07-Oct-2026,127.5,133.85,133.85,133.85,133.85,133.85,133.85,5000,6.69,5,5000,100.00
FOODSIN,EQ,07-Oct-2026,50.78,50.78,51.0,49.51,49.51,50.05,50.48,39884,20.13,781,27662,69.36
FORCAS,ST,07-Oct-2026,233.7,233.7,239.95,232.0,239.95,239.95,235.52,8000,18.84,5,6400,80.00
FORCEMOT,EQ,07-Oct-2026,17110.0,17080.0,17080.0,16800.0,16956.0,16956.0,16929.48,54188,9173.74,17962,20805,38.39
FORGEAUTO,SM,07-Oct-2026,99.45,101.0,101.0,100.0,100.0,100.0,100.5,2400,2.41,2,2400,100.00
FORTIS,EQ,07-Oct-2026,764.0,760.15,782.45,753.45,779.1,779.1,771.5,1858360,14337.29,39680,1049555,56.48
FOSECOIND,EQ,07-Oct-2026,6440.0,6478.0,6496.5,6326.0,6336.0,6373.0,6399.19,5439,348.05,1830,2506,46.07
FRACTAL,EQ,07-Oct-2026,742.15,741.0,741.0,718.0,721.0,721.3,728.17,114183,831.45,7744,53096,46.50
FREDUN,EQ,07-Oct-2026,1406.7,1418.3,1547.3,1403.9,1470.4,1473.9,1479.3,235127,3478.23,14639,108074,45.96
FRESHARA,ST,07-Oct-2026,391.3,387.0,410.85,385.1,410.85,410.85,401.64,18600,74.71,30,15000,80.65
FROG,SM,07-Oct-2026,255.0,252.0,260.0,250.0,252.55,253.0,255.62,15200,38.85,35,10000,65.79
FRONTSP,EQ,07-Oct-2026,1392.5,1401.9,1503.6,1389.2,1418.0,1431.2,1448.07,79155,1146.22,8301,30850,38.97
FSL,EQ,07-Oct-2026,260.25,261.8,265.85,257.6,259.0,259.2,261.33,759122,1983.78,27677,304882,40.16
FUSION,EQ,07-Oct-2026,169.0,170.05,172.2,167.35,168.05,168.52,169.34,236190,399.97,5945,128360,54.35
FWSTC,SM,07-Oct-2026,191.0,191.0,204.9,185.95,204.0,204.0,196.96,62400,122.9,19,60000,96.15
GABRIEL,EQ,07-Oct-2026,1352.9,1350.5,1363.7,1329.6,1344.0,1346.9,1352.03,195774,2646.92,21301,66568,34.00
GAEL,EQ,07-Oct-2026,162.81,162.81,166.8,160.2,162.65,162.98,163.43,1506793,2462.62,35192,864652,57.38
GAIL,EQ,07-Oct-2026,172.08,171.01,171.22,168.56,170.71,170.71,170.05,7094410,12063.95,35592,4551031,64.15
GAJA,EQ,07-Oct-2026,141.71,142.61,148.17,141.0,146.25,146.35,144.35,455062,656.9,6573,154722,34.00
GALAPREC,EQ,07-Oct-2026,1161.0,1168.8,1193.0,1148.0,1185.0,1161.4,1166.77,35302,411.89,3977,16807,47.61
GALAXYSURF,EQ,07-Oct-2026,2442.4,2435.6,2503.1,2421.0,2440.0,2434.0,2462.8,78369,1930.07,14995,37135,47.38
GALLANTT,EQ,07-Oct-2026,530.05,529.9,530.0,512.0,514.0,514.55,518.72,105150,545.44,5319,52397,49.83
GANDHAR,EQ,07-Oct-2026,282.5,283.75,301.0,282.25,299.0,299.2,295.26,1975725,5833.45,29932,888913,44.99
GANDHITUBE,EQ,07-Oct-2026,981.5,987.1,987.1,968.0,976.5,974.15,973.78,3166,30.83,451,1856,58.62
GANECOS,EQ,07-Oct-2026,990.1,995.0,1023.9,975.2,997.0,998.9,1007.5,55793,562.11,4853,20101,36.03
GANESHBE,BE,07-Oct-2026,112.28,108.0,117.89,106.67,117.89,117.78,112.08,2593734,2907.14,3661,-,-
GANESHCP,EQ,07-Oct-2026,145.47,145.47,162.96,144.5,160.0,158.87,156.87,793413,1244.63,14125,262728,33.11
GANESHHOU,EQ,07-Oct-2026,713.65,713.8,717.95,690.55,700.0,701.1,702.91,23408,164.54,1376,16253,69.43
GANESHIN,SM,07-Oct-2026,87.05,88.0,89.25,85.3,88.35,88.55,87.75,20800,18.25,22,11200,53.85
GANGABATH,SM,07-Oct-2026,20.3,20.35,22.2,20.35,22.2,21.6,21.5,69000,14.83,22,57000,82.61
GANGAFORGE,EQ,07-Oct-2026,1.52,1.53,1.59,1.49,1.59,1.58,1.57,3374924,53.1,1046,1492748,44.23
GANGESSECU,EQ,07-Oct-2026,115.82,114.1,115.07,112.58,113.45,113.96,113.47,220,0.25,28,132,60.00
GARFIBRES,EQ,07-Oct-2026,770.05,769.8,785.1,765.9,770.0,773.75,775.81,19905,154.43,2589,8429,42.35
GARUDA,EQ,07-Oct-2026,173.36,174.52,174.84,172.0,173.2,172.55,172.92,169830,293.67,3228,76543,45.07
GATECH,BE,07-Oct-2026,0.65,0.65,0.65,0.62,0.62,0.62,0.63,17271013,108.76,4575,-,-
GATECHDVR,BE,07-Oct-2026,0.47,0.47,0.48,0.47,0.48,0.47,0.47,199132,0.94,141,-,-
GATEWAY,EQ,07-Oct-2026,50.91,51.0,52.25,50.75,51.4,51.65,51.62,900667,464.95,7301,456716,50.71
GAUDIUMIVF,EQ,07-Oct-2026,109.28,112.38,112.38,106.25,107.05,107.5,108.24,82459,89.26,1866,39144,47.47
GAYAHWS,EQ,07-Oct-2026,1.78,1.87,2.03,1.82,1.86,1.86,1.88,220163,4.13,351,149101,67.72
GAYAPROJ,EQ,07-Oct-2026,21.46,21.5,21.76,20.88,21.0,21.05,21.13,357002,75.45,2024,201123,56.34
GCHOTELS,SM,07-Oct-2026,113.05,110.05,119.0,108.0,117.0,115.7,113.62,49800,56.58,66,38400,77.11
GCSL,EQ,07-Oct-2026,693.05,695.6,701.25,686.3,697.0,689.7,695.05,392492,2728.0,3247,203919,51.95
GEECEE,EQ,07-Oct-2026,369.6,374.0,375.0,362.05,365.5,363.45,365.81,82,0.3,21,30,36.59
GEEKAYWIRE,EQ,07-Oct-2026,32.72,33.0,34.0,32.2,32.9,33.14,33.41,249043,83.2,1554,114076,45.81
GEMAROMA,EQ,07-Oct-2026,152.23,152.87,154.93,151.03,152.5,153.2,152.92,29511,45.13,1054,13744,46.57
GENCON,EQ,07-Oct-2026,37.78,39.0,39.0,36.55,36.55,37.04,37.46,493852,185.02,850,238436,48.28
GENESYS,EQ,07-Oct-2026,301.05,299.3,301.8,291.2,296.0,294.85,295.65,353278,1044.47,8796,152873,43.27
GENSOL,BZ,07-Oct-2026,12.35,12.35,12.49,11.74,11.75,11.74,11.84,260422,30.84,1270,-,-
GENUSPAPER,EQ,07-Oct-2026,10.57,10.66,10.9,10.07,10.6,10.47,10.53,61249,6.45,287,24444,39.91
GENUSPOWER,EQ,07-Oct-2026,307.2,304.0,307.2,298.8,301.9,301.05,302.04,1198764,3620.78,24981,439177,36.64
GENXAI,SM,07-Oct-2026,80.8,80.1,94.0,79.0,88.5,89.0,87.04,130800,113.85,106,93600,71.56
GEOJITFSL,EQ,07-Oct-2026,78.68,78.68,79.25,77.5,78.08,77.98,78.3,201903,158.09,2014,92413,45.77
GERMAN,EQ,07-Oct-2026,118.12,118.2,124.49,116.43,120.25,120.11,120.53,3650098,4399.44,39611,859630,23.55
GESHIP,EQ,07-Oct-2026,1532.6,1530.6,1572.0,1530.6,1569.9,1567.9,1558.46,464716,7242.4,28127,249225,53.63
GFLLIMITED,EQ,07-Oct-2026,55.86,55.9,58.05,55.27,58.05,57.83,56.97,117979,67.21,2126,76481,64.83
GFSTEELS,BE,07-Oct-2026,39.83,40.62,40.62,40.62,40.62,40.62,40.62,26331,10.7,37,-,-
GGBL,SM,07-Oct-2026,214.45,212.5,219.4,211.55,218.0,218.15,214.35,10800,23.15,34,7200,66.67
GHCL,EQ,07-Oct-2026,408.85,409.0,409.05,394.1,398.05,398.8,398.3,150335,598.78,9292,81278,54.06
GHCLTEXTIL,EQ,07-Oct-2026,131.58,132.46,133.01,128.41,130.45,130.04,130.02,251094,326.47,6219,143561,57.17
GICHSGFIN,EQ,07-Oct-2026,134.48,134.8,135.8,131.8,132.72,132.83,132.9,86892,115.48,1553,49327,56.77
GICL,BE,07-Oct-2026,21.05,20.9,21.79,20.21,21.75,21.34,20.96,135078,28.32,153,-,-
GICRE,EQ,07-Oct-2026,314.25,315.0,318.35,311.5,316.55,316.55,315.15,681917,2149.09,30334,361019,52.94
GILLANDERS,EQ,07-Oct-2026,111.77,113.0,116.75,109.0,110.93,109.38,111.71,6732,7.52,168,5228,77.66
GILLETTE,EQ,07-Oct-2026,7057.0,7060.0,7284.0,7006.0,7248.0,7223.5,7149.48,26580,1900.33,7611,16512,62.12
GILT10BETA,EQ,07-Oct-2026,26.45,26.5,26.5,25.98,26.15,26.15,26.06,1280,0.33,12,761,59.45
GILT5BETA,EQ,07-Oct-2026,66.0,66.29,66.29,65.14,66.25,66.25,65.42,2576,1.69,18,2000,77.64
GILT5YBEES,EQ,07-Oct-2026,65.54,65.68,65.69,65.36,65.53,65.54,65.51,259323,169.88,629,159047,61.33
GINNIFILA,BE,07-Oct-2026,40.96,41.95,41.98,40.54,41.0,40.99,41.07,51938,21.33,79,-,-
GIPCL,EQ,07-Oct-2026,174.06,175.0,175.85,170.44,171.02,171.86,172.89,294942,509.94,7103,164247,55.69
GIRIRAJ,SM,07-Oct-2026,57.5,59.45,59.5,54.65,54.65,54.95,55.59,6250,3.47,21,5000,80.00
GJL,ST,07-Oct-2026,510.1,525.95,525.95,484.6,484.6,484.6,501.83,4000,20.07,5,4000,100.00
GKB,EQ,07-Oct-2026,61.76,60.12,62.76,60.12,61.5,61.5,61.52,6765,4.16,29,6666,98.54
GKENERGY,EQ,07-Oct-2026,114.45,115.4,116.1,113.16,114.5,114.63,114.72,284451,326.33,3830,131066,46.08
GKSL,EQ,07-Oct-2026,193.62,193.98,197.3,185.82,187.45,187.12,190.0,2501508,4752.83,21625,570709,22.81
GKWLIMITED,EQ,07-Oct-2026,1545.4,1565.0,1565.0,1540.0,1560.0,1550.6,1549.65,7210,111.73,48,7203,99.90
GLAND,EQ,07-Oct-2026,3006.1,3026.0,3171.0,3019.0,3159.0,3150.6,3113.38,1341221,41757.32,89070,563797,42.04
GLASSWALL,EQ,07-Oct-2026,275.75,254.9,268.3,254.7,261.6,262.25,260.89,8768527,22876.18,95154,1356437,15.47
GLAXO,EQ,07-Oct-2026,2755.0,2760.0,2760.0,2613.3,2628.0,2634.0,2648.82,125296,3318.87,17797,40231,32.11
GLENMARK,EQ,07-Oct-2026,2311.0,2314.9,2326.8,2274.4,2282.3,2282.3,2288.12,500247,11446.25,32735,253725,50.72
GLFL,EQ,07-Oct-2026,5.39,5.31,5.57,5.13,5.44,5.43,5.29,13354,0.71,75,8471,63.43
GLOBAL,EQ,07-Oct-2026,142.62,142.62,145.49,141.25,145.0,144.79,143.83,84933,122.15,1336,50446,59.40
GLOBALE,EQ,07-Oct-2026,10.65,10.13,10.49,10.12,10.49,10.49,10.16,10724,1.09,31,10454,97.48
GLOBALVECT,EQ,07-Oct-2026,130.77,130.77,133.75,124.0,125.11,125.94,126.72,12669,16.05,864,8962,70.74
GLOBE,EQ,07-Oct-2026,2.08,2.05,2.13,2.05,2.13,2.11,2.1,150203,3.15,168,129693,86.35
GLOBECIVIL,EQ,07-Oct-2026,42.29,42.9,42.9,40.65,41.28,40.89,41.29,17587,7.26,397,15270,86.83
GLOBUSSPR,EQ,07-Oct-2026,812.7,810.0,823.45,794.0,800.0,796.85,803.72,85390,686.3,6649,41317,48.39
GLOSTERLTD,EQ,07-Oct-2026,551.6,555.8,555.8,545.2,552.9,552.9,552.13,268,1.48,25,145,54.10
GLOTTIS,EQ,07-Oct-2026,58.34,58.33,59.63,58.0,59.63,58.71,58.39,33195,19.38,895,21315,64.21
GMBREW,EQ,07-Oct-2026,981.35,979.0,997.95,972.45,988.0,984.95,988.43,152275,1505.13,8125,70112,46.04
GMDCLTD,EQ,07-Oct-2026,491.55,490.0,491.55,474.0,477.9,477.1,480.96,1206725,5803.89,28552,594910,49.30
GML,SM,07-Oct-2026,17.0,17.0,17.0,16.5,16.65,16.65,16.72,12000,2.01,6,12000,100.00
GMMPFAUDLR,EQ,07-Oct-2026,1425.7,1429.9,1459.5,1427.0,1438.2,1438.0,1440.03,171982,2476.59,16214,95371,55.45
GMRAIRPORT,EQ,07-Oct-2026,93.06,92.8,93.37,91.1,91.19,91.19,92.18,17042601,15710.47,43923,11887768,69.75
GMRP&UI,EQ,07-Oct-2026,102.23,102.51,104.0,101.29,101.81,101.58,102.62,835605,857.54,11824,325577,38.96
GNA,EQ,07-Oct-2026,615.8,614.55,614.55,581.0,583.8,583.65,592.58,490734,2907.98,14631,257378,52.45
GNFC,EQ,07-Oct-2026,629.5,634.0,634.0,616.0,616.35,618.2,620.92,457948,2843.49,23178,235068,51.33
GNRL,EQ,07-Oct-2026,98.79,100.0,101.03,97.1,97.1,97.67,98.55,301438,297.07,3762,181187,60.11
GOACARBON,EQ,07-Oct-2026,414.65,419.5,420.0,405.1,408.0,407.8,413.95,11433,47.33,847,6538,57.19
GOCLCORP,EQ,07-Oct-2026,372.45,373.95,374.0,360.65,365.6,367.85,366.56,78586,288.07,4398,32572,41.45
GOCOLORS,EQ,07-Oct-2026,306.45,305.95,309.9,300.45,307.8,306.15,305.5,62693,191.53,3081,31694,50.55
GODAVARIB,EQ,07-Oct-2026,228.57,228.3,228.6,224.02,225.99,226.24,226.62,34828,78.93,1409,19976,57.36
GODFRYPHLP,EQ,07-Oct-2026,1900.0,1890.0,1893.0,1856.3,1862.4,1862.4,1872.37,120245,2251.43,13060,41868,34.82
GODIGIT,EQ,07-Oct-2026,258.6,260.0,269.85,259.0,263.7,264.75,265.74,818602,2175.33,24862,340534,41.60
GODREJAGRO,EQ,07-Oct-2026,648.1,651.8,652.1,627.9,639.0,639.6,637.36,306889,1955.98,14284,160072,52.16
GODREJCP,EQ,07-Oct-2026,872.5,874.75,874.75,853.65,865.55,865.55,863.63,1332394,11506.96,28658,811956,60.94
GODREJIND,EQ,07-Oct-2026,1045.0,1049.0,1049.0,1025.0,1026.2,1029.0,1031.67,16388,169.07,2377,7126,43.48
GODREJPROP,EQ,07-Oct-2026,1610.0,1604.8,1604.8,1570.1,1580.2,1580.2,1585.81,196039,3108.81,17706,73548,37.52
GOKEX,EQ,07-Oct-2026,682.75,682.0,685.5,670.1,671.0,673.0,677.67,96561,654.37,8599,50631,52.43
GOKUL,EQ,07-Oct-2026,38.78,38.95,39.5,38.5,38.5,38.97,38.95,155203,60.45,690,21983,14.16
GOKULAGRO,EQ,07-Oct-2026,210.95,210.35,224.12,209.01,212.95,212.42,215.62,777477,1676.43,20603,138774,17.85
GOLD1,EQ,07-Oct-2026,122.72,122.24,122.7,122.24,122.27,122.3,122.37,1190007,1456.16,6342,750887,63.10
GOLD360,EQ,07-Oct-2026,143.25,143.25,144.25,141.75,143.3,142.75,142.84,4696,6.71,175,2792,59.45
GOLDADD,EQ,07-Oct-2026,14.29,14.31,14.31,14.23,14.25,14.24,14.25,3210535,457.36,7811,2485156,77.41
GOLDAXIS,EQ,07-Oct-2026,122.34,122.21,122.54,121.84,121.94,121.9,121.99,342211,417.46,2056,234709,68.59
GOLDBEES,EQ,07-Oct-2026,121.46,121.46,121.48,121.01,121.14,121.08,121.21,13757920,16675.8,73842,7887107,57.33
GOLDBETA,EQ,07-Oct-2026,123.75,124.0,124.0,123.15,123.25,123.25,123.3,591386,729.21,2081,500070,84.56
GOLDBND,EQ,07-Oct-2026,146.97,146.46,147.0,146.0,146.5,146.4,146.53,655,0.96,147,322,49.16
GOLDCASE,EQ,07-Oct-2026,23.14,23.14,23.16,23.04,23.08,23.05,23.09,18245796,4212.91,10665,11232955,61.56
GOLDENTOBC,BZ,07-Oct-2026,22.74,23.87,23.87,21.61,22.85,22.85,22.55,6282,1.42,86,-,-
GOLDETF,EQ,07-Oct-2026,142.99,142.88,142.96,142.46,142.51,142.57,142.66,471931,673.24,9195,355090,75.24
GOLDIAM,EQ,07-Oct-2026,317.5,316.9,321.6,311.55,315.35,317.0,316.49,338407,1071.03,7659,122362,36.16
GOLDIETF,EQ,07-Oct-2026,125.85,125.9,125.98,125.38,125.5,125.44,125.62,3361037,4221.97,27558,2569451,76.45
GOLDKART,SM,07-Oct-2026,104.0,104.0,104.0,104.0,104.0,104.0,104.0,625,0.65,1,625,100.00
GOLDSTAR,ST,07-Oct-2026,11.65,11.1,11.1,11.1,11.1,11.1,11.1,33750,3.75,3,33750,100.00
GOLDTECH,BE,07-Oct-2026,42.07,41.25,41.61,41.25,41.4,41.4,41.49,10807,4.48,44,-,-
GOODLUCK,EQ,07-Oct-2026,491.3,492.25,506.65,485.0,498.9,501.95,494.88,264589,1309.39,10003,113948,43.07
GOODYEAR,EQ,07-Oct-2026,685.95,685.05,690.0,680.0,686.0,685.05,685.43,3651,25.03,508,2566,70.28
GOPAL,EQ,07-Oct-2026,255.85,257.15,257.4,253.05,254.0,255.4,254.89,188529,480.54,1526,145210,77.02
GOYALALUM,EQ,07-Oct-2026,5.91,5.96,6.0,5.87,5.92,5.94,5.94,28011,1.66,220,21910,78.22
GOYALSALT,SM,07-Oct-2026,102.0,102.0,102.0,102.0,102.0,102.0,102.0,1200,1.22,2,1200,100.00
GPECO,SM,07-Oct-2026,469.65,470.0,470.0,444.0,454.95,454.45,451.77,27600,124.69,117,16000,57.97
GPIL,EQ,07-Oct-2026,218.98,218.0,218.0,212.95,213.85,214.31,214.48,1180059,2531.0,22518,623363,52.82
GPPL,EQ,07-Oct-2026,168.21,168.0,174.0,166.38,173.39,172.46,171.16,2205709,3775.19,25997,1053083,47.74
GPTHEALTH,EQ,07-Oct-2026,148.01,148.0,148.57,145.74,146.25,146.34,147.16,53458,78.67,1782,35402,66.22
GPTINFRA,EQ,07-Oct-2026,121.62,121.62,134.97,120.2,129.7,130.06,130.02,1834242,2384.87,24428,748203,40.79
GRADIENTE,BE,07-Oct-2026,2.57,2.51,2.64,2.45,2.51,2.5,2.51,1249514,31.31,258,-,-
GRANDOAK,EQ,07-Oct-2026,36.17,37.0,37.0,34.4,35.0,34.96,35.03,7900,2.77,92,6522,82.56
GRANULES,EQ,07-Oct-2026,836.4,839.4,850.7,822.2,845.8,845.3,838.69,1224602,10270.61,50413,538703,43.99
GRAPHISAD,SM,07-Oct-2026,24.4,24.9,25.05,24.5,24.9,24.7,24.91,14400,3.59,10,13200,91.67
GRAPHITE,EQ,07-Oct-2026,851.2,853.0,853.3,831.0,831.0,834.05,841.06,656284,5519.76,21154,250008,38.09
GRASIM,EQ,07-Oct-2026,2969.0,2945.5,2957.2,2901.6,2921.1,2921.1,2924.97,235855,6898.7,26440,135934,57.63
GRAUWEIL,EQ,07-Oct-2026,82.32,83.22,83.22,79.4,80.7,81.05,81.33,509818,414.63,3397,281553,55.23
GRAVISSHO,BE,07-Oct-2026,30.76,30.76,31.0,30.76,31.0,31.0,30.82,607,0.19,12,-,-
GRAVITA,EQ,07-Oct-2026,1500.9,1499.0,1510.3,1457.1,1504.0,1496.0,1486.32,271577,4036.5,21035,109567,40.34
GRCL,SM,07-Oct-2026,570.0,570.0,570.0,570.0,570.0,570.0,570.0,750,4.28,3,750,100.00
GREAVESCOT,EQ,07-Oct-2026,222.78,222.0,222.78,208.62,211.32,212.0,213.5,2299772,4909.99,32361,1054638,45.86
GREENASIA,ST,07-Oct-2026,89.0,89.0,89.0,84.55,84.55,84.55,88.69,1254400,1112.49,258,1254400,100.00
GREENCHEF,SM,07-Oct-2026,68.85,67.5,68.0,66.65,66.65,66.65,67.34,8000,5.39,10,6400,80.00
GREENLAM,EQ,07-Oct-2026,212.02,211.7,213.0,208.8,210.0,210.5,210.48,41475,87.3,1624,24645,59.42
GREENLEAF,SM,07-Oct-2026,114.35,109.05,112.9,108.65,108.65,108.8,109.5,20000,21.9,18,16000,80.00
GREENPANEL,EQ,07-Oct-2026,159.92,159.92,160.4,157.61,159.55,159.12,159.37,148744,237.06,3679,86934,58.45
GREENPLY,EQ,07-Oct-2026,315.3,312.15,313.0,308.1,310.1,310.75,310.72,53514,166.28,2746,25767,48.15
GREENPOWER,EQ,07-Oct-2026,8.74,8.73,8.75,8.63,8.64,8.65,8.68,1042099,90.43,3298,577269,55.39
GRINDWELL,EQ,07-Oct-2026,2033.1,2033.1,2051.7,2008.2,2020.1,2018.2,2026.0,20013,405.46,7869,10563,52.78
GRINFRA,EQ,07-Oct-2026,815.0,819.05,819.1,796.2,796.3,798.4,802.85,9539,76.58,1459,4724,49.52
GRMOVER,EQ,07-Oct-2026,79.04,79.04,82.17,78.41,81.22,81.19,80.89,1339846,1083.79,5847,246649,18.41
GROBTEA,EQ,07-Oct-2026,873.95,882.0,899.5,870.3,899.5,899.5,888.63,8,0.07,6,6,75.00
GROWW,EQ,07-Oct-2026,193.19,192.8,198.27,189.45,197.74,197.75,195.64,42404060,82959.68,257047,24713788,58.28
GROWWCAPM,EQ,07-Oct-2026,11.15,11.1,11.2,10.96,11.1,11.09,11.13,419809,46.71,1197,300732,71.64
GROWWCHEM,EQ,07-Oct-2026,28.53,28.54,30.88,28.24,30.88,28.79,28.45,25492,7.25,195,12640,49.58
GROWWDEFNC,EQ,07-Oct-2026,93.91,94.16,94.16,92.06,92.88,92.51,92.55,129442,119.8,2007,78969,61.01
GROWWEV,EQ,07-Oct-2026,30.33,30.48,31.0,29.85,29.85,30.29,30.06,202010,60.72,1823,106367,52.65
GROWWGOLD,EQ,07-Oct-2026,14.35,14.36,14.37,14.29,14.32,14.31,14.32,872235,124.94,2666,433596,49.71
GROWWHOSPI,EQ,07-Oct-2026,46.66,46.64,47.13,46.12,46.96,46.7,46.44,368000,170.91,1607,247081,67.14
GROWWLIQID,EQ,07-Oct-2026,111.03,111.06,111.06,111.05,111.06,111.05,111.06,243010,269.88,171,206507,84.98
GROWWLOVOL,EQ,07-Oct-2026,9.89,9.88,9.88,9.71,9.88,9.76,9.75,50194,4.89,150,28672,57.12
GROWWMC150,EQ,07-Oct-2026,220.9,217.81,221.17,217.81,220.32,220.32,219.74,545,1.2,20,476,87.34
GROWWMETAL,EQ,07-Oct-2026,11.97,11.95,12.0,11.75,11.75,11.77,11.85,317222,37.58,1376,229868,72.46
GROWWMOM50,EQ,07-Oct-2026,10.72,10.76,10.78,10.67,10.74,10.7,10.73,66102,7.1,391,49442,74.80
GROWWN200,EQ,07-Oct-2026,10.76,10.81,10.81,10.64,10.75,10.71,10.71,18483,1.98,211,10378,56.15
GROWWNET,EQ,07-Oct-2026,10.26,10.27,10.35,10.13,10.3,10.28,10.27,609947,62.63,612,395873,64.90
GROWWNIFTY,EQ,07-Oct-2026,9.22,9.29,9.29,9.09,9.15,9.16,9.16,590124,54.07,3134,419887,71.15
GROWWNXT50,EQ,07-Oct-2026,70.73,69.79,71.25,69.65,70.64,70.39,70.13,3638,2.55,113,2197,60.39
GROWWPOWER,EQ,07-Oct-2026,11.01,11.19,11.19,10.85,10.94,10.88,10.9,1801541,196.42,2114,1480854,82.20
GROWWPSE,EQ,07-Oct-2026,94.5,95.45,95.45,93.2,94.5,93.53,93.62,4132,3.87,102,2215,53.61
GROWWPSUBK,EQ,07-Oct-2026,80.43,79.57,83.39,79.3,83.29,81.42,80.47,4756,3.83,123,2481,52.17
GROWWRAIL,EQ,07-Oct-2026,26.05,26.06,26.18,25.85,26.05,25.99,26.0,263211,68.43,2251,126235,47.96
GROWWRLTY,EQ,07-Oct-2026,9.45,9.45,9.6,9.2,9.2,9.21,9.28,207774,19.28,862,154233,74.23
GROWWSC250,EQ,07-Oct-2026,10.38,10.38,10.42,10.23,10.39,10.36,10.36,68810,7.13,448,49597,72.08
GROWWSLVR,EQ,07-Oct-2026,21.59,21.61,21.63,21.39,21.47,21.41,21.51,670479,144.22,1405,199386,29.74
GRPLTD,EQ,07-Oct-2026,1853.0,1855.0,1874.8,1761.0,1863.0,1847.0,1819.5,1760,32.02,317,977,55.51
GRSE,EQ,07-Oct-2026,2137.3,2130.0,2130.1,2092.0,2100.1,2102.0,2103.29,279451,5877.65,23690,114575,41.00
GRWRHITECH,EQ,07-Oct-2026,7102.5,7082.0,7135.0,6834.0,6903.0,6903.5,6911.2,84439,5835.75,13429,52199,61.82
GSEC10ABSL,EQ,07-Oct-2026,111.22,111.78,111.9,110.5,110.5,111.2,111.2,2388,2.66,7,11,0.46
GSEC10ADD,EQ,07-Oct-2026,26.5,26.53,26.53,26.53,26.53,26.53,26.53,16,0.0,3,16,100.00
GSEC10YEAR,EQ,07-Oct-2026,29.79,29.8,32.76,29.8,30.5,30.38,30.38,35846,10.89,73,27663,77.17
GSEC5IETF,EQ,07-Oct-2026,65.64,65.96,66.0,65.38,65.38,65.69,65.85,8344,5.49,43,5589,66.98
GSFC,EQ,07-Oct-2026,153.47,152.89,153.79,149.2,149.85,149.73,150.97,636088,960.32,10452,292363,45.96
GSLSU,EQ,07-Oct-2026,28.89,28.03,29.55,28.03,28.97,28.88,28.91,56663,16.38,1298,5338,9.42
GSMFOILS,SM,07-Oct-2026,70.15,70.1,70.15,66.65,66.65,66.65,67.02,502500,336.79,372,222000,44.18
GSPCROP,EQ,07-Oct-2026,476.65,478.6,487.45,470.75,481.0,482.8,482.26,240478,1159.74,3621,15214,6.33
GSPLTRANS,BE,07-Oct-2026,123.82,117.63,121.3,117.63,117.63,117.63,117.69,2125298,2501.25,3627,-,-
GSS,EQ,07-Oct-2026,10.13,10.13,10.47,10.08,10.12,10.22,10.24,49526,5.07,265,35828,72.34
GSTL,SM,07-Oct-2026,10.95,10.95,11.45,10.95,11.45,11.45,11.38,7000,0.8,6,7000,100.00
GTECJAINX,EQ,07-Oct-2026,36.19,36.19,36.19,34.5,35.7,35.69,35.54,8987,3.19,82,6867,76.41
GTL,EQ,07-Oct-2026,6.86,6.92,7.13,6.8,6.91,6.9,6.94,185291,12.85,490,149197,80.52
GTLINFRA,EQ,07-Oct-2026,1.09,1.09,1.1,1.06,1.08,1.07,1.08,23200615,251.15,11634,10058208,43.35
GTPL,EQ,07-Oct-2026,54.68,55.69,56.88,54.36,56.0,55.92,56.0,38975,21.83,1060,21426,54.97
GUFICBIO,EQ,07-Oct-2026,427.8,428.35,430.55,420.9,423.0,422.55,424.93,47029,199.84,2521,27929,59.39
GUJALKALI,EQ,07-Oct-2026,613.1,616.5,619.5,604.0,616.25,616.0,611.89,39319,240.59,3189,14658,37.28
GUJAPOLLO,EQ,07-Oct-2026,346.7,349.9,350.85,340.0,341.75,341.8,344.84,9355,32.26,1795,3584,38.31
GUJENERGY,EQ,07-Oct-2026,229.97,229.7,232.19,227.83,227.99,228.48,229.15,864847,1981.83,20464,508841,58.84
GUJRAFFIA,EQ,07-Oct-2026,41.86,43.12,43.88,40.05,42.5,42.37,42.66,4819,2.06,85,3709,76.97
GUJTHEM,EQ,07-Oct-2026,390.0,387.8,389.4,378.95,379.0,379.5,383.63,270403,1037.33,8383,170728,63.14
GULFOILLUB,EQ,07-Oct-2026,1087.9,1080.8,1120.0,1078.5,1119.1,1118.6,1105.62,48522,536.47,4405,23361,48.15
GULFPETRO,BE,07-Oct-2026,62.52,60.8,62.85,60.8,61.31,61.64,61.73,28867,17.82,178,-,-
GULPOLY,EQ,07-Oct-2026,167.92,166.25,167.88,164.55,165.51,166.63,166.4,45942,76.45,1410,20956,45.61
GURUNANAK,SM,07-Oct-2026,34.25,32.7,32.7,32.7,32.7,32.7,32.7,1600,0.52,1,1600,100.00
GVKPIL,BE,07-Oct-2026,2.42,2.38,2.38,2.38,2.38,2.38,2.38,255035,6.07,413,-,-
GVPIL,EQ,07-Oct-2026,734.85,730.05,731.6,698.15,698.15,698.15,706.36,322585,2278.61,9525,159400,49.41
GVPTECH,BE,07-Oct-2026,7.31,7.12,7.5,7.12,7.38,7.31,7.25,28491,2.07,149,-,-
GVT&D,EQ,07-Oct-2026,4245.1,4260.0,4340.2,4201.2,4316.3,4316.3,4304.82,660155,28418.5,66691,361529,54.76
GYFTR,EQ,07-Oct-2026,169.3,169.3,174.0,166.5,169.06,169.52,169.54,417740,708.25,2672,365081,87.39
HAL,EQ,07-Oct-2026,4816.0,4819.9,4831.4,4732.1,4746.3,4746.3,4781.65,515972,24671.97,40877,255469,49.51
HALDER,EQ,07-Oct-2026,263.84,261.73,270.0,260.0,261.05,262.9,263.73,20929,55.2,249,5218,24.93
HALDYNGL,EQ,07-Oct-2026,142.27,143.0,143.83,139.4,142.5,140.78,141.54,31368,44.4,947,17296,55.14
HALEOSLABS,EQ,07-Oct-2026,1587.8,1590.0,1595.0,1553.3,1587.0,1584.7,1581.34,987,15.61,162,757,76.70
HAMPTON,EQ,07-Oct-2026,8.09,8.6,8.6,8.01,8.28,8.24,8.27,6616,0.55,89,4842,73.19
HAPPSTMNDS,EQ,07-Oct-2026,303.35,303.35,306.55,302.05,305.2,304.6,304.58,268376,817.41,7143,106018,39.50
HAPPY,SM,07-Oct-2026,80.1,83.45,85.0,81.25,83.0,83.0,83.05,20000,16.61,10,14000,70.00
HAPPYFORGE,EQ,07-Oct-2026,1989.4,1990.0,1990.0,1908.8,1959.1,1934.3,1932.41,115845,2238.6,16287,71391,61.63
HARDWYN,EQ,07-Oct-2026,9.22,9.25,9.39,9.0,9.2,9.17,9.2,1127620,103.69,1026,671400,59.54
HARIOMPIPE,EQ,07-Oct-2026,336.5,344.25,344.25,334.0,337.0,338.15,338.24,88249,298.49,2697,42008,47.60
HARRMALAYA,EQ,07-Oct-2026,175.08,178.5,178.5,169.1,173.0,173.9,173.06,4756,8.23,240,3302,69.43
HARSHA,EQ,07-Oct-2026,464.65,464.65,468.95,458.05,461.7,460.4,462.93,71927,332.97,3619,36973,51.40
HATHWAY,EQ,07-Oct-2026,9.8,9.72,9.87,9.6,9.68,9.64,9.71,1787610,173.54,2711,799270,44.71
HATSUN,EQ,07-Oct-2026,1150.0,1158.9,1196.9,1142.4,1148.2,1148.1,1161.2,23655,274.68,3045,7570,32.00
HAVELLS,EQ,07-Oct-2026,1057.0,1057.0,1072.4,1044.6,1060.5,1060.5,1061.36,486342,5161.85,28061,229800,47.25
HAVISHA,EQ,07-Oct-2026,1.36,1.4,1.63,1.4,1.53,1.52,1.52,501425,7.6,416,294555,58.74
HAWKINCOOK,EQ,07-Oct-2026,8009.5,8079.5,8079.5,7902.0,7902.5,7973.5,7988.7,1152,92.03,307,696,60.42
HAZOOR,EQ,07-Oct-2026,18.0,18.09,18.78,17.76,18.78,18.58,18.41,750654,138.2,3643,507992,67.67
HBESD,EQ,07-Oct-2026,75.03,74.0,81.79,74.0,75.01,77.06,76.52,9222,7.06,155,4793,51.97
HBLENGINE,EQ,07-Oct-2026,764.3,764.0,768.5,755.5,760.0,762.45,761.01,707261,5382.32,23533,247192,34.95
HBPOR,EQ,07-Oct-2026,59.27,59.51,62.7,58.0,62.3,62.36,59.72,450,0.27,52,428,95.11
HBSL,EQ,07-Oct-2026,57.91,58.0,59.0,57.0,57.05,58.61,58.23,2210,1.29,49,2077,93.98
HCC,EQ,07-Oct-2026,20.26,20.25,20.47,19.71,19.77,19.8,20.04,15774521,3161.92,25611,6660247,42.22
HCG,EQ,07-Oct-2026,680.55,680.55,680.55,655.0,658.0,657.6,664.39,40147,266.73,8073,19975,49.75
HCL-INSYS,EQ,07-Oct-2026,10.15,10.03,10.28,10.01,10.08,10.05,10.09,144014,14.54,568,74651,51.84
HCLTECH,EQ,07-Oct-2026,1204.4,1196.1,1202.6,1172.8,1185.0,1185.0,1187.46,1810295,21496.53,70926,986445,54.49
HDBFS,EQ,07-Oct-2026,616.75,617.1,618.7,597.0,597.85,600.1,609.06,905333,5514.0,25464,672536,74.29
HDFCAMC,EQ,07-Oct-2026,2352.4,2345.0,2347.0,2300.0,2314.8,2314.8,2318.56,727092,16858.04,59531,447709,61.58
HDFCBANK,EQ,07-Oct-2026,711.45,708.55,711.0,701.7,702.75,702.75,705.15,29944008,211151.52,252910,16689521,55.74
HDFCBSE500,EQ,07-Oct-2026,35.71,35.82,35.82,35.4,35.66,35.55,35.61,3939885,1402.86,364,3700462,93.92
HDFCGOLD,EQ,07-Oct-2026,125.61,125.61,125.61,125.1,125.19,125.19,125.28,2294320,2874.23,7845,1703318,74.24
HDFCGROWTH,EQ,07-Oct-2026,109.72,109.9,109.9,108.13,108.89,108.34,108.85,28884,31.44,256,21330,73.85
HDFCLIFE,EQ,07-Oct-2026,543.95,545.85,548.35,538.35,546.05,546.05,544.6,2546074,13865.89,38255,1291695,50.73
HDFCLIQUID,EQ,07-Oct-2026,1080.91,1081.07,1081.07,1081.05,1081.05,1081.05,1081.06,5757,62.24,39,3840,66.70
HDFCLOWVOL,EQ,07-Oct-2026,19.35,19.26,19.3,19.19,19.29,19.2,19.24,6648,1.28,68,5088,76.53
HDFCMID150,EQ,07-Oct-2026,22.2,22.23,22.27,22.01,22.18,22.05,22.14,534676,118.38,1412,319305,59.72
HDFCMOMENT,EQ,07-Oct-2026,30.13,30.13,30.25,29.87,30.12,30.07,30.01,188299,56.5,530,135752,72.09
HDFCNEXT50,EQ,07-Oct-2026,71.54,71.48,71.54,70.85,71.27,71.03,71.21,73419,52.28,627,36432,49.62
HDFCNIF100,EQ,07-Oct-2026,24.62,24.65,24.65,24.5,24.55,24.55,24.56,28070,6.89,222,12826,45.69
HDFCNIFBAN,EQ,07-Oct-2026,56.61,56.52,57.0,56.33,56.59,56.71,56.77,1201046,681.78,1618,831657,69.24
HDFCNIFIT,EQ,07-Oct-2026,29.94,29.95,30.07,29.53,29.55,29.61,29.79,48236,14.37,338,20653,42.82
HDFCNIFTY,EQ,07-Oct-2026,256.42,262.83,262.83,254.21,254.53,255.04,255.82,141675,362.43,1174,113145,79.86
HDFCNIMEG,EQ,07-Oct-2026,125.71,126.97,126.97,123.11,123.67,123.33,123.39,22551,27.83,93,21955,97.36
HDFCPSUBK,EQ,07-Oct-2026,80.82,80.5,82.16,80.07,81.36,81.58,81.65,27744,22.65,182,15360,55.36
HDFCPVTBAN,EQ,07-Oct-2026,27.57,26.88,27.8,26.88,27.8,27.75,27.71,63017,17.46,293,51569,81.83
HDFCQUAL,EQ,07-Oct-2026,55.45,55.19,56.6,54.84,55.11,54.96,54.98,11128,6.12,110,7462,67.06
HDFCSENSEX,EQ,07-Oct-2026,82.75,82.02,83.5,82.02,82.92,82.58,82.64,49142,40.61,648,32027,65.17
HDFCSILVER,EQ,07-Oct-2026,210.63,210.4,210.4,208.67,209.1,208.83,209.34,1694939,3548.23,7939,862477,50.89
HDFCSML250,EQ,07-Oct-2026,180.96,180.11,181.5,179.51,180.75,180.77,180.59,944811,1706.28,12948,573272,60.68
HDFCVALUE,EQ,07-Oct-2026,118.58,118.39,119.04,118.0,118.92,118.56,118.49,3173,3.76,82,1561,49.20
HDIL,BZ,07-Oct-2026,1.44,1.48,1.48,1.41,1.46,1.43,1.43,101104,1.45,181,-,-
HEADSUP,EQ,07-Oct-2026,6.52,6.55,6.55,5.76,6.44,6.33,6.18,10540,0.65,210,7037,66.76
HEALTHADD,EQ,07-Oct-2026,16.25,16.25,16.69,16.14,16.29,16.32,16.22,8415,1.36,94,6741,80.11
HEALTHAXIS,EQ,07-Oct-2026,163.78,161.8,165.48,161.8,163.54,162.95,163.37,1463,2.39,76,826,56.46
HEALTHCARE,EQ,07-Oct-2026,21.02,21.44,22.35,20.97,21.05,21.04,21.04,44054,9.27,196,43318,98.33
HEALTHIETF,EQ,07-Oct-2026,165.45,161.31,166.01,161.31,163.92,164.41,164.6,81056,133.42,2121,49642,61.24
HEALTHX,EQ,07-Oct-2026,284.95,284.95,289.0,280.15,286.45,284.15,283.04,1584,4.48,88,1475,93.12
HEALTHY,EQ,07-Oct-2026,16.57,16.76,16.76,16.27,16.48,16.49,16.49,629906,103.9,940,584394,92.77
HECPROJECT,EQ,07-Oct-2026,112.79,115.68,115.68,109.63,113.95,112.19,111.54,6842,7.63,219,3824,55.89
HEGAM,EQ,07-Oct-2026,252.21,252.0,253.9,246.0,247.1,246.99,248.96,1261859,3141.47,20712,571515,45.29
HEIDELBERG,EQ,07-Oct-2026,127.78,129.3,129.3,127.01,127.5,127.49,127.75,120951,154.51,3400,75053,62.05
HEMIPROP,EQ,07-Oct-2026,113.53,114.01,114.17,112.11,112.81,112.87,112.96,153549,173.45,2354,82752,53.89
HERANBA,EQ,07-Oct-2026,169.0,169.8,172.36,168.51,169.8,169.27,170.67,30802,52.57,903,11782,38.25
HERITGFOOD,EQ,07-Oct-2026,406.1,404.25,407.7,396.0,399.5,398.75,401.02,176695,708.58,7647,72076,40.79
HEROMOTOCO,EQ,07-Oct-2026,5075.0,5075.0,5087.5,4968.0,5004.0,5004.0,5011.14,397370,19912.78,39269,175733,44.22
HEROMOTORS,EQ,07-Oct-2026,167.52,167.9,172.85,167.52,170.6,170.84,170.35,39347591,67028.06,236863,5627811,14.30
HESTERBIO,EQ,07-Oct-2026,2174.1,2173.6,2204.9,2152.0,2157.0,2167.2,2176.36,1902,41.39,376,1054,55.42
HEXAGON,BE,07-Oct-2026,71.13,71.0,72.8,69.12,72.0,71.97,71.22,467670,333.08,1063,-,-
HEXATRADEX,EQ,07-Oct-2026,155.85,156.3,158.01,153.01,157.99,157.01,155.92,472,0.74,20,391,82.84
HEXT,EQ,07-Oct-2026,500.3,495.45,507.1,495.45,506.0,505.5,503.25,146911,739.33,14686,82897,56.43
HFCL,BE,07-Oct-2026,262.78,275.91,275.91,264.0,269.0,271.9,272.63,12439455,33914.02,61404,-,-
HGINFRA,EQ,07-Oct-2026,417.2,420.45,423.0,409.8,415.0,416.15,416.39,145611,606.32,5436,46893,32.20
HGM,EQ,07-Oct-2026,39.28,41.79,41.79,39.8,40.05,40.05,40.17,994,0.4,38,883,88.83
HGS,EQ,07-Oct-2026,361.4,361.0,366.6,358.8,365.0,363.0,362.3,12910,46.77,711,8295,64.25
HIGREEN,SM,07-Oct-2026,118.8,119.7,119.7,115.3,117.05,117.05,116.95,19200,22.45,24,12000,62.50
HIKAL,EQ,07-Oct-2026,226.43,226.7,228.45,222.3,226.67,225.24,225.42,303522,684.21,7633,108672,35.80
HILINFRA,EQ,07-Oct-2026,45.36,45.8,47.89,44.95,47.55,47.6,46.84,455922,213.55,3451,285764,62.68
HILTON,EQ,07-Oct-2026,16.75,16.61,16.88,16.5,16.52,16.58,16.61,64659,10.74,244,46707,72.24
HIMALAYAN,ST,07-Oct-2026,80.8,81.0,81.0,76.8,76.8,76.8,77.38,63600,49.22,40,60000,94.34
HIMATSEIDE,EQ,07-Oct-2026,65.36,65.0,67.45,62.85,63.37,63.22,64.12,635805,407.67,7498,242787,38.19
HINDADH,EQ,07-Oct-2026,384.35,370.3,392.0,370.3,387.0,384.8,385.24,1607,6.19,51,1436,89.36
HINDALCO,EQ,07-Oct-2026,940.5,930.1,937.85,910.85,910.85,910.85,919.47,3792281,34868.94,85215,2063869,54.42
HINDALUMI,EQ,07-Oct-2026,90.32,91.22,92.5,89.5,89.9,89.99,90.55,971,0.88,88,811,83.52
HINDCOMPOS,EQ,07-Oct-2026,401.45,401.45,418.65,398.1,404.0,403.75,408.14,47848,195.29,1093,39451,82.45
HINDCON,BE,07-Oct-2026,30.06,28.56,28.56,28.56,28.56,28.56,28.56,26005,7.43,188,-,-
HINDCOPPER,EQ,07-Oct-2026,485.5,484.4,484.45,478.7,479.65,479.95,480.9,2085383,10028.54,41942,803215,38.52
HINDOILEXP,EQ,07-Oct-2026,166.35,166.5,173.0,165.81,171.7,171.88,170.32,584648,995.78,9288,239152,40.91
HINDPETRO,EQ,07-Oct-2026,351.0,347.5,347.8,342.55,343.15,343.15,345.15,4508391,15560.53,57375,2368752,52.54
HINDUNILVR,EQ,07-Oct-2026,1895.2,1888.0,1888.0,1864.3,1865.4,1865.4,1871.77,620459,11613.55,45872,373095,60.13
HINDWAREAP,EQ,07-Oct-2026,170.75,170.75,171.14,166.31,170.8,170.19,168.84,113381,191.43,2906,69321,61.14
HINDZINC,EQ,07-Oct-2026,557.65,561.0,561.0,550.55,551.0,551.0,554.61,1999170,11087.64,35226,761650,38.10
HIRECT,EQ,07-Oct-2026,1146.8,1142.1,1144.9,1110.0,1114.0,1113.9,1125.6,33997,382.67,3464,18391,54.10
HISARMETAL,EQ,07-Oct-2026,145.3,145.0,148.6,144.22,145.1,145.1,144.88,148,0.21,16,90,60.81
HITECH,EQ,07-Oct-2026,74.68,74.68,74.77,73.26,73.88,73.9,73.72,418797,308.74,5198,199415,47.62
HITECHCORP,BE,07-Oct-2026,342.4,341.1,353.8,341.1,350.0,349.1,350.63,143436,502.93,613,-,-
HITECHGEAR,BE,07-Oct-2026,568.9,568.9,581.3,560.0,565.0,565.0,572.07,2607,14.91,64,-,-
HLEGLAS,EQ,07-Oct-2026,447.1,450.0,469.45,450.0,469.45,469.45,468.14,322476,1509.63,3828,172423,53.47
HLVLTD,EQ,07-Oct-2026,6.13,6.13,6.34,6.03,6.14,6.12,6.18,166000,10.26,552,104222,62.78
HMAAGRO,EQ,07-Oct-2026,24.56,25.0,25.0,24.29,24.95,24.91,24.65,1051851,259.26,3324,516275,49.08
HMT,BZ,07-Oct-2026,58.53,58.5,58.5,57.05,57.11,57.25,57.35,8902,5.11,96,-,-
HMVL,BE,07-Oct-2026,74.91,73.97,76.0,72.0,76.0,75.18,73.04,63138,46.11,187,-,-
HNDFDS,EQ,07-Oct-2026,584.75,582.65,582.65,574.0,580.0,580.4,578.95,36500,211.32,4031,20003,54.80
HNGSNGBEES,EQ,07-Oct-2026,460.99,466.5,466.5,460.0,462.11,463.23,463.59,54259,251.54,3202,34455,63.50
HOACFOODS,ST,07-Oct-2026,930.0,947.0,948.6,947.0,948.6,948.6,947.8,750,7.11,2,750,100.00
HOLMARC,SM,07-Oct-2026,125.4,119.15,131.65,119.15,131.65,131.05,125.01,27750,34.69,24,23250,83.78
HOMEFIRST,EQ,07-Oct-2026,1111.5,1098.4,1128.9,1081.3,1092.0,1087.9,1103.68,154842,1708.96,15971,85002,54.90
HOMESFY,SM,07-Oct-2026,121.6,127.65,127.65,127.65,127.65,127.65,127.65,300,0.38,1,300,100.00
HONASA,EQ,07-Oct-2026,478.3,471.4,480.9,465.0,475.25,477.05,475.12,1568100,7450.43,41539,341523,21.78
HONAUT,EQ,07-Oct-2026,33780.0,33780.0,33825.0,33100.0,33260.0,33345.0,33425.49,1997,667.51,1267,1051,52.63
HONDAPOWER,EQ,07-Oct-2026,1885.9,1912.9,1912.9,1860.0,1866.9,1871.4,1874.72,1393,26.11,467,686,49.25
HORIZONIND,EQ,07-Oct-2026,49.2,49.8,50.85,48.75,50.3,50.15,50.19,3368691,1690.81,20390,1764074,52.37
HPAL,EQ,07-Oct-2026,34.37,34.37,35.01,33.73,34.51,34.62,34.28,52439,17.98,1261,34769,66.30
HPIL,EQ,07-Oct-2026,116.49,115.91,116.49,112.99,116.49,116.49,116.09,303,0.35,20,171,56.44
HPL,EQ,07-Oct-2026,272.7,272.7,272.7,265.0,266.0,266.3,268.4,65194,174.98,3168,33511,51.40
HPTL,ST,07-Oct-2026,430.0,451.0,451.3,451.0,451.3,451.3,451.15,2400,10.83,4,2400,100.00
HRYNSHP,EQ,07-Oct-2026,95.9,95.88,97.94,93.5,94.11,94.1,96.43,2242,2.16,40,2160,96.34
HSBCGOLD,EQ,07-Oct-2026,128.02,127.84,127.98,127.27,127.27,127.56,127.67,9682,12.36,32,8488,87.67
HSCL,EQ,07-Oct-2026,668.55,666.0,676.05,664.05,673.5,672.95,670.96,1404959,9426.68,33716,723173,51.47
HTEL,EQ,07-Oct-2026,73.81,75.2,88.57,73.1,88.57,87.94,83.62,14238636,11906.76,93936,2891280,20.31
HTMEDIA,EQ,07-Oct-2026,22.99,23.15,23.65,22.5,22.5,22.59,22.7,65585,14.89,335,52719,80.38
HUBTOWN,EQ,07-Oct-2026,170.0,170.85,171.9,163.75,163.82,164.52,168.06,667640,1122.04,7369,363663,54.47
HUDCO,EQ,07-Oct-2026,161.04,160.69,164.0,159.38,161.95,161.79,161.97,2375175,3847.06,31522,950376,40.01
HUHTAMAKI,EQ,07-Oct-2026,233.45,233.45,236.0,229.32,230.85,231.19,231.16,51122,118.17,3262,23568,46.10
HVAX,SM,07-Oct-2026,714.0,725.0,725.0,715.0,716.0,716.0,719.33,900,6.47,6,750,83.33
HYBRIDETF,EQ,07-Oct-2026,9.83,9.86,9.86,9.81,9.84,9.84,9.85,2500,0.25,34,2456,98.24
HYBRIDFIN,EQ,07-Oct-2026,17.56,17.25,19.0,16.81,17.96,17.84,17.9,19378,3.47,180,11893,61.37
HYUNDAI,EQ,07-Oct-2026,1989.0,1989.0,1989.0,1935.0,1945.0,1945.0,1954.04,498987,9750.4,33364,191231,38.32
IBLFL,SM,07-Oct-2026,61.0,63.5,64.0,62.9,62.9,62.9,63.67,22000,14.01,3,22000,100.00
IBULLSLTD,EQ,07-Oct-2026,30.95,31.6,32.49,31.2,32.49,32.49,31.97,22176156,7090.02,23798,12978791,58.53
ICDSLTD,BE,07-Oct-2026,44.27,44.0,45.9,44.0,45.68,45.68,45.54,748,0.34,22,-,-
ICELCO,SM,07-Oct-2026,116.05,117.95,123.0,117.0,118.0,119.5,119.84,38400,46.02,30,26400,68.75
ICEMAKE,EQ,07-Oct-2026,631.2,633.0,682.8,627.1,671.0,673.35,658.3,68993,454.18,4470,30747,44.57
ICICIAMC,EQ,07-Oct-2026,3071.5,3060.0,3086.2,3041.5,3048.8,3058.5,3062.88,309677,9485.05,26129,209527,67.66
ICICIB22,EQ,07-Oct-2026,110.0,110.34,110.8,108.44,108.75,108.86,108.89,201006,218.87,2869,139989,69.64
ICICIBANK,EQ,07-Oct-2026,1342.8,1343.0,1360.0,1329.9,1357.5,1357.5,1348.9,14774121,199287.66,210590,8923511,60.40
ICICIGI,EQ,07-Oct-2026,1598.3,1586.1,1601.0,1574.6,1590.0,1590.0,1587.04,875700,13897.71,33641,541477,61.83
ICICIPRULI,EQ,07-Oct-2026,459.5,458.0,459.0,453.7,457.5,457.5,456.61,837553,3824.38,35802,447797,53.46
ICIL,EQ,07-Oct-2026,473.15,474.8,476.25,465.15,472.4,471.1,470.48,317864,1495.49,15725,127355,40.07
ICRA,EQ,07-Oct-2026,4356.7,4356.7,4412.0,4316.9,4337.0,4346.3,4360.15,32161,1402.27,4248,21101,65.61
IDBI,EQ,07-Oct-2026,87.01,86.5,87.0,85.36,85.61,85.67,86.18,3041959,2621.6,19703,940248,30.91
IDEA,EQ,07-Oct-2026,13.21,13.18,13.4,13.09,13.18,13.18,13.22,377013597,49827.7,361768,91681189,24.32
IDEAFORGE,EQ,07-Oct-2026,723.4,726.1,730.0,698.8,699.0,700.0,704.97,206429,1455.25,14080,125281,60.69
IDENTICAL,SM,07-Oct-2026,21.35,18.45,19.3,18.4,18.55,18.75,18.57,24000,4.46,10,18000,75.00
IDFCFIRSTB,EQ,07-Oct-2026,81.56,81.46,81.46,78.75,79.54,79.54,79.83,20250870,16166.64,85130,9714304,47.97
IDFNIFTYET,EQ,07-Oct-2026,251.47,249.66,251.65,249.11,250.44,250.44,250.94,1077,2.7,37,632,58.68
IEML,ST,07-Oct-2026,47.35,47.0,47.0,45.0,45.0,45.0,45.32,42500,19.26,38,42500,100.00
IEX,EQ,07-Oct-2026,104.86,105.39,108.65,104.27,105.85,105.85,106.77,7531830,8041.98,48501,1925445,25.56
IFBAGRO,EQ,07-Oct-2026,874.15,887.0,887.0,868.05,870.5,875.35,871.47,1100,9.59,168,665,60.45
IFBIND,EQ,07-Oct-2026,1212.3,1212.3,1225.5,1204.3,1210.6,1216.0,1215.17,24232,294.46,1772,14511,59.88
IFCI,EQ,07-Oct-2026,65.51,65.3,65.32,63.84,63.98,64.03,64.4,21013703,13533.19,54289,4102853,19.52
IFGLEXPOR,EQ,07-Oct-2026,180.65,180.65,186.5,179.91,182.5,183.05,183.03,74229,135.86,1823,58042,78.19
IGARASHI,EQ,07-Oct-2026,401.4,401.4,410.0,398.3,403.0,403.45,405.01,53466,216.54,2535,20269,37.91
IGCL,EQ,07-Oct-2026,57.36,57.3,60.82,56.0,57.02,57.75,56.77,347013,197.01,1658,286420,82.54
IGIL,EQ,07-Oct-2026,319.6,319.15,321.85,313.7,317.75,317.05,317.98,430610,1369.25,13874,242636,56.35
IGL,EQ,07-Oct-2026,141.38,141.0,147.9,140.21,146.5,146.35,145.64,3700426,5389.25,32917,1279477,34.58
IGPL,EQ,07-Oct-2026,589.5,590.95,590.95,580.0,587.8,586.25,585.65,46121,270.11,2824,27830,60.34
IIFL,EQ,07-Oct-2026,601.7,600.0,600.0,584.15,588.9,588.55,591.02,1169032,6909.16,37404,567928,48.58
IIFLCAPS,EQ,07-Oct-2026,345.15,344.25,348.5,344.0,348.0,346.85,346.65,319500,1107.54,8513,199899,62.57
IITL,EQ,07-Oct-2026,132.25,133.3,134.95,129.47,130.1,130.75,133.26,101253,134.93,844,11475,11.33
IKIO,EQ,07-Oct-2026,195.87,194.99,195.84,188.25,191.37,191.05,191.78,128405,246.25,3054,63861,49.73
IKS,EQ,07-Oct-2026,1761.0,1752.4,1759.0,1693.3,1725.0,1737.4,1734.08,330080,5723.87,36994,168166,50.95
IL&FSENGG,BZ,07-Oct-2026,39.54,40.0,41.0,39.5,41.0,40.6,40.25,13115,5.28,36,-,-
IL&FSTRANS,BZ,07-Oct-2026,1.94,1.98,1.99,1.91,1.99,1.98,1.97,20213,0.4,60,-,-
IMAGICAA,EQ,07-Oct-2026,49.92,50.26,50.26,48.15,48.85,48.72,48.94,532708,260.71,3980,262200,49.22
IMFA,EQ,07-Oct-2026,1190.6,1184.1,1197.6,1167.1,1183.8,1186.8,1183.84,51866,614.01,4403,22309,43.01
IMPAL,EQ,07-Oct-2026,1036.5,1042.3,1049.9,995.2,1000.0,1000.2,1009.98,5358,54.11,610,4450,83.05
INA,EQ,07-Oct-2026,83.81,84.49,84.49,81.32,81.9,82.0,82.39,454479,374.45,4229,223724,49.23
INCREDIBLE,EQ,07-Oct-2026,31.42,31.03,31.68,31.0,31.6,31.47,31.32,2423,0.76,47,1762,72.72
INDBANK,EQ,07-Oct-2026,25.23,25.3,26.3,25.12,26.0,26.11,25.73,39659,10.21,611,18696,47.14
INDGN,EQ,07-Oct-2026,596.3,596.0,612.0,588.15,605.45,607.1,601.41,424853,2555.1,20590,225893,53.17
INDHOTEL,EQ,07-Oct-2026,736.0,736.65,743.0,728.5,731.3,731.3,734.35,3190796,23431.56,52434,1913212,59.96
INDIACEM,EQ,07-Oct-2026,295.25,295.25,305.0,289.2,303.0,303.05,298.52,252820,754.72,14765,113287,44.81
INDIAGLYCO,EQ,07-Oct-2026,318.95,324.9,382.7,321.1,382.7,382.7,361.46,9155076,33091.59,157088,886985,9.69
INDIAMART,EQ,07-Oct-2026,1592.9,1592.9,1623.4,1575.0,1603.0,1605.3,1604.3,58405,936.99,10622,25077,42.94
INDIANB,EQ,07-Oct-2026,813.0,808.6,835.0,801.35,828.3,828.3,822.7,1140038,9379.09,36269,357761,31.38
INDIANCARD,EQ,07-Oct-2026,187.86,189.83,189.83,183.06,186.99,186.99,185.64,1881,3.49,115,1341,71.29
INDIANHUME,EQ,07-Oct-2026,341.2,341.55,362.0,338.65,355.2,355.45,353.19,71231,251.58,3788,27510,38.62
INDIASHLTR,EQ,07-Oct-2026,636.35,639.5,639.5,622.35,635.0,633.85,630.24,93350,588.33,6272,45863,49.13
INDIFRA,SM,07-Oct-2026,11.65,11.1,11.1,11.1,11.1,11.1,11.1,6000,0.67,3,4000,66.67
INDIGO,EQ,07-Oct-2026,5050.5,5015.0,5069.5,4972.3,4990.0,4990.0,5032.77,1618923,81476.69,81740,1039234,64.19
INDIGOPNTS,EQ,07-Oct-2026,1062.4,1051.1,1077.3,1050.0,1055.0,1060.2,1064.51,25510,271.56,5466,9225,36.16
INDIGRID,IV,07-Oct-2026,169.41,169.41,169.95,168.11,168.9,168.96,169.02,1013733,1713.36,15965,890177,87.81
INDIQUBE,EQ,07-Oct-2026,197.32,195.39,198.96,192.0,194.7,194.57,195.56,11603,22.69,634,6191,53.36
INDNIPPON,EQ,07-Oct-2026,1241.7,1241.8,1253.9,1221.4,1230.0,1231.4,1234.24,25913,319.83,3452,12080,46.62
INDOAMIN,EQ,07-Oct-2026,161.16,161.84,166.44,156.65,158.49,157.97,159.83,978954,1564.63,16999,344428,35.18
INDOBORAX,EQ,07-Oct-2026,491.75,491.75,491.75,476.05,480.0,480.9,483.23,53337,257.74,1900,24122,45.23
INDOCO,EQ,07-Oct-2026,247.15,249.45,249.45,244.6,246.1,246.55,246.33,75736,186.56,2201,32409,42.79
INDOFARM,EQ,07-Oct-2026,134.32,134.0,142.55,132.81,139.9,139.92,139.91,279082,390.45,5918,90869,32.56
INDOKEM,EQ,07-Oct-2026,596.85,597.05,600.0,575.0,584.15,580.95,589.21,4219,24.86,399,2648,62.76
INDOMIM,EQ,07-Oct-2026,1350.2,1358.0,1374.4,1337.0,1356.0,1359.9,1355.71,606566,8223.25,26740,294553,48.56
INDORAMA,EQ,07-Oct-2026,95.1,95.1,96.84,93.8,96.31,95.99,95.54,554572,529.86,6315,231116,41.67
INDOSTAR,EQ,07-Oct-2026,199.55,200.0,203.45,195.5,199.01,200.12,198.82,353977,703.78,6199,204427,57.75
INDOTECH,EQ,07-Oct-2026,3352.8,3351.0,3399.0,3306.0,3320.2,3323.3,3341.77,10434,348.68,1936,5208,49.91
INDOTHAI,EQ,07-Oct-2026,38.78,40.57,40.71,40.3,40.71,40.71,40.66,270332,109.92,410,223916,82.83
INDOUS,EQ,07-Oct-2026,75.53,75.8,76.96,74.7,75.05,74.93,75.35,4494,3.39,250,3540,78.77
INDOWIND,EQ,07-Oct-2026,8.56,8.56,8.69,8.42,8.6,8.58,8.57,73286,6.28,293,63788,87.04
INDPRUD,EQ,07-Oct-2026,6299.5,6299.0,6305.0,6299.0,6305.0,6305.0,6301.63,26,1.64,8,26,100.00
INDRAMEDCO,EQ,07-Oct-2026,335.15,335.15,336.6,327.75,330.4,329.4,331.95,158141,524.95,6833,99036,62.63
INDSWFTLAB,EQ,07-Oct-2026,400.45,403.4,404.9,388.0,391.0,391.1,395.05,262328,1036.32,6875,140776,53.66
INDTERRAIN,EQ,07-Oct-2026,29.22,29.43,29.49,29.15,29.15,29.22,29.17,10557,3.08,78,9537,90.34
INDUSINDBK,EQ,07-Oct-2026,906.1,899.05,903.25,870.9,874.9,874.9,881.1,2429142,21403.19,66235,1103897,45.44
INDUSINVIT,IV,07-Oct-2026,130.13,130.13,131.71,130.0,130.9,131.01,130.91,103355,135.3,4870,83460,80.75
INDUSTOWER,EQ,07-Oct-2026,389.1,392.0,392.0,381.3,385.05,385.05,385.56,2499487,9637.08,31950,1075150,43.01
INFINIUM,ST,07-Oct-2026,307.35,318.0,318.0,305.0,305.0,305.5,312.14,3500,10.93,7,3500,100.00
INFLUX,SM,07-Oct-2026,272.0,270.0,275.95,266.15,275.5,274.3,270.56,21600,58.44,35,15600,72.22
INFOBEAN,EQ,07-Oct-2026,149.46,148.93,149.0,145.4,148.4,147.24,147.2,123208,181.36,1964,69696,56.57
INFOLLION,SM,07-Oct-2026,159.8,163.8,166.0,162.05,163.05,162.8,164.51,28000,46.06,54,20800,74.29
INFOMEDIA,EQ,07-Oct-2026,5.21,5.53,5.55,5.16,5.44,5.41,5.45,15879,0.87,55,12287,77.38
INFRA,EQ,07-Oct-2026,11.59,11.58,11.58,11.45,11.49,11.47,11.53,8575,0.99,197,7479,87.22
INFRABEES,EQ,07-Oct-2026,909.15,904.6,911.06,900.0,907.62,905.74,905.71,6075,55.02,462,3300,54.32
INFRAIETF,EQ,07-Oct-2026,90.52,90.52,90.75,89.44,90.0,89.87,90.05,45001,40.52,2602,26101,58.00
INFY,EQ,07-Oct-2026,1013.85,1006.0,1009.0,990.1,992.0,992.0,997.38,7493993,74743.77,162916,3753752,50.09
INGERRAND,EQ,07-Oct-2026,4130.8,4130.8,4182.8,4089.1,4089.1,4115.3,4123.4,6676,275.28,2344,2774,41.55
INM,SM,07-Oct-2026,139.5,138.0,138.05,138.0,138.05,138.05,138.03,1200,1.66,2,1200,100.00
INNOMET,ST,07-Oct-2026,277.25,280.0,290.65,270.0,270.0,273.15,281.97,35400,99.82,51,33600,94.92
INNOVACAP,EQ,07-Oct-2026,1141.8,1137.1,1188.0,1131.4,1183.3,1166.2,1163.7,118590,1380.03,12772,44873,37.84
INNOVANA,EQ,07-Oct-2026,294.85,292.8,295.9,286.0,286.0,289.9,292.65,25709,75.24,742,911,3.54
INNOVISION,EQ,07-Oct-2026,256.5,255.0,256.85,253.3,256.5,256.0,255.37,6907,17.64,328,5062,73.29
INOXGREEN,EQ,07-Oct-2026,146.59,146.59,147.66,134.0,134.75,135.87,138.29,7288865,10079.78,69368,3307362,45.38
INOXINDIA,EQ,07-Oct-2026,2077.3,2070.0,2139.9,2066.5,2081.8,2082.0,2100.47,243029,5104.76,39289,90137,37.09
INOXWIND,EQ,07-Oct-2026,68.7,68.25,68.38,66.73,67.1,67.1,67.52,10148423,6851.74,47133,3738617,36.84
INSECTICID,EQ,07-Oct-2026,584.15,580.0,590.0,575.55,581.25,586.6,584.17,5454,31.86,409,3758,68.90
INSPIRE,SM,07-Oct-2026,9.9,10.35,10.35,10.35,10.35,10.35,10.35,8000,0.83,3,8000,100.00
INSPIRISYS,EQ,07-Oct-2026,83.76,84.0,85.0,83.5,84.99,83.74,84.45,2054,1.73,34,1952,95.03
INSURADD,EQ,07-Oct-2026,14.51,14.55,14.66,14.5,14.63,14.61,14.61,15407,2.25,37,15059,97.74
INSUREIETF,EQ,07-Oct-2026,14.72,14.72,14.89,14.51,14.79,14.68,14.63,972530,142.27,271,648745,66.71
INTELLECT,EQ,07-Oct-2026,601.4,603.0,603.0,589.0,590.15,591.35,595.2,199132,1185.24,11415,82495,41.43
INTENTECH,EQ,07-Oct-2026,84.1,80.6,83.05,78.51,80.32,80.92,80.31,77560,62.28,666,48661,62.74
INTERARCH,EQ,07-Oct-2026,1685.6,1699.9,1717.7,1680.0,1706.0,1700.9,1702.21,55579,946.07,6855,22889,41.18
INTERNET,EQ,07-Oct-2026,13.78,13.77,13.97,13.72,13.86,13.86,13.9,317024,44.06,219,292757,92.35
INTLCONV,EQ,07-Oct-2026,80.02,80.0,81.39,79.1,80.15,80.17,80.0,51206,40.96,450,43195,84.36
INVENTURE,EQ,07-Oct-2026,0.85,0.85,0.86,0.82,0.83,0.83,0.84,1208290,10.18,424,677483,56.07
INVICTA,SM,07-Oct-2026,66.8,67.0,67.0,66.5,66.5,66.5,66.75,3200,2.14,2,3200,100.00
INVPRECQ,BE,07-Oct-2026,1571.3,1560.0,1623.9,1554.0,1600.0,1594.5,1575.02,6853,107.94,180,-,-
IOB,EQ,07-Oct-2026,31.46,31.02,31.29,30.85,31.0,31.03,31.06,3152062,978.89,19265,1477256,46.87
IOC,EQ,07-Oct-2026,131.6,130.6,131.19,129.7,130.0,130.0,130.3,7269916,9473.04,50094,3733717,51.36
IOLCP,EQ,07-Oct-2026,214.9,216.5,224.0,216.3,219.35,220.22,220.24,6360102,14007.21,78868,1723846,27.10
IONEXCHANG,EQ,07-Oct-2026,409.2,411.0,415.0,401.0,403.0,402.4,406.44,251291,1021.36,17430,140837,56.05
IPCALAB,EQ,07-Oct-2026,1945.5,1940.0,1963.7,1928.0,1929.0,1938.5,1944.56,135675,2638.28,24160,90922,67.01
IPHL,SM,07-Oct-2026,68.0,68.05,70.0,68.05,70.0,70.0,69.02,3600,2.48,3,3600,100.00
IPL,EQ,07-Oct-2026,132.6,132.1,133.98,129.94,130.95,130.39,131.52,150722,198.24,2246,79613,52.82
IPRINGLTD,EQ,07-Oct-2026,143.67,144.99,149.7,140.5,145.0,144.94,145.81,1849,2.7,56,1815,98.16
IRB,EQ,07-Oct-2026,17.84,17.75,17.83,17.3,17.48,17.44,17.52,10957532,1919.37,18654,3910305,35.69
IRBINVIT,IV,07-Oct-2026,63.85,64.0,64.1,63.2,63.85,63.85,63.69,631496,402.21,4888,502933,79.64
IRCON,EQ,07-Oct-2026,107.86,107.6,108.18,106.12,106.63,106.66,107.02,2229186,2385.72,20463,459658,20.62
IRCTC,EQ,07-Oct-2026,454.8,455.0,458.15,449.7,453.45,453.65,454.15,759796,3450.61,31073,399312,52.56
IREDA,EQ,07-Oct-2026,109.0,109.0,109.42,107.12,107.33,107.33,108.19,4512835,4882.25,31882,1706403,37.81
IRFC,EQ,07-Oct-2026,77.1,76.9,77.2,76.04,76.15,76.15,76.63,5212579,3994.25,33412,1925420,36.94
IRIS,EQ,07-Oct-2026,221.57,223.5,226.0,220.99,221.5,223.23,223.01,6950,15.5,257,3930,56.55
IRISDOREME,EQ,07-Oct-2026,58.45,58.86,61.03,57.44,58.52,59.26,59.21,344405,203.92,3084,65007,18.88
IRMENERGY,EQ,07-Oct-2026,262.1,264.0,266.4,257.0,265.25,263.0,261.13,34474,90.02,1838,19074,55.33
ISFT,BE,07-Oct-2026,98.32,96.61,100.3,94.0,99.49,99.49,97.88,20995,20.55,179,-,-
ISGEC,EQ,07-Oct-2026,905.0,906.4,906.6,895.05,903.2,901.75,901.14,73566,662.94,5263,45854,62.33
ISHANCH,EQ,07-Oct-2026,47.92,50.04,50.04,46.56,47.46,47.08,47.35,3669,1.74,98,2795,76.18
ISTLTD,EQ,07-Oct-2026,637.2,637.2,645.95,637.2,637.2,638.45,638.17,9,0.06,3,9,100.00
IT,EQ,07-Oct-2026,31.19,30.41,31.25,30.33,31.01,30.74,30.93,185562,57.4,952,92241,49.71
ITADD,EQ,07-Oct-2026,29.79,29.76,29.87,29.42,29.64,29.58,29.45,36632,10.79,77,31968,87.27
ITAXIS,EQ,07-Oct-2026,307.77,309.0,310.52,305.01,306.04,306.14,307.04,1354,4.16,52,572,42.25
ITBEES,EQ,07-Oct-2026,31.17,31.49,31.49,30.83,30.94,30.9,31.07,6866825,2133.33,15597,3488959,50.81
ITBETA,EQ,07-Oct-2026,295.0,295.0,296.25,291.46,291.46,291.72,294.75,214,0.63,9,163,76.17
ITC,EQ,07-Oct-2026,266.7,265.7,267.15,262.45,265.7,265.7,265.08,50025295,132608.59,134937,29801536,59.57
ITCHOTELS,EQ,07-Oct-2026,160.21,160.0,161.9,158.6,159.25,159.17,159.87,1030272,1647.09,18918,414226,40.21
ITDC,EQ,07-Oct-2026,675.25,677.0,685.0,667.1,678.0,671.75,674.35,75732,510.7,5938,24138,31.87
ITETF,EQ,07-Oct-2026,29.72,30.12,30.12,29.41,29.48,29.48,29.57,225664,66.72,677,84010,37.23
ITI,EQ,07-Oct-2026,247.84,246.79,248.16,245.0,246.0,245.84,246.25,101191,249.19,4498,31265,30.90
ITIETF,EQ,07-Oct-2026,31.22,31.17,31.31,30.77,30.8,30.91,31.12,1350791,420.34,1506,972208,71.97
ITL,EQ,07-Oct-2026,366.75,363.1,379.9,346.25,373.95,372.8,368.44,2896,10.67,216,2593,89.54
ITTL,ST,07-Oct-2026,60.75,61.95,61.95,61.9,61.9,61.9,61.93,315,0.2,3,315,100.00
IVALUE,EQ,07-Oct-2026,229.45,230.71,236.1,227.21,232.2,232.04,231.97,134884,312.89,3718,81940,60.75
IVC,EQ,07-Oct-2026,8.0,7.81,8.08,7.81,7.98,7.95,7.96,143556,11.42,684,128721,89.67
IVP,BE,07-Oct-2026,228.92,228.92,232.5,220.3,227.6,227.25,228.72,8442,19.31,117,-,-
IVZBANKNF,EQ,07-Oct-2026,55.12,54.83,55.39,54.57,55.21,55.21,54.91,956,0.52,17,693,72.49
IVZINGOLD,EQ,07-Oct-2026,128.2,128.2,128.2,127.05,127.7,127.7,127.59,135055,172.32,423,110546,81.85
IVZINNIFTY,EQ,07-Oct-2026,261.31,267.84,267.84,258.91,259.79,261.59,260.24,421,1.1,39,241,57.24
IVZSENSEX,EQ,07-Oct-2026,73.2,75.03,75.49,72.5,75.49,74.74,73.04,255,0.19,16,251,98.43
IWARE,ST,07-Oct-2026,373.0,373.0,381.25,370.0,370.5,370.5,376.73,9600,36.17,15,8400,87.50
IWP,EQ,07-Oct-2026,37.38,37.38,38.4,36.95,36.95,37.1,37.49,22715,8.52,209,15461,68.07
IXIGO,EQ,07-Oct-2026,160.13,160.19,160.31,157.32,158.5,158.27,158.79,821667,1304.69,15656,532383,64.79
IZMO,EQ,07-Oct-2026,864.3,868.0,900.0,861.0,888.0,889.95,884.01,118878,1050.9,8995,41132,34.60
J&KBANK,EQ,07-Oct-2026,139.5,139.51,140.96,137.71,139.49,139.4,139.12,2306193,3208.41,30707,1132047,49.09
JAGRAN,EQ,07-Oct-2026,61.72,62.02,62.46,61.64,61.85,62.05,61.99,71301,44.2,1180,43745,61.35
JAGSNPHARM,EQ,07-Oct-2026,233.63,234.8,243.46,234.8,235.99,235.4,238.41,164193,391.45,3677,64329,39.18
JAIBALAJI,EQ,07-Oct-2026,64.17,67.37,67.37,65.0,67.37,67.37,67.29,432731,291.17,1252,346236,80.01
JAICORPLTD,EQ,07-Oct-2026,90.17,89.0,93.8,88.51,90.45,90.9,91.81,1110175,1019.29,11163,226906,20.44
JAINIK,ST,07-Oct-2026,185.9,189.0,194.0,189.0,190.0,190.0,190.86,18000,34.36,15,18000,100.00
JAINREC,EQ,07-Oct-2026,290.15,290.0,300.9,287.15,294.5,295.15,295.88,1303023,3855.36,31859,309732,23.77
JAIPURKURT,EQ,07-Oct-2026,27.37,28.0,29.75,27.26,28.7,28.5,28.82,220174,63.45,1023,98099,44.56
JALAN,ST,07-Oct-2026,1.65,1.6,1.6,1.6,1.6,1.6,1.6,9000,0.14,2,9000,100.00
JAMNAAUTO,EQ,07-Oct-2026,144.21,144.4,154.0,142.5,151.55,151.77,150.82,12310484,18566.56,126074,3632910,29.51
JARO,EQ,07-Oct-2026,413.85,416.0,416.0,410.05,414.9,414.4,414.61,103527,429.23,1749,10220,9.87
JASH,EQ,07-Oct-2026,594.95,596.0,599.0,580.05,586.8,586.15,589.22,192190,1132.42,6327,72951,37.96
JAYAGROGN,EQ,07-Oct-2026,219.16,219.8,219.8,212.0,212.22,213.0,215.01,7226,15.54,418,3882,53.72
JAYBARMARU,EQ,07-Oct-2026,134.37,134.36,137.5,129.31,133.4,132.78,133.46,1041373,1389.83,13887,413473,39.70
JAYBEE,SM,07-Oct-2026,93.55,92.1,92.5,88.25,89.0,89.55,90.17,36000,32.46,69,29000,80.56
JAYESH,SM,07-Oct-2026,124.45,128.0,128.0,126.8,127.0,127.45,127.38,62000,78.98,28,31000,50.00
JAYKAY,EQ,07-Oct-2026,240.02,241.5,273.0,236.4,264.5,263.45,261.07,6198201,16181.66,109384,1014777,16.37
JAYKAYPP,E1,07-Oct-2026,193.11,199.01,220.98,193.11,215.98,213.51,211.7,115793,245.13,1083,78043,67.40
JAYNECOIND,EQ,07-Oct-2026,94.45,93.9,96.0,93.05,95.67,95.24,94.52,2969185,2806.46,23657,1122810,37.82
JAYSREETEA,EQ,07-Oct-2026,85.74,85.79,86.9,83.0,83.1,83.41,84.35,23661,19.96,631,12482,52.75
JBMA,EQ,07-Oct-2026,555.65,557.0,557.0,545.0,547.1,547.0,549.6,141136,775.68,9241,57732,40.91
JENBURPH,EQ,07-Oct-2026,905.55,902.7,908.0,886.8,893.0,891.4,896.1,4187,37.52,270,4048,96.68
JETFREIGHT,EQ,07-Oct-2026,19.8,19.8,19.98,19.29,19.56,19.72,19.62,89485,17.56,976,49463,55.28
JEYYAM,SM,07-Oct-2026,21.9,21.9,22.45,21.0,22.25,22.25,21.9,20000,4.38,10,14000,70.00
JFLLIFE,SM,07-Oct-2026,9.8,10.2,10.25,10.2,10.25,10.25,10.23,12000,1.23,2,12000,100.00
JGCHEM,EQ,07-Oct-2026,665.45,670.0,677.2,651.15,654.0,654.95,662.92,393554,2608.95,16011,131131,33.32
JHS,BE,07-Oct-2026,10.36,9.86,10.79,9.85,10.0,9.98,10.02,208634,20.91,446,-,-
JINDALPHOT,EQ,07-Oct-2026,1024.8,1012.0,1040.0,1012.0,1028.1,1032.8,1026.97,1436,14.75,130,999,69.57
JINDALPOLY,EQ,07-Oct-2026,658.35,668.0,670.95,643.55,664.55,653.25,652.34,6873,44.83,960,2858,41.58
JINDALSAW,EQ,07-Oct-2026,282.4,282.4,283.4,278.15,281.9,281.9,281.58,693527,1952.83,17465,410643,59.21
JINDALSTEL,EQ,07-Oct-2026,1085.9,1080.6,1082.6,1055.6,1061.0,1061.0,1062.87,904316,9611.75,26011,337268,37.30
JINDRILL,EQ,07-Oct-2026,590.7,590.7,610.0,590.7,599.0,598.1,600.34,198826,1193.64,8111,47650,23.97
JINDWORLD,EQ,07-Oct-2026,45.39,45.62,46.17,44.15,44.7,44.83,45.27,2495710,1129.84,6324,517482,20.73
JIOFIN,EQ,07-Oct-2026,217.9,217.45,218.78,215.55,216.44,216.44,217.23,10207060,22173.26,68075,4155440,40.71
JISLDVREQS,EQ,07-Oct-2026,18.96,19.34,20.0,18.52,19.2,19.18,19.47,43706,8.51,342,17806,40.74
JISLJALEQS,EQ,07-Oct-2026,26.65,26.66,29.35,26.56,28.04,27.95,27.95,26460467,7395.38,63631,2174740,8.22
JITFINFRA,EQ,07-Oct-2026,275.1,272.0,283.95,271.2,279.0,278.3,277.38,20154,55.9,873,13989,69.41
JIWANRAM,SM,07-Oct-2026,4.05,4.05,4.05,4.05,4.05,4.05,4.05,6000,0.24,1,6000,100.00
JKCEMENT,EQ,07-Oct-2026,4960.0,4960.0,5081.5,4952.0,5050.0,5047.0,5024.23,39360,1977.54,10545,18820,47.82
JKIL,EQ,07-Oct-2026,448.3,448.9,449.95,440.4,440.5,442.2,443.54,112056,497.02,2931,86631,77.31
JKIPL,EQ,07-Oct-2026,95.52,95.52,100.29,95.05,100.29,100.29,99.97,84237,84.21,195,82839,98.34
JKLAKSHMI,EQ,07-Oct-2026,478.45,479.85,479.95,469.1,471.9,471.65,473.18,107094,506.75,13510,63259,59.07
JKPAPER,EQ,07-Oct-2026,393.45,393.45,393.45,378.65,382.9,384.5,383.15,449194,1721.08,13352,244786,54.49
JKTYRE,EQ,07-Oct-2026,339.35,339.85,341.3,333.05,333.55,333.4,335.4,756641,2537.79,17477,349021,46.13
JLHL,EQ,07-Oct-2026,253.85,255.1,255.9,248.5,248.55,250.0,251.67,70500,177.43,5195,35251,50.00
JMA,EQ,07-Oct-2026,86.92,88.4,89.5,87.01,89.0,88.69,88.6,12195,10.8,228,6856,56.22
JMFINANCIL,EQ,07-Oct-2026,124.0,123.68,125.34,122.8,124.91,124.92,124.34,1531478,1904.24,24258,814444,53.18
JNKINDIA,EQ,07-Oct-2026,440.95,444.15,452.45,435.0,441.25,444.75,445.44,138580,617.29,7683,56798,40.99
JNPR,EQ,07-Oct-2026,280.6,281.1,283.0,275.75,280.7,280.65,280.24,822016,2303.63,22969,398370,48.46
JOCIL,EQ,07-Oct-2026,148.47,149.19,155.0,146.4,149.0,149.04,148.74,2527,3.76,55,2300,91.02
JPOLYINVST,EQ,07-Oct-2026,923.9,923.9,949.25,890.1,895.0,901.1,903.38,4656,42.06,756,2098,45.06
JPPOWER,EQ,07-Oct-2026,15.0,15.0,15.12,14.73,14.85,14.86,14.92,44222342,6597.3,833920,12076503,27.31
JSFB,EQ,07-Oct-2026,499.85,499.85,509.4,491.55,500.0,500.1,500.83,357814,1792.03,19836,181589,50.75
JSIPL,BE,07-Oct-2026,186.12,195.42,195.42,195.42,195.42,195.42,195.42,333820,652.35,2686,-,-
JSL,EQ,07-Oct-2026,750.95,751.0,754.6,730.05,732.25,732.15,735.19,546010,4014.19,35220,317181,58.09
JSLL,EQ,07-Oct-2026,441.25,444.8,448.25,407.25,415.95,417.2,421.31,3700090,15588.69,92073,1608016,43.46
JSWCEMENT,EQ,07-Oct-2026,113.2,115.77,116.4,110.81,111.8,112.14,112.39,4530075,5091.48,64864,1295012,28.59
JSWDULUX,EQ,07-Oct-2026,3004.8,3025.0,3101.4,2993.2,3035.0,3028.1,3040.88,29702,903.2,7747,13129,44.20
JSWENERGY,EQ,07-Oct-2026,494.9,494.9,494.9,481.45,485.45,485.45,487.66,2337109,11397.05,37982,1359613,58.17
JSWHL,EQ,07-Oct-2026,11313.0,11403.0,11403.0,11216.0,11252.0,11272.0,11288.05,1285,145.05,669,735,57.20
JSWINFRA,EQ,07-Oct-2026,363.05,355.0,365.75,351.05,354.05,353.9,357.74,4533527,16218.2,58186,2333480,51.47
JSWSTEEL,EQ,07-Oct-2026,1259.6,1249.0,1253.0,1225.9,1230.0,1230.0,1231.89,1830488,22549.68,85526,1235202,67.48
JTEKTINDIA,EQ,07-Oct-2026,115.38,115.9,115.9,114.0,114.3,114.46,114.71,53296,61.14,825,25144,47.18
JTLIND,EQ,07-Oct-2026,84.53,84.6,90.0,82.03,89.0,88.2,86.02,7721553,6641.92,43775,2809169,36.38
JUBLCPL,EQ,07-Oct-2026,2003.5,1966.0,2042.8,1966.0,1981.5,1988.0,1999.01,3874,77.44,783,1858,47.96
JUBLFOOD,EQ,07-Oct-2026,449.75,455.55,467.0,455.55,460.6,460.6,462.4,2597754,12012.09,37387,174876,6.73
JUBLINGREA,EQ,07-Oct-2026,644.25,638.6,647.1,627.0,637.0,642.55,637.02,322660,2055.41,20153,157934,48.95
JUBLPHARMA,EQ,07-Oct-2026,989.2,991.2,993.8,971.0,975.0,974.6,978.76,69406,679.32,11826,37806,54.47
JUNIORBEES,EQ,07-Oct-2026,758.79,760.39,762.8,749.3,753.6,752.0,753.4,404636,3048.52,14614,296554,73.29
JUNIPER,EQ,07-Oct-2026,218.36,222.0,223.65,215.21,217.45,216.34,218.16,62425,136.19,1435,29283,46.91
JUSTDIAL,EQ,07-Oct-2026,658.95,657.0,664.45,653.0,656.6,657.4,657.63,50927,334.91,3179,20087,39.44
JWL,EQ,07-Oct-2026,224.64,223.67,226.9,221.8,223.0,223.56,224.07,478354,1071.85,11226,162137,33.89
JYOTHYLAB,EQ,07-Oct-2026,183.32,185.0,193.95,182.59,191.0,191.44,189.13,808049,1528.26,19489,224506,27.78
JYOTICNC,EQ,07-Oct-2026,1073.1,1075.0,1081.0,1056.0,1071.0,1071.0,1070.75,699558,7490.55,30557,350406,50.09
JYOTIGLOBL,SM,07-Oct-2026,44.2,44.0,44.7,43.0,44.7,43.85,43.76,16000,7.0,7,16000,100.00
JYOTIRES,EQ,07-Oct-2026,849.6,849.6,850.0,833.35,848.0,842.95,846.37,5832,49.36,662,3697,63.39
JYOTISTRUC,EQ,07-Oct-2026,8.94,8.96,9.26,8.8,9.06,9.03,8.93,2917830,260.44,2872,1508696,51.71
K2INFRA,SM,07-Oct-2026,40.1,40.6,40.6,39.1,39.1,39.1,39.73,15000,5.96,25,12600,84.00
KABRAEXTRU,BE,07-Oct-2026,815.7,817.6,845.0,800.0,808.55,805.9,822.21,49892,410.22,1032,-,-
KAJARIACER,EQ,07-Oct-2026,1213.8,1217.7,1254.5,1201.2,1230.0,1226.2,1233.27,238403,2940.16,20361,116215,48.75
KAKATCEM,EQ,07-Oct-2026,105.44,105.44,107.3,104.45,107.1,105.95,105.76,1531,1.62,52,1051,68.65
KALAMANDIR,EQ,07-Oct-2026,77.36,77.01,77.55,76.11,76.5,77.01,76.98,218600,168.27,2776,99759,45.64
KALANA,SM,07-Oct-2026,17.95,17.6,17.6,17.6,17.6,17.6,17.6,2000,0.35,1,2000,100.00
KALPATARU,EQ,07-Oct-2026,269.8,270.0,270.0,264.4,269.2,267.3,267.28,25781,68.91,812,11218,43.51
KALYANIFRG,BE,07-Oct-2026,905.0,909.95,932.0,893.1,907.0,914.8,910.1,635,5.78,65,-,-
KALYANKJIL,EQ,07-Oct-2026,548.15,547.4,581.2,542.55,569.0,569.0,567.85,18559247,105388.72,174682,3565773,19.21
KAMAHOLD,EQ,07-Oct-2026,2253.3,2231.5,2255.9,2230.0,2255.0,2236.2,2243.27,299,6.71,86,182,60.87
KAMANWALA,EQ,07-Oct-2026,17.4,17.0,17.0,17.0,17.0,17.0,17.0,2,0.0,2,2,100.00
KAMATHOTEL,EQ,07-Oct-2026,258.82,263.4,266.39,256.44,262.0,262.89,262.71,124340,326.65,3797,57342,46.12
KAMDHENU,EQ,07-Oct-2026,37.31,37.42,39.5,37.13,38.48,38.08,38.49,1810766,696.89,8312,694937,38.38
KAMOPAINTS,EQ,07-Oct-2026,4.11,4.17,4.17,4.06,4.09,4.07,4.09,107923,4.42,485,77956,72.23
KANANIIND,EQ,07-Oct-2026,1.35,1.35,1.36,1.32,1.32,1.33,1.34,74612,1.0,319,64414,86.33
KANCHI,EQ,07-Oct-2026,371.65,379.5,380.0,372.0,380.0,378.15,378.22,621,2.35,48,478,76.97
KANCOTEA,EQ,07-Oct-2026,50.47,52.99,52.99,50.99,52.55,52.55,51.0,252,0.13,7,252,100.00
KANDARP,SM,07-Oct-2026,59.0,60.8,61.0,59.95,61.0,61.0,60.64,23000,13.95,10,23000,100.00
KANOHAR,EQ,07-Oct-2026,942.5,1030.0,1131.0,1011.2,1074.4,1091.05,1080.36,18502805,199896.58,543974,2309672,12.48
KANORICHEM,BE,07-Oct-2026,182.1,180.0,184.95,175.0,183.7,180.75,179.83,17869,32.13,267,-,-
KANPRPLA,EQ,07-Oct-2026,250.9,250.9,257.0,245.25,254.72,250.96,251.54,8703,21.89,466,5142,59.08
KANSAINER,EQ,07-Oct-2026,184.0,183.11,194.49,180.63,194.0,192.4,187.14,1839514,3442.43,37617,1223453,66.51
KAPSTON,EQ,07-Oct-2026,547.25,550.0,550.0,543.0,547.4,545.45,545.48,29326,159.97,1169,20036,68.32
KARAMTARA,EQ,07-Oct-2026,438.8,443.0,443.0,412.4,414.05,416.65,426.91,3685569,15733.99,80718,969164,26.30
KARMAENG,EQ,07-Oct-2026,36.28,37.0,37.0,34.6,34.91,34.86,35.2,10214,3.6,288,7597,74.38
KARNIKA,SM,07-Oct-2026,120.95,119.1,122.45,119.1,120.15,120.2,120.26,24000,28.86,18,14000,58.33
KARURVYSYA,EQ,07-Oct-2026,325.2,326.1,331.55,320.7,330.55,330.1,327.49,2515356,8237.5,62531,1541712,61.29
KATARIA,ST,07-Oct-2026,162.6,164.25,165.0,163.0,163.8,163.8,164.26,12600,20.7,21,12000,95.24
KAUSHALYA,BE,07-Oct-2026,822.7,823.0,823.0,806.1,820.15,820.15,809.9,56,0.45,15,-,-
KAVDEFENCE,BE,07-Oct-2026,85.55,88.9,89.82,85.55,89.82,89.54,89.29,421382,376.27,2044,-,-
KAYA,BE,07-Oct-2026,305.55,307.05,311.0,296.15,310.0,310.0,306.48,32353,99.15,75,-,-
KAYNES,EQ,07-Oct-2026,3405.0,3403.9,3429.0,3361.0,3365.0,3365.0,3390.23,692436,23475.16,45542,148598,21.46
KCEIL,SM,07-Oct-2026,77.25,78.0,78.0,75.25,77.0,76.65,76.3,37500,28.61,56,27500,73.33
KCK,ST,07-Oct-2026,15.0,15.2,15.45,15.0,15.45,15.45,15.32,112500,17.23,23,97500,86.67
KCP,EQ,07-Oct-2026,154.41,155.0,155.87,152.75,154.0,154.33,153.8,189686,291.74,1951,110094,58.04
KCPSUGIND,BE,07-Oct-2026,24.43,24.49,25.0,24.02,24.47,24.18,24.69,263401,65.04,625,-,-
KDDL,EQ,07-Oct-2026,3999.9,3965.0,4055.8,3965.0,3985.7,3997.2,4007.13,18883,756.67,5028,9271,49.10
KDGREEN,EQ,07-Oct-2026,49.19,52.99,52.99,48.5,48.5,48.53,49.05,35828,17.57,420,27824,77.66
KDL,SM,07-Oct-2026,42.65,40.55,40.55,40.55,40.55,40.55,40.55,2700,1.09,16,2700,100.00
KEC,EQ,07-Oct-2026,374.9,375.0,375.15,362.0,363.0,362.5,365.37,1716962,6273.28,40043,811396,47.26
KECL,EQ,07-Oct-2026,128.11,125.41,131.5,125.41,129.5,129.04,128.68,272071,350.09,4439,118634,43.60
KEEPLEARN,EQ,07-Oct-2026,1.79,1.81,1.95,1.7,1.88,1.86,1.84,116852,2.15,239,93929,80.38
KEI,EQ,07-Oct-2026,4557.4,4560.2,4688.9,4495.0,4677.7,4677.7,4614.43,220874,10192.08,22931,73596,33.32
KELLTONTEC,EQ,07-Oct-2026,12.41,12.25,12.42,12.12,12.13,12.15,12.23,960616,117.47,2817,440681,45.87
KEN,SM,07-Oct-2026,42.85,42.85,42.85,40.0,42.1,42.1,41.2,10800,4.45,9,6000,55.56
KENNAMET,EQ,07-Oct-2026,4268.6,4243.3,4301.8,4168.9,4174.9,4180.9,4207.88,11863,499.18,3901,6769,57.06
KERNEX,EQ,07-Oct-2026,1749.7,1754.9,1779.5,1702.1,1777.0,1767.5,1745.33,149534,2609.86,14097,55926,37.40
KESORAMIND,EQ,07-Oct-2026,10.76,11.1,11.15,10.75,10.8,10.81,10.91,445320,48.59,1347,293466,65.90
KEYFINSERV,EQ,07-Oct-2026,241.53,254.95,254.95,238.66,240.0,240.0,245.96,1376,3.38,59,482,35.03
KFINTECH,EQ,07-Oct-2026,863.8,860.0,871.7,858.0,858.0,858.0,864.71,388798,3361.96,35067,154338,39.70
KHADIM,BE,07-Oct-2026,114.7,114.13,115.2,114.13,115.2,115.2,115.05,2012,2.31,28,-,-
KHAICHEM,EQ,07-Oct-2026,48.73,49.0,49.59,48.11,48.65,48.82,48.85,88182,43.07,1274,44382,50.33
KHAITANLTD,EQ,07-Oct-2026,145.6,142.01,159.0,141.61,151.51,150.76,149.31,9188,13.72,268,6461,70.32
KHANDSE,EQ,07-Oct-2026,16.97,17.19,17.2,16.5,17.16,17.16,16.72,194,0.03,24,108,55.67
KHERIAAUTO,ST,07-Oct-2026,89.45,92.0,93.9,89.5,92.15,92.15,92.22,48000,44.27,38,43200,90.00
KICL,EQ,07-Oct-2026,4808.3,4810.0,4932.3,4810.0,4893.0,4881.9,4875.39,1534,74.79,324,1041,67.86
KILITCH,EQ,07-Oct-2026,260.7,260.7,267.9,254.6,255.6,256.25,260.74,180989,471.92,5026,79140,43.73
KIMS,EQ,07-Oct-2026,693.4,700.0,704.2,686.1,693.0,693.95,695.28,692428,4814.3,40780,374983,54.15
KINGFA,EQ,07-Oct-2026,6932.0,6932.0,6979.0,6760.0,6979.0,6932.5,6856.98,9197,630.64,3109,4185,45.50
KIOCL,EQ,07-Oct-2026,344.6,339.3,354.0,337.8,351.0,349.35,347.07,127933,444.01,6534,45426,35.51
KIRANVYPAR,EQ,07-Oct-2026,177.05,177.0,212.46,169.96,212.46,191.35,190.18,22423,42.64,544,18022,80.37
KIRIINDUS,EQ,07-Oct-2026,564.1,561.7,565.9,553.7,555.35,556.25,558.73,361713,2021.01,13536,159845,44.19
KIRLFER,EQ,07-Oct-2026,472.75,472.9,478.0,467.85,475.35,473.8,473.47,69152,327.41,3875,44615,64.52
KIRLOSBROS,EQ,07-Oct-2026,1745.3,1733.5,1744.7,1710.0,1711.3,1712.8,1720.8,43337,745.74,7443,23122,53.35
KIRLOSENG,EQ,07-Oct-2026,2266.1,2270.0,2290.5,2206.1,2230.0,2230.8,2235.54,364515,8148.89,34531,158377,43.45
KIRLOSIND,EQ,07-Oct-2026,3542.5,3541.4,3579.6,3520.2,3521.0,3531.2,3545.82,4656,165.09,1069,1555,33.40
KIRLPNU,EQ,07-Oct-2026,710.85,713.4,718.95,691.75,695.0,696.15,702.68,120760,848.56,10633,65078,53.89
KISSHT,EQ,07-Oct-2026,383.1,379.0,387.4,375.95,377.05,377.35,381.4,747467,2850.84,25847,261133,34.94
KITEX,EQ,07-Oct-2026,118.96,118.9,120.98,116.66,117.0,116.93,117.69,210532,247.78,3717,97479,46.30
KJMCFIN,EQ,07-Oct-2026,59.03,58.3,61.97,58.3,58.5,58.45,58.82,132,0.08,6,115,87.12
KKCL,EQ,07-Oct-2026,474.55,474.6,481.45,472.0,478.1,475.55,476.93,31242,149.0,1483,21615,69.19
KKJEWELS,SM,07-Oct-2026,99.9,99.8,99.8,95.7,96.1,96.1,96.59,7000,6.76,7,6000,85.71
KLBRENG-B,EQ,07-Oct-2026,528.4,533.0,538.85,514.05,523.9,524.35,530.19,179670,952.6,7662,98649,54.91
KLL,ST,07-Oct-2026,40.9,41.0,42.9,41.0,42.85,42.3,42.39,25600,10.85,28,24800,96.88
KMCSHIL,EQ,07-Oct-2026,170.36,172.5,185.18,170.36,183.15,183.22,181.29,1362750,2470.59,22886,380139,27.89
KMEW,EQ,07-Oct-2026,3202.3,3210.3,3268.5,3178.0,3215.0,3214.0,3215.62,92519,2975.06,16324,36102,39.02
KMSUGAR,BE,07-Oct-2026,26.53,26.85,26.85,25.7,26.4,26.17,26.19,106338,27.85,418,-,-
KNACK,EQ,07-Oct-2026,197.34,198.98,214.8,197.1,212.6,211.86,208.06,4515449,9394.69,52425,1455268,32.23
KNAGRI,EQ,07-Oct-2026,205.0,204.98,208.0,201.41,206.0,205.9,205.64,6941,14.27,198,4242,61.12
KNRCON,EQ,07-Oct-2026,115.65,115.33,116.5,114.0,115.45,115.72,115.13,489996,564.16,5144,229564,46.85
KODYTECH,ST,07-Oct-2026,1556.55,1560.0,1560.0,1521.0,1521.0,1533.45,1550.9,10600,164.4,54,10600,100.00
KOHINOOR,EQ,07-Oct-2026,28.89,29.29,29.65,28.55,29.56,29.42,29.16,104662,30.52,2550,24576,23.48
KOKUYOCMLN,EQ,07-Oct-2026,74.57,76.4,76.4,72.1,73.22,73.0,73.0,68227,49.81,740,37296,54.66
KOLTEPATIL,EQ,07-Oct-2026,433.55,434.55,438.0,427.0,437.25,435.9,431.93,33290,143.79,2086,14001,42.06
KONSTELEC,ST,07-Oct-2026,50.0,52.5,52.5,48.7,48.7,48.7,50.38,11000,5.54,7,11000,100.00
KOPRAN,EQ,07-Oct-2026,269.6,269.6,279.5,267.05,276.8,276.5,275.24,300819,827.98,6512,117408,39.03
KORE,ST,07-Oct-2026,195.0,198.8,204.75,190.0,204.75,202.05,198.01,14750,29.21,34,14500,98.31
KOTAKBANK,EQ,07-Oct-2026,431.9,432.05,441.5,429.0,440.0,440.0,438.86,37972097,166645.69,264248,26857344,70.73
KOTARISUG,BE,07-Oct-2026,26.15,26.15,26.94,25.52,25.86,25.94,26.07,18189,4.74,188,-,-
KOTHARIPET,EQ,07-Oct-2026,127.53,128.13,129.0,125.44,127.75,126.56,127.06,54672,69.46,1270,28701,52.50
KOTHARIPRO,EQ,07-Oct-2026,64.64,64.64,65.81,63.5,65.0,65.08,64.53,2939,1.9,68,2528,86.02
KOTIC,EQ,07-Oct-2026,147.33,147.47,147.47,142.0,143.45,143.91,144.63,38655,55.91,3065,27540,71.25
KOTYARK,EQ,07-Oct-2026,29.98,29.5,31.8,29.22,30.9,31.1,30.32,539007,163.43,1669,341114,63.29
KOVAI,EQ,07-Oct-2026,5936.0,5976.0,5992.0,5902.0,5902.5,5919.5,5926.2,4156,246.29,785,3077,74.04
KPEL,EQ,07-Oct-2026,215.47,215.51,216.53,212.0,212.3,212.89,213.46,125317,267.51,3609,54275,43.31
KPIGREEN,EQ,07-Oct-2026,326.8,325.7,341.5,320.0,334.7,334.45,330.54,1691178,5589.98,41034,382497,22.62
KPIL,EQ,07-Oct-2026,1451.5,1456.9,1468.7,1431.6,1454.1,1458.4,1451.73,171837,2494.62,18753,78011,45.40
KPITTECH,EQ,07-Oct-2026,492.7,493.9,496.95,483.4,484.25,484.25,488.23,1032082,5038.92,23824,363686,35.24
KPL,EQ,07-Oct-2026,3745.0,3783.9,3783.9,3642.1,3720.0,3681.2,3704.48,21347,790.79,3924,9514,44.57
KPRMILL,EQ,07-Oct-2026,1100.4,1101.0,1114.9,1088.6,1101.3,1101.3,1100.99,217508,2394.74,17719,140969,64.81
KRBL,EQ,07-Oct-2026,389.15,389.15,400.0,385.0,397.95,398.2,393.67,376596,1482.56,13390,157170,41.73
KREBSBIO,EQ,07-Oct-2026,58.86,58.15,61.97,58.15,59.9,59.72,60.46,30458,18.41,616,13807,45.33
KRIDHANINF,EQ,07-Oct-2026,1.88,1.84,1.9,1.84,1.89,1.86,1.86,8557,0.16,30,7129,83.31
KRISHANA,EQ,07-Oct-2026,193.66,194.65,194.65,190.2,191.97,191.38,192.33,413924,796.09,7512,191493,46.26
KRISHCA,SM,07-Oct-2026,209.9,210.0,210.75,206.5,210.0,207.75,208.74,5500,11.48,11,3500,63.64
KRISHIVAL,EQ,07-Oct-2026,404.45,405.05,406.0,393.0,393.0,397.4,401.0,5354,21.47,273,4215,78.73
KRISHNADEF,EQ,07-Oct-2026,1312.3,1310.0,1310.0,1230.0,1239.0,1242.1,1270.56,176515,2242.73,14322,75852,42.97
KRITI,EQ,07-Oct-2026,60.03,60.05,61.0,57.65,58.5,59.07,58.64,8290,4.86,254,6254,75.44
KRITIKA,EQ,07-Oct-2026,4.95,4.9,4.98,4.83,4.95,4.95,4.91,75321,3.7,337,55772,74.05
KRITINUT,EQ,07-Oct-2026,72.61,73.0,73.79,69.01,70.48,70.15,70.77,21419,15.16,520,13773,64.30
KRMAYURVED,SM,07-Oct-2026,291.8,291.8,291.8,273.95,274.9,275.0,278.84,145000,404.32,126,77000,53.10
KRN,EQ,07-Oct-2026,1462.3,1457.4,1518.0,1454.0,1485.0,1484.2,1493.77,516318,7712.59,35640,202547,39.23
KRONOX,BE,07-Oct-2026,206.65,214.55,215.05,207.5,212.0,210.6,212.44,38705,82.22,537,-,-
KROSS,EQ,07-Oct-2026,253.2,253.75,269.9,250.1,263.6,263.9,263.58,1500938,3956.2,26491,457496,30.48
KRSNAA,EQ,07-Oct-2026,552.7,556.2,556.2,543.5,550.0,548.1,548.42,33805,185.4,2145,17923,53.02
KRT,RR,07-Oct-2026,112.4,112.4,112.7,111.9,112.17,112.24,112.26,1224978,1375.21,3509,1176263,96.02
KRYSTAL,EQ,07-Oct-2026,656.65,647.8,658.9,641.25,641.25,644.45,647.8,3241,21.0,376,1913,59.02
KSB,EQ,07-Oct-2026,809.1,809.0,814.3,796.55,802.05,801.5,804.56,71157,572.5,5726,33928,47.68
KSCL,EQ,07-Oct-2026,717.45,717.55,722.75,705.65,712.0,710.75,711.21,87226,620.36,4788,30870,35.39
KSE,EQ,07-Oct-2026,176.86,180.0,180.0,174.6,176.0,176.84,176.64,5761,10.18,264,4713,81.81
KSHINTL,EQ,07-Oct-2026,1034.1,1040.9,1077.7,1033.0,1068.0,1072.3,1061.04,340263,3610.32,22206,137967,40.55
KSHITIJPOL,BE,07-Oct-2026,3.64,3.81,3.82,3.81,3.82,3.81,3.82,11750986,448.68,1938,-,-
KSL,EQ,07-Oct-2026,942.8,938.0,942.0,924.0,934.0,932.65,933.77,40147,374.88,3268,15957,39.75
KSOLVES,EQ,07-Oct-2026,248.96,251.44,254.79,243.82,246.0,246.44,248.71,29074,72.31,1603,11960,41.14
KSR,BE,07-Oct-2026,38.3,39.3,39.3,37.25,38.45,37.56,38.27,9440,3.61,69,-,-
KTKBANK,EQ,07-Oct-2026,324.25,323.9,329.3,317.9,326.65,326.45,325.23,1917889,6237.64,40762,1185961,61.84
KUANTUM,EQ,07-Oct-2026,75.31,75.31,77.29,75.0,77.29,76.72,75.95,68656,52.14,1114,47151,68.68
KUSUMGAR,EQ,07-Oct-2026,611.0,616.6,632.0,604.75,626.7,626.85,622.6,187736,1168.85,11600,93945,50.04
KWIL,EQ,07-Oct-2026,38.29,38.65,38.85,37.7,38.01,38.06,38.26,5607252,2145.6,24362,2277480,40.62
LADDERUP,BE,07-Oct-2026,52.2,52.18,52.18,49.99,51.9,51.9,50.43,380,0.19,16,-,-
LAGNAM,EQ,07-Oct-2026,73.59,73.59,74.0,72.01,72.3,72.26,73.6,2483,1.83,24,2470,99.48
LAHOTIOV,EQ,07-Oct-2026,39.12,38.95,40.0,38.6,40.0,39.9,39.53,2408,0.95,50,1994,82.81
LAKPRE,BZ,07-Oct-2026,5.25,5.2,5.2,5.2,5.2,5.2,5.2,1002,0.05,3,-,-
LAKSHMIMIL,EQ,07-Oct-2026,7733.5,7734.0,7734.0,7600.0,7715.0,7715.0,7659.88,8,0.61,8,6,75.00
LAKSHYA,SM,07-Oct-2026,93.05,96.9,97.7,96.9,97.7,97.7,97.49,9600,9.36,12,9600,100.00
LAL,EQ,07-Oct-2026,8.5,8.5,8.75,8.35,8.5,8.61,8.59,11575,0.99,81,9983,86.25
LALITHAA,EQ,07-Oct-2026,405.45,407.0,414.1,392.25,395.5,394.85,400.88,4147890,16628.15,44934,2190768,52.82
LALPATHLAB,EQ,07-Oct-2026,1964.2,1952.5,1970.0,1930.7,1938.0,1945.1,1946.23,254536,4953.86,32503,158368,62.22
LAMBODHARA,EQ,07-Oct-2026,135.95,138.0,138.0,130.5,134.9,133.74,134.5,8366,11.25,422,5148,61.53
LAMOSAIC,ST,07-Oct-2026,47.7,47.3,47.3,45.35,47.3,47.2,46.23,21000,9.71,29,16800,80.00
LANCER,EQ,07-Oct-2026,11.28,11.25,11.34,10.9,11.07,10.98,11.06,198181,21.92,845,129796,65.49
LANCORHOL,BE,07-Oct-2026,32.21,32.2,32.48,31.12,31.95,31.41,31.71,33605,10.66,173,-,-
LANDMARK,EQ,07-Oct-2026,480.6,480.0,485.0,474.2,483.6,480.95,479.59,68685,329.41,1957,37610,54.76
LANDSMILL,BE,07-Oct-2026,0.93,0.9,0.91,0.89,0.89,0.89,0.89,2085318,18.6,1093,-,-
LAOPALA,EQ,07-Oct-2026,159.07,159.07,159.9,154.31,154.31,155.04,156.65,100907,158.07,3234,64354,63.78
LARGEMID50,EQ,07-Oct-2026,34.63,34.36,34.53,34.28,34.37,34.37,34.39,2113,0.73,16,1701,80.50
LASERPOWER,EQ,07-Oct-2026,278.8,279.85,287.8,273.5,283.1,284.55,281.38,786184,2212.18,11384,436998,55.58
LATENTVIEW,EQ,07-Oct-2026,233.28,234.44,235.99,229.1,231.74,230.08,231.39,638016,1476.3,7570,378511,59.33
LATTEYS,EQ,07-Oct-2026,21.89,22.1,22.59,21.35,21.98,21.87,22.12,69991,15.48,261,55202,78.87
LAURUSLABS,EQ,07-Oct-2026,2050.0,2052.0,2065.2,2035.6,2052.8,2052.8,2048.81,1499990,30731.99,57089,667925,44.53
LAXMICOT,EQ,07-Oct-2026,12.63,12.89,13.19,12.77,12.8,12.8,12.85,2219,0.29,14,2067,93.15
LAXMIDENTL,EQ,07-Oct-2026,190.53,190.54,198.0,190.0,197.5,197.12,195.12,107375,209.51,1888,65079,60.61
LAXMIINDIA,EQ,07-Oct-2026,111.59,112.1,113.49,110.0,110.1,110.81,111.76,64905,72.54,1492,35961,55.41
LCCINFOTEC,BE,07-Oct-2026,3.59,3.59,3.68,3.42,3.44,3.46,3.45,58915,2.03,106,-,-
LCCPROJECT,EQ,07-Oct-2026,144.08,144.0,145.9,141.51,143.98,143.97,143.38,694750,996.14,8117,147709,21.26
LCL,EQ,07-Oct-2026,627.55,630.1,638.7,613.25,622.0,624.1,627.81,599031,3760.8,26734,247905,41.38
LEAPIND,EQ,07-Oct-2026,142.48,141.24,150.59,141.24,147.8,148.03,148.05,3817325,5651.56,43106,1817280,47.61
LEENEE,BE,07-Oct-2026,7.39,7.49,7.55,7.06,7.21,7.34,7.4,5502,0.41,35,-,-
LEMERITE,EQ,07-Oct-2026,19.8,20.0,20.3,19.06,19.44,19.26,19.53,151025,29.5,228,30929,20.48
LEMONTREE,EQ,07-Oct-2026,110.12,109.8,113.55,108.81,112.5,112.52,112.26,6232616,6996.89,55804,3001072,48.15
LENSKART,EQ,07-Oct-2026,684.85,688.0,691.95,679.5,680.25,681.3,683.43,1835430,12543.92,53323,1100466,59.96
LEXUS,EQ,07-Oct-2026,10.81,10.81,10.99,9.0,9.49,9.48,9.58,242702,23.26,974,136178,56.11
LFIC,EQ,07-Oct-2026,130.42,130.0,131.0,125.82,127.0,129.0,128.83,468,0.6,57,321,68.59
LGBBROSLTD,EQ,07-Oct-2026,1657.8,1657.8,1724.9,1644.1,1710.0,1715.8,1699.7,22620,384.47,3950,9526,42.11
LGEINDIA,EQ,07-Oct-2026,1758.6,1757.4,1790.0,1751.5,1785.0,1780.3,1767.3,371600,6567.28,36960,178610,48.07
LGHL,EQ,07-Oct-2026,213.69,228.0,228.0,212.0,217.0,215.12,214.88,33116,71.16,658,12233,36.94
LIBAS,EQ,07-Oct-2026,11.51,11.88,11.99,11.28,11.7,11.55,11.66,15851,1.85,173,10209,64.41
LIBERTSHOE,EQ,07-Oct-2026,218.57,218.57,219.54,215.11,216.3,216.48,216.78,11336,24.57,440,7192,63.44
LICHSGFIN,EQ,07-Oct-2026,502.0,503.45,517.15,497.2,515.4,515.4,509.71,2958457,15079.44,33894,1267570,42.85
LICI,EQ,07-Oct-2026,390.0,390.0,393.35,382.5,386.3,386.3,386.75,4216811,16308.61,46238,2212116,52.46
LICMFGOLD,EQ,07-Oct-2026,132.0,131.65,132.55,131.65,132.1,132.25,132.47,455323,603.15,521,440119,96.66
LICNETFGSC,EQ,07-Oct-2026,29.02,28.29,29.28,28.29,28.96,28.93,28.95,13335,3.86,75,12566,94.23
LICNETFN50,EQ,07-Oct-2026,255.83,255.23,255.81,252.87,254.0,254.0,255.14,122,0.31,20,105,86.07
LICNETFSEN,EQ,07-Oct-2026,823.0,825.21,878.0,801.11,817.92,817.51,825.38,128,1.06,22,55,42.97
LICNFNHGP,EQ,07-Oct-2026,262.4,261.51,264.13,260.56,260.56,260.56,262.3,1019,2.67,9,1007,98.82
LICNMID100,EQ,07-Oct-2026,59.62,59.58,60.5,59.45,59.5,59.58,60.22,15216,9.16,89,12310,80.90
LIKHITHA,EQ,07-Oct-2026,226.66,225.01,237.19,224.41,234.0,234.14,231.29,53476,123.68,1728,27952,52.27
LINC,EQ,07-Oct-2026,88.25,86.2,87.8,86.05,86.51,86.84,86.65,22189,19.23,394,13430,60.53
LINCOLN,EQ,07-Oct-2026,577.8,580.65,580.65,561.15,562.4,563.85,567.41,26964,153.0,2291,16732,62.05
LINDEINDIA,EQ,07-Oct-2026,6152.5,6119.0,6119.0,6065.0,6085.0,6094.0,6092.92,6366,387.88,2100,2967,46.61
LIQGRWBEES,EQ,07-Oct-2026,1058.31,1058.01,1058.46,1056.99,1058.45,1058.45,1058.43,45192,478.33,219,29078,64.34
LIQUID,EQ,07-Oct-2026,999.99,1004.99,1004.99,999.99,999.99,999.99,1000.0,138344,1383.44,179,86968,62.86
LIQUID1,EQ,07-Oct-2026,1125.67,1115.35,1128.0,1115.35,1125.82,1125.82,1125.82,672408,7570.07,1198,345718,51.41
LIQUIDADD,EQ,07-Oct-2026,1147.87,1148.01,1148.04,1148.01,1148.02,1148.02,1148.03,321398,3689.74,263,210052,65.36
LIQUIDBEES,EQ,07-Oct-2026,999.99,999.99,1000.01,999.3,1000.0,1000.0,1000.01,5245825,52458.6,4832,4521253,86.19
LIQUIDBETF,EQ,07-Oct-2026,1101.75,1101.9,1101.92,1101.9,1101.91,1101.91,1101.91,282515,3113.06,67,147437,52.19
LIQUIDCASE,EQ,07-Oct-2026,116.23,116.25,116.27,116.25,116.26,116.25,116.26,19441650,22602.62,12356,14995599,77.13
LIQUIDETF,EQ,07-Oct-2026,1000.0,1000.0,1000.01,999.99,1000.0,1000.0,1000.0,93403,934.03,283,75161,80.47
LIQUIDIETF,EQ,07-Oct-2026,999.99,999.96,1000.01,999.96,1000.0,999.99,1000.0,355024,3550.24,237,209048,58.88
LIQUIDPLUS,EQ,07-Oct-2026,1106.32,1106.46,1106.48,1106.46,1106.48,1106.47,1106.47,309194,3421.13,270,226287,73.19
LIQUIDSBI,EQ,07-Oct-2026,999.99,999.99,1000.01,999.99,1000.01,1000.01,1000.01,1677,16.77,17,1361,81.16
LIQUIDSHRI,EQ,07-Oct-2026,1124.42,1124.54,1124.56,1124.54,1124.54,1124.55,1124.55,599,6.74,16,442,73.79
LKPSEC,EQ,07-Oct-2026,14.3,14.3,14.3,13.01,13.61,13.65,13.53,17851,2.42,146,13893,77.83
LLOYDS,SM,07-Oct-2026,62.0,59.0,60.6,58.9,59.5,59.5,59.29,9000,5.34,9,7000,77.78
LLOYDSENGG,EQ,07-Oct-2026,101.15,101.35,103.4,100.05,101.16,101.1,101.77,10569722,10757.21,43541,3916315,37.05
LLOYDSENT,EQ,07-Oct-2026,78.83,78.66,79.8,77.72,78.6,78.98,78.93,1865814,1472.77,12327,828060,44.38
LLOYDSME,EQ,07-Oct-2026,1858.2,1853.6,1854.7,1827.0,1843.5,1844.5,1844.89,251085,4632.25,23048,137256,54.67
LMW,EQ,07-Oct-2026,16910.0,16999.0,17350.0,16600.0,16874.0,16819.0,16805.65,2818,473.58,1208,1399,49.65
LODHA,EQ,07-Oct-2026,1135.6,1129.9,1141.0,1109.4,1109.4,1109.4,1123.74,1923289,21612.79,44468,1180875,61.40
LOKESHMACH,EQ,07-Oct-2026,455.7,446.9,475.0,445.0,465.95,465.45,466.38,252924,1179.58,8011,114204,45.15
LORDSCHLO,EQ,07-Oct-2026,139.21,140.0,140.59,137.0,140.0,139.5,139.12,11087,15.42,318,8227,74.20
LOTUSCHO,EQ,07-Oct-2026,579.65,590.0,693.5,581.9,642.0,646.85,645.46,106548,687.72,5645,30570,28.69
LOTUSDEV,BE,07-Oct-2026,244.73,237.3,247.0,237.0,243.9,242.92,240.1,918484,2205.24,3633,-,-
LOTUSEYE,EQ,07-Oct-2026,115.37,115.0,116.89,114.1,114.46,114.84,115.09,3251,3.74,180,3050,93.82
LOVABLE,EQ,07-Oct-2026,69.0,71.0,71.0,68.56,68.73,68.73,68.89,2482,1.71,121,1802,72.60
LOWVOL,EQ,07-Oct-2026,193.43,192.83,192.87,191.97,192.52,192.52,192.47,911,1.75,13,509,55.87
LOWVOL1,EQ,07-Oct-2026,19.85,19.85,19.85,19.54,19.57,19.57,19.66,169816,33.38,12874,127074,74.83
LOWVOLIETF,EQ,07-Oct-2026,20.69,20.88,20.88,20.5,20.66,20.53,20.55,900530,185.04,13718,594671,66.04
LOYALTEX,EQ,07-Oct-2026,207.0,207.0,209.0,205.2,209.0,208.02,206.26,432,0.89,7,432,100.00
LPDC,EQ,07-Oct-2026,6.23,6.35,6.35,6.18,6.28,6.25,6.24,11999,0.75,122,6845,57.05
LRRPL,SM,07-Oct-2026,100.7,95.7,96.0,95.7,95.7,95.7,95.75,15000,14.36,10,15000,100.00
LT,EQ,07-Oct-2026,3770.0,3750.0,3758.1,3684.6,3701.5,3701.5,3712.42,1609969,59768.77,88514,958784,59.55
LTF,EQ,07-Oct-2026,264.4,264.0,266.75,258.85,260.25,260.25,261.73,7005951,18336.68,59785,3230998,46.12
LTFOODS,EQ,07-Oct-2026,408.15,408.05,421.9,407.35,419.0,418.2,415.07,487332,2022.78,19471,178848,36.70
LTGILTBEES,EQ,07-Oct-2026,29.54,29.54,29.58,29.47,29.5,29.51,29.5,949721,280.17,750,591976,62.33
LTGILTCASE,EQ,07-Oct-2026,30.08,30.16,30.16,29.98,30.1,30.06,30.06,305490,91.82,254,284895,93.26
LTM,EQ,07-Oct-2026,3971.1,3971.0,4008.0,3905.6,3930.0,3930.0,3962.97,255181,10112.74,26083,68876,26.99
LTTS,EQ,07-Oct-2026,3246.0,3246.0,3291.0,3216.6,3264.0,3252.1,3262.33,46255,1508.99,8565,14451,31.24
LUMAXIND,EQ,07-Oct-2026,5435.5,5434.5,5464.5,5370.5,5401.0,5401.5,5409.64,7449,402.96,2356,3858,51.79
LUMAXTECH,EQ,07-Oct-2026,1856.9,1862.9,1900.9,1810.0,1845.0,1849.2,1859.97,202771,3771.49,28176,67394,33.24
LUMINO,EQ,07-Oct-2026,101.67,101.6,109.6,101.5,109.1,108.9,107.42,13878425,14908.15,76377,3494604,25.18
LUPIN,EQ,07-Oct-2026,2029.3,2029.3,2030.8,2001.5,2012.9,2012.9,2015.07,787301,15864.63,43331,475957,60.45
LUXIND,EQ,07-Oct-2026,1177.0,1177.9,1200.0,1142.9,1165.0,1157.5,1168.17,23431,273.71,2966,8957,38.23
LXCHEM,EQ,07-Oct-2026,188.86,188.1,193.77,185.3,190.8,190.35,190.23,2013189,3829.59,35588,668678,33.21
LYKALABS,BE,07-Oct-2026,75.26,73.7,75.64,73.7,74.3,74.3,74.29,15990,11.88,70,-,-
M&M,EQ,07-Oct-2026,2855.0,2823.6,2837.9,2800.0,2800.0,2800.0,2815.34,3361287,94631.76,121389,2145846,63.84
M&MFIN,EQ,07-Oct-2026,327.75,327.4,331.0,319.9,320.0,321.75,325.41,2047176,6661.79,75629,1246817,60.90
MAANALU,EQ,07-Oct-2026,105.03,104.0,105.34,102.0,103.0,103.99,103.68,47078,48.81,855,24016,51.01
MACOBSTECH,SM,07-Oct-2026,203.7,198.0,205.4,196.0,205.0,205.05,203.73,63200,128.76,23,39200,62.03
MACPOWER,EQ,07-Oct-2026,2090.1,2090.1,2108.9,2030.0,2040.0,2062.9,2061.12,27342,563.55,4132,13567,49.62
MADHAV,EQ,07-Oct-2026,33.93,34.9,34.9,33.6,33.6,33.62,34.11,847,0.29,43,369,43.57
MADHAVBAUG,ST,07-Oct-2026,173.0,165.0,172.8,165.0,172.8,168.95,166.37,4800,7.99,10,4400,91.67
MADHAVIPL,EQ,07-Oct-2026,7.35,7.48,7.48,7.2,7.33,7.39,7.32,48422,3.55,175,42854,88.50
MADHUCON,EQ,07-Oct-2026,3.96,4.0,4.05,3.85,4.04,3.93,3.91,25147,0.98,100,23412,93.10
MADHURKNIT,SM,07-Oct-2026,55.1,55.2,57.9,54.15,57.8,57.45,56.06,27600,15.47,22,21600,78.26
MADHUSUDAN,ST,07-Oct-2026,227.15,224.55,230.2,220.0,230.2,230.2,224.16,29000,65.01,28,29000,100.00
MADRASFERT,EQ,07-Oct-2026,58.98,58.98,59.3,58.64,58.8,58.89,58.97,12364,7.29,423,7915,64.02
MAFANG,EQ,07-Oct-2026,276.13,280.4,297.0,276.13,296.0,295.01,291.15,1807873,5263.55,34916,777933,43.03
MAFATIND,EQ,07-Oct-2026,115.64,115.85,116.7,115.11,115.11,115.95,115.95,20020,23.21,548,15144,75.64
MAGADSUGAR,EQ,07-Oct-2026,552.45,554.35,570.0,552.05,561.5,562.3,563.07,52127,293.51,3378,20073,38.51
MAGNUM,EQ,07-Oct-2026,18.19,18.37,18.37,18.11,18.11,18.18,18.16,4625,0.84,37,4560,98.59
MAHABANK,EQ,07-Oct-2026,80.8,80.8,84.5,79.89,84.15,84.15,82.73,20883267,17277.1,68940,7725250,36.99
MAHAPEXLTD,EQ,07-Oct-2026,50.84,50.0,52.98,50.0,52.0,51.66,51.92,2223,1.15,44,1749,78.68
MAHASTEEL,BE,07-Oct-2026,1139.3,1139.3,1139.3,1097.1,1101.7,1114.9,1117.15,803,8.97,113,-,-
MAHEPC,EQ,07-Oct-2026,98.97,98.97,99.8,96.61,98.3,98.37,98.96,7692,7.61,328,4739,61.61
MAHESHWARI,EQ,07-Oct-2026,71.44,71.44,71.44,70.25,71.2,71.2,70.73,2771,1.96,31,2766,99.82
MAHICKRA,SM,07-Oct-2026,280.0,270.0,293.0,270.0,293.0,281.5,281.5,1500,4.22,2,750,50.00
MAHKTECH,EQ,07-Oct-2026,22.25,22.45,23.25,22.2,23.02,23.0,22.98,1477196,339.49,5851,1088045,73.66
MAHLIFE,EQ,07-Oct-2026,352.2,356.95,360.95,348.5,351.8,351.1,353.7,259250,916.97,11365,65725,25.35
MAHLOG,EQ,07-Oct-2026,415.05,415.7,419.3,407.55,410.5,411.15,412.11,118205,487.14,7334,59298,50.17
MAHSCOOTER,EQ,07-Oct-2026,12315.0,12300.0,12376.0,12180.0,12230.0,12242.0,12269.97,5400,662.58,2298,2973,55.06
MAHSEAMLES,EQ,07-Oct-2026,685.7,682.5,698.9,671.7,693.0,692.75,687.63,368489,2533.83,30634,214520,58.22
MAITHANALL,EQ,07-Oct-2026,911.0,915.0,922.95,904.0,904.5,905.75,911.37,34492,314.35,2629,16716,48.46
MAITREYA,SM,07-Oct-2026,113.5,117.0,118.5,117.0,118.3,118.1,117.9,2400,2.83,6,2400,100.00
MAJESAUT,BE,07-Oct-2026,369.15,369.15,376.0,366.0,372.0,367.6,371.46,2423,9.0,119,-,-
MAKEINDIA,EQ,07-Oct-2026,157.0,157.0,157.0,154.81,155.34,155.25,155.4,23264,36.15,527,14748,63.39
MAKERSL,EQ,07-Oct-2026,183.0,183.0,185.8,178.61,179.21,179.21,182.75,351,0.64,18,256,72.93
MAL,ST,07-Oct-2026,38.0,38.0,38.55,38.0,38.55,38.55,38.26,9600,3.67,5,8000,83.33
MALLCOM,EQ,07-Oct-2026,903.3,903.3,925.0,898.0,901.5,902.1,902.46,2789,25.17,273,2211,79.28
MALUPAPER,EQ,07-Oct-2026,32.4,32.5,32.97,30.2,31.05,31.08,31.08,30035,9.33,308,16238,54.06
MAMATA,EQ,07-Oct-2026,395.65,395.5,397.95,390.05,394.9,395.95,393.09,72502,285.0,2696,47705,65.80
MANAKALUCO,EQ,07-Oct-2026,33.24,33.24,33.87,32.0,32.22,32.21,32.4,84982,27.53,697,66173,77.87
MANAKCOAT,EQ,07-Oct-2026,129.32,130.89,133.19,128.1,129.46,129.25,130.1,194836,253.49,2489,119421,61.29
MANAKSIA,EQ,07-Oct-2026,59.05,59.5,59.5,57.96,58.54,58.26,58.7,19558,11.48,423,14988,76.63
MANAKSTEEL,BE,07-Oct-2026,108.88,108.34,114.32,106.0,110.05,110.97,111.73,48669,54.38,473,-,-
MANALIPETC,EQ,07-Oct-2026,92.36,93.0,93.0,87.7,90.69,90.48,89.55,3975432,3560.04,22075,1056329,26.57
MANAPPURAM,EQ,07-Oct-2026,310.2,310.2,315.9,308.0,308.9,308.9,312.0,4398209,13722.28,29911,1734754,39.44
MANBA,EQ,07-Oct-2026,141.35,142.15,142.4,139.2,141.5,141.74,141.19,48842,68.96,702,17710,36.26
MANCREDIT,EQ,07-Oct-2026,231.9,239.99,244.07,236.0,239.0,240.56,241.42,119524,288.55,1530,20124,16.84
MANDEEP,SM,07-Oct-2026,18.4,18.3,18.3,18.0,18.0,18.0,18.24,10000,1.82,3,10000,100.00
MANGALAM,EQ,07-Oct-2026,31.86,32.49,33.95,31.6,33.06,33.09,33.21,78218,25.97,739,64724,82.75
MANGLMCEM,EQ,07-Oct-2026,988.1,991.7,1000.45,961.65,973.8,971.1,975.87,50762,495.37,2912,33933,66.85
MANIKA,EQ,07-Oct-2026,51.52,53.5,61.0,42.0,58.13,58.64,54.88,18085851,9925.14,86325,3471199,19.19
MANILAM,SM,07-Oct-2026,34.85,35.0,35.0,35.0,35.0,35.0,35.0,2000,0.7,1,2000,100.00
MANINDS,EQ,07-Oct-2026,922.05,922.0,929.0,890.05,903.95,905.75,913.06,333776,3047.59,17944,131641,39.44
MANINFRA,EQ,07-Oct-2026,123.24,123.0,123.36,121.2,122.41,122.52,122.2,764088,933.73,4101,368972,48.29
MANIPALHOS,EQ,07-Oct-2026,690.5,691.15,704.65,677.0,700.0,699.15,693.06,443752,3075.46,21681,148409,33.44
MANKIND,EQ,07-Oct-2026,2500.0,2500.9,2530.0,2480.1,2500.0,2500.0,2508.68,242210,6076.28,23054,102995,42.52
MANOMAY,EQ,07-Oct-2026,240.14,242.99,244.96,234.0,234.0,236.9,238.23,186922,445.31,7098,24851,13.29
MANORAMA,EQ,07-Oct-2026,1985.6,1999.8,2043.0,1987.1,2000.5,1996.0,2015.19,175806,3542.83,16462,80469,45.77
MANORG,EQ,07-Oct-2026,436.1,449.0,449.0,434.1,437.0,438.0,440.37,6074,26.75,251,4727,77.82
MANUFGBEES,EQ,07-Oct-2026,155.23,155.0,156.0,153.05,154.04,153.85,154.14,9035,13.93,243,8980,99.39
MANUGRAPH,BE,07-Oct-2026,16.45,16.7,17.0,15.91,16.25,16.31,16.76,53325,8.94,84,-,-
MANYAVAR,EQ,07-Oct-2026,505.4,507.4,509.85,491.65,496.0,500.2,500.51,276295,1382.87,29585,130901,47.38
MAPMYINDIA,EQ,07-Oct-2026,896.6,895.0,904.8,888.0,895.4,896.0,896.85,53855,483.0,4844,29233,54.28
MARALOVER,EQ,07-Oct-2026,57.99,59.7,59.7,57.4,58.48,58.48,58.36,3783,2.21,97,3099,81.92
MARATHON,EQ,07-Oct-2026,374.6,376.45,382.25,369.0,378.0,377.7,375.66,88066,330.83,2628,48840,55.46
MARC,ST,07-Oct-2026,148.45,152.0,155.85,152.0,155.85,155.85,155.07,7200,11.16,6,7200,100.00
MARCO,SM,07-Oct-2026,28.9,28.0,29.0,28.0,29.0,29.0,28.33,4500,1.28,3,3000,66.67
MARICO,EQ,07-Oct-2026,794.15,794.0,795.8,783.4,787.25,787.25,788.29,1064427,8390.73,48101,646330,60.72
MARINE,EQ,07-Oct-2026,478.85,476.7,490.85,471.1,475.0,476.4,480.43,1413767,6792.21,34955,535618,37.89
MARINETRAN,ST,07-Oct-2026,14.5,13.8,13.8,13.8,13.8,13.8,13.8,8000,1.1,2,4000,50.00
MARKOLINES,EQ,07-Oct-2026,170.41,170.66,171.44,166.23,170.25,169.6,169.1,187834,317.62,1423,46710,24.87
MARKSANS,EQ,07-Oct-2026,324.4,325.8,329.0,318.45,326.05,325.45,323.8,2155353,6979.13,41518,865694,40.16
MARSONS,EQ,07-Oct-2026,119.24,123.0,138.95,122.38,132.7,132.45,131.17,19136401,25101.14,147584,2566701,13.41
MARUTI,EQ,07-Oct-2026,11625.0,11561.0,11597.0,11383.0,11450.0,11450.0,11460.52,628155,71989.83,63463,377682,60.13
MASFIN,EQ,07-Oct-2026,266.9,264.3,286.65,263.9,271.8,270.25,272.39,1010890,2753.56,15871,387308,38.31
MASKINVEST,EQ,07-Oct-2026,147.49,144.99,145.0,144.99,145.0,144.99,145.0,20,0.03,2,10,50.00
MASON,SM,07-Oct-2026,104.35,104.05,105.0,100.0,101.0,101.0,101.95,27000,27.53,36,24000,88.89
MASPTOP50,EQ,07-Oct-2026,111.05,113.82,118.0,111.32,117.88,116.81,116.09,1568731,1821.19,16198,690004,43.98
MASTEK,EQ,07-Oct-2026,1616.3,1619.0,1640.7,1598.1,1623.0,1624.9,1624.72,51331,833.99,9128,24800,48.31
MASTER,SM,07-Oct-2026,410.5,415.0,415.0,415.0,415.0,415.0,415.0,1500,6.23,3,1500,100.00
MASTERTR,EQ,07-Oct-2026,82.62,82.52,91.34,81.51,83.05,82.94,85.41,1651954,1410.87,14412,245285,14.85
MATRIMONY,EQ,07-Oct-2026,509.6,512.95,527.95,507.85,515.0,517.5,522.71,14894,77.85,762,10889,73.11
MAWANASUG,EQ,07-Oct-2026,147.89,147.98,155.5,147.32,152.0,151.66,152.81,526482,804.54,9433,189914,36.07
MAXESTATES,EQ,07-Oct-2026,564.95,569.9,570.05,548.0,557.9,550.5,555.97,56627,314.83,3576,30859,54.50
MAXHEALTH,EQ,07-Oct-2026,902.5,900.0,911.25,891.6,908.0,908.0,901.83,2002385,18058.05,39390,1036217,51.75
MAXIND,EQ,07-Oct-2026,165.84,165.9,165.99,160.25,161.0,162.27,163.82,33743,55.28,1183,16685,49.45
MAXPOSURE,SM,07-Oct-2026,35.0,35.0,35.0,33.6,34.6,34.6,34.4,3000,1.03,3,2000,66.67
MAXVOLT,SM,07-Oct-2026,440.75,433.05,459.75,432.1,446.0,442.6,445.75,57600,256.75,137,32000,55.56
MAYASHEEL,SM,07-Oct-2026,36.2,33.0,34.85,33.0,33.0,33.0,33.58,24000,8.06,8,15000,62.50
MAYURUNIQ,EQ,07-Oct-2026,761.15,760.95,767.4,748.0,765.0,762.85,758.56,78870,598.28,5104,41037,52.03
MAZDA,BE,07-Oct-2026,283.4,281.1,289.9,278.0,285.0,283.65,284.06,26709,75.87,512,-,-
MAZDOCK,EQ,07-Oct-2026,2101.0,2101.0,2102.5,2052.4,2064.4,2064.4,2068.38,437816,9055.71,25701,172439,39.39
MBAPL,EQ,07-Oct-2026,166.95,167.0,169.15,165.21,168.5,168.02,167.83,341290,572.78,5195,150155,44.00
MBECL,BE,07-Oct-2026,493.8,483.95,483.95,483.95,483.95,483.95,483.95,1537,7.44,44,-,-
MBEL,EQ,07-Oct-2026,255.41,255.0,300.74,250.26,288.0,290.6,288.0,7111495,20481.03,91332,452931,6.37
MBLINFRA,EQ,07-Oct-2026,25.05,25.88,25.94,24.7,25.0,25.06,25.4,104724,26.6,522,73007,69.71
MCCHRLS-B,EQ,07-Oct-2026,674.25,665.0,688.0,658.2,677.0,672.55,665.93,737,4.91,19,712,96.61
MCL,EQ,07-Oct-2026,54.82,56.0,56.0,54.13,55.42,55.27,55.21,51630,28.5,1628,30995,60.03
MCLEODRUSS,EQ,07-Oct-2026,42.6,42.01,43.36,41.71,42.2,42.0,42.59,156711,66.74,971,97796,62.41
MCLOUD,EQ,07-Oct-2026,24.85,24.98,25.2,24.6,24.79,24.76,24.9,1192358,296.84,2563,327062,27.43
MCON,SM,07-Oct-2026,39.95,39.9,40.9,39.0,40.9,40.9,40.02,16000,6.4,13,14000,87.50
MCX,EQ,07-Oct-2026,3310.0,3305.0,3374.6,3267.8,3362.6,3362.6,3334.93,2369566,79023.33,151038,1090854,46.04
MEDANTA,EQ,07-Oct-2026,1300.8,1300.0,1300.1,1258.8,1293.8,1294.1,1277.23,463494,5919.88,43832,264611,57.09
MEDIASSIST,EQ,07-Oct-2026,306.25,306.45,307.05,298.4,300.95,300.0,300.89,245485,738.65,13231,168368,68.59
MEDICAMEQ,BE,07-Oct-2026,311.95,313.0,315.3,304.0,313.3,313.25,309.13,21741,67.21,284,-,-
MEDICAPQ,BE,07-Oct-2026,24.99,24.5,24.99,24.0,24.5,24.5,24.57,1968,0.48,10,-,-
MEDICO,EQ,07-Oct-2026,22.17,22.5,22.56,21.85,22.49,22.37,22.27,215603,48.0,1146,150661,69.88
MEDPLUS,EQ,07-Oct-2026,651.45,654.0,654.0,641.75,643.0,647.3,646.73,54469,352.27,6679,31688,58.18
MEESHO,EQ,07-Oct-2026,238.22,236.99,240.34,234.0,236.15,236.52,237.44,13483541,32015.38,85654,5641694,41.84
MEGAFLEX,SM,07-Oct-2026,120.25,123.0,123.0,123.0,123.0,123.0,123.0,1000,1.23,1,1000,100.00
MEGASTAR,EQ,07-Oct-2026,289.97,291.41,312.99,288.27,311.0,309.06,306.93,16694,51.24,650,13686,81.98
MEGATHERM,SM,07-Oct-2026,245.9,250.0,254.4,245.0,249.0,248.65,249.83,15600,38.97,34,11600,74.36
MEIL,EQ,07-Oct-2026,263.45,262.4,275.6,260.25,274.7,274.4,271.16,48196,130.69,1942,24520,50.88
MENNPIS,BE,07-Oct-2026,70.19,70.95,72.55,70.1,71.8,72.11,71.22,21943,15.63,138,-,-
MENONBE,EQ,07-Oct-2026,304.95,309.65,313.75,294.0,301.9,301.45,305.14,224158,683.99,4864,107988,48.17
MEP,BZ,07-Oct-2026,0.67,0.68,0.68,0.68,0.68,0.68,0.68,9373,0.06,12,-,-
MERCANTILE,EQ,07-Oct-2026,22.85,22.85,22.85,21.8,22.33,22.33,22.17,614,0.14,16,450,73.29
MERCURYEV,EQ,07-Oct-2026,36.97,37.49,39.29,36.8,37.8,37.88,37.95,366184,138.97,3732,137697,37.60
METAL,EQ,07-Oct-2026,12.72,12.99,12.99,12.42,12.45,12.46,12.49,2702556,337.65,8474,2154452,79.72
METALIC,ST,07-Oct-2026,172.9,169.8,177.0,166.2,166.2,169.45,172.32,100800,173.7,50,81600,80.95
METALIETF,EQ,07-Oct-2026,12.63,12.63,12.63,12.38,12.39,12.39,12.47,8614564,1073.85,11512,4799115,55.71
METROBRAND,EQ,07-Oct-2026,818.85,827.0,827.4,807.0,826.0,825.1,818.35,25599,209.49,4096,13798,53.90
METROGLOBL,EQ,07-Oct-2026,130.0,130.0,132.0,127.21,132.0,132.0,129.41,93,0.12,14,79,84.95
METROPOLIS,EQ,07-Oct-2026,552.65,550.0,550.0,539.15,542.4,541.45,542.63,119688,649.46,6549,62577,52.28
MFML,EQ,07-Oct-2026,19.19,19.46,19.46,18.31,18.32,18.39,18.52,3198,0.59,77,1888,59.04
MFSL,EQ,07-Oct-2026,1361.0,1355.8,1358.0,1331.3,1345.1,1345.1,1344.75,795124,10692.44,35169,420394,52.87
MGEL,EQ,07-Oct-2026,15.78,15.75,16.03,15.53,15.75,15.71,15.78,65032,10.26,270,42132,64.79
MGL,EQ,07-Oct-2026,1039.8,1035.0,1058.9,1034.9,1039.0,1041.6,1047.75,80050,838.73,12065,38989,48.71
MGSL,SM,07-Oct-2026,58.95,58.5,60.95,58.5,58.6,58.6,59.57,19200,11.44,16,16800,87.50
MHLXMIRU,BE,07-Oct-2026,171.12,176.0,176.0,165.0,168.0,168.01,169.18,2849,4.82,48,-,-
MHRIL,EQ,07-Oct-2026,196.71,197.2,197.2,193.61,194.59,195.07,195.02,31279,61.0,1950,15983,51.10
MICEL,BE,07-Oct-2026,34.6,34.43,34.43,34.12,34.13,34.13,34.24,141141,48.32,502,-,-
MID150,EQ,07-Oct-2026,22.31,22.0,22.77,22.0,22.22,22.26,22.29,73710,16.43,304,57963,78.64
MID150BEES,EQ,07-Oct-2026,227.52,228.52,229.8,225.62,226.8,226.35,226.82,787083,1785.3,10954,607475,77.18
MID150CASE,EQ,07-Oct-2026,11.06,11.15,11.15,10.9,11.03,11.02,11.04,1101337,121.54,3099,736780,66.90
MIDBANKADD,EQ,07-Oct-2026,16.48,16.33,16.48,16.22,16.39,16.34,16.35,7255,1.19,58,3129,43.13
MIDCAP,EQ,07-Oct-2026,17.42,16.98,17.62,16.82,17.45,17.32,17.38,481540,83.67,1268,291526,60.54
MIDCAPADD,EQ,07-Oct-2026,22.21,22.2,22.2,21.77,22.0,21.83,21.91,29293,6.42,294,26173,89.35
MIDCAPBETA,EQ,07-Oct-2026,222.14,222.62,223.5,220.66,223.5,223.5,221.8,341,0.76,20,327,95.89
MIDCAPETF,EQ,07-Oct-2026,22.42,22.98,23.0,22.28,22.36,22.34,22.38,2046221,457.98,5105,1080271,52.79
MIDCAPIETF,EQ,07-Oct-2026,22.73,22.72,22.8,22.48,22.72,22.61,22.64,772286,174.84,2505,427571,55.36
MIDHANI,EQ,07-Oct-2026,462.35,458.35,462.0,452.6,456.5,458.7,457.74,942710,4315.14,24571,404615,42.92
MIDQ50ADD,EQ,07-Oct-2026,23.83,23.83,23.83,23.62,23.76,23.74,23.69,25074,5.94,199,21432,85.47
MIDSELIETF,EQ,07-Oct-2026,18.67,18.98,18.98,18.34,18.47,18.47,18.56,152569,28.31,642,70690,46.33
MIDSMALL,EQ,07-Oct-2026,50.32,50.45,50.45,49.89,50.31,50.3,50.14,195314,97.93,1252,106481,54.52
MIDWESTLTD,EQ,07-Oct-2026,1006.2,1049.0,1100.0,1030.0,1066.0,1067.15,1068.08,203806,2176.81,11857,54798,26.89
MIIL,EQ,07-Oct-2026,675.5,680.05,686.95,661.0,668.75,667.5,671.94,41690,280.13,1086,12155,29.16
MILKYMIST,BE,07-Oct-2026,319.2,318.8,335.15,318.8,335.15,335.15,332.73,2326916,7742.37,14431,-,-
MINALIND,BE,07-Oct-2026,4.17,4.09,4.09,4.09,4.09,4.09,4.09,2369,0.1,14,-,-
MINDACORP,EQ,07-Oct-2026,659.6,657.0,657.0,636.8,638.0,639.45,644.66,280732,1809.78,9427,198140,70.58
MINDSPACE,RR,07-Oct-2026,496.63,495.76,498.8,491.51,493.51,493.59,495.15,168489,834.26,11055,149290,88.61
MINDTECK,EQ,07-Oct-2026,143.72,145.0,146.9,137.59,139.9,140.12,140.65,90917,127.87,2096,50970,56.06
MIRZAINT,EQ,07-Oct-2026,27.72,27.4,28.04,27.4,27.8,27.85,27.89,31847,8.88,378,16708,52.46
MITCON,EQ,07-Oct-2026,79.35,79.35,79.98,76.74,78.5,78.49,78.29,5529,4.33,89,3906,70.65
MITTAL,EQ,07-Oct-2026,0.71,0.71,0.73,0.71,0.73,0.72,0.72,400267,2.87,215,206838,51.68
MKEXIM,EQ,07-Oct-2026,64.59,65.88,65.88,61.5,62.2,62.0,63.14,8508,5.37,95,7324,86.08
MKPL,EQ,07-Oct-2026,3.99,4.04,4.05,3.77,3.93,3.93,3.92,250065,9.8,500,131553,52.61
MLKFOOD,EQ,07-Oct-2026,84.66,85.0,86.0,84.0,86.0,85.7,85.33,4910,4.19,81,4061,82.71
MMEL,SM,07-Oct-2026,27.0,25.5,25.5,25.5,25.5,25.5,25.5,2000,0.51,1,2000,100.00
MMFL,EQ,07-Oct-2026,579.15,579.45,583.1,560.0,567.9,566.05,567.63,36751,208.61,2543,20663,56.22
MMP,EQ,07-Oct-2026,480.55,485.0,504.0,470.6,500.0,498.8,492.86,191291,942.79,9551,84685,44.27
MMTC,EQ,07-Oct-2026,57.01,57.46,57.46,55.96,56.11,56.2,56.37,650861,366.92,6963,285455,43.86
MMWL,EQ,07-Oct-2026,17.14,17.99,17.99,17.99,17.99,17.99,17.99,23177,4.17,39,23177,100.00
MNC,EQ,07-Oct-2026,31.48,32.26,32.26,31.02,31.18,31.16,31.18,51266,15.99,495,32773,63.93
MOALPHA50,EQ,07-Oct-2026,54.34,54.7,55.06,54.55,54.99,54.91,54.98,13783,7.58,81,11734,85.13
MOBANK10,EQ,07-Oct-2026,16.43,16.3,16.41,16.22,16.25,16.25,16.31,6503,1.06,69,1943,29.88
MOBIKWIK,EQ,07-Oct-2026,242.14,260.0,265.8,247.0,253.02,256.08,257.49,74766600,192517.87,557440,6559750,8.77
MOCAPITAL,EQ,07-Oct-2026,52.89,52.84,53.29,52.35,53.03,52.91,52.96,708911,375.46,2306,332809,46.95
MODEFENCE,EQ,07-Oct-2026,102.41,102.41,102.41,100.64,101.15,100.93,101.46,843928,856.26,6704,493611,58.49
MODINATUR,EQ,07-Oct-2026,317.5,319.9,326.7,295.0,299.0,299.6,305.91,21897,66.99,684,19341,88.33
MODIRUBBER,EQ,07-Oct-2026,118.58,122.49,122.5,118.4,119.5,118.87,120.96,2663,3.22,42,1537,57.72
MODIS,EQ,07-Oct-2026,380.85,381.1,385.0,375.65,385.0,382.8,380.94,16179,61.63,489,11213,69.31
MODISONLTD,BE,07-Oct-2026,491.3,497.0,506.0,480.0,490.0,488.8,491.3,44662,219.43,1085,-,-
MODTHREAD,EQ,07-Oct-2026,48.99,46.98,50.98,45.2,45.21,45.21,47.97,2248,1.08,49,1975,87.86
MOENERGY,EQ,07-Oct-2026,37.11,37.15,37.17,36.62,36.96,36.81,36.9,123817,45.69,558,92791,74.94
MOGOLD,EQ,07-Oct-2026,145.35,145.9,145.9,144.7,145.1,144.95,145.09,17936,26.02,236,11215,62.53
MOGSEC,EQ,07-Oct-2026,64.86,64.95,65.21,60.83,62.5,64.87,64.81,114334,74.1,76,106508,93.16
MOHEALTH,EQ,07-Oct-2026,50.86,51.85,51.85,50.34,50.4,50.39,50.51,24333,12.29,463,16469,67.68
MOHITE,EQ,07-Oct-2026,2.49,2.54,2.54,2.42,2.48,2.47,2.47,13164,0.33,70,9809,74.51
MOHITIND,EQ,07-Oct-2026,22.78,23.45,23.59,22.28,22.7,22.57,22.76,3094,0.7,105,1971,63.70
MOIL,EQ,07-Oct-2026,239.2,238.5,238.8,235.42,236.5,236.4,236.8,206935,490.01,4854,98921,47.80
MOINFRA,EQ,07-Oct-2026,56.67,56.77,57.0,55.92,57.0,56.18,56.22,1784,1.0,54,1162,65.13
MOIPO,EQ,07-Oct-2026,46.74,46.53,46.94,46.14,46.71,46.71,46.56,43101,20.07,45,21628,50.18
MOKSH,EQ,07-Oct-2026,9.31,9.5,9.57,9.3,9.54,9.52,9.47,29775,2.82,169,24579,82.55
MOL,EQ,07-Oct-2026,60.25,60.25,62.54,59.41,60.62,61.06,61.26,1173615,718.94,9605,397978,33.91
MOLBIO,EQ,07-Oct-2026,1501.1,1499.0,1559.9,1496.4,1554.0,1544.7,1535.9,1450584,22279.5,90266,281806,19.43
MOLDTECH,BE,07-Oct-2026,216.72,221.1,222.0,215.0,220.0,220.99,218.51,64307,140.52,1097,-,-
MOLDTKPAC,EQ,07-Oct-2026,678.0,679.9,690.1,654.95,664.2,667.2,670.64,124269,833.39,7177,65450,52.67
MOLOWVOL,EQ,07-Oct-2026,34.25,34.25,34.29,33.99,34.17,34.17,34.0,200296,68.1,44,196932,98.32
MOM100,EQ,07-Oct-2026,64.6,64.75,64.75,63.9,64.34,64.14,64.28,229691,147.64,2400,102706,44.71
MOM30IETF,EQ,07-Oct-2026,30.47,30.48,30.5,30.1,30.31,30.19,30.26,603947,182.78,1461,430024,71.20
MOM50,EQ,07-Oct-2026,238.46,238.05,238.23,235.85,235.85,236.09,236.9,5672,13.44,128,3285,57.92
MOMENTUM,EQ,07-Oct-2026,30.25,30.25,30.5,29.96,30.15,30.17,30.08,28164,8.47,165,23540,83.58
MOMENTUM30,EQ,07-Oct-2026,29.8,29.74,29.86,29.6,29.84,29.74,29.76,6630,1.97,88,5163,77.87
MOMENTUM50,EQ,07-Oct-2026,53.24,53.5,53.5,52.82,53.0,52.97,53.06,307418,163.12,14176,170485,55.46
MOMETAL,EQ,07-Oct-2026,12.62,12.6,12.62,12.32,12.38,12.35,12.4,67825,8.41,189,67432,99.42
MOMGF,EQ,07-Oct-2026,153.92,153.08,153.27,151.95,152.92,152.85,152.56,271,0.41,27,151,55.72
MOMIDMTM,EQ,07-Oct-2026,62.14,62.45,62.51,61.86,62.51,62.23,62.09,35623,22.12,210,21632,60.72
MOMMIDCAP,EQ,07-Oct-2026,12.61,12.49,12.63,12.49,12.57,12.56,12.57,665148,83.62,363,566755,85.21
MOMNC,EQ,07-Oct-2026,30.72,30.28,30.36,30.12,30.18,30.18,30.26,1515,0.46,27,1515,100.00
MOMOMENTUM,EQ,07-Oct-2026,60.72,60.72,60.72,59.78,59.78,59.98,60.16,32652,19.64,391,16684,51.10
MOMSBELIEF,EQ,07-Oct-2026,232.64,234.99,236.98,226.11,230.01,229.68,231.27,161231,372.89,2168,76540,47.47
MON100,EQ,07-Oct-2026,330.43,338.69,338.69,331.0,331.64,332.06,332.65,903342,3004.95,18259,455533,50.43
MON50EQUAL,EQ,07-Oct-2026,31.79,31.85,31.85,31.1,31.28,31.15,31.16,37853,11.8,126,37558,99.22
MONARCH,EQ,07-Oct-2026,344.65,346.95,350.85,343.15,345.45,347.15,347.04,26938,93.49,1245,11999,44.54
MONEXT50,EQ,07-Oct-2026,69.8,70.14,70.14,69.22,69.51,69.51,69.71,3439,2.4,40,3404,98.98
MONEYBOXX,BE,07-Oct-2026,53.48,51.88,53.75,51.88,53.0,52.72,52.65,6871,3.62,53,-,-
MONEYVIEW,EQ,07-Oct-2026,50.5,50.6,60.6,49.33,60.6,60.46,56.17,424471169,238425.97,701932,53745694,12.66
MONIFTY100,EQ,07-Oct-2026,23.91,23.31,24.13,23.31,23.8,23.84,23.83,24568,5.85,83,22196,90.35
MONIFTY500,EQ,07-Oct-2026,22.74,23.3,23.3,22.54,22.69,22.59,22.64,473388,107.18,1513,268774,56.78
MONOLITH,SM,07-Oct-2026,1239.85,1278.95,1310.0,1220.05,1279.9,1271.95,1271.58,33500,425.98,123,19000,56.72
MONOPHARMA,SM,07-Oct-2026,8.3,8.05,8.4,8.05,8.4,8.4,8.18,6000,0.49,3,4000,66.67
MONQ50,EQ,07-Oct-2026,219.2,223.9,263.04,219.5,256.0,258.57,244.19,2886068,7047.4,45877,821196,28.45
MONTECARLO,EQ,07-Oct-2026,524.3,527.4,529.0,519.2,524.0,525.7,524.45,25560,134.05,1548,12401,48.52
MOOILGAS,EQ,07-Oct-2026,10.74,10.74,11.15,10.58,10.7,10.98,10.69,7581,0.81,69,4128,54.45
MOPSE,EQ,07-Oct-2026,94.99,95.35,96.9,94.41,94.82,95.53,95.38,141,0.13,10,130,92.20
MOQUALITY,EQ,07-Oct-2026,191.38,191.38,191.38,187.6,188.69,188.19,188.19,1042,1.96,67,729,69.96
MOREALTY,EQ,07-Oct-2026,83.96,83.96,84.02,82.55,82.9,82.77,83.11,264689,220.0,1872,146406,55.31
MOREPENLAB,EQ,07-Oct-2026,143.96,145.3,150.7,145.14,147.51,146.97,148.18,19889954,29473.13,91826,6793649,34.16
MOS,SM,07-Oct-2026,6.0,5.9,6.3,5.7,6.3,6.3,6.12,468000,28.62,77,344000,73.50
MOSCHIP,EQ,07-Oct-2026,197.7,197.9,197.94,194.61,194.94,195.2,195.81,800419,1567.34,11881,377340,47.14
MOSERVICE,EQ,07-Oct-2026,29.33,29.3,29.46,29.21,29.25,29.25,29.27,1645,0.48,56,1565,95.14
MOSILVER,EQ,07-Oct-2026,218.15,218.58,218.58,216.01,216.05,216.16,216.87,19408,42.09,1090,4538,23.38
MOSMALL250,EQ,07-Oct-2026,17.95,18.39,18.39,17.78,17.97,17.95,17.97,959527,172.46,1776,579131,60.36
MOTHERSON,EQ,07-Oct-2026,160.0,158.73,159.98,156.99,159.2,159.2,158.42,11181774,17714.49,54984,5223970,46.72
MOTILALOFS,EQ,07-Oct-2026,1081.15,1080.0,1090.25,1059.7,1067.9,1067.9,1075.35,1232877,13257.79,38246,407520,33.05
MOTISONS,EQ,07-Oct-2026,17.61,17.7,17.85,17.52,17.67,17.68,17.7,12310506,2179.02,11816,2231023,18.12
MOTOGENFIN,EQ,07-Oct-2026,25.77,26.29,26.29,25.06,25.89,25.3,25.6,769,0.2,46,623,81.01
MOTOUR,EQ,07-Oct-2026,76.55,76.84,77.1,75.99,75.99,76.15,76.44,6633,5.07,107,5921,89.27
MOVALUE,EQ,07-Oct-2026,106.86,107.39,107.39,106.01,106.27,106.5,106.46,75533,80.41,653,45766,60.59
MPDL,BE,07-Oct-2026,27.33,27.75,27.75,26.0,26.0,26.0,26.16,1101,0.29,6,-,-
MPEL,SM,07-Oct-2026,22.8,23.8,23.9,22.5,22.55,22.55,22.8,1649600,376.08,200,1606400,97.38
MPHASIS,EQ,07-Oct-2026,2298.0,2307.4,2317.7,2274.6,2289.0,2289.0,2291.23,277155,6350.25,20155,124877,45.06
MPIMANIPAL,EQ,07-Oct-2026,366.05,367.7,383.9,363.35,376.0,377.6,375.59,1218935,4578.23,47642,291130,23.88
MPSLTD,EQ,07-Oct-2026,2681.2,2683.9,2748.4,2655.1,2681.0,2697.1,2699.67,11251,303.74,2311,5152,45.79
MRF,EQ,07-Oct-2026,124080.0,123800.0,123825.0,123000.0,123100.0,123075.0,123224.13,2173,2677.66,1829,1126,51.82
MRIL,ST,07-Oct-2026,68.6,69.0,69.0,69.0,69.0,69.0,69.0,1600,1.1,1,1600,100.00
MRPL,EQ,07-Oct-2026,174.72,174.71,184.39,174.26,182.8,182.86,181.64,23675207,43003.77,132348,5560945,23.49
MSCI360,EQ,07-Oct-2026,9.56,9.58,9.6,9.51,9.51,9.51,9.55,8657,0.83,198,8640,99.80
MSCIADD,EQ,07-Oct-2026,28.03,27.83,27.89,27.83,27.88,27.88,27.84,1216,0.34,108,1057,86.92
MSCIINDIA,EQ,07-Oct-2026,28.37,28.2,28.77,28.09,28.1,28.18,28.17,13733,3.87,180,13482,98.17
MSL,EQ,07-Oct-2026,140.0,140.0,167.0,140.0,151.0,145.69,159.29,5392,8.59,171,3096,57.42
MSPL,EQ,07-Oct-2026,32.34,32.19,32.5,30.8,30.91,30.95,31.26,1440578,450.27,4005,1068461,74.17
MSTCLTD,EQ,07-Oct-2026,714.3,712.95,718.15,695.0,696.3,698.75,706.94,105257,744.1,5420,44224,42.02
MSUMI,EQ,07-Oct-2026,33.31,33.25,33.69,32.96,33.64,33.57,33.42,9270659,3097.79,29179,4775136,51.51
MTARTECH,BE,07-Oct-2026,7718.5,7698.0,7896.0,7600.0,7885.0,7864.5,7820.63,111087,8687.7,16154,-,-
MTEDUCARE,BE,07-Oct-2026,1.63,1.68,1.71,1.58,1.69,1.65,1.68,34960,0.59,68,-,-
MTNL,EQ,07-Oct-2026,23.28,23.35,23.94,23.07,23.6,23.55,23.54,1009450,237.63,3455,367138,36.37
MUFIN,EQ,07-Oct-2026,135.17,136.0,137.5,132.01,135.5,135.17,135.44,2030615,2750.22,8631,637999,31.42
MUFTI,EQ,07-Oct-2026,69.61,69.1,70.76,69.1,69.65,69.96,70.01,29247,20.47,945,14260,48.76
MUKANDLTD,EQ,07-Oct-2026,181.55,179.91,190.7,179.8,185.0,185.92,186.57,781279,1457.6,11001,265702,34.01
MUKESHB,EQ,07-Oct-2026,128.0,123.0,123.0,123.0,123.0,123.0,123.0,27,0.03,1,27,100.00
MUKKA,BE,07-Oct-2026,26.97,27.2,27.9,26.4,26.82,26.94,27.07,209121,56.61,706,-,-
MUKTAARTS,EQ,07-Oct-2026,57.04,57.75,57.75,55.11,56.5,56.5,55.51,821,0.46,19,815,99.27
MULTICAP,EQ,07-Oct-2026,16.02,16.21,16.21,15.9,15.97,15.95,15.98,84694,13.54,496,79941,94.39
MUNISH,SM,07-Oct-2026,86.45,85.05,90.0,85.0,90.0,90.0,85.84,7200,6.18,3,7200,100.00
MUNJALAU,EQ,07-Oct-2026,105.33,105.33,107.88,104.51,105.11,105.44,106.21,284403,302.06,5325,90962,31.98
MUNJALSHOW,EQ,07-Oct-2026,124.82,124.82,127.5,122.81,125.88,125.58,125.34,19287,24.17,546,11027,57.17
MURUDCERA,EQ,07-Oct-2026,27.97,27.41,28.45,27.41,27.99,27.97,27.94,4833,1.35,83,4293,88.83
MUTHOOTCAP,EQ,07-Oct-2026,216.42,214.0,218.0,209.01,216.3,213.53,212.35,11849,25.16,491,7285,61.48
MUTHOOTFIN,EQ,07-Oct-2026,2686.0,2695.2,2695.2,2639.3,2654.4,2654.4,2660.38,629510,16747.38,38080,330539,52.51
MUTHOOTMF,EQ,07-Oct-2026,176.76,176.5,177.03,171.0,173.35,172.91,173.92,183906,319.85,4591,83395,45.35
MVELECTRO,EQ,07-Oct-2026,933.1,936.35,939.1,895.55,915.1,920.25,921.1,1018816,9384.33,39356,154005,15.12
MVGJL,EQ,07-Oct-2026,203.16,202.0,223.0,201.31,211.41,212.39,215.21,454478,978.1,8758,170476,37.51
MVKAGRO,SM,07-Oct-2026,217.3,217.3,228.15,214.95,228.15,228.15,227.93,297900,679.0,112,289800,97.28
MWL,EQ,07-Oct-2026,41.66,41.98,42.25,41.1,41.51,42.04,41.83,450623,188.51,1484,329128,73.04
MYMUDRA,SM,07-Oct-2026,82.7,87.95,99.2,79.5,99.2,99.2,91.15,318000,289.85,196,244800,76.98
MYSORPETRO,BE,07-Oct-2026,117.13,116.0,118.0,113.53,116.0,117.06,116.41,3163,3.68,34,-,-
NACLIND,EQ,07-Oct-2026,136.63,137.0,137.38,131.1,132.8,132.6,133.31,360736,480.88,6219,159772,44.29
NAGREEKCAP,EQ,07-Oct-2026,27.25,28.25,28.25,26.62,27.25,27.25,27.27,2978,0.81,31,2232,74.95
NAGREEKEXP,EQ,07-Oct-2026,21.97,21.13,22.69,21.13,21.8,21.63,21.84,4318,0.94,108,3830,88.70
NAHARCAP,EQ,07-Oct-2026,234.66,237.0,244.99,237.0,242.0,241.99,242.14,1588,3.85,64,1186,74.69
NAHARINDUS,EQ,07-Oct-2026,127.66,128.84,136.45,126.61,133.55,133.93,133.25,43058,57.38,1228,22230,51.63
NAHARPOLY,EQ,07-Oct-2026,220.36,221.5,229.1,220.36,221.0,222.13,222.81,1434,3.2,125,1071,74.69
NAHARSPING,EQ,07-Oct-2026,257.4,256.8,268.75,255.05,263.0,264.3,263.89,14820,39.11,827,10276,69.34
NAM-INDIA,EQ,07-Oct-2026,1073.5,1066.0,1073.5,1041.7,1047.2,1047.2,1052.15,929248,9777.11,33119,583928,62.84
NAMOEWASTE,SM,07-Oct-2026,382.9,381.0,389.45,372.0,372.0,372.85,380.35,33600,127.8,40,24000,71.43
NARMADA,EQ,07-Oct-2026,12.1,12.0,12.1,11.13,11.52,11.35,11.51,476829,54.89,1894,307305,64.45
NATCAPSUQ,BE,07-Oct-2026,166.74,169.89,169.89,160.2,161.01,161.42,162.91,2807,4.57,52,-,-
NATCOPHARM,EQ,07-Oct-2026,823.65,822.0,826.05,808.0,810.7,810.1,810.97,499574,4051.4,29689,277605,55.57
NATHBIOGEN,EQ,07-Oct-2026,138.31,138.6,140.79,135.3,136.1,136.87,137.62,7113,9.79,332,4952,69.62
NATIONALUM,EQ,07-Oct-2026,337.25,337.25,337.25,321.05,321.3,321.3,325.24,9475375,30817.82,97620,4121153,43.49
NATIONSTD,EQ,07-Oct-2026,110.79,112.4,112.4,108.05,110.0,110.21,110.63,2651,2.93,225,2185,82.42
NAUKRI,EQ,07-Oct-2026,1241.0,1242.7,1250.7,1210.0,1225.3,1225.3,1226.86,1008055,12367.39,37448,542247,53.79
NAVA,EQ,07-Oct-2026,575.0,578.0,583.9,565.5,568.7,570.45,572.28,382335,2188.03,24226,204641,53.52
NAVINFLUOR,EQ,07-Oct-2026,8536.0,8520.0,8600.0,8440.0,8500.0,8490.0,8511.05,111760,9511.95,21707,63397,56.73
NAVKARCORP,EQ,07-Oct-2026,85.96,85.9,86.79,85.0,85.97,85.88,85.98,140083,120.44,2164,81787,58.38
NAVKARURB,EQ,07-Oct-2026,0.85,0.86,0.87,0.84,0.87,0.86,0.86,450278,3.85,257,363071,80.63
NAVNETEDUL,EQ,07-Oct-2026,124.27,124.05,124.89,123.1,124.17,123.95,124.09,39099,48.52,928,19804,50.65
NAZARA,EQ,07-Oct-2026,379.55,379.55,383.6,377.8,377.8,378.45,379.9,421680,1601.94,8818,186371,44.20
NBCC,EQ,07-Oct-2026,77.05,76.8,77.49,76.2,76.74,76.74,76.9,3629902,2791.43,25593,1189390,32.77
NBIFIN,EQ,07-Oct-2026,1828.1,1850.1,1870.6,1825.0,1825.0,1839.3,1842.44,263,4.85,76,170,64.64
NCC,EQ,07-Oct-2026,128.47,128.39,128.6,125.86,126.86,126.88,127.39,2936319,3740.47,30719,1494656,50.90
NCLIND,EQ,07-Oct-2026,166.8,170.0,170.0,163.55,163.55,163.93,165.93,90517,150.19,1463,53176,58.75
NDGL,EQ,07-Oct-2026,2371.8,2372.1,2449.9,2340.0,2393.8,2383.7,2380.7,133,3.17,45,112,84.21
NDL,EQ,07-Oct-2026,2.57,2.56,2.65,2.56,2.62,2.6,2.6,675000,17.58,851,478841,70.94
NDLVENTURE,EQ,07-Oct-2026,122.91,122.91,122.98,116.35,120.0,120.26,120.16,6270,7.53,246,4565,72.81
NDRAUTO,EQ,07-Oct-2026,704.7,704.7,724.9,700.6,722.0,716.6,716.18,9538,68.31,770,4629,48.53
NDRINVIT,IV,07-Oct-2026,151.5,151.5,153.0,151.5,153.0,153.0,152.5,300000,457.5,9,300000,100.00
NDTV,EQ,07-Oct-2026,67.08,67.4,67.57,65.39,66.7,66.48,66.49,78838,52.42,1385,44065,55.89
NECCLTD,EQ,07-Oct-2026,19.38,19.49,19.5,18.5,19.15,18.87,18.76,53154,9.97,346,31663,59.57
NECLIFE,EQ,07-Oct-2026,10.95,10.95,10.95,10.55,10.65,10.59,10.64,134919,14.36,459,85050,63.04
NELCAST,EQ,07-Oct-2026,124.48,128.77,149.37,125.72,149.37,146.29,144.27,6710048,9680.43,83832,1661124,24.76
NELCO,EQ,07-Oct-2026,924.15,919.1,926.0,900.2,914.0,915.8,912.51,132674,1210.66,6439,36565,27.56
NEOCHEM,SM,07-Oct-2026,105.8,104.0,104.65,104.0,104.65,104.65,104.33,3600,3.76,3,3600,100.00
NEOGEN,EQ,07-Oct-2026,2429.2,2440.0,2465.0,2407.2,2432.0,2431.3,2439.99,79815,1947.48,12173,32993,41.34
NEPHROCARE,SM,07-Oct-2026,87.3,87.4,88.45,84.15,84.3,84.75,85.97,31200,26.82,60,22000,70.51
NEPHROPLUS,EQ,07-Oct-2026,634.55,640.0,645.3,632.1,643.0,641.6,639.21,96021,613.77,8685,54913,57.19
NESCO,EQ,07-Oct-2026,1037.1,1043.8,1043.8,1023.1,1025.5,1028.9,1033.3,31143,321.8,3882,17203,55.24
NESTLEIND,EQ,07-Oct-2026,1341.4,1326.3,1336.6,1313.1,1324.0,1324.0,1324.66,1409917,18676.54,51323,738617,52.39
NETF,EQ,07-Oct-2026,247.59,250.98,250.98,246.09,246.51,246.55,246.96,2948,7.28,127,1648,55.90
NETWEB,EQ,07-Oct-2026,4746.2,4735.0,4756.9,4667.3,4688.9,4685.4,4705.26,594452,27970.51,47430,140675,23.66
NETWORK18,EQ,07-Oct-2026,26.22,26.1,26.18,25.61,25.78,25.7,25.86,1600704,413.95,4871,650464,40.64
NEUEON,BE,07-Oct-2026,13.79,13.78,14.0,13.13,13.25,13.31,13.65,16709,2.28,88,-,-
NEULANDLAB,EQ,07-Oct-2026,21905.0,21815.0,22150.0,21585.0,21610.0,21655.0,21852.04,41495,9067.5,19975,18418,44.39
NEWGEN,EQ,07-Oct-2026,456.6,457.85,459.1,445.1,448.0,447.75,452.31,447153,2022.51,17087,212803,47.59
NEWJAISA,ST,07-Oct-2026,16.2,15.4,16.0,15.4,15.65,15.65,15.66,45000,7.05,15,45000,100.00
NEXT30ADD,EQ,07-Oct-2026,40.29,40.19,40.25,39.81,40.11,39.96,40.0,15717,6.29,67,8537,54.32
NEXT50,EQ,07-Oct-2026,723.61,719.99,727.23,715.75,718.12,718.03,719.01,34559,248.48,4025,18464,53.43
NEXT50ADD,EQ,07-Oct-2026,70.56,70.14,70.33,69.78,69.98,69.98,70.01,5182,3.63,40,3435,66.29
NEXT50BETA,EQ,07-Oct-2026,75.5,75.4,75.8,74.72,75.5,75.08,75.22,50862,38.26,652,29688,58.37
NEXT50ETF,EQ,07-Oct-2026,70.59,71.29,71.29,69.82,70.27,70.11,70.16,7372,5.17,200,6877,93.29
NEXT50IETF,EQ,07-Oct-2026,74.04,73.98,73.98,72.8,73.62,73.4,73.54,489870,360.24,5022,255038,52.06
NEXTMEDIA,EQ,07-Oct-2026,3.56,3.57,3.63,3.52,3.53,3.53,3.56,10136,0.36,36,6100,60.18
NFL,EQ,07-Oct-2026,64.91,64.85,64.85,63.05,63.77,63.76,63.81,411261,262.43,3833,195899,47.63
NFPSAMPOOR,SM,07-Oct-2026,19.8,20.95,21.0,20.0,20.3,20.3,20.59,16000,3.29,7,12000,75.00
NGIL,EQ,07-Oct-2026,36.15,36.94,38.4,36.0,37.78,37.37,37.79,7919,2.99,127,6254,78.97
NGLFINE,EQ,07-Oct-2026,3122.1,3122.1,3250.3,3080.5,3158.0,3134.2,3160.57,10470,330.91,2211,3569,34.09
NH,EQ,07-Oct-2026,1723.8,1729.0,1735.5,1710.2,1721.2,1723.2,1724.88,98272,1695.07,15317,53729,54.67
NHIT,IV,07-Oct-2026,169.9,167.0,168.0,167.0,168.0,168.0,167.67,75000,125.75,2,75000,100.00
NHPC,EQ,07-Oct-2026,73.11,73.0,73.17,72.1,72.5,72.5,72.66,4518389,3283.15,18310,2299840,50.90
NIACL,EQ,07-Oct-2026,160.72,161.5,161.73,158.3,159.0,159.29,159.82,767464,1226.55,11806,222600,29.00
NIBE,EQ,07-Oct-2026,1240.9,1241.9,1358.0,1225.0,1268.1,1270.1,1287.46,243742,3138.07,17543,78057,32.02
NIBL,EQ,07-Oct-2026,31.22,31.9,32.75,31.1,31.72,31.37,31.52,11787,3.72,504,8913,75.62
NICCOPAR,EQ,07-Oct-2026,79.0,79.0,79.0,76.65,76.73,76.91,77.12,506,0.39,34,484,95.65
NIDAN,SM,07-Oct-2026,13.35,13.3,13.3,13.0,13.05,13.05,13.08,11000,1.44,9,8000,72.73
NIF100BEES,EQ,07-Oct-2026,253.11,252.01,252.91,250.95,251.06,251.24,251.8,34167,86.03,970,25028,73.25
NIF100IETF,EQ,07-Oct-2026,26.65,27.18,27.18,26.42,26.59,26.51,26.51,166779,44.21,1766,55250,33.13
NIF500BETA,EQ,07-Oct-2026,35.99,35.27,36.49,35.27,35.27,35.36,35.88,8319,2.98,70,1815,21.82
NIFTY1,EQ,07-Oct-2026,252.54,252.01,252.72,250.01,250.95,251.29,252.12,275401,694.35,1301,230241,83.60
NIFTY100EW,EQ,07-Oct-2026,33.37,33.59,33.6,32.98,33.24,33.38,33.15,75880,25.15,419,44203,58.25
NIFTYADD,EQ,07-Oct-2026,239.92,242.32,242.32,237.71,237.71,238.12,238.86,3953,9.44,169,2174,55.00
NIFTYAXIS,EQ,07-Oct-2026,251.28,254.0,254.0,250.05,250.05,250.5,250.83,7095,17.8,194,3745,52.78
NIFTYBEES,EQ,07-Oct-2026,258.89,258.59,258.99,257.13,257.5,257.59,257.98,5897585,15214.33,49269,3291174,55.81
NIFTYBETA,EQ,07-Oct-2026,252.39,252.4,252.42,250.54,250.9,250.97,251.31,31322,78.72,514,27972,89.30
NIFTYBETF,EQ,07-Oct-2026,233.91,233.37,234.63,231.98,232.93,232.77,233.99,17439,40.81,115,15333,87.92
NIFTYCASE,EQ,07-Oct-2026,9.11,9.33,9.33,9.06,9.13,9.09,9.1,547456,49.81,1851,371036,67.77
NIFTYETF,EQ,07-Oct-2026,247.58,253.76,253.76,245.74,246.49,246.38,246.87,424784,1048.67,2120,326062,76.76
NIFTYIETF,EQ,07-Oct-2026,257.79,261.5,261.5,256.1,256.45,256.5,256.72,357999,919.05,12911,237608,66.37
NIFTYJBLK,EQ,07-Oct-2026,11.65,11.94,11.94,11.57,11.65,11.61,11.62,58269,6.77,466,41221,70.74
NIFTYQLITY,EQ,07-Oct-2026,20.1,20.1,20.28,19.71,19.84,19.78,19.82,37884,7.51,315,22723,59.98
NIITLTD,EQ,07-Oct-2026,86.78,87.0,87.3,84.5,84.75,84.99,85.72,90289,77.4,2139,49454,54.77
NIITMTS,EQ,07-Oct-2026,204.99,205.87,207.65,201.34,204.29,203.37,204.59,79330,162.3,3319,45471,57.32
NIKITA,SM,07-Oct-2026,72.0,68.7,71.95,68.65,70.95,70.95,70.05,6000,4.2,5,3600,60.00
NILAINFRA,EQ,07-Oct-2026,6.7,6.77,6.77,6.6,6.64,6.63,6.66,100097,6.67,360,70932,70.86
NILASPACES,EQ,07-Oct-2026,11.17,11.25,11.45,11.11,11.4,11.35,11.31,381883,43.17,1201,192234,50.34
NILE,EQ,07-Oct-2026,1238.0,1253.0,1269.0,1236.7,1255.0,1258.6,1247.1,1892,23.6,312,1394,73.68
NILKAMAL,EQ,07-Oct-2026,1811.5,1810.0,1840.4,1797.2,1820.2,1831.7,1819.47,9830,178.85,2080,5638,57.36
NIMBSPROJ,EQ,07-Oct-2026,191.57,186.68,195.0,182.0,193.9,191.61,186.42,33135,61.77,393,3008,9.08
NINSYS,EQ,07-Oct-2026,822.55,822.55,854.95,805.0,825.0,829.75,825.91,6983,57.67,585,4491,64.31
NIPPOBATRY,EQ,07-Oct-2026,319.45,322.5,322.5,314.2,316.2,316.05,316.43,764,2.42,53,726,95.03
NIRAJ,EQ,07-Oct-2026,27.48,27.0,28.19,27.0,27.84,27.52,27.53,6955,1.91,89,4256,61.19
NIRAJISPAT,BE,07-Oct-2026,299.0,284.1,284.1,284.1,284.1,284.1,284.1,53,0.15,8,-,-
NIRLON,EQ,07-Oct-2026,619.0,615.9,622.95,615.5,620.8,620.1,617.86,4288,26.49,273,3909,91.16
NIRMAN,SM,07-Oct-2026,27.7,27.0,29.0,25.5,28.2,28.2,27.97,11100,3.1,26,9900,89.19
NITCO,EQ,07-Oct-2026,83.77,83.5,83.67,81.81,82.75,82.75,82.88,606001,502.28,2191,300233,49.54
NITINSPIN,EQ,07-Oct-2026,616.35,618.0,620.25,611.2,616.0,615.6,615.13,35647,219.27,2893,22862,64.13
NITIRAJ,EQ,07-Oct-2026,203.29,201.0,215.0,201.0,214.0,213.86,210.45,655,1.38,30,444,67.79
NITTAGELA,EQ,07-Oct-2026,1668.1,1700.0,1700.0,1645.9,1674.0,1668.4,1665.31,2334,38.87,649,1635,70.05
NIVABUPA,EQ,07-Oct-2026,76.56,75.91,77.91,75.3,77.49,77.38,76.71,648650,497.58,13763,337508,52.03
NKIND,EQ,07-Oct-2026,57.06,60.0,60.0,58.0,58.29,58.99,58.43,177,0.1,17,172,97.18
NLCINDIA,EQ,07-Oct-2026,254.9,254.9,255.4,247.1,250.1,250.35,250.63,1073810,2691.27,21400,460214,42.86
NMDC,EQ,07-Oct-2026,74.38,73.8,73.8,72.44,72.8,72.8,72.91,15148455,11044.71,68608,7633863,50.39
NMSTEEL,SM,07-Oct-2026,23.2,22.0,23.9,22.0,23.8,23.3,23.23,25600,5.95,12,22400,87.50
NOCIL,EQ,07-Oct-2026,171.83,172.4,175.75,170.65,172.22,172.82,172.98,561575,971.43,8286,260814,46.44
NOIDATOLL,EQ,07-Oct-2026,3.67,3.68,3.74,3.53,3.66,3.67,3.65,48814,1.78,531,37323,76.46
NORBTEAEXP,EQ,07-Oct-2026,64.21,64.21,65.38,61.2,61.5,61.36,62.53,2475,1.55,60,1786,72.16
NORTHARC,EQ,07-Oct-2026,298.2,298.6,299.9,291.75,292.1,293.75,295.83,1102834,3262.53,14429,596149,54.06
NOVAAGRI,EQ,07-Oct-2026,22.64,22.85,22.85,22.01,22.48,22.24,22.51,21493,4.84,216,18065,84.05
NOVARTIND,EQ,07-Oct-2026,2051.2,2052.0,2093.9,2000.0,2009.0,2010.4,2046.15,59356,1214.51,7773,26919,45.35
NPBET,EQ,07-Oct-2026,281.1,279.83,283.2,279.83,281.53,281.53,281.27,936,2.63,19,802,85.68
NPST,EQ,07-Oct-2026,1835.5,1846.0,1903.6,1821.0,1859.0,1854.9,1875.71,107305,2012.73,9611,45603,42.50
NRAIL,EQ,07-Oct-2026,658.25,651.0,669.1,648.0,660.0,660.9,660.47,10667,70.45,948,3836,35.96
NRBBEARING,EQ,07-Oct-2026,536.95,536.95,546.15,526.5,530.45,529.95,536.04,287108,1539.03,15508,122974,42.83
NRL,BE,07-Oct-2026,157.0,160.0,160.14,160.0,160.14,160.14,160.11,78987,126.47,175,-,-
NRVANDANA,SM,07-Oct-2026,69.6,71.5,72.4,71.5,72.0,72.0,71.96,96000,69.08,7,9000,9.38
NSIL,EQ,07-Oct-2026,5297.5,5212.0,5344.5,5212.0,5256.0,5266.5,5284.24,1544,81.59,378,1026,66.45
NSLNISP,EQ,07-Oct-2026,40.9,40.82,40.93,40.28,40.54,40.55,40.57,2418385,981.13,10971,1232732,50.97
NTCIND,EQ,07-Oct-2026,134.76,134.09,138.9,131.8,136.85,132.53,134.76,1528,2.06,66,1387,90.77
NTPC,EQ,07-Oct-2026,321.45,320.15,321.7,315.9,316.75,316.75,318.72,6330699,20177.22,69539,3841830,60.69
NTPCGREEN,EQ,07-Oct-2026,90.13,90.0,90.05,88.27,88.89,88.51,88.78,1950927,1731.99,20007,1140959,58.48
NUCLEUS,EQ,07-Oct-2026,638.05,657.7,657.7,616.5,633.7,628.85,632.22,59350,375.23,3451,16835,28.37
NURECA,BE,07-Oct-2026,338.55,339.0,343.95,330.05,330.05,333.9,335.82,4515,15.16,143,-,-
NUVAMA,EQ,07-Oct-2026,1838.8,1839.7,1855.0,1788.9,1824.1,1825.9,1828.87,241969,4425.29,20949,80597,33.31
NUVOCO,EQ,07-Oct-2026,326.5,325.0,329.6,322.05,324.7,324.75,324.74,80863,262.59,7506,45341,56.07
NV20,EQ,07-Oct-2026,13.23,13.48,13.48,13.07,13.21,13.08,13.14,103954,13.66,448,50274,48.36
NV20BEES,EQ,07-Oct-2026,134.0,136.5,136.5,131.12,132.0,131.77,131.65,29941,39.42,380,12363,41.29
NV20IETF,EQ,07-Oct-2026,12.85,12.96,12.96,12.7,12.88,12.83,12.84,190085,24.4,1820,103041,54.21
NXST,RR,07-Oct-2026,164.81,165.28,165.99,164.5,164.5,164.66,165.02,291481,480.99,7407,255968,87.82
NYKAA,EQ,07-Oct-2026,338.2,337.0,346.45,337.0,341.25,341.25,342.62,6078112,20824.61,73805,3142104,51.70
OAL,EQ,07-Oct-2026,511.35,514.8,529.4,508.55,515.0,515.6,518.4,18150,94.09,1054,9888,54.48
OBCL,EQ,07-Oct-2026,57.44,57.44,57.8,56.01,57.59,57.56,57.36,3158,1.81,37,2393,75.78
OBEROIRLTY,EQ,07-Oct-2026,1751.8,1742.9,1752.0,1728.2,1736.0,1736.0,1739.91,299046,5203.15,19761,190991,63.87
OBSCP,SM,07-Oct-2026,904.8,882.0,897.8,870.0,870.0,872.15,878.86,44400,390.21,103,30400,68.47
OCCLLTD,BE,07-Oct-2026,207.59,214.3,217.96,209.72,217.96,217.3,216.55,195497,423.35,1433,-,-
ODIGMA,EQ,07-Oct-2026,20.91,20.8,21.17,20.62,20.99,20.9,20.8,9333,1.94,326,8509,91.17
ODYCORP,EQ,07-Oct-2026,6.85,6.6,6.99,6.6,6.7,6.7,6.72,3117,0.21,57,2857,91.66
OFSS,EQ,07-Oct-2026,10482.0,10519.0,10733.0,10406.0,10576.0,10576.0,10590.12,201807,21371.6,31240,69623,34.50
OIL,EQ,07-Oct-2026,447.85,449.45,455.0,446.15,453.75,453.75,451.65,1445019,6526.4,22820,826964,57.23
OILCOUNTUB,BE,07-Oct-2026,81.29,82.91,82.91,82.91,82.91,82.91,82.91,28578,23.69,75,-,-
OILIETF,EQ,07-Oct-2026,10.82,10.77,10.84,10.75,10.79,10.78,10.79,313749,33.86,1935,163926,52.25
OLAELEC,EQ,07-Oct-2026,35.96,36.35,37.1,35.93,36.26,36.32,36.4,61427676,22360.33,130263,12621601,20.55
OLECTRA,EQ,07-Oct-2026,1102.9,1101.0,1101.0,1079.0,1083.0,1084.1,1087.53,243414,2647.19,14528,105473,43.33
OLIL,SM,07-Oct-2026,440.65,445.5,454.5,440.0,440.0,441.35,443.79,33200,147.34,33,15600,46.99
OMAXAUTO,EQ,07-Oct-2026,209.29,209.29,213.96,205.11,208.0,206.85,209.43,44859,93.95,1218,26025,58.02
OMAXE,EQ,07-Oct-2026,107.71,107.01,108.1,106.31,107.0,107.01,107.4,214830,230.72,3342,100182,46.63
OMFREIGHT,EQ,07-Oct-2026,105.0,105.0,107.1,104.6,106.0,106.63,105.71,42234,44.64,487,39444,93.39
OMFURN,SM,07-Oct-2026,51.9,49.55,51.6,49.5,51.6,51.6,50.09,4800,2.4,4,3600,75.00
OMINFRAL,EQ,07-Oct-2026,73.33,74.73,74.74,71.5,71.52,72.45,73.07,41871,30.59,948,22087,52.75
OMNI,EQ,07-Oct-2026,656.95,657.0,688.75,647.95,657.55,657.55,668.06,972976,6500.09,38757,264567,27.19
OMPOWER,EQ,07-Oct-2026,153.5,162.0,169.86,157.0,165.5,165.75,164.14,1118196,1835.42,12200,197343,17.65
ONDOOR,SM,07-Oct-2026,267.0,271.0,271.0,257.4,264.0,264.0,264.22,3900,10.3,9,3000,76.92
ONEGLOBAL,EQ,07-Oct-2026,564.0,564.0,587.0,552.05,585.0,585.0,576.73,16214,93.51,1122,11619,71.66
ONELIFECAP,BE,07-Oct-2026,45.0,46.99,47.25,45.0,46.9,47.16,47.07,359287,169.12,362,-,-
ONEPOINT,EQ,07-Oct-2026,78.65,78.65,80.75,78.32,78.9,78.77,79.51,2116511,1682.77,18013,673172,31.81
ONESOURCE,EQ,07-Oct-2026,1535.8,1529.1,1548.0,1510.6,1530.0,1528.6,1527.69,101988,1558.06,10163,53581,52.54
ONGC,EQ,07-Oct-2026,224.2,223.91,224.92,220.63,221.88,221.88,221.78,14223609,31545.71,152315,8778415,61.72
ONIDA,EQ,07-Oct-2026,31.11,31.06,31.29,30.16,30.78,30.67,30.77,188758,58.07,897,104141,55.17
ONIXSOLAR,EQ,07-Oct-2026,338.2,344.0,355.1,339.0,355.1,355.1,349.88,98805,345.69,1254,72681,73.56
ONMOBILE,BE,07-Oct-2026,49.12,49.7,51.57,48.55,51.57,51.57,50.65,43623,22.09,309,-,-
ONWARDTEC,EQ,07-Oct-2026,294.6,297.0,301.3,291.95,298.75,297.4,297.48,38634,114.93,1109,21568,55.83
ONYX,ST,07-Oct-2026,39.35,37.75,37.8,37.75,37.8,37.8,37.78,4000,1.51,2,4000,100.00
OPTIEMUS,EQ,07-Oct-2026,889.9,879.05,897.45,856.9,860.95,861.9,877.71,1054981,9259.64,42405,310372,29.42
OPTIFIN,EQ,07-Oct-2026,14.42,14.49,14.78,14.01,14.5,14.58,14.37,23183,3.33,116,15455,66.67
OPTIMYSTIX,SM,07-Oct-2026,133.0,129.0,138.95,129.0,135.1,136.9,135.6,32000,43.39,30,24000,75.00
OPTIVALUE,ST,07-Oct-2026,235.45,246.6,246.6,235.0,238.0,238.0,240.32,16000,38.45,10,11200,70.00
ORBTEXP,EQ,07-Oct-2026,246.85,242.1,251.0,238.0,243.5,242.9,244.22,7332,17.91,333,1932,26.35
ORCHASP,EQ,07-Oct-2026,1.29,1.29,1.35,1.29,1.35,1.33,1.33,181892,2.41,208,103773,57.05
ORCHPHARMA,EQ,07-Oct-2026,1006.55,1007.8,1069.5,993.75,1018.0,1023.95,1039.49,198749,2065.98,19940,64532,32.47
ORIANA,SM,07-Oct-2026,303.3,302.5,312.0,298.1,301.95,303.0,305.84,166125,508.07,359,94875,57.11
ORICONENT,EQ,07-Oct-2026,52.27,52.27,53.0,51.01,52.87,52.27,52.37,66002,34.57,456,56306,85.31
ORIENTALTL,EQ,07-Oct-2026,4.87,4.87,4.89,4.78,4.81,4.83,4.84,18666,0.9,160,15684,84.02
ORIENTBELL,EQ,07-Oct-2026,413.55,416.05,440.4,405.25,433.0,432.55,429.12,57426,246.42,1468,37089,64.59
ORIENTCABL,EQ,07-Oct-2026,396.4,400.6,423.9,396.2,414.0,418.4,411.46,8304312,34169.03,146156,1965193,23.66
ORIENTCEM,EQ,07-Oct-2026,115.76,115.32,116.19,112.41,112.69,113.21,113.68,165155,187.75,5399,96057,58.16
ORIENTCER,EQ,07-Oct-2026,44.14,44.13,44.45,42.3,43.0,42.87,43.35,68168,29.55,803,50231,73.69
ORIENTELEC,EQ,07-Oct-2026,160.7,160.7,162.31,158.76,161.8,160.73,160.23,120865,193.66,3732,56121,46.43
ORIENTHOT,EQ,07-Oct-2026,143.61,144.76,145.0,142.7,143.55,143.06,144.03,343678,495.01,2724,194845,56.69
ORIENTLTD,BE,07-Oct-2026,76.0,75.24,78.25,75.24,77.0,77.0,76.62,523,0.4,6,-,-
ORIENTPPR,EQ,07-Oct-2026,16.26,16.3,16.3,15.95,16.05,15.99,16.06,259318,41.64,817,178332,68.77
ORIENTTECH,EQ,07-Oct-2026,226.35,229.0,258.2,227.01,237.0,239.8,249.13,14171312,35305.11,177204,674321,4.76
ORIRAIL,EQ,07-Oct-2026,122.96,123.5,123.5,119.17,120.66,120.66,120.96,41071,49.68,937,23204,56.50
ORISSAMINE,EQ,07-Oct-2026,3609.0,3639.0,3639.0,3551.0,3575.0,3581.3,3593.14,3643,130.9,705,2465,67.66
ORKLAINDIA,EQ,07-Oct-2026,545.0,541.0,566.0,539.0,563.0,562.75,556.77,66329,369.3,4350,29466,44.42
ORTINGLOBE,EQ,07-Oct-2026,14.39,14.68,15.1,14.1,15.1,14.9,15.01,6452,0.97,32,5443,84.36
OSELDEVICE,SM,07-Oct-2026,375.7,370.05,389.9,370.05,389.9,388.4,383.37,24800,95.08,107,19000,76.61
OSIAHYPER,BZ,07-Oct-2026,2.0,2.06,2.06,1.9,1.94,1.91,1.93,659281,12.7,700,-,-
OSWALAGRO,EQ,07-Oct-2026,32.85,32.69,33.63,32.1,32.52,32.74,33.12,45081,14.93,327,31094,68.97
OSWALGREEN,EQ,07-Oct-2026,19.27,19.27,19.47,18.89,18.96,18.99,19.12,74952,14.33,722,43941,58.63
OSWALPUMPS,EQ,07-Oct-2026,264.8,264.9,269.95,262.85,264.8,264.6,265.37,226913,602.17,5277,73522,32.40
OSWALSEEDS,EQ,07-Oct-2026,12.13,12.29,12.5,12.01,12.3,12.2,12.18,39106,4.76,294,24057,61.52
OWAIS,SM,07-Oct-2026,67.0,68.0,68.3,66.35,66.5,66.8,67.85,8000,5.43,42,7200,90.00
PACEDIGITK,EQ,07-Oct-2026,166.28,167.0,168.0,163.56,166.0,165.45,164.93,525452,866.63,7774,244426,46.52
PACIFICI,EQ,07-Oct-2026,138.99,141.0,141.0,130.0,138.59,138.59,133.08,453,0.6,27,252,55.63
PAGEIND,EQ,07-Oct-2026,37970.0,37970.0,37970.0,37300.0,37570.0,37570.0,37571.62,10168,3820.28,5251,3179,31.26
PAISALO,EQ,07-Oct-2026,83.1,83.31,85.48,83.11,83.51,84.23,84.7,11691827,9902.81,18197,3588076,30.69
PAKKA,EQ,07-Oct-2026,69.13,69.13,72.9,68.66,72.51,72.37,70.68,208422,147.31,2005,135481,65.00
PALASHSECU,EQ,07-Oct-2026,86.8,87.9,87.99,84.1,87.99,87.99,86.53,205,0.18,27,111,54.15
PALREDTEC,EQ,07-Oct-2026,41.62,41.62,43.42,39.54,43.42,43.42,40.27,1810,0.73,40,1759,97.18
PANACEABIO,EQ,07-Oct-2026,363.2,361.7,365.0,355.55,357.1,357.6,360.68,46154,166.47,1909,28117,60.92
PANACHE,BE,07-Oct-2026,569.0,570.55,597.45,570.0,597.45,597.45,576.87,65399,377.27,195,-,-
PANAMAPET,EQ,07-Oct-2026,504.1,508.65,551.85,497.45,535.2,537.0,533.15,1895756,10107.25,57160,486559,25.67
PANCHMAHQ,EQ,07-Oct-2026,296.4,296.4,296.4,285.0,285.0,285.0,290.7,6,0.02,2,3,50.00
PANORAMA,EQ,07-Oct-2026,63.05,62.9,67.0,62.9,65.4,66.29,65.42,2007982,1313.6,7910,912457,45.44
PANSARI,EQ,07-Oct-2026,265.7,260.0,273.9,251.1,271.0,271.0,260.49,368,0.96,15,357,97.01
PAPADMALJI,ST,07-Oct-2026,72.0,72.3,72.3,68.7,68.7,68.75,71.67,1630400,1168.51,538,1630400,100.00
PAR,BE,07-Oct-2026,122.74,120.06,126.15,120.06,126.0,125.28,123.39,8720,10.76,121,-,-
PARACABLES,EQ,07-Oct-2026,58.22,58.08,59.35,57.0,57.67,57.49,58.09,958244,556.65,6174,334030,34.86
PARADEEP,EQ,07-Oct-2026,156.76,156.0,157.38,153.41,154.75,155.38,155.15,1126425,1747.6,18558,415314,36.87
PARAGMILK,EQ,07-Oct-2026,308.7,306.95,314.7,301.35,312.7,311.8,311.0,2455573,7636.94,34861,759167,30.92
PARAGON,SM,07-Oct-2026,49.2,50.7,57.4,50.5,53.05,53.05,54.1,42000,22.72,34,26400,62.86
PARAMATRIX,SM,07-Oct-2026,55.0,56.0,56.0,55.0,55.0,55.0,55.5,2400,1.33,2,2400,100.00
PARAS,EQ,07-Oct-2026,1323.3,1321.9,1321.9,1278.0,1286.0,1286.1,1291.14,560761,7240.23,33368,203412,36.27
PARASPETRO,EQ,07-Oct-2026,2.02,2.02,2.09,1.99,2.03,2.03,2.03,192904,3.91,327,141027,73.11
PARIN,EQ,07-Oct-2026,700.05,709.2,709.2,685.55,706.0,704.3,699.88,10043,70.29,399,4163,41.45
PARKHOSPS,EQ,07-Oct-2026,274.85,274.0,275.9,270.0,270.5,272.8,272.82,689821,1881.96,6895,525376,76.16
PARKHOTELS,EQ,07-Oct-2026,103.19,103.0,104.49,102.68,104.25,103.62,103.73,73659,76.41,1165,37315,50.66
PARNAXLAB,EQ,07-Oct-2026,115.34,111.0,115.99,111.0,111.5,111.54,112.68,2587,2.91,70,1765,68.23
PARSVNATH,BE,07-Oct-2026,2.21,2.25,2.25,2.25,2.25,2.25,2.25,28893,0.65,37,-,-
PARTH,SM,07-Oct-2026,512.85,514.0,520.0,510.0,520.0,518.75,515.27,6800,35.04,12,6000,88.24
PARTY-RE,ST,07-Oct-2026,0.3,0.35,0.35,0.3,0.35,0.35,0.34,386946,1.3,282,329510,85.16
PARTYCRUS,SM,07-Oct-2026,95.0,96.5,103.0,96.0,96.2,96.2,99.19,13000,12.9,13,12000,92.31
PASHUPATI,EQ,07-Oct-2026,69.91,71.45,75.04,68.15,69.7,69.6,70.28,3311365,2327.33,18374,1669948,50.43
PASUPTAC,EQ,07-Oct-2026,70.89,70.5,73.09,69.56,69.56,70.5,70.94,76842,54.51,1361,39275,51.11
PATANJALI,EQ,07-Oct-2026,363.0,362.45,363.0,354.0,360.95,360.95,359.14,3163358,11360.95,30886,1187413,37.54
PATELENG,EQ,07-Oct-2026,25.93,25.85,26.09,25.62,25.7,25.74,25.81,1235700,318.95,4305,582987,47.18
PATELRMART,EQ,07-Oct-2026,227.01,225.88,233.39,223.0,228.8,227.86,229.08,234782,537.84,2940,96250,41.00
PATILAUTOM,ST,07-Oct-2026,336.35,338.0,353.15,336.35,353.15,353.15,348.12,56400,196.34,68,55800,98.94
PATINTLOG,EQ,07-Oct-2026,13.15,13.48,13.48,13.1,13.14,13.11,13.17,21004,2.77,155,17547,83.54
PAUSHAKLTD,EQ,07-Oct-2026,704.3,722.85,722.85,692.5,700.95,697.55,708.99,40665,288.31,3596,19872,48.87
PAVNAIND,EQ,07-Oct-2026,15.65,15.84,15.84,15.25,15.3,15.3,15.5,20734,3.21,114,15677,75.61
PAYTM,EQ,07-Oct-2026,1694.0,1686.5,1774.0,1680.1,1732.0,1732.0,1740.82,5016093,87321.04,119142,1699799,33.89
PBMPOLY,EQ,07-Oct-2026,58.75,56.26,66.9,56.26,57.75,57.75,59.94,315,0.19,9,203,64.44
PCBL,EQ,07-Oct-2026,327.7,328.7,329.0,323.65,327.25,326.9,326.47,499455,1630.58,12845,220049,44.06
PCCL,SM,07-Oct-2026,415.0,414.0,415.0,412.0,412.0,412.0,413.6,2000,8.27,5,2000,100.00
PCJEWELLER,EQ,07-Oct-2026,12.93,12.95,13.25,12.87,13.15,13.14,13.07,208486730,27252.17,103807,43808635,21.01
PDMJEPAPER,EQ,07-Oct-2026,96.16,96.22,97.59,95.7,96.0,96.36,96.58,73269,70.76,1636,31547,43.06
PDSL,EQ,07-Oct-2026,347.4,348.35,348.4,337.15,344.0,342.0,341.96,76936,263.09,2846,41786,54.31
PEARLPOLY,EQ,07-Oct-2026,17.2,16.85,17.95,16.85,17.55,17.55,17.59,9697,1.71,68,7207,74.32
PELATRO,SM,07-Oct-2026,379.2,380.0,380.0,370.05,375.0,375.0,375.08,6000,22.5,12,6000,100.00
PENIND,EQ,07-Oct-2026,177.85,177.85,182.95,175.23,180.95,180.85,178.63,368396,658.06,6199,176719,47.97
PENINLAND,EQ,07-Oct-2026,14.66,14.4,14.72,14.4,14.65,14.66,14.62,75236,11.0,312,58560,77.84
PENTAGON,ST,07-Oct-2026,89.0,87.2,87.2,84.55,84.55,85.85,85.88,2000,1.72,2,2000,100.00
PERFECT,SZ,07-Oct-2026,1.7,1.75,1.75,1.75,1.75,1.75,1.75,3000,0.05,1,3000,100.00
PERMAGN,EQ,07-Oct-2026,846.75,855.0,895.0,846.3,888.5,881.6,877.4,6857,60.16,781,5275,76.93
PERNIASPOP,EQ,07-Oct-2026,518.6,516.5,535.0,516.5,533.25,531.45,528.99,46942,248.32,2792,26880,57.26
PERSISTENT,EQ,07-Oct-2026,5521.0,5513.5,5529.0,5447.5,5507.0,5507.0,5498.63,298344,16404.84,27802,139845,46.87
PETRONET,EQ,07-Oct-2026,297.5,295.0,299.6,294.25,297.0,297.0,297.15,3121238,9274.9,42161,1922648,61.60
PFC,EQ,07-Oct-2026,322.6,322.9,332.25,321.95,325.55,325.55,326.95,15838626,51784.71,101286,8296781,52.38
PFIZER,EQ,07-Oct-2026,3852.2,3870.0,3870.1,3802.0,3810.0,3815.1,3822.57,11656,445.56,3296,5985,51.35
PFOCUS,EQ,07-Oct-2026,292.7,294.85,296.1,265.0,284.0,284.0,276.23,8031093,22184.2,118488,1278011,15.91
PFS,EQ,07-Oct-2026,27.29,27.48,27.51,26.9,27.25,27.12,27.16,890156,241.76,5481,418000,46.96
PGEL,EQ,07-Oct-2026,527.65,523.65,531.0,519.2,522.0,522.0,525.16,987708,5187.01,19049,171505,17.36
PGHH,EQ,07-Oct-2026,6865.0,6900.0,7012.0,6840.0,6939.0,6921.0,6934.02,11952,828.75,4415,5837,48.84
PGHL,EQ,07-Oct-2026,5306.0,5305.5,5329.5,5192.0,5240.0,5234.0,5238.83,10836,567.68,2622,7339,67.73
PGIL,EQ,07-Oct-2026,1266.7,1265.0,1311.0,1261.4,1271.0,1273.1,1282.92,177377,2275.6,24269,96500,54.40
PGINVIT,IV,07-Oct-2026,102.23,102.36,102.49,102.0,102.49,102.48,102.31,1115522,1141.32,4956,918095,82.30
PHANTOMFX,SM,07-Oct-2026,82.1,82.0,98.5,80.0,96.6,96.7,87.5,66600,58.27,102,61800,92.79
PHARMABEES,EQ,07-Oct-2026,27.3,27.3,27.5,27.08,27.14,27.16,27.21,3016478,820.84,8564,1887375,62.57
PHOENIXLTD,EQ,07-Oct-2026,1883.5,1861.0,1886.3,1845.0,1845.5,1845.5,1861.12,277954,5173.06,31460,156198,56.20
PHOENXINTL,EQ,07-Oct-2026,28.01,28.5,28.99,28.49,28.98,28.98,28.77,517,0.15,16,517,100.00
PHOGLOBAL,SM,07-Oct-2026,15.2,14.75,14.75,14.65,14.65,14.7,14.7,6000,0.88,3,6000,100.00
PICCADIL,EQ,07-Oct-2026,594.2,592.55,602.0,584.0,590.9,589.0,590.03,56998,336.31,5029,25754,45.18
PIDILITIND,EQ,07-Oct-2026,1520.5,1515.0,1515.0,1483.1,1488.5,1488.5,1495.8,537272,8036.5,40292,282734,52.62
PIGL,EQ,07-Oct-2026,98.42,96.0,98.61,96.0,96.41,97.09,96.76,30138,29.16,679,18031,59.83
PIIND,EQ,07-Oct-2026,2250.0,2259.0,2259.0,2197.8,2210.0,2210.0,2211.92,167302,3700.59,15955,76065,45.47
PILANIINVS,EQ,07-Oct-2026,4067.1,4094.5,4095.0,4053.0,4068.4,4076.3,4071.69,1469,59.81,275,1072,72.97
PILITA,EQ,07-Oct-2026,7.35,7.38,7.5,7.3,7.31,7.32,7.36,22080,1.62,105,16568,75.04
PINELABS,EQ,07-Oct-2026,172.73,173.0,184.7,171.54,177.75,177.67,179.9,40833328,73457.4,236708,9351589,22.90
PIONEEREMB,EQ,07-Oct-2026,20.6,20.3,20.79,20.1,20.6,20.7,20.4,329,0.07,22,222,67.48
PIONRINV,BE,07-Oct-2026,65.89,67.21,67.21,62.6,62.6,62.6,62.6,15367,9.62,65,-,-
PIRAMALFIN,EQ,07-Oct-2026,2018.5,2018.0,2022.7,1970.2,1980.0,1981.5,1996.64,377333,7533.97,53575,242169,64.18
PITTIENG,EQ,07-Oct-2026,1122.0,1122.0,1149.8,1115.0,1116.4,1118.4,1133.56,86462,980.1,6955,41838,48.39
PIXTRANS,EQ,07-Oct-2026,1796.7,1784.0,1808.8,1756.1,1800.0,1788.4,1780.88,24831,442.21,3113,11246,45.29
PKTEA,BE,07-Oct-2026,983.2,980.0,980.0,940.0,943.0,944.4,955.28,484,4.62,74,-,-
PLADAINFO,SM,07-Oct-2026,12.35,11.8,11.8,11.75,11.75,11.75,11.76,15000,1.76,5,15000,100.00
PLASTIBLEN,EQ,07-Oct-2026,202.4,205.0,207.0,200.2,204.0,205.09,203.92,47821,97.52,1509,29561,61.82
PLATIND,EQ,07-Oct-2026,203.58,203.63,207.0,200.0,200.99,200.56,202.87,50708,102.87,1605,18726,36.93
PLAZACABLE,EQ,07-Oct-2026,58.07,58.69,59.0,56.7,57.51,58.2,57.92,42724,24.75,955,24212,56.67
PML,EQ,07-Oct-2026,481.2,481.2,493.95,468.5,493.95,483.85,478.14,29,0.14,20,29,100.00
PNB,EQ,07-Oct-2026,111.92,111.6,115.1,110.55,114.59,114.59,113.56,18275898,20753.83,71430,5790063,31.68
PNBGILTS,EQ,07-Oct-2026,71.42,71.5,72.64,71.0,72.3,71.52,71.91,343479,247.01,2451,119266,34.72
PNBHOUSING,EQ,07-Oct-2026,1102.1,1105.1,1139.7,1105.1,1131.0,1131.0,1128.51,1125058,12696.34,41835,564849,50.21
PNC,EQ,07-Oct-2026,17.41,18.8,18.8,16.86,17.5,17.49,17.58,15085,2.65,265,5364,35.56
PNCINFRA,EQ,07-Oct-2026,138.74,138.74,139.0,135.85,137.0,136.93,137.11,441404,605.23,10544,203436,46.09
PNGJL,EQ,07-Oct-2026,588.6,587.8,603.95,582.6,596.5,597.05,597.1,424424,2534.23,18721,130913,30.84
PNGSREVA,EQ,07-Oct-2026,547.2,551.45,653.0,549.9,643.9,631.0,619.17,4514798,27954.24,121929,464489,10.29
POCL,EQ,07-Oct-2026,447.25,448.45,450.95,438.0,446.55,448.4,446.54,181018,808.31,11058,90866,50.20
PODDARMENT,EQ,07-Oct-2026,253.3,255.0,257.7,252.6,256.1,254.8,254.57,2146,5.46,104,1638,76.33
POEL,EQ,07-Oct-2026,133.71,133.71,137.7,131.57,135.02,135.86,135.06,42710,57.68,1831,9065,21.22
POKARNA,EQ,07-Oct-2026,709.9,712.0,712.2,698.3,702.0,704.45,705.18,31826,224.43,2495,17234,54.15
POLICYBZR,EQ,07-Oct-2026,1034.9,1034.5,1041.2,1012.0,1040.0,1040.0,1027.79,3508117,36056.03,69908,1218118,34.72
POLYCAB,EQ,07-Oct-2026,8147.0,8130.5,8335.5,8038.0,8310.0,8310.0,8168.99,531310,43402.66,44462,297242,55.95
POLYMED,EQ,07-Oct-2026,1633.8,1635.0,1641.0,1599.5,1599.5,1615.0,1626.16,114735,1865.78,11936,75659,65.94
POLYPLEX,EQ,07-Oct-2026,1034.3,1028.3,1030.0,1010.4,1027.8,1023.3,1021.57,38428,392.57,3820,24774,64.47
POLYSIL,SM,07-Oct-2026,53.1,52.0,55.75,51.6,55.75,55.75,54.74,13000,7.12,17,11500,88.46
POLYSPIN,EQ,07-Oct-2026,28.95,28.95,29.97,28.24,29.0,29.0,29.14,155,0.05,13,76,49.03
PONNIERODE,EQ,07-Oct-2026,374.55,375.0,379.8,362.15,364.5,365.4,372.47,76407,284.59,2330,44245,57.91
POOJALOGIS,ST,07-Oct-2026,119.9,123.0,125.85,120.1,125.85,125.85,124.06,50400,62.53,35,49200,97.62
POONAWALLA,EQ,07-Oct-2026,460.45,459.7,459.7,447.85,448.2,448.9,451.49,1030916,4654.45,43401,506769,49.16
POSITRON,SM,07-Oct-2026,223.8,227.7,234.95,227.7,234.9,232.9,232.95,28500,66.39,72,24900,87.37
POWERGRID,EQ,07-Oct-2026,257.2,256.6,256.65,252.85,253.05,253.05,254.43,4339989,11042.22,69333,2442587,56.28
POWERICA,EQ,07-Oct-2026,601.7,600.05,613.6,590.0,600.0,600.95,601.91,167821,1010.12,6163,71785,42.77
POWERINDIA,EQ,07-Oct-2026,31640.0,31470.0,31825.0,31300.0,31610.0,31610.0,31599.76,47440,14990.93,14722,13749,28.98
POWERMECH,EQ,07-Oct-2026,2426.0,2414.5,2449.4,2401.0,2440.0,2429.3,2424.18,26530,643.14,6628,11898,44.85
PPAP,BE,07-Oct-2026,239.81,244.6,248.0,241.35,246.0,247.06,245.0,6281,15.39,96,-,-
PPL,EQ,07-Oct-2026,252.65,252.65,252.95,246.05,246.55,247.6,249.62,28315,70.68,915,19568,69.11
PPLPHARMA,EQ,07-Oct-2026,200.52,200.06,205.1,199.99,202.67,203.01,202.72,2298287,4659.08,40447,897212,39.04
PPSL,SM,07-Oct-2026,2.85,2.75,2.8,2.75,2.8,2.8,2.76,12000,0.33,4,9000,75.00
PRABHA,EQ,07-Oct-2026,221.33,220.91,229.0,220.01,226.1,225.82,225.88,156054,352.49,2906,70900,45.43
PRADPME,EQ,07-Oct-2026,544.25,572.2,653.1,572.2,613.0,620.9,628.29,514852,3234.78,14921,130828,25.41
PRAENG,EQ,07-Oct-2026,19.7,20.4,20.58,17.67,19.26,19.37,19.14,299127,57.24,831,171806,57.44
PRAJIND,EQ,07-Oct-2026,315.05,315.05,315.9,299.2,300.0,300.4,304.63,649176,1977.57,25376,340745,52.49
PRAKASH,EQ,07-Oct-2026,119.7,119.35,119.4,117.11,118.65,118.31,118.42,264927,313.73,3034,124418,46.96
PRAKASHSTL,EQ,07-Oct-2026,3.53,3.53,3.57,3.41,3.44,3.43,3.47,93821,3.26,410,70270,74.90
PRAMARA,SM,07-Oct-2026,104.45,107.6,109.65,105.95,108.0,108.0,107.19,12500,13.4,15,12000,96.00
PRAMODINI,SM,07-Oct-2026,116.35,116.9,117.0,114.25,115.4,115.2,115.62,21600,24.97,18,18000,83.33
PRANAV,EQ,07-Oct-2026,90.9,90.29,95.88,89.1,94.7,94.22,93.15,3367704,3137.18,26100,582260,17.29
PRANIK,SM,07-Oct-2026,45.15,46.05,46.05,46.0,46.0,46.0,46.01,6400,2.94,2,6400,100.00
PRASOLCHEM,EQ,07-Oct-2026,821.45,824.2,889.95,821.45,876.4,878.9,865.22,609936,5277.28,37029,166802,27.35
PRATHAM,SM,07-Oct-2026,122.5,120.05,120.05,120.05,120.05,120.05,120.05,6800,8.16,9,6800,100.00
PRAVEG,EQ,07-Oct-2026,247.81,249.03,253.5,241.0,241.0,242.27,248.25,28238,70.1,1322,16033,56.78
PRAXIS,EQ,07-Oct-2026,4.45,4.48,4.63,4.48,4.51,4.51,4.57,29494,1.35,107,25623,86.88
PRECAM,EQ,07-Oct-2026,113.27,112.65,115.98,109.0,114.02,113.85,113.73,155014,176.3,3222,44522,28.72
PRECISION,ST,07-Oct-2026,7.0,7.0,7.0,7.0,7.0,7.0,7.0,2000,0.14,1,2000,100.00
PRECOT,EQ,07-Oct-2026,604.5,595.8,635.95,595.1,615.0,613.1,605.64,996,6.03,128,870,87.35
PRECWIRE,EQ,07-Oct-2026,515.15,515.0,522.05,509.35,516.0,516.6,516.96,455686,2355.7,19522,189213,41.52
PREMCO,EQ,07-Oct-2026,405.9,405.85,405.85,389.5,395.0,397.15,398.8,1232,4.91,103,688,55.84
PREMEXPLN,EQ,07-Oct-2026,685.1,685.9,693.9,682.1,687.2,687.05,685.46,200274,1372.79,4120,134567,67.19
PREMIER,BE,07-Oct-2026,2.63,2.65,2.76,2.54,2.76,2.74,2.72,20022,0.54,34,-,-
PREMIERENE,EQ,07-Oct-2026,907.0,900.15,917.7,894.35,910.0,910.0,910.25,918753,8362.92,36967,455662,49.60
PREMIERPOL,EQ,07-Oct-2026,97.23,98.01,103.89,97.32,101.92,101.23,101.06,809457,818.02,13498,264056,32.62
PREMIUM,SM,07-Oct-2026,46.5,44.3,45.95,44.3,44.3,44.3,44.75,15000,6.71,5,12000,80.00
PRESSTONIC,ST,07-Oct-2026,42.8,43.3,44.9,42.0,44.85,44.85,43.83,84000,36.81,55,77600,92.38
PRESTIGE,EQ,07-Oct-2026,1467.7,1467.5,1467.5,1425.5,1429.3,1429.3,1441.27,589957,8502.88,24871,428642,72.66
PRICOLLTD,EQ,07-Oct-2026,677.65,681.0,687.0,658.65,661.0,661.25,664.88,609345,4051.42,32212,328190,53.86
PRIMECAB,ST,07-Oct-2026,201.05,205.0,205.0,199.0,203.0,203.0,202.41,65600,132.78,38,56000,85.37
PRIMESECU,EQ,07-Oct-2026,297.05,301.5,302.95,294.25,295.05,295.8,296.69,4970,14.75,302,3348,67.36
PRIMO,EQ,07-Oct-2026,26.97,27.44,27.44,25.25,25.6,25.62,26.4,277273,73.2,1560,158293,57.09
PRINCEPIPE,EQ,07-Oct-2026,258.2,256.55,262.0,253.15,255.9,256.65,258.07,104909,270.74,3983,47204,45.00
PRIORITY,EQ,07-Oct-2026,311.85,315.0,342.7,305.3,321.7,319.55,326.28,1457432,4755.32,40413,350054,24.02
PRISMX,EQ,07-Oct-2026,0.49,0.5,0.51,0.49,0.51,0.49,0.5,159772,0.79,115,115148,72.07
PRITI,EQ,07-Oct-2026,31.66,32.8,32.9,31.25,31.55,32.2,32.21,2193,0.71,114,1569,71.55
PRITIKA,SM,07-Oct-2026,62.9,70.0,70.0,62.0,67.45,67.45,69.22,66000,45.68,9,32000,48.48
PRITIKAUTO,EQ,07-Oct-2026,16.33,16.02,16.78,16.01,16.12,16.18,16.29,143879,23.44,755,88088,61.22
PRIVISCL,EQ,07-Oct-2026,3504.9,3504.9,3545.0,3476.0,3511.0,3519.2,3516.69,78112,2746.96,13971,34394,44.03
PRIZOR,ST,07-Oct-2026,1316.35,1382.15,1382.15,1382.15,1382.15,1382.15,1382.15,4400,60.81,10,4400,100.00
PRLIND,SM,07-Oct-2026,42.95,42.25,43.85,42.25,43.65,43.65,42.97,22000,9.45,20,16000,72.73
PROFX,SM,07-Oct-2026,67.05,66.0,68.0,66.0,68.0,68.0,67.0,3200,2.14,2,3200,100.00
PROPSHOP,SM,07-Oct-2026,71.5,71.0,71.0,71.0,71.0,71.0,71.0,2000,1.42,1,2000,100.00
PROSTARM,EQ,07-Oct-2026,132.91,133.52,133.76,130.5,130.92,131.36,132.02,115044,151.88,1850,44290,38.50
PROTEAN,EQ,07-Oct-2026,689.25,685.0,696.0,666.95,670.0,669.95,679.8,469531,3191.87,17219,171618,36.55
PROV,SM,07-Oct-2026,1960.0,1950.0,1990.0,1950.0,1961.0,1961.0,1978.71,560,11.08,4,560,100.00
PROZONER,EQ,07-Oct-2026,52.45,52.98,55.5,50.99,53.75,54.06,53.1,710014,377.01,5684,326874,46.04
PRSMJOHNSN,EQ,07-Oct-2026,103.48,103.75,103.75,100.21,100.47,100.71,101.08,332140,335.71,5785,174426,52.52
PRUDENT,EQ,07-Oct-2026,3204.3,3172.0,3247.5,3170.7,3207.8,3223.3,3222.95,19841,639.47,7071,11972,60.34
PRUDMOULI,EQ,07-Oct-2026,13.81,14.77,14.77,13.32,13.54,13.54,13.95,17056,2.38,93,10801,63.33
PSB,EQ,07-Oct-2026,21.05,21.1,21.26,20.87,21.1,21.06,21.04,1039235,218.62,3060,434434,41.80
PSFL,SM,07-Oct-2026,32.5,32.5,32.5,32.5,32.5,32.5,32.5,2000,0.65,1,2000,100.00
PSPPROJECT,EQ,07-Oct-2026,761.75,762.5,785.0,760.0,765.0,765.6,772.24,36096,278.75,2876,17696,49.02
PSRAJ,SM,07-Oct-2026,99.75,99.4,99.7,98.0,99.5,99.4,99.32,67500,67.04,20,40000,59.26
PSUBANK,EQ,07-Oct-2026,80.09,82.09,82.09,79.32,81.3,80.92,80.68,2565596,2070.05,982,2087681,81.37
PSUBANKADD,EQ,07-Oct-2026,80.6,79.03,82.1,79.03,82.1,81.72,81.47,20961,17.08,164,9545,45.54
PSUBNKBEES,EQ,07-Oct-2026,89.11,89.5,90.62,88.45,90.57,90.12,89.87,1982905,1781.97,5393,974284,49.13
PSUBNKIETF,EQ,07-Oct-2026,81.24,81.24,82.49,80.36,82.39,82.34,81.73,65713,53.71,625,29457,44.83
PTC,EQ,07-Oct-2026,157.14,150.8,152.14,149.35,151.85,151.72,151.08,1807621,2731.02,16594,749595,41.47
PTCIL,EQ,07-Oct-2026,23125.0,23850.0,24800.0,23755.0,24770.0,24685.0,24253.43,117090,28398.34,34410,32959,28.15
PTL,EQ,07-Oct-2026,38.23,38.25,38.41,37.94,38.17,38.2,38.03,62207,23.66,653,50101,80.54
PULZ,SM,07-Oct-2026,21.5,21.65,21.65,21.65,21.65,21.65,21.65,2000,0.43,1,2000,100.00
PUNJABCHEM,EQ,07-Oct-2026,1039.0,1035.2,1051.9,1030.6,1040.8,1044.1,1039.54,1977,20.55,359,950,48.05
PURPLEUTED,SM,07-Oct-2026,495.85,515.0,520.6,505.0,511.0,509.4,518.17,65250,338.11,174,50250,77.01
PURVA,EQ,07-Oct-2026,210.75,208.99,211.95,206.82,208.0,209.68,209.09,58462,122.24,1914,19424,33.23
PUSHPA,SM,07-Oct-2026,120.45,120.05,123.0,113.0,115.25,115.55,121.01,116000,140.38,95,13000,11.21
PVP,EQ,07-Oct-2026,50.34,52.85,52.85,52.85,52.85,52.85,52.85,65062,34.39,113,65062,100.00
PVRINOX,EQ,07-Oct-2026,1249.4,1287.0,1374.8,1276.0,1335.1,1343.8,1339.85,5065408,67868.95,214177,1312675,25.91
PVSL,EQ,07-Oct-2026,94.57,95.4,97.0,93.0,94.2,95.37,95.01,10323,9.81,536,7069,68.48
PVTBANIETF,EQ,07-Oct-2026,27.41,28.09,28.09,27.22,27.59,27.5,27.5,6335925,1742.08,1228,5593510,88.28
PVTBANK,EQ,07-Oct-2026,27.14,27.19,27.34,27.06,27.06,27.19,27.18,33373,9.07,50,28188,84.46
PVTBANKADD,EQ,07-Oct-2026,27.55,27.42,27.74,27.36,27.45,27.48,27.49,1861463,511.73,1397,1748947,93.96
PVTBKGROWW,EQ,07-Oct-2026,27.06,27.16,27.5,26.76,26.87,26.99,27.11,20502,5.56,90,8232,40.15
PWL,EQ,07-Oct-2026,131.86,131.02,140.2,130.7,139.6,139.57,138.31,34917953,48293.38,184756,5987166,17.15
PYRAMID,EQ,07-Oct-2026,159.71,157.84,157.9,148.21,150.9,151.27,151.52,114998,174.25,2042,51787,45.03
QGOLDHALF,EQ,07-Oct-2026,121.86,121.85,121.85,120.89,121.3,121.3,121.42,146528,177.91,574,130310,88.93
QLINE,SM,07-Oct-2026,658.15,657.95,685.4,657.0,685.4,684.35,674.99,43200,291.6,102,30800,71.30
QMSMEDI,BE,07-Oct-2026,192.71,185.55,202.34,185.55,202.33,200.99,200.35,82949,166.18,434,-,-
QNIFTY,EQ,07-Oct-2026,250.58,255.0,255.0,248.2,249.2,249.49,249.55,9876,24.65,133,5810,58.83
QPOWER,EQ,07-Oct-2026,1648.8,1664.0,1666.0,1595.0,1618.0,1615.0,1628.48,318497,5186.67,18133,183826,57.72
QUADFUTURE,EQ,07-Oct-2026,547.4,547.4,549.0,531.25,536.0,534.4,537.63,209072,1124.04,8970,76628,36.65
QUAL30IETF,EQ,07-Oct-2026,19.83,19.7,19.98,19.54,19.68,19.62,19.57,305676,59.81,362,254463,83.25
QUALIANCE,SM,07-Oct-2026,166.4,166.4,177.5,165.05,175.0,175.45,171.26,56000,95.9,49,40000,71.43
QUALITY30,EQ,07-Oct-2026,19.4,19.32,19.36,19.2,19.29,19.24,19.26,53091,10.22,165,31126,58.63
QUESS,EQ,07-Oct-2026,334.45,332.25,342.75,324.1,329.3,328.4,332.86,239909,798.56,8412,100840,42.03
QUESTLAB,SM,07-Oct-2026,92.6,91.0,93.5,90.1,93.5,93.45,92.45,31200,28.84,17,21600,69.23
QUICKHEAL,EQ,07-Oct-2026,140.42,141.12,145.85,139.14,140.99,140.97,142.18,65681,93.39,1930,28380,43.21
QUICKTOUCH,SM,07-Oct-2026,14.0,13.55,14.6,13.35,14.6,14.55,13.63,15500,2.11,14,15000,96.77
QUINT,BE,07-Oct-2026,62.05,58.95,58.95,58.95,58.95,58.95,58.95,4526,2.67,48,-,-
QUINTEGRA,EQ,07-Oct-2026,1.47,1.54,1.54,1.54,1.54,1.54,1.54,1590,0.02,5,1590,100.00
QVCEL,SM,07-Oct-2026,25.75,25.0,25.0,25.0,25.0,25.0,25.0,1600,0.4,1,1600,100.00
RACE,EQ,07-Oct-2026,108.75,107.99,107.99,102.24,103.05,103.75,105.11,90297,94.91,835,57191,63.34
RACLGEAR,EQ,07-Oct-2026,1593.4,1603.0,1618.0,1568.1,1618.0,1589.5,1587.49,15992,253.87,3040,6904,43.17
RADAAN,EQ,07-Oct-2026,2.98,2.98,2.98,2.87,2.94,2.89,2.9,7107,0.21,57,6083,85.59
RADHIKAJWE,BE,07-Oct-2026,67.39,67.69,70.7,66.0,70.0,69.53,68.07,149614,101.84,899,-,-
RADIANTCMS,EQ,07-Oct-2026,34.82,34.82,35.4,34.2,34.28,34.52,34.7,104256,36.17,1015,51145,49.06
RADICO,EQ,07-Oct-2026,4460.1,4451.0,4531.2,4425.3,4495.0,4495.0,4491.86,460029,20663.87,47924,274456,59.66
RADIOCITY,EQ,07-Oct-2026,6.01,6.04,6.04,5.81,5.84,5.87,5.87,24410,1.43,155,17399,71.28
RADIOWALLA,ST,07-Oct-2026,28.6,29.15,29.15,29.15,29.15,29.15,29.15,3200,0.93,2,3200,100.00
RAILTEL,EQ,07-Oct-2026,257.65,258.45,258.45,252.9,255.1,254.65,254.52,317218,807.39,9820,107866,34.00
RAIN,EQ,07-Oct-2026,212.63,211.14,220.89,210.26,218.8,218.95,217.73,4431420,9648.61,36244,2189483,49.41
RAINBOW,EQ,07-Oct-2026,1239.7,1237.0,1288.7,1198.0,1267.0,1270.7,1236.23,409464,5061.92,40699,181036,44.21
RAJESHEXPO,BZ,07-Oct-2026,61.8,60.51,62.5,60.51,61.5,61.02,61.42,88199,54.17,2166,-,-
RAJINDLTD,SM,07-Oct-2026,66.45,68.65,68.65,65.0,65.0,65.0,66.68,6000,4.0,4,6000,100.00
RAJMET,EQ,07-Oct-2026,3.08,3.13,3.13,3.05,3.11,3.1,3.09,156016,4.83,585,111329,71.36
RAJOOENG,EQ,07-Oct-2026,56.95,57.74,62.9,56.76,62.9,62.37,60.81,2912369,1771.13,18170,1362681,46.79
RAJPALAYAM,EQ,07-Oct-2026,743.95,768.0,768.0,710.0,726.3,743.8,736.37,1936,14.26,92,1459,75.36
RAJPUTANA,SM,07-Oct-2026,205.25,218.75,218.75,195.0,208.0,200.05,200.23,63500,127.15,67,51500,81.10
RAJRATAN,EQ,07-Oct-2026,467.3,468.0,471.8,455.6,459.1,460.6,464.55,74372,345.49,4314,21915,29.47
RAJRILTD,BE,07-Oct-2026,20.01,20.41,20.41,20.41,20.41,20.41,20.41,9469,1.93,39,-,-
RAJSREESUG,EQ,07-Oct-2026,29.58,28.69,30.15,27.08,27.52,27.4,28.09,368626,103.55,2183,257357,69.82
RAJTV,BE,07-Oct-2026,10.72,10.71,10.71,10.19,10.6,10.53,10.31,12914,1.33,68,-,-
RALLIS,EQ,07-Oct-2026,200.3,199.9,200.47,197.75,200.15,200.03,199.54,320141,638.81,19266,169157,52.84
RAMANEWS,EQ,07-Oct-2026,28.88,29.59,29.59,28.61,28.84,28.98,29.29,7824,2.29,84,6902,88.22
RAMAPHO,EQ,07-Oct-2026,117.99,119.9,119.9,114.5,115.0,115.17,116.37,60428,70.32,864,51763,85.66
RAMASTEEL,BE,07-Oct-2026,4.31,4.25,4.25,4.23,4.23,4.23,4.24,396923,16.81,885,-,-
RAMBHAJO,EQ,07-Oct-2026,330.35,329.45,363.35,327.25,359.4,360.8,357.17,1711528,6113.09,27248,463303,27.07
RAMCOCEM,EQ,07-Oct-2026,848.25,850.25,850.25,833.5,846.9,845.0,841.06,165100,1388.58,7610,119770,72.54
RAMCOIND,EQ,07-Oct-2026,297.75,299.0,302.5,295.75,302.5,299.7,298.84,90554,270.61,2271,49063,54.18
RAMCOSYS,EQ,07-Oct-2026,563.5,563.5,578.0,557.05,576.0,574.35,570.43,49520,282.48,2819,24172,48.81
RAMKY,EQ,07-Oct-2026,286.65,288.1,288.1,278.1,280.1,281.7,281.71,35235,99.26,1214,22340,63.40
RAMRAT,EQ,07-Oct-2026,641.2,639.05,641.5,630.55,639.8,637.4,636.51,113963,725.39,8078,52515,46.08
RANASUG,EQ,07-Oct-2026,13.81,13.7,14.1,13.7,13.82,13.82,13.84,266483,36.88,803,148735,55.81
RANEHOLDIN,EQ,07-Oct-2026,1547.4,1535.8,1555.0,1510.0,1553.8,1536.6,1529.25,6257,95.69,781,3614,57.76
RAPIDFLEET,SM,07-Oct-2026,205.65,206.0,207.0,206.0,207.0,207.0,206.35,7200,14.86,12,0,0.00
RAPPID,SM,07-Oct-2026,338.0,333.1,335.0,330.0,330.0,330.0,332.51,4800,15.96,8,3600,75.00
RATEGAIN,EQ,07-Oct-2026,854.45,848.05,863.05,845.55,854.0,854.55,854.8,173482,1482.92,14071,77667,44.77
RATNAMANI,EQ,07-Oct-2026,2601.2,2617.0,2617.0,2511.0,2520.0,2524.3,2552.44,50917,1299.63,8013,27377,53.77
RATNAVEER,EQ,07-Oct-2026,335.25,336.0,351.9,334.35,335.95,336.45,341.97,5211840,17823.13,47733,1566186,30.05
RAYMOND,EQ,07-Oct-2026,1294.3,1287.5,1289.2,1193.7,1209.0,1206.7,1231.67,1774220,21852.59,81478,511996,28.86
RAYMONDLSL,EQ,07-Oct-2026,649.85,649.6,651.4,623.1,625.0,624.85,631.32,167854,1059.69,8029,97888,58.32
RAYMONDREL,EQ,07-Oct-2026,707.8,702.45,726.5,690.3,705.0,701.8,706.98,1304100,9219.76,40920,397897,30.51
RBA,EQ,07-Oct-2026,95.1,95.39,96.6,93.4,96.3,96.08,95.24,3125930,2976.99,22117,1451417,46.43
RBLBANK,EQ,07-Oct-2026,414.5,412.5,416.8,410.3,412.0,412.0,413.06,1657559,6846.72,27603,550601,33.22
RBMINFRA,SM,07-Oct-2026,239.5,239.5,242.8,236.0,236.0,237.5,240.12,23200,55.71,75,17200,74.14
RBS,SM,07-Oct-2026,80.0,79.0,82.0,79.0,82.0,82.0,80.08,4800,3.84,6,4000,83.33
RBZJEWEL,BE,07-Oct-2026,196.15,200.0,204.8,198.0,201.79,199.38,201.6,101810,205.25,844,-,-
RCDL,SM,07-Oct-2026,15.35,14.6,16.1,14.6,16.05,16.05,15.15,444000,67.28,80,336000,75.68
RCF,EQ,07-Oct-2026,108.94,108.7,108.7,107.02,107.35,107.58,107.73,451969,486.92,5563,195166,43.18
RCOM,BE,07-Oct-2026,0.86,0.85,0.86,0.84,0.85,0.85,0.85,2110504,18.03,1728,-,-
READYMIX,SM,07-Oct-2026,54.35,54.0,55.0,52.4,55.0,55.0,54.4,28000,15.23,24,20000,71.43
RECLTD,EQ,07-Oct-2026,300.0,300.0,306.85,297.45,298.9,298.9,300.74,6950416,20902.69,71929,3593006,51.69
REDINGTON,EQ,07-Oct-2026,405.7,406.0,411.0,401.5,406.2,406.5,405.79,2508651,10179.74,48685,1280369,51.04
REDTAPE,EQ,07-Oct-2026,114.8,114.7,114.7,112.95,113.68,113.63,113.86,146070,166.31,3614,71059,48.65
REFEX,EQ,07-Oct-2026,265.15,263.0,275.0,262.4,265.0,266.35,266.73,191336,510.34,4046,77373,40.44
REFRACTORY,SM,07-Oct-2026,39.7,37.75,37.75,37.75,37.75,37.75,37.75,16000,6.04,7,15000,93.75
REGAAL,EQ,07-Oct-2026,85.94,86.79,86.79,84.67,85.78,85.49,85.4,166086,141.84,2385,98920,59.56
REGENCERAM,EQ,07-Oct-2026,33.28,32.06,32.96,31.1,31.99,31.66,31.83,9795,3.12,166,6888,70.32
RELAXO,EQ,07-Oct-2026,290.5,290.55,292.0,285.95,289.0,287.75,288.0,77339,222.74,4481,38335,49.57
RELCHEMQ,EQ,07-Oct-2026,113.4,113.27,114.99,113.01,114.54,114.19,114.0,995,1.13,69,565,56.78
RELIABLE,EQ,07-Oct-2026,139.3,144.0,144.0,139.0,141.9,141.58,140.43,8871,12.46,343,6994,78.84
RELIANCE,EQ,07-Oct-2026,1218.0,1212.0,1220.8,1203.5,1207.7,1207.7,1210.57,11880731,143825.08,303168,6331287,53.29
RELIGARE,EQ,07-Oct-2026,227.75,226.2,228.79,223.86,225.0,224.92,225.03,1529143,3440.97,12570,1033726,67.60
RELINFRA,BE,07-Oct-2026,51.24,53.8,53.8,53.8,53.8,53.8,53.8,125234,67.38,540,-,-
RELTD,EQ,07-Oct-2026,147.25,146.6,150.79,145.0,148.75,148.58,149.4,539786,806.42,3287,413195,76.55
REMSONSIND,EQ,07-Oct-2026,108.67,104.99,110.88,101.0,103.8,104.02,104.35,869358,907.2,6649,409698,47.13
REMUS,SM,07-Oct-2026,844.45,840.05,874.9,840.0,855.0,856.25,859.74,3700,31.81,36,2100,56.76
RENTOMOJO,EQ,07-Oct-2026,545.2,551.4,643.5,550.0,637.0,618.95,610.82,18424264,112539.3,396201,1920116,10.42
RENUKA,EQ,07-Oct-2026,22.65,22.58,23.27,22.45,22.79,22.78,22.94,11798511,2706.49,19180,3563696,30.20
REPCOHOME,EQ,07-Oct-2026,326.45,326.45,342.5,325.8,341.0,339.8,337.88,156577,529.05,8389,84367,53.88
REPL,EQ,07-Oct-2026,56.83,57.01,57.01,54.05,54.58,55.3,56.26,5726,3.22,81,5532,96.61
REPRO,EQ,07-Oct-2026,296.35,297.85,304.9,287.0,294.5,295.7,294.68,20376,60.04,1332,11623,57.04
RESPONIND,EQ,07-Oct-2026,156.31,156.0,166.23,155.8,161.26,159.73,161.61,443322,716.46,8476,177186,39.97
RETAIL,BE,07-Oct-2026,31.54,29.97,29.97,29.97,29.97,29.97,29.97,3938,1.18,27,-,-
RFBL,ST,07-Oct-2026,106.8,101.5,101.5,101.5,101.5,101.5,101.5,9000,9.14,3,9000,100.00
RGL,EQ,07-Oct-2026,163.62,163.62,170.19,162.68,169.95,168.47,167.04,600665,1003.37,9321,225782,37.59
RHETAN,EQ,07-Oct-2026,16.59,17.41,17.41,17.4,17.41,17.4,17.41,12917219,2248.51,2492,5688313,44.04
RHFL,BZ,07-Oct-2026,1.56,1.58,1.6,1.56,1.58,1.56,1.59,409638,6.49,670,-,-
RHIM,EQ,07-Oct-2026,373.4,377.25,381.7,366.8,369.5,369.45,372.98,402448,1501.05,14032,137981,34.29
RHL,EQ,07-Oct-2026,165.25,162.01,165.98,162.01,163.05,165.87,163.79,1867,3.06,73,666,35.67
RICHA,SM,07-Oct-2026,83.25,83.25,83.25,83.25,83.25,83.25,83.25,1000,0.83,1,1000,100.00
RICOAUTO,EQ,07-Oct-2026,121.83,122.85,126.19,120.53,123.2,123.45,123.62,908338,1122.92,9200,313079,34.47
RIIL,EQ,07-Oct-2026,681.7,682.0,740.45,675.0,702.0,705.05,719.82,440480,3170.66,19935,52913,12.01
RIIT,IV,07-Oct-2026,120.69,121.8,121.8,119.51,121.0,121.0,120.86,54860,66.3,2258,51985,94.76
RILINFRA,SM,07-Oct-2026,32.5,32.9,33.4,32.5,32.5,32.5,32.94,3900,1.28,29,2900,74.36
RIR,EQ,07-Oct-2026,183.49,184.8,188.35,181.1,184.5,183.81,184.41,593105,1093.75,10366,229658,38.72
RISHABH,EQ,07-Oct-2026,688.4,689.0,690.0,670.15,675.0,674.2,678.37,103620,702.93,5554,47444,45.79
RITCO,EQ,07-Oct-2026,285.55,286.4,288.95,282.0,283.0,284.05,285.1,43301,123.45,1012,27941,64.53
RITES,EQ,07-Oct-2026,203.51,203.5,203.79,199.65,200.4,200.74,201.14,441765,888.54,9722,148560,33.63
RKDL,EQ,07-Oct-2026,17.27,17.27,17.69,16.86,17.0,16.93,17.03,4504,0.77,194,4025,89.37
RKEC,BE,07-Oct-2026,21.42,21.42,21.42,20.5,20.99,20.89,20.87,24505,5.11,87,-,-
RKFORGE,EQ,07-Oct-2026,732.65,734.0,734.0,714.0,715.3,716.4,720.65,562430,4053.12,17995,300614,53.45
RKSWAMY,EQ,07-Oct-2026,87.87,89.48,89.5,86.77,87.2,88.16,87.97,15829,13.92,309,11423,72.17
RMC,EQ,07-Oct-2026,196.05,198.0,202.0,195.0,202.0,196.41,196.6,76677,150.74,1110,63564,82.90
RMDRIP,BE,07-Oct-2026,23.55,23.48,23.49,22.52,22.69,22.68,22.89,97764,22.38,479,-,-
RML,EQ,07-Oct-2026,1394.4,1380.0,1392.0,1330.0,1337.0,1336.4,1348.8,54933,740.94,5972,24446,44.50
RNBDENIMS,BE,07-Oct-2026,8.98,9.13,9.13,8.8,9.06,9.0,8.96,66786,5.99,235,-,-
RNFI,SM,07-Oct-2026,331.0,334.0,338.0,320.0,320.05,321.05,331.08,40800,135.08,59,27000,66.18
RNPL,SM,07-Oct-2026,75.95,79.7,79.7,79.7,79.7,79.7,79.7,4800,3.83,4,4800,100.00
ROCKINGDCE,SM,07-Oct-2026,219.2,211.0,214.9,207.2,207.2,212.4,212.24,6750,14.33,25,3250,48.15
ROCKPP,E1,07-Oct-2026,62.9,65.0,65.0,65.0,65.0,65.0,65.0,1000,0.65,1,1000,100.00
ROHLTD,EQ,07-Oct-2026,300.75,300.7,304.35,296.0,296.6,297.25,298.9,6645,19.86,451,3831,57.65
ROLEXRINGS,EQ,07-Oct-2026,188.18,189.0,189.04,182.61,182.71,183.67,184.92,2364465,4372.37,39560,1134339,47.97
ROLLT,BE,07-Oct-2026,5.21,5.46,5.47,5.33,5.47,5.47,5.47,422448,23.1,323,-,-
ROML,EQ,07-Oct-2026,42.99,43.0,43.3,41.12,43.2,43.2,42.64,451,0.19,32,428,94.90
ROSSARI,EQ,07-Oct-2026,427.45,429.0,431.65,421.6,423.0,422.9,426.22,38540,164.27,2974,21194,54.99
ROSSELLIND,EQ,07-Oct-2026,50.68,51.0,53.2,49.82,52.77,52.26,52.18,42281,22.06,758,32971,77.98
ROSSTECH,EQ,07-Oct-2026,1612.1,1615.0,1643.4,1581.4,1622.1,1622.4,1612.54,141894,2288.09,16517,45593,32.13
ROTO,EQ,07-Oct-2026,62.24,62.24,63.16,61.9,62.49,62.35,62.46,280036,174.91,2542,127562,45.55
ROUTE,EQ,07-Oct-2026,430.8,431.95,433.0,424.4,426.5,426.5,427.68,127804,546.59,5754,73036,57.15
ROXHITECH,SM,07-Oct-2026,70.55,70.5,70.5,64.2,64.2,64.9,66.62,92800,61.82,50,78400,84.48
ROYALARC,SM,07-Oct-2026,152.0,153.0,155.0,153.0,153.0,153.0,153.5,4800,7.37,4,4800,100.00
RPEL,EQ,07-Oct-2026,1835.6,1859.9,1925.0,1751.0,1829.8,1820.9,1854.39,249601,4628.57,25799,56095,22.47
RPGLIFE,EQ,07-Oct-2026,2933.2,2940.0,2948.9,2860.0,2895.0,2892.8,2903.27,15914,462.03,2046,6090,38.27
RPOWER,EQ,07-Oct-2026,20.49,20.59,20.72,20.2,20.31,20.32,20.47,20012310,4097.24,31285,4921837,24.59
RPPINFRA,EQ,07-Oct-2026,51.53,50.25,52.5,50.25,51.25,51.43,51.5,48709,25.09,608,26123,53.63
RPPL,BE,07-Oct-2026,19.03,19.2,19.4,18.91,19.25,19.31,19.14,9898,1.89,52,-,-
RPSGVENT,EQ,07-Oct-2026,833.1,887.0,916.4,861.0,878.0,870.15,896.28,134474,1205.27,4761,48064,35.74
RPTECH,EQ,07-Oct-2026,958.25,958.3,969.0,933.5,939.8,939.7,944.8,216975,2049.98,16582,91129,42.00
RRECL,EQ,07-Oct-2026,125.17,127.4,127.4,124.0,124.0,124.0,124.35,309,0.38,9,224,72.49
RRIL,EQ,07-Oct-2026,16.18,16.66,16.66,15.62,15.87,16.07,15.91,18854,3.0,95,8857,46.98
RRKABEL,EQ,07-Oct-2026,2789.7,2785.0,2789.0,2683.3,2715.3,2722.5,2724.89,502681,13697.53,49725,200786,39.94
RSL,EQ,07-Oct-2026,176.06,177.0,177.0,174.0,174.9,174.51,175.17,174318,305.35,3746,89474,51.33
RSSOFTWARE,EQ,07-Oct-2026,30.44,30.15,30.79,29.6,30.02,30.04,30.13,14524,4.38,148,9355,64.41
RSWM,EQ,07-Oct-2026,207.03,205.25,208.67,203.0,203.15,203.83,205.35,33308,68.4,663,18281,54.88
RSYSTEMS,EQ,07-Oct-2026,246.3,248.65,255.3,242.8,251.85,252.35,250.2,1316807,3294.67,22385,339452,25.78
RTNINDIA,EQ,07-Oct-2026,26.13,26.21,26.21,25.45,25.95,25.78,25.73,959214,246.77,4276,448047,46.71
RTNPOWER,EQ,07-Oct-2026,6.75,6.71,6.76,6.68,6.7,6.7,6.72,6903506,463.87,8139,3676617,53.26
RTSPOWR,BE,07-Oct-2026,103.78,105.75,108.9,105.0,108.54,108.24,107.12,3913,4.19,70,-,-
RUBFILA,EQ,07-Oct-2026,63.59,63.11,65.56,63.11,65.28,64.9,64.71,34378,22.24,679,8939,26.00
RUBICON,EQ,07-Oct-2026,1596.8,1596.8,1596.8,1553.7,1570.0,1575.6,1571.55,147284,2314.65,18180,79692,54.11
RUBYMILLS,EQ,07-Oct-2026,512.8,510.05,523.8,490.0,509.9,509.8,512.42,12360,63.34,1087,6105,49.39
RUCHINFRA,EQ,07-Oct-2026,4.98,5.07,5.08,4.9,4.95,4.94,4.95,68197,3.38,246,45226,66.32
RUCHIRA,EQ,07-Oct-2026,102.78,103.99,103.99,101.48,103.12,103.15,102.88,9650,9.93,290,5820,60.31
RUDRA,EQ,07-Oct-2026,17.81,18.2,21.1,17.61,19.49,19.46,20.52,599677,123.06,840,441654,73.65
RULKA,SM,07-Oct-2026,105.0,105.0,105.0,102.05,102.05,102.05,103.42,2100,2.17,5,2100,100.00
RUNWALENTR,EQ,07-Oct-2026,290.6,289.0,293.7,275.0,277.7,279.1,286.62,866944,2484.84,16487,359098,41.42
RUPA,EQ,07-Oct-2026,128.99,128.35,131.48,126.9,126.91,127.62,128.76,114842,147.88,5889,69953,60.91
RUSHIL,EQ,07-Oct-2026,15.54,15.55,15.84,15.07,15.1,15.17,15.31,208821,31.97,699,124594,59.67
RUSTOMJEE,EQ,07-Oct-2026,368.55,370.4,382.0,360.0,380.0,379.3,375.64,77255,290.2,2330,44184,57.19
RVHL,EQ,07-Oct-2026,37.26,37.85,37.99,37.0,37.74,37.38,37.39,11908,4.45,81,11410,95.82
RVNL,EQ,07-Oct-2026,198.78,198.0,198.25,194.65,195.87,195.87,196.37,2797757,5494.04,27440,866637,30.98
RVTH,EQ,07-Oct-2026,756.2,725.05,743.0,725.05,727.05,726.75,728.43,467,3.4,53,358,76.66
S&SPOWER,EQ,07-Oct-2026,286.0,286.0,293.5,274.0,289.4,290.6,283.65,8966,25.43,887,5894,65.74
SAAKSHI,ST,07-Oct-2026,364.0,364.0,364.0,364.0,364.0,364.0,364.0,3000,10.92,5,3000,100.00
SAATVIKGL,EQ,07-Oct-2026,402.5,406.8,421.75,399.0,404.05,405.3,411.65,150423,619.22,4432,62844,41.78
SACHEEROME,SM,07-Oct-2026,511.85,508.0,508.0,496.15,500.35,500.35,500.86,13500,67.62,41,10200,75.56
SADBHAV,EQ,07-Oct-2026,6.85,6.85,7.19,6.66,6.9,6.92,6.97,141726,9.88,495,91819,64.79
SADBHIN,EQ,07-Oct-2026,2.56,2.58,2.63,2.54,2.63,2.6,2.58,74920,1.93,178,60036,80.13
SADHAV,SM,07-Oct-2026,114.5,112.5,114.0,111.0,111.15,111.55,111.75,9000,10.06,13,6600,73.33
SADHNANIQ,BE,07-Oct-2026,2.68,2.75,2.8,2.58,2.71,2.68,2.67,1570737,41.97,803,-,-
SAFARI,EQ,07-Oct-2026,1318.0,1324.9,1345.0,1306.4,1307.2,1319.2,1326.71,25293,335.56,5490,10857,42.92
SAFEENTP,SM,07-Oct-2026,250.05,253.0,261.0,252.95,261.0,260.45,258.82,40500,104.82,65,35000,86.42
SAGARDEEP,EQ,07-Oct-2026,23.14,22.22,23.78,22.11,22.16,22.18,22.38,8512,1.91,147,6525,76.66
SAGCEM,EQ,07-Oct-2026,146.6,146.0,150.8,143.2,145.0,143.91,146.89,43307,63.61,916,22522,52.01
SAGILITY,EQ,07-Oct-2026,43.88,43.88,44.35,43.0,43.11,43.11,43.56,8174501,3560.86,18004,2803787,34.30
SAHAJSOLAR,SM,07-Oct-2026,91.15,87.3,89.95,87.3,88.15,88.55,88.27,14800,13.06,32,7600,51.35
SAHANA,SM,07-Oct-2026,926.6,921.0,944.0,890.0,915.0,915.5,913.82,85950,785.43,336,55950,65.10
SAHASRA,SM,07-Oct-2026,475.9,464.0,487.75,452.15,452.15,452.15,461.45,120800,557.43,283,61600,50.99
SAHLIBHFI,EQ,07-Oct-2026,76.71,78.9,79.4,75.15,78.0,76.31,77.38,13656,10.57,462,7550,55.29
SAHYADRI,EQ,07-Oct-2026,354.05,352.5,363.0,345.2,363.0,352.1,351.42,5520,19.4,318,3988,72.25
SAICAPI,EQ,07-Oct-2026,150.16,153.16,153.16,140.0,145.0,146.08,146.18,639,0.93,60,437,68.39
SAIFL,SM,07-Oct-2026,4.3,4.25,4.35,4.1,4.15,4.15,4.19,108000,4.52,26,84000,77.78
SAIL,EQ,07-Oct-2026,178.1,176.72,177.35,173.62,174.31,174.31,175.47,8859876,15546.08,48333,4170095,47.07
SAILIFE,EQ,07-Oct-2026,1558.1,1558.0,1590.0,1544.1,1558.7,1561.8,1569.15,656465,10300.92,35049,484985,73.88
SAIPARENT,EQ,07-Oct-2026,522.9,524.0,528.9,515.4,518.15,521.65,522.6,127845,668.12,5458,58849,46.03
SAJHOTELS,ST,07-Oct-2026,29.35,27.9,27.9,27.9,27.9,27.9,27.9,8000,2.23,4,6000,75.00
SAKAR,EQ,07-Oct-2026,1048.5,1056.6,1058.5,1011.1,1023.9,1020.1,1028.29,62173,639.32,5784,30510,49.07
SAKHTISUG,EQ,07-Oct-2026,18.88,18.98,19.3,18.52,18.6,18.63,18.93,147331,27.89,756,61301,41.61
SAKSOFT,EQ,07-Oct-2026,142.74,142.74,142.74,137.3,139.4,139.08,140.09,207978,291.35,3954,64827,31.17
SAKUMA,EQ,07-Oct-2026,1.51,1.53,1.53,1.48,1.51,1.5,1.5,993343,14.89,739,639324,64.36
SALASAR,EQ,07-Oct-2026,4.22,4.15,4.22,4.13,4.17,4.17,4.18,2607156,108.91,2603,1411231,54.13
SALONA,EQ,07-Oct-2026,274.2,269.0,284.0,269.0,277.0,276.55,274.2,118,0.32,26,69,58.47
SALSTEEL,EQ,07-Oct-2026,89.6,89.2,93.23,85.41,86.08,86.44,89.34,989979,884.45,5947,262551,26.52
SALZERELEC,EQ,07-Oct-2026,524.95,524.95,528.45,518.35,518.5,521.0,521.47,29076,151.62,1338,18014,61.95
SAMAY,ST,07-Oct-2026,45.4,44.25,44.25,44.25,44.25,44.25,44.25,4000,1.77,1,4000,100.00
SAMBANDAM,EQ,07-Oct-2026,102.15,105.25,105.25,105.25,105.25,105.25,105.25,101,0.11,5,101,100.00
SAMBHAAV,EQ,07-Oct-2026,5.25,5.58,5.58,4.99,5.14,5.1,5.11,81651,4.17,161,59720,73.14
SAMBHV,EQ,07-Oct-2026,162.19,161.24,162.2,157.41,157.9,158.32,159.87,1552880,2482.56,15864,752341,48.45
SAMHI,EQ,07-Oct-2026,149.73,151.6,151.6,146.0,148.0,147.25,148.06,665337,985.09,9548,366026,55.01
SAMMAANCAP,EQ,07-Oct-2026,134.4,134.9,135.1,132.0,132.32,132.94,133.77,2802056,3748.31,22700,1172798,41.85
SAMPANN,EQ,07-Oct-2026,23.99,24.05,24.05,23.56,24.0,23.96,23.94,4119,0.99,135,3736,90.70
SANATHAN,EQ,07-Oct-2026,525.65,525.65,530.95,512.9,525.5,522.85,520.88,33869,176.42,2170,19035,56.20
SANDESH,EQ,07-Oct-2026,1017.4,1000.0,1025.0,997.65,1001.0,1002.05,1010.44,1150,11.62,159,930,80.87
SANDHAR,EQ,07-Oct-2026,558.1,561.85,565.95,553.1,563.0,561.3,560.18,92072,515.76,6841,42436,46.09
SANDUMA,EQ,07-Oct-2026,183.38,182.88,182.9,179.67,181.05,181.19,180.98,317131,573.93,7168,136950,43.18
SANGAMIND,EQ,07-Oct-2026,642.4,636.9,649.4,620.55,625.4,624.05,632.39,27370,173.09,1490,17744,64.83
SANGANI,SM,07-Oct-2026,57.2,58.0,58.0,56.0,57.85,56.8,57.09,9000,5.14,6,9000,100.00
SANGHVIMOV,EQ,07-Oct-2026,419.5,423.95,423.95,408.25,411.2,410.65,412.97,213148,880.23,11256,111920,52.51
SANOFI,EQ,07-Oct-2026,3047.0,3047.0,3051.8,3010.0,3022.1,3023.8,3023.65,8729,263.93,2762,5074,58.13
SANOFICONR,EQ,07-Oct-2026,3736.5,3725.0,3757.4,3701.0,3750.0,3722.9,3723.98,4089,152.27,1397,2202,53.85
SANSERA,EQ,07-Oct-2026,4232.9,4226.0,4328.0,4209.2,4277.0,4261.7,4277.6,125963,5388.19,22793,54296,43.10
SANSTAR,EQ,07-Oct-2026,104.07,103.55,105.09,102.6,104.5,104.23,104.12,85775,89.3,2188,29947,34.91
SANWARIA,BZ,07-Oct-2026,0.18,0.18,0.19,0.18,0.19,0.18,0.18,1901235,3.45,185,-,-
SAPPHIRE,EQ,07-Oct-2026,215.16,215.9,216.8,213.64,215.0,215.03,215.01,168957,363.28,6470,89499,52.97
SAPPL,EQ,07-Oct-2026,314.1,318.95,329.9,306.1,315.25,317.9,316.95,2022,6.41,75,1777,87.88
SARDAEN,EQ,07-Oct-2026,500.7,500.9,505.0,497.5,498.0,499.35,501.31,189889,951.92,11264,88821,46.78
SAREGAMA,EQ,07-Oct-2026,503.7,502.2,507.9,496.1,504.45,503.75,503.27,160898,809.75,10421,64081,39.83
SARLAPOLY,EQ,07-Oct-2026,96.44,97.67,97.69,96.0,96.0,96.7,96.76,14965,14.48,401,8013,53.54
SARTELE,SM,07-Oct-2026,96.85,96.6,99.0,94.0,94.0,94.35,95.47,51000,48.69,77,29000,56.86
SARVESHWAR,EQ,07-Oct-2026,3.58,3.6,3.69,3.57,3.63,3.61,3.65,2446544,89.2,2316,1681556,68.73
SASKEN,EQ,07-Oct-2026,1679.5,1684.3,1708.6,1656.0,1658.3,1665.1,1675.59,11590,194.2,1959,7593,65.51
SATIA,EQ,07-Oct-2026,69.26,69.59,71.22,68.5,69.0,69.0,69.42,97840,67.92,1078,54798,56.01
SATIN,EQ,07-Oct-2026,228.35,229.9,239.4,221.25,221.3,223.79,231.94,1191616,2763.88,18730,393793,33.05
SATIPOLY,SM,07-Oct-2026,34.1,34.0,34.3,34.0,34.3,34.3,34.1,1500,0.51,2,1500,100.00
SATKARTAR,SM,07-Oct-2026,166.8,170.35,170.35,158.15,159.95,159.7,163.92,40000,65.57,48,27200,68.00
SATTVAENGG,SM,07-Oct-2026,56.1,57.65,58.6,57.1,58.4,58.4,58.13,62400,36.27,10,52800,84.62
SAURASHCEM,EQ,07-Oct-2026,51.47,51.2,51.95,50.25,50.5,50.6,51.17,74227,37.98,1026,45905,61.84
SAWALIYA,SM,07-Oct-2026,191.2,191.0,194.0,187.2,188.0,188.4,190.62,91200,173.84,89,34200,37.50
SAYAJIHOTL,EQ,07-Oct-2026,307.35,309.0,312.0,309.0,309.0,309.0,309.06,108,0.33,4,108,100.00
SAYAJIIND,EQ,07-Oct-2026,118.0,115.0,118.0,115.0,115.0,116.0,115.06,104,0.12,4,103,99.04
SBC,EQ,07-Oct-2026,61.7,61.8,62.62,61.05,62.1,61.77,61.72,13158768,8121.47,17132,2664713,20.25
SBCL,EQ,07-Oct-2026,1099.6,1111.6,1129.1,1088.6,1089.1,1099.3,1103.61,169999,1876.13,15104,92773,54.57
SBFC,EQ,07-Oct-2026,83.28,83.27,83.5,80.81,81.15,81.1,81.97,1102475,903.65,15262,626241,56.80
SBGLP,EQ,07-Oct-2026,22.78,23.44,23.44,22.4,22.9,22.72,22.68,26934,6.11,252,20321,75.45
SBIBPB,EQ,07-Oct-2026,46.61,46.86,47.26,46.1,46.79,46.74,46.74,320442,149.77,343,301415,94.06
SBICARD,EQ,07-Oct-2026,569.4,569.4,569.95,555.65,557.4,557.4,561.29,1197820,6723.27,28150,521901,43.57
SBIETFCON,EQ,07-Oct-2026,113.94,111.09,116.2,111.09,113.0,113.42,113.44,1877,2.13,80,1330,70.86
SBIETFIT,EQ,07-Oct-2026,311.04,311.29,311.97,307.64,309.57,308.87,309.74,1886,5.84,115,1530,81.12
SBIETFPB,EQ,07-Oct-2026,275.91,275.86,278.99,275.01,278.93,277.45,277.4,1284,3.56,67,922,71.81
SBIETFQLTY,EQ,07-Oct-2026,207.8,211.96,211.96,206.0,206.87,206.3,206.4,3175,6.55,67,3148,99.15
SBIFUNDS,EQ,07-Oct-2026,502.85,501.95,503.0,494.3,500.0,501.2,497.91,1247454,6211.24,47453,721149,57.81
SBILIFE,EQ,07-Oct-2026,1750.0,1735.0,1750.5,1701.8,1726.1,1726.1,1725.06,1030112,17770.0,41402,575702,55.89
SBILIQETF,EQ,07-Oct-2026,1058.89,1059.06,1059.06,1059.04,1059.04,1059.04,1059.04,135422,1434.17,78,57174,42.22
SBIMIDMOM,EQ,07-Oct-2026,61.56,61.86,67.67,61.0,61.55,61.62,61.56,73965,45.53,165,47298,63.95
SBIN,EQ,07-Oct-2026,958.75,955.0,966.0,945.6,954.0,954.0,954.18,12523009,119492.14,166004,6500609,51.91
SBINEQWETF,EQ,07-Oct-2026,32.01,32.01,32.01,31.12,31.34,31.31,31.29,55730,17.44,431,54499,97.79
SBINMID150,EQ,07-Oct-2026,21.98,22.08,22.11,21.83,22.0,21.93,21.98,638981,140.46,1319,435692,68.19
SBISILVER,EQ,07-Oct-2026,216.04,216.04,216.04,214.14,214.4,214.32,214.65,428404,919.57,4856,250796,58.54
SBISMLETF,EQ,07-Oct-2026,17.9,17.82,18.0,17.79,18.0,17.95,17.9,24521,4.39,191,20169,82.25
SBIVALETF,EQ,07-Oct-2026,13.95,13.95,14.02,13.81,13.87,13.87,13.88,32602500,4523.72,762,32555176,99.85
SCANSTL,BE,07-Oct-2026,48.06,48.8,50.46,46.75,50.05,50.06,49.24,33099,16.3,149,-,-
SCHAEFFLER,EQ,07-Oct-2026,3818.1,3818.1,3827.8,3762.4,3800.0,3797.0,3799.28,59517,2261.22,14421,37033,62.22
SCHAND,EQ,07-Oct-2026,145.16,147.4,147.4,143.24,144.13,144.15,144.96,9369,13.58,479,6857,73.19
SCHNEIDER,EQ,07-Oct-2026,1274.0,1276.0,1276.0,1240.0,1258.5,1256.2,1253.8,119136,1493.72,13328,58815,49.37
SCI,EQ,07-Oct-2026,289.0,288.05,289.0,283.9,284.3,285.35,286.27,1736876,4972.19,24734,505179,29.09
SCILAL,EQ,07-Oct-2026,37.68,37.86,38.4,37.36,37.8,37.85,37.88,227035,85.99,1634,147566,65.00
SCML,SM,07-Oct-2026,107.95,107.0,107.0,97.2,98.2,97.7,102.64,18000,18.47,17,12000,66.67
SCODATUBES,EQ,07-Oct-2026,124.37,124.0,124.0,122.21,122.25,122.88,123.04,97607,120.09,1407,54545,55.88
SCPL,BE,07-Oct-2026,609.25,615.3,624.0,600.3,600.3,609.2,618.49,65509,405.16,247,-,-
SDBL,EQ,07-Oct-2026,74.02,74.1,74.5,72.97,73.03,73.08,73.41,340034,249.61,3196,140523,41.33
SDREAMS,SM,07-Oct-2026,84.75,84.75,84.75,84.75,84.75,84.75,84.75,1000,0.85,1,1000,100.00
SEAMECLTD,EQ,07-Oct-2026,1584.9,1580.0,1633.9,1564.1,1628.0,1610.9,1597.32,36641,585.27,4914,20041,54.70
SECLEDBETA,EQ,07-Oct-2026,13.97,13.97,13.97,13.85,13.88,13.89,13.86,4846,0.67,26,4336,89.48
SECMARK,EQ,07-Oct-2026,137.0,142.0,142.99,130.41,139.7,139.69,140.48,4492,6.31,63,2344,52.18
SECURKLOUD,EQ,07-Oct-2026,15.71,16.88,16.88,14.5,15.37,15.34,15.16,46860,7.1,356,30113,64.26
SEDEMAC,EQ,07-Oct-2026,3399.6,3398.0,3478.4,3360.2,3424.0,3425.6,3426.6,116377,3987.77,18127,44371,38.13
SEIL,EQ,07-Oct-2026,186.16,187.41,190.55,184.01,186.0,185.98,187.87,90576,170.17,1346,62766,69.30
SEITINVIT,IV,07-Oct-2026,122.0,122.5,122.5,122.0,122.0,122.0,122.47,425000,520.5,2,425000,100.00
SEJALLTD,EQ,07-Oct-2026,676.55,683.9,704.1,666.45,682.05,680.55,682.82,13851,94.58,845,9278,66.98
SEKURITIND,EQ,07-Oct-2026,110.08,110.44,111.18,109.04,110.4,109.99,109.79,11947,13.12,327,8980,75.17
SELECTIPO,EQ,07-Oct-2026,46.64,46.47,46.88,46.41,46.47,46.55,46.66,29492,13.76,113,15183,51.48
SELLOWRAP,SM,07-Oct-2026,60.0,60.05,60.05,58.35,58.35,58.35,59.47,4800,2.85,3,4800,100.00
SEMAC,EQ,07-Oct-2026,235.55,235.55,239.0,233.0,239.0,236.38,235.45,605,1.42,62,464,76.69
SENCO,EQ,07-Oct-2026,318.75,318.75,326.3,315.0,319.75,320.6,321.48,1246457,4007.15,31947,650112,52.16
SENORES,EQ,07-Oct-2026,1388.6,1399.9,1424.0,1380.0,1398.0,1389.6,1400.7,197473,2766.0,17728,84167,42.62
SENSEXADD,EQ,07-Oct-2026,75.35,75.17,75.48,75.0,75.41,75.12,75.1,1342,1.01,30,798,59.46
SENSEXAXIS,EQ,07-Oct-2026,75.78,75.65,75.96,75.3,75.3,75.32,75.55,3227,2.44,61,1945,60.27
SENSEXBETA,EQ,07-Oct-2026,809.72,812.54,812.54,801.3,807.1,804.11,806.07,1318,10.62,109,985,74.73
SENSEXETF,EQ,07-Oct-2026,75.41,75.31,75.46,74.86,75.12,75.05,75.12,38979,29.28,314,23331,59.86
SENSEXIETF,EQ,07-Oct-2026,838.12,842.0,842.0,834.7,839.95,836.45,837.7,5013,41.99,388,2979,59.43
SEPC,EQ,07-Oct-2026,5.05,5.06,5.08,5.0,5.04,5.03,5.04,3570447,179.99,2188,1521349,42.61
SERVOTECH,EQ,07-Oct-2026,72.06,72.06,72.29,70.75,71.19,71.15,71.35,332097,236.97,2978,161457,48.62
SESHAPAPER,EQ,07-Oct-2026,233.87,234.05,235.0,230.2,230.5,231.31,231.97,260189,603.55,1739,229082,88.04
SETCO,BE,07-Oct-2026,18.22,18.22,18.75,17.6,18.6,18.48,18.51,43134,7.99,194,-,-
SETF10GILT,EQ,07-Oct-2026,259.78,260.01,260.92,259.98,260.15,260.15,260.7,979,2.55,28,785,80.18
SETFGOLD,EQ,07-Oct-2026,125.36,125.42,125.42,124.87,124.87,124.92,124.99,4215605,5268.94,9983,2876172,68.23
SETFNIF50,EQ,07-Oct-2026,245.14,245.43,245.43,243.2,244.0,243.65,243.92,502526,1225.77,6209,377078,75.04
SETFNIFBK,EQ,07-Oct-2026,565.47,565.58,568.64,561.61,564.64,566.09,566.33,83760,474.36,2289,74544,89.00
SETFNN50,EQ,07-Oct-2026,751.83,746.3,751.67,743.85,748.08,746.57,747.41,20385,152.36,1025,11019,54.05
SETL,EQ,07-Oct-2026,428.3,431.0,437.0,423.3,430.8,429.8,430.5,300178,1292.28,8004,159741,53.22
SETUINFRA,BZ,07-Oct-2026,0.49,0.49,0.49,0.48,0.48,0.48,0.48,4524,0.02,17,-,-
SEYAIND,BE,07-Oct-2026,12.86,12.86,12.86,12.61,12.61,12.61,12.61,4061,0.51,22,-,-
SFL,EQ,07-Oct-2026,623.4,625.9,628.9,615.4,620.15,620.05,621.2,81571,506.72,7528,43104,52.84
SFML,SM,07-Oct-2026,20.95,20.5,20.5,19.65,19.65,20.2,20.28,9600,1.95,5,8000,83.33
SGBAPR28I,GB,07-Oct-2026,14770.0,14775.0,14856.01,14755.0,14849.0,14827.18,14838.21,79,11.72,32,73,92.41
SGBAUG27,GB,07-Oct-2026,14616.0,14525.0,14739.99,14525.0,14600.01,14600.59,14605.18,67,9.79,19,52,77.61
SGBAUG28V,GB,07-Oct-2026,14672.89,14672.89,14770.0,14650.0,14685.13,14688.67,14698.6,729,107.15,124,575,78.88
SGBAUG29V,GB,07-Oct-2026,14809.5,14809.5,14885.0,14615.01,14823.0,14812.5,14751.26,100,14.75,33,71,71.00
SGBAUG30,GB,07-Oct-2026,14889.91,14800.0,14969.0,14800.0,14880.0,14880.0,14864.47,42,6.24,22,42,100.00
SGBD29VIII,GB,07-Oct-2026,14708.91,14690.0,14841.23,14680.0,14745.01,14747.35,14745.73,51,7.52,30,26,50.98
SGBDC27VII,GB,07-Oct-2026,14710.0,14700.0,14750.0,14650.0,14750.0,14714.66,14698.95,22,3.23,12,12,54.55
SGBDE30III,GB,07-Oct-2026,14813.69,14813.69,14840.0,14726.0,14799.01,14825.4,14812.87,222,32.88,80,199,89.64
SGBDE31III,GB,07-Oct-2026,15123.77,15123.77,15200.0,15100.01,15115.1,15120.01,15125.86,471,71.24,137,346,73.46
SGBDEC26,GB,07-Oct-2026,14660.0,14889.0,14889.0,14880.0,14880.0,14880.0,14884.5,2,0.3,2,2,100.00
SGBFEB27,GB,07-Oct-2026,14708.17,14561.0,14750.0,14561.0,14670.0,14670.0,14667.58,12,1.76,3,12,100.00
SGBFEB29XI,GB,07-Oct-2026,14693.18,14693.18,14725.0,14625.0,14665.0,14675.6,14677.8,105,15.41,24,62,59.05
SGBFEB32IV,GB,07-Oct-2026,15481.95,15481.95,15499.99,15352.0,15393.96,15393.69,15414.95,1046,161.24,206,736,70.36
SGBJ28VIII,GB,07-Oct-2026,14750.0,14650.0,14725.0,14601.0,14615.02,14615.02,14614.43,89,13.01,13,69,77.53
SGBJAN27,GB,07-Oct-2026,14716.66,14670.0,14670.0,14670.0,14670.0,14670.0,14670.0,2,0.29,1,2,100.00
SGBJAN29IX,GB,07-Oct-2026,14699.1,14636.0,14715.0,14636.0,14663.0,14663.0,14663.93,89,13.05,30,75,84.27
SGBJAN29X,GB,07-Oct-2026,14700.0,14641.01,14710.0,14641.01,14642.0,14651.82,14669.75,44,6.45,14,25,56.82
SGBJAN30IX,GB,07-Oct-2026,14772.0,14772.0,14900.0,14711.02,14711.02,14714.25,14790.66,122,18.04,36,103,84.43
SGBJU29III,GB,07-Oct-2026,14680.0,14700.0,14711.0,14700.0,14711.0,14711.0,14702.0,22,3.23,10,22,100.00
SGBJUL28IV,GB,07-Oct-2026,14675.85,14675.85,14699.0,14650.0,14650.0,14674.4,14673.38,139,20.4,37,116,83.45
SGBJUL29IV,GB,07-Oct-2026,14675.74,14680.81,14740.0,14647.29,14650.0,14651.55,14665.74,565,82.86,40,425,75.22
SGBJUN28,GB,07-Oct-2026,14685.31,14685.0,14740.0,14620.01,14690.0,14690.0,14669.67,162,23.76,26,155,95.68
SGBJUN29II,GB,07-Oct-2026,14703.64,14610.01,14750.0,14610.01,14661.0,14661.0,14688.95,336,49.35,60,279,83.04
SGBJUN30,GB,07-Oct-2026,15010.21,15010.21,15010.21,14803.0,14850.0,14850.0,14850.43,47,6.98,25,27,57.45
SGBJUN31I,GB,07-Oct-2026,15036.13,15036.13,15069.98,14950.01,14965.12,14965.15,14982.56,164,24.57,54,107,65.24
SGBMAR28X,GB,07-Oct-2026,14673.06,14644.41,14669.9,14611.0,14626.0,14629.58,14629.69,21,3.07,11,14,66.67
SGBMAR30X,GB,07-Oct-2026,14764.39,14764.39,14849.99,14760.0,14760.0,14760.0,14775.66,18,2.66,5,13,72.22
SGBMAR31IV,GB,07-Oct-2026,14941.01,14941.01,14941.01,14862.0,14865.0,14879.16,14917.27,103,15.36,31,84,81.55
SGBMAY28,GB,07-Oct-2026,14720.61,14661.0,14739.99,14660.0,14739.99,14739.99,14694.09,32,4.7,13,25,78.13
SGBMAY29I,GB,07-Oct-2026,14706.87,14620.01,14750.0,14620.01,14679.99,14683.65,14705.99,546,80.29,63,362,66.30
SGBMR29XII,GB,07-Oct-2026,14695.03,14614.99,14750.0,14614.99,14620.0,14628.0,14664.98,210,30.8,53,138,65.71
SGBN28VIII,GB,07-Oct-2026,14735.0,14677.51,14734.9,14675.0,14700.0,14700.0,14698.83,32,4.7,10,21,65.63
SGBNOV26,GB,07-Oct-2026,14770.0,14770.0,14770.0,14620.0,14620.0,14620.0,14670.0,3,0.44,2,3,100.00
SGBNV29VII,GB,07-Oct-2026,14745.14,14685.0,14766.0,14682.0,14682.0,14700.3,14718.39,197,29.0,38,180,91.37
SGBOC28VII,GB,07-Oct-2026,14750.0,14750.0,14750.0,14705.0,14712.0,14716.33,14716.29,7,1.03,4,4,57.14
SGBOCT26,GB,07-Oct-2026,14780.0,14610.01,14699.0,14610.01,14699.0,14699.0,14654.51,20,2.93,2,10,50.00
SGBOCT27,GB,07-Oct-2026,14699.0,14720.35,14740.35,14720.35,14731.35,14735.85,14731.98,8,1.18,3,8,100.00
SGBOCT27VI,GB,07-Oct-2026,14650.0,14750.0,14750.0,14750.0,14750.0,14750.0,14750.0,1,0.15,1,1,100.00
SGBSEP27,GB,07-Oct-2026,14700.0,14749.98,14749.98,14749.98,14749.98,14749.98,14749.98,2,0.29,1,2,100.00
SGBSEP28VI,GB,07-Oct-2026,14651.15,14947.68,14947.68,14635.05,14635.05,14648.96,14692.77,186,27.33,48,150,80.65
SGBSEP29VI,GB,07-Oct-2026,14705.92,14699.9,14800.0,14699.9,14800.0,14722.76,14710.54,184,27.07,33,155,84.24
SGBSEP31II,GB,07-Oct-2026,14997.32,14997.32,15069.98,14861.01,14970.0,14967.01,14933.15,1232,183.98,256,768,62.34
SGFIN,EQ,07-Oct-2026,662.15,666.0,674.0,656.0,664.0,663.7,665.66,231759,1542.72,10510,101933,43.98
SGIL,EQ,07-Oct-2026,603.2,612.0,615.6,603.0,603.35,604.55,606.65,1736,10.53,227,640,36.87
SGL,EQ,07-Oct-2026,8.8,8.65,9.27,8.61,9.12,9.09,8.98,13291,1.19,101,10978,82.60
SGLRES,EQ,07-Oct-2026,2.26,2.17,2.25,2.16,2.16,2.18,2.18,32083,0.7,83,20492,63.87
SGMART,EQ,07-Oct-2026,742.85,743.0,774.8,736.55,753.0,752.25,757.32,152651,1156.06,10518,74006,48.48
SGRL,EQ,07-Oct-2026,719.05,728.75,728.75,705.0,719.95,715.1,711.99,9538,67.91,871,5414,56.76
SHADOWFAX,EQ,07-Oct-2026,288.0,289.7,296.35,287.0,292.0,292.85,292.45,5496570,16074.67,77375,3027231,55.07
SHAH,EQ,07-Oct-2026,3.09,3.09,3.09,3.0,3.01,3.01,3.04,855584,26.0,589,653796,76.42
SHAHALLOYS,BE,07-Oct-2026,81.03,82.94,82.95,80.19,80.2,80.56,80.83,10831,8.75,78,-,-
SHAHINVEST,BE,07-Oct-2026,173.79,167.05,169.0,165.11,165.11,166.82,167.19,596517,997.33,4357,-,-
SHAILY,EQ,07-Oct-2026,3100.3,3085.0,3119.2,3064.2,3083.0,3085.3,3093.64,60556,1873.38,10304,30339,50.10
SHAKTIPUMP,EQ,07-Oct-2026,449.35,451.0,454.7,445.0,447.0,447.4,449.02,441292,1981.47,17144,153178,34.71
SHALBY,EQ,07-Oct-2026,136.51,136.3,136.95,134.15,134.21,134.62,135.34,37417,50.64,1004,18587,49.68
SHALPAINTS,BE,07-Oct-2026,77.64,77.84,80.0,75.21,78.7,77.08,76.83,140272,107.77,477,-,-
SHANKARA,EQ,07-Oct-2026,125.58,125.58,125.89,118.1,120.2,119.98,120.39,102791,123.75,2611,61311,59.65
SHANKESH,EQ,07-Oct-2026,92.21,91.79,99.72,91.36,96.3,96.51,96.73,6866799,6641.96,51098,2197482,32.00
SHANTI,EQ,07-Oct-2026,5.49,5.21,5.75,5.21,5.46,5.46,5.41,3096,0.17,61,1853,59.85
SHANTIGEAR,EQ,07-Oct-2026,602.3,603.0,603.0,581.25,587.5,586.05,590.57,24891,147.0,1438,14282,57.38
SHANTIGOLD,EQ,07-Oct-2026,336.65,340.0,351.0,335.3,340.5,341.05,343.41,3025042,10388.32,39810,920935,30.44
SHANTIINOR,SM,07-Oct-2026,201.65,213.1,224.45,200.15,204.75,205.4,213.45,376000,802.57,217,236800,62.98
SHARDACROP,EQ,07-Oct-2026,741.75,744.0,749.0,732.0,741.5,742.05,740.23,70577,522.44,6083,30626,43.39
SHARDAMOTR,EQ,07-Oct-2026,928.55,928.9,933.95,916.25,923.0,924.85,924.93,42593,393.96,4134,20714,48.63
SHARDUL,BE,07-Oct-2026,58.25,58.25,58.49,58.0,58.36,58.32,58.23,58891,34.29,189,-,-
SHAREINDIA,EQ,07-Oct-2026,211.4,212.1,212.9,206.0,207.95,207.27,209.1,791105,1654.22,9704,176440,22.30
SHARIABEES,EQ,07-Oct-2026,424.7,424.7,424.99,415.87,418.14,419.52,420.71,6324,26.61,422,3165,50.05
SHBAJRG,EQ,07-Oct-2026,162.8,162.65,172.0,161.3,168.9,168.8,167.11,3337,5.58,163,2009,60.20
SHEEL,SM,07-Oct-2026,62.0,61.5,61.5,61.5,61.5,61.5,61.5,30000,18.45,2,30000,100.00
SHEETAL,SM,07-Oct-2026,350.0,357.0,358.95,354.0,357.9,357.9,356.53,3500,12.48,7,2000,57.14
SHEKHAWATI,BE,07-Oct-2026,27.17,25.82,25.82,25.82,25.82,25.82,25.82,19887,5.13,70,-,-
SHEMAROO,EQ,07-Oct-2026,111.76,111.61,113.13,110.1,110.1,111.11,111.51,4319,4.82,51,3449,79.86
SHERA,SM,07-Oct-2026,195.35,197.0,203.0,195.0,198.5,198.5,198.82,54000,107.36,50,42000,77.78
SHERVANI,EQ,07-Oct-2026,304.0,334.0,334.0,318.55,318.55,321.05,328.32,80,0.26,10,19,23.75
SHETHJI,SM,07-Oct-2026,184.5,184.0,185.0,182.0,185.0,184.65,183.04,21000,38.44,16,18000,85.71
SHIGAN,SM,07-Oct-2026,62.8,62.5,65.5,62.5,65.0,65.0,64.2,16500,10.59,11,13500,81.82
SHILCTECH,EQ,07-Oct-2026,4094.2,4095.0,4100.0,3990.6,3993.1,4000.9,4023.12,15948,641.61,4265,10265,64.37
SHILGRAVQ,EQ,07-Oct-2026,145.31,145.31,149.0,145.0,145.05,145.82,146.28,1823,2.67,58,1735,95.17
SHILPAMED,EQ,07-Oct-2026,1073.7,1072.4,1086.8,1055.1,1069.5,1071.2,1070.03,433185,4635.22,27531,201944,46.62
SHINDL,EQ,07-Oct-2026,158.69,158.61,158.61,156.05,158.0,157.72,157.18,144798,227.6,925,27856,19.24
SHIPROCKET,EQ,07-Oct-2026,131.43,130.93,134.5,127.76,133.0,133.11,131.61,4177506,5497.87,41375,1063629,25.46
SHIVAAGRO,EQ,07-Oct-2026,39.02,39.19,40.0,38.0,39.4,39.4,39.09,1305,0.51,46,1125,86.21
SHIVACEM,EQ,07-Oct-2026,13.19,13.29,13.47,12.96,13.02,13.0,13.1,98539,12.9,363,73510,74.60
SHIVALIK,EQ,07-Oct-2026,386.25,388.1,388.1,363.35,365.0,365.05,370.24,64876,240.2,2841,39354,60.66
SHIVAMAUTO,EQ,07-Oct-2026,16.6,17.23,17.23,16.65,16.65,16.68,16.78,16767,2.81,130,15830,94.41
SHIVAMILLS,EQ,07-Oct-2026,58.31,60.99,61.22,57.0,57.3,58.33,59.95,4377,2.62,81,2086,47.66
SHIVASHRIT,SM,07-Oct-2026,116.7,118.7,118.7,114.0,115.0,114.95,115.05,97000,111.6,46,78000,80.41
SHIVATEX,EQ,07-Oct-2026,169.99,172.0,172.0,166.05,166.42,166.41,167.76,1492,2.5,51,1176,78.82
SHIVAUM,EQ,07-Oct-2026,552.65,553.45,553.6,540.0,550.0,551.4,546.92,30704,167.93,244,28121,91.59
SHK,EQ,07-Oct-2026,142.32,141.61,143.0,139.85,142.65,141.62,141.8,190745,270.47,5925,100662,52.77
SHKSIL,SM,07-Oct-2026,30.45,32.9,32.9,32.0,32.5,32.5,32.53,16000,5.21,8,6000,37.50
SHOPERSTOP,EQ,07-Oct-2026,398.15,400.7,400.7,389.25,391.2,392.4,394.78,16537,65.29,1621,7035,42.54
SHRADDHA,EQ,07-Oct-2026,166.72,167.9,171.95,162.51,162.51,163.31,167.29,13589,22.73,427,10469,77.04
SHRADHA,EQ,07-Oct-2026,29.83,30.7,31.8,29.5,30.12,30.78,30.77,10199,3.14,85,8448,82.83
SHREDIGCEM,EQ,07-Oct-2026,65.12,65.0,65.9,64.5,64.5,64.55,64.82,31054,20.13,890,17595,56.66
SHREECEM,EQ,07-Oct-2026,22210.0,21905.0,22160.0,21690.0,21780.0,21780.0,21922.21,43001,9426.77,17376,26744,62.19
SHREEDHAR,ST,07-Oct-2026,153.75,154.0,161.4,154.0,161.4,161.4,159.65,26000,41.51,12,24000,92.31
SHREEJISPG,EQ,07-Oct-2026,796.5,796.9,808.0,796.9,801.0,802.1,802.81,1943741,15604.62,14185,1333583,68.61
SHREEKARNI,SM,07-Oct-2026,377.0,375.0,375.0,375.0,375.0,375.0,375.0,600,2.25,4,600,100.00
SHREEOSFM,SM,07-Oct-2026,57.65,55.0,57.25,54.5,55.6,56.05,56.23,9000,5.06,9,8000,88.89
SHREEPUSHK,EQ,07-Oct-2026,510.1,505.0,521.85,505.0,519.6,517.5,515.29,50642,260.95,3078,22368,44.17
SHREERAMA,EQ,07-Oct-2026,43.53,44.0,44.99,43.0,43.55,43.36,43.62,69271,30.21,908,27206,39.27
SHREMINVIT,IV,07-Oct-2026,100.05,102.0,102.0,102.0,102.0,102.0,102.0,100000,102.0,3,100000,100.00
SHRENIK,BZ,07-Oct-2026,0.27,0.27,0.28,0.26,0.28,0.27,0.27,271106,0.74,180,-,-
SHREYANIND,EQ,07-Oct-2026,128.94,130.47,130.47,127.1,129.0,129.0,129.2,1866,2.41,40,1707,91.48
SHRIAHIMSA,SM,07-Oct-2026,426.5,426.5,430.0,421.05,430.0,430.0,427.82,5400,23.1,9,4800,88.89
SHRIKANHA,SM,07-Oct-2026,23.75,23.75,23.75,23.75,23.75,23.75,23.75,4800,1.14,3,4800,100.00
SHRIKRISH,EQ,07-Oct-2026,34.05,37.4,37.4,34.0,34.0,34.82,36.86,2195,0.81,60,1798,81.91
SHRINGARMS,EQ,07-Oct-2026,223.32,223.99,225.0,219.2,221.0,221.03,221.61,376220,833.73,6316,99997,26.58
SHRIPISTON,EQ,07-Oct-2026,4405.0,4370.0,4475.9,4359.8,4395.0,4411.6,4424.18,52243,2311.32,13490,25952,49.68
SHRIRAMFIN,EQ,07-Oct-2026,965.05,959.0,960.0,930.0,948.0,948.0,943.01,6096545,57490.96,138936,3457970,56.72
SHRIRAMPPS,EQ,07-Oct-2026,68.13,68.0,69.05,67.13,68.35,68.05,68.02,195953,133.28,2894,106564,54.38
SHRJAGP,EQ,07-Oct-2026,674.6,685.0,698.8,650.0,650.0,657.1,671.74,548,3.68,102,392,71.53
SHUBHLAXMI,SM,07-Oct-2026,16.45,16.8,17.05,16.8,17.05,17.0,16.99,4000,0.68,3,4000,100.00
SHUBHSHREE,SM,07-Oct-2026,348.0,353.55,355.1,353.55,355.1,355.1,354.33,600,2.13,2,600,100.00
SHUKRAPHAR,EQ,07-Oct-2026,72.58,73.33,74.1,67.61,69.0,68.32,70.65,7458018,5269.3,36339,2067560,27.72
SHYAMCENT,EQ,07-Oct-2026,5.03,4.9,5.0,4.9,4.99,4.98,4.98,28322,1.41,120,28295,99.90
SHYAMDHANI,SM,07-Oct-2026,54.0,53.0,54.0,51.4,54.0,54.0,52.18,24000,12.52,10,18000,75.00
SHYAMMETL,EQ,07-Oct-2026,1054.0,1061.6,1072.0,1043.7,1072.0,1067.3,1059.79,514924,5457.1,30245,211141,41.00
SHYAMTEL,EQ,07-Oct-2026,10.73,10.73,11.5,10.73,11.15,11.15,11.04,12879,1.42,56,5570,43.25
SICAGEN,EQ,07-Oct-2026,51.87,51.1,52.88,51.1,51.8,51.53,52.23,684,0.36,41,638,93.27
SICALLOG,BE,07-Oct-2026,89.33,87.54,89.89,86.8,87.55,88.3,88.59,33812,29.95,118,-,-
SIDDHIKA,SM,07-Oct-2026,206.55,206.0,208.0,206.0,208.0,208.0,207.0,1000,2.07,2,1000,100.00
SIEL,EQ,07-Oct-2026,31.0,31.99,31.99,31.31,31.5,31.5,31.8,28,0.01,10,27,96.43
SIEMENS,EQ,07-Oct-2026,3854.0,3848.0,3848.0,3772.0,3793.0,3793.0,3817.7,247482,9448.13,17179,81692,33.01
SIGACHI,EQ,07-Oct-2026,29.89,29.94,30.85,29.1,29.37,29.36,29.72,1800981,535.28,6320,763660,42.40
SIGIND,BE,07-Oct-2026,62.86,63.4,64.9,60.06,61.01,61.19,61.75,17127,10.58,127,-,-
SIGMA,EQ,07-Oct-2026,45.24,45.91,47.5,44.42,45.5,45.71,45.98,120221,55.28,2363,67438,56.10
SIGMAADV,BE,07-Oct-2026,1119.4,1109.0,1145.0,1070.0,1095.9,1091.6,1101.31,236310,2602.52,6395,-,-
SIGNATURE,EQ,07-Oct-2026,719.35,717.6,722.4,710.1,716.0,712.5,714.7,202718,1448.82,5710,14372,7.09
SIGNORIA,ST,07-Oct-2026,149.3,144.0,148.0,144.0,148.0,148.0,146.0,2000,2.92,2,2000,100.00
SIGNPOST,EQ,07-Oct-2026,262.1,260.05,273.35,258.45,266.0,267.45,265.83,64335,171.02,1935,28188,43.81
SIKA,EQ,07-Oct-2026,1029.3,1034.4,1080.0,1019.1,1079.0,1068.6,1059.5,41214,436.66,3760,19179,46.54
SIKKO,BE,07-Oct-2026,6.16,6.13,6.13,5.95,5.97,6.01,6.0,247606,14.85,476,-,-
SIL,EQ,07-Oct-2026,16.0,16.0,16.15,15.36,15.73,15.62,15.69,45067,7.07,359,32576,72.28
SILGO,EQ,07-Oct-2026,69.51,68.89,70.5,68.5,70.5,70.16,70.18,121566,85.31,320,74442,61.24
SILINV,EQ,07-Oct-2026,459.4,455.0,465.6,455.0,464.5,464.1,462.43,1814,8.39,286,1411,77.78
SILKFLEX,SM,07-Oct-2026,290.45,290.45,290.45,281.3,281.3,281.3,284.32,5000,14.22,5,3000,60.00
SILKY,SM,07-Oct-2026,69.7,73.85,73.85,68.0,68.0,68.0,69.84,9600,6.7,8,7200,75.00
SILVER,EQ,07-Oct-2026,220.17,219.0,219.98,218.19,218.65,218.35,219.03,343714,752.83,5930,130630,38.01
SILVER001,EQ,07-Oct-2026,22.31,22.31,22.31,22.02,22.13,22.03,22.14,720276,159.48,73,630609,87.55
SILVER1,EQ,07-Oct-2026,21.37,21.37,21.37,21.19,21.25,21.2,21.27,3026025,643.56,3533,1338625,44.24
SILVER360,EQ,07-Oct-2026,216.58,216.58,216.58,214.67,214.9,215.26,215.71,3199,6.9,216,1965,61.43
SILVERADD,EQ,07-Oct-2026,21.23,21.2,21.23,21.03,21.09,21.06,21.11,1385049,292.43,3188,712446,51.44
SILVERAG,EQ,07-Oct-2026,214.75,214.75,214.75,212.68,213.24,212.92,213.25,102052,217.62,1705,67635,66.28
SILVERAXIS,EQ,07-Oct-2026,219.09,219.8,219.8,217.16,217.77,217.45,218.26,60109,131.19,1870,27535,45.81
SILVERBEES,EQ,07-Oct-2026,210.7,210.03,210.48,208.81,209.39,209.02,209.63,9348467,19597.0,49860,5203569,55.66
SILVERBETA,EQ,07-Oct-2026,212.69,212.69,212.69,210.84,211.01,210.93,211.38,171833,363.21,2857,107363,62.48
SILVERBND,EQ,07-Oct-2026,221.55,222.18,222.18,218.66,219.76,219.27,219.99,1979,4.35,118,1211,61.19
SILVERCASE,EQ,07-Oct-2026,22.32,22.21,22.31,22.12,22.2,22.14,22.22,7131280,1584.73,5372,5503520,77.17
SILVERIETF,EQ,07-Oct-2026,219.99,219.59,219.69,218.02,218.3,218.21,218.93,1010939,2213.22,12086,611862,60.52
SILVERTUC,EQ,07-Oct-2026,137.68,138.0,138.69,134.5,134.55,135.11,135.64,93387,126.67,1897,41976,44.95
SIMBHALS,BZ,07-Oct-2026,7.4,7.77,7.77,7.77,7.77,7.77,7.77,8939,0.69,16,-,-
SIMCA,ST,07-Oct-2026,317.1,326.95,332.95,316.0,316.0,321.95,329.25,78600,258.79,116,76800,97.71
SIMPLEXINF,EQ,07-Oct-2026,259.13,256.62,259.39,251.0,256.0,255.77,256.24,97421,249.63,2368,55781,57.26
SIMPLXREA,EQ,07-Oct-2026,113.75,114.03,119.43,114.03,119.43,119.43,115.88,35,0.04,5,23,65.71
SINCLAIR,EQ,07-Oct-2026,75.93,74.6,75.7,73.8,75.3,75.1,74.86,49396,36.98,627,28369,57.43
SINDHUTRAD,EQ,07-Oct-2026,22.0,21.99,22.04,21.51,21.68,21.68,21.8,279761,60.98,1254,152918,54.66
SINGERIND,EQ,07-Oct-2026,74.93,75.95,78.0,75.0,77.0,77.45,76.88,148424,114.11,1359,109998,74.11
SINTERCOM,EQ,07-Oct-2026,76.93,76.93,79.09,76.01,76.05,76.83,77.79,1252,0.97,49,1057,84.42
SIRCA,EQ,07-Oct-2026,406.6,408.0,418.0,407.0,413.0,413.7,414.31,164236,680.45,3043,36593,22.28
SIS,EQ,07-Oct-2026,416.7,419.45,419.95,411.55,419.0,413.3,417.01,68801,286.91,6298,40646,59.08
SITINET,BZ,07-Oct-2026,0.25,0.26,0.26,0.24,0.25,0.24,0.25,1027060,2.57,313,-,-
SIYSIL,EQ,07-Oct-2026,553.45,553.45,559.05,547.65,550.2,554.45,553.87,21674,120.05,1836,11360,52.41
SJLOGISTIC,SM,07-Oct-2026,308.9,310.0,310.95,305.0,308.2,309.45,308.33,22250,68.6,70,16750,75.28
SJS,EQ,07-Oct-2026,1981.4,1979.3,2012.7,1954.0,1976.0,1982.6,1986.0,250455,4974.05,41664,147727,58.98
SJVN,EQ,07-Oct-2026,57.26,57.42,57.42,56.2,56.5,56.36,56.61,2057481,1164.76,19420,1063684,51.70
SKFINDIA,EQ,07-Oct-2026,1461.9,1461.9,1461.9,1420.0,1427.9,1428.9,1436.24,25808,370.66,4620,16875,65.39
SKFINDUS,EQ,07-Oct-2026,2774.6,2751.0,2771.1,2697.0,2769.1,2745.1,2748.2,57387,1577.11,16236,35625,62.08
SKIPPER,EQ,07-Oct-2026,551.5,551.0,563.15,539.2,541.3,541.35,550.33,546134,3005.52,23342,227722,41.70
SKMEGGPROD,EQ,07-Oct-2026,210.05,211.98,218.8,208.55,215.22,215.37,214.33,217480,466.12,5713,101582,46.71
SKP,SM,07-Oct-2026,170.0,164.05,175.45,164.05,165.0,171.2,168.45,25000,42.11,38,3500,14.00
SKYGOLD,EQ,07-Oct-2026,857.65,864.9,894.8,863.15,878.9,876.95,880.19,1648118,14506.6,62050,686867,41.68
SKYTECH,SM,07-Oct-2026,40.15,39.0,39.0,38.15,38.15,38.15,38.23,24000,9.18,15,22400,93.33
SKYWAYS,EQ,07-Oct-2026,113.51,115.0,116.85,113.9,115.0,114.72,115.1,1464352,1685.42,17549,409694,27.98
SLONE,SM,07-Oct-2026,157.3,155.05,162.0,145.0,145.0,149.45,156.81,18000,28.23,26,17600,97.78
SMALL250,EQ,07-Oct-2026,17.96,17.86,18.03,17.77,17.94,17.93,17.95,648384,116.4,696,513905,79.26
SMALLADD,EQ,07-Oct-2026,17.98,17.98,18.11,17.96,18.0,18.04,18.03,19696,3.55,195,15375,78.06
SMALLCAP,EQ,07-Oct-2026,48.24,49.2,49.2,47.53,48.47,48.45,48.36,1047947,506.78,2849,470463,44.89
SMALLGROWW,EQ,07-Oct-2026,48.29,48.4,48.68,48.07,48.68,48.67,48.19,5745,2.77,65,5220,90.86
SMALLIETF,EQ,07-Oct-2026,18.01,18.01,18.19,17.88,18.0,17.91,17.97,161366,28.99,118,107817,66.82
SMARTEN,SM,07-Oct-2026,53.95,54.25,55.0,52.0,52.0,53.15,52.86,18000,9.52,15,14400,80.00
SMARTLINK,BE,07-Oct-2026,221.9,214.12,229.97,214.12,229.97,227.3,226.69,4988,11.31,66,-,-
SMARTWORKS,EQ,07-Oct-2026,503.9,507.95,507.95,487.05,494.4,489.35,493.81,72760,359.3,4063,44217,60.77
SMCGLOBAL,EQ,07-Oct-2026,110.55,112.97,114.22,109.1,109.95,110.24,111.44,6234957,6948.34,39719,1300876,20.86
SML100CASE,EQ,07-Oct-2026,10.99,10.99,11.1,10.9,11.09,11.06,11.05,1414994,156.33,1274,680501,48.09
SMLMAH,EQ,07-Oct-2026,6135.5,6197.0,6199.0,6000.0,6138.0,6095.0,6082.03,45255,2752.42,7989,21804,48.18
SMLT,EQ,07-Oct-2026,74.06,73.69,77.5,70.16,72.1,73.94,73.39,39657,29.1,657,19673,49.61
SMSPHARMA,EQ,07-Oct-2026,472.2,467.95,477.0,465.05,469.55,468.85,470.22,259092,1218.3,6956,112170,43.29
SNEHAA,SM,07-Oct-2026,42.0,42.6,43.5,42.6,43.5,43.5,43.28,4000,1.73,4,4000,100.00
SNOWMAN,EQ,07-Oct-2026,34.24,33.75,35.0,33.75,34.5,34.32,34.25,136788,46.85,1499,77210,56.45
SNXT30BEES,EQ,07-Oct-2026,40.16,40.07,40.07,39.78,39.99,39.83,39.88,5999,2.39,75,4271,71.20
SNXT50BETA,EQ,07-Oct-2026,90.07,89.62,90.83,89.34,89.35,89.63,89.92,2278,2.05,76,972,42.67
SOBHA,EQ,07-Oct-2026,1190.7,1191.3,1203.1,1183.7,1198.9,1197.9,1195.05,45852,547.95,5880,18434,40.20
SOCL,SM,07-Oct-2026,29.5,28.1,29.0,28.05,29.0,28.8,28.55,17600,5.03,9,12800,72.73
SOFTTECH,EQ,07-Oct-2026,461.55,461.55,475.1,452.05,455.0,458.05,464.17,933,4.33,60,766,82.10
SOLARA,EQ,07-Oct-2026,682.65,682.0,696.0,680.15,685.0,683.7,687.61,154430,1061.88,7662,50673,32.81
SOLARINDS,EQ,07-Oct-2026,20071.0,20100.0,20150.0,19770.0,20050.0,20050.0,20026.64,158117,31665.53,36928,66968,42.35
SOLARWORLD,EQ,07-Oct-2026,130.39,131.0,134.48,128.51,131.29,131.25,131.65,268163,353.05,4502,117723,43.90
SOLEX,EQ,07-Oct-2026,690.85,697.7,700.0,651.6,675.0,670.15,681.87,81896,558.43,5268,30330,37.03
SOMANYCERA,EQ,07-Oct-2026,625.0,623.15,623.4,611.1,622.4,621.15,618.17,53562,331.11,3306,34950,65.25
SOMATEX,EQ,07-Oct-2026,79.09,82.8,82.8,79.3,81.88,80.95,80.68,6475,5.22,132,5112,78.95
SOMICONVEY,EQ,07-Oct-2026,84.05,84.0,85.97,83.0,83.84,83.37,83.72,4092,3.43,118,3255,79.55
SONA,BE,07-Oct-2026,94.08,95.88,98.78,94.55,98.78,98.78,98.04,93761,91.92,830,-,-
SONACOMS,EQ,07-Oct-2026,820.0,819.45,826.05,809.1,810.5,810.5,819.44,1762964,14446.5,70390,894782,50.75
SONAL,EQ,07-Oct-2026,83.19,83.2,83.21,80.05,80.05,80.46,81.91,456,0.37,30,447,98.03
SONAMAC,SM,07-Oct-2026,31.55,32.0,32.0,31.0,31.0,31.0,31.67,3000,0.95,3,3000,100.00
SONAMLTD,BE,07-Oct-2026,71.55,72.44,72.9,69.5,70.85,70.15,70.73,107503,76.03,365,-,-
SONATSOFTW,EQ,07-Oct-2026,252.05,252.0,252.85,246.5,248.9,248.1,249.3,451388,1125.31,12015,151038,33.46
SONUINFRA,SM,07-Oct-2026,41.4,41.4,41.4,39.5,41.0,41.0,40.96,10500,4.3,5,9000,85.71
SOTL,EQ,07-Oct-2026,775.5,776.95,807.2,764.45,802.0,803.8,791.88,583613,4621.53,35412,213708,36.62
SOUTHBANK,EQ,07-Oct-2026,47.23,47.0,47.8,46.11,47.4,47.47,47.08,16144912,7601.32,50731,7610839,47.14
SOUTHWEST,EQ,07-Oct-2026,199.72,200.0,200.0,191.8,194.45,193.95,195.55,50103,97.98,1712,22353,44.61
SPAL,EQ,07-Oct-2026,949.65,964.0,969.95,941.1,955.8,960.3,956.18,20423,195.28,2952,8641,42.31
SPANDANA,EQ,07-Oct-2026,218.12,216.6,222.0,213.5,218.0,218.19,218.89,83177,182.07,3096,34554,41.54
SPARC,EQ,07-Oct-2026,196.89,196.0,201.49,192.75,197.0,196.79,196.95,1072170,2111.6,15307,304465,28.40
SPCENET,EQ,07-Oct-2026,3.31,3.31,3.6,3.25,3.36,3.33,3.37,595175,20.06,441,449186,75.47
SPCL,SM,07-Oct-2026,60.75,61.5,61.5,60.2,60.2,60.3,60.79,4800,2.92,8,4800,100.00
SPCON,SM,07-Oct-2026,182.0,180.0,180.0,180.0,180.0,180.0,180.0,1200,2.16,1,1200,100.00
SPECIALITY,BE,07-Oct-2026,156.32,154.32,156.9,151.2,154.6,152.4,153.84,16233,24.97,108,-,-
SPECTRAA,ST,07-Oct-2026,259.6,272.55,272.55,266.0,272.55,272.55,272.22,141600,385.46,89,127200,89.83
SPECTRUM,BE,07-Oct-2026,3915.9,3918.0,3988.0,3750.0,3900.0,3903.7,3911.63,5497,215.02,859,-,-
SPECTSTM,SM,07-Oct-2026,60.4,60.1,61.65,60.1,60.1,60.1,60.62,2400,1.45,3,1600,66.67
SPENCERS,EQ,07-Oct-2026,28.3,28.3,29.7,27.3,27.85,27.87,28.63,89839,25.72,797,51030,56.80
SPIC,EQ,07-Oct-2026,63.05,63.25,63.79,62.56,62.95,63.06,63.07,186038,117.33,1998,86841,46.68
SPLIL,EQ,07-Oct-2026,29.49,29.6,29.62,28.76,29.05,29.05,29.23,3456,1.01,65,3119,90.25
SPLPETRO,EQ,07-Oct-2026,819.6,817.25,826.85,804.35,806.0,806.65,814.77,88589,721.8,7553,38318,43.25
SPMLINFRA,EQ,07-Oct-2026,162.63,162.25,162.33,159.1,159.1,160.02,160.5,79572,127.71,1610,43676,54.89
SPORTKING,EQ,07-Oct-2026,202.8,203.21,205.9,199.43,202.0,201.71,201.88,167019,337.18,4865,85056,50.93
SPPPOLY,SM,07-Oct-2026,12.4,12.4,12.4,11.8,11.8,11.8,11.96,8000,0.96,4,8000,100.00
SPUNWEB,SM,07-Oct-2026,114.7,117.95,119.9,110.85,118.55,118.55,118.04,22800,26.91,19,20400,89.47
SRD,EQ,07-Oct-2026,38.29,38.48,38.48,37.6,38.3,37.81,37.96,9969,3.78,206,8590,86.17
SREEL,BE,07-Oct-2026,286.85,291.0,297.4,285.1,287.1,287.35,288.16,6147,17.71,80,-,-
SRF,EQ,07-Oct-2026,2470.0,2475.0,2475.0,2434.9,2460.0,2460.0,2457.26,200571,4928.55,21168,131363,65.49
SRGHFL,EQ,07-Oct-2026,122.55,120.0,128.67,120.0,126.75,126.61,125.31,31389,39.33,1118,21401,68.18
SRHHYPOLTD,EQ,07-Oct-2026,548.65,552.45,558.9,545.0,545.2,549.15,551.54,11610,64.03,1269,5802,49.97
SRIKPRIND,BE,07-Oct-2026,25.23,26.48,26.49,24.53,26.0,26.0,26.01,1379,0.36,103,-,-
SRIT,BE,07-Oct-2026,155.09,153.0,153.0,147.34,147.34,147.34,150.23,785081,1179.41,5558,-,-
SRIVASAVI,ST,07-Oct-2026,81.25,81.25,85.3,79.1,85.3,85.15,83.43,19000,15.85,17,17000,89.47
SRM,EQ,07-Oct-2026,418.45,418.45,423.0,413.6,421.0,421.45,419.46,28711,120.43,1256,14410,50.19
SRTL,EQ,07-Oct-2026,36.67,36.77,38.0,36.67,37.36,37.74,37.48,21134,7.92,281,14282,67.58
SSDL,EQ,07-Oct-2026,68.57,69.29,69.99,65.51,66.3,66.2,67.9,88459,60.07,2049,44595,50.41
SSEGL,SM,07-Oct-2026,397.0,401.2,401.2,380.0,389.0,388.3,390.54,42800,167.15,172,26400,61.68
SSFL,ST,07-Oct-2026,275.3,267.6,289.05,267.6,289.05,289.05,282.81,9500,26.87,18,8500,89.47
SSRETAIL,EQ,07-Oct-2026,712.75,712.75,734.4,710.1,716.0,720.3,723.39,6037276,43673.1,154343,727993,12.06
SSWL,EQ,07-Oct-2026,424.7,427.0,432.25,416.2,425.5,424.2,424.66,845591,3590.91,26284,305563,36.14
STALLION,BE,07-Oct-2026,225.72,226.35,229.95,220.0,228.0,227.81,224.32,303243,680.23,1952,-,-
STANLEY,EQ,07-Oct-2026,136.54,136.54,137.95,134.13,134.51,135.0,135.46,100560,136.21,1095,66251,65.88
STAR,EQ,07-Oct-2026,1088.7,1085.1,1109.0,1076.7,1104.6,1100.6,1098.16,202258,2221.12,22765,110081,54.43
STARCEMENT,EQ,07-Oct-2026,176.41,175.13,177.0,174.5,174.61,174.88,175.41,61630,108.1,2413,35083,56.93
STARHEALTH,EQ,07-Oct-2026,550.55,552.0,557.8,545.75,555.15,553.85,553.91,231180,1280.53,22670,139972,60.55
STARPAPER,EQ,07-Oct-2026,154.14,154.98,154.99,150.65,153.78,151.5,152.4,2332,3.55,97,1565,67.11
STARTECK,EQ,07-Oct-2026,272.5,271.9,278.75,267.0,275.0,273.7,269.23,1371,3.69,71,844,61.56
STCINDIA,EQ,07-Oct-2026,105.86,106.38,106.38,104.23,104.31,104.5,104.96,10396,10.91,397,7103,68.32
STEAMHOUSE,EQ,07-Oct-2026,118.42,119.85,126.8,117.0,124.9,125.17,121.98,22137870,27003.19,134933,5778842,26.10
STEELCAS,EQ,07-Oct-2026,369.6,369.6,380.0,368.85,373.5,373.3,374.51,147905,553.92,5533,70397,47.60
STEELCITY,EQ,07-Oct-2026,82.72,82.0,82.98,80.16,81.21,81.54,81.29,2134,1.73,86,1769,82.90
STEELXIND,EQ,07-Oct-2026,11.46,11.49,11.52,10.45,10.87,10.9,10.84,9407776,1019.88,9541,4036153,42.90
STEL,EQ,07-Oct-2026,575.95,584.8,585.0,565.5,569.65,568.6,572.94,1840,10.54,209,1367,74.29
STERTOOLS,EQ,07-Oct-2026,218.45,218.45,221.89,218.0,220.9,218.79,219.73,12744,28.0,405,7009,55.00
STLNETWORK,EQ,07-Oct-2026,47.08,48.54,49.43,48.2,49.43,49.43,49.09,2388042,1172.33,1337,1831481,76.69
STLSTRINF,EQ,07-Oct-2026,21.75,22.8,22.94,21.75,22.5,22.5,22.58,1738,0.39,33,1724,99.19
STLTECH,BE,07-Oct-2026,1016.7,1014.0,1043.6,989.0,1020.0,1016.8,1017.43,1206624,12276.55,39357,-,-
STOVEKRAFT,EQ,07-Oct-2026,813.45,813.5,829.0,803.95,811.9,817.35,815.33,146813,1197.02,7861,75921,51.71
STRIDERS,SM,07-Oct-2026,50.15,53.0,53.1,49.5,50.0,50.0,50.48,89600,45.23,20,68800,76.79
STUDDS,EQ,07-Oct-2026,407.05,402.6,425.0,400.1,417.6,420.45,415.58,66382,275.87,3212,34778,52.39
STUDIOLSD,SM,07-Oct-2026,8.5,8.55,8.55,8.5,8.55,8.55,8.54,12000,1.03,5,12000,100.00
STYL,EQ,07-Oct-2026,369.7,364.15,374.45,364.15,370.0,369.7,370.8,34514,127.98,1700,18190,52.70
STYLAMIND,EQ,07-Oct-2026,3303.5,3303.5,3370.0,3282.8,3335.8,3351.6,3340.25,20834,695.91,5474,10506,50.43
STYLEBAAZA,EQ,07-Oct-2026,375.45,375.0,388.5,371.55,379.6,379.9,383.89,1166930,4479.69,12956,571735,48.99
STYRENIX,EQ,07-Oct-2026,2042.9,2030.0,2045.0,1990.0,1990.0,2001.3,2011.69,27957,562.41,2918,17959,64.24
SUBAHOTELS,SM,07-Oct-2026,88.5,87.2,93.85,87.2,92.55,92.4,90.18,27600,24.89,20,25200,91.30
SUBEXLTD,EQ,07-Oct-2026,19.59,19.58,19.58,19.01,19.15,19.15,19.29,3615891,697.63,6183,1603307,44.34
SUBROS,EQ,07-Oct-2026,682.95,679.0,682.9,672.55,674.15,675.5,677.12,16311,110.45,1737,9298,57.00
SUDARCOLOR,EQ,07-Oct-2026,368.3,377.0,377.0,362.5,362.6,364.55,366.66,6417,23.53,259,5643,87.94
SUDARSCHEM,EQ,07-Oct-2026,1238.6,1244.0,1302.8,1213.0,1224.0,1226.6,1254.44,637859,8001.59,41708,246195,38.60
SUDEEPPHRM,EQ,07-Oct-2026,1158.4,1148.0,1180.0,1118.6,1175.0,1170.4,1150.23,204466,2351.82,13936,94850,46.39
SUKHJITS,EQ,07-Oct-2026,147.84,149.75,152.78,148.57,150.11,149.56,150.26,7332,11.02,228,4791,65.34
SULA,EQ,07-Oct-2026,134.01,134.83,135.0,132.5,133.5,133.41,133.31,105581,140.75,2686,45393,42.99
SUMAX,SM,07-Oct-2026,100.5,100.0,109.4,99.1,105.85,105.35,105.08,144000,151.31,92,96000,66.67
SUMEDHA,EQ,07-Oct-2026,43.45,43.0,44.95,42.01,43.05,43.05,42.89,1640,0.7,43,546,33.29
SUMEETINDS,EQ,07-Oct-2026,11.43,12.0,12.0,12.0,12.0,12.0,12.0,927372,111.28,351,636071,68.59
SUMICHEM,EQ,07-Oct-2026,418.05,416.0,426.85,416.0,421.9,421.95,422.5,221961,937.79,13485,72972,32.88
SUMIT,EQ,07-Oct-2026,51.88,52.98,52.98,50.02,50.05,50.48,50.57,22368,11.31,148,17914,80.09
SUMMITSEC,EQ,07-Oct-2026,1321.0,1330.0,1336.9,1305.0,1325.0,1320.4,1322.55,979,12.95,219,454,46.37
SUNCLAY,EQ,07-Oct-2026,1152.8,1152.9,1152.9,1130.0,1130.0,1131.8,1137.15,6000,68.23,1195,4370,72.83
SUNDARAM,EQ,07-Oct-2026,1.09,1.1,1.1,1.07,1.08,1.07,1.08,173216,1.87,168,154683,89.30
SUNDARMFIN,EQ,07-Oct-2026,4347.8,4377.0,4377.0,4280.0,4328.2,4301.2,4300.57,27263,1172.46,6941,16681,61.19
SUNDRMBRAK,EQ,07-Oct-2026,680.1,675.1,690.0,666.0,666.05,667.05,671.71,1279,8.59,127,1075,84.05
SUNDRMFAST,EQ,07-Oct-2026,1140.3,1134.0,1165.9,1120.1,1126.0,1127.0,1139.45,163076,1858.17,19222,69220,42.45
SUNDROP,EQ,07-Oct-2026,746.8,754.4,755.95,745.0,745.0,745.9,748.56,6576,49.23,534,4006,60.92
SUNFLAG,EQ,07-Oct-2026,459.05,460.05,479.1,455.0,478.0,474.4,470.37,829970,3903.96,14172,496297,59.80
SUNLITE,SM,07-Oct-2026,643.8,621.0,679.0,621.0,679.0,671.15,656.05,19800,129.9,66,14700,74.24
SUNLOC,EQ,07-Oct-2026,68.0,70.0,70.0,70.0,70.0,70.0,70.0,4,0.0,1,4,100.00
SUNPHARMA,EQ,07-Oct-2026,1804.1,1797.1,1804.2,1772.1,1781.0,1781.0,1782.17,1150689,20507.19,80814,843233,73.28
SUNRAKSHAK,EQ,07-Oct-2026,356.75,359.25,361.3,355.0,361.25,356.9,357.09,1331,4.75,136,1018,76.48
SUNSHIEL,EQ,07-Oct-2026,1047.4,1075.0,1109.0,1062.7,1104.0,1103.5,1088.64,863,9.39,217,622,72.07
SUNSHINE,EQ,07-Oct-2026,447.2,450.7,460.15,448.0,449.0,448.9,452.06,346574,1566.72,5435,166050,47.91
SUNTECH,SM,07-Oct-2026,37.25,36.45,36.75,36.45,36.75,36.75,36.6,3200,1.17,2,3200,100.00
SUNTECK,EQ,07-Oct-2026,279.6,278.85,280.3,276.6,277.1,278.15,278.19,31359,87.24,1575,17055,54.39
SUNTV,EQ,07-Oct-2026,632.1,633.35,646.8,631.1,637.05,636.5,638.07,1153473,7360.0,27941,243483,21.11
SUPERHOUSE,EQ,07-Oct-2026,155.27,158.0,158.0,152.0,155.95,154.93,154.97,2011,3.12,121,1476,73.40
SUPERSPIN,BE,07-Oct-2026,7.14,7.19,7.19,7.01,7.17,7.04,7.03,9140,0.64,17,-,-
SUPRAJIT,EQ,07-Oct-2026,471.2,469.8,470.0,462.25,462.3,465.15,466.17,43978,205.01,3326,28942,65.81
SUPREME,EQ,07-Oct-2026,30.27,31.35,31.35,29.54,29.85,29.98,30.27,8982,2.72,615,2752,30.64
SUPREMEENG,BZ,07-Oct-2026,4.4,4.48,4.48,4.48,4.48,4.48,4.48,237753,10.65,89,-,-
SUPREMEIND,EQ,07-Oct-2026,3497.9,3500.0,3631.8,3475.5,3550.0,3550.0,3584.72,381975,13692.73,43701,135120,35.37
SUPREMEINF,EQ,07-Oct-2026,61.4,64.45,64.45,53.51,56.2,54.67,57.31,415360,238.04,2849,286773,69.04
SUPREMEPWR,SM,07-Oct-2026,239.45,240.95,265.0,238.0,260.0,260.05,252.28,305500,770.72,520,172500,56.46
SUPRIYA,EQ,07-Oct-2026,915.35,923.25,923.25,887.0,891.0,889.25,897.97,167121,1500.7,11215,81231,48.61
SUPTANERY,BE,07-Oct-2026,8.07,8.37,8.47,8.26,8.47,8.47,8.44,66075,5.58,150,-,-
SURAJEST,EQ,07-Oct-2026,205.53,206.87,212.5,201.05,206.0,208.26,204.84,71351,146.16,1551,29895,41.90
SURAJLTD,EQ,07-Oct-2026,187.4,182.01,186.9,180.01,184.67,181.7,181.77,1170,2.13,27,850,72.65
SURAKSHA,EQ,07-Oct-2026,332.0,332.0,334.2,320.0,320.15,321.7,324.93,42345,137.59,2090,21420,50.58
SURANASOL,EQ,07-Oct-2026,23.67,23.67,24.9,23.56,24.05,24.36,24.01,23472,5.64,316,16804,71.59
SURANAT&P,EQ,07-Oct-2026,15.76,15.76,16.1,15.62,15.7,15.76,15.8,11832,1.87,172,7751,65.51
SURANI,SM,07-Oct-2026,144.05,158.45,158.45,145.0,158.45,158.45,157.9,140800,222.32,203,110000,78.13
SURYALA,EQ,07-Oct-2026,376.3,377.0,381.5,376.25,376.25,376.25,376.31,406,1.53,16,349,85.96
SURYALAXMI,EQ,07-Oct-2026,57.0,57.28,58.0,56.14,56.56,56.64,56.64,478,0.27,30,464,97.07
SURYAROSNI,EQ,07-Oct-2026,221.35,221.0,221.59,218.01,218.05,218.34,219.32,273102,598.96,4587,179920,65.88
SURYODAY,EQ,07-Oct-2026,151.47,149.64,156.74,149.64,155.9,155.54,154.67,489416,756.96,7753,251417,51.37
SUTLEJTEX,EQ,07-Oct-2026,37.04,37.05,37.45,36.15,36.25,36.57,36.7,15927,5.85,135,13760,86.39
SUVEN,EQ,07-Oct-2026,309.15,309.0,316.9,305.0,305.55,305.55,309.64,311351,964.07,9742,152548,49.00
SUVIDHAA,EQ,07-Oct-2026,2.07,2.08,2.11,2.05,2.11,2.1,2.1,63248,1.33,163,51578,81.55
SUYOG,EQ,07-Oct-2026,667.25,667.75,689.95,652.1,664.0,672.85,671.54,16252,109.14,1595,9891,60.86
SUZLON,EQ,07-Oct-2026,39.16,39.16,39.19,38.2,38.34,38.34,38.63,73531474,28408.63,109231,35717454,48.57
SVGLOBAL,EQ,07-Oct-2026,140.92,135.0,140.0,135.0,139.0,138.95,138.05,1283,1.77,48,859,66.95
SVLL,EQ,07-Oct-2026,835.6,831.0,834.4,811.0,829.95,824.9,823.61,251,2.07,33,191,76.10
SVPGLOB,EQ,07-Oct-2026,3.11,3.15,3.15,2.98,3.04,3.0,3.01,30415,0.91,86,20665,67.94
SWANCORP,EQ,07-Oct-2026,268.85,268.1,284.0,268.1,269.1,271.85,275.39,1528441,4209.24,37592,357607,23.40
SWANDEF,BE,07-Oct-2026,2760.2,2759.7,2774.9,2660.0,2739.6,2759.4,2747.37,15248,418.92,816,-,-
SWARAJ,BE,07-Oct-2026,354.7,350.0,365.0,341.0,365.0,362.0,351.84,60243,211.96,198,-,-
SWARAJENG,EQ,07-Oct-2026,3537.8,3565.0,3566.9,3516.6,3550.0,3546.1,3538.39,10449,369.73,2383,5291,50.64
SWARNSAR,EQ,07-Oct-2026,40.62,40.62,41.61,39.56,40.0,40.01,40.41,7872,3.18,36,5121,65.05
SWASTIK,ST,07-Oct-2026,18.05,17.5,18.3,17.5,18.3,18.3,17.9,2400,0.43,2,2400,100.00
SWASTIKAIN,BE,07-Oct-2026,200.13,209.8,210.13,202.0,210.13,210.13,208.98,273452,571.45,2398,-,-
SWELECTES,EQ,07-Oct-2026,613.8,617.5,619.35,597.0,611.0,608.8,606.4,24148,146.43,1336,11742,48.63
SWIGGY,EQ,07-Oct-2026,244.2,244.0,253.6,242.6,246.0,246.0,248.93,16172713,40258.73,94945,5082003,31.42
SWISSMLTRY,BE,07-Oct-2026,14.07,14.35,14.4,13.96,14.12,14.19,14.22,50677,7.21,213,-,-
SWSOLAR,EQ,07-Oct-2026,172.54,172.54,173.55,167.45,168.2,168.11,169.86,833681,1416.07,10974,307849,36.93
SYLVANPLY,SM,07-Oct-2026,52.0,50.1,50.1,49.4,50.0,50.0,49.54,18000,8.92,6,16000,88.89
SYMBIOTEC,EQ,07-Oct-2026,1149.5,1149.4,1165.0,1122.2,1128.0,1135.6,1146.96,492318,5646.69,32122,168764,34.28
SYMPHONY,EQ,07-Oct-2026,556.95,557.0,565.65,553.0,562.0,558.1,558.26,46171,257.76,4313,23529,50.96
SYNCOMF,EQ,07-Oct-2026,23.22,23.29,25.49,22.9,25.0,24.94,24.84,40584346,10081.93,92757,8540635,21.04
SYNGENE,EQ,07-Oct-2026,363.2,362.0,362.0,357.8,361.9,360.3,359.81,414606,1491.81,13109,264927,63.90
SYNOPTICS,SM,07-Oct-2026,50.85,48.35,48.35,48.35,48.35,48.35,48.35,1200,0.58,2,600,50.00
SYRMA,EQ,07-Oct-2026,1685.1,1690.7,1769.5,1690.7,1750.0,1746.7,1744.5,1814188,31648.49,83105,528118,29.11
SYSTANGO,SM,07-Oct-2026,219.2,219.25,223.05,215.45,218.65,218.65,218.73,21600,47.25,46,13200,61.11
SYSTMTXC,BE,07-Oct-2026,73.05,73.05,73.05,71.59,72.69,72.69,72.37,11387,8.24,29,-,-
TAALTECH,EQ,07-Oct-2026,1093.4,1110.6,1130.0,1070.5,1098.0,1087.9,1096.31,128291,1406.47,12818,24022,18.72
TAC,ST,07-Oct-2026,409.2,408.9,427.9,398.0,420.0,424.0,411.72,42600,175.39,196,34800,81.69
TAINWALCHM,EQ,07-Oct-2026,201.12,205.0,205.0,196.56,198.02,200.4,198.36,488,0.97,28,422,86.48
TAJGVK,EQ,07-Oct-2026,318.3,321.0,329.0,317.5,319.0,320.45,322.74,67467,217.75,2954,22452,33.28
TAKE,EQ,07-Oct-2026,11.55,11.89,12.12,11.54,12.12,12.12,11.99,269087,32.27,539,198370,73.72
TALBROAUTO,EQ,07-Oct-2026,429.45,430.05,432.35,412.25,417.15,417.05,418.24,181320,758.36,6496,78947,43.54
TAMBOLIIN,BE,07-Oct-2026,300.35,308.0,308.0,295.0,295.0,295.0,307.01,17201,52.81,24,-,-
TANAA,EQ,07-Oct-2026,309.3,310.85,363.0,308.0,349.0,349.25,346.45,447847,1551.57,20079,88395,19.74
TANKUP,ST,07-Oct-2026,1787.7,1823.45,1823.45,1810.0,1823.45,1823.45,1823.22,21500,391.99,11,21250,98.84
TANLA,EQ,07-Oct-2026,492.15,491.0,501.6,488.0,493.95,494.55,495.99,309236,1533.77,11762,119017,38.49
TARACHAND,EQ,07-Oct-2026,46.42,46.23,47.35,46.23,46.23,46.26,46.47,48497,22.53,1414,25985,53.58
TARAPUR,EQ,07-Oct-2026,11.61,11.61,12.25,11.08,11.64,11.52,11.64,32875,3.83,323,19648,59.77
TARC,EQ,07-Oct-2026,124.1,124.1,124.39,121.23,121.7,122.24,122.45,240407,294.37,2443,149203,62.06
TARIL,EQ,07-Oct-2026,283.65,283.95,294.15,278.35,289.95,289.15,289.26,3041176,8796.85,50162,777089,25.55
TARMAT,EQ,07-Oct-2026,56.79,56.82,58.78,56.0,56.94,56.78,57.35,18146,10.41,222,10807,59.56
TARSONS,EQ,07-Oct-2026,331.65,333.45,352.45,331.25,340.75,341.7,344.41,230964,795.47,7892,67484,29.22
TASTYBITE,EQ,07-Oct-2026,9413.0,9450.0,9464.5,9328.5,9420.0,9373.0,9389.43,402,37.75,264,208,51.74
TATACAP,EQ,07-Oct-2026,322.1,322.9,322.9,317.3,320.2,320.55,319.89,1129597,3613.46,29873,760328,67.31
TATACHEM,EQ,07-Oct-2026,616.55,618.8,618.8,608.8,610.0,609.8,612.84,451020,2764.02,11827,190747,42.29
TATACOMM,EQ,07-Oct-2026,1681.8,1672.2,1688.0,1622.0,1657.0,1659.6,1661.97,612618,10181.53,41962,454190,74.14
TATACONSUM,EQ,07-Oct-2026,976.0,968.0,972.4,962.75,968.5,968.5,968.88,532061,5155.03,39148,329487,61.93
TATAELXSI,EQ,07-Oct-2026,3093.0,3100.0,3134.0,3077.3,3082.5,3082.5,3098.95,178378,5527.85,22534,75354,42.24
TATAGOLD,EQ,07-Oct-2026,14.28,14.28,14.29,14.23,14.24,14.23,14.25,34413035,4904.97,50580,18876196,54.85
TATAINVEST,EQ,07-Oct-2026,624.15,624.15,625.95,613.7,615.0,615.3,617.72,221891,1370.67,10035,104065,46.90
TATAPOWER,EQ,07-Oct-2026,351.65,350.9,350.9,341.0,345.15,345.15,345.19,5227497,18044.97,67613,2189097,41.88
TATASTEEL,EQ,07-Oct-2026,178.69,177.79,178.25,174.6,175.64,175.64,176.06,18846203,33180.61,125202,9343295,49.58
TATATECH,EQ,07-Oct-2026,703.1,702.5,706.85,695.0,697.75,697.6,700.71,297761,2086.43,24215,132730,44.58
TATSILV,EQ,07-Oct-2026,21.4,21.35,21.4,21.2,21.27,21.21,21.28,35402176,7533.14,34276,22202767,62.72
TATVA,EQ,07-Oct-2026,1877.4,1880.2,2000.0,1866.7,1999.8,1991.2,1953.88,278517,5441.89,25287,98402,35.33
TAURIAN,ST,07-Oct-2026,645.5,660.0,666.95,655.0,655.0,655.5,659.55,12800,84.42,16,11200,87.50
TBI,SM,07-Oct-2026,73.2,71.0,76.0,71.0,74.0,74.0,73.95,42000,31.06,46,34800,82.86
TBOTEK,EQ,07-Oct-2026,1693.2,1682.0,1772.5,1676.4,1700.0,1704.5,1721.52,1938711,33375.38,75717,1011620,52.18
TBZ,BE,07-Oct-2026,608.85,591.0,618.0,588.0,597.0,594.25,600.14,130826,785.14,2244,-,-
TCC,EQ,07-Oct-2026,47.09,46.89,47.51,45.65,46.5,46.1,46.13,360773,166.42,3154,148671,41.21
TCI,EQ,07-Oct-2026,888.0,890.0,897.95,882.9,884.0,885.6,888.83,69647,619.04,5106,42492,61.01
TCIEXP,EQ,07-Oct-2026,501.4,500.7,509.5,495.0,499.0,499.75,501.79,25483,127.87,1557,9352,36.70
TCIFINANCE,EQ,07-Oct-2026,14.16,14.49,14.49,14.1,14.25,14.21,14.22,7931,1.13,67,6212,78.33
TCL,SM,07-Oct-2026,137.45,132.7,139.0,132.7,133.95,133.95,135.86,146400,198.9,56,131200,89.62
TCPLPACK,EQ,07-Oct-2026,4007.9,4023.0,4055.0,3967.0,4055.0,4031.5,4013.05,3112,124.89,814,1423,45.73
TCS,EQ,07-Oct-2026,2100.0,2085.2,2105.0,2076.0,2080.3,2080.3,2088.89,1349758,28194.9,62070,519737,38.51
TDPOWERSYS,EQ,07-Oct-2026,816.0,818.0,834.7,805.15,820.0,821.1,817.73,2690340,21999.82,94487,1168589,43.44
TEAMGTY,EQ,07-Oct-2026,235.02,235.02,240.9,235.02,238.95,238.95,239.14,206,0.49,12,105,50.97
TEAMLEASE,EQ,07-Oct-2026,1130.3,1130.0,1139.5,1093.0,1104.8,1101.0,1106.64,19351,214.15,3408,11041,57.06
TEAMTECH,ST,07-Oct-2026,151.8,148.0,150.0,144.25,146.1,146.3,145.36,78000,113.38,37,70000,89.74
TECH,EQ,07-Oct-2026,30.71,30.5,31.06,30.42,30.52,30.48,30.55,12303,3.76,114,6642,53.99
TECHD,SM,07-Oct-2026,529.8,520.0,539.0,520.0,529.7,525.95,527.94,32100,169.47,100,21300,66.36
TECHERA,SM,07-Oct-2026,153.3,153.95,158.95,151.5,155.35,155.5,155.88,72800,113.48,82,50400,69.23
TECHLABS,SM,07-Oct-2026,113.25,114.95,114.95,110.0,112.4,111.85,111.21,12250,13.62,66,9500,77.55
TECHM,EQ,07-Oct-2026,1504.5,1504.0,1513.0,1486.2,1491.1,1491.1,1498.02,1254257,18788.99,54229,625489,49.87
TECHNOCRAF,EQ,07-Oct-2026,467.25,469.0,488.65,467.25,486.5,486.4,480.61,876756,4213.75,20444,427621,48.77
TECHNOE,EQ,07-Oct-2026,996.2,996.7,999.1,980.5,989.0,988.3,988.93,69665,688.94,8396,31244,44.85
TECHNVISN,EQ,07-Oct-2026,4012.9,4211.9,4213.5,4080.1,4213.5,4213.5,4208.14,581,24.45,83,532,91.57
TECILCHEM,EQ,07-Oct-2026,9.24,9.78,9.85,9.33,9.82,9.4,9.68,24062,2.33,61,21999,91.43
TEGA,EQ,07-Oct-2026,2092.5,2108.2,2167.3,2085.5,2125.4,2123.6,2133.17,488724,10425.32,40850,183552,37.56
TEJA,SM,07-Oct-2026,212.05,215.0,218.0,215.0,218.0,218.0,216.0,1800,3.89,3,1200,66.67
TEJASCARGO,SM,07-Oct-2026,404.0,410.0,410.0,410.0,410.0,410.0,410.0,400,1.64,1,400,100.00
TEJASNET,EQ,07-Oct-2026,475.85,473.0,477.45,465.0,466.2,466.7,470.07,1065621,5009.15,31147,315531,29.61
TEMBO,EQ,07-Oct-2026,58.25,58.25,58.25,55.35,56.01,56.42,57.08,1221774,697.4,6810,616945,50.50
TEMPSENS,EQ,07-Oct-2026,515.5,515.7,603.0,514.9,571.0,578.0,571.24,9435714,53900.73,196507,1440708,15.27
TENNIND,EQ,07-Oct-2026,494.15,494.15,496.0,479.15,481.0,480.4,483.22,556746,2690.3,23494,390505,70.14
TERAI,EQ,07-Oct-2026,120.0,122.0,122.0,100.3,110.2,113.5,110.64,337,0.37,34,201,59.64
TERASOFT,EQ,07-Oct-2026,237.77,238.0,242.68,224.61,225.11,226.04,228.64,32809,75.02,1296,19869,60.56
TEXINFRA,EQ,07-Oct-2026,125.42,127.0,127.0,120.2,121.33,121.24,122.57,149902,183.74,2159,74744,49.86
TEXMOPIPES,EQ,07-Oct-2026,53.8,54.0,54.5,52.23,52.78,52.58,53.5,93443,50.0,1414,54105,57.90
TEXRAIL,EQ,07-Oct-2026,117.38,117.45,117.7,113.7,115.0,114.74,115.67,2010213,2325.28,17674,863827,42.97
TFCILTD,EQ,07-Oct-2026,140.65,141.29,154.0,141.26,152.68,152.24,150.15,19824302,29765.9,93150,5486913,27.68
TFL,EQ,07-Oct-2026,11.99,11.99,12.21,11.65,12.2,12.16,12.14,3999,0.49,51,2794,69.87
TGBHOTELS,EQ,07-Oct-2026,9.37,9.7,9.7,9.35,9.4,9.4,9.52,3766,0.36,45,2976,79.02
TGL,ST,07-Oct-2026,13.2,13.2,13.45,12.95,12.95,12.95,13.22,20200,2.67,60,19600,97.03
TGVSL,EQ,07-Oct-2026,125.48,125.49,127.0,123.0,127.0,126.26,125.47,482160,604.98,6179,287383,59.60
THACKER,EQ,07-Oct-2026,939.65,939.65,1000.0,939.65,980.0,980.0,984.71,39,0.38,6,39,100.00
THAKDEV,EQ,07-Oct-2026,135.06,134.39,134.39,134.39,134.39,134.39,134.39,2,0.0,2,2,100.00
THANGAMAYL,EQ,07-Oct-2026,4758.5,4758.5,4870.0,4666.0,4818.0,4803.0,4808.11,51777,2489.5,13152,20230,39.07
THEINVEST,EQ,07-Oct-2026,90.81,91.26,92.63,89.9,92.5,90.2,90.63,4177,3.79,118,3252,77.85
THEJO,EQ,07-Oct-2026,2098.9,2074.2,2120.0,2074.2,2098.0,2100.4,2099.24,3998,83.93,451,2634,65.88
THELEELA,EQ,07-Oct-2026,582.7,580.0,607.25,576.5,603.0,602.45,597.16,627331,3746.16,47612,263403,41.99
THEMISMED,EQ,07-Oct-2026,113.49,114.05,117.98,113.4,114.35,115.47,115.68,77738,89.93,1586,29582,38.05
THERMAX,EQ,07-Oct-2026,3225.1,3262.0,3277.2,3200.0,3229.2,3230.4,3246.6,103486,3359.78,22726,46483,44.92
THESL,ST,07-Oct-2026,14.8,15.5,15.5,15.5,15.5,15.5,15.5,3000,0.47,1,3000,100.00
THOMASCOOK,EQ,07-Oct-2026,101.09,100.8,101.61,99.89,100.6,100.54,100.59,327879,329.81,4835,158050,48.20
THOMASCOTT,EQ,07-Oct-2026,280.8,281.65,287.65,272.5,280.0,278.85,280.94,29314,82.35,973,16913,57.70
THYROCARE,EQ,07-Oct-2026,529.8,532.4,532.4,510.5,513.4,513.05,515.92,315757,1629.05,30020,170353,53.95
TI,EQ,07-Oct-2026,547.8,543.1,563.15,542.6,550.8,551.55,554.01,1058902,5866.45,41115,512598,48.41
TICL,BE,07-Oct-2026,8.57,8.99,8.99,8.99,8.99,8.99,8.99,37230,3.35,21,-,-
TIGERLOGS,EQ,07-Oct-2026,25.86,25.99,26.3,25.11,26.18,26.17,25.95,52827,13.71,682,36687,69.45
TIIL,EQ,07-Oct-2026,2819.1,2825.5,2825.5,2688.1,2713.1,2715.4,2726.17,40230,1096.74,6470,22657,56.32
TIINDIA,EQ,07-Oct-2026,2472.7,2470.3,2472.0,2355.5,2388.0,2388.0,2394.95,556889,13337.23,44242,172141,30.91
TIJARIA,BE,07-Oct-2026,6.42,6.55,6.73,6.4,6.5,6.47,6.53,3915,0.26,41,-,-
TIL,BE,07-Oct-2026,242.25,242.25,246.1,232.2,240.4,239.9,239.67,47307,113.38,335,-,-
TIMESCAN,SM,07-Oct-2026,40.0,42.0,42.0,42.0,42.0,42.0,42.0,12000,5.04,3,12000,100.00
TIMETECHNO,EQ,07-Oct-2026,183.07,183.0,185.22,180.64,184.07,183.62,183.4,2467633,4525.74,23191,675865,27.39
TIMEX,EQ,07-Oct-2026,731.7,733.7,744.6,715.0,724.0,724.45,727.4,336138,2445.07,21334,125143,37.23
TIMKEN,EQ,07-Oct-2026,3156.9,3157.0,3178.8,3096.0,3163.9,3132.0,3130.34,39160,1225.84,10243,17907,45.73
TINNARUBR,EQ,07-Oct-2026,950.25,954.95,957.75,926.0,932.85,930.55,937.31,25287,237.02,2675,14338,56.70
TIPSFILMS,EQ,07-Oct-2026,334.55,338.7,342.0,325.15,326.2,328.75,332.42,6753,22.45,374,3575,52.94
TIPSMUSIC,EQ,07-Oct-2026,653.1,653.1,657.9,638.0,638.4,639.9,646.03,226714,1464.65,12133,152543,67.28
TIRUMALCHM,EQ,07-Oct-2026,148.53,148.9,152.9,146.8,148.04,147.91,149.22,270559,403.73,4468,128262,47.41
TIRUPATIFL,BE,07-Oct-2026,72.19,70.75,71.2,70.75,70.8,70.8,70.76,408182,288.83,375,-,-
TITAGARH,EQ,07-Oct-2026,804.85,804.85,808.45,796.65,800.0,799.75,801.93,199471,1599.62,10653,54045,27.09
TITAN,EQ,07-Oct-2026,4550.0,4439.0,4440.0,4335.6,4377.0,4377.0,4375.49,2951280,129133.01,172614,1326787,44.96
TMB,EQ,07-Oct-2026,878.95,878.95,884.6,861.05,880.0,877.35,874.28,153612,1343.0,12840,69796,45.44
TMCV,EQ,07-Oct-2026,433.8,432.5,433.8,424.05,425.45,427.9,428.86,5489931,23544.32,77857,2532602,46.13
TMPV,EQ,07-Oct-2026,285.8,285.6,286.65,280.8,283.0,283.0,283.34,9266278,26255.27,75821,3663090,39.53
TNIDETF,EQ,07-Oct-2026,84.01,82.2,85.12,82.2,83.67,84.55,84.67,55773,47.22,361,36392,65.25
TNPETRO,EQ,07-Oct-2026,126.03,126.49,127.39,123.54,126.0,125.78,125.23,475976,596.06,7160,165271,34.72
TNPL,EQ,07-Oct-2026,145.94,146.0,146.52,143.0,143.68,143.35,143.93,74131,106.7,2657,47821,64.51
TNTELE,BE,07-Oct-2026,10.45,9.93,9.93,9.93,9.93,9.93,9.93,21997,2.18,88,-,-
TOKYOPLAST,EQ,07-Oct-2026,71.1,73.69,73.69,70.0,70.87,70.87,71.24,771,0.55,39,768,99.61
TOLINS,EQ,07-Oct-2026,90.19,90.0,90.95,88.0,90.5,90.08,89.56,55327,49.55,1228,33098,59.82
TOP100CASE,EQ,07-Oct-2026,10.03,10.1,10.1,9.92,10.0,9.97,9.99,452981,45.23,1271,331915,73.27
TOP10ADD,EQ,07-Oct-2026,83.84,83.84,84.18,83.31,83.61,83.76,83.94,110150,92.46,339,75817,68.83
TOP15IETF,EQ,07-Oct-2026,9.3,9.26,9.35,9.2,9.28,9.24,9.24,68504,6.33,210,56136,81.95
TOP20,EQ,07-Oct-2026,8.4,8.4,8.41,8.34,8.36,8.35,8.37,12952,1.08,146,7484,57.78
TORNTPHARM,EQ,07-Oct-2026,4772.0,4765.0,4791.3,4679.0,4716.2,4716.2,4713.51,241200,11368.99,28212,145249,60.22
TORNTPOWER,EQ,07-Oct-2026,1234.9,1238.9,1247.8,1223.2,1238.3,1236.5,1232.48,175635,2164.66,13283,99733,56.78
TOTAL,BE,07-Oct-2026,71.54,70.0,71.45,69.8,69.81,69.81,70.09,1140,0.8,37,-,-
TOUCHWOOD,EQ,07-Oct-2026,58.95,60.37,60.37,59.01,59.01,59.61,60.14,951,0.57,12,840,88.33
TOYAMSL,EQ,07-Oct-2026,0.68,0.69,0.71,0.69,0.71,0.71,0.71,374839,2.66,145,341326,91.06
TPHQ,BE,07-Oct-2026,0.48,0.48,0.49,0.47,0.47,0.47,0.48,621002,2.96,293,-,-
TPLPLASTEH,EQ,07-Oct-2026,69.18,69.64,69.8,68.16,68.3,68.6,69.0,108731,75.03,850,41914,38.55
TRACXN,EQ,07-Oct-2026,34.34,35.0,35.0,33.02,34.18,33.89,34.05,357771,121.83,2693,200212,55.96
TRANSCOR,EQ,07-Oct-2026,23.91,24.54,25.5,24.16,25.38,25.38,24.96,12826,3.2,65,12709,99.09
TRANSPEK,BE,07-Oct-2026,1379.5,1345.1,1425.0,1345.1,1405.0,1398.1,1402.95,1763,24.73,92,-,-
TRANSRAILL,EQ,07-Oct-2026,482.4,485.0,486.9,476.0,479.8,479.3,482.38,770841,3718.35,24076,300115,38.93
TRANSTEEL,SM,07-Oct-2026,80.95,80.95,85.0,80.1,81.35,82.45,82.17,45000,36.98,40,13000,28.89
TRANSWIND,SM,07-Oct-2026,11.3,11.3,11.3,11.3,11.3,11.3,11.3,4000,0.45,1,4000,100.00
TRANSWORLD,BE,07-Oct-2026,153.7,152.5,156.99,152.5,155.05,155.05,155.2,2195,3.41,37,-,-
TRAVELFOOD,EQ,07-Oct-2026,1197.9,1191.3,1197.1,1180.2,1187.3,1189.6,1189.49,67434,802.12,10999,35905,53.24
TREEHOUSE,EQ,07-Oct-2026,5.82,5.8,6.0,5.7,5.79,5.78,5.82,10445,0.61,53,10005,95.79
TREJHARA,EQ,07-Oct-2026,130.39,135.81,135.81,125.75,130.0,127.48,129.1,22107,28.54,558,16438,74.36
TREL,EQ,07-Oct-2026,26.64,27.0,27.33,26.0,26.65,26.71,26.69,85309,22.77,808,57880,67.85
TRENT,EQ,07-Oct-2026,2906.0,2897.0,2909.0,2876.8,2890.3,2890.3,2893.35,1317846,38129.9,60619,428656,32.53
TRF,EQ,07-Oct-2026,196.3,197.03,198.95,193.07,198.95,198.02,195.72,5575,10.91,289,3915,70.22
TRIDENT,EQ,07-Oct-2026,22.56,22.56,22.68,22.26,22.35,22.31,22.37,2433694,544.53,11612,1070385,43.98
TRIGYN,EQ,07-Oct-2026,51.7,51.0,52.45,51.0,52.04,51.63,51.67,9705,5.01,238,6986,71.98
TRITONV,EQ,07-Oct-2026,1093.0,1070.1,1099.0,1042.9,1050.0,1050.2,1059.98,3421,36.26,333,2507,73.28
TRITURBINE,EQ,07-Oct-2026,536.1,530.1,543.0,528.9,529.0,531.45,535.31,337921,1808.92,26994,162814,48.18
TRIVENI,EQ,07-Oct-2026,241.97,243.0,249.04,240.64,243.85,245.13,245.77,621686,1527.93,17337,242904,39.07
TROM,SM,07-Oct-2026,52.05,53.95,57.2,53.85,57.2,56.05,55.15,12000,6.62,17,11400,95.00
TRU,EQ,07-Oct-2026,4.12,4.3,4.3,4.15,4.28,4.25,4.25,29133,1.24,123,22628,77.67
TRUALT,EQ,07-Oct-2026,444.35,445.35,456.95,439.95,449.0,448.85,449.27,132449,595.06,4913,69333,52.35
TRUST,SM,07-Oct-2026,25.55,25.7,25.7,24.15,24.7,24.7,25.03,22200,5.56,32,19200,86.49
TSFINV,EQ,07-Oct-2026,417.95,415.0,416.4,407.2,407.95,409.6,412.18,59688,246.02,2672,37392,62.65
TTKHLTCARE,EQ,07-Oct-2026,1033.7,1040.4,1050.5,1026.7,1045.6,1046.6,1040.48,13651,142.04,1337,7413,54.30
TTKPRESTIG,EQ,07-Oct-2026,522.85,521.0,521.75,515.3,517.8,517.85,518.05,16239,84.13,1885,9070,55.85
TTL,EQ,07-Oct-2026,7.38,7.3,7.5,7.25,7.25,7.29,7.36,99784,7.35,204,84638,84.82
TTML,EQ,07-Oct-2026,34.18,34.08,34.2,33.84,33.93,34.01,34.01,1417779,482.16,8652,470695,33.20
TUNWAL,SM,07-Oct-2026,26.1,26.05,26.05,25.5,25.8,25.75,25.75,16000,4.12,8,8000,50.00
TURTLEMINT,EQ,07-Oct-2026,68.91,68.91,72.35,67.88,72.35,72.28,70.87,1668511,1182.52,11391,791487,47.44
TUTIALKA,EQ,07-Oct-2026,54.0,54.0,54.95,54.0,54.95,54.7,54.56,2110,1.15,38,1757,83.27
TVSELECT,EQ,07-Oct-2026,404.2,404.05,404.05,395.0,395.0,397.0,399.59,27384,109.42,1273,10136,37.01
TVSHLTD,EQ,07-Oct-2026,11763.0,11722.0,11809.0,11600.0,11765.0,11735.0,11722.1,4318,506.16,1389,2708,62.71
TVSMOTOR,EQ,07-Oct-2026,3981.0,3982.8,3995.0,3870.8,3926.0,3926.0,3941.98,673718,26557.82,47052,360226,53.47
TVSSCS,EQ,07-Oct-2026,130.67,131.0,132.6,128.13,130.99,130.4,130.66,475200,620.89,7320,211739,44.56
TVSSRICHAK,EQ,07-Oct-2026,4390.1,4367.2,4419.1,4321.3,4341.2,4354.1,4380.69,3851,168.7,1284,1862,48.35
TVTODAY,EQ,07-Oct-2026,101.48,101.15,103.0,100.62,101.2,101.3,101.59,15356,15.6,413,6803,44.30
TVVISION,BE,07-Oct-2026,2.59,2.63,2.63,2.47,2.59,2.59,2.55,33766,0.86,59,-,-
TWCGOLDETF,EQ,07-Oct-2026,146.53,147.0,147.0,145.5,146.04,145.99,145.99,3563,5.2,168,2826,79.32
UBL,EQ,07-Oct-2026,1178.3,1192.0,1192.0,1178.4,1188.6,1185.7,1184.99,48162,570.71,6634,24504,50.88
UCAL,BE,07-Oct-2026,142.37,144.95,145.99,140.61,140.8,141.57,142.78,17699,25.27,64,-,-
UCOBANK,EQ,07-Oct-2026,23.27,23.2,23.53,22.95,23.44,23.4,23.26,3707604,862.54,15370,792980,21.39
UDAYJEW,EQ,07-Oct-2026,160.33,168.0,168.01,160.5,160.5,161.13,162.77,7798,12.69,396,3045,39.05
UDS,EQ,07-Oct-2026,215.4,215.4,219.7,213.01,218.7,218.11,217.47,108092,235.07,2342,56384,52.16
UEL,EQ,07-Oct-2026,179.62,179.62,183.8,176.05,179.22,177.64,179.15,7247,12.98,528,3401,46.93
UFBL,BE,07-Oct-2026,695.2,695.2,700.0,681.25,692.95,687.65,693.31,20133,139.58,417,-,-
UFLEX,EQ,07-Oct-2026,641.25,641.55,655.0,633.1,639.1,643.15,642.12,115503,741.67,5105,63343,54.84
UFO,EQ,07-Oct-2026,57.38,58.47,58.48,56.55,56.9,56.88,57.3,20402,11.69,388,13018,63.81
UGARSUGAR,BE,07-Oct-2026,59.26,59.4,60.99,56.9,58.8,58.45,58.38,129567,75.64,708,-,-
UGROCAP,EQ,07-Oct-2026,82.97,82.9,82.9,80.76,81.7,81.28,81.5,212716,173.36,6615,141421,66.48
UHTL,ST,07-Oct-2026,199.8,203.75,203.75,203.75,203.75,203.75,203.75,4000,8.15,2,4000,100.00
UJJIVANSFB,EQ,07-Oct-2026,65.19,65.2,67.19,64.72,64.94,64.94,65.81,15595871,10263.48,54217,7165541,45.95
ULTRACEMCO,EQ,07-Oct-2026,10750.0,10730.0,10812.0,10595.0,10658.0,10658.0,10677.84,287808,30731.67,44241,157451,54.71
ULTRAMAR,EQ,07-Oct-2026,408.8,409.3,411.95,405.1,407.8,409.6,407.66,24466,99.74,1046,14571,59.56
UMA,SM,07-Oct-2026,16.6,18.4,18.4,18.4,18.4,18.4,18.4,4000,0.74,1,4000,100.00
UMAEXPORTS,BE,07-Oct-2026,21.09,21.4,21.43,20.05,20.05,20.07,20.25,79271,16.05,162,-,-
UMESLTD,EQ,07-Oct-2026,4.45,4.39,4.7,4.39,4.57,4.51,4.54,58235,2.64,115,54400,93.41
UMIYA-MRO,EQ,07-Oct-2026,92.55,93.69,93.69,92.1,92.16,92.22,92.43,4126,3.81,99,3941,95.52
UNICHEMLAB,EQ,07-Oct-2026,548.1,552.85,557.9,541.35,548.0,546.2,550.61,44644,245.81,2954,16129,36.13
UNIDT,EQ,07-Oct-2026,226.13,230.0,235.01,226.0,228.0,227.34,229.05,32104,73.53,1225,18368,57.21
UNIECOM,EQ,07-Oct-2026,81.84,82.0,83.24,81.72,82.41,82.61,82.57,138686,114.51,1817,52939,38.17
UNIENTER,EQ,07-Oct-2026,87.09,87.1,89.85,86.12,87.7,86.72,87.13,2646,2.31,57,1902,71.88
UNIHEALTH,SM,07-Oct-2026,550.0,558.0,559.95,541.05,556.95,554.35,550.3,16500,90.8,28,12500,75.76
UNIINFO,EQ,07-Oct-2026,11.0,11.02,11.5,10.53,11.5,11.45,11.33,8580,0.97,47,7176,83.64
UNILEX,SM,07-Oct-2026,30.4,31.0,31.0,30.75,30.75,30.75,30.88,3200,0.99,2,1600,50.00
UNIMECH,EQ,07-Oct-2026,1873.1,1892.5,1892.5,1840.1,1850.0,1854.5,1866.37,143988,2687.35,16891,59760,41.50
UNIONBANK,EQ,07-Oct-2026,168.44,167.67,174.9,165.44,173.15,173.15,171.73,13484976,23158.33,76751,3540049,26.25
UNIONGOLD,EQ,07-Oct-2026,143.35,143.75,144.0,143.15,143.55,143.5,143.48,2520,3.62,151,687,27.26
UNIPARTS,EQ,07-Oct-2026,824.7,825.0,832.1,806.2,814.0,812.3,817.45,59608,487.26,7965,27142,45.53
UNITDSPR,EQ,07-Oct-2026,1358.0,1348.3,1355.4,1338.0,1344.0,1344.0,1344.6,998614,13427.35,34920,628563,62.94
UNITECH,EQ,07-Oct-2026,4.0,3.98,4.21,3.95,4.1,4.1,4.12,5044354,207.58,3099,3222427,63.88
UNITEDPOLY,EQ,07-Oct-2026,48.49,49.99,49.99,47.61,49.05,48.1,48.45,98385,47.66,732,54302,55.19
UNITEDTEA,EQ,07-Oct-2026,415.95,415.95,418.0,401.6,411.95,408.85,410.91,4211,17.3,138,3718,88.29
UNIVASTU,BE,07-Oct-2026,131.63,134.84,134.84,126.5,130.55,129.81,128.53,25581,32.88,240,-,-
UNIVCABLES,EQ,07-Oct-2026,1649.2,1667.0,1669.5,1597.7,1628.2,1633.1,1629.54,99488,1621.2,12788,36907,37.10
UNIVPHOTO,BE,07-Oct-2026,470.25,465.55,488.0,452.0,479.95,479.95,458.69,776,3.56,42,-,-
UNOMINDA,EQ,07-Oct-2026,1120.0,1115.7,1123.9,1100.0,1104.8,1104.8,1108.52,277168,3072.47,18536,108544,39.16
UPL,EQ,07-Oct-2026,509.55,510.0,510.0,494.6,495.0,495.0,499.41,2175673,10865.55,42923,1253694,57.62
URAVIDEF,BE,07-Oct-2026,102.0,101.49,102.0,101.0,102.0,102.0,101.57,1118,1.14,26,-,-
URBAN,SM,07-Oct-2026,122.65,119.1,122.9,118.7,121.75,121.75,121.17,13600,16.48,16,8000,58.82
URBANCO,EQ,07-Oct-2026,173.54,170.5,173.01,167.75,167.8,168.23,169.66,6144587,10425.08,56997,1949246,31.72
URJA,EQ,07-Oct-2026,8.6,8.51,8.7,8.48,8.5,8.51,8.55,491846,42.07,2036,259753,52.81
USHAFIN,ST,07-Oct-2026,48.35,50.4,50.75,49.5,49.5,49.55,50.37,22400,11.28,12,20800,92.86
USHAMART,EQ,07-Oct-2026,516.7,519.0,523.4,510.0,518.35,520.25,515.0,962383,4956.28,22008,594723,61.80
USK,EQ,07-Oct-2026,18.64,19.36,19.36,18.0,18.4,18.4,18.34,11444,2.1,186,9736,85.08
UTIAMC,EQ,07-Oct-2026,888.2,889.0,901.0,879.05,890.1,892.3,889.29,71137,632.61,9432,37706,53.00
UTKAL,ST,07-Oct-2026,50.5,50.25,50.25,48.6,48.6,48.6,49.13,12000,5.9,6,12000,100.00
UTKARSHBNK,EQ,07-Oct-2026,13.52,14.3,14.43,13.85,13.98,13.98,14.0,21411872,2996.95,22244,4691601,21.91
UTLSOLAR,EQ,07-Oct-2026,418.85,417.5,442.0,410.85,433.0,431.75,433.05,407571,1764.99,21971,205247,50.36
UTSSAV,SM,07-Oct-2026,860.75,870.0,881.0,848.0,858.0,855.0,862.17,37800,325.9,61,24000,63.49
UTTAMSUGAR,EQ,07-Oct-2026,302.8,302.35,312.7,299.4,308.3,308.3,308.1,345726,1065.2,9258,89694,25.94
UWCSL,SM,07-Oct-2026,121.0,120.0,120.0,114.95,114.95,114.95,117.48,2000,2.35,2,2000,100.00
UYFINCORP,BE,07-Oct-2026,22.95,21.82,23.49,21.81,22.8,22.93,22.7,223056,50.63,570,-,-
V2RETAIL,EQ,07-Oct-2026,172.19,171.34,171.97,157.35,161.4,163.95,167.62,3074441,5153.5,37809,1492634,48.55
VADILALIND,EQ,07-Oct-2026,7309.5,7309.5,7309.5,7198.0,7295.0,7247.0,7252.74,2509,181.97,1087,1212,48.31
VADILENT,EQ,07-Oct-2026,9860.0,9860.0,9910.0,9860.0,9910.0,9910.0,9885.0,2,0.2,2,2,100.00
VAIBHAVGBL,EQ,07-Oct-2026,202.43,201.43,201.89,199.01,201.09,200.75,200.42,92278,184.94,3101,48450,52.50
VAISHALI,EQ,07-Oct-2026,8.17,8.4,8.4,7.76,8.3,8.1,8.08,181758,14.68,393,118963,65.45
VAKRANGEE,EQ,07-Oct-2026,5.19,5.19,5.22,5.15,5.22,5.19,5.18,577018,29.87,966,252064,43.68
VAL30IETF,EQ,07-Oct-2026,14.34,14.34,14.37,14.21,14.33,14.29,14.27,339782,48.48,535,117951,34.71
VALIANTLAB,BE,07-Oct-2026,124.37,126.0,126.0,120.65,124.25,123.21,122.81,45361,55.71,275,-,-
VALIANTORG,EQ,07-Oct-2026,496.8,496.8,505.0,477.0,477.0,479.85,489.93,109561,536.77,3326,61758,56.37
VALUE,EQ,07-Oct-2026,15.25,15.24,15.24,15.09,15.16,15.14,15.16,22990,3.49,117,18015,78.36
VALUE360,SM,07-Oct-2026,61.55,68.0,73.85,68.0,73.85,73.85,73.35,195600,143.47,61,186000,95.09
VALUEAXIS,EQ,07-Oct-2026,30.93,31.01,31.05,30.75,31.05,30.93,30.87,52045,16.06,349,33379,64.13
VAML,EQ,07-Oct-2026,401.05,401.25,401.8,393.05,393.05,394.0,396.78,3370906,13375.14,102095,2036562,60.42
VARDHACRLC,EQ,07-Oct-2026,43.63,44.0,44.49,43.35,43.75,43.72,43.82,29518,12.94,109,16398,55.55
VARDMNPOLY,EQ,07-Oct-2026,5.44,5.31,5.6,5.24,5.38,5.4,5.4,164823,8.89,494,135931,82.47
VARMORA,EQ,07-Oct-2026,132.84,132.84,137.3,130.35,136.7,136.31,134.23,1844068,2475.28,17770,588940,31.94
VARROC,EQ,07-Oct-2026,814.45,814.45,826.8,810.0,826.3,823.75,817.9,166445,1361.36,13502,72869,43.78
VASCONEQ,EQ,07-Oct-2026,32.31,32.12,32.51,32.05,32.26,32.33,32.27,206540,66.65,984,130958,63.41
VASWANI,EQ,07-Oct-2026,43.41,43.66,44.24,43.2,43.41,43.8,43.5,13762,5.99,101,12222,88.81
VBL,EQ,07-Oct-2026,439.3,438.0,444.05,435.0,440.75,440.75,441.04,3591044,15837.97,34518,2085438,58.07
VCL,BE,07-Oct-2026,1.5,1.57,1.57,1.49,1.57,1.55,1.55,649613,10.08,262,-,-
VDEAL,SM,07-Oct-2026,110.35,105.05,109.0,105.05,108.95,108.95,106.31,4200,4.46,7,2400,57.14
VEDAVAAG,EQ,07-Oct-2026,23.24,23.5,23.51,22.11,22.88,22.84,22.7,60838,13.81,367,37116,61.01
VEDL,EQ,07-Oct-2026,265.6,264.5,265.2,258.8,261.4,261.4,261.21,10190251,26618.13,69569,5271744,51.73
VEDPOWER,EQ,07-Oct-2026,32.53,32.39,32.63,31.87,32.4,32.42,32.26,7685828,2479.31,31204,3313684,43.11
VEEDOL,EQ,07-Oct-2026,1392.4,1390.0,1401.0,1361.0,1372.5,1383.0,1386.74,6459,89.57,850,3541,54.82
VEEGALAND,EQ,07-Oct-2026,148.64,149.95,153.0,141.1,142.7,143.63,147.21,2096377,3086.15,17982,625220,29.82
VEEKAYEM,SM,07-Oct-2026,108.35,103.15,111.0,103.15,103.5,103.5,105.03,4000,4.2,8,2500,62.50
VELJAN,BE,07-Oct-2026,2531.4,2657.9,2657.9,2580.0,2657.9,2657.9,2653.05,4352,115.46,274,-,-
VENKEYS,EQ,07-Oct-2026,1694.8,1687.9,1692.9,1649.8,1654.0,1655.6,1665.32,40836,680.05,4584,15833,38.77
VENTIVE,EQ,07-Oct-2026,582.35,587.9,587.9,575.05,577.0,582.4,581.75,12530,72.89,1201,6196,49.45
VENUSPIPES,EQ,07-Oct-2026,2240.3,2243.0,2269.8,2185.7,2264.0,2238.5,2222.41,114368,2541.73,9589,41411,36.21
VENUSREM,BE,07-Oct-2026,1746.7,1721.0,1800.5,1670.6,1784.0,1769.4,1744.64,24817,432.97,1067,-,-
VERANDA,BE,07-Oct-2026,29.72,30.99,31.2,30.0,31.2,31.2,31.01,164637,51.05,561,-,-
VERTEXPLUS,ST,07-Oct-2026,69.35,72.8,72.8,72.8,72.8,72.8,72.8,1200,0.87,2,1200,100.00
VERTIS,IV,07-Oct-2026,114.0,115.5,115.75,115.5,115.75,115.75,115.56,225000,260.0,7,225000,100.00
VERTOZ,EQ,07-Oct-2026,33.52,33.49,34.93,32.1,32.83,33.06,33.88,65720,22.26,648,22686,34.52
VESUVIUS,EQ,07-Oct-2026,404.4,403.0,415.55,399.1,412.6,409.7,409.29,176659,723.04,8752,72350,40.95
VETO,EQ,07-Oct-2026,138.54,140.0,140.8,138.0,139.0,138.49,138.82,42720,59.3,1324,18551,43.42
VGCL,EQ,07-Oct-2026,47.6,47.58,49.98,47.58,49.98,49.98,49.53,5350,2.65,25,5350,100.00
VGINFOTECH,SM,07-Oct-2026,136.85,136.0,138.5,136.0,136.6,136.6,137.5,25000,34.37,20,23000,92.00
VGL,EQ,07-Oct-2026,63.76,64.98,65.86,62.51,63.0,62.92,63.58,23868,15.17,340,18037,75.57
VGUARD,EQ,07-Oct-2026,306.3,304.9,305.3,301.2,301.6,302.15,303.41,223851,679.19,8639,135830,60.68
VHL,EQ,07-Oct-2026,3574.2,3599.0,3611.0,3528.0,3600.0,3598.8,3589.76,611,21.93,175,484,79.21
VHLTD,BE,07-Oct-2026,128.97,130.9,131.55,129.0,129.33,129.62,130.11,79381,103.29,392,-,-
VIAZ,SM,07-Oct-2026,81.75,83.5,85.4,82.0,84.9,84.9,83.86,48000,40.25,15,42000,87.50
VICTORYEV,SM,07-Oct-2026,13.75,13.75,13.75,13.75,13.75,13.75,13.75,3000,0.41,1,3000,100.00
VIDHIING,EQ,07-Oct-2026,352.3,353.05,354.0,348.0,348.4,348.2,349.93,4118,14.41,456,2685,65.20
VIDYAWIRES,EQ,07-Oct-2026,95.83,96.9,100.62,95.6,100.62,100.62,99.39,4647269,4618.9,20362,1883978,40.54
VIESL,SM,07-Oct-2026,369.9,367.0,370.0,364.4,364.95,364.95,366.19,8800,32.22,11,6400,72.73
VIGOR,SM,07-Oct-2026,74.05,74.4,74.4,70.35,70.35,70.35,71.55,41600,29.77,23,22400,53.85
VIJAYA,EQ,07-Oct-2026,1466.7,1470.0,1490.6,1445.3,1455.3,1462.4,1464.05,86569,1267.41,13167,37909,43.79
VIJAYPD,SM,07-Oct-2026,83.7,82.05,97.0,82.05,96.0,96.1,91.44,210000,192.02,95,182000,86.67
VIJIFIN,BE,07-Oct-2026,13.69,13.01,13.01,13.01,13.01,13.01,13.01,49009,6.38,102,-,-
VIJSOLX,EQ,07-Oct-2026,620.0,614.05,617.65,614.05,615.85,615.85,614.75,43,0.26,8,43,100.00
VIKASECO,EQ,07-Oct-2026,1.02,1.02,1.03,1.01,1.03,1.02,1.02,1107129,11.33,875,628002,56.72
VIKASLIFE,EQ,07-Oct-2026,1.2,1.19,1.21,1.19,1.2,1.19,1.2,1837662,22.02,7119,950342,51.71
VIKRAMSOLR,EQ,07-Oct-2026,151.5,151.5,151.89,148.51,150.0,148.94,149.79,1900464,2846.69,18979,830758,43.71
VIKRAN,EQ,07-Oct-2026,58.13,57.99,59.09,57.47,58.0,57.85,58.2,651511,379.16,4958,261456,40.13
VILAS,SM,07-Oct-2026,394.75,388.5,396.95,385.0,385.0,386.65,390.82,16500,64.48,51,10500,63.64
VILINBIO,ST,07-Oct-2026,52.95,54.75,55.0,51.0,51.0,51.25,52.38,56000,29.33,14,56000,100.00
VIMTALABS,EQ,07-Oct-2026,577.4,579.9,582.9,564.85,569.0,567.2,571.49,140574,803.37,9554,61631,43.84
VINATIORGA,EQ,07-Oct-2026,1179.5,1191.0,1195.8,1138.5,1141.3,1142.3,1151.85,71386,822.26,11789,42333,59.30
VINCOFE,EQ,07-Oct-2026,187.21,187.21,187.26,181.6,184.7,184.19,184.18,740150,1363.19,11941,403710,54.54
VINDHYATEL,EQ,07-Oct-2026,2829.7,2822.5,2907.1,2779.0,2809.0,2810.1,2842.76,74369,2114.13,9737,22740,30.58
VINEETLAB,EQ,07-Oct-2026,36.52,37.2,38.15,36.5,36.82,36.65,36.77,113429,41.7,362,99644,87.85
VINNY,EQ,07-Oct-2026,0.9,0.91,0.92,0.88,0.88,0.89,0.9,283034,2.55,218,212592,75.11
VINOD,SM,07-Oct-2026,41.25,39.2,39.2,39.2,39.2,39.2,39.2,36000,14.11,13,36000,100.00
VINSYS,ST,07-Oct-2026,576.0,576.0,576.0,572.0,572.0,572.0,574.0,1250,7.18,5,1250,100.00
VINYAS,SM,07-Oct-2026,1412.1,1412.0,1441.0,1380.05,1440.0,1440.0,1417.3,7800,110.55,62,6100,78.21
VINYLINDIA,EQ,07-Oct-2026,212.77,213.0,220.0,211.8,215.01,215.53,215.32,2527,5.44,197,1808,71.55
VIPCLOTHNG,EQ,07-Oct-2026,20.3,20.2,20.78,19.97,20.01,20.02,20.09,24616,4.94,175,20980,85.23
VIPIND,EQ,07-Oct-2026,288.1,287.9,287.9,279.95,280.85,281.1,283.18,110534,313.01,4652,59074,53.44
VIPULLTD,BE,07-Oct-2026,10.2,10.2,10.71,9.69,9.8,9.85,9.88,295796,29.22,684,-,-
VIRAT,EQ,07-Oct-2026,347.7,347.7,382.45,338.05,382.45,382.45,374.02,11252,42.09,464,9201,81.77
VIRINCHI,EQ,07-Oct-2026,13.16,13.33,14.4,12.73,13.04,12.97,13.17,67989,8.95,331,42711,62.82
VIRTUALG,BE,07-Oct-2026,0.42,0.44,0.44,0.4,0.44,0.44,0.42,227968,0.96,189,-,-
VISACHROME,EQ,07-Oct-2026,35.22,36.0,36.0,35.01,35.5,35.22,35.47,8536,3.03,94,6711,78.62
VISAKAIND,BE,07-Oct-2026,81.63,82.25,84.4,81.5,84.0,83.83,83.27,54269,45.19,400,-,-
VISAMAN,SM,07-Oct-2026,24.6,25.55,25.8,25.0,25.8,25.7,25.32,170000,43.05,51,162000,95.29
VISDEM,SM,07-Oct-2026,95.1,95.1,95.1,93.2,95.1,95.1,94.63,4800,4.54,4,4800,100.00
VISHAL,EQ,07-Oct-2026,17.5,17.99,17.99,17.01,17.19,17.13,17.35,50885,8.83,344,35351,69.47
VISHNU,EQ,07-Oct-2026,695.55,693.7,693.8,680.0,680.0,683.4,686.12,58238,399.58,4509,32457,55.73
VISHNUINFR,SM,07-Oct-2026,146.4,142.3,145.8,140.7,140.7,141.35,142.39,5000,7.12,10,3500,70.00
VISHWARAJ,EQ,07-Oct-2026,5.72,5.72,5.82,5.46,5.51,5.51,5.59,363908,20.33,987,201137,55.27
VISHWAS,SM,07-Oct-2026,42.25,44.35,44.35,44.35,44.35,44.35,44.35,1600,0.71,1,1600,100.00
VISL,EQ,07-Oct-2026,30.75,30.5,30.71,29.22,29.5,29.44,29.58,35144526,10395.27,50138,15738996,44.78
VITAL,EQ,07-Oct-2026,53.18,50.53,53.11,50.53,52.87,52.87,50.57,2966,1.5,28,2966,100.00
VIVIANA,EQ,07-Oct-2026,824.2,827.65,844.0,800.0,815.0,817.85,824.41,36092,297.55,2648,19083,52.87
VIVIDEL,SM,07-Oct-2026,1713.0,1680.0,1753.5,1680.0,1750.0,1750.0,1723.02,18240,314.28,65,13920,76.32
VIVIDHA,EQ,07-Oct-2026,0.51,0.51,0.52,0.5,0.51,0.5,0.51,268981,1.38,144,169801,63.13
VIVIMEDLAB,BE,07-Oct-2026,6.28,6.59,6.59,6.59,6.59,6.59,6.59,62809,4.14,57,-,-
VIVO,ST,07-Oct-2026,147.0,146.0,146.0,146.0,146.0,146.0,146.0,3200,4.67,2,3200,100.00
VIVOBIOT,EQ,07-Oct-2026,13.87,13.87,16.0,12.8,15.5,15.1,14.01,116917,16.38,511,83536,71.45
VIYASH,EQ,07-Oct-2026,233.23,234.0,242.67,232.16,241.7,240.77,239.43,3081129,7377.13,36879,1327121,43.07
VLEGOV,EQ,07-Oct-2026,9.37,9.7,9.7,9.25,9.4,9.37,9.4,46813,4.4,366,39887,85.20
VLINFRA,SM,07-Oct-2026,24.75,25.8,25.8,24.2,24.85,24.85,24.73,12000,2.97,7,9000,75.00
VLSFINANCE,EQ,07-Oct-2026,233.9,228.0,238.1,228.0,229.9,229.97,230.49,9462,21.81,491,8828,93.30
VMARCIND,SM,07-Oct-2026,323.05,320.0,329.0,318.5,326.0,326.95,322.59,178500,575.82,113,87000,48.74
VMART,EQ,07-Oct-2026,793.0,795.9,813.55,781.15,805.0,806.2,800.06,85019,680.2,9113,28252,33.23
VMM,EQ,07-Oct-2026,100.95,100.95,101.6,99.78,100.5,100.5,100.75,11200804,11285.17,44116,6690655,59.73
VMOBILE,SM,07-Oct-2026,56.0,53.3,55.8,53.2,55.8,55.8,53.68,8800,4.72,11,7200,81.82
VMSTMT,EQ,07-Oct-2026,46.58,45.75,46.44,45.32,46.3,45.76,45.76,16555,7.58,348,8814,53.24
VOEPL,EQ,07-Oct-2026,511.15,510.0,534.85,503.55,528.0,526.9,523.29,108377,567.12,5281,49654,45.82
VOGL,EQ,07-Oct-2026,31.41,31.32,31.38,30.75,31.14,31.11,31.07,10673746,3316.2,32582,4776632,44.75
VOITHPAPR,EQ,07-Oct-2026,1425.0,1413.0,1444.9,1410.0,1410.0,1410.8,1411.06,561,7.92,28,516,91.98
VOLTAMP,EQ,07-Oct-2026,10539.0,10525.0,10639.0,10380.0,10492.0,10512.0,10530.44,10933,1151.29,5479,5236,47.89
VOLTAS,EQ,07-Oct-2026,1067.9,1071.9,1072.7,1052.3,1056.8,1056.8,1061.5,316203,3356.5,15525,71847,22.72
VPRPL,EQ,07-Oct-2026,28.77,28.66,28.7,28.01,28.4,28.32,28.41,214064,60.81,1491,106690,49.84
VRAJ,EQ,07-Oct-2026,121.6,121.1,124.51,119.8,121.58,121.86,121.67,8639,10.51,494,5273,61.04
VRLLOG,EQ,07-Oct-2026,284.95,284.95,287.65,283.5,285.0,285.1,284.95,135316,385.58,4019,100364,74.17
VSSL,EQ,07-Oct-2026,389.75,389.75,395.0,382.9,395.0,393.75,389.49,60271,234.75,2892,30508,50.62
VSTIND,EQ,07-Oct-2026,202.64,202.51,202.87,200.1,201.38,201.33,201.21,67992,136.8,2568,38789,57.05
VSTL,EQ,07-Oct-2026,108.56,108.56,108.56,106.25,106.65,106.84,107.56,21084,22.68,498,17948,85.13
VSTTILLERS,EQ,07-Oct-2026,4426.3,4392.9,4462.1,4342.5,4385.0,4375.6,4392.41,5439,238.9,1395,1977,36.35
VTL,EQ,07-Oct-2026,549.4,549.4,551.45,533.7,536.0,536.4,538.87,192444,1037.02,9563,96257,50.02
VTMLTD,EQ,07-Oct-2026,35.92,35.98,36.28,33.55,34.0,34.11,35.09,174164,61.11,1370,126391,72.57
WAAREEENER,EQ,07-Oct-2026,2398.0,2389.9,2426.0,2362.3,2401.0,2401.0,2399.39,429460,10304.42,32053,160597,37.40
WAAREEINDO,EQ,07-Oct-2026,208.05,209.8,211.87,204.02,206.5,207.15,208.2,99686,207.55,2691,51705,51.87
WAAREERTL,EQ,07-Oct-2026,825.95,824.0,824.85,810.0,813.0,812.45,815.19,89013,725.63,8195,42989,48.30
WABAG,EQ,07-Oct-2026,2006.9,2009.5,2053.6,1990.8,2001.0,1998.3,2014.68,363620,7325.78,28418,153536,42.22
WAKEFIT,EQ,07-Oct-2026,135.98,136.1,136.76,133.7,133.93,134.42,135.08,406287,548.81,6854,255606,62.91
WALCHANNAG,EQ,07-Oct-2026,204.17,203.0,230.0,201.02,226.13,223.99,223.77,8077353,18074.4,107564,1259132,15.59
WANBURY,EQ,07-Oct-2026,197.87,197.5,207.37,195.89,201.31,198.7,201.51,462234,931.44,8764,209440,45.31
WARDINMOBI,BZ,07-Oct-2026,5.11,5.2,5.2,5.05,5.11,5.15,5.12,102283,5.24,321,-,-
WATERBASE,EQ,07-Oct-2026,44.8,44.8,46.0,44.11,44.91,45.07,44.73,25171,11.26,198,14490,57.57
WCIL,EQ,07-Oct-2026,87.76,87.67,93.4,87.6,92.64,92.54,91.37,265462,242.55,2632,137455,51.78
WEALTH,EQ,07-Oct-2026,855.15,855.25,866.3,820.1,832.5,833.45,836.54,1099,9.19,195,761,69.24
WEBELSOLAR,EQ,07-Oct-2026,70.89,70.26,72.36,68.44,68.95,69.13,70.17,2402205,1685.53,16689,1163995,48.46
WEIZMANIND,EQ,07-Oct-2026,70.39,73.0,73.84,71.0,73.84,73.52,72.96,3781,2.76,97,2948,77.97
WEL,EQ,07-Oct-2026,74.62,76.0,76.2,74.82,75.97,74.96,75.28,212210,159.75,1368,141882,66.86
WELCORP,EQ,07-Oct-2026,2660.9,2660.9,2720.0,2625.3,2698.3,2704.6,2682.5,1200738,32209.82,67451,426562,35.52
WELENT,EQ,07-Oct-2026,718.3,716.15,749.2,713.5,741.0,740.75,741.25,323309,2396.53,20739,118275,36.58
WELINV,BE,07-Oct-2026,2440.0,2400.0,2400.0,2400.0,2400.0,2400.0,2400.0,4,0.1,3,-,-
WELSPLSOL,EQ,07-Oct-2026,51.99,52.0,52.4,50.64,51.2,51.31,51.19,572744,293.19,3603,298279,52.08
WELSPUNLIV,EQ,07-Oct-2026,237.86,237.86,245.5,232.43,235.51,235.86,238.27,5454238,12995.6,62470,2222022,40.74
WENDT,EQ,07-Oct-2026,8097.5,8070.5,8134.5,7953.5,8003.0,7991.0,8035.56,4727,379.84,1370,2354,49.80
WESTLIFE,EQ,07-Oct-2026,594.6,595.05,603.95,581.3,582.7,586.4,593.26,86911,515.61,6762,42298,48.67
WEWIN,EQ,07-Oct-2026,51.92,52.85,52.85,50.75,52.85,52.85,52.48,3048,1.6,65,2778,91.14
WEWORK,EQ,07-Oct-2026,664.9,657.65,683.25,657.65,666.3,673.15,673.09,134408,904.69,10256,82876,61.66
WHBRADY,EQ,07-Oct-2026,485.0,487.4,492.25,451.0,485.9,467.8,478.8,255,1.22,35,236,92.55
WHEELS,EQ,07-Oct-2026,2289.0,2295.9,2315.8,2242.0,2296.0,2283.9,2283.99,62357,1424.23,7446,26020,41.73
WHIRLPOOL,EQ,07-Oct-2026,867.8,865.8,865.8,840.1,843.7,845.5,855.39,242471,2074.08,15910,83056,34.25
WILLAMAGOR,EQ,07-Oct-2026,21.88,22.4,22.4,20.91,21.67,21.63,21.33,2518,0.54,80,1726,68.55
WINDLAS,EQ,07-Oct-2026,1036.2,1038.5,1042.2,1011.7,1029.0,1022.0,1025.12,78586,805.6,6922,46165,58.74
WINDMACHIN,EQ,07-Oct-2026,294.85,296.5,305.0,291.05,303.5,303.05,300.51,131722,395.84,2809,85464,64.88
WINNY,SM,07-Oct-2026,34.05,35.75,35.75,35.75,35.75,35.75,35.75,500,0.18,1,500,100.00
WINSOL,SM,07-Oct-2026,107.95,104.2,111.0,104.2,106.5,106.55,108.9,13600,14.81,23,12400,91.18
WIPL,EQ,07-Oct-2026,161.65,163.21,166.64,162.0,163.25,163.27,163.9,1223,2.0,142,937,76.61
WIPRO,EQ,07-Oct-2026,161.84,160.6,162.2,158.7,159.6,159.6,160.07,12404246,19855.2,70047,7589953,61.19
WOCKPHARMA,EQ,07-Oct-2026,2176.4,2175.0,2197.0,2130.4,2151.0,2150.4,2158.71,463533,10006.35,32036,192122,41.45
WOL3D,SM,07-Oct-2026,134.0,139.0,140.7,139.0,140.0,140.0,140.44,10000,14.04,10,9000,90.00
WOMANCART,ST,07-Oct-2026,93.6,94.4,95.7,90.05,91.9,91.1,92.13,15200,14.0,38,10000,65.79
WONDERLA,EQ,07-Oct-2026,509.7,513.45,524.0,509.35,517.8,519.6,516.98,102613,530.49,6268,61775,60.20
WORTHPERI,EQ,07-Oct-2026,141.09,136.55,147.3,136.55,142.99,143.26,143.2,41500,59.43,94,40271,97.04
WPIL,EQ,07-Oct-2026,444.15,440.0,444.5,434.0,434.05,435.5,438.93,26484,116.25,1963,12658,47.79
WSI,EQ,07-Oct-2026,51.79,51.79,52.89,51.07,51.75,52.1,51.95,39915,20.73,385,31721,79.47
WSTCSTPAPR,EQ,07-Oct-2026,753.05,758.0,765.65,728.0,728.1,732.3,748.47,210582,1576.14,12244,80134,38.05
WTICAB,SM,07-Oct-2026,99.4,99.65,99.65,96.0,96.5,96.5,96.53,12000,11.58,20,6500,54.17
XCHANGING,EQ,07-Oct-2026,61.86,62.25,62.25,60.55,61.22,61.04,61.32,38682,23.72,777,23489,60.72
XELPMOC,EQ,07-Oct-2026,85.62,85.7,93.45,83.21,93.4,91.32,88.99,23701,21.09,426,11319,47.76
XPROINDIA,EQ,07-Oct-2026,1136.1,1143.8,1148.1,1121.0,1121.0,1130.0,1131.92,20541,232.51,2598,11415,55.57
XTGLOBAL,EQ,07-Oct-2026,27.61,28.1,28.29,27.12,27.2,27.2,27.66,46806,12.94,154,25101,53.63
XTRANET,EQ,07-Oct-2026,300.3,304.0,315.3,294.55,301.0,302.65,307.6,787101,2421.1,13899,306453,38.93
YAAP,SM,07-Oct-2026,125.0,125.0,125.0,119.0,122.9,122.9,121.06,24000,29.06,24,9000,37.50
YASHO,EQ,07-Oct-2026,4282.8,4339.6,4468.6,4294.9,4320.0,4337.6,4375.29,60414,2643.29,13117,25356,41.97
YASHOPTICS,SM,07-Oct-2026,127.0,130.95,131.5,128.0,130.0,130.0,129.85,13600,17.66,16,12000,88.24
YATHARTH,EQ,07-Oct-2026,1058.8,1058.9,1068.4,1022.3,1035.0,1032.7,1043.09,271988,2837.07,20351,102963,37.86
YATRA,EQ,07-Oct-2026,101.48,101.0,102.19,100.36,100.5,101.59,101.35,417216,422.85,4040,205306,49.21
YCCL,SM,07-Oct-2026,8.5,8.65,8.7,7.9,8.15,8.15,8.35,12000,1.0,4,12000,100.00
YESBANK,EQ,07-Oct-2026,20.86,20.89,20.93,20.63,20.79,20.79,20.77,73908969,15347.6,64222,33490428,45.31
YOGI,EQ,07-Oct-2026,161.0,161.0,162.0,161.0,162.0,161.86,161.22,345,0.56,25,335,97.10
YUDIZ,SM,07-Oct-2026,24.05,22.85,22.85,22.85,22.85,22.85,22.85,1600,0.37,2,1600,100.00
YUKEN,EQ,07-Oct-2026,1238.6,1251.0,1263.3,1213.3,1215.0,1216.5,1231.1,14333,176.45,1977,6271,43.75
ZAGGLE,EQ,07-Oct-2026,171.88,172.28,175.02,170.26,171.73,172.22,172.5,1255445,2165.64,13618,494592,39.40
ZEAL,SM,07-Oct-2026,70.7,70.7,70.7,70.7,70.7,70.7,70.7,600,0.42,1,600,100.00
ZEEL,EQ,07-Oct-2026,72.42,72.5,72.69,69.83,70.25,70.12,70.94,16790305,11910.49,57989,6501949,38.72
ZEELEARN,EQ,07-Oct-2026,6.37,6.4,6.45,6.19,6.23,6.29,6.34,281457,17.86,551,223389,79.37
ZEEMEDIA,EQ,07-Oct-2026,7.22,7.27,7.27,7.15,7.24,7.21,7.2,668835,48.15,769,429120,64.16
ZENITHDRUG,SM,07-Oct-2026,42.05,42.05,42.3,42.05,42.15,42.15,42.12,5600,2.36,4,5600,100.00
ZENITHEXPO,EQ,07-Oct-2026,187.56,188.0,188.0,186.63,186.63,186.63,187.32,20,0.04,5,20,100.00
ZENITHSTL,EQ,07-Oct-2026,5.25,5.32,5.32,5.11,5.29,5.28,5.22,10316,0.54,120,9276,89.92
ZENSARTECH,EQ,07-Oct-2026,445.45,445.75,446.45,436.25,440.6,439.3,439.74,485832,2136.4,20321,213517,43.95
ZENTEC,EQ,07-Oct-2026,1614.3,1608.0,1608.0,1572.0,1579.0,1580.2,1589.96,157459,2503.54,13372,68674,43.61
ZFCVINDIA,EQ,07-Oct-2026,2187.4,2190.1,2208.0,2134.1,2175.0,2172.2,2164.51,62876,1360.96,11995,34673,55.15
ZFSTEERING,EQ,07-Oct-2026,710.25,715.0,718.55,685.5,693.75,691.7,698.79,2425,16.95,249,1610,66.39
ZIMLAB,EQ,07-Oct-2026,138.57,140.0,152.5,136.47,146.0,146.61,147.09,846341,1244.87,14670,298347,35.25
ZODIAC,EQ,07-Oct-2026,212.65,211.0,221.19,205.05,212.65,214.34,214.87,8614,18.51,597,5746,66.71
ZODIACLOTH,EQ,07-Oct-2026,66.67,66.97,68.97,66.7,67.01,67.71,67.25,518,0.35,59,363,70.08
ZOTA,EQ,07-Oct-2026,1278.6,1278.0,1358.6,1251.6,1330.0,1342.1,1318.58,166584,2196.55,7500,83157,49.92
ZSARACOM,EQ,07-Oct-2026,9961.0,9950.0,10300.0,9950.0,10290.0,10282.0,10145.92,12,1.22,10,10,83.33
ZTECH,SM,07-Oct-2026,488.15,470.0,485.5,470.0,471.5,471.5,479.64,9300,44.61,22,7200,77.42
ZUARI,EQ,07-Oct-2026,218.28,217.9,219.46,213.35,216.1,216.19,216.38,34045,73.67,1274,17312,50.85
ZUARIIND,EQ,07-Oct-2026,288.45,289.9,289.9,279.6,281.5,281.45,282.97,53991,152.78,2103,28045,51.94
ZYDUSLIFE,EQ,07-Oct-2026,1159.5,1165.0,1167.4,1147.6,1153.0,1153.0,1156.3,1143059,13217.16,25945,637175,55.74
ZYDUSWELL,EQ,07-Oct-2026,502.4,505.7,513.0,498.3,505.0,507.55,505.2,147985,747.62,12482,50443,34.09
