SYMBOL,SERIES,DATE1,PREV_CLOSE,OPEN_PRICE,HIGH_PRICE,LOW_PRICE,LAST_PRICE,CLOSE_PRICE,AVG_PRICE,TTL_TRD_QNTY,TURNOVER_LACS,NO_OF_TRADES,DELIV_QTY,DELIV_PER
20MICRONS,EQ,05-Oct-2026,207.26,206.0,212.24,202.01,204.35,204.61,206.37,80913,166.98,2881,30447,37.63
21STCENMGM,EQ,05-Oct-2026,38.0,38.49,38.5,37.24,37.24,37.61,37.97,5247,1.99,39,3616,68.92
360ONE,EQ,05-Oct-2026,1040.0,1033.6,1059.6,1033.3,1050.0,1050.0,1049.35,564932,5928.11,67190,303874,53.79
3BBLACKBIO,EQ,05-Oct-2026,1646.8,1646.9,1734.0,1609.6,1609.6,1624.7,1673.46,14040,234.95,2297,5670,40.38
3IINFOLTD,BE,05-Oct-2026,22.45,22.4,22.9,22.16,22.75,22.62,22.41,297520,66.69,582,-,-
3MINDIA,EQ,05-Oct-2026,30795.0,30825.0,31170.0,30220.0,30410.0,30400.0,30603.32,2411,737.85,1555,1115,46.25
3PLAND,EQ,05-Oct-2026,31.12,30.51,31.72,30.11,30.5,30.48,30.56,2359,0.72,83,2302,97.58
574GS2026,GS,05-Oct-2026,102.49,99.92,102.2,99.92,101.71,101.71,101.58,220,0.22,6,110,50.00
5PAISA,EQ,05-Oct-2026,316.35,321.85,379.6,320.9,358.25,360.9,362.92,2189848,7947.3,59297,261716,11.95
610GS2031,GS,05-Oct-2026,97.13,99.75,99.75,99.75,99.75,99.75,99.75,1,0.0,1,1,100.00
620GS2029,GS,05-Oct-2026,98.5,98.0,98.0,97.8,97.8,97.8,97.86,1000,0.98,5,1000,100.00
636GS2031,GS,05-Oct-2026,99.0,99.5,99.5,99.5,99.5,99.5,99.5,2040,2.03,1,2040,100.00
63MOONS,EQ,05-Oct-2026,802.25,805.35,821.0,785.0,785.1,789.75,800.6,141052,1129.26,7429,60873,43.16
648GS2035,GS,05-Oct-2026,98.5,95.3,97.15,95.3,97.0,97.0,96.95,3968,3.85,10,3968,100.00
653GS2031,GS,05-Oct-2026,98.0,99.8,99.8,99.8,99.8,99.8,99.8,2000,2.0,2,2000,100.00
654GS2032,GS,05-Oct-2026,99.1,99.25,99.25,99.25,99.25,99.25,99.25,1000,0.99,1,1000,100.00
657GS2033A,GS,05-Oct-2026,99.9,99.0,99.0,99.0,99.0,99.0,99.0,555,0.55,1,555,100.00
667GS2050,GS,05-Oct-2026,91.25,92.0,92.0,91.9,91.9,91.95,92.0,2282,2.1,5,2282,100.00
668GS2033,GS,05-Oct-2026,99.0,99.05,99.05,97.3,98.0,98.0,98.44,2100,2.07,7,1200,57.14
668GS2040,GS,05-Oct-2026,98.0,96.47,98.0,96.0,96.0,96.0,97.54,120214,117.25,6,120214,100.00
675GS2029,GS,05-Oct-2026,101.0,101.0,101.0,101.0,101.0,101.0,101.0,1000,1.01,2,1000,100.00
676GS2061,GS,05-Oct-2026,88.55,89.6,89.6,88.58,89.45,89.44,89.34,31094,27.78,34,29345,94.38
679GS2031,GS,05-Oct-2026,101.5,100.49,100.49,100.49,100.49,100.49,100.49,100,0.1,4,100,100.00
679GS2034,GS,05-Oct-2026,101.5,101.5,101.5,101.5,101.5,101.5,101.5,1350,1.37,2,1350,100.00
68GS2060,GS,05-Oct-2026,91.15,92.2,92.2,91.0,91.2,91.2,91.25,3572,3.26,20,3572,100.00
690GS2065,GS,05-Oct-2026,92.98,93.54,93.54,92.25,93.23,93.23,92.5,1922,1.78,11,1903,99.01
692GS2039,GS,05-Oct-2026,99.0,99.02,99.02,99.0,99.0,99.0,99.0,100,0.1,4,100,100.00
694GS2036,GS,05-Oct-2026,101.23,101.23,104.0,101.23,102.25,102.26,102.34,1610,1.65,6,1103,68.51
695GS2061,GS,05-Oct-2026,92.08,93.0,93.0,91.52,91.52,91.52,92.02,6,0.01,4,4,66.67
697GR2034,GS,05-Oct-2026,97.99,97.0,97.0,97.0,97.0,97.0,97.0,100,0.1,1,100,100.00
699GS2051,GS,05-Oct-2026,96.0,96.7,96.7,96.7,96.7,96.7,96.7,772,0.75,2,772,100.00
702GS2027,GS,05-Oct-2026,102.98,102.32,102.45,102.32,102.45,102.45,102.32,101,0.1,2,101,100.00
704GS2029,GS,05-Oct-2026,102.0,102.95,102.95,102.5,102.5,102.5,102.5,5001,5.13,5,5001,100.00
706GS2041,GS,05-Oct-2026,100.7,99.69,99.69,99.69,99.69,99.69,99.69,100,0.1,1,100,100.00
709GS2054,GS,05-Oct-2026,94.5,95.74,95.74,95.0,95.0,95.0,95.22,5104,4.86,8,5102,99.96
709GS2074,GS,05-Oct-2026,94.36,94.41,94.88,94.41,94.83,94.83,94.72,1948,1.85,7,1948,100.00
710GS2029,GS,05-Oct-2026,103.5,103.0,103.15,103.0,103.15,103.15,103.0,6125,6.31,16,6075,99.18
717GS2030,GS,05-Oct-2026,103.35,102.26,103.35,102.25,103.35,103.35,102.28,4300,4.4,4,4300,100.00
718GS2033,GS,05-Oct-2026,101.2,101.2,101.2,101.2,101.2,101.2,101.2,1,0.0,1,1,100.00
718GS2037,GS,05-Oct-2026,102.0,104.55,104.55,100.82,101.12,101.12,100.86,509,0.51,3,509,100.00
71GS2034,GS,05-Oct-2026,103.18,103.73,103.73,103.38,103.38,103.38,103.41,11,0.01,2,11,100.00
724GS2055,GS,05-Oct-2026,95.5,95.15,96.3,95.15,96.0,96.0,95.95,65201,62.56,52,65101,99.85
725GS2063,GS,05-Oct-2026,96.04,96.3,97.25,96.11,96.25,96.61,96.41,113463,109.39,80,111642,98.40
726GS2032,GS,05-Oct-2026,100.01,100.55,100.8,100.52,100.52,100.52,100.58,6008,6.04,9,6008,100.00
726GS2033,GS,05-Oct-2026,100.82,100.83,100.83,100.82,100.82,100.82,100.82,20,0.02,2,20,100.00
733GS2026,GS,05-Oct-2026,103.0,101.97,103.0,101.97,102.82,102.82,102.74,501,0.51,9,351,70.06
734GS2064,GS,05-Oct-2026,98.63,98.9,98.94,98.4,98.65,98.65,98.61,48101,47.43,69,43094,89.59
736GS2052,GS,05-Oct-2026,98.0,97.0,98.45,97.0,98.45,98.45,97.38,136,0.13,3,136,100.00
737GS2028,GS,05-Oct-2026,104.5,104.0,104.0,104.0,104.0,104.0,104.0,3000,3.12,3,3000,100.00
738GS2027,GS,05-Oct-2026,102.41,102.79,102.83,102.45,102.83,102.81,102.69,61762,63.42,22,60761,98.38
73GS2053,GS,05-Oct-2026,97.42,98.05,98.05,97.3,97.3,97.31,97.49,8558,8.34,28,8558,100.00
741GS2036,GS,05-Oct-2026,103.0,103.0,103.0,102.6,103.0,103.0,102.95,4263,4.39,25,4260,99.93
743GS2076,GS,05-Oct-2026,98.5,97.6,99.0,97.6,98.3,98.3,98.44,8465,8.33,40,7614,89.95
746GS2073,GS,05-Oct-2026,99.86,101.99,101.99,101.99,101.99,101.99,101.99,201,0.2,2,201,100.00
74GS2062,GS,05-Oct-2026,98.0,98.9,98.9,98.0,98.0,98.0,98.45,2869,2.82,11,2869,100.00
750GS2056,GS,05-Oct-2026,99.45,101.0,101.0,101.0,101.0,101.0,101.0,100,0.1,1,100,100.00
754GS2036,GS,05-Oct-2026,104.66,104.02,104.8,104.02,104.7,104.67,104.67,400150,418.82,136,384824,96.17
757GS2033,GS,05-Oct-2026,103.7,103.2,103.2,103.2,103.2,103.2,103.2,8000,8.26,1,8000,100.00
762GS2039,GS,05-Oct-2026,102.0,102.0,102.0,102.0,102.0,102.0,102.0,1000,1.02,1,1000,100.00
763GS2056,GS,05-Oct-2026,100.5,100.65,100.65,100.2,100.2,100.2,100.22,34800,34.88,4,34800,100.00
771GS2066,GS,05-Oct-2026,103.05,102.5,104.15,102.02,103.29,103.29,103.24,9109,9.4,31,8698,95.49
824GS2027,GS,05-Oct-2026,103.3,101.31,101.6,101.31,101.6,101.6,101.46,120,0.12,3,60,50.00
92GS2030,GS,05-Oct-2026,109.61,109.7,109.7,108.5,108.9,108.9,108.67,17226,18.72,28,16990,98.63
A2ZINFRA,EQ,05-Oct-2026,14.38,14.4,14.88,13.67,13.67,13.76,14.17,295238,41.84,1945,117932,39.94
AAATECH,EQ,05-Oct-2026,92.74,96.0,103.8,93.2,95.2,95.44,99.49,196936,195.93,4169,33882,17.20
AADHARHFC,EQ,05-Oct-2026,448.4,450.95,455.7,449.05,453.6,453.7,451.69,255416,1153.69,16741,138436,54.20
AAKASH,EQ,05-Oct-2026,8.34,8.4,8.8,8.25,8.5,8.44,8.52,73690,6.28,404,56248,76.33
AARADHYA,ST,05-Oct-2026,123.05,121.0,128.65,121.0,128.65,128.65,123.55,3600,4.45,3,3600,100.00
AAREYDRUGS,EQ,05-Oct-2026,103.85,104.02,106.51,100.5,104.03,104.07,103.49,234591,242.77,2070,144474,61.59
AARNAV,BE,05-Oct-2026,35.5,35.5,37.0,34.5,36.5,36.49,36.31,36944,13.41,80,-,-
AARON,EQ,05-Oct-2026,123.11,122.5,125.0,120.85,122.98,122.25,122.41,4568,5.59,203,3179,69.59
AARTECH,BE,05-Oct-2026,47.92,48.13,48.13,47.1,47.15,47.3,47.49,30889,14.67,183,-,-
AARTIDRUGS,EQ,05-Oct-2026,421.0,424.9,425.35,413.6,414.5,415.0,418.62,123549,517.21,4911,56915,46.07
AARTIIND,EQ,05-Oct-2026,465.1,469.0,475.8,459.55,472.65,470.85,466.74,561260,2619.63,24069,231239,41.20
AARTIPHARM,EQ,05-Oct-2026,968.5,981.0,991.8,940.55,946.7,946.6,957.36,629798,6029.41,38027,272927,43.34
AARTISURF,BE,05-Oct-2026,498.5,499.95,505.0,492.0,492.0,493.0,496.33,4398,21.83,180,-,-
AARVI,EQ,05-Oct-2026,137.12,136.51,138.0,133.52,135.05,135.18,135.15,8409,11.36,177,5571,66.25
AASTHA,EQ,05-Oct-2026,32.45,31.7,32.53,30.83,30.83,30.83,31.1,563310,175.16,3037,359221,63.77
AATMAJ,SM,05-Oct-2026,20.0,20.25,23.05,20.25,21.95,21.95,22.36,34000,7.6,15,22000,64.71
AAVAS,EQ,05-Oct-2026,1190.9,1195.5,1234.7,1192.6,1212.0,1219.5,1228.87,229879,2824.91,11565,178475,77.64
ABAN,BE,05-Oct-2026,15.36,16.12,16.12,16.12,16.12,16.12,16.12,18844,3.04,86,-,-
ABANSENT,EQ,05-Oct-2026,27.6,27.78,28.28,26.6,27.88,27.11,27.52,3718,1.02,118,2262,60.84
ABB,EQ,05-Oct-2026,6900.0,6950.0,6981.0,6846.5,6895.0,6895.0,6907.86,157334,10868.41,28656,74160,47.14
ABBOTINDIA,EQ,05-Oct-2026,26840.0,26705.0,26840.0,26030.0,26345.0,26240.0,26294.09,5773,1517.96,3386,2491,43.15
ABCAPITAL,EQ,05-Oct-2026,375.05,375.95,381.3,373.85,377.4,377.4,376.69,1609846,6064.09,29888,840130,52.19
ABCOTS,EQ,05-Oct-2026,189.91,198.0,198.0,192.14,196.55,195.98,196.23,2569,5.04,121,1892,73.65
ABDL,EQ,05-Oct-2026,679.45,682.0,701.0,680.25,695.9,696.75,689.37,337569,2327.1,18879,140729,41.69
ABFRL,EQ,05-Oct-2026,44.53,44.6,45.37,44.25,44.47,44.34,44.68,3728699,1666.1,16542,1701511,45.63
ABGSEC,EQ,05-Oct-2026,113.58,112.44,113.53,112.44,113.53,113.53,113.23,55,0.06,10,35,63.64
ABH,SM,05-Oct-2026,41.45,42.0,43.5,42.0,43.5,43.5,43.4,28800,12.5,23,26400,91.67
ABHAPOWER,SM,05-Oct-2026,23.85,24.0,24.0,22.9,23.05,23.05,23.32,4800,1.12,3,3200,66.67
ABINFRA,BE,05-Oct-2026,12.56,12.56,12.75,12.25,12.36,12.35,12.37,68896,8.52,204,-,-
ABLBL,EQ,05-Oct-2026,74.44,75.5,75.5,72.2,73.5,73.37,73.72,1522029,1121.97,18004,683045,44.88
ABMINTLLTD,BE,05-Oct-2026,45.2,44.07,45.0,44.07,45.0,45.0,44.92,278,0.12,15,-,-
ABMKNO,EQ,05-Oct-2026,168.07,176.0,176.0,165.2,165.25,165.85,167.6,461,0.77,32,328,71.15
ABREL,EQ,05-Oct-2026,1100.5,1110.4,1131.1,1079.0,1079.0,1082.6,1094.04,310042,3391.97,25433,177061,57.11
ABSL10BANK,EQ,05-Oct-2026,162.3,163.01,163.01,161.28,162.44,162.01,162.55,392,0.64,17,307,78.32
ABSLAMC,EQ,05-Oct-2026,991.7,985.0,1043.6,971.1,1026.0,1028.55,1021.91,300672,3072.6,32218,151013,50.23
ABSLBANETF,EQ,05-Oct-2026,55.97,55.99,56.57,55.91,55.94,56.03,56.17,17447,9.8,380,6359,36.45
ABSLLIQUID,EQ,05-Oct-2026,1000.0,999.99,1000.01,999.99,1000.01,999.99,1000.0,29146,291.46,49,25694,88.16
ABSLMSCIN,EQ,05-Oct-2026,27.68,28.33,28.33,27.55,27.72,27.72,27.61,1353,0.37,13,1128,83.37
ABSLNN50ET,EQ,05-Oct-2026,73.05,74.55,74.55,72.3,73.15,72.69,72.98,18937,13.82,422,9166,48.40
ABSLPSE,EQ,05-Oct-2026,9.73,9.82,9.82,9.62,9.7,9.7,9.69,102705,9.95,552,59208,57.65
ABSMARINE,SM,05-Oct-2026,330.7,330.0,342.0,320.0,325.0,327.05,328.1,48000,157.49,93,34000,70.83
ACC,EQ,05-Oct-2026,1182.8,1189.0,1199.4,1174.6,1183.0,1184.4,1185.54,85873,1018.06,10484,39051,45.48
ACCELYA,EQ,05-Oct-2026,1094.2,1110.0,1130.0,1096.4,1105.0,1105.3,1112.85,45159,502.55,3618,28386,62.86
ACCENTMIC,SM,05-Oct-2026,669.9,660.0,675.0,657.5,659.5,662.9,664.31,20500,136.18,37,18000,87.80
ACCPL,ST,05-Oct-2026,203.3,195.05,195.05,193.15,193.15,194.05,193.43,34800,67.31,21,32400,93.10
ACCURACY,EQ,05-Oct-2026,4.13,4.19,4.23,4.06,4.15,4.15,4.18,106900,4.47,254,85224,79.72
ACE,EQ,05-Oct-2026,1212.3,1210.0,1243.4,1203.0,1227.2,1227.5,1228.63,287382,3530.86,29702,131940,45.91
ACEINTEG,EQ,05-Oct-2026,17.14,17.14,17.14,16.2,16.7,16.53,16.4,1669,0.27,74,1194,71.54
ACETEC,SM,05-Oct-2026,140.0,140.0,140.0,140.0,140.0,140.0,140.0,2400,3.36,2,2400,100.00
ACEVECTOR,EQ,05-Oct-2026,32.0,28.32,28.75,23.37,25.81,26.08,26.14,114297844,29875.66,152137,51968885,45.47
ACGL,EQ,05-Oct-2026,1622.7,1674.4,1689.6,1636.6,1675.0,1683.0,1665.02,1051,17.5,176,783,74.50
ACI,EQ,05-Oct-2026,475.05,479.0,481.2,460.5,465.0,463.2,472.73,659603,3118.11,22203,496247,75.23
ACL,EQ,05-Oct-2026,39.33,39.85,39.99,39.01,39.75,39.8,39.77,11611,4.62,217,9039,77.85
ACMESOLAR,EQ,05-Oct-2026,432.55,434.75,440.0,423.5,427.9,427.65,430.64,809545,3486.21,37603,406093,50.16
ACSTECH,BE,05-Oct-2026,77.85,77.6,77.6,76.3,76.3,76.3,77.02,266469,205.23,314,-,-
ACTIVEINFR,SM,05-Oct-2026,181.25,172.5,172.5,172.5,172.5,172.5,172.5,600,1.04,1,600,100.00
ACUTAAS,EQ,05-Oct-2026,3196.5,3204.1,3228.1,3100.2,3134.0,3122.2,3140.03,274682,8625.1,45529,147250,53.61
ADANIENSOL,EQ,05-Oct-2026,1326.4,1336.1,1377.8,1336.1,1353.4,1353.4,1352.29,2095376,28335.48,52835,933302,44.54
ADANIENT,EQ,05-Oct-2026,2816.8,2843.9,2890.9,2823.0,2864.0,2864.0,2850.72,1782260,50807.21,59017,941305,52.82
ADANIGREEN,EQ,05-Oct-2026,1276.1,1287.4,1303.5,1266.6,1284.0,1284.0,1282.66,1014292,13009.93,31039,352053,34.71
ADANIPORTS,EQ,05-Oct-2026,1737.8,1769.9,1779.0,1737.8,1774.0,1774.0,1758.64,2792824,49115.66,60101,1654334,59.24
ADANIPOWER,EQ,05-Oct-2026,196.21,197.17,201.68,197.1,201.0,201.0,199.35,19752263,39376.77,131298,9327660,47.22
ADDICTIVE,ST,05-Oct-2026,41.0,40.0,40.65,38.95,39.3,40.1,39.13,19000,7.43,15,17000,89.47
ADDIND,EQ,05-Oct-2026,76.4,76.4,81.95,70.0,79.0,79.49,73.96,901,0.67,34,796,88.35
ADFFOODS,EQ,05-Oct-2026,281.4,281.35,285.0,276.7,284.0,282.15,281.14,145718,409.66,5097,71119,48.81
ADISOFT,SM,05-Oct-2026,248.65,255.0,266.0,255.0,264.85,263.65,258.43,155200,401.09,162,128800,82.99
ADL,EQ,05-Oct-2026,72.52,77.0,80.0,72.5,76.36,75.9,75.84,2780,2.11,68,1298,46.69
ADOR,EQ,05-Oct-2026,1570.4,1570.4,1588.3,1500.0,1511.0,1512.0,1527.12,59027,901.41,7423,26030,44.10
ADROITIND,BE,05-Oct-2026,235.98,224.19,224.19,224.19,224.19,224.19,224.19,55903,125.33,1045,-,-
ADROITINFO,BE,05-Oct-2026,13.94,13.25,13.25,13.25,13.25,13.25,13.25,95710,12.68,92,-,-
ADSL,EQ,05-Oct-2026,106.38,108.89,109.48,103.11,105.45,105.51,105.7,165539,174.97,3268,59602,36.00
ADVAIT,EQ,05-Oct-2026,1863.0,1869.1,1903.9,1821.6,1830.0,1832.1,1861.14,31536,586.93,5509,16494,52.30
ADVANCE,EQ,05-Oct-2026,116.75,118.5,118.5,114.39,116.11,115.85,116.3,69861,81.25,1113,43935,62.89
ADVANIHOTR,EQ,05-Oct-2026,46.98,47.0,47.73,47.0,47.24,47.26,47.16,14687,6.93,361,9748,66.37
ADVENTHTL,EQ,05-Oct-2026,123.77,125.2,126.72,121.25,125.24,123.12,123.48,118617,146.47,2131,55300,46.62
ADVENZYMES,EQ,05-Oct-2026,274.25,274.45,276.25,270.45,273.55,272.4,273.31,145809,398.51,4971,79035,54.20
ADVIKCA,EQ,05-Oct-2026,1.0,1.0,1.04,0.98,1.02,0.99,0.99,157535,1.56,231,108472,68.86
AEGISLOG,EQ,05-Oct-2026,1401.1,1400.2,1410.0,1355.0,1357.8,1359.5,1382.86,873548,12079.9,61050,404397,46.29
AEGISVOPAK,EQ,05-Oct-2026,290.75,298.0,299.35,286.45,296.65,297.55,294.44,781630,2301.45,20299,313713,40.14
AEPL,EQ,05-Oct-2026,15.34,15.95,15.95,14.87,14.87,15.01,15.3,9208,1.41,158,6392,69.42
AEQUS,EQ,05-Oct-2026,275.05,279.25,287.7,274.1,286.4,284.5,280.06,3706824,10381.44,59949,1736664,46.85
AEROENTER,EQ,05-Oct-2026,121.93,122.54,130.0,122.54,126.7,126.69,127.2,761790,969.01,9529,264151,34.68
AEROFLEX,EQ,05-Oct-2026,521.35,524.0,551.4,524.0,543.0,544.35,540.64,2372211,12825.17,61108,1098090,46.29
AERON,SM,05-Oct-2026,82.4,85.4,87.9,84.1,86.0,86.0,86.13,6000,5.17,6,5000,83.33
AERONEU,EQ,05-Oct-2026,70.56,70.03,70.99,69.11,70.0,69.7,69.85,29604,20.68,442,26614,89.90
AEROPLANE,EQ,05-Oct-2026,208.14,207.9,216.9,207.46,210.9,211.24,212.04,2097713,4447.9,19182,1006984,48.00
AESTHETIK,SM,05-Oct-2026,65.1,65.2,65.2,65.2,65.2,65.2,65.2,2000,1.3,2,2000,100.00
AETHER,EQ,05-Oct-2026,1670.0,1670.0,1685.0,1639.1,1665.7,1661.0,1660.14,196127,3255.97,24077,97978,49.96
AFCONS,EQ,05-Oct-2026,242.39,244.04,246.79,239.0,240.1,241.5,241.08,481694,1161.29,10393,200833,41.69
AFFLE,EQ,05-Oct-2026,1449.6,1460.4,1475.4,1439.4,1442.0,1443.8,1453.64,155743,2263.95,22946,80666,51.79
AFFORDABLE,EQ,05-Oct-2026,168.11,163.5,172.4,160.0,163.99,163.65,166.47,18790,31.28,596,13183,70.16
AFIL,EQ,05-Oct-2026,7.86,7.8,7.95,7.75,7.75,7.77,7.79,669504,52.15,449,600009,89.62
AFSL,EQ,05-Oct-2026,201.0,201.0,201.95,201.0,201.0,201.0,201.05,6118,12.3,49,4848,79.24
AGARIND,EQ,05-Oct-2026,386.0,384.35,391.6,379.0,380.8,382.95,382.88,24340,93.19,1671,11194,45.99
AGARWALEYE,EQ,05-Oct-2026,486.45,490.2,492.0,475.3,483.85,484.25,482.16,292496,1410.3,15583,178846,61.14
AGARWALFT,SM,05-Oct-2026,26.9,25.6,25.6,25.6,25.6,25.6,25.6,3000,0.77,2,3000,100.00
AGARWALTUF,SM,05-Oct-2026,171.45,172.0,177.0,166.7,175.0,173.5,171.68,158400,271.95,109,66000,41.67
AGASTYAEN,BE,05-Oct-2026,69.55,69.49,69.49,68.16,68.16,68.16,68.8,68044,46.82,175,-,-
AGI,EQ,05-Oct-2026,790.8,800.9,803.65,776.55,782.0,781.7,785.11,62423,490.09,6596,29237,46.84
AGIIL,EQ,05-Oct-2026,260.0,263.8,263.8,258.0,260.55,261.25,260.89,212796,555.16,4363,96523,45.36
AGL,EQ,05-Oct-2026,12.59,12.59,12.85,12.41,12.41,12.5,12.62,1299528,164.04,2576,716012,55.10
AGNI,SM,05-Oct-2026,14.55,15.25,15.25,14.4,14.6,14.55,14.75,27500,4.06,10,25000,90.91
AGRITECH,EQ,05-Oct-2026,89.96,93.9,93.9,86.1,87.0,88.47,89.7,3243,2.91,178,2449,75.52
AGROPHOS,EQ,05-Oct-2026,23.0,23.99,23.99,22.0,22.6,22.31,22.5,26169,5.89,213,22188,84.79
AGSTRA,BZ,05-Oct-2026,2.54,2.49,2.49,2.49,2.49,2.49,2.49,26784,0.67,120,-,-
AGUL,SM,05-Oct-2026,45.75,43.5,43.5,43.5,43.5,43.5,43.5,2000,0.87,1,2000,100.00
AHCL,EQ,05-Oct-2026,32.86,31.22,31.22,31.22,31.22,31.22,31.22,996049,310.97,3473,995023,99.90
AHLADA,EQ,05-Oct-2026,37.06,37.06,39.0,37.05,37.51,37.91,37.47,12512,4.69,91,4816,38.49
AHLEAST,EQ,05-Oct-2026,136.0,134.05,136.9,134.0,136.69,135.31,136.22,1013,1.38,40,824,81.34
AHLUCONT,EQ,05-Oct-2026,555.9,560.0,579.0,550.7,570.65,569.8,569.3,135950,773.96,7352,43771,32.20
AHLWEST,BE,05-Oct-2026,535.05,510.05,545.0,510.05,545.0,545.0,539.8,730,3.94,25,-,-
AIAENG,EQ,05-Oct-2026,3824.4,3827.0,3894.9,3802.5,3862.1,3863.2,3854.7,27893,1075.19,12564,14561,52.20
AIIL,EQ,05-Oct-2026,539.3,540.6,553.9,539.0,551.35,551.6,547.67,146383,801.69,8087,73297,50.07
AIMTRON,SM,05-Oct-2026,1898.85,1920.0,1950.0,1850.0,1870.0,1873.55,1892.67,30600,579.16,140,18800,61.44
AIRAN,EQ,05-Oct-2026,15.6,15.3,15.88,15.28,15.43,15.43,15.52,44277,6.87,379,33611,75.91
AIROLAM,EQ,05-Oct-2026,89.58,93.9,93.9,87.21,90.0,89.54,88.87,2158,1.92,60,2102,97.41
AISL,SM,05-Oct-2026,66.85,70.0,70.15,66.1,70.15,70.15,68.16,16200,11.04,14,15000,92.59
AJANTPHARM,EQ,05-Oct-2026,3581.0,3581.4,3588.6,3459.0,3499.7,3486.0,3506.19,104722,3671.75,22710,55900,53.38
AJAXENGG,EQ,05-Oct-2026,586.4,582.05,600.5,582.05,589.05,594.25,593.24,104544,620.19,7501,52921,50.62
AJMERA,EQ,05-Oct-2026,119.6,119.6,120.69,113.63,116.11,116.7,115.96,559485,648.77,5879,291617,52.12
AJOONI,EQ,05-Oct-2026,3.1,3.1,3.12,3.0,3.09,3.02,3.06,277384,8.5,531,207688,74.87
AKANKSHA,SM,05-Oct-2026,169.35,173.0,177.8,170.0,177.8,177.8,174.34,76000,132.5,63,62000,81.58
AKASH,EQ,05-Oct-2026,24.95,25.69,25.69,24.5,24.64,24.64,24.77,1766,0.44,27,1420,80.41
AKCAPIT,EQ,05-Oct-2026,1714.1,1700.0,1748.6,1700.0,1748.0,1746.7,1735.65,598,10.38,52,584,97.66
AKG,EQ,05-Oct-2026,9.71,9.71,9.71,9.32,9.34,9.35,9.43,66518,6.27,162,63875,96.03
AKI,BE,05-Oct-2026,6.16,6.37,6.37,5.91,6.0,6.01,6.03,69890,4.21,214,-,-
AKIKO,SM,05-Oct-2026,415.5,416.05,441.0,416.05,441.0,431.4,422.99,13600,57.53,15,12800,94.12
AKSHAR,EQ,05-Oct-2026,0.41,0.42,0.43,0.41,0.43,0.42,0.42,1171427,4.89,270,778798,66.48
AKSHARCHEM,BE,05-Oct-2026,379.1,379.0,380.0,360.5,368.95,365.3,372.67,6461,24.08,118,-,-
AKSHOPTFBR,BE,05-Oct-2026,7.07,7.07,7.14,6.99,7.04,7.02,7.04,191950,13.51,309,-,-
AKUMS,EQ,05-Oct-2026,813.1,819.0,825.0,796.35,798.2,801.35,807.18,117017,944.54,9967,52310,44.70
ALANKIT,EQ,05-Oct-2026,7.65,7.67,7.85,7.5,7.55,7.61,7.66,96028,7.36,532,63340,65.96
ALBERTDAVD,EQ,05-Oct-2026,856.7,856.0,868.4,831.6,838.0,836.45,845.7,2685,22.71,431,1840,68.53
ALEMBICLTD,EQ,05-Oct-2026,104.11,105.9,106.0,103.38,104.1,104.44,104.58,540160,564.89,6733,254157,47.05
ALFREDHE,EQ,05-Oct-2026,2823.0,2820.0,2820.0,2748.0,2748.0,2748.0,2768.2,22,0.61,11,16,72.73
ALGOQUANT,EQ,05-Oct-2026,67.51,67.07,69.77,67.05,68.28,68.25,68.53,1133101,776.56,5818,165408,14.60
ALICON,EQ,05-Oct-2026,871.95,889.8,889.9,832.05,854.0,848.95,859.64,99365,854.18,8522,26255,26.42
ALIVUS,EQ,05-Oct-2026,1374.2,1376.0,1398.0,1349.2,1373.8,1373.7,1369.53,97234,1331.65,18167,53460,54.98
ALKALI,BE,05-Oct-2026,87.1,85.0,89.0,85.0,87.0,87.29,86.91,7911,6.88,106,-,-
ALKEM,EQ,05-Oct-2026,5220.0,5210.0,5235.0,5136.0,5192.5,5192.5,5164.27,102619,5299.52,16919,53686,52.32
ALKYLAMINE,EQ,05-Oct-2026,1741.4,1741.4,1770.0,1715.0,1746.0,1730.4,1735.57,35207,611.04,9541,14914,42.36
ALLCARGO,EQ,05-Oct-2026,10.12,10.12,10.32,10.0,10.05,10.03,10.11,3374008,341.1,5552,1639232,48.58
ALLDIGI,EQ,05-Oct-2026,756.35,756.35,766.45,741.3,741.3,750.9,755.34,2786,21.04,495,1734,62.24
ALLETEC,SM,05-Oct-2026,122.7,122.7,126.0,121.0,124.65,124.65,123.25,12400,15.28,30,8400,67.74
ALLTIME,EQ,05-Oct-2026,188.04,189.99,191.5,182.0,185.0,183.8,185.7,73063,135.68,2294,40645,55.63
ALMONDZ,BE,05-Oct-2026,19.11,19.2,19.49,18.35,19.18,19.01,18.83,93445,17.59,185,-,-
ALOKINDS,EQ,05-Oct-2026,7.06,7.06,7.24,7.04,7.15,7.12,7.14,9915737,707.79,8661,3128369,31.55
ALPA,EQ,05-Oct-2026,59.26,59.25,60.25,58.25,58.78,59.0,58.98,5432,3.2,116,3047,56.09
ALPEXSOLAR,SM,05-Oct-2026,823.2,828.6,852.0,805.3,810.0,810.8,817.8,28800,235.53,229,17800,61.81
ALPHA,EQ,05-Oct-2026,51.28,51.27,51.83,51.07,51.35,51.4,51.43,1298674,667.95,4518,712772,54.88
ALPHAETF,EQ,05-Oct-2026,25.04,24.91,25.41,24.91,25.29,25.14,25.19,1185751,298.75,1433,725160,61.16
ALPHAGEO,BE,05-Oct-2026,258.2,260.0,260.0,247.15,255.75,254.75,253.77,4073,10.34,134,-,-
ALPINETEX,EQ,05-Oct-2026,46.63,46.61,48.0,45.52,46.0,45.82,46.33,92407,42.81,1776,45197,48.91
ALPL30IETF,EQ,05-Oct-2026,25.9,25.89,26.03,25.77,26.03,25.86,25.79,3009611,776.24,1682,2696704,89.60
ALUFLUOR,EQ,05-Oct-2026,633.8,643.95,643.95,612.9,616.1,616.8,619.73,14660,90.85,822,11572,78.94
ALUWIND,SM,05-Oct-2026,48.0,48.0,49.4,48.0,48.5,48.5,48.4,9000,4.36,6,7500,83.33
AMAGI,EQ,05-Oct-2026,554.05,551.35,577.0,551.35,569.9,569.7,569.41,449516,2559.59,31829,224936,50.04
AMAL,EQ,05-Oct-2026,702.4,710.0,715.0,692.1,697.0,699.5,703.98,4382,30.85,421,2593,59.17
AMANTA,BE,05-Oct-2026,190.4,196.0,199.92,195.0,199.92,199.92,199.68,74113,147.99,266,-,-
AMARJOTHI,EQ,05-Oct-2026,150.0,151.0,151.5,146.5,146.5,146.5,148.35,510,0.76,42,471,92.35
AMBAAUTO,SM,05-Oct-2026,108.5,112.75,112.75,110.0,112.0,112.0,111.73,16000,17.88,16,5000,31.25
AMBALALSA,BE,05-Oct-2026,37.89,38.49,38.88,36.7,38.0,37.97,37.58,60118,22.59,236,-,-
AMBER,EQ,05-Oct-2026,6500.0,6535.0,6652.5,6492.0,6585.0,6585.0,6567.07,114789,7538.27,22611,42539,37.06
AMBICAAGAR,EQ,05-Oct-2026,23.89,23.55,24.98,23.55,24.0,23.83,24.02,5501,1.32,121,2716,49.37
AMBIKCO,EQ,05-Oct-2026,1505.8,1537.0,1545.0,1523.2,1530.0,1534.0,1533.49,5905,90.55,949,3252,55.07
AMBUJACEM,EQ,05-Oct-2026,362.25,363.2,368.9,361.05,366.5,366.5,364.36,1848613,6735.54,23261,790227,42.75
AMCL,SM,05-Oct-2026,341.05,348.0,383.3,348.0,375.0,370.6,365.78,89200,326.28,66,86000,96.41
AMDIND,BE,05-Oct-2026,52.09,52.5,53.4,51.11,51.48,51.31,51.99,11704,6.09,181,-,-
AMEYA,SM,05-Oct-2026,150.5,147.0,147.0,143.0,143.0,143.0,144.63,4000,5.79,4,2000,50.00
AMJLAND,EQ,05-Oct-2026,37.02,37.75,38.5,36.75,36.79,37.14,37.57,9244,3.47,127,7700,83.30
AMNPLST,EQ,05-Oct-2026,165.43,169.75,169.75,157.85,160.0,160.29,161.9,4095,6.63,220,2631,64.25
AMRUTANJAN,EQ,05-Oct-2026,513.2,513.2,524.0,511.0,519.0,518.1,518.22,36616,189.75,1653,22139,60.46
ANANDRATHI,EQ,05-Oct-2026,2117.5,2117.5,2135.0,2101.2,2132.0,2132.0,2119.31,404648,8575.73,26216,229800,56.79
ANANTAM,IV,05-Oct-2026,103.98,104.9,104.9,103.95,104.0,103.97,103.99,13400,13.94,128,12663,94.50
ANANTRAJ,EQ,05-Oct-2026,577.85,580.0,592.85,575.0,588.0,587.4,585.57,1053429,6168.53,34550,369001,35.03
ANAWIL,SM,05-Oct-2026,425.75,417.05,421.0,387.0,398.0,393.3,401.03,359600,1442.11,809,197200,54.84
ANDHRAPAP,EQ,05-Oct-2026,71.36,71.36,73.55,69.55,69.81,69.94,70.99,849036,602.72,3516,715607,84.28
ANDHRSUGAR,EQ,05-Oct-2026,91.06,92.58,94.16,91.0,92.15,91.95,92.27,300289,277.06,5000,138009,45.96
ANDREWYU,EQ,05-Oct-2026,24.98,25.0,25.9,24.11,25.38,25.34,24.97,97343,24.31,699,38589,39.64
ANGELONE,EQ,05-Oct-2026,276.8,276.8,286.3,273.5,285.2,285.2,282.11,4255848,12006.12,36784,1171360,27.52
ANIKINDS,EQ,05-Oct-2026,44.0,44.0,45.99,42.55,44.6,44.56,44.48,6250,2.78,88,4477,71.63
ANKITMETAL,BZ,05-Oct-2026,2.06,2.16,2.16,2.16,2.16,2.16,2.16,21388,0.46,27,-,-
ANLON,SM,05-Oct-2026,758.55,755.0,769.0,745.0,769.0,758.2,756.47,7200,54.47,17,6000,83.33
ANMOL,BE,05-Oct-2026,13.5,13.85,13.85,12.86,13.31,13.07,13.21,25815,3.41,133,-,-
ANNAPURNA,EQ,05-Oct-2026,128.6,128.6,135.0,127.0,130.97,130.44,131.07,46616,61.1,1595,30260,64.91
ANNU,EQ,05-Oct-2026,47.09,48.0,48.0,45.0,45.38,45.12,45.9,361049,165.72,4829,197633,54.74
ANONDITA,SM,05-Oct-2026,1078.7,1054.05,1081.6,1005.05,1030.0,1031.0,1037.73,94400,979.62,359,56400,59.75
ANSALAPI,BZ,05-Oct-2026,4.08,4.0,4.15,4.0,4.0,4.0,4.01,37961,1.52,59,-,-
ANSALBU,EQ,05-Oct-2026,85.13,84.28,101.0,83.0,85.57,85.6,93.12,2620,2.44,106,1203,45.92
ANTELOPUS,EQ,05-Oct-2026,1106.5,1113.9,1143.8,1092.0,1103.7,1103.4,1115.61,299917,3345.92,21089,72054,24.02
ANTGRAPHIC,EQ,05-Oct-2026,0.69,0.7,0.71,0.68,0.69,0.69,0.7,216722,1.52,212,202841,93.60
ANTHEM,EQ,05-Oct-2026,855.75,855.95,858.85,840.6,850.5,851.9,850.66,292397,2487.29,21858,180778,61.83
ANUHPHR,EQ,05-Oct-2026,85.85,85.99,88.49,83.7,84.7,84.15,85.39,86676,74.01,1923,45355,52.33
ANUP,EQ,05-Oct-2026,1566.7,1566.7,1574.9,1523.0,1535.0,1539.0,1546.44,21490,332.33,4005,10910,50.77
ANURAS,EQ,05-Oct-2026,1163.7,1165.0,1175.9,1158.2,1166.0,1164.4,1165.5,216772,2526.47,8597,158064,72.92
ANYA,SM,05-Oct-2026,17.3,17.7,18.5,17.7,18.0,18.0,18.14,40000,7.26,7,35000,87.50
ANZEN,IV,05-Oct-2026,128.9,130.5,131.5,130.5,131.0,131.0,130.9,125000,163.63,5,125000,100.00
AONEGOLD,EQ,05-Oct-2026,13.68,13.8,13.81,13.48,13.76,13.74,13.71,629525,86.32,2861,396878,63.04
AONELIQUID,EQ,05-Oct-2026,1079.57,1079.73,1079.73,1079.71,1079.73,1079.71,1079.72,13665,147.54,119,7240,52.98
AONENIFTY,EQ,05-Oct-2026,9.36,9.31,9.55,9.17,9.36,9.31,9.33,279668,26.08,2038,195543,69.92
AONESILVER,EQ,05-Oct-2026,8.35,8.53,8.53,8.35,8.48,8.48,8.45,333941,28.23,1409,249504,74.71
AONESTEELS,EQ,05-Oct-2026,416.55,413.5,413.6,386.1,386.1,389.4,397.22,831655,3303.47,20575,285307,34.31
AONETMMQ50,EQ,05-Oct-2026,9.84,9.64,10.2,9.64,9.93,9.89,9.88,330352,32.63,337,318339,96.36
AONETOTAL,EQ,05-Oct-2026,11.22,11.0,11.67,11.0,11.27,11.21,11.25,334585,37.63,1694,171043,51.12
APARINDS,EQ,05-Oct-2026,17648.0,17844.0,18379.0,17750.0,18150.0,18102.0,18101.28,102559,18564.49,34835,41598,40.56
APCL,EQ,05-Oct-2026,94.76,96.99,96.99,91.5,93.3,94.0,93.92,3410,3.2,184,2272,66.63
APCOTEXIND,EQ,05-Oct-2026,593.25,599.0,599.0,577.0,584.0,587.25,587.32,48855,286.94,3913,26502,54.25
APEX,EQ,05-Oct-2026,326.3,334.65,334.65,323.5,327.9,328.4,327.89,78909,258.73,3647,23880,30.26
APEXECO,ST,05-Oct-2026,255.95,256.0,258.0,250.0,251.0,251.0,253.25,16000,40.52,20,16000,100.00
APLAPOLLO,EQ,05-Oct-2026,2115.7,2124.6,2147.4,2061.4,2099.8,2099.8,2092.72,678442,14197.91,35607,314705,46.39
APLLTD,EQ,05-Oct-2026,815.25,815.25,836.8,812.2,832.0,831.25,828.13,282527,2339.7,38104,174380,61.72
APOLLO,EQ,05-Oct-2026,394.0,395.5,405.5,395.0,402.4,401.7,400.83,4584428,18375.88,52256,1133399,24.72
APOLLOHOSP,EQ,05-Oct-2026,8133.5,7880.5,8076.0,7880.5,7985.0,7985.0,8004.12,895216,71654.13,87976,522495,58.37
APOLLOPIPE,EQ,05-Oct-2026,512.6,517.85,535.0,510.0,535.0,530.75,526.78,142798,752.23,5375,58901,41.25
APOLLOTYRE,EQ,05-Oct-2026,404.75,404.95,406.25,399.5,400.15,401.6,402.01,213763,859.34,12586,88531,41.42
APOLSINHOT,EQ,05-Oct-2026,1155.9,1208.0,1208.0,1155.0,1175.0,1174.9,1177.46,1328,15.64,196,1010,76.05
APOORVA,BE,05-Oct-2026,33.0,33.65,34.0,33.65,33.65,33.65,33.82,115,0.04,8,-,-
APRAMEYA,SM,05-Oct-2026,102.0,106.0,109.0,99.0,102.0,102.0,104.12,11000,11.45,22,7500,68.18
APS,SM,05-Oct-2026,226.7,226.7,227.5,223.0,223.2,223.45,225.02,6750,15.19,27,5250,77.78
APSISAERO,ST,05-Oct-2026,555.0,581.95,581.95,527.25,528.0,528.0,531.0,46800,248.51,38,46800,100.00
APTECHT,EQ,05-Oct-2026,87.03,88.0,88.45,86.0,86.75,86.88,86.92,44839,38.97,996,23016,51.33
APTUS,EQ,05-Oct-2026,226.4,227.95,228.51,222.34,223.18,223.65,224.33,934997,2097.45,36176,534515,57.17
AQYLON,EQ,05-Oct-2026,15.46,15.46,16.23,14.69,16.06,15.58,15.28,1157106,176.84,1814,533753,46.13
ARABIAN,SM,05-Oct-2026,88.0,90.0,97.0,90.0,97.0,96.75,93.31,72000,67.19,29,62000,86.11
ARCHIDPLY,EQ,05-Oct-2026,101.79,101.79,103.71,100.37,102.7,101.8,101.91,30544,31.13,226,26632,87.19
ARCHIES,EQ,05-Oct-2026,12.37,12.4,12.7,12.35,12.35,12.35,12.44,9399,1.17,78,8383,89.19
ARCIIL,SM,05-Oct-2026,30.7,32.4,33.0,31.0,32.5,32.5,32.18,25000,8.04,25,14000,56.00
ARCIL,EQ,05-Oct-2026,139.92,141.09,145.24,140.56,142.51,142.24,142.75,1314700,1876.76,26166,714996,54.38
ARCL,EQ,05-Oct-2026,229.81,233.0,238.9,227.27,235.0,235.0,236.04,276,0.65,21,261,94.57
ARDEE,EQ,05-Oct-2026,48.81,49.03,49.44,48.11,48.36,48.51,48.78,1868950,911.59,13281,689238,36.88
ARE&M,EQ,05-Oct-2026,747.4,751.0,757.0,739.25,741.2,741.6,745.66,338967,2527.54,26002,161189,47.55
ARENTERP,EQ,05-Oct-2026,33.79,33.79,33.79,33.79,33.79,33.79,33.79,330,0.11,4,330,100.00
ARFIN,EQ,05-Oct-2026,87.25,87.95,89.18,86.42,87.5,87.51,87.45,713062,623.58,3251,85733,12.02
ARHAM,SM,05-Oct-2026,206.3,204.3,210.0,190.0,209.0,208.9,201.34,147000,295.98,120,91000,61.90
ARIES,BE,05-Oct-2026,477.4,463.1,501.25,463.1,501.25,501.25,499.58,38244,191.06,496,-,-
ARIHANT,EQ,05-Oct-2026,894.1,940.0,948.0,873.25,883.0,891.35,895.42,2824,25.29,169,2174,76.98
ARIHANTCAP,EQ,05-Oct-2026,88.59,90.0,95.05,90.0,90.77,91.01,92.62,523540,484.93,6282,190403,36.37
ARIHANTSUP,EQ,05-Oct-2026,216.63,222.0,222.0,218.0,218.0,218.78,218.99,3008,6.59,73,2539,84.41
ARIS,EQ,05-Oct-2026,138.66,139.49,143.0,137.51,140.87,140.24,140.7,1432618,2015.74,13253,454734,31.74
ARISTO,SM,05-Oct-2026,92.0,87.4,87.4,87.4,87.4,87.4,87.4,1600,1.4,2,1600,100.00
ARKADE,EQ,05-Oct-2026,118.69,120.64,125.0,118.23,120.85,120.03,120.77,158603,191.55,2346,66872,42.16
ARMANFIN,EQ,05-Oct-2026,1764.4,1770.0,1817.0,1714.0,1755.0,1754.9,1758.99,53075,933.59,6674,25165,47.41
ARMEE,EQ,05-Oct-2026,273.35,270.7,272.75,251.05,252.9,254.25,262.97,1290880,3394.57,23632,320284,24.81
ARMOUR,SM,05-Oct-2026,20.1,20.1,21.1,20.0,21.1,21.1,20.58,8000,1.65,3,8000,100.00
AROGRANITE,EQ,05-Oct-2026,22.35,22.56,23.89,22.1,22.1,22.19,22.69,6732,1.53,59,4587,68.14
ARROWGREEN,EQ,05-Oct-2026,865.2,873.8,891.75,835.9,856.0,858.55,852.58,26652,227.23,3085,13824,51.87
ARSHIYA,BZ,05-Oct-2026,0.81,0.84,0.84,0.82,0.82,0.83,0.84,23658,0.2,50,-,-
ARSSBL,EQ,05-Oct-2026,521.05,525.45,539.0,515.1,534.0,535.0,528.59,361312,1909.87,7780,213437,59.07
ARTEMISMED,EQ,05-Oct-2026,336.4,339.2,341.85,322.35,324.95,324.1,326.91,374630,1224.7,19757,191832,51.21
ARTNIRMAN,EQ,05-Oct-2026,40.0,38.16,39.88,38.16,39.79,38.49,38.63,754,0.29,21,465,61.67
ARUNAYA,SM,05-Oct-2026,13.95,14.0,14.0,13.95,14.0,14.0,13.99,10000,1.4,4,10000,100.00
ARVEE,EQ,05-Oct-2026,215.32,217.0,229.79,206.35,209.0,209.39,215.05,9280,19.96,408,5112,55.09
ARVIND,EQ,05-Oct-2026,534.05,538.4,539.65,525.15,531.25,530.4,530.15,565857,2999.87,42832,319940,56.54
ARVINDFASN,EQ,05-Oct-2026,379.7,383.45,389.0,376.1,385.0,384.25,384.12,225104,864.68,25322,122718,54.52
ARVSMART,EQ,05-Oct-2026,592.5,592.5,598.15,573.0,576.15,580.25,581.5,88014,511.8,3897,41520,47.17
ASAHIINDIA,EQ,05-Oct-2026,944.25,950.0,952.9,938.0,951.0,945.75,945.54,45021,425.69,6886,19787,43.95
ASAHISONG,BE,05-Oct-2026,371.25,376.95,380.3,363.1,363.1,366.2,371.86,7116,26.46,134,-,-
ASAL,EQ,05-Oct-2026,426.9,421.05,439.8,420.05,421.05,423.1,424.87,5966,25.35,594,2955,49.53
ASALCBR,EQ,05-Oct-2026,611.1,611.1,622.1,590.0,590.0,595.65,599.96,51910,311.44,4868,28414,54.74
ASHALOG,SM,05-Oct-2026,61.0,60.0,60.5,60.0,60.0,60.0,60.16,20000,12.03,16,18000,90.00
ASHAPURMIN,EQ,05-Oct-2026,489.95,493.95,501.95,487.0,488.05,490.85,491.61,223978,1101.09,10989,102476,45.75
ASHIANA,EQ,05-Oct-2026,383.95,381.8,390.0,381.4,385.0,383.6,385.11,22654,87.24,1447,10722,47.33
ASHIKAG,BE,05-Oct-2026,392.05,392.05,393.0,385.25,393.0,389.8,387.33,6038,23.39,97,-,-
ASHIMASYN,EQ,05-Oct-2026,15.31,15.3,15.69,14.77,15.0,15.0,15.12,108237,16.36,484,84086,77.69
ASHOKA,EQ,05-Oct-2026,105.31,105.35,106.65,104.36,106.49,105.9,105.6,538732,568.92,7556,261000,48.45
ASHOKAMET,EQ,05-Oct-2026,14.53,14.42,15.15,14.42,14.61,14.71,14.83,19468,2.89,264,12992,66.74
ASHOKLEY,EQ,05-Oct-2026,150.48,151.4,153.65,151.23,152.6,152.6,152.41,9914723,15111.23,75424,4786609,48.28
ASHUTOSH,SM,05-Oct-2026,148.6,153.0,153.7,134.1,137.0,138.2,140.82,247200,348.11,199,159600,64.56
ASHWINI,SM,05-Oct-2026,162.5,162.05,162.05,160.0,160.0,160.0,161.03,2000,3.22,2,2000,100.00
ASIANENE,EQ,05-Oct-2026,466.75,470.7,479.9,453.0,455.35,458.65,464.88,189656,881.67,8653,84468,44.54
ASIANHOTNR,EQ,05-Oct-2026,348.1,356.05,356.05,329.25,336.5,334.1,338.02,7191,24.31,469,4845,67.38
ASIANPAINT,EQ,05-Oct-2026,2407.0,2400.0,2409.0,2336.7,2366.0,2366.0,2356.86,916254,21594.83,71315,525260,57.33
ASIANTILES,EQ,05-Oct-2026,47.95,48.16,48.28,46.1,46.75,46.65,47.09,1062886,500.52,4227,378816,35.64
ASIANTNE,EQ,05-Oct-2026,8.95,8.77,9.13,8.6,9.13,9.0,8.71,15593,1.36,51,13778,88.36
ASKAUTOLTD,EQ,05-Oct-2026,618.15,621.0,624.9,603.6,607.0,608.2,608.68,221181,1346.27,17555,104821,47.39
ASMS,EQ,05-Oct-2026,5.92,5.84,6.04,5.76,5.89,5.84,5.87,149950,8.8,654,117551,78.39
ASPINWALL,EQ,05-Oct-2026,240.1,242.1,248.4,237.01,238.0,238.35,238.39,1086,2.59,50,896,82.50
ASTAR,EQ,05-Oct-2026,664.5,714.0,714.0,630.0,632.0,644.05,645.27,254,1.64,77,226,88.98
ASTEC,EQ,05-Oct-2026,708.6,708.6,721.75,700.0,712.8,712.7,711.23,30766,218.82,2250,9527,30.97
ASTERDM,EQ,05-Oct-2026,708.9,708.0,708.0,687.0,691.15,691.5,691.7,1401950,9697.28,57848,879635,62.74
ASTRAL,EQ,05-Oct-2026,1344.0,1349.0,1367.2,1339.4,1362.1,1362.1,1355.89,325806,4417.56,32212,162231,49.79
ASTRAMICRO,EQ,05-Oct-2026,1624.5,1634.2,1673.9,1628.1,1647.0,1651.7,1655.69,327119,5416.08,26859,134923,41.25
ASTRAZEN,EQ,05-Oct-2026,6031.0,6049.0,6087.5,5882.0,5899.0,5909.0,5972.85,6412,382.98,2578,2710,42.26
ASTRON,BZ,05-Oct-2026,2.81,2.81,2.86,2.81,2.81,2.81,2.83,10573,0.3,64,-,-
ATALREAL,EQ,05-Oct-2026,12.78,12.76,12.92,12.51,12.87,12.81,12.73,902386,114.84,1065,372563,41.29
ATAM,EQ,05-Oct-2026,55.35,54.81,56.4,53.53,53.75,54.04,54.82,5713,3.13,117,4920,86.12
ATCENERGY,SM,05-Oct-2026,20.6,20.2,21.4,20.2,21.3,21.3,20.83,19200,4.0,12,13200,68.75
ATGL,EQ,05-Oct-2026,583.05,587.0,593.0,578.65,585.2,583.25,584.56,509708,2979.57,21633,127328,24.98
ATHERENERG,EQ,05-Oct-2026,1406.1,1411.1,1423.8,1388.5,1409.9,1409.9,1407.1,3319066,46702.53,106084,1337618,40.30
ATL,EQ,05-Oct-2026,23.59,24.45,24.79,23.72,24.23,24.49,24.29,160953,39.09,1178,121249,75.33
ATLANTAA,EQ,05-Oct-2026,35.71,35.79,37.44,34.2,35.2,34.97,35.14,69328,24.36,574,49322,71.14
ATLANTAELE,EQ,05-Oct-2026,1716.5,1745.5,1888.1,1725.0,1887.0,1882.9,1833.91,379316,6956.32,31221,151899,40.05
ATLASCYCLE,EQ,05-Oct-2026,91.74,91.74,93.0,90.5,92.4,91.3,92.05,2877,2.65,112,2389,83.04
ATLPP,E1,05-Oct-2026,8.85,8.93,9.89,8.85,9.17,9.17,9.08,1510,0.14,17,1498,99.21
ATMASTCO,SM,05-Oct-2026,115.5,112.2,119.4,112.0,114.0,114.65,115.58,15600,18.03,36,13200,84.62
ATUL,EQ,05-Oct-2026,5861.0,5899.0,5930.0,5827.5,5837.0,5856.0,5862.4,41593,2438.35,5852,34630,83.26
ATULAUTO,EQ,05-Oct-2026,424.8,422.7,431.7,422.65,424.0,424.5,426.02,65738,280.06,3722,26661,40.56
AUBANK,EQ,05-Oct-2026,987.0,1000.0,1035.7,999.1,1029.2,1029.2,1022.28,3358977,34338.05,81950,1621239,48.27
AUGMONT,EQ,05-Oct-2026,1195.2,1224.0,1254.9,1177.0,1217.9,1223.3,1227.73,1400524,17194.66,36013,383284,27.37
AURIONPRO,EQ,05-Oct-2026,607.8,607.8,640.0,595.0,595.5,598.5,614.59,353216,2170.83,23581,117198,33.18
AUROIMPEX,ST,05-Oct-2026,38.85,36.95,38.2,36.95,38.2,38.2,37.3,30400,11.34,19,30400,100.00
AUROPHARMA,EQ,05-Oct-2026,1676.8,1693.7,1696.0,1663.1,1674.9,1674.9,1674.71,958714,16055.69,39133,529534,55.23
AURUM,EQ,05-Oct-2026,223.41,223.5,227.0,220.38,223.5,223.61,223.55,48055,107.43,1725,27244,56.69
AURUS,EQ,05-Oct-2026,4.4,4.54,4.54,4.06,4.29,4.23,4.28,92879,3.98,508,66497,71.60
AUSOMENT,EQ,05-Oct-2026,139.0,139.0,144.88,134.05,139.5,137.81,139.17,1244,1.73,104,642,51.61
AUSTENG,EQ,05-Oct-2026,167.72,177.9,177.9,153.7,162.75,161.95,165.28,5623,9.29,271,2420,43.04
AUTOAXLES,EQ,05-Oct-2026,1683.0,1683.0,1693.8,1617.0,1620.0,1624.9,1642.12,10044,164.93,1076,7963,79.28
AUTOBEES,EQ,05-Oct-2026,263.65,263.6,264.83,258.0,263.3,262.82,262.41,213167,559.38,4414,100103,46.96
AUTOIETF,EQ,05-Oct-2026,26.54,26.5,26.57,26.15,26.44,26.33,26.29,643260,169.14,4249,336742,52.35
AUTOIND,EQ,05-Oct-2026,81.4,84.0,84.98,82.0,83.1,83.17,83.45,84050,70.14,1359,46223,54.99
AVADHSUGAR,EQ,05-Oct-2026,764.6,776.05,841.05,776.05,841.05,840.35,820.71,292584,2401.27,14769,106302,36.33
AVALON,EQ,05-Oct-2026,2280.2,2280.2,2339.0,2242.0,2280.0,2256.3,2276.56,310553,7069.91,31715,153005,49.27
AVANA,SM,05-Oct-2026,126.6,124.05,139.25,124.0,139.25,139.25,134.72,72000,97.0,36,50000,69.44
AVANCE,EQ,05-Oct-2026,0.8,0.8,0.83,0.78,0.8,0.79,0.8,4823476,38.58,1804,3504698,72.66
AVANTEL,EQ,05-Oct-2026,150.28,152.0,152.59,147.0,147.2,147.59,148.88,892887,1329.31,10679,354505,39.70
AVANTIFEED,EQ,05-Oct-2026,711.55,713.1,717.95,705.15,711.0,711.1,710.5,187707,1333.66,15058,80393,42.83
AVATAR,SM,05-Oct-2026,152.75,145.15,159.95,145.15,159.0,159.0,150.58,16000,24.09,8,16000,100.00
AVG,EQ,05-Oct-2026,166.0,169.97,184.8,165.0,168.2,168.15,170.82,10536,18.0,234,5802,55.07
AVIANSH,SM,05-Oct-2026,100.5,100.75,100.75,100.75,100.75,100.75,100.75,1000,1.01,1,1000,100.00
AVIENCE,SM,05-Oct-2026,323.75,316.2,316.2,291.4,296.0,294.35,300.23,168600,506.18,259,93000,55.16
AVL,EQ,05-Oct-2026,572.3,572.3,606.0,566.35,604.3,601.05,595.62,400252,2384.0,25837,91993,22.98
AVONMORE,EQ,05-Oct-2026,12.79,12.85,12.99,12.37,12.73,12.49,12.57,56219,7.07,402,39308,69.92
AVPINFRA,SM,05-Oct-2026,56.75,57.0,57.0,54.5,55.7,55.9,55.44,28800,15.97,36,23200,80.56
AVROIND,EQ,05-Oct-2026,6.68,6.68,7.34,6.28,6.95,6.97,6.92,577078,39.95,1175,462853,80.21
AVTNPL,EQ,05-Oct-2026,87.85,87.85,93.17,86.55,89.72,88.84,90.13,631535,569.23,8317,101203,16.02
AWFIS,EQ,05-Oct-2026,235.26,235.0,244.0,234.5,234.56,235.59,237.95,348755,829.87,15784,140007,40.14
AWHCL,EQ,05-Oct-2026,355.4,355.8,359.0,346.6,351.8,350.4,351.73,62596,220.17,4121,29010,46.34
AWL,EQ,05-Oct-2026,175.43,176.47,178.9,174.06,176.55,176.15,175.7,831209,1460.4,28691,397979,47.88
AXIOMGAS,ST,05-Oct-2026,44.1,41.9,41.9,41.9,41.9,41.9,41.9,20000,8.38,10,20000,100.00
AXISBANK,EQ,05-Oct-2026,1217.1,1229.0,1237.4,1216.4,1222.2,1222.2,1228.4,7472163,91787.89,222415,4913595,65.76
AXISCADES,EQ,05-Oct-2026,2307.3,2324.0,2360.0,2252.0,2280.0,2282.3,2300.98,255708,5883.8,31115,106717,41.73
AXITA,EQ,05-Oct-2026,7.58,7.69,7.69,7.56,7.64,7.59,7.6,901703,68.56,683,809006,89.72
AXTEL,EQ,05-Oct-2026,435.45,439.75,445.4,425.05,425.9,430.4,432.66,1797,7.77,160,1193,66.39
AYE,EQ,05-Oct-2026,163.29,164.41,167.5,159.0,162.91,162.75,164.26,898907,1476.53,25351,375895,41.82
AYMSYNTEX,EQ,05-Oct-2026,279.95,280.2,288.7,279.8,282.0,283.15,282.6,33782,95.47,756,21773,64.45
AZAD,EQ,05-Oct-2026,2860.9,2875.0,2937.2,2843.5,2920.3,2927.2,2893.72,800736,23171.05,56004,203957,25.47
AZADIND,EQ,05-Oct-2026,85.95,86.5,88.87,80.0,80.0,83.05,84.85,143982,122.17,1884,54715,38.00
BAFNAPH,BE,05-Oct-2026,378.75,386.3,386.3,386.3,386.3,386.3,386.3,1169,4.52,14,-,-
BAGDIGITAL,SM,05-Oct-2026,106.7,109.5,109.5,105.0,107.7,107.05,106.75,48000,51.24,20,27200,56.67
BAGFILMS,EQ,05-Oct-2026,4.07,4.07,4.18,4.02,4.14,4.1,4.11,29972,1.23,140,20199,67.39
BAGMANE,RR,05-Oct-2026,106.73,106.76,107.8,106.0,106.3,106.5,106.55,308300,328.5,6098,228459,74.10
BAHETI,SM,05-Oct-2026,733.1,733.0,747.0,725.0,735.0,735.0,734.75,19875,146.03,39,12000,60.38
BAIDFIN,EQ,05-Oct-2026,10.31,10.22,10.57,10.22,10.25,10.33,10.45,25931,2.71,148,21682,83.61
BAJAJ-AUTO,EQ,05-Oct-2026,10045.0,10036.0,10089.0,9920.0,10024.0,10024.0,10005.15,354238,35442.03,56369,164978,46.57
BAJAJCON,EQ,05-Oct-2026,497.05,497.0,499.4,477.95,480.0,480.35,487.15,365485,1780.44,17813,184508,50.48
BAJAJELEC,EQ,05-Oct-2026,299.8,302.0,305.2,297.4,300.4,299.25,301.33,92225,277.9,4931,34263,37.15
BAJAJFINSV,EQ,05-Oct-2026,1732.6,1744.8,1760.9,1732.6,1751.4,1751.4,1745.86,1075845,18782.76,58324,618882,57.53
BAJAJHCARE,EQ,05-Oct-2026,322.95,320.1,329.0,317.1,318.6,319.1,320.84,121713,390.5,4833,60351,49.58
BAJAJHFL,EQ,05-Oct-2026,82.91,83.99,84.05,81.61,82.92,82.79,82.58,3691800,3048.7,32207,1618888,43.85
BAJAJHIND,EQ,05-Oct-2026,19.19,19.5,20.23,19.5,19.98,19.96,19.95,15512797,3094.5,21254,3288724,21.20
BAJAJHLDNG,EQ,05-Oct-2026,10666.0,10580.0,10892.0,10554.0,10732.0,10732.0,10720.38,50104,5371.34,16830,27631,55.15
BAJAJINDEF,EQ,05-Oct-2026,208.52,209.03,211.71,201.0,203.99,202.19,204.21,20558,41.98,779,12607,61.32
BAJAJST,EQ,05-Oct-2026,335.7,335.0,339.0,322.0,328.45,328.75,328.49,16237,53.34,724,9808,60.41
BAJEL,EQ,05-Oct-2026,163.63,163.8,165.99,162.12,164.8,164.05,163.86,79333,130.0,1689,34650,43.68
BAJFINANCE,EQ,05-Oct-2026,948.3,962.55,995.8,962.55,970.0,970.0,979.78,12682669,124262.33,186471,6293257,49.62
BALAJEE,EQ,05-Oct-2026,25.2,24.4,25.4,24.4,24.97,24.8,24.81,46462,11.53,250,38146,82.10
BALAJITELE,EQ,05-Oct-2026,90.04,90.1,91.88,88.5,90.8,90.61,90.37,54523,49.27,1218,23677,43.43
BALAMINES,EQ,05-Oct-2026,2052.2,2052.0,2075.0,1936.0,1961.0,1957.8,1973.37,289399,5710.9,33407,112471,38.86
BALAXI,EQ,05-Oct-2026,22.34,22.06,23.05,22.06,22.85,22.77,22.72,22927,5.21,185,14946,65.19
BALKRISHNA,EQ,05-Oct-2026,15.94,15.95,16.1,15.95,16.0,16.0,16.0,2251,0.36,24,1575,69.97
BALKRISIND,EQ,05-Oct-2026,2083.5,2083.5,2097.9,2059.0,2059.2,2066.5,2075.25,95715,1986.32,16355,60439,63.14
BALMLAWRIE,EQ,05-Oct-2026,159.3,161.75,162.0,157.5,158.5,158.59,158.61,112768,178.86,2132,64126,56.87
BALPHARMA,EQ,05-Oct-2026,105.74,106.95,109.79,105.11,107.47,106.79,107.16,25522,27.35,773,15101,59.17
BALRAMCHIN,EQ,05-Oct-2026,649.05,652.55,679.5,652.55,671.0,671.5,669.52,1055611,7067.5,31734,207132,19.62
BALUFORGE,EQ,05-Oct-2026,488.95,494.15,512.5,491.7,503.7,502.8,504.17,468122,2360.12,15449,184834,39.48
BANARBEADS,EQ,05-Oct-2026,116.0,116.25,119.98,115.01,115.05,115.04,115.85,776,0.9,42,590,76.03
BANARISUG,EQ,05-Oct-2026,3300.5,3327.5,3342.0,3272.2,3278.6,3296.8,3305.89,558,18.45,150,183,32.80
BANCOINDIA,EQ,05-Oct-2026,589.85,590.35,597.8,579.7,591.25,589.8,588.03,79775,469.1,6960,38279,47.98
BANDHANBNK,EQ,05-Oct-2026,176.0,176.0,176.73,168.05,168.27,168.27,170.34,18154959,30924.55,95100,7021966,38.68
BANG,EQ,05-Oct-2026,31.44,32.0,33.9,31.45,33.0,33.28,32.88,48172,15.84,192,26260,54.51
BANK10ADD,EQ,05-Oct-2026,15.99,16.32,16.41,16.12,16.3,16.16,16.22,5521,0.9,100,1884,34.12
BANK10BETF,EQ,05-Oct-2026,19.76,20.3,20.8,19.46,19.5,19.62,20.11,102007,20.51,2291,19510,19.13
BANKA,EQ,05-Oct-2026,68.51,69.99,70.8,68.0,70.5,69.84,69.14,2444,1.69,48,1216,49.75
BANKADD,EQ,05-Oct-2026,55.71,56.43,56.74,55.84,55.84,55.93,56.37,13448,7.58,93,9694,72.09
BANKBARODA,EQ,05-Oct-2026,230.82,233.11,237.32,231.93,232.8,232.8,234.01,10802904,25280.35,60531,5502031,50.93
BANKBEES,EQ,05-Oct-2026,565.03,575.0,575.0,563.95,565.08,565.61,567.3,582686,3305.59,8918,342637,58.80
BANKBETA,EQ,05-Oct-2026,56.42,56.42,57.13,56.4,56.43,56.52,56.51,2851590,1611.53,735,2662850,93.38
BANKBETF,EQ,05-Oct-2026,55.45,55.0,56.24,54.02,55.81,55.75,56.0,2966639,1661.25,545,2943879,99.23
BANKETF,EQ,05-Oct-2026,555.87,541.97,563.26,541.97,557.43,557.48,558.27,78803,439.94,992,57269,72.67
BANKIETF,EQ,05-Oct-2026,56.13,56.16,56.76,56.0,56.02,56.07,56.14,4318713,2424.4,2338,3297288,76.35
BANKINDIA,EQ,05-Oct-2026,129.48,132.09,136.27,132.0,133.5,133.5,134.04,15657633,20987.85,67218,4945209,31.58
BANKNIFTY1,EQ,05-Oct-2026,56.57,55.15,57.26,55.15,56.63,56.8,56.69,2766811,1568.63,1654,2324374,84.01
BANKPSU,EQ,05-Oct-2026,80.0,78.5,81.92,78.5,80.72,80.72,81.11,15718,12.75,128,7759,49.36
BANSALWIRE,EQ,05-Oct-2026,323.05,323.0,327.7,321.0,322.05,323.05,323.55,40679,131.61,2621,21949,53.96
BANSWRAS,EQ,05-Oct-2026,105.1,105.08,106.79,102.1,102.66,102.93,103.7,19481,20.2,599,13095,67.22
BARFLEX,SM,05-Oct-2026,50.5,52.0,52.0,49.25,52.0,51.65,50.25,70000,35.17,26,56000,80.00
BASF,EQ,05-Oct-2026,3417.1,3440.0,3480.0,3390.0,3414.6,3406.0,3418.65,9380,320.67,2620,4705,50.16
BASILIC,SM,05-Oct-2026,178.45,179.5,185.0,176.55,185.0,182.95,180.43,20400,36.81,50,16200,79.41
BASML,EQ,05-Oct-2026,22.66,23.19,24.5,22.45,22.75,22.54,22.83,84637,19.32,217,66173,78.18
BATAINDIA,EQ,05-Oct-2026,613.0,613.0,617.9,608.0,611.0,611.05,613.32,76879,471.52,6569,30362,39.49
BATLIBOI,EQ,05-Oct-2026,82.35,84.0,90.61,81.5,88.88,89.78,88.17,106409,93.82,1695,66466,62.46
BAWEJA,SM,05-Oct-2026,26.5,26.95,27.0,26.1,26.1,26.1,26.79,4000,1.07,5,3200,80.00
BAYERCROP,EQ,05-Oct-2026,3554.2,3573.0,3585.0,3502.0,3505.1,3508.9,3529.98,17648,622.97,4988,10368,58.75
BBETF0432,EQ,05-Oct-2026,1333.92,1330.55,1338.88,1330.55,1333.56,1336.7,1333.52,1604,21.39,61,1310,81.67
BBL,EQ,05-Oct-2026,2069.6,2105.9,2108.9,2051.0,2070.0,2058.8,2069.97,15489,320.62,3079,8298,53.57
BBNPNBETF,EQ,05-Oct-2026,55.0,55.27,55.91,54.9,55.4,55.4,55.27,801,0.44,46,402,50.19
BBNPPGOLD,EQ,05-Oct-2026,141.9,142.6,144.8,141.05,142.55,142.25,142.25,4979,7.08,111,4030,80.94
BBOX,EQ,05-Oct-2026,795.85,800.0,823.65,794.2,814.0,812.5,809.09,542405,4388.53,30804,207593,38.27
BBTC,EQ,05-Oct-2026,1334.2,1335.2,1350.0,1301.3,1304.9,1304.5,1310.16,78011,1022.07,8818,34588,44.34
BBTCL,EQ,05-Oct-2026,229.49,228.0,237.73,225.3,235.0,234.94,230.84,5929,13.69,161,4509,76.05
BCG,EQ,05-Oct-2026,9.52,9.72,9.74,9.05,9.18,9.17,9.23,9004653,830.71,9896,4690618,52.09
BCLIND,EQ,05-Oct-2026,31.24,31.31,32.14,31.05,31.5,31.29,31.39,523094,164.19,4050,290447,55.52
BCONCEPTS,EQ,05-Oct-2026,140.41,143.06,143.89,137.36,138.2,139.23,139.04,6700,9.32,376,4170,62.24
BCPL,EQ,05-Oct-2026,67.25,68.8,68.8,66.1,67.4,67.0,66.59,7536,5.02,268,4430,58.78
BDL,EQ,05-Oct-2026,1087.9,1087.9,1102.8,1082.1,1096.2,1096.2,1091.39,660761,7211.45,32923,257928,39.03
BEACON,SM,05-Oct-2026,85.0,85.0,85.15,85.0,85.15,85.15,85.04,6000,5.1,4,5000,83.33
BEARDSELL,EQ,05-Oct-2026,22.13,22.3,23.15,22.17,22.6,22.76,22.71,23832,5.41,180,13606,57.09
BECTORFOOD,EQ,05-Oct-2026,213.03,213.03,213.99,208.61,209.86,210.83,210.99,428214,903.51,13356,178708,41.73
BEDMUTHA,EQ,05-Oct-2026,110.33,108.0,108.99,105.1,107.25,107.25,107.34,2006,2.15,48,1626,81.06
BEEKAY,EQ,05-Oct-2026,435.4,435.05,443.55,424.0,424.0,426.9,432.91,1073,4.65,79,993,92.54
BEL,EQ,05-Oct-2026,383.1,383.1,384.85,377.0,384.85,384.85,380.8,10909395,41542.95,101506,5774962,52.94
BELLACASA,EQ,05-Oct-2026,241.22,241.22,252.68,237.0,237.1,238.26,240.96,5875,14.16,686,2011,34.23
BELRISE,EQ,05-Oct-2026,237.5,238.81,239.99,230.5,230.76,231.12,233.01,2025207,4719.01,51256,908218,44.85
BEML,EQ,05-Oct-2026,1962.3,1966.7,1993.9,1942.0,1965.0,1970.4,1967.32,144626,2845.26,19670,53704,37.13
BENARAS,EQ,05-Oct-2026,10249.0,10201.0,10250.0,10063.0,10200.0,10166.0,10164.78,109,11.08,39,87,79.82
BENGALASM,EQ,05-Oct-2026,6088.0,6085.0,6150.0,5421.0,6150.0,5772.0,5736.26,2863,164.23,477,1817,63.46
BEPL,EQ,05-Oct-2026,123.76,124.0,126.4,122.62,124.51,124.77,124.62,695197,866.35,9176,296121,42.60
BERGEPAINT,EQ,05-Oct-2026,452.4,455.3,460.8,452.45,459.4,458.4,458.98,514017,2359.21,42929,301277,58.61
BESTAGRO,EQ,05-Oct-2026,17.47,18.17,18.17,17.41,17.69,17.73,17.79,490937,87.33,1952,222336,45.29
BETA,EQ,05-Oct-2026,2073.3,2064.5,2173.8,1986.7,2020.0,2004.0,2070.72,19642,406.73,3088,8897,45.30
BEWLTD,SM,05-Oct-2026,58.5,61.0,61.2,57.5,60.3,59.6,59.64,34000,20.28,58,20500,60.29
BFINVEST,EQ,05-Oct-2026,428.7,434.2,443.9,434.05,438.85,436.85,438.62,13712,60.14,1504,7018,51.18
BFSI,EQ,05-Oct-2026,25.52,25.17,25.91,25.01,25.69,25.66,25.78,188535,48.61,836,61282,32.50
BFUTILITIE,EQ,05-Oct-2026,504.75,504.75,512.95,495.0,495.05,495.9,500.57,35313,176.77,1984,13310,37.69
BGLOBAL,BZ,05-Oct-2026,3.27,3.43,3.43,3.4,3.42,3.42,3.42,47281,1.62,63,-,-
BGRENERGY,BE,05-Oct-2026,239.71,238.98,246.0,230.0,235.9,232.95,236.87,51792,122.68,662,-,-
BHADORA,ST,05-Oct-2026,147.25,151.8,154.6,147.25,152.1,153.5,153.9,142800,219.77,82,141600,99.16
BHAGCHEM,EQ,05-Oct-2026,236.15,233.56,239.04,228.0,229.5,229.14,231.1,98290,227.15,1785,61489,62.56
BHAGERIA,EQ,05-Oct-2026,382.05,391.0,395.85,358.0,360.0,364.65,371.37,197915,734.99,7319,89966,45.46
BHAGYANGR,EQ,05-Oct-2026,402.65,401.0,418.0,396.0,415.3,412.35,407.94,173594,708.16,6942,85167,49.06
BHANDARI,EQ,05-Oct-2026,2.82,2.88,2.89,2.73,2.77,2.76,2.8,152409,4.27,343,128294,84.18
BHARATCOAL,EQ,05-Oct-2026,31.75,31.8,32.3,31.37,31.94,31.88,31.76,5387913,1711.39,20749,2114802,39.25
BHARATFORG,EQ,05-Oct-2026,1875.0,1868.0,1873.7,1816.7,1833.0,1833.0,1833.52,1029681,18879.39,58442,590152,57.31
BHARATGEAR,BE,05-Oct-2026,99.64,100.01,101.0,99.1,99.94,99.67,99.74,7422,7.4,96,-,-
BHARATRAS,EQ,05-Oct-2026,998.6,1011.9,1011.9,970.0,980.4,983.2,990.24,11663,115.49,1784,5756,49.35
BHARATSE,EQ,05-Oct-2026,204.65,205.0,211.0,201.49,201.49,202.86,204.92,123062,252.18,3023,57686,46.88
BHARATWIRE,EQ,05-Oct-2026,160.12,160.1,164.6,160.1,162.0,162.25,162.52,118991,193.39,2953,39350,33.07
BHARTIARTL,EQ,05-Oct-2026,1741.1,1742.3,1779.9,1742.3,1779.9,1779.9,1766.51,7310041,129132.56,182824,5434630,74.34
BHARTIHEXA,EQ,05-Oct-2026,1379.2,1389.9,1396.1,1371.4,1383.0,1383.1,1380.75,528019,7290.65,12410,480888,91.07
BHEL,EQ,05-Oct-2026,421.0,424.95,433.45,423.1,429.0,429.0,428.93,8225965,35284.0,85230,3401644,41.35
BI,BE,05-Oct-2026,96.7,98.6,98.6,94.77,94.77,94.77,97.04,8260,8.02,38,-,-
BIGBLOC,EQ,05-Oct-2026,38.78,39.2,39.2,37.11,37.4,37.57,37.87,42913,16.25,645,29405,68.52
BIKAJI,EQ,05-Oct-2026,504.05,507.0,514.0,484.5,485.0,487.0,494.96,387790,1919.4,23634,240525,62.02
BIKEWO,ST,05-Oct-2026,122.0,122.0,124.4,119.6,124.4,124.4,121.54,68000,82.65,24,60000,88.24
BIL,EQ,05-Oct-2026,987.55,1018.55,1098.0,995.0,1077.0,1071.15,1056.88,61770,652.84,2576,26433,42.79
BILVYAPAR,BE,05-Oct-2026,4.21,4.35,4.35,4.06,4.08,4.19,4.22,1657,0.07,21,-,-
BIMETAL,EQ,05-Oct-2026,640.0,640.0,641.0,640.0,640.0,640.0,640.01,69,0.44,7,69,100.00
BIOCON,EQ,05-Oct-2026,370.7,371.35,373.05,365.1,369.8,369.8,369.42,2121058,7835.54,32679,1241228,58.52
BIOFILCHEM,EQ,05-Oct-2026,29.31,29.31,30.94,29.17,30.05,29.64,29.91,14099,4.22,156,7348,52.12
BIOPOL,SM,05-Oct-2026,51.3,51.75,52.0,48.8,48.8,49.3,50.31,18000,9.06,14,15600,86.67
BIRDYS,SM,05-Oct-2026,83.1,80.0,81.0,80.0,81.0,80.5,80.5,2400,1.93,2,0,0.00
BIRET,RR,05-Oct-2026,330.25,330.35,333.6,330.0,333.0,333.11,332.09,223984,743.83,15003,155310,69.34
BIRLACABLE,EQ,05-Oct-2026,383.0,389.7,391.0,372.1,376.8,376.65,379.43,249466,946.54,7823,102448,41.07
BIRLACORPN,EQ,05-Oct-2026,828.95,828.1,835.45,812.0,814.0,812.8,818.55,36748,300.8,4305,19793,53.86
BIRLAMONEY,EQ,05-Oct-2026,112.82,112.23,115.86,110.71,112.81,112.15,112.51,19921,22.41,939,10654,53.48
BIRLANU,EQ,05-Oct-2026,1391.2,1425.0,1425.0,1361.1,1381.0,1379.5,1386.88,3263,45.25,469,2339,71.68
BIRLAPREC,BE,05-Oct-2026,55.96,56.44,58.75,54.0,58.75,57.78,56.16,112592,63.23,535,-,-
BLACKBUCK,EQ,05-Oct-2026,606.15,612.15,619.0,597.1,598.8,599.4,608.56,362727,2207.42,22738,201318,55.50
BLACKROSE,EQ,05-Oct-2026,110.45,115.0,115.0,109.0,111.17,110.31,110.94,13885,15.4,459,10364,74.64
BLAL,EQ,05-Oct-2026,157.83,160.9,160.9,153.5,157.01,156.84,157.66,8394,13.23,313,5658,67.41
BLBLIMITED,EQ,05-Oct-2026,16.64,16.64,16.93,15.8,15.91,15.98,16.12,155815,25.12,1071,92161,59.15
BLEL,EQ,05-Oct-2026,467.95,471.5,499.7,471.0,489.5,490.05,491.2,1679279,8248.68,36977,442838,26.37
BLIL,EQ,05-Oct-2026,65.01,65.49,65.49,64.29,64.45,64.5,64.54,80170,51.74,2018,66536,82.99
BLISSGVS,BE,05-Oct-2026,683.6,671.5,697.9,660.0,665.0,664.8,671.29,198924,1335.37,2103,-,-
BLKASHYAP,EQ,05-Oct-2026,50.23,50.23,54.0,49.93,53.0,53.22,52.83,1836473,970.26,10837,571448,31.12
BLS,EQ,05-Oct-2026,216.51,217.05,219.91,214.79,216.9,215.75,216.77,570077,1235.74,22213,270079,47.38
BLSE,EQ,05-Oct-2026,322.05,324.95,327.8,316.0,320.45,319.15,320.1,438825,1404.7,7687,285733,65.11
BLUECHIP,BE,05-Oct-2026,1.98,1.95,1.95,1.95,1.95,1.95,1.95,1020,0.02,13,-,-
BLUECLOUDS,EQ,05-Oct-2026,19.88,20.25,20.75,19.4,19.6,19.61,19.89,2034648,404.66,4770,922936,45.36
BLUECOAST,EQ,05-Oct-2026,22.0,22.0,22.0,20.9,21.93,21.06,21.18,1903,0.4,32,1861,97.79
BLUEDART,EQ,05-Oct-2026,4496.8,4546.3,4549.8,4458.1,4505.1,4514.4,4506.41,6452,290.75,2794,2303,35.69
BLUEJET,EQ,05-Oct-2026,541.8,546.8,546.8,528.8,532.5,531.5,535.48,300308,1608.08,19281,144894,48.25
BLUESTARCO,EQ,05-Oct-2026,1459.6,1476.0,1517.0,1460.4,1510.0,1510.0,1498.62,367830,5512.39,25694,55648,15.13
BLUESTONE,EQ,05-Oct-2026,787.95,780.5,797.65,778.2,792.0,790.65,790.11,509584,4026.26,22243,164908,32.36
BLUEWATER,ST,05-Oct-2026,579.5,578.95,579.5,550.7,578.0,567.05,570.03,14000,79.8,14,13000,92.86
BLUSPRING,EQ,05-Oct-2026,147.82,150.0,151.54,142.95,145.0,143.92,146.71,223038,327.23,3690,89954,40.33
BMETRICS,SM,05-Oct-2026,36.6,39.9,39.9,39.65,39.65,39.65,39.76,3200,1.27,4,3200,100.00
BMISL,ST,05-Oct-2026,110.0,110.0,115.5,104.5,115.5,115.5,112.06,1846800,2069.53,812,1844400,99.87
BMLL,SM,05-Oct-2026,159.5,159.0,159.0,159.0,159.0,159.0,159.0,1000,1.59,1,1000,100.00
BMWVENTLTD,EQ,05-Oct-2026,50.83,50.8,51.89,49.55,50.45,50.02,50.36,80304,40.44,1029,58504,72.85
BNAGROCHEM,EQ,05-Oct-2026,227.83,232.5,239.22,219.0,233.56,238.45,234.43,159454,373.8,904,10656,6.68
BNKETFAXIS,EQ,05-Oct-2026,571.22,568.21,569.22,562.8,562.8,563.05,566.32,3141,17.79,71,2440,77.68
BODALCHEM,BE,05-Oct-2026,189.75,189.98,195.0,180.27,180.27,180.3,183.3,513672,941.58,2911,-,-
BOHRAIND,EQ,05-Oct-2026,14.74,15.13,15.13,14.01,14.01,14.01,14.18,4635,0.66,38,3964,85.52
BOMDYEING,EQ,05-Oct-2026,102.63,103.4,104.3,101.02,101.8,101.54,102.26,384695,393.38,4620,153374,39.87
BONLON,EQ,05-Oct-2026,39.97,41.0,41.0,39.59,39.6,39.76,40.01,6716,2.69,70,5213,77.62
BORANA,EQ,05-Oct-2026,272.95,272.0,277.8,268.6,269.3,270.4,271.38,11307,30.69,594,5970,52.80
BOROLTD,EQ,05-Oct-2026,280.2,287.0,294.4,277.05,278.6,278.35,282.57,257448,727.48,6174,106113,41.22
BORORENEW,EQ,05-Oct-2026,449.6,455.9,458.9,440.5,444.8,442.7,445.3,241002,1073.19,18424,120276,49.91
BOROSCI,EQ,05-Oct-2026,112.72,112.8,115.0,111.75,112.0,112.15,113.32,146287,165.77,1373,101751,69.56
BOSCH-HCIL,EQ,05-Oct-2026,1967.2,1999.0,2036.9,1973.0,1991.2,1998.2,2001.3,115592,2313.34,18486,54605,47.24
BOSCHLTD,EQ,05-Oct-2026,45480.0,45550.0,46000.0,44610.0,44960.0,44960.0,45049.57,41822,18840.63,18131,25349,60.61
BOSS,ST,05-Oct-2026,59.7,60.0,60.0,60.0,60.0,60.0,60.0,2000,1.2,1,2000,100.00
BPCL,EQ,05-Oct-2026,300.6,301.5,306.55,294.3,296.95,296.95,299.1,7903107,23637.85,55603,4725402,59.79
BPL,EQ,05-Oct-2026,45.29,45.0,45.8,44.0,44.49,44.39,44.67,20796,9.29,554,13257,63.75
BPLPHARMA,EQ,05-Oct-2026,1720.4,1769.2,1790.0,1670.0,1772.0,1726.9,1720.36,12145,208.94,935,7380,60.77
BRACEPORT,SM,05-Oct-2026,65.4,65.4,75.0,65.0,66.5,66.5,70.22,33600,23.59,19,17600,52.38
BRAHMINFRA,EQ,05-Oct-2026,148.85,157.65,157.65,140.44,143.88,143.02,144.26,13100,18.9,404,10066,76.84
BRANDMAN,SM,05-Oct-2026,163.95,163.0,163.0,157.0,160.0,160.0,159.11,24000,38.19,28,16000,66.67
BRIGADE,EQ,05-Oct-2026,569.55,571.0,583.4,561.1,573.9,571.6,570.36,324478,1850.69,22062,162338,50.03
BRIGHOTEL,EQ,05-Oct-2026,56.94,57.01,57.4,56.2,57.4,57.06,57.02,95219,54.29,1874,71441,75.03
BRIGHTBR,EQ,05-Oct-2026,241.85,234.05,243.0,227.0,230.0,230.65,233.41,5668,13.23,232,5068,89.41
BRITANNIA,EQ,05-Oct-2026,4778.0,4778.0,4817.2,4734.1,4770.0,4770.0,4761.8,204743,9749.46,17916,132347,64.64
BRNL,EQ,05-Oct-2026,16.03,15.62,16.87,15.61,16.31,16.13,16.42,21855,3.59,251,17716,81.06
BROOKS,EQ,05-Oct-2026,54.8,55.4,55.88,53.65,54.85,54.24,54.82,12783,7.01,231,11427,89.39
BSE,EQ,05-Oct-2026,3046.0,3052.0,3181.0,3036.0,3179.6,3179.6,3131.06,6735475,210891.66,240506,3217060,47.76
BSE500IETF,EQ,05-Oct-2026,37.17,37.0,37.69,36.2,37.04,37.08,37.03,477298,176.77,2129,397978,83.38
BSHSL,EQ,05-Oct-2026,83.95,84.78,84.8,81.0,83.0,83.07,82.87,4676,3.87,144,3012,64.41
BSL,EQ,05-Oct-2026,118.2,121.49,121.49,118.53,120.19,120.15,120.42,2251,2.71,57,2107,93.60
BSLGOLDETF,EQ,05-Oct-2026,129.24,129.59,129.61,128.44,129.48,129.43,129.26,329349,425.71,2960,194591,59.08
BSLNIFTY,EQ,05-Oct-2026,26.43,26.88,26.88,26.25,26.6,26.52,26.52,4012582,1064.23,9992,3193758,79.59
BSLSENETFG,EQ,05-Oct-2026,72.82,72.08,74.16,71.95,73.03,73.49,72.86,3221,2.35,156,690,21.42
BSOFT,EQ,05-Oct-2026,269.75,277.15,280.8,274.25,275.85,276.0,277.28,1555308,4312.59,39178,518819,33.36
BTML,EQ,05-Oct-2026,7.09,7.39,7.39,6.97,7.06,7.15,7.1,65521,4.65,156,52151,79.59
BTTL,BE,05-Oct-2026,39.5,39.49,41.33,38.2,41.33,38.72,39.02,2137,0.83,25,-,-
BUILDPRO,EQ,05-Oct-2026,1249.2,1269.6,1284.0,1236.2,1278.9,1265.9,1255.18,80785,1014.0,5544,55794,69.06
BULKCORP,ST,05-Oct-2026,79.85,79.8,79.9,79.75,79.75,79.75,79.83,4800,3.83,4,4800,100.00
BURNPUR,BE,05-Oct-2026,12.56,12.69,13.18,12.56,13.18,13.18,13.1,13021,1.71,90,-,-
BUTTERFLY,EQ,05-Oct-2026,550.5,564.9,567.0,545.35,545.4,547.55,558.62,15707,87.74,1011,8304,52.87
BVCL,EQ,05-Oct-2026,41.39,42.6,43.49,40.55,41.8,41.21,42.18,13402,5.65,209,9583,71.50
BYKE,EQ,05-Oct-2026,28.81,28.5,30.25,28.5,29.79,29.66,29.5,25230,7.44,137,18898,74.90
C2C,SM,05-Oct-2026,189.15,188.7,188.7,167.0,180.0,176.15,177.85,120300,213.96,590,72150,59.98
CADSYS,SM,05-Oct-2026,39.9,38.0,38.0,37.95,37.95,37.95,37.99,2500,0.95,2,2500,100.00
CALSOFT,BE,05-Oct-2026,36.41,36.79,36.79,34.59,35.2,34.93,34.94,155554,54.35,849,-,-
CAMLINFINE,EQ,05-Oct-2026,91.01,91.99,93.2,89.69,91.29,91.16,91.01,373342,339.76,4437,164261,44.00
CAMPUS,EQ,05-Oct-2026,205.83,206.35,208.99,203.01,203.01,204.12,205.22,186812,383.38,5169,83340,44.61
CAMS,EQ,05-Oct-2026,677.25,679.0,692.5,677.9,683.85,683.85,684.75,1632385,11177.8,54080,893808,54.75
CANARYS,SM,05-Oct-2026,27.45,28.5,28.5,26.9,28.4,28.4,27.92,60000,16.75,15,40000,66.67
CANBK,EQ,05-Oct-2026,118.36,119.39,120.96,118.21,118.5,118.5,119.35,22263750,26572.86,138284,12660112,56.86
CANFINHOME,EQ,05-Oct-2026,711.0,714.35,735.1,711.15,725.7,724.7,728.09,355842,2590.86,20061,207000,58.17
CANHLIFE,EQ,05-Oct-2026,143.85,142.4,147.5,141.13,142.33,142.36,144.02,384965,554.42,9875,167993,43.64
CANTABIL,EQ,05-Oct-2026,224.66,226.3,228.98,220.0,228.98,225.18,223.63,172213,385.12,3103,96079,55.79
CAPACITE,EQ,05-Oct-2026,180.33,182.0,182.91,175.99,179.5,178.62,178.67,222639,397.8,4629,99477,44.68
CAPILLARY,EQ,05-Oct-2026,554.7,560.0,564.7,538.0,544.0,546.1,547.37,108170,592.09,4256,52877,48.88
CAPINVIT,IV,05-Oct-2026,76.67,77.15,77.25,76.7,76.9,77.05,76.97,130918,100.77,2065,112544,85.97
CAPITALSFB,EQ,05-Oct-2026,277.5,278.0,286.9,273.65,276.1,279.55,279.18,32415,90.5,1184,20240,62.44
CAPLIPOINT,EQ,05-Oct-2026,2631.9,2609.7,2625.8,2541.1,2586.0,2604.0,2582.76,142329,3676.02,24828,52376,36.80
CAPTRUST,BE,05-Oct-2026,19.07,19.07,20.02,18.5,20.02,19.99,19.67,60158,11.84,115,-,-
CARBORUNIV,EQ,05-Oct-2026,1239.7,1241.0,1280.1,1230.7,1270.0,1267.6,1255.78,269403,3383.11,28730,131910,48.96
CARERATING,EQ,05-Oct-2026,1602.7,1602.7,1635.2,1590.2,1593.5,1607.7,1614.74,53662,866.5,5095,39075,72.82
CARRARO,EQ,05-Oct-2026,518.1,518.5,526.45,508.5,520.5,518.9,517.41,114896,594.48,9188,61967,53.93
CARTRADE,EQ,05-Oct-2026,2806.6,2806.0,2950.0,2804.2,2944.2,2935.4,2912.91,267054,7779.05,30436,83466,31.25
CARYSIL,EQ,05-Oct-2026,1044.8,1058.7,1058.7,1021.0,1022.4,1031.0,1033.97,92489,956.31,8672,51235,55.40
CASHIETF,EQ,05-Oct-2026,1082.28,1083.37,1083.95,1082.28,1082.4,1082.41,1082.41,308464,3338.86,161,206685,67.00
CASTROLIND,EQ,05-Oct-2026,199.04,199.05,201.5,197.75,199.5,199.51,199.23,2300283,4582.95,29528,1212389,52.71
CBAZAAR,SM,05-Oct-2026,5.45,5.2,5.3,5.2,5.3,5.3,5.25,16000,0.84,2,16000,100.00
CCAVENUE,EQ,05-Oct-2026,15.28,15.25,15.45,14.95,15.0,14.99,15.13,11659060,1763.77,13497,7425167,63.69
CCCL,EQ,05-Oct-2026,13.45,13.44,13.49,12.9,13.26,13.19,13.18,120507,15.89,480,94390,78.33
CCHHL,EQ,05-Oct-2026,12.99,12.81,13.16,12.7,12.89,12.71,12.85,20247,2.6,155,15954,78.80
CCL,EQ,05-Oct-2026,1056.6,1056.6,1057.6,1033.1,1052.5,1051.9,1044.17,179191,1871.06,21397,83825,46.78
CDSL,EQ,05-Oct-2026,1242.5,1248.0,1260.3,1237.4,1250.0,1250.0,1249.24,915900,11441.78,39847,413058,45.10
CEATLTD,EQ,05-Oct-2026,3286.6,3286.6,3313.4,3244.1,3289.0,3283.0,3276.01,26355,863.39,6694,9157,34.74
CEDAAR,SM,05-Oct-2026,11.0,11.55,11.55,10.45,10.5,10.5,10.88,16000,1.74,12,14000,87.50
CEIGALL,EQ,05-Oct-2026,380.1,380.1,386.5,373.2,382.95,383.95,380.45,214295,815.28,5504,111596,52.08
CEINSYS,EQ,05-Oct-2026,654.25,669.8,669.8,635.05,643.05,649.6,646.02,58702,379.23,4391,29893,50.92
CELEBRITY,EQ,05-Oct-2026,6.26,6.26,6.69,6.06,6.4,6.41,6.38,13811,0.88,109,7534,54.55
CELLECOR,SM,05-Oct-2026,28.9,29.5,29.75,28.25,29.65,29.4,29.17,159000,46.38,46,108000,67.92
CELLO,EQ,05-Oct-2026,323.1,323.1,341.9,323.1,339.0,340.05,335.94,945722,3177.11,32031,316843,33.50
CELLPOINT,SM,05-Oct-2026,16.05,16.75,16.75,15.35,15.85,15.85,16.11,13200,2.13,10,10800,81.82
CEMNTGROWW,EQ,05-Oct-2026,13.6,13.95,13.95,13.38,13.7,13.62,13.62,46681,6.36,386,34030,72.90
CEMPRO,EQ,05-Oct-2026,1178.9,1198.0,1209.5,1150.1,1159.0,1156.6,1166.67,237035,2765.41,21595,137128,57.85
CENTENKA,EQ,05-Oct-2026,537.8,538.9,551.8,538.9,545.45,546.2,546.68,26663,145.76,3016,15408,57.79
CENTEXT,EQ,05-Oct-2026,18.18,18.4,18.99,17.91,18.0,17.99,18.18,68850,12.51,678,47850,69.50
CENTEXT-RE,BE,05-Oct-2026,3.16,3.5,3.5,2.14,2.82,2.79,2.83,193543,5.48,260,-,-
CENTRALBK,EQ,05-Oct-2026,30.0,30.2,30.56,30.02,30.36,30.31,30.31,4478354,1357.46,17901,1566372,34.98
CENTRUM,EQ,05-Oct-2026,19.9,19.99,20.4,19.3,19.89,19.7,19.8,371639,73.6,789,216015,58.12
CENTUM,EQ,05-Oct-2026,4701.7,4748.8,4750.0,4550.0,4608.0,4584.1,4623.24,44652,2064.37,10210,17297,38.74
CENTURYPLY,EQ,05-Oct-2026,666.45,662.25,682.0,662.25,678.1,680.05,675.5,65262,440.85,13393,41734,63.95
CERA,EQ,05-Oct-2026,5096.5,5096.5,5129.5,5014.5,5050.0,5056.5,5061.09,7444,376.75,2396,4013,53.91
CEREBRAINT,BZ,05-Oct-2026,2.86,2.66,2.66,2.66,2.66,2.66,2.66,3864,0.1,32,-,-
CESC,EQ,05-Oct-2026,131.62,132.33,136.9,131.7,133.55,133.73,134.21,1606522,2156.16,41380,863370,53.74
CEWATER,EQ,05-Oct-2026,253.45,253.45,267.0,250.6,256.55,259.1,256.92,98075,251.97,3725,51268,52.27
CFEL,BE,05-Oct-2026,45.27,45.5,45.56,43.01,44.0,43.55,44.93,7473,3.36,79,-,-
CGCL,EQ,05-Oct-2026,249.23,250.6,251.98,245.15,246.0,247.06,248.33,1571868,3903.38,25055,819176,52.11
CGPOWER,EQ,05-Oct-2026,879.0,885.05,894.2,877.75,882.3,882.3,884.68,1290292,11414.98,34691,558427,43.28
CGRAPHICS,SM,05-Oct-2026,148.8,152.05,153.0,150.5,151.7,150.85,151.46,22400,33.93,19,20800,92.86
CGVAK,EQ,05-Oct-2026,147.24,158.99,158.99,145.11,147.99,147.99,149.53,1065,1.59,48,571,53.62
CHALET,EQ,05-Oct-2026,830.25,836.8,844.4,825.25,840.0,841.45,836.18,136588,1142.12,13535,90352,66.15
CHAMBLFERT,EQ,05-Oct-2026,399.3,400.3,406.3,395.0,398.25,397.6,398.76,432450,1724.45,20906,212352,49.10
CHANDAN,SM,05-Oct-2026,227.1,228.0,228.0,220.55,222.0,222.6,223.21,20000,44.64,25,12000,60.00
CHAVDA,ST,05-Oct-2026,59.85,59.85,60.0,59.5,59.5,59.5,59.78,6000,3.59,3,6000,100.00
CHEMBOND,EQ,05-Oct-2026,177.64,178.22,183.02,176.5,180.95,177.94,179.92,4435,7.98,223,2593,58.47
CHEMBONDCH,BE,05-Oct-2026,215.81,221.95,225.95,212.0,215.0,214.85,219.05,5522,12.1,132,-,-
CHEMCON,EQ,05-Oct-2026,215.93,218.0,223.0,211.21,214.8,213.86,217.7,41413,90.16,1325,23225,56.08
CHEMCRUX,EQ,05-Oct-2026,78.23,79.47,82.2,76.5,79.1,79.22,79.03,3767,2.98,76,1602,42.53
CHEMFAB,EQ,05-Oct-2026,328.35,321.55,335.35,320.15,321.05,326.35,329.01,3357,11.04,192,1807,53.83
CHEMICAL,EQ,05-Oct-2026,28.2,28.76,28.76,27.82,28.03,27.95,28.04,186930,52.42,1608,85707,45.85
CHEMPLASTS,EQ,05-Oct-2026,191.56,191.55,204.0,191.55,196.15,196.93,199.85,805392,1609.56,16277,260845,32.39
CHENNPETRO,EQ,05-Oct-2026,1346.4,1345.9,1406.0,1325.1,1403.9,1401.0,1375.59,1762387,24243.26,72768,540610,30.67
CHETANA,SM,05-Oct-2026,40.0,39.0,39.0,38.5,38.5,38.5,38.63,6400,2.47,2,6400,100.00
CHEVIOT,EQ,05-Oct-2026,1167.0,1172.0,1174.5,1160.1,1167.0,1165.7,1167.69,386,4.51,90,334,86.53
CHOICEGOLD,EQ,05-Oct-2026,145.74,144.05,146.3,144.05,146.0,145.93,144.97,15777,22.87,255,6414,40.65
CHOICEIN,EQ,05-Oct-2026,719.4,719.4,736.0,719.4,728.0,726.0,727.03,737146,5359.3,9628,468815,63.60
CHOLAFIN,EQ,05-Oct-2026,1580.0,1590.0,1610.8,1580.0,1605.4,1605.4,1601.61,1378981,22085.92,49311,787249,57.09
CHOLAHLDNG,EQ,05-Oct-2026,1369.6,1379.9,1409.7,1366.1,1402.9,1404.4,1390.71,69925,972.45,10380,38488,55.04
CIEINDIA,EQ,05-Oct-2026,376.35,377.0,380.85,374.4,376.55,378.0,377.97,91542,346.0,12327,42251,46.15
CIFL,EQ,05-Oct-2026,20.76,20.7,21.15,20.4,20.49,20.49,20.56,240278,49.41,1762,202965,84.47
CINELINE,EQ,05-Oct-2026,85.96,87.4,90.0,86.01,86.15,86.22,87.24,5158,4.5,282,3049,59.11
CINEVISTA,EQ,05-Oct-2026,13.63,14.09,14.09,13.46,13.95,13.79,13.79,18109,2.5,97,13706,75.69
CIPLA,EQ,05-Oct-2026,1344.0,1334.3,1337.7,1321.0,1335.5,1335.5,1332.39,1084209,14445.91,56931,645805,59.56
CITIUSINVT,IV,05-Oct-2026,115.99,116.5,117.0,115.12,115.5,115.63,116.4,10960,12.76,287,8235,75.14
CKKRETAIL,SM,05-Oct-2026,168.65,165.1,165.1,165.1,165.1,165.1,165.1,800,1.32,1,800,100.00
CLASSICEIL,SM,05-Oct-2026,51.05,50.5,51.0,50.5,50.6,50.6,50.68,6400,3.24,4,4800,75.00
CLAYCRAFT,SM,05-Oct-2026,167.2,162.0,171.9,162.0,169.75,169.4,167.99,22200,37.29,28,19200,86.49
CLCIND,BE,05-Oct-2026,43.22,43.22,43.22,43.22,43.22,43.22,43.22,152,0.07,6,-,-
CLEAN,EQ,05-Oct-2026,803.05,805.0,817.3,792.15,799.0,799.8,803.81,185312,1489.56,14316,64493,34.80
CLEANMAX,EQ,05-Oct-2026,1299.8,1309.9,1331.8,1301.0,1306.0,1303.3,1313.82,156077,2050.57,14132,59039,37.83
CLEDUCATE,EQ,05-Oct-2026,57.91,58.49,58.98,55.02,55.02,55.02,56.0,11798,6.61,157,10947,92.79
CLSEL,EQ,05-Oct-2026,281.95,280.95,286.2,277.25,281.1,283.1,281.15,31677,89.06,1439,14238,44.95
CLSL,ST,05-Oct-2026,62.9,62.85,62.85,62.85,62.85,62.85,62.85,2000,1.26,1,2000,100.00
CMICABLES,BZ,05-Oct-2026,2.62,2.62,2.62,2.49,2.49,2.49,2.5,2350,0.06,14,-,-
CMLL,EQ,05-Oct-2026,523.05,520.0,526.0,503.3,507.0,507.2,514.99,192091,989.25,6042,85397,44.46
CMNL,SM,05-Oct-2026,118.0,118.0,118.0,115.0,115.0,115.0,115.5,5250,6.06,5,4500,85.71
CMPDI,EQ,05-Oct-2026,204.38,205.7,208.99,203.68,206.0,207.13,206.57,1019550,2106.04,19403,509105,49.93
CMRGREEN,EQ,05-Oct-2026,223.38,224.57,225.6,220.1,220.5,221.48,223.08,272408,607.68,8127,130367,47.86
CMRSL,SM,05-Oct-2026,70.65,70.65,74.15,70.65,74.15,74.15,72.4,1600,1.16,2,1600,100.00
CMSINFO,EQ,05-Oct-2026,220.69,221.68,222.0,217.16,219.45,218.98,219.42,696321,1527.88,17649,407629,58.54
CNL,EQ,05-Oct-2026,1079.2,1070.9,1086.7,1052.0,1053.1,1071.9,1071.14,10873,116.46,1223,7044,64.78
COALINDIA,EQ,05-Oct-2026,420.4,425.0,430.9,421.6,425.1,425.1,425.86,7764099,33064.45,103761,4676606,60.23
COASTCORP,EQ,05-Oct-2026,35.82,35.55,36.19,35.45,35.45,35.68,35.85,36258,13.0,527,22507,62.07
COCHINSHIP,EQ,05-Oct-2026,1287.0,1295.9,1308.0,1279.3,1283.8,1283.8,1288.72,678043,8738.09,20372,288350,42.53
COCKERILL,EQ,05-Oct-2026,7989.0,7920.0,8026.5,7826.0,7826.0,7868.5,7906.34,1721,136.07,525,1007,58.51
COFFEEDAY,EQ,05-Oct-2026,29.69,30.2,31.74,29.72,30.05,30.06,30.12,642940,193.63,2600,317005,49.31
COFORGE,EQ,05-Oct-2026,1826.0,1842.3,1888.0,1793.8,1852.0,1852.0,1848.76,3693526,68284.44,114163,1716771,46.48
COHANCE,EQ,05-Oct-2026,451.3,451.5,455.05,442.2,446.3,446.8,447.78,413013,1849.38,29855,194719,47.15
COLPAL,EQ,05-Oct-2026,1735.0,1741.0,1775.0,1737.0,1775.0,1775.0,1754.7,173685,3047.65,14223,100983,58.14
COMFINTE,EQ,05-Oct-2026,6.23,6.09,6.98,6.09,6.22,6.18,6.45,450195,29.04,864,174000,38.65
COMMOIETF,EQ,05-Oct-2026,94.0,93.24,94.5,92.91,93.51,93.55,93.57,82728,77.41,1785,56102,67.82
COMPEAU,EQ,05-Oct-2026,362.45,380.0,380.0,344.2,359.95,349.3,349.55,240,0.84,32,177,73.75
COMPINFO,BZ,05-Oct-2026,1.09,1.09,1.11,1.04,1.09,1.09,1.06,22041,0.23,32,-,-
COMPUSOFT,EQ,05-Oct-2026,13.05,13.05,13.4,12.61,13.05,13.0,12.95,19681,2.55,218,12934,65.72
COMSYN,EQ,05-Oct-2026,262.4,263.05,270.0,256.8,262.4,259.55,260.66,527134,1374.01,6007,417417,79.19
CONCOR,EQ,05-Oct-2026,442.0,445.0,446.6,434.5,441.45,441.45,440.3,949906,4182.41,20268,470256,49.51
CONCORDBIO,EQ,05-Oct-2026,1374.1,1394.7,1398.7,1352.5,1352.7,1355.9,1368.16,55394,757.88,9357,20798,37.55
CONFIPET,EQ,05-Oct-2026,86.05,87.4,88.49,85.12,86.0,86.18,86.82,1591393,1381.72,15622,669494,42.07
CONNPLEX,SM,05-Oct-2026,246.1,252.95,252.95,243.0,244.0,244.45,246.87,19200,47.4,20,14400,75.00
CONS,EQ,05-Oct-2026,11.35,11.4,11.4,11.18,11.32,11.28,11.25,62755,7.06,289,34523,55.01
CONSOFINVT,BE,05-Oct-2026,279.6,279.45,285.0,278.0,282.0,284.25,280.0,2475,6.93,32,-,-
CONSUMAXIS,EQ,05-Oct-2026,111.99,112.0,112.9,111.65,111.65,112.77,112.59,2963,3.34,38,1514,51.10
CONSUMBEES,EQ,05-Oct-2026,121.58,120.93,122.5,120.92,122.5,122.1,121.54,81760,99.37,1311,32573,39.84
CONSUMER,EQ,05-Oct-2026,11.06,11.12,11.2,11.09,11.18,11.15,11.15,564826,62.98,391,523688,92.72
CONSUMIETF,EQ,05-Oct-2026,113.03,112.8,115.89,112.6,113.0,113.58,113.32,10424,11.81,286,4210,40.39
CONTI,SM,05-Oct-2026,10.1,9.8,9.8,9.8,9.8,9.8,9.8,6666,0.65,2,6666,100.00
CONTROLPR,EQ,05-Oct-2026,618.0,624.0,625.25,599.05,616.5,616.3,613.25,19662,120.58,1751,10051,51.12
COOLCAPS,SM,05-Oct-2026,21.15,21.25,21.55,21.0,21.0,21.1,21.27,25000,5.32,16,17500,70.00
CORALFINAC,EQ,05-Oct-2026,31.25,31.05,31.62,29.98,30.05,30.21,30.48,23876,7.28,234,15584,65.27
CORDELIA,EQ,05-Oct-2026,100.91,101.5,105.95,100.17,101.3,100.83,102.27,668903,684.09,6624,312307,46.69
CORDSCABLE,BE,05-Oct-2026,318.9,317.9,324.0,303.0,311.0,308.3,308.32,55092,169.86,942,-,-
COREIN,ST,05-Oct-2026,78.65,78.65,82.55,77.25,82.55,82.55,80.07,80000,64.05,35,80000,100.00
COROMANDEL,EQ,05-Oct-2026,1763.6,1769.9,1809.8,1751.8,1808.0,1801.4,1780.83,189198,3369.3,15060,129757,68.58
CORONA,EQ,05-Oct-2026,2029.4,2051.0,2070.0,2005.6,2030.1,2034.2,2028.18,14222,288.45,4953,6988,49.14
COSMOFIRST,EQ,05-Oct-2026,826.85,840.0,840.0,811.8,820.0,822.7,822.83,27709,228.0,2515,13850,49.98
COUNCODOS,BE,05-Oct-2026,6.33,6.42,6.45,6.14,6.44,6.44,6.4,139145,8.9,131,-,-
CPCAP,EQ,05-Oct-2026,140.85,133.01,142.0,131.35,134.79,134.45,136.85,17693,24.21,583,9592,54.21
CPEDU,EQ,05-Oct-2026,176.36,170.1,180.0,170.1,179.44,179.47,176.54,6455,11.4,136,5198,80.53
CPL,EQ,05-Oct-2026,62.46,61.56,63.9,61.01,63.89,62.73,62.25,34985,21.78,1930,10958,31.32
CPPLUS,EQ,05-Oct-2026,3799.6,3858.2,3989.5,3833.5,3989.5,3989.5,3947.91,255914,10103.25,19621,166913,65.22
CPSEETF,EQ,05-Oct-2026,89.78,89.78,91.3,88.66,89.6,90.09,90.17,732945,660.93,11010,417362,56.94
CRAFTSMAN,EQ,05-Oct-2026,10266.0,10280.0,10660.0,10183.0,10300.0,10251.0,10354.29,60422,6256.27,24227,30979,51.27
CRAMC,EQ,05-Oct-2026,216.52,219.0,224.0,218.69,220.88,220.23,221.13,278457,615.75,6499,128849,46.27
CRAVATEX,EQ,05-Oct-2026,349.0,365.0,365.0,336.1,339.0,339.2,352.6,42,0.15,15,30,71.43
CRAYONS,SM,05-Oct-2026,25.0,24.0,24.0,23.95,23.95,23.95,23.98,2000,0.48,2,2000,100.00
CREATIVEYE,EQ,05-Oct-2026,6.17,6.15,6.15,5.76,5.9,5.9,6.04,2267,0.14,95,1871,82.53
CREDENT,SM,05-Oct-2026,382.1,380.0,393.45,365.0,365.55,367.7,374.17,23400,87.55,39,18000,76.92
CREDITACC,EQ,05-Oct-2026,1239.0,1250.0,1280.0,1244.8,1250.0,1251.5,1257.89,164807,2073.08,24872,75199,45.63
CREST,EQ,05-Oct-2026,362.35,355.0,367.0,355.0,360.6,363.05,362.6,4641,16.83,131,3534,76.15
CRESTO,BE,05-Oct-2026,22.05,20.95,22.85,20.95,21.0,20.99,21.01,28152,5.92,108,-,-
CRISIL,EQ,05-Oct-2026,4428.6,4428.6,4531.5,4401.0,4515.0,4505.8,4493.48,26707,1200.07,9217,13951,52.24
CRIZAC,EQ,05-Oct-2026,166.89,168.65,170.76,166.74,170.0,168.24,168.29,186832,314.43,3756,48063,25.73
CROMPTON,EQ,05-Oct-2026,202.7,203.3,211.98,203.3,211.5,211.5,210.14,3915311,8227.6,58204,1091002,27.87
CROWN,EQ,05-Oct-2026,111.53,114.92,114.92,109.0,110.2,111.06,111.79,6244,6.98,210,4380,70.15
CRSL,BZ,05-Oct-2026,2.14,2.1,2.19,2.04,2.04,2.04,2.08,881962,18.32,678,-,-
CSBBANK,EQ,05-Oct-2026,304.75,306.85,310.0,300.1,308.5,306.85,304.82,455102,1387.26,20461,199578,43.85
CSLFINANCE,EQ,05-Oct-2026,208.34,205.2,211.99,205.2,210.0,209.79,209.35,17931,37.54,476,12848,71.65
CSM,EQ,05-Oct-2026,94.25,93.78,95.0,92.33,94.25,93.68,93.65,293230,274.62,1753,215676,73.55
CSSL,SM,05-Oct-2026,69.6,70.25,75.5,70.25,73.5,73.5,73.71,8000,5.9,7,7000,87.50
CTE,BE,05-Oct-2026,38.91,38.62,39.0,36.98,37.89,37.22,37.22,26836,9.99,111,-,-
CUB,EQ,05-Oct-2026,230.04,232.0,232.65,225.5,227.43,227.65,227.96,1115230,2542.29,33136,472194,42.34
CUBEINVIT,IV,05-Oct-2026,155.03,155.95,156.0,154.9,154.91,155.02,155.3,143631,223.05,19656,119721,83.35
CUBEXTUB,BE,05-Oct-2026,166.1,159.25,165.0,157.8,157.8,157.8,159.07,126734,201.6,1155,-,-
CUDML,SM,05-Oct-2026,106.95,100.2,102.6,100.15,102.6,102.6,100.76,14000,14.11,9,11000,78.57
CUMMINSIND,EQ,05-Oct-2026,4860.0,4864.2,4900.0,4789.2,4832.3,4832.3,4826.29,707402,34141.26,47539,499512,70.61
CUPID,EQ,05-Oct-2026,312.5,314.3,316.0,302.1,310.0,310.1,309.96,15766847,48871.37,154999,4471141,28.36
CURAA,BE,05-Oct-2026,72.25,72.25,72.25,69.0,72.25,72.12,71.47,267,0.19,14,-,-
CURIS,ST,05-Oct-2026,206.5,208.0,208.0,207.0,207.0,207.0,207.67,6000,12.46,6,6000,100.00
CURRENT,SM,05-Oct-2026,96.0,98.0,98.0,98.0,98.0,98.0,98.0,4800,4.7,1,4800,100.00
CYBERMEDIA,BE,05-Oct-2026,17.96,17.96,18.4,17.64,17.64,17.69,17.87,9138,1.63,88,-,-
CYBERTECH,EQ,05-Oct-2026,135.95,139.9,153.0,137.2,137.2,139.1,145.81,186480,271.9,3909,81336,43.62
CYIENT,EQ,05-Oct-2026,1104.6,1115.0,1173.5,1110.0,1145.0,1140.2,1151.46,1623849,18697.96,97347,408252,25.14
CYIENTDLM,EQ,05-Oct-2026,893.9,895.0,952.0,895.0,944.0,946.8,938.88,591661,5554.99,37920,262432,44.36
DABUR,EQ,05-Oct-2026,374.25,376.1,379.0,373.3,378.65,378.65,376.28,685009,2577.58,14851,249901,36.48
DAICHI,BE,05-Oct-2026,317.1,316.0,316.0,306.0,314.95,315.0,310.16,853,2.65,17,-,-
DALBHARAT,EQ,05-Oct-2026,1682.1,1682.1,1689.1,1655.0,1677.9,1673.7,1669.55,20725,346.01,5015,9876,47.65
DALMIASUG,EQ,05-Oct-2026,396.7,405.65,435.95,400.3,427.6,430.15,426.63,1092162,4659.47,31145,140497,12.86
DAMCAPITAL,EQ,05-Oct-2026,146.56,146.56,150.19,146.01,147.42,146.75,147.6,220836,325.95,4342,82865,37.52
DAMODARIND,BE,05-Oct-2026,26.59,26.89,26.89,26.1,26.5,26.5,26.47,4071,1.08,19,-,-
DANGEE,EQ,05-Oct-2026,2.9,2.89,2.98,2.89,2.93,2.92,2.92,56532,1.65,112,46087,81.52
DANISH,SM,05-Oct-2026,953.5,955.55,975.0,922.0,925.5,933.1,948.69,32100,304.53,126,26700,83.18
DATAMATICS,EQ,05-Oct-2026,790.3,790.95,799.0,766.05,767.5,769.75,775.68,61398,476.25,4153,26152,42.59
DATAPATTNS,EQ,05-Oct-2026,4251.3,4275.6,4316.8,4200.0,4221.0,4226.5,4243.82,212079,9000.25,27902,51122,24.11
DAVANGERE,EQ,05-Oct-2026,2.26,2.25,2.32,2.25,2.3,2.29,2.29,6379071,145.88,2579,3980318,62.40
DBCORP,EQ,05-Oct-2026,172.52,175.0,177.19,170.01,171.5,171.08,172.99,113125,195.69,2730,53465,47.26
DBEIL,EQ,05-Oct-2026,6.5,6.7,6.7,6.32,6.4,6.4,6.46,116394,7.52,347,67716,58.18
DBL,EQ,05-Oct-2026,399.1,398.05,405.15,393.1,395.0,396.3,397.9,94930,377.72,3802,37046,39.02
DBOL,EQ,05-Oct-2026,120.91,121.0,126.93,121.0,124.35,125.03,124.47,210180,261.62,4025,111509,53.05
DBREALTY,EQ,05-Oct-2026,91.7,91.74,92.79,89.25,91.5,91.72,91.05,903606,822.72,11893,472788,52.32
DBSTOCKBRO,BE,05-Oct-2026,31.5,31.5,32.98,31.5,31.58,31.58,32.33,4716,1.52,31,-,-
DCAL,EQ,05-Oct-2026,150.35,153.99,154.67,149.1,152.2,151.5,151.92,113660,172.67,3650,58667,51.62
DCBBANK,EQ,05-Oct-2026,199.71,199.0,205.65,196.63,197.15,197.36,198.8,1142913,2272.14,26925,608641,53.25
DCG,ST,05-Oct-2026,76.4,75.0,75.0,72.6,72.6,72.6,73.64,12000,8.84,10,9600,80.00
DCI,EQ,05-Oct-2026,342.95,339.55,344.7,324.0,344.0,343.15,336.98,128476,432.94,4715,52419,40.80
DCM,EQ,05-Oct-2026,72.83,72.02,76.6,71.1,72.0,72.71,73.13,40530,29.64,216,23978,59.16
DCMFINSERV,EQ,05-Oct-2026,5.07,5.07,5.33,4.75,5.09,5.02,5.04,20787,1.05,102,20518,98.71
DCMNVL,EQ,05-Oct-2026,166.47,169.99,173.0,167.01,172.98,171.37,170.7,7872,13.44,257,6023,76.51
DCMSHRIRAM,EQ,05-Oct-2026,906.85,910.6,1088.2,910.6,1012.1,1044.55,1043.8,971948,10145.17,38600,442161,45.49
DCMSIL,EQ,05-Oct-2026,80.25,80.1,81.24,76.4,77.01,77.42,78.58,74037,58.18,2024,38769,52.36
DCMSRIND,EQ,05-Oct-2026,37.69,37.69,45.22,37.31,39.0,39.06,41.9,6126018,2567.03,21019,636482,10.39
DCW,EQ,05-Oct-2026,44.62,45.39,45.99,44.29,44.62,44.69,44.86,810989,363.79,5748,335799,41.41
DCXINDIA,EQ,05-Oct-2026,158.99,159.96,162.9,156.0,157.28,156.82,157.87,214338,338.38,4953,80436,37.53
DDEVPLSTIK,EQ,05-Oct-2026,247.61,248.2,252.0,242.25,242.25,243.13,245.91,104792,257.69,2270,67786,64.69
DECCANCE,EQ,05-Oct-2026,548.95,552.0,560.0,543.4,551.2,552.05,550.89,5252,28.93,453,2852,54.30
DECCANTRAN,SM,05-Oct-2026,21.7,20.25,21.4,19.1,20.0,19.55,20.34,8400,1.71,7,6000,71.43
DECNGOLD,EQ,05-Oct-2026,195.69,196.79,197.85,187.78,188.1,188.57,191.27,1071051,2048.61,17463,497803,46.48
DEEDEV,EQ,05-Oct-2026,663.2,678.85,679.9,632.55,638.75,636.95,654.29,203639,1332.4,9554,122744,60.28
DEEP,BE,05-Oct-2026,42.69,44.0,44.22,42.69,42.9,42.76,43.4,3252,1.41,47,-,-
DEEPA,EQ,05-Oct-2026,192.17,192.17,197.3,190.36,193.65,194.93,194.06,1705934,3310.55,23819,550880,32.29
DEEPAKFERT,EQ,05-Oct-2026,1300.9,1300.9,1322.5,1292.0,1298.0,1297.7,1301.23,112778,1467.51,10785,48738,43.22
DEEPAKNTR,EQ,05-Oct-2026,1492.8,1497.9,1522.0,1488.2,1497.8,1497.0,1500.28,108056,1621.14,13612,54049,50.02
DEEPINDS,EQ,05-Oct-2026,749.0,750.9,762.9,731.4,743.2,747.05,747.78,111244,831.86,7843,50016,44.96
DEFENCE,EQ,05-Oct-2026,76.31,74.4,76.97,74.4,76.7,76.68,76.53,201294,154.04,982,96124,47.75
DELAPLEX,SM,05-Oct-2026,94.5,96.95,97.0,95.0,96.7,96.7,96.7,10200,9.86,15,9000,88.24
DELHIVERY,EQ,05-Oct-2026,400.0,403.25,404.85,398.0,400.3,400.3,401.66,2579997,10362.7,50159,1495171,57.95
DELPHIFX,BE,05-Oct-2026,6.9,7.03,7.03,7.03,7.03,7.03,7.03,64543,4.54,31,-,-
DELTACORP,EQ,05-Oct-2026,73.48,74.6,87.67,71.23,85.0,85.43,81.71,105531303,86228.56,381084,9680535,9.17
DELTAMAGNT,EQ,05-Oct-2026,54.08,54.1,56.8,53.35,56.3,54.87,55.19,3862,2.13,59,2436,63.08
DELTIC,SM,05-Oct-2026,35.95,35.95,36.9,34.85,35.85,35.85,35.96,17000,6.11,16,15000,88.24
DEN,EQ,05-Oct-2026,25.41,25.69,26.05,25.41,25.9,25.71,25.79,310933,80.18,1311,209614,67.41
DENEERS,SM,05-Oct-2026,173.55,172.15,177.95,167.5,174.9,172.1,173.96,9000,15.66,14,4200,46.67
DENORA,EQ,05-Oct-2026,723.9,725.0,789.1,716.0,735.0,731.65,737.45,5451,40.2,842,3188,58.48
DENTA,EQ,05-Oct-2026,260.65,263.0,264.9,255.3,261.9,260.35,259.67,50083,130.05,2356,21561,43.05
DENTALKART,SM,05-Oct-2026,459.0,458.0,465.0,437.2,465.0,465.0,453.7,5750,26.09,19,4500,78.26
DEVIT,EQ,05-Oct-2026,20.75,21.1,21.9,20.5,20.5,20.52,20.91,19078,3.99,396,12702,66.58
DEVX,EQ,05-Oct-2026,36.28,36.41,38.5,36.05,38.25,37.85,37.64,207604,78.15,2589,127766,61.54
DEVYANI,EQ,05-Oct-2026,127.07,127.07,131.0,125.55,129.91,130.03,128.2,1377561,1766.01,17107,456925,33.17
DGCONTENT,EQ,05-Oct-2026,25.43,25.0,25.59,24.7,24.9,24.91,24.97,6243,1.56,39,4235,67.84
DHABRIYA,BE,05-Oct-2026,463.8,461.0,465.0,449.9,453.0,452.55,456.07,8343,38.05,199,-,-
DHAMPURSUG,EQ,05-Oct-2026,171.06,171.19,179.98,171.19,176.95,176.85,176.84,818549,1447.49,15693,262500,32.07
DHANBANK,EQ,05-Oct-2026,26.97,27.65,28.4,26.25,26.35,26.49,26.73,589132,157.49,3320,294903,50.06
DHANLAXMI,SM,05-Oct-2026,26.5,26.5,26.5,22.0,25.5,23.1,23.7,56000,13.27,21,38000,67.86
DHANSA,ST,05-Oct-2026,25.7,25.7,26.0,25.0,26.0,25.9,25.68,10000,2.57,4,10000,100.00
DHANUKA,EQ,05-Oct-2026,935.05,930.9,938.2,899.5,911.3,907.4,913.88,19452,177.77,1947,10955,56.32
DHARAN,BZ,05-Oct-2026,0.13,0.14,0.14,0.13,0.14,0.13,0.14,6787428,9.36,1418,-,-
DHARARAIL,SM,05-Oct-2026,140.2,141.0,147.95,137.0,137.0,141.15,143.25,22000,31.51,19,18000,81.82
DHARIWAL,SM,05-Oct-2026,29.0,27.75,29.0,27.75,29.0,29.0,28.38,6000,1.7,2,6000,100.00
DHARMAJ,EQ,05-Oct-2026,267.65,265.65,272.3,261.6,265.0,265.0,266.39,110832,295.25,3679,64037,57.78
DHATRE,EQ,05-Oct-2026,4.02,4.04,4.08,3.91,4.02,3.93,3.96,21458,0.85,163,17517,81.63
DHOOTTRANS,EQ,05-Oct-2026,1443.4,1464.0,1531.9,1452.0,1530.0,1521.8,1498.31,2028908,30399.4,104307,692964,34.15
DHRUV,EQ,05-Oct-2026,19.74,19.74,19.97,18.76,19.5,19.51,19.15,16382,3.14,126,11660,71.18
DHTL,SM,05-Oct-2026,23.75,23.7,24.75,23.7,24.75,24.75,24.16,38400,9.28,7,37600,97.92
DHUNINV,EQ,05-Oct-2026,967.3,962.5,996.0,960.0,973.0,972.1,979.72,562,5.51,76,397,70.64
DIACABS,BE,05-Oct-2026,345.0,350.0,360.0,345.0,355.0,350.8,353.33,855233,3021.84,9840,-,-
DIAMINESQ,EQ,05-Oct-2026,236.31,236.31,241.45,235.0,237.02,237.97,236.74,914,2.16,82,590,64.55
DIAMONDYD,EQ,05-Oct-2026,1073.0,1068.7,1105.1,1041.5,1061.5,1058.8,1059.53,23745,251.58,1391,12398,52.21
DICIND,EQ,05-Oct-2026,613.65,605.0,627.05,591.4,596.0,595.95,605.27,4076,24.67,253,2912,71.44
DIFFNKG,EQ,05-Oct-2026,464.4,469.9,477.9,447.6,449.6,451.25,463.65,237686,1102.02,11607,86005,36.18
DIGIDRIVE,EQ,05-Oct-2026,17.61,17.67,18.5,17.22,18.0,17.8,17.82,18543,3.31,271,12648,68.21
DIGIKORE,SM,05-Oct-2026,37.25,37.4,38.5,36.3,37.95,37.95,37.84,51600,19.52,44,44400,86.05
DIGISPICE,EQ,05-Oct-2026,14.79,14.79,15.49,14.46,15.2,15.2,15.0,69082,10.36,254,55200,79.91
DIGITIDE,EQ,05-Oct-2026,72.34,71.72,75.7,71.72,74.44,74.08,73.81,413727,305.39,4429,188308,45.52
DIGJAMLMTD,BE,05-Oct-2026,47.96,47.5,47.96,45.6,47.96,47.61,47.12,8995,4.24,38,-,-
DISAQ,EQ,05-Oct-2026,11249.0,11395.0,11740.0,11250.0,11365.0,11487.0,11590.18,95,11.01,28,82,86.32
DISHTV,EQ,05-Oct-2026,2.15,2.19,2.2,2.07,2.1,2.1,2.13,2049102,43.74,2100,1373464,67.03
DIVGIITTS,EQ,05-Oct-2026,1136.4,1148.9,1149.8,1106.4,1121.0,1120.2,1123.69,79216,890.14,6841,33618,42.44
DIVIDEND,EQ,05-Oct-2026,33.63,33.94,34.03,33.6,33.8,33.8,33.83,3524,1.19,72,3036,86.15
DIVINEHIRA,ST,05-Oct-2026,106.15,109.8,109.8,104.2,107.8,107.8,107.38,8400,9.02,5,6000,71.43
DIVISLAB,EQ,05-Oct-2026,9249.0,9251.0,9285.5,9113.5,9196.0,9196.0,9172.94,480338,44061.13,40276,342890,71.39
DIVOPPBEES,EQ,05-Oct-2026,71.98,72.08,72.74,71.77,72.48,72.29,72.25,52877,38.2,1357,26637,50.38
DIVYADHAN,SM,05-Oct-2026,43.0,40.85,40.85,40.85,40.85,40.85,40.85,2000,0.82,1,2000,100.00
DIXON,EQ,05-Oct-2026,12700.0,12729.0,12899.0,12692.0,12748.0,12748.0,12793.41,211036,26998.69,41124,78613,37.25
DJML,EQ,05-Oct-2026,72.61,73.15,74.19,70.41,73.0,73.11,72.69,52415,38.1,585,23754,45.32
DLF,EQ,05-Oct-2026,658.4,664.9,676.5,664.0,673.0,673.0,672.12,3470586,23326.36,93704,1848398,53.26
DLINKINDIA,EQ,05-Oct-2026,406.6,407.9,413.7,406.0,413.7,411.75,410.25,46246,189.73,2602,26172,56.59
DMART,EQ,05-Oct-2026,3813.0,3808.6,3808.6,3545.3,3567.0,3567.0,3622.75,2550875,92411.92,142224,895622,35.11
DMCC,EQ,05-Oct-2026,308.7,307.3,329.4,306.0,322.0,319.1,320.66,217114,696.2,6278,102646,47.28
DNAMEDIA,EQ,05-Oct-2026,2.42,2.4,2.45,2.3,2.35,2.34,2.37,43193,1.02,177,28585,66.18
DODLA,EQ,05-Oct-2026,1006.3,1006.3,1021.5,1003.2,1015.0,1015.6,1012.45,9309,94.25,1554,4740,50.92
DOLATALGO,EQ,05-Oct-2026,62.86,64.0,65.5,62.0,62.5,62.4,62.86,75022,47.16,1104,51936,69.23
DOLLAR,EQ,05-Oct-2026,272.1,270.9,277.0,268.85,273.85,274.4,273.34,70384,192.39,2287,40797,57.96
DOLLEX,EQ,05-Oct-2026,38.24,39.98,39.98,36.5,37.99,37.16,37.29,16730,6.24,451,14879,88.94
DOLPHIN,EQ,05-Oct-2026,628.1,630.1,646.75,600.0,620.0,621.0,623.13,23823,148.45,1753,11110,46.64
DOMS,EQ,05-Oct-2026,2097.5,2109.9,2109.9,2053.0,2083.0,2079.8,2076.44,18688,388.05,5561,8475,45.35
DONEAR,EQ,05-Oct-2026,80.29,82.3,82.3,80.01,80.01,80.22,80.67,8934,7.21,121,6441,72.10
DPABHUSHAN,EQ,05-Oct-2026,1874.0,1945.0,2200.0,1872.1,2166.2,2130.5,2034.98,960721,19550.48,68803,237352,24.71
DPEL,SM,05-Oct-2026,618.75,625.05,625.05,606.0,606.0,608.5,615.81,21500,132.4,41,18500,86.05
DPSCLTD,BE,05-Oct-2026,6.8,6.94,6.94,6.46,6.7,6.72,6.75,131088,8.85,544,-,-
DPWIRES,EQ,05-Oct-2026,163.99,165.99,196.78,165.99,196.78,196.78,192.47,818001,1574.4,8467,187227,22.89
DRAGARWQ,EQ,05-Oct-2026,5159.0,5250.0,5294.0,5162.5,5250.0,5215.0,5202.34,2781,144.68,581,2360,84.86
DRCSYSTEMS,EQ,05-Oct-2026,13.02,13.02,13.5,12.8,12.93,13.04,13.1,42304,5.54,300,31752,75.06
DREAMFOLKS,EQ,05-Oct-2026,61.5,61.5,61.9,60.06,60.06,60.5,60.9,26105,15.9,896,15907,60.93
DREDGECORP,EQ,05-Oct-2026,895.2,895.2,936.0,895.2,906.5,903.9,907.14,107924,979.02,5722,47004,43.55
DRONE,SM,05-Oct-2026,33.1,32.1,32.85,32.0,32.5,32.55,32.33,20500,6.63,34,17000,82.93
DRREDDY,EQ,05-Oct-2026,1206.2,1198.0,1206.6,1189.0,1203.0,1203.0,1198.45,3075974,36863.95,89115,1857594,60.39
DSFCL,BE,05-Oct-2026,27.9,28.4,28.94,27.11,28.16,27.89,27.85,24679,6.87,124,-,-
DSKULKARNI,BE,05-Oct-2026,26.07,26.59,26.59,26.59,26.59,26.59,26.59,1,0.0,1,-,-
DSSL,EQ,05-Oct-2026,948.75,950.75,980.0,950.0,967.5,964.85,964.03,16450,158.58,2216,8234,50.05
DTIL,BE,05-Oct-2026,158.57,158.57,161.6,153.0,158.8,157.86,156.23,5601,8.75,84,-,-
DUCOL,SM,05-Oct-2026,120.9,123.4,124.1,122.25,122.25,122.25,123.45,10400,12.84,8,9600,92.31
DUCON,EQ,05-Oct-2026,1.3,1.35,1.36,1.32,1.36,1.36,1.35,469110,6.32,222,465844,99.30
DUGLOBAL,SM,05-Oct-2026,21.75,22.2,22.2,21.8,21.8,21.8,22.0,5000,1.1,2,5000,100.00
DURLAX,SM,05-Oct-2026,65.25,64.4,64.4,63.0,63.0,63.4,63.64,40000,25.45,20,22000,55.00
DVL,EQ,05-Oct-2026,278.7,278.4,280.4,270.5,271.5,271.65,273.53,5322,14.56,319,3522,66.18
DWARKESH,EQ,05-Oct-2026,41.96,42.3,44.73,42.3,44.3,44.08,43.97,2644127,1162.6,13449,596519,22.56
DYCL,EQ,05-Oct-2026,428.0,431.9,452.0,430.0,437.2,434.85,440.17,288948,1271.85,10651,106322,36.80
DYNAMATECH,EQ,05-Oct-2026,13756.0,13798.0,14375.0,13798.0,14375.0,14251.0,14093.28,43998,6200.76,16044,17656,40.13
DYNAMIC,SM,05-Oct-2026,129.95,123.2,130.65,123.2,128.0,127.95,126.49,5000,6.32,10,3000,60.00
DYNPRO,EQ,05-Oct-2026,224.58,224.67,229.49,218.25,220.38,220.44,221.48,7281,16.13,355,4687,64.37
E2E,BE,05-Oct-2026,648.0,659.9,675.0,649.95,662.1,656.1,659.75,513783,3389.7,8221,-,-
E2ERAIL,SM,05-Oct-2026,322.8,323.0,330.0,310.2,313.9,312.25,322.16,43200,139.18,50,16000,37.04
EASEMYTRIP,EQ,05-Oct-2026,5.76,5.8,5.83,5.76,5.77,5.77,5.78,6177377,357.06,5454,2976552,48.18
EASTSILK,BE,05-Oct-2026,70.12,70.82,70.82,66.66,66.66,66.66,69.62,604,0.42,8,-,-
EASTWEST,EQ,05-Oct-2026,2.29,2.36,2.4,2.24,2.36,2.32,2.31,51178,1.18,161,36747,71.80
EBANK10,EQ,05-Oct-2026,16.19,16.19,16.19,16.05,16.05,16.05,16.11,957,0.15,14,639,66.77
EBANKNIFTY,EQ,05-Oct-2026,55.24,55.74,56.99,54.56,54.56,56.95,55.49,3250,1.8,36,3148,96.86
EBBETF0430,EQ,05-Oct-2026,1601.58,1611.8,1611.8,1591.0,1604.8,1605.61,1605.75,45038,723.2,856,42839,95.12
EBBETF0431,EQ,05-Oct-2026,1427.59,1434.56,1435.27,1425.0,1425.0,1427.09,1427.94,11787,168.31,194,10554,89.54
EBBETF0433,EQ,05-Oct-2026,1299.69,1325.68,1325.68,1293.22,1301.27,1298.98,1298.48,7010,91.02,183,4176,59.57
EBGNG,EQ,05-Oct-2026,704.7,710.0,718.7,690.0,695.0,695.45,703.57,531082,3736.54,32413,210762,39.69
EBIX,BE,05-Oct-2026,16.89,17.0,17.7,16.88,17.0,16.91,17.08,10108,1.73,66,-,-
ECAPINSURE,EQ,05-Oct-2026,22.73,22.84,23.2,22.62,22.69,22.94,22.88,85848,19.64,397,52050,60.63
ECLERX,EQ,05-Oct-2026,1802.9,1819.2,1898.0,1812.1,1891.0,1884.3,1866.65,142484,2659.68,18436,68471,48.06
ECOLINE,SM,05-Oct-2026,179.15,185.0,186.5,181.1,182.0,182.0,185.21,46000,85.2,29,43000,93.48
ECORECO,EQ,05-Oct-2026,388.6,390.0,427.45,388.8,427.45,427.3,409.67,14130,57.89,1186,8333,58.97
ECOSMOBLTY,EQ,05-Oct-2026,105.01,105.53,108.0,103.81,105.01,105.44,105.45,72518,76.47,1264,54414,75.04
EDELWEISS,EQ,05-Oct-2026,137.9,138.49,139.22,135.11,135.8,135.47,137.01,2456666,3365.98,28280,871859,35.49
EDUCOMP,BZ,05-Oct-2026,0.9,0.9,0.94,0.88,0.94,0.93,0.94,95825,0.9,132,-,-
EEPL,ST,05-Oct-2026,130.0,129.0,134.0,129.0,134.0,134.0,133.38,10000,13.34,9,10000,100.00
EFACTOR,SM,05-Oct-2026,185.75,194.75,199.25,172.05,172.05,175.6,180.94,7200,13.03,18,5600,77.78
EFCIL,EQ,05-Oct-2026,171.2,172.99,174.64,168.01,169.0,168.74,169.99,153943,261.69,2095,93316,60.62
EFFWA,SM,05-Oct-2026,342.9,345.05,353.9,338.0,350.85,350.9,345.75,15200,52.55,35,7600,50.00
EFORCE,SM,05-Oct-2026,18.4,18.5,18.5,18.5,18.5,18.5,18.5,1200,0.22,1,1200,100.00
EGOLD,EQ,05-Oct-2026,146.85,146.9,147.2,145.6,147.15,146.95,146.69,28284,41.49,745,19217,67.94
EICHERMOT,EQ,05-Oct-2026,6920.0,6975.0,7066.0,6901.5,7021.5,7021.5,6995.69,381658,26699.59,48858,209504,54.89
EIDPARRY,EQ,05-Oct-2026,674.55,675.0,698.0,675.0,690.0,691.95,690.78,191222,1320.93,19501,85257,44.59
EIEL,EQ,05-Oct-2026,184.0,185.84,187.99,178.5,180.1,180.61,181.97,729200,1326.91,16967,329910,45.24
EIFFL,BE,05-Oct-2026,267.75,262.4,262.4,262.4,262.4,262.4,262.4,573,1.5,8,-,-
EIHAHOTELS,EQ,05-Oct-2026,296.1,296.1,300.0,288.0,294.9,294.4,295.43,4180,12.35,420,2413,57.73
EIHOTEL,EQ,05-Oct-2026,297.85,297.8,299.85,294.1,298.2,298.3,297.37,145139,431.6,8029,79666,54.89
EIMCOELECO,EQ,05-Oct-2026,2268.8,2288.8,2325.0,2236.2,2251.1,2241.9,2278.41,24870,566.64,2656,12818,51.54
EKC,EQ,05-Oct-2026,106.01,106.0,107.99,104.0,104.4,105.13,105.33,124137,130.76,2436,53939,43.45
EKI,BE,05-Oct-2026,97.95,97.95,98.99,93.06,93.06,93.06,94.25,15088,14.22,254,-,-
ELANTAS,EQ,05-Oct-2026,13474.0,13599.0,13600.0,13118.0,13317.0,13214.0,13325.09,1139,151.77,690,482,42.32
ELCIDIN,EQ,05-Oct-2026,102155.0,102155.0,102155.0,100500.0,102000.0,102000.0,101731.0,5,5.09,5,4,80.00
ELDEHSG,EQ,05-Oct-2026,782.25,782.25,788.0,766.3,786.0,773.55,779.63,629,4.9,53,594,94.44
ELECON,EQ,05-Oct-2026,440.0,442.95,449.9,437.75,445.95,446.35,443.68,323898,1437.08,15916,93590,28.89
ELECTCAST,EQ,05-Oct-2026,74.54,75.55,78.0,74.2,75.44,75.26,75.82,3013318,2284.77,23359,1286244,42.69
ELECTHERM,EQ,05-Oct-2026,743.6,731.1,774.8,695.0,697.55,702.4,715.75,29147,208.62,1943,17176,58.93
ELEVATE,EQ,05-Oct-2026,344.8,354.1,354.25,327.15,334.75,333.15,337.5,2576912,8697.07,62136,840886,32.63
ELGIEQUIP,EQ,05-Oct-2026,584.65,585.4,594.7,582.5,587.7,591.2,589.48,301097,1774.89,28731,140450,46.65
ELGIRUBCO,EQ,05-Oct-2026,51.38,52.9,53.17,51.01,51.1,51.56,51.76,38742,20.05,670,18700,48.27
ELGNZ,SM,05-Oct-2026,82.8,82.0,82.0,81.95,82.0,81.95,81.98,3000,2.46,3,2000,66.67
ELIN,EQ,05-Oct-2026,79.73,80.09,81.22,78.0,78.4,78.97,79.54,183116,145.65,2364,117474,64.15
ELIQUID,EQ,05-Oct-2026,1050.39,1050.54,1050.54,1050.52,1050.53,1050.52,1050.52,31601,331.98,16,27193,86.05
ELITECON,EQ,05-Oct-2026,7.79,7.98,7.98,7.45,7.49,7.49,7.63,5648103,430.84,8909,3517832,62.28
ELLEN,EQ,05-Oct-2026,341.7,343.8,347.1,331.0,331.1,332.55,335.69,723867,2429.94,17382,325774,45.00
ELM250,EQ,05-Oct-2026,15.65,15.55,15.95,15.4,15.4,15.46,15.61,59399,9.27,386,45217,76.12
ELMDIV,EQ,05-Oct-2026,34.72,35.41,35.41,33.63,34.39,34.39,34.39,742,0.26,24,548,73.85
ELPROINTL,EQ,05-Oct-2026,174.31,172.01,174.75,171.82,174.75,174.59,173.49,12341,21.41,203,9106,73.79
EMAMILTD,EQ,05-Oct-2026,372.65,373.1,378.5,371.0,374.35,377.75,375.73,1358087,5102.69,29901,837946,61.70
EMAMIPAP,BE,05-Oct-2026,116.84,114.5,116.8,113.6,116.0,115.01,115.37,16261,18.76,150,-,-
EMAMIREAL,EQ,05-Oct-2026,67.14,67.14,69.65,67.14,68.68,68.06,68.27,7528,5.14,129,6486,86.16
EMAPARTNER,SM,05-Oct-2026,81.65,81.05,83.9,80.95,83.9,83.9,81.94,8000,6.56,7,3000,37.50
EMBASSY,RR,05-Oct-2026,428.71,429.95,429.95,426.51,427.75,427.16,427.78,412019,1762.54,20569,347089,84.24
EMBDL,EQ,05-Oct-2026,56.13,57.48,58.3,55.35,56.39,56.05,56.3,1777659,1000.89,8584,660570,37.16
EMCURE,EQ,05-Oct-2026,1944.6,1935.0,1966.6,1917.3,1937.1,1937.1,1937.06,67551,1308.5,14911,32534,48.16
EMETAL,EQ,05-Oct-2026,12.78,13.04,13.27,12.48,12.53,12.58,12.6,13532,1.7,81,11187,82.67
EMIL,EQ,05-Oct-2026,204.05,207.0,211.66,202.65,204.3,205.1,207.99,9139822,19009.79,76867,2217053,24.26
EMKAY,EQ,05-Oct-2026,286.8,286.8,292.5,276.2,281.0,280.2,282.58,61240,173.05,1895,33626,54.91
EMKAYTOOLS,SM,05-Oct-2026,98.6,94.2,98.0,94.0,98.0,98.0,96.03,600,0.58,4,600,100.00
EMMBI,EQ,05-Oct-2026,86.04,87.98,89.76,84.0,86.0,86.08,86.23,11635,10.03,249,5693,48.93
EMMIL,SM,05-Oct-2026,132.75,133.0,133.0,128.1,130.0,129.0,129.55,9500,12.31,32,8500,89.47
EMMVEE,EQ,05-Oct-2026,305.9,309.0,309.0,290.45,296.0,296.25,296.03,3553362,10519.02,96565,1500585,42.23
EMPIND,EQ,05-Oct-2026,1059.2,1059.2,1059.2,1030.6,1034.0,1034.0,1034.96,10650,110.22,260,10300,96.71
EMPOWER,EQ,05-Oct-2026,1.54,1.47,1.61,1.47,1.61,1.61,1.56,43387876,678.41,5229,24216768,55.81
EMSLIMITED,EQ,05-Oct-2026,331.55,335.0,337.35,324.3,325.35,327.8,330.41,121022,399.87,5002,58100,48.01
EMUDHRA,EQ,05-Oct-2026,580.0,604.0,615.8,583.55,597.0,599.0,603.13,637155,3842.86,25837,179357,28.15
EMULTIMQ,EQ,05-Oct-2026,40.16,39.36,40.96,39.36,40.05,39.91,40.17,10233,4.11,217,6791,66.36
ENCOMPAS,SM,05-Oct-2026,253.35,254.9,254.9,252.5,252.5,252.5,254.02,1200,3.05,3,800,66.67
ENDURANCE,EQ,05-Oct-2026,2601.4,2609.9,2617.0,2502.7,2527.9,2526.5,2537.96,112901,2865.39,26930,63894,56.59
ENERGY,EQ,05-Oct-2026,36.75,37.14,37.27,36.71,36.83,36.83,36.93,262728,97.02,1194,127932,48.69
ENERGYAXIS,EQ,05-Oct-2026,18.27,18.02,18.75,18.02,18.25,18.36,18.41,18948,3.49,123,8173,43.13
ENERGYDEV,EQ,05-Oct-2026,14.52,14.97,14.97,14.2,14.45,14.4,14.39,9299,1.34,249,6884,74.03
ENEXT50,EQ,05-Oct-2026,68.98,69.66,69.66,68.95,69.21,69.21,69.21,235,0.16,11,235,100.00
ENGINERSIN,EQ,05-Oct-2026,312.75,316.4,319.2,306.9,307.5,307.85,312.53,5190169,16220.77,61548,1504970,29.00
ENIFTY,EQ,05-Oct-2026,22.75,22.18,23.87,22.18,22.82,22.79,22.81,23299,5.31,119,12617,54.15
ENIL,EQ,05-Oct-2026,93.36,94.0,94.0,91.1,91.1,91.69,92.09,20891,19.24,354,19604,93.84
ENKEIWHEL,EQ,05-Oct-2026,392.6,404.0,404.0,382.5,396.35,392.4,391.66,1756,6.88,69,1545,87.98
ENRIN,EQ,05-Oct-2026,3334.0,3357.1,3408.9,3316.4,3316.4,3316.4,3355.97,616768,20698.54,60353,299060,48.49
ENSER,SM,05-Oct-2026,15.25,15.4,15.4,14.4,14.4,14.7,14.92,45000,6.71,8,40000,88.89
ENTERO,EQ,05-Oct-2026,1680.8,1699.0,1725.0,1649.0,1696.1,1697.1,1687.47,80217,1353.64,13351,39872,49.71
ENVIRO,SM,05-Oct-2026,67.55,67.7,72.75,67.7,71.0,70.95,70.35,15000,10.55,15,9000,60.00
EPACK,EQ,05-Oct-2026,171.59,173.75,173.99,167.36,168.0,168.13,169.76,242301,411.32,4742,125810,51.92
EPACKPEB,EQ,05-Oct-2026,242.07,244.9,255.88,244.2,250.25,249.74,251.52,1070964,2693.65,27729,472004,44.07
EPIGRAL,EQ,05-Oct-2026,982.2,990.0,1024.1,977.4,1017.0,1017.3,1005.01,60534,608.37,5035,33776,55.80
EPL,EQ,05-Oct-2026,232.39,230.62,237.89,230.2,235.2,236.5,234.38,1435292,3364.03,25849,897147,62.51
EPWINDIA,SM,05-Oct-2026,270.0,275.0,275.0,240.0,242.7,242.7,251.59,9600,24.15,8,7200,75.00
EQUAL200,EQ,05-Oct-2026,12.95,13.21,13.21,12.98,13.02,13.01,13.02,6963,0.91,69,6758,97.06
EQUAL50,EQ,05-Oct-2026,309.14,315.32,315.32,308.6,310.51,310.43,310.38,16755,52.0,59,14802,88.34
EQUAL50ADD,EQ,05-Oct-2026,320.32,320.32,325.0,319.29,325.0,322.16,321.0,18990,60.96,486,11677,61.49
EQUIPPP,BE,05-Oct-2026,22.83,22.94,22.94,21.69,21.85,21.85,21.82,5578,1.22,33,-,-
EQUITASBNK,EQ,05-Oct-2026,68.41,68.8,70.2,67.82,68.07,68.28,68.95,1626602,1121.6,12996,808387,49.70
ERIS,EQ,05-Oct-2026,1189.8,1189.8,1210.5,1177.0,1181.2,1188.6,1187.29,49205,584.21,9227,34222,69.55
ESABINDIA,EQ,05-Oct-2026,5500.5,5520.0,5549.0,5450.5,5549.0,5514.0,5493.08,1802,98.99,761,1028,57.05
ESAFSFB,BE,05-Oct-2026,43.4,43.3,43.99,42.0,43.6,43.18,42.76,475820,203.45,1413,-,-
ESCONET,ST,05-Oct-2026,246.8,255.0,255.0,237.0,242.9,242.65,246.96,30400,75.07,59,29200,96.05
ESCORTS,EQ,05-Oct-2026,2667.3,2667.3,2888.4,2664.3,2819.0,2820.9,2787.02,222028,6187.96,36967,82815,37.30
ESDS,EQ,05-Oct-2026,1434.1,1362.4,1362.4,1362.4,1362.4,1362.4,1362.4,59205,806.61,3463,59201,99.99
ESENSEX,EQ,05-Oct-2026,72.6,73.26,73.8,72.6,73.8,73.41,72.86,179,0.13,34,129,72.07
ESFL,SM,05-Oct-2026,113.55,113.55,113.55,111.0,112.0,112.1,112.27,9720,10.91,22,7920,81.48
ESG,EQ,05-Oct-2026,38.47,38.61,38.81,38.39,38.65,38.59,38.56,9178,3.54,93,8716,94.97
ESILVER,EQ,05-Oct-2026,218.28,218.8,221.75,218.8,220.7,221.74,221.7,466594,1034.44,1027,453507,97.20
ESPRIT,SM,05-Oct-2026,62.35,63.25,65.5,63.25,63.9,63.9,64.33,8000,5.15,5,4800,60.00
ESSARSHPNG,EQ,05-Oct-2026,17.18,17.5,17.94,16.47,17.06,17.04,16.98,418001,70.99,1776,197783,47.32
ESSENTIA,EQ,05-Oct-2026,1.0,1.01,1.04,1.0,1.03,1.01,1.02,2071789,21.1,609,985762,47.58
ESTER,EQ,05-Oct-2026,95.52,96.0,97.99,92.95,93.6,93.4,95.59,115591,110.49,1713,55233,47.78
ETERNAL,EQ,05-Oct-2026,313.9,308.95,322.85,308.1,320.8,320.8,316.92,31037275,98363.92,150676,17853513,57.52
ETHOSLTD,EQ,05-Oct-2026,2531.9,2565.0,2610.0,2517.0,2601.0,2602.3,2573.72,29281,753.61,7480,14632,49.97
ETL,SM,05-Oct-2026,1177.5,1140.0,1155.0,1125.0,1155.0,1155.0,1140.0,450,5.13,3,450,100.00
ETML,SM,05-Oct-2026,73.05,73.05,74.95,73.05,74.95,73.45,73.22,13200,9.67,8,13200,100.00
EUREKAFORB,EQ,05-Oct-2026,352.5,351.0,356.0,340.6,341.0,342.15,347.31,354048,1229.65,27439,205709,58.10
EUROBOND,EQ,05-Oct-2026,148.29,152.75,152.75,143.25,144.1,144.32,144.62,2318,3.35,78,2194,94.65
EUROPRATIK,EQ,05-Oct-2026,190.42,192.99,192.99,181.0,184.03,183.41,183.84,145782,268.01,4218,71464,49.02
EUROTEXIND,EQ,05-Oct-2026,15.73,16.25,16.51,15.73,16.51,16.51,16.43,10916,1.79,53,6982,63.96
EVEREADY,EQ,05-Oct-2026,315.85,317.1,329.1,315.0,317.1,318.1,317.93,37300,118.59,2361,19890,53.32
EVERESTIND,EQ,05-Oct-2026,475.3,484.0,486.0,452.65,474.1,478.15,471.11,28153,132.63,1254,14949,53.10
EVIETF,EQ,05-Oct-2026,30.04,30.79,30.79,29.85,30.15,30.01,29.98,288534,86.5,1087,152306,52.79
EVINDIA,EQ,05-Oct-2026,30.0,30.75,30.75,29.9,30.02,30.04,30.03,201966,60.66,2729,117902,58.38
EXCELINDUS,EQ,05-Oct-2026,921.8,930.8,936.35,900.0,914.0,912.95,913.21,12996,118.68,1427,5881,45.25
EXCELSOFT,EQ,05-Oct-2026,78.33,79.5,80.71,77.56,80.19,80.0,79.47,877532,697.38,6754,290956,33.16
EXICOM,EQ,05-Oct-2026,151.1,152.3,154.99,149.33,151.4,150.77,151.34,471460,713.52,7833,145391,30.84
EXIDEIND,EQ,05-Oct-2026,409.45,409.5,415.85,402.15,405.0,405.25,406.23,1713639,6961.25,49368,873429,50.97
EXIMROUTES,SM,05-Oct-2026,92.3,87.55,87.55,86.0,87.0,87.0,86.47,7200,6.23,8,4000,55.56
EXPLEOSOL,EQ,05-Oct-2026,848.75,853.05,881.55,850.05,860.75,863.45,869.33,20948,182.11,2619,9728,46.44
EXXARO,EQ,05-Oct-2026,6.04,6.1,6.25,5.99,6.08,6.05,6.0,3347942,200.95,587,3323719,99.28
FABTECH,EQ,05-Oct-2026,142.01,142.02,144.79,140.01,143.0,141.87,141.91,35030,49.71,689,21126,60.31
FACT,EQ,05-Oct-2026,734.95,740.0,745.6,729.05,732.0,731.75,735.74,66812,491.56,6695,20185,30.21
FAIRCHEMOR,EQ,05-Oct-2026,661.5,699.95,729.9,678.0,678.6,682.25,705.11,72267,509.56,2843,26209,36.27
FASCINATE,SM,05-Oct-2026,73.95,77.6,77.6,77.6,77.6,77.6,77.6,8000,6.21,6,8000,100.00
FAZE3Q,EQ,05-Oct-2026,433.05,434.0,436.9,421.0,425.0,425.0,427.6,13673,58.47,955,6957,50.88
FCL,EQ,05-Oct-2026,55.72,55.68,55.85,53.21,54.25,54.03,54.3,18407766,9995.88,62056,5877453,31.93
FCSSOFT,EQ,05-Oct-2026,1.38,1.39,1.41,1.38,1.38,1.38,1.39,1254766,17.46,1081,565559,45.07
FDC,EQ,05-Oct-2026,335.9,337.1,339.9,328.6,330.15,331.3,333.37,90007,300.06,7686,38570,42.85
FEDDERSHOL,EQ,05-Oct-2026,63.63,65.4,67.1,62.8,64.0,64.23,65.27,18059133,11786.98,66223,1242657,6.88
FEDERALBNK,EQ,05-Oct-2026,318.2,318.95,328.2,318.5,327.35,327.35,325.5,7542230,24550.19,96271,4211030,55.83
FEDFINA,EQ,05-Oct-2026,149.77,150.99,153.4,148.51,149.5,149.64,150.93,804305,1213.91,15313,340202,42.30
FEL,BZ,05-Oct-2026,0.39,0.4,0.4,0.38,0.39,0.38,0.39,168383,0.66,134,-,-
FELDVR,BZ,05-Oct-2026,2.03,2.07,2.09,1.93,2.04,2.04,1.98,5236,0.1,30,-,-
FELIX,SM,05-Oct-2026,193.0,193.0,194.35,185.0,186.0,187.9,191.26,28000,53.55,49,22000,78.57
FERMENTA,EQ,05-Oct-2026,553.25,558.85,573.0,546.1,555.5,557.45,562.9,341567,1922.69,11799,108741,31.84
FIBERWEB,EQ,05-Oct-2026,26.55,27.2,27.2,26.1,26.1,26.19,26.37,10430,2.75,98,8762,84.01
FICRF3GP,MF,05-Oct-2026,468.18,468.18,468.18,468.18,468.18,468.18,468.18,2,0.01,2,2,100.00
FIDEL,SM,05-Oct-2026,178.9,176.75,177.0,176.0,176.0,176.0,176.48,16000,28.24,8,11000,68.75
FIEMIND,EQ,05-Oct-2026,1794.8,1786.1,1816.9,1752.0,1761.7,1763.1,1784.89,72879,1300.81,10367,39315,53.95
FILATEX,EQ,05-Oct-2026,106.1,106.1,107.8,103.1,104.97,103.89,105.29,1569948,1652.95,12116,715956,45.60
FILATFASH,EQ,05-Oct-2026,0.18,0.19,0.19,0.18,0.19,0.18,0.18,22802731,41.65,1791,17196074,75.41
FINBUD,SM,05-Oct-2026,126.3,126.0,126.0,118.05,119.0,119.45,121.02,44000,53.25,21,36000,81.82
FINCABLES,EQ,05-Oct-2026,1458.8,1458.8,1496.1,1454.0,1464.1,1467.3,1474.31,499455,7363.52,38034,203451,40.73
FINEORG,EQ,05-Oct-2026,5131.0,5131.0,5300.0,5121.5,5219.5,5210.0,5212.81,27037,1409.39,8361,11611,42.94
FINIETF,EQ,05-Oct-2026,30.4,30.1,30.27,29.94,30.22,30.12,30.13,306947,92.5,1805,184898,60.24
FINKURVE,EQ,05-Oct-2026,70.53,70.5,71.99,68.05,68.9,68.51,69.34,12875,8.93,377,9064,70.40
FINOPB,EQ,05-Oct-2026,128.22,130.75,130.9,127.2,129.5,128.5,128.62,140754,181.04,1932,50146,35.63
FINPIPE,EQ,05-Oct-2026,150.49,150.98,151.56,148.1,149.0,149.31,149.34,284792,425.31,11652,128221,45.02
FIRSTCRY,EQ,05-Oct-2026,174.75,175.64,177.39,171.32,172.5,172.0,174.05,1030621,1793.75,15111,237565,23.05
FISCHER,EQ,05-Oct-2026,33.46,33.5,33.83,32.66,32.85,32.8,33.03,335833,110.93,1421,233558,69.55
FIVESTAR,EQ,05-Oct-2026,506.25,506.9,521.05,505.8,519.8,519.1,514.98,510918,2631.12,37711,291021,56.96
FLAIR,EQ,05-Oct-2026,226.57,229.8,230.16,225.06,225.1,226.43,227.09,42988,97.62,1468,19464,45.28
FLEXIADD,EQ,05-Oct-2026,9.37,9.37,9.47,9.35,9.42,9.41,9.39,384673,36.12,649,100426,26.11
FLEXITUFF,BE,05-Oct-2026,3.02,3.03,3.08,3.03,3.07,3.07,3.07,6245,0.19,29,-,-
FLFL,BZ,05-Oct-2026,1.11,1.11,1.12,1.06,1.06,1.06,1.08,94223,1.02,115,-,-
FLUOROCHEM,EQ,05-Oct-2026,4341.5,4399.0,4493.5,4343.0,4458.1,4429.8,4396.77,137290,6036.32,25321,76588,55.79
FLYSBS,SM,05-Oct-2026,605.95,609.0,641.0,606.0,617.0,626.05,621.56,90400,561.89,218,56400,62.39
FMCGADD,EQ,05-Oct-2026,44.29,45.67,46.2,44.15,44.48,44.71,44.35,11638,5.16,217,4760,40.90
FMCGIETF,EQ,05-Oct-2026,47.05,48.22,48.22,47.21,47.7,47.67,47.48,1219702,579.05,4043,870781,71.39
FMGOETZE,EQ,05-Oct-2026,444.25,444.4,455.0,437.55,441.85,440.9,445.15,177056,788.16,6695,48465,27.37
FMNL,EQ,05-Oct-2026,8.08,8.08,8.29,7.76,7.95,7.98,7.94,27663,2.2,318,19971,72.19
FOCUS,EQ,05-Oct-2026,54.3,55.0,56.89,54.7,54.8,54.8,55.61,52696,29.3,578,37643,71.43
FONEBOX,ST,05-Oct-2026,137.2,130.35,130.35,130.35,130.35,130.35,130.35,5000,6.52,5,5000,100.00
FOODSIN,EQ,05-Oct-2026,49.39,49.98,50.87,49.39,49.41,49.68,49.85,35389,17.64,527,26327,74.39
FORCAS,ST,05-Oct-2026,240.0,247.95,247.95,245.95,245.95,245.95,246.62,4800,11.84,2,4800,100.00
FORCEMOT,EQ,05-Oct-2026,16800.0,16945.0,16980.0,16520.0,16650.0,16650.0,16692.23,62662,10459.68,20002,20897,33.35
FORGEAUTO,SM,05-Oct-2026,99.05,99.05,99.05,99.05,99.05,99.05,99.05,4800,4.75,3,4800,100.00
FORTIS,EQ,05-Oct-2026,785.0,784.95,785.75,763.8,763.8,763.8,773.13,2115546,16355.95,70201,1088805,51.47
FOSECOIND,EQ,05-Oct-2026,6382.5,6430.0,6433.0,6250.5,6272.0,6300.5,6322.05,8268,522.71,1914,3965,47.96
FRACTAL,EQ,05-Oct-2026,727.35,728.7,746.05,718.7,730.0,725.05,729.48,235158,1715.42,18032,119589,50.85
FREDUN,EQ,05-Oct-2026,1355.2,1358.0,1398.0,1322.1,1360.0,1363.2,1349.77,72372,976.85,7332,32625,45.08
FRESHARA,ST,05-Oct-2026,403.05,392.0,407.85,384.2,398.95,398.95,391.2,19800,77.46,32,18600,93.94
FROG,SM,05-Oct-2026,253.35,263.8,269.95,254.4,261.25,258.6,261.09,29200,76.24,66,16400,56.16
FRONTSP,EQ,05-Oct-2026,1415.6,1425.0,1460.0,1361.0,1382.0,1387.4,1387.47,15592,216.33,1904,7417,47.57
FSL,EQ,05-Oct-2026,250.4,254.55,259.35,252.1,259.0,257.4,255.51,885378,2262.19,20380,246891,27.89
FUSION,EQ,05-Oct-2026,171.36,174.1,177.24,166.15,167.0,167.63,170.24,704680,1199.64,10273,445621,63.24
FWSTC,SM,05-Oct-2026,197.65,195.0,201.5,186.45,201.0,201.0,190.97,30600,58.44,23,24600,80.39
GABRIEL,EQ,05-Oct-2026,1315.0,1315.0,1332.6,1297.7,1305.5,1303.6,1310.89,173231,2270.87,24653,61747,35.64
GAEL,EQ,05-Oct-2026,157.69,158.04,161.2,155.49,159.25,158.28,157.66,578700,912.35,13280,278644,48.15
GAIL,EQ,05-Oct-2026,171.22,171.62,173.6,166.44,167.5,167.5,169.34,9655433,16350.66,65202,5801626,60.09
GAJA,EQ,05-Oct-2026,135.27,136.58,140.0,134.01,135.1,135.87,136.05,221532,301.39,3727,85067,38.40
GAJANAND,SM,05-Oct-2026,7.3,7.2,7.2,7.2,7.2,7.2,7.2,3000,0.22,1,3000,100.00
GALAPREC,EQ,05-Oct-2026,1157.8,1185.0,1200.0,1150.0,1152.5,1160.1,1172.09,29427,344.91,3746,13325,45.28
GALAXYSURF,EQ,05-Oct-2026,2376.9,2375.0,2449.0,2324.0,2339.8,2335.0,2375.31,47936,1138.63,9588,19105,39.86
GALLANTT,EQ,05-Oct-2026,530.15,530.15,533.45,521.0,522.2,522.9,526.31,31526,165.92,2592,16743,53.11
GANDHAR,EQ,05-Oct-2026,282.6,283.3,287.5,275.9,278.0,278.55,281.44,674552,1898.48,15566,326350,48.38
GANDHITUBE,EQ,05-Oct-2026,975.55,988.05,1005.0,967.6,998.0,993.7,989.45,16367,161.94,1695,6938,42.39
GANECOS,EQ,05-Oct-2026,976.2,976.3,994.8,959.5,965.0,966.6,971.95,44995,437.33,3567,15920,35.38
GANESHBE,BE,05-Oct-2026,124.4,118.18,118.18,118.18,118.18,118.18,118.18,29610,34.99,155,-,-
GANESHCP,EQ,05-Oct-2026,148.85,151.98,153.48,146.86,147.4,147.51,148.17,66650,98.76,1857,36906,55.37
GANESHHOU,EQ,05-Oct-2026,699.1,700.0,719.4,693.0,703.0,701.85,699.9,18915,132.39,1362,12002,63.45
GANESHIN,SM,05-Oct-2026,86.65,88.3,88.95,84.4,86.3,86.1,86.26,28800,24.84,31,23200,80.56
GANGABATH,SM,05-Oct-2026,21.95,22.65,22.65,21.2,21.5,21.3,21.73,51000,11.08,16,42000,82.35
GANGAFORGE,EQ,05-Oct-2026,1.48,1.48,1.51,1.42,1.48,1.46,1.47,1264085,18.6,912,895482,70.84
GANGESSECU,EQ,05-Oct-2026,113.99,115.69,115.69,112.42,112.42,112.86,113.19,1102,1.25,22,805,73.05
GARFIBRES,EQ,05-Oct-2026,768.4,768.4,780.1,763.1,770.0,770.6,772.14,22696,175.24,2586,9809,43.22
GARUDA,EQ,05-Oct-2026,172.18,173.7,174.35,170.07,170.81,171.1,171.86,243120,417.82,4630,102877,42.32
GATECH,BE,05-Oct-2026,0.65,0.65,0.68,0.62,0.68,0.68,0.66,15264745,100.74,4795,-,-
GATECHDVR,BE,05-Oct-2026,0.46,0.48,0.48,0.47,0.48,0.47,0.47,173266,0.82,152,-,-
GATEWAY,EQ,05-Oct-2026,51.88,51.99,52.77,51.1,51.5,51.49,51.57,567102,292.45,6363,299958,52.89
GAUDIUMIVF,EQ,05-Oct-2026,109.48,109.44,111.81,101.36,103.9,103.25,104.43,681749,711.93,7729,400955,58.81
GAYAHWS,EQ,05-Oct-2026,1.72,1.75,1.8,1.72,1.72,1.72,1.75,80523,1.41,283,60862,75.58
GAYAPROJ,EQ,05-Oct-2026,22.44,22.44,22.87,21.32,21.36,21.45,21.69,637704,138.3,2624,394684,61.89
GCHOTELS,SM,05-Oct-2026,113.95,117.9,120.0,114.25,118.0,118.0,117.07,25200,29.5,38,13800,54.76
GCSL,EQ,05-Oct-2026,679.9,680.25,688.5,674.6,683.8,681.75,680.11,266383,1811.7,4863,74797,28.08
GEECEE,EQ,05-Oct-2026,373.3,373.3,385.0,365.2,365.2,365.9,370.4,1069,3.96,60,701,65.58
GEEKAYWIRE,EQ,05-Oct-2026,29.21,29.5,31.9,29.5,31.1,31.42,30.8,90038,27.73,754,45635,50.68
GEMAROMA,EQ,05-Oct-2026,155.28,156.85,156.85,152.0,152.01,152.61,153.29,29191,44.75,913,17821,61.05
GENCON,EQ,05-Oct-2026,40.75,40.15,41.19,38.6,38.6,38.73,39.58,439739,174.06,1699,194173,44.16
GENESYS,EQ,05-Oct-2026,281.35,282.0,299.2,282.0,286.0,287.4,291.02,862980,2511.41,17553,289423,33.54
GENSOL,BZ,05-Oct-2026,13.68,14.3,14.3,13.0,13.0,13.0,13.25,225541,29.88,1034,-,-
GENUSPAPER,EQ,05-Oct-2026,10.53,10.6,10.6,10.29,10.43,10.36,10.37,47875,4.97,238,33236,69.42
GENUSPOWER,EQ,05-Oct-2026,280.0,282.0,286.0,277.05,280.5,280.25,280.85,824365,2315.24,18729,445786,54.08
GENXAI,SM,05-Oct-2026,85.9,85.0,85.0,79.8,82.95,83.2,82.09,84000,68.96,60,58800,70.00
GEOJITFSL,EQ,05-Oct-2026,75.7,75.75,77.2,75.16,76.67,76.59,76.4,199514,152.44,3597,95559,47.90
GERMAN,EQ,05-Oct-2026,139.0,142.0,142.81,125.5,128.14,128.33,135.77,26790268,36372.34,185971,9168903,34.22
GESHIP,EQ,05-Oct-2026,1530.6,1529.9,1570.5,1523.3,1560.0,1559.3,1558.22,823469,12831.45,50096,472238,57.35
GFLLIMITED,EQ,05-Oct-2026,55.23,55.23,56.25,54.51,55.08,54.89,55.41,50355,27.9,2481,23908,47.48
GFSTEELS,BE,05-Oct-2026,38.29,39.05,39.05,39.05,39.05,39.05,39.05,175349,68.47,81,-,-
GGBL,SM,05-Oct-2026,217.45,220.05,224.9,216.95,218.0,218.0,220.7,13800,30.46,43,9600,69.57
GHCL,EQ,05-Oct-2026,401.75,409.75,409.75,399.1,402.05,402.0,401.57,68956,276.91,3708,37508,54.39
GHCLTEXTIL,EQ,05-Oct-2026,129.22,131.85,133.0,126.93,129.92,129.53,129.19,218382,282.14,5822,87323,39.99
GICHSGFIN,EQ,05-Oct-2026,132.88,132.32,134.77,131.54,132.1,132.32,132.65,44376,58.86,1534,29231,65.87
GICL,BE,05-Oct-2026,22.27,22.42,22.42,21.16,21.16,21.26,21.7,94651,20.54,113,-,-
GICRE,EQ,05-Oct-2026,323.9,324.0,324.9,314.7,319.6,319.1,318.7,870442,2774.14,36484,473511,54.40
GILLANDERS,EQ,05-Oct-2026,112.72,110.0,118.59,110.0,115.2,115.73,115.63,23286,26.93,394,10658,45.77
GILLETTE,EQ,05-Oct-2026,6899.0,6902.0,7025.0,6862.0,7012.0,6979.0,6946.98,20086,1395.37,5122,12172,60.60
GILT10BETA,EQ,05-Oct-2026,25.99,25.9,26.64,25.9,26.63,26.59,26.24,735,0.19,25,545,74.15
GILT5BETA,EQ,05-Oct-2026,66.51,66.51,66.51,64.9,66.2,66.2,65.48,4106,2.69,33,3211,78.20
GILT5YBEES,EQ,05-Oct-2026,65.73,64.42,65.73,64.42,65.58,65.63,65.66,335466,220.28,1210,198884,59.29
GINNIFILA,BE,05-Oct-2026,40.08,40.08,40.74,39.8,39.8,39.8,40.02,8929,3.57,70,-,-
GIPCL,EQ,05-Oct-2026,174.83,177.0,179.99,175.22,177.7,176.62,177.64,178897,317.78,5043,71916,40.20
GIRIRAJ,SM,05-Oct-2026,62.8,65.9,65.9,59.7,60.5,60.5,61.03,16500,10.07,44,13500,81.82
GJL,ST,05-Oct-2026,464.0,487.0,487.2,485.8,486.9,486.9,486.71,8000,38.94,10,8000,100.00
GKB,EQ,05-Oct-2026,64.36,64.36,67.0,61.0,61.6,62.96,64.01,13417,8.59,96,12555,93.58
GKENERGY,EQ,05-Oct-2026,114.76,115.87,117.99,111.81,112.45,112.29,113.77,361684,411.5,5000,167006,46.17
GKSL,EQ,05-Oct-2026,194.27,198.0,199.0,183.02,189.69,190.34,191.01,5218727,9968.38,56512,532623,10.21
GKWLIMITED,EQ,05-Oct-2026,1530.0,1559.0,1559.0,1520.0,1556.8,1549.5,1549.06,7919,122.67,89,7742,97.76
GLAND,EQ,05-Oct-2026,2874.4,2890.0,2920.0,2863.1,2900.1,2911.5,2896.49,248980,7211.67,38827,178122,71.54
GLASSWALL,EQ,05-Oct-2026,270.4,270.7,273.35,251.35,254.3,254.7,261.46,5836047,15258.89,64405,1408307,24.13
GLAXO,EQ,05-Oct-2026,2771.1,2771.1,2785.3,2710.1,2734.0,2732.8,2744.04,24366,668.61,6355,9526,39.10
GLENMARK,EQ,05-Oct-2026,2331.0,2325.0,2340.5,2273.5,2295.0,2295.0,2295.75,490378,11257.85,43734,245450,50.05
GLFL,EQ,05-Oct-2026,5.49,5.49,5.49,5.22,5.22,5.22,5.26,17862,0.94,49,12877,72.09
GLOBAL,EQ,05-Oct-2026,136.51,138.0,141.0,136.52,140.0,139.1,138.76,233073,323.42,3105,136583,58.60
GLOBALE,EQ,05-Oct-2026,10.57,10.72,10.72,10.08,10.3,10.3,10.28,1175,0.12,23,1168,99.40
GLOBALPET,SM,05-Oct-2026,178.45,170.25,177.85,169.55,177.85,176.2,175.23,15750,27.6,19,11250,71.43
GLOBALVECT,EQ,05-Oct-2026,131.04,131.1,134.8,128.32,133.35,132.08,131.09,2330,3.05,172,1333,57.21
GLOBE,EQ,05-Oct-2026,2.11,2.14,2.18,2.07,2.07,2.07,2.12,229683,4.88,288,169708,73.89
GLOBECIVIL,EQ,05-Oct-2026,41.49,41.49,42.99,40.51,41.5,41.23,41.16,17671,7.27,278,13657,77.28
GLOBUSSPR,EQ,05-Oct-2026,786.9,788.1,798.1,785.0,790.0,789.85,789.43,44600,352.09,2740,28339,63.54
GLOSTERLTD,EQ,05-Oct-2026,539.0,539.0,546.0,539.0,541.0,542.5,541.82,270,1.46,38,204,75.56
GLOTTIS,EQ,05-Oct-2026,58.41,59.0,59.62,56.0,57.18,56.72,57.93,72527,42.01,1523,53759,74.12
GMBREW,EQ,05-Oct-2026,952.0,964.0,972.0,946.0,946.0,947.9,954.4,74566,711.66,4158,42039,56.38
GMDCLTD,EQ,05-Oct-2026,487.65,489.9,499.9,483.05,488.9,487.35,489.76,756347,3704.25,29709,293929,38.86
GMMPFAUDLR,EQ,05-Oct-2026,1443.4,1440.0,1465.3,1381.0,1390.0,1386.6,1414.98,199853,2827.89,21233,91775,45.92
GMRAIRPORT,EQ,05-Oct-2026,93.16,93.16,93.54,91.23,92.79,92.79,92.29,18285663,16875.57,41657,10305590,56.36
GMRP&UI,EQ,05-Oct-2026,101.87,102.55,103.49,100.6,100.8,100.85,101.92,1003861,1023.16,13501,405287,40.37
GNA,EQ,05-Oct-2026,580.7,588.5,591.8,575.65,585.0,585.05,583.52,234451,1368.08,9392,99642,42.50
GNFC,EQ,05-Oct-2026,589.15,589.95,600.95,581.9,583.1,586.3,589.57,297893,1756.29,15722,129196,43.37
GNRL,EQ,05-Oct-2026,97.18,97.4,98.3,95.51,95.63,96.77,96.64,98661,95.34,1274,39207,39.74
GOACARBON,EQ,05-Oct-2026,402.9,410.0,410.25,397.0,405.0,403.25,402.61,28611,115.19,1351,17541,61.31
GOCLCORP,EQ,05-Oct-2026,351.65,357.0,357.0,343.5,345.35,347.7,349.5,57133,199.68,3570,22695,39.72
GOCOLORS,EQ,05-Oct-2026,294.95,296.0,300.0,290.1,291.9,292.8,294.57,52090,153.44,3340,23841,45.77
GODAVARIB,EQ,05-Oct-2026,227.18,229.3,234.29,224.1,224.25,224.91,227.29,66276,150.64,1726,38597,58.24
GODFRYPHLP,EQ,05-Oct-2026,1849.7,1850.0,1894.0,1845.1,1876.0,1876.0,1873.36,174573,3270.38,14550,48678,27.88
GODIGIT,EQ,05-Oct-2026,256.3,256.3,257.95,252.6,257.4,256.05,254.96,228010,581.33,13513,106997,46.93
GODREJAGRO,EQ,05-Oct-2026,631.9,633.5,651.45,626.65,641.5,640.9,641.2,220599,1414.49,18184,108395,49.14
GODREJCP,EQ,05-Oct-2026,840.0,840.0,847.55,832.6,837.0,837.0,836.66,788467,6596.79,24282,469415,59.54
GODREJIND,EQ,05-Oct-2026,1019.6,1020.0,1046.0,1009.5,1040.2,1040.2,1032.64,55338,571.44,8208,21928,39.63
GODREJPROP,EQ,05-Oct-2026,1595.8,1581.0,1616.7,1578.0,1599.9,1599.9,1602.14,509332,8160.21,38808,255247,50.11
GOKEX,EQ,05-Oct-2026,688.75,688.75,693.8,663.05,671.6,672.3,673.22,269843,1816.63,20129,141099,52.29
GOKUL,EQ,05-Oct-2026,38.66,39.4,39.7,37.5,37.6,37.81,38.53,221939,85.52,801,70943,31.97
GOKULAGRO,EQ,05-Oct-2026,210.1,210.1,211.89,204.1,207.29,205.27,207.0,251467,520.54,9123,157809,62.76
GOLD1,EQ,05-Oct-2026,122.74,122.7,122.97,121.75,122.6,122.78,122.5,2029388,2485.99,10909,1187176,58.50
GOLD360,EQ,05-Oct-2026,143.35,143.75,143.8,142.05,143.8,143.45,142.95,9856,14.09,240,5607,56.89
GOLDADD,EQ,05-Oct-2026,14.28,14.28,14.4,14.17,14.21,14.28,14.25,6848499,976.2,10309,2439893,35.63
GOLDAXIS,EQ,05-Oct-2026,122.36,121.85,122.64,120.5,122.49,122.4,122.1,1330492,1624.59,5785,834459,62.72
GOLDBEES,EQ,05-Oct-2026,121.43,121.43,121.74,120.52,121.61,121.58,121.18,21006606,25455.15,158920,10028826,47.74
GOLDBETA,EQ,05-Oct-2026,123.7,123.7,124.25,122.8,124.0,123.9,123.68,881163,1089.87,4980,715085,81.15
GOLDBND,EQ,05-Oct-2026,146.75,146.8,147.28,145.6,146.89,147.06,147.0,33091,48.65,286,24878,75.18
GOLDCASE,EQ,05-Oct-2026,23.18,23.25,23.25,22.92,23.15,23.13,23.03,34693141,7988.55,41405,21458027,61.85
GOLDENTOBC,BZ,05-Oct-2026,23.69,23.69,23.69,22.51,23.58,23.57,23.46,3452,0.81,51,-,-
GOLDETF,EQ,05-Oct-2026,143.08,143.12,143.18,141.97,142.66,142.97,142.71,836811,1194.25,9778,479038,57.25
GOLDIAM,EQ,05-Oct-2026,310.8,313.45,316.8,306.0,309.4,310.0,311.3,368723,1147.83,8608,159487,43.25
GOLDIETF,EQ,05-Oct-2026,125.79,125.8,126.21,124.93,125.93,126.0,125.66,8426792,10588.79,62244,5598746,66.44
GOLDKART,SM,05-Oct-2026,107.0,104.0,104.0,104.0,104.0,104.0,104.0,625,0.65,1,625,100.00
GOLDSTAR,SM,05-Oct-2026,12.85,13.45,13.45,12.25,12.25,12.25,13.22,652500,86.27,50,483750,74.14
GOLDTECH,BE,05-Oct-2026,43.79,42.92,42.92,42.92,42.92,42.92,42.92,6661,2.86,23,-,-
GOODLUCK,EQ,05-Oct-2026,499.35,501.0,501.0,478.8,480.05,482.0,484.28,467075,2261.95,18203,206527,44.22
GOODYEAR,EQ,05-Oct-2026,694.3,704.5,704.5,682.0,689.9,685.65,688.05,6070,41.76,822,4327,71.29
GOPAL,EQ,05-Oct-2026,254.75,254.5,254.65,249.8,252.0,253.85,252.46,88594,223.66,5186,40394,45.59
GOYALALUM,EQ,05-Oct-2026,5.91,5.93,5.97,5.82,5.85,5.95,5.91,41197,2.43,425,32610,79.16
GOYALSALT,SM,05-Oct-2026,106.0,102.0,102.0,102.0,102.0,102.0,102.0,600,0.61,1,600,100.00
GPECO,SM,05-Oct-2026,412.0,413.0,438.55,413.0,428.55,432.25,427.96,30600,130.95,124,23800,77.78
GPIL,EQ,05-Oct-2026,215.67,215.66,218.8,210.42,211.05,211.32,212.95,1339172,2851.77,24216,740561,55.30
GPPL,EQ,05-Oct-2026,165.88,166.7,169.0,165.54,167.5,167.6,167.41,1069321,1790.14,18832,553628,51.77
GPTHEALTH,EQ,05-Oct-2026,151.47,151.0,154.35,148.8,148.8,149.56,150.46,65077,97.91,1659,36510,56.10
GPTINFRA,EQ,05-Oct-2026,118.66,122.6,122.6,117.8,120.4,120.38,120.36,470025,565.73,6772,174124,37.05
GRADIENTE,BE,05-Oct-2026,2.36,2.47,2.47,2.42,2.47,2.47,2.47,982297,24.24,267,-,-
GRANDOAK,EQ,05-Oct-2026,34.8,35.99,36.5,34.07,36.5,35.93,35.63,1908,0.68,56,1280,67.09
GRANULES,EQ,05-Oct-2026,821.75,820.95,824.65,800.0,815.0,817.25,812.1,575094,4670.34,35621,243114,42.27
GRAPHISAD,SM,05-Oct-2026,24.6,23.5,24.0,23.5,23.6,23.8,23.63,9600,2.27,8,6000,62.50
GRAPHITE,EQ,05-Oct-2026,786.15,793.05,822.75,791.05,818.95,816.4,811.56,1578431,12809.87,55444,519076,32.89
GRASIM,EQ,05-Oct-2026,2962.0,2968.0,3024.0,2961.5,2972.0,2972.0,2981.19,263562,7857.28,25337,143924,54.61
GRAUWEIL,EQ,05-Oct-2026,81.8,83.5,84.9,80.31,84.0,83.53,83.15,466288,387.73,5241,177340,38.03
GRAVISSHO,BE,05-Oct-2026,32.0,32.32,32.32,30.76,31.75,31.67,32.0,1401,0.45,20,-,-
GRAVITA,EQ,05-Oct-2026,1412.6,1412.6,1440.8,1403.6,1427.7,1423.5,1423.68,275082,3916.28,31494,133359,48.48
GRCL,SM,05-Oct-2026,574.0,574.0,574.0,571.15,571.15,571.15,572.58,500,2.86,2,500,100.00
GREAVESCOT,EQ,05-Oct-2026,225.98,225.07,228.6,218.79,220.95,220.94,222.83,1324571,2951.6,27096,547159,41.31
GREENCHEF,SM,05-Oct-2026,69.95,69.95,69.95,69.95,69.95,69.95,69.95,800,0.56,1,800,100.00
GREENLAM,EQ,05-Oct-2026,213.62,214.7,215.5,210.18,211.0,211.71,212.32,64031,135.95,1552,39313,61.40
GREENPANEL,EQ,05-Oct-2026,158.59,158.4,161.2,156.23,160.0,159.06,159.05,272774,433.85,4376,188072,68.95
GREENPLY,EQ,05-Oct-2026,303.7,303.7,314.0,303.3,308.25,308.45,309.83,209748,649.86,9240,93650,44.65
GREENPOWER,EQ,05-Oct-2026,8.77,8.78,8.85,8.62,8.67,8.66,8.72,1454330,126.85,4642,742054,51.02
GRINDWELL,EQ,05-Oct-2026,1975.8,1990.0,2023.1,1973.5,2010.0,2004.2,1997.92,78949,1577.33,14222,58341,73.90
GRINFRA,EQ,05-Oct-2026,790.2,790.2,804.95,780.3,789.9,789.45,791.18,17050,134.9,1795,4589,26.91
GRMOVER,EQ,05-Oct-2026,77.87,77.99,79.45,77.38,78.06,78.5,78.64,1011559,795.47,4640,192531,19.03
GROBTEA,EQ,05-Oct-2026,878.5,879.0,879.0,872.0,872.0,872.8,875.9,10,0.09,3,5,50.00
GROWW,EQ,05-Oct-2026,180.11,181.34,187.94,180.16,187.37,187.05,184.06,38074910,70080.23,191019,22486875,59.06
GROWWCAPM,EQ,05-Oct-2026,10.67,10.93,11.34,10.71,10.91,10.88,10.92,999564,109.15,1274,587162,58.74
GROWWCHEM,EQ,05-Oct-2026,28.36,28.06,28.5,27.81,28.47,28.24,28.03,33704,9.45,434,16686,49.51
GROWWDEFNC,EQ,05-Oct-2026,91.65,92.57,92.57,90.65,91.9,91.87,91.68,228734,209.7,4500,156038,68.22
GROWWEV,EQ,05-Oct-2026,30.05,29.52,30.98,29.52,30.1,30.07,30.04,476198,143.04,3717,401461,84.31
GROWWGOLD,EQ,05-Oct-2026,14.32,14.32,14.38,14.23,14.37,14.35,14.31,2087835,298.79,7066,866037,41.48
GROWWHOSPI,EQ,05-Oct-2026,47.85,49.0,49.3,46.9,47.18,46.99,47.24,660423,311.97,3381,470783,71.29
GROWWLIQID,EQ,05-Oct-2026,111.01,111.02,111.03,111.02,111.02,111.02,111.02,149426,165.9,332,87194,58.35
GROWWLOVOL,EQ,05-Oct-2026,9.82,9.82,9.87,9.66,9.8,9.79,9.78,15924,1.56,172,8946,56.18
GROWWMC150,EQ,05-Oct-2026,217.92,217.92,220.1,214.0,219.0,218.98,218.2,629,1.37,69,545,86.65
GROWWMETAL,EQ,05-Oct-2026,11.95,12.19,12.2,11.85,11.91,11.9,11.96,490772,58.71,2615,185376,37.77
GROWWMOM50,EQ,05-Oct-2026,10.55,10.55,10.69,10.47,10.56,10.5,10.53,386277,40.69,916,339699,87.94
GROWWN200,EQ,05-Oct-2026,10.64,10.64,10.83,10.6,10.7,10.66,10.64,830952,88.42,465,790391,95.12
GROWWNET,EQ,05-Oct-2026,9.84,9.84,10.11,9.4,10.07,10.0,9.94,1715060,170.42,1143,1459537,85.10
GROWWNIFTY,EQ,05-Oct-2026,9.12,9.16,9.26,8.89,9.21,9.17,9.13,819337,74.8,5620,544521,66.46
GROWWNXT50,EQ,05-Oct-2026,70.94,69.52,71.66,69.1,71.66,70.68,69.79,10915,7.62,286,5642,51.69
GROWWPOWER,EQ,05-Oct-2026,10.84,10.96,11.05,10.78,10.78,10.84,10.86,1566073,170.09,6070,849800,54.26
GROWWPSE,EQ,05-Oct-2026,93.62,94.98,95.0,92.07,92.5,93.77,93.68,14102,13.21,197,11278,79.97
GROWWPSUBK,EQ,05-Oct-2026,80.03,80.98,81.59,78.67,80.0,80.35,80.59,7440,6.0,230,3485,46.84
GROWWRAIL,EQ,05-Oct-2026,26.1,25.96,26.41,25.83,26.35,26.08,26.08,282725,73.73,3270,149143,52.75
GROWWRLTY,EQ,05-Oct-2026,9.37,9.33,9.6,9.32,9.38,9.48,9.46,65872,6.23,507,35702,54.20
GROWWSC250,EQ,05-Oct-2026,10.19,10.19,10.4,10.11,10.21,10.18,10.23,98314,10.06,854,79479,80.84
GROWWSLVR,EQ,05-Oct-2026,21.39,21.68,21.76,21.49,21.72,21.71,21.63,1201610,259.87,3286,424821,35.35
GRPLTD,EQ,05-Oct-2026,1895.0,1895.5,1911.9,1850.0,1864.1,1868.9,1882.35,911,17.15,143,690,75.74
GRSE,EQ,05-Oct-2026,2111.1,2122.0,2158.8,2103.5,2109.1,2110.4,2126.62,365792,7779.02,30227,140265,38.35
GRWRHITECH,EQ,05-Oct-2026,6925.5,6925.0,6960.0,6670.0,6733.5,6725.5,6762.92,48501,3280.08,9737,24491,50.50
GSEC10ABSL,EQ,05-Oct-2026,111.79,111.61,111.61,111.29,111.29,111.29,111.33,698,0.78,6,698,100.00
GSEC10ADD,EQ,05-Oct-2026,26.54,26.3,26.3,26.15,26.15,26.15,26.15,31,0.01,3,31,100.00
GSEC10IETF,EQ,05-Oct-2026,258.19,260.0,260.0,260.0,260.0,260.0,260.0,8,0.02,1,8,100.00
GSEC10YEAR,EQ,05-Oct-2026,29.9,29.9,30.19,29.79,30.18,30.18,29.84,4323,1.29,31,4156,96.14
GSEC5IETF,EQ,05-Oct-2026,65.7,66.12,66.12,65.27,65.39,65.39,65.44,4521,2.96,55,3900,86.26
GSFC,EQ,05-Oct-2026,146.9,147.59,150.2,147.0,147.31,147.26,148.08,492857,729.83,9722,228634,46.39
GSLSU,EQ,05-Oct-2026,29.96,29.53,30.0,29.1,29.25,29.2,29.54,51924,15.34,403,39731,76.52
GSMFOILS,SM,05-Oct-2026,74.7,75.1,75.95,71.6,72.3,72.15,73.74,101500,74.85,154,63500,62.56
GSPCROP,EQ,05-Oct-2026,454.35,452.1,472.2,452.1,459.5,457.4,462.11,265067,1224.9,5034,17478,6.59
GSPLTRANS,BE,05-Oct-2026,137.18,130.33,134.99,130.33,130.33,130.33,130.41,2832332,3693.62,2609,-,-
GSS,EQ,05-Oct-2026,10.33,10.33,10.94,10.28,10.29,10.3,10.4,33786,3.51,298,18855,55.81
GSTL,SM,05-Oct-2026,10.85,10.4,10.45,10.4,10.45,10.45,10.43,2000,0.21,2,2000,100.00
GTECJAINX,EQ,05-Oct-2026,35.88,37.67,37.67,37.67,37.67,37.67,37.67,16385,6.17,47,16385,100.00
GTL,EQ,05-Oct-2026,6.82,6.82,7.03,6.71,6.73,6.75,6.8,315509,21.46,635,279980,88.74
GTLINFRA,EQ,05-Oct-2026,1.07,1.08,1.09,1.04,1.06,1.06,1.06,31582248,334.54,13216,17034648,53.94
GTPL,EQ,05-Oct-2026,55.39,54.31,56.18,54.12,54.4,54.47,54.92,12648,6.95,572,6777,53.58
GUFICBIO,EQ,05-Oct-2026,418.4,416.4,425.2,410.55,425.0,419.7,419.21,73779,309.29,6812,35082,47.55
GUJALKALI,EQ,05-Oct-2026,603.6,609.7,614.85,600.0,606.0,606.45,606.17,29834,180.84,2674,10852,36.37
GUJAPOLLO,EQ,05-Oct-2026,324.85,314.1,346.05,314.1,346.0,340.45,332.32,10139,33.69,475,6974,68.78
GUJENERGY,EQ,05-Oct-2026,230.07,231.22,235.0,230.02,231.87,232.15,232.25,803370,1865.83,26246,455917,56.75
GUJRAFFIA,EQ,05-Oct-2026,40.27,40.27,42.74,39.5,39.5,39.5,39.72,2720,1.08,37,2717,99.89
GUJTHEM,EQ,05-Oct-2026,381.8,379.1,390.4,371.2,371.55,373.6,376.79,169705,639.42,6547,85896,50.61
GULFOILLUB,EQ,05-Oct-2026,1093.0,1095.0,1106.5,1060.2,1069.8,1068.7,1073.74,90269,969.26,6249,69900,77.44
GULFPETRO,BE,05-Oct-2026,62.45,61.2,63.5,61.2,62.9,62.1,62.43,95198,59.43,322,-,-
GULPOLY,EQ,05-Oct-2026,161.75,160.52,164.0,159.15,159.15,160.84,161.13,93047,149.92,2467,47223,50.75
GURUNANAK,SM,05-Oct-2026,33.5,34.0,34.0,33.0,33.0,33.0,33.67,4800,1.62,2,4800,100.00
GVKPIL,BE,05-Oct-2026,2.51,2.46,2.46,2.46,2.46,2.46,2.46,305590,7.52,534,-,-
GVPIL,EQ,05-Oct-2026,679.5,699.8,713.0,690.0,705.05,704.35,703.21,239782,1686.16,11090,130177,54.29
GVPTECH,BE,05-Oct-2026,7.75,7.75,7.8,7.37,7.5,7.52,7.56,18054,1.37,217,-,-
GVT&D,EQ,05-Oct-2026,4253.2,4325.0,4337.9,4185.0,4247.5,4247.5,4244.16,454653,19296.2,47691,214517,47.18
GYFTR,EQ,05-Oct-2026,156.79,163.51,164.9,152.61,158.0,156.11,154.77,691560,1070.31,8401,346224,50.06
HAL,EQ,05-Oct-2026,4601.0,4601.0,4688.0,4601.0,4680.0,4680.0,4661.33,465865,21715.53,52986,263181,56.49
HALDER,EQ,05-Oct-2026,232.73,232.74,266.0,232.73,251.0,258.03,248.18,19066,47.32,401,5422,28.44
HALDYNGL,EQ,05-Oct-2026,146.05,146.6,152.68,142.0,143.0,142.85,145.5,48070,69.94,1198,29616,61.61
HALEOSLABS,EQ,05-Oct-2026,1490.0,1504.5,1549.5,1490.6,1549.3,1549.2,1540.05,2311,35.59,148,2129,92.12
HAMPTON,EQ,05-Oct-2026,8.09,8.04,8.04,7.76,8.0,8.0,7.98,4594,0.37,37,4504,98.04
HAPPSTMNDS,EQ,05-Oct-2026,304.7,305.7,309.65,303.0,303.55,304.2,306.14,476063,1457.43,12253,228189,47.93
HAPPYFORGE,EQ,05-Oct-2026,2003.7,2003.0,2065.6,1991.0,2001.5,2013.2,2022.75,143370,2900.01,32784,80122,55.88
HARDWYN,EQ,05-Oct-2026,9.19,9.15,10.5,8.99,9.49,9.34,9.72,3665570,356.17,7488,1577345,43.03
HARIOMPIPE,EQ,05-Oct-2026,332.35,333.95,340.05,322.3,322.3,324.6,328.28,81939,268.99,3479,41929,51.17
HARRMALAYA,EQ,05-Oct-2026,179.67,179.67,183.0,170.85,172.2,173.0,174.43,14823,25.86,470,9485,63.99
HARSHA,EQ,05-Oct-2026,474.5,475.0,476.6,460.15,462.95,462.3,467.69,141186,660.31,7214,59824,42.37
HATHWAY,EQ,05-Oct-2026,9.32,9.36,9.47,9.32,9.4,9.4,9.39,1463537,137.47,2243,672469,45.95
HATSUN,EQ,05-Oct-2026,1118.1,1110.1,1157.4,1110.0,1140.1,1143.5,1134.82,41254,468.16,4666,17363,42.09
HAVELLS,EQ,05-Oct-2026,1040.0,1050.0,1060.5,1041.6,1046.7,1046.7,1049.56,845006,8868.85,40266,453819,53.71
HAVISHA,EQ,05-Oct-2026,1.35,1.31,1.4,1.31,1.4,1.4,1.35,13315,0.18,62,13115,98.50
HAWKINCOOK,EQ,05-Oct-2026,8026.0,8080.0,8120.0,7905.5,7960.0,7977.0,7970.02,1141,90.94,598,651,57.06
HAZOOR,EQ,05-Oct-2026,17.94,17.87,18.59,17.6,17.67,17.75,17.99,617372,111.06,2595,537570,87.07
HBESD,EQ,05-Oct-2026,65.11,66.73,78.13,66.0,78.13,78.13,77.17,20755,16.02,218,15334,73.88
HBLENGINE,EQ,05-Oct-2026,779.35,784.0,789.35,760.25,767.3,763.6,771.61,771121,5950.08,30632,291929,37.86
HBPOR,EQ,05-Oct-2026,59.83,56.6,63.98,56.6,61.3,61.3,59.05,292,0.17,20,232,79.45
HBSL,EQ,05-Oct-2026,57.03,53.2,57.03,53.2,56.7,55.82,55.6,2224,1.24,59,2048,92.09
HCC,EQ,05-Oct-2026,20.23,20.3,20.59,19.95,20.04,20.0,20.26,11202334,2270.08,21222,4789563,42.76
HCG,EQ,05-Oct-2026,668.75,664.1,670.9,658.65,670.9,669.05,665.2,40500,269.41,4540,19776,48.83
HCL-INSYS,EQ,05-Oct-2026,10.04,10.23,10.3,9.9,10.04,10.0,10.04,205898,20.67,790,139671,67.84
HCLTECH,EQ,05-Oct-2026,1243.1,1243.7,1247.2,1196.5,1201.9,1201.9,1214.84,3843425,46691.54,88780,1463806,38.09
HDBFS,EQ,05-Oct-2026,618.2,622.1,625.6,615.15,623.0,622.55,620.77,308905,1917.6,29087,187368,60.66
HDFCAMC,EQ,05-Oct-2026,2308.1,2308.1,2369.5,2308.1,2346.0,2346.0,2349.83,1244530,29244.29,47548,845481,67.94
HDFCBANK,EQ,05-Oct-2026,721.2,731.95,734.2,701.25,704.8,704.8,715.94,66056690,472929.19,478412,41947959,63.50
HDFCBSE500,EQ,05-Oct-2026,35.41,35.59,35.77,35.19,35.5,35.48,35.43,1567916,555.53,457,1516682,96.73
HDFCGOLD,EQ,05-Oct-2026,125.58,125.55,125.89,124.65,125.77,125.72,125.4,3530908,4427.75,17338,2210480,62.60
HDFCGROWTH,EQ,05-Oct-2026,109.96,111.98,111.98,109.2,110.0,109.95,109.62,13466,14.76,330,6768,50.26
HDFCLIFE,EQ,05-Oct-2026,534.2,536.85,539.05,524.55,531.0,531.0,529.92,3381490,17919.28,42894,1677519,49.61
HDFCLIQUID,EQ,05-Oct-2026,1080.61,1080.61,1080.8,1080.61,1080.78,1080.77,1080.76,29280,316.45,81,16191,55.30
HDFCLOWVOL,EQ,05-Oct-2026,19.15,19.15,19.3,19.06,19.22,19.16,19.17,3718,0.71,142,2197,59.09
HDFCMID150,EQ,05-Oct-2026,21.95,22.49,23.4,21.9,22.13,22.22,22.08,800828,176.83,2600,352681,44.04
HDFCMOMENT,EQ,05-Oct-2026,30.11,30.37,30.37,29.5,29.72,29.71,29.75,298269,88.74,1481,213537,71.59
HDFCNEXT50,EQ,05-Oct-2026,70.5,70.93,71.18,70.31,71.08,70.81,70.77,102791,72.74,1116,45611,44.37
HDFCNIF100,EQ,05-Oct-2026,24.75,24.24,25.25,24.1,24.33,24.46,24.48,54474,13.34,657,36514,67.03
HDFCNIFBAN,EQ,05-Oct-2026,56.2,56.49,56.87,56.05,56.2,56.23,56.41,66966,37.78,668,39928,59.62
HDFCNIFIT,EQ,05-Oct-2026,29.87,30.39,31.0,29.99,30.3,30.15,30.24,134271,40.61,458,61446,45.76
HDFCNIFTY,EQ,05-Oct-2026,254.22,247.86,260.57,247.86,255.52,254.91,253.93,495067,1257.13,1955,409323,82.68
HDFCNIMEG,EQ,05-Oct-2026,124.33,126.82,126.82,124.22,124.65,124.97,125.12,5979,7.48,88,4576,76.53
HDFCPSUBK,EQ,05-Oct-2026,80.52,80.53,82.09,80.52,80.66,81.09,81.34,27238,22.15,321,18126,66.55
HDFCPVTBAN,EQ,05-Oct-2026,27.37,27.92,27.92,27.08,27.41,27.3,27.21,455677,124.0,957,263028,57.72
HDFCQUAL,EQ,05-Oct-2026,54.86,54.86,55.28,54.68,55.28,55.06,54.96,7743,4.26,144,3135,40.49
HDFCSENSEX,EQ,05-Oct-2026,81.84,81.41,82.69,81.41,82.47,82.04,82.03,84035,68.93,1181,52749,62.77
HDFCSILVER,EQ,05-Oct-2026,208.74,209.38,212.5,209.38,212.0,212.02,211.13,2329815,4919.05,12864,1045342,44.87
HDFCSML250,EQ,05-Oct-2026,177.81,178.1,179.59,176.52,178.67,178.32,177.81,1197364,2129.09,17630,650208,54.30
HDFCVALUE,EQ,05-Oct-2026,118.11,118.11,119.17,115.75,118.16,118.12,118.22,10469,12.38,264,6710,64.09
HDIL,BZ,05-Oct-2026,1.45,1.48,1.5,1.42,1.48,1.47,1.48,142280,2.11,223,-,-
HEADSUP,EQ,05-Oct-2026,6.4,6.36,6.74,6.02,6.15,6.14,6.21,1991,0.12,111,1498,75.24
HEALTHADD,EQ,05-Oct-2026,16.21,16.29,16.29,16.08,16.11,16.1,16.13,42909,6.92,221,11003,25.64
HEALTHAXIS,EQ,05-Oct-2026,163.58,162.55,165.48,162.0,162.83,162.33,162.79,3124,5.09,151,1966,62.93
HEALTHCARE,EQ,05-Oct-2026,21.02,21.44,21.44,20.8,20.87,20.81,20.86,50203,10.47,379,31233,62.21
HEALTHIETF,EQ,05-Oct-2026,164.59,165.0,165.19,163.41,164.31,164.02,163.88,209046,342.59,2918,144101,68.93
HEALTHX,EQ,05-Oct-2026,273.0,279.8,293.4,268.0,280.1,277.0,272.42,7384,20.12,256,5256,71.18
HEALTHY,EQ,05-Oct-2026,16.47,16.76,16.76,16.26,16.55,16.41,16.44,424617,69.82,1664,339016,79.84
HECPROJECT,EQ,05-Oct-2026,111.86,114.0,116.88,110.2,111.0,110.87,111.73,2220,2.48,138,1532,69.01
HEGAM,EQ,05-Oct-2026,239.28,242.0,248.0,232.0,233.0,233.77,238.64,1455475,3473.29,26465,778203,53.47
HEIDELBERG,EQ,05-Oct-2026,130.57,131.98,131.98,128.79,130.49,130.11,129.92,86609,112.52,2927,41869,48.34
HEMIPROP,EQ,05-Oct-2026,111.5,112.0,113.25,110.21,111.5,111.53,111.56,255376,284.89,4089,141460,55.39
HERANBA,EQ,05-Oct-2026,172.12,171.0,174.41,166.1,166.66,167.58,168.87,55404,93.56,1828,28305,51.09
HERITGFOOD,EQ,05-Oct-2026,402.9,402.9,407.0,389.75,397.0,394.75,398.62,217577,867.3,6686,109701,50.42
HEROMOTOCO,EQ,05-Oct-2026,5168.0,5199.0,5205.5,4994.5,5089.5,5089.5,5081.02,1072997,54519.22,85559,512603,47.77
HEROMOTORS,EQ,05-Oct-2026,167.8,176.34,178.84,158.65,170.3,169.63,168.75,146252658,246807.29,793578,16605267,11.35
HESTERBIO,EQ,05-Oct-2026,2126.8,2164.7,2186.9,2090.2,2120.0,2105.5,2140.72,2719,58.21,552,1400,51.49
HEXAGON,BE,05-Oct-2026,68.8,70.0,70.49,68.61,69.05,69.77,69.5,185999,129.28,578,-,-
HEXATRADEX,EQ,05-Oct-2026,154.96,157.0,160.5,149.0,154.0,153.58,153.33,4186,6.42,74,2622,62.64
HEXT,EQ,05-Oct-2026,490.45,493.95,505.9,489.8,498.0,495.15,496.38,206834,1026.68,13149,96002,46.41
HFCL,BE,05-Oct-2026,238.36,237.99,250.27,234.0,250.27,250.27,243.56,9592712,23363.65,46505,-,-
HGINFRA,EQ,05-Oct-2026,419.9,422.0,426.4,402.1,403.8,403.75,409.05,231876,948.5,12282,109477,47.21
HGM,EQ,05-Oct-2026,40.36,42.89,42.89,38.14,38.98,38.97,39.16,14095,5.52,96,10667,75.68
HGS,EQ,05-Oct-2026,367.05,367.0,372.95,361.4,365.65,364.95,365.47,7248,26.49,775,4389,60.55
HIGREEN,SM,05-Oct-2026,120.3,118.3,118.3,115.1,116.5,115.8,117.02,5600,6.55,7,4800,85.71
HIKAL,EQ,05-Oct-2026,218.14,218.0,221.35,213.28,215.0,214.45,216.61,244700,530.04,5764,98218,40.14
HILINFRA,EQ,05-Oct-2026,45.06,45.45,46.4,43.12,44.7,43.71,44.15,130532,57.64,1868,74952,57.42
HILTON,EQ,05-Oct-2026,16.86,16.61,17.18,16.61,16.68,16.77,16.88,76089,12.84,364,50605,66.51
HIMALAYAN,ST,05-Oct-2026,103.0,85.0,86.0,81.0,84.75,84.85,84.92,3433200,2915.54,1344,3433200,100.00
HIMATSEIDE,EQ,05-Oct-2026,64.15,65.0,65.82,62.6,64.5,64.64,64.43,603662,388.94,7220,218040,36.12
HINDADH,EQ,05-Oct-2026,384.0,392.0,392.0,382.05,387.35,384.5,385.22,1008,3.88,80,879,87.20
HINDALCO,EQ,05-Oct-2026,941.85,953.5,954.05,931.1,938.4,938.4,939.54,4401291,41351.92,110787,2576133,58.53
HINDALUMI,EQ,05-Oct-2026,90.76,90.9,93.99,90.9,91.01,91.83,91.98,1333,1.23,72,780,58.51
HINDCOMPOS,EQ,05-Oct-2026,380.8,414.95,425.05,395.5,404.0,400.65,403.59,46581,188.0,1269,30108,64.64
HINDCON,BE,05-Oct-2026,33.3,31.64,31.64,31.64,31.64,31.64,31.64,10765,3.41,142,-,-
HINDCOPPER,EQ,05-Oct-2026,462.15,466.05,481.0,465.15,478.95,478.65,476.19,5563749,26494.07,93099,2254682,40.52
HINDOILEXP,EQ,05-Oct-2026,167.31,168.19,170.45,164.15,164.3,164.87,166.29,283729,471.81,6929,107927,38.04
HINDPETRO,EQ,05-Oct-2026,345.0,345.05,351.25,340.4,342.35,342.35,344.32,2875288,9900.31,42091,1557381,54.16
HINDUNILVR,EQ,05-Oct-2026,1836.0,1845.1,1848.4,1828.0,1838.4,1838.4,1835.21,975071,17894.64,58733,631635,64.78
HINDWAREAP,EQ,05-Oct-2026,170.53,173.72,174.18,170.0,171.42,171.63,171.64,56164,96.4,1656,32980,58.72
HINDZINC,EQ,05-Oct-2026,555.05,562.0,568.55,557.9,560.95,560.95,563.25,2343222,13198.28,36228,1042132,44.47
HIRECT,EQ,05-Oct-2026,1123.8,1123.8,1166.1,1097.6,1103.5,1109.4,1131.7,51104,578.34,5240,21046,41.18
HISARMETAL,EQ,05-Oct-2026,146.92,149.0,149.0,143.57,145.0,145.22,145.71,1221,1.78,86,1073,87.88
HITECH,EQ,05-Oct-2026,71.42,71.62,72.38,69.85,70.35,70.05,70.61,397840,280.92,5139,215216,54.10
HITECHCORP,BE,05-Oct-2026,340.25,341.5,344.9,340.2,341.8,342.0,342.12,50579,173.04,320,-,-
HITECHGEAR,BE,05-Oct-2026,601.75,602.0,613.45,580.3,582.0,584.6,594.2,2734,16.25,63,-,-
HLEGLAS,EQ,05-Oct-2026,442.05,444.65,452.0,424.45,426.0,425.85,437.13,108277,473.31,4980,59432,54.89
HLVLTD,EQ,05-Oct-2026,6.31,6.31,6.5,6.05,6.2,6.21,6.21,195354,12.12,694,136508,69.88
HMAAGRO,EQ,05-Oct-2026,23.47,23.49,24.25,23.07,23.5,23.4,23.49,3179782,747.04,5246,2122310,66.74
HMT,BZ,05-Oct-2026,58.24,59.4,59.4,58.5,58.99,58.99,58.76,4335,2.55,62,-,-
HMVL,BE,05-Oct-2026,77.44,75.26,78.85,74.5,76.0,76.0,76.65,21768,16.69,138,-,-
HNDFDS,EQ,05-Oct-2026,574.6,580.0,580.0,556.55,570.0,570.05,566.45,57425,325.28,4568,29718,51.75
HNGSNGBEES,EQ,05-Oct-2026,455.1,500.0,500.0,452.0,458.35,457.63,454.67,93775,426.37,6131,65930,70.31
HOACFOODS,ST,05-Oct-2026,915.0,913.9,923.05,913.9,923.05,923.05,921.19,1875,17.27,5,1875,100.00
HOLMARC,SM,05-Oct-2026,120.0,120.0,123.75,119.95,123.75,123.75,120.28,9750,11.73,8,9750,100.00
HOMEFIRST,EQ,05-Oct-2026,1125.7,1122.6,1122.6,1075.1,1095.7,1096.2,1088.08,379744,4131.91,49796,225275,59.32
HONASA,EQ,05-Oct-2026,427.9,431.95,444.0,427.0,443.5,442.1,436.0,817839,3565.76,34050,435003,53.19
HONAUT,EQ,05-Oct-2026,33470.0,33845.0,34140.0,33595.0,33995.0,33785.0,33843.5,1798,608.51,1287,722,40.16
HONDAPOWER,EQ,05-Oct-2026,1886.3,1919.9,1919.9,1848.0,1851.5,1865.2,1866.67,2605,48.63,615,1292,49.60
HORIZONIND,EQ,05-Oct-2026,48.65,48.65,48.92,47.56,47.77,47.75,48.13,2149178,1034.46,16838,1281681,59.64
HPAL,EQ,05-Oct-2026,33.81,34.47,35.49,33.3,34.0,33.9,33.9,39685,13.45,593,23941,60.33
HPIL,EQ,05-Oct-2026,114.44,113.5,114.8,105.65,109.22,110.64,110.78,347,0.38,41,254,73.20
HPL,EQ,05-Oct-2026,267.2,265.4,272.0,263.5,265.5,264.75,266.62,53225,141.91,2752,24554,46.13
HPTL,ST,05-Oct-2026,431.0,432.0,451.0,430.0,430.0,431.0,434.67,3600,15.65,6,3600,100.00
HRYNSHP,EQ,05-Oct-2026,97.98,108.0,108.0,92.2,95.82,96.65,99.09,1040,1.03,103,543,52.21
HSBCGOLD,EQ,05-Oct-2026,127.95,128.8,129.8,127.01,128.06,128.04,127.62,1538,1.96,44,671,43.63
HSCL,EQ,05-Oct-2026,665.15,665.95,672.5,656.5,660.2,659.85,662.69,876519,5808.63,22051,356179,40.64
HTEL,EQ,05-Oct-2026,72.92,72.87,73.84,70.15,70.3,70.43,71.69,977060,700.48,9435,523737,53.60
HTMEDIA,EQ,05-Oct-2026,22.38,22.01,22.74,22.01,22.1,22.14,22.18,32181,7.14,280,21076,65.49
HUBTOWN,EQ,05-Oct-2026,177.42,177.35,178.5,166.99,168.7,168.09,170.62,425823,726.52,5712,245001,57.54
HUDCO,EQ,05-Oct-2026,161.54,163.5,164.99,161.34,162.16,162.09,162.87,1688872,2750.65,25333,710979,42.10
HUHTAMAKI,EQ,05-Oct-2026,232.72,232.95,234.8,226.1,226.1,227.52,229.47,103891,238.4,3982,61659,59.35
HVAX,SM,05-Oct-2026,709.9,695.0,695.0,680.0,680.0,680.0,692.5,900,6.23,4,900,100.00
HYBRIDETF,EQ,05-Oct-2026,9.72,9.95,9.95,9.75,9.78,9.78,9.83,2589,0.25,49,2588,99.96
HYBRIDFIN,EQ,05-Oct-2026,17.36,17.2,17.99,16.8,17.43,17.43,17.35,6826,1.18,74,5751,84.25
HYUNDAI,EQ,05-Oct-2026,2024.0,2023.9,2031.5,1981.9,2000.0,2000.0,2001.52,328159,6568.18,22696,143805,43.82
IBULLSLTD,EQ,05-Oct-2026,29.43,30.1,30.8,29.17,29.5,29.48,29.75,23357499,6949.73,19130,15361798,65.77
ICDSLTD,BE,05-Oct-2026,46.5,46.5,48.82,44.26,44.61,44.61,47.28,1626,0.77,30,-,-
ICELCO,SM,05-Oct-2026,117.3,118.0,121.0,117.0,117.0,117.0,118.65,22800,27.05,19,15600,68.42
ICEMAKE,EQ,05-Oct-2026,623.65,623.5,634.4,619.1,621.35,628.55,625.17,14078,88.01,1346,8123,57.70
ICICIAMC,EQ,05-Oct-2026,3084.4,3085.9,3095.6,3045.0,3057.9,3061.2,3070.09,163817,5029.33,31299,86358,52.72
ICICIB22,EQ,05-Oct-2026,108.91,111.63,111.63,107.6,110.0,109.88,109.63,164116,179.92,5492,87376,53.24
ICICIBANK,EQ,05-Oct-2026,1310.6,1311.0,1334.7,1303.7,1332.0,1332.0,1319.68,13223493,174507.9,165406,8126759,61.46
ICICIGI,EQ,05-Oct-2026,1563.0,1563.0,1608.0,1561.1,1600.0,1600.0,1595.99,1196366,19093.9,46380,698762,58.41
ICICIPRULI,EQ,05-Oct-2026,448.05,448.0,457.0,446.05,454.9,454.9,452.74,1224982,5545.97,50850,569471,46.49
ICIL,EQ,05-Oct-2026,443.65,445.9,456.6,443.55,449.0,446.2,448.62,171574,769.72,14486,69259,40.37
ICRA,EQ,05-Oct-2026,4318.3,4334.6,4340.0,4249.0,4270.0,4297.5,4286.95,24260,1040.01,4343,14599,60.18
IDBI,EQ,05-Oct-2026,86.57,87.0,88.01,85.35,86.35,86.31,86.63,11796166,10219.14,62476,4383042,37.16
IDEA,EQ,05-Oct-2026,12.64,12.75,12.9,12.56,12.74,12.74,12.71,460591162,58530.41,575476,164503410,35.72
IDEAFORGE,EQ,05-Oct-2026,735.0,731.2,733.5,698.25,698.5,701.65,705.83,334860,2363.53,19258,169968,50.76
IDFCFIRSTB,EQ,05-Oct-2026,80.39,80.76,82.3,80.65,82.22,82.22,81.83,18439126,15088.4,63525,9138347,49.56
IDFNIFTYET,EQ,05-Oct-2026,247.02,247.02,252.0,244.13,250.0,249.7,249.01,798,1.99,84,734,91.98
IEML,ST,05-Oct-2026,52.4,52.3,54.6,49.8,49.8,49.8,52.09,121500,63.29,123,116500,95.88
IEX,EQ,05-Oct-2026,105.98,106.0,106.49,103.94,104.3,104.3,104.83,3096998,3246.63,31571,1387421,44.80
IFBAGRO,EQ,05-Oct-2026,866.95,855.0,878.95,855.0,868.0,872.0,863.33,2243,19.36,325,1390,61.97
IFBIND,EQ,05-Oct-2026,1166.2,1175.0,1201.8,1140.0,1174.1,1178.8,1178.16,34216,403.12,3718,15443,45.13
IFCI,EQ,05-Oct-2026,65.14,65.5,66.93,63.93,64.1,64.28,65.26,33656348,21964.87,103118,5866757,17.43
IFGLEXPOR,EQ,05-Oct-2026,189.57,192.2,195.3,182.15,185.9,183.99,185.85,29347,54.54,1411,18647,63.54
IGARASHI,EQ,05-Oct-2026,398.95,395.65,403.55,388.45,390.0,389.65,392.94,31532,123.9,2041,15217,48.26
IGCL,EQ,05-Oct-2026,54.62,54.62,55.93,53.0,53.35,53.4,54.02,64015,34.58,2051,31233,48.79
IGIL,EQ,05-Oct-2026,311.95,317.9,320.7,311.0,315.05,316.25,316.08,422079,1334.09,10713,116272,27.55
IGL,EQ,05-Oct-2026,142.79,142.79,143.57,141.5,141.95,142.1,142.51,948892,1352.29,37995,426954,45.00
IGPL,EQ,05-Oct-2026,569.55,575.8,581.7,548.1,549.05,554.0,565.12,49844,281.68,2106,27831,55.84
IIFL,EQ,05-Oct-2026,583.8,590.0,609.0,587.35,600.7,601.15,597.77,1622026,9695.98,48773,748550,46.15
IIFLCAPS,EQ,05-Oct-2026,345.6,346.9,346.9,341.55,346.0,345.2,345.07,319157,1101.32,5033,206950,64.84
IITL,EQ,05-Oct-2026,132.56,132.56,135.0,127.1,133.5,129.4,132.7,100228,133.0,965,11200,11.17
IKIO,EQ,05-Oct-2026,190.96,195.0,200.0,190.21,193.5,192.22,193.0,91418,176.43,2996,27920,30.54
IKS,EQ,05-Oct-2026,1776.4,1791.0,1798.3,1742.5,1751.2,1766.8,1772.52,119886,2125.0,13150,77877,64.96
IL&FSENGG,BZ,05-Oct-2026,38.59,38.5,40.05,38.5,39.75,39.78,39.15,11636,4.56,38,-,-
IL&FSTRANS,BZ,05-Oct-2026,1.87,1.92,1.96,1.86,1.92,1.94,1.92,67958,1.31,115,-,-
IMAGICAA,EQ,05-Oct-2026,50.7,50.85,51.99,48.61,49.0,48.76,49.5,488855,242.0,3063,289330,59.19
IMFA,EQ,05-Oct-2026,1176.8,1187.5,1204.8,1148.2,1161.0,1158.9,1165.71,93925,1094.89,10421,46692,49.71
IMPAL,EQ,05-Oct-2026,1009.1,1021.0,1040.0,1002.0,1029.7,1026.2,1021.6,2317,23.67,293,1539,66.42
IMPEXFERRO,BZ,05-Oct-2026,6.5,6.37,6.37,6.37,6.37,6.37,6.37,308128,19.63,142,-,-
INA,EQ,05-Oct-2026,87.02,87.95,89.22,83.05,83.12,83.44,84.54,619352,523.57,5253,352848,56.97
INCREDIBLE,EQ,05-Oct-2026,31.37,32.46,32.46,30.6,31.47,31.48,31.52,26959,8.5,191,18744,69.53
INDBANK,EQ,05-Oct-2026,25.2,25.7,25.7,25.0,25.29,25.17,25.22,22541,5.68,271,15211,67.48
INDGN,EQ,05-Oct-2026,593.5,598.25,605.5,588.0,597.0,598.45,598.74,510522,3056.72,30939,303763,59.50
INDHOTEL,EQ,05-Oct-2026,718.0,713.0,726.6,713.0,725.0,725.0,721.57,3696656,26674.1,49928,2467143,66.74
INDIACEM,EQ,05-Oct-2026,295.15,295.0,302.0,290.0,298.3,299.05,298.35,143087,426.91,8279,56732,39.65
INDIAGLYCO,EQ,05-Oct-2026,298.8,300.0,307.8,296.05,303.0,303.35,303.39,285941,867.53,8985,90176,31.54
INDIAMART,EQ,05-Oct-2026,1620.3,1620.3,1648.0,1565.1,1593.0,1591.5,1597.12,61789,986.85,10576,27433,44.40
INDIANB,EQ,05-Oct-2026,793.15,801.75,817.9,801.75,810.0,810.0,808.66,1043196,8435.89,41061,465970,44.67
INDIANCARD,EQ,05-Oct-2026,188.37,188.37,191.99,181.24,184.0,184.82,185.91,1899,3.53,42,1436,75.62
INDIANHUME,EQ,05-Oct-2026,346.1,346.1,347.85,334.05,334.2,335.7,338.46,23630,79.98,2333,10112,42.79
INDIASHLTR,EQ,05-Oct-2026,645.6,645.0,653.6,636.7,650.0,646.6,647.34,225850,1462.03,14459,163315,72.31
INDIFRA,SM,05-Oct-2026,12.25,11.7,11.7,11.65,11.65,11.65,11.67,6000,0.7,3,4000,66.67
INDIGO,EQ,05-Oct-2026,4929.9,4945.0,4999.0,4907.7,4935.0,4935.0,4941.0,404828,20002.55,46032,189103,46.71
INDIGOPNTS,EQ,05-Oct-2026,1053.5,1049.3,1064.2,1033.1,1035.0,1040.0,1042.84,56278,586.89,10572,33769,60.00
INDIGRID,IV,05-Oct-2026,169.85,169.85,173.51,169.51,169.8,169.75,169.96,682473,1159.91,18093,633013,92.75
INDIQUBE,EQ,05-Oct-2026,197.49,200.0,200.0,193.81,198.0,197.4,195.85,101074,197.96,1070,74539,73.75
INDNIPPON,EQ,05-Oct-2026,1224.4,1237.9,1253.6,1205.0,1219.6,1220.3,1222.49,40393,493.8,4982,15448,38.24
INDOAMIN,EQ,05-Oct-2026,136.52,136.55,150.0,136.55,144.0,143.31,144.66,590272,853.91,9029,226192,38.32
INDOBORAX,EQ,05-Oct-2026,469.5,476.55,478.8,457.4,460.0,460.65,468.3,82751,387.52,3219,41048,49.60
INDOCO,EQ,05-Oct-2026,251.75,252.0,255.65,244.1,246.5,246.8,248.07,311539,772.84,8692,115254,37.00
INDOFARM,EQ,05-Oct-2026,131.77,133.99,133.99,128.5,129.5,129.43,130.45,74848,97.64,1808,38599,51.57
INDOKEM,EQ,05-Oct-2026,603.7,602.35,602.35,585.0,600.0,598.25,596.43,1304,7.78,204,705,54.06
INDOMIM,EQ,05-Oct-2026,1271.8,1292.0,1333.9,1284.9,1326.9,1320.4,1317.25,939096,12370.2,40906,419600,44.68
INDORAMA,EQ,05-Oct-2026,95.81,97.95,99.79,93.15,93.25,93.69,96.19,760868,731.88,8078,311714,40.97
INDOSTAR,EQ,05-Oct-2026,206.35,205.76,210.05,202.56,204.32,204.33,205.31,45587,93.6,1375,23433,51.40
INDOTECH,EQ,05-Oct-2026,3347.6,3414.6,3473.3,3251.1,3290.0,3275.4,3364.3,24448,822.51,3620,13934,56.99
INDOTHAI,EQ,05-Oct-2026,35.19,36.7,36.94,35.42,36.94,36.94,36.58,957718,350.31,3936,554513,57.90
INDOUS,EQ,05-Oct-2026,76.75,81.0,81.0,74.15,74.15,75.5,76.14,13152,10.01,693,7314,55.61
INDOWIND,EQ,05-Oct-2026,8.44,8.44,8.74,8.3,8.36,8.41,8.52,122499,10.44,597,59591,48.65
INDPRUD,EQ,05-Oct-2026,6255.5,6305.0,6350.0,6290.0,6350.0,6350.0,6300.93,27,1.7,7,26,96.30
INDRAMEDCO,EQ,05-Oct-2026,338.6,341.85,342.25,331.55,332.2,333.95,335.44,119110,399.54,6526,66203,55.58
INDSWFTLAB,EQ,05-Oct-2026,395.15,399.0,410.0,383.75,385.0,385.75,389.72,346248,1349.39,8599,172172,49.73
INDTERRAIN,EQ,05-Oct-2026,29.22,29.22,29.5,29.15,29.2,29.36,29.2,8392,2.45,57,7051,84.02
INDUSINDBK,EQ,05-Oct-2026,886.85,891.6,900.25,880.7,886.6,886.6,887.12,2459043,21814.56,62601,1474618,59.97
INDUSINVIT,IV,05-Oct-2026,128.18,128.18,130.7,127.8,129.0,128.8,129.04,535595,691.13,15556,502052,93.74
INDUSTOWER,EQ,05-Oct-2026,376.25,381.4,381.45,375.25,380.2,380.2,379.28,5862757,22236.01,68912,3948476,67.35
INFINIUM,SM,05-Oct-2026,314.25,317.4,320.85,306.0,311.8,311.8,312.72,11500,35.96,23,9500,82.61
INFLUX,SM,05-Oct-2026,256.0,250.1,273.6,250.0,265.0,265.65,263.89,55800,147.25,86,36600,65.59
INFOBEAN,EQ,05-Oct-2026,143.58,144.22,151.69,144.22,148.8,148.08,148.16,244306,361.97,3680,81519,33.37
INFOLLION,SM,05-Oct-2026,154.0,168.4,168.4,153.2,160.4,160.4,162.47,19200,31.19,36,13600,70.83
INFOMEDIA,EQ,05-Oct-2026,5.32,5.54,5.54,5.16,5.21,5.21,5.24,9684,0.51,60,7312,75.51
INFRA,EQ,05-Oct-2026,11.4,11.63,11.63,11.41,11.44,11.44,11.45,21735,2.49,193,17638,81.15
INFRABEES,EQ,05-Oct-2026,895.24,899.38,900.51,891.3,893.86,898.85,896.26,22520,201.84,849,8629,38.32
INFRAIETF,EQ,05-Oct-2026,89.2,89.52,92.0,89.02,89.88,90.15,89.7,100848,90.46,2825,51987,51.55
INFY,EQ,05-Oct-2026,1035.0,1050.0,1052.3,1010.0,1020.5,1020.5,1024.84,12126808,124279.92,190921,5083314,41.92
INGERRAND,EQ,05-Oct-2026,4158.8,4158.8,4224.1,4135.0,4168.7,4154.2,4171.41,7413,309.23,1892,3630,48.97
INM,SM,05-Oct-2026,140.05,141.0,141.0,140.0,141.0,141.0,140.86,4200,5.92,7,4200,100.00
INNOMET,ST,05-Oct-2026,280.0,292.0,294.0,277.0,281.0,281.0,286.27,27000,77.29,36,26400,97.78
INNOVACAP,EQ,05-Oct-2026,1168.0,1168.5,1193.0,1119.8,1143.1,1145.4,1142.26,102598,1171.93,11498,44288,43.17
INNOVANA,EQ,05-Oct-2026,290.2,292.85,304.85,287.55,300.0,302.3,297.27,27710,82.37,784,3976,14.35
INNOVISION,EQ,05-Oct-2026,253.0,258.0,258.0,248.0,256.8,254.25,252.54,15235,38.47,691,10735,70.46
INOXGREEN,EQ,05-Oct-2026,159.0,159.0,160.0,147.65,149.0,149.95,150.99,3846331,5807.76,30388,2776793,72.19
INOXINDIA,EQ,05-Oct-2026,2168.3,2170.0,2202.2,2074.9,2097.6,2089.1,2122.49,300602,6380.26,38139,122112,40.62
INOXWIND,EQ,05-Oct-2026,68.75,69.0,69.88,67.6,67.8,67.8,68.53,5978012,4096.79,25262,2173486,36.36
INSECTICID,EQ,05-Oct-2026,568.7,578.85,593.45,566.15,583.0,578.8,575.25,15020,86.4,999,6869,45.73
INSPIRISYS,EQ,05-Oct-2026,83.83,84.0,85.79,83.0,83.1,83.02,83.89,5653,4.74,38,4871,86.17
INSUREIETF,EQ,05-Oct-2026,14.6,14.6,14.73,14.5,14.61,14.54,14.57,589446,85.88,353,307889,52.23
INTEGRITY,SM,05-Oct-2026,184.0,191.5,191.5,191.5,191.5,191.5,191.5,1200,2.3,1,1200,100.00
INTELLECT,EQ,05-Oct-2026,610.95,619.0,619.0,593.65,601.0,600.2,603.07,306571,1848.83,26007,164873,53.78
INTENTECH,EQ,05-Oct-2026,81.98,81.56,81.56,80.0,80.1,80.58,80.59,19297,15.55,230,13254,68.68
INTERARCH,EQ,05-Oct-2026,1666.9,1664.6,1685.1,1641.6,1658.5,1661.7,1658.0,35888,595.02,3943,20113,56.04
INTERNET,EQ,05-Oct-2026,13.2,13.31,13.52,13.28,13.43,13.46,13.41,120023,16.09,287,65094,54.23
INTLCONV,EQ,05-Oct-2026,80.03,82.3,82.3,80.0,80.0,80.06,80.45,34181,27.5,428,23081,67.53
INVENTURE,EQ,05-Oct-2026,0.85,0.86,0.86,0.85,0.85,0.85,0.85,449348,3.83,286,449226,99.97
INVICTA,SM,05-Oct-2026,66.55,66.1,66.1,66.1,66.1,66.1,66.1,1600,1.06,1,1600,100.00
INVPRECQ,BE,05-Oct-2026,1595.2,1639.0,1651.0,1580.1,1630.0,1612.1,1619.53,4896,79.29,253,-,-
IOB,EQ,05-Oct-2026,30.38,30.5,31.9,30.5,31.38,31.35,31.27,4689838,1466.37,30479,1660074,35.40
IOC,EQ,05-Oct-2026,131.34,132.48,134.35,129.8,130.5,130.5,131.4,9644919,12673.8,71876,4840473,50.19
IOLCP,EQ,05-Oct-2026,209.39,211.48,214.4,204.35,206.0,205.71,209.08,2946260,6160.06,40615,966302,32.80
IONEXCHANG,EQ,05-Oct-2026,406.4,405.05,410.0,397.1,401.5,401.75,402.22,203327,817.82,14108,91546,45.02
IPCALAB,EQ,05-Oct-2026,1943.2,1973.7,1984.9,1930.3,1936.0,1951.3,1961.57,210605,4131.17,32579,123481,58.63
IPHL,SM,05-Oct-2026,72.65,68.8,68.8,68.8,68.8,68.8,68.8,3600,2.48,2,3600,100.00
IPL,EQ,05-Oct-2026,130.68,132.0,132.0,128.1,128.3,128.75,129.31,167598,216.72,2468,103382,61.68
IPRINGLTD,EQ,05-Oct-2026,141.95,135.05,144.0,135.0,137.2,137.15,138.09,1997,2.76,67,1493,74.76
IPSL,SM,05-Oct-2026,185.9,190.0,219.0,190.0,210.0,210.0,198.89,13500,26.85,7,10500,77.78
IRB,EQ,05-Oct-2026,17.0,17.05,17.3,16.8,16.92,16.87,16.95,10276300,1741.94,23245,5113686,49.76
IRBINVIT,IV,05-Oct-2026,63.8,64.09,64.24,63.7,63.94,63.93,63.96,593791,379.79,7581,471890,79.47
IRCON,EQ,05-Oct-2026,110.25,110.25,111.11,106.25,106.98,106.88,107.77,4101437,4420.3,42752,1104320,26.93
IRCTC,EQ,05-Oct-2026,454.1,454.15,464.6,448.05,450.8,452.8,458.09,1583641,7254.43,66595,742657,46.90
IREDA,EQ,05-Oct-2026,111.0,111.68,111.86,108.5,109.0,109.0,109.68,4155590,4558.0,34653,1525203,36.70
IRFC,EQ,05-Oct-2026,77.06,78.0,78.1,76.06,76.5,76.5,76.88,8816833,6778.14,59541,3488748,39.57
IRIS,EQ,05-Oct-2026,225.1,225.1,227.13,219.11,220.0,220.46,221.71,5596,12.41,343,3420,61.12
IRISDOREME,EQ,05-Oct-2026,60.46,62.0,62.0,57.72,60.0,59.69,59.41,439369,261.04,3868,116757,26.57
IRMENERGY,EQ,05-Oct-2026,257.7,260.9,264.8,256.8,259.0,259.5,259.74,47444,123.23,2858,23640,49.83
ISFT,BE,05-Oct-2026,97.91,97.91,101.0,93.5,98.2,99.82,97.07,10417,10.11,133,-,-
ISGEC,EQ,05-Oct-2026,919.7,924.45,926.1,892.4,897.8,899.3,903.21,88849,802.5,12459,38015,42.79
ISHAN,SM,05-Oct-2026,0.45,0.5,0.5,0.45,0.5,0.5,0.48,144000,0.7,3,96000,66.67
ISHANCH,EQ,05-Oct-2026,47.3,48.89,48.89,45.72,47.44,47.39,46.87,4869,2.28,159,3284,67.45
ISTLTD,EQ,05-Oct-2026,635.0,635.0,640.0,585.0,603.1,610.5,613.22,1474,9.04,247,1203,81.61
IT,EQ,05-Oct-2026,31.15,31.77,32.37,31.15,31.21,31.32,31.45,268438,84.43,1306,139237,51.87
ITADD,EQ,05-Oct-2026,29.78,29.78,30.5,29.78,30.06,29.97,30.12,6608,1.99,104,2499,37.82
ITALIANE,SM,05-Oct-2026,29.2,29.6,29.6,28.2,28.2,28.2,28.9,4000,1.16,2,4000,100.00
ITAXIS,EQ,05-Oct-2026,309.81,312.91,315.9,310.5,310.5,312.02,313.66,3352,10.51,54,2160,64.44
ITBEES,EQ,05-Oct-2026,31.38,31.7,32.0,31.22,31.4,31.35,31.53,10293140,3245.29,20706,4006586,38.92
ITBETA,EQ,05-Oct-2026,297.27,297.27,303.0,297.24,297.6,297.84,298.77,196,0.59,23,193,98.47
ITC,EQ,05-Oct-2026,255.9,260.95,269.8,259.0,268.9,268.9,264.07,49020716,129451.12,189741,30475361,62.17
ITCHOTELS,EQ,05-Oct-2026,158.51,159.8,160.8,158.11,159.0,158.96,159.35,922569,1470.12,16902,358532,38.86
ITDC,EQ,05-Oct-2026,665.6,667.8,682.0,660.0,667.0,664.8,670.25,143155,959.49,9168,27864,19.46
ITETF,EQ,05-Oct-2026,29.92,30.31,30.5,29.8,29.98,29.95,30.12,979536,295.02,960,222109,22.67
ITI,EQ,05-Oct-2026,241.54,241.7,245.49,238.55,241.0,240.75,242.26,171192,414.72,6807,60336,35.24
ITIETF,EQ,05-Oct-2026,31.07,30.29,31.95,30.29,31.56,31.39,31.6,1223772,386.67,2452,421068,34.41
ITL,EQ,05-Oct-2026,348.0,356.6,356.6,343.05,356.6,355.4,348.46,827,2.88,60,759,91.78
IVALUE,EQ,05-Oct-2026,219.28,221.69,232.0,221.47,229.0,228.29,228.06,215545,491.56,3944,73639,34.16
IVC,EQ,05-Oct-2026,7.81,8.05,8.18,7.8,7.89,7.85,7.98,238985,19.07,1263,173401,72.56
IVP,BE,05-Oct-2026,224.81,225.05,231.99,216.32,222.9,219.17,225.32,22928,51.66,168,-,-
IVZBANKNF,EQ,05-Oct-2026,54.5,55.13,55.14,54.23,54.57,54.57,54.68,431,0.24,9,429,99.54
IVZINGOLD,EQ,05-Oct-2026,128.0,128.35,128.35,126.6,128.3,128.2,127.92,77113,98.64,578,55743,72.29
IVZINNIFTY,EQ,05-Oct-2026,258.5,264.96,264.96,257.89,259.07,259.22,259.14,1625,4.21,65,1000,61.54
IVZSENSEX,EQ,05-Oct-2026,71.97,72.87,72.87,72.0,72.45,72.45,72.51,303,0.22,11,175,57.76
IWARE,ST,05-Oct-2026,388.0,398.95,398.95,372.05,372.2,372.3,377.2,15600,58.84,24,13800,88.46
IWP,EQ,05-Oct-2026,36.46,36.46,40.83,35.01,38.8,38.73,38.13,94608,36.08,837,62435,65.99
IXIGO,EQ,05-Oct-2026,161.9,162.0,165.51,159.71,161.0,161.0,162.06,744966,1207.31,18360,407246,54.67
IZMO,EQ,05-Oct-2026,855.95,859.95,894.45,850.1,870.0,870.7,871.19,89447,779.26,6287,36376,40.67
J&KBANK,EQ,05-Oct-2026,139.98,141.38,143.46,139.83,140.69,141.53,141.15,3523704,4973.83,43909,2019722,57.32
JAGRAN,EQ,05-Oct-2026,61.55,61.55,62.0,61.11,61.18,61.33,61.46,134875,82.89,1998,86287,63.98
JAGSNPHARM,EQ,05-Oct-2026,231.73,232.49,235.39,227.0,228.0,229.47,231.49,146699,339.59,3606,66585,45.39
JAIBALAJI,EQ,05-Oct-2026,61.72,63.37,63.37,59.51,61.5,61.12,60.8,375785,228.49,2919,220465,58.67
JAICORPLTD,EQ,05-Oct-2026,89.54,88.2,90.39,87.51,88.0,88.49,88.59,333789,295.7,4813,138125,41.38
JAINIK,ST,05-Oct-2026,186.8,186.35,186.35,186.35,186.35,186.35,186.35,1200,2.24,1,1200,100.00
JAINREC,EQ,05-Oct-2026,282.5,285.6,292.75,282.5,290.0,290.45,288.58,699536,2018.71,20440,282936,40.45
JAIPURKURT,EQ,05-Oct-2026,26.49,27.0,27.0,25.59,26.01,26.01,26.22,9493,2.49,103,7467,78.66
JALAN,ST,05-Oct-2026,1.65,1.6,1.6,1.6,1.6,1.6,1.6,24000,0.38,5,24000,100.00
JAMNAAUTO,EQ,05-Oct-2026,131.66,132.51,134.88,131.71,134.02,134.45,133.29,1040621,1387.09,23905,431723,41.49
JARO,EQ,05-Oct-2026,408.4,414.3,414.3,401.15,403.0,405.15,406.28,103783,421.65,2640,21213,20.44
JASH,EQ,05-Oct-2026,576.3,582.0,605.0,581.0,596.8,598.1,597.57,495530,2961.13,22352,222268,44.85
JAYAGROGN,EQ,05-Oct-2026,211.22,213.6,218.38,210.25,213.0,211.82,214.46,11264,24.16,467,5871,52.12
JAYBARMARU,EQ,05-Oct-2026,130.8,133.0,133.0,127.1,128.0,127.98,129.4,323573,418.72,5507,154777,47.83
JAYBEE,SM,05-Oct-2026,92.35,94.25,95.85,93.05,94.0,93.7,93.93,9500,8.92,18,7000,73.68
JAYESH,SM,05-Oct-2026,115.3,118.95,119.0,117.0,119.0,118.85,117.76,51000,60.06,18,21000,41.18
JAYKAY,EQ,05-Oct-2026,201.46,203.45,230.0,203.45,224.85,221.97,220.04,5652546,12437.66,82103,912932,16.15
JAYKAYPP,E1,05-Oct-2026,157.14,157.13,187.0,155.5,176.3,175.78,172.01,39253,67.52,517,30088,76.65
JAYNECOIND,EQ,05-Oct-2026,91.28,91.1,93.39,90.0,91.06,91.0,91.2,2941585,2682.63,25219,1172471,39.86
JAYSREETEA,EQ,05-Oct-2026,83.65,84.95,85.0,81.61,82.15,82.7,83.15,35363,29.4,647,19236,54.40
JBMA,EQ,05-Oct-2026,544.65,550.0,557.0,540.6,543.0,544.55,547.36,186164,1018.99,14340,66549,35.75
JENBURPH,EQ,05-Oct-2026,915.25,919.9,934.0,897.25,912.95,900.4,909.03,1262,11.47,107,1154,91.44
JETFREIGHT,EQ,05-Oct-2026,19.59,19.94,20.25,19.07,19.7,19.85,19.65,184688,36.29,2176,64216,34.77
JEYYAM,SM,05-Oct-2026,20.0,20.1,20.5,19.8,20.5,20.45,20.18,32000,6.46,16,18000,56.25
JFLLIFE,SM,05-Oct-2026,10.0,10.25,10.25,10.25,10.25,10.25,10.25,12000,1.23,1,12000,100.00
JGCHEM,EQ,05-Oct-2026,610.3,610.9,628.75,605.0,611.0,609.65,615.04,297878,1832.06,11017,116157,38.99
JHS,EQ,05-Oct-2026,11.7,11.89,12.15,10.53,10.53,10.53,10.69,1114692,119.18,1804,600607,53.88
JINDALPHOT,EQ,05-Oct-2026,1031.8,1020.4,1059.7,1020.4,1022.0,1024.7,1028.43,875,9.0,168,653,74.63
JINDALPOLY,EQ,05-Oct-2026,653.7,653.7,664.9,636.0,636.0,641.6,646.47,14364,92.86,1024,6622,46.10
JINDALSAW,EQ,05-Oct-2026,270.3,270.05,277.4,270.05,274.1,275.0,274.61,1309022,3594.69,32816,706988,54.01
JINDALSTEL,EQ,05-Oct-2026,1100.5,1101.1,1115.8,1086.7,1097.3,1097.3,1095.6,444005,4864.53,18210,178068,40.10
JINDRILL,EQ,05-Oct-2026,587.65,587.65,593.9,583.15,586.2,585.95,588.14,99604,585.81,4354,33982,34.12
JINDWORLD,EQ,05-Oct-2026,45.82,46.45,47.2,45.1,45.48,45.37,45.93,2517504,1156.33,7985,629394,25.00
JIOFIN,EQ,05-Oct-2026,212.5,213.85,213.99,210.52,212.0,212.0,211.83,16101981,34109.07,137102,8289674,51.48
JISLDVREQS,EQ,05-Oct-2026,18.71,18.7,19.5,18.53,19.19,18.89,18.72,6745,1.26,251,4314,63.96
JISLJALEQS,EQ,05-Oct-2026,27.3,27.45,27.83,26.7,26.72,26.81,27.1,1197115,324.48,3728,660828,55.20
JITFINFRA,EQ,05-Oct-2026,275.45,270.6,277.9,260.6,267.9,266.5,267.09,23423,62.56,1081,11004,46.98
JIWANRAM,SM,05-Oct-2026,4.4,3.95,4.25,3.95,4.05,4.05,4.08,18000,0.74,3,6000,33.33
JKCEMENT,EQ,05-Oct-2026,4952.0,4983.0,5014.5,4903.5,4970.0,4981.5,4944.31,9705,479.85,3142,3423,35.27
JKIL,EQ,05-Oct-2026,461.85,465.9,465.9,450.3,453.0,453.7,454.75,44272,201.33,2743,22375,50.54
JKIPL,EQ,05-Oct-2026,96.51,96.0,98.5,94.01,95.0,95.13,95.0,3783,3.59,131,2972,78.56
JKLAKSHMI,EQ,05-Oct-2026,476.6,477.0,481.3,465.0,467.0,466.8,469.64,237436,1115.09,17051,144950,61.05
JKPAPER,EQ,05-Oct-2026,382.6,382.6,390.55,380.05,384.75,385.65,385.9,164425,634.52,8250,79940,48.62
JKTYRE,EQ,05-Oct-2026,340.35,341.1,345.75,336.55,339.5,338.85,341.17,571827,1950.92,17293,262901,45.98
JLHL,EQ,05-Oct-2026,259.85,258.55,263.85,248.85,254.05,253.9,251.35,495948,1246.58,22035,291790,58.83
JMA,EQ,05-Oct-2026,87.64,86.26,89.6,86.26,87.0,87.07,87.31,3845,3.36,97,2996,77.92
JMFINANCIL,EQ,05-Oct-2026,123.4,125.0,126.37,122.7,123.34,123.1,123.95,1028560,1274.91,17127,461556,44.87
JNKINDIA,EQ,05-Oct-2026,432.7,432.7,446.65,430.45,434.4,432.2,437.85,70571,308.99,4306,30800,43.64
JNPR,EQ,05-Oct-2026,268.25,270.9,280.9,269.0,271.75,271.3,275.23,1216951,3349.36,33535,434156,35.68
JOCIL,EQ,05-Oct-2026,145.22,149.99,149.99,145.65,148.39,147.84,149.12,2559,3.82,65,2059,80.46
JPOLYINVST,EQ,05-Oct-2026,911.0,900.0,925.0,885.0,885.1,891.2,900.27,5572,50.16,825,3143,56.41
JPPOWER,EQ,05-Oct-2026,14.8,15.0,15.1,14.86,14.91,14.91,14.96,31282813,4679.87,1159623,9619704,30.75
JSFB,EQ,05-Oct-2026,482.4,487.45,501.85,483.25,496.2,498.6,495.92,673840,3341.74,34202,338299,50.20
JSIPL,BE,05-Oct-2026,168.82,177.26,177.26,177.26,177.26,177.26,177.26,40204,71.27,374,-,-
JSL,EQ,05-Oct-2026,732.7,735.0,747.0,728.9,742.55,742.0,739.84,393852,2913.86,26767,211852,53.79
JSLL,EQ,05-Oct-2026,480.8,483.9,486.25,445.65,448.2,449.9,457.76,1610523,7372.36,68504,713805,44.32
JSWCEMENT,EQ,05-Oct-2026,111.6,112.0,113.31,109.86,110.67,111.09,111.3,1631122,1815.46,31382,1271028,77.92
JSWDULUX,EQ,05-Oct-2026,3020.6,3048.4,3058.5,2928.9,2979.3,2964.8,2962.22,48643,1440.91,11126,30852,63.43
JSWENERGY,EQ,05-Oct-2026,485.0,485.85,491.8,483.25,491.8,491.8,487.79,1014257,4947.4,26621,554514,54.67
JSWHL,EQ,05-Oct-2026,11258.0,11205.0,11417.0,11108.0,11380.0,11350.0,11334.44,1708,193.59,831,1092,63.93
JSWINFRA,EQ,05-Oct-2026,357.45,357.5,364.0,356.05,360.0,359.4,360.76,2349162,8474.88,54383,1095657,46.64
JSWSTEEL,EQ,05-Oct-2026,1233.0,1233.0,1252.4,1228.7,1235.3,1235.3,1235.82,1047395,12943.93,42443,600739,57.36
JTEKTINDIA,EQ,05-Oct-2026,115.84,116.3,117.86,113.07,113.4,113.68,114.76,114675,131.6,1962,63473,55.35
JTLIND,EQ,05-Oct-2026,86.23,87.0,88.43,84.56,84.6,84.98,86.19,1489386,1283.77,14087,419188,28.15
JUBLCPL,EQ,05-Oct-2026,2037.3,2010.0,2072.4,1991.0,2000.0,2021.8,2014.65,8012,161.41,929,5277,65.86
JUBLFOOD,EQ,05-Oct-2026,443.4,442.8,447.75,438.8,445.7,445.7,444.24,949778,4219.29,19306,461623,48.60
JUBLINGREA,EQ,05-Oct-2026,638.0,638.0,645.85,625.0,628.55,632.2,632.99,218343,1382.09,12314,94759,43.40
JUBLPHARMA,EQ,05-Oct-2026,999.3,999.8,1012.0,972.1,977.0,981.6,984.51,203076,1999.31,22717,98542,48.52
JUNIORBEES,EQ,05-Oct-2026,747.52,753.2,754.2,740.0,750.0,748.46,749.15,672551,5038.44,48786,339526,50.48
JUNIPER,EQ,05-Oct-2026,214.99,217.9,218.6,214.21,217.0,216.0,215.75,53063,114.48,1205,33204,62.57
JUSTDIAL,EQ,05-Oct-2026,653.15,653.15,666.1,648.0,649.95,651.35,654.93,70392,461.02,4716,21758,30.91
JWL,EQ,05-Oct-2026,223.93,224.2,226.99,218.61,222.85,223.44,222.78,1604474,3574.48,38089,278310,17.35
JYOTHYLAB,EQ,05-Oct-2026,182.91,182.91,183.17,180.0,180.88,180.93,181.18,276917,501.71,15987,147643,53.32
JYOTICNC,EQ,05-Oct-2026,1032.1,1052.7,1060.0,1020.5,1034.0,1029.6,1040.04,397257,4131.62,25507,142272,35.81
JYOTIGLOBL,SM,05-Oct-2026,44.95,47.1,47.15,45.05,46.5,46.5,46.5,26000,12.09,12,20000,76.92
JYOTIRES,EQ,05-Oct-2026,840.65,844.9,845.0,831.05,832.25,832.9,835.03,5477,45.73,731,2977,54.35
JYOTISTRUC,EQ,05-Oct-2026,8.9,8.9,9.06,8.65,8.68,8.67,8.78,3922651,344.47,4337,2357874,60.11
K2INFRA,SM,05-Oct-2026,42.9,41.0,42.1,39.0,39.3,39.65,40.16,49800,20.0,78,43200,86.75
KABRAEXTRU,BE,05-Oct-2026,765.3,754.5,803.55,747.0,798.25,799.4,795.21,142249,1131.18,2267,-,-
KAJARIACER,EQ,05-Oct-2026,1225.1,1230.0,1230.0,1202.6,1211.5,1214.4,1215.29,629499,7650.21,41777,359019,57.03
KAKATCEM,EQ,05-Oct-2026,103.09,103.01,105.9,103.01,104.8,104.79,104.31,458,0.48,35,352,76.86
KALAMANDIR,EQ,05-Oct-2026,74.37,74.28,78.25,74.06,74.9,74.98,76.23,666784,508.32,7663,210736,31.60
KALANA,SM,05-Oct-2026,18.5,18.0,18.0,17.6,17.95,17.95,17.79,8000,1.42,4,6000,75.00
KALPATARU,EQ,05-Oct-2026,273.5,271.0,279.75,270.0,271.5,272.3,273.0,17262,47.13,762,7765,44.98
KALYANIFRG,BE,05-Oct-2026,944.75,972.0,972.0,912.2,912.2,920.05,931.6,1378,12.84,106,-,-
KALYANKJIL,EQ,05-Oct-2026,528.5,534.9,564.95,529.1,556.85,556.85,554.46,13447714,74562.78,141286,2031513,15.11
KAMAHOLD,EQ,05-Oct-2026,2263.0,2263.0,2273.9,2225.0,2233.0,2229.3,2242.74,1180,26.46,356,586,49.66
KAMANWALA,EQ,05-Oct-2026,17.14,16.31,17.35,16.31,16.6,16.6,16.58,1172,0.19,13,1168,99.66
KAMATHOTEL,EQ,05-Oct-2026,237.45,238.4,248.86,236.5,247.5,245.99,243.92,121580,296.56,3773,67894,55.84
KAMDHENU,EQ,05-Oct-2026,37.59,37.5,38.2,36.4,36.87,36.73,37.19,663573,246.79,6035,346059,52.15
KAMOPAINTS,EQ,05-Oct-2026,4.1,4.1,4.22,4.0,4.1,4.11,4.11,123407,5.07,551,82147,66.57
KANANIIND,EQ,05-Oct-2026,1.34,1.36,1.36,1.26,1.3,1.3,1.32,167592,2.21,386,139074,82.98
KANCHI,EQ,05-Oct-2026,379.8,379.85,385.1,367.7,379.0,378.7,375.45,772,2.9,96,567,73.45
KANCOTEA,EQ,05-Oct-2026,53.0,51.4,52.95,48.6,52.94,51.69,51.1,111,0.06,9,81,72.97
KANDARP,SM,05-Oct-2026,59.65,57.0,62.0,56.7,57.0,57.0,57.32,24000,13.76,17,23000,95.83
KANOHAR,EQ,05-Oct-2026,906.35,916.0,1047.8,916.0,1018.6,1020.25,982.59,17161082,168623.04,516269,1367135,7.97
KANORICHEM,BE,05-Oct-2026,189.02,189.0,192.5,179.57,185.0,182.71,182.95,28862,52.8,358,-,-
KANPRPLA,EQ,05-Oct-2026,245.55,246.0,260.0,246.0,256.0,252.24,253.55,26865,68.12,747,12318,45.85
KANSAINER,EQ,05-Oct-2026,175.27,175.4,177.59,175.17,177.0,176.97,176.72,241586,426.93,9597,172976,71.60
KAPSTON,EQ,05-Oct-2026,542.35,552.3,555.9,545.3,549.0,548.6,549.19,68742,377.53,3186,38310,55.73
KARAMTARA,EQ,05-Oct-2026,410.95,410.95,434.0,405.25,420.2,416.3,421.47,2128191,8969.73,45083,642354,30.18
KARMAENG,EQ,05-Oct-2026,36.33,35.8,36.6,34.0,36.0,35.9,35.39,9516,3.37,117,7157,75.21
KARNIKA,SM,05-Oct-2026,123.7,120.95,123.75,116.55,119.65,120.3,120.32,42000,50.53,26,23000,54.76
KARURVYSYA,EQ,05-Oct-2026,325.3,326.1,330.9,320.55,325.25,324.7,324.9,1950191,6336.19,58786,1017697,52.18
KATARIA,SM,05-Oct-2026,159.1,163.0,167.0,158.0,161.95,161.15,162.0,12600,20.41,20,9600,76.19
KAUSHALYA,BE,05-Oct-2026,834.0,825.0,834.0,805.0,834.0,813.35,810.41,33,0.27,11,-,-
KAVDEFENCE,BE,05-Oct-2026,77.6,77.67,81.48,77.6,81.48,81.48,80.89,143167,115.81,900,-,-
KAYA,BE,05-Oct-2026,298.15,292.05,310.0,292.05,303.0,306.7,305.44,2943,8.99,87,-,-
KAYNES,EQ,05-Oct-2026,3399.0,3433.0,3474.0,3371.0,3394.8,3394.8,3422.45,706676,24185.62,48063,120775,17.09
KAYTEX,SM,05-Oct-2026,55.4,57.85,57.85,57.75,57.75,57.75,57.8,1600,0.92,2,800,50.00
KCEIL,SM,05-Oct-2026,79.4,78.1,78.8,76.0,78.4,77.7,77.83,13000,10.12,25,10500,80.77
KCK,ST,05-Oct-2026,14.1,14.5,14.8,14.3,14.75,14.65,14.6,227500,33.22,57,207500,91.21
KCP,EQ,05-Oct-2026,154.17,154.99,158.69,153.01,155.8,155.61,155.4,159779,248.3,2470,91136,57.04
KCPSUGIND,BE,05-Oct-2026,26.71,26.6,27.0,25.38,25.38,25.42,25.98,187313,48.66,517,-,-
KDDL,EQ,05-Oct-2026,3911.2,3980.7,4032.6,3877.0,3935.0,3943.4,3931.56,28095,1104.57,5548,13793,49.09
KDGREEN,EQ,05-Oct-2026,46.76,49.7,49.7,46.81,48.0,48.29,48.25,19026,9.18,1253,3807,20.01
KDL,SM,05-Oct-2026,47.2,44.85,44.85,44.85,44.85,44.85,44.85,3450,1.55,18,3450,100.00
KEC,EQ,05-Oct-2026,372.35,374.9,380.7,369.0,369.0,370.55,373.78,489498,1829.66,19725,200646,40.99
KECL,EQ,05-Oct-2026,120.43,119.0,129.89,119.0,124.99,125.42,125.46,432446,542.56,8111,113773,26.31
KEEPLEARN,EQ,05-Oct-2026,1.84,1.87,1.87,1.72,1.8,1.79,1.79,22959,0.41,91,14666,63.88
KEI,EQ,05-Oct-2026,4502.0,4539.0,4652.8,4510.0,4638.2,4638.2,4624.81,275897,12759.72,24943,106203,38.49
KELLTONTEC,EQ,05-Oct-2026,12.42,12.5,12.87,12.12,12.19,12.18,12.29,1591415,195.66,4355,790699,49.69
KEN,SM,05-Oct-2026,40.0,40.0,42.25,40.0,42.25,42.25,40.56,4800,1.95,4,3600,75.00
KENNAMET,EQ,05-Oct-2026,4277.5,4346.7,4355.5,4162.3,4180.0,4193.7,4241.97,15124,641.55,3926,6762,44.71
KERNEX,EQ,05-Oct-2026,1643.5,1661.0,1677.9,1620.0,1660.0,1661.8,1648.22,104377,1720.37,10380,43838,42.00
KESORAMIND,EQ,05-Oct-2026,10.73,10.69,10.99,10.2,10.2,10.25,10.35,1053058,109.0,1748,536466,50.94
KEYFINSERV,EQ,05-Oct-2026,244.05,244.05,244.05,237.01,237.01,237.01,241.33,205,0.49,4,205,100.00
KFINTECH,EQ,05-Oct-2026,832.0,836.15,872.3,835.0,867.5,867.5,860.79,977572,8414.89,45768,408013,41.74
KHADIM,BE,05-Oct-2026,113.4,112.6,115.4,112.0,115.4,115.4,114.71,26480,30.38,61,-,-
KHAICHEM,EQ,05-Oct-2026,49.22,50.0,50.5,47.5,48.1,48.03,48.84,137074,66.94,1511,84639,61.75
KHAITANLTD,EQ,05-Oct-2026,147.19,146.46,148.97,142.4,146.0,144.31,145.62,970,1.41,53,593,61.13
KHANDSE,EQ,05-Oct-2026,16.76,16.71,17.69,16.35,17.2,16.92,16.83,3208,0.54,72,2771,86.38
KHERIAAUTO,ST,05-Oct-2026,96.5,97.45,98.0,91.7,91.7,91.7,92.62,87600,81.13,62,78000,89.04
KICL,EQ,05-Oct-2026,4693.2,4635.0,4774.0,4635.0,4700.5,4709.8,4703.62,1022,48.07,214,785,76.81
KILITCH,EQ,05-Oct-2026,218.51,229.0,248.3,220.0,232.05,233.74,235.27,246614,580.21,4940,94111,38.16
KIMS,EQ,05-Oct-2026,736.25,739.0,747.85,700.05,708.0,705.45,715.1,850822,6084.24,36235,479345,56.34
KINGFA,EQ,05-Oct-2026,6586.5,6586.0,6700.0,6528.5,6657.0,6669.0,6627.63,8689,575.87,2756,4851,55.83
KIOCL,EQ,05-Oct-2026,323.85,324.0,330.6,321.55,322.0,322.65,325.34,35861,116.67,2355,15481,43.17
KIRANVYPAR,EQ,05-Oct-2026,179.21,180.65,185.0,173.1,179.99,179.99,180.36,2295,4.14,86,2016,87.84
KIRIINDUS,EQ,05-Oct-2026,544.6,546.9,557.95,542.0,543.45,542.4,546.49,364409,1991.46,8899,176337,48.39
KIRLFER,EQ,05-Oct-2026,465.85,465.05,467.25,463.5,465.0,465.0,465.09,67483,313.86,1825,58998,87.43
KIRLOSBROS,EQ,05-Oct-2026,1767.6,1769.8,1790.6,1736.2,1745.0,1742.4,1752.29,29626,519.13,5197,11028,37.22
KIRLOSENG,EQ,05-Oct-2026,2242.7,2265.0,2339.7,2231.6,2248.9,2243.7,2275.92,511911,11650.67,58014,153976,30.08
KIRLOSIND,EQ,05-Oct-2026,3471.4,3470.0,3575.0,3434.0,3498.0,3467.0,3506.3,6729,235.94,1545,3469,51.55
KIRLPNU,EQ,05-Oct-2026,681.95,685.0,694.0,668.0,675.1,677.6,678.15,63113,428.0,8900,34669,54.93
KISSHT,EQ,05-Oct-2026,371.15,377.15,388.15,370.05,380.0,379.2,378.7,1755374,6647.53,39462,839064,47.80
KITEX,EQ,05-Oct-2026,116.68,118.65,123.63,117.2,117.3,118.02,119.78,568407,680.83,8019,146136,25.71
KJMCFIN,EQ,05-Oct-2026,58.38,58.09,61.0,57.51,58.25,58.25,58.19,32,0.02,10,22,68.75
KKCL,EQ,05-Oct-2026,475.65,487.0,487.0,455.6,472.95,470.4,462.31,76937,355.69,1642,58717,76.32
KKJEWELS,SM,05-Oct-2026,96.9,96.9,96.9,94.0,94.8,94.8,96.32,29000,27.93,16,26000,89.66
KLBRENG-B,EQ,05-Oct-2026,523.95,530.0,538.65,517.55,523.0,524.3,526.43,101469,534.17,4932,54796,54.00
KLL,ST,05-Oct-2026,38.0,39.25,39.9,38.25,39.9,39.25,39.5,38400,15.17,34,36800,95.83
KMCSHIL,EQ,05-Oct-2026,171.94,172.58,175.55,166.15,168.7,169.38,169.86,266436,452.58,6624,98248,36.87
KMEW,EQ,05-Oct-2026,2950.1,2950.0,3033.0,2921.7,2998.0,2992.5,2982.21,95247,2840.46,17643,44662,46.89
KMSUGAR,BE,05-Oct-2026,27.74,26.6,28.15,26.36,27.14,26.96,26.92,169637,45.67,647,-,-
KNACK,EQ,05-Oct-2026,180.67,181.05,189.99,175.0,189.0,188.91,183.3,3812054,6987.57,52595,1309670,34.36
KNAGRI,EQ,05-Oct-2026,200.5,204.98,210.0,198.0,202.0,198.83,202.4,3725,7.54,169,2176,58.42
KNRCON,EQ,05-Oct-2026,113.29,116.0,116.16,111.16,112.04,111.89,113.11,801628,906.76,12191,347738,43.38
KODYTECH,ST,05-Oct-2026,1518.9,1540.0,1594.0,1540.0,1570.0,1576.8,1580.31,27600,436.17,142,27300,98.91
KOHINOOR,EQ,05-Oct-2026,30.03,30.03,30.52,28.4,28.4,28.95,29.64,109794,32.54,2051,44562,40.59
KOKUYOCMLN,EQ,05-Oct-2026,74.77,76.55,76.55,74.0,76.0,75.82,75.03,25087,18.82,656,16908,67.40
KOLTEPATIL,EQ,05-Oct-2026,418.8,421.0,432.0,413.45,432.0,430.45,428.51,49735,213.12,3200,23278,46.80
KONSTELEC,ST,05-Oct-2026,53.65,52.5,52.5,51.0,51.0,51.0,51.29,9000,4.62,8,9000,100.00
KOPRAN,EQ,05-Oct-2026,282.05,285.3,288.0,267.35,268.3,268.7,274.33,401731,1102.05,7477,135007,33.61
KORE,ST,05-Oct-2026,183.8,188.0,191.0,184.5,191.0,191.0,188.8,6750,12.74,16,6750,100.00
KOTAKBANK,EQ,05-Oct-2026,418.35,418.0,424.45,413.75,416.0,416.0,418.24,21967652,91877.65,157580,14138771,64.36
KOTARISUG,BE,05-Oct-2026,25.68,25.25,26.2,25.25,25.99,25.83,25.79,15963,4.12,167,-,-
KOTHARIPET,EQ,05-Oct-2026,126.58,126.07,129.9,125.0,125.5,125.53,126.35,39985,50.52,1318,20882,52.22
KOTHARIPRO,EQ,05-Oct-2026,63.77,66.87,66.87,63.01,63.84,63.44,64.1,12826,8.22,135,6639,51.76
KOTIC,EQ,05-Oct-2026,147.1,147.09,151.5,144.0,147.0,148.68,148.28,11425,16.94,442,5413,47.38
KOTYARK,EQ,05-Oct-2026,28.23,28.75,29.5,27.81,28.0,28.26,28.63,145196,41.57,869,83999,57.85
KOVAI,EQ,05-Oct-2026,5993.5,6010.0,6034.5,5940.0,6010.0,5963.0,5982.39,4350,260.23,954,2430,55.86
KPEL,EQ,05-Oct-2026,218.0,217.2,222.37,211.12,213.8,213.74,215.62,293880,633.68,7903,120214,40.91
KPIGREEN,EQ,05-Oct-2026,345.6,345.6,348.9,320.0,322.3,321.85,329.61,1547466,5100.6,35689,554370,35.82
KPIL,EQ,05-Oct-2026,1356.4,1357.0,1396.6,1356.4,1375.1,1378.8,1381.01,130981,1808.86,22422,68650,52.41
KPITTECH,EQ,05-Oct-2026,492.0,499.85,508.95,489.0,489.5,489.5,497.48,1394781,6938.77,28123,401910,28.82
KPL,EQ,05-Oct-2026,3564.4,3564.0,3664.0,3529.0,3635.0,3644.2,3618.13,23020,832.89,4882,11157,48.47
KPRMILL,EQ,05-Oct-2026,1071.0,1072.0,1080.4,1052.0,1073.9,1072.6,1069.35,109665,1172.71,11011,40300,36.75
KRBL,EQ,05-Oct-2026,375.9,375.9,384.2,375.0,381.55,382.15,380.5,178218,678.12,9868,75608,42.42
KREBSBIO,EQ,05-Oct-2026,68.05,66.12,67.0,62.2,64.0,63.96,64.72,100565,65.08,1297,50947,50.66
KRIDHANINF,EQ,05-Oct-2026,1.85,1.85,1.93,1.83,1.93,1.89,1.89,34177,0.65,58,31517,92.22
KRISHANA,EQ,05-Oct-2026,184.59,186.2,186.53,178.41,186.2,185.83,183.56,1043482,1915.42,10608,494762,47.41
KRISHCA,SM,05-Oct-2026,215.75,209.5,212.65,202.0,204.85,203.65,206.01,21000,43.26,38,14500,69.05
KRISHIVAL,EQ,05-Oct-2026,394.5,399.0,414.2,399.0,408.5,406.5,403.35,21443,86.49,483,14055,65.55
KRISHNADEF,EQ,05-Oct-2026,1000.9,1020.0,1201.0,1006.8,1201.0,1201.0,1162.02,1437610,16705.27,69385,289749,20.15
KRITI,EQ,05-Oct-2026,60.77,62.0,62.0,58.12,60.99,60.92,59.78,3625,2.17,129,2682,73.99
KRITIKA,EQ,05-Oct-2026,4.91,4.91,5.04,4.69,4.81,4.78,4.87,171751,8.36,566,100410,58.46
KRITINUT,EQ,05-Oct-2026,66.53,68.74,69.85,66.55,69.85,69.26,68.54,18547,12.71,373,14121,76.14
KRMAYURVED,SM,05-Oct-2026,284.4,281.95,281.95,266.0,270.5,271.9,271.17,177000,479.97,153,90000,50.85
KRN,EQ,05-Oct-2026,1414.7,1426.0,1441.1,1373.0,1393.0,1392.7,1410.0,222245,3133.64,18451,128091,57.64
KRONOX,BE,05-Oct-2026,205.77,213.0,213.0,195.49,199.8,196.81,201.86,87005,175.63,813,-,-
KROSS,EQ,05-Oct-2026,258.4,260.0,264.15,252.1,253.5,253.6,256.18,413785,1060.04,9088,164564,39.77
KRSNAA,EQ,05-Oct-2026,554.85,555.0,564.1,551.3,560.35,559.35,558.53,50372,281.35,5216,31708,62.95
KRT,RR,05-Oct-2026,112.14,113.0,113.0,112.2,112.84,112.57,112.56,852071,959.11,9979,717118,84.16
KRYSTAL,EQ,05-Oct-2026,610.2,607.0,683.95,607.0,651.1,654.65,651.12,41594,270.83,2229,16472,39.60
KSB,EQ,05-Oct-2026,806.45,806.45,822.0,800.0,807.0,803.95,809.9,168361,1363.55,11072,59151,35.13
KSCL,EQ,05-Oct-2026,715.1,722.55,726.0,698.0,702.9,701.55,706.13,106240,750.19,5819,40533,38.15
KSE,EQ,05-Oct-2026,174.84,177.01,177.01,173.0,174.0,174.6,174.53,12774,22.29,222,10816,84.67
KSHINTL,EQ,05-Oct-2026,1028.2,1031.6,1079.5,1027.3,1037.8,1036.7,1051.74,320170,3367.37,24540,129624,40.49
KSHITIJPOL,BE,05-Oct-2026,3.94,3.75,3.75,3.75,3.75,3.75,3.75,681473,25.56,452,-,-
KSL,EQ,05-Oct-2026,913.0,913.0,932.85,910.05,922.9,921.3,922.26,52793,486.89,4200,24778,46.93
KSOLVES,EQ,05-Oct-2026,241.14,244.14,251.0,243.0,247.8,248.86,247.0,42315,104.52,1702,18957,44.80
KSR,BE,05-Oct-2026,37.38,37.38,38.9,37.38,38.45,38.35,38.31,9977,3.82,39,-,-
KTKBANK,EQ,05-Oct-2026,321.6,325.0,329.9,322.3,326.1,326.75,325.94,1078432,3515.0,20439,595879,55.25
KUANTUM,EQ,05-Oct-2026,76.71,77.05,78.8,75.01,75.7,76.43,76.95,126357,97.23,3367,52984,41.93
KUSUMGAR,EQ,05-Oct-2026,592.55,600.6,608.9,593.0,608.9,602.0,600.03,509173,3055.21,16192,400689,78.69
KWIL,EQ,05-Oct-2026,38.36,38.73,39.22,37.71,37.75,37.88,38.26,7027970,2688.64,26191,3328664,47.36
LADDERUP,BE,05-Oct-2026,50.27,51.28,52.69,51.28,52.16,52.16,52.36,387,0.2,11,-,-
LAGNAM,EQ,05-Oct-2026,71.9,71.9,72.5,69.81,71.1,71.1,70.72,2247,1.59,49,1796,79.93
LAHOTIOV,EQ,05-Oct-2026,39.26,38.95,40.0,38.9,40.0,39.98,39.19,479,0.19,10,372,77.66
LAKPRE,BZ,05-Oct-2026,5.25,5.25,5.25,5.25,5.25,5.25,5.25,299,0.02,2,-,-
LAKSHMIMIL,EQ,05-Oct-2026,7819.5,7917.5,7996.5,7505.0,7855.0,7855.0,7856.21,17,1.34,13,14,82.35
LAKSHYA,SM,05-Oct-2026,101.95,101.0,101.0,97.0,97.0,97.05,98.39,20000,19.68,20,16000,80.00
LAL,EQ,05-Oct-2026,8.45,8.31,8.59,8.31,8.45,8.45,8.45,20120,1.7,102,13190,65.56
LALITHAA,EQ,05-Oct-2026,387.85,390.8,406.0,385.65,393.25,392.6,395.68,3852094,15242.14,42701,1322440,34.33
LALPATHLAB,EQ,05-Oct-2026,2005.1,2005.9,2026.0,1960.0,1969.0,1971.3,1980.57,350211,6936.17,43051,233494,66.67
LAMBODHARA,EQ,05-Oct-2026,128.64,130.0,135.0,125.5,126.5,126.51,130.07,20982,27.29,435,8083,38.52
LAMOSAIC,ST,05-Oct-2026,47.35,47.1,47.3,45.0,47.3,47.3,46.74,77400,36.18,43,73800,95.35
LANCER,EQ,05-Oct-2026,11.05,11.34,11.34,11.05,11.19,11.15,11.19,101261,11.33,536,69708,68.84
LANCORHOL,BE,05-Oct-2026,31.59,31.44,33.0,31.0,32.4,31.22,31.9,51866,16.55,214,-,-
LANDMARK,EQ,05-Oct-2026,463.25,465.0,475.0,456.0,474.0,470.7,467.91,196654,920.17,7947,63173,32.12
LANDSMILL,EQ,05-Oct-2026,1.05,1.08,1.14,0.98,1.04,1.03,1.06,20241917,215.39,4560,10687004,52.80
LAOPALA,EQ,05-Oct-2026,156.11,156.5,159.53,154.0,154.5,154.47,156.1,96190,150.16,3619,54694,56.86
LARGEMID50,EQ,05-Oct-2026,34.05,34.23,34.4,34.15,34.31,34.31,34.17,11746,4.01,22,11475,97.69
LASA,BE,05-Oct-2026,5.6,5.32,5.32,5.32,5.32,5.32,5.32,59554,3.17,124,-,-
LASERPOWER,EQ,05-Oct-2026,262.75,267.55,270.0,258.0,267.15,267.75,264.91,523993,1388.12,9949,265949,50.75
LATENTVIEW,EQ,05-Oct-2026,234.48,238.0,245.0,233.49,235.0,235.68,236.26,521787,1232.75,7337,328716,63.00
LATTEYS,EQ,05-Oct-2026,20.91,20.91,21.43,20.36,20.4,20.4,20.65,23814,4.92,187,17461,73.32
LAURUSLABS,EQ,05-Oct-2026,1984.0,1994.0,2002.0,1955.1,1971.4,1971.4,1970.23,1374138,27073.74,63463,637810,46.42
LAXMICOT,EQ,05-Oct-2026,13.3,13.3,13.3,12.71,13.11,12.91,13.0,13776,1.79,92,11482,83.35
LAXMIDENTL,EQ,05-Oct-2026,193.87,195.76,200.0,189.0,189.0,190.54,192.32,40315,77.53,1403,17835,44.24
LAXMIINDIA,EQ,05-Oct-2026,119.02,118.11,121.19,112.1,113.04,112.94,115.11,134952,155.34,2588,79223,58.70
LCCINFOTEC,BE,05-Oct-2026,3.9,3.99,4.08,3.71,3.71,3.71,3.8,34658,1.32,132,-,-
LCCPROJECT,EQ,05-Oct-2026,151.47,152.0,152.53,145.56,148.7,148.44,148.93,698915,1040.91,8210,334446,47.85
LCL,EQ,05-Oct-2026,553.6,555.0,585.0,555.0,582.3,578.95,574.86,422841,2430.74,28163,219215,51.84
LEAPIND,EQ,05-Oct-2026,137.03,137.5,144.9,137.5,142.3,141.35,142.48,2945969,4197.33,38975,1289718,43.78
LEENEE,BE,05-Oct-2026,7.59,7.58,7.7,7.22,7.47,7.49,7.46,5617,0.42,59,-,-
LEMERITE,EQ,05-Oct-2026,19.28,19.9,20.18,18.73,19.84,20.04,19.85,177611,35.26,342,102966,57.97
LEMONTREE,EQ,05-Oct-2026,107.67,108.18,108.64,106.8,107.7,107.86,107.68,3295164,3548.35,32597,1642223,49.84
LENSKART,EQ,05-Oct-2026,691.15,691.5,697.95,676.3,691.9,692.75,687.04,2961163,20344.48,70424,1558746,52.64
LEXUS,EQ,05-Oct-2026,10.56,11.0,11.15,10.15,10.52,10.81,10.67,22196,2.37,219,18432,83.04
LFIC,EQ,05-Oct-2026,133.82,129.01,132.0,127.6,128.99,128.62,130.04,1828,2.38,111,758,41.47
LGBBROSLTD,EQ,05-Oct-2026,1711.1,1700.0,1716.8,1650.0,1664.0,1663.5,1683.8,27779,467.74,4025,15887,57.19
LGEINDIA,EQ,05-Oct-2026,1721.8,1715.0,1825.0,1715.0,1780.0,1770.9,1798.43,3145126,56563.0,166478,1291756,41.07
LGHL,EQ,05-Oct-2026,219.47,220.0,230.0,211.0,215.25,213.99,219.49,49302,108.21,817,23711,48.09
LIBAS,EQ,05-Oct-2026,11.29,11.06,11.58,11.06,11.16,11.21,11.35,16049,1.82,126,11561,72.04
LIBERTSHOE,EQ,05-Oct-2026,216.78,217.87,219.94,211.01,212.88,212.42,214.11,20788,44.51,1061,12646,60.83
LICHSGFIN,EQ,05-Oct-2026,509.0,513.5,514.9,501.9,505.0,505.0,507.32,1495045,7584.6,26024,643737,43.06
LICI,EQ,05-Oct-2026,391.85,392.5,394.8,385.5,388.7,388.7,388.61,6242567,24259.23,73609,3561329,57.05
LICMFGOLD,EQ,05-Oct-2026,132.25,132.65,132.75,131.45,132.3,132.35,132.09,231361,305.61,848,179422,77.55
LICNETFGSC,EQ,05-Oct-2026,28.93,28.62,29.09,28.62,29.0,28.99,28.94,279273,80.81,207,278079,99.57
LICNETFN50,EQ,05-Oct-2026,253.45,254.88,255.51,252.63,254.25,254.27,254.67,720,1.83,65,692,96.11
LICNETFSEN,EQ,05-Oct-2026,827.0,827.0,827.0,805.14,822.49,822.49,821.61,42,0.35,16,28,66.67
LICNFNHGP,EQ,05-Oct-2026,265.23,266.55,266.65,256.6,266.65,261.09,260.14,427,1.11,40,305,71.43
LICNMID100,EQ,05-Oct-2026,58.64,59.38,60.09,57.98,59.0,59.48,59.17,6218,3.68,181,4500,72.37
LIKHITHA,EQ,05-Oct-2026,225.62,223.67,232.8,223.0,224.5,227.43,226.17,34535,78.11,1190,18223,52.77
LINC,EQ,05-Oct-2026,86.54,87.0,88.65,85.55,88.6,87.53,86.89,17881,15.54,568,9770,54.64
LINCOLN,EQ,05-Oct-2026,582.05,582.35,589.45,565.0,565.05,567.2,573.92,28961,166.21,1832,14171,48.93
LINDEINDIA,EQ,05-Oct-2026,6247.5,6247.0,6322.5,5991.0,6059.0,6041.0,6079.13,43746,2659.37,9596,22235,50.83
LIQGRWBEES,EQ,05-Oct-2026,1058.04,1058.04,1058.18,1058.04,1058.16,1058.17,1058.17,198604,2101.56,515,100181,50.44
LIQUID,EQ,05-Oct-2026,999.99,1000.01,1004.99,999.99,1000.0,999.99,1000.0,91304,913.04,177,54494,59.68
LIQUID1,EQ,05-Oct-2026,1125.4,1134.7,1134.7,1122.15,1125.54,1125.52,1125.53,1786966,20112.85,1262,1008885,56.46
LIQUIDADD,EQ,05-Oct-2026,1147.56,1147.71,1147.73,1147.71,1147.71,1147.71,1147.72,531162,6096.24,347,335962,63.25
LIQUIDBEES,EQ,05-Oct-2026,999.99,1000.0,1000.01,999.99,999.99,999.99,1000.0,3997499,39974.83,5361,3452887,86.38
LIQUIDBETF,EQ,05-Oct-2026,1101.46,1098.15,1101.89,1097.89,1101.62,1101.63,1101.58,309760,3412.24,133,231280,74.66
LIQUIDCASE,EQ,05-Oct-2026,116.2,116.24,116.24,116.22,116.23,116.22,116.23,35961368,41798.4,33350,25576682,71.12
LIQUIDETF,EQ,05-Oct-2026,1000.0,1000.0,1000.01,999.99,1000.0,1000.0,1000.0,319149,3191.49,482,234377,73.44
LIQUIDIETF,EQ,05-Oct-2026,999.99,997.5,1000.01,997.5,1000.0,999.99,999.99,138417,1384.16,221,79216,57.23
LIQUIDPLUS,EQ,05-Oct-2026,1105.97,1106.9,1109.8,1104.86,1106.12,1106.1,1106.11,428967,4744.85,321,195809,45.65
LIQUIDSBI,EQ,05-Oct-2026,1000.0,999.99,1000.01,999.99,1000.01,1000.01,1000.0,9649,96.49,48,5347,55.42
LIQUIDSHRI,EQ,05-Oct-2026,1124.12,1124.28,1124.28,1124.26,1124.28,1124.28,1124.27,3644,40.97,31,1540,42.26
LKPSEC,EQ,05-Oct-2026,14.56,14.6,14.7,14.0,14.16,14.26,14.15,7059,1.0,140,5193,73.57
LLOYDS,SM,05-Oct-2026,59.45,56.6,62.0,56.5,62.0,62.0,60.8,11000,6.69,8,8000,72.73
LLOYDSENGG,EQ,05-Oct-2026,98.31,99.35,103.4,98.75,102.55,102.2,101.71,20393622,20743.04,88806,7213904,35.37
LLOYDSENT,EQ,05-Oct-2026,77.95,77.17,80.8,77.17,79.6,79.63,79.74,3820423,3046.28,21141,1639121,42.90
LLOYDSME,EQ,05-Oct-2026,1776.8,1780.1,1818.0,1780.1,1798.0,1802.5,1804.45,781537,14102.44,25489,370278,47.38
LMW,EQ,05-Oct-2026,16548.0,16465.0,16625.0,16301.0,16500.0,16530.0,16494.84,2863,472.25,1328,1409,49.21
LODHA,EQ,05-Oct-2026,1105.6,1102.6,1140.2,1101.8,1132.5,1132.5,1127.96,1495653,16870.35,41270,920659,61.56
LOKESHMACH,EQ,05-Oct-2026,400.8,407.0,451.0,393.6,440.0,446.25,432.24,1537872,6647.28,44932,368964,23.99
LORDSCHLO,EQ,05-Oct-2026,138.81,138.9,141.9,136.0,137.99,137.66,139.18,11752,16.36,443,7021,59.74
LOTUSCHO,EQ,05-Oct-2026,540.35,565.85,565.85,526.1,530.0,536.8,539.91,1183,6.39,278,664,56.13
LOTUSDEV,BE,05-Oct-2026,230.07,234.0,240.4,227.9,236.48,237.89,233.08,3260516,7599.49,5972,-,-
LOTUSEYE,EQ,05-Oct-2026,115.68,116.0,117.9,114.6,115.77,115.61,115.23,3544,4.08,110,2586,72.97
LOVABLE,EQ,05-Oct-2026,68.29,70.0,70.4,68.41,68.99,68.8,69.22,6735,4.66,136,5867,87.11
LOWVOL,EQ,05-Oct-2026,191.67,195.5,195.5,191.36,192.21,192.2,191.99,1347,2.59,26,822,61.02
LOWVOL1,EQ,05-Oct-2026,19.71,19.21,19.82,19.21,19.54,19.58,19.64,2819220,553.71,12407,2577696,91.43
LOWVOLIETF,EQ,05-Oct-2026,20.58,20.81,20.81,20.47,20.47,20.56,20.56,2604899,535.46,14704,2012868,77.27
LOYALTEX,EQ,05-Oct-2026,207.5,207.5,207.5,206.5,206.5,206.5,206.63,116,0.24,8,116,100.00
LPDC,EQ,05-Oct-2026,6.21,6.41,6.41,6.2,6.22,6.3,6.27,13911,0.87,173,10713,77.01
LRRPL,SM,05-Oct-2026,109.95,106.0,106.0,106.0,106.0,106.0,106.0,1500,1.59,1,1500,100.00
LT,EQ,05-Oct-2026,3693.4,3717.0,3750.0,3707.8,3750.0,3750.0,3727.45,2323437,86605.0,107385,1647674,70.92
LTF,EQ,05-Oct-2026,264.35,267.55,267.7,263.0,263.75,263.75,264.53,4100927,10848.38,44221,1699919,41.45
LTFOODS,EQ,05-Oct-2026,399.15,399.0,408.5,397.1,405.0,405.8,402.91,370391,1492.34,22195,189550,51.18
LTGILTBEES,EQ,05-Oct-2026,29.49,29.48,29.54,29.46,29.5,29.49,29.48,2067997,609.67,1000,1988926,96.18
LTGILTCASE,EQ,05-Oct-2026,30.07,30.67,30.67,29.47,30.08,30.09,30.07,283705,85.32,904,228364,80.49
LTM,EQ,05-Oct-2026,4007.0,4031.0,4073.0,3946.2,4010.0,4010.0,4005.8,216279,8663.71,20151,53478,24.73
LTTS,EQ,05-Oct-2026,3267.8,3305.1,3305.8,3201.0,3215.0,3219.5,3240.55,62578,2027.87,16302,19439,31.06
LUMAXIND,EQ,05-Oct-2026,5550.0,5504.5,5595.5,5430.0,5460.0,5439.0,5492.96,7726,424.39,3326,3598,46.57
LUMAXTECH,EQ,05-Oct-2026,1978.9,1955.0,2001.1,1948.0,1969.0,1967.6,1972.8,60434,1192.24,10645,22099,36.57
LUMINO,EQ,05-Oct-2026,96.48,98.4,100.68,97.54,99.48,98.88,99.22,5684052,5639.61,32053,1565634,27.54
LUPIN,EQ,05-Oct-2026,2031.2,2015.4,2029.0,1996.3,2011.0,2011.0,2009.11,571495,11481.94,30478,322745,56.47
LUXIND,EQ,05-Oct-2026,1092.0,1092.0,1220.0,1092.0,1158.0,1183.9,1163.89,58898,685.51,4562,18254,30.99
LXCHEM,EQ,05-Oct-2026,181.39,182.0,183.94,176.8,177.02,177.08,179.64,843634,1515.47,15847,335201,39.73
LYKALABS,BE,05-Oct-2026,81.55,81.6,82.98,77.48,77.48,77.48,78.25,36896,28.87,162,-,-
M&M,EQ,05-Oct-2026,2860.0,2857.5,2874.0,2825.1,2857.6,2857.6,2850.8,3307236,94282.72,151408,2062573,62.37
M&MFIN,EQ,05-Oct-2026,319.75,324.7,340.3,321.0,324.9,326.2,330.85,3956735,13090.69,88162,1378389,34.84
MAANALU,EQ,05-Oct-2026,99.34,103.4,106.5,101.1,105.0,104.98,104.89,139433,146.25,1948,99535,71.39
MACOBSTECH,SM,05-Oct-2026,199.5,195.0,202.0,195.0,202.0,202.0,198.66,38400,76.29,10,34400,89.58
MACPOWER,EQ,05-Oct-2026,2144.8,2180.0,2251.0,2121.0,2169.9,2160.5,2187.14,64476,1410.18,8089,23236,36.04
MADHAV,EQ,05-Oct-2026,34.49,34.49,35.19,33.7,34.47,34.08,34.03,5497,1.87,95,3920,71.31
MADHAVBAUG,ST,05-Oct-2026,177.55,179.7,179.7,173.4,173.4,173.4,177.2,1600,2.84,4,1200,75.00
MADHAVIPL,EQ,05-Oct-2026,7.31,7.32,7.39,7.13,7.29,7.26,7.28,54097,3.94,356,38646,71.44
MADHUCON,EQ,05-Oct-2026,3.99,3.99,4.1,3.84,3.85,3.88,3.89,32001,1.24,1153,30794,96.23
MADHURKNIT,SM,05-Oct-2026,56.85,58.45,59.6,55.0,55.05,55.8,56.88,37200,21.16,29,31200,83.87
MADHUSUDAN,ST,05-Oct-2026,234.65,235.0,235.0,234.0,235.0,235.0,234.81,7000,16.44,7,7000,100.00
MADRASFERT,EQ,05-Oct-2026,57.46,57.26,58.49,57.26,57.99,57.61,57.64,26788,15.44,601,15452,57.68
MAFANG,EQ,05-Oct-2026,248.21,254.41,261.0,248.21,260.4,259.42,256.61,1391400,3570.49,31123,751707,54.03
MAFATIND,EQ,05-Oct-2026,114.38,115.0,116.73,106.41,108.8,109.26,110.83,85412,94.66,1833,60636,70.99
MAGADSUGAR,EQ,05-Oct-2026,511.75,513.0,558.95,513.0,541.9,539.4,541.98,93292,505.63,6654,18304,19.62
MAGNUM,EQ,05-Oct-2026,18.62,18.36,18.99,17.92,18.22,18.26,18.42,36427,6.71,231,13152,36.11
MAGSON,SM,05-Oct-2026,179.35,180.2,185.5,180.2,185.5,185.5,184.53,6000,11.07,3,6000,100.00
MAHABANK,EQ,05-Oct-2026,80.5,81.01,82.4,79.85,80.9,80.9,81.09,13114830,10635.29,44761,5729640,43.69
MAHAPEXLTD,EQ,05-Oct-2026,50.18,53.3,53.3,50.12,50.38,50.46,51.35,2377,1.22,95,1667,70.13
MAHASTEEL,BE,05-Oct-2026,1182.5,1179.9,1195.0,1139.0,1139.2,1167.1,1156.11,877,10.14,95,-,-
MAHEPC,EQ,05-Oct-2026,96.3,96.3,98.0,96.3,96.8,96.75,96.88,5017,4.86,249,3301,65.80
MAHESHWARI,EQ,05-Oct-2026,69.95,70.0,73.0,70.0,73.0,72.48,72.15,11965,8.63,81,11391,95.20
MAHICKRA,SM,05-Oct-2026,289.0,280.0,280.0,280.0,280.0,280.0,280.0,2250,6.3,3,2250,100.00
MAHKTECH,EQ,05-Oct-2026,21.58,22.11,22.15,21.5,22.0,21.99,21.89,703152,153.94,7530,526882,74.93
MAHLIFE,EQ,05-Oct-2026,351.15,351.5,358.5,346.75,351.6,351.1,350.96,150642,528.69,3433,112178,74.47
MAHLOG,EQ,05-Oct-2026,416.4,416.75,419.4,405.25,405.25,406.75,410.56,140897,578.47,9123,62755,44.54
MAHSCOOTER,EQ,05-Oct-2026,12380.0,12441.0,12622.0,12353.0,12402.0,12507.0,12513.82,5117,640.33,2605,2473,48.33
MAHSEAMLES,EQ,05-Oct-2026,698.75,700.0,705.95,680.55,687.5,685.05,687.3,197651,1358.46,11981,94606,47.87
MAITHANALL,EQ,05-Oct-2026,927.0,927.0,930.0,904.5,904.5,905.6,909.85,35121,319.55,2965,19702,56.10
MAJESAUT,BE,05-Oct-2026,366.2,375.0,375.0,360.05,369.9,365.8,369.09,867,3.2,66,-,-
MAKEINDIA,EQ,05-Oct-2026,154.68,156.23,156.23,153.9,154.49,154.82,154.78,122521,189.64,833,108402,88.48
MAKERSL,EQ,05-Oct-2026,183.5,180.5,187.49,175.0,179.95,177.4,180.68,822,1.49,46,627,76.28
MAKS,SM,05-Oct-2026,14.25,14.95,14.95,14.95,14.95,14.95,14.95,1500,0.22,1,1500,100.00
MAL,ST,05-Oct-2026,41.0,39.05,39.5,38.95,39.05,39.05,39.12,19200,7.51,12,19200,100.00
MALLCOM,EQ,05-Oct-2026,935.2,920.1,939.85,910.1,910.25,911.65,916.52,6306,57.8,391,4228,67.05
MALUPAPER,EQ,05-Oct-2026,31.04,31.01,32.85,30.7,31.05,31.19,31.38,16905,5.31,118,13685,80.95
MAMATA,EQ,05-Oct-2026,399.9,403.0,405.9,392.8,403.9,402.95,400.29,57051,228.37,3139,29963,52.52
MANAKALUCO,EQ,05-Oct-2026,33.76,34.95,34.95,33.5,33.65,33.66,33.99,33520,11.39,382,24276,72.42
MANAKCOAT,EQ,05-Oct-2026,126.59,129.7,129.98,125.1,126.0,126.17,127.72,157959,201.74,2467,81324,51.48
MANAKSIA,EQ,05-Oct-2026,59.56,60.0,60.68,57.4,57.48,57.99,58.99,44933,26.51,1380,27773,61.81
MANAKSTEEL,BE,05-Oct-2026,108.89,108.89,108.89,103.45,104.0,103.7,105.25,19076,20.08,172,-,-
MANALIPETC,EQ,05-Oct-2026,78.15,80.53,91.9,80.1,88.21,87.19,87.65,30033782,26323.19,149135,2751887,9.16
MANAPPURAM,EQ,05-Oct-2026,308.9,311.0,314.45,308.55,310.7,310.7,311.02,3951162,12288.83,28549,2017810,51.07
MANAV,SM,05-Oct-2026,40.75,38.75,38.75,38.75,38.75,38.75,38.75,4000,1.55,1,4000,100.00
MANBA,EQ,05-Oct-2026,139.01,142.49,143.5,138.24,138.5,138.6,139.05,86785,120.68,677,49904,57.50
MANCREDIT,EQ,05-Oct-2026,218.97,217.25,223.5,215.85,221.9,221.1,220.51,128353,283.03,1133,14298,11.14
MANGALAM,EQ,05-Oct-2026,29.15,29.8,30.12,28.0,29.49,29.19,29.17,52253,15.24,413,38964,74.57
MANGLMCEM,EQ,05-Oct-2026,984.65,984.0,1007.4,974.2,990.0,990.8,985.67,85465,842.4,4508,59820,69.99
MANIKA,BE,05-Oct-2026,41.98,41.98,43.5,41.0,43.01,43.11,42.75,672015,287.31,1800,-,-
MANILAM,SM,05-Oct-2026,38.0,36.2,37.8,36.0,36.0,36.0,36.62,18000,6.59,9,14000,77.78
MANINDS,EQ,05-Oct-2026,921.55,931.0,940.0,883.1,893.0,888.25,905.11,452708,4097.49,21882,171566,37.90
MANINFRA,EQ,05-Oct-2026,124.3,124.9,126.36,122.07,123.28,123.78,124.19,1016360,1262.21,7625,318932,31.38
MANIPALHOS,EQ,05-Oct-2026,696.0,696.0,701.3,662.35,666.95,667.0,678.47,780056,5292.41,36421,425381,54.53
MANKIND,EQ,05-Oct-2026,2535.0,2533.1,2539.3,2464.7,2479.0,2479.0,2501.43,527032,13183.35,40275,307700,58.38
MANOMAY,EQ,05-Oct-2026,240.08,240.0,245.0,233.0,235.0,237.09,237.53,248015,589.11,9502,37066,14.95
MANORAMA,EQ,05-Oct-2026,1880.3,1880.3,1959.0,1879.9,1946.0,1944.9,1930.88,299321,5779.52,32915,115799,38.69
MANORG,EQ,05-Oct-2026,436.8,449.7,449.95,424.0,435.35,432.3,437.39,2059,9.01,299,1207,58.62
MANUFGBEES,EQ,05-Oct-2026,153.68,154.01,154.01,152.22,153.6,153.14,152.93,6521,9.97,414,5570,85.42
MANUGRAPH,BE,05-Oct-2026,16.46,16.69,16.69,15.64,16.38,16.3,16.1,61654,9.93,131,-,-
MANYAVAR,EQ,05-Oct-2026,519.2,522.6,527.9,507.65,520.75,521.3,516.19,917319,4735.07,13940,772977,84.26
MAPMYINDIA,EQ,05-Oct-2026,845.75,854.45,880.0,853.05,873.1,873.4,866.36,124043,1074.66,10872,42962,34.63
MARALOVER,EQ,05-Oct-2026,57.7,58.01,61.0,57.1,57.5,57.59,58.26,5615,3.27,151,4131,73.57
MARATHON,EQ,05-Oct-2026,388.1,396.5,396.5,377.1,377.1,380.3,381.98,43023,164.34,2035,24363,56.63
MARC,ST,05-Oct-2026,144.95,138.25,144.0,137.75,138.25,141.4,140.52,14400,20.23,12,10800,75.00
MARCO,SM,05-Oct-2026,29.95,30.95,30.95,29.0,29.0,29.0,30.17,7500,2.26,4,7500,100.00
MARICO,EQ,05-Oct-2026,781.35,783.7,814.0,780.0,790.0,790.0,792.12,3353838,26566.52,96148,1877095,55.97
MARINE,EQ,05-Oct-2026,436.55,441.0,474.9,441.0,468.0,469.15,464.16,5426250,25186.41,119828,1358253,25.03
MARKOLINES,EQ,05-Oct-2026,167.26,169.76,173.0,167.45,169.0,169.29,170.45,308259,525.43,1947,29920,9.71
MARKSANS,EQ,05-Oct-2026,325.6,327.2,333.0,324.6,330.0,331.65,329.86,1566583,5167.52,36150,784986,50.11
MARSONS,EQ,05-Oct-2026,114.26,114.8,117.8,113.4,113.5,114.3,114.43,1836935,2102.09,8552,1199353,65.29
MARUSHIKA,SM,05-Oct-2026,117.0,111.05,117.0,111.05,116.0,116.0,115.75,9600,11.11,5,8400,87.50
MARUTI,EQ,05-Oct-2026,11386.0,11386.0,11544.0,11305.0,11532.0,11532.0,11442.39,757171,86638.48,72846,489432,64.64
MASFIN,EQ,05-Oct-2026,272.85,272.4,276.95,266.55,267.95,267.75,269.68,115766,312.19,5853,67318,58.15
MASKINVEST,EQ,05-Oct-2026,143.41,149.9,149.9,142.37,142.37,142.37,143.67,83,0.12,12,79,95.18
MASON,SM,05-Oct-2026,105.0,100.0,105.9,100.0,103.6,103.55,103.41,9000,9.31,13,6500,72.22
MASPTOP50,EQ,05-Oct-2026,101.54,104.07,110.0,101.8,106.35,107.09,106.41,1456667,1550.1,18827,714172,49.03
MASTEK,EQ,05-Oct-2026,1555.6,1591.4,1633.9,1590.0,1604.0,1608.2,1612.87,118393,1909.52,14182,44391,37.49
MASTER,SM,05-Oct-2026,404.0,409.0,416.0,401.0,416.0,408.5,410.2,2500,10.26,5,2000,80.00
MASTERTR,EQ,05-Oct-2026,81.66,81.66,83.22,80.68,81.5,81.13,81.7,200223,163.58,1581,46233,23.09
MATRIMONY,EQ,05-Oct-2026,497.0,506.95,518.0,485.6,512.25,514.05,498.6,11558,57.63,932,8039,69.55
MAWANASUG,EQ,05-Oct-2026,138.84,139.48,151.0,139.48,145.68,145.96,146.83,597094,876.72,9034,162944,27.29
MAXESTATES,EQ,05-Oct-2026,566.25,573.8,576.15,557.85,565.0,563.4,566.27,70328,398.24,5439,35658,50.70
MAXHEALTH,EQ,05-Oct-2026,940.95,937.4,939.8,912.0,917.0,917.0,922.42,3127962,28852.84,123436,1713300,54.77
MAXIND,EQ,05-Oct-2026,162.78,161.97,161.97,149.01,151.2,150.13,153.91,68553,105.51,2576,31917,46.56
MAXPOSURE,SM,05-Oct-2026,36.0,36.0,36.05,36.0,36.0,36.0,36.01,4000,1.44,3,4000,100.00
MAXVOLT,SM,05-Oct-2026,425.05,428.1,436.95,410.5,420.0,419.95,420.44,61600,258.99,137,40000,64.94
MAYASHEEL,SM,05-Oct-2026,36.55,34.8,35.0,32.8,32.8,32.9,34.18,24000,8.2,7,18000,75.00
MAYURUNIQ,EQ,05-Oct-2026,711.55,715.4,718.45,694.3,711.9,706.55,705.64,98146,692.56,12991,55290,56.33
MAZDA,BE,05-Oct-2026,288.15,284.0,294.45,281.0,281.0,282.9,284.7,18727,53.32,245,-,-
MAZDOCK,EQ,05-Oct-2026,2064.0,2075.0,2093.9,2055.4,2074.0,2074.0,2075.84,364228,7560.81,25165,113430,31.14
MBAPL,EQ,05-Oct-2026,165.83,168.31,168.31,160.5,162.79,163.66,162.84,719951,1172.39,8420,363429,50.48
MBECL,BE,05-Oct-2026,494.0,503.85,503.85,503.85,503.85,503.85,503.85,2932,14.77,88,-,-
MBEL,EQ,05-Oct-2026,251.75,256.08,257.15,246.0,247.0,247.63,249.39,91048,227.06,4499,53098,58.32
MBLINFRA,EQ,05-Oct-2026,23.11,23.5,24.2,22.5,24.2,23.9,23.47,28371,6.66,256,19514,68.78
MCCHRLS-B,EQ,05-Oct-2026,690.0,695.0,695.0,645.0,670.0,683.15,666.86,713,4.75,50,570,79.94
MCL,EQ,05-Oct-2026,54.64,55.73,55.98,51.15,52.21,52.08,52.99,105418,55.86,2140,66959,63.52
MCLEODRUSS,EQ,05-Oct-2026,42.51,42.0,42.99,41.2,41.45,41.58,42.17,120678,50.89,875,67668,56.07
MCLOUD,EQ,05-Oct-2026,24.25,24.74,24.77,24.08,24.7,24.54,24.48,1090964,267.12,3959,415130,38.05
MCX,EQ,05-Oct-2026,3204.0,3220.0,3258.7,3150.0,3181.7,3181.7,3204.78,1386833,44445.0,91901,622395,44.88
MEDANTA,EQ,05-Oct-2026,1357.3,1362.0,1369.1,1321.4,1340.0,1332.6,1333.82,224984,3000.89,35643,128922,57.30
MEDIASSIST,EQ,05-Oct-2026,298.5,301.0,301.9,293.4,294.15,297.2,297.4,183948,547.06,8829,105971,57.61
MEDICAMEQ,BE,05-Oct-2026,318.6,318.7,319.9,307.5,307.5,308.0,310.81,17453,54.25,259,-,-
MEDICAPQ,BE,05-Oct-2026,26.05,25.98,25.98,24.75,24.75,24.75,24.84,2646,0.66,22,-,-
MEDICO,EQ,05-Oct-2026,21.86,22.4,22.59,21.5,21.62,21.68,21.79,196397,42.79,1235,134720,68.60
MEDPLUS,EQ,05-Oct-2026,654.3,651.3,655.55,640.1,641.7,644.4,649.75,163503,1062.37,27753,101816,62.27
MEESHO,EQ,05-Oct-2026,218.69,220.66,227.89,219.6,225.85,226.5,223.65,9583072,21432.22,84117,4316692,45.04
MEGAFLEX,SM,05-Oct-2026,109.1,114.55,114.55,114.55,114.55,114.55,114.55,1000,1.15,1,1000,100.00
MEGASTAR,EQ,05-Oct-2026,267.18,263.0,280.0,250.8,272.0,267.87,271.34,8718,23.66,319,6292,72.17
MEGATHERM,SM,05-Oct-2026,243.6,250.0,254.4,239.0,239.0,248.5,248.37,22400,55.63,40,19600,87.50
MEIL,EQ,05-Oct-2026,262.1,264.0,264.85,255.0,257.0,256.65,258.91,27694,71.7,1301,15917,57.47
MENNPIS,BE,05-Oct-2026,71.21,71.2,71.2,70.03,70.5,70.55,70.78,6676,4.73,110,-,-
MENONBE,EQ,05-Oct-2026,288.4,287.1,292.6,268.15,288.95,286.0,279.71,224623,628.3,4714,97895,43.58
MEP,BZ,05-Oct-2026,0.67,0.68,0.68,0.66,0.66,0.66,0.67,82693,0.55,57,-,-
MERCANTILE,EQ,05-Oct-2026,22.98,22.99,23.98,22.01,22.98,22.45,22.74,9195,2.09,46,6244,67.91
MERCURYEV,EQ,05-Oct-2026,37.06,37.22,37.96,36.15,37.22,36.81,37.3,149126,55.63,1471,80963,54.29
METAL,EQ,05-Oct-2026,12.59,12.6,12.9,12.42,12.62,12.61,12.63,2041231,257.72,7343,1429714,70.04
METALIC,ST,05-Oct-2026,177.6,173.0,186.45,171.0,182.0,181.95,182.44,107200,195.58,62,92800,86.57
METALIETF,EQ,05-Oct-2026,12.61,12.56,12.74,12.46,12.54,12.55,12.56,9423686,1183.97,18473,4695180,49.82
METROBRAND,EQ,05-Oct-2026,833.5,847.0,847.0,807.15,814.0,812.5,819.06,30069,246.28,5055,16805,55.89
METROGLOBL,EQ,05-Oct-2026,131.52,134.8,134.8,130.01,133.0,132.97,132.11,821,1.08,36,641,78.08
METROPOLIS,EQ,05-Oct-2026,537.9,534.85,559.5,532.0,559.0,553.6,547.4,264357,1447.09,19940,167596,63.40
MFML,EQ,05-Oct-2026,18.72,18.8,19.24,18.0,18.3,18.16,18.29,1351,0.25,41,1155,85.49
MFSL,EQ,05-Oct-2026,1392.0,1385.3,1385.3,1341.0,1348.0,1348.0,1353.84,2005008,27144.63,58443,1286675,64.17
MGEL,EQ,05-Oct-2026,15.34,15.68,15.99,15.43,15.99,15.79,15.73,178288,28.05,763,111804,62.71
MGL,EQ,05-Oct-2026,1045.4,1043.2,1053.8,1036.0,1042.0,1043.7,1043.55,66059,689.36,14519,35100,53.13
MGSL,SM,05-Oct-2026,57.45,58.6,59.95,52.5,59.45,59.45,56.53,48000,27.14,38,27600,57.50
MHLXMIRU,BE,05-Oct-2026,175.0,176.0,176.0,166.3,171.0,171.0,170.57,9298,15.86,63,-,-
MHRIL,EQ,05-Oct-2026,194.85,196.3,198.0,192.56,195.99,194.81,194.58,46600,90.67,2249,20502,44.00
MICEL,BE,05-Oct-2026,36.0,35.81,35.81,35.28,35.28,35.28,35.37,58661,20.75,496,-,-
MICROPRO,SM,05-Oct-2026,16.75,16.75,16.75,16.75,16.75,16.75,16.75,1600,0.27,1,1600,100.00
MID150,EQ,05-Oct-2026,22.05,22.97,22.97,22.05,22.18,22.12,22.16,40321,8.94,361,27276,67.65
MID150BEES,EQ,05-Oct-2026,224.52,231.26,231.26,224.15,225.3,224.92,225.36,1329564,2996.31,22834,907786,68.28
MID150CASE,EQ,05-Oct-2026,10.9,10.96,11.12,10.8,10.95,10.95,10.96,1647586,180.65,7459,1029263,62.47
MIDBANKADD,EQ,05-Oct-2026,16.39,16.5,16.67,16.5,16.67,16.61,16.6,9336,1.55,25,8387,89.84
MIDCAP,EQ,05-Oct-2026,17.23,17.24,17.85,17.2,17.35,17.31,17.32,564365,97.72,1596,284117,50.34
MIDCAPADD,EQ,05-Oct-2026,22.07,22.37,22.37,21.6,21.81,21.82,21.82,11438,2.5,296,9803,85.71
MIDCAPBETA,EQ,05-Oct-2026,222.0,216.45,224.0,216.45,218.11,219.14,219.22,14121,30.96,133,7000,49.57
MIDCAPETF,EQ,05-Oct-2026,22.14,22.69,22.69,21.7,22.25,22.23,22.24,2714476,603.65,8510,1935674,71.31
MIDCAPIETF,EQ,05-Oct-2026,22.44,23.0,23.0,22.4,22.4,22.49,22.54,5394306,1215.78,4169,4937626,91.53
MIDHANI,EQ,05-Oct-2026,433.6,433.6,444.9,425.2,438.5,440.1,437.11,947160,4140.12,29915,386086,40.76
MIDQ50ADD,EQ,05-Oct-2026,23.47,23.94,23.94,23.0,23.51,23.54,23.51,39174,9.21,347,20354,51.96
MIDSELIETF,EQ,05-Oct-2026,18.47,18.47,18.6,18.41,18.5,18.49,18.49,301104,55.66,1128,215374,71.53
MIDSMALL,EQ,05-Oct-2026,49.41,49.58,49.9,49.28,49.63,49.59,49.55,519210,257.26,1163,321106,61.85
MIDWESTLTD,EQ,05-Oct-2026,904.15,938.85,942.65,908.7,924.5,914.75,916.95,102439,939.32,5387,70323,68.65
MIIL,EQ,05-Oct-2026,677.05,690.0,705.0,665.1,678.0,670.4,674.41,67578,455.75,1139,44253,65.48
MILKYMIST,BE,05-Oct-2026,308.45,308.45,315.0,295.0,305.0,304.0,302.45,732239,2214.64,10639,-,-
MILTON,SM,05-Oct-2026,35.5,35.5,35.5,35.5,35.5,35.5,35.5,2200,0.78,1,2200,100.00
MINALIND,BE,05-Oct-2026,4.33,4.25,4.25,4.25,4.25,4.25,4.25,1822,0.08,18,-,-
MINDACORP,EQ,05-Oct-2026,667.35,666.0,669.85,637.05,648.6,647.85,648.68,380699,2469.51,42241,193853,50.92
MINDSPACE,RR,05-Oct-2026,498.46,502.92,502.92,497.0,498.0,497.72,498.92,161071,803.62,20346,137118,85.13
MINDTECK,EQ,05-Oct-2026,150.93,154.8,158.5,150.01,150.3,151.31,153.17,22115,33.87,783,11607,52.48
MIRZAINT,EQ,05-Oct-2026,27.65,28.0,28.42,27.63,27.99,27.83,27.82,48425,13.47,530,26905,55.56
MITCON,EQ,05-Oct-2026,80.34,80.0,83.7,79.5,80.55,81.14,80.65,4453,3.59,86,2890,64.90
MITTAL,EQ,05-Oct-2026,0.7,0.7,0.71,0.7,0.71,0.7,0.7,705178,4.97,293,365647,51.85
MKEXIM,EQ,05-Oct-2026,66.51,69.5,69.5,63.98,66.49,66.32,65.14,5982,3.9,140,5170,86.43
MKPL,EQ,05-Oct-2026,3.9,4.02,4.02,3.88,3.9,3.9,3.95,130482,5.15,430,91380,70.03
MLKFOOD,EQ,05-Oct-2026,84.13,82.56,85.7,82.56,84.5,84.59,84.01,3096,2.6,81,2454,79.26
MMEL,SM,05-Oct-2026,28.5,28.55,28.55,28.5,28.5,28.5,28.53,4000,1.14,2,4000,100.00
MMFL,EQ,05-Oct-2026,571.95,573.0,579.0,548.0,553.0,552.5,558.73,106475,594.91,6295,55001,51.66
MMP,EQ,05-Oct-2026,449.6,465.0,476.75,447.65,470.0,468.05,461.99,70165,324.16,3779,36885,52.57
MMTC,EQ,05-Oct-2026,56.29,57.56,57.69,56.0,56.0,56.33,56.7,943031,534.73,8769,248245,26.32
MMWL,EQ,05-Oct-2026,15.56,16.33,16.33,16.32,16.33,16.33,16.33,120682,19.71,81,120682,100.00
MNC,EQ,05-Oct-2026,30.9,30.9,31.4,30.8,31.13,30.95,30.93,71632,22.15,613,47022,65.64
MOALPHA50,EQ,05-Oct-2026,53.17,53.7,53.91,53.17,53.66,53.66,53.6,3911,2.1,73,3725,95.24
MOBANK10,EQ,05-Oct-2026,16.49,16.82,16.95,16.14,16.3,16.22,16.37,14177,2.32,135,10072,71.04
MOBIKWIK,EQ,05-Oct-2026,196.23,196.02,205.27,196.02,202.12,201.79,202.39,1321942,2675.47,19980,515066,38.96
MOBILISE,SM,05-Oct-2026,98.35,97.75,103.25,97.75,103.25,103.25,101.46,9600,9.74,6,9600,100.00
MOCAPITAL,EQ,05-Oct-2026,50.75,51.29,51.7,50.8,51.7,51.37,51.33,589229,302.47,3797,318172,54.00
MODEFENCE,EQ,05-Oct-2026,100.71,101.72,103.22,99.7,100.7,100.54,100.46,960834,965.23,11089,487270,50.71
MODINATUR,EQ,05-Oct-2026,324.45,328.5,328.8,324.0,324.9,325.05,327.58,3235,10.6,95,3137,96.97
MODIRUBBER,EQ,05-Oct-2026,119.72,122.11,122.11,118.2,122.0,121.85,120.45,318,0.38,20,178,55.97
MODIS,EQ,05-Oct-2026,367.85,370.0,384.0,364.35,373.5,372.25,373.64,22397,83.68,486,14933,66.67
MODISONLTD,BE,05-Oct-2026,486.05,486.5,497.0,461.75,475.4,467.95,477.3,91895,438.61,1511,-,-
MODTHREAD,EQ,05-Oct-2026,45.66,45.91,47.89,45.9,46.81,46.58,46.39,2245,1.04,18,1416,63.07
MOENERGY,EQ,05-Oct-2026,36.69,37.42,37.42,36.69,36.99,36.87,36.94,110816,40.93,969,67202,60.64
MOGOLD,EQ,05-Oct-2026,145.2,145.2,145.75,144.15,145.1,145.55,145.37,62581,90.97,672,55095,88.04
MOGSEC,EQ,05-Oct-2026,65.16,63.53,65.29,63.53,64.5,64.61,64.58,7722,4.99,133,5087,65.88
MOHEALTH,EQ,05-Oct-2026,50.81,51.75,51.75,49.63,50.0,49.99,50.16,79993,40.12,1190,52238,65.30
MOHITE,EQ,05-Oct-2026,2.49,2.42,2.54,2.42,2.5,2.43,2.46,10131,0.25,80,6956,68.66
MOHITIND,EQ,05-Oct-2026,22.78,22.9,23.5,22.63,23.38,22.64,22.77,2569,0.58,45,1895,73.76
MOIL,EQ,05-Oct-2026,232.66,235.2,243.5,235.2,236.9,236.49,239.21,690784,1652.42,13978,236964,34.30
MOINFRA,EQ,05-Oct-2026,55.79,56.91,56.91,55.67,56.38,56.11,56.01,3741,2.1,77,1495,39.96
MOIPO,EQ,05-Oct-2026,45.5,45.5,47.45,45.5,47.25,47.31,46.53,3595,1.67,51,3409,94.83
MOKSH,EQ,05-Oct-2026,9.19,9.16,9.64,9.16,9.26,9.31,9.37,30725,2.88,219,18967,61.73
MOL,EQ,05-Oct-2026,55.13,54.93,56.99,53.31,54.6,54.83,54.83,1229458,674.17,7611,471570,38.36
MOLBIO,EQ,05-Oct-2026,1513.1,1501.8,1558.3,1472.6,1497.0,1503.4,1511.22,3050454,46098.95,154596,308548,10.11
MOLDTECH,BE,05-Oct-2026,204.78,207.9,214.95,207.0,213.5,213.5,212.73,77012,163.83,1246,-,-
MOLDTKPAC,EQ,05-Oct-2026,658.85,669.0,684.0,665.45,679.0,680.7,676.62,81041,548.34,4905,47139,58.17
MOLOWVOL,EQ,05-Oct-2026,33.9,33.05,34.55,33.05,34.18,33.95,33.93,98219,33.32,68,96036,97.78
MOM100,EQ,05-Oct-2026,63.69,65.28,65.28,63.45,63.45,63.68,63.93,569400,364.02,5160,313278,55.02
MOM30IETF,EQ,05-Oct-2026,29.82,30.11,30.17,29.82,30.05,29.96,29.99,573452,171.97,2235,358471,62.51
MOM50,EQ,05-Oct-2026,235.67,238.99,238.99,234.79,235.01,235.61,236.12,21342,50.39,254,8285,38.82
MOMENTUM,EQ,05-Oct-2026,29.76,29.82,30.09,29.65,29.65,29.73,29.8,51454,15.33,323,36002,69.97
MOMENTUM30,EQ,05-Oct-2026,29.57,30.16,30.16,29.3,29.46,29.42,29.45,40172,11.83,226,17001,42.32
MOMENTUM50,EQ,05-Oct-2026,52.1,52.64,52.7,51.95,52.4,52.21,52.34,408213,213.65,14451,201836,49.44
MOMETAL,EQ,05-Oct-2026,12.59,12.84,12.84,12.4,12.55,12.55,12.51,26140,3.27,91,23795,91.03
MOMGF,EQ,05-Oct-2026,152.7,152.39,152.47,150.99,152.03,152.03,151.41,1268,1.92,44,701,55.28
MOMIDMTM,EQ,05-Oct-2026,61.49,62.72,62.77,61.07,61.07,61.09,61.52,129407,79.62,526,89166,68.90
MOMMIDCAP,EQ,05-Oct-2026,12.33,12.58,12.58,12.35,12.38,12.41,12.42,684508,85.04,498,467392,68.28
MOMNC,EQ,05-Oct-2026,30.04,30.14,30.16,29.78,30.0,30.0,30.01,1895,0.57,29,1702,89.82
MOMOMENTUM,EQ,05-Oct-2026,59.26,60.45,60.7,58.07,59.3,59.56,59.54,51865,30.88,662,29461,56.80
MOMSBELIEF,EQ,05-Oct-2026,226.92,227.0,237.0,220.0,227.0,228.74,227.54,244611,556.59,3694,149351,61.06
MON100,EQ,05-Oct-2026,321.46,324.49,329.45,320.03,325.48,325.35,324.67,1487737,4830.3,42141,752046,50.55
MON50EQUAL,EQ,05-Oct-2026,31.54,30.75,31.67,30.75,31.2,31.1,31.18,46693,14.56,130,46175,98.89
MONARCH,EQ,05-Oct-2026,342.7,347.05,351.05,341.5,351.0,348.65,345.74,61652,213.16,1490,35637,57.80
MONEXT50,EQ,05-Oct-2026,69.39,69.73,69.73,68.9,69.15,69.16,69.22,2712,1.88,111,2562,94.47
MONEYBOXX,BE,05-Oct-2026,54.0,51.72,56.0,51.3,54.8,54.76,53.22,29652,15.78,112,-,-
MONEYVIEW,EQ,05-Oct-2026,53.88,55.85,59.0,50.56,51.24,51.51,54.65,218474338,119398.93,512329,31855011,14.58
MONIFTY100,EQ,05-Oct-2026,24.64,24.7,24.7,23.67,23.91,23.8,23.81,31944,7.61,280,27707,86.74
MONIFTY500,EQ,05-Oct-2026,22.46,23.37,23.37,22.32,22.59,22.53,22.39,3234487,724.3,2198,2652280,82.00
MONOLITH,SM,05-Oct-2026,1252.45,1277.0,1294.0,1220.0,1220.5,1229.05,1249.85,35000,437.45,109,26750,76.43
MONQ50,EQ,05-Oct-2026,193.18,198.0,203.94,191.01,201.88,200.6,198.5,773635,1535.68,17517,282182,36.47
MONTECARLO,EQ,05-Oct-2026,522.85,518.0,525.15,515.05,515.6,516.9,519.13,19032,98.8,1388,9555,50.20
MOOILGAS,EQ,05-Oct-2026,10.93,10.77,10.77,10.47,10.59,10.57,10.56,48117,5.08,186,47250,98.20
MOPSE,EQ,05-Oct-2026,94.75,95.22,95.22,94.29,94.95,94.95,94.49,698,0.66,15,698,100.00
MOQUALITY,EQ,05-Oct-2026,187.34,189.39,198.0,186.42,188.29,190.65,187.31,21916,41.05,126,20994,95.79
MORARJEE,BZ,05-Oct-2026,7.92,7.53,7.53,7.53,7.53,7.53,7.53,80,0.01,1,-,-
MOREALTY,EQ,05-Oct-2026,84.3,83.36,85.34,82.61,83.42,83.89,84.34,409161,345.1,1862,237454,58.03
MOREPENLAB,EQ,05-Oct-2026,133.72,134.5,137.64,130.46,135.72,135.29,133.88,18241253,24421.37,85596,4762088,26.11
MOS,SM,05-Oct-2026,6.6,6.3,6.7,6.3,6.3,6.3,6.41,1588000,101.74,184,932000,58.69
MOSCHIP,EQ,05-Oct-2026,198.03,201.0,201.85,194.81,196.39,195.84,197.31,799333,1577.18,16684,307588,38.48
MOSERVICE,EQ,05-Oct-2026,29.03,29.25,29.4,29.12,29.21,29.21,29.29,11971,3.51,45,11818,98.72
MOSILVER,EQ,05-Oct-2026,215.92,218.86,219.4,216.8,218.45,218.63,217.7,37688,82.05,640,18348,48.68
MOSMALL250,EQ,05-Oct-2026,17.72,18.05,18.05,17.6,17.77,17.72,17.71,633377,112.19,3508,331932,52.41
MOTHERSON,EQ,05-Oct-2026,157.03,157.0,159.39,154.76,156.5,156.5,156.29,14480075,22631.34,106253,8157007,56.33
MOTILALOFS,EQ,05-Oct-2026,989.9,991.0,1018.9,987.9,1011.1,1011.1,1009.28,445092,4492.24,26939,167776,37.69
MOTISONS,EQ,05-Oct-2026,17.88,18.0,18.41,17.55,17.68,17.74,17.93,24288664,4355.2,22706,5443430,22.41
MOTOGENFIN,EQ,05-Oct-2026,25.08,25.48,25.48,24.36,25.16,24.53,24.51,2838,0.7,67,1634,57.58
MOTOUR,EQ,05-Oct-2026,75.46,76.48,76.48,74.33,75.19,75.19,75.26,15861,11.94,171,7302,46.04
MOVALUE,EQ,05-Oct-2026,108.25,108.87,108.87,106.3,106.91,106.82,107.06,73685,78.89,1387,40389,54.81
MPDL,BE,05-Oct-2026,27.89,27.89,27.89,26.5,27.33,27.33,26.63,2161,0.58,14,-,-
MPEL,SM,05-Oct-2026,25.15,23.9,23.9,23.9,23.9,23.9,23.9,1600,0.38,1,1600,100.00
MPHASIS,EQ,05-Oct-2026,2250.2,2277.8,2342.0,2239.2,2297.1,2297.1,2296.56,1107616,25437.02,42255,580930,52.45
MPIMANIPAL,EQ,05-Oct-2026,401.4,415.0,430.0,381.2,387.8,389.7,405.15,2163634,8766.06,62063,394138,18.22
MPSLTD,EQ,05-Oct-2026,2628.4,2628.4,2675.9,2600.8,2646.2,2637.4,2633.75,7943,209.2,1820,4362,54.92
MRF,EQ,05-Oct-2026,123715.0,123915.0,124490.0,122755.0,124100.0,123330.0,123421.09,3098,3823.59,2315,1277,41.22
MRIL,ST,05-Oct-2026,76.0,72.2,72.2,72.2,72.2,72.2,72.2,1600,1.16,1,1600,100.00
MRPL,EQ,05-Oct-2026,164.76,164.79,173.7,163.25,173.1,172.43,169.47,13082595,22171.17,76853,2192024,16.76
MSCI360,EQ,05-Oct-2026,9.47,9.57,9.57,9.47,9.52,9.56,9.54,2316,0.22,30,2316,100.00
MSCIINDIA,EQ,05-Oct-2026,28.03,28.05,28.17,27.85,28.05,28.04,28.0,22725,6.36,197,21726,95.60
MSL,EQ,05-Oct-2026,144.99,144.0,150.9,140.0,150.9,148.45,145.97,522,0.76,40,468,89.66
MSPL,EQ,05-Oct-2026,32.52,32.04,32.8,31.52,31.55,31.65,32.01,893166,285.92,4587,512780,57.41
MSTCLTD,EQ,05-Oct-2026,705.8,705.0,705.6,687.5,692.0,693.75,697.04,201122,1401.9,9335,103754,51.59
MSUMI,EQ,05-Oct-2026,33.53,33.53,33.7,32.7,32.96,32.89,33.02,8274064,2732.25,43813,4052082,48.97
MTARTECH,BE,05-Oct-2026,7797.0,7705.0,7800.0,7595.0,7649.0,7654.0,7676.28,122661,9415.8,23186,-,-
MTEDUCARE,BE,05-Oct-2026,1.67,1.71,1.71,1.61,1.68,1.68,1.65,9166,0.15,56,-,-
MTNL,EQ,05-Oct-2026,24.66,24.6,24.6,23.0,23.15,23.19,23.72,3516200,834.15,11367,782003,22.24
MUFIN,EQ,05-Oct-2026,130.59,131.3,134.43,130.6,132.5,132.89,132.96,1067885,1419.81,7170,211280,19.78
MUFTI,EQ,05-Oct-2026,70.24,70.24,70.76,69.2,69.51,69.7,69.97,42543,29.77,680,27677,65.06
MUKANDLTD,EQ,05-Oct-2026,172.66,174.4,189.9,173.76,182.95,182.2,184.11,1971183,3629.15,25683,538556,27.32
MUKESHB,EQ,05-Oct-2026,128.8,128.0,128.0,128.0,128.0,128.0,128.0,9,0.01,1,9,100.00
MUKKA,BE,05-Oct-2026,25.7,25.7,26.98,25.1,26.69,26.67,26.43,272385,71.99,800,-,-
MUKTAARTS,EQ,05-Oct-2026,55.92,55.92,56.5,54.0,55.9,54.89,54.52,2425,1.32,59,1967,81.11
MULTICAP,EQ,05-Oct-2026,15.78,15.99,15.99,15.75,15.82,15.83,15.84,179607,28.44,726,99864,55.60
MUNISH,SM,05-Oct-2026,86.6,87.0,87.0,86.1,86.45,86.45,86.54,6000,5.19,5,4800,80.00
MUNJALAU,EQ,05-Oct-2026,104.07,105.9,106.88,103.65,105.7,105.56,105.26,353413,372.0,4856,77869,22.03
MUNJALSHOW,EQ,05-Oct-2026,124.53,125.0,126.7,123.23,124.87,124.03,124.44,15447,19.22,494,8408,54.43
MURUDCERA,EQ,05-Oct-2026,28.06,27.55,28.84,27.55,28.3,28.01,28.14,13934,3.92,117,10965,78.69
MUTHOOTCAP,EQ,05-Oct-2026,218.08,220.86,220.86,211.01,219.46,219.33,216.34,8382,18.13,517,4734,56.48
MUTHOOTFIN,EQ,05-Oct-2026,2697.1,2711.0,2747.8,2700.0,2716.4,2716.4,2721.05,499788,13599.48,40424,268410,53.70
MUTHOOTMF,EQ,05-Oct-2026,174.09,177.58,183.49,174.52,176.39,176.38,177.6,141785,251.82,4028,73486,51.83
MVELECTRO,EQ,05-Oct-2026,836.95,855.8,920.6,850.0,902.0,897.55,901.45,3364393,30328.49,83316,669187,19.89
MVGJL,EQ,05-Oct-2026,206.69,212.94,216.99,200.4,207.0,204.36,206.68,257200,531.57,6468,92176,35.84
MVKAGRO,SM,05-Oct-2026,240.35,243.95,243.95,228.35,228.35,228.65,231.29,89700,207.46,183,57900,64.55
MWL,EQ,05-Oct-2026,43.13,41.7,42.74,40.96,41.74,41.53,41.8,1175803,491.45,6391,617312,52.50
MYMUDRA,SM,05-Oct-2026,69.3,72.0,75.0,70.0,71.85,72.65,72.65,73200,53.18,36,63600,86.89
MYSORPETRO,BE,05-Oct-2026,119.4,119.4,119.4,115.0,115.55,115.88,116.23,2067,2.4,47,-,-
NACLIND,EQ,05-Oct-2026,130.41,130.41,132.41,128.4,131.0,130.29,130.22,220568,287.22,4731,100822,45.71
NAGAFERT,BZ,05-Oct-2026,1.69,1.64,1.69,1.61,1.61,1.61,1.61,632707,10.21,616,-,-
NAGREEKCAP,EQ,05-Oct-2026,25.34,24.57,25.87,24.57,25.5,25.49,25.21,7710,1.94,71,7424,96.29
NAGREEKEXP,EQ,05-Oct-2026,21.29,21.29,21.97,20.1,20.7,20.87,20.96,18915,3.97,181,13981,73.91
NAHARCAP,EQ,05-Oct-2026,237.31,233.6,238.03,230.0,235.0,233.82,235.05,2513,5.91,70,1753,69.76
NAHARINDUS,EQ,05-Oct-2026,127.74,128.0,130.0,126.1,127.0,127.08,127.45,10196,13.0,260,7270,71.30
NAHARPOLY,EQ,05-Oct-2026,225.64,222.81,230.01,220.21,221.05,222.21,222.92,2606,5.81,103,1806,69.30
NAHARSPING,EQ,05-Oct-2026,255.5,255.5,260.7,249.2,249.35,250.15,254.08,27426,69.68,950,18467,67.33
NAM-INDIA,EQ,05-Oct-2026,1046.0,1049.0,1069.5,1046.0,1061.0,1061.0,1060.3,842149,8929.32,43667,441162,52.39
NAMAN,ST,05-Oct-2026,48.2,48.2,48.2,48.2,48.2,48.2,48.2,800,0.39,1,800,100.00
NAMOEWASTE,SM,05-Oct-2026,310.7,305.0,326.0,305.0,322.0,323.5,318.43,46400,147.75,44,28000,60.34
NARMADA,EQ,05-Oct-2026,12.31,12.35,13.2,12.01,12.15,12.3,12.43,752647,93.58,1805,278096,36.95
NATCAPSUQ,BE,05-Oct-2026,162.16,164.0,166.5,163.1,165.0,165.15,164.45,1789,2.94,45,-,-
NATCOPHARM,EQ,05-Oct-2026,821.3,825.0,827.45,801.4,822.0,821.5,811.99,571712,4642.22,34755,320181,56.00
NATHBIOGEN,EQ,05-Oct-2026,137.74,140.0,142.44,133.0,134.2,134.29,136.33,15278,20.83,722,11554,75.63
NATIONALUM,EQ,05-Oct-2026,334.9,335.9,344.1,334.3,340.0,340.0,337.66,5169746,17456.29,65108,2487770,48.12
NATIONSTD,EQ,05-Oct-2026,114.91,116.05,116.05,112.0,112.92,112.51,112.73,5158,5.81,169,3005,58.26
NAUKRI,EQ,05-Oct-2026,1200.0,1220.3,1241.0,1198.4,1201.7,1201.7,1212.96,2021519,24520.22,84762,1086579,53.75
NAVA,EQ,05-Oct-2026,552.5,555.0,564.85,552.0,559.15,556.7,557.24,302296,1684.53,19579,144775,47.89
NAVINFLUOR,EQ,05-Oct-2026,8136.5,8217.5,8333.5,8115.0,8280.0,8272.0,8230.18,133656,11000.13,41087,84305,63.08
NAVKARCORP,EQ,05-Oct-2026,85.07,85.5,86.96,84.0,84.9,84.94,85.34,213039,181.8,2673,106173,49.84
NAVKARURB,EQ,05-Oct-2026,0.85,0.87,0.87,0.82,0.84,0.83,0.84,491182,4.14,339,307149,62.53
NAVNETEDUL,EQ,05-Oct-2026,123.87,126.2,126.2,122.5,123.25,122.97,123.49,82595,101.99,1642,49826,60.33
NAZARA,EQ,05-Oct-2026,384.7,388.45,393.45,379.1,384.0,385.8,386.19,2285380,8825.91,34214,921679,40.33
NBCC,EQ,05-Oct-2026,77.4,78.11,78.27,75.75,76.2,76.2,76.55,7593129,5812.59,36371,3404147,44.83
NBIFIN,EQ,05-Oct-2026,1857.9,1855.2,1855.2,1815.0,1816.5,1819.0,1828.2,458,8.37,90,386,84.28
NCC,EQ,05-Oct-2026,130.06,130.1,131.39,127.72,128.75,128.79,129.19,1624082,2098.22,22405,670237,41.27
NCLIND,EQ,05-Oct-2026,170.03,169.55,172.5,167.51,168.08,168.85,169.19,43662,73.87,807,33377,76.44
NDGL,EQ,05-Oct-2026,2411.0,2422.0,2430.0,2330.0,2350.0,2354.3,2385.31,492,11.74,95,372,75.61
NDL,EQ,05-Oct-2026,2.54,2.63,2.67,2.58,2.62,2.59,2.61,942759,24.63,1210,616748,65.42
NDLVENTURE,EQ,05-Oct-2026,125.24,123.0,126.7,122.27,124.5,123.17,123.14,5077,6.25,126,4277,84.24
NDRAUTO,EQ,05-Oct-2026,715.85,710.4,721.0,695.0,710.05,706.8,705.62,11897,83.95,936,6320,53.12
NDTV,EQ,05-Oct-2026,68.08,68.47,69.12,66.95,67.44,67.19,67.55,64220,43.38,1251,33904,52.79
NEAGI,EQ,05-Oct-2026,3309.4,3292.9,3292.9,3292.9,3292.9,3292.9,3292.9,5,0.16,2,5,100.00
NECCLTD,EQ,05-Oct-2026,18.41,19.55,19.55,17.68,19.14,19.12,18.67,129283,24.13,436,96928,74.97
NECLIFE,EQ,05-Oct-2026,10.23,10.43,10.58,10.18,10.49,10.48,10.44,302353,31.58,357,286729,94.83
NELCAST,EQ,05-Oct-2026,121.03,119.83,123.3,118.18,120.8,121.43,120.96,153030,185.1,3104,50836,33.22
NELCO,EQ,05-Oct-2026,889.2,897.0,915.0,880.05,887.0,885.1,896.51,129029,1156.76,6386,52915,41.01
NEOCHEM,SM,05-Oct-2026,101.0,102.8,104.7,100.0,104.7,104.7,102.72,19200,19.72,15,18000,93.75
NEOGEN,EQ,05-Oct-2026,2407.1,2419.0,2447.9,2300.0,2316.0,2311.2,2347.12,116983,2745.73,19082,56746,48.51
NEPHROCARE,SM,05-Oct-2026,89.65,92.0,92.0,85.0,86.0,86.9,87.69,29200,25.61,56,23200,79.45
NEPHROPLUS,EQ,05-Oct-2026,648.95,653.5,658.0,635.0,638.2,637.65,640.72,135567,868.61,13600,70713,52.16
NESCO,EQ,05-Oct-2026,1028.2,1045.0,1051.5,1027.1,1030.0,1036.6,1039.17,31885,331.34,5796,15774,49.47
NESTLEIND,EQ,05-Oct-2026,1307.7,1305.4,1311.3,1292.9,1297.1,1297.1,1299.98,1676136,21789.5,44596,1092313,65.17
NETF,EQ,05-Oct-2026,247.6,253.79,253.79,243.16,247.9,246.03,246.27,5909,14.55,304,3106,52.56
NETWEB,EQ,05-Oct-2026,4520.3,4543.0,4790.0,4535.0,4765.2,4765.1,4696.43,1646842,77342.77,129375,410057,24.90
NETWORK18,EQ,05-Oct-2026,25.43,25.52,26.02,25.3,25.45,25.44,25.59,2117185,541.75,5832,830669,39.23
NEUEON,BE,05-Oct-2026,15.26,15.26,15.26,14.5,14.5,14.5,14.57,62778,9.15,88,-,-
NEULANDLAB,EQ,05-Oct-2026,21505.0,21500.0,21960.0,21090.0,21890.0,21875.0,21601.54,62813,13568.58,25495,31363,49.93
NEWGEN,EQ,05-Oct-2026,456.35,464.8,472.55,456.35,458.9,458.75,463.37,657395,3046.15,33379,229906,34.97
NEWJAISA,ST,05-Oct-2026,17.1,16.3,17.1,16.3,17.0,17.0,16.5,33000,5.44,9,31500,95.45
NEXT30ADD,EQ,05-Oct-2026,39.83,40.0,40.24,39.99,40.2,40.21,40.04,14108,5.65,90,12373,87.70
NEXT50,EQ,05-Oct-2026,713.61,715.36,719.63,711.1,715.43,714.71,714.52,45526,325.29,1916,30443,66.87
NEXT50ADD,EQ,05-Oct-2026,71.62,71.57,71.57,69.25,69.97,69.69,69.7,12520,8.73,323,6852,54.73
NEXT50BETA,EQ,05-Oct-2026,74.7,74.71,75.88,74.42,75.69,75.03,74.94,118869,89.08,1209,50968,42.88
NEXT50ETF,EQ,05-Oct-2026,70.14,71.54,71.54,69.5,69.8,69.79,69.86,33426,23.35,247,32998,98.72
NEXT50IETF,EQ,05-Oct-2026,72.97,72.97,74.43,72.7,73.4,73.17,73.09,896654,655.4,8953,549755,61.31
NEXTMEDIA,EQ,05-Oct-2026,3.58,3.58,3.58,3.45,3.58,3.57,3.51,13843,0.49,55,12113,87.50
NFL,EQ,05-Oct-2026,63.85,63.99,64.45,63.12,63.2,63.28,63.67,487718,310.52,4262,217644,44.62
NFPSAMPOOR,SM,05-Oct-2026,20.8,20.3,20.3,20.3,20.3,20.3,20.3,2000,0.41,1,2000,100.00
NGIL,EQ,05-Oct-2026,38.43,38.5,41.35,35.99,37.76,36.83,36.95,37292,13.78,262,27615,74.05
NGLFINE,EQ,05-Oct-2026,2924.0,2930.0,3045.0,2841.0,3020.0,2988.3,2953.65,7251,214.17,1526,3513,48.45
NH,EQ,05-Oct-2026,1741.4,1744.9,1749.6,1709.6,1724.5,1722.4,1725.23,92682,1598.98,14849,46705,50.39
NHPC,EQ,05-Oct-2026,71.75,71.75,72.83,71.1,72.0,72.0,71.67,4447161,3187.09,26010,2399167,53.95
NIACL,EQ,05-Oct-2026,160.21,160.21,163.0,157.7,157.72,158.36,159.92,1226665,1961.7,22202,419754,34.22
NIBE,EQ,05-Oct-2026,1234.5,1236.0,1253.3,1214.0,1225.0,1221.3,1230.64,28920,355.9,2700,12023,41.57
NIBL,EQ,05-Oct-2026,31.32,32.98,32.98,31.32,31.5,31.33,31.38,6562,2.06,116,5412,82.47
NICCOPAR,EQ,05-Oct-2026,79.5,82.65,82.65,80.0,80.0,80.1,80.38,277,0.22,18,247,89.17
NIDAN,SM,05-Oct-2026,12.9,12.9,12.9,12.6,12.6,12.6,12.75,4000,0.51,4,3000,75.00
NIF100BEES,EQ,05-Oct-2026,252.27,257.0,257.0,249.52,251.75,251.2,251.02,71279,178.93,1007,54317,76.20
NIF100IETF,EQ,05-Oct-2026,26.33,26.25,26.7,26.25,26.31,26.38,26.42,158488,41.87,2779,95249,60.10
NIF500BETA,EQ,05-Oct-2026,34.65,36.6,38.9,35.04,35.5,36.3,36.16,49278,17.82,171,11992,24.34
NIFTY1,EQ,05-Oct-2026,249.52,249.52,252.97,248.92,250.37,250.5,250.32,97714,244.59,2870,52194,53.42
NIFTY100EW,EQ,05-Oct-2026,33.52,33.69,33.69,32.87,33.14,33.1,33.09,111271,36.82,514,89483,80.42
NIFTYADD,EQ,05-Oct-2026,237.09,239.46,239.46,236.68,237.73,237.98,238.26,154001,366.92,406,139198,90.39
NIFTYAXIS,EQ,05-Oct-2026,249.43,243.19,256.9,243.19,250.49,250.63,249.36,24479,61.04,398,10083,41.19
NIFTYBEES,EQ,05-Oct-2026,256.5,256.5,259.69,255.8,257.59,257.29,257.25,8564375,22031.9,144248,4748033,55.44
NIFTYBETA,EQ,05-Oct-2026,249.91,249.0,256.15,249.0,250.14,250.26,250.28,79397,198.72,872,70377,88.64
NIFTYBETF,EQ,05-Oct-2026,231.07,231.07,234.16,230.95,231.75,232.63,232.0,7173,16.64,221,3528,49.18
NIFTYCASE,EQ,05-Oct-2026,9.03,9.18,9.18,9.01,9.11,9.07,9.07,1373579,124.55,2897,969383,70.57
NIFTYETF,EQ,05-Oct-2026,244.67,250.78,250.78,244.25,245.8,245.6,245.47,194755,478.06,1530,127726,65.58
NIFTYIETF,EQ,05-Oct-2026,255.21,257.49,257.49,254.54,256.47,256.15,255.73,836360,2138.8,23471,531088,63.50
NIFTYJBLK,EQ,05-Oct-2026,11.54,11.38,11.82,11.38,11.6,11.59,11.56,381854,44.16,872,132223,34.63
NIFTYQLITY,EQ,05-Oct-2026,19.77,20.26,20.26,19.7,19.88,19.84,19.81,161488,32.0,249,112905,69.92
NIITLTD,EQ,05-Oct-2026,84.94,84.99,87.1,82.57,83.9,83.89,84.02,122628,103.03,2441,42045,34.29
NIITMTS,EQ,05-Oct-2026,191.08,190.02,203.26,190.02,197.96,199.62,198.68,170084,337.92,6875,89889,52.85
NIKITA,SM,05-Oct-2026,66.1,72.7,72.7,70.0,72.35,72.35,71.89,31200,22.43,21,21600,69.23
NILAINFRA,EQ,05-Oct-2026,6.57,6.73,6.95,6.65,6.75,6.71,6.74,192035,12.94,613,138846,72.30
NILASPACES,EQ,05-Oct-2026,11.22,11.48,11.48,10.81,11.07,11.0,11.11,433053,48.12,2014,155807,35.98
NILE,EQ,05-Oct-2026,1243.2,1297.0,1297.0,1212.6,1217.1,1226.0,1256.35,4135,51.95,738,2261,54.68
NILKAMAL,EQ,05-Oct-2026,1871.8,1860.0,1899.3,1820.1,1821.0,1829.5,1856.01,17730,329.07,3451,8366,47.19
NIMBSPROJ,EQ,05-Oct-2026,189.45,190.8,195.0,180.1,194.8,187.32,184.48,37323,68.86,555,6065,16.25
NINSYS,EQ,05-Oct-2026,804.65,830.0,844.85,808.0,842.8,842.0,834.72,16316,136.19,975,10863,66.58
NIPPOBATRY,EQ,05-Oct-2026,314.45,322.0,323.95,317.0,317.0,318.75,320.54,2579,8.27,141,1966,76.23
NIRAJ,EQ,05-Oct-2026,27.74,28.29,28.5,27.32,27.89,27.92,27.63,26158,7.23,78,22113,84.54
NIRAJISPAT,BE,05-Oct-2026,300.0,300.0,300.0,300.0,300.0,300.0,300.0,1,0.0,1,-,-
NIRLON,EQ,05-Oct-2026,606.8,615.45,619.55,612.1,615.0,615.4,615.6,3982,24.51,691,2616,65.70
NIRMAN,SM,05-Oct-2026,25.45,25.45,30.5,25.45,27.0,27.0,27.32,42600,11.64,79,29100,68.31
NITCO,EQ,05-Oct-2026,84.18,84.99,85.33,82.13,82.31,82.69,83.05,555619,461.43,2818,301464,54.26
NITINSPIN,EQ,05-Oct-2026,594.6,597.6,612.5,595.3,605.0,604.75,604.03,83708,505.62,5084,45873,54.80
NITIRAJ,EQ,05-Oct-2026,200.9,205.0,205.0,200.31,202.0,202.14,203.03,353,0.72,25,339,96.03
NITTAGELA,EQ,05-Oct-2026,1664.3,1716.3,1719.0,1665.0,1672.0,1668.9,1675.64,1183,19.82,250,730,61.71
NIVABUPA,EQ,05-Oct-2026,72.98,72.98,77.3,72.6,76.14,75.85,75.48,2936428,2216.5,35600,1252577,42.66
NLCINDIA,EQ,05-Oct-2026,253.2,255.45,257.65,251.15,253.2,252.45,253.44,620352,1572.22,15799,294277,47.44
NMDC,EQ,05-Oct-2026,74.64,75.0,75.51,73.06,73.74,73.74,74.13,11989948,8888.45,65655,5898036,49.19
NOCIL,EQ,05-Oct-2026,168.85,167.6,171.14,164.65,165.73,165.83,166.66,540544,900.87,8851,231945,42.91
NOIDATOLL,EQ,05-Oct-2026,3.56,3.77,3.77,3.55,3.55,3.56,3.65,182994,6.68,496,87418,47.77
NORBTEAEXP,EQ,05-Oct-2026,69.04,69.04,70.76,65.59,65.59,65.59,67.18,2311,1.55,96,1636,70.79
NORTHARC,EQ,05-Oct-2026,288.7,292.7,295.0,288.4,289.35,289.45,291.48,326239,950.92,7464,168129,51.54
NOVAAGRI,EQ,05-Oct-2026,22.22,22.22,22.98,22.0,22.42,22.39,22.53,50586,11.4,408,31241,61.76
NOVARTIND,EQ,05-Oct-2026,1965.0,2027.7,2161.5,1955.0,1964.0,1967.8,2076.31,192487,3996.62,12065,46621,24.22
NPBET,EQ,05-Oct-2026,277.6,277.6,282.6,276.1,276.1,276.1,278.39,730,2.03,45,705,96.58
NPST,EQ,05-Oct-2026,1766.5,1766.5,1850.0,1761.6,1848.0,1833.5,1812.14,70247,1272.97,9128,30902,43.99
NRAIL,EQ,05-Oct-2026,659.5,680.0,680.0,650.05,652.1,661.35,663.76,31444,208.71,1976,16345,51.98
NRBBEARING,EQ,05-Oct-2026,542.6,549.0,556.85,533.55,536.0,535.7,543.18,406034,2205.5,24504,140982,34.72
NRL,BE,05-Oct-2026,156.61,154.74,157.0,153.48,157.0,157.0,155.17,88836,137.84,232,-,-
NRVANDANA,SM,05-Oct-2026,69.15,72.0,73.5,70.7,73.2,73.1,72.23,21000,15.17,7,12000,57.14
NSIL,EQ,05-Oct-2026,5163.5,5269.5,5269.5,5150.0,5205.0,5199.5,5197.7,1514,78.69,447,928,61.29
NSLNISP,EQ,05-Oct-2026,40.95,41.0,41.3,40.31,40.39,40.5,40.75,3000968,1222.98,14757,1441521,48.04
NTCIND,EQ,05-Oct-2026,129.51,126.0,137.7,126.0,136.0,135.97,136.23,1573,2.14,46,864,54.93
NTPC,EQ,05-Oct-2026,315.1,316.05,323.55,316.05,321.8,321.8,321.11,9458589,30372.14,111347,6339138,67.02
NTPCGREEN,EQ,05-Oct-2026,91.09,91.1,91.57,89.55,90.1,90.09,90.37,1231775,1113.19,22242,473019,38.40
NUCLEUS,EQ,05-Oct-2026,646.95,648.1,652.45,636.05,638.2,637.75,642.22,10735,68.94,1230,6651,61.96
NURECA,BE,05-Oct-2026,349.85,348.0,348.0,333.2,342.0,339.05,339.89,7907,26.88,295,-,-
NUVAMA,EQ,05-Oct-2026,1701.4,1709.4,1865.0,1706.0,1810.0,1820.8,1819.15,4036851,73436.22,209658,511738,12.68
NUVOCO,EQ,05-Oct-2026,322.1,324.0,329.45,322.0,326.65,326.1,326.08,179658,585.84,14615,74323,41.37
NV20,EQ,05-Oct-2026,13.1,12.77,13.34,12.77,13.22,13.2,13.18,180623,23.81,478,68037,37.67
NV20BEES,EQ,05-Oct-2026,131.46,132.11,133.0,130.7,130.95,131.79,131.68,20940,27.57,393,10871,51.91
NV20IETF,EQ,05-Oct-2026,12.79,12.79,12.98,12.72,12.82,12.8,12.81,689915,88.38,3396,330491,47.90
NXST,RR,05-Oct-2026,165.57,166.7,167.44,164.75,164.75,164.99,165.84,383340,635.75,11989,269021,70.18
NYKAA,EQ,05-Oct-2026,324.95,335.0,344.55,335.0,339.55,339.55,339.99,19341790,65760.34,249854,6365384,32.91
OAL,EQ,05-Oct-2026,532.2,540.0,540.0,495.4,510.3,515.1,510.43,56880,290.33,3802,17931,31.52
OBCL,EQ,05-Oct-2026,54.39,55.79,57.8,55.4,55.85,55.85,56.41,2034,1.15,29,1978,97.25
OBEROIRLTY,EQ,05-Oct-2026,1754.6,1754.6,1793.7,1749.2,1751.2,1751.2,1767.65,419733,7419.4,18553,266943,63.60
OBSCP,SM,05-Oct-2026,892.1,899.1,924.9,881.05,885.0,888.7,901.46,26800,241.59,67,14800,55.22
OCCLLTD,BE,05-Oct-2026,193.49,202.9,202.9,185.0,199.9,197.79,195.06,98621,192.37,878,-,-
ODIGMA,EQ,05-Oct-2026,21.11,21.11,21.5,20.51,20.58,20.66,20.86,7462,1.56,352,6151,82.43
ODYCORP,EQ,05-Oct-2026,6.91,6.97,7.13,6.8,6.9,6.85,6.91,18370,1.27,82,16478,89.70
OFSS,EQ,05-Oct-2026,10420.0,10525.0,10655.0,10364.0,10470.0,10470.0,10506.93,158183,16620.18,30487,57332,36.24
OIL,EQ,05-Oct-2026,444.0,444.0,450.65,441.05,446.5,446.5,446.62,2225503,9939.47,36031,1193233,53.62
OILCOUNTUB,BE,05-Oct-2026,78.14,79.7,79.7,79.7,79.7,79.7,79.7,38723,30.86,79,-,-
OILIETF,EQ,05-Oct-2026,10.68,10.41,10.8,10.41,10.63,10.68,10.68,1043053,111.41,2817,567419,54.40
OLAELEC,EQ,05-Oct-2026,37.08,37.08,37.27,36.52,36.67,36.68,36.85,35609938,13123.32,100726,8317060,23.36
OLECTRA,EQ,05-Oct-2026,1096.2,1108.0,1115.5,1069.9,1076.0,1078.4,1086.05,409750,4450.1,21955,229248,55.95
OLIL,SM,05-Oct-2026,454.5,438.05,447.0,438.05,444.0,443.65,442.0,11600,51.27,18,8800,75.86
OMAXAUTO,EQ,05-Oct-2026,201.14,200.14,210.78,197.52,199.71,201.44,202.96,59335,120.43,1117,30863,52.01
OMAXE,EQ,05-Oct-2026,108.78,109.5,110.25,105.99,106.0,107.43,107.78,322612,347.71,5220,108300,33.57
OMFREIGHT,EQ,05-Oct-2026,97.5,103.99,103.99,96.0,101.0,100.95,99.87,47465,47.4,461,35793,75.41
OMINFRAL,EQ,05-Oct-2026,76.08,76.08,77.55,74.0,74.75,74.84,75.5,46344,34.99,1514,21800,47.04
OMNI,EQ,05-Oct-2026,608.65,620.0,644.0,611.65,635.0,632.15,632.48,1584512,10021.78,56486,427044,26.95
OMPOWER,EQ,05-Oct-2026,157.74,160.0,160.0,150.2,151.0,152.06,154.96,76219,118.11,1519,35530,46.62
ONEGLOBAL,EQ,05-Oct-2026,525.4,545.9,550.0,528.95,548.8,547.2,541.62,9461,51.24,716,7872,83.20
ONELIFECAP,BE,05-Oct-2026,41.57,43.59,43.64,42.4,43.52,43.52,43.46,175810,76.41,259,-,-
ONEPOINT,EQ,05-Oct-2026,74.37,75.1,81.0,74.3,78.6,78.33,78.52,10495734,8241.32,63278,2480815,23.64
ONESOURCE,EQ,05-Oct-2026,1508.0,1510.0,1516.5,1470.5,1489.1,1488.3,1488.53,151299,2252.13,19461,76639,50.65
ONGC,EQ,05-Oct-2026,222.37,222.5,226.69,222.42,224.9,224.9,224.36,19420879,43572.24,106287,13513768,69.58
ONIDA,EQ,05-Oct-2026,31.34,31.35,32.13,30.5,30.65,31.06,31.32,347326,108.77,3252,186883,53.81
ONIXSOLAR,EQ,05-Oct-2026,339.7,340.0,344.85,322.75,332.9,334.6,333.44,247853,826.44,2333,196763,79.39
ONMOBILE,BE,05-Oct-2026,48.78,48.54,49.3,48.0,48.5,48.23,48.39,19962,9.66,249,-,-
ONWARDTEC,EQ,05-Oct-2026,291.3,291.0,293.0,285.4,287.85,290.75,290.12,24399,70.79,1000,14678,60.16
ONYX,ST,05-Oct-2026,37.55,37.55,37.55,37.5,37.5,37.5,37.53,6000,2.25,3,6000,100.00
OPTIEMUS,EQ,05-Oct-2026,803.7,817.0,833.9,781.5,788.9,786.2,813.85,500498,4073.29,24665,215135,42.98
OPTIFIN,EQ,05-Oct-2026,14.47,14.61,15.44,14.47,14.76,14.66,14.7,85029,12.5,220,72538,85.31
OPTIMYSTIX,SM,05-Oct-2026,132.0,128.1,134.0,128.0,133.0,133.0,131.07,15200,19.92,19,7200,47.37
OPTIVALUE,ST,05-Oct-2026,214.0,214.0,224.7,213.0,224.7,224.7,219.79,59200,130.11,33,57600,97.30
ORBTEXP,EQ,05-Oct-2026,243.65,245.0,249.5,236.05,240.0,240.4,242.25,7504,18.18,228,4248,56.61
ORCHASP,EQ,05-Oct-2026,1.28,1.34,1.34,1.22,1.29,1.24,1.29,202245,2.61,208,158955,78.60
ORCHPHARMA,EQ,05-Oct-2026,990.0,990.45,1003.2,960.0,965.95,965.9,972.9,68202,663.54,7935,30388,44.56
ORIANA,SM,05-Oct-2026,303.45,305.0,309.0,290.0,302.0,298.9,298.26,262875,784.06,574,147375,56.06
ORICONENT,EQ,05-Oct-2026,49.98,49.98,53.0,49.43,52.44,52.44,51.79,93292,48.31,1184,65859,70.59
ORIENTALTL,EQ,05-Oct-2026,4.81,5.03,5.03,4.77,4.89,4.83,4.86,42532,2.07,209,27056,63.61
ORIENTBELL,EQ,05-Oct-2026,398.55,408.6,428.8,402.5,420.0,417.1,415.74,86469,359.49,4317,32902,38.05
ORIENTCABL,EQ,05-Oct-2026,272.0,450.0,464.85,405.0,405.0,405.0,435.64,13566765,59102.24,152663,7876568,58.06
ORIENTCEM,EQ,05-Oct-2026,115.91,116.09,119.0,115.24,116.05,116.16,115.98,147810,171.43,2264,65403,44.25
ORIENTCER,EQ,05-Oct-2026,44.12,44.5,45.7,42.3,43.49,43.61,43.53,123904,53.94,1434,57126,46.11
ORIENTELEC,EQ,05-Oct-2026,154.46,155.8,160.99,151.65,157.65,157.71,158.15,258174,408.31,5331,81921,31.73
ORIENTHOT,EQ,05-Oct-2026,140.0,139.6,141.8,137.61,141.2,140.87,140.98,149684,211.03,1858,73309,48.98
ORIENTLTD,BE,05-Oct-2026,77.92,75.1,77.92,75.1,75.52,75.52,75.53,547,0.41,14,-,-
ORIENTPPR,EQ,05-Oct-2026,16.23,16.11,16.49,16.03,16.23,16.17,16.16,124998,20.2,526,81692,65.35
ORIENTTECH,EQ,05-Oct-2026,229.25,232.0,237.8,221.2,222.41,222.47,224.49,148888,334.24,4806,70254,47.19
ORIRAIL,EQ,05-Oct-2026,124.15,126.5,126.5,121.0,122.1,122.39,123.0,42451,52.22,1011,19561,46.08
ORISSAMINE,EQ,05-Oct-2026,3538.6,3538.6,3627.4,3492.9,3515.0,3522.2,3539.86,5324,188.46,1315,2113,39.69
ORKLAINDIA,EQ,05-Oct-2026,537.2,548.35,548.35,535.1,537.05,539.2,538.4,43931,236.53,4673,19255,43.83
ORTINGLOBE,EQ,05-Oct-2026,14.52,14.36,14.84,13.82,13.82,13.82,14.08,25484,3.59,64,17530,68.79
OSELDEVICE,SM,05-Oct-2026,368.55,370.0,381.95,356.15,367.0,365.8,364.51,25400,92.59,99,16000,62.99
OSIAHYPER,BZ,05-Oct-2026,2.2,2.09,2.19,2.09,2.1,2.09,2.1,474149,9.95,485,-,-
OSWALAGRO,EQ,05-Oct-2026,33.11,33.15,33.7,32.7,33.29,32.98,33.08,38253,12.65,244,33971,88.81
OSWALGREEN,EQ,05-Oct-2026,19.28,19.5,19.7,19.0,19.1,19.14,19.34,121806,23.56,2112,45058,36.99
OSWALPUMPS,EQ,05-Oct-2026,264.25,265.0,268.45,261.6,263.85,265.1,264.85,278244,736.92,6250,117742,42.32
OSWALSEEDS,EQ,05-Oct-2026,12.39,12.22,12.6,12.15,12.16,12.18,12.27,66839,8.2,246,46505,69.58
OWAIS,SM,05-Oct-2026,67.1,68.4,68.4,65.85,67.5,67.5,67.2,4800,3.23,33,4700,97.92
PACEDIGITK,EQ,05-Oct-2026,167.35,168.0,169.86,162.26,164.14,164.04,164.54,915203,1505.85,13254,311378,34.02
PACIFICI,EQ,05-Oct-2026,135.99,144.99,148.95,138.0,139.5,139.5,143.79,1376,1.98,79,1125,81.76
PAGEIND,EQ,05-Oct-2026,36660.0,37000.0,37830.0,36520.0,37465.0,37465.0,37391.09,24628,9208.68,9760,10694,43.42
PAISALO,EQ,05-Oct-2026,79.9,80.5,81.59,78.95,81.0,81.13,80.78,13369295,10799.81,33638,5542156,41.45
PAKKA,EQ,05-Oct-2026,72.26,73.0,73.2,69.43,70.1,69.79,70.33,146654,103.14,1802,106245,72.45
PALASHSECU,EQ,05-Oct-2026,84.5,84.1,90.0,83.1,88.9,87.94,85.7,2831,2.43,66,2132,75.31
PALREDTEC,EQ,05-Oct-2026,41.77,41.78,43.74,41.0,43.67,43.67,41.73,407,0.17,13,386,94.84
PANACEABIO,EQ,05-Oct-2026,359.05,360.1,362.1,347.7,350.0,350.25,352.76,51467,181.56,2082,32093,62.36
PANACHE,BE,05-Oct-2026,516.15,541.95,541.95,531.5,541.95,541.95,541.14,16255,87.96,178,-,-
PANAMAPET,EQ,05-Oct-2026,487.1,491.0,497.0,480.0,486.8,482.2,485.63,109018,529.43,5627,54507,50.00
PANORAMA,EQ,05-Oct-2026,60.91,65.51,69.5,62.01,64.31,63.5,65.92,13683999,9020.35,54170,1694617,12.38
PANSARI,EQ,05-Oct-2026,260.0,260.0,264.0,250.6,250.6,254.3,257.99,853,2.2,32,769,90.15
PAR,BE,05-Oct-2026,123.95,123.95,126.95,118.01,125.9,125.79,124.03,11159,13.84,176,-,-
PARACABLES,EQ,05-Oct-2026,56.51,58.0,58.0,55.52,55.58,56.08,56.37,729507,411.21,5512,369723,50.68
PARADEEP,EQ,05-Oct-2026,151.22,151.85,154.21,150.0,153.79,153.6,152.56,1604847,2448.41,21887,579218,36.09
PARAGMILK,EQ,05-Oct-2026,264.0,267.0,283.4,267.0,282.55,281.0,275.74,2320736,6399.24,32655,1111815,47.91
PARAGON,SM,05-Oct-2026,49.05,48.5,49.5,48.5,49.5,49.5,49.0,2400,1.18,2,2400,100.00
PARAMATRIX,SM,05-Oct-2026,56.0,56.0,56.0,54.0,55.0,54.9,55.0,15600,8.58,9,15600,100.00
PARAS,EQ,05-Oct-2026,1276.0,1276.1,1297.8,1252.5,1270.0,1266.2,1270.59,532009,6759.68,39297,137119,25.77
PARASPETRO,EQ,05-Oct-2026,2.02,2.02,2.09,2.0,2.08,2.06,2.05,91167,1.87,260,64520,70.77
PARIN,EQ,05-Oct-2026,703.85,710.6,719.0,694.55,705.0,701.5,705.68,5691,40.16,438,3587,63.03
PARKHOSPS,EQ,05-Oct-2026,270.8,270.35,274.0,261.0,270.0,267.75,267.6,1099956,2943.46,14773,629763,57.25
PARKHOTELS,EQ,05-Oct-2026,103.55,105.1,105.11,100.6,103.3,103.83,102.55,194819,199.79,5375,91374,46.90
PARNAXLAB,EQ,05-Oct-2026,113.14,113.0,117.9,111.12,112.5,113.23,114.34,972,1.11,24,771,79.32
PARSVNATH,BE,05-Oct-2026,2.13,2.17,2.17,2.17,2.17,2.17,2.17,20570,0.45,40,-,-
PARTH,SM,05-Oct-2026,510.75,513.3,518.5,504.0,504.05,504.05,510.0,4400,22.44,11,2800,63.64
PARTY-RE,ST,05-Oct-2026,0.2,0.25,0.25,0.25,0.25,0.25,0.25,773892,1.93,119,773892,100.00
PARTYCRUS,SM,05-Oct-2026,98.0,98.0,98.0,97.05,97.05,97.05,97.53,2000,1.95,2,2000,100.00
PASHUPATI,EQ,05-Oct-2026,78.99,80.0,81.6,72.39,74.3,74.03,76.96,576055,443.34,3827,180133,31.27
PASUPTAC,EQ,05-Oct-2026,69.64,69.0,71.45,66.33,67.0,67.51,68.63,150318,103.16,2193,80804,53.76
PATANJALI,EQ,05-Oct-2026,355.15,356.0,358.8,348.85,355.7,355.7,353.53,7070094,24994.62,40883,2089676,29.56
PATELENG,EQ,05-Oct-2026,25.92,26.04,26.41,25.56,25.7,25.73,25.98,1542421,400.73,6111,705143,45.72
PATELRMART,EQ,05-Oct-2026,211.0,213.65,224.0,210.89,223.0,222.9,219.1,133406,292.29,2747,54688,40.99
PATILAUTOM,ST,05-Oct-2026,325.55,330.0,330.0,310.0,320.0,320.35,320.2,29400,94.14,41,28200,95.92
PATINTLOG,EQ,05-Oct-2026,13.23,13.23,13.4,12.75,13.02,13.02,12.99,53255,6.92,281,34020,63.88
PAUSHAKLTD,EQ,05-Oct-2026,650.3,654.0,672.0,645.0,664.0,657.45,659.54,22958,151.42,1790,13302,57.94
PAVNAIND,EQ,05-Oct-2026,15.36,15.94,15.94,15.3,15.5,15.45,15.5,12433,1.93,117,9965,80.15
PAYTM,EQ,05-Oct-2026,1656.0,1656.0,1694.0,1654.9,1684.0,1684.0,1677.7,2267650,38044.39,77196,1081333,47.69
PBMPOLY,EQ,05-Oct-2026,58.85,60.32,60.32,57.0,57.02,58.02,58.53,390,0.23,23,280,71.79
PCBL,EQ,05-Oct-2026,321.5,322.85,327.2,318.6,320.8,320.35,322.0,457281,1472.43,15301,199090,43.54
PCCL,SM,05-Oct-2026,406.0,404.9,415.9,404.9,415.9,415.9,406.31,3200,13.0,6,2800,87.50
PCJEWELLER,EQ,05-Oct-2026,12.82,13.0,13.32,12.86,13.09,13.06,13.08,199713384,26119.35,120038,41370198,20.71
PDMJEPAPER,EQ,05-Oct-2026,95.56,96.29,97.68,94.25,96.5,95.85,95.9,124848,119.73,2277,55321,44.31
PDSL,EQ,05-Oct-2026,347.55,351.1,354.9,339.15,345.0,342.3,344.15,94396,324.87,4733,59465,63.00
PEARLPOLY,EQ,05-Oct-2026,17.09,17.78,17.78,16.62,17.25,17.22,17.13,4266,0.73,40,3536,82.89
PELATRO,SM,05-Oct-2026,359.9,376.5,376.5,359.0,363.5,363.45,366.22,6600,24.17,19,5100,77.27
PENIND,EQ,05-Oct-2026,173.62,175.53,180.54,174.42,178.69,178.71,178.02,571235,1016.89,10750,302002,52.87
PENINLAND,EQ,05-Oct-2026,14.62,14.81,14.95,14.22,14.55,14.5,14.56,133469,19.43,540,92227,69.10
PENTAGON,ST,05-Oct-2026,80.8,77.1,84.8,77.0,84.8,84.8,79.63,3000,2.39,3,2000,66.67
PERMAGN,EQ,05-Oct-2026,861.3,880.0,903.8,837.6,856.0,859.0,859.39,4426,38.04,537,3174,71.71
PERNIASPOP,EQ,05-Oct-2026,544.7,525.0,535.0,518.0,522.0,523.75,522.94,111092,580.95,5488,60349,54.32
PERSISTENT,EQ,05-Oct-2026,5367.0,5448.0,5620.0,5387.5,5530.0,5530.0,5529.34,768988,42519.99,65767,284751,37.03
PETRONET,EQ,05-Oct-2026,285.5,287.5,294.0,286.5,290.0,290.0,290.9,2861154,8323.12,53930,1397738,48.85
PFC,EQ,05-Oct-2026,318.0,320.1,323.35,317.7,322.0,322.0,320.72,11353503,36413.05,95145,7334254,64.60
PFIZER,EQ,05-Oct-2026,3858.9,3858.9,3878.0,3809.6,3878.0,3842.2,3831.59,49211,1885.56,14657,25210,51.23
PFOCUS,EQ,05-Oct-2026,301.55,303.0,303.2,282.65,282.8,285.65,289.38,4184306,12108.61,44098,528540,12.63
PFS,EQ,05-Oct-2026,28.81,28.81,29.5,28.0,28.11,28.19,28.26,774445,218.83,7546,356046,45.97
PGEL,EQ,05-Oct-2026,481.1,487.55,500.8,485.0,487.7,487.7,491.36,1475580,7250.37,27593,608749,41.25
PGHH,EQ,05-Oct-2026,6639.0,6636.0,6785.0,6611.0,6750.0,6768.0,6701.37,11457,767.78,4247,5944,51.88
PGHL,EQ,05-Oct-2026,5360.0,5360.0,5403.5,5280.0,5300.0,5300.0,5345.44,8910,476.28,2790,4580,51.40
PGIL,EQ,05-Oct-2026,1263.0,1267.5,1289.3,1255.0,1275.0,1266.5,1269.48,114074,1448.15,19943,64421,56.47
PGINVIT,IV,05-Oct-2026,101.84,101.9,102.25,101.0,102.24,102.1,101.86,1522715,1551.04,8726,1265888,83.13
PHANTOMFX,SM,05-Oct-2026,86.2,89.0,91.0,84.0,84.5,84.9,87.02,17400,15.14,43,13500,77.59
PHARMABEES,EQ,05-Oct-2026,27.11,27.78,27.78,26.77,26.87,26.85,26.88,4845725,1302.55,18130,3098471,63.94
PHOENIXLTD,EQ,05-Oct-2026,1930.0,1911.1,1954.9,1909.2,1935.0,1935.0,1933.06,430722,8326.12,34854,259021,60.14
PHOENXINTL,EQ,05-Oct-2026,28.15,29.0,29.0,27.85,28.39,28.15,28.1,2758,0.78,52,2751,99.75
PICCADIL,EQ,05-Oct-2026,581.05,581.0,595.0,579.1,593.0,588.45,586.96,144930,850.67,8803,71976,49.66
PIDILITIND,EQ,05-Oct-2026,1464.0,1464.2,1487.7,1458.2,1487.7,1487.7,1471.57,843401,12411.19,49005,633497,75.11
PIGL,EQ,05-Oct-2026,93.87,93.87,96.98,93.0,95.5,94.55,94.82,27104,25.7,563,17712,65.35
PIIND,EQ,05-Oct-2026,2236.0,2243.9,2287.9,2199.6,2220.0,2220.0,2232.87,210128,4691.89,20873,100221,47.70
PILANIINVS,EQ,05-Oct-2026,3892.3,3975.0,4033.0,3933.0,4000.0,3984.7,4000.25,3139,125.57,1369,2041,65.02
PILITA,EQ,05-Oct-2026,7.45,7.4,7.5,7.31,7.31,7.39,7.4,19487,1.44,172,15074,77.35
PINELABS,EQ,05-Oct-2026,167.59,169.5,171.48,166.27,166.8,167.16,168.75,9150895,15441.72,65581,3159847,34.53
PIONEEREMB,EQ,05-Oct-2026,20.07,19.86,20.98,19.86,20.39,20.13,20.19,2014,0.41,46,779,38.68
PIONRINV,BE,05-Oct-2026,73.0,70.0,70.0,69.35,69.35,69.35,69.35,11338,7.86,62,-,-
PIRAMALFIN,EQ,05-Oct-2026,2023.3,2024.0,2046.0,1986.5,1995.0,2002.6,2011.26,185520,3731.29,22794,76544,41.26
PITTIENG,EQ,05-Oct-2026,1123.8,1128.0,1143.1,1117.6,1129.0,1127.3,1130.29,44959,508.17,4665,24004,53.39
PIXTRANS,EQ,05-Oct-2026,1809.3,1818.3,1860.0,1815.0,1820.2,1834.2,1835.63,82916,1522.03,11981,17779,21.44
PKTEA,BE,05-Oct-2026,1037.7,1004.1,1043.9,992.0,1033.0,1033.0,1024.11,178,1.82,35,-,-
PLADAINFO,SM,05-Oct-2026,13.0,13.0,13.0,13.0,13.0,13.0,13.0,3000,0.39,1,3000,100.00
PLASTIBLEN,EQ,05-Oct-2026,193.62,195.0,203.45,195.0,197.15,197.79,199.24,39678,79.06,1251,19621,49.45
PLATIND,EQ,05-Oct-2026,202.0,205.1,207.0,198.5,204.0,203.83,204.34,538128,1099.6,2592,41402,7.69
PLAZACABLE,EQ,05-Oct-2026,57.12,56.02,57.99,54.5,55.0,55.32,55.4,82221,45.55,1471,45768,55.66
PML,EQ,05-Oct-2026,472.65,479.6,493.95,473.0,480.0,486.95,485.28,92,0.45,8,91,98.91
PNB,EQ,05-Oct-2026,109.57,110.65,113.58,110.5,112.35,112.35,112.33,12282429,13796.93,66058,4002454,32.59
PNBGILTS,EQ,05-Oct-2026,71.63,72.0,73.85,71.3,71.38,71.72,72.5,311935,226.15,3183,132326,42.42
PNBHOUSING,EQ,05-Oct-2026,1092.0,1092.0,1116.0,1088.3,1105.8,1105.8,1103.53,638892,7050.39,33088,357267,55.92
PNC,EQ,05-Oct-2026,18.09,18.27,18.27,16.6,17.22,17.22,17.24,8826,1.52,325,4621,52.36
PNCINFRA,EQ,05-Oct-2026,138.16,140.23,140.23,136.45,136.47,137.03,138.16,400817,553.75,11815,193030,48.16
PNGJL,EQ,05-Oct-2026,581.95,586.95,587.1,571.75,573.1,573.3,577.61,514316,2970.75,23785,254162,49.42
PNGSREVA,EQ,05-Oct-2026,504.4,507.55,539.85,505.1,539.0,535.3,528.24,481628,2544.17,18847,123140,25.57
POCL,EQ,05-Oct-2026,437.0,441.6,448.95,437.0,439.0,439.55,441.54,208064,918.68,7774,87364,41.99
PODDARMENT,EQ,05-Oct-2026,253.65,254.05,264.0,251.0,255.5,251.95,255.87,1070,2.74,67,658,61.50
POEL,EQ,05-Oct-2026,136.45,141.13,141.95,136.0,137.95,136.27,138.6,26509,36.74,1511,12288,46.35
POKARNA,EQ,05-Oct-2026,699.1,702.6,719.8,690.45,693.15,699.2,697.73,43352,302.48,3379,20347,46.93
POLICYBZR,EQ,05-Oct-2026,980.0,984.9,1006.3,945.1,976.2,976.2,978.32,13249741,129624.86,364271,4061565,30.65
POLYCAB,EQ,05-Oct-2026,7990.0,7990.0,8186.0,7980.5,8080.0,8080.0,8096.27,424158,34340.98,44774,276162,65.11
POLYMED,EQ,05-Oct-2026,1638.1,1630.0,1639.1,1595.1,1622.0,1619.6,1618.07,126764,2051.13,14916,70088,55.29
POLYPLEX,EQ,05-Oct-2026,1028.0,1028.0,1041.1,1015.0,1038.5,1020.5,1027.65,28871,296.69,2776,18638,64.56
POLYSIL,SM,05-Oct-2026,58.6,57.45,60.0,55.7,55.7,55.85,56.73,18500,10.5,25,17000,91.89
POLYSPIN,EQ,05-Oct-2026,29.5,28.0,32.36,28.0,28.87,28.87,28.87,766,0.22,29,572,74.67
PONNIERODE,EQ,05-Oct-2026,372.35,375.15,386.7,366.3,367.05,368.4,371.2,53786,199.65,2299,35224,65.49
POOJALOGIS,ST,05-Oct-2026,122.0,122.0,122.0,115.9,119.0,119.2,118.92,174000,206.92,92,169200,97.24
POONAWALLA,EQ,05-Oct-2026,433.4,438.05,453.9,436.5,453.0,451.95,448.05,1365007,6115.96,45249,564924,41.39
POSITRON,SM,05-Oct-2026,228.55,222.2,222.2,217.15,217.15,217.15,218.73,7500,16.4,24,7200,96.00
POWERGRID,EQ,05-Oct-2026,254.55,255.4,259.5,255.4,257.0,257.0,257.19,7327971,18847.06,44990,4777513,65.20
POWERICA,EQ,05-Oct-2026,589.15,589.05,600.35,584.0,587.0,587.15,590.3,100209,591.53,4888,46175,46.08
POWERINDIA,EQ,05-Oct-2026,31290.0,31500.0,32015.0,31380.0,31500.0,31500.0,31614.45,72077,22786.74,21535,32218,44.70
POWERMECH,EQ,05-Oct-2026,2476.2,2476.1,2492.4,2410.1,2428.5,2431.5,2440.15,37067,904.49,7092,12815,34.57
PPAP,BE,05-Oct-2026,228.49,225.11,232.45,225.0,229.7,228.56,228.52,4634,10.59,80,-,-
PPL,EQ,05-Oct-2026,243.55,243.95,269.9,243.65,252.5,253.1,259.55,117672,305.42,3469,61417,52.19
PPLPHARMA,EQ,05-Oct-2026,197.97,197.97,201.65,194.28,194.64,194.89,196.69,1898343,3733.93,29598,764134,40.25
PPSL,SM,05-Oct-2026,2.75,2.75,2.85,2.75,2.85,2.85,2.81,30000,0.84,9,30000,100.00
PRABHA,EQ,05-Oct-2026,218.31,216.43,222.0,213.82,215.26,214.9,216.7,72107,156.26,1865,39526,54.82
PRADPME,EQ,05-Oct-2026,449.25,465.0,479.0,450.05,465.0,470.65,464.68,8630,40.1,264,6768,78.42
PRAENG,EQ,05-Oct-2026,20.09,20.0,20.5,18.21,19.25,19.01,19.34,96275,18.62,461,57165,59.38
PRAJIND,EQ,05-Oct-2026,303.25,303.3,309.75,303.1,304.45,304.05,306.47,392337,1202.4,15635,151775,38.68
PRAKASH,EQ,05-Oct-2026,118.69,119.0,121.22,116.76,120.0,119.72,118.85,413992,492.01,4680,209120,50.51
PRAKASHSTL,EQ,05-Oct-2026,3.56,3.51,3.62,3.51,3.53,3.51,3.56,45516,1.62,322,39319,86.39
PRAMARA,SM,05-Oct-2026,102.1,104.5,104.5,98.5,101.25,101.25,100.91,7000,7.06,14,6500,92.86
PRAMODINI,SM,05-Oct-2026,115.05,115.15,119.9,113.0,113.5,113.5,114.65,74400,85.3,58,61200,82.26
PRANAV,EQ,05-Oct-2026,97.21,100.0,100.5,91.8,92.4,93.21,95.13,2359841,2244.85,23439,634534,26.89
PRANIK,SM,05-Oct-2026,44.05,44.05,44.05,44.05,44.05,44.05,44.05,1600,0.7,1,1600,100.00
PRASOLCHEM,EQ,05-Oct-2026,814.05,822.7,827.25,782.15,795.0,789.05,798.49,288218,2301.39,15426,118452,41.10
PRATHAM,SM,05-Oct-2026,127.5,120.1,124.0,120.1,124.0,124.0,121.99,10800,13.17,7,10800,100.00
PRAVEG,EQ,05-Oct-2026,238.1,239.1,243.8,230.25,231.99,232.42,233.99,178581,417.86,1504,158464,88.74
PRAXIS,EQ,05-Oct-2026,4.39,4.39,4.59,4.22,4.48,4.41,4.47,29052,1.3,111,21037,72.41
PRECAM,EQ,05-Oct-2026,109.9,109.9,112.65,107.7,108.65,108.91,109.31,135479,148.09,3468,64121,47.33
PRECISION,ST,05-Oct-2026,6.8,6.8,7.05,6.5,6.5,6.85,6.92,48000,3.32,11,46000,95.83
PRECOT,EQ,05-Oct-2026,638.35,648.7,649.0,594.6,602.5,605.1,621.74,7150,44.45,305,5082,71.08
PRECWIRE,EQ,05-Oct-2026,501.4,506.0,524.0,504.85,508.35,507.4,515.27,934457,4815.02,45088,274927,29.42
PREMCO,EQ,05-Oct-2026,399.95,399.95,399.95,394.1,398.7,398.8,396.39,196,0.78,26,196,100.00
PREMEXPLN,EQ,05-Oct-2026,682.05,682.05,688.95,682.05,685.0,685.05,684.88,155880,1067.59,2925,114300,73.33
PREMIER,BE,05-Oct-2026,2.6,2.73,2.73,2.47,2.65,2.52,2.51,38122,0.96,105,-,-
PREMIERENE,EQ,05-Oct-2026,878.05,885.45,893.6,864.0,891.95,891.95,879.0,985692,8664.24,27748,404327,41.02
PREMIERPOL,EQ,05-Oct-2026,90.64,91.02,106.05,89.81,102.0,101.54,100.36,5042542,5060.79,59523,493462,9.79
PREMIUM,SM,05-Oct-2026,44.9,44.9,46.2,44.0,46.2,46.2,45.24,15000,6.79,4,12000,80.00
PRESSTONIC,ST,05-Oct-2026,46.3,46.3,46.3,44.0,44.0,44.05,44.25,49600,21.95,46,44800,90.32
PRESTIGE,EQ,05-Oct-2026,1486.1,1484.4,1499.6,1445.0,1445.0,1445.0,1456.47,745266,10854.58,19822,501431,67.28
PRICOLLTD,EQ,05-Oct-2026,734.5,743.35,746.9,699.0,707.0,704.45,706.73,697878,4932.13,30089,416222,59.64
PRIMECAB,ST,05-Oct-2026,206.25,212.0,216.5,195.95,202.0,203.95,205.24,121600,249.57,69,110400,90.79
PRIMESECU,EQ,05-Oct-2026,301.5,301.5,305.0,295.0,300.85,298.8,300.76,15156,45.58,480,6277,41.42
PRIMO,EQ,05-Oct-2026,25.41,26.85,26.9,25.55,26.12,26.08,26.13,414021,108.19,1324,298574,72.12
PRINCEPIPE,EQ,05-Oct-2026,246.9,246.9,251.0,243.2,248.5,247.45,247.22,125575,310.44,4437,62984,50.16
PRIORITY,EQ,05-Oct-2026,290.45,294.0,315.9,287.05,289.0,291.2,301.55,508895,1534.56,14618,175653,34.52
PRISMX,EQ,05-Oct-2026,0.52,0.52,0.52,0.49,0.51,0.5,0.5,477178,2.39,190,472711,99.06
PRITI,EQ,05-Oct-2026,32.79,30.91,32.95,30.91,32.22,32.04,32.15,2125,0.68,85,1800,84.71
PRITIKAUTO,EQ,05-Oct-2026,16.11,16.05,16.73,15.85,16.14,16.02,16.2,138076,22.37,806,85427,61.87
PRIVISCL,EQ,05-Oct-2026,3573.0,3570.0,3593.0,3424.1,3430.3,3442.2,3476.19,186750,6491.78,27510,114873,61.51
PRIZOR,ST,05-Oct-2026,1194.0,1200.0,1253.7,1200.0,1253.7,1253.7,1250.36,18800,235.07,46,18000,95.74
PRLIND,SM,05-Oct-2026,44.0,44.2,46.45,44.0,44.55,44.55,45.26,34000,15.39,17,24000,70.59
PROPEQUITY,SM,05-Oct-2026,184.0,185.0,207.7,184.95,207.7,207.7,193.08,7200,13.9,12,6000,83.33
PROPSHOP,SM,05-Oct-2026,66.5,68.95,70.5,68.95,70.5,70.5,69.76,82000,57.21,13,80000,97.56
PROSTARM,EQ,05-Oct-2026,135.41,136.8,140.2,131.15,132.33,132.0,136.07,374129,509.09,7319,119939,32.06
PROTEAN,EQ,05-Oct-2026,639.75,643.0,657.65,635.0,642.0,639.05,645.75,346309,2236.28,14946,103016,29.75
PROZONER,EQ,05-Oct-2026,52.53,53.0,53.69,49.52,50.4,50.54,50.62,267154,135.23,2644,150105,56.19
PRSMJOHNSN,EQ,05-Oct-2026,103.61,104.47,104.59,101.7,102.0,102.06,102.86,215104,221.25,4703,110202,51.23
PRUDENT,EQ,05-Oct-2026,3119.1,3128.7,3153.5,3082.9,3118.6,3108.1,3111.61,12341,384.0,5148,6262,50.74
PRUDMOULI,EQ,05-Oct-2026,13.49,13.63,14.0,13.45,13.87,13.87,13.87,15810,2.19,153,14195,89.78
PSB,EQ,05-Oct-2026,20.96,21.06,21.38,20.92,21.01,21.02,21.1,907370,191.47,3495,345888,38.12
PSPPROJECT,EQ,05-Oct-2026,747.1,759.65,782.0,754.8,760.6,764.55,768.2,58824,451.88,3071,28011,47.62
PSRAJ,SM,05-Oct-2026,100.7,100.5,100.5,98.0,98.0,98.0,99.5,7500,7.46,3,7500,100.00
PSUBANK,EQ,05-Oct-2026,79.52,79.94,81.28,79.93,80.55,80.31,80.65,78960,63.68,614,31904,40.41
PSUBANKADD,EQ,05-Oct-2026,80.47,81.4,82.07,80.8,81.15,81.05,81.27,19772,16.07,317,7076,35.79
PSUBNKBEES,EQ,05-Oct-2026,88.92,89.3,90.6,88.55,89.46,89.31,89.61,2167646,1942.34,8604,1530323,70.60
PSUBNKIETF,EQ,05-Oct-2026,80.66,81.95,82.37,80.49,80.86,80.95,81.68,72226,59.0,1006,29423,40.74
PTC,EQ,05-Oct-2026,154.79,156.45,157.9,155.0,157.3,157.52,156.5,3047215,4768.84,33461,1663495,54.59
PTCIL,EQ,05-Oct-2026,22025.0,22025.0,22620.0,21665.0,22590.0,22530.0,22191.58,18625,4133.18,6268,6749,36.24
PTL,EQ,05-Oct-2026,37.87,37.88,38.5,37.88,38.22,38.21,38.25,20109,7.69,751,14736,73.28
PUNJABCHEM,EQ,05-Oct-2026,1040.9,1040.0,1080.0,1032.1,1044.0,1036.9,1041.27,1385,14.42,312,1021,73.72
PURPLEUTED,SM,05-Oct-2026,449.8,472.0,472.25,472.0,472.25,472.25,472.13,6250,29.51,16,6250,100.00
PURVA,EQ,05-Oct-2026,204.64,205.0,209.8,201.41,208.0,206.93,205.39,126827,260.49,2515,57362,45.23
PURVFLEXI,SM,05-Oct-2026,40.0,42.0,42.0,42.0,42.0,42.0,42.0,1600,0.67,2,800,50.00
PUSHPA,SM,05-Oct-2026,116.0,117.0,122.0,116.05,120.0,120.0,118.27,222000,262.55,115,95000,42.79
PVP,EQ,05-Oct-2026,50.47,47.95,47.95,47.95,47.95,47.95,47.95,150380,72.11,506,150380,100.00
PVRINOX,EQ,05-Oct-2026,1215.3,1236.8,1249.9,1216.0,1230.0,1231.4,1230.99,279083,3435.49,24130,129377,46.36
PVSL,EQ,05-Oct-2026,89.86,89.1,92.19,89.1,90.8,91.08,90.83,15818,14.37,509,11462,72.46
PVTBANIETF,EQ,05-Oct-2026,27.15,27.47,27.55,26.9,27.1,27.07,27.15,1543192,419.01,1697,856992,55.53
PVTBANK,EQ,05-Oct-2026,26.82,26.9,27.79,26.62,26.79,26.79,26.81,398571,106.84,79,380830,95.55
PVTBANKADD,EQ,05-Oct-2026,27.18,27.36,27.45,26.91,27.31,27.11,27.19,55502,15.09,145,40535,73.03
PVTBKGROWW,EQ,05-Oct-2026,26.87,26.75,27.39,26.6,26.63,26.64,26.84,3990,1.07,117,1922,48.17
PWL,EQ,05-Oct-2026,120.17,120.71,133.47,120.71,131.0,131.1,128.2,28246518,36210.79,164391,5523526,19.55
PYRAMID,EQ,05-Oct-2026,154.34,152.9,160.0,151.8,157.0,157.88,155.32,75463,117.21,917,50590,67.04
QGOLDHALF,EQ,05-Oct-2026,121.63,122.37,122.37,120.85,121.85,121.83,121.72,308208,375.14,1118,235355,76.36
QLINE,SM,05-Oct-2026,661.1,668.0,668.0,650.0,668.0,663.55,661.42,60800,402.15,132,37200,61.18
QMSMEDI,BE,05-Oct-2026,195.67,194.7,194.7,185.89,185.89,185.89,186.22,18972,35.33,118,-,-
QNIFTY,EQ,05-Oct-2026,247.7,252.65,252.65,247.2,248.8,248.85,248.45,20626,51.25,286,14283,69.25
QPOWER,EQ,05-Oct-2026,1564.6,1569.8,1640.0,1569.8,1624.0,1620.2,1622.01,336640,5460.33,18968,159489,47.38
QUADFUTURE,EQ,05-Oct-2026,531.4,536.0,546.95,524.0,531.0,529.25,534.97,319071,1706.95,12801,72790,22.81
QUAL30IETF,EQ,05-Oct-2026,19.54,19.61,19.98,19.54,19.72,19.57,19.61,182401,35.76,350,131606,72.15
QUALIANCE,SM,05-Oct-2026,179.5,180.0,183.05,172.8,172.8,174.6,177.52,42000,74.56,42,30000,71.43
QUALITY30,EQ,05-Oct-2026,19.48,19.57,19.91,19.14,19.55,19.71,19.35,47755,9.24,179,26292,55.06
QUESS,EQ,05-Oct-2026,336.2,337.6,345.95,335.1,342.9,341.85,340.74,262863,895.69,17608,141908,53.99
QUESTLAB,SM,05-Oct-2026,91.85,94.0,97.0,94.0,96.0,96.0,95.93,13200,12.66,11,8400,63.64
QUICKHEAL,EQ,05-Oct-2026,138.15,140.0,141.18,137.21,138.7,137.91,139.35,67554,94.14,1956,34001,50.33
QUICKTOUCH,SM,05-Oct-2026,15.25,14.55,14.55,14.5,14.55,14.5,14.53,12000,1.74,13,11500,95.83
QUINT,BE,05-Oct-2026,68.74,66.0,66.0,65.31,65.31,65.31,65.58,3378,2.22,34,-,-
QUINTEGRA,EQ,05-Oct-2026,1.34,1.4,1.4,1.4,1.4,1.4,1.4,41644,0.58,14,41634,99.98
QVCEL,SM,05-Oct-2026,24.0,25.2,25.2,25.15,25.15,25.15,25.18,3200,0.81,2,3200,100.00
RACE,EQ,05-Oct-2026,113.18,117.0,117.0,108.12,110.0,108.95,111.62,26720,29.82,811,13460,50.37
RACLGEAR,EQ,05-Oct-2026,1538.2,1539.8,1575.0,1522.6,1575.0,1550.4,1540.95,17316,266.83,3438,7764,44.84
RADAAN,EQ,05-Oct-2026,2.98,2.98,3.01,2.86,3.0,2.99,2.94,27071,0.8,85,20674,76.37
RADHIKAJWE,BE,05-Oct-2026,68.98,69.0,69.0,67.21,67.99,67.82,67.89,102302,69.45,918,-,-
RADIANTCMS,EQ,05-Oct-2026,35.89,35.75,35.98,34.7,35.03,34.92,35.13,108260,38.03,1291,51246,47.34
RADICO,EQ,05-Oct-2026,4237.0,4242.0,4307.0,4238.5,4289.1,4289.1,4280.72,395032,16910.23,46377,262575,66.47
RADIOCITY,EQ,05-Oct-2026,5.88,5.76,6.1,5.76,5.86,5.9,5.89,28659,1.69,130,23731,82.80
RADIOWALLA,ST,05-Oct-2026,28.6,28.05,28.05,28.05,28.05,28.05,28.05,1600,0.45,1,1600,100.00
RAILTEL,EQ,05-Oct-2026,257.2,258.0,260.4,251.15,253.95,252.3,254.52,495278,1260.57,18051,185812,37.52
RAIN,EQ,05-Oct-2026,208.52,209.03,213.57,206.32,206.7,208.02,209.96,1705460,3580.76,20171,734479,43.07
RAINBOW,EQ,05-Oct-2026,1279.8,1285.8,1299.9,1263.6,1275.0,1269.3,1273.39,137076,1745.52,30179,86790,63.32
RAJESHEXPO,BZ,05-Oct-2026,64.03,64.0,64.03,61.25,62.65,62.35,62.37,155445,96.95,3106,-,-
RAJMET,EQ,05-Oct-2026,3.08,3.06,3.1,3.06,3.06,3.06,3.07,178433,5.48,609,135796,76.10
RAJOOENG,EQ,05-Oct-2026,53.21,54.95,56.25,53.57,55.0,54.97,54.85,581746,319.08,2575,361658,62.17
RAJPALAYAM,EQ,05-Oct-2026,738.0,715.0,750.0,715.0,732.0,734.35,731.87,410,3.0,50,293,71.46
RAJPUTANA,SM,05-Oct-2026,199.75,187.1,214.0,187.1,206.05,206.05,207.85,5500,11.43,11,2500,45.45
RAJRATAN,EQ,05-Oct-2026,453.55,453.55,460.7,450.9,454.3,454.6,455.89,46941,214.0,5474,21819,46.48
RAJRILTD,BE,05-Oct-2026,20.0,20.35,20.4,19.6,19.6,19.62,19.89,26292,5.23,255,-,-
RAJSREESUG,EQ,05-Oct-2026,27.73,27.73,29.3,27.51,28.45,28.39,28.27,62446,17.66,520,34123,54.64
RAJTV,BE,05-Oct-2026,10.8,10.34,11.14,10.34,10.85,10.64,10.73,7371,0.79,58,-,-
RALLIS,EQ,05-Oct-2026,199.69,200.0,200.88,197.0,197.1,197.16,198.13,299393,593.18,10099,164422,54.92
RAMANEWS,EQ,05-Oct-2026,29.38,29.07,30.29,29.07,29.49,29.36,29.63,7460,2.21,117,6288,84.29
RAMAPHO,EQ,05-Oct-2026,120.05,123.43,123.43,118.75,119.01,119.07,119.83,9567,11.46,291,6308,65.93
RAMASTEEL,BE,05-Oct-2026,4.47,4.39,4.39,4.39,4.39,4.39,4.39,224049,9.84,1078,-,-
RAMBHAJO,EQ,05-Oct-2026,288.75,297.2,317.5,294.0,306.05,305.1,308.51,1851970,5713.55,38267,770349,41.60
RAMCOCEM,EQ,05-Oct-2026,830.85,832.0,845.65,823.45,838.7,837.1,832.91,93347,777.5,5316,60021,64.30
RAMCOIND,EQ,05-Oct-2026,302.3,302.5,308.9,296.6,300.0,298.5,299.93,64263,192.75,2306,32743,50.95
RAMCOSYS,EQ,05-Oct-2026,546.25,546.0,562.8,546.0,558.5,555.3,555.31,39282,218.14,2234,18027,45.89
RAMKY,EQ,05-Oct-2026,274.6,278.7,284.8,274.8,282.0,280.95,278.88,30641,85.45,1132,19234,62.77
RAMRAT,EQ,05-Oct-2026,616.55,626.0,662.85,626.0,638.0,635.2,643.97,1507421,9707.36,74679,256200,17.00
RANASUG,EQ,05-Oct-2026,13.08,13.1,13.69,13.1,13.69,13.62,13.55,325768,44.16,704,258316,79.29
RANEHOLDIN,EQ,05-Oct-2026,1518.7,1512.3,1554.9,1512.3,1536.0,1550.8,1534.02,6828,104.74,898,3208,46.98
RAPIDFLEET,SM,05-Oct-2026,199.4,200.0,200.65,196.0,196.0,196.0,199.95,7200,14.4,12,600,8.33
RAPPID,SM,05-Oct-2026,347.0,338.1,338.1,322.0,327.0,327.35,331.24,16800,55.65,28,9600,57.14
RATEGAIN,EQ,05-Oct-2026,840.65,840.65,858.5,835.2,846.0,849.45,849.13,304666,2587.0,23158,119496,39.22
RATNAMANI,EQ,05-Oct-2026,2619.4,2619.4,2619.5,2550.0,2580.0,2564.9,2582.09,36107,932.31,8462,17474,48.40
RATNAVEER,EQ,05-Oct-2026,345.45,347.6,357.7,337.2,340.35,339.35,345.38,3923098,13549.4,43670,1231865,31.40
RAYMOND,EQ,05-Oct-2026,1197.2,1198.0,1316.9,1198.0,1313.0,1300.7,1259.9,2241963,28246.4,81864,527936,23.55
RAYMONDLSL,EQ,05-Oct-2026,627.7,631.0,640.0,621.85,632.25,628.85,628.75,185665,1167.38,11886,82927,44.66
RAYMONDREL,EQ,05-Oct-2026,648.45,655.35,696.7,655.35,689.0,691.85,681.13,2022158,13773.54,62492,428749,21.20
RBA,EQ,05-Oct-2026,92.22,92.0,95.98,91.45,93.0,93.99,94.54,4841004,4576.79,45832,2339095,48.32
RBLBANK,EQ,05-Oct-2026,411.4,418.05,419.9,410.2,416.55,416.55,415.62,4238401,17615.67,49170,1229051,29.00
RBMINFRA,SM,05-Oct-2026,242.0,245.0,252.0,241.2,242.5,243.05,246.17,5000,12.31,25,2600,52.00
RBS,SM,05-Oct-2026,81.0,80.0,80.0,80.0,80.0,80.0,80.0,800,0.64,1,800,100.00
RBZJEWEL,BE,05-Oct-2026,196.87,187.03,200.3,187.03,187.04,187.03,188.91,96544,182.38,846,-,-
RCDL,SM,05-Oct-2026,17.0,16.15,16.15,16.15,16.15,16.15,16.15,21000,3.39,2,21000,100.00
RCF,EQ,05-Oct-2026,106.8,106.99,108.47,106.3,107.12,106.69,107.19,704178,754.84,8845,265785,37.74
RCOM,BE,05-Oct-2026,0.86,0.86,0.87,0.85,0.86,0.85,0.86,2586280,22.15,2414,-,-
READYMIX,SM,05-Oct-2026,59.55,59.55,59.55,53.9,55.0,54.7,55.66,51000,28.39,41,43000,84.31
RECLTD,EQ,05-Oct-2026,287.75,288.0,296.8,287.3,295.65,295.65,293.47,8639552,25354.65,63398,5891707,68.19
REDINGTON,EQ,05-Oct-2026,397.95,400.45,416.9,400.45,411.45,412.75,411.2,10144724,41714.85,132806,5446936,53.69
REDTAPE,EQ,05-Oct-2026,115.29,115.2,115.9,113.34,113.4,113.85,114.38,239207,273.61,4678,109651,45.84
REFEX,EQ,05-Oct-2026,271.3,272.2,275.95,267.05,270.85,271.3,271.48,451891,1226.81,4848,128633,28.47
REFRACTORY,SM,05-Oct-2026,38.65,39.7,39.7,39.7,39.7,39.7,39.7,1000,0.4,1,1000,100.00
REGAAL,EQ,05-Oct-2026,85.99,85.75,87.44,85.05,85.05,85.78,86.31,116458,100.52,1999,59160,50.80
REGENCERAM,EQ,05-Oct-2026,31.98,32.0,33.0,31.2,32.6,32.53,32.24,9583,3.09,71,6714,70.06
RELAXO,EQ,05-Oct-2026,285.35,285.2,288.45,280.8,281.35,281.95,284.39,79688,226.62,7077,38129,47.85
RELCHEMQ,EQ,05-Oct-2026,114.36,113.27,116.5,111.57,113.0,113.27,113.42,1711,1.94,131,752,43.95
RELIABLE,EQ,05-Oct-2026,140.73,141.96,144.89,140.75,142.5,142.39,142.55,13416,19.12,339,10726,79.95
RELIANCE,EQ,05-Oct-2026,1167.7,1171.2,1193.0,1171.2,1186.4,1186.4,1181.63,14254907,168440.87,302759,8879870,62.29
RELIGARE,EQ,05-Oct-2026,224.59,224.85,227.29,222.36,223.21,223.44,223.94,435896,976.17,8751,250373,57.44
RELINFRA,BE,05-Oct-2026,46.48,48.8,48.8,48.8,48.8,48.8,48.8,114132,55.7,477,-,-
RELTD,EQ,05-Oct-2026,146.98,147.01,148.39,138.5,143.99,144.18,142.87,285987,408.59,4566,136254,47.64
REMSONSIND,EQ,05-Oct-2026,112.55,114.8,116.55,108.37,109.25,109.71,112.43,254135,285.72,3565,108897,42.85
REMUS,SM,05-Oct-2026,861.85,895.0,895.0,861.35,865.0,867.75,873.37,1500,13.1,15,800,53.33
RENTOMOJO,EQ,05-Oct-2026,524.6,529.7,538.6,508.1,512.6,510.95,522.63,1564388,8175.97,50390,554643,35.45
RENUKA,EQ,05-Oct-2026,21.34,21.61,22.36,21.61,21.72,21.76,21.87,9972873,2181.05,19965,2375358,23.82
REPCOHOME,EQ,05-Oct-2026,337.75,337.05,342.45,327.05,330.8,329.25,331.95,77171,256.17,4360,48151,62.40
REPL,EQ,05-Oct-2026,57.99,58.06,59.99,55.0,55.3,56.24,57.3,3152,1.81,78,2978,94.48
REPRO,EQ,05-Oct-2026,303.9,302.05,309.9,291.1,293.45,294.25,298.82,14475,43.25,865,9357,64.64
RESPONIND,EQ,05-Oct-2026,162.59,160.04,163.21,157.45,158.99,158.17,159.83,150939,241.25,2306,87700,58.10
RETAIL,BE,05-Oct-2026,34.93,36.39,36.39,33.19,33.19,33.19,35.89,27744,9.96,69,-,-
REXPRO,SM,05-Oct-2026,33.5,35.0,35.0,35.0,35.0,35.0,35.0,1000,0.35,1,1000,100.00
RFBL,ST,05-Oct-2026,107.1,111.7,112.45,111.5,112.45,112.4,112.25,36000,40.41,12,24000,66.67
RGL,EQ,05-Oct-2026,162.5,161.7,165.21,160.0,160.1,161.52,162.73,294768,479.68,6401,136506,46.31
RHETAN,EQ,05-Oct-2026,16.64,15.81,15.81,15.81,15.81,15.81,15.81,135708,21.46,653,135708,100.00
RHFL,BZ,05-Oct-2026,1.59,1.62,1.63,1.54,1.57,1.56,1.6,597958,9.54,949,-,-
RHIM,EQ,05-Oct-2026,384.85,384.85,387.45,371.65,372.5,372.75,378.21,289249,1093.98,12378,134139,46.37
RHL,EQ,05-Oct-2026,162.92,165.0,169.0,161.0,164.8,164.8,163.77,1002,1.64,26,713,71.16
RICHA,SM,05-Oct-2026,80.7,80.5,80.5,80.5,80.5,80.5,80.5,1000,0.81,1,1000,100.00
RICOAUTO,EQ,05-Oct-2026,121.63,121.63,124.0,119.41,119.5,120.52,121.84,847055,1032.07,8265,377090,44.52
RIIL,EQ,05-Oct-2026,666.85,671.5,681.75,657.0,660.2,664.1,667.49,36561,244.04,2875,13060,35.72
RIIT,IV,05-Oct-2026,119.67,119.67,121.49,119.67,120.75,120.39,120.96,172856,209.09,12821,155014,89.68
RILINFRA,SM,05-Oct-2026,31.8,32.6,33.65,32.3,33.25,33.15,32.76,12200,4.0,48,10700,87.70
RIR,EQ,05-Oct-2026,176.97,178.87,179.56,172.93,176.16,174.61,176.36,406622,717.11,8152,159076,39.12
RISHABH,EQ,05-Oct-2026,698.8,709.3,714.0,680.0,687.15,686.2,690.17,99703,688.12,7310,50105,50.25
RITCO,EQ,05-Oct-2026,276.7,281.85,288.6,277.25,287.2,284.35,283.47,107523,304.8,1553,84880,78.94
RITES,EQ,05-Oct-2026,209.48,211.56,212.0,203.59,204.51,205.74,205.68,1278686,2629.95,23373,189476,14.82
RKDL,EQ,05-Oct-2026,17.24,17.15,17.98,16.85,17.24,17.05,17.18,18146,3.12,139,12261,67.57
RKEC,BE,05-Oct-2026,21.94,21.93,21.94,20.85,20.85,20.85,21.26,31418,6.68,137,-,-
RKFORGE,EQ,05-Oct-2026,695.45,695.45,704.05,692.0,700.1,700.45,698.57,291847,2038.75,17834,155647,53.33
RKSWAMY,EQ,05-Oct-2026,86.46,89.5,89.5,85.23,86.0,86.07,86.22,15497,13.36,376,13041,84.15
RMC,EQ,05-Oct-2026,202.57,203.9,209.98,190.0,194.9,194.15,196.58,83250,163.65,3809,36386,43.71
RMDRIP,BE,05-Oct-2026,23.49,23.69,23.69,22.57,23.68,23.36,23.27,295204,68.69,559,-,-
RML,EQ,05-Oct-2026,1343.2,1356.0,1384.9,1348.9,1368.0,1372.2,1368.54,36714,502.45,3892,15312,41.71
RNBDENIMS,BE,05-Oct-2026,9.03,9.03,9.29,8.72,9.0,8.97,8.91,144309,12.86,389,-,-
RNFI,SM,05-Oct-2026,303.35,309.0,315.95,308.0,315.0,313.35,310.45,18000,55.88,22,6600,36.67
RNPL,SM,05-Oct-2026,68.95,72.35,72.35,72.35,72.35,72.35,72.35,12000,8.68,8,12000,100.00
ROCKPP,E1,05-Oct-2026,57.2,62.9,62.9,62.9,62.9,62.9,62.9,1000,0.63,1,1000,100.00
ROHLTD,EQ,05-Oct-2026,298.65,305.0,305.0,294.0,297.0,295.1,296.8,19878,59.0,737,14770,74.30
ROLEXRINGS,EQ,05-Oct-2026,196.36,199.0,199.0,189.1,189.6,189.77,193.22,2142313,4139.36,39739,779370,36.38
ROLLT,BE,05-Oct-2026,4.74,4.66,4.97,4.65,4.97,4.97,4.92,716180,35.23,513,-,-
ROML,EQ,05-Oct-2026,43.34,44.4,44.4,42.14,43.0,43.0,42.91,5073,2.18,39,4347,85.69
ROSSARI,EQ,05-Oct-2026,427.55,430.0,435.9,417.8,434.9,430.9,428.71,57876,248.12,5506,25983,44.89
ROSSELLIND,EQ,05-Oct-2026,50.22,49.97,51.4,48.98,49.83,50.1,50.21,30670,15.4,487,23935,78.04
ROSSTECH,EQ,05-Oct-2026,1522.3,1525.0,1624.9,1508.7,1595.0,1607.2,1567.12,314638,4930.75,27116,123111,39.13
ROTO,EQ,05-Oct-2026,62.66,62.89,63.94,61.81,62.06,62.26,62.66,252108,157.98,2376,137887,54.69
ROUTE,EQ,05-Oct-2026,436.4,438.35,446.65,429.5,431.0,431.1,435.9,160190,698.26,7835,85110,53.13
ROXHITECH,SM,05-Oct-2026,52.05,53.1,62.45,52.65,62.45,62.45,59.56,470400,280.19,243,363200,77.21
RPEL,EQ,05-Oct-2026,1818.9,1848.5,1880.0,1773.1,1850.0,1825.3,1832.83,83683,1533.77,11740,37991,45.40
RPGLIFE,EQ,05-Oct-2026,2930.7,2983.5,2983.5,2832.6,2905.0,2896.4,2887.12,23013,664.41,3904,9268,40.27
RPOWER,EQ,05-Oct-2026,19.41,19.44,20.55,19.44,20.17,20.09,20.0,44727097,8947.58,83255,10996111,24.58
RPPINFRA,EQ,05-Oct-2026,52.6,53.25,53.25,50.41,50.85,50.82,51.08,37515,19.16,677,24655,65.72
RPPL,BE,05-Oct-2026,19.6,18.95,18.99,18.62,18.95,18.72,18.82,29437,5.54,144,-,-
RPSGVENT,EQ,05-Oct-2026,829.85,848.0,849.0,820.95,839.0,833.9,832.25,23182,192.93,1045,12786,55.15
RPTECH,EQ,05-Oct-2026,953.15,963.5,978.0,935.1,937.0,943.45,951.01,268559,2554.02,20435,129741,48.31
RRECL,EQ,05-Oct-2026,131.46,130.0,135.0,130.0,135.0,134.62,132.19,252,0.33,10,142,56.35
RRIL,EQ,05-Oct-2026,15.11,15.47,15.49,15.15,15.2,15.21,15.33,8335,1.28,103,7778,93.32
RRKABEL,EQ,05-Oct-2026,2518.2,2541.5,2654.9,2533.1,2654.0,2648.0,2625.71,635507,16686.56,58233,208155,32.75
RSDFIN,BE,05-Oct-2026,91.35,93.18,95.89,92.0,94.0,94.0,93.3,72,0.07,7,-,-
RSL,EQ,05-Oct-2026,174.43,175.51,183.87,174.75,175.99,175.57,178.55,256813,458.54,4174,119652,46.59
RSSOFTWARE,EQ,05-Oct-2026,30.04,30.9,30.9,29.7,29.94,29.79,29.99,11665,3.5,103,10652,91.32
RSWM,EQ,05-Oct-2026,202.21,204.35,209.99,201.44,202.1,203.03,203.64,30003,61.1,786,16053,53.50
RSYSTEMS,EQ,05-Oct-2026,263.6,264.0,264.5,248.0,248.5,249.9,254.99,2005620,5114.08,33295,377161,18.81
RTL,SM,05-Oct-2026,76.0,75.95,75.95,71.5,73.0,73.0,73.28,12000,8.79,6,8000,66.67
RTNINDIA,EQ,05-Oct-2026,25.32,25.55,25.8,25.1,25.65,25.46,25.37,840323,213.2,4886,360872,42.94
RTNPOWER,EQ,05-Oct-2026,6.74,6.74,6.83,6.69,6.71,6.73,6.76,10445792,705.97,12898,4076483,39.03
RTSPOWR,BE,05-Oct-2026,114.1,109.0,109.0,108.4,108.4,108.4,108.43,2430,2.63,65,-,-
RUBFILA,EQ,05-Oct-2026,63.25,63.63,64.99,62.64,62.7,63.18,63.96,50488,32.29,592,21890,43.36
RUBICON,EQ,05-Oct-2026,1630.9,1646.0,1646.0,1560.3,1609.9,1608.5,1596.03,159926,2552.47,16734,74722,46.72
RUBYMILLS,EQ,05-Oct-2026,499.65,507.9,507.9,486.75,487.5,494.2,493.26,8647,42.65,882,5083,58.78
RUCHINFRA,EQ,05-Oct-2026,4.84,4.96,4.97,4.85,4.85,4.85,4.9,32153,1.58,176,26253,81.65
RUCHIRA,EQ,05-Oct-2026,101.31,101.77,105.0,101.41,103.05,103.39,103.14,11460,11.82,408,6652,58.05
RUDRA,EQ,05-Oct-2026,18.23,18.53,18.92,18.0,18.0,18.0,18.15,12942,2.35,81,10394,80.31
RULKA,SM,05-Oct-2026,107.3,110.1,111.0,104.25,108.0,108.0,107.13,6600,7.07,13,6000,90.91
RUNWALENTR,EQ,05-Oct-2026,305.0,305.0,307.75,281.2,304.9,301.45,297.91,13471588,40132.96,134157,4806249,35.68
RUPA,EQ,05-Oct-2026,130.58,130.11,132.58,126.67,128.06,128.4,129.34,182693,236.3,6639,88146,48.25
RUSHIL,EQ,05-Oct-2026,15.9,15.68,16.1,15.37,15.44,15.46,15.57,122974,19.14,664,84135,68.42
RUSTOMJEE,EQ,05-Oct-2026,361.25,361.25,372.3,355.55,370.0,368.5,366.57,73016,267.66,2609,37817,51.79
RVHL,EQ,05-Oct-2026,37.23,36.81,37.99,36.81,37.58,37.46,37.34,2957,1.1,83,1992,67.37
RVNL,EQ,05-Oct-2026,197.0,198.0,199.9,195.34,196.95,196.95,197.62,2937181,5804.56,32188,777827,26.48
RVTH,EQ,05-Oct-2026,776.7,797.9,803.0,721.1,721.1,726.45,767.62,4355,33.43,460,2008,46.11
S&SPOWER,EQ,05-Oct-2026,294.1,294.1,298.7,280.0,288.55,294.55,286.12,5695,16.29,208,4137,72.64
SAAKSHI,ST,05-Oct-2026,365.0,362.05,362.05,358.6,358.6,358.6,359.46,2400,8.63,4,2400,100.00
SAATVIKGL,EQ,05-Oct-2026,405.55,403.55,407.4,399.0,401.9,400.85,402.59,51181,206.05,3224,30000,58.62
SACHEEROME,SM,05-Oct-2026,499.65,529.0,536.0,493.05,497.95,500.05,516.42,48000,247.88,137,36000,75.00
SADBHAV,EQ,05-Oct-2026,6.8,6.82,6.99,6.61,6.89,6.86,6.85,124754,8.55,355,86448,69.29
SADBHIN,EQ,05-Oct-2026,2.62,2.6,2.63,2.56,2.63,2.61,2.6,151589,3.94,261,107099,70.65
SADHAV,SM,05-Oct-2026,117.15,119.9,125.0,115.0,115.5,115.5,119.29,18000,21.47,27,16200,90.00
SADHNANIQ,BE,05-Oct-2026,2.47,2.52,2.59,2.47,2.59,2.59,2.56,1003078,25.68,653,-,-
SAFARI,EQ,05-Oct-2026,1378.8,1389.5,1389.5,1300.0,1305.8,1308.6,1327.68,51092,678.34,9648,20966,41.04
SAFEENTP,SM,05-Oct-2026,247.25,247.25,255.0,246.5,255.0,254.4,250.25,72000,180.18,81,68000,94.44
SAGARDEEP,EQ,05-Oct-2026,22.52,22.52,23.19,22.0,22.0,22.1,22.4,8473,1.9,70,7770,91.70
SAGCEM,EQ,05-Oct-2026,150.01,150.01,153.51,147.01,147.31,148.68,149.44,13697,20.47,718,7293,53.25
SAGILITY,EQ,05-Oct-2026,43.17,43.25,43.82,42.21,42.57,42.57,42.8,17899984,7661.06,26141,7912646,44.20
SAHAJSOLAR,SM,05-Oct-2026,86.55,87.05,89.9,87.05,87.25,87.6,88.1,8800,7.75,22,4800,54.55
SAHANA,SM,05-Oct-2026,794.55,801.0,920.05,801.0,896.0,889.6,890.01,90300,803.68,452,59850,66.28
SAHASRA,SM,05-Oct-2026,477.05,494.95,500.9,485.0,500.9,500.9,498.08,190400,948.35,408,115600,60.71
SAHLIBHFI,EQ,05-Oct-2026,78.74,78.74,78.74,75.99,76.9,76.7,77.01,34289,26.41,144,26936,78.56
SAHYADRI,EQ,05-Oct-2026,355.65,363.0,369.85,348.35,362.9,361.4,359.51,10662,38.33,668,6714,62.97
SAICAPI,EQ,05-Oct-2026,155.0,155.0,155.0,147.1,155.0,155.0,150.73,232,0.35,13,182,78.45
SAIFL,SM,05-Oct-2026,4.1,4.05,4.4,4.05,4.2,4.2,4.16,156000,6.49,29,136000,87.18
SAIL,EQ,05-Oct-2026,174.5,174.21,180.44,173.28,176.95,176.95,175.86,11407529,20061.3,67552,4768803,41.80
SAILIFE,EQ,05-Oct-2026,1541.2,1549.5,1557.9,1501.0,1506.0,1511.3,1518.29,325814,4946.79,40900,171484,52.63
SAIPARENT,EQ,05-Oct-2026,523.65,520.65,520.65,494.0,495.0,498.7,505.69,143394,725.13,5119,91909,64.10
SAJHOTELS,ST,05-Oct-2026,28.75,28.85,29.0,28.75,29.0,29.0,28.84,8000,2.31,4,8000,100.00
SAKAR,EQ,05-Oct-2026,1075.0,1075.0,1094.0,985.0,1014.5,1006.8,1019.67,204117,2081.31,14725,109543,53.67
SAKHTISUG,EQ,05-Oct-2026,17.58,17.51,18.35,17.5,17.76,17.8,17.87,106089,18.96,666,45313,42.71
SAKSOFT,EQ,05-Oct-2026,139.33,139.65,144.0,138.56,142.0,140.72,140.81,259830,365.86,5437,84897,32.67
SAKUMA,EQ,05-Oct-2026,1.54,1.58,1.59,1.53,1.55,1.54,1.56,807962,12.61,968,581307,71.95
SALASAR,EQ,05-Oct-2026,4.13,4.22,4.22,4.01,4.06,4.04,4.08,3745201,152.9,4592,2126173,56.77
SALONA,EQ,05-Oct-2026,254.35,254.8,274.7,254.8,268.75,268.25,263.12,388,1.02,41,293,75.52
SALSTEEL,EQ,05-Oct-2026,98.92,98.92,100.42,93.98,93.98,93.98,95.83,697076,668.02,3300,340568,48.86
SALZERELEC,EQ,05-Oct-2026,530.9,526.85,535.9,520.2,523.0,525.05,526.56,33922,178.62,2748,16852,49.68
SAMBANDAM,EQ,05-Oct-2026,107.1,107.1,107.1,102.15,102.15,102.15,105.34,93,0.1,6,93,100.00
SAMBHAAV,EQ,05-Oct-2026,5.42,5.88,5.88,5.22,5.22,5.3,5.39,100521,5.42,206,65497,65.16
SAMBHV,EQ,05-Oct-2026,161.45,163.0,171.7,162.41,164.79,164.66,166.43,5203406,8660.22,54666,1746744,33.57
SAMHI,EQ,05-Oct-2026,154.37,154.35,155.99,150.0,150.3,150.41,151.79,397768,603.76,5572,194014,48.78
SAMMAANCAP,EQ,05-Oct-2026,132.48,135.05,138.75,132.51,133.15,133.11,135.34,7143240,9667.68,43395,2477704,34.69
SAMPANN,EQ,05-Oct-2026,24.01,24.01,24.79,23.82,24.07,23.91,24.15,5459,1.32,52,4000,73.27
SANATHAN,EQ,05-Oct-2026,504.35,511.0,532.3,506.5,523.0,528.35,522.84,103861,543.03,4881,52755,50.79
SANDESH,EQ,05-Oct-2026,990.05,991.55,1022.0,990.0,1000.1,1013.95,1008.25,496,5.0,110,363,73.19
SANDHAR,EQ,05-Oct-2026,563.85,568.0,572.75,552.0,554.65,555.3,559.86,100180,560.87,5951,47969,47.88
SANDUMA,EQ,05-Oct-2026,177.67,177.7,181.48,176.25,176.25,177.35,178.18,513160,914.37,11068,138124,26.92
SANGAMIND,EQ,05-Oct-2026,634.55,670.0,670.0,627.0,639.45,631.75,638.03,37447,238.92,2107,17170,45.85
SANGANI,SM,05-Oct-2026,54.15,55.0,56.85,55.0,56.85,56.85,56.03,69000,38.66,11,69000,100.00
SANGHVIMOV,EQ,05-Oct-2026,429.5,430.35,443.0,405.1,412.0,409.9,421.0,665789,2802.94,20727,387578,58.21
SANOFI,EQ,05-Oct-2026,3037.4,3040.0,3069.0,3016.8,3020.0,3024.2,3034.95,7594,230.47,1958,4293,56.53
SANOFICONR,EQ,05-Oct-2026,3787.2,3787.2,3787.9,3729.2,3760.1,3752.7,3752.48,4708,176.67,1901,2636,55.99
SANSERA,EQ,05-Oct-2026,4276.6,4282.5,4348.0,4212.7,4266.0,4291.3,4291.98,300321,12889.73,46322,148796,49.55
SANSTAR,EQ,05-Oct-2026,103.0,105.0,107.19,102.85,103.35,104.73,104.62,124564,130.31,4131,51991,41.74
SANWARIA,BZ,05-Oct-2026,0.19,0.2,0.2,0.19,0.19,0.19,0.2,296075,0.58,159,-,-
SAPPHIRE,EQ,05-Oct-2026,209.82,210.0,213.51,208.29,212.65,212.64,210.62,417142,878.6,12843,172025,41.24
SAPPL,EQ,05-Oct-2026,308.5,315.0,335.0,305.9,320.1,327.1,322.63,9600,30.97,258,8333,86.80
SARDAEN,EQ,05-Oct-2026,494.75,495.0,503.5,490.0,498.55,501.0,496.56,207207,1028.91,9186,104186,50.28
SAREGAMA,EQ,05-Oct-2026,494.75,497.95,500.05,488.85,498.75,497.1,495.48,171908,851.78,12425,73032,42.48
SARLAPOLY,EQ,05-Oct-2026,92.02,93.3,96.03,92.4,95.0,95.1,94.41,62596,59.1,806,54772,87.50
SARTELE,SM,05-Oct-2026,96.85,94.1,105.0,94.1,97.0,97.7,100.46,86500,86.9,133,39500,45.66
SARVESHWAR,EQ,05-Oct-2026,3.44,3.41,3.5,3.41,3.47,3.46,3.46,1300127,45.04,2062,794158,61.08
SASKEN,EQ,05-Oct-2026,1720.5,1750.0,1784.0,1675.4,1678.1,1683.2,1720.65,20074,345.4,3193,10088,50.25
SATECH,SM,05-Oct-2026,35.0,35.0,36.95,35.0,36.95,36.95,35.74,4000,1.43,4,4000,100.00
SATIA,EQ,05-Oct-2026,68.34,68.0,69.0,68.0,68.05,68.51,68.47,70953,48.58,890,37756,53.21
SATIN,EQ,05-Oct-2026,227.47,226.15,230.97,215.0,215.47,216.29,219.25,1194660,2619.25,19924,806940,67.55
SATIPOLY,SM,05-Oct-2026,32.5,32.5,32.5,32.5,32.5,32.5,32.5,500,0.16,1,500,100.00
SATKARTAR,SM,05-Oct-2026,184.1,182.5,194.8,180.0,180.0,180.85,185.76,37600,69.84,46,23200,61.70
SATTVAENGG,SM,05-Oct-2026,55.05,57.9,57.9,57.4,57.4,57.4,57.65,3200,1.84,2,1600,50.00
SAURASHCEM,EQ,05-Oct-2026,53.37,53.32,53.95,50.4,51.0,51.4,52.16,127808,66.66,860,104232,81.55
SAVY,SM,05-Oct-2026,134.85,134.85,134.85,134.85,134.85,134.85,134.85,2400,3.24,2,2400,100.00
SAWALIYA,SM,05-Oct-2026,178.0,178.0,182.5,172.6,182.5,174.9,177.26,271200,480.74,151,165000,60.84
SAYAJIHOTL,EQ,05-Oct-2026,304.0,328.6,328.95,302.0,306.5,306.5,315.71,335,1.06,14,58,17.31
SAYAJIIND,EQ,05-Oct-2026,119.5,118.95,120.0,118.95,120.0,120.0,119.32,806,0.96,6,806,100.00
SBC,EQ,05-Oct-2026,58.54,59.57,63.14,57.36,61.9,62.04,60.47,32139550,19434.82,52305,9208351,28.65
SBCL,EQ,05-Oct-2026,1066.4,1087.3,1108.0,1070.0,1074.1,1076.5,1085.84,139325,1512.84,13654,78818,56.57
SBFC,EQ,05-Oct-2026,84.19,84.19,87.18,82.4,82.7,82.83,83.35,3511188,2926.57,22467,2768678,78.85
SBGLP,EQ,05-Oct-2026,22.75,22.56,23.93,22.56,23.13,23.11,23.05,35623,8.21,241,22684,63.68
SBIBPB,EQ,05-Oct-2026,46.37,47.19,47.19,46.31,46.6,46.48,46.85,31613,14.81,504,18345,58.03
SBICARD,EQ,05-Oct-2026,563.2,565.25,577.15,561.25,566.0,566.0,566.86,778398,4412.43,26346,348965,44.83
SBIETFCON,EQ,05-Oct-2026,112.15,109.34,113.68,109.34,112.73,112.72,112.56,3765,4.24,143,2238,59.44
SBIETFIT,EQ,05-Oct-2026,313.26,313.61,318.8,311.25,314.66,312.96,315.29,7113,22.43,278,3672,51.62
SBIETFPB,EQ,05-Oct-2026,278.26,278.25,278.25,272.11,274.79,273.52,274.03,2611,7.15,165,1680,64.34
SBIETFQLTY,EQ,05-Oct-2026,209.05,209.04,209.04,205.32,206.75,206.58,206.49,2585,5.34,144,2250,87.04
SBIFUNDS,EQ,05-Oct-2026,500.35,501.95,503.4,494.0,495.6,495.4,498.76,986442,4919.96,40520,586695,59.48
SBILIFE,EQ,05-Oct-2026,1721.6,1721.6,1741.4,1709.5,1709.5,1709.5,1727.01,1322426,22838.46,40116,838863,63.43
SBILIQETF,EQ,05-Oct-2026,1058.58,1058.75,1058.77,1058.75,1058.77,1058.76,1058.77,242742,2570.07,100,239189,98.54
SBIMIDMOM,EQ,05-Oct-2026,60.26,60.86,61.1,60.48,60.52,60.65,60.65,49637,30.11,219,42954,86.54
SBIN,EQ,05-Oct-2026,954.1,959.0,969.45,956.0,958.0,958.0,960.76,8165087,78447.22,180329,4989171,61.10
SBINEQWETF,EQ,05-Oct-2026,31.41,31.56,31.56,31.0,31.15,31.27,31.06,116182,36.09,407,54787,47.16
SBINMID150,EQ,05-Oct-2026,21.69,21.94,21.95,21.69,21.72,21.75,21.82,13928,3.04,235,10444,74.99
SBISILVER,EQ,05-Oct-2026,214.14,215.01,217.61,214.85,217.15,217.32,216.3,827532,1789.95,7305,399194,48.24
SBISMLETF,EQ,05-Oct-2026,18.01,18.17,18.44,17.52,17.75,17.83,17.73,77369,13.72,520,43011,55.59
SBIVALETF,EQ,05-Oct-2026,14.22,14.17,14.2,13.81,13.96,13.92,13.95,19749,2.76,113,15584,78.91
SCANSTL,BE,05-Oct-2026,48.19,48.7,49.85,45.79,47.87,47.15,47.0,93029,43.72,209,-,-
SCHAEFFLER,EQ,05-Oct-2026,3885.6,3888.6,3908.6,3825.3,3843.2,3845.0,3849.56,38172,1469.45,10421,24620,64.50
SCHAND,EQ,05-Oct-2026,143.57,147.5,147.5,139.1,140.5,140.5,142.47,23644,33.69,726,17001,71.90
SCHNEIDER,EQ,05-Oct-2026,1275.4,1286.8,1318.8,1261.0,1281.7,1268.1,1292.34,444623,5746.05,40334,107517,24.18
SCI,EQ,05-Oct-2026,267.05,272.0,292.6,271.45,290.9,290.6,284.41,24814404,70573.54,259740,2961906,11.94
SCILAL,EQ,05-Oct-2026,36.65,37.0,37.49,36.26,37.3,37.26,37.0,287269,106.28,4141,142004,49.43
SCML,SM,05-Oct-2026,83.5,86.0,100.2,86.0,100.2,100.2,96.48,96000,92.62,82,62000,64.58
SCODATUBES,EQ,05-Oct-2026,123.0,123.0,127.9,120.98,124.0,124.62,123.72,278884,345.02,3286,133260,47.78
SCPL,BE,05-Oct-2026,620.45,633.7,633.7,610.35,618.5,617.85,617.93,3408,21.06,173,-,-
SDBL,EQ,05-Oct-2026,74.94,75.4,76.0,72.82,73.45,73.21,73.92,717652,530.45,6457,222297,30.98
SDREAMS,SM,05-Oct-2026,81.0,84.9,85.0,84.9,85.0,85.0,84.95,2000,1.7,2,2000,100.00
SEAMECLTD,EQ,05-Oct-2026,1594.7,1594.7,1611.9,1552.4,1574.0,1577.9,1574.82,48124,757.87,5278,27000,56.11
SECL,SZ,05-Oct-2026,2.75,2.7,2.75,2.7,2.75,2.75,2.73,18750,0.51,3,18750,100.00
SECLEDBETA,EQ,05-Oct-2026,13.66,14.15,14.15,13.68,13.88,13.74,13.79,15414,2.13,48,11009,71.42
SECMARK,EQ,05-Oct-2026,137.48,142.0,142.0,134.1,134.4,137.41,138.41,1258,1.74,28,831,66.06
SECURKLOUD,EQ,05-Oct-2026,16.77,16.98,17.03,15.8,16.2,16.13,16.13,45723,7.38,328,39254,85.85
SEDEMAC,EQ,05-Oct-2026,3432.8,3607.8,3650.0,3355.0,3360.1,3372.3,3463.48,233050,8071.65,33930,57628,24.73
SEIL,EQ,05-Oct-2026,186.68,183.1,188.18,181.82,183.9,183.52,184.48,48887,90.19,1095,21921,44.84
SEJALLTD,EQ,05-Oct-2026,656.5,657.2,661.5,638.1,660.0,651.2,650.75,6161,40.09,387,4335,70.36
SEKURITIND,EQ,05-Oct-2026,109.19,108.3,113.2,108.01,108.01,108.72,110.42,20206,22.31,665,11489,56.86
SEL,SM,05-Oct-2026,310.1,320.0,320.0,320.0,320.0,320.0,320.0,800,2.56,4,800,100.00
SELECTIPO,EQ,05-Oct-2026,45.48,46.61,46.97,45.48,45.73,45.79,45.73,81986,37.5,176,56144,68.48
SELLOWRAP,SM,05-Oct-2026,62.0,64.0,64.0,62.0,62.0,62.0,63.33,4800,3.04,3,4800,100.00
SELMC,BE,05-Oct-2026,25.09,24.02,24.97,23.84,23.84,23.84,23.88,24005,5.73,162,-,-
SEMAC,EQ,05-Oct-2026,241.99,242.4,242.4,237.0,239.04,239.04,241.37,321,0.77,32,196,61.06
SENCO,EQ,05-Oct-2026,317.4,317.4,319.9,312.9,317.0,316.95,315.73,767941,2424.66,23919,372110,48.46
SENORES,EQ,05-Oct-2026,1349.6,1355.0,1375.0,1300.1,1315.0,1321.2,1322.57,272680,3606.37,27058,123740,45.38
SENSEXADD,EQ,05-Oct-2026,75.16,75.53,75.53,74.16,74.78,74.78,74.69,3459,2.58,114,2520,72.85
SENSEXAXIS,EQ,05-Oct-2026,74.75,74.75,75.82,74.75,75.07,75.22,75.19,8928,6.71,87,4432,49.64
SENSEXBETA,EQ,05-Oct-2026,797.32,794.0,810.0,794.0,810.0,808.67,802.22,1265,10.15,175,639,50.51
SENSEXETF,EQ,05-Oct-2026,74.43,74.6,75.1,74.28,74.64,74.67,74.65,62059,46.33,387,26548,42.78
SENSEXIETF,EQ,05-Oct-2026,829.54,842.3,842.3,828.02,833.0,834.11,832.02,62804,522.54,733,54876,87.38
SEPC,EQ,05-Oct-2026,5.08,5.2,5.23,5.07,5.12,5.11,5.13,5180319,265.51,3575,2599095,50.17
SERVICE,SM,05-Oct-2026,68.75,71.7,71.7,66.05,69.2,69.2,69.23,22000,15.23,10,4000,18.18
SERVOTECH,EQ,05-Oct-2026,69.2,70.0,72.7,69.77,71.84,71.93,71.19,744174,529.76,6712,355791,47.81
SESHAPAPER,EQ,05-Oct-2026,236.35,238.55,240.0,233.0,235.0,234.76,235.46,80921,190.54,1133,65028,80.36
SETCO,BE,05-Oct-2026,18.13,18.18,18.72,17.52,17.99,17.6,18.09,31576,5.71,226,-,-
SETF10GILT,EQ,05-Oct-2026,261.0,261.0,261.0,258.1,260.93,260.58,259.78,14141,36.73,87,12296,86.95
SETFGOLD,EQ,05-Oct-2026,125.35,125.35,125.55,123.7,125.4,125.41,125.11,5771979,7221.29,22314,3271877,56.69
SETFNIF50,EQ,05-Oct-2026,242.31,243.5,248.36,241.85,244.01,243.13,243.07,2028660,4930.98,9631,1732361,85.39
SETFNIFBK,EQ,05-Oct-2026,560.84,561.93,567.79,559.18,562.3,561.27,562.24,324824,1826.3,1014,310327,95.54
SETFNN50,EQ,05-Oct-2026,742.49,741.6,747.65,738.41,742.75,742.05,743.06,25972,192.99,2231,17196,66.21
SETL,EQ,05-Oct-2026,416.95,421.7,437.75,417.15,430.5,430.05,431.82,821094,3545.64,11148,404732,49.29
SETUINFRA,BZ,05-Oct-2026,0.51,0.5,0.5,0.5,0.5,0.5,0.5,22010,0.11,25,-,-
SEYAIND,BE,05-Oct-2026,13.19,13.45,13.45,12.93,13.1,13.12,13.07,1065,0.14,24,-,-
SFL,EQ,05-Oct-2026,616.65,622.85,634.85,615.7,618.05,620.45,620.82,140174,870.23,10095,84037,59.95
SGBAPR28I,GB,05-Oct-2026,14772.39,14702.0,14799.99,14699.99,14799.99,14782.34,14752.64,110,16.23,35,85,77.27
SGBAUG27,GB,05-Oct-2026,14716.81,14863.97,14863.97,14650.21,14715.0,14695.25,14724.15,48,7.07,20,32,66.67
SGBAUG28V,GB,05-Oct-2026,14759.75,14760.0,14818.99,14660.0,14700.0,14701.9,14691.99,615,90.36,179,469,76.26
SGBAUG29V,GB,05-Oct-2026,14730.55,14850.0,14850.0,14661.0,14730.0,14729.12,14733.66,251,36.98,110,171,68.13
SGBAUG30,GB,05-Oct-2026,14881.82,15149.0,15179.5,14810.01,14815.0,14846.59,14944.04,167,24.96,64,102,61.08
SGBD29VIII,GB,05-Oct-2026,14772.6,14999.0,14999.0,14730.0,14730.0,14757.87,14779.51,252,37.24,84,153,60.71
SGBDC27VII,GB,05-Oct-2026,14758.33,14750.0,14750.0,14700.0,14710.0,14710.0,14727.5,4,0.59,3,4,100.00
SGBDE30III,GB,05-Oct-2026,15009.95,14934.9,15098.97,14811.01,14925.01,14947.81,14968.32,124,18.56,48,89,71.77
SGBDE31III,GB,05-Oct-2026,15261.66,15061.66,15643.2,15030.0,15150.0,15136.04,15126.47,2452,370.9,431,1953,79.65
SGBDEC26,GB,05-Oct-2026,14702.0,14660.0,14660.0,14660.0,14660.0,14660.0,14660.0,1,0.15,1,1,100.00
SGBFEB27,GB,05-Oct-2026,14897.39,14515.0,14699.0,14511.0,14649.0,14635.0,14618.64,11,1.61,7,7,63.64
SGBFEB28IX,GB,05-Oct-2026,14718.9,14719.0,14719.0,14719.0,14719.0,14719.0,14719.0,1,0.15,1,1,100.00
SGBFEB29XI,GB,05-Oct-2026,14866.0,14610.01,14729.9,14610.01,14728.43,14728.43,14695.3,47,6.91,20,29,61.70
SGBFEB32IV,GB,05-Oct-2026,15576.52,15523.0,15747.7,15456.0,15485.01,15508.46,15538.17,1891,293.83,419,1192,63.04
SGBJAN29IX,GB,05-Oct-2026,14742.54,14610.01,14799.0,14610.01,14690.0,14697.89,14702.18,263,38.67,45,233,88.59
SGBJAN29X,GB,05-Oct-2026,14750.0,14750.0,14750.0,14612.0,14700.0,14681.2,14672.33,109,15.99,27,64,58.72
SGBJAN30IX,GB,05-Oct-2026,14950.0,14950.0,14950.0,14711.11,14800.0,14829.34,14790.93,107,15.83,45,68,63.55
SGBJU29III,GB,05-Oct-2026,14756.35,14750.0,14760.0,14750.0,14750.1,14750.1,14750.49,160,23.6,26,149,93.13
SGBJUL27,GB,05-Oct-2026,14702.74,14702.74,14702.74,14702.74,14702.74,14702.74,14702.74,1,0.15,1,1,100.00
SGBJUL28IV,GB,05-Oct-2026,14677.68,14700.0,14749.99,14612.0,14690.0,14681.9,14677.14,148,21.72,40,129,87.16
SGBJUL29IV,GB,05-Oct-2026,14729.44,14729.44,14800.0,14666.0,14800.0,14786.3,14721.56,83,12.22,38,57,68.67
SGBJUN27,GB,05-Oct-2026,14789.98,14625.0,14625.0,14625.0,14625.0,14625.0,14625.0,5,0.73,1,5,100.00
SGBJUN28,GB,05-Oct-2026,14739.5,14739.5,14740.0,14610.01,14740.0,14737.03,14709.51,155,22.8,14,144,92.90
SGBJUN29II,GB,05-Oct-2026,14740.0,14631.51,14740.0,14631.51,14725.0,14725.66,14728.94,72,10.6,22,71,98.61
SGBJUN30,GB,05-Oct-2026,14807.87,14810.01,14999.0,14807.87,14939.0,14839.99,14886.15,62,9.23,24,38,61.29
SGBJUN31I,GB,05-Oct-2026,15048.83,14973.59,15048.83,14930.0,15039.0,15021.35,14993.56,800,119.95,197,597,74.63
SGBMAR28X,GB,05-Oct-2026,14676.0,14676.0,14700.9,14676.0,14700.9,14700.9,14676.71,70,10.27,8,70,100.00
SGBMAR30X,GB,05-Oct-2026,14981.0,14981.0,14981.0,14736.0,14835.0,14839.8,14863.67,69,10.26,16,55,79.71
SGBMAR31IV,GB,05-Oct-2026,15003.99,14928.97,15188.26,14838.0,14925.0,14975.07,14944.43,291,43.49,96,208,71.48
SGBMAY28,GB,05-Oct-2026,14769.99,14769.99,14769.99,14690.0,14700.07,14714.73,14708.43,89,13.09,24,77,86.52
SGBMAY29I,GB,05-Oct-2026,14756.89,14756.89,14800.01,14700.0,14735.05,14742.14,14756.39,947,139.74,143,782,82.58
SGBMR29XII,GB,05-Oct-2026,14780.96,14850.0,14860.0,14645.01,14662.0,14673.92,14757.99,46,6.79,23,41,89.13
SGBN28VIII,GB,05-Oct-2026,14735.0,14735.0,14755.0,14686.0,14710.01,14710.01,14712.1,186,27.36,35,157,84.41
SGBNV29VII,GB,05-Oct-2026,14762.0,14701.0,14795.0,14701.0,14725.01,14733.11,14732.11,328,48.32,57,251,76.52
SGBOC28VII,GB,05-Oct-2026,14740.0,14750.0,14849.99,14700.0,14735.01,14735.01,14735.63,171,25.2,22,103,60.23
SGBOCT26,GB,05-Oct-2026,14830.0,14650.0,14780.0,14650.0,14780.0,14780.0,14745.87,35,5.16,5,31,88.57
SGBOCT27VI,GB,05-Oct-2026,14700.0,14700.0,14775.01,14700.0,14760.0,14760.0,14748.34,18,2.65,8,7,38.89
SGBSEP27,GB,05-Oct-2026,14699.0,14700.0,14700.0,14560.0,14700.0,14700.0,14675.29,17,2.49,5,14,82.35
SGBSEP28VI,GB,05-Oct-2026,14672.39,14610.01,14975.0,14599.03,14670.02,14667.31,14684.42,123,18.06,53,101,82.11
SGBSEP29VI,GB,05-Oct-2026,14782.06,14656.0,14800.0,14655.01,14660.02,14690.83,14707.22,735,108.1,119,380,51.70
SGBSEP31II,GB,05-Oct-2026,15029.3,15029.3,15275.0,14901.0,15000.0,14979.66,14943.85,1910,285.43,400,1382,72.36
SGFIN,EQ,05-Oct-2026,631.85,659.35,697.0,647.6,679.0,677.95,679.65,3245313,22056.81,106384,851906,26.25
SGIL,EQ,05-Oct-2026,613.85,605.0,632.3,596.0,600.0,603.0,609.48,4999,30.47,524,2168,43.37
SGL,EQ,05-Oct-2026,8.5,8.56,8.84,8.56,8.84,8.84,8.61,22642,1.95,60,22343,98.68
SGLRES,EQ,05-Oct-2026,2.27,2.22,2.38,2.18,2.19,2.23,2.24,57778,1.3,147,39178,67.81
SGMART,EQ,05-Oct-2026,742.2,750.0,758.3,730.9,740.0,737.65,747.83,397450,2972.26,29431,233856,58.84
SGRL,EQ,05-Oct-2026,694.25,700.0,709.3,669.05,690.0,680.4,681.76,12588,85.82,1299,6786,53.91
SHADOWFAX,EQ,05-Oct-2026,273.15,274.05,290.5,274.05,289.05,289.05,286.95,5956547,17092.54,87210,2758125,46.30
SHAH,EQ,05-Oct-2026,3.03,3.03,3.1,2.99,3.09,3.07,3.03,511995,15.54,618,336009,65.63
SHAHALLOYS,BE,05-Oct-2026,85.37,85.1,85.1,81.3,82.0,82.0,82.3,19540,16.08,213,-,-
SHAILY,EQ,05-Oct-2026,3009.1,3020.0,3079.0,2979.3,3020.0,3012.8,3030.35,105774,3205.32,25274,43206,40.85
SHAKTIPUMP,EQ,05-Oct-2026,454.1,455.95,463.5,441.15,442.2,443.4,452.17,431828,1952.61,17739,203480,47.12
SHALBY,EQ,05-Oct-2026,133.55,133.0,135.49,132.51,133.6,134.01,134.06,36205,48.54,1639,18268,50.46
SHALPAINTS,BE,05-Oct-2026,78.34,78.34,79.02,74.76,76.2,75.17,76.3,150821,115.07,525,-,-
SHANKARA,EQ,05-Oct-2026,124.4,124.0,124.0,117.0,118.25,118.16,120.3,107711,129.58,1623,70917,65.84
SHANKESH,EQ,05-Oct-2026,87.93,89.24,91.3,87.5,88.5,88.24,89.01,1386109,1233.84,12911,477424,34.44
SHANTHALA,SM,05-Oct-2026,13.6,13.25,13.9,13.05,13.9,13.9,13.21,15600,2.06,5,15600,100.00
SHANTI,EQ,05-Oct-2026,5.5,5.07,5.69,5.07,5.48,5.44,5.37,17641,0.95,105,13230,75.00
SHANTIGEAR,EQ,05-Oct-2026,573.65,582.6,599.0,572.05,590.65,591.75,588.37,58856,346.29,2696,26574,45.15
SHANTIGOLD,EQ,05-Oct-2026,303.55,310.0,323.5,308.5,317.7,316.6,315.35,3136803,9891.76,37467,884807,28.21
SHANTIINOR,SM,05-Oct-2026,172.95,167.0,175.5,167.0,168.55,168.05,168.91,371200,626.98,63,347200,93.53
SHARDACROP,EQ,05-Oct-2026,709.2,712.5,729.7,711.25,718.9,720.1,720.8,91626,660.44,10775,33417,36.47
SHARDAMOTR,EQ,05-Oct-2026,928.8,929.9,938.6,910.3,918.0,918.6,922.78,27384,252.69,4063,12043,43.98
SHARDUL,BE,05-Oct-2026,57.98,58.4,58.6,57.0,58.15,58.11,57.91,38922,22.54,116,-,-
SHAREINDIA,EQ,05-Oct-2026,205.09,208.2,219.0,204.51,205.5,206.06,212.57,2810914,5975.2,39257,697035,24.80
SHARIABEES,EQ,05-Oct-2026,423.26,423.26,437.7,420.0,424.0,421.48,421.8,12399,52.3,847,6356,51.26
SHBAJRG,EQ,05-Oct-2026,172.33,174.05,176.0,161.71,161.71,164.79,168.64,11077,18.68,426,7311,66.00
SHEEL,SM,05-Oct-2026,60.2,60.0,60.0,60.0,60.0,60.0,60.0,2000,1.2,1,2000,100.00
SHEETAL,SM,05-Oct-2026,359.0,358.5,358.7,358.5,358.7,358.65,358.6,2000,7.17,3,1500,75.00
SHEKHAWATI,BE,05-Oct-2026,30.1,28.6,28.6,28.6,28.6,28.6,28.6,4882,1.4,71,-,-
SHEMAROO,EQ,05-Oct-2026,115.21,116.36,117.89,109.99,110.22,110.56,112.51,17297,19.46,176,15331,88.63
SHERA,SM,05-Oct-2026,190.0,194.0,198.0,187.0,187.0,187.0,190.85,32000,61.07,31,23000,71.88
SHERVANI,EQ,05-Oct-2026,335.0,315.0,315.05,299.25,315.0,315.0,313.71,64,0.2,7,64,100.00
SHETHJI,SM,05-Oct-2026,184.15,184.5,186.7,181.5,181.5,184.05,184.48,28000,51.65,23,19000,67.86
SHIGAN,SM,05-Oct-2026,62.6,62.6,63.6,62.35,62.8,62.8,62.84,13500,8.48,7,12000,88.89
SHILCTECH,EQ,05-Oct-2026,4033.0,4035.0,4078.3,3969.0,4050.0,4032.9,4024.54,13865,558.0,3365,6691,48.26
SHILGRAVQ,EQ,05-Oct-2026,139.35,137.65,148.1,137.0,139.1,142.87,138.84,773,1.07,60,741,95.86
SHILPAMED,EQ,05-Oct-2026,1064.1,1069.0,1081.9,1020.2,1029.5,1031.2,1041.75,870692,9070.47,35667,571626,65.65
SHINDL,EQ,05-Oct-2026,159.12,159.04,159.59,155.25,157.1,158.41,158.26,77098,122.01,888,57879,75.07
SHIPROCKET,EQ,05-Oct-2026,119.98,120.99,124.5,120.05,124.0,123.0,122.53,3116897,3819.13,49557,1253865,40.23
SHIVAAGRO,EQ,05-Oct-2026,39.22,39.0,39.0,38.4,38.7,38.7,38.52,949,0.37,19,949,100.00
SHIVACEM,EQ,05-Oct-2026,13.34,13.3,13.3,12.45,12.6,12.7,12.83,216275,27.74,888,167499,77.45
SHIVALIK,EQ,05-Oct-2026,394.05,400.8,401.95,374.2,374.6,375.3,382.72,46656,178.56,2644,25081,53.76
SHIVAMAUTO,EQ,05-Oct-2026,17.07,17.41,17.41,16.6,16.65,16.67,16.87,41370,6.98,240,27814,67.23
SHIVAMILLS,EQ,05-Oct-2026,56.59,58.0,59.41,57.0,59.32,59.32,58.55,1618,0.95,47,1391,85.97
SHIVASHRIT,SM,05-Oct-2026,113.75,112.7,120.5,111.5,115.0,115.95,117.1,118000,138.18,97,72000,61.02
SHIVATEX,EQ,05-Oct-2026,172.6,169.0,171.0,165.01,165.01,165.01,165.77,4797,7.95,60,4390,91.52
SHIVAUM,EQ,05-Oct-2026,554.6,535.5,563.9,525.05,560.0,558.95,550.11,20380,112.11,641,3564,17.49
SHK,EQ,05-Oct-2026,137.86,138.0,140.89,136.0,136.5,137.42,137.58,195849,269.45,3914,106307,54.28
SHKSIL,SM,05-Oct-2026,31.95,31.05,31.5,31.05,31.5,31.5,31.35,6000,1.88,3,6000,100.00
SHOPERSTOP,EQ,05-Oct-2026,404.7,397.15,407.35,395.2,395.2,395.5,397.73,40206,159.91,1675,20421,50.79
SHRADDHA,EQ,05-Oct-2026,155.1,160.1,179.0,157.1,163.0,164.79,168.71,91009,153.54,2057,42306,46.49
SHRADHA,EQ,05-Oct-2026,29.89,29.89,31.02,28.5,29.3,29.36,29.08,8474,2.46,122,6121,72.23
SHREDIGCEM,EQ,05-Oct-2026,66.69,66.69,67.2,65.57,66.0,66.33,66.4,52935,35.15,1004,23680,44.73
SHREECEM,EQ,05-Oct-2026,21900.0,21750.0,22100.0,21720.0,21990.0,21990.0,21863.92,39075,8543.32,13283,24431,62.52
SHREEDHAR,ST,05-Oct-2026,157.15,160.0,160.0,158.0,158.0,158.0,158.99,8000,12.72,4,8000,100.00
SHREEJISPG,EQ,05-Oct-2026,775.35,779.8,788.1,768.8,782.5,779.85,779.4,915863,7138.22,18583,404201,44.13
SHREEKARNI,SM,05-Oct-2026,378.0,372.0,377.0,372.0,377.0,377.0,374.5,300,1.12,2,300,100.00
SHREEOSFM,SM,05-Oct-2026,55.1,56.0,61.9,56.0,60.0,59.95,59.94,53000,31.77,49,43000,81.13
SHREEPUSHK,EQ,05-Oct-2026,491.5,500.0,506.9,491.85,493.0,494.55,497.96,43640,217.31,2339,23605,54.09
SHREERAMA,EQ,05-Oct-2026,43.16,44.0,44.6,42.72,42.98,43.09,43.92,38309,16.82,965,16012,41.80
SHRENIK,BZ,05-Oct-2026,0.28,0.28,0.29,0.28,0.29,0.28,0.28,650128,1.83,197,-,-
SHREYANIND,EQ,05-Oct-2026,126.29,125.66,129.65,125.66,129.0,129.0,128.99,8211,10.59,218,7539,91.82
SHRIAHIMSA,SM,05-Oct-2026,422.5,416.05,445.0,416.05,445.0,441.65,431.64,12000,51.8,20,6600,55.00
SHRIKANHA,SM,05-Oct-2026,21.95,22.0,23.0,22.0,22.95,22.95,22.65,4800,1.09,3,4800,100.00
SHRIKRISH,EQ,05-Oct-2026,35.96,34.15,35.85,32.56,32.77,34.05,34.05,3897,1.33,35,2926,75.08
SHRINGARMS,EQ,05-Oct-2026,221.31,222.85,223.28,218.11,220.5,219.36,220.11,290081,638.5,3695,136661,47.11
SHRIPISTON,EQ,05-Oct-2026,4490.5,4550.0,4567.1,4369.0,4397.0,4398.8,4426.22,75521,3342.73,19238,37682,49.90
SHRIRAMFIN,EQ,05-Oct-2026,945.0,964.0,973.5,954.0,971.4,971.4,966.19,5092892,49206.76,94768,3028020,59.46
SHRIRAMPPS,EQ,05-Oct-2026,67.36,67.45,68.34,66.4,67.8,67.52,67.4,309049,208.31,3274,152063,49.20
SHRJAGP,EQ,05-Oct-2026,673.0,684.0,708.9,680.0,685.0,685.0,695.42,716,4.98,87,440,61.45
SHUBHLAXMI,SM,05-Oct-2026,17.25,16.45,16.45,16.45,16.45,16.45,16.45,1000,0.16,1,1000,100.00
SHUBHSHREE,SM,05-Oct-2026,334.0,322.0,322.0,322.0,322.0,322.0,322.0,300,0.97,1,300,100.00
SHUKRAPHAR,EQ,05-Oct-2026,61.8,62.84,73.88,62.5,71.0,70.49,69.19,55171960,38174.5,292029,4372440,7.93
SHYAMCENT,EQ,05-Oct-2026,5.0,5.45,5.45,4.9,5.1,5.07,5.1,93969,4.79,1233,83541,88.90
SHYAMMETL,EQ,05-Oct-2026,1047.8,1054.0,1057.6,1015.0,1019.8,1020.2,1033.21,527412,5449.29,27925,334077,63.34
SHYAMTEL,EQ,05-Oct-2026,10.32,10.79,11.3,10.5,11.2,10.93,10.81,6059,0.66,42,5175,85.41
SICAGEN,EQ,05-Oct-2026,50.96,51.4,53.3,50.1,52.2,52.37,51.93,8560,4.45,98,5876,68.64
SICALLOG,BE,05-Oct-2026,87.08,87.77,91.4,87.2,88.5,88.68,90.08,20373,18.35,124,-,-
SIDDHICOTS,SM,05-Oct-2026,26.0,26.0,26.0,26.0,26.0,26.0,26.0,4800,1.25,3,4800,100.00
SIDDHIKA,SM,05-Oct-2026,214.25,211.0,211.0,210.5,211.0,211.0,210.83,3000,6.33,4,3000,100.00
SIEL,EQ,05-Oct-2026,30.46,31.0,31.0,30.05,31.0,31.0,30.94,209,0.06,10,184,88.04
SIEMENS,EQ,05-Oct-2026,3804.0,3804.0,3842.0,3700.0,3701.1,3701.1,3755.67,184140,6915.69,22035,81422,44.22
SIGACHI,EQ,05-Oct-2026,28.34,28.49,28.93,28.06,28.9,28.72,28.54,1604708,457.94,5786,544184,33.91
SIGIND,BE,05-Oct-2026,67.42,69.99,69.99,64.05,65.94,64.06,64.74,31422,20.34,137,-,-
SIGMA,EQ,05-Oct-2026,44.91,46.0,46.15,43.31,44.31,43.83,44.59,100749,44.92,1584,37109,36.83
SIGMAADV,BE,05-Oct-2026,1076.9,1130.7,1130.7,1036.0,1130.7,1130.6,1106.55,835410,9244.19,12259,-,-
SIGNATURE,EQ,05-Oct-2026,737.45,736.8,744.8,732.0,737.0,738.2,736.75,337538,2486.82,5930,159458,47.24
SIGNORIA,ST,05-Oct-2026,143.0,140.0,149.3,140.0,149.3,149.3,144.65,2000,2.89,2,1000,50.00
SIGNPOST,EQ,05-Oct-2026,259.4,265.7,265.7,256.2,258.7,260.85,260.1,16214,42.17,813,7450,45.95
SIKA,EQ,05-Oct-2026,1018.2,1028.2,1038.0,1015.0,1018.0,1022.6,1024.67,16720,171.32,1955,8318,49.75
SIKKO,BE,05-Oct-2026,6.22,6.22,6.32,5.91,6.09,6.21,6.06,382053,23.14,716,-,-
SIL,EQ,05-Oct-2026,15.83,15.51,16.48,15.51,16.02,15.98,15.93,16385,2.61,324,13202,80.57
SILGO,EQ,05-Oct-2026,70.17,70.89,71.7,68.75,68.75,69.49,69.88,5571,3.89,122,4788,85.95
SILINV,EQ,05-Oct-2026,424.55,418.8,451.0,418.8,440.0,445.75,434.76,3970,17.26,183,2763,69.60
SILKFLEX,SM,05-Oct-2026,286.75,297.8,300.8,285.0,300.8,300.15,296.42,16000,47.43,16,9000,56.25
SILVER,EQ,05-Oct-2026,217.94,218.51,221.6,218.51,220.94,221.22,220.26,557713,1228.42,9436,216958,38.90
SILVER001,EQ,05-Oct-2026,21.99,22.39,22.43,22.11,22.41,22.33,22.33,24556,5.48,67,24037,97.89
SILVER1,EQ,05-Oct-2026,21.18,21.37,21.55,21.27,21.53,21.51,21.43,8303174,1779.42,7180,2960898,35.66
SILVER360,EQ,05-Oct-2026,214.83,216.97,218.57,215.05,218.05,217.71,217.34,11578,25.16,365,6937,59.92
SILVERADD,EQ,05-Oct-2026,21.02,21.33,21.42,21.13,21.42,21.34,21.27,726716,154.6,2665,227657,31.33
SILVERAG,EQ,05-Oct-2026,212.81,213.01,216.19,213.01,215.52,215.75,215.24,157588,339.19,2437,86121,54.65
SILVERAXIS,EQ,05-Oct-2026,217.05,219.21,220.81,218.01,220.55,220.26,219.02,294606,645.24,2370,138431,46.99
SILVERBEES,EQ,05-Oct-2026,208.71,209.72,212.35,209.56,211.91,211.85,211.04,17563704,37067.21,81485,9002993,51.26
SILVERBETA,EQ,05-Oct-2026,210.91,211.5,214.28,211.5,214.21,213.84,213.25,298446,636.44,3445,159899,53.58
SILVERBND,EQ,05-Oct-2026,219.19,221.98,222.96,219.7,222.93,222.53,222.34,19676,43.75,142,16130,81.98
SILVERCASE,EQ,05-Oct-2026,22.12,22.21,22.49,22.21,22.48,22.43,22.36,5113317,1143.27,10317,1893355,37.03
SILVERIETF,EQ,05-Oct-2026,217.95,218.51,221.9,218.51,221.28,221.18,220.16,2569830,5657.76,24155,1310102,50.98
SILVERTUC,EQ,05-Oct-2026,138.68,138.5,142.0,136.77,139.0,137.41,138.77,66478,92.25,1822,28663,43.12
SIMBHALS,BZ,05-Oct-2026,6.72,7.05,7.05,7.05,7.05,7.05,7.05,4750,0.33,6,-,-
SIMCA,ST,05-Oct-2026,290.05,303.8,303.95,300.0,302.0,302.0,301.88,25200,76.07,37,25200,100.00
SIMPLEXINF,EQ,05-Oct-2026,245.01,254.9,263.0,248.11,250.0,249.61,254.99,280280,714.68,6505,117568,41.95
SIMPLXREA,EQ,05-Oct-2026,123.5,124.0,129.0,117.36,117.36,117.43,128.67,99,0.13,7,99,100.00
SINCLAIR,EQ,05-Oct-2026,76.71,76.75,78.95,75.12,76.8,75.87,76.3,24830,18.94,700,15581,62.75
SINDHUTRAD,EQ,05-Oct-2026,22.23,22.13,22.82,21.82,22.06,22.13,22.05,361160,79.65,910,242590,67.17
SINGERIND,EQ,05-Oct-2026,74.66,74.05,77.07,74.05,74.21,74.6,75.46,56846,42.9,1702,32636,57.41
SINTERCOM,EQ,05-Oct-2026,75.87,75.9,75.9,75.9,75.9,75.9,75.9,1,0.0,1,1,100.00
SIRCA,EQ,05-Oct-2026,401.55,401.6,404.8,400.15,401.9,401.7,402.39,122332,492.25,2280,46772,38.23
SIS,EQ,05-Oct-2026,412.85,413.45,419.9,411.6,412.5,414.7,417.35,57546,240.17,6968,28055,48.75
SITINET,BZ,05-Oct-2026,0.27,0.27,0.28,0.26,0.27,0.26,0.26,1109785,2.93,327,-,-
SIYSIL,EQ,05-Oct-2026,531.55,535.8,544.0,531.5,544.0,540.15,536.86,20499,110.05,1638,11547,56.33
SJLOGISTIC,SM,05-Oct-2026,311.5,311.85,318.5,311.5,315.0,314.85,315.5,12250,38.65,45,9500,77.55
SJS,EQ,05-Oct-2026,2159.8,2159.8,2175.0,2022.2,2027.0,2039.6,2066.04,380923,7870.02,49024,228631,60.02
SJVN,EQ,05-Oct-2026,57.91,58.3,58.5,57.01,57.1,57.16,57.59,2071448,1192.93,28721,911433,44.00
SKFINDIA,EQ,05-Oct-2026,1450.2,1420.0,1458.9,1420.0,1440.4,1445.9,1443.37,43200,623.53,8089,23005,53.25
SKFINDUS,EQ,05-Oct-2026,2734.2,2759.9,2759.9,2670.1,2705.1,2729.5,2713.08,21506,583.47,5795,9046,42.06
SKIL,BZ,05-Oct-2026,0.97,1.01,1.01,1.01,1.01,1.01,1.01,41651,0.42,16,-,-
SKIPPER,EQ,05-Oct-2026,541.2,543.0,551.9,534.0,536.75,538.9,541.84,402506,2180.94,18602,149463,37.13
SKMEGGPROD,EQ,05-Oct-2026,205.29,204.0,206.38,199.3,201.9,201.4,202.19,170126,343.98,3872,96504,56.73
SKP,SM,05-Oct-2026,163.0,165.0,165.5,162.0,165.0,165.0,164.49,18500,30.43,29,2000,10.81
SKYGOLD,EQ,05-Oct-2026,810.65,818.0,839.0,814.0,823.5,825.9,825.78,1050336,8673.45,38496,578649,55.09
SKYTECH,SM,05-Oct-2026,38.9,40.8,40.8,39.4,40.75,40.7,40.59,83200,33.77,49,64000,76.92
SKYWAYS,EQ,05-Oct-2026,110.29,111.7,113.42,108.85,109.77,109.48,110.9,1317759,1461.4,16815,317462,24.09
SLONE,SM,05-Oct-2026,161.0,161.0,164.0,160.0,162.9,162.9,161.65,2400,3.88,6,2400,100.00
SMALL250,EQ,05-Oct-2026,17.63,18.25,18.25,17.57,17.68,17.68,17.71,235470,41.7,1141,113124,48.04
SMALLADD,EQ,05-Oct-2026,17.73,18.17,18.17,17.69,17.87,17.79,17.77,25608,4.55,240,12520,48.89
SMALLCAP,EQ,05-Oct-2026,47.43,48.61,48.61,46.66,47.55,47.47,47.43,1429138,677.91,4870,802829,56.18
SMALLGROWW,EQ,05-Oct-2026,48.21,48.49,48.69,47.2,47.52,47.5,47.5,12693,6.03,185,7281,57.36
SMALLIETF,EQ,05-Oct-2026,17.69,17.94,17.94,17.47,17.6,17.61,17.66,35673,6.3,209,19199,53.82
SMARTEN,SM,05-Oct-2026,57.95,59.1,59.1,55.1,55.9,55.65,55.38,45600,25.25,36,36000,78.95
SMARTLINK,BE,05-Oct-2026,212.1,220.0,222.7,216.71,222.7,222.7,221.28,4925,10.9,90,-,-
SMARTWORKS,EQ,05-Oct-2026,510.65,515.0,515.0,496.1,500.0,497.8,502.4,70592,354.66,4719,45403,64.32
SMCGLOBAL,EQ,05-Oct-2026,99.06,100.0,118.8,96.22,114.9,114.5,111.61,85008573,94880.35,497976,5998624,7.06
SML100CASE,EQ,05-Oct-2026,10.83,11.15,11.15,10.77,10.83,10.84,10.85,1821506,197.71,2159,873134,47.93
SMLMAH,EQ,05-Oct-2026,6251.0,6390.0,6459.0,6280.0,6339.5,6354.0,6361.76,41005,2608.64,8029,15432,37.63
SMLT,EQ,05-Oct-2026,74.18,82.4,88.79,77.0,78.88,78.72,80.47,519788,418.26,7128,144329,27.77
SMSPHARMA,EQ,05-Oct-2026,471.3,479.0,489.0,472.5,476.1,477.85,480.12,535364,2570.41,15307,234899,43.88
SNEHAA,SM,05-Oct-2026,44.35,44.35,44.35,44.35,44.35,44.35,44.35,1000,0.44,1,1000,100.00
SNOWMAN,EQ,05-Oct-2026,34.11,34.11,34.5,33.51,33.8,33.99,33.88,74733,25.32,939,39773,53.22
SNXT30BEES,EQ,05-Oct-2026,40.1,40.1,40.2,39.83,39.83,40.02,40.06,7650,3.06,135,5208,68.08
SNXT50BETA,EQ,05-Oct-2026,89.69,90.13,90.77,88.51,89.2,89.24,89.81,1482,1.33,136,850,57.35
SOBHA,EQ,05-Oct-2026,1213.1,1214.0,1229.8,1187.8,1190.3,1198.2,1207.24,136038,1642.3,13079,46994,34.54
SOCL,SM,05-Oct-2026,28.6,28.6,28.6,27.2,28.5,28.5,28.39,80000,22.72,16,76800,96.00
SOFTTECH,EQ,05-Oct-2026,474.3,477.25,487.45,455.35,462.0,462.15,468.82,4795,22.48,213,2472,51.55
SOLARA,EQ,05-Oct-2026,714.85,720.0,724.8,673.1,680.0,676.9,685.61,290504,1991.71,13583,126456,43.53
SOLARINDS,EQ,05-Oct-2026,19400.0,19450.0,19616.0,19275.0,19540.0,19540.0,19395.35,114870,22279.44,28188,45629,39.72
SOLARWORLD,EQ,05-Oct-2026,125.55,127.0,128.08,122.92,124.5,123.94,124.83,221817,276.9,4252,108476,48.90
SOLEX,EQ,05-Oct-2026,670.95,683.75,692.65,676.0,688.95,682.2,683.49,47131,322.14,4072,12981,27.54
SOMANYCERA,EQ,05-Oct-2026,614.2,614.0,627.8,608.25,609.3,610.9,617.4,85158,525.77,5319,46077,54.11
SOMATEX,EQ,05-Oct-2026,75.76,77.78,77.78,74.5,76.37,75.65,75.75,5686,4.31,149,4830,84.95
SOMICONVEY,EQ,05-Oct-2026,83.73,84.25,88.75,82.9,83.94,83.43,85.86,78797,67.66,1446,22499,28.55
SONA,BE,05-Oct-2026,92.47,91.0,93.45,88.1,92.5,92.6,91.53,144824,132.55,980,-,-
SONACOMS,EQ,05-Oct-2026,805.0,803.75,803.75,785.6,797.0,797.0,793.67,2049996,16270.13,52308,909956,44.39
SONAMAC,SM,05-Oct-2026,29.85,31.3,31.3,30.05,30.05,30.05,30.99,4000,1.24,4,3000,75.00
SONAMLTD,BE,05-Oct-2026,68.95,70.2,70.2,67.0,69.99,69.94,69.38,84663,58.74,256,-,-
SONATSOFTW,EQ,05-Oct-2026,254.05,258.85,263.2,252.3,253.9,254.0,257.25,963732,2479.23,26563,246560,25.58
SOTL,EQ,05-Oct-2026,729.5,735.0,736.0,716.8,723.2,727.2,726.72,200693,1458.49,14968,68064,33.91
SOUTHBANK,EQ,05-Oct-2026,47.44,48.45,48.7,47.8,48.6,48.54,48.37,10708341,5179.97,47253,5053892,47.20
SOUTHWEST,EQ,05-Oct-2026,181.7,186.0,201.0,179.45,201.0,195.58,191.74,377507,723.83,6546,141898,37.59
SPAL,EQ,05-Oct-2026,935.6,965.15,969.65,930.05,937.0,937.9,940.76,26626,250.49,3574,13365,50.20
SPANDANA,EQ,05-Oct-2026,216.34,217.0,218.57,211.02,213.5,213.52,213.89,162492,347.55,6638,72755,44.77
SPARC,EQ,05-Oct-2026,194.13,194.56,201.59,190.2,191.9,191.26,193.65,837807,1622.43,18280,373020,44.52
SPCENET,EQ,05-Oct-2026,3.24,3.33,3.38,3.13,3.2,3.22,3.24,490373,15.91,593,374071,76.28
SPCL,SM,05-Oct-2026,61.95,64.25,64.25,61.35,61.35,61.8,62.02,8400,5.21,13,5400,64.29
SPCON,SM,05-Oct-2026,170.0,165.0,165.0,165.0,165.0,165.0,165.0,16800,27.72,5,16800,100.00
SPECIALITY,BE,05-Oct-2026,153.5,157.0,157.0,151.0,153.55,154.91,154.08,17708,27.28,171,-,-
SPECTRAA,ST,05-Oct-2026,241.1,240.1,250.0,233.1,248.5,247.25,245.13,84000,205.91,66,80400,95.71
SPECTRUM,BE,05-Oct-2026,3853.4,3898.2,3958.5,3660.8,3860.0,3839.1,3784.2,7191,272.12,715,-,-
SPECTSTM,SM,05-Oct-2026,59.9,59.9,60.0,58.0,59.4,58.95,59.36,4000,2.37,5,3200,80.00
SPELS,BE,05-Oct-2026,124.89,118.65,118.65,118.65,118.65,118.65,118.65,13971,16.58,622,-,-
SPENCERS,EQ,05-Oct-2026,26.24,26.2,26.8,25.52,26.3,26.39,26.41,15074,3.98,207,10161,67.41
SPIC,EQ,05-Oct-2026,62.23,62.05,63.72,61.44,62.0,62.19,62.25,238526,148.49,2629,91946,38.55
SPLIL,EQ,05-Oct-2026,28.5,29.6,29.6,28.01,28.91,28.94,29.01,8177,2.37,89,5417,66.25
SPLPETRO,EQ,05-Oct-2026,780.45,780.45,805.0,768.3,793.0,798.35,789.62,205144,1619.86,18601,94915,46.27
SPMLINFRA,EQ,05-Oct-2026,159.31,159.31,165.9,156.1,157.96,158.29,158.68,153588,243.71,3526,57026,37.13
SPORTKING,EQ,05-Oct-2026,208.54,205.1,208.54,192.0,193.35,193.53,198.34,613909,1217.64,11782,293335,47.78
SPPPOLY,SM,05-Oct-2026,11.95,11.9,11.9,11.9,11.9,11.9,11.9,2000,0.24,1,2000,100.00
SPRL,SM,05-Oct-2026,146.2,153.5,153.5,140.0,140.0,140.25,145.45,8000,11.64,10,8000,100.00
SPUNWEB,SM,05-Oct-2026,97.0,99.0,103.0,99.0,102.8,102.4,100.55,28800,28.96,19,26400,91.67
SRD,EQ,05-Oct-2026,38.08,38.3,38.98,37.4,37.4,37.7,37.99,17406,6.61,203,15558,89.38
SREEL,BE,05-Oct-2026,292.6,298.85,298.85,282.2,291.0,290.8,289.79,9154,26.53,171,-,-
SRF,EQ,05-Oct-2026,2486.2,2484.9,2495.0,2442.0,2460.0,2460.0,2459.29,204482,5028.81,13417,121234,59.29
SRGHFL,EQ,05-Oct-2026,135.77,137.0,138.65,128.99,128.99,128.99,130.53,6758,8.82,228,5960,88.19
SRHHYPOLTD,EQ,05-Oct-2026,543.6,548.0,554.95,532.9,540.0,537.3,538.73,19380,104.41,1691,10365,53.48
SRIKPRIND,BE,05-Oct-2026,27.49,27.49,27.75,26.12,26.12,26.12,26.65,3726,0.99,34,-,-
SRIVASAVI,ST,05-Oct-2026,73.8,70.2,77.45,70.15,77.45,77.45,73.83,12000,8.86,10,10000,83.33
SRM,EQ,05-Oct-2026,398.75,405.25,405.6,394.1,396.35,398.65,400.26,35369,141.57,2380,16643,47.06
SRTL,EQ,05-Oct-2026,36.4,36.01,37.28,36.0,36.14,36.1,36.21,12343,4.47,302,10776,87.30
SSDL,EQ,05-Oct-2026,69.39,69.38,76.0,68.41,69.01,69.75,71.46,141885,101.39,2329,71808,50.61
SSEGL,SM,05-Oct-2026,385.05,386.0,390.0,362.15,389.0,385.65,377.59,92600,349.64,336,60400,65.23
SSFL,ST,05-Oct-2026,284.95,285.0,288.95,280.0,286.0,286.0,285.9,5500,15.72,10,5500,100.00
SSRETAIL,EQ,05-Oct-2026,714.35,712.05,712.05,666.4,673.9,677.15,687.44,6132724,42158.8,162155,805026,13.13
SSWL,EQ,05-Oct-2026,390.8,393.5,412.4,385.2,408.6,410.55,401.04,1790927,7182.35,49360,736920,41.15
STALLION,BE,05-Oct-2026,231.81,231.0,235.0,220.22,225.5,224.61,227.5,232450,528.83,2294,-,-
STANLEY,EQ,05-Oct-2026,136.22,136.22,139.05,133.72,134.11,135.11,136.12,63052,85.82,1290,22735,36.06
STAR,EQ,05-Oct-2026,1084.8,1087.0,1109.9,1077.6,1083.0,1086.7,1091.92,108287,1182.4,14181,48848,45.11
STARCEMENT,EQ,05-Oct-2026,178.39,178.0,179.28,175.26,175.5,176.03,176.33,78392,138.23,2800,46648,59.51
STARHEALTH,EQ,05-Oct-2026,537.7,535.25,541.6,531.1,533.75,535.25,535.71,407562,2183.34,27615,244062,59.88
STARPAPER,EQ,05-Oct-2026,151.81,151.0,155.51,150.02,153.0,152.01,151.59,2960,4.49,134,2003,67.67
STARTECK,EQ,05-Oct-2026,290.95,298.0,302.95,265.7,276.7,275.45,281.8,769,2.17,122,598,77.76
STCINDIA,EQ,05-Oct-2026,105.96,106.01,107.5,105.0,105.5,105.27,106.14,13522,14.35,275,9686,71.63
STEAMHOUSE,EQ,05-Oct-2026,106.51,109.1,110.71,105.85,107.9,107.66,108.35,2981543,3230.37,23647,1223952,41.05
STEELCAS,EQ,05-Oct-2026,356.45,359.9,365.4,346.55,362.55,363.7,357.55,151454,541.53,6510,89605,59.16
STEELCITY,EQ,05-Oct-2026,80.11,81.99,83.8,81.5,82.7,82.52,82.15,5484,4.51,100,2720,49.60
STEELXIND,EQ,05-Oct-2026,11.22,11.23,11.56,11.1,11.12,11.12,11.21,5966946,669.1,5008,2759756,46.25
STEL,EQ,05-Oct-2026,574.15,592.0,592.0,559.8,575.5,567.7,569.27,1993,11.35,202,1308,65.63
STERTOOLS,EQ,05-Oct-2026,224.28,225.5,229.0,218.0,218.8,218.78,222.71,27222,60.63,823,17296,63.54
STLNETWORK,EQ,05-Oct-2026,47.18,47.0,47.0,44.83,44.83,44.84,45.27,13766834,6232.16,17511,5802464,42.15
STLSTRINF,EQ,05-Oct-2026,21.52,22.99,22.99,21.25,21.25,22.1,22.27,904,0.2,38,638,70.58
STLTECH,BE,05-Oct-2026,955.35,952.4,1003.1,932.0,1003.1,1001.25,981.81,3877431,38068.95,72106,-,-
STOVEKRAFT,EQ,05-Oct-2026,809.15,815.0,827.3,802.7,807.0,806.4,815.67,49778,406.03,4787,21412,43.01
STRIDERS,SM,05-Oct-2026,49.95,50.4,51.65,50.4,51.65,51.65,51.03,3200,1.63,2,3200,100.00
STUDDS,EQ,05-Oct-2026,399.85,396.8,410.85,395.15,402.05,403.1,401.97,45793,184.07,2961,21567,47.10
STUDIOLSD,SM,05-Oct-2026,8.8,8.55,8.95,8.5,8.7,8.55,8.61,58000,4.99,22,48000,82.76
STYL,EQ,05-Oct-2026,366.0,365.35,368.65,356.0,356.0,358.55,362.56,43034,156.02,2297,21443,49.83
STYLAMIND,EQ,05-Oct-2026,3219.9,3268.0,3341.0,3218.1,3315.0,3325.2,3290.51,37896,1246.97,10155,18674,49.28
STYLEBAAZA,EQ,05-Oct-2026,368.35,365.1,374.9,354.05,361.0,359.9,363.32,640771,2328.02,10259,305085,47.61
STYRENIX,EQ,05-Oct-2026,2055.0,2064.9,2066.1,1996.1,2040.0,2015.0,2023.05,40911,827.65,5335,18231,44.56
SUBAHOTELS,SM,05-Oct-2026,92.45,93.95,94.0,90.05,91.95,90.95,92.3,18000,16.61,15,14400,80.00
SUBEXLTD,EQ,05-Oct-2026,19.34,19.5,20.24,19.11,19.25,19.21,19.61,8970071,1759.37,24382,1978929,22.06
SUBROS,EQ,05-Oct-2026,684.9,680.1,697.5,672.9,675.0,675.85,679.19,34316,233.07,3064,15887,46.30
SUDARCOLOR,EQ,05-Oct-2026,368.1,365.1,379.85,365.1,365.6,365.65,371.32,2203,8.18,155,1823,82.75
SUDARSCHEM,EQ,05-Oct-2026,1241.5,1245.0,1260.0,1224.1,1231.0,1229.2,1237.42,131105,1622.32,11562,58232,44.42
SUDEEPPHRM,EQ,05-Oct-2026,1199.8,1220.0,1247.9,1155.1,1179.0,1173.4,1194.19,159743,1907.64,18612,82498,51.64
SUKHJITS,EQ,05-Oct-2026,150.93,155.8,155.89,149.08,149.41,150.98,150.77,6500,9.8,289,4846,74.55
SULA,EQ,05-Oct-2026,130.94,132.0,133.73,131.41,132.49,132.33,132.32,130210,172.29,3338,60297,46.31
SUMAX,SM,05-Oct-2026,101.25,101.25,102.25,96.1,99.4,101.3,99.71,129600,129.23,104,117600,90.74
SUMEDHA,EQ,05-Oct-2026,43.42,43.0,43.75,40.15,42.0,42.0,42.35,2721,1.15,64,1961,72.07
SUMEETINDS,EQ,05-Oct-2026,10.38,10.6,10.89,10.4,10.89,10.89,10.68,599994,64.09,924,284917,47.49
SUMICHEM,EQ,05-Oct-2026,417.6,418.45,428.4,411.15,411.55,414.7,416.22,290766,1210.22,19904,152360,52.40
SUMIT,EQ,05-Oct-2026,47.76,51.5,51.5,48.1,51.0,50.64,50.42,53301,26.88,221,39622,74.34
SUMMITSEC,EQ,05-Oct-2026,1315.5,1315.0,1340.9,1305.0,1311.0,1314.8,1320.35,1590,20.99,411,949,59.69
SUNCLAY,EQ,05-Oct-2026,1183.0,1192.2,1209.0,1172.0,1172.7,1174.8,1188.06,5222,62.04,471,3845,73.63
SUNDARAM,EQ,05-Oct-2026,1.08,1.11,1.11,1.07,1.09,1.09,1.1,354338,3.88,382,234940,66.30
SUNDARMFIN,EQ,05-Oct-2026,4395.9,4400.0,4428.9,4222.3,4255.0,4268.4,4287.32,52587,2254.57,14449,24608,46.79
SUNDRMBRAK,EQ,05-Oct-2026,669.95,693.4,728.0,678.0,678.0,681.3,694.84,1510,10.49,120,1069,70.79
SUNDRMFAST,EQ,05-Oct-2026,1123.6,1128.9,1138.0,1110.1,1114.6,1115.6,1116.7,72126,805.43,10393,38745,53.72
SUNDROP,EQ,05-Oct-2026,753.15,749.4,758.0,740.3,751.0,748.6,749.08,12847,96.23,429,10804,84.10
SUNFLAG,EQ,05-Oct-2026,433.5,442.0,455.15,412.2,455.15,455.0,439.49,820271,3605.01,15600,383387,46.74
SUNLITE,SM,05-Oct-2026,644.4,660.0,689.0,640.0,651.0,656.2,655.79,18600,121.98,61,10200,54.84
SUNLOC,EQ,05-Oct-2026,70.1,73.9,73.9,66.01,67.66,68.0,67.96,221,0.15,15,216,97.74
SUNPHARMA,EQ,05-Oct-2026,1801.0,1785.0,1802.9,1776.7,1779.7,1779.7,1785.38,1290843,23046.42,66769,736077,57.02
SUNRAKSHAK,EQ,05-Oct-2026,358.9,361.35,370.0,350.0,357.0,356.05,355.69,15697,55.83,478,11497,73.24
SUNSHIEL,EQ,05-Oct-2026,1059.0,1088.0,1100.0,1070.1,1099.9,1097.0,1090.31,1725,18.81,211,1326,76.87
SUNSHINE,EQ,05-Oct-2026,453.0,453.55,467.85,443.35,447.1,447.55,452.49,155851,705.2,4705,46299,29.71
SUNTECH,SM,05-Oct-2026,36.75,35.5,35.5,35.5,35.5,35.5,35.5,1600,0.57,1,1600,100.00
SUNTECK,EQ,05-Oct-2026,279.45,280.9,282.25,276.6,279.5,278.15,278.95,85315,237.99,3240,41772,48.96
SUNTV,EQ,05-Oct-2026,599.9,597.0,635.8,595.2,618.0,626.85,624.53,4762809,29745.34,95633,516718,10.85
SUPERHOUSE,EQ,05-Oct-2026,154.66,154.66,158.0,154.0,154.15,155.88,155.16,2166,3.36,105,1790,82.64
SUPERSPIN,BE,05-Oct-2026,7.51,7.51,7.79,7.25,7.25,7.26,7.28,13257,0.96,37,-,-
SUPRAJIT,EQ,05-Oct-2026,481.05,483.0,483.05,458.15,461.1,461.5,466.56,78523,366.36,8543,37706,48.02
SUPREME,EQ,05-Oct-2026,31.08,32.0,32.5,30.5,31.25,30.91,31.65,6225,1.97,127,4546,73.03
SUPREMEENG,BZ,05-Oct-2026,4.24,4.32,4.32,4.32,4.32,4.32,4.32,331848,14.34,111,-,-
SUPREMEIND,EQ,05-Oct-2026,3380.0,3391.0,3430.9,3370.0,3398.9,3398.9,3389.89,53297,1806.71,12199,21889,41.07
SUPREMEINF,EQ,05-Oct-2026,66.94,66.0,67.65,60.61,61.0,61.59,63.77,87421,55.75,1664,57582,65.87
SUPREMEPWR,SM,05-Oct-2026,208.4,214.95,228.0,210.0,227.85,227.25,223.46,192500,430.17,359,133500,69.35
SUPRIYA,EQ,05-Oct-2026,931.0,938.65,944.95,882.2,902.0,899.55,899.39,349024,3139.1,22581,152505,43.69
SUPTANERY,BE,05-Oct-2026,8.06,7.9,8.19,7.66,7.79,7.69,7.73,301228,23.3,589,-,-
SURAJEST,EQ,05-Oct-2026,200.15,200.0,215.0,200.0,210.65,208.4,209.35,145545,304.7,3573,66916,45.98
SURAJLTD,EQ,05-Oct-2026,193.51,193.5,195.02,191.25,193.0,191.5,193.5,1033,2.0,17,1009,97.68
SURAKSHA,EQ,05-Oct-2026,350.15,353.95,354.0,330.5,331.0,331.85,336.9,69134,232.91,2782,38723,56.01
SURANASOL,EQ,05-Oct-2026,24.15,24.45,24.55,24.0,24.0,24.07,24.21,19944,4.83,369,12887,64.62
SURANAT&P,EQ,05-Oct-2026,15.98,16.0,16.19,15.59,15.6,15.65,15.74,41243,6.49,379,33218,80.54
SURANI,SM,05-Oct-2026,100.05,114.9,120.05,114.9,120.05,120.05,119.73,35800,42.86,56,29200,81.56
SURYALA,EQ,05-Oct-2026,377.5,377.5,379.85,376.2,376.2,377.15,377.79,220,0.83,12,163,74.09
SURYALAXMI,EQ,05-Oct-2026,56.07,56.5,59.66,56.5,57.5,57.5,57.29,2555,1.46,44,2007,78.55
SURYAROSNI,EQ,05-Oct-2026,220.67,221.9,226.06,219.76,220.25,220.41,222.01,530488,1177.74,10306,302293,56.98
SURYODAY,EQ,05-Oct-2026,143.55,145.0,150.19,144.04,147.25,146.86,147.3,549974,810.12,9419,112596,20.47
SUTLEJTEX,EQ,05-Oct-2026,36.24,37.5,40.39,35.52,36.7,36.97,38.53,80117,30.87,897,25117,31.35
SUVEN,EQ,05-Oct-2026,308.3,309.0,316.0,305.2,305.4,306.3,307.84,303251,933.51,11980,142254,46.91
SUVIDHAA,EQ,05-Oct-2026,2.07,2.12,2.14,2.09,2.09,2.1,2.11,61791,1.31,168,56773,91.88
SUYOG,EQ,05-Oct-2026,689.9,690.05,694.95,653.9,653.9,664.25,673.64,9336,62.89,857,5195,55.64
SUZLON,EQ,05-Oct-2026,38.91,39.0,39.46,38.75,38.92,38.92,39.08,51123556,19979.0,83881,22376071,43.77
SVGLOBAL,EQ,05-Oct-2026,132.93,145.9,145.9,134.06,141.89,135.7,140.61,3764,5.29,68,623,16.55
SVLL,EQ,05-Oct-2026,786.75,786.75,859.95,786.75,834.4,822.2,814.36,763,6.21,91,569,74.57
SVPGLOB,EQ,05-Oct-2026,3.1,3.1,3.17,2.95,3.03,3.03,3.03,54165,1.64,126,45788,84.53
SWANCORP,EQ,05-Oct-2026,272.8,276.9,276.9,261.7,262.4,262.9,265.93,1059779,2818.27,22422,401253,37.86
SWANDEF,BE,05-Oct-2026,2718.2,2700.0,2744.9,2600.0,2670.0,2728.8,2705.72,13839,374.44,999,-,-
SWARAJ,BE,05-Oct-2026,377.55,375.0,380.0,362.0,369.95,369.8,368.43,69431,255.8,237,-,-
SWARAJENG,EQ,05-Oct-2026,3542.7,3559.9,3573.3,3510.0,3549.9,3532.2,3532.36,8535,301.49,2518,5496,64.39
SWARNSAR,EQ,05-Oct-2026,38.44,38.55,40.74,38.55,39.3,40.14,39.25,5190,2.04,50,4730,91.14
SWASTIKAIN,BE,05-Oct-2026,215.53,208.1,215.0,204.76,206.0,208.47,207.48,435758,904.1,3724,-,-
SWELECTES,EQ,05-Oct-2026,592.9,587.8,611.0,587.8,601.85,600.1,600.08,22535,135.23,1233,11518,51.11
SWIGGY,EQ,05-Oct-2026,238.0,239.2,246.3,237.4,238.8,238.8,241.06,11179271,26948.46,51709,4245402,37.98
SWISSMLTRY,BE,05-Oct-2026,13.95,14.39,14.39,13.91,14.2,14.16,14.09,31419,4.43,228,-,-
SWSOLAR,EQ,05-Oct-2026,164.82,165.0,167.44,163.0,163.25,163.72,164.86,914130,1507.0,13038,379404,41.50
SYMBIOTEC,EQ,05-Oct-2026,1198.0,1205.2,1230.0,1155.0,1166.0,1169.7,1176.39,730965,8599.02,44615,292074,39.96
SYMPHONY,EQ,05-Oct-2026,571.7,571.7,579.85,557.0,560.0,559.45,562.53,58122,326.95,7345,33239,57.19
SYNCOMF,EQ,05-Oct-2026,23.96,24.01,24.7,22.7,23.04,23.14,23.63,20341146,4805.83,35760,4740333,23.30
SYNGENE,EQ,05-Oct-2026,361.3,361.0,364.45,355.55,356.85,357.4,358.25,327748,1174.15,18166,166211,50.71
SYRMA,EQ,05-Oct-2026,1717.9,1739.7,1757.7,1692.3,1702.8,1700.4,1717.91,846292,14538.5,50545,286667,33.87
SYSTANGO,SM,05-Oct-2026,219.3,217.05,219.95,213.25,215.1,215.3,216.04,19600,42.34,47,12000,61.22
SYSTMTXC,BE,05-Oct-2026,73.96,73.96,73.96,72.5,73.5,73.5,72.76,8692,6.32,25,-,-
TAALTECH,EQ,05-Oct-2026,944.0,965.0,976.3,922.1,934.8,929.7,935.38,16399,153.39,2394,8489,51.77
TAC,ST,05-Oct-2026,386.4,376.05,395.0,371.05,389.9,389.75,382.2,70600,269.84,281,58400,82.72
TAINWALCHM,EQ,05-Oct-2026,203.29,202.3,205.45,195.5,195.5,197.18,200.53,2765,5.54,81,2336,84.48
TAJGVK,EQ,05-Oct-2026,314.9,314.8,325.0,312.35,315.0,315.3,315.53,33436,105.5,2470,15519,46.41
TAKE,EQ,05-Oct-2026,12.65,12.65,12.9,12.02,12.02,12.06,12.17,1017472,123.78,2096,601553,59.12
TALBROAUTO,EQ,05-Oct-2026,419.7,421.0,422.45,408.0,417.3,416.45,414.1,115228,477.16,6004,54839,47.59
TAMBOLIIN,BE,05-Oct-2026,290.0,291.0,303.0,287.05,303.0,296.05,296.53,7199,21.35,31,-,-
TANAA,EQ,05-Oct-2026,324.15,329.0,339.9,311.3,314.1,314.35,321.93,45802,147.45,2835,19597,42.79
TANKUP,ST,05-Oct-2026,1788.4,1824.15,1824.15,1752.65,1752.65,1752.65,1814.32,12750,231.33,19,12250,96.08
TANLA,EQ,05-Oct-2026,487.75,492.05,496.0,486.1,489.0,488.0,490.31,178184,873.65,10248,72073,40.45
TARACHAND,EQ,05-Oct-2026,46.35,47.5,47.9,46.25,46.5,46.47,46.6,69725,32.49,943,54514,78.18
TARAPUR,EQ,05-Oct-2026,12.2,12.1,12.18,11.13,11.5,11.58,11.78,19202,2.26,153,15779,82.17
TARC,EQ,05-Oct-2026,125.58,125.21,126.99,122.4,123.13,122.84,124.89,267733,334.37,2349,154372,57.66
TARIL,EQ,05-Oct-2026,280.8,287.6,297.9,283.25,284.6,285.45,290.13,13448683,39018.05,146774,1827953,13.59
TARMAT,EQ,05-Oct-2026,57.23,57.6,58.6,55.02,56.11,56.2,56.44,10805,6.1,267,6012,55.64
TARSONS,EQ,05-Oct-2026,329.4,329.5,343.45,327.05,335.0,335.95,337.53,109967,371.17,5107,41331,37.58
TASTYBITE,EQ,05-Oct-2026,9453.5,9415.0,9509.0,9300.0,9509.0,9377.5,9382.59,753,70.65,363,370,49.14
TATACAP,EQ,05-Oct-2026,319.3,319.3,322.85,317.0,317.0,317.6,319.2,1021767,3261.45,34700,650801,63.69
TATACHEM,EQ,05-Oct-2026,607.8,607.8,629.9,603.5,618.0,617.4,616.6,953155,5877.19,31971,235260,24.68
TATACOMM,EQ,05-Oct-2026,1683.0,1683.0,1697.6,1647.7,1680.0,1677.2,1673.93,88150,1475.57,12848,34745,39.42
TATACONSUM,EQ,05-Oct-2026,957.0,953.85,962.0,945.0,953.75,953.75,950.94,1540341,14647.65,64465,1045565,67.88
TATAELXSI,EQ,05-Oct-2026,3092.8,3130.5,3148.4,3070.1,3105.0,3105.0,3102.49,237392,7365.07,29801,77556,32.67
TATAGOLD,EQ,05-Oct-2026,14.28,14.28,14.34,14.17,14.34,14.3,14.25,45583508,6496.64,118082,18778339,41.20
TATAINVEST,EQ,05-Oct-2026,615.05,618.05,628.4,614.0,622.05,621.75,621.16,257410,1598.92,17334,77510,30.11
TATAPOWER,EQ,05-Oct-2026,350.15,350.15,353.95,348.0,351.5,351.5,350.44,2763239,9683.63,38647,1543257,55.85
TATASTEEL,EQ,05-Oct-2026,178.0,179.28,181.28,177.02,178.14,178.14,178.51,20426029,36462.44,161493,10429502,51.06
TATATECH,EQ,05-Oct-2026,698.8,705.4,716.7,695.0,698.5,697.55,705.26,615981,4344.26,38143,238330,38.69
TATSILV,EQ,05-Oct-2026,21.2,21.3,21.57,21.3,21.52,21.53,21.43,39353216,8434.04,67987,18648734,47.39
TATVA,EQ,05-Oct-2026,1743.2,1755.0,1814.0,1740.0,1810.0,1799.0,1782.1,54250,966.79,6107,23916,44.08
TAURIAN,ST,05-Oct-2026,588.45,609.9,617.85,597.5,617.85,617.85,612.71,24800,151.95,28,21600,87.10
TBI,SM,05-Oct-2026,67.55,68.55,76.95,66.65,73.5,74.65,73.66,80400,59.22,111,66000,82.09
TBOTEK,EQ,05-Oct-2026,1671.5,1684.8,1700.0,1643.2,1650.3,1657.0,1666.19,52113,868.3,10129,17994,34.53
TBZ,BE,05-Oct-2026,623.45,604.0,625.0,592.3,592.3,597.9,608.19,202040,1228.8,2799,-,-
TCC,EQ,05-Oct-2026,47.47,47.83,49.0,46.19,47.05,47.07,47.5,459771,218.37,4503,138265,30.07
TCI,EQ,05-Oct-2026,877.1,885.0,889.9,866.0,880.4,878.75,874.78,71248,623.26,6479,36581,51.34
TCIEXP,EQ,05-Oct-2026,504.75,502.3,506.4,484.0,493.55,494.2,492.54,55221,271.98,3249,15253,27.62
TCIFINANCE,EQ,05-Oct-2026,14.69,14.5,15.49,13.55,14.31,14.3,14.18,29696,4.21,146,21070,70.95
TCL,SM,05-Oct-2026,140.15,140.15,144.0,136.0,138.05,139.3,141.23,40800,57.62,44,20000,49.02
TCPLPACK,EQ,05-Oct-2026,3927.1,3988.0,4090.0,3890.1,3892.0,3933.6,3941.63,3139,123.73,846,1449,46.16
TCS,EQ,05-Oct-2026,2075.0,2114.0,2140.9,2063.6,2114.4,2114.4,2106.95,5270768,111052.49,158717,2458708,46.65
TDPOWERSYS,EQ,05-Oct-2026,792.15,801.0,856.1,796.0,814.3,812.9,827.43,12561061,103933.91,347296,2303051,18.33
TEAMGTY,EQ,05-Oct-2026,235.1,241.95,241.97,235.0,235.0,236.15,237.23,634,1.5,16,601,94.79
TEAMLEASE,EQ,05-Oct-2026,1179.4,1180.7,1194.6,1117.6,1138.0,1134.6,1136.87,31212,354.84,5193,14461,46.33
TEAMTECH,ST,05-Oct-2026,145.95,152.85,153.2,150.0,153.2,153.2,153.0,68000,104.04,30,60000,88.24
TECH,EQ,05-Oct-2026,30.92,31.54,31.54,30.77,30.86,30.88,31.06,7383,2.29,213,3669,49.70
TECHD,SM,05-Oct-2026,531.95,559.95,579.25,550.0,552.0,552.0,567.24,24900,141.24,78,17400,69.88
TECHERA,SM,05-Oct-2026,167.45,167.45,169.45,159.1,159.1,159.1,162.73,88800,144.5,100,72800,81.98
TECHLABS,SM,05-Oct-2026,110.45,110.45,115.0,109.0,115.0,113.9,112.88,17250,19.47,78,14875,86.23
TECHM,EQ,05-Oct-2026,1533.0,1543.7,1561.0,1509.7,1535.9,1535.9,1535.0,3346008,51361.13,102052,1943226,58.08
TECHNOCRAF,EQ,05-Oct-2026,478.1,481.0,484.0,465.0,469.9,471.1,475.23,429819,2042.62,10820,183060,42.59
TECHNOE,EQ,05-Oct-2026,998.6,999.0,1003.9,972.3,979.2,978.6,984.53,138238,1361.0,15856,64489,46.65
TECHNVISN,EQ,05-Oct-2026,3763.5,3763.5,3879.7,3575.4,3780.1,3821.9,3603.67,697,25.12,157,618,88.67
TECILCHEM,EQ,05-Oct-2026,9.25,9.29,10.15,8.9,9.66,9.56,9.6,21261,2.04,85,18899,88.89
TEGA,EQ,05-Oct-2026,2093.4,2119.5,2131.7,2020.0,2066.0,2064.1,2068.46,261410,5407.16,24467,100049,38.27
TEJA,SM,05-Oct-2026,213.9,210.35,216.0,209.05,214.5,214.2,213.0,11400,24.28,19,6600,57.89
TEJASNET,EQ,05-Oct-2026,464.8,469.0,481.95,461.45,464.2,463.2,469.31,1053307,4943.3,35568,261006,24.78
TEMBO,EQ,05-Oct-2026,57.16,57.7,57.7,54.9,55.67,55.18,55.96,857236,479.71,4769,347817,40.57
TEMPSENS,EQ,05-Oct-2026,505.25,513.0,519.2,486.0,491.4,493.95,498.52,1503141,7493.48,47298,524497,34.89
TENNIND,EQ,05-Oct-2026,495.4,499.95,499.95,485.4,487.0,487.0,491.95,277605,1365.67,27300,155926,56.17
TERAI,EQ,05-Oct-2026,116.75,116.0,116.0,116.0,116.0,116.0,116.0,1,0.0,1,1,100.00
TERASOFT,EQ,05-Oct-2026,207.91,212.0,232.0,208.0,229.99,227.86,222.65,54214,120.71,3109,23321,43.02
TEXINFRA,EQ,05-Oct-2026,119.39,120.0,123.35,118.51,120.86,120.53,120.51,207029,249.49,1957,121280,58.58
TEXMOPIPES,EQ,05-Oct-2026,53.7,53.7,55.0,50.15,50.9,50.37,51.31,276688,141.98,3424,118155,42.70
TEXRAIL,EQ,05-Oct-2026,126.86,128.0,128.99,116.51,117.03,117.18,120.01,5444925,6534.43,56212,1898066,34.86
TFCILTD,EQ,05-Oct-2026,138.79,139.6,141.47,138.32,139.77,139.65,139.3,15041651,20952.76,30421,7580497,50.40
TFL,EQ,05-Oct-2026,11.82,11.38,12.25,11.38,11.73,11.72,11.7,2430,0.28,42,1507,62.02
TGBHOTELS,EQ,05-Oct-2026,9.42,9.78,9.9,9.18,9.5,9.51,9.48,13800,1.31,96,11047,80.05
TGL,ST,05-Oct-2026,13.2,12.95,12.95,12.95,12.95,12.95,12.95,2200,0.28,11,2200,100.00
TGVSL,EQ,05-Oct-2026,116.38,123.12,127.5,120.25,121.5,121.99,124.2,1302916,1618.29,18098,362673,27.84
THAKDEV,EQ,05-Oct-2026,128.74,128.74,135.06,128.74,135.06,135.06,131.13,63,0.08,10,63,100.00
THANGAMAYL,EQ,05-Oct-2026,4861.0,4870.0,4934.0,4721.0,4767.0,4747.0,4780.54,77086,3685.13,20749,43922,56.98
THEINVEST,EQ,05-Oct-2026,90.33,92.15,93.96,89.51,90.0,90.1,91.14,8379,7.64,175,5694,67.96
THEJO,EQ,05-Oct-2026,2071.4,2071.4,2122.0,2065.9,2100.0,2095.2,2096.19,2088,43.77,484,1114,53.35
THELEELA,EQ,05-Oct-2026,568.95,566.7,581.2,562.5,578.0,577.6,574.27,365031,2096.27,29754,231317,63.37
THEMISMED,EQ,05-Oct-2026,113.19,115.0,115.0,111.02,114.56,112.89,112.87,58862,66.44,1344,26560,45.12
THERMAX,EQ,05-Oct-2026,3360.6,3364.9,3400.7,3212.0,3228.1,3228.2,3275.1,187112,6128.1,32002,107117,57.25
THOMASCOOK,EQ,05-Oct-2026,100.7,100.7,101.95,99.21,99.85,99.61,100.28,303908,304.75,4886,143034,47.06
THOMASCOTT,EQ,05-Oct-2026,300.2,302.0,309.0,272.0,275.55,278.85,293.28,107168,314.3,4190,45566,42.52
THYROCARE,EQ,05-Oct-2026,533.6,539.9,544.8,532.15,537.0,542.05,540.02,207102,1118.39,14611,124677,60.20
TI,EQ,05-Oct-2026,542.55,543.0,553.15,538.0,541.4,540.35,545.33,282972,1543.14,15410,158971,56.18
TICL,BE,05-Oct-2026,7.79,8.0,8.17,8.0,8.17,8.17,8.14,145462,11.83,121,-,-
TIGERLOGS,EQ,05-Oct-2026,25.69,26.05,26.6,25.82,26.54,26.3,26.13,16487,4.31,353,10969,66.53
TIIL,EQ,05-Oct-2026,2893.8,2882.1,2920.0,2800.0,2800.0,2815.3,2835.36,14101,399.81,3511,7783,55.19
TIINDIA,EQ,05-Oct-2026,2340.0,2346.0,2368.9,2293.8,2320.0,2320.0,2321.73,687174,15954.34,53888,446853,65.03
TIJARIA,BE,05-Oct-2026,6.45,6.58,6.69,6.26,6.62,6.62,6.51,12637,0.82,75,-,-
TIL,BE,05-Oct-2026,250.05,248.0,252.5,240.0,244.85,242.15,242.89,42944,104.31,442,-,-
TIMESCAN,SM,05-Oct-2026,40.0,40.0,40.0,40.0,40.0,40.0,40.0,4000,1.6,2,4000,100.00
TIMETECHNO,EQ,05-Oct-2026,179.68,180.3,181.88,177.5,179.49,178.71,179.67,1107750,1990.3,15685,355128,32.06
TIMEX,EQ,05-Oct-2026,729.5,733.15,744.8,724.5,739.0,734.6,734.0,462142,3392.15,33994,190482,41.22
TIMKEN,EQ,05-Oct-2026,3098.8,3110.0,3149.9,3103.8,3127.3,3132.3,3133.5,21117,661.7,5330,13891,65.78
TINNARUBR,EQ,05-Oct-2026,938.85,938.85,951.2,922.75,947.6,930.15,932.57,30521,284.63,2799,18294,59.94
TIPSFILMS,EQ,05-Oct-2026,315.4,313.05,316.65,306.35,312.0,312.25,310.8,2993,9.3,192,1720,57.47
TIPSMUSIC,EQ,05-Oct-2026,644.2,653.3,653.95,635.7,638.0,639.1,645.07,152414,983.18,15336,79172,51.95
TIRUMALCHM,EQ,05-Oct-2026,146.26,146.2,150.09,141.4,144.0,143.35,144.69,279997,405.12,5135,110415,39.43
TIRUPATIFL,BE,05-Oct-2026,75.16,73.66,73.66,73.66,73.66,73.66,73.66,20721,15.26,207,-,-
TITAGARH,EQ,05-Oct-2026,805.1,809.0,812.95,795.65,805.9,809.65,804.8,364258,2931.56,17976,121446,33.34
TITAN,EQ,05-Oct-2026,4515.7,4515.9,4610.0,4505.8,4580.0,4580.0,4573.19,731987,33475.18,53485,430115,58.76
TMB,EQ,05-Oct-2026,872.05,872.5,917.6,870.0,880.8,886.25,896.85,420110,3767.74,37417,130640,31.10
TMCV,EQ,05-Oct-2026,415.5,415.5,428.85,412.7,425.95,426.8,421.5,8038049,33880.28,126226,4275128,53.19
TMPV,EQ,05-Oct-2026,279.4,280.1,289.8,278.95,288.65,288.65,286.05,13512719,38653.54,146402,4321540,31.98
TNIDETF,EQ,05-Oct-2026,81.5,82.95,84.48,79.6,82.62,83.14,83.97,638358,536.04,1110,585577,91.73
TNPETRO,EQ,05-Oct-2026,123.18,124.5,127.48,122.5,123.45,122.75,124.95,631775,789.38,15486,230258,36.45
TNPL,EQ,05-Oct-2026,147.63,148.3,151.87,146.04,147.4,146.49,147.4,73341,108.1,1924,34135,46.54
TNTELE,BE,05-Oct-2026,11.56,11.0,11.0,10.99,10.99,10.99,10.99,6468,0.71,77,-,-
TOKYOPLAST,EQ,05-Oct-2026,71.01,71.1,73.87,69.1,72.48,71.06,71.5,1544,1.1,52,795,51.49
TOLINS,EQ,05-Oct-2026,84.59,86.0,87.5,84.01,85.45,85.12,84.83,31946,27.1,1343,13901,43.51
TOP100CASE,EQ,05-Oct-2026,9.9,10.1,10.1,9.7,9.9,9.94,9.92,1985882,196.97,2288,916583,46.15
TOP10ADD,EQ,05-Oct-2026,82.41,82.87,83.31,82.41,83.31,83.07,82.74,175533,145.24,651,122436,69.75
TOP15IETF,EQ,05-Oct-2026,9.13,9.17,9.22,9.12,9.18,9.17,9.17,61999,5.69,190,34706,55.98
TOP20,EQ,05-Oct-2026,8.3,8.32,8.39,8.3,8.35,8.34,8.35,21394,1.79,135,19719,92.17
TORNTPHARM,EQ,05-Oct-2026,4767.3,4767.3,4795.0,4710.0,4772.0,4772.0,4746.22,332068,15760.66,47171,203134,61.17
TORNTPOWER,EQ,05-Oct-2026,1242.9,1245.4,1249.1,1226.0,1235.0,1234.2,1234.8,191786,2368.17,17064,134958,70.37
TOTAL,BE,05-Oct-2026,70.24,67.2,72.0,67.2,70.2,69.23,70.09,5853,4.1,41,-,-
TOUCHWOOD,EQ,05-Oct-2026,57.14,66.4,66.4,57.9,59.0,58.53,61.1,6095,3.72,140,3188,52.31
TOYAMSL,EQ,05-Oct-2026,0.69,0.7,0.71,0.66,0.66,0.66,0.68,1201986,8.15,381,662269,55.10
TPHQ,BE,05-Oct-2026,0.5,0.5,0.51,0.49,0.5,0.49,0.5,702101,3.52,359,-,-
TPLPLASTEH,EQ,05-Oct-2026,68.89,68.91,70.19,67.02,68.5,67.86,67.95,175395,119.18,1722,67858,38.69
TRACXN,EQ,05-Oct-2026,31.71,31.7,32.49,31.11,31.59,31.61,31.73,130560,41.43,774,81749,62.61
TRANSCOR,EQ,05-Oct-2026,24.18,24.49,24.9,23.52,24.6,24.6,23.9,1443,0.34,52,1258,87.18
TRANSPEK,BE,05-Oct-2026,1349.0,1300.0,1360.0,1281.6,1313.9,1313.9,1305.09,883,11.52,54,-,-
TRANSRAILL,EQ,05-Oct-2026,474.9,476.7,476.85,460.0,467.0,462.75,466.7,454795,2122.52,21168,165101,36.30
TRANSTEEL,SM,05-Oct-2026,79.4,80.1,80.1,79.5,79.5,79.75,79.93,9000,7.19,8,7000,77.78
TRANSWIND,SM,05-Oct-2026,11.3,11.3,11.3,11.3,11.3,11.3,11.3,4000,0.45,1,4000,100.00
TRANSWORLD,BE,05-Oct-2026,159.0,157.0,159.91,152.0,154.55,154.29,155.7,5446,8.48,79,-,-
TRAVELFOOD,EQ,05-Oct-2026,1208.1,1208.1,1215.6,1185.0,1200.2,1204.3,1200.76,52265,627.58,7050,24389,46.66
TREEHOUSE,EQ,05-Oct-2026,5.68,5.69,5.99,5.5,5.98,5.8,5.87,29426,1.73,114,22225,75.53
TREJHARA,EQ,05-Oct-2026,131.66,131.66,139.35,129.05,134.0,131.36,132.15,16934,22.38,732,10208,60.28
TREL,EQ,05-Oct-2026,27.29,27.29,28.23,26.51,27.4,26.99,26.93,52412,14.12,1036,23168,44.20
TRENT,EQ,05-Oct-2026,2580.0,2580.0,2608.3,2572.8,2580.0,2580.0,2587.64,802316,20761.02,66093,480030,59.83
TRF,EQ,05-Oct-2026,192.33,197.9,198.2,193.01,194.9,194.02,194.97,14980,29.21,537,9663,64.51
TRIDENT,EQ,05-Oct-2026,22.16,22.15,22.33,21.8,21.87,21.84,21.96,3963387,870.17,19808,2031180,51.25
TRIGYN,EQ,05-Oct-2026,51.8,51.54,52.8,51.02,51.5,51.45,51.71,18889,9.77,454,12339,65.32
TRITONV,EQ,05-Oct-2026,1078.0,1099.0,1100.0,1048.3,1056.0,1063.2,1063.03,1226,13.03,195,856,69.82
TRITURBINE,EQ,05-Oct-2026,530.0,535.0,540.0,525.05,526.0,526.1,531.45,208383,1107.45,18742,97819,46.94
TRIVENI,EQ,05-Oct-2026,230.92,237.0,241.7,235.06,237.0,237.22,237.77,749310,1781.64,25563,318824,42.55
TRU,EQ,05-Oct-2026,4.22,4.05,4.33,4.05,4.16,4.15,4.21,41076,1.73,206,33862,82.44
TRUALT,EQ,05-Oct-2026,444.3,444.65,457.15,436.95,443.8,442.3,445.23,100918,449.32,4158,51296,50.83
TRUST,SM,05-Oct-2026,27.1,25.9,26.1,25.8,25.8,25.95,25.97,9600,2.49,13,8400,87.50
TSC,ST,05-Oct-2026,50.25,50.25,50.25,50.25,50.25,50.25,50.25,2000,1.01,1,2000,100.00
TSFINV,EQ,05-Oct-2026,409.15,410.0,415.0,403.6,407.5,409.0,408.16,69621,284.16,4959,43045,61.83
TTKHLTCARE,EQ,05-Oct-2026,1013.0,1022.9,1037.0,991.0,1005.1,1007.4,1013.51,17885,181.27,1936,8463,47.32
TTKPRESTIG,EQ,05-Oct-2026,506.4,508.5,519.45,508.5,519.45,512.95,511.92,25083,128.41,2038,14796,58.99
TTL,EQ,05-Oct-2026,7.85,8.0,8.0,7.65,7.8,7.77,7.77,116374,9.05,364,85141,73.16
TTML,EQ,05-Oct-2026,34.82,34.6,34.8,33.91,34.19,34.33,34.23,2248833,769.76,14559,684922,30.46
TUNWAL,SM,05-Oct-2026,25.9,26.55,26.55,26.0,26.25,26.25,26.2,22000,5.76,11,16000,72.73
TURTLEMINT,EQ,05-Oct-2026,69.79,71.0,71.49,65.85,68.5,68.04,68.73,3623714,2490.58,41004,929096,25.64
TUTIALKA,EQ,05-Oct-2026,53.98,55.92,55.92,52.01,52.34,52.27,53.18,5930,3.15,157,4525,76.31
TVSELECT,EQ,05-Oct-2026,397.4,397.15,401.75,387.2,392.0,391.7,392.66,41961,164.76,2300,15496,36.93
TVSHLTD,EQ,05-Oct-2026,11886.0,11950.0,12021.0,11708.0,11780.0,11813.0,11829.33,4718,558.11,1746,2227,47.20
TVSMOTOR,EQ,05-Oct-2026,4021.0,4026.0,4040.5,3919.0,4031.0,4031.0,3992.25,706602,28209.32,68771,337596,47.78
TVSSCS,EQ,05-Oct-2026,128.42,128.32,130.99,126.95,127.13,127.27,128.31,402736,516.77,7922,186802,46.38
TVSSRICHAK,EQ,05-Oct-2026,4349.3,4323.3,4430.7,4256.0,4375.0,4277.3,4320.0,3583,154.79,1327,1928,53.81
TVTODAY,EQ,05-Oct-2026,101.65,103.7,103.7,101.0,101.34,101.49,101.56,52602,53.42,550,43386,82.48
TVVISION,BE,05-Oct-2026,2.55,2.67,2.67,2.43,2.65,2.64,2.57,40218,1.03,50,-,-
TWCGOLDETF,EQ,05-Oct-2026,146.46,147.0,147.92,145.08,146.51,146.47,146.47,2839,4.16,119,2734,96.30
UBL,EQ,05-Oct-2026,1188.8,1180.2,1192.6,1171.5,1186.0,1183.3,1180.85,56186,663.47,9867,30312,53.95
UCAL,BE,05-Oct-2026,140.4,139.0,143.3,137.0,137.0,137.43,138.98,6507,9.04,95,-,-
UCL,ST,05-Oct-2026,210.35,210.35,218.0,199.9,210.45,210.45,207.72,10000,20.77,5,10000,100.00
UCOBANK,EQ,05-Oct-2026,22.93,23.05,23.9,22.96,23.14,23.16,23.37,7010331,1638.39,22779,1747314,24.92
UDAYJEW,EQ,05-Oct-2026,159.06,166.0,166.0,155.9,155.9,160.27,161.82,11218,18.15,846,1623,14.47
UDS,EQ,05-Oct-2026,208.55,209.6,211.98,208.43,211.0,210.82,210.34,78015,164.09,2329,49090,62.92
UEL,EQ,05-Oct-2026,183.67,183.67,183.68,175.4,177.01,176.87,177.87,7614,13.54,550,5673,74.51
UFBL,BE,05-Oct-2026,692.75,696.7,704.9,658.5,660.0,662.1,671.91,33217,223.19,880,-,-
UFLEX,EQ,05-Oct-2026,649.85,651.15,669.35,636.5,640.1,639.2,647.11,112152,725.75,5295,55212,49.23
UFO,EQ,05-Oct-2026,56.49,57.02,58.6,56.33,57.4,57.18,57.35,21649,12.42,537,11900,54.97
UGARSUGAR,BE,05-Oct-2026,56.04,56.0,58.84,56.0,58.84,58.84,58.32,182707,106.55,723,-,-
UGROCAP,EQ,05-Oct-2026,82.35,83.9,83.9,81.0,82.99,81.89,82.08,145752,119.63,1801,89144,61.16
UHTL,ST,05-Oct-2026,192.1,192.1,195.9,192.1,195.9,195.9,195.02,26000,50.71,11,26000,100.00
UJJIVANSFB,EQ,05-Oct-2026,65.6,66.98,67.65,65.92,66.59,66.59,66.78,16279797,10870.88,76308,8586668,52.74
ULTRACEMCO,EQ,05-Oct-2026,10710.0,10736.0,10940.0,10731.0,10850.0,10850.0,10874.23,314538,34203.59,37017,198143,62.99
ULTRAMAR,EQ,05-Oct-2026,406.15,409.0,409.55,403.5,404.4,404.8,404.98,92729,375.53,1532,66236,71.43
UMA,SM,05-Oct-2026,17.8,17.0,17.0,16.6,16.6,16.6,16.87,12000,2.02,3,12000,100.00
UMAEXPORTS,BE,05-Oct-2026,22.05,22.16,22.16,21.0,21.0,21.16,21.5,32939,7.08,135,-,-
UMESLTD,EQ,05-Oct-2026,4.57,4.8,4.8,4.28,4.49,4.37,4.44,7898,0.35,77,5220,66.09
UMIYA-MRO,EQ,05-Oct-2026,91.76,92.8,93.49,91.12,91.71,91.98,91.77,8756,8.04,190,7051,80.53
UNICHEMLAB,EQ,05-Oct-2026,535.05,536.2,545.0,512.0,531.2,531.45,529.52,116755,618.24,6292,38020,32.56
UNIDT,EQ,05-Oct-2026,239.65,242.9,242.9,227.61,229.94,229.93,234.51,36657,85.96,1285,18088,49.34
UNIECOM,EQ,05-Oct-2026,82.58,82.52,83.69,81.11,81.2,81.54,82.21,134369,110.46,2140,73730,54.87
UNIENTER,EQ,05-Oct-2026,87.02,90.0,90.0,86.0,86.19,86.17,86.5,3395,2.94,92,2365,69.66
UNIHEALTH,SM,05-Oct-2026,581.2,580.0,588.0,555.0,556.0,562.15,567.79,20500,116.4,39,16000,78.05
UNIINFO,EQ,05-Oct-2026,10.85,11.2,11.2,10.46,10.46,10.62,10.56,2024,0.21,34,1447,71.49
UNILEX,SM,05-Oct-2026,29.3,30.0,30.5,30.0,30.4,30.4,30.29,8000,2.42,5,6400,80.00
UNIMECH,EQ,05-Oct-2026,1773.0,1790.0,1850.2,1756.0,1840.0,1845.1,1801.96,344309,6204.3,37538,149181,43.33
UNIONBANK,EQ,05-Oct-2026,167.59,169.0,171.09,165.68,167.97,167.97,168.0,7966548,13383.96,59745,3438526,43.16
UNIONGOLD,EQ,05-Oct-2026,143.9,145.0,145.8,142.4,143.45,144.0,143.06,6965,9.96,416,4082,58.61
UNIPARTS,EQ,05-Oct-2026,819.3,818.0,847.1,812.25,827.7,826.05,831.02,84284,700.42,8475,47518,56.38
UNITDSPR,EQ,05-Oct-2026,1335.1,1335.4,1377.9,1329.7,1369.0,1369.0,1352.4,1272603,17210.66,47556,737627,57.96
UNITECH,EQ,05-Oct-2026,3.93,3.95,3.99,3.88,3.91,3.9,3.93,1338911,52.6,2864,928995,69.38
UNITEDPOLY,EQ,05-Oct-2026,47.05,47.13,50.23,43.5,49.54,48.43,47.36,3171395,1502.11,6960,807488,25.46
UNITEDTEA,EQ,05-Oct-2026,416.95,414.9,428.95,414.9,416.0,415.0,415.28,1641,6.81,83,1392,84.83
UNIVAFOODS,BE,05-Oct-2026,9.48,9.48,9.48,9.48,9.48,9.48,9.48,3084,0.29,9,-,-
UNIVASTU,BE,05-Oct-2026,134.25,135.9,135.9,127.55,128.99,127.77,130.34,46796,60.99,465,-,-
UNIVCABLES,EQ,05-Oct-2026,1451.3,1459.9,1536.8,1456.0,1515.0,1520.2,1509.86,214759,3242.55,16273,87622,40.80
UNIVPHOTO,BE,05-Oct-2026,490.0,514.5,514.5,471.15,501.0,488.2,505.83,231,1.17,20,-,-
UNOMINDA,EQ,05-Oct-2026,1111.0,1111.0,1126.0,1086.2,1101.0,1101.0,1099.08,952575,10469.59,35931,522609,54.86
UPL,EQ,05-Oct-2026,516.8,520.5,526.8,496.05,502.5,502.5,507.28,5330366,27040.09,42874,3078846,57.76
URAVIDEF,BE,05-Oct-2026,103.0,103.0,103.0,101.16,101.16,101.16,101.4,463,0.47,16,-,-
URBAN,SM,05-Oct-2026,118.15,118.3,121.0,116.1,120.8,120.25,119.03,20000,23.81,25,11200,56.00
URBANCO,EQ,05-Oct-2026,156.34,157.0,160.56,157.0,159.0,159.59,159.0,2694786,4284.61,47403,1126864,41.82
URJA,EQ,05-Oct-2026,8.61,8.56,9.0,8.51,8.62,8.69,8.62,478430,41.26,2523,289709,60.55
USHAFIN,ST,05-Oct-2026,46.7,46.7,46.7,45.5,46.05,46.05,46.08,4800,2.21,3,4800,100.00
USHAMART,EQ,05-Oct-2026,491.7,492.0,518.0,492.0,508.1,510.5,507.86,1068924,5428.66,33961,595975,55.75
USK,EQ,05-Oct-2026,18.39,18.97,19.1,18.12,18.65,18.53,18.45,20205,3.73,232,13287,65.76
UTIAMC,EQ,05-Oct-2026,883.7,883.7,898.0,879.85,897.0,890.3,889.99,58676,522.21,8991,34795,59.30
UTKAL,ST,05-Oct-2026,48.0,50.0,50.0,45.6,49.9,49.75,48.64,42000,20.43,18,36000,85.71
UTKARSHBNK,EQ,05-Oct-2026,13.43,13.43,13.68,13.12,13.26,13.22,13.35,2920874,390.07,4721,1339209,45.85
UTLSOLAR,EQ,05-Oct-2026,401.65,401.65,420.95,392.6,412.5,412.15,411.77,326293,1343.58,18667,151287,46.37
UTSSAV,SM,05-Oct-2026,766.8,775.0,845.25,775.0,840.0,843.35,824.63,133200,1098.41,173,75600,56.76
UTTAMSUGAR,EQ,05-Oct-2026,276.1,280.65,298.0,279.0,294.65,294.7,290.33,362425,1052.22,11593,87059,24.02
UWCSL,SM,05-Oct-2026,122.45,121.0,121.0,121.0,121.0,121.0,121.0,1000,1.21,1,1000,100.00
UYFINCORP,BE,05-Oct-2026,22.86,23.29,24.0,23.0,24.0,23.98,23.77,495147,117.71,924,-,-
V2RETAIL,EQ,05-Oct-2026,201.39,183.99,183.99,162.33,167.89,169.28,172.33,18473874,31836.58,221803,5691886,30.81
VADILALIND,EQ,05-Oct-2026,7187.0,7187.0,7299.5,7000.0,7125.0,7111.0,7100.31,6743,478.77,1869,3476,51.55
VADILENT,EQ,05-Oct-2026,9910.0,9960.0,9960.0,9860.0,9860.0,9860.0,9908.89,9,0.89,9,8,88.89
VAIBHAVGBL,EQ,05-Oct-2026,203.53,205.0,208.99,198.15,200.99,199.43,200.83,211892,425.54,5628,99056,46.75
VAISHALI,EQ,05-Oct-2026,8.38,8.95,8.95,8.22,8.32,8.28,8.35,217314,18.16,382,139168,64.04
VAKRANGEE,EQ,05-Oct-2026,5.12,5.12,5.7,5.12,5.2,5.21,5.19,741358,38.48,1610,488182,65.85
VAL30IETF,EQ,05-Oct-2026,14.3,14.59,14.59,14.23,14.38,14.33,14.34,196261,28.14,583,90769,46.25
VALIANTLAB,BE,05-Oct-2026,125.08,128.85,128.85,119.05,126.4,124.58,122.89,70647,86.82,372,-,-
VALIANTORG,EQ,05-Oct-2026,477.15,477.15,503.0,471.05,475.0,475.65,491.94,461753,2271.57,13986,204878,44.37
VALUE,EQ,05-Oct-2026,15.14,15.44,15.44,15.11,15.23,15.22,15.24,10424,1.59,136,8647,82.95
VALUEAXIS,EQ,05-Oct-2026,30.91,31.97,31.97,30.82,31.38,31.02,31.12,145987,45.44,573,77280,52.94
VAML,EQ,05-Oct-2026,402.75,403.5,410.95,391.45,396.0,396.6,397.55,10726817,42644.03,144298,6203177,57.83
VARDHACRLC,EQ,05-Oct-2026,44.34,45.7,45.7,44.11,44.2,44.47,44.78,39997,17.91,344,30539,76.35
VARDMNPOLY,EQ,05-Oct-2026,5.7,5.6,5.75,5.48,5.59,5.55,5.55,297132,16.5,552,251624,84.68
VARMORA,EQ,05-Oct-2026,134.3,135.0,138.2,132.11,133.6,134.88,134.38,1992329,2677.32,29145,584817,29.35
VARROC,EQ,05-Oct-2026,830.6,835.0,843.8,817.0,819.15,820.0,824.35,169871,1400.34,15648,71655,42.18
VASCONEQ,EQ,05-Oct-2026,32.58,33.0,33.7,32.05,32.3,32.27,32.58,452260,147.36,1889,236727,52.34
VASUPRADA,EQ,05-Oct-2026,95.52,96.0,96.25,96.0,96.25,96.25,96.01,93,0.09,2,93,100.00
VASWANI,EQ,05-Oct-2026,44.36,44.2,45.28,44.01,44.06,44.13,44.47,8389,3.73,91,5216,62.18
VBL,EQ,05-Oct-2026,425.3,426.3,440.2,426.3,439.6,439.6,435.4,4643552,20217.96,66879,2458636,52.95
VCL,BE,05-Oct-2026,1.37,1.43,1.43,1.43,1.43,1.43,1.43,264937,3.79,149,-,-
VDEAL,SM,05-Oct-2026,110.5,111.2,111.2,103.05,103.05,103.05,106.95,2400,2.57,4,2400,100.00
VEDAVAAG,EQ,05-Oct-2026,22.16,22.16,22.59,21.46,22.28,22.33,22.08,27473,6.07,269,20456,74.46
VEDL,EQ,05-Oct-2026,252.05,253.3,256.6,252.05,255.05,255.05,254.45,7161255,18221.63,63796,4051298,56.57
VEDPOWER,EQ,05-Oct-2026,32.77,32.8,33.15,31.49,31.92,31.87,32.16,15572832,5008.64,183372,7573361,48.63
VEEDOL,EQ,05-Oct-2026,1356.6,1357.0,1365.9,1339.1,1350.0,1350.4,1347.17,6337,85.37,880,3431,54.14
VEEGALAND,EQ,05-Oct-2026,141.79,144.09,149.75,142.42,144.22,144.74,145.87,1476381,2153.56,8756,607578,41.15
VEEKAYEM,SM,05-Oct-2026,104.0,108.0,108.7,108.0,108.7,108.35,108.24,4000,4.33,8,2000,50.00
VELJAN,BE,05-Oct-2026,2296.1,2350.0,2410.9,2296.1,2410.9,2410.9,2403.01,4186,100.59,269,-,-
VENKEYS,EQ,05-Oct-2026,1613.0,1618.1,1664.0,1593.0,1636.0,1642.7,1636.64,51707,846.26,6807,25168,48.67
VENTIVE,EQ,05-Oct-2026,552.2,546.0,557.9,544.5,546.25,548.0,548.33,8979,49.23,1101,4997,55.65
VENUSPIPES,EQ,05-Oct-2026,2204.9,2204.9,2279.1,2193.8,2217.0,2206.4,2232.59,141164,3151.61,12927,47005,33.30
VENUSREM,BE,05-Oct-2026,1796.7,1758.0,1819.0,1710.0,1800.0,1778.0,1757.25,21176,372.11,1088,-,-
VERANDA,EQ,05-Oct-2026,213.8,214.0,218.99,207.6,213.02,212.76,212.29,368190,781.64,7788,201182,54.64
VERITAAS,SM,05-Oct-2026,31.6,30.05,30.5,30.05,30.05,30.05,30.23,6000,1.81,5,3600,60.00
VERTIS,IV,05-Oct-2026,116.5,114.0,116.5,114.0,114.0,114.0,115.93,3825000,4434.2,16,3825000,100.00
VERTOZ,EQ,05-Oct-2026,35.66,36.99,36.99,34.43,35.0,34.73,34.93,40182,14.04,635,27277,67.88
VESUVIUS,EQ,05-Oct-2026,404.1,404.1,412.65,387.95,390.0,389.4,396.33,190997,756.97,9596,72124,37.76
VETO,EQ,05-Oct-2026,136.79,137.0,140.95,135.35,136.0,136.65,137.69,45573,62.75,1596,21154,46.42
VGCL,EQ,05-Oct-2026,47.89,45.65,48.37,45.65,48.02,48.02,46.79,906,0.42,51,684,75.50
VGINFOTECH,SM,05-Oct-2026,139.0,138.0,138.0,136.0,138.0,138.0,137.09,19000,26.05,18,16000,84.21
VGL,EQ,05-Oct-2026,63.11,63.4,65.22,63.4,63.6,63.6,64.07,33296,21.33,380,22769,68.38
VGUARD,EQ,05-Oct-2026,294.55,297.3,302.7,295.3,296.05,296.55,297.99,204357,608.96,10800,107425,52.57
VHL,EQ,05-Oct-2026,3435.3,3481.0,3525.7,3375.0,3510.0,3517.8,3486.23,1519,52.96,346,1103,72.61
VHLTD,BE,05-Oct-2026,127.7,131.99,131.99,124.0,130.0,126.05,127.35,7505,9.56,92,-,-
VICTORYEV,SM,05-Oct-2026,13.5,13.5,13.5,13.3,13.3,13.3,13.43,9000,1.21,3,9000,100.00
VIDHIING,EQ,05-Oct-2026,350.25,356.5,357.0,350.0,354.0,354.0,354.45,14038,49.76,943,10424,74.26
VIDYAWIRES,EQ,05-Oct-2026,90.97,90.95,95.35,90.95,91.08,91.27,92.97,1296809,1205.71,8246,620545,47.85
VIESL,SM,05-Oct-2026,365.0,365.0,365.0,358.95,359.8,359.8,361.26,9600,34.68,12,8000,83.33
VIGOR,SM,05-Oct-2026,80.0,80.0,80.0,76.0,76.0,76.0,76.79,35200,27.03,22,32000,90.91
VIJAYA,EQ,05-Oct-2026,1428.0,1425.0,1444.9,1405.4,1420.9,1422.2,1422.71,157254,2237.27,32074,89894,57.16
VIJAYPD,SM,05-Oct-2026,80.05,82.0,91.95,76.75,90.7,90.35,86.26,176000,151.82,84,136000,77.27
VIJIFIN,BE,05-Oct-2026,15.16,14.41,14.41,14.41,14.41,14.41,14.41,38311,5.52,200,-,-
VIJSOLX,EQ,05-Oct-2026,623.3,625.05,644.8,625.05,636.95,636.95,630.19,33,0.21,11,23,69.70
VIKASECO,EQ,05-Oct-2026,1.01,1.03,1.03,1.02,1.02,1.02,1.02,1522387,15.58,1078,813621,53.44
VIKASLIFE,EQ,05-Oct-2026,1.2,1.21,1.23,1.21,1.21,1.21,1.22,2377351,28.9,8062,958971,40.34
VIKRAMSOLR,EQ,05-Oct-2026,154.35,155.0,157.39,151.79,152.7,152.52,153.33,969664,1486.8,13190,425094,43.84
VIKRAN,EQ,05-Oct-2026,58.27,59.0,59.56,56.9,57.12,57.19,57.83,1024492,592.42,6563,423965,41.38
VILAS,SM,05-Oct-2026,398.75,404.95,406.9,394.0,395.0,396.25,397.76,46500,184.96,106,39250,84.41
VILINBIO,ST,05-Oct-2026,56.5,53.75,53.75,53.75,53.75,53.75,53.75,4000,2.15,1,4000,100.00
VIMTALABS,EQ,05-Oct-2026,584.35,585.0,604.0,570.5,573.0,571.75,580.5,96965,562.88,9030,44217,45.60
VINATIORGA,EQ,05-Oct-2026,1208.1,1207.0,1207.9,1171.6,1175.8,1175.8,1181.16,43727,516.49,7795,21606,49.41
VINCOFE,EQ,05-Oct-2026,178.95,178.8,186.0,175.41,183.0,182.59,180.49,1009071,1821.28,14632,470835,46.66
VINDHYATEL,EQ,05-Oct-2026,2617.0,2611.7,2670.5,2553.5,2588.0,2577.3,2589.23,37719,976.63,5644,18837,49.94
VINEETLAB,EQ,05-Oct-2026,35.91,36.4,37.7,35.49,37.03,37.57,36.99,95641,35.37,495,62556,65.41
VINNY,EQ,05-Oct-2026,0.9,0.91,0.91,0.9,0.9,0.9,0.9,202872,1.83,151,202867,100.00
VINOD,SM,05-Oct-2026,50.85,45.8,45.8,45.8,45.8,45.8,45.8,8400,3.85,7,8400,100.00
VINSYS,ST,05-Oct-2026,579.5,585.0,588.0,555.05,573.0,574.0,575.75,3000,17.27,12,3000,100.00
VINYAS,SM,05-Oct-2026,1375.15,1361.4,1398.0,1311.0,1398.0,1374.45,1347.42,12800,172.47,94,9800,76.56
VINYLINDIA,EQ,05-Oct-2026,214.23,214.23,220.0,214.0,214.01,214.15,214.58,2875,6.17,200,2317,80.59
VIPCLOTHNG,EQ,05-Oct-2026,20.11,20.11,21.94,20.11,20.17,20.19,20.64,14474,2.99,216,8906,61.53
VIPIND,EQ,05-Oct-2026,280.75,282.95,288.75,279.0,283.3,284.3,283.55,190807,541.04,7303,88403,46.33
VIPULLTD,BE,05-Oct-2026,10.59,10.46,10.55,10.35,10.5,10.49,10.47,68050,7.12,157,-,-
VIRAT,EQ,05-Oct-2026,335.8,336.15,349.9,336.0,338.4,345.0,343.21,5210,17.88,263,3367,64.63
VIRINCHI,EQ,05-Oct-2026,13.29,13.3,13.6,12.55,12.85,12.78,12.91,63452,8.19,359,53156,83.77
VIRTUALG,BE,05-Oct-2026,0.44,0.44,0.45,0.43,0.44,0.43,0.44,146059,0.64,133,-,-
VISACHROME,EQ,05-Oct-2026,35.91,37.64,37.64,34.12,34.12,34.12,34.9,24650,8.6,250,16022,65.00
VISAKAIND,BE,05-Oct-2026,83.58,83.47,83.75,81.11,81.5,81.57,82.23,71853,59.09,479,-,-
VISAMAN,SM,05-Oct-2026,27.2,25.85,25.85,25.85,25.85,25.85,25.85,12000,3.1,7,12000,100.00
VISDEM,SM,05-Oct-2026,91.0,99.95,100.0,92.0,100.0,99.65,99.3,33600,33.37,17,30000,89.29
VISHAL,EQ,05-Oct-2026,17.38,18.18,18.18,17.0,17.44,17.31,17.29,28517,4.93,397,20642,72.38
VISHNU,EQ,05-Oct-2026,658.25,661.55,669.65,645.1,649.0,647.75,652.26,83979,547.76,5651,40201,47.87
VISHNUINFR,SM,05-Oct-2026,148.7,143.15,145.4,143.0,143.0,143.0,143.63,4000,5.75,8,3000,75.00
VISHWARAJ,EQ,05-Oct-2026,5.18,5.29,5.32,5.2,5.21,5.23,5.25,195509,10.26,487,85824,43.90
VISL,EQ,05-Oct-2026,31.17,30.99,31.32,30.16,30.7,30.74,30.78,14830747,4564.6,42175,7547914,50.89
VITAL,EQ,05-Oct-2026,53.46,50.8,53.89,50.8,52.69,51.05,50.93,3115,1.59,31,2468,79.23
VIVIANA,EQ,05-Oct-2026,774.5,819.9,825.0,765.0,818.05,815.65,799.08,82294,657.59,6106,41578,50.52
VIVIDEL,SM,05-Oct-2026,1747.65,1747.65,1750.0,1690.0,1715.0,1715.0,1717.13,8400,144.24,34,5760,68.57
VIVIDHA,EQ,05-Oct-2026,0.5,0.51,0.54,0.5,0.52,0.51,0.52,580904,3.0,178,223176,38.42
VIVIMEDLAB,BE,05-Oct-2026,5.71,5.99,5.99,5.99,5.99,5.99,5.99,103501,6.2,63,-,-
VIVO,ST,05-Oct-2026,151.05,147.0,147.0,147.0,147.0,147.0,147.0,1600,2.35,1,1600,100.00
VIVOBIOT,EQ,05-Oct-2026,17.13,17.0,17.83,14.6,15.3,15.14,15.75,78951,12.44,388,54040,68.45
VIYASH,EQ,05-Oct-2026,231.75,234.0,235.0,228.0,228.1,229.07,231.0,1200304,2772.73,23363,633904,52.81
VLEGOV,EQ,05-Oct-2026,9.6,9.42,9.99,9.13,9.39,9.32,9.42,135280,12.74,764,84311,62.32
VLINFRA,SM,05-Oct-2026,24.9,23.75,25.15,23.75,25.15,25.15,24.61,7500,1.85,5,6000,80.00
VLSFINANCE,EQ,05-Oct-2026,230.87,229.0,234.84,229.0,231.9,231.16,231.14,10797,24.96,145,8776,81.28
VMARCIND,SM,05-Oct-2026,325.0,325.7,325.7,316.1,321.0,321.65,321.3,102000,327.73,64,72000,70.59
VMART,EQ,05-Oct-2026,746.1,751.0,775.0,744.4,768.0,770.95,764.24,81245,620.91,10998,36197,44.55
VMM,EQ,05-Oct-2026,99.5,100.6,100.6,98.1,98.25,98.25,98.82,5980303,5909.72,26769,2677743,44.78
VMOBILE,SM,05-Oct-2026,56.05,53.8,53.8,53.75,53.75,53.75,53.78,1600,0.86,2,1600,100.00
VMSTMT,EQ,05-Oct-2026,46.65,46.95,48.0,42.5,44.57,44.34,44.56,117745,52.46,1565,70308,59.71
VOEPL,EQ,05-Oct-2026,493.0,520.0,553.85,493.0,505.55,506.1,524.12,2133658,11182.96,58777,139440,6.54
VOGL,EQ,05-Oct-2026,31.98,31.95,32.14,30.63,30.88,30.87,31.16,23982297,7472.38,145271,10809443,45.07
VOITHPAPR,EQ,05-Oct-2026,1407.3,1416.0,1448.0,1392.3,1440.1,1437.2,1425.01,245,3.49,47,176,71.84
VOLERCAR,SM,05-Oct-2026,216.3,217.0,219.0,216.5,219.0,219.0,217.83,4800,10.46,4,2400,50.00
VOLTAMP,EQ,05-Oct-2026,10426.0,10452.0,10638.0,10421.0,10555.0,10561.0,10559.31,14532,1534.48,7618,7292,50.18
VOLTAS,EQ,05-Oct-2026,1053.2,1055.0,1072.1,1052.9,1061.3,1061.3,1060.81,436486,4630.27,23787,134505,30.82
VPRPL,EQ,05-Oct-2026,28.39,28.45,29.17,28.45,28.6,28.78,28.79,346485,99.76,1534,196129,56.61
VRAJ,EQ,05-Oct-2026,121.76,123.35,124.08,121.25,121.58,122.18,122.17,11118,13.58,411,7606,68.41
VRLLOG,EQ,05-Oct-2026,285.05,285.6,286.6,283.1,285.0,285.0,284.88,97202,276.91,2717,64944,66.81
VSSL,EQ,05-Oct-2026,383.3,381.0,388.35,375.85,384.0,386.1,383.49,140448,538.61,5981,71113,50.63
VSTIND,EQ,05-Oct-2026,201.14,204.5,204.5,200.1,201.0,200.92,201.22,101204,203.64,3198,65362,64.58
VSTL,EQ,05-Oct-2026,108.85,109.98,110.45,108.05,109.3,109.04,109.15,5108,5.58,190,3715,72.73
VSTTILLERS,EQ,05-Oct-2026,4339.8,4365.0,4379.6,4175.7,4202.0,4235.1,4255.44,10200,434.05,2831,4251,41.68
VTL,EQ,05-Oct-2026,529.25,532.0,538.9,527.65,528.95,529.9,531.97,102074,543.0,8016,46025,45.09
VTMLTD,EQ,05-Oct-2026,38.15,40.4,41.4,37.3,39.0,38.27,38.0,46362,17.62,910,27724,59.80
WAAREEENER,EQ,05-Oct-2026,2340.0,2352.0,2363.5,2323.7,2346.5,2346.5,2343.51,341571,8004.74,26806,130760,38.28
WAAREEINDO,EQ,05-Oct-2026,203.39,203.01,213.3,203.01,205.42,204.89,206.73,141493,292.5,2436,43400,30.67
WAAREERTL,EQ,05-Oct-2026,808.8,809.95,831.0,807.2,808.6,809.1,816.73,124142,1013.91,12035,51583,41.55
WABAG,EQ,05-Oct-2026,2004.9,2015.0,2032.8,1967.0,1999.9,1999.5,1986.4,683349,13574.08,33624,321752,47.08
WAKEFIT,EQ,05-Oct-2026,139.88,140.12,144.5,137.3,138.1,138.12,140.24,586481,822.46,2973,413082,70.43
WALCHANNAG,EQ,05-Oct-2026,196.08,198.0,201.4,193.05,194.9,195.05,196.71,591665,1163.84,11759,282964,47.83
WALPAR,SM,05-Oct-2026,27.4,28.45,28.45,26.1,26.1,26.1,26.64,14000,3.73,7,8000,57.14
WANBURY,EQ,05-Oct-2026,197.99,198.8,198.99,187.0,189.9,190.46,191.92,517094,992.39,9695,232969,45.05
WARDINMOBI,BZ,05-Oct-2026,5.31,5.31,5.55,5.07,5.2,5.17,5.26,91237,4.8,355,-,-
WATERBASE,EQ,05-Oct-2026,45.4,47.0,47.0,45.21,45.24,45.57,45.8,3851,1.76,95,3333,86.55
WCIL,EQ,05-Oct-2026,93.01,95.0,95.0,87.25,89.0,89.27,90.94,330348,300.42,3286,195549,59.19
WEALTH,EQ,05-Oct-2026,889.95,900.0,913.0,851.5,866.0,864.0,888.86,705,6.27,132,406,57.59
WEBELSOLAR,EQ,05-Oct-2026,68.7,69.2,69.6,67.21,68.24,68.06,68.21,1356882,925.53,12993,704466,51.92
WEIZMANIND,EQ,05-Oct-2026,71.45,70.35,72.73,68.5,69.4,69.4,70.75,100,0.07,28,61,61.00
WEL,EQ,05-Oct-2026,71.7,72.88,74.39,72.01,73.65,73.3,73.58,187482,137.96,1386,122403,65.29
WELCORP,EQ,05-Oct-2026,2605.8,2649.9,2672.9,2450.0,2501.0,2497.5,2507.67,2352647,58996.72,168249,1146925,48.75
WELENT,EQ,05-Oct-2026,724.45,724.45,734.3,716.7,723.0,723.1,724.61,154921,1122.57,9482,85256,55.03
WELINV,BE,05-Oct-2026,2478.0,2500.0,2500.0,2478.0,2478.0,2478.0,2494.5,4,0.1,4,-,-
WELSPLSOL,EQ,05-Oct-2026,52.58,52.25,53.4,52.02,52.25,52.5,52.53,332103,174.47,2314,185857,55.96
WELSPUNLIV,EQ,05-Oct-2026,239.17,241.5,243.0,228.01,230.0,230.27,232.93,5875615,13686.12,73572,2210655,37.62
WENDT,EQ,05-Oct-2026,8116.0,8130.0,8255.0,8001.0,8013.0,8016.5,8108.15,6049,490.46,1909,2829,46.77
WESTLIFE,EQ,05-Oct-2026,588.05,591.0,606.5,586.0,588.6,590.95,595.13,106325,632.77,7472,60583,56.98
WEWIN,EQ,05-Oct-2026,51.65,52.1,52.1,50.55,51.0,51.0,51.08,3493,1.78,59,3416,97.80
WEWORK,EQ,05-Oct-2026,659.6,656.4,664.2,645.05,650.7,651.0,651.22,62860,409.36,7455,37994,60.44
WHBRADY,EQ,05-Oct-2026,465.05,488.0,488.0,456.3,456.3,464.4,475.16,93,0.44,20,92,98.92
WHEELS,EQ,05-Oct-2026,2241.3,2260.0,2266.6,2150.2,2200.0,2206.6,2186.92,78184,1709.82,8856,24945,31.91
WHIRLPOOL,EQ,05-Oct-2026,861.65,867.6,888.7,850.1,870.1,871.75,873.45,825507,7210.37,38181,181131,21.94
WILLAMAGOR,EQ,05-Oct-2026,21.19,21.99,22.82,21.01,21.67,21.67,21.53,4778,1.03,31,3417,71.52
WINDLAS,EQ,05-Oct-2026,1082.4,1082.4,1094.1,1009.0,1017.2,1017.9,1036.29,109660,1136.39,11610,48473,44.20
WINDMACHIN,EQ,05-Oct-2026,293.15,293.0,299.45,284.65,287.0,286.2,289.8,29987,86.9,1280,17058,56.88
WINNY,SM,05-Oct-2026,32.45,34.05,34.05,34.05,34.05,34.05,34.05,3000,1.02,1,3000,100.00
WINSOL,SM,05-Oct-2026,106.0,106.2,106.2,102.6,102.65,102.65,103.94,4800,4.99,11,4400,91.67
WIPL,EQ,05-Oct-2026,161.0,163.0,167.4,160.5,160.5,160.81,162.37,2277,3.7,59,2004,88.01
WIPRO,EQ,05-Oct-2026,159.35,163.0,164.3,161.43,162.14,162.14,162.6,30838863,50144.41,109890,17848579,57.88
WOCKPHARMA,EQ,05-Oct-2026,2083.9,2083.9,2093.9,2003.0,2062.0,2063.5,2048.79,803153,16454.9,54949,314875,39.20
WOL3D,SM,05-Oct-2026,134.0,134.0,134.0,134.0,134.0,134.0,134.0,1000,1.34,1,1000,100.00
WOMANCART,ST,05-Oct-2026,96.35,95.0,96.2,91.75,91.75,94.5,94.09,29200,27.48,36,23600,80.82
WONDERLA,EQ,05-Oct-2026,495.1,495.1,503.0,495.1,497.0,499.7,500.13,22858,114.32,1414,14395,62.98
WORTHPERI,EQ,05-Oct-2026,143.74,139.0,143.5,139.0,143.5,143.41,141.1,2658,3.75,63,1784,67.12
WPIL,EQ,05-Oct-2026,430.65,440.05,449.0,433.0,448.45,447.2,444.29,157162,698.26,4760,49126,31.26
WSI,EQ,05-Oct-2026,53.2,52.2,54.19,50.1,51.0,50.66,51.78,54043,27.98,459,35886,66.40
WSTCSTPAPR,EQ,05-Oct-2026,727.65,733.0,739.9,710.2,720.0,717.75,719.28,205992,1481.66,12029,75895,36.84
WTICAB,SM,05-Oct-2026,95.0,95.05,98.8,95.05,98.75,98.75,98.16,6500,6.38,13,5500,84.62
XCHANGING,EQ,05-Oct-2026,59.73,60.45,61.0,57.28,58.5,58.13,59.41,111368,66.16,1507,68017,61.07
XELPMOC,EQ,05-Oct-2026,93.67,96.0,100.52,88.3,89.49,89.86,95.12,68709,65.35,1182,30581,44.51
XPROINDIA,EQ,05-Oct-2026,1136.2,1129.1,1158.9,1125.0,1125.0,1139.0,1138.39,13727,156.27,1928,7531,54.86
XTGLOBAL,EQ,05-Oct-2026,28.69,29.0,29.4,28.0,28.28,28.09,28.34,21393,6.06,218,14877,69.54
XTRANET,EQ,05-Oct-2026,272.4,272.6,286.0,266.0,286.0,286.0,282.62,670465,1894.89,8404,351523,52.43
YAAP,SM,05-Oct-2026,122.0,126.95,126.95,125.0,125.0,125.0,125.98,2000,2.52,2,2000,100.00
YASHO,EQ,05-Oct-2026,4036.0,4036.0,4190.0,4005.9,4095.0,4042.9,4111.39,23771,977.32,5313,10230,43.04
YASHOPTICS,SM,05-Oct-2026,135.4,135.4,142.0,133.0,133.0,133.0,136.21,24800,33.78,22,22400,90.32
YATHARTH,EQ,05-Oct-2026,1033.7,1028.6,1039.7,995.0,1007.7,1003.0,1007.18,435155,4382.81,31730,183545,42.18
YATRA,EQ,05-Oct-2026,98.83,100.0,102.87,98.56,100.35,100.81,100.79,1078497,1087.07,11646,389841,36.15
YESBANK,EQ,05-Oct-2026,20.75,21.05,21.23,20.91,21.06,21.06,21.07,61113748,12877.54,79648,25350453,41.48
YOGI,EQ,05-Oct-2026,159.35,162.85,162.85,158.0,160.0,160.0,159.15,320,0.51,9,319,99.69
YUKEN,EQ,05-Oct-2026,1141.4,1141.4,1145.5,1093.6,1111.0,1129.0,1124.04,18275,205.42,2191,8553,46.80
ZAGGLE,EQ,05-Oct-2026,171.73,172.0,175.5,169.29,170.0,170.32,171.81,621589,1067.96,10024,235148,37.83
ZEAL,SM,05-Oct-2026,68.55,70.0,74.95,70.0,70.7,70.7,71.54,2400,1.72,4,1800,75.00
ZEEL,EQ,05-Oct-2026,71.92,72.09,74.57,72.09,73.8,73.57,73.3,15449821,11325.45,57132,5951945,38.52
ZEELEARN,EQ,05-Oct-2026,6.3,6.19,6.55,5.27,6.26,6.21,6.08,552687,33.59,1457,342252,61.93
ZEEMEDIA,EQ,05-Oct-2026,7.2,7.27,7.33,7.1,7.23,7.15,7.18,557866,40.05,1186,349850,62.71
ZENITHDRUG,SM,05-Oct-2026,42.05,42.05,43.6,42.05,42.5,42.5,42.45,4000,1.7,5,4000,100.00
ZENITHEXPO,EQ,05-Oct-2026,203.04,195.01,195.01,192.89,194.9,194.9,193.78,823,1.59,45,473,57.47
ZENITHSTL,EQ,05-Oct-2026,5.1,5.28,5.28,5.04,5.12,5.15,5.13,57566,2.95,256,40315,70.03
ZENSARTECH,EQ,05-Oct-2026,434.35,441.05,459.35,435.05,451.0,451.5,451.67,3269410,14766.94,95024,777638,23.79
ZENTEC,EQ,05-Oct-2026,1576.1,1585.0,1606.0,1571.6,1598.0,1599.5,1592.62,212581,3385.6,19488,78601,36.97
ZFCVINDIA,EQ,05-Oct-2026,2241.0,2250.0,2269.8,2194.0,2202.0,2201.3,2210.56,121895,2694.56,12787,75157,61.66
ZFSTEERING,EQ,05-Oct-2026,708.4,711.0,724.0,700.1,700.1,703.65,712.25,1443,10.28,125,717,49.69
ZIMLAB,EQ,05-Oct-2026,137.02,137.3,139.49,131.0,139.0,137.1,135.56,78444,106.34,1852,41032,52.31
ZODIAC,EQ,05-Oct-2026,216.91,216.91,219.89,212.0,215.0,215.1,214.92,5592,12.02,414,3268,58.44
ZODIACLOTH,EQ,05-Oct-2026,66.71,69.69,69.69,66.2,66.83,67.67,67.4,5362,3.61,96,3663,68.31
ZOTA,EQ,05-Oct-2026,1267.8,1280.0,1313.9,1247.4,1285.0,1297.4,1287.62,58725,756.15,5465,30417,51.80
ZSARACOM,EQ,05-Oct-2026,10017.0,10000.0,10000.0,9605.0,9850.0,9787.0,9783.59,29,2.84,20,20,68.97
ZTECH,SM,05-Oct-2026,437.05,442.0,472.0,439.0,471.95,470.3,452.05,21000,94.93,64,17700,84.29
ZUARI,EQ,05-Oct-2026,212.88,213.05,217.73,210.0,211.01,211.46,213.13,63262,134.83,2321,29321,46.35
ZUARIIND,EQ,05-Oct-2026,281.85,284.9,291.05,281.8,283.0,283.95,286.62,75632,216.78,2644,43814,57.93
ZYDUSLIFE,EQ,05-Oct-2026,1145.7,1145.7,1151.0,1128.1,1139.0,1139.0,1138.68,1592973,18138.9,43191,784232,49.23
ZYDUSWELL,EQ,05-Oct-2026,493.25,499.75,502.1,482.0,484.95,483.8,489.22,126114,616.97,11123,50447,40.00
