SYMBOL,SERIES,DATE1,PREV_CLOSE,OPEN_PRICE,HIGH_PRICE,LOW_PRICE,LAST_PRICE,CLOSE_PRICE,AVG_PRICE,TTL_TRD_QNTY,TURNOVER_LACS,NO_OF_TRADES,DELIV_QTY,DELIV_PER
1018GS2026,GS,24-Jul-2026,104.29,104.0,104.25,104.0,104.25,104.25,104.02,666,0.69,6,666,100.00
20MICRONS,EQ,24-Jul-2026,209.81,210.0,210.0,202.63,204.0,204.23,205.69,119240,245.26,2971,67710,56.78
21STCENMGM,EQ,24-Jul-2026,36.39,37.11,37.11,35.81,37.11,37.11,37.09,2743,1.02,32,2249,81.99
360ONE,EQ,24-Jul-2026,1083.2,1068.3,1105.0,1065.0,1102.0,1102.3,1087.74,918262,9988.29,36716,329644,35.90
3BBLACKBIO,EQ,24-Jul-2026,1275.7,1260.2,1301.8,1260.2,1276.9,1278.1,1283.33,4086,52.44,578,2470,60.45
3IINFOLTD,EQ,24-Jul-2026,20.43,20.0,20.23,19.41,19.65,19.74,19.76,1355100,267.75,4006,800086,59.04
3MINDIA,EQ,24-Jul-2026,35245.0,35110.0,35790.0,34915.0,35700.0,35500.0,35454.76,2736,970.04,1537,937,34.25
3PLAND,EQ,24-Jul-2026,31.85,32.01,32.49,31.5,31.57,31.57,31.78,1224,0.39,37,1136,92.81
574GS2026,GS,24-Jul-2026,100.79,100.77,100.77,100.39,100.39,100.39,100.67,11,0.01,3,11,100.00
585GS2030,GS,24-Jul-2026,98.25,96.46,96.46,96.45,96.45,96.45,96.46,2000,1.93,2,2000,100.00
5PAISA,EQ,24-Jul-2026,367.3,368.0,373.55,363.1,373.55,373.1,368.81,23335,86.06,1476,12219,52.36
610GS2031,GS,24-Jul-2026,101.75,102.45,102.45,102.45,102.45,102.45,102.45,1,0.0,1,1,100.00
633GS2035,GS,24-Jul-2026,97.5,96.51,96.75,96.51,96.75,96.75,96.63,200,0.19,2,100,50.00
636GS2031,GS,24-Jul-2026,101.5,100.16,102.0,100.16,102.0,102.0,101.08,925,0.93,3,625,67.57
63MOONS,EQ,24-Jul-2026,704.0,695.8,711.65,686.0,708.0,708.3,697.39,177622,1238.71,5478,85679,48.24
648GS2035,GS,24-Jul-2026,99.0,97.91,99.0,97.91,99.0,99.0,98.46,200,0.2,3,100,50.00
667GS2050,GS,24-Jul-2026,93.0,94.15,94.15,93.0,93.0,93.0,93.01,603,0.56,3,603,100.00
668GS2033,GS,24-Jul-2026,101.66,99.85,99.85,99.85,99.85,99.85,99.85,1000,1.0,1,1000,100.00
668GS2040,GS,24-Jul-2026,98.25,97.5,98.3,97.45,97.85,98.05,97.83,140727,137.68,21,140725,100.00
675GS2029,GS,24-Jul-2026,100.0,99.76,100.0,99.76,100.0,100.0,99.92,300,0.3,4,200,66.67
676GS2061,GS,24-Jul-2026,92.47,92.9,92.9,92.0,92.52,92.52,92.38,54166,50.04,34,48609,89.74
679GS2031,GS,24-Jul-2026,100.0,100.0,100.0,100.0,100.0,100.0,100.0,100,0.1,1,100,100.00
679GS2034,GS,24-Jul-2026,101.0,100.55,100.55,100.55,100.55,100.55,100.55,100,0.1,1,100,100.00
68GS2060,GS,24-Jul-2026,93.9,95.0,95.0,95.0,95.0,95.0,95.0,1,0.0,1,1,100.00
690GS2065,GS,24-Jul-2026,93.18,93.69,93.69,93.0,93.39,93.37,93.29,26226,24.47,27,24227,92.38
695GS2061,GS,24-Jul-2026,94.0,94.0,94.0,94.0,94.0,94.0,94.0,6931,6.52,6,6931,100.00
697GR2034,GS,24-Jul-2026,101.74,101.0,101.0,101.0,101.0,101.0,101.0,302,0.31,3,302,100.00
699GS2051,GS,24-Jul-2026,97.5,96.0,97.5,96.0,97.5,97.5,96.06,71,0.07,4,71,100.00
702GS2031,GS,24-Jul-2026,102.8,102.79,102.79,102.79,102.79,102.79,102.79,8,0.01,1,8,100.00
704GS2029,GS,24-Jul-2026,101.8,101.0,101.0,101.0,101.0,101.0,101.0,2386,2.41,1,2386,100.00
706GS2028,GS,24-Jul-2026,102.43,102.75,103.0,102.75,103.0,103.0,103.0,1008,1.04,4,1008,100.00
709GS2054,GS,24-Jul-2026,99.4,99.5,99.5,98.9,99.24,99.24,99.19,16485,16.35,25,16485,100.00
709GS2074,GS,24-Jul-2026,95.01,95.8,95.8,95.0,95.3,95.3,95.39,25315,24.15,28,25315,100.00
710GS2029,GS,24-Jul-2026,103.3,102.2,103.2,102.2,103.2,103.2,102.7,2000,2.05,2,1000,50.00
717GS2030,GS,24-Jul-2026,104.4,104.4,104.4,104.3,104.3,104.3,104.4,2100,2.19,4,2100,100.00
718GS2037,GS,24-Jul-2026,102.44,101.91,102.3,101.9,102.0,102.0,102.01,13950,14.23,23,13758,98.62
71GS2034,GS,24-Jul-2026,103.2,103.2,103.2,103.2,103.2,103.2,103.2,100,0.1,1,100,100.00
724GS2055,GS,24-Jul-2026,100.8,100.9,101.1,100.8,101.1,101.07,100.89,10096,10.19,18,10096,100.00
725GS2063,GS,24-Jul-2026,97.23,97.2,97.2,96.98,97.19,97.09,97.08,248024,240.78,179,222713,89.79
726GS2032,GS,24-Jul-2026,106.2,106.25,106.25,106.25,106.25,106.25,106.25,184,0.2,3,184,100.00
726GS2033,GS,24-Jul-2026,106.0,106.25,106.25,105.75,105.76,105.76,106.24,2051,2.18,4,2050,99.95
734GS2064,GS,24-Jul-2026,99.39,99.53,99.53,99.29,99.4,99.4,99.37,18452,18.33,25,18352,99.46
736GS2052,GS,24-Jul-2026,101.4,101.65,101.65,101.65,101.65,101.65,101.65,260,0.26,2,260,100.00
738GS2027,GS,24-Jul-2026,101.69,101.7,102.0,101.65,102.0,102.0,101.74,36485,37.12,13,36485,100.00
73GS2053,GS,24-Jul-2026,100.4,100.24,100.24,100.24,100.24,100.24,100.24,1200,1.2,1,1200,100.00
741GS2036,GS,24-Jul-2026,104.11,104.03,104.35,104.03,104.14,104.14,104.21,54702,57.0,19,54702,100.00
743GS2076,GS,24-Jul-2026,98.7,99.1,99.29,98.9,98.9,98.9,99.1,36681,36.35,41,36681,100.00
746GS2073,GS,24-Jul-2026,101.7,101.7,101.7,100.5,101.0,100.99,101.0,19050,19.24,17,18899,99.21
74GS2062,GS,24-Jul-2026,101.5,101.5,101.5,101.45,101.48,101.45,101.46,10003,10.15,4,10003,100.00
750GS2056,GS,24-Jul-2026,103.0,103.0,103.0,103.0,103.0,103.0,103.0,1,0.0,1,1,100.00
754GS2036,GS,24-Jul-2026,106.3,106.18,106.25,106.1,106.22,106.18,106.15,1036044,1099.76,279,1031039,99.52
771GS2066,GS,24-Jul-2026,104.6,104.0,105.0,103.75,104.25,104.25,103.95,21705,22.56,25,21005,96.77
897GS2030,GS,24-Jul-2026,110.7,110.8,111.0,110.7,110.7,110.72,110.93,1878,2.08,12,1878,100.00
92GS2030,GS,24-Jul-2026,114.9,114.9,114.9,114.9,114.9,114.9,114.9,1,0.0,1,1,100.00
A2ZINFRA,EQ,24-Jul-2026,12.12,12.25,12.6,12.0,12.57,12.46,12.27,170866,20.97,554,129025,75.51
AAATECH,EQ,24-Jul-2026,90.55,90.55,90.8,88.84,90.62,89.66,89.91,11408,10.26,584,5257,46.08
AADHARHFC,EQ,24-Jul-2026,500.8,500.9,502.95,492.5,495.25,495.0,495.05,136978,678.11,8559,57693,42.12
AAKAAR,SM,24-Jul-2026,74.9,73.0,73.0,71.2,71.2,71.2,71.82,4800,3.45,3,4800,100.00
AAKASH,EQ,24-Jul-2026,9.15,9.03,9.38,8.67,8.7,8.92,9.12,313973,28.63,433,108705,34.62
AARADHYA,SM,24-Jul-2026,75.0,72.0,72.0,72.0,72.0,72.0,72.0,2400,1.73,2,2400,100.00
AAREYDRUGS,BE,24-Jul-2026,77.2,75.66,77.5,75.66,77.5,77.5,76.6,11763,9.01,32,-,-
AARNAV,EQ,24-Jul-2026,28.7,28.13,29.18,28.11,28.25,28.32,28.47,34548,9.84,255,24087,69.72
AARON,EQ,24-Jul-2026,112.71,112.71,135.25,111.5,135.25,135.25,131.76,364489,480.23,4552,90908,24.94
AARTECH,BE,24-Jul-2026,47.93,47.93,48.16,47.0,47.93,47.93,47.29,6632,3.14,76,-,-
AARTIDRUGS,EQ,24-Jul-2026,410.0,409.0,410.0,401.0,408.0,404.5,404.26,82935,335.27,3031,43942,52.98
AARTIIND,EQ,24-Jul-2026,478.2,475.0,480.55,469.0,477.9,477.8,475.62,309677,1472.88,9876,129569,41.84
AARTIPHARM,EQ,24-Jul-2026,659.8,658.6,684.45,654.85,675.0,673.8,670.2,119965,804.01,13567,50258,41.89
AARTISURF,EQ,24-Jul-2026,385.8,387.0,387.0,374.3,383.2,381.6,380.66,6247,23.78,656,3937,63.02
AARVI,EQ,24-Jul-2026,156.63,155.0,158.69,153.01,154.6,154.89,155.25,15483,24.04,578,6506,42.02
AASTHA,EQ,24-Jul-2026,103.0,104.0,105.97,101.96,102.59,102.62,102.9,17809358,18326.55,64817,581902,3.27
AAVAS,EQ,24-Jul-2026,1385.9,1350.0,1399.9,1350.0,1399.9,1379.0,1369.67,62171,851.54,10892,23763,38.22
ABAN,BE,24-Jul-2026,14.86,15.24,15.24,14.51,15.0,14.93,14.97,24820,3.72,189,-,-
ABANSENT,BE,24-Jul-2026,27.0,26.12,27.89,25.76,26.2,26.2,26.19,6362,1.67,44,-,-
ABB,EQ,24-Jul-2026,7528.0,7498.0,7583.0,7333.0,7390.0,7375.5,7460.58,258917,19316.71,31965,108928,42.07
ABBOTINDIA,EQ,24-Jul-2026,28690.0,27900.0,28050.0,27650.0,28000.0,28005.0,27899.08,10811,3016.17,4178,5252,48.58
ABCAPITAL,EQ,24-Jul-2026,392.25,390.0,395.3,384.35,394.0,393.85,390.73,3424162,13379.36,38550,1435706,41.93
ABCOTS,EQ,24-Jul-2026,200.38,203.5,203.59,198.42,201.9,200.38,199.95,6206,12.41,396,2982,48.05
ABDL,EQ,24-Jul-2026,602.55,585.0,626.7,580.0,623.0,620.75,612.05,917748,5617.08,43061,265085,28.88
ABFRL,EQ,24-Jul-2026,56.03,55.9,56.75,55.1,56.11,56.25,55.78,2288618,1276.48,12168,1048230,45.80
ABGSEC,EQ,24-Jul-2026,114.77,114.77,114.77,113.11,113.32,113.32,113.3,459,0.52,12,454,98.91
ABHAPOWER,SM,24-Jul-2026,25.1,25.6,26.0,24.7,25.8,25.4,25.44,11200,2.85,7,6400,57.14
ABINFRA,EQ,24-Jul-2026,10.01,9.99,10.95,9.78,10.25,10.32,10.08,680928,68.63,1174,257080,37.75
ABLBL,EQ,24-Jul-2026,92.85,93.0,94.5,91.9,94.23,94.01,92.91,276457,256.85,3649,150819,54.55
ABMINTLLTD,EQ,24-Jul-2026,42.07,42.0,42.0,40.69,41.05,41.02,41.36,794,0.33,13,625,78.72
ABMKNO,EQ,24-Jul-2026,197.61,199.0,199.0,190.0,190.11,190.11,190.51,183,0.35,8,183,100.00
ABREL,EQ,24-Jul-2026,1398.1,1390.1,1394.5,1359.1,1380.0,1374.2,1375.53,113460,1560.68,11691,41145,36.26
ABSL10BANK,EQ,24-Jul-2026,169.06,167.0,168.98,166.8,168.02,168.46,167.23,10794,18.05,380,8440,78.19
ABSLAMC,EQ,24-Jul-2026,986.0,975.0,1022.4,974.0,1016.0,1017.0,1009.05,546485,5514.31,34036,279082,51.07
ABSLBANETF,EQ,24-Jul-2026,58.1,58.1,58.34,57.45,58.26,58.25,57.62,212784,122.61,1118,167221,78.59
ABSLLIQUID,EQ,24-Jul-2026,1000.0,1000.0,1000.01,999.99,1000.0,1000.0,999.99,7068,70.68,30,4614,65.28
ABSLMSCIN,EQ,24-Jul-2026,29.08,29.16,29.16,28.97,29.06,29.13,29.09,735,0.21,12,327,44.49
ABSLNN50ET,EQ,24-Jul-2026,75.36,75.36,75.61,74.58,75.56,75.56,75.13,3937,2.96,184,3211,81.56
ABSLPSE,EQ,24-Jul-2026,10.35,10.35,10.35,10.23,10.35,10.33,10.3,70463,7.26,298,37887,53.77
ABSMARINE,ST,24-Jul-2026,222.0,220.05,224.85,218.9,220.0,220.4,221.85,41500,92.07,57,40000,96.39
ACC,EQ,24-Jul-2026,1333.9,1329.0,1354.7,1312.0,1342.0,1340.9,1332.61,470047,6263.89,28526,54327,11.56
ACCELYA,EQ,24-Jul-2026,1145.8,1135.0,1163.9,1135.0,1156.0,1158.9,1154.16,7198,83.08,1831,4819,66.95
ACCENTMIC,SM,24-Jul-2026,505.95,508.45,508.45,490.0,495.0,494.95,496.64,54000,268.19,100,40000,74.07
ACCPL,ST,24-Jul-2026,170.25,162.15,167.0,162.15,164.2,164.2,165.09,4800,7.92,4,4800,100.00
ACCURACY,BE,24-Jul-2026,5.02,4.83,5.1,4.83,5.04,5.03,5.01,154070,7.72,146,-,-
ACE,EQ,24-Jul-2026,979.0,975.2,1051.0,971.6,1040.9,1039.4,1027.67,2105588,21638.42,80353,475167,22.57
ACEINTEG,EQ,24-Jul-2026,19.6,19.96,19.96,19.14,19.71,19.7,19.63,1076,0.21,46,957,88.94
ACETEC,SM,24-Jul-2026,141.0,134.05,134.05,134.0,134.0,134.0,134.02,3600,4.82,3,3600,100.00
ACI,EQ,24-Jul-2026,553.35,551.0,558.0,545.6,555.45,554.85,551.62,156065,860.89,12235,82330,52.75
ACL,EQ,24-Jul-2026,47.64,47.99,48.48,46.34,47.0,47.06,47.46,15817,7.51,286,10994,69.51
ACMESOLAR,EQ,24-Jul-2026,363.05,361.4,374.9,361.4,365.5,365.85,367.32,2104262,7729.35,39534,846742,40.24
ACSTECH,EQ,24-Jul-2026,40.23,40.91,42.24,39.2,40.7,40.82,40.52,360328,146.01,1590,229050,63.57
ACUTAAS,EQ,24-Jul-2026,3459.1,3330.1,3457.1,3209.0,3251.9,3259.5,3301.35,1243383,41048.46,112183,414091,33.30
ADANIENSOL,EQ,24-Jul-2026,1683.8,1676.0,1713.9,1668.8,1702.0,1702.2,1695.57,2585952,43846.68,64268,858834,33.21
ADANIENT,EQ,24-Jul-2026,3010.0,3010.0,3041.9,2992.5,3025.0,3026.4,3019.74,1280635,38671.81,55852,376223,29.38
ADANIGREEN,EQ,24-Jul-2026,1379.9,1356.0,1405.0,1352.0,1395.8,1395.1,1385.46,5247088,72696.07,103230,1669502,31.82
ADANIPORTS,EQ,24-Jul-2026,1778.5,1764.9,1784.9,1755.2,1772.1,1768.3,1771.63,1685770,29865.64,80950,855807,50.77
ADANIPOWER,EQ,24-Jul-2026,212.23,212.22,215.1,210.1,213.52,213.66,212.98,29273015,62345.35,115153,9697282,33.13
ADDICTIVE,SM,24-Jul-2026,38.5,38.0,40.4,38.0,40.0,40.0,39.5,11000,4.35,12,10500,95.45
ADFFOODS,EQ,24-Jul-2026,296.65,296.6,308.5,286.05,307.8,307.05,295.55,224298,662.92,6294,119227,53.16
ADISOFT,SM,24-Jul-2026,180.0,178.9,186.0,178.9,182.6,183.5,181.64,19200,34.88,22,12800,66.67
ADL,EQ,24-Jul-2026,69.35,73.0,73.51,73.0,73.49,73.49,73.45,1357,1.0,16,1220,89.90
ADOR,EQ,24-Jul-2026,1462.7,1440.0,1520.0,1439.1,1501.0,1493.9,1456.9,46158,672.48,3769,30684,66.48
ADROITINFO,EQ,24-Jul-2026,9.17,9.17,9.3,8.91,9.26,9.25,9.22,15677,1.44,75,13031,83.12
ADSL,EQ,24-Jul-2026,113.93,112.95,121.7,111.51,117.98,118.14,117.84,560121,660.05,9696,101378,18.10
ADVAIT,EQ,24-Jul-2026,2239.5,2225.0,2259.9,2162.7,2250.0,2252.4,2213.4,27825,615.88,4607,12607,45.31
ADVANCE,EQ,24-Jul-2026,110.2,110.01,112.0,106.92,111.09,109.89,109.42,140590,153.84,1572,82900,58.97
ADVANIHOTR,EQ,24-Jul-2026,51.33,51.58,51.99,50.83,51.06,51.12,51.26,22036,11.29,461,16315,74.04
ADVENTHTL,EQ,24-Jul-2026,144.32,143.26,147.58,140.0,142.0,142.31,143.04,299994,429.12,5067,183944,61.32
ADVENZYMES,EQ,24-Jul-2026,314.25,312.8,319.3,309.45,317.55,317.35,314.58,100149,315.05,4619,55216,55.13
AEGISLOG,EQ,24-Jul-2026,1368.9,1360.0,1360.0,1298.4,1348.0,1349.6,1330.14,1168708,15545.42,47702,371948,31.83
AEGISVOPAK,EQ,24-Jul-2026,294.82,290.0,296.0,282.25,292.99,292.64,289.8,1300277,3768.24,25355,376114,28.93
AEPL,EQ,24-Jul-2026,15.19,15.26,15.42,14.7,14.98,14.96,14.96,15091,2.26,84,13890,92.04
AEQUS,EQ,24-Jul-2026,221.59,220.0,230.4,220.0,229.0,229.23,227.02,3121246,7085.87,33636,969762,31.07
AEROENTER,EQ,24-Jul-2026,123.6,125.0,129.69,120.1,127.0,127.3,125.52,704414,884.21,9105,314625,44.66
AEROFLEX,EQ,24-Jul-2026,420.1,415.0,437.8,403.65,421.0,420.85,423.99,2248858,9534.85,37373,681410,30.30
AERON,SM,24-Jul-2026,80.5,80.0,82.0,79.2,79.2,79.2,80.64,7000,5.65,7,4000,57.14
AERONEU,EQ,24-Jul-2026,85.96,85.75,87.46,84.11,85.65,85.38,85.7,44090,37.79,285,7384,16.75
AEROPLANE,EQ,24-Jul-2026,189.37,186.9,190.77,181.73,186.5,187.84,187.24,882981,1653.33,2621,680386,77.06
AESTHETIK,SM,24-Jul-2026,70.05,69.0,70.0,69.0,70.0,70.0,69.71,7000,4.88,5,7000,100.00
AETHER,EQ,24-Jul-2026,1435.5,1435.5,1442.7,1400.2,1420.3,1427.5,1422.33,186183,2648.13,25315,84656,45.47
AFCONS,EQ,24-Jul-2026,283.8,279.15,288.95,279.15,284.25,285.95,284.36,718967,2044.43,13270,373467,51.94
AFFLE,EQ,24-Jul-2026,1461.0,1460.9,1470.0,1419.1,1465.2,1445.3,1445.09,238606,3448.07,20826,151629,63.55
AFFORDABLE,BE,24-Jul-2026,185.48,183.0,185.8,177.2,185.0,183.49,182.29,20899,38.1,272,-,-
AFIL,EQ,24-Jul-2026,9.27,9.11,9.53,9.11,9.3,9.21,9.25,786350,72.78,609,523159,66.53
AFSL,EQ,24-Jul-2026,201.06,201.02,202.84,201.0,201.0,201.0,201.07,10465,21.04,59,8190,78.26
AGARIND,EQ,24-Jul-2026,486.65,481.75,481.75,471.1,479.25,477.7,477.24,20588,98.25,1184,10128,49.19
AGARWALEYE,EQ,24-Jul-2026,478.1,480.7,482.9,476.0,479.7,478.9,478.59,56096,268.47,8093,34835,62.10
AGARWALTUF,SM,24-Jul-2026,136.3,135.0,136.0,133.0,133.0,134.45,134.47,64800,87.14,46,36000,55.56
AGI,EQ,24-Jul-2026,669.75,665.0,680.45,657.5,680.0,672.85,666.97,68125,454.37,4188,31065,45.60
AGIIL,EQ,24-Jul-2026,317.35,316.0,319.75,310.65,311.7,311.75,315.18,670622,2113.66,8234,220015,32.81
AGL,EQ,24-Jul-2026,12.7,12.56,12.75,12.21,12.51,12.58,12.49,2678802,334.46,3339,1664728,62.14
AGRITECH,BE,24-Jul-2026,112.06,110.55,113.0,110.55,110.55,110.59,111.28,1165,1.3,31,-,-
AGROPHOS,EQ,24-Jul-2026,29.08,29.22,29.87,28.54,29.24,29.04,29.01,15185,4.41,115,13468,88.69
AHCL,EQ,24-Jul-2026,15.08,14.94,15.15,14.81,15.04,15.01,15.0,2826907,424.01,4240,1071369,37.90
AHLADA,EQ,24-Jul-2026,37.6,38.4,38.4,37.2,38.05,38.01,37.64,6747,2.54,104,2981,44.18
AHLEAST,EQ,24-Jul-2026,150.05,150.14,150.85,143.25,145.4,146.23,147.72,3036,4.48,120,2208,72.73
AHLUCONT,EQ,24-Jul-2026,800.2,800.2,838.55,791.1,821.2,827.7,820.0,140514,1152.22,13275,27718,19.73
AHLWEST,BE,24-Jul-2026,573.5,565.0,575.0,565.0,575.0,574.95,574.29,490,2.81,14,-,-
AIAENG,EQ,24-Jul-2026,4582.0,4552.0,4612.0,4505.5,4585.0,4583.0,4558.53,36931,1683.51,8477,19631,53.16
AIIL,EQ,24-Jul-2026,540.65,539.9,540.35,525.0,530.95,531.1,531.26,164861,875.85,9078,65044,39.45
AILIMITED,ST,24-Jul-2026,41.55,39.5,39.5,39.5,39.5,39.5,39.5,1500,0.59,1,1500,100.00
AIMTRON,SM,24-Jul-2026,1307.75,1308.0,1308.0,1268.05,1281.0,1283.95,1286.63,23000,295.92,108,15400,66.96
AIRAN,EQ,24-Jul-2026,15.22,15.08,15.35,14.94,15.12,15.03,15.04,38460,5.79,245,26658,69.31
AIROLAM,EQ,24-Jul-2026,87.15,84.25,86.89,84.25,85.98,85.88,85.48,2177,1.86,75,1160,53.28
AISL,SM,24-Jul-2026,62.0,62.25,62.25,62.25,62.25,62.25,62.25,600,0.37,1,600,100.00
AJANTPHARM,EQ,24-Jul-2026,3439.9,3433.0,3455.8,3358.5,3371.0,3369.5,3390.71,50410,1709.25,16297,21256,42.17
AJAXENGG,EQ,24-Jul-2026,572.6,580.0,580.0,557.4,568.0,567.6,566.06,27055,153.15,2548,14025,51.84
AJMERA,EQ,24-Jul-2026,123.1,122.14,124.8,121.22,123.5,122.57,122.8,261697,321.36,4168,83014,31.72
AJOONI,EQ,24-Jul-2026,3.95,3.9,4.22,3.9,4.02,4.03,4.11,660297,27.12,828,296634,44.92
AKANKSHA,ST,24-Jul-2026,86.95,84.95,84.95,82.8,83.15,83.15,84.22,6000,5.05,5,6000,100.00
AKASH,EQ,24-Jul-2026,26.62,26.62,27.04,26.27,26.95,26.95,26.65,1251,0.33,20,1227,98.08
AKCAPIT,EQ,24-Jul-2026,1756.0,1775.5,1814.0,1749.1,1749.1,1759.5,1780.57,4790,85.29,282,4308,89.94
AKG,EQ,24-Jul-2026,9.32,9.32,10.8,9.01,10.25,10.46,10.23,77896,7.97,262,64384,82.65
AKI,EQ,24-Jul-2026,4.44,4.46,4.46,4.23,4.24,4.26,4.27,112055,4.78,256,85265,76.09
AKIKO,ST,24-Jul-2026,332.0,328.0,348.6,328.0,348.6,346.3,338.98,25600,86.78,32,24000,93.75
AKSHAR,EQ,24-Jul-2026,0.42,0.42,0.43,0.41,0.43,0.42,0.42,294708,1.24,196,220432,74.80
AKSHARCHEM,BE,24-Jul-2026,233.13,241.99,241.99,224.2,237.9,236.58,229.67,1870,4.29,68,-,-
AKSHOPTFBR,BE,24-Jul-2026,5.88,5.77,5.77,5.77,5.77,5.77,5.77,34533,1.99,68,-,-
AKUMS,EQ,24-Jul-2026,695.9,688.4,692.9,678.1,686.0,687.3,685.83,146336,1003.61,13919,61228,41.84
ALANKIT,EQ,24-Jul-2026,7.9,7.9,8.06,7.75,7.96,7.96,7.89,38370,3.03,332,26997,70.36
ALBERTDAVD,EQ,24-Jul-2026,683.55,688.0,699.7,680.2,698.7,698.35,690.53,1133,7.82,115,696,61.43
ALEMBICLTD,EQ,24-Jul-2026,88.3,87.9,88.8,86.81,88.0,87.94,87.78,234145,205.54,1861,144522,61.72
ALGOQUANT,EQ,24-Jul-2026,65.42,65.39,70.0,65.17,68.65,68.41,67.79,2380736,1613.9,12467,452184,18.99
ALICON,EQ,24-Jul-2026,637.1,649.45,650.0,625.0,646.0,636.35,633.25,7112,45.04,398,2727,38.34
ALIVUS,EQ,24-Jul-2026,1102.8,1107.5,1115.1,1086.1,1107.0,1101.2,1101.15,28113,309.57,4908,13079,46.52
ALKALI,BE,24-Jul-2026,74.85,74.0,74.0,71.11,71.11,71.11,71.2,18648,13.28,157,-,-
ALKEM,EQ,24-Jul-2026,5602.0,5561.5,5644.5,5561.5,5642.0,5633.5,5616.32,55151,3097.45,12615,30811,55.87
ALKYLAMINE,EQ,24-Jul-2026,1812.2,1798.9,1810.8,1764.9,1786.1,1789.5,1786.59,46231,825.96,8152,19340,41.83
ALLCARGO,EQ,24-Jul-2026,7.99,7.93,8.11,7.89,8.04,8.06,8.02,3196864,256.38,8239,1423051,44.51
ALLDIGI,EQ,24-Jul-2026,836.05,838.0,838.0,809.5,821.0,822.75,819.68,9915,81.27,2159,5717,57.66
ALLETEC,ST,24-Jul-2026,136.6,134.5,136.75,133.0,136.7,136.15,134.94,6000,8.1,15,5600,93.33
ALLTIME,EQ,24-Jul-2026,223.86,224.39,225.0,219.0,219.2,220.87,221.99,71787,159.36,1444,46398,64.63
ALMONDZ,EQ,24-Jul-2026,12.98,12.98,13.15,12.7,12.81,12.86,12.89,53051,6.84,257,45934,86.58
ALOKINDS,EQ,24-Jul-2026,12.02,12.0,12.13,11.93,12.11,12.07,12.02,2737970,329.19,5488,1275801,46.60
ALPA,EQ,24-Jul-2026,66.81,66.8,68.0,65.0,66.33,67.17,66.03,8160,5.39,211,5090,62.38
ALPEXSOLAR,SM,24-Jul-2026,845.2,841.0,849.9,831.05,832.15,836.35,836.64,19800,165.65,161,13100,66.16
ALPHA,EQ,24-Jul-2026,51.16,51.16,51.16,50.38,51.0,50.84,50.63,1291451,653.86,3230,657238,50.89
ALPHAETF,EQ,24-Jul-2026,25.65,25.65,25.7,25.14,25.68,25.56,25.48,423306,107.86,1033,228717,54.03
ALPHAGEO,EQ,24-Jul-2026,200.77,206.9,206.9,196.98,202.12,204.65,201.95,4649,9.39,251,3186,68.53
ALPINETEX,BE,24-Jul-2026,90.04,85.54,85.54,85.54,85.54,85.54,85.54,48238,41.26,854,-,-
ALPL30IETF,EQ,24-Jul-2026,27.86,27.86,27.86,27.62,27.77,27.75,27.73,219332,60.82,809,144696,65.97
ALUWIND,SM,24-Jul-2026,48.05,47.5,49.0,46.6,49.0,49.0,48.15,21000,10.11,13,16500,78.57
AMAGI,EQ,24-Jul-2026,655.35,641.0,653.95,605.2,608.0,609.05,617.22,587821,3628.16,32650,295574,50.28
AMANTA,BE,24-Jul-2026,166.0,166.0,166.0,163.0,163.0,163.0,163.4,21187,34.62,137,-,-
AMBAAUTO,SM,24-Jul-2026,81.1,81.1,86.0,79.7,79.95,79.9,81.29,48000,39.02,39,33000,68.75
AMBALALSA,EQ,24-Jul-2026,32.66,33.0,33.0,31.6,32.39,32.39,32.24,32650,10.53,369,26603,81.48
AMBANIORGO,SM,24-Jul-2026,118.0,112.5,112.5,112.5,112.5,112.5,112.5,9000,10.13,1,9000,100.00
AMBER,EQ,24-Jul-2026,7430.0,7377.0,7399.0,7214.5,7250.0,7261.5,7278.47,351056,25551.52,43247,108925,31.03
AMBICAAGAR,EQ,24-Jul-2026,24.66,24.66,25.36,24.26,24.98,24.64,24.69,1726,0.43,31,1312,76.01
AMBIKCO,EQ,24-Jul-2026,1697.1,1745.0,1749.9,1657.5,1699.2,1708.2,1702.71,22297,379.65,3430,8859,39.73
AMBUJACEM,EQ,24-Jul-2026,423.55,420.0,427.5,415.45,426.0,425.15,421.91,1403208,5920.22,24125,415995,29.65
AMCL,SM,24-Jul-2026,422.0,416.9,417.0,402.0,402.0,409.5,413.23,1600,6.61,4,800,50.00
AMDIND,EQ,24-Jul-2026,48.88,49.2,51.9,46.51,48.95,49.68,49.04,28455,13.95,515,13423,47.17
AMEYA,SM,24-Jul-2026,104.95,104.9,104.95,102.85,102.85,102.85,104.4,4000,4.18,3,4000,100.00
AMJLAND,EQ,24-Jul-2026,37.28,38.1,38.19,36.61,38.1,37.99,37.7,13373,5.04,259,10115,75.64
AMNPLST,EQ,24-Jul-2026,194.59,196.43,198.02,191.0,193.0,194.27,193.81,8244,15.98,658,3627,44.00
AMRUTANJAN,EQ,24-Jul-2026,519.8,518.0,518.0,505.05,506.0,509.0,511.13,65158,333.04,2555,48958,75.14
ANANDRATHI,EQ,24-Jul-2026,2049.1,2034.0,2056.8,2002.1,2045.1,2042.1,2025.9,231997,4700.02,14284,123526,53.24
ANANTAM,IV,24-Jul-2026,104.94,105.44,105.5,104.86,105.5,105.42,105.42,14108,14.87,129,13235,93.81
ANANTRAJ,EQ,24-Jul-2026,587.15,580.2,591.65,576.0,586.3,586.55,585.14,3000923,17559.45,36654,1400542,46.67
ANDHRAPAP,EQ,24-Jul-2026,62.08,61.85,63.0,60.8,61.0,61.33,61.86,452521,279.92,1674,405546,89.62
ANDHRSUGAR,EQ,24-Jul-2026,85.42,83.9,87.1,83.51,86.5,86.33,85.44,301296,257.41,4870,133317,44.25
ANGELONE,EQ,24-Jul-2026,306.05,304.5,310.8,301.2,307.9,307.95,305.67,3428982,10481.54,39031,823807,24.02
ANIKINDS,BE,24-Jul-2026,40.88,40.1,42.0,40.07,40.7,40.7,40.64,981,0.4,14,-,-
ANKITMETAL,BZ,24-Jul-2026,1.5,1.5,1.55,1.45,1.53,1.53,1.48,32353,0.48,33,-,-
ANLON,ST,24-Jul-2026,632.95,629.95,632.0,629.95,632.0,632.0,631.18,2000,12.62,5,2000,100.00
ANMOL,EQ,24-Jul-2026,10.22,10.22,10.28,10.0,10.2,10.14,10.15,23410,2.38,213,20406,87.17
ANNAPURNA,SM,24-Jul-2026,130.5,130.0,130.0,125.5,130.0,129.5,128.4,21000,26.96,50,14250,67.86
ANONDITA,SM,24-Jul-2026,1117.5,1114.95,1135.0,1055.05,1135.0,1128.7,1104.62,18200,201.04,88,11800,64.84
ANSALAPI,BZ,24-Jul-2026,2.98,3.03,3.03,3.03,3.03,3.03,3.03,3245,0.1,7,-,-
ANTELOPUS,EQ,24-Jul-2026,893.75,904.0,907.75,865.15,886.0,894.45,887.91,93995,834.59,5512,49491,52.65
ANTGRAPHIC,EQ,24-Jul-2026,0.75,0.76,0.77,0.75,0.76,0.75,0.75,106797,0.8,129,96388,90.25
ANTHEM,EQ,24-Jul-2026,777.85,775.1,779.4,767.35,769.1,769.9,771.15,242556,1870.47,16605,165576,68.26
ANUHPHR,EQ,24-Jul-2026,79.45,77.56,79.75,77.56,79.01,79.07,78.84,17342,13.67,316,9252,53.35
ANUP,EQ,24-Jul-2026,2107.0,2100.6,2150.0,2068.6,2128.0,2119.6,2105.81,15972,336.34,3848,6389,40.00
ANURAS,EQ,24-Jul-2026,1239.1,1227.7,1259.9,1214.6,1232.0,1249.6,1241.53,281938,3500.34,17830,126960,45.03
ANYA,SM,24-Jul-2026,15.4,15.5,15.5,15.5,15.5,15.5,15.5,10000,1.55,1,10000,100.00
AONEGOLD,EQ,24-Jul-2026,13.42,13.42,13.42,13.15,13.38,13.3,13.28,757235,100.55,1281,157001,20.73
AONELIQUID,EQ,24-Jul-2026,1069.36,1069.81,1069.81,1069.78,1069.8,1069.79,1069.79,38925,416.42,163,19811,50.90
AONENIFTY,EQ,24-Jul-2026,9.86,10.1,10.1,9.75,9.86,9.82,9.8,144752,14.19,1072,116904,80.76
AONESILVER,EQ,24-Jul-2026,8.44,8.44,8.46,8.25,8.43,8.39,8.37,661510,55.34,984,220791,33.38
AONETMMQ50,EQ,24-Jul-2026,10.0,10.16,10.16,9.9,9.98,9.94,10.0,873829,87.35,496,843881,96.57
AONETOTAL,EQ,24-Jul-2026,11.69,11.92,11.92,11.6,11.71,11.68,11.66,162277,18.91,995,63196,38.94
APARINDS,EQ,24-Jul-2026,13423.0,13400.0,14685.0,13282.0,13800.0,13889.0,13955.46,485027,67687.73,132491,110165,22.71
APCL,EQ,24-Jul-2026,103.24,103.24,103.24,100.42,101.01,102.97,102.03,3837,3.91,317,2204,57.44
APCOTEXIND,EQ,24-Jul-2026,560.6,560.0,579.75,555.0,565.0,561.05,565.99,181899,1029.53,7895,82071,45.12
APEX,EQ,24-Jul-2026,382.35,380.1,388.2,378.2,383.7,381.0,381.73,99690,380.55,4134,44956,45.10
APEXECO,ST,24-Jul-2026,264.4,264.0,264.0,252.0,252.0,252.0,255.01,6400,16.32,8,6400,100.00
APLAPOLLO,EQ,24-Jul-2026,1830.9,1820.0,1834.8,1802.5,1825.0,1822.8,1819.6,230999,4203.26,21899,109811,47.54
APLLTD,EQ,24-Jul-2026,798.35,789.0,803.1,787.4,798.0,797.6,796.35,36166,288.01,3778,14766,40.83
APOLLO,EQ,24-Jul-2026,395.5,388.05,396.15,385.95,394.95,394.3,391.59,4476533,17529.64,41349,915550,20.45
APOLLOHOSP,EQ,24-Jul-2026,8862.0,8801.0,8869.5,8792.5,8794.5,8805.5,8815.77,189462,16702.53,34505,123583,65.23
APOLLOPIPE,EQ,24-Jul-2026,487.35,484.9,494.75,475.05,491.2,490.3,484.06,59507,288.05,2952,22472,37.76
APOLLOTYRE,EQ,24-Jul-2026,424.35,419.9,420.25,413.4,420.0,419.65,418.2,488448,2042.67,15115,239037,48.94
APOLSINHOT,EQ,24-Jul-2026,1180.3,1170.0,1197.7,1164.2,1171.0,1173.0,1173.59,833,9.78,100,612,73.47
APRAMEYA,SM,24-Jul-2026,153.0,147.05,153.0,147.05,149.0,149.0,149.34,13000,19.41,7,12000,92.31
APS,SM,24-Jul-2026,278.95,278.95,282.8,274.0,274.0,275.45,276.94,12000,33.23,44,9000,75.00
APSISAERO,ST,24-Jul-2026,417.6,425.85,425.95,417.6,425.95,425.95,425.3,16800,71.45,12,15600,92.86
APTECHT,BE,24-Jul-2026,90.9,87.25,92.0,87.25,91.8,91.35,89.43,77392,69.21,535,-,-
APTUS,EQ,24-Jul-2026,284.7,284.5,284.5,276.5,278.8,277.15,278.33,932035,2594.15,20427,546662,58.65
AQYLON,EQ,24-Jul-2026,27.63,26.25,26.61,26.25,26.25,26.25,26.29,1012703,266.26,1046,609429,60.18
ARABIAN,SM,24-Jul-2026,69.5,69.35,69.5,69.35,69.5,69.45,69.44,8000,5.56,3,8000,100.00
ARCHIDPLY,EQ,24-Jul-2026,82.48,82.0,85.4,80.05,82.89,82.94,82.81,8680,7.19,210,6710,77.30
ARCHIES,EQ,24-Jul-2026,13.97,13.8,14.0,13.73,13.75,13.75,13.8,2135,0.29,38,1879,88.01
ARCIIL,ST,24-Jul-2026,37.0,35.3,37.8,35.15,37.8,37.8,35.66,11000,3.92,11,8000,72.73
ARE&M,EQ,24-Jul-2026,876.4,876.0,885.55,865.45,877.0,872.9,873.5,631693,5517.82,22732,310965,49.23
ARENTERP,EQ,24-Jul-2026,49.46,50.6,52.9,42.2,42.97,44.24,46.39,166894,77.41,1627,48328,28.96
ARFIN,EQ,24-Jul-2026,90.34,90.44,92.5,89.0,91.88,91.99,90.48,1809673,1637.46,6603,319810,17.67
ARHAM,SM,24-Jul-2026,163.1,165.65,165.65,159.95,163.65,162.65,162.25,39000,63.28,38,23000,58.97
ARIES,EQ,24-Jul-2026,339.65,340.0,348.15,331.35,338.1,341.05,338.16,15771,53.33,570,7379,46.79
ARIHANT,EQ,24-Jul-2026,969.8,930.1,1039.4,930.1,1021.0,1021.7,998.64,5725,57.17,540,3171,55.39
ARIHANTCAP,EQ,24-Jul-2026,81.45,81.31,82.5,79.32,81.2,81.62,80.95,967198,782.93,6852,368597,38.11
ARIHANTSUP,EQ,24-Jul-2026,257.7,258.65,263.8,255.4,263.0,262.6,260.81,9903,25.83,287,7602,76.76
ARIS,EQ,24-Jul-2026,122.19,122.16,126.8,121.61,123.39,123.06,124.43,1428668,1777.68,18092,614813,43.03
ARKADE,EQ,24-Jul-2026,140.34,140.75,140.75,133.0,135.76,135.61,135.36,398950,540.02,4732,220493,55.27
ARMANFIN,EQ,24-Jul-2026,1926.0,1917.3,1988.4,1902.0,1913.0,1917.3,1935.98,43603,844.14,5467,22279,51.10
ARMOUR,ST,24-Jul-2026,18.05,18.7,18.7,18.7,18.7,18.7,18.7,2000,0.37,1,2000,100.00
AROGRANITE,EQ,24-Jul-2026,25.15,25.8,25.8,24.51,25.0,25.01,24.93,2877,0.72,40,2045,71.08
ARROWGREEN,BE,24-Jul-2026,709.8,727.95,727.95,682.85,711.0,708.9,699.91,7716,54.0,286,-,-
ARSHIYA,BZ,24-Jul-2026,1.0,1.04,1.05,0.95,0.95,0.95,0.97,471907,4.55,178,-,-
ARSSBL,EQ,24-Jul-2026,508.6,504.0,513.15,500.0,509.0,508.2,507.87,145302,737.94,4409,63318,43.58
ARTEMISMED,EQ,24-Jul-2026,271.85,271.85,277.5,267.3,275.4,275.75,273.85,104825,287.06,3934,58986,56.27
ARTNIRMAN,EQ,24-Jul-2026,38.68,40.5,40.5,38.7,40.2,40.19,39.91,291,0.12,17,203,69.76
ARUNAYA,ST,24-Jul-2026,16.2,15.5,15.65,15.5,15.6,15.6,15.51,34000,5.28,5,34000,100.00
ARVEE,EQ,24-Jul-2026,158.39,154.01,160.54,147.15,160.4,153.66,153.78,462,0.71,41,406,87.88
ARVIND,EQ,24-Jul-2026,513.45,510.9,529.0,505.8,527.75,527.2,520.06,278288,1447.27,12658,131934,47.41
ARVINDFASN,EQ,24-Jul-2026,477.8,476.0,476.0,460.1,460.3,462.65,467.46,302548,1414.28,15446,173435,57.32
ARVINDPORT,ST,24-Jul-2026,31.35,30.65,31.0,30.65,31.0,31.0,30.97,16500,5.11,3,16500,100.00
ARVSMART,EQ,24-Jul-2026,591.05,592.2,637.9,587.3,609.6,608.8,616.64,127890,788.62,4892,47043,36.78
ASAHIINDIA,EQ,24-Jul-2026,872.45,874.05,892.0,863.95,890.8,888.3,880.83,43801,385.81,5857,22254,50.81
ASAHISONG,EQ,24-Jul-2026,318.9,322.0,336.0,317.0,332.0,332.95,328.46,63845,209.71,2826,34980,54.79
ASAL,EQ,24-Jul-2026,546.55,546.65,555.0,494.85,509.0,508.75,520.7,139558,726.67,8474,31588,22.63
ASALCBR,EQ,24-Jul-2026,804.4,802.4,830.2,793.05,822.0,821.45,814.64,49142,400.33,3323,20554,41.83
ASHAPURMIN,EQ,24-Jul-2026,686.95,683.0,703.1,669.75,695.0,697.05,686.71,378083,2596.32,13194,127832,33.81
ASHIANA,EQ,24-Jul-2026,379.25,382.2,389.0,375.1,383.95,386.7,382.28,69649,266.26,2729,25413,36.49
ASHIKA,EQ,24-Jul-2026,396.75,402.9,402.9,392.4,400.0,399.25,396.96,180568,716.77,1356,102050,56.52
ASHIMASYN,EQ,24-Jul-2026,16.95,17.0,17.19,16.74,16.85,16.85,16.89,96050,16.23,334,53587,55.79
ASHOKA,EQ,24-Jul-2026,120.89,120.02,121.32,119.25,121.0,120.87,120.2,534290,642.21,9873,209999,39.30
ASHOKAMET,EQ,24-Jul-2026,14.23,14.55,14.55,14.02,14.02,14.16,14.16,12306,1.74,142,8431,68.51
ASHOKLEY,EQ,24-Jul-2026,150.65,150.0,151.38,147.59,151.2,151.07,149.22,12276303,18318.56,68794,5145302,41.91
ASHWINI,SM,24-Jul-2026,201.7,200.0,204.9,195.0,196.05,197.2,200.36,15000,30.05,13,6000,40.00
ASIANENE,EQ,24-Jul-2026,350.6,352.9,362.7,341.55,358.0,355.7,353.25,217670,768.92,6578,104692,48.10
ASIANHOTNR,EQ,24-Jul-2026,291.0,288.0,327.8,280.2,303.1,306.65,313.85,542969,1704.12,16446,83444,15.37
ASIANPAINT,EQ,24-Jul-2026,2668.8,2620.1,2657.1,2620.1,2639.5,2637.9,2643.06,645563,17062.62,53401,394432,61.10
ASIANTILES,EQ,24-Jul-2026,51.88,52.1,56.99,52.1,52.42,53.47,54.58,72415948,39528.17,204058,4062794,5.61
ASKAUTOLTD,EQ,24-Jul-2026,502.95,501.0,512.35,497.15,509.85,509.3,506.35,512575,2595.45,21345,235337,45.91
ASMS,BE,24-Jul-2026,7.05,7.01,7.13,7.0,7.06,7.0,7.04,103572,7.29,275,-,-
ASPINWALL,EQ,24-Jul-2026,249.03,249.0,252.98,247.0,251.0,250.4,249.02,463,1.15,30,332,71.71
ASPIRE,SM,24-Jul-2026,14.15,13.75,14.65,13.65,14.65,14.65,13.95,8000,1.12,3,6000,75.00
ASTAR,EQ,24-Jul-2026,610.1,600.0,610.1,600.0,606.0,606.5,605.51,22,0.13,8,20,90.91
ASTEC,EQ,24-Jul-2026,665.55,663.0,667.0,638.05,657.0,659.1,652.65,18024,117.63,1575,5453,30.25
ASTERDM,EQ,24-Jul-2026,784.3,784.0,791.9,770.0,789.9,785.65,785.0,731330,5740.93,23908,502799,68.75
ASTRAL,EQ,24-Jul-2026,1413.4,1405.1,1476.8,1402.4,1460.1,1468.1,1452.62,1157687,16816.82,50002,395928,34.20
ASTRAMICRO,EQ,24-Jul-2026,1783.1,1770.0,1818.0,1750.0,1807.0,1813.4,1784.89,304402,5433.25,26998,147544,48.47
ASTRAZEN,EQ,24-Jul-2026,7872.0,7865.5,8024.5,7827.0,8000.0,8005.5,7978.17,14182,1131.46,1976,10415,73.44
ASTRON,BE,24-Jul-2026,4.13,4.33,4.33,4.06,4.15,4.14,4.19,32421,1.36,80,-,-
ATALREAL,EQ,24-Jul-2026,30.99,31.2,32.17,31.0,31.41,31.44,31.4,9521105,2989.74,48838,3018983,31.71
ATAM,EQ,24-Jul-2026,66.12,66.0,66.89,65.01,66.89,65.88,66.06,4034,2.67,90,2504,62.07
ATCENERGY,ST,24-Jul-2026,22.15,21.75,21.75,21.75,21.75,21.75,21.75,4800,1.04,4,4800,100.00
ATGL,EQ,24-Jul-2026,662.6,655.0,664.0,648.75,654.95,652.85,655.35,1062001,6959.83,27105,281297,26.49
ATHERENERG,EQ,24-Jul-2026,1233.2,1224.1,1224.7,1188.1,1209.0,1208.7,1204.96,3613338,43539.22,126181,1730288,47.89
ATL,EQ,24-Jul-2026,22.81,22.5,23.08,22.18,22.97,22.81,22.78,78830,17.96,508,58012,73.59
ATLANTAA,EQ,24-Jul-2026,36.15,36.17,36.68,34.71,35.78,35.18,35.55,64100,22.78,1767,32907,51.34
ATLANTAELE,EQ,24-Jul-2026,1540.6,1550.0,1617.6,1550.0,1585.0,1589.8,1595.33,148198,2364.24,9937,64897,43.79
ATLASCYCLE,EQ,24-Jul-2026,97.95,99.0,99.0,97.0,97.06,97.1,97.72,1408,1.38,47,951,67.54
ATLPP,E1,24-Jul-2026,8.77,8.6,9.3,8.6,8.62,8.62,8.81,653,0.06,11,625,95.71
ATMASTCO,ST,24-Jul-2026,153.8,154.5,157.5,149.5,157.5,157.5,154.72,9200,14.23,14,9200,100.00
ATUL,EQ,24-Jul-2026,6130.0,6136.0,6524.5,6077.0,6490.0,6407.5,6262.61,403648,25278.89,67264,128018,31.72
ATULAUTO,EQ,24-Jul-2026,473.7,468.1,477.7,461.95,473.75,473.4,469.4,82160,385.66,3904,29748,36.21
AUBANK,EQ,24-Jul-2026,978.7,969.0,1015.9,967.4,1013.1,1004.0,988.72,1826523,18059.21,48487,791852,43.35
AURIONPRO,EQ,24-Jul-2026,808.45,803.05,829.0,800.0,824.0,825.45,815.12,86003,701.03,5079,37856,44.02
AUROPHARMA,EQ,24-Jul-2026,1523.4,1512.0,1541.0,1512.0,1527.1,1532.0,1531.17,446834,6841.8,24807,188573,42.20
AURUM,EQ,24-Jul-2026,226.19,225.01,227.0,220.0,220.1,221.25,222.9,114511,255.25,2451,60096,52.48
AURUS,EQ,24-Jul-2026,4.83,4.82,4.95,4.73,4.77,4.8,4.83,4331,0.21,304,1939,44.77
AUSL,SM,24-Jul-2026,24.95,26.0,26.0,26.0,26.0,26.0,26.0,2000,0.52,1,2000,100.00
AUSOMENT,BE,24-Jul-2026,128.89,125.33,132.0,125.33,132.0,130.0,127.9,1285,1.64,32,-,-
AUTOAXLES,EQ,24-Jul-2026,1814.0,1814.0,1814.0,1776.1,1794.1,1798.9,1792.51,4410,79.05,949,2808,63.67
AUTOBEES,EQ,24-Jul-2026,283.7,276.6,283.7,276.6,281.61,281.18,280.57,247157,693.45,2849,73930,29.91
AUTOIETF,EQ,24-Jul-2026,28.4,28.4,28.41,27.95,28.25,28.22,28.14,934626,262.98,2324,554896,59.37
AUTOIND,BE,24-Jul-2026,83.69,84.9,87.87,81.68,87.87,87.87,85.83,85995,73.81,540,-,-
AVADHSUGAR,BE,24-Jul-2026,534.7,532.6,538.0,515.2,525.0,525.35,524.48,8521,44.69,167,-,-
AVALON,EQ,24-Jul-2026,1740.8,1735.0,1765.0,1717.8,1744.8,1741.5,1742.01,173064,3014.79,19753,86702,50.10
AVANA,ST,24-Jul-2026,154.25,157.0,159.0,154.0,159.0,159.0,156.0,14000,21.84,6,12000,85.71
AVANTEL,EQ,24-Jul-2026,164.47,163.87,164.39,160.4,163.4,163.49,162.49,1029362,1672.66,9196,359611,34.94
AVANTIFEED,EQ,24-Jul-2026,959.2,958.9,984.4,952.0,983.5,977.05,966.53,261695,2529.35,13240,76807,29.35
AVG,BE,24-Jul-2026,204.17,201.05,205.89,197.0,204.8,203.64,200.74,10620,21.32,109,-,-
AVIANSH,SM,24-Jul-2026,102.1,102.5,102.5,102.5,102.5,102.5,102.5,1000,1.03,1,1000,100.00
AVIENCE,SM,24-Jul-2026,251.2,245.0,265.0,238.0,265.0,259.75,245.43,168600,413.8,228,111600,66.19
AVL,EQ,24-Jul-2026,619.5,615.0,617.8,602.7,607.15,611.05,609.94,229342,1398.85,10962,149760,65.30
AVONMORE,EQ,24-Jul-2026,9.61,9.5,9.8,9.22,9.46,9.39,9.44,107725,10.17,762,55993,51.98
AVPINFRA,SM,24-Jul-2026,69.9,73.35,73.35,66.7,69.0,69.35,70.24,128800,90.47,125,72000,55.90
AVROIND,EQ,24-Jul-2026,8.8,8.99,9.15,8.65,8.86,8.82,8.79,57909,5.09,327,39917,68.93
AVTNPL,EQ,24-Jul-2026,70.07,69.8,70.82,69.1,70.0,70.02,69.9,24474,17.11,948,13251,54.14
AWFIS,EQ,24-Jul-2026,278.3,273.3,276.95,270.05,273.9,271.85,272.1,245295,667.46,6372,128240,52.28
AWHCL,EQ,24-Jul-2026,435.35,433.3,436.5,428.0,436.5,433.4,431.95,43922,189.72,2905,20485,46.64
AWL,EQ,24-Jul-2026,187.42,186.1,189.18,185.35,188.1,188.16,187.49,1118052,2096.21,13529,550257,49.22
AXISBANK,EQ,24-Jul-2026,1223.0,1216.8,1233.9,1210.6,1230.0,1227.3,1223.57,8088828,98972.63,129314,5835161,72.14
AXISCADES,EQ,24-Jul-2026,1562.4,1546.0,1618.6,1535.1,1613.0,1608.0,1582.92,149242,2362.39,8968,95414,63.93
AXITA,EQ,24-Jul-2026,7.31,7.43,7.43,7.31,7.37,7.36,7.36,193833,14.26,604,128694,66.39
AYE,EQ,24-Jul-2026,170.78,169.0,175.44,164.71,172.3,172.03,170.26,1074084,1828.72,14774,300309,27.96
AYMSYNTEX,EQ,24-Jul-2026,236.98,234.01,239.0,226.65,239.0,234.49,231.43,49271,114.03,1775,32564,66.09
AZAD,EQ,24-Jul-2026,2347.8,2349.0,2444.0,2333.0,2435.1,2439.0,2404.33,688100,16544.18,41633,239508,34.81
BABAFP,SM,24-Jul-2026,23.3,24.0,24.0,24.0,24.0,24.0,24.0,1600,0.38,1,1600,100.00
BAFNAPH,BE,24-Jul-2026,243.01,238.15,238.15,238.15,238.15,238.15,238.15,5460,13.0,53,-,-
BAGDIGITAL,SM,24-Jul-2026,107.0,111.0,122.9,109.2,109.2,109.85,115.91,83200,96.44,41,57600,69.23
BAGFILMS,EQ,24-Jul-2026,4.57,4.6,4.6,4.43,4.58,4.54,4.52,28175,1.27,142,19966,70.86
BAGMANE,RR,24-Jul-2026,104.65,104.5,104.84,104.3,104.6,104.63,104.56,1044551,1092.19,34891,934687,89.48
BAHETI,SM,24-Jul-2026,704.7,709.0,710.5,696.65,709.9,709.9,705.2,14625,103.14,25,9000,61.54
BAIDFIN,EQ,24-Jul-2026,9.88,9.81,10.9,9.42,9.87,9.86,9.89,69838,6.91,305,49441,70.79
BAJAJ-AUTO,EQ,24-Jul-2026,11283.5,11229.0,11320.0,11100.0,11100.0,11130.0,11210.42,442440,49599.36,52113,184222,41.64
BAJAJCON,EQ,24-Jul-2026,555.9,550.0,559.2,540.25,553.35,549.8,549.6,446292,2452.81,13503,243844,54.64
BAJAJELEC,EQ,24-Jul-2026,326.2,322.75,331.9,321.1,331.85,328.9,325.22,55400,180.17,2539,26221,47.33
BAJAJFINSV,EQ,24-Jul-2026,1889.4,1878.9,1892.9,1866.5,1880.0,1876.7,1877.7,1412443,26521.37,60221,928590,65.74
BAJAJHCARE,EQ,24-Jul-2026,317.7,316.0,326.0,313.35,323.0,323.35,319.54,301696,964.03,8903,96429,31.96
BAJAJHFL,EQ,24-Jul-2026,84.81,84.0,84.52,83.55,84.4,84.19,84.11,3387116,2849.0,29574,1709812,50.48
BAJAJHIND,EQ,24-Jul-2026,16.82,16.73,17.4,16.58,17.4,17.29,16.97,5751687,976.22,7606,2337872,40.65
BAJAJHLDNG,EQ,24-Jul-2026,10636.0,10625.0,10750.0,10555.0,10694.0,10679.0,10670.6,73470,7839.69,21827,33185,45.17
BAJAJINDEF,EQ,24-Jul-2026,234.2,234.9,235.0,227.0,231.8,230.25,230.21,11684,26.9,372,6878,58.87
BAJAJST,EQ,24-Jul-2026,388.2,388.0,410.5,375.7,403.0,395.7,393.43,42514,167.26,2807,8996,21.16
BAJEL,EQ,24-Jul-2026,179.18,180.75,180.75,175.95,178.8,178.9,177.89,89469,159.16,1787,42761,47.79
BAJFINANCE,EQ,24-Jul-2026,1039.8,1027.3,1030.2,1001.3,1019.0,1012.8,1012.22,18416962,186419.55,145678,12366161,67.15
BALAJEE,EQ,24-Jul-2026,27.61,27.61,28.0,26.5,27.25,27.07,27.05,37391,10.12,351,23965,64.09
BALAJIPHOS,SM,24-Jul-2026,88.55,92.0,92.0,90.5,91.0,90.75,91.6,7000,6.41,6,6000,85.71
BALAJITELE,EQ,24-Jul-2026,85.3,85.0,85.25,83.32,84.48,84.04,84.1,47289,39.77,823,22736,48.08
BALAMINES,EQ,24-Jul-2026,2349.2,2314.2,2332.7,2123.5,2185.0,2174.5,2221.96,290913,6463.98,27121,111074,38.18
BALAXI,BE,24-Jul-2026,24.42,24.42,24.49,24.0,24.4,24.47,24.29,14058,3.42,77,-,-
BALCO,ST,24-Jul-2026,19.95,20.85,20.85,20.85,20.85,20.85,20.85,1200,0.25,1,1200,100.00
BALKRISHNA,EQ,24-Jul-2026,17.93,17.6,18.74,17.4,17.4,17.54,17.62,7098,1.25,72,4348,61.26
BALKRISIND,EQ,24-Jul-2026,2011.4,2002.0,2030.0,1982.1,2015.4,2013.5,2008.95,64236,1290.47,7819,27562,42.91
BALMLAWRIE,EQ,24-Jul-2026,175.74,173.7,175.68,173.7,175.5,174.6,174.59,66405,115.93,1675,31591,47.57
BALPHARMA,EQ,24-Jul-2026,88.39,87.0,87.94,86.21,87.39,87.34,87.22,30207,26.35,284,21214,70.23
BALRAMCHIN,EQ,24-Jul-2026,612.8,612.0,620.5,607.25,609.0,610.15,611.67,237043,1449.92,7920,74301,31.34
BALUFORGE,EQ,24-Jul-2026,431.8,431.8,435.0,425.0,433.5,433.6,430.2,237564,1022.01,9172,99968,42.08
BANARBEADS,EQ,24-Jul-2026,114.1,116.8,124.0,111.28,121.9,121.95,119.46,22613,27.01,439,12824,56.71
BANARISUG,EQ,24-Jul-2026,3491.0,3475.0,3515.0,3475.0,3500.0,3501.8,3495.9,160,5.59,34,73,45.63
BANCOINDIA,EQ,24-Jul-2026,608.05,600.0,615.5,588.0,615.5,608.45,599.43,241401,1447.03,16066,91345,37.84
BANDHANBNK,EQ,24-Jul-2026,165.84,165.5,167.71,161.95,165.85,165.93,164.88,29585433,48780.75,135448,8770743,29.65
BANG,EQ,24-Jul-2026,27.23,27.23,28.4,27.23,28.12,28.1,27.94,23369,6.53,402,15409,65.94
BANK10ADD,EQ,24-Jul-2026,16.86,16.73,16.9,16.69,16.9,16.83,16.73,1730421,289.53,1294,1702501,98.39
BANK10BETF,EQ,24-Jul-2026,24.9,21.7,21.77,20.17,20.8,20.97,20.83,82583,17.2,626,66973,81.10
BANKA,BE,24-Jul-2026,87.61,87.0,91.95,85.0,87.06,90.77,87.1,805,0.7,18,-,-
BANKADD,EQ,24-Jul-2026,58.0,57.7,58.21,57.37,58.21,58.08,57.68,22955,13.24,163,11381,49.58
BANKBARODA,EQ,24-Jul-2026,243.15,242.0,247.1,239.25,246.25,246.45,244.17,8475748,20695.54,51323,3091334,36.47
BANKBEES,EQ,24-Jul-2026,586.72,586.5,588.97,581.0,588.0,587.76,583.85,840506,4907.27,9994,467832,55.66
BANKBETA,EQ,24-Jul-2026,58.65,58.21,58.82,57.18,58.8,58.74,58.11,210059,122.07,532,172090,81.92
BANKBETF,EQ,24-Jul-2026,57.59,57.41,57.85,57.04,57.8,57.76,57.32,11570,6.63,259,4467,38.61
BANKETF,EQ,24-Jul-2026,576.84,574.08,579.3,571.5,577.6,578.68,574.37,11177,64.2,1233,6367,56.97
BANKIETF,EQ,24-Jul-2026,58.18,59.63,59.63,57.6,58.28,58.31,57.89,632802,366.31,2791,393231,62.14
BANKINDIA,EQ,24-Jul-2026,142.2,142.0,143.2,139.82,142.7,142.62,141.62,7635246,10813.31,40651,2294589,30.05
BANKNIFTY1,EQ,24-Jul-2026,58.76,58.4,59.07,58.17,58.93,58.9,58.4,2539446,1483.07,1013,2150116,84.67
BANKPSU,EQ,24-Jul-2026,83.85,83.12,85.0,82.9,84.4,84.43,83.53,25154,21.01,142,12594,50.07
BANSALWIRE,EQ,24-Jul-2026,307.25,308.0,325.0,307.2,321.25,324.0,318.04,264854,842.35,7953,76941,29.05
BANSWRAS,EQ,24-Jul-2026,127.59,127.0,129.0,125.8,128.99,127.94,127.5,20272,25.85,462,11007,54.30
BARFLEX,SM,24-Jul-2026,54.25,54.85,54.85,54.6,54.6,54.6,54.73,4000,2.19,2,2000,50.00
BASF,EQ,24-Jul-2026,3698.0,3690.0,3698.0,3626.0,3654.0,3670.2,3664.8,11446,419.47,2573,4711,41.16
BASILIC,SM,24-Jul-2026,193.0,191.9,191.9,189.0,190.15,190.3,189.86,18000,34.18,40,15000,83.33
BASML,BE,24-Jul-2026,27.01,27.94,27.94,25.77,26.75,26.66,26.68,61788,16.48,159,-,-
BATAINDIA,EQ,24-Jul-2026,676.25,676.0,694.45,667.0,691.95,689.95,680.14,170171,1157.4,8973,66479,39.07
BATLIBOI,EQ,24-Jul-2026,87.17,87.0,87.8,83.0,85.3,84.93,85.78,26096,22.38,528,14225,54.51
BAWEJA,ST,24-Jul-2026,29.2,28.0,28.65,27.75,28.65,28.55,27.92,14400,4.02,14,8800,61.11
BAYERCROP,EQ,24-Jul-2026,4275.6,4251.0,4272.0,4210.0,4224.9,4217.5,4231.81,20517,868.24,4226,10129,49.37
BBETF0432,EQ,24-Jul-2026,1348.3,1346.13,1355.7,1346.0,1355.7,1354.62,1352.29,3852,52.09,61,3547,92.08
BBL,EQ,24-Jul-2026,2509.0,2510.8,2546.6,2449.0,2511.2,2519.4,2494.48,26884,670.62,5077,13727,51.06
BBNPNBETF,EQ,24-Jul-2026,57.0,58.14,58.14,56.38,57.04,57.22,56.86,485,0.28,27,249,51.34
BBNPPGOLD,EQ,24-Jul-2026,138.75,138.7,140.75,136.4,137.85,137.9,137.56,3049,4.19,85,370,12.14
BBOX,EQ,24-Jul-2026,786.6,778.7,786.85,769.35,779.0,778.45,775.75,213912,1659.42,13878,81928,38.30
BBTC,EQ,24-Jul-2026,1469.5,1465.0,1469.0,1434.4,1462.0,1458.2,1448.45,21332,308.98,3013,10412,48.81
BBTCL,EQ,24-Jul-2026,213.42,211.1,220.08,211.1,213.25,217.09,216.22,5178,11.2,174,2028,39.17
BCG,EQ,24-Jul-2026,9.36,9.35,9.49,9.22,9.49,9.4,9.31,2252865,209.85,3088,1247945,55.39
BCLIND,EQ,24-Jul-2026,34.97,34.9,35.95,34.45,35.6,35.74,35.28,595940,210.24,4665,217557,36.51
BCONCEPTS,EQ,24-Jul-2026,189.14,186.3,190.84,185.1,186.5,186.53,186.54,4502,8.4,271,2979,66.17
BCPL,EQ,24-Jul-2026,70.07,70.07,70.99,69.01,70.48,70.39,69.79,2768,1.93,192,1853,66.94
BDL,EQ,24-Jul-2026,1239.8,1230.0,1251.2,1221.0,1241.1,1243.0,1237.65,550236,6809.99,22000,115758,21.04
BEACON,ST,24-Jul-2026,91.0,90.05,91.85,90.05,91.85,91.85,91.25,3000,2.74,3,3000,100.00
BEARDSELL,EQ,24-Jul-2026,27.16,26.95,27.99,26.62,27.65,27.64,27.16,12102,3.29,99,10525,86.97
BECTORFOOD,EQ,24-Jul-2026,199.34,196.51,211.16,196.51,207.28,206.63,204.37,6513496,13311.92,60721,1182231,18.15
BEDMUTHA,EQ,24-Jul-2026,106.41,106.41,108.8,106.0,107.0,106.89,106.59,1628,1.74,38,1136,69.78
BEEKAY,EQ,24-Jul-2026,401.95,400.0,411.95,386.35,404.0,400.4,400.04,3806,15.23,67,3685,96.82
BEL,EQ,24-Jul-2026,405.35,404.2,406.1,401.0,405.3,405.0,403.94,6176660,24950.08,85975,3218666,52.11
BELLACASA,EQ,24-Jul-2026,244.75,240.0,253.4,236.6,239.4,239.5,246.69,77588,191.4,1340,60216,77.61
BELRISE,EQ,24-Jul-2026,229.31,227.0,230.32,224.0,228.55,228.26,227.26,2981139,6774.81,29956,1391375,46.67
BEML,EQ,24-Jul-2026,1730.7,1716.0,1730.0,1697.0,1711.0,1713.2,1713.68,106026,1816.95,14266,45752,43.15
BENGALASM,EQ,24-Jul-2026,6217.0,6195.5,6210.0,6195.5,6202.0,6202.0,6203.22,30,1.86,7,28,93.33
BEPL,EQ,24-Jul-2026,117.23,116.7,122.84,116.25,121.8,121.81,120.2,8891160,10686.83,53030,1476957,16.61
BERGEPAINT,EQ,24-Jul-2026,493.6,489.7,499.9,488.9,499.5,497.95,495.3,99047,490.58,9344,38725,39.10
BESTAGRO,EQ,24-Jul-2026,15.13,15.22,15.39,14.95,15.39,15.16,15.07,134875,20.33,719,78523,58.22
BETA,EQ,24-Jul-2026,2277.2,2258.0,2340.0,2242.2,2340.0,2315.6,2292.73,19164,439.38,3690,6807,35.52
BEWLTD,SM,24-Jul-2026,58.7,57.5,59.55,56.0,59.55,58.9,57.44,7500,4.31,14,7000,93.33
BFINVEST,EQ,24-Jul-2026,451.1,450.0,464.4,438.5,462.0,460.05,451.53,101143,456.69,3326,34359,33.97
BFSI,EQ,24-Jul-2026,27.02,26.93,27.05,26.7,26.98,26.95,26.89,249270,67.02,1179,203135,81.49
BFUTILITIE,EQ,24-Jul-2026,580.5,577.25,582.6,564.3,581.9,580.4,575.07,44867,258.01,2753,16157,36.01
BGRENERGY,BE,24-Jul-2026,293.2,294.9,297.0,285.5,290.0,291.1,290.44,15249,44.29,279,-,-
BHADORA,ST,24-Jul-2026,87.6,91.9,91.9,86.5,86.5,86.5,88.87,14400,12.8,12,10800,75.00
BHAGCHEM,EQ,24-Jul-2026,258.85,258.85,266.95,255.1,266.0,263.45,260.25,44505,115.83,1353,26131,58.71
BHAGERIA,BE,24-Jul-2026,228.12,236.9,236.9,227.9,229.0,228.98,234.27,190578,446.48,1016,-,-
BHAGYANGR,BE,24-Jul-2026,403.6,413.8,419.7,385.05,413.0,410.9,403.23,108506,437.52,1372,-,-
BHANDARI,BE,24-Jul-2026,2.88,2.88,2.92,2.83,2.9,2.89,2.89,122536,3.54,188,-,-
BHARATCOAL,EQ,24-Jul-2026,34.84,34.47,35.29,34.04,35.06,34.99,34.55,8061215,2785.44,20776,2365713,29.35
BHARATFORG,EQ,24-Jul-2026,2175.3,2162.0,2169.0,2128.1,2155.0,2151.6,2145.11,634484,13610.39,29316,306941,48.38
BHARATGEAR,BE,24-Jul-2026,119.0,119.0,123.9,117.15,122.0,121.41,119.69,6337,7.58,101,-,-
BHARATRAS,EQ,24-Jul-2026,1266.6,1260.0,1272.7,1250.0,1262.2,1261.1,1261.69,10330,130.33,1190,7573,73.31
BHARATSE,EQ,24-Jul-2026,215.44,211.26,220.95,208.44,216.25,218.14,213.29,232003,494.84,5965,70958,30.58
BHARATWIRE,EQ,24-Jul-2026,194.27,193.95,194.86,188.86,194.0,193.31,191.73,141718,271.72,2898,58878,41.55
BHARTIARTL,EQ,24-Jul-2026,1931.0,1900.2,1905.0,1878.0,1901.0,1898.2,1890.45,4483600,84760.01,103200,2960112,66.02
BHARTIHEXA,EQ,24-Jul-2026,1608.0,1598.0,1612.5,1571.2,1608.8,1607.6,1597.19,61953,989.51,12300,27991,45.18
BHEL,EQ,24-Jul-2026,409.6,405.0,418.0,402.15,417.0,417.3,410.69,8874814,36448.17,98011,3435178,38.71
BI,EQ,24-Jul-2026,61.51,60.0,60.99,59.25,60.0,59.27,59.41,3990,2.37,53,2447,61.33
BIGBLOC,EQ,24-Jul-2026,46.49,46.1,48.48,46.1,47.99,47.75,47.15,47542,22.42,493,24729,52.02
BIKAJI,EQ,24-Jul-2026,630.8,628.0,639.65,624.55,630.0,630.7,632.19,54522,344.68,7742,30306,55.58
BIKEWO,ST,24-Jul-2026,62.35,64.0,64.3,59.25,59.25,59.25,61.06,94000,57.4,45,94000,100.00
BIL,EQ,24-Jul-2026,740.15,740.15,760.0,725.0,725.0,729.9,735.85,1190,8.76,94,747,62.77
BILVYAPAR,BE,24-Jul-2026,4.0,4.17,4.17,3.8,3.99,3.99,3.9,6835,0.27,47,-,-
BIMETAL,EQ,24-Jul-2026,649.2,649.0,679.0,632.0,666.6,667.4,648.65,312,2.02,34,175,56.09
BIOCON,EQ,24-Jul-2026,435.2,431.2,435.0,426.7,434.2,433.65,431.0,2748079,11844.35,28323,1329991,48.40
BIOFILCHEM,EQ,24-Jul-2026,32.44,33.2,33.2,31.61,32.33,32.07,32.17,4169,1.34,110,3410,81.79
BIOPOL,SM,24-Jul-2026,94.0,97.45,97.45,97.45,97.45,97.45,97.45,1200,1.17,1,1200,100.00
BIRET,RR,24-Jul-2026,337.49,337.01,341.49,334.7,339.05,339.01,337.95,128506,434.29,7290,74874,58.26
BIRLACABLE,BE,24-Jul-2026,197.35,199.99,204.0,192.0,198.5,197.31,198.49,56690,112.53,674,-,-
BIRLACORPN,EQ,24-Jul-2026,974.05,966.0,979.0,939.0,979.0,956.6,957.28,199139,1906.31,16851,112358,56.42
BIRLAMONEY,EQ,24-Jul-2026,132.79,132.79,134.16,129.35,131.0,131.99,131.76,47154,62.13,1587,22795,48.34
BIRLANU,EQ,24-Jul-2026,1347.0,1340.2,1369.8,1330.2,1351.6,1351.9,1352.6,6522,88.22,907,4056,62.19
BIRLAPREC,EQ,24-Jul-2026,34.64,34.05,34.77,33.5,34.39,34.19,34.0,22245,7.56,311,16191,72.78
BLACKBUCK,EQ,24-Jul-2026,544.25,541.85,543.9,533.1,541.8,539.35,538.05,138956,747.65,11836,38247,27.52
BLACKROSE,BE,24-Jul-2026,97.07,97.0,98.68,95.01,95.3,95.98,96.13,8282,7.96,141,-,-
BLAL,EQ,24-Jul-2026,177.43,179.95,180.99,175.0,177.0,175.92,176.34,15413,27.18,333,9505,61.67
BLBLIMITED,EQ,24-Jul-2026,15.77,15.4,16.43,15.4,15.66,15.7,15.82,21255,3.36,141,18437,86.74
BLIL,EQ,24-Jul-2026,70.17,70.19,70.2,69.6,70.19,69.88,69.92,32619,22.81,630,24600,75.42
BLISSGVS,BE,24-Jul-2026,461.85,450.0,468.0,450.0,462.0,464.6,459.78,125365,576.4,1821,-,-
BLKASHYAP,EQ,24-Jul-2026,54.83,54.1,55.34,53.65,54.5,54.56,54.46,310889,169.31,1979,194074,62.43
BLS,EQ,24-Jul-2026,230.3,227.6,234.95,226.55,233.95,233.6,231.37,814649,1884.86,17136,353684,43.42
BLSE,EQ,24-Jul-2026,263.47,263.0,287.7,260.01,284.0,282.32,280.28,4956426,13891.8,45977,730922,14.75
BLUECHIP,BE,24-Jul-2026,1.94,1.91,1.91,1.91,1.91,1.91,1.91,2138,0.04,4,-,-
BLUECOAST,BE,24-Jul-2026,25.72,25.72,27.0,24.44,27.0,27.0,26.34,7509,1.98,53,-,-
BLUEDART,EQ,24-Jul-2026,4765.4,4756.0,4975.0,4716.1,4910.0,4911.5,4909.06,35686,1751.85,8412,8135,22.80
BLUEJET,EQ,24-Jul-2026,576.5,573.2,595.75,563.7,573.0,566.9,578.83,1101312,6374.7,27829,565554,51.35
BLUEPEBBLE,SM,24-Jul-2026,70.0,70.0,70.0,70.0,70.0,70.0,70.0,2400,1.68,2,2400,100.00
BLUESTARCO,EQ,24-Jul-2026,1633.9,1630.0,1654.4,1601.3,1637.0,1637.2,1632.3,253186,4132.76,25351,105147,41.53
BLUESTONE,EQ,24-Jul-2026,747.0,760.3,792.3,712.0,779.0,772.4,754.66,26038844,196503.82,493364,2079023,7.98
BLUEWATER,ST,24-Jul-2026,410.2,421.5,430.7,412.0,425.0,425.0,423.49,30000,127.05,25,29000,96.67
BLUSPRING,EQ,24-Jul-2026,104.31,104.0,109.0,100.9,107.87,108.42,104.94,319346,335.11,4905,137103,42.93
BMETRICS,SM,24-Jul-2026,36.9,34.0,35.55,34.0,35.5,35.5,35.33,6400,2.26,6,4800,75.00
BMLL,SM,24-Jul-2026,138.95,148.0,148.0,135.0,138.8,138.7,138.3,17000,23.51,17,10000,58.82
BMWVENTLTD,EQ,24-Jul-2026,57.0,57.0,57.28,56.12,56.85,56.52,56.52,43696,24.7,1098,13366,30.59
BNAGROCHEM,BE,24-Jul-2026,274.9,274.9,274.9,274.9,274.9,274.9,274.9,101,0.28,2,-,-
BNALTD,BE,24-Jul-2026,472.35,472.3,473.0,458.0,461.1,461.1,461.51,243,1.12,8,-,-
BNKETFAXIS,EQ,24-Jul-2026,583.37,581.94,586.07,577.9,586.07,583.85,582.13,246,1.43,33,130,52.85
BODALCHEM,BE,24-Jul-2026,67.05,67.05,68.3,65.0,68.18,68.02,67.01,119012,79.75,530,-,-
BOHRAIND,EQ,24-Jul-2026,12.81,12.55,12.99,12.31,12.49,12.62,12.62,36261,4.57,64,27030,74.54
BOMDYEING,EQ,24-Jul-2026,120.4,119.1,121.9,117.9,121.8,121.71,119.94,339888,407.66,4718,141531,41.64
BONLON,EQ,24-Jul-2026,41.77,40.5,42.37,40.22,40.51,40.92,41.07,3778,1.55,82,2165,57.31
BORANA,EQ,24-Jul-2026,326.85,328.6,333.0,315.0,326.0,327.45,327.14,29735,97.27,641,13318,44.79
BOROLTD,EQ,24-Jul-2026,233.45,231.45,237.49,226.37,232.5,232.34,231.92,72312,167.7,2533,33841,46.80
BORORENEW,EQ,24-Jul-2026,577.9,575.0,582.4,570.45,581.5,580.65,577.69,367645,2123.85,10549,125097,34.03
BOROSCI,EQ,24-Jul-2026,152.47,151.0,154.0,151.0,152.54,152.09,152.09,30948,47.07,1067,17197,55.57
BOSCH-HCIL,EQ,24-Jul-2026,1311.2,1311.0,1335.0,1300.5,1335.0,1332.8,1314.02,8658,113.77,664,4587,52.98
BOSCHLTD,EQ,24-Jul-2026,42240.0,42200.0,42200.0,41500.0,41900.0,41755.0,41747.68,20543,8576.23,11095,8450,41.13
BPCL,EQ,24-Jul-2026,309.85,306.9,311.8,305.5,310.0,310.15,309.16,5796307,17919.96,60279,2760902,47.63
BPL,EQ,24-Jul-2026,54.09,54.49,54.49,53.11,53.84,53.78,53.75,32716,17.58,806,15208,46.48
BRACEPORT,SM,24-Jul-2026,60.95,65.0,72.0,63.0,63.0,63.0,68.0,6400,4.35,3,4800,75.00
BRIGADE,EQ,24-Jul-2026,526.8,521.0,528.55,515.6,525.0,525.45,523.31,221965,1161.56,14612,84497,38.07
BRIGHOTEL,EQ,24-Jul-2026,61.41,60.3,61.72,59.98,60.23,60.16,60.44,109432,66.14,2448,85420,78.06
BRITANNIA,EQ,24-Jul-2026,5388.0,5383.0,5450.0,5316.5,5385.5,5379.5,5375.84,208047,11184.27,22282,96599,46.43
BRNL,EQ,24-Jul-2026,17.45,17.2,18.8,17.2,18.04,18.06,17.86,30941,5.53,268,20592,66.55
BROOKS,BE,24-Jul-2026,65.98,65.98,65.99,62.69,64.4,64.06,63.4,28292,17.94,199,-,-
BSE,EQ,24-Jul-2026,3579.0,3563.0,3571.6,3526.0,3550.0,3549.7,3547.32,1386676,49189.79,75818,427799,30.85
BSE500IETF,EQ,24-Jul-2026,38.81,38.53,38.77,38.38,38.76,38.74,38.58,107830,41.6,1025,67711,62.79
BSHSL,BE,24-Jul-2026,87.6,87.5,87.5,85.0,87.0,87.0,86.98,746,0.65,20,-,-
BSL,EQ,24-Jul-2026,124.46,125.08,126.0,122.14,125.95,124.74,123.35,2310,2.85,78,1583,68.53
BSLGOLDETF,EQ,24-Jul-2026,126.43,125.74,125.91,124.26,125.72,125.49,124.96,103686,129.57,1453,30289,29.21
BSLNIFTY,EQ,24-Jul-2026,28.0,28.7,28.7,27.69,28.0,27.88,27.81,1826643,507.9,4112,1550239,84.87
BSLSENETFG,EQ,24-Jul-2026,76.83,77.49,77.51,76.02,76.5,76.54,76.23,10126,7.72,113,5288,52.22
BSOFT,EQ,24-Jul-2026,278.95,277.45,286.0,277.25,282.9,282.4,280.94,1171839,3292.12,22290,430159,36.71
BTML,EQ,24-Jul-2026,6.08,6.08,7.29,5.25,7.0,6.96,6.62,3313634,219.22,1809,1921915,58.00
BTTL,BE,24-Jul-2026,48.38,48.2,50.3,47.51,49.95,49.87,49.35,3911,1.93,34,-,-
BUILDPRO,EQ,24-Jul-2026,1245.0,1228.2,1258.0,1205.0,1235.0,1236.2,1240.6,63942,793.26,5252,32561,50.92
BULKCORP,SM,24-Jul-2026,55.0,57.35,57.35,57.35,57.35,57.35,57.35,1200,0.69,1,1200,100.00
BUTTERFLY,EQ,24-Jul-2026,756.7,750.0,763.4,731.7,763.1,761.9,749.31,17396,130.35,1502,9419,54.14
BVCL,EQ,24-Jul-2026,40.78,40.51,41.3,40.51,40.71,40.79,40.83,1525,0.62,24,1388,91.02
BYKE,BE,24-Jul-2026,32.16,32.11,32.64,32.01,32.58,32.44,32.18,6056,1.95,31,-,-
C2C,SM,24-Jul-2026,294.45,299.9,299.9,272.0,284.9,284.35,281.09,211800,595.35,1059,116250,54.89
CALSOFT,BE,24-Jul-2026,21.28,21.28,22.08,20.61,21.74,21.78,21.17,64714,13.7,239,-,-
CAMLINFINE,EQ,24-Jul-2026,120.61,119.7,125.0,118.75,124.99,124.47,122.59,470517,576.81,6621,228318,48.52
CAMPUS,EQ,24-Jul-2026,219.16,218.7,220.48,215.55,216.99,216.55,217.88,647461,1410.71,9539,319350,49.32
CAMS,EQ,24-Jul-2026,758.15,760.0,766.75,747.35,758.85,761.45,757.79,966899,7327.08,33270,345860,35.77
CANARYS,SM,24-Jul-2026,18.65,18.5,18.9,18.15,18.7,18.5,18.44,80000,14.75,20,52000,65.00
CANBK,EQ,24-Jul-2026,125.22,124.22,126.83,123.0,125.85,125.65,125.34,36714624,46016.84,88888,19828955,54.01
CANFINHOME,EQ,24-Jul-2026,818.55,819.0,819.5,799.0,815.0,813.9,807.22,317704,2564.57,32088,183891,57.88
CANHLIFE,EQ,24-Jul-2026,152.91,150.49,151.7,147.0,147.15,147.31,148.76,551464,820.36,9442,202157,36.66
CANTABIL,EQ,24-Jul-2026,241.15,237.3,244.8,233.28,240.6,239.83,238.2,138860,330.77,4008,53023,38.18
CAPACITE,EQ,24-Jul-2026,214.35,214.0,214.45,211.0,213.5,212.75,212.99,297746,634.16,4647,159990,53.73
CAPILLARY,EQ,24-Jul-2026,477.05,477.05,483.1,471.2,473.2,476.25,475.28,7996,38.0,731,3111,38.91
CAPINVIT,IV,24-Jul-2026,74.41,72.01,74.2,72.01,72.3,72.24,72.38,670325,485.17,37874,521527,77.80
CAPITALSFB,EQ,24-Jul-2026,299.55,298.15,298.15,287.0,291.6,292.0,292.81,92246,270.1,2959,42783,46.38
CAPLIPOINT,EQ,24-Jul-2026,2486.6,2470.3,2515.1,2451.4,2483.0,2467.1,2484.64,70836,1760.02,10620,33574,47.40
CAPTRUST,EQ,24-Jul-2026,15.42,14.72,15.48,14.65,14.65,14.65,14.84,89085,13.22,286,72610,81.51
CARBORUNIV,EQ,24-Jul-2026,1056.1,1050.0,1072.0,1035.5,1068.0,1064.3,1058.22,110297,1167.19,9885,47022,42.63
CARERATING,EQ,24-Jul-2026,1729.2,1737.3,1749.9,1651.0,1666.0,1680.0,1679.85,44292,744.04,8696,23058,52.06
CARRARO,EQ,24-Jul-2026,537.05,535.1,541.8,526.0,532.0,534.0,533.22,93645,499.34,9022,55229,58.98
CARTRADE,EQ,24-Jul-2026,2692.2,2689.8,2741.6,2635.6,2658.0,2656.4,2676.09,376776,10082.85,37225,120107,31.88
CARYSIL,EQ,24-Jul-2026,1116.5,1111.0,1144.7,1094.2,1126.5,1125.7,1116.23,99644,1112.26,8202,52089,52.28
CASHIETF,EQ,24-Jul-2026,1072.03,1072.46,1072.48,1072.46,1072.47,1072.47,1072.47,405068,4344.21,212,286985,70.85
CASTROLIND,EQ,24-Jul-2026,185.29,186.0,186.35,184.0,185.41,184.79,184.79,1334968,2466.89,15823,901187,67.51
CCAVENUE,EQ,24-Jul-2026,16.15,16.17,16.57,15.85,16.33,16.34,16.19,10658537,1726.02,15116,4000570,37.53
CCCL,EQ,24-Jul-2026,15.98,15.98,16.11,15.79,15.87,15.88,15.95,143007,22.81,600,83529,58.41
CCHHL,EQ,24-Jul-2026,12.73,12.3,12.9,12.3,12.9,12.74,12.65,10799,1.37,115,6319,58.51
CCL,EQ,24-Jul-2026,1185.3,1180.0,1199.5,1165.5,1198.9,1183.6,1175.99,55391,651.39,9816,23225,41.93
CDSL,EQ,24-Jul-2026,1323.4,1310.0,1340.0,1305.0,1335.0,1333.1,1322.81,969219,12820.93,42512,297141,30.66
CEATLTD,EQ,24-Jul-2026,3344.5,3321.0,3357.0,3310.3,3325.0,3328.6,3328.61,116666,3883.35,21023,61220,52.47
CEDAAR,ST,24-Jul-2026,17.85,17.1,18.1,17.0,18.1,18.1,17.24,7000,1.21,6,5000,71.43
CEIGALL,EQ,24-Jul-2026,336.05,332.0,338.65,329.1,338.5,337.1,334.78,263186,881.09,10163,129060,49.04
CEINSYS,EQ,24-Jul-2026,870.35,875.0,885.0,855.1,872.0,870.05,865.72,28693,248.4,1832,15848,55.23
CELEBRITY,EQ,24-Jul-2026,7.17,7.04,7.28,6.93,7.0,7.04,7.06,17641,1.25,115,9607,54.46
CELLECOR,ST,24-Jul-2026,33.95,33.3,33.85,33.25,33.85,33.7,33.4,60000,20.04,18,60000,100.00
CELLO,EQ,24-Jul-2026,340.25,340.3,346.0,336.6,344.4,344.3,341.45,160528,548.12,10577,63834,39.77
CELLPOINT,SM,24-Jul-2026,19.0,19.4,20.15,19.4,20.15,20.05,19.77,27600,5.46,15,27600,100.00
CEMPRO,EQ,24-Jul-2026,1516.8,1441.0,1467.6,1441.0,1441.0,1441.0,1444.5,222376,3212.22,5002,113863,51.20
CENTENKA,EQ,24-Jul-2026,565.25,555.35,583.5,555.35,574.0,574.2,572.67,61703,353.35,3149,33355,54.06
CENTEXT,EQ,24-Jul-2026,18.96,19.0,19.22,18.52,18.84,18.95,18.8,26127,4.91,311,15409,58.98
CENTRALBK,EQ,24-Jul-2026,30.95,30.72,31.17,30.52,31.04,31.03,30.81,7107736,2190.13,15294,2861385,40.26
CENTRUM,EQ,24-Jul-2026,23.18,23.0,23.97,22.76,23.75,23.66,23.32,111324,25.97,818,50926,45.75
CENTUM,EQ,24-Jul-2026,3570.7,3545.0,3650.4,3530.0,3599.0,3593.8,3586.09,15364,550.97,4693,6250,40.68
CENTURYPLY,EQ,24-Jul-2026,773.65,777.45,800.0,761.95,795.05,792.2,787.88,33967,267.62,5511,15486,45.59
CERA,EQ,24-Jul-2026,6021.0,6021.0,6065.0,5952.0,6045.0,6017.0,6015.09,3265,196.39,1223,1569,48.06
CEREBRAINT,BZ,24-Jul-2026,3.02,2.91,3.06,2.91,2.98,2.99,2.99,80278,2.4,86,-,-
CESC,EQ,24-Jul-2026,162.68,161.88,163.69,161.52,163.13,163.18,162.58,551918,897.29,11918,230983,41.85
CEWATER,EQ,24-Jul-2026,297.5,294.0,301.0,290.35,301.0,298.35,295.94,49404,146.2,3347,15707,31.79
CGCL,EQ,24-Jul-2026,243.71,240.99,241.61,237.01,239.05,238.23,238.38,1109602,2645.05,12545,453790,40.90
CGPOWER,EQ,24-Jul-2026,883.8,860.0,894.0,838.8,883.0,867.7,868.05,9684764,84068.72,188709,2952325,30.48
CGRAPHICS,SM,24-Jul-2026,130.65,130.0,132.0,129.25,130.0,130.0,130.38,8000,10.43,10,6400,80.00
CHALET,EQ,24-Jul-2026,819.95,817.3,824.3,808.35,819.0,814.4,814.22,36008,293.18,8280,18135,50.36
CHAMBLFERT,EQ,24-Jul-2026,431.85,431.0,434.0,425.1,431.0,431.0,428.92,431603,1851.21,11336,190498,44.14
CHAMUNDA,SM,24-Jul-2026,43.2,41.7,44.95,41.7,44.95,44.95,43.33,6000,2.6,2,3000,50.00
CHANDAN,SM,24-Jul-2026,228.0,229.1,231.5,224.5,230.0,230.0,227.19,20000,45.44,21,17600,88.00
CHAVDA,SM,24-Jul-2026,121.0,121.05,125.5,119.65,123.0,123.05,123.28,78000,96.16,49,40000,51.28
CHEMBOND,BE,24-Jul-2026,179.71,174.3,177.4,170.73,176.45,174.25,171.92,2483,4.27,110,-,-
CHEMBONDCH,BE,24-Jul-2026,247.86,240.05,249.95,236.2,245.0,247.44,244.99,12195,29.88,200,-,-
CHEMCON,BE,24-Jul-2026,177.47,172.8,181.8,172.8,175.2,176.53,176.89,10751,19.02,235,-,-
CHEMFAB,BE,24-Jul-2026,367.8,369.8,378.95,355.3,360.0,366.1,362.6,5305,19.24,69,-,-
CHEMICAL,EQ,24-Jul-2026,30.15,30.16,30.44,29.86,30.28,30.18,30.08,352175,105.95,1012,212154,60.24
CHEMPLASTS,EQ,24-Jul-2026,209.9,206.0,207.79,198.61,202.68,202.29,202.42,400593,810.88,7916,127490,31.83
CHENNPETRO,EQ,24-Jul-2026,1269.6,1265.0,1281.9,1209.0,1216.9,1214.8,1222.46,1544056,18875.52,56834,498770,32.30
CHETANA,ST,24-Jul-2026,46.0,44.05,48.0,44.05,47.95,47.8,46.86,19200,9.0,11,16000,83.33
CHEVIOT,EQ,24-Jul-2026,1130.5,1130.5,1172.0,1120.1,1140.0,1153.6,1145.97,4259,48.81,460,2500,58.70
CHOICEGOLD,EQ,24-Jul-2026,142.35,140.92,142.16,139.93,142.16,141.55,140.71,21611,30.41,91,19950,92.31
CHOICEIN,EQ,24-Jul-2026,805.25,802.0,805.0,788.4,794.0,797.15,797.32,471316,3757.91,9394,92253,19.57
CHOLAFIN,EQ,24-Jul-2026,1717.3,1702.0,1741.3,1660.4,1721.5,1724.4,1689.03,1912110,32296.1,64948,1083610,56.67
CHOLAHLDNG,EQ,24-Jul-2026,1516.0,1503.3,1528.8,1491.2,1514.9,1516.7,1513.0,68574,1037.53,8717,37811,55.14
CIEINDIA,EQ,24-Jul-2026,419.0,412.0,416.8,401.9,413.5,413.75,410.86,1114765,4580.09,46933,429730,38.55
CIFL,EQ,24-Jul-2026,20.49,20.93,20.93,19.8,20.12,20.05,20.17,115314,23.25,654,81351,70.55
CINELINE,EQ,24-Jul-2026,80.32,80.32,87.5,78.02,87.03,86.71,84.34,93602,78.94,1222,72553,77.51
CINEVISTA,EQ,24-Jul-2026,15.17,15.49,15.75,15.14,15.15,15.29,15.37,18663,2.87,197,13633,73.05
CIPLA,EQ,24-Jul-2026,1393.0,1390.1,1444.8,1390.1,1409.0,1410.6,1423.95,2917791,41547.99,91889,1106733,37.93
CITIUSINVT,IV,24-Jul-2026,108.77,108.5,109.91,108.26,108.5,108.48,109.22,10653,11.64,328,7865,73.83
CKKRETAIL,SM,24-Jul-2026,130.0,130.0,130.05,130.0,130.0,130.0,130.0,11200,14.56,3,10400,92.86
CLASSICEIL,ST,24-Jul-2026,57.15,57.5,60.0,57.5,60.0,60.0,59.37,44800,26.6,28,41600,92.86
CLAYCRAFT,SM,24-Jul-2026,164.15,165.0,172.5,164.5,170.8,170.2,168.58,27600,46.53,42,24000,86.96
CLEAN,EQ,24-Jul-2026,728.85,728.8,729.5,716.1,723.8,721.0,722.51,135581,979.59,12939,63062,46.51
CLEANMAX,EQ,24-Jul-2026,1425.0,1410.0,1472.0,1390.0,1437.0,1456.9,1435.5,162549,2333.4,16243,73545,45.24
CLEDUCATE,BE,24-Jul-2026,60.12,60.12,61.5,58.0,60.9,60.9,60.18,13675,8.23,85,-,-
CLSEL,EQ,24-Jul-2026,279.85,279.05,280.95,273.6,278.4,279.8,278.57,30992,86.34,1122,13720,44.27
CLSL,SM,24-Jul-2026,59.25,59.9,61.0,59.0,61.0,61.0,60.49,16000,9.68,7,16000,100.00
CMLL,EQ,24-Jul-2026,424.0,500.25,538.75,463.35,523.25,528.2,499.76,23156167,115725.0,372412,7236421,31.25
CMNL,SM,24-Jul-2026,105.0,105.0,105.0,105.0,105.0,105.0,105.0,2250,2.36,1,2250,100.00
CMPDI,EQ,24-Jul-2026,253.57,251.5,254.9,245.8,249.2,248.43,249.84,2726233,6811.16,34143,968143,35.51
CMRGREEN,EQ,24-Jul-2026,217.35,216.0,218.8,213.05,217.6,218.05,216.3,784000,1695.81,13166,416453,53.12
CMRSL,SM,24-Jul-2026,62.0,62.5,62.5,62.0,62.0,62.0,62.02,30400,18.85,13,30400,100.00
CMSINFO,EQ,24-Jul-2026,271.7,268.5,278.0,268.05,274.0,273.9,274.45,380671,1044.75,10981,210842,55.39
CNL,EQ,24-Jul-2026,879.05,881.1,1049.0,870.0,1047.95,987.0,972.47,5646074,54906.54,210768,196358,3.48
COALINDIA,EQ,24-Jul-2026,427.05,427.0,428.9,424.75,426.45,427.4,426.62,5403125,23050.75,50435,2941323,54.44
COASTCORP,EQ,24-Jul-2026,50.17,50.17,51.6,49.5,49.6,49.93,50.23,63862,32.08,607,33659,52.71
COCHINSHIP,EQ,24-Jul-2026,1395.7,1381.9,1399.5,1375.3,1394.0,1392.4,1390.0,543772,7558.41,25149,165408,30.42
COCKERILL,EQ,24-Jul-2026,8930.0,8879.0,8999.5,8700.5,8941.5,8937.5,8845.54,3192,282.35,1154,1319,41.32
COFFEEDAY,BE,24-Jul-2026,30.71,30.6,31.06,29.66,30.3,30.24,30.04,311453,93.55,1071,-,-
COFORGE,EQ,24-Jul-2026,1439.9,1430.0,1489.0,1430.0,1486.0,1484.7,1467.53,3441351,50502.73,91413,1909536,55.49
COHANCE,EQ,24-Jul-2026,422.1,420.0,425.0,411.0,425.0,417.1,415.92,224345,933.1,9366,98057,43.71
COLPAL,EQ,24-Jul-2026,2085.8,2065.0,2103.8,2065.0,2090.0,2086.1,2087.72,197445,4122.09,18450,83272,42.17
COMFINTE,EQ,24-Jul-2026,5.49,5.61,5.61,5.41,5.43,5.44,5.46,69279,3.78,276,52849,76.28
COMMITTED,ST,24-Jul-2026,342.0,342.0,343.0,339.0,339.0,339.0,340.75,3200,10.9,4,3200,100.00
COMMOIETF,EQ,24-Jul-2026,99.92,99.82,99.82,98.62,99.65,99.62,99.28,28927,28.72,548,14160,48.95
COMPINFO,BZ,24-Jul-2026,1.13,1.15,1.18,1.08,1.17,1.16,1.13,21969,0.25,25,-,-
COMPUSOFT,EQ,24-Jul-2026,13.37,13.3,13.65,13.15,13.26,13.33,13.32,22788,3.03,108,11655,51.15
COMSYN,EQ,24-Jul-2026,180.02,178.9,181.77,177.02,177.58,178.52,178.82,56288,100.66,1478,26915,47.82
CONCOR,EQ,24-Jul-2026,480.5,478.9,484.2,474.4,481.45,477.55,478.13,579577,2771.12,12574,193526,33.39
CONCORDBIO,EQ,24-Jul-2026,1268.5,1268.5,1272.2,1238.0,1248.0,1248.5,1251.59,50664,634.11,8862,22742,44.89
CONFIPET,EQ,24-Jul-2026,74.45,74.4,79.5,73.5,78.15,78.3,77.33,3047292,2356.55,18126,1393967,45.74
CONNPLEX,SM,24-Jul-2026,205.9,205.0,207.3,203.05,203.55,203.55,205.59,18400,37.83,23,6400,34.78
CONS,EQ,24-Jul-2026,12.13,12.05,12.12,11.98,12.12,12.08,12.05,28934,3.49,130,15923,55.03
CONSOFINVT,BE,24-Jul-2026,288.35,288.0,290.5,282.0,285.0,286.42,286.03,15812,45.23,81,-,-
CONSUMAXIS,EQ,24-Jul-2026,121.42,120.38,120.53,119.5,120.3,120.3,119.62,46171,55.23,37,35563,77.02
CONSUMBEES,EQ,24-Jul-2026,130.97,130.0,130.65,129.47,130.4,130.19,130.03,67350,87.58,868,33346,49.51
CONSUMER,EQ,24-Jul-2026,11.68,11.67,11.67,11.48,11.6,11.6,11.57,234428,27.13,558,147634,62.98
CONSUMIETF,EQ,24-Jul-2026,121.85,121.14,121.56,120.5,121.14,121.14,121.03,6778,8.2,275,4721,69.65
CONTI,SM,24-Jul-2026,10.9,10.9,10.9,10.45,10.45,10.45,10.6,9999,1.06,3,9999,100.00
CONTROLPR,EQ,24-Jul-2026,573.7,568.0,595.9,561.0,591.0,590.55,583.97,99847,583.08,6296,36866,36.92
COOLCAPS,ST,24-Jul-2026,20.6,20.6,20.85,20.05,20.25,20.15,20.23,30000,6.07,21,30000,100.00
CORALFINAC,EQ,24-Jul-2026,31.33,30.71,36.74,30.61,32.88,32.5,33.22,98092,32.59,898,29624,30.20
CORDELIA,EQ,24-Jul-2026,826.65,823.0,825.0,801.1,817.0,806.4,810.79,262312,2126.81,10465,75544,28.80
CORDSCABLE,BE,24-Jul-2026,203.32,203.0,207.34,201.01,204.0,203.66,203.47,2638,5.37,96,-,-
COROMANDEL,EQ,24-Jul-2026,2022.9,1980.1,1998.7,1955.0,1983.0,1980.8,1975.44,182304,3601.3,19252,105058,57.63
CORONA,EQ,24-Jul-2026,2029.7,2032.0,2120.9,2032.0,2105.4,2113.0,2093.77,61596,1289.68,9689,25192,40.90
COSMOFIRST,EQ,24-Jul-2026,877.55,877.55,886.3,862.0,873.5,881.0,877.1,98772,866.33,8220,57999,58.72
COUNCODOS,EQ,24-Jul-2026,6.52,6.65,6.65,6.25,6.39,6.4,6.38,81339,5.19,208,49449,60.79
CPCAP,BE,24-Jul-2026,109.27,108.1,110.0,107.1,108.26,108.49,108.58,18124,19.68,68,-,-
CPEDU,EQ,24-Jul-2026,187.95,186.9,190.9,181.1,186.3,186.47,186.83,2998,5.6,187,1883,62.81
CPL,EQ,24-Jul-2026,70.89,68.06,70.92,68.0,69.5,69.84,69.57,15889,11.05,280,10139,63.81
CPPLUS,EQ,24-Jul-2026,3612.6,3584.7,3598.0,3479.5,3514.9,3543.4,3521.0,150044,5283.04,16318,75579,50.37
CPSEETF,EQ,24-Jul-2026,96.75,96.75,96.85,95.85,96.28,96.23,96.26,470595,453.01,5201,280150,59.53
CRAFTSMAN,EQ,24-Jul-2026,9311.5,9226.0,9312.0,9113.5,9299.0,9284.0,9237.36,25045,2313.5,7013,10843,43.29
CRAMC,EQ,24-Jul-2026,266.02,264.89,264.89,256.55,259.82,259.95,259.97,962997,2503.47,23770,346405,35.97
CRAYONS,SM,24-Jul-2026,25.0,25.0,25.0,24.0,24.05,24.05,24.29,7000,1.7,6,7000,100.00
CREATIVEYE,EQ,24-Jul-2026,5.97,5.97,7.16,5.7,6.83,6.66,6.91,448979,31.03,773,132950,29.61
CREDITACC,EQ,24-Jul-2026,1503.5,1503.5,1522.0,1456.5,1518.6,1517.6,1504.13,335461,5045.77,30467,186377,55.56
CREST,EQ,24-Jul-2026,372.35,361.0,381.0,361.0,380.95,377.7,376.7,1826,6.88,98,1088,59.58
CRISIL,EQ,24-Jul-2026,4399.6,4401.8,4420.8,4261.1,4350.0,4347.2,4338.67,84133,3650.25,18901,24447,29.06
CRIZAC,EQ,24-Jul-2026,186.86,186.86,187.65,183.12,184.1,184.44,185.07,218551,404.47,5374,127094,58.15
CROMPTON,EQ,24-Jul-2026,252.45,249.55,251.45,240.2,251.0,250.15,246.47,4490954,11068.76,63701,1532897,34.13
CROWN,EQ,24-Jul-2026,121.01,121.0,121.0,112.8,114.9,114.38,115.99,50491,58.57,724,33352,66.06
CSBBANK,EQ,24-Jul-2026,338.15,335.3,342.2,331.45,339.0,340.9,336.83,366137,1233.26,14293,100200,27.37
CSLFINANCE,EQ,24-Jul-2026,213.64,216.79,216.85,211.49,213.0,213.84,212.95,10258,21.84,200,7461,72.73
CSM,EQ,24-Jul-2026,96.99,97.22,102.0,95.1,99.49,99.62,99.26,490228,486.58,3472,301470,61.50
CSSL,SM,24-Jul-2026,95.0,96.0,96.0,94.0,95.0,95.0,95.0,4000,3.8,4,3000,75.00
CTE,EQ,24-Jul-2026,31.35,31.35,32.17,30.7,31.89,31.5,31.22,4890,1.53,76,2236,45.73
CUB,EQ,24-Jul-2026,219.89,219.4,220.99,217.01,220.86,219.75,218.54,1635177,3573.53,35451,987359,60.38
CUBEINVIT,IV,24-Jul-2026,155.0,155.0,155.0,155.0,155.0,155.0,155.0,50000,77.5,2,50000,100.00
CUBEXTUB,EQ,24-Jul-2026,77.61,77.99,79.16,76.22,77.4,76.99,77.58,50374,39.08,1316,23174,46.00
CUDML,ST,24-Jul-2026,142.5,135.4,135.4,135.4,135.4,135.4,135.4,3000,4.06,3,3000,100.00
CUMMINSIND,EQ,24-Jul-2026,5599.0,5571.0,5652.5,5533.0,5602.0,5600.5,5607.21,290705,16300.44,28450,160282,55.14
CUPID,EQ,24-Jul-2026,208.52,208.72,213.99,206.09,213.5,213.43,211.97,25099817,53203.02,105277,7973289,31.77
CURAA,EQ,24-Jul-2026,69.46,70.8,72.0,65.11,65.15,71.37,70.72,406,0.29,26,301,74.14
CURIS,SM,24-Jul-2026,110.0,111.8,112.0,111.8,112.0,112.0,111.98,12000,13.44,4,12000,100.00
CYBERMEDIA,BE,24-Jul-2026,15.3,15.97,15.97,14.55,15.5,15.5,15.47,2372,0.37,26,-,-
CYBERTECH,BE,24-Jul-2026,143.09,146.24,147.0,140.87,142.0,141.94,143.33,20242,29.01,257,-,-
CYIENT,EQ,24-Jul-2026,830.65,834.95,873.0,814.45,836.0,840.05,841.8,2956680,24889.38,110818,558274,18.88
CYIENTDLM,EQ,24-Jul-2026,665.1,655.15,680.85,654.05,672.0,670.45,669.74,740669,4960.52,28673,197955,26.73
DABUR,EQ,24-Jul-2026,423.15,420.75,424.8,419.4,423.35,423.2,422.13,641619,2708.49,18351,265293,41.35
DAICHI,BE,24-Jul-2026,303.55,314.45,314.45,293.35,304.8,304.8,300.46,1967,5.91,53,-,-
DALBHARAT,EQ,24-Jul-2026,1854.7,1854.9,1872.1,1780.8,1805.0,1810.8,1822.99,1119018,20399.63,72414,480536,42.94
DALMIASUG,EQ,24-Jul-2026,363.1,360.5,364.0,356.3,363.0,361.95,359.9,46685,168.02,1798,14167,30.35
DAMCAPITAL,EQ,24-Jul-2026,157.6,155.51,159.98,153.61,158.5,157.88,156.77,324717,509.07,4211,127123,39.15
DAMODARIND,BE,24-Jul-2026,29.4,29.4,29.4,28.0,28.84,28.84,28.24,2136,0.6,26,-,-
DANGEE,EQ,24-Jul-2026,3.01,2.97,3.07,2.87,3.0,2.95,2.94,102415,3.02,155,63693,62.19
DANISH,SM,24-Jul-2026,832.75,834.0,837.85,811.0,823.05,823.75,825.04,16950,139.84,86,12750,75.22
DATAMATICS,EQ,24-Jul-2026,833.9,830.0,830.05,814.35,819.0,821.5,820.78,79520,652.68,4506,38217,48.06
DATAPATTNS,EQ,24-Jul-2026,4597.5,4540.0,4668.3,4421.2,4580.0,4584.5,4547.77,1344404,61140.46,108893,188602,14.03
DAVANGERE,EQ,24-Jul-2026,3.29,3.29,3.49,3.24,3.42,3.42,3.38,9880418,334.39,6308,4952357,50.12
DBCORP,EQ,24-Jul-2026,208.27,204.1,210.9,203.99,209.95,208.75,207.97,153203,318.62,4827,65603,42.82
DBEIL,BE,24-Jul-2026,7.18,7.23,7.53,7.1,7.28,7.42,7.33,202332,14.84,275,-,-
DBL,EQ,24-Jul-2026,386.8,386.0,433.75,381.55,420.7,420.25,416.06,17567771,73093.04,248919,592246,3.37
DBOL,EQ,24-Jul-2026,101.4,101.58,102.78,100.0,102.4,102.09,101.3,53471,54.17,528,30041,56.18
DBREALTY,BE,24-Jul-2026,112.32,113.0,113.99,110.15,112.01,112.5,111.79,358639,400.91,1160,-,-
DBSTOCKBRO,BE,24-Jul-2026,33.82,33.82,35.51,33.01,34.05,34.38,35.24,28090,9.9,80,-,-
DCAL,EQ,24-Jul-2026,179.24,178.19,184.6,176.1,183.9,183.58,180.79,136614,246.98,3554,68199,49.92
DCBBANK,EQ,24-Jul-2026,189.72,189.6,189.6,184.75,187.33,186.24,186.51,1034468,1929.37,22245,461607,44.62
DCCL,SM,24-Jul-2026,52.0,51.0,51.0,51.0,51.0,51.0,51.0,4000,2.04,2,4000,100.00
DCI,EQ,24-Jul-2026,273.4,278.9,290.8,271.05,287.25,287.85,281.35,28337,79.73,848,16353,57.71
DCM,BE,24-Jul-2026,88.29,88.73,89.8,88.0,89.0,88.9,88.88,1162,1.03,37,-,-
DCMFINSERV,BE,24-Jul-2026,5.07,5.07,5.07,4.82,5.02,5.02,4.88,24074,1.17,21,-,-
DCMNVL,BE,24-Jul-2026,147.35,147.35,147.35,140.0,146.98,143.53,142.33,22721,32.34,110,-,-
DCMSHRIRAM,EQ,24-Jul-2026,1008.8,1011.2,1018.9,992.6,1008.1,1005.8,1009.81,29673,299.64,4089,11310,38.12
DCMSIL,BE,24-Jul-2026,81.39,79.77,79.77,79.77,79.77,79.77,79.77,13232,10.56,59,-,-
DCMSRIND,EQ,24-Jul-2026,39.88,39.96,40.26,39.01,40.25,39.86,39.63,48418,19.19,856,21047,43.47
DCW,EQ,24-Jul-2026,45.66,45.66,46.45,44.7,46.38,46.23,45.6,633362,288.83,3105,194822,30.76
DCXINDIA,EQ,24-Jul-2026,179.81,178.0,181.9,175.65,180.7,180.68,179.43,429789,771.16,7877,169440,39.42
DDEVPLSTIK,EQ,24-Jul-2026,272.25,270.6,278.0,267.4,278.0,275.65,272.55,60174,164.0,2670,29199,48.52
DECCANCE,EQ,24-Jul-2026,559.85,562.05,564.4,550.3,555.0,553.65,556.24,8097,45.04,622,4910,60.64
DECCANTRAN,SM,24-Jul-2026,21.6,23.95,25.9,22.5,22.55,22.5,23.09,14400,3.32,11,10800,75.00
DECNGOLD,EQ,24-Jul-2026,193.93,191.51,195.49,187.3,195.0,194.52,191.49,940810,1801.57,11437,324175,34.46
DEEDEV,BE,24-Jul-2026,647.85,615.5,675.0,615.5,652.0,653.45,640.74,127992,820.09,1666,-,-
DEEM,ST,24-Jul-2026,50.05,48.1,51.0,48.1,51.0,51.0,49.55,2000,0.99,2,2000,100.00
DEEPAKFERT,EQ,24-Jul-2026,1580.3,1578.0,1589.5,1559.2,1570.0,1573.2,1572.49,119918,1885.7,10292,45887,38.27
DEEPAKNTR,EQ,24-Jul-2026,1653.8,1647.0,1663.5,1634.5,1651.0,1649.6,1650.37,91731,1513.9,11421,41559,45.31
DEEPINDS,EQ,24-Jul-2026,459.5,460.0,484.4,453.6,481.0,479.6,472.19,339272,1602.01,11980,167776,49.45
DEFENCE,EQ,24-Jul-2026,78.2,77.8,78.5,77.05,78.07,77.94,77.84,228626,177.96,690,178310,77.99
DELAPLEX,SM,24-Jul-2026,98.0,95.05,96.35,93.6,96.35,96.3,95.1,6600,6.28,9,4800,72.73
DELHIVERY,EQ,24-Jul-2026,465.45,463.0,466.8,458.15,462.7,462.55,462.36,2176831,10064.89,56922,977989,44.93
DELPHIFX,BE,24-Jul-2026,6.9,7.07,7.07,6.66,6.97,6.87,6.76,172151,11.63,246,-,-
DELTACORP,EQ,24-Jul-2026,62.53,62.2,63.43,61.53,62.91,62.99,62.38,621323,387.56,5272,238012,38.31
DELTAMAGNT,EQ,24-Jul-2026,57.31,58.9,58.9,55.0,55.5,55.83,55.57,8261,4.59,113,6471,78.33
DELTIC,ST,24-Jul-2026,36.25,34.55,36.8,34.55,36.8,36.8,36.11,8000,2.89,8,8000,100.00
DEN,EQ,24-Jul-2026,26.97,26.8,27.35,26.62,27.31,27.16,26.99,296792,80.1,1778,150136,50.59
DENEERS,SM,24-Jul-2026,183.95,181.05,195.0,181.05,195.0,194.65,189.23,15000,28.38,17,12600,84.00
DENORA,EQ,24-Jul-2026,867.35,863.0,867.9,846.45,867.0,852.55,857.08,2641,22.64,409,1759,66.60
DENTA,EQ,24-Jul-2026,330.7,329.9,340.0,323.3,336.6,336.65,331.97,209624,695.89,7135,75497,36.02
DENTALKART,SM,24-Jul-2026,420.9,401.8,428.0,401.8,428.0,425.45,417.17,3750,15.64,15,2750,73.33
DEVIT,EQ,24-Jul-2026,26.04,25.77,26.18,25.77,26.12,26.07,25.99,19467,5.06,161,16681,85.69
DEVX,EQ,24-Jul-2026,34.06,33.0,34.39,33.0,34.2,33.9,33.89,36936,12.52,232,32286,87.41
DEVYANI,EQ,24-Jul-2026,109.87,108.8,113.28,107.0,112.0,112.3,111.11,3027081,3363.44,28348,938410,31.00
DGCONTENT,EQ,24-Jul-2026,24.37,24.0,24.49,23.5,24.1,24.1,24.04,801,0.19,29,543,67.79
DHAMPURSUG,EQ,24-Jul-2026,142.18,142.0,142.99,139.5,142.99,142.12,141.03,109650,154.64,1680,42537,38.79
DHANBANK,EQ,24-Jul-2026,34.36,34.0,34.62,33.26,34.2,34.29,34.03,1076129,366.24,3691,385330,35.81
DHANLAXMI,SM,24-Jul-2026,23.5,24.5,24.5,23.6,24.25,24.25,24.21,8000,1.94,4,8000,100.00
DHANSA,ST,24-Jul-2026,21.5,20.5,20.7,20.5,20.65,20.65,20.57,10000,2.06,4,10000,100.00
DHANUKA,EQ,24-Jul-2026,1010.9,1010.9,1019.0,999.0,1018.9,1013.3,1008.93,15754,158.95,2472,7276,46.19
DHARAN,BZ,24-Jul-2026,0.15,0.15,0.16,0.15,0.16,0.15,0.15,21537850,32.51,807,-,-
DHARARAIL,ST,24-Jul-2026,128.75,123.25,130.0,123.25,130.0,130.0,126.05,7000,8.82,6,7000,100.00
DHARIWAL,SM,24-Jul-2026,32.5,32.0,32.8,31.4,32.8,32.8,31.89,42000,13.39,14,30000,71.43
DHARMAJ,EQ,24-Jul-2026,259.7,259.45,262.8,258.4,259.95,260.95,260.85,20361,53.11,571,16934,83.17
DHRUV,BE,24-Jul-2026,24.76,24.75,25.95,23.61,24.5,24.49,24.62,8719,2.15,50,-,-
DHUNINV,EQ,24-Jul-2026,890.8,895.25,895.25,850.0,861.0,864.7,866.54,734,6.36,96,484,65.94
DIACABS,EQ,24-Jul-2026,273.93,266.0,299.0,263.5,294.2,295.15,282.52,15515902,43835.91,127447,4425109,28.52
DIAMINESQ,EQ,24-Jul-2026,250.08,251.43,254.0,246.0,246.4,246.9,247.85,2085,5.17,137,1410,67.63
DIAMONDYD,EQ,24-Jul-2026,1114.7,1109.8,1120.9,1100.8,1106.0,1111.4,1111.02,4707,52.3,584,2248,47.76
DICIND,EQ,24-Jul-2026,509.15,516.95,521.0,512.0,512.0,517.5,517.81,4921,25.48,51,4494,91.32
DIFFNKG,EQ,24-Jul-2026,385.1,385.15,398.8,377.3,395.3,395.35,389.62,72764,283.51,2914,34447,47.34
DIGIDRIVE,EQ,24-Jul-2026,17.95,18.35,18.35,17.61,18.0,17.95,17.8,6128,1.09,92,5374,87.70
DIGIKORE,SM,24-Jul-2026,48.35,47.6,51.5,45.35,51.5,50.6,49.62,160400,79.59,203,123600,77.06
DIGISPICE,BE,24-Jul-2026,18.93,18.44,19.02,18.42,18.8,18.79,18.74,55769,10.45,176,-,-
DIGITIDE,EQ,24-Jul-2026,101.42,100.0,101.8,98.0,100.7,101.22,99.92,180485,180.34,3359,82392,45.65
DIGJAMLMTD,EQ,24-Jul-2026,42.0,42.42,43.77,40.01,40.25,40.4,41.05,27304,11.21,221,25388,92.98
DISAQ,EQ,24-Jul-2026,12099.0,12100.0,12169.0,11968.0,12150.0,12110.0,12075.29,659,79.58,581,38,5.77
DISHTV,BE,24-Jul-2026,2.82,2.83,2.85,2.75,2.85,2.82,2.79,660688,18.45,910,-,-
DIVGIITTS,EQ,24-Jul-2026,931.65,931.65,960.0,905.55,948.0,945.6,932.17,20676,192.73,2426,7483,36.19
DIVIDEND,EQ,24-Jul-2026,35.11,35.09,35.13,34.7,35.1,35.1,34.91,2094,0.73,82,2090,99.81
DIVINEHIRA,ST,24-Jul-2026,109.95,109.1,109.1,106.5,108.8,107.45,107.91,9600,10.36,8,6000,62.50
DIVISLAB,EQ,24-Jul-2026,7305.0,7230.0,7280.0,7177.0,7220.0,7248.5,7236.4,328948,23803.99,32645,196314,59.68
DIVOPPBEES,EQ,24-Jul-2026,76.77,75.43,78.13,75.23,78.13,77.01,76.21,39393,30.02,783,19299,48.99
DIVYADHAN,ST,24-Jul-2026,54.8,54.8,54.8,54.8,54.8,54.8,54.8,2000,1.1,1,2000,100.00
DIXON,EQ,24-Jul-2026,13829.0,13750.0,13898.0,13586.0,13878.0,13846.0,13731.13,278708,38269.75,47943,76145,27.32
DJML,EQ,24-Jul-2026,109.39,110.9,116.0,108.66,111.5,114.39,113.53,389557,442.26,5973,62658,16.08
DLF,EQ,24-Jul-2026,642.2,639.15,648.65,630.6,646.0,645.2,639.77,2002254,12809.73,39103,624802,31.20
DLINKINDIA,EQ,24-Jul-2026,440.8,435.05,454.9,433.3,453.8,452.2,446.9,173007,773.16,5477,45735,26.44
DMART,EQ,24-Jul-2026,4035.0,4010.0,4074.8,3990.0,4020.0,4018.8,4023.7,332480,13377.99,35585,138975,41.80
DMCC,EQ,24-Jul-2026,262.85,263.0,280.0,258.3,274.45,272.75,268.81,56294,151.32,2068,23193,41.20
DNAMEDIA,EQ,24-Jul-2026,2.78,2.78,2.81,2.72,2.8,2.79,2.76,7249,0.2,49,6558,90.47
DODLA,EQ,24-Jul-2026,1037.3,1030.0,1070.0,1024.6,1070.0,1061.2,1045.24,19101,199.65,3247,7451,39.01
DOLATALGO,EQ,24-Jul-2026,68.29,68.2,70.0,67.22,70.0,68.76,67.96,114290,77.67,1429,81657,71.45
DOLLAR,EQ,24-Jul-2026,252.35,251.0,258.65,248.05,256.9,258.0,255.89,290796,744.13,5759,193071,66.39
DOLLEX,SM,24-Jul-2026,30.35,28.5,30.25,28.5,30.2,29.65,29.65,12000,3.56,3,8000,66.67
DOLPHIN,EQ,24-Jul-2026,397.0,408.0,408.0,369.25,376.0,376.95,383.92,45492,174.65,1770,17076,37.54
DOMS,EQ,24-Jul-2026,2230.1,2201.5,2241.1,2201.5,2238.0,2221.0,2220.55,49967,1109.54,7568,34678,69.40
DONEAR,EQ,24-Jul-2026,84.37,82.66,87.3,82.66,86.79,85.79,84.82,12348,10.47,260,6806,55.12
DPABHUSHAN,EQ,24-Jul-2026,1350.15,1349.0,1361.65,1307.15,1342.0,1328.05,1325.79,43366,574.94,3362,15561,35.88
DPEL,SM,24-Jul-2026,569.5,572.0,572.85,557.15,564.2,565.8,565.47,26000,147.02,48,16500,63.46
DPSCLTD,BE,24-Jul-2026,7.21,7.27,7.28,7.0,7.22,7.17,7.14,65707,4.69,416,-,-
DPWIRES,BE,24-Jul-2026,165.21,164.85,166.6,160.3,164.11,165.18,164.12,6172,10.13,134,-,-
DRAGARWQ,EQ,24-Jul-2026,5016.5,5034.5,5034.5,4957.0,5000.0,5021.5,5002.08,164,8.2,94,115,70.12
DRCSYSTEMS,EQ,24-Jul-2026,13.42,13.42,13.54,13.07,13.54,13.41,13.31,23967,3.19,151,16991,70.89
DREAMFOLKS,EQ,24-Jul-2026,66.79,66.5,68.25,65.5,67.0,67.03,66.64,34364,22.9,763,19701,57.33
DREDGECORP,EQ,24-Jul-2026,984.6,981.5,1010.9,961.5,1003.9,1003.3,987.11,133976,1322.5,8288,34984,26.11
DRONE,ST,24-Jul-2026,39.25,40.7,40.8,39.9,39.9,39.9,40.35,14000,5.65,27,14000,100.00
DRREDDY,EQ,24-Jul-2026,1166.3,1147.0,1166.3,1131.4,1153.0,1151.7,1146.8,4750512,54478.82,123522,2668305,56.17
DSFCL,BE,24-Jul-2026,28.5,27.93,27.93,27.93,27.93,27.93,27.93,10722,2.99,31,-,-
DSSL,EQ,24-Jul-2026,1181.6,1170.0,1240.6,1160.0,1240.6,1240.6,1205.53,34008,409.98,2712,21517,63.27
DTIL,EQ,24-Jul-2026,133.17,133.17,134.69,130.24,134.0,132.36,131.52,3115,4.1,134,2157,69.25
DUCOL,SM,24-Jul-2026,108.45,106.0,108.9,106.0,108.9,108.9,107.9,2400,2.59,3,2400,100.00
DUCON,EQ,24-Jul-2026,3.0,3.0,3.03,2.81,3.03,3.01,2.98,129876,3.88,279,101342,78.03
DUGLOBAL,ST,24-Jul-2026,27.5,26.55,27.8,26.15,26.15,26.55,26.24,60000,15.75,17,52500,87.50
DURLAX,ST,24-Jul-2026,50.8,51.45,52.9,50.2,50.2,50.2,51.04,26000,13.27,13,22000,84.62
DVL,EQ,24-Jul-2026,242.86,243.95,245.85,239.77,245.85,243.97,242.6,6245,15.15,237,3700,59.25
DWARKESH,EQ,24-Jul-2026,42.43,42.43,43.65,41.36,43.54,43.31,42.59,510306,217.36,2978,231497,45.36
DYCL,EQ,24-Jul-2026,406.0,400.85,425.0,397.0,402.85,402.4,409.58,1153622,4725.05,24832,227553,19.73
DYNAMATECH,EQ,24-Jul-2026,10181.0,10100.0,10497.0,10100.0,10472.0,10458.0,10348.13,8615,891.49,3102,3298,38.28
DYNAMIC,ST,24-Jul-2026,147.55,142.55,142.55,140.6,140.6,140.6,141.23,6000,8.47,12,6000,100.00
DYNPRO,EQ,24-Jul-2026,234.08,235.15,237.44,230.25,233.0,231.33,233.21,3465,8.08,237,1256,36.25
E2E,EQ,24-Jul-2026,492.1,509.0,516.7,492.1,516.7,516.7,513.45,7140040,36660.25,27917,2730593,38.24
E2ERAIL,ST,24-Jul-2026,254.05,245.1,266.75,245.1,262.0,262.05,261.76,58400,152.87,61,50400,86.30
EASEMYTRIP,EQ,24-Jul-2026,6.84,6.8,6.85,6.73,6.83,6.83,6.79,8679182,589.34,5705,3923995,45.21
EASTSILK,BE,24-Jul-2026,53.58,52.25,55.25,51.96,55.25,55.19,54.72,1462,0.8,26,-,-
EBANKNIFTY,EQ,24-Jul-2026,56.91,56.5,57.46,56.5,57.37,57.37,57.2,1804,1.03,39,1631,90.41
EBBETF0430,EQ,24-Jul-2026,1603.33,1603.33,1607.21,1601.52,1606.0,1606.02,1605.74,21472,344.78,244,20659,96.21
EBBETF0431,EQ,24-Jul-2026,1436.76,1432.04,1441.0,1432.03,1438.0,1439.92,1436.69,2671,38.37,69,2404,90.00
EBBETF0433,EQ,24-Jul-2026,1315.9,1316.8,1317.0,1309.99,1310.01,1310.61,1312.64,2701,35.45,114,1668,61.75
EBGNG,EQ,24-Jul-2026,545.1,535.0,572.35,535.0,572.35,572.35,558.65,593781,3317.18,19052,332838,56.05
ECAPINSURE,EQ,24-Jul-2026,23.67,23.56,23.74,23.32,23.68,23.64,23.55,44248,10.42,354,22633,51.15
ECLERX,EQ,24-Jul-2026,1889.4,1880.5,1898.6,1811.0,1865.0,1861.5,1848.89,205758,3804.25,23659,75904,36.89
ECOLINE,ST,24-Jul-2026,199.0,201.0,204.0,193.0,195.0,195.0,199.29,7000,13.95,7,7000,100.00
ECOSMOBLTY,BE,24-Jul-2026,127.12,125.02,129.0,123.1,128.6,126.9,126.29,31563,39.86,337,-,-
EDELWEISS,EQ,24-Jul-2026,116.09,115.5,117.7,114.0,116.55,117.02,115.54,1777040,2053.22,16902,796183,44.80
EEPL,SM,24-Jul-2026,100.35,100.15,100.6,98.3,100.6,100.6,99.89,15000,14.98,14,12000,80.00
EFACTOR,SM,24-Jul-2026,162.0,161.95,173.2,161.95,173.2,173.2,166.94,10800,18.03,22,8400,77.78
EFCIL,EQ,24-Jul-2026,196.19,193.5,196.97,190.0,196.4,195.3,194.45,177306,344.76,2822,110303,62.21
EFFWA,ST,24-Jul-2026,379.35,370.1,384.9,361.0,381.0,381.75,375.39,13200,49.55,29,11200,84.85
EFORCE,SM,24-Jul-2026,21.35,21.4,21.4,20.3,21.25,21.25,21.19,9600,2.03,6,8400,87.50
EGOLD,EQ,24-Jul-2026,143.4,143.0,143.1,141.0,143.0,142.55,142.16,42479,60.39,440,12521,29.48
EICHERMOT,EQ,24-Jul-2026,7721.5,7710.0,7710.0,7575.0,7648.0,7628.0,7622.28,409577,31219.11,43113,254598,62.16
EIDPARRY,EQ,24-Jul-2026,759.15,752.0,766.15,750.25,760.0,758.0,758.07,128554,974.53,9309,60545,47.10
EIEL,EQ,24-Jul-2026,217.62,217.61,221.4,212.11,220.45,220.16,217.22,1653480,3591.75,15953,624803,37.79
EIFFL,BE,24-Jul-2026,317.2,317.5,329.0,317.0,320.0,320.0,319.28,3541,11.31,37,-,-
EIHAHOTELS,EQ,24-Jul-2026,308.75,311.8,313.7,302.65,313.7,310.9,308.43,16640,51.32,1629,7740,46.51
EIHOTEL,EQ,24-Jul-2026,321.35,319.0,328.95,317.0,325.0,326.4,322.56,156876,506.02,6747,64853,41.34
EIMCOELECO,EQ,24-Jul-2026,1792.2,1792.3,1800.9,1746.0,1792.0,1789.2,1770.23,14969,264.99,2084,6807,45.47
EKC,EQ,24-Jul-2026,108.89,108.88,109.9,106.45,109.0,108.76,107.87,181134,195.38,2318,91815,50.69
ELANTAS,EQ,24-Jul-2026,9250.0,9197.0,9357.0,9197.0,9290.0,9266.0,9299.42,762,70.86,296,411,53.94
ELCIDIN,EQ,24-Jul-2026,110100.0,111000.0,111000.0,109500.0,109500.0,109500.0,110196.88,8,8.82,7,7,87.50
ELDEHSG,EQ,24-Jul-2026,783.15,807.0,807.0,770.1,778.3,778.3,789.66,402,3.17,76,245,60.95
ELECON,EQ,24-Jul-2026,433.0,427.0,431.7,419.2,423.15,421.65,423.11,859460,3636.46,31260,531367,61.83
ELECTCAST,EQ,24-Jul-2026,70.43,70.39,72.5,69.52,72.1,72.1,71.1,1439547,1023.5,11350,742290,51.56
ELECTHERM,EQ,24-Jul-2026,997.4,1029.0,1097.1,990.1,1011.0,1008.2,1044.28,55825,582.97,4280,15077,27.01
ELGIEQUIP,EQ,24-Jul-2026,586.05,578.0,581.95,568.1,576.0,577.3,575.0,173421,997.17,10006,91530,52.78
ELGIRUBCO,EQ,24-Jul-2026,56.16,55.7,56.18,54.1,54.45,54.58,55.03,41186,22.66,686,25493,61.90
ELGNZ,SM,24-Jul-2026,102.0,101.45,106.0,100.0,105.0,104.75,104.14,18000,18.75,16,16000,88.89
ELIN,EQ,24-Jul-2026,100.49,100.06,101.88,98.1,101.2,101.13,100.14,163777,164.01,1920,63284,38.64
ELIQUID,EQ,24-Jul-2026,1040.49,1040.89,1040.91,1040.89,1040.91,1040.9,1040.89,168927,1758.35,34,163927,97.04
ELITECON,EQ,24-Jul-2026,16.07,16.32,16.66,15.3,15.47,15.51,15.88,4787316,760.28,8958,2601812,54.35
ELLEN,EQ,24-Jul-2026,277.9,277.9,284.9,273.0,280.2,281.2,280.15,192997,540.67,5984,86302,44.72
ELM250,EQ,24-Jul-2026,16.31,16.39,16.4,16.22,16.39,16.38,16.31,25068,4.09,176,21731,86.69
ELPROINTL,EQ,24-Jul-2026,175.02,175.0,177.2,174.5,176.5,176.52,176.04,74371,130.92,505,65219,87.69
EMAMILTD,EQ,24-Jul-2026,416.25,412.65,414.85,406.3,408.2,407.9,409.66,694321,2844.36,19317,461919,66.53
EMAMIPAP,EQ,24-Jul-2026,122.88,120.0,122.47,117.1,118.0,118.18,119.87,280286,335.99,4909,153429,54.74
EMAMIREAL,BE,24-Jul-2026,80.62,80.49,80.5,78.26,80.5,79.92,79.8,2425,1.94,54,-,-
EMAPARTNER,SM,24-Jul-2026,82.0,79.5,80.55,79.5,80.55,80.55,79.76,4000,3.19,2,4000,100.00
EMBASSY,RR,24-Jul-2026,442.79,440.0,444.0,437.02,438.7,437.98,439.33,567063,2491.28,27302,487226,85.92
EMBDL,EQ,24-Jul-2026,61.43,61.3,62.1,60.01,61.35,61.21,60.99,1775065,1082.53,14428,732515,41.27
EMCURE,EQ,24-Jul-2026,1869.5,1864.2,1892.0,1855.4,1883.0,1881.0,1872.89,58594,1097.4,9262,28594,48.80
EMIL,EQ,24-Jul-2026,127.86,127.85,130.13,125.6,129.6,129.64,128.07,490978,628.78,7824,258133,52.58
EMKAY,EQ,24-Jul-2026,235.65,232.0,244.9,231.05,240.1,239.5,237.75,32291,76.77,2077,14497,44.89
EMKAYTOOLS,SM,24-Jul-2026,94.5,91.35,91.35,91.35,91.35,91.35,91.35,150,0.14,1,150,100.00
EMMBI,BE,24-Jul-2026,90.78,86.5,89.87,86.5,87.51,87.53,87.39,2656,2.32,39,-,-
EMMIL,SM,24-Jul-2026,121.0,122.8,122.85,120.0,121.0,121.75,121.92,3250,3.96,8,2750,84.62
EMMVEE,EQ,24-Jul-2026,319.75,317.75,332.25,314.15,330.9,331.0,325.26,2762319,8984.74,39865,1059622,38.36
EMPOWER,BE,24-Jul-2026,2.34,2.35,2.4,2.35,2.39,2.38,2.36,3972351,93.92,1539,-,-
EMSLIMITED,EQ,24-Jul-2026,406.35,401.1,406.7,391.55,406.0,403.3,399.75,314326,1256.52,9145,97651,31.07
EMUDHRA,EQ,24-Jul-2026,457.7,455.4,465.9,448.45,453.1,455.75,456.29,137001,625.12,4356,89704,65.48
EMULTIMQ,EQ,24-Jul-2026,40.84,40.76,41.88,40.28,41.88,40.76,40.48,61477,24.89,234,53541,87.09
ENCOMPAS,SM,24-Jul-2026,242.6,237.0,240.15,214.9,216.8,217.1,220.35,80800,178.04,145,49200,60.89
ENDURANCE,EQ,24-Jul-2026,2720.3,2688.0,2688.0,2548.6,2630.0,2634.0,2605.73,369867,9637.72,49189,180282,48.74
ENERGY,EQ,24-Jul-2026,39.21,39.0,39.18,38.76,39.09,39.06,39.02,291022,113.57,918,259770,89.26
ENERGYDEV,EQ,24-Jul-2026,16.83,16.45,17.95,16.45,17.2,17.45,17.27,62692,10.82,358,41762,66.61
ENEXT50,EQ,24-Jul-2026,71.82,71.82,71.82,70.62,71.72,71.72,71.76,4025,2.89,9,3951,98.16
ENGINERSIN,EQ,24-Jul-2026,224.25,223.14,226.6,219.44,225.2,225.21,223.12,856408,1910.86,16064,332398,38.81
ENIFTY,EQ,24-Jul-2026,24.04,24.04,24.04,23.82,23.99,23.99,23.96,914,0.22,35,218,23.85
ENIL,EQ,24-Jul-2026,106.55,107.07,107.49,105.5,105.95,105.63,105.94,6311,6.69,221,4592,72.76
ENRIN,EQ,24-Jul-2026,3326.8,3290.1,3301.0,3225.0,3245.0,3240.2,3257.38,338787,11035.58,31616,156901,46.31
ENSER,SM,24-Jul-2026,12.8,13.3,14.0,12.55,14.0,13.65,13.47,90000,12.12,17,85000,94.44
ENTERO,EQ,24-Jul-2026,1206.7,1183.0,1235.1,1183.0,1230.0,1229.6,1222.19,67396,823.71,6213,38517,57.15
ENVIRO,SM,24-Jul-2026,77.05,77.05,77.5,77.05,77.05,77.25,77.15,9000,6.94,7,9000,100.00
EPACK,EQ,24-Jul-2026,231.0,227.3,235.55,227.1,234.6,234.57,231.48,268101,620.6,5161,102520,38.24
EPACKPEB,EQ,24-Jul-2026,243.08,240.8,255.12,237.75,251.75,251.92,248.77,768123,1910.88,14464,205627,26.77
EPIGRAL,EQ,24-Jul-2026,1152.0,1156.0,1214.0,1139.1,1163.0,1162.7,1183.54,301772,3571.58,20886,88773,29.42
EPL,EQ,24-Jul-2026,233.04,231.26,234.2,221.98,230.95,233.06,229.03,1019639,2335.25,18241,490191,48.07
EPWINDIA,ST,24-Jul-2026,260.0,272.9,273.0,260.0,260.0,260.0,267.25,4800,12.83,4,4800,100.00
EQUAL200,EQ,24-Jul-2026,13.64,13.58,13.65,13.5,13.65,13.63,13.54,4010,0.54,44,3910,97.51
EQUAL50,EQ,24-Jul-2026,329.52,327.81,328.5,326.5,328.41,328.36,328.02,1376,4.51,29,1372,99.71
EQUAL50ADD,EQ,24-Jul-2026,340.71,339.95,340.5,337.48,340.5,339.64,339.38,21133,71.72,254,19355,91.59
EQUIPPP,BE,24-Jul-2026,24.23,23.81,24.68,23.8,24.0,24.01,23.87,5021,1.2,22,-,-
EQUITASBNK,EQ,24-Jul-2026,78.42,77.99,78.8,76.55,78.25,78.34,77.6,1477032,1146.21,16550,625504,42.35
ERIS,EQ,24-Jul-2026,1395.6,1375.1,1409.0,1373.0,1399.7,1400.6,1394.11,39620,552.34,8841,19984,50.44
ESABINDIA,EQ,24-Jul-2026,5725.5,5723.0,5740.0,5633.0,5669.0,5649.5,5684.53,4389,249.49,1150,2673,60.90
ESAFSFB,EQ,24-Jul-2026,35.55,35.77,39.0,35.12,38.69,38.69,37.8,11588732,4380.31,37213,3083202,26.61
ESCONET,SM,24-Jul-2026,139.55,135.0,138.0,132.0,136.5,136.5,135.62,7600,10.31,19,6000,78.95
ESCORTS,EQ,24-Jul-2026,2907.1,2900.0,2923.7,2880.0,2911.0,2905.1,2901.62,100725,2922.65,17763,64287,63.82
ESENSEX,EQ,24-Jul-2026,76.58,76.69,76.93,76.21,76.83,76.72,76.57,403,0.31,29,357,88.59
ESFL,SM,24-Jul-2026,130.05,136.55,136.55,130.0,136.55,136.55,136.44,81360,111.0,86,70920,87.17
ESG,EQ,24-Jul-2026,41.0,40.86,41.08,40.62,41.04,40.97,40.82,9419,3.85,102,6022,63.93
ESILVER,EQ,24-Jul-2026,220.19,218.51,220.58,215.7,220.58,219.61,217.74,57750,125.75,1350,19547,33.85
ESPRIT,SM,24-Jul-2026,58.5,57.5,59.0,57.0,57.0,57.0,57.72,9600,5.54,6,6400,66.67
ESSARSHPNG,EQ,24-Jul-2026,20.03,20.5,20.5,19.61,20.3,20.17,19.96,100904,20.14,714,65038,64.46
ESSENTIA,BE,24-Jul-2026,1.13,1.13,1.13,1.11,1.12,1.11,1.12,1061001,11.87,564,-,-
ESTER,EQ,24-Jul-2026,89.01,89.2,90.55,87.82,89.0,88.53,88.63,41113,36.44,915,21898,53.26
ETERNAL,EQ,24-Jul-2026,287.1,285.0,285.0,276.55,280.0,280.0,279.88,37050034,103695.94,199520,16744791,45.20
ETHOSLTD,EQ,24-Jul-2026,2574.4,2565.0,2600.0,2527.7,2565.0,2562.8,2562.39,13096,335.57,3363,4650,35.51
ETL,SM,24-Jul-2026,1000.0,1000.0,1000.0,970.0,970.0,970.0,980.0,600,5.88,4,600,100.00
ETML,SM,24-Jul-2026,87.85,85.0,87.0,81.4,84.85,84.9,83.97,51600,43.33,26,42000,81.40
EUREKAFORB,EQ,24-Jul-2026,433.65,430.0,434.75,424.9,432.0,432.15,429.67,110367,474.22,11233,66069,59.86
EUROBOND,EQ,24-Jul-2026,160.77,165.0,165.0,151.5,161.51,161.61,159.78,7550,12.06,287,5604,74.23
EUROPRATIK,EQ,24-Jul-2026,296.75,295.3,304.45,291.1,304.45,301.65,297.34,164872,490.23,3699,32768,19.87
EUROTEXIND,BE,24-Jul-2026,12.8,12.86,13.44,12.2,12.2,12.2,12.25,237,0.03,5,-,-
EVEREADY,EQ,24-Jul-2026,352.35,350.0,358.6,343.55,356.0,357.0,351.88,74671,262.75,2581,30150,40.38
EVERESTIND,BE,24-Jul-2026,500.95,505.0,525.95,500.0,525.95,524.25,515.48,37815,194.93,471,-,-
EVIETF,EQ,24-Jul-2026,31.77,31.77,31.84,31.3,31.84,31.74,31.66,92817,29.38,522,44133,47.55
EVINDIA,EQ,24-Jul-2026,31.76,32.4,33.0,31.33,31.79,31.9,31.6,166314,52.56,1574,105187,63.25
EXCELINDUS,EQ,24-Jul-2026,914.35,911.35,945.25,907.0,939.25,932.15,932.91,10520,98.14,600,6667,63.37
EXCELLENT,ST,24-Jul-2026,212.9,210.0,210.0,207.1,208.0,208.0,208.05,6400,13.32,4,6400,100.00
EXCELSOFT,EQ,24-Jul-2026,74.54,73.77,75.0,73.12,74.99,74.38,73.94,251103,185.65,1900,108293,43.13
EXICOM,EQ,24-Jul-2026,161.48,158.99,162.5,155.2,160.99,160.3,158.98,1677455,2666.82,12899,521705,31.10
EXIDEIND,EQ,24-Jul-2026,439.75,435.05,448.15,435.05,439.8,443.0,442.1,7333676,32421.9,62097,3636090,49.58
EXIMROUTES,SM,24-Jul-2026,114.0,111.0,112.0,111.0,112.0,112.0,111.5,1600,1.78,2,1600,100.00
EXPLEOSOL,EQ,24-Jul-2026,814.1,811.0,814.8,796.0,802.0,801.55,802.97,15810,126.95,1494,10294,65.11
EXXARO,EQ,24-Jul-2026,6.26,6.26,6.76,6.2,6.65,6.54,6.5,1259542,81.93,1267,781362,62.04
FABTECH,EQ,24-Jul-2026,148.6,150.0,153.5,146.6,151.0,149.73,149.38,192898,288.14,3231,97133,50.35
FACT,EQ,24-Jul-2026,805.75,805.0,814.8,789.1,812.0,809.3,799.42,109204,873.0,7915,29564,27.07
FAIRCHEMOR,BE,24-Jul-2026,772.9,776.75,797.0,745.3,770.0,768.1,765.26,9242,70.72,626,-,-
FALCONTECH,SM,24-Jul-2026,10.75,11.55,11.55,10.65,11.4,11.3,11.15,16800,1.87,12,9600,57.14
FAZE3Q,EQ,24-Jul-2026,545.0,545.6,553.85,532.65,551.0,546.95,543.17,7488,40.67,515,3835,51.22
FCL,EQ,24-Jul-2026,41.91,43.4,43.4,39.02,39.49,39.59,40.5,35167975,14243.62,64397,10302746,29.30
FCSSOFT,BE,24-Jul-2026,1.55,1.55,1.59,1.49,1.56,1.55,1.54,620262,9.53,779,-,-
FDC,EQ,24-Jul-2026,401.25,399.5,416.05,397.05,415.0,412.95,408.16,96778,395.01,4968,58944,60.91
FEDDERSHOL,EQ,24-Jul-2026,47.87,47.0,47.94,45.25,45.5,45.64,46.1,2141017,986.92,6848,784352,36.63
FEDERALBNK,EQ,24-Jul-2026,354.4,352.1,354.9,349.9,354.6,354.3,352.23,3590425,12646.71,57571,2071204,57.69
FEDFINA,EQ,24-Jul-2026,150.26,149.82,151.37,147.4,150.2,150.53,149.5,798404,1193.6,10795,343221,42.99
FEL,BZ,24-Jul-2026,0.37,0.38,0.38,0.36,0.38,0.37,0.37,278707,1.03,87,-,-
FELDVR,BZ,24-Jul-2026,2.48,2.6,2.6,2.36,2.49,2.49,2.38,6232,0.15,18,-,-
FELIX,SM,24-Jul-2026,179.0,177.8,180.0,175.1,180.0,178.95,177.52,23500,41.72,39,12000,51.06
FERMENTA,EQ,24-Jul-2026,401.0,399.8,435.4,395.15,433.0,432.05,422.99,213384,902.58,8824,84972,39.82
FIBERWEB,EQ,24-Jul-2026,30.15,29.2,30.88,29.2,30.77,30.43,29.84,21174,6.32,195,14684,69.35
FICRF3GP,MF,24-Jul-2026,349.0,379.0,379.0,379.0,379.0,379.0,379.0,1,0.0,1,1,100.00
FIDEL,SM,24-Jul-2026,153.55,153.55,153.55,152.0,152.0,152.0,152.78,2000,3.06,2,2000,100.00
FIEMIND,EQ,24-Jul-2026,2354.1,2329.6,2340.0,2299.9,2339.9,2331.9,2328.11,36394,847.29,7806,18665,51.29
FILATEX,EQ,24-Jul-2026,72.0,71.51,77.54,70.54,74.1,73.83,75.03,20405543,15309.37,83339,3552863,17.41
FILATFASH,BE,24-Jul-2026,0.18,0.19,0.19,0.18,0.19,0.18,0.19,8552671,15.97,1524,-,-
FINBUD,SM,24-Jul-2026,117.2,117.2,126.5,113.15,125.8,125.6,121.89,38000,46.32,37,30000,78.95
FINCABLES,EQ,24-Jul-2026,977.8,974.0,1005.0,956.2,1000.0,998.9,983.89,328672,3233.78,24397,117611,35.78
FINEORG,EQ,24-Jul-2026,4745.5,4745.5,4850.0,4692.0,4803.0,4828.5,4782.06,7556,361.33,2637,3340,44.20
FINIETF,EQ,24-Jul-2026,32.04,31.99,32.13,31.6,32.13,32.01,31.82,320595,102.02,1506,218406,68.13
FINKURVE,EQ,24-Jul-2026,62.83,63.99,64.39,61.64,62.03,62.15,62.18,11910,7.41,321,5927,49.76
FINOPB,EQ,24-Jul-2026,170.04,167.79,168.44,163.07,167.4,167.06,165.91,1195595,1983.65,11068,138024,11.54
FINPIPE,EQ,24-Jul-2026,159.93,159.5,164.4,158.0,164.0,163.67,162.42,746248,1212.04,28683,339583,45.51
FIRSTCRY,EQ,24-Jul-2026,209.34,209.0,209.49,205.02,208.7,208.3,207.36,348144,721.91,7241,100094,28.75
FISCHER,EQ,24-Jul-2026,39.03,38.16,39.48,37.71,37.9,37.94,38.38,2182724,837.82,2772,377681,17.30
FIVESTAR,EQ,24-Jul-2026,534.3,535.2,538.0,520.5,535.3,535.2,531.89,495386,2634.93,19845,258812,52.24
FLAIR,EQ,24-Jul-2026,245.55,245.55,254.75,242.9,252.85,252.5,249.82,78394,195.84,1859,36611,46.70
FLEXIADD,EQ,24-Jul-2026,9.9,10.1,10.1,9.82,9.9,9.92,9.89,70558,6.98,224,42312,59.97
FLEXITUFF,BE,24-Jul-2026,4.81,4.79,4.89,4.57,4.58,4.58,4.59,42914,1.97,94,-,-
FLFL,BZ,24-Jul-2026,1.37,1.38,1.43,1.31,1.43,1.4,1.36,35448,0.48,61,-,-
FLUOROCHEM,EQ,24-Jul-2026,4577.2,4527.3,4600.1,4470.0,4600.1,4573.7,4541.06,97679,4435.66,12818,46078,47.17
FLYSBS,SM,24-Jul-2026,462.4,461.0,470.0,453.25,466.3,466.65,462.27,17800,82.28,72,13200,74.16
FMCGADD,EQ,24-Jul-2026,49.26,49.15,49.35,49.05,49.35,49.25,49.2,6909,3.4,25,5523,79.94
FMCGIETF,EQ,24-Jul-2026,52.72,52.5,52.89,52.31,52.8,52.69,52.67,419687,221.04,2378,237064,56.49
FMGOETZE,EQ,24-Jul-2026,479.05,476.7,480.0,472.0,478.2,478.85,476.56,28932,137.88,1167,19271,66.61
FMNL,BE,24-Jul-2026,9.53,10.0,10.0,9.06,9.44,9.21,9.12,86699,7.91,138,-,-
FOCE,SM,24-Jul-2026,605.0,599.0,599.0,599.0,599.0,599.0,599.0,240,1.44,1,240,100.00
FOCUS,BE,24-Jul-2026,72.52,71.0,74.8,71.0,71.2,72.23,72.43,16008,11.59,114,-,-
FONEBOX,SM,24-Jul-2026,82.0,82.0,82.0,82.0,82.0,82.0,82.0,4000,3.28,4,4000,100.00
FOODSIN,EQ,24-Jul-2026,55.24,55.87,55.87,53.85,55.05,55.05,54.76,71555,39.18,984,41421,57.89
FORCAS,SM,24-Jul-2026,168.7,168.7,172.9,168.5,172.9,172.55,171.15,38400,65.72,24,24000,62.50
FORCEMOT,EQ,24-Jul-2026,17410.0,17400.0,17880.0,17172.0,17614.0,17620.0,17639.7,112140,19781.16,30357,21805,19.44
FORTIS,EQ,24-Jul-2026,943.65,940.0,951.05,927.7,946.0,948.7,942.38,503448,4744.41,16635,258535,51.35
FOSECOIND,EQ,24-Jul-2026,5032.0,5000.0,5138.0,4962.5,5036.0,5048.0,5063.6,2042,103.4,524,982,48.09
FRACTAL,EQ,24-Jul-2026,861.45,829.0,844.8,778.0,783.8,786.75,804.7,1291231,10390.55,63217,677953,52.50
FRESHARA,SM,24-Jul-2026,328.5,327.85,339.9,323.0,339.8,337.55,332.23,57600,191.36,70,33600,58.33
FROG,ST,24-Jul-2026,207.45,211.5,211.55,211.4,211.4,211.4,211.52,32000,67.69,45,32000,100.00
FRONTSP,EQ,24-Jul-2026,1350.1,1340.0,1358.5,1309.1,1330.0,1328.8,1332.15,18339,244.3,2411,10275,56.03
FSL,EQ,24-Jul-2026,255.94,253.0,257.5,251.1,253.02,253.58,253.89,710618,1804.21,18315,270109,38.01
FUSION,EQ,24-Jul-2026,221.27,217.0,221.25,208.65,215.0,216.48,214.27,481999,1032.79,10693,213870,44.37
FWSTC,SM,24-Jul-2026,195.0,195.25,201.0,190.0,200.0,200.0,199.82,213000,425.62,147,195600,91.83
GABRIEL,EQ,24-Jul-2026,1377.7,1375.0,1386.9,1335.1,1364.0,1363.5,1357.59,376116,5106.11,23451,115945,30.83
GAEL,EQ,24-Jul-2026,139.14,138.95,152.89,137.7,151.86,151.64,148.99,9152593,13636.1,71693,2196008,23.99
GAIL,EQ,24-Jul-2026,171.99,171.14,171.18,167.27,170.0,170.02,169.84,5814293,9874.88,32969,3188276,54.84
GALAPREC,EQ,24-Jul-2026,1158.2,1157.8,1158.9,1126.0,1148.0,1146.3,1142.21,22954,262.18,2191,12402,54.03
GALAXYSURF,EQ,24-Jul-2026,1928.3,1916.0,1955.0,1914.0,1929.1,1945.0,1930.99,5547,107.11,659,3888,70.09
GALLANTT,EQ,24-Jul-2026,537.75,537.0,549.9,513.1,521.0,521.2,527.45,652399,3441.05,15338,267458,41.00
GANDHAR,EQ,24-Jul-2026,281.95,290.25,303.17,275.53,280.65,282.46,288.96,35869266,103647.66,325614,3899388,10.87
GANDHITUBE,EQ,24-Jul-2026,870.75,870.0,875.0,863.05,865.25,868.0,869.98,6814,59.28,314,4777,70.11
GANECOS,EQ,24-Jul-2026,1194.75,1188.0,1214.7,1158.3,1212.0,1209.4,1189.76,102377,1218.04,7230,46320,45.24
GANESHBE,EQ,24-Jul-2026,113.61,113.0,114.22,109.1,112.14,111.41,111.61,376242,419.93,5335,152544,40.54
GANESHCP,EQ,24-Jul-2026,170.57,171.83,175.19,169.31,172.0,171.84,172.64,77531,133.85,2360,40658,52.44
GANESHHOU,EQ,24-Jul-2026,808.4,790.3,818.9,785.25,805.0,799.4,796.79,45945,366.08,3712,19535,42.52
GANESHIN,ST,24-Jul-2026,102.6,102.0,102.6,97.5,97.5,97.5,99.24,34400,34.14,37,34400,100.00
GANGABATH,SM,24-Jul-2026,21.95,21.5,21.95,21.2,21.55,21.55,21.51,21000,4.52,7,18000,85.71
GANGAFORGE,BE,24-Jul-2026,1.75,1.67,1.67,1.67,1.67,1.67,1.67,2448338,40.89,4191,-,-
GANGESSECU,EQ,24-Jul-2026,116.19,115.0,117.0,114.1,116.9,116.24,116.76,963,1.12,32,786,81.62
GARFIBRES,EQ,24-Jul-2026,746.25,741.0,751.0,737.05,747.2,748.45,746.81,19880,148.47,2543,9808,49.34
GARUDA,EQ,24-Jul-2026,172.72,170.0,175.01,168.56,175.0,174.69,171.68,151770,260.56,3111,61998,40.85
GATECH,EQ,24-Jul-2026,0.49,0.5,0.5,0.48,0.49,0.48,0.49,2248348,10.99,646,1440762,64.08
GATECHDVR,EQ,24-Jul-2026,0.45,0.46,0.46,0.43,0.45,0.43,0.44,356125,1.57,151,267892,75.22
GATEWAY,EQ,24-Jul-2026,57.09,56.96,57.0,56.0,56.4,56.38,56.37,689650,388.78,11143,432753,62.75
GAUDIUMIVF,BE,24-Jul-2026,155.0,151.9,151.9,151.9,151.9,151.9,151.9,9485,14.41,163,-,-
GAYAHWS,EQ,24-Jul-2026,1.89,1.89,1.92,1.83,1.9,1.88,1.87,60814,1.14,202,45603,74.99
GAYAPROJ,BE,24-Jul-2026,20.58,20.5,21.49,19.9,20.7,20.73,20.52,322983,66.28,1114,-,-
GCHOTELS,ST,24-Jul-2026,113.1,111.5,116.5,107.45,116.0,116.0,111.51,26400,29.44,29,22200,84.09
GCSL,EQ,24-Jul-2026,521.05,518.4,534.0,510.75,529.3,531.0,518.8,714401,3706.34,8155,248057,34.72
GEECEE,BE,24-Jul-2026,346.0,346.0,346.0,330.75,345.6,334.15,338.8,4061,13.76,33,-,-
GEEKAYWIRE,EQ,24-Jul-2026,23.81,24.0,24.63,23.65,23.76,23.79,24.01,152037,36.5,2020,21237,13.97
GEMAROMA,EQ,24-Jul-2026,177.53,176.0,179.55,174.61,179.55,178.1,177.18,50103,88.77,1438,25190,50.28
GENCON,EQ,24-Jul-2026,40.88,40.58,42.0,39.68,42.0,40.52,40.13,241553,96.94,2025,11331,4.69
GENESYS,EQ,24-Jul-2026,298.95,289.0,303.0,289.0,299.0,297.7,296.21,210547,623.65,7465,61691,29.30
GENUSPAPER,EQ,24-Jul-2026,12.22,12.1,12.27,11.8,11.9,11.92,12.0,62817,7.54,287,46592,74.17
GENUSPOWER,EQ,24-Jul-2026,313.85,310.0,316.55,307.0,316.4,315.6,312.06,1076880,3360.54,16567,416979,38.72
GENXAI,SM,24-Jul-2026,69.2,70.6,71.75,69.0,71.45,70.7,70.5,25200,17.77,20,15600,61.90
GEOJITFSL,EQ,24-Jul-2026,78.65,77.7,78.44,75.0,76.3,76.15,76.13,471512,358.96,5013,222409,47.17
GESHIP,EQ,24-Jul-2026,1441.9,1448.0,1449.0,1419.3,1430.3,1437.9,1430.92,188630,2699.15,15775,80302,42.57
GFLLIMITED,EQ,24-Jul-2026,44.92,44.92,46.3,44.01,45.53,45.95,45.25,34190,15.47,912,20459,59.84
GGBL,SM,24-Jul-2026,258.1,255.0,264.2,253.2,264.2,262.8,257.69,17700,45.61,57,11700,66.10
GHCL,EQ,24-Jul-2026,429.5,430.5,438.0,427.1,433.5,436.2,432.32,123167,532.47,3001,72511,58.87
GHCLTEXTIL,EQ,24-Jul-2026,114.98,114.4,117.0,112.34,115.1,115.82,114.78,458966,526.81,5963,222980,48.58
GICHSGFIN,EQ,24-Jul-2026,147.19,146.22,147.48,144.42,147.4,146.87,146.04,74492,108.79,1504,45079,60.52
GICL,EQ,24-Jul-2026,16.26,16.11,16.88,16.11,16.88,16.72,16.53,88413,14.61,339,68526,77.51
GICRE,EQ,24-Jul-2026,359.85,356.55,359.9,356.5,357.7,357.5,357.82,188457,674.34,5327,92113,48.88
GILLANDERS,EQ,24-Jul-2026,87.0,86.2,88.22,86.0,86.36,87.98,86.65,650,0.56,18,620,95.38
GILLETTE,EQ,24-Jul-2026,7787.0,7780.5,7855.0,7730.0,7845.0,7828.5,7798.82,7271,567.05,3109,3212,44.18
GILT10BETA,EQ,24-Jul-2026,26.44,26.57,26.72,26.27,26.72,26.69,26.5,8727,2.31,11,4640,53.17
GILT5BETA,EQ,24-Jul-2026,66.11,66.3,66.68,66.3,66.67,66.67,66.67,179,0.12,8,179,100.00
GILT5YBEES,EQ,24-Jul-2026,65.8,65.8,66.16,65.76,65.84,65.88,65.87,59103,38.93,350,42261,71.50
GINNIFILA,BE,24-Jul-2026,47.02,46.26,47.73,45.1,47.39,47.06,46.0,70379,32.38,231,-,-
GIPCL,EQ,24-Jul-2026,156.77,155.5,157.93,154.06,157.65,157.23,156.16,86967,135.81,1809,40427,46.49
GIRIRAJ,SM,24-Jul-2026,90.25,88.25,88.25,85.75,85.75,85.75,86.08,15750,13.56,54,10500,66.67
GJL,ST,24-Jul-2026,153.0,159.0,160.65,159.0,160.0,160.0,159.49,24800,39.55,11,24800,100.00
GKENERGY,EQ,24-Jul-2026,136.04,135.5,137.0,132.3,136.51,136.14,135.09,283084,382.42,4367,133426,47.13
GKSL,EQ,24-Jul-2026,127.3,127.0,129.25,126.7,127.99,128.2,127.95,73624,94.2,1595,36069,48.99
GKWLIMITED,EQ,24-Jul-2026,1685.0,1685.0,1685.0,1620.1,1637.0,1640.7,1643.86,907,14.91,66,721,79.49
GLAND,EQ,24-Jul-2026,2377.7,2379.0,2415.0,2366.2,2388.0,2379.8,2385.8,156545,3734.85,21468,65427,41.79
GLAXO,EQ,24-Jul-2026,2495.0,2490.2,2525.8,2455.0,2519.0,2514.3,2492.82,63793,1590.24,16875,32816,51.44
GLENMARK,EQ,24-Jul-2026,2205.1,2182.0,2248.8,2182.0,2214.5,2192.0,2193.32,429562,9421.67,15211,273549,63.68
GLFL,BE,24-Jul-2026,5.01,5.01,5.01,5.01,5.01,5.01,5.01,3772,0.19,7,-,-
GLOBAL,EQ,24-Jul-2026,102.77,100.0,102.99,100.0,102.0,101.99,101.77,10617,10.8,170,7245,68.24
GLOBALE,BE,24-Jul-2026,10.9,10.99,10.99,10.9,10.9,10.9,10.97,77,0.01,5,-,-
GLOBALVECT,EQ,24-Jul-2026,150.32,147.9,151.61,147.9,148.3,148.95,149.45,3031,4.53,230,1806,59.58
GLOBE,EQ,24-Jul-2026,2.13,2.09,2.16,2.09,2.15,2.14,2.13,97937,2.09,128,73256,74.80
GLOBECIVIL,BE,24-Jul-2026,40.05,40.0,40.0,39.02,39.79,39.25,39.39,13205,5.2,128,-,-
GLOBUSSPR,EQ,24-Jul-2026,860.7,860.7,884.75,853.05,872.0,880.45,874.55,84956,742.99,6610,39148,46.08
GLOSTERLTD,EQ,24-Jul-2026,675.45,675.0,688.3,665.0,686.75,683.65,679.5,3581,24.33,378,1848,51.61
GLOTTIS,BE,24-Jul-2026,67.23,65.6,67.13,65.54,66.95,66.73,66.64,38225,25.47,247,-,-
GMBREW,EQ,24-Jul-2026,904.3,900.0,908.75,892.0,904.9,904.45,900.06,22393,201.55,1903,12746,56.92
GMDCLTD,EQ,24-Jul-2026,562.95,558.0,564.9,551.0,561.0,562.55,558.16,664245,3707.56,19389,234497,35.30
GML,SM,24-Jul-2026,17.6,17.6,17.6,17.6,17.6,17.6,17.6,2000,0.35,1,2000,100.00
GMMPFAUDLR,EQ,24-Jul-2026,796.5,791.0,817.0,786.15,814.0,808.05,801.67,92348,740.33,5666,49620,53.73
GMRAIRPORT,EQ,24-Jul-2026,107.37,106.7,107.39,105.55,107.3,107.12,106.49,7913951,8427.28,32519,4029185,50.91
GMRP&UI,EQ,24-Jul-2026,99.71,99.0,99.01,96.72,98.3,97.59,97.46,457033,445.43,5062,186602,40.83
GNA,EQ,24-Jul-2026,500.75,500.0,512.75,485.25,512.5,507.0,496.34,334580,1660.65,10284,119965,35.86
GNFC,EQ,24-Jul-2026,497.45,494.45,506.05,492.1,503.0,503.05,498.17,141290,703.87,9889,56731,40.15
GNRL,EQ,24-Jul-2026,91.88,90.5,94.0,88.2,93.9,92.53,90.87,86374,78.49,1671,20922,24.22
GOACARBON,EQ,24-Jul-2026,380.0,372.0,388.0,371.15,375.0,375.65,378.36,33188,125.57,1354,7342,22.12
GOCLCORP,EQ,24-Jul-2026,390.8,389.0,398.95,385.0,397.1,396.55,392.64,42185,165.64,1896,21159,50.16
GOCOLORS,EQ,24-Jul-2026,320.8,325.0,327.0,317.05,326.6,324.15,321.78,173267,557.55,4358,40657,23.46
GODAVARIB,EQ,24-Jul-2026,275.9,274.95,280.2,271.85,279.5,278.9,277.02,82909,229.67,2411,46982,56.67
GODFRYPHLP,EQ,24-Jul-2026,2046.5,2038.0,2140.0,2027.4,2131.0,2129.6,2089.54,408425,8534.22,28665,107730,26.38
GODIGIT,EQ,24-Jul-2026,280.85,271.35,274.9,253.0,256.0,256.2,259.79,4579160,11896.08,78918,1635950,35.73
GODREJAGRO,EQ,24-Jul-2026,561.2,562.05,577.85,556.5,573.8,573.6,568.55,111216,632.32,8738,45967,41.33
GODREJCP,EQ,24-Jul-2026,1058.6,1050.5,1066.2,1044.9,1063.0,1059.5,1058.8,413015,4372.99,21305,219192,53.07
GODREJIND,EQ,24-Jul-2026,1345.6,1345.0,1345.0,1309.8,1328.0,1332.2,1327.34,60119,797.98,8691,24585,40.89
GODREJPROP,EQ,24-Jul-2026,2041.0,2018.0,2104.4,1965.2,2050.3,2028.7,2022.25,569927,11525.34,25125,251318,44.10
GOKEX,EQ,24-Jul-2026,795.05,797.3,834.0,788.05,831.0,830.5,814.98,356788,2907.74,18736,122099,34.22
GOKUL,EQ,24-Jul-2026,39.8,39.01,39.98,39.01,39.33,39.28,39.45,131415,51.85,413,18577,14.14
GOKULAGRO,EQ,24-Jul-2026,209.11,209.0,212.92,207.21,211.8,209.93,209.56,201648,422.57,4342,64294,31.88
GOLD1,EQ,24-Jul-2026,119.96,119.1,119.1,117.63,119.04,118.72,118.53,5078016,6018.99,7090,3812619,75.08
GOLD360,EQ,24-Jul-2026,140.15,143.65,143.65,137.6,139.8,139.3,138.71,4149,5.75,195,1828,44.06
GOLDADD,EQ,24-Jul-2026,139.63,137.8,138.98,137.15,138.42,138.61,138.02,103983,143.52,2075,31595,30.38
GOLDAXIS,EQ,24-Jul-2026,119.6,119.0,119.0,117.3,118.7,118.7,117.84,2946927,3472.65,5568,1732968,58.81
GOLDBEES,EQ,24-Jul-2026,118.69,118.7,119.88,116.75,118.06,117.91,117.3,25412327,29808.5,78465,12827140,50.48
GOLDBETA,EQ,24-Jul-2026,120.9,123.9,123.9,118.15,120.3,120.05,119.52,334067,399.26,2433,174091,52.11
GOLDBND,EQ,24-Jul-2026,143.25,143.25,143.25,141.0,143.05,142.5,142.02,37361,53.06,537,34900,93.41
GOLDCASE,EQ,24-Jul-2026,22.58,22.47,23.0,22.08,22.48,22.44,22.32,8766720,1956.88,9065,2926068,33.38
GOLDENTOBC,BZ,24-Jul-2026,24.98,24.5,24.98,23.75,24.48,24.03,24.6,3387,0.83,26,-,-
GOLDETF,EQ,24-Jul-2026,139.7,138.93,140.01,137.12,138.92,138.89,138.55,2443785,3385.78,5770,1588858,65.02
GOLDIAM,EQ,24-Jul-2026,347.05,347.0,352.0,335.0,349.95,349.5,344.41,572301,1971.05,13254,181467,31.71
GOLDIETF,EQ,24-Jul-2026,122.91,122.9,123.6,120.84,122.26,122.05,121.59,6017381,7316.42,29801,3011095,50.04
GOLDSTAR,SM,24-Jul-2026,7.05,7.0,7.0,6.85,6.85,6.85,6.93,22500,1.56,2,11250,50.00
GOLDTECH,BE,24-Jul-2026,59.57,59.51,61.9,57.65,59.4,58.72,59.48,18396,10.94,214,-,-
GOODLUCK,EQ,24-Jul-2026,1525.6,1518.0,1534.6,1488.2,1512.2,1511.6,1511.1,93900,1418.92,10813,47558,50.65
GOODYEAR,EQ,24-Jul-2026,824.8,820.0,829.95,818.25,821.55,822.85,823.07,8423,69.33,630,4754,56.44
GOPAL,EQ,24-Jul-2026,258.4,258.0,260.0,257.0,258.0,258.25,258.2,134381,346.97,3478,72561,54.00
GOYALALUM,EQ,24-Jul-2026,6.48,6.48,6.69,6.4,6.57,6.54,6.54,42753,2.8,297,32598,76.25
GPECO,ST,24-Jul-2026,420.1,420.05,425.0,418.0,423.0,421.05,421.62,9200,38.79,38,8200,89.13
GPIL,EQ,24-Jul-2026,241.25,241.5,243.25,237.1,241.25,240.15,240.12,574648,1379.85,11757,258141,44.92
GPPL,EQ,24-Jul-2026,147.14,147.0,149.6,146.6,149.36,149.23,148.42,896015,1329.82,24040,433925,48.43
GPTHEALTH,EQ,24-Jul-2026,156.75,156.77,164.69,154.7,160.0,159.64,161.51,519007,838.27,9908,175491,33.81
GPTINFRA,EQ,24-Jul-2026,114.24,114.5,117.8,112.64,117.8,116.41,114.22,34480,39.38,740,18021,52.27
GRADIENTE,BE,24-Jul-2026,2.69,2.56,2.75,2.56,2.65,2.64,2.59,492667,12.77,325,-,-
GRANDOAK,EQ,24-Jul-2026,38.09,37.53,38.89,36.88,37.96,37.48,37.73,8868,3.35,92,5080,57.28
GRANULES,EQ,24-Jul-2026,852.55,846.0,856.9,830.75,835.0,833.55,842.21,870853,7334.38,41851,515133,59.15
GRAPHISAD,SM,24-Jul-2026,30.0,29.0,29.0,29.0,29.0,29.0,29.0,1200,0.35,1,1200,100.00
GRAPHITE,EQ,24-Jul-2026,657.9,657.05,687.5,653.9,670.35,672.75,675.57,4550797,30743.74,93542,655672,14.41
GRASIM,EQ,24-Jul-2026,3113.0,3100.0,3100.0,3066.4,3093.1,3089.4,3083.45,341560,10531.83,32955,198482,58.11
GRAUWEIL,EQ,24-Jul-2026,73.79,72.72,74.9,72.72,74.0,73.97,73.61,111702,82.22,2079,63444,56.80
GRAVISSHO,EQ,24-Jul-2026,29.0,29.7,30.55,29.05,30.55,30.55,29.91,36,0.01,5,36,100.00
GRAVITA,EQ,24-Jul-2026,1755.7,1745.1,1782.9,1713.8,1768.1,1775.7,1751.05,138494,2425.1,17897,63109,45.57
GRCL,ST,24-Jul-2026,607.4,596.0,596.0,596.0,596.0,596.0,596.0,250,1.49,1,250,100.00
GREAVESCOT,EQ,24-Jul-2026,237.17,236.9,248.61,231.55,245.9,246.32,241.35,1981826,4783.18,32027,613089,30.94
GREENCHEF,SM,24-Jul-2026,47.0,47.1,47.1,47.1,47.1,47.1,47.1,800,0.38,1,800,100.00
GREENLAM,EQ,24-Jul-2026,241.85,241.0,258.4,238.4,256.55,256.0,252.7,425580,1075.42,12151,91243,21.44
GREENLEAF,ST,24-Jul-2026,100.0,101.45,105.0,101.45,105.0,105.0,102.93,14000,14.41,14,13000,92.86
GREENPANEL,EQ,24-Jul-2026,193.34,192.4,194.99,189.3,194.82,194.24,191.87,87815,168.49,3746,55915,63.67
GREENPLY,EQ,24-Jul-2026,321.15,324.9,327.9,293.1,294.0,298.15,302.55,1587525,4803.12,41692,361823,22.79
GREENPOWER,EQ,24-Jul-2026,9.9,9.9,10.16,9.76,10.03,10.03,9.98,3075678,306.82,5219,886261,28.82
GRINDWELL,EQ,24-Jul-2026,2004.0,1990.0,2043.4,1984.8,2017.8,2011.6,2010.17,90565,1820.51,16881,27031,29.85
GRINFRA,EQ,24-Jul-2026,871.0,860.0,878.0,860.0,878.0,869.85,868.49,8665,75.25,1102,4975,57.41
GRMOVER,EQ,24-Jul-2026,89.87,89.02,91.0,88.35,90.5,90.2,89.35,152553,136.31,11290,56608,37.11
GROBTEA,EQ,24-Jul-2026,887.75,899.8,899.8,883.0,899.8,899.8,886.63,19,0.17,8,12,63.16
GROWW,EQ,24-Jul-2026,202.5,202.5,204.98,200.25,202.45,202.15,202.66,17472638,35410.03,94221,8118863,46.47
GROWWCAPM,EQ,24-Jul-2026,11.15,11.15,11.49,10.94,11.49,11.19,11.06,436977,48.35,1112,326354,74.68
GROWWCHEM,EQ,24-Jul-2026,30.15,30.35,30.35,29.78,30.01,30.01,30.04,29289,8.8,254,23403,79.90
GROWWDEFNC,EQ,24-Jul-2026,94.1,94.1,94.1,92.52,93.78,93.47,93.17,196393,182.98,2712,78856,40.15
GROWWEV,EQ,24-Jul-2026,31.56,31.68,31.8,31.18,31.4,31.64,31.48,196088,61.72,1566,79138,40.36
GROWWGOLD,EQ,24-Jul-2026,14.02,14.02,14.02,13.8,13.97,13.93,13.88,1655256,229.8,3515,705409,42.62
GROWWHOSPI,EQ,24-Jul-2026,53.55,53.33,53.82,52.8,53.55,53.52,53.33,313009,166.92,993,257865,82.38
GROWWLIQID,EQ,24-Jul-2026,110.02,110.06,110.08,110.04,110.07,110.07,110.08,201889,222.23,217,153934,76.25
GROWWLOVOL,EQ,24-Jul-2026,10.38,10.33,10.45,10.29,10.4,10.35,10.36,18549,1.92,100,10234,55.17
GROWWMC150,EQ,24-Jul-2026,228.72,230.91,230.91,223.86,226.79,227.37,226.53,1998,4.53,47,1170,58.56
GROWWMETAL,EQ,24-Jul-2026,11.86,11.7,11.98,11.6,11.87,11.84,11.8,396225,46.77,1865,175701,44.34
GROWWMOM50,EQ,24-Jul-2026,10.62,10.69,10.69,10.43,10.55,10.53,10.5,218078,22.91,529,164169,75.28
GROWWN200,EQ,24-Jul-2026,11.25,11.35,11.35,11.1,11.35,11.23,11.16,78967,8.81,270,74787,94.71
GROWWNET,EQ,24-Jul-2026,9.75,9.85,9.91,9.47,9.65,9.64,9.61,263419,25.32,813,161851,61.44
GROWWNIFTY,EQ,24-Jul-2026,9.63,9.87,9.87,9.55,9.63,9.61,9.59,803104,77.01,2929,536923,66.86
GROWWNXT50,EQ,24-Jul-2026,72.47,72.6,72.6,71.4,72.5,72.22,71.93,6343,4.56,112,3245,51.16
GROWWPOWER,EQ,24-Jul-2026,11.73,12.02,12.02,11.55,11.85,11.67,11.65,2374289,276.67,2999,1255053,52.86
GROWWPSE,EQ,24-Jul-2026,100.25,98.25,100.19,98.25,100.14,100.06,99.9,1986,1.98,40,1415,71.25
GROWWPSUBK,EQ,24-Jul-2026,82.97,81.31,84.47,81.31,84.0,84.05,83.23,13646,11.36,127,3242,23.76
GROWWRAIL,EQ,24-Jul-2026,28.51,28.51,28.69,28.22,28.64,28.63,28.48,441783,125.81,2094,250166,56.63
GROWWRLTY,EQ,24-Jul-2026,9.92,10.1,10.1,9.7,9.92,9.88,9.82,151268,14.86,631,91442,60.45
GROWWSC250,EQ,24-Jul-2026,10.21,10.21,10.28,10.02,10.19,10.17,10.12,81613,8.26,585,70831,86.79
GROWWSLVR,EQ,24-Jul-2026,21.63,21.22,21.65,21.16,21.64,21.59,21.41,1793121,383.92,2074,344909,19.24
GRPLTD,EQ,24-Jul-2026,1972.6,2071.0,2071.0,1963.0,2013.0,2007.5,2015.4,20374,410.62,2805,6926,33.99
GRSE,EQ,24-Jul-2026,2574.4,2551.0,2587.5,2535.5,2578.9,2565.8,2559.12,284650,7284.54,19750,102483,36.00
GRWRHITECH,EQ,24-Jul-2026,6846.0,6806.0,6928.0,6745.0,6928.0,6903.0,6846.55,32473,2223.28,8044,17923,55.19
GSEC10IETF,EQ,24-Jul-2026,262.78,262.25,262.25,262.25,262.25,262.25,262.25,800,2.1,1,800,100.00
GSEC10YEAR,EQ,24-Jul-2026,30.6,30.54,30.54,30.21,30.44,30.44,30.24,6855,2.07,20,6840,99.78
GSEC5IETF,EQ,24-Jul-2026,66.19,66.29,66.29,65.65,66.17,66.15,65.93,2860,1.89,32,1686,58.95
GSFC,EQ,24-Jul-2026,154.6,154.0,155.25,152.61,154.11,154.56,153.94,482121,742.17,7986,231896,48.10
GSLSU,EQ,24-Jul-2026,26.68,28.01,28.01,27.0,28.01,28.01,27.88,162986,45.44,631,87980,53.98
GSMFOILS,SM,24-Jul-2026,271.55,255.0,280.0,255.0,272.5,277.5,265.13,72500,192.22,124,42500,58.62
GSPCROP,EQ,24-Jul-2026,546.2,546.8,557.95,525.05,530.0,530.5,536.72,246804,1324.65,9992,66374,26.89
GSS,EQ,24-Jul-2026,12.28,12.27,12.27,11.9,11.97,12.11,12.04,63182,7.61,105,61592,97.48
GSTL,SM,24-Jul-2026,18.95,18.15,18.15,18.05,18.05,18.05,18.09,6000,1.09,6,6000,100.00
GTECJAINX,BE,24-Jul-2026,29.22,29.22,29.22,28.64,28.64,28.64,29.18,2687,0.78,17,-,-
GTL,EQ,24-Jul-2026,7.15,7.1,7.21,7.09,7.15,7.17,7.14,162450,11.59,526,124685,76.75
GTLINFRA,EQ,24-Jul-2026,1.21,1.2,1.24,1.18,1.23,1.22,1.21,27434475,330.59,11220,14123918,51.48
GTPL,EQ,24-Jul-2026,59.3,60.0,62.25,58.5,62.25,60.68,60.05,29652,17.81,1518,11805,39.81
GUFICBIO,EQ,24-Jul-2026,377.15,379.25,384.0,362.5,382.4,378.85,375.9,47082,176.98,2349,28251,60.00
GUJALKALI,EQ,24-Jul-2026,644.0,708.4,708.4,667.1,672.9,674.8,690.03,940628,6490.62,19334,235633,25.05
GUJAPOLLO,EQ,24-Jul-2026,345.35,348.0,369.0,338.05,365.0,364.35,358.04,10722,38.39,561,6726,62.73
GUJENERGY,EQ,24-Jul-2026,263.15,262.95,267.45,261.25,265.35,265.45,264.38,535428,1415.57,28656,307154,57.37
GUJRAFFIA,EQ,24-Jul-2026,39.92,38.2,40.78,38.2,40.75,40.56,40.49,1674,0.68,39,1150,68.70
GUJTHEM,EQ,24-Jul-2026,356.3,352.0,361.2,347.0,360.95,360.5,353.59,32351,114.39,1335,16649,51.46
GULFOILLUB,EQ,24-Jul-2026,1035.7,1038.0,1038.0,1012.0,1020.0,1015.7,1020.34,28916,295.04,4767,12931,44.72
GULFPETRO,BE,24-Jul-2026,41.22,41.22,43.28,39.25,43.28,43.28,42.28,320256,135.42,785,-,-
GULPOLY,EQ,24-Jul-2026,186.57,189.0,196.9,186.0,195.26,195.12,191.33,583164,1115.76,8342,187291,32.12
GURUNANAK,ST,24-Jul-2026,41.0,41.0,41.0,38.95,38.95,38.95,39.4,11200,4.41,6,11200,100.00
GVKPIL,BE,24-Jul-2026,2.45,2.45,2.45,2.41,2.43,2.43,2.43,479001,11.62,634,-,-
GVPIL,EQ,24-Jul-2026,776.95,772.1,808.0,772.1,803.25,800.7,793.07,171723,1361.89,7388,82241,47.89
GVPTECH,EQ,24-Jul-2026,6.67,6.48,6.82,6.48,6.77,6.75,6.7,19723,1.32,154,11095,56.25
GVT&D,EQ,24-Jul-2026,4328.5,4330.0,4334.0,4115.6,4211.0,4157.4,4189.57,1388191,58159.3,74921,815920,58.78
GYFTR,EQ,24-Jul-2026,149.83,149.13,151.99,147.7,148.82,149.51,150.23,32578,48.94,995,4206,12.91
HAL,EQ,24-Jul-2026,4592.5,4550.1,4598.7,4519.0,4572.0,4573.4,4563.57,467141,21318.32,36674,213266,45.65
HALDER,EQ,24-Jul-2026,232.52,231.82,235.8,230.58,235.8,234.54,232.12,30553,70.92,267,4730,15.48
HALDYNGL,BE,24-Jul-2026,122.53,120.02,125.0,117.63,119.65,118.96,121.02,39521,47.83,278,-,-
HALEOSLABS,EQ,24-Jul-2026,1552.3,1605.0,1605.0,1530.3,1531.2,1538.4,1571.15,1088,17.09,216,600,55.15
HAPPSTMNDS,EQ,24-Jul-2026,365.75,364.0,374.65,353.8,373.0,372.55,367.99,594661,2188.28,16403,188205,31.65
HAPPY,ST,24-Jul-2026,62.45,63.5,63.5,60.0,62.0,62.25,61.23,46000,28.17,23,42000,91.30
HAPPYFORGE,EQ,24-Jul-2026,1588.4,1597.9,1630.9,1569.3,1619.9,1615.5,1612.59,57255,923.29,9402,26974,47.11
HARDWYN,EQ,24-Jul-2026,15.62,15.7,16.45,14.06,16.0,15.82,15.48,2748495,425.43,5629,1259805,45.84
HARIOMPIPE,EQ,24-Jul-2026,382.6,382.6,396.0,378.0,396.0,391.8,386.46,129838,501.77,3936,42865,33.01
HARRMALAYA,EQ,24-Jul-2026,221.66,219.57,220.39,216.5,218.0,216.96,217.93,7419,16.17,365,4398,59.28
HARSHA,EQ,24-Jul-2026,403.65,402.15,417.8,395.0,411.0,405.65,408.41,247324,1010.09,8030,85882,34.72
HATHWAY,EQ,24-Jul-2026,10.64,10.51,10.84,10.51,10.78,10.76,10.63,1159488,123.3,2844,562630,48.52
HATSUN,EQ,24-Jul-2026,875.55,877.6,891.75,871.7,887.9,886.85,880.24,27878,245.39,3656,14467,51.89
HAVELLS,EQ,24-Jul-2026,1209.9,1201.1,1239.5,1195.8,1230.0,1226.9,1226.03,1065814,13067.15,36977,406853,38.17
HAVISHA,EQ,24-Jul-2026,1.23,1.26,1.26,1.18,1.24,1.23,1.21,21708,0.26,78,17488,80.56
HAWKINCOOK,EQ,24-Jul-2026,8451.5,8415.0,8820.0,8220.5,8790.0,8704.0,8515.25,1974,168.09,647,1013,51.32
HBESD,EQ,24-Jul-2026,77.68,77.95,77.95,73.5,75.99,74.01,74.24,2633,1.95,51,2329,88.45
HBLENGINE,EQ,24-Jul-2026,704.95,701.5,704.95,685.2,700.3,698.6,694.01,1005133,6975.72,34900,448204,44.59
HBSL,BE,24-Jul-2026,47.21,49.2,49.57,48.01,49.57,49.56,48.78,4962,2.42,81,-,-
HCC,EQ,24-Jul-2026,21.44,21.16,21.7,20.92,21.55,21.43,21.37,27590434,5896.22,34938,10754618,38.98
HCG,EQ,24-Jul-2026,669.9,674.8,675.0,660.65,667.0,666.55,666.79,54767,365.18,6940,29621,54.09
HCL-INSYS,EQ,24-Jul-2026,11.47,11.6,11.6,11.28,11.42,11.34,11.36,130081,14.78,659,88414,67.97
HCLTECH,EQ,24-Jul-2026,1244.7,1237.0,1276.0,1236.6,1269.0,1271.0,1260.48,3674904,46321.42,97009,1323533,36.02
HDBFS,EQ,24-Jul-2026,692.2,690.05,693.8,682.0,690.0,691.5,689.89,439241,3030.28,37589,278001,63.29
HDFCAMC,EQ,24-Jul-2026,2508.7,2499.9,2530.6,2468.5,2509.3,2505.7,2508.51,717284,17993.14,62302,382303,53.30
HDFCBANK,EQ,24-Jul-2026,747.25,738.5,748.25,737.25,743.5,742.8,742.56,23837859,177010.8,385478,15523990,65.12
HDFCBSE500,EQ,24-Jul-2026,36.99,37.48,37.5,36.52,37.44,37.0,36.92,321946,118.87,305,236010,73.31
HDFCGOLD,EQ,24-Jul-2026,122.68,124.0,125.74,120.1,121.99,121.79,121.2,1769262,2144.37,11714,854699,48.31
HDFCGROWTH,EQ,24-Jul-2026,116.58,115.86,116.27,115.1,115.71,115.89,115.7,15718,18.19,188,7066,44.95
HDFCLIFE,EQ,24-Jul-2026,550.95,548.0,556.75,547.2,555.8,555.05,553.73,1354038,7497.78,32358,559288,41.31
HDFCLIQUID,EQ,24-Jul-2026,1070.48,1070.33,1070.93,1070.33,1070.93,1070.92,1070.84,3584,38.38,35,2676,74.67
HDFCLOWVOL,EQ,24-Jul-2026,20.56,20.55,20.58,20.45,20.53,20.53,20.51,2818,0.58,49,1418,50.32
HDFCMID150,EQ,24-Jul-2026,22.99,23.11,23.2,22.7,23.2,22.99,22.86,391555,89.5,1579,204151,52.14
HDFCMOMENT,EQ,24-Jul-2026,30.55,30.46,30.6,30.14,30.6,30.38,30.29,194758,58.99,759,92942,47.72
HDFCNEXT50,EQ,24-Jul-2026,73.32,73.01,73.48,72.27,73.38,73.33,72.87,235060,171.28,783,145117,61.74
HDFCNIF100,EQ,24-Jul-2026,25.77,25.59,25.77,25.51,25.51,25.64,25.65,239728,61.49,297,215188,89.76
HDFCNIFBAN,EQ,24-Jul-2026,58.33,58.33,58.56,57.74,58.3,58.45,57.94,266470,154.39,1675,211562,79.39
HDFCNIFIT,EQ,24-Jul-2026,30.48,30.4,31.0,30.13,31.0,30.8,30.63,2766747,847.53,1039,2571950,92.96
HDFCNIFTY,EQ,24-Jul-2026,268.89,268.35,268.62,266.22,268.62,268.19,267.41,127256,340.3,1004,65819,51.72
HDFCPSUBK,EQ,24-Jul-2026,84.07,83.33,85.95,83.21,85.95,84.63,83.95,127518,107.05,325,62745,49.20
HDFCPVTBAN,EQ,24-Jul-2026,27.83,27.59,29.3,27.53,29.0,27.86,27.82,741547,206.3,548,599138,80.80
HDFCQUAL,EQ,24-Jul-2026,57.61,57.22,57.8,57.1,57.8,57.45,57.29,10659,6.11,121,5242,49.18
HDFCSENSEX,EQ,24-Jul-2026,86.72,86.43,86.55,85.68,86.0,86.4,86.14,49030,42.23,764,33985,69.31
HDFCSILVER,EQ,24-Jul-2026,210.98,211.98,211.98,206.6,210.55,210.79,208.98,2830118,5914.24,13241,904836,31.97
HDFCSML250,EQ,24-Jul-2026,178.09,179.87,179.87,175.21,177.64,177.58,176.68,1420920,2510.44,12655,850863,59.88
HDFCVALUE,EQ,24-Jul-2026,125.07,128.19,128.19,123.9,125.05,124.9,124.41,1038,1.29,93,869,83.72
HDIL,BZ,24-Jul-2026,1.69,1.7,1.7,1.65,1.69,1.68,1.68,50543,0.85,126,-,-
HEADSUP,EQ,24-Jul-2026,7.06,6.95,7.18,6.95,7.0,7.11,7.07,11822,0.84,40,10210,86.36
HEALTHADD,EQ,24-Jul-2026,16.42,16.42,16.47,16.34,16.44,16.4,16.38,14094,2.31,65,10677,75.76
HEALTHAXIS,EQ,24-Jul-2026,165.62,166.98,166.98,164.49,164.94,165.1,164.9,13795,22.75,100,8047,58.33
HEALTHCARE,EQ,24-Jul-2026,21.06,21.16,21.16,20.86,20.99,20.96,20.95,22064,4.62,188,11982,54.31
HEALTHIETF,EQ,24-Jul-2026,166.92,166.55,167.31,166.01,166.58,166.63,166.53,86822,144.58,1377,52404,60.36
HEALTHX,EQ,24-Jul-2026,316.05,317.1,317.1,302.0,309.0,312.85,307.97,7889,24.3,560,4061,51.48
HEALTHY,EQ,24-Jul-2026,16.73,16.83,16.83,16.65,16.73,16.68,16.7,280416,46.82,786,193277,68.93
HECPROJECT,EQ,24-Jul-2026,140.22,141.5,142.99,135.02,142.99,139.46,138.13,27930,38.58,641,12885,46.13
HEG,EQ,24-Jul-2026,623.85,608.0,654.0,608.0,637.1,643.15,642.09,7737580,49681.99,131223,1071348,13.85
HEIDELBERG,EQ,24-Jul-2026,156.73,156.01,158.0,155.01,156.5,156.41,156.44,39423,61.67,1285,20522,52.06
HEMIPROP,EQ,24-Jul-2026,133.46,133.1,133.8,131.1,133.15,133.37,132.44,225807,299.05,2850,114446,50.68
HERANBA,EQ,24-Jul-2026,175.57,176.04,178.94,172.0,175.01,174.96,173.71,19355,33.62,716,7601,39.27
HERITGFOOD,EQ,24-Jul-2026,330.05,327.0,338.0,325.8,337.5,335.3,333.16,363327,1210.46,8537,176775,48.65
HEROMOTOCO,EQ,24-Jul-2026,5173.8,5101.2,5102.0,4982.0,5010.8,5011.1,5028.87,694927,34946.98,59842,318072,45.77
HESTERBIO,EQ,24-Jul-2026,2365.0,2365.8,2377.0,2301.0,2365.0,2367.4,2345.09,10109,237.07,1438,5324,52.67
HEXAGON,BE,24-Jul-2026,64.43,63.0,65.89,61.21,65.49,65.51,62.4,1294879,807.96,2231,-,-
HEXATRADEX,EQ,24-Jul-2026,157.21,157.21,157.21,155.0,155.05,155.04,156.14,2204,3.44,38,2092,94.92
HEXT,EQ,24-Jul-2026,540.7,536.6,554.4,532.0,550.0,551.85,544.44,152303,829.2,9392,49476,32.49
HFCL,EQ,24-Jul-2026,207.01,202.0,204.78,196.66,197.05,196.85,198.23,31552378,62547.65,94797,12752220,40.42
HGINFRA,EQ,24-Jul-2026,541.9,539.0,542.0,530.85,542.0,536.85,535.45,38530,206.31,3640,21893,56.82
HGM,EQ,24-Jul-2026,46.14,45.63,48.49,45.0,45.7,46.73,46.81,4507,2.11,81,2664,59.11
HGS,EQ,24-Jul-2026,425.7,426.05,430.95,420.2,424.0,422.55,423.14,10430,44.13,674,5004,47.98
HIGREEN,SM,24-Jul-2026,134.7,132.25,140.9,132.25,137.5,137.5,139.12,22400,31.16,28,18400,82.14
HIKAL,EQ,24-Jul-2026,211.95,211.0,220.0,208.0,218.11,217.4,215.12,344016,740.03,8299,120585,35.05
HILINFRA,BE,24-Jul-2026,43.98,43.98,44.0,43.5,44.0,43.87,43.8,21025,9.21,238,-,-
HILTON,BE,24-Jul-2026,21.1,21.22,21.4,20.6,21.2,21.14,21.0,49313,10.35,169,-,-
HIMATSEIDE,EQ,24-Jul-2026,81.41,80.21,81.04,79.26,80.74,80.52,80.18,615496,493.48,5108,334461,54.34
HINDALCO,EQ,24-Jul-2026,955.65,947.6,950.9,939.7,943.75,942.8,943.91,4494329,42422.38,115160,3194664,71.08
HINDCOMPOS,EQ,24-Jul-2026,448.35,436.0,443.2,425.0,430.85,428.4,430.15,10842,46.64,916,6171,56.92
HINDCON,BE,24-Jul-2026,20.66,20.66,20.66,20.05,20.53,20.51,20.41,15034,3.07,70,-,-
HINDCOPPER,EQ,24-Jul-2026,491.8,486.0,486.0,478.2,483.5,483.15,481.43,3002317,14454.17,54069,1307084,43.54
HINDOILEXP,EQ,24-Jul-2026,167.5,168.8,168.8,160.5,161.1,162.04,163.04,719854,1173.67,7285,308609,42.87
HINDPETRO,EQ,24-Jul-2026,385.15,381.0,383.35,372.05,382.1,381.1,377.99,8650504,32697.67,111765,3783991,43.74
HINDUNILVR,EQ,24-Jul-2026,2161.8,2148.0,2163.0,2139.0,2146.5,2145.0,2144.53,1603494,34387.46,76073,1010034,62.99
HINDWAREAP,EQ,24-Jul-2026,211.3,209.1,213.9,206.1,212.0,211.9,210.71,69721,146.91,1922,29810,42.76
HINDZINC,EQ,24-Jul-2026,531.15,528.0,534.4,522.45,533.65,531.95,529.37,5497135,29100.38,79361,1437584,26.15
HIRECT,EQ,24-Jul-2026,1285.0,1266.1,1324.8,1255.5,1296.8,1301.9,1292.69,64247,830.52,5933,18074,28.13
HISARMETAL,EQ,24-Jul-2026,148.72,148.01,152.98,147.0,149.0,147.49,148.5,1317,1.96,39,1174,89.14
HITECH,EQ,24-Jul-2026,85.05,84.25,85.2,82.59,85.0,84.79,83.9,445350,373.63,3586,247581,55.59
HITECHCORP,BE,24-Jul-2026,319.15,318.55,321.0,318.55,321.0,320.25,319.55,21896,69.97,99,-,-
HITECHGEAR,BE,24-Jul-2026,591.35,594.3,596.8,581.1,588.0,588.05,587.96,1295,7.61,65,-,-
HLEGLAS,EQ,24-Jul-2026,412.35,410.0,422.05,404.05,417.1,418.95,414.02,213185,882.62,11365,75871,35.59
HLVLTD,EQ,24-Jul-2026,7.15,7.14,7.2,7.04,7.05,7.06,7.09,211043,14.97,529,152649,72.33
HMAAGRO,EQ,24-Jul-2026,21.28,21.2,21.75,21.1,21.35,21.34,21.35,230033,49.12,994,101710,44.22
HMT,BZ,24-Jul-2026,60.07,60.0,62.0,59.5,61.4,61.39,60.83,3782,2.3,63,-,-
HMVL,EQ,24-Jul-2026,88.9,88.85,93.64,87.1,93.5,93.4,92.02,102542,94.36,2285,70282,68.54
HNDFDS,EQ,24-Jul-2026,568.45,560.55,579.95,560.55,579.95,577.2,573.68,64383,369.36,4082,34530,53.63
HNGSNGBEES,EQ,24-Jul-2026,487.62,485.98,489.29,482.7,485.75,484.33,485.64,115717,561.97,3425,84313,72.86
HOACFOODS,ST,24-Jul-2026,739.0,738.0,740.0,738.0,738.0,738.0,738.31,4875,35.99,9,4875,100.00
HOLMARC,SM,24-Jul-2026,110.0,110.0,110.0,110.0,110.0,110.0,110.0,750,0.83,1,750,100.00
HOMEFIRST,EQ,24-Jul-2026,1202.3,1192.0,1194.2,1155.0,1189.0,1174.0,1169.01,259050,3028.33,21085,132218,51.04
HONASA,EQ,24-Jul-2026,445.45,444.55,456.05,444.5,448.3,448.6,449.43,579025,2602.3,21258,307529,53.11
HONAUT,EQ,24-Jul-2026,37905.0,37905.0,37945.0,37205.0,37540.0,37345.0,37373.92,4536,1695.28,1450,3154,69.53
HONDAPOWER,EQ,24-Jul-2026,2095.5,2075.0,2103.8,2062.0,2098.0,2089.2,2085.27,2652,55.3,459,1108,41.78
HPAL,EQ,24-Jul-2026,32.43,32.27,34.0,32.25,33.8,33.29,32.91,36773,12.1,464,26798,72.87
HPIL,EQ,24-Jul-2026,122.12,118.65,125.84,118.65,125.77,125.66,121.55,168,0.2,25,117,69.64
HPL,EQ,24-Jul-2026,337.15,337.0,337.0,326.0,333.45,333.5,332.46,85249,283.42,3391,36817,43.19
HRHNEXT,SM,24-Jul-2026,27.05,27.05,27.05,27.05,27.05,27.05,27.05,1500,0.41,1,1500,100.00
HSBCGOLD,EQ,24-Jul-2026,124.69,126.0,126.0,122.1,124.93,124.12,123.77,9992,12.37,78,9300,93.07
HSCL,EQ,24-Jul-2026,777.65,774.1,792.6,768.8,787.9,789.55,782.72,4447225,34809.39,60265,971559,21.85
HTMEDIA,EQ,24-Jul-2026,24.66,25.15,25.15,24.01,24.44,24.26,24.26,195595,47.45,748,132016,67.49
HUBTOWN,EQ,24-Jul-2026,198.36,196.05,198.35,193.01,196.05,194.98,195.52,326659,638.7,4607,162835,49.85
HUDCO,EQ,24-Jul-2026,196.83,194.8,197.51,191.75,195.2,195.54,194.02,1792361,3477.53,20943,642683,35.86
HUHTAMAKI,EQ,24-Jul-2026,297.38,291.99,320.78,288.06,317.02,318.68,308.79,6080629,18776.29,52620,816940,13.44
HVAX,SM,24-Jul-2026,655.0,655.0,655.0,623.0,623.0,623.0,639.0,300,1.92,2,300,100.00
HYBRIDFIN,BE,24-Jul-2026,19.02,18.27,19.25,18.07,18.1,18.14,18.35,29519,5.42,56,-,-
HYUNDAI,EQ,24-Jul-2026,1954.4,1949.8,1975.0,1927.5,1952.0,1952.6,1953.73,917025,17916.16,36206,544135,59.34
IBLFL,SM,24-Jul-2026,61.0,61.0,61.0,61.0,61.0,61.0,61.0,10000,6.1,5,10000,100.00
IBULLSLTD,BE,24-Jul-2026,29.48,28.43,30.95,28.01,30.5,30.53,29.68,10186091,3022.78,9351,-,-
ICDSLTD,EQ,24-Jul-2026,40.8,40.49,40.49,39.01,40.48,40.48,39.87,29,0.01,6,27,93.10
ICELCO,SM,24-Jul-2026,172.05,166.0,166.75,158.0,158.5,159.6,162.53,153600,249.64,127,86400,56.25
ICEMAKE,EQ,24-Jul-2026,853.95,850.0,901.0,845.2,864.4,865.7,872.5,103589,903.81,6855,43526,42.02
ICICIAMC,EQ,24-Jul-2026,3132.0,3108.0,3130.5,3091.0,3120.0,3125.6,3116.93,94889,2957.63,10669,53324,56.20
ICICIB22,EQ,24-Jul-2026,115.36,114.5,115.63,114.25,115.45,115.36,114.94,135182,155.38,3037,91473,67.67
ICICIBANK,EQ,24-Jul-2026,1434.6,1428.0,1440.0,1415.4,1436.0,1432.9,1428.15,10870914,155252.54,215086,8246114,75.85
ICICIGI,EQ,24-Jul-2026,1619.0,1614.3,1666.2,1605.0,1665.0,1661.8,1654.6,1693997,28028.94,99822,867524,51.21
ICICIPRULI,EQ,24-Jul-2026,501.5,498.25,503.05,495.55,500.6,500.55,499.89,711372,3556.11,25480,379668,53.37
ICIL,EQ,24-Jul-2026,398.55,398.5,407.9,388.5,404.0,403.45,400.02,281840,1127.43,12485,119674,42.46
ICRA,EQ,24-Jul-2026,4774.5,4785.0,4815.0,4755.0,4800.0,4804.0,4786.29,12911,617.96,3475,8537,66.12
IDBI,EQ,24-Jul-2026,85.06,84.2,85.49,82.66,84.65,84.93,83.93,7500047,6294.6,27750,2585856,34.48
IDEA,EQ,24-Jul-2026,13.2,13.11,13.18,12.76,13.13,13.13,12.97,382797982,49644.72,677018,84535756,22.08
IDEAFORGE,BE,24-Jul-2026,861.05,849.0,899.0,844.7,873.0,870.65,873.27,162353,1417.78,7746,-,-
IDENTICAL,SM,24-Jul-2026,20.0,19.7,20.0,19.45,20.0,20.0,19.89,82000,16.31,6,82000,100.00
IDFCFIRSTB,EQ,24-Jul-2026,79.9,79.7,81.09,78.88,80.95,80.79,80.14,16260314,13030.91,44109,7846801,48.26
IDFNIFTYET,EQ,24-Jul-2026,263.42,261.65,263.0,260.98,263.0,262.78,261.79,276,0.72,33,166,60.14
IEML,SM,24-Jul-2026,42.05,42.5,42.7,40.55,42.7,41.95,42.03,13500,5.67,22,9000,66.67
IEX,EQ,24-Jul-2026,121.94,120.5,125.7,120.49,124.0,124.26,124.04,10633033,13189.26,55095,2938659,27.64
IFBAGRO,BE,24-Jul-2026,954.35,954.35,1002.05,924.0,992.0,994.85,982.67,11335,111.39,353,-,-
IFBIND,EQ,24-Jul-2026,1302.6,1305.0,1310.4,1272.2,1310.0,1304.1,1296.54,35635,462.02,5368,20264,56.87
IFCI,EQ,24-Jul-2026,71.14,70.66,70.78,68.81,70.35,70.12,69.79,12585981,8784.07,34842,3724017,29.59
IFGLEXPOR,EQ,24-Jul-2026,196.33,196.0,202.05,192.39,196.6,197.67,196.44,34659,68.08,2131,14280,41.20
IGARASHI,EQ,24-Jul-2026,443.3,443.3,459.3,436.45,457.0,456.1,449.25,49460,222.2,2819,23632,47.78
IGCL,EQ,24-Jul-2026,74.84,77.4,77.4,72.8,75.0,74.55,74.59,164701,122.86,1996,79212,48.09
IGIL,EQ,24-Jul-2026,345.6,350.7,353.25,325.65,337.0,338.15,333.88,2757818,9207.87,89084,1320495,47.88
IGL,EQ,24-Jul-2026,149.9,148.2,149.95,147.2,149.9,149.33,148.5,1256239,1865.52,18282,690246,54.95
IGPL,EQ,24-Jul-2026,451.95,448.65,454.0,442.0,454.0,451.55,447.81,11034,49.41,842,7027,63.68
IIFL,EQ,24-Jul-2026,568.75,563.0,565.25,548.0,558.25,556.55,555.89,1476692,8208.81,34827,596686,40.41
IIFLCAPS,EQ,24-Jul-2026,339.6,337.6,342.9,337.55,339.5,340.2,339.35,401303,1361.83,7504,177398,44.21
IITL,EQ,24-Jul-2026,127.28,128.27,139.98,125.56,135.0,132.02,128.41,91522,117.52,437,11468,12.53
IKIO,EQ,24-Jul-2026,206.3,204.8,207.59,199.16,205.44,204.82,203.69,332979,678.26,4708,75900,22.79
IKS,EQ,24-Jul-2026,1799.3,1798.0,1807.5,1738.0,1765.5,1759.8,1759.54,165781,2916.98,17712,85959,51.85
IL&FSENGG,BZ,24-Jul-2026,30.06,31.56,31.56,31.56,31.56,31.56,31.56,13246,4.18,22,-,-
IL&FSTRANS,BZ,24-Jul-2026,2.09,2.11,2.11,2.02,2.02,2.02,2.07,42705,0.89,48,-,-
IMAGICAA,EQ,24-Jul-2026,46.82,46.82,47.49,45.89,47.0,46.66,46.48,467567,217.35,2071,195647,41.84
IMFA,EQ,24-Jul-2026,1336.3,1330.0,1349.0,1300.1,1338.2,1340.1,1324.03,77233,1022.59,8894,29949,38.78
IMPAL,EQ,24-Jul-2026,1071.1,1066.2,1094.9,1060.0,1094.9,1076.1,1072.06,1481,15.88,234,927,62.59
INA,EQ,24-Jul-2026,113.15,112.01,113.99,110.85,112.93,112.57,112.23,366531,411.36,3847,170287,46.46
INCREDIBLE,EQ,24-Jul-2026,34.16,34.5,34.5,33.28,34.38,33.39,33.97,5480,1.86,76,5202,94.93
INDBANK,EQ,24-Jul-2026,32.51,32.5,33.6,32.5,33.1,33.21,33.03,29136,9.62,594,16025,55.00
INDGN,EQ,24-Jul-2026,488.5,487.0,495.0,486.1,495.0,492.65,491.08,84358,414.26,5727,42045,49.84
INDHOTEL,EQ,24-Jul-2026,724.05,718.0,728.6,713.25,727.45,727.45,721.18,1864296,13445.01,30220,904814,48.53
INDIACEM,EQ,24-Jul-2026,408.2,402.0,409.45,397.7,405.8,407.0,403.8,168482,680.32,5740,43928,26.07
INDIAGLYCO,EQ,24-Jul-2026,1173.3,1162.0,1175.3,1142.05,1159.0,1157.8,1157.04,83732,968.82,6127,35710,42.65
INDIAMART,EQ,24-Jul-2026,1790.6,1792.2,1799.9,1751.1,1767.0,1759.9,1765.0,170780,3014.27,23052,101610,59.50
INDIANB,EQ,24-Jul-2026,827.3,819.0,828.85,814.55,825.5,826.1,821.47,1435233,11789.96,31065,581107,40.49
INDIANCARD,EQ,24-Jul-2026,220.99,216.0,234.7,215.0,223.01,223.97,228.19,6624,15.12,170,3912,59.06
INDIANHUME,EQ,24-Jul-2026,371.4,371.45,389.4,368.6,389.0,387.15,381.93,97958,374.13,4005,37902,38.69
INDIASHLTR,EQ,24-Jul-2026,746.5,740.1,746.15,715.3,723.1,723.9,725.99,206940,1502.36,13212,105095,50.79
INDIGO,EQ,24-Jul-2026,5023.5,4950.0,5009.0,4886.0,5000.0,4985.0,4938.03,2880861,142257.91,155179,1574096,54.64
INDIGOPNTS,EQ,24-Jul-2026,1047.6,1041.5,1059.7,1032.6,1052.7,1048.9,1045.94,28153,294.46,4626,14352,50.98
INDIGRID,IV,24-Jul-2026,178.92,179.38,179.91,178.99,179.25,179.27,179.25,746217,1337.57,12211,657534,88.12
INDIQUBE,EQ,24-Jul-2026,180.29,180.0,182.74,175.05,181.4,181.31,179.7,31337,56.31,985,15627,49.87
INDNIPPON,EQ,24-Jul-2026,1207.4,1211.8,1224.3,1167.0,1193.6,1198.0,1185.55,24164,286.48,2609,11758,48.66
INDOAMIN,BE,24-Jul-2026,130.29,131.5,131.5,126.0,130.0,129.47,128.45,27573,35.42,250,-,-
INDOBORAX,EQ,24-Jul-2026,373.5,365.0,439.8,361.05,428.0,416.1,410.21,10596863,43469.42,227171,246041,2.32
INDOCO,EQ,24-Jul-2026,238.15,238.5,245.0,234.41,243.0,243.42,240.53,50120,120.55,2015,20903,41.71
INDOFARM,EQ,24-Jul-2026,153.19,151.45,155.59,150.1,152.5,152.25,152.62,118332,180.59,2744,55000,46.48
INDORAMA,EQ,24-Jul-2026,47.68,47.0,49.0,46.2,48.68,48.43,47.59,139569,66.42,1450,54440,39.01
INDOSTAR,EQ,24-Jul-2026,262.85,262.7,262.8,257.0,260.4,260.5,259.61,42995,111.62,1394,23267,54.12
INDOTECH,BE,24-Jul-2026,3297.9,3290.0,3449.9,3170.0,3400.0,3418.0,3335.19,17103,570.42,1203,-,-
INDOTHAI,EQ,24-Jul-2026,217.38,217.59,221.7,214.52,216.4,216.3,217.49,2736587,5951.74,12067,787274,28.77
INDOUS,EQ,24-Jul-2026,86.93,88.69,88.8,84.6,84.66,84.98,85.86,17311,14.86,810,8486,49.02
INDOWIND,BE,24-Jul-2026,9.13,9.23,9.27,8.93,9.16,9.14,9.1,42415,3.86,222,-,-
INDPRUD,EQ,24-Jul-2026,6480.0,6669.5,6669.5,6301.0,6570.0,6570.0,6388.7,32,2.04,9,20,62.50
INDRAMEDCO,EQ,24-Jul-2026,366.9,366.1,366.75,360.0,365.0,364.6,363.16,101164,367.38,3819,59785,59.10
INDSWFTLAB,EQ,24-Jul-2026,225.99,225.02,229.99,217.77,229.0,227.49,223.69,447383,1000.76,6764,237102,53.00
INDTERRAIN,EQ,24-Jul-2026,28.63,29.0,29.78,29.0,29.35,29.26,29.22,961,0.28,30,750,78.04
INDUSINDBK,EQ,24-Jul-2026,1005.5,1000.0,1003.45,984.05,997.45,996.05,994.78,1995292,19848.77,62688,665959,33.38
INDUSINVIT,IV,24-Jul-2026,130.34,130.9,131.2,130.25,131.06,130.76,130.71,304961,398.62,9356,283419,92.94
INDUSTOWER,EQ,24-Jul-2026,390.25,388.1,396.1,385.15,394.9,394.6,392.28,3130489,12280.16,50347,1900856,60.72
INFINIUM,SM,24-Jul-2026,209.5,208.5,209.0,205.0,209.0,209.0,207.5,1500,3.11,3,1500,100.00
INFLUX,SM,24-Jul-2026,291.0,290.0,290.8,290.0,290.1,290.15,290.06,31800,92.24,34,27000,84.91
INFOBEAN,EQ,24-Jul-2026,156.58,154.99,160.99,154.99,157.08,157.33,157.55,175897,277.13,3689,44870,25.51
INFOLLION,SM,24-Jul-2026,159.55,161.6,161.6,159.0,159.0,159.9,160.68,4400,7.07,9,3600,81.82
INFOMEDIA,EQ,24-Jul-2026,5.48,5.63,5.63,5.4,5.57,5.57,5.5,993,0.05,35,655,65.96
INFRA,EQ,24-Jul-2026,12.12,12.01,12.08,11.93,12.08,12.05,12.04,37781,4.55,193,35079,92.85
INFRABEES,EQ,24-Jul-2026,958.3,956.89,960.0,947.0,959.99,957.26,953.39,6028,57.47,737,3524,58.46
INFRAIETF,EQ,24-Jul-2026,95.59,97.5,97.5,94.21,95.05,94.89,94.9,212606,201.76,2629,164219,77.24
INFY,EQ,24-Jul-2026,1047.4,1028.0,1043.4,1013.9,1039.0,1040.9,1030.11,29036900,299112.99,390894,16078498,55.37
INGERRAND,EQ,24-Jul-2026,4378.9,4378.0,4405.5,4320.0,4388.0,4354.3,4372.92,13370,584.66,2256,6567,49.12
INNOMET,ST,24-Jul-2026,187.9,190.95,190.95,184.15,184.15,184.15,186.72,22200,41.45,30,22200,100.00
INNOVACAP,EQ,24-Jul-2026,967.95,964.35,965.9,934.55,947.0,950.45,947.6,58779,556.99,4589,37421,63.66
INNOVANA,EQ,24-Jul-2026,324.2,324.65,347.0,323.1,346.2,344.35,334.09,4090,13.66,329,3146,76.92
INNOVISION,EQ,24-Jul-2026,285.55,285.0,286.65,281.0,285.0,285.3,283.72,11841,33.6,647,6548,55.30
INOXGREEN,EQ,24-Jul-2026,187.17,187.17,193.27,183.49,192.0,191.87,189.29,771954,1461.19,10835,279069,36.15
INOXINDIA,EQ,24-Jul-2026,2011.9,2004.0,2015.0,1968.1,2009.9,2004.0,1994.11,162161,3233.66,21236,69296,42.73
INOXWIND,EQ,24-Jul-2026,76.21,75.8,77.39,75.2,77.2,76.97,76.27,6163215,4700.94,23072,1659315,26.92
INSECTICID,EQ,24-Jul-2026,605.25,596.2,620.8,596.2,615.25,616.1,608.37,17357,105.6,1500,10227,58.92
INSPIRE,ST,24-Jul-2026,8.65,8.25,9.05,8.25,9.05,9.05,8.65,4000,0.35,2,4000,100.00
INSPIRISYS,BE,24-Jul-2026,98.25,98.2,99.9,95.1,97.88,97.88,95.83,5285,5.06,50,-,-
INTEGRITY,ST,24-Jul-2026,161.0,160.0,160.0,160.0,160.0,160.0,160.0,19200,30.72,1,19200,100.00
INTELLECT,EQ,24-Jul-2026,733.7,726.7,735.2,710.0,730.0,732.2,723.84,312739,2263.72,21375,125615,40.17
INTENTECH,EQ,24-Jul-2026,91.01,90.61,90.81,90.01,90.1,90.45,90.3,45254,40.87,197,41988,92.78
INTERARCH,EQ,24-Jul-2026,1810.6,1778.2,1828.6,1772.0,1792.2,1799.3,1800.53,26025,468.59,3070,12344,47.43
INTERNET,EQ,24-Jul-2026,13.12,12.97,13.03,12.75,13.0,12.97,12.88,297194,38.27,352,154578,52.01
INTLCONV,EQ,24-Jul-2026,73.68,72.3,76.2,72.3,76.2,75.05,74.96,172919,129.63,617,162113,93.75
INVENTURE,EQ,24-Jul-2026,0.89,0.89,0.9,0.88,0.9,0.89,0.89,609362,5.43,280,357784,58.71
INVICTA,ST,24-Jul-2026,67.0,63.7,65.1,63.65,63.75,63.75,63.99,8000,5.12,5,8000,100.00
INVPRECQ,EQ,24-Jul-2026,942.8,942.8,999.0,889.0,960.0,979.85,964.89,28627,276.22,1597,15823,55.27
IOB,EQ,24-Jul-2026,33.82,33.73,34.0,33.23,34.0,33.88,33.63,2789486,938.02,10388,1007934,36.13
IOC,EQ,24-Jul-2026,139.92,138.85,138.89,136.78,138.8,138.47,138.01,11902268,16426.19,73458,6624953,55.66
IOLCP,EQ,24-Jul-2026,146.99,145.0,150.11,143.66,149.56,149.22,147.31,1441046,2122.76,22657,533094,36.99
IONEXCHANG,EQ,24-Jul-2026,415.0,411.1,426.55,408.45,425.8,425.1,419.72,405046,1700.08,17847,144797,35.75
IPCALAB,EQ,24-Jul-2026,1771.2,1765.0,1788.9,1747.0,1762.0,1762.7,1765.89,79195,1398.49,9987,34038,42.98
IPHL,SM,24-Jul-2026,55.5,55.0,55.0,55.0,55.0,55.0,55.0,1200,0.66,1,1200,100.00
IPL,EQ,24-Jul-2026,150.22,148.73,150.98,146.41,150.98,149.98,149.04,123172,183.58,2540,51674,41.95
IRB,EQ,24-Jul-2026,19.48,19.45,19.7,19.28,19.66,19.61,19.49,6006254,1170.36,13987,1878778,31.28
IRBINVIT,IV,24-Jul-2026,62.88,62.8,63.07,62.5,63.0,63.01,62.94,1045697,658.2,4215,950365,90.88
IRCON,EQ,24-Jul-2026,125.44,124.2,126.48,123.51,126.4,126.07,125.01,833685,1042.21,11215,279235,33.49
IRCTC,EQ,24-Jul-2026,494.05,492.3,495.75,488.8,495.25,495.05,492.12,498071,2451.12,23364,225058,45.19
IREDA,EQ,24-Jul-2026,119.58,118.61,120.75,117.42,120.2,120.48,119.46,4773314,5702.34,37054,1677899,35.15
IRFC,EQ,24-Jul-2026,87.03,86.5,87.85,86.02,87.82,87.62,87.03,6225546,5418.11,41905,2135931,34.31
IRIS,EQ,24-Jul-2026,236.5,235.0,245.9,230.1,242.2,244.5,241.56,42470,102.59,1062,23958,56.41
IRISDOREME,EQ,24-Jul-2026,46.83,46.55,48.9,46.1,47.93,47.83,47.29,268515,126.99,1893,116362,43.34
IRMENERGY,EQ,24-Jul-2026,255.15,253.9,258.0,251.9,253.35,254.55,253.74,35706,90.6,1099,18146,50.82
ISFT,EQ,24-Jul-2026,75.75,75.01,76.89,72.8,76.0,76.24,75.03,2025,1.52,115,1465,72.35
ISGEC,EQ,24-Jul-2026,854.75,850.0,864.75,844.0,857.5,855.6,854.11,17547,149.87,2663,8392,47.83
ISHAN,SM,24-Jul-2026,0.5,0.5,0.55,0.5,0.5,0.5,0.52,144000,0.74,3,144000,100.00
ISHANCH,EQ,24-Jul-2026,53.29,54.25,55.1,51.54,51.65,52.14,52.72,35106,18.51,245,20493,58.37
IT,EQ,24-Jul-2026,31.71,31.7,32.05,31.33,31.95,31.99,31.66,441347,139.71,988,238178,53.97
ITADD,EQ,24-Jul-2026,30.21,30.18,30.8,29.9,30.8,30.53,30.18,20570,6.21,116,9566,46.50
ITALIANE,SM,24-Jul-2026,33.0,33.0,33.0,31.0,33.0,33.0,31.89,12000,3.83,6,10000,83.33
ITAXIS,EQ,24-Jul-2026,315.31,316.03,317.99,311.0,311.47,316.49,314.68,263786,830.08,546,247261,93.74
ITBEES,EQ,24-Jul-2026,31.74,31.94,32.07,31.32,31.93,32.0,31.74,12232521,3882.61,16353,5586898,45.67
ITBETA,EQ,24-Jul-2026,300.65,302.78,303.83,297.82,302.32,303.03,298.94,438,1.31,34,388,88.58
ITC,EQ,24-Jul-2026,281.3,279.55,284.85,279.55,284.0,283.45,282.97,24954082,70611.87,313376,15748693,63.11
ITCHOTELS,EQ,24-Jul-2026,161.93,160.0,160.79,158.4,160.0,159.92,159.62,2484261,3965.27,42556,1290015,51.93
ITDC,EQ,24-Jul-2026,747.6,744.95,749.8,722.15,739.5,737.4,735.58,347330,2554.9,16708,54746,15.76
ITETF,EQ,24-Jul-2026,30.27,30.14,30.55,29.85,30.41,30.48,30.32,481731,146.06,720,289581,60.11
ITI,EQ,24-Jul-2026,277.6,276.0,276.9,272.05,276.0,275.15,274.66,176666,485.23,5851,57398,32.49
ITIETF,EQ,24-Jul-2026,31.75,31.5,32.04,31.31,31.95,31.97,31.72,523558,166.06,1428,166158,31.74
IVALUE,EQ,24-Jul-2026,279.8,282.15,292.6,274.05,286.0,287.7,284.0,264741,751.86,8257,107364,40.55
IVC,EQ,24-Jul-2026,8.26,8.26,8.29,8.16,8.22,8.23,8.22,141853,11.66,423,122812,86.58
IVP,BE,24-Jul-2026,154.52,154.05,155.0,148.0,152.95,151.02,150.94,10179,15.36,172,-,-
IVZINGOLD,EQ,24-Jul-2026,124.9,123.15,124.25,122.75,124.05,124.05,124.13,489160,607.18,144,482956,98.73
IVZINNIFTY,EQ,24-Jul-2026,2739.25,2731.4,2733.0,2710.5,2731.8,2726.94,2725.17,98,2.67,39,81,82.65
IWARE,ST,24-Jul-2026,489.8,494.0,494.0,465.35,493.9,493.9,475.52,24600,116.98,39,18000,73.17
IWP,EQ,24-Jul-2026,33.5,32.6,32.83,31.3,32.07,32.36,32.02,9144,2.93,72,6603,72.21
IXIGO,EQ,24-Jul-2026,186.81,184.81,185.87,180.5,185.0,184.6,183.35,424728,778.72,8108,205541,48.39
IZMO,EQ,24-Jul-2026,1077.6,1070.0,1124.0,1045.1,1105.0,1104.5,1090.0,96895,1056.16,7984,47465,48.99
J&KBANK,EQ,24-Jul-2026,173.41,172.9,174.99,170.12,172.7,172.57,172.52,2341658,4039.88,21443,915986,39.12
JAGRAN,EQ,24-Jul-2026,61.96,62.0,63.1,61.81,62.62,62.85,62.45,170241,106.32,2209,106548,62.59
JAGSNPHARM,EQ,24-Jul-2026,217.82,217.3,223.85,214.24,223.5,221.61,217.72,35039,76.29,1396,16074,45.87
JAIBALAJI,BE,24-Jul-2026,60.1,59.72,61.79,58.9,61.44,61.24,60.15,240263,144.51,951,-,-
JAICORPLTD,EQ,24-Jul-2026,101.57,101.0,101.33,98.03,100.25,100.33,100.12,645063,645.85,5278,285490,44.26
JAINIK,SM,24-Jul-2026,178.1,173.05,183.0,170.7,175.0,174.0,173.59,24000,41.66,20,19200,80.00
JAINREC,EQ,24-Jul-2026,337.3,331.5,345.5,328.15,338.55,341.0,337.4,927914,3130.76,20742,274019,29.53
JAIPURKURT,EQ,24-Jul-2026,27.75,27.99,27.99,26.05,26.9,27.01,26.86,4064,1.09,83,2650,65.21
JALAN,ST,24-Jul-2026,1.7,1.65,1.65,1.65,1.65,1.65,1.65,9000,0.15,2,9000,100.00
JAMNAAUTO,EQ,24-Jul-2026,130.8,129.2,133.29,128.22,133.09,132.67,130.61,1657697,2165.06,17605,773530,46.66
JARO,EQ,24-Jul-2026,463.1,460.15,478.2,460.1,474.85,475.7,472.48,86394,408.19,3296,25175,29.14
JASH,EQ,24-Jul-2026,510.55,501.7,512.5,500.0,510.0,508.0,506.43,92362,467.75,5189,47293,51.20
JAYAGROGN,EQ,24-Jul-2026,224.73,220.6,227.0,220.6,222.0,222.32,224.0,4999,11.2,382,2909,58.19
JAYBARMARU,EQ,24-Jul-2026,159.67,151.69,164.6,151.69,162.0,161.36,156.01,1357381,2117.68,12201,464562,34.22
JAYBEE,SM,24-Jul-2026,88.95,88.0,88.0,87.0,88.0,88.0,87.85,3500,3.07,7,3500,100.00
JAYESH,SM,24-Jul-2026,130.7,129.05,129.05,129.0,129.0,129.0,129.02,3000,3.87,3,3000,100.00
JAYKAY,EQ,24-Jul-2026,163.42,167.99,167.99,161.3,164.4,165.16,164.36,50667,83.28,1325,26016,51.35
JAYNECOIND,EQ,24-Jul-2026,84.27,83.68,87.75,82.52,86.25,86.76,85.45,4545447,3884.23,24711,1787708,39.33
JAYSREETEA,EQ,24-Jul-2026,80.68,81.65,81.65,79.5,80.32,80.68,80.56,16608,13.38,588,7929,47.74
JBMA,EQ,24-Jul-2026,659.1,652.0,658.0,642.9,657.0,656.05,649.92,225514,1465.66,11370,68687,30.46
JETFREIGHT,EQ,24-Jul-2026,23.19,23.18,23.18,22.24,22.61,22.88,22.74,265625,60.4,1159,143794,54.13
JEYYAM,ST,24-Jul-2026,25.0,25.0,26.2,25.0,26.2,26.2,25.58,12000,3.07,6,10000,83.33
JFLLIFE,SM,24-Jul-2026,10.85,11.35,11.35,11.3,11.35,11.35,11.34,132000,14.97,19,84000,63.64
JGCHEM,EQ,24-Jul-2026,476.45,475.05,511.95,467.4,504.0,505.35,497.59,431629,2147.75,15808,121206,28.08
JHS,EQ,24-Jul-2026,7.31,7.43,7.6,7.32,7.5,7.49,7.5,18572,1.39,96,15415,83.00
JINDALPHOT,EQ,24-Jul-2026,1053.3,1055.1,1089.0,1043.0,1089.0,1076.1,1060.67,2499,26.51,484,1265,50.62
JINDALPOLY,EQ,24-Jul-2026,637.9,638.0,642.05,627.55,636.0,637.35,634.82,6544,41.54,838,3468,53.00
JINDALSAW,EQ,24-Jul-2026,260.95,259.2,260.45,253.1,254.5,255.35,256.91,1031851,2650.89,30111,548758,53.18
JINDALSTEL,EQ,24-Jul-2026,1041.9,1032.0,1042.7,1021.0,1040.0,1035.8,1033.27,372876,3852.8,13379,92790,24.88
JINDRILL,EQ,24-Jul-2026,611.8,619.9,620.0,601.0,604.5,605.1,606.97,176640,1072.15,5881,39973,22.63
JINDWORLD,EQ,24-Jul-2026,34.04,34.89,39.71,33.34,38.39,37.83,37.13,74088630,27508.98,149012,4600965,6.21
JIOFIN,EQ,24-Jul-2026,233.16,232.0,235.48,231.21,234.98,234.71,233.28,10217898,23835.94,72676,4200912,41.11
JISLDVREQS,EQ,24-Jul-2026,21.13,21.3,22.35,20.6,21.25,21.28,21.34,22710,4.85,181,15778,69.48
JISLJALEQS,EQ,24-Jul-2026,29.47,29.47,30.55,29.16,30.2,30.37,30.0,1643469,493.06,6896,800956,48.74
JITFINFRA,EQ,24-Jul-2026,360.1,363.0,372.6,355.0,368.95,365.4,363.15,18565,67.42,705,9573,51.56
JIWANRAM,SM,24-Jul-2026,5.05,4.9,4.9,4.9,4.9,4.9,4.9,12000,0.59,2,0,0.00
JKCEMENT,EQ,24-Jul-2026,5668.0,5618.0,5671.0,5578.0,5659.0,5649.0,5636.23,29550,1665.51,8808,11736,39.72
JKIL,EQ,24-Jul-2026,492.45,491.0,492.2,480.75,490.0,485.65,483.87,69390,335.76,2726,34720,50.04
JKIPL,BE,24-Jul-2026,99.31,98.99,98.99,94.4,96.71,96.69,96.6,8194,7.92,79,-,-
JKLAKSHMI,EQ,24-Jul-2026,573.55,570.55,577.6,564.3,574.7,572.5,569.8,65616,373.88,6086,28229,43.02
JKPAPER,EQ,24-Jul-2026,391.55,391.35,405.5,388.6,402.0,401.45,398.04,1060056,4219.49,24933,236747,22.33
JKTYRE,EQ,24-Jul-2026,386.85,382.95,391.85,379.05,390.5,390.6,386.05,576399,2225.22,13060,223730,38.82
JLHL,EQ,24-Jul-2026,1574.5,313.9,327.0,306.3,325.7,323.2,318.91,118808,378.89,5725,47489,39.97
JMA,EQ,24-Jul-2026,87.24,87.0,88.78,86.8,88.45,88.35,87.9,4085,3.59,86,3099,75.86
JMFINANCIL,EQ,24-Jul-2026,122.19,121.05,122.6,118.81,122.4,122.05,120.68,1845468,2227.02,17852,658663,35.69
JNKINDIA,EQ,24-Jul-2026,461.5,457.0,475.9,452.25,470.8,470.9,462.69,204648,946.89,5695,71424,34.90
JOCIL,BE,24-Jul-2026,144.08,144.08,148.8,143.0,147.0,147.9,146.13,1185,1.73,23,-,-
JPOLYINVST,EQ,24-Jul-2026,1017.3,1017.3,1040.0,1015.0,1018.0,1029.1,1027.12,8541,87.73,653,5331,62.42
JPPOWER,EQ,24-Jul-2026,17.06,16.9,17.06,16.75,17.04,16.95,16.89,34499622,5826.92,26445,11546514,33.47
JSFB,EQ,24-Jul-2026,541.6,539.7,545.0,525.0,541.65,536.95,533.87,589753,3148.49,24325,262776,44.56
JSL,EQ,24-Jul-2026,735.85,731.9,731.9,712.65,714.7,714.25,717.91,313931,2253.73,14509,133170,42.42
JSLL,EQ,24-Jul-2026,559.8,559.0,560.0,544.0,559.0,554.8,551.82,503062,2776.01,13466,273407,54.35
JSWCEMENT,EQ,24-Jul-2026,133.84,132.86,133.28,129.88,132.6,132.12,131.57,1298867,1708.98,21367,654359,50.38
JSWDULUX,EQ,24-Jul-2026,2918.4,2890.0,2955.0,2862.0,2923.0,2943.9,2915.79,7291,212.59,2601,2268,31.11
JSWENERGY,EQ,24-Jul-2026,557.35,552.1,554.5,546.1,550.0,551.65,549.83,1620670,8910.94,29020,753478,46.49
JSWHL,EQ,24-Jul-2026,10655.0,10622.0,10964.0,10530.0,10949.0,10865.0,10738.27,2693,289.18,1259,1258,46.71
JSWINFRA,EQ,24-Jul-2026,324.5,320.2,325.2,316.55,323.8,322.7,320.2,2835528,9079.43,47158,1689027,59.57
JSWSTEEL,EQ,24-Jul-2026,1246.8,1238.6,1245.0,1228.1,1241.0,1240.8,1236.18,1083729,13396.82,36822,556492,51.35
JTEKTINDIA,EQ,24-Jul-2026,131.34,130.5,132.5,129.05,131.7,131.62,131.28,99286,130.34,1683,52180,52.56
JTLIND,EQ,24-Jul-2026,72.05,70.1,73.48,70.1,72.9,72.64,72.04,2186978,1575.45,10982,1131801,51.75
JUBLCPL,EQ,24-Jul-2026,1851.3,1851.9,1867.8,1820.1,1842.1,1851.5,1845.35,2807,51.8,717,1565,55.75
JUBLFOOD,EQ,24-Jul-2026,412.3,410.0,420.0,408.55,418.3,418.25,415.15,1545685,6416.86,27156,628378,40.65
JUBLINGREA,EQ,24-Jul-2026,745.05,745.0,745.05,723.0,725.0,725.55,731.77,373158,2730.64,19079,200909,53.84
JUBLPHARMA,EQ,24-Jul-2026,970.8,960.2,971.1,950.6,969.0,965.35,962.68,57028,549.0,5393,24493,42.95
JUNIORBEES,EQ,24-Jul-2026,776.24,775.98,778.0,766.52,776.52,776.3,773.04,314178,2428.71,8357,172062,54.77
JUNIPER,EQ,24-Jul-2026,194.86,195.0,195.0,190.81,193.69,193.07,192.14,56221,108.02,1985,34675,61.68
JUSTDIAL,EQ,24-Jul-2026,724.4,724.4,734.0,700.1,728.0,728.95,718.12,738916,5306.33,15487,125106,16.93
JWL,EQ,24-Jul-2026,245.65,243.0,247.85,241.8,247.25,246.55,245.08,477720,1170.81,12744,155525,32.56
JYOTHYLAB,EQ,24-Jul-2026,198.53,198.01,199.3,195.1,198.8,198.57,197.55,301251,595.12,12363,148088,49.16
JYOTICNC,EQ,24-Jul-2026,788.2,786.05,800.0,777.0,798.8,795.05,788.77,302127,2383.08,14377,97018,32.11
JYOTIGLOBL,SM,24-Jul-2026,35.6,36.0,36.0,36.0,36.0,36.0,36.0,2000,0.72,1,2000,100.00
JYOTISTRUC,EQ,24-Jul-2026,10.85,10.84,11.1,10.53,10.91,10.97,10.77,2962053,318.92,3346,1047479,35.36
K2INFRA,ST,24-Jul-2026,58.0,55.3,58.95,55.1,58.95,58.7,55.87,28800,16.09,42,21600,75.00
KABRAEXTRU,EQ,24-Jul-2026,351.05,353.0,382.6,345.65,381.9,376.8,365.6,315343,1152.88,13072,113886,36.11
KAJARIACER,EQ,24-Jul-2026,1209.6,1202.0,1221.6,1190.0,1211.0,1214.9,1209.54,130038,1572.87,15062,64380,49.51
KAKATCEM,BE,24-Jul-2026,122.17,123.0,123.0,120.5,121.0,121.0,121.85,1464,1.78,48,-,-
KALAMANDIR,EQ,24-Jul-2026,88.56,88.56,88.64,86.25,88.6,88.43,87.59,494954,433.55,6915,208056,42.04
KALANA,SM,24-Jul-2026,19.9,19.0,19.0,17.95,17.95,18.15,18.14,40000,7.26,19,34000,85.00
KALPATARU,EQ,24-Jul-2026,270.55,270.55,270.55,265.15,265.2,266.35,266.95,70067,187.05,2456,41373,59.05
KALYANIFRG,EQ,24-Jul-2026,604.45,603.4,604.0,593.0,595.05,601.9,600.78,623,3.74,56,483,77.53
KALYANKJIL,EQ,24-Jul-2026,585.6,585.55,588.0,569.5,572.45,573.55,578.33,11499577,66505.8,99169,2224879,19.35
KAMAHOLD,EQ,24-Jul-2026,2519.5,2535.7,2555.0,2512.1,2523.0,2527.9,2528.22,2037,51.5,536,1217,59.74
KAMATHOTEL,EQ,24-Jul-2026,169.64,169.62,170.19,167.41,168.1,169.11,168.74,8782,14.82,455,5418,61.69
KAMDHENU,BE,24-Jul-2026,34.97,34.97,36.5,34.0,35.7,36.14,35.29,1445290,510.11,1808,-,-
KAMOPAINTS,EQ,24-Jul-2026,4.5,4.57,4.58,4.45,4.58,4.55,4.52,149843,6.77,455,107697,71.87
KANANIIND,EQ,24-Jul-2026,1.49,1.48,1.51,1.48,1.49,1.49,1.5,35030,0.53,112,26029,74.30
KANCHI,BE,24-Jul-2026,356.8,364.0,365.0,355.05,365.0,355.4,364.61,1237,4.51,15,-,-
KANDARP,SM,24-Jul-2026,94.6,102.0,102.0,91.35,91.35,91.35,96.3,3000,2.89,3,2000,66.67
KANORICHEM,BE,24-Jul-2026,160.12,154.1,164.6,153.0,160.0,161.75,158.72,32309,51.28,344,-,-
KANPRPLA,EQ,24-Jul-2026,210.52,213.0,241.0,204.83,220.99,221.25,228.68,531640,1215.73,14549,115276,21.68
KANSAINER,EQ,24-Jul-2026,194.22,194.0,194.27,191.07,194.1,193.19,192.86,250885,483.85,9489,161993,64.57
KAPSTON,EQ,24-Jul-2026,460.35,455.0,464.5,454.45,458.0,460.7,461.67,32196,148.64,1610,15234,47.32
KARMAENG,EQ,24-Jul-2026,37.6,38.8,38.8,37.1,38.73,38.18,38.18,901,0.34,31,731,81.13
KARNIKA,SM,24-Jul-2026,115.75,114.15,114.15,111.8,111.8,112.95,113.42,28000,31.76,25,22000,78.57
KARURVYSYA,EQ,24-Jul-2026,336.9,334.0,340.0,331.3,338.95,338.9,335.37,3587695,12031.9,71731,1947166,54.27
KATARIA,SM,24-Jul-2026,98.7,99.0,99.0,98.0,98.0,98.3,98.4,3600,3.54,5,3600,100.00
KAUSHALYA,BE,24-Jul-2026,889.5,888.9,898.9,860.35,895.0,895.0,886.29,174,1.54,26,-,-
KAVDEFENCE,EQ,24-Jul-2026,56.95,57.4,57.4,55.25,57.27,57.06,56.67,56766,32.17,877,32786,57.76
KAYA,EQ,24-Jul-2026,264.99,266.0,284.8,258.0,281.8,282.63,275.38,94336,259.78,1837,35879,38.03
KAYNES,EQ,24-Jul-2026,3240.3,3213.0,3236.1,3131.0,3177.0,3176.2,3165.19,887346,28086.15,64138,209784,23.64
KAYTEX,SM,24-Jul-2026,58.75,56.0,59.9,55.9,58.1,59.0,58.88,54400,32.03,10,51200,94.12
KCEIL,ST,24-Jul-2026,88.5,89.4,89.5,86.05,87.0,87.6,87.64,11500,10.08,20,9500,82.61
KCK,SM,24-Jul-2026,16.2,16.35,17.8,16.25,17.75,17.7,17.38,587500,102.08,167,472500,80.43
KCP,EQ,24-Jul-2026,163.19,162.0,164.64,161.0,163.0,162.64,162.66,47375,77.06,1572,21306,44.97
KCPSUGIND,EQ,24-Jul-2026,24.19,24.1,28.75,24.1,27.9,27.85,27.35,3946850,1079.46,17691,1493897,37.85
KDDL,EQ,24-Jul-2026,3094.9,3094.0,3159.0,3045.0,3150.5,3135.2,3111.81,14325,445.77,3196,5095,35.57
KDL,SM,24-Jul-2026,113.25,113.0,118.9,112.0,117.0,118.15,116.18,24000,27.88,103,18750,78.13
KEC,EQ,24-Jul-2026,472.95,469.2,477.7,462.4,469.45,469.9,469.52,819658,3848.47,21472,474731,57.92
KECL,BE,24-Jul-2026,125.91,126.53,126.53,121.1,125.6,124.85,124.0,40747,50.53,319,-,-
KEEPLEARN,EQ,24-Jul-2026,1.89,1.85,1.88,1.76,1.87,1.85,1.85,9483,0.18,63,7583,79.96
KEI,EQ,24-Jul-2026,4897.5,4897.0,4900.0,4792.0,4870.5,4868.0,4850.94,127284,6174.47,14243,44285,34.79
KEL,SM,24-Jul-2026,81.5,81.45,81.45,81.45,81.45,81.45,81.45,1200,0.98,1,1200,100.00
KELLTONTEC,EQ,24-Jul-2026,14.37,14.43,14.47,14.01,14.14,14.09,14.17,2222911,314.95,4349,1150232,51.74
KEN,SM,24-Jul-2026,36.45,35.8,35.8,34.3,35.0,35.0,35.23,8400,2.96,5,7200,85.71
KENNAMET,EQ,24-Jul-2026,2773.8,2712.7,2798.8,2712.4,2781.0,2782.9,2764.45,6177,170.76,1169,3075,49.78
KERNEX,EQ,24-Jul-2026,2220.5,2178.0,2215.9,2129.0,2207.9,2205.2,2180.93,97918,2135.52,7244,46567,47.56
KESORAMIND,BE,24-Jul-2026,11.95,11.72,11.72,11.72,11.72,11.72,11.72,93757,10.99,167,-,-
KEYFINSERV,EQ,24-Jul-2026,256.32,262.9,262.9,246.51,253.24,253.89,253.22,1018,2.58,79,588,57.76
KFINTECH,EQ,24-Jul-2026,868.25,868.0,872.2,855.6,859.0,857.75,862.55,749479,6464.64,24818,237179,31.65
KHADIM,BE,24-Jul-2026,93.4,92.55,95.45,92.55,94.25,94.13,94.14,12146,11.43,145,-,-
KHAICHEM,BE,24-Jul-2026,48.89,48.89,48.89,46.66,47.9,47.95,47.94,59586,28.57,350,-,-
KHAITANLTD,BE,24-Jul-2026,130.44,128.55,132.5,128.55,132.5,128.83,128.69,207,0.27,4,-,-
KHANDSE,EQ,24-Jul-2026,17.61,17.4,17.9,16.91,17.88,17.83,17.83,253,0.05,17,137,54.15
KHFM,SM,24-Jul-2026,46.7,44.1,46.65,44.0,46.65,44.7,44.7,6200,2.77,4,6200,100.00
KICL,EQ,24-Jul-2026,5365.0,5355.5,5384.5,5288.5,5290.0,5298.0,5323.53,1197,63.72,238,810,67.67
KILITCH,BE,24-Jul-2026,174.21,174.21,180.99,170.1,179.31,180.01,177.93,18428,32.79,172,-,-
KIMS,EQ,24-Jul-2026,781.55,780.0,799.9,779.05,795.0,797.85,786.64,792395,6233.3,26428,598216,75.49
KINGFA,EQ,24-Jul-2026,5025.0,5025.0,5250.0,4983.0,5225.0,5212.0,5164.59,10477,541.09,2348,6324,60.36
KIOCL,EQ,24-Jul-2026,351.15,348.0,350.85,341.25,348.0,348.75,346.61,62924,218.1,3405,29940,47.58
KIRANVYPAR,EQ,24-Jul-2026,199.7,199.7,202.0,196.25,200.0,200.32,201.26,3343,6.73,105,2459,73.56
KIRIINDUS,EQ,24-Jul-2026,411.05,407.0,409.8,398.2,405.95,405.55,403.52,141246,569.95,3600,67904,48.07
KIRLFER,EQ,24-Jul-2026,464.7,462.35,476.0,457.05,470.0,470.65,468.47,95458,447.2,6719,72014,75.44
KIRLOSBROS,EQ,24-Jul-2026,1847.6,1835.0,1844.9,1795.1,1840.9,1836.1,1819.3,47527,864.66,5785,18339,38.59
KIRLOSENG,EQ,24-Jul-2026,2179.0,2174.9,2211.0,2132.4,2196.0,2182.5,2163.43,212143,4589.56,16100,99089,46.71
KIRLOSIND,EQ,24-Jul-2026,3737.3,3700.0,3805.5,3700.0,3751.0,3787.7,3745.79,9238,346.04,1835,5814,62.94
KIRLPNU,EQ,24-Jul-2026,1517.6,1494.8,1523.3,1464.4,1493.9,1497.1,1484.79,885456,13147.19,80171,485099,54.79
KISSHT,EQ,24-Jul-2026,345.95,342.15,350.5,334.3,340.6,340.15,341.09,1265697,4317.22,23238,469181,37.07
KITEX,EQ,24-Jul-2026,144.19,143.0,147.95,142.85,146.89,147.04,145.41,342753,498.41,5031,157412,45.93
KKCL,EQ,24-Jul-2026,500.85,498.3,507.9,497.0,506.0,502.3,502.78,35688,179.43,1264,24275,68.02
KKJEWELS,SM,24-Jul-2026,111.0,105.2,114.75,104.0,104.0,104.05,110.27,61000,67.27,52,41000,67.21
KKVAPOW,SM,24-Jul-2026,499.35,499.35,499.35,499.35,499.35,499.35,499.35,171,0.85,1,171,100.00
KLBRENG-B,EQ,24-Jul-2026,437.8,440.35,442.5,435.0,439.65,439.5,438.53,16406,71.95,1228,10227,62.34
KLL,SM,24-Jul-2026,29.2,28.75,29.25,28.05,28.7,29.1,28.63,8800,2.52,7,7200,81.82
KMEW,EQ,24-Jul-2026,2341.6,2311.0,2468.0,2310.4,2450.0,2430.3,2391.01,73439,1755.93,10541,34762,47.33
KMSUGAR,EQ,24-Jul-2026,27.88,27.8,27.98,27.0,27.77,27.66,27.46,77377,21.25,988,36028,46.56
KNACK,EQ,24-Jul-2026,193.13,190.99,195.9,189.01,194.0,194.88,192.66,1207259,2325.91,11689,400222,33.15
KNAGRI,EQ,24-Jul-2026,207.76,212.7,214.89,206.9,213.5,213.64,212.31,6554,13.91,183,4379,66.81
KNRCON,EQ,24-Jul-2026,119.28,119.0,121.89,117.72,121.78,121.22,119.98,605172,726.07,9311,282305,46.65
KODYTECH,SM,24-Jul-2026,1188.5,1185.0,1233.0,1160.0,1233.0,1223.0,1193.62,12900,153.98,88,9000,69.77
KOHINOOR,EQ,24-Jul-2026,22.56,22.56,23.2,22.32,23.09,22.92,22.76,77468,17.63,2124,19723,25.46
KOKUYOCMLN,EQ,24-Jul-2026,84.25,84.93,85.0,82.3,83.5,83.87,83.5,15456,12.91,291,10641,68.85
KOLTEPATIL,EQ,24-Jul-2026,388.3,388.0,395.0,384.25,390.0,391.25,391.32,119088,466.01,3623,68586,57.59
KONSTELEC,ST,24-Jul-2026,61.3,61.1,64.35,61.0,64.35,64.35,63.33,15000,9.5,13,15000,100.00
KOPRAN,BE,24-Jul-2026,197.78,198.5,199.9,195.0,199.7,198.74,197.5,72339,142.87,411,-,-
KORE,SM,24-Jul-2026,163.95,160.0,170.0,160.0,165.0,167.5,163.75,1000,1.64,4,1000,100.00
KOTAKBANK,EQ,24-Jul-2026,383.35,378.6,386.5,378.6,384.6,384.75,383.77,13308317,51073.03,130244,9897843,74.37
KOTARISUG,EQ,24-Jul-2026,24.68,24.9,24.9,24.15,24.44,24.45,24.54,45876,11.26,230,38713,84.39
KOTHARIPET,EQ,24-Jul-2026,133.71,132.2,134.65,130.0,131.65,131.82,131.98,43007,56.76,1119,15778,36.69
KOTHARIPRO,EQ,24-Jul-2026,67.73,70.0,70.0,65.6,68.45,68.08,66.92,6039,4.04,163,4924,81.54
KOTIC,EQ,24-Jul-2026,164.19,155.5,165.4,155.5,165.4,163.0,161.72,5480,8.86,382,2404,43.87
KOTYARK,BE,24-Jul-2026,33.1,33.34,33.57,31.45,31.9,31.82,31.98,170874,54.64,500,-,-
KOVAI,EQ,24-Jul-2026,5750.5,5755.0,5890.0,5700.5,5890.0,5845.0,5781.89,2149,124.25,557,1301,60.54
KPEL,EQ,24-Jul-2026,304.15,302.0,306.35,298.1,301.0,302.8,300.92,232177,698.66,5274,139323,60.01
KPIGREEN,EQ,24-Jul-2026,390.3,385.5,395.0,382.65,392.5,390.2,389.17,482779,1878.83,15036,169104,35.03
KPIL,EQ,24-Jul-2026,1297.9,1289.5,1309.4,1273.1,1299.0,1299.9,1293.05,131284,1697.57,14456,72364,55.12
KPITTECH,EQ,24-Jul-2026,550.9,547.05,587.0,546.15,583.3,583.2,575.65,9475364,54544.86,115660,2574786,27.17
KPL,EQ,24-Jul-2026,2672.3,2671.9,2820.0,2664.0,2790.0,2781.7,2761.82,45996,1270.33,8576,21250,46.20
KPRMILL,EQ,24-Jul-2026,1033.4,1034.4,1066.1,1015.0,1061.4,1061.5,1040.08,458555,4769.33,35719,211194,46.06
KRBL,EQ,24-Jul-2026,343.85,341.0,351.85,339.5,351.5,350.75,346.31,204492,708.18,6423,95483,46.69
KREBSBIO,EQ,24-Jul-2026,52.6,52.99,53.22,50.81,53.22,51.9,52.2,2932,1.53,76,2432,82.95
KRIDHANINF,BE,24-Jul-2026,2.47,2.47,2.48,2.35,2.45,2.44,2.39,24232,0.58,50,-,-
KRISHANA,EQ,24-Jul-2026,155.75,153.5,163.95,149.6,161.45,162.05,158.39,3503242,5548.68,21480,1719765,49.09
KRISHCA,SM,24-Jul-2026,170.65,172.0,172.0,166.15,170.0,170.0,168.83,6500,10.97,12,4000,61.54
KRISHIVAL,EQ,24-Jul-2026,391.15,400.0,400.0,386.25,386.3,387.55,389.28,1184,4.61,118,671,56.67
KRISHNADEF,EQ,24-Jul-2026,1309.3,1296.2,1325.0,1271.9,1320.0,1316.8,1297.46,70677,917.0,6237,20283,28.70
KRITI,BE,24-Jul-2026,64.23,65.05,66.0,63.55,65.5,64.25,64.69,4141,2.68,56,-,-
KRITIKA,EQ,24-Jul-2026,5.53,5.52,5.65,5.4,5.5,5.47,5.46,122730,6.7,378,78968,64.34
KRITINUT,BE,24-Jul-2026,76.13,76.0,76.0,74.0,75.0,75.21,75.16,4297,3.23,81,-,-
KRMAYURVED,ST,24-Jul-2026,249.05,248.5,259.0,246.05,255.1,255.3,253.44,59000,149.53,41,52000,88.14
KRN,BE,24-Jul-2026,1229.1,1200.1,1239.9,1200.0,1230.2,1233.9,1216.98,66867,813.76,4471,-,-
KRONOX,EQ,24-Jul-2026,152.41,152.41,155.88,148.0,154.26,154.39,152.05,86661,131.77,1829,35579,41.06
KROSS,EQ,24-Jul-2026,205.2,203.0,207.5,200.68,207.5,206.13,203.86,481606,981.78,8332,153831,31.94
KRSNAA,EQ,24-Jul-2026,536.4,544.0,550.35,525.85,550.0,544.8,539.08,118998,641.49,7133,49409,41.52
KRT,RR,24-Jul-2026,116.26,116.5,116.98,116.05,116.97,116.69,116.43,200297,233.2,3413,134696,67.25
KRYSTAL,EQ,24-Jul-2026,600.6,602.55,602.7,600.05,600.2,601.4,600.9,10594,63.66,258,6265,59.14
KSB,EQ,24-Jul-2026,870.25,865.0,875.0,840.1,875.0,866.05,861.95,65587,565.33,8945,35353,53.90
KSCL,EQ,24-Jul-2026,828.8,828.8,838.9,819.05,838.9,835.5,828.97,34869,289.05,3391,16796,48.17
KSHINTL,EQ,24-Jul-2026,867.75,855.05,895.0,853.15,893.0,888.45,874.47,144915,1267.25,8694,60465,41.72
KSHITIJPOL,BE,24-Jul-2026,2.73,2.86,2.86,2.86,2.86,2.86,2.86,971238,27.78,321,-,-
KSL,EQ,24-Jul-2026,888.6,880.0,899.4,867.6,890.0,892.95,883.66,14327,126.6,1948,5803,40.50
KSOLVES,EQ,24-Jul-2026,280.7,285.1,285.2,273.05,280.1,280.9,278.47,67468,187.88,2583,26518,39.30
KSR,EQ,24-Jul-2026,28.72,29.4,29.8,28.2,29.8,29.52,29.07,8224,2.39,63,7196,87.50
KTKBANK,EQ,24-Jul-2026,281.8,278.6,282.4,274.2,279.9,279.7,278.78,1964088,5475.54,19979,913592,46.51
KUANTUM,EQ,24-Jul-2026,79.68,79.7,80.19,76.99,77.25,77.36,78.05,93014,72.6,1429,49008,52.69
KUSUMGAR,EQ,24-Jul-2026,608.25,602.3,613.3,588.75,601.95,601.35,600.88,735445,4419.14,20076,238594,32.44
KWIL,EQ,24-Jul-2026,31.75,31.6,32.18,31.05,32.18,32.0,31.61,5210851,1647.37,14063,2398716,46.03
LAGNAM,EQ,24-Jul-2026,89.59,89.35,92.0,86.51,90.4,90.31,89.6,13259,11.88,196,9126,68.83
LAHOTIOV,EQ,24-Jul-2026,42.34,43.98,43.98,43.95,43.95,43.95,43.97,14,0.01,4,14,100.00
LAKPRE,BZ,24-Jul-2026,5.07,5.1,5.1,5.05,5.05,5.05,5.06,121,0.01,3,-,-
LAKSHYA,ST,24-Jul-2026,99.5,96.2,97.5,95.0,95.55,95.75,95.74,6400,6.13,7,5600,87.50
LAL,EQ,24-Jul-2026,8.74,8.74,8.89,8.3,8.59,8.38,8.52,16361,1.39,181,9781,59.78
LALPATHLAB,EQ,24-Jul-2026,1687.1,1670.2,1791.4,1650.9,1775.0,1759.2,1713.85,1445810,24778.95,133399,514879,35.61
LAMBODHARA,EQ,24-Jul-2026,112.96,112.5,113.02,110.61,113.0,112.27,111.88,4770,5.34,158,3975,83.33
LAMOSAIC,ST,24-Jul-2026,46.55,45.3,48.6,45.05,47.0,48.3,47.95,69000,33.08,43,65400,94.78
LANCORHOL,EQ,24-Jul-2026,24.18,23.75,26.59,23.73,25.6,25.81,25.52,199891,51.02,1119,110561,55.31
LANDMARK,EQ,24-Jul-2026,505.85,500.15,522.0,487.1,522.0,512.8,501.48,244103,1224.13,9663,85549,35.05
LANDSMILL,EQ,24-Jul-2026,0.75,0.75,0.77,0.75,0.76,0.75,0.75,1072049,8.09,547,570704,53.23
LAOPALA,EQ,24-Jul-2026,187.52,185.1,187.49,181.55,183.5,184.35,184.02,121977,224.46,3756,61504,50.42
LASA,EQ,24-Jul-2026,7.1,7.02,7.25,6.75,6.97,6.94,6.89,162692,11.21,267,104105,63.99
LASERPOWER,EQ,24-Jul-2026,279.57,277.4,307.52,272.52,307.52,307.52,294.13,6556933,19286.1,58092,2303724,35.13
LATENTVIEW,EQ,24-Jul-2026,293.9,292.6,297.0,289.3,296.4,296.05,294.1,227178,668.13,7337,95505,42.04
LATTEYS,BE,24-Jul-2026,19.93,20.3,20.69,19.82,20.11,20.4,20.34,11423,2.32,81,-,-
LAURUSLABS,EQ,24-Jul-2026,1568.3,1560.0,1610.0,1554.9,1609.0,1601.2,1586.65,2647403,42005.07,72133,831195,31.40
LAXMICOT,EQ,24-Jul-2026,14.46,14.46,14.46,14.02,14.1,14.12,14.2,2474,0.35,48,2217,89.61
LAXMIDENTL,EQ,24-Jul-2026,215.27,212.1,219.05,211.0,216.1,216.44,214.08,97347,208.4,2642,43311,44.49
LAXMIINDIA,BE,24-Jul-2026,129.37,127.2,129.99,122.91,129.0,129.12,125.2,95575,119.66,808,-,-
LCCINFOTEC,EQ,24-Jul-2026,4.55,4.73,4.73,4.33,4.38,4.38,4.36,51278,2.23,114,41853,81.62
LEMERITE,EQ,24-Jul-2026,20.18,20.3,21.08,20.06,20.65,20.5,20.48,594209,121.7,1273,317561,53.44
LEMONTREE,EQ,24-Jul-2026,110.04,109.45,110.44,107.61,109.89,109.36,108.6,2400874,2607.33,41888,1197194,49.86
LENSKART,EQ,24-Jul-2026,557.4,548.8,559.75,545.3,553.3,555.9,556.14,2426138,13492.62,60934,1343878,55.39
LEXUS,EQ,24-Jul-2026,15.01,14.85,15.4,14.47,15.1,15.13,14.99,11135,1.67,90,3868,34.74
LFIC,EQ,24-Jul-2026,144.99,144.98,144.98,140.0,141.0,143.3,141.71,1220,1.73,44,902,73.93
LGBBROSLTD,EQ,24-Jul-2026,1540.8,1540.8,1553.0,1506.5,1553.0,1540.4,1527.91,16520,252.41,2335,9668,58.52
LGEINDIA,EQ,24-Jul-2026,1528.6,1520.0,1537.7,1510.1,1531.0,1527.2,1523.37,203768,3104.14,12579,113118,55.51
LGHL,EQ,24-Jul-2026,206.24,224.85,224.9,200.9,209.0,203.91,208.15,38600,80.35,1067,5625,14.57
LIBAS,EQ,24-Jul-2026,10.35,10.35,10.45,9.97,10.02,10.04,10.04,37048,3.72,175,24294,65.57
LIBERTSHOE,EQ,24-Jul-2026,257.4,261.95,261.95,252.0,259.45,258.25,256.64,33450,85.85,1712,11544,34.51
LICHSGFIN,EQ,24-Jul-2026,533.7,530.15,542.15,529.25,540.0,538.95,536.75,516519,2772.41,14693,218057,42.22
LICI,EQ,24-Jul-2026,421.4,421.4,424.0,416.6,421.8,421.3,420.39,862880,3627.43,15427,311365,36.08
LICMFGOLD,EQ,24-Jul-2026,129.5,129.7,129.7,127.05,128.4,128.7,128.06,91049,116.6,534,41511,45.59
LICNETFGSC,EQ,24-Jul-2026,29.41,29.3,29.45,29.3,29.36,29.36,29.39,12021,3.53,65,5100,42.43
LICNETFN50,EQ,24-Jul-2026,267.23,266.55,267.46,265.21,267.46,266.3,266.28,238,0.63,23,187,78.57
LICNETFSEN,EQ,24-Jul-2026,876.24,857.42,862.3,855.0,862.3,862.07,858.18,562,4.82,27,259,46.09
LICNFNHGP,EQ,24-Jul-2026,273.8,271.84,273.4,271.24,273.4,273.4,271.75,208,0.57,10,129,62.02
LICNMID100,EQ,24-Jul-2026,62.01,61.38,62.23,61.3,62.0,62.07,61.69,59777,36.88,91,57066,95.46
LIKHITHA,EQ,24-Jul-2026,231.2,222.2,230.0,222.2,230.0,226.6,226.1,22042,49.84,988,13300,60.34
LINC,EQ,24-Jul-2026,103.31,103.31,103.31,100.8,102.99,102.67,102.0,7563,7.71,485,4851,64.14
LINCOLN,EQ,24-Jul-2026,587.3,584.9,590.35,574.55,585.0,580.0,579.77,12329,71.48,842,6900,55.97
LINDEINDIA,EQ,24-Jul-2026,6709.5,6677.5,6813.5,6651.5,6702.0,6731.0,6730.12,19371,1303.69,5639,9010,46.51
LIQGRWBEES,EQ,24-Jul-2026,1048.66,1049.04,1049.06,1049.04,1049.06,1049.05,1049.06,54646,573.27,257,47444,86.82
LIQUID,EQ,24-Jul-2026,999.99,999.99,1000.0,999.99,999.99,999.99,999.99,114699,1146.98,140,87944,76.67
LIQUID1,EQ,24-Jul-2026,1114.75,1114.7,1115.22,1114.54,1115.22,1115.2,1115.21,1111009,12390.07,780,618323,55.65
LIQUIDADD,EQ,24-Jul-2026,1136.9,1137.35,1137.37,1137.34,1137.36,1137.35,1137.36,743893,8460.7,731,571136,76.78
LIQUIDBEES,EQ,24-Jul-2026,999.99,1000.0,1000.01,999.99,999.99,999.99,1000.0,4338278,43382.58,4568,3652729,84.20
LIQUIDBETA,EQ,24-Jul-2026,1001.18,1001.57,1001.58,1001.57,1001.57,1001.57,1001.57,1697,17.0,4,1697,100.00
LIQUIDBETF,EQ,24-Jul-2026,1091.38,1091.81,1091.82,1091.8,1091.82,1091.81,1091.81,329598,3598.59,113,259076,78.60
LIQUIDCASE,EQ,24-Jul-2026,115.13,115.16,115.18,115.16,115.17,115.17,115.17,15621206,17991.36,13529,12244663,78.38
LIQUIDETF,EQ,24-Jul-2026,999.99,1000.0,1000.01,999.99,1000.01,1000.0,1000.0,93255,932.55,215,63116,67.68
LIQUIDIETF,EQ,24-Jul-2026,999.99,999.99,1000.01,999.99,1000.0,999.99,1000.0,173380,1733.8,352,115073,66.37
LIQUIDPLUS,EQ,24-Jul-2026,1095.59,1096.02,1096.04,1096.02,1096.04,1096.02,1096.03,446363,4892.27,322,359110,80.45
LIQUIDSBI,EQ,24-Jul-2026,1000.0,999.99,1000.01,999.99,1000.0,1000.0,1000.0,2264,22.64,25,1520,67.14
LIQUIDSHRI,EQ,24-Jul-2026,1114.14,1114.54,1114.55,1114.54,1114.54,1114.54,1114.54,24052,268.07,41,24010,99.83
LLOYDS,ST,24-Jul-2026,71.0,69.55,70.5,69.55,70.5,70.5,70.18,3000,2.11,3,3000,100.00
LLOYDSENGG,EQ,24-Jul-2026,87.36,87.0,88.9,84.88,88.24,88.42,86.97,6572695,5716.37,24286,2237872,34.05
LLOYDSENT,EQ,24-Jul-2026,77.98,77.01,78.45,75.7,78.3,78.04,77.1,2984293,2300.84,13188,1080060,36.19
LLOYDSME,EQ,24-Jul-2026,1930.6,1920.0,1950.0,1875.1,1932.6,1940.5,1922.39,548561,10545.5,27757,239015,43.57
LMW,EQ,24-Jul-2026,15934.0,15859.0,17699.0,15600.0,15600.0,15763.0,16403.75,30751,5044.32,10155,5038,16.38
LODHA,EQ,24-Jul-2026,1146.4,1137.0,1166.3,1124.0,1143.9,1144.1,1145.5,1446063,16564.62,39098,622621,43.06
LOKESHMACH,BE,24-Jul-2026,339.75,339.75,339.75,338.95,339.0,339.0,339.29,9365,31.77,88,-,-
LORDSCHLO,EQ,24-Jul-2026,145.07,148.0,152.0,144.0,149.6,149.05,148.84,38825,57.79,1606,22608,58.23
LOTUSDEV,EQ,24-Jul-2026,173.57,175.0,180.9,174.5,180.26,180.39,179.0,13259101,23733.47,44616,3788240,28.57
LOTUSEYE,EQ,24-Jul-2026,118.36,119.54,121.98,117.01,118.6,119.06,119.27,64806,77.29,500,56331,86.92
LOVABLE,EQ,24-Jul-2026,71.93,72.13,72.88,70.53,72.01,71.96,71.8,9826,7.06,267,7946,80.87
LOWVOL,EQ,24-Jul-2026,206.32,205.21,206.36,205.21,205.73,205.73,205.83,444,0.91,8,114,25.68
LOWVOL1,EQ,24-Jul-2026,21.11,20.95,21.13,20.83,20.83,20.95,21.02,1004891,211.25,195,900383,89.60
LOWVOLIETF,EQ,24-Jul-2026,22.1,22.08,22.15,21.89,22.1,22.08,22.09,1781256,393.48,952,1572242,88.27
LOYALTEX,EQ,24-Jul-2026,207.06,225.0,225.0,204.7,205.0,205.05,215.1,158,0.34,24,94,59.49
LPDC,EQ,24-Jul-2026,6.18,6.11,6.35,6.0,6.06,6.1,6.07,86801,5.27,322,48985,56.43
LRRPL,SM,24-Jul-2026,86.05,91.95,91.95,86.05,86.05,86.05,88.61,7500,6.65,5,6000,80.00
LT,EQ,24-Jul-2026,3792.4,3751.0,3805.0,3720.0,3787.9,3785.6,3763.74,1994087,75052.28,135397,1061331,53.22
LTF,EQ,24-Jul-2026,305.05,303.0,304.8,297.15,302.5,302.4,301.09,2838253,8545.77,40257,873809,30.79
LTFOODS,EQ,24-Jul-2026,373.25,370.2,377.05,369.4,376.0,375.6,373.01,220480,822.41,11508,104360,47.33
LTGILTBEES,EQ,24-Jul-2026,29.84,29.88,29.9,29.8,29.84,29.86,29.85,2450631,731.47,769,2291998,93.53
LTGILTCASE,EQ,24-Jul-2026,30.45,30.55,30.55,30.28,30.46,30.45,30.4,34187,10.39,159,21652,63.33
LTM,EQ,24-Jul-2026,3965.3,3945.5,4102.4,3937.0,4081.0,4091.8,4044.44,367416,14859.91,29480,128658,35.02
LTTS,EQ,24-Jul-2026,3375.3,3365.0,3448.0,3337.5,3418.5,3418.1,3402.25,84347,2869.7,12420,31261,37.06
LUMAXIND,EQ,24-Jul-2026,5093.5,5093.5,5150.0,5020.5,5150.0,5142.0,5091.23,12385,630.55,1881,3563,28.77
LUMAXTECH,EQ,24-Jul-2026,1474.5,1462.5,1472.5,1430.0,1462.2,1465.8,1450.69,80809,1172.29,11295,33443,41.39
LUPIN,EQ,24-Jul-2026,2396.3,2360.0,2388.4,2340.0,2371.0,2370.5,2365.66,725528,17163.55,64176,443001,61.06
LUXIND,EQ,24-Jul-2026,1229.6,1215.0,1233.0,1205.1,1228.8,1226.6,1216.5,14548,176.98,1485,7112,48.89
LXCHEM,EQ,24-Jul-2026,182.98,180.06,186.6,178.22,182.7,182.28,182.3,1572439,2866.58,21156,457252,29.08
LYKALABS,BE,24-Jul-2026,62.89,60.52,63.99,60.52,62.62,62.53,62.65,4892,3.07,59,-,-
M&M,EQ,24-Jul-2026,3229.7,3215.3,3217.0,3135.1,3165.0,3161.4,3160.15,2135688,67490.97,138788,1345134,62.98
M&MFIN,EQ,24-Jul-2026,370.35,365.0,368.0,355.55,358.35,356.5,361.09,4252062,15353.8,54289,1876624,44.13
MAANALU,EQ,24-Jul-2026,113.99,113.0,116.0,112.0,114.55,114.86,113.74,31311,35.61,899,18297,58.44
MACOBSTECH,SM,24-Jul-2026,210.0,210.0,212.0,207.1,207.1,207.1,210.06,19200,40.33,12,18400,95.83
MACPOWER,EQ,24-Jul-2026,1353.2,1353.2,1384.6,1317.9,1332.0,1344.5,1350.44,12213,164.93,1900,7567,61.96
MADHAV,EQ,24-Jul-2026,34.06,34.06,34.06,32.1,33.01,33.79,33.19,13892,4.61,338,8140,58.59
MADHAVBAUG,ST,24-Jul-2026,206.35,200.1,202.0,200.0,202.0,202.0,200.7,1200,2.41,3,1200,100.00
MADHAVIPL,EQ,24-Jul-2026,7.99,8.05,8.18,7.69,7.76,7.85,7.88,115513,9.1,394,96084,83.18
MADHUCON,BE,24-Jul-2026,5.15,5.17,5.34,5.01,5.31,5.31,5.2,12934,0.67,57,-,-
MADHUSUDAN,ST,24-Jul-2026,236.3,232.25,241.75,229.1,233.0,233.0,236.09,60000,141.65,48,44000,73.33
MADRASFERT,EQ,24-Jul-2026,66.63,66.01,67.5,65.6,66.7,66.35,66.33,37915,25.15,725,16733,44.13
MAFANG,EQ,24-Jul-2026,197.77,196.15,196.15,195.16,196.0,196.13,196.13,227679,446.54,7082,221626,97.34
MAFATIND,EQ,24-Jul-2026,132.36,130.55,134.69,130.5,132.0,132.9,132.3,49727,65.79,800,34059,68.49
MAGADSUGAR,EQ,24-Jul-2026,495.85,494.1,498.9,487.55,494.0,493.85,493.63,2754,13.59,271,1688,61.29
MAGNUM,EQ,24-Jul-2026,19.08,19.08,20.2,18.52,19.21,19.42,19.46,89282,17.38,169,78149,87.53
MAGSON,SM,24-Jul-2026,183.95,187.0,187.0,180.0,180.0,180.0,183.0,4000,7.32,4,3000,75.00
MAHABANK,EQ,24-Jul-2026,78.48,78.1,81.49,78.02,80.5,81.03,80.22,18251458,14640.88,51807,7511986,41.16
MAHAPEXLTD,EQ,24-Jul-2026,44.02,44.26,44.5,42.0,43.69,43.53,43.18,7751,3.35,136,6316,81.49
MAHASTEEL,EQ,24-Jul-2026,781.6,770.95,799.95,718.25,749.4,757.35,770.69,6046,46.6,438,3284,54.32
MAHEPC,EQ,24-Jul-2026,104.69,105.9,107.09,103.51,105.89,105.38,105.17,43999,46.27,803,11318,25.72
MAHESHWARI,BE,24-Jul-2026,73.0,71.26,73.36,71.01,73.15,73.15,72.87,11905,8.67,35,-,-
MAHKTECH,EQ,24-Jul-2026,23.31,23.16,23.16,23.16,23.16,23.16,23.16,166114,38.47,1867,166083,99.98
MAHLIFE,EQ,24-Jul-2026,377.5,377.5,381.85,364.0,375.0,374.65,373.07,560925,2092.62,23773,223063,39.77
MAHLOG,EQ,24-Jul-2026,391.85,393.85,428.65,390.1,416.0,416.35,416.36,1696338,7062.88,40010,588357,34.68
MAHSCOOTER,EQ,24-Jul-2026,12575.0,12561.0,12795.0,12407.0,12775.0,12672.0,12579.11,1418,178.37,725,761,53.67
MAHSEAMLES,EQ,24-Jul-2026,565.1,561.7,573.9,557.2,573.4,571.55,567.62,46882,266.11,5132,24885,53.08
MAITHANALL,EQ,24-Jul-2026,969.0,965.0,980.0,956.6,964.8,959.3,963.1,43318,417.19,3066,29791,68.77
MAJESAUT,EQ,24-Jul-2026,429.45,428.8,428.8,410.0,425.0,422.8,417.5,16463,68.73,1148,9451,57.41
MAKEINDIA,EQ,24-Jul-2026,162.06,160.82,162.5,160.01,161.55,161.52,161.12,20574,33.15,408,17048,82.86
MALLCOM,EQ,24-Jul-2026,1001.6,980.0,1058.0,980.0,1032.0,1038.9,1010.87,3833,38.75,448,2882,75.19
MALUPAPER,EQ,24-Jul-2026,34.93,34.99,38.8,34.51,35.99,35.68,36.76,299384,110.05,3343,72817,24.32
MAMATA,EQ,24-Jul-2026,397.15,393.25,398.45,393.0,396.45,395.45,396.19,46859,185.65,1268,25572,54.57
MANAKALUCO,EQ,24-Jul-2026,35.73,34.99,35.8,34.33,35.1,35.23,35.3,34625,12.22,719,26235,75.77
MANAKCOAT,EQ,24-Jul-2026,125.82,125.82,127.63,123.4,125.7,126.02,126.11,326266,411.44,3263,111184,34.08
MANAKSIA,EQ,24-Jul-2026,56.33,56.61,56.61,55.15,55.4,55.82,55.65,18168,10.11,319,13099,72.10
MANAKSTEEL,BE,24-Jul-2026,71.07,72.49,72.7,67.61,71.92,70.72,70.03,36251,25.39,244,-,-
MANALIPETC,EQ,24-Jul-2026,64.8,64.8,66.99,64.5,66.7,66.77,66.26,963190,638.19,6536,380853,39.54
MANAPPURAM,EQ,24-Jul-2026,352.45,346.45,354.2,343.55,353.45,352.95,350.06,3371207,11801.32,48289,1480886,43.93
MANAV,SM,24-Jul-2026,31.4,29.85,29.85,29.85,29.85,29.85,29.85,8000,2.39,2,8000,100.00
MANBA,EQ,24-Jul-2026,137.09,137.41,139.04,137.0,137.76,138.21,138.27,188188,260.2,1422,117691,62.54
MANCREDIT,EQ,24-Jul-2026,215.68,215.9,218.11,209.49,214.15,215.03,215.18,178401,383.88,2014,96154,53.90
MANDEEP,SM,24-Jul-2026,19.15,18.2,19.95,18.2,19.95,19.95,18.78,6000,1.13,3,2000,33.33
MANGALAM,EQ,24-Jul-2026,27.17,27.17,27.67,26.4,27.1,27.22,27.11,12092,3.28,121,9737,80.52
MANGLMCEM,EQ,24-Jul-2026,982.65,950.25,986.2,950.25,985.0,984.05,978.13,68805,673.0,1519,39547,57.48
MANINDS,EQ,24-Jul-2026,533.3,529.5,534.7,515.85,526.55,527.35,526.2,182399,959.78,6768,81242,44.54
MANINFRA,EQ,24-Jul-2026,97.68,97.0,97.75,95.52,97.45,96.68,96.92,758346,735.01,4211,136900,18.05
MANKIND,EQ,24-Jul-2026,2557.4,2548.0,2554.8,2501.3,2512.0,2507.2,2520.84,186027,4689.45,15864,89003,47.84
MANOMAY,EQ,24-Jul-2026,203.55,203.0,204.0,197.11,200.0,202.68,202.68,225729,457.51,1173,73409,32.52
MANORAMA,EQ,24-Jul-2026,1579.9,1579.9,1600.1,1567.3,1581.8,1585.5,1585.25,67923,1076.75,7291,34726,51.13
MANORG,BE,24-Jul-2026,528.65,528.65,530.0,513.05,520.0,523.6,524.44,6318,33.13,92,-,-
MANUFGBEES,EQ,24-Jul-2026,160.14,161.74,161.74,158.04,159.58,159.47,159.24,2505,3.99,81,2210,88.22
MANUGRAPH,BE,24-Jul-2026,13.86,13.86,14.39,13.17,13.75,13.51,13.24,38678,5.12,83,-,-
MANYAVAR,EQ,24-Jul-2026,402.15,398.0,406.9,396.0,406.0,402.3,401.16,99319,398.43,7889,31441,31.66
MAPMYINDIA,EQ,24-Jul-2026,1081.85,1078.0,1135.0,1073.0,1130.0,1117.1,1100.62,399157,4393.2,20863,93525,23.43
MARALOVER,BE,24-Jul-2026,56.9,57.75,57.75,54.06,56.89,56.0,55.76,11725,6.54,68,-,-
MARATHON,EQ,24-Jul-2026,383.75,381.8,390.45,376.2,382.5,382.75,383.29,38695,148.31,2435,18113,46.81
MARC,SM,24-Jul-2026,117.85,119.5,121.2,116.05,121.2,120.85,119.63,49200,58.86,39,31200,63.41
MARCO,SM,24-Jul-2026,32.8,35.3,35.3,34.5,34.5,34.5,34.9,3000,1.05,2,1500,50.00
MARICO,EQ,24-Jul-2026,853.2,851.8,858.0,841.5,857.8,855.6,850.97,1968480,16751.2,66467,1024098,52.02
MARINE,EQ,24-Jul-2026,247.85,243.45,257.55,241.0,255.0,254.8,250.92,1018743,2556.21,20040,275022,27.00
MARINETRAN,SM,24-Jul-2026,14.15,14.15,14.15,14.15,14.15,14.15,14.15,4000,0.57,1,4000,100.00
MARKOLINES,EQ,24-Jul-2026,176.26,176.35,178.58,173.5,176.0,175.85,175.75,179629,315.7,2561,56512,31.46
MARKSANS,EQ,24-Jul-2026,246.1,244.9,248.6,242.4,246.95,246.3,245.63,806514,1981.02,21255,311470,38.62
MARSONS,EQ,24-Jul-2026,113.27,113.02,114.18,109.11,110.14,109.92,112.07,2244547,2515.46,12052,369539,16.46
MARUTI,EQ,24-Jul-2026,13403.0,13340.0,13495.0,13197.0,13450.0,13442.0,13369.81,223369,29864.0,42940,83647,37.45
MASFIN,EQ,24-Jul-2026,315.0,311.1,314.8,309.1,313.5,313.55,313.16,95018,297.56,5174,56584,59.55
MASKINVEST,BE,24-Jul-2026,150.0,147.0,147.1,147.0,147.1,147.1,147.08,51,0.08,5,-,-
MASON,SM,24-Jul-2026,122.25,120.0,122.0,119.0,119.0,120.0,120.28,20000,24.06,29,18000,90.00
MASPTOP50,EQ,24-Jul-2026,79.53,79.53,79.53,79.12,79.53,79.53,79.5,193708,153.99,2484,182120,94.02
MASTEK,EQ,24-Jul-2026,1679.4,1671.8,1693.0,1632.1,1691.0,1690.9,1666.73,49928,832.16,9455,17426,34.90
MASTER,SM,24-Jul-2026,440.0,432.0,432.0,432.0,432.0,432.0,432.0,500,2.16,1,500,100.00
MASTERTR,EQ,24-Jul-2026,85.07,84.6,84.89,83.16,84.83,84.71,84.1,162120,136.34,908,36343,22.42
MATRIMONY,EQ,24-Jul-2026,425.25,429.5,429.5,412.85,423.5,426.05,419.22,8090,33.91,441,3727,46.07
MAWANASUG,BE,24-Jul-2026,112.6,112.6,112.6,108.0,109.3,110.11,109.54,28842,31.59,202,-,-
MAXESTATES,EQ,24-Jul-2026,384.25,378.0,389.95,378.0,389.95,387.15,382.82,76888,294.34,2058,46454,60.42
MAXHEALTH,EQ,24-Jul-2026,1084.2,1076.0,1085.9,1068.8,1079.9,1080.4,1077.62,983063,10593.68,32336,458273,46.62
MAXIND,EQ,24-Jul-2026,165.65,178.5,186.0,173.0,184.0,182.11,179.91,3223259,5798.81,31924,398035,12.35
MAXVOLT,ST,24-Jul-2026,351.5,353.75,353.75,336.15,345.6,344.25,341.27,31600,107.84,76,26800,84.81
MAYASHEEL,SM,24-Jul-2026,36.4,39.0,39.0,38.45,38.45,38.45,38.63,9000,3.48,3,6000,66.67
MAYURUNIQ,EQ,24-Jul-2026,790.15,782.0,800.0,769.65,794.0,788.65,782.84,65366,511.71,11129,35978,55.04
MAZDA,BE,24-Jul-2026,219.87,220.0,222.99,214.7,219.94,216.39,216.37,7336,15.87,133,-,-
MAZDOCK,EQ,24-Jul-2026,2298.9,2275.9,2311.9,2272.0,2302.0,2293.8,2293.19,430126,9863.6,23496,101742,23.65
MBAPL,EQ,24-Jul-2026,146.8,146.0,149.0,144.05,147.75,148.25,146.95,855884,1257.75,11033,373508,43.64
MBEL,EQ,24-Jul-2026,291.25,291.0,297.75,287.45,296.5,296.3,293.02,76520,224.22,5920,34990,45.73
MBLINFRA,BE,24-Jul-2026,25.7,25.5,25.5,24.73,25.25,25.24,25.18,17937,4.52,100,-,-
MCCHRLS-B,EQ,24-Jul-2026,707.0,671.9,714.6,671.9,709.95,709.95,700.1,235,1.65,8,153,65.11
MCL,EQ,24-Jul-2026,52.68,54.0,54.0,52.3,53.87,53.37,53.59,18743,10.04,496,13645,72.80
MCLEODRUSS,BE,24-Jul-2026,54.8,53.3,54.7,52.85,54.0,54.07,53.71,99216,53.29,284,-,-
MCLOUD,EQ,24-Jul-2026,27.25,27.0,27.2,26.4,26.6,26.61,26.82,2286973,613.36,6299,969889,42.41
MCX,EQ,24-Jul-2026,2752.6,2735.0,2747.3,2706.0,2732.5,2730.0,2727.71,1157955,31585.67,100070,458855,39.63
MDL,ST,24-Jul-2026,70.0,69.0,69.0,69.0,69.0,69.0,69.0,2000,1.38,2,2000,100.00
MEDANTA,EQ,24-Jul-2026,1378.2,1379.0,1379.0,1351.1,1371.0,1371.0,1366.2,142741,1950.12,15035,59990,42.03
MEDIASSIST,EQ,24-Jul-2026,338.25,337.0,341.0,334.55,340.5,340.05,338.38,99737,337.49,4421,49392,49.52
MEDICAMEQ,EQ,24-Jul-2026,237.65,233.2,243.0,233.2,243.0,241.85,240.1,14741,35.39,431,9514,64.54
MEDICO,EQ,24-Jul-2026,38.29,38.27,38.51,37.5,37.93,37.99,37.9,23871,9.05,277,15082,63.18
MEDIORG,SM,24-Jul-2026,26.0,24.7,24.7,24.7,24.7,24.7,24.7,2000,0.49,1,2000,100.00
MEDISTEP,SM,24-Jul-2026,20.0,17.7,19.9,17.7,19.75,19.75,19.0,15000,2.85,5,12000,80.00
MEDPLUS,EQ,24-Jul-2026,715.2,718.2,722.5,713.0,721.0,720.55,717.43,176996,1269.82,10458,103575,58.52
MEESHO,EQ,24-Jul-2026,188.95,188.3,188.3,177.5,185.55,185.24,183.05,20220263,37012.81,116232,6607598,32.68
MEGASTAR,EQ,24-Jul-2026,345.05,340.05,344.9,334.0,343.8,340.8,338.16,4553,15.4,411,1926,42.30
MEGATHERM,SM,24-Jul-2026,216.5,213.1,215.1,210.35,212.0,212.0,213.06,18400,39.2,44,11600,63.04
MEIL,BE,24-Jul-2026,288.05,285.05,291.3,281.1,282.05,284.65,284.61,13117,37.33,299,-,-
MENNPIS,EQ,24-Jul-2026,75.62,75.9,77.2,73.6,74.85,73.97,75.08,62729,47.1,1351,31673,50.49
MENONBE,BE,24-Jul-2026,216.51,214.4,217.65,206.11,215.0,213.77,211.73,58895,124.7,1370,-,-
MEP,BZ,24-Jul-2026,0.56,0.55,0.55,0.55,0.55,0.55,0.55,185600,1.02,72,-,-
MERCANTILE,EQ,24-Jul-2026,25.67,25.9,25.9,24.02,24.98,24.52,24.68,6541,1.61,70,1932,29.54
MERCURYEV,BE,24-Jul-2026,35.5,34.79,35.7,34.05,35.5,35.11,34.84,81384,28.35,371,-,-
METAL,EQ,24-Jul-2026,12.58,12.89,12.89,12.41,12.55,12.53,12.49,1374093,171.69,4254,788152,57.36
METALIETF,EQ,24-Jul-2026,12.57,12.88,12.88,12.38,12.52,12.5,12.48,6889044,859.54,8464,4250127,61.69
METROBRAND,EQ,24-Jul-2026,1024.9,1029.1,1029.1,1006.2,1025.0,1021.9,1016.88,29362,298.58,6104,14859,50.61
METROGLOBL,EQ,24-Jul-2026,128.05,132.0,132.0,127.32,131.79,129.79,129.36,466,0.6,53,344,73.82
METROPOLIS,EQ,24-Jul-2026,567.45,569.9,575.0,565.85,575.0,570.25,569.96,321877,1834.59,9570,246537,76.59
MFML,EQ,24-Jul-2026,19.21,19.59,19.6,18.61,18.98,18.75,18.94,5449,1.03,92,4607,84.55
MFSL,EQ,24-Jul-2026,1503.9,1497.5,1520.8,1484.8,1508.0,1515.5,1505.46,1113093,16757.19,38677,850535,76.41
MGEL,BE,24-Jul-2026,16.35,16.75,16.75,16.18,16.3,16.2,16.54,91615,15.15,195,-,-
MGL,EQ,24-Jul-2026,1067.4,1065.0,1082.9,1064.5,1080.0,1077.0,1075.25,87747,943.5,10890,36744,41.87
MGSL,SM,24-Jul-2026,60.4,60.7,68.4,60.5,67.5,66.85,65.0,85200,55.38,60,69600,81.69
MHHL,SM,24-Jul-2026,35.2,33.8,33.8,33.8,33.8,33.8,33.8,1500,0.51,1,1500,100.00
MHLXMIRU,EQ,24-Jul-2026,138.71,135.5,139.88,135.29,138.0,139.58,138.16,9404,12.99,215,6493,69.05
MHRIL,EQ,24-Jul-2026,218.07,214.0,220.74,211.81,218.9,218.85,216.54,132660,287.27,4365,61288,46.20
MICEL,BE,24-Jul-2026,36.38,36.8,36.8,35.29,36.39,36.17,36.05,116423,41.97,854,-,-
MICROPRO,SM,24-Jul-2026,20.2,19.15,20.0,19.15,20.0,20.0,19.58,3200,0.63,2,3200,100.00
MID150,EQ,24-Jul-2026,23.08,23.14,23.14,22.8,23.08,23.08,22.94,34597,7.94,250,26109,75.47
MID150BEES,EQ,24-Jul-2026,235.08,235.08,235.5,232.12,235.19,234.83,233.61,819538,1914.56,8472,519770,63.42
MID150CASE,EQ,24-Jul-2026,11.42,11.21,11.45,11.21,11.45,11.42,11.35,1537999,174.64,3517,1156282,75.18
MIDCAP,EQ,24-Jul-2026,18.1,18.46,18.55,17.83,18.47,18.06,17.95,542509,97.37,1165,288236,53.13
MIDCAPADD,EQ,24-Jul-2026,22.83,22.61,22.8,22.5,22.8,22.78,22.64,4003,0.91,34,3899,97.40
MIDCAPBETA,EQ,24-Jul-2026,229.87,231.01,231.01,226.0,227.7,227.86,227.1,1868,4.24,54,1592,85.22
MIDCAPETF,EQ,24-Jul-2026,23.16,23.28,23.28,22.88,23.23,23.19,23.05,2356671,543.3,7584,1729837,73.40
MIDCAPIETF,EQ,24-Jul-2026,23.52,23.47,23.56,23.22,23.55,23.52,23.39,1098537,256.97,2494,623110,56.72
MIDHANI,EQ,24-Jul-2026,394.6,390.5,395.6,386.6,392.9,392.7,391.31,480859,1881.65,12844,181397,37.72
MIDQ50ADD,EQ,24-Jul-2026,24.56,25.05,25.05,24.3,24.69,24.65,24.52,39318,9.64,90,14692,37.37
MIDSELIETF,EQ,24-Jul-2026,19.03,18.66,19.23,18.66,19.2,19.14,18.99,93596,17.77,624,68051,72.71
MIDSMALL,EQ,24-Jul-2026,50.07,49.95,50.3,49.5,50.14,50.07,49.89,343765,171.5,1950,193602,56.32
MIDWESTLTD,EQ,24-Jul-2026,1236.5,1235.0,1246.2,1204.0,1230.8,1234.2,1228.65,7810,95.96,1151,3979,50.95
MILTON,SM,24-Jul-2026,36.95,35.15,35.15,35.15,35.15,35.15,35.15,2200,0.77,1,2200,100.00
MINDACORP,EQ,24-Jul-2026,657.75,650.5,678.95,650.0,678.1,676.45,666.22,192716,1283.92,16349,106148,55.08
MINDSPACE,RR,24-Jul-2026,491.68,491.5,492.0,484.0,484.21,484.59,485.5,103901,504.44,8680,81537,78.48
MINDTECK,EQ,24-Jul-2026,193.5,191.51,196.64,189.7,194.21,195.04,192.94,26982,52.06,843,10618,39.35
MIRZAINT,EQ,24-Jul-2026,35.5,34.94,36.08,34.6,35.2,35.06,35.17,169638,59.66,1247,64057,37.76
MITCON,BE,24-Jul-2026,72.1,72.1,75.7,70.05,75.7,72.02,71.58,4764,3.41,23,-,-
MITTAL,EQ,24-Jul-2026,0.9,0.9,0.93,0.85,0.92,0.91,0.89,411075,3.66,291,261422,63.59
MKPL,EQ,24-Jul-2026,4.17,4.17,4.23,4.05,4.13,4.13,4.15,210683,8.74,429,106328,50.47
MMFL,EQ,24-Jul-2026,547.95,550.15,554.9,538.0,554.7,551.85,545.17,69897,381.05,2559,45252,64.74
MMP,EQ,24-Jul-2026,286.3,283.0,286.95,280.85,281.6,281.7,283.91,40023,113.63,1279,23957,59.86
MMTC,EQ,24-Jul-2026,61.94,61.0,61.8,60.21,61.58,61.52,61.17,1489504,911.06,9376,697622,46.84
MMWL,BE,24-Jul-2026,14.02,14.0,14.0,13.35,13.99,13.99,13.51,4063,0.55,37,-,-
MNC,EQ,24-Jul-2026,33.41,33.23,33.48,33.11,33.4,33.37,33.3,24591,8.19,311,14779,60.10
MOALPHA50,EQ,24-Jul-2026,53.22,52.71,52.94,52.18,52.91,52.9,52.6,3649,1.92,66,3107,85.15
MOBANK10,EQ,24-Jul-2026,16.82,16.65,16.91,16.5,16.89,16.88,16.84,10117,1.7,69,8543,84.44
MOBIKWIK,EQ,24-Jul-2026,205.48,203.97,204.44,196.8,201.45,201.02,200.2,944363,1890.62,14539,282636,29.93
MOCAPITAL,EQ,24-Jul-2026,52.96,52.96,53.32,52.1,53.32,52.81,52.53,889771,467.41,4241,501380,56.35
MODEFENCE,EQ,24-Jul-2026,102.86,102.87,103.4,101.5,102.6,102.55,102.22,1293769,1322.5,6783,777222,60.07
MODINATUR,BE,24-Jul-2026,418.1,418.1,424.95,402.3,419.9,410.1,413.22,5379,22.23,80,-,-
MODIRUBBER,EQ,24-Jul-2026,123.61,122.5,128.4,122.5,125.2,125.86,126.18,253,0.32,15,166,65.61
MODIS,EQ,24-Jul-2026,402.25,408.0,412.0,387.75,390.8,392.1,398.85,46428,185.18,2129,12293,26.48
MODISONLTD,BE,24-Jul-2026,290.3,285.7,288.9,275.8,277.0,276.3,277.97,107682,299.32,998,-,-
MODTHREAD,EQ,24-Jul-2026,49.56,48.8,48.8,46.02,47.66,47.66,48.28,934,0.45,33,655,70.13
MOENERGY,EQ,24-Jul-2026,39.08,39.27,39.36,38.71,39.35,39.06,38.98,104122,40.59,703,80202,77.03
MOGOLD,EQ,24-Jul-2026,142.2,141.4,141.45,139.55,141.05,141.15,140.37,14430,20.26,426,7599,52.66
MOGSEC,EQ,24-Jul-2026,65.2,65.2,65.74,64.81,65.46,64.97,65.31,1768,1.15,67,1728,97.74
MOHEALTH,EQ,24-Jul-2026,50.2,50.95,50.95,49.96,50.39,50.24,50.29,49645,24.97,509,29795,60.02
MOHITIND,EQ,24-Jul-2026,22.82,23.0,23.0,22.41,23.0,23.0,22.97,563,0.13,15,513,91.12
MOIL,EQ,24-Jul-2026,265.5,264.0,269.85,257.9,269.5,268.85,263.97,516209,1362.63,14010,204344,39.59
MOINFRA,EQ,24-Jul-2026,60.47,60.56,60.56,59.63,60.46,60.46,60.26,3706,2.23,63,3700,99.84
MOIPO,EQ,24-Jul-2026,45.9,45.9,45.9,45.08,45.59,45.59,45.4,4533,2.06,45,4269,94.18
MOKSH,EQ,24-Jul-2026,10.95,10.99,10.99,10.65,10.75,10.72,10.78,69013,7.44,218,58015,84.06
MOL,EQ,24-Jul-2026,55.74,55.5,56.34,53.54,54.61,54.46,54.62,1114446,608.7,7761,442591,39.71
MOLDTECH,EQ,24-Jul-2026,134.09,135.0,136.72,130.35,134.11,134.68,132.99,21942,29.18,625,13207,60.19
MOLDTKPAC,EQ,24-Jul-2026,713.75,724.45,736.0,707.25,731.0,727.45,721.67,93298,673.3,6604,46465,49.80
MOLOWVOL,EQ,24-Jul-2026,36.79,36.79,36.87,36.48,36.83,36.82,36.69,982,0.36,32,589,59.98
MOM100,EQ,24-Jul-2026,66.65,66.5,66.69,65.81,66.66,66.54,66.19,343930,227.66,2569,241442,70.20
MOM30IETF,EQ,24-Jul-2026,30.74,30.74,30.75,30.39,30.65,30.59,30.52,514175,156.95,2242,339100,65.95
MOM50,EQ,24-Jul-2026,249.06,250.55,250.55,247.53,247.95,248.99,248.62,1685,4.19,102,1026,60.89
MOMENTUM,EQ,24-Jul-2026,30.64,30.64,30.99,30.25,30.99,30.38,30.4,34494,10.49,273,28911,83.81
MOMENTUM30,EQ,24-Jul-2026,30.26,30.08,30.99,29.89,30.99,30.17,29.94,139459,41.75,156,133341,95.61
MOMENTUM50,EQ,24-Jul-2026,52.15,52.15,52.48,51.5,52.4,51.9,51.82,538077,278.81,1981,357900,66.51
MOMGF,EQ,24-Jul-2026,159.48,158.33,162.0,157.64,158.75,158.72,158.6,2410,3.82,32,2176,90.29
MOMIDMTM,EQ,24-Jul-2026,62.48,63.58,63.58,61.71,63.09,62.64,62.16,91475,56.86,718,66385,72.57
MOMMIDCAP,EQ,24-Jul-2026,12.37,12.43,12.43,12.21,12.36,12.34,12.3,891111,109.62,242,820079,92.03
MOMNC,EQ,24-Jul-2026,32.44,32.27,32.4,32.21,32.27,32.27,32.31,185,0.06,9,153,82.70
MOMOMENTUM,EQ,24-Jul-2026,61.15,60.9,61.4,60.5,61.4,60.95,60.85,46929,28.55,396,37729,80.40
MON100,EQ,24-Jul-2026,328.84,328.15,328.15,323.75,328.15,328.15,327.26,1012670,3314.1,17354,774507,76.48
MON50EQUAL,EQ,24-Jul-2026,32.98,32.7,34.0,32.7,34.0,33.04,32.86,5077,1.67,54,4892,96.36
MONARCH,EQ,24-Jul-2026,356.2,352.8,361.4,346.55,358.95,357.75,353.35,140737,497.29,3306,87302,62.03
MONEXT50,EQ,24-Jul-2026,71.75,71.42,73.45,71.0,73.45,72.07,71.34,423,0.3,55,398,94.09
MONEYBOXX,EQ,24-Jul-2026,57.98,57.72,60.36,56.0,60.0,59.97,58.69,10323,6.06,306,5695,55.17
MONIFTY100,EQ,24-Jul-2026,25.25,26.17,26.17,24.78,25.0,25.0,24.94,14519,3.62,138,5731,39.47
MONIFTY500,EQ,24-Jul-2026,23.45,23.45,23.55,23.26,23.54,23.51,23.41,453528,106.19,1463,304713,67.19
MONOLITH,SM,24-Jul-2026,750.1,750.1,787.0,735.55,768.0,774.75,761.52,40500,308.42,132,22750,56.17
MONQ50,EQ,24-Jul-2026,142.42,142.45,142.45,142.45,142.45,142.45,142.45,100538,143.22,262,79841,79.41
MONTECARLO,EQ,24-Jul-2026,538.0,535.3,542.65,531.3,535.15,537.1,536.92,30472,163.61,1403,18001,59.07
MOPSE,EQ,24-Jul-2026,101.24,100.55,102.8,99.3,101.0,101.0,101.06,2716,2.74,42,999,36.78
MOQUALITY,EQ,24-Jul-2026,200.02,198.94,199.98,198.17,199.32,199.23,199.03,424,0.84,15,300,70.75
MOREALTY,EQ,24-Jul-2026,88.57,88.57,89.07,86.66,88.57,88.28,87.7,774528,679.25,3299,386168,49.86
MOREPENLAB,EQ,24-Jul-2026,52.45,51.9,54.19,51.38,53.8,53.8,52.77,6492856,3426.32,20558,1845313,28.42
MOS,ST,24-Jul-2026,12.05,12.05,12.05,11.45,11.7,11.85,11.78,96000,11.31,22,84000,87.50
MOSCHIP,EQ,24-Jul-2026,233.69,228.5,236.0,224.95,232.8,231.79,231.04,2636913,6092.36,30071,778364,29.52
MOSERVICE,EQ,24-Jul-2026,30.78,30.66,30.69,30.33,30.65,30.57,30.48,13245,4.04,75,11776,88.91
MOSILVER,EQ,24-Jul-2026,219.03,214.1,218.48,213.86,217.57,217.55,216.51,166348,360.15,1627,60133,36.15
MOSMALL250,EQ,24-Jul-2026,17.76,17.7,17.73,17.47,17.73,17.66,17.6,1620989,285.36,2879,881240,54.36
MOTHERSON,EQ,24-Jul-2026,145.57,144.2,146.66,143.0,145.91,145.55,144.94,9305257,13486.92,54812,3728353,40.07
MOTILALOFS,EQ,24-Jul-2026,940.25,944.5,944.5,839.9,873.0,871.95,864.34,14328752,123848.42,235861,2498550,17.44
MOTISONS,EQ,24-Jul-2026,14.18,14.0,14.4,13.93,14.16,14.17,14.16,18513704,2621.87,15445,6385073,34.49
MOTOGENFIN,BE,24-Jul-2026,27.2,27.2,27.44,26.65,27.44,27.44,27.18,1880,0.51,8,-,-
MOTOUR,EQ,24-Jul-2026,77.23,76.71,77.5,75.97,77.5,77.3,76.52,26411,20.21,385,21390,80.99
MOVALUE,EQ,24-Jul-2026,113.02,112.2,113.95,111.52,113.95,112.7,112.25,52093,58.48,905,33019,63.38
MOXSH,ST,24-Jul-2026,106.0,111.0,111.0,111.0,111.0,111.0,111.0,1600,1.78,1,1600,100.00
MPEL,ST,24-Jul-2026,37.55,35.7,35.75,35.7,35.7,35.7,35.71,11200,4.0,7,8000,71.43
MPHASIS,EQ,24-Jul-2026,2232.4,2247.0,2340.0,2192.1,2282.0,2288.1,2268.93,2105429,47770.69,112803,583771,27.73
MPSLTD,EQ,24-Jul-2026,2642.8,2655.0,2800.0,2600.1,2786.0,2769.7,2718.97,381275,10366.77,26349,66362,17.41
MRF,EQ,24-Jul-2026,132030.0,131050.0,131490.0,130300.0,130950.0,130755.0,130795.71,2595,3394.15,2008,1028,39.61
MRIL,ST,24-Jul-2026,70.1,69.0,70.0,69.0,70.0,69.6,69.58,4800,3.34,3,4800,100.00
MRPL,EQ,24-Jul-2026,175.95,175.95,177.48,168.61,169.65,169.75,170.81,9099976,15544.07,54328,2041759,22.44
MSCI360,EQ,24-Jul-2026,10.05,10.05,10.05,9.9,9.99,9.99,9.93,3373,0.33,27,2600,77.08
MSCIADD,EQ,24-Jul-2026,29.31,29.0,29.19,28.9,29.14,29.06,29.01,4769,1.38,26,4022,84.34
MSCIINDIA,EQ,24-Jul-2026,29.48,29.39,29.51,29.26,29.44,29.41,29.38,15634,4.59,128,9930,63.52
MSPL,EQ,24-Jul-2026,34.75,34.11,35.99,34.11,35.69,35.37,34.99,448436,156.92,4214,251582,56.10
MSTCLTD,EQ,24-Jul-2026,598.05,596.0,613.55,586.0,610.0,607.2,600.38,236250,1418.39,8511,86702,36.70
MSUMI,EQ,24-Jul-2026,39.93,39.75,40.2,39.37,40.1,40.11,39.84,3663165,1459.43,20638,1627953,44.44
MTARTECH,BE,24-Jul-2026,5875.0,5800.0,5887.0,5700.0,5790.0,5805.0,5764.58,72039,4152.74,10896,-,-
MTEDUCARE,BE,24-Jul-2026,1.84,1.93,1.93,1.75,1.93,1.93,1.9,14053,0.27,44,-,-
MTNL,EQ,24-Jul-2026,26.75,26.6,27.2,26.27,27.2,27.11,26.71,852105,227.61,3465,390437,45.82
MUFIN,EQ,24-Jul-2026,125.2,125.0,125.99,122.05,123.65,124.32,123.98,879853,1090.85,4054,372713,42.36
MUFTI,EQ,24-Jul-2026,83.37,83.0,84.5,81.38,83.99,82.92,83.07,80754,67.08,2055,36952,45.76
MUKANDLTD,EQ,24-Jul-2026,138.55,137.5,139.35,136.11,138.0,138.4,137.78,98875,136.23,2218,34525,34.92
MUKKA,EQ,24-Jul-2026,22.74,23.29,23.29,22.51,22.86,22.94,22.84,133024,30.38,829,86634,65.13
MUKTAARTS,BE,24-Jul-2026,57.72,56.0,56.0,55.26,56.0,55.89,55.88,1992,1.11,12,-,-
MULTICAP,EQ,24-Jul-2026,16.43,16.4,16.42,16.2,16.41,16.38,16.3,210778,34.35,655,101812,48.30
MUNISH,ST,24-Jul-2026,70.5,74.0,74.0,74.0,74.0,74.0,74.0,14400,10.66,12,9600,66.67
MUNJALAU,EQ,24-Jul-2026,100.96,100.55,100.9,98.01,99.5,99.77,99.18,219262,217.46,2964,84834,38.69
MUNJALSHOW,EQ,24-Jul-2026,136.07,136.12,136.4,134.01,135.7,135.82,135.33,20179,27.31,376,8917,44.19
MURUDCERA,EQ,24-Jul-2026,30.92,31.0,31.94,29.3,30.4,30.4,31.09,91031,28.3,502,23607,25.93
MUTHOOTCAP,EQ,24-Jul-2026,215.26,220.73,220.73,212.11,214.79,213.77,215.15,9128,19.64,357,5513,60.40
MUTHOOTFIN,EQ,24-Jul-2026,3010.4,2995.0,2998.4,2925.1,2983.0,2986.7,2963.44,1056004,31294.05,65156,471578,44.66
MUTHOOTMF,EQ,24-Jul-2026,241.35,240.0,252.0,238.01,250.2,250.11,245.62,427922,1051.07,8641,223152,52.15
MVGJL,EQ,24-Jul-2026,154.84,154.0,157.58,153.0,155.08,155.76,155.13,33508,51.98,1461,17134,51.13
MVKAGRO,SM,24-Jul-2026,399.4,392.55,398.9,387.05,387.05,387.7,392.2,3000,11.77,10,2400,80.00
MWL,EQ,24-Jul-2026,35.8,35.55,36.25,34.75,36.15,36.0,35.87,250421,89.83,638,159002,63.49
MYMUDRA,SM,24-Jul-2026,74.15,74.05,76.85,74.05,76.5,76.5,75.33,9600,7.23,8,6000,62.50
NACLIND,EQ,24-Jul-2026,192.35,192.0,198.5,186.9,198.4,196.8,193.21,1070739,2068.75,17554,279022,26.06
NAGREEKCAP,BE,24-Jul-2026,22.71,22.01,22.78,22.01,22.7,22.67,22.63,3036,0.69,29,-,-
NAGREEKEXP,EQ,24-Jul-2026,22.99,22.36,23.65,22.36,23.14,23.14,23.27,919,0.21,23,666,72.47
NAHARCAP,EQ,24-Jul-2026,249.0,249.0,252.0,242.8,245.33,245.33,244.41,490,1.2,26,255,52.04
NAHARINDUS,EQ,24-Jul-2026,116.09,119.9,119.9,115.0,116.85,116.64,115.56,8021,9.27,236,6755,84.22
NAHARPOLY,EQ,24-Jul-2026,271.75,274.0,278.0,265.6,277.9,273.8,272.4,20472,55.77,791,12909,63.06
NAHARSPING,BE,24-Jul-2026,273.75,270.0,278.0,267.0,275.5,275.55,273.03,13925,38.02,146,-,-
NAM-INDIA,EQ,24-Jul-2026,1105.8,1100.0,1119.0,1079.4,1112.0,1112.5,1104.21,764070,8436.95,33220,322707,42.24
NAMAN,SM,24-Jul-2026,47.8,47.2,47.8,47.2,47.8,47.8,47.64,3200,1.52,4,3200,100.00
NAMOEWASTE,ST,24-Jul-2026,283.75,280.0,280.0,278.1,278.1,278.1,279.07,24800,69.21,20,24800,100.00
NARMADA,EQ,24-Jul-2026,35.21,35.1,35.99,34.36,35.15,34.92,35.08,618646,217.01,3082,179771,29.06
NATCAPSUQ,EQ,24-Jul-2026,150.08,152.0,154.0,145.0,146.4,148.86,148.15,5606,8.31,132,3545,63.24
NATCOPHARM,EQ,24-Jul-2026,918.55,918.6,926.9,911.6,925.0,921.45,919.22,211503,1944.17,15191,97466,46.08
NATHBIOGEN,EQ,24-Jul-2026,154.65,159.45,161.98,153.61,160.2,161.13,158.49,19108,30.28,677,10527,55.09
NATIONALUM,EQ,24-Jul-2026,346.0,341.8,344.9,339.65,344.6,343.9,342.6,2253982,7722.13,28396,749053,33.23
NATIONSTD,EQ,24-Jul-2026,337.0,320.2,320.2,320.2,320.2,320.2,320.2,1406,4.5,117,1406,100.00
NAUKRI,EQ,24-Jul-2026,1169.95,1150.0,1177.5,1140.0,1162.0,1165.5,1160.8,1248750,14495.55,52684,634472,50.81
NAVA,EQ,24-Jul-2026,555.55,550.0,562.4,547.0,559.0,554.8,554.61,266730,1479.3,13565,151056,56.63
NAVINFLUOR,EQ,24-Jul-2026,7673.5,7675.0,7708.0,7505.0,7526.0,7520.0,7565.95,70434,5329.0,11827,39547,56.15
NAVKARCORP,EQ,24-Jul-2026,100.63,100.0,102.5,99.15,102.4,102.15,101.22,406576,411.53,3402,202643,49.84
NAVKARURB,BE,24-Jul-2026,1.05,1.05,1.1,1.0,1.1,1.08,1.04,441868,4.58,216,-,-
NAVNETEDUL,EQ,24-Jul-2026,140.64,140.2,144.9,139.62,143.36,143.97,142.13,123284,175.22,1836,73312,59.47
NAZARA,EQ,24-Jul-2026,304.2,304.0,304.05,295.3,303.25,302.3,300.14,1001751,3006.7,12312,383843,38.32
NBCC,EQ,24-Jul-2026,93.15,92.4,94.07,91.35,93.95,93.84,92.68,6730344,6237.95,36190,1857132,27.59
NBIFIN,EQ,24-Jul-2026,2253.9,2268.6,2268.6,2202.1,2220.0,2216.5,2221.47,416,9.24,170,251,60.34
NCC,EQ,24-Jul-2026,136.18,134.81,137.74,134.1,137.5,137.09,136.31,932229,1270.74,12666,457090,49.03
NCLIND,EQ,24-Jul-2026,184.81,184.76,185.0,183.0,184.3,184.67,184.02,10162,18.7,467,5174,50.92
NDGL,EQ,24-Jul-2026,2610.6,2610.0,2889.9,2600.0,2788.0,2774.5,2726.24,95,2.59,35,68,71.58
NDL,EQ,24-Jul-2026,2.32,2.32,2.34,2.28,2.3,2.31,2.3,792308,18.23,1053,580964,73.33
NDLVENTURE,EQ,24-Jul-2026,127.47,128.06,128.06,124.07,124.65,125.06,125.52,5559,6.98,230,4073,73.27
NDRAUTO,EQ,24-Jul-2026,819.1,805.9,920.0,785.5,811.0,812.75,832.28,69694,580.05,14841,22758,32.65
NDTV,EQ,24-Jul-2026,75.68,75.2,76.95,74.63,76.8,76.66,75.89,104226,79.09,1176,40808,39.15
NEAGI,EQ,24-Jul-2026,3134.5,3035.1,3035.1,3035.1,3035.1,3035.1,3035.1,1,0.03,1,1,100.00
NECCLTD,BE,24-Jul-2026,15.3,15.37,15.37,14.9,15.3,15.25,15.23,5383,0.82,62,-,-
NECLIFE,BE,24-Jul-2026,10.36,10.41,10.41,10.21,10.3,10.3,10.28,73731,7.58,208,-,-
NELCAST,EQ,24-Jul-2026,133.08,130.5,135.99,130.5,135.0,134.47,132.94,94731,125.94,1896,28013,29.57
NELCO,EQ,24-Jul-2026,933.9,934.95,944.95,915.1,932.55,932.8,929.65,163636,1521.25,7242,45117,27.57
NEOCHEM,ST,24-Jul-2026,89.1,87.05,87.05,85.0,85.2,85.2,85.74,25200,21.61,21,21600,85.71
NEOGEN,EQ,24-Jul-2026,2087.0,2080.0,2121.9,2025.0,2055.0,2062.8,2060.92,54018,1113.27,11699,24753,45.82
NEPHROCARE,ST,24-Jul-2026,63.7,63.7,66.35,62.8,62.8,62.95,63.76,4400,2.81,9,4000,90.91
NEPHROPLUS,EQ,24-Jul-2026,677.9,677.9,687.0,668.5,676.0,673.1,677.01,87056,589.38,8269,36817,42.29
NESCO,EQ,24-Jul-2026,1050.1,1041.0,1059.9,1036.0,1059.9,1055.9,1049.64,24073,252.68,3470,15444,64.15
NESTLEIND,EQ,24-Jul-2026,1447.9,1439.8,1467.8,1431.0,1447.0,1443.5,1449.5,3041475,44086.16,74394,1712944,56.32
NETF,EQ,24-Jul-2026,259.95,266.44,266.44,256.53,258.0,258.92,258.34,2009,5.19,137,1602,79.74
NETWEB,EQ,24-Jul-2026,4243.8,4201.9,4222.0,4115.0,4164.9,4156.0,4159.04,378694,15750.04,31266,109777,28.99
NETWORK18,EQ,24-Jul-2026,28.13,28.0,28.85,27.78,28.5,28.62,28.24,3407920,962.26,7458,1263802,37.08
NEULANDLAB,EQ,24-Jul-2026,18431.0,18250.0,18664.0,18234.0,18525.0,18546.0,18451.09,11320,2088.66,5098,3612,31.91
NEWGEN,EQ,24-Jul-2026,508.8,503.0,512.1,497.05,507.5,505.7,504.01,975202,4915.1,26465,226138,23.19
NEWJAISA,ST,24-Jul-2026,15.5,15.2,15.2,15.2,15.2,15.2,15.2,1500,0.23,1,1500,100.00
NEXT30ADD,EQ,24-Jul-2026,42.29,42.0,42.21,41.81,42.08,42.05,41.97,2952,1.24,63,2026,68.63
NEXT50,EQ,24-Jul-2026,740.84,739.04,742.3,733.01,741.35,740.35,737.22,46577,343.37,1821,41024,88.08
NEXT50ADD,EQ,24-Jul-2026,72.23,71.73,73.5,71.52,73.26,72.24,71.94,6423,4.62,33,3515,54.73
NEXT50BETA,EQ,24-Jul-2026,77.48,77.57,78.0,76.75,77.9,77.75,77.15,71409,55.09,652,55143,77.22
NEXT50ETF,EQ,24-Jul-2026,72.41,72.41,72.42,71.52,72.37,72.28,71.65,50726,36.34,112,43342,85.44
NEXT50IETF,EQ,24-Jul-2026,75.67,77.56,77.56,75.0,75.89,75.75,75.35,892257,672.29,4489,620880,69.59
NEXTMEDIA,EQ,24-Jul-2026,3.8,3.96,4.05,3.71,3.9,3.98,3.98,22745,0.9,77,18529,81.46
NFL,EQ,24-Jul-2026,70.15,69.69,70.49,69.1,70.49,70.31,69.81,387667,270.63,3127,168891,43.57
NFPSAMPOOR,SM,24-Jul-2026,24.05,24.05,24.2,24.05,24.15,24.15,24.1,16000,3.86,8,14000,87.50
NGIL,BE,24-Jul-2026,39.75,40.0,40.0,37.77,37.9,38.05,37.94,14490,5.5,60,-,-
NGLFINE,EQ,24-Jul-2026,3198.0,3141.6,3218.9,3132.2,3212.5,3205.5,3176.96,2155,68.46,697,965,44.78
NH,EQ,24-Jul-2026,1982.5,1980.1,1982.9,1953.1,1962.0,1961.5,1965.89,160451,3154.29,19701,92449,57.62
NHIT,IV,24-Jul-2026,169.25,168.0,168.0,168.0,168.0,168.0,168.0,25000,42.0,1,25000,100.00
NHPC,EQ,24-Jul-2026,80.25,79.25,79.98,78.78,79.39,79.39,79.43,8630234,6855.37,28392,3380304,39.17
NIACL,EQ,24-Jul-2026,173.06,172.5,175.99,169.2,174.43,173.2,171.9,560258,963.07,9743,144148,25.73
NIBE,EQ,24-Jul-2026,1504.8,1475.4,1516.2,1475.0,1501.0,1504.3,1495.7,37570,561.93,3464,15864,42.23
NIBL,EQ,24-Jul-2026,35.44,35.39,38.0,35.0,37.69,36.98,36.68,151055,55.41,14205,88283,58.44
NIDAN,SM,24-Jul-2026,12.9,12.7,12.7,12.5,12.5,12.5,12.57,5000,0.63,5,5000,100.00
NIF100BEES,EQ,24-Jul-2026,264.63,263.0,264.58,261.57,264.45,263.57,262.6,25401,66.7,2948,12939,50.94
NIF100IETF,EQ,24-Jul-2026,27.81,27.81,28.3,27.49,27.89,27.66,27.59,88916,24.53,1343,58642,65.95
NIFTY1,EQ,24-Jul-2026,264.95,267.6,267.6,262.22,264.54,264.09,263.25,97704,257.21,1604,56202,57.52
NIFTY100EW,EQ,24-Jul-2026,34.71,34.89,35.79,34.27,35.6,34.75,34.5,21264,7.34,228,18488,86.95
NIFTYADD,EQ,24-Jul-2026,251.52,250.84,251.17,249.0,250.97,250.86,249.9,5302,13.25,186,4481,84.52
NIFTYAXIS,EQ,24-Jul-2026,263.93,262.45,263.68,261.16,263.59,263.28,262.41,89516,234.9,343,42017,46.94
NIFTYBEES,EQ,24-Jul-2026,271.98,270.87,271.65,269.38,271.49,271.21,270.39,8015499,21672.76,52689,4939628,61.63
NIFTYBETA,EQ,24-Jul-2026,264.78,262.55,264.4,262.25,264.18,263.98,263.34,41566,109.46,445,10034,24.14
NIFTYBETF,EQ,24-Jul-2026,245.83,245.83,245.83,242.86,245.0,244.94,243.71,1665,4.06,80,1365,81.98
NIFTYCASE,EQ,24-Jul-2026,9.59,9.82,9.82,9.47,9.54,9.54,9.51,1283569,122.11,2106,878820,68.47
NIFTYETF,EQ,24-Jul-2026,259.4,265.88,265.88,256.63,258.83,258.5,257.93,219321,565.69,1268,176417,80.44
NIFTYIETF,EQ,24-Jul-2026,270.52,268.0,270.42,267.98,270.0,269.76,268.87,1630617,4384.25,12384,1183698,72.59
NIFTYQLITY,EQ,24-Jul-2026,21.03,21.2,21.2,20.91,21.19,21.16,20.99,43782,9.19,142,34833,79.56
NIITLTD,EQ,24-Jul-2026,92.51,91.5,97.8,89.81,95.4,94.62,94.25,1140450,1074.89,12641,185773,16.29
NIITMTS,EQ,24-Jul-2026,231.77,228.5,234.0,225.03,234.0,230.18,228.19,134322,306.51,5365,62240,46.34
NIKITA,SM,24-Jul-2026,78.9,78.0,78.0,75.0,75.2,75.05,75.18,39600,29.77,15,36000,90.91
NILAINFRA,EQ,24-Jul-2026,7.43,7.41,7.41,7.25,7.34,7.32,7.31,120038,8.78,463,73491,61.22
NILASPACES,EQ,24-Jul-2026,11.75,11.75,11.98,11.65,11.95,11.89,11.8,203806,24.05,562,123285,60.49
NILE,EQ,24-Jul-2026,1798.0,1806.9,1831.6,1757.0,1813.0,1802.6,1793.41,3032,54.38,515,2068,68.21
NILKAMAL,EQ,24-Jul-2026,1646.5,1630.0,1703.0,1615.1,1703.0,1676.1,1651.03,63340,1045.77,6418,28662,45.25
NIMBSPROJ,BE,24-Jul-2026,192.0,191.0,193.5,190.0,190.0,190.0,190.04,1067,2.03,8,-,-
NINSYS,BE,24-Jul-2026,869.2,869.0,900.0,840.0,857.0,866.6,868.17,8934,77.56,252,-,-
NIPPOBATRY,EQ,24-Jul-2026,326.5,325.0,328.7,323.05,327.0,326.3,326.69,786,2.57,114,604,76.84
NIRAJ,BE,24-Jul-2026,28.69,29.26,29.26,28.52,28.58,28.58,28.69,2142,0.61,14,-,-
NIRAJISPAT,EQ,24-Jul-2026,190.5,190.5,190.5,190.5,190.5,190.5,190.5,2,0.0,1,2,100.00
NIRLON,EQ,24-Jul-2026,620.15,617.05,625.0,606.15,625.0,620.6,619.54,8456,52.39,298,7704,91.11
NIRMAN,SM,24-Jul-2026,38.45,38.45,39.0,38.0,38.3,38.3,38.25,11100,4.25,35,10500,94.59
NITCO,EQ,24-Jul-2026,103.2,101.93,104.99,99.82,104.94,104.11,102.39,695339,711.98,4676,470104,67.61
NITINSPIN,EQ,24-Jul-2026,528.8,525.0,537.9,520.1,536.45,535.2,528.92,32325,170.97,1912,17786,55.02
NITIRAJ,EQ,24-Jul-2026,220.3,227.0,227.0,215.09,221.7,220.22,220.22,2255,4.97,85,1102,48.87
NITTAGELA,EQ,24-Jul-2026,1920.8,1935.4,1935.4,1861.2,1898.0,1909.0,1898.49,6134,116.45,1072,2911,47.46
NIVABUPA,EQ,24-Jul-2026,84.62,84.0,86.97,83.99,86.55,86.64,85.68,1115705,955.93,14189,426169,38.20
NKIND,EQ,24-Jul-2026,64.89,64.4,64.4,54.64,59.5,59.72,58.65,1033,0.61,53,681,65.92
NLCINDIA,EQ,24-Jul-2026,290.7,287.4,294.05,279.9,292.5,292.8,287.28,2551137,7328.96,41017,1059548,41.53
NMDC,EQ,24-Jul-2026,82.64,82.35,83.69,81.77,83.6,83.56,82.69,16131661,13339.98,52681,8487067,52.61
NMSTEEL,SM,24-Jul-2026,24.0,22.0,25.25,22.0,22.25,22.25,23.25,11200,2.6,7,9600,85.71
NOCIL,EQ,24-Jul-2026,162.11,161.9,162.34,158.8,161.45,160.11,160.28,332673,533.21,5480,159550,47.96
NOIDATOLL,BE,24-Jul-2026,4.37,4.4,4.4,4.21,4.35,4.32,4.32,41286,1.78,199,-,-
NORTHARC,EQ,24-Jul-2026,296.95,295.9,301.1,291.6,299.65,299.4,296.96,430335,1277.91,9773,216530,50.32
NOVAAGRI,BE,24-Jul-2026,22.64,22.64,23.2,22.31,23.07,22.81,22.61,20419,4.62,167,-,-
NOVARTIND,EQ,24-Jul-2026,1673.0,1690.0,1724.0,1614.4,1658.0,1641.2,1658.22,54369,901.56,6477,22488,41.36
NPBET,EQ,24-Jul-2026,283.11,282.62,283.67,279.47,282.47,282.47,282.16,592,1.67,27,194,32.77
NPST,EQ,24-Jul-2026,1530.0,1520.0,1548.0,1501.1,1505.5,1519.2,1523.61,23373,356.11,2228,9788,41.88
NRAIL,EQ,24-Jul-2026,487.6,498.0,531.0,490.0,516.0,508.95,515.31,123055,634.12,4808,28320,23.01
NRBBEARING,EQ,24-Jul-2026,393.0,388.0,399.0,382.4,397.05,397.65,390.43,152822,596.67,5199,66391,43.44
NRL,BE,24-Jul-2026,105.67,103.56,105.0,103.56,105.0,105.0,103.89,84516,87.8,252,-,-
NSIL,EQ,24-Jul-2026,5514.0,5456.0,5522.0,5380.5,5440.0,5452.5,5446.03,1818,99.01,400,870,47.85
NSLNISP,EQ,24-Jul-2026,41.65,41.52,41.65,40.66,41.6,41.41,41.09,4399097,1807.73,17406,2140325,48.65
NTPC,EQ,24-Jul-2026,348.6,347.95,350.0,345.1,347.7,347.2,347.89,6300466,21918.42,82900,3817873,60.60
NTPCGREEN,EQ,24-Jul-2026,97.22,96.89,98.22,94.88,96.18,96.32,96.8,16099089,15583.17,95748,3492405,21.69
NUCLEUS,EQ,24-Jul-2026,730.3,725.0,735.65,718.05,734.0,724.55,726.12,21022,152.64,1681,12343,58.71
NURECA,EQ,24-Jul-2026,296.76,295.3,309.68,290.12,304.5,301.64,297.67,43709,130.11,1639,19095,43.69
NUVAMA,EQ,24-Jul-2026,1947.2,1933.2,2066.0,1921.1,1960.1,1980.1,2002.73,3576148,71620.62,145583,713105,19.94
NUVOCO,EQ,24-Jul-2026,361.85,355.95,361.75,351.0,356.8,356.05,355.72,495896,1764.01,12120,171302,34.54
NV20,EQ,24-Jul-2026,13.88,14.18,14.18,13.75,13.87,13.86,13.83,56474,7.81,219,52031,92.13
NV20BEES,EQ,24-Jul-2026,138.48,138.35,141.06,137.25,141.06,138.91,138.11,15023,20.75,258,7305,48.63
NV20IETF,EQ,24-Jul-2026,13.55,13.0,13.64,13.0,13.64,13.55,13.5,405865,54.77,1776,220134,54.24
NXST,RR,24-Jul-2026,165.99,166.85,166.85,165.81,166.5,166.28,166.04,67302,111.75,2047,55401,82.32
NYKAA,EQ,24-Jul-2026,324.8,323.3,323.55,317.05,322.5,322.8,320.86,2040730,6547.93,21851,963262,47.20
OAL,EQ,24-Jul-2026,352.25,343.65,377.4,343.5,371.05,373.0,369.5,45325,167.48,1635,26133,57.66
OBCL,EQ,24-Jul-2026,53.11,53.0,53.77,51.51,52.1,52.39,52.64,12262,6.45,72,11301,92.16
OBEROIRLTY,EQ,24-Jul-2026,1818.1,1801.6,1830.0,1785.6,1815.0,1821.2,1810.33,191482,3466.46,18540,59344,30.99
OBSCP,SM,24-Jul-2026,568.85,574.95,600.0,554.7,585.1,585.05,579.16,41600,240.93,100,26800,64.42
OCCLLTD,BE,24-Jul-2026,139.3,141.99,145.8,135.16,145.33,144.96,142.45,87568,124.74,570,-,-
ODIGMA,BE,24-Jul-2026,22.3,22.32,22.9,22.3,22.51,22.64,22.63,7108,1.61,169,-,-
OFSS,EQ,24-Jul-2026,10843.0,10688.0,10930.0,10549.0,10610.0,10652.0,10707.17,452845,48486.9,66088,61018,13.47
OIL,EQ,24-Jul-2026,458.8,460.5,465.0,448.95,450.5,449.75,454.67,2893431,13155.69,42976,1125284,38.89
OILCOUNTUB,BE,24-Jul-2026,58.89,58.89,61.83,57.8,59.49,58.7,60.22,52289,31.49,258,-,-
OILIETF,EQ,24-Jul-2026,11.28,11.27,11.28,11.16,11.27,11.24,11.22,683990,76.73,2523,360824,52.75
OLAELEC,EQ,24-Jul-2026,37.0,36.52,37.75,36.27,37.3,37.08,36.84,40506448,14923.69,64603,5467327,13.50
OLECTRA,EQ,24-Jul-2026,1318.3,1305.9,1343.7,1297.2,1337.4,1336.3,1316.19,224871,2959.74,14228,70816,31.49
OLIL,ST,24-Jul-2026,417.0,412.0,420.0,411.0,420.0,420.0,416.26,6400,26.64,10,4000,62.50
OMAXAUTO,BE,24-Jul-2026,223.36,224.0,229.99,213.55,229.99,226.42,224.9,71338,160.44,448,-,-
OMAXE,EQ,24-Jul-2026,86.88,85.25,88.7,85.25,87.31,87.66,87.42,314132,274.62,3608,105687,33.64
OMFREIGHT,BE,24-Jul-2026,92.0,92.0,93.15,90.01,93.0,92.98,92.46,5246,4.85,69,-,-
OMFURN,ST,24-Jul-2026,53.0,53.05,53.95,53.0,53.95,53.95,53.01,187200,99.23,33,186000,99.36
OMINFRAL,EQ,24-Jul-2026,88.16,86.64,87.86,86.5,86.51,87.1,87.1,52200,45.47,1658,13270,25.42
OMNI,EQ,24-Jul-2026,591.7,587.55,627.65,583.05,609.0,612.0,609.13,564205,3436.75,25342,185659,32.91
OMPOWER,EQ,24-Jul-2026,165.84,166.0,169.56,165.14,169.49,169.2,167.42,102833,172.16,1691,59220,57.59
ONDOOR,SM,24-Jul-2026,220.3,213.3,244.0,210.5,243.8,243.5,230.97,35700,82.46,98,22800,63.87
ONELIFECAP,BE,24-Jul-2026,37.16,37.0,37.8,36.0,37.0,36.33,36.49,24686,9.01,62,-,-
ONEPOINT,EQ,24-Jul-2026,54.07,54.2,54.56,53.24,54.05,53.98,54.14,275426,149.1,1749,125563,45.59
ONESOURCE,EQ,24-Jul-2026,1654.3,1637.0,1663.2,1631.9,1649.0,1653.9,1645.24,87251,1435.49,11825,42128,48.28
ONGC,EQ,24-Jul-2026,252.37,252.5,253.56,248.27,248.9,248.76,250.07,7645869,19120.1,84607,3342511,43.72
ONIDA,BE,24-Jul-2026,38.25,37.16,38.85,36.54,38.01,38.18,37.18,281260,104.58,762,-,-
ONMOBILE,BE,24-Jul-2026,59.0,58.5,61.5,58.0,61.2,60.74,59.67,97482,58.17,719,-,-
ONWARDTEC,EQ,24-Jul-2026,291.45,292.0,293.95,282.0,292.0,290.65,290.1,60942,176.79,2222,29638,48.63
ONYX,ST,24-Jul-2026,36.45,35.2,37.05,35.2,37.05,37.05,35.92,6000,2.16,3,6000,100.00
OPTIEMUS,EQ,24-Jul-2026,615.55,606.4,609.95,591.05,599.5,599.95,598.68,151624,907.74,7665,53973,35.60
OPTIVALUE,SM,24-Jul-2026,91.0,92.0,102.0,88.2,101.8,99.15,98.67,662400,653.59,169,595200,89.86
ORBTEXP,BE,24-Jul-2026,232.09,237.84,243.6,232.0,243.0,243.05,240.19,25498,61.24,240,-,-
ORCHASP,EQ,24-Jul-2026,1.71,1.72,1.73,1.47,1.59,1.58,1.53,2356060,36.01,1171,1749786,74.27
ORCHPHARMA,EQ,24-Jul-2026,962.5,966.0,999.0,951.95,999.0,988.6,975.82,51067,498.32,5508,18517,36.26
ORIANA,SM,24-Jul-2026,1417.25,1417.25,1422.05,1391.1,1403.95,1398.25,1401.4,39600,554.95,387,30525,77.08
ORICONENT,EQ,24-Jul-2026,54.81,55.63,55.7,53.75,54.6,55.03,54.61,18709,10.22,696,9566,51.13
ORIENTALTL,EQ,24-Jul-2026,5.31,5.21,5.34,5.21,5.34,5.31,5.29,31831,1.68,162,24839,78.03
ORIENTBELL,EQ,24-Jul-2026,316.1,317.8,323.1,310.05,320.0,319.5,318.64,13382,42.64,347,9809,73.30
ORIENTCEM,EQ,24-Jul-2026,134.35,132.0,134.68,130.62,134.22,133.8,132.13,544248,719.1,4452,160960,29.57
ORIENTCER,EQ,24-Jul-2026,40.6,41.2,41.85,39.8,41.0,40.77,40.44,28171,11.39,767,13074,46.41
ORIENTELEC,EQ,24-Jul-2026,174.33,175.0,177.75,169.57,169.57,170.74,173.81,1084287,1884.61,18830,435888,40.20
ORIENTHOT,EQ,24-Jul-2026,127.41,128.0,137.0,125.42,134.66,134.84,133.15,1834562,2442.64,19482,438005,23.88
ORIENTLTD,EQ,24-Jul-2026,74.41,74.0,89.29,73.0,89.29,89.29,85.52,93729,80.16,918,52715,56.24
ORIENTPPR,EQ,24-Jul-2026,17.76,17.5,17.8,17.1,17.65,17.58,17.47,263417,46.02,959,128748,48.88
ORIENTTECH,EQ,24-Jul-2026,257.16,255.5,259.95,253.16,258.5,258.78,257.0,82147,211.11,3201,28420,34.60
ORISSAMINE,EQ,24-Jul-2026,3648.5,3669.9,3782.0,3551.0,3730.0,3747.0,3677.49,9339,343.44,2201,4439,47.53
ORKLAINDIA,EQ,24-Jul-2026,559.45,559.45,562.2,553.55,555.05,556.75,557.39,30536,170.2,3855,18459,60.45
ORTEL,BZ,24-Jul-2026,1.77,1.78,1.82,1.69,1.8,1.8,1.79,9699,0.17,38,-,-
ORTINGLOBE,BE,24-Jul-2026,14.91,14.42,15.62,14.18,14.7,14.81,14.8,2185,0.32,504,-,-
OSELDEVICE,SM,24-Jul-2026,436.65,429.25,432.6,428.0,431.5,430.8,430.15,7600,32.69,35,5600,73.68
OSIAHYPER,BE,24-Jul-2026,3.01,3.0,3.03,2.92,3.01,2.99,2.97,145291,4.32,233,-,-
OSWALAGRO,BE,24-Jul-2026,36.96,37.9,38.0,36.55,37.81,37.42,37.54,15824,5.94,105,-,-
OSWALGREEN,EQ,24-Jul-2026,20.81,20.81,20.94,20.37,20.65,20.71,20.68,61627,12.75,655,39003,63.29
OSWALPUMPS,EQ,24-Jul-2026,338.85,338.0,360.55,335.5,356.3,359.15,350.16,1144502,4007.61,24010,388252,33.92
OSWALSEEDS,EQ,24-Jul-2026,10.19,10.25,10.25,9.91,10.0,10.03,10.04,20078,2.02,139,16598,82.67
OWAIS,ST,24-Jul-2026,99.0,98.55,99.7,96.1,99.7,99.3,97.51,4300,4.19,37,3700,86.05
PACEDIGITK,EQ,24-Jul-2026,197.19,195.0,196.85,191.21,195.9,195.25,194.28,933719,1814.03,11736,338297,36.23
PAGEIND,EQ,24-Jul-2026,40270.0,40105.0,40480.0,39780.0,40000.0,40275.0,40250.72,28105,11312.47,10127,13992,49.78
PAISALO,EQ,24-Jul-2026,72.49,71.8,73.88,69.65,69.75,70.17,71.88,13674419,9829.75,37460,6620912,48.42
PAKKA,EQ,24-Jul-2026,71.52,72.35,72.35,70.01,71.31,71.49,70.93,34937,24.78,609,23401,66.98
PALASHSECU,EQ,24-Jul-2026,90.11,89.2,89.5,88.05,88.31,88.31,88.63,515,0.46,114,188,36.50
PALREDTEC,BE,24-Jul-2026,46.41,46.41,46.41,45.51,45.51,45.51,46.23,774,0.36,19,-,-
PANACEABIO,EQ,24-Jul-2026,445.4,440.0,449.0,433.0,442.05,441.2,440.3,172526,759.63,5763,63497,36.80
PANACHE,BE,24-Jul-2026,428.7,416.25,438.95,407.3,424.9,418.4,418.15,15772,65.95,167,-,-
PANAMAPET,EQ,24-Jul-2026,500.75,502.0,518.5,490.15,497.1,498.25,503.96,1047958,5281.24,31485,194123,18.52
PANSARI,EQ,24-Jul-2026,357.6,357.0,362.0,352.05,354.8,355.2,355.99,1923,6.85,92,931,48.41
PAR,EQ,24-Jul-2026,96.18,96.31,96.99,93.21,93.5,93.79,94.9,12063,11.45,233,9524,78.95
PARACABLES,EQ,24-Jul-2026,62.28,60.7,62.27,59.5,61.9,61.64,60.92,1393474,848.87,6891,582150,41.78
PARADEEP,EQ,24-Jul-2026,136.31,135.1,136.95,132.9,136.25,136.07,134.89,1765247,2381.21,21691,529747,30.01
PARAGMILK,EQ,24-Jul-2026,215.16,215.0,215.0,210.1,215.0,214.2,213.03,282921,602.71,4118,140360,49.61
PARAGON,SM,24-Jul-2026,48.5,48.5,48.5,47.3,47.3,47.3,47.9,2400,1.15,2,2400,100.00
PARAMOUNT,ST,24-Jul-2026,37.0,35.5,35.5,35.5,35.5,35.5,35.5,1200,0.43,1,1200,100.00
PARAS,EQ,24-Jul-2026,1197.5,1183.0,1205.0,1152.4,1198.0,1195.2,1182.36,680838,8049.97,27959,151305,22.22
PARASPETRO,EQ,24-Jul-2026,1.99,2.02,2.02,1.96,2.0,1.99,1.99,62965,1.25,142,51538,81.85
PARIN,SM,24-Jul-2026,730.0,728.8,728.8,728.8,728.8,728.8,728.8,250,1.82,1,250,100.00
PARKHOSPS,EQ,24-Jul-2026,283.8,283.0,283.0,276.0,282.9,280.25,279.12,194207,542.07,5907,72724,37.45
PARKHOTELS,EQ,24-Jul-2026,123.36,121.49,123.45,120.06,121.7,122.39,121.63,140321,170.68,3965,66110,47.11
PARSVNATH,BE,24-Jul-2026,1.98,1.95,1.95,1.95,1.95,1.95,1.95,207082,4.04,128,-,-
PARTH,SM,24-Jul-2026,478.35,460.0,474.0,450.0,474.0,470.7,459.63,12800,58.83,21,9200,71.88
PARTYCRUS,SM,24-Jul-2026,90.0,88.0,90.0,88.0,90.0,90.0,89.78,18000,16.16,5,18000,100.00
PASHUPATI,EQ,24-Jul-2026,86.99,87.5,87.55,86.05,87.4,87.09,87.22,28377,24.75,830,22075,77.79
PASUPTAC,BE,24-Jul-2026,57.9,56.3,58.9,56.3,58.78,57.91,57.38,32496,18.65,220,-,-
PATANJALI,EQ,24-Jul-2026,337.65,336.35,342.9,330.8,340.65,340.95,339.07,5715863,19380.67,54170,1482746,25.94
PATELENG,EQ,24-Jul-2026,28.05,28.1,28.83,27.65,28.02,28.02,28.12,6877588,1934.31,16252,3457796,50.28
PATELRMART,EQ,24-Jul-2026,221.57,220.0,224.5,217.0,223.99,223.44,220.68,54148,119.49,2220,12969,23.95
PATILAUTOM,ST,24-Jul-2026,189.95,189.0,190.0,184.0,184.05,184.2,187.08,25200,47.15,26,21600,85.71
PATINTLOG,BE,24-Jul-2026,14.27,14.0,14.0,13.72,13.94,13.82,13.86,78035,10.82,225,-,-
PAUSHAKLTD,EQ,24-Jul-2026,546.0,543.3,572.0,538.1,562.0,562.45,553.6,22691,125.62,1783,12229,53.89
PAVNAIND,EQ,24-Jul-2026,15.92,15.61,16.49,15.61,16.2,16.09,16.03,21107,3.38,161,15067,71.38
PAYTM,EQ,24-Jul-2026,1256.8,1246.0,1296.7,1236.5,1283.0,1283.2,1269.76,3609944,45837.71,111522,1151662,31.90
PCBL,EQ,24-Jul-2026,319.6,318.9,320.35,307.4,318.9,317.9,314.24,1308687,4112.37,22936,547898,41.87
PCCL,SM,24-Jul-2026,255.0,259.5,273.45,259.5,269.5,269.1,268.71,8800,23.65,22,6400,72.73
PCJEWELLER,EQ,24-Jul-2026,9.35,9.37,9.5,9.15,9.31,9.28,9.3,266635676,24789.98,80177,49930842,18.73
PDMJEPAPER,EQ,24-Jul-2026,93.24,93.0,93.4,89.41,91.5,91.72,91.32,177844,162.4,2561,74382,41.82
PDSL,EQ,24-Jul-2026,356.5,354.0,356.75,347.3,351.5,352.0,352.12,285160,1004.09,14350,149262,52.34
PEARLPOLY,BE,24-Jul-2026,17.13,17.1,17.3,16.4,17.2,17.2,16.75,5213,0.87,29,-,-
PENIND,EQ,24-Jul-2026,163.06,163.08,164.32,160.0,163.36,162.84,162.0,169251,274.18,2851,83038,49.06
PENINLAND,BE,24-Jul-2026,16.41,16.33,16.33,16.09,16.09,16.09,16.09,25480,4.1,58,-,-
PENTAGON,SM,24-Jul-2026,53.95,49.15,53.95,49.15,53.95,53.95,51.55,2000,1.03,2,1000,50.00
PERFECT,SZ,24-Jul-2026,2.85,2.75,2.75,2.75,2.75,2.75,2.75,3000,0.08,1,3000,100.00
PERSISTENT,EQ,24-Jul-2026,5001.9,4974.1,5217.8,4965.1,5195.0,5200.5,5132.82,732328,37589.11,55582,208363,28.45
PETRONET,EQ,24-Jul-2026,269.45,268.95,275.15,267.9,274.45,274.7,273.15,2466930,6738.53,24013,1430722,58.00
PFC,EQ,24-Jul-2026,410.05,406.0,414.15,405.3,412.5,411.9,410.18,4851080,19898.25,53769,2653159,54.69
PFIZER,EQ,24-Jul-2026,4652.4,4601.2,4648.7,4554.0,4633.1,4623.6,4611.51,15577,718.33,4488,7873,50.54
PFOCUS,EQ,24-Jul-2026,286.52,286.6,292.25,283.51,291.0,289.29,288.11,524647,1511.58,10678,192625,36.72
PFS,EQ,24-Jul-2026,29.54,29.22,29.53,28.92,29.32,29.28,29.2,379611,110.84,1857,224651,59.18
PGEL,EQ,24-Jul-2026,576.65,570.95,575.9,561.4,574.55,572.45,569.47,870572,4957.64,16554,177541,20.39
PGHH,EQ,24-Jul-2026,8984.0,8910.0,9027.5,8910.0,9000.0,8974.5,8966.12,15433,1383.74,2719,9189,59.54
PGHL,EQ,24-Jul-2026,6703.5,6673.5,6745.0,6631.5,6745.0,6714.0,6689.59,3296,220.49,1317,1706,51.76
PGIL,EQ,24-Jul-2026,1949.8,1936.9,1997.8,1932.1,1977.0,1974.5,1968.21,61015,1200.9,8726,27802,45.57
PGINVIT,IV,24-Jul-2026,99.58,99.55,100.34,99.51,100.3,100.26,99.95,1525517,1524.7,6717,1227200,80.44
PHANTOMFX,SM,24-Jul-2026,172.2,172.2,176.4,170.0,172.0,171.35,171.43,9900,16.97,32,8700,87.88
PHARMABEES,EQ,24-Jul-2026,26.32,26.32,26.59,26.02,26.3,26.28,26.27,2846354,747.7,8494,1433388,50.36
PHOENIXLTD,EQ,24-Jul-2026,2035.6,2014.0,2035.4,1978.3,2022.0,2010.7,2006.35,1100435,22078.55,39261,525243,47.73
PHOGLOBAL,SM,24-Jul-2026,16.95,15.65,15.9,15.3,15.9,15.9,15.57,20000,3.11,10,18000,90.00
PICCADIL,EQ,24-Jul-2026,736.75,736.75,739.9,721.0,739.0,737.2,730.74,138360,1011.06,6981,58862,42.54
PIDILITIND,EQ,24-Jul-2026,1564.2,1562.0,1585.0,1537.1,1572.1,1570.9,1564.64,2199982,34421.85,53164,1464477,66.57
PIGL,EQ,24-Jul-2026,109.56,111.64,111.66,101.41,105.3,105.29,104.76,186532,195.41,3681,108343,58.08
PIIND,EQ,24-Jul-2026,2742.6,2706.0,2773.3,2703.3,2727.7,2731.2,2749.06,239371,6580.46,22190,78458,32.78
PILANIINVS,EQ,24-Jul-2026,4303.2,4249.9,4334.9,4240.5,4325.0,4311.4,4288.32,928,39.8,178,673,72.52
PILITA,BE,24-Jul-2026,8.9,8.9,9.0,8.78,8.92,8.88,8.82,16436,1.45,63,-,-
PINELABS,EQ,24-Jul-2026,147.48,146.23,147.4,142.8,146.0,145.67,145.21,7741143,11240.81,39721,3009732,38.88
PIONEEREMB,EQ,24-Jul-2026,21.83,22.38,22.4,21.5,21.8,22.05,21.9,3343,0.73,33,2514,75.20
PIONRINV,EQ,24-Jul-2026,97.25,97.73,97.73,91.7,93.16,94.14,93.79,7513,7.05,177,3583,47.69
PIRAMALFIN,EQ,24-Jul-2026,2106.1,2106.1,2112.9,2046.0,2074.0,2085.4,2070.25,204392,4231.43,14545,107723,52.70
PITTIENG,EQ,24-Jul-2026,913.65,913.65,926.8,900.0,919.0,920.65,915.48,21212,194.19,2190,11699,55.15
PIXTRANS,EQ,24-Jul-2026,1790.0,1782.0,1792.1,1750.4,1769.9,1766.1,1765.2,11270,198.94,1750,5628,49.94
PKTEA,EQ,24-Jul-2026,743.4,712.3,728.0,605.0,679.0,677.15,661.39,2063,13.64,157,1077,52.21
PLASTIBLEN,EQ,24-Jul-2026,189.77,186.37,190.89,185.57,189.89,188.85,188.39,75608,142.44,1674,39865,52.73
PLATIND,EQ,24-Jul-2026,228.85,226.5,230.0,222.5,227.87,227.82,226.63,47451,107.54,2600,27714,58.41
PLAZACABLE,BE,24-Jul-2026,42.35,43.21,43.21,40.55,42.56,42.9,41.53,14504,6.02,140,-,-
PML,EQ,24-Jul-2026,485.25,497.75,497.75,480.0,493.5,485.6,488.06,142,0.69,11,57,40.14
PNB,EQ,24-Jul-2026,110.15,109.0,110.64,108.71,110.35,110.38,109.88,11902256,13078.1,47652,5117101,42.99
PNBGILTS,EQ,24-Jul-2026,84.55,84.95,86.75,83.12,85.15,85.51,85.13,310440,264.29,3524,96906,31.22
PNBHOUSING,EQ,24-Jul-2026,1066.8,1055.0,1080.0,1043.0,1061.0,1058.0,1055.96,429139,4531.56,22806,167341,38.99
PNC,EQ,24-Jul-2026,19.28,19.67,20.0,18.9,19.5,19.35,19.38,5189,1.01,141,4604,88.73
PNCINFRA,EQ,24-Jul-2026,234.03,231.95,240.11,229.65,238.81,238.21,236.44,348936,825.01,13423,190993,54.74
PNGJL,EQ,24-Jul-2026,650.6,650.65,654.2,630.35,646.0,647.0,643.15,392452,2524.07,14232,173581,44.23
PNGSREVA,EQ,24-Jul-2026,410.3,394.95,413.6,394.95,406.95,405.95,403.15,44627,179.91,2397,21047,47.16
POCL,EQ,24-Jul-2026,531.3,526.3,535.0,512.0,528.0,526.2,522.44,399659,2087.99,11912,181101,45.31
PODDARMENT,EQ,24-Jul-2026,261.61,261.27,265.93,258.0,264.0,263.98,261.12,5129,13.39,165,2522,49.17
POKARNA,EQ,24-Jul-2026,936.6,938.8,939.0,909.6,924.0,926.5,922.97,37000,341.5,4068,17643,47.68
POLICYBZR,EQ,24-Jul-2026,1526.7,1516.7,1546.6,1502.1,1536.0,1537.2,1523.53,1154630,17591.14,55517,596650,51.67
POLYCAB,EQ,24-Jul-2026,8935.0,8900.0,8970.0,8841.0,8900.0,8907.5,8911.08,189569,16892.65,28412,87118,45.96
POLYMED,EQ,24-Jul-2026,1630.3,1621.4,1676.0,1611.1,1663.8,1664.0,1650.53,59004,973.88,9553,20551,34.83
POLYPLEX,EQ,24-Jul-2026,1142.15,1150.0,1150.0,1110.15,1140.0,1128.95,1125.18,101805,1145.49,6536,53794,52.84
POLYSIL,SM,24-Jul-2026,116.1,115.0,115.0,112.0,112.0,112.0,113.0,1500,1.7,3,1500,100.00
PONNIERODE,EQ,24-Jul-2026,321.2,323.7,323.7,309.0,313.1,316.0,314.62,23701,74.57,861,10475,44.20
POONAWALLA,EQ,24-Jul-2026,464.95,464.0,466.3,451.0,457.8,459.7,457.46,623865,2853.9,15435,254325,40.77
POSITRON,ST,24-Jul-2026,178.0,177.95,178.0,177.0,177.0,177.0,177.85,2100,3.73,6,2100,100.00
POWERGRID,EQ,24-Jul-2026,289.8,286.5,290.05,286.4,288.55,288.2,288.62,8474555,24459.23,63263,5253793,61.99
POWERICA,EQ,24-Jul-2026,552.85,550.0,575.0,549.05,575.0,568.25,560.23,150639,843.92,7514,77639,51.54
POWERINDIA,EQ,24-Jul-2026,32065.0,32100.0,32395.0,30980.0,31150.0,31070.0,31554.78,118166,37287.02,38958,48095,40.70
POWERMECH,EQ,24-Jul-2026,2555.6,2537.0,2616.4,2512.6,2595.0,2593.6,2565.78,58433,1499.26,10562,27946,47.83
PPAP,BE,24-Jul-2026,296.25,294.77,301.35,285.0,290.0,290.38,291.33,9710,28.29,352,-,-
PPL,BE,24-Jul-2026,268.15,270.9,273.0,262.0,272.8,271.35,267.27,24686,65.98,326,-,-
PPLPHARMA,EQ,24-Jul-2026,180.83,179.04,182.32,178.24,181.21,181.27,180.78,3895346,7041.98,33032,1556198,39.95
PPSL,ST,24-Jul-2026,2.6,2.7,2.7,2.5,2.7,2.7,2.6,312000,8.11,60,279000,89.42
PRABHA,EQ,24-Jul-2026,140.39,139.92,143.98,138.18,139.1,139.86,141.14,18056,25.49,508,10277,56.92
PRADPME,BE,24-Jul-2026,513.7,500.05,522.4,500.05,509.0,506.45,503.46,3392,17.08,76,-,-
PRAENG,EQ,24-Jul-2026,22.98,22.73,22.73,21.45,22.5,22.42,22.01,149159,32.83,663,80595,54.03
PRAJIND,EQ,24-Jul-2026,322.5,322.0,326.0,315.1,323.55,323.5,320.43,439056,1406.85,16457,198016,45.10
PRAKASH,EQ,24-Jul-2026,123.4,122.5,124.23,122.35,123.97,123.77,123.62,167798,207.43,1926,102263,60.94
PRAKASHSTL,EQ,24-Jul-2026,4.01,4.05,4.05,4.0,4.03,4.01,4.02,49703,2.0,178,38270,77.00
PRAMARA,SM,24-Jul-2026,127.65,131.5,131.85,125.5,127.0,127.8,128.32,25000,32.08,38,12500,50.00
PRATHAM,SM,24-Jul-2026,114.0,114.0,118.0,111.0,118.0,117.3,116.12,13200,15.33,19,12400,93.94
PRAVEG,EQ,24-Jul-2026,295.48,293.0,294.74,283.0,284.0,285.08,287.12,88092,252.93,1696,52664,59.78
PRAXIS,BE,24-Jul-2026,7.04,6.9,7.19,6.9,7.09,6.93,6.99,43670,3.05,53,-,-
PRECAM,EQ,24-Jul-2026,138.28,138.0,139.69,133.0,138.01,138.65,137.79,49216,67.81,1680,19632,39.89
PRECISION,SM,24-Jul-2026,7.6,7.3,7.95,7.3,7.95,7.95,7.75,10000,0.78,5,10000,100.00
PRECOT,EQ,24-Jul-2026,825.6,813.3,831.0,801.05,831.0,823.75,815.22,2025,16.51,207,1429,70.57
PRECWIRE,EQ,24-Jul-2026,367.8,364.1,374.0,363.05,373.5,372.5,369.85,108921,402.85,7544,47369,43.49
PREMCO,EQ,24-Jul-2026,367.0,365.0,379.9,360.0,374.9,363.9,364.72,423,1.54,50,390,92.20
PREMEXPLN,EQ,24-Jul-2026,663.6,660.1,674.1,657.0,663.5,662.1,664.29,261823,1739.25,5512,133209,50.88
PREMIER,BE,24-Jul-2026,2.88,2.88,2.99,2.77,2.77,2.84,2.86,1039,0.03,18,-,-
PREMIERENE,EQ,24-Jul-2026,1024.7,1020.0,1024.1,1007.5,1017.4,1019.3,1017.3,934272,9504.38,27716,475858,50.93
PREMIERPOL,EQ,24-Jul-2026,78.65,79.9,80.64,76.3,79.4,79.3,78.45,421135,330.4,5612,120996,28.73
PRESSTONIC,SM,24-Jul-2026,25.25,25.0,26.25,24.5,25.5,25.45,25.11,28800,7.23,29,16000,55.56
PRESTIGE,EQ,24-Jul-2026,1624.0,1614.9,1618.6,1579.3,1600.0,1592.8,1593.52,793038,12637.18,27888,413236,52.11
PRICOLLTD,EQ,24-Jul-2026,626.1,626.0,633.3,613.15,629.55,628.7,624.99,501687,3135.49,29094,227346,45.32
PRIMECAB,ST,24-Jul-2026,178.55,178.0,187.45,175.0,175.0,175.0,180.1,38400,69.16,24,36800,95.83
PRIMESECU,EQ,24-Jul-2026,279.4,276.0,292.0,272.2,273.5,274.45,280.78,102738,288.47,3037,38642,37.61
PRIMO,EQ,24-Jul-2026,22.35,22.25,22.5,21.96,22.5,22.34,22.22,63165,14.03,339,37639,59.59
PRINCEPIPE,EQ,24-Jul-2026,257.2,257.25,262.6,251.5,260.9,261.2,256.41,131722,337.75,4611,61546,46.72
PRITI,BE,24-Jul-2026,37.38,35.55,38.0,35.55,37.65,37.73,36.63,3329,1.22,74,-,-
PRITIKAUTO,BE,24-Jul-2026,17.8,17.7,18.15,17.06,18.15,18.01,17.71,73448,13.01,402,-,-
PRIVISCL,EQ,24-Jul-2026,3585.9,3555.0,3622.0,3491.0,3576.5,3595.2,3569.34,65489,2337.52,7997,34703,52.99
PRIZOR,ST,24-Jul-2026,860.0,859.8,859.8,845.0,845.0,845.0,858.39,6000,51.5,14,6000,100.00
PRLIND,SM,24-Jul-2026,45.1,45.0,45.75,44.8,45.75,45.3,45.2,15000,6.78,8,15000,100.00
PROFX,SM,24-Jul-2026,71.0,71.6,75.0,71.6,72.0,72.0,73.28,6400,4.69,4,4800,75.00
PROPEQUITY,SM,24-Jul-2026,221.9,222.0,222.0,221.9,221.9,221.9,221.93,3600,7.99,3,3600,100.00
PROSTARM,EQ,24-Jul-2026,121.65,120.65,124.85,119.24,124.85,123.67,121.55,125192,152.17,2371,57993,46.32
PROTEAN,EQ,24-Jul-2026,571.7,568.05,600.3,565.0,594.0,593.9,589.12,488295,2876.62,16678,159055,32.57
PROZONER,EQ,24-Jul-2026,44.91,44.91,45.49,43.26,43.52,43.8,44.13,184409,81.38,1616,101562,55.07
PRSMJOHNSN,EQ,24-Jul-2026,108.02,107.5,109.5,106.01,109.5,108.02,107.16,89164,95.55,2532,33913,38.03
PRUDENT,EQ,24-Jul-2026,2871.4,2895.0,2895.0,2762.0,2890.0,2858.9,2800.56,59039,1653.42,10754,41669,70.58
PRUDMOULI,BE,24-Jul-2026,13.25,13.25,13.88,12.92,12.92,12.92,13.44,6918,0.93,15,-,-
PSB,EQ,24-Jul-2026,24.14,24.01,24.05,23.41,23.94,23.77,23.66,1249417,295.57,5032,592511,47.42
PSFL,SM,24-Jul-2026,31.05,30.6,31.0,30.6,31.0,31.0,30.95,16000,4.95,8,12000,75.00
PSPPROJECT,EQ,24-Jul-2026,987.4,972.6,1039.9,972.6,1036.9,1031.2,1013.75,126098,1278.32,7785,64371,51.05
PSRAJ,ST,24-Jul-2026,411.0,86.3,86.3,86.0,86.3,86.3,86.23,10000,8.62,4,10000,100.00
PSUBANK,EQ,24-Jul-2026,83.0,83.33,83.95,82.26,83.95,83.49,83.26,271305,225.89,638,206436,76.09
PSUBANKADD,EQ,24-Jul-2026,84.03,83.29,85.7,83.15,85.7,84.48,83.87,22612,18.97,390,9417,41.65
PSUBNKBEES,EQ,24-Jul-2026,92.88,92.68,93.68,91.8,93.36,93.42,92.55,1394395,1290.47,5445,624914,44.82
PSUBNKIETF,EQ,24-Jul-2026,84.42,84.22,84.93,83.35,84.59,84.71,84.21,143188,120.59,921,53381,37.28
PTC,EQ,24-Jul-2026,168.38,168.0,168.18,163.8,165.04,164.4,164.93,1325001,2185.32,14883,889528,67.13
PTCIL,EQ,24-Jul-2026,17836.0,17874.0,17965.0,17536.0,17705.0,17732.0,17674.8,15178,2682.68,4918,4951,32.62
PTL,EQ,24-Jul-2026,39.32,39.1,40.11,39.1,39.21,39.26,39.24,22059,8.66,487,15439,69.99
PUNJABCHEM,EQ,24-Jul-2026,1136.2,1128.1,1134.3,1108.0,1125.0,1121.6,1119.07,2432,27.22,580,1116,45.89
PURPLEUTED,ST,24-Jul-2026,345.85,340.0,355.0,332.0,355.0,341.35,337.83,15250,51.52,44,15000,98.36
PURVA,EQ,24-Jul-2026,211.7,210.0,214.69,209.0,212.1,213.35,212.09,101573,215.42,3219,27506,27.08
PURVFLEXI,ST,24-Jul-2026,45.95,44.1,44.1,44.1,44.1,44.1,44.1,800,0.35,1,800,100.00
PUSHPA,SM,24-Jul-2026,114.55,109.9,111.0,109.7,111.0,111.0,110.33,5000,5.52,5,5000,100.00
PVP,EQ,24-Jul-2026,27.72,27.72,28.04,27.06,27.5,27.31,27.55,176625,48.66,1190,105654,59.82
PVRINOX,EQ,24-Jul-2026,1007.4,1010.0,1070.0,1008.2,1055.0,1063.95,1048.46,1849646,19392.86,68487,453810,24.53
PVSL,EQ,24-Jul-2026,105.33,103.8,108.0,103.4,106.83,106.01,106.07,56743,60.19,997,37376,65.87
PVTBANIETF,EQ,24-Jul-2026,27.51,27.98,27.98,27.04,27.58,27.56,27.36,13974348,3823.19,3301,12000674,85.88
PVTBANK,EQ,24-Jul-2026,27.29,27.28,27.44,27.04,27.44,27.41,27.27,22534,6.14,39,21114,93.70
PVTBANKADD,EQ,24-Jul-2026,27.69,27.62,28.0,27.44,28.0,27.74,27.66,47235,13.06,161,34585,73.22
PVTBKGROWW,EQ,24-Jul-2026,27.27,27.41,27.52,26.85,27.48,27.35,27.35,29009,7.93,618,10573,36.45
PWL,EQ,24-Jul-2026,133.25,132.6,132.6,124.81,127.0,128.05,127.59,12191137,15554.32,98795,3575299,29.33
PYRAMID,EQ,24-Jul-2026,162.92,163.19,165.58,158.95,163.0,164.21,161.99,41343,66.97,916,22124,53.51
QGOLDHALF,EQ,24-Jul-2026,118.87,118.36,118.36,116.98,118.15,118.07,117.58,120432,141.6,1108,30892,25.65
QLINE,SM,24-Jul-2026,498.9,497.95,508.7,487.0,508.5,505.75,497.79,153200,762.61,259,62800,40.99
QMSMEDI,EQ,24-Jul-2026,108.18,112.89,117.0,108.25,113.0,110.6,112.23,18570,20.84,774,9999,53.84
QNIFTY,EQ,24-Jul-2026,262.44,263.75,263.75,260.0,261.6,261.6,260.84,1564,4.08,117,877,56.07
QPOWER,BE,24-Jul-2026,1100.9,1090.0,1118.0,1062.1,1110.0,1105.4,1090.78,82382,898.61,3227,-,-
QUADFUTURE,EQ,24-Jul-2026,381.1,376.75,381.85,338.8,361.2,361.05,357.75,1318885,4718.31,32118,347459,26.34
QUAL30IETF,EQ,24-Jul-2026,20.78,20.78,20.98,20.72,20.98,20.94,20.88,86838,18.13,233,54600,62.88
QUALITY30,EQ,24-Jul-2026,20.43,20.42,20.54,20.3,20.46,20.46,20.43,2243,0.46,21,996,44.40
QUESS,EQ,24-Jul-2026,297.65,299.8,299.8,292.0,294.1,295.4,294.91,115166,339.63,6353,52222,45.34
QUESTLAB,SM,24-Jul-2026,92.9,92.9,93.0,92.75,93.0,92.95,92.93,18000,16.73,15,18000,100.00
QUICKHEAL,BE,24-Jul-2026,153.28,153.0,153.0,149.1,153.0,152.72,151.31,35359,53.5,763,-,-
QUICKTOUCH,SM,24-Jul-2026,23.15,23.15,23.15,22.0,22.0,22.0,22.78,3500,0.8,3,3500,100.00
QUINT,EQ,24-Jul-2026,38.16,38.64,38.64,38.64,38.64,38.64,38.64,210,0.08,4,210,100.00
QVCEL,SM,24-Jul-2026,22.45,21.75,23.55,21.75,23.55,23.55,22.7,6400,1.45,4,6400,100.00
RACE,EQ,24-Jul-2026,108.29,108.0,110.97,107.02,109.77,109.25,109.38,215,0.24,16,117,54.42
RACLGEAR,EQ,24-Jul-2026,1325.5,1325.5,1326.4,1285.1,1316.2,1315.5,1305.45,15982,208.64,2265,7712,48.25
RADAAN,EQ,24-Jul-2026,2.91,2.98,2.98,2.78,2.98,2.88,2.86,19992,0.57,174,9354,46.79
RADHIKAJWE,EQ,24-Jul-2026,63.97,63.66,64.75,62.2,63.83,63.63,63.32,289847,183.55,3950,67548,23.30
RADIANTCMS,EQ,24-Jul-2026,36.93,37.5,37.5,36.7,36.83,36.93,36.96,113215,41.85,1135,93604,82.68
RADICO,EQ,24-Jul-2026,4065.3,4065.0,4118.0,4038.9,4114.0,4091.3,4083.65,343711,14035.95,42550,190080,55.30
RADIOCITY,EQ,24-Jul-2026,6.54,6.4,6.49,6.33,6.4,6.4,6.41,173587,11.13,352,122546,70.60
RADIOWALLA,ST,24-Jul-2026,28.8,28.25,28.25,28.25,28.25,28.25,28.25,1600,0.45,1,1600,100.00
RAILTEL,EQ,24-Jul-2026,287.55,285.0,287.6,279.3,286.2,284.75,283.05,695273,1967.97,16999,308501,44.37
RAIN,EQ,24-Jul-2026,223.44,220.2,226.8,216.36,225.15,225.23,222.08,4677755,10388.59,41109,1255559,26.84
RAINBOW,EQ,24-Jul-2026,1466.1,1463.9,1475.3,1428.0,1468.0,1457.8,1449.74,56582,820.29,7531,23906,42.25
RAJESHEXPO,BZ,24-Jul-2026,92.46,90.45,92.39,88.6,88.98,88.93,89.25,244231,217.97,1317,-,-
RAJINDLTD,SM,24-Jul-2026,74.95,73.0,77.35,66.5,70.45,70.45,70.01,66000,46.21,40,43500,65.91
RAJMET,EQ,24-Jul-2026,3.41,3.4,3.43,3.22,3.38,3.36,3.33,317292,10.56,654,190554,60.06
RAJOOENG,BE,24-Jul-2026,55.08,54.0,55.08,52.85,54.47,54.35,53.71,195232,104.87,774,-,-
RAJPALAYAM,EQ,24-Jul-2026,823.1,803.15,825.0,802.0,815.0,807.75,812.64,493,4.01,41,403,81.74
RAJPUTANA,SM,24-Jul-2026,199.45,199.45,199.45,199.45,199.45,199.45,199.45,500,1.0,1,500,100.00
RAJRATAN,EQ,24-Jul-2026,501.55,490.0,524.0,481.1,483.9,488.3,504.72,1415765,7145.59,45934,191350,13.52
RAJRILTD,BE,24-Jul-2026,21.26,21.0,21.15,20.84,20.84,20.84,20.89,20060,4.19,107,-,-
RAJSREESUG,EQ,24-Jul-2026,30.32,29.85,30.45,29.4,29.84,29.97,29.87,16358,4.89,325,9043,55.28
RAJTV,EQ,24-Jul-2026,11.92,11.99,12.0,11.6,11.99,11.67,11.75,29485,3.47,189,22140,75.09
RALLIS,EQ,24-Jul-2026,221.97,220.05,222.0,216.6,218.9,218.72,218.98,760800,1665.97,13274,341224,44.85
RAMANEWS,EQ,24-Jul-2026,28.48,28.48,28.97,27.69,28.13,28.57,28.45,23096,6.57,160,17579,76.11
RAMAPHO,EQ,24-Jul-2026,125.21,124.01,138.9,121.36,131.12,131.1,130.92,153019,200.33,2703,61407,40.13
RAMASTEEL,BE,24-Jul-2026,4.28,4.26,4.33,4.21,4.26,4.26,4.26,1415003,60.34,2885,-,-
RAMBHAJO,EQ,24-Jul-2026,202.34,202.0,202.23,192.4,194.0,194.07,196.78,226098,444.91,4544,102763,45.45
RAMCOCEM,EQ,24-Jul-2026,915.1,914.2,918.0,902.0,909.5,914.8,913.34,34800,317.84,5128,17074,49.06
RAMCOIND,EQ,24-Jul-2026,334.05,334.05,334.05,326.0,329.5,329.15,329.47,151711,499.84,4146,67562,44.53
RAMCOSYS,EQ,24-Jul-2026,789.9,711.0,727.25,710.95,710.95,710.95,715.47,227614,1628.5,4106,128763,56.57
RAMKY,EQ,24-Jul-2026,372.3,371.9,374.1,368.0,368.75,371.1,370.5,41637,154.27,1416,24553,58.97
RAMRAT,EQ,24-Jul-2026,407.95,407.95,416.0,401.35,414.0,414.1,409.21,47043,192.5,2406,21067,44.78
RANASUG,EQ,24-Jul-2026,11.64,11.8,11.87,11.52,11.76,11.78,11.73,79816,9.36,380,44034,55.17
RANEHOLDIN,EQ,24-Jul-2026,1723.2,1715.0,1740.0,1692.2,1738.0,1738.4,1718.84,7386,126.95,1169,3687,49.92
RAPPID,SM,24-Jul-2026,330.6,330.7,348.5,330.6,337.85,337.85,337.83,9600,32.43,16,6600,68.75
RATEGAIN,EQ,24-Jul-2026,877.2,870.0,904.8,850.65,901.0,900.4,882.66,192327,1697.6,12485,74574,38.77
RATNAMANI,EQ,24-Jul-2026,2425.2,2410.0,2447.8,2381.0,2403.7,2394.5,2401.46,26552,637.63,5718,13672,51.49
RATNAVEER,EQ,24-Jul-2026,177.47,176.5,181.46,175.07,178.66,178.61,178.71,762108,1361.97,9575,327102,42.92
RAYMOND,EQ,24-Jul-2026,605.6,602.0,602.1,581.55,588.0,588.4,589.46,358794,2114.96,13231,148572,41.41
RAYMONDLSL,EQ,24-Jul-2026,715.95,712.0,718.25,700.05,716.85,714.95,709.43,77620,550.66,4263,39357,50.70
RAYMONDREL,EQ,24-Jul-2026,643.9,640.0,659.0,627.15,656.0,654.55,644.11,383921,2472.88,12229,138247,36.01
RBA,EQ,24-Jul-2026,64.9,64.8,66.0,63.57,65.8,65.16,64.89,3860698,2505.13,10663,1799935,46.62
RBLBANK,EQ,24-Jul-2026,353.85,348.0,354.6,347.85,352.4,352.9,350.92,2705750,9495.11,40584,1117404,41.30
RBMINFRA,SM,24-Jul-2026,297.3,299.0,309.6,292.0,300.0,300.25,303.1,47800,144.88,195,28000,58.58
RBS,ST,24-Jul-2026,76.05,76.45,77.35,73.5,73.5,74.25,76.01,6400,4.86,8,5600,87.50
RBZJEWEL,EQ,24-Jul-2026,140.9,140.0,141.71,136.1,141.49,140.91,140.04,48185,67.48,2474,18287,37.95
RCF,EQ,24-Jul-2026,124.16,122.25,124.77,121.62,124.77,124.22,123.3,654634,807.13,7635,166520,25.44
RCOM,BE,24-Jul-2026,0.83,0.83,0.83,0.82,0.83,0.82,0.82,1742127,14.35,1184,-,-
READYMIX,SM,24-Jul-2026,104.25,107.45,107.45,100.3,104.95,104.95,104.92,31000,32.53,23,23000,74.19
RECLTD,EQ,24-Jul-2026,358.45,354.9,364.5,354.9,361.0,361.6,359.83,4578306,16474.15,45391,2380789,52.00
REDINGTON,EQ,24-Jul-2026,262.05,261.1,263.65,255.7,259.55,259.05,258.65,1016983,2630.4,31118,419625,41.26
REDTAPE,EQ,24-Jul-2026,127.83,131.99,131.99,125.0,127.0,126.77,127.22,301077,383.03,5776,106091,35.24
REFEX,EQ,24-Jul-2026,313.85,313.5,318.95,307.0,316.0,316.0,313.08,429930,1346.01,7304,209646,48.76
REGAAL,BE,24-Jul-2026,78.06,78.0,78.39,75.0,76.0,75.65,76.9,117749,90.55,522,-,-
REGENCERAM,EQ,24-Jul-2026,34.64,34.6,36.98,32.81,33.99,33.94,33.68,4305,1.45,76,2454,57.00
RELAXO,EQ,24-Jul-2026,396.1,393.2,405.55,386.25,403.9,402.95,397.0,626262,2486.25,17252,182777,29.19
RELCHEMQ,EQ,24-Jul-2026,126.81,126.81,128.1,122.35,127.8,127.29,125.12,2838,3.55,114,1704,60.04
RELIABLE,EQ,24-Jul-2026,143.83,143.92,145.32,141.0,144.72,143.88,143.56,5297,7.6,154,3468,65.47
RELIANCE,EQ,24-Jul-2026,1272.2,1265.0,1283.4,1249.8,1280.5,1278.0,1274.32,9817000,125099.76,240418,5777734,58.85
RELIGARE,EQ,24-Jul-2026,253.05,250.25,259.65,249.6,257.6,258.05,255.95,1033687,2645.69,11944,488114,47.22
RELTD,EQ,24-Jul-2026,173.28,171.8,173.6,167.42,172.0,171.45,170.63,121950,208.09,3278,47317,38.80
REMSONSIND,EQ,24-Jul-2026,78.82,77.7,79.2,76.2,78.0,78.31,77.65,64864,50.37,1291,27637,42.61
REMUS,SM,24-Jul-2026,723.2,723.0,723.0,718.05,719.05,719.6,720.82,1900,13.7,16,1600,84.21
RENUKA,EQ,24-Jul-2026,21.68,21.65,22.4,21.5,22.26,22.23,21.86,3308107,723.24,6749,1345075,40.66
REPCOHOME,EQ,24-Jul-2026,390.55,390.55,391.6,384.0,389.0,388.4,387.92,65396,253.69,1878,33336,50.98
REPL,BE,24-Jul-2026,65.88,65.82,66.79,63.55,65.43,65.43,64.34,1658,1.07,27,-,-
REPRO,EQ,24-Jul-2026,370.25,375.0,375.65,369.65,370.0,371.9,370.88,5059,18.76,204,4231,83.63
RESPONIND,EQ,24-Jul-2026,176.97,176.2,177.25,172.98,175.0,176.02,175.18,114048,199.79,2598,33919,29.74
RETAIL,EQ,24-Jul-2026,16.66,16.75,17.39,16.56,16.65,16.65,16.7,598,0.1,18,528,88.29
RFBL,ST,24-Jul-2026,88.0,92.4,92.4,92.0,92.4,92.4,92.29,24000,22.15,6,24000,100.00
RGL,EQ,24-Jul-2026,118.1,117.99,118.7,116.01,118.7,118.11,117.55,165862,194.97,1642,115868,69.86
RHETAN,EQ,24-Jul-2026,28.57,28.4,29.18,28.21,28.22,28.35,28.48,3457900,984.74,4315,424255,12.27
RHFL,BZ,24-Jul-2026,1.99,1.99,2.0,1.94,1.97,1.96,1.96,429787,8.43,649,-,-
RHIM,EQ,24-Jul-2026,395.6,396.05,404.45,388.25,400.95,398.95,395.95,745087,2950.15,18834,333381,44.74
RHL,EQ,24-Jul-2026,168.81,167.57,168.55,165.98,167.15,167.34,166.68,3943,6.57,88,2918,74.00
RICOAUTO,EQ,24-Jul-2026,135.43,134.0,141.9,132.07,138.62,139.07,138.38,3252527,4500.84,28160,766150,23.56
RIIL,EQ,24-Jul-2026,742.15,736.0,741.95,719.45,729.1,729.55,728.52,100144,729.57,4972,40151,40.09
RIIT,IV,24-Jul-2026,116.19,116.92,117.0,114.99,115.55,115.64,116.47,278932,324.87,11623,244327,87.59
RILINFRA,SM,24-Jul-2026,39.6,39.0,40.0,39.0,39.5,39.5,39.49,7300,2.88,34,6400,87.67
RIR,EQ,24-Jul-2026,157.66,157.0,158.0,155.1,157.85,157.51,156.6,56559,88.57,1651,28727,50.79
RISHABH,EQ,24-Jul-2026,632.25,622.2,633.05,612.0,623.0,622.3,621.35,106428,661.3,5585,52795,49.61
RITCO,EQ,24-Jul-2026,294.3,290.05,305.0,290.0,297.1,297.2,299.05,196846,588.66,4808,61810,31.40
RITES,EQ,24-Jul-2026,213.37,211.11,214.71,210.24,214.0,213.7,212.61,351076,746.43,8596,116245,33.11
RITEZONE,ST,24-Jul-2026,21.55,20.5,20.5,20.5,20.5,20.5,20.5,8000,1.64,4,6400,80.00
RKDL,EQ,24-Jul-2026,19.72,19.81,19.98,18.96,19.62,19.91,19.73,46872,9.25,121,42304,90.25
RKEC,EQ,24-Jul-2026,27.71,28.07,28.3,26.08,26.85,26.73,27.27,40232,10.97,262,23920,59.46
RKFORGE,EQ,24-Jul-2026,584.0,583.0,588.9,569.6,584.5,580.7,578.74,3245747,18784.29,51882,1423479,43.86
RKSWAMY,EQ,24-Jul-2026,99.86,101.87,103.3,99.92,101.0,101.37,101.4,83008,84.17,1409,63560,76.57
RMC,EQ,24-Jul-2026,268.0,267.9,270.9,262.9,269.9,268.05,268.61,18124,48.68,797,9497,52.40
RMDRIP,EQ,24-Jul-2026,18.07,17.7,18.4,17.68,18.3,18.11,18.04,1461146,263.6,1939,220213,15.07
RML,EQ,24-Jul-2026,1124.8,1121.0,1142.9,1105.1,1132.0,1130.4,1126.23,14317,161.24,2451,7385,51.58
RNBDENIMS,EQ,24-Jul-2026,9.42,9.52,9.52,9.15,9.3,9.27,9.27,143563,13.31,858,103724,72.25
RNFI,SM,24-Jul-2026,266.1,262.25,273.95,262.0,273.95,268.75,266.26,17400,46.33,19,13800,79.31
RNPL,SM,24-Jul-2026,74.85,78.0,78.0,78.0,78.0,78.0,78.0,1200,0.94,1,1200,100.00
ROCKINGDCE,SM,24-Jul-2026,180.0,171.9,180.0,170.0,180.0,177.65,173.23,2500,4.33,10,1250,50.00
ROHLTD,EQ,24-Jul-2026,312.35,311.0,314.5,306.0,313.95,310.95,310.22,17182,53.3,707,10381,60.42
ROLEXRINGS,EQ,24-Jul-2026,137.05,137.04,140.0,134.55,139.5,139.64,137.62,892279,1227.96,11242,355549,39.85
ROLLT,BE,24-Jul-2026,2.16,2.19,2.23,2.1,2.17,2.17,2.17,57893,1.26,85,-,-
ROML,EQ,24-Jul-2026,44.45,44.02,44.81,43.57,44.5,44.51,44.28,2720,1.2,46,1345,49.45
ROSSARI,EQ,24-Jul-2026,491.95,495.0,497.75,487.0,490.0,489.8,491.81,71170,350.02,3024,43145,60.62
ROSSELLIND,EQ,24-Jul-2026,60.01,60.3,60.6,57.5,59.89,58.94,58.75,44757,26.3,1089,18958,42.36
ROSSTECH,EQ,24-Jul-2026,974.45,972.0,989.0,950.0,987.0,983.3,967.98,62779,607.69,4766,29329,46.72
ROTO,EQ,24-Jul-2026,67.31,66.0,68.5,65.76,68.15,68.08,67.13,315528,211.82,2799,100044,31.71
ROUTE,EQ,24-Jul-2026,600.45,589.5,609.9,562.0,564.0,568.55,582.89,4437820,25867.42,87358,586050,13.21
ROXHITECH,ST,24-Jul-2026,39.35,37.65,39.9,37.65,39.9,38.75,38.78,3200,1.24,2,3200,100.00
ROYALARC,SM,24-Jul-2026,147.2,151.0,151.0,148.0,148.0,148.0,149.5,2400,3.59,2,2400,100.00
RPEL,EQ,24-Jul-2026,1292.2,1275.0,1309.9,1275.0,1309.5,1303.2,1293.19,48925,632.69,4519,28339,57.92
RPGLIFE,EQ,24-Jul-2026,2902.5,2870.0,3010.2,2800.0,2900.0,2937.0,2902.52,12138,352.31,1917,6233,51.35
RPOWER,EQ,24-Jul-2026,23.44,23.86,24.4,23.14,24.19,24.06,23.61,23575748,5566.13,32324,6149339,26.08
RPPINFRA,EQ,24-Jul-2026,61.79,61.5,62.0,60.8,61.99,61.5,61.43,20904,12.84,444,16354,78.23
RPPL,EQ,24-Jul-2026,21.96,22.4,22.4,21.08,22.4,21.47,21.47,54235,11.65,380,32877,60.62
RPSGVENT,EQ,24-Jul-2026,900.6,903.0,903.0,890.2,892.6,893.95,892.96,7077,63.19,530,4916,69.46
RPTECH,EQ,24-Jul-2026,761.55,749.75,787.95,749.75,777.8,779.85,773.19,511769,3956.97,24343,217091,42.42
RRIL,EQ,24-Jul-2026,16.67,16.55,16.94,16.01,16.77,16.63,16.54,21307,3.52,98,17092,80.22
RRKABEL,EQ,24-Jul-2026,2378.3,2379.9,2506.0,2330.2,2506.0,2493.6,2445.67,943722,23080.36,58212,387582,41.07
RSDFIN,EQ,24-Jul-2026,82.82,82.81,82.81,82.81,82.81,82.81,82.81,4,0.0,2,4,100.00
RSL,EQ,24-Jul-2026,134.24,132.0,134.24,130.0,133.99,132.72,133.08,160809,214.0,1983,79806,49.63
RSSOFTWARE,BE,24-Jul-2026,31.85,31.22,31.8,31.22,31.26,31.26,31.26,11890,3.72,53,-,-
RSWM,BE,24-Jul-2026,212.13,209.0,214.71,208.01,211.5,211.71,210.92,17450,36.81,190,-,-
RSYSTEMS,EQ,24-Jul-2026,248.64,248.01,248.01,241.14,247.02,245.51,243.92,178765,436.04,4786,64336,35.99
RTL,SM,24-Jul-2026,81.05,78.0,78.0,78.0,78.0,78.0,78.0,2000,1.56,1,2000,100.00
RTNINDIA,EQ,24-Jul-2026,31.52,31.52,31.9,30.71,31.89,31.6,31.35,737118,231.1,4469,218988,29.71
RTNPOWER,EQ,24-Jul-2026,8.54,8.52,9.19,8.4,8.7,8.63,8.72,24274112,2117.9,29118,5079492,20.93
RUBFILA,EQ,24-Jul-2026,72.75,72.76,73.8,72.0,73.75,73.08,72.45,6158,4.46,153,5045,81.93
RUBICON,EQ,24-Jul-2026,1525.4,1529.7,1560.0,1489.5,1522.0,1520.2,1517.34,183736,2787.9,12224,57490,31.29
RUBYMILLS,BE,24-Jul-2026,416.0,415.9,415.9,395.2,407.0,407.35,408.3,62701,256.01,291,-,-
RUCHINFRA,EQ,24-Jul-2026,5.95,6.15,6.15,5.76,6.0,5.99,6.01,53651,3.22,178,32060,59.76
RUCHIRA,EQ,24-Jul-2026,108.07,108.07,108.29,106.0,106.33,106.47,106.75,22322,23.83,472,9308,41.70
RUDRA,BE,24-Jul-2026,16.18,16.18,16.49,16.01,16.49,16.22,16.2,11014,1.78,70,-,-
RULKA,SM,24-Jul-2026,102.4,102.9,102.9,99.0,100.0,100.0,100.8,3900,3.93,13,3900,100.00
RUPA,EQ,24-Jul-2026,162.61,161.2,164.48,160.4,163.1,163.19,162.27,57237,92.88,1954,29339,51.26
RUSHIL,EQ,24-Jul-2026,16.98,17.0,18.44,16.5,18.1,17.76,17.42,2305661,401.66,4132,962944,41.76
RUSTOMJEE,EQ,24-Jul-2026,401.65,404.85,405.0,395.3,398.0,399.75,399.63,8024,32.07,819,3848,47.96
RVHL,EQ,24-Jul-2026,45.59,45.99,46.0,45.0,46.0,45.87,45.8,3043,1.39,58,1904,62.57
RVNL,EQ,24-Jul-2026,224.13,221.9,225.98,220.84,224.48,224.53,223.67,5204038,11639.95,38768,1823297,35.04
RVTH,EQ,24-Jul-2026,690.8,695.3,706.0,675.0,685.05,685.05,686.75,165,1.13,25,111,67.27
S&SPOWER,EQ,24-Jul-2026,344.65,344.6,358.0,340.0,354.3,347.3,352.38,4791,16.88,153,1885,39.34
SAAKSHI,ST,24-Jul-2026,309.9,302.3,302.3,296.0,299.9,299.9,298.34,4200,12.53,7,4200,100.00
SAATVIKGL,EQ,24-Jul-2026,437.15,435.0,442.95,430.45,442.95,440.55,436.29,50435,220.04,2775,21700,43.03
SABAR,SM,24-Jul-2026,5.25,5.45,5.5,5.45,5.45,5.45,5.47,25000,1.37,4,25000,100.00
SABEVENTS,EQ,24-Jul-2026,7.58,7.9,7.91,7.31,7.8,7.67,7.58,9282,0.7,60,7499,80.79
SACHEEROME,SM,24-Jul-2026,413.5,405.0,428.0,400.0,425.0,422.95,411.52,26700,109.88,80,18000,67.42
SADBHAV,EQ,24-Jul-2026,7.84,7.98,7.99,7.7,7.92,7.9,7.81,81419,6.36,275,65726,80.73
SADBHIN,BE,24-Jul-2026,2.28,2.25,2.29,2.17,2.28,2.26,2.22,147655,3.28,193,-,-
SADHNANIQ,BE,24-Jul-2026,2.79,2.74,2.74,2.74,2.74,2.74,2.74,1366811,37.45,276,-,-
SAFARI,EQ,24-Jul-2026,1551.6,1543.9,1562.4,1530.0,1540.0,1538.9,1540.82,12888,198.58,2204,5606,43.50
SAFEENTP,SM,24-Jul-2026,258.0,255.65,257.05,250.0,250.0,252.15,254.38,30000,76.31,50,26000,86.67
SAGARDEEP,EQ,24-Jul-2026,25.06,25.06,25.5,24.5,24.98,25.16,24.8,7277,1.8,75,6050,83.14
SAGCEM,EQ,24-Jul-2026,176.6,175.0,179.04,174.03,178.99,177.54,176.81,23592,41.71,756,9791,41.50
SAGILITY,EQ,24-Jul-2026,41.32,41.34,41.57,40.28,40.48,40.42,40.6,18644024,7569.57,54948,9074285,48.67
SAHAJSOLAR,SM,24-Jul-2026,123.0,121.0,125.2,121.0,125.2,124.35,123.5,5600,6.92,14,4000,71.43
SAHANA,SM,24-Jul-2026,892.9,892.0,900.0,890.0,898.5,893.8,893.78,8000,71.5,50,4375,54.69
SAHASRA,ST,24-Jul-2026,312.4,309.05,311.2,309.05,311.0,311.0,310.66,7600,23.61,16,7600,100.00
SAHLIBHFI,EQ,24-Jul-2026,79.34,79.34,79.34,77.7,77.93,77.93,78.43,589,0.46,39,457,77.59
SAHYADRI,EQ,24-Jul-2026,279.15,276.3,282.95,270.05,281.95,281.25,276.56,11721,32.42,323,5860,50.00
SAIFL,SM,24-Jul-2026,5.0,5.05,5.1,4.95,5.0,5.1,5.03,248000,12.47,47,120000,48.39
SAIL,EQ,24-Jul-2026,160.91,160.25,162.8,158.01,161.37,161.45,160.88,8938065,14379.19,44625,3395943,37.99
SAILIFE,EQ,24-Jul-2026,1240.3,1225.4,1242.3,1223.8,1230.0,1232.9,1233.5,273980,3379.54,22186,184266,67.26
SAIPARENT,EQ,24-Jul-2026,539.7,535.85,546.05,529.0,539.1,535.6,537.08,63939,343.41,3535,32606,51.00
SAJHOTELS,ST,24-Jul-2026,38.1,36.2,37.0,36.2,36.5,36.5,36.48,8000,2.92,4,8000,100.00
SAKAR,EQ,24-Jul-2026,827.6,845.0,876.0,785.6,804.0,802.2,818.82,547254,4481.03,35430,114054,20.84
SAKHTISUG,EQ,24-Jul-2026,17.06,17.39,17.39,16.78,17.3,17.28,17.1,75811,12.96,301,51133,67.45
SAKSOFT,EQ,24-Jul-2026,164.59,164.59,170.0,160.5,170.0,168.3,165.13,932311,1539.53,11396,199175,21.36
SAKUMA,BE,24-Jul-2026,1.67,1.65,1.68,1.62,1.65,1.64,1.66,344729,5.72,556,-,-
SALASAR,EQ,24-Jul-2026,5.9,5.81,6.03,5.81,6.03,5.97,5.92,2362332,139.78,2394,1192900,50.50
SALONA,EQ,24-Jul-2026,255.05,252.0,254.9,245.15,247.0,248.8,249.56,2240,5.59,101,1832,81.79
SALSTEEL,BE,24-Jul-2026,56.43,56.4,57.2,54.66,57.2,56.71,56.51,43019,24.31,168,-,-
SALZERELEC,EQ,24-Jul-2026,578.1,573.0,586.95,571.15,577.0,575.95,578.6,29366,169.91,1917,14106,48.04
SAMAY,ST,24-Jul-2026,43.7,41.55,41.55,41.55,41.55,41.55,41.55,8000,3.32,2,8000,100.00
SAMBHAAV,EQ,24-Jul-2026,6.14,6.28,6.28,6.11,6.11,6.11,6.16,48447,2.98,44,23454,48.41
SAMBHV,EQ,24-Jul-2026,115.25,116.0,116.55,113.0,116.1,115.92,114.67,606802,695.82,5519,242209,39.92
SAMHI,EQ,24-Jul-2026,169.87,168.0,180.0,167.08,176.5,177.66,173.77,1245766,2164.71,22861,537751,43.17
SAMMAANCAP,EQ,24-Jul-2026,157.94,157.79,161.0,154.49,160.5,160.64,157.34,9791627,15405.79,30985,4386557,44.80
SAMPANN,EQ,24-Jul-2026,27.25,26.31,27.84,26.31,27.65,27.57,27.37,20823,5.7,229,11924,57.26
SANATHAN,EQ,24-Jul-2026,483.6,497.95,499.0,475.0,487.0,483.0,484.86,44303,214.81,3489,20596,46.49
SANDESH,EQ,24-Jul-2026,966.6,965.0,979.4,949.0,979.0,979.0,967.63,88,0.85,23,52,59.09
SANDHAR,EQ,24-Jul-2026,585.7,584.65,598.25,575.0,593.0,593.95,589.55,97744,576.25,5901,48751,49.88
SANDUMA,EQ,24-Jul-2026,194.52,193.36,195.91,191.0,194.02,195.04,193.41,374296,723.93,7199,154953,41.40
SANGAMIND,EQ,24-Jul-2026,619.7,614.4,624.6,602.05,619.0,615.85,610.81,33676,205.7,2527,15313,45.47
SANGANI,SM,24-Jul-2026,42.7,42.7,42.7,42.7,42.7,42.7,42.7,3000,1.28,1,3000,100.00
SANGHVIMOV,EQ,24-Jul-2026,425.75,425.0,460.8,420.0,459.0,455.7,443.55,616922,2736.35,15495,314368,50.96
SANGINITA,BE,24-Jul-2026,60.43,61.63,61.63,61.63,61.63,61.63,61.63,111865,68.94,139,-,-
SANOFI,EQ,24-Jul-2026,3394.3,3394.0,3428.7,3360.6,3402.9,3388.9,3397.54,28483,967.72,5769,11000,38.62
SANOFICONR,EQ,24-Jul-2026,4652.1,4610.0,4709.3,4552.0,4650.0,4674.7,4667.92,3636,169.73,1021,1682,46.26
SANSERA,EQ,24-Jul-2026,3188.7,3148.0,3201.0,3100.9,3170.0,3184.7,3159.08,319400,10090.12,29269,200286,62.71
SANSTAR,EQ,24-Jul-2026,105.95,106.25,109.99,103.15,108.51,108.97,107.06,204890,219.36,4254,89881,43.87
SANWARIA,BZ,24-Jul-2026,0.2,0.21,0.21,0.2,0.21,0.2,0.21,623992,1.28,141,-,-
SAPPHIRE,EQ,24-Jul-2026,179.96,179.96,185.36,171.9,180.4,179.12,180.2,5304468,9558.59,72492,884687,16.68
SAPPL,EQ,24-Jul-2026,301.4,312.0,312.0,291.5,292.3,293.55,295.24,770,2.27,41,492,63.90
SARDAEN,EQ,24-Jul-2026,502.45,500.0,504.3,491.65,500.0,502.25,497.37,131350,653.3,7818,49981,38.05
SAREGAMA,EQ,24-Jul-2026,488.75,485.0,498.3,470.4,497.0,496.5,485.42,417896,2028.56,17620,127456,30.50
SARLAPOLY,EQ,24-Jul-2026,101.78,101.79,102.78,97.71,99.75,100.01,99.89,50925,50.87,1297,27691,54.38
SARTELE,SM,24-Jul-2026,118.1,118.0,118.95,115.0,117.5,117.0,116.64,116500,135.89,195,69500,59.66
SARVESHWAR,BE,24-Jul-2026,3.46,3.49,3.49,3.4,3.48,3.45,3.44,521890,17.93,935,-,-
SASKEN,EQ,24-Jul-2026,1833.6,1802.1,1851.7,1801.8,1819.5,1821.0,1822.24,26604,484.79,3150,15982,60.07
SATECH,SM,24-Jul-2026,34.3,33.05,33.05,32.6,32.7,32.75,32.75,17000,5.57,16,13000,76.47
SATIA,EQ,24-Jul-2026,62.54,61.55,62.28,60.1,60.4,60.45,61.09,85926,52.49,1190,42928,49.96
SATIN,EQ,24-Jul-2026,256.25,255.0,270.5,251.4,268.59,268.87,264.94,1479864,3920.71,24269,539602,36.46
SATIPOLY,ST,24-Jul-2026,38.6,40.4,40.4,36.7,38.0,37.5,37.88,4500,1.7,7,3500,77.78
SATKARTAR,ST,24-Jul-2026,138.2,136.5,137.8,132.0,137.8,136.6,133.95,19200,25.72,24,15200,79.17
SATTVAENGG,SM,24-Jul-2026,79.0,75.1,78.0,75.1,78.0,77.75,77.14,11200,8.64,7,6400,57.14
SAURASHCEM,EQ,24-Jul-2026,57.04,56.68,57.48,54.96,56.23,55.66,55.94,142831,79.9,2226,78835,55.19
SAVY,SM,24-Jul-2026,121.95,125.2,132.0,124.45,125.0,126.1,128.05,34800,44.56,28,27600,79.31
SAWALIYA,SM,24-Jul-2026,293.75,299.75,299.75,291.05,291.05,295.05,295.8,57600,170.38,53,26400,45.83
SAYAJIHOTL,EQ,24-Jul-2026,300.0,298.5,300.0,298.5,300.0,299.6,299.63,4,0.01,2,4,100.00
SBC,EQ,24-Jul-2026,42.15,42.21,42.3,42.05,42.1,42.07,42.09,9350041,3935.31,3134,4192327,44.84
SBCL,EQ,24-Jul-2026,753.15,740.0,780.0,735.1,755.85,755.7,755.46,329450,2488.87,15776,153508,46.60
SBFC,EQ,24-Jul-2026,90.52,90.5,92.48,90.01,92.25,92.18,91.45,696691,637.11,6434,300979,43.20
SBGLP,EQ,24-Jul-2026,25.15,24.25,25.84,24.25,25.23,24.42,25.04,10415,2.61,167,7210,69.23
SBIBPB,EQ,24-Jul-2026,48.1,48.34,48.52,47.48,48.47,48.32,48.14,105555,50.81,452,81587,77.29
SBICARD,EQ,24-Jul-2026,622.05,616.0,625.9,611.0,618.2,618.75,618.25,616274,3810.09,16841,194322,31.53
SBIETFCON,EQ,24-Jul-2026,121.14,121.98,121.98,120.35,120.6,120.82,120.68,1539,1.86,70,1022,66.41
SBIETFIT,EQ,24-Jul-2026,320.54,317.87,319.9,312.36,317.0,318.71,316.26,11308,35.76,267,6610,58.45
SBIETFPB,EQ,24-Jul-2026,278.91,277.78,279.0,276.0,278.69,278.46,276.2,34579,95.51,118,33367,96.49
SBIETFQLTY,EQ,24-Jul-2026,219.65,219.65,220.43,217.88,219.55,219.48,219.46,2008,4.41,53,945,47.06
SBIFUNDS,EQ,24-Jul-2026,577.4,577.4,589.4,572.0,587.6,587.3,580.7,6738164,39128.41,136756,3829054,56.83
SBILIFE,EQ,24-Jul-2026,1853.5,1844.1,1889.5,1830.1,1851.3,1858.6,1858.23,1034104,19216.0,53983,316706,30.63
SBILIQETF,EQ,24-Jul-2026,1048.63,1049.05,1049.07,1049.05,1049.07,1049.06,1049.07,53061,556.65,58,44881,84.58
SBIMIDMOM,EQ,24-Jul-2026,61.6,61.9,61.98,60.85,61.27,61.35,61.1,9450,5.77,161,6594,69.78
SBIN,EQ,24-Jul-2026,1012.6,1006.0,1017.8,1000.8,1012.0,1015.0,1009.14,13797053,139231.68,251434,8399248,60.88
SBINEQWETF,EQ,24-Jul-2026,33.12,32.9,33.42,32.82,33.1,33.02,33.04,232667,76.87,282,162734,69.94
SBINMID150,EQ,24-Jul-2026,22.81,22.99,23.23,22.41,22.8,22.8,22.66,22315,5.06,115,19513,87.44
SBISILVER,EQ,24-Jul-2026,216.32,214.44,216.5,211.65,216.3,215.98,213.65,730658,1561.07,7767,145387,19.90
SBISMLETF,EQ,24-Jul-2026,17.69,17.69,17.74,17.45,17.74,17.67,17.56,49880,8.76,197,43330,86.87
SBIVALETF,EQ,24-Jul-2026,14.88,14.8,14.87,14.72,14.84,14.84,14.75,10058,1.48,50,8539,84.90
SCANSTL,EQ,24-Jul-2026,49.6,49.6,50.0,47.42,48.7,49.79,49.15,109025,53.59,1413,50150,46.00
SCHAEFFLER,EQ,24-Jul-2026,4093.2,4050.0,4125.0,3950.1,4103.9,4107.7,4066.01,79917,3249.43,16989,49477,61.91
SCHAND,EQ,24-Jul-2026,148.63,147.6,149.52,146.0,148.8,147.69,146.86,13250,19.46,669,7548,56.97
SCHNEIDER,EQ,24-Jul-2026,1341.4,1339.9,1372.7,1322.4,1347.4,1352.6,1350.39,130128,1757.24,16883,59966,46.08
SCI,EQ,24-Jul-2026,268.6,265.5,277.2,260.2,275.5,275.1,267.79,2357392,6312.88,33871,732451,31.07
SCILAL,EQ,24-Jul-2026,41.59,41.4,41.55,41.05,41.21,41.33,41.32,165704,68.46,1445,98747,59.59
SCML,SM,24-Jul-2026,80.0,86.85,86.85,75.2,75.2,75.2,79.01,12000,9.48,12,11000,91.67
SCODATUBES,EQ,24-Jul-2026,142.32,141.27,148.0,140.51,146.0,146.93,145.04,127434,184.82,2251,70569,55.38
SCPL,EQ,24-Jul-2026,583.35,576.0,579.75,566.55,575.0,570.85,572.58,14665,83.97,1184,4245,28.95
SDBL,EQ,24-Jul-2026,73.38,73.0,73.22,71.47,72.9,72.89,72.23,746821,539.4,5705,259511,34.75
SDREAMS,SM,24-Jul-2026,87.15,87.15,87.15,87.15,87.15,87.15,87.15,1000,0.87,1,1000,100.00
SEAMECLTD,EQ,24-Jul-2026,1402.1,1410.0,1411.1,1375.6,1380.2,1396.3,1399.7,52979,741.55,4163,34407,64.94
SECMARK,EQ,24-Jul-2026,125.75,130.0,130.0,127.4,128.0,128.18,128.07,18,0.02,5,8,44.44
SECURKLOUD,EQ,24-Jul-2026,17.71,17.65,17.99,16.82,17.5,17.47,17.39,28667,4.99,162,23818,83.09
SEDEMAC,EQ,24-Jul-2026,2749.9,2728.9,2773.8,2673.5,2688.0,2689.2,2716.27,68966,1873.3,11653,37888,54.94
SEIL,EQ,24-Jul-2026,208.37,208.0,208.0,201.99,203.01,203.23,204.32,205325,419.51,2557,151738,73.90
SEJALLTD,BE,24-Jul-2026,768.7,755.0,778.0,730.3,758.95,753.45,743.5,11314,84.12,315,-,-
SEL,SM,24-Jul-2026,265.5,272.0,273.0,255.5,273.0,273.0,263.72,8800,23.21,28,5200,59.09
SELECTIPO,EQ,24-Jul-2026,45.74,45.25,45.47,44.85,45.46,45.44,45.18,36526,16.5,135,22689,62.12
SELLOWRAP,SM,24-Jul-2026,64.25,64.0,64.0,64.0,64.0,64.0,64.0,1600,1.02,1,1600,100.00
SELMC,EQ,24-Jul-2026,28.18,28.59,28.59,27.8,28.48,28.24,28.05,3593,1.01,49,3280,91.29
SEMAC,BE,24-Jul-2026,311.0,323.5,323.5,319.9,319.9,319.9,321.64,21,0.07,3,-,-
SENCO,EQ,24-Jul-2026,386.25,383.9,388.95,377.2,383.7,382.85,382.24,858782,3282.61,19840,287804,33.51
SENORES,EQ,24-Jul-2026,1395.6,1390.0,1403.6,1371.5,1390.0,1387.5,1388.13,122571,1701.45,11249,46713,38.11
SENSEXADD,EQ,24-Jul-2026,78.63,78.35,78.58,77.89,78.45,78.57,78.38,1564,1.23,30,1451,92.77
SENSEXAXIS,EQ,24-Jul-2026,79.38,78.86,79.11,78.45,78.79,79.07,78.73,6914,5.44,64,3511,50.78
SENSEXBETA,EQ,24-Jul-2026,846.03,845.0,847.84,837.31,841.25,843.04,840.24,2463,20.7,130,1507,61.19
SENSEXETF,EQ,24-Jul-2026,79.35,79.0,79.0,77.89,78.49,78.46,78.19,31512,24.64,581,23332,74.04
SENSEXIETF,EQ,24-Jul-2026,876.96,875.0,879.89,868.26,879.8,876.78,872.49,8738,76.24,541,5297,60.62
SEPC,EQ,24-Jul-2026,5.94,5.93,6.05,5.83,6.05,6.01,5.92,11770578,697.22,5073,5437144,46.19
SERVICE,SM,24-Jul-2026,61.0,61.05,62.4,61.05,62.2,62.2,61.99,8000,4.96,4,2000,25.00
SERVOTECH,EQ,24-Jul-2026,97.31,95.8,96.78,93.01,96.3,95.64,94.89,882979,837.9,7847,330696,37.45
SESHAPAPER,EQ,24-Jul-2026,229.64,229.16,232.02,224.2,232.0,230.23,228.35,66022,150.76,1684,35230,53.36
SETCO,BE,24-Jul-2026,18.0,17.98,18.36,17.96,18.0,18.0,18.23,19869,3.62,49,-,-
SETF10GILT,EQ,24-Jul-2026,265.67,272.31,272.31,262.9,263.51,264.32,263.73,3215,8.48,71,2390,74.34
SETFGOLD,EQ,24-Jul-2026,122.48,119.41,121.88,119.41,121.85,121.62,121.15,2541001,3078.32,9520,951395,37.44
SETFNIF50,EQ,24-Jul-2026,257.17,259.2,259.2,254.6,256.5,256.26,255.75,682015,1744.25,7268,506260,74.23
SETFNIFBK,EQ,24-Jul-2026,582.1,578.0,584.0,576.25,583.5,583.2,578.44,51346,297.0,2361,26987,52.56
SETFNN50,EQ,24-Jul-2026,773.53,769.3,771.76,761.01,770.0,769.7,766.4,30013,230.02,2256,19121,63.71
SETL,EQ,24-Jul-2026,286.95,284.0,284.6,272.65,272.65,272.7,274.75,817269,2245.46,7369,591129,72.33
SETUINFRA,BZ,24-Jul-2026,0.42,0.42,0.44,0.4,0.44,0.44,0.42,45044,0.19,35,-,-
SEYAIND,BE,24-Jul-2026,12.52,12.6,12.74,12.27,12.28,12.28,12.4,919,0.11,13,-,-
SFL,EQ,24-Jul-2026,751.75,750.0,769.3,742.45,757.0,761.95,757.11,160425,1214.59,10788,91414,56.98
SFML,SM,24-Jul-2026,23.75,28.0,28.0,23.0,23.5,23.5,24.51,6400,1.57,4,3200,50.00
SGBAPR28I,GB,24-Jul-2026,14322.66,14299.98,14300.0,14061.0,14300.0,14280.61,14186.44,53,7.52,28,38,71.70
SGBAUG27,GB,24-Jul-2026,14404.15,14240.0,14258.0,14130.0,14250.0,14255.99,14220.68,35,4.98,16,32,91.43
SGBAUG28V,GB,24-Jul-2026,14350.85,14324.7,14347.7,14154.0,14230.0,14240.36,14215.47,724,102.92,97,379,52.35
SGBAUG29V,GB,24-Jul-2026,14395.7,14356.01,14356.01,14132.01,14250.0,14250.0,14231.34,6,0.85,5,6,100.00
SGBAUG30,GB,24-Jul-2026,14339.0,14290.0,14340.0,14183.0,14340.0,14340.0,14233.67,119,16.94,52,86,72.27
SGBD29VIII,GB,24-Jul-2026,14286.93,14267.7,15715.62,13926.56,14298.0,14298.0,14285.02,321,45.85,101,133,41.43
SGBDC27VII,GB,24-Jul-2026,14239.37,14250.0,14250.0,14200.0,14200.0,14200.0,14206.94,36,5.11,10,36,100.00
SGBDE30III,GB,24-Jul-2026,14479.33,14440.0,14498.99,14300.0,14382.51,14431.73,14420.45,226,32.59,37,190,84.07
SGBDE31III,GB,24-Jul-2026,14585.1,14220.47,14575.0,14220.47,14535.0,14541.55,14461.62,1156,167.18,233,655,56.66
SGBDEC26,GB,24-Jul-2026,14230.0,14230.0,14230.0,14230.0,14230.0,14230.0,14230.0,5,0.71,2,5,100.00
SGBFEB27,GB,24-Jul-2026,14350.0,14350.0,14350.0,14320.0,14350.0,14350.0,14332.86,7,1.0,3,7,100.00
SGBFEB28IX,GB,24-Jul-2026,14500.95,14105.0,14150.01,14105.0,14150.01,14150.01,14135.01,3,0.42,2,3,100.00
SGBFEB29XI,GB,24-Jul-2026,14325.01,14125.01,14280.0,14110.2,14220.0,14230.0,14165.26,90,12.75,18,82,91.11
SGBFEB32IV,GB,24-Jul-2026,14717.07,14628.99,14689.97,14550.06,14675.0,14667.51,14611.85,1027,150.06,188,714,69.52
SGBJ28VIII,GB,24-Jul-2026,14204.4,14060.01,14199.98,14060.0,14199.98,14194.99,14105.0,12,1.69,6,10,83.33
SGBJAN27,GB,24-Jul-2026,14200.0,14200.0,14200.0,14200.0,14200.0,14200.0,14200.0,1,0.14,1,1,100.00
SGBJAN29IX,GB,24-Jul-2026,14232.26,14232.26,14232.26,14009.05,14117.5,14117.5,14126.07,55,7.77,18,47,85.45
SGBJAN29X,GB,24-Jul-2026,14250.0,14100.0,14270.99,14088.99,14118.2,14117.25,14145.55,105,14.85,36,86,81.90
SGBJAN30IX,GB,24-Jul-2026,14266.14,14028.01,14240.0,14028.0,14175.0,14166.67,14132.18,196,27.7,58,140,71.43
SGBJU29III,GB,24-Jul-2026,14355.51,14100.0,14288.0,14100.0,14227.71,14227.71,14154.19,30,4.25,16,28,93.33
SGBJUL27,GB,24-Jul-2026,14175.0,14150.0,14150.0,14079.25,14100.0,14125.0,14119.24,18,2.54,7,13,72.22
SGBJUL28IV,GB,24-Jul-2026,14298.78,14101.0,14180.0,14052.8,14160.0,14151.2,14108.35,286,40.35,61,200,69.93
SGBJUL29IV,GB,24-Jul-2026,14270.0,14030.51,14195.0,14030.51,14150.0,14143.66,14120.77,76,10.73,31,51,67.11
SGBJUN27,GB,24-Jul-2026,14198.65,14099.0,14099.0,14007.01,14007.01,14007.01,14025.8,5,0.7,3,5,100.00
SGBJUN28,GB,24-Jul-2026,14280.0,14200.0,14200.0,14022.01,14120.0,14110.0,14120.18,81,11.44,26,71,87.65
SGBJUN29II,GB,24-Jul-2026,14224.18,14199.99,14199.99,14060.0,14125.1,14125.1,14117.18,56,7.91,22,31,55.36
SGBJUN30,GB,24-Jul-2026,14337.51,14330.0,14330.0,14131.0,14284.38,14240.13,14186.1,182,25.82,53,112,61.54
SGBJUN31I,GB,24-Jul-2026,14529.36,14302.2,14557.98,14302.2,14535.0,14535.17,14435.99,409,59.04,137,261,63.81
SGBMAR28X,GB,24-Jul-2026,14224.93,14180.0,14180.0,14100.0,14150.0,14116.66,14129.72,7,0.99,6,3,42.86
SGBMAR30X,GB,24-Jul-2026,14340.15,14192.58,14270.0,14152.0,14270.0,14209.26,14206.41,158,22.45,25,94,59.49
SGBMAR31IV,GB,24-Jul-2026,14588.42,14547.69,14547.69,14235.01,14499.97,14450.03,14359.92,145,20.82,46,123,84.83
SGBMAY28,GB,24-Jul-2026,14290.44,14200.0,14200.0,14031.0,14130.0,14136.89,14099.98,36,5.08,11,26,72.22
SGBMAY29I,GB,24-Jul-2026,14277.36,14200.0,14240.0,14062.0,14200.0,14209.11,14143.35,256,36.21,65,190,74.22
SGBMR29XII,GB,24-Jul-2026,14250.01,14100.0,14230.0,14035.1,14230.0,14177.5,14117.83,85,12.0,19,69,81.18
SGBN28VIII,GB,24-Jul-2026,14268.0,14190.0,14198.5,14061.0,14150.02,14158.1,14089.34,187,26.35,47,139,74.33
SGBNOV26,GB,24-Jul-2026,14249.5,14250.0,14250.0,14250.0,14250.0,14250.0,14250.0,1,0.14,1,1,100.00
SGBNV29VII,GB,24-Jul-2026,14258.79,13902.32,14272.0,13902.32,14272.0,14270.2,14204.36,500,71.02,62,462,92.40
SGBOC28VII,GB,24-Jul-2026,14300.1,14052.01,14164.0,14052.01,14155.0,14155.0,14079.6,194,27.31,41,111,57.22
SGBOCT27,GB,24-Jul-2026,14202.0,14202.0,14202.0,14100.0,14100.0,14100.0,14125.5,4,0.57,3,4,100.00
SGBOCT27VI,GB,24-Jul-2026,14200.0,14159.0,14159.0,14159.0,14159.0,14159.0,14159.0,2,0.28,1,2,100.00
SGBSEP27,GB,24-Jul-2026,14272.45,14199.0,14199.0,14100.0,14156.27,14156.27,14106.37,54,7.62,10,49,90.74
SGBSEP28VI,GB,24-Jul-2026,14298.29,14160.0,14244.99,14061.1,14244.0,14244.55,14158.36,38,5.38,24,22,57.89
SGBSEP29VI,GB,24-Jul-2026,14261.5,14041.0,14240.0,14041.0,14229.0,14229.28,14182.67,73,10.35,31,59,80.82
SGBSEP31II,GB,24-Jul-2026,14539.98,14337.32,14539.98,14315.29,14511.0,14508.49,14450.51,929,134.25,195,594,63.94
SGFIN,EQ,24-Jul-2026,663.2,663.9,723.6,658.0,703.6,696.05,701.08,2000660,14026.28,57453,487581,24.37
SGIL,EQ,24-Jul-2026,597.75,585.05,602.0,585.05,595.0,596.3,595.05,4731,28.15,196,3418,72.25
SGL,EQ,24-Jul-2026,9.86,9.86,9.94,9.63,9.89,9.74,9.74,6788,0.66,43,4793,70.61
SGMART,EQ,24-Jul-2026,674.6,675.0,718.0,670.05,714.25,713.55,698.19,1478903,10325.56,39231,587289,39.71
SHADOWFAX,EQ,24-Jul-2026,218.58,209.0,217.4,204.25,215.1,214.48,206.58,158421094,327271.87,279924,89194123,56.30
SHAH,EQ,24-Jul-2026,4.74,4.95,5.13,4.17,4.34,4.37,4.87,36638747,1785.85,11333,6132213,16.74
SHAHALLOYS,EQ,24-Jul-2026,67.68,67.67,67.92,66.25,66.5,66.56,66.76,4398,2.94,549,1181,26.85
SHAILY,EQ,24-Jul-2026,2952.9,2956.1,2982.6,2902.0,2960.5,2969.7,2955.25,189552,5601.73,21250,87277,46.04
SHAKTIPUMP,EQ,24-Jul-2026,543.25,543.55,557.9,534.05,552.0,553.0,546.49,624043,3410.36,22425,187132,29.99
SHALBY,EQ,24-Jul-2026,162.6,162.0,164.78,159.59,164.4,163.1,162.28,37971,61.62,1182,16294,42.91
SHALPAINTS,EQ,24-Jul-2026,62.65,62.65,68.91,60.9,68.91,68.9,67.43,553792,373.44,3668,186450,33.67
SHANKARA,EQ,24-Jul-2026,138.99,136.51,140.56,136.51,140.2,140.07,139.43,39054,54.45,465,28143,72.06
SHANTHALA,SM,24-Jul-2026,18.05,18.5,18.6,18.0,18.0,18.0,18.33,4800,0.88,4,3600,75.00
SHANTI,EQ,24-Jul-2026,6.93,7.0,7.1,6.62,7.1,7.07,6.96,22712,1.58,74,16067,70.74
SHANTIGEAR,EQ,24-Jul-2026,415.25,416.1,424.55,412.6,416.1,420.0,419.26,22825,95.7,950,15417,67.54
SHANTIGOLD,EQ,24-Jul-2026,207.17,207.0,213.4,204.02,211.76,211.29,210.64,1111244,2340.71,9354,531973,47.87
SHARDACROP,EQ,24-Jul-2026,868.6,859.05,877.0,855.0,875.0,872.95,864.94,81034,700.9,6027,34446,42.51
SHARDAMOTR,EQ,24-Jul-2026,829.95,830.0,834.45,816.45,832.0,826.45,824.31,15945,131.44,2214,7843,49.19
SHARDUL,BE,24-Jul-2026,56.43,53.61,53.61,53.61,53.61,53.61,53.61,577,0.31,25,-,-
SHAREINDIA,EQ,24-Jul-2026,193.49,193.5,194.07,186.5,191.26,191.57,190.19,1118621,2127.56,8930,371289,33.19
SHARIABEES,EQ,24-Jul-2026,456.09,454.07,455.33,450.41,454.59,453.94,453.07,2394,10.85,379,1484,61.99
SHBAJRG,EQ,24-Jul-2026,188.6,182.09,193.99,181.31,183.0,183.93,184.3,4428,8.16,111,3903,88.14
SHEETAL,SM,24-Jul-2026,291.4,289.9,294.5,289.9,294.5,294.25,292.8,1500,4.39,3,1000,66.67
SHEKHAWATI,BE,24-Jul-2026,11.87,11.9,11.98,11.37,11.81,11.78,11.65,4924,0.57,64,-,-
SHEMAROO,BE,24-Jul-2026,125.6,124.95,124.95,120.1,120.16,121.38,121.98,10893,13.29,66,-,-
SHERA,ST,24-Jul-2026,175.85,175.0,178.6,172.05,178.0,177.15,176.45,55000,97.05,46,53000,96.36
SHETHJI,ST,24-Jul-2026,148.95,152.0,152.0,145.0,150.0,150.0,148.62,14000,20.81,10,13000,92.86
SHIGAN,SM,24-Jul-2026,63.0,63.0,67.45,63.0,67.4,67.4,65.81,7500,4.94,5,7500,100.00
SHILCTECH,EQ,24-Jul-2026,4122.0,4104.8,4316.9,4096.3,4225.1,4267.7,4205.71,35241,1482.14,7972,14113,40.05
SHILPAMED,EQ,24-Jul-2026,603.6,601.0,614.45,597.5,605.0,606.2,605.85,423846,2567.87,17033,158729,37.45
SHINDL,EQ,24-Jul-2026,162.62,162.64,162.64,158.0,158.45,158.12,159.5,109378,174.45,469,21759,19.89
SHIVALIK,BE,24-Jul-2026,241.68,242.0,253.76,240.46,253.76,253.76,252.8,118984,300.79,373,-,-
SHIVAMAUTO,BE,24-Jul-2026,16.73,17.06,17.06,17.06,17.06,17.06,17.06,6062,1.03,13,-,-
SHIVAMILLS,BE,24-Jul-2026,59.02,59.92,59.92,59.0,59.9,59.88,59.89,89,0.05,8,-,-
SHIVASHRIT,SM,24-Jul-2026,113.75,111.55,123.0,110.95,123.0,123.0,114.81,59000,67.74,25,44000,74.58
SHIVATEX,EQ,24-Jul-2026,150.35,156.2,156.2,149.06,155.9,154.92,154.08,2680,4.13,68,2004,74.78
SHIVAUM,EQ,24-Jul-2026,402.35,402.0,402.0,365.0,390.0,391.25,376.07,3725,14.01,101,3159,84.81
SHK,EQ,24-Jul-2026,140.58,140.0,142.0,137.11,141.98,140.65,139.79,217037,303.39,3672,110891,51.09
SHOPERSTOP,EQ,24-Jul-2026,380.85,377.0,380.1,363.2,378.0,377.75,371.63,62560,232.49,5365,18585,29.71
SHRADHA,EQ,24-Jul-2026,34.66,34.66,35.0,34.25,34.95,34.79,34.71,14478,5.03,129,7155,49.42
SHREDIGCEM,EQ,24-Jul-2026,74.89,74.88,77.22,73.53,76.36,76.16,76.01,247680,188.26,1807,133396,53.86
SHREECEM,EQ,24-Jul-2026,26825.0,26575.0,27000.0,26425.0,27000.0,26740.0,26694.16,13408,3579.15,7275,5136,38.31
SHREEDHAR,SM,24-Jul-2026,93.5,94.05,100.0,86.6,90.55,90.05,90.48,100000,90.48,48,58000,58.00
SHREEJISPG,EQ,24-Jul-2026,616.6,615.0,627.3,608.25,624.55,625.8,622.45,494576,3078.51,7513,151663,30.67
SHREEOSFM,SM,24-Jul-2026,59.0,59.0,59.0,57.0,57.0,57.9,58.03,8000,4.64,8,7000,87.50
SHREEPUSHK,EQ,24-Jul-2026,390.4,388.65,390.0,381.75,382.35,386.85,385.46,33695,129.88,1487,17345,51.48
SHREERAMA,EQ,24-Jul-2026,40.61,40.6,40.82,39.7,40.5,40.18,40.23,35525,14.29,485,29797,83.88
SHRENIK,BZ,24-Jul-2026,0.34,0.35,0.35,0.34,0.35,0.34,0.34,432373,1.48,148,-,-
SHREYANIND,EQ,24-Jul-2026,137.46,140.99,141.8,136.0,138.99,138.65,139.01,7473,10.39,332,5178,69.29
SHRIAHIMSA,ST,24-Jul-2026,380.0,376.0,386.0,375.1,386.0,386.0,382.67,9000,34.44,14,8400,93.33
SHRIKANHA,ST,24-Jul-2026,23.2,23.2,23.2,23.0,23.0,23.0,23.1,3200,0.74,2,3200,100.00
SHRIKRISH,EQ,24-Jul-2026,41.0,41.05,41.05,39.0,39.32,39.32,39.71,1317,0.52,32,1162,88.23
SHRINGARMS,EQ,24-Jul-2026,220.38,219.5,220.7,215.06,219.33,219.66,218.75,396143,866.57,3109,122090,30.82
SHRIPISTON,EQ,24-Jul-2026,4277.9,4265.1,4270.0,4121.5,4170.0,4159.9,4169.51,58423,2435.95,13543,33088,56.64
SHRIRAMFIN,EQ,24-Jul-2026,1025.8,1018.1,1051.0,992.9,1006.0,1005.1,1013.65,11775846,119366.35,205540,4652639,39.51
SHRIRAMPPS,EQ,24-Jul-2026,84.08,83.25,85.44,82.05,85.44,85.02,83.98,483789,406.3,4669,247396,51.14
SHYAMCENT,BE,24-Jul-2026,5.35,5.3,5.5,5.2,5.35,5.34,5.26,10496,0.55,84,-,-
SHYAMMETL,EQ,24-Jul-2026,1039.75,1025.45,1033.75,1010.35,1031.05,1027.45,1025.19,132990,1363.4,11022,64267,48.32
SHYAMTEL,BE,24-Jul-2026,15.57,15.88,15.88,15.88,15.88,15.88,15.88,339,0.05,5,-,-
SICAGEN,EQ,24-Jul-2026,50.1,50.11,50.89,50.0,50.88,50.63,50.42,3890,1.96,37,2873,73.86
SICALLOG,EQ,24-Jul-2026,97.49,96.07,98.86,94.56,98.85,97.07,96.78,37753,36.54,525,28265,74.87
SIDDHICOTS,SM,24-Jul-2026,28.45,28.45,28.55,28.45,28.55,28.55,28.5,3600,1.03,3,3600,100.00
SIEMENS,EQ,24-Jul-2026,3686.3,3631.2,3711.6,3622.6,3701.0,3689.8,3672.95,232607,8543.53,24688,86463,37.17
SIGACHI,BE,24-Jul-2026,26.02,25.5,25.5,25.5,25.5,25.5,25.5,369517,94.23,199,-,-
SIGIND,EQ,24-Jul-2026,43.98,45.45,45.45,43.2,44.98,44.57,44.06,13210,5.82,218,8005,60.60
SIGMA,EQ,24-Jul-2026,37.9,37.15,38.5,37.15,38.25,38.07,37.97,33904,12.87,1117,17667,52.11
SIGMAADV,BE,24-Jul-2026,499.8,474.85,524.75,474.85,524.75,523.0,499.37,406157,2028.23,3557,-,-
SIGNATURE,EQ,24-Jul-2026,767.3,767.3,785.0,755.0,785.0,768.35,762.69,208099,1587.15,5165,18776,9.02
SIGNORIA,ST,24-Jul-2026,135.0,135.0,135.0,135.0,135.0,135.0,135.0,1000,1.35,1,1000,100.00
SIGNPOST,EQ,24-Jul-2026,301.3,310.0,311.9,300.05,306.5,309.4,307.07,103543,317.95,3942,37221,35.95
SIKA,EQ,24-Jul-2026,1133.2,1131.2,1155.0,1101.1,1132.0,1139.6,1126.48,24222,272.86,3039,9143,37.75
SIKKO,EQ,24-Jul-2026,4.72,4.63,4.89,4.42,4.68,4.7,4.64,529309,24.56,821,236364,44.66
SIL,EQ,24-Jul-2026,15.95,16.1,16.39,15.81,15.83,15.89,16.05,7966,1.28,170,6216,78.03
SILGO,EQ,24-Jul-2026,74.52,74.01,74.6,73.0,74.6,74.06,74.1,155508,115.22,820,7272,4.68
SILINV,EQ,24-Jul-2026,419.15,422.0,422.0,412.1,418.0,414.95,414.48,1555,6.45,74,1196,76.91
SILKFLEX,ST,24-Jul-2026,193.75,185.0,195.75,184.1,188.5,188.5,188.34,4000,7.53,4,3000,75.00
SILKY,SM,24-Jul-2026,73.95,73.4,73.4,66.6,66.65,68.15,70.87,44000,31.18,24,39200,89.09
SILLYMONKS,EQ,24-Jul-2026,15.83,16.2,16.2,15.46,15.71,15.79,15.69,2057,0.32,28,1052,51.14
SILVER,EQ,24-Jul-2026,220.64,218.44,220.78,215.75,220.39,220.42,218.85,1231869,2695.93,9337,460765,37.40
SILVER1,EQ,24-Jul-2026,21.39,21.31,21.43,20.81,21.39,21.36,21.16,4044134,855.66,4200,1060357,26.22
SILVER360,EQ,24-Jul-2026,216.99,213.74,217.4,212.32,216.9,217.03,214.79,13655,29.33,311,8450,61.88
SILVERADD,EQ,24-Jul-2026,212.84,209.43,212.99,208.05,211.7,212.4,210.11,271972,571.44,2965,51409,18.90
SILVERAG,EQ,24-Jul-2026,214.85,210.79,214.92,210.21,214.7,214.74,213.12,219037,466.82,4139,75668,34.55
SILVERAXIS,EQ,24-Jul-2026,219.4,215.8,219.5,214.84,219.11,219.04,217.43,460491,1001.25,3720,177566,38.56
SILVERBEES,EQ,24-Jul-2026,211.0,206.53,211.5,206.53,211.25,210.96,209.04,19686811,41153.92,65837,6384158,32.43
SILVERBETA,EQ,24-Jul-2026,213.06,210.44,213.22,208.57,213.22,212.92,210.67,220970,465.52,3452,81371,36.82
SILVERBND,EQ,24-Jul-2026,221.67,221.67,222.47,216.82,220.53,221.58,220.4,7975,17.58,96,5791,72.61
SILVERCASE,EQ,24-Jul-2026,22.37,23.04,23.05,21.87,22.47,22.32,22.09,5824827,1286.9,7036,1240700,21.30
SILVERIETF,EQ,24-Jul-2026,220.29,220.29,221.48,215.73,220.39,220.47,219.08,3321499,7276.79,17674,1586542,47.77
SILVERTUC,EQ,24-Jul-2026,191.99,192.22,201.5,187.77,201.5,200.14,195.44,428954,838.34,6761,167678,39.09
SIMBHALS,BZ,24-Jul-2026,6.75,7.0,7.0,6.65,6.9,6.9,6.87,1371,0.09,30,-,-
SIMCA,SM,24-Jul-2026,203.2,204.0,206.0,201.95,203.6,203.4,204.92,30600,62.71,47,18000,58.82
SIMPLEXINF,EQ,24-Jul-2026,236.15,233.0,240.0,231.5,239.55,239.25,236.16,31093,73.43,689,21991,70.73
SINCLAIR,EQ,24-Jul-2026,73.93,74.45,74.96,73.0,74.76,74.77,73.99,12355,9.14,335,7063,57.17
SINDHUTRAD,EQ,24-Jul-2026,24.83,24.83,24.86,24.07,24.54,24.45,24.38,893658,217.84,1789,357131,39.96
SINGERIND,EQ,24-Jul-2026,66.89,65.7,66.9,64.65,66.9,65.82,65.59,25790,16.92,497,16706,64.78
SINTERCOM,EQ,24-Jul-2026,80.89,79.0,82.4,79.0,82.4,82.04,80.81,5163,4.17,84,3862,74.80
SIRCA,EQ,24-Jul-2026,393.35,393.45,395.8,389.0,393.0,393.45,392.63,197023,773.57,3269,84740,43.01
SIS,EQ,24-Jul-2026,438.7,440.8,441.05,434.0,437.3,437.55,437.3,101463,443.7,4958,69240,68.24
SITINET,BZ,24-Jul-2026,0.32,0.33,0.33,0.32,0.33,0.32,0.33,122768,0.4,98,-,-
SIYSIL,EQ,24-Jul-2026,615.55,612.95,615.0,595.05,608.0,609.45,605.4,34666,209.87,3601,18727,54.02
SJLOGISTIC,SM,24-Jul-2026,316.3,320.0,320.0,305.0,306.95,306.6,310.34,41000,127.24,121,30250,73.78
SJS,EQ,24-Jul-2026,2275.2,2295.0,2365.5,2245.1,2360.0,2335.6,2300.54,166714,3835.32,23979,75164,45.09
SJVN,EQ,24-Jul-2026,67.68,67.3,67.74,66.81,67.69,67.58,67.31,1605432,1080.56,12990,607506,37.84
SKFINDIA,EQ,24-Jul-2026,1470.8,1470.0,1510.7,1450.0,1481.3,1484.8,1479.58,36573,541.13,5924,15827,43.28
SKFINDUS,EQ,24-Jul-2026,2762.2,2762.2,2781.0,2722.9,2744.8,2731.2,2748.52,9990,274.58,2234,5089,50.94
SKIPPER,EQ,24-Jul-2026,528.95,520.0,534.95,519.65,529.0,528.65,528.17,290608,1534.9,10764,118819,40.89
SKMEGGPROD,EQ,24-Jul-2026,322.0,320.75,332.8,318.2,324.25,324.75,327.75,675469,2213.86,12449,253651,37.55
SKP,SM,24-Jul-2026,161.0,159.0,159.0,159.0,159.0,159.0,159.0,2500,3.98,4,2500,100.00
SKYGOLD,EQ,24-Jul-2026,649.2,645.55,659.4,633.15,651.2,653.7,647.91,587058,3803.59,22029,218210,37.17
SLONE,ST,24-Jul-2026,116.5,116.3,122.3,116.3,122.3,122.3,121.08,5600,6.78,13,5200,92.86
SMALL250,EQ,24-Jul-2026,17.71,18.47,18.47,17.27,17.67,17.65,17.58,688184,120.97,1055,479175,69.63
SMALLADD,EQ,24-Jul-2026,17.72,17.72,17.72,17.44,17.62,17.67,17.59,29231,5.14,99,20923,71.58
SMALLCAP,EQ,24-Jul-2026,46.78,46.1,46.63,46.01,46.58,46.52,46.37,1726789,800.64,4122,1226538,71.03
SMALLGROWW,EQ,24-Jul-2026,46.81,46.75,46.8,46.15,46.75,46.61,46.45,5900,2.74,75,3327,56.39
SMALLIETF,EQ,24-Jul-2026,17.7,17.78,18.58,17.43,18.58,18.2,17.6,87286,15.37,171,52199,59.80
SMARTEN,ST,24-Jul-2026,59.0,56.3,58.5,56.1,57.2,57.2,56.74,9600,5.45,8,8400,87.50
SMARTLINK,BE,24-Jul-2026,208.62,203.0,207.4,200.25,200.3,201.9,201.98,2699,5.45,46,-,-
SMARTWORKS,EQ,24-Jul-2026,481.3,485.15,485.15,471.0,481.5,482.55,477.85,36916,176.4,2783,19981,54.13
SMCGLOBAL,EQ,24-Jul-2026,77.87,77.28,77.41,74.78,75.25,75.46,75.61,287924,217.69,2211,164763,57.22
SML100CASE,EQ,24-Jul-2026,10.73,10.81,10.81,10.6,10.72,10.71,10.66,1171677,124.92,1560,791095,67.52
SMLMAH,EQ,24-Jul-2026,3899.3,3903.4,3903.4,3766.0,3849.9,3844.4,3825.85,58187,2226.15,9324,27236,46.81
SMLT,EQ,24-Jul-2026,66.64,67.74,68.0,65.7,67.63,66.79,66.52,2839,1.89,91,1946,68.55
SMSPHARMA,EQ,24-Jul-2026,384.65,385.5,386.0,378.3,385.95,381.1,381.94,48295,184.46,2045,25496,52.79
SNOWMAN,EQ,24-Jul-2026,35.88,35.88,37.0,35.47,36.52,36.4,36.3,159644,57.95,1095,87949,55.09
SNXT30BEES,EQ,24-Jul-2026,42.05,42.26,42.26,41.75,42.2,41.86,41.87,2819,1.18,48,2245,79.64
SNXT50BETA,EQ,24-Jul-2026,92.83,92.5,93.1,92.01,93.1,92.64,92.62,1420,1.32,71,1071,75.42
SOBHA,EQ,24-Jul-2026,1376.1,1355.3,1375.0,1325.7,1369.0,1362.3,1351.8,295336,3992.35,26119,109124,36.95
SOFTTECH,BE,24-Jul-2026,415.05,415.15,418.8,415.15,418.8,418.8,415.38,2430,10.09,10,-,-
SOLARA,EQ,24-Jul-2026,523.75,521.0,529.7,487.0,495.0,491.95,501.52,612629,3072.46,21082,295168,48.18
SOLARINDS,EQ,24-Jul-2026,18621.0,18540.0,18619.0,18333.0,18519.0,18494.0,18475.48,75835,14010.88,18474,18674,24.62
SOLARWORLD,EQ,24-Jul-2026,198.85,198.8,203.19,194.61,202.0,201.93,199.02,118896,236.63,2379,54535,45.87
SOLEX,EQ,24-Jul-2026,933.2,925.0,950.4,917.1,937.0,938.0,933.62,16680,155.73,1961,9008,54.00
SOMANYCERA,EQ,24-Jul-2026,490.2,490.25,498.0,483.3,498.0,496.7,491.87,32186,158.31,1804,18488,57.44
SOMATEX,EQ,24-Jul-2026,101.06,104.95,104.95,100.05,100.22,101.06,101.52,9022,9.16,171,4986,55.26
SOMICONVEY,EQ,24-Jul-2026,98.43,96.3,98.99,95.23,96.3,97.31,97.09,8768,8.51,364,5278,60.20
SONACOMS,EQ,24-Jul-2026,719.75,710.95,741.65,705.0,718.5,717.95,725.24,8733705,63340.22,142908,2019080,23.12
SONAMAC,SM,24-Jul-2026,34.2,34.15,35.4,34.0,34.0,34.0,34.35,14000,4.81,12,13000,92.86
SONAMLTD,EQ,24-Jul-2026,53.43,54.8,54.8,52.6,52.6,53.01,52.9,21906,11.59,757,12144,55.44
SONATSOFTW,EQ,24-Jul-2026,287.4,286.0,292.0,280.5,288.6,288.1,286.26,829035,2373.17,17597,190366,22.96
SONUINFRA,ST,24-Jul-2026,40.05,39.3,41.75,38.1,41.75,41.75,38.82,43500,16.89,22,42000,96.55
SOTL,EQ,24-Jul-2026,645.1,649.35,657.95,615.9,652.0,645.75,638.44,788544,5034.38,23422,209586,26.58
SOUTHBANK,EQ,24-Jul-2026,47.5,47.5,47.5,45.9,46.45,46.52,46.54,11314533,5265.52,27758,4111112,36.33
SOUTHWEST,EQ,24-Jul-2026,236.19,232.2,234.65,229.25,234.1,233.67,231.99,136429,316.5,3118,71030,52.06
SPAL,EQ,24-Jul-2026,977.4,963.4,1026.6,963.4,1001.0,1002.8,999.44,91370,913.19,12589,28110,30.77
SPANDANA,EQ,24-Jul-2026,292.25,288.0,288.0,257.8,262.0,261.5,267.54,1984220,5308.49,47982,634335,31.97
SPARC,EQ,24-Jul-2026,214.48,212.61,217.77,211.62,217.0,216.23,214.81,947229,2034.76,13326,321725,33.96
SPCENET,EQ,24-Jul-2026,3.59,3.52,3.59,3.46,3.56,3.51,3.52,311769,10.98,379,202221,64.86
SPCL,SM,24-Jul-2026,70.95,70.85,70.85,68.65,69.25,69.15,69.09,10200,7.05,17,6000,58.82
SPCON,SM,24-Jul-2026,132.0,130.0,133.0,126.0,126.0,126.0,131.5,13200,17.36,4,10800,81.82
SPECIALITY,EQ,24-Jul-2026,137.93,137.92,139.99,133.24,137.5,137.73,136.33,52855,72.06,1062,30529,57.76
SPECTRUM,EQ,24-Jul-2026,2331.0,2344.9,2363.3,2203.6,2250.0,2281.6,2276.0,64610,1470.52,6735,18365,28.42
SPECTSTM,ST,24-Jul-2026,57.9,57.9,57.9,57.9,57.9,57.9,57.9,800,0.46,1,800,100.00
SPENCERS,EQ,24-Jul-2026,34.35,34.7,34.99,32.41,32.91,33.06,33.26,145222,48.31,1762,76150,52.44
SPIC,EQ,24-Jul-2026,64.78,64.37,65.06,63.8,65.0,64.94,64.46,148083,95.46,1687,80304,54.23
SPLIL,EQ,24-Jul-2026,31.74,31.74,32.39,30.84,31.98,31.25,31.43,2620,0.82,59,1212,46.26
SPLPETRO,EQ,24-Jul-2026,735.45,735.45,756.75,735.0,743.0,741.6,743.17,210520,1564.52,12775,94338,44.81
SPMLINFRA,EQ,24-Jul-2026,198.71,196.01,201.0,194.0,200.0,199.39,198.06,136563,270.48,3073,42194,30.90
SPORTKING,EQ,24-Jul-2026,206.87,205.8,215.49,204.17,212.99,213.74,211.09,591817,1249.27,15372,236493,39.96
SPPPOLY,SM,24-Jul-2026,12.8,12.2,13.05,12.2,13.05,13.05,12.88,10000,1.29,4,8000,80.00
SPUNWEB,SM,24-Jul-2026,106.0,102.25,102.25,101.55,102.0,102.0,101.97,7200,7.34,6,6000,83.33
SRD,EQ,24-Jul-2026,37.38,38.0,38.0,37.0,37.89,37.92,37.74,2276,0.86,48,1929,84.75
SREEL,EQ,24-Jul-2026,222.71,221.89,232.0,219.01,228.5,227.97,226.43,33290,75.38,607,20225,60.75
SRF,EQ,24-Jul-2026,2622.7,2672.9,2698.0,2635.8,2669.5,2664.7,2671.13,1246513,33295.97,71999,449229,36.04
SRGHFL,EQ,24-Jul-2026,305.65,303.25,335.0,303.25,303.65,309.5,318.34,37144,118.24,624,26560,71.51
SRHHYPOLTD,EQ,24-Jul-2026,482.0,480.0,482.1,475.1,478.0,477.85,478.69,4090,19.58,262,3032,74.13
SRIVASAVI,ST,24-Jul-2026,82.3,78.2,78.3,78.2,78.3,78.3,78.26,12000,9.39,10,12000,100.00
SRM,EQ,24-Jul-2026,502.45,502.45,512.9,487.1,506.15,507.6,499.6,75111,375.25,2594,31259,41.62
SRTL,EQ,24-Jul-2026,40.84,40.75,41.06,39.8,40.22,40.28,40.2,27573,11.08,372,20855,75.64
SSDL,EQ,24-Jul-2026,52.49,52.49,53.53,51.53,53.46,52.47,52.33,17154,8.98,369,7914,46.14
SSEGL,SM,24-Jul-2026,306.4,305.5,305.6,300.0,304.9,304.55,302.85,27000,81.77,104,19400,71.85
SSFL,ST,24-Jul-2026,261.95,258.0,258.0,248.9,249.0,249.0,250.38,19500,48.82,36,19000,97.44
SSFLPP,E1,24-Jul-2026,160.2,160.0,160.0,132.1,142.0,142.5,142.69,20228,28.86,1087,14326,70.82
SSWL,EQ,24-Jul-2026,286.73,286.5,291.5,277.2,287.75,288.31,284.51,1012687,2881.21,16761,421725,41.64
STALLION,EQ,24-Jul-2026,253.22,250.5,251.3,240.0,241.99,241.9,244.23,2228655,5443.15,26168,649739,29.15
STANLEY,EQ,24-Jul-2026,154.18,154.5,155.0,152.4,154.1,153.85,153.57,61432,94.34,1607,36822,59.94
STAR,EQ,24-Jul-2026,1031.6,1031.6,1034.4,1014.6,1016.0,1020.0,1022.51,80520,823.32,9526,38906,48.32
STARCEMENT,EQ,24-Jul-2026,204.01,203.1,205.39,201.83,205.0,204.88,203.8,86528,176.35,2776,51030,58.98
STARHEALTH,EQ,24-Jul-2026,577.0,570.1,589.55,570.1,579.9,580.8,581.44,328746,1911.48,19891,151273,46.02
STARPAPER,EQ,24-Jul-2026,149.57,150.45,151.99,145.0,148.7,147.75,147.44,24544,36.19,580,13320,54.27
STARTECK,EQ,24-Jul-2026,264.7,265.2,269.0,264.3,264.3,266.2,267.36,9374,25.06,185,952,10.16
STCINDIA,EQ,24-Jul-2026,116.83,117.0,118.5,115.23,116.5,117.89,117.24,27183,31.87,576,13468,49.55
STEELCAS,EQ,24-Jul-2026,310.45,310.9,310.9,304.0,305.1,306.65,306.82,19567,60.03,960,10479,53.55
STEELCITY,EQ,24-Jul-2026,75.79,75.02,75.99,73.0,74.4,74.36,74.11,20280,15.03,256,15391,75.89
STEELXIND,EQ,24-Jul-2026,11.43,11.4,11.7,11.07,11.7,11.57,11.35,1337561,151.81,2576,715298,53.48
STEL,EQ,24-Jul-2026,547.45,547.7,559.95,532.8,555.0,555.55,549.6,1765,9.7,244,894,50.65
STERTOOLS,BE,24-Jul-2026,243.64,243.0,247.0,236.01,242.7,242.54,239.92,11624,27.89,272,-,-
STLNETWORK,BE,24-Jul-2026,24.67,24.5,25.75,24.15,25.6,25.51,25.16,451594,113.64,973,-,-
STLTECH,BE,24-Jul-2026,548.85,528.3,576.25,521.45,565.0,564.15,552.79,3720305,20565.31,41962,-,-
STOVEKRAFT,EQ,24-Jul-2026,745.6,742.0,779.0,735.4,771.0,773.4,760.49,66837,508.29,5312,38273,57.26
STRIDERS,SM,24-Jul-2026,61.1,63.0,63.4,61.1,63.25,63.25,62.69,6400,4.01,4,4800,75.00
STUDDS,EQ,24-Jul-2026,442.6,442.6,460.0,438.6,449.0,450.6,450.16,41021,184.66,2211,22717,55.38
STUDIOLSD,SM,24-Jul-2026,9.9,9.85,9.9,9.85,9.9,9.9,9.88,6000,0.59,3,6000,100.00
STYL,EQ,24-Jul-2026,400.15,375.0,389.9,363.0,384.0,384.45,375.6,518436,1947.23,16094,182276,35.16
STYLAMIND,EQ,24-Jul-2026,3391.9,3448.0,3478.3,3281.1,3425.0,3416.8,3381.33,227223,7683.16,39455,35359,15.56
STYLEBAAZA,BE,24-Jul-2026,274.7,268.0,288.4,262.65,281.0,280.4,277.66,145029,402.69,2047,-,-
STYRENIX,EQ,24-Jul-2026,2432.8,2432.9,2494.3,2403.5,2456.0,2455.0,2464.7,71766,1768.82,8770,38480,53.62
SUBAHOTELS,SM,24-Jul-2026,107.4,107.0,107.45,106.1,107.0,107.05,107.02,12000,12.84,10,7200,60.00
SUBEXLTD,BE,24-Jul-2026,12.34,12.23,12.65,12.06,12.45,12.58,12.3,733915,90.24,1193,-,-
SUBROS,EQ,24-Jul-2026,776.3,769.95,787.0,759.65,775.0,781.95,770.64,33068,254.84,3008,13022,39.38
SUDARCOLOR,EQ,24-Jul-2026,358.3,360.1,362.0,349.6,362.0,360.6,357.22,4448,15.89,191,2709,60.90
SUDARSCHEM,EQ,24-Jul-2026,1014.9,1014.9,1044.8,989.05,1038.0,1041.05,1024.51,140933,1443.87,9160,66587,47.25
SUDEEPPHRM,EQ,24-Jul-2026,815.3,806.0,832.0,806.0,822.2,825.15,821.79,125532,1031.61,7927,77153,61.46
SUKHJITS,EQ,24-Jul-2026,162.16,163.0,164.62,154.41,158.15,159.43,158.32,12665,20.05,360,6405,50.57
SULA,EQ,24-Jul-2026,149.34,149.3,151.44,147.81,150.0,149.79,149.85,325048,487.08,4581,134693,41.44
SUMEETINDS,EQ,24-Jul-2026,30.28,28.77,28.77,28.77,28.77,28.77,28.77,16684,4.8,140,16684,100.00
SUMICHEM,EQ,24-Jul-2026,531.05,525.0,530.1,515.0,523.3,520.45,521.15,280141,1459.94,13012,96054,34.29
SUMIT,BE,24-Jul-2026,53.21,55.79,55.79,52.32,54.9,54.72,54.16,36437,19.74,193,-,-
SUMMITSEC,EQ,24-Jul-2026,1486.8,1499.9,1499.9,1453.0,1491.0,1482.8,1481.54,657,9.73,212,368,56.01
SUNCLAY,EQ,24-Jul-2026,1364.0,1374.5,1404.0,1350.6,1366.0,1363.2,1369.35,2150,29.44,467,1190,55.35
SUNDARAM,EQ,24-Jul-2026,1.29,1.31,1.31,1.27,1.28,1.28,1.28,186814,2.4,258,147180,78.78
SUNDARMFIN,EQ,24-Jul-2026,4415.5,4419.9,4463.0,4343.0,4460.0,4447.8,4428.81,50414,2232.74,12469,32136,63.74
SUNDRMBRAK,BE,24-Jul-2026,799.9,799.9,818.0,795.0,795.0,795.0,801.91,608,4.88,46,-,-
SUNDRMFAST,EQ,24-Jul-2026,946.45,939.0,954.0,935.0,939.95,940.6,946.1,158031,1495.14,10729,132153,83.62
SUNDROP,EQ,24-Jul-2026,692.4,692.4,692.4,672.35,680.15,687.05,683.2,12738,87.03,951,7514,58.99
SUNFLAG,EQ,24-Jul-2026,349.6,343.6,351.9,340.45,348.1,348.7,347.03,129423,449.13,3068,56107,43.35
SUNLITE,ST,24-Jul-2026,417.55,417.55,424.5,413.0,424.5,424.5,419.17,5400,22.64,18,4500,83.33
SUNPHARMA,EQ,24-Jul-2026,1954.0,1945.0,1959.8,1934.8,1942.9,1941.1,1945.06,1578929,30711.05,92680,1109198,70.25
SUNTECH,ST,24-Jul-2026,30.1,31.6,31.6,31.45,31.6,31.6,31.54,41600,13.12,24,38400,92.31
SUNTECK,EQ,24-Jul-2026,302.6,305.9,310.15,300.5,306.0,306.25,305.22,467373,1426.52,9813,182765,39.10
SUNTV,EQ,24-Jul-2026,488.65,486.8,492.45,481.75,487.0,486.9,486.76,136971,666.72,9047,76625,55.94
SUPERHOUSE,EQ,24-Jul-2026,157.41,156.02,161.8,151.0,154.36,154.97,155.55,22960,35.71,1146,10220,44.51
SUPERSPIN,BE,24-Jul-2026,5.41,5.5,5.51,5.5,5.5,5.5,5.5,58521,3.22,20,-,-
SUPRAJIT,EQ,24-Jul-2026,487.5,488.45,488.45,467.0,487.6,484.45,480.95,80033,384.92,5791,25199,31.49
SUPREME,EQ,24-Jul-2026,44.53,45.49,45.78,44.21,45.47,45.27,44.97,12488,5.62,146,6796,54.42
SUPREMEENG,BZ,24-Jul-2026,1.89,1.92,1.92,1.92,1.92,1.92,1.92,45934,0.88,28,-,-
SUPREMEIND,EQ,24-Jul-2026,3417.0,3380.1,3499.0,3380.1,3463.0,3458.9,3460.14,129919,4495.37,15230,32196,24.78
SUPREMEINF,EQ,24-Jul-2026,85.31,84.16,85.31,82.0,82.65,82.53,83.57,82318,68.79,1970,49604,60.26
SUPREMEPWR,ST,24-Jul-2026,200.2,195.0,196.9,190.25,193.4,192.3,192.54,109500,210.84,154,102000,93.15
SUPRIYA,EQ,24-Jul-2026,832.9,832.9,846.0,820.0,840.0,840.5,835.57,112250,937.93,7766,48985,43.64
SURAJEST,EQ,24-Jul-2026,194.54,193.6,194.54,190.0,193.0,193.56,192.03,19357,37.17,849,8003,41.34
SURAJLTD,EQ,24-Jul-2026,230.47,221.05,223.26,210.5,222.5,221.3,218.36,1526,3.33,82,1136,74.44
SURAKSHA,EQ,24-Jul-2026,259.65,258.4,263.7,240.4,250.45,252.95,252.11,144138,363.38,3412,103066,71.51
SURANASOL,EQ,24-Jul-2026,26.14,25.81,26.49,25.81,26.25,26.26,26.22,65632,17.21,392,57256,87.24
SURANAT&P,EQ,24-Jul-2026,18.22,18.1,18.39,18.05,18.25,18.25,18.2,53845,9.8,393,38312,71.15
SURANI,SM,24-Jul-2026,98.5,98.5,98.5,98.4,98.4,98.4,98.42,1000,0.98,2,1000,100.00
SURYALA,EQ,24-Jul-2026,443.05,443.0,447.9,430.3,443.9,440.0,439.5,2182,9.59,83,1056,48.40
SURYALAXMI,EQ,24-Jul-2026,56.48,57.5,58.99,55.11,58.78,57.51,57.24,2240,1.28,65,1693,75.58
SURYAROSNI,EQ,24-Jul-2026,235.5,234.2,242.0,232.8,238.7,237.95,237.89,413128,982.8,10719,181352,43.90
SURYODAY,EQ,24-Jul-2026,194.31,197.6,218.0,189.05,190.83,193.1,205.99,78669391,162052.15,482656,4302701,5.47
SUTLEJTEX,BE,24-Jul-2026,38.03,37.84,38.3,37.16,37.63,37.61,37.77,19108,7.22,38,-,-
SUVEN,EQ,24-Jul-2026,317.0,315.0,320.05,311.2,315.1,316.0,315.05,588295,1853.45,13525,209677,35.64
SUVIDHAA,EQ,24-Jul-2026,2.51,2.63,2.63,2.41,2.52,2.5,2.49,81859,2.04,151,56109,68.54
SUYOG,EQ,24-Jul-2026,841.1,834.9,859.9,820.05,851.0,850.45,844.56,16747,141.44,1562,8135,48.58
SUZLON,EQ,24-Jul-2026,52.39,52.25,52.58,51.79,52.32,52.28,52.16,45263052,23608.51,66089,14789142,32.67
SVLL,BE,24-Jul-2026,769.0,769.0,780.0,753.65,772.2,772.2,763.53,2770,21.15,25,-,-
SVPGLOB,BE,24-Jul-2026,3.99,4.05,4.05,3.8,3.87,3.87,3.87,30583,1.18,35,-,-
SWANCORP,EQ,24-Jul-2026,308.2,308.9,312.05,304.0,310.0,310.3,307.89,449427,1383.74,9692,178976,39.82
SWANDEF,BE,24-Jul-2026,2428.3,2445.0,2450.0,2352.0,2412.0,2427.7,2425.36,9428,228.66,673,-,-
SWARAJ,SM,24-Jul-2026,364.65,368.0,368.0,361.2,364.7,367.55,364.95,134000,489.04,137,39500,29.48
SWARAJENG,EQ,24-Jul-2026,3576.6,3560.3,3593.2,3525.0,3570.0,3569.0,3560.79,8115,288.96,1616,4071,50.17
SWASTIK,ST,24-Jul-2026,18.35,18.7,18.7,18.7,18.7,18.7,18.7,1200,0.22,1,1200,100.00
SWELECTES,EQ,24-Jul-2026,604.15,603.45,617.3,596.6,617.3,613.3,606.28,18366,111.35,1238,12421,67.63
SWIGGY,EQ,24-Jul-2026,261.55,259.27,259.27,242.51,251.5,251.42,248.41,34389852,85427.03,202192,9655807,28.08
SWSOLAR,EQ,24-Jul-2026,206.36,205.0,208.9,200.11,208.1,207.93,204.52,1091125,2231.56,13573,322727,29.58
SYLVANPLY,SM,24-Jul-2026,55.1,52.35,52.35,52.35,52.35,52.35,52.35,2000,1.05,1,2000,100.00
SYMPHONY,EQ,24-Jul-2026,679.75,679.0,684.45,670.0,677.9,676.85,674.82,71198,480.46,5016,30636,43.03
SYNCOMF,EQ,24-Jul-2026,13.15,13.0,13.25,12.79,13.24,13.09,12.96,1233461,159.84,3163,750920,60.88
SYNGENE,EQ,24-Jul-2026,403.25,402.0,408.25,399.0,406.5,406.65,405.1,777845,3151.04,28433,472866,60.79
SYNOPTICS,ST,24-Jul-2026,76.35,72.55,78.1,72.55,78.1,78.1,75.33,1200,0.9,2,1200,100.00
SYRMA,EQ,24-Jul-2026,1380.0,1360.0,1368.0,1272.1,1287.9,1288.3,1311.73,1098492,14409.27,54287,517052,47.07
SYSTANGO,SM,24-Jul-2026,216.45,215.05,216.45,202.55,214.0,214.4,210.64,16400,34.55,41,8800,53.66
SYSTMTXC,BE,24-Jul-2026,60.0,60.6,61.6,60.0,60.99,60.07,60.45,4205,2.54,66,-,-
TAALTECH,EQ,24-Jul-2026,3902.0,3930.0,3930.0,3800.0,3849.8,3816.1,3844.63,1463,56.25,335,869,59.40
TAC,SM,24-Jul-2026,529.7,525.0,554.1,516.0,541.0,540.65,541.41,117400,635.61,447,78400,66.78
TAINWALCHM,EQ,24-Jul-2026,202.92,197.52,205.0,197.52,202.8,201.87,200.74,2745,5.51,88,1762,64.19
TAJGVK,EQ,24-Jul-2026,362.6,361.95,361.95,351.6,360.0,359.9,356.33,69629,248.11,2707,37138,53.34
TAKE,EQ,24-Jul-2026,20.77,21.0,21.0,20.56,20.7,20.79,20.75,164538,34.14,664,114797,69.77
TALBROAUTO,EQ,24-Jul-2026,395.2,390.0,396.0,386.95,392.95,391.75,390.8,94804,370.5,3783,43229,45.60
TAMBOLIIN,BE,24-Jul-2026,216.0,220.0,220.32,210.0,211.0,212.65,215.41,1117,2.41,18,-,-
TANKUP,ST,24-Jul-2026,1123.7,1145.0,1145.0,1144.5,1144.5,1144.5,1144.75,500,5.72,2,500,100.00
TANLA,EQ,24-Jul-2026,618.5,615.0,626.85,593.1,600.1,599.75,607.22,3415846,20741.67,66057,545751,15.98
TARACHAND,EQ,24-Jul-2026,55.16,55.16,55.35,53.56,54.6,54.99,54.65,78706,43.01,970,56366,71.62
TARAPUR,EQ,24-Jul-2026,18.02,18.02,18.23,17.69,18.2,18.16,18.01,16944,3.05,131,8772,51.77
TARC,EQ,24-Jul-2026,130.7,128.0,131.9,124.9,131.4,131.45,128.46,970224,1246.39,11123,265377,27.35
TARIL,EQ,24-Jul-2026,293.7,292.0,296.6,288.1,295.4,295.0,292.41,2073057,6061.84,32756,722636,34.86
TARMAT,EQ,24-Jul-2026,49.95,49.95,51.0,49.54,51.0,50.95,50.68,12831,6.5,90,10602,82.63
TARSONS,EQ,24-Jul-2026,316.55,313.05,317.85,310.0,310.5,312.75,314.1,157009,493.17,4813,59537,37.92
TASTYBITE,EQ,24-Jul-2026,9187.0,9040.0,9201.5,8956.5,9030.0,8999.0,9095.42,1308,118.97,505,542,41.44
TATACAP,EQ,24-Jul-2026,341.45,339.75,343.35,335.65,342.0,341.9,339.06,900008,3051.56,28259,486563,54.06
TATACHEM,EQ,24-Jul-2026,679.4,679.75,689.0,675.5,689.0,685.35,682.42,264678,1806.21,11530,84763,32.02
TATACOMM,EQ,24-Jul-2026,1800.7,1799.9,1799.9,1751.7,1787.7,1775.3,1771.7,187353,3319.33,30886,112261,59.92
TATACONSUM,EQ,24-Jul-2026,1107.7,1100.0,1117.1,1079.0,1092.0,1088.0,1099.11,1644917,18079.37,47467,808865,49.17
TATAELXSI,EQ,24-Jul-2026,3387.6,3359.0,3556.6,3353.9,3537.0,3538.0,3496.6,1304975,45629.82,74118,387344,29.68
TATAGOLD,EQ,24-Jul-2026,13.95,13.99,13.99,13.66,13.89,13.86,13.79,31447302,4337.23,52477,8179370,26.01
TATAINVEST,EQ,24-Jul-2026,632.2,632.0,634.95,621.15,631.5,630.75,628.35,141003,885.99,9351,64768,45.93
TATAPOWER,EQ,24-Jul-2026,376.15,373.4,375.75,371.4,375.0,374.4,373.79,1700724,6357.07,31991,622301,36.59
TATASTEEL,EQ,24-Jul-2026,184.23,183.41,183.52,181.2,182.75,182.67,182.58,16117953,29428.84,133636,9193275,57.04
TATATECH,EQ,24-Jul-2026,696.25,690.0,714.6,690.0,710.35,711.0,702.67,536734,3771.46,25599,192722,35.91
TATSILV,EQ,24-Jul-2026,21.43,21.28,21.5,20.89,21.48,21.41,21.21,42199738,8951.56,40954,7353255,17.42
TATVA,EQ,24-Jul-2026,1700.8,1672.0,1729.0,1658.4,1718.7,1722.4,1699.16,156269,2655.26,11356,46250,29.60
TAURIAN,SM,24-Jul-2026,347.1,340.0,376.7,340.0,376.0,376.0,359.1,40000,143.64,48,26400,66.00
TBI,SM,24-Jul-2026,62.45,62.95,62.95,61.25,62.25,62.25,61.95,11400,7.06,18,9600,84.21
TBOTEK,EQ,24-Jul-2026,1436.1,1420.0,1444.3,1400.1,1424.0,1429.0,1421.99,32920,468.12,8016,14761,44.84
TBZ,EQ,24-Jul-2026,266.67,263.91,267.3,256.14,259.0,258.89,259.87,951116,2471.62,15672,311626,32.76
TCC,EQ,24-Jul-2026,277.45,280.0,280.0,270.2,272.45,271.95,273.75,17525,47.97,707,14799,84.45
TCI,EQ,24-Jul-2026,930.1,928.0,935.1,913.5,922.95,917.75,924.72,18864,174.44,2268,10943,58.01
TCIEXP,EQ,24-Jul-2026,562.3,563.15,565.0,550.0,563.4,561.15,556.41,22177,123.4,1721,9796,44.17
TCIFINANCE,BE,24-Jul-2026,15.19,15.5,15.8,15.0,15.15,15.19,15.29,10522,1.61,120,-,-
TCL,SM,24-Jul-2026,114.5,112.5,112.5,111.0,112.5,112.5,111.87,5600,6.26,7,4000,71.43
TCPLPACK,EQ,24-Jul-2026,3281.5,3281.9,3299.9,3193.5,3218.1,3226.5,3230.28,4068,131.41,787,2076,51.03
TCS,EQ,24-Jul-2026,2242.9,2205.1,2264.3,2205.1,2250.2,2254.3,2246.06,3211699,72136.56,123535,1276390,39.74
TDPOWERSYS,EQ,24-Jul-2026,1139.4,1127.0,1144.0,1110.0,1114.5,1113.6,1120.17,634662,7109.32,34823,390975,61.60
TEAMGTY,EQ,24-Jul-2026,225.88,231.52,239.75,220.5,231.0,226.72,231.56,346,0.8,20,285,82.37
TEAMLEASE,EQ,24-Jul-2026,1311.8,1309.9,1330.0,1301.0,1314.0,1313.7,1317.09,21023,276.89,4315,12323,58.62
TEAMTECH,ST,24-Jul-2026,130.0,130.0,131.5,126.1,130.5,131.1,130.9,124000,162.32,12,124000,100.00
TECH,EQ,24-Jul-2026,31.2,32.2,32.2,30.5,31.99,31.37,31.15,35542,11.07,249,14870,41.84
TECHD,ST,24-Jul-2026,618.2,618.2,621.95,598.15,598.5,598.45,605.31,10800,65.37,35,9900,91.67
TECHERA,SM,24-Jul-2026,160.75,160.75,160.75,155.0,155.0,155.0,157.54,40000,63.02,44,33600,84.00
TECHLABS,ST,24-Jul-2026,130.15,132.9,132.9,123.65,129.7,126.45,125.7,14875,18.7,84,12500,84.03
TECHM,EQ,24-Jul-2026,1555.8,1549.0,1579.8,1531.1,1555.0,1559.5,1554.54,1231512,19144.31,47967,396726,32.21
TECHNOE,EQ,24-Jul-2026,995.2,990.0,1004.0,985.4,996.1,991.8,993.53,102586,1019.22,9170,62937,61.35
TECHNVISN,EQ,24-Jul-2026,4429.9,4799.9,5315.8,4515.1,5315.8,5074.5,4802.69,26430,1269.35,4760,2216,8.38
TECILCHEM,EQ,24-Jul-2026,9.8,9.78,10.5,9.0,9.98,9.96,10.02,1614,0.16,42,1242,76.95
TEGA,EQ,24-Jul-2026,1555.8,1540.0,1581.9,1539.2,1560.0,1560.3,1561.18,65882,1028.54,5367,42889,65.10
TEJA,SM,24-Jul-2026,625.7,630.0,683.0,630.0,669.0,672.45,664.25,162600,1080.07,239,28200,17.34
TEJASNET,EQ,24-Jul-2026,497.3,494.0,503.95,488.05,497.7,495.4,496.06,1817857,9017.72,35550,446581,24.57
TEMBO,EQ,24-Jul-2026,532.25,540.8,540.8,524.45,534.65,530.4,530.62,38991,206.89,1570,27152,69.64
TENNIND,EQ,24-Jul-2026,543.4,543.4,546.35,535.0,540.0,539.95,541.01,243226,1315.87,21778,130331,53.58
TERASOFT,EQ,24-Jul-2026,382.35,383.95,397.45,378.15,388.1,393.7,387.25,10145,39.29,829,5161,50.87
TEXINFRA,EQ,24-Jul-2026,113.51,111.77,113.86,111.0,111.9,112.42,112.33,61157,68.7,849,35851,58.62
TEXMOPIPES,EQ,24-Jul-2026,42.8,42.0,43.81,42.0,42.94,43.04,42.61,11083,4.72,175,8530,76.96
TEXRAIL,EQ,24-Jul-2026,109.1,108.45,110.99,106.75,110.32,110.08,108.85,969916,1055.77,8965,359288,37.04
TFCILTD,EQ,24-Jul-2026,82.09,81.44,88.2,79.94,87.71,87.27,86.28,24964652,21539.14,65630,7319806,29.32
TFL,EQ,24-Jul-2026,10.66,10.55,10.95,10.21,10.35,10.41,10.68,16946,1.81,129,12724,75.09
TGBHOTELS,EQ,24-Jul-2026,8.91,8.86,8.9,8.4,8.6,8.56,8.63,56827,4.91,288,44395,78.12
TGL,ST,24-Jul-2026,19.65,18.7,20.6,18.7,19.25,19.7,19.65,40000,7.86,110,34600,86.50
THACKER,BE,24-Jul-2026,1089.9,1089.7,1089.7,1036.1,1036.1,1036.1,1038.92,19,0.2,4,-,-
THAKDEV,EQ,24-Jul-2026,150.72,157.79,157.79,155.7,155.7,155.7,155.74,51,0.08,6,50,98.04
THANGAMAYL,EQ,24-Jul-2026,6871.0,6849.0,7015.0,6742.0,6900.0,6906.5,6891.84,180944,12470.38,27253,35229,19.47
THEINVEST,EQ,24-Jul-2026,97.02,96.98,97.0,93.32,95.5,95.21,95.39,3978,3.79,131,2473,62.17
THEJO,EQ,24-Jul-2026,1875.4,1860.0,1935.0,1851.2,1890.0,1898.8,1885.56,1775,33.47,428,953,53.69
THELEELA,EQ,24-Jul-2026,475.95,468.0,478.1,461.05,475.0,474.7,468.49,153341,718.39,12730,68185,44.47
THEMISMED,EQ,24-Jul-2026,107.79,107.3,110.7,106.23,110.64,109.86,109.39,43055,47.1,1110,19170,44.52
THERMAX,EQ,24-Jul-2026,4578.0,4568.0,4573.0,4465.5,4537.0,4514.0,4512.44,88245,3982.0,16947,34984,39.64
THESL,ST,24-Jul-2026,18.1,18.75,19.0,18.75,19.0,19.0,18.92,9000,1.7,3,6000,66.67
THOMASCOOK,EQ,24-Jul-2026,100.29,99.96,99.96,97.08,98.19,97.85,98.05,992594,973.2,6650,561515,56.57
THOMASCOTT,EQ,24-Jul-2026,288.35,288.35,313.0,284.15,312.0,307.05,297.04,36520,108.48,1415,22036,60.34
THYROCARE,EQ,24-Jul-2026,545.25,560.0,597.6,543.0,565.25,564.25,569.67,12158394,69262.85,275090,956667,7.87
TI,EQ,24-Jul-2026,437.95,436.0,444.7,429.95,440.15,441.8,438.61,422361,1852.52,15722,235283,55.71
TICL,BE,24-Jul-2026,9.63,9.63,9.95,9.21,9.73,9.72,9.59,35733,3.43,103,-,-
TIGERLOGS,BE,24-Jul-2026,30.96,30.81,31.6,30.5,31.48,31.4,31.16,14493,4.52,109,-,-
TIIL,EQ,24-Jul-2026,2565.9,2542.0,2607.8,2520.5,2551.5,2566.5,2554.06,5238,133.78,1029,1998,38.14
TIINDIA,EQ,24-Jul-2026,2824.5,2800.0,2821.1,2746.6,2780.0,2767.0,2781.7,361452,10054.51,43809,193886,53.64
TIJARIA,EQ,24-Jul-2026,4.31,4.33,4.74,4.21,4.52,4.64,4.56,225966,10.31,312,118452,52.42
TIL,EQ,24-Jul-2026,205.77,205.69,215.5,202.24,211.81,211.39,210.25,112645,236.84,2065,62966,55.90
TIMETECHNO,EQ,24-Jul-2026,200.03,197.0,202.03,195.6,201.29,201.26,199.34,2688187,5358.67,23115,482074,17.93
TIMEX,EQ,24-Jul-2026,573.75,573.45,581.0,559.6,578.15,578.85,571.67,175926,1005.72,11642,65798,37.40
TIMKEN,EQ,24-Jul-2026,3083.1,3083.5,3168.0,3053.8,3116.0,3127.0,3123.73,77943,2434.73,14909,31955,41.00
TINNARUBR,EQ,24-Jul-2026,1078.6,1069.95,1123.65,1061.0,1105.8,1098.85,1094.64,128094,1402.17,10871,26837,20.95
TIPSFILMS,EQ,24-Jul-2026,375.1,408.9,434.9,391.1,395.0,409.15,414.56,390502,1618.86,12382,62840,16.09
TIPSMUSIC,EQ,24-Jul-2026,676.6,670.0,722.55,667.45,701.0,699.45,701.44,3378998,23701.78,84163,403216,11.93
TIRUMALCHM,EQ,24-Jul-2026,167.78,167.78,170.69,165.92,167.7,167.74,167.92,332948,559.08,5054,127565,38.31
TIRUPATI,SM,24-Jul-2026,463.6,440.45,440.45,440.45,440.45,440.45,440.45,250,1.1,2,250,100.00
TIRUPATIFL,BE,24-Jul-2026,77.48,75.02,76.7,73.61,73.61,73.61,73.84,458810,338.77,1369,-,-
TITAGARH,EQ,24-Jul-2026,815.5,807.0,822.9,792.0,822.5,819.45,806.9,387023,3122.9,22977,122979,31.78
TITAN,EQ,24-Jul-2026,4697.3,4605.0,4697.0,4604.1,4688.0,4677.0,4670.76,513858,24001.08,49813,308431,60.02
TMB,EQ,24-Jul-2026,799.4,799.0,808.95,788.0,802.85,804.5,799.25,100157,800.5,7045,40831,40.77
TMCV,EQ,24-Jul-2026,407.9,403.0,407.9,398.0,406.15,406.15,403.58,4173312,16842.66,121485,2101260,50.35
TMPV,EQ,24-Jul-2026,324.3,321.0,325.75,318.25,324.0,323.8,322.27,7171058,23110.06,77813,3389235,47.26
TNIDETF,EQ,24-Jul-2026,83.57,83.65,85.0,82.5,84.0,84.04,83.58,99742,83.37,456,72923,73.11
TNPETRO,EQ,24-Jul-2026,95.07,94.0,95.82,93.22,94.5,95.0,94.29,49037,46.24,1257,14221,29.00
TNPL,EQ,24-Jul-2026,151.44,151.99,153.0,149.01,149.5,149.75,150.78,293288,442.22,4560,150280,51.24
TNTELE,EQ,24-Jul-2026,8.88,9.14,9.23,8.89,9.23,9.14,8.94,19736,1.77,72,15914,80.63
TOKYOPLAST,BE,24-Jul-2026,81.85,80.5,81.49,80.0,80.15,80.15,80.13,1654,1.33,13,-,-
TOLINS,EQ,24-Jul-2026,102.98,102.63,105.0,100.6,102.55,102.7,102.26,43907,44.9,685,19025,43.33
TOP100CASE,EQ,24-Jul-2026,10.46,10.55,10.55,10.32,10.47,10.43,10.41,832153,86.62,1141,724126,87.02
TOP10ADD,EQ,24-Jul-2026,86.28,86.03,86.5,85.55,86.49,86.41,85.81,834900,716.41,640,759604,90.98
TOP15IETF,EQ,24-Jul-2026,9.75,9.72,9.75,9.65,9.75,9.73,9.7,73845,7.16,250,36184,49.00
TOP20,EQ,24-Jul-2026,8.75,8.69,8.77,8.65,8.74,8.73,8.68,54931,4.77,137,37433,68.15
TORNTPHARM,EQ,24-Jul-2026,5065.2,5026.0,5049.9,4951.7,4978.9,4961.5,4985.53,262189,13071.51,27140,132140,50.40
TORNTPOWER,EQ,24-Jul-2026,1430.0,1418.1,1442.3,1410.5,1436.0,1434.1,1431.84,509230,7291.36,24199,346338,68.01
TOTAL,EQ,24-Jul-2026,49.47,49.1,51.39,49.05,49.8,49.98,50.05,2594,1.3,89,1653,63.72
TOUCHWOOD,EQ,24-Jul-2026,66.21,66.0,67.4,66.0,67.29,67.29,66.96,331,0.22,17,237,71.60
TPHQ,EQ,24-Jul-2026,0.41,0.42,0.42,0.4,0.4,0.4,0.41,697835,2.87,278,546950,78.38
TPLPLASTEH,EQ,24-Jul-2026,76.8,77.0,77.72,75.26,77.6,76.9,76.63,125636,96.28,2042,22935,18.26
TRACXN,EQ,24-Jul-2026,29.99,30.1,30.32,29.51,29.88,29.7,29.87,74556,22.27,656,42758,57.35
TRANSPEK,EQ,24-Jul-2026,1022.1,1041.8,1085.0,1001.0,1084.0,1064.9,1044.39,12644,132.05,1539,8431,66.68
TRANSRAILL,EQ,24-Jul-2026,480.95,479.0,485.9,473.6,485.85,482.7,479.87,314503,1509.21,11550,134867,42.88
TRANSTEEL,SM,24-Jul-2026,119.0,115.3,115.3,111.5,112.0,112.65,113.03,132000,149.2,90,89000,67.42
TRANSWORLD,BE,24-Jul-2026,158.87,157.0,161.99,154.15,159.0,158.86,158.44,10956,17.36,67,-,-
TRAVELFOOD,EQ,24-Jul-2026,1279.2,1272.3,1291.0,1255.5,1291.0,1286.3,1275.61,12291,156.79,3654,5973,48.60
TREEHOUSE,EQ,24-Jul-2026,6.16,6.35,6.48,6.03,6.37,6.35,6.29,33354,2.1,105,22448,67.30
TREJHARA,EQ,24-Jul-2026,141.47,142.47,142.47,136.6,138.5,138.75,138.41,3389,4.69,171,2668,78.73
TREL,EQ,24-Jul-2026,24.27,24.01,24.75,23.8,24.75,24.32,24.21,50283,12.17,470,24589,48.90
TRENT,EQ,24-Jul-2026,2874.8,2841.3,2913.0,2836.0,2886.5,2890.5,2881.3,654165,18848.45,52850,262485,40.13
TRF,EQ,24-Jul-2026,232.52,232.0,236.44,229.71,232.1,232.96,233.12,33968,79.19,1518,10614,31.25
TRIDENT,EQ,24-Jul-2026,25.19,25.1,25.24,24.71,25.12,25.12,24.98,4673170,1167.52,16232,1331210,28.49
TRIDHYA,ST,24-Jul-2026,11.0,10.45,10.45,10.45,10.45,10.45,10.45,3000,0.31,1,3000,100.00
TRIGYN,EQ,24-Jul-2026,54.01,54.89,55.45,53.53,54.34,54.5,54.5,6543,3.57,151,3703,56.59
TRITURBINE,EQ,24-Jul-2026,609.55,605.0,618.0,599.3,613.4,611.8,608.95,253366,1542.86,15225,83119,32.81
TRIVENI,BE,24-Jul-2026,261.75,248.7,248.7,248.7,248.7,248.7,248.7,50630,125.92,961,-,-
TROM,ST,24-Jul-2026,58.0,58.0,58.0,58.0,58.0,58.0,58.0,2400,1.39,4,2400,100.00
TRU,EQ,24-Jul-2026,4.88,4.88,5.08,4.72,4.8,4.88,4.83,78567,3.8,198,58929,75.00
TRUALT,EQ,24-Jul-2026,431.9,430.0,439.0,426.5,428.0,428.95,432.9,287154,1243.09,8439,106675,37.15
TRUST,SM,24-Jul-2026,28.55,28.1,29.55,28.1,29.55,29.0,28.72,1800,0.52,3,1800,100.00
TSC,SM,24-Jul-2026,31.05,30.5,30.5,30.5,30.5,30.5,30.5,2000,0.61,1,2000,100.00
TSFINV,EQ,24-Jul-2026,434.75,434.75,436.0,424.85,435.3,432.8,430.92,52916,228.02,3513,27258,51.51
TTKHLTCARE,EQ,24-Jul-2026,1012.55,1019.9,1060.0,1006.6,1055.0,1047.2,1043.24,29893,311.85,2219,14586,48.79
TTKPRESTIG,EQ,24-Jul-2026,645.75,648.0,650.0,631.0,643.25,643.35,641.23,30308,194.34,3213,14626,48.26
TTL,EQ,24-Jul-2026,6.4,6.3,6.5,6.22,6.4,6.37,6.33,139192,8.81,230,92092,66.16
TTML,EQ,24-Jul-2026,39.4,40.5,40.5,38.75,39.45,39.38,39.44,3130193,1234.41,14792,476419,15.22
TUNWAL,SM,24-Jul-2026,26.7,26.85,26.85,26.35,26.35,26.5,26.56,38000,10.09,18,28000,73.68
TURTLEMINT,EQ,24-Jul-2026,127.11,125.25,130.76,123.53,129.0,130.07,128.04,1109049,1420.03,17392,442066,39.86
TVSELECT,EQ,24-Jul-2026,489.95,487.55,502.0,486.25,498.0,496.65,493.7,43555,215.03,1988,16915,38.84
TVSHLTD,EQ,24-Jul-2026,14807.0,14810.0,14810.0,14430.0,14650.0,14633.0,14604.79,7356,1074.33,2778,3982,54.13
TVSMOTOR,EQ,24-Jul-2026,3919.8,3879.8,3899.9,3823.3,3869.2,3870.2,3867.41,1226472,47432.74,61812,784981,64.00
TVSSCS,EQ,24-Jul-2026,132.28,132.0,133.7,129.22,133.0,133.13,131.55,401846,528.61,5948,211455,52.62
TVSSRICHAK,EQ,24-Jul-2026,3921.2,3910.0,3998.0,3882.0,3969.4,3964.2,3913.54,1378,53.93,447,557,40.42
TVTODAY,EQ,24-Jul-2026,115.84,115.84,117.6,114.4,117.6,116.45,115.84,33664,39.0,911,18979,56.38
TVVISION,EQ,24-Jul-2026,4.76,4.76,4.76,4.6,4.73,4.7,4.65,9385,0.44,43,8651,92.18
TWCGOLDETF,EQ,24-Jul-2026,143.38,143.38,144.09,141.0,142.5,142.45,142.32,1812,2.58,180,1556,85.87
UBL,EQ,24-Jul-2026,1397.7,1392.0,1423.0,1388.0,1400.0,1398.6,1403.32,155336,2179.87,16478,80301,51.70
UCAL,EQ,24-Jul-2026,116.28,115.51,115.98,114.5,114.83,114.9,114.96,2361,2.71,162,1600,67.77
UCL,ST,24-Jul-2026,183.0,186.45,186.45,186.45,186.45,186.45,186.45,2000,3.73,1,2000,100.00
UCOBANK,EQ,24-Jul-2026,26.0,25.6,25.95,25.28,25.94,25.88,25.63,4743797,1215.98,11744,1363914,28.75
UDS,EQ,24-Jul-2026,208.14,209.0,209.0,198.1,200.0,201.19,202.84,360035,730.29,7323,173497,48.19
UEL,EQ,24-Jul-2026,119.58,120.0,123.29,117.51,123.0,119.98,120.7,2491,3.01,151,2085,83.70
UFBL,EQ,24-Jul-2026,658.1,658.15,691.0,625.2,670.0,674.85,636.9,224855,1432.1,4298,109578,48.73
UFLEX,EQ,24-Jul-2026,485.2,478.95,484.7,470.0,477.15,478.5,476.29,229366,1092.46,6524,69449,30.28
UFO,EQ,24-Jul-2026,67.27,66.9,67.69,66.3,66.89,67.02,66.97,15194,10.18,366,10766,70.86
UGARSUGAR,EQ,24-Jul-2026,39.16,39.28,39.97,38.8,39.97,39.72,39.24,76448,30.0,1011,38420,50.26
UGROCAP,EQ,24-Jul-2026,93.78,93.3,93.52,91.36,93.17,92.77,92.41,182903,169.03,2328,102961,56.29
UHTL,ST,24-Jul-2026,104.0,101.95,104.05,101.95,102.0,102.0,102.92,74000,76.16,30,74000,100.00
UJJIVANSFB,EQ,24-Jul-2026,68.78,71.5,71.5,67.91,70.75,70.72,69.58,68534652,47689.58,180877,23045170,33.63
ULTRACEMCO,EQ,24-Jul-2026,11908.0,11750.0,11899.0,11690.0,11840.0,11846.0,11786.27,229015,26992.32,30902,119272,52.08
ULTRAMAR,EQ,24-Jul-2026,385.05,383.0,385.0,376.15,380.0,379.5,380.61,15894,60.49,2338,9399,59.14
UMA,SM,24-Jul-2026,15.5,15.25,15.5,15.25,15.5,15.5,15.47,32000,4.95,4,32000,100.00
UMAEXPORTS,BE,24-Jul-2026,19.55,19.7,20.19,19.4,20.1,20.03,19.64,17441,3.42,75,-,-
UMESLTD,EQ,24-Jul-2026,5.38,5.36,5.5,5.36,5.39,5.39,5.38,1451,0.08,34,1344,92.63
UMIYA-MRO,EQ,24-Jul-2026,89.15,88.98,90.0,88.02,90.0,89.29,88.94,3853,3.43,54,3227,83.75
UNICHEMLAB,EQ,24-Jul-2026,531.05,531.05,542.45,526.1,538.0,537.35,536.24,63182,338.81,4898,24088,38.12
UNIDT,BE,24-Jul-2026,223.83,226.98,226.98,218.0,224.0,223.73,220.53,1245,2.75,43,-,-
UNIECOM,EQ,24-Jul-2026,84.46,84.2,84.5,83.1,84.5,84.38,83.95,183251,153.83,2187,99400,54.24
UNIENTER,EQ,24-Jul-2026,98.08,101.47,103.99,96.7,97.3,98.27,98.64,2791,2.75,376,1097,39.30
UNIHEALTH,SM,24-Jul-2026,795.9,799.8,819.95,770.0,800.0,792.7,789.51,13500,106.58,26,8500,62.96
UNIINFO,BE,24-Jul-2026,12.4,11.78,12.4,11.78,12.4,12.4,11.83,641,0.08,6,-,-
UNIMECH,EQ,24-Jul-2026,1215.3,1216.8,1247.9,1190.0,1240.2,1237.4,1223.14,80383,983.19,7387,31482,39.16
UNIONBANK,EQ,24-Jul-2026,168.4,167.89,171.5,165.81,170.52,170.5,168.72,13551971,22864.79,67844,6018877,44.41
UNIONGOLD,EQ,24-Jul-2026,140.3,141.6,141.65,136.2,140.0,139.5,139.06,2441,3.39,45,280,11.47
UNIPARTS,EQ,24-Jul-2026,673.0,672.95,692.0,660.0,690.6,689.5,679.71,80350,546.15,4590,43107,53.65
UNITDSPR,EQ,24-Jul-2026,1418.0,1416.0,1480.0,1410.5,1464.0,1467.2,1465.98,3954221,57968.02,109019,1276925,32.29
UNITECH,EQ,24-Jul-2026,4.48,4.4,4.47,4.34,4.38,4.38,4.39,4870402,213.77,2469,3044311,62.51
UNITEDPOLY,BE,24-Jul-2026,29.6,30.4,30.4,28.31,30.24,30.17,29.7,34493,10.24,113,-,-
UNITEDTEA,EQ,24-Jul-2026,483.3,485.0,486.05,464.6,469.15,469.8,471.73,3032,14.3,236,1751,57.75
UNIVASTU,BE,24-Jul-2026,120.72,121.0,124.7,117.0,123.35,123.68,121.35,101689,123.4,544,-,-
UNIVCABLES,EQ,24-Jul-2026,1204.3,1190.0,1245.0,1172.0,1237.1,1234.8,1215.44,122846,1493.12,7979,77940,63.45
UNIVPHOTO,BE,24-Jul-2026,475.85,478.0,490.0,462.1,483.9,475.75,483.12,2824,13.64,88,-,-
UNOMINDA,EQ,24-Jul-2026,1129.9,1125.0,1132.3,1101.1,1131.7,1127.0,1118.28,1004753,11236.0,61176,503471,50.11
UPL,EQ,24-Jul-2026,607.0,603.1,604.9,594.95,603.0,602.45,600.3,622872,3739.1,14045,287978,46.23
URAVIDEF,BE,24-Jul-2026,112.13,113.0,113.2,106.55,111.97,111.94,109.72,1691,1.86,88,-,-
URBAN,SM,24-Jul-2026,129.95,130.05,137.9,128.65,133.0,133.75,131.96,132000,174.19,66,68000,51.52
URBANCO,EQ,24-Jul-2026,130.58,129.2,130.14,126.8,129.99,129.76,128.83,1214127,1564.15,25387,571731,47.09
URJA,EQ,24-Jul-2026,9.05,9.05,9.26,8.94,9.25,9.22,9.09,843060,76.62,2859,355456,42.16
USHAFIN,SM,24-Jul-2026,35.0,35.0,35.1,35.0,35.1,35.1,35.05,3200,1.12,2,3200,100.00
USHAMART,EQ,24-Jul-2026,496.4,498.4,499.95,488.8,495.4,495.7,496.1,330938,1641.78,10252,161259,48.73
USK,EQ,24-Jul-2026,21.8,21.84,21.85,21.4,21.65,21.75,21.57,5306,1.14,70,5018,94.57
UTIAMC,EQ,24-Jul-2026,904.05,904.5,906.95,876.0,881.9,881.4,883.63,1009475,8920.07,30792,729241,72.24
UTKAL,SM,24-Jul-2026,36.55,38.35,38.35,38.35,38.35,38.35,38.35,16000,6.14,6,16000,100.00
UTKARSHBNK,EQ,24-Jul-2026,14.46,14.4,14.53,14.15,14.46,14.45,14.37,3841832,552.18,6500,1820105,47.38
UTLSOLAR,EQ,24-Jul-2026,375.95,370.05,389.75,368.05,383.35,383.8,382.18,355697,1359.41,15886,168750,47.44
UTSSAV,ST,24-Jul-2026,538.6,539.0,539.0,515.0,529.0,517.0,525.38,16800,88.26,26,16200,96.43
UTTAMSUGAR,EQ,24-Jul-2026,228.73,229.0,229.39,225.74,229.0,228.46,227.68,39135,89.1,827,17330,44.28
UYFINCORP,EQ,24-Jul-2026,19.25,19.01,19.29,18.22,18.63,18.57,18.65,423697,79.0,1336,275962,65.13
V2RETAIL,EQ,24-Jul-2026,220.21,218.0,221.94,216.09,221.94,219.29,218.72,459515,1005.06,13350,204292,44.46
VADILALIND,EQ,24-Jul-2026,6749.5,6739.5,6774.0,6627.0,6717.0,6710.5,6695.57,6278,420.35,1460,2396,38.17
VAIBHAVGBL,EQ,24-Jul-2026,254.99,252.5,254.39,245.64,253.0,251.94,250.23,649583,1625.42,15506,190576,29.34
VAISHALI,BE,24-Jul-2026,7.77,8.04,8.04,7.61,7.81,7.76,7.73,54799,4.24,74,-,-
VAKRANGEE,EQ,24-Jul-2026,5.76,5.76,5.89,5.68,5.84,5.81,5.77,1065096,61.5,1453,567023,53.24
VAL30IETF,EQ,24-Jul-2026,15.32,15.2,15.35,15.12,15.35,15.27,15.23,154077,23.47,623,79214,51.41
VALIANTLAB,BE,24-Jul-2026,62.26,62.26,62.43,59.15,61.75,61.5,60.65,9045,5.49,64,-,-
VALIANTORG,BE,24-Jul-2026,263.95,261.05,273.0,259.05,269.95,262.85,264.84,8817,23.35,142,-,-
VALUE,EQ,24-Jul-2026,16.01,15.91,16.0,15.81,16.0,15.99,15.89,77948,12.38,96,51457,66.01
VALUE360,SM,24-Jul-2026,77.75,77.95,80.0,77.2,80.0,80.0,78.66,8400,6.61,7,7200,85.71
VALUEAXIS,EQ,24-Jul-2026,32.52,32.53,32.78,32.18,32.47,32.55,32.37,66296,21.46,346,34884,52.62
VAML,EQ,24-Jul-2026,436.85,432.0,439.95,427.1,437.7,435.6,435.39,4905988,21360.22,91555,3328454,67.84
VARDHACRLC,BE,24-Jul-2026,42.1,42.0,42.9,41.5,41.99,41.95,41.88,13310,5.57,124,-,-
VARDMNPOLY,EQ,24-Jul-2026,6.11,6.1,6.11,5.96,6.08,6.01,6.02,133102,8.01,401,72134,54.19
VARROC,EQ,24-Jul-2026,640.75,639.5,646.6,629.55,645.5,642.75,640.71,197767,1267.11,4354,175375,88.68
VASCONEQ,BE,24-Jul-2026,32.12,32.48,32.48,31.56,32.3,32.33,32.0,100491,32.16,478,-,-
VASWANI,EQ,24-Jul-2026,52.37,53.3,53.4,51.5,52.98,52.52,52.45,12896,6.76,248,7215,55.95
VBL,EQ,24-Jul-2026,459.05,452.0,459.5,451.15,457.7,457.2,455.78,2597541,11839.0,44141,1358412,52.30
VCL,EQ,24-Jul-2026,1.02,1.0,1.05,0.99,1.01,0.99,1.01,200714,2.02,210,146988,73.23
VDEAL,SM,24-Jul-2026,158.0,158.0,158.0,148.6,153.5,153.5,151.38,3600,5.45,6,2400,66.67
VEDL,EQ,24-Jul-2026,264.6,262.0,266.05,260.1,264.95,264.65,262.91,6744189,17730.89,60551,3340985,49.54
VEDPOWER,EQ,24-Jul-2026,34.65,34.54,35.42,33.88,35.18,35.01,34.75,20588022,7154.94,45290,6662896,32.36
VEEDOL,EQ,24-Jul-2026,1396.3,1405.0,1409.0,1384.0,1409.0,1398.8,1395.58,4754,66.35,726,2664,56.04
VEEKAYEM,ST,24-Jul-2026,128.0,122.0,122.0,122.0,122.0,122.0,122.0,500,0.61,1,500,100.00
VELJAN,BE,24-Jul-2026,1780.0,1771.1,1869.0,1720.0,1818.0,1743.8,1829.66,3392,62.06,157,-,-
VENKEYS,EQ,24-Jul-2026,1508.5,1509.1,1534.8,1490.1,1506.2,1505.2,1507.3,54554,822.29,4151,27922,51.18
VENTIVE,EQ,24-Jul-2026,615.3,610.0,623.85,601.2,623.0,617.75,610.11,14839,90.53,1466,6977,47.02
VENUSPIPES,EQ,24-Jul-2026,1683.3,1671.9,1714.9,1658.9,1704.0,1700.1,1688.69,62206,1050.47,8152,24041,38.65
VENUSREM,BE,24-Jul-2026,1655.6,1639.9,1682.0,1572.9,1646.7,1649.0,1618.97,37108,600.77,1404,-,-
VERA,SM,24-Jul-2026,74.55,78.25,78.25,78.25,78.25,78.25,78.25,6000,4.7,1,6000,100.00
VERANDA,EQ,24-Jul-2026,236.62,235.0,235.19,230.0,234.4,233.78,232.91,64532,150.3,2063,30357,47.04
VERTOZ,BE,24-Jul-2026,35.29,34.0,36.25,34.0,35.75,35.58,35.44,19745,7.0,172,-,-
VESUVIUS,EQ,24-Jul-2026,446.3,445.0,453.85,441.05,453.25,452.3,449.43,25481,114.52,2175,9917,38.92
VETO,BE,24-Jul-2026,120.11,119.13,125.83,117.59,122.18,121.5,121.12,25085,30.38,231,-,-
VGINFOTECH,SM,24-Jul-2026,152.65,151.0,156.0,151.0,154.5,153.7,154.31,32000,49.38,28,19000,59.38
VGL,EQ,24-Jul-2026,62.11,61.8,63.28,60.62,61.89,61.2,61.43,14908,9.16,666,5948,39.90
VGUARD,EQ,24-Jul-2026,294.4,294.0,294.0,288.8,291.1,290.8,290.79,251907,732.52,14276,159780,63.43
VHL,EQ,24-Jul-2026,3477.6,3480.0,3570.0,3450.0,3501.0,3503.3,3490.49,564,19.69,78,509,90.25
VHLTD,BE,24-Jul-2026,131.3,133.18,133.18,129.0,132.0,131.99,131.64,5341,7.03,63,-,-
VIAZ,SM,24-Jul-2026,61.8,61.0,61.0,61.0,61.0,61.0,61.0,6000,3.66,1,6000,100.00
VICTORYEV,ST,24-Jul-2026,16.4,16.1,16.95,15.7,16.95,16.95,16.23,21000,3.41,7,21000,100.00
VIDHIING,EQ,24-Jul-2026,304.45,308.9,315.0,300.15,315.0,310.55,308.26,29756,91.73,1028,21124,70.99
VIDYAWIRES,EQ,24-Jul-2026,88.05,87.55,89.89,86.41,88.0,88.54,88.4,957456,846.39,7671,441083,46.07
VIESL,SM,24-Jul-2026,307.4,307.4,316.0,307.4,316.0,314.25,311.99,8800,27.45,9,7200,81.82
VIGOR,ST,24-Jul-2026,94.0,94.85,98.0,90.05,98.0,98.0,94.21,27200,25.62,15,25600,94.12
VIJAYA,EQ,24-Jul-2026,1318.8,1300.0,1322.3,1291.0,1320.0,1313.9,1308.81,46949,614.47,5924,20235,43.10
VIJAYPD,SM,24-Jul-2026,63.0,63.0,64.0,62.35,63.95,63.95,63.13,14000,8.84,7,12000,85.71
VIJIFIN,BE,24-Jul-2026,9.09,9.27,9.27,9.27,9.27,9.27,9.27,661303,61.3,219,-,-
VIKASECO,EQ,24-Jul-2026,1.1,1.11,1.14,1.1,1.12,1.11,1.11,2160292,24.01,1465,1181463,54.69
VIKASLIFE,EQ,24-Jul-2026,1.28,1.28,1.36,1.28,1.32,1.31,1.31,3308484,43.51,11690,1171169,35.40
VIKRAMSOLR,EQ,24-Jul-2026,183.75,182.8,183.28,179.5,183.0,182.8,181.79,1004475,1826.07,12244,445529,44.35
VIKRAN,EQ,24-Jul-2026,71.82,70.96,71.6,70.01,71.47,71.43,70.9,934117,662.3,5811,327118,35.02
VILAS,SM,24-Jul-2026,358.1,358.1,366.95,351.0,355.5,357.55,357.3,12750,45.56,47,8250,64.71
VIMTALABS,EQ,24-Jul-2026,563.5,563.5,574.8,553.0,568.95,570.45,563.84,257296,1450.74,9584,76783,29.84
VINATIORGA,EQ,24-Jul-2026,1291.6,1291.6,1309.0,1275.9,1309.0,1300.1,1289.56,27386,353.16,3805,13073,47.74
VINCOFE,EQ,24-Jul-2026,156.53,155.01,157.2,154.55,156.5,156.18,155.98,1501128,2341.53,8717,470861,31.37
VINDHYATEL,EQ,24-Jul-2026,1851.8,1821.9,1900.9,1810.0,1890.0,1886.0,1860.66,16872,313.93,3152,6102,36.17
VINEETLAB,BE,24-Jul-2026,37.4,38.4,39.27,36.31,38.6,38.52,38.03,73138,27.81,154,-,-
VINNY,EQ,24-Jul-2026,1.08,1.08,1.09,1.06,1.07,1.07,1.07,123100,1.32,134,103491,84.07
VINSYS,ST,24-Jul-2026,518.1,524.5,530.0,519.0,520.0,522.1,524.78,8000,41.98,28,7500,93.75
VINYAS,SM,24-Jul-2026,1270.9,1226.0,1299.0,1225.0,1271.2,1272.75,1255.54,8200,102.95,56,7100,86.59
VINYLINDIA,EQ,24-Jul-2026,242.0,241.0,243.0,236.35,243.0,242.65,240.02,8317,19.96,516,3749,45.08
VIPCLOTHNG,BE,24-Jul-2026,22.02,21.59,22.1,21.25,21.74,21.37,21.56,41080,8.86,173,-,-
VIPIND,EQ,24-Jul-2026,290.85,290.85,296.7,288.0,293.1,295.4,291.66,147769,430.98,2798,84591,57.25
VIPULLTD,BE,24-Jul-2026,12.75,12.12,12.9,12.12,12.12,12.12,12.18,202134,24.61,335,-,-
VIRINCHI,EQ,24-Jul-2026,15.63,15.63,15.8,15.12,15.7,15.53,15.44,32597,5.03,207,21727,66.65
VISACHROME,BE,24-Jul-2026,38.0,37.0,38.0,36.49,37.68,36.9,36.99,29423,10.88,109,-,-
VISAKAIND,EQ,24-Jul-2026,80.24,80.0,80.6,79.01,79.73,79.85,79.88,63946,51.08,1048,35703,55.83
VISHNU,EQ,24-Jul-2026,620.7,615.5,634.75,611.5,630.75,632.4,622.61,132409,824.39,6776,63066,47.63
VISHNUINFR,SM,24-Jul-2026,160.2,155.0,155.35,154.95,155.0,155.0,155.05,5500,8.53,8,4500,81.82
VISHWARAJ,EQ,24-Jul-2026,5.26,5.27,5.27,5.1,5.23,5.19,5.19,138587,7.19,419,97250,70.17
VISHWAS,ST,24-Jul-2026,45.65,44.8,44.8,44.8,44.8,44.8,44.8,3200,1.43,2,3200,100.00
VISL,EQ,24-Jul-2026,31.1,30.95,31.25,30.2,30.49,30.35,30.61,32371875,9909.55,53589,13861081,42.82
VITAL,BE,24-Jul-2026,47.45,47.0,47.0,46.8,46.8,46.8,46.98,6006,2.82,12,-,-
VIVIANA,BE,24-Jul-2026,715.4,715.0,715.0,695.0,699.5,697.45,701.24,18114,127.02,431,-,-
VIVIDEL,ST,24-Jul-2026,1258.55,1254.95,1321.45,1235.0,1315.0,1315.0,1287.34,28320,364.57,74,27120,95.76
VIVIDHA,EQ,24-Jul-2026,0.51,0.51,0.54,0.51,0.53,0.53,0.53,332341,1.76,154,202504,60.93
VIVIMEDLAB,BE,24-Jul-2026,5.17,5.17,5.25,5.11,5.25,5.18,5.17,31017,1.6,79,-,-
VIYASH,EQ,24-Jul-2026,253.25,250.7,254.75,248.0,251.0,250.9,250.72,926335,2322.47,16300,537076,57.98
VLEGOV,BE,24-Jul-2026,10.7,10.49,10.49,10.49,10.49,10.49,10.49,40962,4.3,105,-,-
VLSFINANCE,EQ,24-Jul-2026,254.05,252.05,255.4,252.05,253.55,253.5,253.86,3068,7.79,131,2115,68.94
VMARCIND,SM,24-Jul-2026,280.6,281.0,284.5,272.8,281.0,280.0,278.39,132000,367.47,78,63000,47.73
VMART,EQ,24-Jul-2026,759.7,758.0,792.3,715.0,716.0,724.65,759.96,1110278,8437.68,65139,159445,14.36
VMM,EQ,24-Jul-2026,109.87,109.11,109.3,106.8,108.1,108.04,108.13,11375041,12299.31,67501,4717543,41.47
VMOBILE,SM,24-Jul-2026,67.85,64.5,64.65,64.5,64.5,64.5,64.5,179200,115.59,101,148800,83.04
VMSTMT,BE,24-Jul-2026,44.2,43.99,44.89,43.99,44.5,44.05,44.09,9380,4.14,118,-,-
VOEPL,EQ,24-Jul-2026,498.6,496.1,512.95,480.65,483.0,484.05,498.92,136848,682.77,3227,47398,34.64
VOGL,EQ,24-Jul-2026,32.78,32.5,34.52,32.12,34.4,34.23,33.56,42802896,14366.11,70539,12636718,29.52
VOLERCAR,SM,24-Jul-2026,217.1,235.0,235.0,235.0,235.0,235.0,235.0,800,1.88,1,800,100.00
VOLTAMP,EQ,24-Jul-2026,9304.0,9245.0,9280.0,9110.0,9175.0,9180.0,9200.33,21326,1962.06,7389,13316,62.44
VOLTAS,EQ,24-Jul-2026,1310.2,1303.4,1333.2,1291.0,1326.0,1327.3,1316.19,569448,7495.03,18242,217597,38.21
VPRPL,BE,24-Jul-2026,27.46,28.0,28.0,28.0,28.0,28.0,28.0,88917,24.9,118,-,-
VRAJ,EQ,24-Jul-2026,131.75,132.0,132.0,122.11,129.0,129.21,126.91,44159,56.04,857,30551,69.18
VRLLOG,EQ,24-Jul-2026,241.4,239.7,248.42,237.0,245.0,243.11,242.24,483055,1170.14,10202,310415,64.26
VSCL,ST,24-Jul-2026,29.0,29.0,29.0,29.0,29.0,29.0,29.0,3000,0.87,1,3000,100.00
VSSL,EQ,24-Jul-2026,297.7,292.3,298.4,288.85,295.3,296.25,294.03,99167,291.58,2896,38825,39.15
VSTIND,EQ,24-Jul-2026,227.9,229.0,232.95,226.55,230.0,230.05,229.53,338023,775.88,7954,97860,28.95
VSTL,EQ,24-Jul-2026,109.94,111.93,111.97,109.32,110.05,111.14,110.84,5999,6.65,130,5125,85.43
VSTTILLERS,EQ,24-Jul-2026,4412.0,4410.0,4484.1,4355.2,4400.0,4416.7,4429.5,5308,235.12,1222,2915,54.92
VTL,EQ,24-Jul-2026,610.1,606.3,620.0,598.05,618.7,614.6,609.98,130927,798.63,9225,60056,45.87
WAAREEENER,EQ,24-Jul-2026,2711.8,2700.0,2718.0,2678.0,2707.9,2702.0,2698.7,431356,11640.99,28393,161619,37.47
WAAREEINDO,EQ,24-Jul-2026,371.2,352.65,352.65,352.65,352.65,352.65,352.65,23322,82.25,467,23322,100.00
WAAREERTL,EQ,24-Jul-2026,943.4,945.0,950.3,920.6,937.5,932.0,930.02,276473,2571.26,16958,81300,29.41
WABAG,EQ,24-Jul-2026,2057.3,2045.0,2067.2,2011.0,2040.4,2041.2,2038.43,318035,6482.91,25261,122607,38.55
WAKEFIT,EQ,24-Jul-2026,134.18,134.49,137.16,123.25,131.49,129.7,128.7,17371629,22356.45,91097,1795836,10.34
WALCHANNAG,EQ,24-Jul-2026,237.7,234.1,239.85,232.9,236.65,237.1,236.35,430554,1017.6,6102,164536,38.21
WANBURY,EQ,24-Jul-2026,329.3,329.3,334.85,323.5,332.0,331.9,330.35,190197,628.31,5502,89440,47.02
WCIL,EQ,24-Jul-2026,89.24,89.5,90.38,88.1,90.1,89.98,89.18,39052,34.83,1109,20728,53.08
WEALTH,EQ,24-Jul-2026,962.35,942.65,974.9,925.1,955.0,940.25,947.4,2809,26.61,383,1979,70.45
WEBELSOLAR,EQ,24-Jul-2026,100.16,99.12,100.56,97.86,99.99,99.77,99.13,1370328,1358.43,8902,691836,50.49
WEIZMANIND,EQ,24-Jul-2026,78.0,76.8,79.36,76.8,77.2,77.19,77.54,881,0.68,38,705,80.02
WEL,EQ,24-Jul-2026,101.45,101.26,110.0,98.54,106.5,107.24,104.87,435717,456.94,2902,172784,39.66
WELCORP,EQ,24-Jul-2026,1612.8,1596.8,1622.4,1566.2,1591.0,1596.9,1593.04,843386,13435.47,56429,205548,24.37
WELENT,EQ,24-Jul-2026,602.0,600.0,604.3,591.1,597.1,598.8,597.75,112104,670.1,8526,56873,50.73
WELINV,BE,24-Jul-2026,1810.4,1810.4,1899.0,1810.4,1898.0,1898.0,1894.94,137,2.6,11,-,-
WELSPLSOL,EQ,24-Jul-2026,49.35,49.35,51.98,48.75,51.25,51.3,50.46,752175,379.53,5550,192204,25.55
WELSPUNLIV,EQ,24-Jul-2026,164.99,163.19,163.91,160.31,162.15,162.0,162.06,855247,1386.05,10321,322785,37.74
WENDT,EQ,24-Jul-2026,7426.0,7427.0,8295.5,7300.0,8106.0,8074.5,7913.86,43930,3476.56,12169,11198,25.49
WESTLIFE,EQ,24-Jul-2026,477.8,475.0,476.85,454.5,455.35,459.15,462.51,192069,888.34,6803,94884,49.40
WEWIN,BE,24-Jul-2026,47.34,47.85,47.85,47.33,47.33,47.33,47.33,203,0.1,4,-,-
WEWORK,EQ,24-Jul-2026,700.0,695.0,714.9,686.6,714.5,711.95,701.47,100600,705.68,8788,39175,38.94
WHEELS,EQ,24-Jul-2026,1445.2,1441.0,1450.9,1410.2,1445.8,1441.7,1434.57,51097,733.02,6500,14763,28.89
WHIRLPOOL,EQ,24-Jul-2026,770.75,763.1,774.1,757.25,772.1,771.45,765.64,138135,1057.62,8241,48052,34.79
WHITEFORCE,ST,24-Jul-2026,44.1,41.9,41.9,41.9,41.9,41.9,41.9,1600,0.67,1,1600,100.00
WILLAMAGOR,EQ,24-Jul-2026,25.5,25.2,26.46,25.01,25.27,25.27,25.36,186,0.05,10,184,98.92
WINDLAS,EQ,24-Jul-2026,861.45,861.45,863.95,835.55,852.0,857.95,849.39,31663,268.94,2995,17060,53.88
WINDMACHIN,EQ,24-Jul-2026,291.35,291.0,295.7,285.0,291.65,292.2,290.2,23870,69.27,1137,9616,40.28
WINSOL,SM,24-Jul-2026,115.2,113.5,114.05,113.5,113.5,113.5,113.76,3200,3.64,8,2400,75.00
WINSOME,BZ,24-Jul-2026,2.31,2.27,2.35,2.27,2.35,2.35,2.27,44513,1.01,24,-,-
WIPL,EQ,24-Jul-2026,164.8,166.59,171.0,163.0,164.0,165.06,166.53,683,1.14,34,493,72.18
WIPRO,EQ,24-Jul-2026,174.82,174.0,177.9,172.8,176.55,177.12,176.09,13282944,23390.48,83516,5554372,41.82
WOCKPHARMA,EQ,24-Jul-2026,1849.7,1835.1,1859.0,1825.7,1844.0,1849.2,1845.64,330095,6092.37,16865,137675,41.71
WOL3D,ST,24-Jul-2026,137.0,131.15,131.5,130.15,130.3,130.3,130.78,4000,5.23,4,3000,75.00
WOMANCART,SM,24-Jul-2026,98.1,103.45,107.0,96.0,96.4,96.4,98.21,16000,15.71,35,7600,47.50
WONDERLA,EQ,24-Jul-2026,464.6,464.0,470.85,456.2,470.0,468.75,462.91,50265,232.68,2947,27797,55.30
WORTHPERI,EQ,24-Jul-2026,140.77,142.0,145.0,138.67,143.5,142.83,141.97,10071,14.3,91,7681,76.27
WPIL,EQ,24-Jul-2026,442.55,442.5,507.9,431.75,442.7,450.45,460.95,686898,3166.28,28809,111131,16.18
WSI,EQ,24-Jul-2026,61.4,61.4,63.29,60.1,62.1,62.31,61.05,86023,52.51,734,61968,72.04
WSTCSTPAPR,EQ,24-Jul-2026,560.7,559.0,562.15,543.5,553.45,553.55,551.0,272324,1500.5,14126,109461,40.20
WTICAB,SM,24-Jul-2026,119.85,118.5,120.7,113.85,118.15,118.15,118.19,10000,11.82,19,5500,55.00
XCHANGING,EQ,24-Jul-2026,63.91,63.6,64.5,62.7,64.0,64.04,63.56,92873,59.03,1110,59392,63.95
XELPMOC,EQ,24-Jul-2026,80.47,80.5,82.2,76.0,81.84,81.19,79.06,27473,21.72,797,16871,61.41
XPROINDIA,EQ,24-Jul-2026,1351.5,1356.9,1400.0,1329.1,1392.0,1386.2,1370.92,12812,175.64,1750,6365,49.68
XTGLOBAL,EQ,24-Jul-2026,28.25,28.16,28.25,27.05,28.25,27.99,27.94,133769,37.37,294,103496,77.37
YAAP,ST,24-Jul-2026,153.0,152.0,156.0,152.0,156.0,156.0,155.51,19000,29.55,5,19000,100.00
YASHO,EQ,24-Jul-2026,3079.0,3080.3,3120.0,3030.0,3043.0,3072.0,3074.39,9430,289.91,2139,4972,52.73
YASHOPTICS,SM,24-Jul-2026,108.85,112.0,113.5,110.2,113.5,112.15,111.61,12000,13.39,13,10400,86.67
YATHARTH,EQ,24-Jul-2026,841.6,836.0,849.85,825.2,835.25,838.8,836.85,148599,1243.55,9308,77285,52.01
YATRA,EQ,24-Jul-2026,107.45,105.81,108.21,105.21,107.99,107.67,107.15,644181,690.21,8022,240463,37.33
YCCL,SM,24-Jul-2026,10.0,9.4,9.4,9.35,9.35,9.35,9.38,6000,0.56,2,6000,100.00
YESBANK,EQ,24-Jul-2026,22.93,22.82,23.02,22.64,23.0,22.95,22.83,53804519,12281.19,65217,20411670,37.94
YUDIZ,SM,24-Jul-2026,24.0,22.8,23.0,22.8,23.0,23.0,22.84,4000,0.91,5,3200,80.00
YUKEN,EQ,24-Jul-2026,709.75,709.65,719.5,703.6,719.5,708.25,706.18,2722,19.22,156,2023,74.32
ZAGGLE,EQ,24-Jul-2026,201.15,200.5,202.32,198.9,201.3,199.97,200.09,676394,1353.38,10303,333233,49.27
ZEAL,SM,24-Jul-2026,63.0,63.0,63.0,62.0,62.0,62.0,62.67,1800,1.13,3,1800,100.00
ZEEL,EQ,24-Jul-2026,103.42,102.8,106.9,101.2,105.97,105.46,103.79,13489797,14001.2,41497,3446312,25.55
ZEELEARN,BE,24-Jul-2026,8.08,8.08,8.2,8.0,8.15,8.02,8.08,252957,20.45,346,-,-
ZEEMEDIA,EQ,24-Jul-2026,7.87,7.95,8.0,7.79,7.99,7.97,7.92,393336,31.14,1041,276000,70.17
ZENITHDRUG,SM,24-Jul-2026,48.95,49.0,49.25,49.0,49.25,49.25,49.18,8000,3.93,7,6400,80.00
ZENITHEXPO,EQ,24-Jul-2026,198.9,190.41,202.0,190.4,200.0,200.17,196.43,197,0.39,15,111,56.35
ZENITHSTL,EQ,24-Jul-2026,5.66,5.51,6.19,5.51,5.85,5.83,5.95,217603,12.95,475,137873,63.36
ZENSARTECH,EQ,24-Jul-2026,487.05,487.0,510.0,484.0,504.9,505.9,498.4,4472153,22289.26,75863,408317,9.13
ZENTEC,EQ,24-Jul-2026,1800.7,1783.0,1792.0,1746.0,1768.0,1768.7,1765.55,228777,4039.17,16512,83837,36.65
ZFCVINDIA,EQ,24-Jul-2026,2365.8,2368.3,2386.0,2260.0,2334.0,2320.6,2325.95,319971,7442.37,36160,105419,32.95
ZFSTEERING,EQ,24-Jul-2026,665.95,666.05,798.9,652.1,698.0,694.15,711.62,47046,334.79,2268,12777,27.16
ZIMLAB,BE,24-Jul-2026,118.85,121.22,121.22,120.4,120.4,120.4,121.15,13054,15.82,48,-,-
ZODIAC,BE,24-Jul-2026,254.7,255.0,257.0,246.05,252.0,251.25,249.6,8084,20.18,354,-,-
ZODIACLOTH,EQ,24-Jul-2026,76.15,75.99,76.0,74.16,76.0,75.84,75.5,3968,3.0,90,2577,64.94
ZOTA,EQ,24-Jul-2026,1296.4,1294.0,1294.0,1244.2,1260.0,1258.4,1259.26,50694,638.37,4203,31875,62.88
ZSARACOM,EQ,24-Jul-2026,12918.5,12650.0,12900.0,12168.5,12880.0,12364.5,12432.99,58,7.21,24,50,86.21
ZTECH,SM,24-Jul-2026,541.35,535.0,535.0,505.1,527.65,524.15,521.8,23400,122.1,71,14400,61.54
ZUARI,EQ,24-Jul-2026,220.7,219.9,224.99,215.25,221.5,219.86,218.64,79247,173.26,3616,37075,46.78
ZUARIIND,EQ,24-Jul-2026,256.1,255.0,259.8,251.2,257.75,257.0,256.91,16395,42.12,533,8868,54.09
ZYDUSLIFE,EQ,24-Jul-2026,1113.8,1109.0,1119.6,1099.0,1111.8,1108.7,1108.0,837032,9274.32,30275,447545,53.47
ZYDUSWELL,EQ,24-Jul-2026,550.9,554.0,567.95,544.05,565.0,563.05,555.23,212435,1179.51,12325,76046,35.80
