SYMBOL,SERIES,DATE1,PREV_CLOSE,OPEN_PRICE,HIGH_PRICE,LOW_PRICE,LAST_PRICE,CLOSE_PRICE,AVG_PRICE,TTL_TRD_QNTY,TURNOVER_LACS,NO_OF_TRADES,DELIV_QTY,DELIV_PER
1018GS2026,GS,11-Aug-2026,104.4,104.65,104.65,104.65,104.65,104.65,104.65,101,0.11,5,101,100.00
20MICRONS,EQ,11-Aug-2026,188.53,189.5,189.5,185.34,186.35,185.92,186.94,68836,128.68,1922,38375,55.75
21STCENMGM,EQ,11-Aug-2026,43.17,42.31,42.31,42.31,42.31,42.31,42.31,1953,0.83,26,1953,100.00
360ONE,EQ,11-Aug-2026,1175.6,1162.2,1176.7,1147.8,1168.0,1168.0,1164.52,477268,5557.87,28987,230844,48.37
3BBLACKBIO,EQ,11-Aug-2026,1244.6,1240.0,1241.0,1188.0,1205.5,1208.0,1211.8,6179,74.88,819,3115,50.41
3IINFOLTD,EQ,11-Aug-2026,27.13,27.34,27.73,27.06,27.55,27.6,27.39,1500401,411.03,4268,789146,52.60
3MINDIA,EQ,11-Aug-2026,35900.0,36200.0,36470.0,35740.0,36065.0,36115.0,36054.99,3128,1127.8,1433,938,29.99
3PLAND,EQ,11-Aug-2026,31.5,31.85,32.45,31.47,32.1,32.17,32.0,59969,19.19,144,58143,96.96
574GS2026,GS,11-Aug-2026,101.45,101.45,101.45,101.45,101.45,101.45,101.45,101,0.1,2,101,100.00
591GS2028,GS,11-Aug-2026,100.55,100.55,100.55,100.55,100.55,100.55,100.55,2,0.0,2,2,100.00
5PAISA,EQ,11-Aug-2026,384.4,384.4,389.0,375.1,381.0,377.35,382.56,30571,116.95,1835,14920,48.80
601GS2028,GS,11-Aug-2026,102.0,102.0,102.0,102.0,102.0,102.0,102.0,2,0.0,2,2,100.00
601GS2030,GS,11-Aug-2026,101.2,101.2,101.2,97.51,101.2,101.2,98.05,701,0.69,8,701,100.00
603GS2029,GS,11-Aug-2026,100.36,100.36,100.36,100.36,100.36,100.36,100.36,108,0.11,3,108,100.00
610GS2031,GS,11-Aug-2026,101.0,101.0,101.0,97.71,97.71,97.71,97.72,1002,0.98,3,1002,100.00
613GS2028,GS,11-Aug-2026,100.66,100.66,100.66,100.66,100.66,100.66,100.66,1,0.0,1,1,100.00
633GS2035,GS,11-Aug-2026,101.0,101.0,101.0,101.0,101.0,101.0,101.0,1,0.0,1,1,100.00
636GS2031,GS,11-Aug-2026,102.5,102.5,102.5,101.1,102.1,102.1,101.86,509,0.52,9,509,100.00
63MOONS,EQ,11-Aug-2026,861.1,859.1,878.0,855.0,858.0,858.65,863.84,169985,1468.4,4929,72696,42.77
645GS2029,GS,11-Aug-2026,102.07,102.07,102.07,102.07,102.07,102.07,102.07,1,0.0,1,1,100.00
648GS2035,GS,11-Aug-2026,100.0,100.0,100.0,99.5,99.5,99.5,99.67,149,0.15,3,149,100.00
654GS2032,GS,11-Aug-2026,100.88,100.0,100.0,100.0,100.0,100.0,100.0,15000,15.0,1,15000,100.00
662GS2051,GS,11-Aug-2026,92.77,92.77,92.77,92.45,92.45,92.45,92.61,2,0.0,2,2,100.00
667GS2050,GS,11-Aug-2026,92.8,92.8,93.69,92.8,93.69,93.69,92.9,9,0.01,3,9,100.00
668GS2033,GS,11-Aug-2026,98.85,100.0,100.0,99.7,99.7,99.91,99.96,200,0.2,5,200,100.00
668GS2040,GS,11-Aug-2026,98.35,98.35,98.35,96.5,97.6,97.6,97.47,301,0.29,5,201,66.78
676GS2061,GS,11-Aug-2026,93.95,93.95,94.3,93.7,93.7,93.7,93.95,50545,47.49,6,50544,100.00
68GS2060,GS,11-Aug-2026,93.51,93.7,93.7,93.0,93.0,93.0,93.07,83,0.08,11,83,100.00
690GS2065,GS,11-Aug-2026,94.28,94.5,94.8,93.92,94.45,93.92,94.5,2935,2.77,11,2933,99.93
692GS2039,GS,11-Aug-2026,101.4,101.0,101.0,101.0,101.0,101.0,101.0,3,0.0,1,3,100.00
695GS2061,GS,11-Aug-2026,94.4,94.5,94.5,93.8,93.8,93.8,94.14,266,0.25,5,266,100.00
698GR2054,GS,11-Aug-2026,96.9,96.9,96.9,96.9,96.9,96.9,96.9,1,0.0,1,1,100.00
702GS2027,GS,11-Aug-2026,100.81,100.86,100.86,100.86,100.86,100.86,100.86,600,0.61,2,600,100.00
702GS2031,GS,11-Aug-2026,102.8,102.85,102.85,102.85,102.85,102.85,102.85,359,0.37,1,359,100.00
706GS2028,GS,11-Aug-2026,103.23,103.4,103.49,103.4,103.4,103.4,103.4,48564,50.22,4,48564,100.00
706GS2046,GS,11-Aug-2026,103.0,101.0,103.0,100.5,102.5,102.5,100.8,2507,2.53,9,2502,99.80
709GS2054,GS,11-Aug-2026,96.5,96.6,96.8,95.36,96.3,96.3,96.39,25577,24.65,35,25577,100.00
709GS2074,GS,11-Aug-2026,95.7,96.1,96.1,95.71,95.85,95.85,95.79,8842,8.47,21,7267,82.19
710GS2029,GS,11-Aug-2026,105.0,103.5,103.5,103.5,103.5,103.5,103.5,200,0.21,1,200,100.00
717GS2028,GS,11-Aug-2026,102.0,100.46,101.0,100.46,101.0,101.0,100.73,940,0.95,3,470,50.00
718GS2033,GS,11-Aug-2026,105.6,104.63,104.63,104.61,104.61,104.61,104.61,8600,9.0,2,8600,100.00
718GS2037,GS,11-Aug-2026,102.9,102.5,102.98,102.01,102.9,102.66,102.58,32664,33.51,18,29860,91.42
719GS2060,GS,11-Aug-2026,101.9,100.0,100.0,100.0,100.0,100.0,100.0,4,0.0,1,4,100.00
723GS2039,GS,11-Aug-2026,104.6,104.6,104.6,104.55,104.6,104.6,104.58,201,0.21,3,201,100.00
724GS2055,GS,11-Aug-2026,101.2,101.95,101.95,100.61,101.4,101.4,101.39,5264,5.34,11,5263,99.98
725GS2063,GS,11-Aug-2026,97.94,98.3,98.3,97.56,97.6,97.59,97.76,224908,219.86,95,222492,98.93
726GS2032,GS,11-Aug-2026,107.1,106.5,106.5,106.5,106.5,106.5,106.5,7603,8.1,2,7603,100.00
726GS2033,GS,11-Aug-2026,102.86,102.25,103.0,102.25,103.0,103.0,102.64,21600,22.17,9,21000,97.22
734GS2064,GS,11-Aug-2026,99.68,99.68,99.9,99.51,99.79,99.79,99.71,3978,3.97,11,3978,100.00
735NABAR31,N1,11-Aug-2026,1114.99,1115.0,1115.0,1115.0,1115.0,1115.0,1115.0,20,0.22,2,20,100.00
736GS2052,GS,11-Aug-2026,103.0,102.0,103.75,102.0,103.75,103.75,103.71,3000,3.11,4,3000,100.00
737GS2028,GS,11-Aug-2026,105.95,104.88,106.5,103.7,106.5,106.1,105.28,455,0.48,5,455,100.00
738GS2027,GS,11-Aug-2026,102.42,102.42,103.5,102.2,102.25,102.53,102.5,46536,47.7,17,46496,99.91
73GS2053,GS,11-Aug-2026,99.95,99.95,99.95,99.5,99.65,99.57,99.71,9896,9.87,20,9818,99.21
741GS2036,GS,11-Aug-2026,105.45,105.6,105.6,104.6,104.95,104.95,104.72,10752,11.26,7,10752,100.00
743GS2076,GS,11-Aug-2026,100.5,100.0,100.0,99.1,99.2,99.33,99.54,40800,40.61,65,40700,99.75
746GS2073,GS,11-Aug-2026,100.9,101.15,101.15,100.15,101.0,101.0,101.04,1905,1.92,7,1904,99.95
74GS2062,GS,11-Aug-2026,103.75,103.0,104.0,101.0,102.0,102.0,102.46,2144,2.2,4,2144,100.00
750GS2056,GS,11-Aug-2026,101.0,103.35,103.35,101.0,101.0,101.0,101.95,124,0.13,4,124,100.00
754GS2036,GS,11-Aug-2026,106.81,106.85,106.9,106.65,106.75,106.67,106.76,452112,482.66,150,441966,97.76
763GS2059,GS,11-Aug-2026,105.6,105.0,105.0,105.0,105.0,105.0,105.0,10,0.01,1,10,100.00
771GS2066,GS,11-Aug-2026,104.4,104.0,104.99,104.0,104.3,104.3,104.18,3358,3.5,17,2154,64.15
772GS2055,GS,11-Aug-2026,106.0,105.0,106.0,105.0,106.0,106.0,105.91,220,0.23,2,220,100.00
795GS2032,GS,11-Aug-2026,110.25,109.5,109.5,109.5,109.5,109.5,109.5,999,1.09,2,999,100.00
813GS2045,GS,11-Aug-2026,113.99,113.99,113.99,113.99,113.99,113.99,113.99,1,0.0,1,1,100.00
828GS2027,GS,11-Aug-2026,167.35,167.35,167.35,167.35,167.35,167.35,167.35,1,0.0,1,1,100.00
897GS2030,GS,11-Aug-2026,114.49,111.02,114.0,111.0,112.0,111.76,112.0,6411,7.18,14,5034,78.52
A2ZINFRA,EQ,11-Aug-2026,16.6,16.3,16.58,15.77,15.81,15.82,15.95,446560,71.24,847,248939,55.75
AAATECH,EQ,11-Aug-2026,99.48,101.98,101.98,96.81,98.39,97.98,98.92,19795,19.58,702,14065,71.05
AADHARHFC,EQ,11-Aug-2026,501.65,501.55,506.3,495.0,500.05,501.55,500.53,157842,790.04,10102,69596,44.09
AAKAAR,SM,11-Aug-2026,57.5,58.0,58.0,57.5,57.6,57.6,57.73,14400,8.31,9,14400,100.00
AAKASH,EQ,11-Aug-2026,9.04,9.06,9.14,9.03,9.11,9.11,9.1,59588,5.42,186,52643,88.34
AAREYDRUGS,BE,11-Aug-2026,83.81,82.79,85.95,81.0,82.0,85.51,85.38,121254,103.52,142,-,-
AARNAV,EQ,11-Aug-2026,30.62,30.62,32.39,30.62,32.39,31.8,31.49,45309,14.27,686,28220,62.28
AARON,EQ,11-Aug-2026,139.99,139.98,140.0,135.09,139.9,138.59,137.34,17603,24.18,517,8003,45.46
AARTECH,BE,11-Aug-2026,46.22,46.0,48.53,45.8,48.53,48.53,47.7,45312,21.62,178,-,-
AARTIDRUGS,EQ,11-Aug-2026,422.55,426.0,453.65,421.5,439.2,439.35,442.28,1384949,6125.31,31326,429237,30.99
AARTIIND,EQ,11-Aug-2026,500.55,501.25,510.8,497.05,505.55,505.3,506.0,1309229,6624.66,27423,537699,41.07
AARTIPHARM,EQ,11-Aug-2026,823.0,848.9,932.6,826.2,878.9,883.7,900.84,14873286,133983.98,353400,1446404,9.72
AARTISURF,EQ,11-Aug-2026,520.0,510.0,572.0,500.9,572.0,572.0,558.9,168065,939.31,5681,74874,44.55
AARVI,EQ,11-Aug-2026,154.01,153.97,155.8,153.61,154.2,155.03,154.75,7592,11.75,237,4820,63.49
AASTHA,EQ,11-Aug-2026,73.51,74.8,74.8,73.01,73.09,73.12,73.24,916506,671.22,3870,284115,31.00
AATMAJ,SM,11-Aug-2026,18.55,18.6,18.6,18.6,18.6,18.6,18.6,2000,0.37,1,2000,100.00
AAVAS,EQ,11-Aug-2026,1404.0,1414.0,1440.0,1378.0,1402.0,1396.8,1405.08,159507,2241.2,16729,96332,60.39
ABAN,BE,11-Aug-2026,19.99,19.6,19.6,19.6,19.6,19.6,19.6,4227,0.83,41,-,-
ABANSENT,EQ,11-Aug-2026,26.47,26.0,27.3,26.0,26.99,26.26,26.76,11681,3.13,61,7129,61.03
ABB,EQ,11-Aug-2026,7649.5,7649.5,7714.0,7561.5,7611.5,7611.5,7604.89,147983,11253.95,22160,60408,40.82
ABBOTINDIA,EQ,11-Aug-2026,27535.0,27535.0,28135.0,27330.0,28050.0,28020.0,27779.47,8470,2352.92,3067,4385,51.77
ABCAPITAL,EQ,11-Aug-2026,407.75,409.9,409.9,403.0,407.15,407.15,405.06,4097499,16597.28,45273,2394656,58.44
ABCOTS,EQ,11-Aug-2026,201.66,199.0,201.99,198.61,200.0,199.68,200.42,11158,22.36,297,8866,79.46
ABDL,EQ,11-Aug-2026,624.7,630.0,630.7,616.05,618.55,619.8,621.26,188769,1172.75,8813,87368,46.28
ABFRL,EQ,11-Aug-2026,61.04,61.0,61.3,58.1,58.6,58.63,59.22,15922412,9428.79,47790,6792860,42.66
ABGSEC,EQ,11-Aug-2026,114.35,114.57,114.57,114.57,114.57,114.57,114.57,165,0.19,4,165,100.00
ABHAPOWER,SM,11-Aug-2026,25.35,25.0,25.0,24.55,24.65,24.65,24.74,6400,1.58,4,6400,100.00
ABINFRA,EQ,11-Aug-2026,10.18,10.25,10.95,10.16,10.8,10.81,10.62,2326421,247.0,2743,793328,34.10
ABLBL,EQ,11-Aug-2026,91.55,91.55,92.9,91.02,92.13,91.48,91.59,498817,456.86,6582,313385,62.83
ABMINTLLTD,EQ,11-Aug-2026,43.8,52.56,52.56,47.99,52.56,52.56,51.8,17560,9.1,137,13057,74.36
ABMKNO,EQ,11-Aug-2026,192.9,192.0,200.0,192.0,200.0,197.95,196.42,1290,2.53,36,1160,89.92
ABREL,EQ,11-Aug-2026,1393.2,1391.0,1405.0,1380.2,1401.0,1400.8,1395.05,52419,731.27,6700,30214,57.64
ABSL10BANK,EQ,11-Aug-2026,171.56,169.17,170.97,168.95,170.0,169.49,169.24,93913,158.94,65,93450,99.51
ABSLAMC,EQ,11-Aug-2026,1011.8,1008.8,1021.2,1001.5,1020.2,1019.7,1013.0,114010,1154.93,16565,68308,59.91
ABSLBANETF,EQ,11-Aug-2026,59.22,59.35,59.35,58.7,58.98,58.85,58.73,59762,35.1,251,53370,89.30
ABSLLIQUID,EQ,11-Aug-2026,999.99,1000.0,1000.01,999.99,1000.01,1000.01,1000.0,817,8.17,6,467,57.16
ABSLMSCIN,EQ,11-Aug-2026,30.21,30.02,30.39,30.0,30.08,30.08,30.09,1436,0.43,12,1371,95.47
ABSLNN50ET,EQ,11-Aug-2026,78.78,79.43,79.43,78.18,78.31,78.4,78.49,13307,10.44,198,11737,88.20
ABSLPSE,EQ,11-Aug-2026,10.24,10.24,10.34,10.18,10.25,10.23,10.22,615509,62.9,1058,538514,87.49
ABSMARINE,ST,11-Aug-2026,222.8,219.2,224.3,219.05,219.95,220.75,221.6,31500,69.8,48,24000,76.19
ACC,EQ,11-Aug-2026,1357.6,1362.0,1362.0,1338.0,1341.0,1339.8,1346.85,132670,1786.86,10401,67640,50.98
ACCELYA,EQ,11-Aug-2026,1143.6,1152.5,1155.0,1141.8,1154.0,1146.6,1148.64,5032,57.8,660,3344,66.45
ACCENTMIC,SM,11-Aug-2026,559.15,560.0,562.5,545.0,549.9,548.95,549.88,30000,164.96,57,21000,70.00
ACCPL,ST,11-Aug-2026,190.05,190.0,196.75,190.0,196.75,196.75,193.93,4800,9.31,4,4800,100.00
ACCURACY,BE,11-Aug-2026,4.77,4.77,4.95,4.74,4.8,4.81,4.81,18079,0.87,119,-,-
ACE,EQ,11-Aug-2026,1113.6,1113.6,1118.8,1065.3,1075.0,1073.3,1088.47,269214,2930.32,20602,143064,53.14
ACEINTEG,EQ,11-Aug-2026,18.88,18.36,19.1,18.35,18.78,18.49,18.51,6201,1.15,67,4804,77.47
ACI,EQ,11-Aug-2026,518.75,523.3,523.3,513.0,514.8,513.55,515.69,83197,429.04,6087,47407,56.98
ACL,EQ,11-Aug-2026,48.01,47.77,48.5,47.77,48.46,48.43,48.19,8485,4.09,116,6778,79.88
ACMESOLAR,EQ,11-Aug-2026,365.8,364.0,370.7,362.95,369.1,368.45,366.88,667352,2448.37,15822,356507,53.42
ACSTECH,EQ,11-Aug-2026,50.6,51.9,53.56,49.5,50.0,50.45,51.3,697758,357.93,4164,403947,57.89
ACUTAAS,EQ,11-Aug-2026,3282.0,3298.0,3298.0,3222.0,3230.0,3246.0,3247.32,153105,4971.81,24910,98115,64.08
ADANIENSOL,EQ,11-Aug-2026,1632.0,1660.0,1672.0,1616.1,1622.0,1622.0,1641.38,2222288,36476.19,84504,673023,30.29
ADANIENT,EQ,11-Aug-2026,3010.0,3062.0,3062.0,2980.0,2995.5,2995.5,3012.24,1422452,42847.71,56677,394213,27.71
ADANIGREEN,EQ,11-Aug-2026,1369.0,1415.0,1416.0,1354.0,1366.0,1366.0,1373.95,3232524,44413.16,66974,864432,26.74
ADANIPORTS,EQ,11-Aug-2026,1681.0,1700.0,1703.4,1661.8,1668.2,1668.2,1678.65,2263466,37995.67,95492,1012441,44.73
ADANIPOWER,EQ,11-Aug-2026,210.65,213.0,213.8,208.2,209.0,209.0,210.49,17507515,36850.78,84141,5642736,32.23
ADDICTIVE,SM,11-Aug-2026,42.15,44.0,44.25,40.05,40.05,40.15,41.71,12000,5.01,21,10500,87.50
ADFFOODS,EQ,11-Aug-2026,262.95,264.9,269.85,260.25,265.95,265.45,265.04,150603,399.15,4945,48980,32.52
ADISOFT,SM,11-Aug-2026,184.65,184.65,185.0,176.0,182.6,182.8,182.19,56000,102.03,61,45600,81.43
ADL,EQ,11-Aug-2026,73.75,75.59,75.59,68.01,71.7,70.19,70.69,262,0.19,48,137,52.29
ADOR,EQ,11-Aug-2026,1518.4,1508.8,1521.0,1492.1,1501.0,1505.6,1502.91,16237,244.03,2193,9519,58.63
ADROITINFO,EQ,11-Aug-2026,10.08,10.11,10.3,9.3,10.18,10.17,10.05,114483,11.51,296,88833,77.59
ADSL,EQ,11-Aug-2026,115.36,115.14,115.55,113.49,113.75,114.09,114.24,82175,93.88,1763,45610,55.50
ADVAIT,EQ,11-Aug-2026,2186.9,2197.8,2233.4,2171.2,2186.0,2180.9,2194.58,57633,1264.8,6677,23759,41.22
ADVANCE,EQ,11-Aug-2026,121.21,121.85,124.6,120.61,123.0,122.21,122.99,155096,190.75,2503,72027,46.44
ADVANIHOTR,EQ,11-Aug-2026,50.07,50.35,50.9,50.08,50.1,50.27,50.36,16593,8.36,307,9308,56.10
ADVENTHTL,EQ,11-Aug-2026,145.48,146.34,147.39,142.8,142.8,143.66,144.46,69171,99.93,1504,40563,58.64
ADVENZYMES,EQ,11-Aug-2026,294.55,294.55,299.55,291.05,298.05,298.3,295.51,366896,1084.22,7874,221050,60.25
AEGISLOG,EQ,11-Aug-2026,1333.7,1333.7,1345.1,1286.5,1297.1,1297.6,1305.87,826977,10799.26,43327,380875,46.06
AEGISVOPAK,EQ,11-Aug-2026,276.55,276.45,283.95,271.4,280.0,280.55,278.46,1235949,3441.62,21578,398931,32.28
AEPL,EQ,11-Aug-2026,16.01,16.01,16.2,15.2,15.97,15.87,15.68,67228,10.54,622,34374,51.13
AEQUS,EQ,11-Aug-2026,244.13,244.99,245.5,237.06,240.95,240.73,241.56,1920098,4638.26,31430,729383,37.99
AEROENTER,EQ,11-Aug-2026,127.11,127.79,131.0,123.38,130.5,129.41,127.76,385997,493.16,4344,220387,57.10
AEROFLEX,EQ,11-Aug-2026,420.75,421.7,426.5,416.0,422.5,422.65,421.08,797908,3359.85,17360,381877,47.86
AERON,SM,11-Aug-2026,80.0,80.0,80.0,78.5,79.0,79.0,79.18,6000,4.75,6,4000,66.67
AERONEU,EQ,11-Aug-2026,83.26,85.5,85.5,83.41,85.0,84.06,84.13,39116,32.91,262,6690,17.10
AEROPLANE,EQ,11-Aug-2026,190.96,192.4,194.95,181.42,181.42,182.92,188.53,346641,653.54,3748,248382,71.65
AESTHETIK,SM,11-Aug-2026,74.95,70.3,76.0,70.3,75.0,75.0,74.05,13000,9.63,10,5000,38.46
AETHER,EQ,11-Aug-2026,1597.5,1597.5,1645.0,1596.0,1639.0,1634.2,1622.2,214948,3486.88,17849,78980,36.74
AFCONS,EQ,11-Aug-2026,262.85,261.95,271.05,259.1,264.9,263.65,264.95,1403363,3718.19,21610,682502,48.63
AFFLE,EQ,11-Aug-2026,1594.5,1598.0,1698.0,1595.2,1674.0,1677.3,1664.21,345397,5748.12,32078,118489,34.31
AFFORDABLE,BE,11-Aug-2026,193.77,190.65,194.99,188.74,193.0,192.56,191.55,8352,16.0,115,-,-
AFIL,EQ,11-Aug-2026,9.83,10.12,10.73,9.75,9.83,9.76,10.13,2238294,226.83,2531,1198747,53.56
AFSL,EQ,11-Aug-2026,201.24,215.0,218.69,205.24,212.04,210.74,212.66,220151,468.18,3648,53853,24.46
AGARIND,EQ,11-Aug-2026,514.2,518.0,518.05,506.75,517.9,512.1,510.72,24152,123.35,1096,11886,49.21
AGARWALEYE,EQ,11-Aug-2026,560.7,565.0,567.75,535.0,544.0,542.0,544.28,218413,1188.78,19596,92247,42.24
AGARWALFT,SM,11-Aug-2026,36.85,38.65,38.65,38.65,38.65,38.65,38.65,1500,0.58,1,1500,100.00
AGARWALTUF,SM,11-Aug-2026,147.65,148.0,149.5,145.0,145.0,145.35,146.79,21600,31.71,18,18000,83.33
AGI,EQ,11-Aug-2026,718.2,715.05,728.0,713.1,719.95,717.2,720.4,69858,503.26,2276,46300,66.28
AGIIL,EQ,11-Aug-2026,298.45,300.85,305.9,298.75,303.0,300.15,303.02,2103842,6375.01,13625,568855,27.04
AGL,EQ,11-Aug-2026,13.71,13.37,13.9,13.32,13.74,13.58,13.64,1696722,231.41,5406,897758,52.91
AGRITECH,EQ,11-Aug-2026,108.31,110.8,110.8,106.11,109.0,108.98,108.88,3009,3.28,200,1516,50.38
AGROPHOS,EQ,11-Aug-2026,28.08,28.44,28.7,28.01,28.7,28.32,28.21,14455,4.08,132,11196,77.45
AGSTRA,BZ,11-Aug-2026,2.0,2.06,2.09,2.0,2.03,2.03,2.04,173076,3.53,334,-,-
AGUL,SM,11-Aug-2026,56.45,53.65,53.65,53.65,53.65,53.65,53.65,4000,2.15,2,2000,50.00
AHCL,EQ,11-Aug-2026,14.45,14.59,14.59,14.36,14.42,14.41,14.44,1335679,192.83,2012,705739,52.84
AHIMSA,ST,11-Aug-2026,24.7,25.9,25.9,25.9,25.9,25.9,25.9,138000,35.74,4,138000,100.00
AHLADA,EQ,11-Aug-2026,38.86,38.86,40.69,38.21,40.68,39.83,39.61,24489,9.7,153,21292,86.95
AHLEAST,EQ,11-Aug-2026,142.96,142.96,142.96,140.99,140.99,141.16,141.63,2114,2.99,56,1763,83.40
AHLUCONT,EQ,11-Aug-2026,829.9,836.2,836.2,819.75,835.0,833.95,828.51,18401,152.45,2420,9320,50.65
AHLWEST,BE,11-Aug-2026,545.0,545.0,545.0,526.0,535.0,535.0,533.23,257,1.37,9,-,-
AIAENG,EQ,11-Aug-2026,4790.3,4823.6,4885.9,4763.5,4766.5,4781.6,4809.55,32387,1557.67,11642,15100,46.62
AIIL,EQ,11-Aug-2026,586.2,589.9,592.1,567.3,572.6,573.45,578.99,216216,1251.87,7527,110676,51.19
AILIMITED,SM,11-Aug-2026,35.85,37.6,37.6,37.6,37.6,37.6,37.6,1500,0.56,1,1500,100.00
AIMTRON,SM,11-Aug-2026,1703.55,1728.0,1738.0,1631.05,1659.0,1661.35,1666.81,52800,880.08,227,24200,45.83
AIRAN,EQ,11-Aug-2026,15.07,15.02,15.22,14.99,15.07,15.0,15.07,31446,4.74,203,25196,80.12
AIROLAM,EQ,11-Aug-2026,92.75,92.75,92.95,90.25,92.39,91.85,91.56,1805,1.65,43,1620,89.75
AJANTPHARM,EQ,11-Aug-2026,3506.2,3506.5,3586.9,3495.9,3510.0,3507.0,3545.06,86524,3067.33,18727,41275,47.70
AJAXENGG,EQ,11-Aug-2026,566.15,568.95,572.0,560.0,565.0,567.35,565.08,40239,227.38,2485,29681,73.76
AJMERA,EQ,11-Aug-2026,123.04,123.25,123.78,121.31,121.5,121.87,122.29,158534,193.87,2267,91464,57.69
AJOONI,EQ,11-Aug-2026,3.84,3.84,3.9,3.75,3.85,3.81,3.83,218757,8.37,458,165181,75.51
AKANKSHA,SM,11-Aug-2026,116.0,115.45,120.9,114.2,114.2,114.2,118.23,38000,44.93,32,27000,71.05
AKASH,EQ,11-Aug-2026,26.38,26.32,26.83,26.29,26.64,26.5,26.42,2909,0.77,31,2632,90.48
AKCAPIT,EQ,11-Aug-2026,1758.2,1761.4,1801.0,1705.0,1725.9,1717.4,1741.78,3064,53.37,413,1998,65.21
AKG,EQ,11-Aug-2026,8.58,8.88,8.88,8.11,8.61,8.7,8.6,28750,2.47,249,18344,63.81
AKI,EQ,11-Aug-2026,4.33,4.42,4.74,4.26,4.36,4.31,4.39,95100,4.18,213,59574,62.64
AKIKO,ST,11-Aug-2026,323.55,315.55,339.45,307.4,336.0,335.95,321.16,41600,133.6,44,36000,86.54
AKSHAR,EQ,11-Aug-2026,0.41,0.41,0.43,0.4,0.42,0.41,0.41,679079,2.8,291,586043,86.30
AKSHARCHEM,BE,11-Aug-2026,278.61,278.61,288.0,265.3,284.0,284.19,279.75,2028,5.67,83,-,-
AKSHOPTFBR,BE,11-Aug-2026,6.46,6.46,6.46,6.14,6.14,6.14,6.15,122802,7.55,208,-,-
AKUMS,EQ,11-Aug-2026,730.1,732.0,769.45,728.35,761.0,760.95,754.66,1147714,8661.33,50495,364720,31.78
ALANKIT,EQ,11-Aug-2026,8.43,8.44,8.66,7.76,8.13,8.14,8.32,257713,21.45,732,191651,74.37
ALBERTDAVD,EQ,11-Aug-2026,804.0,792.0,807.95,780.05,792.8,788.85,793.62,9035,71.7,815,5967,66.04
ALEMBICLTD,EQ,11-Aug-2026,84.84,84.84,86.94,84.65,86.87,86.73,86.05,238817,205.51,2220,144263,60.41
ALGOQUANT,EQ,11-Aug-2026,66.74,66.3,69.2,66.3,68.0,67.44,67.49,1792902,1210.09,5614,500239,27.90
ALICON,EQ,11-Aug-2026,722.9,720.3,749.0,720.3,728.0,728.55,729.45,12610,91.98,1021,9764,77.43
ALIVUS,EQ,11-Aug-2026,1374.5,1384.0,1418.0,1374.3,1385.2,1393.6,1396.74,188900,2638.44,18264,96595,51.14
ALKALI,BE,11-Aug-2026,66.27,67.98,68.7,67.1,67.6,67.84,68.47,4225,2.89,53,-,-
ALKEM,EQ,11-Aug-2026,5598.5,5590.0,5590.0,5475.0,5527.5,5527.5,5510.12,115598,6369.59,21951,55745,48.22
ALKYLAMINE,EQ,11-Aug-2026,1916.4,1916.5,1983.0,1900.1,1936.0,1947.4,1952.35,134962,2634.93,15803,50590,37.48
ALLCARGO,EQ,11-Aug-2026,9.75,9.73,10.47,9.45,10.37,10.25,10.08,81247120,8187.3,202957,11833462,14.56
ALLDIGI,EQ,11-Aug-2026,812.3,808.2,815.65,802.0,811.0,809.85,807.7,9926,80.17,336,8366,84.28
ALLETEC,ST,11-Aug-2026,134.45,135.0,136.55,132.0,134.3,134.3,134.3,10400,13.97,25,10000,96.15
ALLTIME,EQ,11-Aug-2026,218.93,218.93,221.79,216.28,216.85,217.36,218.14,32968,71.92,1100,23164,70.26
ALMONDZ,EQ,11-Aug-2026,14.37,14.12,14.9,13.95,14.19,14.17,14.26,344880,49.19,517,272989,79.15
ALOKINDS,EQ,11-Aug-2026,11.91,11.91,11.94,11.81,11.85,11.84,11.87,2369575,281.33,5079,1615277,68.17
ALPA,EQ,11-Aug-2026,67.97,69.5,69.5,67.7,67.86,67.86,68.03,6464,4.4,82,5253,81.27
ALPEXSOLAR,SM,11-Aug-2026,810.2,809.8,809.8,782.0,797.0,793.65,794.27,48800,387.6,341,38200,78.28
ALPHA,EQ,11-Aug-2026,53.75,53.75,54.05,53.6,53.6,53.8,53.86,943856,508.4,2083,657728,69.69
ALPHAETF,EQ,11-Aug-2026,26.78,26.77,26.92,26.7,26.77,26.76,26.79,265969,71.25,821,213263,80.18
ALPHAGEO,EQ,11-Aug-2026,244.69,248.8,293.62,240.8,283.2,284.94,284.49,361461,1028.3,4767,124629,34.48
ALPINETEX,EQ,11-Aug-2026,63.74,63.74,64.0,62.05,62.7,62.27,62.79,221443,139.05,3255,132351,59.77
ALPL30IETF,EQ,11-Aug-2026,28.55,27.83,28.67,27.83,28.4,28.41,28.46,179534,51.09,920,85654,47.71
ALUWIND,SM,11-Aug-2026,49.95,48.9,49.95,48.5,49.95,49.95,48.78,10500,5.12,5,9000,85.71
AMAGI,EQ,11-Aug-2026,647.75,647.75,673.9,621.0,662.0,659.5,651.53,1161163,7565.32,44257,571503,49.22
AMANTA,BE,11-Aug-2026,162.83,159.58,159.58,159.58,159.58,159.58,159.58,7498,11.97,61,-,-
AMBAAUTO,SM,11-Aug-2026,105.2,107.5,108.0,104.0,104.0,104.1,106.11,109000,115.66,17,52000,47.71
AMBALALSA,EQ,11-Aug-2026,48.27,48.58,48.8,44.1,45.6,45.94,46.47,243027,112.94,1889,156335,64.33
AMBANIORGO,SM,11-Aug-2026,106.6,110.0,111.9,110.0,111.9,111.9,111.41,8000,8.91,5,8000,100.00
AMBER,EQ,11-Aug-2026,7095.0,7100.0,7204.0,7050.0,7078.5,7078.5,7124.36,290400,20689.14,32565,86962,29.95
AMBICAAGAR,EQ,11-Aug-2026,24.51,25.0,25.0,24.42,24.7,24.66,24.56,1103,0.27,35,1079,97.82
AMBIKCO,EQ,11-Aug-2026,1654.1,1660.0,1711.8,1628.5,1636.8,1635.7,1670.58,63873,1067.05,8141,23848,37.34
AMBUJACEM,EQ,11-Aug-2026,430.85,434.0,434.25,422.8,424.0,424.0,426.48,1440747,6144.49,34857,695628,48.28
AMDIND,EQ,11-Aug-2026,47.25,47.72,53.0,46.6,52.01,51.94,51.27,98922,50.71,1357,47845,48.37
AMIABLE,SM,11-Aug-2026,73.0,73.0,73.0,73.0,73.0,73.0,73.0,1600,1.17,1,1600,100.00
AMJLAND,EQ,11-Aug-2026,38.16,39.5,41.0,38.01,41.0,40.73,39.72,33841,13.44,295,29507,87.19
AMNPLST,EQ,11-Aug-2026,199.28,195.52,201.22,195.52,199.95,199.4,198.75,4646,9.23,158,2283,49.14
AMRUTANJAN,EQ,11-Aug-2026,527.35,535.0,539.7,522.9,535.0,533.75,533.84,59212,316.1,2735,35568,60.07
ANANDRATHI,EQ,11-Aug-2026,2131.5,2130.5,2161.0,2117.2,2159.0,2158.0,2148.58,248922,5348.28,24281,136241,54.73
ANANTAM,IV,11-Aug-2026,105.48,105.99,105.99,105.01,105.38,105.48,105.5,197164,208.01,131,196962,99.90
ANANTRAJ,EQ,11-Aug-2026,604.25,604.8,613.0,597.35,612.0,606.25,602.81,1211984,7305.91,20029,581318,47.96
ANAWIL,ST,11-Aug-2026,346.1,363.4,363.4,363.4,363.4,363.4,363.4,104400,379.39,168,104400,100.00
ANDHRAPAP,EQ,11-Aug-2026,61.0,61.0,61.63,60.14,60.22,60.28,60.82,93508,56.87,1177,68236,72.97
ANDHRSUGAR,EQ,11-Aug-2026,99.98,100.9,101.48,98.01,99.0,99.2,99.26,1349407,1339.41,10434,387723,28.73
ANGELONE,EQ,11-Aug-2026,294.8,294.8,296.9,289.8,291.4,291.4,293.19,6599125,19347.98,40659,1592836,24.14
ANIKINDS,EQ,11-Aug-2026,42.2,43.3,43.86,41.5,43.7,43.31,42.57,12771,5.44,140,11256,88.14
ANKITMETAL,BZ,11-Aug-2026,1.54,1.57,1.6,1.51,1.51,1.51,1.56,37412,0.58,61,-,-
ANLON,SM,11-Aug-2026,657.85,678.0,700.95,674.65,689.65,690.0,686.97,7200,49.46,18,5600,77.78
ANMOL,EQ,11-Aug-2026,10.43,10.68,10.68,10.22,10.23,10.26,10.33,24884,2.57,212,20480,82.30
ANNAPURNA,SM,11-Aug-2026,162.75,164.0,168.75,157.5,158.2,160.95,162.21,111250,180.46,266,74250,66.74
ANONDITA,SM,11-Aug-2026,1093.35,1085.0,1088.0,1024.0,1070.0,1068.85,1051.58,30600,321.78,109,21000,68.63
ANSALAPI,BZ,11-Aug-2026,3.51,3.51,3.58,3.5,3.57,3.57,3.57,15123,0.54,54,-,-
ANTELOPUS,EQ,11-Aug-2026,792.1,795.0,830.3,795.0,808.1,812.7,815.08,137717,1122.5,7227,67611,49.09
ANTGRAPHIC,EQ,11-Aug-2026,0.74,0.74,0.76,0.73,0.74,0.74,0.74,66519,0.49,116,55513,83.45
ANTHEM,EQ,11-Aug-2026,853.0,857.0,899.9,852.5,891.0,891.65,886.32,1605598,14230.69,61455,608637,37.91
ANUHPHR,EQ,11-Aug-2026,77.64,78.5,79.3,77.56,77.69,77.76,78.23,95757,74.91,703,80430,83.99
ANUP,EQ,11-Aug-2026,1866.8,1884.9,1925.0,1870.4,1912.0,1907.9,1901.04,30303,576.07,4474,12681,41.85
ANURAS,EQ,11-Aug-2026,1216.3,1216.3,1220.0,1200.0,1201.5,1209.3,1208.67,505730,6112.62,11099,192965,38.16
AONEGOLD,EQ,11-Aug-2026,14.04,14.32,14.63,14.08,14.2,14.17,14.24,525309,74.78,1487,228850,43.56
AONELIQUID,EQ,11-Aug-2026,1071.91,1072.07,1072.07,1072.05,1072.07,1072.06,1072.06,11342,121.59,92,6308,55.62
AONENIFTY,EQ,11-Aug-2026,10.14,10.39,10.39,10.06,10.1,10.1,10.11,153542,15.53,1233,134288,87.46
AONESILVER,EQ,11-Aug-2026,8.79,8.83,8.97,8.81,8.9,8.88,8.89,995126,88.43,1662,479411,48.18
AONETMMQ50,EQ,11-Aug-2026,10.32,10.37,10.6,10.28,10.32,10.32,10.33,84386,8.72,230,68115,80.72
AONETOTAL,EQ,11-Aug-2026,12.09,12.25,12.25,12.01,12.1,12.07,12.09,155676,18.82,1222,111101,71.37
APARINDS,EQ,11-Aug-2026,16448.0,16400.0,16986.0,16388.0,16701.0,16748.0,16677.55,168416,28087.66,43986,59469,35.31
APCL,EQ,11-Aug-2026,102.85,103.0,105.5,102.0,105.5,104.27,103.22,3019,3.12,69,2151,71.25
APCOTEXIND,EQ,11-Aug-2026,622.6,623.1,628.45,612.6,615.0,616.9,619.34,221005,1368.77,8934,104911,47.47
APEX,EQ,11-Aug-2026,385.85,384.0,389.0,376.0,377.7,377.75,379.31,75315,285.67,3562,32756,43.49
APEXECO,ST,11-Aug-2026,275.45,276.0,281.95,270.05,270.05,275.45,278.84,6400,17.85,8,6400,100.00
APLAPOLLO,EQ,11-Aug-2026,2020.0,2027.0,2027.0,1991.6,2012.7,2012.7,2008.07,735881,14777.03,28885,389056,52.87
APLLTD,EQ,11-Aug-2026,831.35,831.35,849.0,823.85,838.95,838.85,835.22,217637,1817.74,9373,145190,66.71
APOLLO,EQ,11-Aug-2026,388.25,387.0,392.5,385.8,389.35,388.7,388.98,2790989,10856.33,28424,791501,28.36
APOLLOHOSP,EQ,11-Aug-2026,8912.0,8982.0,8990.0,8672.5,8750.5,8750.5,8774.5,562067,49318.57,57726,295835,52.63
APOLLOPIPE,EQ,11-Aug-2026,507.25,529.8,529.8,505.55,508.0,508.05,513.71,573629,2946.81,13552,185204,32.29
APOLLOTYRE,EQ,11-Aug-2026,445.95,445.0,447.6,441.8,441.8,443.0,444.39,352788,1567.74,12206,182916,51.85
APOLSINHOT,EQ,11-Aug-2026,1233.2,1246.1,1260.0,1220.0,1249.0,1229.5,1233.73,881,10.87,160,616,69.92
APRAMEYA,SM,11-Aug-2026,147.05,148.95,149.0,148.0,148.0,148.0,148.65,1500,2.23,3,1500,100.00
APS,SM,11-Aug-2026,246.8,246.5,249.8,246.05,247.4,247.55,247.5,14250,35.27,51,9000,63.16
APSISAERO,ST,11-Aug-2026,475.4,484.9,484.9,484.9,484.9,484.9,484.9,33600,162.93,11,33600,100.00
APTECHT,BE,11-Aug-2026,94.73,94.01,96.58,93.11,94.37,94.44,94.42,92008,86.87,365,-,-
APTUS,EQ,11-Aug-2026,253.25,255.0,257.95,251.0,257.5,256.7,254.3,852421,2167.73,35559,495861,58.17
AQYLON,EQ,11-Aug-2026,26.73,26.49,26.73,25.4,25.4,25.4,25.85,910340,235.35,2137,387913,42.61
ARABIAN,SM,11-Aug-2026,91.75,93.8,93.8,87.0,87.0,87.0,89.63,66000,59.16,27,50000,75.76
ARCHIDPLY,EQ,11-Aug-2026,95.3,97.0,97.9,91.75,92.11,92.95,93.56,95026,88.9,636,72781,76.59
ARCHIES,EQ,11-Aug-2026,13.92,14.39,14.39,13.5,13.61,13.81,13.78,9187,1.27,124,6017,65.49
ARCIIL,SM,11-Aug-2026,37.5,37.5,37.5,36.0,36.05,36.05,36.4,4000,1.46,3,4000,100.00
ARE&M,EQ,11-Aug-2026,897.7,900.0,974.0,899.15,966.7,970.25,958.97,8417269,80718.78,218153,1719954,20.43
ARENTERP,EQ,11-Aug-2026,36.74,37.94,41.0,36.36,39.7,39.45,38.69,7021,2.72,105,3830,54.55
ARFIN,EQ,11-Aug-2026,87.15,86.9,88.49,84.5,85.8,85.08,87.18,2071919,1806.28,6561,358709,17.31
ARHAM,SM,11-Aug-2026,193.3,194.45,194.85,191.4,193.9,193.7,193.49,16000,30.96,16,10000,62.50
ARIES,EQ,11-Aug-2026,344.8,344.8,359.0,340.35,358.8,355.8,351.37,44528,156.46,1379,30433,68.35
ARIHANT,EQ,11-Aug-2026,1124.3,1126.3,1126.5,1105.1,1120.0,1119.2,1117.96,1019,11.39,168,635,62.32
ARIHANTCAP,EQ,11-Aug-2026,75.79,75.38,76.59,74.2,74.3,74.76,75.31,93283,70.25,1487,43710,46.86
ARIHANTSUP,EQ,11-Aug-2026,261.9,263.8,263.8,258.0,258.0,260.45,260.48,4497,11.71,92,2940,65.38
ARIS,EQ,11-Aug-2026,136.5,138.0,138.0,131.75,134.5,133.76,134.21,874196,1173.29,8329,397916,45.52
ARKADE,EQ,11-Aug-2026,134.54,135.09,136.89,133.5,134.2,133.96,135.43,348185,471.56,2028,134952,38.76
ARMANFIN,EQ,11-Aug-2026,1984.4,1991.0,2010.0,1970.0,2009.0,2002.8,1992.52,39677,790.57,3741,21151,53.31
AROGRANITE,EQ,11-Aug-2026,24.77,24.77,25.8,24.77,25.49,25.49,25.4,12188,3.1,69,8780,72.04
ARROWGREEN,BE,11-Aug-2026,772.3,772.3,785.0,760.2,785.0,777.05,774.63,11062,85.69,238,-,-
ARSHIYA,BZ,11-Aug-2026,0.93,0.93,0.96,0.9,0.96,0.94,0.94,299904,2.81,76,-,-
ARSSBL,EQ,11-Aug-2026,500.6,501.0,510.9,500.0,510.0,509.15,506.98,104911,531.88,3461,39890,38.02
ARTEMISMED,EQ,11-Aug-2026,315.95,318.5,318.95,312.1,313.5,313.3,314.86,173343,545.79,6955,83228,48.01
ARTNIRMAN,EQ,11-Aug-2026,41.91,41.91,42.22,41.11,41.51,41.51,41.76,817,0.34,11,801,98.04
ARUNAYA,ST,11-Aug-2026,15.65,15.95,16.0,15.95,16.0,16.0,15.99,14000,2.24,4,14000,100.00
ARVEE,EQ,11-Aug-2026,155.1,155.1,184.99,155.1,178.0,176.76,177.32,77723,137.82,2212,15068,19.39
ARVIND,EQ,11-Aug-2026,550.65,553.0,574.25,549.7,566.4,567.65,565.81,1045064,5913.11,35054,514839,49.26
ARVINDFASN,EQ,11-Aug-2026,460.25,462.0,462.0,445.7,448.0,447.5,449.87,348990,1569.99,27710,221650,63.51
ARVSMART,EQ,11-Aug-2026,658.95,658.0,658.85,635.0,638.9,636.4,643.86,121093,779.67,4955,54759,45.22
ASAHIINDIA,EQ,11-Aug-2026,902.9,908.9,920.95,900.1,900.4,901.65,906.81,69149,627.05,5882,32786,47.41
ASAHISONG,BE,11-Aug-2026,355.85,355.85,355.85,338.1,338.1,338.1,339.5,57907,196.59,474,-,-
ASAL,EQ,11-Aug-2026,498.55,496.0,509.8,496.0,508.75,508.5,503.57,13618,68.58,1082,6926,50.86
ASALCBR,EQ,11-Aug-2026,735.0,739.8,739.8,727.65,729.0,730.25,732.63,17679,129.52,1588,12432,70.32
ASHALOG,SM,11-Aug-2026,60.95,62.0,62.0,61.1,61.1,61.15,61.47,11000,6.76,8,10000,90.91
ASHAPURMIN,EQ,11-Aug-2026,644.7,650.0,657.9,638.65,651.0,651.95,648.86,478221,3103.01,19148,173774,36.34
ASHIANA,EQ,11-Aug-2026,382.95,385.0,388.0,377.1,385.0,381.3,383.49,38863,149.03,1639,20376,52.43
ASHIKAG,BE,11-Aug-2026,427.45,421.0,427.0,410.45,421.95,418.35,416.67,24326,101.36,251,-,-
ASHIMASYN,EQ,11-Aug-2026,17.49,17.8,18.11,17.45,18.05,17.91,17.69,55916,9.89,288,35884,64.17
ASHOKA,EQ,11-Aug-2026,117.98,118.0,119.57,116.7,117.0,116.99,117.14,827986,969.89,6403,464619,56.11
ASHOKAMET,EQ,11-Aug-2026,14.02,14.39,14.39,14.03,14.06,14.09,14.16,10093,1.43,98,6036,59.80
ASHOKLEY,EQ,11-Aug-2026,174.0,173.61,176.33,172.0,174.83,174.83,174.98,16455927,28795.2,89096,8113956,49.31
ASHWINI,SM,11-Aug-2026,196.8,195.6,195.6,195.5,195.5,195.55,195.55,2000,3.91,2,2000,100.00
ASIANENE,EQ,11-Aug-2026,402.7,405.0,408.4,395.55,404.6,401.8,401.06,198268,795.18,5692,80920,40.81
ASIANHOTNR,EQ,11-Aug-2026,316.1,310.2,318.0,310.2,312.4,312.6,313.4,8078,25.32,1725,3023,37.42
ASIANPAINT,EQ,11-Aug-2026,2750.0,2742.1,2747.6,2720.0,2735.5,2735.5,2733.31,951134,25997.39,50245,614773,64.64
ASIANTILES,EQ,11-Aug-2026,53.84,54.0,56.4,52.57,52.9,52.85,53.73,5585818,3001.51,11607,4291108,76.82
ASKAUTOLTD,EQ,11-Aug-2026,655.6,655.6,665.7,649.35,653.4,654.25,655.77,276433,1812.76,11473,90333,32.68
ASMS,BE,11-Aug-2026,7.35,7.35,7.54,7.16,7.27,7.36,7.37,162233,11.95,293,-,-
ASPINWALL,EQ,11-Aug-2026,230.13,230.13,243.99,226.38,241.0,241.21,236.53,10584,25.03,170,2216,20.94
ASPIRE,SM,11-Aug-2026,15.2,14.45,14.45,14.45,14.45,14.45,14.45,4000,0.58,2,2000,50.00
ASTAR,EQ,11-Aug-2026,599.0,628.0,628.0,580.1,590.05,590.05,598.92,111,0.66,21,98,88.29
ASTEC,EQ,11-Aug-2026,620.65,622.15,627.5,604.2,612.45,615.2,614.58,40270,247.49,2441,14922,37.05
ASTERDM,EQ,11-Aug-2026,867.15,867.15,883.2,852.7,855.0,854.9,860.04,1001255,8611.21,44916,609533,60.88
ASTRAL,EQ,11-Aug-2026,1437.0,1437.0,1443.8,1418.7,1424.9,1424.9,1426.01,228442,3257.6,17563,131603,57.61
ASTRAMICRO,EQ,11-Aug-2026,1734.7,1691.0,1738.9,1675.0,1704.0,1703.7,1706.7,724979,12373.19,35608,305808,42.18
ASTRAZEN,EQ,11-Aug-2026,8090.0,7966.0,8050.0,7930.0,7942.0,7946.5,7978.45,6721,536.23,1880,3385,50.36
ASTRON,BZ,11-Aug-2026,3.66,3.66,3.66,3.57,3.6,3.6,3.6,3227,0.12,29,-,-
ATALREAL,EQ,11-Aug-2026,34.57,34.79,35.35,34.37,34.97,35.02,34.69,12328031,4276.12,27346,3083501,25.01
ATAM,EQ,11-Aug-2026,65.04,65.45,65.45,63.05,63.11,63.29,63.9,7110,4.54,194,4934,69.40
ATCENERGY,ST,11-Aug-2026,25.4,24.9,24.9,24.9,24.9,24.9,24.9,1200,0.3,1,1200,100.00
ATGL,EQ,11-Aug-2026,660.1,670.8,673.8,663.05,665.0,666.15,668.13,979081,6541.53,25585,266912,27.26
ATHERENERG,EQ,11-Aug-2026,1466.2,1472.4,1534.8,1472.0,1526.0,1525.4,1515.5,4867021,73759.82,137961,1276133,26.22
ATL,EQ,11-Aug-2026,25.02,24.7,25.5,24.4,24.52,24.58,24.88,176958,44.02,855,114123,64.49
ATLANTAA,EQ,11-Aug-2026,45.19,47.71,49.95,43.18,43.5,44.7,47.74,1276964,609.64,5992,519325,40.67
ATLANTAELE,EQ,11-Aug-2026,1607.3,1607.3,1625.0,1575.0,1576.0,1586.3,1594.6,48966,780.81,6787,27058,55.26
ATLASCYCLE,EQ,11-Aug-2026,96.95,97.98,97.98,96.5,97.47,97.37,97.47,967,0.94,57,922,95.35
ATLPP,E1,11-Aug-2026,9.03,8.51,9.99,8.51,8.96,8.96,8.96,473,0.04,14,444,93.87
ATMASTCO,ST,11-Aug-2026,147.0,147.5,147.5,142.5,145.0,146.0,145.09,6400,9.29,16,6400,100.00
ATUL,EQ,11-Aug-2026,6854.0,6855.0,6962.0,6832.0,6850.0,6850.0,6873.13,53427,3672.11,14194,33961,63.57
ATULAUTO,EQ,11-Aug-2026,509.15,513.0,516.8,490.95,496.8,494.1,499.68,479032,2393.64,14826,214692,44.82
AUBANK,EQ,11-Aug-2026,1068.0,1068.0,1072.0,1048.3,1070.9,1070.9,1062.71,1875527,19931.49,39359,1030530,54.95
AURIONPRO,EQ,11-Aug-2026,730.0,737.0,741.85,725.35,730.0,727.15,730.8,130078,950.62,4138,78275,60.18
AUROPHARMA,EQ,11-Aug-2026,1648.0,1648.0,1658.0,1639.9,1658.0,1658.0,1649.03,420527,6934.63,30229,202901,48.25
AURUM,EQ,11-Aug-2026,231.27,232.0,232.9,227.01,227.01,228.56,230.29,121834,280.57,2667,63959,52.50
AURUS,EQ,11-Aug-2026,4.79,4.58,4.78,4.58,4.74,4.7,4.7,8891,0.42,249,5170,58.15
AUSL,SM,11-Aug-2026,25.45,24.2,24.65,24.2,24.65,24.65,24.43,4000,0.98,2,2000,50.00
AUSOMENT,EQ,11-Aug-2026,140.04,139.34,144.95,137.12,144.95,141.95,141.37,4993,7.06,88,4246,85.04
AUTOAXLES,EQ,11-Aug-2026,1821.4,1821.4,1830.5,1795.9,1795.9,1803.8,1808.15,6149,111.18,951,4132,67.20
AUTOBEES,EQ,11-Aug-2026,307.21,306.33,308.58,303.13,304.45,304.51,306.78,329042,1009.42,3436,221907,67.44
AUTOIETF,EQ,11-Aug-2026,30.72,30.73,30.87,30.5,30.55,30.52,30.7,1189867,365.33,2236,648857,54.53
AUTOIND,BE,11-Aug-2026,92.95,92.0,96.3,92.0,95.0,95.02,94.05,136026,127.94,602,-,-
AVADHSUGAR,EQ,11-Aug-2026,635.1,635.0,638.0,618.0,632.0,634.8,630.65,80895,510.16,3180,36834,45.53
AVALON,EQ,11-Aug-2026,1923.7,1930.0,1959.0,1894.0,1940.0,1938.3,1937.66,212945,4126.14,21151,74151,34.82
AVANA,ST,11-Aug-2026,152.0,154.0,154.0,145.05,146.0,147.5,148.72,18000,26.77,9,14000,77.78
AVANTEL,EQ,11-Aug-2026,162.29,161.13,162.48,160.04,160.4,160.27,160.99,409909,659.91,4894,225072,54.91
AVANTIFEED,EQ,11-Aug-2026,903.75,893.15,899.55,849.0,858.0,859.8,867.12,862094,7475.37,40446,360613,41.83
AVATAR,ST,11-Aug-2026,207.6,217.95,217.95,210.1,217.95,217.95,213.34,44000,93.87,9,32000,72.73
AVG,BE,11-Aug-2026,198.84,198.84,203.29,194.3,203.29,199.06,196.1,98190,192.55,90,-,-
AVIANSH,SM,11-Aug-2026,104.0,104.5,104.5,104.5,104.5,104.5,104.5,1000,1.05,1,1000,100.00
AVIENCE,SM,11-Aug-2026,246.5,241.25,250.0,240.35,250.0,248.0,245.79,25800,63.41,35,16200,62.79
AVL,EQ,11-Aug-2026,624.3,626.9,631.4,611.9,617.0,616.1,619.81,80512,499.02,4515,33123,41.14
AVONMORE,EQ,11-Aug-2026,11.09,11.09,11.45,11.01,11.39,11.36,11.32,501713,56.78,710,356477,71.05
AVPINFRA,SM,11-Aug-2026,61.4,61.15,62.1,60.05,60.05,60.2,60.87,23200,14.12,28,12000,51.72
AVROIND,EQ,11-Aug-2026,8.64,8.75,8.75,8.0,8.06,8.27,8.3,477442,39.63,2828,225028,47.13
AVTNPL,EQ,11-Aug-2026,71.77,71.77,72.68,69.72,70.2,70.24,70.5,52942,37.32,591,38578,72.87
AWFIS,EQ,11-Aug-2026,269.6,274.0,274.0,264.6,265.85,266.65,268.4,232163,623.12,5859,156293,67.32
AWHCL,EQ,11-Aug-2026,417.35,398.0,407.7,374.55,389.1,389.35,392.68,1216353,4776.34,43538,302586,24.88
AWL,EQ,11-Aug-2026,196.13,196.15,196.21,192.2,192.87,192.86,193.57,1060660,2053.16,16318,559053,52.71
AXISBANK,EQ,11-Aug-2026,1247.3,1242.0,1243.0,1225.4,1229.8,1229.8,1230.32,5843702,71896.01,91006,3523233,60.29
AXISCADES,EQ,11-Aug-2026,1554.8,1555.3,1575.5,1525.0,1547.7,1545.5,1547.64,63934,989.47,4912,35005,54.75
AXITA,EQ,11-Aug-2026,7.3,7.28,7.5,7.25,7.3,7.29,7.31,399361,29.18,976,198792,49.78
AYE,EQ,11-Aug-2026,177.94,177.94,184.0,176.59,179.01,178.78,180.94,641762,1161.22,20777,241773,37.67
AYMSYNTEX,EQ,11-Aug-2026,256.6,261.7,269.0,251.0,258.95,255.85,260.74,73890,192.66,1908,45882,62.10
AZAD,EQ,11-Aug-2026,2549.7,2560.0,2560.0,2465.0,2469.9,2472.1,2487.94,367151,9134.5,25222,189178,51.53
BABAFP,SM,11-Aug-2026,23.85,23.5,23.5,23.5,23.5,23.5,23.5,1600,0.38,1,1600,100.00
BAFNAPH,BE,11-Aug-2026,279.3,275.0,275.0,273.75,273.75,273.75,274.3,6583,18.06,50,-,-
BAGDIGITAL,SM,11-Aug-2026,111.0,113.85,115.0,112.0,112.0,112.0,114.21,64000,73.09,17,49600,77.50
BAGFILMS,EQ,11-Aug-2026,4.36,4.38,4.43,4.27,4.33,4.33,4.36,47339,2.06,171,31912,67.41
BAGMANE,RR,11-Aug-2026,108.7,108.93,108.95,108.5,108.85,108.69,108.83,188639,205.29,4772,161604,85.67
BAHETI,SM,11-Aug-2026,782.8,792.0,792.0,778.0,784.0,784.0,782.5,24000,187.8,21,19500,81.25
BAIDFIN,EQ,11-Aug-2026,9.98,9.93,10.03,9.77,9.8,9.87,9.93,140138,13.92,216,129183,92.18
BAJAJ-AUTO,EQ,11-Aug-2026,11677.0,11734.0,11863.0,11615.0,11717.0,11717.0,11739.68,268237,31490.15,42069,118536,44.19
BAJAJCON,EQ,11-Aug-2026,547.05,544.55,544.8,532.05,539.95,540.95,537.87,319003,1715.81,13010,179098,56.14
BAJAJELEC,EQ,11-Aug-2026,363.1,363.6,366.2,355.8,360.0,360.35,360.5,308620,1112.57,6596,113675,36.83
BAJAJFINSV,EQ,11-Aug-2026,2021.3,2014.0,2043.9,2012.0,2032.0,2032.0,2027.4,1058625,21462.56,71386,565993,53.46
BAJAJHCARE,EQ,11-Aug-2026,330.25,330.2,333.0,327.6,329.0,328.6,330.06,72292,238.61,2358,34988,48.40
BAJAJHFL,EQ,11-Aug-2026,85.06,85.21,86.0,84.9,85.19,85.18,85.29,2192616,1870.01,16717,1022717,46.64
BAJAJHIND,EQ,11-Aug-2026,18.1,18.15,18.22,17.81,18.08,18.06,17.98,4454390,801.04,7820,2343279,52.61
BAJAJHLDNG,EQ,11-Aug-2026,11471.0,11490.0,11599.0,11412.0,11550.0,11550.0,11530.03,36058,4157.5,8722,16534,45.85
BAJAJINDEF,EQ,11-Aug-2026,231.25,231.02,232.63,223.86,227.6,226.51,226.68,41850,94.86,1120,31072,74.25
BAJAJST,EQ,11-Aug-2026,393.55,388.75,388.75,371.25,380.0,379.05,377.88,36417,137.61,2139,19647,53.95
BAJEL,EQ,11-Aug-2026,191.93,193.8,193.8,186.42,189.95,189.07,189.49,153044,290.01,3095,82564,53.95
BAJFINANCE,EQ,11-Aug-2026,1102.2,1098.0,1101.5,1086.3,1093.3,1093.3,1095.06,6523358,71434.61,111469,4072953,62.44
BALAJEE,EQ,11-Aug-2026,27.39,27.98,27.98,27.0,27.25,27.2,27.2,16320,4.44,152,12197,74.74
BALAJIPHOS,SM,11-Aug-2026,92.0,91.0,91.0,89.0,89.45,89.45,89.66,12000,10.76,12,11000,91.67
BALAJITELE,EQ,11-Aug-2026,90.43,91.1,94.0,90.0,91.04,90.76,92.23,209603,193.31,2999,111356,53.13
BALAMINES,EQ,11-Aug-2026,2046.1,2047.0,2178.0,2046.1,2119.0,2123.7,2129.67,249766,5319.19,21753,79755,31.93
BALAXI,EQ,11-Aug-2026,24.2,24.44,24.49,23.6,23.71,23.65,24.0,39143,9.39,227,37667,96.23
BALKRISHNA,EQ,11-Aug-2026,17.37,17.37,17.97,17.13,17.6,17.41,17.49,7908,1.38,118,6036,76.33
BALKRISIND,EQ,11-Aug-2026,2524.6,2535.8,2554.5,2475.0,2500.0,2498.9,2515.44,82830,2083.54,10104,40880,49.35
BALMLAWRIE,EQ,11-Aug-2026,173.82,175.0,175.01,172.0,173.85,172.89,172.95,202797,350.74,2991,92640,45.68
BALPHARMA,EQ,11-Aug-2026,90.9,91.8,91.8,86.27,86.5,86.99,88.26,41798,36.89,1001,27188,65.05
BALRAMCHIN,EQ,11-Aug-2026,655.25,650.0,658.0,613.1,625.0,627.8,638.84,645686,4124.89,25605,252101,39.04
BALUFORGE,EQ,11-Aug-2026,461.2,460.0,468.05,454.4,459.0,459.0,460.93,899132,4144.39,17968,395640,44.00
BANARBEADS,EQ,11-Aug-2026,114.39,115.15,117.95,114.71,115.4,115.38,116.04,3700,4.29,115,2420,65.41
BANARISUG,EQ,11-Aug-2026,3477.1,3499.0,3499.0,3431.7,3490.0,3484.1,3460.85,1042,36.06,53,574,55.09
BANCOINDIA,EQ,11-Aug-2026,627.5,626.0,637.85,622.5,632.0,633.85,632.43,172294,1089.64,10154,73551,42.69
BANDHANBNK,EQ,11-Aug-2026,172.62,172.62,175.3,171.0,174.0,174.0,173.39,5260473,9121.01,32582,2135629,40.60
BANG,EQ,11-Aug-2026,30.46,30.16,30.6,29.8,29.87,29.99,30.03,2053,0.62,53,1628,79.30
BANK10ADD,EQ,11-Aug-2026,17.03,16.97,17.05,16.89,17.05,17.0,16.94,53078,8.99,113,22874,43.10
BANK10BETF,EQ,11-Aug-2026,21.53,21.35,21.35,20.82,21.03,20.93,20.87,18451,3.85,92,17346,94.01
BANKA,EQ,11-Aug-2026,84.85,82.65,84.0,80.61,80.61,80.61,81.22,15886,12.9,123,11994,75.50
BANKADD,EQ,11-Aug-2026,59.07,58.72,58.9,58.63,58.73,58.76,58.8,84918,49.93,79,83501,98.33
BANKBARODA,EQ,11-Aug-2026,247.81,247.0,247.47,243.6,246.2,246.2,245.68,13598893,33410.22,86018,8844804,65.04
BANKBEES,EQ,11-Aug-2026,596.77,596.77,598.97,592.5,594.5,594.87,594.18,464724,2761.31,7004,264250,56.86
BANKBETA,EQ,11-Aug-2026,59.68,59.87,59.87,59.24,59.35,59.38,59.26,181072,107.3,421,160946,88.89
BANKBETF,EQ,11-Aug-2026,58.73,58.53,58.53,58.1,58.48,58.46,58.37,9258,5.4,220,5702,61.59
BANKETF,EQ,11-Aug-2026,587.06,588.0,588.0,583.02,584.43,585.99,585.82,189988,1112.98,195,177624,93.49
BANKIETF,EQ,11-Aug-2026,59.21,59.3,59.3,58.82,59.04,59.0,58.89,940850,554.03,1630,788062,83.76
BANKINDIA,EQ,11-Aug-2026,141.0,141.0,143.09,139.37,142.9,142.9,141.6,6783716,9605.41,32943,3192565,47.06
BANKNIFTY1,EQ,11-Aug-2026,59.99,59.99,60.11,59.46,59.74,59.69,59.61,223084,132.98,775,132187,59.25
BANKPSU,EQ,11-Aug-2026,87.14,87.0,87.34,86.49,87.0,87.08,86.91,6474,5.63,72,4699,72.58
BANSALWIRE,EQ,11-Aug-2026,322.55,324.95,327.2,317.85,320.0,319.9,321.97,82010,264.05,5176,49486,60.34
BANSWRAS,EQ,11-Aug-2026,124.19,124.5,125.12,122.76,123.05,123.14,124.08,6686,8.3,151,4619,69.08
BARFLEX,SM,11-Aug-2026,54.9,55.0,55.0,53.7,54.65,54.65,54.42,10000,5.44,5,8000,80.00
BASF,EQ,11-Aug-2026,4031.6,4057.5,4082.6,4016.2,4036.0,4037.2,4048.78,23357,945.67,4281,12145,52.00
BASILIC,SM,11-Aug-2026,199.85,195.0,198.9,193.3,196.2,197.55,195.47,11100,21.7,36,7800,70.27
BASML,BE,11-Aug-2026,28.34,27.0,27.35,26.93,26.93,26.93,26.93,177616,47.84,187,-,-
BATAINDIA,EQ,11-Aug-2026,712.85,713.0,715.3,697.0,699.0,699.85,701.35,247663,1736.99,14044,120631,48.71
BATLIBOI,EQ,11-Aug-2026,87.77,87.89,88.99,84.01,84.95,84.6,85.65,101301,86.77,1451,58399,57.65
BAWEJA,ST,11-Aug-2026,24.85,24.65,25.1,24.65,24.8,24.95,24.8,4800,1.19,6,4000,83.33
BAYERCROP,EQ,11-Aug-2026,4157.3,4157.5,4166.8,4105.1,4114.1,4116.1,4117.59,19247,792.51,3809,12496,64.92
BBETF0432,EQ,11-Aug-2026,1353.41,1357.89,1357.89,1353.12,1353.12,1353.18,1354.09,458,6.2,36,413,90.17
BBL,EQ,11-Aug-2026,2299.5,2299.5,2349.5,2286.0,2329.0,2324.4,2307.44,19902,459.23,2634,10139,50.94
BBNPNBETF,EQ,11-Aug-2026,58.3,57.13,58.14,57.13,58.14,58.14,57.82,400,0.23,13,306,76.50
BBNPPGOLD,EQ,11-Aug-2026,145.7,145.0,148.45,145.0,147.65,146.6,147.16,4747,6.99,114,3034,63.91
BBOX,EQ,11-Aug-2026,757.55,755.0,763.3,739.15,740.0,743.35,745.31,153748,1145.9,9558,77694,50.53
BBTC,EQ,11-Aug-2026,1509.5,1510.0,1519.6,1487.3,1488.0,1490.4,1496.16,27988,418.75,3641,18218,65.09
BBTCL,EQ,11-Aug-2026,222.65,219.0,226.38,219.0,226.38,224.76,223.29,3186,7.11,194,1813,56.91
BCG,EQ,11-Aug-2026,9.88,9.97,10.0,9.76,9.83,9.88,9.89,6072117,600.49,4629,2566710,42.27
BCLIND,EQ,11-Aug-2026,37.34,37.62,37.62,36.7,37.01,37.08,36.89,448537,165.48,2301,269423,60.07
BCONCEPTS,EQ,11-Aug-2026,170.91,173.86,179.0,168.31,177.09,175.78,172.49,12518,21.59,904,6791,54.25
BCPL,EQ,11-Aug-2026,69.52,69.18,71.6,68.21,69.7,69.53,69.8,4958,3.46,194,2763,55.73
BDL,EQ,11-Aug-2026,1310.0,1312.0,1319.2,1294.6,1307.6,1307.6,1306.98,505756,6610.12,24590,203221,40.18
BEACON,SM,11-Aug-2026,90.8,89.0,91.95,89.0,91.95,91.95,89.74,4000,3.59,3,4000,100.00
BEARDSELL,EQ,11-Aug-2026,26.79,26.99,26.99,25.91,26.46,26.12,26.47,26912,7.12,224,18314,68.05
BECTORFOOD,EQ,11-Aug-2026,233.28,233.8,243.64,228.01,240.19,240.62,238.15,5183888,12345.37,51255,1406251,27.13
BEDMUTHA,EQ,11-Aug-2026,112.05,114.0,118.5,112.02,115.8,116.93,117.01,2832,3.31,49,2368,83.62
BEEKAY,EQ,11-Aug-2026,394.0,399.0,399.0,385.35,396.0,397.9,395.53,2350,9.3,105,1636,69.62
BEL,EQ,11-Aug-2026,404.35,405.25,406.8,401.4,405.85,405.85,403.6,6803132,27457.39,72071,3999971,58.80
BELLACASA,EQ,11-Aug-2026,241.95,243.93,246.37,241.1,244.89,243.28,243.84,2284,5.57,154,1726,75.57
BELRISE,EQ,11-Aug-2026,252.77,253.9,257.75,251.53,254.44,253.97,254.65,2947908,7506.73,42655,1177134,39.93
BEML,EQ,11-Aug-2026,1884.4,1884.4,1937.6,1865.1,1904.0,1902.3,1904.48,628418,11968.12,36597,191751,30.51
BENGALASM,EQ,11-Aug-2026,6260.0,6243.5,6293.0,6200.5,6209.0,6204.5,6230.59,158,9.84,96,59,37.34
BEPL,EQ,11-Aug-2026,126.14,126.45,126.45,121.39,122.99,122.53,123.32,1266451,1561.79,10938,547696,43.25
BERGEPAINT,EQ,11-Aug-2026,542.1,541.8,545.0,533.65,535.25,534.95,537.2,291938,1568.29,20920,205076,70.25
BESTAGRO,EQ,11-Aug-2026,19.84,20.3,20.3,19.11,19.5,19.47,19.74,1790739,353.56,3510,809949,45.23
BETA,EQ,11-Aug-2026,2504.0,2480.0,2712.0,2470.0,2685.0,2668.3,2632.02,100763,2652.1,12797,49787,49.41
BEWLTD,SM,11-Aug-2026,52.55,51.1,52.6,48.6,50.0,49.35,50.28,78000,39.22,104,63000,80.77
BFINVEST,EQ,11-Aug-2026,478.4,478.0,479.3,461.1,466.25,468.3,466.77,56673,264.53,2303,28182,49.73
BFSI,EQ,11-Aug-2026,27.59,27.87,27.87,27.37,27.51,27.45,27.41,855862,234.61,1013,773578,90.39
BFUTILITIE,EQ,11-Aug-2026,563.05,562.75,567.45,558.95,558.95,561.55,563.79,25129,141.68,1982,13639,54.28
BGRENERGY,BE,11-Aug-2026,260.85,264.0,264.4,255.3,261.0,260.45,260.8,25257,65.87,352,-,-
BHADORA,ST,11-Aug-2026,96.7,101.0,101.5,96.75,99.0,99.0,100.29,18000,18.05,15,16800,93.33
BHAGCHEM,EQ,11-Aug-2026,285.35,285.35,297.8,280.0,285.1,286.6,290.96,175298,510.04,4514,107240,61.18
BHAGERIA,BE,11-Aug-2026,206.16,208.8,210.0,206.11,208.0,206.98,208.61,20071,41.87,179,-,-
BHAGYANGR,EQ,11-Aug-2026,380.65,370.0,390.95,363.65,384.0,386.3,379.16,117099,443.99,1894,66940,57.17
BHANDARI,BE,11-Aug-2026,2.85,2.88,2.89,2.83,2.88,2.87,2.88,61333,1.76,116,-,-
BHARATCOAL,EQ,11-Aug-2026,34.0,34.0,34.17,33.8,33.89,33.86,33.97,2806730,953.42,10413,1556820,55.47
BHARATFORG,EQ,11-Aug-2026,2093.1,2114.9,2144.4,2028.0,2051.0,2051.0,2057.02,4011397,82515.16,180289,1855844,46.26
BHARATGEAR,BE,11-Aug-2026,107.67,108.99,108.99,104.2,105.29,105.03,105.54,26908,28.4,332,-,-
BHARATRAS,EQ,11-Aug-2026,1370.3,1370.3,1396.0,1365.0,1386.0,1383.9,1380.38,10221,141.09,1614,4795,46.91
BHARATSE,EQ,11-Aug-2026,237.05,239.32,249.48,228.45,233.77,231.58,239.25,379621,908.23,10501,129487,34.11
BHARATWIRE,EQ,11-Aug-2026,192.37,193.7,197.0,190.1,192.0,190.59,193.66,164423,318.42,3613,62587,38.06
BHARTIARTL,EQ,11-Aug-2026,1943.0,1934.8,1938.3,1914.4,1915.2,1915.2,1919.69,6798617,130512.25,99573,4323117,63.59
BHARTIHEXA,EQ,11-Aug-2026,1507.0,1510.5,1524.2,1494.5,1515.0,1515.0,1512.49,90068,1362.27,12828,57644,64.00
BHEL,EQ,11-Aug-2026,409.0,409.9,413.4,401.65,403.0,403.0,405.15,5246729,21257.05,49429,2198560,41.90
BI,EQ,11-Aug-2026,60.75,62.5,68.5,61.0,65.38,64.92,65.64,30816,20.23,715,22024,71.47
BIGBLOC,EQ,11-Aug-2026,46.93,47.0,47.19,46.26,46.4,46.55,46.59,32207,15.01,449,26314,81.70
BIKAJI,EQ,11-Aug-2026,623.3,626.7,626.7,610.6,616.0,619.85,617.4,117528,725.62,8912,62051,52.80
BIKEWO,ST,11-Aug-2026,82.4,86.5,86.5,79.0,86.5,86.5,85.34,238000,203.1,102,228000,95.80
BIL,EQ,11-Aug-2026,827.15,840.0,844.95,817.4,833.0,833.1,830.0,3250,26.98,199,2567,78.98
BILVYAPAR,BE,11-Aug-2026,4.25,4.46,4.46,4.04,4.04,4.06,4.22,5730,0.24,38,-,-
BIMETAL,EQ,11-Aug-2026,651.95,645.05,656.25,624.0,656.25,648.9,641.03,851,5.46,44,554,65.10
BIOCON,EQ,11-Aug-2026,426.1,424.1,426.0,420.3,426.0,426.0,423.27,1959909,8295.63,31601,1022637,52.18
BIOFILCHEM,EQ,11-Aug-2026,32.64,32.64,34.0,32.2,32.8,32.64,32.83,9737,3.2,164,7361,75.60
BIOPOL,SM,11-Aug-2026,102.9,101.0,101.0,99.0,99.0,99.0,100.03,7200,7.2,6,6000,83.33
BIRET,RR,11-Aug-2026,346.69,347.85,347.85,343.2,345.6,344.97,344.96,290462,1001.97,7378,248852,85.67
BIRLACABLE,BE,11-Aug-2026,266.92,279.0,280.26,270.1,280.26,280.26,279.46,220900,617.32,1926,-,-
BIRLACORPN,EQ,11-Aug-2026,897.5,898.05,904.8,887.7,901.0,898.2,895.47,72102,645.65,5155,38118,52.87
BIRLAMONEY,EQ,11-Aug-2026,133.46,133.71,133.91,131.96,133.65,133.07,132.94,18526,24.63,638,10942,59.06
BIRLANU,EQ,11-Aug-2026,1607.4,1603.8,1724.0,1586.4,1695.3,1684.8,1686.05,92173,1554.09,9734,20792,22.56
BIRLAPREC,EQ,11-Aug-2026,34.59,34.5,36.9,34.41,35.89,35.75,35.82,55940,20.04,417,27480,49.12
BLACKBUCK,EQ,11-Aug-2026,576.3,576.0,578.8,564.8,572.0,571.5,570.69,194305,1108.88,9371,108575,55.88
BLACKROSE,BE,11-Aug-2026,110.77,110.99,113.7,110.0,110.0,110.01,110.55,7760,8.58,130,-,-
BLAL,EQ,11-Aug-2026,171.98,171.91,173.79,171.65,172.47,171.76,172.1,9001,15.49,217,7556,83.95
BLBLIMITED,EQ,11-Aug-2026,16.21,16.6,16.6,16.01,16.05,16.06,16.08,40101,6.45,132,35439,88.37
BLIL,EQ,11-Aug-2026,70.81,70.98,71.4,70.75,70.8,70.88,71.02,47050,33.42,538,29245,62.16
BLISSGVS,BE,11-Aug-2026,479.8,473.3,501.9,470.6,495.0,494.05,493.72,368326,1818.5,7785,-,-
BLKASHYAP,EQ,11-Aug-2026,54.97,55.0,55.94,53.69,54.5,53.99,54.39,229120,124.61,1466,151537,66.14
BLS,EQ,11-Aug-2026,260.71,261.0,266.98,258.03,261.6,260.86,262.9,2717857,7145.19,34561,1186942,43.67
BLSE,EQ,11-Aug-2026,314.5,315.9,319.0,311.6,318.0,317.65,316.07,275655,871.27,5600,146547,53.16
BLUECHIP,EQ,11-Aug-2026,1.69,1.72,1.72,1.72,1.72,1.72,1.72,22587,0.39,35,22577,99.96
BLUECOAST,BE,11-Aug-2026,26.2,27.0,27.0,25.1,25.1,25.1,26.67,5599,1.49,28,-,-
BLUEDART,EQ,11-Aug-2026,5190.5,5210.0,5210.0,5081.0,5090.0,5092.5,5125.6,9794,502.0,3006,5528,56.44
BLUEJET,EQ,11-Aug-2026,592.15,590.0,596.65,586.25,588.0,590.7,590.89,451052,2665.23,13034,242613,53.79
BLUEPEBBLE,SM,11-Aug-2026,72.35,70.5,76.8,70.5,76.8,76.8,74.1,1200,0.89,3,800,66.67
BLUESTARCO,EQ,11-Aug-2026,1508.0,1516.3,1541.2,1487.0,1497.9,1497.9,1504.19,756778,11383.36,38691,393232,51.96
BLUESTONE,EQ,11-Aug-2026,830.15,836.95,856.9,829.55,839.6,837.85,841.95,2639399,22222.43,71710,371124,14.06
BLUEWATER,ST,11-Aug-2026,419.0,410.05,415.0,398.05,398.05,398.05,402.08,18000,72.37,18,18000,100.00
BLUSPRING,EQ,11-Aug-2026,112.36,114.78,119.0,112.65,117.0,117.85,116.52,348322,405.87,3062,205154,58.90
BMLL,SM,11-Aug-2026,147.9,147.8,149.0,146.0,146.5,146.5,147.07,79000,116.18,50,66000,83.54
BMWVENTLTD,EQ,11-Aug-2026,58.92,59.22,60.29,58.21,59.0,58.84,59.29,97997,58.1,1565,57113,58.28
BNAGROCHEM,EQ,11-Aug-2026,265.05,265.05,273.9,251.8,251.8,255.25,261.07,401632,1048.53,874,27201,6.77
BNALTD,BE,11-Aug-2026,408.4,408.2,409.0,399.0,399.0,399.0,407.34,16,0.07,7,-,-
BNKETFAXIS,EQ,11-Aug-2026,595.52,594.7,594.7,591.41,593.07,593.19,591.95,260,1.54,32,229,88.08
BODALCHEM,BE,11-Aug-2026,68.86,68.86,70.6,67.2,69.3,69.25,69.0,119116,82.19,562,-,-
BOHRAIND,EQ,11-Aug-2026,14.96,15.5,16.45,15.04,15.9,15.84,15.77,21166,3.34,127,12036,56.86
BOMDYEING,EQ,11-Aug-2026,119.95,117.1,119.16,115.97,116.19,116.11,117.13,700124,820.04,7000,358247,51.17
BONLON,EQ,11-Aug-2026,40.84,42.0,42.99,39.02,40.87,40.6,40.43,3304,1.34,113,2549,77.15
BORANA,EQ,11-Aug-2026,343.35,345.1,348.95,320.0,330.25,328.1,331.12,59958,198.53,1727,32124,53.58
BOROLTD,EQ,11-Aug-2026,241.04,241.1,246.5,238.0,245.75,244.65,241.36,50537,121.98,1801,28883,57.15
BORORENEW,EQ,11-Aug-2026,548.5,548.0,568.7,548.0,564.85,562.5,560.5,562733,3154.13,16005,219937,39.08
BOROSCI,EQ,11-Aug-2026,137.63,138.5,138.64,135.5,136.0,135.85,136.88,48104,65.85,1254,28831,59.93
BOSCH-HCIL,EQ,11-Aug-2026,1709.1,1709.1,1718.4,1651.3,1710.0,1696.8,1690.44,65711,1110.8,8694,20300,30.89
BOSCHLTD,EQ,11-Aug-2026,43505.0,44105.0,45750.0,44000.0,45185.0,45185.0,45161.74,150509,67972.48,54776,31847,21.16
BOSS,SM,11-Aug-2026,45.7,44.1,44.1,43.45,43.45,43.45,43.78,4000,1.75,2,4000,100.00
BPCL,EQ,11-Aug-2026,318.5,316.95,318.95,314.9,317.8,317.8,316.66,2733485,8655.79,27941,1372946,50.23
BPL,EQ,11-Aug-2026,53.51,53.9,54.0,53.45,53.65,53.77,53.7,27683,14.87,499,18496,66.81
BRACEPORT,SM,11-Aug-2026,70.0,79.9,79.9,70.0,70.0,70.0,72.99,6400,4.67,4,4800,75.00
BRANDMAN,SM,11-Aug-2026,192.1,191.05,194.45,190.0,190.0,190.0,191.34,11200,21.43,12,9600,85.71
BRIGADE,EQ,11-Aug-2026,607.7,611.05,619.45,601.35,605.0,605.1,608.55,551988,3359.14,19736,204280,37.01
BRIGHOTEL,EQ,11-Aug-2026,59.91,60.0,60.86,59.6,59.7,59.8,59.84,45392,27.16,1066,30216,66.57
BRITANNIA,EQ,11-Aug-2026,5623.5,5650.0,5652.0,5598.0,5598.0,5598.0,5628.52,332689,18725.46,22547,209730,63.04
BRNL,EQ,11-Aug-2026,17.67,17.67,17.99,17.32,17.5,17.48,17.42,31853,5.55,274,23484,73.73
BROOKS,BE,11-Aug-2026,59.9,61.89,61.89,59.0,59.51,59.51,59.35,10923,6.48,107,-,-
BSE,EQ,11-Aug-2026,3596.1,3620.0,3628.0,3534.6,3605.0,3605.0,3586.0,5475430,196348.79,221660,2021398,36.92
BSE500IETF,EQ,11-Aug-2026,40.14,40.14,40.54,39.91,40.05,40.04,40.04,67144,26.88,1207,37397,55.70
BSHSL,BE,11-Aug-2026,90.28,89.98,89.98,85.77,89.45,88.34,87.22,10471,9.13,119,-,-
BSL,EQ,11-Aug-2026,124.0,125.24,125.34,122.3,122.99,122.76,123.09,3322,4.09,151,1937,58.31
BSLGOLDETF,EQ,11-Aug-2026,132.5,135.81,135.81,132.96,133.53,133.55,134.39,2328590,3129.48,2173,2124581,91.24
BSLNIFTY,EQ,11-Aug-2026,28.9,28.17,29.62,28.17,28.69,28.75,28.75,622239,178.9,3796,528621,84.95
BSLSENETFG,EQ,11-Aug-2026,79.87,79.87,79.87,78.74,79.66,79.3,78.9,4984,3.93,149,4175,83.77
BSOFT,EQ,11-Aug-2026,317.25,320.9,330.0,319.0,319.5,320.3,324.3,2644985,8577.75,34374,1352935,51.15
BTML,EQ,11-Aug-2026,8.0,7.9,9.15,7.8,8.49,8.55,8.48,9501050,805.74,3633,6447991,67.87
BTTL,BE,11-Aug-2026,42.9,42.41,45.04,41.62,44.6,44.2,43.21,20921,9.04,69,-,-
BUILDPRO,EQ,11-Aug-2026,1273.2,1272.1,1293.7,1241.1,1260.1,1270.0,1274.25,50941,649.12,5697,23725,46.57
BULKCORP,SM,11-Aug-2026,63.6,63.95,63.95,63.95,63.95,63.95,63.95,1200,0.77,1,1200,100.00
BURNPUR,BE,11-Aug-2026,1.0,20.2,21.39,20.0,21.3,21.35,21.08,234401,49.41,1438,-,-
BUTTERFLY,EQ,11-Aug-2026,683.6,683.45,683.45,668.0,670.0,669.85,675.2,16787,113.35,885,10085,60.08
BVCL,EQ,11-Aug-2026,41.34,41.72,41.99,40.5,41.79,41.41,41.32,12122,5.01,155,9847,81.23
BYKE,BE,11-Aug-2026,32.99,32.83,33.49,32.2,32.96,32.95,32.81,39776,13.05,75,-,-
C2C,SM,11-Aug-2026,258.95,260.2,261.0,255.95,256.0,256.5,257.8,62400,160.87,313,46950,75.24
CALSOFT,BE,11-Aug-2026,21.74,21.21,21.74,21.06,21.29,21.26,21.29,47690,10.15,218,-,-
CAMLINFINE,EQ,11-Aug-2026,124.37,125.48,128.89,124.83,126.0,125.5,126.71,555185,703.49,5103,234482,42.23
CAMPUS,EQ,11-Aug-2026,222.07,223.5,223.51,217.59,219.19,218.82,219.2,581797,1275.33,7880,348929,59.97
CAMS,EQ,11-Aug-2026,789.45,787.0,796.5,784.05,788.0,788.0,789.53,681139,5377.8,29842,342756,50.32
CANARYS,SM,11-Aug-2026,22.35,21.9,23.95,21.9,22.5,22.5,22.42,68000,15.24,15,48000,70.59
CANBK,EQ,11-Aug-2026,129.0,129.0,130.48,127.86,130.3,130.3,129.42,11765490,15227.31,65510,4877924,41.46
CANFINHOME,EQ,11-Aug-2026,820.3,827.0,829.0,813.0,826.0,825.9,822.28,149920,1232.77,9444,89167,59.48
CANHLIFE,EQ,11-Aug-2026,149.39,149.39,151.4,148.71,149.1,149.35,150.39,1086576,1634.11,21204,759853,69.93
CANTABIL,EQ,11-Aug-2026,233.21,233.21,233.61,225.17,230.4,227.6,228.62,70554,161.3,1727,43543,61.72
CAPACITE,EQ,11-Aug-2026,210.5,210.07,213.72,208.82,210.2,211.12,210.78,197317,415.91,3869,91125,46.18
CAPILLARY,EQ,11-Aug-2026,521.55,520.0,533.3,509.95,524.95,522.95,523.49,910956,4768.76,15557,349825,38.40
CAPINVIT,IV,11-Aug-2026,75.43,75.35,76.0,75.11,75.51,75.31,75.58,405928,306.79,3338,286750,70.64
CAPITALSFB,EQ,11-Aug-2026,289.55,291.3,297.0,288.55,296.3,295.2,291.98,19501,56.94,682,10436,53.52
CAPLIPOINT,EQ,11-Aug-2026,2623.8,2629.7,2659.9,2604.6,2639.0,2629.6,2629.54,93909,2469.38,16166,52817,56.24
CAPTRUST,BE,11-Aug-2026,20.28,20.28,21.24,19.35,20.59,20.03,20.67,73040,15.1,279,-,-
CARBORUNIV,EQ,11-Aug-2026,1121.0,1145.0,1185.0,1103.9,1169.0,1173.8,1148.62,356443,4094.18,29018,149890,42.05
CARERATING,EQ,11-Aug-2026,1732.5,1732.0,1732.0,1676.2,1686.0,1688.6,1706.44,47706,814.08,6898,27736,58.14
CARRARO,EQ,11-Aug-2026,497.8,497.0,513.65,492.25,504.05,508.95,501.25,138957,696.52,7792,68855,49.55
CARTRADE,EQ,11-Aug-2026,2762.0,2764.0,2818.7,2755.0,2771.8,2763.6,2787.34,178293,4969.63,15809,80068,44.91
CARYSIL,EQ,11-Aug-2026,1251.7,1258.0,1266.3,1180.5,1185.2,1196.3,1205.53,265861,3205.04,21687,137793,51.83
CASHIETF,EQ,11-Aug-2026,1074.6,1074.74,1074.76,1074.74,1074.76,1074.75,1074.75,162838,1750.1,98,119144,73.17
CASTROLIND,EQ,11-Aug-2026,193.43,187.49,188.0,186.11,186.7,186.82,187.02,3384947,6330.67,35655,2326318,68.73
CCAVENUE,EQ,11-Aug-2026,17.54,17.52,17.71,16.25,16.43,16.42,16.86,20188410,3404.66,27161,10246469,50.75
CCCL,EQ,11-Aug-2026,15.17,15.6,16.5,15.2,15.65,15.56,15.81,401080,63.4,1065,148625,37.06
CCHHL,EQ,11-Aug-2026,12.56,12.57,12.84,12.29,12.67,12.46,12.48,14268,1.78,115,8452,59.24
CCL,EQ,11-Aug-2026,1122.7,1123.0,1149.9,1116.2,1129.5,1123.6,1134.06,231813,2628.9,21828,100655,43.42
CDSL,EQ,11-Aug-2026,1332.5,1332.5,1349.9,1326.1,1347.0,1347.0,1341.11,970597,13016.77,32081,397239,40.93
CEATLTD,EQ,11-Aug-2026,3793.6,3800.0,3824.8,3726.1,3750.0,3750.2,3776.34,104166,3933.67,12668,50413,48.40
CEIGALL,EQ,11-Aug-2026,319.8,314.95,329.7,313.6,325.95,325.75,322.99,431443,1393.53,24210,188924,43.79
CEINSYS,EQ,11-Aug-2026,842.45,845.0,870.05,775.4,799.0,796.05,818.03,246621,2017.44,11779,83816,33.99
CELEBRITY,EQ,11-Aug-2026,6.91,6.81,7.05,6.81,6.98,6.91,6.92,13433,0.93,103,9579,71.31
CELLECOR,ST,11-Aug-2026,31.1,31.0,31.0,29.65,30.1,30.1,30.03,192000,57.66,49,180000,93.75
CELLO,EQ,11-Aug-2026,360.15,361.95,382.4,359.15,377.55,378.6,373.44,1402152,5236.17,34940,496227,35.39
CELLPOINT,SM,11-Aug-2026,16.6,16.05,16.05,16.0,16.05,16.05,16.03,3600,0.58,3,3600,100.00
CEMNTGROWW,EQ,11-Aug-2026,15.53,15.69,15.69,15.24,15.37,15.27,15.33,148267,22.73,993,131889,88.95
CEMPRO,EQ,11-Aug-2026,1266.4,1275.0,1294.0,1235.3,1260.0,1274.6,1266.16,515968,6532.97,30572,269636,52.26
CENTENKA,EQ,11-Aug-2026,610.45,610.45,618.4,601.1,605.0,604.1,605.96,64674,391.9,2696,37903,58.61
CENTEXT,EQ,11-Aug-2026,22.57,22.75,22.89,21.15,21.87,22.03,21.78,750365,163.46,2220,384632,51.26
CENTRALBK,EQ,11-Aug-2026,31.02,31.12,31.27,30.87,31.2,31.19,31.11,4663038,1450.55,13588,2486603,53.33
CENTRUM,EQ,11-Aug-2026,26.25,26.99,27.4,26.01,26.59,26.89,26.65,975208,259.93,2956,390483,40.04
CENTUM,EQ,11-Aug-2026,3861.2,3850.0,3897.7,3791.0,3829.7,3821.2,3837.51,23797,913.21,7763,12305,51.71
CENTURYPLY,EQ,11-Aug-2026,779.55,775.0,784.85,771.55,778.0,776.4,777.21,31115,241.83,4696,17266,55.49
CERA,EQ,11-Aug-2026,6033.5,6099.0,6100.0,5934.0,5969.0,5984.5,6009.22,6089,365.9,1666,3150,51.73
CEREBRAINT,BZ,11-Aug-2026,2.81,2.74,2.89,2.74,2.74,2.74,2.78,51834,1.44,124,-,-
CESC,EQ,11-Aug-2026,164.58,166.31,166.31,160.4,160.9,161.01,162.31,1652565,2682.23,20685,938682,56.80
CEWATER,EQ,11-Aug-2026,275.6,275.6,280.0,273.3,276.45,275.2,275.93,42365,116.9,1495,24405,57.61
CGCL,EQ,11-Aug-2026,232.39,233.99,236.79,231.4,236.0,235.46,234.6,2491050,5844.07,18030,583818,23.44
CGPOWER,EQ,11-Aug-2026,879.0,875.0,881.0,865.9,881.0,881.0,872.98,1064285,9290.97,19551,455771,42.82
CGRAPHICS,SM,11-Aug-2026,150.3,150.0,152.0,149.0,150.0,149.6,150.45,16800,25.27,20,10400,61.90
CHALET,EQ,11-Aug-2026,837.1,844.6,848.0,815.0,821.0,821.2,824.41,154118,1270.56,11377,94997,61.64
CHAMBLFERT,EQ,11-Aug-2026,451.55,446.45,450.8,442.9,444.7,444.35,446.16,289902,1293.43,11457,174816,60.30
CHAMUNDA,SM,11-Aug-2026,41.1,42.0,42.0,39.8,41.25,40.35,40.62,27000,10.97,9,21000,77.78
CHANDAN,SM,11-Aug-2026,238.05,238.05,241.7,236.25,240.0,240.0,239.43,15200,36.39,18,9600,63.16
CHAVDA,SM,11-Aug-2026,137.85,137.0,137.5,135.0,135.0,135.1,135.48,65000,88.06,53,36000,55.38
CHEMBOND,BE,11-Aug-2026,179.08,180.0,180.0,170.13,178.95,178.32,176.02,7528,13.25,131,-,-
CHEMBONDCH,BE,11-Aug-2026,249.29,258.9,261.75,251.1,261.75,261.75,260.58,30864,80.43,345,-,-
CHEMCON,BE,11-Aug-2026,191.59,189.6,193.0,188.01,190.5,189.55,189.86,10880,20.66,165,-,-
CHEMFAB,BE,11-Aug-2026,378.0,378.0,380.0,372.0,380.0,376.25,376.34,5334,20.07,59,-,-
CHEMICAL,EQ,11-Aug-2026,30.77,30.75,30.99,30.51,30.8,30.67,30.67,407338,124.94,1028,317733,78.00
CHEMPLASTS,EQ,11-Aug-2026,178.57,178.7,180.74,170.02,172.6,171.68,173.09,429930,744.19,8732,196650,45.74
CHENNPETRO,EQ,11-Aug-2026,1240.1,1249.0,1449.0,1237.0,1418.0,1426.1,1383.89,17236108,238529.42,402703,2767633,16.06
CHETANA,ST,11-Aug-2026,46.15,45.0,46.85,45.0,46.85,46.85,46.1,8000,3.69,3,8000,100.00
CHEVIOT,EQ,11-Aug-2026,1142.8,1183.0,1183.0,1155.0,1170.0,1168.5,1169.01,2336,27.31,362,1708,73.12
CHOICEGOLD,EQ,11-Aug-2026,149.72,149.72,152.0,149.72,150.19,150.38,151.05,6869,10.38,158,4090,59.54
CHOICEIN,EQ,11-Aug-2026,844.75,850.05,854.3,820.0,821.0,822.4,833.21,820404,6835.7,14354,295567,36.03
CHOLAFIN,EQ,11-Aug-2026,1920.0,1909.9,1926.0,1892.9,1914.4,1914.4,1907.37,1453808,27729.5,44793,932918,64.17
CHOLAHLDNG,EQ,11-Aug-2026,1622.1,1622.1,1625.4,1600.1,1615.0,1610.6,1610.61,113826,1833.3,9609,88365,77.63
CIEINDIA,EQ,11-Aug-2026,409.5,411.45,419.7,407.55,413.9,413.0,410.66,3533773,14511.83,37586,2454323,69.45
CIFL,EQ,11-Aug-2026,21.94,22.77,22.77,21.96,22.03,22.12,22.4,111742,25.03,667,77141,69.03
CINELINE,EQ,11-Aug-2026,89.63,90.21,90.93,88.01,88.01,88.03,89.01,15520,13.81,230,11298,72.80
CINEVISTA,EQ,11-Aug-2026,14.87,15.13,15.3,14.75,15.15,15.1,15.12,14722,2.23,57,12140,82.46
CIPLA,EQ,11-Aug-2026,1467.7,1466.1,1469.8,1457.2,1463.0,1463.0,1462.28,958909,14021.93,32853,733966,76.54
CITIUSINVT,IV,11-Aug-2026,110.19,110.03,110.5,110.03,110.2,110.19,110.2,81766,90.11,489,78681,96.23
CKKRETAIL,SM,11-Aug-2026,145.0,145.05,145.05,145.05,145.05,145.05,145.05,800,1.16,1,800,100.00
CLASSICEIL,SM,11-Aug-2026,55.8,55.0,57.0,50.25,50.25,50.25,50.64,240000,121.55,87,220800,92.00
CLAYCRAFT,SM,11-Aug-2026,172.8,178.0,178.0,163.0,163.0,165.25,166.31,40200,66.86,57,30600,76.12
CLCIND,BE,11-Aug-2026,53.61,50.93,51.93,50.93,51.93,51.89,50.97,677,0.35,9,-,-
CLEAN,EQ,11-Aug-2026,803.55,803.55,816.6,798.0,812.0,810.0,808.62,575716,4655.33,38544,276082,47.95
CLEANMAX,EQ,11-Aug-2026,1292.0,1302.6,1319.0,1261.3,1280.0,1272.2,1292.62,124802,1613.22,11344,51654,41.39
CLEDUCATE,BE,11-Aug-2026,56.77,55.98,59.0,55.05,58.5,58.18,58.47,47480,27.76,196,-,-
CLSEL,EQ,11-Aug-2026,278.9,274.55,279.0,274.55,277.0,277.25,277.3,24540,68.05,736,13647,55.61
CLSL,SM,11-Aug-2026,73.5,75.0,75.25,74.5,74.5,74.5,75.0,32000,24.0,12,30000,93.75
CMLL,EQ,11-Aug-2026,572.45,572.25,585.3,560.05,577.95,576.8,573.81,793973,4555.93,15448,246431,31.04
CMNL,SM,11-Aug-2026,110.3,115.95,119.0,107.0,108.0,111.55,113.01,128250,144.93,84,114750,89.47
CMPDI,EQ,11-Aug-2026,246.83,247.8,253.98,247.0,250.0,250.09,250.84,2026403,5083.12,26719,991332,48.92
CMRGREEN,EQ,11-Aug-2026,221.27,218.87,221.8,212.9,220.02,219.09,216.57,1477599,3199.98,29083,555975,37.63
CMSINFO,EQ,11-Aug-2026,279.35,279.35,279.35,265.0,266.0,266.1,268.87,852791,2292.89,24771,499090,58.52
CNL,EQ,11-Aug-2026,1083.65,1078.2,1123.0,1078.2,1121.0,1115.6,1106.64,38480,425.83,3762,15835,41.15
COALINDIA,EQ,11-Aug-2026,411.0,411.0,413.45,409.25,412.6,412.6,411.31,10739893,44173.91,73462,7553442,70.33
COASTCORP,EQ,11-Aug-2026,42.71,42.35,43.83,42.18,42.25,42.32,42.97,90420,38.85,867,56799,62.82
COCHINSHIP,EQ,11-Aug-2026,1502.0,1502.0,1510.7,1487.3,1496.0,1496.0,1495.62,462009,6909.91,20019,207159,44.84
COCKERILL,EQ,11-Aug-2026,9525.5,9570.0,9794.0,9490.5,9665.0,9661.5,9645.65,4639,447.46,1484,1805,38.91
COFFEEDAY,BE,11-Aug-2026,31.07,30.75,31.45,30.0,30.74,30.46,30.48,719989,219.48,1345,-,-
COFORGE,EQ,11-Aug-2026,1810.0,1820.0,1836.0,1809.8,1819.0,1819.0,1822.73,1694152,30879.75,50304,739206,43.63
COHANCE,EQ,11-Aug-2026,447.0,447.0,474.7,445.55,465.0,463.95,464.09,2268116,10526.13,57780,717244,31.62
COLPAL,EQ,11-Aug-2026,2019.5,2018.0,2019.0,1999.0,2008.0,2008.0,2004.86,272703,5467.3,29957,152374,55.88
COMFINTE,EQ,11-Aug-2026,6.56,6.47,6.78,6.36,6.4,6.41,6.51,648048,42.21,358,614336,94.80
COMMITTED,ST,11-Aug-2026,346.0,346.0,346.0,328.7,339.95,334.3,334.73,7200,24.1,9,7200,100.00
COMMOIETF,EQ,11-Aug-2026,102.08,102.08,102.56,100.82,101.4,101.25,101.08,519309,524.93,1411,488905,94.15
COMPINFO,BZ,11-Aug-2026,1.1,1.11,1.15,1.05,1.07,1.07,1.07,21628,0.23,36,-,-
COMPUSOFT,EQ,11-Aug-2026,13.2,13.14,13.47,13.09,13.3,13.11,13.15,18560,2.44,152,15784,85.04
COMSYN,EQ,11-Aug-2026,269.03,269.9,282.77,260.11,267.7,267.55,271.9,2417982,6574.56,32463,351679,14.54
CONCOR,EQ,11-Aug-2026,501.9,501.9,512.0,498.75,512.0,512.0,508.02,1100404,5590.32,20218,523975,47.62
CONCORDBIO,EQ,11-Aug-2026,1419.0,1424.6,1471.9,1421.1,1422.0,1428.9,1448.5,274179,3971.5,22762,100094,36.51
CONFIPET,EQ,11-Aug-2026,82.74,83.15,86.0,75.18,78.05,78.42,81.48,15164879,12356.45,67338,4634275,30.56
CONNPLEX,SM,11-Aug-2026,205.15,205.0,206.5,200.25,200.55,202.1,202.96,8800,17.86,11,5600,63.64
CONS,EQ,11-Aug-2026,12.59,12.53,12.7,12.51,12.51,12.55,12.57,16693,2.1,126,14148,84.75
CONSOFINVT,BE,11-Aug-2026,281.65,280.0,289.7,272.0,273.0,274.7,276.61,8203,22.69,86,-,-
CONSUMAXIS,EQ,11-Aug-2026,126.27,125.86,125.86,125.05,125.3,125.3,125.55,2142,2.69,28,1059,49.44
CONSUMBEES,EQ,11-Aug-2026,135.96,136.78,136.78,135.2,135.5,135.4,135.64,87846,119.15,1031,51491,58.62
CONSUMER,EQ,11-Aug-2026,12.22,12.46,12.46,12.23,12.27,12.24,12.26,122089,14.96,288,79432,65.06
CONSUMIETF,EQ,11-Aug-2026,126.48,127.4,127.4,125.4,125.4,125.92,126.04,17328,21.84,157,10078,58.16
CONTROLPR,EQ,11-Aug-2026,579.9,583.0,583.0,568.0,569.05,569.7,572.16,13604,77.84,2708,9462,69.55
COOLCAPS,ST,11-Aug-2026,21.05,21.05,21.05,20.8,20.8,20.8,20.94,7500,1.57,6,7500,100.00
CORALFINAC,EQ,11-Aug-2026,33.45,34.0,34.0,33.01,33.4,33.34,33.61,17570,5.9,253,11687,66.52
CORDELIA,EQ,11-Aug-2026,841.15,845.0,877.45,810.0,837.0,833.75,848.52,359200,3047.87,15676,127034,35.37
CORDSCABLE,BE,11-Aug-2026,223.24,224.4,230.0,218.0,229.0,226.83,224.23,23511,52.72,310,-,-
COROMANDEL,EQ,11-Aug-2026,2098.3,2090.0,2099.0,2074.5,2085.0,2085.2,2084.79,32780,683.39,6138,15067,45.96
CORONA,EQ,11-Aug-2026,2081.3,2098.0,2161.0,2071.3,2114.9,2101.7,2114.67,87592,1852.28,12904,54308,62.00
COSMOFIRST,EQ,11-Aug-2026,927.15,939.0,947.3,923.05,935.5,930.3,934.29,130167,1216.14,6647,74162,56.97
COUNCODOS,BE,11-Aug-2026,6.07,6.13,6.23,5.82,6.14,6.04,6.01,33481,2.01,113,-,-
CPCAP,EQ,11-Aug-2026,117.56,117.7,120.9,116.0,116.0,116.12,118.37,14780,17.49,348,9397,63.58
CPEDU,EQ,11-Aug-2026,209.2,210.21,215.0,210.01,213.44,212.86,213.06,6310,13.44,199,4638,73.50
CPL,EQ,11-Aug-2026,69.76,69.9,74.0,69.85,70.25,70.0,70.66,42371,29.94,1227,19448,45.90
CPPLUS,EQ,11-Aug-2026,3764.8,3764.8,3915.0,3762.0,3790.0,3805.5,3854.13,342856,13214.11,54682,173204,50.52
CPSEETF,EQ,11-Aug-2026,93.8,96.14,96.14,93.28,93.99,93.84,93.7,1138622,1066.93,8071,896407,78.73
CRAFTSMAN,EQ,11-Aug-2026,10282.5,10282.5,10404.0,10211.0,10300.0,10294.0,10303.65,10648,1097.13,4227,5848,54.92
CRAMC,EQ,11-Aug-2026,261.45,261.45,264.0,256.05,257.0,256.65,258.65,188099,486.51,5477,121284,64.48
CREATIVEYE,EQ,11-Aug-2026,6.1,6.13,6.28,6.08,6.27,6.26,6.13,2426,0.15,30,2421,99.79
CREDITACC,EQ,11-Aug-2026,1530.5,1530.0,1554.9,1523.3,1539.5,1540.3,1542.92,219135,3381.07,16149,128801,58.78
CREST,EQ,11-Aug-2026,365.25,370.0,373.8,353.35,370.0,368.65,365.44,6588,24.08,282,2456,37.28
CRISIL,EQ,11-Aug-2026,4635.4,4650.0,4650.0,4470.0,4472.1,4480.8,4527.56,46066,2085.67,9641,25914,56.25
CRIZAC,EQ,11-Aug-2026,186.62,187.0,187.0,184.02,184.6,185.33,185.32,137835,255.43,4957,75774,54.97
CROMPTON,EQ,11-Aug-2026,247.55,248.7,249.0,244.4,245.4,245.4,246.34,1599469,3940.1,22825,656346,41.04
CROWN,EQ,11-Aug-2026,109.44,110.0,110.85,106.21,108.4,107.6,108.15,13074,14.14,253,10949,83.75
CSBBANK,EQ,11-Aug-2026,325.1,325.55,326.95,318.8,325.3,324.55,323.35,256584,829.67,8351,132469,51.63
CSLFINANCE,EQ,11-Aug-2026,221.94,219.9,226.39,218.66,225.0,224.21,223.96,48409,108.41,976,39079,80.73
CSM,EQ,11-Aug-2026,105.5,105.24,105.5,101.55,102.5,102.72,103.1,274370,282.88,2361,186893,68.12
CSSL,SM,11-Aug-2026,102.0,101.0,101.0,101.0,101.0,101.0,101.0,1000,1.01,1,1000,100.00
CTE,EQ,11-Aug-2026,37.75,38.8,38.8,37.12,37.97,37.67,37.4,5236,1.96,80,3508,67.00
CUB,EQ,11-Aug-2026,216.42,215.34,215.67,210.1,213.74,213.69,213.11,2247321,4789.21,38722,1110368,49.41
CUBEINVIT,IV,11-Aug-2026,159.38,159.38,160.0,158.21,159.0,158.98,158.99,509838,810.61,7952,444503,87.19
CUBEXTUB,EQ,11-Aug-2026,81.34,80.05,81.59,79.5,79.6,79.79,80.23,30031,24.09,751,15767,52.50
CUDML,ST,11-Aug-2026,126.35,120.1,125.0,120.05,120.05,120.05,120.48,13000,15.66,13,13000,100.00
CUMMINSIND,EQ,11-Aug-2026,5448.0,5418.0,5447.0,5356.0,5378.5,5378.5,5379.81,370560,19935.44,32348,259584,70.05
CUPID,EQ,11-Aug-2026,262.71,265.02,277.0,264.7,277.0,276.65,273.04,37869272,103399.9,210792,10383086,27.42
CURAA,EQ,11-Aug-2026,73.55,75.1,75.1,73.5,73.55,73.55,73.61,56,0.04,13,55,98.21
CURRENT,SM,11-Aug-2026,101.2,107.0,107.0,107.0,107.0,107.0,107.0,1600,1.71,1,1600,100.00
CYBERMEDIA,BE,11-Aug-2026,16.21,16.49,16.49,16.0,16.25,16.34,16.2,5613,0.91,55,-,-
CYBERTECH,BE,11-Aug-2026,136.99,136.75,136.75,135.01,135.3,136.39,135.63,7205,9.77,153,-,-
CYIENT,EQ,11-Aug-2026,855.0,855.0,863.6,849.0,853.5,853.4,853.22,269359,2298.22,16053,187403,69.57
CYIENTDLM,EQ,11-Aug-2026,691.5,695.0,716.0,693.0,709.0,709.0,708.98,708485,5023.04,33271,357530,50.46
DABUR,EQ,11-Aug-2026,414.2,414.0,414.0,411.05,412.65,412.65,412.05,1132096,4664.79,20090,711779,62.87
DAICHI,EQ,11-Aug-2026,319.95,304.0,323.95,304.0,320.0,319.9,315.56,1742,5.5,63,1528,87.72
DALBHARAT,EQ,11-Aug-2026,1845.0,1851.4,1851.4,1817.1,1835.6,1835.6,1831.95,74191,1359.14,6313,29646,39.96
DALMIASUG,EQ,11-Aug-2026,418.95,418.95,427.8,404.65,407.0,408.3,414.68,252739,1048.06,7532,86301,34.15
DAMCAPITAL,EQ,11-Aug-2026,151.0,151.01,154.85,151.01,151.5,152.38,152.72,249625,381.24,3705,133509,53.48
DAMODARIND,BE,11-Aug-2026,29.0,28.25,28.98,27.69,28.45,28.45,28.4,8836,2.51,24,-,-
DANGEE,EQ,11-Aug-2026,2.98,2.95,3.14,2.95,3.0,2.98,3.02,74496,2.25,110,61503,82.56
DANISH,SM,11-Aug-2026,807.35,807.4,810.0,750.0,766.25,769.35,784.66,48900,383.7,259,38100,77.91
DATAMATICS,EQ,11-Aug-2026,862.5,856.3,870.0,854.0,865.0,862.7,861.15,54643,470.56,4397,22735,41.61
DATAPATTNS,EQ,11-Aug-2026,4429.7,4433.7,4515.0,4372.0,4399.9,4391.6,4411.06,313404,13824.45,34718,95082,30.34
DAVANGERE,EQ,11-Aug-2026,3.08,3.09,3.11,3.07,3.1,3.09,3.09,2219106,68.59,1189,1446670,65.19
DBCORP,EQ,11-Aug-2026,211.28,211.28,212.5,208.29,211.2,211.86,210.52,111480,234.69,3675,66469,59.62
DBEIL,BE,11-Aug-2026,7.21,7.35,7.35,7.12,7.24,7.18,7.22,68910,4.98,239,-,-
DBL,EQ,11-Aug-2026,442.75,424.0,438.6,418.0,420.9,422.2,427.82,660366,2825.17,18049,248630,37.65
DBOL,EQ,11-Aug-2026,116.71,116.78,117.99,114.2,114.2,114.64,115.67,83355,96.42,1643,49889,59.85
DBREALTY,EQ,11-Aug-2026,116.71,116.0,117.0,113.5,114.5,114.17,114.61,427017,489.4,1929,326650,76.50
DBSTOCKBRO,BE,11-Aug-2026,32.81,33.0,34.4,32.7,33.77,33.24,33.65,3837,1.29,95,-,-
DCAL,EQ,11-Aug-2026,188.3,189.81,193.95,188.95,193.65,193.43,192.54,222447,428.3,4866,122841,55.22
DCBBANK,EQ,11-Aug-2026,187.43,187.99,188.8,182.08,187.0,185.02,184.17,1791504,3299.35,19813,936333,52.27
DCCL,SM,11-Aug-2026,48.0,47.0,47.0,47.0,47.0,47.0,47.0,2000,0.94,1,2000,100.00
DCG,SM,11-Aug-2026,53.0,53.9,54.5,53.9,54.5,54.5,54.11,8400,4.55,7,8400,100.00
DCI,EQ,11-Aug-2026,351.5,359.5,365.15,351.7,351.7,353.0,356.75,52502,187.3,1041,15031,28.63
DCM,BE,11-Aug-2026,82.0,82.0,84.8,81.02,83.75,83.75,83.58,3262,2.73,43,-,-
DCMFINSERV,EQ,11-Aug-2026,5.38,5.75,5.75,5.11,5.35,5.13,5.36,18600,1.0,99,14981,80.54
DCMNVL,EQ,11-Aug-2026,164.76,172.99,172.99,172.99,172.99,172.99,172.99,5311,9.19,28,5311,100.00
DCMSHRIRAM,EQ,11-Aug-2026,1016.0,1011.0,1018.0,999.0,1001.0,1007.0,1007.55,62848,633.22,8245,30183,48.03
DCMSIL,BE,11-Aug-2026,82.95,81.5,83.0,80.12,82.0,82.06,81.8,35063,28.68,160,-,-
DCMSRIND,EQ,11-Aug-2026,44.34,44.54,44.6,43.0,43.01,43.17,43.39,46761,20.29,501,29999,64.15
DCW,EQ,11-Aug-2026,46.92,46.92,47.78,46.34,46.65,46.62,46.93,926311,434.73,3907,520608,56.20
DCXINDIA,EQ,11-Aug-2026,179.06,179.05,180.0,177.51,178.0,178.02,178.44,224824,401.18,3927,116282,51.72
DDEVPLSTIK,EQ,11-Aug-2026,285.8,305.5,308.5,286.2,289.9,290.3,294.84,864665,2549.42,17039,385154,44.54
DECCANCE,EQ,11-Aug-2026,562.25,571.05,571.05,556.0,556.0,558.5,561.71,6334,35.58,431,4266,67.35
DECCANTRAN,SM,11-Aug-2026,22.8,22.75,22.75,22.35,22.35,22.35,22.53,3600,0.81,3,3600,100.00
DECNGOLD,EQ,11-Aug-2026,213.61,214.58,225.0,214.57,223.0,221.31,220.35,3134040,6905.81,27176,947760,30.24
DEEDEV,EQ,11-Aug-2026,626.2,619.0,639.85,608.4,621.6,623.2,627.88,131732,827.12,3343,75977,57.68
DEEM,ST,11-Aug-2026,44.6,44.1,45.4,44.1,45.4,45.4,44.75,2000,0.9,2,1000,50.00
DEEPAKFERT,EQ,11-Aug-2026,1530.4,1538.0,1542.1,1490.0,1503.3,1498.0,1509.25,207212,3127.34,16583,103161,49.79
DEEPAKNTR,EQ,11-Aug-2026,1779.2,1779.1,1805.0,1772.6,1779.0,1784.8,1788.3,370508,6625.78,23341,190123,51.31
DEEPINDS,EQ,11-Aug-2026,647.95,651.0,680.0,646.0,674.35,670.05,668.7,803835,5375.21,26586,317027,39.44
DEFENCE,EQ,11-Aug-2026,81.05,81.06,81.3,80.21,80.6,80.69,80.66,150081,121.05,782,125296,83.49
DELAPLEX,SM,11-Aug-2026,87.5,87.5,87.5,86.0,87.0,87.0,86.88,2400,2.09,4,1800,75.00
DELHIVERY,EQ,11-Aug-2026,478.35,478.1,486.75,470.05,473.45,473.45,478.14,3139145,15009.59,59570,1602327,51.04
DELPHIFX,BE,11-Aug-2026,6.74,6.93,6.93,6.46,6.75,6.7,6.68,45076,3.01,122,-,-
DELTACORP,EQ,11-Aug-2026,63.82,63.82,64.56,61.2,62.76,63.27,63.93,1185266,757.76,6750,485685,40.98
DELTAMAGNT,EQ,11-Aug-2026,59.37,60.0,60.0,58.1,59.83,59.83,59.1,3004,1.78,58,2072,68.97
DELTIC,SM,11-Aug-2026,34.3,34.05,35.6,34.05,35.6,35.6,34.62,39000,13.5,15,37000,94.87
DEN,EQ,11-Aug-2026,27.26,27.26,27.38,26.97,27.2,27.21,27.08,283562,76.78,1672,225920,79.67
DENEERS,SM,11-Aug-2026,174.65,175.0,176.0,165.6,172.0,169.25,170.11,18000,30.62,26,9600,53.33
DENORA,EQ,11-Aug-2026,877.05,861.1,890.0,861.1,879.0,874.55,876.65,3589,31.46,348,2634,73.39
DENTA,EQ,11-Aug-2026,336.45,344.45,344.95,331.0,331.0,332.55,336.53,109985,370.14,2970,46054,41.87
DENTALKART,SM,11-Aug-2026,421.55,415.0,416.0,394.95,409.0,406.35,405.04,24000,97.21,79,16500,68.75
DESTINY,SM,11-Aug-2026,105.9,100.65,100.65,100.65,100.65,100.65,100.65,1500,1.51,1,1500,100.00
DEVIT,EQ,11-Aug-2026,26.7,26.99,28.49,26.51,27.08,27.09,27.22,37361,10.17,416,15768,42.20
DEVX,EQ,11-Aug-2026,34.0,33.85,36.25,33.85,35.8,35.76,35.29,400431,141.31,3381,190950,47.69
DEVYANI,EQ,11-Aug-2026,133.56,133.56,144.7,132.76,141.95,142.79,141.34,24729302,34953.51,126036,7044868,28.49
DGCONTENT,EQ,11-Aug-2026,25.9,26.15,26.15,25.02,25.67,25.53,25.3,26111,6.61,93,22196,85.01
DHAMPURSUG,EQ,11-Aug-2026,159.43,161.0,163.0,157.0,157.0,158.0,160.16,602063,964.29,9288,258968,43.01
DHANBANK,EQ,11-Aug-2026,33.22,33.22,33.22,32.6,32.65,32.73,32.79,352934,115.73,1370,219518,62.20
DHANUKA,EQ,11-Aug-2026,1015.5,1015.5,1053.6,995.0,1036.0,1040.4,1023.49,82139,840.69,4817,42752,52.05
DHARAN,BZ,11-Aug-2026,0.15,0.15,0.16,0.14,0.15,0.15,0.15,10490031,15.87,1503,-,-
DHARARAIL,ST,11-Aug-2026,141.4,141.4,141.4,134.35,135.0,135.8,138.14,30000,41.44,22,28000,93.33
DHARIWAL,SM,11-Aug-2026,26.55,26.55,28.95,24.15,24.3,24.95,27.12,357000,96.81,101,228000,63.87
DHARMAJ,EQ,11-Aug-2026,281.05,285.0,285.0,275.5,281.2,280.0,279.84,181101,506.8,2443,131874,72.82
DHRUV,EQ,11-Aug-2026,24.19,24.69,25.35,23.7,24.18,24.18,24.29,2121,0.52,39,1985,93.59
DHTL,SM,11-Aug-2026,35.0,33.25,33.25,33.25,33.25,33.25,33.25,3200,1.06,4,0,0.00
DHUNINV,EQ,11-Aug-2026,966.3,976.0,991.0,952.0,961.55,964.7,962.06,1814,17.45,116,1677,92.45
DIACABS,BE,11-Aug-2026,360.5,355.25,364.0,349.8,362.05,362.0,357.24,1119222,3998.36,9863,-,-
DIAMINESQ,EQ,11-Aug-2026,247.2,247.5,252.99,239.65,243.01,243.39,245.56,7761,19.06,277,5240,67.52
DIAMONDYD,EQ,11-Aug-2026,1206.4,1206.4,1245.0,1175.1,1202.0,1207.5,1213.27,86787,1052.96,5207,40299,46.43
DICIND,EQ,11-Aug-2026,521.0,528.0,528.0,506.15,506.5,511.0,511.35,400,2.05,29,325,81.25
DIFFNKG,EQ,11-Aug-2026,395.55,397.9,412.95,370.0,373.6,372.85,386.93,793101,3068.72,25031,263796,33.26
DIGIDRIVE,EQ,11-Aug-2026,17.3,17.78,18.45,17.3,17.56,17.79,17.95,52847,9.49,280,40012,75.71
DIGIKORE,SM,11-Aug-2026,34.35,34.35,40.7,33.4,40.5,38.75,36.49,244000,89.04,228,218800,89.67
DIGISPICE,EQ,11-Aug-2026,17.79,17.79,17.99,17.11,17.16,17.33,17.42,51188,8.92,223,42515,83.06
DIGITIDE,EQ,11-Aug-2026,104.1,104.86,105.43,101.41,102.99,102.37,102.5,218084,223.54,2674,88188,40.44
DIGJAMLMTD,EQ,11-Aug-2026,49.0,48.6,49.5,48.0,49.45,48.88,49.11,10544,5.18,138,8170,77.48
DIRL,SM,11-Aug-2026,10.05,10.55,10.55,9.6,9.6,9.6,9.93,18000,1.79,3,12000,66.67
DISAQ,EQ,11-Aug-2026,11722.0,11880.0,12100.0,11829.0,11956.0,12023.0,11917.4,222,26.46,130,125,56.31
DISHTV,EQ,11-Aug-2026,2.83,2.84,2.85,2.8,2.82,2.81,2.82,654427,18.46,3386,509816,77.90
DIVGIITTS,EQ,11-Aug-2026,1056.2,1069.65,1082.25,1056.6,1080.0,1076.4,1073.05,157980,1695.21,9189,79220,50.15
DIVIDEND,EQ,11-Aug-2026,36.3,36.4,36.47,36.19,36.19,36.23,36.31,6406,2.33,68,3727,58.18
DIVINEHIRA,ST,11-Aug-2026,110.8,109.9,113.9,105.3,105.3,106.85,108.14,37200,40.23,26,24000,64.52
DIVISLAB,EQ,11-Aug-2026,8300.0,8315.0,8578.5,8285.5,8578.5,8578.5,8461.38,603820,51091.52,68985,333038,55.16
DIVOPPBEES,EQ,11-Aug-2026,80.01,79.42,80.13,79.2,79.71,79.56,79.52,49059,39.01,688,29337,59.80
DIXON,EQ,11-Aug-2026,14115.0,14115.0,14198.0,14011.0,14023.0,14023.0,14069.11,140977,19834.22,29283,41732,29.60
DJML,EQ,11-Aug-2026,111.29,110.95,111.08,107.25,108.28,108.51,109.54,78369,85.85,2193,11779,15.03
DKEGL,SM,11-Aug-2026,66.05,62.5,62.5,62.5,62.5,62.5,62.5,1500,0.94,1,1500,100.00
DLF,EQ,11-Aug-2026,660.0,658.0,662.0,648.2,650.1,650.1,653.08,2776692,18133.97,47766,1425164,51.33
DLINKINDIA,EQ,11-Aug-2026,437.35,435.0,438.3,429.9,433.0,432.45,432.53,83506,361.19,3742,51140,61.24
DMART,EQ,11-Aug-2026,4054.0,4054.0,4085.0,4003.2,4054.9,4054.9,4045.85,413763,16740.23,31473,244686,59.14
DMCC,EQ,11-Aug-2026,313.1,317.4,326.0,296.75,302.0,302.15,309.53,566270,1752.77,17431,221221,39.07
DNAMEDIA,EQ,11-Aug-2026,2.7,2.71,2.79,2.7,2.79,2.78,2.74,14513,0.4,92,11847,81.63
DODLA,EQ,11-Aug-2026,1050.8,1056.0,1056.0,1040.0,1045.0,1043.8,1044.67,13746,143.6,3673,7876,57.30
DOLATALGO,EQ,11-Aug-2026,71.86,71.5,71.95,69.5,70.5,70.18,71.05,67880,48.23,982,38685,56.99
DOLLAR,EQ,11-Aug-2026,278.5,276.0,297.85,273.4,287.05,288.65,290.62,596668,1734.01,12315,304623,51.05
DOLLEX,SM,11-Aug-2026,32.3,31.95,32.8,31.05,32.35,31.7,31.48,196000,61.71,30,104000,53.06
DOLPHIN,EQ,11-Aug-2026,417.5,422.1,446.45,422.0,437.1,440.55,436.82,64917,283.57,2605,37139,57.21
DOMS,EQ,11-Aug-2026,2250.1,2250.1,2260.0,2223.3,2231.5,2231.8,2236.1,44725,1000.1,4140,33213,74.26
DONEAR,EQ,11-Aug-2026,84.12,83.92,84.84,83.35,83.5,83.62,83.74,4314,3.61,66,3479,80.64
DPABHUSHAN,EQ,11-Aug-2026,1474.3,1474.3,1485.2,1455.4,1470.0,1466.9,1466.14,11849,173.72,1230,7061,59.59
DPEL,SM,11-Aug-2026,549.15,550.1,550.1,525.0,525.0,528.2,538.83,28000,150.87,56,18500,66.07
DPSCLTD,BE,11-Aug-2026,7.36,7.36,7.6,7.22,7.6,7.55,7.42,117009,8.69,390,-,-
DPWIRES,BE,11-Aug-2026,164.49,165.05,168.89,164.0,166.79,166.92,165.89,4954,8.22,88,-,-
DRAGARWQ,EQ,11-Aug-2026,5386.5,5386.5,5400.0,5275.0,5332.5,5314.5,5320.81,921,49.0,286,677,73.51
DRCSYSTEMS,EQ,11-Aug-2026,12.98,13.08,13.08,12.58,12.75,12.76,12.77,111501,14.23,576,65078,58.37
DREAMFOLKS,EQ,11-Aug-2026,70.33,70.0,71.26,67.1,69.35,69.1,69.35,58799,40.78,1147,37317,63.47
DREDGECORP,EQ,11-Aug-2026,1061.8,1057.3,1069.4,1050.1,1066.0,1059.2,1059.27,39779,421.37,2756,18164,45.66
DRONE,SM,11-Aug-2026,39.5,39.5,40.25,39.0,39.25,39.4,39.55,12500,4.94,22,9500,76.00
DRREDDY,EQ,11-Aug-2026,1158.8,1159.1,1206.6,1155.1,1205.0,1205.0,1186.53,3936813,46711.31,107797,2189612,55.62
DSFCL,BE,11-Aug-2026,25.0,25.5,25.5,25.5,25.5,25.5,25.5,10270,2.62,35,-,-
DSKULKARNI,BE,11-Aug-2026,11.5,12.07,12.07,12.07,12.07,12.07,12.07,304,0.04,2,-,-
DSSL,EQ,11-Aug-2026,1259.8,1263.0,1269.4,1235.0,1236.0,1239.8,1250.08,13588,169.86,1768,8248,60.70
DTIL,EQ,11-Aug-2026,136.07,136.75,139.7,134.0,139.65,138.44,135.43,9535,12.91,154,7669,80.43
DUCOL,SM,11-Aug-2026,106.25,106.3,110.0,106.3,108.8,108.8,108.96,19200,20.92,12,17600,91.67
DUCON,EQ,11-Aug-2026,3.37,3.44,3.44,3.2,3.21,3.22,3.28,294942,9.69,587,241052,81.73
DUGLOBAL,SM,11-Aug-2026,24.8,24.9,25.0,23.75,24.95,24.95,24.72,32500,8.03,12,30000,92.31
DURLAX,SM,11-Aug-2026,55.7,54.4,56.45,54.0,56.45,54.7,54.66,12000,6.56,6,10000,83.33
DVL,EQ,11-Aug-2026,283.06,280.0,295.0,279.41,288.0,287.81,288.27,91502,263.78,3295,46191,50.48
DWARKESH,EQ,11-Aug-2026,42.28,42.13,42.5,41.51,41.64,41.68,41.88,902740,378.09,5232,330834,36.65
DYCL,EQ,11-Aug-2026,422.85,425.0,448.6,418.8,445.95,441.2,434.16,860070,3734.12,19039,334480,38.89
DYNAMATECH,EQ,11-Aug-2026,11148.0,11130.0,11237.0,10405.0,10580.0,10600.0,10618.69,54362,5772.53,20808,23760,43.71
DYNAMIC,ST,11-Aug-2026,137.2,136.5,136.5,133.0,135.45,134.2,134.59,3000,4.04,6,2500,83.33
DYNPRO,EQ,11-Aug-2026,269.7,264.65,268.95,256.35,262.0,260.1,263.11,10547,27.75,454,8043,76.26
E2E,BE,11-Aug-2026,602.8,580.0,631.6,580.0,624.1,627.4,609.4,863149,5260.02,12287,-,-
E2ERAIL,ST,11-Aug-2026,262.95,262.0,271.9,260.4,263.9,263.9,265.72,16800,44.64,17,15200,90.48
EASEMYTRIP,EQ,11-Aug-2026,6.54,6.54,6.6,6.52,6.6,6.58,6.55,8117722,531.79,5217,4300122,52.97
EASTSILK,BE,11-Aug-2026,66.15,69.45,69.45,66.36,69.45,69.45,69.39,12994,9.02,49,-,-
EBANK10,EQ,11-Aug-2026,16.94,16.94,16.94,16.7,16.8,16.8,16.81,2178,0.37,25,2034,93.39
EBANKNIFTY,EQ,11-Aug-2026,58.29,58.01,58.09,57.67,58.0,58.0,57.99,305,0.18,17,304,99.67
EBBETF0430,EQ,11-Aug-2026,1611.49,1619.0,1619.0,1608.09,1615.14,1614.73,1615.23,6215,100.39,284,4752,76.46
EBBETF0431,EQ,11-Aug-2026,1441.58,1441.32,1443.0,1438.96,1440.95,1441.12,1441.56,8004,115.38,125,7272,90.85
EBBETF0433,EQ,11-Aug-2026,1319.59,1319.38,1321.75,1317.2,1321.2,1321.09,1320.92,4865,64.26,101,4437,91.20
EBGNG,EQ,11-Aug-2026,555.65,558.35,578.2,552.25,574.0,572.55,567.73,777784,4415.72,25895,352370,45.30
ECAPINSURE,EQ,11-Aug-2026,23.62,23.62,23.69,23.49,23.69,23.66,23.6,54349,12.83,209,51577,94.90
ECLERX,EQ,11-Aug-2026,1763.3,1765.0,1830.0,1733.0,1806.0,1795.6,1784.57,240474,4291.43,24632,88354,36.74
ECOLINE,ST,11-Aug-2026,195.45,194.0,195.0,190.0,195.0,191.85,193.81,88000,170.55,11,88000,100.00
ECOSMOBLTY,BE,11-Aug-2026,131.55,130.0,134.0,129.56,132.4,132.37,132.41,13123,17.38,184,-,-
EDELWEISS,EQ,11-Aug-2026,118.38,118.0,120.89,117.62,119.3,119.08,119.28,2733960,3261.08,17438,1350053,49.38
EEPL,SM,11-Aug-2026,158.05,165.0,170.0,155.0,155.25,156.35,163.18,238000,388.36,184,153000,64.29
EFACTOR,SM,11-Aug-2026,190.0,188.85,190.0,185.0,185.0,185.35,188.5,5200,9.8,9,4800,92.31
EFCIL,EQ,11-Aug-2026,183.59,183.59,183.79,177.0,177.0,177.84,180.3,158201,285.23,3717,100825,63.73
EFFWA,ST,11-Aug-2026,372.6,373.0,373.0,365.1,365.1,366.4,371.2,14000,51.97,18,14000,100.00
EGOLD,EQ,11-Aug-2026,150.8,154.55,154.55,150.95,151.45,151.75,151.68,43759,66.37,762,27483,62.81
EICHERMOT,EQ,11-Aug-2026,7975.0,7955.0,8110.0,7955.0,8000.0,8000.0,8042.07,600951,48328.92,66040,304896,50.74
EIDPARRY,EQ,11-Aug-2026,791.25,801.05,807.9,783.0,784.0,788.5,794.33,1342514,10663.97,19241,1026974,76.50
EIEL,EQ,11-Aug-2026,215.63,218.95,219.39,205.5,211.2,213.97,216.24,865668,1871.9,12107,366469,42.33
EIFFL,BE,11-Aug-2026,282.75,289.0,296.85,288.45,296.85,296.85,295.9,13363,39.54,163,-,-
EIHAHOTELS,EQ,11-Aug-2026,295.0,295.0,298.1,291.35,295.65,295.0,294.05,13836,40.68,1121,8537,61.70
EIHOTEL,EQ,11-Aug-2026,303.15,303.15,303.8,299.5,302.95,302.35,301.47,184703,556.83,9309,82589,44.71
EIMCOELECO,EQ,11-Aug-2026,1800.3,1802.0,1810.2,1766.0,1805.0,1806.4,1797.07,9413,169.16,1250,4723,50.18
EKC,EQ,11-Aug-2026,114.55,114.55,116.27,113.1,113.3,113.62,114.73,229547,263.36,4085,119885,52.23
ELANTAS,EQ,11-Aug-2026,11746.0,11746.0,12170.0,11490.0,11623.0,11657.5,11830.08,2553,302.02,1289,899,35.21
ELCIDIN,EQ,11-Aug-2026,111515.0,109515.0,112300.0,109105.0,112300.0,112150.0,111113.42,19,21.11,19,14,73.68
ELDEHSG,EQ,11-Aug-2026,749.7,797.7,797.7,740.7,770.35,764.5,765.44,1477,11.31,125,938,63.51
ELECON,EQ,11-Aug-2026,437.75,437.75,440.25,433.9,434.7,436.4,436.2,172186,751.07,7789,87539,50.84
ELECTCAST,EQ,11-Aug-2026,74.27,74.51,77.1,73.2,73.8,73.56,75.13,1656702,1244.7,13274,708513,42.77
ELECTHERM,EQ,11-Aug-2026,1021.4,1013.6,1050.0,1009.1,1010.0,1018.5,1027.1,20881,214.47,1378,15180,72.70
ELGIEQUIP,EQ,11-Aug-2026,582.55,585.4,585.4,569.45,573.0,573.85,574.53,177046,1017.17,13789,83657,47.25
ELGIRUBCO,EQ,11-Aug-2026,60.84,62.0,62.0,60.0,60.23,60.19,60.85,49525,30.13,944,22235,44.90
ELGNZ,SM,11-Aug-2026,86.9,86.9,91.3,86.1,88.15,88.15,87.48,45000,39.37,23,33000,73.33
ELIN,EQ,11-Aug-2026,95.74,96.44,96.9,94.0,94.0,94.25,94.61,128871,121.93,1797,81356,63.13
ELIQUID,EQ,11-Aug-2026,1042.99,1043.12,1043.14,1043.12,1043.14,1043.14,1043.13,36264,378.28,23,25473,70.24
ELITECON,EQ,11-Aug-2026,17.28,17.28,17.99,17.0,17.3,17.44,17.41,1097590,191.1,3888,478191,43.57
ELLEN,EQ,11-Aug-2026,295.7,299.95,300.0,289.05,293.1,294.4,293.72,558076,1639.16,12329,262652,47.06
ELM250,EQ,11-Aug-2026,16.88,16.88,17.11,16.8,17.1,17.05,16.96,49455,8.39,163,41054,83.01
ELMDIV,EQ,11-Aug-2026,36.92,37.59,37.59,36.77,36.9,36.89,36.91,10373,3.83,61,4000,38.56
ELPROINTL,EQ,11-Aug-2026,175.53,170.01,175.96,170.01,175.96,174.84,174.23,28030,48.84,353,20170,71.96
EMAMILTD,EQ,11-Aug-2026,409.5,408.6,409.2,401.05,401.5,402.3,404.32,329648,1332.82,20067,201388,61.09
EMAMIPAP,BE,11-Aug-2026,111.18,110.5,114.0,110.01,112.5,112.35,111.94,24437,27.35,214,-,-
EMAMIREAL,EQ,11-Aug-2026,73.19,73.2,75.87,73.2,75.87,75.87,74.47,13901,10.35,249,9551,68.71
EMAPARTNER,SM,11-Aug-2026,80.5,79.15,83.0,79.15,82.95,82.95,81.99,9000,7.38,8,6000,66.67
EMBASSY,RR,11-Aug-2026,439.27,438.9,445.35,437.5,439.77,439.95,439.02,471974,2072.08,20989,402696,85.32
EMBDL,EQ,11-Aug-2026,65.28,68.8,69.6,64.12,64.2,64.72,66.56,8778994,5843.49,33887,3968594,45.21
EMCURE,EQ,11-Aug-2026,1995.2,1995.2,2024.9,1985.0,2000.0,1998.7,2007.36,97589,1958.96,11269,54451,55.80
EMETAL,EQ,11-Aug-2026,13.18,13.29,13.29,13.1,13.12,13.11,13.18,6419,0.85,33,5599,87.23
EMIL,EQ,11-Aug-2026,180.77,180.9,188.84,178.1,185.02,184.75,184.99,44142568,81660.17,209536,4031242,9.13
EMKAY,EQ,11-Aug-2026,239.42,240.0,242.3,235.48,241.65,238.99,239.4,26000,62.24,676,13764,52.94
EMKAYTOOLS,SM,11-Aug-2026,91.0,88.05,88.05,88.05,88.05,88.05,88.05,150,0.13,1,150,100.00
EMMBI,BE,11-Aug-2026,85.22,85.0,87.0,83.55,84.0,84.09,86.2,3531,3.04,38,-,-
EMMIL,SM,11-Aug-2026,120.35,123.0,123.0,120.0,120.6,120.85,121.33,4250,5.16,13,3500,82.35
EMMVEE,EQ,11-Aug-2026,323.8,325.7,325.7,317.6,319.0,318.4,319.88,1382856,4423.43,25592,774490,56.01
EMPOWER,BE,11-Aug-2026,2.31,2.2,2.2,2.2,2.2,2.2,2.2,956711,21.05,1069,-,-
EMSLIMITED,EQ,11-Aug-2026,398.85,399.7,399.7,390.5,393.0,393.9,394.15,117877,464.61,3618,50322,42.69
EMUDHRA,EQ,11-Aug-2026,530.0,531.15,537.6,522.8,523.05,525.75,526.87,78365,412.88,5021,43310,55.27
EMULTIMQ,EQ,11-Aug-2026,41.98,42.26,42.26,41.71,41.78,41.95,41.83,45757,19.14,136,42434,92.74
ENCOMPAS,SM,11-Aug-2026,242.0,241.6,241.9,239.35,239.35,239.35,240.98,2400,5.78,4,1600,66.67
ENDURANCE,EQ,11-Aug-2026,2969.0,2969.0,3022.0,2950.2,2988.0,2987.8,2992.33,216591,6481.11,20355,148165,68.41
ENERGY,EQ,11-Aug-2026,38.95,38.95,39.28,38.79,38.93,38.88,38.82,640342,248.58,983,562232,87.80
ENERGYDEV,EQ,11-Aug-2026,16.24,16.31,16.88,16.0,16.01,16.0,16.12,32388,5.22,322,23853,73.65
ENEXT50,EQ,11-Aug-2026,73.14,73.95,74.2,73.95,74.2,74.2,74.13,452,0.34,6,452,100.00
ENFUSE,SM,11-Aug-2026,171.9,165.0,169.95,164.0,169.95,169.95,165.42,4200,6.95,6,3600,85.71
ENGINERSIN,EQ,11-Aug-2026,247.96,248.0,249.8,242.35,243.35,242.99,246.66,1930528,4761.77,24704,966066,50.04
ENIFTY,EQ,11-Aug-2026,24.8,25.42,25.42,24.6,24.6,24.6,24.69,8597,2.12,58,8441,98.19
ENIL,EQ,11-Aug-2026,101.49,103.0,104.67,100.5,101.15,101.59,101.27,57698,58.43,897,45855,79.47
ENRIN,EQ,11-Aug-2026,3567.3,3576.0,3614.0,3532.6,3570.0,3563.8,3567.41,260159,9280.93,23831,85691,32.94
ENSER,SM,11-Aug-2026,14.7,13.8,13.8,13.8,13.8,13.8,13.8,5000,0.69,1,5000,100.00
ENTERO,EQ,11-Aug-2026,1315.1,1363.9,1439.0,1328.3,1434.9,1427.2,1408.13,613774,8642.71,41725,251101,40.91
ENVIRO,SM,11-Aug-2026,74.5,74.5,77.0,74.1,77.0,76.95,75.64,16000,12.1,15,13000,81.25
EPACK,EQ,11-Aug-2026,231.28,231.74,234.1,222.0,226.7,227.27,230.62,415756,958.81,7082,177850,42.78
EPACKPEB,EQ,11-Aug-2026,251.25,254.4,260.85,245.05,247.0,247.15,250.61,843455,2113.79,11680,242964,28.81
EPIGRAL,EQ,11-Aug-2026,1126.6,1126.6,1133.0,1103.4,1112.0,1106.9,1114.48,35814,399.14,2780,22664,63.28
EPL,EQ,11-Aug-2026,228.98,231.9,237.0,228.21,235.89,235.78,233.7,482668,1127.99,15134,280984,58.21
EPWINDIA,ST,11-Aug-2026,240.0,240.2,240.2,236.2,236.2,236.2,238.2,2400,5.72,2,2400,100.00
EQUAL200,EQ,11-Aug-2026,14.09,14.23,14.23,14.03,14.08,14.07,14.08,106975,15.07,57,105090,98.24
EQUAL50,EQ,11-Aug-2026,340.98,340.39,340.52,339.1,339.23,339.49,339.52,5800,19.69,33,4860,83.79
EQUAL50ADD,EQ,11-Aug-2026,351.16,351.17,351.91,349.96,350.24,351.05,350.92,19972,70.09,5224,14124,70.72
EQUIPPP,BE,11-Aug-2026,22.35,22.0,22.6,21.24,21.24,21.24,21.35,24316,5.19,75,-,-
EQUITASBNK,EQ,11-Aug-2026,75.49,75.5,75.98,74.6,74.6,74.78,75.17,1308205,983.44,24859,690592,52.79
ERIS,EQ,11-Aug-2026,1393.4,1393.0,1410.0,1379.0,1380.0,1390.3,1395.74,340882,4757.83,8490,274505,80.53
ESABINDIA,EQ,11-Aug-2026,5746.0,5746.0,5918.0,5660.0,5879.0,5820.5,5848.11,7909,462.53,1712,4016,50.78
ESAFSFB,BE,11-Aug-2026,39.85,39.84,39.85,37.86,38.5,38.49,38.49,1464656,563.7,2145,-,-
ESCONET,SM,11-Aug-2026,165.35,175.0,189.0,171.6,183.9,182.15,181.06,156400,283.17,350,86000,54.99
ESCORTS,EQ,11-Aug-2026,3082.1,3082.1,3138.0,3071.4,3118.9,3107.0,3115.48,131606,4100.16,17534,50011,38.00
ESENSEX,EQ,11-Aug-2026,79.19,78.96,78.96,78.47,78.96,78.96,78.71,91,0.07,10,90,98.90
ESFL,SM,11-Aug-2026,132.55,134.0,134.0,123.3,124.05,124.95,126.01,13680,17.24,37,9360,68.42
ESG,EQ,11-Aug-2026,42.39,43.44,43.44,42.12,42.23,42.23,42.19,12246,5.17,72,6468,52.82
ESILVER,EQ,11-Aug-2026,229.67,231.62,234.91,230.51,231.33,231.75,232.74,31953,74.37,1162,16380,51.26
ESPRIT,SM,11-Aug-2026,67.1,67.0,68.0,66.05,66.05,66.05,67.32,14400,9.69,7,8000,55.56
ESSARSHPNG,EQ,11-Aug-2026,20.02,19.81,20.3,19.56,19.8,19.71,19.88,120944,24.04,665,82421,68.15
ESSENTIA,EQ,11-Aug-2026,1.29,1.34,1.35,1.34,1.35,1.34,1.35,11132045,150.14,1280,5119150,45.99
ESTER,EQ,11-Aug-2026,99.22,100.5,107.9,98.0,103.0,104.5,103.2,1789401,1846.75,13323,559769,31.28
ETERNAL,EQ,11-Aug-2026,310.25,310.5,318.5,306.2,318.0,318.0,312.65,20749569,64874.04,98975,8664214,41.76
ETHOSLTD,EQ,11-Aug-2026,2833.1,2840.0,2889.0,2810.0,2815.0,2829.3,2853.04,24836,708.58,6309,10331,41.60
ETL,SM,11-Aug-2026,1040.0,981.0,981.0,981.0,981.0,981.0,981.0,150,1.47,1,150,100.00
ETML,SM,11-Aug-2026,81.5,83.85,83.85,83.85,83.85,83.85,83.85,2400,2.01,2,2400,100.00
EUREKAFORB,EQ,11-Aug-2026,447.8,447.0,454.95,445.85,452.0,452.2,450.18,94051,423.4,3702,59671,63.45
EUROBOND,EQ,11-Aug-2026,162.57,163.62,166.0,160.0,161.8,161.22,162.7,15882,25.84,318,11683,73.56
EUROPRATIK,EQ,11-Aug-2026,323.15,313.05,313.05,294.55,302.1,303.0,302.18,452248,1366.6,11363,189130,41.82
EUROTEXIND,BE,11-Aug-2026,13.63,13.64,13.65,13.64,13.65,13.65,13.64,15,0.0,2,-,-
EVEREADY,EQ,11-Aug-2026,350.6,352.0,360.8,351.0,357.0,357.35,355.91,121454,432.27,3289,45072,37.11
EVERESTIND,BE,11-Aug-2026,481.9,490.0,490.0,465.0,466.0,470.9,471.87,8428,39.77,168,-,-
EVIETF,EQ,11-Aug-2026,34.2,34.34,34.36,34.1,34.3,34.19,34.22,295774,101.21,740,215248,72.77
EVINDIA,EQ,11-Aug-2026,34.16,34.58,35.01,34.11,34.11,34.19,34.26,386839,132.52,1970,264825,68.46
EXCELINDUS,EQ,11-Aug-2026,1012.4,1017.45,1040.0,1011.0,1040.0,1034.4,1027.96,5262,54.09,496,3204,60.89
EXCELSOFT,EQ,11-Aug-2026,77.68,77.69,78.4,75.5,75.79,75.81,76.31,542567,414.04,5357,299624,55.22
EXICOM,EQ,11-Aug-2026,153.22,153.22,155.0,143.15,143.5,143.95,147.86,1821559,2693.3,17624,967184,53.10
EXIDEIND,EQ,11-Aug-2026,485.4,483.05,496.4,478.8,484.35,483.35,488.3,4288232,20939.36,77677,1751171,40.84
EXIMROUTES,SM,11-Aug-2026,109.0,109.0,109.5,108.15,108.15,108.15,108.84,5600,6.09,7,3200,57.14
EXPLEOSOL,EQ,11-Aug-2026,835.5,832.0,841.0,817.0,818.0,821.1,828.09,30948,256.28,1508,19322,62.43
EXXARO,EQ,11-Aug-2026,6.22,6.3,6.3,6.12,6.18,6.14,6.18,158660,9.8,393,96456,60.79
FABTECH,EQ,11-Aug-2026,147.42,146.64,148.61,146.25,147.0,147.64,147.33,36658,54.01,882,19722,53.80
FACT,EQ,11-Aug-2026,834.7,831.1,837.0,826.5,828.45,828.4,829.55,31198,258.8,3028,15694,50.30
FAIRCHEMOR,BE,11-Aug-2026,750.0,749.95,749.95,745.2,745.2,745.2,746.54,2566,19.16,66,-,-
FALCONTECH,SM,11-Aug-2026,11.75,12.35,12.35,12.35,12.35,12.35,12.35,1200,0.15,1,1200,100.00
FAZE3Q,EQ,11-Aug-2026,570.6,570.0,615.0,561.0,610.0,603.35,592.94,157072,931.34,6401,27688,17.63
FCL,EQ,11-Aug-2026,42.51,43.35,43.7,42.11,43.1,42.99,42.94,9099303,3907.5,22192,3335848,36.66
FCSSOFT,EQ,11-Aug-2026,1.47,1.47,1.48,1.44,1.45,1.44,1.46,2173677,31.78,1156,1327989,61.09
FDC,EQ,11-Aug-2026,360.35,361.75,363.5,354.1,361.2,360.9,358.63,272970,978.96,11310,142900,52.35
FEDDERSHOL,EQ,11-Aug-2026,43.13,42.5,43.1,41.2,41.51,41.86,42.29,254370,107.57,1824,109863,43.19
FEDERALBNK,EQ,11-Aug-2026,358.35,357.2,357.2,352.2,354.55,354.55,354.14,4843398,17152.31,45584,3513990,72.55
FEDFINA,EQ,11-Aug-2026,149.9,150.0,156.75,148.2,153.6,154.63,153.89,2448688,3768.25,25478,1377399,56.25
FEL,BZ,11-Aug-2026,0.38,0.39,0.39,0.37,0.39,0.38,0.39,352786,1.36,100,-,-
FELDVR,BZ,11-Aug-2026,2.37,2.48,2.48,2.28,2.45,2.45,2.44,296,0.01,16,-,-
FELIX,SM,11-Aug-2026,183.65,182.15,187.6,181.05,186.5,186.85,184.76,87000,160.74,118,42000,48.28
FERMENTA,EQ,11-Aug-2026,547.95,553.05,554.75,442.2,471.5,483.85,472.49,1226414,5794.64,44068,320709,26.15
FIBERWEB,EQ,11-Aug-2026,29.49,29.88,30.5,28.75,29.14,29.73,29.37,19082,5.6,149,13874,72.71
FIDEL,SM,11-Aug-2026,140.25,136.2,138.0,136.2,138.0,137.3,136.95,3000,4.11,3,2000,66.67
FIEMIND,EQ,11-Aug-2026,2539.3,2538.2,2611.5,2535.0,2589.0,2592.2,2590.93,95849,2483.38,14240,44258,46.17
FILATEX,EQ,11-Aug-2026,84.78,84.53,85.69,82.0,83.01,83.12,83.32,4509636,3757.64,20924,1904780,42.24
FILATFASH,EQ,11-Aug-2026,0.18,0.19,0.19,0.18,0.19,0.18,0.18,16685063,30.55,1668,11535872,69.14
FINBUD,SM,11-Aug-2026,142.0,146.75,146.75,140.0,140.0,140.0,142.13,21000,29.85,19,12000,57.14
FINCABLES,EQ,11-Aug-2026,1058.05,1070.0,1224.5,1052.65,1213.0,1207.85,1181.43,8840419,104443.7,292909,1469051,16.62
FINEORG,EQ,11-Aug-2026,5027.8,5027.0,5240.8,5021.0,5118.0,5120.7,5106.7,232633,11879.87,14822,194958,83.80
FINIETF,EQ,11-Aug-2026,33.47,34.3,34.3,33.29,33.55,33.51,33.47,220545,73.81,1105,124458,56.43
FINKURVE,EQ,11-Aug-2026,60.45,59.85,61.67,59.0,60.6,60.02,60.48,47654,28.82,260,39770,83.46
FINOPB,EQ,11-Aug-2026,157.57,158.73,164.25,155.06,162.05,162.47,161.25,658071,1061.16,8551,167498,25.45
FINPIPE,EQ,11-Aug-2026,161.33,161.7,163.32,161.11,162.99,162.66,162.14,350230,567.85,8945,173059,49.41
FIRSTCRY,EQ,11-Aug-2026,212.78,212.5,216.13,212.21,214.55,214.08,214.42,394631,846.18,8401,181219,45.92
FISCHER,EQ,11-Aug-2026,38.98,39.15,39.51,38.26,38.6,38.47,38.86,287685,111.78,1741,149339,51.91
FIVESTAR,EQ,11-Aug-2026,546.55,546.55,558.8,544.55,547.3,546.25,546.36,146592,800.91,10399,66962,45.68
FLAIR,EQ,11-Aug-2026,251.35,251.3,255.2,247.5,247.75,248.3,251.35,205375,516.22,4243,102577,49.95
FLEXIADD,EQ,11-Aug-2026,10.34,10.35,10.4,10.33,10.4,10.36,10.36,88883,9.21,227,82259,92.55
FLEXITUFF,BE,11-Aug-2026,3.51,3.51,3.51,3.34,3.34,3.34,3.36,255374,8.57,208,-,-
FLFL,BZ,11-Aug-2026,1.21,1.19,1.24,1.18,1.2,1.2,1.2,59069,0.71,61,-,-
FLUOROCHEM,EQ,11-Aug-2026,4484.0,4518.0,4522.0,4401.8,4415.0,4416.2,4436.49,73911,3279.06,13243,37316,50.49
FLYSBS,SM,11-Aug-2026,439.8,409.0,469.2,408.0,467.0,461.2,440.27,516400,2273.55,1130,340200,65.88
FMCGADD,EQ,11-Aug-2026,49.61,49.44,49.6,49.1,49.6,49.12,49.17,9704,4.77,81,5416,55.81
FMCGIETF,EQ,11-Aug-2026,52.98,54.49,54.49,52.51,52.63,52.56,52.69,1053546,555.12,4384,848659,80.55
FMGOETZE,EQ,11-Aug-2026,491.25,491.25,495.95,481.6,483.3,487.4,488.83,51444,251.47,1765,31066,60.39
FMNL,BE,11-Aug-2026,9.3,8.93,9.55,8.93,9.4,9.39,9.39,33708,3.17,50,-,-
FOCE,SM,11-Aug-2026,555.0,555.0,556.5,555.0,556.5,556.5,555.57,54000,300.01,10,54000,100.00
FOCUS,BE,11-Aug-2026,68.58,69.0,70.5,66.21,68.75,67.69,68.63,59630,40.92,410,-,-
FOODSIN,EQ,11-Aug-2026,53.49,53.5,54.66,51.76,53.0,53.07,53.19,49704,26.44,1110,28160,56.66
FORCAS,ST,11-Aug-2026,187.0,187.0,188.65,179.0,188.65,183.8,186.64,54400,101.53,5,54400,100.00
FORCEMOT,EQ,11-Aug-2026,18300.0,18349.0,18456.0,18222.0,18330.0,18330.0,18318.11,41651,7629.68,12645,12632,30.33
FORGEAUTO,SM,11-Aug-2026,114.05,108.4,115.95,108.35,112.0,112.0,110.59,22800,25.22,12,16800,73.68
FORTIS,EQ,11-Aug-2026,945.15,945.0,948.55,923.6,935.2,935.2,935.2,1666135,15581.71,37872,954716,57.30
FOSECOIND,EQ,11-Aug-2026,5571.0,5595.0,5671.0,5380.5,5540.0,5500.5,5573.76,5847,325.9,1264,2776,47.48
FRACTAL,EQ,11-Aug-2026,805.6,815.0,842.65,815.0,827.5,828.3,829.14,368782,3057.72,14024,155735,42.23
FRESHARA,ST,11-Aug-2026,374.45,379.8,388.0,365.05,379.0,376.15,376.16,45000,169.27,56,42000,93.33
FROG,ST,11-Aug-2026,216.0,219.9,219.9,214.0,216.4,216.4,216.47,2800,6.06,7,2800,100.00
FRONTSP,EQ,11-Aug-2026,1407.1,1423.0,1515.0,1395.1,1487.0,1481.7,1465.67,91585,1342.33,9292,42416,46.31
FSL,EQ,11-Aug-2026,279.7,281.0,284.3,275.9,278.9,279.6,279.73,2249644,6292.94,46571,763667,33.95
FUSION,EQ,11-Aug-2026,206.16,210.35,223.4,210.1,210.8,212.11,216.38,4377435,9471.86,58988,1848488,42.23
FWSTC,SM,11-Aug-2026,190.0,195.0,195.0,190.0,190.0,190.0,191.0,3000,5.73,5,3000,100.00
GABRIEL,EQ,11-Aug-2026,1469.8,1470.0,1509.0,1465.1,1505.5,1501.4,1496.12,280027,4189.53,18924,134885,48.17
GAEL,EQ,11-Aug-2026,172.85,171.35,173.78,167.91,168.83,168.87,170.29,969399,1650.8,22291,476617,49.17
GAIL,EQ,11-Aug-2026,172.5,172.0,175.34,171.11,175.34,175.34,174.01,15482707,26941.17,47275,11278835,72.85
GAJANAND,SM,11-Aug-2026,8.25,8.05,8.05,8.05,8.05,8.05,8.05,3000,0.24,1,3000,100.00
GALAPREC,EQ,11-Aug-2026,997.0,985.8,1034.0,983.1,1015.0,1006.4,1017.24,51906,528.01,4871,26597,51.24
GALAXYSURF,EQ,11-Aug-2026,2084.8,2094.4,2094.4,2028.1,2032.1,2043.1,2046.78,9195,188.2,1992,4996,54.33
GALLANTT,EQ,11-Aug-2026,591.2,605.5,607.5,586.05,597.4,593.5,594.56,85957,511.06,6701,37518,43.65
GANDHAR,EQ,11-Aug-2026,236.82,237.7,245.8,237.0,243.0,243.41,242.4,1899221,4603.7,20810,692963,36.49
GANDHITUBE,EQ,11-Aug-2026,882.1,884.9,953.85,884.9,928.0,931.3,928.54,58650,544.59,3257,32600,55.58
GANECOS,EQ,11-Aug-2026,1037.5,1035.0,1058.0,1022.0,1054.0,1049.1,1038.0,108598,1127.25,7343,57061,52.54
GANESHBE,BE,11-Aug-2026,120.36,120.89,121.9,115.0,116.2,116.74,117.39,91907,107.89,507,-,-
GANESHCP,EQ,11-Aug-2026,161.58,161.5,163.99,160.39,162.0,161.7,162.03,68827,111.52,1886,37720,54.80
GANESHHOU,EQ,11-Aug-2026,772.75,769.0,773.2,760.0,766.0,763.95,763.56,11279,86.12,708,7520,66.67
GANESHIN,ST,11-Aug-2026,117.65,113.6,120.5,112.5,116.5,117.1,116.95,108800,127.25,76,103200,94.85
GANGABATH,SM,11-Aug-2026,22.9,23.15,23.15,22.5,22.85,22.85,22.83,9000,2.06,3,3000,33.33
GANGAFORGE,EQ,11-Aug-2026,2.2,2.3,2.31,2.3,2.31,2.3,2.31,15372827,354.86,4762,11280485,73.38
GANGESSECU,EQ,11-Aug-2026,116.86,116.5,120.5,115.82,118.8,118.06,118.22,2435,2.88,32,2236,91.83
GARFIBRES,EQ,11-Aug-2026,799.35,797.0,799.0,780.05,791.65,786.4,786.96,38619,303.92,6418,21085,54.60
GARUDA,EQ,11-Aug-2026,194.51,192.01,198.95,189.6,190.5,190.67,194.34,1881465,3656.37,21876,484931,25.77
GATECH,BE,11-Aug-2026,0.68,0.71,0.71,0.7,0.71,0.7,0.71,12975021,91.82,2537,-,-
GATECHDVR,BE,11-Aug-2026,0.52,0.51,0.53,0.5,0.52,0.51,0.51,579588,2.97,206,-,-
GATEWAY,EQ,11-Aug-2026,58.04,57.2,57.41,56.01,56.35,56.3,56.45,1449521,818.27,16004,825891,56.98
GAUDIUMIVF,BE,11-Aug-2026,128.35,125.79,125.79,125.79,125.79,125.79,125.79,43804,55.1,360,-,-
GAYAHWS,EQ,11-Aug-2026,1.95,1.99,2.06,1.91,1.96,1.96,1.97,93010,1.83,253,63052,67.79
GAYAPROJ,BE,11-Aug-2026,19.8,19.81,20.15,19.1,19.78,19.5,19.62,161767,31.73,917,-,-
GCHOTELS,ST,11-Aug-2026,104.65,104.65,105.0,100.05,105.0,104.95,102.95,41400,42.62,60,27600,66.67
GCSL,EQ,11-Aug-2026,517.35,518.65,521.8,456.55,463.0,465.8,488.44,824422,4026.79,13730,320842,38.92
GEECEE,BE,11-Aug-2026,371.9,374.0,388.0,364.05,386.0,385.1,375.61,9468,35.56,138,-,-
GEEKAYWIRE,EQ,11-Aug-2026,22.96,22.87,23.25,22.53,22.63,22.59,22.79,98915,22.54,626,66705,67.44
GEMAROMA,EQ,11-Aug-2026,178.88,181.3,184.5,178.2,182.7,181.45,182.3,78413,142.95,1440,45832,58.45
GENCON,EQ,11-Aug-2026,39.42,39.63,39.99,39.06,39.99,39.51,39.58,269244,106.57,1842,42961,15.96
GENESYS,EQ,11-Aug-2026,220.75,221.0,223.7,213.0,214.0,214.45,217.77,160769,350.11,4484,101373,63.06
GENSOL,BZ,11-Aug-2026,17.21,17.21,17.55,16.73,16.79,16.9,17.04,68032,11.59,731,-,-
GENUSPAPER,EQ,11-Aug-2026,12.47,12.65,13.1,12.08,12.2,12.2,12.43,205329,25.53,583,125112,60.93
GENUSPOWER,EQ,11-Aug-2026,305.0,305.1,307.0,301.5,305.0,305.55,304.21,991698,3016.89,16609,530958,53.54
GENXAI,SM,11-Aug-2026,81.0,82.5,82.5,77.5,77.5,78.1,79.4,15600,12.39,12,13200,84.62
GEOJITFSL,EQ,11-Aug-2026,77.66,77.74,78.48,76.36,77.0,76.78,77.37,146265,113.16,3714,79450,54.32
GESHIP,EQ,11-Aug-2026,1329.6,1330.0,1330.0,1285.7,1291.0,1292.6,1297.72,1161969,15079.12,69258,627034,53.96
GFLLIMITED,EQ,11-Aug-2026,48.88,49.0,49.12,47.0,47.42,47.27,47.81,58873,28.14,1440,28314,48.09
GGBL,SM,11-Aug-2026,249.9,253.0,268.0,242.2,245.0,246.1,254.38,71400,181.62,215,26100,36.55
GHCL,EQ,11-Aug-2026,434.45,435.5,435.55,429.8,430.75,432.25,431.24,114541,493.95,4332,88407,77.18
GHCLTEXTIL,EQ,11-Aug-2026,120.86,120.86,120.86,117.25,119.08,119.27,118.89,475810,565.68,4215,255383,53.67
GICHSGFIN,EQ,11-Aug-2026,153.36,154.2,154.2,149.81,151.0,150.42,150.85,76858,115.94,1215,50651,65.90
GICL,EQ,11-Aug-2026,20.74,20.88,21.77,20.88,21.57,21.7,21.54,485087,104.51,803,298336,61.50
GICRE,EQ,11-Aug-2026,352.8,353.05,356.5,352.1,355.55,355.7,355.02,300455,1066.69,11821,165886,55.21
GILLANDERS,EQ,11-Aug-2026,92.12,92.45,93.7,91.52,91.6,91.6,92.25,2047,1.89,36,1960,95.75
GILLETTE,EQ,11-Aug-2026,7651.5,7651.5,7689.0,7600.0,7628.0,7641.5,7625.01,11533,879.39,4110,6594,57.18
GILT10BETA,EQ,11-Aug-2026,26.7,26.96,27.01,26.49,27.01,27.01,26.8,507,0.14,13,317,62.52
GILT5BETA,EQ,11-Aug-2026,66.16,67.23,67.23,66.49,67.04,67.04,67.22,462,0.31,12,460,99.57
GILT5YBEES,EQ,11-Aug-2026,66.44,66.55,66.55,66.22,66.39,66.37,66.38,182190,120.93,444,155209,85.19
GINNIFILA,BE,11-Aug-2026,45.27,45.79,45.95,44.51,45.35,45.1,45.45,26813,12.19,82,-,-
GIPCL,EQ,11-Aug-2026,164.73,165.5,167.19,163.5,165.0,164.64,165.17,421246,695.76,4519,276159,65.56
GIRIRAJ,SM,11-Aug-2026,54.0,54.0,56.7,54.0,56.7,56.7,56.1,5500,3.09,16,5000,90.91
GJL,ST,11-Aug-2026,197.0,206.5,206.85,206.5,206.85,206.85,206.78,4000,8.27,5,4000,100.00
GKENERGY,EQ,11-Aug-2026,133.47,134.0,134.0,130.0,130.7,130.73,131.66,459501,604.99,5272,221409,48.18
GKSL,EQ,11-Aug-2026,133.71,133.0,134.94,133.0,133.78,133.8,133.94,96922,129.82,1111,49606,51.18
GKWLIMITED,EQ,11-Aug-2026,1651.5,1651.5,1659.9,1640.0,1644.0,1655.3,1655.05,1205,19.94,29,1205,100.00
GLAND,EQ,11-Aug-2026,2667.3,2845.5,2988.4,2808.0,2933.0,2924.4,2897.26,8760097,253802.4,485597,1328146,15.16
GLAXO,EQ,11-Aug-2026,2601.0,2617.0,2617.0,2577.0,2600.0,2601.9,2600.99,34056,885.79,6366,16789,49.30
GLENMARK,EQ,11-Aug-2026,2251.3,2265.2,2291.0,2245.0,2276.0,2276.0,2271.08,284670,6465.09,22003,119361,41.93
GLFL,EQ,11-Aug-2026,5.45,5.5,5.72,5.5,5.72,5.62,5.68,2261,0.13,14,2011,88.94
GLOBAL,EQ,11-Aug-2026,101.59,100.05,102.18,99.5,100.65,100.12,100.84,53086,53.53,555,28408,53.51
GLOBALE,EQ,11-Aug-2026,10.35,10.4,10.8,10.35,10.64,10.44,10.43,3459,0.36,23,3458,99.97
GLOBALPET,ST,11-Aug-2026,162.0,160.0,162.0,160.0,162.0,161.0,161.0,1500,2.42,2,1500,100.00
GLOBALVECT,EQ,11-Aug-2026,158.82,161.8,163.7,160.0,162.9,162.8,162.2,9404,15.25,301,5853,62.24
GLOBE,EQ,11-Aug-2026,2.03,2.0,2.09,2.0,2.03,2.04,2.04,617397,12.57,307,420416,68.09
GLOBECIVIL,EQ,11-Aug-2026,43.29,43.99,45.75,42.6,43.56,44.35,44.72,203001,90.79,1052,92386,45.51
GLOBUSSPR,EQ,11-Aug-2026,889.6,894.05,894.05,860.1,871.75,870.1,869.7,225487,1961.06,6824,144616,64.13
GLOSTERLTD,EQ,11-Aug-2026,659.9,676.95,676.95,648.65,655.0,652.7,656.58,2255,14.81,178,1808,80.18
GLOTTIS,BE,11-Aug-2026,67.77,67.1,68.5,67.0,67.0,67.0,67.88,42010,28.51,256,-,-
GMBREW,EQ,11-Aug-2026,901.1,900.0,906.1,894.55,901.0,900.0,898.82,13771,123.78,1804,7684,55.80
GMDCLTD,EQ,11-Aug-2026,603.15,603.15,609.15,599.35,602.8,603.0,603.96,1132164,6837.79,24671,408462,36.08
GML,SM,11-Aug-2026,17.9,18.75,18.75,18.05,18.05,18.05,18.63,26000,4.85,12,22000,84.62
GMMPFAUDLR,EQ,11-Aug-2026,993.6,985.0,1015.5,984.2,1002.4,1003.8,1002.46,169338,1697.55,10402,79971,47.23
GMRAIRPORT,EQ,11-Aug-2026,106.3,106.3,106.47,104.61,105.11,105.11,105.24,10991427,11566.89,41657,6846659,62.29
GMRP&UI,EQ,11-Aug-2026,96.48,96.48,97.09,95.5,95.7,95.82,96.07,367162,352.73,3796,195863,53.35
GNA,EQ,11-Aug-2026,538.7,543.0,556.0,535.0,540.0,537.35,544.59,920755,5014.36,21450,353149,38.35
GNFC,EQ,11-Aug-2026,544.1,544.45,550.8,540.75,549.85,548.4,546.77,347424,1899.62,12606,190684,54.89
GNRL,EQ,11-Aug-2026,102.3,104.77,110.6,103.81,110.5,110.09,107.72,439566,473.48,10051,256284,58.30
GOACARBON,EQ,11-Aug-2026,380.85,380.85,380.85,371.0,374.0,373.7,375.23,8359,31.37,488,6054,72.42
GOCLCORP,EQ,11-Aug-2026,428.2,426.0,434.4,420.4,431.0,429.55,426.2,72155,307.53,2212,40714,56.43
GOCOLORS,EQ,11-Aug-2026,329.25,328.0,329.25,321.45,321.8,323.0,324.6,112040,363.69,2703,55921,49.91
GODAVARIB,EQ,11-Aug-2026,240.1,241.9,279.65,239.75,271.9,273.6,271.27,9219974,25010.57,139458,410272,4.45
GODFRYPHLP,EQ,11-Aug-2026,2289.0,2262.0,2272.9,2212.0,2224.9,2224.9,2236.91,327551,7327.01,23675,122419,37.37
GODIGIT,EQ,11-Aug-2026,268.4,268.4,268.4,262.0,265.0,265.2,264.27,407842,1077.8,18038,188926,46.32
GODREJAGRO,EQ,11-Aug-2026,556.05,556.85,557.0,545.0,547.8,546.4,548.92,80659,442.75,6988,43959,54.50
GODREJCP,EQ,11-Aug-2026,1033.0,1032.0,1034.1,1017.0,1025.0,1025.0,1022.05,920192,9404.81,26205,424685,46.15
GODREJIND,EQ,11-Aug-2026,1292.2,1308.9,1310.1,1280.3,1301.0,1289.8,1288.28,42363,545.75,5123,22605,53.36
GODREJPROP,EQ,11-Aug-2026,2108.4,2108.0,2108.0,2030.1,2037.9,2037.9,2061.95,568576,11723.77,23302,316380,55.64
GOKEX,EQ,11-Aug-2026,796.15,798.05,802.9,776.5,790.5,788.95,788.2,314192,2476.45,14981,154126,49.05
GOKUL,EQ,11-Aug-2026,39.44,39.22,40.5,39.22,40.05,40.1,39.64,147421,58.44,446,33300,22.59
GOKULAGRO,EQ,11-Aug-2026,227.06,229.15,229.15,225.6,225.73,226.03,226.62,143555,325.33,3940,63657,44.34
GOLD1,EQ,11-Aug-2026,125.91,129.05,129.05,126.1,126.9,126.85,127.1,2633700,3347.34,8645,1733182,65.81
GOLD360,EQ,11-Aug-2026,146.8,147.7,149.95,147.7,148.9,148.8,148.56,23437,34.82,380,12746,54.38
GOLDADD,EQ,11-Aug-2026,146.47,148.42,148.95,146.83,147.55,147.61,147.62,2022013,2984.85,5155,1540329,76.18
GOLDAXIS,EQ,11-Aug-2026,125.89,129.03,129.03,125.91,126.47,126.37,126.78,5002414,6342.18,5595,4106184,82.08
GOLDBEES,EQ,11-Aug-2026,124.58,126.66,126.73,125.0,125.58,125.52,125.89,30064670,37848.82,93825,12593223,41.89
GOLDBETA,EQ,11-Aug-2026,126.8,128.9,129.3,127.25,127.85,127.8,128.0,548727,702.37,2466,311645,56.79
GOLDBND,EQ,11-Aug-2026,150.36,151.43,153.73,151.01,152.25,152.26,152.39,48121,73.33,492,45634,94.83
GOLDCASE,EQ,11-Aug-2026,23.71,24.3,24.3,23.8,23.92,23.91,23.98,10455961,2507.43,10067,5165423,49.40
GOLDENTOBC,BZ,11-Aug-2026,24.05,24.11,25.25,24.11,24.28,24.28,24.89,2739,0.68,30,-,-
GOLDETF,EQ,11-Aug-2026,146.39,148.05,148.75,146.98,147.5,147.57,147.81,1377333,2035.88,5982,741428,53.83
GOLDIAM,EQ,11-Aug-2026,369.05,375.0,398.2,369.0,384.3,384.05,388.81,3058925,11893.47,49084,1115679,36.47
GOLDIETF,EQ,11-Aug-2026,129.22,132.0,132.0,129.22,130.15,130.16,130.36,6529018,8511.45,29656,3740869,57.30
GOLDKART,SM,11-Aug-2026,100.0,95.0,95.0,95.0,95.0,95.0,95.0,625,0.59,1,625,100.00
GOLDSTAR,SM,11-Aug-2026,6.6,6.9,6.9,6.8,6.85,6.85,6.86,78750,5.4,7,78750,100.00
GOLDTECH,BE,11-Aug-2026,52.89,52.85,53.8,52.0,53.3,52.83,53.01,13980,7.41,126,-,-
GOODLUCK,EQ,11-Aug-2026,1479.6,1446.0,1448.9,1295.0,1338.0,1330.5,1345.41,1492136,20075.33,68711,641286,42.98
GOODYEAR,EQ,11-Aug-2026,795.6,800.0,800.0,770.0,776.9,778.25,785.2,9837,77.24,1057,5872,59.69
GOPAL,EQ,11-Aug-2026,273.6,275.0,276.0,273.0,273.0,273.1,274.38,176383,483.96,5028,72480,41.09
GOYALALUM,EQ,11-Aug-2026,6.45,6.45,6.6,6.35,6.39,6.36,6.47,69099,4.47,319,43925,63.57
GOYALSALT,SM,11-Aug-2026,115.0,114.0,114.0,113.0,113.0,113.05,113.78,19200,21.85,11,19200,100.00
GPECO,ST,11-Aug-2026,396.4,410.0,416.2,398.9,412.9,403.85,411.04,21600,88.79,75,18400,85.19
GPIL,EQ,11-Aug-2026,237.15,235.0,237.35,231.0,233.4,232.18,233.33,1892197,4414.99,30128,1079863,57.07
GPPL,EQ,11-Aug-2026,150.38,150.38,150.45,147.8,148.14,148.13,148.3,1218220,1806.59,14524,874086,71.75
GPTHEALTH,EQ,11-Aug-2026,157.14,157.0,162.0,153.91,161.58,160.51,157.87,157689,248.94,2292,80562,51.09
GPTINFRA,EQ,11-Aug-2026,114.82,113.85,117.8,113.85,117.25,116.5,116.52,108814,126.79,4974,65742,60.42
GRADIENTE,EQ,11-Aug-2026,2.47,2.46,2.59,2.35,2.55,2.57,2.47,4168106,103.14,613,3661864,87.85
GRANDOAK,EQ,11-Aug-2026,42.93,44.7,44.7,40.79,41.95,40.81,42.5,11349,4.82,178,5687,50.11
GRANULES,EQ,11-Aug-2026,855.15,855.0,873.75,852.5,862.5,861.0,864.07,377278,3259.95,22258,170328,45.15
GRAPHISAD,SM,11-Aug-2026,27.15,27.95,28.45,26.15,27.55,27.55,27.77,18000,5.0,14,10800,60.00
GRAPHITE,EQ,11-Aug-2026,722.9,723.0,741.0,720.3,728.1,730.85,733.39,1179294,8648.86,29330,391168,33.17
GRASIM,EQ,11-Aug-2026,3380.5,3360.0,3402.8,3301.9,3322.2,3322.2,3340.31,755928,25250.34,58390,397599,52.60
GRAUWEIL,EQ,11-Aug-2026,67.6,67.9,68.8,67.0,67.79,67.67,67.9,170336,115.66,4688,128819,75.63
GRAVISSHO,EQ,11-Aug-2026,29.92,31.0,31.31,29.45,29.45,30.65,30.95,1009,0.31,21,1008,99.90
GRAVITA,EQ,11-Aug-2026,1783.5,1783.0,1810.0,1771.5,1783.0,1784.5,1790.78,177973,3187.11,17494,84678,47.58
GRCL,ST,11-Aug-2026,499.0,500.0,500.0,485.0,485.2,485.2,490.2,1500,7.35,6,1500,100.00
GREAVESCOT,EQ,11-Aug-2026,195.08,195.0,198.5,191.97,198.45,197.78,195.78,2874115,5626.91,28781,1198024,41.68
GREENCHEF,SM,11-Aug-2026,49.9,49.6,49.6,49.6,49.6,49.6,49.6,800,0.4,1,800,100.00
GREENLAM,EQ,11-Aug-2026,242.65,248.0,249.0,237.4,243.0,242.35,242.74,483773,1174.31,11577,275527,56.95
GREENLEAF,ST,11-Aug-2026,113.0,112.0,112.0,112.0,112.0,112.0,112.0,6000,6.72,5,6000,100.00
GREENPANEL,EQ,11-Aug-2026,190.06,191.45,191.45,182.61,183.0,183.59,185.31,234636,434.8,6081,161022,68.63
GREENPLY,EQ,11-Aug-2026,282.7,282.9,283.3,277.1,279.55,278.85,279.73,64333,179.96,2909,40151,62.41
GREENPOWER,EQ,11-Aug-2026,9.79,9.76,9.85,9.71,9.75,9.73,9.76,1999287,195.11,3555,1151891,57.62
GRETEX,SM,11-Aug-2026,289.0,289.0,300.0,289.0,300.0,300.0,299.88,66750,200.17,9,66750,100.00
GRINDWELL,EQ,11-Aug-2026,2116.5,2116.0,2120.8,2071.1,2079.0,2080.8,2094.54,11086,232.2,2728,5699,51.41
GRINFRA,EQ,11-Aug-2026,885.2,885.2,885.4,870.55,881.0,880.15,877.51,28270,248.07,2278,16580,58.65
GRMOVER,EQ,11-Aug-2026,90.55,91.0,95.1,90.31,94.4,94.19,92.78,2788567,2587.22,55911,618036,22.16
GROBTEA,EQ,11-Aug-2026,900.3,900.0,900.0,891.4,895.0,895.0,894.6,4,0.04,4,1,25.00
GROWW,EQ,11-Aug-2026,193.34,193.0,194.1,191.8,193.57,193.5,193.29,15283484,29541.41,71037,8793629,57.54
GROWWCAPM,EQ,11-Aug-2026,11.17,11.17,11.26,11.1,11.23,11.19,11.2,390773,43.79,764,233785,59.83
GROWWCHEM,EQ,11-Aug-2026,30.79,30.51,30.88,30.45,30.78,30.61,30.61,57715,17.66,261,30038,52.05
GROWWDEFNC,EQ,11-Aug-2026,96.62,96.84,97.08,94.7,96.0,95.92,95.66,272196,260.39,2826,164707,60.51
GROWWEV,EQ,11-Aug-2026,34.2,34.3,34.35,33.9,33.9,33.95,34.15,661903,226.06,2173,521748,78.83
GROWWGOLD,EQ,11-Aug-2026,14.71,14.99,14.99,14.77,14.82,14.81,14.87,2153104,320.12,3255,932609,43.31
GROWWHOSPI,EQ,11-Aug-2026,54.47,54.76,54.76,53.33,53.84,53.55,53.57,906144,485.42,2374,766453,84.58
GROWWLIQID,EQ,11-Aug-2026,110.27,110.29,110.3,110.29,110.29,110.29,110.29,457275,504.33,235,396946,86.81
GROWWLOVOL,EQ,11-Aug-2026,10.66,10.58,10.82,10.53,10.67,10.65,10.65,39346,4.19,131,17070,43.38
GROWWMC150,EQ,11-Aug-2026,236.35,235.96,239.98,233.9,239.98,236.79,235.67,1798,4.24,48,838,46.61
GROWWMETAL,EQ,11-Aug-2026,12.55,12.86,12.86,12.42,12.52,12.51,12.56,435396,54.69,1260,259307,59.56
GROWWMOM50,EQ,11-Aug-2026,11.01,11.0,11.1,10.88,10.95,11.0,10.99,119923,13.18,520,72230,60.23
GROWWN200,EQ,11-Aug-2026,11.58,11.55,11.72,11.41,11.5,11.56,11.56,31184,3.6,271,16489,52.88
GROWWNET,EQ,11-Aug-2026,10.41,10.67,10.67,10.2,10.55,10.61,10.53,611933,64.43,854,544426,88.97
GROWWNIFTY,EQ,11-Aug-2026,9.93,10.17,10.17,9.86,9.91,9.88,9.91,907906,89.96,5316,629241,69.31
GROWWNXT50,EQ,11-Aug-2026,75.25,74.75,76.0,74.38,75.63,74.95,75.02,11358,8.52,144,3983,35.07
GROWWPOWER,EQ,11-Aug-2026,11.56,11.62,11.63,11.46,11.52,11.48,11.5,1856899,213.49,2639,1274946,68.66
GROWWPSE,EQ,11-Aug-2026,99.19,100.0,100.5,98.11,100.5,98.98,98.93,1685,1.67,42,1322,78.46
GROWWPSUBK,EQ,11-Aug-2026,86.99,86.99,87.78,85.26,86.75,86.25,86.01,19602,16.86,86,7736,39.47
GROWWRAIL,EQ,11-Aug-2026,29.34,29.34,29.4,29.1,29.29,29.28,29.29,402438,117.88,1881,307159,76.32
GROWWRLTY,EQ,11-Aug-2026,10.1,9.9,10.19,9.9,9.99,9.96,10.02,198655,19.9,647,140225,70.59
GROWWSC250,EQ,11-Aug-2026,10.56,10.82,10.82,10.56,10.68,10.64,10.62,107451,11.41,466,96090,89.43
GROWWSLVR,EQ,11-Aug-2026,22.6,22.99,23.11,22.65,22.78,22.77,22.87,2043295,467.27,2721,620637,30.37
GRPLTD,EQ,11-Aug-2026,1981.7,1985.8,1990.2,1925.0,1930.0,1925.9,1949.73,2237,43.62,284,1779,79.53
GRSE,EQ,11-Aug-2026,2586.9,2590.0,2612.0,2571.5,2576.0,2575.4,2587.37,251700,6512.4,19769,103707,41.20
GRWRHITECH,EQ,11-Aug-2026,7001.0,6980.0,7064.0,6927.0,7031.0,7020.5,7005.18,46164,3233.87,11077,24690,53.48
GSEC10IETF,EQ,11-Aug-2026,267.11,264.36,267.26,264.36,267.26,267.26,265.0,78,0.21,5,61,78.21
GSEC10YEAR,EQ,11-Aug-2026,30.42,30.42,30.73,30.42,30.53,30.53,30.5,15239,4.65,22,10505,68.93
GSEC5IETF,EQ,11-Aug-2026,66.77,66.77,66.9,66.19,66.4,66.4,66.57,10662,7.1,29,5733,53.77
GSFC,EQ,11-Aug-2026,161.65,161.85,162.29,159.97,161.58,161.34,160.96,372905,600.24,5107,221580,59.42
GSLSU,EQ,11-Aug-2026,26.81,27.3,28.15,27.0,28.15,28.15,27.9,60122,16.77,483,49611,82.52
GSMFOILS,SM,11-Aug-2026,119.8,113.85,113.85,113.85,113.85,113.85,113.85,18500,21.06,23,18500,100.00
GSPCROP,EQ,11-Aug-2026,595.0,595.1,600.0,581.0,594.0,592.4,593.89,260527,1547.24,3736,59462,22.82
GSS,EQ,11-Aug-2026,13.34,13.88,13.88,13.31,13.73,13.61,13.56,19276,2.61,180,9517,49.37
GTECJAINX,BE,11-Aug-2026,31.13,31.0,31.0,29.58,30.99,30.99,30.85,9088,2.8,43,-,-
GTL,EQ,11-Aug-2026,7.67,7.68,7.75,7.52,7.56,7.59,7.59,187431,14.23,571,141504,75.50
GTLINFRA,EQ,11-Aug-2026,1.24,1.24,1.25,1.23,1.25,1.24,1.24,15830648,196.51,9548,8800696,55.59
GTPL,EQ,11-Aug-2026,59.02,59.3,60.0,51.0,52.6,52.56,54.03,783958,423.59,8954,490618,62.58
GUFICBIO,EQ,11-Aug-2026,433.0,434.5,442.0,423.55,429.0,431.1,433.35,121864,528.1,4936,68981,56.60
GUJALKALI,EQ,11-Aug-2026,682.65,687.0,692.15,673.55,678.0,677.35,679.7,28660,194.8,2896,12332,43.03
GUJAPOLLO,EQ,11-Aug-2026,357.9,357.85,357.9,345.55,353.0,352.65,352.07,10231,36.02,681,6884,67.29
GUJENERGY,EQ,11-Aug-2026,265.45,266.0,279.0,266.0,274.0,274.4,274.22,1459559,4002.34,28808,756602,51.84
GUJRAFFIA,EQ,11-Aug-2026,39.71,36.02,40.43,36.02,39.0,39.02,38.66,1119,0.43,40,853,76.23
GUJTHEM,EQ,11-Aug-2026,367.55,367.55,371.95,360.05,362.8,362.05,364.68,37876,138.13,1816,16950,44.75
GULFOILLUB,EQ,11-Aug-2026,1177.4,1180.0,1205.4,1179.9,1196.0,1189.8,1191.92,62320,742.8,5342,27637,44.35
GULFPETRO,BE,11-Aug-2026,59.5,58.55,62.47,58.55,62.47,62.33,61.46,480222,295.14,1598,-,-
GULPOLY,EQ,11-Aug-2026,201.21,201.0,203.57,198.0,198.2,198.18,199.87,238027,475.73,4843,113971,47.88
GURUNANAK,SM,11-Aug-2026,40.9,42.7,42.7,42.45,42.45,42.45,42.58,3200,1.36,2,3200,100.00
GVKPIL,BE,11-Aug-2026,2.35,2.35,2.38,2.33,2.35,2.33,2.36,518259,12.22,684,-,-
GVPIL,EQ,11-Aug-2026,749.3,742.0,780.0,740.4,763.0,760.25,765.1,213975,1637.13,9066,123277,57.61
GVPTECH,EQ,11-Aug-2026,7.0,7.09,7.1,7.0,7.06,7.06,7.07,62177,4.39,252,55554,89.35
GVT&D,EQ,11-Aug-2026,4330.0,4300.0,4435.0,4273.1,4420.0,4420.0,4372.23,798491,34911.83,92034,402819,50.45
GYFTR,EQ,11-Aug-2026,159.41,161.35,165.6,153.22,156.11,160.33,160.37,78622,126.09,1989,26026,33.10
HAL,EQ,11-Aug-2026,4928.0,4930.1,4963.8,4855.6,4909.0,4909.0,4894.66,447081,21883.1,37628,222748,49.82
HALDER,EQ,11-Aug-2026,263.63,261.11,270.0,261.0,263.0,265.04,265.92,37005,98.4,449,11049,29.86
HALDYNGL,BE,11-Aug-2026,130.71,127.25,131.0,127.25,130.0,129.46,129.16,16069,20.75,165,-,-
HALEOSLABS,EQ,11-Aug-2026,1432.3,1449.0,1452.3,1412.6,1445.0,1444.7,1439.06,436,6.27,51,311,71.33
HAPPSTMNDS,EQ,11-Aug-2026,401.8,401.5,406.4,392.35,394.0,394.35,398.19,646260,2573.36,16223,342163,52.95
HAPPY,SM,11-Aug-2026,67.0,66.9,67.75,65.55,66.5,66.45,66.62,20000,13.32,9,14000,70.00
HAPPYFORGE,EQ,11-Aug-2026,1926.0,1940.0,1965.9,1897.2,1906.4,1907.8,1937.4,141867,2748.53,15606,97898,69.01
HARDWYN,EQ,11-Aug-2026,11.26,11.28,11.33,11.05,11.13,11.17,11.22,2473794,277.44,1540,1521010,61.48
HARIOMPIPE,EQ,11-Aug-2026,400.3,400.0,401.45,389.55,392.6,392.65,393.42,114466,450.34,3616,69203,60.46
HARRMALAYA,EQ,11-Aug-2026,223.39,228.0,228.0,220.2,222.0,221.29,224.09,18242,40.88,524,11597,63.57
HARSHA,EQ,11-Aug-2026,432.6,428.4,436.7,402.1,405.0,410.45,417.17,950116,3963.56,31367,409072,43.05
HATHWAY,EQ,11-Aug-2026,10.81,10.81,10.87,10.73,10.79,10.76,10.77,986517,106.22,1626,523873,53.10
HATSUN,EQ,11-Aug-2026,952.9,948.55,948.55,932.1,942.0,942.5,940.83,21539,202.65,1878,13350,61.98
HAVELLS,EQ,11-Aug-2026,1285.0,1285.0,1285.0,1270.1,1274.4,1274.4,1276.43,473568,6044.75,16810,280735,59.28
HAVISHA,EQ,11-Aug-2026,1.4,1.46,1.46,1.34,1.39,1.38,1.38,50247,0.69,271,36153,71.95
HAWKINCOOK,EQ,11-Aug-2026,8382.5,8400.0,8426.0,8013.5,8239.0,8193.0,8204.52,2216,181.81,1102,1281,57.81
HBESD,EQ,11-Aug-2026,75.04,75.05,78.0,74.01,76.89,75.79,75.88,1946,1.48,32,1628,83.66
HBLENGINE,EQ,11-Aug-2026,694.55,700.0,713.85,693.8,694.15,695.25,702.36,1122351,7882.98,34599,486452,43.34
HBSL,EQ,11-Aug-2026,58.17,60.99,60.99,57.2,57.32,57.48,58.61,6895,4.04,92,6625,96.08
HCC,EQ,11-Aug-2026,20.18,20.29,20.32,19.69,20.0,20.05,20.02,25570077,5118.89,32057,9381050,36.69
HCG,EQ,11-Aug-2026,715.65,720.0,755.0,705.05,728.8,738.95,731.01,545536,3987.92,28974,293623,53.82
HCL-INSYS,EQ,11-Aug-2026,11.42,11.58,11.68,11.4,11.43,11.44,11.48,98162,11.27,504,62160,63.32
HCLTECH,EQ,11-Aug-2026,1357.2,1360.1,1379.8,1358.0,1365.4,1365.4,1367.72,1828636,25010.62,69672,790311,43.22
HDBFS,EQ,11-Aug-2026,676.4,675.7,695.35,670.35,692.5,693.1,686.25,500739,3436.33,19345,294322,58.78
HDFCAMC,EQ,11-Aug-2026,2560.0,2554.0,2554.1,2504.2,2515.0,2515.0,2520.15,1036363,26117.9,51130,635038,61.28
HDFCBANK,EQ,11-Aug-2026,731.0,730.5,730.85,726.55,729.0,729.0,728.77,29154365,212468.16,386461,16648262,57.10
HDFCBSE500,EQ,11-Aug-2026,38.24,38.51,40.0,38.08,38.3,38.62,38.19,5667451,2164.49,587,5470868,96.53
HDFCGOLD,EQ,11-Aug-2026,128.77,131.98,131.98,125.55,129.73,129.72,129.89,3421802,4444.5,16864,1730057,50.56
HDFCGROWTH,EQ,11-Aug-2026,124.87,126.12,127.0,123.91,124.6,124.38,124.27,21349,26.53,223,15608,73.11
HDFCLIFE,EQ,11-Aug-2026,540.0,540.0,540.55,532.4,536.0,536.0,535.79,3642366,19515.49,48545,2469799,67.81
HDFCLIQUID,EQ,11-Aug-2026,1073.05,1073.19,1073.19,1073.17,1073.19,1073.18,1073.18,18844,202.23,35,10734,56.96
HDFCLOWVOL,EQ,11-Aug-2026,21.25,21.25,21.29,21.12,21.2,21.18,21.17,8949,1.89,69,6529,72.96
HDFCMID150,EQ,11-Aug-2026,23.72,24.31,25.2,23.55,23.9,23.9,23.84,659186,157.12,1442,503964,76.45
HDFCMOMENT,EQ,11-Aug-2026,31.32,31.66,31.66,31.21,31.21,31.34,31.41,142958,44.91,534,80866,56.57
HDFCNEXT50,EQ,11-Aug-2026,76.22,76.49,76.5,75.49,75.97,75.85,76.12,269222,204.94,884,192637,71.55
HDFCNIF100,EQ,11-Aug-2026,26.74,26.74,27.0,26.45,26.7,26.54,26.54,52122,13.83,331,34770,66.71
HDFCNIFBAN,EQ,11-Aug-2026,59.37,59.27,59.27,58.91,59.24,59.2,59.17,167046,98.85,431,146151,87.49
HDFCNIFIT,EQ,11-Aug-2026,33.77,33.99,34.13,33.7,33.7,33.83,33.98,148158,50.34,322,97467,65.79
HDFCNIFTY,EQ,11-Aug-2026,277.75,270.8,278.11,270.8,275.65,275.89,275.68,385600,1063.01,1016,330660,85.75
HDFCNIMEG,EQ,11-Aug-2026,132.14,132.43,132.92,130.85,131.2,131.09,131.16,87463,114.72,66,76436,87.39
HDFCPSUBK,EQ,11-Aug-2026,87.41,86.93,87.59,86.58,86.9,87.09,87.13,43696,38.07,247,29681,67.93
HDFCPVTBAN,EQ,11-Aug-2026,28.08,28.78,28.78,27.81,28.04,27.92,27.89,230889,64.4,710,155998,67.56
HDFCQUAL,EQ,11-Aug-2026,60.19,60.41,60.5,59.63,60.0,60.21,60.23,36531,22.0,116,18142,49.66
HDFCSENSEX,EQ,11-Aug-2026,88.9,88.74,89.38,88.48,88.51,88.66,88.68,29655,26.3,605,18415,62.10
HDFCSILVER,EQ,11-Aug-2026,220.69,224.2,225.26,221.01,222.63,222.6,223.33,2912810,6505.09,14575,865844,29.73
HDFCSML250,EQ,11-Aug-2026,184.64,184.64,185.97,184.51,184.98,184.95,184.96,1729869,3199.63,6854,1331315,76.96
HDFCVALUE,EQ,11-Aug-2026,128.65,129.94,129.94,127.82,128.5,127.89,128.02,7981,10.22,85,7713,96.64
HDIL,BZ,11-Aug-2026,1.56,1.56,1.58,1.54,1.56,1.56,1.56,69725,1.09,183,-,-
HEADSUP,EQ,11-Aug-2026,7.02,7.02,7.24,6.81,6.91,6.86,6.97,4291,0.3,98,2806,65.39
HEALTHADD,EQ,11-Aug-2026,16.83,16.8,16.89,16.71,16.81,16.85,16.78,9708,1.63,137,7562,77.89
HEALTHAXIS,EQ,11-Aug-2026,169.57,170.41,170.41,168.16,170.4,169.64,168.96,9677,16.35,85,3224,33.32
HEALTHCARE,EQ,11-Aug-2026,21.7,21.7,21.85,21.61,21.85,21.83,21.72,60455,13.13,166,48295,79.89
HEALTHIETF,EQ,11-Aug-2026,171.01,171.9,171.9,169.54,171.5,171.33,170.51,87641,149.44,1702,47983,54.75
HEALTHX,EQ,11-Aug-2026,303.2,303.25,308.9,300.3,300.3,301.05,303.18,4291,13.01,235,3830,89.26
HEALTHY,EQ,11-Aug-2026,17.14,17.31,17.31,17.02,17.17,17.1,17.07,350524,59.84,1060,184833,52.73
HECPROJECT,EQ,11-Aug-2026,134.94,133.5,140.7,130.99,135.9,137.99,135.51,9621,13.04,388,6213,64.58
HEG,EQ,11-Aug-2026,683.6,675.0,686.95,674.0,678.0,678.25,679.55,761804,5176.84,16691,269224,35.34
HEIDELBERG,EQ,11-Aug-2026,155.22,155.99,155.99,154.0,154.2,154.45,154.6,38250,59.13,1310,21760,56.89
HEMIPROP,EQ,11-Aug-2026,136.91,137.4,141.9,135.5,136.6,136.92,138.5,1075704,1489.85,8792,329367,30.62
HERANBA,EQ,11-Aug-2026,176.61,176.61,179.97,173.26,173.72,173.97,174.97,20308,35.53,861,12405,61.08
HERITGFOOD,EQ,11-Aug-2026,362.05,362.0,365.0,357.35,362.0,362.6,362.25,200708,727.06,8721,99969,49.81
HEROMOTOCO,EQ,11-Aug-2026,5860.0,5848.0,5937.0,5803.5,5865.5,5865.5,5860.63,801380,46965.91,73161,440051,54.91
HESTERBIO,EQ,11-Aug-2026,2493.8,2499.9,2546.8,2471.0,2480.0,2487.8,2508.19,9173,230.08,1541,3897,42.48
HEXAGON,BE,11-Aug-2026,64.07,63.09,67.0,62.51,64.12,63.84,64.87,458678,297.57,1323,-,-
HEXATRADEX,EQ,11-Aug-2026,159.22,159.2,162.0,158.0,158.3,158.24,158.85,2008,3.19,152,1426,71.02
HEXT,EQ,11-Aug-2026,570.3,572.9,577.0,562.95,567.0,565.15,569.13,102328,582.38,5760,41681,40.73
HFCL,EQ,11-Aug-2026,212.97,214.0,215.8,209.25,214.0,214.24,212.97,15006611,31959.9,74584,6011214,40.06
HGINFRA,EQ,11-Aug-2026,553.95,553.55,557.0,545.0,548.6,547.8,549.03,38059,208.96,3335,20276,53.28
HGM,EQ,11-Aug-2026,48.25,48.01,48.95,47.48,48.8,48.66,48.31,1776,0.86,42,1345,75.73
HGS,EQ,11-Aug-2026,412.5,412.5,417.15,409.0,411.0,411.3,412.7,15105,62.34,972,8824,58.42
HIGREEN,SM,11-Aug-2026,139.45,137.8,138.45,132.5,134.0,134.55,135.2,23200,31.37,29,20000,86.21
HIKAL,EQ,11-Aug-2026,224.72,223.82,224.23,214.22,217.98,217.98,218.14,297314,648.57,5290,155813,52.41
HILINFRA,EQ,11-Aug-2026,45.11,46.6,46.6,44.11,46.35,46.33,45.97,57706,26.53,1145,32961,57.12
HILTON,BE,11-Aug-2026,21.12,21.45,21.45,20.26,20.69,20.39,20.74,146551,30.4,301,-,-
HIMATSEIDE,EQ,11-Aug-2026,79.14,79.14,79.54,76.0,76.92,76.31,77.25,661990,511.4,4304,419825,63.42
HINDALCO,EQ,11-Aug-2026,1054.05,1053.4,1068.75,1049.1,1049.1,1049.1,1058.93,4831839,51165.7,72207,2675477,55.37
HINDCOMPOS,EQ,11-Aug-2026,418.2,418.2,429.0,411.0,416.5,415.0,418.9,4435,18.58,359,2703,60.95
HINDCON,EQ,11-Aug-2026,22.16,22.5,23.0,22.16,22.98,22.96,22.87,46527,10.64,212,42234,90.77
HINDCOPPER,EQ,11-Aug-2026,526.25,531.0,538.8,527.7,532.65,533.3,533.9,5547022,29615.42,79779,1766070,31.84
HINDOILEXP,EQ,11-Aug-2026,163.84,165.5,168.8,163.84,164.8,164.85,166.99,563383,940.77,7414,269384,47.82
HINDPETRO,EQ,11-Aug-2026,393.15,391.8,394.4,385.65,390.85,390.85,390.18,10390810,40543.2,87398,5682166,54.68
HINDUNILVR,EQ,11-Aug-2026,2087.2,2086.0,2086.5,2063.8,2064.9,2064.9,2071.17,956661,19814.1,40157,511741,53.49
HINDWAREAP,EQ,11-Aug-2026,214.84,214.0,220.5,208.9,210.0,210.03,212.8,241072,513.0,3164,186255,77.26
HINDZINC,EQ,11-Aug-2026,595.15,599.0,607.0,584.0,586.65,586.65,598.51,5163720,30905.63,63215,2142053,41.48
HIRECT,EQ,11-Aug-2026,1293.0,1299.0,1306.3,1162.3,1224.0,1222.3,1215.12,566618,6885.11,41049,158563,27.98
HISARMETAL,EQ,11-Aug-2026,161.62,160.0,165.25,154.4,154.4,155.38,159.17,1744,2.78,125,968,55.50
HITECH,EQ,11-Aug-2026,83.93,83.85,84.74,83.55,84.0,84.18,83.96,352019,295.55,2027,224696,63.83
HITECHCORP,BE,11-Aug-2026,323.0,323.0,325.0,323.0,323.1,323.15,323.39,6822,22.06,53,-,-
HITECHGEAR,BE,11-Aug-2026,563.75,555.0,563.75,540.05,547.0,547.85,554.2,3718,20.6,162,-,-
HLEGLAS,EQ,11-Aug-2026,474.5,379.6,379.6,379.6,379.6,379.6,379.6,139036,527.78,2616,139036,100.00
HLVLTD,EQ,11-Aug-2026,7.18,7.25,7.4,7.16,7.22,7.22,7.24,118645,8.6,451,85094,71.72
HMAAGRO,EQ,11-Aug-2026,22.09,21.91,22.86,21.9,22.09,22.05,22.19,1370215,304.06,3813,695116,50.73
HMT,BZ,11-Aug-2026,60.4,60.99,60.99,59.04,60.0,59.92,60.05,8834,5.31,103,-,-
HMVL,BE,11-Aug-2026,93.87,94.7,94.7,91.5,91.97,91.61,92.45,19335,17.87,192,-,-
HNDFDS,EQ,11-Aug-2026,585.6,582.2,585.35,576.0,576.0,578.2,580.84,32172,186.87,3836,19345,60.13
HNGSNGBEES,EQ,11-Aug-2026,488.49,489.49,489.49,480.0,483.5,484.47,486.21,112912,548.99,3834,81674,72.33
HOACFOODS,ST,11-Aug-2026,766.4,804.7,804.7,770.0,804.7,804.7,798.92,12750,101.86,30,12375,97.06
HOLMARC,SM,11-Aug-2026,108.0,109.9,110.0,109.9,110.0,109.95,109.95,1500,1.65,2,1500,100.00
HOMEFIRST,EQ,11-Aug-2026,1181.6,1180.1,1189.6,1170.1,1184.0,1176.0,1179.89,48450,571.66,7197,20811,42.95
HONASA,EQ,11-Aug-2026,477.1,480.25,481.55,465.0,467.0,467.3,471.7,838783,3956.51,33562,462143,55.10
HONAUT,EQ,11-Aug-2026,38035.0,38035.0,38500.0,37760.0,38000.0,37935.0,37886.97,1079,408.8,644,493,45.69
HONDAPOWER,EQ,11-Aug-2026,2104.4,2113.5,2135.0,2100.0,2118.0,2107.4,2110.43,1919,40.5,367,1302,67.85
HPAL,EQ,11-Aug-2026,33.54,33.8,39.56,33.27,39.01,38.94,37.16,454497,168.9,3348,315634,69.45
HPIL,EQ,11-Aug-2026,126.05,127.0,130.8,127.0,129.99,128.37,128.57,339,0.44,16,306,90.27
HPL,EQ,11-Aug-2026,339.5,329.5,331.25,321.1,326.9,326.15,326.56,221317,722.74,5910,115941,52.39
HPTL,SM,11-Aug-2026,309.0,309.0,309.0,309.0,309.0,309.0,309.0,600,1.85,1,600,100.00
HRHNEXT,SM,11-Aug-2026,25.25,24.15,25.0,24.15,25.0,25.0,24.58,3000,0.74,2,3000,100.00
HSBCGOLD,EQ,11-Aug-2026,130.31,132.0,133.21,130.15,132.0,131.92,131.94,4356,5.75,98,3332,76.49
HSCL,EQ,11-Aug-2026,772.05,775.0,777.5,751.05,758.0,755.5,762.08,6808669,51887.73,64249,2168054,31.84
HTMEDIA,EQ,11-Aug-2026,27.66,27.56,27.88,27.03,27.69,27.35,27.44,109595,30.08,557,65926,60.15
HUBTOWN,EQ,11-Aug-2026,178.74,178.23,180.69,175.52,180.25,179.4,177.96,357502,636.2,5476,218608,61.15
HUDCO,EQ,11-Aug-2026,199.61,199.1,199.79,194.82,195.0,195.77,196.94,1327575,2614.51,16257,830110,62.53
HUHTAMAKI,EQ,11-Aug-2026,284.7,286.0,294.8,285.25,293.65,291.65,291.45,414856,1209.12,10433,273502,65.93
HYBRIDETF,EQ,11-Aug-2026,10.18,10.19,10.19,10.14,10.19,10.17,10.15,10962,1.11,43,10962,100.00
HYBRIDFIN,BE,11-Aug-2026,16.91,16.85,17.75,16.5,17.75,17.75,17.38,17934,3.12,60,-,-
HYUNDAI,EQ,11-Aug-2026,2223.0,2223.0,2237.0,2200.0,2200.0,2200.0,2215.55,439174,9730.11,25995,224445,51.11
IBLFL,SM,11-Aug-2026,61.0,62.0,64.0,62.0,64.0,64.0,63.14,14000,8.84,4,14000,100.00
IBULLSLTD,EQ,11-Aug-2026,28.8,28.7,29.38,27.9,28.19,28.11,28.29,9437336,2669.94,9783,6140134,65.06
ICDSLTD,EQ,11-Aug-2026,41.15,41.2,41.7,39.0,40.0,40.7,40.33,3728,1.5,64,2744,73.61
ICELCO,SM,11-Aug-2026,139.05,139.05,139.05,131.0,133.9,132.75,133.7,84000,112.31,66,55200,65.71
ICEMAKE,EQ,11-Aug-2026,817.45,820.0,828.5,806.95,809.5,811.45,812.09,15431,125.31,1387,11266,73.01
ICICIAMC,EQ,11-Aug-2026,3054.2,3062.0,3065.0,3023.7,3035.0,3028.5,3043.89,290518,8843.04,25617,198208,68.23
ICICIB22,EQ,11-Aug-2026,116.58,116.59,117.24,115.81,116.13,116.06,116.12,147964,171.81,2866,89304,60.36
ICICIBANK,EQ,11-Aug-2026,1431.8,1432.1,1434.0,1412.2,1429.6,1429.6,1421.41,10471914,148848.71,218784,5257604,50.21
ICICIGI,EQ,11-Aug-2026,1648.8,1651.0,1654.9,1629.4,1643.5,1643.5,1642.03,514500,8448.23,24171,309161,60.09
ICICIPRULI,EQ,11-Aug-2026,499.75,498.55,502.2,491.05,501.5,501.5,496.83,1605136,7974.75,30447,988526,61.59
ICIL,EQ,11-Aug-2026,425.0,431.0,442.85,421.85,423.05,423.2,432.15,394041,1702.84,12981,182083,46.21
ICRA,EQ,11-Aug-2026,5093.3,5122.0,5122.0,4987.8,5078.0,5069.4,5045.72,40566,2046.85,6697,23383,57.64
IDBI,EQ,11-Aug-2026,83.0,83.05,83.1,82.08,82.43,82.44,82.43,4318156,3559.26,20033,2119634,49.09
IDEA,EQ,11-Aug-2026,12.92,13.14,13.3,12.79,12.89,12.89,13.06,662095209,86456.43,460698,149351996,22.56
IDEAFORGE,EQ,11-Aug-2026,897.75,852.9,870.0,852.9,852.9,852.9,853.66,662384,5654.52,5996,428652,64.71
IDEALTECHO,SM,11-Aug-2026,181.5,181.0,185.0,181.0,185.0,182.5,182.5,1500,2.74,3,1500,100.00
IDENTICAL,SM,11-Aug-2026,17.8,15.45,17.45,14.55,17.45,17.45,15.78,40000,6.31,20,22000,55.00
IDFCFIRSTB,EQ,11-Aug-2026,85.1,84.76,84.96,84.07,84.27,84.27,84.45,5693150,4807.8,36182,3056236,53.68
IDFNIFTYET,EQ,11-Aug-2026,272.97,273.1,273.1,269.91,270.2,270.63,270.72,482,1.3,61,445,92.32
IEML,SM,11-Aug-2026,43.4,41.8,44.4,41.0,41.0,41.55,42.09,35500,14.94,43,31500,88.73
IEX,EQ,11-Aug-2026,126.3,126.5,126.65,125.25,126.0,126.0,125.81,1905837,2397.81,19891,939045,49.27
IFBAGRO,BE,11-Aug-2026,980.1,971.0,994.0,971.0,990.0,990.1,986.66,3825,37.74,115,-,-
IFBIND,EQ,11-Aug-2026,1404.7,1405.0,1417.1,1366.0,1370.0,1375.7,1386.5,47742,661.95,4036,21963,46.00
IFCI,EQ,11-Aug-2026,76.02,76.03,76.8,75.25,75.53,75.7,75.9,10592250,8039.91,32844,2745171,25.92
IFGLEXPOR,EQ,11-Aug-2026,225.3,221.0,226.29,217.11,220.0,218.24,220.19,33785,74.39,1418,21174,62.67
IGARASHI,EQ,11-Aug-2026,456.55,459.5,461.15,452.95,457.85,457.8,457.27,89136,407.59,3432,31309,35.12
IGCL,EQ,11-Aug-2026,72.64,72.5,73.38,71.05,72.5,71.92,71.95,54190,38.99,729,32341,59.68
IGIL,EQ,11-Aug-2026,354.35,356.0,356.7,346.1,346.9,347.2,349.8,221537,774.94,12416,135538,61.18
IGL,EQ,11-Aug-2026,152.15,152.3,154.2,151.71,153.8,153.07,152.69,608706,929.44,15548,351983,57.82
IGPL,EQ,11-Aug-2026,482.6,473.05,478.4,458.9,467.0,466.4,469.03,155068,727.32,6670,83840,54.07
IIFL,EQ,11-Aug-2026,625.9,626.3,630.25,615.95,622.5,619.25,625.58,1026272,6420.15,31556,509302,49.63
IIFLCAPS,EQ,11-Aug-2026,333.9,332.5,335.75,332.5,335.0,334.8,334.59,148829,497.97,6884,108985,73.23
IITL,EQ,11-Aug-2026,146.63,145.99,147.5,143.01,147.0,145.41,146.39,96182,140.8,511,14797,15.38
IKIO,EQ,11-Aug-2026,197.71,194.6,207.7,194.6,203.0,203.64,203.29,264145,536.98,4586,86945,32.92
IKS,EQ,11-Aug-2026,1728.8,1728.8,1770.0,1728.8,1742.0,1745.0,1748.07,151894,2655.21,15179,80153,52.77
IL&FSENGG,BZ,11-Aug-2026,35.5,36.21,36.21,35.0,35.18,35.19,35.4,7200,2.55,56,-,-
IL&FSTRANS,BZ,11-Aug-2026,2.09,2.09,2.18,2.0,2.17,2.17,2.05,137866,2.83,110,-,-
IMAGICAA,EQ,11-Aug-2026,49.1,49.1,49.39,46.27,48.26,47.42,47.6,956555,455.31,5052,550891,57.59
IMFA,EQ,11-Aug-2026,1459.3,1458.0,1514.0,1458.0,1481.0,1481.6,1489.87,179806,2678.88,14159,70402,39.15
IMPAL,EQ,11-Aug-2026,1087.1,1095.5,1105.5,1071.4,1098.0,1093.4,1089.06,1488,16.21,291,868,58.33
IMPEXFERRO,BZ,11-Aug-2026,3.32,3.38,3.38,3.38,3.38,3.38,3.38,27654,0.93,8,-,-
INA,EQ,11-Aug-2026,107.87,108.0,108.49,102.92,104.5,104.04,104.73,1071702,1122.35,10063,438059,40.88
INCREDIBLE,EQ,11-Aug-2026,33.97,33.95,34.2,32.12,32.15,32.36,32.68,8830,2.89,132,7619,86.29
INDBANK,EQ,11-Aug-2026,33.08,33.49,33.49,32.54,32.65,32.69,32.91,20442,6.73,187,16143,78.97
INDGN,EQ,11-Aug-2026,568.75,571.35,583.6,564.35,568.1,567.6,576.06,1020394,5878.04,33546,607599,59.55
INDHOTEL,EQ,11-Aug-2026,728.7,728.2,729.95,721.05,724.0,724.0,724.3,664219,4810.93,16570,404547,60.91
INDIACEM,EQ,11-Aug-2026,392.35,392.55,392.55,382.2,383.0,383.8,387.32,418293,1620.13,13363,241206,57.66
INDIAGLYCO,EQ,11-Aug-2026,1084.8,1077.6,1102.1,1056.1,1073.0,1073.1,1070.8,164611,1762.65,11617,90242,54.82
INDIAMART,EQ,11-Aug-2026,1782.7,1790.0,1809.0,1778.6,1784.9,1784.3,1787.12,216604,3870.97,33045,141066,65.13
INDIANB,EQ,11-Aug-2026,884.15,888.85,889.0,874.9,875.6,875.6,880.74,1060250,9338.03,34891,506627,47.78
INDIANCARD,EQ,11-Aug-2026,220.02,218.0,220.15,208.0,211.25,211.44,212.54,4784,10.17,306,3462,72.37
INDIANHUME,EQ,11-Aug-2026,388.75,388.7,389.9,383.15,383.35,386.05,386.8,17455,67.52,1319,10120,57.98
INDIASHLTR,EQ,11-Aug-2026,642.6,641.0,653.6,640.0,646.05,646.85,646.89,228050,1475.24,15178,103952,45.58
INDIGO,EQ,11-Aug-2026,5333.5,5330.0,5330.0,5217.5,5284.0,5284.0,5254.37,517989,27217.08,47649,197630,38.15
INDIGOPNTS,EQ,11-Aug-2026,1141.2,1140.0,1154.8,1120.0,1127.0,1125.5,1138.42,33132,377.18,4662,17165,51.81
INDIGRID,IV,11-Aug-2026,178.74,179.24,179.24,177.81,178.25,178.18,178.23,632421,1127.15,5351,479951,75.89
INDIQUBE,EQ,11-Aug-2026,185.52,182.7,189.0,182.7,183.1,184.05,185.47,71117,131.9,1070,50090,70.43
INDNIPPON,EQ,11-Aug-2026,1124.3,1124.4,1154.2,1123.0,1130.0,1132.1,1140.48,18190,207.45,2561,7906,43.46
INDOAMIN,BE,11-Aug-2026,131.26,133.5,134.0,130.0,133.49,131.34,131.96,45394,59.9,305,-,-
INDOBORAX,EQ,11-Aug-2026,429.5,430.0,437.15,413.25,430.05,433.4,426.09,258978,1103.47,9871,69768,26.94
INDOCO,EQ,11-Aug-2026,221.41,223.03,223.5,214.06,216.53,216.53,217.66,82157,178.82,1949,47603,57.94
INDOFARM,EQ,11-Aug-2026,150.81,150.0,151.5,147.4,150.0,150.31,149.94,123135,184.63,2030,53789,43.68
INDOMIM,EQ,11-Aug-2026,830.1,831.0,844.7,816.35,819.0,821.8,829.59,1846394,15317.53,59276,504774,27.34
INDORAMA,EQ,11-Aug-2026,56.41,56.56,59.3,56.1,58.01,58.05,57.92,232275,134.54,2322,113702,48.95
INDOSTAR,EQ,11-Aug-2026,242.1,243.8,253.05,242.55,249.4,248.55,247.83,111220,275.64,2499,69398,62.40
INDOTECH,EQ,11-Aug-2026,3804.4,3801.0,3845.0,3700.0,3744.0,3725.2,3791.14,21315,808.08,1616,13686,64.21
INDOTHAI,EQ,11-Aug-2026,94.62,89.89,89.89,89.89,89.89,89.89,89.89,164141,147.55,790,164141,100.00
INDOUS,EQ,11-Aug-2026,80.77,80.44,82.97,80.44,80.44,80.52,81.2,9118,7.4,296,6883,75.49
INDOWIND,EQ,11-Aug-2026,9.0,9.0,9.14,8.86,9.08,9.06,9.02,72919,6.58,547,60625,83.14
INDPRUD,EQ,11-Aug-2026,6449.0,6450.0,6489.0,6350.0,6479.0,6455.0,6468.05,726,46.96,151,650,89.53
INDRAMEDCO,EQ,11-Aug-2026,390.75,391.0,391.0,382.2,382.5,384.35,385.77,306439,1182.16,7661,169702,55.38
INDSWFTLAB,EQ,11-Aug-2026,237.24,266.0,284.68,255.64,284.68,284.68,278.83,9123251,25438.12,67632,1914672,20.99
INDTERRAIN,EQ,11-Aug-2026,31.91,32.5,32.5,31.59,31.7,31.9,31.95,16144,5.16,287,13370,82.82
INDUSINDBK,EQ,11-Aug-2026,1027.3,1023.0,1024.0,1005.0,1008.9,1008.9,1010.28,1400560,14149.59,39579,714694,51.03
INDUSINVIT,IV,11-Aug-2026,134.99,136.55,136.55,133.02,133.32,133.38,134.33,134398,180.53,2471,111934,83.29
INDUSTOWER,EQ,11-Aug-2026,368.0,370.0,377.7,367.4,369.35,369.35,372.36,9925209,36957.89,93219,6320461,63.68
INFINIUM,SM,11-Aug-2026,218.05,225.5,225.5,215.0,215.0,215.0,220.38,4000,8.82,8,3500,87.50
INFLUX,SM,11-Aug-2026,284.05,293.9,295.0,288.5,289.6,290.05,291.89,9600,28.02,16,7200,75.00
INFOBEAN,EQ,11-Aug-2026,162.92,164.12,167.0,163.21,166.5,166.67,165.27,143512,237.19,2997,60360,42.06
INFOLLION,SM,11-Aug-2026,160.0,160.0,168.1,157.0,157.55,157.55,161.48,34400,55.55,53,27600,80.23
INFOMEDIA,EQ,11-Aug-2026,5.51,5.41,5.58,5.11,5.24,5.24,5.33,12356,0.66,92,11310,91.53
INFRA,EQ,11-Aug-2026,12.27,12.31,12.31,12.15,12.2,12.19,12.2,31966,3.9,254,23579,73.76
INFRABEES,EQ,11-Aug-2026,980.6,980.6,980.6,968.86,975.4,973.02,971.05,12748,123.79,573,10217,80.15
INFRAIETF,EQ,11-Aug-2026,97.59,97.59,97.79,96.1,96.8,96.7,96.78,87766,84.94,1285,44679,50.91
INFY,EQ,11-Aug-2026,1183.0,1188.0,1193.5,1182.0,1190.7,1190.7,1188.94,10160091,120797.53,169719,5703511,56.14
INGERRAND,EQ,11-Aug-2026,4271.9,4270.0,4319.9,4252.3,4319.5,4309.4,4290.92,6020,258.31,1007,3452,57.34
INNOMET,ST,11-Aug-2026,194.3,198.15,198.15,198.15,198.15,198.15,198.15,29400,58.26,21,29400,100.00
INNOVACAP,EQ,11-Aug-2026,966.1,976.35,1029.0,970.0,1029.0,1018.9,1003.23,167241,1677.82,17427,70699,42.27
INNOVANA,EQ,11-Aug-2026,338.25,337.05,342.0,330.6,339.0,332.35,336.44,1184,3.98,66,1126,95.10
INNOVISION,EQ,11-Aug-2026,282.2,282.25,287.0,282.05,285.9,285.2,284.57,19133,54.45,757,12807,66.94
INOXGREEN,BE,11-Aug-2026,180.0,178.0,185.0,176.5,184.0,184.41,181.49,480280,871.68,3046,-,-
INOXINDIA,EQ,11-Aug-2026,1984.1,1975.1,2010.0,1912.3,1920.0,1938.0,1971.16,279065,5500.83,34674,131481,47.11
INOXWIND,EQ,11-Aug-2026,73.5,73.5,74.7,72.7,74.4,74.4,73.84,12189561,9000.21,37064,3486014,28.60
INSECTICID,EQ,11-Aug-2026,649.8,649.65,655.65,603.35,654.6,636.55,632.79,131112,829.67,5820,19202,14.65
INSPIRISYS,BE,11-Aug-2026,103.2,103.0,104.95,100.06,102.95,102.01,101.66,10748,10.93,69,-,-
INSUREIETF,EQ,11-Aug-2026,15.49,15.52,15.6,15.34,15.6,15.47,15.46,3077696,475.89,258,2950023,95.85
INTELLECT,EQ,11-Aug-2026,727.85,727.85,736.8,721.3,722.5,723.65,726.64,180178,1309.24,11981,87688,48.67
INTENTECH,EQ,11-Aug-2026,79.95,83.0,84.9,80.74,81.9,82.81,83.2,72391,60.23,940,56338,77.82
INTERARCH,EQ,11-Aug-2026,1697.0,1697.0,1704.0,1660.1,1695.4,1689.9,1680.95,136928,2301.7,11240,90549,66.13
INTERNET,EQ,11-Aug-2026,14.02,14.08,14.33,14.06,14.29,14.3,14.23,283656,40.35,249,248055,87.45
INTLCONV,EQ,11-Aug-2026,74.63,74.74,76.19,73.6,73.6,74.33,74.27,34235,25.43,1102,23328,68.14
INVENTURE,EQ,11-Aug-2026,0.9,0.9,0.91,0.89,0.9,0.89,0.9,1134234,10.18,410,740088,65.25
INVICTA,SM,11-Aug-2026,77.7,78.5,78.5,75.0,77.0,77.0,76.6,8000,6.13,5,4800,60.00
INVPRECQ,BE,11-Aug-2026,1137.9,1144.0,1154.0,1099.0,1148.0,1141.0,1137.49,9047,102.91,162,-,-
IOB,EQ,11-Aug-2026,33.88,33.88,34.25,33.59,34.23,34.21,34.01,3194255,1086.26,14623,1521673,47.64
IOC,EQ,11-Aug-2026,142.0,141.5,141.6,139.4,140.0,140.0,140.34,13163732,18473.62,79417,7198262,54.68
IOLCP,EQ,11-Aug-2026,164.66,165.0,170.7,163.03,163.79,164.14,166.56,4425221,7370.48,39360,1589342,35.92
IONEXCHANG,EQ,11-Aug-2026,385.65,383.95,385.2,379.6,381.1,380.9,381.81,303420,1158.48,14796,178835,58.94
IPCALAB,EQ,11-Aug-2026,1685.8,1686.0,1751.9,1683.1,1749.5,1748.4,1726.04,233132,4023.95,22316,99439,42.65
IPHL,SM,11-Aug-2026,70.05,67.35,69.0,67.35,69.0,69.0,68.18,2400,1.64,2,1200,50.00
IPL,EQ,11-Aug-2026,143.71,143.1,143.67,142.5,143.46,143.22,143.03,78528,112.32,1359,50006,63.68
IRB,EQ,11-Aug-2026,19.52,19.63,19.7,19.5,19.53,19.56,19.58,7312019,1431.65,19827,3597375,49.20
IRBINVIT,IV,11-Aug-2026,64.1,64.25,64.8,63.79,64.15,64.21,64.18,667441,428.39,4685,542989,81.35
IRCON,EQ,11-Aug-2026,130.01,130.01,130.32,127.7,128.16,128.14,128.83,1047600,1349.67,12584,577897,55.16
IRCTC,EQ,11-Aug-2026,522.25,522.6,523.25,512.75,515.5,515.05,517.44,727042,3762.0,26647,348862,47.98
IREDA,EQ,11-Aug-2026,120.0,119.65,119.78,118.4,118.7,118.7,119.0,3648191,4341.24,25862,1469760,40.29
IRFC,EQ,11-Aug-2026,88.5,88.5,88.52,87.87,87.91,87.91,88.08,4430145,3902.01,32975,2148402,48.50
IRIS,EQ,11-Aug-2026,238.2,239.8,258.85,235.21,246.5,246.36,247.12,66636,164.67,1224,44191,66.32
IRISDOREME,EQ,11-Aug-2026,55.77,56.93,57.71,56.1,56.75,56.32,56.95,2461416,1401.87,8060,592614,24.08
IRMENERGY,EQ,11-Aug-2026,294.45,298.0,309.5,294.55,304.05,302.55,302.88,361833,1095.94,10370,147970,40.89
ISFT,EQ,11-Aug-2026,78.65,78.94,80.0,75.85,79.42,79.52,78.41,10335,8.1,214,8841,85.54
ISGEC,EQ,11-Aug-2026,807.55,806.25,826.25,793.05,795.55,806.95,808.07,127835,1032.99,10490,63959,50.03
ISHAN,SM,11-Aug-2026,0.5,0.5,0.5,0.45,0.45,0.45,0.48,96000,0.46,2,96000,100.00
ISHANCH,EQ,11-Aug-2026,48.56,49.72,50.98,48.62,50.69,50.31,49.82,89041,44.36,469,58832,66.07
IT,EQ,11-Aug-2026,35.06,35.95,35.96,34.66,35.2,35.22,35.3,379358,133.93,920,210894,55.59
ITADD,EQ,11-Aug-2026,33.52,33.82,33.85,33.57,33.64,33.64,33.69,23624,7.96,86,13711,58.04
ITALIANE,SM,11-Aug-2026,31.75,31.35,31.35,31.35,31.35,31.35,31.35,2000,0.63,1,2000,100.00
ITAXIS,EQ,11-Aug-2026,348.58,351.72,352.09,348.11,350.75,349.5,350.45,6054,21.22,129,2683,44.32
ITBEES,EQ,11-Aug-2026,35.11,35.05,35.98,35.05,35.29,35.24,35.29,8763409,3093.04,13913,4242394,48.41
ITBETA,EQ,11-Aug-2026,331.33,335.0,335.73,333.47,335.06,334.5,334.41,473,1.58,26,293,61.95
ITC,EQ,11-Aug-2026,282.65,282.0,282.6,278.0,279.0,279.0,280.07,13053722,36560.0,180422,8846122,67.77
ITCHOTELS,EQ,11-Aug-2026,168.87,168.85,169.8,166.18,167.34,166.89,168.56,1953502,3292.89,28814,1290561,66.06
ITDC,EQ,11-Aug-2026,695.7,685.0,689.7,674.5,676.95,676.65,681.5,145589,992.18,8426,41945,28.81
ITETF,EQ,11-Aug-2026,33.47,33.71,33.84,33.57,33.71,33.69,33.69,275445,92.8,574,153423,55.70
ITI,EQ,11-Aug-2026,286.0,284.75,287.7,283.0,285.25,285.5,285.57,257344,734.89,7137,92758,36.04
ITIETF,EQ,11-Aug-2026,35.1,35.23,35.5,35.05,35.2,35.23,35.25,1431684,504.74,1232,941262,65.75
IVALUE,EQ,11-Aug-2026,278.9,278.9,284.7,276.1,277.6,278.05,280.36,268703,753.33,5953,156909,58.39
IVC,EQ,11-Aug-2026,8.3,8.2,8.45,8.14,8.44,8.37,8.32,192235,16.0,821,145380,75.63
IVP,BE,11-Aug-2026,177.14,176.85,184.0,172.0,178.7,179.29,178.18,54419,96.96,505,-,-
IVZINGOLD,EQ,11-Aug-2026,130.85,132.95,133.3,131.5,132.6,132.55,132.54,56382,74.73,362,44809,79.47
IVZINNIFTY,EQ,11-Aug-2026,282.5,282.45,282.45,280.9,281.47,281.31,281.13,814,2.29,56,584,71.74
IWARE,ST,11-Aug-2026,475.0,461.4,462.3,455.0,455.0,456.6,459.74,18000,82.75,28,18000,100.00
IWP,EQ,11-Aug-2026,33.47,35.24,35.24,33.47,33.5,33.64,33.97,3834,1.3,50,3178,82.89
IXIGO,EQ,11-Aug-2026,182.2,183.99,184.3,180.25,182.72,183.5,182.91,611041,1117.64,14029,244674,40.04
IZMO,EQ,11-Aug-2026,977.5,993.5,993.5,934.0,944.0,943.5,948.5,105838,1003.87,7378,60528,57.19
J&KBANK,EQ,11-Aug-2026,155.15,155.2,157.36,153.3,156.9,156.86,155.55,1631465,2537.7,22046,568664,34.86
JAGRAN,EQ,11-Aug-2026,63.08,63.46,63.74,63.03,63.74,63.6,63.45,168858,107.14,1317,113199,67.04
JAGSNPHARM,EQ,11-Aug-2026,232.97,234.1,234.1,229.99,232.0,230.99,231.16,50652,117.09,1584,24798,48.96
JAIBALAJI,EQ,11-Aug-2026,68.54,69.5,69.5,65.5,66.15,66.88,66.84,1059597,708.28,2079,839577,79.24
JAICORPLTD,EQ,11-Aug-2026,103.17,103.1,104.21,102.21,102.95,102.67,103.02,250707,258.28,2960,96097,38.33
JAINIK,SM,11-Aug-2026,210.1,195.0,221.0,195.0,205.5,207.7,216.76,49200,106.65,32,33600,68.29
JAINREC,EQ,11-Aug-2026,302.3,303.45,304.65,294.0,297.05,297.75,297.51,1980707,5892.78,32719,814284,41.11
JAIPURKURT,EQ,11-Aug-2026,29.33,28.8,30.0,27.55,29.0,28.31,28.58,56693,16.2,358,38083,67.17
JALAN,ST,11-Aug-2026,1.65,1.65,1.7,1.65,1.65,1.65,1.67,18000,0.3,4,18000,100.00
JAMNAAUTO,EQ,11-Aug-2026,128.44,128.97,128.97,124.74,125.6,125.51,125.69,3352803,4214.14,28258,1678000,50.05
JARO,EQ,11-Aug-2026,456.8,463.0,463.0,439.1,443.0,441.4,450.46,125262,564.26,3596,53678,42.85
JASH,EQ,11-Aug-2026,506.45,509.0,520.0,496.5,498.95,511.8,513.82,220261,1131.74,12248,81551,37.02
JAYAGROGN,EQ,11-Aug-2026,217.04,217.04,217.5,213.0,216.0,214.3,214.45,5708,12.24,233,5091,89.19
JAYBARMARU,EQ,11-Aug-2026,132.36,129.0,134.0,125.75,126.0,127.16,129.83,1054377,1368.91,12595,505638,47.96
JAYBEE,SM,11-Aug-2026,91.15,93.9,93.9,88.3,93.0,92.9,91.96,31000,28.51,57,23500,75.81
JAYESH,SM,11-Aug-2026,139.5,135.05,138.5,135.05,137.0,137.0,137.93,21000,28.97,6,14000,66.67
JAYKAY,EQ,11-Aug-2026,152.5,153.62,155.0,151.1,152.0,152.24,152.89,138816,212.24,2879,81247,58.53
JAYNECOIND,EQ,11-Aug-2026,91.49,91.4,93.93,91.4,92.12,93.0,92.91,4075534,3786.54,22428,1840158,45.15
JAYSREETEA,EQ,11-Aug-2026,85.8,86.9,89.01,85.0,88.88,88.74,87.12,67866,59.12,858,45178,66.57
JBMA,EQ,11-Aug-2026,639.35,640.0,652.0,638.0,645.0,643.9,647.14,213552,1381.99,11541,81800,38.30
JETFREIGHT,EQ,11-Aug-2026,22.46,22.46,24.01,22.0,22.5,22.42,22.97,643218,147.76,2451,363990,56.59
JEYYAM,ST,11-Aug-2026,23.95,24.35,24.75,23.7,23.7,23.7,24.39,234000,57.08,12,230000,98.29
JFLLIFE,SM,11-Aug-2026,13.85,13.25,13.25,13.2,13.2,13.2,13.23,12000,1.59,2,12000,100.00
JGCHEM,EQ,11-Aug-2026,622.2,614.8,654.0,609.95,621.0,622.35,631.94,2150986,13593.03,55907,359108,16.70
JHS,EQ,11-Aug-2026,7.92,7.99,9.41,7.99,9.01,9.06,9.07,1198095,108.66,2935,552743,46.14
JINDALPHOT,EQ,11-Aug-2026,1059.9,1068.0,1068.0,1049.5,1066.3,1064.1,1062.71,1187,12.61,197,874,73.63
JINDALPOLY,EQ,11-Aug-2026,628.5,621.1,635.0,621.1,629.55,629.5,628.47,5546,34.85,450,3661,66.01
JINDALSAW,EQ,11-Aug-2026,279.05,277.55,281.0,272.1,272.15,273.55,276.96,1020419,2826.19,21242,441415,43.26
JINDALSTEL,EQ,11-Aug-2026,1125.0,1125.0,1126.0,1094.5,1095.0,1095.0,1104.79,807811,8924.6,29717,416641,51.58
JINDRILL,EQ,11-Aug-2026,601.5,595.25,599.45,588.5,594.25,592.25,592.77,191506,1135.18,7984,76334,39.86
JINDWORLD,EQ,11-Aug-2026,37.26,37.01,37.63,35.81,36.37,36.38,36.9,4871975,1797.76,11940,932317,19.14
JIOFIN,EQ,11-Aug-2026,254.0,253.9,254.0,252.0,252.75,252.75,252.77,6019790,15216.46,45588,2594723,43.10
JISLDVREQS,EQ,11-Aug-2026,20.8,20.8,21.89,20.6,21.06,21.66,21.51,65392,14.07,301,39139,59.85
JISLJALEQS,EQ,11-Aug-2026,28.3,28.35,28.47,27.7,27.86,27.88,28.03,2766236,775.35,8588,1732562,62.63
JITFINFRA,EQ,11-Aug-2026,344.05,355.7,355.7,344.55,351.85,348.7,350.19,19631,68.75,1002,13592,69.24
JKCEMENT,EQ,11-Aug-2026,5387.5,5390.0,5427.5,5345.0,5365.0,5361.0,5372.31,17960,964.87,4463,9496,52.87
JKIL,EQ,11-Aug-2026,498.65,495.0,499.45,495.0,499.0,497.6,496.52,33677,167.21,1679,15070,44.75
JKIPL,EQ,11-Aug-2026,97.75,97.78,99.28,95.27,96.01,97.21,98.01,11385,11.16,203,8692,76.35
JKLAKSHMI,EQ,11-Aug-2026,558.7,559.0,561.8,546.05,550.0,549.25,550.76,340095,1873.1,19793,233402,68.63
JKPAPER,EQ,11-Aug-2026,392.7,395.0,398.05,388.1,388.1,390.65,392.02,350967,1375.85,16174,179625,51.18
JKTYRE,EQ,11-Aug-2026,385.0,385.0,392.5,383.0,390.65,390.85,388.49,1012219,3932.34,23934,414475,40.95
JLHL,EQ,11-Aug-2026,320.0,321.9,321.9,301.7,311.0,312.55,307.09,685650,2105.59,13383,471160,68.72
JMA,EQ,11-Aug-2026,87.08,88.98,88.98,87.0,87.48,87.41,87.39,4879,4.26,105,3830,78.50
JMFINANCIL,EQ,11-Aug-2026,127.21,127.16,127.5,125.4,126.8,126.17,126.33,1823489,2303.59,16267,1023226,56.11
JNKINDIA,EQ,11-Aug-2026,413.35,417.0,425.0,410.1,419.2,418.8,419.43,187085,784.69,5107,97587,52.16
JNPR,EQ,11-Aug-2026,239.16,238.75,263.07,233.1,255.15,255.91,253.74,9162498,23248.97,92511,2465102,26.90
JOCIL,BE,11-Aug-2026,148.2,148.2,150.9,148.0,150.9,150.9,148.97,284,0.42,6,-,-
JPOLYINVST,EQ,11-Aug-2026,1040.7,1049.3,1062.7,1035.1,1040.4,1040.4,1045.18,50193,524.61,725,47195,94.03
JPPOWER,EQ,11-Aug-2026,17.8,17.9,17.98,17.7,17.73,17.75,17.82,24265642,4325.2,30295,9389378,38.69
JSFB,EQ,11-Aug-2026,539.75,537.1,540.0,524.2,526.0,526.6,529.12,187993,994.7,9941,108196,57.55
JSL,EQ,11-Aug-2026,732.75,735.0,735.0,720.05,725.1,725.1,725.32,327591,2376.09,25983,180550,55.11
JSLL,EQ,11-Aug-2026,539.95,538.0,548.45,533.75,539.0,539.2,539.86,1151819,6218.2,26719,650088,56.44
JSWCEMENT,EQ,11-Aug-2026,132.84,132.3,133.43,130.5,131.58,131.52,131.34,1285574,1688.47,19153,682713,53.11
JSWDULUX,EQ,11-Aug-2026,3055.3,3084.9,3195.0,3066.0,3150.0,3157.0,3157.81,62678,1979.25,12887,26659,42.53
JSWENERGY,EQ,11-Aug-2026,578.0,581.9,583.4,562.1,563.0,563.0,571.05,2284945,13048.14,39314,1047344,45.84
JSWHL,EQ,11-Aug-2026,11852.0,11912.0,12100.0,11751.0,11949.0,11941.0,11984.17,4491,538.21,1606,1947,43.35
JSWINFRA,EQ,11-Aug-2026,342.0,341.65,346.0,339.65,341.9,341.85,343.29,2466677,8467.97,53595,1553188,62.97
JSWSTEEL,EQ,11-Aug-2026,1302.0,1299.0,1303.9,1276.1,1283.4,1283.4,1288.48,1514657,19516.02,35150,953453,62.95
JTEKTINDIA,EQ,11-Aug-2026,142.62,142.88,143.93,140.1,140.6,141.16,141.84,202359,287.03,3382,95086,46.99
JTLIND,EQ,11-Aug-2026,77.55,77.55,77.94,76.62,76.82,76.79,77.15,791693,610.76,7358,407444,51.46
JUBLCPL,EQ,11-Aug-2026,1782.0,1771.8,1888.0,1771.8,1874.9,1861.5,1853.21,5156,95.55,846,3022,58.61
JUBLFOOD,EQ,11-Aug-2026,495.0,495.0,497.55,485.2,488.2,488.2,490.59,2648480,12993.08,45878,1446052,54.60
JUBLINGREA,EQ,11-Aug-2026,741.85,754.0,768.2,730.85,734.9,733.1,749.11,294949,2209.51,19679,123746,41.96
JUBLPHARMA,EQ,11-Aug-2026,962.7,929.7,995.0,908.2,970.0,965.0,941.45,886877,8349.48,71817,306109,34.52
JUNIORBEES,EQ,11-Aug-2026,809.0,801.0,810.48,792.82,806.9,807.7,807.13,307666,2483.27,7532,226085,73.48
JUNIPER,EQ,11-Aug-2026,196.13,194.16,197.49,193.76,195.49,194.23,194.96,102033,198.92,1374,66667,65.34
JUSTDIAL,EQ,11-Aug-2026,687.55,688.0,701.0,680.6,701.0,694.95,691.32,186713,1290.79,5613,68503,36.69
JWL,EQ,11-Aug-2026,257.4,262.35,268.95,260.8,261.55,262.4,264.63,2774010,7340.96,33024,570431,20.56
JYOTHYLAB,EQ,11-Aug-2026,205.44,205.41,205.44,202.75,204.4,204.04,203.99,190611,388.82,7151,106830,56.05
JYOTICNC,EQ,11-Aug-2026,801.35,795.0,808.65,789.55,805.0,805.0,798.82,606009,4840.9,19782,322039,53.14
JYOTIGLOBL,SM,11-Aug-2026,42.1,43.0,43.0,43.0,43.0,43.0,43.0,2000,0.86,1,2000,100.00
JYOTISTRUC,EQ,11-Aug-2026,11.64,11.62,11.62,11.25,11.33,11.27,11.42,3424812,390.98,3913,2090879,61.05
K2INFRA,ST,11-Aug-2026,52.7,51.95,52.75,50.1,51.5,51.1,50.85,34800,17.7,49,28800,82.76
KABRAEXTRU,EQ,11-Aug-2026,510.75,503.75,523.8,492.05,511.0,508.7,511.26,431893,2208.11,14103,123598,28.62
KAJARIACER,EQ,11-Aug-2026,1184.7,1188.0,1230.0,1188.0,1222.4,1225.6,1210.66,467680,5662.02,23566,318420,68.09
KAKATCEM,EQ,11-Aug-2026,114.09,115.25,115.25,108.39,108.39,108.72,110.42,8522,9.41,160,8192,96.13
KALAMANDIR,EQ,11-Aug-2026,86.96,87.0,87.64,86.3,86.8,86.59,86.89,368247,319.95,2626,239786,65.12
KALANA,SM,11-Aug-2026,19.15,19.95,19.95,18.2,18.2,18.2,18.7,8000,1.5,4,4000,50.00
KALPATARU,EQ,11-Aug-2026,287.2,286.0,291.85,285.0,287.8,287.0,287.96,57227,164.79,1670,17021,29.74
KALYANIFRG,EQ,11-Aug-2026,631.75,640.4,647.95,613.5,615.0,626.7,634.54,2252,14.29,285,1305,57.95
KALYANKJIL,EQ,11-Aug-2026,600.25,602.05,609.0,594.7,602.2,602.2,602.2,9767762,58821.79,87754,1577753,16.15
KAMAHOLD,EQ,11-Aug-2026,2502.6,2490.4,2516.9,2461.3,2480.0,2478.9,2484.9,2923,72.63,347,2296,78.55
KAMATHOTEL,EQ,11-Aug-2026,167.26,167.8,179.0,165.21,176.0,176.01,174.32,142215,247.91,2156,63110,44.38
KAMDHENU,BE,11-Aug-2026,35.19,35.5,35.8,34.5,35.24,34.98,35.06,373654,131.0,691,-,-
KAMOPAINTS,EQ,11-Aug-2026,4.55,4.58,4.61,4.52,4.55,4.55,4.56,89272,4.07,381,75377,84.44
KANANIIND,EQ,11-Aug-2026,1.5,1.5,1.5,1.32,1.46,1.46,1.47,106273,1.57,271,85213,80.18
KANCHI,EQ,11-Aug-2026,372.0,367.0,375.0,353.5,359.45,355.8,361.03,1258,4.54,64,1255,99.76
KANDARP,SM,11-Aug-2026,104.95,97.0,108.75,97.0,107.0,107.0,106.3,21000,22.32,10,14000,66.67
KANORICHEM,BE,11-Aug-2026,154.13,150.0,161.83,150.0,161.25,160.62,160.11,94219,150.86,622,-,-
KANPRPLA,EQ,11-Aug-2026,205.38,203.0,218.2,203.0,217.84,215.92,212.89,24647,52.47,736,15743,63.87
KANSAINER,EQ,11-Aug-2026,215.65,215.7,217.85,212.0,212.3,212.26,214.52,243106,521.52,7322,125586,51.66
KAPSTON,EQ,11-Aug-2026,566.05,589.05,589.05,550.1,567.85,563.4,569.64,129427,737.27,6383,72672,56.15
KARMAENG,EQ,11-Aug-2026,41.71,40.81,41.8,39.31,39.4,39.51,40.61,5420,2.2,110,3414,62.99
KARNIKA,SM,11-Aug-2026,118.75,120.0,120.0,114.1,116.15,116.55,116.64,39000,45.49,32,28000,71.79
KARURVYSYA,EQ,11-Aug-2026,331.2,334.0,335.45,330.25,333.2,334.2,333.57,1149581,3834.64,38181,611360,53.18
KATARIA,SM,11-Aug-2026,98.0,96.0,97.0,96.0,97.0,97.0,96.5,1200,1.16,2,600,50.00
KAUSHALYA,BE,11-Aug-2026,934.0,931.0,940.0,902.6,940.0,940.0,913.98,259,2.37,31,-,-
KAVDEFENCE,EQ,11-Aug-2026,60.26,60.7,60.7,58.0,58.56,58.89,59.31,91696,54.39,1863,33463,36.49
KAYA,EQ,11-Aug-2026,276.95,277.65,296.5,272.5,285.0,289.2,286.96,71849,206.18,1929,50333,70.05
KAYNES,EQ,11-Aug-2026,3735.1,3750.0,3869.9,3640.8,3717.7,3717.7,3740.71,2146314,80287.46,129973,324771,15.13
KAYTEX,SM,11-Aug-2026,57.5,57.65,57.65,57.65,57.65,57.65,57.65,800,0.46,1,800,100.00
KCEIL,SM,11-Aug-2026,84.0,84.0,84.0,79.05,82.5,81.45,81.13,37500,30.42,42,35000,93.33
KCK,ST,11-Aug-2026,16.55,16.55,16.75,15.75,16.0,15.8,16.06,167500,26.9,38,165000,98.51
KCP,EQ,11-Aug-2026,152.12,153.2,155.49,151.1,153.5,152.18,153.16,176252,269.94,2660,122270,69.37
KCPSUGIND,BE,11-Aug-2026,29.92,30.4,30.4,29.0,29.45,29.09,29.27,101725,29.77,340,-,-
KDDL,EQ,11-Aug-2026,3835.8,3865.0,3971.2,3828.5,3837.0,3842.2,3898.1,41293,1609.64,7067,16504,39.97
KDL,SM,11-Aug-2026,101.35,101.4,101.4,91.25,93.95,93.15,93.74,99000,92.81,363,73050,73.79
KEC,EQ,11-Aug-2026,475.85,460.0,467.9,449.5,452.2,450.75,457.44,4244240,19415.0,104946,2036149,47.97
KECL,EQ,11-Aug-2026,150.17,152.99,154.9,147.1,148.79,148.52,150.58,289587,436.05,4675,158162,54.62
KEEPLEARN,EQ,11-Aug-2026,1.94,2.04,2.04,1.93,2.0,1.96,1.96,22683,0.44,52,19536,86.13
KEI,EQ,11-Aug-2026,5659.8,5658.0,5691.0,5572.2,5645.0,5645.0,5627.44,415486,23381.22,39618,228722,55.05
KELLTONTEC,EQ,11-Aug-2026,14.04,13.5,14.06,13.5,13.97,13.98,13.93,1126881,157.02,2459,521531,46.28
KEN,SM,11-Aug-2026,41.35,41.4,41.4,39.0,39.6,39.6,39.88,9600,3.83,8,6000,62.50
KENNAMET,EQ,11-Aug-2026,3342.6,3362.0,3362.0,3230.0,3271.0,3301.9,3282.85,14198,466.1,3016,8518,59.99
KERNEX,EQ,11-Aug-2026,2310.1,2300.0,2414.0,2290.0,2375.0,2387.3,2374.49,227290,5396.97,11651,137390,60.45
KESORAMIND,BE,11-Aug-2026,12.6,12.35,12.35,12.35,12.35,12.35,12.35,94790,11.71,166,-,-
KEYFINSERV,EQ,11-Aug-2026,249.05,246.0,255.0,246.0,251.15,254.5,251.23,1292,3.25,45,1047,81.04
KFINTECH,EQ,11-Aug-2026,928.5,929.3,937.0,921.5,935.0,935.0,931.13,344812,3210.63,12090,137927,40.00
KHADIM,BE,11-Aug-2026,93.07,93.0,93.69,89.03,90.5,89.82,91.16,57590,52.5,643,-,-
KHAICHEM,EQ,11-Aug-2026,51.71,51.9,52.18,50.71,51.5,51.15,51.24,58048,29.75,482,43054,74.17
KHAITANLTD,EQ,11-Aug-2026,150.49,159.99,159.99,142.5,143.59,143.66,149.2,13809,20.6,595,4850,35.12
KHANDSE,EQ,11-Aug-2026,17.63,17.5,17.5,15.6,17.4,17.33,16.6,4283,0.71,90,2460,57.44
KHFM,SM,11-Aug-2026,51.85,48.0,50.95,45.05,47.35,46.0,46.4,26350,12.23,17,18600,70.59
KICL,EQ,11-Aug-2026,5423.5,5405.0,5449.0,5269.0,5395.0,5350.0,5373.42,1098,59.0,311,573,52.19
KILITCH,BE,11-Aug-2026,192.2,192.2,194.81,188.51,192.99,191.46,190.78,14356,27.39,80,-,-
KIMS,EQ,11-Aug-2026,819.5,819.0,819.5,806.1,810.1,813.05,810.43,852451,6908.5,22716,665957,78.12
KINGFA,EQ,11-Aug-2026,5622.5,5665.0,5748.0,5595.0,5720.0,5708.0,5684.18,13171,748.66,3417,8051,61.13
KIOCL,EQ,11-Aug-2026,393.1,396.0,397.4,389.8,389.8,390.9,392.82,89617,352.04,3777,36821,41.09
KIRANVYPAR,EQ,11-Aug-2026,197.08,202.0,202.55,195.0,195.0,196.83,199.29,872,1.74,33,782,89.68
KIRIINDUS,EQ,11-Aug-2026,429.7,429.35,430.7,425.05,425.25,426.7,427.02,87260,372.61,2590,44129,50.57
KIRLFER,EQ,11-Aug-2026,439.6,450.0,450.0,434.5,440.0,440.15,438.53,57779,253.38,2813,34322,59.40
KIRLOSBROS,EQ,11-Aug-2026,1941.6,1934.1,1977.0,1934.1,1956.0,1955.9,1956.4,63634,1244.94,10190,30929,48.60
KIRLOSENG,EQ,11-Aug-2026,2131.2,2145.0,2148.2,2054.5,2102.0,2101.5,2091.71,662007,13847.28,45758,388076,58.62
KIRLOSIND,EQ,11-Aug-2026,3771.5,3771.0,3771.5,3704.0,3755.0,3722.6,3729.72,6904,257.5,1181,4578,66.31
KIRLPNU,EQ,11-Aug-2026,1486.6,1495.0,1515.5,1464.0,1492.5,1492.0,1481.42,110432,1635.97,12485,62083,56.22
KISSHT,EQ,11-Aug-2026,293.5,293.4,305.25,293.0,298.0,295.45,299.18,1448710,4334.23,25616,631162,43.57
KITEX,EQ,11-Aug-2026,137.94,138.05,139.24,132.25,134.0,133.99,135.24,849254,1148.57,10440,437635,51.53
KKCL,EQ,11-Aug-2026,516.5,518.9,539.0,516.55,533.25,532.6,529.43,83780,443.56,4299,46318,55.29
KKJEWELS,SM,11-Aug-2026,104.1,104.0,104.7,104.0,104.7,104.7,104.27,3000,3.13,3,3000,100.00
KLBRENG-B,EQ,11-Aug-2026,378.2,381.0,381.6,353.0,360.0,360.1,365.52,181227,662.42,5513,116417,64.24
KLL,SM,11-Aug-2026,23.4,23.5,23.95,22.8,23.5,23.1,23.12,32800,7.58,31,26400,80.49
KMEW,EQ,11-Aug-2026,2596.8,2596.8,2648.0,2572.6,2626.0,2621.1,2613.72,58904,1539.59,9079,27159,46.11
KMSUGAR,EQ,11-Aug-2026,27.85,27.9,27.95,27.21,27.37,27.47,27.5,111827,30.75,1025,88554,79.19
KNACK,EQ,11-Aug-2026,215.32,217.0,218.0,205.5,206.3,206.78,210.62,1385163,2917.42,14822,640101,46.21
KNAGRI,EQ,11-Aug-2026,202.83,205.0,205.9,203.0,205.6,204.6,204.26,6272,12.81,123,5323,84.87
KNRCON,EQ,11-Aug-2026,142.69,142.69,143.59,136.5,137.02,136.84,139.55,1005466,1403.15,13857,524916,52.21
KODYTECH,ST,11-Aug-2026,1397.9,1410.0,1421.0,1345.0,1379.0,1379.0,1352.68,33900,458.56,46,33400,98.53
KOHINOOR,EQ,11-Aug-2026,23.17,23.48,23.48,22.83,23.22,23.04,23.0,25434,5.85,660,13592,53.44
KOKUYOCMLN,EQ,11-Aug-2026,83.98,84.05,84.05,82.3,82.4,82.47,82.85,28127,23.3,568,21364,75.96
KOLTEPATIL,EQ,11-Aug-2026,462.2,490.2,554.6,490.2,515.25,516.6,531.31,12115889,64373.39,216647,997349,8.23
KONSTELEC,ST,11-Aug-2026,61.1,61.1,63.4,61.0,62.75,61.4,61.59,9000,5.54,9,8000,88.89
KONTOR,SM,11-Aug-2026,60.0,60.0,62.4,60.0,61.45,61.45,61.28,1800,1.1,3,1200,66.67
KOPRAN,BE,11-Aug-2026,177.71,175.6,177.0,166.0,174.0,174.36,172.05,191956,330.26,1652,-,-
KORE,SM,11-Aug-2026,170.5,167.1,174.95,167.1,174.95,174.95,168.92,1500,2.53,6,1250,83.33
KOTAKBANK,EQ,11-Aug-2026,393.5,392.1,392.9,388.3,392.9,392.9,390.07,7853813,30635.04,105475,4704747,59.90
KOTARISUG,EQ,11-Aug-2026,26.41,26.39,26.41,26.02,26.37,26.19,26.29,32185,8.46,182,21149,65.71
KOTHARIPET,EQ,11-Aug-2026,145.51,145.47,149.0,143.32,145.35,145.65,146.81,83456,122.52,1738,35908,43.03
KOTHARIPRO,EQ,11-Aug-2026,68.52,68.61,74.84,68.6,70.07,70.58,72.38,50851,36.81,922,23167,45.56
KOTIC,EQ,11-Aug-2026,151.45,152.07,152.39,148.0,150.7,149.93,150.06,12992,19.5,487,7039,54.18
KOTYARK,BE,11-Aug-2026,41.79,42.0,42.9,41.85,42.4,42.37,42.18,791704,333.91,1926,-,-
KOVAI,EQ,11-Aug-2026,6162.0,6194.5,6194.5,5751.0,5880.0,5865.5,5941.79,23449,1393.29,4865,12015,51.24
KPEL,EQ,11-Aug-2026,291.6,283.8,294.9,263.0,272.85,271.25,273.05,2061017,5627.64,44921,596991,28.97
KPIGREEN,EQ,11-Aug-2026,369.25,367.2,375.0,332.9,352.0,350.9,344.3,11787049,40582.6,193877,2865823,24.31
KPIL,EQ,11-Aug-2026,1315.4,1317.3,1364.9,1303.3,1360.1,1347.7,1329.81,355341,4725.37,30149,146335,41.18
KPITTECH,EQ,11-Aug-2026,627.9,628.0,634.15,621.15,627.0,627.0,627.36,1460797,9164.5,24023,641965,43.95
KPL,EQ,11-Aug-2026,3134.1,3264.0,3450.0,3031.2,3281.0,3310.5,3271.21,568350,18591.9,65502,96996,17.07
KPRMILL,EQ,11-Aug-2026,1086.0,1100.0,1152.8,1089.0,1090.2,1096.5,1128.33,1361133,15358.05,78858,291770,21.44
KRBL,EQ,11-Aug-2026,373.9,373.7,375.7,368.1,370.9,370.55,371.38,164492,610.88,8451,80158,48.73
KREBSBIO,EQ,11-Aug-2026,57.23,57.23,57.23,55.0,55.55,56.0,55.84,2414,1.35,74,1970,81.61
KRIDHANINF,BE,11-Aug-2026,2.3,2.35,2.35,2.23,2.25,2.24,2.27,18543,0.42,39,-,-
KRISHANA,EQ,11-Aug-2026,183.54,182.8,188.49,180.39,186.98,186.45,184.42,567553,1046.66,8562,289550,51.02
KRISHCA,SM,11-Aug-2026,168.55,169.0,169.0,165.3,166.5,166.5,167.02,5500,9.19,11,4000,72.73
KRISHIVAL,EQ,11-Aug-2026,397.8,402.0,407.0,397.75,405.0,402.15,402.25,13910,55.95,546,11621,83.54
KRISHNADEF,EQ,11-Aug-2026,1186.2,1198.0,1205.9,1140.0,1161.0,1161.2,1174.91,77573,911.41,5985,43297,55.81
KRITI,EQ,11-Aug-2026,67.62,70.0,70.0,65.0,68.68,68.55,67.74,26432,17.9,407,13049,49.37
KRITIKA,EQ,11-Aug-2026,5.56,5.72,5.72,5.51,5.56,5.6,5.57,188337,10.49,499,105013,55.76
KRITINUT,EQ,11-Aug-2026,86.45,86.88,86.88,83.11,85.26,85.21,85.12,10465,8.91,110,8461,80.85
KRMAYURVED,SM,11-Aug-2026,329.8,333.0,334.0,297.7,299.0,300.25,307.88,281000,865.15,231,209000,74.38
KRN,EQ,11-Aug-2026,1226.4,1240.0,1287.7,1233.4,1287.7,1287.7,1278.75,205351,2625.93,6732,131944,64.25
KRONOX,EQ,11-Aug-2026,167.71,168.94,171.28,165.33,166.45,167.14,168.23,125324,210.83,2763,67264,53.67
KROSS,EQ,11-Aug-2026,206.06,207.0,207.0,201.01,201.12,202.17,202.78,137031,277.87,3797,64810,47.30
KRSNAA,EQ,11-Aug-2026,567.6,567.0,578.35,557.3,570.0,574.8,570.96,82340,470.13,7959,49345,59.93
KRT,RR,11-Aug-2026,116.79,116.99,117.5,116.5,116.75,116.92,116.93,317929,371.74,4660,282204,88.76
KRYSTAL,EQ,11-Aug-2026,602.55,611.85,639.8,605.0,625.0,625.95,616.95,251309,1550.44,2999,121166,48.21
KSB,EQ,11-Aug-2026,803.9,810.0,831.9,795.5,811.0,811.85,817.84,442419,3618.3,27800,223179,50.45
KSCL,EQ,11-Aug-2026,763.3,765.0,805.0,754.6,799.5,799.0,784.03,420932,3300.24,18977,151311,35.95
KSHINTL,EQ,11-Aug-2026,900.6,973.05,1045.5,933.25,1002.0,988.95,979.54,3497625,34260.55,133272,921725,26.35
KSHITIJPOL,EQ,11-Aug-2026,2.8,2.89,2.89,2.73,2.8,2.79,2.79,842101,23.51,798,717577,85.21
KSL,EQ,11-Aug-2026,834.9,837.15,847.15,829.0,844.0,843.7,839.51,35224,295.71,2669,21737,61.71
KSOLVES,EQ,11-Aug-2026,277.25,277.25,278.45,273.0,274.0,275.15,275.31,33242,91.52,1584,22896,68.88
KSR,EQ,11-Aug-2026,27.29,27.0,28.99,26.52,27.99,27.11,27.26,44492,12.13,305,43750,98.33
KTKBANK,EQ,11-Aug-2026,305.25,305.25,305.95,298.6,301.5,302.85,301.75,2752855,8306.62,27218,1531076,55.62
KUANTUM,EQ,11-Aug-2026,86.29,87.0,88.69,85.1,85.59,85.85,86.52,236333,204.49,2363,144315,61.06
KUSUMGAR,EQ,11-Aug-2026,637.05,640.15,657.4,604.5,634.0,635.4,629.46,1659982,10448.87,55696,286173,17.24
KWIL,EQ,11-Aug-2026,34.55,34.66,35.24,34.11,34.83,34.84,34.56,6009358,2076.71,15762,2964529,49.33
LAGNAM,EQ,11-Aug-2026,82.13,82.1,84.15,82.1,83.93,82.73,82.64,3566,2.95,77,2998,84.07
LAHOTIOV,EQ,11-Aug-2026,43.06,43.0,47.0,42.3,43.5,44.19,45.29,31128,14.1,239,21534,69.18
LAKPRE,BZ,11-Aug-2026,4.94,4.94,4.94,4.71,4.72,4.72,4.71,966,0.05,15,-,-
LAKSHYA,SM,11-Aug-2026,86.35,86.5,86.5,85.0,86.4,86.4,85.9,4800,4.12,6,4800,100.00
LAL,EQ,11-Aug-2026,8.74,8.83,8.89,8.32,8.56,8.67,8.65,37417,3.24,273,26054,69.63
LALPATHLAB,EQ,11-Aug-2026,1954.0,1954.2,1955.1,1917.1,1950.0,1949.9,1946.12,198678,3866.51,36241,133360,67.12
LAMBODHARA,EQ,11-Aug-2026,113.48,115.0,117.65,112.69,114.05,114.88,115.37,26718,30.82,398,15117,56.58
LAMOSAIC,ST,11-Aug-2026,54.85,54.0,55.45,53.15,53.5,54.75,54.49,31800,17.33,20,31200,98.11
LANCORHOL,EQ,11-Aug-2026,26.78,26.55,29.2,26.42,27.84,27.72,28.01,546641,153.1,4507,304747,55.75
LANDMARK,EQ,11-Aug-2026,561.35,564.7,585.0,549.1,575.0,571.75,570.41,581898,3319.19,20497,208979,35.91
LANDSMILL,EQ,11-Aug-2026,0.79,0.8,0.8,0.78,0.79,0.78,0.79,1483148,11.66,791,785964,52.99
LAOPALA,EQ,11-Aug-2026,193.7,194.8,194.8,190.5,190.78,190.79,191.56,120014,229.9,2389,72554,60.45
LASA,EQ,11-Aug-2026,7.7,7.67,7.9,7.35,7.58,7.62,7.61,26148,1.99,119,15385,58.84
LASERPOWER,EQ,11-Aug-2026,302.55,287.95,300.9,282.3,287.65,289.05,290.38,5080059,14751.52,55786,1474343,29.02
LATENTVIEW,EQ,11-Aug-2026,297.8,297.8,299.1,293.45,294.5,294.75,295.85,223740,661.92,8149,118813,53.10
LATTEYS,BE,11-Aug-2026,20.07,19.97,20.19,19.53,19.55,19.73,19.86,40298,8.0,172,-,-
LAURUSLABS,EQ,11-Aug-2026,1854.0,1851.0,1859.0,1833.1,1858.0,1858.0,1842.82,1514239,27904.64,44801,841243,55.56
LAXMICOT,EQ,11-Aug-2026,14.55,14.82,14.98,14.22,14.31,14.41,14.51,25558,3.71,162,21668,84.78
LAXMIDENTL,EQ,11-Aug-2026,215.56,215.24,215.24,209.7,209.85,210.76,211.41,217420,459.65,6687,140716,64.72
LAXMIINDIA,BE,11-Aug-2026,134.29,133.95,140.0,132.5,140.0,139.25,138.55,256253,355.03,1008,-,-
LCCINFOTEC,EQ,11-Aug-2026,3.7,3.51,3.85,3.51,3.64,3.63,3.63,93104,3.38,261,51096,54.88
LCL,EQ,11-Aug-2026,519.25,520.1,524.75,496.0,499.5,499.95,506.31,809128,4096.72,17397,374770,46.32
LEMERITE,EQ,11-Aug-2026,23.15,23.71,23.95,23.0,23.72,23.35,23.47,343561,80.63,805,84616,24.63
LEMONTREE,EQ,11-Aug-2026,107.94,109.1,110.05,108.1,109.66,109.36,109.32,2894386,3164.17,33882,1545138,53.38
LENSKART,EQ,11-Aug-2026,586.15,587.9,592.2,582.15,588.05,589.2,588.03,4346106,25556.43,48046,2753388,63.35
LEXUS,EQ,11-Aug-2026,14.69,14.98,15.3,14.36,14.74,14.49,14.99,38096,5.71,241,16418,43.10
LFIC,EQ,11-Aug-2026,139.72,139.7,142.01,139.7,140.3,140.53,140.62,5903,8.3,35,5636,95.48
LGBBROSLTD,EQ,11-Aug-2026,1551.6,1555.0,1556.7,1528.2,1550.0,1549.2,1546.59,21500,332.52,2614,13994,65.09
LGEINDIA,EQ,11-Aug-2026,1557.8,1554.1,1576.2,1546.6,1571.0,1566.5,1564.56,412984,6461.37,32747,234221,56.71
LGHL,EQ,11-Aug-2026,197.8,201.76,201.76,190.5,190.5,195.06,197.35,20596,40.65,452,7481,36.32
LIBAS,EQ,11-Aug-2026,9.94,9.94,10.0,9.5,9.75,9.61,9.67,14766,1.43,164,11871,80.39
LIBERTSHOE,EQ,11-Aug-2026,251.45,246.35,251.7,244.25,245.35,245.3,246.36,33326,82.1,1557,21535,64.62
LICHSGFIN,EQ,11-Aug-2026,500.0,502.0,504.6,499.2,502.0,502.0,501.88,1493009,7493.12,38730,903791,60.53
LICI,EQ,11-Aug-2026,393.0,394.4,410.45,393.2,406.0,406.0,405.13,49779915,201671.84,235853,27921008,56.09
LICMFGOLD,EQ,11-Aug-2026,136.0,138.05,138.05,136.1,137.0,136.9,137.14,79576,109.13,623,49340,62.00
LICNETFGSC,EQ,11-Aug-2026,29.61,29.81,29.81,29.5,29.57,29.57,29.57,5944,1.76,92,4845,81.51
LICNETFN50,EQ,11-Aug-2026,276.63,274.65,275.72,273.71,275.5,275.5,274.78,765,2.1,35,485,63.40
LICNFNHGP,EQ,11-Aug-2026,281.23,282.01,282.32,280.0,280.0,280.34,280.81,527,1.48,11,351,66.60
LICNMID100,EQ,11-Aug-2026,64.27,64.55,64.78,63.88,64.52,64.52,64.56,16663,10.76,155,12158,72.96
LIKHITHA,EQ,11-Aug-2026,226.61,228.0,248.78,223.77,244.0,243.59,239.4,118149,282.85,2561,73095,61.87
LINC,EQ,11-Aug-2026,100.45,102.0,102.5,96.2,97.04,97.27,97.49,73383,71.54,956,56737,77.32
LINCOLN,EQ,11-Aug-2026,594.6,603.0,604.8,576.3,590.1,596.5,597.01,57372,342.52,1913,30414,53.01
LINDEINDIA,EQ,11-Aug-2026,7048.0,7094.0,7189.5,6932.0,6952.0,6972.0,7040.48,25932,1825.74,9788,12138,46.81
LIQGRWBEES,EQ,11-Aug-2026,1051.03,1051.15,1051.17,1051.15,1051.17,1051.15,1051.16,60771,638.8,140,39752,65.41
LIQUID,EQ,11-Aug-2026,999.99,999.99,1000.0,999.99,999.99,999.99,1000.0,113758,1137.58,150,74672,65.64
LIQUID1,EQ,11-Aug-2026,1117.48,1117.64,1117.64,1117.62,1117.62,1117.63,1117.63,895256,10005.66,727,700430,78.24
LIQUIDADD,EQ,11-Aug-2026,1139.59,1139.73,1139.75,1139.73,1139.74,1139.74,1139.74,374927,4273.21,617,301795,80.49
LIQUIDBEES,EQ,11-Aug-2026,1000.0,999.99,1000.48,999.99,1000.0,1000.0,1000.0,3399185,33991.94,5508,2652277,78.03
LIQUIDBETA,EQ,11-Aug-2026,1003.56,1003.71,1003.71,1003.71,1003.71,1003.71,1003.71,9,0.09,1,9,100.00
LIQUIDBETF,EQ,11-Aug-2026,1093.94,1094.08,1094.1,1094.08,1094.1,1094.09,1094.08,560796,6135.57,178,501967,89.51
LIQUIDCASE,EQ,11-Aug-2026,115.4,115.42,115.42,115.4,115.42,115.41,115.41,13220529,15257.87,12071,9633525,72.87
LIQUIDETF,EQ,11-Aug-2026,999.99,1000.0,1000.01,999.99,1000.0,1000.0,1000.0,659356,6593.56,179,584830,88.70
LIQUIDIETF,EQ,11-Aug-2026,999.99,1000.01,1000.01,999.99,999.99,999.99,1000.0,623361,6233.61,240,397703,63.80
LIQUIDPLUS,EQ,11-Aug-2026,1098.19,1098.33,1098.35,1098.33,1098.34,1098.33,1098.33,123411,1355.47,329,104549,84.72
LIQUIDSBI,EQ,11-Aug-2026,1000.0,1000.01,1000.01,999.99,1000.0,1000.0,1000.0,2360,23.6,27,2259,95.72
LIQUIDSHRI,EQ,11-Aug-2026,1116.66,1116.78,1116.8,1116.78,1116.8,1116.79,1116.8,3020,33.73,19,2480,82.12
LLOYDSENGG,EQ,11-Aug-2026,95.33,95.78,96.5,92.26,93.07,93.04,93.54,11135268,10416.24,40418,4731891,42.49
LLOYDSENT,EQ,11-Aug-2026,82.55,82.97,83.33,79.1,80.49,80.48,81.43,10468601,8524.52,37233,3207371,30.64
LLOYDSME,EQ,11-Aug-2026,2052.8,2060.2,2065.0,1965.0,1987.0,1986.2,2019.07,1479892,29880.07,66754,608678,41.13
LMW,EQ,11-Aug-2026,17635.0,17620.0,17800.0,17272.0,17350.0,17323.0,17534.67,5064,887.96,1920,2613,51.60
LODHA,EQ,11-Aug-2026,1213.0,1213.0,1229.0,1201.7,1212.0,1212.0,1217.3,795290,9681.08,22809,291972,36.71
LOKESHMACH,BE,11-Aug-2026,351.25,358.25,358.25,354.0,354.0,354.0,357.83,24276,86.87,150,-,-
LORDSCHLO,EQ,11-Aug-2026,142.43,140.6,142.94,140.0,142.48,140.54,141.2,15246,21.53,562,10108,66.30
LOTUSDEV,BE,11-Aug-2026,176.54,167.77,172.99,167.72,167.72,167.72,168.17,1393329,2343.13,2746,-,-
LOTUSEYE,EQ,11-Aug-2026,115.61,116.95,122.0,116.37,119.8,119.78,119.91,34712,41.62,798,25969,74.81
LOVABLE,EQ,11-Aug-2026,72.6,73.74,74.33,72.1,72.6,73.22,72.81,6964,5.07,149,3650,52.41
LOWVOL,EQ,11-Aug-2026,213.01,212.78,212.78,211.59,211.59,211.95,212.13,5096,10.81,15,5094,99.96
LOWVOL1,EQ,11-Aug-2026,21.63,21.84,21.85,21.45,21.5,21.73,21.69,242514,52.6,411,164019,67.63
LOWVOLIETF,EQ,11-Aug-2026,22.87,22.29,22.9,22.29,22.75,22.8,22.8,522303,119.09,927,189704,36.32
LOYALTEX,EQ,11-Aug-2026,214.0,213.02,220.0,213.02,220.0,219.64,216.33,506,1.09,19,501,99.01
LPDC,EQ,11-Aug-2026,6.3,6.58,6.58,6.25,6.35,6.35,6.36,12132,0.77,132,6946,57.25
LRRPL,SM,11-Aug-2026,85.0,83.0,84.0,83.0,84.0,84.0,83.38,6000,5.0,4,6000,100.00
LT,EQ,11-Aug-2026,4080.0,4075.1,4075.5,4028.5,4037.4,4037.4,4045.36,1401285,56687.07,66909,619989,44.24
LTF,EQ,11-Aug-2026,312.85,312.7,316.0,310.3,315.4,315.4,313.95,2372366,7448.03,31741,1356455,57.18
LTFOODS,EQ,11-Aug-2026,422.75,421.4,422.5,415.4,422.0,419.3,418.8,358642,1501.98,16851,168401,46.96
LTGILTBEES,EQ,11-Aug-2026,30.08,30.08,30.08,30.0,30.04,30.01,30.03,1087165,326.5,683,912218,83.91
LTGILTCASE,EQ,11-Aug-2026,30.63,30.71,30.71,30.52,30.54,30.58,30.6,104967,32.12,120,101321,96.53
LTM,EQ,11-Aug-2026,4795.0,4800.0,4850.0,4751.0,4850.0,4850.0,4815.13,407494,19621.38,40485,154649,37.95
LTTS,EQ,11-Aug-2026,3583.4,3600.0,3708.0,3600.0,3663.5,3652.7,3665.57,162348,5950.99,22273,58556,36.07
LUMAXIND,EQ,11-Aug-2026,5655.5,5700.0,6090.0,5661.5,6000.0,5996.5,5945.49,99574,5920.16,21971,29745,29.87
LUMAXTECH,EQ,11-Aug-2026,1738.2,1795.0,2085.8,1795.0,2065.0,2076.3,1995.34,5661267,112961.52,271790,938972,16.59
LUPIN,EQ,11-Aug-2026,2300.0,2285.0,2288.2,2258.6,2278.9,2278.9,2271.79,1304449,29634.3,72855,731431,56.07
LUXIND,EQ,11-Aug-2026,1244.9,1242.0,1258.8,1235.5,1247.5,1248.8,1248.39,13474,168.21,1367,6764,50.20
LXCHEM,EQ,11-Aug-2026,177.97,177.97,178.8,174.1,175.45,174.89,176.21,540207,951.91,6196,233990,43.31
LYKALABS,BE,11-Aug-2026,68.07,68.07,68.07,67.73,68.0,68.0,68.02,7112,4.84,80,-,-
M&M,EQ,11-Aug-2026,3517.0,3505.4,3514.6,3455.1,3460.1,3460.1,3485.63,2269936,79121.47,135371,1473381,64.91
M&MFIN,EQ,11-Aug-2026,412.3,412.0,414.0,397.1,399.5,398.8,405.79,1587021,6439.93,29837,835089,52.62
MAANALU,EQ,11-Aug-2026,124.89,125.0,127.49,122.0,122.11,123.16,125.18,43969,55.04,651,26011,59.16
MACOBSTECH,SM,11-Aug-2026,209.0,217.5,217.55,209.7,210.0,210.0,213.99,52000,111.27,9,32800,63.08
MACPOWER,EQ,11-Aug-2026,1824.3,1820.0,1850.0,1720.0,1785.0,1754.3,1784.95,54067,965.07,7407,22941,42.43
MADHAV,EQ,11-Aug-2026,34.96,35.48,36.2,34.16,34.57,34.84,35.52,2756,0.98,62,2712,98.40
MADHAVBAUG,ST,11-Aug-2026,190.0,188.0,189.5,181.0,189.5,186.15,184.59,2800,5.17,7,2000,71.43
MADHAVIPL,EQ,11-Aug-2026,7.48,7.55,7.55,7.1,7.2,7.22,7.24,321005,23.25,812,239315,74.55
MADHUCON,BE,11-Aug-2026,5.35,5.33,5.35,5.16,5.19,5.19,5.27,3061,0.16,31,-,-
MADHUSUDAN,ST,11-Aug-2026,232.85,229.0,232.85,225.1,229.25,229.25,228.22,11000,25.1,11,9000,81.82
MADRASFERT,EQ,11-Aug-2026,66.58,66.42,68.0,64.5,66.71,66.86,66.27,136483,90.44,1061,28774,21.08
MAFANG,EQ,11-Aug-2026,206.32,209.72,209.72,201.16,209.72,209.72,209.71,432234,906.42,4829,193270,44.71
MAFATIND,EQ,11-Aug-2026,127.52,128.0,128.98,124.75,126.0,125.63,126.51,70399,89.07,1692,51114,72.61
MAGADSUGAR,EQ,11-Aug-2026,531.55,530.8,543.0,520.1,527.8,525.75,527.48,8901,46.95,596,5239,58.86
MAGNUM,EQ,11-Aug-2026,19.36,19.21,20.1,19.21,19.72,19.7,19.83,34688,6.88,122,21621,62.33
MAGSON,SM,11-Aug-2026,187.0,181.05,181.05,181.05,181.05,181.05,181.05,1000,1.81,1,1000,100.00
MAHABANK,EQ,11-Aug-2026,78.88,79.2,79.2,77.3,79.0,78.95,78.59,11170926,8779.72,141488,5779012,51.73
MAHAPEXLTD,EQ,11-Aug-2026,47.87,49.5,56.55,49.0,52.91,52.98,53.45,176840,94.52,1800,92229,52.15
MAHASTEEL,BE,11-Aug-2026,1021.4,1010.0,1048.0,990.0,1037.5,1039.4,997.75,9640,96.18,215,-,-
MAHEPC,EQ,11-Aug-2026,108.56,107.3,109.88,107.1,107.22,107.27,107.7,15500,16.69,518,8845,57.06
MAHESHWARI,BE,11-Aug-2026,73.0,72.1,73.5,71.62,73.0,73.0,72.6,5182,3.76,24,-,-
MAHICKRA,SM,11-Aug-2026,262.95,265.0,265.05,265.0,265.05,265.05,265.03,1500,3.98,2,1500,100.00
MAHKTECH,EQ,11-Aug-2026,23.6,23.78,23.78,23.78,23.78,23.78,23.78,367352,87.36,337,367352,100.00
MAHLIFE,EQ,11-Aug-2026,386.85,389.7,389.7,379.95,383.3,382.65,383.61,72387,277.69,4021,45963,63.50
MAHLOG,EQ,11-Aug-2026,411.35,410.1,417.8,408.0,411.0,409.35,412.07,161825,666.84,7513,79405,49.07
MAHSCOOTER,EQ,11-Aug-2026,13692.0,13692.0,13859.0,13631.0,13800.0,13786.0,13771.28,2399,330.37,953,1231,51.31
MAHSEAMLES,EQ,11-Aug-2026,607.85,610.05,615.85,593.6,597.5,595.0,600.1,147431,884.73,9629,82145,55.72
MAITHANALL,EQ,11-Aug-2026,976.75,976.75,1013.4,969.55,1005.0,1005.6,998.47,114415,1142.39,5316,55471,48.48
MAITREYA,SM,11-Aug-2026,120.55,123.5,123.5,112.05,112.5,112.5,116.99,16800,19.65,42,7200,42.86
MAJESAUT,BE,11-Aug-2026,443.8,421.65,421.65,421.65,421.65,421.65,421.65,5286,22.29,238,-,-
MAKEINDIA,EQ,11-Aug-2026,169.59,169.77,169.94,168.63,169.0,169.1,169.12,38386,64.92,442,27806,72.44
MAL,SM,11-Aug-2026,32.0,31.35,32.0,30.35,30.35,30.45,30.66,46400,14.23,25,33600,72.41
MALLCOM,EQ,11-Aug-2026,1005.25,1013.2,1013.35,990.0,998.0,992.0,997.87,1147,11.45,99,908,79.16
MALUPAPER,EQ,11-Aug-2026,31.84,31.51,32.24,31.0,31.44,31.6,31.51,13727,4.33,172,11204,81.62
MAMATA,EQ,11-Aug-2026,425.3,421.95,427.4,421.95,425.0,425.2,425.11,65765,279.58,1284,45604,69.34
MANAKALUCO,EQ,11-Aug-2026,44.59,44.37,44.49,41.59,43.9,42.47,42.7,266909,113.97,2615,139812,52.38
MANAKCOAT,EQ,11-Aug-2026,114.36,114.36,118.26,114.36,117.5,117.51,117.09,124220,145.45,1880,75411,60.71
MANAKSIA,EQ,11-Aug-2026,58.34,58.34,59.2,57.25,59.2,58.8,58.33,23953,13.97,291,18217,76.05
MANAKSTEEL,EQ,11-Aug-2026,80.68,84.71,84.71,84.71,84.71,84.71,84.71,48208,40.84,115,48208,100.00
MANALIPETC,EQ,11-Aug-2026,64.35,64.7,65.7,64.35,65.5,65.53,65.23,298601,194.79,2503,156477,52.40
MANAPPURAM,EQ,11-Aug-2026,369.3,371.9,373.05,357.05,360.0,360.0,364.28,6097517,22212.17,40947,2071652,33.98
MANAV,SM,11-Aug-2026,24.0,22.95,25.2,22.8,22.8,24.0,23.46,16000,3.75,4,12000,75.00
MANBA,EQ,11-Aug-2026,132.14,133.8,138.0,130.61,131.0,133.4,132.51,51386,68.09,922,21864,42.55
MANCREDIT,EQ,11-Aug-2026,229.99,239.52,249.19,238.01,248.99,247.05,244.04,205561,501.66,3482,35764,17.40
MANDEEP,SM,11-Aug-2026,20.0,20.0,20.55,19.05,20.5,20.5,20.13,10000,2.01,5,6000,60.00
MANGALAM,EQ,11-Aug-2026,27.28,27.29,27.61,26.67,26.9,26.93,27.11,11980,3.25,172,8652,72.22
MANGLMCEM,EQ,11-Aug-2026,901.5,903.8,913.55,897.0,905.0,906.15,903.37,14065,127.06,631,8235,58.55
MANILAM,SM,11-Aug-2026,47.6,47.0,47.0,47.0,47.0,47.0,47.0,2000,0.94,1,2000,100.00
MANINDS,EQ,11-Aug-2026,549.5,551.9,563.0,543.15,559.85,559.1,553.69,224910,1245.31,8016,123879,55.08
MANINFRA,EQ,11-Aug-2026,113.64,114.0,114.7,110.96,111.55,111.36,113.14,1438179,1627.15,11508,740915,51.52
MANIPALHOS,EQ,11-Aug-2026,686.35,688.6,717.0,681.2,702.2,701.45,701.7,5021601,35236.52,74925,2370894,47.21
MANKIND,EQ,11-Aug-2026,2438.0,2429.0,2439.6,2405.5,2425.0,2425.0,2423.02,229702,5565.73,18184,129238,56.26
MANOMAY,EQ,11-Aug-2026,218.13,219.5,219.5,214.11,216.99,216.41,217.71,26738,58.21,416,2386,8.92
MANORAMA,EQ,11-Aug-2026,1674.0,1679.9,1679.9,1590.4,1599.6,1597.8,1615.61,227363,3673.3,20179,127130,55.91
MANORG,EQ,11-Aug-2026,449.3,450.0,462.45,447.6,451.9,449.9,451.55,23955,108.17,501,20508,85.61
MANUFGBEES,EQ,11-Aug-2026,167.54,168.37,168.37,166.33,167.45,166.85,167.05,3271,5.46,92,2617,80.01
MANUGRAPH,BE,11-Aug-2026,15.6,15.79,16.08,15.3,15.99,15.99,15.76,2845,0.45,15,-,-
MANYAVAR,EQ,11-Aug-2026,524.9,522.05,527.5,516.2,520.05,522.0,522.97,1091691,5709.2,27051,616544,56.48
MAPMYINDIA,EQ,11-Aug-2026,985.0,999.2,1015.0,979.3,1014.0,1013.3,1002.52,242175,2427.86,15233,88976,36.74
MARALOVER,BE,11-Aug-2026,53.35,54.0,54.62,53.0,53.8,53.2,53.27,5541,2.95,53,-,-
MARATHON,EQ,11-Aug-2026,380.15,381.25,384.55,377.3,378.0,377.8,379.95,29849,113.41,1138,22216,74.43
MARC,SM,11-Aug-2026,130.95,132.0,132.45,131.5,132.45,132.1,132.11,8400,11.1,7,3600,42.86
MARCO,SM,11-Aug-2026,31.95,31.05,31.05,30.1,30.1,30.15,30.45,4500,1.37,3,4500,100.00
MARICO,EQ,11-Aug-2026,863.5,861.0,861.0,853.35,855.0,855.0,855.88,977482,8366.11,33652,635162,64.98
MARINE,EQ,11-Aug-2026,355.15,357.35,363.85,345.1,347.0,349.7,355.38,1375942,4889.86,21169,681768,49.55
MARINETRAN,SM,11-Aug-2026,15.5,16.25,16.25,16.25,16.25,16.25,16.25,4000,0.65,1,4000,100.00
MARKOLINES,EQ,11-Aug-2026,179.5,179.5,180.21,175.15,175.9,176.84,178.1,83662,149.0,895,27006,32.28
MARKSANS,EQ,11-Aug-2026,271.45,271.5,279.9,271.0,279.0,278.95,276.29,1435370,3965.77,24660,687042,47.87
MARSONS,EQ,11-Aug-2026,103.45,103.9,105.44,101.48,102.5,102.19,102.74,1001958,1029.39,7511,472977,47.21
MARUSHIKA,SM,11-Aug-2026,112.0,110.9,115.5,110.9,111.05,114.0,112.98,15600,17.63,12,14400,92.31
MARUTI,EQ,11-Aug-2026,14097.0,14120.0,14175.0,13980.0,13990.0,13990.0,14085.88,334931,47177.99,47340,201897,60.28
MASFIN,EQ,11-Aug-2026,300.65,302.85,303.95,299.05,300.0,300.1,300.0,137268,411.81,16365,90814,66.16
MASKINVEST,EQ,11-Aug-2026,158.57,151.1,153.0,150.65,153.0,151.75,151.51,510,0.77,11,256,50.20
MASON,SM,11-Aug-2026,116.15,114.15,121.05,114.1,118.35,118.3,118.29,231000,273.25,44,226000,97.84
MASPTOP50,EQ,11-Aug-2026,80.65,81.09,81.09,81.09,81.09,81.09,81.09,153271,124.29,1631,137647,89.81
MASTEK,EQ,11-Aug-2026,1802.5,1805.1,1835.9,1790.0,1806.0,1812.6,1820.14,99125,1804.22,10285,53863,54.34
MASTERTR,EQ,11-Aug-2026,80.61,80.6,80.6,78.0,78.21,78.13,79.46,260022,206.61,1705,133719,51.43
MATRIMONY,EQ,11-Aug-2026,480.35,480.0,555.0,475.05,530.0,537.1,522.85,1197864,6263.04,23929,362559,30.27
MAWANASUG,EQ,11-Aug-2026,114.36,112.5,117.98,109.74,115.0,115.17,112.17,394584,442.6,2495,269364,68.27
MAXESTATES,EQ,11-Aug-2026,421.45,417.0,430.45,416.3,427.0,426.65,425.12,66441,282.45,2621,41746,62.83
MAXHEALTH,EQ,11-Aug-2026,1069.0,1065.4,1067.4,1034.7,1040.0,1040.0,1044.09,2892166,30196.94,69908,1557878,53.87
MAXIND,EQ,11-Aug-2026,169.46,170.19,172.43,160.0,170.0,170.48,168.91,58150,98.22,1719,21693,37.31
MAXPOSURE,SM,11-Aug-2026,33.5,32.9,33.0,32.15,32.15,32.25,32.68,6000,1.96,6,6000,100.00
MAXVOLT,ST,11-Aug-2026,328.95,328.95,328.95,317.0,320.55,322.05,321.81,38000,122.29,85,32800,86.32
MAYASHEEL,SM,11-Aug-2026,38.8,36.0,36.0,36.0,36.0,36.0,36.0,6000,2.16,1,6000,100.00
MAYURUNIQ,EQ,11-Aug-2026,775.55,778.0,785.0,767.15,780.0,779.1,776.0,54800,425.25,4620,31612,57.69
MAZDA,BE,11-Aug-2026,234.46,241.0,246.18,236.55,244.03,244.92,243.27,42119,102.46,1012,-,-
MAZDOCK,EQ,11-Aug-2026,2575.0,2575.0,2588.8,2540.0,2554.0,2554.0,2558.09,629415,16100.98,28046,220872,35.09
MBAPL,EQ,11-Aug-2026,164.44,165.89,167.1,158.45,166.5,165.49,163.26,1522875,2486.31,10924,1005107,66.00
MBEL,EQ,11-Aug-2026,267.7,271.7,281.65,262.7,266.0,267.1,271.37,772998,2097.69,16260,236049,30.54
MBLINFRA,EQ,11-Aug-2026,24.81,24.81,25.15,24.15,24.35,24.52,24.47,30159,7.38,98,21352,70.80
MCCHRLS-B,EQ,11-Aug-2026,674.1,699.95,699.95,677.0,680.0,679.65,680.08,49,0.33,6,26,53.06
MCL,EQ,11-Aug-2026,58.8,58.8,58.95,57.1,58.95,58.34,58.18,72104,41.95,2015,25283,35.06
MCLEODRUSS,EQ,11-Aug-2026,51.43,50.75,50.75,48.86,48.86,48.86,49.16,456145,224.23,1373,322948,70.80
MCLOUD,EQ,11-Aug-2026,29.02,28.71,29.9,28.65,28.9,28.91,28.87,1169954,337.75,3089,457561,39.11
MCON,SM,11-Aug-2026,41.1,41.0,41.4,39.25,40.15,40.15,40.37,9000,3.63,9,7000,77.78
MCX,EQ,11-Aug-2026,2759.3,2779.5,2895.0,2742.6,2895.0,2895.0,2830.75,4190150,118612.77,188065,1713459,40.89
MEDANTA,EQ,11-Aug-2026,1476.2,1472.1,1486.3,1420.0,1440.0,1440.4,1446.24,224097,3240.99,27807,101507,45.30
MEDIASSIST,EQ,11-Aug-2026,353.0,355.8,356.45,341.3,348.0,346.25,349.15,378808,1322.61,9955,204454,53.97
MEDICAMEQ,EQ,11-Aug-2026,236.45,240.0,246.0,234.57,236.55,236.96,237.51,13336,31.67,431,6836,51.26
MEDICO,EQ,11-Aug-2026,46.1,46.23,47.1,45.02,45.02,45.25,45.3,284431,128.84,614,44042,15.48
MEDIORG,SM,11-Aug-2026,25.65,24.4,24.4,24.4,24.4,24.4,24.4,10000,2.44,5,8000,80.00
MEDPLUS,EQ,11-Aug-2026,686.3,681.1,685.35,674.55,680.05,679.15,678.68,155229,1053.5,11844,103526,66.69
MEESHO,EQ,11-Aug-2026,191.98,191.81,193.05,190.01,190.89,190.41,191.84,7197767,13808.45,41023,4118324,57.22
MEGAFLEX,SM,11-Aug-2026,100.0,95.5,95.5,95.5,95.5,95.5,95.5,1000,0.96,1,1000,100.00
MEGASTAR,EQ,11-Aug-2026,323.65,323.1,325.95,310.3,320.1,319.45,318.15,3290,10.47,323,2149,65.32
MEGATHERM,SM,11-Aug-2026,202.6,200.0,201.1,193.1,198.4,198.3,197.95,44800,88.68,94,36000,80.36
MEIL,EQ,11-Aug-2026,273.6,275.0,277.0,270.0,271.25,270.15,271.85,25529,69.4,1062,18353,71.89
MENNPIS,EQ,11-Aug-2026,74.55,75.08,76.0,72.01,73.69,73.28,74.19,105820,78.5,1547,48439,45.77
MENONBE,BE,11-Aug-2026,246.55,244.0,254.25,234.23,242.95,237.22,237.47,73726,175.08,1022,-,-
MEP,BZ,11-Aug-2026,0.58,0.59,0.59,0.59,0.59,0.59,0.59,4008,0.02,13,-,-
MERCANTILE,EQ,11-Aug-2026,24.77,24.66,25.49,24.11,24.84,24.55,24.76,658,0.16,32,447,67.93
MERCURYEV,EQ,11-Aug-2026,34.6,35.28,35.69,34.5,34.64,34.71,34.94,56913,19.88,957,26846,47.17
METAL,EQ,11-Aug-2026,13.34,13.57,13.57,13.19,13.21,13.21,13.29,2247083,298.61,4363,1035015,46.06
METALIC,SM,11-Aug-2026,105.8,104.4,114.65,98.0,109.05,111.7,104.85,737600,773.34,424,356800,48.37
METALIETF,EQ,11-Aug-2026,13.28,13.61,13.61,12.94,13.2,13.16,13.25,6981879,925.24,9790,3896011,55.80
METROBRAND,EQ,11-Aug-2026,967.2,965.2,977.7,945.0,950.3,949.8,960.48,114540,1100.13,8679,84342,73.64
METROGLOBL,EQ,11-Aug-2026,130.21,130.5,135.6,130.5,134.85,134.46,134.79,403,0.54,53,254,63.03
METROPOLIS,EQ,11-Aug-2026,572.65,577.0,577.0,562.35,565.0,566.25,569.93,201904,1150.71,11121,145327,71.98
MFML,EQ,11-Aug-2026,18.82,19.97,19.97,18.31,18.55,18.78,18.7,2515,0.47,68,1654,65.77
MFSL,EQ,11-Aug-2026,1514.5,1510.0,1510.0,1467.5,1499.0,1499.0,1488.49,1564135,23282.02,55552,815634,52.15
MGEL,BE,11-Aug-2026,14.84,14.22,14.69,14.22,14.3,14.34,14.37,70645,10.15,249,-,-
MGL,EQ,11-Aug-2026,1123.6,1122.0,1143.0,1115.0,1135.0,1134.3,1133.9,108937,1235.24,7580,70193,64.43
MGSL,SM,11-Aug-2026,73.95,73.0,73.0,72.2,73.0,73.0,72.88,8400,6.12,6,8400,100.00
MHLXMIRU,EQ,11-Aug-2026,155.03,154.21,156.85,150.6,154.85,155.84,153.6,6932,10.65,197,5735,82.73
MHRIL,EQ,11-Aug-2026,230.31,229.58,231.72,224.1,226.0,225.57,226.91,58226,132.12,4066,32211,55.32
MICEL,BE,11-Aug-2026,37.03,36.44,37.5,36.3,36.8,36.44,36.76,237234,87.22,1260,-,-
MICROPRO,SM,11-Aug-2026,19.0,19.15,19.15,18.75,18.75,18.75,18.95,3200,0.61,2,3200,100.00
MID150,EQ,11-Aug-2026,23.87,23.87,23.95,23.75,23.93,23.88,23.87,47156,11.26,167,42414,89.94
MID150BEES,EQ,11-Aug-2026,242.85,240.5,244.85,240.42,243.4,242.81,242.53,508324,1232.82,6933,316628,62.29
MID150CASE,EQ,11-Aug-2026,11.81,11.98,11.98,11.68,11.81,11.79,11.79,920801,108.6,3112,496454,53.92
MIDBANKADD,EQ,11-Aug-2026,17.4,17.4,17.4,17.23,17.36,17.35,17.31,16952,2.94,109,16324,96.30
MIDCAP,EQ,11-Aug-2026,18.58,18.11,19.27,18.11,18.74,18.72,18.68,177886,33.23,779,140521,78.99
MIDCAPADD,EQ,11-Aug-2026,23.53,23.53,23.58,23.42,23.53,23.53,23.51,27025,6.35,49,17631,65.24
MIDCAPBETA,EQ,11-Aug-2026,236.9,237.7,238.9,233.05,238.9,237.02,235.54,11487,27.06,54,6755,58.81
MIDCAPETF,EQ,11-Aug-2026,23.96,24.55,24.55,23.89,23.99,23.98,23.98,2968063,711.79,4183,1310067,44.14
MIDCAPIETF,EQ,11-Aug-2026,24.28,24.48,24.48,24.2,24.4,24.31,24.29,1547621,375.92,2444,907244,58.62
MIDHANI,EQ,11-Aug-2026,434.15,431.5,436.85,423.1,426.0,427.75,427.45,414944,1773.66,12966,199042,47.97
MIDQ50ADD,EQ,11-Aug-2026,25.73,25.61,25.83,25.57,25.58,25.68,25.71,50161,12.89,142,43358,86.44
MIDSELIETF,EQ,11-Aug-2026,19.87,19.86,19.93,19.73,19.89,19.84,19.77,210013,41.53,631,98050,46.69
MIDSMALL,EQ,11-Aug-2026,52.31,52.49,52.49,52.06,52.33,52.27,52.19,219287,114.45,717,150590,68.67
MIDWESTLTD,EQ,11-Aug-2026,1187.1,1209.8,1209.8,1168.7,1180.6,1174.1,1182.77,15056,178.08,1373,11902,79.05
MIEL,SM,11-Aug-2026,13.0,13.0,13.0,13.0,13.0,13.0,13.0,2000,0.26,1,2000,100.00
MILTON,SM,11-Aug-2026,35.55,37.3,37.3,37.3,37.3,37.3,37.3,171600,64.01,12,169400,98.72
MINDACORP,EQ,11-Aug-2026,736.1,738.05,741.9,712.4,716.8,721.45,728.4,297610,2167.8,15455,163891,55.07
MINDSPACE,RR,11-Aug-2026,495.51,496.3,496.3,494.0,496.0,495.57,495.31,141541,701.07,5107,124968,88.29
MINDTECK,EQ,11-Aug-2026,191.75,191.0,194.6,191.0,193.0,192.75,192.56,36334,69.97,1119,14348,39.49
MIRZAINT,EQ,11-Aug-2026,33.37,33.0,33.23,32.62,32.7,32.74,32.84,142603,46.84,1059,86203,60.45
MITCON,BE,11-Aug-2026,79.5,79.49,79.9,76.0,77.0,77.0,78.15,10852,8.48,48,-,-
MITTAL,EQ,11-Aug-2026,0.89,0.9,0.91,0.89,0.9,0.89,0.9,310017,2.8,240,230271,74.28
MKPL,EQ,11-Aug-2026,4.19,4.22,4.25,4.16,4.18,4.19,4.2,53129,2.23,342,37574,70.72
MMEL,ST,11-Aug-2026,28.6,27.2,27.2,27.2,27.2,27.2,27.2,2000,0.54,1,2000,100.00
MMFL,EQ,11-Aug-2026,658.25,657.55,661.65,636.8,644.6,643.15,645.81,179302,1157.96,7908,110671,61.72
MMP,EQ,11-Aug-2026,343.65,347.8,361.6,335.1,336.0,338.15,346.55,137820,477.62,6652,60013,43.54
MMTC,EQ,11-Aug-2026,63.95,64.0,65.57,63.7,64.85,64.98,64.56,1722907,1112.24,8990,880317,51.09
MMWL,EQ,11-Aug-2026,15.6,15.3,16.28,15.3,16.0,15.95,16.08,95438,15.35,218,87988,92.19
MNC,EQ,11-Aug-2026,35.01,35.01,35.16,34.84,35.0,34.92,34.94,92655,32.38,373,53638,57.89
MOALPHA50,EQ,11-Aug-2026,56.04,56.24,56.31,55.87,56.0,56.0,56.12,6435,3.61,51,4755,73.89
MOBANK10,EQ,11-Aug-2026,17.03,17.03,17.03,16.86,16.95,16.93,16.93,4419,0.75,73,3774,85.40
MOBIKWIK,EQ,11-Aug-2026,206.68,207.49,214.5,205.25,212.5,212.2,210.61,3077790,6482.0,29188,927647,30.14
MOBILISE,ST,11-Aug-2026,113.1,108.1,117.55,108.1,117.55,117.55,111.32,4800,5.34,3,4800,100.00
MOCAPITAL,EQ,11-Aug-2026,53.16,53.17,53.74,52.82,53.53,53.51,53.48,1435838,767.92,2649,957579,66.69
MODEFENCE,EQ,11-Aug-2026,105.74,108.38,108.38,104.58,105.1,105.17,105.05,1066460,1120.27,7606,576246,54.03
MODINATUR,BE,11-Aug-2026,399.95,391.1,400.0,391.0,392.1,392.1,392.16,2563,10.05,57,-,-
MODIRUBBER,EQ,11-Aug-2026,122.64,121.4,123.35,121.08,123.35,121.29,121.35,332,0.4,23,192,57.83
MODIS,EQ,11-Aug-2026,393.7,393.7,420.0,387.05,409.95,409.95,411.07,261540,1075.12,7001,104612,40.00
MODISONLTD,BE,11-Aug-2026,292.85,307.45,307.45,298.0,307.45,307.45,307.15,70325,216.0,302,-,-
MODTHREAD,EQ,11-Aug-2026,46.26,46.5,47.0,45.34,46.5,46.52,46.24,621,0.29,26,316,50.89
MOENERGY,EQ,11-Aug-2026,38.83,39.8,39.8,38.67,38.71,38.82,38.78,110584,42.89,671,82835,74.91
MOGOLD,EQ,11-Aug-2026,148.7,151.7,151.7,149.45,149.5,150.2,150.41,34849,52.42,745,17957,51.53
MOGSEC,EQ,11-Aug-2026,65.51,65.83,66.24,65.32,65.32,65.42,65.59,8448,5.54,103,7564,89.54
MOHEALTH,EQ,11-Aug-2026,52.02,52.28,52.6,51.68,52.5,52.31,52.12,40588,21.15,498,25828,63.63
MOHITIND,EQ,11-Aug-2026,26.09,26.74,27.0,25.85,26.5,26.19,26.25,6499,1.71,93,5053,77.75
MOIL,EQ,11-Aug-2026,283.85,283.85,285.25,278.0,278.6,279.45,281.39,441883,1243.42,10704,231961,52.49
MOINFRA,EQ,11-Aug-2026,60.39,60.69,61.0,59.71,60.2,59.85,60.02,6811,4.09,99,6548,96.14
MOIPO,EQ,11-Aug-2026,48.37,48.37,48.68,48.3,48.6,48.6,48.39,2764,1.34,42,2361,85.42
MOKSH,EQ,11-Aug-2026,10.55,10.65,10.76,10.5,10.75,10.69,10.65,16869,1.8,148,14358,85.11
MOL,EQ,11-Aug-2026,58.39,58.48,60.3,56.7,56.94,57.15,58.83,3049631,1794.22,17840,1116320,36.61
MOLDTECH,BE,11-Aug-2026,192.09,189.0,189.0,182.49,182.49,182.75,183.68,96133,176.58,737,-,-
MOLDTKPAC,EQ,11-Aug-2026,681.6,681.6,697.0,671.0,675.95,678.85,684.65,40063,274.29,3572,18104,45.19
MOLOWVOL,EQ,11-Aug-2026,37.58,37.52,37.58,37.33,37.42,37.42,37.43,16900,6.33,63,15473,91.56
MOM100,EQ,11-Aug-2026,68.78,68.78,68.98,68.35,68.84,68.77,68.71,208864,143.51,2155,129083,61.80
MOM30IETF,EQ,11-Aug-2026,31.75,31.82,31.94,31.55,31.67,31.65,31.74,719814,228.44,1645,565821,78.61
MOM50,EQ,11-Aug-2026,257.72,257.36,257.36,255.44,255.44,255.94,256.36,5482,14.05,118,3300,60.20
MOMENTUM,EQ,11-Aug-2026,31.57,31.61,31.8,31.4,31.4,31.47,31.51,16695,5.26,170,12213,73.15
MOMENTUM30,EQ,11-Aug-2026,31.32,31.39,31.39,30.83,31.24,31.11,31.09,35368,11.0,146,9647,27.28
MOMENTUM50,EQ,11-Aug-2026,54.17,54.19,54.49,54.01,54.12,54.22,54.17,326885,177.06,1368,162007,49.56
MOMETAL,EQ,11-Aug-2026,13.24,13.26,13.3,13.12,13.2,13.19,13.2,12666,1.67,32,12666,100.00
MOMGF,EQ,11-Aug-2026,166.63,166.41,169.02,165.36,166.6,166.58,166.56,1598,2.66,39,1590,99.50
MOMIDMTM,EQ,11-Aug-2026,65.17,65.65,65.65,64.57,64.84,64.79,64.71,152042,98.39,308,97109,63.87
MOMMIDCAP,EQ,11-Aug-2026,12.98,13.24,13.24,12.9,12.97,12.96,12.95,1355546,175.6,596,1252815,92.42
MOMNC,EQ,11-Aug-2026,33.87,34.03,34.03,33.77,33.9,33.9,33.82,4511,1.53,24,3259,72.25
MOMOMENTUM,EQ,11-Aug-2026,63.29,63.29,63.48,62.7,62.7,63.12,63.1,35465,22.38,423,19625,55.34
MON100,EQ,11-Aug-2026,328.08,331.95,331.95,331.95,331.95,331.95,331.95,369483,1226.5,1472,369479,100.00
MON50EQUAL,EQ,11-Aug-2026,34.4,34.57,36.0,33.93,34.2,34.37,34.12,8721,2.98,95,8708,99.85
MONARCH,EQ,11-Aug-2026,393.15,382.1,386.0,366.3,374.55,376.25,376.77,473768,1784.99,7869,209125,44.14
MONEXT50,EQ,11-Aug-2026,74.85,74.85,75.0,74.2,74.89,74.82,74.43,38407,28.59,79,29293,76.27
MONEYBOXX,EQ,11-Aug-2026,61.05,61.0,63.77,61.0,62.3,62.0,62.22,8786,5.47,303,5358,60.98
MONIFTY100,EQ,11-Aug-2026,26.03,25.86,25.87,25.77,25.82,25.81,25.86,46799,12.1,68,46742,99.88
MONIFTY500,EQ,11-Aug-2026,24.27,24.87,24.87,24.18,24.27,24.23,24.24,382312,92.66,1378,221435,57.92
MONOLITH,SM,11-Aug-2026,891.45,878.5,885.85,835.35,855.0,860.25,867.27,33000,286.2,112,26000,78.79
MONOPHARMA,SM,11-Aug-2026,7.6,7.55,7.85,7.5,7.85,7.85,7.71,14000,1.08,7,14000,100.00
MONQ50,EQ,11-Aug-2026,144.74,148.36,148.92,148.36,148.92,148.92,148.91,69515,103.52,1686,66310,95.39
MONTECARLO,EQ,11-Aug-2026,505.65,509.8,512.0,500.0,502.0,504.15,506.54,68489,346.93,2359,38756,56.59
MOOILGAS,EQ,11-Aug-2026,11.28,11.59,11.7,11.27,11.4,11.39,11.34,3088,0.35,43,2996,97.02
MOPSE,EQ,11-Aug-2026,101.58,99.85,104.5,99.79,104.5,100.02,100.03,9835,9.84,99,9287,94.43
MOQUALITY,EQ,11-Aug-2026,207.48,207.17,207.21,206.05,207.2,207.15,206.8,1099,2.27,29,938,85.35
MOREALTY,EQ,11-Aug-2026,90.52,90.52,90.97,89.15,89.54,89.31,89.81,605968,544.21,2352,364149,60.09
MOREPENLAB,EQ,11-Aug-2026,79.16,79.9,80.6,75.8,76.75,76.89,78.52,9409402,7388.41,32091,2951915,31.37
MOS,ST,11-Aug-2026,10.6,10.3,10.65,10.1,10.45,10.45,10.21,176000,17.98,38,164000,93.18
MOSCHIP,EQ,11-Aug-2026,204.42,206.5,209.95,204.0,208.0,207.86,206.97,1384567,2865.61,16185,472552,34.13
MOSERVICE,EQ,11-Aug-2026,31.55,31.63,31.63,31.27,31.55,31.58,31.4,3078,0.97,40,2227,72.35
MOSILVER,EQ,11-Aug-2026,227.87,230.15,233.18,228.36,229.84,229.65,230.2,84258,193.96,1639,23927,28.40
MOSMALL250,EQ,11-Aug-2026,18.42,18.47,18.53,18.31,18.47,18.45,18.45,1105617,204.04,2017,852114,77.07
MOTHERSON,EQ,11-Aug-2026,167.99,168.5,170.03,167.44,169.26,169.26,168.74,17059449,28786.11,97370,9138552,53.57
MOTILALOFS,EQ,11-Aug-2026,882.0,883.95,896.55,875.25,888.0,888.0,887.21,846234,7507.87,28643,370831,43.82
MOTISONS,EQ,11-Aug-2026,14.08,14.03,14.25,13.95,14.0,14.02,14.07,7437092,1046.14,5435,1774755,23.86
MOTOGENFIN,BE,11-Aug-2026,26.55,26.25,26.54,25.85,26.16,26.25,26.18,2593,0.68,32,-,-
MOTOUR,EQ,11-Aug-2026,80.85,80.79,80.79,80.01,80.55,80.4,80.48,5904,4.75,157,4734,80.18
MOVALUE,EQ,11-Aug-2026,115.15,118.02,118.02,114.52,115.48,115.28,114.89,39264,45.11,636,27841,70.91
MPHASIS,EQ,11-Aug-2026,2508.0,2519.0,2540.8,2498.5,2530.0,2530.0,2524.69,536301,13539.95,33447,287401,53.59
MPSLTD,EQ,11-Aug-2026,2864.4,2888.0,2925.0,2818.3,2850.0,2849.2,2867.03,32249,924.59,5553,13174,40.85
MRF,EQ,11-Aug-2026,133850.0,134000.0,134000.0,129570.0,131180.0,131125.0,131374.55,17256,22669.99,10909,4579,26.54
MRIL,ST,11-Aug-2026,69.9,66.45,66.45,66.45,66.45,66.45,66.45,1600,1.06,1,1600,100.00
MRPL,EQ,11-Aug-2026,162.96,163.0,183.0,161.2,180.6,181.14,176.21,57521318,101358.88,264562,8505156,14.79
MSCI360,EQ,11-Aug-2026,10.33,10.33,10.33,10.23,10.32,10.32,10.32,93,0.01,13,89,95.70
MSCIADD,EQ,11-Aug-2026,30.91,30.91,30.91,30.06,30.3,30.29,30.13,20712,6.24,62,18971,91.59
MSCIINDIA,EQ,11-Aug-2026,30.48,30.63,30.63,30.2,30.31,30.32,30.38,8707,2.65,91,7669,88.08
MSPL,EQ,11-Aug-2026,35.6,35.45,35.69,35.21,35.52,35.52,35.44,246900,87.51,1653,161842,65.55
MSTCLTD,EQ,11-Aug-2026,582.25,582.85,584.65,570.0,571.95,571.0,575.09,140926,810.45,5358,78537,55.73
MSUMI,EQ,11-Aug-2026,41.04,41.04,41.35,40.91,41.01,41.01,41.07,4961779,2037.67,31336,2799057,56.41
MTARTECH,BE,11-Aug-2026,6940.0,6890.0,6969.0,6712.0,6850.0,6893.0,6814.81,111621,7606.76,18405,-,-
MTEDUCARE,BE,11-Aug-2026,1.95,2.04,2.04,1.87,2.02,1.99,1.93,48380,0.93,73,-,-
MTNL,EQ,11-Aug-2026,27.51,27.51,27.65,27.28,27.38,27.37,27.47,390253,107.22,2003,217911,55.84
MUFIN,EQ,11-Aug-2026,137.79,137.5,139.4,135.05,135.1,135.98,137.7,1644146,2264.07,9473,630463,38.35
MUFTI,EQ,11-Aug-2026,86.95,87.46,89.0,81.25,83.17,83.26,84.53,326707,276.16,3282,161092,49.31
MUKANDLTD,EQ,11-Aug-2026,141.14,141.3,142.55,139.05,139.95,140.61,140.36,55478,77.87,1169,30967,55.82
MUKKA,EQ,11-Aug-2026,24.01,24.0,24.39,23.5,23.86,23.78,23.9,206415,49.34,1121,122201,59.20
MUKTAARTS,BE,11-Aug-2026,55.0,54.9,57.45,53.1,57.18,57.18,55.08,3781,2.08,29,-,-
MULTICAP,EQ,11-Aug-2026,17.0,17.0,17.04,16.94,16.98,16.97,16.96,135014,22.89,533,117279,86.86
MUNJALAU,EQ,11-Aug-2026,102.11,102.48,103.46,101.33,101.66,102.02,102.14,177064,180.86,2002,70456,39.79
MUNJALSHOW,EQ,11-Aug-2026,136.12,136.21,137.76,133.78,134.8,134.9,135.98,41891,56.96,861,20474,48.87
MURUDCERA,EQ,11-Aug-2026,31.52,31.9,32.19,31.37,31.98,31.79,31.91,25875,8.26,158,23316,90.11
MUTHOOTCAP,EQ,11-Aug-2026,256.12,256.5,261.63,250.41,260.1,259.4,255.85,18874,48.29,719,9671,51.24
MUTHOOTFIN,EQ,11-Aug-2026,2906.0,2920.6,2963.0,2915.0,2915.9,2915.9,2935.72,932507,27375.77,46409,469352,50.33
MUTHOOTMF,EQ,11-Aug-2026,218.45,220.0,222.1,211.9,216.15,218.9,216.94,561958,1219.1,9373,231839,41.26
MVELECTRO,EQ,11-Aug-2026,614.8,622.4,628.75,595.0,597.5,599.45,615.05,1408063,8660.31,27450,360413,25.60
MVGJL,EQ,11-Aug-2026,172.52,169.98,170.0,160.0,162.7,162.21,162.95,146743,239.12,2921,74290,50.63
MVKAGRO,SM,11-Aug-2026,254.2,266.9,266.9,259.0,266.9,266.9,266.43,202800,540.33,270,153600,75.74
MWL,EQ,11-Aug-2026,40.92,41.7,42.4,40.43,41.85,41.93,41.6,673824,280.28,2109,217077,32.22
MYMUDRA,SM,11-Aug-2026,79.95,80.0,80.0,77.0,77.0,77.0,78.57,52800,41.48,32,51600,97.73
NACLIND,EQ,11-Aug-2026,177.98,178.56,180.0,176.01,176.99,176.6,177.66,300700,534.23,6375,127814,42.51
NAGREEKCAP,EQ,11-Aug-2026,23.18,22.33,23.78,22.33,23.25,23.22,23.32,9324,2.17,65,6933,74.36
NAGREEKEXP,EQ,11-Aug-2026,22.22,22.02,25.29,21.9,22.56,22.72,23.11,304348,70.33,1167,139330,45.78
NAHARCAP,EQ,11-Aug-2026,263.94,268.7,270.0,263.75,265.98,264.58,266.45,3338,8.89,93,2640,79.09
NAHARINDUS,EQ,11-Aug-2026,130.44,131.9,131.9,127.0,129.0,128.85,128.75,13857,17.84,273,11052,79.76
NAHARPOLY,EQ,11-Aug-2026,247.5,247.5,253.9,244.6,250.0,250.7,249.14,25399,63.28,458,22244,87.58
NAHARSPING,EQ,11-Aug-2026,307.1,309.35,315.0,305.2,305.2,308.15,309.1,28058,86.73,1232,16212,57.78
NAM-INDIA,EQ,11-Aug-2026,1174.0,1174.2,1182.9,1160.7,1171.3,1171.3,1170.62,827143,9682.68,35360,454958,55.00
NAMOEWASTE,ST,11-Aug-2026,270.0,270.0,270.15,256.5,258.0,259.0,260.64,50400,131.36,60,45600,90.48
NARMADA,EQ,11-Aug-2026,13.67,13.64,13.8,13.4,13.5,13.48,13.54,524202,70.98,1940,241202,46.01
NATCAPSUQ,EQ,11-Aug-2026,170.18,174.38,174.38,160.5,166.1,165.35,164.2,23663,38.85,696,17813,75.28
NATCOPHARM,EQ,11-Aug-2026,910.5,910.45,928.9,903.25,909.0,907.0,915.24,406109,3716.88,27536,165674,40.80
NATHBIOGEN,EQ,11-Aug-2026,156.17,157.22,158.74,155.5,157.0,157.14,156.92,9650,15.14,203,7863,81.48
NATIONALUM,EQ,11-Aug-2026,382.7,387.15,393.7,384.5,388.0,388.0,388.56,8155315,31688.3,75352,3719628,45.61
NATIONSTD,EQ,11-Aug-2026,182.26,173.15,173.15,173.15,173.15,173.15,173.15,1516,2.62,140,1516,100.00
NAUKRI,EQ,11-Aug-2026,1282.0,1297.0,1391.0,1291.1,1360.0,1360.0,1359.24,9948602,135225.09,295265,3787096,38.07
NAVA,EQ,11-Aug-2026,577.15,577.15,579.15,568.1,569.1,569.15,572.42,114431,655.03,6597,68252,59.64
NAVINFLUOR,EQ,11-Aug-2026,8196.5,8204.0,8354.0,8136.5,8175.0,8156.0,8237.38,237800,19588.5,48256,106086,44.61
NAVKARCORP,EQ,11-Aug-2026,100.66,100.2,101.76,99.38,99.99,99.67,99.99,329785,329.75,2726,163793,49.67
NAVKARURB,BE,11-Aug-2026,0.99,1.01,1.03,0.99,1.02,0.99,1.01,494406,4.98,268,-,-
NAVNETEDUL,EQ,11-Aug-2026,132.02,132.02,133.89,130.83,132.5,132.75,131.93,111730,147.4,2894,72835,65.19
NAZARA,EQ,11-Aug-2026,354.5,355.85,359.0,352.15,356.0,355.4,354.77,690517,2449.77,8428,360327,52.18
NBCC,EQ,11-Aug-2026,94.85,94.85,95.03,93.25,93.8,93.8,93.9,5883330,5524.46,28784,2369511,40.27
NBIFIN,EQ,11-Aug-2026,2152.9,2160.0,2199.0,2120.1,2159.4,2160.1,2162.93,356,7.7,118,183,51.40
NCC,EQ,11-Aug-2026,146.45,146.45,146.7,144.31,145.0,144.76,144.86,1196734,1733.57,13017,709733,59.31
NCLIND,EQ,11-Aug-2026,174.08,175.96,175.96,172.0,174.86,173.97,173.99,45882,79.83,2524,38355,83.59
NDGL,EQ,11-Aug-2026,2700.0,2700.0,2727.0,2660.0,2663.0,2717.0,2706.92,61,1.65,21,57,93.44
NDL,EQ,11-Aug-2026,2.32,2.32,2.34,2.28,2.34,2.32,2.31,1513402,35.02,984,1022956,67.59
NDLVENTURE,EQ,11-Aug-2026,129.37,127.45,131.98,127.0,127.0,128.02,128.34,6519,8.37,182,3087,47.35
NDRAUTO,EQ,11-Aug-2026,848.2,830.0,844.85,821.0,825.0,828.65,833.81,12070,100.64,1130,6031,49.97
NDTV,EQ,11-Aug-2026,76.14,77.95,78.98,76.8,77.3,76.95,77.38,101239,78.34,1357,37215,36.76
NEAGI,EQ,11-Aug-2026,3159.4,3160.0,3252.7,3072.0,3072.0,3138.4,3167.41,220,6.97,35,169,76.82
NECCLTD,BE,11-Aug-2026,14.88,15.16,15.16,14.5,14.97,14.67,14.77,53586,7.91,146,-,-
NECLIFE,BE,11-Aug-2026,10.49,10.49,10.7,10.11,10.5,10.5,10.48,242392,25.4,257,-,-
NEELAM,SM,11-Aug-2026,8.15,8.0,8.3,8.0,8.15,8.15,8.14,24000,1.95,4,18000,75.00
NELCAST,EQ,11-Aug-2026,124.75,123.5,124.71,121.42,121.42,121.95,122.88,61377,75.42,1212,34832,56.75
NELCO,EQ,11-Aug-2026,1007.6,1007.6,1019.0,992.1,993.0,995.1,1006.68,291912,2938.61,9758,75022,25.70
NEOCHEM,ST,11-Aug-2026,89.7,89.5,90.5,89.5,90.4,90.4,89.99,12000,10.8,10,12000,100.00
NEOGEN,EQ,11-Aug-2026,2182.8,2185.0,2185.0,2085.5,2090.9,2092.7,2123.29,186543,3960.86,31670,64650,34.66
NEPHROCARE,ST,11-Aug-2026,79.55,83.5,83.5,83.5,83.5,83.5,83.5,37600,31.4,20,37600,100.00
NEPHROPLUS,EQ,11-Aug-2026,697.7,706.1,719.4,692.05,717.0,712.3,710.08,237830,1688.79,17000,130405,54.83
NEPTUNE,SM,11-Aug-2026,189.0,185.0,185.0,180.1,180.1,181.05,183.35,3000,5.5,5,3000,100.00
NESCO,EQ,11-Aug-2026,1045.4,1052.9,1059.4,1038.8,1045.0,1048.3,1045.62,18388,192.27,1857,9628,52.36
NESTLEIND,EQ,11-Aug-2026,1528.6,1531.4,1541.0,1491.3,1493.2,1493.2,1508.69,1955836,29507.43,55279,1160001,59.31
NETF,EQ,11-Aug-2026,267.61,267.61,267.88,266.0,266.8,266.52,266.96,1404,3.75,84,1232,87.75
NETWEB,EQ,11-Aug-2026,4903.0,4903.0,4940.0,4792.5,4860.0,4859.8,4862.43,682980,33209.41,49596,180326,26.40
NETWORK18,EQ,11-Aug-2026,29.32,29.25,29.49,29.02,29.16,29.14,29.22,1551330,453.28,6777,882023,56.86
NEUEON,BE,11-Aug-2026,14.1,13.41,14.8,13.41,14.8,14.8,14.7,70387,10.35,92,-,-
NEULANDLAB,EQ,11-Aug-2026,22216.0,22300.0,23123.0,22281.0,23006.0,22955.0,22767.65,105018,23910.13,42164,39478,37.59
NEWGEN,EQ,11-Aug-2026,563.2,560.5,569.6,553.0,554.95,555.1,558.84,584006,3263.64,17727,193800,33.18
NEWJAISA,ST,11-Aug-2026,16.5,16.8,16.8,16.8,16.8,16.8,16.8,9000,1.51,4,9000,100.00
NEXT30ADD,EQ,11-Aug-2026,44.2,44.16,44.2,43.95,44.2,44.0,44.1,15275,6.74,57,14345,93.91
NEXT50,EQ,11-Aug-2026,771.91,775.77,775.77,768.51,771.04,771.15,770.6,14145,109.0,912,9343,66.05
NEXT50ADD,EQ,11-Aug-2026,75.27,74.9,75.18,74.73,74.99,74.99,75.0,341,0.26,15,284,83.28
NEXT50BETA,EQ,11-Aug-2026,80.5,82.51,82.51,80.12,80.55,80.43,80.5,52944,42.62,664,30717,58.02
NEXT50ETF,EQ,11-Aug-2026,75.42,75.3,75.42,74.97,75.42,75.22,75.1,37953,28.5,88,35325,93.08
NEXT50IETF,EQ,11-Aug-2026,78.94,78.19,79.2,78.19,78.85,78.79,78.76,708323,557.91,5202,445996,62.97
NEXTMEDIA,EQ,11-Aug-2026,3.8,3.8,3.95,3.62,3.7,3.7,3.76,8188,0.31,69,7151,87.34
NFL,EQ,11-Aug-2026,72.47,72.3,72.5,71.75,71.91,71.95,72.03,321268,231.41,2559,186506,58.05
NFPSAMPOOR,SM,11-Aug-2026,23.3,22.5,23.0,22.5,22.55,22.55,22.6,18000,4.07,9,10000,55.56
NGIL,BE,11-Aug-2026,39.68,39.69,41.66,37.7,41.6,41.52,39.86,187400,74.69,211,-,-
NGLFINE,EQ,11-Aug-2026,3457.8,3490.5,3525.0,3425.5,3450.0,3447.7,3466.56,4992,173.05,1277,2635,52.78
NH,EQ,11-Aug-2026,1834.6,1848.0,1863.0,1825.9,1852.0,1848.8,1848.14,631597,11672.77,53661,445889,70.60
NHIT,IV,11-Aug-2026,171.0,171.0,171.0,171.0,171.0,171.0,171.0,25000,42.75,1,25000,100.00
NHPC,EQ,11-Aug-2026,77.2,77.0,77.15,76.12,76.95,76.95,76.51,6122300,4684.05,23116,3014182,49.23
NIACL,EQ,11-Aug-2026,179.56,180.0,180.99,177.31,179.6,179.37,179.13,828920,1484.88,12984,210211,25.36
NIBE,EQ,11-Aug-2026,1399.5,1420.5,1447.0,1402.1,1438.0,1434.2,1430.71,65213,933.01,5471,36668,56.23
NIBL,EQ,11-Aug-2026,32.86,33.02,33.68,32.86,33.58,33.34,33.37,25742,8.59,577,9431,36.64
NIDAN,SM,11-Aug-2026,13.4,13.1,13.75,13.1,13.25,13.25,13.38,6000,0.8,6,3000,50.00
NIF100BEES,EQ,11-Aug-2026,273.47,273.47,273.93,271.5,272.84,272.16,271.97,20860,56.73,635,14018,67.20
NIF100IETF,EQ,11-Aug-2026,28.71,28.8,28.99,28.59,28.6,28.67,28.68,55686,15.97,1351,36785,66.06
NIFTY1,EQ,11-Aug-2026,272.85,272.85,275.58,271.52,271.7,272.06,271.78,103726,281.91,1306,87708,84.56
NIFTY100EW,EQ,11-Aug-2026,36.06,36.78,36.78,35.9,35.92,35.95,35.97,303715,109.24,210,292826,96.41
NIFTYADD,EQ,11-Aug-2026,259.24,259.24,259.24,257.55,258.24,258.11,257.75,12853,33.13,139,11647,90.62
NIFTYAXIS,EQ,11-Aug-2026,272.45,279.26,279.26,270.61,271.5,271.21,271.13,88731,240.57,189,76639,86.37
NIFTYBEES,EQ,11-Aug-2026,280.46,281.0,281.0,277.1,279.31,279.13,278.95,6563173,18308.11,41983,2478344,37.76
NIFTYBETA,EQ,11-Aug-2026,272.76,270.55,272.71,270.55,271.85,271.72,271.7,33423,90.81,469,17711,52.99
NIFTYBETF,EQ,11-Aug-2026,253.25,252.51,252.63,251.3,251.48,251.51,251.82,1409,3.55,60,919,65.22
NIFTYCASE,EQ,11-Aug-2026,9.85,9.99,9.99,9.62,9.81,9.82,9.83,1055784,103.8,1492,533473,50.53
NIFTYETF,EQ,11-Aug-2026,267.72,268.3,268.3,265.85,266.55,266.57,266.47,179362,477.95,1070,122350,68.21
NIFTYIETF,EQ,11-Aug-2026,279.5,286.48,286.48,277.12,277.83,277.66,277.68,240511,667.85,10990,191648,79.68
NIFTYQLITY,EQ,11-Aug-2026,22.06,22.17,22.17,21.93,21.93,21.98,22.02,33639,7.41,398,27022,80.33
NIITLTD,EQ,11-Aug-2026,96.34,96.49,96.49,92.21,96.0,95.44,94.58,381775,361.09,3849,195276,51.15
NIITMTS,EQ,11-Aug-2026,249.81,250.0,252.79,245.0,245.1,245.48,247.09,80081,197.87,2977,46369,57.90
NIKITA,SM,11-Aug-2026,73.1,74.0,74.0,70.0,72.0,71.85,72.15,25200,18.18,9,25200,100.00
NILAINFRA,EQ,11-Aug-2026,7.42,7.5,7.5,7.29,7.35,7.37,7.35,123383,9.07,291,82809,67.12
NILASPACES,EQ,11-Aug-2026,11.93,11.93,12.75,11.8,12.28,12.24,12.41,670193,83.16,1707,342878,51.16
NILE,EQ,11-Aug-2026,1483.4,1445.7,1549.0,1445.7,1530.0,1515.7,1503.38,9000,135.3,1269,4824,53.60
NILKAMAL,EQ,11-Aug-2026,1731.3,1725.8,1894.0,1721.0,1875.0,1868.6,1820.2,139943,2547.24,12735,60693,43.37
NIMBSPROJ,EQ,11-Aug-2026,178.0,181.0,185.98,181.0,185.49,185.49,182.31,59,0.11,4,59,100.00
NINSYS,EQ,11-Aug-2026,740.7,704.0,762.3,704.0,735.95,730.65,728.57,1954,14.24,249,939,48.06
NIPPOBATRY,EQ,11-Aug-2026,325.4,325.4,335.0,325.4,334.3,332.5,330.81,2838,9.39,253,2343,82.56
NIRAJ,BE,11-Aug-2026,29.37,29.5,29.6,28.6,29.29,29.03,29.17,48474,14.14,100,-,-
NIRAJISPAT,EQ,11-Aug-2026,199.41,201.0,211.0,199.41,211.0,211.0,202.72,25,0.05,7,24,96.00
NIRLON,EQ,11-Aug-2026,633.2,633.6,647.4,633.6,641.85,640.1,641.33,6982,44.78,499,2700,38.67
NIRMAN,SM,11-Aug-2026,33.0,35.95,36.25,33.0,34.0,34.15,34.7,64500,22.38,127,49200,76.28
NITCO,EQ,11-Aug-2026,96.91,97.55,100.39,95.56,96.81,97.14,97.74,526651,514.73,4530,275538,52.32
NITINSPIN,EQ,11-Aug-2026,558.75,558.75,569.4,558.75,562.55,564.15,564.76,75361,425.61,3385,35471,47.07
NITIRAJ,EQ,11-Aug-2026,210.61,214.8,214.8,205.0,205.45,209.51,207.65,2151,4.47,118,1094,50.86
NITTAGELA,EQ,11-Aug-2026,1681.7,1645.2,1680.1,1600.0,1634.8,1611.9,1625.59,9470,153.94,1445,6242,65.91
NIVABUPA,EQ,11-Aug-2026,86.39,85.75,86.38,84.61,85.0,85.47,85.16,1270871,1082.28,10211,827514,65.11
NKIND,EQ,11-Aug-2026,63.99,62.2,62.9,60.0,60.05,60.05,61.93,943,0.58,33,890,94.38
NLCINDIA,EQ,11-Aug-2026,285.35,286.05,287.85,280.2,284.95,286.05,284.16,2444934,6947.43,33736,1144131,46.80
NMDC,EQ,11-Aug-2026,85.48,85.5,86.44,84.81,85.45,85.45,85.34,14097831,12031.41,44027,8038965,57.02
NMSTEEL,SM,11-Aug-2026,24.05,23.1,23.1,23.1,23.1,23.1,23.1,1600,0.37,1,1600,100.00
NOCIL,EQ,11-Aug-2026,167.06,167.8,168.37,165.73,165.86,165.96,166.4,199083,331.27,3110,106311,53.40
NOIDATOLL,BE,11-Aug-2026,4.22,4.17,4.2,4.01,4.14,4.15,4.11,115532,4.74,266,-,-
NORBTEAEXP,EQ,11-Aug-2026,66.93,63.65,66.4,63.65,64.21,64.45,64.93,1156,0.75,24,909,78.63
NORTHARC,EQ,11-Aug-2026,285.35,285.95,287.7,281.0,282.85,282.3,284.5,562573,1600.54,14398,324154,57.62
NOVAAGRI,BE,11-Aug-2026,24.32,25.19,25.19,24.1,24.3,24.3,24.38,24502,5.97,137,-,-
NOVARTIND,EQ,11-Aug-2026,1607.4,1618.9,1618.9,1572.1,1603.0,1593.7,1588.55,7968,126.58,1058,4727,59.32
NPBET,EQ,11-Aug-2026,290.75,285.0,289.4,282.79,286.4,283.63,283.81,1826,5.18,78,1641,89.87
NPST,EQ,11-Aug-2026,1564.9,1569.9,1600.0,1520.1,1546.4,1535.1,1572.15,35238,553.99,2893,20813,59.06
NRAIL,EQ,11-Aug-2026,527.75,527.1,527.1,518.95,519.1,519.9,522.44,8056,42.09,490,6319,78.44
NRBBEARING,EQ,11-Aug-2026,478.25,483.0,483.0,452.05,454.9,455.25,466.94,693246,3237.04,19470,331262,47.78
NRL,BE,11-Aug-2026,115.02,114.0,117.32,114.0,117.32,117.32,117.25,79995,93.79,208,-,-
NRVANDANA,ST,11-Aug-2026,68.25,68.2,68.2,68.2,68.2,68.2,68.2,36000,24.55,10,36000,100.00
NSIL,EQ,11-Aug-2026,5711.0,5661.0,5761.0,5600.0,5601.0,5609.0,5647.19,1708,96.45,418,875,51.23
NSLNISP,EQ,11-Aug-2026,44.67,44.67,44.95,44.01,44.2,44.15,44.32,1772886,785.78,9089,1011534,57.06
NTPC,EQ,11-Aug-2026,340.45,339.6,340.4,336.05,338.45,338.45,337.52,10043994,33900.31,86664,6692141,66.63
NTPCGREEN,EQ,11-Aug-2026,91.88,91.85,93.29,91.36,93.0,93.01,92.57,3179422,2943.17,17955,2074092,65.23
NUCLEUS,EQ,11-Aug-2026,699.95,695.0,709.55,685.0,693.3,691.7,692.16,21634,149.74,1500,13978,64.61
NURECA,BE,11-Aug-2026,334.25,334.25,334.25,317.7,323.0,324.1,326.22,12596,41.09,287,-,-
NUVAMA,EQ,11-Aug-2026,1635.6,1641.5,1714.2,1639.7,1709.0,1706.7,1695.86,536662,9101.05,32994,283575,52.84
NUVOCO,EQ,11-Aug-2026,337.9,336.0,342.45,330.1,330.8,331.25,333.49,259991,867.04,11156,141677,54.49
NV20,EQ,11-Aug-2026,14.29,14.33,14.33,14.19,14.29,14.23,14.23,32924,4.69,163,19352,58.78
NV20BEES,EQ,11-Aug-2026,142.47,143.08,143.08,141.65,141.65,141.8,141.9,28506,40.45,193,14163,49.68
NV20IETF,EQ,11-Aug-2026,13.9,14.18,14.18,13.82,13.88,13.85,13.86,233363,32.34,1599,133424,57.17
NXST,RR,11-Aug-2026,168.93,169.29,169.3,168.0,168.08,168.41,168.8,154533,260.84,2245,128864,83.39
NYKAA,EQ,11-Aug-2026,323.7,324.5,326.3,320.75,325.0,325.0,323.1,7891934,25499.08,55561,5137757,65.10
OAL,EQ,11-Aug-2026,378.35,379.3,383.85,370.65,375.5,378.65,375.51,23788,89.33,481,17773,74.71
OBCL,EQ,11-Aug-2026,53.48,53.49,53.88,52.11,53.49,52.72,52.55,55302,29.06,90,53380,96.52
OBEROIRLTY,EQ,11-Aug-2026,1793.0,1801.0,1806.9,1784.2,1793.6,1793.6,1795.51,134987,2423.7,11866,61909,45.86
OBSCP,SM,11-Aug-2026,782.9,782.9,782.9,751.55,757.0,760.15,763.08,41200,314.39,97,24800,60.19
OCCLLTD,BE,11-Aug-2026,156.19,157.98,159.6,150.0,156.0,155.88,156.09,57244,89.35,408,-,-
ODIGMA,EQ,11-Aug-2026,22.73,22.84,23.0,22.6,22.62,22.62,22.73,8833,2.01,256,7022,79.50
OFSS,EQ,11-Aug-2026,11890.0,11900.0,11968.0,11675.0,11896.0,11896.0,11798.3,241198,28457.26,33923,123883,51.36
OIL,EQ,11-Aug-2026,453.0,464.3,484.0,460.45,470.35,470.35,474.74,11117093,52777.57,129281,3271425,29.43
OILCOUNTUB,BE,11-Aug-2026,61.0,62.6,62.6,59.5,60.51,60.51,61.05,8698,5.31,78,-,-
OILIETF,EQ,11-Aug-2026,11.43,11.4,11.48,11.39,11.41,11.41,11.45,3608169,413.25,1932,2304680,63.87
OLAELEC,EQ,11-Aug-2026,39.3,39.49,40.55,39.49,39.8,39.66,39.9,35661768,14227.35,74361,6281909,17.62
OLECTRA,EQ,11-Aug-2026,1368.3,1375.0,1416.6,1370.0,1396.0,1391.6,1401.34,662304,9281.15,28188,327533,49.45
OLIL,SM,11-Aug-2026,429.0,428.0,428.0,415.0,416.0,416.8,417.36,25200,105.17,14,24000,95.24
OMAXAUTO,EQ,11-Aug-2026,201.43,208.0,208.99,200.99,203.6,203.92,204.63,141858,290.29,2073,72367,51.01
OMAXE,EQ,11-Aug-2026,84.9,84.11,85.41,82.83,82.91,83.03,83.52,243610,203.47,3227,163672,67.19
OMFREIGHT,BE,11-Aug-2026,92.61,89.5,95.5,89.5,94.03,94.24,93.4,19516,18.23,224,-,-
OMFURN,SM,11-Aug-2026,60.15,57.7,59.95,57.7,59.95,59.95,58.83,2400,1.41,2,1200,50.00
OMINFRAL,EQ,11-Aug-2026,87.53,87.53,88.6,86.0,86.45,86.26,87.03,53837,46.86,1165,31724,58.93
OMNI,EQ,11-Aug-2026,552.85,561.6,608.8,548.25,600.0,598.25,588.04,9692722,56996.8,197893,863390,8.91
OMPOWER,EQ,11-Aug-2026,170.16,171.41,172.9,167.56,169.97,168.9,170.71,72428,123.64,1245,45584,62.94
ONDOOR,SM,11-Aug-2026,249.75,259.95,259.95,240.0,240.0,241.0,244.51,7800,19.07,26,4500,57.69
ONELIFECAP,BE,11-Aug-2026,33.5,32.0,34.85,31.83,32.0,31.96,32.54,180203,58.63,338,-,-
ONEPOINT,EQ,11-Aug-2026,58.81,57.75,59.8,57.7,58.9,58.87,58.78,724512,425.87,4092,437825,60.43
ONESOURCE,EQ,11-Aug-2026,1575.4,1590.0,1615.9,1570.2,1595.0,1598.9,1590.83,356777,5675.71,21102,193318,54.18
ONGC,EQ,11-Aug-2026,239.84,241.0,243.65,239.45,239.45,239.45,241.08,16004168,38582.32,202113,8778654,54.85
ONIDA,EQ,11-Aug-2026,38.97,39.7,39.74,38.2,38.3,38.43,38.93,359735,140.04,1014,265191,73.72
ONMOBILE,BE,11-Aug-2026,68.31,66.95,66.95,66.95,66.95,66.95,66.95,9257,6.2,98,-,-
ONWARDTEC,EQ,11-Aug-2026,284.75,288.2,288.35,283.6,287.0,286.05,284.85,24291,69.19,795,13809,56.85
ONYX,ST,11-Aug-2026,46.0,43.9,43.9,43.7,43.7,43.7,43.74,10000,4.37,5,8000,80.00
OPTIEMUS,EQ,11-Aug-2026,559.1,557.2,560.55,542.0,545.8,543.95,548.95,155951,856.1,5424,81381,52.18
OPTIVALUE,ST,11-Aug-2026,156.0,159.5,162.0,150.0,155.0,152.45,154.75,172800,267.41,86,152000,87.96
ORBTEXP,BE,11-Aug-2026,265.35,278.61,278.61,268.0,275.5,274.71,277.09,57877,160.37,357,-,-
ORCHASP,EQ,11-Aug-2026,1.52,1.52,1.6,1.51,1.55,1.53,1.54,134622,2.08,237,76497,56.82
ORCHPHARMA,EQ,11-Aug-2026,1079.15,1100.0,1133.0,1070.0,1078.0,1078.55,1109.92,188232,2089.22,16236,74994,39.84
ORIANA,SM,11-Aug-2026,1421.25,1412.3,1439.9,1380.5,1388.0,1391.4,1399.41,41025,574.11,451,26400,64.35
ORICONENT,EQ,11-Aug-2026,53.29,52.51,53.98,52.51,53.0,52.91,53.1,13089,6.95,268,9735,74.38
ORIENTALTL,EQ,11-Aug-2026,5.18,5.17,5.2,5.05,5.16,5.1,5.13,41662,2.14,276,28447,68.28
ORIENTBELL,EQ,11-Aug-2026,326.1,321.0,367.0,315.2,364.0,352.5,350.09,157269,550.58,4160,52212,33.20
ORIENTCEM,EQ,11-Aug-2026,137.27,137.0,137.0,133.8,134.8,134.13,134.91,341696,460.99,3714,188978,55.31
ORIENTCER,EQ,11-Aug-2026,42.77,43.19,44.5,42.73,42.94,42.9,43.28,83872,36.3,553,57370,68.40
ORIENTELEC,EQ,11-Aug-2026,189.75,189.9,191.7,186.3,190.88,190.68,189.91,285838,542.84,5568,155434,54.38
ORIENTHOT,EQ,11-Aug-2026,126.12,125.25,129.55,123.5,128.95,128.39,126.67,317151,401.74,3498,130881,41.27
ORIENTLTD,BE,11-Aug-2026,78.5,78.5,80.0,78.02,78.02,78.02,79.19,2295,1.82,29,-,-
ORIENTPPR,EQ,11-Aug-2026,17.52,17.52,17.66,17.5,17.5,17.52,17.56,93844,16.48,519,65880,70.20
ORIENTTECH,EQ,11-Aug-2026,259.05,259.15,270.15,257.1,258.7,258.75,262.56,352080,924.42,7338,133144,37.82
ORISSAMINE,EQ,11-Aug-2026,4450.7,4450.0,4530.0,4422.0,4520.6,4504.8,4480.62,9737,436.28,1882,5774,59.30
ORKLAINDIA,EQ,11-Aug-2026,567.8,569.0,569.75,552.1,556.95,555.0,558.79,82024,458.34,7194,53177,64.83
ORTEL,BZ,11-Aug-2026,2.3,2.32,2.32,2.19,2.19,2.19,2.19,5910,0.13,14,-,-
ORTINGLOBE,EQ,11-Aug-2026,14.63,14.7,15.25,14.7,15.15,15.14,15.14,7644,1.16,38,7121,93.16
OSELDEVICE,SM,11-Aug-2026,375.9,372.1,408.75,372.1,399.85,403.15,397.51,78200,310.85,221,55400,70.84
OSIAHYPER,BE,11-Aug-2026,2.68,2.72,2.72,2.63,2.65,2.63,2.66,574954,15.28,503,-,-
OSWALAGRO,EQ,11-Aug-2026,38.84,38.12,39.46,37.5,37.65,37.85,38.14,55999,21.36,855,42393,75.70
OSWALGREEN,EQ,11-Aug-2026,21.72,21.6,21.98,21.26,21.49,21.48,21.5,82927,17.83,678,54304,65.48
OSWALPUMPS,EQ,11-Aug-2026,306.3,308.0,311.45,302.4,306.9,306.35,306.3,715406,2191.3,13735,331297,46.31
OSWALSEEDS,EQ,11-Aug-2026,10.49,10.49,10.64,10.3,10.36,10.36,10.51,35493,3.73,157,34044,95.92
OWAIS,ST,11-Aug-2026,89.2,89.5,90.0,86.5,88.5,88.5,88.49,32900,29.11,164,27800,84.50
PACEDIGITK,EQ,11-Aug-2026,178.15,178.15,186.2,176.31,183.0,183.55,182.51,1327003,2421.85,13186,547192,41.24
PAGEIND,EQ,11-Aug-2026,38660.0,38550.0,38795.0,38020.0,38440.0,38440.0,38456.01,20292,7803.49,9232,8603,42.40
PAISALO,EQ,11-Aug-2026,69.94,70.5,70.86,68.85,69.08,69.31,69.64,6123344,4264.18,10797,4211062,68.77
PAKKA,EQ,11-Aug-2026,71.86,72.8,72.8,70.55,71.0,71.07,71.72,23431,16.8,337,16386,69.93
PALASHSECU,EQ,11-Aug-2026,90.66,92.0,94.39,86.21,92.45,92.45,89.57,3569,3.2,108,2367,66.32
PALREDTEC,BE,11-Aug-2026,47.55,47.6,49.9,47.25,49.76,49.18,47.93,8794,4.22,36,-,-
PANACEABIO,EQ,11-Aug-2026,404.3,406.9,409.5,399.8,400.0,402.2,403.93,93131,376.19,2358,55118,59.18
PANACHE,BE,11-Aug-2026,481.45,457.55,505.5,457.4,505.5,503.05,491.45,49869,245.08,476,-,-
PANAMAPET,EQ,11-Aug-2026,528.85,540.0,550.0,517.75,547.0,545.5,534.94,443456,2372.22,16642,199969,45.09
PANSARI,EQ,11-Aug-2026,321.75,322.05,322.1,305.0,315.0,314.9,312.26,3666,11.45,98,2937,80.11
PAR,EQ,11-Aug-2026,103.53,105.9,105.9,99.25,99.3,100.4,102.32,15069,15.42,287,8554,56.77
PARACABLES,EQ,11-Aug-2026,67.37,67.6,69.3,66.76,68.0,67.89,68.08,1069500,728.15,7124,533098,49.85
PARADEEP,EQ,11-Aug-2026,149.87,150.0,153.4,149.64,151.9,151.8,151.97,2923896,4443.51,23741,1313417,44.92
PARAGMILK,EQ,11-Aug-2026,219.88,220.0,221.5,218.0,219.0,219.27,219.58,299143,656.86,4646,170389,56.96
PARAGON,SM,11-Aug-2026,49.9,49.9,49.9,48.6,48.6,48.6,49.47,3600,1.78,2,3600,100.00
PARAS,EQ,11-Aug-2026,1267.5,1272.0,1292.0,1260.6,1283.0,1284.0,1278.22,540285,6906.0,23599,163692,30.30
PARASPETRO,EQ,11-Aug-2026,2.47,2.41,2.59,2.41,2.47,2.49,2.5,81809,2.05,284,53743,65.69
PARIN,SM,11-Aug-2026,710.0,710.0,714.0,690.0,704.5,701.25,702.96,1500,10.54,6,500,33.33
PARKHOSPS,EQ,11-Aug-2026,289.15,293.0,298.05,273.9,283.0,282.55,284.89,1314201,3744.05,19897,555755,42.29
PARKHOTELS,EQ,11-Aug-2026,120.75,120.0,120.21,118.05,118.65,118.63,119.07,115338,137.34,1618,79384,68.83
PARSVNATH,BE,11-Aug-2026,1.62,1.59,1.59,1.59,1.59,1.59,1.59,198765,3.16,137,-,-
PARTH,SM,11-Aug-2026,507.0,515.0,515.0,500.0,515.0,507.6,505.88,5200,26.31,13,4800,92.31
PARTYCRUS,SM,11-Aug-2026,89.0,89.0,89.0,84.6,84.6,86.55,87.29,10000,8.73,9,10000,100.00
PASHUPATI,EQ,11-Aug-2026,83.76,84.94,85.0,83.7,84.3,84.15,84.31,9597,8.09,1316,5196,54.14
PASUPTAC,BE,11-Aug-2026,65.27,65.2,65.2,63.11,64.25,63.98,64.06,105429,67.54,470,-,-
PATANJALI,EQ,11-Aug-2026,355.0,355.0,362.9,348.4,353.0,353.0,355.85,8725259,31048.78,43404,5004264,57.35
PATELENG,EQ,11-Aug-2026,29.54,29.84,30.4,29.7,30.3,30.26,30.12,7105213,2139.97,15997,3214985,45.25
PATELRMART,EQ,11-Aug-2026,219.44,219.9,227.0,219.9,225.0,225.96,224.76,76158,171.17,2117,43743,57.44
PATILAUTOM,ST,11-Aug-2026,217.0,215.05,226.0,212.05,225.0,223.75,218.81,55800,122.1,74,54600,97.85
PATINTLOG,BE,11-Aug-2026,14.17,14.73,14.73,13.9,14.25,14.23,14.12,24656,3.48,141,-,-
PAUSHAKLTD,EQ,11-Aug-2026,695.2,690.1,714.0,685.25,694.0,689.1,699.05,34654,242.25,1934,14853,42.86
PAVNAIND,EQ,11-Aug-2026,19.02,18.81,19.5,18.52,18.95,18.66,19.03,55443,10.55,375,32823,59.20
PAYTM,EQ,11-Aug-2026,1584.1,1593.5,1639.9,1576.1,1593.7,1593.7,1609.28,8421264,135521.44,244233,3022443,35.89
PCBL,EQ,11-Aug-2026,323.4,324.45,325.4,317.65,323.2,322.15,321.32,930929,2991.27,12394,504945,54.24
PCCL,SM,11-Aug-2026,304.85,303.0,312.0,299.1,309.9,309.85,304.69,26400,80.44,40,13200,50.00
PCJEWELLER,EQ,11-Aug-2026,9.82,10.2,10.57,9.87,9.95,9.97,10.21,589168362,60145.99,191158,111041913,18.85
PDMJEPAPER,EQ,11-Aug-2026,97.81,98.53,99.98,88.26,89.7,89.91,93.56,948754,887.65,8802,295079,31.10
PDSL,EQ,11-Aug-2026,382.25,382.25,384.65,375.0,376.9,376.5,379.03,112403,426.04,5093,69888,62.18
PEARLPOLY,EQ,11-Aug-2026,16.35,17.0,17.0,16.31,16.61,16.51,16.51,8145,1.34,38,5543,68.05
PELATRO,SM,11-Aug-2026,280.0,280.0,299.5,280.0,293.85,293.9,292.18,3600,10.52,12,3000,83.33
PENIND,EQ,11-Aug-2026,161.49,161.5,161.51,158.98,159.3,159.31,159.6,244313,389.92,2760,164223,67.22
PENINLAND,BE,11-Aug-2026,15.8,15.81,15.81,15.81,15.81,15.81,15.81,25659,4.06,53,-,-
PENTAGON,SM,11-Aug-2026,51.15,52.05,52.05,52.05,52.05,52.05,52.05,1000,0.52,1,1000,100.00
PERSISTENT,EQ,11-Aug-2026,5474.0,5474.0,5544.0,5430.5,5536.0,5536.0,5516.23,339035,18701.95,33282,154737,45.64
PETRONET,EQ,11-Aug-2026,280.0,279.15,279.15,273.4,277.0,277.0,276.47,1059438,2929.08,23034,417911,39.45
PFC,EQ,11-Aug-2026,385.15,386.0,387.0,380.15,381.0,381.0,382.57,10884187,41640.09,134828,6107402,56.11
PFIZER,EQ,11-Aug-2026,4877.6,4877.5,4913.1,4840.0,4881.5,4898.5,4885.02,30220,1476.25,10334,21202,70.16
PFOCUS,EQ,11-Aug-2026,283.05,283.95,286.4,279.2,282.2,281.55,282.31,263710,744.49,6968,110613,41.94
PFS,EQ,11-Aug-2026,28.77,28.75,28.99,28.75,28.75,28.76,28.8,342328,98.6,1553,243806,71.22
PGEL,EQ,11-Aug-2026,621.8,622.0,627.0,613.1,616.0,616.0,618.69,1307957,8092.16,21251,253839,19.41
PGHH,EQ,11-Aug-2026,8482.0,8482.0,8519.0,8439.0,8448.0,8455.0,8467.61,11293,956.25,2379,6920,61.28
PGHL,EQ,11-Aug-2026,5966.0,6005.0,6059.5,5970.0,6050.0,6031.5,6014.03,11497,691.43,3269,7117,61.90
PGIL,EQ,11-Aug-2026,2428.9,2420.0,2475.0,2386.2,2433.0,2434.9,2442.78,108038,2639.13,12905,39103,36.19
PGINVIT,IV,11-Aug-2026,99.98,100.26,100.49,99.93,100.04,99.97,100.04,1259422,1259.95,9507,1104923,87.73
PHANTOMFX,SM,11-Aug-2026,148.55,147.0,156.0,143.0,143.0,143.6,150.88,32700,49.34,78,26400,80.73
PHARMABEES,EQ,11-Aug-2026,27.24,27.92,27.92,27.19,27.5,27.49,27.38,3219176,881.38,8968,2011121,62.47
PHOENIXLTD,EQ,11-Aug-2026,1935.0,1939.5,1939.5,1905.7,1908.7,1908.7,1924.95,261975,5042.9,23730,149802,57.18
PICCADIL,EQ,11-Aug-2026,768.8,768.8,809.7,755.15,790.0,778.25,786.55,772512,6076.16,30571,263809,34.15
PIDILITIND,EQ,11-Aug-2026,1685.0,1684.0,1686.3,1663.6,1685.8,1685.8,1674.61,1131653,18950.82,53421,791428,69.94
PIGL,EQ,11-Aug-2026,109.5,111.1,111.91,107.02,110.0,110.33,109.67,74563,81.77,719,34874,46.77
PIIND,EQ,11-Aug-2026,2751.6,2752.0,2783.5,2711.6,2730.0,2730.0,2746.04,221971,6095.42,17290,112912,50.87
PILANIINVS,EQ,11-Aug-2026,4364.2,4364.2,4420.0,4310.5,4380.0,4390.3,4369.68,4330,189.21,354,3404,78.61
PILITA,EQ,11-Aug-2026,8.53,8.5,8.7,8.3,8.5,8.37,8.45,28394,2.4,111,26904,94.75
PINELABS,EQ,11-Aug-2026,161.94,162.73,171.8,159.77,167.35,167.58,167.18,50029710,83640.01,234318,16036605,32.05
PIONEEREMB,EQ,11-Aug-2026,22.84,22.85,23.33,22.7,23.0,22.84,22.82,4037,0.92,39,3552,87.99
PIONRINV,BE,11-Aug-2026,87.63,90.0,90.0,88.99,89.0,89.0,89.2,500,0.45,14,-,-
PIRAMALFIN,EQ,11-Aug-2026,2100.7,2120.0,2120.2,2075.6,2114.0,2114.7,2106.92,144121,3036.52,12003,84933,58.93
PITTIENG,EQ,11-Aug-2026,964.6,972.9,980.0,937.8,980.0,960.35,957.21,60883,582.78,4175,31429,51.62
PIXTRANS,EQ,11-Aug-2026,1986.5,2068.0,2089.0,1960.0,1966.0,1983.0,2036.83,257838,5251.73,22332,46488,18.03
PKTEA,EQ,11-Aug-2026,698.3,710.0,710.0,650.0,653.2,673.75,678.71,149,1.01,33,135,90.60
PLASTIBLEN,EQ,11-Aug-2026,198.44,198.69,209.14,198.0,204.6,204.51,204.67,188013,384.81,3753,83680,44.51
PLATIND,EQ,11-Aug-2026,228.19,220.01,224.5,214.45,216.11,215.49,216.71,217369,471.05,7104,110430,50.80
PLAZACABLE,EQ,11-Aug-2026,46.4,47.9,48.72,45.45,48.72,48.72,47.92,101490,48.64,631,78331,77.18
PML,EQ,11-Aug-2026,502.15,511.9,511.9,497.15,508.8,508.8,509.71,139,0.71,7,122,87.77
PNB,EQ,11-Aug-2026,113.5,113.5,114.3,112.3,114.03,114.03,113.58,14258368,16194.55,50735,8027936,56.30
PNBGILTS,EQ,11-Aug-2026,80.87,80.99,81.44,80.0,80.39,80.13,80.62,171820,138.52,1843,109659,63.82
PNBHOUSING,EQ,11-Aug-2026,1149.3,1153.0,1155.5,1135.7,1142.1,1142.1,1145.25,382464,4380.19,18066,186878,48.86
PNC,EQ,11-Aug-2026,19.47,19.56,19.79,18.8,18.84,19.1,19.09,31158,5.95,418,26040,83.57
PNCINFRA,EQ,11-Aug-2026,210.4,210.0,223.75,206.5,223.0,222.4,217.1,1346533,2923.3,22668,377824,28.06
PNGJL,EQ,11-Aug-2026,637.65,635.05,642.6,624.0,632.45,630.4,632.6,354583,2243.09,14175,194804,54.94
PNGSREVA,EQ,11-Aug-2026,515.75,517.9,574.05,511.65,558.0,560.4,556.81,1092713,6084.31,36554,239150,21.89
POCL,EQ,11-Aug-2026,483.25,484.2,505.7,479.9,493.5,492.9,494.05,580508,2868.0,17532,255423,44.00
PODDARMENT,EQ,11-Aug-2026,265.25,268.25,274.0,266.0,274.0,272.95,270.64,7334,19.85,313,4555,62.11
POKARNA,EQ,11-Aug-2026,959.0,958.0,985.0,940.2,985.0,979.35,961.57,89786,863.35,5321,39141,43.59
POLICYBZR,EQ,11-Aug-2026,1630.0,1620.0,1747.0,1618.0,1733.0,1733.0,1699.45,3116309,52960.06,102807,1214408,38.97
POLYCAB,EQ,11-Aug-2026,9275.0,9275.0,9319.5,9025.0,9125.0,9125.0,9090.83,357090,32462.43,50627,172094,48.19
POLYMED,EQ,11-Aug-2026,1772.4,1790.0,1897.0,1790.0,1868.0,1863.9,1861.39,1023997,19060.6,81320,390387,38.12
POLYPLEX,EQ,11-Aug-2026,1179.7,1193.4,1235.3,1183.0,1235.0,1229.6,1217.09,461852,5621.17,19942,224901,48.70
POLYSIL,SM,11-Aug-2026,78.75,82.65,82.65,82.65,82.65,82.65,82.65,3000,2.48,4,3000,100.00
PONNIERODE,EQ,11-Aug-2026,334.8,339.0,339.0,327.55,329.75,329.85,330.41,14866,49.12,489,9825,66.09
POONAWALLA,EQ,11-Aug-2026,476.7,477.15,488.4,474.1,487.25,487.2,482.16,1133685,5466.16,33765,518183,45.71
POSITRON,SM,11-Aug-2026,170.8,170.8,170.8,163.5,165.5,167.7,166.17,5700,9.47,17,4800,84.21
POWERGRID,EQ,11-Aug-2026,270.1,270.0,270.8,266.65,267.95,267.95,267.88,7553241,20233.85,59015,4658025,61.67
POWERICA,EQ,11-Aug-2026,536.75,538.8,549.75,522.05,529.7,528.35,531.88,341355,1815.61,14256,222189,65.09
POWERINDIA,EQ,11-Aug-2026,36050.0,36230.0,36590.0,34730.0,35000.0,35000.0,35279.19,215956,76187.52,60587,72207,33.44
POWERMECH,EQ,11-Aug-2026,2530.6,2526.8,2550.9,2422.5,2425.0,2442.3,2483.51,97060,2410.49,9423,56406,58.11
PPAP,BE,11-Aug-2026,305.3,290.05,296.25,290.05,290.05,290.05,290.45,16145,46.89,242,-,-
PPL,BE,11-Aug-2026,260.75,264.25,269.0,256.05,267.9,266.1,264.28,28639,75.69,331,-,-
PPLPHARMA,EQ,11-Aug-2026,213.61,214.79,217.85,212.98,214.2,214.19,215.47,3675806,7920.32,34655,1552911,42.25
PPSL,SM,11-Aug-2026,3.0,3.05,3.15,3.05,3.15,3.15,3.14,156000,4.91,46,141000,90.38
PRABHA,EQ,11-Aug-2026,157.56,157.21,166.35,155.1,158.25,159.96,161.39,151132,243.91,2199,73232,48.46
PRADPME,BE,11-Aug-2026,520.0,522.8,522.8,516.0,516.0,516.9,520.45,5332,27.75,165,-,-
PRAENG,EQ,11-Aug-2026,19.88,19.7,20.5,19.7,19.78,19.86,20.03,27445,5.5,192,20850,75.97
PRAJIND,EQ,11-Aug-2026,327.65,327.5,332.45,323.7,330.6,329.9,329.33,468851,1544.09,13305,188456,40.20
PRAKASH,EQ,11-Aug-2026,130.23,130.5,130.9,120.0,120.5,121.79,124.01,898445,1114.18,10082,453893,50.52
PRAKASHSTL,EQ,11-Aug-2026,3.96,4.02,4.02,3.91,3.98,3.97,3.96,71926,2.85,259,57321,79.69
PRAMARA,SM,11-Aug-2026,117.5,120.5,120.5,105.75,108.7,107.6,109.07,134500,146.7,148,76000,56.51
PRATHAM,SM,11-Aug-2026,121.4,122.0,122.0,118.8,118.8,118.8,121.29,4400,5.34,8,4400,100.00
PRAVEG,EQ,11-Aug-2026,275.65,277.7,281.65,273.0,273.55,273.85,277.02,41266,114.31,1522,23242,56.32
PRAXIS,EQ,11-Aug-2026,6.8,7.0,7.22,6.8,7.17,7.05,7.1,46746,3.32,142,43014,92.02
PRECAM,EQ,11-Aug-2026,142.02,141.77,142.91,139.1,140.55,140.57,140.95,108202,152.51,2145,62865,58.10
PRECISION,ST,11-Aug-2026,8.15,8.45,8.55,8.1,8.55,8.55,8.37,12000,1.0,6,12000,100.00
PRECOT,EQ,11-Aug-2026,771.7,779.55,790.0,772.3,790.0,784.0,782.61,1900,14.87,209,1291,67.95
PRECWIRE,EQ,11-Aug-2026,433.3,437.0,447.0,409.0,412.5,414.2,422.4,1291382,5454.84,42590,483615,37.45
PREMCO,EQ,11-Aug-2026,380.6,380.0,387.0,375.15,380.0,379.1,379.73,1560,5.92,71,1492,95.64
PREMEXPLN,EQ,11-Aug-2026,649.15,649.15,653.95,649.0,652.0,651.35,651.88,90281,588.52,2460,57222,63.38
PREMIER,BE,11-Aug-2026,2.83,2.83,2.97,2.7,2.92,2.9,2.9,39726,1.15,46,-,-
PREMIERENE,EQ,11-Aug-2026,1044.1,1044.1,1053.2,1033.2,1050.0,1050.0,1042.73,470027,4901.12,12539,159586,33.95
PREMIERPOL,EQ,11-Aug-2026,70.55,70.55,71.18,68.42,69.7,69.48,69.71,192798,134.4,1648,95574,49.57
PREMIUM,SM,11-Aug-2026,39.0,39.0,39.0,39.0,39.0,39.0,39.0,3000,1.17,1,3000,100.00
PRESSTONIC,SM,11-Aug-2026,32.3,31.55,32.2,31.15,32.2,31.75,31.63,32800,10.38,35,21600,65.85
PRESTIGE,EQ,11-Aug-2026,1589.0,1607.9,1643.5,1574.9,1585.9,1585.9,1599.96,1259961,20158.85,39648,663021,52.62
PRICOLLTD,EQ,11-Aug-2026,732.8,730.0,741.4,727.0,738.6,737.15,735.11,386743,2842.99,20961,221208,57.20
PRIMECAB,ST,11-Aug-2026,187.25,186.0,191.0,180.0,191.0,191.0,185.74,17600,32.69,11,16000,90.91
PRIMESECU,EQ,11-Aug-2026,302.05,303.0,315.0,295.0,295.0,295.45,306.75,38400,117.79,1526,26596,69.26
PRIMO,EQ,11-Aug-2026,23.96,23.7,24.52,23.7,24.5,24.39,24.28,125187,30.39,1548,66682,53.27
PRINCEPIPE,EQ,11-Aug-2026,271.95,272.0,274.0,269.7,270.9,271.05,271.75,93441,253.93,3185,55932,59.86
PRITI,BE,11-Aug-2026,36.2,36.5,36.98,35.77,36.56,36.49,36.44,2956,1.08,77,-,-
PRITIKA,SM,11-Aug-2026,64.0,56.05,63.95,56.05,60.9,60.9,61.46,12000,7.38,5,10000,83.33
PRITIKAUTO,BE,11-Aug-2026,17.93,17.93,18.14,17.46,17.76,17.66,17.74,60206,10.68,251,-,-
PRIVISCL,EQ,11-Aug-2026,3612.7,3625.5,3636.4,3575.0,3590.0,3586.7,3594.73,51116,1837.48,10252,33103,64.76
PRIZOR,ST,11-Aug-2026,907.35,895.0,900.0,880.0,886.1,889.35,889.83,11200,99.66,28,10400,92.86
PRLIND,SM,11-Aug-2026,44.0,44.05,44.65,43.6,43.6,43.95,44.07,24000,10.58,19,12000,50.00
PROFX,SM,11-Aug-2026,73.4,76.0,79.95,76.0,79.8,79.8,78.45,33600,26.36,18,30400,90.48
PROLIFE,SM,11-Aug-2026,78.65,82.55,82.55,82.55,82.55,82.55,82.55,4000,3.3,7,4000,100.00
PROPSHOP,ST,11-Aug-2026,57.8,57.0,60.55,56.55,60.55,60.0,59.18,120000,71.02,41,120000,100.00
PROSTARM,EQ,11-Aug-2026,146.4,146.5,149.06,144.46,147.1,147.56,146.78,343128,503.64,3975,181090,52.78
PROTEAN,EQ,11-Aug-2026,566.9,574.0,574.0,561.2,562.25,563.7,565.62,116240,657.48,4358,69900,60.13
PROV,SM,11-Aug-2026,1700.0,1750.0,1839.85,1750.0,1827.0,1827.0,1790.64,2880,51.57,35,2320,80.56
PROZONER,EQ,11-Aug-2026,42.94,42.2,44.0,42.2,42.3,42.58,42.89,108611,46.58,911,59609,54.88
PRSMJOHNSN,EQ,11-Aug-2026,109.0,111.55,113.6,107.2,108.63,108.59,109.76,1223721,1343.2,12466,258121,21.09
PRUDENT,EQ,11-Aug-2026,3379.7,3400.0,3434.0,3296.2,3384.0,3401.4,3369.33,71743,2417.26,13147,20489,28.56
PRUDMOULI,BE,11-Aug-2026,13.24,13.24,13.48,12.81,12.81,12.81,13.34,5745,0.77,25,-,-
PSB,EQ,11-Aug-2026,23.67,23.68,23.84,23.52,23.84,23.74,23.71,981423,232.68,4177,469138,47.80
PSPPROJECT,EQ,11-Aug-2026,945.9,953.8,953.8,931.0,931.05,934.5,939.16,41688,391.52,2799,18249,43.78
PSRAJ,ST,11-Aug-2026,79.85,83.8,83.8,76.1,83.8,83.3,80.91,15000,12.14,6,15000,100.00
PSUBANK,EQ,11-Aug-2026,86.74,86.45,87.0,85.8,86.5,86.62,86.34,65913,56.91,491,27391,41.56
PSUBANKADD,EQ,11-Aug-2026,87.51,87.5,87.8,86.54,86.82,87.28,87.12,44448,38.72,262,27591,62.07
PSUBNKBEES,EQ,11-Aug-2026,96.44,98.59,98.59,95.55,96.5,96.45,96.2,1601387,1540.61,5911,772523,48.24
PSUBNKIETF,EQ,11-Aug-2026,87.55,87.55,87.83,86.86,87.4,87.43,87.42,334988,292.86,846,267371,79.82
PTC,EQ,11-Aug-2026,177.99,176.95,176.95,171.2,172.1,171.95,173.43,2078585,3604.79,24263,1146208,55.14
PTCIL,EQ,11-Aug-2026,19370.0,19370.0,19520.0,18822.0,18835.0,18906.0,19138.77,9492,1816.65,3393,5053,53.23
PTL,EQ,11-Aug-2026,39.23,39.23,39.54,38.8,39.2,38.94,39.03,51051,19.93,790,42562,83.37
PULZ,SM,11-Aug-2026,24.65,23.75,23.75,23.45,23.45,23.45,23.58,26000,6.13,8,14000,53.85
PUNJABCHEM,EQ,11-Aug-2026,1112.2,1108.7,1124.0,1093.4,1100.0,1104.0,1111.71,4651,51.71,696,2257,48.53
PURPLEUTED,ST,11-Aug-2026,321.05,319.95,320.4,312.1,316.9,316.0,316.48,23500,74.37,87,17500,74.47
PURVA,EQ,11-Aug-2026,213.16,213.15,214.5,210.5,212.5,212.31,211.77,51348,108.74,1940,24502,47.72
PURVFLEXI,SM,11-Aug-2026,52.55,55.15,55.15,55.15,55.15,55.15,55.15,15200,8.38,19,12800,84.21
PUSHPA,SM,11-Aug-2026,113.0,115.0,116.0,113.0,113.0,113.65,114.63,8000,9.17,7,8000,100.00
PVP,EQ,11-Aug-2026,34.67,34.66,36.29,33.79,34.52,34.46,35.33,1534352,542.01,5405,591840,38.57
PVRINOX,EQ,11-Aug-2026,1144.0,1160.0,1176.7,1130.1,1160.5,1160.2,1148.55,311344,3575.93,24135,145357,46.69
PVSL,EQ,11-Aug-2026,109.29,108.2,112.0,106.13,110.96,111.17,108.99,32454,35.37,441,25916,79.85
PVTBANIETF,EQ,11-Aug-2026,27.81,27.92,27.92,27.58,27.7,27.63,27.62,3040508,839.88,4008,2228654,73.30
PVTBANK,EQ,11-Aug-2026,27.67,28.22,28.22,27.32,27.42,27.42,27.41,3433,0.94,44,3412,99.39
PVTBANKADD,EQ,11-Aug-2026,27.98,27.91,28.2,27.73,27.9,27.86,27.83,494569,137.66,208,483365,97.73
PVTBKGROWW,EQ,11-Aug-2026,27.54,27.54,27.67,27.38,27.67,27.55,27.55,17439,4.8,120,11146,63.91
PWL,EQ,11-Aug-2026,127.52,127.6,128.6,125.05,125.96,125.52,126.52,5045638,6383.55,34576,2116147,41.94
PYRAMID,EQ,11-Aug-2026,172.85,176.0,183.0,169.2,171.0,170.75,177.13,404016,715.65,5015,119779,29.65
QGOLDHALF,EQ,11-Aug-2026,124.98,126.33,127.64,125.32,125.8,125.89,126.24,214135,270.31,1380,64052,29.91
QLINE,SM,11-Aug-2026,535.8,540.0,540.0,529.0,539.8,537.85,534.68,50400,269.48,95,35600,70.63
QMSMEDI,EQ,11-Aug-2026,111.69,111.85,114.99,111.85,114.0,114.14,113.33,10517,11.92,378,7242,68.86
QNIFTY,EQ,11-Aug-2026,270.8,270.4,270.6,269.4,269.8,269.7,269.76,1523,4.11,66,1107,72.69
QPOWER,EQ,11-Aug-2026,1180.3,1239.3,1239.3,1239.3,1239.3,1239.3,1239.3,101112,1253.08,1258,93562,92.53
QUADFUTURE,EQ,11-Aug-2026,369.85,373.4,382.95,352.2,356.15,356.9,368.26,609754,2245.49,20203,275878,45.24
QUAL30IETF,EQ,11-Aug-2026,21.81,21.81,21.98,21.6,21.9,21.74,21.78,63528,13.84,286,48783,76.79
QUALITY30,EQ,11-Aug-2026,21.39,21.49,21.49,21.31,21.35,21.35,21.41,3589,0.77,35,3271,91.14
QUESS,EQ,11-Aug-2026,323.75,324.0,334.7,320.45,324.9,324.2,329.03,530160,1744.37,12873,229338,43.26
QUESTLAB,SM,11-Aug-2026,89.7,93.3,93.8,90.05,90.05,90.75,92.64,15600,14.45,11,13200,84.62
QUICKHEAL,BE,11-Aug-2026,151.17,150.89,151.99,150.0,151.99,151.36,151.09,32543,49.17,600,-,-
QUICKTOUCH,SM,11-Aug-2026,22.0,21.2,21.2,21.0,21.0,21.0,21.1,1000,0.21,2,1000,100.00
QUINT,EQ,11-Aug-2026,37.06,37.1,38.5,36.88,38.5,38.44,37.7,4168,1.57,27,4127,99.02
QVCEL,SM,11-Aug-2026,23.9,24.95,24.95,24.1,24.8,24.8,24.62,4800,1.18,3,4800,100.00
RACE,EQ,11-Aug-2026,107.61,109.77,109.78,106.0,107.9,108.08,107.95,1603,1.73,47,1083,67.56
RACLGEAR,EQ,11-Aug-2026,1387.6,1400.0,1468.9,1376.1,1427.1,1419.8,1431.43,73482,1051.84,8652,27928,38.01
RADAAN,EQ,11-Aug-2026,3.09,3.1,3.1,3.01,3.01,3.02,3.05,8531,0.26,55,5363,62.86
RADHIKAJWE,EQ,11-Aug-2026,68.61,68.6,75.5,68.21,72.2,71.54,73.39,15597369,11446.67,71763,855389,5.48
RADIANTCMS,EQ,11-Aug-2026,38.56,38.56,38.56,38.2,38.21,38.23,38.32,59405,22.76,1092,39163,65.93
RADICO,EQ,11-Aug-2026,4550.0,4564.0,4566.3,4508.0,4545.0,4545.0,4532.94,210908,9560.34,30007,133627,63.36
RADIOCITY,EQ,11-Aug-2026,6.82,6.76,6.95,6.67,6.76,6.78,6.79,21824,1.48,187,16989,77.85
RADIOWALLA,ST,11-Aug-2026,26.05,25.55,25.55,25.55,25.55,25.55,25.55,3200,0.82,2,1600,50.00
RAILTEL,EQ,11-Aug-2026,290.85,292.0,293.35,286.6,287.1,287.3,289.44,393033,1137.58,11125,162405,41.32
RAIN,EQ,11-Aug-2026,204.58,204.82,209.23,201.0,202.0,202.92,205.42,7599409,15610.41,56043,2548647,33.54
RAINBOW,EQ,11-Aug-2026,1538.6,1547.0,1547.0,1496.0,1496.0,1504.1,1515.88,68590,1039.74,11105,43265,63.08
RAJESHEXPO,BZ,11-Aug-2026,81.94,81.95,83.5,81.0,83.0,83.16,81.62,69790,56.96,1092,-,-
RAJINDLTD,SM,11-Aug-2026,69.0,67.35,69.0,67.35,68.65,68.65,68.41,6000,4.1,4,1500,25.00
RAJMET,EQ,11-Aug-2026,3.32,3.34,3.35,3.28,3.35,3.34,3.31,190145,6.29,669,151658,79.76
RAJOOENG,BE,11-Aug-2026,51.5,51.9,51.9,51.1,51.2,51.22,51.34,58107,29.83,411,-,-
RAJPALAYAM,EQ,11-Aug-2026,837.35,839.5,839.5,821.0,822.1,822.1,822.51,559,4.6,39,450,80.50
RAJPUTANA,SM,11-Aug-2026,216.0,215.0,215.0,215.0,215.0,215.0,215.0,3000,6.45,2,3000,100.00
RAJRATAN,EQ,11-Aug-2026,527.2,528.0,537.95,517.0,521.9,518.6,524.32,72755,381.47,4009,39554,54.37
RAJRILTD,BE,11-Aug-2026,22.2,22.2,22.5,21.76,22.13,22.04,22.12,6451,1.43,65,-,-
RAJSREESUG,EQ,11-Aug-2026,31.37,31.37,31.63,30.5,30.52,30.67,30.94,14044,4.35,218,11478,81.73
RAJTV,EQ,11-Aug-2026,10.33,10.42,10.59,10.11,10.13,10.16,10.29,36164,3.72,168,28262,78.15
RALLIS,EQ,11-Aug-2026,213.14,213.14,214.0,210.5,210.54,211.5,211.89,1077903,2284.02,23431,688050,63.83
RAMANEWS,EQ,11-Aug-2026,33.76,34.0,34.0,32.91,33.65,33.36,33.55,51060,17.13,227,39003,76.39
RAMAPHO,EQ,11-Aug-2026,120.25,120.25,123.49,120.25,122.99,122.52,122.72,21815,26.77,391,16827,77.13
RAMASTEEL,BE,11-Aug-2026,4.76,4.67,4.67,4.67,4.67,4.67,4.67,496672,23.19,1443,-,-
RAMBHAJO,EQ,11-Aug-2026,193.9,190.01,195.0,183.47,189.0,187.61,187.03,1236465,2312.52,8415,591959,47.88
RAMCOCEM,EQ,11-Aug-2026,953.75,953.75,957.0,930.1,937.25,934.05,944.56,226890,2143.12,10736,137102,60.43
RAMCOIND,EQ,11-Aug-2026,377.2,373.3,388.95,364.05,370.0,370.6,376.52,2586362,9738.27,41166,420505,16.26
RAMCOSYS,EQ,11-Aug-2026,669.75,670.0,674.8,649.85,652.0,652.5,657.59,174251,1145.86,7642,95290,54.69
RAMKY,EQ,11-Aug-2026,401.3,386.1,398.95,381.6,395.5,396.25,392.42,58951,231.34,1461,24946,42.32
RAMRAT,EQ,11-Aug-2026,457.8,456.5,456.5,446.0,450.15,449.5,450.36,114044,513.61,4683,60223,52.81
RANASUG,EQ,11-Aug-2026,13.29,13.28,13.32,12.92,13.0,13.0,13.08,204131,26.7,566,144455,70.77
RANEHOLDIN,EQ,11-Aug-2026,1748.9,1747.3,1789.0,1747.3,1785.0,1776.2,1769.79,10635,188.22,1274,6868,64.58
RAPPID,SM,11-Aug-2026,324.55,320.0,329.0,318.55,329.0,329.0,323.55,6000,19.41,10,4200,70.00
RATEGAIN,EQ,11-Aug-2026,932.55,937.1,938.5,897.55,910.0,908.85,911.66,515196,4696.85,29802,234465,45.51
RATNAMANI,EQ,11-Aug-2026,2269.1,2269.1,2284.9,2246.6,2267.0,2255.0,2268.91,59428,1348.36,13286,43352,72.95
RATNAVEER,EQ,11-Aug-2026,207.89,209.48,213.0,204.41,206.3,206.16,208.17,1847953,3846.96,15821,456456,24.70
RAYMOND,EQ,11-Aug-2026,627.0,630.0,638.25,621.1,623.0,624.3,628.93,275238,1731.06,9511,132077,47.99
RAYMONDLSL,EQ,11-Aug-2026,728.55,727.0,748.65,720.2,724.0,725.8,732.33,431860,3162.65,15981,187771,43.48
RAYMONDREL,EQ,11-Aug-2026,607.05,609.95,626.9,604.45,611.9,609.3,612.92,398555,2442.83,12189,152501,38.26
RBA,EQ,11-Aug-2026,90.23,90.96,95.34,90.8,92.55,92.65,93.08,12420460,11560.4,41027,4178033,33.64
RBLBANK,EQ,11-Aug-2026,391.0,391.0,391.0,385.25,389.7,389.7,388.25,1413494,5487.9,17794,627067,44.36
RBMINFRA,SM,11-Aug-2026,259.8,260.0,266.0,258.1,259.05,259.15,261.47,15800,41.31,73,8200,51.90
RBS,SM,11-Aug-2026,93.65,92.0,93.9,90.0,90.0,90.0,90.29,38400,34.67,11,36800,95.83
RBZJEWEL,EQ,11-Aug-2026,152.27,151.92,155.4,151.92,154.95,154.46,153.85,88022,135.42,1902,58726,66.72
RCDL,SM,11-Aug-2026,30.0,29.95,29.95,29.95,29.95,29.95,29.95,3000,0.9,1,3000,100.00
RCF,EQ,11-Aug-2026,127.2,126.9,126.96,125.05,125.14,125.55,125.86,495003,623.0,7617,284556,57.49
RCOM,BE,11-Aug-2026,0.83,0.83,0.84,0.82,0.84,0.83,0.83,1686386,14.06,1286,-,-
READYMIX,SM,11-Aug-2026,112.15,114.9,114.9,104.0,106.95,105.95,107.3,24000,25.75,23,9000,37.50
RECLTD,EQ,11-Aug-2026,343.75,345.0,347.0,341.15,344.7,344.7,342.76,9711188,33285.69,57904,6273653,64.60
REDINGTON,EQ,11-Aug-2026,353.2,354.25,364.5,352.7,353.0,354.55,358.71,3999369,14346.25,56589,1149451,28.74
REDTAPE,EQ,11-Aug-2026,134.49,133.0,135.5,126.93,127.44,127.59,130.74,798210,1043.57,15238,390828,48.96
REFEX,EQ,11-Aug-2026,296.7,304.0,308.8,293.4,294.0,294.75,299.7,429327,1286.69,7548,181164,42.20
REGAAL,BE,11-Aug-2026,83.52,83.95,87.5,83.11,85.76,86.54,86.04,134692,115.89,442,-,-
REGENCERAM,EQ,11-Aug-2026,32.71,33.49,33.5,32.02,32.4,32.39,32.69,7205,2.36,38,6643,92.20
RELAXO,EQ,11-Aug-2026,424.45,424.45,428.15,420.35,422.0,421.65,424.13,120291,510.19,5781,50838,42.26
RELCHEMQ,EQ,11-Aug-2026,130.06,128.01,129.4,125.27,125.9,126.0,127.52,1836,2.34,70,1114,60.68
RELIABLE,EQ,11-Aug-2026,147.04,148.42,149.0,144.98,147.99,147.07,146.13,4938,7.22,272,2750,55.69
RELIANCE,EQ,11-Aug-2026,1327.3,1326.6,1328.7,1314.1,1323.9,1323.9,1322.58,9953124,131637.7,121384,4398099,44.19
RELIGARE,EQ,11-Aug-2026,229.6,229.95,231.95,226.9,228.0,227.35,227.97,581550,1325.77,8798,365823,62.90
RELINFRA,BE,11-Aug-2026,72.74,71.29,71.29,71.29,71.29,71.29,71.29,46580,33.21,372,-,-
RELTD,EQ,11-Aug-2026,166.57,164.92,169.94,164.92,168.71,168.99,167.93,102723,172.5,1944,51367,50.01
REMSONSIND,EQ,11-Aug-2026,88.71,88.71,91.7,88.35,90.36,90.55,89.48,130825,117.06,1092,101611,77.67
REMUS,SM,11-Aug-2026,834.75,850.0,855.05,840.0,851.9,848.7,850.42,12600,107.15,84,9700,76.98
RENUKA,EQ,11-Aug-2026,22.44,22.44,22.48,22.12,22.19,22.19,22.24,2348989,522.53,5051,1286782,54.78
REPCOHOME,EQ,11-Aug-2026,380.85,380.85,382.15,373.05,377.0,376.35,376.21,142973,537.88,7939,91571,64.05
REPL,BE,11-Aug-2026,67.08,65.1,66.99,65.0,65.04,66.03,65.35,3598,2.35,87,-,-
REPRO,EQ,11-Aug-2026,354.3,352.5,353.0,329.2,330.0,332.15,337.81,45892,155.03,2516,30880,67.29
RESPONIND,EQ,11-Aug-2026,169.38,169.02,169.75,166.1,167.35,166.93,167.67,51878,86.98,1851,31599,60.91
RETAIL,EQ,11-Aug-2026,17.4,16.9,19.94,16.55,18.19,18.06,18.16,13921,2.53,113,9567,68.72
REXPIPES,SM,11-Aug-2026,178.0,169.1,169.1,169.1,169.1,169.1,169.1,9000,15.22,5,9000,100.00
RFBL,ST,11-Aug-2026,87.3,91.65,91.65,91.65,91.65,91.65,91.65,3000,2.75,1,3000,100.00
RGL,EQ,11-Aug-2026,116.77,117.9,118.58,113.13,115.6,115.2,115.46,803455,927.64,8043,416314,51.82
RHETAN,EQ,11-Aug-2026,33.76,34.81,34.87,27.01,27.01,27.01,28.44,41881425,11911.96,38356,6190203,14.78
RHFL,BZ,11-Aug-2026,1.83,1.8,1.84,1.78,1.84,1.81,1.8,937425,16.9,1211,-,-
RHIM,EQ,11-Aug-2026,423.35,429.0,432.4,413.0,413.8,415.55,419.65,1614800,6776.52,34319,697109,43.17
RHL,EQ,11-Aug-2026,169.44,173.67,173.67,168.92,169.7,169.72,169.63,1841,3.12,55,1456,79.09
RICOAUTO,EQ,11-Aug-2026,142.52,143.49,145.4,141.01,144.46,144.19,143.78,1588826,2284.46,14293,523345,32.94
RIIL,EQ,11-Aug-2026,754.3,755.0,756.0,741.35,745.0,744.3,748.24,33263,248.89,1304,15934,47.90
RIIT,IV,11-Aug-2026,116.86,117.0,117.0,116.4,116.5,116.55,116.54,612996,714.41,1541,596619,97.33
RILINFRA,SM,11-Aug-2026,37.85,37.35,38.0,37.25,38.0,37.7,37.62,4900,1.84,22,4700,95.92
RIR,EQ,11-Aug-2026,157.96,165.0,185.99,164.0,177.5,176.13,175.81,2174035,3822.24,29299,416793,19.17
RISHABH,EQ,11-Aug-2026,671.9,672.0,687.95,661.7,678.0,678.85,677.0,267937,1813.94,16074,142777,53.29
RITCO,EQ,11-Aug-2026,306.2,306.2,306.2,299.0,303.0,302.3,301.89,101539,306.54,4730,27695,27.28
RITES,EQ,11-Aug-2026,232.84,232.0,232.65,225.16,226.88,226.67,228.73,451457,1032.6,11684,198398,43.95
RKDL,EQ,11-Aug-2026,19.06,18.53,19.47,18.53,18.96,18.97,19.01,4305,0.82,110,3063,71.15
RKEC,EQ,11-Aug-2026,26.6,26.0,26.99,25.1,25.5,25.73,25.72,55513,14.28,432,40332,72.65
RKFORGE,EQ,11-Aug-2026,736.2,738.8,761.8,737.6,750.0,751.35,751.27,1655288,12435.75,39670,789927,47.72
RKSWAMY,EQ,11-Aug-2026,106.41,108.5,108.8,104.0,105.0,104.97,106.45,36770,39.14,835,27840,75.71
RMC,EQ,11-Aug-2026,333.95,330.0,337.9,275.0,291.0,283.2,295.31,160310,473.41,4501,86099,53.71
RMDRIP,BE,11-Aug-2026,17.76,17.6,18.25,17.45,17.51,17.57,17.58,2229374,391.84,580,-,-
RML,EQ,11-Aug-2026,1055.4,1050.2,1123.5,1050.2,1095.5,1095.3,1098.57,54728,601.22,5229,20115,36.75
RNBDENIMS,EQ,11-Aug-2026,9.06,9.0,9.07,8.92,9.01,8.98,8.99,177999,16.0,684,126975,71.33
RNFI,SM,11-Aug-2026,276.55,273.05,276.0,270.0,270.0,271.1,273.02,34200,93.37,48,26400,77.19
RNPL,SM,11-Aug-2026,84.75,83.75,83.75,80.55,80.55,80.55,81.02,12000,9.72,10,12000,100.00
ROCKINGDCE,SM,11-Aug-2026,165.45,183.0,183.0,162.5,166.9,166.9,168.59,2250,3.79,9,1250,55.56
ROHLTD,EQ,11-Aug-2026,323.2,328.2,328.2,306.0,311.4,312.2,312.98,80750,252.73,2883,26104,32.33
ROLEXRINGS,EQ,11-Aug-2026,155.26,157.18,180.0,155.73,177.21,177.29,172.43,56026330,96608.79,333064,6105419,10.90
ROLLT,BE,11-Aug-2026,3.01,3.1,3.16,3.02,3.13,3.1,3.11,1607615,49.96,461,-,-
ROML,EQ,11-Aug-2026,44.53,44.55,44.97,44.13,44.25,44.25,44.34,198,0.09,18,101,51.01
ROSSARI,EQ,11-Aug-2026,508.9,507.0,511.95,502.0,503.0,504.9,506.55,33188,168.12,1602,14179,42.72
ROSSELLIND,EQ,11-Aug-2026,56.53,58.0,58.0,56.01,56.4,56.84,56.34,15954,8.99,304,11045,69.23
ROSSTECH,EQ,11-Aug-2026,1094.5,1094.5,1134.95,1060.0,1060.0,1066.65,1085.41,263474,2859.78,18476,108535,41.19
ROTO,EQ,11-Aug-2026,66.34,66.8,70.28,65.93,68.8,68.9,68.9,1491992,1027.99,11419,390696,26.19
ROUTE,EQ,11-Aug-2026,535.5,534.8,534.8,526.35,529.35,530.1,530.1,115526,612.4,2936,37971,32.87
ROXHITECH,SM,11-Aug-2026,48.0,47.85,47.85,46.25,47.85,47.8,47.15,12800,6.04,8,9600,75.00
ROYALARC,SM,11-Aug-2026,160.0,157.9,157.9,157.9,157.9,157.9,157.9,1200,1.89,1,1200,100.00
RPEL,EQ,11-Aug-2026,1313.8,1324.0,1325.0,1288.4,1294.5,1301.9,1312.31,40929,537.11,4300,21953,53.64
RPGLIFE,EQ,11-Aug-2026,2638.0,2625.0,2688.0,2605.8,2637.0,2633.4,2638.28,6795,179.27,1500,4255,62.62
RPOWER,EQ,11-Aug-2026,23.96,23.9,24.04,23.55,23.66,23.62,23.77,16181647,3846.06,26411,6802015,42.04
RPPINFRA,EQ,11-Aug-2026,60.83,61.83,61.83,58.2,58.41,58.56,58.96,919429,542.12,1254,885185,96.28
RPPL,BE,11-Aug-2026,26.11,26.11,26.11,24.81,24.82,24.87,24.87,92313,22.95,211,-,-
RPSGVENT,EQ,11-Aug-2026,909.6,919.55,923.9,900.0,904.0,903.05,909.68,10791,98.16,740,6214,57.59
RPTECH,EQ,11-Aug-2026,896.7,895.0,900.25,882.0,886.6,887.8,889.96,171516,1526.43,11387,97827,57.04
RRIL,EQ,11-Aug-2026,17.17,17.45,17.45,16.74,16.82,16.87,17.0,20609,3.5,129,18742,90.94
RRKABEL,EQ,11-Aug-2026,2756.9,2763.0,2845.0,2738.0,2829.9,2812.8,2788.17,311904,8696.42,27291,152773,48.98
RSDFIN,BE,11-Aug-2026,137.58,130.9,130.9,130.71,130.71,130.71,130.74,1075,1.41,19,-,-
RSL,EQ,11-Aug-2026,154.93,155.7,157.5,150.52,153.01,153.31,153.33,1333800,2045.18,6549,766318,57.45
RSSOFTWARE,EQ,11-Aug-2026,30.06,31.0,31.56,31.0,31.56,31.56,31.55,15132,4.77,47,14132,93.39
RSWM,BE,11-Aug-2026,205.31,205.15,211.05,202.73,206.82,207.84,206.62,43324,89.51,281,-,-
RSYSTEMS,EQ,11-Aug-2026,245.05,250.0,252.35,244.3,244.6,244.95,246.22,240748,592.78,6820,129646,53.85
RTL,SM,11-Aug-2026,82.0,83.1,83.2,82.1,83.05,83.05,82.76,12000,9.93,6,0,0.00
RTNINDIA,EQ,11-Aug-2026,31.26,31.19,31.38,30.64,30.72,30.68,30.84,771345,237.86,3621,535217,69.39
RTNPOWER,EQ,11-Aug-2026,8.66,8.64,8.7,8.51,8.54,8.54,8.6,8185285,703.67,9267,3877790,47.38
RUBFILA,EQ,11-Aug-2026,71.42,71.05,79.1,71.05,75.0,74.44,76.62,149253,114.36,1614,88026,58.98
RUBICON,EQ,11-Aug-2026,1596.3,1599.0,1684.1,1596.3,1658.0,1655.1,1653.89,565201,9347.83,34457,281276,49.77
RUBYMILLS,BE,11-Aug-2026,374.85,373.85,383.0,362.0,368.5,367.35,370.01,8131,30.09,132,-,-
RUCHINFRA,EQ,11-Aug-2026,5.61,5.82,5.86,5.67,5.85,5.83,5.79,34565,2.0,165,27275,78.91
RUCHIRA,EQ,11-Aug-2026,111.02,111.23,112.0,110.65,111.5,111.28,111.22,25224,28.05,460,17519,69.45
RUDRA,EQ,11-Aug-2026,17.98,18.0,18.23,17.6,18.22,18.17,18.06,21608,3.9,204,14841,68.68
RULKA,SM,11-Aug-2026,110.25,107.9,111.95,107.9,110.25,110.25,109.86,1500,1.65,5,1200,80.00
RUPA,EQ,11-Aug-2026,165.29,162.0,164.69,158.1,158.49,158.76,161.29,245286,395.61,5976,122161,49.80
RUSHIL,EQ,11-Aug-2026,16.98,16.9,17.18,16.85,17.1,17.02,17.02,179831,30.61,702,96665,53.75
RUSTOMJEE,EQ,11-Aug-2026,369.65,374.65,374.65,367.0,371.85,370.0,369.7,65086,240.62,1841,34646,53.23
RVHL,EQ,11-Aug-2026,43.69,44.3,44.99,42.32,43.9,43.53,43.26,9189,3.97,122,7656,83.32
RVNL,EQ,11-Aug-2026,230.68,230.68,231.6,227.13,230.0,230.0,229.92,6399915,14714.58,51954,1327423,20.74
RVTH,EQ,11-Aug-2026,720.6,731.0,735.0,703.65,720.0,713.05,717.89,847,6.08,53,671,79.22
S&SPOWER,EQ,11-Aug-2026,322.1,318.0,330.0,318.0,322.0,321.9,323.42,1837,5.94,99,1331,72.46
SAAKSHI,ST,11-Aug-2026,277.15,278.0,278.0,265.1,274.8,274.8,270.35,78600,212.49,24,74400,94.66
SAATVIKGL,EQ,11-Aug-2026,418.9,417.05,428.0,416.1,427.2,426.7,423.12,39519,167.21,1607,19474,49.28
SABAR,SM,11-Aug-2026,6.85,6.8,7.05,6.8,7.05,6.9,6.88,25000,1.72,5,25000,100.00
SACHEEROME,SM,11-Aug-2026,465.45,466.0,469.95,450.0,450.0,450.15,459.67,12300,56.54,39,8400,68.29
SADBHAV,EQ,11-Aug-2026,8.86,8.81,9.3,8.81,9.0,8.92,9.04,88223,7.98,331,60208,68.25
SADBHIN,BE,11-Aug-2026,2.67,2.67,2.67,2.61,2.66,2.61,2.64,73943,1.95,142,-,-
SADHAV,SM,11-Aug-2026,115.5,115.85,120.0,114.1,120.0,120.0,118.34,24600,29.11,37,22800,92.68
SADHNANIQ,BE,11-Aug-2026,3.17,3.32,3.32,3.11,3.32,3.32,3.3,8427223,277.79,2412,-,-
SAFARI,EQ,11-Aug-2026,1503.6,1514.9,1514.9,1495.7,1500.0,1500.2,1501.38,13791,207.06,2799,7892,57.23
SAFEENTP,SM,11-Aug-2026,246.15,243.25,247.4,235.8,240.1,240.65,240.95,72000,173.48,135,60500,84.03
SAGARDEEP,EQ,11-Aug-2026,24.69,24.93,25.29,23.7,24.69,24.69,24.62,46426,11.43,104,44803,96.50
SAGCEM,EQ,11-Aug-2026,172.09,172.09,177.4,171.5,175.98,175.06,174.73,152728,266.86,1856,117823,77.15
SAGILITY,EQ,11-Aug-2026,43.64,44.1,44.34,42.78,43.0,43.02,43.26,19352431,8372.63,35812,9326370,48.19
SAHAJSOLAR,SM,11-Aug-2026,109.1,108.1,111.0,108.0,108.1,108.4,109.02,8400,9.16,21,4800,57.14
SAHANA,SM,11-Aug-2026,807.45,810.0,815.0,797.0,809.0,801.25,805.94,6750,54.4,43,5850,86.67
SAHASRA,ST,11-Aug-2026,331.05,337.0,338.0,331.0,333.0,332.5,334.88,25200,84.39,45,24400,96.83
SAHLIBHFI,EQ,11-Aug-2026,75.21,75.21,77.39,73.18,75.0,75.0,75.04,6551,4.92,61,6549,99.97
SAHYADRI,EQ,11-Aug-2026,349.85,355.0,355.0,335.45,340.5,340.55,344.78,17184,59.25,802,13034,75.85
SAIFL,SM,11-Aug-2026,5.0,4.95,5.05,4.95,5.0,5.0,4.98,228000,11.36,35,160000,70.18
SAIL,EQ,11-Aug-2026,172.45,171.5,173.45,169.32,173.0,173.0,171.68,13260979,22766.16,44393,4928420,37.16
SAILIFE,EQ,11-Aug-2026,1426.2,1420.0,1472.8,1414.7,1445.0,1444.4,1454.6,717758,10440.48,42538,326396,45.47
SAIPARENT,EQ,11-Aug-2026,587.5,588.5,593.1,570.0,580.0,573.5,581.66,119738,696.47,6372,70349,58.75
SAJHOTELS,ST,11-Aug-2026,40.95,40.9,40.9,40.5,40.5,40.5,40.54,28000,11.35,6,28000,100.00
SAKAR,EQ,11-Aug-2026,904.8,917.0,980.0,911.45,954.0,953.75,951.73,288800,2748.59,20821,114643,39.70
SAKHTISUG,EQ,11-Aug-2026,17.58,17.42,17.58,17.03,17.14,17.08,17.22,87098,15.0,377,56331,64.68
SAKSOFT,EQ,11-Aug-2026,165.55,165.55,166.49,163.53,164.9,164.6,165.0,349996,577.5,4937,140649,40.19
SAKUMA,EQ,11-Aug-2026,1.68,1.7,1.73,1.65,1.68,1.67,1.67,1004128,16.8,863,671417,66.87
SALASAR,EQ,11-Aug-2026,5.84,5.81,5.88,5.77,5.77,5.79,5.82,3498019,203.71,3107,1993968,57.00
SALONA,EQ,11-Aug-2026,240.63,240.16,250.01,240.16,249.0,248.65,249.46,1364,3.4,52,1287,94.35
SALSTEEL,EQ,11-Aug-2026,59.01,59.09,62.2,58.01,58.9,58.89,60.35,183964,111.03,1289,123829,67.31
SALZERELEC,EQ,11-Aug-2026,571.05,570.0,592.05,561.6,571.55,569.9,571.18,176163,1006.21,5876,81723,46.39
SAMAY,ST,11-Aug-2026,39.5,41.35,41.45,41.35,41.45,41.45,41.41,16000,6.63,4,16000,100.00
SAMBHAAV,EQ,11-Aug-2026,6.37,6.39,6.8,6.26,6.65,6.56,6.46,51017,3.29,124,33716,66.09
SAMBHV,EQ,11-Aug-2026,121.97,121.9,122.34,118.2,118.8,118.62,120.38,893608,1075.73,7091,438923,49.12
SAMHI,EQ,11-Aug-2026,169.8,167.6,169.07,164.2,164.73,164.81,166.02,987515,1639.44,16780,630686,63.87
SAMMAANCAP,EQ,11-Aug-2026,162.3,161.3,164.98,160.7,164.0,163.4,162.22,4923510,7986.83,20705,2717617,55.20
SAMPANN,EQ,11-Aug-2026,27.02,27.69,27.69,26.12,26.89,26.65,26.94,16264,4.38,281,14121,86.82
SANATHAN,EQ,11-Aug-2026,481.9,480.0,509.0,477.1,505.0,501.4,494.84,256945,1271.47,5524,79930,31.11
SANDESH,EQ,11-Aug-2026,1096.55,1103.0,1115.95,1049.95,1093.0,1085.25,1077.72,8868,95.57,615,4074,45.94
SANDHAR,EQ,11-Aug-2026,654.1,646.2,672.4,605.85,628.0,621.95,633.67,957341,6066.34,40284,250887,26.21
SANDUMA,EQ,11-Aug-2026,204.9,205.9,207.75,203.5,204.89,204.39,205.04,332474,681.69,6175,166145,49.97
SANGAMIND,EQ,11-Aug-2026,586.35,583.2,592.6,578.05,580.05,581.95,585.33,23220,135.91,1730,15132,65.17
SANGANI,SM,11-Aug-2026,46.0,47.0,48.3,47.0,48.3,48.3,48.21,21000,10.12,13,21000,100.00
SANGHVIMOV,EQ,11-Aug-2026,511.4,510.05,524.8,509.3,517.8,516.95,517.78,496024,2568.33,17205,208931,42.12
SANGINITA,BE,11-Aug-2026,57.92,56.77,56.77,56.77,56.77,56.77,56.77,17787,10.1,52,-,-
SANOFI,EQ,11-Aug-2026,3327.0,3323.0,3327.1,3297.0,3297.0,3303.2,3306.67,13843,457.74,3633,9001,65.02
SANOFICONR,EQ,11-Aug-2026,4505.9,4485.7,4572.2,4469.6,4541.0,4553.0,4524.51,2734,123.7,611,1277,46.71
SANSERA,EQ,11-Aug-2026,3812.4,3765.0,3798.9,3636.0,3694.5,3685.1,3701.44,339512,12566.85,45042,173518,51.11
SANSTAR,EQ,11-Aug-2026,112.96,112.96,113.9,111.11,112.7,111.88,112.34,89133,100.13,1768,49839,55.92
SANWARIA,BZ,11-Aug-2026,0.2,0.19,0.21,0.19,0.21,0.2,0.2,734529,1.48,168,-,-
SAPPHIRE,EQ,11-Aug-2026,220.62,220.5,237.79,219.57,236.0,236.02,233.9,12485494,29203.33,130269,2450261,19.62
SAPPL,EQ,11-Aug-2026,299.55,291.35,291.35,279.0,280.0,281.65,282.17,1790,5.05,34,1332,74.41
SARDAEN,EQ,11-Aug-2026,500.5,501.0,502.95,495.0,496.0,495.85,498.53,136343,679.71,8838,77243,56.65
SAREGAMA,EQ,11-Aug-2026,530.05,529.0,543.3,525.0,528.0,529.1,533.74,378968,2022.69,17203,146038,38.54
SARLAPOLY,EQ,11-Aug-2026,99.3,100.19,101.22,99.5,101.0,100.89,100.31,40688,40.81,768,28339,69.65
SAROJA,SM,11-Aug-2026,29.35,30.5,30.5,30.5,30.5,30.5,30.5,1600,0.49,1,1600,100.00
SARTELE,SM,11-Aug-2026,116.0,113.4,115.8,111.45,113.9,114.4,113.83,66500,75.69,109,28000,42.11
SARVESHWAR,EQ,11-Aug-2026,3.42,3.4,3.52,3.4,3.5,3.49,3.46,950905,32.94,1186,817919,86.01
SASKEN,EQ,11-Aug-2026,1902.9,1903.0,1998.0,1871.5,1979.9,1982.6,1952.66,32622,637.0,4368,19778,60.63
SATECH,SM,11-Aug-2026,34.35,33.1,33.1,32.05,32.05,32.05,32.81,5000,1.64,5,3000,60.00
SATIA,EQ,11-Aug-2026,62.3,61.4,62.36,60.75,61.0,60.99,61.29,43262,26.52,610,25204,58.26
SATIN,EQ,11-Aug-2026,226.89,226.43,227.58,223.22,225.42,225.04,224.89,388170,872.94,5728,209046,53.85
SATIPOLY,ST,11-Aug-2026,45.6,43.35,47.5,43.35,46.0,46.0,45.79,14000,6.41,19,13500,96.43
SATKARTAR,SM,11-Aug-2026,123.9,124.0,126.7,119.0,121.4,120.0,122.99,29600,36.4,36,18400,62.16
SATTVAENGG,SM,11-Aug-2026,82.0,81.1,81.1,77.3,81.0,79.55,80.07,11200,8.97,7,4800,42.86
SAURASHCEM,EQ,11-Aug-2026,60.7,60.7,61.52,60.7,60.84,60.89,61.07,78503,47.94,1118,45194,57.57
SAWALIYA,SM,11-Aug-2026,285.5,289.75,289.75,280.0,285.0,287.2,284.1,122400,347.74,125,58200,47.55
SAYAJIHOTL,EQ,11-Aug-2026,312.0,328.0,328.0,313.05,313.05,313.05,314.26,33,0.1,4,32,96.97
SBC,EQ,11-Aug-2026,41.1,41.2,42.18,41.11,41.4,41.51,41.72,9555449,3986.51,7004,3493111,36.56
SBCL,EQ,11-Aug-2026,1105.05,1070.0,1092.0,1025.6,1040.0,1039.2,1049.6,1830519,19213.07,63959,430159,23.50
SBFC,EQ,11-Aug-2026,94.0,93.93,94.14,92.7,93.51,93.84,93.4,1358910,1269.18,13088,950153,69.92
SBGLP,EQ,11-Aug-2026,25.2,26.38,26.38,25.0,25.1,25.4,25.35,8428,2.14,77,7029,83.40
SBIBPB,EQ,11-Aug-2026,50.09,50.09,50.39,49.51,49.85,49.89,49.91,63878,31.88,387,32840,51.41
SBICARD,EQ,11-Aug-2026,655.0,655.0,655.45,647.6,650.05,650.05,650.91,659365,4291.88,17680,384597,58.33
SBIETFCON,EQ,11-Aug-2026,126.62,126.5,126.5,124.12,126.2,125.66,125.81,3753,4.72,126,2671,71.17
SBIETFIT,EQ,11-Aug-2026,351.31,354.95,354.95,350.6,350.6,351.39,352.23,7307,25.74,195,4911,67.21
SBIETFPB,EQ,11-Aug-2026,281.49,282.03,282.03,278.31,281.0,280.2,278.41,124640,347.01,235,120918,97.01
SBIETFQLTY,EQ,11-Aug-2026,229.93,230.23,230.23,228.5,228.65,228.67,229.29,1026,2.35,49,962,93.76
SBIFUNDS,EQ,11-Aug-2026,570.65,570.25,571.9,567.1,569.0,568.45,568.54,1254557,7132.69,46124,841219,67.05
SBILIFE,EQ,11-Aug-2026,1855.0,1866.0,1866.0,1815.5,1837.6,1837.6,1827.08,1089291,19902.27,64990,597729,54.87
SBILIQETF,EQ,11-Aug-2026,1051.15,1051.28,1051.3,1051.28,1051.3,1051.29,1051.29,27001,283.86,47,12428,46.03
SBIMIDMOM,EQ,11-Aug-2026,64.19,64.51,65.27,63.77,65.0,64.2,63.96,15799,10.11,147,8641,54.69
SBIN,EQ,11-Aug-2026,1071.0,1071.0,1071.0,1060.4,1066.0,1066.0,1066.31,9456913,100839.86,247374,4388088,46.40
SBINEQWETF,EQ,11-Aug-2026,34.26,34.26,34.37,34.02,34.3,34.13,34.13,37685,12.86,259,27603,73.25
SBINMID150,EQ,11-Aug-2026,23.48,24.06,24.06,23.48,23.6,23.58,23.55,10755,2.53,123,10642,98.95
SBISILVER,EQ,11-Aug-2026,226.11,231.76,231.77,226.39,228.5,227.88,228.54,926940,2118.39,7854,279172,30.12
SBISMLETF,EQ,11-Aug-2026,18.44,18.7,18.7,18.23,18.5,18.42,18.39,27322,5.03,187,18767,68.69
SBIVALETF,EQ,11-Aug-2026,15.13,15.07,15.14,14.97,15.09,15.13,15.03,22871,3.44,61,16669,72.88
SCANSTL,BE,11-Aug-2026,62.49,62.5,64.0,59.9,60.66,61.77,61.84,118676,73.39,317,-,-
SCHAEFFLER,EQ,11-Aug-2026,4063.2,4064.6,4210.0,4063.2,4129.7,4151.3,4165.22,91373,3805.89,16097,49264,53.92
SCHAND,EQ,11-Aug-2026,141.63,139.0,141.59,136.5,139.9,139.37,138.29,117973,163.15,2651,66800,56.62
SCHNEIDER,EQ,11-Aug-2026,1424.9,1432.0,1444.5,1380.2,1402.5,1403.3,1401.92,289741,4061.93,21791,118460,40.88
SCI,EQ,11-Aug-2026,294.95,295.8,298.65,291.35,293.95,293.95,294.4,1857143,5467.39,24670,629600,33.90
SCILAL,EQ,11-Aug-2026,41.01,41.1,42.19,40.8,41.0,40.9,41.11,135884,55.86,1009,86105,63.37
SCML,SM,11-Aug-2026,86.0,82.15,86.9,82.15,86.0,86.35,85.2,79000,67.31,62,13000,16.46
SCODATUBES,EQ,11-Aug-2026,140.31,141.33,142.28,139.4,140.5,140.06,140.54,101421,142.53,1944,66499,65.57
SCPL,EQ,11-Aug-2026,631.35,631.05,659.0,604.15,615.35,615.7,635.3,57939,368.08,2881,27925,48.20
SDBL,EQ,11-Aug-2026,74.95,74.9,74.9,73.0,73.3,73.52,73.8,543904,401.38,4129,238612,43.87
SDREAMS,SM,11-Aug-2026,88.0,85.55,85.55,85.55,85.55,85.55,85.55,1000,0.86,1,1000,100.00
SEAMECLTD,EQ,11-Aug-2026,1533.8,1546.1,1555.0,1533.8,1548.9,1547.2,1545.81,31356,484.71,2502,20309,64.77
SECMARK,EQ,11-Aug-2026,125.04,130.0,130.0,123.8,125.0,125.07,126.56,1380,1.75,48,970,70.29
SECURKLOUD,EQ,11-Aug-2026,19.41,19.49,19.5,18.68,19.4,19.04,19.0,11874,2.26,139,10452,88.02
SEDEMAC,EQ,11-Aug-2026,2908.3,2945.0,3116.0,2900.0,3115.0,3096.2,3012.68,328793,9905.49,37878,119001,36.19
SEIL,EQ,11-Aug-2026,202.29,198.05,209.9,198.05,209.0,207.95,204.64,222392,455.11,2305,162017,72.85
SEJALLTD,EQ,11-Aug-2026,715.0,719.65,719.65,688.9,700.0,699.55,697.57,14940,104.22,552,10281,68.82
SEL,SM,11-Aug-2026,243.0,231.0,265.0,221.6,265.0,261.75,250.65,36400,91.24,97,18400,50.55
SELECTIPO,EQ,11-Aug-2026,48.28,48.28,48.5,48.16,48.45,48.48,48.39,27147,13.14,97,22218,81.84
SELLOWRAP,SM,11-Aug-2026,65.5,66.1,67.0,66.1,67.0,67.0,66.95,52800,35.35,4,52800,100.00
SELMC,EQ,11-Aug-2026,26.99,27.69,27.98,26.69,27.64,27.57,27.39,4073,1.12,86,3308,81.22
SEMAC,BE,11-Aug-2026,306.0,300.0,316.4,300.0,305.1,305.1,307.82,114,0.35,4,-,-
SENCO,EQ,11-Aug-2026,398.85,400.5,405.8,397.3,403.95,401.25,400.99,1263839,5067.82,27598,489156,38.70
SENORES,EQ,11-Aug-2026,1422.2,1429.3,1496.3,1410.8,1483.0,1475.7,1455.47,417444,6075.77,22823,181089,43.38
SENSEXADD,EQ,11-Aug-2026,80.79,80.84,80.87,80.5,80.85,80.85,80.65,448,0.36,20,243,54.24
SENSEXAXIS,EQ,11-Aug-2026,81.25,81.25,82.79,80.92,81.98,81.43,81.26,1147,0.93,56,587,51.18
SENSEXBETA,EQ,11-Aug-2026,869.63,870.0,871.0,865.0,865.21,866.54,867.41,2166,18.79,229,1748,80.70
SENSEXETF,EQ,11-Aug-2026,81.02,81.02,81.02,80.57,80.7,80.7,80.74,11725,9.47,204,10589,90.31
SENSEXIETF,EQ,11-Aug-2026,909.09,906.75,906.98,899.04,903.0,900.62,901.03,21024,189.43,512,16510,78.53
SEPC,EQ,11-Aug-2026,6.25,6.23,6.25,6.05,6.09,6.09,6.14,9265227,568.99,6046,4508983,48.67
SERVICE,SM,11-Aug-2026,61.0,60.5,61.0,59.0,61.0,61.0,60.79,48000,29.18,13,48000,100.00
SERVOTECH,EQ,11-Aug-2026,85.12,85.12,85.51,83.02,83.8,83.37,84.04,400757,336.81,4835,221456,55.26
SESHAPAPER,EQ,11-Aug-2026,233.06,234.75,234.75,230.1,234.6,233.0,232.71,34249,79.7,1093,19776,57.74
SETCO,BE,11-Aug-2026,17.92,17.7,17.7,17.57,17.57,17.57,17.57,146686,25.78,93,-,-
SETF10GILT,EQ,11-Aug-2026,266.41,267.8,267.8,264.5,266.45,266.45,265.82,1375,3.66,48,923,67.13
SETFGOLD,EQ,11-Aug-2026,128.66,128.66,130.87,128.66,129.6,129.56,129.81,5971158,7751.35,12947,3092050,51.78
SETFNIF50,EQ,11-Aug-2026,264.97,265.15,265.34,263.06,263.8,263.77,263.64,396918,1046.42,4543,253663,63.91
SETFNIFBK,EQ,11-Aug-2026,593.24,592.74,592.74,588.2,590.5,590.53,589.79,11988,70.7,540,6778,56.54
SETFNN50,EQ,11-Aug-2026,803.25,803.25,807.2,797.97,802.0,800.85,800.44,19585,156.77,1266,12366,63.14
SETL,EQ,11-Aug-2026,283.75,285.0,297.9,281.8,297.9,297.3,295.15,2174754,6418.79,17380,1310718,60.27
SETUINFRA,BZ,11-Aug-2026,0.4,0.42,0.42,0.4,0.41,0.41,0.4,42540,0.17,16,-,-
SEYAIND,BE,11-Aug-2026,12.75,12.75,12.98,12.5,12.76,12.75,12.75,755,0.1,21,-,-
SFL,EQ,11-Aug-2026,673.3,670.25,684.45,670.0,678.0,679.25,678.26,145990,990.19,8942,60113,41.18
SFML,SM,11-Aug-2026,23.4,22.8,22.8,22.0,22.6,22.6,22.29,22400,4.99,12,20800,92.86
SGBAPR28I,GB,11-Aug-2026,14902.52,15100.0,15285.0,15016.01,15070.0,15070.0,15099.93,203,30.65,39,174,85.71
SGBAUG27,GB,11-Aug-2026,14911.0,15022.0,15135.0,15022.0,15050.0,15048.93,15056.08,108,16.26,31,73,67.59
SGBAUG28V,GB,11-Aug-2026,14894.53,15095.0,15139.99,15010.01,15012.01,15048.42,15094.19,1799,271.54,256,1262,70.15
SGBAUG29V,GB,11-Aug-2026,14922.66,15200.0,15200.0,15040.0,15050.0,15050.0,15074.2,291,43.87,57,255,87.63
SGBAUG30,GB,11-Aug-2026,15018.41,15151.0,15250.0,15050.0,15174.99,15108.27,15120.35,348,52.62,110,244,70.11
SGBD29VIII,GB,11-Aug-2026,14940.66,14940.66,15165.0,14940.66,15075.05,15068.35,15094.31,303,45.74,103,199,65.68
SGBDC27VII,GB,11-Aug-2026,14867.33,15000.0,15290.0,14935.01,15000.0,15000.0,14998.36,55,8.25,15,45,81.82
SGBDE30III,GB,11-Aug-2026,15000.0,15076.02,15250.0,15044.01,15100.0,15080.88,15098.37,305,46.05,64,218,71.48
SGBDE31III,GB,11-Aug-2026,15181.18,15250.01,15364.99,15226.0,15330.0,15325.47,15303.48,1107,169.41,278,802,72.45
SGBDEC26,GB,11-Aug-2026,14800.0,15100.0,15100.0,15000.0,15000.0,15000.0,15078.79,33,4.98,15,33,100.00
SGBFEB27,GB,11-Aug-2026,15001.0,16001.0,16001.0,13516.8,14997.0,14997.0,14796.27,110,16.28,33,61,55.45
SGBFEB28IX,GB,11-Aug-2026,14740.0,14911.0,15000.0,14911.0,15000.0,15000.0,14987.27,7,1.05,3,6,85.71
SGBFEB29XI,GB,11-Aug-2026,14909.98,14911.0,15100.0,14911.0,15011.0,15011.0,15047.56,72,10.83,13,46,63.89
SGBFEB32IV,GB,11-Aug-2026,15193.95,15310.0,15550.0,15300.01,15345.99,15329.16,15358.68,2542,390.42,413,1616,63.57
SGBJ28VIII,GB,11-Aug-2026,14899.97,15000.0,15077.01,14975.0,14985.0,14985.0,15004.29,52,7.8,10,33,63.46
SGBJAN27,GB,11-Aug-2026,14924.0,14926.0,15000.0,14926.0,15000.0,15000.0,14963.63,8,1.2,3,4,50.00
SGBJAN29IX,GB,11-Aug-2026,14880.0,15050.0,15115.0,14951.01,15000.0,14995.46,15025.29,854,128.32,54,809,94.73
SGBJAN29X,GB,11-Aug-2026,14836.38,14906.0,15100.0,14906.0,15000.0,14999.76,14991.23,515,77.2,53,478,92.82
SGBJAN30IX,GB,11-Aug-2026,14903.61,15001.01,15100.0,14965.0,15090.0,15054.72,15045.44,132,19.86,36,90,68.18
SGBJU29III,GB,11-Aug-2026,14850.0,15100.0,15140.0,14981.0,15024.0,15003.0,15075.35,144,21.71,35,113,78.47
SGBJUL27,GB,11-Aug-2026,14800.0,15299.99,15799.0,14926.0,15050.0,15050.0,15058.87,24,3.61,14,20,83.33
SGBJUL28IV,GB,11-Aug-2026,14833.9,14950.0,15134.99,14922.0,15005.81,14997.5,15054.79,415,62.48,75,317,76.39
SGBJUL29IV,GB,11-Aug-2026,14836.89,15013.0,15110.0,14970.01,15050.0,15033.85,15041.93,500,75.21,61,444,88.80
SGBJUN27,GB,11-Aug-2026,14900.0,14935.01,15100.0,14935.01,15050.0,15050.0,15064.08,61,9.19,10,51,83.61
SGBJUN28,GB,11-Aug-2026,14900.0,15051.0,15100.0,14965.01,15050.0,15049.57,15062.84,191,28.77,38,115,60.21
SGBJUN29II,GB,11-Aug-2026,14954.35,15100.0,15180.0,14980.0,15040.0,15026.91,15033.63,132,19.84,32,84,63.64
SGBJUN30,GB,11-Aug-2026,14989.99,15100.0,15161.01,15025.0,15051.0,15067.67,15106.17,222,33.54,49,155,69.82
SGBJUN31I,GB,11-Aug-2026,15071.67,15373.1,15373.1,15090.17,15125.0,15152.25,15167.65,484,73.41,124,366,75.62
SGBMAR28X,GB,11-Aug-2026,15005.0,15215.0,15250.0,15125.0,15150.0,15150.0,15182.89,168,25.51,16,108,64.29
SGBMAR30X,GB,11-Aug-2026,14960.0,15011.0,15300.0,15011.0,15080.0,15074.82,15078.15,60,9.05,20,39,65.00
SGBMAR31IV,GB,11-Aug-2026,15100.01,15200.01,15259.55,15099.99,15149.0,15130.06,15125.76,412,62.32,83,367,89.08
SGBMAY28,GB,11-Aug-2026,14884.37,15000.0,15160.0,14970.0,14975.0,14985.35,15016.05,65,9.76,26,46,70.77
SGBMAY29I,GB,11-Aug-2026,14861.48,14925.01,15150.01,14925.01,15040.0,15024.57,15047.83,382,57.48,94,309,80.89
SGBMR29XII,GB,11-Aug-2026,15026.05,15250.1,15250.1,15110.04,15174.99,15166.55,15180.39,399,60.57,24,354,88.72
SGBN28VIII,GB,11-Aug-2026,14900.0,15100.0,15195.0,14966.0,15000.0,14999.73,15043.82,149,22.42,40,117,78.52
SGBNOV26,GB,11-Aug-2026,14899.0,14911.0,14999.9,14911.0,14999.9,14999.9,14955.45,18,2.69,5,9,50.00
SGBNV29VII,GB,11-Aug-2026,14862.68,15001.0,15198.0,15001.0,15095.0,15084.0,15073.63,337,50.8,46,281,83.38
SGBOC28VII,GB,11-Aug-2026,14880.01,14936.56,15299.98,14936.56,15080.0,15081.79,15079.77,236,35.59,46,173,73.31
SGBOCT26,GB,11-Aug-2026,14830.01,15020.0,15100.0,15020.0,15050.0,15048.33,15061.17,30,4.52,13,26,86.67
SGBOCT27,GB,11-Aug-2026,14899.9,15025.0,15180.3,15000.01,15000.01,15000.01,15039.43,31,4.66,12,24,77.42
SGBOCT27VI,GB,11-Aug-2026,14852.03,15040.0,15101.0,14952.04,15070.0,14997.27,15095.47,280,42.27,13,272,97.14
SGBSEP27,GB,11-Aug-2026,15010.0,15155.0,15250.0,15100.03,15150.0,15150.0,15152.25,314,47.58,13,309,98.41
SGBSEP28VI,GB,11-Aug-2026,15011.5,15200.01,15299.99,15101.0,15155.0,15169.58,15195.26,573,87.07,57,546,95.29
SGBSEP29VI,GB,11-Aug-2026,15013.06,15298.9,15299.99,15106.0,15180.0,15153.34,15185.4,412,62.56,41,272,66.02
SGBSEP31II,GB,11-Aug-2026,15096.48,15156.56,15499.0,15127.0,15211.96,15200.46,15203.44,1083,164.65,259,754,69.62
SGFIN,EQ,11-Aug-2026,670.7,672.0,676.55,655.05,662.0,660.2,663.68,358544,2379.59,11319,199835,55.74
SGIL,EQ,11-Aug-2026,617.9,619.9,626.3,604.1,608.0,608.6,615.51,4069,25.05,264,2634,64.73
SGL,EQ,11-Aug-2026,9.87,9.87,10.05,9.77,9.87,9.87,9.92,2722,0.27,39,1703,62.56
SGMART,EQ,11-Aug-2026,714.9,710.0,722.9,697.7,718.0,717.95,713.24,237055,1690.76,10549,93980,39.64
SHADOWFAX,EQ,11-Aug-2026,247.54,248.8,256.0,244.1,250.3,249.03,251.11,7502039,18838.18,74252,3616981,48.21
SHAH,EQ,11-Aug-2026,3.91,3.9,4.09,3.9,4.05,4.05,4.03,9317922,375.53,5436,5967614,64.04
SHAHALLOYS,EQ,11-Aug-2026,69.89,69.89,73.8,69.21,69.21,69.7,71.75,23083,16.56,175,7680,33.27
SHAILY,EQ,11-Aug-2026,3367.4,3356.9,3615.2,3337.4,3465.0,3457.9,3507.62,712478,24991.05,82131,234021,32.85
SHAKTIPUMP,EQ,11-Aug-2026,510.4,509.9,514.9,508.0,510.7,510.6,511.6,216206,1106.1,9504,123403,57.08
SHALBY,EQ,11-Aug-2026,161.87,161.87,163.0,161.01,162.75,161.67,162.03,34995,56.7,1179,21870,62.49
SHALPAINTS,BE,11-Aug-2026,84.37,85.75,88.0,82.2,84.1,83.87,85.88,336143,288.67,818,-,-
SHANKARA,EQ,11-Aug-2026,142.0,141.08,142.5,141.08,142.5,142.22,142.04,41495,58.94,522,31355,75.56
SHANTHALA,SM,11-Aug-2026,17.25,18.4,18.5,18.4,18.5,18.5,18.45,3600,0.66,3,3600,100.00
SHANTI,EQ,11-Aug-2026,6.72,6.61,7.0,5.83,6.04,6.09,6.1,371623,22.66,692,230131,61.93
SHANTIGEAR,EQ,11-Aug-2026,399.35,401.8,407.95,396.0,405.0,399.4,399.8,23689,94.71,1291,16467,69.51
SHANTIGOLD,EQ,11-Aug-2026,227.91,227.91,230.0,223.11,227.0,227.77,226.6,673789,1526.84,9064,351282,52.14
SHARDACROP,EQ,11-Aug-2026,812.6,812.6,815.0,803.1,804.0,806.4,808.68,95174,769.65,6817,54069,56.81
SHARDAMOTR,EQ,11-Aug-2026,955.7,899.0,916.35,872.85,883.15,876.9,895.47,255139,2284.7,18540,123975,48.59
SHARDUL,BE,11-Aug-2026,43.03,45.18,45.18,44.51,45.18,45.18,45.16,24367,11.0,136,-,-
SHAREINDIA,EQ,11-Aug-2026,167.87,167.5,168.88,166.44,167.0,167.56,167.37,155026,259.47,2208,99933,64.46
SHARIABEES,EQ,11-Aug-2026,477.26,474.0,479.56,472.56,478.0,475.4,475.6,6377,30.33,373,3274,51.34
SHBAJRG,EQ,11-Aug-2026,177.43,184.8,184.8,180.0,182.6,181.38,181.48,1305,2.37,18,1292,99.00
SHEETAL,SM,11-Aug-2026,337.25,340.0,340.0,333.0,333.0,333.0,337.67,1500,5.07,3,1500,100.00
SHEKHAWATI,EQ,11-Aug-2026,13.77,13.69,16.52,13.23,16.52,16.52,15.97,219973,35.13,550,172431,78.39
SHEMAROO,BE,11-Aug-2026,120.84,126.0,126.88,124.1,126.88,126.88,126.44,18546,23.45,111,-,-
SHERA,ST,11-Aug-2026,165.8,165.8,165.8,159.0,163.0,163.0,163.55,18000,29.44,15,16000,88.89
SHETHJI,ST,11-Aug-2026,167.45,168.0,174.0,164.0,174.0,168.35,167.96,25000,41.99,15,25000,100.00
SHIGAN,SM,11-Aug-2026,62.15,62.15,62.15,62.0,62.0,62.0,62.08,3000,1.86,2,3000,100.00
SHILCTECH,EQ,11-Aug-2026,4684.1,4684.1,4699.9,4551.1,4576.0,4581.7,4586.26,19666,901.93,6108,9931,50.50
SHILPAMED,EQ,11-Aug-2026,807.55,809.45,825.4,804.25,822.6,819.7,818.13,2415553,19762.25,77043,827277,34.25
SHINDL,EQ,11-Aug-2026,163.3,174.0,174.0,158.8,162.3,164.67,163.11,133009,216.95,1899,47507,35.72
SHIVALIK,BE,11-Aug-2026,255.06,259.7,264.0,250.4,256.0,256.85,259.61,14594,37.89,230,-,-
SHIVAMAUTO,BE,11-Aug-2026,17.59,17.59,17.59,17.24,17.24,17.24,17.35,4720,0.82,29,-,-
SHIVAMILLS,EQ,11-Aug-2026,64.45,67.0,67.0,61.23,61.23,61.98,62.52,2249,1.41,124,2144,95.33
SHIVASHRIT,SM,11-Aug-2026,127.9,124.05,128.0,122.05,128.0,126.8,125.66,96000,120.64,61,31000,32.29
SHIVATEX,EQ,11-Aug-2026,161.13,163.0,165.0,160.26,165.0,163.84,161.85,1132,1.83,45,1088,96.11
SHIVAUM,EQ,11-Aug-2026,428.2,430.05,445.0,423.0,425.0,425.2,425.43,134516,572.27,459,125822,93.54
SHK,EQ,11-Aug-2026,170.89,170.71,174.29,169.81,173.5,172.69,172.41,572680,987.36,8850,283852,49.57
SHKSIL,SM,11-Aug-2026,40.0,38.5,38.5,38.5,38.5,38.5,38.5,4000,1.54,1,4000,100.00
SHOPERSTOP,EQ,11-Aug-2026,425.9,428.0,430.65,422.5,428.25,427.7,426.74,54821,233.94,4514,37694,68.76
SHRADHA,EQ,11-Aug-2026,33.74,34.99,34.99,33.02,34.0,33.73,33.98,40855,13.88,228,12722,31.14
SHREDIGCEM,EQ,11-Aug-2026,71.56,71.0,72.99,71.0,72.65,72.24,72.09,51725,37.29,753,25468,49.24
SHREECEM,EQ,11-Aug-2026,26100.0,26135.0,26135.0,25450.0,25510.0,25510.0,25614.72,15647,4007.94,6577,6361,40.65
SHREEDHAR,ST,11-Aug-2026,104.0,106.0,109.2,106.0,109.2,109.2,107.39,36000,38.66,13,34000,94.44
SHREEJISPG,EQ,11-Aug-2026,662.65,664.8,667.15,617.55,630.0,629.75,641.85,3467381,22255.54,44000,1197309,34.53
SHREEKARNI,SM,11-Aug-2026,402.65,394.0,394.0,378.0,378.0,381.05,388.12,6750,26.2,35,6450,95.56
SHREEOSFM,SM,11-Aug-2026,57.5,57.0,57.0,57.0,57.0,57.0,57.0,1000,0.57,1,1000,100.00
SHREEPUSHK,EQ,11-Aug-2026,411.4,410.0,417.85,408.0,411.2,413.6,412.02,18171,74.87,1026,11112,61.15
SHREERAMA,EQ,11-Aug-2026,37.91,37.91,38.7,37.86,38.31,38.09,38.24,24175,9.24,412,20186,83.50
SHRENIK,BZ,11-Aug-2026,0.32,0.32,0.33,0.31,0.33,0.32,0.32,584487,1.9,232,-,-
SHREYANIND,EQ,11-Aug-2026,142.8,143.5,143.77,139.5,139.75,140.15,140.83,4498,6.33,129,3691,82.06
SHRIAHIMSA,ST,11-Aug-2026,380.25,385.0,386.9,380.1,385.0,385.0,384.84,6000,23.09,10,6000,100.00
SHRIKANHA,SM,11-Aug-2026,22.5,21.55,21.6,21.55,21.6,21.6,21.58,3200,0.69,2,1600,50.00
SHRINGARMS,EQ,11-Aug-2026,233.79,234.9,242.0,231.0,233.5,233.35,237.65,813752,1933.89,6370,255989,31.46
SHRIPISTON,EQ,11-Aug-2026,4410.6,4450.0,4475.0,4341.0,4454.0,4419.1,4429.39,48152,2132.84,11094,24584,51.05
SHRIRAMFIN,EQ,11-Aug-2026,1137.8,1135.8,1135.8,1121.2,1129.9,1129.9,1127.41,3789090,42718.7,52299,2446006,64.55
SHRIRAMPPS,EQ,11-Aug-2026,86.95,86.64,86.8,85.67,86.49,86.26,86.1,272291,234.45,2090,167637,61.57
SHRITECH,SM,11-Aug-2026,58.0,63.7,63.7,59.5,59.5,60.75,61.73,6000,3.7,3,4000,66.67
SHUBHLAXMI,SM,11-Aug-2026,19.0,18.1,18.1,18.1,18.1,18.1,18.1,2000,0.36,2,2000,100.00
SHUBHSHREE,SM,11-Aug-2026,342.5,343.95,344.0,343.95,344.0,344.0,344.0,6000,20.64,2,6000,100.00
SHYAMCENT,BE,11-Aug-2026,5.07,5.15,5.19,5.01,5.07,5.09,5.06,30231,1.53,91,-,-
SHYAMDHANI,ST,11-Aug-2026,63.35,60.25,60.25,60.2,60.2,60.2,60.22,18000,10.84,8,16000,88.89
SHYAMMETL,EQ,11-Aug-2026,1003.1,1003.1,1003.1,977.0,982.1,984.8,986.28,684760,6753.66,14094,303286,44.29
SHYAMTEL,BE,11-Aug-2026,14.77,14.99,15.49,14.31,14.75,14.82,14.85,2669,0.4,32,-,-
SICAGEN,EQ,11-Aug-2026,66.66,66.84,66.84,60.0,60.0,60.0,61.74,320485,197.87,2232,221076,68.98
SICALLOG,BE,11-Aug-2026,102.07,102.0,107.17,101.1,107.17,107.17,106.07,28777,30.52,202,-,-
SIDDHICOTS,SM,11-Aug-2026,28.05,28.05,28.05,28.0,28.0,28.0,28.03,2400,0.67,2,2400,100.00
SIDDHIKA,SM,11-Aug-2026,209.25,205.0,219.7,205.0,216.05,216.05,216.05,9000,19.44,11,8000,88.89
SIEMENS,EQ,11-Aug-2026,3914.3,3924.0,4040.0,3854.6,4011.0,4011.0,3939.63,1266007,49875.96,87740,211066,16.67
SIGACHI,BE,11-Aug-2026,25.41,25.02,26.08,25.02,25.9,25.81,25.81,509440,131.48,807,-,-
SIGIND,EQ,11-Aug-2026,70.61,69.5,73.5,69.5,71.54,71.49,72.54,128779,93.42,1054,99036,76.90
SIGMA,EQ,11-Aug-2026,47.25,47.25,48.0,46.91,46.94,47.13,47.42,189162,89.71,1487,116573,61.63
SIGMAADV,BE,11-Aug-2026,703.95,700.0,709.95,690.0,701.8,701.45,697.02,150689,1050.33,2943,-,-
SIGNATURE,EQ,11-Aug-2026,824.65,822.0,824.0,811.4,817.0,814.9,817.26,168942,1380.7,3037,11043,6.54
SIGNORIA,ST,11-Aug-2026,166.5,170.1,171.5,170.0,171.05,171.05,170.83,5000,8.54,5,4000,80.00
SIGNPOST,EQ,11-Aug-2026,267.7,267.7,273.15,267.15,273.0,270.75,270.67,47466,128.47,2207,24483,51.58
SIKA,EQ,11-Aug-2026,1068.4,1063.1,1124.8,1063.1,1098.0,1102.6,1102.48,24009,264.69,3114,11654,48.54
SIKKO,BE,11-Aug-2026,6.11,6.1,6.1,5.81,5.81,5.81,5.84,339093,19.82,509,-,-
SIL,EQ,11-Aug-2026,19.0,21.7,21.7,20.08,21.09,20.91,21.12,1432157,302.5,4904,679901,47.47
SILGO,EQ,11-Aug-2026,69.21,68.16,70.64,66.55,67.6,68.72,69.49,219514,152.53,1004,51550,23.48
SILINV,EQ,11-Aug-2026,429.2,439.7,439.7,424.95,426.4,426.5,427.49,1027,4.39,60,933,90.85
SILKFLEX,SM,11-Aug-2026,210.65,214.95,214.95,200.15,200.15,200.15,202.54,38000,76.97,37,25000,65.79
SILKY,SM,11-Aug-2026,78.95,81.95,81.95,74.2,76.2,76.2,76.65,3200,2.45,4,2400,75.00
SILLYMONKS,EQ,11-Aug-2026,16.13,15.75,16.68,15.75,16.03,16.16,16.11,2429,0.39,87,1944,80.03
SILVER,EQ,11-Aug-2026,230.23,234.7,235.79,230.65,232.2,232.18,232.57,1452441,3377.92,10747,412602,28.41
SILVER1,EQ,11-Aug-2026,22.4,22.55,22.86,22.42,22.57,22.56,22.68,8017274,1818.47,5608,2453814,30.61
SILVER360,EQ,11-Aug-2026,226.3,230.5,231.48,226.63,227.83,227.85,229.35,31689,72.68,904,15804,49.87
SILVERADD,EQ,11-Aug-2026,222.19,226.49,227.18,222.75,223.86,223.97,224.25,730701,1638.58,5455,544978,74.58
SILVERAG,EQ,11-Aug-2026,224.28,227.99,229.11,224.98,227.0,226.69,227.03,270138,613.29,3087,128182,47.45
SILVERAXIS,EQ,11-Aug-2026,229.13,234.12,234.13,229.69,230.94,231.09,233.04,1278325,2979.02,3815,909516,71.15
SILVERBEES,EQ,11-Aug-2026,220.46,224.4,225.59,220.9,222.29,222.32,222.89,39896251,88924.87,86802,15088229,37.82
SILVERBETA,EQ,11-Aug-2026,222.77,226.19,227.34,223.1,225.4,224.85,225.0,917475,2064.35,5351,399896,43.59
SILVERBND,EQ,11-Aug-2026,231.18,234.62,239.99,231.65,234.18,234.18,234.73,21460,50.37,211,17397,81.07
SILVERCASE,EQ,11-Aug-2026,23.39,22.92,23.95,22.8,23.59,23.57,23.6,12090323,2853.75,7591,2570158,21.26
SILVERIETF,EQ,11-Aug-2026,230.2,224.44,235.4,224.44,232.14,232.14,233.08,4789277,11162.84,23419,2561585,53.49
SILVERTUC,EQ,11-Aug-2026,203.18,206.0,210.0,205.0,206.62,206.52,207.51,509162,1056.55,7908,232928,45.75
SIMBHALS,BZ,11-Aug-2026,7.09,7.23,7.23,6.82,7.0,6.91,6.99,5618,0.39,40,-,-
SIMCA,SM,11-Aug-2026,244.95,249.85,249.85,240.9,244.0,242.15,243.73,23400,57.03,39,13800,58.97
SIMPLEXINF,EQ,11-Aug-2026,260.55,260.06,269.5,254.63,257.0,263.49,264.68,238597,631.51,4272,158245,66.32
SINCLAIR,EQ,11-Aug-2026,76.98,77.0,77.98,76.21,77.5,77.6,77.6,15312,11.88,216,9330,60.93
SINDHUTRAD,EQ,11-Aug-2026,24.47,24.66,24.87,24.34,24.5,24.45,24.54,140831,34.56,608,70224,49.86
SINGERIND,EQ,11-Aug-2026,69.25,68.6,77.57,68.25,76.39,76.09,75.22,742804,558.71,6475,494044,66.51
SINTERCOM,EQ,11-Aug-2026,86.99,86.0,86.0,83.11,84.99,84.83,83.88,3898,3.27,66,3216,82.50
SIRCA,EQ,11-Aug-2026,453.2,453.0,454.95,435.75,439.0,442.35,446.74,335775,1500.05,4502,168749,50.26
SIS,EQ,11-Aug-2026,427.35,429.85,439.7,427.3,437.8,437.55,437.06,116676,509.95,6995,68384,58.61
SITINET,BZ,11-Aug-2026,0.29,0.29,0.3,0.28,0.3,0.29,0.29,698735,2.06,268,-,-
SIYSIL,EQ,11-Aug-2026,620.0,620.0,634.65,618.05,631.85,632.25,629.34,86951,547.22,3911,36735,42.25
SJLOGISTIC,SM,11-Aug-2026,306.7,309.0,335.0,309.0,313.0,318.05,323.71,155500,503.36,373,77000,49.52
SJS,EQ,11-Aug-2026,2372.0,2399.5,2429.7,2369.5,2390.8,2402.8,2393.03,294658,7051.25,28513,165860,56.29
SJVN,EQ,11-Aug-2026,67.9,67.9,68.1,66.9,67.0,67.24,67.46,2242721,1513.04,14160,1225072,54.62
SKFINDIA,EQ,11-Aug-2026,1537.3,1535.4,1549.5,1521.0,1521.0,1522.7,1535.11,24799,380.69,5638,13281,53.55
SKFINDUS,EQ,11-Aug-2026,2740.7,2742.1,2764.3,2705.3,2727.0,2730.0,2730.45,10112,276.1,3028,5127,50.70
SKIPPER,EQ,11-Aug-2026,529.0,532.4,537.5,520.0,526.0,526.25,528.76,1107540,5856.21,34546,276928,25.00
SKMEGGPROD,EQ,11-Aug-2026,249.77,253.69,269.0,251.21,261.94,262.57,261.02,1232242,3216.4,20489,542648,44.04
SKP,SM,11-Aug-2026,171.0,165.0,165.0,165.0,165.0,165.0,165.0,500,0.83,1,500,100.00
SKYGOLD,EQ,11-Aug-2026,779.6,782.65,801.0,780.0,792.0,790.05,788.8,1562876,12328.02,34311,448038,28.67
SLONE,ST,11-Aug-2026,141.0,148.0,148.0,134.0,147.0,144.65,142.86,2800,4.0,7,2000,71.43
SMALL250,EQ,11-Aug-2026,18.38,18.38,18.48,18.01,18.46,18.44,18.44,178110,32.85,588,139634,78.40
SMALLADD,EQ,11-Aug-2026,18.5,18.5,19.5,18.44,18.92,18.8,18.74,60272,11.29,117,47808,79.32
SMALLCAP,EQ,11-Aug-2026,48.27,49.47,49.47,47.78,48.42,48.42,48.37,1362858,659.18,2621,980048,71.91
SMALLGROWW,EQ,11-Aug-2026,48.55,48.5,48.82,48.35,48.78,48.67,48.61,3340,1.62,81,2802,83.89
SMALLIETF,EQ,11-Aug-2026,18.41,18.45,18.45,18.37,18.39,18.41,18.42,38835,7.15,121,24336,62.67
SMARTEN,ST,11-Aug-2026,50.75,50.0,50.0,48.3,48.6,48.6,48.72,8400,4.09,7,7200,85.71
SMARTLINK,BE,11-Aug-2026,218.0,225.0,225.0,212.0,213.11,214.05,215.0,4936,10.61,105,-,-
SMARTWORKS,EQ,11-Aug-2026,481.9,481.9,484.85,473.9,477.0,478.1,477.24,127857,610.18,3570,106582,83.36
SMCGLOBAL,EQ,11-Aug-2026,79.39,78.82,79.9,78.1,79.25,79.42,79.35,350170,277.86,2040,250798,71.62
SML100CASE,EQ,11-Aug-2026,11.26,11.33,11.33,11.26,11.3,11.29,11.3,762663,86.18,1254,609834,79.96
SMLMAH,EQ,11-Aug-2026,5227.0,5205.0,5445.0,5060.5,5206.0,5208.5,5242.33,219413,11502.36,27419,65069,29.66
SMLT,EQ,11-Aug-2026,70.5,70.98,70.98,67.0,70.0,69.45,68.79,3532,2.43,153,2553,72.28
SMSPHARMA,EQ,11-Aug-2026,371.9,370.2,380.0,367.3,379.5,378.75,374.36,192047,718.95,3987,97778,50.91
SNEHAA,SM,11-Aug-2026,47.1,46.5,47.1,46.5,47.1,47.1,46.8,2000,0.94,2,2000,100.00
SNOWMAN,EQ,11-Aug-2026,39.2,39.11,39.69,38.36,38.64,38.62,38.73,152414,59.03,1513,80874,53.06
SNXT30BEES,EQ,11-Aug-2026,43.85,44.12,44.12,43.5,43.72,43.82,43.86,3072,1.35,66,2908,94.66
SNXT50BETA,EQ,11-Aug-2026,95.89,96.29,96.65,96.14,96.36,96.37,96.36,2207,2.13,76,2070,93.79
SOBHA,EQ,11-Aug-2026,1355.7,1374.0,1374.0,1337.0,1339.0,1342.1,1348.69,265077,3575.06,11030,216734,81.76
SOCL,SM,11-Aug-2026,26.75,26.6,28.05,26.5,28.05,28.05,27.45,22400,6.15,9,20800,92.86
SOFTTECH,EQ,11-Aug-2026,423.0,421.4,432.0,421.4,423.1,423.1,429.46,3788,16.27,57,3578,94.46
SOLARA,EQ,11-Aug-2026,514.2,514.6,520.0,504.0,508.8,508.7,510.25,131956,673.31,4891,82635,62.62
SOLARINDS,EQ,11-Aug-2026,18820.0,18819.0,18819.0,18420.0,18770.0,18770.0,18622.47,81535,15183.83,18296,30376,37.26
SOLARWORLD,EQ,11-Aug-2026,166.55,168.01,168.01,164.0,164.5,164.61,165.43,146694,242.67,2817,71205,48.54
SOLEX,EQ,11-Aug-2026,903.4,909.25,924.0,898.25,912.65,909.5,911.16,25182,229.45,1870,14100,55.99
SOMANYCERA,EQ,11-Aug-2026,499.6,503.2,517.0,495.85,512.3,510.25,505.39,98120,495.89,12628,62246,63.44
SOMATEX,EQ,11-Aug-2026,94.23,94.0,96.07,92.02,93.2,93.52,93.67,6194,5.8,270,4455,71.92
SOMICONVEY,EQ,11-Aug-2026,93.92,98.4,98.4,93.2,95.9,95.38,94.84,17558,16.65,766,8332,47.45
SONACOMS,EQ,11-Aug-2026,812.5,808.45,821.0,798.0,800.0,800.0,805.11,1377316,11088.95,45601,661260,48.01
SONAL,EQ,11-Aug-2026,91.4,86.85,91.0,86.85,90.99,90.99,89.67,128,0.11,17,99,77.34
SONAMAC,SM,11-Aug-2026,33.5,33.1,33.1,32.95,32.95,32.95,33.02,3000,0.99,3,3000,100.00
SONAMLTD,EQ,11-Aug-2026,54.29,54.25,55.95,54.25,55.38,54.72,55.29,17143,9.48,504,8507,49.62
SONATSOFTW,EQ,11-Aug-2026,320.1,320.1,334.9,318.8,333.5,333.9,328.52,1316572,4325.16,28278,418479,31.79
SOTL,EQ,11-Aug-2026,691.0,691.0,718.5,687.55,700.0,700.05,704.31,381189,2684.74,11123,164006,43.02
SOUTHBANK,EQ,11-Aug-2026,46.0,46.0,46.04,45.37,45.78,45.81,45.74,6729091,3077.73,24838,3294423,48.96
SOUTHWEST,EQ,11-Aug-2026,231.8,231.49,235.85,227.6,227.8,228.23,231.12,78035,180.36,2324,41943,53.75
SPAL,EQ,11-Aug-2026,1067.95,1068.0,1082.95,1054.7,1080.0,1074.5,1070.15,69139,739.89,6510,29089,42.07
SPANDANA,EQ,11-Aug-2026,252.7,252.65,254.1,248.3,249.5,249.25,250.37,142688,357.25,4948,77671,54.43
SPARC,EQ,11-Aug-2026,207.38,207.38,211.0,204.2,205.0,205.26,207.27,814470,1688.14,11072,381248,46.81
SPCENET,EQ,11-Aug-2026,3.87,3.9,4.0,3.58,3.84,3.82,3.82,419733,16.04,537,281212,67.00
SPCL,SM,11-Aug-2026,65.95,65.0,66.1,65.0,65.0,65.0,65.33,9600,6.27,16,7200,75.00
SPCON,SM,11-Aug-2026,152.6,150.0,150.0,136.3,146.05,146.05,144.73,7200,10.42,6,4800,66.67
SPECIALITY,EQ,11-Aug-2026,150.15,158.99,167.46,154.0,158.2,158.6,159.72,653579,1043.89,8478,206380,31.58
SPECTRUM,BE,11-Aug-2026,2530.2,2530.2,2530.2,2403.7,2403.7,2403.7,2405.2,3644,87.65,189,-,-
SPECTSTM,SM,11-Aug-2026,68.3,68.3,68.3,64.05,64.3,64.15,65.53,4800,3.15,6,4000,83.33
SPENCERS,EQ,11-Aug-2026,32.02,32.18,32.97,30.65,31.99,31.53,32.11,94328,30.29,679,56057,59.43
SPIC,EQ,11-Aug-2026,67.78,67.67,67.99,66.2,66.9,66.87,67.27,187322,126.01,1992,111645,59.60
SPLIL,EQ,11-Aug-2026,32.61,32.28,33.25,30.45,31.4,31.03,31.12,14390,4.48,231,9083,63.12
SPLPETRO,EQ,11-Aug-2026,693.75,693.0,699.25,681.85,688.0,685.25,688.6,66360,456.96,5262,39746,59.89
SPMLINFRA,EQ,11-Aug-2026,188.11,186.5,191.38,185.5,187.25,186.43,188.54,191405,360.88,2919,117020,61.14
SPORTKING,EQ,11-Aug-2026,209.94,209.32,211.62,206.0,208.8,208.19,208.51,355882,742.04,7094,152440,42.83
SPUNWEB,SM,11-Aug-2026,102.0,102.0,102.0,102.0,102.0,102.0,102.0,1200,1.22,1,1200,100.00
SRD,EQ,11-Aug-2026,37.06,37.9,37.97,37.0,37.05,37.05,37.36,16796,6.27,145,15224,90.64
SREEL,EQ,11-Aug-2026,221.22,222.32,237.9,219.5,231.8,230.7,231.22,63959,147.88,1520,47860,74.83
SRF,EQ,11-Aug-2026,2610.0,2610.0,2613.1,2550.0,2570.0,2570.0,2566.86,377687,9694.69,28035,207372,54.91
SRGHFL,EQ,11-Aug-2026,287.05,287.05,287.05,262.15,277.95,272.1,278.13,35543,98.86,485,22468,63.21
SRHHYPOLTD,EQ,11-Aug-2026,498.35,499.55,507.9,486.1,499.9,500.95,498.06,13055,65.02,817,7617,58.35
SRIVASAVI,ST,11-Aug-2026,86.0,86.0,86.0,86.0,86.0,86.0,86.0,3000,2.58,3,3000,100.00
SRM,EQ,11-Aug-2026,513.9,514.65,518.6,510.0,510.0,512.8,514.34,32256,165.9,1310,20029,62.09
SRTL,EQ,11-Aug-2026,40.29,40.3,40.49,40.03,40.03,40.08,40.24,40889,16.45,262,36136,88.38
SSDL,EQ,11-Aug-2026,53.87,54.0,56.0,53.37,54.5,54.81,54.45,9195,5.01,172,7498,81.54
SSEGL,SM,11-Aug-2026,315.15,315.0,316.5,306.85,312.0,309.05,310.66,33000,102.52,131,24200,73.33
SSFL,ST,11-Aug-2026,230.95,228.65,241.95,228.65,241.95,241.75,237.34,12500,29.67,24,11500,92.00
SSFLPP,E1,11-Aug-2026,130.9,130.85,131.0,128.7,129.5,128.75,129.8,7297,9.47,53,7095,97.23
SSWL,EQ,11-Aug-2026,321.6,324.0,324.0,315.2,317.5,317.4,319.04,354982,1132.55,12744,186946,52.66
STALLION,BE,11-Aug-2026,254.0,250.9,250.9,241.3,241.3,241.3,241.61,237023,572.66,1700,-,-
STANLEY,EQ,11-Aug-2026,143.19,143.19,146.59,141.57,143.35,143.48,144.18,181498,261.69,4937,76554,42.18
STAR,EQ,11-Aug-2026,999.0,1012.4,1012.4,986.0,1002.0,1002.8,998.27,188504,1881.78,13342,90561,48.04
STARCEMENT,EQ,11-Aug-2026,198.94,199.45,200.99,195.91,199.0,197.98,197.56,183219,361.96,4165,113544,61.97
STARHEALTH,EQ,11-Aug-2026,574.95,574.95,587.9,567.0,587.0,584.7,577.96,469134,2711.39,22248,230388,49.11
STARPAPER,EQ,11-Aug-2026,152.83,153.81,154.5,151.02,154.45,154.07,153.35,6497,9.96,140,4965,76.42
STARTECK,EQ,11-Aug-2026,256.05,257.95,261.2,255.5,260.8,259.8,257.09,7161,18.41,30,144,2.01
STCINDIA,EQ,11-Aug-2026,118.63,119.4,119.89,118.1,118.2,119.01,118.94,12234,14.55,455,7058,57.69
STEELCAS,EQ,11-Aug-2026,332.55,333.4,335.65,324.35,329.6,328.4,328.96,94136,309.67,2460,66264,70.39
STEELCITY,EQ,11-Aug-2026,82.92,82.94,83.39,81.1,81.16,81.29,81.71,11493,9.39,283,7583,65.98
STEELXIND,EQ,11-Aug-2026,10.65,10.9,10.95,10.06,10.67,10.71,10.4,10867007,1129.84,8483,6621081,60.93
STEL,EQ,11-Aug-2026,535.55,530.0,542.05,525.3,535.1,534.65,533.22,2884,15.38,191,2161,74.93
STERTOOLS,BE,11-Aug-2026,232.15,231.65,231.65,220.6,221.5,222.3,223.51,56232,125.69,1109,-,-
STLNETWORK,EQ,11-Aug-2026,25.08,25.06,26.33,24.85,26.05,26.15,25.8,2107295,543.63,4837,1088782,51.67
STLTECH,BE,11-Aug-2026,637.75,622.55,632.3,613.0,618.0,620.0,620.8,1089116,6761.18,30826,-,-
STOVEKRAFT,EQ,11-Aug-2026,808.85,808.9,810.7,786.55,794.6,792.85,795.93,96213,765.79,5869,47516,49.39
STUDDS,EQ,11-Aug-2026,432.25,432.25,441.25,412.3,424.0,421.4,423.23,146823,621.4,7684,78911,53.75
STUDIOLSD,SM,11-Aug-2026,8.8,8.8,9.1,8.6,9.05,9.05,8.92,26000,2.32,12,22000,84.62
STYL,EQ,11-Aug-2026,413.2,413.0,418.9,410.8,411.0,412.45,414.89,98251,407.64,3899,49277,50.15
STYLAMIND,EQ,11-Aug-2026,3651.2,3652.0,3652.1,3542.4,3569.7,3568.7,3587.64,32486,1165.48,7422,18769,57.78
STYLEBAAZA,EQ,11-Aug-2026,336.65,353.0,353.45,347.95,353.45,353.45,353.08,1709464,6035.79,3496,1224129,71.61
STYRENIX,EQ,11-Aug-2026,2264.8,2260.0,2266.0,2201.0,2237.0,2230.5,2223.82,59215,1316.84,5664,32640,55.12
SUBAHOTELS,SM,11-Aug-2026,113.45,114.5,118.0,111.5,112.0,112.85,114.34,52800,60.37,39,36000,68.18
SUBEXLTD,BE,11-Aug-2026,13.89,14.0,14.18,13.89,14.05,13.97,13.97,622560,86.99,1547,-,-
SUBROS,EQ,11-Aug-2026,778.15,778.0,778.6,762.0,765.05,765.6,767.45,69050,529.92,5162,38817,56.22
SUDARCOLOR,EQ,11-Aug-2026,410.7,410.7,410.7,405.1,406.1,406.55,406.29,7463,30.32,399,5126,68.69
SUDARSCHEM,EQ,11-Aug-2026,1124.3,1122.1,1131.9,1102.2,1110.0,1110.0,1117.82,170216,1902.7,8603,101661,59.72
SUDEEPPHRM,EQ,11-Aug-2026,1053.3,1066.0,1158.6,1060.0,1110.0,1108.4,1115.17,1156050,12891.94,63323,447631,38.72
SUKHJITS,EQ,11-Aug-2026,162.92,160.21,164.0,160.21,161.5,161.37,161.74,3917,6.34,162,2706,69.08
SULA,EQ,11-Aug-2026,153.78,153.0,154.68,151.62,152.9,152.3,152.85,224614,343.32,4209,137622,61.27
SUMEETINDS,EQ,11-Aug-2026,16.42,15.6,15.6,15.6,15.6,15.6,15.6,1605105,250.4,619,1605105,100.00
SUMICHEM,EQ,11-Aug-2026,561.25,563.85,569.0,553.6,555.0,558.1,561.14,798062,4478.26,23888,427033,53.51
SUMIT,EQ,11-Aug-2026,52.18,56.9,56.9,51.02,52.5,52.32,52.46,35871,18.82,814,13897,38.74
SUMMITSEC,EQ,11-Aug-2026,1466.8,1459.5,1485.3,1456.0,1475.0,1463.9,1470.22,3093,45.47,510,1730,55.93
SUNCLAY,EQ,11-Aug-2026,1234.5,1240.4,1275.0,1216.0,1221.0,1221.4,1242.56,13087,162.61,1897,7150,54.63
SUNDARAM,EQ,11-Aug-2026,1.25,1.27,1.27,1.23,1.25,1.23,1.25,409364,5.11,293,287815,70.31
SUNDARMFIN,EQ,11-Aug-2026,4568.5,4567.0,4575.0,4434.1,4464.6,4447.4,4480.41,33030,1479.88,7567,19531,59.13
SUNDRMBRAK,BE,11-Aug-2026,797.5,808.0,808.0,777.05,801.0,799.8,791.07,940,7.44,38,-,-
SUNDRMFAST,EQ,11-Aug-2026,1121.3,1200.0,1226.0,1177.0,1206.0,1210.05,1209.53,1057516,12790.99,67268,330978,31.30
SUNDROP,EQ,11-Aug-2026,662.4,667.2,680.25,660.65,677.6,674.85,671.92,16775,112.71,899,10690,63.73
SUNFLAG,EQ,11-Aug-2026,380.85,384.0,384.4,363.15,369.0,369.0,373.53,222995,832.94,4874,135029,60.55
SUNLITE,SM,11-Aug-2026,457.2,483.5,483.5,453.0,460.0,456.5,460.7,7500,34.55,25,5700,76.00
SUNPHARMA,EQ,11-Aug-2026,1944.4,1939.0,1951.1,1928.6,1942.0,1942.0,1940.18,2125972,41247.75,83745,1446998,68.06
SUNREST,SM,11-Aug-2026,37.1,38.0,38.0,38.0,38.0,38.0,38.0,1600,0.61,1,1600,100.00
SUNTECK,EQ,11-Aug-2026,298.55,297.2,298.15,294.75,296.0,296.55,296.62,96946,287.56,3343,53335,55.02
SUNTV,EQ,11-Aug-2026,487.8,491.0,491.0,481.9,485.0,483.7,483.89,147437,713.43,9779,76981,52.21
SUPERHOUSE,EQ,11-Aug-2026,161.54,159.98,162.8,158.36,159.83,160.89,160.85,709,1.14,52,523,73.77
SUPERSPIN,BE,11-Aug-2026,6.24,6.12,6.12,6.12,6.12,6.12,6.12,1726,0.11,6,-,-
SUPRAJIT,EQ,11-Aug-2026,529.25,528.95,533.95,525.85,532.5,531.25,530.62,114685,608.54,8515,68269,59.53
SUPREME,EQ,11-Aug-2026,43.53,43.54,44.7,43.0,44.08,44.43,43.96,6353,2.79,146,4665,73.43
SUPREMEENG,BZ,11-Aug-2026,2.33,2.37,2.37,2.37,2.37,2.37,2.37,208581,4.94,84,-,-
SUPREMEIND,EQ,11-Aug-2026,3495.0,3475.1,3489.0,3396.1,3435.0,3435.0,3429.11,182104,6244.55,22753,65820,36.14
SUPREMEINF,EQ,11-Aug-2026,88.39,86.0,92.89,85.1,85.1,85.46,85.95,60434,51.94,901,34399,56.92
SUPREMEPWR,SM,11-Aug-2026,201.45,201.0,202.0,194.0,195.0,196.7,198.05,84000,166.36,132,57000,67.86
SUPRIYA,EQ,11-Aug-2026,922.85,915.1,939.8,845.0,854.0,851.0,874.7,902543,7894.51,43489,357195,39.58
SURAJEST,EQ,11-Aug-2026,208.47,208.0,218.0,208.0,208.5,208.78,210.56,246553,519.14,1493,209931,85.15
SURAJLTD,EQ,11-Aug-2026,223.04,223.87,224.14,218.0,223.99,223.64,223.51,44,0.1,17,34,77.27
SURAKSHA,EQ,11-Aug-2026,265.5,265.0,277.7,257.5,260.0,258.25,264.71,394091,1043.19,6950,272291,69.09
SURANASOL,EQ,11-Aug-2026,26.51,26.69,26.74,26.15,26.45,26.3,26.44,28262,7.47,528,19108,67.61
SURANAT&P,EQ,11-Aug-2026,16.53,16.5,16.74,15.57,16.38,16.31,16.07,240422,38.63,1069,117771,48.99
SURANI,SM,11-Aug-2026,99.2,99.2,99.2,99.0,99.2,99.2,99.13,600,0.59,3,600,100.00
SURYALA,EQ,11-Aug-2026,408.25,408.25,408.25,390.05,396.9,392.25,393.91,1577,6.21,90,1196,75.84
SURYALAXMI,EQ,11-Aug-2026,60.62,60.63,61.88,59.01,59.65,59.65,60.14,5384,3.24,66,3915,72.72
SURYAROSNI,EQ,11-Aug-2026,247.72,249.0,253.0,229.25,234.4,235.83,240.82,5245651,12632.66,77949,1209153,23.05
SURYODAY,EQ,11-Aug-2026,161.32,162.5,164.75,160.86,163.45,163.66,163.38,497920,813.5,9102,261683,52.56
SUTLEJTEX,BE,11-Aug-2026,38.34,38.38,38.49,38.03,38.1,38.1,38.09,39754,15.14,74,-,-
SUVEN,EQ,11-Aug-2026,332.6,333.0,344.65,330.6,342.5,340.5,339.59,786595,2671.19,19646,274364,34.88
SUVIDHAA,EQ,11-Aug-2026,2.53,2.52,2.59,2.52,2.55,2.54,2.54,60968,1.55,155,60010,98.43
SUYOG,EQ,11-Aug-2026,852.0,855.0,880.75,844.2,855.0,855.3,861.32,24530,211.28,1088,18170,74.07
SUZLON,EQ,11-Aug-2026,47.5,47.59,47.71,47.1,47.5,47.5,47.32,37012060,17515.25,63062,18169327,49.09
SVLL,BE,11-Aug-2026,746.0,754.6,756.0,746.0,746.05,746.05,750.0,1444,10.83,25,-,-
SVPGLOB,BE,11-Aug-2026,3.88,4.07,4.07,3.8,3.98,3.97,3.92,25593,1.0,47,-,-
SWANCORP,EQ,11-Aug-2026,307.5,307.5,313.35,307.5,311.4,311.25,310.84,933299,2901.09,11274,396502,42.48
SWANDEF,BE,11-Aug-2026,2622.5,2622.5,2750.0,2500.0,2600.0,2573.8,2584.85,21643,559.44,1213,-,-
SWARAJ,SM,11-Aug-2026,359.8,360.0,368.0,359.0,364.65,365.45,363.47,307000,1115.86,246,195000,63.52
SWARAJENG,EQ,11-Aug-2026,3602.3,3623.4,3623.4,3590.0,3600.0,3597.9,3601.43,4836,174.17,965,3785,78.27
SWELECTES,EQ,11-Aug-2026,691.25,691.25,699.45,680.0,692.0,688.95,689.36,27575,190.09,1550,14023,50.85
SWIGGY,EQ,11-Aug-2026,279.0,279.0,281.3,273.1,280.5,280.5,276.92,12129143,33587.44,66097,4227834,34.86
SWSOLAR,EQ,11-Aug-2026,203.96,204.15,204.87,202.4,202.89,202.98,203.54,409231,832.96,5520,204597,50.00
SYMPHONY,EQ,11-Aug-2026,645.7,647.4,649.2,640.0,641.5,641.15,642.98,62590,402.44,3800,36801,58.80
SYNCOMF,EQ,11-Aug-2026,14.34,14.61,14.91,14.22,14.6,14.53,14.58,4933856,719.44,10091,1756063,35.59
SYNGENE,EQ,11-Aug-2026,402.6,404.9,408.0,402.0,407.7,407.25,406.14,405459,1646.75,24847,218934,54.00
SYNOPTICS,ST,11-Aug-2026,71.0,71.0,71.0,71.0,71.0,71.0,71.0,600,0.43,1,600,100.00
SYRMA,EQ,11-Aug-2026,1516.4,1516.4,1543.0,1486.9,1493.9,1494.8,1512.92,1508375,22820.44,60560,541061,35.87
SYSTANGO,SM,11-Aug-2026,212.3,210.25,225.0,210.0,218.5,218.5,218.21,44000,96.01,103,29600,67.27
SYSTMTXC,BE,11-Aug-2026,59.1,59.39,60.5,58.0,60.0,59.95,59.94,121151,72.61,83,-,-
TAALTECH,EQ,11-Aug-2026,4534.0,4500.3,4550.1,4324.0,4336.0,4334.8,4415.07,4599,203.05,845,3297,71.69
TAC,ST,11-Aug-2026,493.9,512.0,512.0,480.0,495.0,490.15,489.08,27800,135.96,114,24000,86.33
TAINWALCHM,EQ,11-Aug-2026,203.27,201.0,204.9,201.0,202.1,203.21,203.14,3689,7.49,180,2467,66.87
TAJGVK,EQ,11-Aug-2026,353.9,353.9,360.0,351.45,358.5,358.7,356.03,62070,220.99,2069,32052,51.64
TAKE,EQ,11-Aug-2026,22.99,23.27,23.45,22.22,23.25,23.25,23.22,1330458,308.87,1503,1162924,87.41
TALBROAUTO,EQ,11-Aug-2026,422.05,425.0,425.05,407.2,411.3,409.95,415.59,141590,588.43,7119,64034,45.22
TAMBOLIIN,BE,11-Aug-2026,230.0,223.1,230.0,223.1,226.0,226.06,228.31,2859,6.53,29,-,-
TANLA,EQ,11-Aug-2026,632.1,633.0,645.6,613.65,617.05,616.65,628.7,799037,5023.55,22712,368198,46.08
TARACHAND,EQ,11-Aug-2026,50.12,48.65,50.5,48.65,49.75,49.56,49.8,112213,55.88,1450,68271,60.84
TARAPUR,EQ,11-Aug-2026,14.24,14.72,15.48,14.3,14.69,14.56,14.75,68098,10.05,367,46079,67.67
TARC,EQ,11-Aug-2026,131.38,131.38,132.0,126.41,129.99,128.98,128.43,501810,644.49,4655,202424,40.34
TARIL,EQ,11-Aug-2026,299.1,299.3,300.4,296.5,296.55,297.1,298.19,536493,1599.78,11382,300326,55.98
TARMAT,EQ,11-Aug-2026,54.12,54.8,59.0,53.9,56.51,56.81,57.42,116619,66.96,1346,66411,56.95
TARSONS,EQ,11-Aug-2026,313.5,290.0,304.85,288.0,293.5,297.2,295.07,476243,1405.24,12351,195366,41.02
TASTYBITE,EQ,11-Aug-2026,9524.5,9489.5,9666.0,9302.0,9469.0,9357.0,9436.6,6123,577.8,1143,3535,57.73
TATACAP,EQ,11-Aug-2026,367.85,367.6,370.55,366.5,367.3,367.2,368.06,1019980,3754.19,21815,568301,55.72
TATACHEM,EQ,11-Aug-2026,668.9,670.0,671.2,666.35,668.2,668.75,668.95,221903,1484.42,8587,84267,37.97
TATACOMM,EQ,11-Aug-2026,1739.4,1731.0,1759.0,1705.2,1755.0,1746.1,1723.52,259631,4474.78,20333,128616,49.54
TATACONSUM,EQ,11-Aug-2026,1108.7,1108.7,1109.6,1074.6,1078.0,1078.0,1084.2,1933872,20966.99,62168,971761,50.25
TATAELXSI,EQ,11-Aug-2026,3808.0,3810.0,3837.6,3775.1,3795.0,3795.0,3799.15,145353,5522.18,14932,59728,41.09
TATAGOLD,EQ,11-Aug-2026,14.63,14.99,14.99,14.63,14.75,14.74,14.78,64442513,9526.28,77713,23279044,36.12
TATAINVEST,EQ,11-Aug-2026,687.9,687.9,693.9,680.6,691.7,688.75,686.94,257928,1771.81,13086,98282,38.10
TATAPOWER,EQ,11-Aug-2026,382.0,382.0,382.0,377.5,380.0,380.0,379.39,2965048,11249.17,33932,1504055,50.73
TATASTEEL,EQ,11-Aug-2026,190.24,190.24,190.56,186.78,188.25,188.25,188.04,20973262,39437.65,136624,12048833,57.45
TATATECH,EQ,11-Aug-2026,879.15,879.05,891.0,861.1,866.0,865.2,870.41,1561457,13591.13,43255,462352,29.61
TATSILV,EQ,11-Aug-2026,22.38,22.9,22.9,22.45,22.57,22.57,22.66,54572712,12365.94,51060,18072757,33.12
TATVA,EQ,11-Aug-2026,1775.6,1793.9,1810.0,1770.0,1775.1,1785.5,1787.04,39462,705.2,4386,18049,45.74
TAURIAN,SM,11-Aug-2026,416.95,419.5,429.0,416.95,429.0,429.0,422.93,38400,162.4,37,24800,64.58
TBI,SM,11-Aug-2026,61.8,61.8,61.8,60.4,60.7,61.15,61.41,47400,29.11,52,42000,88.61
TBOTEK,EQ,11-Aug-2026,1602.0,1610.0,1655.0,1591.9,1637.2,1639.7,1625.52,119073,1935.56,10644,51282,43.07
TBZ,EQ,11-Aug-2026,276.05,277.6,288.5,275.0,282.9,282.05,282.55,1576487,4454.34,25250,570840,36.21
TCC,EQ,11-Aug-2026,273.95,275.95,276.4,263.95,264.15,266.75,268.39,24291,65.19,646,17137,70.55
TCI,EQ,11-Aug-2026,937.7,942.0,947.75,925.25,926.0,935.35,933.59,12443,116.17,1652,6571,52.81
TCIEXP,EQ,11-Aug-2026,546.2,547.9,547.9,539.9,544.95,542.8,542.55,65261,354.08,2022,47891,73.38
TCIFINANCE,BE,11-Aug-2026,14.94,15.01,15.4,14.2,14.88,14.81,14.58,15277,2.23,92,-,-
TCL,SM,11-Aug-2026,118.85,117.0,118.25,117.0,118.25,118.25,117.63,1600,1.88,2,1600,100.00
TCPLPACK,EQ,11-Aug-2026,3300.1,3337.9,3960.0,3240.0,3820.0,3675.8,3677.07,68986,2536.66,7038,18141,26.30
TCS,EQ,11-Aug-2026,2425.7,2438.0,2456.6,2428.0,2445.7,2445.7,2439.75,1514105,36940.41,81637,619402,40.91
TDPOWERSYS,EQ,11-Aug-2026,1236.4,1240.1,1284.0,1221.0,1275.0,1275.6,1255.63,1262968,15858.26,48052,615119,48.70
TEAMGTY,EQ,11-Aug-2026,220.05,229.75,229.75,224.8,224.8,224.8,225.21,170,0.38,7,63,37.06
TEAMLEASE,EQ,11-Aug-2026,1253.5,1247.0,1256.8,1237.0,1237.0,1246.6,1249.17,14091,176.02,2875,8644,61.34
TEAMTECH,ST,11-Aug-2026,118.0,115.0,117.65,115.0,117.65,117.65,116.33,4000,4.65,2,4000,100.00
TECH,EQ,11-Aug-2026,34.56,34.98,34.98,34.39,34.5,34.82,34.79,42970,14.95,182,36951,85.99
TECHD,ST,11-Aug-2026,581.9,581.9,597.7,581.0,595.95,596.35,592.89,6300,37.35,18,5700,90.48
TECHERA,SM,11-Aug-2026,179.6,181.7,181.7,173.0,175.0,175.75,175.52,86400,151.65,79,62400,72.22
TECHLABS,SM,11-Aug-2026,122.3,120.1,123.0,117.0,119.9,119.1,118.78,23500,27.91,98,17625,75.00
TECHM,EQ,11-Aug-2026,1640.0,1645.9,1660.3,1640.0,1643.0,1643.0,1647.42,1923031,31680.38,122036,1295424,67.36
TECHNOE,EQ,11-Aug-2026,1062.55,1079.0,1079.0,1051.1,1058.0,1058.05,1059.86,136004,1441.45,12646,75693,55.65
TECHNVISN,EQ,11-Aug-2026,5528.6,5649.8,5649.8,5252.2,5500.0,5347.4,5473.73,388,21.24,212,205,52.84
TECILCHEM,EQ,11-Aug-2026,8.57,9.28,9.28,8.3,8.41,8.49,8.7,21372,1.86,117,16470,77.06
TEGA,EQ,11-Aug-2026,1633.6,1625.0,1662.8,1614.5,1642.0,1647.1,1648.56,69665,1148.47,5950,39957,57.36
TEJA,SM,11-Aug-2026,634.3,640.0,640.0,630.0,634.0,634.0,632.64,6600,41.75,11,5400,81.82
TEJASCARGO,SM,11-Aug-2026,399.0,399.0,399.0,399.0,399.0,399.0,399.0,400,1.6,1,400,100.00
TEJASNET,EQ,11-Aug-2026,521.5,526.8,547.15,526.5,534.9,533.6,537.31,3096988,16640.54,61917,664906,21.47
TEMBO,EQ,11-Aug-2026,62.1,62.1,65.55,61.2,61.5,61.7,63.74,4555558,2903.71,23054,1432550,31.45
TENNIND,EQ,11-Aug-2026,554.45,560.0,560.0,549.0,550.0,550.6,552.82,398715,2204.19,15837,197882,49.63
TERASOFT,EQ,11-Aug-2026,407.7,412.0,424.0,405.3,418.0,415.95,412.79,17587,72.6,728,11015,62.63
TEXINFRA,EQ,11-Aug-2026,111.78,111.07,113.5,110.52,111.5,112.23,111.91,171103,191.48,1398,124028,72.49
TEXMOPIPES,EQ,11-Aug-2026,43.52,43.9,44.0,42.51,42.9,42.7,43.15,14086,6.08,225,10630,75.47
TEXRAIL,EQ,11-Aug-2026,107.35,108.74,109.77,107.0,107.53,107.34,107.95,1086776,1173.16,7035,456619,42.02
TFCILTD,EQ,11-Aug-2026,115.22,115.22,116.83,115.22,115.58,115.6,115.83,11603923,13440.57,14740,5699425,49.12
TFL,EQ,11-Aug-2026,10.92,10.89,12.0,10.89,11.7,11.43,11.28,6798,0.77,63,6188,91.03
TGBHOTELS,EQ,11-Aug-2026,9.18,9.49,9.49,9.02,9.02,9.02,9.03,71305,6.44,143,64009,89.77
TGL,ST,11-Aug-2026,21.2,21.65,21.65,20.15,21.2,20.8,20.91,12000,2.51,43,11200,93.33
THACKER,BE,11-Aug-2026,1049.2,1049.2,1049.2,1049.2,1049.2,1049.2,1049.2,6,0.06,4,-,-
THAKDEV,EQ,11-Aug-2026,142.46,156.7,156.7,142.11,143.8,144.9,153.06,2282,3.49,47,1030,45.14
THANGAMAYL,EQ,11-Aug-2026,5349.0,5400.0,5430.0,5151.0,5236.0,5228.0,5260.97,145780,7669.44,25729,72163,49.50
THEINVEST,EQ,11-Aug-2026,99.31,101.99,102.4,96.1,96.5,96.74,97.94,5270,5.16,104,4904,93.06
THEJO,EQ,11-Aug-2026,2215.2,2260.0,2286.6,2138.2,2180.0,2154.5,2184.68,8552,186.83,1397,4879,57.05
THELEELA,EQ,11-Aug-2026,507.0,505.5,515.3,500.5,512.0,512.25,510.28,268991,1372.61,9718,163304,60.71
THEMISMED,EQ,11-Aug-2026,108.98,111.96,114.97,108.62,114.0,113.11,111.56,104658,116.76,1206,49957,47.73
THERMAX,EQ,11-Aug-2026,4052.2,4068.5,4084.4,4006.0,4010.0,4025.7,4032.97,116700,4706.47,18582,66294,56.81
THOMASCOOK,EQ,11-Aug-2026,105.66,105.81,110.5,105.72,108.9,109.43,108.93,2724931,2968.34,21572,899444,33.01
THOMASCOTT,EQ,11-Aug-2026,349.05,345.0,350.0,338.0,347.05,347.9,343.63,68208,234.38,2853,30806,45.16
THYROCARE,EQ,11-Aug-2026,622.1,626.8,656.0,616.05,649.95,649.35,636.65,615933,3921.35,34521,282333,45.84
TI,EQ,11-Aug-2026,503.2,503.0,526.9,501.75,520.05,520.75,517.81,1907265,9876.01,48549,1018562,53.40
TICL,BE,11-Aug-2026,10.12,10.39,10.39,9.71,10.05,10.04,9.98,20260,2.02,99,-,-
TIGERLOGS,BE,11-Aug-2026,26.54,26.67,26.98,25.8,26.0,25.99,26.06,113202,29.5,365,-,-
TIIL,EQ,11-Aug-2026,2675.3,2683.9,2685.9,2575.0,2611.0,2608.9,2606.1,24647,642.33,2057,16633,67.48
TIINDIA,EQ,11-Aug-2026,2815.0,2816.0,2821.4,2750.3,2780.0,2780.0,2778.34,152287,4231.05,25057,78498,51.55
TIJARIA,EQ,11-Aug-2026,5.9,5.92,6.06,5.2,5.25,5.44,5.7,352378,20.08,583,287978,81.72
TIL,BE,11-Aug-2026,232.5,232.5,233.5,223.0,229.9,227.95,227.08,163688,371.7,938,-,-
TIMETECHNO,EQ,11-Aug-2026,206.89,207.2,212.1,205.0,207.97,207.28,209.05,3667246,7666.56,33520,949020,25.88
TIMEX,EQ,11-Aug-2026,563.25,566.0,574.85,557.3,570.55,573.1,570.11,217749,1241.41,15226,107620,49.42
TIMKEN,EQ,11-Aug-2026,3283.9,3283.9,3295.0,3164.7,3220.0,3211.6,3215.46,29214,939.36,6967,14172,48.51
TINNARUBR,EQ,11-Aug-2026,1120.8,1122.0,1142.0,1122.0,1137.0,1137.3,1133.45,54852,621.72,4663,29493,53.77
TIPSFILMS,EQ,11-Aug-2026,386.8,389.3,389.3,373.0,375.5,375.75,376.76,6976,26.28,461,3720,53.33
TIPSMUSIC,EQ,11-Aug-2026,665.65,670.0,673.0,654.05,665.05,669.1,665.62,214480,1427.62,12509,113793,53.06
TIRUMALCHM,EQ,11-Aug-2026,164.68,164.29,166.09,162.0,162.8,162.64,163.33,220386,359.96,3550,137523,62.40
TIRUPATI,SM,11-Aug-2026,337.8,340.0,340.0,340.0,340.0,340.0,340.0,2000,6.8,1,2000,100.00
TIRUPATIFL,BE,11-Aug-2026,70.5,69.5,70.99,67.7,68.35,68.21,69.15,161104,111.4,988,-,-
TITAGARH,EQ,11-Aug-2026,839.45,839.95,850.15,834.65,847.0,844.8,844.09,291675,2462.0,14997,123791,42.44
TITAN,EQ,11-Aug-2026,5090.0,5090.0,5168.0,5090.0,5128.0,5128.0,5139.64,1664853,85567.45,101421,881185,52.93
TMB,EQ,11-Aug-2026,890.2,881.5,886.25,862.55,868.0,867.0,869.06,125939,1094.49,10132,70654,56.10
TMCV,EQ,11-Aug-2026,450.2,450.25,452.5,444.1,450.65,450.05,447.62,5954856,26655.15,67755,3557711,59.74
TMPV,EQ,11-Aug-2026,347.1,345.5,348.7,344.25,347.6,347.6,346.52,4864857,16857.92,52563,1938123,39.84
TNIDETF,EQ,11-Aug-2026,90.53,90.0,92.0,89.51,90.97,91.22,91.19,115594,105.41,660,79683,68.93
TNPETRO,EQ,11-Aug-2026,99.55,99.99,106.0,98.0,103.1,103.77,103.06,779736,803.62,7078,211286,27.10
TNPL,EQ,11-Aug-2026,153.88,153.88,155.37,150.9,153.99,154.02,152.79,207979,317.76,3554,100810,48.47
TNTELE,EQ,11-Aug-2026,9.22,9.39,9.89,9.11,9.27,9.21,9.36,28943,2.71,302,19511,67.41
TOKYOPLAST,EQ,11-Aug-2026,80.0,80.0,82.8,76.43,82.8,81.28,79.5,3737,2.97,39,2531,67.73
TOLINS,EQ,11-Aug-2026,101.98,101.25,102.9,101.25,102.9,102.47,102.24,24118,24.66,455,14654,60.76
TOP100CASE,EQ,11-Aug-2026,10.8,10.99,10.99,10.68,10.77,10.77,10.77,363302,39.12,980,321359,88.46
TOP10ADD,EQ,11-Aug-2026,89.26,89.07,89.69,88.9,89.44,89.2,89.15,253196,225.73,566,174263,68.83
TOP15IETF,EQ,11-Aug-2026,10.11,10.19,10.23,10.07,10.09,10.09,10.11,62280,6.3,172,61158,98.20
TOP20,EQ,11-Aug-2026,9.13,9.13,9.13,9.08,9.12,9.12,9.11,36670,3.34,103,36190,98.69
TORNTPHARM,EQ,11-Aug-2026,4924.0,4942.5,4942.5,4831.0,4886.0,4886.0,4864.15,360860,17552.78,34017,226630,62.80
TORNTPOWER,EQ,11-Aug-2026,1342.9,1349.0,1349.0,1323.5,1334.0,1330.4,1331.33,195941,2608.62,12941,117828,60.13
TOTAL,EQ,11-Aug-2026,66.99,66.32,66.65,63.1,63.52,63.61,64.02,11902,7.62,198,7713,64.80
TOUCHWOOD,EQ,11-Aug-2026,67.89,74.05,74.05,66.53,67.34,67.36,68.86,3631,2.5,85,2561,70.53
TPHQ,EQ,11-Aug-2026,0.41,0.41,0.42,0.41,0.41,0.41,0.41,635541,2.64,239,322349,50.72
TPLPLASTEH,EQ,11-Aug-2026,75.74,76.25,76.96,74.52,76.0,75.89,75.32,156262,117.69,1301,55948,35.80
TRACXN,EQ,11-Aug-2026,29.79,29.72,30.19,29.52,30.1,29.84,29.83,111575,33.28,811,54311,48.68
TRANSPEK,BE,11-Aug-2026,1232.6,1181.0,1225.0,1175.0,1181.2,1195.4,1197.35,1257,15.05,97,-,-
TRANSRAILL,EQ,11-Aug-2026,479.0,478.6,481.1,471.95,473.9,473.4,474.93,284715,1352.2,10028,175531,61.65
TRANSTEEL,SM,11-Aug-2026,113.0,113.45,114.0,111.0,111.0,111.1,112.35,39000,43.82,36,26000,66.67
TRANSWORLD,BE,11-Aug-2026,159.49,157.3,159.82,155.1,157.05,157.78,156.76,7018,11.0,92,-,-
TRAVELFOOD,EQ,11-Aug-2026,1396.9,1396.9,1415.1,1372.6,1393.0,1389.0,1393.91,81962,1142.48,10674,43316,52.85
TREEHOUSE,EQ,11-Aug-2026,6.23,6.39,6.39,6.17,6.24,6.23,6.23,23734,1.48,56,22680,95.56
TREJHARA,EQ,11-Aug-2026,171.39,168.0,171.89,165.0,166.99,165.54,167.61,35183,58.97,1018,22737,64.62
TREL,EQ,11-Aug-2026,27.83,28.09,28.1,26.96,27.12,27.17,27.26,193756,52.82,946,136656,70.53
TRENT,EQ,11-Aug-2026,3025.0,3024.5,3029.8,2990.3,3000.0,3000.0,3007.77,589607,17734.04,36691,221724,37.61
TRF,EQ,11-Aug-2026,234.55,234.55,237.5,231.73,235.0,235.52,234.96,8421,19.79,377,5443,64.64
TRIDENT,EQ,11-Aug-2026,24.81,24.81,24.94,24.78,24.85,24.83,24.86,2024403,503.24,8572,1013909,50.08
TRIGYN,EQ,11-Aug-2026,53.95,53.76,54.62,52.81,54.54,53.8,53.77,37336,20.07,2068,9737,26.08
TRITURBINE,EQ,11-Aug-2026,636.75,590.0,612.0,586.1,600.9,600.35,600.96,3884248,23342.65,97708,1386599,35.70
TRIVENI,EQ,11-Aug-2026,243.03,245.4,247.0,238.01,239.5,238.4,240.34,620120,1490.38,9851,335737,54.14
TROM,SM,11-Aug-2026,56.9,57.0,57.0,57.0,57.0,57.0,57.0,600,0.34,1,600,100.00
TRU,EQ,11-Aug-2026,4.44,4.64,4.64,4.32,4.36,4.39,4.41,103087,4.54,319,75789,73.52
TRUALT,EQ,11-Aug-2026,478.5,480.95,482.75,473.1,477.25,478.1,478.03,203745,973.95,5191,126863,62.27
TRUST,SM,11-Aug-2026,28.0,28.8,29.95,25.0,26.5,26.5,27.04,27600,7.46,34,23400,84.78
TSC,ST,11-Aug-2026,44.0,43.5,46.05,42.5,46.05,46.05,44.02,6000,2.64,3,6000,100.00
TSFINV,EQ,11-Aug-2026,434.1,435.0,437.4,427.0,428.0,428.8,431.67,33725,145.58,1905,22680,67.25
TTKHLTCARE,EQ,11-Aug-2026,1059.0,1050.0,1115.9,1050.0,1078.9,1085.3,1092.29,22597,246.82,3288,10199,45.13
TTKPRESTIG,EQ,11-Aug-2026,605.6,607.0,613.1,586.2,587.95,589.95,595.16,92790,552.25,6347,43270,46.63
TTL,EQ,11-Aug-2026,5.85,5.97,6.0,5.5,5.8,5.74,5.82,178457,10.39,350,138431,77.57
TTML,EQ,11-Aug-2026,39.02,39.05,39.15,38.7,38.81,38.81,38.9,747259,290.67,5242,426149,57.03
TUNWAL,SM,11-Aug-2026,26.4,26.55,26.55,26.05,26.45,26.45,26.42,66000,17.44,26,46000,69.70
TURTLEMINT,EQ,11-Aug-2026,115.43,115.5,131.0,113.83,126.6,125.88,121.03,1296728,1569.47,18383,600406,46.30
TVSELECT,EQ,11-Aug-2026,458.9,461.1,469.95,458.0,460.0,459.35,462.7,62604,289.67,3624,29140,46.55
TVSHLTD,EQ,11-Aug-2026,14640.0,14635.0,14800.0,14512.0,14650.0,14607.0,14672.85,3999,586.77,1223,1915,47.89
TVSINVIT,IV,11-Aug-2026,118.0,118.0,118.0,118.0,118.0,118.0,118.0,200000,236.0,1,200000,100.00
TVSMOTOR,EQ,11-Aug-2026,4466.2,4460.0,4460.0,4370.0,4400.0,4400.0,4415.39,944062,41683.98,64796,545369,57.77
TVSSCS,EQ,11-Aug-2026,128.42,132.5,132.5,123.45,126.85,126.11,126.5,1312533,1660.36,23740,566852,43.19
TVSSRICHAK,EQ,11-Aug-2026,3954.5,3954.5,3983.9,3915.1,3974.0,3944.7,3938.54,1030,40.57,399,558,54.17
TVTODAY,EQ,11-Aug-2026,113.22,113.8,114.99,113.01,114.05,114.15,114.1,23427,26.73,252,21347,91.12
TVVISION,BE,11-Aug-2026,4.25,4.35,4.43,4.04,4.04,4.04,4.08,35529,1.45,71,-,-
TWCGOLDETF,EQ,11-Aug-2026,149.98,152.5,152.5,150.48,150.56,151.59,151.57,8715,13.21,163,7138,81.90
UBL,EQ,11-Aug-2026,1382.8,1389.7,1405.0,1382.8,1397.9,1400.0,1397.02,69371,969.12,7007,37978,54.75
UCAL,EQ,11-Aug-2026,120.88,119.65,121.96,116.1,117.38,117.65,118.66,10279,12.2,206,5110,49.71
UCL,ST,11-Aug-2026,225.45,223.75,236.7,223.75,236.7,236.7,226.73,12000,27.21,6,12000,100.00
UCOBANK,EQ,11-Aug-2026,26.12,26.02,26.23,25.92,26.14,26.12,26.1,2845024,742.46,11265,1392336,48.94
UDS,EQ,11-Aug-2026,210.54,211.95,211.95,206.15,206.25,208.28,209.48,200266,419.52,5252,121023,60.43
UEL,EQ,11-Aug-2026,270.67,284.2,284.2,257.14,257.14,273.12,273.48,135936,371.75,1769,103231,75.94
UFBL,EQ,11-Aug-2026,798.1,809.0,828.9,783.0,810.0,811.05,806.33,110749,893.0,6929,69077,62.37
UFLEX,EQ,11-Aug-2026,492.45,491.7,509.9,491.2,495.9,497.05,499.17,101966,508.98,3812,48508,47.57
UFO,EQ,11-Aug-2026,67.36,67.0,69.3,67.0,67.5,67.66,68.22,41014,27.98,902,23201,56.57
UGARSUGAR,EQ,11-Aug-2026,46.49,46.8,47.34,45.35,45.65,45.51,46.02,147767,68.01,1554,79693,53.93
UGROCAP,EQ,11-Aug-2026,96.45,96.93,96.94,95.05,96.0,95.68,95.88,121313,116.32,1502,72305,59.60
UHTL,ST,11-Aug-2026,98.0,97.2,99.0,97.2,99.0,99.0,98.64,20000,19.73,6,20000,100.00
UJJIVANSFB,EQ,11-Aug-2026,69.76,70.4,70.98,69.6,70.15,70.14,70.28,9888564,6949.28,33369,5148222,52.06
ULTRACEMCO,EQ,11-Aug-2026,12038.0,12036.0,12061.0,11720.0,11780.0,11780.0,11810.32,184916,21839.17,29804,96682,52.28
ULTRAMAR,EQ,11-Aug-2026,397.95,401.0,404.9,380.0,388.9,388.1,396.0,65728,260.28,4217,33138,50.42
UMA,SM,11-Aug-2026,14.75,14.4,14.4,14.4,14.4,14.4,14.4,8000,1.15,2,8000,100.00
UMAEXPORTS,BE,11-Aug-2026,20.01,20.01,20.38,19.55,20.18,20.14,20.04,4003,0.8,55,-,-
UMESLTD,EQ,11-Aug-2026,5.4,5.82,5.94,5.82,5.94,5.94,5.9,29611,1.75,58,29611,100.00
UMIYA-MRO,EQ,11-Aug-2026,88.52,89.35,89.89,88.5,88.61,88.61,88.82,5121,4.55,53,4777,93.28
UNICHEMLAB,EQ,11-Aug-2026,507.15,510.05,600.0,501.25,582.0,573.8,571.57,3187762,18220.15,69655,386672,12.13
UNIDT,BE,11-Aug-2026,234.64,242.98,242.98,225.3,232.95,232.95,231.09,2376,5.49,93,-,-
UNIECOM,EQ,11-Aug-2026,84.39,84.82,85.0,83.96,84.11,84.2,84.51,145211,122.72,1744,94440,65.04
UNIENTER,EQ,11-Aug-2026,96.8,97.0,98.73,96.1,97.0,96.92,97.1,2215,2.15,53,1921,86.73
UNIHEALTH,SM,11-Aug-2026,756.75,754.0,754.0,695.0,720.0,719.95,720.35,43000,309.75,83,27000,62.79
UNIINFO,EQ,11-Aug-2026,12.23,12.23,12.6,11.65,12.43,12.4,12.43,5692,0.71,24,5334,93.71
UNILEX,SM,11-Aug-2026,29.0,29.5,29.5,29.0,29.0,29.25,29.33,4800,1.41,3,4800,100.00
UNIMECH,EQ,11-Aug-2026,1452.3,1469.9,1479.5,1405.4,1424.5,1421.4,1445.69,164201,2373.84,15059,80181,48.83
UNIONBANK,EQ,11-Aug-2026,181.14,181.94,184.85,179.88,182.5,182.5,182.48,14742300,26901.41,92914,7748767,52.56
UNIONGOLD,EQ,11-Aug-2026,147.2,149.6,150.3,147.85,148.25,148.65,149.11,14354,21.4,138,1860,12.96
UNIPARTS,EQ,11-Aug-2026,824.8,831.0,831.0,804.25,807.3,806.2,812.31,183796,1493.0,10821,110343,60.04
UNITDSPR,EQ,11-Aug-2026,1522.0,1513.2,1548.7,1513.2,1548.7,1548.7,1528.49,546668,8355.77,19743,341138,62.40
UNITECH,EQ,11-Aug-2026,4.08,4.05,4.13,4.01,4.1,4.06,4.07,4050102,164.98,3248,2607100,64.37
UNITEDPOLY,BE,11-Aug-2026,30.16,29.96,31.4,29.51,31.1,31.06,30.38,57148,17.36,145,-,-
UNITEDTEA,EQ,11-Aug-2026,469.75,469.15,471.9,460.0,464.25,464.8,464.4,1088,5.05,102,777,71.42
UNIVASTU,BE,11-Aug-2026,132.21,130.0,138.82,130.0,138.82,138.82,131.6,557671,733.87,588,-,-
UNIVCABLES,EQ,11-Aug-2026,1693.4,1715.0,1774.9,1650.0,1666.0,1669.4,1707.64,600029,10246.35,48237,146585,24.43
UNIVPHOTO,BE,11-Aug-2026,466.7,466.7,470.0,446.0,453.0,454.95,464.72,1255,5.83,44,-,-
UNOMINDA,EQ,11-Aug-2026,1288.0,1288.9,1291.1,1267.0,1275.0,1275.0,1278.33,496593,6348.08,24428,287576,57.91
UPL,EQ,11-Aug-2026,567.0,567.0,570.9,564.0,568.0,568.0,567.32,981675,5569.21,21962,482827,49.18
URAVIDEF,BE,11-Aug-2026,107.46,109.79,112.8,106.0,110.0,109.99,109.82,7313,8.03,146,-,-
URBAN,SM,11-Aug-2026,147.55,152.5,152.5,145.25,147.0,146.15,148.76,15200,22.61,15,5600,36.84
URBANCO,EQ,11-Aug-2026,139.3,139.96,140.8,137.5,140.1,139.75,139.32,2742433,3820.78,27764,1185412,43.22
URJA,EQ,11-Aug-2026,9.67,9.65,9.7,9.51,9.67,9.64,9.56,670324,64.08,1984,456495,68.10
USASEEDS,SM,11-Aug-2026,88.6,90.7,90.7,90.5,90.5,90.5,90.57,1284,1.16,3,1284,100.00
USHAFIN,SM,11-Aug-2026,40.1,41.0,42.95,40.5,42.95,42.95,42.06,68800,28.94,24,67200,97.67
USHAMART,EQ,11-Aug-2026,516.8,520.4,520.4,507.1,511.85,509.9,511.01,233948,1195.5,13489,125892,53.81
USK,EQ,11-Aug-2026,21.65,21.65,21.9,21.12,21.79,21.49,21.45,22756,4.88,199,18427,80.98
UTIAMC,EQ,11-Aug-2026,907.85,911.0,911.0,903.25,907.0,905.8,906.56,59431,538.78,5032,39650,66.72
UTKAL,SM,11-Aug-2026,46.1,45.05,47.0,44.5,46.95,46.15,45.96,50000,22.98,25,24000,48.00
UTKARSHBNK,EQ,11-Aug-2026,14.02,14.09,14.09,13.87,14.04,14.0,13.96,2835435,395.74,3348,2012003,70.96
UTLSOLAR,EQ,11-Aug-2026,398.75,406.35,406.35,392.0,396.0,394.65,397.13,262437,1042.21,10409,136501,52.01
UTSSAV,ST,11-Aug-2026,514.55,515.5,530.0,515.5,520.0,520.5,523.06,21000,109.84,32,20400,97.14
UTTAMSUGAR,EQ,11-Aug-2026,258.72,252.0,255.0,247.01,252.3,252.88,251.08,180070,452.12,4638,77443,43.01
UWCSL,SM,11-Aug-2026,96.0,100.8,100.8,100.8,100.8,100.8,100.8,1000,1.01,1,1000,100.00
UYFINCORP,BE,11-Aug-2026,21.02,21.3,21.35,19.97,19.97,19.97,20.09,118129,23.73,214,-,-
V2RETAIL,EQ,11-Aug-2026,218.48,218.4,224.99,218.0,224.65,224.32,222.78,931470,2075.16,19962,497968,53.46
VADILALIND,EQ,11-Aug-2026,7380.0,7380.0,7434.5,7230.5,7370.0,7361.0,7330.88,13107,960.86,3946,5840,44.56
VAIBHAVGBL,EQ,11-Aug-2026,238.45,238.45,240.7,236.8,237.5,237.65,238.14,207796,494.84,4172,111648,53.73
VAISHALI,EQ,11-Aug-2026,8.21,8.01,8.79,7.92,8.22,8.18,8.18,180795,14.79,235,155831,86.19
VAKRANGEE,EQ,11-Aug-2026,6.02,6.02,6.09,5.95,5.98,6.0,6.0,745422,44.71,1017,518608,69.57
VAL30IETF,EQ,11-Aug-2026,15.52,15.54,15.56,15.4,15.48,15.45,15.44,146896,22.69,788,113943,77.57
VALIANTLAB,EQ,11-Aug-2026,67.81,71.2,71.2,71.2,71.2,71.2,71.2,7984,5.68,41,7984,100.00
VALIANTORG,BE,11-Aug-2026,297.75,305.0,312.0,298.1,308.1,309.85,308.11,84117,259.17,835,-,-
VALUE,EQ,11-Aug-2026,16.47,16.44,16.44,16.35,16.35,16.35,16.39,33097,5.42,104,32097,96.98
VALUE360,SM,11-Aug-2026,75.0,74.0,74.0,71.95,71.95,71.95,72.11,37200,26.82,15,33600,90.32
VALUEAXIS,EQ,11-Aug-2026,33.36,33.45,33.48,33.12,33.2,33.2,33.34,63470,21.16,333,41717,65.73
VAML,EQ,11-Aug-2026,472.6,475.6,481.7,459.75,462.3,463.5,473.07,10034455,47469.9,121775,5465848,54.47
VARDHACRLC,BE,11-Aug-2026,45.11,45.2,45.55,44.0,44.7,44.11,44.39,29392,13.05,146,-,-
VARDMNPOLY,EQ,11-Aug-2026,6.7,6.92,6.92,6.4,6.5,6.44,6.61,555979,36.77,1015,370647,66.67
VARROC,EQ,11-Aug-2026,825.95,822.0,854.65,813.45,842.1,842.15,840.74,823462,6923.19,31149,178259,21.65
VASCONEQ,EQ,11-Aug-2026,34.48,34.88,35.19,31.88,32.09,32.03,32.77,1526141,500.12,3839,1045266,68.49
VASWANI,EQ,11-Aug-2026,52.57,52.57,52.8,51.2,51.45,51.37,51.65,11443,5.91,217,7113,62.16
VBL,EQ,11-Aug-2026,445.5,445.5,448.5,435.4,437.0,437.0,440.72,5820816,25653.3,44381,3843005,66.02
VCL,EQ,11-Aug-2026,1.4,1.47,1.47,1.33,1.47,1.47,1.43,3236113,46.41,717,2607930,80.59
VEDL,EQ,11-Aug-2026,283.65,284.9,286.4,275.0,275.0,275.0,280.8,13475283,37838.15,170611,6418518,47.63
VEDPOWER,EQ,11-Aug-2026,36.5,36.7,37.68,36.0,36.72,36.61,36.92,49965525,18445.25,80234,18715104,37.46
VEEDOL,EQ,11-Aug-2026,1524.6,1565.0,1565.0,1510.0,1537.0,1531.3,1541.46,68253,1052.09,6487,32903,48.21
VELJAN,BE,11-Aug-2026,1702.2,1700.0,1747.8,1690.0,1700.1,1700.1,1732.09,164,2.84,13,-,-
VENKEYS,EQ,11-Aug-2026,1565.0,1569.4,1679.0,1470.1,1540.2,1537.8,1586.48,974457,15459.54,71515,157525,16.17
VENTIVE,EQ,11-Aug-2026,593.45,599.3,601.9,593.0,597.9,596.75,596.7,19076,113.83,1792,12489,65.47
VENUSPIPES,EQ,11-Aug-2026,1619.6,1640.5,1643.9,1580.2,1595.0,1597.3,1601.57,137601,2203.78,13866,70648,51.34
VENUSREM,BE,11-Aug-2026,1522.6,1494.0,1593.0,1446.9,1580.0,1568.7,1493.95,98755,1475.35,2771,-,-
VERANDA,EQ,11-Aug-2026,246.7,245.4,252.0,241.2,252.0,248.15,245.66,203461,499.83,4122,96999,47.67
VERTIS,IV,11-Aug-2026,112.5,112.95,112.95,112.0,112.0,112.01,112.05,2800000,3137.43,21,2775000,99.11
VERTOZ,BE,11-Aug-2026,35.66,35.55,36.0,35.5,35.66,35.89,35.73,39148,13.99,232,-,-
VESUVIUS,EQ,11-Aug-2026,463.0,465.8,465.8,456.3,456.95,457.15,460.63,57155,263.27,2906,29942,52.39
VETO,BE,11-Aug-2026,121.17,122.95,122.95,120.0,122.0,121.68,120.88,12363,14.94,186,-,-
VGINFOTECH,SM,11-Aug-2026,149.0,148.5,150.9,148.0,150.9,150.5,149.22,26000,38.8,26,24000,92.31
VGL,EQ,11-Aug-2026,60.92,61.25,61.8,60.44,60.98,60.76,60.94,9464,5.77,181,7483,79.07
VGUARD,EQ,11-Aug-2026,320.85,321.0,327.95,320.85,321.95,324.3,324.45,1811390,5876.97,36793,1180810,65.19
VHL,EQ,11-Aug-2026,3554.5,3530.1,3570.6,3475.0,3476.0,3487.1,3519.14,365,12.84,140,205,56.16
VHLTD,BE,11-Aug-2026,127.01,128.89,131.75,128.0,128.87,129.91,130.67,17759,23.21,118,-,-
VIAZ,SM,11-Aug-2026,58.0,60.8,60.8,60.8,60.8,60.8,60.8,2000,1.22,1,2000,100.00
VICTORYEV,ST,11-Aug-2026,16.05,16.05,16.7,16.05,16.7,16.6,16.35,15000,2.45,5,15000,100.00
VIDHIING,EQ,11-Aug-2026,314.3,313.2,319.0,310.0,319.0,315.7,314.56,11591,36.46,802,6601,56.95
VIDYAWIRES,EQ,11-Aug-2026,97.91,98.8,99.72,96.5,97.5,97.69,98.16,1760943,1728.46,13123,924803,52.52
VIESL,SM,11-Aug-2026,311.7,310.0,316.0,308.0,316.0,314.15,311.97,8000,24.96,9,6400,80.00
VIGOR,ST,11-Aug-2026,95.0,91.2,91.2,90.25,90.25,90.25,90.55,22400,20.28,14,22400,100.00
VIJAYA,EQ,11-Aug-2026,1392.6,1389.1,1441.8,1382.9,1434.2,1428.2,1413.79,179249,2534.21,14752,86112,48.04
VIJAYPD,SM,11-Aug-2026,64.0,62.1,62.1,62.0,62.0,62.0,62.05,4000,2.48,2,4000,100.00
VIJIFIN,BE,11-Aug-2026,11.47,11.69,11.69,11.69,11.69,11.69,11.69,35629,4.17,50,-,-
VIKASECO,EQ,11-Aug-2026,1.12,1.12,1.13,1.11,1.12,1.11,1.12,1809865,20.21,6891,767253,42.39
VIKASLIFE,EQ,11-Aug-2026,1.26,1.26,1.27,1.25,1.27,1.26,1.26,1868186,23.58,3618,992890,53.15
VIKRAMSOLR,EQ,11-Aug-2026,156.8,157.56,161.0,155.81,160.5,160.61,158.98,2604944,4141.22,27199,1010756,38.80
VIKRAN,EQ,11-Aug-2026,72.5,73.5,74.69,72.29,73.3,73.64,73.81,1886369,1392.33,9953,778472,41.27
VILAS,SM,11-Aug-2026,361.3,366.0,366.0,353.7,356.0,355.1,356.97,14750,52.65,53,10500,71.19
VILINBIO,SM,11-Aug-2026,41.9,40.0,40.0,39.85,40.0,39.95,39.94,16000,6.39,4,16000,100.00
VIMTALABS,EQ,11-Aug-2026,645.65,650.0,654.0,636.0,643.9,643.25,644.83,179001,1154.26,9570,74928,41.86
VINATIORGA,EQ,11-Aug-2026,1321.6,1329.0,1329.0,1308.6,1314.0,1315.3,1314.55,22432,294.88,2983,12100,53.94
VINCOFE,EQ,11-Aug-2026,147.11,147.0,150.21,145.5,149.7,149.0,147.38,2778308,4094.55,13453,1464173,52.70
VINDHYATEL,EQ,11-Aug-2026,2438.4,2498.4,2544.0,2405.0,2436.0,2429.0,2472.41,102596,2536.59,10112,43755,42.65
VINEETLAB,EQ,11-Aug-2026,35.65,36.37,37.43,35.01,37.43,37.43,36.83,41991,15.46,160,36549,87.04
VINNY,EQ,11-Aug-2026,1.04,1.05,1.08,1.05,1.08,1.07,1.06,1000042,10.64,147,825333,82.53
VINSYS,ST,11-Aug-2026,578.4,578.0,580.05,577.0,580.0,580.0,579.44,2250,13.04,9,2250,100.00
VINYAS,SM,11-Aug-2026,1306.05,1323.95,1375.0,1307.95,1375.0,1373.75,1335.28,15500,206.97,91,13400,86.45
VINYLINDIA,EQ,11-Aug-2026,244.52,243.89,245.38,241.21,244.4,242.08,242.76,9501,23.06,270,6528,68.71
VIPCLOTHNG,BE,11-Aug-2026,20.21,20.28,20.28,20.05,20.2,20.21,20.19,54320,10.97,128,-,-
VIPIND,EQ,11-Aug-2026,319.5,315.0,319.0,314.8,317.0,316.9,316.22,122220,386.49,2922,80845,66.15
VIPULLTD,BE,11-Aug-2026,12.48,13.1,13.1,13.1,13.1,13.1,13.1,68594,8.99,65,-,-
VIRINCHI,EQ,11-Aug-2026,15.63,15.63,15.8,15.17,15.26,15.29,15.35,69865,10.72,237,52504,75.15
VISACHROME,BE,11-Aug-2026,37.53,37.9,38.46,37.18,37.88,37.56,37.94,6328,2.4,47,-,-
VISAKAIND,EQ,11-Aug-2026,103.52,102.2,103.45,99.51,100.1,100.21,101.39,861792,873.75,7679,347621,40.34
VISDEM,SM,11-Aug-2026,84.35,80.0,80.0,79.5,79.5,79.5,79.73,3600,2.87,3,3600,100.00
VISHNU,EQ,11-Aug-2026,584.3,582.2,591.75,580.9,588.0,587.15,586.43,56438,330.97,3697,33447,59.26
VISHNUINFR,SM,11-Aug-2026,160.75,160.8,162.0,157.5,157.5,160.85,160.99,15500,24.95,11,15500,100.00
VISHWARAJ,EQ,11-Aug-2026,5.4,5.45,5.45,5.37,5.4,5.39,5.4,112092,6.05,237,96098,85.73
VISL,EQ,11-Aug-2026,36.97,38.81,38.81,37.9,38.81,38.81,38.74,91473003,35439.58,28787,25759254,28.16
VITAL,BE,11-Aug-2026,51.45,52.47,52.47,52.21,52.47,52.47,52.47,12471,6.54,25,-,-
VIVIANA,BE,11-Aug-2026,703.8,695.1,710.0,690.0,690.0,691.35,697.1,14620,101.92,395,-,-
VIVIDEL,ST,11-Aug-2026,1473.25,1468.0,1498.0,1425.0,1446.0,1454.0,1450.34,6480,93.98,27,6480,100.00
VIVIDHA,EQ,11-Aug-2026,0.53,0.53,0.61,0.53,0.55,0.54,0.56,467324,2.59,270,298182,63.81
VIVIMEDLAB,BE,11-Aug-2026,4.88,4.93,5.12,4.75,5.12,5.12,5.04,211177,10.65,174,-,-
VIVO,SM,11-Aug-2026,119.75,123.95,125.7,123.95,125.7,125.7,124.96,6400,8.0,4,6400,100.00
VIYASH,EQ,11-Aug-2026,273.65,274.9,279.0,256.3,263.8,261.45,265.55,6709993,17818.36,83866,2470815,36.82
VLEGOV,BE,11-Aug-2026,10.74,10.53,10.53,10.53,10.53,10.53,10.53,17319,1.82,111,-,-
VLINFRA,SM,11-Aug-2026,27.6,27.2,27.5,26.25,26.35,26.35,26.54,13500,3.58,6,12000,88.89
VLSFINANCE,EQ,11-Aug-2026,262.75,265.0,269.9,257.05,258.4,261.2,263.52,17965,47.34,780,7613,42.38
VMARCIND,SM,11-Aug-2026,369.55,369.7,380.95,352.0,380.0,378.0,369.27,540000,1994.05,341,271500,50.28
VMART,EQ,11-Aug-2026,818.4,818.05,823.0,807.6,814.05,814.7,817.03,78315,639.86,5380,46125,58.90
VMM,EQ,11-Aug-2026,108.6,108.6,110.67,107.98,110.25,110.25,109.4,7578617,8290.89,23176,4700745,62.03
VMOBILE,SM,11-Aug-2026,66.35,67.7,68.7,67.15,68.0,68.0,67.92,18400,12.5,21,17600,95.65
VMSTMT,EQ,11-Aug-2026,48.23,48.35,50.9,48.35,49.8,50.02,50.02,276173,138.15,1097,135219,48.96
VOEPL,EQ,11-Aug-2026,494.2,495.65,508.25,482.8,490.45,491.0,493.47,68589,338.47,2191,32884,47.94
VOGL,EQ,11-Aug-2026,39.73,40.5,41.3,38.76,39.64,39.67,39.94,159518246,63715.3,193079,34789611,21.81
VOLERCAR,SM,11-Aug-2026,220.0,220.0,220.05,217.1,217.1,217.1,219.95,43200,95.02,9,42400,98.15
VOLTAMP,EQ,11-Aug-2026,10279.5,10302.5,10344.5,9975.0,10009.5,10017.0,10102.57,17427,1760.58,5326,9509,54.56
VOLTAS,EQ,11-Aug-2026,1267.9,1277.9,1287.8,1269.1,1280.0,1280.0,1280.01,529635,6779.41,19197,254980,48.14
VPRPL,EQ,11-Aug-2026,37.11,38.0,42.75,37.7,40.2,40.69,40.7,5499808,2238.19,25332,1799708,32.72
VR,SM,11-Aug-2026,151.85,144.3,144.3,144.3,144.3,144.3,144.3,400,0.58,1,400,100.00
VRAJ,EQ,11-Aug-2026,125.34,126.0,129.99,124.75,125.5,125.32,127.58,38129,48.64,1209,20911,54.84
VRLLOG,EQ,11-Aug-2026,284.9,284.5,310.0,284.5,304.5,305.25,302.09,1925689,5817.25,43040,1004340,52.15
VSCL,SM,11-Aug-2026,24.05,22.85,22.85,22.85,22.85,22.85,22.85,6000,1.37,2,6000,100.00
VSSL,EQ,11-Aug-2026,337.65,337.45,337.45,325.65,334.0,332.7,330.97,130909,433.27,6299,55936,42.73
VSTIND,EQ,11-Aug-2026,219.6,220.0,220.0,218.2,219.37,218.96,218.86,151602,331.8,4300,104266,68.78
VSTL,EQ,11-Aug-2026,106.42,107.91,107.91,106.0,106.85,106.69,106.74,10887,11.62,251,8897,81.72
VSTTILLERS,EQ,11-Aug-2026,4489.0,4485.0,4519.3,4456.6,4466.0,4465.5,4477.61,5414,242.42,1245,3848,71.07
VTL,EQ,11-Aug-2026,608.3,613.5,613.5,594.05,599.0,596.0,603.55,160271,967.31,12741,80077,49.96
WAAREEENER,EQ,11-Aug-2026,2701.0,2701.0,2719.3,2685.0,2704.0,2704.0,2701.13,336490,9089.05,19819,143385,42.61
WAAREEINDO,EQ,11-Aug-2026,311.25,311.25,318.0,304.85,309.0,306.75,313.59,97441,305.57,2493,52501,53.88
WAAREERTL,EQ,11-Aug-2026,911.25,911.25,913.2,900.0,905.05,904.65,904.11,96797,875.15,5960,53418,55.19
WABAG,EQ,11-Aug-2026,1973.7,1970.0,1980.0,1942.0,1952.9,1950.1,1956.77,182827,3577.5,17129,93947,51.39
WAKEFIT,EQ,11-Aug-2026,127.17,126.05,126.59,124.01,124.41,124.48,124.64,787932,982.1,5751,339895,43.14
WALCHANNAG,EQ,11-Aug-2026,236.89,237.8,240.0,230.16,232.0,232.8,235.18,375531,883.17,5603,188157,50.10
WANBURY,EQ,11-Aug-2026,246.15,240.0,258.85,231.45,258.3,254.3,246.23,1372450,3379.35,26837,422934,30.82
WCIL,EQ,11-Aug-2026,87.92,87.99,87.99,85.85,86.02,86.11,86.86,80421,69.86,1468,56530,70.29
WEALTH,EQ,11-Aug-2026,939.35,939.35,947.8,925.05,935.0,932.2,935.65,1319,12.34,166,1140,86.43
WEBELSOLAR,EQ,11-Aug-2026,94.49,93.03,93.75,89.77,89.77,89.77,90.24,2868326,2588.26,9582,1536212,53.56
WEIZMANIND,EQ,11-Aug-2026,78.98,78.0,80.49,77.02,79.49,77.98,78.44,687,0.54,42,531,77.29
WEL,EQ,11-Aug-2026,134.78,135.25,139.6,132.17,132.5,134.5,136.82,5856178,8012.47,19674,981735,16.76
WELCORP,EQ,11-Aug-2026,1848.5,1848.1,1869.9,1816.5,1843.9,1836.9,1841.95,768460,14154.63,38746,455973,59.34
WELENT,EQ,11-Aug-2026,579.35,575.55,579.0,558.4,572.0,572.3,568.15,645089,3665.07,15770,343888,53.31
WELINV,BE,11-Aug-2026,1807.0,1807.5,1815.5,1800.0,1800.0,1800.6,1806.29,35,0.63,9,-,-
WELSPLSOL,EQ,11-Aug-2026,48.41,48.01,49.5,48.0,48.06,48.08,48.27,300900,145.25,2194,174591,58.02
WELSPUNLIV,EQ,11-Aug-2026,164.29,164.88,165.78,159.05,160.0,159.66,161.77,1257925,2034.92,15095,777043,61.77
WENDT,EQ,11-Aug-2026,8124.5,8120.5,8174.5,7975.0,8020.0,8017.0,8065.89,4181,337.23,1310,2260,54.05
WESTLIFE,EQ,11-Aug-2026,586.15,586.15,596.85,580.0,582.9,583.45,586.92,37482,219.99,4239,12306,32.83
WEWIN,BE,11-Aug-2026,45.5,46.63,47.49,44.0,47.3,45.54,44.58,3802,1.7,30,-,-
WEWORK,EQ,11-Aug-2026,725.2,720.05,733.6,714.85,716.5,719.95,724.77,150526,1090.97,9419,63088,41.91
WHEELS,EQ,11-Aug-2026,1411.7,1415.0,1415.5,1375.0,1387.0,1382.4,1388.89,41620,578.06,4458,23964,57.58
WHIRLPOOL,EQ,11-Aug-2026,802.75,805.6,806.15,791.1,794.0,795.05,797.76,111267,887.65,9747,60530,54.40
WHITEFORCE,SM,11-Aug-2026,38.0,35.85,35.9,34.6,34.65,34.65,35.49,17600,6.25,10,14400,81.82
WILLAMAGOR,EQ,11-Aug-2026,26.49,26.0,26.43,24.7,25.1,25.4,25.23,13087,3.3,90,7350,56.16
WINDLAS,EQ,11-Aug-2026,839.65,839.8,962.0,808.05,942.0,943.1,935.77,2342310,21918.55,82508,285266,12.18
WINDMACHIN,EQ,11-Aug-2026,303.65,300.0,306.5,291.25,300.25,302.6,301.1,137284,413.36,2054,47497,34.60
WINSOL,SM,11-Aug-2026,110.05,107.9,117.0,107.9,113.0,113.25,112.83,16400,18.5,26,14800,90.24
WIPL,EQ,11-Aug-2026,169.97,167.11,170.0,167.11,168.5,168.5,169.56,994,1.69,16,882,88.73
WIPRO,EQ,11-Aug-2026,185.5,185.5,187.48,183.31,184.6,184.6,184.77,9182421,16966.04,65019,3802096,41.41
WOCKPHARMA,EQ,11-Aug-2026,1931.2,1970.0,1987.7,1900.1,1901.2,1909.4,1940.04,1073711,20830.38,48115,326103,30.37
WOL3D,ST,11-Aug-2026,135.1,138.0,138.0,138.0,138.0,138.0,138.0,1000,1.38,1,1000,100.00
WOMANCART,SM,11-Aug-2026,94.35,95.0,95.0,93.2,95.0,94.85,94.55,4400,4.16,7,4000,90.91
WONDERLA,EQ,11-Aug-2026,484.5,489.7,489.7,478.15,483.5,481.5,482.24,66864,322.44,5040,35906,53.70
WORTHPERI,EQ,11-Aug-2026,157.2,166.9,166.9,154.0,155.0,155.17,156.19,8838,13.8,161,7218,81.67
WPIL,EQ,11-Aug-2026,434.55,431.5,435.95,430.0,431.95,430.25,431.8,18561,80.15,877,13836,74.54
WSI,EQ,11-Aug-2026,60.48,59.87,60.6,56.17,57.24,56.93,57.61,97017,55.89,1248,67482,69.56
WSTCSTPAPR,EQ,11-Aug-2026,586.25,589.4,602.0,586.95,602.0,597.1,593.72,127359,756.15,8301,63690,50.01
WTICAB,SM,11-Aug-2026,112.5,113.0,114.0,113.0,114.0,113.95,113.53,11000,12.49,16,10000,90.91
XCHANGING,EQ,11-Aug-2026,68.02,68.19,69.24,68.07,68.5,68.44,68.65,99287,68.16,1196,69920,70.42
XELPMOC,EQ,11-Aug-2026,81.89,83.99,83.99,80.61,81.99,81.66,81.34,2461,2.0,58,2343,95.21
XPROINDIA,EQ,11-Aug-2026,1068.1,1073.0,1154.4,1060.0,1120.0,1127.9,1121.31,143639,1610.63,11546,66213,46.10
XTGLOBAL,EQ,11-Aug-2026,32.11,32.11,32.46,30.6,31.35,31.17,31.75,12893,4.09,360,7208,55.91
XTRANET,BE,11-Aug-2026,143.02,150.17,150.17,150.17,150.17,150.17,150.17,281254,422.36,1200,-,-
YAAP,SM,11-Aug-2026,145.45,146.5,151.5,145.8,148.55,148.15,148.55,48000,71.31,44,40000,83.33
YASHO,EQ,11-Aug-2026,4201.3,4215.0,4360.0,4211.1,4270.0,4306.4,4295.21,43670,1875.72,5618,21927,50.21
YASHOPTICS,SM,11-Aug-2026,115.0,117.8,117.8,113.05,113.05,113.05,116.79,6400,7.47,8,6400,100.00
YATHARTH,EQ,11-Aug-2026,898.75,910.5,919.5,857.9,866.95,865.7,885.67,1063773,9421.5,48245,433499,40.75
YATRA,EQ,11-Aug-2026,104.53,104.88,115.0,103.3,114.0,114.31,111.97,8590571,9618.75,51017,1954921,22.76
YESBANK,EQ,11-Aug-2026,22.75,22.75,22.79,22.58,22.75,22.75,22.67,31365174,7111.69,49939,17860777,56.94
YUDIZ,SM,11-Aug-2026,26.0,24.75,24.75,24.75,24.75,24.75,24.75,800,0.2,1,800,100.00
YUKEN,EQ,11-Aug-2026,804.5,805.25,819.05,795.05,806.1,805.2,805.28,11285,90.88,537,9458,83.81
ZAGGLE,EQ,11-Aug-2026,203.98,203.35,206.09,202.75,204.4,203.64,204.38,421783,862.06,6611,214718,50.91
ZEAL,SM,11-Aug-2026,68.4,68.95,68.95,65.0,65.0,65.0,66.03,3000,1.98,5,2400,80.00
ZEEL,EQ,11-Aug-2026,94.42,90.0,93.94,90.0,91.95,91.56,92.1,25485672,23471.79,77610,5352502,21.00
ZEELEARN,BE,11-Aug-2026,7.78,7.7,8.1,7.7,7.95,7.96,7.95,270925,21.53,385,-,-
ZEEMEDIA,EQ,11-Aug-2026,6.9,6.9,7.1,6.9,7.06,7.05,7.02,1280763,89.93,1804,931649,72.74
ZENITHDRUG,SM,11-Aug-2026,45.4,43.1,43.85,41.1,43.85,43.85,42.51,8000,3.4,10,4800,60.00
ZENITHEXPO,EQ,11-Aug-2026,238.16,241.0,257.8,238.17,252.0,251.07,248.64,7863,19.55,418,2756,35.05
ZENITHSTL,EQ,11-Aug-2026,5.32,5.2,5.46,5.2,5.46,5.41,5.37,58101,3.12,276,38461,66.20
ZENSARTECH,EQ,11-Aug-2026,498.85,500.3,509.95,499.0,500.5,500.6,502.81,589326,2963.2,19681,204802,34.75
ZENTEC,EQ,11-Aug-2026,1720.0,1749.9,1827.4,1748.9,1823.8,1819.8,1791.09,859519,15394.79,53092,353995,41.19
ZFCVINDIA,EQ,11-Aug-2026,2609.6,2608.8,2655.0,2600.1,2626.0,2615.0,2634.68,50484,1330.09,9259,23110,45.78
ZFSTEERING,EQ,11-Aug-2026,657.3,658.1,673.9,657.9,660.55,661.6,662.9,1325,8.78,160,899,67.85
ZIMLAB,BE,11-Aug-2026,111.17,113.39,113.39,110.12,110.5,110.53,111.77,39331,43.96,122,-,-
ZODIAC,EQ,11-Aug-2026,250.8,255.0,255.0,248.0,252.35,250.95,252.06,10401,26.22,607,7574,72.82
ZODIACLOTH,EQ,11-Aug-2026,75.71,75.4,77.95,75.4,77.35,77.25,76.71,2247,1.72,83,1544,68.71
ZOTA,EQ,11-Aug-2026,1272.1,1265.6,1287.5,1252.2,1261.0,1257.6,1273.0,22417,285.37,1555,14262,63.62
ZSARACOM,EQ,11-Aug-2026,11803.0,11600.0,11600.0,11001.0,11201.0,11274.0,11213.65,72,8.07,50,53,73.61
ZTECH,SM,11-Aug-2026,508.4,512.0,521.45,501.0,510.0,510.0,514.55,56700,291.75,46,53100,93.65
ZUARI,EQ,11-Aug-2026,227.46,228.15,229.11,223.17,226.48,225.42,226.06,72569,164.05,2406,35679,49.17
ZUARIIND,EQ,11-Aug-2026,261.4,258.05,262.85,257.5,257.6,258.3,259.34,9524,24.7,290,6436,67.58
ZYDUSLIFE,EQ,11-Aug-2026,1119.0,1119.0,1205.0,1117.6,1191.0,1191.0,1165.01,8187351,95383.35,163449,2156278,26.34
ZYDUSWELL,EQ,11-Aug-2026,516.1,514.0,516.1,503.05,507.5,506.1,509.68,256830,1309.0,11740,108666,42.31
