SYMBOL,SERIES,DATE1,PREV_CLOSE,OPEN_PRICE,HIGH_PRICE,LOW_PRICE,LAST_PRICE,CLOSE_PRICE,AVG_PRICE,TTL_TRD_QNTY,TURNOVER_LACS,NO_OF_TRADES,DELIV_QTY,DELIV_PER
1018GS2026,GS,24-Aug-2026,105.0,105.0,105.0,105.0,105.0,105.0,105.0,125,0.13,4,125,100.00
20MICRONS,EQ,24-Aug-2026,204.19,204.19,214.7,202.86,214.64,213.26,210.45,313566,659.91,5434,172033,54.86
21STCENMGM,EQ,24-Aug-2026,43.31,42.45,44.0,42.45,43.5,43.97,43.15,6704,2.89,55,4675,69.73
360ONE,EQ,24-Aug-2026,1199.0,1202.0,1215.2,1189.8,1189.8,1189.8,1205.26,712864,8591.86,55743,434850,61.00
3BBLACKBIO,EQ,24-Aug-2026,1202.5,1202.0,1278.0,1191.4,1265.8,1261.6,1254.52,33260,417.25,3091,20075,60.36
3IINFOLTD,BE,24-Aug-2026,23.36,24.52,24.52,24.52,24.52,24.52,24.52,339855,83.33,527,-,-
3MINDIA,EQ,24-Aug-2026,33640.0,33640.0,34065.0,33530.0,34000.0,33885.0,33789.04,1835,620.03,1341,930,50.68
3PLAND,EQ,24-Aug-2026,32.11,32.2,32.4,31.52,32.2,31.73,31.99,7024,2.25,90,4605,65.56
574GS2026,GS,24-Aug-2026,101.4,101.41,101.45,100.91,101.45,101.45,101.21,230,0.23,5,135,58.70
5PAISA,EQ,24-Aug-2026,384.25,384.0,385.55,373.5,377.0,374.8,378.37,51363,194.34,2470,25784,50.20
601GS2028,GS,24-Aug-2026,102.0,102.4,102.4,101.6,101.6,101.6,102.0,1000,1.02,2,0,0.00
601GS2030,GS,24-Aug-2026,99.6,99.6,99.6,97.71,97.71,97.71,97.71,1100,1.07,3,1100,100.00
603GS2029,GS,24-Aug-2026,100.0,100.0,100.0,98.81,98.81,98.81,99.18,290,0.29,2,290,100.00
610GS2031,GS,24-Aug-2026,98.0,98.5,99.0,98.5,99.0,99.0,98.52,2101,2.07,5,2101,100.00
620GS2029,GS,24-Aug-2026,99.55,99.5,99.85,98.96,99.85,99.81,99.56,27995,27.87,21,27990,99.98
633GS2035,GS,24-Aug-2026,99.5,97.1,99.0,97.1,99.0,99.0,98.05,1401,1.37,5,700,49.96
63MOONS,EQ,24-Aug-2026,795.5,803.85,809.8,788.8,800.1,800.25,798.61,225383,1799.92,8560,82679,36.68
648GS2035,GS,24-Aug-2026,98.56,98.55,99.9,98.55,99.9,99.9,98.98,1612,1.6,5,1612,100.00
667GS2050,GS,24-Aug-2026,92.44,93.0,93.0,92.95,92.95,92.95,92.98,4,0.0,4,4,100.00
676GS2061,GS,24-Aug-2026,91.49,91.9,91.9,91.39,91.39,91.39,91.46,32848,30.04,33,32847,100.00
679GS2034,GS,24-Aug-2026,102.0,101.0,101.0,101.0,101.0,101.0,101.0,100,0.1,1,100,100.00
690GS2065,GS,24-Aug-2026,94.06,94.07,94.07,93.85,93.85,93.85,93.93,13700,12.87,8,13700,100.00
692GS2039,GS,24-Aug-2026,101.0,100.0,100.0,100.0,100.0,100.0,100.0,99,0.1,1,99,100.00
694GS2036,GS,24-Aug-2026,101.48,101.51,101.53,101.5,101.5,101.5,101.5,9407,9.55,11,9407,100.00
695GS2061,GS,24-Aug-2026,94.23,94.49,94.49,94.3,94.3,94.3,94.35,11160,10.53,16,11160,100.00
699GS2051,GS,24-Aug-2026,96.12,97.97,97.97,95.82,96.5,96.5,96.48,2226,2.15,4,2226,100.00
702GS2031,GS,24-Aug-2026,103.75,102.0,102.0,102.0,102.0,102.0,102.0,1900,1.94,2,1900,100.00
704GS2029,GS,24-Aug-2026,102.47,102.26,102.26,102.26,102.26,102.26,102.26,99,0.1,1,99,100.00
709GS2054,GS,24-Aug-2026,97.05,97.5,97.5,96.99,96.99,96.99,97.0,1882,1.83,7,1882,100.00
709GS2074,GS,24-Aug-2026,95.88,95.88,96.39,95.88,96.39,96.39,96.09,4916,4.72,5,4916,100.00
710GS2029,GS,24-Aug-2026,103.75,103.75,104.0,103.45,104.0,104.0,103.62,115916,120.11,27,115916,100.00
717GS2030,GS,24-Aug-2026,104.5,104.5,104.5,104.5,104.5,104.5,104.5,400,0.42,1,400,100.00
718GS2033,GS,24-Aug-2026,103.2,103.0,104.5,103.0,103.01,103.01,103.0,1102,1.14,4,1102,100.00
718GS2037,GS,24-Aug-2026,103.25,104.25,104.25,102.0,103.0,103.0,102.73,97347,100.01,50,82547,84.80
724GS2055,GS,24-Aug-2026,98.35,98.35,98.5,97.8,98.35,98.05,98.11,22793,22.36,51,22665,99.44
725GS2063,GS,24-Aug-2026,98.21,98.95,98.95,98.13,98.2,98.21,98.15,300431,294.88,232,298231,99.27
726GS2032,GS,24-Aug-2026,106.65,106.5,106.5,106.0,106.0,106.0,106.47,4350,4.63,4,4350,100.00
726GS2033,GS,24-Aug-2026,103.5,103.5,103.5,103.5,103.5,103.5,103.5,1000,1.04,1,1000,100.00
732GS2030,GS,24-Aug-2026,103.9,103.9,103.99,103.76,103.99,103.99,103.78,1300,1.35,3,1300,100.00
733GS2026,GS,24-Aug-2026,102.0,102.0,102.0,102.0,102.0,102.0,102.0,200,0.2,3,200,100.00
734GS2064,GS,24-Aug-2026,100.15,100.15,100.15,99.9,99.99,99.96,100.0,146426,146.42,43,146426,100.00
736GS2052,GS,24-Aug-2026,103.8,103.0,103.0,103.0,103.0,103.0,103.0,50,0.05,1,50,100.00
738GS2027,GS,24-Aug-2026,102.26,102.5,102.75,102.2,102.58,102.56,102.56,31541,32.35,14,31003,98.29
73GS2053,GS,24-Aug-2026,99.81,99.81,100.0,99.8,100.0,100.0,99.88,2826,2.82,8,2826,100.00
741GS2036,GS,24-Aug-2026,105.87,106.0,106.0,105.25,106.0,106.0,105.25,1283,1.35,5,1281,99.84
743GS2076,GS,24-Aug-2026,100.5,100.51,101.0,100.5,100.5,100.5,100.55,3000,3.02,13,3000,100.00
746GS2073,GS,24-Aug-2026,101.8,101.5,101.5,100.81,101.5,101.5,100.86,7350,7.41,21,7348,99.97
74GS2062,GS,24-Aug-2026,101.99,102.4,102.4,102.0,102.0,102.0,102.11,1023,1.04,4,1023,100.00
750GS2056,GS,24-Aug-2026,102.9,102.0,102.3,100.1,102.3,102.3,101.61,700,0.71,13,600,85.71
754GS2036,GS,24-Aug-2026,106.86,106.61,106.99,106.59,106.83,106.77,106.84,169139,180.71,79,166700,98.56
771GS2066,GS,24-Aug-2026,105.68,104.15,105.68,104.0,105.39,105.39,104.3,5942,6.2,16,5932,99.83
824GS2027,GS,24-Aug-2026,103.3,103.0,103.0,103.0,103.0,103.0,103.0,294,0.3,3,294,100.00
828GS2027,GS,24-Aug-2026,167.35,158.99,158.99,158.99,158.99,158.99,158.99,1,0.0,1,1,100.00
897GS2030,GS,24-Aug-2026,112.0,109.2,113.0,109.2,112.5,112.53,112.56,709,0.8,4,709,100.00
92GS2030,GS,24-Aug-2026,114.8,114.8,116.0,113.7,115.0,115.0,114.87,15088,17.33,28,14135,93.68
A2ZINFRA,EQ,24-Aug-2026,15.46,16.08,16.23,15.2,16.1,16.07,15.96,831645,132.69,1132,537197,64.59
AAATECH,EQ,24-Aug-2026,95.71,95.03,96.0,94.65,95.0,95.0,95.19,8489,8.08,160,5760,67.85
AADHARHFC,EQ,24-Aug-2026,462.55,462.9,470.0,459.3,466.5,466.45,465.22,275698,1282.6,17290,140044,50.80
AAKAAR,SM,24-Aug-2026,61.3,62.2,62.2,62.0,62.0,62.0,62.1,3200,1.99,2,3200,100.00
AAKASH,EQ,24-Aug-2026,8.71,8.7,8.94,8.62,8.75,8.77,8.79,109891,9.66,405,84265,76.68
AARADHYA,SM,24-Aug-2026,69.95,69.95,69.95,69.95,69.95,69.95,69.95,1200,0.84,1,1200,100.00
AAREYDRUGS,EQ,24-Aug-2026,81.2,80.2,80.61,77.71,78.0,78.1,78.68,42321,33.3,558,29387,69.44
AARNAV,BE,24-Aug-2026,33.78,33.45,34.1,32.1,34.07,32.63,32.82,19195,6.3,109,-,-
AARON,EQ,24-Aug-2026,137.64,137.64,140.59,136.75,137.5,137.18,138.13,6853,9.47,304,5051,73.70
AARTECH,BE,24-Aug-2026,48.29,48.0,48.89,46.5,47.31,47.45,47.58,57468,27.34,315,-,-
AARTIDRUGS,EQ,24-Aug-2026,417.4,420.7,429.8,417.4,423.0,421.05,424.69,215296,914.34,6568,91212,42.37
AARTIIND,EQ,24-Aug-2026,527.2,529.45,546.0,525.4,543.05,543.15,540.17,2016424,10892.08,42922,820454,40.69
AARTIPHARM,EQ,24-Aug-2026,816.8,817.0,859.8,808.8,841.0,843.15,840.78,750494,6309.97,32420,286744,38.21
AARTISURF,BE,24-Aug-2026,572.95,566.95,588.9,544.35,544.35,544.35,550.24,23595,129.83,619,-,-
AARVI,EQ,24-Aug-2026,152.5,155.19,155.19,152.0,154.5,152.71,152.8,8682,13.27,404,6260,72.10
AASTHA,EQ,24-Aug-2026,73.03,73.29,73.7,73.0,73.15,73.01,73.1,268333,196.14,1302,181700,67.71
AATMAJ,SM,24-Aug-2026,18.55,18.55,18.55,18.55,18.55,18.55,18.55,2000,0.37,1,2000,100.00
AAVAS,EQ,24-Aug-2026,1355.3,1349.0,1358.5,1330.0,1332.8,1336.3,1341.53,91922,1233.16,13172,53189,57.86
ABAN,BE,24-Aug-2026,16.71,16.38,16.38,16.38,16.38,16.38,16.38,7591,1.24,46,-,-
ABANSENT,EQ,24-Aug-2026,27.98,27.98,28.64,27.06,27.95,27.55,27.55,16625,4.58,178,12730,76.57
ABB,EQ,24-Aug-2026,7424.0,7460.0,7566.5,7429.5,7504.0,7504.0,7512.49,118675,8915.45,17300,37866,31.91
ABBOTINDIA,EQ,24-Aug-2026,26230.0,26155.0,26495.0,26030.0,26450.0,26420.0,26239.17,10305,2703.95,4222,4384,42.54
ABCAPITAL,EQ,24-Aug-2026,413.0,410.55,415.75,408.05,412.9,412.9,412.01,2111216,8698.33,36579,796148,37.71
ABCOTS,EQ,24-Aug-2026,209.42,209.42,213.9,206.9,208.1,208.43,209.83,11673,24.49,257,8434,72.25
ABDL,EQ,24-Aug-2026,595.0,607.9,615.3,592.2,611.75,610.35,606.08,480168,2910.22,16674,227299,47.34
ABFRL,EQ,24-Aug-2026,54.35,54.59,55.28,53.8,54.0,53.95,54.52,2911990,1587.62,16462,1505666,51.71
ABGSEC,EQ,24-Aug-2026,115.07,115.07,115.1,115.07,115.1,115.1,115.1,271,0.31,10,271,100.00
ABHAPOWER,SM,24-Aug-2026,24.75,23.3,24.6,23.0,24.6,24.6,23.73,6400,1.52,4,3200,50.00
ABINFRA,BE,24-Aug-2026,12.63,12.4,13.26,12.0,12.96,12.94,12.44,1935844,240.8,1054,-,-
ABLBL,EQ,24-Aug-2026,86.12,86.45,87.14,84.24,85.48,85.13,85.66,785130,672.58,7365,393765,50.15
ABMINTLLTD,BE,24-Aug-2026,55.92,58.71,58.71,56.0,58.71,58.37,58.04,2808,1.63,65,-,-
ABMKNO,EQ,24-Aug-2026,189.87,189.87,191.0,188.0,188.15,188.15,189.2,36,0.07,7,31,86.11
ABREL,EQ,24-Aug-2026,1406.3,1417.9,1486.0,1411.2,1427.0,1429.8,1455.92,963156,14022.75,52970,216329,22.46
ABSL10BANK,EQ,24-Aug-2026,169.17,169.8,169.92,168.7,169.0,169.01,169.24,1728,2.92,38,1487,86.05
ABSLAMC,EQ,24-Aug-2026,1008.4,1006.1,1010.5,996.1,998.0,998.7,1003.1,90807,910.88,10164,48600,53.52
ABSLBANETF,EQ,24-Aug-2026,59.17,60.35,60.35,58.3,58.8,58.63,58.71,175462,103.02,525,100933,57.52
ABSLLIQUID,EQ,24-Aug-2026,1000.0,1000.0,1000.01,999.99,1000.0,1000.0,1000.0,3382,33.82,45,1907,56.39
ABSLMSCIN,EQ,24-Aug-2026,29.8,29.8,30.8,29.67,29.7,29.7,29.76,11403,3.39,18,7894,69.23
ABSLNN50ET,EQ,24-Aug-2026,77.74,77.97,78.14,77.22,77.93,77.88,77.86,11019,8.58,242,7051,63.99
ABSLPSE,EQ,24-Aug-2026,10.18,10.28,10.29,10.14,10.17,10.16,10.18,112849,11.49,380,96900,85.87
ABSMARINE,ST,24-Aug-2026,247.5,255.0,259.85,253.5,259.85,259.85,258.79,122500,317.02,140,121000,98.78
ACC,EQ,24-Aug-2026,1307.4,1307.8,1313.5,1297.0,1305.2,1300.9,1305.17,88400,1153.77,8106,46957,53.12
ACCELYA,EQ,24-Aug-2026,1138.6,1138.5,1150.0,1128.4,1131.0,1137.1,1139.48,5405,61.59,562,3573,66.11
ACCENTMIC,SM,24-Aug-2026,605.05,605.05,621.0,587.8,587.8,590.05,597.79,86000,514.1,132,62500,72.67
ACCPL,ST,24-Aug-2026,202.3,202.0,204.0,194.0,200.0,200.0,201.71,8400,16.94,6,8400,100.00
ACCURACY,BE,24-Aug-2026,4.59,4.57,4.6,4.51,4.56,4.54,4.54,39436,1.79,165,-,-
ACE,EQ,24-Aug-2026,1182.2,1192.0,1192.0,1159.5,1173.8,1167.2,1171.59,275755,3230.72,20928,146857,53.26
ACEINTEG,EQ,24-Aug-2026,17.89,18.25,18.25,17.8,17.9,17.81,17.83,1423,0.25,22,1215,85.38
ACGL,EQ,24-Aug-2026,1806.2,1815.3,1824.9,1780.0,1780.1,1793.8,1795.51,1053,18.91,188,737,69.99
ACI,EQ,24-Aug-2026,497.85,499.8,522.9,493.65,514.95,515.95,514.56,1265874,6513.69,42658,467282,36.91
ACL,EQ,24-Aug-2026,45.2,45.22,45.99,44.01,44.96,44.81,44.95,10152,4.56,220,7452,73.40
ACMESOLAR,EQ,24-Aug-2026,401.6,400.0,411.5,394.7,408.55,409.15,404.65,2263809,9160.47,42998,1243789,54.94
ACSTECH,EQ,24-Aug-2026,50.78,51.21,54.77,51.0,52.0,51.39,52.76,947345,499.78,5739,397019,41.91
ACTIVEINFR,SM,24-Aug-2026,181.25,181.15,183.8,181.15,181.2,181.2,182.29,54600,99.53,11,54600,100.00
ACUTAAS,EQ,24-Aug-2026,3169.0,3189.1,3244.7,3155.0,3171.0,3173.0,3208.49,360245,11558.43,35218,207721,57.66
ADANIENSOL,EQ,24-Aug-2026,1541.9,1543.9,1562.0,1527.0,1555.1,1555.1,1553.56,1718421,26696.67,73350,1067915,62.15
ADANIENT,EQ,24-Aug-2026,2997.0,3010.0,3019.8,2971.5,2998.6,2998.6,2993.01,832518,24917.37,62966,415479,49.91
ADANIGREEN,EQ,24-Aug-2026,1320.0,1319.9,1319.9,1298.1,1308.0,1308.0,1306.97,692549,9051.44,23860,234699,33.89
ADANIPORTS,EQ,24-Aug-2026,1700.0,1700.0,1700.0,1672.1,1672.1,1672.1,1681.4,1061245,17843.72,49168,620572,58.48
ADANIPOWER,EQ,24-Aug-2026,205.5,205.2,205.6,202.57,203.7,203.7,203.52,9498733,19332.16,55607,4212862,44.35
ADDICTIVE,SM,24-Aug-2026,46.6,48.85,48.9,46.95,48.9,48.9,48.64,14000,6.81,25,11500,82.14
ADDIND,EQ,24-Aug-2026,80.66,92.0,93.7,85.0,85.0,86.36,89.75,2931,2.63,110,1994,68.03
ADFFOODS,EQ,24-Aug-2026,267.6,265.0,279.0,264.75,274.0,272.6,273.65,340521,931.85,9552,94083,27.63
ADISOFT,SM,24-Aug-2026,206.25,207.25,215.6,195.0,195.1,195.85,206.16,81600,168.23,98,55200,67.65
ADL,EQ,24-Aug-2026,71.98,72.33,76.0,69.11,76.0,75.06,72.6,3016,2.19,110,2502,82.96
ADOR,EQ,24-Aug-2026,1617.6,1617.6,1646.3,1596.3,1622.1,1625.4,1624.61,35264,572.9,3821,15643,44.36
ADROITINFO,EQ,24-Aug-2026,10.04,9.99,10.55,9.99,10.39,10.33,10.27,13837,1.42,179,11154,80.61
ADSL,EQ,24-Aug-2026,108.49,108.57,110.89,103.55,107.2,107.56,108.6,98473,106.95,3104,40216,40.84
ADVAIT,EQ,24-Aug-2026,2086.0,2112.5,2112.5,2060.0,2075.0,2069.1,2087.93,20936,437.13,2457,11564,55.24
ADVANCE,EQ,24-Aug-2026,119.2,120.9,121.98,116.06,118.25,118.0,119.16,219494,261.56,3040,105025,47.85
ADVANIHOTR,EQ,24-Aug-2026,49.61,50.25,50.56,49.51,50.4,50.18,50.12,24438,12.25,469,19693,80.58
ADVENTHTL,EQ,24-Aug-2026,133.2,133.3,135.79,130.05,131.02,131.0,133.23,115625,154.04,2098,60531,52.35
ADVENZYMES,EQ,24-Aug-2026,300.0,300.25,305.4,299.0,301.55,302.35,302.42,151058,456.83,3063,73664,48.77
ADVIKCA,EQ,24-Aug-2026,1.2,1.22,1.23,1.18,1.21,1.19,1.2,199464,2.39,293,183362,91.93
AEGISLOG,EQ,24-Aug-2026,1417.9,1424.4,1438.1,1337.0,1340.5,1341.5,1378.67,928745,12804.32,46643,383740,41.32
AEGISVOPAK,EQ,24-Aug-2026,276.3,278.9,282.8,269.05,270.3,270.3,275.07,701538,1929.76,14384,263270,37.53
AEPL,EQ,24-Aug-2026,14.64,14.2,14.93,14.17,14.35,14.48,14.41,26233,3.78,175,20971,79.94
AEQUS,EQ,24-Aug-2026,259.22,259.99,262.38,254.25,255.3,256.07,258.45,2283472,5901.69,27877,965079,42.26
AEROENTER,EQ,24-Aug-2026,140.07,141.3,143.99,138.0,140.0,139.23,141.15,672143,948.75,7669,350322,52.12
AEROFLEX,EQ,24-Aug-2026,503.0,505.25,511.0,494.35,504.0,504.25,503.66,1279597,6444.83,28162,418283,32.69
AERON,SM,24-Aug-2026,73.7,73.7,73.7,71.0,71.0,71.0,71.92,15000,10.79,15,13000,86.67
AERONEU,EQ,24-Aug-2026,82.97,85.6,85.6,81.11,81.11,81.16,82.64,25147,20.78,400,6655,26.46
AEROPLANE,EQ,24-Aug-2026,175.82,176.5,178.0,171.52,177.25,175.66,175.15,357923,626.89,6169,152048,42.48
AESTHETIK,SM,24-Aug-2026,72.0,71.5,72.95,71.5,71.75,71.75,71.93,22000,15.83,19,19000,86.36
AETHER,EQ,24-Aug-2026,1626.6,1633.0,1683.6,1619.0,1660.4,1667.8,1664.12,322741,5370.79,33654,174404,54.04
AFCONS,EQ,24-Aug-2026,278.9,278.0,290.0,277.95,279.0,278.65,284.33,718513,2042.97,14410,293020,40.78
AFFLE,EQ,24-Aug-2026,1718.7,1728.0,1748.2,1705.0,1746.1,1740.0,1729.17,166831,2884.78,21206,81430,48.81
AFFORDABLE,BE,24-Aug-2026,166.81,169.98,169.98,165.3,167.4,165.84,167.04,12740,21.28,190,-,-
AFIL,EQ,24-Aug-2026,9.33,9.33,10.39,9.2,10.01,10.05,9.98,2623520,261.8,3292,1801836,68.68
AFSL,EQ,24-Aug-2026,201.34,201.06,203.21,201.0,201.0,201.01,201.03,37400,75.18,180,34418,92.03
AGARIND,EQ,24-Aug-2026,491.8,491.8,494.05,479.4,487.55,485.8,487.32,36925,179.94,1905,20361,55.14
AGARWALEYE,EQ,24-Aug-2026,500.2,499.05,502.95,495.2,496.05,497.8,498.73,324275,1617.27,14155,215647,66.50
AGARWALTUF,SM,24-Aug-2026,143.25,143.25,143.25,140.25,141.5,141.5,141.34,20400,28.83,15,14400,70.59
AGI,EQ,24-Aug-2026,753.6,762.5,772.0,732.5,744.0,741.65,750.58,405687,3044.99,15840,184236,45.41
AGIIL,EQ,24-Aug-2026,291.25,299.85,299.9,287.05,289.15,288.3,291.3,926602,2699.23,9574,401817,43.36
AGL,EQ,24-Aug-2026,13.12,13.13,14.2,13.13,13.9,13.86,13.8,9094846,1255.03,18656,3791400,41.69
AGNI,SM,24-Aug-2026,15.3,15.0,15.05,14.7,14.7,14.7,14.93,15000,2.24,6,10000,66.67
AGRITECH,EQ,24-Aug-2026,103.02,103.53,104.8,101.1,102.75,102.05,102.39,1893,1.94,91,1327,70.10
AGROPHOS,EQ,24-Aug-2026,25.74,26.6,27.5,26.0,26.24,26.18,26.32,28622,7.53,600,15709,54.88
AGSTRA,BZ,24-Aug-2026,2.0,2.05,2.05,1.96,2.02,1.97,1.99,179759,3.58,328,-,-
AHCL,EQ,24-Aug-2026,14.28,14.34,15.6,14.34,15.52,15.43,15.2,8502260,1292.34,10754,4004605,47.10
AHLADA,EQ,24-Aug-2026,37.93,37.01,39.0,37.01,38.49,37.64,38.05,6075,2.31,122,4170,68.64
AHLEAST,EQ,24-Aug-2026,139.93,140.66,144.9,138.5,142.0,143.22,140.9,1332,1.88,40,437,32.81
AHLUCONT,EQ,24-Aug-2026,696.2,688.0,690.0,645.3,649.7,649.6,665.1,317298,2110.35,17865,153450,48.36
AHLWEST,BE,24-Aug-2026,559.95,559.95,559.95,532.25,532.3,532.3,534.74,235,1.26,7,-,-
AIAENG,EQ,24-Aug-2026,4348.9,4330.5,4366.9,4267.0,4275.0,4276.3,4301.31,21051,905.47,8798,11915,56.60
AIIL,EQ,24-Aug-2026,552.25,553.55,561.9,551.0,558.0,554.9,555.66,158585,881.19,7858,76994,48.55
AIMTRON,SM,24-Aug-2026,1675.1,1651.3,1693.9,1640.0,1680.0,1681.45,1665.38,28200,469.64,127,14400,51.06
AIRAN,EQ,24-Aug-2026,15.03,15.17,15.36,14.9,15.23,15.17,15.11,31100,4.7,212,25493,81.97
AIROLAM,EQ,24-Aug-2026,89.0,87.3,89.0,87.0,89.0,88.99,88.56,5620,4.98,53,4234,75.34
AISL,SM,24-Aug-2026,57.85,55.55,56.0,55.5,56.0,56.0,55.68,1800,1.0,3,1200,66.67
AJANTPHARM,EQ,24-Aug-2026,3639.8,3640.7,3666.9,3556.0,3581.0,3579.9,3581.11,65679,2352.04,12050,35038,53.35
AJAXENGG,EQ,24-Aug-2026,565.65,565.65,583.05,565.65,575.0,576.85,573.49,73589,422.03,5870,41594,56.52
AJMERA,EQ,24-Aug-2026,117.96,118.0,119.9,118.0,118.49,118.6,118.67,138333,164.17,2674,86411,62.47
AJOONI,EQ,24-Aug-2026,3.72,3.72,3.79,3.7,3.76,3.75,3.75,147896,5.55,395,111899,75.66
AKANKSHA,SM,24-Aug-2026,121.4,126.0,127.45,126.0,127.4,127.4,127.35,31000,39.48,25,31000,100.00
AKASH,EQ,24-Aug-2026,24.97,24.76,25.15,24.5,24.81,24.8,24.88,6195,1.54,67,4387,70.82
AKCAPIT,EQ,24-Aug-2026,1750.0,1752.2,1770.0,1741.1,1768.0,1758.5,1753.55,2228,39.07,111,2120,95.15
AKG,EQ,24-Aug-2026,8.99,9.43,9.43,8.86,8.9,8.92,8.93,15660,1.4,142,13595,86.81
AKI,EQ,24-Aug-2026,4.18,4.32,4.43,4.01,4.1,4.15,4.21,366496,15.42,597,194345,53.03
AKIKO,SM,24-Aug-2026,392.25,399.95,409.0,393.0,406.9,407.35,400.76,37600,150.69,43,26400,70.21
AKSHAR,EQ,24-Aug-2026,0.41,0.42,0.43,0.41,0.41,0.41,0.42,806576,3.38,262,512214,63.50
AKSHARCHEM,BE,24-Aug-2026,303.22,303.2,318.38,303.2,318.38,318.38,317.37,18523,58.79,241,-,-
AKSHOPTFBR,BE,24-Aug-2026,7.66,7.85,7.96,7.67,7.92,7.87,7.81,630063,49.22,720,-,-
AKUMS,EQ,24-Aug-2026,750.0,740.05,780.85,737.0,773.0,770.35,769.33,486073,3739.51,25911,232673,47.87
ALANKIT,EQ,24-Aug-2026,8.16,8.12,8.24,8.11,8.11,8.11,8.16,105833,8.63,347,97262,91.90
ALBERTDAVD,EQ,24-Aug-2026,864.15,864.15,895.0,861.15,892.0,888.7,884.26,26156,231.29,2128,15709,60.06
ALCODIS,SM,24-Aug-2026,63.5,62.5,68.0,62.0,68.0,65.25,64.87,16250,10.54,9,15625,96.15
ALEMBICLTD,EQ,24-Aug-2026,92.73,93.4,93.4,91.23,91.43,91.64,92.22,281312,259.44,3054,170456,60.59
ALFREDHE,EQ,24-Aug-2026,2967.8,3045.0,3045.0,2980.9,2985.0,2985.0,3010.93,24,0.72,13,24,100.00
ALGOQUANT,EQ,24-Aug-2026,65.0,65.1,66.43,64.67,65.93,66.04,65.41,1762911,1153.09,2953,770083,43.68
ALICON,EQ,24-Aug-2026,741.1,741.1,751.5,720.05,722.2,726.5,731.68,26741,195.66,1893,16250,60.77
ALIVUS,EQ,24-Aug-2026,1350.9,1350.9,1371.9,1335.2,1366.0,1366.1,1356.87,48694,660.71,8230,26591,54.61
ALKALI,BE,24-Aug-2026,67.87,67.9,67.9,67.5,67.5,67.5,67.73,369,0.25,19,-,-
ALKEM,EQ,24-Aug-2026,5400.0,5400.0,5400.0,5315.0,5350.0,5350.0,5348.38,46339,2478.39,9516,26045,56.21
ALKYLAMINE,EQ,24-Aug-2026,2052.7,2069.1,2115.0,2044.0,2062.9,2083.8,2080.93,260283,5416.3,29179,75589,29.04
ALLCARGO,EQ,24-Aug-2026,12.17,12.5,13.72,12.5,13.34,13.33,13.21,116032093,15330.21,294145,20327427,17.52
ALLDIGI,EQ,24-Aug-2026,814.8,818.9,820.0,805.0,810.05,814.85,812.71,6359,51.68,495,4872,76.62
ALLETEC,ST,24-Aug-2026,119.75,120.0,123.0,118.0,121.1,121.5,121.17,25200,30.54,54,22800,90.48
ALLTIME,EQ,24-Aug-2026,203.02,202.0,205.99,200.16,200.61,201.29,203.37,62828,127.77,1553,47063,74.91
ALMONDZ,EQ,24-Aug-2026,14.16,14.16,14.44,14.02,14.2,14.2,14.21,31320,4.45,187,21901,69.93
ALOKINDS,EQ,24-Aug-2026,11.57,11.59,11.75,11.45,11.49,11.48,11.6,3080309,357.44,5801,1613338,52.38
ALPA,EQ,24-Aug-2026,62.75,63.2,63.2,60.36,61.2,61.66,61.98,14980,9.28,338,9096,60.72
ALPEXSOLAR,SM,24-Aug-2026,815.8,825.0,862.0,815.0,852.0,858.45,840.24,51700,434.4,411,39700,76.79
ALPHA,EQ,24-Aug-2026,54.14,54.47,54.48,54.14,54.4,54.35,54.33,739473,401.79,2968,427555,57.82
ALPHAETF,EQ,24-Aug-2026,26.71,26.95,26.97,26.8,26.8,26.85,26.88,1378425,370.52,3848,1298196,94.18
ALPHAGEO,BE,24-Aug-2026,331.41,337.0,337.99,314.84,319.95,319.62,319.25,25646,81.88,511,-,-
ALPINETEX,EQ,24-Aug-2026,58.5,58.51,60.05,57.0,57.49,57.33,57.67,155730,89.81,2160,75686,48.60
ALPL30IETF,EQ,24-Aug-2026,28.07,28.07,28.16,28.0,28.09,28.04,28.06,330048,92.62,1384,262576,79.56
ALUFLUOR,EQ,24-Aug-2026,460.45,430.0,460.0,430.0,460.0,458.6,448.38,7683,34.45,336,5041,65.61
ALUWIND,SM,24-Aug-2026,50.75,49.15,50.9,48.0,50.1,50.15,49.31,63000,31.07,35,43500,69.05
AMAGI,EQ,24-Aug-2026,599.85,605.0,614.7,581.0,584.9,585.8,596.31,594979,3547.92,16384,220296,37.03
AMAL,EQ,24-Aug-2026,772.95,785.0,791.0,756.1,758.85,761.0,771.54,6839,52.77,543,3214,47.00
AMANTA,BE,24-Aug-2026,195.79,198.7,205.57,196.76,205.2,205.17,203.87,261042,532.2,1207,-,-
AMARJOTHI,EQ,24-Aug-2026,161.2,164.9,164.9,156.35,164.4,161.37,161.35,2872,4.63,139,2210,76.95
AMBAAUTO,SM,24-Aug-2026,107.95,111.0,113.3,109.9,113.3,113.15,111.69,33000,36.86,25,28000,84.85
AMBALALSA,BE,24-Aug-2026,45.36,44.45,45.36,43.5,44.0,43.91,44.31,61896,27.43,286,-,-
AMBER,EQ,24-Aug-2026,7350.0,7435.0,7469.0,7280.0,7378.0,7378.0,7376.74,473119,34900.78,40972,234550,49.58
AMBICAAGAR,EQ,24-Aug-2026,24.77,24.95,24.95,24.5,24.86,24.86,24.65,2854,0.7,31,2171,76.07
AMBIKCO,EQ,24-Aug-2026,1677.0,1668.8,1686.8,1643.1,1668.5,1662.2,1655.91,12263,203.06,1442,6763,55.15
AMBUJACEM,EQ,24-Aug-2026,414.5,414.5,415.3,406.7,408.75,408.75,409.24,2180550,8923.6,24492,1161660,53.27
AMCL,SM,24-Aug-2026,366.75,366.0,366.0,360.0,362.0,362.0,362.36,4000,14.49,10,3200,80.00
AMDIND,EQ,24-Aug-2026,54.3,53.55,55.8,53.5,53.59,53.56,53.65,11242,6.03,194,10270,91.35
AMEYA,SM,24-Aug-2026,108.5,103.15,104.05,103.15,104.05,104.05,103.6,2000,2.07,2,2000,100.00
AMJLAND,EQ,24-Aug-2026,38.77,38.77,39.41,38.0,38.27,38.56,38.72,12775,4.95,239,8205,64.23
AMNPLST,EQ,24-Aug-2026,191.03,192.5,194.59,185.01,189.0,188.91,189.18,4818,9.11,357,3379,70.13
AMRUTANJAN,EQ,24-Aug-2026,536.35,539.7,539.7,516.65,518.7,522.1,526.43,63584,334.73,3343,28412,44.68
ANANDRATHI,EQ,24-Aug-2026,2188.0,2175.0,2198.8,2160.0,2162.1,2167.9,2175.1,141558,3079.03,20590,86680,61.23
ANANTAM,IV,24-Aug-2026,105.51,105.9,105.99,105.5,105.7,105.69,105.68,10394,10.98,93,10389,99.95
ANANTRAJ,EQ,24-Aug-2026,625.0,625.0,631.0,612.6,615.95,614.6,621.11,1020259,6336.95,23801,447511,43.86
ANAWIL,SM,24-Aug-2026,465.15,474.45,491.95,439.0,444.25,447.1,467.23,527200,2463.22,1112,331600,62.90
ANDHRAPAP,EQ,24-Aug-2026,59.96,60.01,61.88,60.01,60.85,60.8,60.63,164883,99.97,2749,95266,57.78
ANDHRSUGAR,EQ,24-Aug-2026,98.84,99.77,102.99,98.35,98.9,99.28,101.19,1421830,1438.75,13633,428290,30.12
ANDREWYU,EQ,24-Aug-2026,26.08,26.06,26.9,25.0,26.49,26.44,26.32,53322,14.04,437,31845,59.72
ANGELONE,EQ,24-Aug-2026,287.8,288.0,294.5,284.4,286.0,286.0,289.66,5285948,15311.18,41811,2528277,47.83
ANIKINDS,EQ,24-Aug-2026,45.46,45.16,47.8,45.0,46.0,45.96,45.64,11083,5.06,180,6710,60.54
ANKITMETAL,BZ,24-Aug-2026,1.64,1.7,1.72,1.7,1.72,1.72,1.72,20548,0.35,35,-,-
ANLON,SM,24-Aug-2026,670.0,670.0,670.0,665.0,665.0,665.0,668.49,1600,10.7,4,1200,75.00
ANMOL,EQ,24-Aug-2026,10.02,9.96,10.1,9.82,10.02,9.93,9.96,28500,2.84,189,22737,79.78
ANNAPURNA,EQ,24-Aug-2026,151.7,153.5,153.5,146.3,148.95,148.0,148.94,65505,97.56,492,42088,64.25
ANONDITA,SM,24-Aug-2026,1054.6,1050.05,1118.9,1050.0,1067.45,1062.35,1077.01,33400,359.72,150,21200,63.47
ANSALAPI,BZ,24-Aug-2026,3.4,3.4,3.45,3.34,3.35,3.35,3.39,25433,0.86,50,-,-
ANSALBU,EQ,24-Aug-2026,73.5,72.5,75.0,70.64,74.99,74.98,73.32,839,0.62,20,489,58.28
ANTELOPUS,EQ,24-Aug-2026,800.1,800.1,809.0,795.0,796.5,798.65,800.25,63246,506.13,2745,41028,64.87
ANTGRAPHIC,EQ,24-Aug-2026,0.74,0.73,0.75,0.73,0.73,0.73,0.74,169990,1.25,185,155967,91.75
ANTHEM,EQ,24-Aug-2026,871.45,873.2,900.6,873.2,883.6,883.35,888.63,730332,6489.93,35123,397238,54.39
ANUHPHR,EQ,24-Aug-2026,76.03,77.0,79.37,76.17,78.9,78.83,77.71,72214,56.12,1548,44298,61.34
ANUP,EQ,24-Aug-2026,1808.9,1808.9,1830.0,1786.0,1794.0,1789.6,1805.3,19639,354.54,3001,10494,53.43
ANURAS,EQ,24-Aug-2026,1243.7,1242.0,1273.9,1242.0,1255.5,1255.5,1259.14,601280,7570.94,15637,337949,56.20
ANYA,SM,24-Aug-2026,14.8,15.0,15.0,14.5,14.75,14.7,14.73,100000,14.73,15,80000,80.00
ANZEN,IV,24-Aug-2026,131.0,129.0,129.0,129.0,129.0,129.0,129.0,25000,32.25,1,25000,100.00
AONEGOLD,EQ,24-Aug-2026,14.79,14.79,15.19,14.79,15.03,15.02,15.02,643203,96.6,2128,421083,65.47
AONELIQUID,EQ,24-Aug-2026,1073.77,1073.9,1073.92,1073.9,1073.9,1073.9,1073.9,14666,157.5,90,12263,83.62
AONENIFTY,EQ,24-Aug-2026,10.0,10.0,10.25,9.92,10.04,9.99,10.01,170369,17.05,1587,127510,74.84
AONESILVER,EQ,24-Aug-2026,9.26,9.27,9.45,9.22,9.27,9.25,9.27,780394,72.37,1674,457690,58.65
AONETMMQ50,EQ,24-Aug-2026,10.31,10.36,10.42,10.31,10.4,10.39,10.37,59477,6.17,295,49353,82.98
AONETOTAL,EQ,24-Aug-2026,12.01,12.01,12.2,11.91,12.02,11.99,12.02,205559,24.71,1714,164815,80.18
APARINDS,EQ,24-Aug-2026,16856.0,17020.0,17100.0,16663.0,16720.0,16705.0,16788.6,59134,9927.77,16829,26693,45.14
APCL,EQ,24-Aug-2026,102.85,104.25,105.59,101.3,101.55,101.47,102.15,9479,9.68,163,5753,60.69
APCOTEXIND,EQ,24-Aug-2026,625.05,630.0,630.0,616.0,617.1,618.8,619.4,92556,573.29,3425,43161,46.63
APEX,EQ,24-Aug-2026,399.6,401.4,401.8,394.4,394.7,395.85,396.48,120870,479.23,3199,47445,39.25
APEXECO,ST,24-Aug-2026,261.0,263.0,264.0,250.1,253.0,251.75,255.29,8800,22.47,11,8800,100.00
APLAPOLLO,EQ,24-Aug-2026,2139.0,2149.8,2172.8,2131.8,2145.0,2145.0,2149.42,246979,5308.6,19274,119574,48.41
APLLTD,EQ,24-Aug-2026,821.75,819.0,826.0,810.2,822.3,816.9,816.65,39308,321.01,3898,14461,36.79
APOLLO,EQ,24-Aug-2026,384.55,387.0,397.75,383.25,384.0,385.15,390.19,7593196,29627.65,54157,1557844,20.52
APOLLOHOSP,EQ,24-Aug-2026,8693.0,8680.0,8702.0,8591.5,8702.0,8702.0,8653.72,291970,25266.26,20109,184991,63.36
APOLLOPIPE,EQ,24-Aug-2026,601.55,602.0,630.65,601.6,609.25,609.25,616.84,416603,2569.76,14627,163093,39.15
APOLLOTYRE,EQ,24-Aug-2026,439.7,465.05,467.4,442.1,443.5,445.85,451.5,5256972,23735.17,81153,1269926,24.16
APOLSINHOT,EQ,24-Aug-2026,1207.4,1207.4,1232.0,1184.9,1201.0,1201.4,1210.33,725,8.77,138,554,76.41
APOORVA,EQ,24-Aug-2026,26.51,26.51,26.51,25.31,25.31,25.31,26.51,1951,0.52,3,1950,99.95
APRAMEYA,SM,24-Aug-2026,139.25,140.0,143.0,128.25,128.25,131.75,136.28,16000,21.8,29,14000,87.50
APS,SM,24-Aug-2026,259.85,273.0,279.0,264.0,274.3,273.55,271.67,21250,57.73,76,15750,74.12
APSISAERO,ST,24-Aug-2026,540.85,551.6,551.6,530.1,535.0,535.0,542.71,39600,214.91,29,33600,84.85
APTECHT,BE,24-Aug-2026,92.51,93.89,93.89,91.0,92.3,91.84,91.71,61451,56.36,602,-,-
APTUS,EQ,24-Aug-2026,257.75,258.0,258.9,252.05,255.1,254.35,254.48,847181,2155.88,13151,545501,64.39
AQYLON,EQ,24-Aug-2026,25.27,26.52,26.53,26.52,26.53,26.52,26.53,2100359,557.17,1681,793360,37.77
ARABIAN,SM,24-Aug-2026,82.0,82.5,83.0,82.5,83.0,83.0,82.75,4000,3.31,2,4000,100.00
ARCHIDPLY,EQ,24-Aug-2026,97.98,98.0,114.0,95.3,114.0,111.51,108.76,188710,205.24,1781,122986,65.17
ARCHIES,EQ,24-Aug-2026,13.68,13.62,13.98,13.01,13.4,13.45,13.32,28288,3.77,151,19579,69.21
ARCIIL,SM,24-Aug-2026,35.5,35.6,36.75,34.9,35.65,35.65,35.59,12000,4.27,12,11000,91.67
ARCL,EQ,24-Aug-2026,237.99,229.0,233.99,226.1,233.99,233.99,228.85,11,0.03,8,11,100.00
ARDEE,EQ,24-Aug-2026,60.2,60.01,60.98,58.57,59.6,59.43,59.56,5192086,3092.65,21730,1980825,38.15
ARE&M,EQ,24-Aug-2026,919.75,920.0,929.9,916.25,925.0,922.8,921.79,327119,3015.35,20978,148800,45.49
ARENTERP,EQ,24-Aug-2026,37.13,36.51,37.79,36.51,36.54,36.56,36.67,3363,1.23,44,2817,83.76
ARFIN,EQ,24-Aug-2026,85.62,86.49,86.9,83.6,83.75,83.95,84.54,925929,782.77,2591,41519,4.48
ARHAM,SM,24-Aug-2026,197.2,204.45,206.5,200.15,203.0,202.5,203.53,42000,85.48,38,23000,54.76
ARIES,EQ,24-Aug-2026,452.7,454.95,475.0,445.0,461.25,459.05,462.22,86678,400.64,3372,45186,52.13
ARIHANT,EQ,24-Aug-2026,1007.2,1065.0,1065.0,979.9,999.9,999.6,1001.4,2849,28.53,374,1619,56.83
ARIHANTACA,SM,24-Aug-2026,465.0,465.0,465.0,465.0,465.0,465.0,465.0,400,1.86,1,400,100.00
ARIHANTCAP,EQ,24-Aug-2026,75.95,75.58,76.73,75.43,75.7,76.21,76.1,132432,100.78,1263,84695,63.95
ARIHANTSUP,EQ,24-Aug-2026,254.15,256.6,261.3,250.1,253.05,253.5,254.61,7127,18.15,251,3862,54.19
ARIS,EQ,24-Aug-2026,143.41,140.5,147.89,140.0,145.35,144.09,143.49,6557927,9409.85,29290,3014707,45.97
ARISTO,SM,24-Aug-2026,108.0,108.0,108.0,108.0,108.0,108.0,108.0,1600,1.73,1,1600,100.00
ARKADE,EQ,24-Aug-2026,130.98,130.2,134.6,130.2,132.4,131.82,131.95,365681,482.51,3241,89118,24.37
ARMANFIN,EQ,24-Aug-2026,1966.7,1966.1,1988.9,1941.5,1941.5,1954.4,1970.0,24211,476.96,3489,12060,49.81
AROGRANITE,EQ,24-Aug-2026,25.0,25.0,25.0,23.71,25.0,24.81,24.55,15397,3.78,119,9151,59.43
ARROWGREEN,BE,24-Aug-2026,713.15,711.75,711.75,680.05,692.65,690.75,691.78,20686,143.1,723,-,-
ARSHIYA,BZ,24-Aug-2026,0.92,0.94,0.94,0.91,0.92,0.91,0.91,115698,1.06,92,-,-
ARSSBL,EQ,24-Aug-2026,511.7,514.95,545.0,514.0,526.4,526.2,534.18,607221,3243.68,17886,287825,47.40
ARTEMISMED,EQ,24-Aug-2026,326.1,332.7,333.7,326.0,329.0,328.9,329.5,448669,1478.38,15553,226193,50.41
ARTNIRMAN,EQ,24-Aug-2026,41.06,41.27,42.47,40.56,40.56,40.65,41.36,875,0.36,21,874,99.89
ARVEE,EQ,24-Aug-2026,165.81,162.0,169.3,160.0,163.11,164.43,163.44,1377,2.25,49,858,62.31
ARVIND,EQ,24-Aug-2026,536.95,528.3,544.45,527.05,532.0,531.75,535.5,821297,4398.06,36949,402865,49.05
ARVINDFASN,EQ,24-Aug-2026,448.35,447.9,455.75,440.2,441.15,442.95,447.53,148703,665.49,14655,66051,44.42
ARVINDPORT,SM,24-Aug-2026,31.25,31.5,31.9,30.2,31.9,31.9,31.6,36000,11.37,12,33000,91.67
ARVSMART,EQ,24-Aug-2026,667.0,677.0,707.85,669.05,691.5,694.85,693.28,320191,2219.81,14158,135592,42.35
ARYAMAN,EQ,24-Aug-2026,610.0,613.05,613.05,595.0,610.0,605.15,605.78,676,4.1,61,646,95.56
ASAHIINDIA,EQ,24-Aug-2026,965.75,970.0,970.0,953.0,963.0,962.15,959.29,132564,1271.67,14056,69870,52.71
ASAHISONG,BE,24-Aug-2026,368.0,368.0,379.0,359.0,372.1,376.15,372.63,8558,31.89,191,-,-
ASAL,EQ,24-Aug-2026,500.1,497.0,507.85,490.65,492.25,493.8,494.92,18969,93.88,978,11512,60.69
ASALCBR,EQ,24-Aug-2026,726.45,726.45,733.8,722.05,724.5,725.35,727.19,14889,108.27,1561,8337,55.99
ASHALOG,SM,24-Aug-2026,60.1,62.0,63.9,62.0,63.9,63.45,63.56,14000,8.9,13,13000,92.86
ASHAPURMIN,EQ,24-Aug-2026,590.25,590.95,601.95,581.0,587.85,585.8,590.01,380974,2247.77,18042,197534,51.85
ASHIANA,EQ,24-Aug-2026,361.8,361.8,369.9,361.8,365.0,366.6,365.86,26788,98.01,1350,12095,45.15
ASHIKAG,BE,24-Aug-2026,436.3,423.1,440.0,423.1,432.05,436.3,432.49,17500,75.69,145,-,-
ASHIMASYN,EQ,24-Aug-2026,18.46,18.35,18.6,17.66,18.5,18.35,18.29,154927,28.33,570,106366,68.66
ASHOKA,EQ,24-Aug-2026,114.22,114.83,116.59,112.31,113.0,113.22,114.37,737876,843.94,7598,291592,39.52
ASHOKAMET,EQ,24-Aug-2026,13.75,13.75,14.27,13.7,13.95,13.86,14.0,19921,2.79,107,13905,69.80
ASHOKLEY,EQ,24-Aug-2026,173.0,173.0,173.66,171.65,173.29,173.29,172.46,8972453,15473.47,38043,4914046,54.77
ASHWINI,SM,24-Aug-2026,183.0,183.0,183.0,183.0,183.0,183.0,183.0,2000,3.66,2,1000,50.00
ASIANENE,EQ,24-Aug-2026,470.3,472.0,477.8,463.65,465.75,466.9,469.8,246557,1158.31,7896,100276,40.67
ASIANHOTNR,EQ,24-Aug-2026,298.2,302.7,302.7,292.0,301.45,301.1,297.04,7752,23.03,546,5334,68.81
ASIANPAINT,EQ,24-Aug-2026,2640.0,2640.4,2642.7,2622.0,2640.8,2640.8,2629.74,355289,9343.18,28868,215532,60.66
ASIANTILES,EQ,24-Aug-2026,47.41,47.94,49.3,45.0,45.8,45.4,46.54,8920764,4151.78,15612,5443978,61.03
ASIANTNE,EQ,24-Aug-2026,9.33,9.01,9.7,9.01,9.6,9.6,9.54,43195,4.12,49,37645,87.15
ASKAUTOLTD,EQ,24-Aug-2026,621.15,621.95,634.6,612.3,614.8,615.4,622.83,243400,1515.97,12506,101645,41.76
ASMS,BE,24-Aug-2026,6.99,6.94,7.09,6.94,7.0,6.99,6.99,74385,5.2,291,-,-
ASPINWALL,EQ,24-Aug-2026,247.49,248.72,261.59,245.0,260.86,259.74,255.74,11244,28.76,238,10098,89.81
ASPIRE,SM,24-Aug-2026,13.25,12.75,13.9,12.7,13.9,13.9,13.66,26000,3.55,13,22000,84.62
ASSAMENT,EQ,24-Aug-2026,780.0,780.0,780.0,741.0,741.0,741.0,760.5,6,0.05,3,3,50.00
ASTAR,EQ,24-Aug-2026,600.0,590.0,599.85,590.0,599.85,599.85,593.5,209,1.24,10,135,64.59
ASTEC,EQ,24-Aug-2026,601.85,595.0,610.0,586.1,593.0,592.7,595.94,23004,137.09,1591,13443,58.44
ASTERDM,EQ,24-Aug-2026,761.55,759.0,768.9,744.0,751.0,750.9,752.41,8879723,66811.99,113078,6672532,75.14
ASTRAL,EQ,24-Aug-2026,1528.5,1525.0,1547.6,1521.0,1532.8,1532.8,1534.45,308892,4739.79,16919,132981,43.05
ASTRAMICRO,EQ,24-Aug-2026,1662.2,1662.3,1689.4,1642.9,1668.0,1664.9,1662.07,256923,4270.24,21474,132351,51.51
ASTRAZEN,EQ,24-Aug-2026,7415.5,7415.5,7474.0,7200.0,7210.0,7232.0,7255.13,52529,3811.05,7970,36529,69.54
ASTRON,BZ,24-Aug-2026,3.15,3.05,3.2,3.0,3.05,3.02,3.04,28389,0.86,145,-,-
ATALREAL,EQ,24-Aug-2026,33.48,33.48,33.85,32.71,33.8,33.66,33.25,13015069,4328.0,8480,2136804,16.42
ATAM,EQ,24-Aug-2026,54.21,54.49,56.38,53.25,55.12,55.5,54.76,13866,7.59,277,8664,62.48
ATCENERGY,ST,24-Aug-2026,23.0,22.8,22.8,22.55,22.8,22.8,22.68,9600,2.18,6,9600,100.00
ATGL,EQ,24-Aug-2026,646.1,649.0,654.85,638.0,639.0,639.6,645.82,451894,2918.41,14410,181201,40.10
ATHERENERG,EQ,24-Aug-2026,1462.0,1469.4,1494.0,1444.7,1454.8,1453.1,1466.18,2136995,31332.16,71984,853472,39.94
ATL,EQ,24-Aug-2026,24.86,25.38,28.18,24.56,27.45,27.59,27.13,1310266,355.52,5853,738023,56.33
ATLANTAA,EQ,24-Aug-2026,38.3,38.3,39.5,37.5,38.2,38.0,38.17,42560,16.24,514,31585,74.21
ATLANTAELE,EQ,24-Aug-2026,1846.9,1867.7,1885.5,1810.6,1824.0,1819.5,1835.65,186579,3424.93,20748,90911,48.73
ATLASCYCLE,EQ,24-Aug-2026,97.45,97.45,97.99,94.68,95.92,96.68,95.68,9616,9.2,274,7787,80.98
ATLPP,E1,24-Aug-2026,8.29,9.83,9.94,8.63,9.94,9.94,9.58,54363,5.21,291,39825,73.26
ATMASTCO,SM,24-Aug-2026,146.35,146.25,146.25,139.5,141.6,141.85,142.04,24400,34.66,45,19200,78.69
ATUL,EQ,24-Aug-2026,6509.5,6509.5,6565.5,6408.0,6412.0,6425.0,6458.57,41601,2686.83,14522,24669,59.30
ATULAUTO,EQ,24-Aug-2026,483.05,483.95,491.8,483.3,486.55,485.4,487.07,88452,430.82,2584,47488,53.69
AUBANK,EQ,24-Aug-2026,1108.2,1109.0,1114.2,1100.7,1114.0,1114.0,1108.46,1606553,17807.97,33410,998722,62.17
AURIONPRO,EQ,24-Aug-2026,695.55,695.55,725.0,695.55,707.5,708.6,714.04,189033,1349.78,6721,75471,39.92
AUROIMPEX,SM,24-Aug-2026,25.0,24.0,26.2,23.75,25.0,25.0,24.74,6400,1.58,4,4800,75.00
AUROPHARMA,EQ,24-Aug-2026,1621.3,1613.6,1637.9,1604.6,1608.0,1608.0,1620.68,969437,15711.48,39284,500274,51.60
AURUM,EQ,24-Aug-2026,227.82,228.5,236.9,226.32,233.0,232.17,233.04,253431,590.6,3863,132406,52.25
AURUS,EQ,24-Aug-2026,4.68,4.7,4.7,4.55,4.64,4.65,4.65,8050,0.37,99,7871,97.78
AUSL,SM,24-Aug-2026,25.05,24.55,24.55,24.55,24.55,24.55,24.55,2000,0.49,1,2000,100.00
AUSOMENT,EQ,24-Aug-2026,146.83,147.56,149.5,143.8,148.6,147.69,146.57,11233,16.46,310,5690,50.65
AUSTENG,EQ,24-Aug-2026,126.82,124.28,126.82,122.0,126.4,126.4,123.9,1157,1.43,40,1047,90.49
AUTOAXLES,EQ,24-Aug-2026,1744.8,1753.5,1763.9,1739.9,1740.0,1743.8,1748.66,5690,99.5,659,3777,66.38
AUTOBEES,EQ,24-Aug-2026,301.46,301.31,303.47,299.13,302.0,299.87,300.75,231501,696.23,3211,159140,68.74
AUTOIETF,EQ,24-Aug-2026,30.24,30.4,30.4,30.09,30.16,30.12,30.17,1305768,393.91,2204,1175795,90.05
AUTOIND,EQ,24-Aug-2026,92.94,94.2,95.7,89.17,90.2,89.87,92.61,341913,316.64,4593,180341,52.74
AVADHSUGAR,EQ,24-Aug-2026,834.8,850.0,884.8,801.0,812.85,832.2,858.18,816335,7005.59,29671,186855,22.89
AVALON,EQ,24-Aug-2026,2183.8,2183.8,2228.0,2097.6,2118.0,2119.4,2151.58,331701,7136.8,36209,117854,35.53
AVANA,ST,24-Aug-2026,147.55,154.85,154.85,149.0,149.0,149.0,152.22,6000,9.13,3,6000,100.00
AVANCE,EQ,24-Aug-2026,0.88,0.88,0.9,0.88,0.89,0.88,0.89,2178727,19.41,1117,1260692,57.86
AVANTEL,EQ,24-Aug-2026,160.22,160.4,161.84,158.2,158.64,158.66,159.72,578525,924.01,5802,289015,49.96
AVANTIFEED,EQ,24-Aug-2026,847.5,846.95,864.0,845.05,853.5,853.45,857.64,216735,1858.8,14545,94617,43.66
AVATAR,ST,24-Aug-2026,253.0,242.55,254.0,242.55,254.0,254.0,252.09,12000,30.25,4,12000,100.00
AVG,BE,24-Aug-2026,186.17,184.9,190.0,183.0,188.0,187.97,187.91,9447,17.75,115,-,-
AVIANSH,SM,24-Aug-2026,102.0,103.5,104.5,103.5,104.5,104.5,104.0,2000,2.08,2,2000,100.00
AVIENCE,SM,24-Aug-2026,255.9,263.9,284.0,263.9,268.0,268.55,271.92,99000,269.2,144,72600,73.33
AVL,EQ,24-Aug-2026,601.35,601.35,601.85,583.0,583.0,588.5,594.14,156285,928.56,12941,88715,56.76
AVONMORE,EQ,24-Aug-2026,13.23,13.34,13.98,13.31,13.55,13.58,13.64,547617,74.7,997,461524,84.28
AVPINFRA,SM,24-Aug-2026,59.2,60.4,64.45,57.95,63.0,62.5,62.68,99200,62.18,90,69600,70.16
AVROIND,EQ,24-Aug-2026,8.59,8.69,9.44,8.3,9.12,9.09,8.94,853658,76.34,1426,468983,54.94
AVTNPL,EQ,24-Aug-2026,87.53,87.8,88.94,86.0,87.8,87.15,87.05,183552,159.78,2922,114940,62.62
AWFIS,EQ,24-Aug-2026,268.2,270.0,284.6,269.6,277.0,277.7,277.23,1131988,3138.2,26859,560633,49.53
AWHCL,EQ,24-Aug-2026,383.85,383.0,385.7,376.8,381.5,381.1,380.92,77215,294.13,3614,30496,39.49
AWL,EQ,24-Aug-2026,188.12,188.17,196.35,187.62,194.0,193.88,192.89,8390171,16183.66,65876,4289952,51.13
AXISBANK,EQ,24-Aug-2026,1245.8,1245.8,1248.7,1231.8,1236.0,1236.0,1235.96,3778588,46702.02,104193,2684617,71.05
AXISCADES,EQ,24-Aug-2026,1597.5,1624.0,1624.0,1548.0,1559.0,1556.9,1577.07,90492,1427.12,7414,47408,52.39
AXITA,EQ,24-Aug-2026,7.67,7.79,8.09,7.79,7.99,7.98,8.01,2873849,230.16,3189,1320477,45.95
AXTEL,EQ,24-Aug-2026,411.95,405.0,413.0,405.0,406.1,406.1,407.78,609,2.48,63,470,77.18
AYE,EQ,24-Aug-2026,170.02,169.78,171.81,166.2,168.35,167.18,168.59,312494,526.82,7010,183693,58.78
AYMSYNTEX,EQ,24-Aug-2026,258.2,253.05,259.1,245.85,248.75,248.55,252.65,38571,97.45,1125,21985,57.00
AZAD,EQ,24-Aug-2026,2837.8,2859.9,2876.8,2782.7,2797.9,2796.2,2822.04,309009,8720.35,21433,141445,45.77
AZADIND,EQ,24-Aug-2026,90.47,90.6,92.5,89.7,90.0,90.67,90.64,35533,32.21,658,13019,36.64
BAFNAPH,BE,24-Aug-2026,242.45,253.9,254.55,250.0,254.55,254.55,254.39,10132,25.77,73,-,-
BAGDIGITAL,SM,24-Aug-2026,105.0,105.35,105.35,105.0,105.0,105.0,105.26,25600,26.95,7,24000,93.75
BAGFILMS,EQ,24-Aug-2026,4.35,4.36,4.44,4.27,4.42,4.41,4.37,57466,2.51,208,42933,74.71
BAGMANE,RR,24-Aug-2026,107.4,107.99,107.99,106.2,106.8,106.6,107.06,864076,925.09,12597,786354,91.01
BAHETI,SM,24-Aug-2026,815.1,827.0,839.0,818.25,833.0,829.8,827.95,32625,270.12,70,21750,66.67
BAIDFIN,EQ,24-Aug-2026,9.92,9.72,9.88,9.6,9.63,9.64,9.69,50135,4.86,299,43644,87.05
BAJAJ-AUTO,EQ,24-Aug-2026,11700.0,11735.0,11838.0,11711.0,11800.0,11800.0,11795.84,221901,26175.08,25357,123939,55.85
BAJAJCON,EQ,24-Aug-2026,478.35,478.9,481.85,460.5,462.65,463.2,468.23,888190,4158.81,28098,533025,60.01
BAJAJELEC,EQ,24-Aug-2026,351.65,351.65,356.2,342.0,343.2,344.65,347.72,226559,787.8,6208,83130,36.69
BAJAJFINSV,EQ,24-Aug-2026,2032.5,2020.0,2028.6,1995.3,2001.7,2001.7,2010.22,464012,9327.66,40826,236484,50.97
BAJAJHCARE,EQ,24-Aug-2026,322.0,324.0,325.4,320.6,322.0,321.55,323.06,50385,162.78,1557,25183,49.98
BAJAJHFL,EQ,24-Aug-2026,84.85,84.85,85.11,83.96,84.2,84.05,84.32,3005233,2533.92,24751,1942687,64.64
BAJAJHIND,EQ,24-Aug-2026,23.13,23.94,26.0,23.25,23.6,24.23,25.23,238394490,60136.04,305097,32790832,13.75
BAJAJHLDNG,EQ,24-Aug-2026,11320.0,11250.0,11360.0,11050.0,11120.0,11120.0,11191.72,70315,7869.46,13108,43770,62.25
BAJAJINDEF,EQ,24-Aug-2026,215.85,220.0,220.0,215.3,215.72,216.08,216.56,6443,13.95,216,4947,76.78
BAJAJST,EQ,24-Aug-2026,351.7,351.7,358.0,351.7,353.05,353.2,353.58,7008,24.78,430,5524,78.82
BAJEL,EQ,24-Aug-2026,191.78,192.0,194.33,189.02,191.1,192.09,191.8,272106,521.89,5326,121696,44.72
BAJFINANCE,EQ,24-Aug-2026,1095.0,1086.0,1094.9,1076.9,1077.0,1077.0,1084.65,4342556,47101.47,121593,3193243,73.53
BALAJEE,EQ,24-Aug-2026,26.88,26.88,27.13,26.12,26.85,26.59,26.74,25213,6.74,286,16819,66.71
BALAJITELE,EQ,24-Aug-2026,97.8,98.25,98.45,95.3,96.55,95.7,96.82,205113,198.59,2666,99888,48.70
BALAMINES,EQ,24-Aug-2026,2078.2,2086.0,2250.0,2086.0,2230.0,2224.5,2208.64,595292,13147.87,52767,170568,28.65
BALAXI,EQ,24-Aug-2026,22.4,22.85,23.5,22.41,22.96,22.81,22.92,21796,5.0,162,17518,80.37
BALCO,SM,24-Aug-2026,18.9,18.9,18.9,18.9,18.9,18.9,18.9,1200,0.23,1,1200,100.00
BALKRISHNA,EQ,24-Aug-2026,17.27,17.4,17.88,17.21,17.42,17.26,17.45,7079,1.24,57,5179,73.16
BALKRISIND,EQ,24-Aug-2026,2350.8,2352.5,2394.6,2331.1,2360.3,2358.4,2354.52,124133,2922.74,20051,64209,51.73
BALMLAWRIE,EQ,24-Aug-2026,174.64,176.0,179.48,175.5,176.78,176.08,176.91,133683,236.5,2923,61902,46.31
BALPHARMA,EQ,24-Aug-2026,85.93,87.7,87.7,84.01,85.0,85.19,85.4,8338,7.12,319,5467,65.57
BALRAMCHIN,EQ,24-Aug-2026,729.35,732.95,751.7,678.0,683.0,695.5,726.21,12426234,90240.54,213659,2093013,16.84
BALUFORGE,EQ,24-Aug-2026,555.4,568.0,638.0,568.0,629.2,632.2,619.35,15544329,96274.05,237292,2190407,14.09
BANARBEADS,EQ,24-Aug-2026,112.3,113.8,113.9,110.34,112.9,112.67,111.47,1285,1.43,45,978,76.11
BANARISUG,EQ,24-Aug-2026,4019.7,4050.0,4249.0,3901.0,4014.5,3997.9,4130.55,14699,607.15,3422,2679,18.23
BANCOINDIA,EQ,24-Aug-2026,623.7,624.1,631.0,620.0,624.5,623.8,624.43,76972,480.64,7305,41230,53.56
BANDHANBNK,EQ,24-Aug-2026,175.1,175.5,180.74,173.38,173.9,173.9,176.69,13819305,24417.81,62992,4705526,34.05
BANG,EQ,24-Aug-2026,28.69,28.69,34.42,28.69,34.42,34.04,33.01,491405,162.23,3138,275165,56.00
BANK10ADD,EQ,24-Aug-2026,16.9,17.24,17.24,16.88,17.01,16.95,16.93,11957,2.02,100,10306,86.19
BANK10BETF,EQ,24-Aug-2026,21.24,21.17,21.17,20.83,20.86,20.98,20.91,4347,0.91,44,4239,97.52
BANKA,EQ,24-Aug-2026,78.0,77.61,81.9,77.21,81.9,81.9,79.82,6595,5.26,77,3999,60.64
BANKADD,EQ,24-Aug-2026,58.98,59.27,59.28,58.77,58.77,58.87,58.92,2104,1.24,53,1120,53.23
BANKBARODA,EQ,24-Aug-2026,247.0,245.55,246.12,239.9,241.5,241.5,241.7,15274497,36918.81,103357,7955796,52.09
BANKBEES,EQ,24-Aug-2026,597.76,594.75,599.3,580.0,594.8,594.7,596.07,536378,3197.17,7263,310013,57.80
BANKBETA,EQ,24-Aug-2026,59.61,59.47,59.92,59.24,59.24,59.27,59.45,157252,93.49,487,98876,62.88
BANKBETF,EQ,24-Aug-2026,58.59,58.99,58.99,58.21,58.3,58.32,58.54,5989,3.51,268,3757,62.73
BANKETF,EQ,24-Aug-2026,588.22,591.16,591.16,584.25,585.09,585.1,588.11,62039,364.86,340,53376,86.04
BANKIETF,EQ,24-Aug-2026,59.23,59.23,59.48,58.78,58.92,58.9,59.0,306023,180.56,1622,218566,71.42
BANKINDIA,EQ,24-Aug-2026,142.79,143.0,144.12,140.68,142.0,142.0,141.7,7143480,10122.34,56124,3927267,54.98
BANKNIFTY1,EQ,24-Aug-2026,59.86,59.5,60.46,59.47,59.65,59.53,59.5,12231638,7277.3,1420,12118937,99.08
BANKPSU,EQ,24-Aug-2026,86.59,86.9,86.97,85.78,85.99,85.87,86.05,12021,10.34,153,5428,45.15
BANSALWIRE,EQ,24-Aug-2026,322.3,321.6,325.75,319.6,321.0,321.9,321.33,44235,142.14,1589,28294,63.96
BANSWRAS,EQ,24-Aug-2026,122.1,124.0,125.0,119.51,122.2,121.59,122.67,35549,43.61,488,20917,58.84
BARFLEX,SM,24-Aug-2026,60.3,64.9,64.9,63.0,63.0,63.0,63.95,4000,2.56,2,4000,100.00
BASF,EQ,24-Aug-2026,3902.7,3902.8,3956.3,3860.0,3884.9,3878.6,3910.96,16281,636.74,4281,8180,50.24
BASILIC,SM,24-Aug-2026,190.3,185.0,198.4,185.0,192.0,193.2,191.82,22800,43.73,68,16800,73.68
BASML,BE,24-Aug-2026,25.09,25.12,25.75,24.9,25.0,24.99,25.17,34609,8.71,111,-,-
BATAINDIA,EQ,24-Aug-2026,701.05,702.35,709.35,683.25,685.65,686.25,690.97,526382,3637.13,18290,255879,48.61
BATLIBOI,EQ,24-Aug-2026,85.27,86.69,88.0,84.36,87.9,87.6,86.26,26076,22.49,685,17403,66.74
BAWEJA,ST,24-Aug-2026,23.35,23.45,24.0,22.4,23.55,23.55,23.04,28800,6.64,22,26400,91.67
BAYERCROP,EQ,24-Aug-2026,4071.5,4074.9,4084.0,4041.0,4045.0,4043.6,4054.34,12212,495.12,2420,7817,64.01
BBETF0432,EQ,24-Aug-2026,1350.07,1349.0,1353.99,1348.0,1349.0,1349.36,1350.01,1707,23.04,64,1624,95.14
BBL,EQ,24-Aug-2026,2389.7,2400.9,2460.6,2372.7,2377.5,2384.9,2419.77,27792,672.5,4531,12779,45.98
BBNPNBETF,EQ,24-Aug-2026,58.21,58.68,58.68,57.72,58.65,58.61,58.43,296,0.17,34,293,98.99
BBNPPGOLD,EQ,24-Aug-2026,153.5,157.3,157.3,153.6,156.5,156.05,156.04,14140,22.06,156,9119,64.49
BBOX,EQ,24-Aug-2026,775.65,779.0,785.0,757.1,759.0,759.85,769.43,247568,1904.86,13101,125705,50.78
BBTC,EQ,24-Aug-2026,1427.4,1427.4,1433.9,1420.0,1424.0,1422.2,1424.05,31671,451.01,3429,19700,62.20
BBTCL,EQ,24-Aug-2026,240.11,238.6,243.99,237.0,242.25,240.93,240.41,13260,31.88,407,9140,68.93
BCG,EQ,24-Aug-2026,9.15,9.17,9.3,9.01,9.1,9.05,9.13,4887843,446.16,5653,3242827,66.34
BCLIND,EQ,24-Aug-2026,36.5,36.62,39.1,36.52,37.95,37.99,38.2,4176185,1595.4,16734,1341565,32.12
BCONCEPTS,EQ,24-Aug-2026,161.96,162.55,169.28,157.58,159.0,160.3,162.27,16144,26.2,1073,10031,62.13
BCPL,EQ,24-Aug-2026,70.42,70.79,70.8,69.3,70.6,70.06,70.07,3891,2.73,155,2659,68.34
BDL,EQ,24-Aug-2026,1359.0,1363.9,1373.8,1347.7,1368.0,1368.0,1361.29,925426,12597.72,23993,330374,35.70
BEACON,SM,24-Aug-2026,84.6,85.0,85.0,80.4,82.7,82.5,82.56,35000,28.9,35,24000,68.57
BEARDSELL,EQ,24-Aug-2026,25.99,26.0,26.67,26.0,26.38,26.23,26.34,10734,2.83,75,8108,75.54
BECTORFOOD,EQ,24-Aug-2026,254.83,254.0,258.8,246.71,258.8,257.29,253.24,2038992,5163.55,38081,813582,39.90
BEDMUTHA,EQ,24-Aug-2026,108.42,111.84,111.89,106.1,108.98,108.5,108.98,5919,6.45,120,5006,84.58
BEEKAY,EQ,24-Aug-2026,435.3,435.3,444.5,423.3,444.5,444.05,435.31,1093,4.76,51,371,33.94
BEL,EQ,24-Aug-2026,414.0,414.3,414.6,405.55,409.0,409.0,408.86,9480784,38762.72,113335,5485642,57.86
BELLACASA,EQ,24-Aug-2026,228.07,228.07,231.0,224.1,230.99,229.19,227.56,10187,23.18,761,6132,60.19
BELRISE,EQ,24-Aug-2026,231.77,232.5,233.65,228.4,229.7,229.2,229.6,4632685,10636.82,27123,3281386,70.83
BEML,EQ,24-Aug-2026,1935.4,1940.0,1954.4,1908.0,1929.9,1915.0,1931.07,142999,2761.41,12738,44278,30.96
BENARAS,EQ,24-Aug-2026,10200.0,10298.0,10500.0,10200.0,10355.0,10336.0,10366.14,170,17.62,37,95,55.88
BENGALASM,EQ,24-Aug-2026,6256.0,6287.0,6287.0,6152.5,6172.0,6184.5,6195.66,762,47.21,62,646,84.78
BEPL,EQ,24-Aug-2026,125.82,126.78,127.22,123.81,126.5,125.26,125.47,1047095,1313.8,9479,425239,40.61
BERGEPAINT,EQ,24-Aug-2026,524.4,524.4,525.45,514.1,515.3,515.5,518.81,159390,826.94,11122,87484,54.89
BESTAGRO,EQ,24-Aug-2026,18.24,18.24,18.49,17.51,17.51,17.71,17.97,941606,169.2,3129,452371,48.04
BETA,EQ,24-Aug-2026,2327.7,2300.1,2400.0,2289.1,2296.0,2307.0,2341.97,20970,491.11,2774,9997,47.67
BEWLTD,SM,24-Aug-2026,50.65,50.75,51.75,49.3,51.3,51.3,50.3,19500,9.81,36,17500,89.74
BFINVEST,EQ,24-Aug-2026,451.55,451.55,454.9,447.05,448.0,448.85,450.24,12533,56.43,883,6239,49.78
BFSI,EQ,24-Aug-2026,27.31,27.71,27.71,27.15,27.23,27.16,27.26,79086,21.56,779,46606,58.93
BFUTILITIE,EQ,24-Aug-2026,523.85,525.0,533.15,514.0,514.0,515.75,522.45,51676,269.98,2130,27334,52.89
BGLOBAL,BZ,24-Aug-2026,3.15,3.3,3.3,3.02,3.19,3.16,3.16,25191,0.8,63,-,-
BGRENERGY,BE,24-Aug-2026,239.0,239.4,239.4,230.0,233.5,233.1,234.37,61879,145.03,764,-,-
BHADORA,ST,24-Aug-2026,120.05,120.0,126.0,115.0,115.0,119.75,120.98,58800,71.13,45,51600,87.76
BHAGCHEM,EQ,24-Aug-2026,280.2,282.1,288.0,279.3,287.95,282.9,282.31,60780,171.59,1722,33288,54.77
BHAGERIA,BE,24-Aug-2026,212.7,215.15,223.33,215.0,223.33,223.33,221.93,74373,165.06,471,-,-
BHAGYANGR,EQ,24-Aug-2026,394.5,391.0,398.8,384.0,393.1,388.95,389.3,82314,320.45,2954,52269,63.50
BHANDARI,EQ,24-Aug-2026,3.05,3.05,3.13,3.04,3.06,3.06,3.08,165460,5.1,360,118534,71.64
BHARATCOAL,EQ,24-Aug-2026,34.81,35.1,35.65,34.77,34.8,34.97,35.1,8222028,2886.04,21566,3184709,38.73
BHARATFORG,EQ,24-Aug-2026,2063.0,2058.0,2067.2,2036.9,2041.0,2041.0,2047.78,993747,20349.77,33885,611885,61.57
BHARATGEAR,BE,24-Aug-2026,100.94,100.24,103.0,100.24,101.6,101.78,102.12,13786,14.08,173,-,-
BHARATRAS,EQ,24-Aug-2026,1295.0,1295.0,1306.0,1278.0,1286.6,1283.1,1290.9,6054,78.15,959,3708,61.25
BHARATSE,EQ,24-Aug-2026,228.19,229.4,231.5,225.1,225.94,226.21,227.5,127719,290.56,2948,61404,48.08
BHARATWIRE,EQ,24-Aug-2026,188.79,188.79,191.24,186.0,187.78,186.73,188.31,75760,142.67,1631,37975,50.13
BHARTIARTL,EQ,24-Aug-2026,1946.0,1950.0,1952.5,1932.5,1935.0,1935.0,1938.41,2277098,44139.48,89795,1561564,68.58
BHARTIHEXA,EQ,24-Aug-2026,1591.2,1585.1,1613.1,1585.1,1606.0,1605.8,1606.0,59132,949.66,5925,34759,58.78
BHEL,EQ,24-Aug-2026,413.0,412.5,413.8,409.2,411.4,411.4,411.01,4441028,18252.92,50435,1997441,44.98
BI,BE,24-Aug-2026,93.66,96.9,98.0,89.3,95.47,95.39,94.77,106075,100.53,413,-,-
BIGBLOC,EQ,24-Aug-2026,42.49,44.0,44.0,42.66,43.01,42.88,43.11,42355,18.26,650,27007,63.76
BIKAJI,EQ,24-Aug-2026,605.75,605.75,610.0,601.2,603.75,602.95,603.73,127644,770.62,4973,77065,60.37
BIKEWO,ST,24-Aug-2026,94.65,89.95,89.95,89.95,89.95,89.95,89.95,34000,30.58,16,34000,100.00
BIL,EQ,24-Aug-2026,831.1,832.4,844.45,832.0,835.15,835.45,835.7,5282,44.14,145,4546,86.07
BILVYAPAR,BE,24-Aug-2026,4.05,4.18,4.24,4.05,4.24,4.22,4.15,16023,0.66,25,-,-
BIMETAL,EQ,24-Aug-2026,624.85,624.85,625.0,603.75,619.75,619.75,616.25,480,2.96,46,473,98.54
BIOCON,EQ,24-Aug-2026,415.55,414.55,414.55,409.0,409.4,409.4,410.62,1761155,7231.72,20123,997043,56.61
BIOFILCHEM,EQ,24-Aug-2026,30.26,30.34,34.68,30.34,32.5,32.34,32.32,352931,114.06,1160,254484,72.11
BIOPOL,SM,24-Aug-2026,97.0,95.25,99.9,93.35,99.0,99.35,98.36,535200,526.41,284,319200,59.64
BIRET,RR,24-Aug-2026,342.56,344.0,346.25,343.5,344.35,344.62,344.72,135744,467.94,7289,103209,76.03
BIRLACABLE,BE,24-Aug-2026,276.64,274.49,276.0,266.0,272.7,271.0,272.01,126327,343.62,1597,-,-
BIRLACORPN,EQ,24-Aug-2026,889.25,887.0,899.9,887.0,888.55,889.4,892.5,42302,377.54,2873,26114,61.73
BIRLAMONEY,EQ,24-Aug-2026,126.6,127.49,128.95,125.0,125.7,126.31,127.23,36132,45.97,862,22948,63.51
BIRLANU,EQ,24-Aug-2026,1514.2,1518.0,1577.5,1492.0,1499.4,1502.9,1518.89,10419,158.25,1271,5747,55.16
BIRLAPREC,EQ,24-Aug-2026,44.4,45.34,47.16,43.75,45.71,45.53,45.59,584471,266.48,3158,265125,45.36
BLACKBUCK,EQ,24-Aug-2026,634.3,634.3,639.05,601.55,603.55,604.4,617.23,439627,2713.5,20700,183285,41.69
BLACKROSE,BE,24-Aug-2026,108.49,109.1,113.91,109.0,113.91,113.91,112.92,81946,92.53,404,-,-
BLAL,EQ,24-Aug-2026,168.43,168.43,169.95,167.71,167.85,168.24,168.4,13784,23.21,396,10828,78.55
BLBLIMITED,EQ,24-Aug-2026,16.0,15.81,16.15,15.52,16.09,16.07,16.0,263956,42.23,270,238074,90.19
BLEL,EQ,24-Aug-2026,494.95,495.85,499.45,452.0,461.55,460.15,474.28,3313371,15714.8,53801,823184,24.84
BLIL,EQ,24-Aug-2026,71.89,71.89,72.39,71.81,72.01,72.01,72.08,114215,82.33,1332,82511,72.24
BLISSGVS,BE,24-Aug-2026,579.1,578.0,583.5,551.0,558.5,564.9,563.24,329735,1857.2,3070,-,-
BLKASHYAP,EQ,24-Aug-2026,52.52,52.55,53.0,52.21,52.5,52.44,52.56,592274,311.28,1238,526872,88.96
BLS,EQ,24-Aug-2026,271.29,272.0,280.14,233.47,242.17,241.51,244.71,29683584,72640.1,320312,6291636,21.20
BLSE,EQ,24-Aug-2026,320.9,324.0,327.8,314.5,314.6,315.0,319.09,517226,1650.43,7021,282342,54.59
BLUECHIP,EQ,24-Aug-2026,1.96,1.99,1.99,1.99,1.99,1.99,1.99,61028,1.21,33,61028,100.00
BLUECLOUDS,EQ,24-Aug-2026,22.22,23.04,23.49,22.82,22.82,22.98,23.17,3397715,787.21,6520,1741839,51.27
BLUECOAST,BE,24-Aug-2026,23.9,23.9,23.9,23.02,23.05,23.05,23.53,535,0.13,11,-,-
BLUEDART,EQ,24-Aug-2026,5083.0,5083.0,5125.5,5040.0,5055.0,5053.5,5063.56,4920,249.13,1319,2556,51.95
BLUEJET,EQ,24-Aug-2026,596.15,597.0,615.6,586.4,591.0,588.8,603.32,1443893,8711.26,39985,454825,31.50
BLUEPEBBLE,SM,24-Aug-2026,66.2,66.0,66.0,65.9,65.9,65.9,65.98,1600,1.06,4,1600,100.00
BLUESTARCO,EQ,24-Aug-2026,1511.9,1511.9,1517.5,1499.8,1504.0,1504.0,1506.49,203945,3072.42,12384,74519,36.54
BLUESTONE,EQ,24-Aug-2026,846.4,848.7,848.7,813.3,818.7,821.6,834.12,521108,4346.67,14401,134732,25.85
BLUEWATER,ST,24-Aug-2026,445.0,445.0,452.0,437.0,437.0,437.0,443.86,15000,66.58,14,14000,93.33
BLUSPRING,EQ,24-Aug-2026,128.98,130.9,136.67,130.0,132.39,133.01,133.8,1928365,2580.24,19084,643991,33.40
BMETRICS,SM,24-Aug-2026,34.5,34.0,34.0,34.0,34.0,34.0,34.0,1600,0.54,2,1600,100.00
BMLL,SM,24-Aug-2026,156.7,156.7,156.7,156.0,156.0,156.0,156.35,2000,3.13,2,2000,100.00
BMWVENTLTD,EQ,24-Aug-2026,58.13,58.25,58.58,57.0,57.01,57.04,57.37,59329,34.04,1185,36242,61.09
BNAGROCHEM,EQ,24-Aug-2026,239.95,229.0,249.0,229.0,233.85,238.9,239.27,75198,179.92,262,30370,40.39
BNALTD,BE,24-Aug-2026,395.0,387.0,387.0,387.0,387.0,387.0,387.0,201,0.78,3,-,-
BNKETFAXIS,EQ,24-Aug-2026,595.7,595.7,596.92,592.0,593.67,593.48,595.12,328,1.95,33,260,79.27
BODALCHEM,BE,24-Aug-2026,78.97,82.5,82.91,80.5,82.91,82.91,82.86,409840,339.6,917,-,-
BOHRAIND,EQ,24-Aug-2026,14.8,16.0,16.0,14.5,14.56,14.56,14.83,10997,1.63,50,6586,59.89
BOMDYEING,EQ,24-Aug-2026,111.65,112.0,112.79,110.3,110.45,110.55,111.41,421031,469.08,4328,230800,54.82
BONLON,EQ,24-Aug-2026,39.37,42.0,42.36,38.5,39.25,39.73,40.16,42370,17.02,390,9640,22.75
BORANA,EQ,24-Aug-2026,307.95,307.8,309.95,301.55,307.5,305.75,304.52,21721,66.14,560,13595,62.59
BOROLTD,EQ,24-Aug-2026,254.18,252.56,254.99,248.12,254.9,254.04,252.53,64936,163.98,2408,32428,49.94
BORORENEW,EQ,24-Aug-2026,549.4,548.0,557.15,535.0,537.85,536.55,544.62,397488,2164.8,12173,217208,54.65
BOROSCI,EQ,24-Aug-2026,128.4,130.2,130.4,126.0,126.09,126.29,127.83,52154,66.67,1263,34224,65.62
BOSCH-HCIL,EQ,24-Aug-2026,1725.3,1725.3,1726.9,1661.8,1680.0,1681.8,1681.92,71050,1195.0,8056,34308,48.29
BOSCHLTD,EQ,24-Aug-2026,48200.0,48200.0,48595.0,47785.0,48100.0,48100.0,48088.48,28127,13525.85,8653,12279,43.66
BOSS,SM,24-Aug-2026,53.05,51.0,55.0,50.45,55.0,55.0,52.58,12000,6.31,5,10000,83.33
BPCL,EQ,24-Aug-2026,311.0,311.15,316.1,310.0,311.9,311.9,311.98,4311364,13450.75,29129,2543063,58.99
BPL,EQ,24-Aug-2026,49.76,50.4,50.94,48.8,49.38,49.1,49.65,88387,43.88,1170,57445,64.99
BPLPHARMA,EQ,24-Aug-2026,1397.1,1449.0,1488.0,1429.0,1462.0,1441.2,1447.61,1622,23.48,181,1107,68.25
BRACEPORT,SM,24-Aug-2026,64.1,64.1,64.8,58.55,61.15,61.15,61.51,22400,13.78,14,17600,78.57
BRAHMINFRA,EQ,24-Aug-2026,164.15,160.0,167.38,151.2,157.35,154.24,158.35,78922,124.97,1634,41125,52.11
BRANDMAN,SM,24-Aug-2026,160.45,160.45,167.25,154.1,163.5,164.4,161.11,24800,39.95,31,15200,61.29
BRIGADE,EQ,24-Aug-2026,639.3,639.0,663.7,629.05,660.0,654.1,649.53,1256244,8159.66,47283,481007,38.29
BRIGHOTEL,EQ,24-Aug-2026,59.13,59.13,60.61,59.01,59.21,59.23,59.46,110361,65.63,1561,82906,75.12
BRIGHTBR,EQ,24-Aug-2026,248.12,248.12,270.0,242.5,261.99,259.52,254.54,2123,5.4,128,1165,54.88
BRITANNIA,EQ,24-Aug-2026,5365.0,5385.0,5385.0,5285.0,5311.0,5311.0,5309.98,260158,13814.34,22559,139113,53.47
BRNL,EQ,24-Aug-2026,17.24,17.7,17.7,17.11,17.11,17.18,17.23,19810,3.41,214,13501,68.15
BROOKS,BE,24-Aug-2026,60.0,60.1,61.89,60.1,61.7,61.68,61.42,7625,4.68,66,-,-
BSE,EQ,24-Aug-2026,3241.0,3250.0,3346.5,3242.5,3312.7,3312.7,3316.82,4303245,142730.99,226529,1874624,43.56
BSE500IETF,EQ,24-Aug-2026,39.9,39.8,40.0,39.62,39.65,39.71,39.82,220195,87.69,2340,171029,77.67
BSHSL,EQ,24-Aug-2026,87.07,89.7,89.75,87.0,87.05,87.84,88.42,3500,3.09,96,2073,59.23
BSL,EQ,24-Aug-2026,122.23,124.0,125.8,121.31,123.6,124.13,123.66,2322,2.87,81,1521,65.50
BSLGOLDETF,EQ,24-Aug-2026,139.42,140.82,142.01,140.33,141.37,141.38,141.49,2324389,3288.75,3715,1854786,79.80
BSLNIFTY,EQ,24-Aug-2026,28.5,28.5,28.65,28.1,28.43,28.41,28.42,1103323,313.6,6419,977898,88.63
BSLSENETFG,EQ,24-Aug-2026,78.11,76.6,78.51,76.6,77.5,77.79,78.11,1205,0.94,116,822,68.22
BSOFT,EQ,24-Aug-2026,303.75,305.0,309.6,298.0,299.0,299.0,302.86,972297,2944.68,23011,461188,47.43
BTML,EQ,24-Aug-2026,7.86,7.82,8.1,7.7,7.81,7.84,7.96,209843,16.69,481,135163,64.41
BTTL,BE,24-Aug-2026,45.26,45.26,47.4,44.05,44.05,44.28,44.99,4757,2.14,59,-,-
BUILDPRO,EQ,24-Aug-2026,1256.4,1230.0,1266.7,1220.5,1230.5,1249.9,1254.64,80695,1012.44,4558,64046,79.37
BULKCORP,SM,24-Aug-2026,67.4,64.1,64.1,64.1,64.1,64.1,64.1,1200,0.77,1,1200,100.00
BURNPUR,BE,24-Aug-2026,14.2,13.49,13.49,13.49,13.49,13.49,13.49,5952,0.8,93,-,-
BUTTERFLY,EQ,24-Aug-2026,647.4,647.85,654.05,641.1,641.5,642.8,644.46,11396,73.44,892,8263,72.51
BVCL,EQ,24-Aug-2026,42.13,41.51,43.0,41.3,41.4,41.63,42.24,119665,50.55,381,87639,73.24
BYKE,BE,24-Aug-2026,32.37,32.35,32.98,30.92,31.6,31.64,31.43,48950,15.39,119,-,-
C2C,SM,24-Aug-2026,229.95,230.5,237.4,224.9,233.5,231.05,229.94,90600,208.33,440,56100,61.92
CALSOFT,EQ,24-Aug-2026,27.82,28.4,29.21,28.4,29.21,29.21,29.11,167827,48.86,538,143044,85.23
CAMLINFINE,EQ,24-Aug-2026,109.45,109.54,111.38,106.41,106.41,107.15,108.22,894886,968.48,6819,510587,57.06
CAMPUS,EQ,24-Aug-2026,228.15,229.0,232.89,227.42,228.9,228.55,230.47,624219,1438.63,11274,270643,43.36
CAMS,EQ,24-Aug-2026,753.0,755.6,760.0,750.25,752.0,752.0,755.4,705369,5328.33,38128,353023,50.05
CANARYS,SM,24-Aug-2026,23.35,23.3,23.75,22.4,22.8,22.8,22.92,44000,10.08,11,40000,90.91
CANBK,EQ,24-Aug-2026,129.96,129.62,129.87,126.8,127.3,127.3,127.55,13556593,17291.14,59472,6601801,48.70
CANFINHOME,EQ,24-Aug-2026,830.45,831.3,831.3,808.0,809.95,810.1,815.15,177854,1449.78,11834,103405,58.14
CANHLIFE,EQ,24-Aug-2026,155.24,155.24,157.5,153.23,156.0,154.7,155.25,1055564,1638.75,16826,683548,64.76
CANTABIL,EQ,24-Aug-2026,244.81,244.6,247.25,241.8,244.0,243.44,244.5,106116,259.46,2347,49899,47.02
CAPACITE,EQ,24-Aug-2026,214.54,215.0,226.87,215.0,223.5,220.9,222.76,1018042,2267.77,15966,450086,44.21
CAPILLARY,EQ,24-Aug-2026,502.35,504.5,519.1,500.5,501.65,501.95,507.76,125869,639.12,3406,64163,50.98
CAPINVIT,IV,24-Aug-2026,76.98,76.95,77.25,76.5,76.64,76.56,76.74,241855,185.6,1870,206107,85.22
CAPITALSFB,EQ,24-Aug-2026,284.7,281.75,292.0,281.75,284.0,285.5,285.98,6389,18.27,313,4746,74.28
CAPLIPOINT,EQ,24-Aug-2026,2560.8,2545.0,2555.6,2473.9,2495.0,2496.1,2509.56,210240,5276.11,23826,87716,41.72
CAPTRUST,BE,24-Aug-2026,19.49,19.88,20.3,18.8,20.05,20.08,20.01,15698,3.14,109,-,-
CARBORUNIV,EQ,24-Aug-2026,1169.8,1173.3,1174.2,1117.5,1122.0,1122.2,1138.9,225647,2569.88,23351,110814,49.11
CARERATING,EQ,24-Aug-2026,1674.4,1665.1,1690.0,1616.1,1623.0,1626.0,1642.4,47212,775.41,8343,28115,59.55
CARRARO,EQ,24-Aug-2026,531.4,533.0,544.15,531.0,531.0,534.45,537.23,132176,710.09,7087,76867,58.16
CARTRADE,EQ,24-Aug-2026,3072.9,3073.2,3149.0,3054.1,3147.1,3138.6,3114.0,457536,14247.67,52201,138061,30.17
CARYSIL,EQ,24-Aug-2026,1155.4,1150.1,1166.0,1144.0,1150.0,1149.4,1155.11,67984,785.29,3708,43193,63.53
CASHIETF,EQ,24-Aug-2026,1076.46,1077.38,1077.38,1076.58,1076.6,1076.59,1076.59,392446,4225.03,442,226660,57.76
CASTROLIND,EQ,24-Aug-2026,187.77,187.6,187.98,186.55,187.0,186.87,187.27,1054328,1974.39,21549,771493,73.17
CBAZAAR,ST,24-Aug-2026,5.0,4.75,4.75,4.75,4.75,4.75,4.75,8000,0.38,1,8000,100.00
CCAVENUE,EQ,24-Aug-2026,15.16,15.22,15.59,15.0,15.04,15.03,15.21,8106534,1232.7,11065,4055796,50.03
CCCL,EQ,24-Aug-2026,15.49,15.55,15.89,14.95,15.17,15.11,15.15,219500,33.26,625,172753,78.70
CCHHL,EQ,24-Aug-2026,12.99,12.99,13.2,12.61,12.8,12.95,12.95,11626,1.51,119,10364,89.15
CCL,EQ,24-Aug-2026,1082.3,1083.0,1097.0,1076.6,1082.9,1081.8,1085.25,275284,2987.52,20495,172843,62.79
CDSL,EQ,24-Aug-2026,1388.9,1390.0,1412.5,1379.6,1385.1,1385.1,1397.02,2224774,31080.6,62119,806730,36.26
CEATLTD,EQ,24-Aug-2026,3563.4,3550.0,3633.8,3550.0,3570.1,3565.9,3587.07,40420,1449.89,7772,16280,40.28
CEDAAR,ST,24-Aug-2026,13.8,14.4,14.45,13.25,14.45,14.45,14.3,11000,1.57,11,10000,90.91
CEIGALL,EQ,24-Aug-2026,314.35,316.75,328.0,315.35,322.35,322.15,322.7,585704,1890.07,12639,206351,35.23
CEINSYS,EQ,24-Aug-2026,758.65,710.0,744.5,697.15,724.0,720.9,723.24,240247,1737.56,10611,94824,39.47
CELEBRITY,EQ,24-Aug-2026,6.75,6.84,6.9,6.5,6.74,6.76,6.68,45538,3.04,209,33799,74.22
CELLECOR,SM,24-Aug-2026,31.4,31.4,33.4,31.4,33.05,32.75,32.52,624000,202.91,68,438000,70.19
CELLO,EQ,24-Aug-2026,361.45,363.15,366.7,355.1,356.6,358.7,360.95,211867,764.73,8463,88383,41.72
CELLPOINT,SM,24-Aug-2026,15.25,15.75,16.0,15.75,16.0,16.0,15.97,9600,1.53,3,9600,100.00
CEMNTGROWW,EQ,24-Aug-2026,14.88,15.09,15.17,14.8,14.9,14.87,14.9,77359,11.53,500,56218,72.67
CEMPRO,EQ,24-Aug-2026,1276.4,1276.4,1285.3,1253.4,1260.3,1261.4,1264.57,144159,1822.99,14771,91310,63.34
CENTENKA,EQ,24-Aug-2026,569.15,571.95,571.95,551.2,555.0,552.85,556.86,51025,284.14,2676,32192,63.09
CENTEXT,EQ,24-Aug-2026,20.64,20.55,23.13,20.55,22.47,22.34,22.12,586094,129.63,2594,272502,46.49
CENTRALBK,EQ,24-Aug-2026,31.29,31.29,31.54,31.1,31.14,31.21,31.32,5616881,1759.38,17221,2812851,50.08
CENTRUM,EQ,24-Aug-2026,23.28,23.25,23.8,23.16,23.31,23.29,23.41,254630,59.6,622,147413,57.89
CENTUM,EQ,24-Aug-2026,3439.0,3459.9,3486.5,3350.0,3357.4,3359.5,3398.35,41488,1409.91,8306,21605,52.08
CENTURYPLY,EQ,24-Aug-2026,762.4,760.2,766.35,739.85,740.5,744.95,747.1,172593,1289.44,13034,106011,61.42
CERA,EQ,24-Aug-2026,5865.5,5865.5,5938.5,5753.5,5799.5,5793.0,5835.8,4259,248.55,1546,1930,45.32
CEREBRAINT,BZ,24-Aug-2026,2.81,2.92,2.92,2.72,2.82,2.82,2.84,52201,1.48,94,-,-
CESC,EQ,24-Aug-2026,155.09,156.0,157.79,155.05,155.44,155.27,155.94,858640,1338.93,13023,438267,51.04
CEWATER,EQ,24-Aug-2026,260.0,257.5,262.6,251.0,252.8,253.15,256.65,186471,478.58,5568,82422,44.20
CFEL,EQ,24-Aug-2026,30.24,32.0,32.0,30.0,30.9,30.12,30.45,8461,2.58,78,6688,79.05
CGCL,EQ,24-Aug-2026,224.03,224.9,237.3,223.32,236.9,234.32,228.91,9072980,20768.65,42908,2766903,30.50
CGPOWER,EQ,24-Aug-2026,867.0,867.0,877.5,865.35,877.5,877.5,870.73,1296211,11286.44,43198,633531,48.88
CGRAPHICS,SM,24-Aug-2026,147.0,150.0,166.0,150.0,159.35,157.5,158.73,80800,128.25,82,64000,79.21
CGVAK,EQ,24-Aug-2026,156.93,156.93,156.93,150.05,152.89,151.16,152.9,4533,6.93,100,4129,91.09
CHALET,EQ,24-Aug-2026,861.95,861.9,879.95,851.5,869.0,869.55,870.95,253127,2204.61,20129,94309,37.26
CHAMBLFERT,EQ,24-Aug-2026,431.15,431.6,434.85,430.3,432.45,430.95,431.99,361457,1561.45,18439,237605,65.74
CHANDAN,SM,24-Aug-2026,230.85,230.85,230.85,220.2,226.95,226.35,226.37,68000,153.93,82,48800,71.76
CHAVDA,SM,24-Aug-2026,137.15,137.25,137.75,137.0,137.0,137.05,137.21,21000,28.82,20,12000,57.14
CHEMBOND,EQ,24-Aug-2026,172.63,172.63,178.7,170.11,174.0,173.42,175.19,7216,12.64,288,4665,64.65
CHEMBONDCH,BE,24-Aug-2026,284.38,280.2,287.0,271.0,271.0,273.91,279.82,12894,36.08,242,-,-
CHEMCON,BE,24-Aug-2026,185.48,188.75,193.49,188.75,192.51,192.93,192.63,40553,78.12,547,-,-
CHEMCRUX,EQ,24-Aug-2026,84.34,82.15,86.8,82.15,86.0,85.72,85.17,1322,1.13,68,1134,85.78
CHEMFAB,EQ,24-Aug-2026,356.75,356.75,374.5,347.75,367.4,368.45,363.42,8556,31.09,294,4999,58.43
CHEMICAL,EQ,24-Aug-2026,30.24,30.27,30.5,30.0,30.12,30.07,30.22,745101,225.16,1436,403791,54.19
CHEMPLASTS,EQ,24-Aug-2026,176.89,179.5,182.39,174.0,178.1,179.22,179.63,197669,355.06,4967,100177,50.68
CHENNPETRO,EQ,24-Aug-2026,1393.5,1405.0,1452.0,1388.1,1413.5,1412.1,1426.83,1580232,22547.25,53691,342596,21.68
CHETANA,SM,24-Aug-2026,43.6,44.5,45.15,43.35,43.35,43.35,44.52,8000,3.56,5,8000,100.00
CHEVIOT,EQ,24-Aug-2026,1166.2,1179.0,1179.0,1158.2,1169.9,1166.3,1165.87,1134,13.22,145,954,84.13
CHOICEGOLD,EQ,24-Aug-2026,157.39,157.39,160.64,157.39,159.55,159.96,159.8,16743,26.76,252,8125,48.53
CHOICEIN,EQ,24-Aug-2026,808.6,809.0,811.75,795.0,797.9,797.65,801.22,449818,3604.05,7029,184641,41.05
CHOLAFIN,EQ,24-Aug-2026,1862.9,1856.3,1868.7,1833.1,1846.7,1846.7,1850.17,845144,15636.58,36005,472613,55.92
CHOLAHLDNG,EQ,24-Aug-2026,1561.8,1569.9,1570.1,1540.0,1545.3,1548.4,1551.01,97997,1519.95,9013,52419,53.49
CIEINDIA,EQ,24-Aug-2026,401.05,401.1,403.1,397.8,400.0,399.35,399.81,257873,1030.99,12372,149772,58.08
CIFL,EQ,24-Aug-2026,20.32,20.33,21.78,20.04,20.5,20.41,20.58,103935,21.39,640,60125,57.85
CINELINE,EQ,24-Aug-2026,88.03,89.5,89.9,88.0,88.8,89.41,89.19,21724,19.37,172,19895,91.58
CINEVISTA,EQ,24-Aug-2026,14.21,14.35,14.67,14.06,14.47,14.27,14.35,2005,0.29,56,1320,65.84
CIPLA,EQ,24-Aug-2026,1432.2,1428.0,1442.3,1410.3,1437.9,1437.9,1429.72,1220646,17451.78,55248,627649,51.42
CITIUSINVT,IV,24-Aug-2026,114.31,115.39,115.9,114.0,114.5,114.33,115.4,841097,970.64,395,835159,99.29
CKKRETAIL,SM,24-Aug-2026,145.1,145.0,174.1,145.0,167.0,167.0,170.63,41600,70.98,33,37600,90.38
CLASSICEIL,SM,24-Aug-2026,47.4,44.15,49.0,44.15,48.0,47.85,47.28,20800,9.84,13,12800,61.54
CLAYCRAFT,SM,24-Aug-2026,155.5,155.65,165.0,155.65,158.25,158.7,161.59,102600,165.79,139,76800,74.85
CLCIND,BE,24-Aug-2026,48.15,46.46,50.0,46.46,50.0,48.09,47.23,425,0.2,13,-,-
CLEAN,EQ,24-Aug-2026,825.5,826.8,848.9,822.0,832.95,828.25,837.6,308460,2583.66,19876,128509,41.66
CLEANMAX,EQ,24-Aug-2026,1266.9,1266.9,1271.9,1253.0,1255.0,1256.4,1257.78,57080,717.94,7175,35379,61.98
CLEDUCATE,BE,24-Aug-2026,61.01,60.5,63.0,59.14,63.0,62.94,61.84,37865,23.41,139,-,-
CLSEL,EQ,24-Aug-2026,288.35,288.9,321.0,288.9,314.2,312.75,312.43,2814090,8792.04,49465,439123,15.60
CLSL,ST,24-Aug-2026,80.0,76.05,84.0,76.05,84.0,84.0,82.04,28000,22.97,13,26000,92.86
CMICABLES,BZ,24-Aug-2026,2.58,2.55,2.58,2.5,2.58,2.53,2.52,4885,0.12,31,-,-
CMLL,EQ,24-Aug-2026,529.65,532.65,554.9,525.5,529.2,534.15,540.81,582779,3151.74,12019,220256,37.79
CMNL,SM,24-Aug-2026,109.95,109.95,110.5,108.5,110.5,110.5,109.48,3750,4.11,3,3750,100.00
CMPDI,EQ,24-Aug-2026,233.66,234.3,240.25,233.65,238.0,237.86,237.25,1639438,3889.55,21082,953434,58.16
CMRGREEN,EQ,24-Aug-2026,212.87,215.05,222.07,213.6,221.4,221.39,219.11,1200844,2631.17,13864,575553,47.93
CMRSL,SM,24-Aug-2026,69.0,65.6,65.65,65.55,65.55,65.55,65.61,5600,3.67,6,4000,71.43
CMSINFO,EQ,24-Aug-2026,247.0,248.35,251.4,246.75,248.7,248.8,248.92,539387,1342.66,13493,348882,64.68
CNL,EQ,24-Aug-2026,1247.7,1248.55,1250.0,1190.1,1190.1,1202.2,1213.83,37954,460.7,3130,20944,55.18
COALINDIA,EQ,24-Aug-2026,405.2,406.0,410.95,404.6,406.9,406.9,406.55,8002459,32533.96,75676,5682158,71.01
COASTCORP,EQ,24-Aug-2026,40.55,40.99,42.0,40.4,40.87,41.33,41.33,115238,47.62,1441,66806,57.97
COCHINSHIP,EQ,24-Aug-2026,1480.5,1480.5,1516.0,1480.5,1514.0,1514.0,1502.32,851792,12796.63,31238,380204,44.64
COCKERILL,EQ,24-Aug-2026,8213.5,8267.0,8339.0,8005.5,8079.0,8047.5,8165.86,5502,449.29,1626,2693,48.95
COFFEEDAY,BE,24-Aug-2026,29.08,28.91,29.4,28.51,29.2,29.06,28.86,227241,65.59,962,-,-
COFORGE,EQ,24-Aug-2026,1891.7,1891.7,1900.8,1869.6,1873.0,1873.0,1881.39,1507935,28370.13,52992,959329,63.62
COHANCE,EQ,24-Aug-2026,463.0,458.45,460.25,446.05,450.5,448.75,451.68,909426,4107.69,27855,395610,43.50
COLPAL,EQ,24-Aug-2026,1889.0,1889.0,1896.8,1873.3,1879.0,1879.0,1884.07,129484,2439.57,12240,61060,47.16
COMFINTE,EQ,24-Aug-2026,6.32,6.25,6.49,6.22,6.26,6.24,6.27,125076,7.84,396,86267,68.97
COMMITTED,SM,24-Aug-2026,345.0,348.8,348.8,348.8,348.8,348.8,348.8,800,2.79,1,800,100.00
COMMOIETF,EQ,24-Aug-2026,99.56,100.6,100.6,99.75,100.3,100.17,100.15,48141,48.21,560,34344,71.34
COMPEAU,EQ,24-Aug-2026,353.95,336.0,365.8,336.0,360.0,360.0,359.32,1566,5.63,68,1481,94.57
COMPINFO,BZ,24-Aug-2026,1.07,1.07,1.12,1.04,1.11,1.11,1.1,21966,0.24,47,-,-
COMPUSOFT,EQ,24-Aug-2026,13.98,13.98,14.1,12.31,13.01,13.04,13.17,101917,13.43,654,66134,64.89
COMSYN,EQ,24-Aug-2026,286.17,288.95,294.0,271.35,289.5,289.17,276.91,477409,1321.97,3983,274748,57.55
CONCOR,EQ,24-Aug-2026,515.05,515.05,524.2,513.05,516.4,516.4,519.86,1592382,8278.14,69948,817552,51.34
CONCORDBIO,EQ,24-Aug-2026,1571.3,1571.3,1572.2,1517.6,1550.3,1539.4,1541.91,141913,2188.17,12784,56671,39.93
CONFIPET,EQ,24-Aug-2026,74.8,76.4,76.4,71.75,72.12,72.14,73.65,3160735,2327.83,13797,1667095,52.74
CONNPLEX,SM,24-Aug-2026,217.95,220.15,225.0,216.0,225.0,224.5,222.4,36800,81.84,37,28000,76.09
CONS,EQ,24-Aug-2026,12.38,12.63,12.63,12.33,12.39,12.36,12.38,26655,3.3,134,24542,92.07
CONSOFINVT,BE,24-Aug-2026,272.5,272.5,272.5,270.0,270.0,270.25,271.41,2413,6.55,37,-,-
CONSUMAXIS,EQ,24-Aug-2026,123.65,123.65,124.0,123.23,123.75,123.32,123.39,628,0.77,30,288,45.86
CONSUMBEES,EQ,24-Aug-2026,133.98,133.98,134.85,133.05,133.05,133.54,133.77,59092,79.04,942,32668,55.28
CONSUMER,EQ,24-Aug-2026,12.28,12.74,12.74,12.28,12.28,12.3,12.32,226314,27.87,367,186352,82.34
CONSUMIETF,EQ,24-Aug-2026,124.56,125.38,125.38,124.0,124.0,124.17,124.29,10305,12.81,210,7282,70.66
CONTI,SM,24-Aug-2026,11.1,11.15,11.55,11.0,11.4,11.4,11.15,209979,23.41,5,209979,100.00
CONTROLPR,EQ,24-Aug-2026,573.8,573.5,614.3,573.5,597.9,599.8,599.47,62040,371.91,3950,24089,38.83
COOLCAPS,ST,24-Aug-2026,20.25,21.0,21.25,19.3,20.7,20.7,20.05,25000,5.01,17,18750,75.00
CORALFINAC,EQ,24-Aug-2026,34.53,34.2,36.4,33.01,33.01,33.47,34.71,401559,139.38,2821,203561,50.69
CORDELIA,EQ,24-Aug-2026,978.4,977.95,1054.7,955.65,1040.0,1043.6,1018.49,1204583,12268.59,44037,323673,26.87
CORDSCABLE,BE,24-Aug-2026,241.33,241.3,253.39,238.0,253.39,253.39,252.37,86377,217.99,603,-,-
COROMANDEL,EQ,24-Aug-2026,1996.1,2000.0,2009.7,1920.0,1925.0,1926.6,1937.67,309282,5992.87,40128,200571,64.85
CORONA,EQ,24-Aug-2026,2142.6,2144.0,2167.2,2130.1,2143.3,2149.0,2149.03,9877,212.26,1913,4669,47.27
COSMOFIRST,EQ,24-Aug-2026,922.95,928.9,943.0,905.65,905.7,907.95,918.31,45164,414.74,2935,26782,59.30
COUNCODOS,BE,24-Aug-2026,6.65,6.58,6.88,6.32,6.8,6.77,6.54,162820,10.65,446,-,-
CPCAP,EQ,24-Aug-2026,121.32,121.32,124.9,118.41,119.1,119.35,121.62,5807,7.06,224,3773,64.97
CPEDU,EQ,24-Aug-2026,201.2,198.2,200.0,190.72,191.8,191.17,193.78,8135,15.76,432,5944,73.07
CPL,EQ,24-Aug-2026,66.82,67.1,67.39,63.52,63.52,64.99,65.88,167313,110.23,2019,29126,17.41
CPPLUS,EQ,24-Aug-2026,3475.5,3500.0,3514.0,3375.0,3418.7,3419.5,3406.64,169008,5757.49,18209,92865,54.95
CPS,SM,24-Aug-2026,1146.05,1100.0,1140.0,1088.75,1090.0,1091.65,1106.51,9300,102.91,19,9000,96.77
CPSEETF,EQ,24-Aug-2026,94.27,94.27,94.98,93.7,94.05,94.07,94.12,649100,610.9,7968,394462,60.77
CRAFTSMAN,EQ,24-Aug-2026,10644.5,10700.0,10800.0,10502.0,10522.0,10598.5,10664.72,29495,3145.56,10651,15318,51.93
CRAMC,EQ,24-Aug-2026,264.7,264.7,266.0,258.6,259.7,259.6,261.97,184305,482.82,6768,105196,57.08
CRAVATEX,EQ,24-Aug-2026,359.0,359.0,359.0,335.0,335.0,337.1,337.96,131,0.44,8,130,99.24
CRAYONS,SM,24-Aug-2026,26.8,26.6,26.6,26.6,26.6,26.6,26.6,1000,0.27,1,1000,100.00
CREATIVEYE,EQ,24-Aug-2026,6.36,6.39,6.5,6.02,6.18,6.2,6.27,5658,0.35,188,3074,54.33
CREDENT,ST,24-Aug-2026,375.0,366.95,368.8,356.25,356.25,356.25,358.37,375600,1346.02,335,316200,84.19
CREDITACC,EQ,24-Aug-2026,1496.1,1495.2,1497.9,1429.1,1440.0,1442.3,1450.3,540642,7840.95,39803,329992,61.04
CREST,EQ,24-Aug-2026,361.8,360.25,365.0,359.0,364.9,364.25,363.86,954,3.47,35,867,90.88
CRISIL,EQ,24-Aug-2026,4514.5,4517.0,4539.7,4447.7,4493.0,4478.2,4477.59,23902,1070.23,7436,12169,50.91
CRIZAC,EQ,24-Aug-2026,172.84,174.0,175.97,172.9,173.78,173.41,173.75,110295,191.64,3702,66130,59.96
CROMPTON,EQ,24-Aug-2026,252.0,251.95,251.95,243.95,246.0,246.0,246.52,4617328,11382.77,39000,2437373,52.79
CROWN,EQ,24-Aug-2026,105.07,103.6,106.99,103.6,104.2,105.2,105.87,5760,6.1,116,5216,90.56
CRSL,EQ,24-Aug-2026,3.39,3.51,3.56,3.06,3.06,3.06,3.22,2362969,76.15,2072,1746443,73.91
CSBBANK,EQ,24-Aug-2026,322.9,324.9,334.0,321.6,332.0,331.9,329.38,496826,1636.45,15574,265319,53.40
CSLFINANCE,EQ,24-Aug-2026,230.17,231.1,231.89,222.0,227.6,225.02,228.32,30453,69.53,713,22157,72.76
CSM,EQ,24-Aug-2026,99.55,99.55,99.87,97.3,98.9,98.59,98.08,365203,358.18,1562,197700,54.13
CSSL,SM,24-Aug-2026,90.8,92.0,92.75,91.6,91.6,91.6,92.35,11000,10.16,8,9000,81.82
CTE,EQ,24-Aug-2026,49.53,51.84,52.0,50.39,52.0,52.0,51.8,62092,32.17,250,46696,75.20
CUB,EQ,24-Aug-2026,217.3,217.3,219.16,211.34,212.25,212.2,213.25,1480490,3157.11,22131,791611,53.47
CUBEINVIT,IV,24-Aug-2026,156.99,156.99,157.54,155.6,156.5,156.48,156.06,907518,1416.27,2467,870613,95.93
CUBEXTUB,EQ,24-Aug-2026,79.11,80.67,81.06,78.49,79.8,79.24,79.86,56046,44.76,2410,23530,41.98
CUDML,ST,24-Aug-2026,105.5,105.6,105.6,103.0,103.0,103.0,104.95,8000,8.4,8,8000,100.00
CUMMINSIND,EQ,24-Aug-2026,5107.5,5100.0,5190.0,5083.0,5190.0,5190.0,5141.18,686782,35308.71,44380,379441,55.25
CUPID,EQ,24-Aug-2026,284.58,285.5,291.9,282.69,286.1,286.41,286.8,15803016,45323.54,112526,5034652,31.86
CURAA,EQ,24-Aug-2026,72.59,72.59,81.39,72.4,73.55,73.55,73.27,235,0.17,15,171,72.77
CURIS,SM,24-Aug-2026,121.0,123.95,127.0,123.95,126.5,126.4,125.82,14000,17.61,14,12000,85.71
CURRENT,SM,24-Aug-2026,100.0,99.0,99.0,99.0,99.0,99.0,99.0,1600,1.58,1,1600,100.00
CYBERMEDIA,EQ,24-Aug-2026,16.9,16.9,18.87,16.9,17.53,17.54,17.72,33276,5.9,174,23544,70.75
CYBERTECH,BE,24-Aug-2026,134.88,135.88,135.88,133.0,133.18,134.67,134.48,10950,14.73,166,-,-
CYIENT,EQ,24-Aug-2026,892.65,895.0,934.85,894.1,901.2,909.05,912.94,1531330,13980.18,62497,631131,41.21
CYIENTDLM,EQ,24-Aug-2026,721.15,724.0,745.7,721.0,740.0,735.85,734.49,444995,3268.46,25325,234754,52.75
DABUR,EQ,24-Aug-2026,400.5,400.5,400.55,395.65,398.45,398.45,397.87,827894,3293.95,20539,404720,48.89
DAICHI,EQ,24-Aug-2026,324.35,324.35,337.8,318.05,325.0,337.35,331.84,6055,20.09,206,5433,89.73
DALBHARAT,EQ,24-Aug-2026,1880.0,1881.9,1905.1,1845.9,1853.0,1853.0,1878.27,361388,6787.83,18158,197729,54.71
DALMIASUG,EQ,24-Aug-2026,497.95,504.1,520.0,471.55,477.95,480.75,502.81,1239749,6233.56,26807,301509,24.32
DAMCAPITAL,EQ,24-Aug-2026,144.47,144.49,147.9,144.49,146.01,145.96,146.04,234828,342.93,2962,114452,48.74
DAMODARIND,BE,24-Aug-2026,27.18,27.02,28.25,27.01,27.8,27.8,27.51,3667,1.01,30,-,-
DANGEE,EQ,24-Aug-2026,2.87,2.81,2.93,2.81,2.88,2.85,2.84,28541,0.81,111,22204,77.80
DANISH,SM,24-Aug-2026,783.65,777.0,787.8,774.0,782.95,780.25,780.78,8550,66.76,53,6150,71.93
DATAMATICS,EQ,24-Aug-2026,819.25,823.9,828.55,810.1,812.85,812.15,817.27,32893,268.83,2531,18512,56.28
DATAPATTNS,EQ,24-Aug-2026,4829.9,4833.5,4889.8,4701.0,4730.0,4736.2,4773.26,708542,33820.57,56055,257168,36.30
DAVANGERE,EQ,24-Aug-2026,2.99,3.05,3.08,2.85,2.88,2.87,2.97,41238797,1223.86,10564,25429737,61.66
DBCORP,EQ,24-Aug-2026,205.86,205.6,209.53,205.05,208.4,206.8,206.81,57497,118.91,1915,27768,48.29
DBEIL,BE,24-Aug-2026,6.66,6.63,6.8,6.36,6.51,6.5,6.52,156529,10.21,321,-,-
DBL,EQ,24-Aug-2026,414.6,416.65,418.85,412.45,416.0,414.6,414.32,137120,568.11,3399,82826,60.40
DBOL,EQ,24-Aug-2026,131.15,131.8,137.95,127.0,127.71,128.45,133.88,709114,949.34,8647,302122,42.61
DBREALTY,EQ,24-Aug-2026,106.08,108.7,111.38,105.25,106.0,105.68,108.96,1783408,1943.19,6593,1119050,62.75
DBSTOCKBRO,BE,24-Aug-2026,30.32,29.7,30.5,29.0,29.2,29.2,29.5,9769,2.88,58,-,-
DCAL,EQ,24-Aug-2026,173.54,173.51,177.68,172.8,173.0,173.25,174.96,225970,395.37,4215,98482,43.58
DCBBANK,EQ,24-Aug-2026,203.59,205.62,206.0,199.25,199.95,199.74,202.51,2434440,4930.08,27959,1242087,51.02
DCCL,SM,24-Aug-2026,46.7,47.9,47.9,47.8,47.9,47.9,47.87,6000,2.87,3,6000,100.00
DCG,SM,24-Aug-2026,55.1,55.7,55.75,55.0,55.45,55.45,55.58,14400,8.0,10,14400,100.00
DCI,EQ,24-Aug-2026,381.35,384.2,388.55,382.8,383.0,384.0,384.35,38731,148.86,769,30273,78.16
DCM,BE,24-Aug-2026,80.92,81.0,82.9,78.4,80.5,79.47,81.0,3529,2.86,49,-,-
DCMFINSERV,EQ,24-Aug-2026,5.43,5.43,5.43,5.1,5.36,5.13,5.16,28000,1.45,267,24933,89.05
DCMNVL,EQ,24-Aug-2026,171.6,171.6,176.0,170.0,171.06,171.85,172.32,6967,12.01,188,5084,72.97
DCMSHRIRAM,EQ,24-Aug-2026,1082.1,1076.9,1119.5,1071.6,1079.0,1075.4,1097.25,184496,2024.38,15458,73863,40.04
DCMSIL,EQ,24-Aug-2026,77.79,82.0,82.0,76.7,76.72,77.38,78.44,41660,32.68,385,25471,61.14
DCMSRIND,EQ,24-Aug-2026,51.24,51.59,55.75,51.59,52.65,53.06,54.5,462543,252.09,2902,270069,58.39
DCW,EQ,24-Aug-2026,44.73,44.99,46.43,44.61,44.82,44.9,45.62,1467095,669.33,5781,571360,38.94
DCXINDIA,EQ,24-Aug-2026,175.49,175.26,177.59,175.0,175.8,175.72,176.24,254364,448.3,4447,110769,43.55
DDEVPLSTIK,EQ,24-Aug-2026,277.85,279.0,283.2,275.1,276.5,276.6,278.58,89339,248.88,2767,52036,58.25
DECCANCE,EQ,24-Aug-2026,554.15,557.2,562.85,543.5,545.1,546.85,553.56,11978,66.31,640,7758,64.77
DECNGOLD,EQ,24-Aug-2026,245.67,248.0,250.3,244.9,247.0,247.61,247.63,1613681,3995.93,14215,697008,43.19
DEEDEV,EQ,24-Aug-2026,646.1,656.0,658.0,630.1,631.65,634.5,643.98,123665,796.38,4620,77123,62.36
DEEM,ST,24-Aug-2026,40.2,40.2,41.45,40.2,41.45,40.8,40.62,3000,1.22,3,3000,100.00
DEEP,EQ,24-Aug-2026,36.64,36.5,39.98,36.5,37.04,37.18,37.34,5332,1.99,115,4211,78.98
DEEPAKFERT,EQ,24-Aug-2026,1449.2,1450.0,1503.2,1450.0,1474.9,1476.1,1482.74,241197,3576.32,17154,77018,31.93
DEEPAKNTR,EQ,24-Aug-2026,1747.1,1749.9,1774.0,1707.2,1738.0,1730.3,1734.8,464728,8062.08,16562,320715,69.01
DEEPINDS,EQ,24-Aug-2026,688.05,693.7,694.6,672.3,672.3,678.05,682.67,147958,1010.06,6703,68112,46.03
DEFENCE,EQ,24-Aug-2026,82.64,82.65,83.05,81.5,82.1,82.08,82.08,279639,229.54,981,205395,73.45
DELAPLEX,SM,24-Aug-2026,83.15,86.95,86.95,84.0,84.5,84.5,85.39,4200,3.59,7,4200,100.00
DELHIVERY,EQ,24-Aug-2026,450.7,452.0,452.6,441.2,444.75,444.75,445.69,1948199,8682.86,25897,1193681,61.27
DELPHIFX,BE,24-Aug-2026,6.51,6.69,6.75,6.19,6.5,6.49,6.4,110240,7.05,221,-,-
DELTACORP,EQ,24-Aug-2026,58.62,58.64,59.37,58.56,59.1,58.88,58.97,788588,465.02,4534,383644,48.65
DELTAMAGNT,EQ,24-Aug-2026,58.49,58.49,59.8,56.15,56.6,57.32,57.32,10529,6.04,112,8085,76.79
DELTIC,SM,24-Aug-2026,36.9,38.05,38.5,33.5,33.5,35.0,35.69,40000,14.28,30,35000,87.50
DEN,EQ,24-Aug-2026,28.17,28.7,29.24,27.87,28.15,28.14,28.55,451711,128.95,2535,237899,52.67
DENEERS,SM,24-Aug-2026,170.0,167.0,177.9,165.5,173.9,173.9,170.75,20400,34.83,31,9600,47.06
DENORA,EQ,24-Aug-2026,828.95,831.7,839.95,805.1,817.3,822.3,820.41,11069,90.81,701,7018,63.40
DENTA,EQ,24-Aug-2026,286.4,288.5,289.15,281.0,283.3,282.55,284.17,102902,292.42,2798,60129,58.43
DENTALKART,SM,24-Aug-2026,395.6,391.0,413.0,391.0,413.0,411.85,401.42,23000,92.33,73,20500,89.13
DEVIT,EQ,24-Aug-2026,24.9,25.1,27.7,25.1,25.5,25.43,26.1,90375,23.59,493,63003,69.71
DEVX,EQ,24-Aug-2026,35.68,36.0,36.0,34.8,34.98,34.93,35.34,81685,28.87,1039,52523,64.30
DEVYANI,EQ,24-Aug-2026,144.4,145.12,149.5,145.12,149.0,149.12,148.42,5369645,7969.76,33905,2800359,52.15
DGCONTENT,EQ,24-Aug-2026,24.85,24.35,25.5,24.2,24.8,24.81,24.61,2916,0.72,53,2256,77.37
DHABRIYA,BE,24-Aug-2026,576.7,576.9,603.0,552.0,576.5,580.3,576.79,19552,112.77,315,-,-
DHAMPURSUG,EQ,24-Aug-2026,185.23,188.5,199.92,176.27,180.0,180.79,192.68,5595083,10780.37,45528,1516768,27.11
DHANBANK,EQ,24-Aug-2026,33.73,34.2,34.83,33.76,33.92,34.01,34.26,1286196,440.59,3772,717083,55.75
DHANLAXMI,SM,24-Aug-2026,25.0,26.0,27.8,26.0,27.8,27.8,27.2,6000,1.63,3,4000,66.67
DHANSA,SM,24-Aug-2026,21.5,22.05,22.05,22.05,22.05,22.05,22.05,4000,0.88,1,4000,100.00
DHANUKA,EQ,24-Aug-2026,980.3,976.0,998.8,975.3,998.8,994.9,990.95,11771,116.65,1443,6912,58.72
DHARAN,BZ,24-Aug-2026,0.16,0.16,0.17,0.15,0.17,0.16,0.16,13744012,22.25,1774,-,-
DHARARAIL,ST,24-Aug-2026,147.5,151.4,151.4,149.8,149.8,149.8,150.33,3000,4.51,3,3000,100.00
DHARIWAL,SM,24-Aug-2026,18.8,18.8,19.15,17.9,17.9,17.9,18.38,117000,21.51,37,96000,82.05
DHARMAJ,EQ,24-Aug-2026,270.0,270.0,271.1,258.1,258.15,260.65,264.82,27144,71.88,1950,17447,64.28
DHATRE,EQ,24-Aug-2026,4.52,4.43,4.52,4.4,4.44,4.41,4.44,19385,0.86,129,17371,89.61
DHOOTTRANS,EQ,24-Aug-2026,1478.95,1460.0,1477.7,1416.6,1435.0,1443.4,1444.29,3024138,43677.41,114934,405796,13.42
DHRUV,EQ,24-Aug-2026,24.35,24.48,25.49,23.15,23.67,23.24,23.99,17955,4.31,118,15049,83.82
DHUNINV,EQ,24-Aug-2026,975.65,975.65,980.0,961.0,970.0,967.9,970.39,419,4.07,68,332,79.24
DIACABS,BE,24-Aug-2026,356.1,364.0,364.95,350.0,353.0,353.2,356.85,754866,2693.74,6514,-,-
DIAMINESQ,EQ,24-Aug-2026,241.11,244.0,245.38,236.0,238.0,238.65,239.79,5169,12.39,178,4132,79.94
DIAMONDYD,EQ,24-Aug-2026,1179.3,1179.3,1185.3,1168.3,1176.0,1176.5,1177.31,4032,47.47,619,2817,69.87
DICIND,EQ,24-Aug-2026,593.9,610.0,610.0,578.3,584.3,592.05,597.63,5353,31.99,227,2551,47.66
DIFFNKG,EQ,24-Aug-2026,401.45,400.0,410.25,399.45,402.0,401.65,401.56,48770,195.84,1631,21984,45.08
DIGIDRIVE,EQ,24-Aug-2026,17.9,17.99,18.04,17.51,17.99,17.88,17.83,6997,1.25,161,4085,58.38
DIGIKORE,SM,24-Aug-2026,36.25,36.0,38.5,35.5,37.9,37.7,37.32,36400,13.58,59,32000,87.91
DIGISPICE,EQ,24-Aug-2026,16.99,16.71,17.2,16.63,16.7,16.67,16.78,70748,11.87,266,60002,84.81
DIGITIDE,EQ,24-Aug-2026,97.01,96.5,101.92,96.5,99.0,98.94,99.73,333334,332.43,3613,150207,45.06
DIGJAMLMTD,EQ,24-Aug-2026,51.64,53.95,53.95,50.23,52.0,51.31,51.26,7032,3.6,113,4081,58.03
DIL,BZ,24-Aug-2026,0.71,0.68,0.7,0.68,0.68,0.68,0.68,445349,3.03,358,-,-
DISAQ,EQ,24-Aug-2026,11836.0,11625.0,11999.0,11585.0,11900.0,11880.0,11805.34,201,23.73,171,42,20.90
DISHTV,EQ,24-Aug-2026,2.77,2.79,2.81,2.74,2.78,2.76,2.78,1109582,30.81,1520,778602,70.17
DIVGIITTS,EQ,24-Aug-2026,1217.9,1206.25,1267.35,1205.0,1218.5,1221.05,1231.76,233313,2873.86,14880,128978,55.28
DIVIDEND,EQ,24-Aug-2026,35.63,35.78,35.97,35.78,35.86,35.85,35.91,8545,3.07,65,7821,91.53
DIVINEHIRA,ST,24-Aug-2026,111.9,114.0,114.4,110.05,114.0,114.0,112.4,21600,24.28,16,15600,72.22
DIVISLAB,EQ,24-Aug-2026,8597.0,8558.5,8563.5,8457.5,8496.0,8496.0,8503.64,251013,21345.24,27102,131241,52.28
DIVOPPBEES,EQ,24-Aug-2026,77.67,78.52,78.52,77.05,77.3,77.45,77.6,52055,40.39,970,32122,61.71
DIVYADHAN,ST,24-Aug-2026,46.4,44.1,44.1,44.1,44.1,44.1,44.1,2000,0.88,1,2000,100.00
DIXON,EQ,24-Aug-2026,14850.0,15000.0,15000.0,14484.0,14570.0,14570.0,14586.73,735401,107270.99,100345,248397,33.78
DJML,EQ,24-Aug-2026,108.64,109.8,115.25,86.92,86.92,86.92,99.17,2333221,2313.91,20605,778523,33.37
DKEGL,SM,24-Aug-2026,70.0,78.9,80.0,69.85,72.0,71.15,76.11,40500,30.82,21,34500,85.19
DLF,EQ,24-Aug-2026,678.1,678.1,689.0,678.1,689.0,689.0,685.0,5098239,34922.76,40079,3432335,67.32
DLINKINDIA,EQ,24-Aug-2026,435.75,440.3,454.6,438.05,449.0,448.5,448.61,180766,810.94,5721,65130,36.03
DMART,EQ,24-Aug-2026,3906.0,3919.9,3940.0,3876.2,3940.0,3940.0,3909.05,214118,8369.98,24964,80585,37.64
DMCC,EQ,24-Aug-2026,284.3,286.0,294.1,283.0,290.85,287.1,288.03,43193,124.41,1531,22297,51.62
DNAMEDIA,EQ,24-Aug-2026,2.6,2.75,2.75,2.51,2.53,2.54,2.61,26908,0.7,138,18060,67.12
DODLA,EQ,24-Aug-2026,1138.4,1138.4,1160.0,1135.0,1151.0,1149.4,1148.39,71337,819.23,7799,36381,51.00
DOLATALGO,EQ,24-Aug-2026,76.51,76.68,78.5,75.11,75.21,75.29,76.47,250801,191.78,1532,108598,43.30
DOLLAR,EQ,24-Aug-2026,273.2,272.75,277.8,271.5,273.35,273.7,274.09,68689,188.27,2321,30799,44.84
DOLLEX,SM,24-Aug-2026,33.1,34.5,34.5,32.8,33.4,33.15,33.17,104000,34.5,13,76000,73.08
DOLPHIN,EQ,24-Aug-2026,645.1,644.85,669.95,611.1,611.1,616.45,637.74,54439,347.18,2895,26843,49.31
DOMS,EQ,24-Aug-2026,2206.3,2203.4,2217.8,2193.3,2202.0,2201.7,2206.64,10334,228.03,2740,4941,47.81
DONEAR,EQ,24-Aug-2026,87.52,87.52,89.5,84.15,84.23,84.58,85.72,37335,32.0,520,24645,66.01
DPABHUSHAN,EQ,24-Aug-2026,1482.4,1490.0,1568.3,1490.0,1542.3,1533.3,1529.93,80717,1234.92,6432,37473,46.43
DPEL,SM,24-Aug-2026,570.4,574.1,585.0,571.0,577.95,577.95,575.65,11500,66.2,21,6500,56.52
DPSCLTD,BE,24-Aug-2026,7.13,7.13,7.32,7.02,7.2,7.11,7.19,101800,7.31,519,-,-
DPWIRES,BE,24-Aug-2026,158.54,159.33,159.33,152.61,157.5,158.35,156.61,9072,14.21,210,-,-
DRAGARWQ,EQ,24-Aug-2026,5395.0,5327.0,5400.0,5296.0,5381.5,5373.5,5356.35,654,35.03,222,402,61.47
DRCSYSTEMS,EQ,24-Aug-2026,12.6,12.68,13.17,12.52,13.17,12.99,12.9,114198,14.73,415,71715,62.80
DREAMFOLKS,EQ,24-Aug-2026,68.92,68.99,71.0,68.0,69.38,68.74,69.34,45233,31.36,1103,25997,57.47
DREDGECORP,EQ,24-Aug-2026,1116.5,1106.1,1128.8,1095.1,1097.8,1101.7,1111.19,66295,736.67,4129,32382,48.85
DRONE,SM,24-Aug-2026,36.7,38.5,38.5,33.3,34.55,35.05,34.28,159500,54.68,279,118000,73.98
DRREDDY,EQ,24-Aug-2026,1174.7,1179.4,1195.9,1168.6,1190.0,1190.0,1185.68,2248634,26661.65,58573,1387680,61.71
DSFCL,BE,24-Aug-2026,27.6,27.57,27.57,27.05,27.1,27.1,27.41,56684,15.54,103,-,-
DSKULKARNI,BE,24-Aug-2026,16.14,16.94,16.94,16.94,16.94,16.94,16.94,30,0.01,1,-,-
DSSL,EQ,24-Aug-2026,1097.1,1098.0,1119.9,1070.0,1078.0,1080.1,1101.44,30566,336.67,2513,19184,62.76
DTIL,EQ,24-Aug-2026,138.69,138.0,142.4,136.0,140.0,139.92,139.6,9986,13.94,263,8394,84.06
DTL,SM,24-Aug-2026,120.0,135.0,135.0,135.0,135.0,135.0,135.0,1200,1.62,1,1200,100.00
DUCOL,SM,24-Aug-2026,106.7,106.7,108.9,106.7,108.9,108.45,108.0,3200,3.46,4,3200,100.00
DUCON,EQ,24-Aug-2026,3.35,3.38,3.4,3.02,3.05,3.08,3.19,2495854,79.51,2118,2021396,80.99
DUGLOBAL,SM,24-Aug-2026,23.8,23.0,23.25,23.0,23.25,23.25,23.13,5000,1.16,2,5000,100.00
DURLAX,SM,24-Aug-2026,63.85,63.85,65.35,63.0,65.15,64.0,64.24,20000,12.85,9,20000,100.00
DVL,EQ,24-Aug-2026,269.49,269.49,286.99,268.15,286.0,283.61,280.93,47485,133.4,1813,28785,60.62
DWARKESH,EQ,24-Aug-2026,53.63,54.45,59.9,51.57,53.78,54.94,57.37,25067391,14381.53,71057,4517124,18.02
DYCL,EQ,24-Aug-2026,458.8,465.0,475.0,430.0,434.5,433.7,450.07,959780,4319.68,26331,335156,34.92
DYNAMATECH,EQ,24-Aug-2026,11588.0,11611.0,11879.0,11500.0,11636.0,11646.0,11696.42,14148,1654.81,5755,4045,28.59
DYNAMIC,ST,24-Aug-2026,141.2,141.2,141.2,141.2,141.2,141.2,141.2,500,0.71,1,500,100.00
DYNPRO,EQ,24-Aug-2026,235.0,230.3,240.0,225.35,228.4,228.55,229.99,78213,179.88,962,63878,81.67
E2E,BE,24-Aug-2026,621.6,630.0,632.0,595.5,613.0,612.9,604.63,762699,4611.52,16570,-,-
E2ERAIL,SM,24-Aug-2026,289.05,294.0,294.0,273.2,282.0,284.65,282.41,91200,257.55,101,51200,56.14
EASEMYTRIP,EQ,24-Aug-2026,6.25,6.21,6.27,6.08,6.12,6.11,6.13,22281277,1366.66,9595,8362094,37.53
EASTSILK,BE,24-Aug-2026,64.2,63.7,63.85,61.0,63.85,63.85,61.06,1729,1.06,16,-,-
EASTWEST,EQ,24-Aug-2026,2.39,2.46,2.48,2.4,2.44,2.44,2.44,30760,0.75,88,27820,90.44
EBANK10,EQ,24-Aug-2026,16.94,16.94,16.94,16.7,16.85,16.84,16.7,2971944,496.32,96,2968662,99.89
EBANKNIFTY,EQ,24-Aug-2026,58.17,58.24,58.48,57.76,57.82,57.82,58.11,1955,1.14,34,1864,95.35
EBBETF0430,EQ,24-Aug-2026,1610.9,1606.39,1614.3,1605.15,1608.32,1608.31,1607.06,14625,235.03,424,8879,60.71
EBBETF0431,EQ,24-Aug-2026,1440.01,1435.23,1448.0,1432.03,1448.0,1443.19,1439.23,7555,108.73,186,4949,65.51
EBBETF0433,EQ,24-Aug-2026,1317.74,1318.9,1318.9,1310.31,1316.0,1315.26,1315.05,3126,41.11,124,2686,85.92
EBGNG,EQ,24-Aug-2026,606.2,619.8,624.9,594.75,595.0,603.3,611.73,452404,2767.5,16002,256267,56.65
EBIX,EQ,24-Aug-2026,19.74,20.72,20.72,20.72,20.72,20.72,20.72,7720,1.6,28,7720,100.00
ECAPINSURE,EQ,24-Aug-2026,24.32,24.81,24.81,24.2,24.38,24.29,24.38,42329,10.32,280,30439,71.91
ECLERX,EQ,24-Aug-2026,1815.7,1815.7,1869.3,1812.2,1822.0,1822.8,1842.25,126574,2331.81,18843,53381,42.17
ECOLINE,ST,24-Aug-2026,179.1,175.0,180.0,175.0,175.6,175.6,177.73,12000,21.33,9,12000,100.00
ECORECO,EQ,24-Aug-2026,454.75,459.9,466.95,450.0,460.0,459.0,459.57,9623,44.22,718,6547,68.03
ECOSMOBLTY,BE,24-Aug-2026,109.82,111.05,114.4,109.82,110.8,111.16,112.25,86860,97.5,581,-,-
EDELWEISS,EQ,24-Aug-2026,128.68,128.0,129.15,123.92,125.43,125.41,126.47,5019889,6348.6,26602,2289460,45.61
EDUCOMP,BZ,24-Aug-2026,0.89,0.89,0.89,0.85,0.88,0.88,0.88,37663,0.33,84,-,-
EEPL,SM,24-Aug-2026,134.0,140.0,141.9,136.5,141.9,140.55,139.48,45000,62.77,41,35000,77.78
EFACTOR,SM,24-Aug-2026,203.0,204.0,205.0,195.0,202.0,201.9,202.04,11600,23.44,18,10000,86.21
EFCIL,EQ,24-Aug-2026,191.61,192.61,206.0,192.0,202.25,202.46,201.03,1480004,2975.22,16559,872283,58.94
EFFWA,ST,24-Aug-2026,343.1,335.0,335.5,325.95,330.0,332.75,329.44,22000,72.48,41,21600,98.18
EFORCE,SM,24-Aug-2026,20.85,21.0,21.0,21.0,21.0,21.0,21.0,2400,0.5,2,2400,100.00
EGOLD,EQ,24-Aug-2026,158.5,159.55,161.6,159.55,161.25,160.8,160.81,693698,1115.51,1000,661868,95.41
EICHERMOT,EQ,24-Aug-2026,8010.0,8010.0,8075.0,7970.0,8047.0,8047.0,8034.33,207499,16671.16,22843,109229,52.64
EIDPARRY,EQ,24-Aug-2026,797.3,801.0,865.4,789.1,820.7,823.95,841.6,5615486,47259.77,139032,1100228,19.59
EIEL,EQ,24-Aug-2026,194.73,195.24,197.8,193.02,195.99,195.31,195.54,569963,1114.5,10281,212282,37.24
EIFFL,BE,24-Aug-2026,258.6,257.0,261.95,251.85,260.0,259.95,259.43,2155,5.59,47,-,-
EIHAHOTELS,EQ,24-Aug-2026,294.7,297.8,302.65,294.85,297.5,297.85,299.14,28181,84.3,1127,18535,65.77
EIHOTEL,EQ,24-Aug-2026,302.75,305.7,307.95,298.2,300.7,299.8,302.75,107159,324.42,5390,56633,52.85
EIMCOELECO,EQ,24-Aug-2026,2182.9,2174.0,2274.0,2161.3,2270.0,2245.8,2237.02,66580,1489.41,6512,37324,56.06
EKC,EQ,24-Aug-2026,111.38,110.1,114.49,110.0,113.65,113.62,112.48,217339,244.46,3542,101786,46.83
EKI,EQ,24-Aug-2026,78.07,78.99,81.0,75.05,76.25,76.41,77.03,20490,15.78,541,14152,69.07
ELANTAS,EQ,24-Aug-2026,11550.0,11550.0,12224.5,11343.0,11749.0,11687.5,11768.96,3692,434.51,1794,1549,41.96
ELCIDIN,EQ,24-Aug-2026,109005.0,109000.0,109000.0,108320.0,108320.0,108320.0,108830.0,4,4.35,4,4,100.00
ELDEHSG,EQ,24-Aug-2026,835.4,839.55,839.55,804.0,825.0,825.55,820.81,3092,25.38,180,1925,62.26
ELECON,EQ,24-Aug-2026,451.55,451.55,459.3,436.0,437.0,438.55,447.01,352599,1576.15,11171,162561,46.10
ELECTCAST,EQ,24-Aug-2026,73.87,74.5,74.94,72.12,74.8,74.53,73.74,1733175,1277.96,10871,982984,56.72
ELECTHERM,EQ,24-Aug-2026,1052.2,1052.0,1074.0,1043.6,1055.0,1054.4,1055.7,4056,42.82,531,1897,46.77
ELGIEQUIP,EQ,24-Aug-2026,634.35,634.35,636.4,619.1,619.1,621.95,625.96,274690,1719.44,17270,125524,45.70
ELGIRUBCO,EQ,24-Aug-2026,60.07,61.14,61.14,58.11,59.9,59.37,59.5,30447,18.12,361,19203,63.07
ELGNZ,SM,24-Aug-2026,86.8,87.0,91.2,85.05,90.0,89.15,88.61,70000,62.03,44,51000,72.86
ELIN,EQ,24-Aug-2026,100.62,100.62,102.85,99.01,99.99,99.69,101.0,128364,129.65,1741,68089,53.04
ELIQUID,EQ,24-Aug-2026,1044.77,1044.77,1044.92,1044.77,1044.92,1044.91,1044.92,15652,163.55,11,15012,95.91
ELITECON,EQ,24-Aug-2026,15.7,15.76,16.55,15.0,15.08,15.19,15.64,2688396,420.36,7246,1600910,59.55
ELLEN,EQ,24-Aug-2026,328.5,329.8,336.4,320.35,321.0,321.4,327.84,519642,1703.57,10057,252883,48.66
ELM250,EQ,24-Aug-2026,16.8,17.14,17.14,16.75,16.86,16.83,16.83,339401,57.12,235,325722,95.97
ELMDIV,EQ,24-Aug-2026,36.78,37.0,37.04,36.85,36.9,36.9,36.95,1128,0.42,10,642,56.91
ELPROINTL,EQ,24-Aug-2026,175.47,175.15,176.39,175.0,175.0,175.13,175.24,12806,22.44,129,10330,80.67
EMAMILTD,EQ,24-Aug-2026,402.6,400.05,410.6,398.5,405.0,405.6,404.37,840726,3399.67,18412,348739,41.48
EMAMIPAP,BE,24-Aug-2026,115.81,117.0,117.0,115.25,116.5,116.41,116.26,35944,41.79,329,-,-
EMAMIREAL,EQ,24-Aug-2026,70.53,70.95,72.38,69.0,70.4,70.08,70.78,8723,6.17,186,7450,85.41
EMAPARTNER,SM,24-Aug-2026,82.0,87.0,87.0,82.0,86.9,85.85,84.72,9000,7.63,9,8000,88.89
EMBASSY,RR,24-Aug-2026,436.08,437.0,438.68,434.67,435.0,435.46,435.59,642875,2800.29,32650,586220,91.19
EMBDL,EQ,24-Aug-2026,64.87,65.2,65.34,63.36,63.68,63.59,64.04,1274728,816.38,7601,647335,50.78
EMCURE,EQ,24-Aug-2026,1863.0,1862.9,1906.3,1848.0,1862.0,1853.6,1869.37,162164,3031.45,23193,80450,49.61
EMETAL,EQ,24-Aug-2026,13.1,13.31,13.37,13.22,13.36,13.36,13.29,14578,1.94,53,14049,96.37
EMIL,EQ,24-Aug-2026,186.71,188.2,189.85,182.0,182.99,183.48,184.43,1468424,2708.23,15249,690886,47.05
EMKAY,EQ,24-Aug-2026,239.85,239.0,252.39,239.0,245.9,246.01,243.56,39238,95.57,1199,14645,37.32
EMKAYTOOLS,SM,24-Aug-2026,93.5,98.0,98.0,94.0,95.9,95.9,95.76,900,0.86,6,450,50.00
EMMBI,BE,24-Aug-2026,82.59,82.5,83.0,80.1,81.5,81.76,81.37,5347,4.35,110,-,-
EMMIL,SM,24-Aug-2026,124.55,125.5,125.5,121.0,121.0,121.0,124.24,1250,1.55,5,1250,100.00
EMMVEE,EQ,24-Aug-2026,324.0,324.0,327.5,321.5,324.8,325.25,324.89,1168610,3796.67,25958,514010,43.98
EMPIND,EQ,24-Aug-2026,1192.0,1220.0,1224.0,1195.0,1201.5,1204.7,1210.19,5891,71.29,663,3913,66.42
EMPOWER,EQ,24-Aug-2026,2.27,2.34,2.38,2.33,2.37,2.37,2.38,10577168,251.23,2949,8850706,83.68
EMSLIMITED,EQ,24-Aug-2026,394.35,395.0,395.0,383.55,384.0,384.3,388.16,190618,739.9,5345,74524,39.10
EMUDHRA,EQ,24-Aug-2026,540.85,533.0,552.45,533.0,540.1,546.85,542.65,112430,610.1,4297,66162,58.85
EMULTIMQ,EQ,24-Aug-2026,42.05,42.05,42.47,42.03,42.38,42.25,42.2,76121,32.12,188,60105,78.96
ENCOMPAS,SM,24-Aug-2026,234.2,241.6,242.15,240.6,242.0,241.15,241.37,2400,5.79,6,2000,83.33
ENDURANCE,EQ,24-Aug-2026,3029.5,3043.9,3059.0,2981.0,2985.9,2988.2,3013.26,152686,4600.82,20896,89322,58.50
ENERGY,EQ,24-Aug-2026,38.42,38.96,38.96,38.42,38.51,38.47,38.5,470069,180.99,1061,413413,87.95
ENERGYDEV,EQ,24-Aug-2026,16.35,16.51,16.59,16.18,16.38,16.22,16.35,11365,1.86,197,10020,88.17
ENEXT50,EQ,24-Aug-2026,73.98,74.34,74.34,73.3,73.87,73.87,73.84,4127,3.05,16,3160,76.57
ENFUSE,SM,24-Aug-2026,153.0,160.0,160.0,160.0,160.0,160.0,160.0,1200,1.92,2,1200,100.00
ENGINERSIN,EQ,24-Aug-2026,244.91,245.0,256.5,243.83,256.0,254.83,251.42,5607115,14097.5,55480,2698644,48.13
ENIFTY,EQ,24-Aug-2026,24.46,23.84,24.57,23.84,24.44,24.34,24.42,1605,0.39,81,1525,95.02
ENIL,EQ,24-Aug-2026,102.38,102.13,102.13,100.75,101.0,101.01,101.1,74861,75.69,829,66643,89.02
ENKEIWHEL,EQ,24-Aug-2026,414.15,385.0,425.0,385.0,403.5,403.65,409.87,1324,5.43,47,1065,80.44
ENRIN,EQ,24-Aug-2026,3435.6,3435.6,3526.0,3431.2,3487.0,3485.7,3492.74,482282,16844.87,36420,219705,45.56
ENSER,SM,24-Aug-2026,15.35,15.5,15.85,15.4,15.4,15.4,15.52,170000,26.38,21,165000,97.06
ENTERO,EQ,24-Aug-2026,1423.6,1432.0,1575.0,1413.2,1520.2,1529.8,1528.61,1185093,18115.46,87813,321642,27.14
ENVIRO,SM,24-Aug-2026,72.85,72.2,72.8,71.0,71.3,71.25,71.9,46000,33.07,31,42000,91.30
EPACK,EQ,24-Aug-2026,202.8,204.2,206.39,200.6,201.59,201.29,203.24,400496,813.97,6687,189067,47.21
EPACKPEB,EQ,24-Aug-2026,234.35,236.0,237.0,224.7,229.5,229.45,232.89,499336,1162.92,7509,204647,40.98
EPIGRAL,EQ,24-Aug-2026,1126.0,1131.6,1228.3,1125.6,1203.1,1202.7,1194.76,360212,4303.67,24781,150733,41.85
EPL,EQ,24-Aug-2026,265.61,264.0,273.75,261.7,263.89,263.48,268.12,2359394,6325.98,43309,916272,38.84
EPWINDIA,ST,24-Aug-2026,261.25,274.2,274.2,253.0,253.0,253.0,258.76,22800,59.0,16,21600,94.74
EQUAL200,EQ,24-Aug-2026,13.97,14.0,14.04,13.98,14.0,13.99,13.99,153828,21.53,61,145283,94.45
EQUAL50,EQ,24-Aug-2026,334.94,335.65,335.75,333.75,334.52,334.52,334.56,5788,19.36,36,3753,64.84
EQUAL50ADD,EQ,24-Aug-2026,346.66,348.22,348.25,344.46,344.46,344.84,345.48,6529,22.56,377,3345,51.23
EQUIPPP,BE,24-Aug-2026,24.06,24.18,24.18,23.5,24.0,23.97,23.79,510,0.12,11,-,-
EQUITASBNK,EQ,24-Aug-2026,76.6,76.6,77.06,74.6,74.8,75.0,75.67,1048750,793.54,11735,593497,56.59
ERIS,EQ,24-Aug-2026,1328.2,1335.0,1337.4,1312.4,1325.0,1325.6,1323.48,45974,608.46,12944,26955,58.63
ESABINDIA,EQ,24-Aug-2026,6210.0,6300.0,6370.0,6167.5,6230.0,6224.5,6234.95,4318,269.23,1168,2317,53.66
ESAFSFB,BE,24-Aug-2026,43.94,44.69,44.7,42.56,43.32,43.52,43.71,589214,257.57,2830,-,-
ESCONET,SM,24-Aug-2026,184.8,182.05,201.9,182.05,189.6,188.15,193.47,53600,103.7,100,39200,73.13
ESCORTS,EQ,24-Aug-2026,3086.6,3075.0,3108.4,3075.0,3104.4,3097.3,3093.06,30269,936.24,5809,16189,53.48
ESENSEX,EQ,24-Aug-2026,78.35,76.6,78.71,76.6,77.9,77.9,77.87,4213,3.28,25,4064,96.46
ESFL,SM,24-Aug-2026,121.95,121.95,128.05,121.15,123.25,123.0,123.26,9000,11.09,24,6840,76.00
ESG,EQ,24-Aug-2026,41.71,42.27,42.54,41.58,41.66,41.59,41.62,38605,16.07,85,36034,93.34
ESILVER,EQ,24-Aug-2026,243.7,244.91,244.91,241.5,242.3,242.11,242.59,83101,201.59,1567,38192,45.96
ESPRIT,SM,24-Aug-2026,67.0,67.0,69.0,67.0,67.5,67.5,68.21,12800,8.73,5,8000,62.50
ESSARSHPNG,EQ,24-Aug-2026,16.97,17.5,17.99,16.9,16.96,16.98,17.28,531717,91.88,1439,380663,71.59
ESSENTIA,EQ,24-Aug-2026,1.14,1.14,1.19,1.13,1.19,1.18,1.16,3920395,45.48,1088,2433912,62.08
ESTER,EQ,24-Aug-2026,95.14,95.01,97.08,93.4,93.8,94.13,94.54,151634,143.36,1815,109782,72.40
ETERNAL,EQ,24-Aug-2026,328.0,323.0,329.5,323.0,327.15,327.15,327.86,21892944,71777.37,167194,14505895,66.26
ETHOSLTD,EQ,24-Aug-2026,2840.5,2854.0,2916.6,2821.8,2891.0,2892.0,2888.23,39440,1139.12,7276,17202,43.62
ETL,SM,24-Aug-2026,1055.0,1055.0,1055.0,1021.0,1021.0,1021.0,1038.0,300,3.11,2,300,100.00
ETML,SM,24-Aug-2026,83.2,81.25,83.05,81.25,81.7,82.15,82.17,15600,12.82,5,15600,100.00
EUREKAFORB,EQ,24-Aug-2026,415.0,416.95,430.8,415.9,419.0,418.35,423.57,184699,782.33,7250,99297,53.76
EUROBOND,EQ,24-Aug-2026,157.38,159.95,159.95,155.0,158.5,158.12,156.37,6272,9.81,194,4697,74.89
EUROPRATIK,EQ,24-Aug-2026,263.15,262.0,269.85,262.0,269.85,267.4,266.09,152672,406.24,1840,28156,18.44
EUROTEXIND,BE,24-Aug-2026,14.0,14.0,14.0,14.0,14.0,14.0,14.0,1300,0.18,2,-,-
EVEREADY,EQ,24-Aug-2026,348.95,345.6,353.05,344.0,349.8,350.5,348.43,83729,291.73,2586,37992,45.37
EVERESTIND,BE,24-Aug-2026,434.5,434.5,444.95,416.55,426.8,420.4,424.97,6763,28.74,154,-,-
EVIETF,EQ,24-Aug-2026,33.69,33.85,33.85,33.31,33.55,33.51,33.6,194321,65.29,1020,105257,54.17
EVINDIA,EQ,24-Aug-2026,33.67,34.17,34.17,33.42,33.6,33.49,33.6,209559,70.41,2361,147318,70.30
EXCELINDUS,EQ,24-Aug-2026,1089.0,1089.0,1107.9,1060.0,1068.0,1072.65,1080.09,15048,162.53,1360,8131,54.03
EXCELLENT,ST,24-Aug-2026,197.35,188.0,202.0,188.0,202.0,202.0,195.0,3200,6.24,2,1600,50.00
EXCELSOFT,EQ,24-Aug-2026,70.9,71.38,71.5,70.0,70.25,70.13,70.58,323852,228.56,3262,179228,55.34
EXICOM,EQ,24-Aug-2026,159.87,158.75,163.8,158.69,160.1,159.87,161.51,898665,1451.44,10152,365798,40.70
EXIDEIND,EQ,24-Aug-2026,459.6,456.5,461.45,452.0,454.0,453.3,456.19,1847980,8430.21,39153,918525,49.70
EXIMROUTES,SM,24-Aug-2026,114.85,107.1,109.0,106.05,106.05,106.05,107.77,6400,6.9,8,4000,62.50
EXPLEOSOL,EQ,24-Aug-2026,898.75,900.75,916.9,880.0,880.0,882.05,892.25,28431,253.68,2369,13835,48.66
EXXARO,EQ,24-Aug-2026,6.09,6.2,6.2,6.06,6.15,6.14,6.14,105816,6.49,281,82761,78.21
FABTECH,EQ,24-Aug-2026,146.82,147.99,149.9,144.35,147.5,147.05,147.36,65816,96.99,860,41527,63.10
FACT,EQ,24-Aug-2026,783.3,781.0,796.9,781.0,783.6,784.25,789.1,56070,442.45,4919,16626,29.65
FAIRCHEMOR,BE,24-Aug-2026,659.95,669.95,670.0,655.0,670.0,670.0,660.67,10059,66.46,105,-,-
FALCONTECH,SM,24-Aug-2026,12.8,12.2,12.8,12.2,12.8,12.8,12.6,3600,0.45,3,2400,66.67
FASCINATE,ST,24-Aug-2026,151.0,120.8,120.8,114.8,114.8,114.8,119.69,207200,247.99,147,207200,100.00
FAZE3Q,EQ,24-Aug-2026,498.9,483.0,507.0,483.0,492.4,492.85,494.34,48192,238.23,2651,32277,66.98
FCL,EQ,24-Aug-2026,47.43,49.0,51.38,48.61,49.5,49.62,49.82,36404155,18137.66,87116,11887936,32.66
FCONSUMER,BZ,24-Aug-2026,0.24,0.23,0.24,0.23,0.23,0.23,0.23,2257183,5.19,713,-,-
FCSSOFT,EQ,24-Aug-2026,1.49,1.52,1.55,1.45,1.46,1.47,1.51,6293541,94.79,2243,3879446,61.64
FDC,EQ,24-Aug-2026,348.6,350.0,353.05,342.6,342.6,344.3,345.88,165195,571.38,7929,97227,58.86
FEDDERSHOL,EQ,24-Aug-2026,40.26,40.26,40.65,39.12,39.75,39.82,40.02,101539,40.63,1128,34656,34.13
FEDERALBNK,EQ,24-Aug-2026,361.0,360.45,361.25,355.3,357.75,357.75,357.48,4729477,16907.11,58954,3168089,66.99
FEDFINA,EQ,24-Aug-2026,156.84,158.0,162.5,157.2,158.9,159.05,159.85,1226793,1960.98,13799,595509,48.54
FEL,BZ,24-Aug-2026,0.39,0.39,0.4,0.38,0.4,0.4,0.4,230314,0.91,135,-,-
FELDVR,BZ,24-Aug-2026,2.39,2.28,2.38,2.28,2.37,2.34,2.34,2692,0.06,22,-,-
FELIX,SM,24-Aug-2026,178.8,182.6,182.6,178.0,181.0,180.95,179.85,21000,37.77,39,13500,64.29
FERMENTA,EQ,24-Aug-2026,478.35,482.0,493.8,471.3,473.0,475.1,480.93,114514,550.73,4851,63434,55.39
FIBERWEB,EQ,24-Aug-2026,25.89,25.95,26.8,25.36,26.75,26.7,26.39,49127,12.96,408,22592,45.99
FIDEL,SM,24-Aug-2026,140.0,133.0,140.0,130.0,140.0,137.95,134.94,12000,16.19,12,9000,75.00
FIEMIND,EQ,24-Aug-2026,2198.8,2198.8,2217.5,2160.0,2165.0,2164.1,2188.22,55553,1215.62,8464,32033,57.66
FILATEX,EQ,24-Aug-2026,83.06,82.95,84.45,82.24,83.95,84.05,83.59,1364191,1140.3,7118,661019,48.46
FILATFASH,EQ,24-Aug-2026,0.18,0.18,0.19,0.18,0.19,0.18,0.18,18953459,34.82,1854,11259742,59.41
FINBUD,SM,24-Aug-2026,138.1,136.0,137.0,130.6,134.0,134.6,134.36,38000,51.06,38,26000,68.42
FINCABLES,EQ,24-Aug-2026,1260.5,1271.3,1307.5,1263.95,1290.0,1291.6,1287.69,767250,9879.82,42145,235546,30.70
FINEORG,EQ,24-Aug-2026,5159.9,5146.0,5357.0,5080.8,5270.0,5277.4,5293.94,71993,3811.26,20433,31703,44.04
FINIETF,EQ,24-Aug-2026,33.52,33.33,33.61,33.25,33.48,33.37,33.44,242610,81.12,1448,172901,71.27
FINKURVE,EQ,24-Aug-2026,76.32,76.32,83.1,76.32,79.0,79.63,80.84,718069,580.5,2868,489086,68.11
FINOPB,EQ,24-Aug-2026,145.93,145.93,151.82,145.93,147.0,147.91,148.55,294002,436.74,4290,66990,22.79
FINPIPE,EQ,24-Aug-2026,160.44,161.4,166.5,160.51,164.99,165.51,164.42,1408923,2316.52,29646,558131,39.61
FIRSTCRY,EQ,24-Aug-2026,196.33,197.99,198.5,193.1,194.77,193.77,195.92,1011865,1982.42,13893,496239,49.04
FISCHER,EQ,24-Aug-2026,38.14,38.14,38.39,35.7,36.88,36.47,36.55,1227530,448.62,6325,528680,43.07
FIVESTAR,EQ,24-Aug-2026,520.95,521.0,521.25,495.35,500.0,500.0,505.5,510025,2578.15,25498,284558,55.79
FLAIR,EQ,24-Aug-2026,248.8,249.0,251.95,248.65,251.0,251.05,250.38,37107,92.91,871,19233,51.83
FLEXIADD,EQ,24-Aug-2026,10.19,10.21,10.53,10.1,10.16,10.2,10.22,48872,5.0,317,40020,81.89
FLEXITUFF,BE,24-Aug-2026,2.76,2.75,2.75,2.66,2.68,2.67,2.72,45457,1.24,115,-,-
FLFL,BZ,24-Aug-2026,1.15,1.15,1.16,1.13,1.16,1.14,1.14,27602,0.32,71,-,-
FLUOROCHEM,EQ,24-Aug-2026,4621.9,4610.5,4689.9,4555.3,4635.0,4622.6,4629.9,119810,5547.09,19992,60258,50.29
FLYSBS,SM,24-Aug-2026,554.6,556.0,608.0,556.0,597.0,592.25,591.84,232600,1376.62,623,154000,66.21
FMCGADD,EQ,24-Aug-2026,47.91,48.14,48.46,47.45,47.83,47.65,47.6,14845,7.07,228,10727,72.26
FMCGIETF,EQ,24-Aug-2026,51.2,51.3,51.44,50.78,51.07,51.0,50.96,1317821,671.61,5820,934560,70.92
FMGOETZE,EQ,24-Aug-2026,472.1,472.5,489.9,470.05,483.0,483.35,481.87,38095,183.57,1690,21277,55.85
FMNL,EQ,24-Aug-2026,8.77,8.37,9.2,8.36,9.2,9.2,9.1,58764,5.35,79,57791,98.34
FOCE,SM,24-Aug-2026,537.0,512.0,512.0,512.0,512.0,512.0,512.0,240,1.23,1,240,100.00
FOCUS,BE,24-Aug-2026,70.0,70.0,72.0,68.0,69.55,68.64,68.85,23283,16.03,223,-,-
FONEBOX,SM,24-Aug-2026,94.7,90.0,90.5,90.0,90.5,90.5,90.02,22000,19.81,9,22000,100.00
FOODSIN,EQ,24-Aug-2026,54.43,55.97,55.97,54.2,54.2,54.2,54.62,23487,12.83,165,15548,66.20
FORCAS,ST,24-Aug-2026,198.0,198.0,204.9,198.0,201.0,201.0,201.98,14400,29.08,9,14400,100.00
FORCEMOT,EQ,24-Aug-2026,17770.0,17780.0,17937.0,17600.0,17600.0,17600.0,17692.39,48486,8578.33,14143,18935,39.05
FORGEAUTO,SM,24-Aug-2026,101.0,98.0,98.0,98.0,98.0,98.0,98.0,1200,1.18,1,1200,100.00
FORTIS,EQ,24-Aug-2026,907.1,907.0,918.0,904.5,918.0,918.0,911.16,401483,3658.14,13815,222245,55.36
FOSECOIND,EQ,24-Aug-2026,5346.0,5315.0,5422.0,5257.0,5384.5,5358.0,5328.62,3810,203.02,975,1801,47.27
FRACTAL,EQ,24-Aug-2026,846.7,846.5,859.0,825.15,829.8,828.5,845.0,231581,1956.86,21610,124094,53.59
FREDUN,EQ,24-Aug-2026,1434.6,1469.9,1469.9,1403.0,1422.0,1431.1,1441.88,17421,251.19,1692,10896,62.55
FRESHARA,ST,24-Aug-2026,406.95,408.0,419.0,395.0,408.0,402.8,404.06,36600,147.89,47,34800,95.08
FROG,ST,24-Aug-2026,215.75,211.6,220.05,211.6,220.05,220.05,219.8,13600,29.89,23,13600,100.00
FRONTSP,EQ,24-Aug-2026,1278.4,1278.4,1289.6,1241.1,1255.0,1259.1,1258.53,31758,399.68,3966,16339,51.45
FSL,EQ,24-Aug-2026,276.05,276.1,278.7,271.2,272.4,272.5,275.17,503988,1386.83,11713,190002,37.70
FUSION,EQ,24-Aug-2026,200.12,200.0,208.2,200.0,204.0,202.38,204.52,837244,1712.36,16404,450488,53.81
GABRIEL,EQ,24-Aug-2026,1420.6,1402.0,1418.4,1351.1,1366.0,1358.9,1384.76,370592,5131.81,30644,189187,51.05
GAEL,EQ,24-Aug-2026,177.46,177.8,184.54,173.96,180.5,180.6,180.24,2174153,3918.77,27318,934736,42.99
GAIL,EQ,24-Aug-2026,172.0,172.0,173.79,172.0,173.75,173.75,172.75,4514359,7798.55,36028,2814798,62.35
GALAPREC,EQ,24-Aug-2026,1089.3,1098.0,1105.6,1052.1,1079.0,1093.9,1071.67,43724,468.58,4174,20197,46.19
GALAXYSURF,EQ,24-Aug-2026,2333.0,2343.0,2383.9,2308.2,2315.0,2316.4,2339.34,30717,718.57,5338,14764,48.06
GALLANTT,EQ,24-Aug-2026,584.4,589.6,597.65,576.3,579.7,580.25,585.34,36877,215.86,3537,17913,48.57
GANDHAR,EQ,24-Aug-2026,250.43,255.09,261.0,254.06,256.0,256.62,257.43,1589659,4092.27,20566,697155,43.86
GANDHITUBE,EQ,24-Aug-2026,892.35,899.0,900.0,885.1,899.0,895.1,894.14,5731,51.24,385,4130,72.06
GANECOS,EQ,24-Aug-2026,1082.1,1082.0,1094.9,1063.0,1074.5,1068.2,1076.4,47354,509.72,4928,20770,43.86
GANESHBE,BE,24-Aug-2026,123.96,123.96,123.96,120.0,122.0,121.98,121.56,118619,144.2,627,-,-
GANESHCP,EQ,24-Aug-2026,161.24,161.24,163.88,160.75,161.0,161.73,162.4,68311,110.94,1092,34690,50.78
GANESHHOU,EQ,24-Aug-2026,809.65,813.35,820.0,804.2,809.8,808.15,810.81,11979,97.13,1112,5723,47.78
GANESHIN,ST,24-Aug-2026,116.6,116.6,116.6,112.0,114.0,114.55,114.03,22400,25.54,26,19200,85.71
GANGABATH,SM,24-Aug-2026,22.55,22.4,22.9,21.95,22.45,22.45,22.39,30000,6.72,10,15000,50.00
GANGAFORGE,EQ,24-Aug-2026,2.05,1.95,1.95,1.95,1.95,1.95,1.95,928741,18.11,1078,928741,100.00
GANGESSECU,EQ,24-Aug-2026,121.93,122.8,123.9,122.0,123.0,122.99,123.0,9046,11.13,85,8051,89.00
GARFIBRES,EQ,24-Aug-2026,802.6,808.0,827.0,793.65,809.0,809.4,812.46,138253,1123.26,16348,71627,51.81
GARUDA,EQ,24-Aug-2026,183.95,185.0,192.5,181.8,183.5,182.87,186.57,1089266,2032.3,12833,409865,37.63
GATECH,BE,24-Aug-2026,0.9,0.94,0.94,0.93,0.94,0.93,0.94,80921553,760.46,12555,-,-
GATECHDVR,BE,24-Aug-2026,0.51,0.53,0.53,0.5,0.5,0.5,0.51,742274,3.8,353,-,-
GATEWAY,EQ,24-Aug-2026,53.6,53.55,54.34,53.55,53.92,53.84,53.92,1159731,625.35,4788,903584,77.91
GAUDIUMIVF,BE,24-Aug-2026,111.41,109.19,113.63,109.19,113.63,113.63,110.77,217058,240.43,687,-,-
GAYAHWS,EQ,24-Aug-2026,1.95,1.99,2.05,1.9,1.93,1.92,1.94,227639,4.42,334,163078,71.64
GAYAPROJ,BE,24-Aug-2026,21.76,22.43,22.55,20.82,22.39,22.34,22.05,857308,189.0,2043,-,-
GCHOTELS,ST,24-Aug-2026,97.5,97.3,100.0,97.0,99.0,98.55,98.7,28200,27.83,41,21600,76.60
GCSL,EQ,24-Aug-2026,488.9,493.0,513.65,493.0,512.0,512.15,506.52,723045,3662.37,6598,272546,37.69
GEECEE,BE,24-Aug-2026,366.65,363.65,370.0,363.6,367.0,368.7,367.54,3707,13.62,48,-,-
GEEKAYWIRE,EQ,24-Aug-2026,22.43,22.43,23.27,22.27,22.32,22.48,22.48,43669,9.82,343,33781,77.36
GEMAROMA,EQ,24-Aug-2026,175.79,175.8,177.0,169.0,173.75,173.67,171.49,164340,281.82,2778,96624,58.80
GENCON,EQ,24-Aug-2026,42.18,42.18,43.3,41.5,41.9,41.57,42.03,43694,18.37,536,29214,66.86
GENESYS,EQ,24-Aug-2026,179.35,181.9,187.95,177.55,178.4,178.55,182.01,286013,520.59,6523,104544,36.55
GENSOL,BZ,24-Aug-2026,17.56,17.6,18.43,17.01,18.43,18.23,18.02,91166,16.43,737,-,-
GENUSPAPER,EQ,24-Aug-2026,11.23,11.48,11.48,11.1,11.15,11.12,11.21,53933,6.05,720,38594,71.56
GENUSPOWER,EQ,24-Aug-2026,337.95,339.0,346.1,337.35,340.0,339.6,341.35,2734164,9333.12,36673,1168517,42.74
GENXAI,SM,24-Aug-2026,78.5,78.0,78.2,75.0,77.45,76.15,76.48,30000,22.94,23,25200,84.00
GEOJITFSL,EQ,24-Aug-2026,80.72,79.88,85.3,79.12,83.18,82.98,83.22,1723140,1433.97,12148,583781,33.88
GESHIP,EQ,24-Aug-2026,1311.3,1320.0,1346.0,1318.0,1340.0,1333.0,1330.17,661964,8805.25,34591,315731,47.70
GFLLIMITED,EQ,24-Aug-2026,55.35,57.59,57.8,54.61,55.5,55.41,56.14,100392,56.36,1992,52546,52.34
GFSTEELS,BE,24-Aug-2026,15.0,15.0,15.0,15.0,15.0,15.0,15.0,1860,0.28,10,-,-
GGBL,SM,24-Aug-2026,238.35,239.0,244.9,239.0,241.0,240.95,241.56,18300,44.21,56,12600,68.85
GHCL,EQ,24-Aug-2026,442.4,450.0,458.0,442.15,444.9,443.85,450.63,263311,1186.57,8103,122220,46.42
GHCLTEXTIL,EQ,24-Aug-2026,122.49,122.5,128.88,118.56,124.48,124.21,125.35,1196199,1499.46,13826,475762,39.77
GICHSGFIN,EQ,24-Aug-2026,137.68,138.0,138.49,136.31,137.4,137.16,137.67,49452,68.08,909,34239,69.24
GICL,EQ,24-Aug-2026,23.81,24.2,24.2,23.32,23.84,23.89,23.78,317749,75.57,600,193467,60.89
GICRE,EQ,24-Aug-2026,355.75,356.5,357.7,355.0,357.0,356.95,356.63,399535,1424.86,27660,234018,58.57
GILLANDERS,EQ,24-Aug-2026,96.13,96.0,103.0,95.25,102.6,102.26,100.13,26403,26.44,339,23410,88.66
GILLETTE,EQ,24-Aug-2026,7498.5,7460.5,7480.0,7383.0,7427.5,7406.5,7430.92,23028,1711.19,5394,15219,66.09
GILT10BETA,EQ,24-Aug-2026,26.79,26.71,26.73,26.34,26.5,26.5,26.49,1315,0.35,35,814,61.90
GILT5BETA,EQ,24-Aug-2026,66.39,66.58,67.01,65.71,66.5,66.5,65.91,6211,4.09,12,6206,99.92
GILT5YBEES,EQ,24-Aug-2026,66.16,65.22,66.51,64.84,66.2,66.16,66.19,183280,121.31,390,109213,59.59
GINNIFILA,BE,24-Aug-2026,45.45,45.45,45.99,44.5,45.25,44.79,45.15,10367,4.68,83,-,-
GIPCL,EQ,24-Aug-2026,172.64,173.49,182.0,172.5,178.0,178.39,178.09,1722588,3067.76,15812,852905,49.51
GIRIRAJ,SM,24-Aug-2026,83.5,87.65,87.65,83.5,87.65,87.65,87.57,22500,19.7,55,21750,96.67
GJL,ST,24-Aug-2026,242.0,229.9,244.9,229.9,244.9,244.9,236.57,2400,5.68,3,2400,100.00
GKB,EQ,24-Aug-2026,65.0,65.0,65.0,60.3,63.0,63.0,63.87,1183,0.76,18,1182,99.92
GKENERGY,EQ,24-Aug-2026,123.3,123.95,127.3,123.68,124.7,124.37,125.42,361214,453.02,4681,169062,46.80
GKSL,EQ,24-Aug-2026,152.97,154.75,156.18,152.0,152.3,152.54,153.69,296648,455.91,2885,173485,58.48
GKWLIMITED,EQ,24-Aug-2026,1606.5,1620.0,1629.0,1572.0,1601.0,1601.0,1604.57,459,7.36,61,319,69.50
GLAND,EQ,24-Aug-2026,2819.3,2825.0,2880.0,2791.0,2811.9,2801.6,2820.32,517520,14595.72,45111,309249,59.76
GLAXO,EQ,24-Aug-2026,2902.2,2875.1,2955.9,2865.4,2930.0,2931.7,2923.07,80140,2342.54,10741,38341,47.84
GLENMARK,EQ,24-Aug-2026,2317.9,2315.1,2395.0,2295.3,2390.7,2390.7,2358.07,710023,16742.87,47712,308428,43.44
GLFL,EQ,24-Aug-2026,5.94,5.94,6.0,5.66,5.76,5.77,5.87,2642,0.16,30,2300,87.06
GLOBAL,EQ,24-Aug-2026,106.98,108.04,110.0,106.0,107.0,107.5,108.26,128011,138.58,922,100478,78.49
GLOBALE,EQ,24-Aug-2026,11.81,11.7,12.19,11.45,11.6,11.76,11.57,3979,0.46,38,2577,64.77
GLOBALPET,ST,24-Aug-2026,151.0,151.0,151.0,151.0,151.0,151.0,151.0,4500,6.8,6,4500,100.00
GLOBALVECT,EQ,24-Aug-2026,152.51,152.51,154.95,148.6,149.1,149.1,149.9,9743,14.61,238,6665,68.41
GLOBE,EQ,24-Aug-2026,1.97,1.99,2.01,1.98,2.0,2.0,2.0,168876,3.37,191,165276,97.87
GLOBECIVIL,EQ,24-Aug-2026,42.0,41.7,43.0,41.5,42.75,42.12,42.4,87455,37.08,336,69554,79.53
GLOBUSSPR,EQ,24-Aug-2026,906.4,911.8,914.8,905.0,911.0,910.95,910.71,49863,454.11,2861,26555,53.26
GLOSTERLTD,EQ,24-Aug-2026,601.0,603.0,603.2,595.3,597.0,597.0,599.85,625,3.75,54,526,84.16
GLOTTIS,EQ,24-Aug-2026,66.66,67.0,68.49,66.01,67.09,67.66,67.89,72399,49.15,1064,56553,78.11
GMBREW,EQ,24-Aug-2026,887.25,873.0,899.8,873.0,876.0,877.85,881.3,25016,220.47,1700,14439,57.72
GMDCLTD,EQ,24-Aug-2026,570.0,573.9,580.9,568.4,571.5,570.85,574.4,670794,3853.05,19129,249750,37.23
GML,SM,24-Aug-2026,18.5,17.8,17.8,17.65,17.7,17.7,17.71,16000,2.83,8,14000,87.50
GMMPFAUDLR,EQ,24-Aug-2026,1022.35,1024.8,1024.8,983.95,985.2,989.3,1002.9,80444,806.77,5841,48109,59.80
GMRAIRPORT,EQ,24-Aug-2026,99.63,100.11,100.63,98.0,98.82,98.82,99.25,12707720,12612.62,43555,7039149,55.39
GMRP&UI,EQ,24-Aug-2026,96.58,96.98,98.14,95.8,96.34,96.1,96.82,573605,555.35,5715,268711,46.85
GNA,EQ,24-Aug-2026,562.85,565.45,574.95,552.4,554.8,555.4,563.53,349165,1967.65,8145,170569,48.85
GNFC,EQ,24-Aug-2026,582.8,582.0,595.6,581.0,594.35,593.0,591.99,320064,1894.74,11346,131067,40.95
GNRL,EQ,24-Aug-2026,101.9,101.9,102.4,99.0,100.0,99.96,100.6,73975,74.42,1726,46547,62.92
GOACARBON,EQ,24-Aug-2026,350.7,353.25,359.45,350.15,353.0,351.7,354.0,5377,19.03,338,2511,46.70
GOCLCORP,EQ,24-Aug-2026,400.6,400.6,404.2,397.05,398.0,398.4,399.98,27011,108.04,1187,14784,54.73
GOCOLORS,EQ,24-Aug-2026,344.8,347.55,363.0,341.15,353.35,353.3,354.8,602400,2137.32,13079,239570,39.77
GODAVARIB,EQ,24-Aug-2026,244.25,242.2,248.5,240.0,240.0,240.85,243.96,175767,428.81,2567,99220,56.45
GODFRYPHLP,EQ,24-Aug-2026,2117.0,2111.0,2125.6,2095.9,2100.5,2100.5,2107.65,150168,3165.01,12674,50369,33.54
GODIGIT,EQ,24-Aug-2026,262.9,262.85,265.55,259.15,259.8,260.4,262.96,350956,922.87,7420,240154,68.43
GODREJAGRO,EQ,24-Aug-2026,574.55,574.55,579.3,566.6,571.0,572.75,572.47,259836,1487.49,7491,187989,72.35
GODREJCP,EQ,24-Aug-2026,933.0,932.5,934.3,918.4,928.9,928.9,924.39,2002746,18513.24,30092,1235910,61.71
GODREJIND,EQ,24-Aug-2026,1230.0,1230.0,1250.0,1171.1,1180.0,1184.5,1210.96,195302,2365.03,16064,78838,40.37
GODREJPROP,EQ,24-Aug-2026,2035.0,2035.0,2047.9,2028.3,2039.9,2039.9,2038.04,261818,5335.96,21049,122007,46.60
GOKEX,EQ,24-Aug-2026,797.6,800.05,804.1,793.25,795.0,796.95,798.92,108348,865.62,5939,57270,52.86
GOKUL,EQ,24-Aug-2026,42.55,42.55,46.8,42.55,44.0,44.36,45.25,557589,252.31,4630,264975,47.52
GOKULAGRO,EQ,24-Aug-2026,242.8,245.7,245.7,240.6,243.71,244.05,243.64,342721,835.0,6708,147444,43.02
GOLD1,EQ,24-Aug-2026,132.87,136.19,136.19,133.02,134.5,134.48,134.45,3491135,4693.79,12604,2355083,67.46
GOLD360,EQ,24-Aug-2026,154.8,155.1,157.9,155.1,157.0,157.05,156.88,30507,47.86,564,18932,62.06
GOLDADD,EQ,24-Aug-2026,154.61,155.83,156.99,155.83,156.53,156.37,156.48,1494171,2338.15,5379,1011311,67.68
GOLDAXIS,EQ,24-Aug-2026,132.27,133.21,134.77,133.15,134.45,134.31,134.25,4105051,5511.15,6763,2695965,65.67
GOLDBEES,EQ,24-Aug-2026,131.32,132.86,133.61,132.53,133.1,133.02,133.12,47032311,62607.11,129698,27822437,59.16
GOLDBETA,EQ,24-Aug-2026,133.75,130.4,136.0,130.4,135.25,135.5,135.44,938078,1270.52,3757,574033,61.19
GOLDBND,EQ,24-Aug-2026,158.57,158.9,161.98,158.9,160.78,160.69,160.61,81577,131.02,473,73777,90.44
GOLDCASE,EQ,24-Aug-2026,25.01,25.76,25.76,25.22,25.35,25.33,25.34,13214411,3349.06,13879,7439535,56.30
GOLDENTOBC,BZ,24-Aug-2026,25.48,25.48,25.48,24.21,25.0,24.97,24.6,1487,0.37,29,-,-
GOLDETF,EQ,24-Aug-2026,154.35,156.01,156.97,155.64,156.32,156.11,156.26,2853427,4458.68,11211,1725348,60.47
GOLDIAM,EQ,24-Aug-2026,360.35,363.0,365.05,358.3,359.0,360.55,361.61,362036,1309.18,7208,156590,43.25
GOLDIETF,EQ,24-Aug-2026,135.99,137.46,138.7,137.4,137.71,137.71,137.75,25976155,35782.32,59484,13902116,53.52
GOLDSTAR,SM,24-Aug-2026,7.8,7.85,7.85,7.45,7.45,7.45,7.53,56250,4.24,5,45000,80.00
GOLDTECH,BE,24-Aug-2026,49.65,51.84,52.13,49.65,49.66,50.18,51.33,31958,16.4,195,-,-
GOODLUCK,EQ,24-Aug-2026,490.9,486.8,486.8,475.6,477.9,477.7,478.76,287721,1377.5,8135,132536,46.06
GOODYEAR,EQ,24-Aug-2026,760.05,759.0,770.0,750.0,754.05,756.15,759.83,7573,57.54,892,4720,62.33
GOPAL,EQ,24-Aug-2026,282.3,283.05,287.9,281.0,281.5,284.35,283.18,149405,423.08,3749,43846,29.35
GOYALALUM,EQ,24-Aug-2026,6.41,6.41,6.45,6.3,6.44,6.43,6.4,55467,3.55,320,46514,83.86
GOYALSALT,SM,24-Aug-2026,108.75,109.0,109.0,106.0,106.0,106.0,106.26,20400,21.68,4,20400,100.00
GPECO,ST,24-Aug-2026,379.0,394.8,394.8,379.0,392.95,392.95,388.28,13400,52.03,54,12200,91.04
GPIL,EQ,24-Aug-2026,245.09,247.05,250.0,244.1,244.2,245.27,246.95,1149287,2838.2,22960,694170,60.40
GPPL,EQ,24-Aug-2026,163.54,163.54,166.99,163.0,163.5,163.43,164.81,2007508,3308.66,18491,1204196,59.98
GPTHEALTH,EQ,24-Aug-2026,150.64,148.9,152.08,148.61,149.0,150.0,149.86,68012,101.92,3104,40299,59.25
GPTINFRA,EQ,24-Aug-2026,112.41,112.41,114.44,112.41,113.4,113.34,113.53,53540,60.78,743,38352,71.63
GRADIENTE,EQ,24-Aug-2026,2.93,2.99,3.04,2.96,3.01,2.98,3.0,5378024,161.15,447,4084685,75.95
GRANDOAK,EQ,24-Aug-2026,37.97,38.9,39.85,36.61,38.3,37.88,37.77,4729,1.79,84,2538,53.67
GRANULES,EQ,24-Aug-2026,858.15,856.5,868.2,846.0,857.0,855.3,859.87,305614,2627.89,17477,146948,48.08
GRAPHISAD,SM,24-Aug-2026,26.15,26.0,26.85,25.9,26.6,26.25,26.35,13200,3.48,11,9600,72.73
GRAPHITE,EQ,24-Aug-2026,710.75,708.9,726.0,708.9,718.6,718.75,720.14,520979,3751.78,19957,219409,42.11
GRASIM,EQ,24-Aug-2026,3308.0,3316.0,3316.0,3263.0,3288.0,3288.0,3286.41,1615909,53105.4,71455,951283,58.87
GRAUWEIL,EQ,24-Aug-2026,70.07,70.99,73.0,70.49,71.98,71.28,71.7,386759,277.29,6867,167083,43.20
GRAVISSHO,EQ,24-Aug-2026,28.8,29.08,29.08,28.9,28.99,28.99,28.91,591,0.17,9,591,100.00
GRAVITA,EQ,24-Aug-2026,1821.7,1830.0,1839.0,1792.9,1801.6,1807.8,1810.3,150375,2722.24,17694,80461,53.51
GRCL,SM,24-Aug-2026,531.2,557.75,557.75,557.75,557.75,557.75,557.75,2500,13.94,8,2500,100.00
GREAVESCOT,EQ,24-Aug-2026,192.48,194.1,197.9,192.0,192.67,192.6,195.1,799860,1560.53,11121,320599,40.08
GREENCHEF,SM,24-Aug-2026,51.0,51.0,54.85,50.9,54.25,53.9,52.78,36000,19.0,32,28000,77.78
GREENLAM,EQ,24-Aug-2026,253.0,252.2,254.05,249.3,251.0,251.3,251.6,43539,109.54,1688,28205,64.78
GREENLEAF,ST,24-Aug-2026,123.0,125.9,125.9,125.9,125.9,125.9,125.9,1000,1.26,1,1000,100.00
GREENPANEL,EQ,24-Aug-2026,160.97,160.97,162.59,157.33,158.27,158.12,159.07,290815,462.61,7742,177072,60.89
GREENPLY,EQ,24-Aug-2026,293.5,292.0,297.05,290.0,290.15,291.55,293.28,81098,237.84,2361,42878,52.87
GREENPOWER,EQ,24-Aug-2026,9.48,9.44,9.6,9.42,9.54,9.5,9.5,2502242,237.77,4562,808891,32.33
GRINDWELL,EQ,24-Aug-2026,2059.8,2050.0,2074.0,2044.0,2057.0,2053.1,2054.08,21949,450.85,6373,12735,58.02
GRINFRA,EQ,24-Aug-2026,870.35,870.95,887.95,869.9,876.2,879.1,881.01,21146,186.3,2216,10716,50.68
GRMOVER,EQ,24-Aug-2026,86.71,87.14,92.29,87.14,89.58,90.24,90.36,2490263,2250.17,19229,725862,29.15
GROBTEA,EQ,24-Aug-2026,927.0,926.0,960.0,926.0,960.0,954.45,951.04,148,1.41,21,138,93.24
GROWW,EQ,24-Aug-2026,197.01,197.16,200.55,194.55,196.1,196.47,197.26,21334506,42084.78,102776,10791379,50.58
GROWWCAPM,EQ,24-Aug-2026,11.42,11.42,11.58,11.42,11.54,11.53,11.54,900700,103.92,855,749933,83.26
GROWWCHEM,EQ,24-Aug-2026,29.88,29.28,30.31,29.28,30.15,29.93,30.04,178240,53.54,618,95664,53.67
GROWWDEFNC,EQ,24-Aug-2026,98.35,97.46,99.08,96.67,97.7,97.09,97.54,394921,385.19,4145,214412,54.29
GROWWEV,EQ,24-Aug-2026,33.4,34.23,34.23,33.1,33.19,33.35,33.44,294875,98.62,2353,215655,73.13
GROWWGOLD,EQ,24-Aug-2026,15.49,15.66,15.79,15.62,15.74,15.72,15.72,4045863,636.16,6815,2209495,54.61
GROWWHOSPI,EQ,24-Aug-2026,51.79,51.79,52.3,51.45,51.66,51.62,51.6,398751,205.77,2445,216068,54.19
GROWWLIQID,EQ,24-Aug-2026,110.45,110.46,110.48,110.46,110.48,110.47,110.47,641020,708.15,284,478367,74.63
GROWWLOVOL,EQ,24-Aug-2026,10.37,10.37,10.56,10.37,10.5,10.47,10.43,26467,2.76,133,22473,84.91
GROWWMC150,EQ,24-Aug-2026,236.1,237.3,237.3,233.83,233.89,233.95,234.61,650,1.52,40,468,72.00
GROWWMETAL,EQ,24-Aug-2026,12.46,12.14,12.76,12.14,12.67,12.72,12.69,745651,94.59,2391,524180,70.30
GROWWMOM50,EQ,24-Aug-2026,10.97,11.37,11.37,10.95,11.06,11.04,11.04,564520,62.32,583,461635,81.77
GROWWN200,EQ,24-Aug-2026,11.48,11.76,11.76,11.42,11.5,11.47,11.48,28146,3.23,314,18083,64.25
GROWWNET,EQ,24-Aug-2026,10.76,10.8,10.94,10.75,10.83,10.8,10.82,301930,32.66,766,275880,91.37
GROWWNIFTY,EQ,24-Aug-2026,9.81,9.81,10.05,9.73,9.81,9.8,9.81,843719,82.77,5721,563222,66.75
GROWWNXT50,EQ,24-Aug-2026,74.52,75.26,75.26,73.97,74.57,74.49,74.27,16769,12.45,152,7809,46.57
GROWWPOWER,EQ,24-Aug-2026,11.33,11.35,11.44,11.3,11.4,11.38,11.38,1175839,133.76,2676,776088,66.00
GROWWPSE,EQ,24-Aug-2026,98.46,98.46,99.95,95.53,98.0,98.21,98.3,3794,3.73,81,2204,58.09
GROWWPSUBK,EQ,24-Aug-2026,86.36,87.22,87.22,85.5,86.0,85.7,85.83,2055,1.76,93,1301,63.31
GROWWRAIL,EQ,24-Aug-2026,28.76,29.05,29.08,28.6,28.74,28.69,28.84,585105,168.74,2347,374957,64.08
GROWWRLTY,EQ,24-Aug-2026,10.23,10.24,10.32,10.15,10.26,10.26,10.25,220732,22.63,526,138355,62.68
GROWWSC250,EQ,24-Aug-2026,10.6,10.6,10.74,10.6,10.6,10.63,10.66,116795,12.45,748,79485,68.06
GROWWSLVR,EQ,24-Aug-2026,23.82,23.89,23.93,23.68,23.77,23.75,23.79,1811973,431.0,3327,668608,36.90
GRPLTD,EQ,24-Aug-2026,2039.4,2039.4,2100.0,1980.0,1985.0,1983.1,2020.07,1042,21.05,255,674,64.68
GRSE,EQ,24-Aug-2026,2601.5,2614.0,2662.6,2589.0,2595.0,2596.1,2619.94,489377,12821.4,30161,137360,28.07
GRWRHITECH,EQ,24-Aug-2026,7123.5,7123.5,7443.0,7123.5,7254.5,7234.5,7334.41,58310,4276.7,14164,25891,44.40
GSEC10ABSL,EQ,24-Aug-2026,110.3,110.58,113.4,110.58,113.4,113.4,112.45,79,0.09,3,79,100.00
GSEC10ADD,EQ,24-Aug-2026,26.9,26.9,26.9,26.85,26.85,26.86,26.89,262,0.07,10,262,100.00
GSEC10IETF,EQ,24-Aug-2026,266.19,266.19,266.19,263.61,263.61,263.61,265.54,101,0.27,6,101,100.00
GSEC10YEAR,EQ,24-Aug-2026,30.39,30.39,30.56,30.37,30.37,30.37,30.55,1595,0.49,25,1534,96.18
GSEC5IETF,EQ,24-Aug-2026,66.9,66.55,66.64,66.28,66.35,66.28,66.36,24357,16.16,49,12479,51.23
GSFC,EQ,24-Aug-2026,158.23,158.9,161.65,158.9,159.25,159.65,160.18,923884,1479.91,13318,527726,57.12
GSLSU,EQ,24-Aug-2026,33.05,34.29,34.29,31.4,31.4,31.4,31.79,110352,35.08,894,62335,56.49
GSMFOILS,SM,24-Aug-2026,92.25,92.25,96.85,92.25,96.85,96.85,95.56,753500,720.01,872,597500,79.30
GSPCROP,EQ,24-Aug-2026,594.0,597.95,625.0,587.55,625.0,622.2,606.68,519337,3150.7,12527,193541,37.27
GSS,EQ,24-Aug-2026,12.68,13.19,13.5,12.6,13.18,13.1,13.13,19317,2.54,121,15391,79.68
GTECJAINX,BE,24-Aug-2026,29.98,29.4,30.0,28.55,29.9,29.64,29.44,10280,3.03,64,-,-
GTL,EQ,24-Aug-2026,7.28,7.49,7.7,7.18,7.38,7.42,7.44,212915,15.83,707,139356,65.45
GTLINFRA,EQ,24-Aug-2026,1.23,1.24,1.26,1.22,1.23,1.22,1.24,31408336,388.88,7681,16096423,51.25
GTPL,EQ,24-Aug-2026,54.25,54.75,54.75,54.33,54.47,54.49,54.5,15356,8.37,230,12024,78.30
GUFICBIO,EQ,24-Aug-2026,431.5,431.95,433.05,411.0,413.5,418.0,421.59,105672,445.5,4193,56433,53.40
GUJALKALI,EQ,24-Aug-2026,684.25,682.3,746.15,682.0,723.0,723.0,727.67,990090,7204.55,39385,259722,26.23
GUJAPOLLO,EQ,24-Aug-2026,358.5,358.15,358.15,347.05,348.1,349.4,350.66,4898,17.18,215,3963,80.91
GUJENERGY,EQ,24-Aug-2026,263.35,263.35,266.6,258.25,258.85,259.0,261.47,1234622,3228.22,28934,808588,65.49
GUJRAFFIA,EQ,24-Aug-2026,41.22,40.6,41.38,39.1,40.49,40.49,40.13,1493,0.6,54,1056,70.73
GUJTHEM,EQ,24-Aug-2026,381.2,387.0,420.55,386.0,410.0,411.7,406.03,1215058,4933.49,24615,639103,52.60
GULFOILLUB,EQ,24-Aug-2026,1139.9,1140.0,1170.0,1130.6,1163.0,1164.1,1146.52,167144,1916.33,17696,100361,60.04
GULFPETRO,BE,24-Aug-2026,67.17,67.0,70.52,66.84,70.52,70.52,67.74,1533740,1039.02,1192,-,-
GULPOLY,EQ,24-Aug-2026,190.71,191.01,198.37,190.12,193.0,193.54,193.96,304594,590.79,6268,129990,42.68
GURUNANAK,SM,24-Aug-2026,34.25,35.95,35.95,35.95,35.95,35.95,35.95,8000,2.88,5,8000,100.00
GVKPIL,BE,24-Aug-2026,2.24,2.21,2.23,2.2,2.2,2.2,2.2,698593,15.39,1047,-,-
GVPIL,EQ,24-Aug-2026,667.35,669.9,681.0,647.7,652.5,650.5,661.32,246748,1631.79,9824,159380,64.59
GVPTECH,EQ,24-Aug-2026,7.34,7.42,7.52,7.21,7.21,7.31,7.41,75494,5.59,497,59305,78.56
GVT&D,EQ,24-Aug-2026,4127.2,4139.4,4249.0,4112.7,4177.9,4177.9,4193.46,898011,37657.77,71498,436025,48.55
GYFTR,EQ,24-Aug-2026,159.32,159.97,162.48,159.36,160.05,160.61,161.09,30698,49.45,288,6544,21.32
HAL,EQ,24-Aug-2026,5000.0,4990.0,4990.0,4858.0,4906.0,4906.0,4905.3,647190,31746.6,47842,268294,41.46
HALDER,EQ,24-Aug-2026,304.56,306.08,308.4,289.61,292.0,296.59,302.02,31801,96.04,654,7774,24.45
HALDYNGL,BE,24-Aug-2026,133.72,136.0,137.98,130.0,134.99,134.21,135.18,44964,60.78,338,-,-
HALEOSLABS,EQ,24-Aug-2026,1465.0,1465.0,1512.0,1445.6,1500.0,1510.7,1486.5,1042,15.49,63,812,77.93
HAMPTON,EQ,24-Aug-2026,8.47,7.42,8.79,7.42,7.9,7.94,8.1,13954,1.13,82,12882,92.32
HAPPSTMNDS,EQ,24-Aug-2026,444.55,446.0,453.1,435.0,436.25,436.25,443.61,1621220,7191.81,39018,643385,39.69
HAPPY,SM,24-Aug-2026,87.45,93.0,102.3,90.0,101.8,101.6,97.52,616000,600.75,269,396000,64.29
HAPPYFORGE,EQ,24-Aug-2026,2211.8,2132.8,2220.0,2107.3,2203.6,2191.0,2178.63,113558,2474.01,15530,63067,55.54
HARDWYN,EQ,24-Aug-2026,9.08,9.1,9.19,9.01,9.11,9.1,9.09,1403870,127.66,1560,646111,46.02
HARIOMPIPE,EQ,24-Aug-2026,348.5,350.5,356.0,346.6,347.0,348.05,351.87,65360,229.98,2249,25590,39.15
HARRMALAYA,EQ,24-Aug-2026,197.89,199.4,205.18,198.52,200.2,200.68,201.25,23223,46.74,1085,9573,41.22
HARSHA,EQ,24-Aug-2026,437.6,437.6,448.65,433.4,442.0,442.9,442.52,118918,526.24,5205,62932,52.92
HATHWAY,EQ,24-Aug-2026,10.68,10.8,11.1,10.58,10.6,10.59,10.75,2607513,280.35,4657,1345841,51.61
HATSUN,EQ,24-Aug-2026,984.7,984.2,1067.4,980.0,1045.8,1044.5,1036.9,269325,2792.64,23580,106471,39.53
HAVELLS,EQ,24-Aug-2026,1268.0,1268.0,1271.6,1255.4,1268.5,1268.5,1263.36,307762,3888.13,22533,149074,48.44
HAVISHA,EQ,24-Aug-2026,1.42,1.43,1.48,1.39,1.4,1.4,1.43,26380,0.38,136,19463,73.78
HAWKINCOOK,EQ,24-Aug-2026,8029.5,8080.5,8175.0,7960.0,8170.0,8153.5,8032.81,1593,127.96,488,1087,68.24
HAZOOR,EQ,24-Aug-2026,21.12,21.17,21.65,19.24,20.4,20.43,20.41,226003,46.12,973,156751,69.36
HBESD,EQ,24-Aug-2026,75.2,74.83,77.0,74.83,74.85,74.85,75.32,1664,1.25,17,1368,82.21
HBLENGINE,EQ,24-Aug-2026,702.55,702.55,706.0,688.15,689.5,690.9,695.96,654595,4555.69,25864,276884,42.30
HBPOR,EQ,24-Aug-2026,61.71,63.35,63.35,61.5,62.9,62.0,61.86,226,0.14,14,215,95.13
HBSL,EQ,24-Aug-2026,55.13,56.0,56.0,53.5,53.9,53.98,54.45,1844,1.0,56,1411,76.52
HCC,EQ,24-Aug-2026,21.03,21.0,22.8,20.95,22.5,22.52,22.28,80806879,18005.64,101551,31078919,38.46
HCG,EQ,24-Aug-2026,725.95,725.95,729.95,710.1,720.5,718.8,719.97,85872,618.26,12175,35517,41.36
HCL-INSYS,EQ,24-Aug-2026,11.09,10.96,11.2,10.8,11.11,10.87,10.99,386147,42.45,1229,290526,75.24
HCLTECH,EQ,24-Aug-2026,1302.5,1302.5,1325.8,1301.0,1322.0,1322.0,1318.31,1091648,14391.32,50508,594901,54.50
HDBFS,EQ,24-Aug-2026,695.85,693.3,698.15,684.0,686.0,688.9,689.12,215797,1487.1,13324,113722,52.70
HDFCAMC,EQ,24-Aug-2026,2610.0,2620.0,2629.0,2605.9,2618.0,2618.0,2616.19,657607,17204.27,24878,439526,66.84
HDFCBANK,EQ,24-Aug-2026,726.95,732.5,734.4,724.1,729.0,729.0,727.99,11408345,83052.1,191412,6724175,58.94
HDFCBSE500,EQ,24-Aug-2026,37.89,38.07,38.3,37.78,37.78,37.97,37.87,1350606,511.47,341,1199308,88.80
HDFCGOLD,EQ,24-Aug-2026,135.62,132.22,138.46,132.22,137.36,137.53,137.49,5446327,7488.34,15817,3205185,58.85
HDFCGROWTH,EQ,24-Aug-2026,120.73,120.33,121.26,119.63,120.28,120.25,120.61,23519,28.37,164,11887,50.54
HDFCLIFE,EQ,24-Aug-2026,554.8,555.0,557.0,549.0,552.95,552.95,552.54,2134232,11792.52,34251,1105002,51.78
HDFCLIQUID,EQ,24-Aug-2026,1074.87,1075.0,1076.58,1075.0,1075.0,1075.01,1075.02,31469,338.3,58,27837,88.46
HDFCLOWVOL,EQ,24-Aug-2026,20.87,21.29,21.29,20.77,20.77,20.81,20.82,2374,0.49,93,1369,57.67
HDFCMID150,EQ,24-Aug-2026,23.68,23.66,23.83,23.66,23.74,23.73,23.77,321485,76.4,1460,193817,60.29
HDFCMOMENT,EQ,24-Aug-2026,31.16,31.38,31.45,31.2,31.2,31.27,31.35,94266,29.55,591,60109,63.77
HDFCNEXT50,EQ,24-Aug-2026,75.41,75.96,75.96,75.17,75.59,75.27,75.44,118630,89.5,683,90247,76.07
HDFCNIF100,EQ,24-Aug-2026,26.21,26.37,26.43,26.14,26.35,26.16,26.26,23767,6.24,349,11278,47.45
HDFCNIFBAN,EQ,24-Aug-2026,59.48,59.33,59.63,59.0,59.1,59.05,59.18,170721,101.03,567,143931,84.31
HDFCNIFIT,EQ,24-Aug-2026,32.66,32.66,33.03,32.56,32.84,32.6,32.83,75163,24.68,289,32194,42.83
HDFCNIFTY,EQ,24-Aug-2026,273.77,280.61,280.61,272.53,273.33,273.07,273.12,291418,795.92,1007,278820,95.68
HDFCNIMEG,EQ,24-Aug-2026,131.78,130.45,133.5,130.45,133.5,133.13,133.02,60054,79.88,104,51268,85.37
HDFCPSUBK,EQ,24-Aug-2026,86.57,86.59,87.33,86.0,86.0,86.2,86.83,98761,85.75,247,78367,79.35
HDFCPVTBAN,EQ,24-Aug-2026,28.11,28.67,28.67,27.92,27.95,27.98,28.07,70544,19.8,548,36723,52.06
HDFCQUAL,EQ,24-Aug-2026,59.25,59.25,59.5,59.09,59.2,59.1,59.21,5210,3.08,104,2588,49.67
HDFCSENSEX,EQ,24-Aug-2026,87.91,87.91,88.35,87.5,87.5,87.64,87.97,25756,22.66,721,16721,64.92
HDFCSILVER,EQ,24-Aug-2026,232.67,232.67,233.47,231.12,231.76,231.71,232.06,3276118,7602.47,13378,1244556,37.99
HDFCSML250,EQ,24-Aug-2026,185.39,185.39,186.58,184.95,185.5,185.18,185.71,1282018,2380.84,9881,993340,77.48
HDFCVALUE,EQ,24-Aug-2026,125.64,126.13,126.4,125.38,126.11,125.68,125.74,4626,5.82,85,2400,51.88
HDIL,BZ,24-Aug-2026,1.54,1.56,1.56,1.48,1.51,1.49,1.5,140261,2.11,228,-,-
HEADSUP,EQ,24-Aug-2026,6.69,6.69,6.98,6.69,6.81,6.86,6.83,2983,0.2,111,2889,96.85
HEALTHADD,EQ,24-Aug-2026,16.57,16.51,16.73,16.13,16.54,16.36,16.38,732391,119.96,220,374219,51.10
HEALTHAXIS,EQ,24-Aug-2026,167.33,168.16,168.16,165.84,166.57,166.57,166.73,5124,8.54,87,2609,50.92
HEALTHCARE,EQ,24-Aug-2026,21.43,21.43,21.5,21.31,21.41,21.39,21.42,30690,6.57,209,24124,78.61
HEALTHIETF,EQ,24-Aug-2026,168.51,170.2,170.2,167.61,169.0,168.67,168.59,64111,108.08,1405,29509,46.03
HEALTHX,EQ,24-Aug-2026,300.85,302.45,304.85,297.0,298.2,298.2,299.66,2225,6.67,160,1855,83.37
HEALTHY,EQ,24-Aug-2026,16.89,17.13,17.19,16.81,16.9,16.86,16.89,224158,37.86,1187,141939,63.32
HECPROJECT,EQ,24-Aug-2026,115.97,114.85,117.94,114.0,114.5,115.01,115.51,8146,9.41,192,5989,73.52
HEG,EQ,24-Aug-2026,710.75,710.0,728.0,708.9,724.05,722.75,720.68,922124,6645.61,22063,322896,35.02
HEIDELBERG,EQ,24-Aug-2026,158.98,158.98,161.0,158.98,160.24,159.93,160.16,111523,178.62,1727,66966,60.05
HEMIPROP,EQ,24-Aug-2026,130.58,130.64,131.99,128.5,129.0,128.9,129.9,342107,444.39,3286,205203,59.98
HERANBA,EQ,24-Aug-2026,164.88,171.24,186.8,168.0,178.1,178.35,178.84,423003,756.5,11218,151932,35.92
HERITGFOOD,EQ,24-Aug-2026,380.85,382.0,390.0,378.55,387.9,387.55,386.61,548860,2121.97,16773,234115,42.65
HEROMOTOCO,EQ,24-Aug-2026,5735.0,5720.0,5728.0,5650.0,5685.0,5685.0,5686.84,281646,16016.75,24178,145338,51.60
HESTERBIO,EQ,24-Aug-2026,2367.8,2351.0,2383.5,2347.0,2360.0,2364.5,2363.55,1588,37.53,316,1022,64.36
HEXAGON,BE,24-Aug-2026,70.21,69.5,71.7,69.22,70.4,70.48,70.84,321512,227.75,956,-,-
HEXATRADEX,EQ,24-Aug-2026,158.03,158.07,160.0,155.36,158.9,157.76,157.87,1457,2.3,71,917,62.94
HEXT,EQ,24-Aug-2026,532.45,535.85,574.85,535.85,558.75,562.5,560.9,2704830,15171.29,68798,152619,5.64
HFCL,EQ,24-Aug-2026,228.01,229.0,239.41,228.13,239.41,238.42,237.34,29905949,70978.73,107178,12976228,43.39
HGINFRA,EQ,24-Aug-2026,511.9,510.0,515.35,504.55,505.0,506.65,508.11,86374,438.87,3603,45825,53.05
HGM,EQ,24-Aug-2026,44.72,45.5,45.5,42.93,43.0,43.73,43.41,3825,1.66,94,3297,86.20
HGS,EQ,24-Aug-2026,402.25,400.4,413.0,400.4,401.1,402.05,402.84,12454,50.17,830,6724,53.99
HIGREEN,SM,24-Aug-2026,132.7,134.9,136.0,128.8,128.8,128.8,131.02,21600,28.3,26,16000,74.07
HIKAL,EQ,24-Aug-2026,215.61,219.85,219.85,210.35,212.0,211.99,213.91,185010,395.75,4067,88086,47.61
HILINFRA,EQ,24-Aug-2026,45.76,45.95,47.49,45.45,46.6,46.5,46.05,121324,55.87,890,84445,69.60
HILTON,EQ,24-Aug-2026,20.24,20.75,20.75,19.7,19.9,19.89,20.05,109199,21.89,605,83403,76.38
HIMATSEIDE,EQ,24-Aug-2026,72.12,72.12,74.99,72.01,73.1,73.25,73.64,687973,506.65,6058,309883,45.04
HINDADH,EQ,24-Aug-2026,354.45,354.5,360.95,353.7,356.0,356.05,356.61,4674,16.67,192,3354,71.76
HINDALCO,EQ,24-Aug-2026,1034.0,1047.95,1058.5,1043.3,1058.5,1058.5,1052.44,4052159,42646.43,94529,2162766,53.37
HINDALUMI,EQ,24-Aug-2026,98.18,98.0,101.26,98.0,100.1,100.16,100.27,7966,7.99,131,7165,89.94
HINDCOMPOS,EQ,24-Aug-2026,411.5,411.5,423.95,408.5,412.9,411.1,412.51,2669,11.01,246,1961,73.47
HINDCON,EQ,24-Aug-2026,22.21,22.21,22.75,21.7,22.55,22.28,22.3,44228,9.86,275,31749,71.78
HINDCOPPER,EQ,24-Aug-2026,572.7,576.0,586.75,566.7,567.9,574.15,575.51,11471331,66018.88,130121,3764136,32.81
HINDOILEXP,EQ,24-Aug-2026,156.2,156.4,158.78,155.43,157.7,157.58,157.13,288215,452.88,3400,128905,44.73
HINDPETRO,EQ,24-Aug-2026,363.25,365.0,372.6,364.3,371.95,371.95,370.23,4491188,16627.56,39013,2162295,48.15
HINDUNILVR,EQ,24-Aug-2026,2015.0,2019.9,2030.0,2006.2,2030.0,2030.0,2018.77,891171,17990.72,49335,556298,62.42
HINDWAREAP,EQ,24-Aug-2026,198.63,200.01,203.41,196.0,197.68,196.73,199.24,240671,479.51,3070,169219,70.31
HINDZINC,EQ,24-Aug-2026,594.9,595.95,614.2,592.85,604.0,604.0,607.14,12772617,77547.71,119488,6630030,51.91
HIRECT,EQ,24-Aug-2026,1273.7,1281.0,1290.0,1212.0,1226.0,1223.3,1243.3,77669,965.65,6038,38030,48.96
HISARMETAL,EQ,24-Aug-2026,149.16,149.21,153.9,149.0,150.0,149.33,150.83,358,0.54,36,254,70.95
HITECH,EQ,24-Aug-2026,81.37,81.87,82.23,80.5,80.8,80.72,81.33,441992,359.47,2693,273903,61.97
HITECHCORP,BE,24-Aug-2026,331.5,345.0,345.0,330.7,334.0,332.65,336.09,9288,31.22,100,-,-
HITECHGEAR,BE,24-Aug-2026,546.3,550.0,555.0,540.0,548.9,548.9,542.24,3704,20.08,79,-,-
HLEGLAS,EQ,24-Aug-2026,319.0,320.0,324.0,312.0,314.0,313.6,315.01,94729,298.41,2865,48506,51.21
HLVLTD,EQ,24-Aug-2026,6.58,6.55,6.79,6.5,6.58,6.53,6.58,201670,13.28,681,127699,63.32
HMAAGRO,EQ,24-Aug-2026,21.97,22.09,22.21,20.9,21.0,21.28,21.78,3556500,774.67,8956,1555822,43.75
HMT,BZ,24-Aug-2026,60.79,61.49,61.7,60.55,61.0,60.97,61.09,5965,3.64,86,-,-
HMVL,BE,24-Aug-2026,92.1,94.0,94.0,90.0,91.49,90.41,90.93,4084,3.71,69,-,-
HNDFDS,EQ,24-Aug-2026,644.8,648.0,650.35,627.5,639.0,639.4,639.09,110347,705.22,7593,63514,57.56
HNGSNGBEES,EQ,24-Aug-2026,483.23,476.55,484.97,473.95,475.0,474.44,476.91,206227,983.52,8614,160390,77.77
HOACFOODS,ST,24-Aug-2026,829.0,838.0,870.45,810.05,811.3,811.3,840.72,7125,59.9,17,6750,94.74
HOLMARC,SM,24-Aug-2026,107.0,112.35,112.35,101.65,107.9,107.9,102.79,27750,28.52,26,25500,91.89
HOMEFIRST,EQ,24-Aug-2026,1193.7,1187.9,1204.0,1176.0,1185.0,1192.9,1187.58,131185,1557.92,14100,49734,37.91
HOMESFY,SM,24-Aug-2026,107.45,111.3,111.3,111.3,111.3,111.3,111.3,300,0.33,1,300,100.00
HONASA,EQ,24-Aug-2026,481.9,479.5,493.0,478.9,490.95,490.8,486.32,673470,3275.23,13638,302043,44.85
HONAUT,EQ,24-Aug-2026,36700.0,37000.0,37190.0,36505.0,36505.0,36640.0,36840.1,1908,702.91,1389,701,36.74
HONDAPOWER,EQ,24-Aug-2026,2068.3,2075.0,2118.0,2060.1,2085.0,2073.1,2079.59,5632,117.12,883,2529,44.90
HORIZONIND,EQ,24-Aug-2026,60.0,60.25,60.25,56.57,59.8,58.16,58.96,93536375,55146.1,197832,47592719,50.88
HPAL,EQ,24-Aug-2026,35.03,34.08,36.5,34.08,34.5,34.5,34.94,30479,10.65,677,19131,62.77
HPIL,EQ,24-Aug-2026,126.1,125.0,127.99,125.0,125.02,125.23,125.26,851,1.07,27,729,85.66
HPL,EQ,24-Aug-2026,317.45,319.0,319.85,313.4,315.0,314.35,316.16,75731,239.43,2090,38112,50.33
HPTL,SM,24-Aug-2026,341.1,358.15,358.15,358.15,358.15,358.15,358.15,4200,15.04,6,4200,100.00
HRHNEXT,SM,24-Aug-2026,27.0,27.0,28.35,27.0,28.35,28.35,28.03,60000,16.82,19,60000,100.00
HRYNSHP,EQ,24-Aug-2026,99.86,99.86,103.0,99.86,100.05,100.05,100.58,652,0.66,31,604,92.64
HSBCGOLD,EQ,24-Aug-2026,138.19,140.0,140.5,139.52,140.4,139.76,140.01,3368,4.72,161,2501,74.26
HSCL,EQ,24-Aug-2026,654.4,660.45,684.75,657.1,659.5,662.2,673.14,11631592,78296.93,169240,3198004,27.49
HTMEDIA,EQ,24-Aug-2026,27.57,27.84,28.0,27.0,27.0,27.23,27.46,179509,49.29,516,126187,70.30
HUBTOWN,EQ,24-Aug-2026,194.54,193.0,197.7,188.95,191.02,192.12,192.93,325084,627.17,4941,179863,55.33
HUDCO,EQ,24-Aug-2026,186.09,186.1,188.4,186.09,187.4,187.53,187.38,892018,1671.5,13443,422070,47.32
HUHTAMAKI,EQ,24-Aug-2026,273.85,276.95,279.0,270.3,271.85,273.35,273.57,91036,249.05,2323,45032,49.47
HVAX,SM,24-Aug-2026,640.0,670.0,672.0,670.0,672.0,672.0,671.92,5550,37.29,9,5550,100.00
HYBRIDETF,EQ,24-Aug-2026,10.07,10.27,10.27,9.8,10.14,10.13,10.03,165291,16.58,69,76256,46.13
HYBRIDFIN,BE,24-Aug-2026,17.25,17.24,17.4,16.8,17.19,17.09,17.01,6824,1.16,38,-,-
HYUNDAI,EQ,24-Aug-2026,2218.8,2235.4,2235.4,2206.1,2207.0,2207.0,2215.92,496265,10996.82,49223,308032,62.07
IBULLSLTD,EQ,24-Aug-2026,25.58,25.71,26.85,25.63,26.85,26.85,26.62,8400068,2236.0,6086,5302496,63.12
ICDSLTD,EQ,24-Aug-2026,41.12,42.0,42.0,39.52,41.0,41.0,40.95,15,0.01,8,5,33.33
ICELCO,SM,24-Aug-2026,139.9,141.0,141.0,137.15,138.65,138.65,138.28,14400,19.91,11,8400,58.33
ICEMAKE,EQ,24-Aug-2026,721.7,722.5,729.9,713.45,726.0,726.05,720.89,26360,190.03,2029,15188,57.62
ICICIAMC,EQ,24-Aug-2026,3269.7,3269.7,3294.7,3216.7,3233.9,3230.0,3243.81,634322,20576.18,24147,507784,80.05
ICICIB22,EQ,24-Aug-2026,115.28,116.42,116.42,114.35,115.45,115.16,115.44,280399,323.7,3617,225616,80.46
ICICIBANK,EQ,24-Aug-2026,1420.0,1420.5,1425.5,1408.7,1415.0,1415.0,1415.58,5307113,75126.42,134604,2825622,53.24
ICICIGI,EQ,24-Aug-2026,1617.0,1619.0,1626.4,1612.6,1620.0,1620.0,1620.78,621769,10077.49,22413,372106,59.85
ICICIPRULI,EQ,24-Aug-2026,515.0,517.1,520.9,506.25,511.25,511.25,512.52,774351,3968.71,14179,332083,42.89
ICIL,EQ,24-Aug-2026,443.55,444.15,452.5,426.65,430.0,430.4,438.5,570655,2502.3,14919,222587,39.01
ICRA,EQ,24-Aug-2026,4964.8,4964.8,5030.0,4932.0,5000.0,4967.2,4988.39,24950,1244.6,4023,18206,72.97
IDBI,EQ,24-Aug-2026,82.24,82.24,90.9,82.24,88.5,87.93,88.46,72743077,64346.84,183910,17116067,23.53
IDEA,EQ,24-Aug-2026,13.94,13.98,14.16,13.97,14.07,14.07,14.07,229336931,32277.15,563699,83936634,36.60
IDEAFORGE,EQ,24-Aug-2026,812.5,816.95,822.45,795.0,798.45,796.45,804.66,220666,1775.6,11655,142933,64.77
IDEALTECHO,SM,24-Aug-2026,175.0,175.0,175.0,175.0,175.0,175.0,175.0,500,0.88,1,500,100.00
IDENTICAL,SM,24-Aug-2026,17.55,19.05,19.05,17.1,18.65,17.8,18.24,10000,1.82,5,6000,60.00
IDFCFIRSTB,EQ,24-Aug-2026,86.75,86.91,86.94,85.41,85.89,85.89,85.93,12075489,10377.05,52176,6825468,56.52
IDFNIFTYET,EQ,24-Aug-2026,267.65,270.32,270.32,265.0,265.0,268.16,268.15,3646,9.78,78,1800,49.37
IEML,SM,24-Aug-2026,40.35,40.85,41.4,40.5,41.25,41.2,41.07,20000,8.21,31,14500,72.50
IEX,EQ,24-Aug-2026,123.7,123.7,124.88,122.92,123.01,123.01,123.43,2138767,2639.85,31608,1164259,54.44
IFBAGRO,EQ,24-Aug-2026,1001.5,1001.5,1018.8,977.0,979.05,980.7,988.49,4211,41.63,429,2245,53.31
IFBIND,EQ,24-Aug-2026,1393.2,1400.0,1419.9,1391.4,1419.9,1407.1,1402.44,27237,381.98,3709,14798,54.33
IFCI,EQ,24-Aug-2026,80.91,81.12,83.38,80.7,82.6,82.48,82.27,27112095,22305.65,70056,7475579,27.57
IFGLEXPOR,EQ,24-Aug-2026,211.77,210.72,219.97,208.51,213.75,213.45,212.97,39536,84.2,1464,17994,45.51
IGARASHI,EQ,24-Aug-2026,444.1,445.0,445.0,429.1,432.2,431.35,436.09,90950,396.62,3463,52077,57.26
IGCL,EQ,24-Aug-2026,72.81,72.81,73.0,70.0,71.57,71.59,71.66,324886,232.82,1754,150560,46.34
IGIL,EQ,24-Aug-2026,340.6,338.9,345.7,335.05,342.0,340.65,339.05,459825,1559.05,19790,273094,59.39
IGL,EQ,24-Aug-2026,147.87,149.0,149.5,147.25,147.89,147.72,148.02,3531071,5226.64,24898,2623693,74.30
IGPL,EQ,24-Aug-2026,475.2,475.2,514.0,475.2,500.0,501.05,497.12,424028,2107.95,14208,171809,40.52
IIFL,EQ,24-Aug-2026,679.8,684.75,705.0,681.5,697.0,696.4,696.26,3800142,26458.72,74649,1489170,39.19
IIFLCAPS,EQ,24-Aug-2026,335.65,335.65,336.45,333.5,333.5,333.75,334.56,130938,438.06,6511,83580,63.83
IITL,EQ,24-Aug-2026,149.59,149.97,160.0,145.1,157.0,154.8,156.07,134991,210.68,2368,27378,20.28
IKIO,EQ,24-Aug-2026,191.66,191.26,196.83,191.26,194.5,194.05,194.5,82267,160.01,1740,48230,58.63
IKS,EQ,24-Aug-2026,1786.2,1787.9,1820.4,1776.1,1785.0,1789.4,1793.34,100047,1794.18,6880,49925,49.90
IL&FSENGG,BZ,24-Aug-2026,36.39,35.66,36.98,35.51,36.0,36.0,36.21,39166,14.18,66,-,-
IL&FSTRANS,BZ,24-Aug-2026,2.09,2.04,2.15,2.04,2.13,2.07,2.09,64147,1.34,82,-,-
IMAGICAA,EQ,24-Aug-2026,48.87,49.0,51.26,48.27,49.6,49.53,49.79,840240,418.36,5167,369046,43.92
IMFA,EQ,24-Aug-2026,1383.8,1383.8,1415.0,1374.2,1390.0,1390.6,1392.87,110568,1540.07,11611,39708,35.91
IMPAL,EQ,24-Aug-2026,1092.4,1092.4,1098.8,1074.1,1081.8,1086.5,1084.96,1036,11.24,225,648,62.55
IMPEXFERRO,BZ,24-Aug-2026,3.92,3.99,3.99,3.99,3.99,3.99,3.99,11789,0.47,13,-,-
INA,EQ,24-Aug-2026,93.79,94.39,97.74,93.57,94.57,94.51,95.21,820229,780.91,9788,293871,35.83
INCREDIBLE,EQ,24-Aug-2026,33.01,36.12,36.12,32.7,32.85,33.48,34.71,867,0.3,28,757,87.31
INDBANK,EQ,24-Aug-2026,32.41,32.0,32.89,31.76,32.0,32.11,32.3,28995,9.37,431,17692,61.02
INDGN,EQ,24-Aug-2026,567.8,571.75,576.75,563.0,566.75,566.65,567.05,258087,1463.48,13609,143062,55.43
INDHOTEL,EQ,24-Aug-2026,730.0,729.55,733.65,724.2,728.9,728.9,728.15,952562,6936.07,18477,583092,61.21
INDIACEM,EQ,24-Aug-2026,370.9,370.9,373.1,366.5,368.35,367.75,369.45,41453,153.15,2727,20688,49.91
INDIAGLYCO,EQ,24-Aug-2026,1146.5,1155.0,1198.7,1137.0,1197.0,1191.3,1174.47,540428,6347.15,31585,264849,49.01
INDIAMART,EQ,24-Aug-2026,1742.2,1750.0,1753.5,1722.3,1746.8,1746.0,1737.81,57656,1001.95,7489,30309,52.57
INDIANB,EQ,24-Aug-2026,876.9,880.0,883.85,862.0,870.45,870.45,873.54,729343,6371.09,27022,342397,46.95
INDIANCARD,EQ,24-Aug-2026,209.5,210.06,212.95,205.25,206.0,206.27,207.46,2539,5.27,119,1738,68.45
INDIANHUME,EQ,24-Aug-2026,392.55,399.0,412.5,393.05,397.5,396.3,402.7,150587,606.41,5989,53413,35.47
INDIASHLTR,EQ,24-Aug-2026,675.25,675.25,680.45,667.0,667.0,669.75,670.58,80180,537.67,5275,57777,72.06
INDIGO,EQ,24-Aug-2026,5110.0,5100.0,5170.0,5088.0,5115.0,5115.0,5115.48,593388,30354.67,45215,329467,55.52
INDIGOPNTS,EQ,24-Aug-2026,1151.8,1149.0,1162.3,1135.3,1139.3,1142.5,1150.99,42375,487.73,5966,23277,54.93
INDIGRID,IV,24-Aug-2026,176.08,176.75,176.8,174.75,175.11,175.29,175.51,569080,998.81,6707,481710,84.65
INDIQUBE,EQ,24-Aug-2026,189.1,190.47,198.0,187.06,190.0,193.72,190.79,74328,141.81,1195,34596,46.55
INDNIPPON,EQ,24-Aug-2026,1105.7,1107.3,1107.9,1061.0,1079.6,1072.5,1083.72,20650,223.79,2474,10621,51.43
INDOAMIN,BE,24-Aug-2026,122.35,122.35,126.0,121.0,124.0,123.64,123.66,42587,52.66,420,-,-
INDOBORAX,EQ,24-Aug-2026,511.85,515.0,518.85,499.0,503.15,502.35,509.22,270148,1375.66,9272,100406,37.17
INDOCO,EQ,24-Aug-2026,226.29,223.5,227.07,218.15,220.0,219.19,222.44,53704,119.46,1590,25547,47.57
INDOFARM,EQ,24-Aug-2026,141.76,142.5,145.47,138.99,139.11,139.75,141.63,84773,120.07,2068,39403,46.48
INDOKEM,EQ,24-Aug-2026,600.85,595.0,598.9,575.2,592.1,597.9,593.45,1273,7.55,147,739,58.05
INDOMIM,EQ,24-Aug-2026,882.1,884.05,913.8,880.55,890.65,888.75,897.1,2091773,18765.23,65434,733939,35.09
INDORAMA,EQ,24-Aug-2026,62.69,62.69,63.8,62.1,63.0,62.61,63.0,206985,130.41,2280,98172,47.43
INDOSTAR,EQ,24-Aug-2026,253.15,253.35,264.75,253.05,263.9,262.5,260.23,161569,420.45,3067,103241,63.90
INDOTECH,EQ,24-Aug-2026,3902.5,3910.0,4030.0,3801.0,3852.2,3850.6,3940.43,32371,1275.56,4793,15240,47.08
INDOTHAI,EQ,24-Aug-2026,59.66,56.68,56.68,56.68,56.68,56.68,56.68,56403,31.97,634,56403,100.00
INDOUS,EQ,24-Aug-2026,85.56,88.12,88.72,82.0,82.0,82.79,84.4,4239,3.58,188,3288,77.57
INDOWIND,EQ,24-Aug-2026,9.17,9.26,9.39,9.15,9.39,9.35,9.27,211166,19.58,562,146676,69.46
INDPRUD,EQ,24-Aug-2026,6289.5,6289.0,6344.5,6100.0,6275.0,6275.0,6231.67,156,9.72,39,118,75.64
INDRAMEDCO,EQ,24-Aug-2026,369.7,370.25,376.5,368.0,373.0,371.9,372.46,156005,581.05,5420,81401,52.18
INDSWFTLAB,EQ,24-Aug-2026,329.59,329.59,332.31,316.61,325.35,327.27,325.81,433051,1410.91,11020,156678,36.18
INDTERRAIN,EQ,24-Aug-2026,30.34,30.5,31.29,30.02,30.05,30.29,30.32,13214,4.01,363,10388,78.61
INDUSINDBK,EQ,24-Aug-2026,1005.6,1005.1,1018.4,1004.5,1018.4,1018.4,1012.44,948101,9599.0,29245,415034,43.78
INDUSINVIT,IV,24-Aug-2026,134.06,135.3,135.3,133.4,133.5,133.59,133.9,148533,198.88,4276,114323,76.97
INDUSTOWER,EQ,24-Aug-2026,375.75,377.45,378.05,372.9,374.25,374.25,375.83,2142749,8052.99,36122,1148865,53.62
INFINIUM,SM,24-Aug-2026,227.75,223.0,229.0,222.0,222.1,222.1,223.74,2500,5.59,5,2000,80.00
INFLUX,SM,24-Aug-2026,292.0,292.0,309.0,290.0,307.0,300.05,295.07,46800,138.09,51,41400,88.46
INFOBEAN,EQ,24-Aug-2026,157.5,157.5,159.0,155.1,155.11,155.17,156.27,228792,357.54,2895,156626,68.46
INFOLLION,SM,24-Aug-2026,158.6,155.0,160.1,155.0,160.1,160.1,158.65,8800,13.96,21,6800,77.27
INFOMEDIA,EQ,24-Aug-2026,5.11,5.11,5.39,5.11,5.34,5.33,5.25,3755,0.2,44,3046,81.12
INFRA,EQ,24-Aug-2026,12.18,12.21,12.22,12.13,12.17,12.15,12.17,25656,3.12,200,15791,61.55
INFRABEES,EQ,24-Aug-2026,969.57,976.86,976.86,963.0,963.0,966.1,966.81,10925,105.62,549,6236,57.08
INFRAIETF,EQ,24-Aug-2026,96.07,97.99,97.99,95.78,96.0,95.95,96.07,62000,59.56,4492,34531,55.70
INFY,EQ,24-Aug-2026,1121.0,1126.5,1144.5,1122.0,1130.0,1130.0,1133.16,8565354,97059.46,170563,4644257,54.22
INGERRAND,EQ,24-Aug-2026,4660.6,4680.0,4720.0,4596.1,4660.0,4653.3,4649.43,12712,591.04,2586,5494,43.22
INNOMET,ST,24-Aug-2026,231.95,236.55,236.55,236.55,236.55,236.55,236.55,15000,35.48,17,15000,100.00
INNOVACAP,EQ,24-Aug-2026,1088.5,1099.0,1115.4,1048.3,1077.0,1063.05,1071.32,102677,1100.0,9547,41435,40.35
INNOVANA,EQ,24-Aug-2026,318.0,318.0,339.9,316.0,320.0,319.9,320.68,10696,34.3,164,10143,94.83
INNOVISION,EQ,24-Aug-2026,264.55,269.4,269.4,260.0,261.0,261.4,264.02,22237,58.71,1517,10964,49.31
INOXGREEN,EQ,24-Aug-2026,178.34,177.46,178.32,173.45,176.5,176.26,175.13,754512,1321.36,5718,477653,63.31
INOXINDIA,EQ,24-Aug-2026,1930.2,1934.0,1949.5,1913.0,1926.6,1941.5,1937.23,117152,2269.5,23764,56348,48.10
INOXWIND,EQ,24-Aug-2026,73.6,73.97,74.78,73.26,73.75,73.75,73.89,5346828,3950.83,20456,2234726,41.80
INSECTICID,EQ,24-Aug-2026,609.75,611.8,612.95,575.0,579.9,580.15,585.2,118243,691.96,3967,78097,66.05
INSPIRE,SM,24-Aug-2026,8.55,8.55,8.55,8.15,8.15,8.15,8.27,10000,0.83,5,8000,80.00
INSPIRISYS,BE,24-Aug-2026,93.94,94.0,95.7,92.5,94.53,93.03,93.14,1869,1.74,37,-,-
INSUREIETF,EQ,24-Aug-2026,15.63,15.63,15.67,15.51,15.54,15.51,15.54,689503,107.12,134,675774,98.01
INTEGRITY,ST,24-Aug-2026,160.25,165.0,165.0,164.0,164.0,164.0,164.5,2400,3.95,2,1200,50.00
INTELLECT,EQ,24-Aug-2026,691.25,692.0,703.05,684.0,684.2,687.5,695.23,252992,1758.88,14048,120304,47.55
INTENTECH,EQ,24-Aug-2026,84.88,83.2,87.0,79.0,80.99,80.24,81.88,63830,52.27,1670,35309,55.32
INTERARCH,EQ,24-Aug-2026,1676.3,1709.0,1719.0,1680.0,1713.6,1691.6,1693.09,35595,602.65,3277,20382,57.26
INTERNET,EQ,24-Aug-2026,14.58,14.59,15.45,14.51,14.58,14.68,14.64,431122,63.12,338,343338,79.64
INTLCONV,EQ,24-Aug-2026,77.54,77.54,78.68,76.11,76.7,76.66,77.23,14766,11.4,480,10354,70.12
INVENTURE,EQ,24-Aug-2026,0.86,0.87,0.87,0.85,0.86,0.85,0.86,773788,6.64,507,542887,70.16
INVICTA,SM,24-Aug-2026,69.5,73.8,73.8,68.8,70.0,70.0,70.65,11200,7.91,7,6400,57.14
INVPRECQ,BE,24-Aug-2026,1314.7,1288.5,1288.5,1288.5,1288.5,1288.5,1288.5,2570,33.11,50,-,-
IOB,EQ,24-Aug-2026,33.01,33.04,33.4,32.9,33.22,33.18,33.14,2488096,824.44,12993,1257516,50.54
IOC,EQ,24-Aug-2026,135.9,136.0,138.5,135.95,138.5,138.5,137.43,9432799,12963.14,50585,4976287,52.76
IOLCP,EQ,24-Aug-2026,169.52,170.69,174.8,167.1,169.58,169.08,171.52,3483412,5974.61,29856,1365717,39.21
IONEXCHANG,EQ,24-Aug-2026,368.65,368.0,376.2,364.8,369.45,370.1,369.87,276335,1022.07,15972,116628,42.21
IPCALAB,EQ,24-Aug-2026,1911.2,1920.6,1938.0,1898.0,1921.0,1920.4,1915.04,277434,5312.97,20384,156625,56.45
IPHL,SM,24-Aug-2026,67.0,65.25,67.95,65.25,67.9,67.9,67.38,6000,4.04,5,3600,60.00
IPL,EQ,24-Aug-2026,140.27,141.45,142.25,139.16,139.25,139.94,140.42,81235,114.07,1515,48992,60.31
IPRINGLTD,EQ,24-Aug-2026,147.62,148.0,152.0,143.0,148.99,143.68,147.02,2222,3.27,51,1536,69.13
IRB,EQ,24-Aug-2026,18.95,18.95,19.08,18.87,18.95,18.91,18.93,7740780,1465.09,22149,4151255,53.63
IRBINVIT,IV,24-Aug-2026,64.15,64.6,64.74,64.26,64.61,64.56,64.58,475854,307.29,4883,382071,80.29
IRCON,EQ,24-Aug-2026,124.72,124.72,126.67,122.86,123.08,123.1,124.28,930997,1157.03,13293,420019,45.11
IRCTC,EQ,24-Aug-2026,484.2,484.2,489.7,481.0,484.0,483.15,484.37,947969,4591.7,31459,461368,48.67
IREDA,EQ,24-Aug-2026,115.0,115.37,116.39,114.8,115.4,115.4,115.59,4483974,5183.24,26577,1250164,27.88
IRFC,EQ,24-Aug-2026,86.4,86.65,87.25,85.53,85.99,85.99,86.22,8794748,7582.88,47505,3205933,36.45
IRIS,EQ,24-Aug-2026,243.89,244.2,247.76,240.83,241.0,242.06,243.19,16458,40.02,681,9098,55.28
IRISDOREME,EQ,24-Aug-2026,57.0,57.0,58.4,54.23,57.84,57.6,55.91,1641790,917.88,11430,599582,36.52
IRMENERGY,EQ,24-Aug-2026,286.15,290.0,290.0,281.0,281.0,281.95,283.64,49996,141.81,2350,25792,51.59
ISFT,EQ,24-Aug-2026,86.18,87.5,87.99,84.4,87.4,87.41,86.29,124028,107.02,804,12373,9.98
ISGEC,EQ,24-Aug-2026,755.1,763.6,793.9,755.1,784.0,783.3,775.83,157773,1224.04,11371,84949,53.84
ISHAN,SM,24-Aug-2026,0.5,0.5,0.5,0.5,0.5,0.5,0.5,48000,0.24,1,48000,100.00
ISHANCH,EQ,24-Aug-2026,48.21,48.5,48.5,46.8,47.0,47.27,47.78,213922,102.21,699,187083,87.45
ISTLTD,EQ,24-Aug-2026,674.8,675.0,738.6,660.65,670.0,664.25,683.16,1500,10.25,128,1176,78.40
IT,EQ,24-Aug-2026,33.73,32.88,34.31,32.88,33.8,33.83,34.05,218426,74.38,992,106876,48.93
ITADD,EQ,24-Aug-2026,32.25,32.42,32.77,32.27,32.27,32.31,32.45,32097,10.42,73,29844,92.98
ITALIANE,SM,24-Aug-2026,33.6,33.65,34.0,32.8,33.0,33.3,33.47,20000,6.69,10,20000,100.00
ITAXIS,EQ,24-Aug-2026,337.07,335.3,340.9,333.62,337.0,335.2,337.59,4223,14.26,136,1726,40.87
ITBEES,EQ,24-Aug-2026,33.87,34.2,34.29,33.66,34.02,33.92,34.09,5677366,1935.56,13417,3027503,53.33
ITBETA,EQ,24-Aug-2026,319.15,324.47,324.47,320.74,320.74,320.74,322.96,563,1.82,25,538,95.56
ITC,EQ,24-Aug-2026,269.4,270.6,270.6,267.0,269.7,269.7,268.48,8518400,22869.97,199892,4894057,57.45
ITCHOTELS,EQ,24-Aug-2026,164.98,165.19,166.95,164.3,164.65,164.59,165.46,750377,1241.59,15235,407030,54.24
ITDC,EQ,24-Aug-2026,684.3,684.3,696.15,678.1,678.7,680.5,686.23,56228,385.85,5352,19740,35.11
ITETF,EQ,24-Aug-2026,32.29,32.3,32.79,32.3,32.45,32.37,32.53,469823,152.82,516,305902,65.11
ITI,EQ,24-Aug-2026,279.25,279.55,281.85,278.05,279.5,279.0,280.19,161719,453.12,5020,67221,41.57
ITIETF,EQ,24-Aug-2026,33.98,34.0,34.38,33.82,33.93,33.88,34.17,408145,139.46,1421,221506,54.27
ITL,EQ,24-Aug-2026,321.8,333.0,375.0,326.2,375.0,365.05,352.41,21649,76.29,511,19631,90.68
IVALUE,EQ,24-Aug-2026,286.8,286.75,297.6,282.5,283.1,284.15,289.73,1039578,3011.99,17717,607822,58.47
IVC,EQ,24-Aug-2026,8.2,7.95,8.24,7.95,8.1,8.1,8.11,168606,13.67,1037,141265,83.78
IVP,BE,24-Aug-2026,185.46,185.46,185.46,181.05,183.9,181.48,182.21,7964,14.51,51,-,-
IVZBANKNF,EQ,24-Aug-2026,57.47,57.65,57.67,57.18,57.4,57.41,57.37,925,0.53,17,875,94.59
IVZINGOLD,EQ,24-Aug-2026,138.5,139.85,140.7,139.3,140.25,140.15,140.06,18032,25.26,329,12370,68.60
IVZINNIFTY,EQ,24-Aug-2026,278.0,271.05,279.06,271.05,277.7,277.7,277.87,238,0.66,35,160,67.23
IVZSENSEX,EQ,24-Aug-2026,77.77,77.57,77.57,77.11,77.45,77.45,77.42,1845,1.43,29,1375,74.53
IWARE,ST,24-Aug-2026,445.0,448.5,448.5,438.1,447.35,447.35,443.46,9600,42.57,16,8400,87.50
IWP,EQ,24-Aug-2026,34.09,33.92,35.0,33.0,33.5,33.4,33.52,18101,6.07,96,16260,89.83
IXIGO,EQ,24-Aug-2026,170.3,170.0,172.19,167.1,167.4,167.68,168.43,1244904,2096.76,30733,739246,59.38
IZMO,EQ,24-Aug-2026,854.7,858.55,872.0,835.0,838.0,841.25,849.14,97157,825.0,7749,39898,41.07
J&KBANK,EQ,24-Aug-2026,149.01,149.0,149.45,146.0,146.25,146.21,147.52,1056049,1557.83,16693,558463,52.88
JAGRAN,EQ,24-Aug-2026,61.96,62.42,62.58,61.69,61.82,61.94,62.11,182353,113.25,2294,120089,65.86
JAGSNPHARM,EQ,24-Aug-2026,236.54,239.0,248.0,238.68,240.1,240.77,243.08,219001,532.36,6050,101052,46.14
JAIBALAJI,EQ,24-Aug-2026,63.57,63.9,65.9,63.5,65.01,65.52,65.01,522888,339.93,2874,377477,72.19
JAICORPLTD,EQ,24-Aug-2026,102.22,102.22,103.74,101.0,101.95,101.52,102.06,335867,342.79,3704,146647,43.66
JAINIK,SM,24-Aug-2026,212.5,210.0,212.1,210.0,212.1,212.1,210.78,4800,10.12,4,3600,75.00
JAINREC,EQ,24-Aug-2026,295.85,295.6,300.8,292.3,293.1,294.3,295.17,709495,2094.25,19613,290157,40.90
JAIPURKURT,EQ,24-Aug-2026,26.86,26.51,27.8,26.32,26.69,26.69,26.78,8455,2.26,72,7276,86.06
JALAN,ST,24-Aug-2026,1.9,1.95,1.95,1.95,1.95,1.95,1.95,24000,0.47,5,24000,100.00
JAMNAAUTO,EQ,24-Aug-2026,121.41,121.2,122.38,117.97,119.0,118.82,119.85,1339264,1605.13,12554,759292,56.69
JARO,EQ,24-Aug-2026,443.1,448.4,458.75,442.05,449.0,445.2,450.53,96638,435.38,3454,27276,28.22
JASH,EQ,24-Aug-2026,472.5,471.5,486.6,466.35,467.95,469.7,475.55,116289,553.01,4863,68568,58.96
JAYAGROGN,EQ,24-Aug-2026,220.69,221.25,230.5,219.11,226.0,228.63,225.49,11372,25.64,273,8180,71.93
JAYBARMARU,EQ,24-Aug-2026,125.54,125.5,127.88,125.5,126.5,126.81,127.13,124693,158.53,1747,76363,61.24
JAYBEE,SM,24-Aug-2026,85.25,85.0,86.95,83.65,86.95,85.9,85.38,13000,11.1,26,9500,73.08
JAYESH,SM,24-Aug-2026,134.5,135.0,136.95,132.1,135.0,135.25,135.16,56000,75.69,9,54000,96.43
JAYKAY,EQ,24-Aug-2026,154.96,158.79,158.79,151.8,155.25,155.51,154.73,258667,400.25,5532,109851,42.47
JAYNECOIND,EQ,24-Aug-2026,99.89,102.5,104.7,101.31,103.49,104.22,103.08,11564864,11921.05,52315,4883732,42.23
JAYSREETEA,EQ,24-Aug-2026,101.81,104.7,104.7,102.11,103.37,103.7,103.53,136260,141.07,1512,78915,57.92
JBMA,EQ,24-Aug-2026,673.95,663.75,670.35,657.15,660.0,661.45,663.26,669187,4438.47,22761,199249,29.77
JENBURPH,EQ,24-Aug-2026,1028.5,1042.6,1049.0,1010.0,1044.8,1043.8,1023.51,2162,22.13,116,1771,81.91
JETFREIGHT,EQ,24-Aug-2026,22.34,22.66,22.76,21.83,22.48,22.51,22.35,233065,52.1,1729,129310,55.48
JEYYAM,ST,24-Aug-2026,23.35,22.9,23.1,22.65,23.1,23.0,22.93,28000,6.42,12,22000,78.57
JFLLIFE,SM,24-Aug-2026,10.9,11.35,11.35,10.65,10.95,10.95,10.94,48000,5.25,8,12000,25.00
JGCHEM,EQ,24-Aug-2026,621.85,625.95,648.95,604.0,608.0,608.15,614.35,235372,1446.01,8548,98825,41.99
JHS,EQ,24-Aug-2026,8.29,8.28,9.37,8.28,8.88,9.01,8.92,169124,15.08,477,96060,56.80
JINDALPHOT,EQ,24-Aug-2026,1044.9,1044.9,1073.8,1009.9,1030.0,1019.8,1032.39,7061,72.9,594,5127,72.61
JINDALPOLY,EQ,24-Aug-2026,637.6,637.6,651.95,635.2,638.0,636.85,639.38,6075,38.84,424,3364,55.37
JINDALSAW,EQ,24-Aug-2026,291.65,293.1,295.55,286.0,286.25,287.25,290.98,1797303,5229.85,30354,585182,32.56
JINDALSTEL,EQ,24-Aug-2026,1127.8,1135.0,1149.0,1130.1,1149.0,1149.0,1139.84,908799,10358.89,28157,395167,43.48
JINDRILL,EQ,24-Aug-2026,642.75,642.75,647.95,629.0,631.0,630.95,637.41,212357,1353.59,8205,76229,35.90
JINDWORLD,EQ,24-Aug-2026,35.33,35.75,36.2,35.44,35.85,35.7,35.77,956048,342.01,3032,364230,38.10
JIOFIN,EQ,24-Aug-2026,244.0,244.55,245.35,242.0,242.0,242.0,243.36,6651365,16186.74,58850,3417575,51.38
JISLDVREQS,EQ,24-Aug-2026,21.14,21.35,21.82,20.73,21.27,21.07,21.1,13668,2.88,127,11737,85.87
JISLJALEQS,EQ,24-Aug-2026,27.86,27.87,28.3,27.85,27.9,27.95,28.05,805701,225.97,2399,535999,66.53
JITFINFRA,EQ,24-Aug-2026,309.0,315.0,318.9,305.55,316.0,316.35,312.86,15073,47.16,583,8723,57.87
JIWANRAM,SM,24-Aug-2026,4.7,5.0,5.0,5.0,5.0,5.0,5.0,12000,0.6,2,12000,100.00
JKCEMENT,EQ,24-Aug-2026,5250.0,5247.5,5280.0,5201.5,5203.0,5215.5,5230.38,9896,517.6,3812,4559,46.07
JKIL,EQ,24-Aug-2026,506.3,506.25,507.85,501.3,505.25,504.65,504.24,56596,285.38,2500,25310,44.72
JKIPL,EQ,24-Aug-2026,102.32,102.32,105.35,100.21,104.0,104.4,103.25,21297,21.99,231,15984,75.05
JKLAKSHMI,EQ,24-Aug-2026,559.45,561.0,561.0,551.15,554.15,554.9,554.52,151319,839.09,13126,66596,44.01
JKPAPER,EQ,24-Aug-2026,391.8,391.75,398.0,389.55,390.75,393.3,393.76,347771,1369.38,13236,142182,40.88
JKTYRE,EQ,24-Aug-2026,374.7,378.45,384.4,377.0,383.15,382.6,381.08,666349,2539.32,15410,286883,43.05
JLHL,EQ,24-Aug-2026,309.75,309.95,314.65,304.0,305.35,307.85,307.85,63292,194.84,4407,31615,49.95
JMA,EQ,24-Aug-2026,90.73,90.73,90.73,86.4,89.8,88.96,89.08,7885,7.02,168,5685,72.10
JMFINANCIL,EQ,24-Aug-2026,128.24,128.86,132.45,128.01,129.53,129.5,130.56,3330408,4348.06,25383,1449927,43.54
JNKINDIA,EQ,24-Aug-2026,454.35,463.25,466.7,447.1,452.0,450.0,452.49,164637,744.97,5690,68086,41.36
JNPR,EQ,24-Aug-2026,265.8,265.8,269.9,258.3,260.01,261.99,265.02,681285,1805.56,15723,253158,37.16
JOCIL,BE,24-Aug-2026,149.99,149.99,150.1,146.25,148.0,148.0,149.38,459,0.69,16,-,-
JPOLYINVST,EQ,24-Aug-2026,964.0,968.9,990.6,938.0,949.9,946.1,972.43,72550,705.5,2761,54208,74.72
JPPOWER,EQ,24-Aug-2026,17.1,17.25,17.47,17.06,17.09,17.1,17.2,33282336,5724.24,69755,13297482,39.95
JSFB,EQ,24-Aug-2026,582.35,588.55,599.7,571.05,581.05,581.55,585.55,3139181,18381.39,43289,1344257,42.82
JSL,EQ,24-Aug-2026,701.35,706.75,710.85,699.75,702.95,702.4,704.09,278881,1963.57,21175,163267,58.54
JSLL,EQ,24-Aug-2026,505.35,509.7,536.0,507.8,513.4,511.3,518.99,538095,2792.65,18482,203162,37.76
JSWCEMENT,EQ,24-Aug-2026,126.04,126.2,128.28,126.0,126.41,126.79,127.37,883246,1125.02,15792,509821,57.72
JSWDULUX,EQ,24-Aug-2026,3118.8,3108.9,3140.3,3080.0,3116.0,3122.9,3119.78,10615,331.16,3618,6722,63.33
JSWENERGY,EQ,24-Aug-2026,544.95,547.55,553.3,544.2,544.7,544.7,548.41,721083,3954.5,17809,314447,43.61
JSWHL,EQ,24-Aug-2026,11289.0,11371.0,11497.0,11057.0,11098.0,11161.0,11263.83,2202,248.03,950,1088,49.41
JSWINFRA,EQ,24-Aug-2026,335.7,335.7,342.85,334.15,338.5,340.2,340.37,1950770,6639.79,43819,1258110,64.49
JSWSTEEL,EQ,24-Aug-2026,1293.7,1298.0,1327.0,1295.3,1327.0,1327.0,1312.6,3648206,47886.24,82542,1937710,53.11
JTEKTINDIA,EQ,24-Aug-2026,126.1,125.1,128.33,125.05,126.0,126.54,127.04,192858,245.0,2743,91877,47.64
JTLIND,EQ,24-Aug-2026,79.52,80.0,80.98,78.51,79.3,79.52,79.63,1876675,1494.37,11821,785988,41.88
JUBLCPL,EQ,24-Aug-2026,2227.8,2202.0,2294.9,2118.0,2141.0,2127.1,2176.7,11151,242.72,1013,8204,73.57
JUBLFOOD,EQ,24-Aug-2026,506.75,506.9,515.25,506.2,507.9,507.9,509.67,1259699,6420.28,24361,439895,34.92
JUBLINGREA,EQ,24-Aug-2026,718.35,718.55,726.95,694.5,711.0,708.2,707.83,567691,4018.28,20490,322945,56.89
JUBLPHARMA,EQ,24-Aug-2026,880.35,912.0,928.15,877.6,904.0,902.7,898.83,1931803,17363.59,86570,673640,34.87
JUNIORBEES,EQ,24-Aug-2026,800.27,807.47,807.47,794.27,800.5,799.94,800.03,365576,2924.71,9197,256509,70.17
JUNIPER,EQ,24-Aug-2026,210.08,211.45,212.45,208.4,208.4,209.12,210.56,211902,446.19,3070,146198,68.99
JUSTDIAL,EQ,24-Aug-2026,674.05,668.0,679.45,662.45,662.55,664.95,669.97,81410,545.43,4061,43936,53.97
JWL,EQ,24-Aug-2026,247.0,248.2,251.9,247.1,247.5,247.85,249.47,667692,1665.7,11228,247651,37.09
JYOTHYLAB,EQ,24-Aug-2026,204.95,205.0,215.5,205.0,211.5,212.57,211.52,1532382,3241.24,26444,790165,51.56
JYOTICNC,EQ,24-Aug-2026,988.8,990.0,999.0,972.0,980.0,980.25,981.69,793950,7794.1,33844,335933,42.31
JYOTIRES,EQ,24-Aug-2026,849.5,849.5,871.9,845.2,864.0,860.5,858.21,19487,167.24,1062,11082,56.87
JYOTISTRUC,EQ,24-Aug-2026,10.57,10.59,11.07,10.56,10.61,10.67,10.82,5046670,546.06,5468,2165366,42.91
K2INFRA,ST,24-Aug-2026,52.3,52.7,52.7,50.15,50.4,50.4,50.83,35400,17.99,39,30600,86.44
KABRAEXTRU,EQ,24-Aug-2026,566.2,567.0,625.15,567.0,611.95,611.1,601.58,1093357,6577.39,30883,358517,32.79
KAJARIACER,EQ,24-Aug-2026,1208.5,1204.0,1211.0,1196.9,1206.1,1205.6,1202.52,83435,1003.32,8833,42246,50.63
KAKATCEM,EQ,24-Aug-2026,115.84,119.6,120.0,116.7,117.0,117.38,118.83,10458,12.43,213,6693,64.00
KALAMANDIR,EQ,24-Aug-2026,86.29,86.98,92.0,86.72,88.05,88.37,89.94,1193582,1073.48,10603,465121,38.97
KALANA,SM,24-Aug-2026,24.3,25.5,25.5,25.5,25.5,25.5,25.5,2000,0.51,1,2000,100.00
KALPATARU,EQ,24-Aug-2026,283.45,284.45,294.2,283.45,285.0,286.9,289.21,109109,315.55,1885,65727,60.24
KALYANIFRG,EQ,24-Aug-2026,691.5,701.85,701.85,673.45,680.0,679.8,683.3,1440,9.84,197,1025,71.18
KALYANKJIL,EQ,24-Aug-2026,603.55,608.5,610.35,601.15,607.95,607.95,606.61,5956971,36135.57,51540,1660185,27.87
KAMAHOLD,EQ,24-Aug-2026,2421.1,2423.0,2444.9,2415.0,2415.0,2417.4,2422.47,2974,72.04,382,2430,81.71
KAMANWALA,EQ,24-Aug-2026,16.77,16.93,18.5,16.0,17.5,16.97,16.82,18598,3.13,142,14174,76.21
KAMATHOTEL,EQ,24-Aug-2026,207.66,211.4,231.37,209.98,224.0,225.94,222.95,476582,1062.52,10103,193680,40.64
KAMDHENU,BE,24-Aug-2026,35.22,36.0,36.66,33.66,35.5,34.57,35.35,554981,196.19,1042,-,-
KAMOPAINTS,EQ,24-Aug-2026,4.45,4.54,5.0,4.4,4.61,4.62,4.67,359359,16.77,787,244105,67.93
KANANIIND,EQ,24-Aug-2026,1.5,1.5,1.51,1.48,1.5,1.49,1.5,70249,1.05,188,50368,71.70
KANCHI,EQ,24-Aug-2026,373.5,373.5,377.0,369.0,375.0,373.65,372.7,2890,10.77,118,2768,95.78
KANCOTEA,EQ,24-Aug-2026,54.3,56.79,56.79,56.35,56.35,56.35,56.4,50,0.03,3,50,100.00
KANDARP,SM,24-Aug-2026,101.5,100.0,100.0,99.9,100.0,99.9,99.95,19000,18.99,16,19000,100.00
KANORICHEM,BE,24-Aug-2026,153.89,153.45,158.7,151.01,154.9,154.67,155.3,45008,69.9,286,-,-
KANPRPLA,EQ,24-Aug-2026,260.91,261.5,279.18,261.5,275.05,275.96,273.07,76155,207.96,1708,36527,47.96
KANSAINER,EQ,24-Aug-2026,205.85,205.75,208.05,201.0,201.02,201.56,203.95,186381,380.13,7021,94180,50.53
KAPSTON,EQ,24-Aug-2026,528.2,528.0,528.0,510.0,512.95,512.2,516.49,70491,364.08,2977,45311,64.28
KARMAENG,EQ,24-Aug-2026,38.59,39.99,39.99,37.71,38.75,38.21,38.54,3072,1.18,103,2217,72.17
KARNIKA,SM,24-Aug-2026,112.35,112.35,117.0,111.15,116.5,115.3,113.52,45000,51.09,35,33000,73.33
KARURVYSYA,EQ,24-Aug-2026,335.5,335.25,339.0,334.25,337.55,338.15,336.6,1139927,3836.94,24690,578932,50.79
KATARIA,SM,24-Aug-2026,103.7,102.05,106.0,99.65,106.0,106.0,102.13,7800,7.97,11,6000,76.92
KAUSHALYA,BE,24-Aug-2026,872.2,872.2,894.0,872.2,885.0,885.0,881.17,31,0.27,15,-,-
KAVDEFENCE,EQ,24-Aug-2026,56.9,57.38,58.0,56.7,57.3,57.12,57.24,68125,39.0,1430,32613,47.87
KAYA,EQ,24-Aug-2026,382.25,384.0,393.0,361.7,365.0,367.35,374.33,70518,263.97,5322,19401,27.51
KAYNES,EQ,24-Aug-2026,3890.0,3930.0,3963.5,3840.2,3840.2,3840.2,3904.89,1251926,48886.31,77847,386459,30.87
KAYTEX,SM,24-Aug-2026,59.9,59.1,60.0,59.1,60.0,60.0,59.8,4000,2.39,5,4000,100.00
KCEIL,SM,24-Aug-2026,84.7,87.55,87.55,80.0,83.45,82.55,83.27,37500,31.22,66,30000,80.00
KCK,ST,24-Aug-2026,15.2,15.0,15.0,14.45,14.45,14.45,14.54,82500,12.0,32,82500,100.00
KCP,EQ,24-Aug-2026,163.83,164.0,180.4,164.0,175.35,176.62,175.96,1458256,2566.0,22453,506199,34.71
KCPSUGIND,BE,24-Aug-2026,34.81,35.1,36.47,34.0,34.75,34.31,35.2,585002,205.91,1682,-,-
KDDL,EQ,24-Aug-2026,4005.4,4017.7,4017.7,3815.8,3850.0,3848.7,3859.71,170386,6576.41,10042,121505,71.31
KDL,SM,24-Aug-2026,88.45,92.0,97.25,90.0,97.25,97.25,95.91,54600,52.37,182,49200,90.11
KEC,EQ,24-Aug-2026,435.95,439.0,441.4,430.0,431.25,431.35,435.28,552048,2402.94,15725,280309,50.78
KECL,EQ,24-Aug-2026,132.23,133.76,135.0,131.0,131.0,131.57,132.52,101977,135.13,1632,60455,59.28
KEEPLEARN,EQ,24-Aug-2026,1.91,1.91,1.97,1.82,1.9,1.82,1.87,55690,1.04,125,46711,83.88
KEI,EQ,24-Aug-2026,5527.6,5549.0,5550.5,5450.0,5494.0,5494.0,5486.65,250441,13740.81,36918,119582,47.75
KELLTONTEC,EQ,24-Aug-2026,13.56,13.56,14.52,13.5,13.78,13.76,13.96,3572880,498.84,8129,1287581,36.04
KEN,SM,24-Aug-2026,40.6,39.05,40.15,39.05,40.0,39.9,39.88,10800,4.31,9,9600,88.89
KENNAMET,EQ,24-Aug-2026,4044.7,4048.0,4260.0,4048.0,4235.5,4232.0,4162.19,86099,3583.61,15432,36944,42.91
KERNEX,EQ,24-Aug-2026,1934.5,1954.0,2006.9,1940.0,1952.0,1966.8,1970.49,225032,4434.24,14733,81554,36.24
KESORAMIND,BE,24-Aug-2026,11.5,11.4,11.43,11.35,11.35,11.35,11.39,113432,12.93,219,-,-
KEYFINSERV,EQ,24-Aug-2026,262.5,260.0,269.0,255.95,269.0,263.0,259.36,582,1.51,57,314,53.95
KFINTECH,EQ,24-Aug-2026,980.0,983.9,988.95,964.05,969.9,969.9,976.13,1362028,13295.13,36583,689126,50.60
KHADIM,BE,24-Aug-2026,97.0,97.5,101.85,96.0,101.85,101.85,101.22,30995,31.37,183,-,-
KHAICHEM,EQ,24-Aug-2026,55.82,55.82,56.78,53.07,53.99,53.96,54.8,165867,90.89,1689,93775,56.54
KHAITANLTD,EQ,24-Aug-2026,147.95,150.0,152.0,145.11,147.51,151.94,149.4,2790,4.17,67,2572,92.19
KHANDSE,EQ,24-Aug-2026,17.5,17.5,18.0,16.5,17.27,17.11,17.0,1644,0.28,55,1031,62.71
KHFM,SM,24-Aug-2026,47.45,43.8,46.1,43.8,45.9,45.3,44.71,17050,7.62,9,13950,81.82
KICL,EQ,24-Aug-2026,5382.5,5438.5,5439.5,5227.0,5280.0,5272.5,5298.46,921,48.8,211,517,56.13
KILITCH,BE,24-Aug-2026,162.33,162.5,168.3,161.05,168.3,166.89,165.58,38323,63.46,240,-,-
KIMS,EQ,24-Aug-2026,782.5,784.85,785.7,763.7,766.0,766.35,771.66,735056,5672.12,44307,489328,66.57
KINGFA,EQ,24-Aug-2026,5813.5,5810.0,5878.0,5710.0,5761.0,5744.0,5764.69,7966,459.22,2355,4315,54.17
KIOCL,EQ,24-Aug-2026,388.1,390.0,393.0,386.5,387.7,388.3,389.12,48279,187.86,2007,22877,47.38
KIRANVYPAR,EQ,24-Aug-2026,198.0,199.0,203.9,196.01,203.0,200.99,200.73,4644,9.32,108,4443,95.67
KIRIINDUS,EQ,24-Aug-2026,477.9,480.25,528.0,480.05,502.0,502.4,508.47,3247098,16510.45,66405,983959,30.30
KIRLFER,EQ,24-Aug-2026,441.2,441.2,445.8,435.0,444.5,444.1,442.19,68903,304.68,4868,43544,63.20
KIRLOSBROS,EQ,24-Aug-2026,1906.2,1905.8,1932.7,1879.1,1920.0,1922.4,1905.42,50769,967.36,9245,22217,43.76
KIRLOSENG,EQ,24-Aug-2026,2100.8,2106.0,2121.9,2055.1,2069.0,2068.3,2080.33,357890,7445.28,27094,191570,53.53
KIRLOSIND,EQ,24-Aug-2026,3685.0,3692.0,3728.8,3650.0,3651.0,3663.8,3686.36,3699,136.36,775,2018,54.56
KIRLPNU,EQ,24-Aug-2026,748.8,748.8,750.0,726.5,733.6,729.6,736.1,117553,865.3,11145,51340,43.67
KISSHT,EQ,24-Aug-2026,310.95,311.5,320.05,302.05,307.0,305.6,309.59,1112361,3443.73,22929,446129,40.11
KITEX,EQ,24-Aug-2026,124.95,125.23,128.71,125.23,127.5,127.16,127.31,474828,604.51,5549,207704,43.74
KJMCFIN,EQ,24-Aug-2026,79.7,82.0,84.5,71.73,71.73,71.73,75.66,19958,15.1,240,17444,87.40
KKCL,EQ,24-Aug-2026,516.45,516.45,527.2,505.5,524.9,522.9,519.82,84634,439.94,3325,61134,72.23
KKJEWELS,SM,24-Aug-2026,104.75,102.15,102.85,97.2,98.2,98.2,100.07,52000,52.04,46,41000,78.85
KKVAPOW,SM,24-Aug-2026,407.45,387.1,387.1,387.1,387.1,387.1,387.1,342,1.32,2,342,100.00
KLBRENG-B,EQ,24-Aug-2026,397.4,405.0,409.7,388.0,396.5,398.35,396.12,449174,1779.25,11613,251408,55.97
KLL,SM,24-Aug-2026,21.8,22.75,23.0,22.5,22.8,22.9,22.76,11200,2.55,12,11200,100.00
KMCSHIL,EQ,24-Aug-2026,141.65,143.07,144.78,138.62,139.99,139.25,142.12,123570,175.61,2400,77219,62.49
KMEW,EQ,24-Aug-2026,2725.6,2751.8,2770.0,2691.1,2705.0,2712.7,2740.3,37428,1025.64,5303,15750,42.08
KMSUGAR,EQ,24-Aug-2026,33.55,33.99,36.5,33.11,33.5,34.05,35.36,1551835,548.79,6422,789129,50.85
KNACK,EQ,24-Aug-2026,203.55,205.0,210.0,201.42,201.8,202.03,205.63,978955,2013.04,11350,306891,31.35
KNAGRI,EQ,24-Aug-2026,213.7,214.9,230.0,212.8,222.0,221.2,222.02,37331,82.88,767,25052,67.11
KNRCON,EQ,24-Aug-2026,127.0,127.0,134.44,126.74,127.4,127.15,130.49,3720186,4854.54,33832,1752368,47.10
KODYTECH,ST,24-Aug-2026,1435.0,1464.8,1480.0,1445.0,1455.0,1453.4,1464.22,10400,152.28,72,8800,84.62
KOHINOOR,EQ,24-Aug-2026,36.59,37.8,37.8,34.55,36.1,36.47,36.21,708916,256.68,4754,265876,37.50
KOKUYOCMLN,EQ,24-Aug-2026,80.08,81.0,84.9,80.1,82.75,82.34,81.87,38620,31.62,427,29065,75.26
KOLTEPATIL,EQ,24-Aug-2026,468.55,465.9,470.65,449.15,454.0,452.1,459.34,168013,771.75,5725,73253,43.60
KONSTELEC,ST,24-Aug-2026,53.2,55.75,55.85,55.75,55.85,55.85,55.82,15000,8.37,6,15000,100.00
KONTOR,SM,24-Aug-2026,55.95,56.0,57.65,56.0,57.65,57.65,56.33,3000,1.69,3,3000,100.00
KOPRAN,BE,24-Aug-2026,196.09,195.0,199.0,193.3,195.49,193.88,195.65,47097,92.14,370,-,-
KORE,SM,24-Aug-2026,127.55,128.0,136.6,122.0,129.0,128.15,127.15,10750,13.67,33,9250,86.05
KOTAKBANK,EQ,24-Aug-2026,402.8,403.5,405.6,398.2,401.45,401.45,401.09,14932117,59891.69,112432,10790692,72.26
KOTARISUG,EQ,24-Aug-2026,33.29,34.48,39.94,33.96,38.15,39.16,38.0,3632127,1380.19,11694,1369579,37.71
KOTHARIPET,EQ,24-Aug-2026,132.48,134.6,137.35,132.84,134.01,134.25,134.76,49967,67.34,1199,26866,53.77
KOTHARIPRO,EQ,24-Aug-2026,68.05,68.05,71.4,68.0,68.99,68.52,69.37,31843,22.09,729,18031,56.62
KOTIC,EQ,24-Aug-2026,142.77,144.9,159.9,141.2,154.99,155.55,154.53,78288,120.98,1567,22692,28.99
KOTYARK,BE,24-Aug-2026,37.33,36.99,36.99,35.47,35.47,35.52,35.73,219131,78.29,845,-,-
KOVAI,EQ,24-Aug-2026,6034.5,6050.0,6070.0,5911.0,5921.0,5925.5,5983.2,3584,214.44,930,2380,66.41
KPEL,EQ,24-Aug-2026,259.3,261.6,266.65,255.1,257.0,256.75,261.78,338199,885.34,7150,142348,42.09
KPIGREEN,EQ,24-Aug-2026,312.6,315.0,322.0,314.2,321.0,321.15,318.82,1247358,3976.86,23615,460047,36.88
KPIL,EQ,24-Aug-2026,1404.5,1410.9,1421.9,1385.1,1390.9,1388.9,1402.08,246716,3459.14,22210,143256,58.07
KPITTECH,EQ,24-Aug-2026,589.3,589.35,595.9,581.0,583.1,583.1,587.45,1117937,6567.36,25383,520080,46.52
KPL,EQ,24-Aug-2026,3361.1,3365.0,3524.1,3350.1,3450.1,3452.2,3453.16,44461,1535.31,5934,17188,38.66
KPRMILL,EQ,24-Aug-2026,1151.6,1160.0,1160.0,1110.0,1111.0,1112.3,1127.23,194663,2194.3,18427,91059,46.78
KRBL,EQ,24-Aug-2026,406.95,411.05,444.0,407.9,440.0,437.8,433.64,5300520,22985.31,81294,1581115,29.83
KREBSBIO,EQ,24-Aug-2026,53.61,53.62,54.77,53.0,54.25,53.15,53.4,6017,3.21,313,4078,67.77
KRIDHANINF,BE,24-Aug-2026,2.08,2.17,2.17,1.98,2.07,2.04,2.05,55089,1.13,70,-,-
KRISHANA,EQ,24-Aug-2026,198.41,201.08,202.32,197.27,199.3,199.68,199.82,809829,1618.24,8357,386456,47.72
KRISHCA,SM,24-Aug-2026,172.2,169.0,172.5,166.6,171.9,169.45,170.08,36000,61.23,39,32000,88.89
KRISHIVAL,EQ,24-Aug-2026,405.65,405.8,410.95,400.8,410.0,408.5,406.25,20004,81.27,516,15295,76.46
KRISHNADEF,EQ,24-Aug-2026,1026.8,1030.9,1035.0,1010.8,1020.0,1018.4,1023.84,76209,780.26,5428,40295,52.87
KRITI,EQ,24-Aug-2026,64.34,65.63,66.5,63.55,64.8,65.11,64.86,6840,4.44,107,5042,73.71
KRITIKA,EQ,24-Aug-2026,5.58,5.57,5.6,5.45,5.52,5.48,5.51,148539,8.18,480,133856,90.12
KRITINUT,EQ,24-Aug-2026,84.46,84.6,88.68,84.0,88.68,88.68,87.93,22067,19.4,239,18699,84.74
KRMAYURVED,SM,24-Aug-2026,277.05,278.1,278.85,267.25,269.5,269.4,271.67,87000,236.35,67,59000,67.82
KRN,EQ,24-Aug-2026,1482.1,1485.0,1509.8,1461.1,1472.0,1471.2,1486.05,82417,1224.76,7266,49661,60.26
KRONOX,EQ,24-Aug-2026,215.18,213.81,217.66,203.0,205.0,205.36,210.33,2981558,6271.0,28086,806128,27.04
KROSS,EQ,24-Aug-2026,206.84,207.0,210.97,204.25,210.5,209.6,207.26,289248,599.49,7562,137965,47.70
KRSNAA,EQ,24-Aug-2026,561.65,558.45,567.6,548.0,567.0,563.0,562.54,37249,209.54,3738,21764,58.43
KRT,RR,24-Aug-2026,115.99,116.45,117.0,115.02,116.9,116.86,116.39,292586,340.53,4491,239053,81.70
KRYSTAL,EQ,24-Aug-2026,657.95,663.35,665.0,638.4,638.95,640.4,650.18,17990,116.97,1403,10351,57.54
KSB,EQ,24-Aug-2026,801.85,802.0,810.8,784.85,793.25,791.75,790.76,160059,1265.68,8870,93572,58.46
KSCL,EQ,24-Aug-2026,760.1,757.45,776.85,757.45,765.5,768.35,770.6,199990,1541.13,7870,96612,48.31
KSE,EQ,24-Aug-2026,183.84,184.0,184.0,173.31,177.47,176.26,177.04,77032,136.38,1909,54507,70.76
KSHINTL,EQ,24-Aug-2026,1009.25,1015.95,1015.95,971.5,974.4,978.95,989.76,154028,1524.5,10951,84570,54.91
KSHITIJPOL,EQ,24-Aug-2026,2.82,2.78,2.95,2.77,2.88,2.83,2.85,965561,27.53,985,692791,71.75
KSL,EQ,24-Aug-2026,881.15,889.7,894.85,872.8,880.0,876.45,883.71,51665,456.57,4466,26228,50.77
KSOLVES,EQ,24-Aug-2026,272.05,278.0,278.0,271.0,274.9,274.45,273.27,22442,61.33,1005,13382,59.63
KSR,EQ,24-Aug-2026,28.2,28.0,29.95,28.0,28.94,28.8,28.74,144421,41.51,178,130577,90.41
KTKBANK,EQ,24-Aug-2026,328.3,328.3,336.7,326.5,333.95,333.25,332.13,2769889,9199.71,41722,1438626,51.94
KUANTUM,EQ,24-Aug-2026,74.19,74.19,74.53,72.1,72.41,73.0,73.54,218264,160.52,1732,76963,35.26
KUSUMGAR,EQ,24-Aug-2026,581.95,582.9,622.7,578.05,606.1,604.65,608.49,822274,5003.45,31733,380271,46.25
KWIL,EQ,24-Aug-2026,48.35,48.4,50.68,46.65,48.4,48.63,48.86,118735076,58018.64,205203,14847081,12.50
LADDERUP,EQ,24-Aug-2026,50.8,51.25,51.25,47.0,51.2,51.2,50.28,9,0.0,4,9,100.00
LAGNAM,EQ,24-Aug-2026,76.91,77.99,78.0,74.05,76.0,75.96,76.16,4708,3.59,103,4191,89.02
LAHOTIOV,EQ,24-Aug-2026,41.61,42.49,42.5,41.0,41.95,41.95,41.92,1620,0.68,22,1545,95.37
LAKPRE,BZ,24-Aug-2026,4.46,4.68,4.68,4.27,4.28,4.28,4.6,3673,0.17,28,-,-
LAKSHMIMIL,EQ,24-Aug-2026,8344.5,8499.0,8499.0,8100.5,8111.5,8164.0,8287.5,20,1.66,13,20,100.00
LAKSHYA,SM,24-Aug-2026,86.4,86.0,86.0,82.0,83.5,82.5,84.26,4800,4.04,4,4800,100.00
LAL,EQ,24-Aug-2026,8.76,9.15,9.15,8.82,9.0,9.01,9.06,51072,4.63,199,42464,83.15
LALITHAA,EQ,24-Aug-2026,201.0,265.0,274.4,244.4,249.1,248.44,263.26,99042106,260740.17,927956,47170407,47.63
LALPATHLAB,EQ,24-Aug-2026,1894.2,1890.0,1911.6,1876.0,1899.0,1883.8,1888.94,146775,2772.49,29671,84191,57.36
LAMBODHARA,EQ,24-Aug-2026,118.08,123.3,141.69,119.5,141.69,141.69,134.18,983823,1320.05,10727,310847,31.60
LAMOSAIC,ST,24-Aug-2026,56.45,54.05,56.5,54.05,56.5,56.15,55.83,67200,37.52,29,65400,97.32
LANCER,EQ,24-Aug-2026,10.42,10.42,10.91,10.32,10.86,10.86,10.66,292638,31.21,559,230789,78.87
LANCORHOL,EQ,24-Aug-2026,30.95,31.9,33.5,30.11,32.83,32.62,32.53,837372,272.36,4908,491893,58.74
LANDMARK,EQ,24-Aug-2026,504.95,502.2,553.85,502.2,537.0,541.75,529.88,232764,1233.37,10148,93434,40.14
LANDSMILL,EQ,24-Aug-2026,0.75,0.75,0.76,0.74,0.75,0.74,0.75,1664257,12.56,1107,1053798,63.32
LAOPALA,EQ,24-Aug-2026,173.12,173.0,173.92,168.9,169.62,169.46,170.51,251251,428.4,8769,144112,57.36
LARGEMID50,EQ,24-Aug-2026,36.83,36.83,36.92,36.7,36.83,36.71,36.82,62475,23.0,39,2265,3.63
LASA,EQ,24-Aug-2026,7.2,7.38,7.38,7.05,7.33,7.26,7.23,25439,1.84,176,7166,28.17
LASERPOWER,EQ,24-Aug-2026,337.55,338.0,339.85,331.6,334.0,334.5,336.07,1047815,3521.39,14617,433691,41.39
LATENTVIEW,EQ,24-Aug-2026,278.1,278.1,292.0,277.25,278.6,278.5,284.74,1040769,2963.49,23507,305511,29.35
LATTEYS,EQ,24-Aug-2026,23.28,23.45,23.5,22.65,23.41,23.08,23.04,57455,13.24,280,30360,52.84
LAURUSLABS,EQ,24-Aug-2026,1802.0,1800.0,1810.8,1790.0,1801.0,1801.0,1802.25,2894242,52161.36,49237,2236577,77.28
LAXMICOT,EQ,24-Aug-2026,13.92,13.64,14.1,13.64,13.71,13.74,13.94,6707,0.93,55,5608,83.61
LAXMIDENTL,EQ,24-Aug-2026,198.14,199.57,200.93,193.24,194.7,194.99,196.93,118674,233.7,2329,74465,62.75
LAXMIINDIA,EQ,24-Aug-2026,128.76,129.5,133.88,124.24,126.0,125.5,127.4,328656,418.72,2720,173934,52.92
LCCINFOTEC,EQ,24-Aug-2026,3.55,3.68,3.68,3.33,3.57,3.53,3.51,76171,2.68,192,70791,92.94
LCL,EQ,24-Aug-2026,577.15,580.9,589.0,556.0,579.0,584.1,572.66,591724,3388.59,24142,234315,39.60
LEAPIND,EQ,24-Aug-2026,162.02,160.99,163.3,156.5,158.45,159.36,159.65,5189235,8284.43,41453,2234210,43.05
LEENEE,EQ,24-Aug-2026,9.19,10.75,11.02,9.32,10.72,10.5,10.53,360638,37.98,1641,193710,53.71
LEMERITE,EQ,24-Aug-2026,22.78,23.05,23.05,22.07,23.05,22.46,22.79,152042,34.66,378,36802,24.21
LEMONTREE,EQ,24-Aug-2026,108.33,108.5,109.8,108.27,108.65,108.56,108.97,2384816,2598.65,34599,1315187,55.15
LENSKART,EQ,24-Aug-2026,661.4,661.4,673.9,648.0,656.95,659.75,660.0,7775210,51316.27,145143,3411703,43.88
LEXUS,EQ,24-Aug-2026,14.31,14.8,14.8,13.52,13.52,13.8,13.94,28368,3.95,153,21622,76.22
LFIC,EQ,24-Aug-2026,140.94,142.0,142.0,137.3,137.31,137.31,138.57,1103,1.53,21,1004,91.02
LGBBROSLTD,EQ,24-Aug-2026,1609.0,1609.0,1623.8,1599.0,1600.0,1602.2,1605.97,10083,161.93,2068,5548,55.02
LGEINDIA,EQ,24-Aug-2026,1623.3,1623.0,1683.0,1622.4,1665.0,1664.2,1648.65,744933,12281.31,37477,402839,54.08
LGHL,EQ,24-Aug-2026,175.94,177.7,179.98,175.85,177.0,178.2,178.63,8737,15.61,444,2201,25.19
LIBAS,EQ,24-Aug-2026,10.02,10.33,10.33,9.65,10.09,9.96,9.97,57207,5.7,194,49045,85.73
LIBERTSHOE,EQ,24-Aug-2026,246.75,246.55,247.25,241.35,243.95,243.8,244.4,10295,25.16,655,6335,61.53
LICHSGFIN,EQ,24-Aug-2026,497.0,496.8,499.95,485.45,491.4,491.4,489.64,4349249,21295.85,43333,2492758,57.31
LICI,EQ,24-Aug-2026,422.25,426.0,427.25,419.25,421.85,421.85,422.41,10848478,45825.56,116342,6317321,58.23
LICMFGOLD,EQ,24-Aug-2026,142.55,145.0,145.6,143.8,144.5,144.55,144.87,120457,174.51,1020,53761,44.63
LICNETFGSC,EQ,24-Aug-2026,29.55,29.3,29.7,29.3,29.7,29.56,29.56,10428,3.08,94,7989,76.61
LICNETFN50,EQ,24-Aug-2026,271.85,272.01,273.49,270.4,272.11,272.11,272.42,232,0.63,36,205,88.36
LICNETFSEN,EQ,24-Aug-2026,880.97,880.61,880.61,876.22,876.83,876.83,877.16,6,0.05,4,6,100.00
LICNFNHGP,EQ,24-Aug-2026,279.71,279.68,279.68,277.88,278.75,278.75,279.52,53,0.15,7,52,98.11
LICNMID100,EQ,24-Aug-2026,63.94,64.58,64.64,63.94,63.94,64.01,64.21,9415,6.05,90,6187,65.71
LIKHITHA,EQ,24-Aug-2026,210.3,210.3,213.13,208.2,209.7,210.98,210.24,32523,68.38,739,19077,58.66
LINC,EQ,24-Aug-2026,96.37,96.37,97.78,95.8,96.0,96.21,96.24,5337,5.14,251,3991,74.78
LINCOLN,EQ,24-Aug-2026,614.05,614.05,620.35,608.25,612.0,612.25,613.65,20597,126.39,1337,13677,66.40
LINDEINDIA,EQ,24-Aug-2026,6672.0,6684.5,6703.0,6498.0,6530.0,6531.0,6575.26,30994,2037.94,7800,16395,52.90
LIQGRWBEES,EQ,24-Aug-2026,1052.73,1052.85,1052.87,1052.85,1052.87,1052.85,1052.86,58769,618.75,230,24231,41.23
LIQUID,EQ,24-Aug-2026,999.99,999.99,1000.0,999.99,999.99,999.99,1000.0,44460,444.6,136,26532,59.68
LIQUID1,EQ,24-Aug-2026,1119.41,1121.6,1121.6,1119.41,1119.56,1119.55,1119.56,528284,5914.45,573,277244,52.48
LIQUIDADD,EQ,24-Aug-2026,1141.52,1141.68,1141.68,1141.66,1141.68,1141.67,1141.67,319507,3647.73,310,247821,77.56
LIQUIDBEES,EQ,24-Aug-2026,999.99,1000.0,1000.01,999.66,1000.01,999.99,1000.0,3643933,36439.16,4643,2939529,80.67
LIQUIDBETA,EQ,24-Aug-2026,1005.31,1005.42,1005.42,1005.42,1005.42,1005.42,1005.42,49995,502.66,15,49995,100.00
LIQUIDBETF,EQ,24-Aug-2026,1095.78,1095.9,1095.92,1095.9,1095.91,1095.91,1095.91,336641,3689.29,329,183044,54.37
LIQUIDCASE,EQ,24-Aug-2026,115.59,115.62,115.62,115.6,115.61,115.6,115.61,13803133,15957.48,17080,11445945,82.92
LIQUIDETF,EQ,24-Aug-2026,1000.0,1000.0,1000.01,999.99,1000.0,999.99,1000.0,121310,1213.1,207,98234,80.98
LIQUIDIETF,EQ,24-Aug-2026,999.99,1000.0,1000.01,999.99,1000.0,999.99,1000.0,297308,2973.07,304,189911,63.88
LIQUIDPLUS,EQ,24-Aug-2026,1100.08,1100.08,1100.23,1100.08,1100.22,1100.21,1100.22,286954,3157.11,352,256372,89.34
LIQUIDSBI,EQ,24-Aug-2026,1000.0,1000.0,1000.0,999.99,999.99,999.99,999.99,3696,36.96,32,3595,97.27
LIQUIDSHRI,EQ,24-Aug-2026,1118.45,1118.61,1118.61,1118.59,1118.59,1118.59,1118.61,1269,14.2,11,970,76.44
LKPSEC,EQ,24-Aug-2026,17.0,15.7,17.42,15.7,16.39,16.37,16.33,21224,3.47,223,15486,72.96
LLOYDS,SM,24-Aug-2026,64.0,61.1,63.15,60.8,61.0,61.0,61.33,8000,4.91,8,6000,75.00
LLOYDSENGG,EQ,24-Aug-2026,90.05,90.1,90.29,86.54,87.65,87.17,88.12,8583079,7563.68,36468,4146450,48.31
LLOYDSENT,EQ,24-Aug-2026,77.59,77.75,77.8,73.9,74.3,74.06,74.99,4518666,3388.54,16661,2512291,55.60
LLOYDSME,EQ,24-Aug-2026,1865.9,1865.9,1887.7,1827.0,1829.3,1831.7,1854.39,362235,6717.24,24639,195853,54.07
LMW,EQ,24-Aug-2026,19849.0,20030.0,20030.0,19480.0,19510.0,19558.0,19690.73,2678,527.32,1483,1069,39.92
LODHA,EQ,24-Aug-2026,1242.0,1230.0,1264.0,1225.4,1258.4,1258.4,1251.6,1261611,15790.36,32389,469954,37.25
LOKESHMACH,BE,24-Aug-2026,321.4,320.0,329.9,315.25,320.0,320.2,322.64,18003,58.08,228,-,-
LORDSCHLO,EQ,24-Aug-2026,134.76,137.0,140.0,131.1,132.64,132.25,133.44,12101,16.15,417,8623,71.26
LOTUSCHO,EQ,24-Aug-2026,614.9,620.0,632.9,610.0,624.8,622.2,627.64,3838,24.09,184,3377,87.99
LOTUSDEV,BE,24-Aug-2026,164.81,167.0,173.05,164.51,173.05,173.05,170.13,1211782,2061.6,2702,-,-
LOTUSEYE,EQ,24-Aug-2026,115.6,117.0,118.5,115.0,115.0,115.5,115.77,5011,5.8,131,4391,87.63
LOVABLE,EQ,24-Aug-2026,71.56,72.9,72.9,71.11,72.5,72.43,71.97,5764,4.15,135,4877,84.61
LOWVOL,EQ,24-Aug-2026,207.92,208.83,208.83,207.44,208.49,208.35,208.03,245,0.51,11,115,46.94
LOWVOL1,EQ,24-Aug-2026,21.36,21.37,21.42,21.27,21.36,21.34,21.35,1252529,267.45,206,1195278,95.43
LOWVOLIETF,EQ,24-Aug-2026,22.3,22.5,22.5,22.2,22.2,22.25,22.29,461464,102.84,1217,316916,68.68
LOYALTEX,EQ,24-Aug-2026,211.04,203.1,230.1,203.1,210.0,210.0,210.47,1199,2.52,30,752,62.72
LPDC,EQ,24-Aug-2026,7.24,7.75,7.75,7.21,7.33,7.25,7.32,67257,4.92,200,33715,50.13
LRRPL,SM,24-Aug-2026,86.0,86.0,86.0,84.0,84.0,84.0,85.0,4500,3.83,3,4500,100.00
LT,EQ,24-Aug-2026,4093.0,4100.0,4107.1,4077.7,4090.0,4090.0,4089.89,1369496,56010.92,80383,894318,65.30
LTF,EQ,24-Aug-2026,317.15,317.4,324.45,315.85,315.85,315.85,320.12,3331638,10665.4,44595,1116310,33.51
LTFOODS,EQ,24-Aug-2026,427.6,427.6,490.7,427.6,456.0,459.0,469.97,41891152,196874.43,487167,2954272,7.05
LTGILTBEES,EQ,24-Aug-2026,29.98,29.94,30.11,29.92,29.98,29.95,29.98,1122075,336.39,842,1036248,92.35
LTGILTCASE,EQ,24-Aug-2026,30.55,31.16,31.16,30.52,30.52,30.54,30.55,190462,58.19,208,147144,77.26
LTM,EQ,24-Aug-2026,4487.8,4487.8,4552.0,4467.9,4525.7,4525.7,4515.37,296431,13384.95,34173,100329,33.85
LTTS,EQ,24-Aug-2026,3604.6,3621.8,3667.9,3575.1,3585.5,3584.6,3624.61,68874,2496.41,13810,32424,47.08
LUMAXIND,EQ,24-Aug-2026,5880.0,5929.0,5945.5,5732.0,5822.0,5808.5,5806.1,9926,576.31,2393,4982,50.19
LUMAXTECH,EQ,24-Aug-2026,1988.8,2007.4,2007.4,1944.5,1951.5,1964.3,1970.05,113246,2231.01,13480,53307,47.07
LUPIN,EQ,24-Aug-2026,2201.8,2199.8,2199.8,2180.3,2188.0,2188.0,2188.26,475169,10397.93,40927,285702,60.13
LUXIND,EQ,24-Aug-2026,1203.4,1209.8,1231.9,1205.0,1213.0,1212.4,1219.68,25370,309.43,2577,12941,51.01
LXCHEM,EQ,24-Aug-2026,173.21,173.54,179.39,172.51,172.75,173.18,175.66,1057582,1857.75,11471,446035,42.17
LYKALABS,BE,24-Aug-2026,73.62,75.09,75.09,75.09,75.09,75.09,75.09,20764,15.59,73,-,-
M&M,EQ,24-Aug-2026,3412.2,3419.9,3444.7,3400.0,3414.1,3414.1,3419.86,1168624,39965.28,65064,655064,56.05
M&MFIN,EQ,24-Aug-2026,381.6,380.0,383.4,377.05,378.85,378.7,380.1,1565665,5951.04,55696,764555,48.83
MAANALU,EQ,24-Aug-2026,119.4,119.4,121.95,118.39,120.0,119.04,120.11,31573,37.92,501,19123,60.57
MACOBSTECH,SM,24-Aug-2026,206.0,199.1,205.5,199.1,205.5,205.5,202.73,4000,8.11,5,2400,60.00
MACPOWER,EQ,24-Aug-2026,1874.8,1884.2,1989.0,1884.2,1960.0,1963.4,1955.05,61213,1196.74,4807,35933,58.70
MADHAV,EQ,24-Aug-2026,36.25,36.0,36.25,35.1,35.1,35.14,35.77,3496,1.25,69,3354,95.94
MADHAVBAUG,ST,24-Aug-2026,169.95,171.5,171.5,171.5,171.5,171.5,171.5,400,0.69,1,400,100.00
MADHAVIPL,EQ,24-Aug-2026,7.31,7.21,7.38,7.1,7.22,7.22,7.29,85606,6.24,324,68144,79.60
MADHUCON,BE,24-Aug-2026,5.23,5.49,5.49,5.15,5.15,5.15,5.17,7005,0.36,42,-,-
MADHUSUDAN,ST,24-Aug-2026,217.35,217.3,222.8,213.0,222.75,222.75,216.96,14000,30.37,13,14000,100.00
MADRASFERT,EQ,24-Aug-2026,65.52,65.55,66.39,65.55,65.62,65.66,65.87,31840,20.97,431,18515,58.15
MAFANG,EQ,24-Aug-2026,206.78,205.87,205.87,205.87,205.87,205.87,205.87,268061,551.86,467,139497,52.04
MAFATIND,EQ,24-Aug-2026,121.81,122.8,124.5,120.94,121.3,121.56,122.29,23799,29.1,850,15328,64.41
MAGADSUGAR,EQ,24-Aug-2026,601.3,610.0,634.95,591.2,597.0,601.05,617.58,126147,779.06,6837,43335,34.35
MAGNUM,EQ,24-Aug-2026,19.25,19.59,19.6,19.01,19.45,19.45,19.19,34645,6.65,73,27437,79.19
MAHABANK,EQ,24-Aug-2026,80.26,80.39,81.2,80.0,80.7,80.7,80.65,8239427,6645.19,65473,3623156,43.97
MAHAPEXLTD,EQ,24-Aug-2026,61.13,63.4,63.4,59.01,61.5,59.98,60.25,18342,11.05,234,15674,85.45
MAHASTEEL,BE,24-Aug-2026,1154.3,1170.0,1180.0,1154.3,1175.0,1175.7,1170.44,34286,401.3,374,-,-
MAHEPC,EQ,24-Aug-2026,107.0,106.99,107.7,106.51,107.1,106.69,106.95,17578,18.8,402,5856,33.31
MAHESHWARI,BE,24-Aug-2026,73.38,73.0,75.0,73.0,74.97,74.55,73.82,24752,18.27,71,-,-
MAHICKRA,SM,24-Aug-2026,257.5,257.0,308.8,257.0,285.0,284.95,266.45,48750,129.89,34,27750,56.92
MAHKTECH,EQ,24-Aug-2026,23.1,23.17,23.17,22.75,22.86,22.83,23.03,1114395,256.6,7567,798979,71.70
MAHLIFE,EQ,24-Aug-2026,379.8,379.8,386.65,374.15,382.5,379.15,379.23,95846,363.48,4639,49998,52.16
MAHLOG,EQ,24-Aug-2026,401.15,401.15,409.65,398.5,401.0,403.1,404.46,92846,375.53,5972,43146,46.47
MAHSCOOTER,EQ,24-Aug-2026,13131.0,13140.0,13364.0,13003.0,13079.0,13063.0,13189.7,3210,423.39,1424,1283,39.97
MAHSEAMLES,EQ,24-Aug-2026,634.15,638.05,645.8,632.95,635.0,634.75,636.73,194133,1236.1,16201,116617,60.07
MAITHANALL,EQ,24-Aug-2026,977.1,979.0,998.9,979.0,998.9,993.95,990.33,30174,298.82,1818,20058,66.47
MAITREYA,SM,24-Aug-2026,118.5,117.3,117.3,111.55,114.95,112.85,113.98,1600,1.82,4,1200,75.00
MAJESAUT,BE,24-Aug-2026,363.85,369.7,370.0,360.0,361.2,362.05,364.42,3590,13.08,154,-,-
MAKEINDIA,EQ,24-Aug-2026,167.76,167.76,168.5,167.45,168.15,167.93,167.84,28588,47.98,469,14806,51.79
MAKERSL,EQ,24-Aug-2026,186.88,190.0,224.25,189.5,224.25,220.86,212.37,80950,171.91,1556,50621,62.53
MAKS,SM,24-Aug-2026,14.05,13.35,14.7,13.35,14.7,14.7,13.45,22500,3.03,12,21000,93.33
MAL,SM,24-Aug-2026,32.0,29.5,32.3,29.5,32.3,31.8,30.99,35200,10.91,18,24000,68.18
MALLCOM,EQ,24-Aug-2026,974.5,962.9,982.7,960.0,969.25,969.25,971.05,1396,13.56,131,1143,81.88
MALUPAPER,EQ,24-Aug-2026,31.24,31.8,31.8,31.32,31.35,31.38,31.56,4812,1.52,47,2356,48.96
MAMATA,EQ,24-Aug-2026,420.35,424.55,428.25,416.1,419.5,417.5,421.31,37263,156.99,1600,16782,45.04
MANAKALUCO,EQ,24-Aug-2026,37.87,37.5,38.19,37.14,37.48,37.26,37.53,41273,15.49,619,27167,65.82
MANAKCOAT,EQ,24-Aug-2026,125.37,125.55,126.48,123.28,124.96,124.77,124.84,172571,215.44,2890,91820,53.21
MANAKSIA,EQ,24-Aug-2026,58.87,58.11,59.5,57.81,58.12,58.1,58.34,12999,7.58,259,10758,82.76
MANAKSTEEL,EQ,24-Aug-2026,85.46,85.44,88.88,85.44,87.0,87.38,87.65,62088,54.42,748,44423,71.55
MANALIPETC,EQ,24-Aug-2026,74.02,74.8,76.7,74.4,74.75,74.91,75.56,1129054,853.17,8386,472847,41.88
MANAPPURAM,EQ,24-Aug-2026,357.5,359.25,369.9,358.3,365.05,365.05,364.96,10508852,38353.15,70500,4312584,41.04
MANAV,SM,24-Aug-2026,29.8,31.25,31.25,31.25,31.25,31.25,31.25,4000,1.25,1,4000,100.00
MANBA,EQ,24-Aug-2026,130.9,130.99,132.05,128.5,129.4,129.08,130.17,80186,104.38,992,30278,37.76
MANBRO,EQ,24-Aug-2026,60.1,60.1,60.99,58.35,59.39,59.04,59.39,711424,422.49,1394,36960,5.20
MANCREDIT,EQ,24-Aug-2026,218.06,218.3,227.82,218.3,223.01,222.63,224.07,42990,96.33,1171,19026,44.26
MANDEEP,SM,24-Aug-2026,17.5,17.5,17.5,17.0,17.25,17.25,17.19,8000,1.38,4,8000,100.00
MANGALAM,EQ,24-Aug-2026,27.68,27.99,30.44,27.1,30.44,30.44,29.74,201839,60.02,830,160224,79.38
MANGLMCEM,EQ,24-Aug-2026,1027.95,1040.0,1084.95,1030.05,1048.75,1045.4,1058.54,398850,4222.0,16073,161274,40.43
MANILAM,SM,24-Aug-2026,47.0,46.0,46.0,46.0,46.0,46.0,46.0,2000,0.92,1,2000,100.00
MANINDS,EQ,24-Aug-2026,715.4,723.0,723.85,702.6,713.35,718.1,716.27,524849,3759.32,21260,210739,40.15
MANINFRA,EQ,24-Aug-2026,108.67,109.54,114.4,108.7,113.45,113.68,112.96,2234263,2523.88,12492,1052712,47.12
MANIPALHOS,EQ,24-Aug-2026,715.3,717.95,744.0,712.6,738.1,741.05,732.32,968144,7089.92,25323,374483,38.68
MANKIND,EQ,24-Aug-2026,2384.0,2385.0,2385.1,2367.1,2374.5,2374.5,2374.61,130471,3098.18,10673,64458,49.40
MANOMAY,EQ,24-Aug-2026,217.19,219.43,219.43,210.6,214.2,214.76,215.16,152927,329.04,941,51901,33.94
MANORAMA,EQ,24-Aug-2026,1927.3,1930.9,1945.9,1901.8,1901.8,1909.4,1923.05,168446,3239.29,13701,64172,38.10
MANORG,EQ,24-Aug-2026,470.75,474.5,494.25,470.35,473.1,480.5,490.06,34868,170.87,986,31161,89.37
MANUFGBEES,EQ,24-Aug-2026,165.93,165.93,166.46,165.15,165.15,166.23,165.82,8169,13.55,123,6622,81.06
MANUGRAPH,BE,24-Aug-2026,16.02,16.02,16.47,15.57,15.99,15.92,16.0,2215,0.35,19,-,-
MANYAVAR,EQ,24-Aug-2026,544.15,544.15,545.2,521.65,532.0,533.95,532.3,456413,2429.47,27955,206478,45.24
MAPMYINDIA,EQ,24-Aug-2026,983.9,992.7,1008.9,955.1,964.5,961.7,979.36,226299,2216.29,17065,87926,38.85
MARALOVER,EQ,24-Aug-2026,56.34,57.5,57.5,54.5,55.0,55.16,55.96,23742,13.29,207,15657,65.95
MARATHON,EQ,24-Aug-2026,352.35,364.0,422.8,361.6,422.8,422.8,417.25,3183615,13283.5,27515,505385,15.87
MARC,SM,24-Aug-2026,140.2,139.0,145.9,139.0,145.9,142.65,142.66,13200,18.83,10,12000,90.91
MARCO,SM,24-Aug-2026,32.5,32.5,33.5,32.2,33.5,33.5,32.94,7500,2.47,5,7500,100.00
MARICO,EQ,24-Aug-2026,849.25,846.25,850.0,842.4,846.1,846.1,846.42,836419,7079.6,41257,459066,54.88
MARINE,EQ,24-Aug-2026,375.65,380.15,386.7,375.65,383.5,382.9,381.7,556935,2125.83,17732,273801,49.16
MARKOLINES,EQ,24-Aug-2026,171.56,171.56,176.4,169.9,170.1,171.01,174.0,242735,422.37,2094,40343,16.62
MARKSANS,EQ,24-Aug-2026,321.3,322.6,325.5,317.9,323.25,323.9,321.7,1794290,5772.23,38420,637125,35.51
MARSONS,EQ,24-Aug-2026,119.56,120.0,124.98,119.51,120.51,120.97,122.42,1358438,1662.95,11089,564344,41.54
MARUSHIKA,SM,24-Aug-2026,111.0,111.0,111.0,109.0,109.0,109.0,110.0,2400,2.64,2,2400,100.00
MARUTI,EQ,24-Aug-2026,13565.0,13623.0,13694.0,13505.0,13620.0,13620.0,13559.44,230499,31254.38,41504,128346,55.68
MASFIN,EQ,24-Aug-2026,302.5,302.8,304.3,291.6,296.0,292.6,296.48,248725,737.42,13255,167240,67.24
MASKINVEST,EQ,24-Aug-2026,146.66,153.99,153.99,152.0,152.0,152.0,152.84,22,0.03,3,22,100.00
MASON,SM,24-Aug-2026,119.95,120.0,120.0,116.15,117.5,117.5,119.26,15000,17.89,23,12000,80.00
MASPTOP50,EQ,24-Aug-2026,80.43,79.6,79.6,79.6,79.6,79.6,79.6,72975,58.09,185,72975,100.00
MASTEK,EQ,24-Aug-2026,1705.2,1706.5,1741.9,1677.1,1680.0,1685.0,1705.5,96723,1649.61,16735,46289,47.86
MASTER,SM,24-Aug-2026,465.0,441.75,447.0,441.75,444.0,443.0,444.27,9500,42.21,15,7000,73.68
MASTERTR,EQ,24-Aug-2026,84.99,84.99,85.18,83.3,84.48,84.34,84.34,352346,297.18,2257,85687,24.32
MATRIMONY,EQ,24-Aug-2026,537.05,532.75,546.15,513.05,520.3,521.45,525.4,78065,410.15,3735,37942,48.60
MAWANASUG,EQ,24-Aug-2026,152.54,155.0,164.0,146.0,151.0,150.81,157.61,1676675,2642.6,27262,608387,36.29
MAXESTATES,EQ,24-Aug-2026,494.85,495.4,559.8,495.4,549.0,549.15,544.55,1964053,10695.26,45488,644413,32.81
MAXHEALTH,EQ,24-Aug-2026,1000.0,1004.0,1008.9,983.4,990.5,990.5,993.57,1997268,19844.17,57340,1181129,59.14
MAXIND,EQ,24-Aug-2026,150.1,148.86,157.4,148.86,153.0,154.37,154.39,292918,452.25,4721,157524,53.78
MAXPOSURE,SM,24-Aug-2026,30.15,30.1,30.5,30.1,30.5,30.5,30.37,3000,0.91,2,3000,100.00
MAXVOLT,SM,24-Aug-2026,325.5,321.0,339.0,321.0,334.0,337.25,329.85,43600,143.82,91,32400,74.31
MAYASHEEL,SM,24-Aug-2026,37.5,36.05,37.0,36.05,37.0,37.0,36.53,6000,2.19,2,6000,100.00
MAYURUNIQ,EQ,24-Aug-2026,757.1,750.0,778.35,750.0,774.5,770.05,769.57,91207,701.9,5446,45331,49.70
MAZDA,BE,24-Aug-2026,234.41,233.58,239.0,233.35,235.4,235.49,237.27,7532,17.87,144,-,-
MAZDOCK,EQ,24-Aug-2026,2552.0,2552.0,2572.6,2523.4,2540.0,2540.0,2544.17,375064,9542.26,20486,115145,30.70
MBAPL,EQ,24-Aug-2026,169.52,171.0,174.94,168.0,168.25,168.91,172.12,1403990,2416.56,17022,729032,51.93
MBEL,EQ,24-Aug-2026,273.75,277.95,280.0,271.05,274.0,272.7,274.09,117785,322.84,5448,50975,43.28
MBLINFRA,EQ,24-Aug-2026,23.6,23.43,24.78,22.75,23.85,23.37,23.87,43438,10.37,191,26157,60.22
MCCHRLS-B,EQ,24-Aug-2026,694.95,698.4,698.4,670.05,693.0,683.55,684.84,48,0.33,16,24,50.00
MCL,EQ,24-Aug-2026,58.23,59.0,59.59,58.1,58.85,58.66,58.66,40665,23.85,2289,15106,37.15
MCLEODRUSS,EQ,24-Aug-2026,49.31,49.8,51.75,48.48,49.7,49.91,50.15,354482,177.76,2267,189614,53.49
MCLOUD,EQ,24-Aug-2026,30.27,30.5,30.84,28.55,29.62,29.58,30.05,2275976,684.0,6354,877648,38.56
MCON,SM,24-Aug-2026,48.5,46.1,46.1,46.1,46.1,46.1,46.1,1000,0.46,1,1000,100.00
MCX,EQ,24-Aug-2026,3185.0,3200.0,3289.7,3180.1,3268.0,3268.0,3249.48,3395697,110342.6,154207,1328818,39.13
MDL,ST,24-Aug-2026,52.0,51.0,51.0,51.0,51.0,51.0,51.0,1000,0.51,1,1000,100.00
MEDANTA,EQ,24-Aug-2026,1409.7,1400.1,1411.1,1395.7,1409.9,1405.5,1404.81,92480,1299.16,13630,62609,67.70
MEDIASSIST,EQ,24-Aug-2026,360.75,362.0,365.95,355.25,356.5,357.05,359.41,318761,1145.67,13930,204584,64.18
MEDICAMEQ,EQ,24-Aug-2026,244.55,247.5,248.25,232.0,233.75,233.53,238.71,27367,65.33,1168,17480,63.87
MEDICAPQ,EQ,24-Aug-2026,25.2,26.58,26.58,25.11,26.17,25.48,25.92,872,0.23,24,597,68.46
MEDICO,EQ,24-Aug-2026,42.65,42.65,42.94,41.7,42.09,42.03,42.08,92788,39.04,1077,49792,53.66
MEDIORG,SM,24-Aug-2026,24.3,25.5,25.5,23.15,23.15,23.15,24.8,20000,4.96,9,16000,80.00
MEDISTEP,SM,24-Aug-2026,18.95,19.0,20.0,19.0,19.75,19.75,19.58,9000,1.76,3,9000,100.00
MEDPLUS,EQ,24-Aug-2026,689.55,685.1,689.35,667.0,676.1,676.6,674.4,206515,1392.73,10964,113084,54.76
MEESHO,EQ,24-Aug-2026,205.69,207.24,212.65,201.5,205.19,205.07,205.09,20563982,42174.64,114002,6443237,31.33
MEGASTAR,EQ,24-Aug-2026,305.7,304.5,313.9,304.5,313.9,309.25,306.83,2929,8.99,149,2680,91.50
MEGATHERM,SM,24-Aug-2026,218.05,219.0,222.0,216.45,220.0,220.0,220.05,17600,38.73,37,14400,81.82
MEIL,EQ,24-Aug-2026,259.55,266.8,267.95,258.1,260.0,261.05,262.14,37599,98.56,1815,20940,55.69
MENNPIS,EQ,24-Aug-2026,70.6,70.6,71.8,70.6,71.75,71.35,71.26,21314,15.19,514,13166,61.77
MENONBE,BE,24-Aug-2026,274.64,279.9,279.9,260.91,260.91,260.96,266.08,83439,222.02,1376,-,-
MEP,BZ,24-Aug-2026,0.67,0.68,0.68,0.68,0.68,0.68,0.68,207150,1.41,29,-,-
MERCANTILE,EQ,24-Aug-2026,24.05,26.44,26.44,24.22,24.22,24.77,25.16,3899,0.98,37,2572,65.97
MERCURYEV,EQ,24-Aug-2026,39.71,39.71,40.35,39.1,39.1,39.2,39.58,179137,70.9,1515,131523,73.42
METAL,EQ,24-Aug-2026,13.29,13.46,13.5,13.32,13.5,13.47,13.44,2963758,398.22,5241,2106829,71.09
METALIC,SM,24-Aug-2026,147.2,150.0,154.05,136.0,139.0,137.5,141.18,347200,490.16,201,225600,64.98
METALIETF,EQ,24-Aug-2026,13.23,13.23,13.5,12.0,13.49,13.46,13.41,15576160,2088.43,12869,9326855,59.88
METROBRAND,EQ,24-Aug-2026,912.5,910.4,924.0,907.0,908.0,909.9,917.07,71779,658.27,5158,61616,85.84
METROGLOBL,EQ,24-Aug-2026,140.98,141.0,146.9,140.25,144.0,143.28,142.85,3042,4.35,92,2373,78.01
METROPOLIS,EQ,24-Aug-2026,556.95,559.95,568.35,553.3,564.95,563.35,563.64,177591,1000.97,12234,89371,50.32
MFML,EQ,24-Aug-2026,19.22,19.87,19.87,18.31,18.6,18.93,18.95,682,0.13,54,359,52.64
MFSL,EQ,24-Aug-2026,1585.0,1585.0,1589.0,1562.8,1569.8,1569.8,1574.48,344712,5427.43,39486,164500,47.72
MGEL,BE,24-Aug-2026,14.73,15.06,15.06,14.36,14.79,14.5,14.61,152081,22.21,225,-,-
MGL,EQ,24-Aug-2026,1114.2,1115.4,1143.9,1115.4,1125.0,1127.7,1132.59,250960,2842.36,19943,128033,51.02
MGSL,SM,24-Aug-2026,91.0,95.0,95.9,85.35,85.35,85.35,88.7,12000,10.64,10,10800,90.00
MHHL,SM,24-Aug-2026,34.8,33.1,33.1,33.1,33.1,33.1,33.1,10500,3.48,6,10500,100.00
MHLXMIRU,BE,24-Aug-2026,188.99,191.0,192.5,188.0,189.0,189.18,190.39,4393,8.36,82,-,-
MHRIL,EQ,24-Aug-2026,221.79,222.2,225.65,220.0,222.49,221.05,222.71,62438,139.06,2200,32579,52.18
MICEL,BE,24-Aug-2026,36.24,36.24,36.76,36.0,36.35,36.15,36.28,137576,49.92,1063,-,-
MID150,EQ,24-Aug-2026,23.77,24.25,24.25,23.75,23.84,23.82,23.87,17264,4.12,242,13276,76.90
MID150BEES,EQ,24-Aug-2026,242.3,247.15,247.15,241.72,241.88,242.27,242.58,769633,1866.96,8049,580634,75.44
MID150CASE,EQ,24-Aug-2026,11.77,12.06,12.06,11.71,11.81,11.79,11.81,880725,104.02,4656,532271,60.44
MIDBANKADD,EQ,24-Aug-2026,17.65,17.62,17.62,17.46,17.46,17.47,17.5,6868,1.2,47,6542,95.25
MIDCAP,EQ,24-Aug-2026,18.71,18.72,18.88,18.7,18.78,18.72,18.76,291157,54.61,869,200781,68.96
MIDCAPADD,EQ,24-Aug-2026,23.42,23.51,23.59,23.42,23.49,23.49,23.48,7468,1.75,56,6461,86.52
MIDCAPBETA,EQ,24-Aug-2026,235.99,235.99,239.6,235.99,236.3,236.3,237.73,814,1.94,39,760,93.37
MIDCAPETF,EQ,24-Aug-2026,23.94,24.2,24.2,23.94,23.97,23.96,24.0,1243278,298.39,6370,922409,74.19
MIDCAPIETF,EQ,24-Aug-2026,24.26,24.26,24.65,24.15,24.22,24.18,24.27,1073629,260.52,3172,708562,66.00
MIDHANI,EQ,24-Aug-2026,423.95,424.45,428.55,416.8,417.15,418.1,421.91,411897,1737.82,12631,194614,47.25
MIDQ50ADD,EQ,24-Aug-2026,25.52,25.49,25.6,25.41,25.41,25.42,25.5,30244,7.71,136,26492,87.59
MIDSELIETF,EQ,24-Aug-2026,20.03,20.03,20.15,19.96,20.01,19.98,20.02,352903,70.64,838,285402,80.87
MIDSMALL,EQ,24-Aug-2026,52.29,52.29,52.55,52.15,52.29,52.28,52.39,208001,108.96,849,134117,64.48
MIDWESTLTD,EQ,24-Aug-2026,1141.0,1138.4,1160.0,1136.2,1145.0,1152.6,1151.04,9976,114.83,844,4762,47.73
MIEL,SM,24-Aug-2026,12.1,12.4,12.4,12.4,12.4,12.4,12.4,2000,0.25,1,2000,100.00
MIIL,EQ,24-Aug-2026,704.6,710.0,715.95,703.0,707.95,707.8,710.29,83992,596.58,1202,22630,26.94
MILKYMIST,EQ,24-Aug-2026,189.22,191.0,199.1,186.23,199.0,196.66,194.48,19647276,38210.99,138199,5378734,27.38
MILTON,SM,24-Aug-2026,40.5,40.0,40.5,40.0,40.5,40.15,40.14,24200,9.71,3,24200,100.00
MINALIND,EQ,24-Aug-2026,3.18,3.4,3.49,3.4,3.49,3.49,3.47,221245,7.68,167,167187,75.57
MINDACORP,EQ,24-Aug-2026,727.85,733.85,738.0,717.0,721.0,719.95,724.25,194129,1405.98,10911,95866,49.38
MINDSPACE,RR,24-Aug-2026,494.98,498.4,499.8,495.0,496.91,496.75,497.81,180767,899.88,5722,153431,84.88
MINDTECK,EQ,24-Aug-2026,171.27,171.27,174.79,168.25,168.3,169.08,170.92,32050,54.78,963,19149,59.75
MIRZAINT,EQ,24-Aug-2026,31.3,31.11,31.64,31.0,31.19,31.36,31.34,135526,42.48,1525,71251,52.57
MITCON,BE,24-Aug-2026,79.49,80.0,80.0,75.56,79.88,79.86,78.81,3367,2.65,22,-,-
MITTAL,EQ,24-Aug-2026,0.88,0.89,0.91,0.87,0.9,0.88,0.89,1040353,9.26,473,840533,80.79
MKEXIM,EQ,24-Aug-2026,57.24,57.24,61.0,56.55,61.0,60.11,57.79,11607,6.71,121,11491,99.00
MKPL,EQ,24-Aug-2026,4.13,4.17,4.18,4.12,4.17,4.16,4.16,63634,2.65,379,54139,85.08
MLKFOOD,EQ,24-Aug-2026,90.2,91.8,93.0,88.0,90.06,91.88,91.06,23270,21.19,489,20074,86.27
MMFL,EQ,24-Aug-2026,652.6,655.85,660.0,630.25,639.95,635.8,643.78,101549,653.76,5860,52890,52.08
MMP,EQ,24-Aug-2026,401.9,405.4,412.6,383.25,396.45,394.1,392.53,86114,338.03,3027,50054,58.13
MMTC,EQ,24-Aug-2026,65.38,64.94,65.53,64.4,64.4,64.61,64.87,1292281,838.31,9959,520431,40.27
MMWL,EQ,24-Aug-2026,14.75,15.47,15.48,15.0,15.11,15.42,15.42,19835,3.06,177,17010,85.76
MNC,EQ,24-Aug-2026,34.09,34.09,34.5,34.0,34.1,34.21,34.15,56705,19.37,381,45995,81.11
MOALPHA50,EQ,24-Aug-2026,56.23,55.11,56.72,55.11,56.1,56.39,56.48,2601,1.47,62,2456,94.43
MOBANK10,EQ,24-Aug-2026,16.99,17.28,17.28,16.84,16.88,16.94,16.95,5661,0.96,104,4851,85.69
MOBIKWIK,EQ,24-Aug-2026,196.81,198.0,199.0,194.11,194.5,195.24,196.66,616047,1211.49,6954,221936,36.03
MOBILISE,SM,24-Aug-2026,105.25,100.05,105.0,100.05,105.0,105.0,102.95,52800,54.36,10,51200,96.97
MOCAPITAL,EQ,24-Aug-2026,54.44,54.49,55.19,54.45,54.91,54.9,54.95,911469,500.87,2895,610828,67.02
MODEFENCE,EQ,24-Aug-2026,108.1,109.04,109.18,106.67,107.0,107.03,107.22,1131690,1213.41,10119,769263,67.97
MODINATUR,BE,24-Aug-2026,336.95,337.7,353.75,330.1,353.75,353.75,352.84,11169,39.41,133,-,-
MODIRUBBER,EQ,24-Aug-2026,134.24,137.5,141.65,124.24,132.8,129.37,136.58,23079,31.52,516,13164,57.04
MODIS,EQ,24-Aug-2026,383.15,386.95,386.95,378.0,380.0,379.25,380.72,23095,87.93,835,12780,55.34
MODISONLTD,BE,24-Aug-2026,387.15,394.85,402.3,373.0,397.0,396.8,390.33,143077,558.47,1293,-,-
MODTHREAD,EQ,24-Aug-2026,58.31,58.31,60.11,51.51,55.96,54.21,57.21,15587,8.92,400,9595,61.56
MOENERGY,EQ,24-Aug-2026,38.36,38.65,38.66,38.36,38.4,38.38,38.52,115892,44.64,768,80378,69.36
MOGOLD,EQ,24-Aug-2026,157.05,158.1,161.0,158.1,159.3,159.1,159.12,60732,96.63,843,30869,50.83
MOGSEC,EQ,24-Aug-2026,65.34,65.34,66.0,65.3,65.45,65.36,65.6,3302,2.17,67,3014,91.28
MOHEALTH,EQ,24-Aug-2026,51.4,50.75,51.79,50.75,51.13,51.24,51.32,46919,24.08,617,30980,66.03
MOHITE,EQ,24-Aug-2026,2.52,2.76,2.76,2.44,2.55,2.51,2.5,51633,1.29,100,43032,83.34
MOHITIND,EQ,24-Aug-2026,24.04,24.45,24.45,23.05,23.8,23.16,23.52,8159,1.92,88,6909,84.68
MOIL,EQ,24-Aug-2026,252.85,253.25,258.7,252.7,255.5,255.4,255.96,850456,2176.81,17583,356671,41.94
MOINFRA,EQ,24-Aug-2026,59.6,59.72,59.74,59.12,59.47,59.44,59.39,11521,6.84,127,10648,92.42
MOIPO,EQ,24-Aug-2026,49.08,49.08,50.27,48.77,49.08,48.84,49.01,5174,2.54,48,3340,64.55
MOKSH,EQ,24-Aug-2026,10.58,10.78,10.78,10.3,10.3,10.34,10.52,120217,12.65,272,101434,84.38
MOL,EQ,24-Aug-2026,60.26,60.49,65.35,60.49,64.6,64.43,64.02,4282008,2741.24,24202,1583807,36.99
MOLBIO,EQ,24-Aug-2026,1098.45,1125.0,1219.95,1125.0,1213.0,1199.3,1163.78,4088878,47585.36,157550,651271,15.93
MOLDTECH,BE,24-Aug-2026,190.0,195.0,196.6,190.1,194.0,193.62,193.86,131302,254.54,1022,-,-
MOLDTKPAC,EQ,24-Aug-2026,708.95,720.95,732.0,709.0,716.3,716.25,719.44,118750,854.34,7387,73690,62.05
MOLOWVOL,EQ,24-Aug-2026,36.81,35.88,36.85,35.88,36.85,36.74,36.57,106053,38.78,78,96262,90.77
MOM100,EQ,24-Aug-2026,68.81,69.5,69.95,68.75,68.92,68.86,69.0,172904,119.3,2515,105564,61.05
MOM30IETF,EQ,24-Aug-2026,31.44,31.73,31.74,31.46,31.7,31.56,31.6,690886,218.35,1693,499829,72.35
MOM50,EQ,24-Aug-2026,253.33,253.33,255.14,252.14,252.14,252.6,253.72,3772,9.57,123,2042,54.14
MOMENTUM,EQ,24-Aug-2026,31.21,31.46,31.59,31.16,31.22,31.29,31.47,87007,27.39,221,82258,94.54
MOMENTUM30,EQ,24-Aug-2026,30.96,31.39,31.39,30.9,31.0,30.97,31.1,151288,47.05,108,145152,95.94
MOMENTUM50,EQ,24-Aug-2026,54.21,54.09,55.44,54.08,54.28,54.36,54.44,345062,187.86,1731,198552,57.54
MOMETAL,EQ,24-Aug-2026,13.19,13.32,13.37,13.28,13.36,13.36,13.35,29528,3.94,39,27610,93.50
MOMGF,EQ,24-Aug-2026,165.19,164.88,165.19,164.06,164.18,164.18,164.48,455,0.75,21,298,65.49
MOMIDMTM,EQ,24-Aug-2026,64.74,64.42,65.15,64.42,64.86,64.96,64.99,53635,34.86,267,40546,75.60
MOMMIDCAP,EQ,24-Aug-2026,13.08,13.15,13.15,13.08,13.14,13.11,13.12,1338594,175.57,666,1316475,98.35
MOMNC,EQ,24-Aug-2026,33.26,33.2,33.25,33.0,33.16,33.16,33.03,1133,0.37,22,1032,91.09
MOMOMENTUM,EQ,24-Aug-2026,62.4,62.71,63.08,62.51,62.54,62.57,62.83,71183,44.72,448,49819,69.99
MON100,EQ,24-Aug-2026,330.51,327.98,327.98,327.98,327.98,327.98,327.98,446203,1463.46,1159,371166,83.18
MON50EQUAL,EQ,24-Aug-2026,33.64,33.71,35.5,33.5,33.68,33.92,33.62,2513,0.84,59,2448,97.41
MONARCH,EQ,24-Aug-2026,385.45,387.0,393.0,384.1,385.8,384.8,385.73,63180,243.7,1162,49257,77.96
MONEXT50,EQ,24-Aug-2026,73.98,73.98,74.17,73.62,74.17,74.16,74.03,2882,2.13,76,2872,99.65
MONEYBOXX,EQ,24-Aug-2026,55.15,56.47,57.48,55.11,56.0,56.0,56.15,24294,13.64,131,23364,96.17
MONIFTY100,EQ,24-Aug-2026,25.51,25.84,25.84,25.45,25.54,25.54,25.58,32710,8.37,63,31355,95.86
MONIFTY500,EQ,24-Aug-2026,23.93,23.46,24.13,23.46,24.05,24.02,24.06,584092,140.55,1591,381699,65.35
MONOLITH,SM,24-Aug-2026,999.4,1006.9,1070.0,1006.9,1060.0,1058.9,1039.81,61500,639.48,216,48750,79.27
MONOPHARMA,SM,24-Aug-2026,8.45,8.85,8.85,8.45,8.8,8.75,8.65,14000,1.21,7,10000,71.43
MONQ50,EQ,24-Aug-2026,148.77,146.46,146.46,146.46,146.46,146.46,146.46,25139,36.82,163,24968,99.32
MONTECARLO,EQ,24-Aug-2026,547.85,553.0,569.0,545.0,549.95,550.05,557.33,124750,695.27,5696,70912,56.84
MOOILGAS,EQ,24-Aug-2026,11.12,11.25,11.3,11.15,11.24,11.21,11.23,6375,0.72,65,6327,99.25
MOPSE,EQ,24-Aug-2026,99.34,99.87,104.0,99.31,99.84,101.86,99.37,2580,2.56,26,2242,86.90
MOQUALITY,EQ,24-Aug-2026,203.56,203.65,203.68,202.17,203.32,202.28,203.33,3778,7.68,40,3604,95.39
MORARJEE,BZ,24-Aug-2026,10.19,10.19,10.19,9.69,10.19,10.18,9.77,3420,0.33,23,-,-
MOREALTY,EQ,24-Aug-2026,91.21,91.66,92.05,91.15,91.25,91.54,91.58,607326,556.19,1806,407069,67.03
MOREPENLAB,EQ,24-Aug-2026,96.01,96.0,98.28,94.0,94.7,95.22,95.91,16686161,16002.89,52622,4567057,27.37
MOS,ST,24-Aug-2026,11.85,11.45,12.05,11.3,11.3,11.45,11.56,496000,57.35,47,480000,96.77
MOSCHIP,EQ,24-Aug-2026,204.89,204.92,209.19,204.92,205.56,205.84,206.79,1055304,2182.22,12117,412881,39.12
MOSERVICE,EQ,24-Aug-2026,31.18,31.33,31.33,30.93,31.18,31.1,31.13,13726,4.27,49,13705,99.85
MOSILVER,EQ,24-Aug-2026,240.01,240.48,241.28,238.57,239.63,239.49,239.63,75424,180.74,1380,25723,34.10
MOSMALL250,EQ,24-Aug-2026,18.49,18.58,18.64,18.42,18.52,18.46,18.53,925454,171.46,2517,618953,66.88
MOTHERSON,EQ,24-Aug-2026,169.38,169.0,169.14,166.71,169.0,169.0,168.07,5225140,8782.0,60637,2861881,54.77
MOTILALOFS,EQ,24-Aug-2026,990.0,990.0,1015.0,988.3,990.0,990.0,1002.02,1108082,11103.17,28612,542308,48.94
MOTISONS,EQ,24-Aug-2026,17.0,17.46,17.7,16.13,16.46,16.46,17.06,101114598,17248.81,82911,17777847,17.58
MOTOGENFIN,BE,24-Aug-2026,25.77,25.55,26.0,25.5,26.0,25.95,25.74,4645,1.2,36,-,-
MOTOUR,EQ,24-Aug-2026,79.3,79.81,80.09,79.22,79.73,79.33,79.6,32916,26.2,146,29729,90.32
MOVALUE,EQ,24-Aug-2026,112.88,112.4,113.91,111.75,113.1,113.07,113.14,95890,108.49,1126,63460,66.18
MPDL,EQ,24-Aug-2026,41.18,45.2,45.29,38.12,38.12,41.59,44.83,47605,21.34,471,22753,47.80
MPEL,ST,24-Aug-2026,34.0,34.85,34.85,33.5,33.5,33.5,33.95,4800,1.63,3,4800,100.00
MPHASIS,EQ,24-Aug-2026,2430.0,2430.0,2461.8,2418.0,2427.0,2427.0,2436.14,188790,4599.19,18255,80215,42.49
MPSLTD,EQ,24-Aug-2026,2897.9,2870.0,2903.9,2705.9,2732.0,2734.8,2787.14,42618,1187.82,6851,27465,64.44
MPTODAY,SM,24-Aug-2026,46.0,43.7,43.7,43.7,43.7,43.7,43.7,2000,0.87,1,2000,100.00
MRF,EQ,24-Aug-2026,132665.0,132800.0,135755.0,132665.0,134300.0,134365.0,134454.18,5313,7143.55,3612,2451,46.13
MRIL,ST,24-Aug-2026,65.8,64.7,64.7,62.8,62.8,62.8,64.13,6400,4.1,3,6400,100.00
MRPL,EQ,24-Aug-2026,176.81,176.8,178.3,173.1,173.9,173.84,176.0,5230416,9205.43,32400,1290697,24.68
MSCI360,EQ,24-Aug-2026,10.39,10.26,12.24,10.2,11.49,11.59,10.98,46719,5.13,51,23653,50.63
MSCIADD,EQ,24-Aug-2026,29.89,29.89,30.0,29.71,29.94,29.96,29.74,15914,4.73,45,15036,94.48
MSCIINDIA,EQ,24-Aug-2026,30.16,30.28,30.28,29.79,29.93,29.96,30.08,12574,3.78,117,8716,69.32
MSL,EQ,24-Aug-2026,141.0,141.0,160.0,136.77,155.0,153.07,144.01,564,0.81,23,490,86.88
MSPL,EQ,24-Aug-2026,34.3,34.3,34.65,33.51,33.82,33.78,33.93,770498,261.41,2368,600969,78.00
MSTCLTD,EQ,24-Aug-2026,701.45,695.05,742.0,695.0,730.1,730.6,728.99,907867,6618.28,27208,449538,49.52
MSUMI,EQ,24-Aug-2026,38.36,38.66,38.7,37.65,37.75,37.75,37.87,12122461,4590.98,66832,6771648,55.86
MTARTECH,BE,24-Aug-2026,7029.5,6962.5,7029.5,6798.0,6800.0,6812.0,6860.43,73389,5034.8,18109,-,-
MTEDUCARE,BE,24-Aug-2026,1.82,1.73,1.87,1.73,1.83,1.83,1.77,28856,0.51,75,-,-
MTNL,EQ,24-Aug-2026,26.82,26.8,27.16,26.34,26.51,26.46,26.67,482430,128.66,3516,239313,49.61
MUFIN,EQ,24-Aug-2026,139.49,139.95,140.98,138.0,138.05,138.61,139.4,1311023,1827.59,6175,251120,19.15
MUFTI,EQ,24-Aug-2026,76.85,77.0,78.09,76.12,76.72,76.4,76.95,75797,58.33,816,57060,75.28
MUKANDLTD,EQ,24-Aug-2026,137.21,136.45,137.05,134.55,135.5,135.68,135.61,63564,86.2,1603,37226,58.56
MUKESHB,EQ,24-Aug-2026,144.5,138.0,138.0,138.0,138.0,138.0,138.0,12,0.02,2,12,100.00
MUKKA,EQ,24-Aug-2026,26.59,26.59,27.0,25.7,25.9,25.8,26.13,303815,79.4,2063,152200,50.10
MUKTAARTS,BE,24-Aug-2026,56.08,58.0,58.0,56.7,57.0,56.94,57.17,605,0.35,10,-,-
MULTICAP,EQ,24-Aug-2026,16.9,17.09,17.09,16.85,16.87,16.88,16.93,279324,47.3,658,156941,56.19
MUNISH,SM,24-Aug-2026,74.05,75.1,82.5,75.0,76.5,76.25,78.21,24000,18.77,19,18000,75.00
MUNJALAU,EQ,24-Aug-2026,115.35,116.65,116.95,111.2,111.2,112.14,113.9,670527,763.71,7465,284439,42.42
MUNJALSHOW,EQ,24-Aug-2026,131.02,131.96,135.09,131.0,131.5,131.78,132.53,56099,74.35,1294,24894,44.38
MURUDCERA,EQ,24-Aug-2026,30.47,30.47,30.8,29.81,30.48,30.48,30.34,18786,5.7,192,16455,87.59
MUTHOOTCAP,EQ,24-Aug-2026,251.94,251.94,258.65,247.01,248.0,248.41,250.26,10440,26.13,325,6936,66.44
MUTHOOTFIN,EQ,24-Aug-2026,3022.0,3056.0,3209.0,3049.8,3209.0,3209.0,3164.44,3268593,103432.67,133833,1117308,34.18
MUTHOOTMF,EQ,24-Aug-2026,210.87,210.5,214.47,210.0,212.0,211.33,212.46,179736,381.87,3394,95079,52.90
MVELECTRO,EQ,24-Aug-2026,591.15,592.95,601.9,574.25,579.0,578.95,587.71,650831,3824.97,19905,201816,31.01
MVGJL,EQ,24-Aug-2026,149.6,150.9,153.5,148.0,150.7,151.59,150.97,61385,92.67,2308,28716,46.78
MVKAGRO,SM,24-Aug-2026,177.3,168.45,168.45,168.45,168.45,168.45,168.45,14400,24.26,27,14400,100.00
MWL,EQ,24-Aug-2026,41.44,41.05,41.51,39.05,41.34,40.79,40.9,350422,143.34,1007,200561,57.23
MYMUDRA,SM,24-Aug-2026,76.65,77.5,77.5,72.55,73.95,73.95,74.13,34800,25.8,19,26400,75.86
MYSORPETRO,EQ,24-Aug-2026,166.11,165.0,165.0,150.6,153.5,153.53,156.23,49408,77.19,1543,18909,38.27
NACLIND,EQ,24-Aug-2026,169.97,170.0,178.0,169.97,176.0,176.02,174.36,547945,955.39,8644,187428,34.21
NAGAFERT,BZ,24-Aug-2026,2.26,2.15,2.16,2.15,2.15,2.15,2.15,1159982,24.94,905,-,-
NAGREEKCAP,EQ,24-Aug-2026,22.7,22.75,23.47,22.0,23.3,23.18,22.72,962,0.22,46,702,72.97
NAGREEKEXP,EQ,24-Aug-2026,22.41,22.26,22.79,21.4,22.71,22.57,22.3,19428,4.33,263,8090,41.64
NAHARCAP,EQ,24-Aug-2026,255.09,258.5,261.0,256.0,259.0,257.22,259.05,4294,11.12,82,2287,53.26
NAHARINDUS,EQ,24-Aug-2026,125.61,127.35,150.73,125.8,150.73,147.6,141.91,572817,812.91,5590,374135,65.31
NAHARPOLY,EQ,24-Aug-2026,238.75,248.9,248.9,239.2,243.5,244.85,243.89,10317,25.16,419,6764,65.56
NAHARSPING,EQ,24-Aug-2026,299.8,304.9,305.05,293.55,297.2,299.0,296.86,94839,281.53,1850,57830,60.98
NAM-INDIA,EQ,24-Aug-2026,1251.0,1254.0,1269.5,1242.8,1247.8,1247.8,1257.73,862877,10852.66,25137,305540,35.41
NAMAN,SM,24-Aug-2026,44.0,42.05,42.1,42.05,42.1,42.1,42.08,4800,2.02,5,4800,100.00
NAMOEWASTE,ST,24-Aug-2026,280.25,280.0,282.0,276.05,277.1,277.1,279.32,25600,71.51,28,19200,75.00
NARMADA,EQ,24-Aug-2026,13.91,13.76,14.59,13.34,14.5,14.5,14.16,1369681,193.98,3752,427042,31.18
NATCAPSUQ,EQ,24-Aug-2026,151.88,156.0,165.1,153.82,165.01,164.68,161.11,44256,71.3,1220,32468,73.36
NATCOPHARM,EQ,24-Aug-2026,882.4,884.0,892.35,877.5,881.0,884.05,885.04,317429,2809.38,25313,129450,40.78
NATHBIOGEN,EQ,24-Aug-2026,153.09,156.8,159.12,153.0,153.64,154.63,156.11,15673,24.47,791,9221,58.83
NATIONALUM,EQ,24-Aug-2026,394.45,398.45,405.0,397.5,403.3,403.3,402.0,7285035,29285.95,80206,2817047,38.67
NATIONSTD,EQ,24-Aug-2026,126.98,131.97,131.97,120.64,120.64,120.64,121.49,112279,136.41,1139,87315,77.77
NAUKRI,EQ,24-Aug-2026,1350.1,1348.0,1360.0,1336.7,1349.0,1349.0,1345.93,1123288,15118.66,37004,748949,66.67
NAVA,EQ,24-Aug-2026,558.95,559.2,583.25,558.45,569.95,567.0,572.78,564033,3230.67,19357,254342,45.09
NAVINFLUOR,EQ,24-Aug-2026,8206.5,8247.5,8338.0,8150.0,8161.0,8187.0,8239.48,93145,7674.66,17555,42620,45.76
NAVKARCORP,EQ,24-Aug-2026,97.04,97.41,99.0,96.8,97.5,97.41,97.75,226699,221.61,2344,113943,50.26
NAVKARURB,BE,24-Aug-2026,0.97,0.98,0.98,0.96,0.97,0.96,0.97,286108,2.78,335,-,-
NAVNETEDUL,EQ,24-Aug-2026,133.62,133.62,135.0,132.98,133.22,133.58,133.65,129396,172.93,2138,93971,72.62
NAZARA,EQ,24-Aug-2026,354.35,354.55,359.0,347.0,347.75,347.95,353.18,990995,3499.96,12220,540919,54.58
NBCC,EQ,24-Aug-2026,88.88,89.0,90.29,88.24,88.58,88.58,89.1,5530404,4927.59,21430,2072667,37.48
NBIFIN,EQ,24-Aug-2026,1964.9,1960.0,2010.5,1955.0,1962.6,1988.0,1978.63,291,5.76,50,219,75.26
NCC,EQ,24-Aug-2026,149.56,150.0,153.86,146.8,147.58,147.35,150.09,4867292,7305.5,39270,1915701,39.36
NCLIND,EQ,24-Aug-2026,174.0,174.0,175.35,172.0,172.55,173.38,173.42,235740,408.83,2908,213908,90.74
NDGL,EQ,24-Aug-2026,2726.0,2712.4,2780.0,2698.7,2710.0,2710.1,2728.39,35,0.95,21,27,77.14
NDL,EQ,24-Aug-2026,2.71,2.89,3.19,2.86,3.07,3.04,3.04,15635199,475.18,8021,8813342,56.37
NDLVENTURE,EQ,24-Aug-2026,119.04,115.7,123.3,115.7,123.0,123.01,121.46,12831,15.58,281,10044,78.28
NDRAUTO,EQ,24-Aug-2026,756.1,751.0,761.0,738.0,739.0,743.35,748.32,21919,164.03,1757,12799,58.39
NDTV,EQ,24-Aug-2026,75.49,76.49,76.49,74.8,75.5,75.14,75.65,70067,53.0,804,31924,45.56
NECCLTD,BE,24-Aug-2026,15.8,15.8,16.59,15.8,16.59,16.59,16.53,163187,26.97,229,-,-
NECLIFE,EQ,24-Aug-2026,10.47,10.59,10.84,10.48,10.8,10.72,10.7,164365,17.59,433,142247,86.54
NEELAM,SM,24-Aug-2026,8.0,7.75,7.75,7.75,7.75,7.75,7.75,6000,0.47,1,6000,100.00
NELCAST,EQ,24-Aug-2026,117.81,117.81,118.0,115.8,116.13,116.17,116.74,61726,72.06,964,37125,60.14
NELCO,EQ,24-Aug-2026,906.7,910.0,928.8,900.1,912.4,915.3,917.4,254207,2332.08,11121,89146,35.07
NEOCHEM,ST,24-Aug-2026,96.0,93.5,93.5,93.0,93.0,93.0,93.25,2400,2.24,2,2400,100.00
NEOGEN,EQ,24-Aug-2026,2230.1,2244.8,2259.0,2121.0,2125.5,2132.6,2181.68,212443,4634.82,27689,114079,53.70
NEPHROCARE,SM,24-Aug-2026,89.5,90.5,93.0,90.5,91.5,91.5,91.42,38000,34.74,56,28400,74.74
NEPHROPLUS,EQ,24-Aug-2026,694.1,697.05,709.5,685.0,686.0,687.25,698.18,199297,1391.45,12354,122078,61.25
NEPTUNE,SM,24-Aug-2026,179.05,180.0,180.0,177.0,180.0,179.95,178.02,19500,34.71,8,19500,100.00
NESCO,EQ,24-Aug-2026,1035.8,1028.1,1048.0,1028.1,1031.2,1035.8,1039.18,37102,385.56,2885,19907,53.65
NESTLEIND,EQ,24-Aug-2026,1477.1,1478.7,1483.4,1457.1,1471.3,1471.3,1463.74,1465156,21446.03,48252,978159,66.76
NETF,EQ,24-Aug-2026,264.35,267.0,267.0,262.49,262.49,262.64,263.43,4334,11.42,217,3245,74.87
NETWEB,EQ,24-Aug-2026,5601.0,5600.0,5813.0,5408.5,5435.0,5454.5,5584.74,2703933,151007.72,217372,429929,15.90
NETWORK18,EQ,24-Aug-2026,29.86,30.0,31.68,29.93,30.5,30.34,30.8,7865189,2422.77,18175,2545587,32.37
NEUEON,BE,24-Aug-2026,15.24,15.24,15.24,14.48,14.48,14.52,14.77,40327,5.96,124,-,-
NEULANDLAB,EQ,24-Aug-2026,23301.0,23399.0,23399.0,22834.0,22901.0,22905.0,23038.59,31931,7356.45,9789,14248,44.62
NEWGEN,EQ,24-Aug-2026,522.7,523.3,546.7,523.3,530.5,528.4,537.51,1232949,6627.24,36821,284733,23.09
NEWJAISA,ST,24-Aug-2026,16.75,16.95,16.95,16.95,16.95,16.95,16.95,1500,0.25,1,1500,100.00
NEXT30ADD,EQ,24-Aug-2026,44.76,44.57,45.0,42.75,43.52,43.4,43.45,47658,20.71,415,36897,77.42
NEXT50,EQ,24-Aug-2026,763.78,767.6,767.6,761.34,763.98,763.32,763.42,15141,115.59,1068,7777,51.36
NEXT50ADD,EQ,24-Aug-2026,74.33,74.26,74.55,74.2,74.35,74.35,74.4,4245,3.16,52,2560,60.31
NEXT50BETA,EQ,24-Aug-2026,79.65,79.72,80.1,79.65,80.0,79.86,79.9,161167,128.78,668,126576,78.54
NEXT50ETF,EQ,24-Aug-2026,74.61,74.98,74.98,74.35,74.8,74.58,74.51,10696,7.97,113,9427,88.14
NEXT50IETF,EQ,24-Aug-2026,78.11,78.68,78.68,78.0,78.07,78.05,78.1,505937,395.12,5865,348596,68.90
NEXTMEDIA,EQ,24-Aug-2026,3.91,3.91,3.95,3.7,3.95,3.81,3.8,14711,0.56,73,12505,85.00
NFL,EQ,24-Aug-2026,70.3,70.37,71.47,70.37,70.75,70.79,70.99,628844,446.44,3622,239805,38.13
NFPSAMPOOR,SM,24-Aug-2026,22.6,23.45,23.45,23.1,23.1,23.1,23.29,10000,2.33,5,8000,80.00
NGIL,EQ,24-Aug-2026,39.95,39.99,40.99,39.0,39.97,39.25,39.61,9372,3.71,89,8441,90.07
NGLFINE,EQ,24-Aug-2026,2947.7,2950.0,3022.0,2850.0,2878.6,2864.3,2902.95,12551,364.35,3009,6884,54.85
NH,EQ,24-Aug-2026,1815.8,1840.0,1876.0,1824.8,1864.0,1859.8,1859.86,633649,11785.01,48654,352385,55.61
NHIT,IV,24-Aug-2026,174.0,172.9,172.9,172.9,172.9,172.9,172.9,25000,43.23,1,25000,100.00
NHPC,EQ,24-Aug-2026,76.15,76.35,76.65,75.55,76.65,76.65,76.14,6647840,5061.86,23993,3233895,48.65
NIACL,EQ,24-Aug-2026,184.13,184.0,185.98,183.3,183.9,184.08,184.53,607918,1121.77,9477,179064,29.46
NIBE,EQ,24-Aug-2026,1490.8,1496.5,1497.0,1435.0,1438.5,1438.0,1452.0,64355,934.43,5294,41463,64.43
NIBL,EQ,24-Aug-2026,31.08,31.7,33.0,31.0,31.5,31.31,31.76,18767,5.96,167,10777,57.43
NICCOPAR,EQ,24-Aug-2026,79.99,79.99,84.9,78.01,81.0,81.17,80.89,3251,2.63,80,2979,91.63
NIDAN,SM,24-Aug-2026,13.35,13.1,15.0,13.1,15.0,14.6,14.14,25000,3.54,13,24000,96.00
NIF100BEES,EQ,24-Aug-2026,269.9,269.9,270.37,268.34,269.98,269.24,269.39,30706,82.72,638,23247,75.71
NIF100IETF,EQ,24-Aug-2026,28.32,28.29,28.55,28.24,28.44,28.31,28.33,56251,15.93,2630,32635,58.02
NIFTY1,EQ,24-Aug-2026,269.65,272.35,276.7,268.5,268.5,268.92,269.14,261081,702.66,2192,205371,78.66
NIFTY100EW,EQ,24-Aug-2026,35.53,36.24,36.24,35.3,35.66,35.35,35.59,335674,119.48,201,306246,91.23
NIFTYADD,EQ,24-Aug-2026,255.55,256.49,256.63,254.35,254.86,254.91,255.28,3568,9.11,155,2402,67.32
NIFTYAXIS,EQ,24-Aug-2026,268.56,272.5,272.5,264.6,267.44,267.71,268.65,4239,11.39,194,1918,45.25
NIFTYBEES,EQ,24-Aug-2026,276.76,276.76,277.99,275.54,275.9,275.87,276.35,3606105,9965.57,47060,2185427,60.60
NIFTYBETA,EQ,24-Aug-2026,268.85,267.0,269.86,267.0,268.9,268.67,268.89,29058,78.13,439,19190,66.04
NIFTYBETF,EQ,24-Aug-2026,250.09,250.7,250.74,248.32,249.0,249.18,249.9,1045,2.61,114,507,48.52
NIFTYCASE,EQ,24-Aug-2026,9.73,9.97,9.97,9.7,9.73,9.71,9.74,396201,38.58,1893,344693,87.00
NIFTYETF,EQ,24-Aug-2026,264.18,265.16,265.17,263.02,264.0,263.49,263.89,366727,967.77,1035,297939,81.24
NIFTYIETF,EQ,24-Aug-2026,275.34,275.35,276.0,274.14,274.7,274.71,274.64,475200,1305.1,20702,388568,81.77
NIFTYJBLK,EQ,24-Aug-2026,12.46,12.52,12.52,12.39,12.42,12.4,12.44,153013,19.03,663,139752,91.33
NIFTYQLITY,EQ,24-Aug-2026,21.6,21.6,21.88,21.23,21.52,21.61,21.62,25421,5.5,225,23445,92.23
NIITLTD,EQ,24-Aug-2026,93.62,93.75,99.95,93.43,99.2,99.1,97.77,1171377,1145.24,9254,596415,50.92
NIITMTS,EQ,24-Aug-2026,228.8,230.45,232.3,225.0,225.11,225.74,227.3,74077,168.38,3501,42242,57.02
NIKITA,SM,24-Aug-2026,76.0,78.8,78.8,76.0,76.0,76.0,77.27,3600,2.78,3,3600,100.00
NILAINFRA,EQ,24-Aug-2026,6.98,7.08,7.19,6.9,6.99,6.94,6.99,230304,16.11,555,181728,78.91
NILASPACES,EQ,24-Aug-2026,13.08,13.45,13.74,12.46,12.99,12.75,12.92,4295767,555.19,6505,1983557,46.17
NILE,EQ,24-Aug-2026,1516.4,1520.0,1560.1,1469.9,1481.0,1480.4,1511.92,8964,135.53,909,6354,70.88
NILKAMAL,EQ,24-Aug-2026,2053.6,2069.0,2088.0,2010.2,2013.0,2026.4,2057.28,47924,985.93,5734,15294,31.91
NIMBSPROJ,EQ,24-Aug-2026,176.0,177.0,177.0,167.5,174.47,174.45,171.91,88115,151.48,156,12484,14.17
NINSYS,EQ,24-Aug-2026,715.2,747.0,747.0,707.55,713.45,717.2,724.66,2000,14.49,181,1309,65.45
NIPPOBATRY,EQ,24-Aug-2026,329.25,327.75,338.45,327.75,329.0,329.75,332.21,1175,3.9,86,856,72.85
NIRAJ,EQ,24-Aug-2026,27.92,27.6,28.95,27.6,28.4,28.21,28.46,31343,8.92,291,21208,67.66
NIRAJISPAT,EQ,24-Aug-2026,216.0,216.0,216.0,216.0,216.0,216.0,216.0,18,0.04,5,18,100.00
NIRLON,EQ,24-Aug-2026,624.75,635.65,650.0,630.05,643.9,642.1,642.3,15735,101.07,635,10984,69.81
NIRMAN,SM,24-Aug-2026,29.05,30.0,34.85,29.5,30.3,30.45,31.33,53100,16.64,127,33000,62.15
NITCO,EQ,24-Aug-2026,93.36,93.5,97.53,93.1,96.39,96.28,95.5,519709,496.34,5460,241860,46.54
NITINSPIN,EQ,24-Aug-2026,588.45,588.45,595.95,575.25,579.6,580.15,582.33,79707,464.16,3381,44420,55.73
NITIRAJ,EQ,24-Aug-2026,198.91,195.17,207.8,191.05,205.02,200.84,197.43,2815,5.56,99,1730,61.46
NITTAGELA,EQ,24-Aug-2026,1584.6,1584.6,1618.0,1552.5,1575.5,1563.6,1571.01,3368,52.91,624,2286,67.87
NIVABUPA,EQ,24-Aug-2026,82.62,82.5,83.44,81.9,82.45,82.51,82.49,1026692,846.96,16420,665663,64.84
NKIND,EQ,24-Aug-2026,67.62,67.59,67.59,62.0,62.0,62.01,63.47,33161,21.05,421,19686,59.36
NLCINDIA,EQ,24-Aug-2026,269.8,270.3,276.8,270.3,273.7,273.1,274.52,1871904,5138.7,36469,864741,46.20
NMDC,EQ,24-Aug-2026,84.61,84.65,86.55,84.51,85.9,85.9,85.73,28670014,24579.54,68459,13781713,48.07
NMSTEEL,SM,24-Aug-2026,23.75,23.75,23.75,23.75,23.75,23.75,23.75,1600,0.38,1,1600,100.00
NOCIL,EQ,24-Aug-2026,167.02,170.0,171.0,165.0,165.9,165.78,168.19,454958,765.19,7378,203097,44.64
NOIDATOLL,EQ,24-Aug-2026,4.04,4.15,4.2,3.9,4.14,4.12,4.09,109365,4.47,480,78369,71.66
NORBTEAEXP,EQ,24-Aug-2026,69.44,71.17,72.91,70.4,71.0,70.86,71.84,1238,0.89,57,785,63.41
NORTHARC,EQ,24-Aug-2026,288.35,289.05,290.7,282.95,287.0,284.35,286.33,281710,806.62,5441,168250,59.72
NOVAAGRI,BE,24-Aug-2026,24.5,24.7,24.7,24.2,24.28,24.32,24.45,47412,11.59,231,-,-
NOVARTIND,EQ,24-Aug-2026,1418.9,1429.2,1543.0,1416.5,1490.0,1502.2,1473.39,23805,350.74,2780,12243,51.43
NPBET,EQ,24-Aug-2026,286.0,283.13,288.8,283.13,285.09,285.09,286.0,883,2.53,38,569,64.44
NPST,EQ,24-Aug-2026,1588.5,1588.5,1600.0,1545.6,1560.0,1561.8,1567.0,32088,502.82,2164,20823,64.89
NRAIL,EQ,24-Aug-2026,503.85,503.85,525.0,500.8,525.0,518.8,515.55,7447,38.39,373,5853,78.60
NRBBEARING,EQ,24-Aug-2026,486.1,489.0,489.9,478.55,481.0,480.95,482.6,187000,902.46,6961,88610,47.39
NRL,BE,24-Aug-2026,117.66,119.9,120.01,119.9,120.01,120.01,120.0,96266,115.52,226,-,-
NRVANDANA,ST,24-Aug-2026,67.55,65.5,66.5,65.0,66.5,66.5,65.88,12000,7.91,4,9000,75.00
NSIL,EQ,24-Aug-2026,5587.0,5541.0,5781.0,5520.5,5750.0,5724.0,5680.53,5750,326.63,1312,2809,48.85
NSLNISP,EQ,24-Aug-2026,39.79,39.99,40.45,39.9,40.1,40.06,40.15,2659894,1067.83,11060,1061026,39.89
NTCIND,EQ,24-Aug-2026,140.0,147.0,147.0,137.0,139.85,139.85,140.58,3149,4.43,53,2922,92.79
NTPC,EQ,24-Aug-2026,340.0,340.7,342.05,337.45,339.5,339.5,339.46,5401943,18337.24,91552,3173600,58.75
NTPCGREEN,EQ,24-Aug-2026,91.43,92.41,93.85,91.25,91.4,91.44,92.23,3331402,3072.69,24475,1234563,37.06
NUCLEUS,EQ,24-Aug-2026,740.4,742.0,758.9,735.0,742.7,737.9,746.37,34816,259.85,2120,19429,55.80
NURECA,BE,24-Aug-2026,306.7,301.1,314.95,296.25,300.0,300.4,301.35,19234,57.96,296,-,-
NUVAMA,EQ,24-Aug-2026,1743.6,1750.0,1773.0,1733.3,1750.0,1750.0,1755.86,218610,3838.48,17229,118578,54.24
NUVOCO,EQ,24-Aug-2026,322.05,321.65,323.95,319.3,320.6,320.6,320.89,119571,383.7,6277,57350,47.96
NV20,EQ,24-Aug-2026,13.98,13.98,14.06,13.86,13.86,13.93,13.98,66157,9.25,288,53077,80.23
NV20BEES,EQ,24-Aug-2026,139.76,139.8,140.67,138.78,138.85,139.16,139.7,17825,24.9,282,12491,70.08
NV20IETF,EQ,24-Aug-2026,13.6,13.74,13.74,13.52,13.55,13.54,13.6,1074415,146.09,2744,858085,79.87
NXST,RR,24-Aug-2026,166.84,167.98,168.8,167.01,167.99,167.99,167.97,326932,549.14,3424,284374,86.98
NYKAA,EQ,24-Aug-2026,334.0,333.9,333.9,328.05,330.3,330.3,330.82,2231684,7382.82,32029,941827,42.20
OAL,EQ,24-Aug-2026,339.85,337.2,343.05,335.7,336.0,338.5,339.98,7957,27.05,396,5018,63.06
OBCL,EQ,24-Aug-2026,54.25,55.0,59.91,54.5,54.5,54.81,57.21,100760,57.64,671,26722,26.52
OBEROIRLTY,EQ,24-Aug-2026,1886.0,1895.0,1903.5,1860.2,1870.0,1870.0,1880.49,330773,6220.15,35130,180357,54.53
OBSCP,SM,24-Aug-2026,835.2,830.0,859.95,821.9,858.4,854.8,841.11,33200,279.25,76,26000,78.31
OCCLLTD,BE,24-Aug-2026,158.63,157.01,160.49,157.0,159.5,157.16,157.79,33244,52.46,239,-,-
ODIGMA,EQ,24-Aug-2026,22.51,22.96,22.96,22.01,22.25,22.17,22.28,23694,5.28,734,18493,78.05
ODYCORP,EQ,24-Aug-2026,7.49,7.49,8.1,6.6,7.47,7.29,7.2,40320,2.9,80,24607,61.03
OFSS,EQ,24-Aug-2026,11724.0,11720.0,11898.0,11457.0,11518.0,11518.0,11717.3,153394,17973.64,27184,42023,27.40
OIL,EQ,24-Aug-2026,475.0,475.0,479.25,472.0,477.0,477.0,476.74,892260,4253.77,14600,489479,54.86
OILCOUNTUB,BE,24-Aug-2026,57.86,57.9,59.5,57.8,59.5,59.42,58.95,25421,14.98,218,-,-
OILIETF,EQ,24-Aug-2026,11.32,11.34,11.42,11.31,11.35,11.33,11.33,5869392,664.77,2021,5437679,92.64
OLAELEC,EQ,24-Aug-2026,37.73,37.89,38.46,37.1,37.35,37.35,37.72,17134555,6463.11,54009,6156441,35.93
OLECTRA,EQ,24-Aug-2026,1318.4,1328.0,1340.0,1290.0,1300.0,1297.6,1311.32,263642,3457.18,14478,132557,50.28
OLIL,SM,24-Aug-2026,409.1,411.1,413.25,400.0,407.85,402.7,403.7,10800,43.6,15,6400,59.26
OMAXAUTO,EQ,24-Aug-2026,196.3,193.94,197.41,188.71,191.54,192.1,191.72,45758,87.73,1211,24950,54.53
OMAXE,EQ,24-Aug-2026,102.55,103.06,108.5,100.06,100.7,101.77,104.91,2360501,2476.39,18098,904660,38.32
OMFREIGHT,BE,24-Aug-2026,94.92,94.92,95.5,90.6,93.78,93.6,92.33,15491,14.3,179,-,-
OMINFRAL,EQ,24-Aug-2026,84.13,84.1,85.27,83.0,83.05,83.29,83.83,45081,37.79,857,27589,61.20
OMNI,EQ,24-Aug-2026,581.0,584.0,609.5,575.0,596.8,594.05,596.41,816449,4869.41,28075,263283,32.25
OMPOWER,EQ,24-Aug-2026,163.09,162.01,165.0,161.0,164.99,163.53,163.18,71969,117.44,1335,32829,45.62
ONDOOR,SM,24-Aug-2026,245.05,245.05,294.05,245.05,293.4,290.5,280.32,81000,227.06,119,42900,52.96
ONEGLOBAL,EQ,24-Aug-2026,555.1,557.6,566.95,545.0,557.95,553.95,555.15,13499,74.94,644,9214,68.26
ONELIFECAP,BE,24-Aug-2026,33.51,33.51,34.48,32.5,33.75,33.75,33.58,3117,1.05,30,-,-
ONEPOINT,EQ,24-Aug-2026,56.17,56.3,57.49,54.62,54.99,55.51,55.67,1225205,682.04,4580,465767,38.02
ONESOURCE,EQ,24-Aug-2026,1535.0,1535.0,1545.0,1518.0,1533.9,1531.8,1531.17,80345,1230.22,13829,38100,47.42
ONGC,EQ,24-Aug-2026,236.4,237.0,237.94,235.63,236.55,236.55,236.54,7122883,16848.76,79092,4466858,62.71
ONIDA,EQ,24-Aug-2026,35.66,35.66,37.4,35.56,37.0,37.07,36.88,428550,158.05,1613,292518,68.26
ONIXSOLAR,EQ,24-Aug-2026,305.9,290.65,290.65,290.65,290.65,290.65,290.65,13015,37.83,83,13015,100.00
ONMOBILE,BE,24-Aug-2026,56.99,55.86,55.86,55.86,55.86,55.86,55.86,35146,19.63,199,-,-
ONWARDTEC,EQ,24-Aug-2026,285.5,285.5,290.4,282.5,286.0,286.3,286.63,14752,42.28,678,7687,52.11
ONYX,ST,24-Aug-2026,43.05,44.0,44.0,44.0,44.0,44.0,44.0,30000,13.2,14,30000,100.00
OPTIEMUS,EQ,24-Aug-2026,540.2,560.0,595.0,553.2,590.0,585.7,585.32,2149734,12582.72,48805,388650,18.08
OPTIFIN,EQ,24-Aug-2026,12.4,12.4,12.4,11.72,12.0,12.04,12.2,5771,0.7,68,5672,98.28
OPTIMYSTIX,ST,24-Aug-2026,174.0,175.0,176.8,174.6,174.6,174.7,175.03,60800,106.42,57,60800,100.00
OPTIVALUE,ST,24-Aug-2026,183.9,185.0,193.05,185.0,193.05,193.05,189.72,64000,121.42,28,64000,100.00
ORBTEXP,BE,24-Aug-2026,225.12,225.12,236.37,225.12,236.0,234.76,232.65,7332,17.06,120,-,-
ORCHASP,EQ,24-Aug-2026,1.41,1.44,1.44,1.26,1.28,1.29,1.31,799128,10.46,492,678066,84.85
ORCHPHARMA,EQ,24-Aug-2026,1002.05,1020.0,1049.0,995.0,1039.05,1038.1,1024.21,143314,1467.83,13154,81876,57.13
ORIANA,SM,24-Aug-2026,1192.05,1200.0,1298.0,1199.9,1295.0,1289.15,1267.45,114000,1444.89,1187,71625,62.83
ORICONENT,EQ,24-Aug-2026,56.95,56.95,58.19,56.2,57.0,56.94,57.03,97270,55.47,808,83353,85.69
ORIENTALTL,EQ,24-Aug-2026,5.02,4.99,5.36,4.99,5.18,5.16,5.14,137855,7.08,284,94194,68.33
ORIENTBELL,EQ,24-Aug-2026,359.45,359.45,388.0,355.0,374.2,379.7,373.72,113448,423.98,4149,66655,58.75
ORIENTCEM,EQ,24-Aug-2026,131.52,130.6,132.01,129.55,129.61,129.8,130.55,291282,380.26,2351,135161,46.40
ORIENTCER,EQ,24-Aug-2026,45.63,46.99,46.99,44.0,44.6,44.34,44.89,92339,41.45,2303,47658,51.61
ORIENTELEC,EQ,24-Aug-2026,185.08,185.3,186.57,182.31,183.3,185.0,184.39,124407,229.39,3027,60425,48.57
ORIENTHOT,EQ,24-Aug-2026,138.67,142.98,146.2,138.71,141.0,141.78,141.81,7098313,10065.9,24970,3613376,50.90
ORIENTLTD,BE,24-Aug-2026,81.16,82.5,82.7,80.0,82.5,82.5,81.54,1671,1.36,22,-,-
ORIENTPPR,EQ,24-Aug-2026,17.13,17.2,17.6,17.2,17.23,17.25,17.37,140085,24.33,535,64896,46.33
ORIENTTECH,EQ,24-Aug-2026,243.65,243.65,246.6,241.5,245.8,244.3,244.54,168221,411.36,2722,79891,47.49
ORIRAIL,EQ,24-Aug-2026,114.78,118.0,122.5,113.5,120.99,119.91,118.57,377427,447.51,4801,203337,53.87
ORISSAMINE,EQ,24-Aug-2026,4617.5,4617.5,4671.0,4500.0,4500.0,4511.4,4558.46,7387,336.73,1557,4443,60.15
ORKLAINDIA,EQ,24-Aug-2026,552.2,553.5,583.35,553.5,570.6,570.3,571.65,234523,1340.66,13748,122396,52.19
ORTEL,BZ,24-Aug-2026,2.1,2.12,2.12,2.0,2.0,2.0,2.0,5179,0.1,9,-,-
ORTINGLOBE,EQ,24-Aug-2026,15.89,15.1,15.89,15.1,15.26,15.29,15.47,3259,0.5,32,2282,70.02
OSELDEVICE,SM,24-Aug-2026,400.55,409.9,429.9,395.0,428.0,420.6,405.64,66400,269.34,251,54600,82.23
OSIAHYPER,BE,24-Aug-2026,2.87,2.73,2.81,2.73,2.77,2.73,2.74,771070,21.1,503,-,-
OSWALAGRO,EQ,24-Aug-2026,36.93,37.8,37.8,36.81,37.2,37.19,37.26,23811,8.87,280,18413,77.33
OSWALGREEN,EQ,24-Aug-2026,20.85,20.85,21.45,20.76,21.0,21.0,21.08,238244,50.23,975,183833,77.16
OSWALPUMPS,EQ,24-Aug-2026,299.6,302.55,303.4,295.25,296.0,296.75,297.78,370821,1104.23,7020,204444,55.13
OSWALSEEDS,EQ,24-Aug-2026,12.67,12.42,12.67,12.19,12.4,12.36,12.39,79769,9.88,472,64102,80.36
OWAIS,ST,24-Aug-2026,61.15,58.1,64.2,58.1,64.2,64.2,58.95,90100,53.11,188,81200,90.12
PACEDIGITK,EQ,24-Aug-2026,180.69,182.45,183.69,179.61,180.91,180.73,181.59,473146,859.19,6602,215113,45.46
PACIFICI,EQ,24-Aug-2026,148.71,148.71,149.0,141.0,141.0,141.0,145.72,1390,2.03,27,1147,82.52
PAGEIND,EQ,24-Aug-2026,35480.0,35580.0,35700.0,35425.0,35560.0,35560.0,35552.39,8552,3040.44,4672,2489,29.10
PAISALO,EQ,24-Aug-2026,69.79,70.0,70.1,68.63,69.2,69.48,69.32,11251396,7799.74,12518,5258804,46.74
PAKKA,EQ,24-Aug-2026,84.52,84.75,84.75,80.55,80.9,81.25,81.85,250026,204.64,4202,154042,61.61
PALASHSECU,EQ,24-Aug-2026,88.92,91.9,93.0,88.1,92.68,92.53,90.96,2893,2.63,63,2174,75.15
PALREDTEC,BE,24-Aug-2026,55.6,58.37,58.38,55.6,56.8,58.29,57.57,24515,14.11,117,-,-
PANACEABIO,EQ,24-Aug-2026,411.1,413.25,413.25,403.95,406.5,406.2,406.33,43770,177.85,1699,23864,54.52
PANACHE,BE,24-Aug-2026,533.15,515.7,550.0,515.7,550.0,548.55,541.71,8477,45.92,178,-,-
PANAMAPET,EQ,24-Aug-2026,485.2,491.0,495.0,481.6,482.0,483.25,486.13,206300,1002.89,5124,99853,48.40
PANCHMAHQ,EQ,24-Aug-2026,300.0,318.8,318.8,289.95,289.95,289.95,292.13,660,1.93,24,420,63.64
PANORAMA,EQ,24-Aug-2026,45.93,45.55,47.3,44.0,44.3,44.99,46.27,350193,162.05,942,226384,64.65
PANSARI,EQ,24-Aug-2026,317.55,311.0,327.95,311.0,327.95,327.95,322.87,465,1.5,19,256,55.05
PAR,EQ,24-Aug-2026,101.33,101.0,102.75,99.46,102.0,101.45,100.67,7514,7.56,150,5616,74.74
PARACABLES,EQ,24-Aug-2026,62.5,62.5,63.45,61.85,62.5,62.25,62.52,887386,554.79,5981,480473,54.14
PARADEEP,EQ,24-Aug-2026,148.48,148.1,151.8,146.11,149.99,149.4,150.05,2777841,4168.05,26737,1035711,37.28
PARAGMILK,EQ,24-Aug-2026,225.5,227.61,242.05,226.62,240.3,240.62,237.24,3243743,7695.41,40173,1173123,36.17
PARAGON,SM,24-Aug-2026,48.0,48.0,51.9,48.0,51.9,51.8,50.15,24000,12.04,17,24000,100.00
PARAMOUNT,SM,24-Aug-2026,32.05,32.05,32.05,30.45,31.0,31.0,31.15,4800,1.5,4,3600,75.00
PARAS,EQ,24-Aug-2026,1499.6,1497.0,1528.0,1469.0,1521.0,1520.0,1498.93,1359580,20379.2,54202,291658,21.45
PARASPETRO,EQ,24-Aug-2026,2.2,2.25,2.28,2.11,2.23,2.22,2.23,170776,3.81,344,95107,55.69
PARIN,SM,24-Aug-2026,707.0,710.0,710.0,710.0,710.0,710.0,710.0,250,1.78,1,250,100.00
PARKHOSPS,EQ,24-Aug-2026,274.55,275.9,281.45,273.05,281.0,280.05,279.54,496651,1388.35,6637,322284,64.89
PARKHOTELS,EQ,24-Aug-2026,115.61,115.5,120.59,115.5,117.1,116.97,118.09,313069,369.7,4127,109388,34.94
PARNAXLAB,EQ,24-Aug-2026,127.8,115.1,125.0,115.1,124.38,123.82,121.84,667,0.81,34,576,86.36
PARSVNATH,BE,24-Aug-2026,1.39,1.37,1.37,1.37,1.37,1.37,1.37,221361,3.03,175,-,-
PARTH,SM,24-Aug-2026,491.65,491.65,492.9,477.0,492.9,485.75,485.47,10400,50.49,24,7200,69.23
PARTYCRUS,SM,24-Aug-2026,77.35,92.5,92.5,77.95,82.0,82.0,81.63,13000,10.61,11,10000,76.92
PASHUPATI,EQ,24-Aug-2026,87.26,88.0,88.6,86.15,86.6,86.39,87.54,134829,118.03,3344,117140,86.88
PASUPTAC,BE,24-Aug-2026,61.71,61.75,62.45,61.0,61.74,61.27,61.54,35933,22.11,215,-,-
PATANJALI,EQ,24-Aug-2026,348.0,350.0,351.35,346.05,350.0,350.0,348.94,1979677,6907.91,19970,445942,22.53
PATELENG,EQ,24-Aug-2026,28.17,28.29,28.8,27.93,28.32,28.28,28.3,3006709,850.97,9259,1305356,43.41
PATELRMART,EQ,24-Aug-2026,234.11,235.0,235.0,226.22,228.3,228.01,228.74,51407,117.59,1645,28742,55.91
PATILAUTOM,SM,24-Aug-2026,234.2,235.0,248.0,228.15,232.0,231.15,235.51,123000,289.68,135,103800,84.39
PATINTLOG,BE,24-Aug-2026,13.62,13.16,13.66,13.16,13.37,13.39,13.41,110911,14.87,116,-,-
PAUSHAKLTD,EQ,24-Aug-2026,763.35,765.0,777.15,742.0,769.0,768.6,760.35,27685,210.5,2335,13605,49.14
PAVNAIND,EQ,24-Aug-2026,18.6,18.34,19.25,18.34,18.45,18.54,18.65,25636,4.78,153,19297,75.27
PAYTM,EQ,24-Aug-2026,1632.0,1632.0,1638.5,1610.3,1623.5,1623.5,1617.76,2832355,45820.7,67811,1536102,54.23
PCBL,EQ,24-Aug-2026,317.55,319.8,331.2,318.0,322.0,321.2,325.27,1336868,4348.46,19785,477248,35.70
PCCL,SM,24-Aug-2026,350.1,350.1,350.2,343.0,350.0,349.05,348.11,18400,64.05,31,14400,78.26
PCJEWELLER,EQ,24-Aug-2026,10.22,10.28,11.35,10.19,11.05,11.12,10.87,686889641,74644.97,255573,164817895,23.99
PDMJEPAPER,EQ,24-Aug-2026,90.69,90.69,91.79,89.5,90.2,89.84,90.42,61783,55.86,1532,31474,50.94
PDSL,EQ,24-Aug-2026,369.7,369.95,372.7,364.9,366.4,366.3,368.22,68950,253.89,4230,44436,64.45
PEARLPOLY,EQ,24-Aug-2026,15.71,15.76,16.39,15.66,16.2,16.17,15.73,10240,1.61,68,8647,84.44
PELATRO,SM,24-Aug-2026,340.85,348.0,369.95,348.0,358.3,358.3,361.33,16800,60.7,39,15000,89.29
PENIND,EQ,24-Aug-2026,158.8,160.07,164.9,159.69,161.43,161.0,161.97,532284,862.12,7851,242905,45.63
PENINLAND,BE,24-Aug-2026,15.5,16.27,16.27,16.27,16.27,16.27,16.27,152875,24.87,109,-,-
PENTAGON,SM,24-Aug-2026,53.0,50.65,52.0,50.65,52.0,52.0,51.33,2000,1.03,2,1000,50.00
PERMAGN,EQ,24-Aug-2026,864.45,884.95,898.0,851.05,866.0,863.9,879.83,7827,68.86,640,3972,50.75
PERSISTENT,EQ,24-Aug-2026,5667.5,5693.5,5725.0,5646.0,5694.0,5694.0,5686.28,368840,20973.29,30157,146860,39.82
PETRONET,EQ,24-Aug-2026,293.0,293.85,296.8,291.4,295.95,295.95,294.91,1748335,5156.05,31937,805682,46.08
PFC,EQ,24-Aug-2026,363.0,363.0,365.75,361.2,364.0,364.0,363.2,6817108,24759.49,50816,4357772,63.92
PFIZER,EQ,24-Aug-2026,4978.2,5020.0,5020.0,4865.0,4870.4,4881.5,4911.75,20411,1002.54,4488,9748,47.76
PFOCUS,EQ,24-Aug-2026,296.95,300.0,314.6,296.0,307.4,307.8,306.55,1727688,5296.31,32545,628504,36.38
PFS,EQ,24-Aug-2026,27.76,28.0,28.4,27.78,27.9,27.91,28.11,481547,135.35,2926,282483,58.66
PGEL,EQ,24-Aug-2026,600.55,601.95,603.55,596.2,597.0,597.0,599.53,648457,3887.71,12770,238792,36.82
PGHH,EQ,24-Aug-2026,8189.0,8189.0,8198.0,8111.5,8113.5,8127.5,8142.95,13076,1064.77,3502,7650,58.50
PGHL,EQ,24-Aug-2026,5828.5,5833.5,5919.5,5830.0,5890.0,5873.5,5868.28,10658,625.44,3093,6482,60.82
PGIL,EQ,24-Aug-2026,2386.1,2380.0,2411.0,2340.0,2399.0,2372.2,2366.69,37236,881.26,7259,14338,38.51
PGINVIT,IV,24-Aug-2026,99.85,99.99,100.2,99.7,100.2,100.0,99.9,1330270,1328.93,6378,1149644,86.42
PHANTOMFX,SM,24-Aug-2026,128.1,128.25,130.5,119.0,121.9,120.8,123.12,36300,44.69,98,31200,85.95
PHARMABEES,EQ,24-Aug-2026,27.08,27.9,27.9,26.92,27.06,27.07,27.06,3566028,964.94,11778,2157906,60.51
PHOENIXLTD,EQ,24-Aug-2026,1930.0,1916.1,1938.9,1910.7,1932.0,1932.0,1924.56,224983,4329.93,16655,120729,53.66
PHOENXINTL,EQ,24-Aug-2026,31.6,29.11,31.6,29.11,30.49,29.7,31.02,1821,0.56,39,1711,93.96
PHOGLOBAL,SM,24-Aug-2026,16.0,15.55,15.55,15.4,15.4,15.5,15.48,6000,0.93,3,6000,100.00
PICCADIL,EQ,24-Aug-2026,709.8,715.0,715.0,681.35,684.65,684.65,696.07,269173,1873.63,10709,132137,49.09
PIDILITIND,EQ,24-Aug-2026,1649.0,1646.0,1660.0,1638.0,1660.0,1660.0,1645.12,554272,9118.45,34303,345773,62.38
PIGL,EQ,24-Aug-2026,103.72,103.0,105.09,101.5,102.67,102.4,103.04,62317,64.21,807,41619,66.79
PIIND,EQ,24-Aug-2026,2496.8,2497.0,2501.0,2470.0,2475.0,2475.0,2481.94,113206,2809.7,11698,52383,46.27
PILANIINVS,EQ,24-Aug-2026,4356.9,4355.1,4400.0,4328.3,4347.5,4362.1,4371.36,904,39.52,215,616,68.14
PILITA,EQ,24-Aug-2026,8.11,8.11,8.4,8.0,8.0,8.02,8.08,27548,2.22,155,22169,80.47
PINELABS,EQ,24-Aug-2026,156.91,157.78,160.19,157.11,157.75,157.54,158.31,8276263,13102.54,38402,3758331,45.41
PIONEEREMB,EQ,24-Aug-2026,21.71,21.5,22.45,21.42,22.37,22.0,22.01,5553,1.22,58,5306,95.55
PIONRINV,BE,24-Aug-2026,79.3,79.0,81.98,75.6,81.98,75.77,76.61,2369,1.81,31,-,-
PIRAMALFIN,EQ,24-Aug-2026,2180.8,2180.0,2193.0,2120.5,2183.8,2184.1,2157.9,599705,12941.05,26401,311353,51.92
PITTIENG,EQ,24-Aug-2026,1052.2,1059.0,1114.8,1037.4,1100.0,1098.25,1094.11,293826,3214.78,18978,136468,46.45
PIXTRANS,EQ,24-Aug-2026,1809.1,1820.7,1837.0,1780.0,1781.0,1789.6,1796.1,10561,189.69,1646,6541,61.94
PKTEA,EQ,24-Aug-2026,732.2,733.1,779.0,733.0,774.5,770.35,760.2,287,2.18,43,241,83.97
PLASTIBLEN,EQ,24-Aug-2026,191.54,193.51,196.7,189.81,191.0,192.5,193.21,40374,78.01,1056,19549,48.42
PLATIND,EQ,24-Aug-2026,215.2,211.01,215.4,209.1,211.14,210.26,211.19,48964,103.41,1229,31660,64.66
PLAZACABLE,EQ,24-Aug-2026,52.08,52.8,53.48,50.01,50.7,50.8,52.41,49484,25.94,843,31728,64.12
PML,EQ,24-Aug-2026,488.15,488.15,500.0,481.6,481.6,482.7,482.49,129,0.62,11,129,100.00
PNB,EQ,24-Aug-2026,116.55,116.5,117.03,115.0,115.86,115.86,115.76,10613260,12286.16,38747,5174236,48.75
PNBGILTS,EQ,24-Aug-2026,79.65,79.01,80.52,78.01,78.75,78.62,79.02,283999,224.4,2603,156954,55.27
PNBHOUSING,EQ,24-Aug-2026,1170.3,1173.1,1173.1,1154.2,1165.0,1165.0,1162.92,505951,5883.78,18173,242033,47.84
PNC,EQ,24-Aug-2026,18.15,18.5,19.0,18.0,18.5,18.45,18.59,5118,0.95,171,3783,73.92
PNCINFRA,EQ,24-Aug-2026,206.76,208.0,209.9,203.96,204.0,204.33,205.62,410215,843.49,13403,258449,63.00
PNGJL,EQ,24-Aug-2026,602.9,608.5,623.4,608.45,614.15,613.35,614.74,479800,2949.5,21297,241810,50.40
PNGSREVA,EQ,24-Aug-2026,555.8,564.9,575.0,537.2,547.45,541.05,553.2,268233,1483.86,8664,137529,51.27
POCL,EQ,24-Aug-2026,502.45,504.95,508.5,500.2,505.0,505.0,504.62,201977,1019.22,7460,104286,51.63
PODDARMENT,EQ,24-Aug-2026,249.45,251.1,254.8,250.7,253.8,253.0,252.87,1011,2.56,66,929,91.89
POEL,EQ,24-Aug-2026,165.65,166.05,168.97,154.6,156.2,156.05,161.0,38784,62.44,693,27954,72.08
POKARNA,EQ,24-Aug-2026,897.7,904.9,906.85,860.0,867.0,875.35,875.41,89022,779.3,5798,43746,49.14
POLICYBZR,EQ,24-Aug-2026,1795.2,1795.2,1811.8,1773.5,1785.0,1785.0,1791.24,778964,13953.09,49042,399217,51.25
POLYCAB,EQ,24-Aug-2026,8966.0,8989.0,9054.0,8950.5,9054.0,9054.0,9006.91,142765,12858.72,20482,69410,48.62
POLYMED,EQ,24-Aug-2026,1719.4,1705.0,1769.9,1705.0,1733.0,1737.2,1741.3,95827,1668.64,13438,37694,39.34
POLYPLEX,EQ,24-Aug-2026,1194.1,1194.1,1196.8,1167.1,1170.0,1170.0,1175.59,53819,632.69,3107,36923,68.61
POLYSIL,SM,24-Aug-2026,55.05,52.3,52.3,52.3,52.3,52.3,52.3,5000,2.62,5,5000,100.00
POLYSPIN,EQ,24-Aug-2026,30.97,30.97,30.97,28.11,28.24,28.3,29.2,3255,0.95,38,3243,99.63
PONNIERODE,EQ,24-Aug-2026,419.55,423.9,455.0,408.0,413.4,421.85,440.13,186127,819.19,9477,90666,48.71
POONAWALLA,EQ,24-Aug-2026,490.05,491.0,493.3,474.0,475.8,475.1,479.98,1420503,6818.2,31019,915450,64.45
POSITRON,SM,24-Aug-2026,166.5,166.5,167.95,163.6,167.5,167.5,165.91,2700,4.48,8,2700,100.00
POWERGRID,EQ,24-Aug-2026,272.4,274.0,274.35,268.3,271.4,271.4,270.4,7643689,20668.37,58155,3719572,48.66
POWERICA,EQ,24-Aug-2026,518.3,520.2,524.15,515.0,518.75,517.5,519.1,101880,528.86,3576,46330,45.48
POWERINDIA,EQ,24-Aug-2026,34190.0,34360.0,34975.0,33570.0,33840.0,33840.0,34159.9,80079,27354.9,25397,26425,33.00
POWERMECH,EQ,24-Aug-2026,2502.4,2502.4,2541.0,2475.0,2508.0,2514.0,2498.78,41290,1031.75,6145,20863,50.53
PPAP,BE,24-Aug-2026,270.8,265.5,270.0,261.5,263.0,262.95,264.37,16277,43.03,378,-,-
PPL,BE,24-Aug-2026,271.6,271.6,277.0,261.25,269.0,268.5,267.19,44181,118.05,495,-,-
PPLPHARMA,EQ,24-Aug-2026,213.67,214.45,214.9,209.84,212.0,211.15,211.84,2681269,5679.94,36083,1278596,47.69
PPSL,SM,24-Aug-2026,2.85,2.9,2.9,2.75,2.8,2.8,2.79,87000,2.43,15,60000,68.97
PRABHA,EQ,24-Aug-2026,217.66,215.0,225.0,212.0,213.5,214.0,214.97,243566,523.58,2616,128538,52.77
PRADPME,BE,24-Aug-2026,509.25,509.3,513.05,502.4,503.55,507.2,508.6,6480,32.96,58,-,-
PRAENG,EQ,24-Aug-2026,19.04,19.04,19.74,18.54,18.9,18.87,18.96,31273,5.93,307,23042,73.68
PRAJIND,EQ,24-Aug-2026,344.35,343.75,363.6,343.6,350.9,352.65,356.19,2002653,7133.27,40481,615351,30.73
PRAKASH,EQ,24-Aug-2026,128.6,128.6,132.4,127.25,127.7,127.96,129.35,409476,529.65,6606,209200,51.09
PRAKASHSTL,EQ,24-Aug-2026,3.91,3.9,3.99,3.82,3.9,3.92,3.9,99070,3.86,365,77684,78.41
PRAMARA,SM,24-Aug-2026,119.75,118.0,121.95,118.0,121.95,121.7,118.95,5000,5.95,5,3500,70.00
PRAMODINI,ST,24-Aug-2026,118.0,117.9,122.5,117.0,120.0,120.15,119.45,439200,524.61,222,412800,93.99
PRATHAM,SM,24-Aug-2026,120.05,118.0,120.0,118.0,120.0,120.0,118.59,13600,16.13,12,13600,100.00
PRAVEG,EQ,24-Aug-2026,267.7,269.2,272.0,260.0,260.7,261.6,264.3,34883,92.2,1656,18960,54.35
PRAXIS,EQ,24-Aug-2026,5.45,5.55,5.55,5.18,5.32,5.27,5.33,214530,11.44,292,201273,93.82
PRECAM,EQ,24-Aug-2026,130.58,130.58,133.12,128.78,131.0,130.74,131.17,110297,144.67,2033,44205,40.08
PRECISION,ST,24-Aug-2026,7.3,7.0,7.6,7.0,7.6,7.6,7.28,6000,0.44,3,4000,66.67
PRECOT,EQ,24-Aug-2026,697.35,699.65,715.5,667.1,668.5,670.15,686.51,8629,59.24,633,6386,74.01
PRECWIRE,EQ,24-Aug-2026,438.5,436.0,441.55,426.0,428.0,429.05,433.94,332037,1440.84,11332,166539,50.16
PREMCO,EQ,24-Aug-2026,390.0,392.0,395.0,382.6,393.0,393.0,391.94,601,2.36,79,532,88.52
PREMEXPLN,EQ,24-Aug-2026,665.15,676.35,676.35,665.0,669.5,667.35,668.09,143752,960.39,3569,84882,59.05
PREMIER,BE,24-Aug-2026,2.74,2.76,2.8,2.71,2.78,2.72,2.76,1537,0.04,20,-,-
PREMIERENE,EQ,24-Aug-2026,1053.0,1052.9,1060.9,1023.5,1030.0,1030.0,1036.19,634282,6572.39,27239,242664,38.26
PREMIERPOL,EQ,24-Aug-2026,86.97,88.2,92.9,86.97,88.0,89.12,90.24,437337,394.63,5858,170975,39.09
PREMIUM,SM,24-Aug-2026,38.0,37.75,37.75,37.75,37.75,37.75,37.75,6000,2.27,2,6000,100.00
PRESSTONIC,SM,24-Aug-2026,34.8,34.8,35.85,34.8,35.85,35.75,35.37,48000,16.98,46,41600,86.67
PRESTIGE,EQ,24-Aug-2026,1631.0,1631.0,1641.6,1618.1,1635.8,1635.8,1630.52,245770,4007.32,15147,101864,41.45
PRICOLLTD,EQ,24-Aug-2026,797.2,801.8,804.85,785.75,788.4,790.9,793.47,239901,1903.55,14750,124267,51.80
PRIMECAB,ST,24-Aug-2026,195.0,200.0,204.75,200.0,204.75,204.75,204.03,22400,45.7,14,22400,100.00
PRIMESECU,EQ,24-Aug-2026,276.65,277.1,282.0,272.0,272.55,276.05,275.26,8936,24.6,400,5272,59.00
PRIMO,EQ,24-Aug-2026,20.89,21.45,21.45,20.4,20.82,20.92,20.85,182318,38.02,993,126977,69.65
PRINCEPIPE,EQ,24-Aug-2026,283.3,282.1,290.4,282.1,285.0,283.95,286.79,149190,427.86,3957,79389,53.21
PRISMX,EQ,24-Aug-2026,0.53,0.52,0.55,0.52,0.55,0.54,0.55,249588,1.37,133,242528,97.17
PRITI,BE,24-Aug-2026,33.48,33.88,33.88,32.7,33.65,33.63,33.58,9487,3.19,81,-,-
PRITIKA,SM,24-Aug-2026,59.55,59.55,59.55,59.55,59.55,59.55,59.55,2000,1.19,1,2000,100.00
PRITIKAUTO,BE,24-Aug-2026,17.63,17.75,17.85,17.28,17.74,17.62,17.59,68740,12.09,296,-,-
PRIVISCL,EQ,24-Aug-2026,3479.7,3497.0,3510.0,3440.0,3459.0,3446.7,3453.26,55514,1917.04,7509,38462,69.28
PRIZOR,ST,24-Aug-2026,971.75,1020.3,1020.3,981.5,1020.3,1020.3,1008.44,64800,653.47,133,62800,96.91
PRLIND,SM,24-Aug-2026,43.0,43.0,43.45,42.15,43.0,43.0,42.67,19000,8.11,18,12000,63.16
PROFX,SM,24-Aug-2026,78.6,75.05,76.75,75.05,76.75,76.75,75.9,6400,4.86,4,3200,50.00
PROLIFE,SM,24-Aug-2026,79.45,79.0,79.0,79.0,79.0,79.0,79.0,500,0.4,1,500,100.00
PROPSHOP,SM,24-Aug-2026,70.05,70.5,74.95,70.2,74.65,74.45,73.31,238000,174.49,104,156000,65.55
PROSTARM,EQ,24-Aug-2026,138.72,140.0,140.49,135.2,139.0,138.18,138.09,150898,208.37,2128,74958,49.67
PROTEAN,EQ,24-Aug-2026,551.05,551.15,559.25,551.15,554.5,554.9,555.03,123045,682.94,4779,74491,60.54
PROV,SM,24-Aug-2026,1845.0,1845.0,1845.0,1820.0,1820.0,1820.0,1831.76,320,5.86,4,240,75.00
PROZONER,EQ,24-Aug-2026,41.73,41.73,43.0,41.15,41.5,41.72,42.2,147405,62.21,2246,70317,47.70
PRSMJOHNSN,EQ,24-Aug-2026,107.97,110.8,110.8,106.5,107.15,107.11,108.12,882100,953.69,10685,232656,26.38
PRUDENT,EQ,24-Aug-2026,3353.5,3345.0,3394.2,3321.5,3332.0,3336.8,3361.46,17568,590.54,2556,13909,79.17
PRUDMOULI,BE,24-Aug-2026,15.24,15.99,16.0,15.31,16.0,16.0,15.98,79199,12.65,126,-,-
PSB,EQ,24-Aug-2026,23.46,23.5,23.63,23.14,23.29,23.24,23.33,1238528,288.93,6514,683408,55.18
PSFL,SM,24-Aug-2026,31.05,31.1,31.1,31.05,31.05,31.05,31.06,8000,2.49,4,6000,75.00
PSPPROJECT,EQ,24-Aug-2026,911.95,911.95,929.45,906.45,912.0,909.55,918.86,34346,315.59,1826,21144,61.56
PSRAJ,ST,24-Aug-2026,78.15,78.0,81.9,78.0,81.9,81.9,80.8,52500,42.42,18,52500,100.00
PSUBANK,EQ,24-Aug-2026,86.11,86.23,87.9,85.05,85.67,85.36,85.44,5318586,4544.2,1108,5186457,97.52
PSUBANKADD,EQ,24-Aug-2026,86.67,86.67,87.2,85.66,86.53,86.22,86.4,12790,11.05,233,6554,51.24
PSUBNKBEES,EQ,24-Aug-2026,95.82,97.0,97.0,94.9,95.2,95.13,95.21,3309637,3151.09,7248,2721709,82.24
PSUBNKIETF,EQ,24-Aug-2026,86.73,87.1,87.52,86.3,86.5,86.44,86.64,68035,58.95,877,38615,56.76
PTC,EQ,24-Aug-2026,156.56,156.56,157.65,155.6,156.98,156.84,156.39,1288256,2014.69,19795,806394,62.60
PTCIL,EQ,24-Aug-2026,20629.0,20500.0,21800.0,20500.0,21612.0,21672.0,21255.34,77843,16545.8,25730,19778,25.41
PTL,EQ,24-Aug-2026,38.33,38.33,39.25,38.33,38.77,38.64,38.61,51679,19.95,731,44931,86.94
PULZ,SM,24-Aug-2026,24.45,23.25,23.5,23.25,23.25,23.25,23.42,12000,2.81,6,12000,100.00
PUNJABCHEM,EQ,24-Aug-2026,1148.0,1141.0,1147.8,1081.6,1087.1,1095.2,1107.96,25234,279.58,1800,17269,68.44
PURPLEUTED,ST,24-Aug-2026,411.2,428.0,428.0,406.1,420.0,419.85,421.22,53250,224.3,165,53000,99.53
PURVA,EQ,24-Aug-2026,219.36,221.99,225.16,211.14,214.3,214.3,217.28,591540,1285.31,12492,214416,36.25
PUSHPA,SM,24-Aug-2026,113.0,113.0,113.0,110.0,110.0,110.0,111.5,2000,2.23,2,2000,100.00
PVP,EQ,24-Aug-2026,45.35,46.0,49.0,45.51,48.59,48.59,47.49,3871720,1838.74,14244,1951065,50.39
PVRINOX,EQ,24-Aug-2026,1216.8,1220.0,1248.2,1216.2,1245.0,1231.8,1230.92,864708,10643.85,44799,479745,55.48
PVSL,EQ,24-Aug-2026,109.67,113.6,113.93,109.67,110.6,110.15,110.6,23038,25.48,536,15585,67.65
PVTBANIETF,EQ,24-Aug-2026,27.93,27.93,28.05,27.72,27.95,27.9,27.83,2131685,593.33,1547,1549019,72.67
PVTBANK,EQ,24-Aug-2026,27.72,27.72,27.78,27.5,27.7,27.7,27.7,10683,2.96,21,10681,99.98
PVTBANKADD,EQ,24-Aug-2026,28.07,28.07,28.17,27.79,27.79,27.9,28.02,48637,13.63,178,38592,79.35
PVTBKGROWW,EQ,24-Aug-2026,27.76,27.48,28.0,27.42,27.42,27.47,27.57,11441,3.15,150,8222,71.86
PWL,EQ,24-Aug-2026,120.83,121.0,124.56,119.6,121.24,121.46,122.8,10228734,12560.58,46965,2070873,20.25
PYRAMID,EQ,24-Aug-2026,163.43,164.6,165.4,161.44,162.5,163.65,163.14,23694,38.65,1024,12156,51.30
QGOLDHALF,EQ,24-Aug-2026,131.65,132.66,134.16,132.66,133.5,133.43,133.46,306666,409.27,1650,130191,42.45
QLINE,SM,24-Aug-2026,549.75,559.0,569.0,550.0,552.5,553.7,561.82,164000,921.38,359,124000,75.61
QMSMEDI,BE,24-Aug-2026,148.39,150.4,155.5,145.13,146.0,146.2,150.95,69486,104.89,457,-,-
QNIFTY,EQ,24-Aug-2026,267.28,268.2,268.2,265.6,267.0,266.59,266.44,5888,15.69,174,4470,75.92
QPOWER,EQ,24-Aug-2026,1305.6,1313.4,1356.8,1295.1,1301.2,1313.2,1326.62,266186,3531.27,15990,130621,49.07
QUADFUTURE,EQ,24-Aug-2026,405.35,410.05,464.8,395.5,436.85,447.3,444.67,23856672,106082.78,345825,1578744,6.62
QUAL30IETF,EQ,24-Aug-2026,21.33,21.41,21.45,21.23,21.23,21.32,21.3,282052,60.08,247,148023,52.48
QUALITY30,EQ,24-Aug-2026,21.03,21.03,21.03,20.8,21.03,20.82,20.95,4917,1.03,53,3691,75.07
QUESS,EQ,24-Aug-2026,335.85,332.3,346.35,332.05,340.0,338.6,339.95,321337,1092.39,19193,115110,35.82
QUESTLAB,SM,24-Aug-2026,85.85,84.0,87.95,84.0,86.5,86.5,85.9,8400,7.22,7,8400,100.00
QUICKHEAL,BE,24-Aug-2026,142.87,143.95,143.95,139.05,141.0,140.4,140.85,57377,80.81,806,-,-
QUICKTOUCH,SM,24-Aug-2026,16.7,17.0,17.05,17.0,17.05,17.05,17.02,1500,0.26,3,1500,100.00
QUINT,EQ,24-Aug-2026,40.34,40.35,41.75,38.56,40.75,40.51,40.12,28716,11.52,266,26024,90.63
QUINTEGRA,BE,24-Aug-2026,1.27,1.27,1.33,1.21,1.27,1.27,1.27,14165,0.18,19,-,-
RACE,EQ,24-Aug-2026,102.53,104.7,104.99,100.3,100.3,101.44,101.66,5436,5.53,120,3814,70.16
RACLGEAR,EQ,24-Aug-2026,1512.0,1544.9,1574.8,1505.0,1516.0,1513.5,1533.48,108789,1668.25,10595,51533,47.37
RADAAN,EQ,24-Aug-2026,3.0,3.06,3.06,2.95,3.04,3.03,3.0,24740,0.74,101,14099,56.99
RADHIKAJWE,EQ,24-Aug-2026,67.56,67.85,69.5,67.0,67.59,67.27,68.26,335456,228.97,3228,126867,37.82
RADIANTCMS,EQ,24-Aug-2026,34.52,34.66,35.99,34.5,35.75,35.66,35.25,197855,69.74,1549,105176,53.16
RADICO,EQ,24-Aug-2026,4639.8,4632.0,4634.9,4562.0,4600.0,4600.0,4602.38,227899,10488.77,23800,130208,57.13
RADIOCITY,EQ,24-Aug-2026,6.69,6.9,6.9,6.51,6.68,6.53,6.61,205882,13.62,183,194624,94.53
RADIOWALLA,ST,24-Aug-2026,25.0,25.0,25.5,25.0,25.5,25.5,25.4,8000,2.03,5,6400,80.00
RAILTEL,EQ,24-Aug-2026,287.25,287.1,287.5,281.0,282.5,282.05,283.26,609772,1727.22,12985,211712,34.72
RAIN,EQ,24-Aug-2026,208.61,209.59,218.33,208.91,213.1,213.69,215.21,4569719,9834.71,34742,1701224,37.23
RAINBOW,EQ,24-Aug-2026,1433.2,1433.1,1471.0,1433.0,1459.3,1460.1,1457.99,102157,1489.44,13092,54700,53.55
RAJESHEXPO,BZ,24-Aug-2026,79.18,79.0,79.5,76.5,77.0,77.29,77.85,155359,120.95,2301,-,-
RAJINDLTD,SM,24-Aug-2026,68.75,68.75,68.75,66.0,66.75,66.9,66.83,39000,26.06,17,34500,88.46
RAJMET,EQ,24-Aug-2026,3.5,3.51,4.18,3.42,3.59,3.5,3.78,4134727,156.28,3359,2237540,54.12
RAJOOENG,BE,24-Aug-2026,50.36,50.93,50.93,49.5,50.0,49.93,50.14,157471,78.96,731,-,-
RAJPALAYAM,EQ,24-Aug-2026,816.05,810.0,824.0,801.0,805.0,803.25,808.44,1539,12.44,93,929,60.36
RAJPUTANA,SM,24-Aug-2026,219.95,222.0,225.0,221.05,225.0,224.0,223.23,9000,20.09,14,9000,100.00
RAJRATAN,EQ,24-Aug-2026,501.75,498.1,506.0,485.0,489.0,490.2,492.61,100714,496.13,5804,53410,53.03
RAJRILTD,BE,24-Aug-2026,22.72,23.14,23.17,22.5,22.79,22.79,22.85,10949,2.5,133,-,-
RAJSREESUG,EQ,24-Aug-2026,39.1,40.95,42.0,38.5,39.3,39.68,41.13,422066,173.61,2724,191816,45.45
RAJTV,EQ,24-Aug-2026,10.49,10.77,10.77,10.13,10.26,10.47,10.4,6860,0.71,98,5288,77.08
RAJVIR,BZ,24-Aug-2026,5.6,5.32,5.32,5.32,5.32,5.32,5.32,93,0.0,4,-,-
RALLIS,EQ,24-Aug-2026,212.18,212.0,214.9,210.55,210.8,211.32,212.51,429484,912.68,16391,238261,55.48
RAMANEWS,EQ,24-Aug-2026,31.79,33.2,33.2,31.34,32.05,31.83,32.09,9935,3.19,140,5474,55.10
RAMAPHO,EQ,24-Aug-2026,121.05,120.26,123.99,120.21,120.51,120.74,121.08,24741,29.96,638,14530,58.73
RAMASTEEL,BE,24-Aug-2026,4.01,4.01,4.09,4.01,4.09,4.09,4.05,1820960,73.82,1774,-,-
RAMBHAJO,EQ,24-Aug-2026,177.41,180.85,212.89,180.85,212.89,212.89,208.27,2520932,5250.45,9952,1071292,42.50
RAMCOCEM,EQ,24-Aug-2026,899.05,908.1,925.0,896.5,909.0,903.9,907.08,386326,3504.3,12416,197154,51.03
RAMCOIND,EQ,24-Aug-2026,347.0,349.0,353.45,337.0,344.0,341.55,341.69,172284,588.67,4451,91288,52.99
RAMCOSYS,EQ,24-Aug-2026,543.65,554.95,570.8,547.6,569.0,570.05,566.55,377827,2140.58,7279,217126,57.47
RAMKY,EQ,24-Aug-2026,392.2,392.2,401.15,377.65,381.0,380.3,385.68,103516,399.24,3143,45299,43.76
RAMRAT,EQ,24-Aug-2026,477.35,476.5,491.9,475.0,484.0,485.85,484.44,104030,503.97,3930,51705,49.70
RANASUG,EQ,24-Aug-2026,14.96,15.09,16.45,15.09,15.89,15.92,16.01,3953180,632.72,7690,2001826,50.64
RANEHOLDIN,EQ,24-Aug-2026,1615.6,1626.8,1634.8,1568.3,1603.0,1613.4,1599.6,39215,627.28,2654,28104,71.67
RAPIDFLEET,SM,24-Aug-2026,168.0,175.0,201.6,175.0,201.6,201.6,187.49,13800,25.87,21,12600,91.30
RAPPID,SM,24-Aug-2026,311.65,302.25,302.25,285.1,299.0,298.0,293.6,28200,82.8,45,16200,57.45
RATEGAIN,EQ,24-Aug-2026,990.05,992.0,1009.0,956.0,957.95,962.1,982.34,536846,5273.65,27844,243471,45.35
RATNAMANI,EQ,24-Aug-2026,2354.4,2354.4,2777.0,2323.0,2698.0,2697.0,2656.35,903553,24001.53,100937,193916,21.46
RATNAVEER,EQ,24-Aug-2026,267.04,266.2,272.99,250.61,270.45,271.32,262.66,8703155,22859.88,49861,2751369,31.61
RAYMOND,EQ,24-Aug-2026,643.15,645.0,645.0,631.0,632.0,632.2,637.44,240663,1534.08,8245,129925,53.99
RAYMONDLSL,EQ,24-Aug-2026,726.95,726.95,730.2,713.65,716.0,717.15,720.64,143464,1033.86,6619,97339,67.85
RAYMONDREL,EQ,24-Aug-2026,576.9,577.0,599.0,576.0,594.0,593.15,591.11,261265,1544.36,7330,106243,40.66
RBA,EQ,24-Aug-2026,104.24,104.68,111.15,103.61,106.48,106.45,107.58,7935015,8536.33,39523,3462030,43.63
RBLBANK,EQ,24-Aug-2026,392.5,394.0,394.5,386.25,388.0,388.0,388.77,2638029,10255.92,28664,1371346,51.98
RBMINFRA,SM,24-Aug-2026,242.45,242.45,254.85,242.45,247.8,247.8,248.44,8600,21.37,39,6800,79.07
RBS,SM,24-Aug-2026,92.0,92.0,95.8,89.0,89.0,89.0,92.46,6400,5.92,6,4800,75.00
RBZJEWEL,EQ,24-Aug-2026,138.09,140.0,155.97,135.91,144.2,144.65,147.02,1238610,1820.97,24298,287177,23.19
RCDL,SM,24-Aug-2026,28.6,21.0,21.2,18.2,21.2,21.2,20.12,129000,25.96,40,96000,74.42
RCF,EQ,24-Aug-2026,118.16,118.0,121.13,118.0,118.91,119.03,120.04,797012,956.72,9211,271185,34.03
RCOM,BE,24-Aug-2026,0.8,0.81,0.82,0.8,0.81,0.81,0.81,4458757,36.01,2267,-,-
READYMIX,SM,24-Aug-2026,96.4,96.25,98.9,91.6,94.25,93.9,95.02,38000,36.11,37,11000,28.95
RECLTD,EQ,24-Aug-2026,326.65,326.65,328.65,323.55,327.9,327.9,325.93,5668109,18474.29,59404,3005179,53.02
REDINGTON,EQ,24-Aug-2026,350.55,353.05,370.8,352.25,364.65,365.1,364.83,9723917,35475.85,122520,3269898,33.63
REDTAPE,EQ,24-Aug-2026,122.88,122.61,124.2,120.85,122.0,121.95,122.25,227640,278.29,4567,117948,51.81
REFEX,EQ,24-Aug-2026,293.95,293.95,296.0,285.1,289.0,286.45,289.57,274609,795.2,5941,148521,54.08
REFRACTORY,SM,24-Aug-2026,27.35,28.7,28.7,26.1,26.1,26.1,27.83,3000,0.84,2,3000,100.00
REGAAL,EQ,24-Aug-2026,95.96,96.0,99.5,94.5,95.46,95.02,96.68,307072,296.89,2517,171563,55.87
REGENCERAM,EQ,24-Aug-2026,35.91,36.0,36.1,33.51,33.7,33.93,34.19,6418,2.19,249,3903,60.81
RELAXO,EQ,24-Aug-2026,376.6,373.0,379.15,372.1,376.5,377.55,375.69,134520,505.38,6809,49317,36.66
RELCHEMQ,EQ,24-Aug-2026,112.18,110.37,114.8,110.37,113.16,113.34,113.61,2358,2.68,63,1962,83.21
RELIABLE,EQ,24-Aug-2026,138.54,138.0,143.0,135.0,142.4,142.19,140.94,22990,32.4,499,7938,34.53
RELIANCE,EQ,24-Aug-2026,1316.0,1316.6,1320.0,1302.4,1309.8,1309.8,1307.91,7277167,95178.56,135944,4653509,63.95
RELIGARE,EQ,24-Aug-2026,231.6,231.5,234.2,223.25,229.0,226.95,228.68,2011854,4600.69,17673,1029524,51.17
RELINFRA,BE,24-Aug-2026,63.16,62.4,64.42,61.9,62.99,62.73,63.12,708001,446.91,2512,-,-
RELTD,EQ,24-Aug-2026,167.63,168.2,168.6,159.0,163.2,161.4,162.98,144240,235.09,2781,90820,62.96
REMSONSIND,EQ,24-Aug-2026,84.9,85.0,86.3,81.3,81.6,82.56,83.97,57981,48.68,2101,27857,48.05
REMUS,SM,24-Aug-2026,961.65,961.65,967.85,920.0,927.0,927.3,941.92,4400,41.44,41,3000,68.18
RENUKA,EQ,24-Aug-2026,25.14,25.65,27.68,24.85,25.2,25.47,26.64,120525051,32107.68,172464,27875237,23.13
REPCOHOME,EQ,24-Aug-2026,359.05,359.05,363.3,349.5,350.8,350.7,352.98,126767,447.47,5629,85993,67.84
REPL,BE,24-Aug-2026,64.7,67.9,67.9,62.66,64.0,63.51,63.63,10010,6.37,57,-,-
REPRO,EQ,24-Aug-2026,324.0,328.9,330.0,310.5,310.65,311.95,318.68,25944,82.68,1400,17506,67.48
RESPONIND,EQ,24-Aug-2026,155.06,155.01,157.82,153.75,155.5,154.67,155.6,35867,55.81,954,19273,53.73
RETAIL,EQ,24-Aug-2026,17.01,17.01,17.85,16.53,17.85,17.0,16.99,7044,1.2,41,6874,97.59
REXPIPES,SM,24-Aug-2026,169.1,160.65,160.65,160.65,160.65,160.65,160.65,5000,8.03,2,5000,100.00
REXPRO,SM,24-Aug-2026,39.95,38.55,39.6,38.0,39.6,38.8,38.51,10000,3.85,6,8000,80.00
RFBL,ST,24-Aug-2026,100.4,95.4,99.5,95.4,95.45,95.45,98.54,306000,301.52,10,234000,76.47
RGL,EQ,24-Aug-2026,131.26,132.0,135.5,131.15,131.15,132.32,133.17,479494,638.54,5311,210568,43.91
RHETAN,EQ,24-Aug-2026,24.22,23.89,23.89,21.81,21.82,21.81,22.01,19810958,4360.93,9969,6956030,35.11
RHFL,BZ,24-Aug-2026,1.78,1.82,1.86,1.79,1.86,1.85,1.83,687722,12.57,1196,-,-
RHIM,EQ,24-Aug-2026,375.25,377.1,381.95,373.3,375.0,374.6,377.4,210002,792.56,6313,106682,50.80
RHL,EQ,24-Aug-2026,169.22,168.0,169.0,167.25,169.0,169.0,168.22,145,0.24,16,145,100.00
RICOAUTO,EQ,24-Aug-2026,129.95,129.95,131.49,126.75,126.95,127.17,128.64,1040116,1337.99,7539,454609,43.71
RIIL,EQ,24-Aug-2026,786.1,779.0,793.0,767.65,777.5,774.95,780.1,86913,678.01,4670,27095,31.17
RIIT,IV,24-Aug-2026,121.91,122.3,122.3,121.71,121.9,121.89,121.97,500360,610.3,1725,490461,98.02
RILINFRA,SM,24-Aug-2026,36.65,36.7,36.95,35.9,36.25,36.45,36.43,10300,3.75,47,5600,54.37
RIR,EQ,24-Aug-2026,164.93,166.7,169.62,162.5,164.0,164.17,164.41,89584,147.29,2263,48709,54.37
RISHABH,EQ,24-Aug-2026,669.3,669.3,722.1,669.3,699.0,699.55,707.16,646388,4570.98,22008,276731,42.81
RITCO,EQ,24-Aug-2026,317.9,321.35,327.5,312.0,312.0,314.95,318.34,58022,184.71,2173,30484,52.54
RITES,EQ,24-Aug-2026,218.08,218.75,221.13,216.32,220.4,220.14,218.81,360826,789.52,9632,163349,45.27
RITEZONE,SM,24-Aug-2026,17.95,17.4,17.4,17.4,17.4,17.4,17.4,1600,0.28,1,1600,100.00
RKDL,EQ,24-Aug-2026,18.28,18.05,18.46,18.05,18.1,18.11,18.18,2303,0.42,62,1930,83.80
RKEC,EQ,24-Aug-2026,22.47,22.87,24.37,22.87,23.0,22.97,23.35,15001,3.5,122,10093,67.28
RKFORGE,EQ,24-Aug-2026,737.05,737.05,747.3,725.05,725.55,728.5,734.99,607562,4465.49,19486,312508,51.44
RKSWAMY,EQ,24-Aug-2026,95.45,95.05,97.39,94.61,95.19,95.11,95.27,13834,13.18,348,8091,58.49
RMC,EQ,24-Aug-2026,258.0,259.95,259.95,250.3,252.55,251.5,252.91,24728,62.54,1081,15126,61.17
RMDRIP,BE,24-Aug-2026,18.37,18.0,18.6,17.62,18.4,18.41,18.08,2264384,409.5,511,-,-
RML,EQ,24-Aug-2026,1101.0,1110.7,1175.0,1102.0,1162.0,1160.8,1148.98,130597,1500.53,10145,40074,30.69
RNBDENIMS,EQ,24-Aug-2026,7.73,7.84,8.11,7.74,8.11,8.11,7.95,238849,19.0,791,190157,79.61
RNFI,SM,24-Aug-2026,275.5,278.0,279.9,269.95,275.0,274.95,272.17,52200,142.07,45,42600,81.61
RNPL,SM,24-Aug-2026,81.75,81.8,81.9,81.7,81.7,81.7,81.82,6000,4.91,5,0,0.00
ROCKINGDCE,SM,24-Aug-2026,205.95,209.0,232.0,206.0,225.5,224.05,220.54,35000,77.19,115,21250,60.71
ROCKPP,E1,24-Aug-2026,60.0,70.0,70.0,69.95,70.0,70.0,69.99,4000,2.8,3,4000,100.00
ROHLTD,EQ,24-Aug-2026,302.7,301.2,313.45,301.2,305.15,305.9,308.42,27228,83.98,1036,17359,63.75
ROLEXRINGS,EQ,24-Aug-2026,183.37,183.1,183.79,179.1,180.0,181.19,181.27,1346536,2440.83,15769,552657,41.04
ROLLT,BE,24-Aug-2026,3.64,3.82,3.82,3.82,3.82,3.82,3.82,276450,10.56,173,-,-
ROML,EQ,24-Aug-2026,43.6,43.6,44.8,43.43,43.9,43.53,43.87,3332,1.46,88,1653,49.61
ROSSARI,EQ,24-Aug-2026,501.75,504.8,519.7,497.15,499.6,499.35,505.64,153077,774.02,10181,67271,43.95
ROSSELLIND,EQ,24-Aug-2026,55.94,56.8,57.68,55.14,57.0,56.77,56.59,38686,21.89,586,26341,68.09
ROSSTECH,EQ,24-Aug-2026,1074.2,1084.25,1107.95,1032.75,1053.2,1053.65,1059.94,182472,1934.09,10550,84074,46.08
ROTO,EQ,24-Aug-2026,65.58,65.5,66.09,64.01,64.11,64.28,64.93,294818,191.44,2640,154374,52.36
ROUTE,EQ,24-Aug-2026,502.3,501.0,504.9,491.0,491.1,493.25,495.67,222957,1105.13,8766,90142,40.43
ROXHITECH,SM,24-Aug-2026,53.75,53.75,53.75,50.55,51.8,51.75,51.4,64000,32.9,32,46400,72.50
ROYALARC,SM,24-Aug-2026,179.0,185.0,197.0,182.0,182.0,182.0,192.54,26400,50.83,17,25200,95.45
RPEL,EQ,24-Aug-2026,1689.8,1650.1,1699.0,1633.1,1665.0,1662.4,1664.41,82779,1377.78,6197,46015,55.59
RPGLIFE,EQ,24-Aug-2026,2636.6,2636.6,2666.2,2610.0,2638.0,2623.4,2628.85,9098,239.17,1755,4451,48.92
RPOWER,EQ,24-Aug-2026,23.45,23.64,23.8,23.01,23.05,23.09,23.32,23913101,5575.51,40905,7893289,33.01
RPPINFRA,EQ,24-Aug-2026,57.64,58.06,60.2,57.34,57.5,57.78,58.46,54785,32.03,1072,32676,59.64
RPPL,BE,24-Aug-2026,23.57,23.57,24.39,23.57,24.27,24.28,24.21,65801,15.93,101,-,-
RPSGVENT,EQ,24-Aug-2026,866.25,853.05,873.65,853.05,867.0,863.35,862.52,31714,273.54,1064,24276,76.55
RPTECH,EQ,24-Aug-2026,876.9,876.9,891.9,864.25,868.35,867.0,878.86,162850,1431.22,9235,83468,51.25
RRECL,EQ,24-Aug-2026,143.25,143.25,145.0,139.0,139.0,139.0,143.74,744,1.07,35,692,93.01
RRIL,EQ,24-Aug-2026,17.45,17.65,18.0,17.11,17.4,17.47,17.65,18053,3.19,207,12888,71.39
RRKABEL,EQ,24-Aug-2026,2919.3,2920.9,2983.8,2862.0,2871.0,2869.9,2920.12,328196,9583.71,31980,154936,47.21
RSDFIN,BE,24-Aug-2026,96.1,97.98,100.9,97.98,100.9,100.9,99.79,1552,1.55,17,-,-
RSL,EQ,24-Aug-2026,164.85,164.85,169.0,164.0,166.7,166.99,166.92,228013,380.6,2250,121552,53.31
RSSOFTWARE,EQ,24-Aug-2026,30.32,30.01,30.32,29.01,30.0,29.98,29.97,41455,12.43,279,40645,98.05
RSWM,BE,24-Aug-2026,204.83,205.0,209.0,194.59,196.6,195.69,198.83,81514,162.08,376,-,-
RSYSTEMS,EQ,24-Aug-2026,239.25,239.9,245.9,237.1,240.0,239.75,241.56,137478,332.09,4412,63711,46.34
RTNINDIA,EQ,24-Aug-2026,30.45,30.49,30.87,30.0,30.11,30.06,30.24,1791657,541.73,8361,1018748,56.86
RTNPOWER,EQ,24-Aug-2026,7.89,7.91,8.1,7.81,7.86,7.86,7.92,18769954,1486.44,17944,7905706,42.12
RTSPOWR,EQ,24-Aug-2026,93.33,99.99,100.0,94.1,94.55,94.81,95.72,918,0.88,36,769,83.77
RUBFILA,EQ,24-Aug-2026,69.45,69.0,70.46,65.5,66.48,66.25,67.19,79102,53.15,1072,73824,93.33
RUBICON,EQ,24-Aug-2026,1724.7,1744.8,1780.0,1725.1,1766.0,1776.1,1756.35,333984,5865.93,32713,144824,43.36
RUBYMILLS,BE,24-Aug-2026,402.1,400.1,414.8,384.3,393.0,391.85,395.63,6067,24.0,172,-,-
RUCHINFRA,EQ,24-Aug-2026,5.72,5.72,5.95,5.72,5.8,5.76,5.79,59926,3.47,212,45825,76.47
RUCHIRA,EQ,24-Aug-2026,102.9,103.13,103.69,102.51,102.6,102.88,102.98,15182,15.63,330,12611,83.07
RUDRA,EQ,24-Aug-2026,21.28,21.69,22.4,20.8,21.8,21.66,21.97,72979,16.03,609,41527,56.90
RULKA,SM,24-Aug-2026,108.0,104.05,107.55,104.05,106.2,106.2,105.78,3600,3.81,10,2700,75.00
RUPA,EQ,24-Aug-2026,153.53,153.5,154.79,151.11,152.02,151.82,152.52,80510,122.8,3175,48206,59.88
RUSHIL,EQ,24-Aug-2026,17.07,17.09,17.34,16.81,17.1,16.96,16.99,266040,45.2,610,175618,66.01
RUSTOMJEE,EQ,24-Aug-2026,371.45,371.0,385.05,371.0,378.55,379.05,380.4,51298,195.14,1642,29901,58.29
RVHL,EQ,24-Aug-2026,43.02,43.02,43.8,39.0,40.2,39.92,40.85,40751,16.65,432,35644,87.47
RVNL,EQ,24-Aug-2026,225.3,225.3,227.89,221.25,221.7,221.7,223.15,5267562,11754.37,38392,2513364,47.71
RVTH,EQ,24-Aug-2026,733.9,738.05,740.0,730.0,732.95,732.95,736.18,746,5.49,18,744,99.73
S&SPOWER,EQ,24-Aug-2026,298.85,328.7,328.7,328.7,328.7,328.7,328.7,4808,15.8,86,4486,93.30
SAAKSHI,ST,24-Aug-2026,285.7,285.55,299.0,276.55,298.0,297.9,294.0,19200,56.45,31,18000,93.75
SAATVIKGL,EQ,24-Aug-2026,418.95,418.35,423.95,409.0,422.0,421.6,417.92,97757,408.54,3478,38868,39.76
SAB,EQ,24-Aug-2026,170.32,178.5,178.5,178.5,178.5,178.5,178.5,89,0.16,7,89,100.00
SABAR,SM,24-Aug-2026,6.95,6.65,7.25,6.65,7.25,7.25,6.95,10000,0.7,2,10000,100.00
SACHEEROME,SM,24-Aug-2026,500.55,500.55,503.0,473.05,481.05,482.75,490.79,17400,85.4,50,13200,75.86
SADBHAV,EQ,24-Aug-2026,8.0,8.16,8.25,8.0,8.11,8.09,8.1,138773,11.24,291,94535,68.12
SADBHIN,BE,24-Aug-2026,2.72,2.76,2.76,2.65,2.69,2.68,2.71,76541,2.08,159,-,-
SADHAV,SM,24-Aug-2026,114.45,114.0,118.0,114.0,114.5,114.5,115.78,12000,13.89,19,6600,55.00
SADHNANIQ,BE,24-Aug-2026,2.97,3.0,3.0,2.95,2.95,2.95,3.0,1243057,37.23,466,-,-
SAFARI,EQ,24-Aug-2026,1496.8,1525.0,1525.0,1492.0,1500.0,1495.1,1498.39,20596,308.61,3945,9639,46.80
SAFEENTP,SM,24-Aug-2026,250.0,255.0,255.15,245.0,249.95,249.95,249.75,55500,138.61,62,39000,70.27
SAGARDEEP,EQ,24-Aug-2026,23.4,23.86,24.97,23.5,23.88,23.88,24.04,15322,3.68,153,10716,69.94
SAGCEM,EQ,24-Aug-2026,162.95,163.0,167.61,163.0,165.0,165.33,165.58,27472,45.49,834,19731,71.82
SAGILITY,EQ,24-Aug-2026,43.35,43.4,43.8,43.1,43.19,43.23,43.43,14067265,6109.92,33253,6142295,43.66
SAHAJSOLAR,SM,24-Aug-2026,108.35,109.9,109.9,103.0,103.0,103.2,104.82,32400,33.96,63,27200,83.95
SAHANA,SM,24-Aug-2026,853.05,836.5,898.85,836.5,890.0,892.85,883.8,55650,491.83,263,44100,79.25
SAHASRA,ST,24-Aug-2026,323.45,328.95,328.95,316.7,321.0,320.4,319.5,24800,79.24,56,23200,93.55
SAHLIBHFI,EQ,24-Aug-2026,74.0,76.0,76.0,66.6,73.3,73.37,73.3,3842,2.82,134,2761,71.86
SAHYADRI,EQ,24-Aug-2026,374.05,370.0,376.55,344.85,355.0,351.25,357.82,39532,141.46,2747,22558,57.06
SAICAPI,EQ,24-Aug-2026,146.44,170.05,170.05,147.0,147.0,147.13,157.42,1889,2.97,57,977,51.72
SAIFL,SM,24-Aug-2026,5.1,5.15,5.15,5.0,5.05,5.05,5.07,260000,13.19,46,164000,63.08
SAIL,EQ,24-Aug-2026,173.46,174.8,180.96,174.71,179.65,179.65,179.25,48226622,86445.49,122807,21802749,45.21
SAILIFE,EQ,24-Aug-2026,1457.4,1457.6,1462.1,1432.0,1436.8,1435.9,1445.78,263540,3810.21,19878,159428,60.49
SAIPARENT,EQ,24-Aug-2026,540.85,544.6,544.6,526.0,526.25,528.75,532.78,94129,501.51,2823,70907,75.33
SAKAR,EQ,24-Aug-2026,912.6,912.6,920.45,890.0,901.0,899.5,904.73,55029,497.86,3751,28812,52.36
SAKHTISUG,EQ,24-Aug-2026,21.13,21.51,23.29,21.51,22.34,22.4,22.65,1956094,442.98,5260,899376,45.98
SAKSOFT,EQ,24-Aug-2026,163.52,164.0,165.79,161.5,161.6,162.13,162.75,366366,596.24,5151,179978,49.13
SAKUMA,EQ,24-Aug-2026,1.52,1.53,1.54,1.49,1.5,1.49,1.5,1037291,15.55,1290,821025,79.15
SALASAR,EQ,24-Aug-2026,5.94,5.96,6.0,5.85,5.89,5.87,5.92,2024932,119.82,3313,1445567,71.39
SALONA,EQ,24-Aug-2026,263.3,269.0,274.99,264.0,269.0,268.37,269.81,333,0.9,21,316,94.89
SALSTEEL,EQ,24-Aug-2026,78.93,79.15,79.71,76.11,76.2,77.06,78.31,359072,281.18,3442,119812,33.37
SALZERELEC,EQ,24-Aug-2026,569.55,569.55,573.6,565.0,565.0,569.45,570.03,25436,144.99,1529,14471,56.89
SAMAY,ST,24-Aug-2026,44.2,44.5,46.25,44.0,44.0,44.0,45.2,40000,18.08,10,36000,90.00
SAMBANDAM,EQ,24-Aug-2026,151.2,161.9,161.9,136.08,141.0,144.09,143.72,66847,96.07,1435,21655,32.39
SAMBHAAV,EQ,24-Aug-2026,6.18,6.01,6.9,6.01,6.23,6.3,6.34,44825,2.84,126,31679,70.67
SAMBHV,EQ,24-Aug-2026,129.35,129.4,133.1,128.43,129.78,131.18,130.97,1374092,1799.65,10550,593391,43.18
SAMHI,EQ,24-Aug-2026,159.56,159.1,161.37,158.4,159.5,159.58,159.63,1051413,1678.32,14666,760484,72.33
SAMMAANCAP,EQ,24-Aug-2026,150.52,150.8,153.35,148.66,149.97,149.4,151.08,4165979,6293.79,18309,1755987,42.15
SAMPANN,EQ,24-Aug-2026,25.95,25.95,26.74,25.92,26.38,26.05,26.35,14311,3.77,104,12572,87.85
SANATHAN,EQ,24-Aug-2026,465.6,470.0,470.0,445.0,445.1,448.7,459.09,195868,899.22,2620,160209,81.79
SANDESH,EQ,24-Aug-2026,1038.75,1047.25,1052.8,1028.1,1044.0,1034.15,1039.5,1562,16.24,164,1281,82.01
SANDHAR,EQ,24-Aug-2026,667.75,668.2,704.9,667.75,680.45,680.6,690.17,525204,3624.78,19863,246274,46.89
SANDUMA,EQ,24-Aug-2026,198.93,198.15,208.26,198.15,205.68,205.21,204.12,906743,1850.81,16800,335970,37.05
SANGAMIND,EQ,24-Aug-2026,577.65,577.65,580.95,550.5,560.0,561.6,561.18,77355,434.1,4696,31245,40.39
SANGANI,SM,24-Aug-2026,52.25,50.0,54.85,49.65,54.85,54.85,51.74,10500,5.43,5,9000,85.71
SANGHVIMOV,EQ,24-Aug-2026,479.35,476.9,479.5,447.35,465.0,466.05,464.27,818643,3800.69,27785,423353,51.71
SANGINITA,BE,24-Aug-2026,56.42,53.6,58.9,53.6,53.6,53.6,54.21,1309095,709.62,888,-,-
SANOFI,EQ,24-Aug-2026,3352.8,3372.0,3372.0,3262.0,3262.0,3274.6,3296.56,21250,700.52,4203,16308,76.74
SANOFICONR,EQ,24-Aug-2026,4222.1,4202.0,4281.0,4182.0,4195.0,4220.6,4214.65,4621,194.76,1591,2580,55.83
SANSERA,EQ,24-Aug-2026,3876.9,3876.9,3924.9,3828.7,3865.0,3844.3,3887.69,136795,5318.16,22315,64727,47.32
SANSTAR,EQ,24-Aug-2026,105.75,105.0,109.0,104.9,106.55,106.59,107.14,156773,167.97,2154,69250,44.17
SANWARIA,BZ,24-Aug-2026,0.19,0.2,0.2,0.19,0.2,0.19,0.2,390467,0.76,166,-,-
SAPPHIRE,EQ,24-Aug-2026,242.34,243.25,250.69,243.25,249.12,249.3,247.72,1234318,3057.71,24815,461415,37.38
SAPPL,EQ,24-Aug-2026,281.1,285.1,290.0,276.3,276.3,281.45,282.54,284,0.8,14,279,98.24
SARDAEN,EQ,24-Aug-2026,510.6,514.0,515.7,504.8,506.0,507.0,508.6,249689,1269.91,10536,117327,46.99
SAREGAMA,EQ,24-Aug-2026,506.55,507.0,518.65,507.0,512.0,510.05,511.45,692263,3540.61,22064,374309,54.07
SARLAPOLY,EQ,24-Aug-2026,97.89,98.0,101.5,97.3,100.0,100.02,99.43,69752,69.35,954,47961,68.76
SAROJA,SM,24-Aug-2026,34.4,35.95,36.1,35.95,36.1,36.1,36.02,8000,2.88,5,6400,80.00
SARTELE,SM,24-Aug-2026,105.85,105.85,105.85,100.05,101.1,100.9,101.42,115000,116.63,119,91000,79.13
SARVESHWAR,EQ,24-Aug-2026,3.4,3.46,3.5,3.41,3.46,3.44,3.47,1934614,67.06,1966,1522852,78.72
SASKEN,EQ,24-Aug-2026,1949.0,1960.0,1977.0,1920.5,1925.0,1926.1,1948.32,9298,181.15,1561,5693,61.23
SATECH,SM,24-Aug-2026,32.1,32.5,33.5,31.55,33.0,32.85,32.32,25000,8.08,20,15000,60.00
SATIA,EQ,24-Aug-2026,58.68,57.6,59.09,57.6,57.9,57.91,58.26,103868,60.51,931,62481,60.15
SATIN,EQ,24-Aug-2026,224.16,224.16,225.04,220.22,223.2,223.63,222.96,200407,446.84,3908,100790,50.29
SATIPOLY,ST,24-Aug-2026,44.7,42.5,42.5,42.5,42.5,42.5,42.5,1500,0.64,2,1500,100.00
SATKARTAR,SM,24-Aug-2026,116.1,116.05,123.7,116.05,123.7,121.35,119.99,20000,24.0,24,17600,88.00
SATTVAENGG,SM,24-Aug-2026,73.0,75.0,77.45,75.0,76.7,76.7,76.42,11200,8.56,7,11200,100.00
SAURASHCEM,EQ,24-Aug-2026,58.22,57.25,58.62,56.1,56.79,56.85,57.44,113507,65.2,1087,78974,69.58
SAVY,SM,24-Aug-2026,129.0,129.5,129.5,125.0,126.0,126.0,127.72,52800,67.44,10,51600,97.73
SAWALIYA,SM,24-Aug-2026,277.2,285.0,285.0,275.1,275.1,279.05,279.31,124200,346.9,91,94800,76.33
SAYAJIHOTL,EQ,24-Aug-2026,328.0,343.8,344.0,300.05,344.0,339.35,326.72,1510,4.93,71,1241,82.19
SAYAJIIND,EQ,24-Aug-2026,116.17,116.17,119.94,113.5,118.99,116.03,115.76,1872,2.17,81,1630,87.07
SBC,EQ,24-Aug-2026,40.1,40.1,40.3,39.77,39.85,39.82,39.96,5627095,2248.77,12796,2381246,42.32
SBCL,EQ,24-Aug-2026,993.25,999.9,1035.95,990.35,1002.5,1001.5,1012.92,225112,2280.2,12619,101710,45.18
SBFC,EQ,24-Aug-2026,93.93,93.47,94.12,91.78,92.3,92.23,92.65,692634,641.73,6082,361496,52.19
SBGLP,EQ,24-Aug-2026,24.8,24.8,25.1,23.6,24.12,24.15,24.27,29610,7.19,202,22232,75.08
SBIBPB,EQ,24-Aug-2026,49.8,49.8,50.47,49.01,49.61,49.44,49.57,41136,20.39,505,30329,73.73
SBICARD,EQ,24-Aug-2026,649.0,648.4,656.6,642.95,650.3,650.3,650.46,2560374,16654.31,32768,1460031,57.02
SBIETFCON,EQ,24-Aug-2026,124.06,127.16,127.16,123.3,124.0,123.45,124.06,3675,4.56,132,2699,73.44
SBIETFIT,EQ,24-Aug-2026,338.93,338.93,342.9,337.44,337.5,338.38,340.55,7438,25.33,215,4858,65.31
SBIETFPB,EQ,24-Aug-2026,282.33,282.33,284.0,279.71,282.44,282.41,282.03,1562,4.41,85,1050,67.22
SBIETFQLTY,EQ,24-Aug-2026,225.25,225.25,225.33,223.82,223.98,224.71,224.06,2743,6.15,66,2589,94.39
SBIFUNDS,EQ,24-Aug-2026,549.55,550.0,551.0,540.0,540.4,541.4,543.7,1529867,8317.85,45274,961625,62.86
SBILIFE,EQ,24-Aug-2026,1792.9,1801.7,1801.7,1759.1,1761.8,1761.8,1774.14,542306,9621.26,41329,278670,51.39
SBILIQETF,EQ,24-Aug-2026,1052.94,1053.46,1053.46,1053.07,1053.07,1053.07,1053.08,126132,1328.27,96,69525,55.12
SBIMIDMOM,EQ,24-Aug-2026,63.9,63.9,64.36,63.82,64.0,63.82,63.91,101870,65.1,122,80220,78.75
SBIN,EQ,24-Aug-2026,1048.7,1047.9,1047.9,1032.1,1039.5,1039.5,1036.32,8868193,91902.48,140325,5664401,63.87
SBINEQWETF,EQ,24-Aug-2026,33.66,33.66,33.99,33.02,33.6,33.59,33.65,9813,3.3,264,6527,66.51
SBINMID150,EQ,24-Aug-2026,23.44,23.55,23.6,23.45,23.48,23.52,23.53,10331,2.43,146,10109,97.85
SBISILVER,EQ,24-Aug-2026,238.24,238.24,239.61,236.83,237.36,237.34,237.74,1347398,3203.24,7721,633799,47.04
SBISMLETF,EQ,24-Aug-2026,18.39,18.58,18.58,18.38,18.49,18.46,18.53,65509,12.14,272,49458,75.50
SBIVALETF,EQ,24-Aug-2026,14.78,14.78,15.08,14.72,14.83,14.82,14.76,4802,0.71,57,3208,66.81
SCANSTL,BE,24-Aug-2026,63.05,63.05,65.99,61.15,64.0,63.88,63.7,32479,20.69,149,-,-
SCHAEFFLER,EQ,24-Aug-2026,4017.9,4039.0,4039.0,3996.0,4024.1,4020.4,4009.95,94487,3788.88,18159,60991,64.55
SCHAND,EQ,24-Aug-2026,136.76,137.9,139.3,135.0,135.6,136.06,135.99,62653,85.2,1468,36565,58.36
SCHNEIDER,EQ,24-Aug-2026,1217.3,1220.0,1225.0,1152.6,1158.0,1158.4,1176.86,591556,6961.81,50447,345691,58.44
SCI,EQ,24-Aug-2026,290.55,292.0,295.05,287.0,289.0,288.45,290.88,1030196,2996.64,17823,425220,41.28
SCILAL,EQ,24-Aug-2026,39.81,39.81,40.41,39.76,40.02,40.02,40.1,127243,51.02,1369,80330,63.13
SCODATUBES,EQ,24-Aug-2026,128.84,129.77,132.18,129.29,130.0,130.03,130.21,358108,466.31,1804,300588,83.94
SCPL,BE,24-Aug-2026,682.75,682.0,682.0,649.0,650.0,651.6,665.88,29942,199.38,399,-,-
SDBL,EQ,24-Aug-2026,73.74,73.97,74.84,72.76,72.96,73.02,73.66,371644,273.77,2948,212386,57.15
SDREAMS,SM,24-Aug-2026,82.05,81.1,82.9,80.0,82.0,82.0,81.07,14000,11.35,11,11000,78.57
SEAMECLTD,EQ,24-Aug-2026,1674.3,1684.9,1703.6,1634.9,1650.0,1655.0,1660.86,107675,1788.34,10487,60612,56.29
SECMARK,EQ,24-Aug-2026,126.48,129.4,129.4,126.0,126.0,126.0,127.13,3,0.0,3,2,66.67
SECURKLOUD,EQ,24-Aug-2026,17.68,18.29,19.24,17.68,18.14,17.96,18.26,20305,3.71,186,13292,65.46
SEDEMAC,EQ,24-Aug-2026,3253.1,3270.0,3272.5,3130.1,3165.0,3151.0,3173.15,107759,3419.36,17435,48768,45.26
SEIL,EQ,24-Aug-2026,205.84,208.99,211.95,203.0,209.04,210.15,208.74,450698,940.77,4087,331230,73.49
SEJALLTD,EQ,24-Aug-2026,663.9,669.9,693.0,652.55,675.1,686.2,674.23,8501,57.32,793,5276,62.06
SEKURITIND,EQ,24-Aug-2026,118.71,122.9,122.9,118.0,118.0,118.4,118.81,12639,15.02,169,8618,68.19
SEL,SM,24-Aug-2026,302.0,300.0,300.6,300.0,300.5,300.5,300.13,1800,5.4,8,1600,88.89
SELECTIPO,EQ,24-Aug-2026,48.84,48.95,49.1,48.76,48.95,48.91,48.9,80515,39.37,272,52759,65.53
SELMC,EQ,24-Aug-2026,28.01,28.01,28.97,27.55,28.04,28.08,28.45,4643,1.32,118,3801,81.87
SEMAC,EQ,24-Aug-2026,296.0,297.45,297.45,287.2,295.0,293.4,293.95,315,0.93,25,186,59.05
SENCO,EQ,24-Aug-2026,345.4,349.0,377.75,347.0,368.5,371.75,365.98,4898448,17927.33,79049,1710741,34.92
SENORES,EQ,24-Aug-2026,1513.3,1521.0,1599.0,1492.1,1499.7,1515.7,1553.52,435659,6768.06,30493,173224,39.76
SENSEXADD,EQ,24-Aug-2026,79.65,80.04,80.18,79.59,79.93,79.93,79.97,202,0.16,16,147,72.77
SENSEXAXIS,EQ,24-Aug-2026,80.68,78.66,81.08,78.66,80.0,80.12,80.42,1614,1.3,90,819,50.74
SENSEXBETA,EQ,24-Aug-2026,859.62,860.0,862.1,855.0,858.56,857.86,858.21,1298,11.14,236,1057,81.43
SENSEXETF,EQ,24-Aug-2026,80.18,80.3,80.37,79.73,79.85,79.85,79.95,23337,18.66,284,7057,30.24
SENSEXIETF,EQ,24-Aug-2026,894.42,894.41,895.56,889.0,891.0,890.53,891.52,4508,40.19,381,2649,58.76
SEPC,EQ,24-Aug-2026,5.79,5.76,5.9,5.68,5.83,5.82,5.76,13218135,761.35,12096,4288986,32.45
SERVICE,SM,24-Aug-2026,61.4,62.65,64.3,62.05,64.3,64.2,63.41,62000,39.32,26,36000,58.06
SERVOTECH,EQ,24-Aug-2026,82.45,82.75,83.95,81.5,81.95,82.26,82.58,377642,311.87,3942,185147,49.03
SESHAPAPER,EQ,24-Aug-2026,228.84,228.02,231.28,225.2,229.07,227.55,228.68,22834,52.22,596,11818,51.76
SETCO,BE,24-Aug-2026,17.34,18.2,18.2,17.16,18.0,17.99,18.08,172681,31.22,284,-,-
SETF10GILT,EQ,24-Aug-2026,264.69,264.69,266.79,259.4,264.05,264.52,265.27,2641,7.01,74,1491,56.46
SETFGOLD,EQ,24-Aug-2026,135.64,139.03,140.0,136.41,137.5,137.32,137.27,4947270,6791.14,18845,2749461,55.58
SETFNIF50,EQ,24-Aug-2026,261.56,268.09,268.09,260.06,260.85,260.85,261.06,734041,1916.29,4753,494539,67.37
SETFNIFBK,EQ,24-Aug-2026,593.21,594.54,594.67,589.15,592.25,590.09,590.82,75008,443.16,589,52504,70.00
SETFNN50,EQ,24-Aug-2026,793.98,798.79,798.79,791.19,793.99,792.94,792.84,22668,179.72,1231,13940,61.50
SETL,EQ,24-Aug-2026,297.75,303.8,312.6,303.65,312.6,312.35,312.26,4038144,12609.52,14422,3255582,80.62
SETUINFRA,BZ,24-Aug-2026,0.44,0.45,0.46,0.45,0.45,0.45,0.46,43174,0.2,66,-,-
SEYAIND,BE,24-Aug-2026,12.45,12.57,12.69,12.21,12.21,12.21,12.49,8042,1.0,42,-,-
SFL,EQ,24-Aug-2026,664.95,664.95,671.35,654.0,656.9,656.15,662.64,91625,607.14,7383,44251,48.30
SFML,SM,24-Aug-2026,22.25,20.1,21.25,20.1,21.2,21.2,20.95,6400,1.34,4,6400,100.00
SGBAPR28I,GB,24-Aug-2026,15808.15,15821.15,16200.0,15821.15,16050.0,16059.86,16069.68,355,57.05,79,225,63.38
SGBAUG27,GB,24-Aug-2026,15770.59,15826.0,16194.99,15826.0,15945.0,15945.0,15974.32,87,13.9,39,69,79.31
SGBAUG28V,GB,24-Aug-2026,15746.41,15916.0,16078.99,15901.01,15969.99,15947.59,15955.65,813,129.72,193,643,79.09
SGBAUG29V,GB,24-Aug-2026,15792.42,15816.56,16050.0,15816.56,16030.76,15994.13,15999.01,202,32.32,83,171,84.65
SGBAUG30,GB,24-Aug-2026,15830.78,15987.0,16188.0,15987.0,16180.0,16151.25,16126.34,266,42.9,87,233,87.59
SGBD29VIII,GB,24-Aug-2026,15768.09,15801.0,16147.89,15801.0,15950.0,15950.0,15981.06,182,29.09,77,151,82.97
SGBDC27VII,GB,24-Aug-2026,15749.99,15949.99,16010.0,15930.01,16010.0,16010.0,16002.18,39,6.24,18,26,66.67
SGBDE30III,GB,24-Aug-2026,15866.27,15875.56,16200.01,15875.56,16020.0,16044.21,16097.37,600,96.58,144,383,63.83
SGBDE31III,GB,24-Aug-2026,16068.17,16101.0,16300.0,16100.01,16275.0,16280.14,16268.15,1664,270.7,353,939,56.43
SGBDEC26,GB,24-Aug-2026,15700.0,15760.01,15949.0,15760.01,15949.0,15949.0,15854.51,46,7.29,6,23,50.00
SGBFEB27,GB,24-Aug-2026,15750.0,15899.0,15899.0,15899.0,15899.0,15899.0,15899.0,1,0.16,1,1,100.00
SGBFEB28IX,GB,24-Aug-2026,15749.44,15900.0,16298.0,15900.0,15900.0,15918.57,15996.36,19,3.04,13,14,73.68
SGBFEB29XI,GB,24-Aug-2026,15774.2,15901.01,16049.98,15901.0,15973.0,15937.57,15946.11,169,26.95,53,115,68.05
SGBFEB32IV,GB,24-Aug-2026,16165.62,16365.62,16529.0,16256.01,16448.99,16425.93,16435.12,2082,342.18,436,1396,67.05
SGBJ28VIII,GB,24-Aug-2026,15750.0,15821.01,16270.0,15821.01,15830.0,15830.0,16158.87,16,2.59,7,16,100.00
SGBJAN27,GB,24-Aug-2026,15745.0,15990.0,15990.0,15821.01,15948.0,15948.0,15876.31,16,2.54,9,14,87.50
SGBJAN29IX,GB,24-Aug-2026,15767.06,15848.84,15995.0,15801.0,15950.0,15950.6,15941.02,278,44.32,59,238,85.61
SGBJAN29X,GB,24-Aug-2026,15780.0,15805.01,16049.99,15805.01,15944.0,15943.33,15946.49,65,10.37,20,53,81.54
SGBJAN30IX,GB,24-Aug-2026,15798.26,15825.0,16087.99,15825.0,16038.0,16041.62,16005.64,91,14.57,32,63,69.23
SGBJU29III,GB,24-Aug-2026,15748.01,15900.0,16000.0,15826.0,16000.0,15985.57,15956.18,207,33.03,46,154,74.40
SGBJUL27,GB,24-Aug-2026,15740.0,15899.0,15998.99,15852.15,15920.0,15892.22,15888.91,36,5.72,15,18,50.00
SGBJUL28IV,GB,24-Aug-2026,15745.72,15805.01,15997.98,15805.01,15949.99,15937.31,15949.38,372,59.33,87,263,70.70
SGBJUL29IV,GB,24-Aug-2026,15782.01,15805.01,16099.99,15805.01,15950.0,15952.13,15956.87,200,31.91,59,144,72.00
SGBJUN27,GB,24-Aug-2026,15689.96,15894.99,16000.0,15861.0,15900.0,15900.0,15917.44,27,4.3,10,26,96.30
SGBJUN28,GB,24-Aug-2026,15728.16,15950.0,16000.0,15870.03,15907.0,15963.22,15967.78,53,8.46,21,37,69.81
SGBJUN29II,GB,24-Aug-2026,15765.29,15910.72,16000.0,15851.0,15999.0,15993.22,15979.28,256,40.91,49,223,87.11
SGBJUN30,GB,24-Aug-2026,15809.97,16000.0,16104.91,15970.0,16104.91,16088.92,16038.51,82,13.15,47,38,46.34
SGBJUN31I,GB,24-Aug-2026,15952.63,15975.56,16244.99,15975.56,16175.0,16181.33,16191.21,620,100.39,172,454,73.23
SGBMAR28X,GB,24-Aug-2026,15815.0,16050.0,16200.0,16050.0,16200.0,16200.0,16145.12,41,6.62,3,41,100.00
SGBMAR30X,GB,24-Aug-2026,15814.1,16100.0,16100.0,15925.0,16049.0,16047.0,16020.24,307,49.18,66,241,78.50
SGBMAR31IV,GB,24-Aug-2026,15932.0,16100.0,16294.88,16086.7,16170.0,16170.0,16178.01,234,37.86,67,173,73.93
SGBMAY28,GB,24-Aug-2026,15725.01,15755.01,16096.0,15755.01,15990.0,15971.54,15975.34,230,36.74,44,192,83.48
SGBMAY29I,GB,24-Aug-2026,15755.94,15900.01,16047.0,15900.01,15997.99,15994.91,15997.97,622,99.51,156,394,63.34
SGBMR29XII,GB,24-Aug-2026,15904.31,16016.0,16288.99,16005.0,16150.0,16149.79,16161.72,1391,224.81,107,1298,93.31
SGBN28VIII,GB,24-Aug-2026,15770.17,15712.2,16098.99,15701.17,16028.0,16028.0,15970.97,202,32.26,50,138,68.32
SGBNOV26,GB,24-Aug-2026,15759.89,15900.0,15900.0,15900.0,15900.0,15900.0,15900.0,10,1.59,2,10,100.00
SGBNV29VII,GB,24-Aug-2026,15790.77,15999.0,16089.0,15911.0,16000.0,16000.0,16019.18,271,43.41,46,219,80.81
SGBOC28VII,GB,24-Aug-2026,15845.99,16050.0,16105.0,16000.0,16050.0,16053.45,16084.52,491,78.98,34,430,87.58
SGBOCT26,GB,24-Aug-2026,16000.0,16060.03,16060.03,16060.03,16060.03,16060.03,16060.03,60,9.64,2,60,100.00
SGBOCT27,GB,24-Aug-2026,15900.0,16052.0,16149.99,16052.0,16060.0,16060.0,16059.6,129,20.72,11,69,53.49
SGBOCT27VI,GB,24-Aug-2026,15890.01,16000.0,16130.25,16000.0,16130.25,16130.25,16042.88,46,7.38,9,46,100.00
SGBSEP27,GB,24-Aug-2026,15898.0,15898.0,16175.0,15898.0,16175.0,16175.0,16041.53,30,4.81,9,28,93.33
SGBSEP28VI,GB,24-Aug-2026,15904.75,15825.23,16210.0,15825.23,16210.0,16176.07,16144.69,266,42.94,58,199,74.81
SGBSEP29VI,GB,24-Aug-2026,15900.0,16298.0,16298.0,16120.01,16161.0,16160.5,16186.95,955,154.59,73,935,97.91
SGBSEP31II,GB,24-Aug-2026,15996.6,15916.62,16289.85,15916.62,16279.99,16261.94,16227.07,1479,240.0,290,935,63.22
SGFIN,EQ,24-Aug-2026,687.15,685.0,713.85,685.0,688.4,689.35,701.01,313051,2194.53,9715,150793,48.17
SGIL,EQ,24-Aug-2026,564.05,550.6,585.0,550.6,575.0,575.85,575.18,16792,96.59,686,10034,59.75
SGL,EQ,24-Aug-2026,9.8,10.09,10.3,10.09,10.1,10.1,10.11,24133,2.44,65,17186,71.21
SGLRES,EQ,24-Aug-2026,2.45,2.53,2.56,2.33,2.56,2.49,2.48,37147,0.92,92,30063,80.93
SGMART,EQ,24-Aug-2026,820.35,824.05,840.0,802.0,807.65,811.55,820.79,372170,3054.72,15480,166841,44.83
SGRL,EQ,24-Aug-2026,507.6,529.65,529.65,506.85,520.0,519.05,514.4,1918,9.87,187,1458,76.02
SHADOWFAX,EQ,24-Aug-2026,255.39,253.95,262.6,253.0,262.59,260.34,258.08,4841851,12495.74,54949,2016571,41.65
SHAH,EQ,24-Aug-2026,3.33,3.67,3.99,3.5,3.99,3.99,3.83,7806929,299.36,3646,2629867,33.69
SHAHALLOYS,EQ,24-Aug-2026,77.31,77.15,79.0,75.1,78.5,78.37,77.35,10818,8.37,174,8687,80.30
SHAILY,EQ,24-Aug-2026,3321.0,3325.6,3391.8,3251.0,3266.0,3268.8,3326.29,101926,3390.36,18626,48450,47.53
SHAKTIPUMP,EQ,24-Aug-2026,503.55,503.55,506.8,491.8,494.2,493.9,495.99,455929,2261.37,17099,239044,52.43
SHALBY,EQ,24-Aug-2026,152.96,153.84,158.4,153.71,153.72,154.03,154.65,59122,91.43,1582,35265,59.65
SHALPAINTS,BE,24-Aug-2026,80.89,82.0,84.93,82.0,84.93,84.75,84.35,219032,184.76,692,-,-
SHANKARA,EQ,24-Aug-2026,143.29,142.11,145.26,142.03,144.33,144.83,144.43,35334,51.03,574,25520,72.23
SHANTHALA,SM,24-Aug-2026,16.5,16.5,16.5,16.3,16.3,16.3,16.37,3600,0.59,3,3600,100.00
SHANTI,EQ,24-Aug-2026,6.3,6.52,6.52,6.19,6.28,6.33,6.39,23157,1.48,80,18071,78.04
SHANTIGEAR,EQ,24-Aug-2026,464.25,508.0,557.1,487.0,557.1,549.0,528.44,11921010,62995.12,204572,608799,5.11
SHANTIGOLD,EQ,24-Aug-2026,269.58,277.4,280.75,266.13,270.58,270.52,273.42,2973220,8129.25,35602,1091480,36.71
SHARDACROP,EQ,24-Aug-2026,760.9,768.5,787.2,764.0,782.0,779.3,781.2,204189,1595.13,11128,94798,46.43
SHARDAMOTR,EQ,24-Aug-2026,913.1,913.15,927.55,890.25,893.0,893.15,909.03,67035,609.37,5751,39449,58.85
SHARDUL,BE,24-Aug-2026,52.63,53.0,53.5,51.06,52.95,52.08,52.5,23037,12.09,153,-,-
SHAREINDIA,EQ,24-Aug-2026,174.13,173.85,175.84,172.61,173.15,173.53,173.67,193232,335.58,1857,111011,57.45
SHARIABEES,EQ,24-Aug-2026,459.36,458.23,463.95,457.2,460.41,459.58,460.62,5445,25.08,473,3347,61.47
SHBAJRG,EQ,24-Aug-2026,172.89,172.89,177.99,162.26,166.17,166.68,167.75,4455,7.47,194,3780,84.85
SHEEL,ST,24-Aug-2026,60.0,59.55,59.55,59.55,59.55,59.55,59.55,6000,3.57,3,6000,100.00
SHEETAL,SM,24-Aug-2026,323.0,328.0,345.75,328.0,345.7,337.25,334.98,12000,40.2,19,8000,66.67
SHEKHAWATI,BE,24-Aug-2026,18.6,18.51,19.0,17.72,18.54,18.32,18.16,15500,2.81,84,-,-
SHEMAROO,BE,24-Aug-2026,127.92,127.95,129.65,125.0,126.8,126.51,126.78,14071,17.84,75,-,-
SHERA,SM,24-Aug-2026,178.65,184.7,188.9,173.6,174.0,174.7,181.36,81000,146.9,78,60000,74.07
SHERVANI,EQ,24-Aug-2026,321.15,320.5,348.8,311.5,344.5,344.5,323.67,43,0.14,7,30,69.77
SHETHJI,ST,24-Aug-2026,165.2,165.3,169.0,165.3,165.8,165.9,166.0,49000,81.34,19,48000,97.96
SHILCTECH,EQ,24-Aug-2026,3883.1,3890.0,3959.9,3890.0,3925.2,3921.2,3936.67,19736,776.94,3797,10230,51.83
SHILGRAVQ,EQ,24-Aug-2026,166.5,166.25,169.0,162.5,162.5,164.38,165.26,630,1.04,25,576,91.43
SHILPAMED,EQ,24-Aug-2026,814.95,819.0,866.65,811.25,859.0,855.8,848.87,3006284,25519.39,93651,883364,29.38
SHINDL,EQ,24-Aug-2026,165.28,165.0,165.59,162.15,162.62,163.59,162.96,152985,249.31,529,4210,2.75
SHIPROCKET,EQ,24-Aug-2026,140.81,140.9,142.6,132.4,133.99,134.67,136.08,23136866,31485.57,108377,5441283,23.52
SHIVAAGRO,EQ,24-Aug-2026,39.4,41.99,44.4,38.65,43.0,42.76,42.69,18088,7.72,130,16168,89.39
SHIVACEM,EQ,24-Aug-2026,16.67,16.7,17.05,16.51,17.05,16.98,16.79,65125,10.93,373,58927,90.48
SHIVALIK,BE,24-Aug-2026,270.49,270.49,278.0,262.0,273.0,271.52,271.01,21371,57.92,294,-,-
SHIVAMAUTO,BE,24-Aug-2026,16.87,16.87,16.87,16.22,16.52,16.3,16.44,16920,2.78,95,-,-
SHIVAMILLS,EQ,24-Aug-2026,59.91,62.69,62.69,59.5,61.47,59.64,59.86,1790,1.07,32,1107,61.84
SHIVASHRIT,SM,24-Aug-2026,118.4,118.75,120.8,116.6,120.8,120.0,119.82,23000,27.56,12,22000,95.65
SHIVATEX,EQ,24-Aug-2026,165.7,165.99,173.0,161.39,172.0,168.97,168.72,9110,15.37,117,5844,64.15
SHIVAUM,EQ,24-Aug-2026,444.15,447.45,450.0,440.0,440.0,444.2,444.99,133032,591.98,127,130779,98.31
SHK,EQ,24-Aug-2026,157.47,157.47,159.39,153.76,155.95,154.6,156.29,396110,619.1,6469,230189,58.11
SHOPERSTOP,EQ,24-Aug-2026,421.3,423.5,424.4,404.1,404.1,406.75,412.76,45699,188.63,2558,25518,55.84
SHRADDHA,EQ,24-Aug-2026,154.21,179.0,179.0,152.0,156.0,153.14,157.01,2731,4.29,93,2446,89.56
SHRADHA,EQ,24-Aug-2026,33.62,34.49,34.49,32.9,32.96,32.95,33.23,22849,7.59,152,16737,73.25
SHREDIGCEM,EQ,24-Aug-2026,72.39,73.0,73.0,70.65,72.89,72.32,71.73,113696,81.55,1500,65814,57.89
SHREECEM,EQ,24-Aug-2026,24280.0,24365.0,24365.0,23880.0,24020.0,24020.0,24101.94,12456,3002.14,5838,6352,51.00
SHREEDHAR,ST,24-Aug-2026,111.1,114.45,116.65,114.45,116.65,116.65,115.51,18000,20.79,8,16000,88.89
SHREEJISPG,EQ,24-Aug-2026,620.55,628.7,638.5,624.05,635.0,635.3,632.41,476467,3013.21,6875,194789,40.88
SHREEKARNI,SM,24-Aug-2026,351.65,345.0,346.0,342.0,342.05,342.05,344.37,1650,5.68,9,1650,100.00
SHREEOSFM,SM,24-Aug-2026,60.5,60.45,61.65,60.45,61.65,61.65,61.02,5000,3.05,5,5000,100.00
SHREEPUSHK,EQ,24-Aug-2026,401.15,400.0,434.8,396.1,426.5,426.9,422.62,257589,1088.62,8287,86796,33.70
SHREERAMA,EQ,24-Aug-2026,45.04,45.64,46.5,44.51,45.51,45.31,45.37,80431,36.49,1146,49782,61.89
SHREMINVIT,IV,24-Aug-2026,101.0,100.1,100.25,99.9,99.9,99.9,100.11,100000,100.11,4,100000,100.00
SHRENIK,BZ,24-Aug-2026,0.29,0.28,0.3,0.28,0.29,0.28,0.29,505076,1.44,262,-,-
SHREYANIND,EQ,24-Aug-2026,125.33,129.5,129.5,121.81,122.15,122.49,124.07,17670,21.92,361,14483,81.96
SHRIAHIMSA,ST,24-Aug-2026,415.0,426.0,435.75,424.0,435.75,435.75,432.29,28200,121.91,43,26400,93.62
SHRIKANHA,SM,24-Aug-2026,22.45,21.35,22.5,21.35,21.35,21.35,21.54,16000,3.45,10,12800,80.00
SHRIKRISH,EQ,24-Aug-2026,38.0,38.5,38.5,38.01,38.01,38.01,38.04,32,0.01,4,32,100.00
SHRINGARMS,EQ,24-Aug-2026,230.52,231.9,233.0,227.68,227.75,228.67,229.84,215050,494.27,2084,93603,43.53
SHRIPISTON,EQ,24-Aug-2026,4600.1,4615.0,4785.8,4557.2,4750.0,4746.8,4706.9,177514,8355.4,31719,100993,56.89
SHRIRAMFIN,EQ,24-Aug-2026,1130.0,1120.5,1137.3,1112.0,1119.0,1119.0,1119.7,3112438,34850.04,65334,1977190,63.53
SHRIRAMPPS,EQ,24-Aug-2026,77.91,78.27,79.0,76.65,76.94,76.83,77.6,344187,267.08,3284,228419,66.36
SHRITECH,SM,24-Aug-2026,56.7,58.7,61.0,58.7,60.05,60.05,60.18,8000,4.81,4,8000,100.00
SHRJAGP,EQ,24-Aug-2026,692.85,676.6,701.0,676.6,701.0,699.7,692.21,726,5.03,88,538,74.10
SHUBHLAXMI,SM,24-Aug-2026,19.9,19.45,19.45,19.45,19.45,19.45,19.45,1000,0.19,1,1000,100.00
SHUBHSHREE,SM,24-Aug-2026,353.0,353.9,353.9,353.9,353.9,353.9,353.9,300,1.06,1,300,100.00
SHUKRAPHAR,EQ,24-Aug-2026,44.06,45.25,45.25,44.04,44.07,44.07,44.25,694253,307.23,2189,492779,70.98
SHYAMCENT,BE,24-Aug-2026,4.92,4.85,5.07,4.85,4.93,4.89,4.9,185717,9.1,158,-,-
SHYAMDHANI,ST,24-Aug-2026,54.5,54.0,54.95,54.0,54.95,54.95,54.48,4000,2.18,2,4000,100.00
SHYAMMETL,EQ,24-Aug-2026,984.9,985.0,1005.9,984.2,997.4,1001.0,996.63,181837,1812.24,6378,131014,72.05
SHYAMTEL,EQ,24-Aug-2026,14.67,14.67,14.9,13.8,14.0,13.99,14.23,6144,0.87,40,6132,99.80
SICAGEN,EQ,24-Aug-2026,55.66,57.0,57.0,52.88,53.4,53.55,53.8,88185,47.44,644,46579,52.82
SICALLOG,BE,24-Aug-2026,111.21,111.21,113.39,105.65,105.65,105.65,106.41,68612,73.01,273,-,-
SIDDHICOTS,SM,24-Aug-2026,27.3,27.45,27.6,27.45,27.6,27.6,27.5,3600,0.99,3,2400,66.67
SIDDHIKA,SM,24-Aug-2026,208.0,218.0,218.0,212.55,218.0,218.0,217.4,8000,17.39,16,8000,100.00
SIEL,EQ,24-Aug-2026,38.29,37.98,37.98,36.38,36.38,36.38,36.49,705,0.26,32,702,99.57
SIEMENS,EQ,24-Aug-2026,3920.0,3920.0,4118.2,3903.3,4114.0,4114.0,4069.61,1317215,53605.48,91550,407450,30.93
SIGACHI,EQ,24-Aug-2026,30.05,31.0,32.19,30.25,30.45,30.49,31.12,5786642,1800.77,9630,2418150,41.79
SIGIND,EQ,24-Aug-2026,72.26,72.5,74.73,67.55,67.88,68.55,71.12,40106,28.52,630,30770,76.72
SIGMA,EQ,24-Aug-2026,48.65,48.83,51.2,45.69,48.1,48.48,47.51,286428,136.09,2633,92067,32.14
SIGMAADV,EQ,24-Aug-2026,688.2,691.25,695.95,655.25,660.0,659.75,666.76,307346,2049.27,10571,190263,61.91
SIGNATURE,EQ,24-Aug-2026,795.3,799.6,806.7,790.5,796.0,795.4,797.85,200972,1603.46,6114,19386,9.65
SIGNPOST,EQ,24-Aug-2026,264.65,267.0,268.0,262.0,262.4,263.1,265.08,33919,89.91,1476,20696,61.02
SIKA,EQ,24-Aug-2026,1002.7,1003.9,1050.1,1003.0,1033.0,1036.6,1028.09,25849,265.75,2604,14619,56.56
SIKKO,BE,24-Aug-2026,5.33,5.31,5.33,5.11,5.12,5.13,5.18,487390,25.27,678,-,-
SIL,EQ,24-Aug-2026,20.84,20.84,21.4,19.6,20.14,20.15,20.21,260046,52.55,1280,167406,64.38
SILGO,EQ,24-Aug-2026,72.4,72.94,74.49,72.12,72.79,72.45,72.66,223384,162.32,1452,26149,11.71
SILINV,EQ,24-Aug-2026,475.25,475.25,498.0,473.15,483.5,482.7,483.33,4365,21.1,658,3057,70.03
SILKFLEX,SM,24-Aug-2026,210.0,220.5,220.5,220.5,220.5,220.5,220.5,5000,11.03,4,5000,100.00
SILKY,SM,24-Aug-2026,81.55,73.1,73.1,65.25,65.25,65.55,66.06,51200,33.82,55,31200,60.94
SILLYMONKS,EQ,24-Aug-2026,15.69,15.93,15.93,15.4,15.89,15.88,15.69,8813,1.38,30,8765,99.46
SILVER,EQ,24-Aug-2026,242.87,245.3,245.3,240.55,242.08,242.05,242.48,1143186,2771.94,9467,364606,31.89
SILVER1,EQ,24-Aug-2026,23.66,24.25,24.25,23.19,23.54,23.54,23.58,5418847,1278.02,7385,2244912,41.43
SILVER360,EQ,24-Aug-2026,238.61,239.0,239.85,237.64,237.87,238.22,238.33,19667,46.87,540,12133,61.69
SILVERADD,EQ,24-Aug-2026,234.72,234.72,237.07,233.31,234.01,233.88,234.29,290204,679.93,3269,102320,35.26
SILVERAG,EQ,24-Aug-2026,237.28,239.0,239.0,235.25,236.25,235.99,236.19,171001,403.89,3135,70271,41.09
SILVERAXIS,EQ,24-Aug-2026,241.78,240.0,242.7,240.0,240.9,240.82,241.13,330704,797.44,2345,206094,62.32
SILVERBEES,EQ,24-Aug-2026,232.92,232.55,233.5,231.26,231.86,231.8,232.22,22916556,53216.35,82844,7885722,34.41
SILVERBETA,EQ,24-Aug-2026,234.81,233.41,235.77,233.4,233.95,234.1,234.28,570120,1335.7,4154,239860,42.07
SILVERBND,EQ,24-Aug-2026,244.13,245.35,245.99,242.06,242.18,242.79,244.04,17912,43.71,262,7653,42.73
SILVERCASE,EQ,24-Aug-2026,24.69,24.68,24.81,24.19,24.61,24.59,24.62,10039273,2471.78,9641,4416844,44.00
SILVERIETF,EQ,24-Aug-2026,242.87,243.14,243.96,241.54,241.95,242.06,242.5,4592060,11135.81,23795,2249496,48.99
SILVERTUC,EQ,24-Aug-2026,185.94,185.11,188.8,177.62,181.49,180.13,182.3,515595,939.93,8509,191312,37.11
SIMBHALS,BZ,24-Aug-2026,8.28,8.6,8.69,8.6,8.69,8.69,8.67,31804,2.76,62,-,-
SIMCA,SM,24-Aug-2026,242.5,242.5,291.0,242.5,263.5,258.25,252.22,87600,220.94,111,49800,56.85
SIMPLEXINF,EQ,24-Aug-2026,255.71,255.9,257.25,249.0,252.0,253.76,253.64,67534,171.29,1082,51339,76.02
SIMPLXREA,EQ,24-Aug-2026,120.4,126.0,126.0,125.95,125.95,125.95,125.95,54,0.07,3,54,100.00
SINCLAIR,EQ,24-Aug-2026,74.43,75.0,78.58,75.0,75.16,75.32,76.24,28512,21.74,285,14905,52.28
SINDHUTRAD,EQ,24-Aug-2026,23.68,23.65,24.25,23.43,24.0,24.02,23.91,536716,128.31,1191,336368,62.67
SINGERIND,EQ,24-Aug-2026,82.0,82.0,83.59,77.77,79.5,79.11,79.19,163760,129.68,1956,119183,72.78
SINTERCOM,EQ,24-Aug-2026,79.06,79.0,82.9,78.21,79.0,81.72,81.16,906,0.74,59,681,75.17
SIRCA,EQ,24-Aug-2026,451.2,452.6,455.0,435.25,438.0,439.75,445.88,473107,2109.48,6890,216618,45.79
SIS,EQ,24-Aug-2026,417.75,415.0,422.8,415.0,417.5,418.05,419.84,169236,710.52,9843,113869,67.28
SITINET,BZ,24-Aug-2026,0.28,0.29,0.29,0.27,0.29,0.28,0.28,1136491,3.23,353,-,-
SIYSIL,EQ,24-Aug-2026,606.35,601.0,608.35,586.1,590.0,588.45,596.82,70809,422.6,4559,36804,51.98
SJLOGISTIC,SM,24-Aug-2026,353.55,353.55,366.7,350.65,355.0,356.6,358.68,77000,276.18,221,50000,64.94
SJS,EQ,24-Aug-2026,2497.4,2510.7,2578.0,2489.8,2551.7,2561.7,2551.21,175836,4485.94,21593,114319,65.01
SJVN,EQ,24-Aug-2026,66.06,66.5,66.79,65.67,65.72,65.8,66.1,1173125,775.49,11428,643465,54.85
SKFINDIA,EQ,24-Aug-2026,1596.5,1598.0,1612.2,1574.0,1587.2,1586.4,1588.59,34404,546.54,5478,18036,52.42
SKFINDUS,EQ,24-Aug-2026,2758.3,2765.0,2795.9,2707.9,2773.9,2748.1,2745.31,36594,1004.62,5983,20977,57.32
SKIL,BZ,24-Aug-2026,0.86,0.87,0.87,0.82,0.82,0.82,0.84,24630,0.21,57,-,-
SKIPPER,EQ,24-Aug-2026,554.0,554.8,585.0,552.35,579.85,575.0,575.61,2741697,15781.47,60496,1115928,40.70
SKMEGGPROD,EQ,24-Aug-2026,259.05,259.05,263.8,253.0,256.4,256.8,258.46,247958,640.86,4773,93589,37.74
SKP,SM,24-Aug-2026,152.0,152.2,155.85,152.2,152.5,153.55,153.49,3000,4.6,4,2000,66.67
SKYGOLD,EQ,24-Aug-2026,803.5,808.4,808.4,782.55,797.9,798.0,796.0,664308,5287.92,22140,269712,40.60
SKYTECH,ST,24-Aug-2026,70.3,66.8,66.8,66.8,66.8,66.8,66.8,1600,1.07,1,1600,100.00
SLONE,ST,24-Aug-2026,153.7,159.55,161.35,149.0,161.0,158.45,156.84,10400,16.31,22,9200,88.46
SMALL250,EQ,24-Aug-2026,18.47,18.93,18.93,18.06,18.44,18.45,18.5,381713,70.62,848,194618,50.99
SMALLADD,EQ,24-Aug-2026,18.53,18.59,18.75,18.45,18.58,18.47,18.59,20306,3.78,146,17605,86.70
SMALLCAP,EQ,24-Aug-2026,48.82,48.1,49.29,48.1,48.81,48.88,49.04,1419360,695.99,3339,861248,60.68
SMALLGROWW,EQ,24-Aug-2026,49.08,49.32,49.58,48.52,49.15,49.12,49.24,17565,8.65,136,16562,94.29
SMALLIETF,EQ,24-Aug-2026,18.48,18.6,18.74,18.42,18.45,18.45,18.49,45139,8.35,131,27236,60.34
SMARTEN,ST,24-Aug-2026,58.5,56.0,56.0,55.6,55.6,55.6,55.88,14400,8.05,8,13200,91.67
SMARTLINK,BE,24-Aug-2026,226.31,226.1,228.7,221.6,225.0,225.76,225.34,3328,7.5,51,-,-
SMARTWORKS,EQ,24-Aug-2026,523.25,540.0,555.0,523.85,550.0,550.5,546.88,432211,2363.67,15875,235266,54.43
SMCGLOBAL,EQ,24-Aug-2026,81.13,81.01,81.22,78.67,79.7,79.73,80.35,157454,126.52,1160,93611,59.45
SML100CASE,EQ,24-Aug-2026,11.38,11.63,11.63,11.3,11.32,11.32,11.37,1161188,132.05,2030,660441,56.88
SMLMAH,EQ,24-Aug-2026,5324.0,5356.5,5356.5,5181.5,5196.0,5204.0,5265.01,35983,1894.51,5097,18593,51.67
SMLT,EQ,24-Aug-2026,70.77,70.77,70.77,68.8,68.8,68.96,69.28,1592,1.1,117,1136,71.36
SMSPHARMA,EQ,24-Aug-2026,356.6,358.1,362.0,353.5,354.0,354.1,357.67,140071,500.99,3362,84129,60.06
SMVD,SM,24-Aug-2026,16.25,17.05,17.05,16.0,17.0,17.0,16.23,52520,8.53,13,44440,84.62
SNEHAA,SM,24-Aug-2026,44.6,44.5,44.6,42.5,44.2,44.2,43.42,11000,4.78,9,11000,100.00
SNOWMAN,EQ,24-Aug-2026,37.84,37.92,38.5,37.4,37.5,37.59,37.76,106826,40.34,1047,67234,62.94
SNXT30BEES,EQ,24-Aug-2026,43.28,43.4,43.43,43.11,43.16,43.2,43.27,1167,0.5,59,779,66.75
SNXT50BETA,EQ,24-Aug-2026,96.12,96.12,97.18,94.89,95.5,95.59,95.71,2867,2.74,108,1871,65.26
SOBHA,EQ,24-Aug-2026,1294.6,1286.9,1313.0,1285.0,1291.4,1289.1,1296.21,67450,874.29,9533,28292,41.95
SOCL,SM,24-Aug-2026,29.2,28.9,29.0,28.9,29.0,29.0,28.97,9600,2.78,5,6400,66.67
SOFTTECH,EQ,24-Aug-2026,416.2,419.0,422.2,415.0,419.0,419.15,417.02,4182,17.44,49,3678,87.95
SOLARA,EQ,24-Aug-2026,616.9,618.0,653.9,616.9,628.0,629.1,638.19,613372,3914.45,18205,193786,31.59
SOLARINDS,EQ,24-Aug-2026,19900.0,19985.0,19985.0,19612.0,19925.0,19925.0,19804.59,68503,13566.74,15876,21651,31.61
SOLARWORLD,EQ,24-Aug-2026,149.96,152.94,156.08,149.21,150.0,150.13,152.64,324406,495.16,5634,128527,39.62
SOLEX,EQ,24-Aug-2026,772.25,774.0,848.6,772.1,799.0,796.25,806.73,89299,720.4,8800,32529,36.43
SOMANYCERA,EQ,24-Aug-2026,520.15,520.2,555.0,520.05,552.5,552.1,544.73,487680,2656.54,17517,270212,55.41
SOMATEX,EQ,24-Aug-2026,86.24,86.24,89.0,85.0,86.8,86.79,86.98,7110,6.18,98,5546,78.00
SOMICONVEY,EQ,24-Aug-2026,101.17,100.15,103.99,95.2,97.49,97.36,99.24,46898,46.54,1296,25166,53.66
SONACOMS,EQ,24-Aug-2026,817.6,817.6,824.3,806.1,813.5,813.5,814.87,1647328,13423.56,34219,858485,52.11
SONAL,EQ,24-Aug-2026,90.46,87.5,94.0,85.94,94.0,89.4,88.01,170,0.15,13,104,61.18
SONAMAC,SM,24-Aug-2026,33.5,33.55,34.35,32.5,34.35,34.35,33.48,4000,1.34,4,4000,100.00
SONAMLTD,EQ,24-Aug-2026,65.16,65.2,66.8,63.92,64.51,64.41,64.96,63187,41.05,1260,28668,45.37
SONATSOFTW,EQ,24-Aug-2026,304.0,304.65,310.45,303.6,306.65,306.75,307.4,553687,1702.03,12710,181845,32.84
SONUINFRA,ST,24-Aug-2026,35.0,33.75,34.95,33.6,34.95,34.95,33.9,7500,2.54,5,7500,100.00
SOTL,EQ,24-Aug-2026,677.3,680.9,705.0,678.4,680.0,681.8,691.85,242279,1676.2,8326,102159,42.17
SOUTHBANK,EQ,24-Aug-2026,44.97,45.08,45.38,44.26,45.2,45.16,44.91,8487952,3812.16,40278,3469565,40.88
SOUTHWEST,EQ,24-Aug-2026,220.04,220.04,220.45,216.5,218.0,217.99,218.05,179174,390.68,3787,113880,63.56
SPAL,EQ,24-Aug-2026,930.45,938.0,949.0,930.05,945.0,941.35,940.74,60810,572.06,4512,30422,50.03
SPANDANA,EQ,24-Aug-2026,241.3,241.5,250.0,239.2,245.0,241.0,242.42,128765,312.15,3709,57604,44.74
SPARC,EQ,24-Aug-2026,196.71,198.75,200.41,193.99,195.0,195.04,196.86,364691,717.92,7358,196342,53.84
SPCENET,EQ,24-Aug-2026,3.34,3.35,3.44,3.35,3.4,3.38,3.4,633378,21.51,691,606308,95.73
SPCL,SM,24-Aug-2026,60.5,60.0,60.45,59.3,60.05,60.05,60.14,26400,15.88,36,16800,63.64
SPEB,ST,24-Aug-2026,87.65,88.55,88.55,88.55,88.55,88.55,88.55,2000,1.77,1,2000,100.00
SPECIALITY,BE,24-Aug-2026,140.81,141.51,147.79,137.0,146.9,146.24,142.63,95069,135.59,378,-,-
SPECTRUM,BE,24-Aug-2026,2121.8,2124.2,2188.0,2095.0,2160.0,2144.3,2130.0,4189,89.23,308,-,-
SPECTSTM,SM,24-Aug-2026,62.5,62.5,62.5,62.5,62.5,62.5,62.5,800,0.5,1,800,100.00
SPELS,EQ,24-Aug-2026,147.71,147.71,148.0,146.0,147.15,146.86,147.15,29836,43.9,951,17873,59.90
SPENCERS,EQ,24-Aug-2026,30.4,30.4,31.69,30.32,30.6,30.58,31.03,76871,23.85,1679,32841,42.72
SPIC,EQ,24-Aug-2026,68.16,68.48,69.67,67.98,69.3,69.3,68.95,738090,508.88,4720,387136,52.45
SPLIL,EQ,24-Aug-2026,30.25,30.48,30.99,29.31,30.25,30.25,30.62,2453,0.75,66,1903,77.58
SPLPETRO,EQ,24-Aug-2026,697.8,704.7,704.7,688.15,691.0,691.4,693.06,47919,332.11,2783,27427,57.24
SPMLINFRA,EQ,24-Aug-2026,192.94,194.0,194.0,186.5,186.7,187.0,188.84,273631,516.72,3049,158242,57.83
SPORTKING,EQ,24-Aug-2026,213.07,212.8,216.4,208.42,215.9,214.86,212.43,289032,613.98,5016,158693,54.90
SPUNWEB,SM,24-Aug-2026,100.0,100.0,101.1,100.0,101.1,100.35,100.37,3600,3.61,2,3600,100.00
SRD,EQ,24-Aug-2026,39.43,39.43,41.85,39.43,40.78,40.74,40.92,28723,11.75,327,17606,61.30
SREEL,EQ,24-Aug-2026,240.84,246.0,253.0,239.0,248.22,249.71,244.44,35796,87.5,1001,21473,59.99
SRF,EQ,24-Aug-2026,2571.9,2569.7,2590.0,2568.0,2580.8,2580.8,2578.84,262284,6763.88,23339,168978,64.43
SRGHFL,EQ,24-Aug-2026,264.25,261.6,267.0,255.35,255.65,256.0,260.37,2652,6.9,103,1899,71.61
SRHHYPOLTD,EQ,24-Aug-2026,473.15,476.6,483.3,472.9,475.2,476.9,477.48,9947,47.5,520,6913,69.50
SRIKPRIND,EQ,24-Aug-2026,20.48,19.96,20.68,19.63,19.63,19.79,19.91,1891,0.38,28,1888,99.84
SRIVASAVI,ST,24-Aug-2026,81.0,82.95,82.95,81.15,81.15,81.15,82.01,5000,4.1,5,4000,80.00
SRM,EQ,24-Aug-2026,467.85,463.0,475.0,460.0,463.5,464.05,465.76,78996,367.94,2911,43208,54.70
SRTL,EQ,24-Aug-2026,39.92,40.11,40.8,39.8,40.45,40.13,40.16,26918,10.81,227,23779,88.34
SSDL,EQ,24-Aug-2026,58.6,58.75,59.64,56.5,57.69,57.46,57.89,19288,11.17,394,14475,75.05
SSEGL,SM,24-Aug-2026,363.0,365.05,410.0,360.0,400.0,396.75,391.75,227400,890.85,623,173400,76.25
SSFL,ST,24-Aug-2026,230.0,230.0,230.0,230.0,230.0,230.0,230.0,500,1.15,1,500,100.00
SSWL,EQ,24-Aug-2026,295.0,295.05,302.15,294.0,294.7,294.7,297.07,420403,1248.9,6458,257104,61.16
STALLION,BE,24-Aug-2026,228.25,226.0,234.9,225.0,225.35,225.15,229.26,353723,810.95,2941,-,-
STANLEY,EQ,24-Aug-2026,137.89,136.25,139.04,136.0,136.4,136.03,136.58,58682,80.15,2069,36949,62.96
STAR,EQ,24-Aug-2026,986.2,989.4,999.0,974.3,994.9,993.6,987.64,220560,2178.34,14425,94953,43.05
STARCEMENT,EQ,24-Aug-2026,194.62,194.83,196.08,192.9,194.54,194.85,194.71,300566,585.24,8439,151370,50.36
STARHEALTH,EQ,24-Aug-2026,578.5,573.95,580.0,570.45,575.95,573.0,574.38,219690,1261.86,16445,107677,49.01
STARPAPER,EQ,24-Aug-2026,144.98,145.1,146.8,142.21,146.8,145.91,144.89,7581,10.98,133,6402,84.45
STARTECK,EQ,24-Aug-2026,247.95,250.4,259.3,250.4,251.05,252.0,255.76,7095,18.15,58,58,0.82
STCINDIA,EQ,24-Aug-2026,121.21,122.95,125.0,121.31,122.0,121.89,122.76,47575,58.41,1655,28908,60.76
STEELCAS,EQ,24-Aug-2026,356.05,364.0,364.0,345.0,345.5,346.5,350.88,106971,375.34,2348,48320,45.17
STEELCITY,EQ,24-Aug-2026,81.82,81.82,82.89,80.5,82.01,82.21,81.88,7086,5.8,121,4121,58.16
STEELXIND,EQ,24-Aug-2026,10.6,10.6,11.2,10.59,10.92,10.9,10.98,3783914,415.33,4898,1814619,47.96
STEL,EQ,24-Aug-2026,611.05,618.9,625.2,600.0,625.0,617.6,620.0,15077,93.48,561,12211,80.99
STERTOOLS,BE,24-Aug-2026,223.0,224.8,225.7,221.55,224.0,223.45,223.4,7111,15.89,194,-,-
STLNETWORK,EQ,24-Aug-2026,25.85,26.15,26.44,25.5,25.56,25.61,25.91,499278,129.39,1873,339696,68.04
STLSTRINF,EQ,24-Aug-2026,18.87,20.96,20.96,18.07,19.4,19.61,19.26,1201,0.23,48,857,71.36
STLTECH,BE,24-Aug-2026,627.15,626.6,658.5,625.0,658.5,658.5,651.76,2003800,13059.94,21534,-,-
STOVEKRAFT,EQ,24-Aug-2026,775.45,776.05,824.4,763.25,821.0,821.25,803.53,369578,2969.67,16484,201147,54.43
STRIDERS,SM,24-Aug-2026,59.4,61.8,66.8,61.0,62.8,61.7,62.94,203200,127.9,31,161600,79.53
STUDDS,EQ,24-Aug-2026,450.15,450.15,451.85,436.8,450.5,450.0,448.0,64966,291.05,2945,36254,55.80
STUDIOLSD,SM,24-Aug-2026,9.05,9.05,9.15,9.0,9.15,9.05,9.04,36000,3.26,17,36000,100.00
STYL,EQ,24-Aug-2026,392.55,395.5,402.4,386.05,389.9,387.45,389.11,62879,244.67,2753,32137,51.11
STYLAMIND,EQ,24-Aug-2026,3601.7,3610.0,3650.9,3540.6,3575.4,3573.2,3591.1,28424,1020.73,6795,15425,54.27
STYLEBAAZA,EQ,24-Aug-2026,417.65,406.2,425.05,396.8,396.8,396.8,408.82,1673374,6841.04,15876,952490,56.92
STYRENIX,EQ,24-Aug-2026,2081.6,2081.6,2117.7,2061.0,2061.0,2076.4,2092.01,24610,514.84,3810,12781,51.93
SUBAHOTELS,SM,24-Aug-2026,112.4,112.35,112.35,109.1,109.1,109.1,110.64,7200,7.97,6,6000,83.33
SUBEXLTD,EQ,24-Aug-2026,18.66,19.04,19.19,17.56,18.25,18.25,18.27,10104452,1846.3,15223,5489351,54.33
SUBROS,EQ,24-Aug-2026,733.15,734.95,740.55,727.0,730.0,729.3,732.99,29443,215.82,1690,17560,59.64
SUDARCOLOR,EQ,24-Aug-2026,401.25,401.35,405.45,397.1,404.85,401.4,401.96,11646,46.81,1170,3820,32.80
SUDARSCHEM,EQ,24-Aug-2026,1215.1,1228.0,1249.3,1197.6,1234.0,1236.1,1228.03,988803,12142.8,47652,545083,55.13
SUDEEPPHRM,EQ,24-Aug-2026,1111.8,1123.9,1141.0,1106.0,1123.0,1131.15,1123.88,139908,1572.4,9722,68257,48.79
SUKHJITS,EQ,24-Aug-2026,159.42,160.4,164.0,159.5,159.52,159.95,161.49,9669,15.61,332,5986,61.91
SULA,EQ,24-Aug-2026,144.55,144.56,146.48,144.0,144.3,144.53,144.99,228895,331.87,4730,120578,52.68
SUMEDHA,EQ,24-Aug-2026,38.04,41.98,41.98,38.9,39.15,39.08,40.12,1224,0.49,30,855,69.85
SUMEETINDS,EQ,24-Aug-2026,13.52,13.59,13.68,13.01,13.11,13.18,13.3,2269530,301.76,2337,1800837,79.35
SUMICHEM,EQ,24-Aug-2026,534.65,536.45,539.9,521.75,525.4,523.45,529.96,206063,1092.05,8975,95781,46.48
SUMIT,EQ,24-Aug-2026,52.01,50.25,52.0,50.25,50.62,50.92,50.72,54240,27.51,784,33932,62.56
SUMMITSEC,EQ,24-Aug-2026,1420.2,1437.5,1445.0,1411.0,1424.0,1416.9,1434.88,9665,138.68,383,8568,88.65
SUN-RE,ST,24-Aug-2026,1.9,2.1,2.2,1.6,1.6,1.6,2.04,17600,0.36,11,17600,100.00
SUNCLAY,EQ,24-Aug-2026,1284.1,1284.1,1287.6,1250.1,1259.9,1255.6,1265.55,3890,49.23,946,2663,68.46
SUNDARAM,EQ,24-Aug-2026,1.23,1.23,1.27,1.23,1.24,1.25,1.25,484091,6.07,293,455926,94.18
SUNDARMFIN,EQ,24-Aug-2026,4534.5,4509.9,4559.9,4470.1,4521.1,4505.1,4513.18,20463,923.53,7055,11925,58.28
SUNDRMBRAK,BE,24-Aug-2026,793.25,784.0,799.0,773.0,789.85,789.8,787.54,806,6.35,61,-,-
SUNDRMFAST,EQ,24-Aug-2026,1228.0,1234.0,1238.35,1215.1,1231.6,1219.25,1226.68,134695,1652.27,15436,71755,53.27
SUNDROP,EQ,24-Aug-2026,646.5,646.5,658.9,640.1,641.0,644.05,649.84,24609,159.92,1223,12969,52.70
SUNFLAG,EQ,24-Aug-2026,353.85,355.1,361.0,352.05,353.3,354.05,355.93,157709,561.34,3226,82793,52.50
SUNLITE,SM,24-Aug-2026,481.95,482.0,531.0,482.0,500.0,510.1,513.03,44700,229.32,137,27900,62.42
SUNLOC,EQ,24-Aug-2026,69.0,70.38,72.49,68.0,72.49,72.49,71.69,50,0.04,4,42,84.00
SUNPHARMA,EQ,24-Aug-2026,1902.4,1902.4,1923.0,1892.6,1910.0,1910.0,1912.62,2317987,44334.36,93001,1713184,73.91
SUNRAKSHAK,EQ,24-Aug-2026,378.45,375.15,382.0,375.15,376.0,380.45,379.7,3836,14.57,151,2717,70.83
SUNREST,SM,24-Aug-2026,41.0,39.0,41.0,39.0,41.0,41.0,40.49,6400,2.59,4,6400,100.00
SUNSHIEL,EQ,24-Aug-2026,1232.6,1233.3,1233.3,1170.0,1232.0,1208.0,1210.36,1578,19.1,275,955,60.52
SUNTECH,SM,24-Aug-2026,35.05,31.2,35.5,31.15,35.0,35.0,33.76,20800,7.02,13,12800,61.54
SUNTECK,EQ,24-Aug-2026,296.35,296.4,310.0,295.35,307.6,307.35,307.1,469635,1442.25,14070,201326,42.87
SUNTV,EQ,24-Aug-2026,472.05,473.3,477.25,468.0,468.75,468.75,471.14,208966,984.52,10619,112170,53.68
SUPERHOUSE,EQ,24-Aug-2026,167.8,168.0,172.87,165.2,168.9,167.86,168.48,11087,18.68,171,7441,67.11
SUPERSPIN,BE,24-Aug-2026,6.1,5.98,5.98,5.98,5.98,5.98,5.98,15355,0.92,13,-,-
SUPRAJIT,EQ,24-Aug-2026,505.4,510.1,515.35,505.1,505.2,507.75,511.21,47798,244.35,4348,28854,60.37
SUPREME,EQ,24-Aug-2026,40.79,41.39,41.39,39.51,39.65,39.67,39.9,17206,6.87,198,14335,83.31
SUPREMEENG,BZ,24-Aug-2026,2.53,2.58,2.58,2.58,2.58,2.58,2.58,130038,3.35,77,-,-
SUPREMEIND,EQ,24-Aug-2026,3642.0,3660.0,3660.0,3601.0,3601.0,3601.0,3619.77,127773,4625.09,12414,62652,49.03
SUPREMEINF,EQ,24-Aug-2026,88.3,88.92,90.43,85.3,86.2,86.36,87.25,27024,23.58,611,13912,51.48
SUPREMEPWR,SM,24-Aug-2026,232.2,237.45,239.0,228.0,232.0,232.05,232.66,51000,118.66,87,35500,69.61
SUPRIYA,EQ,24-Aug-2026,805.45,805.0,810.2,795.0,798.8,797.15,802.74,89428,717.88,6030,44750,50.04
SUPTANERY,EQ,24-Aug-2026,8.77,9.17,10.52,9.17,10.52,10.52,10.24,1630102,166.99,3388,694511,42.61
SURAJEST,EQ,24-Aug-2026,195.46,195.46,198.0,194.61,194.92,195.29,196.94,73517,144.78,725,60652,82.50
SURAJLTD,EQ,24-Aug-2026,202.49,209.9,214.9,206.43,209.0,209.51,208.86,2186,4.57,62,1134,51.88
SURAKSHA,EQ,24-Aug-2026,325.8,326.95,333.0,318.95,321.5,323.1,324.36,107206,347.74,4846,49309,45.99
SURANASOL,EQ,24-Aug-2026,25.85,25.62,26.3,25.25,25.55,25.54,25.64,42607,10.92,537,24377,57.21
SURANAT&P,EQ,24-Aug-2026,16.28,16.29,16.5,16.21,16.23,16.23,16.28,40836,6.65,283,26930,65.95
SURANI,SM,24-Aug-2026,101.85,102.0,102.0,95.2,96.45,96.6,98.26,7200,7.07,27,4800,66.67
SURYALA,EQ,24-Aug-2026,398.75,381.0,392.0,381.0,381.0,381.65,382.57,330,1.26,40,234,70.91
SURYALAXMI,EQ,24-Aug-2026,57.32,55.7,57.5,55.7,56.2,56.68,57.0,2222,1.27,45,1751,78.80
SURYAROSNI,EQ,24-Aug-2026,219.8,220.89,224.1,218.38,219.49,219.13,220.58,683271,1507.17,9777,388589,56.87
SURYODAY,EQ,24-Aug-2026,158.84,156.71,159.5,156.1,156.5,157.12,157.65,314757,496.22,4825,128265,40.75
SUTLEJTEX,BE,24-Aug-2026,38.14,37.11,38.95,37.11,38.31,38.44,37.99,112910,42.9,126,-,-
SUVEN,EQ,24-Aug-2026,373.15,374.0,393.5,366.2,368.0,369.75,379.11,1369469,5191.76,28112,526804,38.47
SUVIDHAA,EQ,24-Aug-2026,2.32,2.33,2.75,1.91,2.4,2.36,2.29,151389,3.47,440,112152,74.08
SUYOG,EQ,24-Aug-2026,748.8,759.0,777.65,737.0,752.35,746.35,755.01,54627,412.44,2735,18626,34.10
SUZLON,EQ,24-Aug-2026,46.71,46.94,47.06,46.6,47.05,47.05,46.8,29089252,13613.34,70582,12174508,41.85
SVGLOBAL,EQ,24-Aug-2026,125.26,125.0,125.0,115.01,118.0,118.0,122.93,368,0.45,9,285,77.45
SVLL,BE,24-Aug-2026,781.05,768.0,790.0,768.0,776.0,776.0,786.88,1210,9.52,9,-,-
SVPGLOB,EQ,24-Aug-2026,3.73,3.69,3.89,3.56,3.74,3.74,3.7,30443,1.13,95,20293,66.66
SWANCORP,EQ,24-Aug-2026,303.85,303.85,307.05,300.1,302.45,302.9,303.68,843589,2561.82,10324,267670,31.73
SWANDEF,BE,24-Aug-2026,2346.4,2301.0,2390.0,2301.0,2326.0,2330.7,2343.13,9174,214.96,586,-,-
SWARAJ,EQ,24-Aug-2026,367.6,371.8,375.0,369.25,373.5,372.55,372.5,235228,876.21,1653,105539,44.87
SWARAJENG,EQ,24-Aug-2026,3569.8,3569.9,3570.1,3551.0,3567.0,3558.9,3560.11,4788,170.46,1333,2964,61.90
SWARNSAR,EQ,24-Aug-2026,34.19,34.19,35.7,33.12,35.36,35.2,34.81,1535,0.53,38,1392,90.68
SWASTIK,ST,24-Aug-2026,19.0,19.95,19.95,19.95,19.95,19.95,19.95,1200,0.24,1,1200,100.00
SWELECTES,EQ,24-Aug-2026,608.9,610.95,615.9,590.15,592.0,594.0,602.47,48686,293.32,2135,31232,64.15
SWIGGY,EQ,24-Aug-2026,282.5,283.0,284.8,281.25,284.25,284.25,283.31,8511377,24113.19,66476,3974573,46.70
SWISSMLTRY,EQ,24-Aug-2026,17.48,17.8,18.5,17.25,17.3,17.49,17.9,448090,80.21,1322,309866,69.15
SWSOLAR,EQ,24-Aug-2026,192.17,194.1,196.6,190.99,191.8,191.46,193.0,736726,1421.87,10543,376219,51.07
SYLVANPLY,SM,24-Aug-2026,49.3,49.5,49.5,49.0,49.0,49.0,49.38,8000,3.95,4,8000,100.00
SYMPHONY,EQ,24-Aug-2026,612.5,613.15,615.7,595.75,599.5,597.75,601.97,86812,522.58,6423,50900,58.63
SYNCOMF,EQ,24-Aug-2026,16.14,16.64,17.64,16.3,17.27,17.18,17.23,16622375,2863.65,40209,6145172,36.97
SYNGENE,EQ,24-Aug-2026,407.25,407.1,407.1,397.15,398.45,398.55,401.16,268563,1077.37,12344,144956,53.97
SYRMA,EQ,24-Aug-2026,1439.3,1454.0,1472.0,1441.0,1459.0,1459.9,1456.99,758782,11055.38,33465,288262,37.99
SYSTANGO,SM,24-Aug-2026,217.65,219.8,219.8,212.0,216.95,216.2,214.89,19200,41.26,45,14000,72.92
SYSTMTXC,BE,24-Aug-2026,57.03,58.0,58.8,55.21,57.99,56.98,57.3,16281,9.33,77,-,-
TAALTECH,EQ,24-Aug-2026,4216.2,4349.6,4416.9,4250.0,4350.0,4365.8,4359.09,6645,289.66,1401,3737,56.24
TAC,ST,24-Aug-2026,417.85,417.85,430.0,410.5,414.0,414.85,421.01,38800,163.35,155,30000,77.32
TAINWALCHM,EQ,24-Aug-2026,216.67,216.67,220.9,214.0,215.05,218.11,217.28,4985,10.83,116,3061,61.40
TAJGVK,EQ,24-Aug-2026,350.4,350.4,356.0,348.85,351.0,353.35,352.13,62366,219.61,2931,27974,44.85
TAKE,EQ,24-Aug-2026,20.83,20.68,20.68,19.79,19.79,19.79,19.86,423718,84.16,721,340513,80.36
TALBROAUTO,EQ,24-Aug-2026,413.4,411.4,423.8,411.4,417.0,418.4,417.22,181409,756.88,4354,87060,47.99
TAMBOLIIN,BE,24-Aug-2026,240.07,247.9,252.0,241.0,245.0,245.0,248.63,15928,39.6,85,-,-
TANAA,EQ,24-Aug-2026,306.55,306.55,308.45,298.55,304.6,303.9,303.49,7558,22.94,456,5187,68.63
TANKUP,ST,24-Aug-2026,1312.5,1292.0,1300.0,1290.0,1300.0,1300.0,1298.36,2750,35.71,9,2750,100.00
TANLA,EQ,24-Aug-2026,570.45,570.0,585.0,561.05,565.8,564.4,572.18,1164515,6663.11,30515,533327,45.80
TARACHAND,EQ,24-Aug-2026,47.97,47.51,48.93,47.51,48.9,48.53,48.23,45375,21.88,775,35529,78.30
TARAPUR,EQ,24-Aug-2026,15.5,15.99,15.99,14.71,15.2,15.55,15.39,44436,6.84,274,24898,56.03
TARC,EQ,24-Aug-2026,124.07,124.14,125.48,120.27,123.0,122.53,122.78,794128,975.03,13279,459371,57.85
TARIL,EQ,24-Aug-2026,298.65,300.0,313.9,298.9,303.0,302.1,307.64,4220906,12984.99,53286,1096204,25.97
TARMAT,EQ,24-Aug-2026,50.2,53.9,53.9,49.06,50.11,50.14,50.57,24101,12.19,252,16366,67.91
TARSONS,EQ,24-Aug-2026,344.95,347.45,353.9,342.2,344.2,346.85,348.75,150423,524.6,4642,56536,37.58
TASTYBITE,EQ,24-Aug-2026,10135.5,10186.0,10300.0,10025.0,10116.0,10109.0,10166.34,4261,433.19,1717,1567,36.78
TATACAP,EQ,24-Aug-2026,365.05,361.65,366.3,361.65,363.85,364.45,364.93,1161993,4240.41,29531,735336,63.28
TATACHEM,EQ,24-Aug-2026,626.75,628.9,637.75,624.05,628.0,626.95,629.68,420729,2649.23,14397,136018,32.33
TATACOMM,EQ,24-Aug-2026,1655.4,1660.0,1699.2,1653.0,1688.1,1688.5,1683.08,214293,3606.73,24127,103096,48.11
TATACONSUM,EQ,24-Aug-2026,1049.0,1049.0,1062.5,1041.8,1062.5,1062.5,1052.32,1085041,11418.14,33105,631305,58.18
TATAELXSI,EQ,24-Aug-2026,3708.0,3710.1,3769.9,3664.3,3673.5,3673.5,3725.13,207021,7711.8,22000,51262,24.76
TATAGOLD,EQ,24-Aug-2026,15.41,15.45,15.69,15.45,15.63,15.61,15.62,88699104,13859.22,122694,38636611,43.56
TATAINVEST,EQ,24-Aug-2026,647.95,648.2,653.5,644.6,649.0,645.95,648.18,111463,722.48,7404,51943,46.60
TATAPOWER,EQ,24-Aug-2026,374.3,374.3,378.05,371.5,373.5,373.5,374.62,3748709,14043.39,38196,2207710,58.89
TATASTEEL,EQ,24-Aug-2026,183.0,184.15,186.3,183.06,186.3,186.3,185.18,37800944,70001.01,153396,22445230,59.38
TATATECH,EQ,24-Aug-2026,820.75,818.8,834.85,791.3,799.6,797.5,809.32,1138274,9212.26,43323,472800,41.54
TATSILV,EQ,24-Aug-2026,23.62,24.21,24.21,23.47,23.53,23.5,23.56,63240374,14897.92,67658,17651301,27.91
TATVA,EQ,24-Aug-2026,1616.4,1617.1,1660.0,1601.0,1601.3,1605.5,1626.94,34899,567.79,4533,17607,50.45
TAURIAN,SM,24-Aug-2026,451.35,463.0,463.0,436.0,442.0,442.0,447.66,48000,214.88,56,30400,63.33
TBI,SM,24-Aug-2026,58.9,59.45,65.9,59.0,64.75,64.4,63.39,256800,162.79,312,169800,66.12
TBOTEK,EQ,24-Aug-2026,1696.5,1695.0,1714.0,1671.4,1704.5,1703.5,1698.74,148596,2524.26,14435,77404,52.09
TBZ,EQ,24-Aug-2026,279.5,280.45,289.8,280.0,286.0,286.2,285.55,1358747,3879.91,17910,351266,25.85
TCC,EQ,24-Aug-2026,251.7,251.7,264.7,235.0,235.2,240.05,246.84,139780,345.03,3170,100139,71.64
TCI,EQ,24-Aug-2026,908.35,912.4,916.0,900.0,901.0,900.8,903.25,13751,124.21,1561,8032,58.41
TCIEXP,EQ,24-Aug-2026,550.95,550.9,555.0,542.15,548.0,545.85,548.03,16316,89.42,954,7191,44.07
TCIFINANCE,BE,24-Aug-2026,15.34,15.34,15.6,15.1,15.11,15.11,15.24,14780,2.25,81,-,-
TCL,SM,24-Aug-2026,142.25,135.1,145.0,132.0,140.0,140.0,139.24,164800,229.46,173,108800,66.02
TCPLPACK,EQ,24-Aug-2026,4101.3,4106.0,4137.0,3921.0,3980.0,3972.0,3992.2,7526,300.45,1936,3281,43.60
TCS,EQ,24-Aug-2026,2302.0,2302.4,2321.6,2279.5,2284.1,2284.1,2295.75,1542723,35417.11,64928,732967,47.51
TDPOWERSYS,EQ,24-Aug-2026,1534.8,775.0,793.5,760.7,782.5,780.1,775.54,1410792,10941.29,53506,622615,44.13
TEAMGTY,EQ,24-Aug-2026,232.44,237.5,237.9,230.0,230.0,230.02,230.66,169,0.39,17,153,90.53
TEAMLEASE,EQ,24-Aug-2026,1245.2,1249.9,1260.0,1224.8,1235.0,1247.4,1243.85,11191,139.2,2712,6694,59.82
TEAMTECH,ST,24-Aug-2026,135.35,140.0,142.1,140.0,142.1,142.1,141.96,34000,48.27,17,32000,94.12
TECH,EQ,24-Aug-2026,33.53,33.87,33.87,33.04,33.06,33.2,33.46,28605,9.57,190,23182,81.04
TECHD,ST,24-Aug-2026,581.0,585.0,590.95,560.0,570.0,570.0,572.51,8100,46.37,27,7800,96.30
TECHERA,SM,24-Aug-2026,176.65,181.0,181.0,169.4,169.6,170.2,174.45,44800,78.15,54,30400,67.86
TECHLABS,SM,24-Aug-2026,113.55,110.15,117.8,110.15,115.0,115.0,114.92,12375,14.22,63,11375,91.92
TECHM,EQ,24-Aug-2026,1584.0,1580.1,1599.0,1574.1,1584.0,1584.0,1587.42,2197042,34876.26,101243,1420794,64.67
TECHNOCRAF,EQ,24-Aug-2026,332.61,336.8,349.6,334.84,341.0,341.77,343.38,1853211,6363.62,24248,572371,30.89
TECHNOE,EQ,24-Aug-2026,987.45,997.0,1018.8,989.75,994.0,998.05,1005.04,160019,1608.26,10290,74922,46.82
TECHNVISN,EQ,24-Aug-2026,4932.0,5035.0,5035.0,4880.0,4995.0,4907.1,4933.13,504,24.86,171,350,69.44
TECILCHEM,EQ,24-Aug-2026,9.06,9.25,9.25,8.6,8.99,8.77,8.89,11055,0.98,93,8417,76.14
TEGA,EQ,24-Aug-2026,1743.2,1749.0,1760.0,1696.0,1700.7,1704.3,1723.19,246729,4251.6,19001,140609,56.99
TEJA,SM,24-Aug-2026,334.55,317.85,317.85,317.85,317.85,317.85,317.85,1200,3.81,2,1200,100.00
TEJASCARGO,SM,24-Aug-2026,402.0,398.0,398.0,398.0,398.0,398.0,398.0,400,1.59,1,400,100.00
TEJASNET,EQ,24-Aug-2026,510.45,511.7,527.5,508.0,509.0,509.3,517.21,1111868,5750.7,28186,294788,26.51
TEMBO,EQ,24-Aug-2026,58.3,58.35,59.6,57.1,57.15,57.7,57.99,816455,473.46,2597,400296,49.03
TENNIND,EQ,24-Aug-2026,576.15,575.95,575.95,552.1,553.7,553.5,561.26,921321,5170.98,23746,567401,61.59
TERAI,EQ,24-Aug-2026,128.35,128.3,128.3,128.3,128.3,128.3,128.3,2,0.0,2,2,100.00
TERASOFT,EQ,24-Aug-2026,321.75,316.0,324.4,306.55,311.0,310.45,315.31,46419,146.37,1895,28750,61.94
TEXINFRA,EQ,24-Aug-2026,108.03,108.0,114.5,107.04,111.0,111.27,111.19,131742,146.49,1766,50811,38.57
TEXMOPIPES,EQ,24-Aug-2026,44.29,44.9,48.0,44.03,47.1,47.11,46.77,109082,51.01,607,83033,76.12
TEXRAIL,EQ,24-Aug-2026,104.57,104.6,106.17,103.7,104.04,104.05,104.49,860963,899.64,8570,443276,51.49
TFCILTD,EQ,24-Aug-2026,130.99,132.5,134.6,128.1,129.5,129.56,130.51,10999469,14355.43,35716,3734084,33.95
TFL,EQ,24-Aug-2026,11.26,11.95,12.75,11.6,12.07,11.99,11.96,20483,2.45,113,17385,84.88
TGBHOTELS,EQ,24-Aug-2026,9.82,9.82,10.09,9.26,9.75,9.66,9.7,33881,3.29,213,26343,77.75
TGL,ST,24-Aug-2026,15.55,14.8,14.8,14.8,14.8,14.8,14.8,65200,9.65,114,65000,99.69
TGVSL,EQ,24-Aug-2026,105.89,106.5,108.5,105.37,106.2,106.06,106.86,202599,216.49,1673,127361,62.86
THACKER,BE,24-Aug-2026,1081.0,1080.0,1080.0,1080.0,1080.0,1080.0,1080.0,11,0.12,4,-,-
THAKDEV,EQ,24-Aug-2026,154.88,150.0,151.98,144.01,149.98,149.98,146.69,936,1.37,47,812,86.75
THANGAMAYL,EQ,24-Aug-2026,5487.5,5524.0,5722.5,5476.5,5484.0,5493.5,5559.77,163941,9114.74,21496,63734,38.88
THEINVEST,EQ,24-Aug-2026,96.73,97.27,98.5,96.6,96.6,96.68,97.03,1937,1.88,56,1336,68.97
THEJO,EQ,24-Aug-2026,2057.8,2057.8,2078.9,2030.0,2031.0,2032.2,2041.32,3030,61.85,449,2184,72.08
THELEELA,EQ,24-Aug-2026,561.7,560.5,576.0,546.35,547.4,549.7,561.56,494235,2775.41,26483,182363,36.90
THEMISMED,EQ,24-Aug-2026,106.14,106.21,121.9,104.72,120.5,120.81,117.74,1093612,1287.63,13036,389568,35.62
THERMAX,EQ,24-Aug-2026,3967.8,3967.8,3999.9,3955.3,3976.0,3984.2,3980.69,73745,2935.56,21121,38906,52.76
THOMASCOOK,EQ,24-Aug-2026,113.17,116.0,120.87,112.0,112.5,113.43,115.06,7861613,9045.31,49155,1886531,24.00
THOMASCOTT,EQ,24-Aug-2026,286.35,291.0,291.75,279.0,287.05,283.6,283.31,20621,58.42,1049,11549,56.01
THYROCARE,EQ,24-Aug-2026,565.55,565.95,587.0,565.95,584.0,584.0,580.95,384945,2236.33,18126,193004,50.14
TI,EQ,24-Aug-2026,575.65,576.0,588.7,570.55,579.4,578.6,581.16,825866,4799.6,32907,398370,48.24
TICL,BE,24-Aug-2026,9.51,9.59,9.84,9.12,9.84,9.51,9.48,37659,3.57,78,-,-
TIGERLOGS,EQ,24-Aug-2026,30.31,30.45,30.51,28.38,29.5,29.5,29.5,290578,85.72,1275,159218,54.79
TIIL,EQ,24-Aug-2026,3318.8,3388.0,3460.0,3303.3,3460.0,3441.3,3373.18,66481,2242.52,10409,33054,49.72
TIINDIA,EQ,24-Aug-2026,2885.8,2875.8,2895.7,2845.8,2880.0,2880.0,2871.53,130227,3739.51,14402,51102,39.24
TIJARIA,EQ,24-Aug-2026,5.92,5.92,6.13,5.77,5.9,5.87,5.9,79745,4.7,288,58084,72.84
TIL,BE,24-Aug-2026,243.15,255.3,255.3,246.3,249.25,247.85,253.06,303211,767.3,1044,-,-
TIMESCAN,SM,24-Aug-2026,39.6,38.25,39.2,38.25,39.2,39.2,38.73,4000,1.55,2,2000,50.00
TIMETECHNO,EQ,24-Aug-2026,187.48,188.4,190.35,184.5,185.0,185.05,187.82,2001067,3758.38,22243,712064,35.58
TIMEX,EQ,24-Aug-2026,599.95,603.95,607.0,584.1,590.0,595.25,595.23,236791,1409.44,13010,82868,35.00
TIMKEN,EQ,24-Aug-2026,3134.1,3152.0,3154.7,3070.1,3090.5,3080.7,3097.66,33956,1051.84,7860,20018,58.95
TINNARUBR,EQ,24-Aug-2026,1034.9,1028.8,1048.0,1018.9,1025.0,1027.6,1033.91,29181,301.7,3188,13784,47.24
TIPSFILMS,EQ,24-Aug-2026,352.25,358.9,359.5,342.1,344.0,346.2,348.38,5345,18.62,743,1617,30.25
TIPSMUSIC,EQ,24-Aug-2026,650.95,655.0,655.0,641.5,650.0,643.75,646.73,156329,1011.02,8938,89391,57.18
TIRUMALCHM,EQ,24-Aug-2026,154.09,154.33,164.5,154.15,160.6,161.37,161.41,942935,1522.02,15473,361541,38.34
TIRUPATI,SM,24-Aug-2026,332.0,325.0,325.0,325.0,325.0,325.0,325.0,125,0.41,1,125,100.00
TIRUPATIFL,BE,24-Aug-2026,69.62,69.5,72.9,66.6,70.52,70.73,70.7,315766,223.24,1305,-,-
TITAGARH,EQ,24-Aug-2026,843.55,843.55,865.0,838.0,841.0,841.45,855.31,539796,4616.91,25384,214099,39.66
TITAN,EQ,24-Aug-2026,5086.1,5086.8,5093.4,5050.0,5079.0,5079.0,5064.96,256376,12985.34,29745,127556,49.75
TMB,EQ,24-Aug-2026,878.55,878.95,883.75,870.4,875.4,875.1,876.09,122995,1077.54,12828,69360,56.39
TMCV,EQ,24-Aug-2026,472.55,471.05,478.1,468.1,475.3,475.05,472.65,5350439,25288.64,93317,2650979,49.55
TMPV,EQ,24-Aug-2026,317.9,318.8,319.65,312.6,314.4,314.4,315.55,8545165,26964.41,103332,4705988,55.07
TNIDETF,EQ,24-Aug-2026,90.8,88.53,91.65,88.53,90.15,90.62,90.92,108473,98.62,547,75261,69.38
TNPETRO,EQ,24-Aug-2026,115.21,116.0,118.0,114.5,116.15,116.34,116.02,440495,511.04,5185,218022,49.49
TNPL,EQ,24-Aug-2026,141.11,141.13,142.9,139.5,141.41,142.09,140.92,183439,258.5,2400,102815,56.05
TNTELE,EQ,24-Aug-2026,8.95,8.95,9.1,8.95,9.02,9.06,9.0,13057,1.18,72,9871,75.60
TOKYOPLAST,EQ,24-Aug-2026,75.88,78.66,79.45,77.41,77.41,78.1,78.8,5082,4.0,100,4052,79.73
TOLINS,EQ,24-Aug-2026,96.08,96.2,98.0,95.51,97.38,96.55,96.45,58478,56.4,1186,19339,33.07
TOP100CASE,EQ,24-Aug-2026,10.66,10.81,10.81,10.63,10.68,10.66,10.67,609014,64.99,1208,419848,68.94
TOP10ADD,EQ,24-Aug-2026,87.92,88.45,88.47,87.7,87.71,87.79,87.85,27789,24.41,303,21693,78.06
TOP15IETF,EQ,24-Aug-2026,9.97,9.94,10.01,9.9,9.97,9.92,9.94,91410,9.08,256,52912,57.88
TOP20,EQ,24-Aug-2026,9.0,9.02,9.03,8.97,8.99,8.97,9.0,28139,2.53,161,23631,83.98
TORNTPHARM,EQ,24-Aug-2026,4896.5,4896.5,4920.0,4855.0,4886.5,4886.5,4887.89,151552,7407.69,21323,87712,57.88
TORNTPOWER,EQ,24-Aug-2026,1247.7,1252.0,1257.9,1233.0,1244.5,1246.3,1244.44,442091,5501.58,35449,270407,61.17
TOTAL,EQ,24-Aug-2026,72.77,73.7,76.49,72.03,73.15,72.94,74.07,37506,27.78,461,26480,70.60
TOUCHWOOD,EQ,24-Aug-2026,62.92,62.92,63.9,61.66,63.0,63.0,62.94,1584,1.0,37,1453,91.73
TOYAMSL,EQ,24-Aug-2026,0.65,0.66,0.66,0.63,0.64,0.64,0.65,523847,3.38,249,354539,67.68
TPHQ,BE,24-Aug-2026,0.62,0.62,0.62,0.59,0.59,0.59,0.59,845203,5.0,440,-,-
TPLPLASTEH,EQ,24-Aug-2026,82.6,84.5,84.5,79.0,79.3,79.68,81.16,192906,156.56,2235,68939,35.74
TRACXN,EQ,24-Aug-2026,28.05,28.1,29.84,27.82,29.73,29.57,28.71,187531,53.84,1544,129905,69.27
TRANSCOR,EQ,24-Aug-2026,24.5,24.49,24.99,21.0,23.59,23.4,22.54,4947,1.12,75,3841,77.64
TRANSPEK,BE,24-Aug-2026,1306.7,1370.0,1372.0,1346.0,1372.0,1372.0,1371.02,16774,229.97,675,-,-
TRANSRAILL,EQ,24-Aug-2026,460.0,460.85,478.8,460.0,472.0,472.35,471.61,606597,2860.78,22818,292282,48.18
TRANSTEEL,SM,24-Aug-2026,92.5,94.05,94.05,87.0,87.0,88.8,90.48,66000,59.72,50,56000,84.85
TRANSWIND,SM,24-Aug-2026,11.9,11.9,11.9,11.35,11.35,11.35,11.46,20000,2.29,5,20000,100.00
TRANSWORLD,BE,24-Aug-2026,181.87,190.96,190.96,186.01,190.96,190.96,190.75,38087,72.65,220,-,-
TRAVELFOOD,EQ,24-Aug-2026,1307.2,1307.2,1336.0,1298.1,1311.0,1306.8,1316.33,34387,452.65,4691,15716,45.70
TREEHOUSE,EQ,24-Aug-2026,6.17,6.17,6.99,5.67,6.28,6.24,6.2,71999,4.46,205,39641,55.06
TREJHARA,EQ,24-Aug-2026,156.45,156.45,162.9,154.82,156.7,156.21,157.93,54926,86.74,1244,33914,61.74
TREL,EQ,24-Aug-2026,27.05,27.05,27.95,26.3,26.54,27.02,26.92,150732,40.58,1352,91981,61.02
TRENT,EQ,24-Aug-2026,2924.0,2924.0,2938.6,2892.2,2905.0,2905.0,2910.32,514000,14959.06,47950,265745,51.70
TRF,EQ,24-Aug-2026,230.41,230.41,230.96,226.81,228.05,229.99,229.38,11985,27.49,346,7558,63.06
TRIDENT,EQ,24-Aug-2026,24.39,24.42,24.87,24.36,24.44,24.43,24.57,3150635,774.26,11503,1220482,38.74
TRIDHYA,ST,24-Aug-2026,8.2,8.2,8.6,8.2,8.6,8.6,8.4,6000,0.5,2,3000,50.00
TRIGYN,EQ,24-Aug-2026,54.39,53.5,55.0,52.5,52.53,52.71,53.0,33726,17.87,657,26996,80.05
TRITONV,EQ,24-Aug-2026,1153.7,1162.5,1212.0,1145.0,1145.1,1147.1,1166.5,9945,116.01,577,8040,80.84
TRITURBINE,EQ,24-Aug-2026,574.85,572.55,588.8,572.05,579.95,576.8,581.9,372111,2165.3,44563,176441,47.42
TRIVENI,EQ,24-Aug-2026,295.28,298.2,305.69,293.15,295.0,297.18,301.26,1993304,6005.07,34147,673695,33.80
TROM,SM,24-Aug-2026,61.25,60.5,60.5,58.5,58.5,58.5,59.28,3000,1.78,5,3000,100.00
TRU,EQ,24-Aug-2026,4.17,4.23,4.37,4.06,4.19,4.14,4.23,185499,7.84,570,122699,66.15
TRUALT,EQ,24-Aug-2026,446.15,449.5,454.9,440.0,444.0,441.85,446.45,219809,981.34,5581,101514,46.18
TRUST,SM,24-Aug-2026,24.95,26.05,26.05,23.8,25.0,25.0,24.4,27600,6.73,41,21600,78.26
TSC,ST,24-Aug-2026,47.6,45.3,46.15,45.25,45.25,45.25,45.4,16000,7.26,8,16000,100.00
TSFINV,EQ,24-Aug-2026,417.15,417.15,421.0,412.05,412.9,413.0,415.05,46289,192.12,1743,28740,62.09
TTKHLTCARE,EQ,24-Aug-2026,1102.5,1111.3,1145.1,1092.0,1092.0,1112.6,1119.09,24033,268.95,2716,13035,54.24
TTKPRESTIG,EQ,24-Aug-2026,591.65,591.65,594.75,581.5,590.0,587.9,585.82,61978,363.08,4321,30219,48.76
TTL,EQ,24-Aug-2026,6.25,6.38,6.6,6.19,6.36,6.3,6.29,1168449,73.46,448,1048170,89.71
TTML,EQ,24-Aug-2026,37.78,37.96,38.36,37.25,37.35,37.37,37.76,1045035,394.57,6456,427208,40.88
TUNWAL,SM,24-Aug-2026,26.15,26.4,26.45,25.9,26.1,26.1,26.26,44000,11.56,13,28000,63.64
TURTLEMINT,EQ,24-Aug-2026,149.34,149.34,154.25,145.0,147.0,147.89,149.93,1187018,1779.72,15718,310457,26.15
TUTIALKA,EQ,24-Aug-2026,55.09,55.09,55.09,52.85,53.49,53.02,53.48,20625,11.03,185,18447,89.44
TVSELECT,EQ,24-Aug-2026,441.6,440.0,448.0,431.7,434.9,439.1,440.54,26614,117.25,1600,11147,41.88
TVSHLTD,EQ,24-Aug-2026,13899.0,13851.0,13959.0,13682.0,13683.0,13707.0,13786.91,3674,506.53,1012,2382,64.83
TVSMOTOR,EQ,24-Aug-2026,4390.0,4375.0,4406.0,4326.4,4363.5,4363.5,4371.38,531315,23225.78,42996,307141,57.81
TVSSCS,EQ,24-Aug-2026,121.44,121.85,141.0,120.9,133.44,132.99,135.38,40350034,54625.61,249603,2140215,5.30
TVSSRICHAK,EQ,24-Aug-2026,4879.1,4920.1,5010.0,4883.0,4934.5,4907.9,4939.24,20489,1012.0,3863,9245,45.12
TVTODAY,EQ,24-Aug-2026,115.43,115.0,118.94,109.82,113.45,113.47,112.91,78233,88.33,1537,41561,53.12
TVVISION,BE,24-Aug-2026,3.57,3.57,3.69,3.4,3.4,3.4,3.45,122992,4.24,152,-,-
TWCGOLDETF,EQ,24-Aug-2026,158.24,159.03,160.66,158.3,160.29,160.18,160.27,12546,20.11,440,10047,80.08
UBL,EQ,24-Aug-2026,1348.9,1347.0,1359.2,1340.0,1343.1,1346.7,1348.06,54973,741.07,6149,24172,43.97
UCAL,BE,24-Aug-2026,143.33,143.33,144.8,138.52,141.3,141.13,140.91,19053,26.85,164,-,-
UCL,ST,24-Aug-2026,260.0,254.8,254.8,254.8,254.8,254.8,254.8,2000,5.1,1,2000,100.00
UCOBANK,EQ,24-Aug-2026,25.72,25.9,26.06,25.71,25.87,25.89,25.91,4403702,1140.98,13270,2202859,50.02
UDAYJEW,EQ,24-Aug-2026,141.4,142.98,143.0,138.6,142.45,140.81,142.33,2962,4.22,48,2868,96.83
UDS,EQ,24-Aug-2026,215.67,215.67,222.79,214.72,221.1,221.1,220.28,435442,959.19,7771,230120,52.85
UEL,EQ,24-Aug-2026,181.23,177.02,179.17,172.17,172.17,172.17,174.16,22333,38.89,542,16718,74.86
UFBL,BE,24-Aug-2026,822.6,840.0,850.0,785.55,838.85,837.95,826.89,65277,539.77,2515,-,-
UFLEX,EQ,24-Aug-2026,614.6,627.0,633.0,612.9,618.65,619.2,621.16,206263,1281.23,6541,82799,40.14
UFO,EQ,24-Aug-2026,64.9,65.0,68.23,64.51,65.65,65.69,66.1,59043,39.03,650,29441,49.86
UGARSUGAR,EQ,24-Aug-2026,56.5,57.45,62.1,55.56,57.67,58.01,59.91,2283438,1368.1,16840,923450,40.44
UGROCAP,EQ,24-Aug-2026,88.74,89.0,91.85,87.7,88.5,88.23,88.85,326321,289.93,3736,206969,63.42
UHTL,ST,24-Aug-2026,130.1,132.7,132.7,132.7,132.7,132.7,132.7,98000,130.05,24,98000,100.00
UJJIVANSFB,EQ,24-Aug-2026,72.07,72.07,72.38,70.05,70.3,70.29,70.65,16995792,12007.55,49551,9216144,54.23
ULTRACEMCO,EQ,24-Aug-2026,11570.0,11566.0,11606.0,11484.0,11504.0,11504.0,11544.24,297744,34372.28,36739,187922,63.12
ULTRAMAR,EQ,24-Aug-2026,419.4,419.8,426.1,410.5,413.0,413.0,418.16,32221,134.73,2464,19939,61.88
UMA,SM,24-Aug-2026,14.6,15.0,16.45,15.0,16.45,16.45,15.64,20000,3.13,5,20000,100.00
UMAEXPORTS,BE,24-Aug-2026,23.39,23.0,24.55,23.0,24.35,24.35,23.99,62943,15.1,156,-,-
UMESLTD,EQ,24-Aug-2026,5.46,5.36,6.0,5.07,5.88,5.85,5.78,88886,5.14,264,69786,78.51
UMIYA-MRO,EQ,24-Aug-2026,90.27,89.3,90.8,89.0,89.1,89.08,89.75,5042,4.53,90,3498,69.38
UNICHEMLAB,EQ,24-Aug-2026,526.15,521.6,531.4,508.5,509.15,509.8,515.59,44041,227.07,2809,23420,53.18
UNIDT,BE,24-Aug-2026,226.21,231.9,231.9,217.0,226.85,219.78,224.75,22370,50.28,124,-,-
UNIECOM,EQ,24-Aug-2026,87.47,87.5,88.95,85.13,86.0,86.03,87.24,198518,173.19,2641,105605,53.20
UNIENTER,EQ,24-Aug-2026,94.46,94.99,97.75,94.99,95.0,94.99,95.77,3133,3.0,86,2072,66.13
UNIHEALTH,SM,24-Aug-2026,751.1,751.1,751.1,719.95,740.0,739.1,737.41,9000,66.37,18,6000,66.67
UNIINFO,EQ,24-Aug-2026,11.37,11.25,11.66,11.25,11.31,11.31,11.56,5869,0.68,32,4531,77.20
UNILEX,SM,24-Aug-2026,27.55,27.0,27.0,25.65,25.65,25.65,26.1,4800,1.25,2,4800,100.00
UNIMECH,EQ,24-Aug-2026,1491.4,1491.4,1525.0,1484.2,1496.9,1499.4,1511.3,203429,3074.41,14628,89896,44.19
UNIONBANK,EQ,24-Aug-2026,183.45,183.45,184.7,182.02,183.6,183.6,182.86,4499886,8228.36,29140,2121696,47.15
UNIONGOLD,EQ,24-Aug-2026,155.2,155.25,158.95,155.25,157.95,157.75,157.21,14618,22.98,186,8258,56.49
UNIPARTS,EQ,24-Aug-2026,815.3,819.4,828.4,803.0,807.0,808.2,816.38,63066,514.86,6140,31976,50.70
UNITDSPR,EQ,24-Aug-2026,1556.0,1556.7,1557.5,1540.1,1555.0,1555.0,1548.19,399707,6188.22,19984,214164,53.58
UNITECH,EQ,24-Aug-2026,4.03,4.04,4.04,3.94,3.94,3.94,3.97,2364775,93.94,2819,1800487,76.14
UNITEDPOLY,EQ,24-Aug-2026,36.72,37.5,39.59,37.5,38.5,38.39,38.56,230240,88.78,2064,123617,53.69
UNITEDTEA,EQ,24-Aug-2026,453.95,453.0,462.6,449.0,450.1,450.5,452.67,9373,42.43,161,9076,96.83
UNIVAFOODS,BE,24-Aug-2026,9.03,8.59,9.03,8.59,9.03,9.03,9.01,5955,0.54,7,-,-
UNIVASTU,BE,24-Aug-2026,171.55,178.98,178.98,162.98,164.99,164.47,168.7,80468,135.75,757,-,-
UNIVCABLES,EQ,24-Aug-2026,1592.5,1641.8,1704.8,1602.5,1626.9,1631.7,1667.3,187856,3132.13,18862,63128,33.60
UNIVPHOTO,BE,24-Aug-2026,450.05,460.0,460.0,442.15,442.15,449.1,457.64,91,0.42,15,-,-
UNOMINDA,EQ,24-Aug-2026,1265.0,1261.6,1261.6,1245.1,1251.3,1251.3,1250.16,1161278,14517.81,38609,892617,76.87
UPL,EQ,24-Aug-2026,569.0,570.9,573.8,563.8,571.9,571.9,567.17,1480656,8397.88,24744,708393,47.84
URAVIDEF,BE,24-Aug-2026,108.99,111.0,111.0,106.15,107.0,107.16,107.5,611,0.66,57,-,-
URBAN,SM,24-Aug-2026,144.3,147.8,148.0,145.0,145.0,145.0,146.21,7200,10.53,9,4800,66.67
URBANCO,EQ,24-Aug-2026,158.6,159.0,172.33,157.55,168.3,168.84,168.13,64718783,108812.1,365764,10388382,16.05
URJA,EQ,24-Aug-2026,9.35,9.0,9.45,9.0,9.3,9.24,9.28,780014,72.35,3904,443404,56.85
USASEEDS,SM,24-Aug-2026,94.9,90.2,99.4,90.2,96.9,96.9,93.39,2140,2.0,5,1284,60.00
USHAFIN,SM,24-Aug-2026,45.0,45.85,46.4,44.0,44.05,45.7,45.86,57600,26.42,24,56000,97.22
USHAMART,EQ,24-Aug-2026,481.3,481.3,491.5,479.0,489.75,490.6,487.41,298719,1455.97,14686,164279,54.99
USK,EQ,24-Aug-2026,21.12,21.4,21.4,21.0,21.02,21.11,21.1,21209,4.47,163,18314,86.35
UTIAMC,EQ,24-Aug-2026,893.05,897.45,898.8,883.25,884.5,886.45,890.53,43957,391.45,3920,29335,66.74
UTKAL,SM,24-Aug-2026,52.55,49.95,50.55,49.95,49.95,49.95,50.07,10000,5.01,5,8000,80.00
UTKARSHBNK,EQ,24-Aug-2026,14.43,14.48,15.03,14.28,14.64,14.69,14.78,11702137,1729.52,13323,5442264,46.51
UTLSOLAR,EQ,24-Aug-2026,477.4,476.0,480.0,457.0,460.0,459.85,466.01,350481,1633.29,12226,170399,48.62
UTSSAV,ST,24-Aug-2026,482.25,484.0,484.0,474.25,475.0,475.0,479.87,5400,25.91,9,5400,100.00
UTTAMSUGAR,EQ,24-Aug-2026,323.3,328.2,359.3,326.01,328.36,334.05,346.73,1953567,6773.62,42160,336048,17.20
UYFINCORP,BE,24-Aug-2026,20.14,20.14,20.9,20.0,20.4,20.09,20.4,36796,7.5,179,-,-
V2RETAIL,EQ,24-Aug-2026,219.73,219.73,222.24,217.5,218.3,218.22,219.55,700897,1538.84,17072,363993,51.93
VADILALIND,EQ,24-Aug-2026,7417.5,7417.5,7505.0,7362.5,7414.0,7425.5,7440.08,16845,1253.28,4361,7472,44.36
VADILENT,EQ,24-Aug-2026,9700.0,9700.0,9700.0,9700.0,9700.0,9700.0,9700.0,3,0.29,2,3,100.00
VAIBHAVGBL,EQ,24-Aug-2026,226.05,226.05,226.9,217.65,220.35,219.5,221.2,392290,867.76,8208,214534,54.69
VAISHALI,EQ,24-Aug-2026,7.99,8.32,8.35,7.75,8.0,8.12,8.05,100818,8.12,281,56458,56.00
VAKRANGEE,EQ,24-Aug-2026,5.87,5.82,6.05,5.82,5.9,5.91,5.95,855095,50.86,2063,553717,64.76
VAL30IETF,EQ,24-Aug-2026,15.23,15.2,15.32,15.17,15.23,15.19,15.2,128822,19.59,740,90901,70.56
VALIANTLAB,EQ,24-Aug-2026,95.74,97.9,100.52,97.21,100.52,100.52,100.18,174713,175.02,497,113598,65.02
VALIANTORG,BE,24-Aug-2026,302.7,302.1,314.95,290.0,295.0,292.9,300.43,49708,149.34,488,-,-
VALUE,EQ,24-Aug-2026,16.13,16.23,16.26,16.11,16.21,16.14,16.15,52323,8.45,135,45846,87.62
VALUE360,SM,24-Aug-2026,75.55,75.9,75.9,75.0,75.0,75.0,75.3,3600,2.71,2,3600,100.00
VALUEAXIS,EQ,24-Aug-2026,32.75,33.56,33.56,32.72,32.89,32.8,32.94,173666,57.21,576,89420,51.49
VAML,EQ,24-Aug-2026,440.3,444.2,450.35,443.2,449.9,449.35,447.88,5100077,22842.21,83537,2791268,54.73
VARDHACRLC,BE,24-Aug-2026,44.87,44.4,45.0,43.66,44.0,43.92,44.39,25783,11.44,180,-,-
VARDMNPOLY,EQ,24-Aug-2026,6.1,6.16,6.24,5.75,6.05,6.0,5.9,617657,36.47,862,344276,55.74
VARROC,EQ,24-Aug-2026,814.95,814.95,845.0,806.8,815.0,812.4,824.15,246877,2034.64,11365,88515,35.85
VASCONEQ,EQ,24-Aug-2026,31.84,32.0,32.51,31.05,31.21,31.25,31.51,262938,82.85,1392,167026,63.52
VASWANI,EQ,24-Aug-2026,46.55,45.82,46.69,45.8,46.2,45.89,46.18,8666,4.0,149,6382,73.64
VBL,EQ,24-Aug-2026,430.1,431.5,434.5,424.15,428.0,428.0,426.0,3722942,15859.7,49479,1876761,50.41
VCL,BE,24-Aug-2026,2.13,2.23,2.23,2.23,2.23,2.23,2.23,583593,13.01,125,-,-
VDEAL,SM,24-Aug-2026,155.6,155.6,158.25,154.15,154.45,154.45,155.56,4800,7.47,8,3600,75.00
VEDAVAAG,EQ,24-Aug-2026,18.42,18.97,18.97,18.42,18.5,18.47,18.52,9750,1.81,83,9643,98.90
VEDL,EQ,24-Aug-2026,279.0,280.05,281.45,272.4,277.0,277.0,276.23,18926670,52280.42,117693,6741171,35.62
VEDPOWER,EQ,24-Aug-2026,36.3,36.5,37.3,36.14,36.35,36.3,36.74,20320133,7465.05,52189,10161370,50.01
VEEDOL,EQ,24-Aug-2026,1502.5,1502.5,1509.0,1472.5,1475.0,1476.7,1489.0,7310,108.85,1048,4261,58.29
VEEKAYEM,SM,24-Aug-2026,102.9,97.8,106.65,97.8,106.65,99.6,100.25,16500,16.54,27,9500,57.58
VELJAN,BE,24-Aug-2026,1785.2,1840.0,1842.0,1800.0,1825.0,1825.0,1809.53,373,6.75,36,-,-
VENKEYS,EQ,24-Aug-2026,1507.4,1515.5,1604.2,1511.2,1570.0,1568.5,1570.63,98002,1539.25,7848,48508,49.50
VENTIVE,EQ,24-Aug-2026,564.15,573.05,594.0,572.85,584.5,585.7,584.81,43291,253.17,1885,22609,52.23
VENUSPIPES,EQ,24-Aug-2026,1556.6,1556.6,1567.0,1538.0,1554.5,1550.3,1547.53,98115,1518.36,6756,73184,74.59
VENUSREM,BE,24-Aug-2026,1738.1,1738.1,1740.0,1675.0,1693.1,1686.9,1696.19,28569,484.59,1393,-,-
VERANDA,EQ,24-Aug-2026,259.25,256.25,258.6,245.05,251.35,250.15,250.74,808626,2027.55,10267,365738,45.23
VERTIS,IV,24-Aug-2026,117.0,116.0,116.0,116.0,116.0,116.0,116.0,200000,232.0,8,200000,100.00
VERTOZ,BE,24-Aug-2026,36.58,37.31,38.4,37.0,38.4,38.4,38.11,50901,19.4,218,-,-
VESUVIUS,EQ,24-Aug-2026,439.4,439.4,443.75,430.1,432.5,432.65,438.43,98707,432.76,3453,58902,59.67
VETO,BE,24-Aug-2026,127.25,129.0,131.8,127.0,129.55,130.45,128.75,79876,102.84,284,-,-
VGCL,EQ,24-Aug-2026,59.96,59.96,62.95,56.97,56.97,56.97,59.15,21926,12.97,129,20417,93.12
VGINFOTECH,SM,24-Aug-2026,151.0,150.5,152.0,149.35,149.35,149.35,150.64,36000,54.23,32,32000,88.89
VGL,EQ,24-Aug-2026,56.05,56.33,56.6,52.36,55.38,54.59,54.92,40378,22.18,580,26186,64.85
VGUARD,EQ,24-Aug-2026,332.0,333.0,333.75,329.65,331.0,331.55,331.79,330799,1097.55,6634,175674,53.11
VHL,EQ,24-Aug-2026,3453.8,3453.8,3524.8,3400.0,3407.0,3414.2,3425.87,1200,41.11,208,798,66.50
VHLTD,BE,24-Aug-2026,119.76,119.99,119.99,116.42,117.13,117.13,118.19,6354,7.51,83,-,-
VIAZ,SM,24-Aug-2026,70.0,73.5,73.5,73.25,73.25,73.25,73.33,10000,7.33,5,10000,100.00
VICTORYEV,ST,24-Aug-2026,16.4,16.3,16.4,16.0,16.0,16.0,16.26,12000,1.95,4,12000,100.00
VIDHIING,EQ,24-Aug-2026,328.55,331.0,357.9,328.5,349.0,345.5,342.7,130366,446.76,4113,70196,53.85
VIDYAWIRES,EQ,24-Aug-2026,86.27,86.8,87.74,85.4,86.5,86.5,86.58,787540,681.84,6203,341741,43.39
VIESL,SM,24-Aug-2026,319.95,322.0,324.0,318.05,319.0,319.0,320.95,26400,84.73,27,20800,78.79
VIGOR,ST,24-Aug-2026,94.25,98.95,98.95,98.95,98.95,98.95,98.95,16000,15.83,10,16000,100.00
VIJAYA,EQ,24-Aug-2026,1504.4,1508.0,1508.0,1476.0,1480.0,1482.4,1486.42,136075,2022.64,8911,89035,65.43
VIJAYPD,SM,24-Aug-2026,56.4,57.25,59.8,56.0,58.45,57.45,57.75,14000,8.09,7,10000,71.43
VIJIFIN,BE,24-Aug-2026,13.65,13.92,13.92,13.92,13.92,13.92,13.92,135056,18.8,48,-,-
VIJSOLX,EQ,24-Aug-2026,693.45,705.8,710.0,683.55,704.95,704.95,705.2,166,1.17,14,161,96.99
VIKASECO,EQ,24-Aug-2026,1.08,1.08,1.09,1.06,1.07,1.06,1.08,2943614,31.66,1396,1974424,67.07
VIKASLIFE,EQ,24-Aug-2026,1.19,1.19,1.23,1.19,1.23,1.21,1.21,2516988,30.36,7681,1456993,57.89
VIKRAMSOLR,EQ,24-Aug-2026,173.23,174.99,176.0,171.27,172.22,172.02,173.04,2190770,3790.98,20483,617146,28.17
VIKRAN,EQ,24-Aug-2026,63.04,63.04,63.54,61.1,61.5,61.32,62.16,944642,587.22,5745,479097,50.72
VILAS,SM,24-Aug-2026,345.15,345.0,357.0,345.0,355.0,351.55,352.37,54250,191.16,133,39750,73.27
VILINBIO,SM,24-Aug-2026,41.1,43.0,43.15,43.0,43.15,43.15,43.09,44000,18.96,10,44000,100.00
VIMTALABS,EQ,24-Aug-2026,629.65,629.65,634.7,613.05,615.35,615.85,620.89,119069,739.29,5147,58594,49.21
VINATIORGA,EQ,24-Aug-2026,1329.4,1317.5,1349.8,1317.5,1329.6,1329.6,1333.46,33062,440.87,3054,17020,51.48
VINCOFE,EQ,24-Aug-2026,161.55,162.19,162.84,157.11,159.5,158.98,159.27,1856103,2956.21,13900,795326,42.85
VINDHYATEL,EQ,24-Aug-2026,2453.9,2490.0,2598.0,2368.5,2400.0,2388.4,2487.03,146265,3637.66,15904,45963,31.42
VINEETLAB,EQ,24-Aug-2026,37.81,37.81,39.2,36.57,37.0,37.37,37.38,62662,23.42,294,45213,72.15
VINNY,EQ,24-Aug-2026,1.06,1.06,1.08,1.05,1.07,1.07,1.06,407878,4.34,186,303156,74.33
VINSYS,ST,24-Aug-2026,590.0,590.0,600.0,583.0,600.0,600.0,593.62,6250,37.1,21,6250,100.00
VINYAS,SM,24-Aug-2026,1611.8,1650.0,1650.0,1580.0,1603.0,1603.15,1600.39,16700,267.26,106,14300,85.63
VINYLINDIA,EQ,24-Aug-2026,235.19,236.38,241.9,234.14,239.0,238.82,239.05,10326,24.68,358,4557,44.13
VIPCLOTHNG,EQ,24-Aug-2026,20.44,20.98,20.98,20.15,20.79,20.77,20.62,20633,4.25,233,15688,76.03
VIPIND,EQ,24-Aug-2026,308.35,307.0,310.35,299.65,302.05,302.05,304.18,775533,2358.98,7659,630318,81.28
VIPULLTD,BE,24-Aug-2026,15.76,16.07,16.07,16.07,16.07,16.07,16.07,57329,9.21,88,-,-
VIRAT,EQ,24-Aug-2026,401.7,465.0,482.0,452.8,482.0,482.0,475.84,125540,597.37,2990,44695,35.60
VIRINCHI,EQ,24-Aug-2026,15.55,15.28,15.55,15.0,15.13,15.14,15.21,116768,17.76,294,99660,85.35
VIRTUALG,EQ,24-Aug-2026,0.55,0.57,0.6,0.55,0.57,0.55,0.57,1179952,6.71,490,1020260,86.47
VISACHROME,EQ,24-Aug-2026,36.99,37.5,37.9,35.53,37.0,36.81,37.15,38511,14.31,131,34452,89.46
VISAKAIND,EQ,24-Aug-2026,94.43,94.4,95.44,92.25,93.5,92.51,93.69,187690,175.84,2245,116447,62.04
VISAMAN,SM,24-Aug-2026,102.25,97.15,97.15,97.15,97.15,97.15,97.15,1000,0.97,1,1000,100.00
VISDEM,SM,24-Aug-2026,83.25,77.3,81.3,77.3,79.6,79.6,79.88,4800,3.83,4,2400,50.00
VISHAL,EQ,24-Aug-2026,18.68,18.49,19.59,18.49,18.51,18.79,19.01,62921,11.96,401,49075,77.99
VISHNU,EQ,24-Aug-2026,629.25,627.1,651.0,627.1,639.75,637.7,640.24,111805,715.82,5379,52371,46.84
VISHNUINFR,SM,24-Aug-2026,152.55,150.1,159.5,150.1,159.5,159.4,156.54,19000,29.74,21,18000,94.74
VISHWARAJ,EQ,24-Aug-2026,5.69,5.73,6.82,5.71,6.81,6.79,6.63,9320681,617.9,8390,5259382,56.43
VISHWAS,ST,24-Aug-2026,40.05,38.2,39.0,38.15,39.0,39.0,38.59,6400,2.47,4,6400,100.00
VISL,EQ,24-Aug-2026,36.74,37.14,37.69,36.85,37.13,37.07,37.21,18191272,6769.39,33976,9245372,50.82
VITAL,BE,24-Aug-2026,51.22,53.4,53.78,49.15,53.78,53.78,53.49,11877,6.35,28,-,-
VIVIANA,BE,24-Aug-2026,692.4,709.8,727.0,690.0,727.0,727.0,711.39,37462,266.5,473,-,-
VIVIDEL,SM,24-Aug-2026,1559.6,1580.0,1605.0,1550.05,1579.0,1574.0,1582.9,14160,224.14,52,10560,74.58
VIVIDHA,EQ,24-Aug-2026,0.54,0.55,0.55,0.52,0.53,0.53,0.53,136039,0.72,159,121865,89.58
VIVIMEDLAB,BE,24-Aug-2026,6.24,6.55,6.55,6.55,6.55,6.55,6.55,108337,7.1,101,-,-
VIVO,ST,24-Aug-2026,157.0,163.9,164.0,160.0,160.0,160.0,162.63,4800,7.81,3,4800,100.00
VIVOBIOT,EQ,24-Aug-2026,18.73,19.06,19.11,18.35,18.58,18.87,18.78,26198,4.92,139,21853,83.41
VIYASH,EQ,24-Aug-2026,275.95,276.25,277.1,268.1,274.0,273.2,271.43,7608154,20651.12,430681,3219287,42.31
VLEGOV,BE,24-Aug-2026,9.72,9.75,10.2,9.75,10.2,10.2,10.17,60375,6.14,84,-,-
VLINFRA,SM,24-Aug-2026,26.1,26.35,26.65,25.3,26.65,26.5,26.13,15000,3.92,9,12000,80.00
VLSFINANCE,EQ,24-Aug-2026,248.95,250.9,251.0,242.95,248.2,248.2,247.17,40034,98.95,1262,11936,29.81
VMARCIND,SM,24-Aug-2026,393.15,397.0,406.0,394.0,398.0,396.85,399.03,180000,718.25,117,118500,65.83
VMART,EQ,24-Aug-2026,838.85,845.0,868.9,830.0,854.0,856.55,854.25,245881,2100.44,17169,71577,29.11
VMM,EQ,24-Aug-2026,103.43,109.2,115.4,109.0,113.5,113.5,112.9,154604116,174551.11,368419,40151527,25.97
VMOBILE,SM,24-Aug-2026,65.8,68.15,68.7,65.6,65.75,65.75,67.37,8800,5.93,11,8000,90.91
VMSTMT,EQ,24-Aug-2026,47.9,47.95,48.85,46.7,47.51,47.19,47.35,88760,42.03,407,23156,26.09
VOEPL,EQ,24-Aug-2026,488.05,499.9,507.0,481.05,490.05,498.2,495.97,60205,298.6,2008,30215,50.19
VOGL,EQ,24-Aug-2026,38.39,38.89,40.74,38.55,39.49,39.69,39.88,81012339,32303.94,106074,26206721,32.35
VOITHPAPR,EQ,24-Aug-2026,1469.5,1480.0,1500.0,1480.0,1500.0,1500.0,1497.02,52,0.78,11,52,100.00
VOLTAMP,EQ,24-Aug-2026,10869.5,11000.0,11699.0,10987.0,11360.0,11292.0,11381.04,130616,14865.46,38253,50133,38.38
VOLTAS,EQ,24-Aug-2026,1235.0,1235.9,1242.0,1220.5,1242.0,1242.0,1233.35,744052,9176.79,22701,364134,48.94
VPRPL,EQ,24-Aug-2026,32.71,32.95,34.8,32.95,33.6,33.56,33.87,304062,103.0,1526,151332,49.77
VR,SM,24-Aug-2026,136.6,130.0,130.0,130.0,130.0,130.0,130.0,800,1.04,2,800,100.00
VRAJ,EQ,24-Aug-2026,121.36,121.55,122.98,120.3,121.11,121.47,121.5,13548,16.46,507,10407,76.82
VRLLOG,EQ,24-Aug-2026,288.75,288.95,291.9,286.2,288.4,288.45,288.55,94325,272.17,4028,54014,57.26
VSCL,SM,24-Aug-2026,21.65,22.7,22.7,21.0,22.7,22.7,21.89,12000,2.63,4,6000,50.00
VSSL,EQ,24-Aug-2026,348.7,348.7,358.0,348.7,352.0,351.45,352.4,89235,314.46,3526,46731,52.37
VSTIND,EQ,24-Aug-2026,212.69,214.0,214.0,210.0,210.85,210.65,211.74,124373,263.35,3350,78838,63.39
VSTL,EQ,24-Aug-2026,110.54,110.2,114.15,108.5,110.9,111.53,111.12,23734,26.37,418,17941,75.59
VSTTILLERS,EQ,24-Aug-2026,4410.2,4431.0,4444.4,4359.1,4363.0,4373.1,4384.11,7327,321.22,2097,4338,59.21
VTL,EQ,24-Aug-2026,602.9,604.85,609.0,595.6,599.6,599.55,601.72,162986,980.71,13584,83575,51.28
VTMLTD,EQ,24-Aug-2026,46.13,46.2,49.9,46.2,49.9,49.33,47.98,34390,16.5,367,30459,88.57
WAAREEENER,EQ,24-Aug-2026,2678.2,2680.0,2713.0,2637.0,2674.8,2674.8,2665.53,602522,16060.43,34643,201199,33.39
WAAREEINDO,EQ,24-Aug-2026,283.9,289.6,289.6,275.0,280.95,278.8,279.73,96588,270.18,2619,58709,60.78
WAAREERTL,EQ,24-Aug-2026,875.3,880.0,882.8,868.5,875.0,872.35,874.9,88594,775.11,7118,48457,54.70
WABAG,EQ,24-Aug-2026,2003.3,2008.0,2058.0,1986.1,2003.3,2001.1,2027.89,487340,9882.7,31738,214035,43.92
WAKEFIT,EQ,24-Aug-2026,141.36,141.49,144.69,137.0,137.66,137.81,140.33,976876,1370.85,14170,316505,32.40
WALCHANNAG,EQ,24-Aug-2026,227.09,227.6,230.45,221.21,222.7,222.25,226.7,537336,1218.11,7721,247440,46.05
WALPAR,SM,24-Aug-2026,31.5,29.95,29.95,29.95,29.95,29.95,29.95,2000,0.6,1,2000,100.00
WANBURY,EQ,24-Aug-2026,264.85,265.55,271.0,260.5,263.0,267.25,266.71,135142,360.44,3225,66250,49.02
WARDINMOBI,EQ,24-Aug-2026,6.18,6.21,6.24,5.8,6.13,6.12,6.04,391537,23.66,983,298869,76.33
WATERBASE,EQ,24-Aug-2026,52.39,52.9,54.0,49.01,50.4,50.41,51.38,43434,22.32,663,26804,61.71
WCIL,EQ,24-Aug-2026,86.7,85.55,88.49,85.55,87.0,86.3,87.29,52927,46.2,1030,27903,52.72
WEALTH,EQ,24-Aug-2026,866.85,879.0,879.0,844.95,850.0,849.85,859.71,1645,14.14,198,1263,76.78
WEBELSOLAR,EQ,24-Aug-2026,82.8,82.99,83.99,80.5,80.95,80.87,82.06,1846037,1514.89,16376,1079712,58.49
WEIZMANIND,EQ,24-Aug-2026,76.5,76.5,77.9,75.0,75.8,75.8,76.01,298,0.23,29,259,86.91
WEL,EQ,24-Aug-2026,141.27,141.27,142.0,134.1,134.5,135.94,136.88,599415,820.5,4369,419851,70.04
WELCORP,EQ,24-Aug-2026,2311.9,2290.0,2422.0,2266.7,2401.9,2409.2,2372.38,6106908,144879.09,242755,954755,15.63
WELENT,EQ,24-Aug-2026,631.45,631.45,654.0,622.6,652.0,647.9,640.56,712685,4565.14,18955,332429,46.64
WELINV,BE,24-Aug-2026,2022.0,2123.1,2123.1,2122.0,2123.1,2123.1,2123.02,383,8.13,48,-,-
WELSPLSOL,EQ,24-Aug-2026,51.38,51.65,52.4,50.9,51.68,51.59,51.52,955163,492.06,5589,493803,51.70
WELSPUNLIV,EQ,24-Aug-2026,189.22,190.32,195.0,188.62,190.45,190.43,191.99,5069309,9732.49,41478,1763352,34.78
WENDT,EQ,24-Aug-2026,8182.5,8325.0,8682.5,8252.0,8260.0,8286.0,8436.28,43402,3661.52,9983,15643,36.04
WESTLIFE,EQ,24-Aug-2026,588.15,590.0,590.9,581.7,586.0,584.6,586.42,37879,222.13,4978,17625,46.53
WEWIN,EQ,24-Aug-2026,47.0,47.0,47.0,45.5,45.5,45.52,45.57,1713,0.78,35,1661,96.96
WEWORK,EQ,24-Aug-2026,682.9,683.0,689.95,664.55,670.25,672.1,673.68,199269,1342.43,25894,106217,53.30
WHBRADY,EQ,24-Aug-2026,534.5,486.05,533.6,486.05,533.6,533.6,516.18,29,0.15,7,19,65.52
WHEELS,EQ,24-Aug-2026,1512.8,1512.8,1568.5,1482.1,1556.2,1561.4,1538.44,137603,2116.93,12370,66568,48.38
WHIRLPOOL,EQ,24-Aug-2026,768.5,771.9,776.85,762.7,770.9,769.05,768.88,245285,1885.94,18978,143164,58.37
WILLAMAGOR,EQ,24-Aug-2026,25.04,25.04,25.76,24.1,25.32,24.87,24.53,778,0.19,43,416,53.47
WINDLAS,EQ,24-Aug-2026,993.6,998.0,1035.9,985.0,988.0,991.75,1008.87,151965,1533.13,9771,74736,49.18
WINDMACHIN,EQ,24-Aug-2026,314.6,317.45,321.0,313.15,316.65,317.15,317.0,56212,178.19,2202,28120,50.02
WINNY,SM,24-Aug-2026,33.7,32.05,32.05,32.05,32.05,32.05,32.05,500,0.16,1,500,100.00
WINSOL,SM,24-Aug-2026,111.5,111.5,114.5,109.1,114.5,111.8,111.74,2800,3.13,7,1600,57.14
WIPL,EQ,24-Aug-2026,165.0,165.0,169.18,164.0,165.0,164.99,166.46,3445,5.73,46,2971,86.24
WIPRO,EQ,24-Aug-2026,180.79,181.0,183.92,180.56,181.31,181.31,181.96,9441129,17179.17,83122,2999220,31.77
WOCKPHARMA,EQ,24-Aug-2026,1886.3,1888.0,1909.2,1867.7,1902.0,1901.0,1891.5,306988,5806.66,18510,126317,41.15
WOL3D,ST,24-Aug-2026,139.95,137.0,137.0,137.0,137.0,137.0,137.0,1000,1.37,1,1000,100.00
WOMANCART,SM,24-Aug-2026,121.45,124.0,133.0,124.0,128.8,126.2,128.15,49200,63.05,116,29600,60.16
WONDERLA,EQ,24-Aug-2026,519.2,528.0,532.7,511.15,511.3,511.95,523.82,306086,1603.34,9830,132241,43.20
WORTHPERI,EQ,24-Aug-2026,157.27,152.9,159.11,152.9,156.0,155.32,156.65,18456,28.91,2059,4124,22.35
WPIL,EQ,24-Aug-2026,451.35,454.5,468.0,452.6,459.0,459.0,459.84,55993,257.48,2770,32499,58.04
WSI,EQ,24-Aug-2026,61.02,60.55,62.3,60.52,62.1,61.85,61.7,55418,34.19,1286,35148,63.42
WSTCSTPAPR,EQ,24-Aug-2026,637.25,637.25,642.0,607.1,611.05,613.45,621.56,157789,980.76,7692,79340,50.28
WTICAB,SM,24-Aug-2026,102.25,102.25,109.0,102.25,109.0,108.85,107.87,26500,28.59,35,19500,73.58
XCHANGING,EQ,24-Aug-2026,61.25,60.75,62.29,60.75,61.3,61.12,61.4,64435,39.56,933,36107,56.04
XELPMOC,EQ,24-Aug-2026,76.96,76.5,84.88,75.21,83.94,83.16,80.46,23964,19.28,510,15958,66.59
XPROINDIA,EQ,24-Aug-2026,1142.0,1142.0,1185.0,1136.1,1180.0,1172.5,1170.87,77478,907.17,4509,50129,64.70
XTGLOBAL,EQ,24-Aug-2026,28.49,28.84,28.84,27.5,28.8,28.33,27.97,98098,27.44,611,81524,83.10
XTRANET,EQ,24-Aug-2026,167.03,169.4,171.64,163.1,168.1,167.69,166.63,401119,668.39,5782,179510,44.75
YAAP,SM,24-Aug-2026,136.2,136.0,136.0,134.0,134.0,134.0,135.0,2000,2.7,2,2000,100.00
YASHO,EQ,24-Aug-2026,4400.0,4420.0,4525.0,4268.9,4292.0,4308.5,4411.33,65764,2901.07,14257,26325,40.03
YASHOPTICS,SM,24-Aug-2026,115.45,110.0,115.6,110.0,115.6,115.6,113.95,14400,16.41,7,13600,94.44
YATHARTH,EQ,24-Aug-2026,855.15,857.25,916.9,852.25,909.0,907.55,894.68,1156221,10344.44,44550,392889,33.98
YATRA,EQ,24-Aug-2026,116.93,118.53,118.53,114.43,114.87,115.31,116.3,1318193,1533.09,9478,672390,51.01
YESBANK,EQ,24-Aug-2026,22.8,22.8,22.86,22.51,22.6,22.6,22.63,41025996,9285.98,74260,20179330,49.19
YOGI,EQ,24-Aug-2026,165.97,165.97,165.97,157.0,160.0,160.0,159.91,1080,1.73,27,1080,100.00
YUDIZ,SM,24-Aug-2026,22.95,23.5,24.0,23.5,24.0,24.0,23.75,1600,0.38,2,1600,100.00
YUKEN,EQ,24-Aug-2026,964.6,979.9,988.0,923.3,940.0,933.1,942.48,17578,165.67,1060,10447,59.43
ZAGGLE,EQ,24-Aug-2026,200.12,200.0,201.86,190.1,190.25,191.32,194.53,4311221,8386.5,34291,1355544,31.44
ZEAL,SM,24-Aug-2026,61.3,61.3,66.45,61.3,65.0,65.0,63.97,3000,1.92,5,3000,100.00
ZEEL,EQ,24-Aug-2026,107.58,107.98,110.63,103.62,104.7,104.57,106.42,36707649,39064.84,132120,11739543,31.98
ZEELEARN,BE,24-Aug-2026,7.73,7.74,8.11,7.7,7.84,7.85,7.96,396218,31.54,414,-,-
ZEEMEDIA,EQ,24-Aug-2026,9.38,9.5,9.55,9.21,9.23,9.32,9.4,1759186,165.34,2141,972960,55.31
ZENITHDRUG,SM,24-Aug-2026,42.65,41.2,41.2,41.2,41.2,41.2,41.2,3200,1.32,4,3200,100.00
ZENITHEXPO,EQ,24-Aug-2026,205.18,201.3,202.4,196.41,199.0,199.0,199.43,325,0.65,16,296,91.08
ZENITHSTL,EQ,24-Aug-2026,5.41,5.46,5.59,5.35,5.49,5.47,5.46,88993,4.86,243,71235,80.05
ZENSARTECH,EQ,24-Aug-2026,483.55,483.55,496.4,475.05,478.4,476.9,485.03,662955,3215.51,25888,256705,38.72
ZENTEC,EQ,24-Aug-2026,1926.3,1931.2,1932.8,1895.0,1902.5,1903.3,1909.12,280194,5349.25,20512,93936,33.53
ZFCVINDIA,EQ,24-Aug-2026,2662.0,2670.0,2673.9,2627.6,2641.0,2650.1,2652.43,52892,1402.92,9417,36650,69.29
ZFSTEERING,EQ,24-Aug-2026,671.9,684.45,684.45,665.0,675.0,672.8,672.58,1432,9.63,90,1007,70.32
ZIMLAB,EQ,24-Aug-2026,125.03,122.0,129.0,122.0,124.16,123.95,127.15,131562,167.28,3294,82765,62.91
ZODIAC,EQ,24-Aug-2026,247.85,255.0,258.95,247.5,250.0,249.15,251.72,18428,46.39,809,10746,58.31
ZODIACLOTH,EQ,24-Aug-2026,74.13,74.13,75.44,72.65,73.5,73.7,73.61,9893,7.28,278,6560,66.31
ZOTA,EQ,24-Aug-2026,1087.4,1087.0,1142.3,1084.1,1090.1,1094.5,1113.62,77797,866.36,5766,38142,49.03
ZSARACOM,EQ,24-Aug-2026,12433.0,12433.0,12433.0,11724.0,11940.0,11934.0,12038.0,59,7.1,20,55,93.22
ZTECH,SM,24-Aug-2026,494.4,495.0,500.05,490.0,492.8,493.45,493.46,12900,63.66,37,10800,83.72
ZUARI,EQ,24-Aug-2026,225.04,224.0,234.0,224.0,227.3,226.97,230.3,192334,442.95,4015,65059,33.83
ZUARIIND,EQ,24-Aug-2026,279.3,275.65,295.0,275.65,287.9,285.6,289.66,343929,996.23,6810,169941,49.41
ZYDUSLIFE,EQ,24-Aug-2026,1120.0,1112.7,1117.5,1098.0,1103.8,1103.8,1104.7,857487,9472.62,31681,432123,50.39
ZYDUSWELL,EQ,24-Aug-2026,490.8,490.8,515.0,490.0,513.5,511.1,508.0,506126,2571.13,28601,174996,34.58
