priority,identifier,change,symbol,series,marketType,lastPrice,totalTradedVolume,open,dayHigh,dayLow,previousClose,totalTradedValue,yearHigh,yearLow,ffmc,lastUpdateTime,stockIndClosePrice,perChange365d,perChange30d,date365dAgo,date30dAgo,nearWKH,nearWKL,chart30Path,chart365Path,companyName,pChange
1,NIFTY TOTAL MARKET,-8.5,NIFTY TOTAL MARKET,,,13285.6,3196685044,13311.85,13327.95,13254.85,13294.1,854094521564.59,13548.0,11436.55,,2026-08-24 15:39:59,0,2.66,2.76,22-Aug-2025,24-Jul-2026,1.936817242397402,-16.167900284613804,,,,-0.06
0,LTFOODSEQN,28.4,LTFOODS,EQ,N,456.0,41891152,427.6,490.7,427.6,427.6,19687165793.92,490.7,333.15,62572377500.73,2026-08-24 16:00:28,0,5.17,21.41,22-Aug-2025,24-Jul-2026,7.071530466680253,-36.87528140477262,,,LT FOODS LIMITED,6.64
0,VMMEQN,10.07,VMM,EQ,N,113.5,154604116,109.2,115.4,109.0,103.43,17454804696.4,157.6,98.77,316036003187.95,2026-08-24 16:00:28,0,-24.67,5.05,22-Aug-2025,24-Jul-2026,27.982233502538072,-14.91343525361952,,,VISHAL MEGA MART LIMITED,9.74
0,NETWEBEQN,-166.0,NETWEB,EQ,N,5435.0,2703933,5600.0,5813.0,5408.5,5601.0,15100762782.42,5813.0,2037.3,106655067529.7,2026-08-24 16:00:28,0,134.03,30.77,22-Aug-2025,24-Jul-2026,6.502666437295717,-166.77465272664801,,,NETWEB TECHNOLOGIES INDIA LIMITED,-2.96
0,WELCORPEQN,90.0,WELCORP,EQ,N,2401.9,6106908,2290.0,2422.0,2266.7,2311.9,14487906401.04,2422.0,710.0,313879118472.96,2026-08-24 16:00:28,0,170.0,50.41,22-Aug-2025,24-Jul-2026,0.8298926507018992,-238.29577464788733,,,WELSPUN CORP LIMITED,3.89
0,BSEEQN,71.7,BSE,EQ,N,3312.7,4303245,3250.0,3346.5,3242.5,3241.0,14273089080.9,4446.8,2021.5,1349911241779.95,2026-08-24 16:00:28,0,42.01,-6.68,22-Aug-2025,24-Jul-2026,25.503733021498604,-63.87336136532278,,,BSE LIMITED,2.21
0,MCXEQN,83.0,MCX,EQ,N,3268.0,3395697,3200.0,3289.7,3180.1,3185.0,11034249487.56,3480.0,1460.8,831359229655.52,2026-08-24 16:00:28,0,105.28,19.71,22-Aug-2025,24-Jul-2026,6.091954022988506,-123.71303395399781,,,MULTI COMMODITY EXCHANGE OF INDIA LIMITED,2.61
0,URBANCOEQN,9.7,URBANCO,EQ,N,168.3,64718783,159.0,172.33,157.55,158.6,10881168985.79,201.18,100.7,56604521327.31,2026-08-24 16:00:28,0,0.0,29.7,,24-Jul-2026,16.343572919773337,-67.13008937437934,,,URBAN COMPANY LIMITED,6.12
0,DIXONEQN,-280.0,DIXON,EQ,N,14570.0,735401,15000.0,15000.0,14484.0,14850.0,10727095828.73,18471.0,9600.0,603337109056.18,2026-08-24 16:00:28,0,-13.75,5.23,22-Aug-2025,24-Jul-2026,21.119592875318066,-51.770833333333336,,,DIXON TECHNOLOGIES (INDIA) LIMITED,-1.89
0,MUTHOOTFINEQN,187.0,MUTHOOTFIN,EQ,N,3209.0,3268593,3056.0,3209.0,3049.8,3022.0,10343266432.92,4149.5,2604.2,343174199430.05,2026-08-24 16:00:28,0,19.71,7.44,22-Aug-2025,24-Jul-2026,22.66538137124955,-23.224022732509024,,,MUTHOOT FINANCE LIMITED,6.19
0,INFYEQN,9.0,INFY,EQ,N,1130.0,8565354,1126.5,1144.5,1122.0,1121.0,9705916538.64,1728.0,982.4,3953171214002.05,2026-08-24 16:00:28,0,-24.03,8.56,22-Aug-2025,24-Jul-2026,34.60648148148148,-15.02442996742671,,,INFOSYS LIMITED,0.8
0,BALUFORGEEQN,73.8,BALUFORGE,EQ,N,629.2,15544329,568.0,638.0,568.0,555.4,9627380166.15,697.0,341.05,29838602594.08,2026-08-24 16:00:28,0,-0.71,45.11,22-Aug-2025,24-Jul-2026,9.727403156384504,-84.4890778478229,,,BALU FORGE INDUSTRIES LIMITED,13.29
0,RELIANCEEQN,-6.2,RELIANCE,EQ,N,1309.8,7277167,1316.6,1320.0,1302.4,1316.0,9517806719.3,1611.8,1249.8,8823783835303.96,2026-08-24 16:00:28,0,-7.05,2.49,22-Aug-2025,24-Jul-2026,18.736815982131777,-4.800768122899664,,,RELIANCE INDUSTRIES LIMITED,-0.47
0,SBINEQN,-9.2,SBIN,EQ,N,1039.5,8868193,1047.9,1047.9,1032.1,1048.7,9190197087.83,1234.7,798.5,4284700632073.01,2026-08-24 16:00:28,0,27.35,2.41,22-Aug-2025,24-Jul-2026,15.809508382603061,-30.18159048215404,,,STATE BANK OF INDIA,-0.88
0,BALRAMCHINEQN,-46.35,BALRAMCHIN,EQ,N,683.0,12426234,732.95,751.7,678.0,729.35,9023931130.8,780.95,393.55,77606945281.52,2026-08-24 16:00:28,0,16.78,11.94,22-Aug-2025,24-Jul-2026,12.542416287854536,-73.54846906365138,,,BALRAMPUR CHINI MILLS LIMITED,-6.35
0,SAILEQN,6.19,SAIL,EQ,N,179.65,48226622,174.8,180.96,174.71,173.46,8644139727.28,209.7,118.1,258990638017.16,2026-08-24 16:00:28,0,47.34,11.27,22-Aug-2025,24-Jul-2026,14.329995231282785,-52.116850127011006,,,STEEL AUTHORITY OF INDIA LIMITED,3.57
0,HDFCBANKEQN,2.05,HDFCBANK,EQ,N,729.0,11408345,732.5,734.4,724.1,726.95,8305161076.55,1020.5,715.1,11139571634625.85,2026-08-24 16:00:28,0,-25.79,-1.86,22-Aug-2025,24-Jul-2026,28.564429201371876,-1.9437840861417983,,,HDFC BANK LIMITED,0.28
0,HSCLEQN,5.1,HSCL,EQ,N,659.5,11631592,660.45,684.75,657.1,654.4,7829689838.88,819.5,418.5,154476610043.78,2026-08-24 16:00:28,0,40.48,-16.47,22-Aug-2025,24-Jul-2026,19.524100061012813,-57.58661887694146,,,HIMADRI SPECIALITY CHEMICAL LIMITED,0.78
0,HINDZINCEQN,9.1,HINDZINC,EQ,N,604.0,12772617,595.95,614.2,592.85,594.9,7754766685.38,733.0,418.0,289654862447.97,2026-08-24 16:00:28,0,42.15,13.54,22-Aug-2025,24-Jul-2026,17.598908594815825,-44.49760765550239,,,HINDUSTAN ZINC LIMITED,1.53
0,ICICIBANKEQN,-5.0,ICICIBANK,EQ,N,1415.0,5307113,1420.5,1425.5,1408.7,1420.0,7512589949.41,1480.0,1187.6,10112335516683.7,2026-08-24 16:00:28,0,-1.49,-1.25,22-Aug-2025,24-Jul-2026,4.391891891891892,-19.147861232738297,,,ICICI BANK LIMITED,-0.35
0,PCJEWELLEREQN,0.83,PCJEWELLER,EQ,N,11.05,686889641,10.28,11.35,10.19,10.22,7459621501.26,15.38,7.47,43494304699.16,2026-08-24 16:00:28,0,-19.11,19.07,22-Aug-2025,24-Jul-2026,28.153446033810145,-47.92503346720214,,,PC JEWELLER LIMITED,8.12
0,BLSEQN,-29.12,BLS,EQ,N,242.17,29683584,272.0,280.14,233.47,271.29,7263869840.64,392.85,218.9,29253997908.71,2026-08-24 16:00:28,0,-34.22,3.67,22-Aug-2025,24-Jul-2026,38.3556064655721,-10.630424851530378,,,BLS INTERNATIONAL SERVICES LIMITED,-10.73
0,ETERNALEQN,-0.85,ETERNAL,EQ,N,327.15,21892944,323.0,329.5,323.0,328.0,7177601690.4,368.45,212.6,2358523836704.96,2026-08-24 16:00:28,0,2.52,16.84,22-Aug-2025,24-Jul-2026,11.209119283484869,-53.880526810912514,,,ETERNAL LIMITED,-0.26
0,HFCLEQN,11.4,HFCL,EQ,N,239.41,29905949,229.0,239.41,228.13,228.01,7097578876.17,239.41,59.82,244485028856.95,2026-08-24 16:00:28,0,225.2,21.62,22-Aug-2025,24-Jul-2026,0.0,-300.21731862253426,,,HFCL LIMITED,5.0
0,TATASTEELEQN,3.3,TATASTEEL,EQ,N,186.3,37800944,184.15,186.3,183.06,183.0,6999978809.92,224.4,153.05,1535663517993.19,2026-08-24 16:00:28,0,17.5,1.99,22-Aug-2025,24-Jul-2026,16.97860962566845,-21.724926494609605,,,TATA STEEL LIMITED,1.8
0,ASTERDMEQN,-10.55,ASTERDM,EQ,N,751.0,8879723,759.0,768.9,744.0,761.55,6681192382.43,891.3,519.1,318999250623.05,2026-08-24 16:00:28,0,24.65,-4.41,22-Aug-2025,24-Jul-2026,15.741052395377539,-44.673473319206316,,,ASTER DM QUALITY CARE LIMITED,-1.39
0,HINDCOPPEREQN,-4.8,HINDCOPPER,EQ,N,567.9,11471331,576.0,586.75,566.7,572.7,6601865703.81,760.05,226.7,185850008333.12,2026-08-24 16:00:28,0,138.63,17.54,22-Aug-2025,24-Jul-2026,25.281231497927767,-150.50727834142037,,,HINDUSTAN COPPER LIMITED,-0.84
0,IDBIEQN,6.26,IDBI,EQ,N,88.5,72743077,82.24,90.9,82.24,82.24,6434125160.65,118.38,61.01,49481603221.76,2026-08-24 16:00:28,0,-6.84,4.2,22-Aug-2025,24-Jul-2026,25.240750126710594,-45.05818718242911,,,IDBI BANK LIMITED,7.61
0,KOTAKBANKEQN,-1.35,KOTAKBANK,EQ,N,401.45,14932117,403.5,405.6,398.2,402.8,5989122807.53,453.2,345.5,2947671599105.34,2026-08-24 16:00:28,0,1.04,4.34,22-Aug-2025,24-Jul-2026,11.418799646954987,-16.193921852387845,,,KOTAK MAHINDRA BANK LIMITED,-0.34
0,LTEQN,-3.0,LT,EQ,N,4090.0,1369496,4100.0,4107.1,4077.7,4093.0,5601087995.44,4440.0,3288.1,4774177898435.34,2026-08-24 16:00:28,0,13.74,8.04,22-Aug-2025,24-Jul-2026,7.882882882882883,-24.38794440558377,,,LARSEN & TOUBRO LIMITED,-0.07
0,TVSSCSEQN,12.0,TVSSCS,EQ,N,133.44,40350034,121.85,141.0,120.9,121.44,5462184102.58,146.5,90.32,16648147850.03,2026-08-24 16:00:28,0,1.18,0.23,22-Aug-2025,24-Jul-2026,8.914675767918089,-47.74136403897254,,,TVS SUPPLY CHAIN SOLUTIONS LIMITED,9.88
0,SIEMENSEQN,194.0,SIEMENS,EQ,N,4114.0,1317215,3920.0,4118.2,3903.3,3920.0,5360538164.0,4118.2,2826.0,362652657471.06,2026-08-24 16:00:28,0,29.65,11.5,22-Aug-2025,24-Jul-2026,0.1019863046962265,-45.576786978060866,,,SIEMENS LIMITED,4.95
0,GRASIMEQN,-20.0,GRASIM,EQ,N,3288.0,1615909,3316.0,3316.0,3263.0,3308.0,5310539496.69,3411.1,2502.5,1237146626637.36,2026-08-24 16:00:28,0,16.85,6.43,22-Aug-2025,24-Jul-2026,3.6088065433437895,-31.388611388611388,,,GRASIM INDUSTRIES LIMITED,-0.6
0,VEDLEQN,-2.0,VEDL,EQ,N,277.0,18926670,280.05,281.45,272.4,279.0,5227924787.4,795.0,249.7,468415773614.19,2026-08-24 16:00:28,0,-37.65,4.67,22-Aug-2025,24-Jul-2026,65.15723270440252,-10.933119743692432,,,VEDANTA LIMITED,-0.72
0,LAURUSLABSEQN,-1.0,LAURUSLABS,EQ,N,1801.0,2894242,1800.0,1810.8,1790.0,1802.0,5216118702.08,1870.8,823.1,699358895305.91,2026-08-24 16:00:28,0,104.87,12.48,22-Aug-2025,24-Jul-2026,3.7310241607868293,-118.80694933786903,,,LAURUS LABS LIMITED,-0.06
0,LENSKARTEQN,-4.45,LENSKART,EQ,N,656.95,7775210,661.4,673.9,648.0,661.4,5131560847.9,673.9,356.1,219626599969.84,2026-08-24 16:00:28,0,0.0,18.18,,24-Jul-2026,2.515209971805906,-84.4846953103061,,,LENSKART SOLUTIONS LIMITED,-0.67
0,KAYNESEQN,-49.8,KAYNES,EQ,N,3840.2,1251926,3930.0,3963.5,3840.2,3890.0,4888620798.88,7705.0,2995.0,119791352260.8,2026-08-24 16:00:28,0,-38.15,20.91,22-Aug-2025,24-Jul-2026,50.15963659961064,-28.220367278797998,,,KAYNES TECHNOLOGY INDIA LIMITED,-1.28
0,JSWSTEELEQN,33.3,JSWSTEEL,EQ,N,1327.0,3648206,1298.0,1327.0,1295.3,1293.7,4788598713.54,1335.0,1022.3,1241169792257.22,2026-08-24 16:00:28,0,25.83,6.95,22-Aug-2025,24-Jul-2026,0.599250936329588,-29.805340897975153,,,JSW STEEL LIMITED,2.57
0,EIDPARRYEQN,23.4,EIDPARRY,EQ,N,820.7,5615486,801.0,865.4,789.1,797.3,4725936862.74,1196.4,698.2,84180304847.95,2026-08-24 16:00:28,0,-30.33,8.27,22-Aug-2025,24-Jul-2026,31.40254095620194,-17.545116012603838,,,EID PARRY INDIA LIMITED,2.93
0,BAJFINANCEEQN,-18.0,BAJFINANCE,EQ,N,1077.0,4342556,1086.0,1094.9,1076.9,1095.0,4710109939.84,1176.4,787.9,2878527486542.23,2026-08-24 16:00:28,0,20.4,6.34,22-Aug-2025,24-Jul-2026,8.449506970418225,-36.69247366417058,,,BAJAJ FINANCE LIMITED,-1.64
0,AXISBANKEQN,-9.8,AXISBANK,EQ,N,1236.0,3778588,1245.8,1248.7,1231.8,1245.8,4670183624.48,1418.3,1042.5,3542605738242.93,2026-08-24 16:00:28,0,15.42,0.71,22-Aug-2025,24-Jul-2026,12.853416061482056,-18.56115107913669,,,AXIS BANK LIMITED,-0.79
0,LICIEQN,-0.4,LICI,EQ,N,421.85,10848478,426.0,427.25,419.25,422.25,4582505591.98,468.48,360.75,186774019611.68,2026-08-24 16:00:28,0,-5.11,0.13,22-Aug-2025,24-Jul-2026,9.953466530054644,-16.936936936936938,,,LIFE INSURANCE CORPORATION OF INDIA,-0.09
0,PAYTMEQN,-8.5,PAYTM,EQ,N,1623.5,2832355,1632.0,1638.5,1610.3,1632.0,4582042301.25,1657.6,930.6,682457916816.35,2026-08-24 16:00:28,0,28.38,26.52,22-Aug-2025,24-Jul-2026,2.0571911196911197,-74.45733935095637,,,ONE 97 COMMUNICATIONS LIMITED,-0.52
0,CUPIDEQN,1.52,CUPID,EQ,N,286.1,15803016,285.5,291.9,282.69,284.58,4532304988.8,299.0,32.87,193098122004.83,2026-08-24 16:00:28,0,731.93,34.05,22-Aug-2025,24-Jul-2026,4.31438127090301,-770.3985397018558,,,CUPID LIMITED,0.53
0,SUNPHARMAEQN,7.6,SUNPHARMA,EQ,N,1910.0,2317987,1902.4,1923.0,1892.6,1902.4,4433428295.94,2046.9,1548.0,2016799806279.96,2026-08-24 16:00:28,0,16.34,-1.6,22-Aug-2025,24-Jul-2026,6.688162587327177,-23.385012919896642,,,SUN PHARMACEUTICAL INDUSTRIES LIMITED,0.4
0,BHARTIARTLEQN,-11.0,BHARTIARTL,EQ,N,1935.0,2277098,1950.0,1952.5,1932.5,1946.0,4413926763.2,2174.5,1740.5,6009380108359.26,2026-08-24 16:00:28,0,0.09,1.94,22-Aug-2025,24-Jul-2026,11.014026212922511,-11.174949727089917,,,BHARTI AIRTEL LIMITED,-0.57
0,HINDALCOEQN,24.5,HINDALCO,EQ,N,1058.5,4052159,1047.95,1058.5,1043.3,1034.0,4264613696.37,1176.0,697.0,1528314994995.43,2026-08-24 16:00:28,0,50.31,12.27,22-Aug-2025,24-Jul-2026,9.991496598639456,-51.86513629842181,,,HINDALCO INDUSTRIES LIMITED,2.37
0,MEESHOEQN,-0.5,MEESHO,EQ,N,205.19,20563982,207.24,212.65,201.5,205.69,4217261428.56,254.4,125.56,114587121901.19,2026-08-24 16:00:28,0,0.0,10.77,,24-Jul-2026,19.343553459119498,-63.41987894233832,,,MEESHO LIMITED,-0.24
0,GROWWEQN,-0.91,GROWW,EQ,N,196.1,21334506,197.16,200.55,194.55,197.01,4208444653.56,227.2,112.0,150497994030.45,2026-08-24 16:00:28,0,0.0,-2.99,,24-Jul-2026,13.68838028169014,-75.08928571428571,,,BILLIONBRAINS GARAGE VENTURES LIMITED,-0.46
0,M&MEQN,1.9,M&M,EQ,N,3414.1,1168624,3419.9,3444.7,3400.0,3412.2,3996518786.4,3839.9,2896.0,3039512059691.47,2026-08-24 16:00:28,0,0.33,7.99,22-Aug-2025,24-Jul-2026,11.088830438292664,-17.890193370165747,,,MAHINDRA & MAHINDRA LIMITED,0.06
0,ZEELEQN,-2.88,ZEEL,EQ,N,104.7,36707649,107.98,110.63,103.62,107.58,3906428006.58,124.14,68.0,95858770306.56,2026-08-24 16:00:28,0,-15.28,-0.72,22-Aug-2025,24-Jul-2026,15.659739004349927,-53.970588235294116,,,ZEE ENTERTAINMENT ENTERPRISES LIMITED,-2.68
0,BELEQN,-5.0,BEL,EQ,N,409.0,9480784,414.3,414.6,405.55,414.0,3876218538.4,473.45,361.2,1460818020654.6,2026-08-24 16:00:28,0,9.11,0.99,22-Aug-2025,24-Jul-2026,13.61284190516422,-13.233665559246955,,,BHARAT ELECTRONICS LIMITED,-1.21
0,MANAPPURAMEQN,7.55,MANAPPURAM,EQ,N,365.05,10508852,359.25,369.9,358.3,357.5,3835310625.92,381.55,245.15,199798877321.36,2026-08-24 16:00:28,0,36.85,3.43,22-Aug-2025,24-Jul-2026,4.324465993971956,-48.90883132775851,,,MANAPPURAM FINANCE LIMITED,2.11
0,GVT&DEQN,50.7,GVT&D,EQ,N,4177.9,898011,4139.4,4249.0,4112.7,4127.2,3765773208.06,5650.0,2523.2,516252849171.38,2026-08-24 16:00:28,0,50.83,0.49,22-Aug-2025,24-Jul-2026,26.054867256637166,-65.5794229549778,,,GE VERNOVA T&D INDIA LIMITED,1.23
0,BANKBARODAEQN,-5.5,BANKBARODA,EQ,N,241.5,15274497,245.55,246.12,239.9,247.0,3691845924.9,325.5,230.81,446786990034.28,2026-08-24 16:00:28,0,0.53,-2.01,22-Aug-2025,24-Jul-2026,25.806451612903224,-4.631515098999177,,,BANK OF BARODA,-2.23
0,KALYANKJILEQN,4.4,KALYANKJIL,EQ,N,607.95,5956971,608.5,610.35,601.15,603.55,3613498608.6,648.95,327.05,232953993828.26,2026-08-24 16:00:28,0,18.94,6.0,22-Aug-2025,24-Jul-2026,6.317898143154326,-85.88900779697293,,,KALYAN JEWELLERS INDIA LIMITED,0.73
0,REDINGTONEQN,14.1,REDINGTON,EQ,N,364.65,9723917,353.05,370.8,352.25,350.55,3547576639.11,370.8,191.31,216043080887.24,2026-08-24 16:00:28,0,49.88,40.76,22-Aug-2025,24-Jul-2026,1.6585760517799353,-90.60686843343265,,,REDINGTON LIMITED,4.02
0,TCSEQN,-17.9,TCS,EQ,N,2284.1,1542723,2302.4,2321.6,2279.5,2302.0,3541706327.25,3350.0,1976.8,2325493810994.27,2026-08-24 16:00:28,0,-25.21,1.32,22-Aug-2025,24-Jul-2026,31.817910447761193,-15.545325779036828,,,TATA CONSULTANCY SERVICES LIMITED,-0.78
0,CUMMINSINDEQN,82.5,CUMMINSIND,EQ,N,5190.0,686782,5100.0,5190.0,5083.0,5107.5,3530869882.76,6100.0,3777.3,699116398596.0,2026-08-24 16:00:28,0,32.53,-7.33,22-Aug-2025,24-Jul-2026,14.918032786885245,-37.39972996584862,,,CUMMINS INDIA LIMITED,1.62
0,DLFEQN,10.9,DLF,EQ,N,689.0,5098239,678.1,689.0,678.1,678.1,3492242732.61,794.8,489.4,440769073427.81,2026-08-24 16:00:28,0,-9.65,6.79,22-Aug-2025,24-Jul-2026,13.31152491192753,-40.78463424601553,,,DLF LIMITED,1.61
0,AMBEREQN,28.0,AMBER,EQ,N,7378.0,473119,7435.0,7469.0,7280.0,7350.0,3490075852.06,8974.0,5400.5,160779209486.68,2026-08-24 16:00:28,0,1.62,1.6,22-Aug-2025,24-Jul-2026,17.784711388455538,-36.61697990926766,,,AMBER ENTERPRISES INDIA LIMITED,0.38
0,TECHMEQN,0.0,TECHM,EQ,N,1584.0,2197042,1580.1,1599.0,1574.1,1584.0,3487606441.22,1854.0,1304.1,1003192884884.66,2026-08-24 16:00:28,0,5.25,1.57,22-Aug-2025,24-Jul-2026,14.563106796116505,-21.463077984817115,,,TECH MAHINDRA LIMITED,0.0
0,SHRIRAMFINEQN,-11.0,SHRIRAMFIN,EQ,N,1119.0,3112438,1120.5,1137.3,1112.0,1130.0,3484996828.6,1153.7,566.5,1562857768193.94,2026-08-24 16:00:28,0,81.7,11.33,22-Aug-2025,24-Jul-2026,3.0077143104793276,-97.52868490732568,,,SHRIRAM FINANCE LIMITED,-0.97
0,ULTRACEMCOEQN,-66.0,ULTRACEMCO,EQ,N,11504.0,297744,11566.0,11606.0,11484.0,11570.0,3437225217.12,13110.0,10325.0,1357538118351.95,2026-08-24 16:00:28,0,-8.62,-2.89,22-Aug-2025,24-Jul-2026,12.250190694126621,-11.418886198547215,,,ULTRATECH CEMENT LIMITED,-0.57
0,DATAPATTNSEQN,-99.9,DATAPATTNS,EQ,N,4730.0,708542,4833.5,4889.8,4701.0,4829.9,3382055186.92,5000.0,2131.0,142213081308.36,2026-08-24 16:00:28,0,82.58,3.17,22-Aug-2025,24-Jul-2026,5.4,-121.96152041295167,,,DATA PATTERNS (INDIA) LIMITED,-2.07
0,COALINDIAEQN,1.7,COALINDIA,EQ,N,406.9,8002459,406.0,410.95,404.6,405.2,3253319681.86,491.25,368.65,971923663209.22,2026-08-24 16:00:28,0,8.67,-4.8,22-Aug-2025,24-Jul-2026,17.170483460559797,-10.375695103756952,,,COAL INDIA LIMITED,0.42
0,IDEAEQN,0.13,IDEA,EQ,N,14.07,229336931,13.98,14.16,13.97,13.94,3226770619.17,15.34,6.46,386276490951.39,2026-08-24 16:00:28,0,99.01,7.16,22-Aug-2025,24-Jul-2026,8.279009126466754,-117.80185758513932,,,VODAFONE IDEA LIMITED,0.93
0,RENUKAEQN,0.06,RENUKA,EQ,N,25.2,120525051,25.65,27.68,24.85,25.14,3209582108.13,33.5,21.05,20029802233.7,2026-08-24 16:00:28,0,-13.16,13.36,22-Aug-2025,24-Jul-2026,24.776119402985074,-19.71496437054632,,,SHREE RENUKA SUGARS LIMITED,0.24
0,HALEQN,-94.0,HAL,EQ,N,4906.0,647190,4990.0,4990.0,4858.0,5000.0,3174654635.1,5149.9,3479.1,928105903150.8,2026-08-24 16:00:28,0,9.68,7.27,22-Aug-2025,24-Jul-2026,4.736014291539641,-41.013480497829896,,,HINDUSTAN AERONAUTICS LIMITED,-1.88
0,ATHERENERGEQN,-7.2,ATHERENERG,EQ,N,1454.8,2136995,1469.4,1494.0,1444.7,1462.0,3133197959.15,1580.0,407.7,286589910027.21,2026-08-24 16:00:28,0,248.66,20.36,22-Aug-2025,24-Jul-2026,7.924050632911392,-256.8310031886191,,,ATHER ENERGY LIMITED,-0.49
0,MARUTIEQN,55.0,MARUTI,EQ,N,13620.0,230499,13623.0,13694.0,13505.0,13565.0,3125437360.56,17370.0,12201.0,1771830608459.01,2026-08-24 16:00:28,0,-5.08,1.32,22-Aug-2025,24-Jul-2026,21.58894645941278,-11.630194246373248,,,MARUTI SUZUKI INDIA LIMITED,0.41
0,CDSLEQN,-3.8,CDSL,EQ,N,1385.1,2224774,1390.0,1412.5,1379.6,1388.9,3108053773.48,1673.7,1116.3,246050567106.3,2026-08-24 16:00:28,0,-12.02,3.9,22-Aug-2025,24-Jul-2026,17.24323355440043,-24.079548508465468,,,CENTRAL DEPOSITORY SERVICES (INDIA) LIMITED,-0.27
0,INDIGOEQN,5.0,INDIGO,EQ,N,5115.0,593388,5100.0,5170.0,5088.0,5110.0,3035464446.24,6149.5,3895.2,1154593942573.98,2026-08-24 16:00:28,0,-15.96,2.61,22-Aug-2025,24-Jul-2026,16.822505894788193,-31.3154651879236,,,INTERGLOBE AVIATION LIMITED,0.1
0,APOLLOEQN,-0.55,APOLLO,EQ,N,384.0,7593196,387.0,397.75,383.25,384.55,2962713215.28,466.5,179.5,64358799935.74,2026-08-24 16:00:28,0,63.29,-2.61,22-Aug-2025,24-Jul-2026,17.684887459807072,-113.9275766016713,,,APOLLO MICRO SYSTEMS LIMITED,-0.14
0,NATIONALUMEQN,9.85,NATIONALUM,EQ,N,403.3,7285035,398.45,405.0,397.5,394.45,2928584070.0,445.15,183.86,360646785270.12,2026-08-24 16:00:28,0,113.53,17.27,22-Aug-2025,24-Jul-2026,9.401325395933954,-119.35168062656369,,,NATIONAL ALUMINIUM COMPANY LIMITED,2.5
0,COFORGEEQN,-18.7,COFORGE,EQ,N,1873.0,1507935,1891.7,1900.8,1869.6,1891.7,2836998750.3,1989.7,1008.1,650435125872.13,2026-08-24 16:00:28,0,7.17,26.15,22-Aug-2025,24-Jul-2026,5.865205809921093,-85.79506001388751,,,COFORGE LIMITED,-0.99
0,POWERINDIAEQN,-350.0,POWERINDIA,EQ,N,33840.0,80079,34360.0,34975.0,33570.0,34190.0,2735489831.31,38785.0,16111.0,429256791252.76,2026-08-24 16:00:28,0,70.26,8.92,22-Aug-2025,24-Jul-2026,12.749774397318552,-110.0428278815716,,,HITACHI ENERGY INDIA LIMITED,-1.02
0,TMPVEQN,-3.5,TMPV,EQ,N,314.4,8545165,318.8,319.65,312.6,317.9,2696426815.75,739.7,294.3,655292252951.1,2026-08-24 16:00:28,0,-53.79,-2.9,22-Aug-2025,24-Jul-2026,57.49628227659862,-6.829765545361876,,,TATA MOTORS PASSENGER VEHICLES LIMITED,-1.1
0,ADANIENSOLEQN,13.2,ADANIENSOL,EQ,N,1555.1,1718421,1543.9,1562.0,1527.0,1541.9,2669652944.55,1789.0,744.9,518471310556.09,2026-08-24 16:00:28,0,94.35,-8.64,22-Aug-2025,24-Jul-2026,13.074343208496368,-108.76627735266479,,,ADANI ENERGY SOLUTIONS LIMITED,0.86
0,DRREDDYEQN,15.3,DRREDDY,EQ,N,1190.0,2248634,1179.4,1195.9,1168.6,1174.7,2666160361.12,1414.9,1101.0,723378426089.37,2026-08-24 16:00:28,0,-6.86,3.33,22-Aug-2025,24-Jul-2026,15.895116262633401,-8.083560399636694,,,DR. REDDY'S LABORATORIES LIMITED,1.3
0,IIFLEQN,17.2,IIFL,EQ,N,697.0,3800142,684.75,705.0,681.5,679.8,2645848867.5,705.0,409.1,161666532505.87,2026-08-24 16:00:28,0,54.51,25.24,22-Aug-2025,24-Jul-2026,1.1347517730496455,-70.37399168907358,,,IIFL FINANCE LIMITED,2.53
0,BAJAJ-AUTOEQN,100.0,BAJAJ-AUTO,EQ,N,11800.0,221901,11735.0,11838.0,11711.0,11700.0,2617506472.83,11863.0,8491.5,1281343849025.97,2026-08-24 16:00:28,0,35.95,6.02,22-Aug-2025,24-Jul-2026,0.5310629688948832,-38.96249190366837,,,BAJAJ AUTO LIMITED,0.85
0,SHILPAMEDEQN,44.05,SHILPAMED,EQ,N,859.0,3006284,819.0,866.65,811.25,814.95,2551914236.24,866.65,259.5,100065999001.57,2026-08-24 16:00:28,0,101.67,41.7,22-Aug-2025,24-Jul-2026,0.8827092828708244,-231.02119460500964,,,SHILPA MEDICARE LIMITED,5.41
0,TMCVEQN,2.75,TMCV,EQ,N,475.3,5350439,471.05,478.1,468.1,472.55,2528831488.96,509.0,306.3,989970133411.5,2026-08-24 16:00:28,0,0.0,17.03,,24-Jul-2026,6.620825147347741,-55.17466536075743,,,TATA MOTORS LIMITED,0.58
0,APOLLOHOSPEQN,9.0,APOLLOHOSP,EQ,N,8702.0,291970,8680.0,8702.0,8591.5,8693.0,2526623708.7,9050.0,6696.5,893019019327.11,2026-08-24 16:00:28,0,9.84,-1.18,22-Aug-2025,24-Jul-2026,3.845303867403315,-29.948480549540804,,,APOLLO HOSPITALS ENTERPRISE LIMITED,0.1
0,ADANIENTEQN,1.6,ADANIENT,EQ,N,2998.6,832518,3010.0,3019.8,2971.5,2997.0,2491734699.18,3245.0,1753.0,897720812865.35,2026-08-24 16:00:28,0,32.85,-0.92,22-Aug-2025,24-Jul-2026,7.593220338983051,-71.05533371363377,,,ADANI ENTERPRISES LIMITED,0.05
0,PFCEQN,1.0,PFC,EQ,N,364.0,6817108,363.0,365.75,361.2,363.0,2475905454.52,486.5,329.9,528538291696.4,2026-08-24 16:00:28,0,-8.97,-11.63,22-Aug-2025,24-Jul-2026,25.179856115107913,-10.33646559563504,,,POWER FINANCE CORPORATION LIMITED,0.28
0,NMDCEQN,1.29,NMDC,EQ,N,85.9,28670014,84.65,86.55,84.51,84.61,2457880300.22,97.49,68.19,296070791379.98,2026-08-24 16:00:28,0,22.43,2.8,22-Aug-2025,24-Jul-2026,11.888398810134372,-25.97155008065699,,,NMDC LIMITED,1.52
0,BANDHANBNKEQN,-1.2,BANDHANBNK,EQ,N,173.9,13819305,175.5,180.74,173.38,175.1,2441733000.45,220.76,134.25,158216942174.35,2026-08-24 16:00:28,0,0.39,4.8,22-Aug-2025,24-Jul-2026,21.226671498459865,-29.534450651769088,,,BANDHAN BANK LIMITED,-0.69
0,SWIGGYEQN,1.75,SWIGGY,EQ,N,284.25,8511377,283.0,284.8,281.25,282.5,2411273104.1,474.0,235.75,402304827076.08,2026-08-24 16:00:28,0,-33.57,13.06,22-Aug-2025,24-Jul-2026,40.03164556962025,-20.572640509013787,,,SWIGGY LIMITED,0.62
0,RATNAMANIEQN,343.6,RATNAMANI,EQ,N,2698.0,903553,2354.4,2777.0,2323.0,2354.4,2400143976.02,3345.0,1936.5,70789067603.5,2026-08-24 16:00:28,0,11.48,12.67,22-Aug-2025,24-Jul-2026,19.342301943198805,-39.32352181771237,,,RATNAMANI METALS & TUBES LIMITED,14.59
0,APOLLOTYREEQN,3.8,APOLLOTYRE,EQ,N,443.5,5256972,465.05,467.4,442.1,439.7,2373470288.28,540.5,365.3,142746155535.75,2026-08-24 16:00:28,0,-4.78,5.68,22-Aug-2025,24-Jul-2026,17.946345975948198,-21.407062688201478,,,APOLLO TYRES LIMITED,0.86
0,TVSMOTOREQN,-26.5,TVSMOTOR,EQ,N,4363.5,531315,4375.0,4406.0,4326.4,4390.0,2322574451.55,4475.0,3228.0,1022159271684.71,2026-08-24 16:00:28,0,32.44,12.75,22-Aug-2025,24-Jul-2026,2.4916201117318435,-35.17657992565056,,,TVS MOTOR COMPANY LIMITED,-0.6
0,KRBLEQN,33.05,KRBL,EQ,N,440.0,5300520,411.05,444.0,407.9,406.95,2298517492.8,495.0,274.65,33765360776.86,2026-08-24 16:00:28,0,-7.04,25.45,22-Aug-2025,24-Jul-2026,11.11111111111111,-60.203895867467686,,,KRBL LIMITED,8.12
0,ITCEQN,0.3,ITC,EQ,N,269.7,8518400,270.6,270.6,267.0,269.4,2286934848.0,427.0,265.0,2592612348861.84,2026-08-24 16:00:28,0,-32.29,-4.85,22-Aug-2025,24-Jul-2026,36.8384074941452,-1.7735849056603774,,,ITC LIMITED,0.11
0,CHENNPETROEQN,20.0,CHENNPETRO,EQ,N,1413.5,1580232,1405.0,1452.0,1388.1,1393.5,2254722424.56,1489.7,639.8,67799309492.3,2026-08-24 16:00:28,0,114.43,16.36,22-Aug-2025,24-Jul-2026,5.115123850439685,-120.92841512972804,,,CHENNAI PETROLEUM CORPORATION LIMITED,1.44
0,IFCIEQN,1.69,IFCI,EQ,N,82.6,27112095,81.12,83.38,80.7,80.91,2230512055.65,95.8,46.23,54850207748.24,2026-08-24 16:00:28,0,52.85,17.8,22-Aug-2025,24-Jul-2026,13.778705636743215,-78.67185810080035,,,IFCI LIMITED,2.09
0,NESTLEINDEQN,-5.8,NESTLEIND,EQ,N,1471.3,1465156,1478.7,1483.4,1457.1,1477.1,2144592791.88,1553.0,1145.0,1051987521021.12,2026-08-24 16:00:28,0,26.52,1.93,22-Aug-2025,24-Jul-2026,5.2607855763039275,-28.497816593886462,,,NESTLE INDIA LIMITED,-0.39
0,DIVISLABEQN,-101.0,DIVISLAB,EQ,N,8496.0,251013,8558.5,8563.5,8457.5,8597.0,2134521677.19,8674.0,5636.5,1076724479455.3,2026-08-24 16:00:28,0,38.11,17.21,22-Aug-2025,24-Jul-2026,2.052109753285681,-50.731837132972586,,,DIVI'S LABORATORIES LIMITED,-1.17
0,LICHSGFINEQN,-5.6,LICHSGFIN,EQ,N,491.4,4349249,496.8,499.95,485.45,497.0,2129566280.36,598.2,458.9,147329699674.58,2026-08-24 16:00:28,0,-12.8,-8.82,22-Aug-2025,24-Jul-2026,17.853560682046137,-7.0821529745042495,,,LIC HOUSING FINANCE LIMITED,-1.13
0,PERSISTENTEQN,26.5,PERSISTENT,EQ,N,5694.0,368840,5693.5,5725.0,5646.0,5667.5,2097327515.2,6599.0,4244.5,617012917677.0,2026-08-24 16:00:28,0,6.05,9.49,22-Aug-2025,24-Jul-2026,13.714199121078952,-34.150076569678404,,,PERSISTENT SYSTEMS LIMITED,0.47
0,CGCLEQN,12.87,CGCL,EQ,N,236.9,9072980,224.9,237.3,223.32,224.03,2076805122.0,264.53,151.1,91308190660.54,2026-08-24 16:00:28,0,26.04,-0.56,22-Aug-2025,24-Jul-2026,10.444940082410312,-56.78358702845797,,,CAPRI GLOBAL CAPITAL LIMITED,5.74
0,POWERGRIDEQN,-1.0,POWERGRID,EQ,N,271.4,7643689,274.0,274.35,268.3,272.4,2066777068.71,324.95,250.0,1225612432855.46,2026-08-24 16:00:28,0,-4.22,-5.83,22-Aug-2025,24-Jul-2026,16.479458378212033,-8.56,,,POWER GRID CORPORATION OF INDIA LIMITED,-0.37
0,VIYASHEQN,-1.95,VIYASH,EQ,N,274.0,7608154,276.25,277.1,268.1,275.95,2065081240.22,298.0,167.95,42553782813.92,2026-08-24 16:00:28,0,55.81,9.21,22-Aug-2025,24-Jul-2026,8.053691275167786,-63.143792795474845,,,VIYASH SCIENTIFIC LIMITED,-0.71
0,ICICIAMCEQN,-35.8,ICICIAMC,EQ,N,3233.9,634322,3269.7,3294.7,3216.7,3269.7,2057613703.6,3611.0,2530.0,157701225209.39,2026-08-24 16:00:28,0,0.0,3.46,,24-Jul-2026,10.443090556632512,-27.822134387351777,,,ICICI PRUDENTIAL ASSET MANAGEMENT COMPANY LIMITED,-1.09
0,PARASEQN,21.4,PARAS,EQ,N,1521.0,1359580,1497.0,1528.0,1469.0,1499.6,2037915249.4,1585.0,580.5,53865707411.59,2026-08-24 16:00:28,0,122.42,27.26,22-Aug-2025,24-Jul-2026,4.037854889589905,-162.015503875969,,,PARAS DEFENCE AND SPACE TECHNOLOGIES LIMITED,1.43
0,BHARATFORGEQN,-22.0,BHARATFORG,EQ,N,2041.0,993747,2058.0,2067.2,2036.9,2063.0,2034975231.66,2295.0,1100.5,542496963419.85,2026-08-24 16:00:28,0,81.75,-5.14,22-Aug-2025,24-Jul-2026,11.067538126361656,-85.46115402089958,,,BHARAT FORGE LIMITED,-1.07
0,MAXHEALTHEQN,-9.5,MAXHEALTH,EQ,N,990.5,1997268,1004.0,1008.9,983.4,1000.0,1984405594.08,1256.0,903.0,735129062790.38,2026-08-24 16:00:28,0,-19.78,-8.32,22-Aug-2025,24-Jul-2026,21.138535031847134,-9.689922480620154,,,MAX HEALTHCARE INSTITUTE LIMITED,-0.95
0,ADANIPOWEREQN,-1.8,ADANIPOWER,EQ,N,203.7,9498733,205.2,205.6,202.57,205.5,1933182140.16,254.2,116.7,842866183212.74,2026-08-24 16:00:28,0,71.38,-4.66,22-Aug-2025,24-Jul-2026,19.86624704956727,-74.55012853470437,,,ADANI POWER LIMITED,-0.88
0,GODREJCPEQN,-4.1,GODREJCP,EQ,N,928.9,2002746,932.5,934.3,918.4,933.0,1851318374.94,1309.0,906.3,372288766615.95,2026-08-24 16:00:28,0,-26.11,-12.33,22-Aug-2025,24-Jul-2026,29.037433155080215,-2.4936555224539334,,,GODREJ CONSUMER PRODUCTS LIMITED,-0.44
0,RECLTDEQN,1.25,RECLTD,EQ,N,327.9,5668109,326.65,328.65,323.55,326.65,1847406766.37,390.5,304.05,408423348312.09,2026-08-24 16:00:28,0,-12.7,-9.32,22-Aug-2025,24-Jul-2026,16.030729833546737,-7.844104588061174,,,REC LIMITED,0.38
0,JSFBEQN,-1.3,JSFB,EQ,N,581.05,3139181,588.55,599.7,571.05,582.35,1838116042.74,606.95,330.0,35409190690.42,2026-08-24 16:00:28,0,17.08,8.21,22-Aug-2025,24-Jul-2026,4.267237828486696,-76.07575757575758,,,JANA SMALL FINANCE BANK LIMITED,-0.22
0,NTPCEQN,-0.5,NTPC,EQ,N,339.5,5401943,340.7,342.05,337.45,340.0,1833689551.35,414.4,315.55,1605013574193.5,2026-08-24 16:00:28,0,0.74,-2.22,22-Aug-2025,24-Jul-2026,18.074324324324323,-7.589922357787989,,,NTPC LIMITED,-0.15
0,BHELEQN,-1.6,BHEL,EQ,N,411.4,4441028,412.5,413.8,409.2,413.0,1825262508.0,446.5,205.12,598041647801.52,2026-08-24 16:00:28,0,88.21,-1.41,22-Aug-2025,24-Jul-2026,7.8611422172452405,-100.56552262090483,,,BHARAT HEAVY ELECTRICALS LIMITED,-0.39
0,ENTEROEQN,96.6,ENTERO,EQ,N,1520.2,1185093,1432.0,1575.0,1413.2,1423.6,1811545010.73,1575.0,944.0,24561051549.38,2026-08-24 16:00:28,0,23.64,23.63,22-Aug-2025,24-Jul-2026,3.4793650793650794,-61.03813559322034,,,ENTERO HEALTHCARE SOLUTIONS LIMITED,6.79
0,HCCEQN,1.47,HCC,EQ,N,22.5,80806879,21.0,22.8,20.95,21.03,1800377264.12,28.5,13.65,48997071515.67,2026-08-24 16:00:28,0,-1.88,4.99,22-Aug-2025,24-Jul-2026,21.05263157894737,-64.83516483516483,,,HINDUSTAN CONSTRUCTION COMPANY LIMITED,6.99
0,HINDUNILVREQN,15.0,HINDUNILVR,EQ,N,2030.0,891171,2019.9,2030.0,2006.2,2015.0,1799069279.67,2750.0,2006.2,1795947792049.46,2026-08-24 16:00:28,0,-22.81,-5.36,22-Aug-2025,24-Jul-2026,26.181818181818183,-1.1863224005582693,,,HINDUSTAN UNILEVER LIMITED,0.74
0,OFSSEQN,-206.0,OFSS,EQ,N,11518.0,153394,11720.0,11898.0,11457.0,11724.0,1797363516.2,11979.0,6234.5,273933840216.73,2026-08-24 16:00:28,0,33.56,8.13,22-Aug-2025,24-Jul-2026,3.8484013690625263,-84.74617050284706,,,ORACLE FINANCIAL SERVICES SOFTWARE LIMITED,-1.76
0,SENCOEQN,24.1,SENCO,EQ,N,368.5,4898448,349.0,377.75,347.0,345.4,1792685014.56,430.0,276.0,21425470750.6,2026-08-24 16:00:28,0,-2.76,-3.75,22-Aug-2025,24-Jul-2026,14.30232558139535,-33.51449275362319,,,SENCO GOLD LIMITED,7.0
0,ADANIPORTSEQN,-27.9,ADANIPORTS,EQ,N,1672.1,1061245,1700.0,1700.0,1672.1,1700.0,1784366730.55,1891.1,1292.0,1230121959529.69,2026-08-24 16:00:28,0,24.67,-5.44,22-Aug-2025,24-Jul-2026,11.580561577917614,-29.41950464396285,,,ADANI PORTS AND SPECIAL ECONOMIC ZONE LIMITED,-1.64
0,AUBANKEQN,5.8,AUBANK,EQ,N,1114.0,1606553,1109.0,1114.2,1100.7,1108.2,1780783672.85,1114.2,682.15,629977409125.18,2026-08-24 16:00:28,0,50.12,10.96,22-Aug-2025,24-Jul-2026,0.01795009872554299,-63.30719050062303,,,AU SMALL FINANCE BANK LIMITED,0.52
0,CIPLAEQN,5.7,CIPLA,EQ,N,1437.9,1220646,1428.0,1442.3,1410.3,1432.2,1745169792.66,1673.0,1165.7,806827863320.45,2026-08-24 16:00:28,0,-9.73,1.94,22-Aug-2025,24-Jul-2026,14.052600119545726,-23.3507763575534,,,CIPLA LIMITED,0.4
0,JUBLPHARMAEQN,23.65,JUBLPHARMA,EQ,N,904.0,1931803,912.0,928.15,877.6,880.35,1736343172.46,1184.8,786.05,72594937791.47,2026-08-24 16:00:28,0,-16.53,-6.36,22-Aug-2025,24-Jul-2026,23.700202565833894,-15.005406780739138,,,JUBILANT PHARMOVA LIMITED,2.69
0,CANBKEQN,-2.66,CANBK,EQ,N,127.3,13556593,129.62,129.87,126.8,129.96,1729007871.22,162.89,103.55,426649005799.41,2026-08-24 16:00:28,0,15.8,1.31,22-Aug-2025,24-Jul-2026,21.84910062005034,-22.93577981651376,,,CANARA BANK,-2.05
0,HDFCAMCEQN,8.0,HDFCAMC,EQ,N,2618.0,657607,2620.0,2629.0,2605.9,2610.0,1720424857.33,2967.25,2205.6,532437620918.38,2026-08-24 16:00:28,0,-10.16,4.48,22-Aug-2025,24-Jul-2026,11.770157553290083,-18.697859992745737,,,HDFC ASSET MANAGEMENT COMPANY LIMITED,0.31
0,WIPROEQN,0.52,WIPRO,EQ,N,181.31,9441129,181.0,183.92,180.56,180.79,1717907832.84,273.1,169.0,489672882577.25,2026-08-24 16:00:28,0,-27.08,2.37,22-Aug-2025,24-Jul-2026,33.61039912120103,-7.284023668639053,,,WIPRO LIMITED,0.29
0,FEDERALBNKEQN,-3.25,FEDERALBNK,EQ,N,357.75,4729477,360.45,361.25,355.3,361.0,1690693437.96,371.7,188.4,880870131346.26,2026-08-24 16:00:28,0,82.21,0.97,22-Aug-2025,24-Jul-2026,3.7530266343825667,-89.88853503184713,,,THE FEDERAL BANK  LIMITED,-0.9
0,ONGCEQN,0.15,ONGC,EQ,N,236.55,7122883,237.0,237.94,235.63,236.4,1684846744.82,307.5,227.65,916307533964.21,2026-08-24 16:00:28,0,0.11,-4.91,22-Aug-2025,24-Jul-2026,23.073170731707318,-3.9095102130463433,,,OIL & NATURAL GAS CORPORATION LIMITED,0.06
0,ENRINEQN,51.4,ENRIN,EQ,N,3487.0,482282,3435.6,3526.0,3431.2,3435.6,1684485632.68,3968.0,2115.0,307531080353.75,2026-08-24 16:00:28,0,3.35,7.62,22-Aug-2025,24-Jul-2026,12.121975806451612,-64.86997635933807,,,SIEMENS ENERGY INDIA LIMITED,1.5
0,GLENMARKEQN,72.8,GLENMARK,EQ,N,2390.7,710023,2315.1,2395.0,2295.3,2317.9,1674283935.61,2474.0,1792.6,358987934579.29,2026-08-24 16:00:28,0,23.4,9.06,22-Aug-2025,24-Jul-2026,3.3670169765561844,-33.36494477295548,,,GLENMARK PHARMACEUTICALS LIMITED,3.14
0,EICHERMOTEQN,37.0,EICHERMOT,EQ,N,8047.0,207499,8010.0,8075.0,7970.0,8010.0,1667115440.67,8230.0,5880.0,1105996074362.0,2026-08-24 16:00:28,0,35.83,5.49,22-Aug-2025,24-Jul-2026,2.223572296476306,-36.85374149659864,,,EICHER MOTORS LIMITED,0.46
0,SBICARDEQN,1.3,SBICARD,EQ,N,650.3,2560374,648.4,656.6,642.95,649.0,1665420872.04,965.0,565.45,192311080136.62,2026-08-24 16:00:28,0,-20.79,5.1,22-Aug-2025,24-Jul-2026,32.61139896373057,-15.005747634627287,,,SBI CARDS AND PAYMENT SERVICES LIMITED,0.2
0,HINDPETROEQN,8.7,HINDPETRO,EQ,N,371.95,4491188,365.0,372.6,364.3,363.25,1662727621.36,508.45,316.2,356184437024.31,2026-08-24 16:00:28,0,-4.81,-2.4,22-Aug-2025,24-Jul-2026,26.846297571049266,-17.63124604680582,,,HINDUSTAN PETROLEUM CORPORATION LIMITED,2.4
0,PTCILEQN,983.0,PTCIL,EQ,N,21612.0,77843,20500.0,21800.0,20500.0,20629.0,1654579431.62,21800.0,13311.0,130517108841.15,2026-08-24 16:00:28,0,57.02,21.88,22-Aug-2025,24-Jul-2026,0.8623853211009175,-62.36195627676358,,,PTC INDUSTRIES LIMITED,4.77
0,JIOFINEQN,-2.0,JIOFIN,EQ,N,242.0,6651365,244.55,245.35,242.0,244.0,1618609672.75,329.4,223.3,791803696798.01,2026-08-24 16:00:28,0,-24.52,3.11,22-Aug-2025,24-Jul-2026,26.533090467516697,-8.374384236453203,,,JIO FINANCIAL SERVICES LIMITED,-0.82
0,AWLEQN,5.88,AWL,EQ,N,194.0,8390171,188.17,196.35,187.62,188.12,1618296182.48,282.9,171.19,107434087433.01,2026-08-24 16:00:28,0,-24.92,3.1,22-Aug-2025,24-Jul-2026,31.424531636620713,-13.324376423856533,,,AWL AGRI BUSINESS LIMITED,3.13
0,WAAREEENEREQN,-3.4,WAAREEENER,EQ,N,2674.8,602522,2680.0,2713.0,2637.0,2678.2,1606040466.66,3865.0,2403.0,255320175588.53,2026-08-24 16:00:28,0,-16.11,-1.01,22-Aug-2025,24-Jul-2026,30.794307891332473,-11.310861423220974,,,WAAREE ENERGIES LIMITED,-0.13
0,HEROMOTOCOEQN,-50.0,HEROMOTOCO,EQ,N,5685.0,281646,5720.0,5728.0,5650.0,5735.0,1601672922.18,6388.5,4671.5,736125390601.27,2026-08-24 16:00:28,0,13.75,13.45,22-Aug-2025,24-Jul-2026,11.011974641934726,-21.695386920689288,,,HERO MOTOCORP LIMITED,-0.87
0,VBLEQN,-2.1,VBL,EQ,N,428.0,3722942,431.5,434.5,424.15,430.1,1585936062.58,555.8,381.0,583590455088.73,2026-08-24 16:00:28,0,-17.15,-6.39,22-Aug-2025,24-Jul-2026,22.99388269161569,-12.335958005249344,,,VARUN BEVERAGES LIMITED,-0.49
0,LODHAEQN,16.4,LODHA,EQ,N,1258.4,1261611,1230.0,1264.0,1225.4,1242.0,1579032327.6,1344.95,650.8,348173516766.05,2026-08-24 16:00:28,0,-0.21,9.99,22-Aug-2025,24-Jul-2026,6.435183464069296,-93.3620159803319,,,LODHA DEVELOPERS LIMITED,1.32
0,SKIPPEREQN,25.85,SKIPPER,EQ,N,579.85,2741697,554.8,585.0,552.35,554.0,1578120793.2,593.0,327.05,21928765474.34,2026-08-24 16:00:28,0,7.42,9.69,22-Aug-2025,24-Jul-2026,2.217537942664418,-77.29704938082862,,,SKIPPER LIMITED,4.67
0,AUROPHARMAEQN,-13.3,AUROPHARMA,EQ,N,1608.0,969437,1613.6,1637.9,1604.6,1621.3,1571147157.16,1682.4,1016.1,443846167579.29,2026-08-24 16:00:28,0,53.08,4.96,22-Aug-2025,24-Jul-2026,4.422253922967189,-58.25214053734869,,,AUROBINDO PHARMA LIMITED,-0.82
0,CHOLAFINEQN,-16.2,CHOLAFIN,EQ,N,1846.7,845144,1856.3,1868.7,1833.1,1862.9,1563651623.04,1952.5,1299.4,798113352596.25,2026-08-24 16:00:28,0,21.17,7.09,22-Aug-2025,24-Jul-2026,5.418693982074264,-42.119439741419114,,,CHOLAMANDALAM INVESTMENT AND FINANCE COMPANY LIMITED,-0.87
0,ASHOKLEYEQN,0.29,ASHOKLEY,EQ,N,173.29,8972453,173.0,173.66,171.65,173.0,1547299519.85,215.42,125.85,494458745265.66,2026-08-24 16:00:28,0,32.08,14.71,22-Aug-2025,24-Jul-2026,19.557144183455573,-37.695669447755265,,,ASHOK LEYLAND LIMITED,0.17
0,ANGELONEEQN,-1.8,ANGELONE,EQ,N,286.0,5285948,288.0,294.5,284.4,287.8,1531074838.2,360.45,208.63,185354633997.55,2026-08-24 16:00:28,0,13.56,-7.13,22-Aug-2025,24-Jul-2026,20.654737134137882,-37.08479125724968,,,ANGEL ONE LIMITED,-0.63
0,HEXTEQN,26.3,HEXT,EQ,N,558.75,2704830,535.85,574.85,535.85,532.45,1517112098.7,829.4,400.2,82657268063.48,2026-08-24 16:00:28,0,-30.1,1.25,22-Aug-2025,24-Jul-2026,32.632023149264526,-39.617691154422786,,,HEXAWARE TECHNOLOGIES LIMITED,4.94
0,NAUKRIEQN,-1.1,NAUKRI,EQ,N,1349.0,1123288,1348.0,1360.0,1336.7,1350.1,1511855784.96,1437.8,908.3,515070639973.69,2026-08-24 16:00:28,0,-2.29,15.74,22-Aug-2025,24-Jul-2026,6.176102378634024,-48.51921171419135,,,INFO EDGE (INDIA) LIMITED,-0.08
0,TRENTEQN,-19.0,TRENT,EQ,N,2905.0,514000,2924.0,2938.6,2892.2,2924.0,1495904480.0,3782.67,2183.67,963916370635.7,2026-08-24 16:00:28,0,-19.57,0.5,22-Aug-2025,24-Jul-2026,23.202394076141985,-33.03292164109046,,,TRENT LIMITED,-0.65
0,VOLTAMPEQN,490.5,VOLTAMP,EQ,N,11360.0,130616,11000.0,11699.0,10987.0,10869.5,1486545920.64,12863.0,6666.0,114882446906.56,2026-08-24 16:00:28,0,38.17,23.75,22-Aug-2025,24-Jul-2026,11.684676980486667,-70.41704170417042,,,VOLTAMP TRANSFORMERS LIMITED,4.51
0,GLANDEQN,-7.4,GLAND,EQ,N,2811.9,517520,2825.0,2880.0,2791.0,2819.3,1459572006.4,3039.8,1573.6,223442349575.51,2026-08-24 16:00:28,0,43.65,18.16,22-Aug-2025,24-Jul-2026,7.497203763405487,-78.69217081850533,,,GLAND PHARMA LIMITED,-0.26
0,UNOMINDAEQN,-13.7,UNOMINDA,EQ,N,1251.3,1161278,1261.6,1261.6,1245.1,1265.0,1451771691.7,1382.0,994.0,226963753334.26,2026-08-24 16:00:28,0,-1.15,11.03,22-Aug-2025,24-Jul-2026,9.457308248914616,-25.885311871227366,,,UNO MINDA LIMITED,-1.08
0,HCLTECHEQN,19.5,HCLTECH,EQ,N,1322.0,1091648,1302.5,1325.8,1301.0,1302.5,1439130474.88,1780.1,1030.0,1389866552228.62,2026-08-24 16:00:28,0,-9.84,4.01,22-Aug-2025,24-Jul-2026,25.734509297230492,-28.349514563106798,,,HCL TECHNOLOGIES LIMITED,1.5
0,CARTRADEEQN,74.2,CARTRADE,EQ,N,3147.1,457536,3073.2,3149.0,3054.1,3072.9,1424762528.64,3290.5,1600.0,134366520184.76,2026-08-24 16:00:28,0,34.11,18.47,22-Aug-2025,24-Jul-2026,4.358000303905182,-96.69375,,,CARTRADE TECH LIMITED,2.41
0,ENGINERSINEQN,11.09,ENGINERSIN,EQ,N,256.0,5607115,245.0,256.5,243.83,244.91,1409740853.3,267.0,163.55,69920733033.88,2026-08-24 16:00:28,0,33.67,13.67,22-Aug-2025,24-Jul-2026,4.119850187265918,-56.527055946193826,,,ENGINEERS INDIA LIMITED,4.53
0,TATAPOWEREQN,-0.8,TATAPOWER,EQ,N,373.5,3748709,374.3,378.05,371.5,374.3,1404303878.49,464.9,342.5,621228993339.72,2026-08-24 16:00:28,0,-3.14,-0.24,22-Aug-2025,24-Jul-2026,19.660141966014198,-9.05109489051095,,,TATA POWER COMPANY LIMITED,-0.21
0,ABRELEQN,20.7,ABREL,EQ,N,1427.0,963156,1417.9,1486.0,1411.2,1406.3,1402268451.96,1965.3,1080.1,74501312543.03,2026-08-24 16:00:28,0,-20.56,3.84,22-Aug-2025,24-Jul-2026,27.39022032259706,-32.11739653735765,,,ADITYA BIRLA REAL ESTATE LIMITED,1.47
0,CYIENTEQN,8.55,CYIENT,EQ,N,901.2,1531330,895.0,934.85,894.1,892.65,1398012410.2,1284.7,750.3,71752605491.74,2026-08-24 16:00:28,0,-26.74,7.28,22-Aug-2025,24-Jul-2026,29.851327158091383,-20.111955217912836,,,CYIENT LIMITED,0.96
0,POLICYBZREQN,-10.2,POLICYBZR,EQ,N,1785.0,778964,1795.2,1811.8,1773.5,1795.2,1395303685.72,1974.0,1364.0,615955674668.68,2026-08-24 16:00:28,0,-6.6,16.12,22-Aug-2025,24-Jul-2026,9.574468085106384,-30.865102639296186,,,PB FINTECH LIMITED,-0.57
0,BRITANNIAEQN,-54.0,BRITANNIA,EQ,N,5311.0,260158,5385.0,5385.0,5285.0,5365.0,1381431175.26,6336.0,5035.0,623856426540.27,2026-08-24 16:00:28,0,-4.23,-1.27,22-Aug-2025,24-Jul-2026,16.17739898989899,-5.4816285998013905,,,BRITANNIA INDUSTRIES LIMITED,-1.01
0,KEIEQN,-33.6,KEI,EQ,N,5494.0,250441,5549.0,5550.5,5450.0,5527.6,1374079608.24,5899.0,3728.7,338130780574.75,2026-08-24 16:00:28,0,38.92,12.86,22-Aug-2025,24-Jul-2026,6.865570435667062,-47.34357819079035,,,KEI INDUSTRIES LIMITED,-0.61
0,SUZLONEQN,0.34,SUZLON,EQ,N,47.05,29089252,46.94,47.06,46.6,46.71,1361086101.08,61.5,38.19,570785673867.7,2026-08-24 16:00:28,0,-19.59,-10.0,22-Aug-2025,24-Jul-2026,23.495934959349594,-23.199790521078818,,,SUZLON ENERGY LIMITED,0.73
0,SOLARINDSEQN,25.0,SOLARINDS,EQ,N,19925.0,68503,19985.0,19985.0,19612.0,19900.0,1356673143.74,20422.0,11646.0,484008383064.07,2026-08-24 16:00:28,0,34.22,7.74,22-Aug-2025,24-Jul-2026,2.43364998530996,-71.08878584921861,,,SOLAR INDUSTRIES INDIA LIMITED,0.13
0,BOSCHLTDEQN,-100.0,BOSCHLTD,EQ,N,48100.0,28127,48200.0,48595.0,47785.0,48200.0,1352584395.69,49130.0,28610.0,416093220842.39,2026-08-24 16:00:28,0,22.31,15.2,22-Aug-2025,24-Jul-2026,2.0964787299002645,-68.12303390422929,,,BOSCH LIMITED,-0.21
0,BPCLEQN,0.9,BPCL,EQ,N,311.9,4311364,311.15,316.1,310.0,311.0,1345059340.72,391.65,266.6,630357187698.51,2026-08-24 16:00:28,0,-1.44,0.56,22-Aug-2025,24-Jul-2026,20.362568619941275,-16.991747936984247,,,BHARAT PETROLEUM CORPORATION LIMITED,0.29
0,SONACOMSEQN,-4.1,SONACOMS,EQ,N,813.5,1647328,817.6,824.3,806.1,817.6,1342341694.08,844.0,402.3,364800963414.16,2026-08-24 16:00:28,0,80.92,13.31,22-Aug-2025,24-Jul-2026,3.6137440758293837,-102.21227939348745,,,SONA BLW PRECISION FORGINGS LIMITED,-0.5
0,LTMEQN,37.9,LTM,EQ,N,4525.7,296431,4487.8,4552.0,4467.9,4487.8,1338492680.16,6429.5,3528.0,419143519480.17,2026-08-24 16:00:28,0,-13.38,10.6,22-Aug-2025,24-Jul-2026,29.61038961038961,-28.279478458049887,,,LTM LIMITED,0.84
0,KFINTECHEQN,-10.1,KFINTECH,EQ,N,969.9,1362028,983.9,988.95,964.05,980.0,1329502771.36,1215.0,784.95,129343772451.94,2026-08-24 16:00:28,0,-13.88,13.07,22-Aug-2025,24-Jul-2026,20.17283950617284,-23.562010319128607,,,KFIN TECHNOLOGIES LIMITED,-1.03
0,BALAMINESEQN,151.8,BALAMINES,EQ,N,2230.0,595292,2086.0,2250.0,2086.0,2078.2,1314785722.88,2443.6,968.1,24617955465.99,2026-08-24 16:00:28,0,45.56,2.55,22-Aug-2025,24-Jul-2026,8.741201505974791,-130.3481045346555,,,BALAJI AMINES LIMITED,7.3
0,PINELABSEQN,0.84,PINELABS,EQ,N,157.75,8276263,157.78,160.19,157.11,156.91,1310215195.53,284.0,134.73,34211232361.67,2026-08-24 16:00:28,0,0.0,8.29,,24-Jul-2026,44.45422535211268,-17.086023899651153,,,PINE LABS LIMITED,0.54
0,STLTECHBEN,31.35,STLTECH,BE,N,658.5,2003800,626.6,658.5,625.0,627.15,1305976650.0,683.5,84.6,192071000663.94,2026-08-24 16:00:28,0,404.64,16.72,22-Aug-2025,24-Jul-2026,3.6576444769568397,-678.3687943262412,,,STERLITE TECHNOLOGIES LIMITED,5.0
0,TITANEQN,-7.1,TITAN,EQ,N,5079.0,256376,5086.8,5093.4,5050.0,5086.1,1298531621.2,5168.0,3303.1,2091079314204.3,2026-08-24 16:00:28,0,40.27,8.6,22-Aug-2025,24-Jul-2026,1.7221362229102166,-53.76464533317187,,,TITAN COMPANY LIMITED,-0.14
0,TARILEQN,4.35,TARIL,EQ,N,303.0,4220906,300.0,313.9,298.9,298.65,1298477312.78,552.0,224.05,32372740216.8,2026-08-24 16:00:28,0,-39.27,2.71,22-Aug-2025,24-Jul-2026,45.108695652173914,-35.237670162910064,,,TRANSFORMERS AND RECTIFIERS (INDIA) LIMITED,1.46
0,IOCEQN,2.6,IOC,EQ,N,138.5,9432799,136.0,138.5,135.95,135.9,1296255238.58,188.96,130.22,516029724134.06,2026-08-24 16:00:28,0,-1.04,0.02,22-Aug-2025,24-Jul-2026,26.70406435224386,-6.358470281062817,,,INDIAN OIL CORPORATION LIMITED,1.91
0,PIRAMALFINEQN,3.0,PIRAMALFIN,EQ,N,2183.8,599705,2180.0,2193.0,2120.5,2180.8,1294103419.5,2220.0,1260.0,262220843195.89,2026-08-24 16:00:28,0,0.0,4.72,,24-Jul-2026,1.6306306306306306,-73.31746031746032,,,PIRAMAL FINANCE LIMITED,0.14
0,POLYCABEQN,88.0,POLYCAB,EQ,N,9054.0,142765,8989.0,9054.0,8950.5,8966.0,1285871506.15,10126.0,6663.0,482922396916.69,2026-08-24 16:00:28,0,27.51,1.64,22-Aug-2025,24-Jul-2026,10.586608730001975,-35.88473660513282,,,POLYCAB INDIA LIMITED,0.98
0,GRSEEQN,-6.5,GRSE,EQ,N,2595.0,489377,2614.0,2662.6,2589.0,2601.5,1282138377.38,3339.0,1963.7,75801922200.0,2026-08-24 16:00:28,0,1.65,1.14,22-Aug-2025,24-Jul-2026,22.282120395327944,-32.14849518765595,,,GARDEN REACH SHIPBUILDERS & ENGINEERS LIMITED,-0.25
0,AEGISLOGEQN,-77.4,AEGISLOG,EQ,N,1340.5,928745,1424.4,1438.1,1337.0,1417.9,1280423581.7,1497.8,576.1,167804177404.5,2026-08-24 16:00:28,0,82.37,-0.67,22-Aug-2025,24-Jul-2026,10.502069702229937,-132.68529769137302,,,AEGIS LOGISTICS LIMITED,-5.46
0,COCHINSHIPEQN,33.5,COCHINSHIP,EQ,N,1514.0,851792,1480.5,1516.0,1480.5,1480.5,1279655639.52,1979.9,1187.0,127790756994.27,2026-08-24 16:00:28,0,-11.23,8.73,22-Aug-2025,24-Jul-2026,23.531491489469165,-27.54844144903117,,,COCHIN SHIPYARD LIMITED,2.26
0,GMRAIRPORTEQN,-0.81,GMRAIRPORT,EQ,N,98.82,12707720,100.11,100.63,98.0,99.63,1261241210.0,115.64,84.11,350737076770.24,2026-08-24 16:00:28,0,10.35,-7.75,22-Aug-2025,24-Jul-2026,14.545140089934279,-17.48900249673047,,,GMR AIRPORTS LIMITED,-0.81
0,BDLEQN,9.0,BDL,EQ,N,1368.0,925426,1363.9,1373.8,1347.7,1359.0,1259763905.28,1654.0,1086.0,125730438975.0,2026-08-24 16:00:28,0,-9.86,10.06,22-Aug-2025,24-Jul-2026,17.291414752116083,-25.96685082872928,,,BHARAT DYNAMICS LIMITED,0.66
0,OPTIEMUSEQN,49.8,OPTIEMUS,EQ,N,590.0,2149734,560.0,595.0,553.2,540.2,1258260807.54,713.0,288.0,13875926584.13,2026-08-24 16:00:28,0,0.53,-1.66,22-Aug-2025,24-Jul-2026,17.251051893408135,-104.86111111111111,,,OPTIEMUS INFRACOM LIMITED,9.22
0,PWLEQN,0.41,PWL,EQ,N,121.24,10228734,121.0,124.56,119.6,120.83,1255986247.86,161.99,77.72,65518492880.89,2026-08-24 16:00:28,0,0.0,-5.32,,24-Jul-2026,25.155873819371568,-55.99588265568708,,,PHYSICSWALLAH LIMITED,0.34
0,PNBEQN,-0.69,PNB,EQ,N,115.86,10613260,116.5,117.03,115.0,116.55,1228590977.6,135.15,98.5,397909787675.7,2026-08-24 16:00:28,0,10.04,4.96,22-Aug-2025,24-Jul-2026,14.273029966703662,-17.624365482233504,,,PUNJAB NATIONAL BANK,-0.59
0,LGEINDIAEQN,41.7,LGEINDIA,EQ,N,1665.0,744933,1623.0,1683.0,1622.4,1623.3,1228126341.12,1755.0,1304.1,169523404902.0,2026-08-24 16:00:28,0,0.0,9.02,,24-Jul-2026,5.128205128205129,-27.674258109040718,,,LG ELECTRONICS INDIA LIMITED,2.57
0,SUDARSCHEMEQN,18.9,SUDARSCHEM,EQ,N,1234.0,988803,1228.0,1249.3,1197.6,1215.1,1214279748.09,1603.0,726.4,89874314790.5,2026-08-24 16:00:28,0,-13.59,18.53,22-Aug-2025,24-Jul-2026,23.019338739862757,-69.87885462555066,,,SUDARSHAN CHEMICAL INDUSTRIES LIMITED,1.56
0,UJJIVANSFBEQN,-1.77,UJJIVANSFB,EQ,N,70.3,16995792,72.07,72.38,70.05,72.07,1200752704.8,73.94,41.95,132498967983.22,2026-08-24 16:00:28,0,60.83,-0.59,22-Aug-2025,24-Jul-2026,4.922910467946984,-67.58045292014303,,,UJJIVAN SMALL FINANCE BANK LIMITED,-2.46
0,JAYNECOINDEQN,3.6,JAYNECOIND,EQ,N,103.49,11564864,102.5,104.7,101.31,99.89,1191990532.48,117.0,57.12,45067733969.28,2026-08-24 16:00:28,0,70.21,19.28,22-Aug-2025,24-Jul-2026,11.547008547008547,-81.17997198879551,,,JAYASWAL NECO INDUSTRIES LIMITED,3.6
0,HDFCLIFEEQN,-1.85,HDFCLIFE,EQ,N,552.95,2134232,555.0,557.0,549.0,554.8,1179248549.28,807.0,530.5,597165752494.31,2026-08-24 16:00:28,0,-29.9,-0.38,22-Aug-2025,24-Jul-2026,31.48079306071871,-4.231856738925542,,,HDFC LIFE INSURANCE COMPANY LIMITED,-0.33
0,NHEQN,48.2,NH,EQ,N,1864.0,633649,1840.0,1876.0,1824.8,1815.8,1178498429.14,2093.3,1589.0,128432723307.64,2026-08-24 16:00:28,0,2.77,-4.97,22-Aug-2025,24-Jul-2026,10.95399608274017,-17.306482064191314,,,NARAYANA HRUDAYALAYA LTD.,2.65
0,RVNLEQN,-3.6,RVNL,EQ,N,221.7,5267562,225.3,227.89,221.25,225.3,1175403784.68,400.7,220.16,125497818106.42,2026-08-24 16:00:28,0,-31.52,-1.26,22-Aug-2025,24-Jul-2026,44.67182430746194,-0.6994912790697675,,,RAIL VIKAS NIGAM LIMITED,-1.6
0,ACUTAASEQN,2.0,ACUTAAS,EQ,N,3171.0,360245,3189.1,3244.7,3155.0,3169.0,1155842480.05,3740.0,1302.0,163990989263.9,2026-08-24 16:00:28,0,122.7,-2.72,22-Aug-2025,24-Jul-2026,15.213903743315509,-143.5483870967742,,,ACUTAAS CHEMICALS LIMITED,0.06
0,TATACONSUMEQN,13.5,TATACONSUM,EQ,N,1062.5,1085041,1049.0,1062.5,1041.8,1049.0,1141810345.12,1282.7,1007.2,690020041309.0,2026-08-24 16:00:28,0,-1.99,-2.34,22-Aug-2025,24-Jul-2026,17.166913541747874,-5.490468625893566,,,TATA CONSUMER PRODUCTS LIMITED,1.29
0,CROMPTONEQN,-6.0,CROMPTON,EQ,N,246.0,4617328,251.95,251.95,243.95,252.0,1138263698.56,337.5,217.4,157593144408.05,2026-08-24 16:00:28,0,-22.32,-1.66,22-Aug-2025,24-Jul-2026,27.11111111111111,-13.155473781048759,,,CROMPTON GREAVES CONSUMER ELECTRICALS LIMITED,-2.38
0,CGPOWEREQN,10.5,CGPOWER,EQ,N,877.5,1296211,867.0,877.5,865.35,867.0,1128636841.92,980.9,525.5,600189744461.0,2026-08-24 16:00:28,0,29.07,1.13,22-Aug-2025,24-Jul-2026,10.541339586094404,-66.9838249286394,,,CG POWER AND INDUSTRIAL SOLUTIONS LIMITED,1.21
0,MOTILALOFSEQN,0.0,MOTILALOFS,EQ,N,990.0,1108082,990.0,1015.0,988.3,990.0,1110309244.82,1097.1,614.9,154472707773.56,2026-08-24 16:00:28,0,6.54,13.54,22-Aug-2025,24-Jul-2026,9.762100082034454,-61.001788908765654,,,MOTILAL OSWAL FINANCIAL SERVICES LIMITED,0.0
0,SYRMAEQN,19.7,SYRMA,EQ,N,1459.0,758782,1454.0,1472.0,1441.0,1439.3,1105537786.18,1543.0,634.5,113287610664.59,2026-08-24 16:00:28,0,95.59,13.25,22-Aug-2025,24-Jul-2026,5.443940375891121,-129.94483845547674,,,SYRMA SGS TECHNOLOGY LIMITED,1.37
0,HYUNDAIEQN,-11.8,HYUNDAI,EQ,N,2207.0,496265,2235.4,2235.4,2206.1,2218.8,1099678576.15,2890.0,1658.0,313809340121.84,2026-08-24 16:00:28,0,-6.74,13.03,22-Aug-2025,24-Jul-2026,23.633217993079583,-33.11218335343788,,,HYUNDAI MOTOR INDIA LIMITED,-0.53
0,TDPOWERSYSEQN,15.1,TDPOWERSYS,EQ,N,782.5,1410792,775.0,793.5,760.7,1534.8,1094125627.68,798.85,246.5,177921803609.69,2026-08-24 16:00:28,0,202.15,40.54,22-Aug-2025,24-Jul-2026,2.0466921199223886,-217.4442190669371,,,TD POWER SYSTEMS LIMITED,1.97
0,AARTIINDEQN,15.85,AARTIIND,EQ,N,543.05,2016424,529.45,546.0,525.4,527.2,1089191587.84,546.0,338.05,111457817132.22,2026-08-24 16:00:28,0,42.05,13.66,22-Aug-2025,24-Jul-2026,0.5402930402930403,-60.64191687620175,,,AARTI INDUSTRIES LIMITED,3.01
0,NAM-INDIAEQN,-3.2,NAM-INDIA,EQ,N,1247.8,862877,1254.0,1269.5,1242.8,1251.0,1085266289.21,1269.5,780.25,223423431421.72,2026-08-24 16:00:28,0,44.28,12.16,22-Aug-2025,24-Jul-2026,1.7093343836155968,-59.923101570009614,,,NIPPON LIFE INDIA ASSET MANAGEMENT LIMITED,-0.26
0,LTFEQN,-1.3,LTF,EQ,N,315.85,3331638,317.4,324.45,315.85,317.15,1066523956.56,338.6,215.26,268771104533.98,2026-08-24 16:00:28,0,41.83,4.45,22-Aug-2025,24-Jul-2026,6.718842291789723,-46.72953637461674,,,L&T FINANCE LIMITED,-0.41
0,PVRINOXEQN,28.2,PVRINOX,EQ,N,1245.0,864708,1220.0,1248.2,1216.2,1216.8,1064377724.28,1249.7,907.4,88556683014.62,2026-08-24 16:00:28,0,10.06,17.02,22-Aug-2025,24-Jul-2026,0.3760902616627991,-37.20520167511572,,,PVR INOX LIMITED,2.32
0,BELRISEEQN,-2.07,BELRISE,EQ,N,229.7,4632685,232.5,233.65,228.4,231.77,1063664476.0,268.2,135.16,86314024964.76,2026-08-24 16:00:28,0,56.71,0.63,22-Aug-2025,24-Jul-2026,14.35495898583147,-69.94672980171649,,,BELRISE INDUSTRIES LIMITED,-0.89
0,RADICOEQN,-39.8,RADICO,EQ,N,4600.0,227899,4632.0,4634.9,4562.0,4639.8,1048875520.63,4747.0,2500.0,359480401094.72,2026-08-24 16:00:28,0,59.15,12.43,22-Aug-2025,24-Jul-2026,3.096692647988203,-84.0,,,RADICO KHAITAN LIMITED,-0.86
0,LUPINEQN,-13.8,LUPIN,EQ,N,2188.0,475169,2199.8,2199.8,2180.3,2201.8,1039788564.25,2529.5,1875.0,529876721566.39,2026-08-24 16:00:28,0,10.8,-7.7,22-Aug-2025,24-Jul-2026,13.50069183633129,-16.69333333333333,,,LUPIN LIMITED,-0.63
0,IDFCFIRSTBEQN,-0.86,IDFCFIRSTB,EQ,N,85.89,12075489,86.91,86.94,85.41,86.75,1037646769.77,88.76,58.08,568795581312.87,2026-08-24 16:00:28,0,23.26,6.31,22-Aug-2025,24-Jul-2026,3.2334384858044163,-47.88223140495868,,,IDFC FIRST BANK LIMITED,-0.99
0,JINDALSTELEQN,21.2,JINDALSTEL,EQ,N,1149.0,908799,1135.0,1149.0,1130.1,1127.8,1035885452.16,1306.2,943.3,424434052636.8,2026-08-24 16:00:28,0,15.22,10.93,22-Aug-2025,24-Jul-2026,12.034910427193385,-21.806424255274038,,,JINDAL STEEL LIMITED,1.88
0,YATHARTHEQN,53.85,YATHARTH,EQ,N,909.0,1156221,857.25,916.9,852.25,855.15,1034436242.07,919.5,538.25,38715162913.4,2026-08-24 16:00:28,0,26.93,8.37,22-Aug-2025,24-Jul-2026,1.1419249592169658,-68.88063167673015,,,YATHARTH HOSPITAL & TRAUMA CARE SERVICES LIMITED,6.3
0,RBLBANKEQN,-4.5,RBLBANK,EQ,N,388.0,2638029,394.0,394.5,386.25,392.5,1025586534.33,394.5,243.25,239367278145.13,2026-08-24 16:00:28,0,53.27,9.95,22-Aug-2025,24-Jul-2026,1.6476552598225602,-59.50668036998972,,,RBL BANK LIMITED,-1.15
0,BANKINDIAEQN,-0.79,BANKINDIA,EQ,N,142.0,7143480,143.0,144.12,140.68,142.79,1012231116.0,178.36,109.85,172075211473.35,2026-08-24 16:00:28,0,22.99,-0.43,22-Aug-2025,24-Jul-2026,20.385736712267324,-29.26718252162039,,,BANK OF INDIA,-0.55
0,ICICIGIEQN,3.0,ICICIGI,EQ,N,1620.0,621769,1619.0,1626.4,1612.6,1617.0,1007744542.13,2064.9,1544.6,392883204925.35,2026-08-24 16:00:28,0,-15.21,-2.52,22-Aug-2025,24-Jul-2026,21.545837570826674,-4.8815227243299235,,,ICICI LOMBARD GENERAL INSURANCE COMPANY LIMITED,0.19
0,APARINDSEQN,-136.0,APARINDS,EQ,N,16720.0,59134,17020.0,17100.0,16663.0,16856.0,992776481.06,18465.0,6801.0,293640338489.93,2026-08-24 16:00:28,0,104.04,20.38,22-Aug-2025,24-Jul-2026,9.450311399945843,-145.84619908836936,,,APAR INDUSTRIES LIMITED,-0.81
0,WABAGEQN,0.0,WABAG,EQ,N,2003.3,487340,2008.0,2058.0,1986.1,2003.3,988267039.2,2253.5,1033.0,91105917534.06,2026-08-24 16:00:28,0,25.87,-1.86,22-Aug-2025,24-Jul-2026,11.102729088085201,-93.93030009680542,,,VA TECH WABAG LIMITED,0.0
0,FINCABLESEQN,29.5,FINCABLES,EQ,N,1290.0,767250,1271.3,1307.5,1263.95,1260.5,987980152.5,1374.0,700.8,97396034256.76,2026-08-24 16:00:28,0,51.85,29.14,22-Aug-2025,24-Jul-2026,6.11353711790393,-84.07534246575342,,,FINOLEX CABLES LIMITED,2.34
0,RAINEQN,4.49,RAIN,EQ,N,213.1,4569719,209.59,218.33,208.91,208.61,983449225.99,252.0,99.9,40880416985.15,2026-08-24 16:00:28,0,43.31,-5.39,22-Aug-2025,24-Jul-2026,15.436507936507937,-113.31331331331332,,,RAIN INDUSTRIES LIMITED,2.15
0,WELSPUNLIVEQN,1.23,WELSPUNLIV,EQ,N,190.45,5069309,190.32,195.0,188.62,189.22,973205941.82,195.0,107.1,59468041715.44,2026-08-24 16:00:28,0,60.47,17.56,22-Aug-2025,24-Jul-2026,2.3333333333333335,-77.82446311858077,,,WELSPUN LIVING LIMITED,0.65
0,SBILIFEEQN,-31.1,SBILIFE,EQ,N,1761.8,542306,1801.7,1801.7,1759.1,1792.9,962121343.78,2132.0,1700.4,789470581144.93,2026-08-24 16:00:28,0,-5.23,-5.21,22-Aug-2025,24-Jul-2026,17.363977485928704,-3.610915078804987,,,SBI LIFE INSURANCE COMPANY LIMITED,-1.73
0,INDUSINDBKEQN,12.8,INDUSINDBK,EQ,N,1018.4,948101,1005.1,1018.4,1004.5,1005.6,959895376.44,1077.85,710.6,668889433066.05,2026-08-24 16:00:28,0,33.98,2.24,22-Aug-2025,24-Jul-2026,5.5156097787261675,-43.31550802139037,,,INDUSIND BANK LIMITED,1.27
0,RRKABELEQN,-48.3,RRKABEL,EQ,N,2871.0,328196,2920.9,2983.8,2862.0,2919.3,958368421.56,2983.8,1165.0,94228638344.92,2026-08-24 16:00:28,0,136.14,15.13,22-Aug-2025,24-Jul-2026,3.7804142368791473,-146.43776824034336,,,R R KABEL LIMITED,-1.65
0,MAZDOCKEQN,-12.0,MAZDOCK,EQ,N,2540.0,375064,2552.0,2572.6,2523.4,2552.0,954222826.24,3061.4,2057.4,192426321826.8,2026-08-24 16:00:28,0,-5.94,10.73,22-Aug-2025,24-Jul-2026,17.031423531717515,-23.45679012345679,,,MAZAGON DOCK SHIPBUILDERS LIMITED,-0.47
0,ZYDUSLIFEEQN,-16.2,ZYDUSLIFE,EQ,N,1103.8,857487,1112.7,1117.5,1098.0,1120.0,947257314.03,1205.0,835.5,272995232386.55,2026-08-24 16:00:28,0,11.63,-0.44,22-Aug-2025,24-Jul-2026,8.398340248962656,-32.11250748055057,,,ZYDUS LIFESCIENCES LIMITED,-1.45
0,ASIANPAINTEQN,0.8,ASIANPAINT,EQ,N,2640.8,355289,2640.4,2642.7,2622.0,2640.0,934317694.86,2985.7,2115.0,1190900568382.0,2026-08-24 16:00:28,0,5.44,0.11,22-Aug-2025,24-Jul-2026,11.551729912583314,-24.86052009456265,,,ASIAN PAINTS LIMITED,0.03
0,BAJAJFINSVEQN,-30.8,BAJAJFINSV,EQ,N,2001.7,464012,2020.0,2028.6,1995.3,2032.5,932761562.52,2195.0,1597.0,1156677354539.19,2026-08-24 16:00:28,0,1.82,6.66,22-Aug-2025,24-Jul-2026,8.806378132118452,-25.341264871634316,,,BAJAJ FINSERV LIMITED,-1.52
0,YESBANKEQN,-0.2,YESBANK,EQ,N,22.6,41025996,22.8,22.86,22.51,22.8,928418289.48,25.78,17.2,395878103283.52,2026-08-24 16:00:28,0,17.22,-1.53,22-Aug-2025,24-Jul-2026,12.335143522110164,-31.3953488372093,,,YES BANK LIMITED,-0.88
0,TATATECHEQN,-21.15,TATATECH,EQ,N,799.6,1138274,818.8,834.85,791.3,820.75,921216530.94,891.0,507.4,136966503760.69,2026-08-24 16:00:28,0,16.97,12.46,22-Aug-2025,24-Jul-2026,10.258136924803592,-57.58770201024832,,,TATA TECHNOLOGIES LIMITED,-2.58
0,MRPLEQN,-2.91,MRPL,EQ,N,173.9,5230416,176.8,178.3,173.1,176.81,920500911.84,212.31,120.45,30567601925.59,2026-08-24 16:00:28,0,39.24,2.44,22-Aug-2025,24-Jul-2026,18.091470020253404,-44.3752594437526,,,MANGALORE REFINERY AND PETROCHEMICALS LIMITED,-1.65
0,KTKBANKEQN,5.65,KTKBANK,EQ,N,333.95,2769889,328.3,336.7,326.5,328.3,919963233.57,338.25,169.12,125856383235.8,2026-08-24 16:00:28,0,93.64,19.4,22-Aug-2025,24-Jul-2026,1.271249076127125,-97.46333964049195,,,THE KARNATAKA BANK LIMITED,1.72
0,VOLTASEQN,7.0,VOLTAS,EQ,N,1242.0,744052,1235.9,1242.0,1220.5,1235.0,917676534.2,1582.5,1186.8,282391193688.72,2026-08-24 16:00:28,0,-8.22,-6.43,22-Aug-2025,24-Jul-2026,21.51658767772512,-4.651162790697675,,,VOLTAS LIMITED,0.57
0,ACMESOLAREQN,6.95,ACMESOLAR,EQ,N,408.55,2263809,400.0,411.5,394.7,401.6,916027673.76,411.5,195.9,82106882820.37,2026-08-24 16:00:28,0,40.49,11.67,22-Aug-2025,24-Jul-2026,0.7168894289185905,-108.55028075548749,,,ACME SOLAR HOLDINGS LIMITED,1.73
0,PIDILITINDEQN,11.0,PIDILITIND,EQ,N,1660.0,554272,1646.0,1660.0,1638.0,1649.0,911843952.64,1707.5,1259.0,512952045615.51,2026-08-24 16:00:28,0,7.54,5.67,22-Aug-2025,24-Jul-2026,2.781844802342606,-31.850675138999204,,,PIDILITE INDUSTRIES LIMITED,0.67
0,THANGAMAYLEQN,-3.5,THANGAMAYL,EQ,N,5484.0,163941,5524.0,5722.5,5476.5,5487.5,911472614.16,7430.0,1939.5,65433635504.79,2026-08-24 16:00:28,0,159.22,-20.6,22-Aug-2025,24-Jul-2026,26.191117092866758,-182.75328692962103,,,THANGAMAYIL JEWELLERY LIMITED,-0.06
0,ADANIGREENEQN,-12.0,ADANIGREEN,EQ,N,1308.0,692549,1319.9,1319.9,1298.1,1320.0,905140766.53,1631.5,765.0,437293702668.67,2026-08-24 16:00:28,0,36.65,-6.24,22-Aug-2025,24-Jul-2026,19.82837879252222,-70.98039215686275,,,ADANI GREEN ENERGY LIMITED,-0.91
0,THOMASCOOKEQN,-0.67,THOMASCOOK,EQ,N,112.5,7861613,116.0,120.87,112.0,113.17,904478575.65,181.55,86.35,18386823383.16,2026-08-24 16:00:28,0,-34.64,14.97,22-Aug-2025,24-Jul-2026,38.033599559350044,-30.28372900984366,,,THOMAS COOK  (INDIA)  LIMITED,-0.59
0,AMBUJACEMEQN,-5.75,AMBUJACEM,EQ,N,408.75,2180550,414.5,415.3,406.7,414.5,892346476.5,600.8,394.0,254126484013.48,2026-08-24 16:00:28,0,-29.18,-3.86,22-Aug-2025,24-Jul-2026,31.965712383488682,-3.7436548223350252,,,AMBUJA CEMENTS LIMITED,-1.39
0,ABBEQN,80.0,ABB,EQ,N,7504.0,118675,7460.0,7566.5,7429.5,7424.0,891544750.75,7924.5,4637.5,392693302460.59,2026-08-24 16:00:28,0,48.21,1.74,22-Aug-2025,24-Jul-2026,5.3063284749826485,-61.81132075471698,,,ABB INDIA LIMITED,1.08
0,GESHIPEQN,28.7,GESHIP,EQ,N,1340.0,661964,1320.0,1346.0,1318.0,1311.3,880524653.88,1798.0,922.5,132440421062.85,2026-08-24 16:00:28,0,38.45,-6.81,22-Aug-2025,24-Jul-2026,25.47274749721913,-45.25745257452574,,,THE GREAT EASTERN SHIPPING COMPANY LIMITED,2.19
0,MOTHERSONEQN,-0.38,MOTHERSON,EQ,N,169.0,5225140,169.0,169.14,166.71,169.38,878189279.8,173.27,91.1,744527415944.9,2026-08-24 16:00:28,0,77.6,16.11,22-Aug-2025,24-Jul-2026,2.46436197841519,-85.51042810098792,,,SAMVARDHANA MOTHERSON INTERNATIONAL LIMITED,-0.22
0,AZADEQN,-39.9,AZAD,EQ,N,2797.9,309009,2859.9,2876.8,2782.7,2837.8,872032668.27,2986.6,1360.0,79274107860.8,2026-08-24 16:00:28,0,74.43,14.72,22-Aug-2025,24-Jul-2026,6.318221388870287,-105.7279411764706,,,AZAD ENGINEERING LIMITED,-1.41
0,BLUEJETEQN,-5.15,BLUEJET,EQ,N,591.0,1443893,597.0,615.6,586.4,596.15,871115085.83,784.0,325.0,30040523796.6,2026-08-24 16:00:28,0,-23.78,4.25,22-Aug-2025,24-Jul-2026,24.617346938775512,-81.84615384615384,,,BLUE JET HEALTHCARE LIMITED,-0.86
0,ABCAPITALEQN,-0.1,ABCAPITAL,EQ,N,412.9,2111216,410.55,415.75,408.05,413.0,869820992.0,430.7,272.7,353941967584.98,2026-08-24 16:00:28,0,44.19,4.84,22-Aug-2025,24-Jul-2026,4.132807058277223,-51.41180784745141,,,ADITYA BIRLA CAPITAL LIMITED,-0.02
0,DELHIVERYEQN,-5.95,DELHIVERY,EQ,N,444.75,1948199,452.0,452.6,441.2,450.7,868273330.32,524.0,374.45,248516911584.7,2026-08-24 16:00:28,0,-6.09,-3.85,22-Aug-2025,24-Jul-2026,15.124045801526718,-18.774202163172653,,,DELHIVERY LIMITED,-1.32
0,360ONEEQN,-9.2,360ONE,EQ,N,1189.8,712864,1202.0,1215.2,1189.8,1199.0,859179336.0,1236.2,906.05,307746233491.11,2026-08-24 16:00:28,0,10.41,7.94,22-Aug-2025,24-Jul-2026,3.753437955023459,-31.3172562220628,,,360 ONE WAM LIMITED,-0.77
0,FORCEMOTEQN,-170.0,FORCEMOT,EQ,N,17600.0,48486,17780.0,17937.0,17600.0,17770.0,857833221.54,26450.0,14911.0,84538882899.15,2026-08-24 16:00:28,0,-12.93,-0.11,22-Aug-2025,24-Jul-2026,33.459357277882795,-18.033666420763193,,,FORCE MOTORS LTD,-0.96
0,RBAEQN,2.24,RBA,EQ,N,106.48,7935015,104.68,111.15,103.61,104.24,853569563.55,111.15,57.15,54893558519.85,2026-08-24 16:00:28,0,32.82,63.41,22-Aug-2025,24-Jul-2026,4.2015294646873595,-86.3167104111986,,,RESTAURANT BRANDS ASIA LIMITED,2.15
0,EXIDEINDEQN,-5.6,EXIDEIND,EQ,N,454.0,1847980,456.5,461.45,452.0,459.6,843011516.4,496.4,287.0,205973353200.0,2026-08-24 16:00:28,0,14.63,2.48,22-Aug-2025,24-Jul-2026,8.541498791297341,-58.18815331010453,,,EXIDE INDUSTRIES LIMITED,-1.22
0,UPLEQN,2.9,UPL,EQ,N,571.9,1480656,570.9,573.8,563.8,569.0,839783663.52,812.2,557.95,319828518986.66,2026-08-24 16:00:28,0,-20.18,-5.07,22-Aug-2025,24-Jul-2026,29.586308790938194,-2.5002240344116857,,,UPL LIMITED,0.51
0,ZAGGLEEQN,-9.87,ZAGGLE,EQ,N,190.25,4311221,200.0,201.86,190.1,200.12,838618708.92,413.7,154.36,13265291212.57,2026-08-24 16:00:28,0,-52.76,-4.86,22-Aug-2025,24-Jul-2026,54.012569494802996,-23.250842187095103,,,ZAGGLE PREPAID OCEAN SERVICES LIMITED,-4.93
0,DMARTEQN,34.0,DMART,EQ,N,3940.0,214118,3919.9,3940.0,3876.2,3906.0,836995826.72,4949.5,3529.0,633149154027.65,2026-08-24 16:00:28,0,-16.15,-1.96,22-Aug-2025,24-Jul-2026,20.39599959591878,-11.646358741853216,,,AVENUE SUPERMARTS LIMITED,0.87
0,SHRIPISTONEQN,149.9,SHRIPISTON,EQ,N,4750.0,177514,4615.0,4785.8,4557.2,4600.1,835538871.46,4785.8,2485.0,76810250834.74,2026-08-24 16:00:28,0,81.16,14.19,22-Aug-2025,24-Jul-2026,0.7480463036482928,-91.14688128772636,,,SPR AUTO TECHNOLOGIES LIMITED,3.26
0,CONCOREQN,1.35,CONCOR,EQ,N,516.4,1592382,515.05,524.2,513.05,515.05,827799782.7,569.8,421.45,177772161337.57,2026-08-24 16:00:28,0,-5.75,8.14,22-Aug-2025,24-Jul-2026,9.371709371709372,-22.52936291375015,,,CONTAINER CORPORATION OF INDIA LIMITED,0.26
0,UNIONBANKEQN,0.15,UNIONBANK,EQ,N,183.6,4499886,183.45,184.7,182.02,183.45,822804155.1,205.49,124.64,353777002995.74,2026-08-24 16:00:28,0,36.24,7.68,22-Aug-2025,24-Jul-2026,10.652586500559638,-47.30423620025674,,,UNION BANK OF INDIA,0.08
0,BRIGADEEQN,20.7,BRIGADE,EQ,N,660.0,1256244,639.0,663.7,629.05,639.3,815955602.88,802.01,450.75,122001073083.38,2026-08-24 16:00:28,0,-8.57,25.61,22-Aug-2025,24-Jul-2026,17.7067617610753,-46.422628951747086,,,BRIGADE ENTERPRISES LIMITED,3.24
0,DEEPAKNTREQN,-9.1,DEEPAKNTR,EQ,N,1738.0,464728,1749.9,1774.0,1707.2,1747.1,806205487.12,1904.4,1280.0,118976897933.41,2026-08-24 16:00:28,0,-3.72,5.36,22-Aug-2025,24-Jul-2026,8.737660155429532,-35.78125,,,DEEPAK NITRITE LIMITED,-0.52
0,INDUSTOWEREQN,-1.5,INDUSTOWER,EQ,N,374.25,2142749,377.45,378.05,372.9,375.75,805287929.18,481.5,312.55,480861491854.9,2026-08-24 16:00:28,0,5.85,-5.16,22-Aug-2025,24-Jul-2026,22.274143302180686,-19.74084146536554,,,INDUS TOWERS LIMITED,-0.4
0,DEVYANIEQN,4.6,DEVYANI,EQ,N,149.0,5369645,145.12,149.5,145.12,144.4,796962710.9,191.0,91.55,63269228847.07,2026-08-24 16:00:28,0,-13.0,32.68,22-Aug-2025,24-Jul-2026,21.98952879581152,-62.75259421081376,,,DEVYANI INTERNATIONAL LIMITED,3.19
0,BAJAJHLDNGEQN,-200.0,BAJAJHLDNG,EQ,N,11120.0,70315,11250.0,11360.0,11050.0,11320.0,786945791.8,13880.0,8588.0,480119409730.21,2026-08-24 16:00:28,0,-17.9,4.13,22-Aug-2025,24-Jul-2026,19.88472622478386,-29.482999534233816,,,BAJAJ HOLDINGS & INVESTMENT LIMITED,-1.77
0,CREDITACCEQN,-56.1,CREDITACC,EQ,N,1440.0,540642,1495.2,1497.9,1429.1,1496.1,784093092.6,1634.0,1113.0,77923178601.88,2026-08-24 16:00:28,0,2.96,-5.11,22-Aug-2025,24-Jul-2026,11.872705018359854,-29.380053908355794,,,CREDITACCESS GRAMEEN LIMITED,-3.75
0,GAILEQN,1.75,GAIL,EQ,N,173.75,4514359,172.0,173.79,172.0,172.0,779810373.66,186.87,134.36,467362052340.85,2026-08-24 16:00:28,0,-1.73,2.19,22-Aug-2025,24-Jul-2026,7.020923636752823,-29.31676094075618,,,GAIL (INDIA) LIMITED,1.02
0,JYOTICNCEQN,-8.8,JYOTICNC,EQ,N,980.0,793950,990.0,999.0,972.0,988.8,779404836.0,1055.9,580.1,83294491245.45,2026-08-24 16:00:28,0,2.66,23.26,22-Aug-2025,24-Jul-2026,7.1881806989298225,-68.93639027753835,,,JYOTI CNC AUTOMATION LIMITED,-0.89
0,TATAELXSIEQN,-34.5,TATAELXSI,EQ,N,3673.5,207021,3710.1,3769.9,3664.3,3708.0,771180137.73,5950.0,3353.9,126122418284.74,2026-08-24 16:00:28,0,-34.16,3.83,22-Aug-2025,24-Jul-2026,38.260504201680675,-9.529204806344852,,,TATA ELXSI LIMITED,-0.93
0,NAVINFLUOREQN,-45.5,NAVINFLUOR,EQ,N,8161.0,93145,8247.5,8338.0,8150.0,8206.5,767465433.15,8775.5,4498.5,299602068759.86,2026-08-24 16:00:28,0,62.23,8.52,22-Aug-2025,24-Jul-2026,7.002450002848841,-81.4160275647438,,,NAVIN FLUORINE INTERNATIONAL LIMITED,-0.55
0,IRFCEQN,-0.41,IRFC,EQ,N,85.99,8794748,86.65,87.25,85.53,86.4,758283172.56,137.17,85.0,172483802419.32,2026-08-24 16:00:28,0,-31.2,-1.86,22-Aug-2025,24-Jul-2026,37.31136545891959,-1.1647058823529413,,,INDIAN RAILWAY FINANCE CORPORATION LIMITED,-0.47
0,ANURASEQN,11.8,ANURAS,EQ,N,1255.5,601280,1242.0,1273.9,1242.0,1243.7,757089686.4,1415.0,1045.2,37927295056.14,2026-08-24 16:00:28,0,11.04,0.47,22-Aug-2025,24-Jul-2026,11.27208480565371,-20.120551090700346,,,ANUPAM RASAYAN INDIA LIMITED,0.95
0,LLOYDSENGGEQN,-2.4,LLOYDSENGG,EQ,N,87.65,8583079,90.1,90.29,86.54,90.05,756340921.48,99.75,37.4,62401878577.97,2026-08-24 16:00:28,0,27.23,-0.87,22-Aug-2025,24-Jul-2026,12.130325814536342,-134.35828877005346,,,LLOYDS ENGINEERING WORKS LIMITED,-2.67
0,KIRLOSENGEQN,-31.8,KIRLOSENG,EQ,N,2069.0,357890,2106.0,2121.9,2055.1,2100.8,744525724.8,2720.0,855.8,171959763437.81,2026-08-24 16:00:28,0,118.04,-5.2,22-Aug-2025,24-Jul-2026,23.933823529411764,-141.76209394718393,,,KIRLOSKAR OIL ENGINES LIMITED,-1.51
0,TORNTPHARMEQN,-10.0,TORNTPHARM,EQ,N,4886.5,151552,4896.5,4920.0,4855.0,4896.5,740767989.76,5250.0,3480.6,714793347377.84,2026-08-24 16:00:28,0,32.59,-1.51,22-Aug-2025,24-Jul-2026,6.923809523809524,-40.39246106993047,,,TORRENT PHARMACEUTICALS LIMITED,-0.2
0,NYKAAEQN,-3.7,NYKAA,EQ,N,330.3,2231684,333.9,333.9,328.05,334.0,738263384.04,348.0,223.3,450754317651.14,2026-08-24 16:00:28,0,46.84,2.32,22-Aug-2025,24-Jul-2026,5.086206896551724,-47.917599641737574,,,FSN E-COMMERCE VENTURES LIMITED,-1.11
0,NEULANDLABEQN,-400.0,NEULANDLAB,EQ,N,22901.0,31931,23399.0,23399.0,22834.0,23301.0,735645217.29,23881.0,11500.0,196941614696.99,2026-08-24 16:00:28,0,64.9,23.48,22-Aug-2025,24-Jul-2026,4.103680750387337,-99.13913043478261,,,NEULAND LABORATORIES LIMITED,-1.72
0,NCCEQN,-1.98,NCC,EQ,N,147.58,4867292,150.0,153.86,146.8,149.56,730531856.28,222.31,130.0,59541032150.3,2026-08-24 16:00:28,0,-31.98,7.65,22-Aug-2025,24-Jul-2026,33.61522198731501,-13.523076923076923,,,NCC LIMITED,-1.32
0,BIOCONEQN,-6.15,BIOCON,EQ,N,409.4,1761155,414.55,414.55,409.0,415.55,723165466.1,447.15,337.05,292849346165.08,2026-08-24 16:00:28,0,13.88,-5.59,22-Aug-2025,24-Jul-2026,8.442357150844236,-21.465657914256045,,,BIOCON LIMITED,-1.48
0,HAPPSTMNDSEQN,-8.3,HAPPSTMNDS,EQ,N,436.25,1621220,446.0,453.1,435.0,444.55,719173192.0,635.0,330.2,35809561648.43,2026-08-24 16:00:28,0,-26.28,17.1,22-Aug-2025,24-Jul-2026,31.299212598425196,-32.11689884918231,,,HAPPIEST MINDS TECHNOLOGIES LIMITED,-1.87
0,MRFEQN,1635.0,MRF,EQ,N,134300.0,5313,132800.0,135755.0,132665.0,132665.0,714355058.34,163600.0,122000.0,271676337443.16,2026-08-24 16:00:28,0,-8.95,2.71,22-Aug-2025,24-Jul-2026,17.90953545232274,-10.081967213114755,,,MRF LIMITED,1.23
0,AVALONEQN,-65.8,AVALON,EQ,N,2118.0,331701,2183.8,2228.0,2097.6,2183.8,713677920.57,2351.0,777.3,64079173863.16,2026-08-24 16:00:28,0,147.98,21.62,22-Aug-2025,24-Jul-2026,9.910676307954063,-172.48166730991895,,,AVALON TECHNOLOGIES LIMITED,-3.01
0,PRAJINDEQN,6.55,PRAJIND,EQ,N,350.9,2002653,343.75,363.6,343.6,344.35,713324972.07,433.0,273.0,43197786924.71,2026-08-24 16:00:28,0,-13.91,8.47,22-Aug-2025,24-Jul-2026,18.960739030023095,-28.534798534798536,,,PRAJ INDUSTRIES LIMITED,1.9
0,MARICOEQN,-3.15,MARICO,EQ,N,846.1,836419,846.25,850.0,842.4,849.25,707953405.79,889.1,690.3,446614301029.53,2026-08-24 16:00:28,0,15.79,-1.11,22-Aug-2025,24-Jul-2026,4.836351366550444,-22.569897146168334,,,MARICO LIMITED,-0.37
0,SCHNEIDEREQN,-59.3,SCHNEIDER,EQ,N,1158.0,591556,1220.0,1225.0,1152.6,1217.3,696178594.16,1548.0,571.85,67572890538.47,2026-08-24 16:00:28,0,34.57,-14.39,22-Aug-2025,24-Jul-2026,25.1937984496124,-102.5006557663723,,,SCHNEIDER ELECTRIC INFRASTRUCTURE LIMITED,-4.87
0,INDHOTELEQN,-1.1,INDHOTEL,EQ,N,728.9,952562,729.55,733.65,724.2,730.0,693598494.68,811.95,565.0,638285116502.38,2026-08-24 16:00:28,0,-7.6,0.2,22-Aug-2025,24-Jul-2026,10.228462343740379,-29.008849557522122,,,THE INDIAN HOTELS COMPANY LIMITED,-0.15
0,PATANJALIEQN,2.0,PATANJALI,EQ,N,350.0,1979677,350.0,351.35,346.05,348.0,690788492.38,615.0,328.2,120908070021.2,2026-08-24 16:00:28,0,-41.71,2.65,22-Aug-2025,24-Jul-2026,43.08943089430894,-6.642291285801341,,,PATANJALI FOODS LIMITED,0.57
0,POONAWALLAEQN,-14.25,POONAWALLA,EQ,N,475.8,1420503,491.0,493.3,474.0,490.05,681813029.94,570.4,361.2,168821679645.93,2026-08-24 16:00:28,0,2.21,3.5,22-Aug-2025,24-Jul-2026,16.584852734922862,-31.727574750830566,,,POONAWALLA FINCORP LIMITED,-2.91
0,DALBHARATEQN,-27.0,DALBHARAT,EQ,N,1853.0,361388,1881.9,1905.1,1845.9,1880.0,678780624.88,2496.3,1605.0,146922178794.01,2026-08-24 16:00:28,0,-20.35,2.33,22-Aug-2025,24-Jul-2026,25.770139806914234,-15.45171339563863,,,DALMIA BHARAT LIMITED,-1.44
0,SRFEQN,8.9,SRF,EQ,N,2580.8,262284,2569.7,2590.0,2568.0,2571.9,676385847.72,3210.0,2355.0,373770143568.93,2026-08-24 16:00:28,0,-11.54,-3.15,22-Aug-2025,24-Jul-2026,19.601246105919003,-9.588110403397028,,,SRF LIMITED,0.35
0,LLOYDSMEEQN,-36.6,LLOYDSME,EQ,N,1829.3,362235,1865.9,1887.7,1827.0,1865.9,671721339.3,2125.0,1042.9,237450624165.33,2026-08-24 16:00:28,0,35.13,-5.73,22-Aug-2025,24-Jul-2026,13.91529411764706,-75.40512033752037,,,LLOYDS METALS AND ENERGY LIMITED,-1.96
0,TANLAEQN,-4.65,TANLA,EQ,N,565.8,1164515,570.0,585.0,561.05,570.45,666300547.55,766.0,365.9,38452610841.26,2026-08-24 16:00:28,0,-9.44,-5.66,22-Aug-2025,24-Jul-2026,26.135770234986946,-54.63241322765783,,,TANLA PLATFORMS LIMITED,-0.82
0,HEGEQN,13.3,HEG,EQ,N,724.05,922124,710.0,728.0,708.9,710.75,664556324.32,749.0,459.8,60019735862.13,2026-08-24 16:00:28,0,48.77,12.58,22-Aug-2025,24-Jul-2026,3.3311081441922563,-57.47063940843845,,,HEG LIMITED,1.87
0,MAHABANKEQN,0.44,MAHABANK,EQ,N,80.7,8239427,80.39,81.2,80.0,80.26,664509787.55,94.5,51.71,163860212105.43,2026-08-24 16:00:28,0,47.26,-0.41,22-Aug-2025,24-Jul-2026,14.603174603174603,-56.06265712628118,,,BANK OF MAHARASHTRA,0.55
0,JSWINFRAEQN,2.8,JSWINFRA,EQ,N,338.5,1950770,335.7,342.85,334.15,335.7,663964077.2,355.8,233.42,201399112017.29,2026-08-24 16:00:28,0,10.91,4.9,22-Aug-2025,24-Jul-2026,4.8622821810005625,-45.01756490446406,,,JSW INFRASTRUCTURE LIMITED,0.83
0,NEWGENEQN,7.8,NEWGEN,EQ,N,530.5,1232949,523.3,546.7,523.3,522.7,662722416.99,1041.95,401.05,33809923089.15,2026-08-24 16:00:28,0,-38.77,4.9,22-Aug-2025,24-Jul-2026,49.085848649167424,-32.277770851514774,,,NEWGEN SOFTWARE TECHNOLOGIES LIMITED,1.49
0,MSTCLTDEQN,28.65,MSTCLTD,EQ,N,730.1,907867,695.05,742.0,695.0,701.45,661825964.33,743.9,362.15,18012536572.8,2026-08-24 16:00:28,0,62.15,20.24,22-Aug-2025,24-Jul-2026,1.8550880494690147,-101.6015463205854,,,MSTC LIMITED,4.08
0,PREMIERENEEQN,-23.0,PREMIERENE,EQ,N,1030.0,634282,1052.9,1060.9,1023.5,1053.0,657236665.58,1134.0,660.0,122022692471.75,2026-08-24 16:00:28,0,2.12,1.05,22-Aug-2025,24-Jul-2026,9.171075837742505,-56.06060606060606,,,PREMIER ENERGIES LIMITED,-2.18
0,KPITTECHEQN,-6.2,KPITTECH,EQ,N,583.1,1117937,589.35,595.9,581.0,589.3,656732090.65,1328.0,543.0,95363656004.13,2026-08-24 16:00:28,0,-51.27,-0.02,22-Aug-2025,24-Jul-2026,56.09186746987952,-7.384898710865562,,,KPIT TECHNOLOGIES LIMITED,-1.05
0,ACIEQN,17.1,ACI,EQ,N,514.95,1265874,499.8,522.9,493.65,497.85,651368125.44,726.0,483.0,29539695831.09,2026-08-24 16:00:28,0,-23.6,-7.19,22-Aug-2025,24-Jul-2026,29.070247933884296,-6.614906832298137,,,ARCHEAN CHEMICAL INDUSTRIES LIMITED,3.43
0,ANTHEMEQN,12.15,ANTHEM,EQ,N,883.6,730332,873.2,900.6,873.2,871.45,648987621.84,904.0,579.15,78463061359.93,2026-08-24 16:00:28,0,7.38,14.77,22-Aug-2025,24-Jul-2026,2.256637168141593,-52.568419235085905,,,ANTHEM BIOSCIENCES LIMITED,1.39
0,OLAELECEQN,-0.38,OLAELEC,EQ,N,37.35,17134555,37.89,38.46,37.1,37.73,646144069.05,71.25,22.25,84032617643.46,2026-08-24 16:00:28,0,-20.85,0.73,22-Aug-2025,24-Jul-2026,47.578947368421055,-67.86516853932584,,,OLA ELECTRIC MOBILITY LIMITED,-1.01
0,JUBLFOODEQN,1.15,JUBLFOOD,EQ,N,507.9,1259699,506.9,515.25,506.2,506.75,642018192.34,667.75,408.55,198244975551.77,2026-08-24 16:00:28,0,-17.97,21.43,22-Aug-2025,24-Jul-2026,23.93859977536503,-24.317708970750214,,,JUBILANT FOODWORKS LIMITED,0.23
0,INDIANBEQN,-6.45,INDIANB,EQ,N,870.45,729343,880.0,883.85,862.0,876.9,637102990.79,1000.9,642.6,306750792442.72,2026-08-24 16:00:28,0,29.87,5.37,22-Aug-2025,24-Jul-2026,13.033270056948746,-35.45751633986928,,,INDIAN BANK,-0.74
0,EDELWEISSEQN,-3.25,EDELWEISS,EQ,N,125.43,5019889,128.0,129.15,123.92,128.68,634815162.94,133.9,93.5,80390388950.85,2026-08-24 16:00:28,0,33.64,7.19,22-Aug-2025,24-Jul-2026,6.325616131441374,-34.149732620320854,,,EDELWEISS FINANCIAL SERVICES LIMITED,-2.53
0,INDIAGLYCOEQN,50.5,INDIAGLYCO,EQ,N,1197.0,540428,1155.0,1198.7,1137.0,1146.5,634711068.88,1222.0,792.5,26774862364.99,2026-08-24 16:00:28,0,40.18,3.39,22-Aug-2025,24-Jul-2026,2.0458265139116203,-51.041009463722396,,,INDIA GLYCOLS LIMITED,4.4
0,ANANTRAJEQN,-9.05,ANANTRAJ,EQ,N,615.95,1020259,625.0,631.0,612.6,625.0,633693067.49,743.65,403.0,93735540561.43,2026-08-24 16:00:28,0,12.58,5.01,22-Aug-2025,24-Jul-2026,17.172056747125662,-52.84119106699752,,,ANANT RAJ LIMITED,-1.45
0,EPLEQN,-1.72,EPL,EQ,N,263.89,2359394,264.0,273.75,261.7,265.61,632577125.34,274.03,176.4,36728003074.65,2026-08-24 16:00:28,0,11.04,13.23,22-Aug-2025,24-Jul-2026,3.7003247819581797,-49.59750566893424,,,EPL LIMITED,-0.65
0,AARTIPHARMEQN,24.2,AARTIPHARM,EQ,N,841.0,750494,817.0,859.8,808.8,816.8,630992840.38,946.1,585.0,43123258783.49,2026-08-24 16:00:28,0,-2.58,24.81,22-Aug-2025,24-Jul-2026,11.108762287284643,-43.76068376068376,,,AARTI PHARMALABS LIMITED,2.96
0,SAMMAANCAPEQN,-0.55,SAMMAANCAP,EQ,N,149.97,4165979,150.8,153.35,148.66,150.52,629354447.53,192.95,116.7,114842452468.74,2026-08-24 16:00:28,0,23.1,-6.64,22-Aug-2025,24-Jul-2026,22.27520082923037,-28.508997429305914,,,SAMMAAN CAPITAL LIMITED,-0.37
0,OBEROIRLTYEQN,-16.0,OBEROIRLTY,EQ,N,1870.0,330773,1895.0,1903.5,1860.2,1886.0,622012011.04,1986.1,1391.2,219494958848.85,2026-08-24 16:00:28,0,12.83,2.68,22-Aug-2025,24-Jul-2026,5.845627108403404,-34.41633122484186,,,OBEROI REALTY LIMITED,-0.85
0,UNITDSPREQN,-1.0,UNITDSPR,EQ,N,1555.0,399707,1556.7,1557.5,1540.1,1556.0,618818383.26,1563.4,1210.8,458065121386.92,2026-08-24 16:00:28,0,16.93,5.98,22-Aug-2025,24-Jul-2026,0.5372905206600997,-28.427485959696067,,,UNITED SPIRITS LIMITED,-0.06
0,SAGILITYEQN,-0.16,SAGILITY,EQ,N,43.19,14067265,43.4,43.8,43.1,43.35,610941318.95,57.89,35.83,99172918997.39,2026-08-24 16:00:28,0,-6.23,6.85,22-Aug-2025,24-Jul-2026,25.39298669891173,-20.541445715880545,,,SAGILITY LIMITED,-0.37
0,TRIVENIEQN,-0.28,TRIVENI,EQ,N,295.0,1993304,298.2,305.69,293.15,295.28,600502763.04,490.1,220.05,24953154304.88,2026-08-24 16:00:28,0,-13.25,18.62,22-Aug-2025,24-Jul-2026,39.80820240767191,-34.06044080890707,,,TRIVENI ENGINEERING & INDUSTRIES LIMITED,-0.09
0,COROMANDELEQN,-71.1,COROMANDEL,EQ,N,1925.0,309282,2000.0,2009.7,1920.0,1996.1,599286452.94,2500.0,1706.5,229496186434.61,2026-08-24 16:00:28,0,-20.55,-2.82,22-Aug-2025,24-Jul-2026,23.0,-12.803984764137123,,,COROMANDEL INTERNATIONAL LIMITED,-3.56
0,M&MFINEQN,-2.75,M&MFIN,EQ,N,378.85,1565665,380.0,383.4,377.05,381.6,595093609.85,415.0,253.05,249966752965.35,2026-08-24 16:00:28,0,44.05,6.27,22-Aug-2025,24-Jul-2026,8.710843373493976,-49.713495356648885,,,MAHINDRA & MAHINDRA FINANCIAL SERVICES LIMITED,-0.72
0,AEQUSEQN,-3.92,AEQUS,EQ,N,255.3,2283472,259.99,262.38,254.25,259.22,590163338.4,274.39,113.3,29274670858.77,2026-08-24 16:00:28,0,0.0,11.37,,24-Jul-2026,6.957250628667225,-125.33097969991174,,,AEQUS LIMITED,-1.51
0,PNBHOUSINGEQN,-5.3,PNBHOUSING,EQ,N,1165.0,505951,1173.1,1173.1,1154.2,1170.3,588375477.41,1207.0,729.6,218383066995.13,2026-08-24 16:00:28,0,45.67,10.11,22-Aug-2025,24-Jul-2026,3.47970173985087,-59.6765350877193,,,PNB HOUSING FINANCE LIMITED,-0.45
0,RUBICONEQN,41.3,RUBICON,EQ,N,1766.0,333984,1744.8,1780.0,1725.1,1724.7,586589458.56,1820.1,570.75,54198446061.19,2026-08-24 16:00:28,0,0.0,16.17,,24-Jul-2026,2.9723641558156144,-209.41743320192728,,,RUBICON RESEARCH LIMITED,2.39
0,WOCKPHARMAEQN,15.7,WOCKPHARMA,EQ,N,1902.0,306988,1888.0,1909.2,1867.7,1886.3,580664732.12,2422.3,1086.7,156632588616.29,2026-08-24 16:00:28,0,28.57,2.86,22-Aug-2025,24-Jul-2026,21.479585517896215,-75.02530597220944,,,WOCKHARDT LIMITED,0.83
0,MARKSANSEQN,1.95,MARKSANS,EQ,N,323.25,1794290,322.6,325.5,317.9,321.3,577223093.0,345.5,155.0,69312100073.49,2026-08-24 16:00:28,0,79.62,31.24,22-Aug-2025,24-Jul-2026,6.439942112879884,-108.54838709677419,,,MARKSANS PHARMA LIMITED,0.61
0,CPPLUSEQN,-56.8,CPPLUS,EQ,N,3418.7,169008,3500.0,3514.0,3375.0,3475.5,575747723.04,4094.0,1187.0,92491155498.78,2026-08-24 16:00:28,0,151.29,-3.52,22-Aug-2025,24-Jul-2026,16.49487054225696,-188.01179443976412,,,ADITYA INFOTECH LIMITED,-1.63
0,TEJASNETEQN,-1.45,TEJASNET,EQ,N,509.0,1111868,511.7,527.5,508.0,510.45,575069248.28,647.0,294.0,41919041339.22,2026-08-24 16:00:28,0,-18.06,2.75,22-Aug-2025,24-Jul-2026,21.32921174652241,-73.12925170068027,,,TEJAS NETWORKS LIMITED,-0.28
0,JPPOWEREQN,-0.01,JPPOWER,EQ,N,17.09,33282336,17.25,17.47,17.06,17.1,572123355.84,24.5,13.15,82970728952.27,2026-08-24 16:00:28,0,-9.43,0.83,22-Aug-2025,24-Jul-2026,30.244897959183675,-29.96197718631179,,,JAIPRAKASH POWER VENTURES LIMITED,-0.06
0,PPLPHARMAEQN,-1.67,PPLPHARMA,EQ,N,212.0,2681269,214.45,214.9,209.84,213.67,567973212.27,220.36,132.3,131491263733.52,2026-08-24 16:00:28,0,9.99,16.95,22-Aug-2025,24-Jul-2026,3.7937919767652932,-60.24187452758881,,,PIRAMAL PHARMA LIMITED,-0.78
0,KIMSEQN,-16.5,KIMS,EQ,N,766.0,735056,784.85,785.7,763.7,782.5,567205962.4,858.0,575.8,198022038755.9,2026-08-24 16:00:28,0,3.96,-3.99,22-Aug-2025,24-Jul-2026,10.722610722610723,-33.032302882945466,,,KRISHNA INSTITUTE OF MEDICAL SCIENCES LIMITED,-2.11
0,RPOWEREQN,-0.4,RPOWER,EQ,N,23.05,23913101,23.64,23.8,23.01,23.45,557414384.31,50.85,20.17,66675182755.32,2026-08-24 16:00:28,0,-52.87,-4.2,22-Aug-2025,24-Jul-2026,54.670599803343165,-14.27863163113535,,,RELIANCE POWER LIMITED,-1.71
0,FLUOROCHEMEQN,13.1,FLUOROCHEM,EQ,N,4635.0,119810,4610.5,4689.9,4555.3,4621.9,554708319.0,4958.9,2916.6,194901383371.5,2026-08-24 16:00:28,0,35.36,1.34,22-Aug-2025,24-Jul-2026,6.531690495876101,-58.91791812384283,,,GUJARAT FLUOROCHEMICALS LIMITED,0.28
0,TORNTPOWEREQN,-3.2,TORNTPOWER,EQ,N,1244.5,442091,1252.0,1257.9,1233.0,1247.7,550155724.04,1824.1,1188.0,235971318451.47,2026-08-24 16:00:28,0,-2.93,-13.22,22-Aug-2025,24-Jul-2026,31.774573762403378,-4.755892255892256,,,TORRENT POWER LIMITED,-0.26
0,MFSLEQN,-15.2,MFSL,EQ,N,1569.8,344712,1585.0,1589.0,1562.8,1585.0,542742149.76,1892.5,1433.6,415201966455.94,2026-08-24 16:00:28,0,-4.2,3.58,22-Aug-2025,24-Jul-2026,17.051519154557464,-9.500558035714286,,,MAX FINANCIAL SERVICES LIMITED,-0.96
0,ALKYLAMINEEQN,10.2,ALKYLAMINE,EQ,N,2062.9,260283,2069.1,2115.0,2044.0,2052.7,541628100.36,2201.9,1212.0,28451783400.94,2026-08-24 16:00:28,0,-4.09,15.28,22-Aug-2025,24-Jul-2026,6.312729915073346,-70.20627062706271,,,ALKYL AMINES CHEMICALS LIMITED,0.5
0,AETHEREQN,33.8,AETHER,EQ,N,1660.4,322741,1633.0,1683.6,1619.0,1626.6,537076525.51,1692.0,726.45,55185684798.17,2026-08-24 16:00:28,0,115.27,16.32,22-Aug-2025,24-Jul-2026,1.867612293144208,-128.5635625301122,,,AETHER INDUSTRIES LIMITED,2.08
0,ZENTECEQN,-23.8,ZENTEC,EQ,N,1902.5,280194,1931.2,1932.8,1895.0,1926.3,534923969.28,2043.7,1223.0,87483138993.06,2026-08-24 16:00:28,0,27.46,7.56,22-Aug-2025,24-Jul-2026,6.909037529970152,-55.56009811937858,,,ZEN TECHNOLOGIES LIMITED,-1.24
0,GODREJPROPEQN,4.9,GODREJPROP,EQ,N,2039.9,261818,2035.0,2047.9,2028.3,2035.0,533595556.72,2352.0,1434.0,275113830938.15,2026-08-24 16:00:28,0,-0.63,0.55,22-Aug-2025,24-Jul-2026,13.269557823129253,-42.25244072524407,,,GODREJ PROPERTIES LIMITED,0.24
0,CAMSEQN,-1.0,CAMS,EQ,N,752.0,705369,755.6,760.0,750.25,753.0,532828688.91,844.9,611.4,180425622017.71,2026-08-24 16:00:28,0,-3.71,-1.24,22-Aug-2025,24-Jul-2026,10.995384069120606,-22.996401701014065,,,COMPUTER AGE MANAGEMENT SERVICES LIMITED,-0.13
0,SANSERAEQN,-11.9,SANSERA,EQ,N,3865.0,136795,3876.9,3924.9,3828.7,3876.9,531815185.6,4040.4,1241.3,167603750052.53,2026-08-24 16:00:28,0,197.88,21.36,22-Aug-2025,24-Jul-2026,4.341154341154341,-211.36711512124387,,,SANSERA ENGINEERING LIMITED,-0.31
0,IPCALABEQN,9.8,IPCALAB,EQ,N,1921.0,277434,1920.6,1938.0,1898.0,1911.2,531294433.02,1945.1,1251.6,266093930463.94,2026-08-24 16:00:28,0,35.43,8.98,22-Aug-2025,24-Jul-2026,1.2390108477713229,-53.483541067433684,,,IPCA LABORATORIES LIMITED,0.51
0,APLAPOLLOEQN,6.0,APLAPOLLO,EQ,N,2145.0,246979,2149.8,2172.8,2131.8,2139.0,530859132.39,2301.4,1578.0,389371748666.6,2026-08-24 16:00:28,0,30.04,17.68,22-Aug-2025,24-Jul-2026,6.795863387503259,-35.93155893536122,,,APL APOLLO TUBES LIMITED,0.28
0,PFOCUSEQN,10.45,PFOCUS,EQ,N,307.4,1727688,300.0,314.6,296.0,296.95,529622756.4,367.0,139.04,20454634735.71,2026-08-24 16:00:28,0,102.28,6.26,22-Aug-2025,24-Jul-2026,16.239782016348773,-121.08745684695052,,,PRIME FOCUS LIMITED,3.52
0,SKYGOLDEQN,-5.6,SKYGOLD,EQ,N,797.9,664308,808.4,808.4,782.55,803.5,528789168.0,848.0,259.0,59637121369.86,2026-08-24 16:00:28,0,161.65,22.06,22-Aug-2025,24-Jul-2026,5.908018867924528,-208.06949806949808,,,SKY GOLD AND DIAMONDS LIMITED,-0.7
0,CAPLIPOINTEQN,-65.8,CAPLIPOINT,EQ,N,2495.0,210240,2545.0,2555.6,2473.9,2560.8,527609894.4,2699.0,1500.3,49607863954.46,2026-08-24 16:00:28,0,15.08,1.13,22-Aug-2025,24-Jul-2026,7.558354946276399,-66.3000733186696,,,CAPLIN POINT LABORATORIES LIMITED,-2.57
0,RATEGAINEQN,-32.1,RATEGAIN,EQ,N,957.95,536846,992.0,1009.0,956.0,990.05,527359931.18,1050.0,437.0,58068442906.5,2026-08-24 16:00:28,0,93.51,6.39,22-Aug-2025,24-Jul-2026,8.766666666666667,-119.21052631578948,,,RATEGAIN TRAVEL TECHNOLOGIES LIMITED,-3.24
0,JINDALSAWEQN,-5.4,JINDALSAW,EQ,N,286.25,1797303,293.1,295.55,286.0,291.65,522979226.94,298.4,153.0,66472468317.49,2026-08-24 16:00:28,0,40.91,12.1,22-Aug-2025,24-Jul-2026,4.07171581769437,-87.09150326797386,,,JINDAL SAW LIMITED,-1.85
0,IGLEQN,0.02,IGL,EQ,N,147.89,3531071,149.0,149.5,147.25,147.87,522633818.71,223.5,141.74,103447546435.63,2026-08-24 16:00:28,0,-28.63,-0.96,22-Aug-2025,24-Jul-2026,33.82997762863535,-4.338930436009595,,,INDRAPRASTHA GAS LIMITED,0.01
0,IREDAEQN,0.4,IREDA,EQ,N,115.4,4483974,115.37,116.39,114.8,115.0,518302554.66,163.35,108.65,91554788202.93,2026-08-24 16:00:28,0,-21.75,-4.22,22-Aug-2025,24-Jul-2026,29.35414753596572,-6.21260929590428,,,INDIAN RENEWABLE ENERGY DEVELOPMENT AGENCY LIMITED,0.35
0,TENNINDEQN,-22.45,TENNIND,EQ,N,553.7,921321,575.95,575.95,552.1,576.15,517091411.25,657.0,438.05,50209627697.28,2026-08-24 16:00:28,0,0.0,2.55,,24-Jul-2026,15.722983257229833,-26.401095765323593,,,TENNECO CLEAN AIR INDIA LIMITED,-3.9
0,BECTORFOODEQN,3.97,BECTORFOOD,EQ,N,258.8,2038992,254.0,258.8,246.71,254.83,516354334.08,299.0,165.0,40490393503.94,2026-08-24 16:00:28,0,-5.89,25.25,22-Aug-2025,24-Jul-2026,13.444816053511706,-56.84848484848485,,,MRS. BECTORS FOOD SPECIALITIES LIMITED,1.56
0,PETRONETEQN,2.95,PETRONET,EQ,N,295.95,1748335,293.85,296.8,291.4,293.0,515601474.85,326.4,235.35,221153237699.32,2026-08-24 16:00:28,0,6.86,7.74,22-Aug-2025,24-Jul-2026,9.329044117647058,-25.748884639898023,,,PETRONET LNG LIMITED,1.01
0,NLCINDIAEQN,3.9,NLCINDIA,EQ,N,273.7,1871904,270.3,276.8,270.3,269.8,513856367.04,387.8,222.0,99382125630.28,2026-08-24 16:00:28,0,16.62,-6.52,22-Aug-2025,24-Jul-2026,29.422382671480143,-23.28828828828829,,,NLC INDIA LIMITED,1.45
0,GABRIELEQN,-54.6,GABRIEL,EQ,N,1366.0,370592,1402.0,1418.4,1351.1,1420.6,513180977.92,1600.0,795.7,86321098854.57,2026-08-24 16:00:28,0,14.51,0.18,22-Aug-2025,24-Jul-2026,14.625,-71.67274098278246,,,GABRIEL INDIA LIMITED,-3.84
0,NHPCEQN,0.5,NHPC,EQ,N,76.65,6647840,76.35,76.65,75.55,76.15,506166537.6,89.22,71.62,288094448988.28,2026-08-24 16:00:28,0,-5.03,-3.45,22-Aug-2025,24-Jul-2026,14.088769334229994,-7.023177883272829,,,NHPC LIMITED,0.66
0,MTARTECHBEN,-229.5,MTARTECH,BE,N,6800.0,73389,6962.5,7029.5,6798.0,7029.5,503479363.38,8714.0,1390.5,145485286266.78,2026-08-24 16:00:28,0,347.25,17.14,22-Aug-2025,24-Jul-2026,21.96465457883865,-389.0327220424308,,,MTAR TECHNOLOGIES LIMITED,-3.26
0,DCBBANKEQN,-3.64,DCBBANK,EQ,N,199.95,2434440,205.62,206.0,199.25,203.59,492998444.4,206.0,119.51,53139634380.91,2026-08-24 16:00:28,0,63.67,7.36,22-Aug-2025,24-Jul-2026,2.936893203883495,-67.30817504811313,,,DCB BANK LIMITED,-1.79
0,NBCCEQN,-0.3,NBCC,EQ,N,88.58,5530404,89.0,90.29,88.24,88.88,492758996.4,125.85,77.18,91461383388.0,2026-08-24 16:00:28,0,-14.49,-5.61,22-Aug-2025,24-Jul-2026,29.61462058005562,-14.770665975641357,,,NBCC (INDIA) LIMITED,-0.34
0,KNRCONEQN,0.4,KNRCON,EQ,N,127.4,3720186,127.0,134.44,126.74,127.0,485447071.14,220.0,108.65,18336963838.13,2026-08-24 16:00:28,0,-36.18,5.1,22-Aug-2025,24-Jul-2026,42.09090909090909,-17.257248044178557,,,KNR CONSTRUCTIONS LIMITED,0.31
0,TIEQN,3.75,TI,EQ,N,579.4,825866,576.0,588.7,570.55,575.65,479952025.9,593.0,381.55,64167835088.99,2026-08-24 16:00:28,0,18.43,31.15,22-Aug-2025,24-Jul-2026,2.2934232715008434,-51.854278600445554,,,TILAKNAGAR INDUSTRIES LIMITED,0.65
0,ASTRALEQN,4.3,ASTRAL,EQ,N,1532.8,308892,1525.0,1547.6,1521.0,1528.5,473976240.48,1768.7,1311.6,186945931079.66,2026-08-24 16:00:28,0,7.56,4.41,22-Aug-2025,24-Jul-2026,13.337479504720982,-16.864897834705705,,,ASTRAL LIMITED,0.28
0,NEOGENEQN,-104.6,NEOGEN,EQ,N,2125.5,212443,2244.8,2259.0,2121.0,2230.1,463480519.81,2483.9,966.7,27613045079.12,2026-08-24 16:00:28,0,48.9,3.04,22-Aug-2025,24-Jul-2026,14.428922259350216,-119.8717285610841,,,NEOGEN CHEMICALS LIMITED,-4.69
0,SUPREMEINDEQN,-41.0,SUPREMEIND,EQ,N,3601.0,127773,3660.0,3660.0,3601.0,3642.0,462508872.21,4664.9,3140.0,231260644619.42,2026-08-24 16:00:28,0,-22.36,4.11,22-Aug-2025,24-Jul-2026,22.806491028746596,-14.681528662420382,,,SUPREME INDUSTRIES LIMITED,-1.13
0,TITAGARHEQN,-2.55,TITAGARH,EQ,N,841.0,539796,843.55,865.0,838.0,843.55,461687518.8,971.0,568.7,67179641871.31,2026-08-24 16:00:28,0,-2.08,2.63,22-Aug-2025,24-Jul-2026,13.388259526261585,-47.88113240724459,,,TITAGARH RAIL SYSTEMS LIMITED,-0.3
0,ENDURANCEEQN,-43.6,ENDURANCE,EQ,N,2985.9,152686,3043.9,3059.0,2981.0,3029.5,460081089.5,3079.9,2142.8,105000459450.4,2026-08-24 16:00:28,0,5.36,13.36,22-Aug-2025,24-Jul-2026,3.0520471443878048,-39.34571588575695,,,ENDURANCE TECHNOLOGIES LIMITED,-1.44
0,RELIGAREEQN,-2.6,RELIGARE,EQ,N,229.0,2011854,231.5,234.2,223.25,231.6,460050654.18,280.0,196.51,53154265945.22,2026-08-24 16:00:28,0,-8.76,-11.26,22-Aug-2025,24-Jul-2026,18.214285714285715,-16.53350974505114,,,RELIGARE ENTERPRISES LIMITED,-1.12
0,MPHASISEQN,-3.0,MPHASIS,EQ,N,2427.0,188790,2430.0,2461.8,2418.0,2430.0,459918870.6,3037.2,2013.0,320375234962.85,2026-08-24 16:00:28,0,-14.8,6.07,22-Aug-2025,24-Jul-2026,20.090873172659027,-20.566318926974663,,,MPHASIS LIMITED,-0.12
0,IRCTCEQN,-0.2,IRCTC,EQ,N,484.0,947969,484.2,489.7,481.0,484.2,459167744.53,739.0,481.0,145600364800.0,2026-08-24 16:00:28,0,-33.24,-2.23,22-Aug-2025,24-Jul-2026,34.50608930987821,-0.6237006237006237,,,INDIAN RAILWAY CATERING AND TOURISM CORPORATION LIMITED,-0.04
0,MSUMIEQN,-0.61,MSUMI,EQ,N,37.75,12122461,38.66,38.7,37.65,38.36,459077598.07,53.59,35.7,95703479137.79,2026-08-24 16:00:28,0,-9.6,-5.88,22-Aug-2025,24-Jul-2026,29.55775331218511,-5.742296918767507,,,MOTHERSON SUMI WIRING INDIA LIMITED,-1.59
0,WELENTEQN,20.55,WELENT,EQ,N,652.0,712685,631.45,654.0,622.6,631.45,456510376.75,654.0,412.0,32663115114.17,2026-08-24 16:00:28,0,38.25,8.88,22-Aug-2025,24-Jul-2026,0.3058103975535168,-58.25242718446602,,,WELSPUN ENTERPRISES LIMITED,3.25
0,HBLENGINEEQN,-13.05,HBLENGINE,EQ,N,689.5,654595,702.55,706.0,688.15,702.55,455565390.25,1122.0,613.0,77479005782.77,2026-08-24 16:00:28,0,-13.88,-1.3,22-Aug-2025,24-Jul-2026,38.54723707664884,-12.479608482871125,,,HBL ENGINEERING LIMITED,-1.86
0,RKFORGEEQN,-11.5,RKFORGE,EQ,N,725.55,607562,737.05,747.3,725.05,737.05,446545918.76,772.8,460.15,74642844407.16,2026-08-24 16:00:28,0,26.76,24.94,22-Aug-2025,24-Jul-2026,6.114130434782608,-57.6768445072259,,,RAMKRISHNA FORGINGS LIMITED,-1.56
0,JBMAEQN,-13.95,JBMA,EQ,N,660.0,669187,663.75,670.35,657.15,673.95,443844969.62,790.0,477.0,26522325609.88,2026-08-24 16:00:28,0,3.38,0.6,22-Aug-2025,24-Jul-2026,16.455696202531644,-38.36477987421384,,,JBM AUTO LIMITED,-2.07
0,ARVINDEQN,-4.95,ARVIND,EQ,N,532.0,821297,528.3,544.45,527.05,536.95,439804543.5,600.0,274.8,86469358015.26,2026-08-24 16:00:28,0,80.92,0.91,22-Aug-2025,24-Jul-2026,11.333333333333334,-93.59534206695778,,,ARVIND LIMITED,-0.92
0,PCBLEQN,4.45,PCBL,EQ,N,322.0,1336868,319.8,331.2,318.0,317.55,434843054.36,425.95,226.5,56340614564.82,2026-08-24 16:00:28,0,-15.31,1.29,22-Aug-2025,24-Jul-2026,24.404272801972063,-42.16335540838852,,,PCBL CHEMICAL LIMITED,1.4
0,JMFINANCILEQN,1.29,JMFINANCIL,EQ,N,129.53,3330408,128.86,132.45,128.01,128.24,434784764.4,199.8,112.0,49753561952.42,2026-08-24 16:00:28,0,-32.89,6.13,22-Aug-2025,24-Jul-2026,35.170170170170174,-15.651785714285714,,,JM FINANCIAL LIMITED,1.01
0,BLUESTONEEQN,-27.7,BLUESTONE,EQ,N,818.7,521108,848.7,848.7,813.3,846.4,434666604.96,926.0,399.8,60058987589.38,2026-08-24 16:00:28,0,49.85,5.99,22-Aug-2025,24-Jul-2026,11.587473002159827,-104.77738869434717,,,BLUESTONE JEWELLERY AND LIFESTYLE LIMITED,-3.27
0,PHOENIXLTDEQN,2.0,PHOENIXLTD,EQ,N,1932.0,224983,1916.1,1938.9,1910.7,1930.0,432991032.65,2169.8,1465.6,359694349042.0,2026-08-24 16:00:28,0,22.43,-3.91,22-Aug-2025,24-Jul-2026,10.959535441054475,-31.823144104803493,,,THE PHOENIX MILLS LIMITED,0.1
0,GRWRHITECHEQN,131.0,GRWRHITECH,EQ,N,7254.5,58310,7123.5,7443.0,7123.5,7123.5,427669447.1,7990.0,2681.0,63062725227.29,2026-08-24 16:00:28,0,143.39,5.09,22-Aug-2025,24-Jul-2026,9.205256570713392,-170.5893323386796,,,GARWARE HI-TECH FILMS LIMITED,1.84
0,ASTRAMICROEQN,5.8,ASTRAMICRO,EQ,N,1668.0,256923,1662.3,1689.4,1642.9,1662.2,427021441.38,1960.0,851.0,140767065076.27,2026-08-24 16:00:28,0,65.35,-8.02,22-Aug-2025,24-Jul-2026,14.89795918367347,-96.00470035252644,,,ASTRA MICROWAVE PRODUCTS LIMITED,0.35
0,OILEQN,2.0,OIL,EQ,N,477.0,892260,475.0,479.25,472.0,475.0,425376032.4,531.0,384.6,259429548812.16,2026-08-24 16:00:28,0,16.51,6.06,22-Aug-2025,24-Jul-2026,10.169491525423728,-24.024960998439937,,,OIL INDIA LIMITED,0.42
0,TEGAEQN,-42.5,TEGA,EQ,N,1700.7,246729,1749.0,1760.0,1696.0,1743.2,425158478.22,2125.0,1473.0,28027811664.21,2026-08-24 16:00:28,0,-9.27,9.0,22-Aug-2025,24-Jul-2026,19.967058823529413,-15.458248472505092,,,TEGA INDUSTRIES LIMITED,-2.44
0,TATACAPEQN,-1.2,TATACAP,EQ,N,363.85,1161993,361.65,366.3,361.65,365.05,424034485.56,390.2,296.0,182639693586.25,2026-08-24 16:00:28,0,0.0,6.42,,24-Jul-2026,6.752947206560738,-22.9222972972973,,,TATA CAPITAL LIMITED,-0.33
0,PARADEEPEQN,1.51,PARADEEP,EQ,N,149.99,2777841,148.1,151.8,146.11,148.48,416787263.64,232.22,99.7,64649183338.95,2026-08-24 16:00:28,0,-31.86,10.23,22-Aug-2025,24-Jul-2026,35.41038670226509,-50.44132397191575,,,PARADEEP PHOSPHATES LIMITED,1.02
0,COHANCEEQN,-12.5,COHANCE,EQ,N,450.5,909426,458.45,460.25,446.05,463.0,410760441.42,1038.9,266.7,73099640808.65,2026-08-24 16:00:28,0,-49.08,8.01,22-Aug-2025,24-Jul-2026,56.63682741361055,-68.91638545181853,,,COHANCE LIFESCIENCES LIMITED,-2.7
0,JUBLINGREAEQN,-7.35,JUBLINGREA,EQ,N,711.0,567691,718.55,726.95,694.5,718.35,401823043.62,795.0,537.3,59448645729.06,2026-08-24 16:00:28,0,-0.84,-2.01,22-Aug-2025,24-Jul-2026,10.566037735849056,-32.32830820770519,,,JUBILANT INGREVIA LIMITED,-1.02
0,PRESTIGEEQN,4.8,PRESTIGE,EQ,N,1635.8,245770,1631.0,1641.6,1618.1,1631.0,400730442.7,1805.2,1090.0,275160838413.8,2026-08-24 16:00:28,0,0.01,2.7,22-Aug-2025,24-Jul-2026,9.38400177265677,-50.07339449541284,,,PRESTIGE ESTATES PROJECTS LIMITED,0.29
0,KPIGREENEQN,8.4,KPIGREEN,EQ,N,321.0,1247358,315.0,322.0,314.2,312.6,397682677.56,542.25,301.2,31006162699.39,2026-08-24 16:00:28,0,-38.13,-17.73,22-Aug-2025,24-Jul-2026,40.80221300138312,-6.573705179282869,,,KPI GREEN ENERGY LIMITED,2.69
0,ICICIPRULIEQN,-3.75,ICICIPRULI,EQ,N,511.25,774351,517.1,520.9,506.25,515.0,396870374.52,706.8,459.5,201693576421.46,2026-08-24 16:00:28,0,-18.34,2.14,22-Aug-2025,24-Jul-2026,27.666949632144878,-11.262241566920565,,,ICICI PRUDENTIAL LIFE INSURANCE COMPANY LIMITED,-0.73
0,JSWENERGYEQN,-0.25,JSWENERGY,EQ,N,544.7,721083,547.55,553.3,544.2,544.95,395449128.03,617.35,427.75,332937965090.86,2026-08-24 16:00:28,0,5.17,-1.26,22-Aug-2025,24-Jul-2026,11.768040819632299,-27.34073641145529,,,JSW ENERGY LIMITED,-0.05
0,INOXWINDEQN,0.15,INOXWIND,EQ,N,73.75,5346828,73.97,74.78,73.26,73.6,395077120.92,159.3,72.7,70914443383.45,2026-08-24 16:00:28,0,-48.8,-4.18,22-Aug-2025,24-Jul-2026,53.7037037037037,-1.4442916093535076,,,INOX WIND LIMITED,0.2
0,GAELEQN,3.04,GAEL,EQ,N,180.5,2174153,177.8,184.54,173.96,177.46,391869336.72,184.99,101.2,24696687097.25,2026-08-24 16:00:28,0,74.33,19.03,22-Aug-2025,24-Jul-2026,2.4271582247689065,-78.3596837944664,,,GUJARAT AMBUJA EXPORTS LIMITED,1.71
0,HAVELLSEQN,0.5,HAVELLS,EQ,N,1268.5,307762,1268.0,1271.6,1255.4,1268.0,388811122.7,1621.1,1123.6,318791766786.31,2026-08-24 16:00:28,0,-18.48,3.39,22-Aug-2025,24-Jul-2026,21.750663129973475,-12.896048415806337,,,HAVELLS INDIA LIMITED,0.04
0,PGELEQN,-3.55,PGEL,EQ,N,597.0,648457,601.95,603.55,596.2,600.55,388769425.21,644.4,436.55,96471313599.01,2026-08-24 16:00:28,0,5.91,4.29,22-Aug-2025,24-Jul-2026,7.355679702048417,-36.75409460542893,,,PG ELECTROPLAST LIMITED,-0.59
0,GMDCLTDEQN,1.5,GMDCLTD,EQ,N,571.5,670794,573.9,580.9,568.4,570.0,385304073.6,771.9,400.0,47160933237.0,2026-08-24 16:00:28,0,33.75,1.59,22-Aug-2025,24-Jul-2026,25.961912164788185,-42.875,,,GUJARAT MINERAL DEVELOPMENT CORPORATION LIMITED,0.26
0,NUVAMAEQN,6.4,NUVAMA,EQ,N,1750.0,218610,1750.0,1773.0,1733.3,1743.6,383846368.5,2066.0,1096.9,135717365890.15,2026-08-24 16:00:28,0,25.35,-11.62,22-Aug-2025,24-Jul-2026,15.295256534365924,-59.5405232929164,,,NUVAMA WEALTH MANAGEMENT LIMITED,0.37
0,KARURVYSYAEQN,2.05,KARURVYSYA,EQ,N,337.55,1139927,335.25,339.0,334.25,335.5,383688028.93,351.8,201.82,317989685318.9,2026-08-24 16:00:28,0,56.88,-0.4,22-Aug-2025,24-Jul-2026,4.0505969300739055,-67.25299772074125,,,KARUR VYSYA BANK LIMITED,0.61
0,SOUTHBANKEQN,0.23,SOUTHBANK,EQ,N,45.2,8487952,45.08,45.38,44.26,44.97,381193924.32,49.9,28.11,117622260546.48,2026-08-24 16:00:28,0,51.17,-2.84,22-Aug-2025,24-Jul-2026,9.418837675350701,-60.7968694414799,,,THE SOUTH INDIAN BANK LIMITED,0.51
0,SAILIFEEQN,-20.6,SAILIFE,EQ,N,1436.8,263540,1457.6,1462.1,1432.0,1457.4,381020861.2,1485.0,783.85,197869366310.21,2026-08-24 16:00:28,0,55.18,16.54,22-Aug-2025,24-Jul-2026,3.2457912457912457,-83.30037634751547,,,SAI LIFE SCIENCES LIMITED,-1.41
0,EMMVEEEQN,0.8,EMMVEE,EQ,N,324.8,1168610,324.0,327.5,321.5,324.0,379658016.8,371.55,171.51,43406464391.99,2026-08-24 16:00:28,0,0.0,-1.87,,24-Jul-2026,12.582424976450007,-89.37671272812081,,,EMMVEE PHOTOVOLTAIC POWER LIMITED,0.25
0,VIKRAMSOLREQN,-1.01,VIKRAMSOLR,EQ,N,172.22,2190770,174.99,176.0,171.27,173.23,379090840.8,407.95,155.38,22704816439.67,2026-08-24 16:00:28,0,0.0,-5.79,,24-Jul-2026,57.784042162029664,-10.837945681554897,,,VIKRAM SOLAR LIMITED,-0.58
0,SCHAEFFLEREQN,6.2,SCHAEFFLER,EQ,N,4024.1,94487,4039.0,4039.0,3996.0,4017.9,378887200.78,4467.7,3518.4,161521845499.59,2026-08-24 16:00:28,0,1.94,-2.04,22-Aug-2025,24-Jul-2026,9.92904626541621,-14.373010459299682,,,SCHAEFFLER INDIA LIMITED,0.15
0,TIMETECHNOEQN,-2.48,TIMETECHNO,EQ,N,185.0,2001067,188.4,190.35,184.5,187.48,375820393.27,249.15,154.0,47845890481.74,2026-08-24 16:00:28,0,-22.82,-8.08,22-Aug-2025,24-Jul-2026,25.74754164158138,-20.12987012987013,,,TIME TECHNOPLAST LIMITED,-1.32
0,GRAPHITEEQN,7.85,GRAPHITE,EQ,N,718.6,520979,708.9,726.0,708.9,710.75,375177817.06,802.4,505.8,47783664353.4,2026-08-24 16:00:28,0,33.78,6.82,22-Aug-2025,24-Jul-2026,10.443668993020937,-42.0719652036378,,,GRAPHITE INDIA LIMITED,1.1
0,AKUMSEQN,23.0,AKUMS,EQ,N,773.0,486073,740.05,780.85,737.0,750.0,373950541.09,780.85,409.3,26781143131.16,2026-08-24 16:00:28,0,61.02,12.47,22-Aug-2025,24-Jul-2026,1.0053147211372222,-88.8590276081114,,,AKUMS DRUGS AND PHARMACEUTICALS LIMITED,3.07
0,TIINDIAEQN,-5.8,TIINDIA,EQ,N,2880.0,130227,2875.8,2895.7,2845.8,2885.8,373949435.04,3419.9,2164.9,306872212048.13,2026-08-24 16:00:28,0,-6.25,4.08,22-Aug-2025,24-Jul-2026,15.787011316120354,-33.03154880133032,,,TUBE INVESTMENTS OF INDIA LIMITED,-0.2
0,FORTISEQN,10.9,FORTIS,EQ,N,918.0,401483,907.0,918.0,904.5,907.1,365811235.45,1104.3,766.8,477049580070.95,2026-08-24 16:00:28,0,-1.76,-3.24,22-Aug-2025,24-Jul-2026,16.87041564792176,-19.718309859154928,,,FORTIS HEALTHCARE LIMITED,1.2
0,BATAINDIAEQN,-15.4,BATAINDIA,EQ,N,685.65,526382,702.35,709.35,683.25,701.05,363708906.72,1282.5,605.0,43643419963.91,2026-08-24 16:00:28,0,-37.94,-0.62,22-Aug-2025,24-Jul-2026,46.538011695906434,-13.330578512396695,,,BATA INDIA LIMITED,-2.2
0,TATACOMMEQN,32.7,TATACOMM,EQ,N,1688.1,214293,1660.0,1699.2,1653.0,1655.4,360672262.44,2110.0,1322.5,197717383628.63,2026-08-24 16:00:28,0,5.21,-4.91,22-Aug-2025,24-Jul-2026,19.99526066350711,-27.64461247637051,,,TATA COMMUNICATIONS LIMITED,1.98
0,CHOICEINEQN,-10.7,CHOICEIN,EQ,N,797.9,449818,809.0,811.75,795.0,808.6,360403177.96,860.5,568.7,67793890796.5,2026-08-24 16:00:28,0,-0.67,0.09,22-Aug-2025,24-Jul-2026,7.2748402091807085,-40.302444170916125,,,CHOICE INTERNATIONAL LIMITED,-1.32
0,DEEPAKFERTEQN,25.7,DEEPAKFERT,EQ,N,1474.9,241197,1450.0,1503.2,1450.0,1449.2,357630027.81,1681.0,866.4,98569691881.68,2026-08-24 16:00:28,0,-3.54,-6.25,22-Aug-2025,24-Jul-2026,12.260559190957764,-70.2331486611265,,,DEEPAK FERTILIZERS AND PETROCHEMICALS CORPORATION LIMITED,1.77
0,SAREGAMAEQN,5.45,SAREGAMA,EQ,N,512.0,692263,507.0,518.65,507.0,506.55,354057911.35,574.5,307.05,36894444511.06,2026-08-24 16:00:28,0,4.64,3.12,22-Aug-2025,24-Jul-2026,10.879025239338555,-66.74808663084188,,,SAREGAMA INDIA LIMITED,1.08
0,QPOWEREQN,-4.4,QPOWER,EQ,N,1301.2,266186,1313.4,1356.8,1295.1,1305.6,353125009.46,1441.0,581.0,26290256203.99,2026-08-24 16:00:28,0,64.98,17.71,22-Aug-2025,24-Jul-2026,9.701596113809854,-123.95869191049914,,,QUALITY POWER ELECTRICAL EQUIPMENTS LIMITED,-0.34
0,RAMCOCEMEQN,9.95,RAMCOCEM,EQ,N,909.0,386326,908.1,925.0,896.5,899.05,350428588.08,1214.5,838.3,114579389841.13,2026-08-24 16:00:28,0,-15.31,-0.63,22-Aug-2025,24-Jul-2026,25.154384520378755,-8.433734939759036,,,THE RAMCO CEMENTS LIMITED,1.11
0,NAZARAEQN,-6.6,NAZARA,EQ,N,347.75,990995,354.55,359.0,347.0,354.35,349989704.15,365.0,215.7,78890886952.8,2026-08-24 16:00:28,0,20.22,15.03,22-Aug-2025,24-Jul-2026,4.726027397260274,-61.21928604543347,,,NAZARA TECHNOLOGIES LIMITED,-1.86
0,KPILEQN,-13.6,KPIL,EQ,N,1390.9,246716,1410.9,1421.9,1385.1,1404.5,345913102.12,1479.6,1007.1,157461752992.68,2026-08-24 16:00:28,0,6.98,7.0,22-Aug-2025,24-Jul-2026,5.9948634766153015,-38.10942309601827,,,KALPATARU PROJECTS INTERNATIONAL LIMITED,-0.97
0,OLECTRAEQN,-18.4,OLECTRA,EQ,N,1300.0,263642,1328.0,1340.0,1290.0,1318.4,345716391.02,1714.2,866.6,53061708039.18,2026-08-24 16:00:28,0,-16.32,-2.72,22-Aug-2025,24-Jul-2026,24.162874810407185,-50.01153934918071,,,OLECTRA GREENTECH LIMITED,-1.4
0,ATLANTAELEEQN,-22.9,ATLANTAELE,EQ,N,1824.0,186579,1867.7,1885.5,1810.6,1846.9,342491875.56,2152.6,707.6,17845489579.01,2026-08-24 16:00:28,0,0.0,14.73,,24-Jul-2026,15.265260615070147,-157.77275296777842,,,ATLANTA ELECTRICALS LIMITED,-1.24
0,EMAMILTDEQN,2.4,EMAMILTD,EQ,N,405.0,840726,400.05,410.6,398.5,402.6,339964372.62,634.2,376.4,79569626467.5,2026-08-24 16:00:28,0,-33.82,-0.71,22-Aug-2025,24-Jul-2026,36.14001892147588,-7.598299681190223,,,EMAMI LIMITED,0.6
0,SHAILYEQN,-55.0,SHAILY,EQ,N,3266.0,101926,3325.6,3391.8,3251.0,3321.0,339035434.54,3615.2,1770.9,84923392837.91,2026-08-24 16:00:28,0,55.27,9.98,22-Aug-2025,24-Jul-2026,9.659216640849746,-84.42599808007228,,,SHAILY ENGINEERING PLASTICS LIMITED,-1.66
0,LLOYDSENTEQN,-3.29,LLOYDSENT,EQ,N,74.3,4518666,77.75,77.8,73.9,77.59,338809576.68,84.7,40.69,41106435168.33,2026-08-24 16:00:28,0,3.24,-4.79,22-Aug-2025,24-Jul-2026,12.278630460448642,-82.60014745637748,,,LLOYDS ENTERPRISES LIMITED,-4.24
0,GPPLEQN,-0.04,GPPL,EQ,N,163.5,2007508,163.54,166.99,163.0,163.54,330857393.48,200.09,141.55,44233089698.59,2026-08-24 16:00:28,0,4.77,9.56,22-Aug-2025,24-Jul-2026,18.28677095307112,-15.50688802543271,,,GUJARAT PIPAVAV PORT LIMITED,-0.02
0,DABUREQN,-2.05,DABUR,EQ,N,398.45,827894,400.5,400.55,395.65,400.5,329394185.78,577.0,395.65,234621963777.54,2026-08-24 16:00:28,0,-22.77,-5.85,22-Aug-2025,24-Jul-2026,30.944540727902947,-0.7076961961329458,,,DABUR INDIA LIMITED,-0.51
0,HONASAEQN,9.05,HONASA,EQ,N,490.95,673470,479.5,493.0,478.9,481.9,327521930.4,509.8,248.4,66674615203.0,2026-08-24 16:00:28,0,63.62,9.44,22-Aug-2025,24-Jul-2026,3.697528442526481,-97.64492753623189,,,HONASA CONSUMER LIMITED,1.88
0,JYOTHYLABEQN,6.55,JYOTHYLAB,EQ,N,211.5,1532382,205.0,215.5,205.0,204.95,324114116.82,352.7,188.1,28616688454.06,2026-08-24 16:00:28,0,-37.91,6.51,22-Aug-2025,24-Jul-2026,40.0340232492203,-12.440191387559809,,,JYOTHY LABS LIMITED,3.2
0,MANORAMAEQN,-25.5,MANORAMA,EQ,N,1901.8,168446,1930.9,1945.9,1901.8,1927.3,323928395.84,2043.0,1060.6,46125216510.91,2026-08-24 16:00:28,0,34.5,19.95,22-Aug-2025,24-Jul-2026,6.911404796867352,-79.31359607769187,,,MANORAMA INDUSTRIES LIMITED,-1.32
0,ACEEQN,-8.4,ACE,EQ,N,1173.8,275755,1192.0,1192.0,1159.5,1182.2,323071800.45,1196.0,745.1,48178342122.62,2026-08-24 16:00:28,0,19.12,12.93,22-Aug-2025,24-Jul-2026,1.8561872909698998,-57.53590122131258,,,ACTION CONSTRUCTION EQUIPMENT LIMITED,-0.71
0,NAVAEQN,11.0,NAVA,EQ,N,569.95,564033,559.2,583.25,558.45,558.95,323066821.74,739.4,501.65,78892783241.07,2026-08-24 16:00:28,0,-15.17,2.73,22-Aug-2025,24-Jul-2026,22.917230186637813,-13.61507026811522,,,NAVA LIMITED,1.97
0,ZENSARTECHEQN,-5.15,ZENSARTECH,EQ,N,478.4,662955,483.55,496.4,475.05,483.55,321546434.1,868.95,423.0,54369436325.53,2026-08-24 16:00:28,0,-39.63,-5.44,22-Aug-2025,24-Jul-2026,44.94504862189999,-13.09692671394799,,,ZENSAR TECHNOLOGIES LIMITED,-1.07
0,GODFRYPHLPEQN,-16.5,GODFRYPHLP,EQ,N,2100.5,150168,2111.0,2125.6,2095.9,2117.0,316500083.52,3947.0,1832.1,85544756406.25,2026-08-24 16:00:28,0,-40.36,-1.37,22-Aug-2025,24-Jul-2026,46.78236635419306,-14.649855357240325,,,GODFREY PHILLIPS INDIA LIMITED,-0.78
0,CUBEQN,-5.05,CUB,EQ,N,212.25,1480490,217.3,219.16,211.34,217.3,315699687.6,245.38,145.13,203765364590.23,2026-08-24 16:00:28,0,33.7,-3.41,22-Aug-2025,24-Jul-2026,13.5015078653517,-46.24819127678633,,,CITY UNION BANK LIMITED,-2.32
0,CRAFTSMANEQN,-122.5,CRAFTSMAN,EQ,N,10522.0,29495,10700.0,10800.0,10502.0,10644.5,314555916.4,10960.0,6324.0,152943178414.95,2026-08-24 16:00:28,0,54.21,13.33,22-Aug-2025,24-Jul-2026,3.9963503649635035,-66.38203668564199,,,CRAFTSMAN AUTOMATION LIMITED,-1.15
0,AWFISEQN,8.8,AWFIS,EQ,N,277.0,1131988,270.0,284.6,269.6,268.2,313809713.36,639.4,229.05,13658365905.7,2026-08-24 16:00:28,0,-51.91,1.89,22-Aug-2025,24-Jul-2026,56.67813575226775,-20.934293822309538,,,AWFIS SPACE SOLUTIONS LIMITED,3.28
0,MANKINDEQN,-9.5,MANKIND,EQ,N,2374.5,130471,2385.0,2385.1,2367.1,2384.0,309817741.31,2674.0,1909.7,268073911165.62,2026-08-24 16:00:28,0,-8.91,-5.29,22-Aug-2025,24-Jul-2026,11.200448765893793,-24.33890139812536,,,MANKIND PHARMA LIMITED,-0.4
0,ANANDRATHIEQN,-25.9,ANANDRATHI,EQ,N,2162.1,141558,2175.0,2198.8,2160.0,2188.0,307902805.8,2230.0,1353.85,192486736103.89,2026-08-24 16:00:28,0,54.09,5.88,22-Aug-2025,24-Jul-2026,3.0448430493273544,-59.700114488311115,,,ANAND RATHI WEALTH LIMITED,-1.18
0,NTPCGREENEQN,-0.03,NTPCGREEN,EQ,N,91.4,3331402,92.41,93.85,91.25,91.43,307255206.46,119.95,84.0,84666717334.5,2026-08-24 16:00:28,0,-11.53,-5.11,22-Aug-2025,24-Jul-2026,23.801583993330553,-8.80952380952381,,,NTPC GREEN ENERGY LIMITED,-0.03
0,BLUESTARCOEQN,-7.9,BLUESTARCO,EQ,N,1504.0,203945,1511.9,1517.5,1499.8,1511.9,307241103.05,2040.0,1450.0,194594664402.03,2026-08-24 16:00:28,0,-21.67,-8.14,22-Aug-2025,24-Jul-2026,26.274509803921568,-3.7241379310344827,,,BLUE STAR LIMITED,-0.52
0,SAPPHIREEQN,6.78,SAPPHIRE,EQ,N,249.12,1234318,243.25,250.69,243.25,242.34,305765254.96,347.9,139.91,58793316747.75,2026-08-24 16:00:28,0,-23.82,39.08,22-Aug-2025,24-Jul-2026,28.39321644150618,-78.05732256450575,,,SAPPHIRE FOODS INDIA LIMITED,2.8
0,PAGEINDEQN,80.0,PAGEIND,EQ,N,35560.0,8552,35580.0,35700.0,35425.0,35480.0,304044039.28,47310.0,29805.0,223695552743.05,2026-08-24 16:00:28,0,-22.11,-11.71,22-Aug-2025,24-Jul-2026,24.836186852673855,-19.308840798523736,,,PAGE INDUSTRIES LIMITED,0.23
0,EMCUREEQN,-1.0,EMCURE,EQ,N,1862.0,162164,1862.9,1906.3,1848.0,1863.0,303142895.04,2048.0,1260.0,63888591767.83,2026-08-24 16:00:28,0,24.71,-1.01,22-Aug-2025,24-Jul-2026,9.08203125,-47.77777777777778,,,EMCURE PHARMACEUTICALS LIMITED,-0.05
0,ARE&MEQN,5.25,ARE&M,EQ,N,925.0,327119,920.0,929.9,916.25,919.75,301535023.01,1057.85,670.0,112953224870.85,2026-08-24 16:00:28,0,-6.35,5.97,22-Aug-2025,24-Jul-2026,12.558491279481968,-38.059701492537314,,,AMARA RAJA ENERGY & MOBILITY LIMITED,0.57
0,SHREECEMEQN,-260.0,SHREECEM,EQ,N,24020.0,12456,24365.0,24365.0,23880.0,24280.0,300213764.64,30950.0,22550.0,320354642309.8,2026-08-24 16:00:28,0,-19.95,-10.17,22-Aug-2025,24-Jul-2026,22.390953150242325,-6.518847006651884,,,SHREE CEMENT LIMITED,-1.07
0,SCIEQN,-1.55,SCI,EQ,N,289.0,1030196,292.0,295.05,287.0,290.55,299663412.48,368.75,195.55,48737422392.05,2026-08-24 16:00:28,0,33.54,5.05,22-Aug-2025,24-Jul-2026,21.627118644067796,-47.78828944004091,,,SHIPPING CORPORATION OF INDIA LIMITED,-0.53
0,CCLEQN,0.6,CCL,EQ,N,1082.9,275284,1083.0,1097.0,1076.6,1082.3,298749208.16,1242.2,815.5,76246345480.09,2026-08-24 16:00:28,0,22.7,-8.51,22-Aug-2025,24-Jul-2026,12.824021896635003,-32.78969957081545,,,CCL PRODUCTS (INDIA) LIMITED,0.06
0,LATENTVIEWEQN,0.5,LATENTVIEW,EQ,N,278.6,1040769,278.1,292.0,277.25,278.1,296348565.06,517.5,248.0,20099485894.87,2026-08-24 16:00:28,0,-33.65,-5.89,22-Aug-2025,24-Jul-2026,46.16425120772947,-12.338709677419354,,,LATENT VIEW ANALYTICS LIMITED,0.18
0,PNGJLEQN,11.25,PNGJL,EQ,N,614.15,479800,608.5,623.4,608.45,602.9,294947454.0,736.4,503.0,15266150417.52,2026-08-24 16:00:28,0,5.48,-5.08,22-Aug-2025,24-Jul-2026,16.601032047800107,-22.09741550695825,,,P N GADGIL JEWELLERS LIMITED,1.87
0,BSOFTEQN,-4.75,BSOFT,EQ,N,299.0,972297,305.0,309.6,298.0,303.75,294460146.45,474.0,270.2,49472219586.25,2026-08-24 16:00:28,0,-20.35,5.88,22-Aug-2025,24-Jul-2026,36.91983122362869,-10.658771280532939,,,BIRLASOFT LIMITED,-1.56
0,THERMAXEQN,8.2,THERMAX,EQ,N,3976.0,73745,3967.8,3999.9,3955.3,3967.8,293555246.6,5277.8,2742.7,153635028564.11,2026-08-24 16:00:28,0,22.0,-11.92,22-Aug-2025,24-Jul-2026,24.665580355451134,-44.9666387136763,,,THERMAX LIMITED,0.21
0,BALKRISINDEQN,9.5,BALKRISIND,EQ,N,2360.3,124133,2352.5,2394.6,2331.1,2350.8,292273631.16,2775.0,1970.0,189097471675.24,2026-08-24 16:00:28,0,-1.49,17.22,22-Aug-2025,24-Jul-2026,14.944144144144143,-19.81218274111675,,,BALKRISHNA INDUSTRIES LIMITED,0.4
0,ATGLEQN,-7.1,ATGL,EQ,N,639.0,451894,649.0,654.85,638.0,646.1,291837664.14,859.85,462.8,176762884296.67,2026-08-24 16:00:28,0,3.44,-2.12,22-Aug-2025,24-Jul-2026,25.684712449845904,-38.072601555747625,,,ADANI TOTAL GAS LIMITED,-1.1
0,ABDLEQN,16.75,ABDL,EQ,N,611.75,480168,607.9,615.3,592.2,595.0,291020221.44,711.7,382.1,32659764823.89,2026-08-24 16:00:28,0,17.17,-1.45,22-Aug-2025,24-Jul-2026,14.043838696079808,-60.10206752159121,,,ALLIED BLENDERS AND DISTILLERS LIMITED,2.82
0,AFFLEEQN,27.4,AFFLE,EQ,N,1746.1,166831,1728.0,1748.2,1705.0,1718.7,288477491.96,2185.9,1251.3,110301196414.25,2026-08-24 16:00:28,0,-10.38,20.81,22-Aug-2025,24-Jul-2026,20.119859096939475,-39.542875409574044,,,AFFLE 3I LIMITED,1.59
0,TRANSRAILLEQN,12.0,TRANSRAILL,EQ,N,472.0,606597,460.85,478.8,460.0,460.0,286077211.17,823.0,450.05,18161067051.17,2026-08-24 16:00:28,0,-39.47,-2.22,22-Aug-2025,24-Jul-2026,42.64884568651276,-4.877235862681924,,,TRANSRAIL LIGHTING LIMITED,2.61
0,MGLEQN,10.8,MGL,EQ,N,1125.0,250960,1115.4,1143.9,1115.4,1114.2,284234786.4,1378.0,900.0,63891763393.74,2026-08-24 16:00:28,0,-15.23,4.46,22-Aug-2025,24-Jul-2026,18.359941944847606,-25.0,,,MAHANAGAR GAS LIMITED,0.97
0,GPILEQN,-0.89,GPIL,EQ,N,244.2,1149287,247.05,250.0,244.1,245.09,283816424.65,320.0,218.02,59804359202.61,2026-08-24 16:00:28,0,2.34,1.69,22-Aug-2025,24-Jul-2026,23.6875,-12.008072653884964,,,GODAWARI POWER AND ISPAT LIMITED,-0.36
0,PIINDEQN,-21.8,PIIND,EQ,N,2475.0,113206,2497.0,2501.0,2470.0,2496.8,280969367.58,3917.8,2457.0,199956123648.65,2026-08-24 16:00:28,0,-35.97,-9.38,22-Aug-2025,24-Jul-2026,36.82679054571443,-0.7326007326007326,,,PI INDUSTRIES LIMITED,-0.87
0,NATCOPHARMEQN,-1.4,NATCOPHARM,EQ,N,881.0,317429,884.0,892.35,877.5,882.4,280937362.16,1226.8,789.0,78931666035.23,2026-08-24 16:00:28,0,-0.16,-4.39,22-Aug-2025,24-Jul-2026,28.1871535702641,-11.660329531051964,,,NATCO PHARMA LIMITED,-0.16
0,JSLLEQN,8.05,JSLL,EQ,N,513.4,538095,509.7,536.0,507.8,505.35,279260543.1,849.5,492.0,23216003637.71,2026-08-24 16:00:28,0,-28.7,-7.46,22-Aug-2025,24-Jul-2026,39.56444967628016,-4.349593495934959,,,JEENA SIKHO LIFECARE LIMITED,1.59
0,THELEELAEQN,-14.3,THELEELA,EQ,N,547.4,494235,560.5,576.0,546.35,561.7,277537664.25,576.0,384.5,44043696507.49,2026-08-24 16:00:28,0,30.13,15.31,22-Aug-2025,24-Jul-2026,4.965277777777778,-42.3667100130039,,,LEELA PALACES HOTELS & RESORTS LIMITED,-2.55
0,LALPATHLABEQN,4.8,LALPATHLAB,EQ,N,1899.0,146775,1890.0,1911.6,1876.0,1894.2,277249168.5,1988.9,1272.6,147766314956.94,2026-08-24 16:00:28,0,12.54,7.95,22-Aug-2025,24-Jul-2026,4.520086479963799,-49.222065063649225,,,DR. LAL PATH LABS LTD.,0.25
0,BEMLEQN,-5.5,BEML,EQ,N,1929.9,142999,1940.0,1954.4,1908.0,1935.4,276141078.93,2275.75,1355.0,73593427931.55,2026-08-24 16:00:28,0,-4.31,12.65,22-Aug-2025,24-Jul-2026,15.197187740305393,-42.428044280442805,,,BEML LIMITED,-0.28
0,GRAVITAEQN,-20.1,GRAVITA,EQ,N,1801.6,150375,1830.0,1839.0,1792.9,1821.7,272223862.5,1913.6,1266.9,56867097807.22,2026-08-24 16:00:28,0,4.3,1.46,22-Aug-2025,24-Jul-2026,5.852842809364549,-42.20538321888073,,,GRAVITA INDIA LIMITED,-1.1
0,BLACKBUCKEQN,-30.75,BLACKBUCK,EQ,N,603.55,439627,634.3,639.05,601.55,634.3,271346576.94,748.0,496.0,63140693725.49,2026-08-24 16:00:28,0,-6.31,11.9,22-Aug-2025,24-Jul-2026,19.31149732620321,-21.683467741935484,,,BLACKBUCK LIMITED,-4.85
0,EMILEQN,-3.72,EMIL,EQ,N,182.99,1468424,188.2,189.85,182.0,186.71,270821438.32,196.74,84.9,24520010631.03,2026-08-24 16:00:28,0,39.25,41.15,22-Aug-2025,24-Jul-2026,6.9889193859916645,-115.5359246171967,,,ELECTRONICS MART INDIA LIMITED,-1.99
0,ABBOTINDIAEQN,220.0,ABBOTINDIA,EQ,N,26450.0,10305,26155.0,26495.0,26030.0,26230.0,270394543.8,32900.0,25150.0,137425387706.93,2026-08-24 16:00:28,0,-17.02,-5.55,22-Aug-2025,24-Jul-2026,19.6048632218845,-5.168986083499006,,,ABBOTT INDIA LIMITED,0.84
0,DIACABSBEN,-3.1,DIACABS,BE,N,353.0,754866,364.0,364.95,350.0,356.1,269373932.1,379.0,115.57,33715506624.46,2026-08-24 16:00:28,0,140.97,19.6,22-Aug-2025,24-Jul-2026,6.860158311345646,-205.44258890715582,,,DIAMOND POWER INFRASTRUCTURE LIMITED,-0.87
0,ATULEQN,-97.5,ATUL,EQ,N,6412.0,41601,6509.5,6565.5,6408.0,6509.5,268682970.57,7180.0,5560.5,101794239036.61,2026-08-24 16:00:28,0,-1.32,0.07,22-Aug-2025,24-Jul-2026,10.696378830083566,-15.313371099721248,,,ATUL LIMITED,-1.5
0,TATACHEMEQN,1.25,TATACHEM,EQ,N,628.0,420729,628.9,637.75,624.05,626.75,264920429.43,1026.65,580.3,98000961601.48,2026-08-24 16:00:28,0,-33.05,-8.37,22-Aug-2025,24-Jul-2026,38.83017581454244,-8.219886265724625,,,TATA CHEMICALS LIMITED,0.2
0,IEXEQN,-0.69,IEX,EQ,N,123.01,2138767,123.7,124.88,122.92,123.7,263966623.14,160.27,114.6,97491341150.4,2026-08-24 16:00:28,0,-14.53,-1.01,22-Aug-2025,24-Jul-2026,23.24826854682723,-7.338568935427574,,,INDIAN ENERGY EXCHANGE LIMITED,-0.56
0,GRANULESEQN,-1.15,GRANULES,EQ,N,857.0,305614,856.5,868.2,846.0,858.15,262788310.18,910.0,454.75,124018748311.56,2026-08-24 16:00:28,0,86.91,2.81,22-Aug-2025,24-Jul-2026,5.824175824175824,-88.45519516217702,,,GRANULES INDIA LIMITED,-0.13
0,LEMONTREEEQN,0.32,LEMONTREE,EQ,N,108.65,2384816,108.5,109.8,108.27,108.33,259849551.36,180.68,99.61,53812947479.16,2026-08-24 16:00:28,0,-35.88,-0.65,22-Aug-2025,24-Jul-2026,39.86606154527341,-9.0753940367433,,,LEMON TREE HOTELS LIMITED,0.3
0,CLEANEQN,7.45,CLEAN,EQ,N,832.95,308460,826.8,848.9,822.0,825.5,258363011.4,1256.8,652.0,39636121480.32,2026-08-24 16:00:28,0,-27.81,15.53,22-Aug-2025,24-Jul-2026,33.72453851050287,-27.753067484662576,,,CLEAN SCIENCE AND TECHNOLOGY LIMITED,0.9
0,FIVESTAREQN,-20.95,FIVESTAR,EQ,N,500.0,510025,521.0,521.25,495.35,520.95,257812537.25,666.0,338.15,96583649489.27,2026-08-24 16:00:28,0,-15.07,-6.58,22-Aug-2025,24-Jul-2026,24.924924924924923,-47.86337424220021,,,FIVE-STAR BUSINESS FINANCE LIMITED,-4.02
0,ZYDUSWELLEQN,22.7,ZYDUSWELL,EQ,N,513.5,506126,490.8,515.0,490.0,490.8,257112008.0,611.85,367.55,49273079510.37,2026-08-24 16:00:28,0,28.48,-8.8,22-Aug-2025,24-Jul-2026,16.074201193102883,-39.70888314515032,,,ZYDUS WELLNESS LIMITED,4.63
0,CARBORUNIVEQN,-47.8,CARBORUNIV,EQ,N,1122.0,225647,1173.3,1174.2,1117.5,1169.8,256987111.83,1306.9,735.2,129229598886.49,2026-08-24 16:00:28,0,21.08,5.42,22-Aug-2025,24-Jul-2026,14.147983778406918,-52.611534276387374,,,CARBORUNDUM UNIVERSAL LIMITED,-4.09
0,SWANCORPEQN,-1.4,SWANCORP,EQ,N,302.45,843589,303.85,307.05,300.1,303.85,256181107.52,506.0,295.65,42076655124.57,2026-08-24 16:00:28,0,-36.37,-2.53,22-Aug-2025,24-Jul-2026,40.22727272727273,-2.300016911889058,,,SWAN CORP LIMITED,-0.46
0,JKTYREEQN,8.45,JKTYRE,EQ,N,383.15,666349,378.45,384.4,377.0,374.7,253925613.43,611.9,318.05,47791696520.59,2026-08-24 16:00:28,0,17.91,-1.91,22-Aug-2025,24-Jul-2026,37.38355940513156,-20.468479798773778,,,JK TYRE & INDUSTRIES LIMITED,2.26
0,BAJAJHFLEQN,-0.65,BAJAJHFL,EQ,N,84.2,3005233,84.85,85.11,83.96,84.85,253371194.23,117.0,72.65,92966005420.05,2026-08-24 16:00:28,0,-25.44,0.01,22-Aug-2025,24-Jul-2026,28.034188034188034,-15.898141775636613,,,BAJAJ HOUSING FINANCE LIMITED,-0.77
0,TBOTEKEQN,8.0,TBOTEK,EQ,N,1704.5,148596,1695.0,1714.0,1671.4,1696.5,252425969.04,1764.8,1004.2,58406517428.9,2026-08-24 16:00:28,0,18.15,19.28,22-Aug-2025,24-Jul-2026,3.416817769718948,-69.73710416251743,,,TBO TEK LIMITED,0.47
0,ICILEQN,-13.55,ICIL,EQ,N,430.0,570655,444.15,452.5,426.65,443.55,250226510.95,463.8,216.9,33986911019.73,2026-08-24 16:00:28,0,71.21,6.58,22-Aug-2025,24-Jul-2026,7.28762397585166,-98.24804057169203,,,INDO COUNT INDUSTRIES LIMITED,-3.05
0,LTTSEQN,-19.1,LTTS,EQ,N,3585.5,68874,3621.8,3667.9,3575.1,3604.6,249640700.4,4726.0,3010.0,98657040223.36,2026-08-24 16:00:28,0,-16.11,4.9,22-Aug-2025,24-Jul-2026,24.13245873889124,-19.119601328903656,,,L&T TECHNOLOGY SERVICES LIMITED,-0.53
0,ALKEMEQN,-50.0,ALKEM,EQ,N,5350.0,46339,5400.0,5400.0,5315.0,5400.0,247838580.82,5933.5,5075.0,312179492182.5,2026-08-24 16:00:28,0,-1.4,-5.03,22-Aug-2025,24-Jul-2026,9.833993427150922,-5.41871921182266,,,ALKEM LABORATORIES LIMITED,-0.93
0,COLPALEQN,-10.0,COLPAL,EQ,N,1879.0,129484,1889.0,1896.8,1873.3,1889.0,243955625.04,2504.0,1782.0,246824067839.91,2026-08-24 16:00:28,0,-18.28,-9.93,22-Aug-2025,24-Jul-2026,24.96006389776358,-5.4433221099887765,,,COLGATE PALMOLIVE (INDIA) LIMITED,-0.53
0,MANYAVAREQN,-12.15,MANYAVAR,EQ,N,532.0,456413,544.15,545.2,521.65,544.15,242944075.77,796.55,329.2,32390562894.57,2026-08-24 16:00:28,0,-31.47,32.24,22-Aug-2025,24-Jul-2026,33.211976649300105,-61.60388821385176,,,VEDANT FASHIONS LIMITED,-2.23
0,NETWORK18EQN,0.64,NETWORK18,EQ,N,30.5,7865189,30.0,31.68,29.93,29.86,242247821.2,58.1,27.38,19894536511.23,2026-08-24 16:00:28,0,-45.56,6.57,22-Aug-2025,24-Jul-2026,47.50430292598967,-11.395178962746531,,,NETWORK18 MEDIA & INVESTMENTS LIMITED,2.14
0,KECEQN,-4.7,KEC,EQ,N,431.25,552048,439.0,441.4,430.0,435.95,240289932.96,937.8,418.0,55783238197.5,2026-08-24 16:00:28,0,-47.71,-8.23,22-Aug-2025,24-Jul-2026,54.014715291106846,-3.1698564593301435,,,KEC INTERNATIONAL LIMITED,-1.08
0,GODREJINDEQN,-50.0,GODREJIND,EQ,N,1180.0,195302,1230.0,1250.0,1171.1,1230.0,236500956.9,1443.0,744.2,50788549392.1,2026-08-24 16:00:28,0,-8.36,-11.42,22-Aug-2025,24-Jul-2026,18.225918225918225,-58.559527008868585,,,GODREJ INDUSTRIES LIMITED,-4.07
0,SMARTWORKSEQN,26.75,SMARTWORKS,EQ,N,550.0,432211,540.0,555.0,523.85,523.25,236363229.57,619.0,361.5,16321880508.3,2026-08-24 16:00:28,0,11.99,13.98,22-Aug-2025,24-Jul-2026,11.147011308562197,-52.14384508990318,,,SMARTWORKS COWORKING SPACES LIMITED,5.11
0,VIPINDEQN,-6.3,VIPIND,EQ,N,302.05,775533,307.0,310.35,299.65,308.35,235893872.61,454.3,278.25,24145435983.36,2026-08-24 16:00:28,0,-29.76,2.25,22-Aug-2025,24-Jul-2026,33.51309707241911,-8.553459119496855,,,VIP INDUSTRIES LIMITED,-2.04
0,AJANTPHARMEQN,-58.8,AJANTPHARM,EQ,N,3581.0,65679,3640.7,3666.9,3556.0,3639.8,235203066.9,3796.0,2329.9,150433690587.14,2026-08-24 16:00:28,0,35.72,6.28,22-Aug-2025,24-Jul-2026,5.663856691253952,-53.69758358727842,,,AJANTA PHARMA LIMITED,-1.62
0,GLAXOEQN,27.8,GLAXO,EQ,N,2930.0,80140,2875.1,2955.9,2865.4,2902.2,234254028.4,3054.9,2088.1,120930590544.22,2026-08-24 16:00:28,0,4.69,16.53,22-Aug-2025,24-Jul-2026,4.0885135356312805,-40.31895024184666,,,GLAXOSMITHKLINE PHARMACEUTICALS LIMITED,0.96
0,ECLERXEQN,6.3,ECLERX,EQ,N,1822.0,126574,1815.7,1869.3,1812.2,1815.7,233180951.5,2497.5,1320.0,74119716879.87,2026-08-24 16:00:28,0,-6.5,-2.12,22-Aug-2025,24-Jul-2026,27.047047047047048,-38.03030303030303,,,ECLERX SERVICES LIMITED,0.35
0,FINPIPEEQN,4.55,FINPIPE,EQ,N,164.99,1408923,161.4,166.5,160.51,160.44,231641030.43,222.5,147.54,46120135134.75,2026-08-24 16:00:28,0,-22.07,0.81,22-Aug-2025,24-Jul-2026,25.847191011235957,-11.827301070896029,,,FINOLEX INDUSTRIES LIMITED,2.84
0,INOXINDIAEQN,-3.6,INOXINDIA,EQ,N,1926.6,117152,1934.0,1949.5,1913.0,1930.2,226949197.44,2119.8,1068.2,43251973308.59,2026-08-24 16:00:28,0,67.24,-3.86,22-Aug-2025,24-Jul-2026,9.11406736484574,-80.35948324283842,,,INOX INDIA LIMITED,-0.19
0,SHAKTIPUMPEQN,-9.35,SHAKTIPUMP,EQ,N,494.2,455929,503.55,506.8,491.8,503.55,226136224.71,915.0,456.35,29919248138.89,2026-08-24 16:00:28,0,-41.67,-10.63,22-Aug-2025,24-Jul-2026,45.98907103825137,-8.294072532047771,,,SHAKTI PUMPS (INDIA) LIMITED,-1.86
0,ASHAPURMINEQN,-2.4,ASHAPURMIN,EQ,N,587.85,380974,590.95,601.95,581.0,590.25,224774660.0,924.9,455.1,29181965223.29,2026-08-24 16:00:28,0,20.26,-15.67,22-Aug-2025,24-Jul-2026,36.44177748945832,-29.169413315754777,,,ASHAPURA MINECHEM LIMITED,-0.41
0,THYROCAREEQN,18.45,THYROCARE,EQ,N,584.0,384945,565.95,587.0,565.95,565.55,223629948.3,662.0,342.55,36192653184.07,2026-08-24 16:00:28,0,37.77,3.5,22-Aug-2025,24-Jul-2026,11.782477341389727,-70.48606042913443,,,THYROCARE TECHNOLOGIES LIMITED,3.26
0,LUMAXTECHEQN,-37.3,LUMAXTECH,EQ,N,1951.5,113246,2007.4,2007.4,1944.5,1988.8,223100282.3,2110.0,1024.6,58514718272.49,2026-08-24 16:00:28,0,70.85,33.14,22-Aug-2025,24-Jul-2026,7.511848341232228,-90.46457154011321,,,LUMAX AUTO TECHNOLOGIES LIMITED,-1.88
0,MAPMYINDIAEQN,-19.4,MAPMYINDIA,EQ,N,964.5,226299,992.7,1008.9,955.1,983.9,221628188.64,1998.0,795.0,16649409416.06,2026-08-24 16:00:28,0,-44.24,-13.66,22-Aug-2025,24-Jul-2026,51.726726726726724,-21.32075471698113,,,C.E. INFO SYSTEMS LIMITED,-1.97
0,CHALETEQN,7.05,CHALET,EQ,N,869.0,253127,861.9,879.95,851.5,861.95,220458429.38,1070.1,691.35,61906888698.68,2026-08-24 16:00:28,0,-14.76,6.7,22-Aug-2025,24-Jul-2026,18.79263620222409,-25.69610182975338,,,CHALET HOTELS LIMITED,0.82
0,KPRMILLEQN,-40.6,KPRMILL,EQ,N,1111.0,194663,1160.0,1160.0,1110.0,1151.6,219429973.49,1334.0,796.1,123226055308.75,2026-08-24 16:00:28,0,8.17,4.66,22-Aug-2025,24-Jul-2026,16.71664167916042,-39.55533224469288,,,K.P.R. MILL LIMITED,-3.53
0,CONCORDBIOEQN,-21.0,CONCORDBIO,EQ,N,1550.3,141913,1571.3,1572.2,1517.6,1571.3,218817073.83,1801.9,987.0,51245744367.31,2026-08-24 16:00:28,0,-12.29,24.17,22-Aug-2025,24-Jul-2026,13.963039014373717,-57.07193515704154,,,CONCORD BIOTECH LIMITED,-1.34
0,STAREQN,8.7,STAR,EQ,N,994.9,220560,989.4,999.0,974.3,986.2,217833878.4,1231.0,768.65,65863307105.6,2026-08-24 16:00:28,0,14.95,-2.46,22-Aug-2025,24-Jul-2026,19.17952883834281,-29.4347232160281,,,STRIDES PHARMA SCIENCE LIMITED,0.88
0,MOILEQN,2.65,MOIL,EQ,N,255.5,850456,253.25,258.7,252.7,252.85,217674213.2,404.9,242.35,18326849134.09,2026-08-24 16:00:28,0,-22.52,-4.97,22-Aug-2025,24-Jul-2026,36.89799950605088,-5.426036723746647,,,MOIL LIMITED,1.05
0,TRITURBINEEQN,5.1,TRITURBINE,EQ,N,579.95,372111,572.55,588.8,572.05,574.85,216527669.79,787.6,428.35,67659816951.53,2026-08-24 16:00:28,0,8.59,-5.21,22-Aug-2025,24-Jul-2026,26.364906043676992,-35.391619003151625,,,TRIVENI TURBINE LIMITED,0.89
0,BORORENEWEQN,-11.55,BORORENEW,EQ,N,537.85,397488,548.0,557.15,535.0,549.4,216479914.56,721.0,374.4,25609080021.76,2026-08-24 16:00:28,0,-5.12,-7.37,22-Aug-2025,24-Jul-2026,25.40221914008322,-43.6565170940171,,,BOROSIL RENEWABLES LIMITED,-2.1
0,APTUSEQN,-2.65,APTUS,EQ,N,255.1,847181,258.0,258.9,252.05,257.75,215582149.07,358.75,193.03,90114276134.14,2026-08-24 16:00:28,0,-26.26,-7.96,22-Aug-2025,24-Jul-2026,28.89198606271777,-32.15562347821582,,,APTUS VALUE HOUSING FINANCE INDIA LIMITED,-1.03
0,HERITGFOODEQN,7.05,HERITGFOOD,EQ,N,387.9,548860,382.0,390.0,378.55,380.85,212194764.6,540.0,292.55,16441407813.52,2026-08-24 16:00:28,0,-17.8,15.69,22-Aug-2025,24-Jul-2026,28.166666666666668,-32.59271919330029,,,HERITAGE FOODS LIMITED,1.85
0,AHLUCONTEQN,-46.5,AHLUCONT,EQ,N,649.7,317298,688.0,690.0,645.3,696.2,211031726.82,1077.95,645.15,19429140437.37,2026-08-24 16:00:28,0,-30.29,-21.51,22-Aug-2025,24-Jul-2026,39.728187763810936,-0.7052623420909866,,,AHLUWALIA CONTRACTS (INDIA) LIMITED,-6.68
0,VMARTEQN,15.15,VMART,EQ,N,854.0,245881,845.0,868.9,830.0,838.85,210043844.25,888.0,457.9,37893648410.7,2026-08-24 16:00:28,0,14.32,17.85,22-Aug-2025,24-Jul-2026,3.828828828828829,-86.5036034068574,,,V-MART RETAIL LIMITED,1.81
0,IXIGOEQN,-2.9,IXIGO,EQ,N,167.4,1244904,170.0,172.19,167.1,170.3,209666731.68,339.15,151.27,36675528429.47,2026-08-24 16:00:28,0,-40.36,-9.32,22-Aug-2025,24-Jul-2026,50.641309155241046,-10.663052819461889,,,LE TRAVENUES TECHNOLOGY LIMITED,-1.7
0,JAINRECEQN,-2.75,JAINREC,EQ,N,293.1,709495,295.6,300.8,292.3,295.85,209421639.15,593.95,247.57,20666987904.85,2026-08-24 16:00:28,0,0.0,-14.05,,24-Jul-2026,50.6524118191767,-18.39075816940663,,,JAIN RESOURCE RECYCLING LIMITED,-0.93
0,LOTUSDEVBEN,8.24,LOTUSDEV,BE,N,173.05,1211782,167.0,173.05,164.51,164.81,206148353.84,207.5,102.2,14549033800.53,2026-08-24 16:00:28,0,-9.78,-4.07,22-Aug-2025,24-Jul-2026,16.602409638554217,-69.32485322896282,,,SRI LOTUS DEVELOPERS AND REALTY LIMITED,5.0
0,AFCONSEQN,0.1,AFCONS,EQ,N,279.0,718513,278.0,290.0,277.95,278.9,204294801.29,479.4,259.1,43487954445.49,2026-08-24 16:00:28,0,-35.26,-2.43,22-Aug-2025,24-Jul-2026,41.80225281602002,-7.6804322655345425,,,AFCONS INFRASTRUCTURE LIMITED,0.04
0,LINDEINDIAEQN,-142.0,LINDEINDIA,EQ,N,6530.0,30994,6684.5,6703.0,6498.0,6672.0,203793608.44,8049.0,5673.0,137077950791.36,2026-08-24 16:00:28,0,3.46,-2.99,22-Aug-2025,24-Jul-2026,18.87190955398186,-15.106645513837476,,,LINDE INDIA LIMITED,-2.13
0,VARROCEQN,0.05,VARROC,EQ,N,815.0,246877,814.95,845.0,806.8,814.95,203463679.55,874.85,462.0,31124999121.53,2026-08-24 16:00:28,0,47.73,26.8,22-Aug-2025,24-Jul-2026,6.841172772475281,-76.4069264069264,,,VARROC ENGINEERING LIMITED,0.01
0,DCMSHRIRAMEQN,-3.1,DCMSHRIRAM,EQ,N,1079.0,184496,1076.9,1119.5,1071.6,1082.1,202438236.0,1414.4,945.1,42642908628.7,2026-08-24 16:00:28,0,-14.72,7.28,22-Aug-2025,24-Jul-2026,23.71323529411765,-14.167812929848694,,,DCM SHRIRAM LIMITED,-0.29
0,VIJAYAEQN,-24.4,VIJAYA,EQ,N,1480.0,136075,1508.0,1508.0,1476.0,1504.4,202263240.75,1573.0,848.0,72381936729.76,2026-08-24 16:00:28,0,44.94,12.64,22-Aug-2025,24-Jul-2026,5.912269548633185,-74.52830188679245,,,VIJAYA DIAGNOSTIC CENTRE LIMITED,-1.62
0,PTCEQN,0.42,PTC,EQ,N,156.98,1288256,156.56,157.65,155.6,156.56,201457473.28,229.51,149.59,37332083967.19,2026-08-24 16:00:28,0,-16.39,-4.51,22-Aug-2025,24-Jul-2026,31.602108840573397,-4.940169797446353,,,PTC INDIA LIMITED,0.27
0,FIRSTCRYEQN,-1.56,FIRSTCRY,EQ,N,194.77,1011865,197.99,198.5,193.1,196.33,198234472.15,438.7,193.1,43844031586.57,2026-08-24 16:00:28,0,-49.25,-6.5,22-Aug-2025,24-Jul-2026,55.602917711420105,-0.8648368720870016,,,BRAINBEES SOLUTIONS LIMITED,-0.79
0,CASTROLINDEQN,-0.77,CASTROLIND,EQ,N,187.0,1054328,187.6,187.98,186.55,187.77,197433461.28,211.4,170.1,89220144678.35,2026-08-24 16:00:28,0,-9.33,1.2,22-Aug-2025,24-Jul-2026,11.542100283822139,-9.93533215755438,,,CASTROL INDIA LIMITED,-0.41
0,JSLEQN,1.6,JSL,EQ,N,702.95,278881,706.75,710.85,699.75,701.35,196354534.48,884.0,652.25,219546375845.36,2026-08-24 16:00:28,0,-9.59,-1.58,22-Aug-2025,24-Jul-2026,20.48076923076923,-7.773093139133768,,,JINDAL STAINLESS LIMITED,0.23
0,FEDFINAEQN,2.06,FEDFINA,EQ,N,158.9,1226793,158.0,162.5,157.2,156.84,196090593.12,178.48,119.07,18862064035.49,2026-08-24 16:00:28,0,11.88,5.56,22-Aug-2025,24-Jul-2026,10.970416853428956,-33.45091122868901,,,FEDBANK FINANCIAL SERVICES LIMITED,1.31
0,DBREALTYEQN,-0.08,DBREALTY,EQ,N,106.0,1783408,108.7,111.38,105.25,106.08,194302301.6,184.8,83.5,25864868173.6,2026-08-24 16:00:28,0,-39.84,-5.78,22-Aug-2025,24-Jul-2026,42.64069264069264,-26.94610778443114,,,VALOR ESTATE LIMITED,-0.08
0,AEGISVOPAKEQN,-6.0,AEGISVOPAK,EQ,N,270.3,701538,278.9,282.8,269.05,276.3,192972057.66,311.49,158.0,38895378199.24,2026-08-24 16:00:28,0,6.59,-7.63,22-Aug-2025,24-Jul-2026,13.223538476355582,-71.07594936708861,,,AEGIS VOPAK TERMINALS LIMITED,-2.17
0,PRIVISCLEQN,-20.7,PRIVISCL,EQ,N,3459.0,55514,3497.0,3510.0,3440.0,3479.7,191704275.64,3785.3,2193.9,46081959813.42,2026-08-24 16:00:28,0,42.52,-3.79,22-Aug-2025,24-Jul-2026,8.620188624415501,-57.66443320114864,,,PRIVI SPECIALITY CHEMICALS LIMITED,-0.59
0,BBOXEQN,-16.65,BBOX,EQ,N,759.0,247568,779.0,785.0,757.1,775.65,190483770.56,1103.0,435.05,32302943976.03,2026-08-24 16:00:28,0,58.32,-2.5,22-Aug-2025,24-Jul-2026,31.187669990933816,-74.46270543615677,,,BLACK BOX LIMITED,-2.15
0,PRICOLLTDEQN,-8.8,PRICOLLTD,EQ,N,788.4,239901,801.8,804.85,785.75,797.2,190354246.47,823.0,440.85,57950400877.34,2026-08-24 16:00:28,0,75.94,25.4,22-Aug-2025,24-Jul-2026,4.204131227217497,-78.83633889077917,,,PRICOL LIMITED,-1.1
0,GNFCEQN,11.55,GNFC,EQ,N,594.35,320064,582.0,595.6,581.0,582.8,189471486.72,619.0,365.0,49442944452.95,2026-08-24 16:00:28,0,11.81,18.15,22-Aug-2025,24-Jul-2026,3.9822294022617126,-62.83561643835616,,,GUJARAT NARMADA VALLEY FERTILIZERS AND CHEMICALS LIMITED,1.98
0,SMLMAHEQN,-128.0,SMLMAH,EQ,N,5196.0,35983,5356.5,5356.5,5181.5,5324.0,189450854.83,5987.9,2719.0,29402395302.29,2026-08-24 16:00:28,0,14.49,35.16,22-Aug-2025,24-Jul-2026,13.225003757577781,-91.09966899595439,,,SML MAHINDRA LIMITED,-2.4
0,WHIRLPOOLEQN,2.4,WHIRLPOOL,EQ,N,770.9,245285,771.9,776.85,762.7,768.5,188592277.95,1437.0,751.0,58588816141.24,2026-08-24 16:00:28,0,-40.75,-0.07,22-Aug-2025,24-Jul-2026,46.35351426583159,-2.6498002663115847,,,WHIRLPOOL OF INDIA LIMITED,0.31
0,PICCADILEQN,-25.15,PICCADIL,EQ,N,684.65,269173,715.0,715.0,681.35,709.8,187360558.38,809.7,515.0,17360396019.12,2026-08-24 16:00:28,0,14.89,-7.13,22-Aug-2025,24-Jul-2026,15.443991601827838,-32.94174757281554,,,PICCADILY AGRO INDUSTRIES LIMITED,-3.54
0,AVANTIFEEDEQN,6.0,AVANTIFEED,EQ,N,853.5,216735,846.95,864.0,845.05,847.5,185878438.05,1593.8,614.25,33812609627.55,2026-08-24 16:00:28,0,32.79,-12.65,22-Aug-2025,24-Jul-2026,46.44873886309449,-38.94993894993895,,,AVANTI FEEDS LIMITED,0.71
0,LXCHEMEQN,-0.46,LXCHEM,EQ,N,172.75,1057582,173.54,179.39,172.51,173.21,185774854.12,241.0,107.6,14582581498.68,2026-08-24 16:00:28,0,-18.9,-5.23,22-Aug-2025,24-Jul-2026,28.319502074688796,-60.548327137546465,,,LAXMI ORGANIC INDUSTRIES LIMITED,-0.27
0,SANDUMAEQN,6.75,SANDUMA,EQ,N,205.68,906743,198.15,208.26,198.15,198.93,185075313.73,273.0,141.37,25696483605.3,2026-08-24 16:00:28,0,37.28,5.46,22-Aug-2025,24-Jul-2026,24.65934065934066,-45.490556695197,,,SANDUR MANGANESE & IRON ORES LIMITED,3.39
0,CEMPROEQN,-16.1,CEMPRO,EQ,N,1260.3,144159,1276.4,1285.3,1253.4,1276.4,182299146.63,1649.2,503.3,69870569071.2,2026-08-24 16:00:28,0,65.14,-12.54,22-Aug-2025,24-Jul-2026,23.581130244967255,-150.4073117424995,,,CEMINDIA PROJECTS LIMITED,-1.26
0,SHYAMMETLEQN,12.5,SHYAMMETL,EQ,N,997.4,181837,985.0,1005.9,984.2,984.9,181222390.94,1090.0,746.0,69909444703.41,2026-08-24 16:00:28,0,6.11,-2.92,22-Aug-2025,24-Jul-2026,8.495412844036696,-33.69973190348526,,,SHYAM METALICS AND ENERGY LIMITED,1.27
0,IKSEQN,-1.2,IKS,EQ,N,1785.0,100047,1787.9,1820.4,1776.1,1786.2,179417286.51,1933.0,1262.0,91384044863.42,2026-08-24 16:00:28,0,14.82,1.43,22-Aug-2025,24-Jul-2026,7.656492498706673,-41.44215530903328,,,INVENTURUS KNOWLEDGE SOLUTIONS LIMITED,-0.07
0,CENTRALBKEQN,-0.15,CENTRALBK,EQ,N,31.14,5616881,31.29,31.54,31.1,31.29,175920712.92,40.92,29.32,53017139988.06,2026-08-24 16:00:28,0,-13.07,0.35,22-Aug-2025,24-Jul-2026,23.900293255131963,-6.207366984993179,,,CENTRAL BANK OF INDIA,-0.48
0,INTELLECTEQN,-7.05,INTELLECT,EQ,N,684.2,252992,692.0,703.05,684.0,691.25,175887628.16,1244.6,595.2,61616884940.21,2026-08-24 16:00:28,0,-29.31,-6.56,22-Aug-2025,24-Jul-2026,45.026514542825005,-14.952956989247312,,,INTELLECT DESIGN ARENA LIMITED,-1.02
0,MIDHANIEQN,-6.8,MIDHANI,EQ,N,417.15,411897,424.45,428.55,416.8,423.95,173779344.3,456.6,266.65,20318318315.6,2026-08-24 16:00:28,0,6.62,6.23,22-Aug-2025,24-Jul-2026,8.639947437582128,-56.441027564222765,,,MISHRA DHATU NIGAM LIMITED,-1.6
0,RAILTELEQN,-4.75,RAILTEL,EQ,N,282.5,609772,287.1,287.5,281.0,287.25,172717919.0,412.9,245.0,24618385261.99,2026-08-24 16:00:28,0,-20.31,-0.79,22-Aug-2025,24-Jul-2026,31.581496730443206,-15.306122448979592,,,RAILTEL CORPORATION OF INDIA LIMITED,-1.65
0,ELGIEQUIPEQN,-15.25,ELGIEQUIP,EQ,N,619.1,274690,634.35,636.4,619.1,634.35,171942205.5,644.0,408.25,132648541987.54,2026-08-24 16:00:28,0,23.92,7.24,22-Aug-2025,24-Jul-2026,3.8664596273291925,-51.64727495407226,,,ELGI EQUIPMENTS LIMITED,-2.4
0,GILLETTEEQN,-11.0,GILLETTE,EQ,N,7427.5,23028,7460.5,7480.0,7383.0,7498.5,171118995.48,10740.0,7206.0,60237299100.59,2026-08-24 16:00:28,0,-28.55,-5.12,22-Aug-2025,24-Jul-2026,30.84264432029795,-3.073827366083819,,,GILLETTE INDIA LIMITED,-0.15
0,ELLENEQN,-7.5,ELLEN,EQ,N,321.0,519642,329.8,336.4,320.35,328.5,170354236.86,559.8,175.0,9885328262.89,2026-08-24 16:00:28,0,-39.14,14.15,22-Aug-2025,24-Jul-2026,42.658092175777064,-83.42857142857143,,,ELLENBARRIE INDUSTRIAL GASES LIMITED,-2.28
0,SONATSOFTWEQN,2.65,SONATSOFTW,EQ,N,306.65,553687,304.65,310.45,303.6,304.0,170197846.93,421.5,207.15,59388841310.21,2026-08-24 16:00:28,0,-17.74,6.44,22-Aug-2025,24-Jul-2026,27.247924080664294,-48.032826454260196,,,SONATA SOFTWARE LIMITED,0.87
0,SAMHIEQN,-0.06,SAMHI,EQ,N,159.5,1051413,159.1,161.37,158.4,159.56,167826543.06,222.0,127.0,28617419672.56,2026-08-24 16:00:28,0,-23.67,-10.22,22-Aug-2025,24-Jul-2026,28.153153153153152,-25.590551181102363,,,SAMHI HOTELS LIMITED,-0.04
0,HUDCOEQN,1.31,HUDCO,EQ,N,187.4,892018,186.1,188.4,186.09,186.09,167146332.84,246.85,159.0,93784137971.22,2026-08-24 16:00:28,0,-11.54,-4.16,22-Aug-2025,24-Jul-2026,24.083451488758357,-17.861635220125788,,,HOUSING & URBAN DEVELOPMENT CORPORATION LIMITED,0.7
0,POLYMEDEQN,13.6,POLYMED,EQ,N,1733.0,95827,1705.0,1769.9,1705.0,1719.4,166863555.1,2144.9,1182.0,66008185896.76,2026-08-24 16:00:28,0,-16.3,4.15,22-Aug-2025,24-Jul-2026,19.20369247983589,-46.61590524534687,,,POLY MEDICURE LIMITED,0.79
0,JWLEQN,0.5,JWL,EQ,N,247.5,667692,248.2,251.9,247.1,247.0,166569123.24,372.85,235.65,33520998393.72,2026-08-24 16:00:28,0,-27.4,0.39,22-Aug-2025,24-Jul-2026,33.61941799651334,-5.028644175684278,,,JUPITER WAGONS LIMITED,0.2
0,DYNAMATECHEQN,48.0,DYNAMATECH,EQ,N,11636.0,14148,11611.0,11879.0,11500.0,11588.0,165480950.16,12875.0,6320.0,45533626729.92,2026-08-24 16:00:28,0,78.11,11.26,22-Aug-2025,24-Jul-2026,9.623300970873787,-84.11392405063292,,,DYNAMATIC TECHNOLOGIES LIMITED,0.41
0,MASTEKEQN,-25.2,MASTEK,EQ,N,1680.0,96723,1706.5,1741.9,1677.1,1705.2,164961076.5,2625.0,1334.2,26668332506.21,2026-08-24 16:00:28,0,-32.54,-0.64,22-Aug-2025,24-Jul-2026,36.0,-25.918153200419727,,,MASTEK LIMITED,-1.48
0,CANHLIFEEQN,0.76,CANHLIFE,EQ,N,156.0,1055564,155.24,157.5,153.23,155.24,163865755.36,166.69,106.0,36657566400.0,2026-08-24 16:00:28,0,0.0,5.9,,24-Jul-2026,6.413102165696802,-47.16981132075472,,,CANARA HSBC LIFE INSURANCE COMPANY LIMITED,0.49
0,CSBBANKEQN,9.1,CSBBANK,EQ,N,332.0,496826,324.9,334.0,321.6,322.9,163644547.88,574.4,312.95,32992997466.74,2026-08-24 16:00:28,0,-17.62,-2.61,22-Aug-2025,24-Jul-2026,42.200557103064064,-6.087234382489216,,,CSB BANK LIMITED,2.82
0,UTLSOLAREQN,-17.4,UTLSOLAR,EQ,N,460.0,350481,476.0,480.0,457.0,477.4,163327650.81,494.25,172.0,16953118296.1,2026-08-24 16:00:28,0,0.0,19.85,,24-Jul-2026,6.929691451694486,-167.4418604651163,,,FUJIYAMA POWER SYSTEMS LIMITED,-3.64
0,AGARWALEYEEQN,-4.15,AGARWALEYE,EQ,N,496.05,324275,499.05,502.95,495.2,500.2,161725670.75,568.0,401.0,38431403609.29,2026-08-24 16:00:28,0,8.87,3.58,22-Aug-2025,24-Jul-2026,12.66725352112676,-23.703241895261847,,,DR. AGARWAL'S HEALTH CARE LIMITED,-0.83
0,TECHNOEEQN,6.55,TECHNOE,EQ,N,994.0,160019,997.0,1018.8,989.75,987.45,160825495.76,1575.0,870.0,49704717856.9,2026-08-24 16:00:28,0,-35.66,0.22,22-Aug-2025,24-Jul-2026,36.888888888888886,-14.25287356321839,,,TECHNO ELECTRIC & ENGINEERING COMPANY LIMITED,0.66
0,JAMNAAUTOEQN,-2.41,JAMNAAUTO,EQ,N,119.0,1339264,121.2,122.38,117.97,121.41,160510790.4,152.6,89.74,23148638106.77,2026-08-24 16:00:28,0,16.45,-10.3,22-Aug-2025,24-Jul-2026,22.01834862385321,-32.605304212168484,,,JAMNA AUTO INDUSTRIES LIMITED,-1.99
0,SIGNATUREEQN,0.7,SIGNATURE,EQ,N,796.0,200972,799.6,806.7,790.5,795.3,160345510.2,1158.0,705.2,31137728625.32,2026-08-24 16:00:28,0,-29.05,3.6,22-Aug-2025,24-Jul-2026,31.260794473229705,-12.875779920589904,,,SIGNATUREGLOBAL (INDIA) LIMITED,0.09
0,SHARDACROPEQN,21.1,SHARDACROP,EQ,N,782.0,204189,768.5,787.2,764.0,760.9,159512446.8,1297.0,755.55,17763690092.72,2026-08-24 16:00:28,0,-18.64,-10.42,22-Aug-2025,24-Jul-2026,39.707016191210485,-3.5007610350076104,,,SHARDA CROPCHEM LIMITED,2.77
0,ABFRLEQN,-0.35,ABFRL,EQ,N,54.0,2911990,54.59,55.28,53.8,54.35,158761694.8,94.95,53.51,31693950359.2,2026-08-24 16:00:28,0,-33.54,-4.0,22-Aug-2025,24-Jul-2026,43.127962085308056,-0.915716688469445,,,ADITYA BIRLA FASHION AND RETAIL LIMITED,-0.64
0,ELECONEQN,-14.55,ELECON,EQ,N,437.0,352599,451.55,459.3,436.0,451.55,157615278.99,634.9,352.0,38303415794.32,2026-08-24 16:00:28,0,-21.42,3.64,22-Aug-2025,24-Jul-2026,31.17026303354859,-24.147727272727273,,,ELECON ENGINEERING COMPANY LIMITED,-3.22
0,SUDEEPPHRMEQN,11.2,SUDEEPPHRM,EQ,N,1123.0,139908,1123.9,1141.0,1106.0,1111.8,157239803.04,1180.0,524.05,27995271460.98,2026-08-24 16:00:28,0,0.0,36.1,,24-Jul-2026,4.830508474576271,-114.29252933880355,,,SUDEEP PHARMA LIMITED,1.01
0,CHAMBLFERTEQN,1.3,CHAMBLFERT,EQ,N,432.45,361457,431.6,434.85,430.3,431.15,156142194.86,580.7,399.75,64151500115.99,2026-08-24 16:00:28,0,-22.99,0.34,22-Aug-2025,24-Jul-2026,25.529533321852934,-8.180112570356473,,,CHAMBAL FERTILIZERS & CHEMICALS LIMITED,0.3
0,GREAVESCOTEQN,0.19,GREAVESCOT,EQ,N,192.67,799860,194.1,197.9,192.0,192.48,156044687.4,271.9,119.99,19489303095.21,2026-08-24 16:00:28,0,-7.62,-21.78,22-Aug-2025,24-Jul-2026,29.139389481426996,-60.571714309525795,,,GREAVES COTTON LIMITED,0.1
0,IGILEQN,3.95,IGIL,EQ,N,342.0,459825,338.9,345.7,335.05,340.6,155903666.25,392.0,287.0,34652272320.4,2026-08-24 16:00:28,0,-2.51,1.14,22-Aug-2025,24-Jul-2026,12.755102040816327,-19.16376306620209,,,INTERNATIONAL GEMOLOGICAL INSTITUTE LIMITED,1.17
0,HOMEFIRSTEQN,-8.7,HOMEFIRST,EQ,N,1185.0,131185,1187.9,1204.0,1176.0,1193.7,155791370.45,1375.0,893.7,114001357736.03,2026-08-24 16:00:28,0,-9.36,0.94,22-Aug-2025,24-Jul-2026,13.818181818181818,-32.59483048002686,,,HOME FIRST FINANCE COMPANY INDIA LIMITED,-0.73
0,J&KBANKEQN,-2.76,J&KBANK,EQ,N,146.25,1056049,149.0,149.45,146.0,149.01,155777787.99,201.75,97.35,65041302259.23,2026-08-24 16:00:28,0,42.24,-15.25,22-Aug-2025,24-Jul-2026,27.509293680297397,-50.23112480739599,,,THE JAMMU & KASHMIR BANK LIMITED,-1.85
0,KSCLEQN,5.4,KSCL,EQ,N,765.5,199990,757.45,776.85,757.45,760.1,154112294.0,1225.0,705.1,15234731211.04,2026-08-24 16:00:28,0,-34.29,-8.38,22-Aug-2025,24-Jul-2026,37.51020408163265,-8.566160828251311,,,KAVERI SEED COMPANY LIMITED,0.71
0,IMFAEQN,6.2,IMFA,EQ,N,1390.0,110568,1383.8,1415.0,1374.2,1383.8,154005744.48,1679.9,828.4,20706752831.4,2026-08-24 16:00:28,0,60.55,3.72,22-Aug-2025,24-Jul-2026,17.25697958211798,-67.79333655239014,,,INDIAN METALS & FERRO ALLOYS LIMITED,0.45
0,V2RETAILEQN,-1.43,V2RETAIL,EQ,N,218.3,700897,219.73,222.24,217.5,219.73,153881936.35,259.25,158.56,38104461747.75,2026-08-24 16:00:28,0,26.86,-0.45,22-Aug-2025,24-Jul-2026,15.79556412729026,-37.6765893037336,,,V2 RETAIL LIMITED,-0.65
0,CHOLAHLDNGEQN,-16.5,CHOLAHLDNG,EQ,N,1545.3,97997,1569.9,1570.1,1540.0,1561.8,151994326.97,2064.0,1305.0,152815871389.72,2026-08-24 16:00:28,0,-17.04,1.89,22-Aug-2025,24-Jul-2026,25.13081395348837,-18.413793103448278,,,CHOLAMANDALAM FINANCIAL HOLDINGS LIMITED,-1.06
0,ASKAUTOLTDEQN,-6.35,ASKAUTOLTD,EQ,N,614.8,243400,621.95,634.6,612.3,621.15,151594388.0,687.7,375.3,30361419255.24,2026-08-24 16:00:28,0,20.13,20.71,22-Aug-2025,24-Jul-2026,10.600552566526101,-63.8156141753264,,,ASK AUTOMOTIVE LIMITED,-1.02
0,WEBELSOLAREQN,-1.85,WEBELSOLAR,EQ,N,80.95,1846037,82.99,83.99,80.5,82.8,151485796.22,141.5,50.4,24699964209.86,2026-08-24 16:00:28,0,-38.92,-18.86,22-Aug-2025,24-Jul-2026,42.791519434628974,-60.61507936507937,,,WEBSOL ENERGY SYSTEM LIMITED,-2.23
0,SURYAROSNIEQN,-0.31,SURYAROSNI,EQ,N,219.49,683271,220.89,224.1,218.38,219.8,150715917.18,314.5,187.35,17193938878.53,2026-08-24 16:00:28,0,-25.92,-7.76,22-Aug-2025,24-Jul-2026,30.20985691573927,-17.155057379236723,,,SURYA ROSHNI LIMITED,-0.14
0,RAINBOWEQN,26.1,RAINBOW,EQ,N,1459.3,102157,1433.1,1471.0,1433.0,1433.2,148942862.86,1610.0,1084.0,72559683543.68,2026-08-24 16:00:28,0,-7.49,0.1,22-Aug-2025,24-Jul-2026,9.360248447204969,-34.62177121771218,,,RAINBOW CHILDRENS MEDICARE LIMITED,1.82
0,GODREJAGROEQN,-3.55,GODREJAGRO,EQ,N,571.0,259836,574.55,579.3,566.6,574.55,148748314.92,769.7,506.1,27205550731.64,2026-08-24 16:00:28,0,-23.46,-0.45,22-Aug-2025,24-Jul-2026,25.815252695855527,-12.823552657577554,,,GODREJ AGROVET LIMITED,-0.62
0,HDBFSEQN,-9.85,HDBFS,EQ,N,686.0,215797,693.3,698.15,684.0,695.85,148710028.64,811.8,555.3,145203112483.01,2026-08-24 16:00:28,0,-13.74,-0.8,22-Aug-2025,24-Jul-2026,15.496427691549643,-23.53682694039258,,,HDB FINANCIAL SERVICES LIMITED,-1.42
0,RTNPOWEREQN,-0.03,RTNPOWER,EQ,N,7.86,18769954,7.91,8.1,7.81,7.89,148470336.14,12.9,7.52,21035715307.54,2026-08-24 16:00:28,0,-35.78,-8.92,22-Aug-2025,24-Jul-2026,39.06976744186046,-4.5212765957446805,,,RATTANINDIA POWER LIMITED,-0.38
0,GSFCEQN,1.02,GSFC,EQ,N,159.25,923884,158.9,161.65,158.9,158.23,147987739.12,220.59,138.83,35399602027.46,2026-08-24 16:00:28,0,-24.23,3.03,22-Aug-2025,24-Jul-2026,27.807244208712998,-14.708636461859829,,,GUJARAT STATE FERTILIZERS & CHEMICALS LIMITED,0.64
0,IRBEQN,0.0,IRB,EQ,N,18.95,7740780,18.95,19.08,18.87,18.95,146455557.6,23.95,18.87,74122630441.2,2026-08-24 16:00:28,0,-13.43,-3.37,22-Aug-2025,24-Jul-2026,20.876826722338205,-0.4239533651298357,,,IRB INFRASTRUCTURE DEVELOPERS LIMITED,0.0
0,INDGNEQN,-1.05,INDGN,EQ,N,566.75,258087,571.75,576.75,563.0,567.8,146345652.48,596.8,414.0,58445450153.35,2026-08-24 16:00:28,0,-1.0,15.04,22-Aug-2025,24-Jul-2026,5.035187667560321,-36.89613526570049,,,INDEGENE LIMITED,-0.18
0,USHAMARTEQN,8.45,USHAMART,EQ,N,489.75,298719,481.3,491.5,479.0,481.3,145595640.6,527.5,363.5,88975710213.72,2026-08-24 16:00:28,0,29.91,-1.2,22-Aug-2025,24-Jul-2026,7.156398104265403,-34.73177441540578,,,USHA MARTIN LIMITED,1.76
0,CEATLTDEQN,6.7,CEATLTD,EQ,N,3570.1,40420,3550.0,3633.8,3550.0,3563.4,144989369.4,4438.0,3000.5,74469943631.16,2026-08-24 16:00:28,0,12.11,7.26,22-Aug-2025,24-Jul-2026,19.55610635421361,-18.983502749541742,,,CEAT LIMITED,0.19
0,CANFINHOMEEQN,-20.5,CANFINHOME,EQ,N,809.95,177854,831.3,831.3,808.0,830.45,144977688.1,971.5,708.6,68064952411.74,2026-08-24 16:00:28,0,5.22,-0.49,22-Aug-2025,24-Jul-2026,16.62892434379825,-14.302850691504375,,,CAN FIN HOMES LIMITED,-2.47
0,SUNTECKEQN,11.25,SUNTECK,EQ,N,307.6,469635,296.4,310.0,295.35,296.35,144224908.5,473.0,270.75,14688334105.95,2026-08-24 16:00:28,0,-21.03,0.44,22-Aug-2025,24-Jul-2026,34.96828752642706,-13.610341643582641,,,SUNTECK REALTY LIMITED,3.8
0,CAMPUSEQN,0.75,CAMPUS,EQ,N,228.9,624219,229.0,232.89,227.42,228.15,143857510.74,297.0,215.2,19517246474.64,2026-08-24 16:00:28,0,-14.17,5.7,22-Aug-2025,24-Jul-2026,22.92929292929293,-6.366171003717472,,,CAMPUS ACTIVEWEAR LIMITED,0.33
0,AXISCADESEQN,-38.5,AXISCADES,EQ,N,1559.0,90492,1624.0,1624.0,1548.0,1597.5,142712218.44,2211.0,1063.3,27814734852.34,2026-08-24 16:00:28,0,28.24,-3.05,22-Aug-2025,24-Jul-2026,29.488919041157846,-46.61901627010251,,,AXISCADES TECHNOLOGIES LIMITED,-2.41
0,GICREEQN,1.25,GICRE,EQ,N,357.0,399535,356.5,357.7,355.0,355.75,142482171.7,417.95,346.7,141398183808.0,2026-08-24 16:00:28,0,-6.25,-0.14,22-Aug-2025,24-Jul-2026,14.583084100969016,-2.97086818575137,,,GENERAL INSURANCE CORPORATION OF INDIA,0.35
0,SWSOLAREQN,-0.37,SWSOLAR,EQ,N,191.8,736726,194.1,196.6,190.99,192.17,142180750.74,286.5,148.0,24309021933.96,2026-08-24 16:00:28,0,-31.17,-7.76,22-Aug-2025,24-Jul-2026,33.05410122164049,-29.594594594594593,,,STERLING AND WILSON RENEWABLE ENERGY LIMITED,-0.19
0,MINDACORPEQN,-6.85,MINDACORP,EQ,N,721.0,194129,733.85,738.0,717.0,727.85,140597928.25,769.0,468.5,57783282915.78,2026-08-24 16:00:28,0,41.97,6.59,22-Aug-2025,24-Jul-2026,6.24187256176853,-53.89541088580577,,,MINDA CORPORATION LIMITED,-0.94
0,ZFCVINDIAEQN,-21.0,ZFCVINDIA,EQ,N,2641.0,52892,2670.0,2673.9,2627.6,2662.0,140291798.64,3044.0,2050.33,119384969967.31,2026-08-24 16:00:28,0,8.76,13.81,22-Aug-2025,24-Jul-2026,13.23915900131406,-28.80853326049953,,,ZF COMMERCIAL VEHICLE CONTROL SYSTEMS INDIA LIMITED,-0.79
0,MEDPLUSEQN,-13.45,MEDPLUS,EQ,N,676.1,206515,685.1,689.35,667.0,689.55,139271650.85,1022.2,648.0,48524915625.88,2026-08-24 16:00:28,0,-17.67,-6.17,22-Aug-2025,24-Jul-2026,33.85834474662493,-4.33641975308642,,,MEDPLUS HEALTH SERVICES LIMITED,-1.95
0,PARKHOSPSEQN,6.45,PARKHOSPS,EQ,N,281.0,496651,275.9,281.45,273.05,274.55,138833820.54,305.0,138.1,15592248935.27,2026-08-24 16:00:28,0,0.0,0.27,,24-Jul-2026,7.868852459016393,-103.47574221578566,,,PARK MEDI WORLD LIMITED,2.35
0,FSLEQN,-3.65,FSL,EQ,N,272.4,503988,276.1,278.7,271.2,276.05,138682377.96,381.4,202.0,86068800672.51,2026-08-24 16:00:28,0,-26.01,7.42,22-Aug-2025,24-Jul-2026,28.578919769271106,-34.851485148514854,,,FIRSTSOURCE SOLUTIONS LIMITED,-1.32
0,WAKEFITEQN,-3.7,WAKEFIT,EQ,N,137.66,976876,141.49,144.69,137.0,141.36,137085009.08,224.0,111.4,13584633996.98,2026-08-24 16:00:28,0,0.0,6.14,,24-Jul-2026,38.544642857142854,-23.572710951526034,,,WAKEFIT INNOVATIONS LIMITED,-2.62
0,JKPAPEREQN,-1.05,JKPAPER,EQ,N,390.75,347771,391.75,398.0,389.55,391.8,136934831.25,444.8,304.85,30032737807.66,2026-08-24 16:00:28,0,12.06,-2.67,22-Aug-2025,24-Jul-2026,12.151528776978417,-28.177792356896834,,,JK PAPER LIMITED,-0.27
0,AURIONPROEQN,11.95,AURIONPRO,EQ,N,707.5,189033,695.55,725.0,695.55,695.55,134977123.32,1393.0,680.15,22905384039.62,2026-08-24 16:00:28,0,-47.89,-14.29,22-Aug-2025,24-Jul-2026,49.21033740129217,-4.021171800338161,,,AURIONPRO SOLUTIONS LIMITED,1.72
0,CMSINFOEQN,1.7,CMSINFO,EQ,N,248.7,539387,248.35,251.4,246.75,247.0,134264212.04,450.85,240.5,37219748674.29,2026-08-24 16:00:28,0,-43.48,-9.2,22-Aug-2025,24-Jul-2026,44.837529111677945,-3.4095634095634098,,,CMS INFO SYSTEMS LIMITED,0.69
0,WEWORKEQN,-12.65,WEWORK,EQ,N,670.25,199269,683.0,689.95,664.55,682.9,134241547.23,794.5,420.0,32584645262.66,2026-08-24 16:00:28,0,0.0,-5.86,,24-Jul-2026,15.638766519823788,-59.583333333333336,,,WEWORK INDIA MANAGEMENT LIMITED,-1.85
0,ORKLAINDIAEQN,18.4,ORKLAINDIA,EQ,N,570.6,234523,553.5,583.35,553.5,552.2,134065072.95,760.0,533.25,13024731518.28,2026-08-24 16:00:28,0,0.0,2.49,,24-Jul-2026,24.92105263157895,-7.0042194092827,,,ORKLA INDIA LIMITED,3.33
0,CESCEQN,0.35,CESC,EQ,N,155.44,858640,156.0,157.79,155.05,155.09,133887735.2,204.5,138.12,97733291674.63,2026-08-24 16:00:28,0,-6.82,-4.74,22-Aug-2025,24-Jul-2026,23.990220048899754,-12.539820445988996,,,CESC LIMITED,0.23
0,INOXGREENEQN,-1.84,INOXGREEN,EQ,N,176.5,754512,177.46,178.32,173.45,178.34,132130141.44,279.0,132.58,28422508560.73,2026-08-24 16:00:28,0,16.14,-8.01,22-Aug-2025,24-Jul-2026,36.738351254480285,-33.127168502036504,,,INOX GREEN ENERGY SERVICES LIMITED,-1.03
0,MEDANTAEQN,0.2,MEDANTA,EQ,N,1409.9,92480,1400.1,1411.1,1395.7,1409.7,129915904.0,1491.0,956.0,120393892984.04,2026-08-24 16:00:28,0,1.82,2.84,22-Aug-2025,24-Jul-2026,5.439302481556003,-47.47907949790795,,,GLOBAL HEALTH LIMITED,0.01
0,CENTURYPLYEQN,-21.9,CENTURYPLY,EQ,N,740.5,172593,760.2,766.35,739.85,762.4,128942504.37,859.0,618.5,46182485345.16,2026-08-24 16:00:28,0,0.39,-6.53,22-Aug-2025,24-Jul-2026,13.79511059371362,-19.725141471301537,,,CENTURY PLYBOARDS (INDIA) LIMITED,-2.87
0,PURVAEQN,-5.06,PURVA,EQ,N,214.3,591540,221.99,225.16,211.14,219.36,128529811.2,305.0,160.69,12697823714.33,2026-08-24 16:00:28,0,-25.71,0.45,22-Aug-2025,24-Jul-2026,29.737704918032787,-33.36237475885245,,,PURAVANKARA LIMITED,-2.31
0,AADHARHFCEQN,3.95,AADHARHFC,EQ,N,466.5,275698,462.9,470.0,459.3,462.55,128257466.58,563.0,430.15,50098312729.53,2026-08-24 16:00:28,0,-10.61,-5.76,22-Aug-2025,24-Jul-2026,17.14031971580817,-8.450540509124725,,,AADHAR HOUSING FINANCE LIMITED,0.85
0,ELECTCASTEQN,0.93,ELECTCAST,EQ,N,74.8,1733175,74.5,74.94,72.12,73.87,127786992.75,108.71,60.15,22749719642.07,2026-08-24 16:00:28,0,-27.56,3.74,22-Aug-2025,24-Jul-2026,31.19308251310827,-24.355777223607646,,,ELECTROSTEEL CASTINGS LIMITED,1.26
0,ASAHIINDIAEQN,-2.75,ASAHIINDIA,EQ,N,963.0,132564,970.0,970.0,953.0,965.75,127165993.92,1074.0,775.1,116412201922.57,2026-08-24 16:00:28,0,9.08,8.41,22-Aug-2025,24-Jul-2026,10.335195530726256,-24.24203328602761,,,ASAHI INDIA GLASS LIMITED,-0.28
0,SARDAENEQN,-4.6,SARDAEN,EQ,N,506.0,249689,514.0,515.7,504.8,510.6,126989328.51,639.75,453.1,46392266291.88,2026-08-24 16:00:28,0,-15.21,0.75,22-Aug-2025,24-Jul-2026,20.906604142243065,-11.6751269035533,,,SARDA ENERGY & MINERALS LIMITED,-0.9
0,KSBEQN,-8.6,KSB,EQ,N,793.25,160059,802.0,810.8,784.85,801.85,126566654.25,1028.3,666.65,41451359475.7,2026-08-24 16:00:28,0,-2.08,-8.41,22-Aug-2025,24-Jul-2026,22.858115335991442,-18.990474761869045,,,KSB LIMITED,-1.07
0,STARHEALTHEQN,-2.55,STARHEALTH,EQ,N,575.95,219690,573.95,580.0,570.45,578.5,126185542.2,624.9,416.55,134781940084.85,2026-08-24 16:00:28,0,29.56,-0.84,22-Aug-2025,24-Jul-2026,7.833253320531285,-38.26671468011043,,,STAR HEALTH AND ALLIED INSURANCE COMPANY LIMITED,-0.44
0,ITCHOTELSEQN,-0.33,ITCHOTELS,EQ,N,164.65,750377,165.19,166.95,164.3,164.98,124157378.42,253.67,137.3,183983020220.71,2026-08-24 16:00:28,0,-32.74,2.96,22-Aug-2025,24-Jul-2026,35.09283715062877,-19.919883466860888,,,ITC HOTELS LIMITED,-0.2
0,MAHSEAMLESEQN,0.85,MAHSEAMLES,EQ,N,635.0,194133,638.05,645.8,632.95,634.15,123608363.76,690.0,500.7,24597509713.73,2026-08-24 16:00:28,0,-4.94,11.1,22-Aug-2025,24-Jul-2026,7.971014492753623,-26.8224485719992,,,MAHARASHTRA SEAMLESS LIMITED,0.13
0,AAVASEQN,-22.5,AAVAS,EQ,N,1332.8,91922,1349.0,1358.5,1330.0,1355.3,123316120.66,1771.9,1060.4,52983123450.58,2026-08-24 16:00:28,0,-19.22,-3.35,22-Aug-2025,24-Jul-2026,24.781308200237035,-25.688419464353075,,,AAVAS FINANCIERS LIMITED,-1.66
0,CCAVENUEEQN,-0.12,CCAVENUE,EQ,N,15.04,8106534,15.22,15.59,15.0,15.16,123219316.8,20.5,12.92,30466879959.43,2026-08-24 16:00:28,0,-5.47,-7.96,22-Aug-2025,24-Jul-2026,26.634146341463413,-16.408668730650156,,,AVENUESAI LIMITED,-0.79
0,ONESOURCEEQN,-1.1,ONESOURCE,EQ,N,1533.9,80345,1535.0,1545.0,1518.0,1535.0,123021050.2,1925.0,1057.0,120313850495.3,2026-08-24 16:00:28,0,-17.51,-7.26,22-Aug-2025,24-Jul-2026,20.316883116883115,-45.118259224219486,,,ONESOURCE SPECIALTY PHARMA LIMITED,-0.07
0,KRNEQN,-10.1,KRN,EQ,N,1472.0,82417,1485.0,1509.8,1461.1,1482.1,122474958.68,1598.2,589.8,31586964141.23,2026-08-24 16:00:28,0,54.09,19.3,22-Aug-2025,24-Jul-2026,7.89638343136028,-149.57612750084775,,,KRN HEAT EXCHANGER AND REFRIGERATION LIMITED,-0.68
0,FIEMINDEQN,-33.8,FIEMIND,EQ,N,2165.0,55553,2198.8,2217.5,2160.0,2198.8,121562185.66,2674.8,1868.5,25913562253.61,2026-08-24 16:00:28,0,5.27,-7.16,22-Aug-2025,24-Jul-2026,19.059368924779424,-15.868343591115869,,,FIEM INDUSTRIES LIMITED,-1.54
0,GHCLEQN,2.5,GHCL,EQ,N,444.9,263311,450.0,458.0,442.15,442.4,118655835.93,667.2,416.6,31973864484.04,2026-08-24 16:00:28,0,-22.36,1.99,22-Aug-2025,24-Jul-2026,33.318345323741006,-6.793086893903024,,,GHCL LIMITED,0.57
0,IRCONEQN,-1.64,IRCON,EQ,N,123.08,930997,124.72,126.67,122.86,124.72,115694997.19,189.5,114.5,39993928447.9,2026-08-24 16:00:28,0,-28.1,-2.37,22-Aug-2025,24-Jul-2026,35.050131926121374,-7.493449781659389,,,IRCON INTERNATIONAL LIMITED,-1.31
0,ACCEQN,-2.2,ACC,EQ,N,1305.2,88400,1307.8,1313.5,1297.0,1307.4,115376144.0,1987.0,1251.7,78050603913.73,2026-08-24 16:00:28,0,-28.33,-2.66,22-Aug-2025,24-Jul-2026,34.31303472571716,-4.274187105536471,,,ACC LIMITED,-0.17
0,UCOBANKEQN,0.15,UCOBANK,EQ,N,25.87,4403702,25.9,26.06,25.71,25.72,114055881.8,34.2,22.22,29330804901.37,2026-08-24 16:00:28,0,-10.52,-0.04,22-Aug-2025,24-Jul-2026,24.35672514619883,-16.426642664266428,,,UCO BANK,0.58
0,ETHOSLTDEQN,50.5,ETHOSLTD,EQ,N,2891.0,39440,2854.0,2916.6,2821.8,2840.5,113911396.8,3245.9,1919.4,38224085275.99,2026-08-24 16:00:28,0,13.62,12.81,22-Aug-2025,24-Jul-2026,10.933793400905758,-50.61998541210795,,,ETHOS LIMITED,1.78
0,JSWCEMENTEQN,0.37,JSWCEMENT,EQ,N,126.41,883246,126.2,128.28,126.0,126.04,112499043.02,162.15,106.65,33621698998.85,2026-08-24 16:00:28,0,-17.44,-4.32,22-Aug-2025,24-Jul-2026,22.04131976564909,-18.527894983591185,,,JSW CEMENT LIMITED,0.29
0,NIACLEQN,-0.23,NIACL,EQ,N,183.9,607918,184.0,185.98,183.3,184.13,112173029.36,218.0,116.97,44134767134.4,2026-08-24 16:00:28,0,-6.24,6.18,22-Aug-2025,24-Jul-2026,15.642201834862385,-57.2197999487048,,,THE NEW INDIA ASSURANCE COMPANY LIMITED,-0.12
0,EIELEQN,1.26,EIEL,EQ,N,195.99,569963,195.24,197.8,193.02,194.73,111444865.39,276.1,134.71,10255789404.94,2026-08-24 16:00:28,0,-26.94,-10.98,22-Aug-2025,24-Jul-2026,29.01484969214053,-45.49031252319798,,,ENVIRO INFRA ENGINEERS LIMITED,0.65
0,ROUTEEQN,-11.2,ROUTE,EQ,N,491.1,222957,501.0,504.9,491.0,502.3,110510866.62,907.05,410.7,7781119559.89,2026-08-24 16:00:28,0,-44.21,-13.62,22-Aug-2025,24-Jul-2026,45.857449975194314,-19.576333089846603,,,ROUTE MOBILE LIMITED,-2.23
0,OSWALPUMPSEQN,-3.6,OSWALPUMPS,EQ,N,296.0,370821,302.55,303.4,295.25,299.6,110419369.17,888.4,283.1,8209255502.78,2026-08-24 16:00:28,0,-66.12,-17.58,22-Aug-2025,24-Jul-2026,66.68167492120666,-4.556693747792299,,,OSWAL PUMPS LIMITED,-1.2
0,VGUARDEQN,-1.0,VGUARD,EQ,N,331.0,330799,333.0,333.75,329.65,332.0,109752492.22,392.2,288.8,62525238465.92,2026-08-24 16:00:28,0,-11.18,13.82,22-Aug-2025,24-Jul-2026,15.60428352881183,-14.612188365650969,,,V-GUARD INDUSTRIES LIMITED,-0.3
0,QUESSEQN,4.15,QUESS,EQ,N,340.0,321337,332.3,346.35,332.05,335.85,109238513.15,350.75,166.3,21685941824.72,2026-08-24 16:00:28,0,24.82,15.1,22-Aug-2025,24-Jul-2026,3.0648610121168924,-104.44978953698136,,,QUESS CORP LIMITED,1.24
0,SUMICHEMEQN,-9.25,SUMICHEM,EQ,N,525.4,206063,536.45,539.9,521.75,534.65,109203086.85,617.45,362.6,64314214604.68,2026-08-24 16:00:28,0,-12.15,0.95,22-Aug-2025,24-Jul-2026,14.90808972386428,-44.89795918367347,,,SUMITOMO CHEMICAL INDIA LIMITED,-1.73
0,TMBEQN,-3.15,TMB,EQ,N,875.4,122995,878.95,883.75,870.4,878.55,107753459.6,917.0,411.8,102532307402.02,2026-08-24 16:00:28,0,104.94,8.81,22-Aug-2025,24-Jul-2026,4.536532170119957,-112.57892180670228,,,TAMILNAD MERCANTILE BANK LIMITED,-0.36
0,SYNGENEEQN,-8.8,SYNGENE,EQ,N,398.45,268563,407.1,407.1,397.15,407.25,107736733.08,678.95,375.25,75540879550.09,2026-08-24 16:00:28,0,-40.3,-2.02,22-Aug-2025,24-Jul-2026,41.31379335739009,-6.182544970019987,,,SYNGENE INTERNATIONAL LIMITED,-2.16
0,CRISILEQN,-21.5,CRISIL,EQ,N,4493.0,23902,4517.0,4539.7,4447.7,4514.5,107023117.16,5429.5,3686.0,109246963516.85,2026-08-24 16:00:28,0,-15.43,3.35,22-Aug-2025,24-Jul-2026,17.248365411179666,-21.89365165491047,,,CRISIL LIMITED,-0.48
0,NSLNISPEQN,0.31,NSLNISP,EQ,N,40.1,2659894,39.99,40.45,39.9,39.79,106768145.16,53.75,33.01,46070892582.63,2026-08-24 16:00:28,0,3.48,-3.16,22-Aug-2025,24-Jul-2026,25.3953488372093,-21.478339897000907,,,NMDC STEEL LIMITED,0.78
0,TIMKENEQN,-43.6,TIMKEN,EQ,N,3090.5,33956,3152.0,3154.7,3070.1,3134.1,105183803.4,3925.0,2800.5,110627518717.53,2026-08-24 16:00:28,0,2.96,-1.17,22-Aug-2025,24-Jul-2026,21.261146496815286,-10.355293697554009,,,TIMKEN INDIA LIMITED,-1.39
0,RAYMONDLSLEQN,-10.95,RAYMONDLSL,EQ,N,716.0,143464,726.95,730.2,713.65,726.95,103385896.96,1350.0,677.0,17201281713.11,2026-08-24 16:00:28,0,-38.26,0.15,22-Aug-2025,24-Jul-2026,46.96296296296296,-5.760709010339734,,,RAYMOND LIFESTYLE LIMITED,-1.51
0,POWERMECHEQN,5.6,POWERMECH,EQ,N,2508.0,41290,2502.4,2541.0,2475.0,2502.4,103174626.2,3243.0,1717.7,32967925157.9,2026-08-24 16:00:28,0,-21.53,-3.3,22-Aug-2025,24-Jul-2026,22.664199814986123,-46.009198346626306,,,POWER MECH PROJECTS LIMITED,0.22
0,CIEINDIAEQN,-1.05,CIEINDIA,EQ,N,400.0,257873,401.1,403.1,397.8,401.05,103097625.4,526.0,381.1,50867183682.42,2026-08-24 16:00:28,0,0.36,-3.32,22-Aug-2025,24-Jul-2026,23.954372623574145,-4.959328260299134,,,CIE AUTOMOTIVE INDIA LIMITED,-0.26
0,IONEXCHANGEQN,0.8,IONEXCHANG,EQ,N,369.45,276335,368.0,376.2,364.8,368.65,102205263.1,486.0,312.7,31005646480.49,2026-08-24 16:00:28,0,-16.95,-13.09,22-Aug-2025,24-Jul-2026,23.98148148148148,-18.14838503357851,,,ION EXCHANGE (INDIA) LIMITED,0.22
0,TIPSMUSICEQN,-0.95,TIPSMUSIC,EQ,N,650.0,156329,655.0,655.0,641.5,650.95,101101090.88,741.0,481.15,29651023060.54,2026-08-24 16:00:28,0,11.76,-7.07,22-Aug-2025,24-Jul-2026,12.280701754385966,-35.09300633897953,,,TIPS MUSIC LIMITED,-0.15
0,SKFINDUSEQN,15.6,SKFINDUS,EQ,N,2773.9,36594,2765.0,2795.9,2707.9,2758.3,100461508.2,3041.0,1994.1,64235857630.63,2026-08-24 16:00:28,0,0.0,1.56,,24-Jul-2026,8.783294968760277,-39.10536081440249,,,SKF INDIA (INDUSTRIAL) LIMITED,0.57
0,KAJARIACEREQN,-2.4,KAJARIACER,EQ,N,1206.1,83435,1204.0,1211.0,1196.9,1208.5,100331421.85,1309.7,869.6,98261001442.9,2026-08-24 16:00:28,0,-5.34,-0.72,22-Aug-2025,24-Jul-2026,7.910208444681988,-38.695952161913524,,,KAJARIA CERAMICS LIMITED,-0.2
0,PFIZEREQN,-107.8,PFIZER,EQ,N,4870.4,20411,5020.0,5020.0,4865.0,4978.2,100253729.25,5765.0,4360.1,73598517919.08,2026-08-24 16:00:28,0,-14.08,5.34,22-Aug-2025,24-Jul-2026,15.517779705117086,-11.703860003210936,,,PFIZER LIMITED,-2.17
0,INDIAMARTEQN,4.6,INDIAMART,EQ,N,1746.8,57656,1750.0,1753.5,1722.3,1742.2,100195173.36,2685.0,1722.3,53385353636.3,2026-08-24 16:00:28,0,-34.59,-0.74,22-Aug-2025,24-Jul-2026,34.94227188081937,-1.422516402485049,,,INDIAMART INTERMESH LIMITED,0.26
0,METROPOLISEQN,8.0,METROPOLIS,EQ,N,564.95,177591,559.95,568.35,553.3,556.95,100097391.24,609.05,412.25,59810728285.52,2026-08-24 16:00:28,0,4.16,-0.93,22-Aug-2025,24-Jul-2026,7.240784828831787,-37.0406306852638,,,METROPOLIS HEALTHCARE LIMITED,1.44
0,SUNTVEQN,-3.3,SUNTV,EQ,N,468.75,208966,473.3,477.25,468.0,472.05,98450151.58,660.7,468.0,46179389953.1,2026-08-24 16:00:28,0,-18.21,-3.73,22-Aug-2025,24-Jul-2026,29.052520054487665,-0.16025641025641027,,,SUN TV NETWORK LIMITED,-0.7
0,VTLEQN,-3.3,VTL,EQ,N,599.6,162986,604.85,609.0,595.6,602.9,98070306.06,688.0,385.5,59751365672.34,2026-08-24 16:00:28,0,44.57,-2.44,22-Aug-2025,24-Jul-2026,12.848837209302326,-55.53826199740597,,,VARDHMAN TEXTILES LIMITED,-0.55
0,TARCEQN,-1.07,TARC,EQ,N,123.0,794128,124.14,125.48,120.27,124.07,97503035.84,186.3,109.1,12297953260.24,2026-08-24 16:00:28,0,-22.46,-6.43,22-Aug-2025,24-Jul-2026,33.97745571658615,-12.740604949587535,,,TARC LIMITED,-0.86
0,TARCEQN,-1.07,TARC,EQ,N,123.0,794128,124.14,125.48,120.27,124.07,97503035.84,186.3,109.1,12297953260.24,2026-08-24 16:00:28,0,-22.46,-6.43,22-Aug-2025,24-Jul-2026,33.97745571658615,-12.740604949587535,,,ANANT RAJ GLOBAL LIMITED,-0.86
0,KIRLOSBROSEQN,13.8,KIRLOSBROS,EQ,N,1920.0,50769,1905.8,1932.7,1879.1,1906.2,96735760.29,2189.2,1335.0,48465770507.15,2026-08-24 16:00:28,0,-1.19,4.57,22-Aug-2025,24-Jul-2026,12.296729398867166,-43.82022471910113,,,KIRLOSKAR BROTHERS LIMITED,0.72
0,RCFEQN,0.75,RCF,EQ,N,118.91,797012,118.0,121.13,118.0,118.16,95665350.36,164.49,106.0,16372361867.93,2026-08-24 16:00:28,0,-25.17,-4.27,22-Aug-2025,24-Jul-2026,27.709891178795065,-12.179245283018869,,,RASHTRIYA CHEMICALS AND FERTILIZERS LIMITED,0.63
0,PRSMJOHNSNEQN,-0.82,PRSMJOHNSN,EQ,N,107.15,882100,110.8,110.8,106.5,107.97,95363831.0,176.0,97.1,13074408205.28,2026-08-24 16:00:28,0,-28.29,-0.81,22-Aug-2025,24-Jul-2026,39.11931818181818,-10.350154479917611,,,PRISM JOHNSON LIMITED,-0.76
0,BHARTIHEXAEQN,14.8,BHARTIHEXA,EQ,N,1606.0,59132,1585.1,1613.1,1585.1,1591.2,94965992.0,1955.6,1430.0,120450000000.0,2026-08-24 16:00:28,0,-13.64,-0.1,22-Aug-2025,24-Jul-2026,17.876866434853753,-12.307692307692308,,,BHARTI HEXACOM LIMITED,0.93
0,ESCORTSEQN,17.8,ESCORTS,EQ,N,3104.4,30269,3075.0,3108.4,3075.0,3086.6,93623833.14,4180.0,2700.0,102843983060.06,2026-08-24 16:00:28,0,-13.03,6.86,22-Aug-2025,24-Jul-2026,25.732057416267942,-14.977777777777778,,,ESCORTS KUBOTA LIMITED,0.58
0,AVLEQN,-18.35,AVL,EQ,N,583.0,156285,601.35,601.85,583.0,601.35,92855169.9,705.0,436.55,39794855543.56,2026-08-24 16:00:28,0,16.08,-4.59,22-Aug-2025,24-Jul-2026,17.30496453900709,-33.54713091283931,,,ADITYA VISION LIMITED,-3.05
0,SUNDARMFINEQN,-13.4,SUNDARMFIN,EQ,N,4521.1,20463,4509.9,4559.9,4470.1,4534.5,92353202.34,5642.0,4000.0,310491898042.97,2026-08-24 16:00:28,0,-14.18,1.65,22-Aug-2025,24-Jul-2026,19.867068415455513,-13.0275,,,SUNDARAM FINANCE LIMITED,-0.3
0,GODIGITEQN,-3.1,GODIGIT,EQ,N,259.8,350956,262.85,265.55,259.15,262.9,92283880.2,381.4,244.2,62373853186.99,2026-08-24 16:00:28,0,-29.42,1.41,22-Aug-2025,24-Jul-2026,31.882538017829052,-6.388206388206388,,,GO DIGIT GENERAL INSURANCE LIMITED,-1.18
0,AARTIDRUGSEQN,5.6,AARTIDRUGS,EQ,N,423.0,215296,420.7,429.8,417.4,417.4,91431905.28,534.55,318.95,14841460882.62,2026-08-24 16:00:28,0,-12.43,4.57,22-Aug-2025,24-Jul-2026,20.86801982976335,-32.62266812980091,,,AARTI DRUGS LIMITED,1.34
0,RALLISEQN,-1.38,RALLIS,EQ,N,210.8,429484,212.0,214.9,210.55,212.18,91265350.0,385.7,207.53,18048815823.0,2026-08-24 16:00:28,0,-44.24,-3.62,22-Aug-2025,24-Jul-2026,45.346123930515944,-1.5756758059075797,,,RALLIS INDIA LIMITED,-0.65
0,ABSLAMCEQN,-10.4,ABSLAMC,EQ,N,998.0,90807,1006.1,1010.5,996.1,1008.4,91087593.63,1224.9,708.0,72577773414.66,2026-08-24 16:00:28,0,13.13,-1.87,22-Aug-2025,24-Jul-2026,18.52396113968487,-40.96045197740113,,,ADITYA BIRLA SUN LIFE AMC LIMITED,-1.03
0,AIAENGEQN,-73.9,AIAENG,EQ,N,4275.0,21051,4330.5,4366.9,4267.0,4348.9,90546876.81,5180.0,3001.1,165526495358.47,2026-08-24 16:00:28,0,37.56,-6.72,22-Aug-2025,24-Jul-2026,17.47104247104247,-42.447769151311185,,,AIA ENGINEERING LIMITED,-1.7
0,TEXRAILEQN,-0.53,TEXRAIL,EQ,N,104.04,860963,104.6,106.17,103.7,104.57,89962023.87,153.0,78.05,21161793280.61,2026-08-24 16:00:28,0,-27.66,-5.49,22-Aug-2025,24-Jul-2026,32.0,-33.29916720051249,,,TEXMACO RAIL & ENGINEERING LIMITED,-0.51
0,PGILEQN,12.9,PGIL,EQ,N,2399.0,37236,2380.0,2411.0,2340.0,2386.1,88126068.84,2539.6,1178.1,41904190475.61,2026-08-24 16:00:28,0,77.06,21.5,22-Aug-2025,24-Jul-2026,5.536304929910222,-103.63296833885069,,,PEARL GLOBAL INDUSTRIES LIMITED,0.54
0,AIILEQN,5.75,AIIL,EQ,N,558.0,158585,553.55,561.9,551.0,552.25,88117755.25,683.0,400.0,147297549834.19,2026-08-24 16:00:28,0,-6.47,5.06,22-Aug-2025,24-Jul-2026,18.301610541727673,-39.5,,,AUTHUM INVESTMENT & INFRASTRUCTURE LIMITED,1.04
0,SOBHAEQN,-3.2,SOBHA,EQ,N,1291.4,67450,1286.9,1313.0,1285.0,1294.6,87429364.5,1732.0,1130.0,57342300350.65,2026-08-24 16:00:28,0,-12.66,-5.2,22-Aug-2025,24-Jul-2026,25.438799076212472,-14.283185840707965,,,SOBHA LIMITED,-0.25
0,VAIBHAVGBLEQN,-5.7,VAIBHAVGBL,EQ,N,220.35,392290,226.05,226.9,217.65,226.05,86774548.0,293.25,174.13,13263756720.96,2026-08-24 16:00:28,0,1.34,-12.54,22-Aug-2025,24-Jul-2026,24.85933503836317,-26.54338712456211,,,VAIBHAV GLOBAL LIMITED,-2.52
0,GOKEXEQN,-2.6,GOKEX,EQ,N,795.0,108348,800.05,804.1,793.25,797.6,86561384.16,954.9,531.0,51616077482.93,2026-08-24 16:00:28,0,5.35,-4.27,22-Aug-2025,24-Jul-2026,16.745208922400252,-49.717514124293785,,,GOKALDAS EXPORTS LIMITED,-0.33
0,KIRLPNUEQN,-15.2,KIRLPNU,EQ,N,733.6,117553,748.8,750.0,726.5,748.8,86529587.77,1098.55,495.05,55623149038.13,2026-08-24 16:00:28,0,12.88,-2.0,22-Aug-2025,24-Jul-2026,33.22106412998953,-48.187051812948184,,,KIRLOSKAR PNEUMATIC COMPANY LIMITED,-2.03
0,NIVABUPAEQN,-0.17,NIVABUPA,EQ,N,82.45,1026692,82.5,83.44,81.9,82.62,84691823.08,91.4,67.5,50913927161.69,2026-08-24 16:00:28,0,-3.53,-4.84,22-Aug-2025,24-Jul-2026,9.792122538293217,-22.14814814814815,,,NIVA BUPA HEALTH INSURANCE COMPANY LIMITED,-0.21
0,ASHOKAEQN,-1.22,ASHOKA,EQ,N,113.0,737876,114.83,116.59,112.31,114.22,84390878.12,214.5,101.0,14431861559.33,2026-08-24 16:00:28,0,-37.99,-6.51,22-Aug-2025,24-Jul-2026,47.31934731934732,-11.881188118811881,,,ASHOKA BUILDCON LIMITED,-1.07
0,PNCINFRAEQN,-2.76,PNCINFRA,EQ,N,204.0,410215,208.0,209.9,203.96,206.76,84348408.3,325.0,158.17,22970487075.56,2026-08-24 16:00:28,0,-34.0,-14.36,22-Aug-2025,24-Jul-2026,37.23076923076923,-28.97515331605235,,,PNC INFRATECH LIMITED,-1.33
0,JKLAKSHMIEQN,-5.3,JKLAKSHMI,EQ,N,554.15,151319,561.0,561.0,551.15,559.45,83907898.69,989.8,542.95,37062008174.44,2026-08-24 16:00:28,0,-40.1,-3.21,22-Aug-2025,24-Jul-2026,44.01394221054758,-2.0628050465052032,,,JK LAKSHMI CEMENT LIMITED,-0.95
0,MMTCEQN,-0.98,MMTC,EQ,N,64.4,1292281,64.94,65.53,64.4,65.38,83830268.47,78.35,50.1,9714289200.0,2026-08-24 16:00:28,0,0.42,4.68,22-Aug-2025,24-Jul-2026,17.80472239948947,-28.542914171656687,,,MMTC LIMITED,-1.5
0,GOKULAGROEQN,0.91,GOKULAGRO,EQ,N,243.71,342721,245.7,245.7,240.6,242.8,83497117.23,257.99,151.0,18518550428.1,2026-08-24 16:00:28,0,48.6,16.09,22-Aug-2025,24-Jul-2026,5.535098259622466,-61.397350993377486,,,GOKUL AGRO RESOURCES LIMITED,0.37
0,BERGEPAINTEQN,-9.1,BERGEPAINT,EQ,N,515.3,159390,524.4,525.45,514.1,524.4,82693125.9,594.55,391.1,146480289781.96,2026-08-24 16:00:28,0,-2.22,3.48,22-Aug-2025,24-Jul-2026,13.329408796568833,-31.75658399386346,,,BERGER PAINTS (I) LIMITED,-1.74
0,IOBEQN,0.21,IOB,EQ,N,33.22,2488096,33.04,33.4,32.9,33.01,82430620.48,41.8,31.2,48370571676.82,2026-08-24 16:00:28,0,-12.74,-1.95,22-Aug-2025,24-Jul-2026,20.526315789473685,-6.4743589743589745,,,INDIAN OVERSEAS BANK,0.64
0,EMBDLEQN,-1.19,EMBDL,EQ,N,63.68,1274728,65.2,65.34,63.36,64.87,81633581.12,105.7,39.46,34251864828.21,2026-08-24 16:00:28,0,-36.12,4.04,22-Aug-2025,24-Jul-2026,39.75402081362346,-61.37861125190066,,,EMBASSY DEVELOPMENTS LIMITED,-1.83
0,GMMPFAUDLREQN,-37.15,GMMPFAUDLR,EQ,N,985.2,80444,1024.8,1024.8,983.95,1022.35,80676483.16,1307.5,735.0,32970636954.64,2026-08-24 16:00:28,0,-19.32,21.92,22-Aug-2025,24-Jul-2026,24.650095602294456,-34.04081632653061,,,GMM PFAUDLER LIMITED,-3.63
0,REFEXEQN,-4.95,REFEX,EQ,N,289.0,274609,293.95,296.0,285.1,293.95,79518528.13,415.0,188.0,17376531353.16,2026-08-24 16:00:28,0,-23.72,-8.54,22-Aug-2025,24-Jul-2026,30.36144578313253,-53.723404255319146,,,REFEX INDUSTRIES LIMITED,-1.68
0,EQUITASBNKEQN,-1.8,EQUITASBNK,EQ,N,74.8,1048750,76.6,77.06,74.6,76.6,79348425.0,83.9,50.0,85275025657.9,2026-08-24 16:00:28,0,36.3,-4.52,22-Aug-2025,24-Jul-2026,10.846245530393325,-49.6,,,EQUITAS SMALL FINANCE BANK LIMITED,-2.35
0,RHIMEQN,-0.25,RHIM,EQ,N,375.0,210002,377.1,381.95,373.3,375.25,79254754.8,510.0,323.05,22669829796.99,2026-08-24 16:00:28,0,-22.9,-6.0,22-Aug-2025,24-Jul-2026,26.470588235294116,-16.081101996594953,,,RHI MAGNESITA INDIA LIMITED,-0.07
0,RITESEQN,2.32,RITES,EQ,N,220.4,360826,218.75,221.13,216.32,218.08,78952337.06,280.9,175.0,29444098130.43,2026-08-24 16:00:28,0,-13.92,3.14,22-Aug-2025,24-Jul-2026,21.537913848344605,-25.942857142857143,,,RITES LIMITED,1.06
0,BAJAJELECEQN,-8.45,BAJAJELEC,EQ,N,343.2,226559,351.65,356.2,342.0,351.65,78779095.48,653.8,301.0,14296451782.62,2026-08-24 16:00:28,0,-41.25,4.35,22-Aug-2025,24-Jul-2026,47.50688283878862,-14.019933554817277,,,BAJAJ ELECTRICALS LIMITED,-2.4
0,EUREKAFORBEQN,4.0,EUREKAFORB,EQ,N,419.0,184699,416.95,430.8,415.9,415.0,78232955.43,668.3,403.2,28630257226.77,2026-08-24 16:00:28,0,-23.92,-3.04,22-Aug-2025,24-Jul-2026,37.303606164896,-3.9186507936507935,,,EUREKA FORBES LIMITED,0.96
0,SJVNEQN,0.01,SJVN,EQ,N,65.72,1173125,66.5,66.79,65.67,66.06,77543562.5,101.45,63.02,46876853807.36,2026-08-24 16:00:28,0,-33.98,-2.75,22-Aug-2025,24-Jul-2026,35.21931986200099,-4.284354173278325,,,SJVN LIMITED,0.02
0,WAAREERTLEQN,-0.3,WAAREERTL,EQ,N,875.0,88594,880.0,882.8,868.5,875.3,77510004.66,1358.0,779.5,22483518195.04,2026-08-24 16:00:28,0,-17.91,-6.12,22-Aug-2025,24-Jul-2026,35.56701030927835,-12.251443232841565,,,WAAREE RENEWABLE TECHNOLOGIES LIMITED,-0.03
0,TRIDENTEQN,0.05,TRIDENT,EQ,N,24.44,3150635,24.42,24.87,24.36,24.39,77411101.95,30.94,21.98,30456895314.58,2026-08-24 16:00:28,0,-14.22,-2.71,22-Aug-2025,24-Jul-2026,21.008403361344538,-11.191992720655142,,,TRIDENT LIMITED,0.21
0,BIKAJIEQN,-2.0,BIKAJI,EQ,N,603.75,127644,605.75,610.0,601.2,605.75,77061235.68,818.7,592.55,39498920687.58,2026-08-24 16:00:28,0,-21.61,-4.27,22-Aug-2025,24-Jul-2026,26.255038475632098,-1.8901358535144714,,,BIKAJI FOODS INTERNATIONAL LIMITED,-0.33
0,CELLOEQN,-4.85,CELLO,EQ,N,356.6,211867,363.15,366.7,355.1,361.45,76471274.98,673.8,336.6,15707543827.94,2026-08-24 16:00:28,0,-33.91,3.57,22-Aug-2025,24-Jul-2026,47.07628376372811,-5.941770647653001,,,CELLO WORLD LIMITED,-1.34
0,UBLEQN,-5.8,UBL,EQ,N,1343.1,54973,1347.0,1359.2,1340.0,1348.9,74106902.38,1933.0,1276.0,96729702190.52,2026-08-24 16:00:28,0,-28.37,-3.97,22-Aug-2025,24-Jul-2026,30.517330574236937,-5.258620689655173,,,UNITED BREWERIES LIMITED,-0.43
0,TATAINVESTEQN,1.05,TATAINVEST,EQ,N,649.0,111463,648.2,653.5,644.6,647.95,72248087.34,1184.7,538.85,84464935655.62,2026-08-24 16:00:28,0,-6.15,2.89,22-Aug-2025,24-Jul-2026,45.21819870009285,-20.441681358448548,,,TATA INVESTMENT CORPORATION LIMITED,0.16
0,SPARCEQN,-1.71,SPARC,EQ,N,195.0,364691,198.75,200.41,193.99,196.71,71789423.35,289.0,108.0,18311407840.58,2026-08-24 16:00:28,0,33.49,-9.82,22-Aug-2025,24-Jul-2026,32.52595155709343,-80.55555555555556,,,SUN PHARMA ADVANCED RESEARCH COMPANY LIMITED,-0.87
0,SUPRIYAEQN,-6.65,SUPRIYA,EQ,N,798.8,89428,805.0,810.2,795.0,805.45,71787432.72,1085.0,545.5,20381365374.74,2026-08-24 16:00:28,0,15.84,-4.96,22-Aug-2025,24-Jul-2026,26.377880184331797,-46.43446379468378,,,SUPRIYA LIFESCIENCE LIMITED,-0.83
0,HONAUTEQN,-195.0,HONAUT,EQ,N,36505.0,1908,37000.0,37190.0,36505.0,36700.0,70290910.8,41495.0,26220.0,80152231456.76,2026-08-24 16:00:28,0,-4.16,-2.25,22-Aug-2025,24-Jul-2026,12.02554524641523,-39.225781845919144,,,HONEYWELL AUTOMATION INDIA LIMITED,-0.53
0,ABLBLEQN,-0.64,ABLBL,EQ,N,85.48,785130,86.45,87.14,84.24,86.12,67254235.8,151.33,84.24,49493303428.3,2026-08-24 16:00:28,0,-40.14,-9.07,22-Aug-2025,24-Jul-2026,43.514174321020285,-1.4719848053181386,,,ADITYA BIRLA LIFESTYLE BRANDS LIMITED,-0.74
0,ARVINDFASNEQN,-7.2,ARVINDFASN,EQ,N,441.15,148703,447.9,455.75,440.2,448.35,66547566.56,579.0,366.2,37936698030.93,2026-08-24 16:00:28,0,-15.39,-4.65,22-Aug-2025,24-Jul-2026,23.808290155440414,-20.466957946477336,,,ARVIND FASHIONS LIMITED,-1.61
0,ALIVUSEQN,15.1,ALIVUS,EQ,N,1366.0,48694,1350.9,1371.9,1335.2,1350.9,66070940.84,1418.0,819.0,41924437022.42,2026-08-24 16:00:28,0,40.87,24.05,22-Aug-2025,24-Jul-2026,3.6671368124118477,-66.7887667887668,,,ALIVUS LIFE SCIENCES LIMITED,1.12
0,SBFCEQN,-1.63,SBFC,EQ,N,92.3,692634,93.47,94.12,91.78,93.93,64172540.1,123.0,79.6,37952848790.43,2026-08-24 16:00:28,0,-18.63,0.13,22-Aug-2025,24-Jul-2026,24.959349593495936,-15.954773869346734,,,SBFC FINANCE LIMITED,-1.74
0,CAPILLARYEQN,-0.7,CAPILLARY,EQ,N,501.65,125869,504.5,519.1,500.5,502.35,63911243.44,798.95,464.25,9248665594.75,2026-08-24 16:00:28,0,0.0,5.33,,24-Jul-2026,37.21133988359722,-8.056004308023693,,,CAPILLARY TECHNOLOGIES INDIA LIMITED,-0.14
0,3MINDIAEQN,360.0,3MINDIA,EQ,N,34000.0,1835,33640.0,34065.0,33530.0,33640.0,62002870.05,38030.0,28730.0,95753095000.0,2026-08-24 16:00:28,0,11.29,-4.23,22-Aug-2025,24-Jul-2026,10.596897186431764,-18.34319526627219,,,3M INDIA LIMITED,1.07
0,HCGEQN,-5.45,HCG,EQ,N,720.5,85872,725.95,729.95,710.1,725.95,61825263.84,796.68,513.3,38392854195.34,2026-08-24 16:00:28,0,7.38,8.09,22-Aug-2025,24-Jul-2026,9.562183059697746,-40.36625754919151,,,HEALTHCARE GLOBAL ENTERPRISES LIMITED,-0.75
0,ERISEQN,-3.2,ERIS,EQ,N,1325.0,45974,1335.0,1337.4,1312.4,1328.2,60845209.78,1818.8,1200.0,71402123793.51,2026-08-24 16:00:28,0,-25.09,-5.4,22-Aug-2025,24-Jul-2026,27.149769078513305,-10.416666666666666,,,ERIS LIFESCIENCES LIMITED,-0.24
0,SFLEQN,-8.05,SFL,EQ,N,656.9,91625,664.95,671.35,654.0,664.95,60713473.75,832.45,456.8,24614225561.01,2026-08-24 16:00:28,0,-6.33,-13.79,22-Aug-2025,24-Jul-2026,21.088353654874165,-43.804728546409805,,,SHEELA FOAM LIMITED,-1.21
0,KITEXEQN,2.55,KITEX,EQ,N,127.5,474828,125.23,128.71,125.23,124.95,60450352.68,232.7,123.15,10796314567.5,2026-08-24 16:00:28,0,-35.53,-13.29,22-Aug-2025,24-Jul-2026,45.20842286205415,-3.5322777101096223,,,KITEX GARMENTS LIMITED,2.04
0,PRUDENTEQN,-21.5,PRUDENT,EQ,N,3332.0,17568,3345.0,3394.2,3321.5,3353.5,59053953.6,3455.0,2121.0,58482028311.54,2026-08-24 16:00:28,0,15.21,16.55,22-Aug-2025,24-Jul-2026,3.5600578871201156,-57.0957095709571,,,PRUDENT CORPORATE ADVISORY SERVICES LIMITED,-0.64
0,STARCEMENTEQN,-0.08,STARCEMENT,EQ,N,194.54,300566,194.83,196.08,192.9,194.62,58523205.86,308.95,191.5,15969602367.81,2026-08-24 16:00:28,0,-29.7,-5.05,22-Aug-2025,24-Jul-2026,37.03188218158278,-1.587467362924282,,,STAR CEMENT LIMITED,-0.04
0,DBLEQN,1.4,DBL,EQ,N,416.0,137120,416.65,418.85,412.45,414.6,56810187.2,585.0,381.55,24907143821.31,2026-08-24 16:00:28,0,-11.3,-1.01,22-Aug-2025,24-Jul-2026,28.88888888888889,-9.028960817717206,,,DILIP BUILDCON LIMITED,0.34
0,GMRP&UIEQN,-0.24,GMRP&UI,EQ,N,96.34,573605,96.98,98.14,95.8,96.58,55530700.05,136.95,89.0,27960534287.68,2026-08-24 16:00:28,0,-19.04,-1.28,22-Aug-2025,24-Jul-2026,29.653158086893026,-8.247191011235955,,,GMR POWER AND URBAN INFRA LIMITED,-0.25
0,SKFINDIAEQN,-9.3,SKFINDIA,EQ,N,1587.2,34404,1598.0,1612.2,1574.0,1596.5,54653506.32,5074.0,1404.0,36758617963.28,2026-08-24 16:00:28,0,-64.78,6.9,22-Aug-2025,24-Jul-2026,68.71895940086716,-13.048433048433049,,,SKF INDIA LIMITED,-0.58
0,JUSTDIALEQN,-11.5,JUSTDIAL,EQ,N,662.55,81410,668.0,679.45,662.45,674.05,54542257.7,878.6,480.5,14561713257.06,2026-08-24 16:00:28,0,-20.62,-9.11,22-Aug-2025,24-Jul-2026,24.59025722740724,-37.88761706555671,,,JUST DIAL LIMITED,-1.71
0,RTNINDIAEQN,-0.34,RTNINDIA,EQ,N,30.11,1791657,30.49,30.87,30.0,30.45,54161791.11,64.0,24.4,10418977099.81,2026-08-24 16:00:28,0,-42.82,-4.72,22-Aug-2025,24-Jul-2026,52.953125,-23.401639344262296,,,RATTANINDIA ENTERPRISES LIMITED,-1.12
0,INDIASHLTREQN,-8.25,INDIASHLTR,EQ,N,667.0,80180,675.25,680.45,667.0,675.25,53767104.4,968.75,640.0,29672299012.35,2026-08-24 16:00:28,0,-26.26,-7.86,22-Aug-2025,24-Jul-2026,31.148387096774194,-4.21875,,,INDIA SHELTER FINANCE CORPORATION LIMITED,-1.22
0,JKCEMENTEQN,-47.0,JKCEMENT,EQ,N,5203.0,9896,5247.5,5280.0,5201.5,5250.0,51759741.52,7533.5,4671.5,217144676713.36,2026-08-24 16:00:28,0,-23.94,-7.9,22-Aug-2025,24-Jul-2026,30.93515630185173,-11.377501873060044,,,JK CEMENT LIMITED,-0.9
0,STYRENIXEQN,-20.6,STYRENIX,EQ,N,2061.0,24610,2081.6,2117.7,2061.0,2081.6,51484120.0,2738.7,1780.0,19343698408.6,2026-08-24 16:00:28,0,-20.73,-16.05,22-Aug-2025,24-Jul-2026,24.745317121261913,-15.786516853932584,,,STYRENIX PERFORMANCE MATERIALS LIMITED,-0.99
0,RELAXOEQN,-0.1,RELAXO,EQ,N,376.5,134520,373.0,379.15,372.1,376.6,50537818.8,526.0,236.5,26871159491.61,2026-08-24 16:00:28,0,-21.04,-6.56,22-Aug-2025,24-Jul-2026,28.422053231939163,-59.19661733615222,,,RELAXO FOOTWEARS LIMITED,-0.03
0,BAYERCROPEQN,-26.5,BAYERCROP,EQ,N,4045.0,12212,4074.9,4084.0,4041.0,4071.5,49511600.08,5649.5,4030.0,57340465971.66,2026-08-24 16:00:28,0,-26.71,-4.09,22-Aug-2025,24-Jul-2026,28.400743428622,-0.37220843672456577,,,BAYER CROPSCIENCE LIMITED,-0.65
0,INDIGOPNTSEQN,-12.5,INDIGOPNTS,EQ,N,1139.3,42375,1149.0,1162.3,1135.3,1151.8,48772777.5,1345.9,708.05,25058749695.8,2026-08-24 16:00:28,0,0.51,8.62,22-Aug-2025,24-Jul-2026,15.350323203804146,-60.90671562742744,,,INDIGO PAINTS LIMITED,-1.09
0,CRAMCEQN,-5.0,CRAMC,EQ,N,259.7,184305,264.7,266.0,258.6,264.7,48280537.8,353.4,214.2,12946969358.08,2026-08-24 16:00:28,0,0.0,-0.1,,24-Jul-2026,26.513865308432372,-21.241830065359476,,,CANARA ROBECO ASSET MANAGEMENT COMPANY LIMITED,-1.89
0,BANCOINDIAEQN,0.8,BANCOINDIA,EQ,N,624.5,76972,624.1,631.0,620.0,623.7,48063625.96,879.8,502.0,27881750817.99,2026-08-24 16:00:28,0,7.55,2.64,22-Aug-2025,24-Jul-2026,29.017958626960674,-24.40239043824701,,,BANCO PRODUCTS (I) LIMITED,0.13
0,ADVENZYMESEQN,1.55,ADVENZYMES,EQ,N,301.55,151058,300.25,305.4,299.0,300.0,45682960.36,419.0,251.95,14286330873.69,2026-08-24 16:00:28,0,-1.55,-4.98,22-Aug-2025,24-Jul-2026,28.031026252983292,-19.68644572335781,,,ADVANCED ENZYME TECHNOLOGIES LIMITED,0.52
0,ITIEQN,0.25,ITI,EQ,N,279.5,161719,279.55,281.85,278.05,279.25,45312046.61,372.85,237.0,26849815538.95,2026-08-24 16:00:28,0,-5.54,1.58,22-Aug-2025,24-Jul-2026,25.036878101113047,-17.932489451476794,,,ITI LIMITED,0.09
0,TRAVELFOODEQN,3.8,TRAVELFOOD,EQ,N,1311.0,34387,1307.2,1336.0,1298.1,1307.2,45264295.84,1470.9,1035.3,23837689957.81,2026-08-24 16:00:28,0,7.41,1.92,22-Aug-2025,24-Jul-2026,10.870895370181522,-26.62996232975949,,,TRAVEL FOOD SERVICES LIMITED,0.29
0,BBTCEQN,-3.4,BBTC,EQ,N,1424.0,31671,1427.4,1433.9,1420.0,1427.4,45100770.84,2135.0,1314.6,24593687157.12,2026-08-24 16:00:28,0,-22.01,-2.35,22-Aug-2025,24-Jul-2026,33.30210772833723,-8.321923018408642,,,THE BOMBAY BURMAH TRADING CORPORATION LIMITED,-0.24
0,GRINDWELLEQN,-2.8,GRINDWELL,EQ,N,2057.0,21949,2050.0,2074.0,2044.0,2059.8,45084782.43,2455.0,1329.0,94918206683.52,2026-08-24 16:00:28,0,30.95,2.26,22-Aug-2025,24-Jul-2026,16.21181262729124,-54.778028592927015,,,GRINDWELL NORTON LIMITED,-0.14
0,NFLEQN,0.45,NFL,EQ,N,70.75,628844,70.37,71.47,70.37,70.3,44641635.56,102.97,63.35,8772275942.58,2026-08-24 16:00:28,0,-27.95,0.63,22-Aug-2025,24-Jul-2026,31.29066718461688,-11.681136543014997,,,NATIONAL FERTILIZERS LIMITED,0.64
0,HEMIPROPEQN,-1.58,HEMIPROP,EQ,N,129.0,342107,130.64,131.99,128.5,130.58,44436278.23,190.69,111.2,11927301300.0,2026-08-24 16:00:28,0,-5.57,-3.28,22-Aug-2025,24-Jul-2026,32.350936074256644,-16.007194244604317,,,HEMISPHERE PROPERTIES INDIA LIMITED,-1.21
0,FACTEQN,0.3,FACT,EQ,N,783.6,56070,781.0,796.9,781.0,783.3,44244276.3,1058.6,652.1,48678912715.33,2026-08-24 16:00:28,0,-22.46,-3.18,22-Aug-2025,24-Jul-2026,25.977706404685435,-20.16561877012728,,,FERTILIZERS AND CHEMICALS TRAVANCORE LIMITED,0.04
0,HGINFRAEQN,-6.9,HGINFRA,EQ,N,505.0,86374,510.0,515.35,504.55,511.9,43886629.4,1049.95,429.5,9287271085.61,2026-08-24 16:00:28,0,-49.49,-5.93,22-Aug-2025,24-Jul-2026,51.90247154626411,-17.57857974388824,,,H.G. INFRA ENGINEERING LIMITED,-1.35
0,IIFLCAPSEQN,-2.15,IIFLCAPS,EQ,N,333.5,130938,335.65,336.45,333.5,335.65,43805307.9,411.3,240.4,39520311134.38,2026-08-24 16:00:28,0,3.43,-1.97,22-Aug-2025,24-Jul-2026,18.915633357646488,-38.727121464226286,,,IIFL CAPITAL SERVICES LIMITED,-0.64
0,MAHSCOOTEREQN,-52.0,MAHSCOOTER,EQ,N,13079.0,3210,13140.0,13364.0,13003.0,13131.0,42338937.0,18538.0,10901.0,70955870564.66,2026-08-24 16:00:28,0,-16.08,3.21,22-Aug-2025,24-Jul-2026,29.447621102600063,-19.97981836528759,,,MAHARASHTRA SCOOTERS LIMITED,-0.4
0,SAATVIKGLEQN,3.05,SAATVIKGL,EQ,N,422.0,97757,418.35,423.95,409.0,418.95,40853627.87,567.0,328.0,8169543976.58,2026-08-24 16:00:28,0,0.0,-4.21,,24-Jul-2026,25.573192239858905,-28.658536585365855,,,SAATVIK GREEN ENERGY LIMITED,0.73
0,TTMLEQN,-0.43,TTML,EQ,N,37.35,1045035,37.96,38.36,37.25,37.78,39450071.25,60.62,31.22,18720129276.81,2026-08-24 16:00:28,0,-36.74,-5.15,22-Aug-2025,24-Jul-2026,38.3866710656549,-19.63484945547726,,,TATA TELESERVICES (MAHARASHTRA) LIMITED,-1.14
0,UTIAMCEQN,-8.55,UTIAMC,EQ,N,884.5,43957,897.45,898.8,883.25,893.05,39144587.64,1418.0,876.0,37128703908.13,2026-08-24 16:00:28,0,-35.74,0.35,22-Aug-2025,24-Jul-2026,37.62341325811001,-0.9703196347031964,,,UTI ASSET MANAGEMENT COMPANY LIMITED,-0.96
0,NESCOEQN,-4.6,NESCO,EQ,N,1031.2,37102,1028.1,1048.0,1028.1,1035.8,38555656.36,1638.9,996.0,21593396030.7,2026-08-24 16:00:28,0,-28.65,-2.34,22-Aug-2025,24-Jul-2026,37.07974861187382,-3.534136546184739,,,NESCO LIMITED,-0.44
0,NUVOCOEQN,-1.45,NUVOCO,EQ,N,320.6,119571,321.65,323.95,319.3,322.05,38369138.19,477.5,276.25,32040239262.44,2026-08-24 16:00:28,0,-29.9,-9.96,22-Aug-2025,24-Jul-2026,32.8586387434555,-16.054298642533936,,,NUVOCO VISTAS CORPORATION LIMITED,-0.45
0,IFBINDEQN,26.7,IFBIND,EQ,N,1419.9,27237,1400.0,1419.9,1391.4,1393.2,38197985.91,2019.8,883.2,14377061150.43,2026-08-24 16:00:28,0,-3.89,8.88,22-Aug-2025,24-Jul-2026,29.700960491137735,-60.76766304347826,,,IFB INDUSTRIES LIMITED,1.92
0,ORIENTCEMEQN,-1.91,ORIENTCEM,EQ,N,129.61,291282,130.6,132.01,129.55,131.52,38023952.28,244.37,122.32,6706864802.62,2026-08-24 16:00:28,0,-45.48,-3.13,22-Aug-2025,24-Jul-2026,46.961574661374144,-5.959777632439503,,,ORIENT CEMENT LIMITED,-1.45
0,KANSAINEREQN,-4.83,KANSAINER,EQ,N,201.02,186381,205.75,208.05,201.0,205.85,38012404.95,264.0,157.91,40478207149.32,2026-08-24 16:00:28,0,-13.58,4.05,22-Aug-2025,24-Jul-2026,23.856060606060606,-27.300360965106705,,,KANSAI NEROLAC PAINTS LIMITED,-2.35
0,BIRLACORPNEQN,-0.7,BIRLACORPN,EQ,N,888.55,42302,887.0,899.9,887.0,889.25,37754111.98,1346.1,769.6,25142273759.99,2026-08-24 16:00:28,0,-31.43,-7.11,22-Aug-2025,24-Jul-2026,33.990788202956686,-15.45608108108108,,,BIRLA CORPORATION LIMITED,-0.08
0,ALOKINDSEQN,-0.08,ALOKINDS,EQ,N,11.49,3080309,11.59,11.75,11.45,11.57,35731584.4,19.34,11.11,14225969508.22,2026-08-24 16:00:28,0,-36.83,-4.81,22-Aug-2025,24-Jul-2026,40.5894519131334,-3.4203420342034203,,,ALOK INDUSTRIES LIMITED,-0.69
0,ANUPEQN,-14.9,ANUP,EQ,N,1794.0,19639,1808.9,1830.0,1786.0,1808.9,35454090.31,2576.0,1422.3,21199414967.66,2026-08-24 16:00:28,0,-21.56,-15.36,22-Aug-2025,24-Jul-2026,30.357142857142858,-26.13372706180131,,,THE ANUP ENGINEERING LIMITED,-0.82
0,JAIBALAJIEQN,1.44,JAIBALAJI,EQ,N,65.01,522888,63.9,65.9,63.5,63.57,33987720.0,108.0,53.65,16939581534.83,2026-08-24 16:00:28,0,-36.59,6.16,22-Aug-2025,24-Jul-2026,39.80555555555556,-21.174277726001865,,,JAI BALAJI INDUSTRIES LIMITED,2.27
0,SHAREINDIAEQN,-0.98,SHAREINDIA,EQ,N,173.15,193232,173.85,175.84,172.61,174.13,33556669.12,211.0,115.36,13145539324.06,2026-08-24 16:00:28,0,13.73,-9.62,22-Aug-2025,24-Jul-2026,17.938388625592417,-50.09535367545076,,,SHARE INDIA SECURITIES LIMITED,-0.56
0,SPLPETROEQN,-6.8,SPLPETRO,EQ,N,691.0,47919,704.7,704.7,688.15,697.8,33210262.95,979.0,462.3,43462352466.97,2026-08-24 16:00:28,0,-13.09,-6.82,22-Aug-2025,24-Jul-2026,29.417773237997956,-49.47004109885356,,,SUPREME PETROCHEM LIMITED,-0.97
0,JSWDULUXEQN,-2.8,JSWDULUX,EQ,N,3116.0,10615,3108.9,3140.3,3080.0,3118.8,33116358.55,3745.0,2658.7,53605227088.61,2026-08-24 16:00:28,0,-8.34,5.85,22-Aug-2025,24-Jul-2026,16.795727636849133,-17.200135404521006,,,JSW DULUX LIMITED,-0.09
0,EIHOTELEQN,-2.05,EIHOTEL,EQ,N,300.7,107159,305.7,307.95,298.2,302.75,32441315.66,434.8,271.15,59413640707.19,2026-08-24 16:00:28,0,-25.97,-7.87,22-Aug-2025,24-Jul-2026,30.841766329346825,-10.898026922367693,,,EIH LIMITED,-0.68
0,APLLTDEQN,0.55,APLLTD,EQ,N,822.3,39308,819.0,826.0,810.2,821.75,32100878.2,998.0,635.8,45619216493.92,2026-08-24 16:00:28,0,-15.63,3.1,22-Aug-2025,24-Jul-2026,17.605210420841683,-29.333123623781063,,,ALEMBIC PHARMACEUTICALS LIMITED,0.07
0,SAFARIEQN,3.2,SAFARI,EQ,N,1500.0,20596,1525.0,1525.0,1492.0,1496.8,30860840.44,2507.1,1363.1,34692371022.73,2026-08-24 16:00:28,0,-25.52,-2.53,22-Aug-2025,24-Jul-2026,40.16991743448606,-10.043283691585357,,,SAFARI INDUSTRIES (INDIA) LIMITED,0.21
0,REDTAPEEQN,-0.88,REDTAPE,EQ,N,122.0,227640,122.61,124.2,120.85,122.88,27826713.6,163.5,107.53,18125448955.11,2026-08-24 16:00:28,0,-1.94,-3.76,22-Aug-2025,24-Jul-2026,25.382262996941897,-13.456709755417092,,,REDTAPE LIMITED,-0.72
0,DATAMATICSEQN,-6.4,DATAMATICS,EQ,N,812.85,32893,823.9,828.55,810.1,819.25,26882462.11,1054.0,632.0,16094662212.28,2026-08-24 16:00:28,0,-17.07,-1.05,22-Aug-2025,24-Jul-2026,22.879506641366223,-28.615506329113924,,,DATAMATICS GLOBAL SERVICES LIMITED,-0.78
0,BLUEDARTEQN,-28.0,BLUEDART,EQ,N,5055.0,4920,5083.0,5125.5,5040.0,5083.0,24912715.2,7036.0,4628.5,29820173118.88,2026-08-24 16:00:28,0,-13.06,2.92,22-Aug-2025,24-Jul-2026,28.155201819215463,-9.214648374203305,,,BLUE DART EXPRESS LIMITED,-0.55
0,CERAEQN,-66.0,CERA,EQ,N,5799.5,4259,5865.5,5938.5,5753.5,5865.5,24854629.61,6740.0,4461.1,33368636029.66,2026-08-24 16:00:28,0,-11.17,-3.61,22-Aug-2025,24-Jul-2026,13.9540059347181,-30.001569119723836,,,CERA SANITARYWARE LIMITED,-1.13
0,STYLEQN,-2.65,STYL,EQ,N,389.9,62879,395.5,402.4,386.05,392.55,24466847.69,437.45,209.11,11203751091.59,2026-08-24 16:00:28,0,0.0,1.42,,24-Jul-2026,10.869813692993485,-86.4568887188561,,,SESHAASAI TECHNOLOGIES LIMITED,-0.68
0,DOMSEQN,-4.3,DOMS,EQ,N,2202.0,10334,2203.4,2217.8,2193.3,2206.3,22803314.42,2770.0,2023.9,39571005462.57,2026-08-24 16:00:28,0,-10.99,-0.86,22-Aug-2025,24-Jul-2026,20.505415162454874,-8.799841889421414,,,DOMS INDUSTRIES LIMITED,-0.19
0,WESTLIFEEQN,-2.15,WESTLIFE,EQ,N,586.0,37879,590.0,590.9,581.7,588.15,22213003.18,775.0,398.4,39376287494.18,2026-08-24 16:00:28,0,-16.3,27.63,22-Aug-2025,24-Jul-2026,24.387096774193548,-47.088353413654616,,,WESTLIFE FOODWORLD LIMITED,-0.37
0,GALLANTTEQN,-4.7,GALLANTT,EQ,N,579.7,36877,589.6,597.65,576.3,584.4,21585583.18,948.0,496.25,17291778192.94,2026-08-24 16:00:28,0,-5.79,11.22,22-Aug-2025,24-Jul-2026,38.85021097046413,-16.816120906801007,,,GALLANTT ISPAT LIMITED,-0.8
0,SUBROSEQN,-3.15,SUBROS,EQ,N,730.0,29443,734.95,740.55,727.0,733.15,21581424.57,1213.7,622.1,13926082349.83,2026-08-24 16:00:28,0,-16.08,-6.64,22-Aug-2025,24-Jul-2026,39.85334102331713,-17.344478379681725,,,SUBROS LIMITED,-0.43
0,CORONAEQN,0.7,CORONA,EQ,N,2143.3,9877,2144.0,2167.2,2130.1,2142.6,21225870.54,2270.1,1336.6,13232578603.57,2026-08-24 16:00:28,0,0.0,1.43,,24-Jul-2026,5.585657019514559,-60.3546311536735,,,CORONA REMEDIES LIMITED,0.03
0,JLHLEQN,-4.4,JLHL,EQ,N,305.35,63292,309.95,314.65,304.0,309.75,19483809.28,340.0,235.6,56886790009.79,2026-08-24 16:00:28,0,8.66,-5.52,22-Aug-2025,24-Jul-2026,10.191176470588236,-29.605263157894736,,,JUPITER LIFE LINE HOSPITALS LIMITED,-1.42
0,SANOFICONREQN,-27.1,SANOFICONR,EQ,N,4195.0,4621,4202.0,4281.0,4182.0,4222.1,19475851.44,5357.0,3975.0,27575703390.93,2026-08-24 16:00:28,0,-18.76,-10.26,22-Aug-2025,24-Jul-2026,21.69124509986933,-5.534591194968553,,,SANOFI CONSUMER HEALTHCARE INDIA LIMITED,-0.64
0,TSFINVEQN,-4.25,TSFINV,EQ,N,412.9,46289,417.15,421.0,412.05,417.15,19211786.56,701.5,331.7,38733785207.34,2026-08-24 16:00:28,0,-16.67,-4.6,22-Aug-2025,24-Jul-2026,41.14041339985745,-24.479951763641846,,,TSF INVESTMENTS LIMITED,-1.02
0,CRIZACEQN,0.94,CRIZAC,EQ,N,173.78,110295,174.0,175.97,172.9,172.84,19163756.25,387.95,170.29,6100028070.69,2026-08-24 16:00:28,0,-50.57,-5.78,22-Aug-2025,24-Jul-2026,55.20556772779997,-2.049445064302073,,,CRIZAC LIMITED,0.54
0,INDIACEMEQN,-2.55,INDIACEM,EQ,N,368.35,41453,370.9,373.1,366.5,370.9,15314810.85,485.8,342.35,25266101326.98,2026-08-24 16:00:28,0,-2.16,-9.5,22-Aug-2025,24-Jul-2026,24.176615891313297,-7.594566963633708,,,THE INDIA CEMENTS LIMITED,-0.69
