priority,identifier,change,symbol,series,marketType,lastPrice,totalTradedVolume,open,dayHigh,dayLow,previousClose,totalTradedValue,yearHigh,yearLow,ffmc,lastUpdateTime,stockIndClosePrice,perChange365d,perChange30d,date365dAgo,date30dAgo,nearWKH,nearWKL,chart30Path,chart365Path,companyName,pChange
1,NIFTY TOTAL MARKET,61.7,NIFTY TOTAL MARKET,,,12444.0,2754968099,12438.7,12490.45,12363.3,12382.3,901714260780.13,13548.0,11436.55,,2026-10-05 15:40:32,0,-3.97,-5.36,03-Oct-2025,04-Sep-2026,8.148804251550045,-8.809037690562276,,,,0.5
0,HDFCBANKEQN,-16.4,HDFCBANK,EQ,N,704.8,66056690,731.95,734.2,701.25,721.2,47292626638.6,1020.5,681.9,10774918486535.86,2026-10-05 16:00:27,0,-26.98,-1.03,03-Oct-2025,04-Sep-2026,30.935815776580107,-3.358263675025664,,,HDFC BANK LIMITED,-2.27
0,BSEEQN,133.6,BSE,EQ,N,3179.6,6735475,3052.0,3181.0,3036.0,3046.0,21089108998.75,4446.8,2038.0,1295676148428.53,2026-10-05 16:00:27,0,51.89,-6.75,03-Oct-2025,04-Sep-2026,28.496896644778268,-56.015701668302256,,,BSE LIMITED,4.39
0,ICICIBANKEQN,21.4,ICICIBANK,EQ,N,1332.0,13223493,1311.0,1334.7,1303.7,1310.6,17450779242.24,1480.0,1187.6,9521632730565.17,2026-10-05 16:00:27,0,-2.43,-6.41,03-Oct-2025,04-Sep-2026,10.0,-12.158976086224317,,,ICICI BANK LIMITED,1.63
0,RELIANCEEQN,18.7,RELIANCE,EQ,N,1186.4,14254907,1171.2,1193.0,1171.2,1167.7,16844025758.41,1611.8,1160.8,7911103191326.99,2026-10-05 16:00:27,0,-12.98,-10.26,03-Oct-2025,04-Sep-2026,26.3928527112545,-2.2053756030323917,,,RELIANCE INDUSTRIES LIMITED,1.6
0,POLICYBZREQN,-3.8,POLICYBZR,EQ,N,976.2,13249741,984.9,1006.3,945.1,980.0,12962354117.71,1964.2,945.1,345586390774.83,2026-10-05 16:00:27,0,-42.59,-46.83,03-Oct-2025,04-Sep-2026,50.300376743712455,-3.290657073325574,,,PB FINTECH LIMITED,-0.39
0,ITCEQN,13.0,ITC,EQ,N,268.9,49020716,260.95,269.8,259.0,255.9,12944900474.12,426.4,254.65,2585356666413.95,2026-10-05 16:00:27,0,-33.49,1.82,03-Oct-2025,04-Sep-2026,36.93714821763602,-5.59591596308659,,,ITC LIMITED,5.08
0,BHARTIARTLEQN,38.8,BHARTIARTL,EQ,N,1779.9,7310041,1742.3,1779.9,1742.3,1741.1,12913187426.5,2174.5,1726.3,5398118293089.9,2026-10-05 16:00:27,0,-6.16,-3.27,03-Oct-2025,04-Sep-2026,18.14670039089446,-3.104906447315067,,,BHARTI AIRTEL LIMITED,2.23
0,INFYEQN,-14.5,INFY,EQ,N,1020.5,12126808,1050.0,1052.3,1010.0,1035.0,12427916642.64,1728.0,980.4,3594420169249.38,2026-10-05 16:00:27,0,-29.46,-9.69,03-Oct-2025,04-Sep-2026,40.94328703703704,-4.090167278661771,,,INFOSYS LIMITED,-1.4
0,BAJFINANCEEQN,21.7,BAJFINANCE,EQ,N,970.0,12682669,962.55,995.8,962.55,948.3,12426225432.82,1176.4,787.9,2639566668922.5,2026-10-05 16:00:27,0,-2.0,-8.53,03-Oct-2025,04-Sep-2026,17.545052703162188,-23.11207005965224,,,BAJAJ FINANCE LIMITED,2.29
0,TCSEQN,39.4,TCS,EQ,N,2114.4,5270768,2114.0,2140.9,2063.6,2075.0,11105244637.6,3350.0,1976.8,2152741357488.11,2026-10-05 16:00:27,0,-27.14,-8.23,03-Oct-2025,04-Sep-2026,36.88358208955224,-6.960744637798462,,,TATA CONSULTANCY SERVICES LIMITED,1.9
0,TDPOWERSYSEQN,22.15,TDPOWERSYS,EQ,N,814.3,12561061,801.0,856.1,796.0,792.15,10393273092.62,856.1,291.35,184840133166.27,2026-10-05 16:00:27,0,153.34,10.03,03-Oct-2025,04-Sep-2026,4.8826071720593385,-179.49201990732794,,,TD POWER SYSTEMS LIMITED,2.8
0,ETERNALEQN,6.9,ETERNAL,EQ,N,320.8,31037275,308.95,322.85,308.1,313.9,9836333193.0,368.45,212.6,2318242954160.29,2026-10-05 16:00:27,0,-2.33,-0.6,03-Oct-2025,04-Sep-2026,12.93255529922649,-50.89369708372531,,,ETERNAL LIMITED,2.2
0,M&MEQN,-2.4,M&M,EQ,N,2857.6,3307236,2857.5,2874.0,2825.1,2860.0,9428268388.8,3839.9,2812.0,2546141775638.91,2026-10-05 16:00:27,0,-17.46,-9.85,03-Oct-2025,04-Sep-2026,25.58139534883721,-1.6216216216216217,,,MAHINDRA & MAHINDRA LIMITED,-0.08
0,DMARTEQN,-246.0,DMART,EQ,N,3567.0,2550875,3808.6,3808.6,3545.3,3813.0,9241182406.25,4644.0,3529.0,573878941159.49,2026-10-05 16:00:27,0,-19.27,-5.38,03-Oct-2025,04-Sep-2026,23.191214470284237,-1.0767922924341173,,,AVENUE SUPERMARTS LIMITED,-6.45
0,KOTAKBANKEQN,-2.35,KOTAKBANK,EQ,N,416.0,21967652,418.0,424.45,413.75,418.35,9187750772.48,453.2,345.5,3055035086995.51,2026-10-05 16:00:27,0,-0.98,-2.0,03-Oct-2025,04-Sep-2026,8.20829655781112,-20.40520984081042,,,KOTAK MAHINDRA BANK LIMITED,-0.56
0,AXISBANKEQN,5.1,AXISBANK,EQ,N,1222.2,7472163,1229.0,1237.4,1216.4,1217.1,9178730307.57,1418.3,1131.0,3504231830073.55,2026-10-05 16:00:27,0,3.49,-3.99,03-Oct-2025,04-Sep-2026,13.826411901572305,-8.063660477453581,,,AXIS BANK LIMITED,0.42
0,MARUTIEQN,146.0,MARUTI,EQ,N,11532.0,757171,11386.0,11544.0,11305.0,11386.0,8663845878.69,17370.0,11305.0,1495586447317.85,2026-10-05 16:00:27,0,-27.04,-9.15,03-Oct-2025,04-Sep-2026,33.60967184801382,-2.0079610791685094,,,MARUTI SUZUKI INDIA LIMITED,1.28
0,LTEQN,56.6,LT,EQ,N,3750.0,2323437,3717.0,3750.0,3707.8,3693.4,8660495245.65,4440.0,3288.1,4377337673016.58,2026-10-05 16:00:27,0,0.45,-5.4,03-Oct-2025,04-Sep-2026,15.54054054054054,-14.047626288738178,,,LARSEN & TOUBRO LIMITED,1.53
0,SBINEQN,3.9,SBIN,EQ,N,958.0,8165087,959.0,969.45,956.0,954.1,7844688986.12,1234.7,857.25,3948432800411.14,2026-10-05 16:00:27,0,10.46,-5.72,03-Oct-2025,04-Sep-2026,22.410302097675547,-11.752697579469233,,,STATE BANK OF INDIA,0.41
0,NETWEBEQN,244.9,NETWEB,EQ,N,4765.2,1646842,4543.0,4790.0,4535.0,4520.3,7734261705.64,5813.0,2920.0,93519071812.1,2026-10-05 16:00:27,0,10.51,-8.24,03-Oct-2025,04-Sep-2026,18.025116119043524,-63.19178082191781,,,NETWEB TECHNOLOGIES INDIA LIMITED,5.42
0,KALYANKJILEQN,28.35,KALYANKJIL,EQ,N,556.85,13447714,534.9,564.95,529.1,528.5,7456219504.44,648.95,327.05,213407450121.24,2026-10-05 16:00:27,0,13.15,-7.01,03-Oct-2025,04-Sep-2026,14.192156560597889,-70.2644855526678,,,KALYAN JEWELLERS INDIA LIMITED,5.36
0,NUVAMAEQN,108.6,NUVAMA,EQ,N,1810.0,4036851,1709.4,1865.0,1706.0,1701.4,7343597128.14,2066.0,1096.9,146366684144.82,2026-10-05 16:00:27,0,33.98,-0.31,03-Oct-2025,04-Sep-2026,12.39109390125847,-65.01048409153067,,,NUVAMA WEALTH MANAGEMENT LIMITED,6.38
0,APOLLOHOSPEQN,-148.5,APOLLOHOSP,EQ,N,7985.0,895216,7880.5,8076.0,7880.5,8133.5,7165407337.76,9070.5,6696.5,819531847371.76,2026-10-05 16:00:27,0,7.19,-7.69,03-Oct-2025,04-Sep-2026,11.967366738327545,-19.24139475845591,,,APOLLO HOSPITALS ENTERPRISE LIMITED,-1.83
0,SCIEQN,23.85,SCI,EQ,N,290.9,24814404,272.0,292.6,271.45,267.05,7057216497.6,368.75,195.55,49008061119.16,2026-10-05 16:00:27,0,27.25,-1.51,03-Oct-2025,04-Sep-2026,21.11186440677966,-48.75990795193045,,,SHIPPING CORPORATION OF INDIA LIMITED,8.93
0,GROWWEQN,7.26,GROWW,EQ,N,187.37,38074910,181.34,187.94,180.16,180.11,7007687185.5,227.2,112.0,266952938597.25,2026-10-05 16:00:27,0,0.0,-3.42,,04-Sep-2026,17.530809859154928,-67.29464285714286,,,BILLIONBRAINS GARAGE VENTURES LIMITED,4.03
0,COFORGEEQN,26.0,COFORGE,EQ,N,1852.0,3693526,1842.3,1888.0,1793.8,1826.0,6828443127.76,2021.2,1008.1,643226108779.72,2026-10-05 16:00:27,0,14.81,-6.12,03-Oct-2025,04-Sep-2026,8.371264595289928,-83.71193333994644,,,COFORGE LIMITED,1.42
0,NYKAAEQN,14.6,NYKAA,EQ,N,339.55,19341790,335.0,344.55,335.0,324.95,6576015182.1,349.55,231.24,463532346225.75,2026-10-05 16:00:27,0,41.59,2.12,03-Oct-2025,04-Sep-2026,2.8608210556429694,-46.83878221760941,,,FSN E-COMMERCE VENTURES LIMITED,4.49
0,WELCORPEQN,-104.8,WELCORP,EQ,N,2501.0,2352647,2649.9,2672.9,2450.0,2605.8,5899662302.49,2900.0,710.0,326376691484.4,2026-10-05 16:00:27,0,189.42,-3.46,03-Oct-2025,04-Sep-2026,13.758620689655173,-252.25352112676057,,,WELSPUN CORP LIMITED,-4.02
0,IDEAEQN,0.1,IDEA,EQ,N,12.74,460591162,12.75,12.9,12.56,12.64,5849507757.4,15.79,8.13,349762792801.76,2026-10-05 16:00:27,0,44.44,-15.18,03-Oct-2025,04-Sep-2026,19.316022799240024,-56.70356703567035,,,VODAFONE IDEA LIMITED,0.79
0,LGEINDIAEQN,58.2,LGEINDIA,EQ,N,1780.0,3145126,1715.0,1825.0,1715.0,1721.8,5656288952.18,1825.0,1304.1,180305704348.92,2026-10-05 16:00:27,0,0.0,8.49,,04-Sep-2026,2.4657534246575343,-36.4926002607162,,,LG ELECTRONICS INDIA LIMITED,3.38
0,HEROMOTOCOEQN,-78.5,HEROMOTOCO,EQ,N,5089.5,1072997,5199.0,5205.5,4994.5,5168.0,5451919216.94,6388.5,4671.5,658962754716.96,2026-10-05 16:00:27,0,-8.31,-3.97,03-Oct-2025,04-Sep-2026,20.333411598966894,-8.94787541474901,,,HERO MOTOCORP LIMITED,-1.52
0,TECHMEQN,2.9,TECHM,EQ,N,1535.9,3346008,1543.7,1561.0,1509.7,1533.0,5136088819.92,1854.0,1304.1,972969086081.17,2026-10-05 16:00:27,0,9.66,-3.82,03-Oct-2025,04-Sep-2026,17.15749730312837,-17.774710528333717,,,TECH MAHINDRA LIMITED,0.19
0,ADANIENTEQN,47.2,ADANIENT,EQ,N,2864.0,1782260,2843.9,2890.9,2823.0,2816.8,5080706404.6,3245.0,1753.0,968420306707.11,2026-10-05 16:00:27,0,13.9,-2.52,03-Oct-2025,04-Sep-2026,11.741140215716486,-63.377067883628065,,,ADANI ENTERPRISES LIMITED,1.68
0,WIPROEQN,2.79,WIPRO,EQ,N,162.14,30838863,163.0,164.3,161.43,159.35,5014399123.8,273.1,156.79,437930832468.47,2026-10-05 16:00:27,0,-32.72,-8.08,03-Oct-2025,04-Sep-2026,40.62980593189308,-3.412207411186938,,,WIPRO LIMITED,1.75
0,SHRIRAMFINEQN,26.4,SHRIRAMFIN,EQ,N,971.4,5092892,964.0,973.5,954.0,945.0,4920650392.56,1153.7,616.05,1357027983825.07,2026-10-05 16:00:27,0,50.42,-6.69,03-Oct-2025,04-Sep-2026,15.80133483574586,-57.68200633065498,,,SHRIRAM FINANCE LIMITED,2.79
0,ADANIPORTSEQN,36.2,ADANIPORTS,EQ,N,1774.0,2792824,1769.9,1779.0,1737.8,1737.8,4911544071.12,1891.1,1292.0,1386459760819.72,2026-10-05 16:00:27,0,25.01,3.91,03-Oct-2025,04-Sep-2026,6.192163291206176,-37.306501547987615,,,ADANI PORTS AND SPECIAL ECONOMIC ZONE LIMITED,2.08
0,CUPIDEQN,-2.5,CUPID,EQ,N,310.0,15766847,314.3,316.0,302.1,312.5,4887091896.12,316.0,41.82,208685204818.76,2026-10-05 16:00:27,0,621.77,9.48,03-Oct-2025,04-Sep-2026,1.8987341772151898,-641.272118603539,,,CUPID LIMITED,-0.8
0,ATHERENERGEQN,3.8,ATHERENERG,EQ,N,1409.9,3319066,1411.1,1423.8,1388.5,1406.1,4670224577.94,1744.0,565.45,266980940433.56,2026-10-05 16:00:27,0,137.76,-10.99,03-Oct-2025,04-Sep-2026,19.15711009174312,-149.3412326465647,,,ATHER ENERGY LIMITED,0.27
0,HCLTECHEQN,-41.2,HCLTECH,EQ,N,1201.9,3843425,1243.7,1247.2,1196.5,1243.1,4669146427.0,1780.1,1030.0,1262854170018.79,2026-10-05 16:00:27,0,-13.75,-7.07,03-Oct-2025,04-Sep-2026,32.48132127408572,-16.689320388349515,,,HCL TECHNOLOGIES LIMITED,-3.31
0,MCXEQN,-22.3,MCX,EQ,N,3181.7,1386833,3220.0,3258.7,3150.0,3204.0,4444494661.74,3481.4,1551.3,809404225716.61,2026-10-05 16:00:27,0,95.32,-2.86,03-Oct-2025,04-Sep-2026,8.608605733325673,-105.09894926835557,,,MULTI COMMODITY EXCHANGE OF INDIA LIMITED,-0.7
0,DIVISLABEQN,-53.0,DIVISLAB,EQ,N,9196.0,480338,9251.0,9285.5,9113.5,9249.0,4406111653.72,9740.0,5647.5,1165579246997.24,2026-10-05 16:00:27,0,56.77,1.05,03-Oct-2025,04-Sep-2026,5.585215605749487,-62.83311199645861,,,DIVI'S LABORATORIES LIMITED,-0.57
0,ONGCEQN,2.53,ONGC,EQ,N,224.9,19420879,222.5,226.69,222.42,222.37,4357074203.65,307.5,220.6,871171238944.85,2026-10-05 16:00:27,0,-7.7,-4.16,03-Oct-2025,04-Sep-2026,26.86178861788618,-1.9492293744333635,,,OIL & NATURAL GAS CORPORATION LIMITED,1.14
0,VAMLEQN,-6.75,VAML,EQ,N,396.0,10726817,403.5,410.95,391.45,402.75,4264338830.18,537.0,391.45,670427431083.08,2026-10-05 16:00:27,0,0.0,-9.54,,04-Sep-2026,26.256983240223462,-1.1623451270915826,,,VEDANTA ALUMINIUM METAL LIMITED,-1.68
0,PERSISTENTEQN,163.0,PERSISTENT,EQ,N,5530.0,768988,5448.0,5620.0,5387.5,5367.0,4251996107.92,6599.0,4244.5,599934210470.0,2026-10-05 16:00:27,0,9.1,-2.0,03-Oct-2025,04-Sep-2026,16.199424155175027,-30.28625279773825,,,PERSISTENT SYSTEMS LIMITED,3.04
0,REDINGTONEQN,13.5,REDINGTON,EQ,N,411.45,10144724,400.45,416.9,400.45,397.95,4171409061.56,419.5,191.31,244533965955.42,2026-10-05 16:00:27,0,47.03,10.81,03-Oct-2025,04-Sep-2026,1.9189511323003576,-115.06978202916731,,,REDINGTON LIMITED,3.39
0,BELEQN,1.75,BEL,EQ,N,384.85,10909395,383.1,384.85,377.0,383.1,4154188522.05,473.45,377.0,1374553455968.99,2026-10-05 16:00:27,0,-6.74,-5.06,03-Oct-2025,04-Sep-2026,18.71369732812335,-2.0822281167108754,,,BHARAT ELECTRONICS LIMITED,0.46
0,HINDALCOEQN,-3.45,HINDALCO,EQ,N,938.4,4401291,953.5,954.05,931.1,941.85,4135188946.14,1176.0,754.45,1354895983308.1,2026-10-05 16:00:27,0,20.25,-7.18,03-Oct-2025,04-Sep-2026,20.20408163265306,-24.38200013254689,,,HINDALCO INDUSTRIES LIMITED,-0.37
0,ADANIPOWEREQN,4.79,ADANIPOWER,EQ,N,201.0,19752263,197.17,201.68,197.1,196.21,3937613629.05,254.2,128.1,834047039694.64,2026-10-05 16:00:27,0,36.38,-2.99,03-Oct-2025,04-Sep-2026,20.928402832415422,-56.90866510538642,,,ADANI POWER LIMITED,2.44
0,TARILEQN,3.8,TARIL,EQ,N,284.6,13448683,287.6,297.9,283.25,280.8,3901731911.96,501.2,224.05,30498285238.03,2026-10-05 16:00:27,0,-42.74,-5.43,03-Oct-2025,04-Sep-2026,43.21628092577813,-27.025217585360412,,,TRANSFORMERS AND RECTIFIERS (INDIA) LIMITED,1.35
0,TMPVEQN,9.25,TMPV,EQ,N,288.65,13512719,280.1,289.8,278.95,279.4,3865313269.95,739.7,272.2,602310837075.24,2026-10-05 16:00:27,0,-59.69,-7.34,03-Oct-2025,04-Sep-2026,60.97742327970799,-6.043350477590008,,,TATA MOTORS PASSENGER VEHICLES LIMITED,3.31
0,STLTECHBEN,47.75,STLTECH,BE,N,1003.1,3877431,952.4,1003.1,932.0,955.35,3806861755.8,1003.1,84.6,292127252319.36,2026-10-05 16:00:27,0,714.07,33.94,03-Oct-2025,04-Sep-2026,0.0,-1085.6973995271867,,,STERLITE TECHNOLOGIES LIMITED,5.0
0,PAYTMEQN,28.0,PAYTM,EQ,N,1684.0,2267650,1656.0,1694.0,1654.9,1656.0,3804436405.0,1855.5,930.6,723098603110.71,2026-10-05 16:00:27,0,44.18,1.48,03-Oct-2025,04-Sep-2026,9.24279170035031,-80.9585213840533,,,ONE 97 COMMUNICATIONS LIMITED,1.69
0,DRREDDYEQN,-3.2,DRREDDY,EQ,N,1203.0,3075974,1198.0,1206.6,1189.0,1206.2,3686370280.56,1414.9,1101.0,731693485902.99,2026-10-05 16:00:27,0,-3.61,4.52,03-Oct-2025,04-Sep-2026,14.976323415082337,-9.264305177111716,,,DR. REDDY'S LABORATORIES LIMITED,-0.27
0,TATASTEELEQN,0.14,TATASTEEL,EQ,N,178.14,20426029,179.28,181.28,177.02,178.0,3646046176.5,224.4,160.06,1474029438434.51,2026-10-05 16:00:27,0,2.85,-5.64,03-Oct-2025,04-Sep-2026,20.614973262032084,-11.295764088466825,,,TATA STEEL LIMITED,0.08
0,PFCEQN,4.0,PFC,EQ,N,322.0,11353503,320.1,323.35,317.7,318.0,3641295482.16,486.5,313.35,467560542622.33,2026-10-05 16:00:27,0,-21.88,-9.45,03-Oct-2025,04-Sep-2026,33.81294964028777,-2.7604914632200415,,,POWER FINANCE CORPORATION LIMITED,1.26
0,PWLEQN,10.83,PWL,EQ,N,131.0,28246518,120.71,133.47,120.71,120.17,3620921142.42,161.99,77.72,76912744251.21,2026-10-05 16:00:27,0,0.0,3.62,,04-Sep-2026,19.130810543860733,-68.5537828100875,,,PHYSICSWALLAH LIMITED,9.01
0,BAJAJ-AUTOEQN,-21.0,BAJAJ-AUTO,EQ,N,10024.0,354238,10036.0,10089.0,9920.0,10045.0,3544200783.32,12470.0,8491.5,1090738521977.83,2026-10-05 16:00:27,0,15.49,-15.9,03-Oct-2025,04-Sep-2026,19.615076182838813,-18.047459223929813,,,BAJAJ AUTO LIMITED,-0.21
0,BHELEQN,8.0,BHEL,EQ,N,429.0,8225965,424.95,433.45,423.1,421.0,3528363167.45,446.5,229.54,623373864150.88,2026-10-05 16:00:27,0,75.09,-0.49,03-Oct-2025,04-Sep-2026,3.9193729003359463,-86.89553019081642,,,BHARAT HEAVY ELECTRICALS LIMITED,1.9
0,POLYCABEQN,90.0,POLYCAB,EQ,N,8080.0,424158,7990.0,8186.0,7980.5,7990.0,3434097690.66,10126.0,6663.0,430753993188.43,2026-10-05 16:00:27,0,9.29,-2.65,03-Oct-2025,04-Sep-2026,20.205411811179143,-21.266696683175745,,,POLYCAB INDIA LIMITED,1.13
0,AUBANKEQN,42.2,AUBANK,EQ,N,1029.2,3358977,1000.0,1035.7,999.1,987.0,3433781417.79,1144.1,719.05,597102469954.04,2026-10-05 16:00:27,0,38.72,-3.36,03-Oct-2025,04-Sep-2026,10.042828424088803,-43.13330088310966,,,AU SMALL FINANCE BANK LIMITED,4.28
0,ULTRACEMCOEQN,140.0,ULTRACEMCO,EQ,N,10850.0,314538,10736.0,10940.0,10731.0,10710.0,3420358555.74,13110.0,10325.0,1280768412701.11,2026-10-05 16:00:27,0,-9.73,-4.89,03-Oct-2025,04-Sep-2026,17.238749046529367,-5.084745762711864,,,ULTRATECH CEMENT LIMITED,1.31
0,CUMMINSINDEQN,-27.7,CUMMINSIND,EQ,N,4832.3,707402,4864.2,4900.0,4789.2,4860.0,3414120124.56,6100.0,3833.0,651021003836.28,2026-10-05 16:00:27,0,22.87,-4.03,03-Oct-2025,04-Sep-2026,20.781967213114754,-26.070962692408035,,,CUMMINS INDIA LIMITED,-0.57
0,JIOFINEQN,-0.5,JIOFIN,EQ,N,212.0,16101981,213.85,213.99,210.52,212.5,3410882635.23,316.85,208.5,693928986660.74,2026-10-05 16:00:27,0,-29.73,-11.48,03-Oct-2025,04-Sep-2026,33.09136815527852,-1.6786570743405276,,,JIO FINANCIAL SERVICES LIMITED,-0.24
0,TMCVEQN,10.45,TMCV,EQ,N,425.95,8038049,415.5,428.85,412.7,415.5,3387957273.01,509.0,306.3,890151556868.45,2026-10-05 16:00:27,0,0.0,-7.04,,04-Sep-2026,16.31630648330059,-39.063010120796605,,,TATA MOTORS LIMITED,2.52
0,TITANEQN,64.3,TITAN,EQ,N,4580.0,731987,4515.9,4610.0,4505.8,4515.7,3347515628.53,5186.7,3351.0,1887676771613.63,2026-10-05 16:00:27,0,32.63,-8.76,03-Oct-2025,04-Sep-2026,11.697225596236528,-36.67561921814384,,,TITAN COMPANY LIMITED,1.42
0,COALINDIAEQN,4.7,COALINDIA,EQ,N,425.1,7764099,425.0,430.9,421.6,420.4,3306419200.14,491.25,369.6,1015590150532.81,2026-10-05 16:00:27,0,10.89,2.35,03-Oct-2025,04-Sep-2026,13.465648854961833,-15.016233766233766,,,COAL INDIA LIMITED,1.12
0,V2RETAILEQN,-33.5,V2RETAIL,EQ,N,167.89,18473874,183.99,183.99,162.33,201.39,3183602706.42,259.25,162.33,29680008148.69,2026-10-05 16:00:27,0,-24.47,-22.45,03-Oct-2025,04-Sep-2026,35.240115718418515,-3.425121665742623,,,V2 RETAIL LIMITED,-16.63
0,BANDHANBNKEQN,-7.73,BANDHANBNK,EQ,N,168.27,18154959,176.0,176.73,168.05,176.0,3092334166.47,220.76,134.25,165443784240.08,2026-10-05 16:00:27,0,1.39,2.01,03-Oct-2025,04-Sep-2026,23.776952346439572,-25.34078212290503,,,BANDHAN BANK LIMITED,-4.39
0,NTPCEQN,6.7,NTPC,EQ,N,321.8,9458589,316.05,323.55,316.05,315.1,3037152927.9,414.4,313.05,1525064262291.69,2026-10-05 16:00:27,0,-5.91,-3.22,03-Oct-2025,04-Sep-2026,22.345559845559844,-2.7950806580418464,,,NTPC LIMITED,2.13
0,SUNTVEQN,18.1,SUNTV,EQ,N,618.0,4762809,597.0,635.8,595.2,599.9,2974517104.77,663.9,447.2,61754774596.48,2026-10-05 16:00:27,0,6.96,31.24,03-Oct-2025,04-Sep-2026,6.913691821057388,-38.19320214669052,,,SUN TV NETWORK LIMITED,3.02
0,HDFCAMCEQN,37.9,HDFCAMC,EQ,N,2346.0,1244530,2308.1,2369.5,2308.1,2308.1,2924421484.6,2967.25,2205.6,477741338221.77,2026-10-05 16:00:27,0,-16.08,-4.57,03-Oct-2025,04-Sep-2026,20.936894430870336,-6.365614798694233,,,HDFC ASSET MANAGEMENT COMPANY LIMITED,1.64
0,MAXHEALTHEQN,-23.95,MAXHEALTH,EQ,N,917.0,3127962,937.4,939.8,912.0,940.95,2885263428.42,1221.9,902.05,680606922983.85,2026-10-05 16:00:27,0,-14.23,-6.88,03-Oct-2025,04-Sep-2026,24.952942139291267,-1.6573360678454632,,,MAX HEALTHCARE INSTITUTE LIMITED,-2.55
0,ADANIENSOLEQN,27.0,ADANIENSOL,EQ,N,1353.4,2095376,1336.1,1377.8,1336.1,1326.4,2833535057.28,1789.0,803.1,440330229903.01,2026-10-05 16:00:27,0,47.69,-3.99,03-Oct-2025,04-Sep-2026,24.348798211291225,-68.52197733781597,,,ADANI ENERGY SOLUTIONS LIMITED,2.04
0,TVSMOTOREQN,10.0,TVSMOTOR,EQ,N,4031.0,706602,4026.0,4040.5,3919.0,4021.0,2820931834.5,4484.5,3228.0,944270430654.53,2026-10-05 16:00:27,0,16.63,-2.47,03-Oct-2025,04-Sep-2026,10.112610101460586,-24.87608426270136,,,TVS MOTOR COMPANY LIMITED,0.25
0,MFSLEQN,-44.0,MFSL,EQ,N,1348.0,2005008,1385.3,1385.3,1341.0,1392.0,2714460030.72,1892.5,1341.0,356544741678.85,2026-10-05 16:00:27,0,-15.97,-12.94,03-Oct-2025,04-Sep-2026,28.771466314398943,-0.5219985085756897,,,MAX FINANCIAL SERVICES LIMITED,-3.16
0,LAURUSLABSEQN,-12.6,LAURUSLABS,EQ,N,1971.4,1374138,1994.0,2002.0,1955.1,1984.0,2707367911.74,2055.3,843.0,765750730898.22,2026-10-05 16:00:27,0,128.07,7.14,03-Oct-2025,04-Sep-2026,4.08212912956746,-133.8552787663108,,,LAURUS LABS LIMITED,-0.64
0,UPLEQN,-14.3,UPL,EQ,N,502.5,5330366,520.5,526.8,496.05,516.8,2703988064.48,812.2,496.05,281033059776.18,2026-10-05 16:00:27,0,-25.45,-13.68,03-Oct-2025,04-Sep-2026,38.13100221620291,-1.3002721499848806,,,UPL LIMITED,-2.77
0,DIXONEQN,48.0,DIXON,EQ,N,12748.0,211036,12729.0,12899.0,12692.0,12700.0,2699867962.4,17505.0,9600.0,529517178097.93,2026-10-05 16:00:27,0,-23.16,-10.48,03-Oct-2025,04-Sep-2026,27.17509283061982,-32.791666666666664,,,DIXON TECHNOLOGIES (INDIA) LIMITED,0.38
0,SWIGGYEQN,0.8,SWIGGY,EQ,N,238.8,11179271,239.2,246.3,237.4,238.0,2694763274.55,459.95,235.5,357775153039.22,2026-10-05 16:00:27,0,-42.3,-13.51,03-Oct-2025,04-Sep-2026,48.081313186215894,-1.4012738853503184,,,SWIGGY LIMITED,0.34
0,EICHERMOTEQN,101.5,EICHERMOT,EQ,N,7021.5,381658,6975.0,7066.0,6901.5,6920.0,2669957237.44,8230.0,6442.0,966113274979.82,2026-10-05 16:00:27,0,1.16,-7.98,03-Oct-2025,04-Sep-2026,14.68408262454435,-8.995653523750388,,,EICHER MOTORS LIMITED,1.47
0,INDHOTELEQN,7.0,INDHOTEL,EQ,N,725.0,3696656,713.0,726.6,713.0,718.0,2667396069.92,757.4,565.0,634914329490.94,2026-10-05 16:00:27,0,0.08,0.69,03-Oct-2025,04-Sep-2026,4.277792447847901,-28.31858407079646,,,THE INDIAN HOTELS COMPANY LIMITED,0.97
0,CANBKEQN,0.14,CANBK,EQ,N,118.5,22263750,119.39,120.96,118.21,118.36,2657178562.5,162.89,116.51,397162043791.02,2026-10-05 16:00:27,0,-5.88,-5.58,03-Oct-2025,04-Sep-2026,27.25151943029038,-1.7080078963179126,,,CANARA BANK,0.12
0,MARICOEQN,8.65,MARICO,EQ,N,790.0,3353838,783.7,814.0,780.0,781.35,2656642156.56,889.1,691.3,417588277011.93,2026-10-05 16:00:27,0,11.12,-3.09,03-Oct-2025,04-Sep-2026,11.146102800584861,-14.277448285838275,,,MARICO LIMITED,1.11
0,HINDCOPPEREQN,16.8,HINDCOPPER,EQ,N,478.95,5563749,466.05,481.0,465.15,462.15,2649401636.31,760.05,308.5,184426199299.8,2026-10-05 16:00:27,0,41.53,-8.19,03-Oct-2025,04-Sep-2026,36.98440892046576,-55.25121555915721,,,HINDUSTAN COPPER LIMITED,3.64
0,PCJEWELLEREQN,0.27,PCJEWELLER,EQ,N,13.09,199713384,13.0,13.32,12.86,12.82,2610253928.88,14.86,7.47,59274048099.01,2026-10-05 16:00:27,0,-2.39,10.37,03-Oct-2025,04-Sep-2026,11.911170928667564,-75.2342704149933,,,PC JEWELLER LIMITED,2.11
0,MPHASISEQN,46.9,MPHASIS,EQ,N,2297.1,1107616,2277.8,2342.0,2239.2,2250.2,2543695524.8,2975.0,2013.0,303384193866.97,2026-10-05 16:00:27,0,-16.07,-5.16,03-Oct-2025,04-Sep-2026,22.78655462184874,-14.113263785394933,,,MPHASIS LIMITED,2.08
0,RECLTDEQN,7.9,RECLTD,EQ,N,295.65,8639552,288.0,296.8,287.3,287.75,2535449325.44,390.3,286.2,368248173248.93,2026-10-05 16:00:27,0,-22.27,-7.23,03-Oct-2025,04-Sep-2026,24.250576479631054,-3.30188679245283,,,REC LIMITED,2.75
0,BANKBARODAEQN,1.98,BANKBARODA,EQ,N,232.8,10802904,233.11,237.32,231.93,230.82,2527987565.04,325.5,223.82,430697577560.73,2026-10-05 16:00:27,0,-11.8,-2.59,03-Oct-2025,04-Sep-2026,28.47926267281106,-4.012152622643195,,,BANK OF BARODA,0.86
0,PATANJALIEQN,0.55,PATANJALI,EQ,N,355.7,7070094,356.0,358.8,348.85,355.15,2499419630.88,614.05,328.2,122879079505.54,2026-10-05 16:00:27,0,-39.55,3.85,03-Oct-2025,04-Sep-2026,42.073121081345164,-8.379037172455819,,,PATANJALI FOODS LIMITED,0.15
0,FEDERALBNKEQN,9.15,FEDERALBNK,EQ,N,327.35,7542230,318.95,328.2,318.5,318.2,2454995865.0,371.7,191.6,806340758349.48,2026-10-05 16:00:27,0,70.17,-4.56,03-Oct-2025,04-Sep-2026,11.93166532149583,-70.85073068893529,,,THE FEDERAL BANK  LIMITED,2.88
0,NAUKRIEQN,1.7,NAUKRI,EQ,N,1201.7,2021519,1220.3,1241.0,1198.4,1200.0,2452021686.24,1419.9,908.3,464422197805.59,2026-10-05 16:00:27,0,-9.91,-8.95,03-Oct-2025,04-Sep-2026,15.367279385872244,-32.30210282946163,,,INFO EDGE (INDIA) LIMITED,0.14
0,LICIEQN,-3.15,LICI,EQ,N,388.7,6242567,392.5,394.8,385.5,391.85,2425861536.2,468.48,360.75,491734823595.02,2026-10-05 16:00:27,0,-14.12,-6.42,03-Oct-2025,04-Sep-2026,17.029542349726775,-7.747747747747748,,,LIFE INSURANCE CORPORATION OF INDIA,-0.8
0,CHENNPETROEQN,57.5,CHENNPETRO,EQ,N,1403.9,1762387,1345.9,1406.0,1325.1,1346.4,2424321933.33,1677.5,716.8,67205581573.31,2026-10-05 16:00:27,0,79.89,-3.33,03-Oct-2025,04-Sep-2026,16.309985096870342,-95.85658482142857,,,CHENNAI PETROLEUM CORPORATION LIMITED,4.27
0,KAYNESEQN,-4.2,KAYNES,EQ,N,3394.8,706676,3433.0,3474.0,3371.0,3399.0,2418556209.44,7705.0,2995.0,106194032844.91,2026-10-05 16:00:27,0,-53.32,-5.65,03-Oct-2025,04-Sep-2026,55.940298507462686,-13.348914858096828,,,KAYNES TECHNOLOGY INDIA LIMITED,-0.12
0,BPCLEQN,-3.65,BPCL,EQ,N,296.95,7903107,301.5,306.55,294.3,300.6,2363740272.63,391.65,266.6,594417597838.82,2026-10-05 16:00:27,0,-13.06,-5.94,03-Oct-2025,04-Sep-2026,24.179752329886377,-11.384096024006002,,,BHARAT PETROLEUM CORPORATION LIMITED,-1.21
0,HFCLBEN,11.91,HFCL,BE,N,250.27,9592712,237.99,250.27,234.0,238.36,2336305007.6,256.7,59.82,255583284189.52,2026-10-05 16:00:27,0,229.87,8.14,03-Oct-2025,04-Sep-2026,2.5048694974678614,-318.3717820127048,,,HFCL LIMITED,5.0
0,DLFEQN,14.6,DLF,EQ,N,673.0,3470586,664.9,676.5,664.0,658.4,2332615556.46,786.5,489.4,430311944162.75,2026-10-05 16:00:27,0,-7.71,-1.31,03-Oct-2025,04-Sep-2026,14.431023521932612,-37.51532488761749,,,DLF LIMITED,2.22
0,AZADEQN,59.4,AZAD,EQ,N,2920.3,800736,2875.0,2937.2,2843.5,2860.9,2317097770.56,3127.9,1360.0,82937620547.6,2026-10-05 16:00:27,0,68.96,5.15,03-Oct-2025,04-Sep-2026,6.637040826113367,-114.7279411764706,,,AZAD ENGINEERING LIMITED,2.08
0,SUNPHARMAEQN,-21.3,SUNPHARMA,EQ,N,1779.7,1290843,1785.0,1802.9,1776.7,1801.0,2304632366.91,2046.9,1583.7,1879371928247.28,2026-10-05 16:00:27,0,9.1,-6.28,03-Oct-2025,04-Sep-2026,13.05388636474669,-12.376081328534445,,,SUN PHARMACEUTICAL INDUSTRIES LIMITED,-1.18
0,SBILIFEEQN,-12.1,SBILIFE,EQ,N,1709.5,1322426,1721.6,1741.4,1709.5,1721.6,2283842926.26,2132.0,1652.9,766278476668.79,2026-10-05 16:00:27,0,-4.24,-3.69,03-Oct-2025,04-Sep-2026,19.817073170731707,-3.4242845907193415,,,SBI LIFE INSURANCE COMPANY LIMITED,-0.7
0,POWERINDIAEQN,210.0,POWERINDIA,EQ,N,31500.0,72077,31500.0,32015.0,31380.0,31290.0,2278673991.88,38785.0,16111.0,399642938236.08,2026-10-05 16:00:27,0,72.86,-0.47,03-Oct-2025,04-Sep-2026,18.783034678355033,-95.51858978337782,,,HITACHI ENERGY INDIA LIMITED,0.67
0,MOTHERSONEQN,-0.53,MOTHERSON,EQ,N,156.5,14480075,157.0,159.39,154.76,157.03,2263090921.75,173.27,101.01,689470382482.85,2026-10-05 16:00:27,0,46.71,-2.61,03-Oct-2025,04-Sep-2026,9.678536388295724,-54.935154935154934,,,SAMVARDHANA MOTHERSON INTERNATIONAL LIMITED,-0.34
0,SOLARINDSEQN,140.0,SOLARINDS,EQ,N,19540.0,114870,19450.0,19616.0,19275.0,19400.0,2227942705.8,22700.0,11646.0,474647309940.79,2026-10-05 16:00:27,0,41.05,-8.88,03-Oct-2025,04-Sep-2026,13.920704845814978,-67.78292976129143,,,SOLAR INDUSTRIES INDIA LIMITED,0.72
0,INDUSTOWEREQN,3.95,INDUSTOWER,EQ,N,380.2,5862757,381.4,381.45,375.25,376.25,2223567847.39,481.5,337.8,488100223837.35,2026-10-05 16:00:27,0,7.67,0.9,03-Oct-2025,04-Sep-2026,21.03842159916926,-12.551805802249852,,,INDUS TOWERS LIMITED,1.05
0,MRPLEQN,8.34,MRPL,EQ,N,173.1,13082595,164.79,173.7,163.25,164.76,2217107374.65,212.31,132.15,30318578109.73,2026-10-05 16:00:27,0,20.71,-0.99,03-Oct-2025,04-Sep-2026,18.468277518722623,-30.987514188422246,,,MANGALORE REFINERY AND PETROCHEMICALS LIMITED,5.06
0,CHOLAFINEQN,25.4,CHOLAFIN,EQ,N,1605.4,1378981,1590.0,1610.8,1580.0,1580.0,2208589759.41,1952.5,1299.4,694384654530.3,2026-10-05 16:00:27,0,2.2,-12.7,03-Oct-2025,04-Sep-2026,17.777208706786173,-23.549330460212406,,,CHOLAMANDALAM INVESTMENT AND FINANCE COMPANY LIMITED,1.61
0,IFCIEQN,-1.04,IFCI,EQ,N,64.1,33656348,65.5,66.93,63.93,65.14,2196413270.48,107.5,46.23,42847335933.66,2026-10-05 16:00:27,0,10.23,-36.77,03-Oct-2025,04-Sep-2026,40.372093023255815,-38.65455332035475,,,IFCI LIMITED,-1.6
0,INDUSINDBKEQN,-0.25,INDUSINDBK,EQ,N,886.6,2459043,891.6,900.25,880.7,886.85,2181441635.73,1077.85,726.0,582370602529.63,2026-10-05 16:00:27,0,18.62,-12.09,03-Oct-2025,04-Sep-2026,17.743656352924805,-22.12121212121212,,,INDUSIND BANK LIMITED,-0.03
0,NESTLEINDEQN,-10.6,NESTLEIND,EQ,N,1297.1,1676136,1305.4,1311.3,1292.9,1307.7,2178943277.28,1553.0,1145.0,927526116353.35,2026-10-05 16:00:27,0,10.87,-8.04,03-Oct-2025,04-Sep-2026,16.477784932388925,-13.283842794759826,,,NESTLE INDIA LIMITED,-0.81
0,HALEQN,79.0,HAL,EQ,N,4680.0,465865,4601.0,4688.0,4601.0,4601.0,2171550500.45,5149.9,3479.1,885342348423.0,2026-10-05 16:00:27,0,-3.91,-3.62,03-Oct-2025,04-Sep-2026,9.124449018427542,-34.51754764163146,,,HINDUSTAN AERONAUTICS LIMITED,1.72
0,ASIANPAINTEQN,-41.0,ASIANPAINT,EQ,N,2366.0,916254,2400.0,2409.0,2336.7,2407.0,2159482402.44,2985.7,2115.0,1066429258086.57,2026-10-05 16:00:27,0,0.35,-6.38,03-Oct-2025,04-Sep-2026,20.75560170144355,-11.867612293144209,,,ASIAN PAINTS LIMITED,-1.7
0,MEESHOEQN,7.16,MEESHO,EQ,N,225.85,9583072,220.66,227.89,219.6,218.69,2143158222.08,254.4,125.56,207090703431.37,2026-10-05 16:00:27,0,0.0,8.06,,04-Sep-2026,11.22248427672956,-79.87416374641606,,,MEESHO LIMITED,3.27
0,BANKINDIAEQN,4.02,BANKINDIA,EQ,N,133.5,15657633,132.09,136.27,132.0,129.48,2098749127.32,178.36,122.2,161160467977.35,2026-10-05 16:00:27,0,6.35,-7.93,03-Oct-2025,04-Sep-2026,25.151379233011887,-9.247135842880525,,,BANK OF INDIA,3.1
0,TRENTEQN,0.0,TRENT,EQ,N,2580.0,802316,2580.0,2608.3,2572.8,2580.0,2076096951.08,3399.7,2183.67,856000148352.78,2026-10-05 16:00:27,0,-19.64,-9.57,03-Oct-2025,04-Sep-2026,24.11095096626173,-18.14972042478946,,,TRENT LIMITED,0.0
0,LLOYDSENGGEQN,4.24,LLOYDSENGG,EQ,N,102.55,20393622,99.35,103.4,98.75,98.31,2074235293.62,104.2,37.4,73504315755.97,2026-10-05 16:00:27,0,65.8,21.78,03-Oct-2025,04-Sep-2026,1.583493282149712,-174.19786096256684,,,LLOYDS ENGINEERING WORKS LIMITED,4.31
0,ENRINEQN,-17.6,ENRIN,EQ,N,3316.4,616768,3357.1,3408.9,3316.4,3334.0,2069848737.28,3968.0,2115.0,292474622990.62,2026-10-05 16:00:27,0,-1.23,6.44,03-Oct-2025,04-Sep-2026,16.421370967741936,-56.80378250591016,,,SIEMENS ENERGY INDIA LIMITED,-0.53
0,LENSKARTEQN,0.75,LENSKART,EQ,N,691.9,2961163,691.5,697.95,676.3,691.15,2034437427.52,725.0,356.1,506603237971.33,2026-10-05 16:00:27,0,0.0,1.02,,04-Sep-2026,4.56551724137931,-94.29935411401291,,,LENSKART SOLUTIONS LIMITED,0.11
0,VBLEQN,14.3,VBL,EQ,N,439.6,4643552,426.3,440.2,426.3,425.3,2021756105.28,555.8,381.0,599385899657.37,2026-10-05 16:00:27,0,-0.87,7.85,03-Oct-2025,04-Sep-2026,20.906801007556677,-15.380577427821523,,,VARUN BEVERAGES LIMITED,3.36
0,SAILEQN,2.45,SAIL,EQ,N,176.95,11407529,174.21,180.44,173.28,174.5,2006128049.94,209.7,124.0,255098940733.0,2026-10-05 16:00:27,0,31.11,-10.09,03-Oct-2025,04-Sep-2026,15.617548879351455,-42.70161290322581,,,STEEL AUTHORITY OF INDIA LIMITED,1.4
0,INDIGOEQN,5.1,INDIGO,EQ,N,4935.0,404828,4945.0,4999.0,4907.7,4929.9,2000251099.72,5970.0,3895.2,1114043215080.11,2026-10-05 16:00:27,0,-12.76,-0.84,03-Oct-2025,04-Sep-2026,17.33668341708543,-26.694393099199015,,,INTERGLOBE AVIATION LIMITED,0.1
0,SUZLONEQN,0.01,SUZLON,EQ,N,38.92,51123556,39.0,39.46,38.75,38.91,1997397332.92,61.5,38.19,472238750080.09,2026-10-05 16:00:27,0,-28.53,-14.18,03-Oct-2025,04-Sep-2026,36.71544715447155,-1.9114951557999476,,,SUZLON ENERGY LIMITED,0.03
0,GVT&DEQN,-5.7,GVT&D,EQ,N,4247.5,454653,4325.0,4337.9,4185.0,4253.2,1929615529.95,5650.0,2523.2,524874901505.11,2026-10-05 16:00:27,0,33.99,-1.37,03-Oct-2025,04-Sep-2026,24.82300884955752,-68.33782498414712,,,GE VERNOVA T&D INDIA LIMITED,-0.13
0,ICICIGIEQN,37.0,ICICIGI,EQ,N,1600.0,1196366,1563.0,1608.0,1561.1,1563.0,1909388172.34,2064.9,1423.1,388582801887.98,2026-10-05 16:00:27,0,-16.3,5.96,03-Oct-2025,04-Sep-2026,22.51440747735968,-12.430609233363784,,,ICICI LOMBARD GENERAL INSURANCE COMPANY LIMITED,2.37
0,EMILEQN,0.25,EMIL,EQ,N,204.3,9139822,207.0,211.66,202.65,204.05,1900900179.56,211.66,84.9,27482672170.19,2026-10-05 16:00:27,0,42.58,17.59,03-Oct-2025,04-Sep-2026,3.4772748747992064,-140.63604240282686,,,ELECTRONICS MART INDIA LIMITED,0.12
0,BHARATFORGEQN,-42.0,BHARATFORG,EQ,N,1833.0,1029681,1868.0,1873.7,1816.7,1875.0,1887930410.31,2295.0,1179.4,507980200002.5,2026-10-05 16:00:27,0,50.22,-6.29,03-Oct-2025,04-Sep-2026,20.130718954248366,-55.418009157198576,,,BHARAT FORGE LIMITED,-2.24
0,POWERGRIDEQN,2.45,POWERGRID,EQ,N,257.0,7327971,255.4,259.5,255.4,254.55,1884680861.49,324.95,250.0,1160571671582.8,2026-10-05 16:00:27,0,-11.29,-3.38,03-Oct-2025,04-Sep-2026,20.91090937067241,-2.8,,,POWER GRID CORPORATION OF INDIA LIMITED,0.96
0,BOSCHLTDEQN,-520.0,BOSCHLTD,EQ,N,44960.0,41822,45550.0,46000.0,44610.0,45480.0,1884063116.54,50000.0,28610.0,389007294957.07,2026-10-05 16:00:27,0,16.39,-3.97,03-Oct-2025,04-Sep-2026,10.08,-57.147850401957356,,,BOSCH LIMITED,-1.14
0,BAJAJFINSVEQN,18.8,BAJAJFINSV,EQ,N,1751.4,1075845,1744.8,1760.9,1732.6,1732.6,1878274751.7,2195.0,1597.0,1015327774197.6,2026-10-05 16:00:27,0,-12.47,-11.1,03-Oct-2025,04-Sep-2026,20.209567198177677,-9.668127739511585,,,BAJAJ FINSERV LIMITED,1.09
0,CYIENTEQN,40.4,CYIENT,EQ,N,1145.0,1623849,1115.0,1173.5,1110.0,1104.6,1869780931.05,1222.0,750.3,89110460432.55,2026-10-05 16:00:27,0,-2.16,3.92,03-Oct-2025,04-Sep-2026,6.301145662847791,-52.60562441689991,,,CYIENT LIMITED,3.66
0,APARINDSEQN,502.0,APARINDS,EQ,N,18150.0,102559,17844.0,18379.0,17750.0,17648.0,1856448149.93,19265.0,6801.0,335865435692.56,2026-10-05 16:00:27,0,115.78,4.18,03-Oct-2025,04-Sep-2026,5.787697897742019,-166.87251874724305,,,APAR INDUSTRIES LIMITED,2.84
0,APOLLOEQN,8.4,APOLLO,EQ,N,402.4,4584428,395.5,405.5,395.0,394.0,1837576275.24,466.5,179.5,65572890678.86,2026-10-05 16:00:27,0,17.4,3.47,03-Oct-2025,04-Sep-2026,13.740621650589496,-124.17827298050139,,,APOLLO MICRO SYSTEMS LIMITED,2.13
0,VEDLEQN,3.0,VEDL,EQ,N,255.05,7161255,253.3,256.6,252.05,252.05,1822109722.2,795.0,247.25,447718905139.91,2026-10-05 16:00:27,0,-45.84,-6.27,03-Oct-2025,04-Sep-2026,67.91823899371069,-3.154701718907988,,,VEDANTA LIMITED,1.19
0,ZYDUSLIFEEQN,-6.7,ZYDUSLIFE,EQ,N,1139.0,1592973,1145.7,1151.0,1128.1,1145.7,1813886495.64,1232.1,835.5,281494224785.19,2026-10-05 16:00:27,0,15.25,1.7,03-Oct-2025,04-Sep-2026,7.556204853502151,-36.32555356074207,,,ZYDUS LIFESCIENCES LIMITED,-0.58
0,HDFCLIFEEQN,-3.2,HDFCLIFE,EQ,N,531.0,3381490,536.85,539.05,524.55,534.2,1791919180.8,788.5,508.7,569689388972.98,2026-10-05 16:00:27,0,-30.06,-2.82,03-Oct-2025,04-Sep-2026,32.656943563728596,-4.383723216040888,,,HDFC LIFE INSURANCE COMPANY LIMITED,-0.6
0,HINDUNILVREQN,2.4,HINDUNILVR,EQ,N,1838.4,975071,1845.1,1848.4,1828.0,1836.0,1789460049.91,2667.2,1826.9,1626702119790.19,2026-10-05 16:00:27,0,-27.76,-6.84,03-Oct-2025,04-Sep-2026,31.07378524295141,-0.6294816355575018,,,HINDUSTAN UNILEVER LIMITED,0.13
0,RBLBANKEQN,5.15,RBLBANK,EQ,N,416.55,4238401,418.05,419.9,410.2,411.4,1761564223.62,429.6,261.6,257234887129.87,2026-10-05 16:00:27,0,50.98,0.53,03-Oct-2025,04-Sep-2026,3.037709497206704,-59.231651376146786,,,RBL BANK LIMITED,1.25
0,NATIONALUMEQN,5.1,NATIONALUM,EQ,N,340.0,5169746,335.9,344.1,334.3,334.9,1745616434.36,445.15,210.2,304036430078.97,2026-10-05 16:00:27,0,53.73,-9.12,03-Oct-2025,04-Sep-2026,23.621251263619005,-61.75071360608944,,,NATIONAL ALUMINIUM COMPANY LIMITED,1.52
0,UNITDSPREQN,33.9,UNITDSPR,EQ,N,1369.0,1272603,1335.4,1377.9,1329.7,1335.1,1721055571.17,1563.4,1210.8,403351720183.73,2026-10-05 16:00:27,0,0.47,-6.98,03-Oct-2025,04-Sep-2026,12.434437763848024,-13.065741658407664,,,UNITED SPIRITS LIMITED,2.54
0,SHADOWFAXEQN,15.9,SHADOWFAX,EQ,N,289.05,5956547,274.05,290.5,274.05,273.15,1709231161.65,292.2,98.55,57743563374.27,2026-10-05 16:00:27,0,0.0,11.37,,04-Sep-2026,1.0780287474332648,-193.30289193302892,,,SHADOWFAX TECHNOLOGIES LIMITED,5.82
0,RADICOEQN,52.1,RADICO,EQ,N,4289.1,395032,4242.0,4307.0,4238.5,4237.0,1691021383.04,4747.0,2500.0,335417552783.8,2026-10-05 16:00:27,0,45.02,-4.56,03-Oct-2025,04-Sep-2026,9.646092268801349,-71.564,,,RADICO KHAITAN LIMITED,1.23
0,GMRAIRPORTEQN,-0.37,GMRAIRPORT,EQ,N,92.79,18285663,93.16,93.54,91.23,93.16,1687400981.64,115.64,84.11,321163827631.0,2026-10-05 16:00:27,0,3.93,-4.78,03-Oct-2025,04-Sep-2026,19.75959875475614,-10.319819284270599,,,GMR AIRPORTS LIMITED,-0.4
0,LODHAEQN,26.9,LODHA,EQ,N,1132.5,1495653,1102.6,1140.2,1101.8,1105.6,1687021801.35,1344.95,650.8,335529084258.18,2026-10-05 16:00:27,0,1.75,-7.32,03-Oct-2025,04-Sep-2026,15.79612625004647,-74.01659496004918,,,LODHA DEVELOPERS LIMITED,2.43
0,RRKABELEQN,135.8,RRKABEL,EQ,N,2654.0,635507,2541.5,2654.9,2533.1,2518.2,1668650729.9,2983.8,1218.9,87722442669.96,2026-10-05 16:00:27,0,111.79,8.15,03-Oct-2025,04-Sep-2026,11.053019639386017,-117.73730412667159,,,R R KABEL LIMITED,5.39
0,OFSSEQN,50.0,OFSS,EQ,N,10470.0,158183,10525.0,10655.0,10364.0,10420.0,1662017708.19,12540.0,6234.5,249371299531.89,2026-10-05 16:00:27,0,16.83,-13.17,03-Oct-2025,04-Sep-2026,16.507177033492823,-67.93648247654183,,,ORACLE FINANCIAL SERVICES SOFTWARE LIMITED,0.48
0,WOCKPHARMAEQN,-21.9,WOCKPHARMA,EQ,N,2062.0,803153,2083.9,2093.9,2003.0,2083.9,1645483803.34,2422.3,1086.7,170005790157.87,2026-10-05 16:00:27,0,41.23,-1.28,03-Oct-2025,04-Sep-2026,14.874293027288115,-89.74878071224809,,,WOCKHARDT LIMITED,-1.05
0,FORTISEQN,-21.2,FORTIS,EQ,N,763.8,2115546,784.95,785.75,763.8,785.0,1635592078.98,1104.3,745.35,396917722503.47,2026-10-05 16:00:27,0,-22.09,-15.6,03-Oct-2025,04-Sep-2026,30.834012496604185,-2.4753471523445363,,,FORTIS HEALTHCARE LIMITED,-2.7
0,GAILEQN,-3.72,GAIL,EQ,N,167.5,9655433,171.62,173.6,166.44,171.22,1635051024.22,186.87,134.36,450549366395.08,2026-10-05 16:00:27,0,-5.56,-3.4,03-Oct-2025,04-Sep-2026,10.365494728955959,-24.66507889252754,,,GAIL (INDIA) LIMITED,-2.17
0,SONACOMSEQN,-8.0,SONACOMS,EQ,N,797.0,2049996,803.75,803.75,785.6,805.0,1626999825.36,844.0,404.35,357392268399.13,2026-10-05 16:00:27,0,89.9,1.01,03-Oct-2025,04-Sep-2026,5.568720379146919,-97.10646716953134,,,SONA BLW PRECISION FORGINGS LIMITED,-0.99
0,ENGINERSINEQN,-5.25,ENGINERSIN,EQ,N,307.5,5190169,316.4,319.2,306.9,312.75,1622031615.88,321.4,163.55,84078433182.75,2026-10-05 16:00:27,0,52.79,10.04,03-Oct-2025,04-Sep-2026,4.32482887367766,-88.01589727911953,,,ENGINEERS INDIA LIMITED,-1.68
0,AUROPHARMAEQN,-1.9,AUROPHARMA,EQ,N,1674.9,958714,1693.7,1696.0,1663.1,1676.8,1605567922.94,1740.0,1066.8,461649129621.29,2026-10-05 16:00:27,0,53.2,1.32,03-Oct-2025,04-Sep-2026,3.7413793103448274,-57.00224971878515,,,AUROBINDO PHARMA LIMITED,-0.11
0,TIINDIAEQN,-20.0,TIINDIA,EQ,N,2320.0,687174,2346.0,2368.9,2293.8,2340.0,1595432491.02,3335.2,2164.9,246921935396.99,2026-10-05 16:00:27,0,-26.02,-14.01,03-Oct-2025,04-Sep-2026,30.438954185656034,-7.164303201071643,,,TUBE INVESTMENTS OF INDIA LIMITED,-0.85
0,TORNTPHARMEQN,4.7,TORNTPHARM,EQ,N,4772.0,332068,4767.3,4795.0,4710.0,4767.3,1576064462.28,5250.0,3480.6,700360465382.42,2026-10-05 16:00:27,0,35.77,-1.75,03-Oct-2025,04-Sep-2026,9.104761904761904,-37.10279836809745,,,TORRENT PHARMACEUTICALS LIMITED,0.1
0,PINELABSEQN,-0.79,PINELABS,EQ,N,166.8,9150895,169.5,171.48,166.27,167.59,1544122022.3,284.0,134.73,93882550581.77,2026-10-05 16:00:27,0,0.0,0.26,,04-Sep-2026,41.267605633802816,-23.803161879314185,,,PINE LABS LIMITED,-0.47
0,ASHOKLEYEQN,2.12,ASHOKLEY,EQ,N,152.6,9914723,151.4,153.65,151.23,150.48,1511102932.43,215.42,134.21,435590345444.52,2026-10-05 16:00:27,0,9.16,-9.7,03-Oct-2025,04-Sep-2026,29.161637730944204,-13.702406676104612,,,ASHOK LEYLAND LIMITED,1.41
0,IDFCFIRSTBEQN,1.83,IDFCFIRSTB,EQ,N,82.22,18439126,80.76,82.3,80.65,80.39,1508689289.32,89.61,58.08,544555299377.28,2026-10-05 16:00:27,0,19.09,-5.18,03-Oct-2025,04-Sep-2026,8.246847450061377,-41.5633608815427,,,IDFC FIRST BANK LIMITED,2.28
0,ZENSARTECHEQN,16.65,ZENSARTECH,EQ,N,451.0,3269410,441.05,459.35,435.05,434.35,1476694414.7,822.0,416.15,51306165871.17,2026-10-05 16:00:27,0,-40.67,-2.29,03-Oct-2025,04-Sep-2026,45.1338199513382,-8.374384236453203,,,ZENSAR TECHNOLOGIES LIMITED,3.83
0,TATACONSUMEQN,-3.25,TATACONSUM,EQ,N,953.75,1540341,953.85,962.0,945.0,957.0,1464756467.13,1282.7,945.0,619378813422.58,2026-10-05 16:00:27,0,-16.15,-5.57,03-Oct-2025,04-Sep-2026,25.645123567474858,-0.9259259259259259,,,TATA CONSUMER PRODUCTS LIMITED,-0.34
0,SYRMAEQN,-15.1,SYRMA,EQ,N,1702.8,846292,1739.7,1757.7,1692.3,1717.9,1453845026.8,1822.6,634.5,131242801140.08,2026-10-05 16:00:27,0,105.53,16.85,03-Oct-2025,04-Sep-2026,6.573027543070339,-168.36879432624113,,,SYRMA SGS TECHNOLOGY LIMITED,-0.88
0,CIPLAEQN,-8.5,CIPLA,EQ,N,1335.5,1084209,1334.3,1337.7,1321.0,1344.0,1444589229.51,1673.0,1165.7,749566008221.06,2026-10-05 16:00:27,0,-12.01,-3.57,03-Oct-2025,04-Sep-2026,20.173341303048417,-14.566354979840439,,,CIPLA LIMITED,-0.63
0,APLAPOLLOEQN,-15.9,APLAPOLLO,EQ,N,2099.8,678442,2124.6,2147.4,2061.4,2115.7,1419789142.24,2301.4,1685.3,381179632121.15,2026-10-05 16:00:27,0,20.8,-6.68,03-Oct-2025,04-Sep-2026,8.759885287216477,-24.59502759152673,,,APL APOLLO TUBES LIMITED,-0.75
0,LLOYDSMEEQN,21.2,LLOYDSME,EQ,N,1798.0,781537,1780.1,1818.0,1780.1,1776.8,1410236624.28,2125.0,1042.9,245973033827.33,2026-10-05 16:00:27,0,37.01,-1.37,03-Oct-2025,04-Sep-2026,15.388235294117647,-72.40387381340493,,,LLOYDS METALS AND ENERGY LIMITED,1.19
0,PNBEQN,2.78,PNB,EQ,N,112.35,12282429,110.65,113.58,110.5,109.57,1379685249.57,135.15,98.5,385860202434.01,2026-10-05 16:00:27,0,-1.77,-3.97,03-Oct-2025,04-Sep-2026,16.870144284128745,-14.060913705583756,,,PUNJAB NATIONAL BANK,2.54
0,WELSPUNLIVEQN,-9.17,WELSPUNLIV,EQ,N,230.0,5875615,241.5,243.0,228.01,239.17,1368607001.95,244.89,107.1,71531575853.21,2026-10-05 16:00:27,0,96.23,10.31,03-Oct-2025,04-Sep-2026,6.080280942463963,-114.75256769374417,,,WELSPUN LIVING LIMITED,-3.83
0,MUTHOOTFINEQN,19.3,MUTHOOTFIN,EQ,N,2716.4,499788,2711.0,2747.8,2700.0,2697.1,1359943139.52,4149.5,2671.0,290476442073.52,2026-10-05 16:00:27,0,-14.24,-6.77,03-Oct-2025,04-Sep-2026,34.536691167610556,-1.6997379258704606,,,MUTHOOT FINANCE LIMITED,0.72
0,WABAGEQN,-5.0,WABAG,EQ,N,1999.9,683349,2015.0,2032.8,1967.0,2004.9,1357404453.6,2319.0,1033.0,91066062156.43,2026-10-05 16:00:27,0,42.19,-0.27,03-Oct-2025,04-Sep-2026,13.760241483398016,-93.60116166505324,,,VA TECH WABAG LIMITED,-0.25
0,NEULANDLABEQN,385.0,NEULANDLAB,EQ,N,21890.0,62813,21500.0,21960.0,21090.0,21505.0,1356857532.02,24225.0,11500.0,188176142336.61,2026-10-05 16:00:27,0,43.92,-3.4,03-Oct-2025,04-Sep-2026,9.638802889576883,-90.34782608695652,,,NEULAND LABORATORIES LIMITED,1.79
0,UNIONBANKEQN,0.38,UNIONBANK,EQ,N,167.97,7966548,169.0,171.09,165.68,167.59,1338380064.0,205.49,135.29,323659712381.23,2026-10-05 16:00:27,0,21.97,-10.28,03-Oct-2025,04-Sep-2026,18.258796048469513,-24.155517776627985,,,UNION BANK OF INDIA,0.23
0,HINDZINCEQN,5.9,HINDZINC,EQ,N,560.95,2343222,562.0,568.55,557.9,555.05,1319819791.5,733.0,453.5,269009760083.1,2026-10-05 16:00:27,0,14.13,-6.66,03-Oct-2025,04-Sep-2026,23.472032742155527,-23.693495038588754,,,HINDUSTAN ZINC LIMITED,1.06
0,MANKINDEQN,-56.0,MANKIND,EQ,N,2479.0,527032,2533.1,2539.3,2464.7,2535.0,1318333655.76,2642.0,1909.7,280181391793.02,2026-10-05 16:00:27,0,1.27,6.49,03-Oct-2025,04-Sep-2026,6.1695685087055265,-29.810965073048123,,,MANKIND PHARMA LIMITED,-2.21
0,OLAELECEQN,-0.41,OLAELEC,EQ,N,36.67,35609938,37.08,37.27,36.52,37.08,1312226215.3,58.65,22.25,83580835190.43,2026-10-05 16:00:27,0,-32.08,-4.01,03-Oct-2025,04-Sep-2026,37.4765558397272,-64.80898876404494,,,OLA ELECTRIC MOBILITY LIMITED,-1.11
0,M&MFINEQN,5.15,M&MFIN,EQ,N,324.9,3956735,324.7,340.3,321.0,319.75,1309046207.4,415.0,269.5,215274834345.34,2026-10-05 16:00:27,0,17.82,-13.05,03-Oct-2025,04-Sep-2026,21.710843373493976,-20.556586270871986,,,MAHINDRA & MAHINDRA FINANCIAL SERVICES LIMITED,1.61
0,ADANIGREENEQN,7.9,ADANIGREEN,EQ,N,1284.0,1014292,1287.4,1303.5,1266.6,1276.1,1300991776.72,1631.5,765.0,429269965005.02,2026-10-05 16:00:27,0,19.97,-1.33,03-Oct-2025,04-Sep-2026,21.29941771376034,-67.84313725490196,,,ADANI GREEN ENERGY LIMITED,0.62
0,JSWSTEELEQN,2.3,JSWSTEEL,EQ,N,1235.3,1047395,1233.0,1252.4,1228.7,1233.0,1294391688.9,1351.0,1073.2,1186023489669.68,2026-10-05 16:00:27,0,6.34,-6.77,03-Oct-2025,04-Sep-2026,8.564026646928202,-15.104360790160268,,,JSW STEEL LIMITED,0.19
0,SANSERAEQN,-10.6,SANSERA,EQ,N,4266.0,300321,4282.5,4348.0,4212.7,4276.6,1288971725.58,4743.5,1364.2,188861769245.08,2026-10-05 16:00:27,0,204.52,12.78,03-Oct-2025,04-Sep-2026,10.066406661747655,-212.7107462248937,,,SANSERA ENGINEERING LIMITED,-0.25
0,YESBANKEQN,0.31,YESBANK,EQ,N,21.06,61113748,21.05,21.23,20.91,20.75,1287666670.36,25.78,17.2,368978359828.72,2026-10-05 16:00:27,0,-3.62,-6.4,03-Oct-2025,04-Sep-2026,18.30876648564779,-22.441860465116278,,,YES BANK LIMITED,1.49
0,GESHIPEQN,29.4,GESHIP,EQ,N,1560.0,823469,1529.9,1570.5,1523.3,1530.6,1283137630.49,1798.0,981.5,154125648486.21,2026-10-05 16:00:27,0,47.99,13.89,03-Oct-2025,04-Sep-2026,13.236929922135706,-58.94039735099338,,,THE GREAT EASTERN SHIPPING COMPANY LIMITED,1.92
0,AEROFLEXEQN,21.65,AEROFLEX,EQ,N,543.0,2372211,524.0,551.4,524.0,521.35,1282512155.04,584.15,158.0,20559080206.03,2026-10-05 16:00:27,0,202.46,1.03,03-Oct-2025,04-Sep-2026,7.044423521355816,-243.67088607594937,,,AEROFLEX INDUSTRIES LIMITED,4.15
0,GRAPHITEEQN,32.8,GRAPHITE,EQ,N,818.95,1578431,793.05,822.75,791.05,786.15,1280975678.05,874.35,516.2,54260286714.43,2026-10-05 16:00:27,0,47.52,11.63,03-Oct-2025,04-Sep-2026,6.3361354148796245,-58.649748159628054,,,GRAPHITE INDIA LIMITED,4.17
0,KEIEQN,136.2,KEI,EQ,N,4638.2,275897,4539.0,4652.8,4510.0,4502.0,1275971204.57,5899.0,3728.7,285497862519.67,2026-10-05 16:00:27,0,14.89,-4.37,03-Oct-2025,04-Sep-2026,21.373114087133413,-24.391879207230403,,,KEI INDUSTRIES LIMITED,3.03
0,IOCEQN,-0.84,IOC,EQ,N,130.5,9644919,132.48,134.35,129.8,131.34,1267342356.6,188.96,129.8,486241381281.03,2026-10-05 16:00:27,0,-13.23,-5.16,03-Oct-2025,04-Sep-2026,30.937764606265876,-0.539291217257319,,,INDIAN OIL CORPORATION LIMITED,-0.64
0,PIDILITINDEQN,23.7,PIDILITIND,EQ,N,1487.7,843401,1464.2,1487.7,1458.2,1464.0,1241115175.56,1707.5,1259.0,461104921720.82,2026-10-05 16:00:27,0,-0.13,-8.7,03-Oct-2025,04-Sep-2026,12.872620790629576,-18.165210484511515,,,PIDILITE INDUSTRIES LIMITED,1.62
0,MANAPPURAMEQN,1.8,MANAPPURAM,EQ,N,310.7,3951162,311.0,314.45,308.55,308.9,1228850893.62,381.55,245.15,170071632366.61,2026-10-05 16:00:27,0,8.56,-8.54,03-Oct-2025,04-Sep-2026,18.56899488926746,-26.738731388945542,,,MANAPPURAM FINANCE LIMITED,0.58
0,PFOCUSEQN,-18.75,PFOCUS,EQ,N,282.8,4184306,303.0,303.2,282.65,301.55,1210854470.28,367.0,161.01,27581523699.3,2026-10-05 16:00:27,0,60.31,-7.88,03-Oct-2025,04-Sep-2026,22.942779291553133,-75.64126451773181,,,PRIME FOCUS LIMITED,-6.22
0,AEGISLOGEQN,-43.3,AEGISLOG,EQ,N,1357.8,873548,1400.2,1410.0,1355.0,1401.1,1207985851.8,1528.7,576.1,170220300471.0,2026-10-05 16:00:27,0,54.09,6.9,03-Oct-2025,04-Sep-2026,11.179433505592987,-135.68824856795695,,,AEGIS LOGISTICS LIMITED,-3.09
0,ANGELONEEQN,8.4,ANGELONE,EQ,N,285.2,4255848,276.8,286.3,273.5,276.8,1200574720.8,360.45,208.63,185563433866.08,2026-10-05 16:00:27,0,29.56,-4.87,03-Oct-2025,04-Sep-2026,20.876681925371063,-36.701337295690934,,,ANGEL ONE LIMITED,3.03
0,KIRLOSENGEQN,6.2,KIRLOSENG,EQ,N,2248.9,511911,2265.0,2339.7,2231.6,2242.7,1165063364.01,2720.0,865.55,186450132006.32,2026-10-05 16:00:27,0,149.39,2.13,03-Oct-2025,04-Sep-2026,17.31985294117647,-159.82323378198834,,,KIRLOSKAR OIL ENGINES LIMITED,0.28
0,LUPINEQN,-20.2,LUPIN,EQ,N,2011.0,571495,2015.4,2029.0,1996.3,2031.2,1148190604.5,2529.5,1900.0,487182780136.14,2026-10-05 16:00:27,0,1.9,-4.69,03-Oct-2025,04-Sep-2026,20.498122158529355,-5.842105263157895,,,LUPIN LIMITED,-0.99
0,CDSLEQN,7.5,CDSL,EQ,N,1250.0,915900,1248.0,1260.3,1237.4,1242.5,1144169757.0,1673.7,1116.3,222051266250.0,2026-10-05 16:00:27,0,-16.11,-10.37,03-Oct-2025,04-Sep-2026,25.31516998267312,-11.977067096658605,,,CENTRAL DEPOSITORY SERVICES (INDIA) LIMITED,0.6
0,CGPOWEREQN,3.3,CGPOWER,EQ,N,882.3,1290292,885.05,894.2,877.75,879.0,1141495526.56,980.9,525.5,603552106141.44,2026-10-05 16:00:27,0,18.03,-0.98,03-Oct-2025,04-Sep-2026,10.051993067590988,-67.89724072312083,,,CG POWER AND INDUSTRIAL SOLUTIONS LIMITED,0.38
0,ZEELEQN,1.88,ZEEL,EQ,N,73.8,15449821,72.09,74.57,72.09,71.92,1132471879.3,118.35,68.0,67273968528.28,2026-10-05 16:00:27,0,-35.21,-19.44,03-Oct-2025,04-Sep-2026,37.6425855513308,-8.529411764705882,,,ZEE ENTERTAINMENT ENTERPRISES LIMITED,2.61
0,GLENMARKEQN,-36.0,GLENMARK,EQ,N,2295.0,490378,2325.0,2340.5,2273.5,2331.0,1125785293.5,2537.6,1792.6,344621491897.13,2026-10-05 16:00:27,0,15.9,-5.83,03-Oct-2025,04-Sep-2026,9.560214375788146,-28.026330469708803,,,GLENMARK PHARMACEUTICALS LIMITED,-1.54
0,CAMSEQN,6.6,CAMS,EQ,N,683.85,1632385,679.0,692.5,677.9,677.25,1117775628.75,844.9,611.4,164189217860.53,2026-10-05 16:00:27,0,-10.29,-8.67,03-Oct-2025,04-Sep-2026,19.06142738785655,-11.849852796859667,,,COMPUTER AGE MANAGEMENT SERVICES LIMITED,0.97
0,NAVINFLUOREQN,143.5,NAVINFLUOR,EQ,N,8280.0,133656,8217.5,8333.5,8115.0,8136.5,1100012938.08,8949.5,4514.5,303645206174.11,2026-10-05 16:00:27,0,80.0,-3.24,03-Oct-2025,04-Sep-2026,7.480864852785071,-83.40901539483885,,,NAVIN FLUORINE INTERNATIONAL LIMITED,1.76
0,UJJIVANSFBEQN,0.99,UJJIVANSFB,EQ,N,66.59,16279797,66.98,67.65,65.92,65.6,1087002045.69,73.94,46.01,125635013084.03,2026-10-05 16:00:27,0,37.75,3.35,03-Oct-2025,04-Sep-2026,9.940492291046795,-44.7294066507281,,,UJJIVAN SMALL FINANCE BANK LIMITED,1.51
0,ABBEQN,-5.0,ABB,EQ,N,6895.0,157334,6950.0,6981.0,6846.5,6900.0,1086839671.9,7924.5,4637.5,361086602957.8,2026-10-05 16:00:27,0,33.02,-6.95,03-Oct-2025,04-Sep-2026,12.991355921509243,-48.679245283018865,,,ABB INDIA LIMITED,-0.07
0,PRESTIGEEQN,-41.1,PRESTIGE,EQ,N,1445.0,745266,1484.4,1499.6,1445.0,1486.1,1085457571.02,1805.2,1090.0,243066029776.22,2026-10-05 16:00:27,0,-5.56,-8.95,03-Oct-2025,04-Sep-2026,19.953467759805008,-32.56880733944954,,,PRESTIGE ESTATES PROJECTS LIMITED,-2.77
0,LTFEQN,-0.6,LTF,EQ,N,263.75,4100927,267.55,267.7,263.0,264.35,1084818219.31,338.6,234.9,224648754434.33,2026-10-05 16:00:27,0,0.54,-16.0,03-Oct-2025,04-Sep-2026,22.105729474305967,-12.281822051936995,,,L&T FINANCE LIMITED,-0.23
0,PAISALOEQN,1.1,PAISALO,EQ,N,81.0,13369295,80.5,81.59,78.95,79.9,1079971650.1,94.88,30.0,39487107933.37,2026-10-05 16:00:27,0,115.54,9.31,03-Oct-2025,04-Sep-2026,14.629005059021923,-170.0,,,PAISALO DIGITAL LIMITED,1.38
0,MAHABANKEQN,0.4,MAHABANK,EQ,N,80.9,13114830,81.01,82.4,79.85,80.5,1063481564.7,94.5,54.66,164266309285.37,2026-10-05 16:00:27,0,43.21,-5.88,03-Oct-2025,04-Sep-2026,14.39153439153439,-48.00585437248445,,,BANK OF MAHARASHTRA,0.5
0,EMMVEEEQN,-9.9,EMMVEE,EQ,N,296.0,3553362,309.0,309.0,290.45,305.9,1051901752.86,371.55,171.51,40956219110.55,2026-10-05 16:00:27,0,0.0,-8.98,,04-Sep-2026,20.3337370475037,-72.58468893942045,,,EMMVEE PHOTOVOLTAIC POWER LIMITED,-3.24
0,UNOMINDAEQN,-10.0,UNOMINDA,EQ,N,1101.0,952575,1111.0,1126.0,1086.2,1111.0,1046956131.0,1382.0,994.0,199771296136.74,2026-10-05 16:00:27,0,-16.34,-11.9,03-Oct-2025,04-Sep-2026,20.3328509406657,-10.764587525150905,,,UNO MINDA LIMITED,-0.9
0,FORCEMOTEQN,-150.0,FORCEMOT,EQ,N,16650.0,62662,16945.0,16980.0,16520.0,16800.0,1045967889.64,26450.0,14911.0,79992630406.26,2026-10-05 16:00:27,0,-0.93,-4.86,03-Oct-2025,04-Sep-2026,37.051039697542535,-11.662531017369727,,,FORCE MOTORS LTD,-0.89
0,AEQUSEQN,11.35,AEQUS,EQ,N,286.4,3706824,279.25,287.7,274.1,275.05,1038133129.44,287.7,113.3,46833315000.25,2026-10-05 16:00:27,0,0.0,18.26,,04-Sep-2026,0.4518595759471672,-152.7802294792586,,,AEQUS LIMITED,4.13
0,DELHIVERYEQN,0.3,DELHIVERY,EQ,N,400.3,2579997,403.25,404.85,398.0,400.0,1036255795.05,524.0,374.45,240248872241.36,2026-10-05 16:00:27,0,-8.46,-12.58,03-Oct-2025,04-Sep-2026,23.606870229007633,-6.903458405661637,,,DELHIVERY LIMITED,0.08
0,IDBIEQN,-0.22,IDBI,EQ,N,86.35,11796166,87.0,88.01,85.35,86.57,1021901860.58,118.38,61.01,48261783408.99,2026-10-05 16:00:27,0,-6.75,-4.72,03-Oct-2025,04-Sep-2026,27.05693529312384,-41.53417472545485,,,IDBI BANK LIMITED,-0.25
0,CPPLUSEQN,189.9,CPPLUS,EQ,N,3989.5,255914,3858.2,3989.5,3833.5,3799.6,1010322880.6,4094.0,1300.0,112057351059.77,2026-10-05 16:00:27,0,193.93,7.69,03-Oct-2025,04-Sep-2026,2.5525158768930143,-206.8846153846154,,,ADITYA INFOTECH LIMITED,5.0
0,OMNIEQN,26.35,OMNI,EQ,N,635.0,1584512,620.0,644.0,611.65,608.65,1002172149.76,764.85,176.25,16236655185.21,2026-10-05 16:00:27,0,0.0,20.72,,04-Sep-2026,16.97718506896777,-260.2836879432624,,,OMNITECH ENGINEERING LIMITED,4.33
0,OILEQN,2.5,OIL,EQ,N,446.5,2225503,444.0,450.65,441.05,444.0,993931894.83,531.0,395.6,242841286257.08,2026-10-05 16:00:27,0,7.67,-8.56,03-Oct-2025,04-Sep-2026,15.913370998116761,-12.866531850353892,,,OIL INDIA LIMITED,0.56
0,HINDPETROEQN,-2.65,HINDPETRO,EQ,N,342.35,2875288,345.05,351.25,340.4,345.0,990019164.16,508.45,316.2,327828142907.92,2026-10-05 16:00:27,0,-23.29,-3.97,03-Oct-2025,04-Sep-2026,32.66791228242698,-8.270082226438962,,,HINDUSTAN PETROLEUM CORPORATION LIMITED,-0.77
0,BRITANNIAEQN,-8.0,BRITANNIA,EQ,N,4770.0,204743,4778.0,4817.2,4734.1,4778.0,974945217.4,6271.0,4734.1,560318221213.49,2026-10-05 16:00:27,0,-20.4,-6.5,03-Oct-2025,04-Sep-2026,23.935576463084036,-0.7583278764707125,,,BRITANNIA INDUSTRIES LIMITED,-0.17
0,ASTERDMEQN,-17.75,ASTERDM,EQ,N,691.15,1401950,708.0,708.0,687.0,708.9,969714795.5,891.3,519.1,184349177342.8,2026-10-05 16:00:27,0,7.05,-12.04,03-Oct-2025,04-Sep-2026,22.455963199820488,-33.143902908880754,,,ASTER DM QUALITY CARE LIMITED,-2.5
0,IIFLEQN,16.9,IIFL,EQ,N,600.7,1622026,590.0,609.0,587.35,583.8,969582261.76,705.0,409.1,139913761818.13,2026-10-05 16:00:27,0,31.39,-7.75,03-Oct-2025,04-Sep-2026,14.794326241134751,-46.834514788560256,,,IIFL FINANCE LIMITED,2.89
0,TATAPOWEREQN,1.35,TATAPOWER,EQ,N,351.5,2763239,350.15,353.95,348.0,350.15,968349475.16,464.9,342.5,588659234445.48,2026-10-05 16:00:27,0,-10.99,-4.48,03-Oct-2025,04-Sep-2026,24.392342439234245,-2.627737226277372,,,TATA POWER COMPANY LIMITED,0.39
0,SAMMAANCAPEQN,0.67,SAMMAANCAP,EQ,N,133.15,7143240,135.05,138.75,132.51,132.48,966766101.6,192.95,129.0,102707736054.41,2026-10-05 16:00:27,0,-19.32,-15.94,03-Oct-2025,04-Sep-2026,30.99248509976678,-3.2170542635658914,,,SAMMAAN CAPITAL LIMITED,0.51
0,MTARTECHBEN,-148.0,MTARTECH,BE,N,7649.0,122661,7705.0,7800.0,7595.0,7797.0,941580181.08,8714.0,1835.0,166320872772.71,2026-10-05 16:00:27,0,295.07,6.81,03-Oct-2025,04-Sep-2026,12.22171218728483,-316.8392370572207,,,MTAR TECHNOLOGIES LIMITED,-1.9
0,SIGMAADVBEN,53.8,SIGMAADV,BE,N,1130.7,835410,1130.7,1130.7,1036.0,1076.9,924414581.4,1130.7,140.1,56417185632.94,2026-10-05 16:00:27,0,629.06,48.31,03-Oct-2025,04-Sep-2026,0.0,-707.0663811563169,,,SIGMA ADVANCED SYSTEMS LIMITED,5.0
0,PAGEINDEQN,805.0,PAGEIND,EQ,N,37465.0,24628,37000.0,37830.0,36520.0,36660.0,920867764.52,43855.0,29805.0,235679243068.57,2026-10-05 16:00:27,0,-12.62,3.21,03-Oct-2025,04-Sep-2026,14.570744498916886,-25.700385841301795,,,PAGE INDUSTRIES LIMITED,2.2
0,SHILPAMEDEQN,-34.6,SHILPAMED,EQ,N,1029.5,870692,1069.0,1081.9,1020.2,1064.1,907043391.0,1095.0,259.5,120135072771.54,2026-10-05 16:00:27,0,167.44,6.78,03-Oct-2025,04-Sep-2026,5.981735159817352,-296.72447013487476,,,SHILPA MEDICARE LIMITED,-3.25
0,DATAPATTNSEQN,-30.3,DATAPATTNS,EQ,N,4221.0,212079,4275.6,4316.8,4200.0,4251.3,900022980.99,5000.0,2131.0,128002526662.26,2026-10-05 16:00:27,0,48.87,-7.94,03-Oct-2025,04-Sep-2026,15.58,-98.07602064758329,,,DATA PATTERNS (INDIA) LIMITED,-0.71
0,RPOWEREQN,0.76,RPOWER,EQ,N,20.17,44727097,19.44,20.55,19.44,19.41,894541940.0,50.73,19.09,58315059226.47,2026-10-05 16:00:27,0,-56.6,-8.65,03-Oct-2025,04-Sep-2026,60.24048886260595,-5.657412257726558,,,RELIANCE POWER LIMITED,3.92
0,NAM-INDIAEQN,15.0,NAM-INDIA,EQ,N,1061.0,842149,1049.0,1069.5,1046.0,1046.0,892930584.7,1269.5,795.8,190953140787.7,2026-10-05 16:00:27,0,19.6,-8.53,03-Oct-2025,04-Sep-2026,16.423788893265066,-33.32495601910028,,,NIPPON LIFE INDIA ASSET MANAGEMENT LIMITED,1.43
0,NMDCEQN,0.1,NMDC,EQ,N,73.74,11989948,75.0,75.51,73.06,74.64,888814845.24,97.49,72.24,254159023938.99,2026-10-05 16:00:27,0,-4.36,-12.94,03-Oct-2025,04-Sep-2026,24.361472971586828,-2.0764119601328903,,,NMDC LIMITED,0.14
0,HAVELLSEQN,6.7,HAVELLS,EQ,N,1046.7,845006,1050.0,1060.5,1041.6,1040.0,886884497.36,1520.0,1015.1,263004348152.79,2026-10-05 16:00:27,0,-29.66,-9.3,03-Oct-2025,04-Sep-2026,31.138157894736842,-3.112993793714905,,,HAVELLS INDIA LIMITED,0.64
0,NAZARAEQN,-0.7,NAZARA,EQ,N,384.0,2285380,388.45,393.45,379.1,384.7,882590902.2,401.9,215.7,85743095095.99,2026-10-05 16:00:27,0,36.87,4.16,03-Oct-2025,04-Sep-2026,4.453844239860662,-78.02503477051461,,,NAZARA TECHNOLOGIES LIMITED,-0.18
0,COCHINSHIPEQN,-3.2,COCHINSHIP,EQ,N,1283.8,678043,1295.9,1308.0,1279.3,1287.0,873807574.96,1929.9,1187.0,123829118921.34,2026-10-05 16:00:27,0,-31.03,-14.36,03-Oct-2025,04-Sep-2026,33.47841857091041,-8.155012636899746,,,COCHIN SHIPYARD LIMITED,-0.25
0,SKYGOLDEQN,12.85,SKYGOLD,EQ,N,823.5,1050336,818.0,839.0,814.0,810.65,867335958.72,868.8,260.85,61729914198.98,2026-10-05 16:00:27,0,189.51,5.38,03-Oct-2025,04-Sep-2026,5.214088397790055,-215.69867740080505,,,SKY GOLD AND DIAMONDS LIMITED,1.59
0,PREMIERENEEQN,13.9,PREMIERENE,EQ,N,891.95,985692,885.45,893.6,864.0,878.05,866423268.0,1134.0,660.0,129471479298.4,2026-10-05 16:00:27,0,-14.52,-10.98,03-Oct-2025,04-Sep-2026,21.344797178130513,-35.14393939393939,,,PREMIER ENERGIES LIMITED,1.58
0,LTMEQN,3.0,LTM,EQ,N,4010.0,216279,4031.0,4073.0,3946.2,4007.0,866370418.2,6429.5,3528.0,371374114813.4,2026-10-05 16:00:27,0,-21.68,-11.95,03-Oct-2025,04-Sep-2026,37.6312310444047,-13.662131519274377,,,LTM LIMITED,0.07
0,ACUTAASEQN,-62.5,ACUTAAS,EQ,N,3134.0,274682,3204.1,3228.1,3100.2,3196.5,862509720.46,3740.0,1302.0,161594041875.42,2026-10-05 16:00:27,0,126.0,-1.09,03-Oct-2025,04-Sep-2026,16.203208556149733,-140.70660522273425,,,ACUTAAS CHEMICALS LIMITED,-1.96
0,ANANDRATHIEQN,14.5,ANANDRATHI,EQ,N,2132.0,404648,2117.5,2135.0,2101.2,2117.5,857570506.4,2268.4,1353.85,194447588868.65,2026-10-05 16:00:27,0,48.45,-3.79,03-Oct-2025,04-Sep-2026,6.013048845000882,-57.476825349927985,,,ANAND RATHI WEALTH LIMITED,0.68
0,SHREECEMEQN,90.0,SHREECEM,EQ,N,21990.0,39075,21750.0,22100.0,21720.0,21900.0,854332283.25,30285.0,21355.0,293343220402.11,2026-10-05 16:00:27,0,-24.64,-7.82,03-Oct-2025,04-Sep-2026,27.389796929172856,-2.973542495902599,,,SHREE CEMENT LIMITED,0.41
0,JSWINFRAEQN,2.55,JSWINFRA,EQ,N,360.0,2349162,357.5,364.0,356.05,357.45,847483683.12,375.5,233.42,213834094118.21,2026-10-05 16:00:27,0,14.01,8.11,03-Oct-2025,04-Sep-2026,4.1278295605858855,-54.22842944049353,,,JSW INFRASTRUCTURE LIMITED,0.71
0,INDIANBEQN,16.85,INDIANB,EQ,N,810.0,1043196,801.75,817.9,801.75,793.15,843580445.4,1000.9,730.6,285447919901.89,2026-10-05 16:00:27,0,5.75,-7.92,03-Oct-2025,04-Sep-2026,19.072834448995902,-10.867779906925815,,,INDIAN BANK,2.12
0,KFINTECHEQN,35.5,KFINTECH,EQ,N,867.5,977572,836.15,872.3,835.0,832.0,841484201.88,1215.0,784.95,115748215817.65,2026-10-05 16:00:27,0,-18.72,-6.61,03-Oct-2025,04-Sep-2026,28.60082304526749,-10.516593413593222,,,KFIN TECHNOLOGIES LIMITED,4.27
0,PHOENIXLTDEQN,5.0,PHOENIXLTD,EQ,N,1935.0,430722,1911.1,1954.9,1909.2,1930.0,832611469.32,2169.8,1465.6,360547425188.83,2026-10-05 16:00:27,0,23.84,-0.36,03-Oct-2025,04-Sep-2026,10.821273850124435,-32.0278384279476,,,THE PHOENIX MILLS LIMITED,0.26
0,PETRONETEQN,4.5,PETRONET,EQ,N,290.0,2861154,287.5,294.0,286.5,285.5,832309698.6,326.4,235.35,216711792713.76,2026-10-05 16:00:27,0,3.96,0.66,03-Oct-2025,04-Sep-2026,11.151960784313726,-23.220735075419586,,,PETRONET LNG LIMITED,1.58
0,CROMPTONEQN,8.8,CROMPTON,EQ,N,211.5,3915311,203.3,211.98,203.3,202.7,822724300.43,310.5,201.1,135715423716.16,2026-10-05 16:00:27,0,-28.35,-8.99,03-Oct-2025,04-Sep-2026,31.884057971014492,-5.1715564395822975,,,CROMPTON GREAVES CONSUMER ELECTRICALS LIMITED,4.34
0,GODREJPROPEQN,4.1,GODREJPROP,EQ,N,1599.9,509332,1581.0,1616.7,1578.0,1595.8,816016077.16,2352.0,1434.0,215780355711.67,2026-10-05 16:00:27,0,-21.3,-19.28,03-Oct-2025,04-Sep-2026,31.977040816326532,-11.569037656903765,,,GODREJ PROPERTIES LIMITED,0.26
0,SEDEMACEQN,-72.7,SEDEMAC,EQ,N,3360.1,233050,3607.8,3650.0,3355.0,3432.8,807164014.0,3650.0,1413.1,47340358484.75,2026-10-05 16:00:27,0,0.0,19.39,,04-Sep-2026,7.942465753424657,-137.7821810204515,,,SEDEMAC MECHATRONICS LIMITED,-2.12
0,WAAREEENEREQN,6.5,WAAREEENER,EQ,N,2346.5,341571,2352.0,2363.5,2323.7,2340.0,800471638.5,3718.8,2301.1,224575951945.47,2026-10-05 16:00:27,0,-31.77,-10.95,03-Oct-2025,04-Sep-2026,36.90168871679036,-1.9729694493937682,,,WAAREE ENERGIES LIMITED,0.28
0,SJSEQN,-132.8,SJS,EQ,N,2027.0,380923,2159.8,2175.0,2022.2,2159.8,786998345.69,2590.0,1447.1,51867182697.93,2026-10-05 16:00:27,0,32.79,-12.1,03-Oct-2025,04-Sep-2026,21.73745173745174,-40.073249948172204,,,S.J.S. ENTERPRISES LIMITED,-6.15
0,GRASIMEQN,10.0,GRASIM,EQ,N,2972.0,263562,2968.0,3024.0,2961.5,2962.0,785725763.16,3411.1,2502.5,1118543400042.67,2026-10-05 16:00:27,0,6.47,-10.54,03-Oct-2025,04-Sep-2026,12.872680367037026,-18.76123876123876,,,GRASIM INDUSTRIES LIMITED,0.34
0,BIOCONEQN,-0.9,BIOCON,EQ,N,369.8,2121058,371.35,373.05,365.1,370.7,783540035.78,447.15,337.7,257037883368.42,2026-10-05 16:00:27,0,4.98,-6.95,03-Oct-2025,04-Sep-2026,17.298445711729844,-9.505478235119929,,,BIOCON LIMITED,-0.24
0,CARTRADEEQN,137.6,CARTRADE,EQ,N,2944.2,267054,2806.0,2950.0,2804.2,2806.6,777904267.14,3290.5,1600.0,125571075169.51,2026-10-05 16:00:27,0,17.87,-1.87,03-Oct-2025,04-Sep-2026,10.524236438231272,-84.0125,,,CARTRADE TECH LIMITED,4.9
0,GRSEEQN,-2.0,GRSE,EQ,N,2109.1,365792,2122.0,2158.8,2103.5,2111.1,777900583.04,3339.0,1963.7,61646387904.0,2026-10-05 16:00:27,0,-22.58,-16.74,03-Oct-2025,04-Sep-2026,36.83438155136268,-7.404389672556908,,,GARDEN REACH SHIPBUILDERS & ENGINEERS LIMITED,-0.09
0,SAGILITYEQN,-0.6,SAGILITY,EQ,N,42.57,17899984,43.25,43.82,42.21,43.17,765940315.36,57.89,35.83,97749274408.86,2026-10-05 16:00:27,0,-2.0,-9.08,03-Oct-2025,04-Sep-2026,26.463983416825013,-18.811052190901478,,,SAGILITY LIMITED,-1.39
0,KAJARIACEREQN,-13.6,KAJARIACER,EQ,N,1211.5,629499,1230.0,1230.0,1202.6,1225.1,765017544.72,1293.8,869.6,98967354534.07,2026-10-05 16:00:27,0,0.44,-2.27,03-Oct-2025,04-Sep-2026,6.36110681712784,-39.316927322907084,,,KAJARIA CERAMICS LIMITED,-1.11
0,LOTUSDEVBEN,6.41,LOTUSDEV,BE,N,236.48,3260516,234.0,240.4,227.9,230.07,759928464.12,240.4,102.2,19999007339.7,2026-10-05 16:00:27,0,24.41,22.37,03-Oct-2025,04-Sep-2026,1.6306156405990018,-131.38943248532289,,,SRI LOTUS DEVELOPERS AND REALTY LIMITED,2.79
0,LICHSGFINEQN,-4.0,LICHSGFIN,EQ,N,505.0,1495045,513.5,514.9,501.9,509.0,758451278.95,598.2,458.9,151414978411.09,2026-10-05 16:00:27,0,-12.7,-10.15,03-Oct-2025,04-Sep-2026,15.58007355399532,-10.045761603835258,,,LIC HOUSING FINANCE LIMITED,-0.79
0,MAZDOCKEQN,10.0,MAZDOCK,EQ,N,2074.0,364228,2075.0,2093.9,2055.4,2064.0,756079051.52,2929.7,2031.2,157129602908.04,2026-10-05 16:00:27,0,-28.02,-16.2,03-Oct-2025,04-Sep-2026,29.207768713520156,-2.1071287908625442,,,MAZAGON DOCK SHIPBUILDERS LIMITED,0.48
0,AMBEREQN,85.0,AMBER,EQ,N,6585.0,114789,6535.0,6652.5,6492.0,6500.0,753826250.34,8974.0,5400.5,143555284717.42,2026-10-05 16:00:27,0,-19.84,-11.89,03-Oct-2025,04-Sep-2026,26.621350568308447,-21.933154337561337,,,AMBER ENTERPRISES INDIA LIMITED,1.31
0,VOGLEQN,-1.1,VOGL,EQ,N,30.88,23982297,31.95,32.14,30.63,31.98,747048551.55,47.6,30.42,52185609992.97,2026-10-05 16:00:27,0,0.0,-18.78,,04-Sep-2026,35.12605042016807,-1.5121630506245891,,,VEDANTA OIL AND GAS LIMITED,-3.44
0,OBEROIRLTYEQN,-3.4,OBEROIRLTY,EQ,N,1751.2,419733,1754.6,1793.7,1749.2,1754.6,741936840.12,1986.1,1391.2,205550573227.86,2026-10-05 16:00:27,0,9.08,-6.63,03-Oct-2025,04-Sep-2026,11.827199033281305,-25.87694077055779,,,OBEROI REALTY LIMITED,-0.19
0,JSLLEQN,-32.6,JSLL,EQ,N,448.2,1610523,483.9,486.25,445.65,480.8,737233008.48,839.0,445.65,20344526756.15,2026-10-05 16:00:27,0,-42.84,-13.19,03-Oct-2025,04-Sep-2026,46.579261025029794,-0.572197913160552,,,JEENA SIKHO LIFECARE LIMITED,-6.78
0,TATAELXSIEQN,12.2,TATAELXSI,EQ,N,3105.0,237392,3130.5,3148.4,3070.1,3092.8,736506306.08,5950.0,3046.2,106671907453.55,2026-10-05 16:00:27,0,-42.02,-12.73,03-Oct-2025,04-Sep-2026,47.81512605042017,-1.9302737837305495,,,TATA ELXSI LIMITED,0.39
0,FINCABLESEQN,5.3,FINCABLES,EQ,N,1464.1,499455,1458.8,1496.1,1454.0,1458.8,736351501.05,1498.0,700.8,110789731867.66,2026-10-05 16:00:27,0,76.86,19.99,03-Oct-2025,04-Sep-2026,2.2630173564753004,-108.91837899543378,,,FINOLEX CABLES LIMITED,0.36
0,BHARTIHEXAEQN,3.8,BHARTIHEXA,EQ,N,1383.0,528019,1389.9,1396.1,1371.4,1379.2,729062234.25,1955.6,1365.6,103732500000.0,2026-10-05 16:00:27,0,-15.62,-7.52,03-Oct-2025,04-Sep-2026,29.280016363264473,-1.2741652021089631,,,BHARTI HEXACOM LIMITED,0.28
0,IRCTCEQN,-3.3,IRCTC,EQ,N,450.8,1583641,454.15,464.6,448.05,454.1,725434269.28,735.75,446.5,136214556160.0,2026-10-05 16:00:27,0,-36.28,-5.3,03-Oct-2025,04-Sep-2026,38.72918790349983,-0.9630459126539753,,,INDIAN RAILWAY CATERING AND TOURISM CORPORATION LIMITED,-0.73
0,PGELEQN,6.6,PGEL,EQ,N,487.7,1475580,487.55,500.8,485.0,481.1,725026233.0,644.4,436.55,78837474197.07,2026-10-05 16:00:27,0,-5.14,-13.27,03-Oct-2025,04-Sep-2026,24.317194289261327,-11.716870919711374,,,PG ELECTROPLAST LIMITED,1.37
0,GLANDEQN,25.7,GLAND,EQ,N,2900.1,248980,2890.0,2920.0,2863.1,2874.4,721165590.4,3042.0,1573.6,231419815579.89,2026-10-05 16:00:27,0,48.62,-1.1,03-Oct-2025,04-Sep-2026,4.664694280078895,-84.29715302491103,,,GLAND PHARMA LIMITED,0.89
0,BDLEQN,8.3,BDL,EQ,N,1096.2,660761,1087.9,1102.8,1082.1,1087.9,721141340.18,1633.4,1071.2,100749384142.31,2026-10-05 16:00:27,0,-29.77,-12.65,03-Oct-2025,04-Sep-2026,32.888453532508876,-2.333831217326363,,,BHARAT DYNAMICS LIMITED,0.76
0,WHIRLPOOLEQN,8.45,WHIRLPOOL,EQ,N,870.1,825507,867.6,888.7,850.1,861.65,721030834.08,1437.0,706.0,66248161756.45,2026-10-05 16:00:27,0,-26.23,6.64,03-Oct-2025,04-Sep-2026,39.45024356297843,-23.243626062322946,,,WHIRLPOOL OF INDIA LIMITED,0.98
0,SHREEJISPGEQN,7.15,SHREEJISPG,EQ,N,782.5,915863,779.8,788.1,768.8,775.35,713814463.57,788.1,222.0,12709880954.8,2026-10-05 16:00:27,0,224.14,15.05,03-Oct-2025,04-Sep-2026,0.7105697246542317,-252.47747747747746,,,SHREEJI SHIPPING GLOBAL LIMITED,0.92
0,AVALONEQN,-0.2,AVALON,EQ,N,2280.0,310553,2280.2,2339.0,2242.0,2280.2,706989432.15,2618.0,777.3,68698388492.92,2026-10-05 16:00:27,0,116.07,3.8,03-Oct-2025,04-Sep-2026,12.910618792971734,-193.32304129679662,,,AVALON TECHNOLOGIES LIMITED,-0.01
0,BALRAMCHINEQN,21.95,BALRAMCHIN,EQ,N,671.0,1055611,652.55,679.5,652.55,649.05,706742120.61,780.95,393.55,76346572938.81,2026-10-05 16:00:27,0,44.33,-2.84,03-Oct-2025,04-Sep-2026,14.079006338433958,-70.499301232372,,,BALRAMPUR CHINI MILLS LIMITED,3.38
0,PNBHOUSINGEQN,13.8,PNBHOUSING,EQ,N,1105.8,638892,1092.0,1116.0,1088.3,1092.0,705036488.76,1211.5,729.6,207471336071.66,2026-10-05 16:00:27,0,24.52,-5.16,03-Oct-2025,04-Sep-2026,8.72472141972761,-51.5625,,,PNB HOUSING FINANCE LIMITED,1.26
0,EXIDEINDEQN,-4.45,EXIDEIND,EQ,N,405.0,1713639,409.5,415.85,402.15,409.45,696114434.58,496.4,287.0,183880282825.0,2026-10-05 16:00:27,0,1.75,-4.56,03-Oct-2025,04-Sep-2026,18.41257050765512,-41.11498257839721,,,EXIDE INDUSTRIES LIMITED,-1.09
0,ATLANTAELEEQN,170.5,ATLANTAELE,EQ,N,1887.0,379316,1745.5,1888.1,1725.0,1716.5,695631405.56,2152.6,707.6,18422618911.93,2026-10-05 16:00:27,0,107.03,0.28,03-Oct-2025,04-Sep-2026,12.338567313945926,-166.6760881854155,,,ATLANTA ELECTRICALS LIMITED,9.93
0,KPITTECHEQN,-2.5,KPITTECH,EQ,N,489.5,1394781,499.85,508.95,489.0,492.0,693875651.88,1284.9,484.5,81259602005.84,2026-10-05 16:00:27,0,-57.72,-14.94,03-Oct-2025,04-Sep-2026,61.90365008950113,-1.0319917440660475,,,KPIT TECHNOLOGIES LIMITED,-0.51
0,LALPATHLABEQN,-36.1,LALPATHLAB,EQ,N,1969.0,350211,2005.9,2026.0,1960.0,2005.1,693613898.16,2038.6,1272.6,153397467163.79,2026-10-05 16:00:27,0,25.91,4.87,03-Oct-2025,04-Sep-2026,3.4141077209849895,-54.72261511865472,,,DR. LAL PATH LABS LTD.,-1.8
0,SIEMENSEQN,-102.9,SIEMENS,EQ,N,3701.1,184140,3804.0,3842.0,3700.0,3804.0,691567232.4,4149.4,2826.0,326191899622.02,2026-10-05 16:00:27,0,16.97,-6.94,03-Oct-2025,04-Sep-2026,10.803971658553044,-30.966029723991507,,,SIEMENS LIMITED,-2.71
0,IRFCEQN,-0.56,IRFC,EQ,N,76.5,8816833,78.0,78.1,76.06,77.06,677749952.71,137.17,76.06,170945663831.91,2026-10-05 16:00:27,0,-39.21,-8.27,03-Oct-2025,04-Sep-2026,44.229787854487135,-0.5784906652642651,,,INDIAN RAILWAY FINANCE CORPORATION LIMITED,-0.73
0,PARASEQN,-6.0,PARAS,EQ,N,1270.0,532009,1276.1,1297.8,1252.5,1276.0,675965315.31,1585.0,580.5,44842050443.5,2026-10-05 16:00:27,0,74.98,-10.24,03-Oct-2025,04-Sep-2026,19.873817034700316,-118.77691645133505,,,PARAS DEFENCE AND SPACE TECHNOLOGIES LIMITED,-0.47
0,AMBUJACEMEQN,4.25,AMBUJACEM,EQ,N,366.5,1848613,363.2,368.9,361.05,362.25,673542146.55,588.75,356.3,227870814791.46,2026-10-05 16:00:27,0,-36.39,-9.51,03-Oct-2025,04-Sep-2026,37.74946921443737,-2.862756104406399,,,AMBUJA CEMENTS LIMITED,1.17
0,KISSHTEQN,8.85,KISSHT,EQ,N,380.0,1755374,377.15,388.15,370.05,371.15,664742580.06,388.15,190.0,23549898311.52,2026-10-05 16:00:27,0,0.0,22.86,,04-Sep-2026,2.099703722787582,-100.0,,,ONEMI TECHNOLOGY SOLUTIONS LIMITED,2.38
0,GODREJCPEQN,-3.0,GODREJCP,EQ,N,837.0,788467,840.0,847.55,832.6,840.0,659678800.22,1273.9,832.6,335381294107.23,2026-10-05 16:00:27,0,-27.15,-4.67,03-Oct-2025,04-Sep-2026,34.29625559306068,-0.5284650492433342,,,GODREJ CONSUMER PRODUCTS LIMITED,-0.36
0,HYUNDAIEQN,-24.0,HYUNDAI,EQ,N,2000.0,328159,2023.9,2031.5,1981.9,2024.0,656816801.68,2607.7,1658.0,283753977859.8,2026-10-05 16:00:27,0,-20.24,-9.3,03-Oct-2025,04-Sep-2026,23.304061049967405,-20.62726176115802,,,HYUNDAI MOTOR INDIA LIMITED,-1.19
0,TEXRAILEQN,-9.83,TEXRAIL,EQ,N,117.03,5444925,128.0,128.99,116.51,126.86,653391000.0,143.1,78.05,24246066794.61,2026-10-05 16:00:27,0,-16.76,0.9,03-Oct-2025,04-Sep-2026,18.21802935010482,-49.94234465086483,,,TEXMACO RAIL & ENGINEERING LIMITED,-7.75
0,PRIVISCLEQN,-142.7,PRIVISCL,EQ,N,3430.3,186750,3570.0,3593.0,3424.1,3573.0,649176615.0,3785.3,2345.3,45846984253.94,2026-10-05 16:00:27,0,41.83,1.87,03-Oct-2025,04-Sep-2026,9.378384804374818,-46.26273824244233,,,PRIVI SPECIALITY CHEMICALS LIMITED,-3.99
0,INOXINDIAEQN,-70.7,INOXINDIA,EQ,N,2097.6,300602,2170.0,2202.2,2074.9,2168.3,638024738.98,2339.5,1068.2,47393073788.55,2026-10-05 16:00:27,0,72.61,-6.68,03-Oct-2025,04-Sep-2026,10.339816200042744,-96.3677214004868,,,INOX INDIA LIMITED,-3.26
0,KARURVYSYAEQN,-0.05,KARURVYSYA,EQ,N,325.25,1950191,326.1,330.9,320.55,325.3,633617055.9,358.65,208.25,305952105835.64,2026-10-05 16:00:27,0,55.49,-6.77,03-Oct-2025,04-Sep-2026,9.31270040429388,-56.18247298919568,,,KARUR VYSYA BANK LIMITED,-0.02
0,CRAFTSMANEQN,34.0,CRAFTSMAN,EQ,N,10300.0,60422,10280.0,10660.0,10183.0,10266.0,625626910.38,11999.0,6324.0,154385795057.84,2026-10-05 16:00:27,0,52.06,-9.63,03-Oct-2025,04-Sep-2026,14.159513292774397,-62.87160025300443,,,CRAFTSMAN AUTOMATION LIMITED,0.33
0,UNIMECHEQN,67.0,UNIMECH,EQ,N,1840.0,344309,1790.0,1850.2,1756.0,1773.0,620427602.55,1868.2,695.0,16247846678.44,2026-10-05 16:00:27,0,85.9,22.45,03-Oct-2025,04-Sep-2026,1.509474360346858,-164.74820143884892,,,UNIMECH AEROSPACE AND MANUFACTURING LIMITED,3.78
0,DYNAMATECHEQN,619.0,DYNAMATECH,EQ,N,14375.0,43998,13798.0,14375.0,13798.0,13756.0,620075693.46,14375.0,6765.0,55775466128.9,2026-10-05 16:00:27,0,104.76,23.35,03-Oct-2025,04-Sep-2026,0.0,-112.49076127124907,,,DYNAMATIC TECHNOLOGIES LIMITED,4.5
0,ESCORTSEQN,151.7,ESCORTS,EQ,N,2819.0,222028,2667.3,2888.4,2664.3,2667.3,618794256.28,3987.8,2550.1,93519918526.2,2026-10-05 16:00:27,0,-21.03,-5.05,03-Oct-2025,04-Sep-2026,29.309393650634433,-10.5446845221756,,,ESCORTS KUBOTA LIMITED,5.69
0,ANANTRAJEQN,10.15,ANANTRAJ,EQ,N,588.0,1053429,580.0,592.85,575.0,577.85,616845885.24,743.65,403.0,89366690412.15,2026-10-05 16:00:27,0,-18.31,-5.99,03-Oct-2025,04-Sep-2026,20.93054528339945,-45.90570719602977,,,ANANT RAJ LIMITED,1.76
0,THERMAXEQN,-132.5,THERMAX,EQ,N,3228.1,187112,3364.9,3400.7,3212.0,3360.6,612808640.08,5277.8,2742.7,124780361325.6,2026-10-05 16:00:27,0,1.24,-11.26,03-Oct-2025,04-Sep-2026,38.83625753154723,-17.697888941553945,,,THERMAX LIMITED,-3.94
0,POONAWALLAEQN,19.6,POONAWALLA,EQ,N,453.0,1365007,438.05,453.9,436.5,433.4,611591386.35,570.4,361.2,160498577440.02,2026-10-05 16:00:27,0,-13.62,-3.3,03-Oct-2025,04-Sep-2026,20.582047685834503,-25.41528239202658,,,POONAWALLA FINCORP LIMITED,4.52
0,KIMSEQN,-28.25,KIMS,EQ,N,708.0,850822,739.0,747.85,700.05,736.25,608422812.2,858.0,575.8,187757978701.81,2026-10-05 16:00:27,0,2.56,-7.34,03-Oct-2025,04-Sep-2026,17.482517482517483,-22.959360889197637,,,KRISHNA INSTITUTE OF MEDICAL SCIENCES LIMITED,-3.84
0,ABCAPITALEQN,2.35,ABCAPITAL,EQ,N,377.4,1609846,375.95,381.3,373.85,375.05,606396791.28,430.7,286.5,320659068653.56,2026-10-05 16:00:27,0,24.17,-6.79,03-Oct-2025,04-Sep-2026,12.375203157650336,-31.727748691099478,,,ADITYA BIRLA CAPITAL LIMITED,0.63
0,FLUOROCHEMEQN,116.6,FLUOROCHEM,EQ,N,4458.1,137290,4399.0,4493.5,4343.0,4341.5,603631180.4,4958.9,2916.6,186427969318.89,2026-10-05 16:00:27,0,20.44,-2.11,03-Oct-2025,04-Sep-2026,10.09901389421041,-52.85263663169444,,,GUJARAT FLUOROCHEMICALS LIMITED,2.69
0,AARTIPHARMEQN,-21.8,AARTIPHARM,EQ,N,946.7,629798,981.0,991.8,940.55,968.5,602937115.3,1002.4,585.0,48724718898.47,2026-10-05 16:00:27,0,14.49,10.24,03-Oct-2025,04-Sep-2026,5.556664006384676,-61.82905982905983,,,AARTI PHARMALABS LIMITED,-2.25
0,SHAREINDIAEQN,0.41,SHAREINDIA,EQ,N,205.5,2810914,208.2,219.0,204.51,205.09,597515988.98,233.35,115.36,15351951502.79,2026-10-05 16:00:27,0,47.8,20.53,03-Oct-2025,04-Sep-2026,11.934861795586029,-78.13800277392511,,,SHARE INDIA SECURITIES LIMITED,0.2
0,HBLENGINEEQN,-12.05,HBLENGINE,EQ,N,767.3,771121,784.0,789.35,760.25,779.35,595004674.81,1122.0,613.0,85805611045.28,2026-10-05 16:00:27,0,-9.39,10.28,03-Oct-2025,04-Sep-2026,31.61319073083779,-25.171288743882545,,,HBL ENGINEERING LIMITED,-1.55
0,360ONEEQN,10.0,360ONE,EQ,N,1050.0,564932,1033.6,1059.6,1033.3,1040.0,592805744.88,1236.2,906.05,275133865196.61,2026-10-05 16:00:27,0,0.08,-7.65,03-Oct-2025,04-Sep-2026,15.062287655719139,-15.887644169747807,,,360 ONE WAM LIMITED,0.96
0,VMMEQN,-1.25,VMM,EQ,N,98.25,5980303,100.6,100.6,98.1,99.5,590913739.43,152.18,98.0,274647775493.38,2026-10-05 16:00:27,0,-34.5,-7.43,03-Oct-2025,04-Sep-2026,35.438296753844135,-0.25510204081632654,,,VISHAL MEGA MART LIMITED,-1.26
0,AXISCADESEQN,-27.3,AXISCADES,EQ,N,2280.0,255708,2324.0,2360.0,2252.0,2307.3,588378993.84,2360.0,1063.3,40737374601.46,2026-10-05 16:00:27,0,33.63,33.21,03-Oct-2025,04-Sep-2026,3.389830508474576,-114.42678453870028,,,AXISCADES TECHNOLOGIES LIMITED,-1.18
0,TATACHEMEQN,10.2,TATACHEM,EQ,N,618.0,953155,607.8,629.9,603.5,607.8,587715373.0,944.5,580.3,96355456002.18,2026-10-05 16:00:27,0,-33.23,-1.14,03-Oct-2025,04-Sep-2026,34.56855479089465,-6.496639669136654,,,TATA CHEMICALS LIMITED,1.68
0,NBCCEQN,-1.2,NBCC,EQ,N,76.2,7593129,78.11,78.27,75.75,77.4,581254024.95,125.85,75.75,78678885060.0,2026-10-05 16:00:27,0,-32.64,-12.01,03-Oct-2025,04-Sep-2026,39.45172824791418,-0.594059405940594,,,NBCC (INDIA) LIMITED,-1.55
0,HSCLEQN,-4.95,HSCL,EQ,N,660.2,876519,665.95,672.5,656.5,665.15,580860376.11,819.5,418.5,154971441219.44,2026-10-05 16:00:27,0,46.22,-1.62,03-Oct-2025,04-Sep-2026,19.438682123245883,-57.753882915173236,,,HIMADRI SPECIALITY CHEMICAL LIMITED,-0.74
0,RVNLEQN,-0.05,RVNL,EQ,N,196.95,2937181,198.0,199.9,195.34,197.0,580445709.22,400.7,194.05,111487574542.44,2026-10-05 16:00:27,0,-43.25,-7.31,03-Oct-2025,04-Sep-2026,50.84851509857749,-1.494460190672507,,,RAIL VIKAS NIGAM LIMITED,-0.03
0,MANORAMAEQN,65.7,MANORAMA,EQ,N,1946.0,299321,1880.3,1959.0,1879.9,1880.3,577949939.27,2149.5,1060.6,47170540326.04,2026-10-05 16:00:27,0,29.7,-2.38,03-Oct-2025,04-Sep-2026,9.467317980925797,-83.48104846313407,,,MANORAMA INDUSTRIES LIMITED,3.49
0,SCHNEIDEREQN,6.3,SCHNEIDER,EQ,N,1281.7,444623,1286.8,1318.8,1261.0,1275.4,574604087.82,1548.0,571.85,74014849764.81,2026-10-05 16:00:27,0,49.78,4.0,03-Oct-2025,04-Sep-2026,17.202842377260982,-124.13220250065577,,,SCHNEIDER ELECTRIC INFRASTRUCTURE LIMITED,0.49
0,BALAMINESEQN,-91.2,BALAMINES,EQ,N,1961.0,289399,2052.0,2075.0,1936.0,2052.2,571088410.64,2629.8,968.1,21641628416.96,2026-10-05 16:00:27,0,38.31,-22.34,03-Oct-2025,04-Sep-2026,25.431591756027075,-102.5617188306993,,,BALAJI AMINES LIMITED,-4.44
0,ICICIPRULIEQN,6.85,ICICIPRULI,EQ,N,454.9,1224982,448.0,457.0,446.05,448.05,554586100.86,706.8,441.8,180015080180.94,2026-10-05 16:00:27,0,-24.32,-8.02,03-Oct-2025,04-Sep-2026,35.63950198075835,-2.965142598460842,,,ICICI PRUDENTIAL LIFE INSURANCE COMPANY LIMITED,1.53
0,BLUESTARCOEQN,50.4,BLUESTARCO,EQ,N,1510.0,367830,1476.0,1517.0,1460.4,1459.6,551237394.6,2032.9,1432.3,195348928942.21,2026-10-05 16:00:27,0,-20.49,1.75,03-Oct-2025,04-Sep-2026,25.721875153721285,-5.4248411645604975,,,BLUE STAR LIMITED,3.45
0,QPOWEREQN,59.4,QPOWER,EQ,N,1624.0,336640,1569.8,1640.0,1569.8,1564.6,546030080.0,1675.0,581.0,32735531126.42,2026-10-05 16:00:27,0,56.32,8.61,03-Oct-2025,04-Sep-2026,3.044776119402985,-179.51807228915663,,,QUALITY POWER ELECTRICAL EQUIPMENTS LIMITED,3.8
0,SHYAMMETLEQN,-28.0,SHYAMMETL,EQ,N,1019.8,527412,1054.0,1057.6,1015.0,1047.8,544927352.52,1148.0,746.0,71598376808.56,2026-10-05 16:00:27,0,5.05,-4.27,03-Oct-2025,04-Sep-2026,11.167247386759582,-36.702412868632706,,,SHYAM METALICS AND ENERGY LIMITED,-2.67
0,USHAMARTEQN,16.4,USHAMART,EQ,N,508.1,1068924,492.0,518.0,492.0,491.7,542863742.64,542.6,380.0,93106873206.46,2026-10-05 16:00:27,0,9.88,-1.18,03-Oct-2025,04-Sep-2026,6.358274972355326,-33.71052631578947,,,USHA MARTIN LIMITED,3.34
0,ASTRAMICROEQN,22.5,ASTRAMICRO,EQ,N,1647.0,327119,1634.2,1673.9,1628.1,1624.5,541607657.11,1960.0,851.0,139396168281.05,2026-10-05 16:00:27,0,48.02,-4.74,03-Oct-2025,04-Sep-2026,15.96938775510204,-93.53701527614571,,,ASTRA MICROWAVE PRODUCTS LIMITED,1.39
0,TEGAEQN,-27.4,TEGA,EQ,N,2066.0,261410,2119.5,2131.7,2020.0,2093.4,540713514.5,2198.0,1473.0,34190847391.7,2026-10-05 16:00:27,0,4.66,33.46,03-Oct-2025,04-Sep-2026,6.005459508644222,-40.25797691785472,,,TEGA INDUSTRIES LIMITED,-1.31
0,BAJAJHLDNGEQN,66.0,BAJAJHLDNG,EQ,N,10732.0,50104,10580.0,10892.0,10554.0,10666.0,537133919.52,13250.0,8588.0,463406457101.07,2026-10-05 16:00:27,0,-9.2,-3.85,03-Oct-2025,04-Sep-2026,19.00377358490566,-24.96506753609688,,,BAJAJ HOLDINGS & INVESTMENT LIMITED,0.62
0,CHOICEINEQN,8.6,CHOICEIN,EQ,N,728.0,737146,719.4,736.0,719.4,719.4,535927256.38,860.5,568.7,61684878704.43,2026-10-05 16:00:27,0,-7.08,-4.33,03-Oct-2025,04-Sep-2026,15.398024404416038,-28.011253736592227,,,CHOICE INTERNATIONAL LIMITED,1.2
0,ALKEMEQN,-27.5,ALKEM,EQ,N,5192.5,102619,5210.0,5235.0,5136.0,5220.0,529951196.94,5933.5,5051.0,312274463259.83,2026-10-05 16:00:27,0,-4.58,0.05,03-Oct-2025,04-Sep-2026,12.48841324681891,-2.8014254603048903,,,ALKEM LABORATORIES LIMITED,-0.53
0,SOUTHBANKEQN,1.16,SOUTHBANK,EQ,N,48.6,10708341,48.45,48.7,47.8,47.44,517962454.17,50.68,28.93,126371671553.98,2026-10-05 16:00:27,0,63.2,2.77,03-Oct-2025,04-Sep-2026,4.1041831097079715,-67.99170411337711,,,THE SOUTH INDIAN BANK LIMITED,2.45
0,MARKSANSEQN,4.4,MARKSANS,EQ,N,330.0,1566583,327.2,333.0,324.6,325.6,516737402.55,350.95,155.0,71116255608.9,2026-10-05 16:00:27,0,98.16,0.99,03-Oct-2025,04-Sep-2026,5.969511326399772,-112.90322580645162,,,MARKSANS PHARMA LIMITED,1.35
0,EMAMILTDEQN,1.7,EMAMILTD,EQ,N,374.35,1358087,373.1,378.5,371.0,372.65,510260447.64,560.0,361.15,74215867649.63,2026-10-05 16:00:27,0,-32.0,2.27,03-Oct-2025,04-Sep-2026,33.151785714285715,-3.6549910009691264,,,EMAMI LIMITED,0.46
0,KPIGREENEQN,-23.3,KPIGREEN,EQ,N,322.3,1547466,345.6,348.9,320.0,345.6,510044793.6,542.25,271.9,31146797310.54,2026-10-05 16:00:27,0,-28.79,4.98,03-Oct-2025,04-Sep-2026,40.56247118487782,-18.536226553880102,,,KPI GREEN ENERGY LIMITED,-6.74
0,ICICIAMCEQN,-26.5,ICICIAMC,EQ,N,3057.9,163817,3085.9,3095.6,3045.0,3084.4,502931295.36,3611.0,2530.0,178558035746.57,2026-10-05 16:00:27,0,0.0,2.93,,04-Sep-2026,15.31708667959014,-20.865612648221344,,,ICICI PRUDENTIAL ASSET MANAGEMENT COMPANY LIMITED,-0.86
0,SRFEQN,-26.2,SRF,EQ,N,2460.0,204482,2484.9,2495.0,2442.0,2486.2,502880537.78,3210.0,2355.0,356328244826.38,2026-10-05 16:00:27,0,-15.74,-3.42,03-Oct-2025,04-Sep-2026,23.364485981308412,-4.45859872611465,,,SRF LIMITED,-1.05
0,VEDPOWEREQN,-0.85,VEDPOWER,EQ,N,31.92,15572832,32.8,33.15,31.49,32.77,500822277.12,49.88,30.44,53874361206.56,2026-10-05 16:00:27,0,0.0,-6.67,,04-Sep-2026,36.00641539695269,-4.862023653088042,,,VEDANTA POWER LIMITED,-2.59
0,J&KBANKEQN,0.71,J&KBANK,EQ,N,140.69,3523704,141.38,143.46,139.83,139.98,497370819.6,201.75,97.35,62948113826.26,2026-10-05 16:00:27,0,33.46,-6.22,03-Oct-2025,04-Sep-2026,30.265179677819084,-44.51977401129943,,,THE JAMMU & KASHMIR BANK LIMITED,0.51
0,JSWENERGYEQN,6.8,JSWENERGY,EQ,N,491.8,1014257,485.85,491.8,483.25,485.0,494734279.46,617.35,427.75,300633558842.95,2026-10-05 16:00:27,0,-8.91,-8.9,03-Oct-2025,04-Sep-2026,20.336923949137443,-14.973699590882525,,,JSW ENERGY LIMITED,1.4
0,SAILIFEEQN,-35.2,SAILIFE,EQ,N,1506.0,325814,1549.5,1557.9,1501.0,1541.2,494676879.92,1697.0,783.85,208497827742.1,2026-10-05 16:00:27,0,70.63,-4.94,03-Oct-2025,04-Sep-2026,11.255156157925752,-92.12859603240416,,,SAI LIFE SCIENCES LIMITED,-2.28
0,TEJASNETEQN,-0.6,TEJASNET,EQ,N,464.2,1053307,469.0,481.95,461.45,464.8,494327508.17,644.75,294.0,38256887879.0,2026-10-05 16:00:27,0,-21.42,-24.42,03-Oct-2025,04-Sep-2026,28.003101977510664,-57.89115646258504,,,TEJAS NETWORKS LIMITED,-0.13
0,PRICOLLTDEQN,-27.5,PRICOLLTD,EQ,N,707.0,697878,743.35,746.9,699.0,734.5,493211318.94,823.0,499.9,51786109936.65,2026-10-05 16:00:27,0,33.83,-7.58,03-Oct-2025,04-Sep-2026,14.094775212636694,-41.428285657131426,,,PRICOL LIMITED,-3.74
0,JINDALSTELEQN,-3.2,JINDALSTEL,EQ,N,1097.3,444005,1101.1,1115.8,1086.7,1100.5,486451878.0,1306.2,977.1,405829997356.61,2026-10-05 16:00:27,0,1.93,-5.81,03-Oct-2025,04-Sep-2026,15.992956668197825,-12.301709139289734,,,JINDAL STEEL LIMITED,-0.29
0,PRECWIREEQN,6.95,PRECWIRE,EQ,N,508.35,934457,506.0,524.0,504.85,501.4,481497658.39,524.9,182.0,37795506895.1,2026-10-05 16:00:27,0,143.59,7.52,03-Oct-2025,04-Sep-2026,3.152981520289579,-179.3131868131868,,,PRECISION WIRES INDIA LIMITED,1.39
0,PTCEQN,2.51,PTC,EQ,N,157.3,3047215,156.45,157.9,155.0,154.79,476858675.35,229.51,149.59,37460783435.9,2026-10-05 16:00:27,0,-6.92,0.65,03-Oct-2025,04-Sep-2026,31.46268136464642,-5.154087840096263,,,PTC INDIA LIMITED,1.62
0,MANYAVAREQN,1.55,MANYAVAR,EQ,N,520.75,917319,522.6,527.9,507.65,519.2,473501721.42,705.0,329.2,31740745204.95,2026-10-05 16:00:27,0,-25.06,-12.36,03-Oct-2025,04-Sep-2026,26.134751773049647,-58.1865127582017,,,VEDANT FASHIONS LIMITED,0.3
0,BELRISEEQN,-6.74,BELRISE,EQ,N,230.76,2025207,238.81,239.99,230.5,237.5,471893483.07,268.2,142.59,86847616237.94,2026-10-05 16:00:27,0,41.55,-2.58,03-Oct-2025,04-Sep-2026,13.95973154362416,-61.8346307595203,,,BELRISE INDUSTRIES LIMITED,-2.84
0,PIINDEQN,-16.0,PIIND,EQ,N,2220.0,210128,2243.9,2287.9,2199.6,2236.0,469188507.36,3832.9,2191.0,179234340959.13,2026-10-05 16:00:27,0,-38.62,-9.94,03-Oct-2025,04-Sep-2026,42.08040908972318,-1.3235965312642628,,,PI INDUSTRIES LIMITED,-0.72
0,JPPOWEREQN,0.11,JPPOWER,EQ,N,14.91,31282813,15.0,15.1,14.86,14.8,467678054.35,24.5,13.15,72384327897.24,2026-10-05 16:00:27,0,-19.62,-8.47,03-Oct-2025,04-Sep-2026,39.142857142857146,-13.384030418250951,,,JAIPRAKASH POWER VENTURES LIMITED,0.74
0,GRANULESEQN,-6.75,GRANULES,EQ,N,815.0,575094,820.95,824.65,800.0,821.75,467033837.4,923.65,522.7,120206282907.94,2026-10-05 16:00:27,0,46.24,-3.93,03-Oct-2025,04-Sep-2026,11.763113733557084,-55.92117849626937,,,GRANULES INDIA LIMITED,-0.82
0,NATCOPHARMEQN,0.7,NATCOPHARM,EQ,N,822.0,571712,825.0,827.45,801.4,821.3,464218709.76,1214.65,784.21,80626910718.34,2026-10-05 16:00:27,0,0.93,0.19,03-Oct-2025,04-Sep-2026,32.326184497591896,-4.8188622945384525,,,NATCO PHARMA LIMITED,0.09
0,VOLTASEQN,8.1,VOLTAS,EQ,N,1061.3,436486,1055.0,1072.1,1052.9,1053.2,463024348.8,1582.5,1040.6,241366176947.85,2026-10-05 16:00:27,0,-21.99,-9.29,03-Oct-2025,04-Sep-2026,32.93522906793049,-1.9892369786661541,,,VOLTAS LIMITED,0.77
0,CASTROLINDEQN,0.46,CASTROLIND,EQ,N,199.5,2300283,199.05,201.5,197.75,199.04,458285382.09,207.2,170.1,94554776424.06,2026-10-05 16:00:27,0,-1.55,4.85,03-Oct-2025,04-Sep-2026,3.7162162162162162,-17.28395061728395,,,CASTROL INDIA LIMITED,0.23
0,RBAEQN,0.78,RBA,EQ,N,93.0,4841004,92.0,95.98,91.45,92.22,457668518.16,111.15,57.15,48479070694.7,2026-10-05 16:00:27,0,17.89,-4.27,03-Oct-2025,04-Sep-2026,16.329284750337383,-62.729658792650916,,,RESTAURANT BRANDS ASIA LIMITED,0.85
0,VISLEQN,-0.47,VISL,EQ,N,30.7,14830747,30.99,31.32,30.16,31.17,456342085.19,44.78,19.06,51963561618.15,2026-10-05 16:00:27,0,0.0,-13.25,,04-Sep-2026,31.442608307280036,-61.07030430220357,,,VEDANTA IRON AND STEEL LIMITED,-1.51
0,IREDAEQN,-2.0,IREDA,EQ,N,109.0,4155590,111.68,111.86,108.5,111.0,455785111.2,158.7,107.4,86477226292.19,2026-10-05 16:00:27,0,-29.26,-4.08,03-Oct-2025,04-Sep-2026,31.3169502205419,-1.48975791433892,,,INDIAN RENEWABLE ENERGY DEVELOPMENT AGENCY LIMITED,-1.8
0,MOTILALOFSEQN,21.2,MOTILALOFS,EQ,N,1011.1,445092,991.0,1018.9,987.9,989.9,449222453.76,1097.1,614.9,160066488098.84,2026-10-05 16:00:27,0,10.99,-2.5,03-Oct-2025,04-Sep-2026,7.838847871661653,-64.43324117742722,,,MOTILAL OSWAL FINANCIAL SERVICES LIMITED,2.14
0,OLECTRAEQN,-20.2,OLECTRA,EQ,N,1076.0,409750,1108.0,1115.5,1069.9,1096.2,445008987.5,1578.0,866.6,44021684541.96,2026-10-05 16:00:27,0,-30.36,-12.45,03-Oct-2025,04-Sep-2026,31.812420785804814,-24.1633971843988,,,OLECTRA GREENTECH LIMITED,-1.84
0,IRCONEQN,-3.27,IRCON,EQ,N,106.98,4101437,110.25,111.11,106.25,110.25,442011865.49,186.44,101.6,34729859217.68,2026-10-05 16:00:27,0,-38.73,-10.29,03-Oct-2025,04-Sep-2026,42.61960952585282,-5.2952755905511815,,,IRCON INTERNATIONAL LIMITED,-2.97
0,ASTRALEQN,18.1,ASTRAL,EQ,N,1362.1,325806,1349.0,1367.2,1339.4,1344.0,441753839.28,1768.7,1311.6,166126730639.09,2026-10-05 16:00:27,0,-1.55,-8.76,03-Oct-2025,04-Sep-2026,22.988635721151127,-3.8502592253735894,,,ASTRAL LIMITED,1.35
0,SBICARDEQN,2.8,SBICARD,EQ,N,566.0,778398,565.25,577.15,561.25,563.2,441242690.28,965.0,560.15,167724653025.4,2026-10-05 16:00:27,0,-36.55,-14.01,03-Oct-2025,04-Sep-2026,41.347150259067355,-1.0443631170222263,,,SBI CARDS AND PAYMENT SERVICES LIMITED,0.5
0,BBOXEQN,18.15,BBOX,EQ,N,814.0,542405,800.0,823.65,794.2,795.85,438849037.4,1103.0,444.3,38288967804.36,2026-10-05 16:00:27,0,45.66,14.29,03-Oct-2025,04-Sep-2026,26.201269265639166,-83.20954310150799,,,BLACK BOX LIMITED,2.28
0,YATHARTHEQN,-26.0,YATHARTH,EQ,N,1007.7,435155,1028.6,1039.7,995.0,1033.7,438279412.9,1184.0,538.25,42718711113.46,2026-10-05 16:00:27,0,35.26,1.67,03-Oct-2025,04-Sep-2026,14.890202702702704,-87.21783557826289,,,YATHARTH HOSPITAL & TRAUMA CARE SERVICES LIMITED,-2.52
0,TATATECHEQN,-0.3,TATATECH,EQ,N,698.5,615981,705.4,716.7,695.0,698.8,434420600.25,891.0,507.4,119540356218.94,2026-10-05 16:00:27,0,-1.21,-12.69,03-Oct-2025,04-Sep-2026,21.604938271604937,-37.66259361450532,,,TATA TECHNOLOGIES LIMITED,-0.04
0,BSOFTEQN,6.1,BSOFT,EQ,N,275.85,1555308,277.15,280.8,274.25,269.75,431255802.24,474.0,267.05,45698524326.36,2026-10-05 16:00:27,0,-21.19,-4.67,03-Oct-2025,04-Sep-2026,41.80379746835443,-3.2952630593521812,,,BIRLASOFT LIMITED,2.26
0,URBANCOEQN,2.66,URBANCO,EQ,N,159.0,2694786,157.0,160.56,157.0,156.34,428444026.14,183.97,100.7,55297970467.8,2026-10-05 16:00:27,0,-8.83,-12.2,03-Oct-2025,04-Sep-2026,13.572865141055606,-57.89473684210526,,,URBAN COMPANY LIMITED,1.7
0,JUBLFOODEQN,2.3,JUBLFOOD,EQ,N,445.7,949778,442.8,447.75,438.8,443.4,421919880.94,635.0,408.55,174546257498.38,2026-10-05 16:00:27,0,-29.08,-7.67,03-Oct-2025,04-Sep-2026,29.811023622047244,-9.09313425529311,,,JUBILANT FOODWORKS LIMITED,0.52
0,CONCOREQN,-0.55,CONCOR,EQ,N,441.45,949906,445.0,446.6,434.5,442.0,418234112.74,557.0,421.45,151970411739.87,2026-10-05 16:00:27,0,-17.25,-13.1,03-Oct-2025,04-Sep-2026,20.745062836624776,-4.745521414165381,,,CONTAINER CORPORATION OF INDIA LIMITED,-0.12
0,MIDHANIEQN,4.9,MIDHANI,EQ,N,438.5,947160,433.6,444.9,425.2,433.6,414003636.0,482.4,266.65,21435989701.66,2026-10-05 16:00:27,0,9.38,4.7,03-Oct-2025,04-Sep-2026,9.100331674958541,-64.44777798612414,,,MISHRA DHATU NIGAM LIMITED,1.13
0,PTCILEQN,565.0,PTCIL,EQ,N,22590.0,18625,22025.0,22620.0,21665.0,22025.0,413317991.25,24125.0,14499.0,136061006024.02,2026-10-05 16:00:27,0,35.69,-5.2,03-Oct-2025,04-Sep-2026,6.362694300518135,-55.80384854127871,,,PTC INDUSTRIES LIMITED,2.57
0,HOMEFIRSTEQN,-30.0,HOMEFIRST,EQ,N,1095.7,379744,1122.6,1122.6,1075.1,1125.7,413188054.08,1317.7,893.7,105696148200.85,2026-10-05 16:00:27,0,-12.83,-9.45,03-Oct-2025,04-Sep-2026,16.84753737573044,-22.60266308604677,,,HOME FIRST FINANCE COMPANY INDIA LIMITED,-2.67
0,JYOTICNCEQN,1.9,JYOTICNC,EQ,N,1034.0,397257,1052.7,1060.0,1020.5,1032.1,413159197.71,1134.6,580.1,87510212435.02,2026-10-05 16:00:27,0,12.29,3.0,03-Oct-2025,04-Sep-2026,8.866560902520712,-78.24513014997414,,,JYOTI CNC AUTOMATION LIMITED,0.18
0,IPCALABEQN,-7.2,IPCALAB,EQ,N,1936.0,210605,1973.7,1984.9,1930.3,1943.2,413116449.85,2038.0,1251.6,270364802212.93,2026-10-05 16:00:27,0,47.44,-1.49,03-Oct-2025,04-Sep-2026,5.004906771344455,-54.68200703100032,,,IPCA LABORATORIES LIMITED,-0.37
0,INOXWINDEQN,-0.95,INOXWIND,EQ,N,67.8,5978012,69.0,69.88,67.6,68.75,409673162.36,159.3,67.1,65194382069.29,2026-10-05 16:00:27,0,-52.04,-8.87,03-Oct-2025,04-Sep-2026,57.43879472693032,-1.0432190760059612,,,INOX WIND LIMITED,-1.38
0,BLUESTONEEQN,4.05,BLUESTONE,EQ,N,792.0,509584,780.5,797.65,778.2,787.95,402622318.4,969.9,399.8,58905912865.67,2026-10-05 16:00:27,0,29.44,-6.02,03-Oct-2025,04-Sep-2026,18.342097123414785,-98.09904952476238,,,BLUESTONE JEWELLERY AND LIFESTYLE LIMITED,0.51
0,GRAVITAEQN,15.1,GRAVITA,EQ,N,1427.7,275082,1412.6,1440.8,1403.6,1412.6,391625990.94,1913.6,1266.9,44939601064.94,2026-10-05 16:00:27,0,-9.4,-14.08,03-Oct-2025,04-Sep-2026,25.39193143812709,-12.69239876864788,,,GRAVITA INDIA LIMITED,1.07
0,CGCLEQN,-3.23,CGCL,EQ,N,246.0,1571868,250.6,251.98,245.15,249.23,390326261.76,287.45,151.1,95224151897.82,2026-10-05 16:00:27,0,29.93,-12.11,03-Oct-2025,04-Sep-2026,14.419899112889198,-62.806088682991394,,,CAPRI GLOBAL CAPITAL LIMITED,-1.3
0,MRFEQN,385.0,MRF,EQ,N,124100.0,3098,123915.0,124490.0,122755.0,123715.0,382358536.82,163600.0,122000.0,249678585849.47,2026-10-05 16:00:27,0,-18.99,-4.5,03-Oct-2025,04-Sep-2026,24.144254278728607,-1.721311475409836,,,MRF LIMITED,0.31
0,TMBEQN,8.75,TMB,EQ,N,880.8,420110,872.5,917.6,870.0,872.05,376771452.4,954.2,420.0,103830773845.97,2026-10-05 16:00:27,0,107.27,-5.54,03-Oct-2025,04-Sep-2026,7.6923076923076925,-109.71428571428571,,,TAMILNAD MERCANTILE BANK LIMITED,1.0
0,EBGNGEQN,-9.7,EBGNG,EQ,N,695.0,531082,710.0,718.7,690.0,704.7,373653362.74,730.0,239.0,16631487692.3,2026-10-05 16:00:27,0,96.72,15.59,03-Oct-2025,04-Sep-2026,4.794520547945205,-190.79497907949792,,,GNG ELECTRONICS LIMITED,-1.38
0,PPLPHARMAEQN,-3.33,PPLPHARMA,EQ,N,194.64,1898343,197.97,201.65,194.28,197.97,373385084.67,231.93,132.3,120739073953.75,2026-10-05 16:00:27,0,-1.93,-9.14,03-Oct-2025,04-Sep-2026,16.078127021083947,-47.12018140589569,,,PIRAMAL PHARMA LIMITED,-1.68
0,PIRAMALFINEQN,-28.3,PIRAMALFIN,EQ,N,1995.0,185520,2024.0,2046.0,1986.5,2023.3,373128955.2,2326.4,1260.0,260787623092.49,2026-10-05 16:00:27,0,0.0,-10.34,,04-Sep-2026,14.245185694635488,-58.333333333333336,,,PIRAMAL FINANCE LIMITED,-1.4
0,GMDCLTDEQN,1.25,GMDCLTD,EQ,N,488.9,756347,489.9,499.9,483.05,487.65,370420943.25,771.9,466.4,40216299395.4,2026-10-05 16:00:27,0,-20.26,-13.15,03-Oct-2025,04-Sep-2026,36.662780152869544,-4.824185248713551,,,GUJARAT MINERAL DEVELOPMENT CORPORATION LIMITED,0.26
0,THANGAMAYLEQN,-94.0,THANGAMAYL,EQ,N,4767.0,77086,4870.0,4934.0,4721.0,4861.0,368512706.44,7430.0,1939.5,56639946707.01,2026-10-05 16:00:27,0,128.38,-10.6,03-Oct-2025,04-Sep-2026,35.841184387617766,-145.78499613302398,,,THANGAMAYIL JEWELLERY LIMITED,-1.93
0,CAPLIPOINTEQN,-45.9,CAPLIPOINT,EQ,N,2586.0,142329,2609.7,2625.8,2541.1,2631.9,367600224.75,2990.0,1500.3,52116736169.28,2026-10-05 16:00:27,0,28.03,-8.0,03-Oct-2025,04-Sep-2026,13.511705685618729,-72.36552689462107,,,CAPLIN POINT LABORATORIES LIMITED,-1.74
0,AJANTPHARMEQN,-81.3,AJANTPHARM,EQ,N,3499.7,104722,3581.4,3588.6,3459.0,3581.0,367174181.96,3796.0,2379.3,158503069637.73,2026-10-05 16:00:27,0,45.71,1.01,03-Oct-2025,04-Sep-2026,7.805584826132772,-47.08948009918884,,,AJANTA PHARMA LIMITED,-2.27
0,SENORESEQN,-34.6,SENORES,EQ,N,1315.0,272680,1355.0,1375.0,1300.1,1349.6,360635660.8,1599.0,684.6,29469665097.5,2026-10-05 16:00:27,0,80.58,-7.94,03-Oct-2025,04-Sep-2026,17.761100687929957,-92.08296815658778,,,SENORES PHARMACEUTICALS LIMITED,-2.56
0,SUNFLAGEQN,21.65,SUNFLAG,EQ,N,455.15,820271,442.0,455.15,412.2,433.5,360500901.79,471.0,192.15,29872954931.66,2026-10-05 16:00:27,0,66.2,32.43,03-Oct-2025,04-Sep-2026,3.365180467091295,-136.87223523289097,,,SUNFLAG IRON AND STEEL COMPANY LIMITED,4.99
0,JINDALSAWEQN,3.8,JINDALSAW,EQ,N,274.1,1309022,270.05,277.4,270.05,270.3,359457441.2,320.0,153.0,63933348837.51,2026-10-05 16:00:27,0,32.74,-10.22,03-Oct-2025,04-Sep-2026,14.34375,-79.15032679738562,,,JINDAL SAW LIMITED,1.41
0,RAINEQN,-1.82,RAIN,EQ,N,206.7,1705460,209.03,213.57,206.32,208.52,358061327.0,252.0,99.9,39914072258.09,2026-10-05 16:00:27,0,55.45,-4.18,03-Oct-2025,04-Sep-2026,17.976190476190474,-106.90690690690691,,,RAIN INDUSTRIES LIMITED,-0.87
0,JWLEQN,-1.08,JWL,EQ,N,222.85,1604474,224.2,226.99,218.61,223.93,357444717.72,358.25,218.45,30262351034.72,2026-10-05 16:00:27,0,-34.4,-8.38,03-Oct-2025,04-Sep-2026,37.79483600837404,-2.0141908903639276,,,JUPITER WAGONS LIMITED,-0.48
0,HONASAEQN,15.6,HONASA,EQ,N,443.5,817839,431.95,444.0,427.0,427.9,356569625.61,509.8,248.4,65272105679.83,2026-10-05 16:00:27,0,51.86,-5.85,03-Oct-2025,04-Sep-2026,13.00510003923107,-78.5426731078905,,,HONASA CONSUMER LIMITED,3.65
0,LEMONTREEEQN,0.03,LEMONTREE,EQ,N,107.7,3295164,108.18,108.64,106.8,107.67,354823259.52,174.2,99.61,53421670640.61,2026-10-05 16:00:27,0,-37.83,2.62,03-Oct-2025,04-Sep-2026,38.17451205510907,-8.121674530669612,,,LEMON TREE HOTELS LIMITED,0.03
0,ACEEQN,14.9,ACE,EQ,N,1227.2,287382,1210.0,1243.4,1203.0,1212.3,353086146.66,1268.0,745.1,50393701310.28,2026-10-05 16:00:27,0,13.97,9.05,03-Oct-2025,04-Sep-2026,3.217665615141956,-64.70272446651457,,,ACTION CONSTRUCTION EQUIPMENT LIMITED,1.23
0,KTKBANKEQN,4.5,KTKBANK,EQ,N,326.1,1078432,325.0,329.9,322.3,321.6,351493341.76,345.9,170.26,123173322127.53,2026-10-05 16:00:27,0,87.38,-4.12,03-Oct-2025,04-Sep-2026,5.72419774501301,-91.53060025842828,,,THE KARNATAKA BANK LIMITED,1.4
0,ACMESOLAREQN,-4.65,ACMESOLAR,EQ,N,427.9,809545,434.75,440.0,423.5,432.55,348614363.35,476.9,195.9,85880746282.21,2026-10-05 16:00:27,0,49.48,2.37,03-Oct-2025,04-Sep-2026,10.274690710840847,-118.42776927003574,,,ACME SOLAR HOLDINGS LIMITED,-1.08
0,HEGAMEQN,-6.28,HEGAM,EQ,N,233.0,1455475,242.0,248.0,232.0,239.28,347319999.25,753.9,214.1,29943199749.5,2026-10-05 16:00:27,0,-54.92,-68.01,03-Oct-2025,04-Sep-2026,69.09404430295795,-8.827650630546474,,,HEG ADVANCED MATERIALS LIMITED,-2.62
0,PVRINOXEQN,14.7,PVRINOX,EQ,N,1230.0,279083,1236.8,1249.9,1216.0,1215.3,343548382.17,1357.8,907.4,87589316838.71,2026-10-05 16:00:27,0,9.11,0.23,03-Oct-2025,04-Sep-2026,9.412284577993814,-35.552126956138416,,,PVR INOX LIMITED,1.21
0,TIMEXEQN,9.5,TIMEX,EQ,N,739.0,462142,733.15,744.8,724.5,729.5,339212228.0,748.0,312.0,36337356300.0,2026-10-05 16:00:27,0,0.0,10.32,,04-Sep-2026,1.2032085561497325,-136.85897435897436,,,TIMEX GROUP INDIA LIMITED,1.3
0,ABRELEQN,-21.5,ABREL,EQ,N,1079.0,310042,1110.4,1131.1,1079.0,1100.5,339195249.26,1914.0,1072.4,56841925654.47,2026-10-05 16:00:27,0,-33.36,-21.45,03-Oct-2025,04-Sep-2026,43.62591431556949,-0.6154419992540097,,,ADITYA BIRLA REAL ESTATE LIMITED,-1.95
0,E2EBEN,14.1,E2E,BE,N,662.1,513783,659.9,675.0,649.95,648.0,338968334.25,698.0,183.36,56704945770.64,2026-10-05 16:00:27,0,87.42,10.07,03-Oct-2025,04-Sep-2026,5.143266475644699,-261.09293193717275,,,E2E NETWORKS LIMITED,2.18
0,ZENTECEQN,21.9,ZENTEC,EQ,N,1598.0,212581,1585.0,1606.0,1571.6,1576.1,338558626.41,2043.7,1223.0,73568554575.39,2026-10-05 16:00:27,0,7.43,-11.29,03-Oct-2025,04-Sep-2026,21.80848461124431,-30.662305805396567,,,ZEN TECHNOLOGIES LIMITED,1.39
0,CARBORUNIVEQN,30.3,CARBORUNIV,EQ,N,1270.0,269403,1241.0,1280.1,1230.7,1239.7,338310899.34,1368.9,735.2,146016093206.41,2026-10-05 16:00:27,0,35.48,12.33,03-Oct-2025,04-Sep-2026,7.224779019650814,-72.74211099020674,,,CARBORUNDUM UNIVERSAL LIMITED,2.44
0,COROMANDELEQN,44.4,COROMANDEL,EQ,N,1808.0,189198,1769.9,1809.8,1751.8,1763.6,336929474.34,2499.0,1701.0,214785666854.1,2026-10-05 16:00:27,0,-21.44,-6.75,03-Oct-2025,04-Sep-2026,27.651060424169668,-6.290417401528512,,,COROMANDEL INTERNATIONAL LIMITED,2.52
0,EDELWEISSEQN,-2.1,EDELWEISS,EQ,N,135.8,2456666,138.49,139.22,135.11,137.9,336587808.66,146.0,98.0,86815176683.33,2026-10-05 16:00:27,0,21.9,-0.21,03-Oct-2025,04-Sep-2026,6.986301369863014,-38.57142857142857,,,EDELWEISS FINANCIAL SERVICES LIMITED,-1.52
0,EPLEQN,2.81,EPL,EQ,N,235.2,1435292,230.62,237.89,230.2,232.39,336389386.04,274.03,176.4,32974047494.84,2026-10-05 16:00:27,0,8.14,-4.82,03-Oct-2025,04-Sep-2026,14.169981388899025,-33.333333333333336,,,EPL LIMITED,1.21
0,SHRIPISTONEQN,-93.5,SHRIPISTON,EQ,N,4397.0,75521,4550.0,4567.1,4369.0,4490.5,334272560.62,4843.0,2525.8,77825824897.42,2026-10-05 16:00:27,0,60.87,-3.08,03-Oct-2025,04-Sep-2026,9.209167871154243,-74.08345870615251,,,SPR AUTO TECHNOLOGIES LIMITED,-2.08
0,JSFBEQN,13.8,JSFB,EQ,N,496.2,673840,487.45,501.85,483.25,482.4,334170732.8,606.95,330.0,34335033162.26,2026-10-05 16:00:27,0,2.2,-7.27,03-Oct-2025,04-Sep-2026,18.246972567756817,-50.36363636363637,,,JANA SMALL FINANCE BANK LIMITED,2.86
0,GRWRHITECHEQN,-192.0,GRWRHITECH,EQ,N,6733.5,48501,6925.0,6960.0,6670.0,6925.5,328007897.91,7990.0,2690.7,58538549880.65,2026-10-05 16:00:27,0,116.69,-4.98,03-Oct-2025,04-Sep-2026,15.725907384230288,-150.2508640874122,,,GARWARE HI-TECH FILMS LIMITED,-2.77
0,GODFRYPHLPEQN,26.3,GODFRYPHLP,EQ,N,1876.0,174573,1850.0,1894.0,1845.1,1849.7,327036329.55,3486.0,1830.0,76461778952.11,2026-10-05 16:00:27,0,-45.23,-8.53,03-Oct-2025,04-Sep-2026,46.18473895582329,-2.5136612021857925,,,GODFREY PHILLIPS INDIA LIMITED,1.42
0,TATACAPEQN,-2.3,TATACAP,EQ,N,317.0,1021767,319.3,322.85,317.0,319.3,326137808.73,390.2,296.0,174117556124.83,2026-10-05 16:00:27,0,0.0,-15.48,,04-Sep-2026,18.75961045617632,-7.094594594594595,,,TATA CAPITAL LIMITED,-0.72
0,AETHEREQN,-4.3,AETHER,EQ,N,1665.7,196127,1670.0,1685.0,1639.1,1670.0,325596316.51,1798.0,728.0,55246411901.82,2026-10-05 16:00:27,0,120.13,2.47,03-Oct-2025,04-Sep-2026,7.358175750834261,-128.80494505494505,,,AETHER INDUSTRIES LIMITED,-0.26
0,IEXEQN,-1.68,IEX,EQ,N,104.3,3096998,106.0,106.49,103.94,105.98,324658300.34,160.27,103.94,82663138309.52,2026-10-05 16:00:27,0,-27.36,-12.29,03-Oct-2025,04-Sep-2026,34.92231858738379,-0.346353665576294,,,INDIAN ENERGY EXCHANGE LIMITED,-1.59
0,SHAILYEQN,10.9,SHAILY,EQ,N,3020.0,105774,3020.0,3079.0,2979.3,3009.1,320532240.9,3615.2,1770.9,81539165942.58,2026-10-05 16:00:27,0,38.5,-7.88,03-Oct-2025,04-Sep-2026,16.46381942907723,-70.5347563385849,,,SHAILY ENGINEERING PLASTICS LIMITED,0.36
0,NHPCEQN,0.25,NHPC,EQ,N,72.0,4447161,71.75,72.83,71.1,71.75,318683557.26,88.12,70.25,270614925212.55,2026-10-05 16:00:27,0,-17.17,-5.57,03-Oct-2025,04-Sep-2026,18.293236495687697,-2.491103202846975,,,NHPC LIMITED,0.35
0,CELLOEQN,15.9,CELLO,EQ,N,339.0,945722,323.1,341.9,323.1,323.1,317705848.68,673.8,314.0,16192081920.02,2026-10-05 16:00:27,0,-43.19,-0.88,03-Oct-2025,04-Sep-2026,49.68833481745325,-7.961783439490445,,,CELLO WORLD LIMITED,4.92
0,SUPRIYAEQN,-29.0,SUPRIYA,EQ,N,902.0,349024,938.65,944.95,882.2,931.0,313908695.36,1085.0,545.5,22951999527.85,2026-10-05 16:00:27,0,23.38,5.76,03-Oct-2025,04-Sep-2026,16.86635944700461,-65.35288725939505,,,SUPRIYA LIFESCIENCE LIMITED,-3.11
0,KRNEQN,-21.7,KRN,EQ,N,1393.0,222245,1426.0,1441.1,1373.0,1414.7,313363227.55,1687.0,589.8,31277924057.28,2026-10-05 16:00:27,0,68.1,-11.76,03-Oct-2025,04-Sep-2026,17.42738589211618,-136.18175652763648,,,KRN HEAT EXCHANGER AND REFRIGERATION LIMITED,-1.53
0,ACIEQN,-10.05,ACI,EQ,N,465.0,659603,479.0,481.2,460.5,475.05,311807530.16,704.25,446.0,26571098376.47,2026-10-05 16:00:27,0,-31.29,-7.77,03-Oct-2025,04-Sep-2026,33.97231096911608,-4.260089686098655,,,ARCHEAN CHEMICAL INDUSTRIES LIMITED,-2.12
0,ABSLAMCEQN,34.3,ABSLAMC,EQ,N,1026.0,300672,985.0,1043.6,971.1,991.7,307259723.52,1224.9,708.0,75136623103.3,2026-10-05 16:00:27,0,26.07,-3.42,03-Oct-2025,04-Sep-2026,16.23806024981631,-44.91525423728814,,,ADITYA BIRLA SUN LIFE AMC LIMITED,3.46
0,INDGNEQN,3.5,INDGN,EQ,N,597.0,510522,598.25,605.5,588.0,593.5,305669942.28,627.0,414.0,61735835696.27,2026-10-05 16:00:27,0,2.98,-0.75,03-Oct-2025,04-Sep-2026,4.784688995215311,-44.20289855072464,,,INDEGENE LIMITED,0.59
0,BAJAJHFLEQN,0.01,BAJAJHFL,EQ,N,82.92,3691800,83.99,84.05,81.61,82.91,304868844.0,113.45,72.65,91427146951.09,2026-10-05 16:00:27,0,-25.64,-0.19,03-Oct-2025,04-Sep-2026,26.910533274570295,-14.136269786648313,,,BAJAJ HOUSING FINANCE LIMITED,0.01
0,COLPALEQN,40.0,COLPAL,EQ,N,1775.0,173685,1741.0,1775.0,1737.0,1735.0,304763332.65,2329.9,1716.1,233201808521.57,2026-10-05 16:00:27,0,-19.82,-2.96,03-Oct-2025,04-Sep-2026,23.816472809991843,-3.4322009206922672,,,COLGATE PALMOLIVE (INDIA) LIMITED,2.31
0,NEWGENEQN,2.55,NEWGEN,EQ,N,458.9,657395,464.8,472.55,456.35,456.35,304610547.2,1041.95,401.05,29334026876.65,2026-10-05 16:00:27,0,-48.53,-12.56,03-Oct-2025,04-Sep-2026,55.957579538365565,-14.424635332252837,,,NEWGEN SOFTWARE TECHNOLOGIES LIMITED,0.56
0,LLOYDSENTEQN,1.65,LLOYDSENT,EQ,N,79.6,3820423,77.17,80.8,77.17,77.95,304602325.79,84.7,40.69,45290582429.39,2026-10-05 16:00:27,0,15.26,7.23,03-Oct-2025,04-Sep-2026,6.02125147579693,-95.62546080117966,,,LLOYDS ENTERPRISES LIMITED,2.12
0,DIACABSBEN,10.0,DIACABS,BE,N,355.0,855233,350.0,360.0,345.0,345.0,302179475.89,404.0,115.57,54425920490.36,2026-10-05 16:00:27,0,133.72,6.99,03-Oct-2025,04-Sep-2026,12.128712871287128,-207.1731418188111,,,DIAMOND POWER INFRASTRUCTURE LIMITED,2.9
0,MEDANTAEQN,-17.3,MEDANTA,EQ,N,1340.0,224984,1362.0,1369.1,1321.4,1357.3,300088158.88,1544.0,956.0,117793152027.65,2026-10-05 16:00:27,0,0.84,-8.83,03-Oct-2025,04-Sep-2026,13.212435233160623,-40.1673640167364,,,GLOBAL HEALTH LIMITED,-1.27
0,ARVINDEQN,-2.8,ARVIND,EQ,N,531.25,565857,538.4,539.65,525.15,534.05,299983429.98,607.15,277.9,88343931235.81,2026-10-05 16:00:27,0,76.88,-3.92,03-Oct-2025,04-Sep-2026,12.501029399654122,-91.16588700971573,,,ARVIND LIMITED,-0.52
0,ATGLEQN,2.15,ATGL,EQ,N,585.2,509708,587.0,593.0,578.65,583.05,297954908.48,859.85,462.8,161341083358.42,2026-10-05 16:00:27,0,-8.17,-4.43,03-Oct-2025,04-Sep-2026,31.941617724021633,-26.44770959377701,,,ADANI TOTAL GAS LIMITED,0.37
0,SGMARTEQN,-2.2,SGMART,EQ,N,740.0,397450,750.0,758.3,730.9,742.2,297225033.5,860.6,313.1,39021823580.83,2026-10-05 16:00:27,0,102.74,-10.28,03-Oct-2025,04-Sep-2026,14.013478968161747,-136.34621526668795,,,SG MART LIMITED,-0.3
0,PNGJLEQN,-8.85,PNGJL,EQ,N,573.1,514316,586.95,587.1,571.75,581.95,297074064.76,736.4,503.0,19727634290.33,2026-10-05 16:00:27,0,-8.84,-5.9,03-Oct-2025,04-Sep-2026,22.17544812601847,-13.93638170974155,,,P N GADGIL JEWELLERS LIMITED,-1.52
0,GREAVESCOTEQN,-5.03,GREAVESCOT,EQ,N,220.95,1324571,225.07,228.6,218.79,225.98,295154155.93,271.9,119.99,22355045813.62,2026-10-05 16:00:27,0,1.8,12.98,03-Oct-2025,04-Sep-2026,18.738506803972047,-84.14034502875239,,,GREAVES COTTON LIMITED,-2.23
0,PARKHOSPSEQN,-0.8,PARKHOSPS,EQ,N,270.0,1099956,270.35,274.0,261.0,270.8,294337226.04,305.0,138.1,19781960714.89,2026-10-05 16:00:27,0,0.0,-5.68,,04-Sep-2026,11.475409836065573,-95.51049963794352,,,PARK MEDI WORLD LIMITED,-0.3
0,TITAGARHEQN,0.8,TITAGARH,EQ,N,805.9,364258,809.0,812.95,795.65,805.1,293154838.4,971.0,568.7,64838613734.94,2026-10-05 16:00:27,0,-9.2,-7.56,03-Oct-2025,04-Sep-2026,17.003089598352215,-41.70916124494461,,,TITAGARH RAIL SYSTEMS LIMITED,0.1
0,SBFCEQN,-1.49,SBFC,EQ,N,82.7,3511188,84.19,87.18,82.4,84.19,292622407.92,123.0,79.6,34474266707.6,2026-10-05 16:00:27,0,-23.69,-17.37,03-Oct-2025,04-Sep-2026,32.764227642276424,-3.8944723618090453,,,SBFC FINANCE LIMITED,-1.77
0,JSLEQN,9.85,JSL,EQ,N,742.55,393852,735.0,747.0,728.9,732.7,291383525.16,884.0,652.25,231854473804.2,2026-10-05 16:00:27,0,-5.8,0.64,03-Oct-2025,04-Sep-2026,16.001131221719458,-13.844384821770793,,,JINDAL STAINLESS LIMITED,1.34
0,HAPPYFORGEEQN,-2.2,HAPPYFORGE,EQ,N,2001.5,143370,2003.0,2065.6,1991.0,2003.7,290000233.8,2470.0,888.75,40915517264.61,2026-10-05 16:00:27,0,115.97,-10.59,03-Oct-2025,04-Sep-2026,18.967611336032387,-125.20393811533052,,,HAPPY FORGINGS LIMITED,-0.11
0,ENDURANCEEQN,-73.5,ENDURANCE,EQ,N,2527.9,112901,2609.9,2617.0,2502.7,2601.4,286538221.96,3072.0,2142.8,88845460598.63,2026-10-05 16:00:27,0,-12.63,-9.16,03-Oct-2025,04-Sep-2026,17.711588541666668,-17.971812581668843,,,ENDURANCE TECHNOLOGIES LIMITED,-2.83
0,GPILEQN,-4.62,GPIL,EQ,N,211.05,1339172,215.66,218.8,210.42,215.67,285176677.4,320.0,210.42,51706193781.98,2026-10-05 16:00:27,0,-14.69,-12.31,03-Oct-2025,04-Sep-2026,34.046875,-0.2994011976047904,,,GODAWARI POWER AND ISPAT LIMITED,-2.14
0,BEMLEQN,2.7,BEML,EQ,N,1965.0,144626,1966.7,1993.9,1942.0,1962.3,284525622.32,2275.75,1355.0,75134543746.53,2026-10-05 16:00:27,0,-10.48,-4.51,03-Oct-2025,04-Sep-2026,13.65483906404482,-45.018450184501845,,,BEML LIMITED,0.14
0,KMEWEQN,47.9,KMEW,EQ,N,2998.0,95247,2950.0,3033.0,2921.7,2950.1,284045603.4,3175.0,1084.6,28047117169.07,2026-10-05 16:00:27,0,155.12,-1.17,03-Oct-2025,04-Sep-2026,5.574803149606299,-176.41526830167803,,,KNOWLEDGE MARINE & ENGINEERING WORKS LIMITED,1.62
0,AAVASEQN,21.1,AAVAS,EQ,N,1212.0,229879,1195.5,1234.7,1192.6,1190.9,282489107.94,1771.9,1060.4,48520970581.93,2026-10-05 16:00:27,0,-27.08,-7.07,03-Oct-2025,04-Sep-2026,31.59884869349286,-14.296491889852886,,,AAVAS FINANCIERS LIMITED,1.77
0,SWANCORPEQN,-10.4,SWANCORP,EQ,N,262.4,1059779,276.9,276.9,261.7,272.8,281816431.68,493.6,261.7,36574731046.39,2026-10-05 16:00:27,0,-42.63,-6.79,03-Oct-2025,04-Sep-2026,46.839546191247976,-0.26748184944593045,,,SWAN CORP LIMITED,-3.81
0,GICREEQN,-4.3,GICRE,EQ,N,319.6,870442,324.0,324.9,314.7,323.9,277409865.4,417.95,314.7,126387004070.4,2026-10-05 16:00:27,0,-12.65,-10.84,03-Oct-2025,04-Sep-2026,23.531522909438927,-1.5570384493168097,,,GENERAL INSURANCE CORPORATION OF INDIA,-1.33
0,VIYASHEQN,-3.65,VIYASH,EQ,N,228.1,1200304,234.0,235.0,228.0,231.75,277270224.0,298.0,178.13,36076272848.29,2026-10-05 16:00:27,0,13.01,-14.2,03-Oct-2025,04-Sep-2026,23.456375838926174,-28.052545893448606,,,VIYASH SCIENTIFIC LIMITED,-1.57
0,CEMPROEQN,-19.9,CEMPRO,EQ,N,1159.0,237035,1198.0,1209.5,1150.1,1178.9,276539253.1,1649.2,503.3,64126247710.38,2026-10-05 16:00:27,0,41.46,-10.67,03-Oct-2025,04-Sep-2026,29.723502304147466,-130.2801510033777,,,CEMINDIA PROJECTS LIMITED,-1.69
0,HUDCOEQN,0.62,HUDCO,EQ,N,162.16,1688872,163.5,164.99,161.34,161.54,275049693.92,246.85,159.0,81114854014.64,2026-10-05 16:00:27,0,-30.64,-10.17,03-Oct-2025,04-Sep-2026,34.30828438322868,-1.9874213836477987,,,HOUSING & URBAN DEVELOPMENT CORPORATION LIMITED,0.38
0,NEOGENEQN,-91.1,NEOGEN,EQ,N,2316.0,116983,2419.0,2447.9,2300.0,2407.1,274573138.96,2499.7,966.7,31739279660.59,2026-10-05 16:00:27,0,54.28,8.33,03-Oct-2025,04-Sep-2026,7.348881865823899,-139.57794558808317,,,NEOGEN CHEMICALS LIMITED,-3.78
0,MSUMIEQN,-0.57,MSUMI,EQ,N,32.96,8274064,33.53,33.7,32.7,33.53,273209593.28,53.59,32.7,83382448446.14,2026-10-05 16:00:27,0,-27.94,-9.75,03-Oct-2025,04-Sep-2026,38.49598805747341,-0.7951070336391437,,,MOTHERSON SUMI WIRING INDIA LIMITED,-1.7
0,ZFCVINDIAEQN,-39.0,ZFCVINDIA,EQ,N,2202.0,121895,2250.0,2269.8,2194.0,2241.0,269456211.2,3044.0,2050.33,99521346908.71,2026-10-05 16:00:27,0,-2.63,-13.71,03-Oct-2025,04-Sep-2026,27.660972404730618,-7.39734579311623,,,ZF COMMERCIAL VEHICLE CONTROL SYSTEMS INDIA LIMITED,-1.74
0,KWILEQN,-0.61,KWIL,EQ,N,37.75,7027970,38.73,39.22,37.71,38.36,268819852.5,50.68,22.24,33549943797.45,2026-10-05 16:00:27,0,0.0,-10.38,,04-Sep-2026,25.513022888713497,-69.73920863309353,,,KWALITY WALL'S (INDIA) LIMITED,-1.59
0,JAYNECOINDEQN,-0.22,JAYNECOIND,EQ,N,91.06,2941585,91.1,93.39,90.0,91.28,268243136.15,117.0,64.4,39628599779.73,2026-10-05 16:00:27,0,26.31,2.27,03-Oct-2025,04-Sep-2026,22.17094017094017,-41.39751552795031,,,JAYASWAL NECO INDUSTRIES LIMITED,-0.24
0,ECLERXEQN,88.1,ECLERX,EQ,N,1891.0,142484,1819.2,1898.0,1812.1,1802.9,265967758.6,2497.5,1320.0,76593497599.38,2026-10-05 16:00:27,0,-3.72,-0.77,03-Oct-2025,04-Sep-2026,24.284284284284283,-43.25757575757576,,,ECLERX SERVICES LIMITED,4.89
0,LINDEINDIAEQN,-188.5,LINDEINDIA,EQ,N,6059.0,43746,6247.0,6322.5,5991.0,6247.5,265937183.52,8049.0,5673.0,126860762289.1,2026-10-05 16:00:27,0,-2.68,-4.52,03-Oct-2025,04-Sep-2026,24.723568145111194,-6.804160056407545,,,LINDE INDIA LIMITED,-3.02
0,FIVESTAREQN,13.55,FIVESTAR,EQ,N,519.8,510918,506.9,521.05,505.8,506.25,263107442.46,666.0,338.15,100296989379.09,2026-10-05 16:00:27,0,-2.65,-0.62,03-Oct-2025,04-Sep-2026,21.95195195195195,-53.71876386219134,,,FIVE-STAR BUSINESS FINANCE LIMITED,2.68
0,RITESEQN,-4.97,RITES,EQ,N,204.51,1278686,211.56,212.0,203.59,209.48,262987349.62,259.7,175.0,27485611385.45,2026-10-05 16:00:27,0,-19.47,-5.23,03-Oct-2025,04-Sep-2026,21.25144397381594,-16.86285714285714,,,RITES LIMITED,-2.37
0,AARTIINDEQN,7.55,AARTIIND,EQ,N,472.65,561260,469.0,475.8,459.55,465.1,261962492.4,551.75,338.05,97080342036.42,2026-10-05 16:00:27,0,24.19,-3.94,03-Oct-2025,04-Sep-2026,14.336202990484821,-39.81659517822807,,,AARTI INDUSTRIES LIMITED,1.62
0,SMLMAHEQN,88.5,SMLMAH,EQ,N,6339.5,41005,6390.0,6459.0,6280.0,6251.0,260863558.75,6898.5,2719.0,35963398879.18,2026-10-05 16:00:27,0,95.62,0.65,03-Oct-2025,04-Sep-2026,8.103210842936871,-133.15557190143434,,,SML MAHINDRA LIMITED,1.42
0,CANFINHOMEEQN,14.7,CANFINHOME,EQ,N,725.7,355842,714.35,735.1,711.15,711.0,259085001.78,971.5,700.0,60904261420.6,2026-10-05 16:00:27,0,-8.1,-10.12,03-Oct-2025,04-Sep-2026,25.30108080288214,-3.6714285714285713,,,CAN FIN HOMES LIMITED,2.07
0,RATEGAINEQN,5.35,RATEGAIN,EQ,N,846.0,304666,840.65,858.5,835.2,840.65,258697993.92,1050.0,437.0,51502593010.57,2026-10-05 16:00:27,0,19.68,-0.61,03-Oct-2025,04-Sep-2026,19.428571428571427,-93.59267734553775,,,RATEGAIN TRAVEL TECHNOLOGIES LIMITED,0.64
0,DABUREQN,4.4,DABUR,EQ,N,378.65,685009,376.1,379.0,373.3,374.25,257755186.52,534.0,368.05,222840747071.79,2026-10-05 16:00:27,0,-23.68,-0.59,03-Oct-2025,04-Sep-2026,29.091760299625467,-2.8800434723543,,,DABUR INDIA LIMITED,1.18
0,AMAGIEQN,15.85,AMAGI,EQ,N,569.9,449516,551.35,577.0,551.35,554.05,255954410.4,727.4,310.2,28724106778.95,2026-10-05 16:00:27,0,0.0,1.17,,04-Sep-2026,21.652460819356612,-83.72018052869117,,,AMAGI MEDIA LABS LIMITED,2.86
0,RUBICONEQN,-21.0,RUBICON,EQ,N,1609.9,159926,1646.0,1646.0,1560.3,1630.9,255245094.52,1899.0,570.75,57140846490.78,2026-10-05 16:00:27,0,0.0,-8.96,,04-Sep-2026,15.223802001053185,-182.06745510293473,,,RUBICON RESEARCH LIMITED,-1.29
0,CUBEQN,-2.61,CUB,EQ,N,227.43,1115230,232.0,232.65,225.5,230.04,254227830.8,248.85,156.98,218572309094.61,2026-10-05 16:00:27,0,40.81,-3.64,03-Oct-2025,04-Sep-2026,8.60759493670886,-44.87832844948401,,,CITY UNION BANK LIMITED,-1.13
0,ARE&MEQN,-6.2,ARE&M,EQ,N,741.2,338967,751.0,757.0,739.25,747.4,252750743.55,1023.0,670.0,90575196362.27,2026-10-05 16:00:27,0,-25.81,-14.23,03-Oct-2025,04-Sep-2026,27.546432062561095,-10.626865671641792,,,AMARA RAJA ENERGY & MOBILITY LIMITED,-0.83
0,ANURASEQN,2.3,ANURAS,EQ,N,1166.0,216772,1165.0,1175.9,1158.2,1163.7,252645598.28,1415.0,1047.9,35089094344.0,2026-10-05 16:00:27,0,7.13,-5.87,03-Oct-2025,04-Sep-2026,17.597173144876326,-11.27015936635175,,,ANUPAM RASAYAN INDIA LIMITED,0.2
0,ANTHEMEQN,-5.25,ANTHEM,EQ,N,850.5,292397,855.95,858.85,840.6,855.75,248727508.05,977.55,579.15,91679360416.58,2026-10-05 16:00:27,0,12.02,-8.94,03-Oct-2025,04-Sep-2026,12.996777658431794,-46.85314685314685,,,ANTHEM BIOSCIENCES LIMITED,-0.61
0,SIGNATUREEQN,-0.45,SIGNATURE,EQ,N,737.0,337538,736.8,744.8,732.0,737.45,248681121.5,1153.9,705.2,28907775175.42,2026-10-05 16:00:27,0,-29.99,-7.48,03-Oct-2025,04-Sep-2026,36.129647283126786,-4.509359047078843,,,SIGNATUREGLOBAL (INDIA) LIMITED,-0.06
0,SONATSOFTWEQN,-0.15,SONATSOFTW,EQ,N,253.9,963732,258.85,263.2,252.3,254.05,247920057.0,400.5,207.15,49223823248.17,2026-10-05 16:00:27,0,-27.37,-10.99,03-Oct-2025,04-Sep-2026,36.60424469413233,-22.568187303886074,,,SONATA SOFTWARE LIMITED,-0.06
0,MINDACORPEQN,-18.75,MINDACORP,EQ,N,648.6,380699,666.0,669.85,637.05,667.35,246948020.33,769.0,468.5,51920804212.19,2026-10-05 16:00:27,0,10.25,-7.71,03-Oct-2025,04-Sep-2026,15.65669700910273,-38.44183564567769,,,MINDA CORPORATION LIMITED,-2.81
0,PARADEEPEQN,2.57,PARADEEP,EQ,N,153.79,1604847,151.85,154.21,150.0,151.22,244835458.32,201.59,99.7,66065759812.68,2026-10-05 16:00:27,0,-20.56,-2.04,03-Oct-2025,04-Sep-2026,23.711493625675878,-54.25275827482447,,,PARADEEP PHOSPHATES LIMITED,1.7
0,ATULEQN,-24.0,ATUL,EQ,N,5837.0,41593,5899.0,5930.0,5827.5,5861.0,243834387.27,7180.0,5560.5,92813107044.76,2026-10-05 16:00:27,0,-4.84,-8.6,03-Oct-2025,04-Sep-2026,18.704735376044567,-4.97257440877619,,,ATUL LIMITED,-0.41
0,ELLENEQN,-10.6,ELLEN,EQ,N,331.1,723867,343.8,347.1,331.0,341.7,242987674.56,480.0,175.0,10422582458.13,2026-10-05 16:00:27,0,-29.43,-0.23,03-Oct-2025,04-Sep-2026,31.020833333333332,-89.2,,,ELLENBARRIE INDUSTRIAL GASES LIMITED,-3.1
0,SENCOEQN,-0.4,SENCO,EQ,N,317.0,767941,317.4,319.9,312.9,317.4,242462011.93,430.0,276.0,18437113719.05,2026-10-05 16:00:27,0,-9.18,-11.61,03-Oct-2025,04-Sep-2026,26.27906976744186,-14.855072463768115,,,SENCO GOLD LIMITED,-0.13
0,AVLEQN,32.0,AVL,EQ,N,604.3,400252,572.3,606.0,566.35,572.3,238398096.24,705.0,436.55,41026926113.99,2026-10-05 16:00:27,0,7.93,0.71,03-Oct-2025,04-Sep-2026,14.28368794326241,-38.426297102279236,,,ADITYA VISION LIMITED,5.59
0,TORNTPOWEREQN,-7.9,TORNTPOWER,EQ,N,1235.0,191786,1245.4,1249.1,1226.0,1242.9,236817352.8,1824.1,1188.0,234055014748.7,2026-10-05 16:00:27,0,1.14,-4.93,03-Oct-2025,04-Sep-2026,32.295378542843046,-3.9562289562289563,,,TORRENT POWER LIMITED,-0.64
0,BALUFORGEEQN,14.75,BALUFORGE,EQ,N,503.7,468122,494.15,512.5,491.7,488.95,236008387.52,678.0,341.05,23878871439.46,2026-10-05 16:00:27,0,-21.21,-12.26,03-Oct-2025,04-Sep-2026,25.707964601769913,-47.690954405512386,,,BALU FORGE INDUSTRIES LIMITED,3.02
0,BERGEPAINTEQN,7.0,BERGEPAINT,EQ,N,459.4,514017,455.3,460.8,452.45,452.4,235918382.49,594.55,391.1,130426569043.48,2026-10-05 16:00:27,0,-15.33,-5.34,03-Oct-2025,04-Sep-2026,22.731477588091835,-17.46356430580414,,,BERGER PAINTS (I) LIMITED,1.55
0,ABDLEQN,16.45,ABDL,EQ,N,695.9,337569,682.0,701.0,680.25,679.45,232709941.53,753.8,382.1,37198281666.26,2026-10-05 16:00:27,0,25.84,14.09,03-Oct-2025,04-Sep-2026,7.681082515256036,-82.12509814184769,,,ALLIED BLENDERS AND DISTILLERS LIMITED,2.42
0,GENUSPOWEREQN,0.5,GENUSPOWER,EQ,N,280.5,824365,282.0,286.0,277.05,280.0,231522910.25,363.0,210.4,30658373910.42,2026-10-05 16:00:27,0,-10.5,-16.96,03-Oct-2025,04-Sep-2026,22.727272727272727,-33.31749049429658,,,GENUS POWER INFRASTRUCTURES LIMITED,0.18
0,AEGISVOPAKEQN,5.9,AEGISVOPAK,EQ,N,296.65,781630,298.0,299.35,286.45,290.75,230143137.2,320.95,158.0,42816573374.71,2026-10-05 16:00:27,0,4.68,4.27,03-Oct-2025,04-Sep-2026,7.571272783922729,-87.75316455696202,,,AEGIS VOPAK TERMINALS LIMITED,2.03
0,ELECTCASTEQN,0.9,ELECTCAST,EQ,N,75.44,3013318,75.55,78.0,74.2,74.54,228469770.76,99.0,60.15,22890043056.21,2026-10-05 16:00:27,0,-22.18,-9.88,03-Oct-2025,04-Sep-2026,23.7979797979798,-25.41978387364921,,,ELECTROSTEEL CASTINGS LIMITED,1.21
0,DCBBANKEQN,-2.56,DCBBANK,EQ,N,197.15,1142913,199.0,205.65,196.63,199.71,227211104.4,234.8,125.73,52461192968.48,2026-10-05 16:00:27,0,49.58,-10.69,03-Oct-2025,04-Sep-2026,16.034923339011925,-56.804263103475705,,,DCB BANK LIMITED,-1.28
0,GABRIELEQN,-9.5,GABRIEL,EQ,N,1305.5,173231,1315.0,1332.6,1297.7,1315.0,227086785.59,1600.0,795.7,76191169944.51,2026-10-05 16:00:27,0,1.22,-3.52,03-Oct-2025,04-Sep-2026,18.40625,-64.06937287922584,,,GABRIEL INDIA LIMITED,-0.72
0,HCCEQN,-0.19,HCC,EQ,N,20.04,11202334,20.3,20.59,19.95,20.23,226959286.84,28.5,13.65,43838841202.66,2026-10-05 16:00:27,0,-16.57,-12.79,03-Oct-2025,04-Sep-2026,29.68421052631579,-46.81318681318681,,,HINDUSTAN CONSTRUCTION COMPANY LIMITED,-0.94
0,AFFLEEQN,-7.6,AFFLE,EQ,N,1442.0,155743,1460.4,1475.4,1439.4,1449.6,226394254.52,1993.7,1251.3,91359887188.76,2026-10-05 16:00:27,0,-25.62,-10.79,03-Oct-2025,04-Sep-2026,27.672167327080302,-15.240150243746504,,,AFFLE 3I LIMITED,-0.52
0,FSLEQN,8.6,FSL,EQ,N,259.0,885378,254.55,259.35,252.1,250.4,226214079.0,371.75,202.0,81489000110.21,2026-10-05 16:00:27,0,-19.43,-2.04,03-Oct-2025,04-Sep-2026,30.329522528581034,-28.217821782178216,,,FIRSTSOURCE SOLUTIONS LIMITED,3.43
0,SUNDARMFINEQN,-140.9,SUNDARMFIN,EQ,N,4255.0,52587,4400.0,4428.9,4222.3,4395.9,225456770.97,5642.0,4000.0,293190066367.53,2026-10-05 16:00:27,0,-3.57,-8.47,03-Oct-2025,04-Sep-2026,24.58348103509394,-6.375,,,SUNDARAM FINANCE LIMITED,-3.21
0,ONESOURCEEQN,-18.9,ONESOURCE,EQ,N,1489.1,151299,1510.0,1516.5,1470.5,1508.0,225213100.47,1925.0,1057.0,116837887878.46,2026-10-05 16:00:27,0,-17.54,-3.17,03-Oct-2025,04-Sep-2026,22.644155844155843,-40.879848628193,,,ONESOURCE SPECIALTY PHARMA LIMITED,-1.25
0,VIJAYAEQN,-7.1,VIJAYA,EQ,N,1420.9,157254,1425.0,1444.9,1405.4,1428.0,223726838.34,1593.6,848.0,69562013377.64,2026-10-05 16:00:27,0,40.45,-4.84,03-Oct-2025,04-Sep-2026,10.837098393574298,-67.55896226415095,,,VIJAYA DIAGNOSTIC CENTRE LIMITED,-0.5
0,NIVABUPAEQN,3.16,NIVABUPA,EQ,N,76.14,2936428,72.98,77.3,72.6,72.98,221641585.44,91.4,67.5,48272893092.62,2026-10-05 16:00:27,0,-6.07,-4.96,03-Oct-2025,04-Sep-2026,16.695842450765863,-12.8,,,NIVA BUPA HEALTH INSURANCE COMPANY LIMITED,4.33
0,BLACKBUCKEQN,-7.35,BLACKBUCK,EQ,N,598.8,362727,612.15,619.0,597.1,606.15,220741143.12,748.0,496.0,62808654676.54,2026-10-05 16:00:27,0,-3.87,2.17,03-Oct-2025,04-Sep-2026,19.946524064171122,-20.725806451612904,,,BLACKBUCK LIMITED,-1.21
0,STARHEALTHEQN,-3.95,STARHEALTH,EQ,N,533.75,407562,535.25,541.6,531.1,537.7,218330963.4,624.9,416.55,125067792263.18,2026-10-05 16:00:27,0,16.79,-4.23,03-Oct-2025,04-Sep-2026,14.586333813410146,-28.135878045852838,,,STAR HEALTH AND ALLIED INSURANCE COMPANY LIMITED,-0.73
0,SKIPPEREQN,-4.45,SKIPPER,EQ,N,536.75,402506,543.0,551.9,534.0,541.2,218093851.04,616.8,327.05,19492273297.48,2026-10-05 16:00:27,0,2.38,-9.19,03-Oct-2025,04-Sep-2026,12.978274967574578,-64.11863629414462,,,SKIPPER LIMITED,-0.82
0,RENUKAEQN,0.38,RENUKA,EQ,N,21.72,9972873,21.61,22.36,21.61,21.34,218007003.78,31.35,20.95,17295945789.62,2026-10-05 16:00:27,0,-28.86,-9.65,03-Oct-2025,04-Sep-2026,30.717703349282296,-3.675417661097852,,,SHREE RENUKA SUGARS LIMITED,1.78
0,AURIONPROEQN,-12.3,AURIONPRO,EQ,N,595.5,353216,607.8,640.0,595.0,607.8,217083021.44,1240.0,593.35,19364922080.9,2026-10-05 16:00:27,0,-47.6,-13.66,03-Oct-2025,04-Sep-2026,51.975806451612904,-0.3623493722086458,,,AURIONPRO SOLUTIONS LIMITED,-2.02
0,CESCEQN,1.93,CESC,EQ,N,133.55,1606522,132.33,136.9,131.7,131.62,215611317.62,204.5,129.75,84048861643.22,2026-10-05 16:00:27,0,-19.71,-8.84,03-Oct-2025,04-Sep-2026,34.69437652811736,-2.928709055876686,,,CESC LIMITED,1.47
0,IKSEQN,-25.2,IKS,EQ,N,1751.2,119886,1791.0,1798.3,1742.5,1776.4,212499133.86,1970.0,1262.0,92170154611.25,2026-10-05 16:00:27,0,15.88,-0.49,03-Oct-2025,04-Sep-2026,11.106598984771574,-38.76386687797147,,,INVENTURUS KNOWLEDGE SOLUTIONS LIMITED,-1.42
0,TRANSRAILLEQN,-7.9,TRANSRAILL,EQ,N,467.0,454795,476.7,476.85,460.0,474.9,212248278.55,766.8,400.65,17805156309.17,2026-10-05 16:00:27,0,-36.05,8.78,03-Oct-2025,04-Sep-2026,39.09754825247783,-16.56058904280544,,,TRANSRAIL LIGHTING LIMITED,-1.66
0,CMPDIEQN,1.62,CMPDI,EQ,N,206.0,1019550,205.7,208.99,203.68,204.38,210598248.0,283.69,150.16,22183623000.0,2026-10-05 16:00:27,0,0.0,-15.55,,04-Sep-2026,27.385526454933203,-37.18700053276505,,,CENTRAL MINE PLANNING & DESIGN INSTITUTE LIMITED,0.79
0,NCCEQN,-1.31,NCC,EQ,N,128.75,1624082,130.1,131.39,127.72,130.06,209815153.58,217.25,126.65,51742464827.28,2026-10-05 16:00:27,0,-38.8,-13.99,03-Oct-2025,04-Sep-2026,40.736478711162256,-1.6581129095933675,,,NCC LIMITED,-1.01
0,APTUSEQN,-3.22,APTUS,EQ,N,223.18,934997,227.95,228.51,222.34,226.4,209738527.04,332.0,193.03,80274471649.25,2026-10-05 16:00:27,0,-31.57,-13.78,03-Oct-2025,04-Sep-2026,32.77710843373494,-15.61933378231363,,,APTUS VALUE HOUSING FINANCE INDIA LIMITED,-1.42
0,THELEELAEQN,9.05,THELEELA,EQ,N,578.0,365031,566.7,581.2,562.5,568.95,209626352.37,586.95,384.5,46473582577.14,2026-10-05 16:00:27,0,33.94,4.32,03-Oct-2025,04-Sep-2026,1.5248317573898968,-50.32509752925878,,,LEELA PALACES HOTELS & RESORTS LIMITED,1.59
0,CREDITACCEQN,11.0,CREDITACC,EQ,N,1250.0,164807,1250.0,1280.0,1244.8,1239.0,207307429.16,1634.0,1113.0,67838439685.94,2026-10-05 16:00:27,0,-11.4,-13.38,03-Oct-2025,04-Sep-2026,23.500611995104038,-12.309074573225516,,,CREDITACCESS GRAMEEN LIMITED,0.89
0,CENTUMEQN,-93.7,CENTUM,EQ,N,4608.0,44652,4748.8,4750.0,4550.0,4701.7,206436912.48,4999.5,2044.2,35481026732.31,2026-10-05 16:00:27,0,87.38,22.32,03-Oct-2025,04-Sep-2026,7.830783078307831,-125.41825653067214,,,CENTUM ELECTRONICS LIMITED,-1.99
0,POLYMEDEQN,-16.1,POLYMED,EQ,N,1622.0,126764,1630.0,1639.1,1595.1,1638.1,205113025.48,2094.3,1182.0,61677457947.96,2026-10-05 16:00:27,0,-15.11,-4.73,03-Oct-2025,04-Sep-2026,22.551687914816405,-37.22504230118443,,,POLY MEDICURE LIMITED,-0.98
0,CLEANMAXEQN,6.2,CLEANMAX,EQ,N,1306.0,156077,1309.9,1331.8,1301.0,1299.8,205057084.14,1536.0,727.1,39766705666.53,2026-10-05 16:00:27,0,0.0,-3.11,,04-Sep-2026,14.973958333333334,-79.61765919405859,,,CLEAN MAX ENVIRO ENERGY SOLUTIONS LIMITED,0.48
0,RKFORGEEQN,4.65,RKFORGE,EQ,N,700.1,291847,695.45,704.05,692.0,695.45,203872640.32,772.8,460.15,71885292829.33,2026-10-05 16:00:27,0,26.91,-0.11,03-Oct-2025,04-Sep-2026,9.407349896480332,-52.14603933499946,,,RAMKRISHNA FORGINGS LIMITED,0.67
0,LTTSEQN,-52.8,LTTS,EQ,N,3215.0,62578,3305.1,3305.8,3201.0,3267.8,202787137.9,4726.0,3010.0,88701901290.73,2026-10-05 16:00:27,0,-25.05,-7.97,03-Oct-2025,04-Sep-2026,31.97206940330089,-6.810631229235881,,,L&T TECHNOLOGY SERVICES LIMITED,-1.62
0,JAINRECEQN,7.5,JAINREC,EQ,N,290.0,699536,285.6,292.75,282.5,282.5,201865103.52,593.95,247.57,20480131821.78,2026-10-05 16:00:27,0,-4.79,4.34,03-Oct-2025,04-Sep-2026,51.174341274518056,-17.138587066284284,,,JAIN RESOURCE RECYCLING LIMITED,2.65
0,JUBLPHARMAEQN,-22.3,JUBLPHARMA,EQ,N,977.0,203076,999.8,1012.0,972.1,999.3,199930352.76,1184.8,786.05,78918316311.0,2026-10-05 16:00:27,0,-12.72,5.68,03-Oct-2025,04-Sep-2026,17.538825118163402,-24.29234781502449,,,JUBILANT PHARMOVA LIMITED,-2.23
0,TIMETECHNOEQN,-0.19,TIMETECHNO,EQ,N,179.49,1107750,180.3,181.88,177.5,179.68,199029442.5,227.5,154.0,46219130205.36,2026-10-05 16:00:27,0,-18.65,-4.77,03-Oct-2025,04-Sep-2026,21.103296703296703,-16.551948051948052,,,TIME TECHNOPLAST LIMITED,-0.11
0,BALKRISINDEQN,-24.3,BALKRISIND,EQ,N,2059.2,95715,2083.5,2097.9,2059.0,2083.5,198631596.6,2775.0,1970.0,165599380093.73,2026-10-05 16:00:27,0,-10.58,-9.87,03-Oct-2025,04-Sep-2026,25.794594594594596,-4.527918781725888,,,BALKRISHNA INDUSTRIES LIMITED,-1.17
0,NIACLEQN,-2.49,NIACL,EQ,N,157.72,1226665,160.21,163.0,157.7,160.21,196168266.8,242.6,116.97,38005338354.56,2026-10-05 16:00:27,0,-17.29,-31.4,03-Oct-2025,04-Sep-2026,34.9876339653751,-34.83799264768744,,,THE NEW INDIA ASSURANCE COMPANY LIMITED,-1.55
0,SHAKTIPUMPEQN,-11.9,SHAKTIPUMP,EQ,N,442.2,431828,455.95,463.5,441.15,454.1,195259666.76,831.05,441.15,26843722348.85,2026-10-05 16:00:27,0,-46.25,-6.51,03-Oct-2025,04-Sep-2026,46.790205162144275,-0.23801428085685142,,,SHAKTI PUMPS (INDIA) LIMITED,-2.62
0,JKTYREEQN,-0.85,JKTYRE,EQ,N,339.5,571827,341.1,345.75,336.55,340.35,195090217.59,611.9,333.1,42268731229.57,2026-10-05 16:00:27,0,-9.09,-7.58,03-Oct-2025,04-Sep-2026,44.51707795391404,-1.9213449414590213,,,JK TYRE & INDUSTRIES LIMITED,-0.25
0,HDBFSEQN,4.8,HDBFS,EQ,N,623.0,308905,622.1,625.6,615.15,618.2,191758956.85,796.7,555.3,131819514797.4,2026-10-05 16:00:27,0,-17.71,-8.74,03-Oct-2025,04-Sep-2026,21.802435044558806,-12.191608139744282,,,HDB FINANCIAL SERVICES LIMITED,0.78
0,MASTEKEQN,48.4,MASTEK,EQ,N,1604.0,118393,1591.4,1633.9,1590.0,1555.6,190951333.98,2369.0,1334.2,25552790070.18,2026-10-05 16:00:27,0,-27.16,-9.53,03-Oct-2025,04-Sep-2026,32.29210637399747,-20.221855793734072,,,MASTEK LIMITED,3.11
0,SUDEEPPHRMEQN,-20.8,SUDEEPPHRM,EQ,N,1179.0,159743,1220.0,1247.9,1155.1,1199.8,190763493.17,1378.0,524.05,30792532575.29,2026-10-05 16:00:27,0,0.0,-11.31,,04-Sep-2026,14.44121915820029,-124.97853258276882,,,SUDEEP PHARMA LIMITED,-1.73
0,CCLEQN,-4.1,CCL,EQ,N,1052.5,179191,1056.6,1057.6,1033.1,1056.6,187105866.47,1242.2,815.5,74096661536.51,2026-10-05 16:00:27,0,22.69,-4.85,03-Oct-2025,04-Sep-2026,15.271292867493157,-29.061925199264255,,,CCL PRODUCTS (INDIA) LIMITED,-0.39
0,BRIGADEEQN,4.35,BRIGADE,EQ,N,573.9,324478,571.0,583.4,561.1,569.55,185066027.3,802.01,450.75,105690486785.48,2026-10-05 16:00:27,0,-14.67,-17.55,03-Oct-2025,04-Sep-2026,28.442288749516837,-27.321131447587355,,,BRIGADE ENTERPRISES LIMITED,0.76
0,COHANCEEQN,-5.0,COHANCE,EQ,N,446.3,413013,451.5,455.05,442.2,451.3,184934831.01,917.85,266.7,72498411677.8,2026-10-05 16:00:27,0,-49.04,-2.26,03-Oct-2025,04-Sep-2026,51.375497085580434,-67.34158230221222,,,COHANCE LIFESCIENCES LIMITED,-1.11
0,INTELLECTEQN,-9.95,INTELLECT,EQ,N,601.0,306571,619.0,619.0,593.65,610.95,184880707.26,1244.6,593.2,54148267948.74,2026-10-05 16:00:27,0,-39.05,-12.47,03-Oct-2025,04-Sep-2026,51.711393218704806,-1.3149022252191505,,,INTELLECT DESIGN ARENA LIMITED,-1.63
0,KECEQN,-3.35,KEC,EQ,N,369.0,489498,374.9,380.7,369.0,372.35,182964562.44,893.0,367.5,47936575968.93,2026-10-05 16:00:27,0,-56.82,-9.68,03-Oct-2025,04-Sep-2026,58.67861142217245,-0.40816326530612246,,,KEC INTERNATIONAL LIMITED,-0.9
0,GOKEXEQN,-17.15,GOKEX,EQ,N,671.6,269843,688.75,693.8,663.05,688.75,181661006.03,954.9,531.0,43646814218.12,2026-10-05 16:00:27,0,-9.88,-14.9,03-Oct-2025,04-Sep-2026,29.66802806576605,-26.47834274952919,,,GOKALDAS EXPORTS LIMITED,-2.49
0,JSWCEMENTEQN,-0.93,JSWCEMENT,EQ,N,110.67,1631122,112.0,113.31,109.86,111.6,181543878.6,143.4,106.65,35830753055.87,2026-10-05 16:00:27,0,-20.3,-10.8,03-Oct-2025,04-Sep-2026,22.824267782426777,-3.769338959212377,,,JSW CEMENT LIMITED,-0.83
0,KPILEQN,18.7,KPIL,EQ,N,1375.1,130981,1357.0,1396.6,1356.4,1356.4,180886070.81,1479.6,1007.1,156107941065.41,2026-10-05 16:00:27,0,10.1,-2.24,03-Oct-2025,04-Sep-2026,7.06271965396053,-36.54056200973091,,,KALPATARU PROJECTS INTERNATIONAL LIMITED,1.38
0,SUPREMEINDEQN,18.9,SUPREMEIND,EQ,N,3398.9,53297,3391.0,3430.9,3370.0,3380.0,180670967.33,4293.9,3140.0,218212454034.63,2026-10-05 16:00:27,0,-19.26,-2.19,03-Oct-2025,04-Sep-2026,20.843522205920028,-8.245222929936306,,,SUPREME INDUSTRIES LIMITED,0.56
0,FIRSTCRYEQN,-2.25,FIRSTCRY,EQ,N,172.5,1030621,175.64,177.39,171.32,174.75,179369278.84,389.65,163.37,38901447648.81,2026-10-05 16:00:27,0,-53.64,-4.25,03-Oct-2025,04-Sep-2026,55.72950083408187,-5.5885413478606845,,,BRAINBEES SOLUTIONS LIMITED,-1.29
0,GPPLEQN,1.62,GPPL,EQ,N,167.5,1069321,166.7,169.0,165.54,165.88,179004335.4,200.09,141.55,45342136626.68,2026-10-05 16:00:27,0,4.78,3.64,03-Oct-2025,04-Sep-2026,16.287670548253285,-18.33274461321088,,,GUJARAT PIPAVAV PORT LIMITED,0.98
0,BAJAJCONEQN,-17.05,BAJAJCON,EQ,N,480.0,365485,497.0,499.4,477.95,497.05,178042362.9,692.0,233.14,35776406907.84,2026-10-05 16:00:27,0,100.56,-7.26,03-Oct-2025,04-Sep-2026,30.63583815028902,-105.88487604014755,,,BAJAJ CONSUMER CARE LIMITED,-3.43
0,ELGIEQUIPEQN,3.05,ELGIEQUIP,EQ,N,587.7,301097,585.4,594.7,582.5,584.65,177487648.59,653.4,408.25,126747308910.18,2026-10-05 16:00:27,0,18.87,-8.47,03-Oct-2025,04-Sep-2026,10.055096418732782,-43.95590936925903,,,ELGI EQUIPMENTS LIMITED,0.52
0,DEVYANIEQN,2.84,DEVYANI,EQ,N,129.91,1377561,127.07,131.0,125.55,127.07,176589544.59,172.74,91.55,55214079375.73,2026-10-05 16:00:27,0,-22.37,-6.73,03-Oct-2025,04-Sep-2026,24.794488827139052,-41.9006007646095,,,DEVYANI INTERNATIONAL LIMITED,2.23
0,CCAVENUEEQN,-0.28,CCAVENUE,EQ,N,15.0,11659060,15.25,15.45,14.95,15.28,176284987.2,20.5,12.92,30365593789.35,2026-10-05 16:00:27,0,-10.29,-4.46,03-Oct-2025,04-Sep-2026,26.829268292682926,-16.09907120743034,,,AVENUESAI LIMITED,-1.83
0,EMBASSYRRN,-0.96,EMBASSY,RR,N,427.75,412019,429.95,429.95,426.51,428.71,176253487.82,462.0,410.15,373370525328.02,2026-10-05 16:00:27,0,0.06,-2.49,03-Oct-2025,04-Sep-2026,7.413419913419913,-4.291113007436304,,,EMBASSY OFFICE PARKS REIT,-0.22
0,GNFCEQN,-6.05,GNFC,EQ,N,583.1,297893,589.95,600.95,581.9,589.15,175628776.01,636.0,365.0,48671964976.02,2026-10-05 16:00:27,0,16.09,-2.28,03-Oct-2025,04-Sep-2026,8.317610062893081,-59.75342465753425,,,GUJARAT NARMADA VALLEY FERTILIZERS AND CHEMICALS LIMITED,-1.03
0,RAINBOWEQN,-4.8,RAINBOW,EQ,N,1275.0,137076,1285.8,1299.9,1263.6,1279.8,174551207.64,1610.0,1084.0,63035104386.5,2026-10-05 16:00:27,0,-5.85,-11.9,03-Oct-2025,04-Sep-2026,20.80745341614907,-17.619926199261993,,,RAINBOW CHILDRENS MEDICARE LIMITED,-0.38
0,IRBEQN,-0.08,IRB,EQ,N,16.92,10276300,17.05,17.3,16.8,17.0,174183285.0,23.95,16.75,65947417891.74,2026-10-05 16:00:27,0,-19.47,-13.89,03-Oct-2025,04-Sep-2026,29.352818371607516,-1.0149253731343284,,,IRB INFRASTRUCTURE DEVELOPERS LIMITED,-0.47
0,CHAMBLFERTEQN,-1.05,CHAMBLFERT,EQ,N,398.25,432450,400.3,406.3,395.0,399.3,172443762.0,522.0,395.0,58881023458.78,2026-10-05 16:00:27,0,-23.37,-4.96,03-Oct-2025,04-Sep-2026,23.70689655172414,-0.8227848101265823,,,CHAMBAL FERTILIZERS & CHEMICALS LIMITED,-0.26
0,FRACTALEQN,2.65,FRACTAL,EQ,N,730.0,235158,728.7,746.05,718.7,727.35,171540706.26,1118.0,708.3,35295500934.11,2026-10-05 16:00:27,0,0.0,-11.56,,04-Sep-2026,34.704830053667266,-3.063673584639277,,,FRACTAL ANALYTICS LIMITED,0.36
0,BHARATCOALEQN,0.19,BHARATCOAL,EQ,N,31.94,5387913,31.8,32.3,31.37,31.75,171120116.88,45.09,29.74,14846516000.0,2026-10-05 16:00:27,0,0.0,-5.53,,04-Sep-2026,29.163894433355512,-7.397444519166107,,,BHARAT COKING COAL LIMITED,0.6
0,NAVAEQN,6.65,NAVA,EQ,N,559.15,302296,555.0,564.85,552.0,552.5,168451423.04,739.4,501.65,77195956359.82,2026-10-05 16:00:27,0,-14.26,-0.19,03-Oct-2025,04-Sep-2026,24.377873951852855,-11.462174823083823,,,NAVA LIMITED,1.2
0,ABFRLEQN,-0.06,ABFRL,EQ,N,44.47,3728699,44.6,45.37,44.25,44.53,166598271.32,88.99,44.04,26915622795.04,2026-10-05 16:00:27,0,-49.46,-16.05,03-Oct-2025,04-Sep-2026,50.02809304416227,-0.9763851044504995,,,ADITYA BIRLA FASHION AND RETAIL LIMITED,-0.13
0,MOILEQN,4.24,MOIL,EQ,N,236.9,690784,235.2,243.5,235.2,232.66,165235532.8,404.9,230.01,16962167364.03,2026-10-05 16:00:27,0,-39.52,-6.1,03-Oct-2025,04-Sep-2026,41.49172635218572,-2.995521933828964,,,MOIL LIMITED,1.82
0,SOBHAEQN,-22.8,SOBHA,EQ,N,1190.3,136038,1214.0,1229.8,1187.8,1213.1,164229154.74,1732.0,1130.0,53203280908.19,2026-10-05 16:00:27,0,-19.04,-5.82,03-Oct-2025,04-Sep-2026,31.275981524249424,-5.336283185840708,,,SOBHA LIMITED,-1.88
0,UCOBANKEQN,0.21,UCOBANK,EQ,N,23.14,7010331,23.05,23.9,22.96,22.93,163831435.47,34.2,22.22,26258269869.18,2026-10-05 16:00:27,0,-24.8,-6.62,03-Oct-2025,04-Sep-2026,32.33918128654971,-4.14041404140414,,,UCO BANK,0.92
0,SPARCEQN,-2.23,SPARC,EQ,N,191.9,837807,194.56,201.59,190.2,194.13,162241325.55,289.0,108.0,17960204428.66,2026-10-05 16:00:27,0,45.26,-3.8,03-Oct-2025,04-Sep-2026,33.59861591695502,-77.68518518518519,,,SUN PHARMA ADVANCED RESEARCH COMPANY LIMITED,-1.15
0,SUDARSCHEMEQN,-10.5,SUDARSCHEM,EQ,N,1231.0,131105,1245.0,1260.0,1224.1,1241.5,162230638.05,1360.4,726.4,89522853807.78,2026-10-05 16:00:27,0,-7.93,0.67,03-Oct-2025,04-Sep-2026,9.511908262275801,-69.46585903083701,,,SUDARSHAN CHEMICAL INDUSTRIES LIMITED,-0.85
0,DEEPAKNTREQN,5.0,DEEPAKNTR,EQ,N,1497.8,108056,1497.9,1522.0,1488.2,1492.8,162114255.68,1897.9,1280.0,102484463506.87,2026-10-05 16:00:27,0,-19.12,-12.53,03-Oct-2025,04-Sep-2026,21.081195005005533,-17.015625,,,DEEPAK NITRITE LIMITED,0.33
0,SPLPETROEQN,12.55,SPLPETRO,EQ,N,793.0,205144,780.45,805.0,768.3,780.45,161985805.28,899.0,462.3,50286035628.83,2026-10-05 16:00:27,0,-6.4,2.85,03-Oct-2025,04-Sep-2026,11.7908787541713,-71.53363616699113,,,SUPREME PETROCHEM LIMITED,1.61
0,BLUEJETEQN,-9.3,BLUEJET,EQ,N,532.5,300308,546.8,546.8,528.8,541.8,160805924.76,692.9,325.0,27016139421.14,2026-10-05 16:00:27,0,-19.73,-6.55,03-Oct-2025,04-Sep-2026,23.149083561841536,-63.84615384615385,,,BLUE JET HEALTHCARE LIMITED,-1.72
0,NHEQN,-16.9,NH,EQ,N,1724.5,92682,1744.9,1749.6,1709.6,1741.4,159897766.86,2093.3,1589.0,118676246043.5,2026-10-05 16:00:27,0,-1.63,-7.21,03-Oct-2025,04-Sep-2026,17.618114938135957,-8.527375707992448,,,NARAYANA HRUDAYALAYA LTD.,-0.97
0,TATAINVESTEQN,7.0,TATAINVEST,EQ,N,622.05,257410,618.05,628.4,614.0,615.05,159890221.5,1184.7,538.85,80945817662.32,2026-10-05 16:00:27,0,-37.81,-1.84,03-Oct-2025,04-Sep-2026,47.49303621169916,-15.440289505428227,,,TATA INVESTMENT CORPORATION LIMITED,1.14
0,GRINDWELLEQN,34.2,GRINDWELL,EQ,N,2010.0,78949,1990.0,2023.1,1973.5,1975.8,157732996.59,2455.0,1329.0,92499777824.26,2026-10-05 16:00:27,0,20.88,2.42,03-Oct-2025,04-Sep-2026,18.126272912423627,-51.24153498871332,,,GRINDWELL NORTON LIMITED,1.73
0,NLCINDIAEQN,0.0,NLCINDIA,EQ,N,253.2,620352,255.45,257.65,251.15,253.2,157222010.88,387.8,230.0,91662621523.44,2026-10-05 16:00:27,0,-10.61,-7.27,03-Oct-2025,04-Sep-2026,34.70861268695204,-10.08695652173913,,,NLC INDIA LIMITED,0.0
0,TIEQN,-1.15,TI,EQ,N,541.4,282972,543.0,553.15,538.0,542.55,154313120.76,607.8,381.55,60053328832.04,2026-10-05 16:00:27,0,15.38,1.18,03-Oct-2025,04-Sep-2026,10.924646265218822,-41.894902371904074,,,TILAKNAGAR INDUSTRIES LIMITED,-0.21
0,VOLTAMPEQN,129.0,VOLTAMP,EQ,N,10555.0,14532,10452.0,10638.0,10421.0,10426.0,153447892.92,12863.0,6666.0,106799802973.27,2026-10-05 16:00:27,0,47.15,-7.56,03-Oct-2025,04-Sep-2026,17.942937106429294,-58.34083408340834,,,VOLTAMP TRANSFORMERS LIMITED,1.24
0,CMSINFOEQN,-1.24,CMSINFO,EQ,N,219.45,696321,221.68,222.0,217.16,220.69,152786753.82,393.3,215.12,32707057506.76,2026-10-05 16:00:27,0,-42.36,-9.86,03-Oct-2025,04-Sep-2026,44.20289855072464,-2.01283004834511,,,CMS INFO SYSTEMS LIMITED,-0.56
0,ABBOTINDIAEQN,-495.0,ABBOTINDIA,EQ,N,26345.0,5773,26705.0,26840.0,26030.0,26840.0,151795781.57,30655.0,25135.0,136391171004.02,2026-10-05 16:00:27,0,-12.08,1.07,03-Oct-2025,04-Sep-2026,14.059696623715544,-4.814004376367615,,,ABBOTT INDIA LIMITED,-1.84
0,LXCHEMEQN,-4.37,LXCHEM,EQ,N,177.02,843634,182.0,183.94,176.8,181.39,151541975.42,216.8,107.6,14955969799.16,2026-10-05 16:00:27,0,-17.61,2.89,03-Oct-2025,04-Sep-2026,18.34870848708487,-64.51672862453532,,,LAXMI ORGANIC INDUSTRIES LIMITED,-2.41
0,SWSOLAREQN,-1.57,SWSOLAR,EQ,N,163.25,914130,165.0,167.44,163.0,164.82,150694330.5,260.8,148.0,20750120286.9,2026-10-05 16:00:27,0,-33.62,-12.34,03-Oct-2025,04-Sep-2026,37.40414110429448,-10.304054054054054,,,STERLING AND WILSON RENEWABLE ENERGY LIMITED,-0.95
0,LTFOODSEQN,5.85,LTFOODS,EQ,N,405.0,370391,399.0,408.5,397.1,399.15,149230533.9,490.7,333.15,55695341305.43,2026-10-05 16:00:27,0,0.28,-8.95,03-Oct-2025,04-Sep-2026,17.46484613816996,-21.56686177397569,,,LT FOODS LIMITED,1.47
0,CLEANEQN,-4.05,CLEAN,EQ,N,799.0,185312,805.0,817.3,792.15,803.05,148955638.72,1108.0,652.0,38061539405.2,2026-10-05 16:00:27,0,-26.37,-4.44,03-Oct-2025,04-Sep-2026,27.888086642599276,-22.54601226993865,,,CLEAN SCIENCE AND TECHNOLOGY LIMITED,-0.5
0,VIKRAMSOLREQN,-1.65,VIKRAMSOLR,EQ,N,152.7,969664,155.0,157.39,151.79,154.35,148678581.12,354.4,151.6,20110352940.67,2026-10-05 16:00:27,0,-53.9,-9.35,03-Oct-2025,04-Sep-2026,56.91309255079007,-0.7255936675461742,,,VIKRAM SOLAR LIMITED,-1.07
0,TATACOMMEQN,-3.0,TATACOMM,EQ,N,1680.0,88150,1683.0,1697.6,1647.7,1683.0,147556048.0,2110.0,1322.5,196506382725.31,2026-10-05 16:00:27,0,4.1,-4.33,03-Oct-2025,04-Sep-2026,20.379146919431278,-27.032136105860115,,,TATA COMMUNICATIONS LIMITED,-0.18
0,PCBLEQN,-0.7,PCBL,EQ,N,320.8,457281,322.85,327.2,318.6,321.5,147239909.19,394.0,226.5,56067038147.31,2026-10-05 16:00:27,0,-16.48,1.2,03-Oct-2025,04-Sep-2026,18.578680203045685,-41.63355408388521,,,PCBL CHEMICAL LIMITED,-0.22
0,ITCHOTELSEQN,0.49,ITCHOTELS,EQ,N,159.0,922569,159.8,160.8,158.11,158.51,147011370.15,227.2,137.3,177625467103.53,2026-10-05 16:00:27,0,-27.21,-1.38,03-Oct-2025,04-Sep-2026,30.017605633802816,-15.804806991988347,,,ITC HOTELS LIMITED,0.31
0,SCHAEFFLEREQN,-42.4,SCHAEFFLER,EQ,N,3843.2,38172,3888.6,3908.6,3825.3,3885.6,146945022.6,4467.7,3518.4,154374485700.88,2026-10-05 16:00:27,0,-10.34,-2.86,03-Oct-2025,04-Sep-2026,13.978109541822414,-9.231468849477036,,,SCHAEFFLER INDIA LIMITED,-1.09
0,DEEPAKFERTEQN,-2.9,DEEPAKFERT,EQ,N,1298.0,112778,1300.9,1322.5,1292.0,1300.9,146750116.94,1681.0,866.4,86739774640.02,2026-10-05 16:00:27,0,-17.45,-4.71,03-Oct-2025,04-Sep-2026,22.78405710886377,-49.81532779316713,,,DEEPAK FERTILIZERS AND PETROCHEMICALS CORPORATION LIMITED,-0.22
0,IOBEQN,1.0,IOB,EQ,N,31.38,4689838,30.5,31.9,30.5,30.38,146604335.88,41.8,30.07,45647724926.8,2026-10-05 16:00:27,0,-21.33,-6.47,03-Oct-2025,04-Sep-2026,24.928229665071772,-4.356501496508147,,,INDIAN OVERSEAS BANK,3.29
0,AWLEQN,1.12,AWL,EQ,N,176.55,831209,176.47,178.9,174.06,175.43,146035109.21,282.9,171.19,97204033673.15,2026-10-05 16:00:27,0,-33.48,-5.73,03-Oct-2025,04-Sep-2026,37.59278897136797,-3.1310240084117065,,,AWL AGRI BUSINESS LIMITED,0.64
0,HAPPSTMNDSEQN,-1.15,HAPPSTMNDS,EQ,N,303.55,476063,305.7,309.65,303.0,304.7,145741926.82,534.5,300.0,25005587015.79,2026-10-05 16:00:27,0,-41.99,-14.25,03-Oct-2025,04-Sep-2026,43.20860617399439,-1.1833333333333333,,,HAPPIEST MINDS TECHNOLOGIES LIMITED,-0.38
0,PGILEQN,12.0,PGIL,EQ,N,1275.0,114074,1267.5,1289.3,1255.0,1263.0,144814661.52,1357.9,600.0,45778022537.51,2026-10-05 16:00:27,0,104.29,11.93,03-Oct-2025,04-Sep-2026,6.1050150968407095,-112.5,,,PEARL GLOBAL INDUSTRIES LIMITED,0.95
0,METROPOLISEQN,21.1,METROPOLIS,EQ,N,559.0,264357,534.85,559.5,532.0,537.9,144709021.8,609.05,412.25,58616466194.83,2026-10-05 16:00:27,0,12.01,-5.05,03-Oct-2025,04-Sep-2026,8.217716115261473,-35.59733171619163,,,METROPOLIS HEALTHCARE LIMITED,3.92
0,ELECONEQN,5.95,ELECON,EQ,N,445.95,323898,442.95,449.9,437.75,440.0,143707064.64,626.0,352.0,39149193278.9,2026-10-05 16:00:27,0,-23.71,2.81,03-Oct-2025,04-Sep-2026,28.761980830670925,-26.69034090909091,,,ELECON ENGINEERING COMPANY LIMITED,1.35
0,GODREJAGROEQN,9.6,GODREJAGRO,EQ,N,641.5,220599,633.5,651.45,626.65,631.9,141448078.8,701.15,506.1,30602335993.08,2026-10-05 16:00:27,0,-7.09,-0.52,03-Oct-2025,04-Sep-2026,8.507452043072096,-26.75360600671804,,,GODREJ AGROVET LIMITED,1.52
0,MSTCLTDEQN,-13.8,MSTCLTD,EQ,N,692.0,201122,705.0,705.6,687.5,705.8,140190078.88,805.0,362.15,17115733800.0,2026-10-05 16:00:27,0,32.33,-5.75,03-Oct-2025,04-Sep-2026,14.037267080745341,-91.08104376639514,,,MSTC LIMITED,-1.96
0,GILLETTEEQN,113.0,GILLETTE,EQ,N,7012.0,20086,6902.0,7025.0,6862.0,6899.0,139537040.28,9933.0,6860.0,56600857198.3,2026-10-05 16:00:27,0,-26.08,-4.11,03-Oct-2025,04-Sep-2026,29.407027081445687,-2.2157434402332363,,,GILLETTE INDIA LIMITED,1.64
0,CSBBANKEQN,3.75,CSBBANK,EQ,N,308.5,455102,306.85,310.0,300.1,304.75,138724191.64,574.4,295.0,30552555475.51,2026-10-05 16:00:27,0,-20.03,-6.1,03-Oct-2025,04-Sep-2026,46.291782729805014,-4.576271186440678,,,CSB BANK LIMITED,1.23
0,JAMNAAUTOEQN,2.36,JAMNAAUTO,EQ,N,134.02,1040621,132.51,134.88,131.71,131.66,138704373.09,152.6,89.74,26161545675.43,2026-10-05 16:00:27,0,32.07,11.04,03-Oct-2025,04-Sep-2026,12.17562254259502,-49.34254513037664,,,JAMNA AUTO INDUSTRIES LIMITED,1.79
0,JUBLINGREAEQN,-9.45,JUBLINGREA,EQ,N,628.55,218343,638.0,645.85,625.0,638.0,138208935.57,795.0,537.3,52849893438.95,2026-10-05 16:00:27,0,-5.82,-7.61,03-Oct-2025,04-Sep-2026,20.937106918238992,-16.983063465475524,,,JUBILANT INGREVIA LIMITED,-1.48
0,TENNINDEQN,-8.4,TENNIND,EQ,N,487.0,277605,499.95,499.95,485.4,495.4,136565003.7,657.0,438.05,49558666738.31,2026-10-05 16:00:27,0,0.0,-5.9,,04-Sep-2026,25.875190258751903,-11.174523456226458,,,TENNECO CLEAN AIR INDIA LIMITED,-1.7
0,KSBEQN,0.55,KSB,EQ,N,807.0,168361,806.45,822.0,800.0,806.45,136353890.29,1028.3,666.65,42018884194.45,2026-10-05 16:00:27,0,-0.84,-0.81,03-Oct-2025,04-Sep-2026,21.520956919187007,-21.05302632565814,,,KSB LIMITED,0.07
0,TECHNOEEQN,-19.4,TECHNOE,EQ,N,979.2,138238,999.0,1003.9,972.3,998.6,136099458.14,1389.6,870.0,48934644763.34,2026-10-05 16:00:27,0,-28.64,-0.03,03-Oct-2025,04-Sep-2026,29.533678756476682,-12.551724137931034,,,TECHNO ELECTRIC & ENGINEERING COMPANY LIMITED,-1.94
0,CENTRALBKEQN,0.36,CENTRALBK,EQ,N,30.36,4478354,30.2,30.56,30.02,30.0,135738909.74,40.92,29.32,51602933213.06,2026-10-05 16:00:27,0,-19.68,-2.32,03-Oct-2025,04-Sep-2026,25.806451612903224,-3.5470668485675305,,,CENTRAL BANK OF INDIA,1.2
0,ENTEROEQN,15.3,ENTERO,EQ,N,1696.1,80217,1699.0,1725.0,1649.0,1680.8,135363780.99,1920.0,944.0,27429100952.16,2026-10-05 16:00:27,0,55.24,-7.2,03-Oct-2025,04-Sep-2026,11.661458333333334,-79.67161016949153,,,ENTERO HEALTHCARE SOLUTIONS LIMITED,0.91
0,IGLEQN,-0.84,IGL,EQ,N,141.95,948892,142.79,143.57,141.5,142.79,135226598.92,223.5,139.2,99397301556.79,2026-10-05 16:00:27,0,-32.09,-10.18,03-Oct-2025,04-Sep-2026,36.48769574944072,-1.9755747126436782,,,INDRAPRASTHA GAS LIMITED,-0.59
0,UTLSOLAREQN,10.85,UTLSOLAR,EQ,N,412.5,326293,401.65,420.95,392.6,401.65,134357668.61,494.25,172.0,16458315746.18,2026-10-05 16:00:27,0,0.0,-4.01,,04-Sep-2026,16.540212443095598,-139.82558139534885,,,FUJIYAMA POWER SYSTEMS LIMITED,2.7
0,IGILEQN,3.1,IGIL,EQ,N,315.05,422079,317.9,320.7,311.0,311.95,133406509.53,388.3,287.0,32043219653.0,2026-10-05 16:00:27,0,-11.73,-2.61,03-Oct-2025,04-Sep-2026,18.864280195724955,-9.773519163763066,,,INTERNATIONAL GEMOLOGICAL INSTITUTE LIMITED,0.99
0,AVANTIFEEDEQN,-0.55,AVANTIFEED,EQ,N,711.0,187707,713.1,717.95,705.15,711.55,133365823.5,1593.8,636.0,28179758043.01,2026-10-05 16:00:27,0,9.39,-10.97,03-Oct-2025,04-Sep-2026,55.38963483498557,-11.79245283018868,,,AVANTI FEEDS LIMITED,-0.08
0,EIELEQN,-3.9,EIEL,EQ,N,180.1,729200,185.84,187.99,178.5,184.0,132685232.0,257.66,134.71,9450982827.83,2026-10-05 16:00:27,0,-29.11,-9.57,03-Oct-2025,04-Sep-2026,30.10168439028177,-33.69460322173558,,,ENVIRO INFRA ENGINEERS LIMITED,-2.12
0,EIDPARRYEQN,15.45,EIDPARRY,EQ,N,690.0,191222,675.0,698.0,675.0,674.55,132092333.16,1118.0,672.3,71183698950.71,2026-10-05 16:00:27,0,-33.77,-11.69,03-Oct-2025,04-Sep-2026,38.28264758497317,-2.6327532351628737,,,EID PARRY INDIA LIMITED,2.29
0,EMCUREEQN,-7.5,EMCURE,EQ,N,1937.1,67551,1935.0,1966.6,1917.3,1944.6,130849664.55,2100.7,1260.0,80839383999.94,2026-10-05 16:00:27,0,44.57,0.49,03-Oct-2025,04-Sep-2026,7.787880230399391,-53.73809523809524,,,EMCURE PHARMACEUTICALS LIMITED,-0.39
0,FIEMINDEQN,-33.1,FIEMIND,EQ,N,1761.7,72879,1786.1,1816.9,1752.0,1794.8,130080269.52,2674.8,1752.0,21103095431.57,2026-10-05 16:00:27,0,-9.05,-15.54,03-Oct-2025,04-Sep-2026,34.13713174816809,-0.5536529680365296,,,FIEM INDUSTRIES LIMITED,-1.84
0,JMFINANCILEQN,-0.06,JMFINANCIL,EQ,N,123.34,1028560,125.0,126.37,122.7,123.4,127490012.0,182.5,112.0,47330263910.05,2026-10-05 16:00:27,0,-26.71,-6.6,03-Oct-2025,04-Sep-2026,32.416438356164385,-10.125,,,JM FINANCIAL LIMITED,-0.05
0,RAILTELEQN,-3.25,RAILTEL,EQ,N,253.95,495278,258.0,260.4,251.15,257.2,126053203.78,400.8,245.0,21986614518.94,2026-10-05 16:00:27,0,-34.47,-6.31,03-Oct-2025,04-Sep-2026,36.63922155688623,-3.6530612244897958,,,RAILTEL CORPORATION OF INDIA LIMITED,-1.26
0,STYLAMINDEQN,95.1,STYLAMIND,EQ,N,3315.0,37896,3268.0,3341.0,3218.1,3219.9,124697166.96,4150.0,1645.5,24313816732.04,2026-10-05 16:00:27,0,92.9,-2.14,03-Oct-2025,04-Sep-2026,20.120481927710845,-101.45852324521422,,,STYLAM INDUSTRIES LIMITED,2.95
0,BLSEQN,0.39,BLS,EQ,N,216.9,570077,217.05,219.91,214.79,216.51,123569890.52,359.0,212.0,26065674965.67,2026-10-05 16:00:27,0,-34.29,-9.17,03-Oct-2025,04-Sep-2026,39.58217270194986,-2.311320754716981,,,BLS INTERNATIONAL SERVICES LIMITED,0.18
0,LATENTVIEWEQN,0.52,LATENTVIEW,EQ,N,235.0,521787,238.0,245.0,233.49,234.48,123272178.75,517.5,230.0,17016043024.49,2026-10-05 16:00:27,0,-43.47,-12.07,03-Oct-2025,04-Sep-2026,54.589371980676326,-2.1739130434782608,,,LATENT VIEW ANALYTICS LIMITED,0.22
0,REFEXEQN,-0.45,REFEX,EQ,N,270.85,451891,272.2,275.95,267.05,271.3,122679368.68,382.4,188.0,16045132843.26,2026-10-05 16:00:27,0,-25.88,-4.14,03-Oct-2025,04-Sep-2026,29.17102510460251,-44.069148936170215,,,REFEX INDUSTRIES LIMITED,-0.17
0,NSLNISPEQN,-0.56,NSLNISP,EQ,N,40.39,3000968,41.0,41.3,40.31,40.95,122289446.0,53.75,33.01,46530452608.39,2026-10-05 16:00:27,0,-14.43,-12.23,03-Oct-2025,04-Sep-2026,24.855813953488372,-22.356861557103908,,,NMDC STEEL LIMITED,-1.37
0,FEDFINAEQN,-0.27,FEDFINA,EQ,N,149.5,804305,150.99,153.4,148.51,149.77,121385710.6,178.48,119.07,21890036848.91,2026-10-05 16:00:27,0,-3.54,-7.46,03-Oct-2025,04-Sep-2026,16.237113402061855,-25.556395397665238,,,FEDBANK FINANCIAL SERVICES LIMITED,-0.18
0,SUMICHEMEQN,-6.05,SUMICHEM,EQ,N,411.55,290766,418.45,428.4,411.15,417.6,121019716.86,572.05,362.6,50786817995.53,2026-10-05 16:00:27,0,-23.55,-16.59,03-Oct-2025,04-Sep-2026,28.056988025522244,-13.499724214009929,,,SUMITOMO CHEMICAL INDIA LIMITED,-1.45
0,IXIGOEQN,-0.9,IXIGO,EQ,N,161.0,744966,162.0,165.51,159.71,161.9,120729189.96,339.15,151.27,35579434504.79,2026-10-05 16:00:27,0,-43.78,-3.45,03-Oct-2025,04-Sep-2026,52.52837977296181,-6.432207311429893,,,LE TRAVENUES TECHNOLOGY LIMITED,-0.56
0,PRAJINDEQN,1.2,PRAJIND,EQ,N,304.45,392337,303.3,309.75,303.1,303.25,120239520.39,427.65,273.0,37429838200.7,2026-10-05 16:00:27,0,-14.84,-9.27,03-Oct-2025,04-Sep-2026,28.808605167777387,-11.52014652014652,,,PRAJ INDUSTRIES LIMITED,0.4
0,CRISILEQN,86.4,CRISIL,EQ,N,4515.0,26707,4428.6,4531.5,4401.0,4428.6,120007103.29,5064.9,3686.0,109562478192.5,2026-10-05 16:00:27,0,-2.04,-5.98,03-Oct-2025,04-Sep-2026,10.857075164366522,-22.490504612045576,,,CRISIL LIMITED,1.95
0,SJVNEQN,-0.81,SJVN,EQ,N,57.1,2071448,58.3,58.5,57.01,57.91,119273975.84,92.16,56.73,40770940370.31,2026-10-05 16:00:27,0,-37.58,-12.46,03-Oct-2025,04-Sep-2026,38.04253472222222,-0.6522122333862154,,,SJVN LIMITED,-1.4
0,LUMAXTECHEQN,-9.9,LUMAXTECH,EQ,N,1969.0,60434,1955.0,2001.1,1948.0,1978.9,119224195.2,2190.0,1120.0,58997468446.29,2026-10-05 16:00:27,0,51.16,0.88,03-Oct-2025,04-Sep-2026,10.091324200913242,-75.80357142857143,,,LUMAX AUTO TECHNOLOGIES LIMITED,-0.5
0,STAREQN,-1.8,STAR,EQ,N,1083.0,108287,1087.0,1109.9,1077.6,1084.8,118239658.17,1260.9,768.65,71896280123.14,2026-10-05 16:00:27,0,30.11,2.21,03-Oct-2025,04-Sep-2026,14.108969783487984,-40.896376764457166,,,STRIDES PHARMA SCIENCE LIMITED,-0.17
0,SURYAROSNIEQN,-0.42,SURYAROSNI,EQ,N,220.25,530488,221.9,226.06,219.76,220.67,117773640.88,314.5,187.35,17268358361.04,2026-10-05 16:00:27,0,-25.09,1.74,03-Oct-2025,04-Sep-2026,29.968203497615264,-17.560715238857753,,,SURYA ROSHNI LIMITED,-0.19
0,SYNGENEEQN,-4.45,SYNGENE,EQ,N,356.85,327748,361.0,364.45,355.55,361.3,117412443.52,678.95,353.3,67683462611.07,2026-10-05 16:00:27,0,-43.85,-9.8,03-Oct-2025,04-Sep-2026,47.44090139185507,-1.004811774695726,,,SYNGENE INTERNATIONAL LIMITED,-1.23
0,KPRMILLEQN,2.9,KPRMILL,EQ,N,1073.9,109665,1072.0,1080.4,1052.0,1071.0,117270267.75,1334.0,796.1,118963637258.18,2026-10-05 16:00:27,0,0.29,-9.47,03-Oct-2025,04-Sep-2026,19.49775112443778,-34.89511367918603,,,K.P.R. MILL LIMITED,0.27
0,MBAPLEQN,-3.04,MBAPL,EQ,N,162.79,719951,168.31,168.31,160.5,165.83,117236820.84,174.94,75.05,16770884528.57,2026-10-05 16:00:27,0,106.14,-2.0,03-Oct-2025,04-Sep-2026,6.945238367440266,-116.90872751499,,,MADHYA BHARAT AGRO PRODUCTS LIMITED,-1.83
0,RAYMONDLSLEQN,4.55,RAYMONDLSL,EQ,N,632.25,185665,631.0,640.0,621.85,627.7,116736868.75,1246.4,615.0,15082062544.83,2026-10-05 16:00:27,0,-45.68,-4.73,03-Oct-2025,04-Sep-2026,49.273908857509625,-2.8048780487804876,,,RAYMOND LIFESTYLE LIMITED,0.72
0,AFCONSEQN,-2.29,AFCONS,EQ,N,240.1,481694,244.04,246.79,239.0,242.39,116126789.52,479.4,225.35,37642355178.14,2026-10-05 16:00:27,0,-46.63,-18.0,03-Oct-2025,04-Sep-2026,49.9165623696287,-6.5453738628799645,,,AFCONS INFRASTRUCTURE LIMITED,-0.94
0,AADHARHFCEQN,5.2,AADHARHFC,EQ,N,453.6,255416,450.95,455.7,449.05,448.4,115368853.04,563.0,427.3,49298105530.64,2026-10-05 16:00:27,0,-11.05,-6.19,03-Oct-2025,04-Sep-2026,19.431616341030196,-6.154926281301194,,,AADHAR HOUSING FINANCE LIMITED,1.16
0,GOLDIAMEQN,-1.4,GOLDIAM,EQ,N,309.4,368723,313.45,316.8,306.0,310.8,114779782.67,398.2,198.75,18834958306.9,2026-10-05 16:00:27,0,5.78,-10.4,03-Oct-2025,04-Sep-2026,22.30035158211954,-55.672955974842765,,,GOLDIAM INTERNATIONAL LIMITED,-0.45
0,CHALETEQN,9.75,CHALET,EQ,N,840.0,136588,836.8,844.4,825.25,830.25,114212153.84,993.0,691.35,60046150733.33,2026-10-05 16:00:27,0,-13.54,-6.33,03-Oct-2025,04-Sep-2026,15.407854984894259,-21.501410284226512,,,CHALET HOTELS LIMITED,1.17
0,WELENTEQN,-1.45,WELENT,EQ,N,723.0,154921,724.45,734.3,716.7,724.45,112255756.6,841.9,412.0,36225097846.32,2026-10-05 16:00:27,0,35.98,-11.14,03-Oct-2025,04-Sep-2026,14.122817436750207,-75.48543689320388,,,WELSPUN ENTERPRISES LIMITED,-0.2
0,ABLBLEQN,-0.94,ABLBL,EQ,N,73.5,1522029,75.5,75.5,72.2,74.44,112188757.59,150.79,72.2,42500364539.21,2026-10-05 16:00:27,0,-46.13,-14.6,03-Oct-2025,04-Sep-2026,51.256714636249086,-1.8005540166204985,,,ADITYA BIRLA LIFESTYLE BRANDS LIMITED,-1.26
0,EQUITASBNKEQN,-0.34,EQUITASBNK,EQ,N,68.07,1626602,68.8,70.2,67.82,68.41,112154207.9,83.9,51.25,77868889471.28,2026-10-05 16:00:27,0,18.71,-6.69,03-Oct-2025,04-Sep-2026,18.867699642431464,-32.81951219512195,,,EQUITAS SMALL FINANCE BANK LIMITED,-0.5
0,THYROCAREEQN,3.4,THYROCARE,EQ,N,537.0,207102,539.9,544.8,532.15,533.6,111837151.02,662.0,342.55,33591992823.91,2026-10-05 16:00:27,0,36.7,-6.8,03-Oct-2025,04-Sep-2026,18.882175226586103,-56.76543570281711,,,THYROCARE TECHNOLOGIES LIMITED,0.64
0,NTPCGREENEQN,-0.99,NTPCGREEN,EQ,N,90.1,1231775,91.1,91.57,89.55,91.09,111315506.75,119.95,84.0,83453222808.15,2026-10-05 16:00:27,0,-7.68,0.83,03-Oct-2025,04-Sep-2026,24.885368903709878,-7.261904761904762,,,NTPC GREEN ENERGY LIMITED,-1.09
0,TRITURBINEEQN,-4.0,TRITURBINE,EQ,N,526.0,208383,535.0,540.0,525.05,530.0,110745145.35,787.6,428.35,61499169603.29,2026-10-05 16:00:27,0,0.83,-8.89,03-Oct-2025,04-Sep-2026,33.21482986287455,-22.796778335473327,,,TRIVENI TURBINE LIMITED,-0.75
0,IIFLCAPSEQN,0.4,IIFLCAPS,EQ,N,346.0,319157,346.9,346.9,341.55,345.6,110131505.99,411.3,240.4,41414187265.29,2026-10-05 16:00:27,0,17.43,1.41,03-Oct-2025,04-Sep-2026,15.87648918064673,-43.92678868552412,,,IIFL CAPITAL SERVICES LIMITED,0.12
0,ASHAPURMINEQN,-1.9,ASHAPURMIN,EQ,N,488.05,223978,493.95,501.95,487.0,489.95,110107584.8,924.9,455.1,24365251604.09,2026-10-05 16:00:27,0,-29.34,-11.42,03-Oct-2025,04-Sep-2026,47.23213320358958,-7.240166996264557,,,ASHAPURA MINECHEM LIMITED,-0.39
0,IMFAEQN,-15.8,IMFA,EQ,N,1161.0,93925,1187.5,1204.8,1148.2,1176.8,109488372.5,1679.9,1064.1,17265006872.58,2026-10-05 16:00:27,0,-0.79,-9.89,03-Oct-2025,04-Sep-2026,30.888743377582,-9.106287003101212,,,INDIAN METALS & FERRO ALLOYS LIMITED,-1.34
0,RHIMEQN,-12.35,RHIM,EQ,N,372.5,289249,384.85,387.45,371.65,384.85,109396864.29,508.3,323.05,22969403325.83,2026-10-05 16:00:27,0,-15.82,0.31,03-Oct-2025,04-Sep-2026,26.71650600039347,-15.30722798328432,,,RHI MAGNESITA INDIA LIMITED,-3.21
0,AIAENGEQN,37.7,AIAENG,EQ,N,3862.1,27893,3827.0,3894.9,3802.5,3824.4,107518868.17,5180.0,3053.3,149583907388.33,2026-10-05 16:00:27,0,19.78,-8.72,03-Oct-2025,04-Sep-2026,25.442084942084943,-26.489372154717845,,,AIA ENGINEERING LIMITED,0.99
0,MAPMYINDIAEQN,27.35,MAPMYINDIA,EQ,N,873.1,124043,854.45,880.0,853.05,845.75,107464653.05,1998.0,795.0,15091455432.76,2026-10-05 16:00:27,0,-47.69,-10.19,03-Oct-2025,04-Sep-2026,56.3013013013013,-9.823899371069182,,,C.E. INFO SYSTEMS LIMITED,3.23
0,BORORENEWEQN,-4.8,BORORENEW,EQ,N,444.8,241002,455.9,458.9,440.5,449.6,107318190.6,721.0,374.4,26471743641.32,2026-10-05 16:00:27,0,-28.86,-10.89,03-Oct-2025,04-Sep-2026,38.30790568654646,-18.803418803418804,,,BOROSIL RENEWABLES LIMITED,-1.07
0,ZAGGLEEQN,-1.73,ZAGGLE,EQ,N,170.0,621589,172.0,175.5,169.29,171.73,106795206.09,405.4,154.36,11844767045.02,2026-10-05 16:00:27,0,-51.05,-5.96,03-Oct-2025,04-Sep-2026,58.06610754810064,-10.13215859030837,,,ZAGGLE PREPAID OCEAN SERVICES LIMITED,-1.01
0,MEDPLUSEQN,-12.6,MEDPLUS,EQ,N,641.7,163503,651.3,655.55,640.1,654.3,106236074.25,1022.2,640.1,46272277638.45,2026-10-05 16:00:27,0,-14.06,-5.12,03-Oct-2025,04-Sep-2026,37.22363529641949,-0.2499609436025621,,,MEDPLUS HEALTH SERVICES LIMITED,-1.93
0,SARDAENEQN,3.8,SARDAEN,EQ,N,498.55,207207,495.0,503.5,490.0,494.75,102888635.85,624.0,453.1,45952911333.97,2026-10-05 16:00:27,0,-13.67,-1.97,03-Oct-2025,04-Sep-2026,20.104166666666668,-10.03089825645553,,,SARDA ENERGY & MINERALS LIMITED,0.77
0,HEXTEQN,7.55,HEXT,EQ,N,498.0,206834,493.95,505.9,489.8,490.45,102666192.58,807.75,400.2,73379764718.28,2026-10-05 16:00:27,0,-25.54,-5.79,03-Oct-2025,04-Sep-2026,38.347260909935,-24.43778110944528,,,HEXAWARE TECHNOLOGIES LIMITED,1.54
0,GMRP&UIEQN,-1.07,GMRP&UI,EQ,N,100.8,1003861,102.55,103.49,100.6,101.87,102313513.12,136.3,86.8,29271666542.88,2026-10-05 16:00:27,0,-13.08,5.77,03-Oct-2025,04-Sep-2026,26.045487894350696,-16.129032258064516,,,GMR POWER AND URBAN INFRA LIMITED,-1.05
0,JBMAEQN,-1.65,JBMA,EQ,N,543.0,186164,550.0,557.0,540.6,544.65,101898727.04,738.5,477.0,21897094019.9,2026-10-05 16:00:27,0,-20.47,-13.2,03-Oct-2025,04-Sep-2026,26.472579553148275,-13.836477987421384,,,JBM AUTO LIMITED,-0.3
0,ACCEQN,0.2,ACC,EQ,N,1183.0,85873,1189.0,1199.4,1174.6,1182.8,101805876.42,1987.0,1166.1,70786539713.13,2026-10-05 16:00:27,0,-36.02,-7.85,03-Oct-2025,04-Sep-2026,40.463009562154,-1.4492753623188406,,,ACC LIMITED,0.02
0,WAAREERTLEQN,-0.2,WAAREERTL,EQ,N,808.6,124142,809.95,831.0,807.2,808.8,101390495.66,1358.0,779.5,20790188081.83,2026-10-05 16:00:27,0,-22.78,-5.86,03-Oct-2025,04-Sep-2026,40.456553755522826,-3.7331622835150737,,,WAAREE RENEWABLE TECHNOLOGIES LIMITED,-0.02
0,EMBDLEQN,0.26,EMBDL,EQ,N,56.39,1777659,57.48,58.3,55.35,56.13,100082201.7,99.21,39.46,31703740619.3,2026-10-05 16:00:27,0,-41.67,-1.98,03-Oct-2025,04-Sep-2026,43.16097167624231,-42.904206791687784,,,EMBASSY DEVELOPMENTS LIMITED,0.46
0,INDIAMARTEQN,-27.3,INDIAMART,EQ,N,1593.0,61789,1620.3,1648.0,1565.1,1620.3,98684447.68,2525.9,1565.1,48715680228.2,2026-10-05 16:00:27,0,-32.82,-7.73,03-Oct-2025,04-Sep-2026,36.93337028385922,-1.7826336975273145,,,INDIAMART INTERMESH LIMITED,-1.68
0,TIPSMUSICEQN,-6.2,TIPSMUSIC,EQ,N,638.0,152414,653.3,653.95,635.7,644.2,98317698.98,741.0,481.15,29164092055.61,2026-10-05 16:00:27,0,10.3,-1.81,03-Oct-2025,04-Sep-2026,13.900134952766532,-32.5989816065676,,,TIPS MUSIC LIMITED,-0.96
0,RELIGAREEQN,-1.38,RELIGARE,EQ,N,223.21,435896,224.85,227.29,222.36,224.59,97614550.24,280.0,196.51,51863708221.83,2026-10-05 16:00:27,0,-11.41,-13.17,03-Oct-2025,04-Sep-2026,20.28214285714286,-13.587094804335658,,,RELIGARE ENTERPRISES LIMITED,-0.61
0,CHOLAHLDNGEQN,33.3,CHOLAHLDNG,EQ,N,1402.9,69925,1379.9,1409.7,1366.1,1369.6,97244697.5,2064.0,1305.0,138734221204.26,2026-10-05 16:00:27,0,-23.81,-8.05,03-Oct-2025,04-Sep-2026,32.03003875968992,-7.501915708812261,,,CHOLAMANDALAM FINANCIAL HOLDINGS LIMITED,2.43
0,NORTHARCEQN,0.65,NORTHARC,EQ,N,289.35,326239,292.7,295.0,288.4,288.7,95088881.33,334.0,206.0,23797666247.72,2026-10-05 16:00:27,0,1.28,-4.24,03-Oct-2025,04-Sep-2026,13.368263473053892,-40.46116504854369,,,NORTHERN ARC CAPITAL LIMITED,0.23
0,HGINFRAEQN,-16.1,HGINFRA,EQ,N,403.8,231876,422.0,426.4,402.1,419.9,94848877.8,976.45,402.1,7425219209.54,2026-10-05 16:00:27,0,-57.73,-16.22,03-Oct-2025,04-Sep-2026,58.64611603256695,-0.4227804028848545,,,H.G. INFRA ENGINEERING LIMITED,-3.83
0,AKUMSEQN,-14.9,AKUMS,EQ,N,798.2,117017,819.0,825.0,796.35,813.1,94452611.89,838.8,409.3,27763475478.45,2026-10-05 16:00:27,0,78.89,4.24,03-Oct-2025,04-Sep-2026,4.840247973295184,-95.01588077204984,,,AKUMS DRUGS AND PHARMACEUTICALS LIMITED,-1.83
0,SUVENEQN,-2.9,SUVEN,EQ,N,305.4,303251,309.0,316.0,305.2,308.3,93349755.33,403.35,124.11,22629607949.43,2026-10-05 16:00:27,0,46.38,-19.21,03-Oct-2025,04-Sep-2026,24.284120490888807,-146.07203287406332,,,SUVEN LIFE SCIENCES LIMITED,-0.94
0,RATNAMANIEQN,-39.4,RATNAMANI,EQ,N,2580.0,36107,2619.4,2619.5,2550.0,2619.4,93231162.56,3345.0,1936.5,67319494068.86,2026-10-05 16:00:27,0,6.82,-5.39,03-Oct-2025,04-Sep-2026,22.869955156950674,-33.23005422153369,,,RATNAMANI METALS & TUBES LIMITED,-1.5
0,WEBELSOLAREQN,-0.46,WEBELSOLAR,EQ,N,68.24,1356882,69.2,69.6,67.21,68.7,92552921.22,137.9,50.4,20766887759.4,2026-10-05 16:00:27,0,-43.56,-8.44,03-Oct-2025,04-Sep-2026,50.514865844815084,-35.3968253968254,,,WEBSOL ENERGY SYSTEM LIMITED,-0.67
0,SANDUMAEQN,-1.42,SANDUMA,EQ,N,176.25,513160,177.7,181.48,176.25,177.67,91434848.8,273.0,166.5,22158216068.6,2026-10-05 16:00:27,0,-9.4,-10.91,03-Oct-2025,04-Sep-2026,35.43956043956044,-5.8558558558558556,,,SANDUR MANGANESE & IRON ORES LIMITED,-0.8
0,GAELEQN,1.56,GAEL,EQ,N,159.25,578700,158.04,161.2,155.49,157.69,91232055.0,184.99,101.2,21721293709.0,2026-10-05 16:00:27,0,49.11,-5.1,03-Oct-2025,04-Sep-2026,13.914265635980323,-57.36166007905138,,,GUJARAT AMBUJA EXPORTS LIMITED,0.99
0,KNRCONEQN,-1.25,KNRCON,EQ,N,112.04,801628,116.0,116.16,111.16,113.29,90672143.08,204.6,108.65,16104575226.44,2026-10-05 16:00:27,0,-43.43,-10.12,03-Oct-2025,04-Sep-2026,45.2394916911046,-3.120110446387483,,,KNR CONSTRUCTIONS LIMITED,-1.1
0,POWERMECHEQN,-47.7,POWERMECH,EQ,N,2428.5,37067,2476.1,2492.4,2410.1,2476.2,90449040.05,3007.5,1717.7,31963323945.13,2026-10-05 16:00:27,0,-12.43,5.31,03-Oct-2025,04-Sep-2026,19.251870324189525,-41.38091634161961,,,POWER MECH PROJECTS LIMITED,-1.93
0,BECTORFOODEQN,-3.17,BECTORFOOD,EQ,N,209.86,428214,213.03,213.99,208.61,213.03,90348871.86,279.9,165.0,32983141049.47,2026-10-05 16:00:27,0,-14.26,-7.13,03-Oct-2025,04-Sep-2026,25.023222579492675,-27.187878787878788,,,MRS. BECTORS FOOD SPECIALITIES LIMITED,-1.49
0,QUESSEQN,6.7,QUESS,EQ,N,342.9,262863,337.6,345.95,335.1,336.2,89567938.62,388.75,166.3,21418609551.84,2026-10-05 16:00:27,0,33.35,-3.34,03-Oct-2025,04-Sep-2026,11.794212218649518,-106.19362597714974,,,QUESS CORP LIMITED,1.99
0,SAPPHIREEQN,2.83,SAPPHIRE,EQ,N,212.65,417142,210.0,213.51,208.29,209.82,87858448.04,310.5,139.91,50183890788.54,2026-10-05 16:00:27,0,-27.6,-6.91,03-Oct-2025,04-Sep-2026,31.513687600644122,-51.99056536344793,,,SAPPHIRE FOODS INDIA LIMITED,1.35
0,TANLAEQN,1.25,TANLA,EQ,N,489.0,178184,492.05,496.0,486.1,487.75,87363615.2,748.45,365.9,33172934459.67,2026-10-05 16:00:27,0,-32.49,-6.17,03-Oct-2025,04-Sep-2026,34.66497428017904,-33.64307187756218,,,TANLA PLATFORMS LIMITED,0.26
0,SFLEQN,1.4,SFL,EQ,N,618.05,140174,622.85,634.85,615.7,616.65,87021420.94,832.45,456.8,23446482369.49,2026-10-05 16:00:27,0,-8.64,-4.44,03-Oct-2025,04-Sep-2026,25.755300618655774,-35.29991243432575,,,SHEELA FOAM LIMITED,0.23
0,TRIDENTEQN,-0.29,TRIDENT,EQ,N,21.87,3963387,22.15,22.33,21.8,22.16,86996344.65,30.94,21.8,27228708705.24,2026-10-05 16:00:27,0,-23.56,-9.48,03-Oct-2025,04-Sep-2026,29.314802844214608,-0.3211009174311927,,,TRIDENT LIMITED,-1.31
0,NEPHROPLUSEQN,-10.75,NEPHROPLUS,EQ,N,638.2,135567,653.5,658.0,635.0,648.95,86860488.24,781.5,446.0,15967140064.37,2026-10-05 16:00:27,0,0.0,-8.44,,04-Sep-2026,18.336532309660907,-43.09417040358744,,,NEPHROCARE HEALTH SERVICES LIMITED,-1.66
0,TBOTEKEQN,-21.2,TBOTEK,EQ,N,1650.3,52113,1684.8,1700.0,1643.2,1671.5,86830159.47,1764.8,1004.2,57006310546.17,2026-10-05 16:00:27,0,3.11,-2.29,03-Oct-2025,04-Sep-2026,6.487987307343609,-64.3397729535949,,,TBO TEK LIMITED,-1.27
0,INDIAGLYCOEQN,4.2,INDIAGLYCO,EQ,N,303.0,285941,300.0,307.8,296.05,298.8,86751639.99,1222.0,217.0,6787275909.93,2026-10-05 16:00:27,0,-67.27,16.36,03-Oct-2025,04-Sep-2026,75.20458265139116,-39.63133640552996,,,INDIA GLYCOLS LIMITED,1.41
0,HERITGFOODEQN,-5.9,HERITGFOOD,EQ,N,397.0,217577,402.9,407.0,389.75,402.9,86728367.97,503.8,292.55,16737537499.32,2026-10-05 16:00:27,0,-20.54,3.83,03-Oct-2025,04-Sep-2026,21.198888447796744,-35.70329858143907,,,HERITAGE FOODS LIMITED,-1.46
0,ARVINDFASNEQN,5.3,ARVINDFASN,EQ,N,385.0,225104,383.45,389.0,376.1,379.7,86466948.48,569.0,366.2,33151306771.62,2026-10-05 16:00:27,0,-28.59,-13.77,03-Oct-2025,04-Sep-2026,32.33743409490334,-5.133806663025669,,,ARVIND FASHIONS LIMITED,1.4
0,CEATLTDEQN,2.4,CEATLTD,EQ,N,3289.0,26355,3286.6,3313.4,3244.1,3286.6,86338980.0,4438.0,3061.2,68488662668.09,2026-10-05 16:00:27,0,-6.33,-1.33,03-Oct-2025,04-Sep-2026,25.890040558810274,-7.441526198876257,,,CEAT LIMITED,0.07
0,APOLLOTYREEQN,-4.6,APOLLOTYRE,EQ,N,400.15,213763,404.95,406.25,399.5,404.75,85932726.0,540.5,365.3,129283824121.03,2026-10-05 16:00:27,0,-15.43,-6.84,03-Oct-2025,04-Sep-2026,25.966697502312673,-9.54010402408979,,,APOLLO TYRES LIMITED,-1.14
0,SAREGAMAEQN,4.0,SAREGAMA,EQ,N,498.75,171908,497.95,500.05,488.85,494.75,85176975.84,574.5,307.05,35823633896.14,2026-10-05 16:00:27,0,5.47,1.22,03-Oct-2025,04-Sep-2026,13.18537859007833,-62.432828529555444,,,SAREGAMA INDIA LIMITED,0.81
0,PICCADILEQN,11.95,PICCADIL,EQ,N,593.0,144930,581.0,595.0,579.1,581.05,85066663.5,809.7,515.0,15525906944.76,2026-10-05 16:00:27,0,-14.0,-3.69,03-Oct-2025,04-Sep-2026,26.76299864147215,-15.145631067961165,,,PICCADILY AGRO INDUSTRIES LIMITED,2.06
0,DBREALTYEQN,-0.2,DBREALTY,EQ,N,91.5,903606,91.74,92.79,89.25,91.7,82264290.24,164.6,83.5,22828973141.71,2026-10-05 16:00:27,0,-43.49,-10.79,03-Oct-2025,04-Sep-2026,44.410692588092346,-9.580838323353293,,,VALOR ESTATE LIMITED,-0.22
0,WAKEFITEQN,-1.78,WAKEFIT,EQ,N,138.1,586481,140.12,144.5,137.3,139.88,82242230.63,224.0,111.4,14922859955.38,2026-10-05 16:00:27,0,0.0,-8.87,,04-Sep-2026,38.348214285714285,-23.967684021543985,,,WAKEFIT INNOVATIONS LIMITED,-1.27
0,IONEXCHANGEQN,-4.9,IONEXCHANG,EQ,N,401.5,203327,405.05,410.0,397.1,406.4,81780152.67,486.0,312.7,33778372409.78,2026-10-05 16:00:27,0,-2.25,-1.88,03-Oct-2025,04-Sep-2026,17.386831275720166,-28.39782539174928,,,ION EXCHANGE (INDIA) LIMITED,-1.21
0,CEIGALLEQN,2.85,CEIGALL,EQ,N,382.95,214295,380.1,386.5,373.2,380.1,81526389.8,405.7,222.61,12001547811.3,2026-10-05 16:00:27,0,46.95,7.63,03-Oct-2025,04-Sep-2026,5.607591816613261,-72.02731233996676,,,CEIGALL INDIA LIMITED,0.75
0,SUNDRMFASTEQN,-9.0,SUNDRMFAST,EQ,N,1114.6,72126,1128.9,1138.0,1110.1,1123.6,80543104.2,1347.2,730.1,123051800326.95,2026-10-05 16:00:27,0,8.68,-8.06,03-Oct-2025,04-Sep-2026,17.26543942992874,-52.664018627585264,,,SUNDRAM FASTENERS LIMITED,-0.8
0,AIILEQN,12.05,AIIL,EQ,N,551.35,146383,540.6,553.9,539.0,539.3,80168113.78,683.0,400.0,145608115570.86,2026-10-05 16:00:27,0,-13.61,6.05,03-Oct-2025,04-Sep-2026,19.275256222547583,-37.8375,,,AUTHUM INVESTMENT & INFRASTRUCTURE LIMITED,2.23
0,RAMCOCEMEQN,7.85,RAMCOCEM,EQ,N,838.7,93347,832.0,845.65,823.45,830.85,77749649.77,1214.5,816.15,105549234457.88,2026-10-05 16:00:27,0,-15.26,-5.18,03-Oct-2025,04-Sep-2026,30.942774804446273,-2.7629724928015684,,,THE RAMCO CEMENTS LIMITED,0.94
0,ICILEQN,5.35,ICIL,EQ,N,449.0,171574,445.9,456.6,443.55,443.65,76971527.88,485.95,216.9,35285464361.1,2026-10-05 16:00:27,0,65.74,-0.18,03-Oct-2025,04-Sep-2026,7.603662928284803,-107.00783771323191,,,INDO COUNT INDUSTRIES LIMITED,1.21
0,TTMLEQN,-0.63,TTML,EQ,N,34.19,2248833,34.6,34.8,33.91,34.82,76955065.26,60.08,31.22,17206480269.69,2026-10-05 16:00:27,0,-39.52,-9.41,03-Oct-2025,04-Sep-2026,43.09254327563249,-9.51313260730301,,,TATA TELESERVICES (MAHARASHTRA) LIMITED,-1.81
0,CONCORDBIOEQN,-21.4,CONCORDBIO,EQ,N,1352.7,55394,1394.7,1398.7,1352.5,1374.1,75787301.1,1667.6,987.0,44689987969.02,2026-10-05 16:00:27,0,-15.3,-4.54,03-Oct-2025,04-Sep-2026,18.883425281842168,-37.0516717325228,,,CONCORD BIOTECH LIMITED,-1.56
0,VESUVIUSEQN,-14.1,VESUVIUS,EQ,N,390.0,190997,404.1,412.65,387.95,404.1,75695931.04,607.9,383.0,34709684621.67,2026-10-05 16:00:27,0,-22.7,-6.95,03-Oct-2025,04-Sep-2026,35.84471130120085,-1.8276762402088773,,,VESUVIUS INDIA LIMITED,-3.49
0,RCFEQN,0.32,RCF,EQ,N,107.12,704178,106.99,108.47,106.3,106.8,75480839.82,157.2,106.0,14689885515.81,2026-10-05 16:00:27,0,-28.17,-6.79,03-Oct-2025,04-Sep-2026,31.857506361323153,-1.0566037735849056,,,RASHTRIYA CHEMICALS AND FERTILIZERS LIMITED,0.3
0,KSCLEQN,-12.2,KSCL,EQ,N,702.9,106240,722.55,726.0,698.0,715.1,75018188.8,1095.9,685.0,13962019178.45,2026-10-05 16:00:27,0,-32.57,-5.54,03-Oct-2025,04-Sep-2026,35.860936216808106,-2.613138686131387,,,KAVERI SEED COMPANY LIMITED,-1.71
0,BIRETRRN,2.75,BIRET,RR,N,333.0,223984,330.35,333.6,330.0,330.25,74382846.56,375.69,312.05,222884093977.55,2026-10-05 16:00:27,0,-4.08,-2.57,03-Oct-2025,04-Sep-2026,11.363091910883973,-6.713667681461304,,,BROOKFIELD INDIA REAL ESTATE TRUST,0.83
0,OSWALPUMPSEQN,-0.4,OSWALPUMPS,EQ,N,263.85,278244,265.0,268.45,261.6,264.25,73690140.96,790.0,259.2,7357564762.01,2026-10-05 16:00:27,0,-64.97,-5.5,03-Oct-2025,04-Sep-2026,66.60126582278481,-1.7939814814814814,,,OSWAL PUMPS LIMITED,-0.15
0,GSFCEQN,0.41,GSFC,EQ,N,147.31,492857,147.59,150.2,147.0,146.9,72982264.56,199.99,138.83,32737167616.72,2026-10-05 16:00:27,0,-26.13,-9.56,03-Oct-2025,04-Sep-2026,26.341317065853293,-6.1081898725059425,,,GUJARAT STATE FERTILIZERS & CHEMICALS LIMITED,0.28
0,RTNPOWEREQN,-0.03,RTNPOWER,EQ,N,6.71,10445792,6.74,6.83,6.69,6.74,70509096.0,11.94,6.66,18011388272.19,2026-10-05 16:00:27,0,-42.45,-8.83,03-Oct-2025,04-Sep-2026,43.802345058626464,-0.7507507507507507,,,RATTANINDIA POWER LIMITED,-0.45
0,ROUTEEQN,-5.4,ROUTE,EQ,N,431.0,160190,438.35,446.65,429.5,436.4,69825219.1,815.0,410.7,6830463535.47,2026-10-05 16:00:27,0,-45.76,-14.07,03-Oct-2025,04-Sep-2026,47.11656441717791,-4.942780618456294,,,ROUTE MOBILE LIMITED,-1.24
0,MGLEQN,-3.4,MGL,EQ,N,1042.0,66059,1043.2,1053.8,1036.0,1045.4,68935208.86,1335.4,900.0,59274518625.82,2026-10-05 16:00:27,0,-18.68,-4.98,03-Oct-2025,04-Sep-2026,21.97094503519545,-15.777777777777779,,,MAHANAGAR GAS LIMITED,-0.33
0,KITEXEQN,0.62,KITEX,EQ,N,117.3,568407,118.65,123.63,117.2,116.68,68078106.39,232.7,114.36,9994989524.94,2026-10-05 16:00:27,0,-37.6,-8.96,03-Oct-2025,04-Sep-2026,49.59174903308981,-2.570828961175236,,,KITEX GARMENTS LIMITED,0.53
0,SAFARIEQN,-73.0,SAFARI,EQ,N,1305.8,51092,1389.5,1389.5,1300.0,1378.8,67833315.64,2507.1,1300.0,30451181609.41,2026-10-05 16:00:27,0,-39.93,-15.23,03-Oct-2025,04-Sep-2026,47.9159187906346,-0.4461538461538462,,,SAFARI INDUSTRIES (INDIA) LIMITED,-5.29
0,KRBLEQN,5.65,KRBL,EQ,N,381.55,178218,375.9,384.2,375.0,375.9,67810166.82,452.8,274.65,29326595521.18,2026-10-05 16:00:27,0,9.48,-9.57,03-Oct-2025,04-Sep-2026,15.735424028268552,-38.92226470052795,,,KRBL LIMITED,1.5
0,GLAXOEQN,-37.1,GLAXO,EQ,N,2734.0,24366,2771.1,2785.3,2710.1,2771.1,66861278.64,3120.7,2088.1,112838728981.55,2026-10-05 16:00:27,0,-0.43,-7.58,03-Oct-2025,04-Sep-2026,12.39145063607524,-30.932426607921077,,,GLAXOSMITHKLINE PHARMACEUTICALS LIMITED,-1.34
0,UBLEQN,-2.8,UBL,EQ,N,1186.0,56186,1180.2,1192.6,1171.5,1188.8,66346676.24,1844.0,1140.3,85243162813.61,2026-10-05 16:00:27,0,-34.09,-7.3,03-Oct-2025,04-Sep-2026,35.68329718004338,-4.007717267385775,,,UNITED BREWERIES LIMITED,-0.24
0,TIMKENEQN,28.5,TIMKEN,EQ,N,3127.3,21117,3110.0,3149.9,3103.8,3098.8,66170119.5,3925.0,2800.5,112159603618.09,2026-10-05 16:00:27,0,1.67,0.06,03-Oct-2025,04-Sep-2026,20.32356687898089,-11.66934475986431,,,TIMKEN INDIA LIMITED,0.92
0,SHARDACROPEQN,9.7,SHARDACROP,EQ,N,718.9,91626,712.5,729.7,711.25,709.2,66044020.8,1297.0,697.6,16357587258.02,2026-10-05 16:00:27,0,-15.51,-6.44,03-Oct-2025,04-Sep-2026,44.57208943716268,-3.0533256880733943,,,SHARDA CROPCHEM LIMITED,1.37
0,JKPAPEREQN,2.15,JKPAPER,EQ,N,384.75,164425,382.6,390.55,380.05,382.6,63451607.5,444.8,304.85,29640755817.08,2026-10-05 16:00:27,0,-9.74,-5.19,03-Oct-2025,04-Sep-2026,13.50044964028777,-26.20961128423815,,,JK PAPER LIMITED,0.56
0,WESTLIFEEQN,0.55,WESTLIFE,EQ,N,588.6,106325,591.0,606.5,586.0,588.05,63276134.0,695.0,398.4,39620052401.73,2026-10-05 16:00:27,0,-12.9,10.93,03-Oct-2025,04-Sep-2026,15.309352517985612,-47.74096385542169,,,WESTLIFE FOODWORLD LIMITED,0.09
0,VMARTEQN,21.9,VMART,EQ,N,768.0,81245,751.0,775.0,744.4,746.1,62090678.8,888.0,457.9,34244692013.73,2026-10-05 16:00:27,0,-8.86,-6.82,03-Oct-2025,04-Sep-2026,13.513513513513514,-67.7222100895392,,,V-MART RETAIL LIMITED,2.94
0,ZYDUSWELLEQN,-8.3,ZYDUSWELL,EQ,N,484.95,126114,499.75,502.1,482.0,493.25,61696229.94,611.85,367.55,46424128750.94,2026-10-05 16:00:27,0,4.41,-8.79,03-Oct-2025,04-Sep-2026,20.740377543515567,-31.94123248537614,,,ZYDUS WELLNESS LIMITED,-1.68
0,CRAMCEQN,4.36,CRAMC,EQ,N,220.88,278457,219.0,224.0,218.69,216.52,61572411.84,353.4,214.2,10979249371.31,2026-10-05 16:00:27,0,0.0,-12.17,,04-Sep-2026,37.49858517260894,-3.118580765639589,,,CANARA ROBECO ASSET MANAGEMENT COMPANY LIMITED,2.01
0,ALKYLAMINEEQN,4.6,ALKYLAMINE,EQ,N,1746.0,35207,1741.4,1770.0,1715.0,1741.4,61103860.92,2115.0,1212.0,23885707570.85,2026-10-05 16:00:27,0,-7.35,-13.6,03-Oct-2025,04-Sep-2026,17.4468085106383,-44.05940594059406,,,ALKYL AMINES CHEMICALS LIMITED,0.26
0,VGUARDEQN,1.5,VGUARD,EQ,N,296.05,204357,297.3,302.7,295.3,294.55,60894298.86,384.0,288.8,56313763217.39,2026-10-05 16:00:27,0,-19.4,-11.73,03-Oct-2025,04-Sep-2026,22.903645833333332,-2.510387811634349,,,V-GUARD INDUSTRIES LIMITED,0.51
0,HONAUTEQN,525.0,HONAUT,EQ,N,33995.0,1798,33845.0,34140.0,33595.0,33470.0,60850613.0,41495.0,26220.0,74224867983.24,2026-10-05 16:00:27,0,-4.8,-4.66,03-Oct-2025,04-Sep-2026,18.074466803229306,-29.65293668954996,,,HONEYWELL AUTOMATION INDIA LIMITED,1.57
0,CMRGREENEQN,-2.88,CMRGREEN,EQ,N,220.5,272408,224.57,225.6,220.1,223.38,60766052.56,268.96,205.25,7277461455.56,2026-10-05 16:00:27,0,0.0,-3.43,,04-Sep-2026,18.017549077929804,-7.429963459196102,,,CMR GREEN TECHNOLOGIES LIMITED,-1.29
0,SAMHIEQN,-4.07,SAMHI,EQ,N,150.3,397768,154.35,155.99,150.0,154.37,60373227.04,217.3,127.0,27004792511.84,2026-10-05 16:00:27,0,-25.36,-2.4,03-Oct-2025,04-Sep-2026,30.83294983893235,-18.346456692913385,,,SAMHI HOTELS LIMITED,-2.64
0,RALLISEQN,-2.59,RALLIS,EQ,N,197.1,299393,200.0,200.88,197.0,199.69,59315741.16,315.0,196.76,16883980247.17,2026-10-05 16:00:27,0,-36.77,-5.61,03-Oct-2025,04-Sep-2026,37.42857142857143,-0.17279934946127262,,,RALLIS INDIA LIMITED,-1.3
0,CAPILLARYEQN,-10.7,CAPILLARY,EQ,N,544.0,108170,560.0,564.7,538.0,554.7,59207931.2,798.95,438.15,12983258249.83,2026-10-05 16:00:27,0,0.0,11.01,,04-Sep-2026,31.910632705425872,-24.15839324432272,,,CAPILLARY TECHNOLOGIES INDIA LIMITED,-1.93
0,POWERICAEQN,-2.15,POWERICA,EQ,N,587.0,100209,589.05,600.35,584.0,589.15,59152370.61,676.95,365.1,16349611975.5,2026-10-05 16:00:27,0,0.0,11.8,,04-Sep-2026,13.287539700125564,-60.77786907696522,,,POWERICA LIMITED,-0.36
0,INDIGOPNTSEQN,-18.5,INDIGOPNTS,EQ,N,1035.0,56278,1049.3,1064.2,1033.1,1053.5,58688386.74,1345.9,708.05,22874659601.19,2026-10-05 16:00:27,0,-4.53,-12.72,03-Oct-2025,04-Sep-2026,23.099784530797237,-46.17611750582586,,,INDIGO PAINTS LIMITED,-1.76
0,NUVOCOEQN,4.55,NUVOCO,EQ,N,326.65,179658,324.0,329.45,322.0,322.1,58582880.64,439.85,276.25,32589900260.39,2026-10-05 16:00:27,0,-23.02,-7.24,03-Oct-2025,04-Sep-2026,25.73604637944754,-18.244343891402714,,,NUVOCO VISTAS CORPORATION LIMITED,1.41
0,ERISEQN,-8.6,ERIS,EQ,N,1181.2,49205,1189.8,1210.5,1177.0,1189.8,58420604.45,1740.0,1162.9,63767808702.64,2026-10-05 16:00:27,0,-25.86,-10.63,03-Oct-2025,04-Sep-2026,32.11494252873563,-1.5736520767047897,,,ERIS LIFESCIENCES LIMITED,-0.72
0,GODREJINDEQN,20.6,GODREJIND,EQ,N,1040.2,55338,1020.0,1046.0,1009.5,1019.6,57143678.94,1443.0,744.2,44775602233.05,2026-10-05 16:00:27,0,-10.43,-10.6,03-Oct-2025,04-Sep-2026,27.914067914067914,-39.774254232733135,,,GODREJ INDUSTRIES LIMITED,2.02
0,ASHOKAEQN,1.18,ASHOKA,EQ,N,106.49,538732,105.35,106.65,104.36,105.31,56890099.2,214.5,101.0,13525080877.28,2026-10-05 16:00:27,0,-43.59,-7.84,03-Oct-2025,04-Sep-2026,50.354312354312356,-5.435643564356436,,,ASHOKA BUILDCON LIMITED,1.12
0,SHILCTECHEQN,17.0,SHILCTECH,EQ,N,4050.0,13865,4035.0,4078.3,3969.0,4033.0,55800108.45,5399.0,2852.5,17235005924.58,2026-10-05 16:00:27,0,0.0,-0.38,,04-Sep-2026,24.98610853861826,-41.980718667835234,,,SHILCHAR TECHNOLOGIES LIMITED,0.42
0,CANHLIFEEQN,-1.52,CANHLIFE,EQ,N,142.33,384965,142.4,147.5,141.13,143.85,55438809.65,166.69,106.0,50805550688.0,2026-10-05 16:00:27,0,0.0,-9.48,,04-Sep-2026,14.613954046433498,-34.27358490566038,,,CANARA HSBC LIFE INSURANCE COMPANY LIMITED,-1.06
0,PNCINFRAEQN,-1.69,PNCINFRA,EQ,N,136.47,400817,140.23,140.23,136.45,138.16,55372868.55,295.9,116.4,15429636490.02,2026-10-05 16:00:27,0,-53.78,-25.47,03-Oct-2025,04-Sep-2026,53.87968908415005,-17.242268041237114,,,PNC INFRATECH LIMITED,-1.22
0,VTLEQN,-0.3,VTL,EQ,N,528.95,102074,532.0,538.9,527.65,529.25,54299285.04,688.0,385.5,52852123175.24,2026-10-05 16:00:27,0,29.66,-11.58,03-Oct-2025,04-Sep-2026,23.117732558139537,-37.21141374837873,,,VARDHMAN TEXTILES LIMITED,-0.06
0,NETWORK18EQN,0.02,NETWORK18,EQ,N,25.45,2117185,25.52,26.02,25.3,25.43,54157592.3,53.24,25.02,16593961061.54,2026-10-05 16:00:27,0,-51.35,-10.32,03-Oct-2025,04-Sep-2026,52.19759579263712,-1.7186250999200638,,,NETWORK18 MEDIA & INVESTMENTS LIMITED,0.08
0,VIPINDEQN,2.55,VIPIND,EQ,N,283.3,190807,282.95,288.75,279.0,280.75,54103324.85,447.3,277.85,22718826475.29,2026-10-05 16:00:27,0,-32.65,-9.79,03-Oct-2025,04-Sep-2026,36.664431030628215,-1.961490012596725,,,VIP INDUSTRIES LIMITED,0.91
0,MMTCEQN,-0.29,MMTC,EQ,N,56.0,943031,57.56,57.69,56.0,56.29,53469857.7,78.35,50.1,8497070685.0,2026-10-05 16:00:27,0,-19.57,-12.75,03-Oct-2025,04-Sep-2026,28.52584556477345,-11.776447105788423,,,MMTC LIMITED,-0.52
0,UTIAMCEQN,13.3,UTIAMC,EQ,N,897.0,58676,883.7,898.0,879.85,883.7,52220466.48,1409.0,866.0,37375780421.22,2026-10-05 16:00:27,0,-31.76,1.87,03-Oct-2025,04-Sep-2026,36.337828246983676,-3.579676674364896,,,UTI ASSET MANAGEMENT COMPANY LIMITED,1.51
0,GOKULAGROEQN,-2.81,GOKULAGRO,EQ,N,207.29,251467,210.1,211.89,204.1,210.1,52053669.0,259.8,151.0,15597648214.58,2026-10-05 16:00:27,0,2.53,-10.33,03-Oct-2025,04-Sep-2026,20.211701308699,-37.27814569536424,,,GOKUL AGRO RESOURCES LIMITED,-1.34
0,KIRLOSBROSEQN,-22.6,KIRLOSBROS,EQ,N,1745.0,29626,1769.8,1790.6,1736.2,1767.6,51913047.28,2189.2,1335.0,44031390198.89,2026-10-05 16:00:27,0,-12.92,-6.28,03-Oct-2025,04-Sep-2026,20.290517083866252,-30.711610486891384,,,KIRLOSKAR BROTHERS LIMITED,-1.28
0,TVSSCSEQN,-1.29,TVSSCS,EQ,N,127.13,402736,128.32,130.99,126.95,128.42,51675056.16,146.5,90.32,15936268236.19,2026-10-05 16:00:27,0,-0.18,-2.52,03-Oct-2025,04-Sep-2026,13.22184300341297,-40.75509300265722,,,TVS SUPPLY CHAIN SOLUTIONS LIMITED,-1.0
0,JYOTHYLABEQN,-2.03,JYOTHYLAB,EQ,N,180.88,276917,182.91,183.17,180.0,182.91,50169052.89,325.0,180.0,24480726479.13,2026-10-05 16:00:27,0,-42.36,-10.25,03-Oct-2025,04-Sep-2026,44.34461538461539,-0.4888888888888889,,,JYOTHY LABS LIMITED,-1.11
0,FACTEQN,-2.95,FACT,EQ,N,732.0,66812,740.0,745.6,729.05,734.95,49156260.88,1058.6,652.1,45457879504.14,2026-10-05 16:00:27,0,-18.73,-8.66,03-Oct-2025,04-Sep-2026,30.852068770073682,-12.252721975157185,,,FERTILIZERS AND CHEMICALS TRAVANCORE LIMITED,-0.4
0,JKCEMENTEQN,18.0,JKCEMENT,EQ,N,4970.0,9705,4983.0,5014.5,4903.5,4952.0,47984528.55,6764.5,4671.5,207910489553.16,2026-10-05 16:00:27,0,-21.34,-2.23,03-Oct-2025,04-Sep-2026,26.52819868430778,-6.389810553355454,,,JK CEMENT LIMITED,0.36
0,PGHLEQN,-60.0,PGHL,EQ,N,5300.0,8910,5360.0,5403.5,5280.0,5360.0,47627781.3,6975.0,4707.0,42065455030.42,2026-10-05 16:00:27,0,-15.49,-6.36,03-Oct-2025,04-Sep-2026,24.014336917562723,-12.598257913745485,,,PROCTER & GAMBLE HEALTH LIMITED,-1.12
0,DATAMATICSEQN,-22.8,DATAMATICS,EQ,N,767.5,61398,790.95,799.0,766.05,790.3,47624586.66,1010.0,632.0,15245501133.91,2026-10-05 16:00:27,0,-13.53,0.34,03-Oct-2025,04-Sep-2026,24.00990099009901,-21.439873417721518,,,DATAMATICS GLOBAL SERVICES LIMITED,-2.88
0,BATAINDIAEQN,-2.0,BATAINDIA,EQ,N,611.0,76879,613.0,617.9,608.0,613.0,47151428.28,1238.0,605.0,38897369035.83,2026-10-05 16:00:27,0,-49.56,-9.18,03-Oct-2025,04-Sep-2026,50.646203554119545,-0.9917355371900827,,,BATA INDIA LIMITED,-0.33
0,BANCOINDIAEQN,1.4,BANCOINDIA,EQ,N,591.25,79775,590.35,597.8,579.7,589.85,46909295.5,879.8,502.0,26336819158.6,2026-10-05 16:00:27,0,-30.27,-5.17,03-Oct-2025,04-Sep-2026,32.79722664241873,-17.778884462151396,,,BANCO PRODUCTS (I) LIMITED,0.24
0,JUSTDIALEQN,-3.2,JUSTDIAL,EQ,N,649.95,70392,653.15,666.1,648.0,653.15,46101128.64,878.6,480.5,14320929934.73,2026-10-05 16:00:27,0,-21.9,-6.19,03-Oct-2025,04-Sep-2026,26.024356931481904,-35.26534859521332,,,JUST DIAL LIMITED,-0.49
0,EIHOTELEQN,0.35,EIHOTEL,EQ,N,298.2,145139,297.8,299.85,294.1,297.85,43159984.43,413.95,271.15,58952496283.87,2026-10-05 16:00:27,0,-24.17,2.16,03-Oct-2025,04-Sep-2026,27.96231428916536,-9.976028028766365,,,EIH LIMITED,0.12
0,KIRLPNUEQN,-6.85,KIRLPNU,EQ,N,675.1,63113,685.0,694.0,668.0,681.95,42799449.82,1098.55,495.05,51588574679.27,2026-10-05 16:00:27,0,10.69,-11.22,03-Oct-2025,04-Sep-2026,38.54626553183742,-36.37006362993637,,,KIRLOSKAR PNEUMATIC COMPANY LIMITED,-1.0
0,KANSAINEREQN,1.73,KANSAINER,EQ,N,177.0,241586,175.4,177.59,175.17,175.27,42690662.06,264.0,157.91,35642414400.16,2026-10-05 16:00:27,0,-29.86,-8.86,03-Oct-2025,04-Sep-2026,32.95454545454545,-12.08916471407764,,,KANSAI NEROLAC PAINTS LIMITED,0.99
0,INDIACEMEQN,3.15,INDIACEM,EQ,N,298.3,143087,295.0,302.0,290.0,295.15,42690006.45,485.8,290.0,20513557674.24,2026-10-05 16:00:27,0,-22.87,-17.71,03-Oct-2025,04-Sep-2026,38.59613009468917,-2.8620689655172415,,,THE INDIA CEMENTS LIMITED,1.07
0,ASAHIINDIAEQN,6.75,ASAHIINDIA,EQ,N,951.0,45021,950.0,952.9,938.0,944.25,42569156.34,1074.0,775.1,114344777830.33,2026-10-05 16:00:27,0,6.19,-0.51,03-Oct-2025,04-Sep-2026,11.452513966480447,-22.693845955360597,,,ASAHI INDIA GLASS LIMITED,0.71
0,VAIBHAVGBLEQN,-2.54,VAIBHAVGBL,EQ,N,200.99,211892,205.0,208.99,198.15,203.53,42552151.44,293.25,174.13,12050311641.75,2026-10-05 16:00:27,0,-10.92,-8.11,03-Oct-2025,04-Sep-2026,31.461210571184996,-15.425256991902602,,,VAIBHAV GLOBAL LIMITED,-1.25
0,FINPIPEEQN,-1.49,FINPIPE,EQ,N,149.0,284792,150.98,151.56,148.1,150.49,42530837.28,206.69,147.54,41750770300.32,2026-10-05 16:00:27,0,-27.63,-6.07,03-Oct-2025,04-Sep-2026,27.911364845904494,-0.9895621526365731,,,FINOLEX INDUSTRIES LIMITED,-0.99
0,LUMAXINDEQN,-90.0,LUMAXIND,EQ,N,5460.0,7726,5504.5,5595.5,5430.0,5550.0,42438608.96,6934.5,4480.0,12157261679.95,2026-10-05 16:00:27,0,2.9,-11.67,03-Oct-2025,04-Sep-2026,21.26324897252866,-21.875,,,LUMAX INDUSTRIES LIMITED,-1.62
0,ITIEQN,-0.54,ITI,EQ,N,241.0,171192,241.7,245.49,238.55,241.54,41471262.0,372.85,237.0,23127345584.98,2026-10-05 16:00:27,0,-23.7,-11.56,03-Oct-2025,04-Sep-2026,35.362746412766526,-1.6877637130801688,,,ITI LIMITED,-0.22
0,WEWORKEQN,-8.9,WEWORK,EQ,N,650.7,62860,656.4,664.2,645.05,659.6,40935689.2,794.5,420.0,33343714121.16,2026-10-05 16:00:27,0,0.0,-2.44,,04-Sep-2026,18.099433606041536,-54.92857142857143,,,WEWORK INDIA MANAGEMENT LIMITED,-1.35
0,IFBINDEQN,7.9,IFBIND,EQ,N,1174.1,34216,1175.0,1201.8,1140.0,1166.2,40311922.56,2019.8,883.2,11931623051.2,2026-10-05 16:00:27,0,-32.04,-10.08,03-Oct-2025,04-Sep-2026,41.87048222596297,-32.937047101449274,,,IFB INDUSTRIES LIMITED,0.68
0,ADVENZYMESEQN,-0.7,ADVENZYMES,EQ,N,273.55,145809,274.45,276.25,270.45,274.25,39851057.79,419.0,251.95,12816917418.28,2026-10-05 16:00:27,0,-17.31,-6.7,03-Oct-2025,04-Sep-2026,34.71360381861575,-8.573129589204207,,,ADVANCED ENZYME TECHNOLOGIES LIMITED,-0.26
0,DOMSEQN,-14.5,DOMS,EQ,N,2083.0,18688,2109.9,2109.9,2053.0,2097.5,38804510.72,2755.0,2020.0,46210384419.62,2026-10-05 16:00:27,0,-16.71,-5.69,03-Oct-2025,04-Sep-2026,24.39201451905626,-3.118811881188119,,,DOMS INDUSTRIES LIMITED,-0.69
0,CAMPUSEQN,-2.82,CAMPUS,EQ,N,203.01,186812,206.35,208.99,203.01,205.83,38337558.64,287.8,199.54,17413292785.07,2026-10-05 16:00:27,0,-26.43,-9.06,03-Oct-2025,04-Sep-2026,29.461431549687283,-1.7389996993084094,,,CAMPUS ACTIVEWEAR LIMITED,-1.37
0,DBLEQN,-4.1,DBL,EQ,N,395.0,94930,398.05,405.15,393.1,399.1,37771697.7,538.2,381.55,23727646866.31,2026-10-05 16:00:27,0,-21.66,-1.5,03-Oct-2025,04-Sep-2026,26.607209215904867,-3.5250950072074434,,,DILIP BUILDCON LIMITED,-1.03
0,CERAEQN,-46.5,CERA,EQ,N,5050.0,7444,5096.5,5129.5,5014.5,5096.5,37674753.96,6740.0,4461.1,29115282005.14,2026-10-05 16:00:27,0,-17.87,-12.74,03-Oct-2025,04-Sep-2026,25.07418397626113,-13.200780076662706,,,CERA SANITARYWARE LIMITED,-0.91
0,DALBHARATEQN,-4.2,DALBHARAT,EQ,N,1677.9,20725,1682.1,1689.1,1655.0,1682.1,34601423.75,2319.9,1605.0,132793593977.45,2026-10-05 16:00:27,0,-25.55,-4.08,03-Oct-2025,04-Sep-2026,27.673606620975043,-4.542056074766355,,,DALMIA BHARAT LIMITED,-0.25
0,CIEINDIAEQN,0.2,CIEINDIA,EQ,N,376.55,91542,377.0,380.85,374.4,376.35,34599214.32,526.0,366.9,48069488579.89,2026-10-05 16:00:27,0,-8.67,-2.28,03-Oct-2025,04-Sep-2026,28.41254752851711,-2.630144453529572,,,CIE AUTOMOTIVE INDIA LIMITED,0.05
0,TARCEQN,-2.45,TARC,EQ,N,123.13,267733,125.21,126.99,122.4,125.58,33437174.37,186.3,109.1,12282572166.44,2026-10-05 16:00:27,0,-23.34,-3.04,03-Oct-2025,04-Sep-2026,33.907675791733766,-12.859761686526122,,,TARC LIMITED,-1.95
0,TARCEQN,-2.45,TARC,EQ,N,123.13,267733,125.21,126.99,122.4,125.58,33437174.37,186.3,109.1,12282572166.44,2026-10-05 16:00:27,0,-23.34,-3.04,03-Oct-2025,04-Sep-2026,33.907675791733766,-12.859761686526122,,,ANANT RAJ GLOBAL LIMITED,-1.95
0,BAGMANERRN,-0.43,BAGMANE,RR,N,106.3,308300,106.76,107.8,106.0,106.73,32849365.0,111.94,102.25,62245714200.0,2026-10-05 16:00:27,0,0.0,0.02,,04-Sep-2026,5.038413435769162,-3.960880195599022,,,BAGMANE PRIME OFFICE REIT,-0.4
0,PDSLEQN,-2.55,PDSL,EQ,N,345.0,94396,351.1,354.9,339.15,347.55,32486383.4,418.5,246.05,18582487573.23,2026-10-05 16:00:27,0,8.78,-3.77,03-Oct-2025,04-Sep-2026,17.56272401433692,-40.21540337329811,,,PDS LIMITED,-0.73
0,NFLEQN,-0.65,NFL,EQ,N,63.2,487718,63.99,64.45,63.12,63.85,31048127.88,98.3,62.81,7845668821.34,2026-10-05 16:00:27,0,-33.77,-10.37,03-Oct-2025,04-Sep-2026,35.707019328585965,-0.6209202356312689,,,NATIONAL FERTILIZERS LIMITED,-1.02
0,THOMASCOOKEQN,-0.85,THOMASCOOK,EQ,N,99.85,303908,100.7,101.95,99.21,100.7,30472855.16,169.0,86.35,15846368915.3,2026-10-05 16:00:27,0,-37.41,-10.57,03-Oct-2025,04-Sep-2026,40.917159763313606,-15.63404748118124,,,THOMAS COOK  (INDIA)  LIMITED,-0.84
0,BIRLACORPNEQN,-14.95,BIRLACORPN,EQ,N,814.0,36748,828.1,835.45,812.0,828.95,30079707.92,1346.1,769.6,23000490781.42,2026-10-05 16:00:27,0,-32.57,-8.27,03-Oct-2025,04-Sep-2026,39.529009731817844,-5.769230769230769,,,BIRLA CORPORATION LIMITED,-1.8
0,HCGEQN,2.15,HCG,EQ,N,670.9,40500,664.1,670.9,658.65,668.75,26940600.0,796.68,513.3,35654465201.89,2026-10-05 16:00:27,0,5.22,-4.18,03-Oct-2025,04-Sep-2026,15.788020284179344,-30.703292421585818,,,HEALTHCARE GLOBAL ENTERPRISES LIMITED,0.32
0,PURVAEQN,3.36,PURVA,EQ,N,208.0,126827,205.0,209.8,201.41,204.64,26048997.53,287.3,160.69,12261132343.47,2026-10-05 16:00:27,0,-22.16,-9.85,03-Oct-2025,04-Sep-2026,27.601809954751133,-29.44178231377186,,,PURAVANKARA LIMITED,1.64
0,RESPONINDEQN,-3.6,RESPONIND,EQ,N,158.99,150939,160.04,163.21,157.45,162.59,24124580.37,240.9,117.25,6864852914.46,2026-10-05 16:00:27,0,-16.01,2.64,03-Oct-2025,04-Sep-2026,34.00166044001661,-35.59914712153518,,,RESPONSIVE INDUSTRIES LIMITED,-2.21
0,SUNTECKEQN,0.05,SUNTECK,EQ,N,279.5,85315,280.9,282.25,276.6,279.45,23797766.1,472.5,268.55,14944941264.17,2026-10-05 16:00:27,0,-36.59,-6.68,03-Oct-2025,04-Sep-2026,40.84656084656085,-4.07745298827034,,,SUNTECK REALTY LIMITED,0.02
0,SUBROSEQN,-9.9,SUBROS,EQ,N,675.0,34316,680.1,697.5,672.9,684.9,23306740.88,1172.7,622.1,12897745764.33,2026-10-05 16:00:27,0,-36.72,-4.88,03-Oct-2025,04-Sep-2026,42.440521872601686,-8.503456036007073,,,SUBROS LIMITED,-1.45
0,JAIBALAJIEQN,-0.22,JAIBALAJI,EQ,N,61.5,375785,63.37,63.37,59.51,61.72,22847728.0,102.0,53.65,15930094701.27,2026-10-05 16:00:27,0,-38.71,-11.8,03-Oct-2025,04-Sep-2026,39.705882352941174,-14.631873252562908,,,JAI BALAJI INDUSTRIES LIMITED,-0.36
0,RELAXOEQN,-4.0,RELAXO,EQ,N,281.35,79688,285.2,288.45,280.8,285.35,22661673.44,454.75,236.5,20125844497.93,2026-10-05 16:00:27,0,-36.34,-18.39,03-Oct-2025,04-Sep-2026,38.13084112149533,-18.964059196617335,,,RELAXO FOOTWEARS LIMITED,-1.4
0,GUJALKALIEQN,2.4,GUJALKALI,EQ,N,606.0,29834,609.7,614.85,600.0,603.6,18084177.44,815.0,409.15,9927847470.66,2026-10-05 16:00:27,0,7.91,-16.02,03-Oct-2025,04-Sep-2026,25.644171779141104,-48.11193938653306,,,GUJARAT ALKALIES AND CHEMICALS LIMITED,0.4
0,GALLANTTEQN,-7.95,GALLANTT,EQ,N,522.2,31526,530.15,533.45,521.0,530.15,16592133.8,948.0,496.25,15560028871.31,2026-10-05 16:00:27,0,-22.07,-9.02,03-Oct-2025,04-Sep-2026,44.91561181434599,-5.2292191435768265,,,GALLANTT ISPAT LIMITED,-1.5
0,TTKPRESTIGEQN,13.05,TTKPRESTIG,EQ,N,519.45,25083,508.5,519.45,508.5,506.4,12840489.36,771.2,423.0,20422207374.74,2026-10-05 16:00:27,0,-19.33,-7.69,03-Oct-2025,04-Sep-2026,32.64393153526971,-22.80141843971631,,,TTK PRESTIGE LIMITED,2.58
