priority,identifier,change,symbol,series,marketType,lastPrice,totalTradedVolume,open,dayHigh,dayLow,previousClose,totalTradedValue,yearHigh,yearLow,ffmc,lastUpdateTime,stockIndClosePrice,perChange365d,perChange30d,date365dAgo,date30dAgo,nearWKH,nearWKL,chart30Path,chart365Path,companyName,pChange
1,NIFTY TOTAL MARKET,-43.1,NIFTY TOTAL MARKET,,,13269.05,2917402767,13343.65,13360.1,13268.1,13312.15,900851679597.56,13548.0,11436.55,,2026-08-27 15:39:59,0,3.57,1.55,26-Aug-2025,28-Jul-2026,2.0589754945379393,-16.023188811311105,,,,-0.32
0,HDFCBANKEQN,-16.2,HDFCBANK,EQ,N,711.0,46515020,728.15,728.15,710.0,727.2,33295451316.0,1020.5,710.0,10864520483153.61,2026-08-27 16:00:29,0,0.0,0.0,,,30.32827045565899,-0.14084507042253522,,,HDFC BANK LIMITED,-2.23
0,BBTCEQN,165.8,BBTC,EQ,N,1592.0,14319956,1450.0,1639.0,1449.0,1426.2,23055988357.36,2135.0,1314.6,27495189574.54,2026-08-27 16:00:29,0,0.0,0.0,,,25.433255269320842,-21.101475734063595,,,THE BOMBAY BURMAH TRADING CORPORATION LIMITED,11.63
0,ICICIBANKEQN,13.0,ICICIBANK,EQ,N,1443.0,11539716,1445.0,1453.8,1433.1,1430.0,16673966442.72,1480.0,1187.6,10312699576299.79,2026-08-27 16:00:29,0,0.0,0.0,,,2.5,-21.50555742674301,,,ICICI BANK LIMITED,0.91
0,BHARTIARTLEQN,-23.8,BHARTIARTL,EQ,N,1878.3,8757645,1915.0,1915.0,1878.3,1902.1,16582600807.5,2174.5,1740.5,5833291295881.75,2026-08-27 16:00:29,0,0.0,0.0,,,13.621522189008967,-7.917265153691468,,,BHARTI AIRTEL LIMITED,-1.25
0,ADANIPOWEREQN,7.8,ADANIPOWER,EQ,N,215.0,70024737,209.15,217.4,207.3,207.2,14894961807.27,254.2,116.7,889623119247.62,2026-08-27 16:00:29,0,0.0,0.0,,,15.420928402832416,-84.23307626392459,,,ADANI POWER LIMITED,3.76
0,ICICIAMCEQN,-129.8,ICICIAMC,EQ,N,3093.0,4775198,3099.7,3118.2,3060.7,3222.8,14747482743.3,3611.0,2530.0,150830232713.64,2026-08-27 16:00:29,0,0.0,0.0,,,14.34505677097757,-22.25296442687747,,,ICICI PRUDENTIAL ASSET MANAGEMENT COMPANY LIMITED,-4.03
0,RELIANCEEQN,-15.8,RELIANCE,EQ,N,1282.2,11271497,1305.0,1308.4,1282.2,1298.0,14564802993.46,1611.8,1249.8,8637849773726.32,2026-08-27 16:00:29,0,0.0,0.0,,,20.44918724407495,-2.5924147863658185,,,RELIANCE INDUSTRIES LIMITED,-1.22
0,KOTAKBANKEQN,7.5,KOTAKBANK,EQ,N,424.2,32914085,415.75,427.7,415.0,416.7,13967091969.75,453.2,345.5,3114714889377.22,2026-08-27 16:00:29,0,0.0,0.0,,,6.398940864960283,-22.778581765557163,,,KOTAK MAHINDRA BANK LIMITED,1.8
0,HINDCOPPEREQN,-17.55,HINDCOPPER,EQ,N,538.5,24102873,547.2,552.9,533.15,556.05,13076772717.42,760.05,226.7,176228613289.99,2026-08-27 16:00:29,0,0.0,0.0,,,29.149398065916717,-137.53859726510808,,,HINDUSTAN COPPER LIMITED,-3.16
0,ETERNALEQN,1.5,ETERNAL,EQ,N,328.5,34877860,329.0,330.9,325.3,327.0,11457377010.0,368.45,212.6,2368256397241.57,2026-08-27 16:00:29,0,0.0,0.0,,,10.842719500610666,-54.51552210724365,,,ETERNAL LIMITED,0.46
0,NETWEBEQN,23.2,NETWEB,EQ,N,5295.1,2077974,5380.0,5450.1,5250.0,5271.9,11071133775.9,5813.0,2190.7,103909705257.87,2026-08-27 16:00:29,0,0.0,0.0,,,8.90934113194564,-141.70812982151824,,,NETWEB TECHNOLOGIES INDIA LIMITED,0.44
0,WELCORPEQN,99.3,WELCORP,EQ,N,2406.0,4076090,2315.0,2437.3,2313.7,2306.7,9791624158.9,2437.3,710.0,314414904469.77,2026-08-27 16:00:29,0,0.0,0.0,,,1.2842079350100521,-238.8732394366197,,,WELSPUN CORP LIMITED,4.3
0,INOXINDIAEQN,233.6,INOXINDIA,EQ,N,2160.3,4484559,1935.9,2224.0,1916.9,1926.7,9511973866.95,2224.0,1068.2,48498514449.57,2026-08-27 16:00:29,0,0.0,0.0,,,2.8642086330935252,-102.23740872495787,,,INOX INDIA LIMITED,12.12
0,KALYANKJILEQN,18.7,KALYANKJIL,EQ,N,629.3,14631430,610.6,635.95,609.9,610.6,9154885751.0,648.95,327.05,241134876743.36,2026-08-27 16:00:29,0,0.0,0.0,,,3.0279682564142076,-92.41706161137441,,,KALYAN JEWELLERS INDIA LIMITED,3.06
0,AXISBANKEQN,1.0,AXISBANK,EQ,N,1256.0,7005789,1260.0,1268.7,1251.4,1255.0,8823020608.71,1418.3,1042.5,3600134625523.22,2026-08-27 16:00:29,0,0.0,0.0,,,11.443277162800536,-20.479616306954437,,,AXIS BANK LIMITED,0.08
0,BHELEQN,18.45,BHEL,EQ,N,433.95,19967976,416.0,438.2,416.0,415.5,8613386127.36,446.5,205.12,630822005501.87,2026-08-27 16:00:29,0,0.0,0.0,,,2.810750279955207,-111.55908736349454,,,BHARAT HEAVY ELECTRICALS LIMITED,4.44
0,BSEEQN,2.4,BSE,EQ,N,3328.0,2498105,3344.0,3386.6,3312.1,3325.6,8351090071.85,4446.8,2021.5,1356145927081.74,2026-08-27 16:00:29,0,0.0,0.0,,,25.159665377350006,-64.63022508038586,,,BSE LIMITED,0.07
0,LAURUSLABSEQN,42.4,LAURUSLABS,EQ,N,1929.4,4249869,1891.3,1930.0,1878.4,1887.0,8111002482.57,1930.0,823.1,749218796559.26,2026-08-27 16:00:29,0,0.0,0.0,,,0.031088082901554404,-134.40651196695418,,,LAURUS LABS LIMITED,2.25
0,SAILEQN,-1.9,SAIL,EQ,N,193.0,41844533,193.9,195.9,187.5,194.9,8034568781.33,209.7,118.1,278236532910.17,2026-08-27 16:00:29,0,0.0,0.0,,,7.963757749165475,-63.42082980524979,,,STEEL AUTHORITY OF INDIA LIMITED,-0.97
0,GVT&DEQN,67.8,GVT&D,EQ,N,4407.8,1777971,4420.2,4539.0,4359.6,4340.0,7912113187.68,5650.0,2523.2,544661027927.34,2026-08-27 16:00:29,0,0.0,0.0,,,21.985840707964602,-74.69086873811034,,,GE VERNOVA T&D INDIA LIMITED,1.56
0,INFYEQN,-9.2,INFY,EQ,N,1110.8,6933998,1120.0,1130.7,1107.2,1120.0,7714142114.98,1728.0,982.4,3886002287180.07,2026-08-27 16:00:29,0,0.0,0.0,,,35.717592592592595,-13.070032573289902,,,INFOSYS LIMITED,-0.82
0,TATASTEELEQN,-1.21,TATASTEEL,EQ,N,186.8,40921836,188.05,190.25,186.5,188.01,7703944845.36,224.4,153.05,1539784998181.04,2026-08-27 16:00:29,0,0.0,0.0,,,16.75579322638146,-22.051617118588698,,,TATA STEEL LIMITED,-0.64
0,LENSKARTEQN,-5.15,LENSKART,EQ,N,642.0,11600580,651.0,659.55,626.15,647.15,7552673614.8,673.9,356.1,214700909996.31,2026-08-27 16:00:29,0,0.0,0.0,,,4.733640005935599,-80.28643639427128,,,LENSKART SOLUTIONS LIMITED,-0.8
0,ADANIENSOLEQN,46.5,ADANIENSOL,EQ,N,1617.0,4514708,1590.0,1617.7,1581.9,1570.5,7250621048.0,1789.0,744.9,539108809188.61,2026-08-27 16:00:29,0,0.0,0.0,,,9.61430967020682,-117.07611759967781,,,ADANI ENERGY SOLUTIONS LIMITED,2.96
0,MCXEQN,-77.0,MCX,EQ,N,3273.0,2087896,3330.0,3362.0,3270.8,3350.0,6901394075.28,3480.0,1460.8,832631199101.13,2026-08-27 16:00:29,0,0.0,0.0,,,5.948275862068965,-124.0553121577218,,,MULTI COMMODITY EXCHANGE OF INDIA LIMITED,-2.3
0,IDEAEQN,-0.09,IDEA,EQ,N,14.97,430678395,15.12,15.26,14.91,15.06,6468789492.9,15.37,6.46,410985008496.26,2026-08-27 16:00:29,0,0.0,0.0,,,2.6024723487312946,-131.73374613003097,,,VODAFONE IDEA LIMITED,-0.6
0,M&MEQN,-68.2,M&M,EQ,N,3330.0,1853016,3410.0,3420.0,3330.0,3398.2,6233323462.08,3839.9,2896.0,2964639336508.19,2026-08-27 16:00:29,0,0.0,0.0,,,13.278991640407302,-14.986187845303867,,,MAHINDRA & MAHINDRA LIMITED,-2.01
0,PAYTMEQN,-37.0,PAYTM,EQ,N,1679.0,3395055,1720.4,1731.0,1679.0,1716.0,5799738505.95,1732.3,930.6,705788014989.01,2026-08-27 16:00:29,0,0.0,0.0,,,3.0768342665820008,-80.42123361272297,,,ONE 97 COMMUNICATIONS LIMITED,-2.16
0,TATAPOWEREQN,-12.0,TATAPOWER,EQ,N,352.0,16236355,359.2,359.2,348.1,364.0,5699934786.3,464.9,342.5,585468823709.73,2026-08-27 16:00:29,0,0.0,0.0,,,24.284792428479243,-2.7737226277372264,,,TATA POWER COMPANY LIMITED,-3.3
0,BAJFINANCEEQN,-2.0,BAJFINANCE,EQ,N,1083.0,5220239,1090.0,1107.0,1083.0,1085.0,5698047475.67,1176.4,787.9,2894563851369.76,2026-08-27 16:00:29,0,0.0,0.0,,,7.939476368582115,-37.45399162330245,,,BAJAJ FINANCE LIMITED,-0.18
0,ADANIENTEQN,57.0,ADANIENT,EQ,N,3169.0,1793570,3125.0,3169.0,3125.0,3112.0,5653906582.4,3245.0,1753.0,948735161732.24,2026-08-27 16:00:29,0,0.0,0.0,,,2.342064714946071,-80.77581289218483,,,ADANI ENTERPRISES LIMITED,1.83
0,TITANEQN,39.3,TITAN,EQ,N,5139.3,1101845,5100.0,5186.7,5069.5,5100.0,5651329949.65,5186.7,3303.1,2115905477355.81,2026-08-27 16:00:29,0,0.0,0.0,,,0.9138758748337092,-55.590203142502496,,,TITAN COMPANY LIMITED,0.77
0,CUPIDEQN,-6.63,CUPID,EQ,N,277.36,19879463,284.89,285.6,272.11,283.99,5498460671.17,299.0,32.87,187199213978.54,2026-08-27 16:00:29,0,0.0,0.0,,,7.237458193979933,-743.8089443261332,,,CUPID LIMITED,-2.33
0,HDFCAMCEQN,-92.9,HDFCAMC,EQ,N,2575.0,2101778,2667.9,2691.0,2559.9,2667.9,5442848379.92,2967.25,2205.6,523721474346.84,2026-08-27 16:00:29,0,0.0,0.0,,,13.219310809672255,-16.748277112803773,,,HDFC ASSET MANAGEMENT COMPANY LIMITED,-3.48
0,PINELABSEQN,2.37,PINELABS,EQ,N,169.25,31650500,170.2,173.1,168.5,166.88,5403373360.0,284.0,134.73,36705236622.59,2026-08-27 16:00:29,0,0.0,0.0,,,40.40492957746479,-25.621613597565503,,,PINE LABS LIMITED,1.42
0,HSCLEQN,11.1,HSCL,EQ,N,674.95,7924818,663.9,676.6,657.5,663.85,5287200825.06,819.5,418.5,158095508641.47,2026-08-27 16:00:29,0,0.0,0.0,,,17.638804148871262,-61.27837514934289,,,HIMADRI SPECIALITY CHEMICAL LIMITED,1.67
0,HCCEQN,1.32,HCC,EQ,N,25.2,202003226,24.11,26.03,24.11,23.88,5112701650.06,28.5,13.65,54876720097.55,2026-08-27 16:00:29,0,0.0,0.0,,,11.578947368421053,-84.61538461538461,,,HINDUSTAN CONSTRUCTION COMPANY LIMITED,5.53
0,VBLEQN,-2.5,VBL,EQ,N,418.75,11988613,423.55,425.05,415.75,421.25,5045767439.44,555.8,381.0,570977810907.49,2026-08-27 16:00:29,0,0.0,0.0,,,24.65815041381792,-9.908136482939632,,,VARUN BEVERAGES LIMITED,-0.59
0,SBINEQN,-9.1,SBIN,EQ,N,1042.9,4788716,1052.0,1054.4,1042.9,1052.0,5012157488.56,1234.7,798.5,4298715044914.81,2026-08-27 16:00:29,0,0.0,0.0,,,15.534137847250344,-30.60738885410144,,,STATE BANK OF INDIA,-0.87
0,CGPOWEREQN,32.85,CGPOWER,EQ,N,897.9,5431054,871.4,898.75,870.2,865.05,4837005313.48,980.9,525.5,614142873563.0,2026-08-27 16:00:29,0,0.0,0.0,,,8.461616882454889,-70.86584205518554,,,CG POWER AND INDUSTRIAL SOLUTIONS LIMITED,3.8
0,SHRIRAMFINEQN,-16.5,SHRIRAMFIN,EQ,N,1101.0,4358707,1112.0,1127.5,1091.5,1117.5,4802946417.44,1153.7,566.5,1537717964952.22,2026-08-27 16:00:29,0,0.0,0.0,,,4.567911935511831,-94.35127978817299,,,SHRIRAM FINANCE LIMITED,-1.48
0,DIVISLABEQN,35.0,DIVISLAB,EQ,N,9060.0,527307,9045.0,9150.0,9035.0,9025.0,4791211590.33,9150.0,5636.5,1148201951961.51,2026-08-27 16:00:29,0,0.0,0.0,,,0.9836065573770492,-60.738046660161444,,,DIVI'S LABORATORIES LIMITED,0.39
0,TMCVEQN,-9.75,TMCV,EQ,N,474.0,10010513,483.75,483.75,468.3,483.75,4729667077.11,509.0,306.3,987262451582.26,2026-08-27 16:00:29,0,0.0,0.0,,,6.8762278978389,-54.75024485798237,,,TATA MOTORS LIMITED,-2.02
0,HFCLEQN,9.78,HFCL,EQ,N,245.67,19390535,238.3,247.44,237.27,235.89,4723728231.35,247.44,59.82,250877728746.86,2026-08-27 16:00:29,0,0.0,0.0,,,0.7153249272550921,-310.6820461384153,,,HFCL LIMITED,4.15
0,AMBEREQN,235.0,AMBER,EQ,N,7701.0,610657,7466.0,7760.0,7465.5,7466.0,4695775239.47,8974.0,5400.5,167817930639.32,2026-08-27 16:00:29,0,0.0,0.0,,,14.185424559839536,-42.597907601148044,,,AMBER ENTERPRISES INDIA LIMITED,3.15
0,LTEQN,-11.1,LT,EQ,N,4027.0,1161440,4058.0,4067.3,4023.0,4038.1,4695585776.0,4440.0,3288.1,4700639216870.2,2026-08-27 16:00:29,0,0.0,0.0,,,9.301801801801801,-22.47194428393297,,,LARSEN & TOUBRO LIMITED,-0.27
0,PFCEQN,-4.35,PFC,EQ,N,355.85,12745960,361.75,362.3,352.35,364.1,4530806401.2,486.5,329.9,516704261264.18,2026-08-27 16:00:29,0,0.0,0.0,,,26.855087358684482,-7.866020006062443,,,POWER FINANCE CORPORATION LIMITED,-1.21
0,GROWWEQN,1.01,GROWW,EQ,N,197.25,22896654,195.9,198.77,195.6,196.24,4518196733.82,227.2,112.0,151380567682.34,2026-08-27 16:00:29,0,0.0,0.0,,,13.182218309859154,-76.11607142857143,,,BILLIONBRAINS GARAGE VENTURES LIMITED,0.51
0,WHIRLPOOLEQN,72.3,WHIRLPOOL,EQ,N,844.0,5452955,777.85,858.7,772.0,771.7,4483146953.25,1437.0,751.0,64144455601.51,2026-08-27 16:00:29,0,0.0,0.0,,,41.266527487821854,-12.383488681757656,,,WHIRLPOOL OF INDIA LIMITED,9.37
0,POLYCABEQN,19.0,POLYCAB,EQ,N,9079.0,477929,9148.0,9188.0,8906.0,9060.0,4320215299.05,10126.0,6663.0,484255847316.84,2026-08-27 16:00:29,0,0.0,0.0,,,10.339719533873197,-36.25994296863275,,,POLYCAB INDIA LIMITED,0.21
0,NTPCEQN,-3.7,NTPC,EQ,N,330.9,12911842,335.0,335.95,328.4,334.6,4261940807.36,414.4,315.55,1564356382034.26,2026-08-27 16:00:29,0,0.0,0.0,,,20.1496138996139,-4.864522262715893,,,NTPC LIMITED,-1.11
0,MARUTIEQN,-80.0,MARUTI,EQ,N,13440.0,315555,13520.0,13580.0,13404.0,13520.0,4244492438.4,17370.0,12201.0,1748414344911.09,2026-08-27 16:00:29,0,0.0,0.0,,,22.625215889464595,-10.154905335628227,,,MARUTI SUZUKI INDIA LIMITED,-0.59
0,DIXONEQN,-24.0,DIXON,EQ,N,14711.0,279395,14735.0,14849.0,14684.0,14735.0,4124437371.85,18471.0,9600.0,609175855272.86,2026-08-27 16:00:29,0,0.0,0.0,,,20.356234096692113,-53.239583333333336,,,DIXON TECHNOLOGIES (INDIA) LIMITED,-0.16
0,ATHERENERGEQN,0.7,ATHERENERG,EQ,N,1495.3,2754306,1485.0,1513.0,1472.3,1494.6,4123223625.06,1580.0,413.3,294568251624.75,2026-08-27 16:00:29,0,0.0,0.0,,,5.360759493670886,-261.79530607307044,,,ATHER ENERGY LIMITED,0.05
0,LICHSGFINEQN,11.1,LICHSGFIN,EQ,N,535.5,7375648,528.2,543.4,523.4,524.4,3941029995.84,598.2,458.9,160551595799.22,2026-08-27 16:00:29,0,0.0,0.0,,,10.481444332998997,-16.69208977990848,,,LIC HOUSING FINANCE LIMITED,2.12
0,SOLARINDSEQN,483.0,SOLARINDS,EQ,N,20580.0,192655,20097.0,20649.0,20082.0,20097.0,3939933461.6,20649.0,11646.0,499919323636.56,2026-08-27 16:00:29,0,0.0,0.0,,,0.3341566177538864,-76.71303451828955,,,SOLAR INDUSTRIES INDIA LIMITED,2.4
0,NSLNISPEQN,3.63,NSLNISP,EQ,N,45.07,86668492,41.44,45.48,41.19,41.44,3858481263.84,53.75,33.01,51780925902.72,2026-08-27 16:00:29,0,0.0,0.0,,,16.148837209302325,-36.53438352014541,,,NMDC STEEL LIMITED,8.76
0,IFCIEQN,-1.28,IFCI,EQ,N,84.16,44599176,85.95,88.2,83.36,85.44,3856936740.48,95.8,46.23,55886119662.12,2026-08-27 16:00:29,0,0.0,0.0,,,12.150313152400836,-82.04629028769197,,,IFCI LIMITED,-1.5
0,TCSEQN,-21.6,TCS,EQ,N,2248.4,1709113,2270.0,2283.6,2243.9,2270.0,3854853098.11,3350.0,1976.8,2289146834481.64,2026-08-27 16:00:29,0,0.0,0.0,,,32.88358208955224,-13.739376770538243,,,TATA CONSULTANCY SERVICES LIMITED,-0.95
0,APARINDSEQN,772.0,APARINDS,EQ,N,17835.0,214866,17190.0,18075.0,17189.0,17063.0,3819305461.14,18465.0,6801.0,313222215129.66,2026-08-27 16:00:29,0,0.0,0.0,,,3.4118602761982126,-162.24084693427437,,,APAR INDUSTRIES LIMITED,4.52
0,VEDLEQN,-5.5,VEDL,EQ,N,281.0,13441814,289.0,291.0,279.2,286.5,3805108707.12,795.0,249.7,475179900308.98,2026-08-27 16:00:29,0,0.0,0.0,,,64.65408805031447,-12.535042050460552,,,VEDANTA LIMITED,-1.92
0,BELEQN,4.1,BEL,EQ,N,411.0,9156009,410.8,412.9,408.0,406.9,3757626093.6,473.45,361.2,1467961385058.78,2026-08-27 16:00:29,0,0.0,0.0,,,13.190410814235928,-13.787375415282392,,,BHARAT ELECTRONICS LIMITED,1.01
0,ULTRACEMCOEQN,0.0,ULTRACEMCO,EQ,N,11717.0,319993,11674.0,11815.0,11674.0,11717.0,3757617000.33,13110.0,10325.0,1382673342553.01,2026-08-27 16:00:29,0,0.0,0.0,,,10.625476735316552,-13.4818401937046,,,ULTRATECH CEMENT LIMITED,0.0
0,HINDALCOEQN,-29.0,HINDALCO,EQ,N,1024.0,3635432,1060.5,1061.8,1020.05,1053.0,3751256863.52,1176.0,697.0,1478502177492.04,2026-08-27 16:00:29,0,0.0,0.0,,,12.92517006802721,-46.91535150645624,,,HINDALCO INDUSTRIES LIMITED,-2.75
0,KAYNESEQN,-13.2,KAYNES,EQ,N,4018.8,919380,4020.0,4113.2,4004.0,4032.0,3729170768.4,7705.0,2995.0,125362607797.95,2026-08-27 16:00:29,0,0.0,0.0,,,47.84166125892278,-34.18363939899833,,,KAYNES TECHNOLOGY INDIA LIMITED,-0.33
0,ZYDUSLIFEEQN,39.2,ZYDUSLIFE,EQ,N,1189.2,3168135,1160.0,1195.4,1142.1,1150.0,3712008735.45,1205.0,835.5,294116624709.26,2026-08-27 16:00:29,0,0.0,0.0,,,1.3112033195020747,-42.333931777378815,,,ZYDUS LIFESCIENCES LIMITED,3.41
0,PCJEWELLEREQN,-0.27,PCJEWELLER,EQ,N,10.96,332871058,11.17,11.32,10.92,11.23,3694868743.8,15.38,7.47,43140052443.69,2026-08-27 16:00:29,0,0.0,0.0,,,28.738621586475944,-46.72021419009371,,,PC JEWELLER LIMITED,-2.4
0,MANAPPURAMEQN,-17.4,MANAPPURAM,EQ,N,348.0,10434499,365.4,369.9,346.0,365.4,3680039107.32,381.55,245.15,190467084804.36,2026-08-27 16:00:29,0,0.0,0.0,,,8.793080854409645,-41.95390577197634,,,MANAPPURAM FINANCE LIMITED,-4.76
0,INDUSTOWEREQN,2.25,INDUSTOWER,EQ,N,379.95,9414509,379.95,384.2,374.3,377.7,3557742951.1,481.5,312.55,488185234015.41,2026-08-27 16:00:29,0,0.0,0.0,,,21.090342679127726,-21.564549672052472,,,INDUS TOWERS LIMITED,0.6
0,JSWSTEELEQN,-3.5,JSWSTEEL,EQ,N,1337.5,2647838,1351.0,1351.0,1330.0,1341.0,3542621895.34,1351.0,1022.3,1250990653461.97,2026-08-27 16:00:29,0,0.0,0.0,,,0.999259807549963,-30.83243666242786,,,JSW STEEL LIMITED,-0.26
0,MUTHOOTFINEQN,-121.9,MUTHOOTFIN,EQ,N,3085.0,1120055,3198.7,3246.5,3059.1,3206.9,3492902718.05,4149.5,2604.2,329913494933.53,2026-08-27 16:00:29,0,0.0,0.0,,,25.653693216050126,-18.462483680208894,,,MUTHOOT FINANCE LIMITED,-3.8
0,ADANIPORTSEQN,22.5,ADANIPORTS,EQ,N,1714.0,2044450,1703.0,1719.0,1691.2,1691.5,3487463699.0,1891.1,1292.0,1260946736818.31,2026-08-27 16:00:29,0,0.0,0.0,,,9.364919887895933,-32.6625386996904,,,ADANI PORTS AND SPECIAL ECONOMIC ZONE LIMITED,1.33
0,ENRINEQN,-68.9,ENRIN,EQ,N,3257.0,1041630,3330.0,3341.0,3236.0,3325.9,3412931943.9,3968.0,2115.0,287246552541.49,2026-08-27 16:00:29,0,0.0,0.0,,,17.918346774193548,-53.995271867612296,,,SIEMENS ENERGY INDIA LIMITED,-2.07
0,COFORGEEQN,21.8,COFORGE,EQ,N,1901.8,1759661,1884.9,1909.1,1881.0,1880.0,3340294089.86,1989.7,1008.1,660436477513.94,2026-08-27 16:00:29,0,0.0,0.0,,,4.417751419812032,-88.65191945243528,,,COFORGE LIMITED,1.16
0,POLICYBZREQN,-2.1,POLICYBZR,EQ,N,1837.9,1734864,1852.0,1852.0,1821.1,1840.0,3194300991.36,1974.0,1364.0,634210047324.13,2026-08-27 16:00:29,0,0.0,0.0,,,6.894630192502533,-34.74340175953079,,,PB FINTECH LIMITED,-0.11
0,TECHMEQN,14.0,TECHM,EQ,N,1585.0,1979336,1571.6,1600.0,1571.6,1571.0,3144848210.24,1854.0,1304.1,1003876349482.61,2026-08-27 16:00:29,0,0.0,0.0,,,14.509169363538296,-21.53975922091864,,,TECH MAHINDRA LIMITED,0.89
0,HINDZINCEQN,-16.4,HINDZINC,EQ,N,610.1,4838968,629.5,631.4,610.05,626.5,2989320871.68,733.0,418.0,292580184734.28,2026-08-27 16:00:29,0,0.0,0.0,,,16.766712141882675,-45.95693779904306,,,HINDUSTAN ZINC LIMITED,-2.62
0,BHARATFORGEQN,45.0,BHARATFORG,EQ,N,2050.0,1465432,2006.0,2050.0,2006.0,2005.0,2978783626.4,2295.0,1100.5,544889159730.86,2026-08-27 16:00:29,0,0.0,0.0,,,10.675381263616558,-86.27896410722398,,,BHARAT FORGE LIMITED,2.24
0,EICHERMOTEQN,65.0,EICHERMOT,EQ,N,8100.0,369462,8015.0,8105.5,7987.0,8035.0,2977948696.26,8230.0,5960.0,1113280502340.28,2026-08-27 16:00:29,0,0.0,0.0,,,1.5795868772782502,-35.90604026845637,,,EICHER MOTORS LIMITED,0.81
0,POWERINDIAEQN,755.0,POWERINDIA,EQ,N,33880.0,87939,33395.0,34250.0,33290.0,33125.0,2971369112.22,38785.0,16111.0,429764186987.1,2026-08-27 16:00:29,0,0.0,0.0,,,12.64664174294186,-110.2911054558997,,,HITACHI ENERGY INDIA LIMITED,2.28
0,HEROMOTOCOEQN,-45.0,HEROMOTOCO,EQ,N,5550.0,533073,5594.5,5610.0,5511.5,5595.0,2959328105.85,6388.5,4671.5,718644840428.68,2026-08-27 16:00:29,0,0.0,0.0,,,13.125146748062926,-18.805522851332547,,,HERO MOTOCORP LIMITED,-0.8
0,CUMMINSINDEQN,-10.0,CUMMINSIND,EQ,N,5190.0,553728,5225.0,5270.0,5141.5,5200.0,2867701939.2,6100.0,3777.3,699116398596.0,2026-08-27 16:00:29,0,0.0,0.0,,,14.918032786885245,-37.39972996584862,,,CUMMINS INDIA LIMITED,-0.19
0,JINDALSAWEQN,7.55,JINDALSAW,EQ,N,310.0,8584804,303.8,316.95,303.4,302.45,2674509838.16,316.95,153.0,71987651278.32,2026-08-27 16:00:29,0,0.0,0.0,,,2.192774885628648,-102.61437908496733,,,JINDAL SAW LIMITED,2.5
0,ONGCEQN,-0.21,ONGC,EQ,N,232.0,11219541,232.21,234.44,231.1,232.21,2609889627.42,307.5,227.65,898682510588.44,2026-08-27 16:00:29,0,0.0,0.0,,,24.552845528455286,-1.910828025477707,,,OIL & NATURAL GAS CORPORATION LIMITED,-0.09
0,SWIGGYEQN,-1.85,SWIGGY,EQ,N,284.7,9150633,288.8,289.9,282.2,286.55,2609486012.61,474.0,235.75,402941721261.42,2026-08-27 16:00:29,0,0.0,0.0,,,39.936708860759495,-20.763520678685047,,,SWIGGY LIMITED,-0.65
0,ZEELEQN,-0.72,ZEEL,EQ,N,103.7,24740990,105.01,107.33,103.45,104.42,2603494377.7,121.8,68.0,94943213761.13,2026-08-27 16:00:29,0,0.0,0.0,,,14.860426929392446,-52.5,,,ZEE ENTERTAINMENT ENTERPRISES LIMITED,-0.69
0,BAJAJ-AUTOEQN,-4.0,BAJAJ-AUTO,EQ,N,11720.0,221294,11750.0,11822.0,11618.0,11724.0,2585506152.52,11927.0,8491.5,1272656772083.42,2026-08-27 16:00:29,0,0.0,0.0,,,1.7355579776976608,-38.02037331449096,,,BAJAJ AUTO LIMITED,-0.03
0,TVSMOTOREQN,-54.2,TVSMOTOR,EQ,N,4409.8,579869,4469.0,4469.0,4366.6,4464.0,2548970754.13,4484.5,3228.0,1033005146390.56,2026-08-27 16:00:29,0,0.0,0.0,,,1.6657375404169918,-36.61090458488228,,,TVS MOTOR COMPANY LIMITED,-1.21
0,TMPVEQN,2.9,TMPV,EQ,N,316.0,8028070,315.0,319.6,314.15,313.1,2540803874.3,739.7,294.3,658627073576.8,2026-08-27 16:00:29,0,0.0,0.0,,,57.2799783696093,-7.373428474345905,,,TATA MOTORS PASSENGER VEHICLES LIMITED,0.93
0,WABAGEQN,-29.4,WABAG,EQ,N,2125.9,1166272,2161.0,2215.0,2120.0,2155.3,2526693299.84,2253.5,1033.0,96775544199.32,2026-08-27 16:00:29,0,0.0,0.0,,,5.6623030840914135,-105.79864472410455,,,VA TECH WABAG LIMITED,-1.36
0,ASHOKLEYEQN,-1.65,ASHOKLEY,EQ,N,177.4,14150948,180.6,181.84,176.79,179.05,2518727234.52,215.42,125.85,506186054649.01,2026-08-27 16:00:29,0,0.0,0.0,,,17.649243338594374,-40.961462058005566,,,ASHOK LEYLAND LIMITED,-0.92
0,HCLTECHEQN,-16.5,HCLTECH,EQ,N,1282.0,1936771,1295.0,1304.7,1280.0,1298.5,2492430599.9,1780.1,1030.0,1347813101329.11,2026-08-27 16:00:29,0,0.0,0.0,,,27.981574068872536,-24.466019417475728,,,HCL TECHNOLOGIES LIMITED,-1.27
0,GRASIMEQN,-41.9,GRASIM,EQ,N,3258.0,733124,3289.0,3299.8,3258.0,3299.9,2402828572.48,3411.1,2502.5,1225858792452.71,2026-08-27 16:00:29,0,0.0,0.0,,,4.488288235466565,-30.18981018981019,,,GRASIM INDUSTRIES LIMITED,-1.27
0,ITCEQN,-1.25,ITC,EQ,N,269.0,8834890,269.5,271.25,268.0,270.25,2378440736.9,427.0,265.0,2585883284552.59,2026-08-27 16:00:29,0,0.0,0.0,,,37.002341920374704,-1.509433962264151,,,ITC LIMITED,-0.46
0,APOLLOHOSPEQN,33.5,APOLLOHOSP,EQ,N,8800.0,270047,8849.0,8868.0,8758.5,8766.5,2375246996.96,9050.0,6696.5,903076002077.52,2026-08-27 16:00:29,0,0.0,0.0,,,2.7624309392265194,-31.41193160606287,,,APOLLO HOSPITALS ENTERPRISE LIMITED,0.38
0,GODREJPROPEQN,34.3,GODREJPROP,EQ,N,2069.4,1142681,2035.0,2095.0,2023.9,2035.1,2361601676.32,2352.0,1434.0,279092387736.37,2026-08-27 16:00:29,0,0.0,0.0,,,12.01530612244898,-44.30962343096234,,,GODREJ PROPERTIES LIMITED,1.69
0,WOCKPHARMAEQN,88.9,WOCKPHARMA,EQ,N,1971.0,1210241,1883.1,1987.0,1874.0,1882.1,2360502456.04,2422.3,1086.7,162314843408.37,2026-08-27 16:00:29,0,0.0,0.0,,,18.631053131321472,-81.37480445385111,,,WOCKHARDT LIMITED,4.72
0,APLAPOLLOEQN,29.0,APLAPOLLO,EQ,N,2188.0,1061660,2159.0,2235.2,2154.9,2159.0,2335068087.0,2301.4,1578.0,397177336169.01,2026-08-27 16:00:29,0,0.0,0.0,,,4.927435474059268,-38.656527249683144,,,APL APOLLO TUBES LIMITED,1.34
0,CYIENTEQN,2.9,CYIENT,EQ,N,1050.6,2172515,1045.0,1059.0,1028.0,1047.7,2278685808.05,1284.7,750.3,83656610341.07,2026-08-27 16:00:29,0,0.0,0.0,,,18.222153031836225,-40.02399040383847,,,CYIENT LIMITED,0.28
0,LICIEQN,-1.35,LICI,EQ,N,413.95,5422128,417.45,421.25,412.7,415.3,2256093239.52,468.48,360.75,183276295883.03,2026-08-27 16:00:29,0,0.0,0.0,,,11.639771174863387,-14.747054747054747,,,LIFE INSURANCE CORPORATION OF INDIA,-0.33
0,ENTEROEQN,97.2,ENTERO,EQ,N,1745.2,1277994,1639.0,1786.4,1625.1,1648.0,2213140549.62,1786.4,944.0,28196255205.88,2026-08-27 16:00:29,0,0.0,0.0,,,2.3063143752798925,-84.87288135593221,,,ENTERO HEALTHCARE SOLUTIONS LIMITED,5.9
0,RRKABELEQN,13.4,RRKABEL,EQ,N,2824.0,773963,2819.0,2918.8,2790.0,2810.6,2205995780.38,2983.8,1165.0,92686058755.16,2026-08-27 16:00:29,0,0.0,0.0,,,5.355586835578793,-142.40343347639484,,,R R KABEL LIMITED,0.48
0,OFSSEQN,55.0,OFSS,EQ,N,11855.0,186762,11840.0,11916.0,11720.0,11800.0,2205788085.78,12060.0,6234.5,281973411371.82,2026-08-27 16:00:29,0,0.0,0.0,,,1.6998341625207296,-90.15157590825247,,,ORACLE FINANCIAL SERVICES SOFTWARE LIMITED,0.47
0,CDSLEQN,-23.2,CDSL,EQ,N,1410.8,1543936,1440.0,1445.0,1405.1,1434.0,2190814305.28,1673.7,1116.3,250615941140.4,2026-08-27 16:00:29,0,0.0,0.0,,,15.70771344924419,-26.381797007972768,,,CENTRAL DEPOSITORY SERVICES (INDIA) LIMITED,-1.62
0,SHYAMMETLEQN,-0.5,SHYAMMETL,EQ,N,1040.0,2075025,1040.5,1083.9,1031.0,1040.5,2181411531.75,1090.0,746.0,72895350402.59,2026-08-27 16:00:29,0,0.0,0.0,,,4.587155963302752,-39.41018766756032,,,SHYAM METALICS AND ENERGY LIMITED,-0.05
0,CARTRADEEQN,-74.5,CARTRADE,EQ,N,3067.7,669508,3125.0,3254.0,3060.0,3142.2,2123679376.0,3290.5,1600.0,130976509793.4,2026-08-27 16:00:29,0,0.0,0.0,,,6.771007445676949,-91.73125,,,CARTRADE TECH LIMITED,-2.37
0,SUNPHARMAEQN,13.8,SUNPHARMA,EQ,N,1913.3,1107552,1907.1,1925.0,1898.0,1899.5,2116919515.2,2046.9,1548.0,2020284329505.47,2026-08-27 16:00:29,0,0.0,0.0,,,6.526943182373345,-23.598191214470283,,,SUN PHARMACEUTICAL INDUSTRIES LIMITED,0.73
0,DCBBANKEQN,3.22,DCBBANK,EQ,N,217.05,9712688,214.5,220.5,214.5,213.83,2112121132.48,220.5,119.51,57684209264.2,2026-08-27 16:00:29,0,0.0,0.0,,,1.564625850340136,-81.61660112124508,,,DCB BANK LIMITED,1.51
0,HYUNDAIEQN,3.0,HYUNDAI,EQ,N,2253.0,928582,2247.0,2281.0,2247.0,2250.0,2104566102.26,2890.0,1658.0,320349996961.71,2026-08-27 16:00:29,0,0.0,0.0,,,22.041522491349482,-35.886610373944514,,,HYUNDAI MOTOR INDIA LIMITED,0.13
0,VIYASHEQN,-4.5,VIYASH,EQ,N,258.9,8009140,264.0,265.0,258.0,263.4,2098234497.2,298.0,167.95,40303102307.14,2026-08-27 16:00:29,0,0.0,0.0,,,13.120805369127517,-54.15302173265853,,,VIYASH SCIENTIFIC LIMITED,-1.71
0,LUPINEQN,-26.9,LUPIN,EQ,N,2158.1,964354,2169.6,2186.1,2144.7,2185.0,2090584462.44,2529.5,1875.0,522635718835.66,2026-08-27 16:00:29,0,0.0,0.0,,,14.682743625222376,-15.098666666666666,,,LUPIN LIMITED,-1.23
0,DATAPATTNSEQN,-108.4,DATAPATTNS,EQ,N,4671.0,443386,4755.0,4766.2,4637.2,4779.4,2084805405.86,5000.0,2131.0,140439176065.82,2026-08-27 16:00:29,0,0.0,0.0,,,6.58,-119.19286719849836,,,DATA PATTERNS (INDIA) LIMITED,-2.27
0,COCHINSHIPEQN,-4.0,COCHINSHIP,EQ,N,1543.0,1334290,1554.0,1577.9,1534.0,1547.0,2079010620.6,1979.9,1187.0,130238532392.44,2026-08-27 16:00:29,0,0.0,0.0,,,22.06677104904288,-29.991575400168493,,,COCHIN SHIPYARD LIMITED,-0.26
0,MOTHERSONEQN,1.0,MOTHERSON,EQ,N,166.0,12301325,166.0,167.94,164.77,165.0,2036853393.5,173.27,91.1,731310952939.96,2026-08-27 16:00:29,0,0.0,0.0,,,4.195763836786518,-82.21734357848518,,,SAMVARDHANA MOTHERSON INTERNATIONAL LIMITED,0.61
0,GRWRHITECHEQN,-35.5,GRWRHITECH,EQ,N,7080.0,286267,7134.5,7164.5,6980.0,7115.5,2021216780.2,7990.0,2681.0,61545812200.6,2026-08-27 16:00:29,0,0.0,0.0,,,11.389236545682103,-164.08056695262962,,,GARWARE HI-TECH FILMS LIMITED,-0.5
0,HAPPSTMNDSEQN,-28.05,HAPPSTMNDS,EQ,N,419.8,4662895,448.0,455.35,414.6,447.85,2011806047.75,596.0,330.2,34459264137.56,2026-08-27 16:00:29,0,0.0,0.0,,,29.563758389261746,-27.135069654754695,,,HAPPIEST MINDS TECHNOLOGIES LIMITED,-6.26
0,SHILPAMEDEQN,49.05,SHILPAMED,EQ,N,909.8,2274142,860.75,919.0,858.65,860.75,2008112868.84,919.0,259.5,105983755403.52,2026-08-27 16:00:29,0,0.0,0.0,,,1.001088139281828,-250.59730250481695,,,SHILPA MEDICARE LIMITED,5.7
0,RECLTDEQN,-1.3,RECLTD,EQ,N,320.9,6223407,323.15,324.55,317.3,322.2,1997340242.58,390.5,304.05,399704338131.6,2026-08-27 16:00:29,0,0.0,0.0,,,17.823303457106274,-5.541851669133366,,,REC LIMITED,-0.4
0,HINDUNILVREQN,-12.0,HINDUNILVR,EQ,N,2009.0,989046,2020.0,2028.0,2004.3,2021.0,1988922053.7,2750.0,2004.3,1777369021786.87,2026-08-27 16:00:29,0,0.0,0.0,,,26.945454545454545,-0.23449583395699247,,,HINDUSTAN UNILEVER LIMITED,-0.59
0,MEESHOEQN,-0.64,MEESHO,EQ,N,207.5,9320536,209.34,212.48,206.72,208.14,1946034711.44,254.4,125.56,115877127513.51,2026-08-27 16:00:29,0,0.0,0.0,,,18.43553459119497,-65.25963682701497,,,MEESHO LIMITED,-0.31
0,TDPOWERSYSEQN,10.8,TDPOWERSYS,EQ,N,738.6,2552484,730.2,765.5,730.2,727.8,1915383993.6,798.85,246.5,167939992519.0,2026-08-27 16:00:29,0,0.0,0.0,,,7.542091756900544,-199.63488843813388,,,TD POWER SYSTEMS LIMITED,1.48
0,POWERGRIDEQN,-0.3,POWERGRID,EQ,N,264.9,7118715,264.8,266.3,262.3,265.2,1880408567.25,324.95,250.0,1196259150565.26,2026-08-27 16:00:29,0,0.0,0.0,,,18.479766117864287,-5.96,,,POWER GRID CORPORATION OF INDIA LIMITED,-0.11
0,SIEMENSEQN,52.0,SIEMENS,EQ,N,4095.0,455385,4050.0,4128.8,4050.0,4043.0,1862843419.5,4149.4,2826.0,360977791041.32,2026-08-27 16:00:29,0,0.0,0.0,,,1.3110329204222297,-44.904458598726116,,,SIEMENS LIMITED,1.29
0,DELHIVERYEQN,17.0,DELHIVERY,EQ,N,466.0,4020754,450.0,466.65,449.15,449.0,1855537763.46,524.0,374.45,260390963009.49,2026-08-27 16:00:29,0,0.0,0.0,,,11.068702290076336,-24.449192148484443,,,DELHIVERY LIMITED,3.79
0,INDIGOEQN,-61.5,INDIGO,EQ,N,5189.0,352677,5255.0,5258.5,5178.0,5250.5,1837105073.31,6101.5,3895.2,1171297745457.75,2026-08-27 16:00:29,0,0.0,0.0,,,14.955338851102187,-33.2152392688437,,,INTERGLOBE AVIATION LIMITED,-1.17
0,JIOFINEQN,-2.9,JIOFIN,EQ,N,238.1,7638222,242.0,242.65,238.1,241.0,1832562222.24,321.6,223.3,779043223998.37,2026-08-27 16:00:29,0,0.0,0.0,,,25.963930348258707,-6.6278549037169725,,,JIO FINANCIAL SERVICES LIMITED,-1.2
0,JINDALSTELEQN,-5.4,JINDALSTEL,EQ,N,1170.0,1533812,1176.0,1196.4,1166.6,1175.4,1813134503.32,1306.2,943.3,432191332972.2,2026-08-27 16:00:29,0,0.0,0.0,,,10.427193385392743,-24.032651330435705,,,JINDAL STEEL LIMITED,-0.46
0,COALINDIAEQN,-3.5,COALINDIA,EQ,N,400.0,4430005,403.5,404.95,398.4,403.5,1775368803.8,491.25,368.65,955442283813.44,2026-08-27 16:00:29,0,0.0,0.0,,,18.575063613231553,-8.504001085040011,,,COAL INDIA LIMITED,-0.87
0,CHOLAFINEQN,7.3,CHOLAFIN,EQ,N,1875.4,942441,1872.0,1891.7,1860.8,1868.1,1767793130.16,1952.5,1299.4,810517020338.44,2026-08-27 16:00:29,0,0.0,0.0,,,3.948783610755442,-44.32815145451747,,,CHOLAMANDALAM INVESTMENT AND FINANCE COMPANY LIMITED,0.39
0,SAGILITYEQN,0.27,SAGILITY,EQ,N,44.27,38898220,44.13,45.23,43.9,44.0,1733693665.4,57.89,35.83,101652816022.56,2026-08-27 16:00:29,0,0.0,0.0,,,23.527379512869235,-23.55567959810215,,,SAGILITY LIMITED,0.61
0,MARICOEQN,0.5,MARICO,EQ,N,833.5,2081594,833.1,837.75,825.8,833.0,1730824595.06,889.1,690.3,439963384834.08,2026-08-27 16:00:29,0,0.0,0.0,,,6.253514790237318,-20.744603795451255,,,MARICO LIMITED,0.06
0,HDBFSEQN,-2.5,HDBFS,EQ,N,685.0,2515560,687.5,693.5,682.0,687.5,1726504294.8,801.5,555.3,144991446138.28,2026-08-27 16:00:29,0,0.0,0.0,,,14.53524641297567,-23.356744102287053,,,HDB FINANCIAL SERVICES LIMITED,-0.36
0,HALEQN,33.5,HAL,EQ,N,4899.0,351457,4900.0,4935.0,4875.0,4865.5,1719819683.8,5149.9,3479.1,926781659098.2,2026-08-27 16:00:29,0,0.0,0.0,,,4.871939260956523,-40.81227903768216,,,HINDUSTAN AERONAUTICS LIMITED,0.69
0,TRENTEQN,-29.7,TRENT,EQ,N,2878.5,591208,2908.2,2923.5,2868.2,2908.2,1706835232.24,3782.67,2183.67,955123329733.17,2026-08-27 16:00:29,0,0.0,0.0,,,23.90295743482778,-31.819368311145915,,,TRENT LIMITED,-1.02
0,MEDANTAEQN,64.1,MEDANTA,EQ,N,1523.0,1109587,1466.2,1544.0,1455.2,1458.9,1679315541.02,1544.0,956.0,130051705095.89,2026-08-27 16:00:29,0,0.0,0.0,,,1.3601036269430051,-59.30962343096234,,,GLOBAL HEALTH LIMITED,4.39
0,SBILIFEEQN,5.0,SBILIFE,EQ,N,1773.2,941103,1769.0,1798.9,1766.5,1768.2,1677817250.46,2132.0,1700.4,794649082008.17,2026-08-27 16:00:29,0,0.0,0.0,,,16.829268292682926,-4.281345565749236,,,SBI LIFE INSURANCE COMPANY LIMITED,0.28
0,DMARTEQN,20.5,DMART,EQ,N,3847.4,416843,3820.0,3874.4,3818.0,3826.9,1605720920.3,4949.5,3529.0,618268541930.45,2026-08-27 16:00:29,0,0.0,0.0,,,22.26689564602485,-9.02238594502692,,,AVENUE SUPERMARTS LIMITED,0.54
0,IDBIEQN,-2.76,IDBI,EQ,N,91.99,17091152,95.0,95.88,91.5,94.75,1605200995.84,118.38,61.01,51432911642.59,2026-08-27 16:00:29,0,0.0,0.0,,,22.29261699611421,-50.77856089165711,,,IDBI BANK LIMITED,-2.91
0,APOLLOEQN,-2.0,APOLLO,EQ,N,386.0,4108063,386.0,392.45,385.8,388.0,1597091652.51,466.5,179.5,64694002018.73,2026-08-27 16:00:29,0,0.0,0.0,,,17.256162915326904,-115.041782729805,,,APOLLO MICRO SYSTEMS LIMITED,-0.52
0,LGEINDIAEQN,26.6,LGEINDIA,EQ,N,1702.0,921188,1675.0,1716.9,1671.0,1675.4,1566986847.4,1755.0,1304.1,173290591677.6,2026-08-27 16:00:29,0,0.0,0.0,,,3.0199430199430197,-30.511463844797177,,,LG ELECTRONICS INDIA LIMITED,1.59
0,JSWENERGYEQN,-1.4,JSWENERGY,EQ,N,542.1,2902000,544.15,545.9,528.3,543.5,1564816440.0,617.35,427.75,331348762393.53,2026-08-27 16:00:29,0,0.0,0.0,,,12.189195756054103,-26.732904734073642,,,JSW ENERGY LIMITED,-0.26
0,TORNTPHARMEQN,109.0,TORNTPHARM,EQ,N,4999.0,317547,4885.0,4999.0,4877.5,4890.0,1563160037.67,5250.0,3480.6,731249758219.95,2026-08-27 16:00:29,0,0.0,0.0,,,4.780952380952381,-43.624662414526234,,,TORRENT PHARMACEUTICALS LIMITED,2.23
0,FEDERALBNKEQN,-0.5,FEDERALBNK,EQ,N,344.8,4512557,347.0,348.15,343.4,345.3,1558185932.1,371.7,188.4,849023137145.29,2026-08-27 16:00:29,0,0.0,0.0,,,7.237019101425881,-83.01486199575372,,,THE FEDERAL BANK  LIMITED,-0.14
0,DEVYANIEQN,-3.66,DEVYANI,EQ,N,145.7,10309728,151.8,155.95,145.0,149.36,1552232647.68,191.0,91.55,61867964047.1,2026-08-27 16:00:29,0,0.0,0.0,,,23.717277486910994,-59.14800655379574,,,DEVYANI INTERNATIONAL LIMITED,-2.45
0,SONACOMSEQN,24.0,SONACOMS,EQ,N,819.0,1914972,795.0,819.0,795.0,795.0,1552218854.04,844.0,402.3,367267349767.91,2026-08-27 16:00:29,0,0.0,0.0,,,2.962085308056872,-103.57941834451901,,,SONA BLW PRECISION FORGINGS LIMITED,3.02
0,PREMIERENEEQN,-5.0,PREMIERENE,EQ,N,1000.0,1498122,1003.0,1020.0,985.1,1005.0,1501462812.06,1134.0,660.0,118468633467.72,2026-08-27 16:00:29,0,0.0,0.0,,,11.81657848324515,-51.515151515151516,,,PREMIER ENERGIES LIMITED,-0.5
0,BALUFORGEEQN,-4.9,BALUFORGE,EQ,N,634.0,2329733,641.0,648.0,626.5,638.9,1483783650.37,697.0,341.05,30066233383.1,2026-08-27 16:00:29,0,0.0,0.0,,,9.038737446197992,-85.89649611493915,,,BALU FORGE INDUSTRIES LIMITED,-0.77
0,MAXHEALTHEQN,4.0,MAXHEALTH,EQ,N,1009.0,1471151,1006.1,1012.0,999.1,1005.0,1477050315.51,1221.9,903.0,748859388546.69,2026-08-27 16:00:29,0,0.0,0.0,,,17.4236844258941,-11.738648947951274,,,MAX HEALTHCARE INSTITUTE LIMITED,0.4
0,IIFLEQN,-18.05,IIFL,EQ,N,636.0,2283168,650.0,659.6,632.0,654.05,1466775618.24,705.0,409.1,147517811583.54,2026-08-27 16:00:29,0,0.0,0.0,,,9.787234042553191,-55.46321192862381,,,IIFL FINANCE LIMITED,-2.76
0,HINDPETROEQN,-4.5,HINDPETRO,EQ,N,371.0,3872498,375.45,376.25,368.9,375.5,1437858507.4,508.45,316.2,355274703954.88,2026-08-27 16:00:29,0,0.0,0.0,,,27.033139935096862,-17.33080328905756,,,HINDUSTAN PETROLEUM CORPORATION LIMITED,-1.2
0,BPCLEQN,0.0,BPCL,EQ,N,318.0,4497571,319.15,320.85,315.0,318.0,1433870610.51,391.65,266.6,642685430228.04,2026-08-27 16:00:29,0,0.0,0.0,,,18.805055534278054,-19.279819954988746,,,BHARAT PETROLEUM CORPORATION LIMITED,0.0
0,ABBEQN,-119.0,ABB,EQ,N,7490.0,189460,7600.0,7693.0,7490.0,7609.0,1431868579.8,7924.5,4637.5,391960665702.27,2026-08-27 16:00:29,0,0.0,0.0,,,5.4829957726039495,-61.509433962264154,,,ABB INDIA LIMITED,-1.56
0,SYRMAEQN,21.9,SYRMA,EQ,N,1496.0,957727,1471.0,1499.0,1467.1,1474.1,1422464026.75,1543.0,634.5,116160565835.66,2026-08-27 16:00:29,0,0.0,0.0,,,3.04601425793908,-135.77620173364855,,,SYRMA SGS TECHNOLOGY LIMITED,1.49
0,PIDILITINDEQN,6.0,PIDILITIND,EQ,N,1656.0,852620,1650.0,1668.5,1640.0,1650.0,1416559920.4,1707.5,1259.0,511760934198.96,2026-08-27 16:00:29,0,0.0,0.0,,,3.0161054172767203,-31.53296266878475,,,PIDILITE INDUSTRIES LIMITED,0.36
0,NMDCEQN,-2.49,NMDC,EQ,N,85.72,16189617,88.5,89.1,85.72,88.21,1413677356.44,97.49,68.19,295450386927.73,2026-08-27 16:00:29,0,0.0,0.0,,,12.07303313160324,-25.707581756855845,,,NMDC LIMITED,-2.82
0,STLTECHBEN,33.1,STLTECH,BE,N,695.85,2028680,684.1,695.85,682.0,662.75,1409384856.4,695.85,84.6,202965232820.05,2026-08-27 16:00:29,0,0.0,0.0,,,0.0,-722.5177304964539,,,STERLITE TECHNOLOGIES LIMITED,4.99
0,CANBKEQN,-1.31,CANBK,EQ,N,128.14,10921428,131.43,131.43,127.7,129.45,1405696997.88,162.89,103.55,429464285963.37,2026-08-27 16:00:29,0,0.0,0.0,,,21.33341518816379,-23.74698213423467,,,CANARA BANK,-1.01
0,BOSCHLTDEQN,-115.0,BOSCHLTD,EQ,N,48780.0,28795,48945.0,48945.0,48460.0,48895.0,1402422753.55,49190.0,28610.0,421975619806.48,2026-08-27 16:00:29,0,0.0,0.0,,,0.8335027444602562,-70.4998252359315,,,BOSCH LIMITED,-0.24
0,ASIANPAINTEQN,4.5,ASIANPAINT,EQ,N,2631.0,525106,2637.9,2655.9,2627.9,2626.5,1387151515.96,2985.7,2115.0,1186481140341.2,2026-08-27 16:00:29,0,0.0,0.0,,,11.879961148139465,-24.397163120567377,,,ASIAN PAINTS LIMITED,0.17
0,ICICIGIEQN,-8.8,ICICIGI,EQ,N,1588.1,864889,1594.0,1606.0,1585.4,1596.9,1379376870.54,2064.9,1544.6,385201772670.02,2026-08-27 16:00:29,0,0.0,0.0,,,23.090706571746814,-2.8162631101903406,,,ICICI LOMBARD GENERAL INSURANCE COMPANY LIMITED,-0.55
0,NAVINFLUOREQN,11.0,NAVINFLUOR,EQ,N,8564.0,161439,8590.0,8625.0,8428.0,8553.0,1378824668.76,8775.5,4498.5,314396779421.57,2026-08-27 16:00:29,0,0.0,0.0,,,2.4101190815338156,-90.37456930087806,,,NAVIN FLUORINE INTERNATIONAL LIMITED,0.13
0,MAHABANKEQN,-0.91,MAHABANK,EQ,N,84.69,16185909,85.74,86.19,84.05,85.6,1370784633.21,94.5,51.71,171961850845.22,2026-08-27 16:00:29,0,0.0,0.0,,,10.380952380952381,-63.7787661960936,,,BANK OF MAHARASHTRA,-1.06
0,HDFCLIFEEQN,-5.0,HDFCLIFE,EQ,N,548.0,2474974,553.1,557.0,548.0,553.0,1368982368.62,803.0,530.5,591819933749.67,2026-08-27 16:00:29,0,0.0,0.0,,,31.755915317559154,-3.298774740810556,,,HDFC LIFE INSURANCE COMPANY LIMITED,-0.9
0,MAZDOCKEQN,-37.0,MAZDOCK,EQ,N,2588.0,511497,2625.0,2634.0,2583.1,2625.0,1334679811.92,3061.4,2057.4,196062724758.96,2026-08-27 16:00:29,0,0.0,0.0,,,15.463513425230287,-25.789831826577235,,,MAZAGON DOCK SHIPBUILDERS LIMITED,-1.41
0,NAUKRIEQN,6.5,NAUKRI,EQ,N,1330.0,982905,1319.6,1345.6,1318.0,1323.5,1312001252.1,1433.6,908.3,507816123917.72,2026-08-27 16:00:29,0,0.0,0.0,,,7.2265625,-46.42739183089288,,,INFO EDGE (INDIA) LIMITED,0.49
0,ASTERDMEQN,-7.5,ASTERDM,EQ,N,754.6,1730822,762.5,762.5,751.0,762.1,1308847596.4,891.3,519.1,320528408149.34,2026-08-27 16:00:29,0,0.0,0.0,,,15.337147986087738,-45.36698131381237,,,ASTER DM QUALITY CARE LIMITED,-0.98
0,UNIONBANKEQN,-3.02,UNIONBANK,EQ,N,184.5,6999263,189.0,189.64,184.08,187.52,1300603050.66,205.49,124.64,355511203990.81,2026-08-27 16:00:29,0,0.0,0.0,,,10.214608983405519,-48.026315789473685,,,UNION BANK OF INDIA,-1.61
0,NAM-INDIAEQN,-19.0,NAM-INDIA,EQ,N,1204.0,1049814,1223.0,1234.0,1195.8,1223.0,1271177780.04,1269.5,780.25,215602280344.35,2026-08-27 16:00:29,0,0.0,0.0,,,5.159511618747539,-54.30951618071131,,,NIPPON LIFE INDIA ASSET MANAGEMENT LIMITED,-1.55
0,PNBEQN,-1.3,PNB,EQ,N,115.4,10955188,116.7,117.2,115.07,116.7,1270911359.88,135.15,98.5,396329962867.04,2026-08-27 16:00:29,0,0.0,0.0,,,14.61339252682205,-17.15736040609137,,,PUNJAB NATIONAL BANK,-1.11
0,BALRAMCHINEQN,-30.65,BALRAMCHIN,EQ,N,643.7,1870911,677.95,679.0,636.8,674.35,1236466370.79,780.95,393.55,73141421197.24,2026-08-27 16:00:29,0,0.0,0.0,,,17.574748703502145,-63.562444416211406,,,BALRAMPUR CHINI MILLS LIMITED,-4.55
0,DRREDDYEQN,-5.0,DRREDDY,EQ,N,1177.0,1044405,1182.0,1191.9,1169.4,1182.0,1231541487.9,1414.9,1101.0,715475972695.11,2026-08-27 16:00:29,0,0.0,0.0,,,16.813909110184465,-6.902815622161671,,,DR. REDDY'S LABORATORIES LIMITED,-0.42
0,REDINGTONEQN,3.1,REDINGTON,EQ,N,357.3,3395377,355.0,365.2,354.2,354.2,1223082702.94,370.8,191.31,211688448652.16,2026-08-27 16:00:29,0,0.0,0.0,,,3.6407766990291264,-86.76493649051278,,,REDINGTON LIMITED,0.88
0,DLFEQN,3.65,DLF,EQ,N,676.15,1765924,679.0,687.5,673.55,672.5,1201993829.84,794.8,489.4,432548634249.94,2026-08-27 16:00:29,0,0.0,0.0,,,14.928283844992452,-38.158970167552106,,,DLF LIMITED,0.54
0,GODREJCPEQN,0.2,GODREJCP,EQ,N,923.0,1308144,930.0,930.0,912.0,922.8,1201046250.72,1309.0,906.3,369924137782.88,2026-08-27 16:00:29,0,0.0,0.0,,,29.488158899923604,-1.8426569568575526,,,GODREJ CONSUMER PRODUCTS LIMITED,0.02
0,URBANCOEQN,0.99,URBANCO,EQ,N,168.52,7134291,166.0,170.68,165.3,167.53,1198204173.45,201.18,100.7,56678514165.65,2026-08-27 16:00:29,0,0.0,0.0,,,16.234218113132517,-67.3485600794439,,,URBAN COMPANY LIMITED,0.59
0,INDUSINDBKEQN,-1.1,INDUSINDBK,EQ,N,1002.9,1187891,1004.0,1005.3,994.5,1004.0,1187261417.77,1077.85,710.6,658708967421.39,2026-08-27 16:00:29,0,0.0,0.0,,,6.953657744584126,-41.134252744159866,,,INDUSIND BANK LIMITED,-0.11
0,KEIEQN,-4.0,KEI,EQ,N,5536.0,213782,5580.0,5590.0,5448.4,5540.0,1181596630.02,5899.0,3728.7,340715690073.14,2026-08-27 16:00:29,0,0.0,0.0,,,6.153585353449738,-48.469976131091265,,,KEI INDUSTRIES LIMITED,-0.07
0,BRITANNIAEQN,-12.0,BRITANNIA,EQ,N,5298.0,222346,5315.0,5360.5,5277.5,5310.0,1180710623.04,6336.0,5035.0,622329382001.57,2026-08-27 16:00:29,0,0.0,0.0,,,16.382575757575758,-5.22343594836147,,,BRITANNIA INDUSTRIES LIMITED,-0.23
0,AUROPHARMAEQN,14.0,AUROPHARMA,EQ,N,1637.0,717677,1623.5,1637.0,1605.7,1623.0,1164036210.15,1682.4,1016.1,451850855924.93,2026-08-27 16:00:29,0,0.0,0.0,,,2.698525915359011,-61.10619033559689,,,AUROBINDO PHARMA LIMITED,0.86
0,BALKRISINDEQN,11.9,BALKRISIND,EQ,N,2340.5,490664,2340.2,2393.0,2330.1,2328.6,1161514540.72,2775.0,1970.0,187511177585.85,2026-08-27 16:00:29,0,0.0,0.0,,,15.657657657657658,-18.80710659898477,,,BALKRISHNA INDUSTRIES LIMITED,0.51
0,MFSLEQN,-32.0,MFSL,EQ,N,1568.0,732972,1590.0,1590.9,1568.0,1600.0,1159019304.72,1892.5,1433.6,414725878075.49,2026-08-27 16:00:29,0,0.0,0.0,,,17.14663143989432,-9.375,,,MAX FINANCIAL SERVICES LIMITED,-2.0
0,NATIONALUMEQN,-10.0,NATIONALUM,EQ,N,389.3,2903197,399.3,403.35,388.0,399.3,1143249946.63,445.15,183.86,348127432446.46,2026-08-27 16:00:29,0,0.0,0.0,,,12.546332696843761,-111.7371913412379,,,NATIONAL ALUMINIUM COMPANY LIMITED,-2.5
0,SBICARDEQN,-15.1,SBICARD,EQ,N,645.0,1739414,664.2,665.5,644.45,660.1,1132828155.78,965.0,565.45,190743850032.95,2026-08-27 16:00:29,0,0.0,0.0,,,33.16062176165803,-14.068441064638783,,,SBI CARDS AND PAYMENT SERVICES LIMITED,-2.29
0,ANTHEMEQN,-0.75,ANTHEM,EQ,N,922.3,1211725,928.0,942.6,918.65,923.05,1127970568.0,942.6,579.15,81899594264.67,2026-08-27 16:00:29,0,0.0,0.0,,,2.1536176532993845,-59.25062591729258,,,ANTHEM BIOSCIENCES LIMITED,-0.08
0,SCIEQN,4.9,SCI,EQ,N,293.4,3800765,289.45,300.85,289.4,288.5,1123886210.5,368.75,195.55,49479445431.93,2026-08-27 16:00:29,0,0.0,0.0,,,20.433898305084746,-50.038353362311426,,,SHIPPING CORPORATION OF INDIA LIMITED,1.7
0,ANGELONEEQN,-2.95,ANGELONE,EQ,N,295.9,3766886,298.85,300.2,294.9,298.85,1120874598.16,360.45,208.63,191770755943.62,2026-08-27 16:00:29,0,0.0,0.0,,,17.908170342627272,-41.830034031539086,,,ANGEL ONE LIMITED,-0.99
0,KFINTECHEQN,-19.5,KFINTECH,EQ,N,957.0,1169583,972.8,976.0,942.6,976.5,1119068710.23,1215.0,784.95,127623456270.24,2026-08-27 16:00:29,0,0.0,0.0,,,21.234567901234566,-21.91859354098987,,,KFIN TECHNOLOGIES LIMITED,-2.0
0,SUZLONEQN,-0.13,SUZLON,EQ,N,46.81,23836185,47.0,47.39,46.37,46.94,1114818372.45,61.5,38.19,567874121014.81,2026-08-27 16:00:29,0,0.0,0.0,,,23.88617886178862,-22.571353757528147,,,SUZLON ENERGY LIMITED,-0.28
0,GLENMARKEQN,21.7,GLENMARK,EQ,N,2460.0,447011,2455.0,2484.0,2440.6,2438.3,1099410144.17,2484.0,1792.6,369394034828.73,2026-08-27 16:00:29,0,0.0,0.0,,,0.966183574879227,-37.23083788909963,,,GLENMARK PHARMACEUTICALS LIMITED,0.89
0,TRITURBINEEQN,8.65,TRITURBINE,EQ,N,583.05,1852490,575.05,604.05,575.05,574.4,1092913525.3,787.6,428.35,68021478185.34,2026-08-27 16:00:29,0,0.0,0.0,,,25.971305231081768,-36.11532625189681,,,TRIVENI TURBINE LIMITED,1.51
0,KIRLOSENGEQN,63.4,KIRLOSENG,EQ,N,2100.0,521433,2060.0,2120.0,2024.1,2036.6,1092005845.92,2720.0,855.8,174536250951.86,2026-08-27 16:00:29,0,0.0,0.0,,,22.794117647058822,-145.38443561579808,,,KIRLOSKAR OIL ENGINES LIMITED,3.11
0,UNITDSPREQN,-16.5,UNITDSPR,EQ,N,1522.0,717436,1531.0,1531.9,1507.7,1538.5,1091284725.24,1563.4,1210.8,448344125241.73,2026-08-27 16:00:29,0,0.0,0.0,,,2.6480747089676346,-25.702015196564254,,,UNITED SPIRITS LIMITED,-1.07
0,PERSISTENTEQN,63.5,PERSISTENT,EQ,N,5654.0,191424,5640.0,5679.5,5597.0,5590.5,1081160837.76,6599.0,4244.5,612678439857.0,2026-08-27 16:00:29,0,0.0,0.0,,,14.320351568419458,-33.207680527741786,,,PERSISTENT SYSTEMS LIMITED,1.14
0,BANKBARODAEQN,-1.5,BANKBARODA,EQ,N,241.0,4454374,244.33,244.62,240.0,242.5,1075241339.86,325.5,230.81,445861965210.19,2026-08-27 16:00:29,0,0.0,0.0,,,25.96006144393241,-4.414886703349075,,,BANK OF BARODA,-0.62
0,ADANIGREENEQN,25.3,ADANIGREEN,EQ,N,1328.5,811100,1309.9,1328.5,1302.1,1303.2,1068356587.0,1631.5,765.0,444147311923.03,2026-08-27 16:00:29,0,0.0,0.0,,,18.57186638063132,-73.66013071895425,,,ADANI GREEN ENERGY LIMITED,1.94
0,CPPLUSEQN,117.7,CPPLUS,EQ,N,3648.0,297754,3530.3,3650.0,3500.0,3530.3,1066334490.04,4094.0,1200.8,98694748079.55,2026-08-27 16:00:29,0,0.0,0.0,,,10.89399120664387,-203.79746835443038,,,ADITYA INFOTECH LIMITED,3.33
0,CROMPTONEQN,-0.35,CROMPTON,EQ,N,237.9,4429720,238.55,240.6,237.55,238.25,1058215810.8,337.5,217.4,152404101848.28,2026-08-27 16:00:29,0,0.0,0.0,,,29.511111111111113,-9.429622815087397,,,CROMPTON GREAVES CONSUMER ELECTRICALS LIMITED,-0.15
0,BAJAJFINSVEQN,1.0,BAJAJFINSV,EQ,N,2011.0,526392,2001.1,2026.6,1997.5,2010.0,1055837073.6,2195.0,1597.0,1162051336353.26,2026-08-27 16:00:29,0,0.0,0.0,,,8.382687927107062,-25.923606762680024,,,BAJAJ FINSERV LIMITED,0.05
0,LTFEQN,-0.3,LTF,EQ,N,321.9,3273758,323.15,323.65,318.6,322.2,1052545934.58,338.6,215.26,273919324202.9,2026-08-27 16:00:29,0,0.0,0.0,,,4.932073242764324,-49.54009105268048,,,L&T FINANCE LIMITED,-0.09
0,PWLEQN,-2.53,PWL,EQ,N,123.6,8276711,127.6,128.25,122.65,126.13,1037485723.85,161.99,77.72,66793844606.38,2026-08-27 16:00:29,0,0.0,0.0,,,23.698993765047224,-59.03242408646423,,,PHYSICSWALLAH LIMITED,-2.01
0,TATACONSUMEQN,-5.1,TATACONSUM,EQ,N,1042.0,996048,1041.0,1048.4,1035.6,1047.1,1035620987.04,1282.7,1007.2,676706713453.15,2026-08-27 16:00:29,0,0.0,0.0,,,18.765104856942386,-3.455123113582208,,,TATA CONSUMER PRODUCTS LIMITED,-0.49
0,GRSEEQN,13.7,GRSE,EQ,N,2644.0,384851,2639.0,2665.9,2632.5,2630.3,1020178424.84,3339.0,1963.7,77233249440.0,2026-08-27 16:00:29,0,0.0,0.0,,,20.814615154237796,-34.643784692162754,,,GARDEN REACH SHIPBUILDERS & ENGINEERS LIMITED,0.52
0,LODHAEQN,-18.7,LODHA,EQ,N,1246.3,801407,1268.0,1278.0,1246.3,1265.0,1011776337.5,1344.95,650.8,344841126047.06,2026-08-27 16:00:29,0,0.0,0.0,,,7.334845161530168,-91.50276582667486,,,LODHA DEVELOPERS LIMITED,-1.48
0,CGCLEQN,-11.77,CGCL,EQ,N,244.58,4059351,254.95,254.95,243.85,256.35,1010128902.84,264.53,151.1,94268287343.84,2026-08-27 16:00:29,0,0.0,0.0,,,7.5416776925112465,-61.86631369953673,,,CAPRI GLOBAL CAPITAL LIMITED,-4.59
0,PAGEINDEQN,645.0,PAGEIND,EQ,N,35800.0,28033,35160.0,36215.0,35160.0,35155.0,1005465497.93,46890.0,29805.0,225205309004.53,2026-08-27 16:00:29,0,0.0,0.0,,,23.6510983152058,-20.11407481966113,,,PAGE INDUSTRIES LIMITED,1.83
0,UJJIVANSFBEQN,-0.51,UJJIVANSFB,EQ,N,68.48,14648450,69.2,69.82,67.81,68.99,1004590701.0,73.94,41.95,129068695981.38,2026-08-27 16:00:29,0,0.0,0.0,,,7.384365701920476,-63.2419547079857,,,UJJIVAN SMALL FINANCE BANK LIMITED,-0.74
0,RVNLEQN,-5.39,RVNL,EQ,N,216.0,4589569,220.87,221.8,215.11,221.39,1000250667.86,400.7,215.11,122271216558.35,2026-08-27 16:00:29,0,0.0,0.0,,,46.094334913900674,-0.4137418065175956,,,RAIL VIKAS NIGAM LIMITED,-2.43
0,PPLPHARMAEQN,3.61,PPLPHARMA,EQ,N,214.9,4647834,211.9,219.5,210.65,211.29,1000167398.46,220.36,132.3,133289964982.7,2026-08-27 16:00:29,0,0.0,0.0,,,2.4777636594663277,-62.43386243386244,,,PIRAMAL PHARMA LIMITED,1.71
0,UNOMINDAEQN,20.0,UNOMINDA,EQ,N,1280.0,778534,1266.3,1285.0,1252.1,1260.0,993012331.66,1382.0,994.0,232169427209.98,2026-08-27 16:00:29,0,0.0,0.0,,,7.380607814761215,-28.772635814889338,,,UNO MINDA LIMITED,1.59
0,AUBANKEQN,-22.5,AUBANK,EQ,N,1091.0,898558,1117.4,1126.8,1088.0,1113.5,988566554.86,1144.1,682.15,616970694215.05,2026-08-27 16:00:29,0,0.0,0.0,,,4.641202692072372,-59.93549805761196,,,AU SMALL FINANCE BANK LIMITED,-2.02
0,RADICOEQN,-8.0,RADICO,EQ,N,4606.0,212632,4617.9,4650.6,4574.3,4614.0,977539472.56,4747.0,2500.0,359949288574.4,2026-08-27 16:00:29,0,0.0,0.0,,,2.9702970297029703,-84.24,,,RADICO KHAITAN LIMITED,-0.17
0,JSWINFRAEQN,-6.95,JSWINFRA,EQ,N,338.0,2833326,345.05,348.0,334.3,344.95,962169176.34,355.8,233.42,201101624407.22,2026-08-27 16:00:29,0,0.0,0.0,,,5.002810567734683,-44.80335875246337,,,JSW INFRASTRUCTURE LIMITED,-2.01
0,GRANULESEQN,4.8,GRANULES,EQ,N,833.0,1123298,828.2,848.0,824.55,828.2,939829737.66,910.0,456.3,120545644508.21,2026-08-27 16:00:29,0,0.0,0.0,,,8.461538461538462,-82.55533640149025,,,GRANULES INDIA LIMITED,0.58
0,MOTILALOFSEQN,-1.9,MOTILALOFS,EQ,N,1038.1,903803,1040.0,1044.35,1021.9,1040.0,935616865.6,1097.1,614.9,161977896908.83,2026-08-27 16:00:29,0,0.0,0.0,,,5.37781423753532,-68.8241990567572,,,MOTILAL OSWAL FINANCIAL SERVICES LIMITED,-0.18
0,SKIPPEREQN,9.45,SKIPPER,EQ,N,556.7,1662168,546.9,566.75,545.3,547.25,930132591.12,593.0,327.05,21053278847.23,2026-08-27 16:00:29,0,0.0,0.0,,,6.12141652613828,-70.21862100596239,,,SKIPPER LIMITED,1.73
0,VOLTASEQN,0.5,VOLTAS,EQ,N,1217.5,760364,1225.0,1235.6,1211.6,1217.0,927210672.52,1582.5,1186.8,276820674972.63,2026-08-27 16:00:29,0,0.0,0.0,,,23.06477093206951,-2.5867880013481632,,,VOLTAS LIMITED,0.04
0,NESTLEINDEQN,-1.5,NESTLEIND,EQ,N,1450.0,637066,1451.5,1465.0,1440.3,1451.5,923465390.96,1553.0,1145.0,1036757904900.85,2026-08-27 16:00:29,0,0.0,0.0,,,6.632324533161623,-26.637554585152838,,,NESTLE INDIA LIMITED,-0.1
0,YESBANKEQN,-0.12,YESBANK,EQ,N,22.26,40844488,22.4,22.55,22.25,22.38,914508086.32,25.78,17.2,389922415004.03,2026-08-27 16:00:29,0,0.0,0.0,,,13.653995345228859,-29.41860465116279,,,YES BANK LIMITED,-0.54
0,INOXWINDEQN,-1.2,INOXWIND,EQ,N,72.0,12554597,73.45,73.7,71.41,73.2,905437535.64,159.3,71.41,69231727777.74,2026-08-27 16:00:29,0,0.0,0.0,,,54.80225988700565,-0.8262148158521215,,,INOX WIND LIMITED,-1.64
0,PARASEQN,-32.7,PARAS,EQ,N,1460.0,613310,1497.5,1506.0,1451.0,1492.7,902228074.8,1585.0,580.5,51705412768.52,2026-08-27 16:00:29,0,0.0,0.0,,,7.886435331230284,-151.50732127476314,,,PARAS DEFENCE AND SPACE TECHNOLOGIES LIMITED,-2.19
0,PHOENIXLTDEQN,-22.4,PHOENIXLTD,EQ,N,1901.7,469493,1926.0,1944.8,1897.2,1924.1,898341990.99,2169.8,1465.6,354053179903.3,2026-08-27 16:00:29,0,0.0,0.0,,,12.355977509447875,-29.755731441048034,,,THE PHOENIX MILLS LIMITED,-1.16
0,JYOTICNCEQN,16.45,JYOTICNC,EQ,N,1029.15,873758,1017.45,1040.5,1009.0,1012.7,895837864.66,1055.9,580.1,87471964964.55,2026-08-27 16:00:29,0,0.0,0.0,,,2.5333838431669666,-77.40906740217204,,,JYOTI CNC AUTOMATION LIMITED,1.62
0,ALKEMEQN,16.5,ALKEM,EQ,N,5320.0,166838,5323.5,5358.5,5297.5,5303.5,888065326.96,5933.5,5075.0,310428952974.0,2026-08-27 16:00:29,0,0.0,0.0,,,10.339597202325777,-4.827586206896552,,,ALKEM LABORATORIES LIMITED,0.31
0,NEULANDLABEQN,-45.0,NEULANDLAB,EQ,N,23500.0,37696,23545.0,23730.0,23350.0,23545.0,887116177.28,23881.0,11500.0,202092831988.97,2026-08-27 16:00:29,0,0.0,0.0,,,1.5954105774465055,-104.34782608695652,,,NEULAND LABORATORIES LIMITED,-0.19
0,FINCABLESEQN,4.25,FINCABLES,EQ,N,1290.6,685892,1280.0,1315.0,1270.0,1286.35,886007849.92,1374.0,700.8,97441334737.81,2026-08-27 16:00:29,0,0.0,0.0,,,6.069868995633188,-84.16095890410959,,,FINOLEX CABLES LIMITED,0.33
0,WAAREEENEREQN,-11.0,WAAREEENER,EQ,N,2624.0,332552,2637.6,2649.9,2611.0,2635.0,873151856.72,3865.0,2403.0,250471115875.69,2026-08-27 16:00:29,0,0.0,0.0,,,32.10866752910737,-9.196837286724927,,,WAAREE ENERGIES LIMITED,-0.42
0,EXIDEINDEQN,-7.1,EXIDEIND,EQ,N,436.9,1956990,444.05,447.3,435.15,444.0,862484632.8,496.4,287.0,198215326020.0,2026-08-27 16:00:29,0,0.0,0.0,,,11.986301369863014,-52.22996515679443,,,EXIDE INDUSTRIES LIMITED,-1.6
0,GESHIPEQN,-15.2,GESHIP,EQ,N,1317.0,650976,1334.0,1341.8,1311.5,1332.2,862302338.88,1798.0,922.5,130167189955.05,2026-08-27 16:00:29,0,0.0,0.0,,,26.75194660734149,-42.764227642276424,,,THE GREAT EASTERN SHIPPING COMPANY LIMITED,-1.14
0,IOCEQN,-1.91,IOC,EQ,N,137.57,6190652,139.37,139.48,136.69,139.48,852143247.8,188.96,130.22,512564686997.27,2026-08-27 16:00:29,0,0.0,0.0,,,27.196232006773922,-5.6442942712332975,,,INDIAN OIL CORPORATION LIMITED,-1.37
0,IDFCFIRSTBEQN,-0.6,IDFCFIRSTB,EQ,N,83.8,10079336,84.4,84.88,83.72,84.4,847470570.88,88.76,58.08,554986360055.23,2026-08-27 16:00:29,0,0.0,0.0,,,5.58810274898603,-44.28374655647383,,,IDFC FIRST BANK LIMITED,-0.71
0,SAMMAANCAPEQN,-2.32,SAMMAANCAP,EQ,N,147.13,5696106,149.45,150.67,146.8,149.45,842852804.82,192.95,116.7,112667667078.26,2026-08-27 16:00:29,0,0.0,0.0,,,23.747084736978493,-26.075407026563838,,,SAMMAAN CAPITAL LIMITED,-1.55
0,WIPROEQN,-0.95,WIPRO,EQ,N,176.4,4695019,177.35,178.7,176.4,177.35,832614669.46,273.1,169.0,476412202783.23,2026-08-27 16:00:29,0,0.0,0.0,,,35.40827535701208,-4.378698224852071,,,WIPRO LIMITED,-0.54
0,VMMEQN,-1.62,VMM,EQ,N,108.0,7577445,110.0,110.35,107.5,109.62,821925459.15,157.6,98.77,300721483209.68,2026-08-27 16:00:29,0,0.0,0.0,,,31.472081218274113,-9.344942796395667,,,VISHAL MEGA MART LIMITED,-1.48
0,GAILEQN,-2.05,GAIL,EQ,N,172.44,4745650,174.45,174.84,171.0,174.49,816773821.5,186.87,134.36,463838344205.21,2026-08-27 16:00:29,0,0.0,0.0,,,7.7219457376786,-28.341768383447455,,,GAIL (INDIA) LIMITED,-1.17
0,SUDARSCHEMEQN,20.7,SUDARSCHEM,EQ,N,1255.0,643589,1239.9,1259.4,1223.2,1234.3,798410769.84,1603.0,726.4,91403780439.29,2026-08-27 16:00:29,0,0.0,0.0,,,21.70929507174049,-72.76982378854626,,,SUDARSHAN CHEMICAL INDUSTRIES LIMITED,1.68
0,BANDHANBNKEQN,-3.8,BANDHANBNK,EQ,N,169.7,4668712,174.0,174.5,169.5,173.5,797882880.8,220.76,134.25,154395716428.91,2026-08-27 16:00:29,0,0.0,0.0,,,23.129190070664976,-26.405959031657357,,,BANDHAN BANK LIMITED,-2.19
0,CRISILEQN,194.6,CRISIL,EQ,N,4708.0,170325,4504.9,4715.0,4500.0,4513.4,791602470.0,5221.5,3686.0,114474672654.65,2026-08-27 16:00:29,0,0.0,0.0,,,9.834338791535,-27.726532826912642,,,CRISIL LIMITED,4.31
0,CHENNPETROEQN,-21.1,CHENNPETRO,EQ,N,1353.9,579400,1375.0,1390.0,1350.0,1375.0,789351384.0,1489.7,639.8,64940562519.72,2026-08-27 16:00:29,0,0.0,0.0,,,9.115929381754716,-111.61300406376992,,,CHENNAI PETROLEUM CORPORATION LIMITED,-1.53
0,HAVELLSEQN,-17.7,HAVELLS,EQ,N,1241.0,623467,1255.6,1265.0,1241.0,1258.7,782906215.91,1621.1,1123.6,311880632701.47,2026-08-27 16:00:29,0,0.0,0.0,,,23.447042131885755,-10.448558205767178,,,HAVELLS INDIA LIMITED,-1.41
0,LLOYDSMEEQN,-48.7,LLOYDSME,EQ,N,1797.0,428234,1851.9,1853.0,1789.0,1845.7,776088478.2,2125.0,1042.9,233257952017.21,2026-08-27 16:00:29,0,0.0,0.0,,,15.435294117647059,-72.30798734298591,,,LLOYDS METALS AND ENERGY LIMITED,-2.64
0,MANKINDEQN,23.8,MANKIND,EQ,N,2417.5,322167,2405.0,2417.5,2377.6,2393.7,770523592.23,2674.0,1909.7,272928481887.93,2026-08-27 16:00:29,0,0.0,0.0,,,9.592370979805535,-26.590563962926115,,,MANKIND PHARMA LIMITED,0.99
0,CIPLAEQN,17.3,CIPLA,EQ,N,1420.0,533212,1405.0,1420.0,1402.1,1402.7,752762041.0,1673.0,1165.7,796783897291.21,2026-08-27 16:00:29,0,0.0,0.0,,,15.122534369396295,-21.815218323753967,,,CIPLA LIMITED,1.23
0,UPLEQN,-11.2,UPL,EQ,N,578.1,1266550,587.8,591.0,578.1,589.3,737689382.0,812.2,557.95,323295797912.55,2026-08-27 16:00:29,0,0.0,0.0,,,28.822950012312237,-3.6114347163724347,,,UPL LIMITED,-1.9
0,TRAVELFOODEQN,44.2,TRAVELFOOD,EQ,N,1332.0,538246,1287.8,1416.5,1287.8,1287.8,736390499.98,1470.9,1035.3,24219529385.05,2026-08-27 16:00:29,0,0.0,0.0,,,9.443198042015092,-28.658359895682413,,,TRAVEL FOOD SERVICES LIMITED,3.43
0,PIRAMALFINEQN,3.7,PIRAMALFIN,EQ,N,2225.1,322634,2228.0,2241.2,2201.5,2221.4,718286526.88,2252.2,1260.0,267179960708.47,2026-08-27 16:00:29,0,0.0,0.0,,,1.203267915815647,-76.5952380952381,,,PIRAMAL FINANCE LIMITED,0.17
0,BIOCONEQN,0.9,BIOCON,EQ,N,418.4,1713404,415.0,421.6,415.0,417.5,715191963.64,447.15,337.05,299287167648.92,2026-08-27 16:00:29,0,0.0,0.0,,,6.429609750642961,-24.135884883548435,,,BIOCON LIMITED,0.22
0,FIVESTAREQN,16.2,FIVESTAR,EQ,N,531.25,1353731,512.5,536.0,510.0,515.05,710532789.97,666.0,338.15,102620127582.35,2026-08-27 16:00:29,0,0.0,0.0,,,20.23273273273273,-57.10483513233772,,,FIVE-STAR BUSINESS FINANCE LIMITED,3.15
0,MTARTECHBEN,0.5,MTARTECH,BE,N,7082.5,100362,7111.0,7127.0,7000.0,7082.0,710272913.82,8714.0,1390.5,151529344115.36,2026-08-27 16:00:29,0,0.0,0.0,,,18.72274500803305,-409.3491549802229,,,MTAR TECHNOLOGIES LIMITED,0.01
0,GLAXOEQN,40.6,GLAXO,EQ,N,3075.0,229414,3030.0,3118.0,3018.9,3034.4,705507697.64,3118.0,2088.1,126915210212.79,2026-08-27 16:00:29,0,0.0,0.0,,,1.379089159717768,-47.263062113883436,,,GLAXOSMITHKLINE PHARMACEUTICALS LIMITED,1.34
0,FORCEMOTEQN,-75.0,FORCEMOT,EQ,N,17375.0,40549,17495.0,17537.0,17301.0,17450.0,704747296.86,26450.0,14911.0,83458130134.82,2026-08-27 16:00:29,0,0.0,0.0,,,34.31001890359168,-16.524713298906846,,,FORCE MOTORS LTD,-0.43
0,JSFBEQN,-5.1,JSFB,EQ,N,542.0,1278810,551.6,558.0,538.6,547.1,700263567.9,606.95,330.0,33029483442.4,2026-08-27 16:00:29,0,0.0,0.0,,,10.701046214679957,-64.24242424242425,,,JANA SMALL FINANCE BANK LIMITED,-0.93
0,RUBICONEQN,26.2,RUBICON,EQ,N,1845.0,379324,1809.0,1872.0,1790.0,1818.8,698418935.28,1872.0,570.75,56622951858.94,2026-08-27 16:00:29,0,0.0,0.0,,,1.4423076923076923,-223.25886990801578,,,RUBICON RESEARCH LIMITED,1.44
0,SBFCEQN,-2.54,SBFC,EQ,N,98.6,6843021,101.71,103.37,97.7,101.14,691213551.21,123.0,79.6,40543346595.2,2026-08-27 16:00:29,0,0.0,0.0,,,19.83739837398374,-23.86934673366834,,,SBFC FINANCE LIMITED,-2.51
0,AWLEQN,-2.77,AWL,EQ,N,199.13,3440924,202.0,203.88,198.12,201.9,689561169.6,282.9,171.19,110274999126.47,2026-08-27 16:00:29,0,0.0,0.0,,,29.611170024743725,-16.321046790116245,,,AWL AGRI BUSINESS LIMITED,-1.37
0,POONAWALLAEQN,8.35,POONAWALLA,EQ,N,481.0,1434979,474.65,484.0,471.75,472.65,688703821.26,570.4,361.2,170679027114.69,2026-08-27 16:00:29,0,0.0,0.0,,,15.673211781206172,-33.1672203765227,,,POONAWALLA FINCORP LIMITED,1.77
0,KIMSEQN,11.9,KIMS,EQ,N,768.0,889873,756.7,785.85,756.7,756.1,686172171.57,858.0,575.8,198539067577.72,2026-08-27 16:00:29,0,0.0,0.0,,,10.48951048951049,-33.37964571031608,,,KRISHNA INSTITUTE OF MEDICAL SCIENCES LIMITED,1.57
0,TIMETECHNOEQN,0.7,TIMETECHNO,EQ,N,186.0,3679157,186.3,187.99,184.25,185.3,683329829.61,249.15,154.0,48104516916.78,2026-08-27 16:00:29,0,0.0,0.0,,,25.34617700180614,-20.77922077922078,,,TIME TECHNOPLAST LIMITED,0.38
0,OILEQN,0.7,OIL,EQ,N,469.85,1445687,469.15,472.95,465.1,469.15,679371691.91,531.0,384.6,255540824967.28,2026-08-27 16:00:29,0,0.0,0.0,,,11.516007532956685,-22.16588663546542,,,OIL INDIA LIMITED,0.15
0,OLAELECEQN,-0.35,OLAELEC,EQ,N,37.65,17733163,38.0,38.14,37.3,38.0,666412265.54,71.25,22.25,84707578427.74,2026-08-27 16:00:29,0,0.0,0.0,,,47.1578947368421,-69.21348314606742,,,OLA ELECTRIC MOBILITY LIMITED,-0.92
0,YATHARTHEQN,15.5,YATHARTH,EQ,N,980.8,684457,968.0,982.0,942.75,965.3,657386725.65,982.0,538.25,41773192283.24,2026-08-27 16:00:29,0,0.0,0.0,,,0.12219959266802444,-82.22015791918254,,,YATHARTH HOSPITAL & TRAUMA CARE SERVICES LIMITED,1.61
0,PARADEEPEQN,-3.29,PARADEEP,EQ,N,160.55,4038004,162.91,162.92,159.61,163.84,649472563.36,232.22,99.7,69200789286.4,2026-08-27 16:00:29,0,0.0,0.0,,,30.86297476530876,-61.03309929789368,,,PARADEEP PHOSPHATES LIMITED,-2.01
0,GMRAIRPORTEQN,-0.17,GMRAIRPORT,EQ,N,98.68,6542176,100.15,100.2,98.52,98.85,647675424.0,115.64,84.11,350240181498.55,2026-08-27 16:00:29,0,0.0,0.0,,,14.666205465236942,-17.322553798597074,,,GMR AIRPORTS LIMITED,-0.17
0,ABCAPITALEQN,0.0,ABCAPITAL,EQ,N,410.0,1578229,410.0,413.1,408.1,410.0,647484229.54,430.7,272.7,351497723121.1,2026-08-27 16:00:29,0,0.0,0.0,,,4.806129556535872,-50.34836817015035,,,ADITYA BIRLA CAPITAL LIMITED,0.0
0,BANKINDIAEQN,-1.35,BANKINDIA,EQ,N,144.6,4438065,146.0,146.45,143.7,145.95,643297521.75,178.36,109.85,175225884359.48,2026-08-27 16:00:29,0,0.0,0.0,,,18.92801076474546,-31.634046426945837,,,BANK OF INDIA,-0.92
0,PGELEQN,8.85,PGEL,EQ,N,596.0,1069342,587.15,604.7,587.15,587.15,640172281.72,644.4,436.55,96309720108.89,2026-08-27 16:00:29,0,0.0,0.0,,,7.510862818125388,-36.52502577024396,,,PG ELECTROPLAST LIMITED,1.51
0,SAILIFEEQN,21.1,SAILIFE,EQ,N,1482.1,431944,1467.1,1498.1,1458.1,1461.0,638944523.12,1498.1,783.85,204107870133.88,2026-08-27 16:00:29,0,0.0,0.0,,,1.0680194913557173,-89.07954327996428,,,SAI LIFE SCIENCES LIMITED,1.44
0,RAMCOCEMEQN,-49.4,RAMCOCEM,EQ,N,891.25,706106,943.0,943.0,890.35,940.65,636773451.86,1214.5,838.3,112342003515.85,2026-08-27 16:00:29,0,0.0,0.0,,,26.615891313297652,-6.316354527018967,,,THE RAMCO CEMENTS LIMITED,-5.25
0,AVALONEQN,18.6,AVALON,EQ,N,2245.0,281157,2222.2,2280.0,2222.2,2226.4,634717550.64,2351.0,777.3,67921503929.55,2026-08-27 16:00:29,0,0.0,0.0,,,4.5087196937473415,-188.82027531197735,,,AVALON TECHNOLOGIES LIMITED,0.84
0,HBLENGINEEQN,-20.9,HBLENGINE,EQ,N,663.0,935680,684.0,693.8,662.9,683.9,632313830.4,1122.0,613.0,74501204980.38,2026-08-27 16:00:29,0,0.0,0.0,,,40.90909090909091,-8.156606851549755,,,HBL ENGINEERING LIMITED,-3.06
0,BAJAJHLDNGEQN,-141.0,BAJAJHLDNG,EQ,N,11399.0,55310,11440.0,11520.0,11331.0,11540.0,632027923.1,13880.0,8588.0,492165571179.38,2026-08-27 16:00:29,0,0.0,0.0,,,17.87463976945245,-32.73171867722403,,,BAJAJ HOLDINGS & INVESTMENT LIMITED,-1.22
0,VOLTAMPEQN,132.5,VOLTAMP,EQ,N,11111.0,56167,10700.0,11378.5,10700.0,10978.5,630995243.09,12863.0,6666.0,112364336934.75,2026-08-27 16:00:29,0,0.0,0.0,,,13.62046178962917,-66.68166816681668,,,VOLTAMP TRANSFORMERS LIMITED,1.21
0,KARURVYSYAEQN,-8.35,KARURVYSYA,EQ,N,346.0,1792437,356.85,358.5,345.05,354.35,628356714.72,358.65,201.82,325950025537.96,2026-08-27 16:00:29,0,0.0,0.0,,,3.5271155722849574,-71.43989693786543,,,KARUR VYSYA BANK LIMITED,-2.36
0,KPITTECHEQN,-2.0,KPITTECH,EQ,N,588.0,1063360,589.5,592.9,579.65,590.0,622735516.8,1328.0,543.0,96165031264.67,2026-08-27 16:00:29,0,0.0,0.0,,,55.72289156626506,-8.287292817679559,,,KPIT TECHNOLOGIES LIMITED,-0.34
0,THELEELAEQN,-4.8,THELEELA,EQ,N,548.0,1130203,541.05,558.1,541.05,552.8,621611650.0,576.0,384.5,44091972389.67,2026-08-27 16:00:29,0,0.0,0.0,,,4.861111111111111,-42.52275682704811,,,LEELA PALACES HOTELS & RESORTS LIMITED,-0.87
0,ALOKINDSEQN,-0.75,ALOKINDS,EQ,N,10.53,60004535,11.35,11.35,9.55,11.28,620446891.9,19.34,9.55,13037376755.58,2026-08-27 16:00:29,0,0.0,0.0,,,45.553257497414684,-10.261780104712042,,,ALOK INDUSTRIES LIMITED,-6.65
0,INDHOTELEQN,-2.5,INDHOTEL,EQ,N,718.5,863865,722.0,726.35,713.0,721.0,618812415.45,792.55,565.0,629178016472.72,2026-08-27 16:00:29,0,0.0,0.0,,,9.343259100372217,-27.168141592920353,,,THE INDIAN HOTELS COMPANY LIMITED,-0.35
0,CANHLIFEEQN,2.92,CANHLIFE,EQ,N,156.8,3945084,154.0,159.9,152.31,153.88,617957957.76,166.69,106.0,36845553920.0,2026-08-27 16:00:29,0,0.0,0.0,,,5.9331693562901195,-47.924528301886795,,,CANARA HSBC LIFE INSURANCE COMPANY LIMITED,1.9
0,RBLBANKEQN,2.9,RBLBANK,EQ,N,385.4,1606356,382.55,387.0,381.6,382.5,617483246.4,394.5,243.25,237763270611.17,2026-08-27 16:00:29,0,0.0,0.0,,,2.3067173637515843,-58.43782117163412,,,RBL BANK LIMITED,0.76
0,NCCEQN,2.8,NCC,EQ,N,150.0,4102590,147.19,152.6,147.19,147.2,616578251.1,222.31,130.0,60517379201.41,2026-08-27 16:00:29,0,0.0,0.0,,,32.52665197247087,-15.384615384615385,,,NCC LIMITED,1.9
0,ACMESOLAREQN,-5.95,ACMESOLAR,EQ,N,390.0,1572541,395.85,400.95,376.3,395.95,616357444.95,411.5,195.9,78378862562.58,2026-08-27 16:00:29,0,0.0,0.0,,,5.224787363304982,-99.0811638591118,,,ACME SOLAR HOLDINGS LIMITED,-1.5
0,IRFCEQN,-1.05,IRFC,EQ,N,84.65,7178981,85.7,86.16,84.5,85.7,611290232.15,137.17,84.5,169795951561.76,2026-08-27 16:00:29,0,0.0,0.0,,,38.288255449442296,-0.17751479289940827,,,INDIAN RAILWAY FINANCE CORPORATION LIMITED,-1.23
0,BDLEQN,-14.4,BDL,EQ,N,1348.6,445421,1355.0,1366.5,1339.1,1363.0,601812767.31,1654.0,1086.0,123947419591.88,2026-08-27 16:00:29,0,0.0,0.0,,,18.464328899637245,-24.1804788213628,,,BHARAT DYNAMICS LIMITED,-1.06
0,NHEQN,27.6,NH,EQ,N,1910.3,314326,1891.3,1922.0,1880.6,1882.7,600460101.06,2093.3,1589.0,131622870887.65,2026-08-27 16:00:29,0,0.0,0.0,,,8.742177423207377,-20.220264317180618,,,NARAYANA HRUDAYALAYA LTD.,1.47
0,SRFEQN,22.0,SRF,EQ,N,2605.0,225304,2593.0,2627.0,2592.1,2583.0,587067873.68,3210.0,2355.0,377274962801.09,2026-08-27 16:00:29,0,0.0,0.0,,,18.847352024922117,-10.615711252653927,,,SRF LIMITED,0.85
0,TATACAPEQN,5.35,TATACAP,EQ,N,376.0,1550014,372.65,378.0,372.0,370.65,581332750.7,390.2,296.0,188738559264.61,2026-08-27 16:00:29,0,0.0,0.0,,,3.6391594054331113,-27.027027027027028,,,TATA CAPITAL LIMITED,1.44
0,PETRONETEQN,1.95,PETRONET,EQ,N,290.95,1988032,290.0,293.35,289.6,289.0,580863189.76,326.4,235.35,217416909980.12,2026-08-27 16:00:29,0,0.0,0.0,,,10.860906862745098,-23.624389207563205,,,PETRONET LNG LIMITED,0.67
0,GICREEQN,3.25,GICRE,EQ,N,353.0,1644017,350.55,356.9,348.5,349.75,578480261.79,417.95,346.7,139813890432.0,2026-08-27 16:00:29,0,0.0,0.0,,,15.540136379949756,-1.8171329679838477,,,GENERAL INSURANCE CORPORATION OF INDIA,0.93
0,HONASAEQN,11.4,HONASA,EQ,N,486.9,1169028,476.8,491.75,476.75,475.5,568358033.04,509.8,248.4,66124595462.55,2026-08-27 16:00:29,0,0.0,0.0,,,4.491957630443311,-96.01449275362319,,,HONASA CONSUMER LIMITED,2.4
0,BALAMINESEQN,-29.5,BALAMINES,EQ,N,2407.7,234798,2410.0,2458.7,2381.7,2437.2,568258119.6,2461.0,968.1,26579664293.93,2026-08-27 16:00:29,0,0.0,0.0,,,2.165786265745632,-148.70364631752918,,,BALAJI AMINES LIMITED,-1.21
0,AZADEQN,-15.6,AZAD,EQ,N,2809.9,202086,2838.0,2838.0,2785.0,2825.5,567493863.48,2986.6,1360.0,79614109038.23,2026-08-27 16:00:29,0,0.0,0.0,,,5.916426705953258,-106.61029411764706,,,AZAD ENGINEERING LIMITED,-0.55
0,MRPLEQN,-3.31,MRPL,EQ,N,170.3,3267127,173.2,174.51,169.22,173.61,558744059.54,212.31,120.45,29934805105.97,2026-08-27 16:00:29,0,0.0,0.0,,,19.78710376336489,-41.38646741386467,,,MANGALORE REFINERY AND PETROCHEMICALS LIMITED,-1.91
0,RAINEQN,-1.78,RAIN,EQ,N,194.0,2796963,195.72,200.63,193.1,195.78,552959585.1,252.0,99.9,37216334561.79,2026-08-27 16:00:29,0,0.0,0.0,,,23.015873015873016,-94.1941941941942,,,RAIN INDUSTRIES LIMITED,-0.91
0,SAPPHIREEQN,-9.51,SAPPHIRE,EQ,N,240.17,2247967,249.0,257.19,238.15,249.68,551066630.38,347.9,139.91,56681080938.13,2026-08-27 16:00:29,0,0.0,0.0,,,30.96579476861167,-71.6603530841255,,,SAPPHIRE FOODS INDIA LIMITED,-3.81
0,CREDITACCEQN,-23.2,CREDITACC,EQ,N,1417.0,384049,1440.2,1446.2,1408.6,1440.2,548325959.75,1634.0,1113.0,76699138751.77,2026-08-27 16:00:29,0,0.0,0.0,,,13.28029375764994,-27.313566936208446,,,CREDITACCESS GRAMEEN LIMITED,-1.61
0,SUPREMEINDEQN,45.0,SUPREMEIND,EQ,N,3585.0,152254,3540.0,3633.5,3540.0,3540.0,548281879.4,4659.6,3140.0,230233104959.91,2026-08-27 16:00:29,0,0.0,0.0,,,23.0620654133402,-14.171974522292993,,,SUPREME INDUSTRIES LIMITED,1.27
0,BECTORFOODEQN,-4.54,BECTORFOOD,EQ,N,238.7,2239423,243.3,244.79,236.52,243.24,541089385.26,299.0,165.0,37345660469.05,2026-08-27 16:00:29,0,0.0,0.0,,,20.16722408026756,-44.666666666666664,,,MRS. BECTORS FOOD SPECIALITIES LIMITED,-1.87
0,COLPALEQN,-15.0,COLPAL,EQ,N,1845.0,290751,1864.8,1876.1,1841.0,1860.0,538087060.68,2504.0,1782.0,242357852668.78,2026-08-27 16:00:29,0,0.0,0.0,,,26.317891373801917,-3.5353535353535355,,,COLGATE PALMOLIVE (INDIA) LIMITED,-0.81
0,AEGISLOGEQN,-30.5,AEGISLOG,EQ,N,1301.2,411156,1333.0,1333.2,1291.1,1331.7,535871949.48,1497.8,576.1,162884592046.8,2026-08-27 16:00:29,0,0.0,0.0,,,13.12591801308586,-125.86356535323729,,,AEGIS LOGISTICS LIMITED,-2.29
0,M&MFINEQN,-4.45,M&MFIN,EQ,N,380.9,1390537,385.85,388.6,380.4,385.35,533521236.16,415.0,253.05,251319351206.28,2026-08-27 16:00:29,0,0.0,0.0,,,8.216867469879517,-50.523611934400314,,,MAHINDRA & MAHINDRA FINANCIAL SERVICES LIMITED,-1.15
0,PVRINOXEQN,-20.3,PVRINOX,EQ,N,1235.0,431393,1255.2,1260.1,1229.1,1255.3,533029190.8,1284.5,907.4,87845384355.86,2026-08-27 16:00:29,0,0.0,0.0,,,3.8536395484624366,-36.10315186246418,,,PVR INOX LIMITED,-1.62
0,ASTRALEQN,3.1,ASTRAL,EQ,N,1529.2,346093,1526.1,1547.5,1521.3,1526.1,530678240.62,1768.7,1311.6,186506861826.08,2026-08-27 16:00:29,0,0.0,0.0,,,13.541018827387347,-16.590423909728575,,,ASTRAL LIMITED,0.2
0,NHPCEQN,0.31,NHPC,EQ,N,76.55,7001214,76.04,76.55,75.24,76.24,530341960.5,89.22,71.62,287718591911.97,2026-08-27 16:00:29,0,0.0,0.0,,,14.200851826944632,-6.8835520804244625,,,NHPC LIMITED,0.41
0,INDIANBEQN,-4.6,INDIANB,EQ,N,884.4,596643,891.95,896.15,875.35,889.0,528130484.31,1000.9,642.6,311666839952.14,2026-08-27 16:00:29,0,0.0,0.0,,,11.639524428014786,-37.62838468720822,,,INDIAN BANK,-0.52
0,NYKAAEQN,-2.0,NYKAA,EQ,N,338.0,1530501,340.0,340.35,336.4,340.0,518166418.56,348.0,225.26,461262365625.45,2026-08-27 16:00:29,0,0.0,0.0,,,2.8735632183908044,-50.04883246026814,,,FSN E-COMMERCE VENTURES LIMITED,-0.59
0,ZENTECEQN,-50.4,ZENTEC,EQ,N,1823.0,281461,1873.4,1873.6,1816.3,1873.4,518014897.45,2043.7,1223.0,83827470372.85,2026-08-27 16:00:29,0,0.0,0.0,,,10.799040955130401,-49.05968928863451,,,ZEN TECHNOLOGIES LIMITED,-2.69
0,TARILEQN,-1.0,TARIL,EQ,N,303.0,1666044,304.0,313.35,302.0,304.0,512591757.48,552.0,224.05,32372740216.8,2026-08-27 16:00:29,0,0.0,0.0,,,45.108695652173914,-35.237670162910064,,,TRANSFORMERS AND RECTIFIERS (INDIA) LIMITED,-0.33
0,EMAMILTDEQN,-14.45,EMAMILTD,EQ,N,387.0,1314539,404.65,404.65,385.25,401.45,512420447.59,618.0,376.4,76033198624.5,2026-08-27 16:00:29,0,0.0,0.0,,,37.37864077669903,-2.81615302869288,,,EMAMI LIMITED,-3.6
0,CRAFTSMANEQN,346.0,CRAFTSMAN,EQ,N,10885.0,46789,10564.5,10929.5,10473.0,10539.0,503733649.23,10960.0,6324.0,158219587250.21,2026-08-27 16:00:29,0,0.0,0.0,,,0.6843065693430657,-72.12207463630614,,,CRAFTSMAN AUTOMATION LIMITED,3.28
0,OBEROIRLTYEQN,2.9,OBEROIRLTY,EQ,N,1872.9,270326,1875.2,1875.3,1844.9,1870.0,502938819.74,1986.1,1391.2,219835352100.54,2026-08-27 16:00:29,0,0.0,0.0,,,5.699612305523387,-34.624784358826915,,,OBEROI REALTY LIMITED,0.16
0,ANANTRAJEQN,-1.5,ANANTRAJ,EQ,N,604.85,823699,608.7,610.75,603.0,606.35,499812316.21,743.65,403.0,92046337703.67,2026-08-27 16:00:29,0,0.0,0.0,,,18.664694412694143,-50.08684863523573,,,ANANT RAJ LIMITED,-0.25
0,DABUREQN,-6.0,DABUR,EQ,N,386.2,1282102,393.5,394.8,386.05,392.2,499430013.08,577.0,386.05,227408714797.05,2026-08-27 16:00:29,0,0.0,0.0,,,33.067590987868286,-0.03885507058671157,,,DABUR INDIA LIMITED,-1.53
0,IREDAEQN,-1.4,IREDA,EQ,N,117.4,4163114,118.1,118.4,116.3,118.8,488000223.08,163.35,108.65,93141526300.03,2026-08-27 16:00:29,0,0.0,0.0,,,28.12978267523722,-8.053382420616659,,,INDIAN RENEWABLE ENERGY DEVELOPMENT AGENCY LIMITED,-1.18
0,JUBLFOODEQN,4.5,JUBLFOOD,EQ,N,504.0,974638,499.1,509.0,495.05,499.5,487796572.62,667.75,408.55,196722716436.49,2026-08-27 16:00:29,0,0.0,0.0,,,24.522650692624484,-23.363113450006118,,,JUBILANT FOODWORKS LIMITED,0.9
0,TATACOMMEQN,35.7,TATACOMM,EQ,N,1685.0,290206,1649.3,1705.7,1641.5,1649.3,486507142.52,2110.0,1322.5,197354298568.95,2026-08-27 16:00:29,0,0.0,0.0,,,20.14218009478673,-27.410207939508506,,,TATA COMMUNICATIONS LIMITED,2.16
0,CAMSEQN,-5.1,CAMS,EQ,N,740.9,653884,748.0,753.0,740.2,746.0,486077749.08,844.9,611.4,177762424671.44,2026-08-27 16:00:29,0,0.0,0.0,,,12.309149011717363,-21.180896303565586,,,COMPUTER AGE MANAGEMENT SERVICES LIMITED,-0.68
0,KTKBANKEQN,-9.7,KTKBANK,EQ,N,328.0,1461115,336.75,338.8,326.0,337.7,484695678.95,341.0,169.12,123614627498.87,2026-08-27 16:00:29,0,0.0,0.0,,,3.812316715542522,-93.94512771996216,,,THE KARNATAKA BANK LIMITED,-2.87
0,TEJASNETEQN,5.6,TEJASNET,EQ,N,510.65,948871,506.5,517.95,504.9,505.05,484626374.54,644.75,294.0,42054928211.93,2026-08-27 16:00:29,0,0.0,0.0,,,20.798759208995733,-73.69047619047619,,,TEJAS NETWORKS LIMITED,1.11
0,WELSPUNLIVEQN,1.82,WELSPUNLIV,EQ,N,192.45,2534490,190.11,192.8,187.6,190.63,482795000.1,195.0,107.1,60092542022.24,2026-08-27 16:00:29,0,0.0,0.0,,,1.3076923076923077,-79.69187675070027,,,WELSPUN LIVING LIMITED,0.95
0,ONESOURCEEQN,44.3,ONESOURCE,EQ,N,1527.9,315066,1493.9,1551.0,1491.1,1483.6,479697436.98,1925.0,1057.0,119846261922.89,2026-08-27 16:00:29,0,0.0,0.0,,,20.62857142857143,-44.55061494796594,,,ONESOURCE SPECIALTY PHARMA LIMITED,2.99
0,LTMEQN,4.0,LTM,EQ,N,4464.0,106428,4494.6,4530.3,4464.0,4460.0,478521573.6,6429.5,3528.0,413429231049.23,2026-08-27 16:00:29,0,0.0,0.0,,,30.570028773621587,-26.53061224489796,,,LTM LIMITED,0.09
0,AEQUSEQN,-4.41,AEQUS,EQ,N,247.25,1923847,251.0,251.4,245.0,251.66,476902432.83,274.39,113.3,28351595651.51,2026-08-27 16:00:29,0,0.0,0.0,,,9.89103101424979,-118.22594880847308,,,AEQUS LIMITED,-1.75
0,BLUESTONEEQN,5.05,BLUESTONE,EQ,N,803.0,586565,797.0,819.85,792.95,797.95,474490025.45,926.0,399.8,58907251782.43,2026-08-27 16:00:29,0,0.0,0.0,,,13.282937365010799,-100.8504252126063,,,BLUESTONE JEWELLERY AND LIFESTYLE LIMITED,0.63
0,ATGLEQN,1.35,ATGL,EQ,N,645.05,734229,643.0,647.25,639.05,643.7,472101904.71,859.85,462.8,178436460900.73,2026-08-27 16:00:29,0,0.0,0.0,,,24.981101354887482,-39.379861711322384,,,ADANI TOTAL GAS LIMITED,0.21
0,TATATECHEQN,5.5,TATATECH,EQ,N,799.0,593573,795.55,807.9,786.6,793.5,471783691.86,891.0,507.4,136863727494.74,2026-08-27 16:00:29,0,0.0,0.0,,,10.325476992143658,-57.46945210878991,,,TATA TECHNOLOGIES LIMITED,0.69
0,CUBEQN,2.2,CUB,EQ,N,229.0,2031290,225.7,230.7,225.14,226.8,464027887.6,245.38,145.13,219845787944.23,2026-08-27 16:00:29,0,0.0,0.0,,,6.67536066509088,-57.78956797354096,,,CITY UNION BANK LIMITED,0.97
0,MARKSANSEQN,-5.2,MARKSANS,EQ,N,325.85,1415329,332.0,332.95,323.05,331.05,462755969.84,345.5,155.0,69869598790.24,2026-08-27 16:00:29,0,0.0,0.0,,,5.687409551374819,-110.2258064516129,,,MARKSANS PHARMA LIMITED,-1.57
0,PNBHOUSINGEQN,-7.0,PNBHOUSING,EQ,N,1178.0,388513,1177.0,1195.0,1176.6,1185.0,460119831.03,1211.5,729.6,221001291477.82,2026-08-27 16:00:29,0,0.0,0.0,,,2.765167148163434,-61.458333333333336,,,PNB HOUSING FINANCE LIMITED,-0.59
0,ACEEQN,-25.0,ACE,EQ,N,1134.0,388332,1164.3,1184.0,1128.2,1159.0,450659286.0,1196.0,745.1,46544760578.51,2026-08-27 16:00:29,0,0.0,0.0,,,5.183946488294314,-52.194336330693865,,,ACTION CONSTRUCTION EQUIPMENT LIMITED,-2.16
0,AMBUJACEMEQN,-8.15,AMBUJACEM,EQ,N,411.05,1071242,420.0,422.5,411.05,419.2,445143900.68,600.8,394.0,255556431201.81,2026-08-27 16:00:29,0,0.0,0.0,,,31.582889480692412,-4.3274111675126905,,,AMBUJA CEMENTS LIMITED,-1.94
0,AAVASEQN,-9.8,AAVAS,EQ,N,1276.0,349968,1279.4,1293.6,1257.9,1285.8,445061304.96,1771.9,1060.4,50725139197.89,2026-08-27 16:00:29,0,0.0,0.0,,,27.986906710310965,-20.33195020746888,,,AAVAS FINANCIERS LIMITED,-0.76
0,RBAEQN,-1.06,RBA,EQ,N,101.3,4278593,102.99,104.48,99.9,102.36,432822467.88,111.15,57.15,52223116811.24,2026-08-27 16:00:29,0,0.0,0.0,,,8.861898335582547,-77.25284339457568,,,RESTAURANT BRANDS ASIA LIMITED,-1.04
0,PRESTIGEEQN,7.9,PRESTIGE,EQ,N,1623.0,264298,1623.6,1635.9,1609.6,1615.1,427768955.98,1805.2,1090.0,273007727561.8,2026-08-27 16:00:29,0,0.0,0.0,,,10.093064480389984,-48.89908256880734,,,PRESTIGE ESTATES PROJECTS LIMITED,0.49
0,AGARWALEYEEQN,-2.6,AGARWALEYE,EQ,N,495.95,857671,497.55,501.7,493.55,498.55,427600453.76,568.0,401.0,38423656123.43,2026-08-27 16:00:29,0,0.0,0.0,,,12.684859154929578,-23.678304239401495,,,DR. AGARWAL'S HEALTH CARE LIMITED,-0.52
0,ACUTAASEQN,77.2,ACUTAAS,EQ,N,3335.0,128415,3258.0,3341.0,3257.0,3257.8,426045013.8,3740.0,1302.0,172472390159.29,2026-08-27 16:00:29,0,0.0,0.0,,,10.828877005347593,-156.14439324116742,,,ACUTAAS CHEMICALS LIMITED,2.37
0,HEGEQN,-1.3,HEG,EQ,N,712.25,592845,714.8,720.45,708.0,713.55,422419847.85,749.0,459.8,59041581199.92,2026-08-27 16:00:29,0,0.0,0.0,,,4.906542056074766,-54.90430622009569,,,HEG LIMITED,-0.18
0,EMMVEEEQN,-5.65,EMMVEE,EQ,N,327.3,1276084,331.8,337.9,325.5,332.95,421362936.8,371.55,171.51,43740565872.84,2026-08-27 16:00:29,0,0.0,0.0,,,11.909568025837707,-90.83435368200105,,,EMMVEE PHOTOVOLTAIC POWER LIMITED,-1.7
0,RKFORGEEQN,-15.2,RKFORGE,EQ,N,716.8,576114,731.9,741.3,713.35,732.0,418679327.22,772.8,460.15,73742665386.33,2026-08-27 16:00:29,0,0.0,0.0,,,7.246376811594203,-55.775290666087145,,,RAMKRISHNA FORGINGS LIMITED,-2.08
0,RENUKAEQN,-0.5,RENUKA,EQ,N,23.44,17586067,24.04,24.29,23.32,23.94,417317369.91,33.5,21.05,18630895411.03,2026-08-27 16:00:29,0,0.0,0.0,,,30.029850746268657,-11.353919239904988,,,SHREE RENUKA SUGARS LIMITED,-2.09
0,BIKAJIEQN,-2.9,BIKAJI,EQ,N,609.2,663473,615.15,635.9,607.6,612.1,414445044.18,818.7,592.55,39855474091.72,2026-08-27 16:00:29,0,0.0,0.0,,,25.5893489678759,-2.8098894608049956,,,BIKAJI FOODS INTERNATIONAL LIMITED,-0.47
0,EDELWEISSEQN,-3.17,EDELWEISS,EQ,N,124.3,3254716,127.7,128.64,124.1,127.47,410061668.84,133.9,98.0,79666151212.56,2026-08-27 16:00:29,0,0.0,0.0,,,7.169529499626587,-26.836734693877553,,,EDELWEISS FINANCIAL SERVICES LIMITED,-2.49
0,ESCORTSEQN,-92.9,ESCORTS,EQ,N,2974.1,134744,3070.0,3096.9,2967.7,3067.0,406653349.68,4180.0,2700.0,98527345064.72,2026-08-27 16:00:29,0,0.0,0.0,,,28.849282296650717,-10.151851851851852,,,ESCORTS KUBOTA LIMITED,-3.03
0,CASTROLINDEQN,-0.33,CASTROLIND,EQ,N,186.42,2163286,186.56,187.4,184.9,186.75,402457727.44,210.75,170.1,88943419095.92,2026-08-27 16:00:29,0,0.0,0.0,,,11.544483985765124,-9.594356261022927,,,CASTROL INDIA LIMITED,-0.18
0,TIINDIAEQN,10.0,TIINDIA,EQ,N,2870.0,139913,2853.3,2879.4,2835.6,2860.0,400600300.73,3419.9,2164.9,305806683534.07,2026-08-27 16:00:29,0,0.0,0.0,,,16.07941752682827,-32.5696337013257,,,TUBE INVESTMENTS OF INDIA LIMITED,0.35
0,DEEPAKNTREQN,-23.7,DEEPAKNTR,EQ,N,1753.0,228604,1787.0,1787.0,1738.2,1776.7,400237597.16,1904.4,1280.0,120003741126.16,2026-08-27 16:00:29,0,0.0,0.0,,,7.950010501995379,-36.953125,,,DEEPAK NITRITE LIMITED,-1.33
0,DALBHARATEQN,-21.8,DALBHARAT,EQ,N,1876.2,211084,1874.9,1905.0,1859.2,1898.0,397306526.48,2496.3,1605.0,148761679359.59,2026-08-27 16:00:29,0,0.0,0.0,,,24.840764331210192,-16.897196261682243,,,DALMIA BHARAT LIMITED,-1.15
0,TATACHEMEQN,6.75,TATACHEM,EQ,N,644.4,620346,638.45,647.35,635.0,637.65,396779505.06,1026.65,580.3,100560222382.16,2026-08-27 16:00:29,0,0.0,0.0,,,37.23274728485852,-11.046010684128898,,,TATA CHEMICALS LIMITED,1.06
0,GRAPHITEEQN,-7.65,GRAPHITE,EQ,N,681.45,572923,690.0,698.95,678.5,689.1,395219473.09,802.4,505.8,45313356629.03,2026-08-27 16:00:29,0,0.0,0.0,,,15.073529411764707,-34.72716488730724,,,GRAPHITE INDIA LIMITED,-1.11
0,ABSLAMCEQN,15.5,ABSLAMC,EQ,N,1049.0,377907,1033.6,1054.9,1029.0,1033.5,393748861.44,1224.9,708.0,76311646287.18,2026-08-27 16:00:29,0,0.0,0.0,,,14.36035594742428,-48.163841807909606,,,ADITYA BIRLA SUN LIFE AMC LIMITED,1.5
0,TIEQN,-5.0,TI,EQ,N,555.9,691828,562.35,565.9,546.25,560.9,384109823.88,594.55,381.55,61565239085.2,2026-08-27 16:00:29,0,0.0,0.0,,,6.500714826339248,-45.69519066963701,,,TILAKNAGAR INDUSTRIES LIMITED,-0.89
0,SOUTHBANKEQN,-0.42,SOUTHBANK,EQ,N,45.9,8299347,46.3,47.04,45.65,46.32,384093779.16,49.9,28.11,119494704981.71,2026-08-27 16:00:29,0,0.0,0.0,,,8.016032064128256,-63.28708644610459,,,THE SOUTH INDIAN BANK LIMITED,-0.91
0,360ONEEQN,6.8,360ONE,EQ,N,1204.0,317442,1194.0,1207.0,1191.7,1197.2,381136737.3,1236.2,906.05,311935991344.85,2026-08-27 16:00:29,0,0.0,0.0,,,2.6047565118912797,-32.88449864797749,,,360 ONE WAM LIMITED,0.57
0,VIKRAMSOLREQN,0.3,VIKRAMSOLR,EQ,N,172.15,2177845,172.14,176.3,171.03,171.85,378248119.6,407.95,155.38,22695587911.33,2026-08-27 16:00:29,0,0.0,0.0,,,57.80120112758917,-10.792894838460548,,,VIKRAM SOLAR LIMITED,0.17
0,SHAILYEQN,51.7,SHAILY,EQ,N,3290.0,114517,3235.0,3333.0,3222.9,3238.3,376545638.04,3615.2,1770.9,85547447163.72,2026-08-27 16:00:29,0,0.0,0.0,,,8.995352954193406,-85.78124117680275,,,SHAILY ENGINEERING PLASTICS LIMITED,1.6
0,SKYGOLDEQN,-3.6,SKYGOLD,EQ,N,844.5,445982,848.5,855.0,832.05,848.1,375463326.16,868.8,259.0,63120126578.32,2026-08-27 16:00:29,0,0.0,0.0,,,2.796961325966851,-226.06177606177607,,,SKY GOLD AND DIAMONDS LIMITED,-0.42
0,TITAGARHEQN,5.0,TITAGARH,EQ,N,830.4,449561,834.0,845.0,827.0,825.4,375262053.53,971.0,568.7,66332906789.46,2026-08-27 16:00:29,0,0.0,0.0,,,14.479917610710608,-46.01723228415685,,,TITAGARH RAIL SYSTEMS LIMITED,0.61
0,GLANDEQN,-23.2,GLAND,EQ,N,2880.0,129706,2912.9,2924.4,2855.6,2903.2,373245876.78,3039.8,1573.6,228853788106.79,2026-08-27 16:00:29,0,0.0,0.0,,,5.256924797684058,-83.01982714794103,,,GLAND PHARMA LIMITED,-0.8
0,ENGINERSINEQN,-3.42,ENGINERSIN,EQ,N,246.94,1497903,250.75,252.47,243.5,250.36,369982041.0,267.0,163.55,67446194591.35,2026-08-27 16:00:29,0,0.0,0.0,,,7.51310861423221,-50.98746560684806,,,ENGINEERS INDIA LIMITED,-1.37
0,BAJAJHFLEQN,1.08,BAJAJHFL,EQ,N,85.15,4358067,84.05,85.4,83.9,84.07,369869146.29,117.0,72.65,94014909281.68,2026-08-27 16:00:29,0,0.0,0.0,,,27.22222222222222,-17.205781142463866,,,BAJAJ HOUSING FINANCE LIMITED,1.28
0,PATANJALIEQN,0.1,PATANJALI,EQ,N,348.25,1056545,348.0,348.85,345.25,348.15,366621115.0,615.0,328.2,120303529671.1,2026-08-27 16:00:29,0,0.0,0.0,,,43.3739837398374,-6.109079829372334,,,PATANJALI FOODS LIMITED,0.03
0,EQUITASBNKEQN,-0.85,EQUITASBNK,EQ,N,74.38,4917957,75.23,75.63,73.66,75.23,366289437.36,83.9,50.0,84796208668.92,2026-08-27 16:00:29,0,0.0,0.0,,,11.34684147794994,-48.76,,,EQUITAS SMALL FINANCE BANK LIMITED,-1.13
0,INDIAGLYCOEQN,8.4,INDIAGLYCO,EQ,N,1198.9,304427,1190.0,1210.0,1182.2,1190.5,364648749.14,1222.0,792.5,26817362146.52,2026-08-27 16:00:29,0,0.0,0.0,,,1.8903436988543372,-51.2807570977918,,,INDIA GLYCOLS LIMITED,0.71
0,SCHNEIDEREQN,37.6,SCHNEIDER,EQ,N,1212.0,302871,1175.8,1214.9,1172.1,1174.4,361131265.56,1548.0,571.85,70723957972.91,2026-08-27 16:00:29,0,0.0,0.0,,,21.705426356589147,-111.94369152749847,,,SCHNEIDER ELECTRIC INFRASTRUCTURE LIMITED,3.2
0,FACTEQN,-31.0,FACT,EQ,N,835.25,419829,850.1,871.6,835.2,866.25,358811053.14,1058.6,652.1,51887521497.55,2026-08-27 16:00:29,0,0.0,0.0,,,21.098620819950877,-28.08618310075142,,,FERTILIZERS AND CHEMICALS TRAVANCORE LIMITED,-3.58
0,KRBLEQN,-16.4,KRBL,EQ,N,431.0,821268,447.0,447.1,430.0,447.4,358688799.0,479.0,274.65,33074705670.07,2026-08-27 16:00:29,0,0.0,0.0,,,10.020876826722338,-56.9269979974513,,,KRBL LIMITED,-3.67
0,MSUMIEQN,0.28,MSUMI,EQ,N,37.95,9513977,37.67,38.07,37.13,37.67,358296373.82,53.59,35.7,96210517437.86,2026-08-27 16:00:29,0,0.0,0.0,,,29.184549356223176,-6.302521008403361,,,MOTHERSON SUMI WIRING INDIA LIMITED,0.74
0,THANGAMAYLEQN,-6.5,THANGAMAYL,EQ,N,5489.0,64030,5499.0,5589.0,5474.5,5495.5,354169139.0,7430.0,1939.5,65493294180.49,2026-08-27 16:00:29,0,0.0,0.0,,,26.123822341857334,-183.01108533127095,,,THANGAMAYIL JEWELLERY LIMITED,-0.12
0,ECLERXEQN,-13.0,ECLERX,EQ,N,1931.0,181165,1942.0,1972.2,1915.3,1944.0,352983697.65,2497.5,1320.0,78553882159.73,2026-08-27 16:00:29,0,0.0,0.0,,,22.68268268268268,-46.28787878787879,,,ECLERX SERVICES LIMITED,-0.67
0,ARVINDEQN,2.45,ARVIND,EQ,N,544.4,651136,539.0,546.7,532.9,541.95,352681303.04,600.0,274.8,88484809217.12,2026-08-27 16:00:29,0,0.0,0.0,,,9.266666666666667,-98.10771470160117,,,ARVIND LIMITED,0.45
0,TORNTPOWEREQN,-28.5,TORNTPOWER,EQ,N,1229.9,282272,1262.5,1262.9,1227.0,1258.4,348174043.84,1824.1,1188.0,233202992819.17,2026-08-27 16:00:29,0,0.0,0.0,,,32.574968477605395,-3.526936026936027,,,TORRENT POWER LIMITED,-2.26
0,PRICOLLTDEQN,-7.7,PRICOLLTD,EQ,N,773.0,441982,781.0,796.75,764.15,780.7,346924931.26,823.0,445.8,56818442260.51,2026-08-27 16:00:29,0,0.0,0.0,,,6.075334143377885,-73.3961417676088,,,PRICOL LIMITED,-0.99
0,ZAGGLEEQN,-1.61,ZAGGLE,EQ,N,189.15,1804121,190.07,196.39,187.57,190.76,345020100.04,412.0,154.36,13188593076.78,2026-08-27 16:00:29,0,0.0,0.0,,,54.08980582524272,-22.53822233739311,,,ZAGGLE PREPAID OCEAN SERVICES LIMITED,-0.84
0,MIDHANIEQN,-5.65,MIDHANI,EQ,N,418.8,803522,425.0,434.05,417.25,424.45,342404829.86,456.6,266.65,20398685630.04,2026-08-27 16:00:29,0,0.0,0.0,,,8.278580814717477,-57.059816238514905,,,MISHRA DHATU NIGAM LIMITED,-1.33
0,SWANCORPEQN,3.85,SWANCORP,EQ,N,304.0,1142323,299.45,306.5,295.65,300.15,342102892.04,506.0,295.65,42292290156.61,2026-08-27 16:00:29,0,0.0,0.0,,,39.92094861660079,-2.8242854726872992,,,SWAN CORP LIMITED,1.28
0,TATAELXSIEQN,-16.8,TATAELXSI,EQ,N,3633.2,92977,3650.0,3664.6,3622.6,3650.0,337943501.9,5950.0,3353.9,124738796818.33,2026-08-27 16:00:29,0,0.0,0.0,,,38.93781512605042,-8.327618593279466,,,TATA ELXSI LIMITED,-0.46
0,PTCILEQN,-319.0,PTCIL,EQ,N,20600.0,16310,20801.0,20888.0,20429.0,20919.0,336610673.0,21800.0,13400.0,124405535911.89,2026-08-27 16:00:29,0,0.0,0.0,,,5.504587155963303,-53.73134328358209,,,PTC INDUSTRIES LIMITED,-1.52
0,AETHEREQN,27.8,AETHER,EQ,N,1682.8,200314,1655.0,1696.1,1638.8,1655.0,335724260.86,1696.1,726.45,55930179702.7,2026-08-27 16:00:29,0,0.0,0.0,,,0.7841518778373917,-131.64705072613393,,,AETHER INDUSTRIES LIMITED,1.68
0,VARROCEQN,-3.15,VARROC,EQ,N,809.0,406477,812.55,840.8,806.3,812.15,335298812.53,874.85,462.0,30895858023.7,2026-08-27 16:00:29,0,0.0,0.0,,,7.527004629365034,-75.10822510822511,,,VARROC ENGINEERING LIMITED,-0.39
0,GPPLEQN,-0.46,GPPL,EQ,N,169.0,1964090,171.0,172.43,168.43,169.46,334229195.3,200.09,141.55,45721052960.62,2026-08-27 16:00:29,0,0.0,0.0,,,15.538007896446599,-19.392440833627692,,,GUJARAT PIPAVAV PORT LIMITED,-0.27
0,SHRIPISTONEQN,-117.0,SHRIPISTON,EQ,N,4493.0,73996,4601.0,4627.9,4434.2,4610.0,333652403.76,4785.8,2485.0,72654412000.11,2026-08-27 16:00:29,0,0.0,0.0,,,6.118099377324585,-80.80482897384306,,,SPR AUTO TECHNOLOGIES LIMITED,-2.54
0,KECEQN,-9.65,KEC,EQ,N,420.5,786288,429.95,431.9,419.1,430.15,333606272.64,937.8,418.0,54392699506.2,2026-08-27 16:00:29,0,0.0,0.0,,,55.16101514182128,-0.5980861244019139,,,KEC INTERNATIONAL LIMITED,-2.24
0,JPPOWEREQN,-0.05,JPPOWER,EQ,N,16.93,19664574,17.02,17.13,16.89,16.98,333117883.56,24.5,13.15,82193940383.96,2026-08-27 16:00:29,0,0.0,0.0,,,30.897959183673468,-28.745247148288975,,,JAIPRAKASH POWER VENTURES LIMITED,-0.29
0,TANLAEQN,6.95,TANLA,EQ,N,533.0,619699,527.95,547.85,527.95,526.05,332821741.93,766.0,365.9,36223473980.9,2026-08-27 16:00:29,0,0.0,0.0,,,30.4177545691906,-45.66821535938781,,,TANLA PLATFORMS LIMITED,1.32
0,CONCOREQN,-23.95,CONCOR,EQ,N,493.05,651195,517.0,518.0,493.05,517.0,332389463.85,569.8,421.45,169733857760.44,2026-08-27 16:00:29,0,0.0,0.0,,,13.46963846963847,-16.988966662712066,,,CONTAINER CORPORATION OF INDIA LIMITED,-4.63
0,RATNAMANIEQN,10.4,RATNAMANI,EQ,N,2652.0,121827,2641.1,2759.9,2631.0,2641.6,328826910.51,3345.0,1936.5,69582137614.7,2026-08-27 16:00:29,0,0.0,0.0,,,20.717488789237667,-36.94810224632068,,,RATNAMANI METALS & TUBES LIMITED,0.39
0,PNGJLEQN,-2.35,PNGJL,EQ,N,593.35,552777,597.0,601.0,582.75,595.7,327702788.91,736.4,503.0,14749117235.58,2026-08-27 16:00:29,0,0.0,0.0,,,19.42558392178164,-17.962226640159045,,,P N GADGIL JEWELLERS LIMITED,-0.39
0,MPHASISEQN,13.6,MPHASIS,EQ,N,2413.6,136275,2391.2,2419.2,2385.3,2400.0,327257598.75,3037.2,2013.0,318607541353.5,2026-08-27 16:00:29,0,0.0,0.0,,,20.53206901093112,-19.900645802285148,,,MPHASIS LIMITED,0.57
0,AARTIPHARMEQN,-22.55,AARTIPHARM,EQ,N,814.1,397741,836.0,843.0,810.1,836.65,326103868.49,946.1,585.0,41743929816.46,2026-08-27 16:00:29,0,0.0,0.0,,,13.95201352922524,-39.162393162393165,,,AARTI PHARMALABS LIMITED,-2.7
0,ELECTCASTEQN,1.35,ELECTCAST,EQ,N,79.0,4091262,77.6,81.25,77.3,77.65,325418979.48,103.95,60.15,24027110317.16,2026-08-27 16:00:29,0,0.0,0.0,,,24.001924001924003,-31.338320864505402,,,ELECTROSTEEL CASTINGS LIMITED,1.74
0,GMDCLTDEQN,-11.95,GMDCLTD,EQ,N,567.0,569849,578.95,580.2,566.0,578.95,325087457.52,771.9,400.0,46789587306.0,2026-08-27 16:00:29,0,0.0,0.0,,,26.54488923435678,-41.75,,,GUJARAT MINERAL DEVELOPMENT CORPORATION LIMITED,-2.06
0,NUVAMAEQN,-1.3,NUVAMA,EQ,N,1778.0,180923,1779.3,1793.0,1758.0,1779.3,322178632.25,2066.0,1096.9,138341451082.77,2026-08-27 16:00:29,0,0.0,0.0,,,13.93998063891578,-62.093171665603066,,,NUVAMA WEALTH MANAGEMENT LIMITED,-0.07
0,RATEGAINEQN,-20.15,RATEGAIN,EQ,N,913.9,344863,939.2,943.75,911.0,934.05,319253473.62,1050.0,437.0,55398246226.05,2026-08-27 16:00:29,0,0.0,0.0,,,12.961904761904762,-109.1304347826087,,,RATEGAIN TRAVEL TECHNOLOGIES LIMITED,-2.16
0,JMFINANCILEQN,-2.59,JMFINANCIL,EQ,N,130.25,2417959,132.25,133.4,130.0,132.84,317260400.39,195.6,112.0,50030120005.42,2026-08-27 16:00:29,0,0.0,0.0,,,33.41002044989775,-16.294642857142858,,,JM FINANCIAL LIMITED,-1.95
0,GABRIELEQN,8.6,GABRIEL,EQ,N,1351.2,233005,1339.0,1377.2,1335.0,1342.6,316688745.75,1600.0,795.7,85385848295.97,2026-08-27 16:00:29,0,0.0,0.0,,,15.55,-69.81274349629257,,,GABRIEL INDIA LIMITED,0.64
0,IKSEQN,9.2,IKS,EQ,N,1750.6,180738,1741.4,1771.0,1724.0,1741.4,316170405.54,1933.0,1262.0,89622918172.49,2026-08-27 16:00:29,0,0.0,0.0,,,9.436109674081738,-38.71632329635499,,,INVENTURUS KNOWLEDGE SOLUTIONS LIMITED,0.53
0,LLOYDSENGGEQN,-0.66,LLOYDSENGG,EQ,N,87.85,3585591,88.8,89.6,87.15,88.51,315747143.46,99.75,37.4,62544267348.25,2026-08-27 16:00:29,0,0.0,0.0,,,11.929824561403509,-134.89304812834226,,,LLOYDS ENGINEERING WORKS LIMITED,-0.75
0,SANSERAEQN,13.3,SANSERA,EQ,N,3849.9,81562,3836.6,3897.9,3805.0,3836.6,314385622.72,4040.4,1241.3,166948946268.37,2026-08-27 16:00:29,0,0.0,0.0,,,4.714879714879715,-210.15064851365503,,,SANSERA ENGINEERING LIMITED,0.35
0,ARE&MEQN,-7.55,ARE&M,EQ,N,913.2,342311,920.5,926.35,910.1,920.75,313180333.9,1057.85,670.0,111512308056.28,2026-08-27 16:00:29,0,0.0,0.0,,,13.673961336673441,-36.298507462686565,,,AMARA RAJA ENERGY & MOBILITY LIMITED,-0.82
0,INOXGREENEQN,-3.68,INOXGREEN,EQ,N,170.8,1810872,174.48,174.59,170.6,174.48,311524310.16,279.0,132.58,27504614516.56,2026-08-27 16:00:29,0,0.0,0.0,,,38.78136200716846,-28.827877507919748,,,INOX GREEN ENERGY SERVICES LIMITED,-2.11
0,SCHAEFFLEREQN,58.0,SCHAEFFLER,EQ,N,4068.2,75168,4001.0,4084.0,4001.0,4010.2,303890693.76,4467.7,3518.4,163291958912.91,2026-08-27 16:00:29,0,0.0,0.0,,,8.941961188083354,-15.626421100500227,,,SCHAEFFLER INDIA LIMITED,1.45
0,QPOWEREQN,64.9,QPOWER,EQ,N,1363.1,224360,1302.9,1363.1,1301.5,1298.2,303745298.8,1441.0,581.0,27540922403.67,2026-08-27 16:00:29,0,0.0,0.0,,,5.405968077723803,-134.61273666092944,,,QUALITY POWER ELECTRICAL EQUIPMENTS LIMITED,5.0
0,NBCCEQN,-0.61,NBCC,EQ,N,88.6,3405853,89.25,89.67,88.42,89.21,302678156.11,125.85,77.18,91482033960.0,2026-08-27 16:00:29,0,0.0,0.0,,,29.598728645212553,-14.79657942472143,,,NBCC (INDIA) LIMITED,-0.68
0,GPILEQN,-5.88,GPIL,EQ,N,239.95,1241037,246.05,247.49,238.65,245.83,301596811.74,320.0,221.21,58763538045.31,2026-08-27 16:00:29,0,0.0,0.0,,,25.015625,-8.47158808372135,,,GODAWARI POWER AND ISPAT LIMITED,-2.39
0,SHREECEMEQN,-385.0,SHREECEM,EQ,N,24480.0,11780,24825.0,24945.0,24425.0,24865.0,289572190.4,30750.0,22550.0,326489660438.96,2026-08-27 16:00:29,0,0.0,0.0,,,20.390243902439025,-8.558758314855876,,,SHREE CEMENT LIMITED,-1.55
0,TENNINDEQN,0.9,TENNIND,EQ,N,540.5,533231,538.0,544.7,536.4,539.6,288355327.87,657.0,438.05,49012649034.46,2026-08-27 16:00:29,0,0.0,0.0,,,17.732115677321158,-23.3877411254423,,,TENNECO CLEAN AIR INDIA LIMITED,0.17
0,BLSEQN,-0.16,BLS,EQ,N,237.6,1208948,239.0,239.99,236.95,237.76,287693355.56,392.85,218.9,28701944514.63,2026-08-27 16:00:29,0,0.0,0.0,,,39.51890034364261,-8.542713567839195,,,BLS INTERNATIONAL SERVICES LIMITED,-0.07
0,FLUOROCHEMEQN,-42.1,FLUOROCHEM,EQ,N,4690.0,61251,4710.0,4729.7,4660.1,4732.1,287538531.93,4958.9,2916.6,197214129021.0,2026-08-27 16:00:29,0,0.0,0.0,,,5.4225735546189675,-60.80367551258315,,,GUJARAT FLUOROCHEMICALS LIMITED,-0.89
0,OLECTRAEQN,2.6,OLECTRA,EQ,N,1329.0,216139,1330.0,1338.9,1317.4,1326.4,287272506.29,1714.2,866.6,54245392295.44,2026-08-27 16:00:29,0,0.0,0.0,,,22.471123556177808,-53.35795061158551,,,OLECTRA GREENTECH LIMITED,0.2
0,NAZARAEQN,-0.1,NAZARA,EQ,N,356.25,809757,355.75,359.5,351.0,356.35,287237003.04,365.0,215.7,80819204822.25,2026-08-27 16:00:29,0,0.0,0.0,,,2.3972602739726026,-65.15994436717664,,,NAZARA TECHNOLOGIES LIMITED,-0.03
0,NEOGENEQN,43.6,NEOGEN,EQ,N,2226.9,128727,2183.0,2246.3,2173.0,2183.3,286264389.87,2483.9,966.7,28930364660.88,2026-08-27 16:00:29,0,0.0,0.0,,,10.34663231208986,-130.36102203372297,,,NEOGEN CHEMICALS LIMITED,2.0
0,AARTIINDEQN,-5.85,AARTIIND,EQ,N,537.1,531274,542.95,543.0,534.55,542.95,285735095.42,551.75,338.05,110236614642.69,2026-08-27 16:00:29,0,0.0,0.0,,,2.655188038060716,-58.881822215648576,,,AARTI INDUSTRIES LIMITED,-1.08
0,EIDPARRYEQN,0.15,EIDPARRY,EQ,N,796.5,357257,788.6,805.9,786.55,796.35,284344418.87,1176.0,698.2,81698078239.79,2026-08-27 16:00:29,0,0.0,0.0,,,32.27040816326531,-14.079060441134345,,,EID PARRY INDIA LIMITED,0.02
0,IRCTCEQN,-5.25,IRCTC,EQ,N,486.5,581723,491.75,492.5,486.0,491.75,284160051.04,739.0,481.0,146352432800.0,2026-08-27 16:00:29,0,0.0,0.0,,,34.16779431664411,-1.1434511434511434,,,INDIAN RAILWAY CATERING AND TOURISM CORPORATION LIMITED,-1.07
0,KITEXEQN,2.2,KITEX,EQ,N,129.0,2143828,126.74,134.95,125.75,126.8,282492215.56,232.7,123.15,10923330033.0,2026-08-27 16:00:29,0,0.0,0.0,,,44.56381607219596,-4.750304506699147,,,KITEX GARMENTS LIMITED,1.74
0,ELLENEQN,4.75,ELLEN,EQ,N,326.0,850408,323.7,337.4,323.7,321.25,281527568.4,559.8,175.0,10039305338.64,2026-08-27 16:00:29,0,0.0,0.0,,,41.76491604144337,-86.28571428571429,,,ELLENBARRIE INDUSTRIAL GASES LIMITED,1.48
0,AFFLEEQN,-37.8,AFFLE,EQ,N,1649.0,169829,1686.8,1699.5,1641.1,1686.8,280576189.19,2185.9,1251.3,104167386110.25,2026-08-27 16:00:29,0,0.0,0.0,,,24.561965323207833,-31.782945736434108,,,AFFLE 3I LIMITED,-2.24
0,MRFEQN,80.0,MRF,EQ,N,133600.0,2084,133600.0,133790.0,132500.0,133520.0,278012498.04,163600.0,122000.0,270260302921.87,2026-08-27 16:00:29,0,0.0,0.0,,,18.337408312958434,-9.508196721311476,,,MRF LIMITED,0.06
0,PRAJINDEQN,3.75,PRAJIND,EQ,N,354.0,783561,350.95,357.15,348.35,350.25,277921251.09,433.0,273.0,43579414566.39,2026-08-27 16:00:29,0,0.0,0.0,,,18.244803695150114,-29.67032967032967,,,PRAJ INDUSTRIES LIMITED,1.07
0,FORTISEQN,1.8,FORTIS,EQ,N,915.65,302082,916.95,920.0,911.3,913.85,276510758.7,1104.3,766.8,475828374718.91,2026-08-27 16:00:29,0,0.0,0.0,,,17.08322013945486,-19.41184141888367,,,FORTIS HEALTHCARE LIMITED,0.2
0,GNFCEQN,-6.25,GNFC,EQ,N,578.0,477474,582.55,584.7,575.0,584.25,276261681.66,619.0,365.0,48082816343.58,2026-08-27 16:00:29,0,0.0,0.0,,,6.623586429725363,-58.35616438356164,,,GUJARAT NARMADA VALLEY FERTILIZERS AND CHEMICALS LIMITED,-1.07
0,CONCORDBIOEQN,-48.2,CONCORDBIO,EQ,N,1494.0,184371,1537.0,1546.4,1471.7,1542.2,275783985.51,1733.9,987.0,49384726881.74,2026-08-27 16:00:29,0,0.0,0.0,,,13.835861353019205,-51.367781155015194,,,CONCORD BIOTECH LIMITED,-3.13
0,AKUMSEQN,-5.3,AKUMS,EQ,N,760.8,359949,769.0,778.05,760.0,766.1,275749729.92,783.0,409.3,26358465322.36,2026-08-27 16:00:29,0,0.0,0.0,,,2.835249042145594,-85.87832885414122,,,AKUMS DRUGS AND PHARMACEUTICALS LIMITED,-0.69
0,ANANDRATHIEQN,8.6,ANANDRATHI,EQ,N,2188.0,124936,2191.0,2195.0,2169.2,2179.4,272562876.32,2230.0,1353.85,194792552886.22,2026-08-27 16:00:29,0,0.0,0.0,,,1.883408071748879,-61.61317723529194,,,ANAND RATHI WEALTH LIMITED,0.39
0,GODFRYPHLPEQN,-38.3,GODFRYPHLP,EQ,N,2115.0,126205,2153.0,2161.0,2110.0,2153.3,268848201.25,3947.0,1832.1,86135281980.11,2026-08-27 16:00:29,0,0.0,0.0,,,46.4149987332151,-15.44129687244146,,,GODFREY PHILLIPS INDIA LIMITED,-1.78
0,PIINDEQN,-41.3,PIIND,EQ,N,2467.0,107358,2508.3,2536.5,2460.0,2508.3,267626316.72,3898.0,2453.1,199309800824.74,2026-08-27 16:00:29,0,0.0,0.0,,,36.71113391482812,-0.5666299783946843,,,PI INDUSTRIES LIMITED,-1.65
0,CEMPROEQN,-35.3,CEMPRO,EQ,N,1251.8,209870,1280.0,1293.0,1241.1,1287.1,266876988.1,1649.2,503.3,69399332193.39,2026-08-27 16:00:29,0,0.0,0.0,,,24.09653165170992,-148.71845817603815,,,CEMINDIA PROJECTS LIMITED,-2.74
0,MINDACORPEQN,-15.55,MINDACORP,EQ,N,691.95,379106,711.0,711.9,685.5,707.5,265821545.08,769.0,468.5,55455121516.75,2026-08-27 16:00:29,0,0.0,0.0,,,10.019505851755527,-47.694770544290286,,,MINDA CORPORATION LIMITED,-2.2
0,ICICIPRULIEQN,-5.05,ICICIPRULI,EQ,N,510.0,515424,518.35,518.95,509.0,515.05,265000095.36,706.8,459.5,201200438092.8,2026-08-27 16:00:29,0,0.0,0.0,,,27.843803056027166,-10.990206746463548,,,ICICI PRUDENTIAL LIFE INSURANCE COMPANY LIMITED,-0.98
0,HUDCOEQN,-4.95,HUDCO,EQ,N,182.0,1437057,186.95,187.4,181.79,186.95,264677158.26,246.85,159.0,91081713504.6,2026-08-27 16:00:29,0,0.0,0.0,,,26.271014786307475,-14.465408805031446,,,HOUSING & URBAN DEVELOPMENT CORPORATION LIMITED,-2.65
0,INDGNEQN,-2.2,INDGN,EQ,N,567.5,464592,570.0,574.0,561.9,569.7,264180948.96,596.8,414.0,58525817140.79,2026-08-27 16:00:29,0,0.0,0.0,,,4.909517426273458,-37.07729468599034,,,INDEGENE LIMITED,-0.39
0,SONATSOFTWEQN,-10.45,SONATSOFTW,EQ,N,289.0,893667,300.35,301.55,288.05,299.45,260959700.67,421.5,207.15,55970569504.81,2026-08-27 16:00:29,0,0.0,0.0,,,31.43534994068802,-39.512430605841175,,,SONATA SOFTWARE LIMITED,-3.49
0,BELRISEEQN,-1.01,BELRISE,EQ,N,228.65,1126822,231.0,232.0,228.6,229.66,258864818.06,268.2,135.16,85919468037.4,2026-08-27 16:00:29,0,0.0,0.0,,,14.746457867263237,-69.16987274341521,,,BELRISE INDUSTRIES LIMITED,-0.44
0,BEMLEQN,-11.7,BEML,EQ,N,1926.0,133220,1945.0,1949.7,1914.5,1937.7,257299775.8,2275.75,1355.0,73444708117.6,2026-08-27 16:00:29,0,0.0,0.0,,,15.368559815445458,-42.140221402214024,,,BEML LIMITED,-0.6
0,IEXEQN,0.0,IEX,EQ,N,122.0,2063529,122.0,122.95,121.65,122.0,252245784.96,160.27,114.6,96690867574.57,2026-08-27 16:00:29,0,0.0,0.0,,,23.878455107006925,-6.457242582897033,,,INDIAN ENERGY EXCHANGE LIMITED,0.0
0,RPOWEREQN,0.09,RPOWER,EQ,N,22.79,11093761,22.7,22.93,22.6,22.7,251828374.7,50.73,20.17,65923098264.37,2026-08-27 16:00:29,0,0.0,0.0,,,55.07589197713384,-12.989588497768963,,,RELIANCE POWER LIMITED,0.4
0,LTFOODSEQN,-13.3,LTFOODS,EQ,N,438.0,568938,451.0,451.0,436.15,451.3,251425080.96,490.7,333.15,60102415230.97,2026-08-27 16:00:29,0,0.0,0.0,,,10.739759527206033,-31.472309770373705,,,LT FOODS LIMITED,-2.95
0,USHAMARTEQN,-6.15,USHAMART,EQ,N,490.0,514767,495.9,495.9,479.95,496.15,250717267.35,527.5,374.0,89021129157.17,2026-08-27 16:00:29,0,0.0,0.0,,,7.109004739336493,-31.016042780748663,,,USHA MARTIN LIMITED,-1.24
0,ATULEQN,72.5,ATUL,EQ,N,6598.5,38284,6568.0,6602.0,6481.0,6526.0,250690905.96,7180.0,5560.5,104755035290.56,2026-08-27 16:00:29,0,0.0,0.0,,,8.098885793871867,-18.66738602643647,,,ATUL LIMITED,1.11
0,JAYNECOINDEQN,-1.21,JAYNECOIND,EQ,N,101.02,2438834,102.9,103.62,100.67,102.23,249053728.08,117.0,57.12,43992100546.69,2026-08-27 16:00:29,0,0.0,0.0,,,13.658119658119658,-76.85574229691876,,,JAYASWAL NECO INDUSTRIES LIMITED,-1.18
0,ZENSARTECHEQN,-8.85,ZENSARTECH,EQ,N,463.0,526320,473.4,474.75,461.5,471.85,245417752.8,868.95,423.0,52619249621.07,2026-08-27 16:00:29,0,0.0,0.0,,,46.71730249151275,-9.456264775413711,,,ZENSAR TECHNOLOGIES LIMITED,-1.88
0,DIACABSBEN,1.7,DIACABS,BE,N,340.0,724738,337.1,341.4,330.0,338.3,244280190.28,379.0,115.57,32473859071.72,2026-08-27 16:00:29,0,0.0,0.0,,,10.29023746701847,-194.19399498139654,,,DIAMOND POWER INFRASTRUCTURE LIMITED,0.5
0,LEMONTREEEQN,-0.9,LEMONTREE,EQ,N,107.85,2259074,108.89,109.53,107.26,108.75,244025173.48,180.68,99.61,53416717769.23,2026-08-27 16:00:29,0,0.0,0.0,,,40.30883329643569,-8.2722618211023,,,LEMON TREE HOTELS LIMITED,-0.83
0,ELGIEQUIPEQN,-18.7,ELGIEQUIP,EQ,N,598.85,400200,618.95,618.95,597.1,617.55,242785332.0,644.0,408.25,128309771231.2,2026-08-27 16:00:29,0,0.0,0.0,,,7.010869565217392,-46.687078995713414,,,ELGI EQUIPMENTS LIMITED,-3.03
0,KRNEQN,28.0,KRN,EQ,N,1539.9,158253,1483.1,1568.6,1482.0,1511.9,242698383.33,1598.2,589.8,33043998696.39,2026-08-27 16:00:29,0,0.0,0.0,,,3.6478538355650105,-161.088504577823,,,KRN HEAT EXCHANGER AND REFRIGERATION LIMITED,1.85
0,ORKLAINDIAEQN,28.2,ORKLAINDIA,EQ,N,608.0,407447,575.95,609.9,575.95,579.8,242137603.16,760.0,533.25,13878438070.65,2026-08-27 16:00:29,0,0.0,0.0,,,20.0,-14.017815283638068,,,ORKLA INDIA LIMITED,4.86
0,NATCOPHARMEQN,-7.9,NATCOPHARM,EQ,N,855.5,279220,868.0,869.9,853.0,863.4,239794136.0,1226.8,789.0,76647037790.17,2026-08-27 16:00:29,0,0.0,0.0,,,30.265731985653733,-8.428390367553865,,,NATCO PHARMA LIMITED,-0.91
0,CMSINFOEQN,-5.15,CMSINFO,EQ,N,241.0,985514,247.0,248.3,239.0,246.15,238987145.0,444.9,239.0,36067388140.35,2026-08-27 16:00:29,0,0.0,0.0,,,45.830523713193976,-0.8368200836820083,,,CMS INFO SYSTEMS LIMITED,-2.09
0,IPCALABEQN,8.3,IPCALAB,EQ,N,1960.7,122184,1954.8,1970.3,1947.3,1952.4,238868498.16,1992.0,1251.6,271593112681.24,2026-08-27 16:00:29,0,0.0,0.0,,,1.571285140562249,-56.655480984340045,,,IPCA LABORATORIES LIMITED,0.43
0,APOLLOTYREEQN,1.35,APOLLOTYRE,EQ,N,444.4,538426,445.15,448.0,439.35,443.05,238614250.42,540.5,365.3,143035832063.33,2026-08-27 16:00:29,0,0.0,0.0,,,17.779833487511564,-21.65343553243909,,,APOLLO TYRES LIMITED,0.3
0,FIEMINDEQN,-44.0,FIEMIND,EQ,N,2066.0,113990,2110.0,2117.9,2060.0,2110.0,237552880.2,2674.8,1868.5,24728600284.51,2026-08-27 16:00:29,0,0.0,0.0,,,22.76058023029759,-10.56997591651057,,,FIEM INDUSTRIES LIMITED,-2.09
0,SUNDARMFINEQN,110.4,SUNDARMFIN,EQ,N,4650.0,51237,4530.0,4665.7,4500.0,4539.6,237282645.96,5642.0,4000.0,319344258233.57,2026-08-27 16:00:29,0,0.0,0.0,,,17.582417582417584,-16.25,,,SUNDARAM FINANCE LIMITED,2.43
0,APLLTDEQN,0.2,APLLTD,EQ,N,825.0,285845,825.0,848.95,816.1,824.8,236485285.4,998.0,635.8,45769005968.0,2026-08-27 16:00:29,0,0.0,0.0,,,17.334669338677354,-29.757785467128027,,,ALEMBIC PHARMACEUTICALS LIMITED,0.02
0,BSOFTEQN,-6.3,BSOFT,EQ,N,287.25,816795,295.6,295.6,287.25,293.55,236200778.1,474.0,270.2,47528077177.76,2026-08-27 16:00:29,0,0.0,0.0,,,39.39873417721519,-6.310140636565507,,,BIRLASOFT LIMITED,-2.15
0,COROMANDELEQN,-19.7,COROMANDEL,EQ,N,1930.0,119821,1950.0,1963.4,1923.1,1949.7,233464029.24,2499.0,1706.5,230092280425.35,2026-08-27 16:00:29,0,0.0,0.0,,,22.76910764305722,-13.096982127160855,,,COROMANDEL INTERNATIONAL LIMITED,-1.01
0,APTUSEQN,-3.15,APTUS,EQ,N,255.35,903961,258.5,259.75,255.1,258.5,232299897.78,353.25,193.03,90202588831.25,2026-08-27 16:00:29,0,0.0,0.0,,,27.714083510261855,-32.28513702533285,,,APTUS VALUE HOUSING FINANCE INDIA LIMITED,-1.22
0,THYROCAREEQN,-21.6,THYROCARE,EQ,N,583.6,396389,605.2,605.2,577.75,605.2,231736937.18,662.0,342.55,36167863695.59,2026-08-27 16:00:29,0,0.0,0.0,,,11.842900302114804,-70.3692891548679,,,THYROCARE TECHNOLOGIES LIMITED,-3.57
0,SAREGAMAEQN,-12.55,SAREGAMA,EQ,N,485.0,469479,498.35,502.75,484.3,497.55,229913255.88,574.5,307.05,34948839038.8,2026-08-27 16:00:29,0,0.0,0.0,,,15.578764142732812,-57.95473049991858,,,SAREGAMA INDIA LIMITED,-2.52
0,EPLEQN,-0.26,EPL,EQ,N,254.0,890657,255.1,260.26,252.01,254.26,227972565.72,274.03,176.4,35351520637.24,2026-08-27 16:00:29,0,0.0,0.0,,,7.309418676787213,-43.99092970521542,,,EPL LIMITED,-0.1
0,AEGISVOPAKEQN,-1.75,AEGISVOPAK,EQ,N,262.4,852910,264.15,267.2,258.3,264.15,223854758.6,311.49,158.0,37758591341.03,2026-08-27 16:00:29,0,0.0,0.0,,,15.759735465022954,-66.07594936708861,,,AEGIS VOPAK TERMINALS LIMITED,-0.66
0,IRCONEQN,-1.15,IRCON,EQ,N,122.9,1788487,124.05,125.92,122.1,124.05,222165855.14,189.5,114.5,39935438789.79,2026-08-27 16:00:29,0,0.0,0.0,,,35.145118733509236,-7.336244541484716,,,IRCON INTERNATIONAL LIMITED,-0.93
0,QUESSEQN,-12.2,QUESS,EQ,N,358.5,607375,370.75,374.0,355.0,370.7,220811181.25,376.5,166.3,22865912188.71,2026-08-27 16:00:29,0,0.0,0.0,,,4.780876494023905,-115.57426337943475,,,QUESS CORP LIMITED,-3.29
0,NEWGENEQN,-2.2,NEWGEN,EQ,N,522.15,415158,525.1,531.55,520.2,524.35,217820947.86,1041.95,401.05,33277759360.98,2026-08-27 16:00:29,0,0.0,0.0,,,49.88723067325687,-30.195736192494703,,,NEWGEN SOFTWARE TECHNOLOGIES LIMITED,-0.42
0,ASTRAMICROEQN,-13.9,ASTRAMICRO,EQ,N,1684.8,128292,1707.1,1715.0,1680.7,1698.7,217687148.52,1960.0,851.0,142184862854.02,2026-08-27 16:00:29,0,0.0,0.0,,,14.040816326530612,-97.97884841363103,,,ASTRA MICROWAVE PRODUCTS LIMITED,-0.82
0,WEWORKEQN,-4.3,WEWORK,EQ,N,674.0,316546,678.0,694.85,672.65,678.3,215760919.06,794.5,420.0,32766953982.89,2026-08-27 16:00:29,0,0.0,0.0,,,15.166771554436753,-60.476190476190474,,,WEWORK INDIA MANAGEMENT LIMITED,-0.63
0,TRIVENIEQN,-3.07,TRIVENI,EQ,N,282.69,752847,286.0,289.9,281.28,285.76,214388240.19,490.1,220.05,23911888781.17,2026-08-27 16:00:29,0,0.0,0.0,,,42.31993470720261,-28.466257668711656,,,TRIVENI ENGINEERING & INDUSTRIES LIMITED,-1.07
0,JAINRECEQN,-5.05,JAINREC,EQ,N,284.05,746344,289.55,291.8,283.1,289.1,213521554.96,593.95,247.57,20028856753.24,2026-08-27 16:00:29,0,0.0,0.0,,,52.1761091000926,-14.735226400613968,,,JAIN RESOURCE RECYCLING LIMITED,-1.75
0,AVANTIFEEDEQN,0.4,AVANTIFEED,EQ,N,840.0,249143,839.0,858.8,836.95,839.6,211046543.87,1593.8,614.25,33277788034.14,2026-08-27 16:00:29,0,0.0,0.0,,,47.29577111306312,-36.75213675213675,,,AVANTI FEEDS LIMITED,0.05
0,GRAVITAEQN,-20.4,GRAVITA,EQ,N,1819.9,115208,1840.3,1850.2,1806.2,1840.3,210550684.56,1913.6,1266.9,57444733181.27,2026-08-27 16:00:29,0,0.0,0.0,,,4.896530100334449,-43.6498539742679,,,GRAVITA INDIA LIMITED,-1.11
0,CHAMBLFERTEQN,-2.85,CHAMBLFERT,EQ,N,424.7,493439,428.05,429.3,424.1,427.55,210155670.1,580.7,399.75,63001831655.13,2026-08-27 16:00:29,0,0.0,0.0,,,26.86412949888066,-6.2414008755472175,,,CHAMBAL FERTILIZERS & CHEMICALS LIMITED,-0.67
0,J&KBANKEQN,0.16,J&KBANK,EQ,N,152.2,1374401,152.2,153.87,151.45,152.04,209431224.38,201.75,97.35,67687427034.91,2026-08-27 16:00:29,0,0.0,0.0,,,24.56009913258984,-56.34309193631228,,,THE JAMMU & KASHMIR BANK LIMITED,0.11
0,PRUDENTEQN,94.9,PRUDENT,EQ,N,3440.0,60513,3405.0,3509.9,3351.0,3345.1,208168955.91,3509.9,2121.0,60377604259.21,2026-08-27 16:00:29,0,0.0,0.0,,,1.9915097296219266,-62.187647336162186,,,PRUDENT CORPORATE ADVISORY SERVICES LIMITED,2.84
0,THERMAXEQN,-14.5,THERMAX,EQ,N,3954.0,52092,3970.0,4029.9,3954.0,3968.5,207450138.96,5277.8,2742.7,152784935347.71,2026-08-27 16:00:29,0,0.0,0.0,,,25.08242070559703,-44.16450942501914,,,THERMAX LIMITED,-0.37
0,V2RETAILEQN,2.71,V2RETAIL,EQ,N,222.5,929035,220.0,223.0,219.11,219.79,205827704.25,259.25,158.56,38837575533.1,2026-08-27 16:00:29,0,0.0,0.0,,,14.175506268081003,-40.32542885973764,,,V2 RETAIL LIMITED,1.23
0,MANYAVAREQN,-0.1,MANYAVAR,EQ,N,546.5,374606,550.65,550.65,540.15,546.6,203950490.64,782.65,329.2,33273388387.0,2026-08-27 16:00:29,0,0.0,0.0,,,30.173129751485337,-66.00850546780073,,,VEDANT FASHIONS LIMITED,-0.02
0,JSWCEMENTEQN,2.03,JSWCEMENT,EQ,N,127.0,1620103,126.09,127.34,123.61,124.97,202253658.52,162.15,106.65,33778623311.87,2026-08-27 16:00:29,0,0.0,0.0,,,21.67745914276904,-19.081106422878573,,,JSW CEMENT LIMITED,1.62
0,SMLMAHEQN,9.5,SMLMAH,EQ,N,5200.0,38450,5237.0,5250.0,5155.0,5190.5,199793890.0,5987.9,2719.0,29425029940.71,2026-08-27 16:00:29,0,0.0,0.0,,,13.158202374789159,-91.24678190511217,,,SML MAHINDRA LIMITED,0.18
0,SYNGENEEQN,3.05,SYNGENE,EQ,N,414.2,479502,412.9,418.5,407.6,411.15,198739193.94,678.95,375.25,78526872404.68,2026-08-27 16:00:29,0,0.0,0.0,,,38.99403490684145,-10.379746835443038,,,SYNGENE INTERNATIONAL LIMITED,0.74
0,MOILEQN,-7.25,MOIL,EQ,N,261.05,752383,268.4,268.4,260.1,268.3,198094920.07,404.9,242.35,18724947031.13,2026-08-27 16:00:29,0,0.0,0.0,,,35.52729068905903,-7.71611305962451,,,MOIL LIMITED,-2.7
0,CCLEQN,19.8,CCL,EQ,N,1115.0,177598,1095.2,1115.0,1090.4,1095.2,196267101.76,1242.2,815.5,78506487404.47,2026-08-27 16:00:29,0,0.0,0.0,,,10.239896957011753,-36.72593500919681,,,CCL PRODUCTS (INDIA) LIMITED,1.81
0,EMCUREEQN,21.2,EMCURE,EQ,N,1883.5,104535,1874.0,1893.2,1855.4,1862.3,195826460.85,2048.0,1260.0,64626295700.7,2026-08-27 16:00:29,0,0.0,0.0,,,8.0322265625,-49.48412698412698,,,EMCURE PHARMACEUTICALS LIMITED,1.14
0,JSLEQN,-7.55,JSL,EQ,N,705.4,276256,713.1,714.0,702.05,712.95,195058836.48,884.0,652.25,220311563441.67,2026-08-27 16:00:29,0,0.0,0.0,,,20.20361990950226,-8.1487159831353,,,JINDAL STAINLESS LIMITED,-1.06
0,MAHSEAMLESEQN,3.95,MAHSEAMLES,EQ,N,640.5,302076,635.0,652.65,634.95,636.55,194959850.4,690.0,500.7,24810559010.46,2026-08-27 16:00:29,0,0.0,0.0,,,7.173913043478261,-27.92091072498502,,,MAHARASHTRA SEAMLESS LIMITED,0.62
0,IXIGOEQN,-4.86,IXIGO,EQ,N,163.4,1184499,168.9,169.5,162.4,168.26,194423665.86,339.15,151.27,35802490559.41,2026-08-27 16:00:29,0,0.0,0.0,,,51.82072829131653,-8.018774376941892,,,LE TRAVENUES TECHNOLOGY LIMITED,-2.89
0,SAMHIEQN,-1.11,SAMHI,EQ,N,157.99,1226286,159.11,160.48,157.1,159.1,194231439.54,222.0,127.0,28375200102.31,2026-08-27 16:00:29,0,0.0,0.0,,,28.833333333333332,-24.401574803149607,,,SAMHI HOTELS LIMITED,-0.7
0,BLACKBUCKEQN,-16.3,BLACKBUCK,EQ,N,589.0,324075,602.7,602.75,585.8,605.3,193064440.5,748.0,496.0,61618537990.74,2026-08-27 16:00:29,0,0.0,0.0,,,21.25668449197861,-18.75,,,BLACKBUCK LIMITED,-2.69
0,CSBBANKEQN,0.25,CSBBANK,EQ,N,348.0,550978,345.8,355.55,345.8,347.75,193029632.52,574.4,312.95,34583021441.04,2026-08-27 16:00:29,0,0.0,0.0,,,39.41504178272981,-11.19987218405496,,,CSB BANK LIMITED,0.07
0,JYOTHYLABEQN,-2.86,JYOTHYLAB,EQ,N,209.01,910612,211.85,214.96,208.36,211.87,192366785.0,350.7,188.1,28279782760.2,2026-08-27 16:00:29,0,0.0,0.0,,,40.40205303678358,-11.116427432216906,,,JYOTHY LABS LIMITED,-1.35
0,BLUESTARCOEQN,12.0,BLUESTARCO,EQ,N,1497.0,128386,1488.0,1509.9,1487.2,1485.0,192094984.78,2040.0,1450.0,193688971150.15,2026-08-27 16:00:29,0,0.0,0.0,,,26.61764705882353,-3.2413793103448274,,,BLUE STAR LIMITED,0.81
0,ASHAPURMINEQN,-12.95,ASHAPURMIN,EQ,N,579.5,327118,591.0,596.65,575.0,592.45,191066352.62,924.9,455.1,28767455723.22,2026-08-27 16:00:29,0,0.0,0.0,,,37.34457779219375,-27.33465172489563,,,ASHAPURA MINECHEM LIMITED,-2.19
0,INDIAMARTEQN,7.9,INDIAMART,EQ,N,1759.8,106982,1750.5,1770.9,1744.1,1751.9,188369626.32,2670.0,1722.3,53782657046.69,2026-08-27 16:00:29,0,0.0,0.0,,,34.08988764044944,-2.17732102421181,,,INDIAMART INTERMESH LIMITED,0.45
0,LUMAXTECHEQN,7.2,LUMAXTECH,EQ,N,1935.0,97288,1927.9,1959.5,1908.4,1927.8,188006141.36,2110.0,1024.6,58019974305.54,2026-08-27 16:00:29,0,0.0,0.0,,,8.293838862559241,-88.8541869998048,,,LUMAX AUTO TECHNOLOGIES LIMITED,0.37
0,POLYMEDEQN,1.8,POLYMED,EQ,N,1713.0,109590,1712.0,1727.5,1682.3,1711.2,186717250.2,2144.9,1182.0,65246406486.52,2026-08-27 16:00:29,0,0.0,0.0,,,20.13613688283836,-44.923857868020306,,,POLY MEDICURE LIMITED,0.11
0,CAPILLARYEQN,-3.5,CAPILLARY,EQ,N,503.1,368041,506.6,511.7,493.7,506.6,185757653.52,798.95,464.25,9275398506.37,2026-08-27 16:00:29,0,0.0,0.0,,,37.02985168033043,-8.368336025848143,,,CAPILLARY TECHNOLOGIES INDIA LIMITED,-0.69
0,GAELEQN,-4.29,GAEL,EQ,N,168.9,1084161,174.3,175.48,168.0,173.19,184469994.15,184.99,101.2,23109531582.97,2026-08-27 16:00:29,0,0.0,0.0,,,8.69776744688902,-66.89723320158103,,,GUJARAT AMBUJA EXPORTS LIMITED,-2.48
0,ENDURANCEEQN,-36.0,ENDURANCE,EQ,N,2950.0,62223,2990.0,2990.0,2935.0,2986.0,184189413.45,3079.9,2142.8,103738020489.2,2026-08-27 16:00:29,0,0.0,0.0,,,4.217669404850807,-37.67033787567669,,,ENDURANCE TECHNOLOGIES LIMITED,-1.21
0,KAJARIACEREQN,-9.9,KAJARIACER,EQ,N,1199.6,151659,1212.9,1212.9,1187.0,1209.5,181931652.99,1293.8,869.6,97731446257.28,2026-08-27 16:00:29,0,0.0,0.0,,,7.280878033699181,-37.94848206071757,,,KAJARIA CERAMICS LIMITED,-0.82
0,MANORAMAEQN,-14.9,MANORAMA,EQ,N,1882.0,94994,1901.5,1920.6,1882.0,1896.9,180460101.8,2043.0,1060.6,45644998145.72,2026-08-27 16:00:29,0,0.0,0.0,,,7.880567792462066,-77.44672826701867,,,MANORAMA INDUSTRIES LIMITED,-0.79
0,CENTRALBKEQN,-0.17,CENTRALBK,EQ,N,30.66,5856063,31.0,31.06,30.58,30.83,179722573.47,40.92,29.32,52199920103.85,2026-08-27 16:00:29,0,0.0,0.0,,,25.073313782991203,-4.570259208731241,,,CENTRAL BANK OF INDIA,-0.55
0,ABFRLEQN,-0.87,ABFRL,EQ,N,53.65,3324887,54.53,54.8,53.47,54.52,179543898.0,94.95,53.47,31488526606.87,2026-08-27 16:00:29,0,0.0,0.0,,,43.49657714586625,-0.336637366747709,,,ADITYA BIRLA FASHION AND RETAIL LIMITED,-1.6
0,NLCINDIAEQN,-2.9,NLCINDIA,EQ,N,268.5,666043,272.7,272.7,268.0,271.4,179365379.9,387.8,222.0,97493974175.12,2026-08-27 16:00:29,0,0.0,0.0,,,30.76328004125838,-20.945945945945947,,,NLC INDIA LIMITED,-1.07
0,SHAKTIPUMPEQN,5.65,SHAKTIPUMP,EQ,N,496.0,361174,490.4,503.0,486.85,490.35,178076840.7,915.0,456.35,30028221523.45,2026-08-27 16:00:29,0,0.0,0.0,,,45.79234972677595,-8.688506628684124,,,SHAKTI PUMPS (INDIA) LIMITED,1.15
0,WELENTEQN,-14.05,WELENT,EQ,N,678.8,258277,689.9,696.4,675.0,692.85,177041135.19,700.0,412.0,34005709416.41,2026-08-27 16:00:29,0,0.0,0.0,,,3.0285714285714285,-64.75728155339806,,,WELSPUN ENTERPRISES LIMITED,-2.03
0,TBOTEKEQN,-15.4,TBOTEK,EQ,N,1691.1,103405,1699.7,1725.9,1690.0,1706.5,176296218.55,1764.8,1004.2,57947352082.15,2026-08-27 16:00:29,0,0.0,0.0,,,4.17611060743427,-68.40270862378013,,,TBO TEK LIMITED,-0.9
0,AJANTPHARMEQN,22.2,AJANTPHARM,EQ,N,3574.0,49671,3574.8,3574.8,3513.1,3551.8,175671922.41,3796.0,2329.9,150139628639.61,2026-08-27 16:00:29,0,0.0,0.0,,,5.848261327713383,-53.397141508219235,,,AJANTA PHARMA LIMITED,0.63
0,FIRSTCRYEQN,-3.96,FIRSTCRY,EQ,N,188.0,916127,192.0,193.77,187.55,191.96,173908388.41,438.7,187.55,42320059240.51,2026-08-27 16:00:29,0,0.0,0.0,,,57.14611351720994,-0.23993601706211676,,,BRAINBEES SOLUTIONS LIMITED,-2.06
0,NETWORK18EQN,-1.43,NETWORK18,EQ,N,29.02,5882491,30.44,30.45,28.98,30.45,173827609.05,58.1,27.38,18929162280.52,2026-08-27 16:00:29,0,0.0,0.0,,,50.051635111876074,-5.989773557341125,,,NETWORK18 MEDIA & INVESTMENTS LIMITED,-4.7
0,MAPMYINDIAEQN,-35.5,MAPMYINDIA,EQ,N,973.0,174052,1010.0,1021.0,970.0,1008.5,173428893.84,1998.0,795.0,16796138270.43,2026-08-27 16:00:29,0,0.0,0.0,,,51.3013013013013,-22.38993710691824,,,C.E. INFO SYSTEMS LIMITED,-3.52
0,ANURASEQN,-7.1,ANURAS,EQ,N,1260.5,136325,1265.5,1270.0,1256.0,1267.6,172181201.5,1415.0,1045.2,38078339640.19,2026-08-27 16:00:29,0,0.0,0.0,,,10.918727915194346,-20.59892843474933,,,ANUPAM RASAYAN INDIA LIMITED,-0.56
0,METROPOLISEQN,6.05,METROPOLIS,EQ,N,576.35,297439,573.15,579.0,568.05,570.3,171030399.39,609.05,412.25,61017635626.8,2026-08-27 16:00:29,0,0.0,0.0,,,5.369017322058944,-39.805942995755004,,,METROPOLIS HEALTHCARE LIMITED,1.06
0,MGLEQN,-20.8,MGL,EQ,N,1094.5,155301,1113.2,1118.0,1089.2,1115.3,171025226.25,1378.0,900.0,62159586697.29,2026-08-27 16:00:29,0,0.0,0.0,,,20.573294629898403,-21.61111111111111,,,MAHANAGAR GAS LIMITED,-1.86
0,WEBELSOLAREQN,-0.37,WEBELSOLAR,EQ,N,77.9,2179657,78.55,80.7,76.8,78.27,170754329.38,141.5,50.4,23769329363.17,2026-08-27 16:00:29,0,0.0,0.0,,,44.946996466431095,-54.56349206349206,,,WEBSOL ENERGY SYSTEM LIMITED,-0.47
0,LALPATHLABEQN,2.7,LALPATHLAB,EQ,N,1940.0,87929,1942.0,1948.8,1908.6,1937.3,170172510.86,1988.9,1272.6,150956635606.35,2026-08-27 16:00:29,0,0.0,0.0,,,2.4586454824274724,-52.443815810152444,,,DR. LAL PATH LABS LTD.,0.14
0,ZFCVINDIAEQN,-15.4,ZFCVINDIA,EQ,N,2573.0,65894,2575.6,2601.8,2545.1,2588.4,169599954.02,3044.0,2050.33,116311066916.28,2026-08-27 16:00:29,0,0.0,0.0,,,15.473061760840999,-25.491993971702115,,,ZF COMMERCIAL VEHICLE CONTROL SYSTEMS INDIA LIMITED,-0.59
0,KPILEQN,-4.2,KPIL,EQ,N,1387.1,121480,1391.5,1405.0,1384.5,1391.3,169339475.6,1479.6,1007.1,157031560555.14,2026-08-27 16:00:29,0,0.0,0.0,,,6.25168964585023,-37.732102075265615,,,KALPATARU PROJECTS INTERNATIONAL LIMITED,-0.3
0,JWLEQN,0.05,JWL,EQ,N,246.9,680272,246.4,252.9,245.9,246.85,169033986.56,358.25,235.65,33439735367.31,2026-08-27 16:00:29,0,0.0,0.0,,,31.081646894626658,-4.774029280712922,,,JUPITER WAGONS LIMITED,0.02
0,ACIEQN,-6.95,ACI,EQ,N,482.95,346464,490.0,490.3,482.3,489.9,168312211.2,726.0,482.3,27704041366.4,2026-08-27 16:00:29,0,0.0,0.0,,,33.47796143250689,-0.1347708894878706,,,ARCHEAN CHEMICAL INDUSTRIES LIMITED,-1.42
0,CLEANEQN,0.55,CLEAN,EQ,N,830.0,202595,829.0,832.95,816.2,829.45,167179368.05,1217.9,652.0,39495745037.12,2026-08-27 16:00:29,0,0.0,0.0,,,31.849905575170375,-27.300613496932517,,,CLEAN SCIENCE AND TECHNOLOGY LIMITED,0.07
0,PARKHOSPSEQN,1.8,PARKHOSPS,EQ,N,291.0,576513,289.3,292.0,285.3,289.2,166894748.37,305.0,138.1,16147133239.02,2026-08-27 16:00:29,0,0.0,0.0,,,4.590163934426229,-110.7168718320058,,,PARK MEDI WORLD LIMITED,0.62
0,CEATLTDEQN,-79.3,CEATLTD,EQ,N,3505.0,46998,3585.2,3599.1,3500.0,3584.3,166232395.98,4438.0,3000.5,73112000343.75,2026-08-27 16:00:29,0,0.0,0.0,,,21.02298332582244,-16.813864355940677,,,CEAT LIMITED,-2.21
0,ATLANTAELEEQN,-55.0,ATLANTAELE,EQ,N,1670.1,96691,1725.9,1725.9,1668.0,1725.1,163442598.76,2152.6,707.6,16339776395.78,2026-08-27 16:00:29,0,0.0,0.0,,,22.414754250673603,-136.0231769361221,,,ATLANTA ELECTRICALS LIMITED,-3.19
0,DEEPAKFERTEQN,-25.3,DEEPAKFERT,EQ,N,1454.0,111196,1484.5,1484.6,1450.0,1479.3,162826526.72,1681.0,866.4,97172914771.15,2026-08-27 16:00:29,0,0.0,0.0,,,13.503866745984533,-67.82086795937211,,,DEEPAK FERTILIZERS AND PETROCHEMICALS CORPORATION LIMITED,-1.71
0,JKPAPEREQN,-7.55,JKPAPER,EQ,N,389.0,408338,396.55,403.4,387.2,396.55,161391511.12,444.8,304.85,29898234183.44,2026-08-27 16:00:29,0,0.0,0.0,,,12.54496402877698,-27.603739544038053,,,JK PAPER LIMITED,-1.9
0,BORORENEWEQN,-9.0,BORORENEW,EQ,N,518.0,308464,525.5,530.65,515.0,527.0,161008954.08,721.0,374.4,24718283161.97,2026-08-27 16:00:29,0,0.0,0.0,,,28.155339805825243,-38.35470085470085,,,BOROSIL RENEWABLES LIMITED,-1.71
0,WAKEFITEQN,0.78,WAKEFIT,EQ,N,146.5,1090896,144.83,148.84,143.08,145.72,160656253.92,224.0,111.4,14456987364.21,2026-08-27 16:00:29,0,0.0,0.0,,,34.598214285714285,-31.508078994614003,,,WAKEFIT INNOVATIONS LIMITED,0.54
0,TIPSMUSICEQN,8.75,TIPSMUSIC,EQ,N,659.0,245442,650.1,663.35,643.35,650.25,160482251.7,741.0,481.15,30061575687.53,2026-08-27 16:00:29,0,0.0,0.0,,,11.06612685560054,-36.963524888288475,,,TIPS MUSIC LIMITED,1.35
0,SPARCEQN,0.11,SPARC,EQ,N,194.47,811811,194.69,202.38,192.0,194.36,159407207.96,289.0,108.0,18261638373.12,2026-08-27 16:00:29,0,0.0,0.0,,,32.70934256055364,-80.06481481481481,,,SUN PHARMA ADVANCED RESEARCH COMPANY LIMITED,0.06
0,SUDEEPPHRMEQN,5.9,SUDEEPPHRM,EQ,N,1135.0,139528,1128.95,1149.9,1122.1,1129.1,158551247.52,1180.0,524.05,28294419508.65,2026-08-27 16:00:29,0,0.0,0.0,,,3.8135593220338984,-116.5823871767961,,,SUDEEP PHARMA LIMITED,0.52
0,JSLLEQN,-10.25,JSLL,EQ,N,504.0,309670,514.05,515.95,500.1,514.25,156943852.7,849.5,492.0,22790934619.02,2026-08-27 16:00:29,0,0.0,0.0,,,40.67098293113596,-2.4390243902439024,,,JEENA SIKHO LIFECARE LIMITED,-1.99
0,MSTCLTDEQN,-19.5,MSTCLTD,EQ,N,718.0,215356,741.15,741.2,715.0,737.5,156822239.2,753.5,362.15,17714013504.0,2026-08-27 16:00:29,0,0.0,0.0,,,4.71134704711347,-98.26038934143311,,,MSTC LIMITED,-2.64
0,SIGNATUREEQN,10.35,SIGNATURE,EQ,N,784.0,199200,773.65,788.35,771.1,773.65,155987544.0,1158.0,705.2,30668315630.97,2026-08-27 16:00:29,0,0.0,0.0,,,32.29706390328152,-11.174134997163925,,,SIGNATUREGLOBAL (INDIA) LIMITED,1.34
0,ABRELEQN,-2.3,ABREL,EQ,N,1390.0,111296,1400.0,1404.9,1380.0,1392.3,154851689.6,1965.3,1080.1,72569603668.4,2026-08-27 16:00:29,0,0.0,0.0,,,29.272884546888516,-28.691787797426166,,,ADITYA BIRLA REAL ESTATE LIMITED,-0.17
0,ITCHOTELSEQN,-2.37,ITCHOTELS,EQ,N,164.3,938238,166.78,167.63,163.92,166.67,154762358.1,253.67,137.3,183594520190.91,2026-08-27 16:00:29,0,0.0,0.0,,,35.23081168447195,-19.664967225054625,,,ITC HOTELS LIMITED,-1.42
0,KPRMILLEQN,-6.5,KPRMILL,EQ,N,1129.5,136961,1141.5,1147.1,1120.0,1136.0,154738537.8,1334.0,796.1,125277974321.54,2026-08-27 16:00:29,0,0.0,0.0,,,15.329835082458771,-41.87916090943349,,,K.P.R. MILL LIMITED,-0.57
0,CARBORUNIVEQN,-0.7,CARBORUNIV,EQ,N,1105.0,139357,1114.9,1119.2,1100.0,1105.7,154457724.52,1306.9,735.2,127274915236.16,2026-08-27 16:00:29,0,0.0,0.0,,,15.448771902976508,-50.29923830250272,,,CARBORUNDUM UNIVERSAL LIMITED,-0.06
0,IGLEQN,-1.82,IGL,EQ,N,146.9,1043160,148.72,149.34,146.22,148.72,154137321.6,223.5,141.74,102755051534.21,2026-08-27 16:00:29,0,0.0,0.0,,,34.272930648769574,-3.64046846338366,,,INDRAPRASTHA GAS LIMITED,-1.22
0,BRIGADEEQN,-3.75,BRIGADE,EQ,N,651.35,234455,655.15,660.25,648.0,655.1,153678218.85,802.01,450.75,120425441078.88,2026-08-27 16:00:29,0,0.0,0.0,,,18.78530192890363,-44.50360510260677,,,BRIGADE ENTERPRISES LIMITED,-0.57
0,RAYMONDLSLEQN,-15.95,RAYMONDLSL,EQ,N,693.8,220397,710.7,711.65,689.0,709.75,153577037.54,1350.0,677.0,16667945883.46,2026-08-27 16:00:29,0,0.0,0.0,,,48.60740740740741,-2.481536189069424,,,RAYMOND LIFESTYLE LIMITED,-2.25
0,SANDUMAEQN,-2.57,SANDUMA,EQ,N,207.1,726534,209.9,213.45,206.0,209.67,152332383.78,273.0,141.37,25873890289.08,2026-08-27 16:00:29,0,0.0,0.0,,,24.13919413919414,-46.49501308622763,,,SANDUR MANGANESE & IRON ORES LIMITED,-1.23
0,SHARDACROPEQN,-4.9,SHARDACROP,EQ,N,790.9,190071,796.9,803.0,784.55,795.8,151024714.47,1297.0,755.55,17965859967.18,2026-08-27 16:00:29,0,0.0,0.0,,,39.02081727062452,-4.678710872874065,,,SHARDA CROPCHEM LIMITED,-0.62
0,PCBLEQN,-3.15,PCBL,EQ,N,322.5,455268,326.9,327.95,321.35,325.65,147552358.8,425.95,226.5,56428099991.16,2026-08-27 16:00:29,0,0.0,0.0,,,24.286888132409906,-42.384105960264904,,,PCBL CHEMICAL LIMITED,-0.97
0,CHOICEINEQN,-8.05,CHOICEIN,EQ,N,773.8,189310,781.0,784.2,773.5,781.85,147001108.1,860.5,568.7,65746224712.79,2026-08-27 16:00:29,0,0.0,0.0,,,10.075537478210343,-36.06470898540531,,,CHOICE INTERNATIONAL LIMITED,-1.03
0,BLUEJETEQN,-5.1,BLUEJET,EQ,N,585.0,250159,590.0,593.95,582.5,590.1,146633199.44,759.5,325.0,29735543859.58,2026-08-27 16:00:29,0,0.0,0.0,,,22.975641869651085,-80.0,,,BLUE JET HEALTHCARE LIMITED,-0.86
0,GOKULAGROEQN,-1.49,GOKULAGRO,EQ,N,243.9,592803,245.25,250.0,243.0,245.39,145699121.34,259.8,151.0,18532987769.94,2026-08-27 16:00:29,0,0.0,0.0,,,6.1200923787528865,-61.52317880794702,,,GOKUL AGRO RESOURCES LIMITED,-0.61
0,DBREALTYEQN,0.36,DBREALTY,EQ,N,106.7,1335069,107.0,109.65,106.07,106.34,143933788.89,184.8,83.5,26035673906.82,2026-08-27 16:00:29,0,0.0,0.0,,,42.26190476190476,-27.78443113772455,,,VALOR ESTATE LIMITED,0.34
0,HOMEFIRSTEQN,12.3,HOMEFIRST,EQ,N,1196.0,118552,1184.0,1204.3,1183.0,1183.7,141937567.52,1341.5,893.7,115087882699.51,2026-08-27 16:00:29,0,0.0,0.0,,,10.846067834513605,-33.82566856887099,,,HOME FIRST FINANCE COMPANY INDIA LIMITED,1.04
0,COHANCEEQN,-8.4,COHANCE,EQ,N,453.95,308834,462.0,464.9,452.5,462.35,141266848.28,1038.9,266.7,73659449378.66,2026-08-27 16:00:29,0,0.0,0.0,,,56.304745403792474,-70.20997375328083,,,COHANCE LIFESCIENCES LIMITED,-1.82
0,BERGEPAINTEQN,-1.7,BERGEPAINT,EQ,N,502.0,275124,507.0,511.35,499.6,503.7,138442396.8,594.55,391.1,142699603086.64,2026-08-27 16:00:29,0,0.0,0.0,,,15.566394752333698,-28.355919202250064,,,BERGER PAINTS (I) LIMITED,-0.34
0,SENCOEQN,-5.45,SENCO,EQ,N,361.7,378231,369.0,369.6,361.05,367.15,137804682.54,430.0,276.0,21030102497.95,2026-08-27 16:00:29,0,0.0,0.0,,,15.883720930232558,-31.05072463768116,,,SENCO GOLD LIMITED,-1.48
0,TEGAEQN,-35.2,TEGA,EQ,N,1616.9,83977,1662.0,1668.3,1615.9,1652.1,137544248.76,2125.0,1473.0,26646774081.18,2026-08-27 16:00:29,0,0.0,0.0,,,23.910588235294117,-9.769178547182621,,,TEGA INDUSTRIES LIMITED,-2.13
0,IRBEQN,-0.22,IRB,EQ,N,19.24,7026959,19.52,19.63,19.12,19.46,136393274.19,23.95,18.76,75256960933.44,2026-08-27 16:00:29,0,0.0,0.0,,,19.665970772442588,-2.55863539445629,,,IRB INFRASTRUCTURE DEVELOPERS LIMITED,-1.13
0,RELIGAREEQN,6.6,RELIGARE,EQ,N,234.45,582315,226.65,236.0,226.65,227.85,135691041.3,280.0,196.51,54419291051.77,2026-08-27 16:00:29,0,0.0,0.0,,,16.267857142857142,-19.306905500992315,,,RELIGARE ENTERPRISES LIMITED,2.9
0,FSLEQN,-1.8,FSL,EQ,N,268.25,502488,271.0,272.5,267.55,270.05,135184346.64,379.7,202.0,84757546917.78,2026-08-27 16:00:29,0,0.0,0.0,,,29.352120094811692,-32.7970297029703,,,FIRSTSOURCE SOLUTIONS LIMITED,-0.67
0,CESCEQN,-1.13,CESC,EQ,N,152.2,884391,153.35,154.17,151.5,153.33,135170320.44,204.5,138.12,95696133510.54,2026-08-27 16:00:29,0,0.0,0.0,,,25.574572127139366,-10.19403417318274,,,CESC LIMITED,-0.74
0,SUNTVEQN,-1.25,SUNTV,EQ,N,463.9,288220,467.45,467.5,461.0,465.15,133742726.6,660.7,461.0,45701587198.38,2026-08-27 16:00:29,0,0.0,0.0,,,29.7865899803239,-0.6290672451193059,,,SUN TV NETWORK LIMITED,-0.27
0,PGILEQN,15.4,PGIL,EQ,N,2305.0,58387,2280.0,2315.2,2262.0,2289.6,133455165.9,2539.6,1178.1,40262258877.15,2026-08-27 16:00:29,0,0.0,0.0,,,9.237675224444795,-95.65401918343095,,,PEARL GLOBAL INDUSTRIES LIMITED,0.67
0,GILLETTEEQN,-2.5,GILLETTE,EQ,N,7401.0,18048,7403.5,7460.0,7324.0,7403.5,133449799.68,10740.0,7206.0,60022383122.65,2026-08-27 16:00:29,0,0.0,0.0,,,31.089385474860336,-2.7060782681099083,,,GILLETTE INDIA LIMITED,-0.03
0,MASTEKEQN,-36.2,MASTEK,EQ,N,1608.3,81510,1648.5,1653.6,1607.1,1644.5,132047830.2,2614.0,1334.2,25530166172.47,2026-08-27 16:00:29,0,0.0,0.0,,,38.47360367253252,-20.544146304901815,,,MASTEK LIMITED,-2.2
0,LTTSEQN,-17.5,LTTS,EQ,N,3525.7,36907,3556.0,3564.0,3525.3,3543.2,130683627.23,4726.0,3010.0,97011609737.97,2026-08-27 16:00:29,0,0.0,0.0,,,25.397799407532798,-17.132890365448507,,,L&T TECHNOLOGY SERVICES LIMITED,-0.49
0,BBOXEQN,-13.55,BBOX,EQ,N,741.25,174909,755.4,759.95,735.0,754.8,130335190.44,1103.0,435.05,31547506221.65,2026-08-27 16:00:29,0,0.0,0.0,,,32.79691749773345,-70.38271463050224,,,BLACK BOX LIMITED,-1.8
0,NUVOCOEQN,-0.15,NUVOCO,EQ,N,324.5,394709,324.0,329.85,321.5,324.65,128821176.33,477.5,276.25,32429998879.17,2026-08-27 16:00:29,0,0.0,0.0,,,32.04188481675393,-17.466063348416288,,,NUVOCO VISTAS CORPORATION LIMITED,-0.05
0,AHLUCONTEQN,1.2,AHLUCONT,EQ,N,636.3,200044,635.1,643.8,630.0,635.1,127778105.0,1077.95,620.0,19028416284.9,2026-08-27 16:00:29,0,0.0,0.0,,,40.971288093139755,-2.629032258064516,,,AHLUWALIA CONTRACTS (INDIA) LIMITED,0.19
0,POWERMECHEQN,38.7,POWERMECH,EQ,N,2552.0,49931,2513.9,2570.0,2513.9,2513.3,127146295.64,3234.9,1717.7,33546309809.79,2026-08-27 16:00:29,0,0.0,0.0,,,21.110389811122445,-48.57076322990045,,,POWER MECH PROJECTS LIMITED,1.54
0,SWSOLAREQN,-2.02,SWSOLAR,EQ,N,198.1,632051,203.0,203.38,197.15,200.12,126821033.15,281.7,148.0,25107493457.34,2026-08-27 16:00:29,0,0.0,0.0,,,29.67696130635428,-33.851351351351354,,,STERLING AND WILSON RENEWABLE ENERGY LIMITED,-1.01
0,AXISCADESEQN,5.3,AXISCADES,EQ,N,1612.0,78410,1615.0,1620.9,1590.0,1606.7,125981347.0,2211.0,1063.3,28760328788.95,2026-08-27 16:00:29,0,0.0,0.0,,,27.091813658977838,-51.60349854227405,,,AXISCADES TECHNOLOGIES LIMITED,0.33
0,CHOLAHLDNGEQN,-45.1,CHOLAHLDNG,EQ,N,1514.3,82278,1546.0,1556.2,1511.9,1559.4,125555405.22,2064.0,1305.0,149750258231.7,2026-08-27 16:00:29,0,0.0,0.0,,,26.632751937984494,-16.038314176245212,,,CHOLAMANDALAM FINANCIAL HOLDINGS LIMITED,-2.89
0,INTELLECTEQN,-9.0,INTELLECT,EQ,N,675.0,183882,685.65,687.0,674.65,684.0,125245707.84,1244.6,595.2,60788362079.28,2026-08-27 16:00:29,0,0.0,0.0,,,45.76570785794633,-13.40725806451613,,,INTELLECT DESIGN ARENA LIMITED,-1.32
0,DYNAMATECHEQN,-33.0,DYNAMATECH,EQ,N,11477.0,10773,11495.0,11848.0,11411.0,11510.0,124864133.31,12875.0,6320.0,44911432964.88,2026-08-27 16:00:29,0,0.0,0.0,,,10.858252427184466,-81.59810126582279,,,DYNAMATIC TECHNOLOGIES LIMITED,-0.29
0,ABBOTINDIAEQN,-255.0,ABBOTINDIA,EQ,N,26300.0,4712,26680.0,26695.0,26300.0,26555.0,124658268.88,32775.0,25150.0,136646037682.13,2026-08-27 16:00:29,0,0.0,0.0,,,19.75591151792525,-4.572564612326044,,,ABBOTT INDIA LIMITED,-0.96
0,AURIONPROEQN,-10.7,AURIONPRO,EQ,N,690.0,178058,701.05,703.5,685.0,700.7,123095056.56,1348.4,680.15,22338819770.08,2026-08-27 16:00:29,0,0.0,0.0,,,48.82824087807772,-1.4482099536866868,,,AURIONPRO SOLUTIONS LIMITED,-1.53
0,ALKYLAMINEEQN,-43.6,ALKYLAMINE,EQ,N,2046.0,59466,2083.0,2089.4,2026.7,2089.6,122580833.76,2139.2,1212.0,28218696416.85,2026-08-27 16:00:29,0,0.0,0.0,,,4.356768885564697,-68.81188118811882,,,ALKYL AMINES CHEMICALS LIMITED,-2.09
0,PFOCUSEQN,-5.7,PFOCUS,EQ,N,296.85,403749,301.95,303.3,295.0,302.55,120321239.49,367.0,139.04,19752629542.27,2026-08-27 16:00:29,0,0.0,0.0,,,19.114441416893733,-113.49971231300346,,,PRIME FOCUS LIMITED,-1.88
0,GREAVESCOTEQN,-4.52,GREAVESCOT,EQ,N,191.1,624598,195.5,195.59,190.9,195.62,120022751.68,271.9,119.99,19330491625.55,2026-08-27 16:00:29,0,0.0,0.0,,,29.716807649871278,-59.26327193932828,,,GREAVES COTTON LIMITED,-2.31
0,EMILEQN,-4.54,EMIL,EQ,N,180.0,661662,185.46,185.89,177.88,184.54,119893154.4,196.74,84.9,24119361241.51,2026-08-27 16:00:29,0,0.0,0.0,,,8.508691674290942,-112.01413427561837,,,ELECTRONICS MART INDIA LIMITED,-2.46
0,JUBLINGREAEQN,-15.15,JUBLINGREA,EQ,N,693.0,171316,713.05,713.05,687.1,708.15,119355857.2,795.0,537.3,57943616723.26,2026-08-27 16:00:29,0,0.0,0.0,,,12.830188679245284,-28.97822445561139,,,JUBILANT INGREVIA LIMITED,-2.14
0,ICILEQN,0.4,ICIL,EQ,N,426.0,280466,426.0,432.7,420.55,425.6,119186831.36,463.8,216.9,33670753707.92,2026-08-27 16:00:29,0,0.0,0.0,,,8.15006468305304,-96.40387275242047,,,INDO COUNT INDUSTRIES LIMITED,0.09
0,ROUTEEQN,-15.4,ROUTE,EQ,N,508.05,220945,524.0,531.0,508.05,523.45,114398692.65,890.4,410.7,8049679886.79,2026-08-27 16:00:29,0,0.0,0.0,,,42.94137466307278,-23.703433162892622,,,ROUTE MOBILE LIMITED,-2.94
0,NIACLEQN,-1.69,NIACL,EQ,N,185.4,615307,188.0,188.0,184.34,187.09,114231744.55,218.0,116.97,44494757078.4,2026-08-27 16:00:29,0,0.0,0.0,,,14.954128440366972,-58.502180046165684,,,THE NEW INDIA ASSURANCE COMPANY LIMITED,-0.9
0,PTCEQN,-0.02,PTC,EQ,N,157.26,711786,157.22,159.0,156.75,157.28,112170355.74,229.51,149.59,37398671962.55,2026-08-27 16:00:29,0,0.0,0.0,,,31.480109799137292,-5.127348084765025,,,PTC INDIA LIMITED,-0.01
0,3MINDIAEQN,630.0,3MINDIA,EQ,N,34200.0,3288,33520.0,34515.0,33520.0,33570.0,111938085.84,38030.0,28730.0,96316348500.0,2026-08-27 16:00:29,0,0.0,0.0,,,10.07099658164607,-19.039331709014967,,,3M INDIA LIMITED,1.88
0,JAIBALAJIEQN,1.92,JAIBALAJI,EQ,N,70.5,1576419,70.0,71.9,69.16,68.58,111799635.48,108.0,53.65,18370104571.68,2026-08-27 16:00:29,0,0.0,0.0,,,34.72222222222222,-31.40726933830382,,,JAI BALAJI INDUSTRIES LIMITED,2.8
0,EIELEQN,0.31,EIEL,EQ,N,201.0,554248,201.49,204.3,198.81,200.69,111631089.68,276.1,134.71,10517953315.95,2026-08-27 16:00:29,0,0.0,0.0,,,27.200289750090548,-49.209412812708784,,,ENVIRO INFRA ENGINEERS LIMITED,0.15
0,GODREJAGROEQN,-11.05,GODREJAGRO,EQ,N,614.7,180449,625.0,626.85,611.0,625.75,111340641.98,760.0,506.1,29287656803.39,2026-08-27 16:00:29,0,0.0,0.0,,,19.11842105263158,-21.458209839952577,,,GODREJ AGROVET LIMITED,-1.77
0,ZYDUSWELLEQN,3.8,ZYDUSWELL,EQ,N,533.0,208254,529.2,537.7,528.95,529.2,111218048.7,611.85,367.55,51144209112.03,2026-08-27 16:00:29,0,0.0,0.0,,,12.887145542208058,-45.01428377091552,,,ZYDUS WELLNESS LIMITED,0.72
0,LINDEINDIAEQN,-38.5,LINDEINDIA,EQ,N,6560.0,16850,6595.0,6677.5,6536.0,6598.5,110842670.0,8049.0,5673.0,137707711667.89,2026-08-27 16:00:29,0,0.0,0.0,,,18.499192446266616,-15.635466243610082,,,LINDE INDIA LIMITED,-0.58
0,CHALETEQN,-4.45,CHALET,EQ,N,908.0,122466,912.0,913.15,890.5,912.45,110640683.04,1070.1,691.35,64685218571.23,2026-08-27 16:00:29,0,0.0,0.0,,,15.148116998411364,-31.337238735806753,,,CHALET HOTELS LIMITED,-0.49
0,EIHOTELEQN,-3.25,EIHOTEL,EQ,N,300.25,367367,302.0,304.45,294.85,303.5,109809669.97,434.8,271.15,59324727709.79,2026-08-27 16:00:29,0,0.0,0.0,,,30.94526218951242,-10.732067121519455,,,EIH LIMITED,-1.07
0,UTIAMCEQN,-5.2,UTIAMC,EQ,N,892.0,122786,897.2,899.0,889.0,897.2,109336021.56,1418.0,876.0,37443531810.12,2026-08-27 16:00:29,0,0.0,0.0,,,37.09449929478138,-1.82648401826484,,,UTI ASSET MANAGEMENT COMPANY LIMITED,-0.58
0,JKTYREEQN,-4.55,JKTYRE,EQ,N,379.0,282760,383.55,384.0,377.3,383.55,107496869.2,611.9,318.05,47274051889.09,2026-08-27 16:00:29,0,0.0,0.0,,,38.06177479980389,-19.16365351359849,,,JK TYRE & INDUSTRIES LIMITED,-1.19
0,AVLEQN,9.85,AVL,EQ,N,595.45,179649,589.0,599.0,585.35,585.6,106528264.02,705.0,436.55,40644677072.75,2026-08-27 16:00:29,0,0.0,0.0,,,15.539007092198581,-36.399037910892226,,,ADITYA VISION LIMITED,1.68
0,STARHEALTHEQN,2.25,STARHEALTH,EQ,N,586.0,181960,583.25,586.95,578.15,583.75,106291934.0,624.9,416.55,137133808298.85,2026-08-27 16:00:29,0,0.0,0.0,,,6.224995999359898,-40.67939022926419,,,STAR HEALTH AND ALLIED INSURANCE COMPANY LIMITED,0.39
0,TMBEQN,0.35,TMB,EQ,N,897.95,118544,897.6,903.6,882.15,897.6,106045906.08,917.0,411.8,105173504034.32,2026-08-27 16:00:29,0,0.0,0.0,,,2.0774263904034895,-118.05488101019913,,,TAMILNAD MERCANTILE BANK LIMITED,0.04
0,NTPCGREENEQN,-0.27,NTPCGREEN,EQ,N,91.0,1161327,91.35,91.62,90.7,91.27,105750436.62,119.95,84.0,84296184654.7,2026-08-27 16:00:29,0,0.0,0.0,,,24.13505627344727,-8.333333333333334,,,NTPC GREEN ENERGY LIMITED,-0.3
0,RTNPOWEREQN,-0.06,RTNPOWER,EQ,N,7.89,13450323,7.98,8.0,7.8,7.95,105719538.78,12.84,7.52,21116004297.27,2026-08-27 16:00:29,0,0.0,0.0,,,38.55140186915888,-4.920212765957447,,,RATTANINDIA POWER LIMITED,-0.75
0,CANFINHOMEEQN,1.7,CANFINHOME,EQ,N,804.45,131463,802.0,809.35,799.0,802.75,105647610.69,971.5,708.6,67602754451.04,2026-08-27 16:00:29,0,0.0,0.0,,,17.195059186824498,-13.526672311600338,,,CAN FIN HOMES LIMITED,0.21
0,THOMASCOOKEQN,-0.21,THOMASCOOK,EQ,N,110.0,953613,111.3,111.59,109.55,110.71,105345628.11,181.55,86.35,17978227307.98,2026-08-27 16:00:29,0,0.0,0.0,,,39.41063068025338,-27.388535031847134,,,THOMAS COOK  (INDIA)  LIMITED,-0.19
0,UCOBANKEQN,-0.69,UCOBANK,EQ,N,25.5,4071522,26.12,26.23,25.45,26.19,104800976.28,34.2,22.22,28911307498.45,2026-08-27 16:00:29,0,0.0,0.0,,,25.43859649122807,-14.761476147614761,,,UCO BANK,-2.63
0,NAVAEQN,-9.95,NAVA,EQ,N,558.0,186733,568.1,570.05,554.4,567.95,104385614.33,739.4,501.65,77254337368.44,2026-08-27 16:00:29,0,0.0,0.0,,,24.53340546388964,-11.232931326622147,,,NAVA LIMITED,-1.75
0,RHIMEQN,-0.4,RHIM,EQ,N,370.2,282303,372.45,373.5,364.85,370.6,104336365.77,508.3,323.05,22379655975.59,2026-08-27 16:00:29,0,0.0,0.0,,,27.168994688176273,-14.595263891038538,,,RHI MAGNESITA INDIA LIMITED,-0.11
0,CCAVENUEEQN,-0.1,CCAVENUE,EQ,N,15.18,6810567,15.45,15.45,15.11,15.28,103861146.75,20.5,12.92,30750481235.64,2026-08-27 16:00:29,0,0.0,0.0,,,25.951219512195124,-17.492260061919506,,,AVENUESAI LIMITED,-0.65
0,STYRENIXEQN,-46.4,STYRENIX,EQ,N,2018.0,50752,2064.5,2077.2,2014.0,2064.4,103574681.6,2738.7,1780.0,18940118092.46,2026-08-27 16:00:29,0,0.0,0.0,,,26.315405119217147,-13.370786516853933,,,STYRENIX PERFORMANCE MATERIALS LIMITED,-2.25
0,IMFAEQN,-10.5,IMFA,EQ,N,1370.0,74662,1380.8,1404.4,1363.0,1380.5,102987269.56,1679.9,837.3,20408813941.74,2026-08-27 16:00:29,0,0.0,0.0,,,18.447526638490388,-63.62116326286875,,,INDIAN METALS & FERRO ALLOYS LIMITED,-0.76
0,CAPLIPOINTEQN,31.7,CAPLIPOINT,EQ,N,2548.0,40296,2529.9,2548.1,2500.7,2516.3,101898107.04,2699.0,1500.3,50661658258.9,2026-08-27 16:00:29,0,0.0,0.0,,,5.594664690626158,-69.83270012664134,,,CAPLIN POINT LABORATORIES LIMITED,1.26
0,REFEXEQN,-5.85,REFEX,EQ,N,291.0,347748,296.0,296.15,286.5,296.85,100680000.96,415.0,188.0,17496784165.29,2026-08-27 16:00:29,0,0.0,0.0,,,29.879518072289155,-54.787234042553195,,,REFEX INDUSTRIES LIMITED,-1.97
0,TIMKENEQN,98.3,TIMKEN,EQ,N,3197.0,31733,3090.0,3197.0,3090.0,3098.7,100265490.78,3925.0,2800.5,114439792053.05,2026-08-27 16:00:29,0,0.0,0.0,,,18.547770700636942,-14.158186038207463,,,TIMKEN INDIA LIMITED,3.17
0,TATAINVESTEQN,0.55,TATAINVEST,EQ,N,645.0,156007,644.45,648.7,637.0,644.45,99903762.66,1184.7,538.85,83944350536.02,2026-08-27 16:00:29,0,0.0,0.0,,,45.55583692073943,-19.699359747610654,,,TATA INVESTMENT CORPORATION LIMITED,0.09
0,RAINBOWEQN,-3.8,RAINBOW,EQ,N,1442.9,69440,1445.0,1449.9,1423.9,1446.7,99672092.8,1610.0,1084.0,71744238597.39,2026-08-27 16:00:29,0,0.0,0.0,,,10.378881987577639,-33.108856088560884,,,RAINBOW CHILDRENS MEDICARE LIMITED,-0.26
0,PFIZEREQN,-58.5,PFIZER,EQ,N,4744.0,20922,4816.9,4819.1,4730.0,4802.5,99542900.82,5578.5,4360.1,71688438117.63,2026-08-27 16:00:29,0,0.0,0.0,,,14.959218427892802,-8.804843925598037,,,PFIZER LIMITED,-1.22
0,ABDLEQN,-7.7,ABDL,EQ,N,606.0,161808,619.9,621.2,605.0,613.7,99000606.72,711.7,382.1,32352787058.9,2026-08-27 16:00:29,0,0.0,0.0,,,14.851763383448082,-58.59722585710547,,,ALLIED BLENDERS AND DISTILLERS LIMITED,-1.25
0,GOKEXEQN,-15.1,GOKEX,EQ,N,772.0,125337,784.7,796.55,771.2,787.1,97908250.92,954.9,531.0,50122782159.53,2026-08-27 16:00:29,0,0.0,0.0,,,19.15383809823018,-45.38606403013183,,,GOKALDAS EXPORTS LIMITED,-1.92
0,CRAMCEQN,-2.2,CRAMC,EQ,N,258.4,375586,260.0,261.0,256.05,260.6,97164098.2,353.4,214.2,12882159730.95,2026-08-27 16:00:29,0,0.0,0.0,,,26.881720430107528,-20.634920634920636,,,CANARA ROBECO ASSET MANAGEMENT COMPANY LIMITED,-0.84
0,SURYAROSNIEQN,-0.67,SURYAROSNI,EQ,N,218.95,442419,218.5,221.37,215.84,219.62,96628733.79,314.5,187.35,17151637511.75,2026-08-27 16:00:29,0,0.0,0.0,,,30.38155802861685,-16.86682679476915,,,SURYA ROSHNI LIMITED,-0.31
0,PRIVISCLEQN,1.6,PRIVISCL,EQ,N,3460.0,27749,3480.0,3489.0,3450.0,3458.4,96318998.92,3785.3,2193.9,46095282149.3,2026-08-27 16:00:29,0,0.0,0.0,,,8.593770639051066,-57.71001413008797,,,PRIVI SPECIALITY CHEMICALS LIMITED,0.05
0,GMMPFAUDLREQN,3.65,GMMPFAUDLR,EQ,N,1021.05,93043,1014.0,1040.7,1013.3,1017.4,95711473.24,1307.5,735.0,34170390644.07,2026-08-27 16:00:29,0,0.0,0.0,,,21.908221797323137,-38.91836734693877,,,GMM PFAUDLER LIMITED,0.36
0,SKFINDUSEQN,27.3,SKFINDUS,EQ,N,2892.1,33057,2870.0,2930.0,2835.1,2864.8,95239861.56,3041.0,1994.1,66973042955.24,2026-08-27 16:00:29,0,0.0,0.0,,,4.896415652745807,-45.03284689835013,,,SKF INDIA (INDUSTRIAL) LIMITED,0.95
0,AWFISEQN,-11.85,AWFIS,EQ,N,256.5,365185,269.9,269.9,255.8,268.35,95024788.85,639.4,229.05,12647548212.32,2026-08-27 16:00:29,0,0.0,0.0,,,59.884266499843605,-11.984282907662083,,,AWFIS SPACE SOLUTIONS LIMITED,-4.42
0,KNRCONEQN,-0.67,KNRCON,EQ,N,122.75,768064,123.42,125.47,122.1,123.42,94886626.56,220.0,108.65,17667679051.26,2026-08-27 16:00:29,0,0.0,0.0,,,44.20454545454545,-12.977450529222274,,,KNR CONSTRUCTIONS LIMITED,-0.54
0,TVSSCSEQN,-1.96,TVSSCS,EQ,N,130.2,721741,132.78,132.82,129.5,132.16,94569723.23,146.5,90.32,16245532081.1,2026-08-27 16:00:29,0,0.0,0.0,,,11.126279863481228,-44.1541186891054,,,TVS SUPPLY CHAIN SOLUTIONS LIMITED,-1.48
0,GODREJINDEQN,18.3,GODREJIND,EQ,N,1156.3,82356,1140.0,1166.6,1125.1,1138.0,94479626.76,1443.0,744.2,49768474289.9,2026-08-27 16:00:29,0,0.0,0.0,,,19.86832986832987,-55.37489922063961,,,GODREJ INDUSTRIES LIMITED,1.61
0,VGUARDEQN,2.35,VGUARD,EQ,N,332.0,284767,328.5,335.4,328.5,329.65,94428737.2,392.2,288.8,62714136467.33,2026-08-27 16:00:29,0,0.0,0.0,,,15.34931157572667,-14.958448753462603,,,V-GUARD INDUSTRIES LIMITED,0.71
0,VTLEQN,-3.4,VTL,EQ,N,599.5,155966,603.0,607.5,592.65,602.9,93668500.62,688.0,385.5,59741400467.93,2026-08-27 16:00:29,0,0.0,0.0,,,12.863372093023257,-55.512321660181584,,,VARDHMAN TEXTILES LIMITED,-0.56
0,KPIGREENEQN,-5.7,KPIGREEN,EQ,N,316.3,294592,322.0,322.05,316.05,322.0,93633121.28,542.25,301.2,30552178385.72,2026-08-27 16:00:29,0,0.0,0.0,,,41.66897187644076,-5.0132802124834,,,KPI GREEN ENERGY LIMITED,-1.77
0,TEXRAILEQN,-0.54,TEXRAIL,EQ,N,108.5,851548,109.84,110.86,108.1,109.04,93099742.84,153.0,78.05,22068959736.13,2026-08-27 16:00:29,0,0.0,0.0,,,29.084967320261438,-39.01345291479821,,,TEXMACO RAIL & ENGINEERING LIMITED,-0.5
0,STAREQN,0.1,STAR,EQ,N,983.0,94124,982.9,994.4,978.9,982.9,92727199.84,1231.0,768.65,65075516016.49,2026-08-27 16:00:29,0,0.0,0.0,,,20.146222583265637,-27.886554348533142,,,STRIDES PHARMA SCIENCE LIMITED,0.01
0,AIAENGEQN,5.6,AIAENG,EQ,N,4241.1,21571,4288.0,4300.0,4223.0,4235.5,91733266.02,5180.0,3001.1,164213899290.02,2026-08-27 16:00:29,0,0.0,0.0,,,18.125482625482626,-41.318183332777984,,,AIA ENGINEERING LIMITED,0.13
0,LLOYDSENTEQN,-1.3,LLOYDSENT,EQ,N,73.06,1240418,74.36,75.42,72.76,74.36,91468423.32,84.7,40.69,40420405833.09,2026-08-27 16:00:29,0,0.0,0.0,,,13.742621015348288,-79.55271565495208,,,LLOYDS ENTERPRISES LIMITED,-1.75
0,IGILEQN,-4.35,IGIL,EQ,N,343.5,263451,349.2,349.2,339.4,347.85,90416383.2,392.0,287.0,34804255970.93,2026-08-27 16:00:29,0,0.0,0.0,,,12.372448979591837,-19.686411149825783,,,INTERNATIONAL GEMOLOGICAL INSTITUTE LIMITED,-1.25
0,WAAREERTLEQN,-10.75,WAAREERTL,EQ,N,875.0,102752,889.95,894.7,870.65,885.75,90219338.56,1358.0,779.5,22483518195.04,2026-08-27 16:00:29,0,0.0,0.0,,,35.56701030927835,-12.251443232841565,,,WAAREE RENEWABLE TECHNOLOGIES LIMITED,-1.21
0,ACCEQN,-21.7,ACC,EQ,N,1310.0,67738,1330.0,1335.0,1310.0,1331.7,89292908.98,1987.0,1251.7,78337642604.19,2026-08-27 16:00:29,0,0.0,0.0,,,34.071464519375944,-4.657665574818247,,,ACC LIMITED,-1.63
0,TRANSRAILLEQN,-4.75,TRANSRAILL,EQ,N,457.5,192951,462.75,465.25,457.1,462.25,88809556.77,823.0,450.05,17603152915.07,2026-08-27 16:00:29,0,0.0,0.0,,,44.410692588092346,-1.6553716253749584,,,TRANSRAIL LIGHTING LIMITED,-1.03
0,JBMAEQN,-8.4,JBMA,EQ,N,645.0,135727,652.0,653.95,643.15,653.4,87861516.18,790.0,477.0,25919545482.38,2026-08-27 16:00:29,0,0.0,0.0,,,18.354430379746834,-35.22012578616352,,,JBM AUTO LIMITED,-1.29
0,ASAHIINDIAEQN,6.85,ASAHIINDIA,EQ,N,958.0,91523,950.1,961.9,941.15,951.15,87204029.63,1074.0,775.1,115807777198.15,2026-08-27 16:00:29,0,0.0,0.0,,,10.80074487895717,-23.59695523158302,,,ASAHI INDIA GLASS LIMITED,0.72
0,RALLISEQN,-3.93,RALLIS,EQ,N,210.0,412837,213.01,213.93,209.8,213.93,87199431.14,381.8,207.53,17980319368.27,2026-08-27 16:00:29,0,0.0,0.0,,,44.99738082765846,-1.1901893702115356,,,RALLIS INDIA LIMITED,-1.84
0,SJVNEQN,-0.65,SJVN,EQ,N,65.2,1317235,65.86,66.0,65.0,65.85,85896894.35,101.45,63.02,46505947477.79,2026-08-27 16:00:29,0,0.0,0.0,,,35.73188762937408,-3.459219295461758,,,SJVN LIMITED,-0.99
0,RCFEQN,-0.43,RCF,EQ,N,121.9,704727,122.36,122.71,121.48,122.33,85892126.76,164.49,106.0,16784046015.48,2026-08-27 16:00:29,0,0.0,0.0,,,25.89215149857134,-15.0,,,RASHTRIYA CHEMICALS AND FERTILIZERS LIMITED,-0.35
0,LXCHEMEQN,-4.81,LXCHEM,EQ,N,167.4,500942,173.25,173.39,167.01,172.21,84859574.8,241.0,107.6,14130964647.63,2026-08-27 16:00:29,0,0.0,0.0,,,30.53941908713693,-55.57620817843866,,,LAXMI ORGANIC INDUSTRIES LIMITED,-2.79
0,BLUEDARTEQN,-6.0,BLUEDART,EQ,N,5001.0,16935,5032.0,5050.0,4969.0,5007.0,84724788.9,7036.0,4628.5,29501619340.76,2026-08-27 16:00:29,0,0.0,0.0,,,28.922683342808416,-8.047963703143568,,,BLUE DART EXPRESS LIMITED,-0.12
0,FEDFINAEQN,-2.9,FEDFINA,EQ,N,157.25,530135,159.01,160.5,157.02,160.15,83973384.0,178.48,119.07,18666202451.74,2026-08-27 16:00:29,0,0.0,0.0,,,11.894890183774093,-32.06517174771143,,,FEDBANK FINANCIAL SERVICES LIMITED,-1.81
0,INDIGOPNTSEQN,-10.1,INDIGOPNTS,EQ,N,1176.0,70872,1196.0,1196.0,1165.3,1186.1,83753694.72,1345.9,708.05,25865961241.34,2026-08-27 16:00:29,0,0.0,0.0,,,12.623523292963815,-66.08996539792388,,,INDIGO PAINTS LIMITED,-0.85
0,ALIVUSEQN,-0.8,ALIVUS,EQ,N,1360.0,60525,1362.9,1400.0,1353.1,1360.8,82966459.5,1418.0,819.0,41740288689.97,2026-08-27 16:00:29,0,0.0,0.0,,,4.090267983074753,-66.05616605616606,,,ALIVUS LIFE SCIENCES LIMITED,-0.06
0,SARDAENEQN,-5.4,SARDAEN,EQ,N,509.0,161484,514.4,514.4,507.6,514.4,82408514.88,639.75,453.1,46667319254.09,2026-08-27 16:00:29,0,0.0,0.0,,,20.43767096522079,-12.337232399028911,,,SARDA ENERGY & MINERALS LIMITED,-1.05
0,STARCEMENTEQN,-2.93,STARCEMENT,EQ,N,188.23,434910,191.4,192.6,186.0,191.16,81971836.8,308.95,186.0,15451620508.34,2026-08-27 16:00:29,0,0.0,0.0,,,39.07428386470303,-1.1989247311827957,,,STAR CEMENT LIMITED,-1.53
0,RAILTELEQN,-1.9,RAILTEL,EQ,N,279.0,291964,280.55,282.3,278.5,280.9,81828750.28,412.9,245.0,24313378718.92,2026-08-27 16:00:29,0,0.0,0.0,,,32.4291596028094,-13.877551020408163,,,RAILTEL CORPORATION OF INDIA LIMITED,-0.68
0,IONEXCHANGEQN,4.6,IONEXCHANG,EQ,N,375.65,218431,373.05,377.95,369.3,371.05,81802409.5,486.0,312.7,31525974016.5,2026-08-27 16:00:29,0,0.0,0.0,,,22.70576131687243,-20.13111608570515,,,ION EXCHANGE (INDIA) LIMITED,1.24
0,EMBDLEQN,0.19,EMBDL,EQ,N,62.37,1313394,62.18,63.28,61.8,62.18,81758776.5,105.7,39.46,33547248890.31,2026-08-27 16:00:29,0,0.0,0.0,,,40.99337748344371,-58.058793715154586,,,EMBASSY DEVELOPMENTS LIMITED,0.31
0,KSBEQN,-1.75,KSB,EQ,N,794.7,101117,810.0,810.0,790.0,796.45,80972471.26,1028.3,666.65,41527129373.27,2026-08-27 16:00:29,0,0.0,0.0,,,22.71710590294661,-19.207980199504988,,,KSB LIMITED,-0.22
0,KSCLEQN,-4.25,KSCL,EQ,N,781.0,103150,784.0,787.95,772.05,785.25,80707654.5,1225.0,705.1,15543207153.26,2026-08-27 16:00:29,0,0.0,0.0,,,36.244897959183675,-10.76443057722309,,,KAVERI SEED COMPANY LIMITED,-0.54
0,JAMNAAUTOEQN,-1.07,JAMNAAUTO,EQ,N,119.89,660513,121.09,121.5,119.52,120.96,79585211.37,152.6,89.74,23321766576.64,2026-08-27 16:00:29,0,0.0,0.0,,,21.435124508519003,-33.59705816804101,,,JAMNA AUTO INDUSTRIES LIMITED,-0.88
0,RELAXOEQN,-11.65,RELAXO,EQ,N,355.75,221407,367.95,369.6,353.8,367.4,79458544.16,526.0,236.5,25390212454.56,2026-08-27 16:00:29,0,0.0,0.0,,,32.366920152091254,-50.422832980972515,,,RELAXO FOOTWEARS LIMITED,-3.17
0,VIJAYAEQN,3.2,VIJAYA,EQ,N,1476.0,53540,1487.0,1489.0,1464.1,1472.8,78990239.0,1573.0,848.0,72186309873.73,2026-08-27 16:00:29,0,0.0,0.0,,,6.166560712015258,-74.05660377358491,,,VIJAYA DIAGNOSTIC CENTRE LIMITED,0.22
0,BATAINDIAEQN,-4.75,BATAINDIA,EQ,N,680.8,115819,686.95,687.65,678.8,685.55,78919066.6,1282.5,605.0,43334704749.4,2026-08-27 16:00:29,0,0.0,0.0,,,46.916179337231966,-12.52892561983471,,,BATA INDIA LIMITED,-0.69
0,SUPRIYAEQN,-4.25,SUPRIYA,EQ,N,777.5,100955,782.95,792.0,774.3,781.75,78742880.9,1085.0,545.5,19837896318.05,2026-08-27 16:00:29,0,0.0,0.0,,,28.341013824884794,-42.529789184234644,,,SUPRIYA LIFESCIENCE LIMITED,-0.54
0,ELECONEQN,-1.35,ELECON,EQ,N,423.95,185307,426.7,429.9,421.25,425.3,78677646.06,634.9,352.0,37159572370.71,2026-08-27 16:00:29,0,0.0,0.0,,,33.22570483540715,-20.44034090909091,,,ELECON ENGINEERING COMPANY LIMITED,-0.32
0,GSFCEQN,-0.77,GSFC,EQ,N,159.3,492991,159.99,160.5,158.33,160.07,78469377.47,220.59,138.83,35410716502.19,2026-08-27 16:00:29,0,0.0,0.0,,,27.784577723378213,-14.74465173233451,,,GUJARAT STATE FERTILIZERS & CHEMICALS LIMITED,-0.48
0,KIRLOSBROSEQN,-0.7,KIRLOSBROS,EQ,N,1900.0,41120,1914.9,1919.0,1885.8,1900.7,78287134.4,2189.2,1335.0,47960918731.03,2026-08-27 16:00:29,0,0.0,0.0,,,13.210305134295632,-42.32209737827716,,,KIRLOSKAR BROTHERS LIMITED,-0.04
0,LATENTVIEWEQN,1.7,LATENTVIEW,EQ,N,275.4,280800,274.35,276.9,273.8,273.7,77301432.0,517.5,248.0,19868623171.03,2026-08-27 16:00:29,0,0.0,0.0,,,46.78260869565217,-11.048387096774194,,,LATENT VIEW ANALYTICS LIMITED,0.62
0,HEMIPROPEQN,0.97,HEMIPROP,EQ,N,130.6,578973,129.64,133.88,129.46,129.63,76505492.22,190.69,111.2,12075236820.0,2026-08-27 16:00:29,0,0.0,0.0,,,31.511877917038124,-17.446043165467625,,,HEMISPHERE PROPERTIES INDIA LIMITED,0.75
0,AIILEQN,-10.6,AIIL,EQ,N,551.0,136961,561.6,567.3,550.3,561.6,76198252.35,683.0,400.0,145449731108.67,2026-08-27 16:00:29,0,0.0,0.0,,,19.32650073206442,-37.75,,,AUTHUM INVESTMENT & INFRASTRUCTURE LIMITED,-1.89
0,GMRP&UIEQN,-0.37,GMRP&UI,EQ,N,94.69,801104,95.2,96.0,93.99,95.06,75880570.88,136.95,89.0,27481658622.59,2026-08-27 16:00:29,0,0.0,0.0,,,30.85797736400146,-6.393258426966292,,,GMR POWER AND URBAN INFRA LIMITED,-0.39
0,JUBLPHARMAEQN,-8.05,JUBLPHARMA,EQ,N,879.35,86026,887.4,894.75,875.0,887.4,75829338.22,1184.8,786.05,70615440870.49,2026-08-27 16:00:29,0,0.0,0.0,,,25.780722484807562,-11.869473952038675,,,JUBILANT PHARMOVA LIMITED,-0.91
0,INDIASHLTREQN,-8.95,INDIASHLTR,EQ,N,650.05,115418,660.0,662.45,647.15,659.0,75548006.08,968.75,640.0,28918257830.55,2026-08-27 16:00:29,0,0.0,0.0,,,32.89806451612903,-1.5703125,,,INDIA SHELTER FINANCE CORPORATION LIMITED,-1.36
0,CELLOEQN,-4.75,CELLO,EQ,N,349.7,214560,355.9,355.9,349.05,354.45,75501518.4,673.8,336.6,15403612104.97,2026-08-27 16:00:29,0,0.0,0.0,,,48.10032650638171,-3.8918597742127155,,,CELLO WORLD LIMITED,-1.34
0,AADHARHFCEQN,-5.4,AADHARHFC,EQ,N,464.95,161831,472.7,472.8,464.05,470.35,75400299.52,563.0,430.15,49931855313.18,2026-08-27 16:00:29,0,0.0,0.0,,,17.41563055062167,-8.090201092642102,,,AADHAR HOUSING FINANCE LIMITED,-1.15
0,HCGEQN,0.85,HCG,EQ,N,707.0,105209,707.0,714.0,692.3,706.15,73676810.61,796.68,513.3,37673487739.22,2026-08-27 16:00:29,0,0.0,0.0,,,11.256715368780439,-37.73621663744399,,,HEALTHCARE GLOBAL ENTERPRISES LIMITED,0.12
0,HEXTEQN,1.05,HEXT,EQ,N,556.0,133088,556.3,561.0,547.55,554.95,73596333.12,828.85,400.2,82250453768.76,2026-08-27 16:00:29,0,0.0,0.0,,,32.9191047837365,-38.93053473263368,,,HEXAWARE TECHNOLOGIES LIMITED,0.19
0,SAFARIEQN,26.1,SAFARI,EQ,N,1522.2,48118,1496.1,1541.0,1496.1,1496.1,73460788.24,2507.1,1363.1,35205818113.87,2026-08-27 16:00:29,0,0.0,0.0,,,39.28443221251646,-11.67192429022082,,,SAFARI INDUSTRIES (INDIA) LIMITED,1.74
0,HONAUTEQN,305.0,HONAUT,EQ,N,36750.0,1961,36145.0,36895.0,36145.0,36445.0,71965464.35,41495.0,26220.0,80690165896.06,2026-08-27 16:00:29,0,0.0,0.0,,,11.435112664176406,-40.160183066361554,,,HONEYWELL AUTOMATION INDIA LIMITED,0.84
0,PNCINFRAEQN,-2.76,PNCINFRA,EQ,N,198.56,360275,201.9,203.0,197.37,201.32,71644286.5,325.0,158.17,22357940753.54,2026-08-27 16:00:29,0,0.0,0.0,,,38.90461538461538,-25.535815894290952,,,PNC INFRATECH LIMITED,-1.37
0,AFCONSEQN,-0.05,AFCONS,EQ,N,285.0,250467,284.0,288.8,284.0,285.05,71641076.01,479.4,259.1,44423179272.27,2026-08-27 16:00:29,0,0.0,0.0,,,40.550688360450565,-9.996140486298726,,,AFCONS INFRASTRUCTURE LIMITED,-0.02
0,IIFLCAPSEQN,-2.6,IIFLCAPS,EQ,N,333.8,212029,336.3,339.2,333.8,336.4,71212059.94,411.3,240.4,39555861639.15,2026-08-27 16:00:29,0,0.0,0.0,,,18.842693897398494,-38.85191347753744,,,IIFL CAPITAL SERVICES LIMITED,-0.77
0,ASKAUTOLTDEQN,-7.15,ASKAUTOLTD,EQ,N,609.85,116536,620.9,620.9,603.1,617.0,71141731.92,687.7,375.3,30116967359.81,2026-08-27 16:00:29,0,0.0,0.0,,,11.320343172895157,-62.49666933120171,,,ASK AUTOMOTIVE LIMITED,-1.16
0,PICCADILEQN,-12.25,PICCADIL,EQ,N,653.05,107744,668.8,668.8,651.1,665.3,71123969.28,809.7,515.0,16559127467.01,2026-08-27 16:00:29,0,0.0,0.0,,,19.346671606767938,-26.805825242718445,,,PICCADILY AGRO INDUSTRIES LIMITED,-1.84
0,VIPINDEQN,-7.25,VIPIND,EQ,N,303.65,232543,309.85,311.0,301.15,310.9,70811668.93,454.3,278.25,24273653768.96,2026-08-27 16:00:29,0,0.0,0.0,,,33.16090688972045,-9.12848158131177,,,VIP INDUSTRIES LIMITED,-2.33
0,DCMSHRIRAMEQN,-25.1,DCMSHRIRAM,EQ,N,1025.0,67889,1069.0,1079.0,1021.0,1050.1,70763420.26,1414.4,945.1,40508787158.87,2026-08-27 16:00:29,0,0.0,0.0,,,27.53110859728507,-8.454131837900752,,,DCM SHRIRAM LIMITED,-2.39
0,OPTIEMUSEQN,-7.75,OPTIEMUS,EQ,N,576.7,121096,583.4,587.4,574.4,584.45,70311970.48,713.0,288.0,13563130273.0,2026-08-27 16:00:29,0,0.0,0.0,,,19.116409537166902,-100.24305555555556,,,OPTIEMUS INFRACOM LIMITED,-1.33
0,JSWDULUXEQN,26.0,JSWDULUX,EQ,N,3132.0,22595,3100.0,3134.0,3090.1,3106.0,70171483.9,3745.0,2658.7,53880478575.59,2026-08-27 16:00:29,0,0.0,0.0,,,16.36849132176235,-17.80193327566104,,,JSW DULUX LIMITED,0.84
0,OSWALPUMPSEQN,2.2,OSWALPUMPS,EQ,N,297.55,235063,300.0,301.0,295.35,295.35,70131046.05,856.3,283.1,8252243158.29,2026-08-27 16:00:29,0,0.0,0.0,,,65.25166413640079,-5.10420346167432,,,OSWAL PUMPS LIMITED,0.74
0,ERISEQN,-0.7,ERIS,EQ,N,1310.0,51939,1317.0,1332.5,1306.9,1310.7,68214605.04,1818.8,1200.0,70593797863.78,2026-08-27 16:00:29,0,0.0,0.0,,,27.974488673850892,-9.166666666666666,,,ERIS LIFESCIENCES LIMITED,-0.05
0,LOTUSDEVBEN,-1.49,LOTUSDEV,BE,N,183.5,360313,181.5,188.0,180.0,184.99,66697539.43,207.5,102.2,15427608797.44,2026-08-27 16:00:29,0,0.0,0.0,,,11.566265060240964,-79.54990215264188,,,SRI LOTUS DEVELOPERS AND REALTY LIMITED,-0.81
0,TECHNOEEQN,-8.25,TECHNOE,EQ,N,996.0,66454,1004.0,1007.45,993.6,1004.25,66354983.54,1575.0,870.0,49804727349.57,2026-08-27 16:00:29,0,0.0,0.0,,,36.76190476190476,-14.482758620689655,,,TECHNO ELECTRIC & ENGINEERING COMPANY LIMITED,-0.82
0,BAYERCROPEQN,-21.3,BAYERCROP,EQ,N,4068.0,15932,4100.0,4100.0,4034.1,4089.3,64656994.92,5525.0,4030.0,57666505704.01,2026-08-27 16:00:29,0,0.0,0.0,,,26.3710407239819,-0.9429280397022333,,,BAYER CROPSCIENCE LIMITED,-0.52
0,SOBHAEQN,-18.4,SOBHA,EQ,N,1273.8,50171,1305.0,1305.0,1267.3,1292.2,64184763.72,1732.0,1130.0,56560803923.38,2026-08-27 16:00:29,0,0.0,0.0,,,26.454965357967666,-12.725663716814159,,,SOBHA LIMITED,-1.42
0,VMARTEQN,-15.35,VMART,EQ,N,837.0,76410,845.0,854.75,834.55,852.35,64151543.7,888.0,457.9,37139325198.78,2026-08-27 16:00:29,0,0.0,0.0,,,5.743243243243243,-82.79100240227123,,,V-MART RETAIL LIMITED,-1.8
0,JKCEMENTEQN,-56.0,JKCEMENT,EQ,N,5221.0,12186,5290.0,5299.0,5213.0,5277.0,63775309.14,7124.5,4671.5,217895897966.65,2026-08-27 16:00:29,0,0.0,0.0,,,26.71766439750158,-11.76281708230761,,,JK CEMENT LIMITED,-1.06
0,UTLSOLAREQN,0.8,UTLSOLAR,EQ,N,445.0,143124,447.8,452.8,440.2,444.2,63764604.48,494.25,172.0,16400299221.23,2026-08-27 16:00:29,0,0.0,0.0,,,9.964592817400101,-158.72093023255815,,,FUJIYAMA POWER SYSTEMS LIMITED,0.18
0,REDTAPEEQN,0.59,REDTAPE,EQ,N,123.15,503927,122.25,125.7,121.84,122.56,62587733.4,163.5,107.53,18296303596.9,2026-08-27 16:00:29,0,0.0,0.0,,,24.678899082568808,-14.526178740816516,,,REDTAPE LIMITED,0.48
0,ARVINDFASNEQN,6.5,ARVINDFASN,EQ,N,450.0,137480,445.0,451.05,437.05,443.5,61310580.8,579.0,366.2,38706440728.78,2026-08-27 16:00:29,0,0.0,0.0,,,22.27979274611399,-22.88367012561442,,,ARVIND FASHIONS LIMITED,1.47
0,KIRLPNUEQN,4.4,KIRLPNU,EQ,N,733.0,83823,728.0,736.5,720.2,728.6,61138819.74,1098.55,495.05,55577655731.94,2026-08-27 16:00:29,0,0.0,0.0,,,33.275681580264894,-48.065851934148064,,,KIRLOSKAR PNEUMATIC COMPANY LIMITED,0.6
0,BHARTIHEXAEQN,-29.8,BHARTIHEXA,EQ,N,1550.0,38948,1579.1,1598.2,1547.7,1579.8,60927524.84,1955.6,1430.0,116250000000.0,2026-08-27 16:00:29,0,0.0,0.0,,,20.740437717324607,-8.391608391608392,,,BHARTI HEXACOM LIMITED,-1.89
0,ADVENZYMESEQN,-0.9,ADVENZYMES,EQ,N,296.3,202752,297.8,300.65,295.7,297.2,60397793.28,419.0,251.95,14037605166.23,2026-08-27 16:00:29,0,0.0,0.0,,,29.28400954653938,-17.602698948204008,,,ADVANCED ENZYME TECHNOLOGIES LIMITED,-0.3
0,ETHOSLTDEQN,3.8,ETHOSLTD,EQ,N,2883.2,20609,2879.0,2912.7,2873.2,2879.4,59679954.38,3245.9,1919.4,38120955609.73,2026-08-27 16:00:29,0,0.0,0.0,,,11.174096552574017,-50.2136084192977,,,ETHOS LIMITED,0.13
0,IOBEQN,-0.11,IOB,EQ,N,32.99,1798508,33.2,33.23,32.8,33.1,59260838.6,41.8,31.2,48035676087.24,2026-08-27 16:00:29,0,0.0,0.0,,,21.076555023923444,-5.737179487179487,,,INDIAN OVERSEAS BANK,-0.33
0,JKLAKSHMIEQN,-5.4,JKLAKSHMI,EQ,N,544.45,107723,548.85,551.9,542.05,549.85,59007427.71,989.8,540.45,36413264189.43,2026-08-27 16:00:29,0,0.0,0.0,,,44.99393816932714,-0.7401239707651032,,,JK LAKSHMI CEMENT LIMITED,-0.98
0,MMTCEQN,-0.53,MMTC,EQ,N,63.49,906339,64.41,64.6,63.3,64.02,57878808.54,78.35,50.1,9577022070.0,2026-08-27 16:00:29,0,0.0,0.0,,,18.966177409061903,-26.726546906187625,,,MMTC LIMITED,-0.83
0,SPLPETROEQN,-16.3,SPLPETRO,EQ,N,692.0,82584,701.1,715.2,691.0,708.3,57554441.28,979.0,462.3,43525250227.41,2026-08-27 16:00:29,0,0.0,0.0,,,29.315628192032687,-49.68635085442354,,,SUPREME PETROCHEM LIMITED,-2.3
0,ANUPEQN,6.3,ANUP,EQ,N,1792.5,31913,1782.0,1819.7,1775.6,1786.2,57489035.59,2576.0,1422.3,21181689704.31,2026-08-27 16:00:29,0,0.0,0.0,,,30.415372670807454,-26.028264079308162,,,THE ANUP ENGINEERING LIMITED,0.35
0,SUMICHEMEQN,-4.1,SUMICHEM,EQ,N,526.35,103888,533.1,534.0,520.35,530.45,54581716.32,617.45,362.6,64430504105.78,2026-08-27 16:00:29,0,0.0,0.0,,,14.754231111830917,-45.15995587424159,,,SUMITOMO CHEMICAL INDIA LIMITED,-0.77
0,TTMLEQN,-0.86,TTML,EQ,N,36.55,1480267,37.5,37.68,36.3,37.41,54488628.27,60.62,31.22,18319162652.41,2026-08-27 16:00:29,0,0.0,0.0,,,39.706367535466846,-17.07238949391416,,,TATA TELESERVICES (MAHARASHTRA) LIMITED,-2.3
0,JUSTDIALEQN,-5.65,JUSTDIAL,EQ,N,642.0,82613,647.65,650.0,637.3,647.65,52999544.02,878.6,480.5,14110059483.86,2026-08-27 16:00:29,0,0.0,0.0,,,26.929205554290917,-33.6108220603538,,,JUST DIAL LIMITED,-0.87
0,SFLEQN,-10.8,SFL,EQ,N,637.25,80080,650.2,655.0,633.3,648.05,51442591.2,832.45,456.8,23877934600.02,2026-08-27 16:00:29,0,0.0,0.0,,,23.448855787134363,-39.50306479859895,,,SHEELA FOAM LIMITED,-1.67
0,GHCLEQN,2.6,GHCL,EQ,N,440.45,115639,439.9,442.35,438.0,437.85,50921633.65,667.2,416.6,31654053971.67,2026-08-27 16:00:29,0,0.0,0.0,,,33.98531175059952,-5.724915986557849,,,GHCL LIMITED,0.59
0,TRIDENTEQN,-0.04,TRIDENT,EQ,N,24.4,2020489,24.45,24.55,24.35,24.44,49340341.38,30.94,21.98,30407047695.41,2026-08-27 16:00:29,0,0.0,0.0,,,21.137685843568196,-11.010009099181074,,,TRIDENT LIMITED,-0.16
0,CAMPUSEQN,0.08,CAMPUS,EQ,N,225.25,211614,225.17,227.34,222.15,225.17,47594104.74,297.0,215.2,19206027821.81,2026-08-27 16:00:29,0,0.0,0.0,,,24.15824915824916,-4.6700743494423795,,,CAMPUS ACTIVEWEAR LIMITED,0.04
0,JLHLEQN,8.25,JLHL,EQ,N,307.0,154727,298.0,310.0,295.55,298.75,46961191.77,340.0,235.6,57194185469.15,2026-08-27 16:00:29,0,0.0,0.0,,,9.705882352941176,-30.30560271646859,,,JUPITER LIFE LINE HOSPITALS LIMITED,2.76
0,CERAEQN,-57.5,CERA,EQ,N,5659.5,8155,5717.0,5825.0,5650.0,5717.0,46317301.1,6740.0,4461.1,32563116753.15,2026-08-27 16:00:29,0,0.0,0.0,,,16.031157270029674,-26.86332967205398,,,CERA SANITARYWARE LIMITED,-1.01
0,HERITGFOODEQN,-5.55,HERITGFOOD,EQ,N,377.75,122264,383.0,383.0,375.1,383.3,46217014.64,540.0,292.55,16011193095.02,2026-08-27 16:00:29,0,0.0,0.0,,,30.046296296296298,-29.123226798837806,,,HERITAGE FOODS LIMITED,-1.45
0,EUREKAFORBEQN,9.55,EUREKAFORB,EQ,N,435.0,99062,424.05,435.25,422.55,425.45,42548119.62,668.3,403.2,29723536739.01,2026-08-27 16:00:29,0,0.0,0.0,,,34.90947179410444,-7.886904761904762,,,EUREKA FORBES LIMITED,2.24
0,STYLEQN,2.15,STYL,EQ,N,399.0,103912,396.7,410.95,396.7,396.85,42050069.04,437.45,209.11,11465238998.57,2026-08-27 16:00:29,0,0.0,0.0,,,8.78957595153732,-90.80866529577735,,,SESHAASAI TECHNOLOGIES LIMITED,0.54
0,CENTURYPLYEQN,-0.55,CENTURYPLY,EQ,N,742.5,55312,743.05,761.0,742.1,743.05,41622833.12,859.0,618.5,46307218593.89,2026-08-27 16:00:29,0,0.0,0.0,,,13.562281722933644,-20.048504446240905,,,CENTURY PLYBOARDS (INDIA) LIMITED,-0.07
0,PRSMJOHNSNEQN,-0.94,PRSMJOHNSN,EQ,N,111.35,370685,112.0,112.19,110.9,112.29,41275774.75,176.0,97.1,13586890841.42,2026-08-27 16:00:29,0,0.0,0.0,,,36.73295454545455,-14.675592173017508,,,PRISM JOHNSON LIMITED,-0.84
0,UBLEQN,-7.8,UBL,EQ,N,1345.9,29122,1345.1,1351.3,1339.1,1353.7,39140550.44,1882.0,1276.0,96931357440.41,2026-08-27 16:00:29,0,0.0,0.0,,,28.485653560042508,-5.478056426332288,,,UNITED BREWERIES LIMITED,-0.58
0,MEDPLUSEQN,-2.1,MEDPLUS,EQ,N,690.0,55452,695.0,695.0,681.6,692.1,38062807.32,1022.2,648.0,49522543679.72,2026-08-27 16:00:29,0,0.0,0.0,,,32.49853257679515,-6.481481481481482,,,MEDPLUS HEALTH SERVICES LIMITED,-0.3
0,FINPIPEEQN,-0.94,FINPIPE,EQ,N,160.45,231761,163.0,163.0,160.1,161.39,37264851.19,222.5,147.54,44851055714.72,2026-08-27 16:00:29,0,0.0,0.0,,,27.8876404494382,-8.750169445574082,,,FINOLEX INDUSTRIES LIMITED,-0.58
0,RTNINDIAEQN,-0.14,RTNINDIA,EQ,N,30.08,1230141,30.24,30.4,30.0,30.22,37076449.74,64.0,24.4,10408596186.06,2026-08-27 16:00:29,0,0.0,0.0,,,53.0,-23.278688524590162,,,RATTANINDIA ENTERPRISES LIMITED,-0.46
0,TARCEQN,-2.25,TARC,EQ,N,117.2,306535,120.33,120.96,117.1,119.45,36376508.45,186.3,109.1,11718049773.17,2026-08-27 16:00:29,0,0.0,0.0,,,37.0907139023081,-7.424381301558204,,,ANANT RAJ GLOBAL LIMITED,-1.88
0,TARCEQN,-2.25,TARC,EQ,N,117.2,306535,120.33,120.96,117.1,119.45,36376508.45,186.3,109.1,11718049773.17,2026-08-27 16:00:29,0,0.0,0.0,,,37.0907139023081,-7.424381301558204,,,TARC LIMITED,-1.88
0,MAHSCOOTEREQN,36.0,MAHSCOOTER,EQ,N,13698.0,2539,13700.0,13880.0,13502.0,13662.0,34760991.98,18538.0,10901.0,74314054208.63,2026-08-27 16:00:29,0,0.0,0.0,,,26.108533822418817,-25.658196495734337,,,MAHARASHTRA SCOOTERS LIMITED,0.26
0,ASHOKAEQN,-1.25,ASHOKA,EQ,N,112.82,305638,113.7,114.86,112.8,114.07,34760209.74,214.5,101.0,14408872753.3,2026-08-27 16:00:29,0,0.0,0.0,,,47.4032634032634,-11.702970297029703,,,ASHOKA BUILDCON LIMITED,-1.1
0,RITESEQN,-0.81,RITES,EQ,N,217.2,157885,218.0,218.92,216.51,218.01,34316304.75,280.9,175.0,29016597613.11,2026-08-27 16:00:29,0,0.0,0.0,,,22.677109291562832,-24.114285714285714,,,RITES LIMITED,-0.37
0,AARTIDRUGSEQN,0.4,AARTIDRUGS,EQ,N,418.4,81669,419.95,423.0,413.9,418.0,34200527.13,534.55,318.95,14680064381.3,2026-08-27 16:00:29,0,0.0,0.0,,,21.72855672995978,-31.18043580498511,,,AARTI DRUGS LIMITED,0.1
0,DBLEQN,-5.95,DBL,EQ,N,407.95,83249,414.0,416.6,406.05,413.9,34196191.73,585.0,381.55,24425166639.19,2026-08-27 16:00:29,0,0.0,0.0,,,30.264957264957264,-6.91914559035513,,,DILIP BUILDCON LIMITED,-1.44
0,BAJAJELECEQN,-5.6,BAJAJELEC,EQ,N,335.0,100898,340.6,342.6,333.7,340.6,34031886.42,653.8,301.0,13954869892.7,2026-08-27 16:00:29,0,0.0,0.0,,,48.76108901804833,-11.295681063122924,,,BAJAJ ELECTRICALS LIMITED,-1.64
0,BANCOINDIAEQN,-4.95,BANCOINDIA,EQ,N,622.9,54297,627.85,630.7,621.25,627.85,33961144.59,879.8,502.0,27810316388.35,2026-08-27 16:00:29,0,0.0,0.0,,,29.199818140486475,-24.083665338645417,,,BANCO PRODUCTS (I) LIMITED,-0.79
0,WESTLIFEEQN,-1.65,WESTLIFE,EQ,N,564.55,59250,570.0,570.25,553.45,566.2,33274207.5,775.0,398.4,37934954103.82,2026-08-27 16:00:29,0,0.0,0.0,,,27.15483870967742,-41.704317269076306,,,WESTLIFE FOODWORLD LIMITED,-0.29
0,CIEINDIAEQN,-2.7,CIEINDIA,EQ,N,394.3,79832,400.0,400.0,393.9,397.0,31533640.0,526.0,381.1,50142326314.95,2026-08-27 16:00:29,0,0.0,0.0,,,25.03802281368821,-3.4636578325898713,,,CIE AUTOMOTIVE INDIA LIMITED,-0.68
0,IFBINDEQN,-18.6,IFBIND,EQ,N,1351.2,22854,1369.8,1372.0,1345.1,1369.8,31031389.74,2019.8,883.2,13681445895.1,2026-08-27 16:00:29,0,0.0,0.0,,,33.102287355183684,-52.98913043478261,,,IFB INDUSTRIES LIMITED,-1.36
0,NFLEQN,-0.5,NFL,EQ,N,71.3,430598,71.82,72.0,71.21,71.8,30766227.1,102.97,63.35,8840470313.86,2026-08-27 16:00:29,0,0.0,0.0,,,30.75653102845489,-12.54932912391476,,,NATIONAL FERTILIZERS LIMITED,-0.7
0,DOMSEQN,3.8,DOMS,EQ,N,2204.2,13731,2209.0,2235.0,2201.2,2204.0,30474444.09,2770.0,2023.9,39610540527.07,2026-08-27 16:00:29,0,0.0,0.0,,,20.425992779783392,-8.90854291219922,,,DOMS INDUSTRIES LIMITED,0.17
0,PURVAEQN,-2.88,PURVA,EQ,N,215.99,139252,218.9,219.5,212.0,218.87,29954497.72,305.0,160.69,12797960541.57,2026-08-27 16:00:29,0,0.0,0.0,,,29.18360655737705,-34.414089240151846,,,PURAVANKARA LIMITED,-1.32
0,SKFINDIAEQN,-19.2,SKFINDIA,EQ,N,1567.9,18762,1594.4,1596.4,1562.2,1587.1,29583358.74,5074.0,1404.0,36311641320.96,2026-08-27 16:00:29,0,0.0,0.0,,,69.09932991722506,-11.673789173789174,,,SKF INDIA LIMITED,-1.21
0,VAIBHAVGBLEQN,-1.25,VAIBHAVGBL,EQ,N,222.35,130477,224.65,225.4,221.5,223.6,29071580.37,293.25,174.13,13384144801.03,2026-08-27 16:00:29,0,0.0,0.0,,,24.177323103154304,-27.691954287026935,,,VAIBHAV GLOBAL LIMITED,-0.56
0,SMARTWORKSEQN,-0.85,SMARTWORKS,EQ,N,541.0,53458,544.0,546.0,534.0,541.85,28799428.34,619.0,361.5,16054795190.89,2026-08-27 16:00:29,0,0.0,0.0,,,12.60096930533118,-49.654218533886585,,,SMARTWORKS COWORKING SPACES LIMITED,-0.16
0,ITIEQN,-3.15,ITI,EQ,N,275.4,94943,277.2,278.8,274.6,278.55,26250790.07,372.85,237.0,26455954201.89,2026-08-27 16:00:29,0,0.0,0.0,,,26.13651602521121,-16.20253164556962,,,ITI LIMITED,-1.13
0,KANSAINEREQN,-3.32,KANSAINER,EQ,N,198.01,129493,200.75,201.22,198.0,201.33,25798890.39,264.0,157.91,39872101271.69,2026-08-27 16:00:29,0,0.0,0.0,,,24.99621212121212,-25.394211892850358,,,KANSAI NEROLAC PAINTS LIMITED,-1.65
0,ABLBLEQN,-0.99,ABLBL,EQ,N,85.05,297838,86.04,86.49,85.05,86.04,25474084.14,151.33,84.24,49244331499.49,2026-08-27 16:00:29,0,0.0,0.0,,,43.7983215489328,-0.9615384615384616,,,ADITYA BIRLA LIFESTYLE BRANDS LIMITED,-1.15
0,NESCOEQN,-3.2,NESCO,EQ,N,1015.7,24736,1024.0,1030.0,1015.0,1018.9,25222309.76,1638.9,996.0,21268825008.13,2026-08-27 16:00:29,0,0.0,0.0,,,38.025504911831106,-1.9779116465863453,,,NESCO LIMITED,-0.31
0,GALLANTTEQN,-6.75,GALLANTT,EQ,N,576.75,37534,581.0,589.0,573.25,583.5,21805001.96,948.0,496.25,17203783116.75,2026-08-27 16:00:29,0,0.0,0.0,,,39.16139240506329,-16.221662468513856,,,GALLANTT ISPAT LIMITED,-1.16
0,GRINDWELLEQN,-20.5,GRINDWELL,EQ,N,2035.3,10397,2062.5,2068.5,2018.0,2055.8,21161222.04,2455.0,1329.0,93916881897.41,2026-08-27 16:00:29,0,0.0,0.0,,,17.09572301425662,-53.145221971407075,,,GRINDWELL NORTON LIMITED,-1.0
0,GODIGITEQN,-2.1,GODIGIT,EQ,N,257.0,81433,259.4,261.0,257.0,259.1,21039029.88,381.4,244.2,61701617663.81,2026-08-27 16:00:29,0,0.0,0.0,,,32.61667540639748,-5.241605241605241,,,GO DIGIT GENERAL INSURANCE LIMITED,-0.81
0,SUBROSEQN,-4.55,SUBROS,EQ,N,725.75,28576,733.35,736.75,725.05,730.3,20864766.4,1213.7,622.1,13845005843.0,2026-08-27 16:00:29,0,0.0,0.0,,,40.20350992831837,-16.661308471306864,,,SUBROS LIMITED,-0.62
0,SUNTECKEQN,-4.35,SUNTECK,EQ,N,307.75,67138,312.05,313.2,305.25,312.1,20751013.04,473.0,270.75,14695496817.64,2026-08-27 16:00:29,0,0.0,0.0,,,34.936575052854124,-13.665743305632502,,,SUNTECK REALTY LIMITED,-1.39
0,SHAREINDIAEQN,-2.88,SHAREINDIA,EQ,N,168.14,116849,171.0,172.89,167.6,171.02,19798894.56,211.0,115.36,12765180375.09,2026-08-27 16:00:29,0,0.0,0.0,,,20.312796208530806,-45.75242718446602,,,SHARE INDIA SECURITIES LIMITED,-1.68
0,SAATVIKGLEQN,4.75,SAATVIKGL,EQ,N,428.6,46407,423.85,430.0,420.0,423.85,19708588.83,567.0,328.0,8297314095.64,2026-08-27 16:00:29,0,0.0,0.0,,,24.409171075837744,-30.670731707317074,,,SAATVIK GREEN ENERGY LIMITED,1.12
0,HGINFRAEQN,-0.65,HGINFRA,EQ,N,501.25,37937,501.95,506.15,500.25,501.9,19052720.14,1049.95,429.5,9218306201.31,2026-08-27 16:00:29,0,0.0,0.0,,,52.25963141101957,-16.70547147846333,,,H.G. INFRA ENGINEERING LIMITED,-0.13
0,TSFINVEQN,-3.75,TSFINV,EQ,N,406.9,46649,410.95,412.5,399.15,410.65,18874185.4,701.5,331.7,38170930493.74,2026-08-27 16:00:29,0,0.0,0.0,,,41.995723449750535,-22.67108833283087,,,TSF INVESTMENTS LIMITED,-0.91
0,DATAMATICSEQN,-8.6,DATAMATICS,EQ,N,790.1,23531,790.1,801.55,787.55,798.7,18674436.91,1054.0,632.0,15644205713.13,2026-08-27 16:00:29,0,0.0,0.0,,,25.037950664136623,-25.015822784810126,,,DATAMATICS GLOBAL SERVICES LIMITED,-1.08
0,BIRLACORPNEQN,-12.3,BIRLACORPN,EQ,N,883.0,19226,892.0,898.8,881.0,895.3,17030967.58,1346.1,769.6,24985231815.96,2026-08-27 16:00:29,0,0.0,0.0,,,34.40309040933066,-14.734927234927236,,,BIRLA CORPORATION LIMITED,-1.37
0,CRIZACEQN,-2.08,CRIZAC,EQ,N,176.75,93758,178.75,178.75,175.36,178.83,16537973.62,387.95,170.29,6204281053.6,2026-08-27 16:00:29,0,0.0,0.0,,,54.44000515530352,-3.793528686358565,,,CRIZAC LIMITED,-1.16
0,NIVABUPAEQN,0.4,NIVABUPA,EQ,N,82.57,196144,82.18,82.89,82.11,82.17,16177957.12,91.4,67.5,50988028693.03,2026-08-27 16:00:29,0,0.0,0.0,,,9.660831509846828,-22.325925925925926,,,NIVA BUPA HEALTH INSURANCE COMPANY LIMITED,0.49
0,ORIENTCEMEQN,-2.97,ORIENTCEM,EQ,N,131.51,105869,134.86,134.86,131.0,134.48,14031877.26,238.07,122.32,6805183166.36,2026-08-27 16:00:29,0,0.0,0.0,,,44.75994455412274,-7.513080444735121,,,ORIENT CEMENT LIMITED,-2.21
0,INDIACEMEQN,-2.5,INDIACEM,EQ,N,369.35,34132,373.75,374.4,368.15,371.85,12644540.72,485.8,342.35,25334693973.45,2026-08-27 16:00:29,0,0.0,0.0,,,23.970769864141623,-7.886665693004235,,,THE INDIA CEMENTS LIMITED,-0.67
0,CORONAEQN,-24.5,CORONA,EQ,N,2078.6,5743,2102.0,2103.1,2075.3,2103.1,11977543.37,2270.1,1336.6,12833125500.57,2026-08-27 16:00:29,0,0.0,0.0,,,8.435751728998722,-55.51399072272931,,,CORONA REMEDIES LIMITED,-1.16
0,SANOFICONREQN,-22.9,SANOFICONR,EQ,N,4135.6,1480,4169.2,4184.9,4132.0,4158.5,6137012.4,5357.0,3975.0,27185239319.08,2026-08-27 16:00:29,0,0.0,0.0,,,22.80007466865783,-4.040251572327044,,,SANOFI CONSUMER HEALTHCARE INDIA LIMITED,-0.55
