priority,identifier,change,symbol,series,marketType,lastPrice,totalTradedVolume,open,dayHigh,dayLow,previousClose,totalTradedValue,yearHigh,yearLow,ffmc,lastUpdateTime,stockIndClosePrice,perChange365d,perChange30d,date365dAgo,date30dAgo,nearWKH,nearWKL,chart30Path,chart365Path,companyName,pChange
1,NIFTY TOTAL MARKET,-50.0,NIFTY TOTAL MARKET,,,13211.75,2333121146,13263.45,13270.65,13190.9,13261.75,852005853704.66,13548.0,11436.55,,2026-08-19 18:40:24,0,1.76,0.39,18-Aug-2025,17-Jul-2026,2.4819161499852376,-15.52216358954405,,,,-0.38
0,ASTERDMEQN,-18.0,ASTERDM,EQ,N,800.0,73948298,779.9,835.0,766.1,818.0,57249293345.64,891.3,519.1,339812783619.76,2026-08-19 16:00:25,0,29.36,-2.43,19-Aug-2025,17-Jul-2026,10.243464602266352,-54.112887690233094,,,ASTER DM QUALITY CARE LIMITED,-2.2
0,HSCLEQN,-31.75,HSCL,EQ,N,750.05,33126152,782.5,785.0,701.7,781.8,24410330147.28,819.5,418.5,175681673861.22,2026-08-19 16:00:25,0,56.23,1.15,19-Aug-2025,17-Jul-2026,8.474679682733374,-79.22341696535246,,,HIMADRI SPECIALITY CHEMICAL LIMITED,-4.06
0,BSEEQN,44.0,BSE,EQ,N,3352.0,4767443,3317.0,3395.0,3291.7,3308.0,15986809635.19,4446.8,2021.5,1365925825594.35,2026-08-19 16:00:25,0,34.54,-6.42,19-Aug-2025,17-Jul-2026,24.619951425744354,-65.81746228048479,,,BSE LIMITED,1.33
0,HDFCBANKEQN,-3.0,HDFCBANK,EQ,N,720.0,21342651,724.0,725.4,715.1,723.0,15344939215.98,1020.5,715.1,11002046058889.73,2026-08-19 16:00:25,0,-27.68,-12.15,19-Aug-2025,17-Jul-2026,29.446349828515434,-0.6852188505104181,,,HDFC BANK LIMITED,-0.41
0,ICICIBANKEQN,-10.0,ICICIBANK,EQ,N,1402.0,10304210,1412.0,1416.0,1391.5,1412.0,14412807653.3,1480.0,1187.6,10019270471455.94,2026-08-19 16:00:25,0,-2.39,-2.93,19-Aug-2025,17-Jul-2026,5.27027027027027,-18.053216571236106,,,ICICI BANK LIMITED,-0.71
0,BHARTIARTLEQN,-12.2,BHARTIARTL,EQ,N,1922.0,6252338,1924.8,1941.8,1922.0,1934.2,12058008973.28,2174.5,1740.5,5969007012024.03,2026-08-19 16:00:25,0,0.64,0.69,19-Aug-2025,17-Jul-2026,11.611864796504944,-10.428037920137891,,,BHARTI AIRTEL LIMITED,-0.63
0,NETWEBEQN,-286.1,NETWEB,EQ,N,5068.4,1923210,5324.9,5338.0,5025.0,5354.5,9851931706.5,5396.4,2037.3,95269433134.72,2026-08-19 16:00:25,0,138.31,19.42,19-Aug-2025,17-Jul-2026,6.078126158179527,-148.78024836793796,,,NETWEB TECHNOLOGIES INDIA LIMITED,-5.34
0,RELIANCEEQN,-11.0,RELIANCE,EQ,N,1311.0,7489365,1320.3,1321.6,1303.5,1322.0,9832412840.25,1611.8,1249.8,8831867924937.77,2026-08-19 16:00:25,0,-7.68,-1.22,19-Aug-2025,17-Jul-2026,18.662365057699468,-4.896783485357657,,,RELIANCE INDUSTRIES LIMITED,-0.83
0,MCXEQN,-67.0,MCX,EQ,N,2973.0,3238717,3060.0,3068.0,2960.1,3040.0,9724863148.73,3480.0,1460.8,756313032364.09,2026-08-19 16:00:25,0,79.2,8.21,19-Aug-2025,17-Jul-2026,14.568965517241379,-103.51861993428258,,,MULTI COMMODITY EXCHANGE OF INDIA LIMITED,-2.2
0,CUPIDEQN,-0.53,CUPID,EQ,N,283.5,33857821,285.45,290.9,277.21,284.03,9618329789.68,299.0,32.87,191343298106.85,2026-08-19 16:00:25,0,725.09,32.0,19-Aug-2025,17-Jul-2026,5.183946488294314,-762.4885914207484,,,CUPID LIMITED,-0.19
0,INFYEQN,4.8,INFY,EQ,N,1119.8,8408573,1125.6,1134.7,1113.8,1115.0,9420712932.01,1728.0,982.4,3917487721627.87,2026-08-19 16:00:25,0,-22.24,2.12,19-Aug-2025,17-Jul-2026,35.19675925925926,-13.98615635179153,,,INFOSYS LIMITED,0.43
0,ETERNALEQN,4.1,ETERNAL,EQ,N,320.0,28100651,316.15,322.85,315.85,315.9,8996423417.65,368.45,212.6,2306977312381.44,2026-08-19 16:00:25,0,-0.45,11.65,19-Aug-2025,17-Jul-2026,13.149681096485276,-50.51740357478833,,,ETERNAL LIMITED,1.3
0,PAYTMEQN,37.2,PAYTM,EQ,N,1583.5,5645397,1551.1,1604.9,1546.3,1546.3,8964946889.97,1657.6,930.6,665643431646.87,2026-08-19 16:00:25,0,29.14,17.47,19-Aug-2025,17-Jul-2026,4.470318532818533,-70.15903718031377,,,ONE 97 COMMUNICATIONS LIMITED,2.41
0,CHENNPETROEQN,40.1,CHENNPETRO,EQ,N,1444.1,5720727,1429.0,1489.7,1421.2,1404.0,8372684415.39,1489.7,620.85,69267055421.18,2026-08-19 16:00:25,0,120.09,20.28,19-Aug-2025,17-Jul-2026,3.061018997113513,-132.60046710155433,,,CHENNAI PETROLEUM CORPORATION LIMITED,2.86
0,TCSEQN,9.0,TCS,EQ,N,2289.0,3368922,2293.6,2308.2,2258.3,2280.0,7676964696.72,3350.0,1976.8,2330482611692.09,2026-08-19 16:00:25,0,-24.11,0.88,19-Aug-2025,17-Jul-2026,31.671641791044777,-15.793201133144477,,,TATA CONSULTANCY SERVICES LIMITED,0.39
0,SBINEQN,-4.4,SBIN,EQ,N,1048.6,7182636,1053.2,1054.8,1041.4,1053.0,7520794502.88,1234.7,798.5,4322209795855.47,2026-08-19 16:00:25,0,26.28,0.41,19-Aug-2025,17-Jul-2026,15.072487243864906,-31.32122730118973,,,STATE BANK OF INDIA,-0.42
0,ZAGGLEEQN,19.21,ZAGGLE,EQ,N,185.09,39149680,187.4,194.7,180.0,165.88,7246214271.2,417.6,154.36,12905507230.15,2026-08-19 16:00:25,0,-54.89,-11.7,19-Aug-2025,17-Jul-2026,55.67768199233716,-19.908007255765742,,,ZAGGLE PREPAID OCEAN SERVICES LIMITED,11.58
0,KAYNESEQN,179.2,KAYNES,EQ,N,3823.3,1892334,3645.4,3828.0,3639.1,3644.1,7138432624.86,7705.0,2995.0,119264172985.45,2026-08-19 16:00:25,0,-39.04,12.92,19-Aug-2025,17-Jul-2026,50.3789746917586,-27.65609348914858,,,KAYNES TECHNOLOGY INDIA LIMITED,4.92
0,DIXONEQN,312.0,DIXON,EQ,N,14462.0,468989,14149.0,14550.0,14026.0,14150.0,6736675243.25,18471.0,9600.0,598864877911.5,2026-08-19 16:00:25,0,-14.45,0.93,19-Aug-2025,17-Jul-2026,21.704293216393264,-50.645833333333336,,,DIXON TECHNOLOGIES (INDIA) LIMITED,2.2
0,POWERINDIAEQN,-1475.0,POWERINDIA,EQ,N,33800.0,186593,35100.0,35100.0,33360.0,35275.0,6314797859.59,38785.0,16111.0,428749395518.42,2026-08-19 16:00:25,0,71.53,5.38,19-Aug-2025,17-Jul-2026,12.852907051695244,-109.7945503072435,,,HITACHI ENERGY INDIA LIMITED,-4.18
0,ATGLEQN,13.6,ATGL,EQ,N,660.9,8506454,652.9,687.9,652.9,647.3,5711318280.14,859.85,462.8,182820954979.13,2026-08-19 16:00:25,0,5.11,-6.47,19-Aug-2025,17-Jul-2026,23.13775658545095,-42.80466724286949,,,ADANI TOTAL GAS LIMITED,2.1
0,LENSKARTEQN,11.6,LENSKART,EQ,N,640.0,8791922,629.9,644.95,623.15,628.4,5602300617.62,644.95,356.1,213960003014.99,2026-08-19 16:00:25,0,0.0,19.14,,17-Jul-2026,0.7675013566943174,-79.72479640550407,,,LENSKART SOLUTIONS LIMITED,1.85
0,M&MEQN,-6.5,M&M,EQ,N,3415.0,1601024,3396.2,3425.6,3371.1,3421.5,5458675317.76,3839.9,2896.0,3040313313566.21,2026-08-19 16:00:25,0,1.82,7.42,19-Aug-2025,17-Jul-2026,11.065392327925206,-17.921270718232044,,,MAHINDRA & MAHINDRA LIMITED,-0.19
0,ADANIENSOLEQN,-62.3,ADANIENSOL,EQ,N,1540.7,3477602,1604.8,1604.8,1536.5,1603.0,5403254555.46,1789.0,744.9,513670341568.88,2026-08-19 16:00:25,0,86.03,-10.56,19-Aug-2025,17-Jul-2026,13.879262157629961,-106.83313196402202,,,ADANI ENERGY SOLUTIONS LIMITED,-3.89
0,GROWWEQN,0.09,GROWW,EQ,N,193.9,27442709,193.7,198.18,193.5,193.81,5364775182.41,227.2,112.0,148809592261.62,2026-08-19 16:00:25,0,0.0,-6.91,,17-Jul-2026,14.65669014084507,-73.125,,,BILLIONBRAINS GARAGE VENTURES LIMITED,0.05
0,IFCIEQN,0.08,IFCI,EQ,N,81.44,63787696,81.87,84.19,81.0,81.36,5275242459.2,95.8,46.23,54079914273.81,2026-08-19 16:00:25,0,48.56,12.84,19-Aug-2025,17-Jul-2026,14.98956158663883,-76.16266493618862,,,IFCI LIMITED,0.1
0,SWIGGYEQN,-1.6,SWIGGY,EQ,N,272.4,19048103,277.15,277.6,269.75,274.0,5203751258.57,474.0,235.75,385533280195.33,2026-08-19 16:00:25,0,-33.51,-1.61,19-Aug-2025,17-Jul-2026,42.53164556962025,-15.546129374337221,,,SWIGGY LIMITED,-0.58
0,HALEQN,-82.0,HAL,EQ,N,5017.0,983643,5099.0,5099.3,5005.0,5099.0,4949976832.47,5149.9,3479.1,949104630270.6,2026-08-19 16:00:25,0,12.68,11.47,19-Aug-2025,17-Jul-2026,2.5806326336433716,-44.20396079445834,,,HINDUSTAN AERONAUTICS LIMITED,-1.61
0,LTEQN,-23.0,LT,EQ,N,4041.3,1190832,4064.0,4069.0,4024.8,4064.3,4808531982.72,4440.0,3288.1,4717331330304.83,2026-08-19 16:00:25,0,11.85,5.95,19-Aug-2025,17-Jul-2026,8.97972972972973,-22.906845898847358,,,LARSEN & TOUBRO LIMITED,-0.57
0,PARASEQN,-41.3,PARAS,EQ,N,1486.0,3160134,1527.5,1577.0,1467.9,1527.3,4791774386.88,1577.0,580.5,52626194091.8,2026-08-19 16:00:25,0,118.29,26.33,19-Aug-2025,17-Jul-2026,5.7704502219403935,-155.98621877691644,,,PARAS DEFENCE AND SPACE TECHNOLOGIES LIMITED,-2.7
0,COFORGEEQN,40.1,COFORGE,EQ,N,1813.1,2592917,1790.0,1818.0,1785.4,1773.0,4687008627.54,1989.7,1008.1,629307200467.71,2026-08-19 16:00:25,0,9.71,20.2,19-Aug-2025,17-Jul-2026,8.875709906015983,-79.85318916774129,,,COFORGE LIMITED,2.26
0,MRPLEQN,-2.19,MRPL,EQ,N,175.25,25690510,179.5,183.85,175.0,177.44,4607592968.5,212.31,120.45,30804900732.95,2026-08-19 16:00:25,0,40.03,0.44,19-Aug-2025,17-Jul-2026,17.455607366586595,-45.496056454960566,,,MANGALORE REFINERY AND PETROCHEMICALS LIMITED,-1.23
0,GVT&DEQN,-95.0,GVT&D,EQ,N,4100.0,1124808,4152.6,4160.7,4041.3,4195.0,4607382289.2,5650.0,2523.2,506626937361.51,2026-08-19 16:00:25,0,45.4,-6.55,19-Aug-2025,17-Jul-2026,27.43362831858407,-62.49207355738744,,,GE VERNOVA T&D INDIA LIMITED,-2.26
0,LTFEQN,-9.7,LTF,EQ,N,315.4,14527880,327.0,327.0,312.75,325.1,4597347626.0,338.6,204.26,268388179104.06,2026-08-19 16:00:25,0,45.33,1.73,19-Aug-2025,17-Jul-2026,6.851742468989959,-54.411044746891214,,,L&T FINANCE LIMITED,-2.98
0,IDEAEQN,-0.05,IDEA,EQ,N,14.07,320742876,14.12,14.22,13.88,14.12,4506437407.8,15.34,6.18,386276490951.39,2026-08-19 16:00:25,0,113.83,2.4,19-Aug-2025,17-Jul-2026,8.279009126466754,-127.66990291262135,,,VODAFONE IDEA LIMITED,-0.35
0,BELEQN,-2.8,BEL,EQ,N,409.2,10660149,412.0,412.75,406.4,412.0,4358934926.1,473.45,361.2,1461532357095.02,2026-08-19 16:00:25,0,7.67,-0.06,19-Aug-2025,17-Jul-2026,13.57059879607139,-13.289036544850498,,,BHARAT ELECTRONICS LIMITED,-0.68
0,PRSMJOHNSNEQN,3.96,PRSMJOHNSN,EQ,N,108.95,37736715,107.5,116.88,107.5,104.99,4241606766.0,176.0,97.1,13294043620.77,2026-08-19 16:00:25,0,-26.75,-0.82,19-Aug-2025,17-Jul-2026,38.09659090909091,-12.203913491246139,,,PRISM JOHNSON LIMITED,3.77
0,ONGCEQN,-1.5,ONGC,EQ,N,238.0,17345994,241.1,242.19,237.52,239.5,4153845183.18,307.5,227.65,921924299655.38,2026-08-19 16:00:25,0,0.03,-3.76,19-Aug-2025,17-Jul-2026,22.601626016260163,-4.546452888205579,,,OIL & NATURAL GAS CORPORATION LIMITED,-0.63
0,GLAXOEQN,147.8,GLAXO,EQ,N,3025.2,1374693,2877.3,3054.9,2851.0,2877.4,4128010621.98,3054.9,2088.1,124859802905.93,2026-08-19 16:00:25,0,7.77,23.24,19-Aug-2025,17-Jul-2026,0.9722085829323382,-44.87811886403908,,,GLAXOSMITHKLINE PHARMACEUTICALS LIMITED,5.14
0,MEESHOEQN,3.83,MEESHO,EQ,N,196.78,20750848,192.0,200.0,192.0,192.95,4082729344.0,254.4,125.56,109890607961.97,2026-08-19 16:00:25,0,0.0,4.74,,17-Jul-2026,22.64937106918239,-56.72188595093979,,,MEESHO LIMITED,1.98
0,DATAPATTNSEQN,37.8,DATAPATTNS,EQ,N,4775.0,840297,4755.0,4797.9,4690.0,4737.2,3990914974.77,4955.9,2131.0,143566059883.17,2026-08-19 16:00:25,0,87.92,16.87,19-Aug-2025,17-Jul-2026,3.6501947174075347,-124.07320506804317,,,DATA PATTERNS (INDIA) LIMITED,0.8
0,LICIEQN,3.1,LICI,EQ,N,413.1,9495877,411.0,415.4,410.0,410.0,3922461912.39,468.48,360.75,182899958519.82,2026-08-19 16:00:25,0,-7.61,-4.62,19-Aug-2025,17-Jul-2026,11.821209016393443,-14.511434511434512,,,LIFE INSURANCE CORPORATION OF INDIA,0.76
0,KALYANKJILEQN,-6.4,KALYANKJIL,EQ,N,595.2,6600446,604.0,604.0,588.0,601.6,3917694723.3,648.95,327.05,228068454850.86,2026-08-19 16:00:25,0,17.32,3.62,19-Aug-2025,17-Jul-2026,8.28261037059866,-81.99052132701422,,,KALYAN JEWELLERS INDIA LIMITED,-1.06
0,SOLARINDSEQN,-559.0,SOLARINDS,EQ,N,19721.0,197246,20080.0,20140.0,19550.0,20280.0,3891738533.48,20422.0,11646.0,479052914549.89,2026-08-19 16:00:25,0,34.17,6.79,19-Aug-2025,17-Jul-2026,3.432572715698756,-69.33711145457669,,,SOLAR INDUSTRIES INDIA LIMITED,-2.76
0,POLICYBZREQN,35.1,POLICYBZR,EQ,N,1782.1,2185071,1755.0,1798.8,1741.6,1747.0,3891655152.42,1974.0,1364.0,614954962368.1,2026-08-19 16:00:25,0,-6.89,13.22,19-Aug-2025,17-Jul-2026,9.721377912867274,-30.6524926686217,,,PB FINTECH LIMITED,2.01
0,AXISBANKEQN,-8.0,AXISBANK,EQ,N,1235.0,3061937,1243.1,1245.0,1224.0,1243.0,3774970269.19,1418.3,1042.5,3539599489046.69,2026-08-19 16:00:25,0,14.01,-7.04,19-Aug-2025,17-Jul-2026,12.923923006416132,-18.465227817745802,,,AXIS BANK LIMITED,-0.64
0,ITCEQN,-2.95,ITC,EQ,N,267.05,13821291,270.0,270.95,265.85,270.0,3696918916.68,427.0,265.85,2567073741723.95,2026-08-19 16:00:25,0,-34.72,-4.86,19-Aug-2025,17-Jul-2026,37.459016393442624,-0.45138235847282304,,,ITC LIMITED,-1.09
0,ICICIAMCEQN,184.0,ICICIAMC,EQ,N,3290.0,1108876,3099.0,3292.0,3083.9,3106.0,3578864023.72,3611.0,2530.0,160436943300.32,2026-08-19 16:00:25,0,0.0,3.37,,17-Jul-2026,8.889504292439767,-30.039525691699605,,,ICICI PRUDENTIAL ASSET MANAGEMENT COMPANY LIMITED,5.92
0,RAILTELEQN,5.35,RAILTEL,EQ,N,282.5,12340844,282.65,297.6,282.15,277.15,3574772281.48,412.9,245.0,24618385261.99,2026-08-19 16:00:25,0,-21.21,-5.2,19-Aug-2025,17-Jul-2026,31.581496730443206,-15.306122448979592,,,RAILTEL CORPORATION OF INDIA LIMITED,1.93
0,CGPOWEREQN,-31.15,CGPOWER,EQ,N,863.05,4061889,885.85,886.0,860.2,894.2,3523688707.5,980.9,525.5,590306278013.75,2026-08-19 16:00:25,0,27.52,-4.64,19-Aug-2025,17-Jul-2026,12.014476501172393,-64.23406279733587,,,CG POWER AND INDUSTRIAL SOLUTIONS LIMITED,-3.48
0,SAMMAANCAPEQN,2.85,SAMMAANCAP,EQ,N,153.08,22151184,150.99,158.49,150.4,150.23,3437420733.12,192.95,116.7,117223995625.22,2026-08-19 16:00:25,0,23.97,-6.44,19-Aug-2025,17-Jul-2026,20.66338429644986,-31.17395029991431,,,SAMMAAN CAPITAL LIMITED,1.9
0,HFCLEQN,-3.73,HFCL,EQ,N,226.3,14962246,233.0,234.4,224.0,230.03,3399871158.58,234.4,59.82,231097122218.48,2026-08-19 16:00:25,0,204.25,6.16,19-Aug-2025,17-Jul-2026,3.455631399317406,-278.3015713808091,,,HFCL LIMITED,-1.62
0,HINDCOPPEREQN,-10.85,HINDCOPPER,EQ,N,555.5,5929490,560.0,569.0,553.0,566.35,3322530426.6,760.05,226.7,181792004981.6,2026-08-19 16:00:25,0,129.3,14.27,19-Aug-2025,17-Jul-2026,26.91270311163739,-145.03749448610498,,,HINDUSTAN COPPER LIMITED,-1.92
0,GRASIMEQN,-8.7,GRASIM,EQ,N,3270.0,978120,3278.7,3278.7,3223.0,3278.7,3183878412.0,3411.1,2502.5,1230373926126.57,2026-08-19 16:00:25,0,15.62,5.15,19-Aug-2025,17-Jul-2026,4.1364955586174545,-30.66933066933067,,,GRASIM INDUSTRIES LIMITED,-0.27
0,BAJFINANCEEQN,-14.1,BAJFINANCE,EQ,N,1080.2,2877930,1093.9,1093.9,1076.4,1094.3,3112193502.0,1176.4,787.9,2887080214450.25,2026-08-19 16:00:25,0,19.72,2.26,19-Aug-2025,17-Jul-2026,8.177490649438967,-37.098616575707574,,,BAJAJ FINANCE LIMITED,-1.29
0,TMCVEQN,6.0,TMCV,EQ,N,477.65,6450490,470.9,480.0,468.0,471.65,3057145230.6,509.0,306.3,994864789025.88,2026-08-19 16:00:25,0,0.0,15.19,,17-Jul-2026,6.159135559921414,-55.9418870388508,,,TATA MOTORS LIMITED,1.27
0,POLYCABEQN,1.0,POLYCAB,EQ,N,9140.0,333641,9105.0,9150.0,8963.5,9139.0,3028212462.66,10126.0,6663.0,487509466293.19,2026-08-19 16:00:25,0,28.42,3.14,19-Aug-2025,17-Jul-2026,9.737309895318981,-37.175446495572565,,,POLYCAB INDIA LIMITED,0.01
0,SUNPHARMAEQN,24.9,SUNPHARMA,EQ,N,1900.0,1566692,1871.0,1900.0,1871.0,1875.1,2964760940.04,2046.9,1548.0,2006240644990.54,2026-08-19 16:00:25,0,16.81,-1.69,19-Aug-2025,17-Jul-2026,7.176706238702428,-22.739018087855296,,,SUN PHARMACEUTICAL INDUSTRIES LIMITED,1.33
0,HINDUNILVREQN,-14.3,HINDUNILVR,EQ,N,2020.7,1449442,2035.0,2041.7,2008.3,2035.0,2926669803.14,2750.0,2008.3,1787720050933.17,2026-08-19 16:00:25,0,-22.42,-5.74,19-Aug-2025,17-Jul-2026,26.52,-0.6174376338196484,,,HINDUSTAN UNILEVER LIMITED,-0.7
0,ULTRACEMCOEQN,-49.0,ULTRACEMCO,EQ,N,11450.0,251888,11499.0,11499.0,11396.0,11499.0,2882067231.68,13110.0,10325.0,1351165807991.12,2026-08-19 16:00:25,0,-10.98,-2.36,19-Aug-2025,17-Jul-2026,12.662090007627764,-10.895883777239709,,,ULTRATECH CEMENT LIMITED,-0.43
0,TATASTEELEQN,-1.5,TATASTEEL,EQ,N,184.0,15509632,184.16,184.95,182.5,185.5,2850670361.6,224.4,153.05,1516704709129.08,2026-08-19 16:00:25,0,15.56,-1.02,19-Aug-2025,17-Jul-2026,18.003565062388592,-20.222149624305782,,,TATA STEEL LIMITED,-0.81
0,APARINDSEQN,-645.0,APARINDS,EQ,N,16569.0,168975,17320.0,17525.0,16461.0,17214.0,2827095378.75,18465.0,6801.0,290988443088.5,2026-08-19 16:00:25,0,96.58,19.75,19-Aug-2025,17-Jul-2026,10.268074735987003,-143.62593736215263,,,APAR INDUSTRIES LIMITED,-3.75
0,ADANIENTEQN,-12.2,ADANIENT,EQ,N,2990.3,938700,3012.7,3019.0,2967.3,3002.5,2805239241.0,3245.0,1753.0,895235959017.96,2026-08-19 16:00:25,0,28.96,-5.39,19-Aug-2025,17-Jul-2026,7.848998459167951,-70.58185966913862,,,ADANI ENTERPRISES LIMITED,-0.41
0,TECHMEQN,-2.2,TECHM,EQ,N,1589.8,1752634,1601.5,1610.7,1575.8,1592.0,2779449681.58,1854.0,1304.1,1006866192165.17,2026-08-19 16:00:25,0,6.22,1.07,19-Aug-2025,17-Jul-2026,14.250269687162891,-21.907829154205967,,,TECH MAHINDRA LIMITED,-0.14
0,PFCEQN,0.0,PFC,EQ,N,374.45,7426828,374.95,376.4,371.15,374.45,2776965257.48,486.5,329.9,543711987158.56,2026-08-19 16:00:25,0,-8.67,-7.51,19-Aug-2025,17-Jul-2026,23.03186022610483,-13.504092149136103,,,POWER FINANCE CORPORATION LIMITED,0.0
0,EICHERMOTEQN,-28.0,EICHERMOT,EQ,N,7990.5,344004,8016.5,8060.0,7947.5,8018.5,2756569412.76,8230.0,5825.5,1098230599253.08,2026-08-19 16:00:25,0,34.55,5.65,19-Aug-2025,17-Jul-2026,2.9100850546780075,-37.16419191485709,,,EICHER MOTORS LIMITED,-0.35
0,OFSSEQN,151.0,OFSS,EQ,N,11774.0,233633,11703.0,11854.0,11640.0,11623.0,2740171649.49,11979.0,6234.5,280022315915.25,2026-08-19 16:00:25,0,36.95,0.03,19-Aug-2025,17-Jul-2026,1.7113281576091492,-88.85235383751704,,,ORACLE FINANCIAL SERVICES SOFTWARE LIMITED,1.3
0,ANANTRAJEQN,4.7,ANANTRAJ,EQ,N,631.75,4252327,627.0,640.5,621.0,627.05,2690659909.25,743.65,403.0,96139991476.06,2026-08-19 16:00:25,0,16.51,6.7,19-Aug-2025,17-Jul-2026,15.047401331271432,-56.76178660049628,,,ANANT RAJ LIMITED,0.75
0,NESTLEINDEQN,2.5,NESTLEIND,EQ,N,1465.0,1837329,1462.4,1481.3,1457.1,1462.5,2689390323.75,1553.0,1120.5,1047482986675.69,2026-08-19 16:00:25,0,26.14,2.65,19-Aug-2025,17-Jul-2026,5.666452028332261,-30.745203034359662,,,NESTLE INDIA LIMITED,0.17
0,PERSISTENTEQN,67.5,PERSISTENT,EQ,N,5510.0,474744,5520.0,5577.0,5475.5,5442.5,2622343432.8,6599.0,4244.5,597074319705.0,2026-08-19 16:00:25,0,5.22,6.29,19-Aug-2025,17-Jul-2026,16.50250037884528,-29.815054776769937,,,PERSISTENT SYSTEMS LIMITED,1.24
0,MOTHERSONEQN,-0.11,MOTHERSON,EQ,N,170.29,15320296,170.8,173.27,169.31,170.4,2621915457.44,173.27,91.1,750210495037.02,2026-08-19 16:00:25,0,71.32,18.12,19-Aug-2025,17-Jul-2026,1.7198591793155191,-86.9264544456641,,,SAMVARDHANA MOTHERSON INTERNATIONAL LIMITED,-0.06
0,APOLLOHOSPEQN,-67.0,APOLLOHOSP,EQ,N,8750.0,298438,8817.0,8862.5,8695.5,8817.0,2620924297.32,9050.0,6696.5,897944888429.35,2026-08-19 16:00:25,0,11.84,-0.86,19-Aug-2025,17-Jul-2026,3.314917127071823,-30.665272903755692,,,APOLLO HOSPITALS ENTERPRISE LIMITED,-0.76
0,KOTAKBANKEQN,2.6,KOTAKBANK,EQ,N,390.25,6704930,387.0,393.1,386.75,387.65,2615995488.8,453.2,345.5,2865434902356.11,2026-08-19 16:00:25,0,-3.87,0.08,19-Aug-2025,17-Jul-2026,13.890114739629302,-12.952243125904486,,,KOTAK MAHINDRA BANK LIMITED,0.67
0,BHARATFORGEQN,-29.9,BHARATFORG,EQ,N,2069.0,1263394,2090.0,2095.0,2048.6,2098.9,2609590842.76,2295.0,1100.5,549939351943.0,2026-08-19 16:00:25,0,74.08,-5.55,19-Aug-2025,17-Jul-2026,9.847494553376906,-88.00545206724216,,,BHARAT FORGE LIMITED,-1.42
0,HGINFRAEQN,6.3,HGINFRA,EQ,N,514.0,4792216,520.05,562.45,511.35,507.7,2601119000.48,1049.95,429.5,9452786807.93,2026-08-19 16:00:25,0,-47.75,-6.52,19-Aug-2025,17-Jul-2026,51.04528787085099,-19.674039580908033,,,H.G. INFRA ENGINEERING LIMITED,1.24
0,BAJAJ-AUTOEQN,38.0,BAJAJ-AUTO,EQ,N,11645.0,222810,11607.0,11722.0,11534.0,11607.0,2595589445.4,11863.0,8400.0,1264512637449.78,2026-08-19 16:00:25,0,32.4,11.51,19-Aug-2025,17-Jul-2026,1.8376464637949927,-38.63095238095238,,,BAJAJ AUTO LIMITED,0.33
0,JYOTICNCEQN,25.8,JYOTICNC,EQ,N,955.0,2751939,929.2,962.05,912.95,929.2,2578456765.44,1055.9,580.1,81169631774.9,2026-08-19 16:00:25,0,1.18,22.2,19-Aug-2025,17-Jul-2026,9.555829150487735,-64.62678848474401,,,JYOTI CNC AUTOMATION LIMITED,2.78
0,BOSCHLTDEQN,-270.0,BOSCHLTD,EQ,N,48460.0,52957,48730.0,49130.0,48315.0,48730.0,2577540579.81,49130.0,28610.0,419207432058.67,2026-08-19 16:00:25,0,21.58,18.61,19-Aug-2025,17-Jul-2026,1.3637288825564828,-69.3813351974834,,,BOSCH LIMITED,-0.55
0,LAURUSLABSEQN,-12.2,LAURUSLABS,EQ,N,1801.8,1426377,1814.0,1818.0,1789.9,1814.0,2570302826.46,1870.8,823.1,699669548896.27,2026-08-19 16:00:25,0,103.85,17.78,19-Aug-2025,17-Jul-2026,3.688261706221937,-118.90414287449885,,,LAURUS LABS LIMITED,-0.67
0,POWERGRIDEQN,-4.5,POWERGRID,EQ,N,263.5,9674185,267.05,267.5,262.05,268.0,2551372810.05,324.95,250.0,1189936905148.91,2026-08-19 16:00:25,0,-8.51,-7.07,19-Aug-2025,17-Jul-2026,18.910601631020157,-5.4,,,POWER GRID CORPORATION OF INDIA LIMITED,-1.68
0,NTPCEQN,-0.55,NTPC,EQ,N,336.55,7502595,336.3,338.85,333.6,337.1,2517495752.25,414.4,315.55,1591067211766.79,2026-08-19 16:00:25,0,0.45,-1.55,19-Aug-2025,17-Jul-2026,18.78619691119691,-6.655046743780701,,,NTPC LIMITED,-0.16
0,ATHERENERGEQN,-25.8,ATHERENERG,EQ,N,1440.0,1688332,1468.1,1473.3,1431.0,1465.8,2456100977.0,1580.0,407.7,283674367912.55,2026-08-19 16:00:25,0,230.31,12.31,19-Aug-2025,17-Jul-2026,8.860759493670885,-253.20088300220752,,,ATHER ENERGY LIMITED,-1.76
0,BHELEQN,-5.2,BHEL,EQ,N,419.8,5840962,425.0,425.15,414.3,425.0,2440587562.08,446.5,205.12,610252512754.2,2026-08-19 16:00:25,0,91.08,-0.52,19-Aug-2025,17-Jul-2026,5.979843225083987,-104.6606864274571,,,BHARAT HEAVY ELECTRICALS LIMITED,-1.22
0,COALINDIAEQN,-6.9,COALINDIA,EQ,N,400.0,6030203,406.95,407.6,397.3,406.9,2413588750.75,491.25,368.65,955442283813.44,2026-08-19 16:00:25,0,3.8,-6.47,19-Aug-2025,17-Jul-2026,18.575063613231553,-8.504001085040011,,,COAL INDIA LIMITED,-1.7
0,MARUTIEQN,-1.0,MARUTI,EQ,N,13690.0,175646,13744.0,13745.0,13628.0,13691.0,2401911625.58,17370.0,12201.0,1780936933172.09,2026-08-19 16:00:25,0,-3.93,-0.82,19-Aug-2025,17-Jul-2026,21.185952792170408,-12.203917711662978,,,MARUTI SUZUKI INDIA LIMITED,-0.01
0,WELCORPEQN,53.9,WELCORP,EQ,N,1971.0,1215546,1929.2,1984.0,1926.7,1917.1,2390978982.0,1984.0,710.0,257569317003.29,2026-08-19 16:00:25,0,124.23,24.63,19-Aug-2025,17-Jul-2026,0.655241935483871,-177.6056338028169,,,WELSPUN CORP LIMITED,2.81
0,PWLEQN,-0.05,PWL,EQ,N,122.0,19723170,123.0,124.09,118.17,122.05,2386109106.6,161.99,77.72,65929199368.76,2026-08-19 16:00:25,0,0.0,-10.33,,17-Jul-2026,24.686709056114577,-56.97375193000514,,,PHYSICSWALLAH LIMITED,-0.04
0,JIOFINEQN,-2.65,JIOFIN,EQ,N,243.15,9712757,245.8,246.3,241.5,245.8,2368455794.45,333.7,223.3,795566400315.85,2026-08-19 16:00:25,0,-26.61,0.07,19-Aug-2025,17-Jul-2026,27.135151333533113,-8.889386475593373,,,JIO FINANCIAL SERVICES LIMITED,-1.08
0,KTKBANKEQN,13.4,KTKBANK,EQ,N,324.15,7346849,311.6,324.85,311.55,310.75,2351799833.39,324.85,169.12,122163038256.88,2026-08-19 16:00:25,0,87.99,18.67,19-Aug-2025,17-Jul-2026,0.21548406957057104,-91.668637653737,,,THE KARNATAKA BANK LIMITED,4.31
0,FORTISEQN,-5.4,FORTIS,EQ,N,911.3,2496457,925.0,927.0,907.3,916.7,2287653336.52,1104.3,766.8,473567845663.02,2026-08-19 16:00:25,0,-3.96,-4.32,19-Aug-2025,17-Jul-2026,17.47713483654804,-18.84454877412624,,,FORTIS HEALTHCARE LIMITED,-0.59
0,BDLEQN,-44.0,BDL,EQ,N,1349.0,1670098,1393.0,1401.7,1347.4,1393.0,2275809142.64,1654.0,1086.0,123984182878.13,2026-08-19 16:00:25,0,-12.92,7.51,19-Aug-2025,17-Jul-2026,18.440145102781138,-24.21731123388582,,,BHARAT DYNAMICS LIMITED,-3.16
0,HCLTECHEQN,26.8,HCLTECH,EQ,N,1324.8,1693632,1309.0,1324.8,1301.4,1298.0,2228853584.64,1780.1,1030.0,1392810293791.58,2026-08-19 16:00:25,0,-10.25,10.04,19-Aug-2025,17-Jul-2026,25.57721476321555,-28.62135922330097,,,HCL TECHNOLOGIES LIMITED,2.06
0,SUZLONEQN,-1.01,SUZLON,EQ,N,46.77,47341396,47.7,47.76,46.7,47.78,2225519025.96,61.64,38.19,567388862206.0,2026-08-19 16:00:25,0,-21.51,-10.04,19-Aug-2025,17-Jul-2026,24.123945489941597,-22.46661429693637,,,SUZLON ENERGY LIMITED,-2.11
0,HINDALCOEQN,-2.65,HINDALCO,EQ,N,1038.95,2125136,1030.6,1039.2,1025.55,1041.6,2195031723.04,1176.0,697.0,1500087731743.51,2026-08-19 16:00:25,0,47.01,10.04,19-Aug-2025,17-Jul-2026,11.65391156462585,-49.06025824964132,,,HINDALCO INDUSTRIES LIMITED,-0.25
0,VEDLEQN,-1.4,VEDL,EQ,N,262.6,8301777,264.0,264.7,261.35,264.0,2176808947.17,795.0,249.7,444064917512.94,2026-08-19 16:00:25,0,-41.67,3.77,19-Aug-2025,17-Jul-2026,66.96855345911949,-5.166199439327193,,,VEDANTA LIMITED,-0.53
0,ADANIPOWEREQN,-1.56,ADANIPOWER,EQ,N,204.02,10553545,205.9,205.9,202.69,205.58,2149229439.25,254.2,116.7,844190273436.74,2026-08-19 16:00:25,0,68.33,-4.86,19-Aug-2025,17-Jul-2026,19.74036191974823,-74.82433590402742,,,ADANI POWER LIMITED,-0.76
0,SBILIFEEQN,2.4,SBILIFE,EQ,N,1780.4,1208471,1779.5,1786.7,1746.4,1778.0,2134945292.15,2132.0,1700.4,797805325616.1,2026-08-19 16:00:25,0,-3.97,-2.68,19-Aug-2025,17-Jul-2026,16.49155722326454,-4.704775346977182,,,SBI LIFE INSURANCE COMPANY LIMITED,0.13
0,IGLEQN,2.51,IGL,EQ,N,151.9,13762283,153.35,157.68,150.1,149.39,2126685591.99,223.5,141.74,106252500531.29,2026-08-19 16:00:25,0,-25.74,-0.79,19-Aug-2025,17-Jul-2026,32.03579418344519,-7.168054183716665,,,INDRAPRASTHA GAS LIMITED,1.68
0,TDPOWERSYSEQN,-45.6,TDPOWERSYS,EQ,N,1541.0,1371248,1580.0,1588.6,1530.1,1586.6,2122637054.08,1597.7,493.0,175193290327.49,2026-08-19 16:00:25,0,195.92,36.65,19-Aug-2025,17-Jul-2026,3.5488514739938664,-212.57606490872212,,,TD POWER SYSTEMS LIMITED,-2.87
0,BLACKBUCKEQN,25.2,BLACKBUCK,EQ,N,614.0,3425004,595.0,628.95,585.4,588.8,2117851223.4,748.0,496.0,64233925851.13,2026-08-19 16:00:25,0,5.2,5.94,19-Aug-2025,17-Jul-2026,17.914438502673796,-23.79032258064516,,,BLACKBUCK LIMITED,4.28
0,SHRIRAMFINEQN,-2.4,SHRIRAMFIN,EQ,N,1106.0,1912179,1108.4,1113.0,1098.2,1108.4,2115577480.23,1153.7,566.5,1544678198338.63,2026-08-19 16:00:25,0,76.58,6.87,19-Aug-2025,17-Jul-2026,4.134523706336136,-95.23389232127096,,,SHRIRAM FINANCE LIMITED,-0.22
0,LGEINDIAEQN,-0.4,LGEINDIA,EQ,N,1649.0,1294924,1650.0,1656.9,1614.6,1649.4,2109703130.04,1755.0,1304.1,167894351161.2,2026-08-19 16:00:25,0,0.0,4.25,,17-Jul-2026,6.0398860398860394,-26.447358331416304,,,LG ELECTRONICS INDIA LIMITED,-0.02
0,LTMEQN,2.2,LTM,EQ,N,4564.4,457017,4599.6,4657.4,4525.4,4562.2,2095838830.47,6429.5,3528.0,422727684184.83,2026-08-19 16:00:25,0,-10.69,11.99,19-Aug-2025,17-Jul-2026,29.008476553386732,-29.37641723356009,,,LTM LIMITED,0.05
0,HEGEQN,-31.25,HEG,EQ,N,708.0,2902144,741.0,743.9,700.0,739.25,2092416802.56,749.0,459.8,58689279732.6,2026-08-19 16:00:25,0,38.95,20.54,19-Aug-2025,17-Jul-2026,5.473965287049399,-53.979991300565466,,,HEG LIMITED,-4.23
0,TITANEQN,19.4,TITAN,EQ,N,5068.0,412981,5045.0,5074.8,5038.0,5048.6,2089283268.43,5168.0,3303.1,2086550495055.6,2026-08-19 16:00:25,0,42.04,9.27,19-Aug-2025,17-Jul-2026,1.934984520123839,-53.43162483727408,,,TITAN COMPANY LIMITED,0.38
0,WELSPUNLIVEQN,3.11,WELSPUNLIV,EQ,N,180.9,11674821,177.5,181.99,172.56,177.79,2088391980.48,182.9,107.1,56486052750.45,2026-08-19 16:00:25,0,48.33,10.04,19-Aug-2025,17-Jul-2026,1.0934937124111537,-68.90756302521008,,,WELSPUN LIVING LIMITED,1.75
0,TORNTPHARMEQN,42.0,TORNTPHARM,EQ,N,5013.0,412375,4979.5,5032.5,4945.5,4971.0,2059611061.25,5250.0,3480.6,733297667124.75,2026-08-19 16:00:25,0,37.28,5.25,19-Aug-2025,17-Jul-2026,4.514285714285714,-44.026891915187036,,,TORRENT PHARMACEUTICALS LIMITED,0.84
0,TIINDIAEQN,2.0,TIINDIA,EQ,N,2961.0,696512,2942.2,2972.0,2898.3,2959.0,2047334337.92,3419.9,2164.9,315502993011.98,2026-08-19 16:00:25,0,-6.07,2.51,19-Aug-2025,17-Jul-2026,13.41852100938624,-36.77306111136773,,,TUBE INVESTMENTS OF INDIA LIMITED,0.07
0,HINDZINCEQN,-1.0,HINDZINC,EQ,N,557.0,3683890,550.0,561.9,548.8,558.0,2041427643.5,733.0,418.0,267115494012.45,2026-08-19 16:00:25,0,29.94,7.46,19-Aug-2025,17-Jul-2026,24.010914051841745,-33.25358851674641,,,HINDUSTAN ZINC LIMITED,-0.18
0,ADANIPORTSEQN,-0.5,ADANIPORTS,EQ,N,1681.9,1217074,1684.0,1684.0,1667.0,1682.4,2039609121.42,1891.1,1292.0,1237331573310.8,2026-08-19 16:00:25,0,22.82,-8.46,19-Aug-2025,17-Jul-2026,11.062344667124954,-30.178018575851393,,,ADANI PORTS AND SPECIAL ECONOMIC ZONE LIMITED,-0.03
0,HDFCAMCEQN,26.7,HDFCAMC,EQ,N,2551.7,792412,2515.1,2552.6,2501.0,2525.0,2011735965.0,2967.25,2205.6,518953811037.98,2026-08-19 16:00:25,0,-10.76,-3.75,19-Aug-2025,17-Jul-2026,14.00454966720027,-15.691875226695684,,,HDFC ASSET MANAGEMENT COMPANY LIMITED,1.06
0,AVALONEQN,53.7,AVALON,EQ,N,2251.0,931710,2199.9,2269.4,2070.0,2197.3,2010015251.4,2269.4,777.3,68103031334.26,2026-08-19 16:00:25,0,160.29,30.57,19-Aug-2025,17-Jul-2026,0.8107869921565172,-189.59217805223207,,,AVALON TECHNOLOGIES LIMITED,2.44
0,TVSMOTOREQN,4.3,TVSMOTOR,EQ,N,4361.1,456943,4380.3,4394.9,4342.1,4356.8,1994515070.13,4475.0,3132.4,1021597066516.37,2026-08-19 16:00:25,0,34.11,20.53,19-Aug-2025,17-Jul-2026,2.5452513966480446,-39.22551398288852,,,TVS MOTOR COMPANY LIMITED,0.1
0,VIYASHEQN,14.85,VIYASH,EQ,N,269.8,7425137,253.7,275.45,253.4,254.95,1992832519.43,298.0,167.95,41710422206.41,2026-08-19 16:00:25,0,53.12,0.43,19-Aug-2025,17-Jul-2026,9.463087248322148,-60.64304852634713,,,VIYASH SCIENTIFIC LIMITED,5.82
0,HEROMOTOCOEQN,-36.0,HEROMOTOCO,EQ,N,5709.5,348863,5699.5,5767.5,5664.5,5745.5,1990772754.98,6388.5,4671.5,739297786743.71,2026-08-19 16:00:25,0,11.55,16.29,19-Aug-2025,17-Jul-2026,10.628473037489238,-22.21984373327625,,,HERO MOTOCORP LIMITED,-0.63
0,ZENTECEQN,-51.1,ZENTEC,EQ,N,1931.3,997323,1995.0,2043.7,1921.9,1982.4,1963918478.37,2043.7,1223.0,88807456681.89,2026-08-19 16:00:25,0,35.85,9.13,19-Aug-2025,17-Jul-2026,5.499828741987572,-57.914963205233036,,,ZEN TECHNOLOGIES LIMITED,-2.58
0,ASIANPAINTEQN,2.4,ASIANPAINT,EQ,N,2630.8,742443,2625.0,2634.9,2601.0,2628.4,1940196594.18,2985.7,2115.0,1186390947932.2,2026-08-19 16:00:25,0,1.99,-2.16,19-Aug-2025,17-Jul-2026,11.886659744783469,-24.38770685579196,,,ASIAN PAINTS LIMITED,0.09
0,DLFEQN,4.15,DLF,EQ,N,669.9,2895273,666.0,674.65,658.3,665.75,1935316284.12,794.8,489.4,428550366167.33,2026-08-19 16:00:25,0,-13.68,0.31,19-Aug-2025,17-Jul-2026,15.714645193759436,-36.88189619942787,,,DLF LIMITED,0.62
0,INDIGOEQN,-27.0,INDIGO,EQ,N,5193.0,372642,5189.5,5218.0,5149.5,5220.0,1930531503.72,6232.5,3895.2,1172200653721.74,2026-08-19 16:00:25,0,-14.24,-1.06,19-Aug-2025,17-Jul-2026,16.67870036101083,-33.31792975970425,,,INTERGLOBE AVIATION LIMITED,-0.52
0,GESHIPEQN,7.0,GESHIP,EQ,N,1309.9,1437658,1329.9,1342.0,1308.0,1302.9,1901805885.3,1798.0,922.5,129465453395.69,2026-08-19 16:00:25,0,33.32,-2.64,19-Aug-2025,17-Jul-2026,27.146829810901,-41.99457994579946,,,THE GREAT EASTERN SHIPPING COMPANY LIMITED,0.54
0,GLENMARKEQN,-58.5,GLENMARK,EQ,N,2246.5,833583,2301.0,2313.9,2222.5,2305.0,1879321209.33,2474.0,1792.6,337334837090.55,2026-08-19 16:00:25,0,15.45,0.49,19-Aug-2025,17-Jul-2026,9.195634599838318,-25.320763137342407,,,GLENMARK PHARMACEUTICALS LIMITED,-2.54
0,SAILEQN,2.55,SAIL,EQ,N,172.75,10694324,169.9,173.95,169.32,170.2,1840386217.16,209.7,118.1,249043321555.6,2026-08-19 16:00:25,0,40.47,5.96,19-Aug-2025,17-Jul-2026,17.620410109680495,-46.274343776460626,,,STEEL AUTHORITY OF INDIA LIMITED,1.5
0,BAJAJFINSVEQN,0.8,BAJAJFINSV,EQ,N,2012.0,920207,2002.1,2013.0,1985.0,2011.2,1838895658.45,2195.0,1597.0,1162629183860.14,2026-08-19 16:00:25,0,2.02,8.52,19-Aug-2025,17-Jul-2026,8.337129840546696,-25.98622417031935,,,BAJAJ FINSERV LIMITED,0.04
0,MGLEQN,15.9,MGL,EQ,N,1127.3,1595429,1142.0,1173.2,1121.0,1111.4,1833993498.37,1378.0,900.0,64022386554.45,2026-08-19 16:00:25,0,-15.79,2.44,19-Aug-2025,17-Jul-2026,18.193033381712628,-25.255555555555556,,,MAHANAGAR GAS LIMITED,1.43
0,NYKAAEQN,6.75,NYKAA,EQ,N,327.35,5601280,320.6,329.9,320.3,320.6,1826745446.4,348.0,215.59,446728507063.58,2026-08-19 16:00:25,0,44.32,1.33,19-Aug-2025,17-Jul-2026,5.933908045977011,-51.839139106637596,,,FSN E-COMMERCE VENTURES LIMITED,2.11
0,TMPVEQN,-1.5,TMPV,EQ,N,321.3,5659002,323.85,324.0,320.2,322.8,1821802513.86,739.7,294.3,669673666899.45,2026-08-19 16:00:25,0,-54.12,-4.26,19-Aug-2025,17-Jul-2026,56.56347167770718,-9.174311926605505,,,TATA MOTORS PASSENGER VEHICLES LIMITED,-0.46
0,CYIENTEQN,33.15,CYIENT,EQ,N,891.7,2033629,860.0,903.0,860.0,858.55,1813915722.84,1284.7,750.3,70996225385.03,2026-08-19 16:00:25,0,-26.26,4.43,19-Aug-2025,17-Jul-2026,30.5907994084222,-18.8457950153272,,,CYIENT LIMITED,3.86
0,RRKABELEQN,126.9,RRKABEL,EQ,N,2911.8,631666,2790.0,2920.9,2777.5,2784.9,1802143098.0,2920.9,1165.0,95567728712.2,2026-08-19 16:00:25,0,138.93,26.97,19-Aug-2025,17-Jul-2026,0.31154781060632,-149.93991416309012,,,R R KABEL LIMITED,4.56
0,MANORAMAEQN,32.9,MANORAMA,EQ,N,1933.9,917890,1909.0,1973.5,1876.0,1901.0,1777402196.0,2043.0,1060.6,46903752345.38,2026-08-19 16:00:25,0,37.27,21.51,19-Aug-2025,17-Jul-2026,5.340186000978952,-82.34018480105601,,,MANORAMA INDUSTRIES LIMITED,1.73
0,HYUNDAIEQN,-11.5,HYUNDAI,EQ,N,2174.5,810355,2185.0,2218.8,2160.1,2186.0,1776808683.65,2890.0,1658.0,309188223876.27,2026-08-19 16:00:25,0,-15.76,9.09,19-Aug-2025,17-Jul-2026,24.757785467128027,-31.15199034981906,,,HYUNDAI MOTOR INDIA LIMITED,-0.53
0,ASHOKLEYEQN,-3.25,ASHOKLEY,EQ,N,173.1,10072866,175.0,176.1,173.1,176.35,1756002729.78,215.42,125.1,493916606875.67,2026-08-19 16:00:25,0,29.88,11.51,19-Aug-2025,17-Jul-2026,19.645343979203417,-38.36930455635492,,,ASHOK LEYLAND LIMITED,-1.84
0,KEIEQN,-108.9,KEI,EQ,N,5681.1,306096,5790.4,5790.4,5646.4,5790.0,1741530131.04,5899.0,3728.7,349645936935.42,2026-08-19 16:00:25,0,43.95,15.79,19-Aug-2025,17-Jul-2026,3.69384641464655,-52.36141282484512,,,KEI INDUSTRIES LIMITED,-1.88
0,LUPINEQN,-7.0,LUPIN,EQ,N,2225.0,781480,2230.0,2230.0,2202.5,2232.0,1732189494.0,2529.5,1875.0,538837159728.16,2026-08-19 16:00:25,0,13.02,-8.93,19-Aug-2025,17-Jul-2026,12.03795216445938,-18.666666666666668,,,LUPIN LIMITED,-0.31
0,RECLTDEQN,-1.5,RECLTD,EQ,N,337.0,5097595,339.2,340.7,336.3,338.5,1727829825.25,390.5,304.05,419758061546.74,2026-08-19 16:00:25,0,-11.85,-5.1,19-Aug-2025,17-Jul-2026,13.700384122919335,-10.837033382667325,,,REC LIMITED,-0.44
0,ADANIGREENEQN,-15.0,ADANIGREEN,EQ,N,1293.0,1333768,1312.9,1312.9,1281.1,1308.0,1721854474.96,1631.5,765.0,432278866628.89,2026-08-19 16:00:25,0,32.83,-14.59,19-Aug-2025,17-Jul-2026,20.747778118296047,-69.01960784313725,,,ADANI GREEN ENERGY LIMITED,-1.15
0,NAM-INDIAEQN,46.4,NAM-INDIA,EQ,N,1217.0,1411986,1178.9,1218.0,1175.0,1170.6,1695244511.46,1233.5,780.25,217908571918.76,2026-08-19 16:00:25,0,41.23,2.57,19-Aug-2025,17-Jul-2026,1.3376570733684636,-55.97564883050305,,,NIPPON LIFE INDIA ASSET MANAGEMENT LIMITED,3.96
0,NMDCEQN,-0.84,NMDC,EQ,N,83.35,20291366,84.01,84.06,82.86,84.19,1691082442.44,97.49,68.19,287281728306.41,2026-08-19 16:00:25,0,17.86,0.16,19-Aug-2025,17-Jul-2026,14.504051697610011,-22.231998826807448,,,NMDC LIMITED,-1.0
0,CUMMINSINDEQN,-130.0,CUMMINSIND,EQ,N,5220.0,321107,5301.5,5347.0,5206.5,5350.0,1686826448.12,6100.0,3729.5,703157533848.0,2026-08-19 16:00:25,0,39.13,-4.19,19-Aug-2025,17-Jul-2026,14.426229508196721,-39.96514278053358,,,CUMMINS INDIA LIMITED,-2.43
0,AMBEREQN,-100.0,AMBER,EQ,N,7250.0,231498,7348.0,7364.5,7205.0,7350.0,1683972011.52,8974.0,5400.5,157989871073.25,2026-08-19 16:00:25,0,-1.61,-7.1,19-Aug-2025,17-Jul-2026,19.211054156451972,-34.24682899731506,,,AMBER ENTERPRISES INDIA LIMITED,-1.36
0,PIDILITINDEQN,-24.0,PIDILITIND,EQ,N,1650.0,1011213,1670.0,1673.0,1644.1,1674.0,1679402326.14,1707.5,1259.0,509861973051.57,2026-08-19 16:00:25,0,6.62,5.36,19-Aug-2025,17-Jul-2026,3.3674963396778916,-31.056393963463066,,,PIDILITE INDUSTRIES LIMITED,-1.43
0,RENUKAEQN,0.99,RENUKA,EQ,N,24.29,67106466,23.49,25.98,23.32,23.3,1667595680.1,33.5,21.05,19306503819.71,2026-08-19 16:00:25,0,-17.58,8.58,19-Aug-2025,17-Jul-2026,27.492537313432837,-15.391923990498812,,,SHREE RENUKA SUGARS LIMITED,4.25
0,ABCAPITALEQN,-6.0,ABCAPITAL,EQ,N,396.0,4164096,402.4,402.4,393.9,402.0,1651813601.28,430.7,272.7,339383073779.72,2026-08-19 16:00:25,0,37.81,-1.38,19-Aug-2025,17-Jul-2026,8.056651961922451,-45.21452145214521,,,ADITYA BIRLA CAPITAL LIMITED,-1.49
0,ZEELEQN,-3.42,ZEEL,EQ,N,101.9,15207062,105.31,105.88,101.25,105.32,1576516117.54,124.14,68.0,93295211979.36,2026-08-19 16:00:25,0,-13.64,-5.12,19-Aug-2025,17-Jul-2026,17.915256967939424,-49.85294117647059,,,ZEE ENTERTAINMENT ENTERPRISES LIMITED,-3.25
0,ENRINEQN,-110.2,ENRIN,EQ,N,3483.0,448914,3595.0,3602.5,3452.4,3593.2,1564730149.26,3968.0,2115.0,307178305957.02,2026-08-19 16:00:25,0,9.01,2.88,19-Aug-2025,17-Jul-2026,12.222782258064516,-64.68085106382979,,,SIEMENS ENERGY INDIA LIMITED,-3.07
0,HDFCLIFEEQN,-1.95,HDFCLIFE,EQ,N,536.3,2892561,538.0,539.75,533.3,538.25,1553102777.73,815.0,530.5,579184362171.44,2026-08-19 16:00:25,0,-32.43,-4.85,19-Aug-2025,17-Jul-2026,34.19631901840491,-1.0933081998114986,,,HDFC LIFE INSURANCE COMPANY LIMITED,-0.36
0,UPLEQN,7.95,UPL,EQ,N,568.0,2733671,559.2,571.4,557.95,560.05,1545152859.33,812.2,557.95,317647488694.57,2026-08-19 16:00:25,0,-19.69,-7.88,19-Aug-2025,17-Jul-2026,30.06648608717065,-1.8012366699525046,,,UPL LIMITED,1.42
0,BANKBARODAEQN,1.0,BANKBARODA,EQ,N,245.0,6256020,244.07,245.55,243.15,244.0,1530034811.4,325.5,230.81,453262163802.89,2026-08-19 16:00:25,0,-0.83,-0.73,19-Aug-2025,17-Jul-2026,24.731182795698924,-6.14791386854989,,,BANK OF BARODA,0.41
0,DIVISLABEQN,-28.0,DIVISLAB,EQ,N,8560.0,179152,8600.0,8600.0,8508.0,8588.0,1529004991.36,8674.0,5636.5,1084835398321.25,2026-08-19 16:00:25,0,40.8,18.11,19-Aug-2025,17-Jul-2026,1.3142725386211667,-51.86729353322097,,,DIVI'S LABORATORIES LIMITED,-0.33
0,GAILEQN,-1.0,GAIL,EQ,N,172.5,8840419,172.6,174.02,170.7,173.5,1524972277.5,186.87,134.36,463999735417.53,2026-08-19 16:00:25,0,-1.37,0.76,19-Aug-2025,17-Jul-2026,7.68983785519345,-28.38642453111045,,,GAIL (INDIA) LIMITED,-0.58
0,PETRONETEQN,1.9,PETRONET,EQ,N,288.15,5252827,286.25,291.5,285.65,286.25,1516753796.25,326.4,235.35,215324566457.37,2026-08-19 16:00:25,0,1.86,5.24,19-Aug-2025,17-Jul-2026,11.71875,-22.434671765455704,,,PETRONET LNG LIMITED,0.66
0,PINELABSEQN,-2.33,PINELABS,EQ,N,157.99,9494711,160.75,161.5,157.01,160.32,1513836721.84,284.0,134.73,34263281146.25,2026-08-19 16:00:25,0,0.0,3.15,,17-Jul-2026,44.36971830985915,-17.264157945520672,,,PINE LABS LIMITED,-1.45
0,NATIONALUMEQN,-1.45,NATIONALUM,EQ,N,386.55,3939022,382.0,386.55,379.0,388.0,1508448474.9,445.15,183.86,345668273856.1,2026-08-19 16:00:25,0,102.05,13.72,19-Aug-2025,17-Jul-2026,13.1641019880939,-110.24148808876319,,,NATIONAL ALUMINIUM COMPANY LIMITED,-0.37
0,TATAPOWEREQN,-2.1,TATAPOWER,EQ,N,378.9,3880698,380.0,380.75,375.05,381.0,1464885881.04,464.9,342.5,630210617339.82,2026-08-19 16:00:25,0,-2.63,0.44,19-Aug-2025,17-Jul-2026,18.498601849860187,-10.627737226277372,,,TATA POWER COMPANY LIMITED,-0.55
0,BPCLEQN,-3.3,BPCL,EQ,N,307.0,4757433,310.3,311.85,304.7,310.3,1460960099.97,391.65,266.6,620454173207.58,2026-08-19 16:00:25,0,-4.5,-2.71,19-Aug-2025,17-Jul-2026,21.613685688752714,-15.153788447111777,,,BHARAT PETROLEUM CORPORATION LIMITED,-1.06
0,PAGEINDEQN,-985.0,PAGEIND,EQ,N,35240.0,40937,36440.0,36460.0,35240.0,36425.0,1457979851.77,47310.0,29805.0,221682544394.4,2026-08-19 16:00:25,0,-22.79,-11.68,19-Aug-2025,17-Jul-2026,25.512576622278587,-18.235195437007214,,,PAGE INDUSTRIES LIMITED,-2.72
0,MANAPPURAMEQN,-6.6,MANAPPURAM,EQ,N,340.0,4290224,345.55,346.6,336.4,346.6,1457389092.8,381.55,245.15,186088531130.7,2026-08-19 16:00:25,0,26.14,4.47,19-Aug-2025,17-Jul-2026,10.889791639365745,-38.690597593310216,,,MANAPPURAM FINANCE LIMITED,-1.9
0,PNBHOUSINGEQN,28.2,PNBHOUSING,EQ,N,1174.0,1249429,1143.9,1175.9,1138.0,1145.8,1448025739.55,1175.9,729.6,220070146482.64,2026-08-19 16:00:25,0,43.57,6.75,19-Aug-2025,17-Jul-2026,0.16157836550727103,-60.91008771929825,,,PNB HOUSING FINANCE LIMITED,2.46
0,VOLTASEQN,-29.9,VOLTAS,EQ,N,1223.0,1178662,1250.0,1251.9,1217.0,1252.9,1444438494.38,1582.5,1186.8,278071199582.37,2026-08-19 16:00:25,0,-11.31,-8.89,19-Aug-2025,17-Jul-2026,22.717219589257503,-3.0502190765082573,,,VOLTAS LIMITED,-2.39
0,IPCALABEQN,23.9,IPCALAB,EQ,N,1906.0,753334,1882.1,1937.9,1863.0,1882.1,1430377865.82,1945.1,1251.6,264016153807.54,2026-08-19 16:00:25,0,37.77,0.28,19-Aug-2025,17-Jul-2026,2.0101794252223537,-52.28507510386705,,,IPCA LABORATORIES LIMITED,1.27
0,TRENTEQN,10.9,TRENT,EQ,N,2953.0,484117,2942.1,2972.0,2938.0,2942.1,1429965429.92,3782.67,2183.67,979843388119.52,2026-08-19 16:00:25,0,-19.41,3.89,19-Aug-2025,17-Jul-2026,21.933449124560166,-35.231055974574915,,,TRENT LIMITED,0.37
0,SONACOMSEQN,-0.5,SONACOMS,EQ,N,823.5,1726390,829.0,829.75,816.5,824.0,1419645024.8,836.9,402.3,369085370820.15,2026-08-19 16:00:25,0,80.89,16.83,19-Aug-2025,17-Jul-2026,1.6011470904528617,-104.69798657718121,,,SONA BLW PRECISION FORGINGS LIMITED,-0.06
0,MUTHOOTFINEQN,-35.1,MUTHOOTFIN,EQ,N,2859.0,495026,2878.0,2886.8,2845.0,2894.1,1415472394.14,4149.5,2604.2,305744791576.98,2026-08-19 16:00:25,0,4.07,-4.37,19-Aug-2025,17-Jul-2026,31.100132546089892,-9.784194762307042,,,MUTHOOT FINANCE LIMITED,-1.21
0,AEQUSEQN,3.15,AEQUS,EQ,N,263.0,5350029,262.0,269.0,255.14,259.85,1407325128.45,274.39,113.3,30157612361.37,2026-08-19 16:00:25,0,0.0,15.16,,17-Jul-2026,4.151025912023033,-132.1270962047661,,,AEQUS LIMITED,1.21
0,ZYDUSLIFEEQN,-11.1,ZYDUSLIFE,EQ,N,1104.5,1255247,1115.6,1127.7,1104.5,1115.6,1400943519.29,1205.0,835.5,273168358553.13,2026-08-19 16:00:25,0,11.63,-3.43,19-Aug-2025,17-Jul-2026,8.340248962655602,-32.19628964691801,,,ZYDUS LIFESCIENCES LIMITED,-0.99
0,UNIONBANKEQN,1.4,UNIONBANK,EQ,N,186.9,7514657,185.0,187.6,184.9,185.5,1397801348.57,205.49,124.64,360135739977.69,2026-08-19 16:00:25,0,35.9,10.95,19-Aug-2025,17-Jul-2026,9.0466689376612,-49.95186136071887,,,UNION BANK OF INDIA,0.75
0,SBICARDEQN,8.65,SBICARD,EQ,N,623.65,2246351,611.0,627.15,610.0,615.0,1392220959.27,965.0,565.45,184429963289.56,2026-08-19 16:00:25,0,-23.95,-4.74,19-Aug-2025,17-Jul-2026,35.373056994818654,-10.292687240251128,,,SBI CARDS AND PAYMENT SERVICES LIMITED,1.41
0,ABBEQN,-116.0,ABB,EQ,N,7430.0,187000,7525.0,7543.0,7391.5,7546.0,1391768070.0,7924.5,4637.5,388820793880.89,2026-08-19 16:00:25,0,46.61,-1.01,19-Aug-2025,17-Jul-2026,6.240141333838097,-60.21563342318059,,,ABB INDIA LIMITED,-1.54
0,BRITANNIAEQN,-42.0,BRITANNIA,EQ,N,5453.0,251106,5495.0,5550.0,5453.0,5495.0,1383707057.7,6336.0,5035.0,640536451501.43,2026-08-19 16:00:25,0,-0.84,0.75,19-Aug-2025,17-Jul-2026,13.936237373737374,-8.30188679245283,,,BRITANNIA INDUSTRIES LIMITED,-0.76
0,EPLEQN,6.63,EPL,EQ,N,251.78,5477431,246.25,255.7,244.5,245.15,1376204538.75,259.83,176.4,35042542779.7,2026-08-19 16:00:25,0,6.63,5.12,19-Aug-2025,17-Jul-2026,3.0981795789554707,-42.73242630385487,,,EPL LIMITED,2.7
0,GMRAIRPORTEQN,1.11,GMRAIRPORT,EQ,N,102.5,13282311,102.0,103.45,101.3,101.39,1359311707.74,115.64,84.11,363798323911.65,2026-08-19 16:00:25,0,13.33,-7.27,19-Aug-2025,17-Jul-2026,11.362850224835697,-21.864225419094044,,,GMR AIRPORTS LIMITED,1.09
0,DRREDDYEQN,-8.8,DRREDDY,EQ,N,1170.0,1150424,1171.9,1187.2,1168.0,1178.8,1353312776.64,1414.9,1101.0,711220805482.82,2026-08-19 16:00:25,0,-5.96,-3.4,19-Aug-2025,17-Jul-2026,17.30864372040427,-6.267029972752043,,,DR. REDDY'S LABORATORIES LIMITED,-0.75
0,SYRMAEQN,-2.1,SYRMA,EQ,N,1498.0,901426,1507.9,1514.6,1475.0,1500.1,1348974994.74,1543.0,634.5,116315860709.77,2026-08-19 16:00:25,0,106.58,10.22,19-Aug-2025,17-Jul-2026,2.916396629941672,-136.09141055949567,,,SYRMA SGS TECHNOLOGY LIMITED,-0.14
0,MAXHEALTHEQN,-17.4,MAXHEALTH,EQ,N,997.0,1320461,1016.0,1016.9,994.1,1014.4,1326323846.84,1256.0,903.0,739950913995.4,2026-08-19 16:00:25,0,-18.9,-8.52,19-Aug-2025,17-Jul-2026,20.621019108280255,-10.409745293466223,,,MAX HEALTHCARE INSTITUTE LIMITED,-1.72
0,STLTECHBEN,-24.0,STLTECH,BE,N,622.0,2138772,633.1,638.8,613.7,646.0,1324135132.92,683.5,84.6,181424696147.26,2026-08-19 16:00:25,0,352.1,19.52,19-Aug-2025,17-Jul-2026,8.997805413313825,-635.224586288416,,,STERLITE TECHNOLOGIES LIMITED,-3.72
0,TATACONSUMEQN,6.4,TATACONSUM,EQ,N,1068.0,1241204,1061.1,1071.5,1056.8,1061.6,1323235172.36,1282.7,1007.2,693591909758.13,2026-08-19 16:00:25,0,-1.64,-1.89,19-Aug-2025,17-Jul-2026,16.738130505963984,-6.036536934074663,,,TATA CONSUMER PRODUCTS LIMITED,0.6
0,MAZDOCKEQN,-23.2,MAZDOCK,EQ,N,2563.8,513343,2587.0,2604.5,2538.0,2587.0,1315041029.96,3061.4,2057.4,194229371614.0,2026-08-19 16:00:25,0,-6.68,9.43,19-Aug-2025,17-Jul-2026,16.25400143725093,-24.613589967920678,,,MAZAGON DOCK SHIPBUILDERS LIMITED,-0.9
0,RBAEQN,-5.36,RBA,EQ,N,100.98,12914795,104.5,104.6,99.5,106.34,1308914473.25,108.41,57.15,52058147439.28,2026-08-19 16:00:25,0,26.32,51.9,19-Aug-2025,17-Jul-2026,6.853611290471359,-76.69291338582677,,,RESTAURANT BRANDS ASIA LIMITED,-5.04
0,VBLEQN,-7.45,VBL,EQ,N,431.85,2990073,436.75,439.0,431.85,439.3,1300562152.08,555.8,381.0,588840042126.33,2026-08-19 16:00:25,0,-14.55,-6.8,19-Aug-2025,17-Jul-2026,22.301187477509895,-13.346456692913385,,,VARUN BEVERAGES LIMITED,-1.7
0,LODHAEQN,-1.1,LODHA,EQ,N,1210.0,1076314,1217.0,1220.0,1195.2,1211.1,1295849766.58,1344.95,650.8,334782227659.66,2026-08-19 16:00:25,0,-3.8,1.79,19-Aug-2025,17-Jul-2026,10.033830253912784,-85.92501536570374,,,LODHA DEVELOPERS LIMITED,-0.09
0,JSWSTEELEQN,18.2,JSWSTEEL,EQ,N,1285.8,1009930,1273.7,1285.8,1262.1,1267.6,1290084582.0,1335.0,1022.3,1202634603530.01,2026-08-19 16:00:25,0,19.79,3.92,19-Aug-2025,17-Jul-2026,3.6853932584269664,-25.77521275555121,,,JSW STEEL LIMITED,1.44
0,APOLLOEQN,-1.85,APOLLO,EQ,N,386.0,3287403,388.0,393.6,385.0,387.85,1280640712.68,466.5,179.5,64694002018.73,2026-08-19 16:00:25,0,94.32,-2.97,19-Aug-2025,17-Jul-2026,17.256162915326904,-115.041782729805,,,APOLLO MICRO SYSTEMS LIMITED,-0.48
0,JINDALSTELEQN,13.5,JINDALSTEL,EQ,N,1115.0,1140894,1102.3,1121.8,1095.2,1101.5,1273340384.46,1306.2,943.3,411874646379.49,2026-08-19 16:00:25,0,10.92,8.78,19-Aug-2025,17-Jul-2026,14.637880875822997,-18.202056609774196,,,JINDAL STEEL LIMITED,1.23
0,GRSEEQN,-40.0,GRSE,EQ,N,2637.0,479078,2689.0,2706.0,2630.0,2677.0,1270347178.7,3339.0,1963.7,77028774120.0,2026-08-19 16:00:25,0,1.33,2.16,19-Aug-2025,17-Jul-2026,21.024258760107816,-34.287314762947496,,,GARDEN REACH SHIPBUILDERS & ENGINEERS LIMITED,-1.49
0,CUBEQN,-0.88,CUB,EQ,N,221.3,5707017,222.19,225.85,219.58,222.18,1268669879.1,245.38,145.13,212453593327.76,2026-08-19 16:00:25,0,38.94,-1.48,19-Aug-2025,17-Jul-2026,9.813350721330181,-52.48397988010749,,,CITY UNION BANK LIMITED,-0.4
0,REDINGTONEQN,5.7,REDINGTON,EQ,N,332.0,3781274,326.75,336.85,322.7,326.3,1252773888.94,364.5,191.31,196699034291.96,2026-08-19 16:00:25,0,36.26,20.71,19-Aug-2025,17-Jul-2026,8.916323731138545,-73.54032721760494,,,REDINGTON LIMITED,1.75
0,INDUSTOWEREQN,0.0,INDUSTOWER,EQ,N,372.4,3330556,372.4,373.05,368.7,372.4,1233571331.28,481.5,312.55,478484487820.34,2026-08-19 16:00:25,0,9.55,-7.71,19-Aug-2025,17-Jul-2026,22.658359293873314,-19.148936170212767,,,INDUS TOWERS LIMITED,0.0
0,RADICOEQN,-36.9,RADICO,EQ,N,4696.0,261975,4720.2,4747.0,4633.0,4732.9,1226787009.0,4747.0,2500.0,366982600769.74,2026-08-19 16:00:25,0,66.42,14.6,19-Aug-2025,17-Jul-2026,1.0743627554244786,-87.84,,,RADICO KHAITAN LIMITED,-0.78
0,AUROPHARMAEQN,-20.5,AUROPHARMA,EQ,N,1624.5,752484,1645.0,1645.0,1611.7,1645.0,1222447882.2,1682.4,1016.1,448400559224.22,2026-08-19 16:00:25,0,49.08,5.94,19-Aug-2025,17-Jul-2026,3.44151212553495,-59.87599645704163,,,AUROBINDO PHARMA LIMITED,-1.25
0,FORCEMOTEQN,-363.0,FORCEMOT,EQ,N,17837.0,66917,18250.0,18299.0,17718.0,18200.0,1197533917.77,26450.0,14911.0,85677275810.92,2026-08-19 16:00:25,0,-14.53,-2.23,19-Aug-2025,17-Jul-2026,32.56332703213611,-19.62309704245188,,,FORCE MOTORS LTD,-1.99
0,WAAREEENEREQN,-30.1,WAAREEENER,EQ,N,2679.0,438529,2711.0,2711.8,2660.0,2709.1,1174906896.8,3865.0,2403.0,255721082100.22,2026-08-19 16:00:25,0,-11.8,-5.69,19-Aug-2025,17-Jul-2026,30.685640362225097,-11.485642946317103,,,WAAREE ENERGIES LIMITED,-1.11
0,MARICOEQN,8.45,MARICO,EQ,N,850.0,1366779,842.0,854.6,840.35,841.55,1162992251.1,889.1,690.3,448672917947.17,2026-08-19 16:00:25,0,16.77,0.71,19-Aug-2025,17-Jul-2026,4.397705544933078,-23.134868897580763,,,MARICO LIMITED,1.0
0,ALKEMEQN,-92.5,ALKEM,EQ,N,5382.5,213076,5475.0,5489.5,5370.0,5475.0,1157128394.84,5933.5,5075.0,314075909658.38,2026-08-19 16:00:25,0,-0.18,-3.24,19-Aug-2025,17-Jul-2026,9.28625600404483,-6.059113300492611,,,ALKEM LABORATORIES LIMITED,-1.69
0,IOCEQN,-1.5,IOC,EQ,N,136.3,8404311,137.5,138.1,136.25,137.8,1150550175.9,188.96,130.22,507832862090.05,2026-08-19 16:00:25,0,-4.02,-3.8,19-Aug-2025,17-Jul-2026,27.868331922099916,-4.669021655659653,,,INDIAN OIL CORPORATION LIMITED,-1.09
0,OBEROIRLTYEQN,11.7,OBEROIRLTY,EQ,N,1869.7,613359,1860.0,1890.0,1830.4,1858.0,1147318677.45,1986.1,1391.2,219459745753.84,2026-08-19 16:00:25,0,13.36,-1.32,19-Aug-2025,17-Jul-2026,5.860732088011681,-34.39476710753306,,,OBEROI REALTY LIMITED,0.63
0,NAUKRIEQN,23.5,NAUKRI,EQ,N,1378.4,826319,1355.0,1378.4,1351.5,1354.9,1129247545.4,1437.8,908.3,526296049028.71,2026-08-19 16:00:25,0,-0.17,16.1,19-Aug-2025,17-Jul-2026,4.131311726248435,-51.7560277441374,,,INFO EDGE (INDIA) LIMITED,1.73
0,GODREJCPEQN,-1.0,GODREJCP,EQ,N,930.0,1206186,938.1,939.4,928.0,931.0,1127820095.58,1309.0,906.3,372729629618.72,2026-08-19 16:00:25,0,-23.69,-13.24,19-Aug-2025,17-Jul-2026,28.953399541634834,-2.6150281363786827,,,GODREJ CONSUMER PRODUCTS LIMITED,-0.11
0,YESBANKEQN,0.28,YESBANK,EQ,N,22.74,49505267,22.5,22.77,22.42,22.46,1121294297.55,25.78,17.2,398330445516.24,2026-08-19 16:00:25,0,17.52,-3.68,19-Aug-2025,17-Jul-2026,11.792086889061288,-32.2093023255814,,,YES BANK LIMITED,1.25
0,AUBANKEQN,-0.7,AUBANK,EQ,N,1075.0,1035506,1071.0,1080.9,1063.7,1075.7,1114370136.96,1105.9,682.15,607922544712.36,2026-08-19 16:00:25,0,41.73,4.35,19-Aug-2025,17-Jul-2026,2.7941043493986797,-57.58997287986513,,,AU SMALL FINANCE BANK LIMITED,-0.07
0,SUPREMEINDEQN,6.0,SUPREMEIND,EQ,N,3610.0,305616,3622.9,3635.2,3568.1,3604.0,1103622162.24,4664.9,3140.0,231838635677.9,2026-08-19 16:00:25,0,-21.49,5.13,19-Aug-2025,17-Jul-2026,22.613560848035327,-14.968152866242038,,,SUPREME INDUSTRIES LIMITED,0.17
0,AEGISLOGEQN,-9.7,AEGISLOG,EQ,N,1358.0,801926,1372.1,1396.0,1338.6,1367.7,1096713997.6,1497.8,576.1,169994832462.0,2026-08-19 16:00:25,0,94.7,0.66,19-Aug-2025,17-Jul-2026,9.333689411136334,-135.72296476306198,,,AEGIS LOGISTICS LIMITED,-0.71
0,ICILEQN,8.3,ICIL,EQ,N,446.0,2511743,434.0,449.4,424.1,437.7,1094190603.09,463.8,216.9,35251540266.98,2026-08-19 16:00:25,0,76.74,14.56,19-Aug-2025,17-Jul-2026,3.837861147046141,-105.62471184877823,,,INDO COUNT INDUSTRIES LIMITED,1.9
0,ELGIEQUIPEQN,22.8,ELGIEQUIP,EQ,N,637.0,1705661,620.0,641.0,608.1,614.2,1076067411.68,641.0,408.25,136483801075.85,2026-08-19 16:00:25,0,25.47,9.51,19-Aug-2025,17-Jul-2026,0.62402496099844,-56.03184323331292,,,ELGI EQUIPMENTS LIMITED,3.71
0,COLPALEQN,-23.4,COLPAL,EQ,N,1879.6,571246,1905.0,1913.6,1863.9,1903.0,1072480090.24,2504.0,1782.0,246902883401.76,2026-08-19 16:00:25,0,-17.33,-7.97,19-Aug-2025,17-Jul-2026,24.936102236421725,-5.47699214365881,,,COLGATE PALMOLIVE (INDIA) LIMITED,-1.23
0,WIPROEQN,1.49,WIPRO,EQ,N,179.55,5964187,179.06,179.95,178.22,178.06,1068961236.01,273.1,169.0,484912625275.07,2026-08-19 16:00:25,0,-27.3,2.02,19-Aug-2025,17-Jul-2026,34.254851702673015,-6.242603550295858,,,WIPRO LIMITED,0.84
0,AZADEQN,-27.9,AZAD,EQ,N,2831.0,377114,2870.9,2901.1,2802.2,2858.9,1068533663.3,2986.6,1360.0,80211944441.87,2026-08-19 16:00:25,0,75.45,21.52,19-Aug-2025,17-Jul-2026,5.209937721824148,-108.16176470588235,,,AZAD ENGINEERING LIMITED,-0.98
0,BALRAMCHINEQN,-3.25,BALRAMCHIN,EQ,N,650.0,1617563,651.55,667.7,648.0,653.25,1063547672.5,669.4,393.55,73857268569.53,2026-08-19 16:00:25,0,13.49,7.54,19-Aug-2025,17-Jul-2026,2.898117717358829,-65.16325752763308,,,BALRAMPUR CHINI MILLS LIMITED,-0.5
0,MPHASISEQN,-7.5,MPHASIS,EQ,N,2424.5,438635,2449.5,2472.5,2385.0,2432.0,1060110613.4,3037.2,2013.0,320045223389.96,2026-08-19 16:00:25,0,-11.6,1.27,19-Aug-2025,17-Jul-2026,20.173185829053075,-20.4421261798311,,,MPHASIS LIMITED,-0.31
0,URBANCOEQN,3.05,URBANCO,EQ,N,148.02,7114914,143.69,148.35,143.3,144.97,1044469375.2,201.18,100.7,49783726957.03,2026-08-19 16:00:25,0,0.0,13.56,,17-Jul-2026,26.424097822845212,-46.991062562065544,,,URBAN COMPANY LIMITED,2.1
0,CHOLAFINEQN,5.5,CHOLAFIN,EQ,N,1873.5,555561,1866.1,1873.5,1853.1,1868.0,1035565704.0,1952.5,1299.4,808411243291.59,2026-08-19 16:00:25,0,22.62,3.8,19-Aug-2025,17-Jul-2026,4.046094750320102,-44.18193012159458,,,CHOLAMANDALAM INVESTMENT AND FINANCE COMPANY LIMITED,0.29
0,CASTROLINDEQN,1.75,CASTROLIND,EQ,N,188.6,5360631,187.2,190.9,186.85,186.85,1014445810.44,211.4,170.1,89983525595.38,2026-08-19 16:00:25,0,-8.78,2.25,19-Aug-2025,17-Jul-2026,10.785241248817409,-10.875955320399765,,,CASTROL INDIA LIMITED,0.94
0,FINCABLESEQN,-9.9,FINCABLES,EQ,N,1319.45,787232,1329.1,1329.1,1265.95,1329.35,1014277581.12,1374.0,700.8,99619532868.28,2026-08-19 16:00:25,0,58.07,29.7,19-Aug-2025,17-Jul-2026,3.970160116448326,-88.27768264840182,,,FINOLEX CABLES LIMITED,-0.74
0,OLAELECEQN,-1.26,OLAELEC,EQ,N,37.35,26676515,38.62,38.74,37.0,38.61,1009972857.9,71.25,22.25,84032617643.46,2026-08-19 16:00:25,0,-16.69,-7.02,19-Aug-2025,17-Jul-2026,47.578947368421055,-67.86516853932584,,,OLA ELECTRIC MOBILITY LIMITED,-3.26
0,COCHINSHIPEQN,-0.1,COCHINSHIP,EQ,N,1485.0,680465,1499.0,1506.5,1473.2,1485.1,1009422194.95,1979.9,1187.0,125342981596.1,2026-08-19 16:00:25,0,-13.03,5.91,19-Aug-2025,17-Jul-2026,24.99621192989545,-25.10530749789385,,,COCHIN SHIPYARD LIMITED,-0.01
0,NAVINFLUOREQN,15.0,NAVINFLUOR,EQ,N,8270.0,119823,8260.5,8318.0,8198.0,8255.0,988937562.36,8775.5,4498.5,303603615812.28,2026-08-19 16:00:25,0,64.4,9.12,19-Aug-2025,17-Jul-2026,5.760355535297134,-83.83905746359898,,,NAVIN FLUORINE INTERNATIONAL LIMITED,0.18
0,IIFLEQN,10.75,IIFL,EQ,N,633.1,1564558,622.7,636.8,617.4,622.35,985264754.92,675.0,409.1,146845167474.12,2026-08-19 16:00:25,0,34.16,14.03,19-Aug-2025,17-Jul-2026,6.207407407407407,-54.75433879247128,,,IIFL FINANCE LIMITED,1.73
0,HAPPSTMNDSEQN,-12.55,HAPPSTMNDS,EQ,N,407.4,2389705,415.0,419.75,405.15,419.95,983554783.9,635.0,330.2,33441410694.72,2026-08-19 16:00:25,0,-30.84,7.31,19-Aug-2025,17-Jul-2026,35.84251968503937,-23.37976983646275,,,HAPPIEST MINDS TECHNOLOGIES LIMITED,-2.99
0,KFINTECHEQN,-9.6,KFINTECH,EQ,N,948.0,1008770,957.55,962.0,943.05,957.6,958664394.1,1215.0,784.95,126404379558.12,2026-08-19 16:00:25,0,-15.76,6.77,19-Aug-2025,17-Jul-2026,21.97530864197531,-20.772023695776802,,,KFIN TECHNOLOGIES LIMITED,-1.0
0,CANBKEQN,-0.02,CANBK,EQ,N,129.08,7255746,129.1,129.4,128.1,129.1,933741952.74,162.89,103.55,432614718527.79,2026-08-19 16:00:25,0,15.59,3.26,19-Aug-2025,17-Jul-2026,20.756338633433604,-24.65475615644616,,,CANARA BANK,-0.02
0,PCJEWELLEREQN,0.03,PCJEWELLER,EQ,N,9.65,96035205,9.65,9.87,9.58,9.62,931541488.5,15.38,7.47,37983714058.54,2026-08-19 16:00:25,0,-26.5,-0.52,19-Aug-2025,17-Jul-2026,37.25617685305592,-29.183400267737618,,,PC JEWELLER LIMITED,0.31
0,PNBEQN,0.98,PNB,EQ,N,117.48,7920810,116.45,117.59,116.03,116.5,927447642.9,135.15,98.5,403473518523.57,2026-08-19 16:00:25,0,8.88,11.07,19-Aug-2025,17-Jul-2026,13.074361820199778,-19.269035532994923,,,PUNJAB NATIONAL BANK,0.84
0,EXIDEINDEQN,-7.25,EXIDEIND,EQ,N,458.0,2001169,465.25,470.65,456.55,465.25,926501223.62,496.4,287.0,207788096400.0,2026-08-19 16:00:25,0,16.6,5.24,19-Aug-2025,17-Jul-2026,7.735697018533441,-59.58188153310105,,,EXIDE INDUSTRIES LIMITED,-1.56
0,INOXWINDEQN,-1.21,INOXWIND,EQ,N,73.74,12507160,75.0,75.15,73.5,74.95,926280269.6,159.3,72.7,70904827865.71,2026-08-19 16:00:25,0,-48.96,-5.61,19-Aug-2025,17-Jul-2026,53.709981167608284,-1.4305364511691885,,,INOX WIND LIMITED,-1.61
0,WOCKPHARMAEQN,-33.7,WOCKPHARMA,EQ,N,1826.2,503577,1855.1,1882.7,1814.4,1859.9,926068031.46,2422.3,1086.7,150390343496.89,2026-08-19 16:00:25,0,22.3,-3.92,19-Aug-2025,17-Jul-2026,24.608842835321802,-68.05005981411612,,,WOCKHARDT LIMITED,-1.81
0,ACUTAASEQN,-166.4,ACUTAAS,EQ,N,3225.0,279967,3399.1,3399.1,3219.0,3391.4,919529214.14,3740.0,1302.0,166783645656.29,2026-08-19 16:00:25,0,130.97,-10.9,19-Aug-2025,17-Jul-2026,13.770053475935828,-147.69585253456222,,,ACUTAAS CHEMICALS LIMITED,-4.91
0,RVNLEQN,-1.5,RVNL,EQ,N,223.5,4106168,226.07,226.54,221.25,225.0,916784129.36,400.7,220.16,126516744911.07,2026-08-19 16:00:25,0,-31.81,-0.86,19-Aug-2025,17-Jul-2026,44.22261043174445,-1.517078488372093,,,RAIL VIKAS NIGAM LIMITED,-0.67
0,CPPLUSEQN,-27.3,CPPLUS,EQ,N,3314.7,275085,3361.1,3393.0,3251.0,3342.0,909722600.1,4094.0,1059.0,89677489435.11,2026-08-19 16:00:25,0,197.95,-8.29,19-Aug-2025,17-Jul-2026,19.035173424523695,-213.0028328611898,,,ADITYA INFOTECH LIMITED,-0.82
0,M&MFINEQN,3.5,M&MFIN,EQ,N,389.7,2316241,386.2,394.45,381.5,386.2,904909033.88,415.0,253.05,257125626582.01,2026-08-19 16:00:25,0,48.17,20.2,19-Aug-2025,17-Jul-2026,6.096385542168675,-54.001185536455246,,,MAHINDRA & MAHINDRA FINANCIAL SERVICES LIMITED,0.91
0,KRNEQN,-18.5,KRN,EQ,N,1503.6,573007,1519.5,1598.2,1461.1,1522.1,888917219.24,1598.2,589.8,32265053860.57,2026-08-19 16:00:25,0,65.0,20.3,19-Aug-2025,17-Jul-2026,5.919159053935678,-154.93387589013224,,,KRN HEAT EXCHANGER AND REFRIGERATION LIMITED,-1.22
0,MANKINDEQN,14.0,MANKIND,EQ,N,2394.0,370273,2380.0,2423.0,2380.0,2380.0,888473766.23,2674.0,1909.7,270275402539.69,2026-08-19 16:00:25,0,-3.94,-3.63,19-Aug-2025,17-Jul-2026,10.471204188481675,-25.360004189139655,,,MANKIND PHARMA LIMITED,0.59
0,GODFRYPHLPEQN,15.3,GODFRYPHLP,EQ,N,2117.6,415947,2106.0,2167.7,2093.7,2102.3,887863828.32,3947.0,1832.1,86241169324.38,2026-08-19 16:00:25,0,-35.21,0.36,19-Aug-2025,17-Jul-2026,46.349125918419055,-15.583210523443043,,,GODFREY PHILLIPS INDIA LIMITED,0.73
0,UJJIVANSFBEQN,-0.72,UJJIVANSFB,EQ,N,71.61,12226495,72.45,72.97,71.5,72.33,883364263.75,73.29,41.78,134968009918.61,2026-08-19 16:00:25,0,66.69,10.37,19-Aug-2025,17-Jul-2026,2.292263610315186,-71.39779798946864,,,UJJIVAN SMALL FINANCE BANK LIMITED,-1.0
0,KIRLOSENGEQN,-50.2,KIRLOSENG,EQ,N,2075.5,419323,2116.0,2118.2,2065.9,2125.7,873315625.64,2720.0,855.8,172499994690.76,2026-08-19 16:00:25,0,115.91,-7.99,19-Aug-2025,17-Jul-2026,23.69485294117647,-142.52161720028045,,,KIRLOSKAR OIL ENGINES LIMITED,-2.36
0,VIKRAMSOLREQN,-6.27,VIKRAMSOLR,EQ,N,170.84,5004577,177.95,177.95,170.02,177.11,863789990.2,407.95,155.38,22522882595.24,2026-08-19 16:00:25,0,0.0,-11.12,,17-Jul-2026,58.122318911631325,-9.94980048912344,,,VIKRAM SOLAR LIMITED,-3.54
0,HINDPETROEQN,0.45,HINDPETRO,EQ,N,366.45,2352028,367.0,368.0,364.6,366.0,860818727.72,508.45,316.2,350917561359.21,2026-08-19 16:00:25,0,-7.37,-8.48,19-Aug-2025,17-Jul-2026,27.928016520798504,-15.891840607210627,,,HINDUSTAN PETROLEUM CORPORATION LIMITED,0.12
0,KPITTECHEQN,-7.55,KPITTECH,EQ,N,589.1,1451052,602.85,608.1,585.5,596.65,860024009.88,1328.0,543.0,96344931833.37,2026-08-19 16:00:25,0,-50.89,6.33,19-Aug-2025,17-Jul-2026,55.640060240963855,-8.48987108655617,,,KPIT TECHNOLOGIES LIMITED,-1.27
0,TIMETECHNOEQN,5.28,TIMETECHNO,EQ,N,190.95,4541538,181.5,193.35,179.31,185.67,859349820.36,249.15,154.0,49384717770.21,2026-08-19 16:00:25,0,-17.36,-6.41,19-Aug-2025,17-Jul-2026,23.359422034918722,-23.993506493506494,,,TIME TECHNOPLAST LIMITED,2.84
0,UNOMINDAEQN,-1.0,UNOMINDA,EQ,N,1272.0,673868,1274.1,1288.0,1259.0,1273.0,858581957.48,1382.0,994.0,230718368289.92,2026-08-19 16:00:25,0,4.27,10.15,19-Aug-2025,17-Jul-2026,7.959479015918958,-27.96780684104628,,,UNO MINDA LIMITED,-0.08
0,AMBUJACEMEQN,-4.9,AMBUJACEM,EQ,N,407.5,2103066,412.4,412.4,405.5,412.4,856557751.14,605.45,394.0,253349338802.43,2026-08-19 16:00:25,0,-31.21,-7.07,19-Aug-2025,17-Jul-2026,32.69468990007432,-3.4263959390862944,,,AMBUJA CEMENTS LIMITED,-1.19
0,DEEPAKNTREQN,-4.1,DEEPAKNTR,EQ,N,1766.9,477429,1769.2,1809.3,1759.0,1771.0,856354848.72,1904.4,1280.0,120955282484.78,2026-08-19 16:00:25,0,-2.57,3.45,19-Aug-2025,17-Jul-2026,7.220121823146398,-38.0390625,,,DEEPAK NITRITE LIMITED,-0.23
0,DMARTEQN,-16.0,DMART,EQ,N,3965.0,214608,3988.8,4024.7,3965.0,3981.0,855315891.84,4949.5,3529.0,637166597898.38,2026-08-19 16:00:25,0,-14.79,0.33,19-Aug-2025,17-Jul-2026,19.890898070512172,-12.354774723717767,,,AVENUE SUPERMARTS LIMITED,-0.4
0,RKFORGEEQN,-6.35,RKFORGE,EQ,N,748.0,1126629,761.0,772.8,745.0,754.35,855167742.45,772.8,460.15,76952446580.6,2026-08-19 16:00:25,0,27.93,31.63,19-Aug-2025,17-Jul-2026,3.209109730848861,-62.55568836249049,,,RAMKRISHNA FORGINGS LIMITED,-0.84
0,CAMSEQN,-7.7,CAMS,EQ,N,754.3,1126243,762.0,763.85,752.0,762.0,852442064.27,844.9,611.4,180977455702.08,2026-08-19 16:00:25,0,-1.68,0.43,19-Aug-2025,17-Jul-2026,10.723162504438395,-23.372587504088976,,,COMPUTER AGE MANAGEMENT SERVICES LIMITED,-1.01
0,PGELEQN,4.9,PGEL,EQ,N,601.9,1419102,595.9,606.0,584.5,597.0,846693017.28,644.4,436.55,97263121700.57,2026-08-19 16:00:25,0,11.4,-2.55,19-Aug-2025,17-Jul-2026,6.59528243327126,-37.8765318978353,,,PG ELECTROPLAST LIMITED,0.82
0,MARKSANSEQN,1.35,MARKSANS,EQ,N,327.85,2579745,327.2,335.3,323.35,326.5,846491726.85,345.5,155.0,70298443956.98,2026-08-19 16:00:25,0,77.91,22.74,19-Aug-2025,17-Jul-2026,5.108538350217077,-111.51612903225806,,,MARKSANS PHARMA LIMITED,0.41
0,GODREJPROPEQN,9.9,GODREJPROP,EQ,N,2007.3,424483,1997.4,2009.8,1970.0,1997.4,845391853.14,2352.0,1434.0,270716707697.03,2026-08-19 16:00:25,0,-0.13,-4.51,19-Aug-2025,17-Jul-2026,14.65561224489796,-39.97907949790795,,,GODREJ PROPERTIES LIMITED,0.5
0,BANDHANBNKEQN,-1.3,BANDHANBNK,EQ,N,169.2,4976272,170.51,170.89,167.64,170.5,841238781.6,220.76,134.25,153940808602.07,2026-08-19 16:00:25,0,-2.76,-20.66,19-Aug-2025,17-Jul-2026,23.35568037687987,-26.033519553072626,,,BANDHAN BANK LIMITED,-0.76
0,SCHNEIDEREQN,-21.4,SCHNEIDER,EQ,N,1253.0,675084,1288.9,1289.0,1226.0,1274.4,840344563.2,1548.0,571.85,73116435099.06,2026-08-19 16:00:25,0,47.79,-1.99,19-Aug-2025,17-Jul-2026,19.05684754521964,-119.11340386464983,,,SCHNEIDER ELECTRIC INFRASTRUCTURE LIMITED,-1.68
0,APOLLOTYREEQN,-7.6,APOLLOTYRE,EQ,N,428.4,1931870,434.5,435.05,426.5,436.0,831689353.7,540.5,365.3,137886027128.56,2026-08-19 16:00:25,0,-8.13,-0.52,19-Aug-2025,17-Jul-2026,20.74005550416281,-17.27347385710375,,,APOLLO TYRES LIMITED,-1.74
0,BEMLEQN,0.5,BEML,EQ,N,1966.0,421551,1975.2,1984.0,1924.0,1965.5,823727516.04,2275.75,1355.0,74970039542.68,2026-08-19 16:00:25,0,-4.58,8.47,19-Aug-2025,17-Jul-2026,13.610897506316599,-45.09225092250922,,,BEML LIMITED,0.03
0,JUBLPHARMAEQN,1.0,JUBLPHARMA,EQ,N,867.0,944269,866.0,876.75,853.35,866.0,818312958.09,1184.8,786.05,69623684806.64,2026-08-19 16:00:25,0,-19.77,-15.22,19-Aug-2025,17-Jul-2026,26.823092505064146,-10.298327078430125,,,JUBILANT PHARMOVA LIMITED,0.12
0,SKIPPEREQN,10.55,SKIPPER,EQ,N,549.5,1480211,536.0,559.9,530.8,538.95,813953226.79,593.0,327.05,20780989269.9,2026-08-19 16:00:25,0,1.79,1.99,19-Aug-2025,17-Jul-2026,7.335581787521079,-68.01712276410335,,,SKIPPER LIMITED,1.96
0,IRFCEQN,-0.93,IRFC,EQ,N,85.18,9477952,86.11,87.3,85.0,86.11,811881368.32,137.17,85.0,170859056751.69,2026-08-19 16:00:25,0,-32.82,-3.65,19-Aug-2025,17-Jul-2026,37.901873587519134,-0.21176470588235294,,,INDIAN RAILWAY FINANCE CORPORATION LIMITED,-1.08
0,OILEQN,-5.65,OIL,EQ,N,474.85,1699810,485.8,485.8,472.9,480.5,810741377.6,531.0,384.6,258260212271.39,2026-08-19 16:00:25,0,16.36,9.07,19-Aug-2025,17-Jul-2026,10.574387947269303,-23.465938637545502,,,OIL INDIA LIMITED,-1.18
0,ACMESOLAREQN,9.25,ACMESOLAR,EQ,N,381.0,2120971,371.5,386.95,367.55,371.75,807177933.47,398.65,195.9,76570119580.37,2026-08-19 16:00:25,0,34.15,-1.1,19-Aug-2025,17-Jul-2026,4.4274426188385805,-94.48698315467075,,,ACME SOLAR HOLDINGS LIMITED,2.49
0,FSLEQN,9.65,FSL,EQ,N,273.5,2921585,265.95,274.65,263.1,263.85,793005816.55,381.4,202.0,86416361908.71,2026-08-19 16:00:25,0,-25.5,2.67,19-Aug-2025,17-Jul-2026,28.290508652333507,-35.396039603960396,,,FIRSTSOURCE SOLUTIONS LIMITED,3.66
0,FEDERALBNKEQN,1.0,FEDERALBNK,EQ,N,358.8,2198228,357.8,360.0,355.15,357.8,787317340.48,371.7,188.4,883404164962.9,2026-08-19 16:00:25,0,79.36,2.81,19-Aug-2025,17-Jul-2026,3.4705407586763517,-90.44585987261146,,,THE FEDERAL BANK  LIMITED,0.28
0,PFIZEREQN,121.5,PFIZER,EQ,N,4920.8,160066,4838.0,4969.3,4813.9,4799.3,786846040.16,5873.5,4360.1,74360132017.13,2026-08-19 16:00:25,0,-13.65,7.75,19-Aug-2025,17-Jul-2026,16.22031156891121,-12.859796793651523,,,PFIZER LIMITED,2.53
0,BELRISEEQN,-4.43,BELRISE,EQ,N,232.3,3366246,237.02,237.59,232.2,236.73,786557040.36,268.2,135.16,87291023070.58,2026-08-19 16:00:25,0,50.39,2.38,19-Aug-2025,17-Jul-2026,13.385533184190903,-71.87037585084344,,,BELRISE INDUSTRIES LIMITED,-1.87
0,THELEELAEQN,16.75,THELEELA,EQ,N,535.9,1462202,519.7,541.8,519.65,519.15,779909302.76,541.8,384.5,43118408765.74,2026-08-19 16:00:25,0,21.27,10.35,19-Aug-2025,17-Jul-2026,1.0889627168696936,-39.37581274382315,,,LEELA PALACES HOTELS & RESORTS LIMITED,3.23
0,FLUOROCHEMEQN,25.2,FLUOROCHEM,EQ,N,4700.0,165198,4710.0,4749.0,4650.0,4674.8,774644809.62,4958.9,2916.6,197634628230.0,2026-08-19 16:00:25,0,37.64,13.39,19-Aug-2025,17-Jul-2026,5.220915928935852,-61.14654049235411,,,GUJARAT FLUOROCHEMICALS LIMITED,0.54
0,NEULANDLABEQN,-71.0,NEULANDLAB,EQ,N,23299.0,33339,23399.0,23435.0,23002.0,23370.0,773119074.57,23881.0,11500.0,200364293298.34,2026-08-19 16:00:25,0,78.62,26.39,19-Aug-2025,17-Jul-2026,2.437083874209623,-102.6,,,NEULAND LABORATORIES LIMITED,-0.3
0,ARVINDEQN,-7.5,ARVIND,EQ,N,519.0,1491724,528.35,530.75,511.8,526.5,770057763.28,600.0,274.8,84356384981.05,2026-08-19 16:00:25,0,70.25,-3.16,19-Aug-2025,17-Jul-2026,13.5,-88.8646288209607,,,ARVIND LIMITED,-1.42
0,AARTIINDEQN,-3.1,AARTIIND,EQ,N,527.0,1436341,532.7,535.35,520.25,530.1,755472275.77,541.7,338.05,108163649072.24,2026-08-19 16:00:25,0,35.32,6.69,19-Aug-2025,17-Jul-2026,2.713679158205649,-55.89409850613814,,,AARTI INDUSTRIES LIMITED,-0.58
0,TENNINDEQN,7.7,TENNIND,EQ,N,558.0,1354648,553.8,559.7,548.15,550.3,752317313.28,657.0,438.05,50599552564.72,2026-08-19 16:00:25,0,0.0,0.65,,17-Jul-2026,15.068493150684931,-27.382718867709166,,,TENNECO CLEAN AIR INDIA LIMITED,1.4
0,TATATECHEQN,-25.8,TATATECH,EQ,N,810.0,914308,837.9,846.45,805.95,835.8,750244572.48,891.0,507.4,138747959037.22,2026-08-19 16:00:25,0,18.64,6.85,19-Aug-2025,17-Jul-2026,9.090909090909092,-59.63736696886086,,,TATA TECHNOLOGIES LIMITED,-3.09
0,CDSLEQN,-11.6,CDSL,EQ,N,1329.0,560859,1340.6,1345.0,1325.0,1340.6,749144974.89,1673.7,1116.3,236084906277.0,2026-08-19 16:00:25,0,-15.98,-6.29,19-Aug-2025,17-Jul-2026,20.595088725578062,-19.054017737167428,,,CENTRAL DEPOSITORY SERVICES (INDIA) LIMITED,-0.87
0,360ONEEQN,16.9,360ONE,EQ,N,1180.5,634522,1163.6,1185.5,1157.5,1163.6,746375538.16,1236.2,906.05,305340753602.5,2026-08-19 16:00:25,0,9.42,6.0,19-Aug-2025,17-Jul-2026,4.505743407215661,-30.290822802273606,,,360 ONE WAM LIMITED,1.45
0,BANKINDIAEQN,-0.4,BANKINDIA,EQ,N,141.7,5252432,142.1,143.2,141.15,142.1,746318062.88,178.36,109.85,171711672294.18,2026-08-19 16:00:25,0,21.64,-1.03,19-Aug-2025,17-Jul-2026,20.55393586005831,-28.994082840236686,,,BANK OF INDIA,-0.28
0,IDFCFIRSTBEQN,0.73,IDFCFIRSTB,EQ,N,85.49,8681089,85.24,85.55,85.0,84.76,740496891.7,88.76,58.08,566146632278.93,2026-08-19 16:00:25,0,19.92,6.4,19-Aug-2025,17-Jul-2026,3.6840919333032898,-47.1935261707989,,,IDFC FIRST BANK LIMITED,0.86
0,ACEEQN,-4.7,ACE,EQ,N,1180.1,624925,1190.7,1196.0,1160.0,1184.8,737586479.0,1196.0,745.1,48436924125.83,2026-08-19 16:00:25,0,18.13,19.52,19-Aug-2025,17-Jul-2026,1.3294314381270902,-58.38142531203865,,,ACTION CONSTRUCTION EQUIPMENT LIMITED,-0.4
0,PTCILEQN,-341.0,PTCIL,EQ,N,19450.0,37803,19602.0,19743.0,19134.0,19791.0,733664368.71,20750.0,13251.0,117460566674.09,2026-08-19 16:00:25,0,45.13,8.41,19-Aug-2025,17-Jul-2026,6.265060240963855,-46.781374990566746,,,PTC INDUSTRIES LIMITED,-1.72
0,ANGELONEEQN,-2.25,ANGELONE,EQ,N,289.5,2506672,291.75,294.4,288.85,291.75,729591952.32,360.45,208.63,187622959938.08,2026-08-19 16:00:25,0,8.11,-11.99,19-Aug-2025,17-Jul-2026,19.683728672492716,-38.76240233906917,,,ANGEL ONE LIMITED,-0.77
0,HAVELLSEQN,-12.7,HAVELLS,EQ,N,1287.0,567244,1293.0,1306.6,1275.0,1299.7,728159777.92,1621.1,1123.6,323441075170.66,2026-08-19 16:00:25,0,-18.03,8.4,19-Aug-2025,17-Jul-2026,20.609462710505213,-14.54254182983268,,,HAVELLS INDIA LIMITED,-0.98
0,GLANDEQN,-20.3,GLAND,EQ,N,2838.3,254909,2852.9,2881.4,2827.5,2858.6,725310421.33,3039.8,1573.6,225540175966.49,2026-08-19 16:00:25,0,45.97,15.9,19-Aug-2025,17-Jul-2026,6.628725574050924,-80.36985256736146,,,GLAND PHARMA LIMITED,-0.71
0,ASTRAMICROEQN,-68.5,ASTRAMICRO,EQ,N,1698.9,416834,1777.1,1798.4,1690.1,1767.4,715053716.96,1960.0,851.0,143374800274.63,2026-08-19 16:00:25,0,68.24,-1.27,19-Aug-2025,17-Jul-2026,13.321428571428571,-99.63572267920094,,,ASTRA MICROWAVE PRODUCTS LIMITED,-3.88
0,BIOCONEQN,-4.75,BIOCON,EQ,N,412.75,1683297,416.55,417.75,411.0,417.5,696379968.9,447.15,337.05,295245646384.06,2026-08-19 16:00:25,0,13.44,-5.59,19-Aug-2025,17-Jul-2026,7.693167840769317,-22.459575730603767,,,BIOCON LIMITED,-1.14
0,SRFEQN,-51.4,SRF,EQ,N,2578.6,267803,2624.4,2628.9,2562.3,2630.0,692458217.1,3210.0,2355.0,373451523638.73,2026-08-19 16:00:25,0,-11.98,-10.3,19-Aug-2025,17-Jul-2026,19.669781931464176,-9.494692144373673,,,SRF LIMITED,-1.95
0,WABAGEQN,-1.7,WABAG,EQ,N,1978.9,343516,1992.9,1995.0,1946.8,1980.6,677372330.08,2253.5,1033.0,89996256281.22,2026-08-19 16:00:25,0,23.1,-0.61,19-Aug-2025,17-Jul-2026,12.185489238961615,-91.56824782187803,,,VA TECH WABAG LIMITED,-0.09
0,CGCLEQN,0.45,CGCL,EQ,N,225.99,2959311,225.0,231.2,224.38,225.54,672769762.74,264.53,151.1,87103157481.54,2026-08-19 16:00:25,0,20.16,-11.85,19-Aug-2025,17-Jul-2026,14.569236003477867,-49.56320317670417,,,CAPRI GLOBAL CAPITAL LIMITED,0.2
0,PIINDEQN,-10.0,PIIND,EQ,N,2505.0,262916,2521.7,2523.2,2488.2,2515.0,658278564.16,3917.8,2457.0,202379834238.33,2026-08-19 16:00:25,0,-33.47,-4.53,19-Aug-2025,17-Jul-2026,36.06105467354127,-1.9536019536019535,,,PI INDUSTRIES LIMITED,-0.4
0,PCBLEQN,-1.75,PCBL,EQ,N,324.8,1990420,330.0,333.85,324.1,326.55,656321090.8,425.95,226.5,56830532952.34,2026-08-19 16:00:25,0,-17.4,1.25,19-Aug-2025,17-Jul-2026,23.746918652423993,-43.39955849889625,,,PCBL CHEMICAL LIMITED,-0.54
0,PATANJALIEQN,-0.7,PATANJALI,EQ,N,350.95,1841471,351.65,356.2,348.1,351.65,646908762.3,615.0,328.2,121236249068.4,2026-08-19 16:00:25,0,-41.17,3.92,19-Aug-2025,17-Jul-2026,42.9349593495935,-6.931748933577087,,,PATANJALI FOODS LIMITED,-0.2
0,INDHOTELEQN,4.35,INDHOTEL,EQ,N,723.35,881149,715.0,724.95,714.15,719.0,634647567.25,811.95,565.0,633425077544.24,2026-08-19 16:00:25,0,-6.68,-0.63,19-Aug-2025,17-Jul-2026,10.91200197056469,-28.02654867256637,,,THE INDIAN HOTELS COMPANY LIMITED,0.61
0,RUBICONEQN,-13.1,RUBICON,EQ,N,1791.0,356862,1820.0,1820.1,1730.8,1804.1,633551383.08,1820.1,570.75,54965694731.37,2026-08-19 16:00:25,0,0.0,24.41,,17-Jul-2026,1.5988132520191198,-213.79763469119578,,,RUBICON RESEARCH LIMITED,-0.73
0,NAZARAEQN,0.85,NAZARA,EQ,N,356.4,1731629,354.0,361.0,354.0,355.55,620702415.05,362.0,215.7,80853233961.12,2026-08-19 16:00:25,0,1.85,16.99,19-Aug-2025,17-Jul-2026,1.5469613259668509,-65.22948539638386,,,NAZARA TECHNOLOGIES LIMITED,0.24
0,APLAPOLLOEQN,6.8,APLAPOLLO,EQ,N,2121.8,292451,2115.0,2121.8,2097.2,2115.0,617095006.08,2301.4,1578.0,385160361921.12,2026-08-19 16:00:25,0,30.47,18.18,19-Aug-2025,17-Jul-2026,7.803945424524203,-34.461343472750315,,,APL APOLLO TUBES LIMITED,0.32
0,CIPLAEQN,-9.1,CIPLA,EQ,N,1422.0,433654,1429.0,1435.1,1415.4,1431.1,616430487.92,1673.0,1165.7,797906128132.47,2026-08-19 16:00:25,0,-8.19,0.23,19-Aug-2025,17-Jul-2026,15.002988643156007,-21.986789053787422,,,CIPLA LIMITED,-0.64
0,PPLPHARMAEQN,-0.98,PPLPHARMA,EQ,N,209.55,2926756,211.58,213.4,207.7,210.53,614121211.48,218.5,132.3,129971671298.86,2026-08-19 16:00:25,0,7.9,16.79,19-Aug-2025,17-Jul-2026,4.0961098398169336,-58.39002267573696,,,PIRAMAL PHARMA LIMITED,-0.47
0,JSWENERGYEQN,-4.15,JSWENERGY,EQ,N,543.95,1124071,548.1,548.15,540.5,548.1,610067053.83,617.35,427.75,332479541235.86,2026-08-19 16:00:25,0,2.0,0.51,19-Aug-2025,17-Jul-2026,11.889527820523204,-27.165400350672122,,,JSW ENERGY LIMITED,-0.76
0,PRAJINDEQN,3.2,PRAJIND,EQ,N,339.7,1782668,338.0,347.5,335.85,336.5,609226789.0,433.0,273.0,41819003187.01,2026-08-19 16:00:25,0,-18.05,-2.09,19-Aug-2025,17-Jul-2026,21.547344110854503,-24.43223443223443,,,PRAJ INDUSTRIES LIMITED,0.95
0,SHREECEMEQN,-385.0,SHREECEM,EQ,N,24340.0,25056,24700.0,24700.0,24150.0,24725.0,608823216.0,31920.0,22550.0,324622481008.34,2026-08-19 16:00:25,0,-21.24,-8.2,19-Aug-2025,17-Jul-2026,23.7468671679198,-7.937915742793791,,,SHREE CEMENT LIMITED,-1.56
0,FIRSTCRYEQN,-7.45,FIRSTCRY,EQ,N,197.2,3007970,205.6,206.35,194.34,204.65,602075275.2,438.7,194.34,44391040862.92,2026-08-19 16:00:25,0,-47.05,-6.79,19-Aug-2025,17-Jul-2026,55.04900843400957,-1.4716476278686839,,,BRAINBEES SOLUTIONS LIMITED,-3.64
0,GPPLEQN,4.62,GPPL,EQ,N,165.1,3619269,160.91,166.15,160.51,160.48,594356355.18,200.09,141.55,44665951738.45,2026-08-19 16:00:25,0,6.95,9.18,19-Aug-2025,17-Jul-2026,17.487130791143986,-16.637230660543977,,,GUJARAT PIPAVAV PORT LIMITED,2.88
0,SBFCEQN,-1.26,SBFC,EQ,N,92.41,6398813,93.99,94.11,91.55,93.67,593233953.23,123.0,79.6,37998079704.48,2026-08-19 16:00:25,0,-17.35,-1.79,19-Aug-2025,17-Jul-2026,24.869918699186993,-16.092964824120603,,,SBFC FINANCE LIMITED,-1.35
0,DELHIVERYEQN,-1.8,DELHIVERY,EQ,N,450.0,1321278,449.95,451.8,446.4,451.8,592619608.56,524.0,374.45,251450500760.24,2026-08-19 16:00:25,0,-4.6,-8.56,19-Aug-2025,17-Jul-2026,14.122137404580153,-20.176258512484978,,,DELHIVERY LIMITED,-0.4
0,SCIEQN,-1.15,SCI,EQ,N,294.6,1995957,298.0,300.2,294.0,295.75,592479875.88,368.75,195.55,49681815351.89,2026-08-19 16:00:25,0,37.82,4.56,19-Aug-2025,17-Jul-2026,20.108474576271185,-50.6520071592943,,,SHIPPING CORPORATION OF INDIA LIMITED,-0.39
0,ASTRALEQN,24.9,ASTRAL,EQ,N,1544.9,385557,1535.7,1577.0,1516.2,1520.0,591949517.67,1768.7,1284.4,188421691626.41,2026-08-19 16:00:25,0,13.09,12.13,19-Aug-2025,17-Jul-2026,12.653361225759031,-20.281843662410463,,,ASTRAL LIMITED,1.64
0,THERMAXEQN,-49.9,THERMAX,EQ,N,4030.0,145951,4073.2,4074.5,3981.0,4079.9,587198820.26,5277.8,2742.7,155721621004.37,2026-08-19 16:00:25,0,21.93,-13.56,19-Aug-2025,17-Jul-2026,23.642426768729393,-46.935501513107525,,,THERMAX LIMITED,-1.22
0,NLCINDIAEQN,-9.25,NLCINDIA,EQ,N,267.4,2163796,276.0,276.55,263.3,276.65,585090438.4,387.8,222.0,97094557521.14,2026-08-19 16:00:25,0,12.59,-9.54,19-Aug-2025,17-Jul-2026,31.04693140794224,-20.45045045045045,,,NLC INDIA LIMITED,-3.34
0,EIDPARRYEQN,7.4,EIDPARRY,EQ,N,788.0,733626,780.95,800.0,775.0,780.6,580173449.58,1196.4,698.2,80826221786.51,2026-08-19 16:00:25,0,-31.23,4.93,19-Aug-2025,17-Jul-2026,34.13574055499833,-12.861644228014896,,,EID PARRY INDIA LIMITED,0.95
0,SIEMENSEQN,-58.1,SIEMENS,EQ,N,3898.9,146047,3940.0,3956.3,3875.3,3957.0,570101766.85,4097.9,2826.0,343691406469.11,2026-08-19 16:00:25,0,24.44,6.56,19-Aug-2025,17-Jul-2026,4.856145830791381,-37.965322009908,,,SIEMENS LIMITED,-1.47
0,MOTILALOFSEQN,4.1,MOTILALOFS,EQ,N,942.1,605680,938.75,948.45,930.05,938.0,569860084.8,1097.1,614.9,146955642833.46,2026-08-19 16:00:25,0,-1.84,-2.59,19-Aug-2025,17-Jul-2026,14.128156047762282,-53.211904374695074,,,MOTILAL OSWAL FINANCIAL SERVICES LIMITED,0.44
0,AIILEQN,-5.25,AIIL,EQ,N,548.0,1020291,553.25,571.2,542.6,553.25,565179996.54,683.0,400.0,144657808797.73,2026-08-19 16:00:25,0,-5.84,-4.03,19-Aug-2025,17-Jul-2026,19.765739385065885,-37.0,,,AUTHUM INVESTMENT & INFRASTRUCTURE LIMITED,-0.95
0,MSTCLTDEQN,-0.05,MSTCLTD,EQ,N,701.5,787852,702.0,722.0,700.0,701.55,560588212.08,743.9,362.15,17306936592.0,2026-08-19 16:00:25,0,48.21,17.99,19-Aug-2025,17-Jul-2026,5.699690818658421,-93.70426618804363,,,MSTC LIMITED,-0.01
0,SANSERAEQN,-103.2,SANSERA,EQ,N,3900.0,143714,3990.0,3999.6,3857.5,4003.2,560382563.06,4040.4,1241.3,169121507168.14,2026-08-19 16:00:25,0,189.88,21.16,19-Aug-2025,17-Jul-2026,3.474903474903475,-214.18673970837025,,,SANSERA ENGINEERING LIMITED,-2.58
0,BATAINDIAEQN,-6.5,BATAINDIA,EQ,N,721.6,770121,730.0,730.0,710.15,753.1,551938019.49,1282.5,605.0,45931731708.53,2026-08-19 16:00:25,0,-36.8,4.07,19-Aug-2025,17-Jul-2026,43.734892787524366,-19.272727272727273,,,BATA INDIA LIMITED,-0.89
0,MTARTECHBEN,-222.0,MTARTECH,BE,N,6910.0,78861,6989.5,7077.0,6901.0,7132.0,547612361.22,8714.0,1390.5,147838724721.09,2026-08-19 16:00:25,0,356.08,14.29,19-Aug-2025,17-Jul-2026,20.70231810879045,-396.9435454872348,,,MTAR TECHNOLOGIES LIMITED,-3.11
0,HBLENGINEEQN,2.95,HBLENGINE,EQ,N,673.0,814522,670.05,675.5,661.25,670.05,546006677.48,1122.0,613.0,75624903396.38,2026-08-19 16:00:25,0,-14.79,-9.29,19-Aug-2025,17-Jul-2026,40.01782531194296,-9.787928221859707,,,HBL ENGINEERING LIMITED,0.44
0,PARADEEPEQN,2.69,PARADEEP,EQ,N,150.51,3628505,147.5,152.7,146.72,147.82,545400586.55,232.22,99.7,64851473464.74,2026-08-19 16:00:25,0,-27.36,7.31,19-Aug-2025,17-Jul-2026,35.18646111446043,-50.962888665997994,,,PARADEEP PHOSPHATES LIMITED,1.82
0,BLUESTONEEQN,-0.4,BLUESTONE,EQ,N,820.0,660504,825.0,837.5,810.0,820.4,540774439.92,926.0,399.8,60154354248.56,2026-08-19 16:00:25,0,50.18,36.88,19-Aug-2025,17-Jul-2026,11.44708423326134,-105.10255127563782,,,BLUESTONE JEWELLERY AND LIFESTYLE LIMITED,-0.05
0,CROMPTONEQN,0.7,CROMPTON,EQ,N,245.5,2206730,245.0,247.1,242.05,244.8,539766158.0,337.5,217.4,157272833138.93,2026-08-19 16:00:25,0,-25.49,-4.29,19-Aug-2025,17-Jul-2026,27.25925925925926,-12.925482980680773,,,CROMPTON GREAVES CONSUMER ELECTRICALS LIMITED,0.29
0,TRIVENIEQN,14.48,TRIVENI,EQ,N,291.0,1890903,280.12,291.68,278.11,276.52,537772813.2,490.1,220.05,24614806449.9,2026-08-19 16:00:25,0,-14.21,-38.37,19-Aug-2025,17-Jul-2026,40.624362375025505,-32.24267211997273,,,TRIVENI ENGINEERING & INDUSTRIES LIMITED,5.24
0,ANURASEQN,11.8,ANURAS,EQ,N,1222.3,435478,1220.0,1243.0,1213.5,1210.5,534518761.54,1415.0,1045.2,36923862476.31,2026-08-19 16:00:25,0,7.4,-3.57,19-Aug-2025,17-Jul-2026,13.618374558303888,-16.94412552621508,,,ANUPAM RASAYAN INDIA LIMITED,0.97
0,JPPOWEREQN,-0.28,JPPOWER,EQ,N,17.04,30914830,17.35,17.38,17.0,17.32,529571037.9,24.5,13.15,82727982524.67,2026-08-19 16:00:25,0,-11.06,1.01,19-Aug-2025,17-Jul-2026,30.448979591836736,-29.581749049429657,,,JAIPRAKASH POWER VENTURES LIMITED,-1.62
0,ICICIGIEQN,-8.1,ICICIGI,EQ,N,1615.7,325133,1625.0,1632.8,1611.0,1623.8,526894283.15,2064.9,1544.6,391840366788.82,2026-08-19 16:00:25,0,-17.27,0.22,19-Aug-2025,17-Jul-2026,21.75408010073127,-4.603133497345591,,,ICICI LOMBARD GENERAL INSURANCE COMPANY LIMITED,-0.5
0,TATAELXSIEQN,-2.3,TATAELXSI,EQ,N,3659.7,143684,3650.0,3675.0,3635.0,3662.0,524683678.6,5950.0,3353.9,125648622348.35,2026-08-19 16:00:25,0,-36.09,4.47,19-Aug-2025,17-Jul-2026,38.49243697478992,-9.117743522466382,,,TATA ELXSI LIMITED,-0.06
0,PHOENIXLTDEQN,-21.0,PHOENIXLTD,EQ,N,1919.0,272032,1950.0,1950.0,1905.9,1940.0,522448337.28,2169.8,1437.2,357274045451.14,2026-08-19 16:00:25,0,27.65,-7.55,19-Aug-2025,17-Jul-2026,11.558669001751314,-33.5235179515725,,,THE PHOENIX MILLS LIMITED,-1.08
0,MAHABANKEQN,-0.69,MAHABANK,EQ,N,79.8,6506548,80.72,80.73,79.6,80.49,520653970.96,94.5,51.71,162032774795.7,2026-08-19 16:00:25,0,43.97,-0.13,19-Aug-2025,17-Jul-2026,15.555555555555555,-54.32218139624831,,,BANK OF MAHARASHTRA,-0.86
0,SUDEEPPHRMEQN,52.9,SUDEEPPHRM,EQ,N,1157.0,453138,1098.6,1159.3,1098.55,1104.1,519912415.68,1159.3,524.05,28842857596.04,2026-08-19 16:00:25,0,0.0,34.11,,17-Jul-2026,0.19839558354179246,-120.78045987978247,,,SUDEEP PHARMA LIMITED,4.79
0,SKFINDUSEQN,145.2,SKFINDUS,EQ,N,2812.8,186777,2660.0,2819.4,2655.8,2667.6,517301314.74,3041.0,1994.1,65136674120.71,2026-08-19 16:00:25,0,0.0,7.04,,17-Jul-2026,7.5041104899704045,-41.0561155408455,,,SKF INDIA (INDUSTRIAL) LIMITED,5.44
0,NIACLEQN,0.97,NIACL,EQ,N,185.05,2774754,185.25,189.0,183.25,184.08,516936670.2,218.0,116.97,44410759424.8,2026-08-19 16:00:25,0,-4.47,5.85,19-Aug-2025,17-Jul-2026,15.114678899082568,-58.20295802342481,,,THE NEW INDIA ASSURANCE COMPANY LIMITED,0.53
0,DALBHARATEQN,37.9,DALBHARAT,EQ,N,1875.0,276847,1837.1,1875.0,1825.0,1837.1,514168553.81,2496.3,1605.0,148666532778.61,2026-08-19 16:00:25,0,-20.09,2.84,19-Aug-2025,17-Jul-2026,24.88883547650523,-16.822429906542055,,,DALMIA BHARAT LIMITED,2.06
0,TATACAPEQN,2.3,TATACAP,EQ,N,365.45,1399819,363.15,370.0,361.35,363.15,512809692.46,390.2,296.0,183442836391.63,2026-08-19 16:00:25,0,0.0,3.18,,17-Jul-2026,6.342901076371092,-23.46283783783784,,,TATA CAPITAL LIMITED,0.63
0,GMDCLTDEQN,-13.0,GMDCLTD,EQ,N,557.7,910963,571.05,573.35,555.8,570.7,511979425.26,771.9,400.0,46022139048.6,2026-08-19 16:00:25,0,30.4,-4.09,19-Aug-2025,17-Jul-2026,27.749708511465215,-39.425,,,GUJARAT MINERAL DEVELOPMENT CORPORATION LIMITED,-2.28
0,LTTSEQN,30.1,LTTS,EQ,N,3540.0,141790,3559.4,3625.2,3512.1,3509.9,503771362.6,4726.0,3010.0,97405082245.35,2026-08-19 16:00:25,0,-15.17,3.65,19-Aug-2025,17-Jul-2026,25.095217943292425,-17.60797342192691,,,L&T TECHNOLOGY SERVICES LIMITED,0.86
0,JUBLINGREAEQN,-20.25,JUBLINGREA,EQ,N,706.45,706886,732.45,737.0,702.0,726.7,503719894.74,795.0,537.3,59068207841.48,2026-08-19 16:00:25,0,0.83,-4.41,19-Aug-2025,17-Jul-2026,11.138364779874214,-31.48148148148148,,,JUBILANT INGREVIA LIMITED,-2.79
0,BALUFORGEEQN,-3.9,BALUFORGE,EQ,N,538.65,935580,542.1,547.0,533.4,542.55,503501088.6,697.0,341.05,25544442605.37,2026-08-19 16:00:25,0,-10.53,19.98,19-Aug-2025,17-Jul-2026,22.718794835007174,-57.938718662952645,,,BALU FORGE INDUSTRIES LIMITED,-0.72
0,TIEQN,-7.15,TI,EQ,N,575.65,875524,581.5,584.9,567.0,582.8,502603307.44,593.0,381.55,63752527216.04,2026-08-19 16:00:25,0,9.16,30.18,19-Aug-2025,17-Jul-2026,2.9258010118043845,-50.87144541999738,,,TILAKNAGAR INDUSTRIES LIMITED,-1.23
0,SHILPAMEDEQN,-0.8,SHILPAMED,EQ,N,809.0,618924,810.0,819.0,802.35,809.8,500548595.76,825.4,259.5,94241435613.81,2026-08-19 16:00:25,0,86.45,30.43,19-Aug-2025,17-Jul-2026,1.9869154349406348,-211.7533718689788,,,SHILPA MEDICARE LIMITED,-0.1
0,LLOYDSMEEQN,-24.6,LLOYDSME,EQ,N,1914.0,259494,1942.0,1942.0,1895.8,1938.6,497063351.94,2125.0,1042.9,248445030696.13,2026-08-19 16:00:25,0,36.99,2.61,19-Aug-2025,17-Jul-2026,9.929411764705883,-83.5267043820117,,,LLOYDS METALS AND ENERGY LIMITED,-1.27
0,NEOGENEQN,-2.5,NEOGEN,EQ,N,2326.0,210832,2360.0,2390.0,2319.0,2328.5,494223941.12,2483.9,966.7,30217804212.67,2026-08-19 16:00:25,0,62.61,6.91,19-Aug-2025,17-Jul-2026,6.356938685132252,-140.6123926761146,,,NEOGEN CHEMICALS LIMITED,-0.11
0,LICHSGFINEQN,-1.8,LICHSGFIN,EQ,N,497.0,971490,501.0,501.25,496.7,498.8,484598641.8,598.2,458.9,149008670611.04,2026-08-19 16:00:25,0,-14.27,-9.62,19-Aug-2025,17-Jul-2026,16.917418923436976,-8.302462410111135,,,LIC HOUSING FINANCE LIMITED,-0.36
0,NHEQN,-15.0,NH,EQ,N,1788.0,267386,1803.0,1815.6,1781.0,1803.0,479883001.92,2093.3,1589.0,123196195962.48,2026-08-19 16:00:25,0,-3.2,-11.9,19-Aug-2025,17-Jul-2026,14.584627143744328,-12.523599748269351,,,NARAYANA HRUDAYALAYA LTD.,-0.83
0,HUDCOEQN,-0.1,HUDCO,EQ,N,187.91,2510381,187.21,192.0,187.0,188.01,476721351.9,246.85,159.0,94039366948.62,2026-08-19 16:00:25,0,-12.29,-7.4,19-Aug-2025,17-Jul-2026,23.87684828843427,-18.18238993710692,,,HOUSING & URBAN DEVELOPMENT CORPORATION LIMITED,-0.05
0,TATACOMMEQN,-27.6,TATACOMM,EQ,N,1662.2,284561,1685.0,1697.8,1652.9,1689.8,475871360.3,2110.0,1322.5,194683866517.09,2026-08-19 16:00:25,0,-0.4,-8.52,19-Aug-2025,17-Jul-2026,21.222748815165875,-25.686200378071835,,,TATA COMMUNICATIONS LIMITED,-1.63
0,AADHARHFCEQN,-13.4,AADHARHFC,EQ,N,474.0,983771,487.4,487.5,469.1,487.4,473164337.87,563.0,430.15,50857196860.22,2026-08-19 16:00:25,0,-5.66,-8.36,19-Aug-2025,17-Jul-2026,15.808170515097691,-10.194118330814833,,,AADHAR HOUSING FINANCE LIMITED,-2.75
0,JSWINFRAEQN,2.15,JSWINFRA,EQ,N,330.8,1424786,329.15,331.9,326.4,328.65,469808935.64,355.8,233.42,196817802822.22,2026-08-19 16:00:25,0,5.81,-3.32,19-Aug-2025,17-Jul-2026,7.026419336706015,-41.7187901636535,,,JSW INFRASTRUCTURE LIMITED,0.65
0,TORNTPOWEREQN,-21.1,TORNTPOWER,EQ,N,1243.0,375458,1272.6,1274.0,1240.9,1264.1,468222408.06,1824.1,1188.0,235686901434.45,2026-08-19 16:00:25,0,-4.19,-10.61,19-Aug-2025,17-Jul-2026,31.85680609615701,-4.62962962962963,,,TORRENT POWER LIMITED,-1.67
0,GRAPHITEEQN,-19.65,GRAPHITE,EQ,N,717.5,642444,739.9,744.5,715.0,737.15,467204550.12,802.4,505.8,47710519306.38,2026-08-19 16:00:25,0,29.63,11.3,19-Aug-2025,17-Jul-2026,10.580757726819542,-41.85448793989719,,,GRAPHITE INDIA LIMITED,-2.67
0,EMMVEEEQN,-0.7,EMMVEE,EQ,N,317.0,1462761,315.15,321.55,314.35,317.7,464470500.33,371.55,171.51,42364067771.73,2026-08-19 16:00:25,0,0.0,-8.13,,17-Jul-2026,14.681738662360383,-84.82887295201446,,,EMMVEE PHOTOVOLTAIC POWER LIMITED,-0.22
0,TRITURBINEEQN,-12.9,TRITURBINE,EQ,N,569.0,813709,582.1,585.9,561.05,581.9,462894638.83,787.6,428.35,66382336141.77,2026-08-19 16:00:25,0,8.27,-7.52,19-Aug-2025,17-Jul-2026,27.755205688166583,-32.83529823742267,,,TRIVENI TURBINE LIMITED,-2.22
0,RAINEQN,1.11,RAIN,EQ,N,204.85,2239195,204.3,208.2,203.74,203.74,461453305.6,252.0,99.9,39297763582.39,2026-08-19 16:00:25,0,31.05,-0.93,19-Aug-2025,17-Jul-2026,18.71031746031746,-105.05505505505505,,,RAIN INDUSTRIES LIMITED,0.54
0,CESCEQN,-2.5,CESC,EQ,N,159.48,2882634,162.0,162.26,158.5,167.98,461048481.96,204.5,138.12,100273451854.54,2026-08-19 16:00:25,0,-3.13,-3.4,19-Aug-2025,17-Jul-2026,22.014669926650367,-15.464813205907905,,,CESC LIMITED,-1.54
0,VMMEQN,-0.31,VMM,EQ,N,103.4,4398688,103.75,104.15,102.5,103.71,454736365.44,157.6,98.77,287912975591.49,2026-08-19 16:00:25,0,-29.76,-6.28,19-Aug-2025,17-Jul-2026,34.390862944162436,-4.687658195808444,,,VISHAL MEGA MART LIMITED,-0.3
0,SKYGOLDEQN,-19.45,SKYGOLD,EQ,N,775.6,580669,795.05,799.45,770.8,795.05,453374741.82,848.0,259.0,57970361366.66,2026-08-19 16:00:25,0,181.27,24.84,19-Aug-2025,17-Jul-2026,8.537735849056604,-199.45945945945945,,,SKY GOLD AND DIAMONDS LIMITED,-2.45
0,NUVAMAEQN,-8.0,NUVAMA,EQ,N,1738.8,263043,1759.0,1759.0,1700.0,1746.8,453149436.96,2066.0,1096.9,134848774748.45,2026-08-19 16:00:25,0,28.05,-6.67,19-Aug-2025,17-Jul-2026,15.837366892545983,-58.519463943841735,,,NUVAMA WEALTH MANAGEMENT LIMITED,-0.46
0,THANGAMAYLEQN,32.5,THANGAMAYL,EQ,N,5514.0,82597,5485.0,5544.0,5399.0,5481.5,451836150.89,7430.0,1939.5,65791587558.98,2026-08-19 16:00:25,0,173.73,-14.33,19-Aug-2025,17-Jul-2026,25.78734858681023,-184.3000773395205,,,THANGAMAYIL JEWELLERY LIMITED,0.59
0,MFSLEQN,-38.4,MFSL,EQ,N,1546.1,286908,1576.6,1578.5,1546.1,1584.5,447912162.36,1892.5,1433.6,408933469446.76,2026-08-19 16:00:25,0,-5.57,0.53,19-Aug-2025,17-Jul-2026,18.303830911492735,-7.847377232142857,,,MAX FINANCIAL SERVICES LIMITED,-2.42
0,CEMPROEQN,-61.0,CEMPRO,EQ,N,1263.0,344424,1324.0,1334.0,1257.8,1324.0,440525184.48,1649.2,503.3,70020256079.45,2026-08-19 16:00:25,0,59.08,-21.8,19-Aug-2025,17-Jul-2026,23.41741450400194,-150.9437711106696,,,CEMINDIA PROJECTS LIMITED,-4.61
0,ITIEQN,-2.15,ITI,EQ,N,278.2,1540125,282.0,295.9,277.35,280.35,439844298.75,372.85,237.0,26724932675.98,2026-08-19 16:00:25,0,-5.76,-2.21,19-Aug-2025,17-Jul-2026,25.385543784363684,-17.383966244725737,,,ITI LIMITED,-0.77
0,INDUSINDBKEQN,1.7,INDUSINDBK,EQ,N,1016.7,433216,1011.9,1016.7,1007.6,1015.0,438154662.4,1077.85,710.6,667772865866.32,2026-08-19 16:00:25,0,29.43,-1.02,19-Aug-2025,17-Jul-2026,5.673331168529944,-43.076273571629606,,,INDUSIND BANK LIMITED,0.17
0,SAGILITYEQN,0.34,SAGILITY,EQ,N,42.5,10336138,42.16,42.8,41.77,42.16,437528721.54,57.89,35.83,97588540342.42,2026-08-19 16:00:25,0,-6.04,1.8,19-Aug-2025,17-Jul-2026,26.584902401105545,-18.615685180016747,,,SAGILITY LIMITED,0.81
0,BLUESTARCOEQN,0.2,BLUESTARCO,EQ,N,1493.2,292749,1498.8,1501.1,1478.0,1493.0,436119895.26,2040.0,1450.0,193197309099.14,2026-08-19 16:00:25,0,-22.58,-11.48,19-Aug-2025,17-Jul-2026,26.80392156862745,-2.9793103448275864,,,BLUE STAR LIMITED,0.01
0,CARTRADEEQN,-16.6,CARTRADE,EQ,N,2786.0,154924,2800.0,2822.4,2770.0,2802.6,432234861.52,3290.5,1600.0,118949231112.69,2026-08-19 16:00:25,0,13.07,3.21,19-Aug-2025,17-Jul-2026,15.332016410879806,-74.125,,,CARTRADE TECH LIMITED,-0.59
0,JUBLFOODEQN,-2.25,JUBLFOOD,EQ,N,498.3,859757,500.9,504.15,494.75,500.55,428563071.79,667.75,408.55,194497876191.08,2026-08-19 16:00:25,0,-21.41,19.45,19-Aug-2025,17-Jul-2026,25.376263571695993,-21.967935381226287,,,JUBILANT FOODWORKS LIMITED,-0.45
0,LLOYDSENGGEQN,-0.77,LLOYDSENGG,EQ,N,92.89,4584105,93.9,94.62,92.29,93.66,428384612.25,99.75,37.4,66132464359.47,2026-08-19 16:00:25,0,33.5,4.89,19-Aug-2025,17-Jul-2026,6.87719298245614,-148.36898395721926,,,LLOYDS ENGINEERING WORKS LIMITED,-0.82
0,PREMIERENEEQN,-12.7,PREMIERENE,EQ,N,1002.0,421715,1019.5,1023.3,1002.0,1014.7,427226815.05,1134.0,660.0,118705570734.66,2026-08-19 16:00:25,0,-2.4,-7.75,19-Aug-2025,17-Jul-2026,11.640211640211641,-51.81818181818182,,,PREMIER ENERGIES LIMITED,-1.25
0,KPIGREENEQN,-1.85,KPIGREEN,EQ,N,307.05,1385558,308.0,315.5,302.3,308.9,427084397.92,542.25,301.2,29658698619.46,2026-08-19 16:00:25,0,-42.45,-25.04,19-Aug-2025,17-Jul-2026,43.374827109266946,-1.9422310756972112,,,KPI GREEN ENERGY LIMITED,-0.6
0,RBLBANKEQN,-1.5,RBLBANK,EQ,N,381.5,1110741,383.3,384.0,378.3,383.0,422781346.83,392.7,243.25,235357259310.22,2026-08-19 16:00:25,0,45.75,3.64,19-Aug-2025,17-Jul-2026,2.8520499108734403,-56.83453237410072,,,RBL BANK LIMITED,-0.39
0,KRBLEQN,7.25,KRBL,EQ,N,400.85,1043549,393.8,412.0,392.6,393.6,421708586.39,495.0,274.65,30761011062.29,2026-08-19 16:00:25,0,-15.1,11.81,19-Aug-2025,17-Jul-2026,19.02020202020202,-45.94939013289641,,,KRBL LIMITED,1.84
0,ANANDRATHIEQN,-2.8,ANANDRATHI,EQ,N,2192.0,193397,2194.8,2199.8,2145.1,2194.8,420545644.44,2230.0,1353.85,195148663586.2,2026-08-19 16:00:25,0,55.31,5.76,19-Aug-2025,17-Jul-2026,1.704035874439462,-61.90863094138937,,,ANAND RATHI WEALTH LIMITED,-0.13
0,TEJASNETEQN,-10.3,TEJASNET,EQ,N,509.0,815740,520.0,522.95,508.05,519.3,417291797.0,647.0,294.0,41919041339.22,2026-08-19 16:00:25,0,-13.27,-5.55,19-Aug-2025,17-Jul-2026,21.32921174652241,-73.12925170068027,,,TEJAS NETWORKS LIMITED,-1.98
0,ENDURANCEEQN,-39.3,ENDURANCE,EQ,N,2979.0,138855,3034.8,3034.8,2979.0,3018.3,415359738.6,3079.9,2142.8,104757817978.75,2026-08-19 16:00:25,0,3.33,9.0,19-Aug-2025,17-Jul-2026,3.2760803922205266,-39.023707298861304,,,ENDURANCE TECHNOLOGIES LIMITED,-1.3
0,IREDAEQN,-1.35,IREDA,EQ,N,113.92,3591311,115.27,115.86,113.75,115.27,411707893.04,163.35,108.65,90380602011.07,2026-08-19 16:00:25,0,-23.5,-6.35,19-Aug-2025,17-Jul-2026,30.260177532904805,-4.850437183617119,,,INDIAN RENEWABLE ENERGY DEVELOPMENT AGENCY LIMITED,-1.17
0,AKUMSEQN,5.85,AKUMS,EQ,N,750.0,541992,746.0,773.35,746.0,744.15,410737797.36,775.0,409.3,25984291524.41,2026-08-19 16:00:25,0,56.45,12.79,19-Aug-2025,17-Jul-2026,3.225806451612903,-83.23967749816761,,,AKUMS DRUGS AND PHARMACEUTICALS LIMITED,0.79
0,PFOCUSEQN,-8.25,PFOCUS,EQ,N,278.0,1454122,286.25,289.7,276.5,286.25,410542264.26,367.0,139.04,18498335902.82,2026-08-19 16:00:25,0,74.69,-3.96,19-Aug-2025,17-Jul-2026,24.250681198910083,-99.94246260069045,,,PRIME FOCUS LIMITED,-2.88
0,MRFEQN,45.0,MRF,EQ,N,133550.0,3065,133505.0,133875.0,132720.0,133505.0,408900025.55,163600.0,122000.0,270159157598.92,2026-08-19 16:00:25,0,-8.86,2.18,19-Aug-2025,17-Jul-2026,18.3679706601467,-9.467213114754099,,,MRF LIMITED,0.03
0,BECTORFOODEQN,2.52,BECTORFOOD,EQ,N,263.44,1551749,262.0,265.8,258.4,260.92,408761721.58,299.0,165.0,41216341826.42,2026-08-19 16:00:25,0,-5.28,39.66,19-Aug-2025,17-Jul-2026,11.892976588628763,-59.660606060606064,,,MRS. BECTORS FOOD SPECIALITIES LIMITED,0.97
0,NHPCEQN,-0.56,NHPC,EQ,N,76.17,5333949,76.9,76.9,75.85,76.73,405860179.41,89.22,71.62,286290335022.01,2026-08-19 16:00:25,0,-7.21,-3.83,19-Aug-2025,17-Jul-2026,14.626765299260256,-6.35297402960067,,,NHPC LIMITED,-0.73
0,INDIANBEQN,-1.85,INDIANB,EQ,N,873.15,464807,878.35,881.0,865.0,875.0,405200150.32,1000.9,642.6,307702285509.06,2026-08-19 16:00:25,0,30.0,4.9,19-Aug-2025,17-Jul-2026,12.763512838445399,-35.87768440709617,,,INDIAN BANK,-0.21
0,IEXEQN,-1.4,IEX,EQ,N,123.0,3276922,124.06,124.35,122.1,124.4,403847867.28,160.27,114.6,97483415669.45,2026-08-19 16:00:25,0,-13.13,0.16,19-Aug-2025,17-Jul-2026,23.2545080177201,-7.329842931937173,,,INDIAN ENERGY EXCHANGE LIMITED,-1.13
0,SHAILYEQN,6.8,SHAILY,EQ,N,3380.5,119984,3370.0,3390.0,3299.4,3373.7,401504858.88,3615.2,1770.9,87900652017.32,2026-08-19 16:00:25,0,75.35,22.46,19-Aug-2025,17-Jul-2026,6.492033635760124,-90.89163702072392,,,SHAILY ENGINEERING PLASTICS LIMITED,0.2
0,UNITDSPREQN,3.1,UNITDSPR,EQ,N,1524.0,263050,1534.2,1534.2,1512.0,1520.9,400246358.0,1550.0,1210.8,448933276523.26,2026-08-19 16:00:25,0,14.71,10.77,19-Aug-2025,17-Jul-2026,1.6774193548387097,-25.867195242814667,,,UNITED SPIRITS LIMITED,0.2
0,CHOICEINEQN,-3.6,CHOICEIN,EQ,N,800.0,485815,803.5,814.6,795.35,803.6,391902102.35,860.5,568.7,67972318131.6,2026-08-19 16:00:25,0,-2.33,-1.09,19-Aug-2025,17-Jul-2026,7.030796048808832,-40.671707402848604,,,CHOICE INTERNATIONAL LIMITED,-0.45
0,RPOWEREQN,-0.78,RPOWER,EQ,N,21.67,17827717,22.4,22.41,21.51,22.45,390783556.64,50.85,20.17,62683349687.98,2026-08-19 16:00:25,0,-52.31,-11.33,19-Aug-2025,17-Jul-2026,57.38446411012783,-7.4367873078829945,,,RELIANCE POWER LIMITED,-3.47
0,KARURVYSYAEQN,-2.65,KARURVYSYA,EQ,N,331.25,1164557,333.35,335.65,329.0,333.9,385934189.8,351.8,201.82,312054757108.24,2026-08-19 16:00:25,0,51.23,6.92,19-Aug-2025,17-Jul-2026,5.84138715179079,-64.1314042215836,,,KARUR VYSYA BANK LIMITED,-0.79
0,NBCCEQN,-0.81,NBCC,EQ,N,87.19,4316941,88.0,88.02,87.0,88.0,377171135.17,125.85,77.18,90026168634.0,2026-08-19 16:00:25,0,-18.19,-10.34,19-Aug-2025,17-Jul-2026,30.719110051648787,-12.969681264576316,,,NBCC (INDIA) LIMITED,-0.92
0,WELENTEQN,1.2,WELENT,EQ,N,577.05,654989,575.85,585.8,565.2,575.85,376998568.62,634.9,412.0,28908359780.11,2026-08-19 16:00:25,0,23.09,-7.86,19-Aug-2025,17-Jul-2026,9.111671129311702,-40.060679611650485,,,WELSPUN ENTERPRISES LIMITED,0.21
0,CRAFTSMANEQN,-107.5,CRAFTSMAN,EQ,N,10783.0,34911,10910.0,10930.0,10612.5,10890.5,375610940.1,10960.0,6324.0,156736959974.18,2026-08-19 16:00:25,0,56.82,18.43,19-Aug-2025,17-Jul-2026,1.614963503649635,-70.50917141049969,,,CRAFTSMAN AUTOMATION LIMITED,-0.99
0,CONCOREQN,-3.9,CONCOR,EQ,N,514.35,724297,518.55,519.65,511.55,518.25,372889824.51,569.8,421.45,177066443036.37,2026-08-19 16:00:25,0,-7.32,5.64,19-Aug-2025,17-Jul-2026,9.731484731484732,-22.042946968798198,,,CONTAINER CORPORATION OF INDIA LIMITED,-0.75
0,DABUREQN,-3.75,DABUR,EQ,N,399.75,927611,403.5,403.5,398.0,403.5,371369063.85,577.0,398.0,235386836005.37,2026-08-19 16:00:25,0,-23.43,-6.43,19-Aug-2025,17-Jul-2026,30.719237435008665,-0.4396984924623116,,,DABUR INDIA LIMITED,-0.93
0,PVRINOXEQN,3.9,PVRINOX,EQ,N,1202.0,307429,1198.1,1221.9,1190.1,1198.1,371109843.06,1249.7,907.4,85498098781.98,2026-08-19 16:00:25,0,9.65,20.29,19-Aug-2025,17-Jul-2026,3.816916059854365,-32.466387480714126,,,PVR INOX LIMITED,0.33
0,CMSINFOEQN,-3.5,CMSINFO,EQ,N,246.0,1477319,248.0,249.0,240.5,249.5,360111279.44,452.3,240.5,36815674201.35,2026-08-19 16:00:25,0,-44.56,-10.76,19-Aug-2025,17-Jul-2026,45.61131992040681,-2.286902286902287,,,CMS INFO SYSTEMS LIMITED,-1.4
0,KIMSEQN,-16.5,KIMS,EQ,N,789.0,451527,803.05,809.0,785.0,805.5,359140060.53,858.0,575.8,203967870206.79,2026-08-19 16:00:25,0,2.58,-1.74,19-Aug-2025,17-Jul-2026,8.041958041958042,-37.026745397707536,,,KRISHNA INSTITUTE OF MEDICAL SCIENCES LIMITED,-2.05
0,ENGINERSINEQN,-8.49,ENGINERSIN,EQ,N,236.29,1464796,244.78,246.9,235.35,244.78,352049070.64,267.0,163.55,64537382846.0,2026-08-19 16:00:25,0,20.57,3.79,19-Aug-2025,17-Jul-2026,11.50187265917603,-44.47569550596148,,,ENGINEERS INDIA LIMITED,-3.47
0,HDBFSEQN,-17.35,HDBFS,EQ,N,680.8,511731,700.0,700.6,680.1,698.15,351369856.53,811.8,555.3,144102447490.43,2026-08-19 16:00:25,0,-14.14,-7.06,19-Aug-2025,17-Jul-2026,16.1369795516137,-22.60039618224383,,,HDB FINANCIAL SERVICES LIMITED,-2.49
0,HONASAEQN,1.5,HONASA,EQ,N,476.1,736456,477.0,479.95,471.05,474.6,350832909.28,509.8,248.4,64657876154.7,2026-08-19 16:00:25,0,66.67,1.96,19-Aug-2025,17-Jul-2026,6.610435464888192,-91.66666666666667,,,HONASA CONSUMER LIMITED,0.32
0,IRCTCEQN,-4.05,IRCTC,EQ,N,489.0,711247,492.0,494.95,488.0,493.05,348425680.36,739.0,485.3,147104500800.0,2026-08-19 16:00:25,0,-32.68,-3.55,19-Aug-2025,17-Jul-2026,33.82949932341001,-0.7624150010302906,,,INDIAN RAILWAY CATERING AND TOURISM CORPORATION LIMITED,-0.82
0,ALKYLAMINEEQN,60.4,ALKYLAMINE,EQ,N,1955.0,174877,1895.0,1990.0,1878.0,1894.6,342430151.24,2201.9,1212.0,26963612656.37,2026-08-19 16:00:25,0,-7.09,7.01,19-Aug-2025,17-Jul-2026,11.213043280802943,-61.303630363036305,,,ALKYL AMINES CHEMICALS LIMITED,3.19
0,HCCEQN,-0.21,HCC,EQ,N,19.83,17175564,20.06,20.24,19.71,20.04,341965479.24,28.5,13.65,43182752362.48,2026-08-19 16:00:25,0,-14.08,-11.35,19-Aug-2025,17-Jul-2026,30.42105263157895,-45.27472527472528,,,HINDUSTAN CONSTRUCTION COMPANY LIMITED,-1.05
0,ATLANTAELEEQN,-52.4,ATLANTAELE,EQ,N,1722.0,193933,1809.2,1809.2,1705.1,1774.4,337728501.51,2152.6,707.6,16847551017.02,2026-08-19 16:00:25,0,0.0,1.4,,17-Jul-2026,20.003716435937935,-143.35782928208027,,,ATLANTA ELECTRICALS LIMITED,-2.95
0,BLSEQN,3.76,BLS,EQ,N,271.5,1243199,269.07,272.57,265.36,267.74,335054562.49,392.85,218.9,32797045184.02,2026-08-19 16:00:25,0,-27.15,15.19,19-Aug-2025,17-Jul-2026,30.889652539137074,-24.02923709456373,,,BLS INTERNATIONAL SERVICES LIMITED,1.4
0,ICICIPRULIEQN,1.3,ICICIPRULI,EQ,N,499.5,664569,499.0,502.2,493.85,498.2,331526891.34,706.8,459.5,197058021801.65,2026-08-19 16:00:25,0,-21.15,0.47,19-Aug-2025,17-Jul-2026,29.32937181663837,-8.705114254624592,,,ICICI PRUDENTIAL LIFE INSURANCE COMPANY LIMITED,0.26
0,STAREQN,5.9,STAR,EQ,N,955.0,346391,949.1,965.0,931.3,949.1,329043738.72,1231.0,768.65,63221889924.46,2026-08-19 16:00:25,0,9.84,-11.15,19-Aug-2025,17-Jul-2026,22.420796100731113,-24.243804072074415,,,STRIDES PHARMA SCIENCE LIMITED,0.62
0,EDELWEISSEQN,1.36,EDELWEISS,EQ,N,122.76,2668421,121.38,124.15,120.27,121.4,326588046.19,133.9,93.5,78679136949.75,2026-08-19 16:00:25,0,24.91,3.29,19-Aug-2025,17-Jul-2026,8.319641523525018,-31.294117647058822,,,EDELWEISS FINANCIAL SERVICES LIMITED,1.12
0,THYROCAREEQN,-28.25,THYROCARE,EQ,N,580.0,544224,620.0,620.0,577.0,608.25,321995571.84,662.0,342.55,35944758299.25,2026-08-19 16:00:25,0,25.56,11.41,19-Aug-2025,17-Jul-2026,12.386706948640484,-69.31834768646912,,,THYROCARE TECHNOLOGIES LIMITED,-4.64
0,SMLMAHEQN,-71.5,SMLMAH,EQ,N,5238.0,60377,5310.0,5389.5,5210.0,5309.5,319156444.62,5987.9,2719.0,29640059005.66,2026-08-19 16:00:25,0,30.85,28.22,19-Aug-2025,17-Jul-2026,12.523589238297232,-92.64435454211107,,,SML MAHINDRA LIMITED,-1.35
0,AARTIPHARMEQN,-39.75,AARTIPHARM,EQ,N,834.8,377267,878.0,878.95,826.55,874.55,318579345.48,946.1,585.0,42805346530.87,2026-08-19 16:00:25,0,-2.09,17.93,19-Aug-2025,17-Jul-2026,11.764084134869464,-42.7008547008547,,,AARTI PHARMALABS LIMITED,-4.55
0,AJANTPHARMEQN,-16.4,AJANTPHARM,EQ,N,3690.0,84540,3706.4,3782.7,3668.0,3706.4,314445684.6,3796.0,2329.9,155012655198.7,2026-08-19 16:00:25,0,36.5,7.91,19-Aug-2025,17-Jul-2026,2.792413066385669,-58.37589596120005,,,AJANTA PHARMA LIMITED,-0.44
0,TATACHEMEQN,-18.55,TATACHEM,EQ,N,634.45,477491,655.0,658.25,633.35,653.0,307351406.88,1026.65,580.3,99007500140.23,2026-08-19 16:00:25,0,-33.05,-9.16,19-Aug-2025,17-Jul-2026,38.2019188623192,-9.331380320523866,,,TATA CHEMICALS LIMITED,-2.84
0,CONCORDBIOEQN,24.3,CONCORDBIO,EQ,N,1590.0,194664,1570.0,1603.8,1548.0,1565.7,305805464.16,1801.9,987.0,52558042665.3,2026-08-19 16:00:25,0,-3.45,18.41,19-Aug-2025,17-Jul-2026,11.759809090404573,-61.09422492401216,,,CONCORD BIOTECH LIMITED,1.55
0,GPILEQN,-9.22,GPIL,EQ,N,246.0,1219967,254.0,254.44,245.54,255.22,304515962.87,320.0,197.1,60245177575.11,2026-08-19 16:00:25,0,13.89,0.68,19-Aug-2025,17-Jul-2026,23.125,-24.809741248097414,,,GODAWARI POWER AND ISPAT LIMITED,-3.61
0,JINDALSAWEQN,-1.0,JINDALSAW,EQ,N,267.65,1115766,269.8,277.6,267.1,268.65,304380964.8,281.0,153.0,62153209240.79,2026-08-19 16:00:25,0,30.03,-0.67,19-Aug-2025,17-Jul-2026,4.750889679715303,-74.93464052287581,,,JINDAL SAW LIMITED,-0.37
0,DYNAMATECHEQN,-20.0,DYNAMATECH,EQ,N,11750.0,25587,12000.0,12213.0,11601.0,11770.0,303015326.85,12875.0,6320.0,45979727919.95,2026-08-19 16:00:25,0,78.53,13.98,19-Aug-2025,17-Jul-2026,8.737864077669903,-85.91772151898734,,,DYNAMATIC TECHNOLOGIES LIMITED,-0.17
0,JAYNECOINDEQN,1.32,JAYNECOIND,EQ,N,91.55,3330445,91.0,92.39,88.87,90.23,301338663.6,117.0,57.12,39868113294.88,2026-08-19 16:00:25,0,44.65,1.41,19-Aug-2025,17-Jul-2026,21.752136752136753,-60.2766106442577,,,JAYASWAL NECO INDUSTRIES LIMITED,1.46
0,SUDARSCHEMEQN,6.4,SUDARSCHEM,EQ,N,1137.0,263281,1137.8,1145.0,1125.0,1130.6,299108278.48,1603.0,726.4,82809640127.07,2026-08-19 16:00:25,0,-22.12,9.57,19-Aug-2025,17-Jul-2026,29.07049282595134,-56.52533039647577,,,SUDARSHAN CHEMICAL INDUSTRIES LIMITED,0.57
0,SONATSOFTWEQN,-2.3,SONATSOFTW,EQ,N,307.15,962529,312.45,321.15,305.1,309.45,298104856.59,421.5,207.15,59485676205.54,2026-08-19 16:00:25,0,-13.7,-0.1,19-Aug-2025,17-Jul-2026,27.129300118623963,-48.274197441467535,,,SONATA SOFTWARE LIMITED,-0.74
0,UTLSOLAREQN,14.1,UTLSOLAR,EQ,N,482.4,620413,472.0,490.0,469.9,468.3,297357746.77,490.0,172.0,17778661447.92,2026-08-19 16:00:25,0,0.0,32.11,,17-Jul-2026,1.5510204081632653,-180.46511627906978,,,FUJIYAMA POWER SYSTEMS LIMITED,3.01
0,HCGEQN,36.55,HCG,EQ,N,750.2,406194,716.05,755.0,709.3,713.65,295989505.86,796.68,513.3,39975460398.81,2026-08-19 16:00:25,0,13.64,14.39,19-Aug-2025,17-Jul-2026,5.83421197971582,-46.152347555036044,,,HEALTHCARE GLOBAL ENTERPRISES LIMITED,5.12
0,PRESTIGEEQN,-8.2,PRESTIGE,EQ,N,1581.8,187224,1595.0,1595.0,1570.0,1590.0,295613590.32,1805.2,1090.0,266077402006.94,2026-08-19 16:00:25,0,-3.34,-6.57,19-Aug-2025,17-Jul-2026,12.375360070906272,-45.11926605504587,,,PRESTIGE ESTATES PROJECTS LIMITED,-0.52
0,LALPATHLABEQN,-16.9,LALPATHLAB,EQ,N,1884.5,156564,1894.0,1903.7,1877.3,1901.4,295376773.68,1988.9,1272.6,146638030824.83,2026-08-19 16:00:25,0,11.3,11.68,19-Aug-2025,17-Jul-2026,5.249132686409573,-48.08266540939808,,,DR. LAL PATH LABS LTD.,-0.89
0,LATENTVIEWEQN,-5.6,LATENTVIEW,EQ,N,276.0,1074963,280.85,281.0,271.4,281.6,295217088.69,517.5,248.0,19911909931.75,2026-08-19 16:00:25,0,-32.33,-9.17,19-Aug-2025,17-Jul-2026,46.666666666666664,-11.290322580645162,,,LATENT VIEW ANALYTICS LIMITED,-1.99
0,MSUMIEQN,-1.02,MSUMI,EQ,N,39.3,7395325,40.28,40.59,39.12,40.32,294703701.25,53.59,35.7,99633025963.32,2026-08-19 16:00:25,0,-6.18,-2.58,19-Aug-2025,17-Jul-2026,26.665422653480128,-10.084033613445378,,,MOTHERSON SUMI WIRING INDIA LIMITED,-2.53
0,GNFCEQN,-7.45,GNFC,EQ,N,602.3,484634,608.95,613.9,598.7,609.75,293135721.24,619.0,365.0,50104291148.33,2026-08-19 16:00:25,0,16.07,19.81,19-Aug-2025,17-Jul-2026,2.6978998384491115,-65.01369863013699,,,GUJARAT NARMADA VALLEY FERTILIZERS AND CHEMICALS LIMITED,-1.22
0,PTCEQN,-3.39,PTC,EQ,N,155.5,1876714,158.89,159.0,155.15,158.89,292598479.74,229.51,149.59,36980118848.89,2026-08-19 16:00:25,0,-19.01,-8.03,19-Aug-2025,17-Jul-2026,32.24696091673565,-3.950798850190521,,,PTC INDIA LIMITED,-2.13
0,DIACABSBEN,-7.95,DIACABS,BE,N,360.0,806819,372.0,374.0,355.0,367.95,291382681.85,379.0,115.57,34384086075.94,2026-08-19 16:00:25,0,137.0,61.89,19-Aug-2025,17-Jul-2026,5.013192612137203,-211.4995240979493,,,DIAMOND POWER INFRASTRUCTURE LIMITED,-2.16
0,KECEQN,-5.6,KEC,EQ,N,423.0,682834,428.6,433.2,422.0,428.6,291269671.04,937.8,422.0,54716080597.2,2026-08-19 16:00:25,0,-48.92,-14.61,19-Aug-2025,17-Jul-2026,54.89443378119002,-0.23696682464454977,,,KEC INTERNATIONAL LIMITED,-1.31
0,TBOTEKEQN,-54.2,TBOTEK,EQ,N,1654.0,170567,1715.0,1732.5,1647.2,1708.2,286980683.17,1764.8,1004.2,56676080860.9,2026-08-19 16:00:25,0,13.66,13.37,19-Aug-2025,17-Jul-2026,6.27833182230281,-64.70822545309699,,,TBO TEK LIMITED,-3.17
0,NATCOPHARMEQN,-13.35,NATCOPHARM,EQ,N,885.0,318070,898.95,916.0,883.0,898.35,285184742.7,1226.8,789.0,79290039093.28,2026-08-19 16:00:25,0,-0.86,-6.35,19-Aug-2025,17-Jul-2026,27.86110205412455,-12.167300380228136,,,NATCO PHARMA LIMITED,-1.49
0,BAJAJHLDNGEQN,126.0,BAJAJHLDNG,EQ,N,11380.0,25169,11264.0,11383.0,11234.0,11254.0,285030870.92,14763.0,8588.0,491345223267.07,2026-08-19 16:00:25,0,-17.45,9.44,19-Aug-2025,17-Jul-2026,22.915396599607124,-32.51047973917094,,,BAJAJ HOLDINGS & INVESTMENT LIMITED,1.12
0,PIRAMALFINEQN,-8.5,PIRAMALFIN,EQ,N,2052.0,137295,2072.9,2088.0,2050.0,2060.5,284454645.75,2220.0,1260.0,246394894330.05,2026-08-19 16:00:25,0,0.0,-4.3,,17-Jul-2026,7.5675675675675675,-62.857142857142854,,,PIRAMAL FINANCE LIMITED,-0.41
0,OLECTRAEQN,-24.1,OLECTRA,EQ,N,1300.0,214310,1334.5,1334.5,1297.0,1324.1,282299847.5,1714.2,866.6,53061708039.18,2026-08-19 16:00:25,0,-13.78,-3.47,19-Aug-2025,17-Jul-2026,24.162874810407185,-50.01153934918071,,,OLECTRA GREENTECH LIMITED,-1.82
0,ARE&MEQN,-6.8,ARE&M,EQ,N,929.0,302381,934.75,942.9,925.8,935.8,281743496.75,1057.85,670.0,113441671248.67,2026-08-19 16:00:25,0,-6.21,2.38,19-Aug-2025,17-Jul-2026,12.180365836366214,-38.656716417910445,,,AMARA RAJA ENERGY & MOBILITY LIMITED,-0.73
0,ANTHEMEQN,-11.85,ANTHEM,EQ,N,879.2,304472,897.0,897.0,879.2,891.05,270097111.2,904.0,579.15,78072344440.53,2026-08-19 16:00:25,0,7.45,13.15,19-Aug-2025,17-Jul-2026,2.743362831858407,-51.808685142018476,,,ANTHEM BIOSCIENCES LIMITED,-1.33
0,BLUEJETEQN,-13.95,BLUEJET,EQ,N,593.3,449751,607.95,611.25,590.9,607.25,268730720.01,792.0,325.0,30157432772.46,2026-08-19 16:00:25,0,-24.09,1.5,19-Aug-2025,17-Jul-2026,25.088383838383837,-82.55384615384615,,,BLUE JET HEALTHCARE LIMITED,-2.3
0,NEWGENEQN,-8.45,NEWGEN,EQ,N,520.0,500666,531.05,538.95,518.7,528.45,264341634.68,1041.95,401.05,33140735167.5,2026-08-19 16:00:25,0,-40.56,-5.03,19-Aug-2025,17-Jul-2026,50.09357454772302,-29.659643435980552,,,NEWGEN SOFTWARE TECHNOLOGIES LIMITED,-1.6
0,IKSEQN,-46.6,IKS,EQ,N,1815.0,144201,1870.0,1876.2,1800.0,1861.6,264014726.88,1933.0,1262.0,92919911163.64,2026-08-19 16:00:25,0,14.45,-4.33,19-Aug-2025,17-Jul-2026,6.104500775995861,-43.81933438985737,,,INVENTURUS KNOWLEDGE SOLUTIONS LIMITED,-2.5
0,AXISCADESEQN,-12.1,AXISCADES,EQ,N,1595.0,166468,1619.0,1619.0,1561.6,1607.1,263433945.32,2211.0,1063.3,28457025073.43,2026-08-19 16:00:25,0,34.33,3.04,19-Aug-2025,17-Jul-2026,27.860696517412936,-50.0047023417662,,,AXISCADES TECHNOLOGIES LIMITED,-0.75
0,GSFCEQN,1.57,GSFC,EQ,N,162.0,1602786,160.5,164.25,159.55,160.43,261093839.4,220.59,138.83,36010898137.82,2026-08-19 16:00:25,0,-23.16,1.79,19-Aug-2025,17-Jul-2026,26.56058751529988,-16.6894763379673,,,GUJARAT STATE FERTILIZERS & CHEMICALS LIMITED,0.98
0,TEGAEQN,-12.0,TEGA,EQ,N,1721.9,152174,1735.4,1747.0,1689.6,1733.9,260906888.22,2125.0,1473.0,28377191100.49,2026-08-19 16:00:25,0,-6.7,6.15,19-Aug-2025,17-Jul-2026,18.96941176470588,-16.897488119484045,,,TEGA INDUSTRIES LIMITED,-0.69
0,ZENSARTECHEQN,-7.15,ZENSARTECH,EQ,N,477.75,539098,485.2,492.9,476.45,484.9,260670055.94,868.95,423.0,54295564808.78,2026-08-19 16:00:25,0,-40.47,-7.8,19-Aug-2025,17-Jul-2026,45.01985154496806,-12.943262411347519,,,ZENSAR TECHNOLOGIES LIMITED,-1.47
0,QPOWEREQN,-29.1,QPOWER,EQ,N,1296.0,198873,1330.0,1330.0,1280.3,1325.1,258741727.92,1441.0,581.0,26185192161.36,2026-08-19 16:00:25,0,64.22,11.44,19-Aug-2025,17-Jul-2026,10.062456627342124,-123.06368330464716,,,QUALITY POWER ELECTRICAL EQUIPMENTS LIMITED,-2.2
0,MINDACORPEQN,-3.25,MINDACORP,EQ,N,742.0,346698,749.0,756.8,735.95,745.25,257419798.02,769.0,468.5,59466291156.04,2026-08-19 16:00:25,0,43.56,9.39,19-Aug-2025,17-Jul-2026,3.5110533159947983,-58.3778014941302,,,MINDA CORPORATION LIMITED,-0.44
0,INOXINDIAEQN,-28.8,INOXINDIA,EQ,N,1929.3,133025,1946.9,1964.2,1879.8,1958.1,255338827.0,2119.8,1065.0,43312588032.94,2026-08-19 16:00:25,0,75.49,-2.57,19-Aug-2025,17-Jul-2026,8.986696858194168,-81.15492957746478,,,INOX INDIA LIMITED,-1.47
0,3MINDIAEQN,-1445.0,3MINDIA,EQ,N,33500.0,7449,35100.0,35100.0,33355.0,34945.0,251587069.89,38030.0,28730.0,94344961250.0,2026-08-19 16:00:25,0,7.51,-3.93,19-Aug-2025,17-Jul-2026,11.911648698396004,-16.602854159415244,,,3M INDIA LIMITED,-4.14
0,KPILEQN,-28.5,KPIL,EQ,N,1375.0,177855,1404.0,1427.9,1372.1,1403.5,249715534.2,1479.6,1007.1,155661737267.19,2026-08-19 16:00:25,0,7.86,4.96,19-Aug-2025,17-Jul-2026,7.069478237361449,-36.53063250918479,,,KALPATARU PROJECTS INTERNATIONAL LIMITED,-2.03
0,SOBHAEQN,-34.4,SOBHA,EQ,N,1273.9,193129,1319.9,1319.9,1268.0,1308.3,248116688.88,1732.0,1130.0,56565244243.99,2026-08-19 16:00:25,0,-14.93,-12.87,19-Aug-2025,17-Jul-2026,26.44919168591224,-12.734513274336283,,,SOBHA LIMITED,-2.63
0,PICCADILEQN,14.15,PICCADIL,EQ,N,707.0,347241,692.8,720.25,685.0,692.85,247065443.91,809.7,515.0,17927116023.54,2026-08-19 16:00:25,0,16.43,-3.09,19-Aug-2025,17-Jul-2026,12.683710016055329,-37.28155339805825,,,PICCADILY AGRO INDUSTRIES LIMITED,2.04
0,BAJAJHFLEQN,0.67,BAJAJHFL,EQ,N,85.03,2898978,84.0,85.16,83.85,84.36,246036262.86,117.98,72.65,93882416162.31,2026-08-19 16:00:25,0,-25.52,-1.52,19-Aug-2025,17-Jul-2026,27.928462451262927,-17.040605643496214,,,BAJAJ HOUSING FINANCE LIMITED,0.79
0,TECHNOEEQN,-6.45,TECHNOE,EQ,N,996.0,244509,1004.7,1013.0,985.45,1002.45,244733948.28,1575.0,870.0,49804727349.57,2026-08-19 16:00:25,0,-31.29,-3.68,19-Aug-2025,17-Jul-2026,36.76190476190476,-14.482758620689655,,,TECHNO ELECTRIC & ENGINEERING COMPANY LIMITED,-0.64
0,GRANULESEQN,-9.2,GRANULES,EQ,N,842.0,287607,853.45,860.4,827.6,851.2,244020159.15,910.0,452.5,121848058434.47,2026-08-19 16:00:25,0,83.82,-4.41,19-Aug-2025,17-Jul-2026,7.472527472527473,-86.07734806629834,,,GRANULES INDIA LIMITED,-1.08
0,BALAMINESEQN,-16.7,BALAMINES,EQ,N,2087.0,114417,2117.0,2130.0,2057.0,2103.7,239708191.68,2443.6,968.1,23039315272.43,2026-08-19 16:00:25,0,35.15,-8.83,19-Aug-2025,17-Jul-2026,14.593223113439189,-115.57690321247804,,,BALAJI AMINES LIMITED,-0.79
0,JYOTHYLABEQN,-3.13,JYOTHYLAB,EQ,N,207.55,1121196,210.68,212.94,207.2,210.68,235417524.12,352.7,188.1,28082239662.6,2026-08-19 16:00:25,0,-38.42,3.62,19-Aug-2025,17-Jul-2026,41.15395520272186,-10.340244550770867,,,JYOTHY LABS LIMITED,-1.49
0,EMCUREEQN,6.5,EMCURE,EQ,N,1881.0,124266,1875.0,1908.9,1866.3,1874.5,235329980.16,2048.0,1260.0,64540516173.62,2026-08-19 16:00:25,0,27.94,5.48,19-Aug-2025,17-Jul-2026,8.154296875,-49.285714285714285,,,EMCURE PHARMACEUTICALS LIMITED,0.35
0,AWLEQN,-1.45,AWL,EQ,N,188.59,1235686,189.7,191.27,186.96,190.04,233569367.72,282.9,171.19,104438116231.92,2026-08-19 16:00:25,0,-27.34,-0.04,19-Aug-2025,17-Jul-2026,33.33686815129021,-10.164145101933524,,,AWL AGRI BUSINESS LIMITED,-0.76
0,MIDHANIEQN,-9.5,MIDHANI,EQ,N,428.0,544058,435.0,437.2,423.5,437.5,232677284.86,456.6,266.65,20846794292.4,2026-08-19 16:00:25,0,7.81,4.9,19-Aug-2025,17-Jul-2026,6.263688129653964,-60.510031876992315,,,MISHRA DHATU NIGAM LIMITED,-2.17
0,SARDAENEQN,-8.15,SARDAEN,EQ,N,510.0,450381,517.0,518.4,508.5,518.15,231383238.75,639.75,453.1,46759003574.82,2026-08-19 16:00:25,0,-13.64,2.1,19-Aug-2025,17-Jul-2026,20.281359906213364,-12.557934230854116,,,SARDA ENERGY & MINERALS LIMITED,-1.57
0,CRISILEQN,54.4,CRISIL,EQ,N,4496.9,51182,4444.9,4549.5,4444.0,4442.5,230642982.06,5451.0,3686.0,109341791729.12,2026-08-19 16:00:25,0,-17.2,5.92,19-Aug-2025,17-Jul-2026,17.503210420106402,-21.999457406402605,,,CRISIL LIMITED,1.22
0,JAINRECEQN,-7.75,JAINREC,EQ,N,288.45,791900,296.35,297.0,287.5,296.2,230498333.0,593.95,247.57,20339108362.86,2026-08-19 16:00:25,0,0.0,-12.27,,17-Jul-2026,51.43530600218874,-16.51250151472311,,,JAIN RESOURCE RECYCLING LIMITED,-2.62
0,BALKRISINDEQN,-10.3,BALKRISIND,EQ,N,2366.4,96953,2380.0,2389.5,2347.2,2376.7,229600216.48,2775.0,1970.0,189586178440.15,2026-08-19 16:00:25,0,-2.44,14.58,19-Aug-2025,17-Jul-2026,14.724324324324325,-20.121827411167512,,,BALKRISHNA INDUSTRIES LIMITED,-0.43
0,LEMONTREEEQN,-1.0,LEMONTREE,EQ,N,108.02,2118870,108.9,109.0,107.4,109.02,229367677.5,180.68,99.61,53500916582.59,2026-08-19 16:00:25,0,-27.41,-3.53,19-Aug-2025,17-Jul-2026,40.2147442993137,-8.442927416926011,,,LEMON TREE HOTELS LIMITED,-0.92
0,ASAHIINDIAEQN,-8.35,ASAHIINDIA,EQ,N,954.45,239354,974.0,974.0,948.1,962.8,229286770.76,1074.0,775.1,115378635643.82,2026-08-19 16:00:25,0,9.41,8.31,19-Aug-2025,17-Jul-2026,11.131284916201118,-23.138949812927365,,,ASAHI INDIA GLASS LIMITED,-0.87
0,JSWCEMENTEQN,-3.31,JSWCEMENT,EQ,N,124.0,1827342,127.2,127.8,122.94,127.31,228381203.16,162.15,106.65,32980703076.16,2026-08-19 16:00:25,0,-20.79,-11.38,19-Aug-2025,17-Jul-2026,23.527597903176073,-16.268166901078292,,,JSW CEMENT LIMITED,-2.6
0,IGILEQN,-11.25,IGIL,EQ,N,338.45,665912,352.0,352.0,337.0,349.7,227628698.96,392.0,287.0,34292577680.82,2026-08-19 16:00:25,0,0.42,-2.28,19-Aug-2025,17-Jul-2026,13.660714285714286,-17.926829268292682,,,INTERNATIONAL GEMOLOGICAL INSTITUTE LIMITED,-3.22
0,CEATLTDEQN,-67.4,CEATLTD,EQ,N,3538.0,63735,3601.0,3607.2,3524.8,3605.4,226894050.6,4438.0,3000.5,73800358692.2,2026-08-19 16:00:25,0,10.16,-0.34,19-Aug-2025,17-Jul-2026,20.279405137449302,-17.913681053157806,,,CEAT LIMITED,-1.87
0,EMILEQN,-0.72,EMIL,EQ,N,190.63,1184214,191.29,194.35,189.16,191.35,226646717.46,196.74,84.9,25543743519.28,2026-08-19 16:00:25,0,47.95,48.04,19-Aug-2025,17-Jul-2026,3.1056216326115686,-124.53474676089517,,,ELECTRONICS MART INDIA LIMITED,-0.38
0,RAMCOCEMEQN,-2.9,RAMCOCEM,EQ,N,906.9,250361,910.1,916.25,892.35,909.8,226231206.82,1214.5,838.3,114314684980.11,2026-08-19 16:00:25,0,-16.53,-1.4,19-Aug-2025,17-Jul-2026,25.327295183202963,-8.183227961350353,,,THE RAMCO CEMENTS LIMITED,-0.32
0,ECLERXEQN,18.8,ECLERX,EQ,N,1824.0,122581,1806.0,1855.2,1791.0,1805.2,224641940.6,2497.5,1320.0,74201077710.7,2026-08-19 16:00:25,0,-9.73,-7.87,19-Aug-2025,17-Jul-2026,26.966966966966968,-38.18181818181818,,,ECLERX SERVICES LIMITED,1.04
0,EMAMILTDEQN,0.05,EMAMILTD,EQ,N,400.15,557886,399.35,407.0,396.5,400.1,224342697.18,634.2,376.4,78616755632.03,2026-08-19 16:00:25,0,-33.55,-2.27,19-Aug-2025,17-Jul-2026,36.904761904761905,-6.309776833156217,,,EMAMI LIMITED,0.01
0,JKTYREEQN,-8.15,JKTYRE,EQ,N,375.0,595197,382.0,382.85,373.0,383.15,224067862.62,611.9,315.15,46775117304.51,2026-08-19 16:00:25,0,13.69,-6.99,19-Aug-2025,17-Jul-2026,38.715476385030236,-18.990956687291767,,,JK TYRE & INDUSTRIES LIMITED,-2.13
0,GRWRHITECHEQN,-51.0,GRWRHITECH,EQ,N,7050.0,31731,7030.0,7127.0,6990.0,7101.0,223621366.71,7990.0,2681.0,61285024860.76,2026-08-19 16:00:25,0,134.34,1.14,19-Aug-2025,17-Jul-2026,11.764705882352942,-162.9615814994405,,,GARWARE HI-TECH FILMS LIMITED,-0.72
0,NAVAEQN,-10.9,NAVA,EQ,N,548.0,399882,559.2,566.95,545.15,558.9,221318691.72,739.4,501.65,75854452524.09,2026-08-19 16:00:25,0,-7.45,-6.61,19-Aug-2025,17-Jul-2026,25.885853394644307,-9.239509618259742,,,NAVA LIMITED,-1.95
0,SAILIFEEQN,-15.1,SAILIFE,EQ,N,1425.0,154803,1440.0,1444.0,1415.0,1440.1,220512229.41,1475.0,783.85,196227040918.05,2026-08-19 16:00:25,0,56.44,12.03,19-Aug-2025,17-Jul-2026,3.389830508474576,-81.79498628564139,,,SAI LIFE SCIENCES LIMITED,-1.05
0,SHARDACROPEQN,0.8,SHARDACROP,EQ,N,771.9,278541,774.85,798.85,761.1,771.1,217983401.19,1297.0,755.55,17534261358.79,2026-08-19 16:00:25,0,-19.29,-14.15,19-Aug-2025,17-Jul-2026,40.48573631457209,-2.1639864999007346,,,SHARDA CROPCHEM LIMITED,0.1
0,IMFAEQN,38.6,IMFA,EQ,N,1457.0,150756,1411.2,1464.8,1401.2,1418.4,217322311.8,1679.9,815.0,21704848111.77,2026-08-19 16:00:25,0,76.19,7.03,19-Aug-2025,17-Jul-2026,13.268646943270433,-78.77300613496932,,,INDIAN METALS & FERRO ALLOYS LIMITED,2.72
0,DCMSHRIRAMEQN,26.6,DCMSHRIRAM,EQ,N,1053.0,205387,1035.0,1063.2,1022.0,1026.4,215888437.31,1414.4,945.1,41615368661.75,2026-08-19 16:00:25,0,-16.75,2.94,19-Aug-2025,17-Jul-2026,25.551470588235293,-11.416781292984869,,,DCM SHRIRAM LIMITED,2.59
0,MASTEKEQN,-0.3,MASTEK,EQ,N,1717.2,125305,1717.0,1731.1,1686.5,1717.5,213883104.5,2625.0,1334.2,27258845583.14,2026-08-19 16:00:25,0,-32.36,-3.13,19-Aug-2025,17-Jul-2026,34.582857142857144,-28.70634087842902,,,MASTEK LIMITED,-0.02
0,SHRIPISTONEQN,-48.4,SHRIPISTON,EQ,N,4460.7,47533,4521.0,4521.0,4411.4,4509.1,212097949.96,4589.0,2452.0,68498852652.35,2026-08-19 16:00:25,0,71.42,6.97,19-Aug-2025,17-Jul-2026,2.795816081935062,-81.92088091353996,,,SPR AUTO TECHNOLOGIES LIMITED,-1.07
0,LTFOODSEQN,0.9,LTFOODS,EQ,N,427.2,494011,424.65,431.55,421.7,426.3,211441648.11,480.0,333.15,58620437869.11,2026-08-19 16:00:25,0,-6.0,11.56,19-Aug-2025,17-Jul-2026,11.0,-28.230526789734355,,,LT FOODS LIMITED,0.21
0,ATULEQN,-8.5,ATUL,EQ,N,6600.0,32042,6639.5,6668.0,6522.0,6608.5,211397735.84,7180.0,5560.5,104778848665.26,2026-08-19 16:00:25,0,2.8,7.33,19-Aug-2025,17-Jul-2026,8.07799442896936,-18.694362017804153,,,ATUL LIMITED,-0.13
0,KIRLOSBROSEQN,41.0,KIRLOSBROS,EQ,N,1951.0,108067,1910.0,1976.7,1910.0,1910.0,211197499.44,2189.2,1335.0,49248290760.13,2026-08-19 16:00:25,0,0.22,4.43,19-Aug-2025,17-Jul-2026,10.880687008953043,-46.142322097378276,,,KIRLOSKAR BROTHERS LIMITED,2.15
0,CAMPUSEQN,6.87,CAMPUS,EQ,N,223.5,955590,216.63,225.0,215.8,216.63,210621591.9,297.0,215.2,19056813399.22,2026-08-19 16:00:25,0,-17.04,-5.28,19-Aug-2025,17-Jul-2026,24.747474747474747,-3.856877323420074,,,CAMPUS ACTIVEWEAR LIMITED,3.17
0,V2RETAILEQN,0.52,V2RETAIL,EQ,N,220.1,952411,219.1,223.25,218.81,219.58,210578072.1,259.25,158.56,38418653370.04,2026-08-19 16:00:25,0,21.25,-0.47,19-Aug-2025,17-Jul-2026,15.101253616200578,-38.81180625630676,,,V2 RETAIL LIMITED,0.24
0,AETHEREQN,-1.6,AETHER,EQ,N,1632.0,128284,1633.7,1648.4,1620.3,1633.6,210045807.4,1692.0,726.45,54241771615.65,2026-08-19 16:00:25,0,113.18,10.62,19-Aug-2025,17-Jul-2026,3.5460992907801416,-124.65413999587032,,,AETHER INDUSTRIES LIMITED,-0.1
0,PRICOLLTDEQN,7.95,PRICOLLTD,EQ,N,808.0,261488,799.95,808.45,794.0,800.05,209904262.24,813.05,432.35,59391075480.58,2026-08-19 16:00:25,0,79.0,31.32,19-Aug-2025,17-Jul-2026,0.6211180124223602,-86.88562507227941,,,PRICOL LIMITED,0.99
0,JMFINANCILEQN,1.09,JMFINANCIL,EQ,N,126.49,1652727,125.2,128.0,125.1,125.4,208822056.45,199.8,112.0,48585872395.29,2026-08-19 16:00:25,0,-32.85,1.8,19-Aug-2025,17-Jul-2026,36.691691691691695,-12.9375,,,JM FINANCIAL LIMITED,0.87
0,J&KBANKEQN,-0.34,J&KBANK,EQ,N,149.9,1386238,151.37,152.17,148.55,150.24,207464379.08,201.75,97.35,66664555272.88,2026-08-19 16:00:25,0,42.64,-17.95,19-Aug-2025,17-Jul-2026,25.700123915737297,-53.98048279404212,,,THE JAMMU & KASHMIR BANK LIMITED,-0.23
0,WHIRLPOOLEQN,-17.2,WHIRLPOOL,EQ,N,751.8,271774,771.0,773.85,751.0,769.0,205963925.9,1437.0,751.0,57137205830.83,2026-08-19 16:00:25,0,-41.5,-2.59,19-Aug-2025,17-Jul-2026,47.68267223382046,-0.10652463382157124,,,WHIRLPOOL OF INDIA LIMITED,-2.24
0,SENCOEQN,-3.75,SENCO,EQ,N,333.0,618055,335.0,338.35,329.05,336.75,205929745.45,430.0,276.0,19361415902.17,2026-08-19 16:00:25,0,-11.41,-8.65,19-Aug-2025,17-Jul-2026,22.558139534883722,-20.652173913043477,,,SENCO GOLD LIMITED,-1.11
0,KSCLEQN,-4.85,KSCL,EQ,N,767.9,265792,763.05,779.8,760.65,772.75,205465189.76,1225.0,705.1,15282495227.9,2026-08-19 16:00:25,0,-28.21,-8.95,19-Aug-2025,17-Jul-2026,37.31428571428572,-8.906538079705006,,,KAVERI SEED COMPANY LIMITED,-0.63
0,GICREEQN,-0.35,GICRE,EQ,N,359.55,569396,359.9,363.1,358.4,359.9,205233094.24,417.95,346.7,142408170835.2,2026-08-19 16:00:25,0,-7.8,-0.68,19-Aug-2025,17-Jul-2026,13.972963273118793,-3.7063743870781654,,,GENERAL INSURANCE CORPORATION OF INDIA,-0.1
0,WEBELSOLAREQN,-4.23,WEBELSOLAR,EQ,N,82.7,2436130,86.93,87.12,82.59,86.93,204245139.2,141.5,50.4,25233935023.54,2026-08-19 16:00:25,0,-37.02,-20.7,19-Aug-2025,17-Jul-2026,41.5547703180212,-64.08730158730158,,,WEBSOL ENERGY SYSTEM LIMITED,-4.87
0,GOKULAGROEQN,7.58,GOKULAGRO,EQ,N,244.5,844481,236.94,245.49,235.0,236.92,203511476.19,249.92,149.03,18578579375.77,2026-08-19 16:00:25,0,55.31,15.47,19-Aug-2025,17-Jul-2026,2.168693982074264,-64.06092733006777,,,GOKUL AGRO RESOURCES LIMITED,3.2
0,DEEPAKFERTEQN,-2.0,DEEPAKFERT,EQ,N,1470.0,138269,1472.1,1483.0,1453.0,1472.0,202980274.69,1681.0,866.4,98242217822.27,2026-08-19 16:00:25,0,-0.37,-7.78,19-Aug-2025,17-Jul-2026,12.55205234979179,-69.66759002770083,,,DEEPAK FERTILIZERS AND PETROCHEMICALS CORPORATION LIMITED,-0.14
0,POONAWALLAEQN,-4.8,POONAWALLA,EQ,N,493.1,408949,497.9,500.0,491.2,497.9,202589245.11,570.4,361.2,174960004694.01,2026-08-19 16:00:25,0,4.97,3.31,19-Aug-2025,17-Jul-2026,13.551893408134642,-36.5171650055371,,,POONAWALLA FINCORP LIMITED,-0.96
0,INDIAGLYCOEQN,-36.2,INDIAGLYCO,EQ,N,1103.0,182200,1144.7,1145.0,1095.2,1139.2,202464284.0,1222.0,792.5,24672241594.47,2026-08-19 16:00:25,0,28.39,-4.86,19-Aug-2025,17-Jul-2026,9.738134206219312,-39.17981072555205,,,INDIA GLYCOLS LIMITED,-3.18
0,BSOFTEQN,0.7,BSOFT,EQ,N,306.25,657008,307.4,311.8,305.05,305.55,202299333.28,474.0,270.2,50671796817.02,2026-08-19 16:00:25,0,-17.71,6.32,19-Aug-2025,17-Jul-2026,35.39029535864979,-13.341968911917098,,,BIRLASOFT LIMITED,0.23
0,JSFBEQN,-2.3,JSFB,EQ,N,572.7,353564,577.7,577.7,565.6,575.0,201994648.84,593.0,330.0,34900341637.38,2026-08-19 16:00:25,0,21.22,16.17,19-Aug-2025,17-Jul-2026,3.4232715008431702,-73.54545454545455,,,JANA SMALL FINANCE BANK LIMITED,-0.4
0,TANLAEQN,-5.5,TANLA,EQ,N,571.25,347360,578.0,586.15,570.0,576.75,200378089.6,766.0,365.9,38823000959.83,2026-08-19 16:00:25,0,-9.51,-2.28,19-Aug-2025,17-Jul-2026,25.424281984334204,-56.121891227111234,,,TANLA PLATFORMS LIMITED,-0.95
0,SOUTHBANKEQN,0.0,SOUTHBANK,EQ,N,45.09,4428294,45.09,45.45,44.81,45.09,199583210.58,49.9,28.11,117336011682.32,2026-08-19 16:00:25,0,51.21,1.1,19-Aug-2025,17-Jul-2026,9.639278557114228,-60.40554962646745,,,THE SOUTH INDIAN BANK LIMITED,0.0
0,TARILEQN,-6.3,TARIL,EQ,N,291.2,680935,297.0,298.4,290.0,297.5,199350530.6,552.0,224.05,31112019640.7,2026-08-19 16:00:25,0,-41.99,-12.42,19-Aug-2025,17-Jul-2026,47.2463768115942,-29.970988618611916,,,TRANSFORMERS AND RECTIFIERS (INDIA) LIMITED,-2.12
0,ABBOTINDIAEQN,-225.0,ABBOTINDIA,EQ,N,26355.0,7485,26580.0,26605.0,26300.0,26580.0,197818669.8,33495.0,25150.0,136931799357.89,2026-08-19 16:00:25,0,-20.29,-6.06,19-Aug-2025,17-Jul-2026,21.316614420062695,-4.791252485089463,,,ABBOTT INDIA LIMITED,-0.85
0,BBOXEQN,-13.6,BBOX,EQ,N,763.8,256114,781.25,793.95,761.1,777.4,197676468.62,1103.0,435.05,32507231368.76,2026-08-19 16:00:25,0,54.93,-7.47,19-Aug-2025,17-Jul-2026,30.752493200362647,-75.56602689346052,,,BLACK BOX LIMITED,-1.75
0,CAPLIPOINTEQN,45.3,CAPLIPOINT,EQ,N,2575.0,77302,2530.0,2589.0,2516.3,2529.7,197244556.22,2699.0,1500.3,51198496866.82,2026-08-19 16:00:25,0,20.54,-1.5,19-Aug-2025,17-Jul-2026,4.594294183030752,-71.63234019862693,,,CAPLIN POINT LABORATORIES LIMITED,1.79
0,GMRP&UIEQN,2.69,GMRP&UI,EQ,N,98.99,2022909,96.0,99.8,95.1,96.3,196181714.82,136.95,89.0,28729637628.58,2026-08-19 16:00:25,0,-15.84,1.83,19-Aug-2025,17-Jul-2026,27.718145308506756,-11.224719101123595,,,GMR POWER AND URBAN INFRA LIMITED,2.79
0,JSLLEQN,-13.6,JSLL,EQ,N,494.35,386195,511.0,511.05,494.35,507.95,194012782.15,849.5,492.0,22354560573.24,2026-08-19 16:00:25,0,-27.96,-12.6,19-Aug-2025,17-Jul-2026,41.80694526191878,-0.47764227642276424,,,JEENA SIKHO LIFECARE LIMITED,-2.68
0,JWLEQN,-2.2,JWL,EQ,N,248.5,778096,249.7,252.95,246.6,250.7,193574722.88,372.85,235.65,33656436771.07,2026-08-19 16:00:25,0,-24.82,-2.28,19-Aug-2025,17-Jul-2026,33.35121362478208,-5.453002333969871,,,JUPITER WAGONS LIMITED,-0.88
0,DEVYANIEQN,0.91,DEVYANI,EQ,N,143.0,1339201,141.1,143.7,140.96,142.09,191398606.92,191.0,91.55,60721474665.31,2026-08-19 16:00:25,0,-14.42,27.68,19-Aug-2025,17-Jul-2026,25.130890052356023,-56.19879847078099,,,DEVYANI INTERNATIONAL LIMITED,0.64
0,MOILEQN,-4.8,MOIL,EQ,N,252.45,753309,257.95,257.95,252.0,257.25,191332952.91,404.9,242.35,18108074614.09,2026-08-19 16:00:25,0,-23.65,-6.41,19-Aug-2025,17-Jul-2026,37.65127191899234,-4.1675263049308855,,,MOIL LIMITED,-1.87
0,SWANCORPEQN,-1.75,SWANCORP,EQ,N,302.8,628582,304.0,305.5,300.4,304.55,190850066.84,506.0,295.65,42125346906.0,2026-08-19 16:00:25,0,-30.56,-2.5,19-Aug-2025,17-Jul-2026,40.15810276679842,-2.4184001352951126,,,SWAN CORP LIMITED,-0.57
0,RTNPOWEREQN,-0.28,RTNPOWER,EQ,N,7.84,24105901,8.1,8.11,7.79,8.12,190436617.9,12.9,7.52,20982189314.39,2026-08-19 16:00:25,0,-38.07,-9.99,19-Aug-2025,17-Jul-2026,39.224806201550386,-4.25531914893617,,,RATTANINDIA POWER LIMITED,-3.45
0,LLOYDSENTEQN,-0.43,LLOYDSENT,EQ,N,78.6,2417152,79.41,79.94,77.75,79.03,189770603.52,84.7,40.69,43485407863.14,2026-08-19 16:00:25,0,3.37,0.9,19-Aug-2025,17-Jul-2026,7.201889020070838,-93.16785450970754,,,LLOYDS ENTERPRISES LIMITED,-0.54
0,TITAGARHEQN,-11.4,TITAGARH,EQ,N,830.0,224196,841.0,847.2,826.15,841.4,187889699.76,971.0,568.7,66300954522.22,2026-08-19 16:00:25,0,0.17,-3.47,19-Aug-2025,17-Jul-2026,14.521112255406797,-45.946896430455425,,,TITAGARH RAIL SYSTEMS LIMITED,-1.35
0,INTELLECTEQN,-17.45,INTELLECT,EQ,N,678.5,272420,696.0,699.1,677.0,695.95,186852878.0,1244.6,595.2,61103560993.76,2026-08-19 16:00:25,0,-25.15,-10.72,19-Aug-2025,17-Jul-2026,45.48449300980235,-13.995295698924732,,,INTELLECT DESIGN ARENA LIMITED,-2.51
0,BORORENEWEQN,-11.65,BORORENEW,EQ,N,552.0,336191,561.55,565.3,546.6,563.65,186367480.85,721.0,374.4,26282815231.03,2026-08-19 16:00:25,0,-4.17,-8.69,19-Aug-2025,17-Jul-2026,23.439667128987516,-47.43589743589744,,,BOROSIL RENEWABLES LIMITED,-2.07
0,BERGEPAINTEQN,-10.2,BERGEPAINT,EQ,N,531.0,344433,538.0,544.5,531.0,541.2,185260177.71,594.55,391.1,150943205655.39,2026-08-19 16:00:25,0,-2.94,7.56,19-Aug-2025,17-Jul-2026,10.688756202169708,-35.770902582459726,,,BERGER PAINTS (I) LIMITED,-1.88
0,LUMAXTECHEQN,-34.6,LUMAXTECH,EQ,N,1980.1,91754,2010.0,2038.0,1969.6,2014.7,183619939.88,2110.0,1024.6,59372274481.86,2026-08-19 16:00:25,0,74.57,39.48,19-Aug-2025,17-Jul-2026,6.156398104265403,-93.25590474331446,,,LUMAX AUTO TECHNOLOGIES LIMITED,-1.72
0,NETWORK18EQN,-0.54,NETWORK18,EQ,N,27.97,6499973,28.45,28.6,27.81,28.51,182909240.22,58.55,27.38,18244268400.63,2026-08-19 16:00:25,0,-51.69,-6.77,19-Aug-2025,17-Jul-2026,52.228864218616565,-2.1548575602629656,,,NETWORK18 MEDIA & INVESTMENTS LIMITED,-1.89
0,POLYMEDEQN,-15.7,POLYMED,EQ,N,1769.0,100462,1785.1,1814.9,1755.2,1784.7,179466321.42,2144.9,1182.0,67379388835.18,2026-08-19 16:00:25,0,-6.91,5.27,19-Aug-2025,17-Jul-2026,17.52529255443144,-49.66159052453469,,,POLY MEDICURE LIMITED,-0.88
0,AVANTIFEEDEQN,-5.15,AVANTIFEED,EQ,N,861.0,208261,862.0,878.4,852.0,866.15,179402273.23,1593.8,614.25,34109732735.0,2026-08-19 16:00:25,0,31.54,-15.99,19-Aug-2025,17-Jul-2026,45.9781653908897,-40.17094017094017,,,AVANTI FEEDS LIMITED,-0.59
0,CARBORUNIVEQN,-41.0,CARBORUNIV,EQ,N,1085.0,162917,1125.9,1129.8,1084.4,1126.0,178990391.22,1306.9,735.2,124968016748.52,2026-08-19 16:00:25,0,24.71,2.38,19-Aug-2025,17-Jul-2026,16.97911087305838,-47.578890097932536,,,CARBORUNDUM UNIVERSAL LIMITED,-3.64
0,MANYAVAREQN,7.1,MANYAVAR,EQ,N,544.0,332251,536.0,545.45,530.8,536.9,178834100.75,796.55,329.2,33121177095.2,2026-08-19 16:00:25,0,-28.77,36.27,19-Aug-2025,17-Jul-2026,31.705479881991085,-65.2490886998785,,,VEDANT FASHIONS LIMITED,1.32
0,RATEGAINEQN,-5.4,RATEGAIN,EQ,N,930.55,191450,937.65,942.9,920.0,935.95,178126994.5,1050.0,437.0,56389692338.77,2026-08-19 16:00:25,0,89.46,-2.12,19-Aug-2025,17-Jul-2026,11.376190476190477,-112.94050343249428,,,RATEGAIN TRAVEL TECHNOLOGIES LIMITED,-0.58
0,IDBIEQN,-0.48,IDBI,EQ,N,80.63,2162834,81.09,81.69,80.5,81.11,175557235.78,118.38,61.01,45081374777.07,2026-08-19 16:00:25,0,-9.96,-7.34,19-Aug-2025,17-Jul-2026,31.888832573069774,-32.15866251434191,,,IDBI BANK LIMITED,-0.59
0,SKFINDIAEQN,12.5,SKFINDIA,EQ,N,1633.9,106088,1621.4,1670.0,1621.0,1621.4,174975181.92,5074.0,1404.0,37840162481.22,2026-08-19 16:00:25,0,-64.09,11.0,19-Aug-2025,17-Jul-2026,67.7985810011825,-16.374643874643876,,,SKF INDIA LIMITED,0.77
0,SUNDARMFINEQN,-150.6,SUNDARMFIN,EQ,N,4469.0,38437,4625.4,4628.9,4466.0,4619.6,173538058.19,5642.0,4000.0,306913868827.06,2026-08-19 16:00:25,0,-9.46,0.86,19-Aug-2025,17-Jul-2026,20.790499822757887,-11.725,,,SUNDARAM FINANCE LIMITED,-3.26
0,AFFLEEQN,-34.0,AFFLE,EQ,N,1677.3,100667,1713.5,1718.9,1676.3,1711.3,171107726.58,2185.9,1251.3,105955098073.21,2026-08-19 16:00:25,0,-14.35,9.45,19-Aug-2025,17-Jul-2026,23.2673040852738,-34.04459362263246,,,AFFLE 3I LIMITED,-1.99
0,INDGNEQN,-1.2,INDGN,EQ,N,566.5,302162,567.65,574.0,560.4,567.7,170939086.64,596.8,414.0,58419669187.25,2026-08-19 16:00:25,0,-3.91,10.88,19-Aug-2025,17-Jul-2026,5.077077747989276,-36.83574879227053,,,INDEGENE LIMITED,-0.21
0,SCHAEFFLEREQN,37.6,SCHAEFFLER,EQ,N,4110.9,41516,4080.0,4138.1,4069.1,4073.3,170437295.44,4467.7,3518.4,165005878249.61,2026-08-19 16:00:25,0,4.36,-0.85,19-Aug-2025,17-Jul-2026,7.986212144951541,-16.840040927694407,,,SCHAEFFLER INDIA LIMITED,0.92
0,GABRIELEQN,-26.8,GABRIEL,EQ,N,1440.8,116822,1469.0,1474.9,1433.2,1467.6,168981854.78,1600.0,795.7,91047905731.82,2026-08-19 16:00:25,0,22.63,7.8,19-Aug-2025,17-Jul-2026,9.95,-81.073268819907,,,GABRIEL INDIA LIMITED,-1.83
0,ACCEQN,-14.9,ACC,EQ,N,1288.9,129546,1310.3,1310.3,1286.0,1303.8,167342340.96,1987.0,1251.7,77075868360.72,2026-08-19 16:00:25,0,-30.69,-6.45,19-Aug-2025,17-Jul-2026,35.13336688475088,-2.97195813693377,,,ACC LIMITED,-1.14
0,ELLENEQN,6.25,ELLEN,EQ,N,331.0,509281,325.7,332.6,317.7,324.75,165445025.66,559.8,175.0,10193282414.39,2026-08-19 16:00:25,0,-35.47,15.23,19-Aug-2025,17-Jul-2026,40.871739907109685,-89.14285714285714,,,ELLENBARRIE INDUSTRIAL GASES LIMITED,1.92
0,NTPCGREENEQN,-0.57,NTPCGREEN,EQ,N,91.6,1795920,92.0,92.62,91.5,92.17,165296476.8,119.95,84.0,84851983674.4,2026-08-19 16:00:25,0,-11.11,-0.4,19-Aug-2025,17-Jul-2026,23.6348478532722,-9.047619047619047,,,NTPC GREEN ENERGY LIMITED,-0.62
0,TIMKENEQN,-69.6,TIMKEN,EQ,N,3229.9,50571,3322.8,3324.0,3201.0,3299.5,164384069.76,3925.0,2800.5,115617480247.78,2026-08-19 16:00:25,0,9.88,2.79,19-Aug-2025,17-Jul-2026,17.709554140127388,-15.332976254240315,,,TIMKEN INDIA LIMITED,-2.11
0,TRANSRAILLEQN,-1.0,TRANSRAILL,EQ,N,458.0,356163,458.0,462.6,452.2,459.0,162802107.3,823.0,450.05,17622391333.55,2026-08-19 16:00:25,0,-41.69,-8.64,19-Aug-2025,17-Jul-2026,44.349939246658565,-1.7664703921786469,,,TRANSRAIL LIGHTING LIMITED,-0.22
0,PRIVISCLEQN,13.4,PRIVISCL,EQ,N,3468.0,47062,3410.0,3485.9,3410.0,3454.6,162724865.54,3785.3,2193.9,46201860836.35,2026-08-19 16:00:25,0,43.37,-5.67,19-Aug-2025,17-Jul-2026,8.382426756135578,-58.074661561602625,,,PRIVI SPECIALITY CHEMICALS LIMITED,0.39
0,ESCORTSEQN,-2.1,ESCORTS,EQ,N,3060.0,52749,3062.1,3081.0,3042.2,3062.1,161160854.76,4180.0,2700.0,101373079552.82,2026-08-19 16:00:25,0,-15.0,4.19,19-Aug-2025,17-Jul-2026,26.794258373205743,-13.333333333333334,,,ESCORTS KUBOTA LIMITED,-0.07
0,WAKEFITEQN,1.58,WAKEFIT,EQ,N,133.1,1215647,130.0,134.38,128.5,131.52,160526186.35,224.0,111.4,13134641762.3,2026-08-19 16:00:25,0,0.0,2.31,,17-Jul-2026,40.580357142857146,-19.47935368043088,,,WAKEFIT INNOVATIONS LIMITED,1.2
0,FIEMINDEQN,10.9,FIEMIND,EQ,N,2230.0,71605,2220.0,2262.0,2205.2,2219.1,160072977.5,2674.8,1861.0,26691567586.86,2026-08-19 16:00:25,0,6.6,-1.86,19-Aug-2025,17-Jul-2026,16.629280693883654,-19.82804943578721,,,FIEM INDUSTRIES LIMITED,0.49
0,AURIONPROEQN,-28.55,AURIONPRO,EQ,N,684.0,227818,712.9,719.55,681.0,712.55,159160489.34,1480.9,681.0,22144569163.39,2026-08-19 16:00:25,0,-51.13,-19.29,19-Aug-2025,17-Jul-2026,53.811871159430076,-0.44052863436123346,,,AURIONPRO SOLUTIONS LIMITED,-4.01
0,CHAMBLFERTEQN,1.6,CHAMBLFERT,EQ,N,436.0,362458,433.3,437.7,432.2,434.4,157676479.16,580.7,399.75,64678122443.22,2026-08-19 16:00:25,0,-20.71,-4.03,19-Aug-2025,17-Jul-2026,24.918202169795077,-9.06816760475297,,,CHAMBAL FERTILIZERS & CHEMICALS LIMITED,0.37
0,ASKAUTOLTDEQN,8.75,ASKAUTOLTD,EQ,N,647.0,243997,642.2,651.5,640.55,638.25,157561062.75,687.7,375.3,31951591181.1,2026-08-19 16:00:25,0,25.21,34.2,19-Aug-2025,17-Jul-2026,5.918278319034463,-72.39541699973354,,,ASK AUTOMOTIVE LIMITED,1.37
0,HEXTEQN,-4.1,HEXT,EQ,N,548.65,280030,556.65,578.0,547.2,552.75,156875606.3,829.4,400.2,81163150108.33,2026-08-19 16:00:25,0,-26.9,-3.78,19-Aug-2025,17-Jul-2026,33.84977091873644,-37.093953023488254,,,HEXAWARE TECHNOLOGIES LIMITED,-0.74
0,EMBDLEQN,-0.74,EMBDL,EQ,N,62.3,2529169,62.5,62.81,61.01,63.04,156403810.96,105.7,39.46,33509597656.99,2026-08-19 16:00:25,0,-38.51,-1.17,19-Aug-2025,17-Jul-2026,41.05960264900662,-57.88139888494678,,,EMBASSY DEVELOPMENTS LIMITED,-1.17
0,INDIAMARTEQN,-20.2,INDIAMART,EQ,N,1732.9,87736,1753.0,1759.9,1730.0,1753.1,152472007.6,2685.0,1730.0,52960544605.19,2026-08-19 16:00:25,0,-33.08,-9.28,19-Aug-2025,17-Jul-2026,35.45996275605214,-0.1676300578034682,,,INDIAMART INTERMESH LIMITED,-1.15
0,UBLEQN,4.5,UBL,EQ,N,1360.0,110559,1357.9,1372.3,1346.7,1355.5,150031879.77,1935.6,1276.0,97946835663.09,2026-08-19 16:00:25,0,-29.4,1.52,19-Aug-2025,17-Jul-2026,29.73754908038851,-6.58307210031348,,,UNITED BREWERIES LIMITED,0.33
0,AIAENGEQN,-62.6,AIAENG,EQ,N,4385.0,34136,4412.5,4447.6,4368.0,4447.6,149965933.84,5180.0,3001.1,169785656642.55,2026-08-19 16:00:25,0,40.21,-5.65,19-Aug-2025,17-Jul-2026,15.347490347490348,-46.113091866315685,,,AIA ENGINEERING LIMITED,-1.41
0,GHCLEQN,0.35,GHCL,EQ,N,439.9,334558,439.85,454.0,437.1,439.55,149420293.96,667.2,416.6,31614526829.69,2026-08-19 16:00:25,0,-24.29,1.42,19-Aug-2025,17-Jul-2026,34.06774580335731,-5.592894863178109,,,GHCL LIMITED,0.08
0,PNGJLEQN,-4.85,PNGJL,EQ,N,603.0,243991,612.0,612.35,602.15,607.85,147668233.02,736.4,503.0,14988990803.16,2026-08-19 16:00:25,0,4.98,1.9,19-Aug-2025,17-Jul-2026,18.115154807170015,-19.880715705765407,,,P N GADGIL JEWELLERS LIMITED,-0.8
0,GOKEXEQN,-16.15,GOKEX,EQ,N,796.25,184078,813.5,813.55,796.0,812.4,147319464.18,954.9,531.0,51694412844.65,2026-08-19 16:00:25,0,7.05,-3.81,19-Aug-2025,17-Jul-2026,16.61430516284428,-49.95291902071563,,,GOKALDAS EXPORTS LIMITED,-1.99
0,CHOLAHLDNGEQN,-6.3,CHOLAHLDNG,EQ,N,1557.0,94359,1563.3,1579.9,1548.4,1563.3,146909414.28,2064.0,1305.0,153972893130.0,2026-08-19 16:00:25,0,-15.76,-1.05,19-Aug-2025,17-Jul-2026,24.563953488372093,-19.310344827586206,,,CHOLAMANDALAM FINANCIAL HOLDINGS LIMITED,-0.4
0,PGILEQN,64.2,PGIL,EQ,N,2425.0,61775,2354.0,2435.7,2326.5,2360.8,146904656.5,2539.6,1178.1,42358341768.8,2026-08-19 16:00:25,0,78.66,18.8,19-Aug-2025,17-Jul-2026,4.512521656953851,-105.83991172226466,,,PEARL GLOBAL INDUSTRIES LIMITED,2.72
0,OSWALPUMPSEQN,-6.25,OSWALPUMPS,EQ,N,291.7,499585,297.95,298.7,291.2,297.95,146633193.35,888.4,283.1,8089999426.22,2026-08-19 16:00:25,0,-65.51,-26.86,19-Aug-2025,17-Jul-2026,67.16569113012157,-3.037795831861533,,,OSWAL PUMPS LIMITED,-2.1
0,SYNGENEEQN,-6.2,SYNGENE,EQ,N,397.9,366481,403.5,404.8,395.0,404.1,146240578.24,684.6,375.25,75436606783.74,2026-08-19 16:00:25,0,-41.75,-4.68,19-Aug-2025,17-Jul-2026,41.87846917908268,-6.03597601598934,,,SYNGENE INTERNATIONAL LIMITED,-1.53
0,VARROCEQN,-15.9,VARROC,EQ,N,828.0,174635,851.4,852.4,823.55,843.9,146094401.95,874.85,462.0,31621471500.15,2026-08-19 16:00:25,0,52.16,27.74,19-Aug-2025,17-Jul-2026,5.355203749214151,-79.22077922077922,,,VARROC ENGINEERING LIMITED,-1.88
0,SIGNATUREEQN,-15.85,SIGNATURE,EQ,N,785.1,182535,809.0,812.0,781.0,800.95,145199291.1,1158.0,705.2,30711345155.45,2026-08-19 16:00:25,0,-28.81,-3.04,19-Aug-2025,17-Jul-2026,32.2020725388601,-11.33011911514464,,,SIGNATUREGLOBAL (INDIA) LIMITED,-1.98
0,TMBEQN,-5.1,TMB,EQ,N,842.0,172377,847.15,847.55,823.6,847.1,144329538.33,917.0,411.8,98620291104.07,2026-08-19 16:00:25,0,96.32,5.6,19-Aug-2025,17-Jul-2026,8.178844056706652,-104.46818844099077,,,TAMILNAD MERCANTILE BANK LIMITED,-0.6
0,ABFRLEQN,-0.61,ABFRL,EQ,N,54.36,2601608,55.0,55.17,54.1,54.97,142281941.52,94.95,53.51,31905243361.59,2026-08-19 16:00:25,0,-29.57,-6.03,19-Aug-2025,17-Jul-2026,42.74881516587678,-1.5884881330592413,,,ADITYA BIRLA FASHION AND RETAIL LIMITED,-1.11
0,AGARWALEYEEQN,-4.6,AGARWALEYE,EQ,N,498.0,282306,502.0,504.45,498.0,502.6,141706319.76,568.0,401.0,38582479583.57,2026-08-19 16:00:25,0,10.3,2.49,19-Aug-2025,17-Jul-2026,12.32394366197183,-24.189526184538654,,,DR. AGARWAL'S HEALTH CARE LIMITED,-0.92
0,RCFEQN,-2.58,RCF,EQ,N,118.61,1170334,121.4,122.63,118.25,121.19,140955026.96,164.49,106.0,16331055766.17,2026-08-19 16:00:25,0,-20.57,-7.21,19-Aug-2025,17-Jul-2026,27.892273086509817,-11.89622641509434,,,RASHTRIYA CHEMICALS AND FERTILIZERS LIMITED,-2.13
0,KSBEQN,11.25,KSB,EQ,N,805.75,174711,791.0,813.75,788.0,794.5,139953993.66,1028.3,666.65,42104548247.78,2026-08-19 16:00:25,0,-0.11,-10.83,19-Aug-2025,17-Jul-2026,21.642516775260138,-20.865521638040953,,,KSB LIMITED,1.42
0,KPRMILLEQN,5.4,KPRMILL,EQ,N,1128.9,122435,1124.6,1137.0,1113.9,1123.5,138045462.5,1334.0,796.1,125211425596.8,2026-08-19 16:00:25,0,13.14,-1.0,19-Aug-2025,17-Jul-2026,15.37481259370315,-41.80379349327974,,,K.P.R. MILL LIMITED,0.48
0,IRCONEQN,-1.13,IRCON,EQ,N,122.49,1117122,123.02,125.99,122.21,123.62,137864026.02,189.5,114.5,39802212346.31,2026-08-19 16:00:25,0,-28.8,-5.29,19-Aug-2025,17-Jul-2026,35.361477572559366,-6.978165938864628,,,IRCON INTERNATIONAL LIMITED,-0.91
0,GREAVESCOTEQN,-3.69,GREAVESCOT,EQ,N,194.9,697212,198.58,198.59,194.12,198.59,136193392.08,271.9,119.99,19714876074.41,2026-08-19 16:00:25,0,-8.36,-21.87,19-Aug-2025,17-Jul-2026,28.31923501287238,-62.430202516876406,,,GREAVES COTTON LIMITED,-1.86
0,NCCEQN,-0.77,NCC,EQ,N,139.61,969124,140.38,141.85,138.5,140.38,135919641.0,223.1,130.0,56325542068.73,2026-08-19 16:00:25,0,-37.19,0.01,19-Aug-2025,17-Jul-2026,37.422680412371136,-7.392307692307693,,,NCC LIMITED,-0.55
0,SAPPHIREEQN,2.23,SAPPHIRE,EQ,N,234.22,578744,231.96,237.5,231.96,231.99,135426096.0,347.9,139.91,55276857131.74,2026-08-19 16:00:25,0,-28.2,28.64,19-Aug-2025,17-Jul-2026,32.67605633802817,-67.40761918376099,,,SAPPHIRE FOODS INDIA LIMITED,0.96
0,CCAVENUEEQN,-0.21,CCAVENUE,EQ,N,14.87,9027765,15.08,15.28,14.84,15.08,135326197.35,20.5,12.92,30122506981.16,2026-08-19 16:00:25,0,-6.24,-12.84,19-Aug-2025,17-Jul-2026,27.463414634146343,-15.092879256965944,,,AVENUESAI LIMITED,-1.39
0,POWERMECHEQN,-18.8,POWERMECH,EQ,N,2425.0,55380,2440.1,2469.1,2412.5,2443.8,135084557.4,3260.0,1717.7,31876881382.74,2026-08-19 16:00:25,0,-24.28,-5.08,19-Aug-2025,17-Jul-2026,25.613496932515336,-41.17715549863189,,,POWER MECH PROJECTS LIMITED,-0.77
0,DCBBANKEQN,-0.58,DCBBANK,EQ,N,182.5,743355,182.0,184.39,180.0,183.08,134822296.35,205.9,119.51,48502041883.05,2026-08-19 16:00:25,0,48.02,-3.91,19-Aug-2025,17-Jul-2026,11.364740165128703,-52.70688645301649,,,DCB BANK LIMITED,-0.32
0,METROPOLISEQN,1.05,METROPOLIS,EQ,N,553.0,241847,553.35,565.5,544.4,551.95,134607203.26,609.05,412.25,58545592958.48,2026-08-19 16:00:25,0,3.19,1.41,19-Aug-2025,17-Jul-2026,9.202856908299811,-34.14190418435415,,,METROPOLIS HEALTHCARE LIMITED,0.19
0,USHAMARTEQN,2.8,USHAMART,EQ,N,501.6,269629,500.15,503.5,492.25,498.8,134547567.29,527.5,348.65,91128568133.13,2026-08-19 16:00:25,0,35.15,1.34,19-Aug-2025,17-Jul-2026,4.909952606635071,-43.869209809264305,,,USHA MARTIN LIMITED,0.56
0,TEXRAILEQN,-2.42,TEXRAIL,EQ,N,102.3,1298026,104.49,105.69,102.1,104.72,134176947.62,153.0,78.05,20807876322.63,2026-08-19 16:00:25,0,-26.12,-11.26,19-Aug-2025,17-Jul-2026,33.13725490196079,-31.069827033952595,,,TEXMACO RAIL & ENGINEERING LIMITED,-2.31
0,BRIGADEEQN,-4.4,BRIGADE,EQ,N,584.5,228030,589.05,594.05,582.15,588.9,134077079.4,802.01,450.75,108033720755.46,2026-08-19 16:00:25,0,-18.45,3.15,19-Aug-2025,17-Jul-2026,27.120609468709866,-29.672767609539655,,,BRIGADE ENTERPRISES LIMITED,-0.75
0,SURYAROSNIEQN,-4.04,SURYAROSNI,EQ,N,219.4,606213,223.44,225.29,217.62,223.44,133942762.35,314.5,187.35,17186888650.73,2026-08-19 16:00:25,0,-21.68,-11.05,19-Aug-2025,17-Jul-2026,30.238473767885534,-17.107018948492126,,,SURYA ROSHNI LIMITED,-1.81
0,ASHAPURMINEQN,-7.95,ASHAPURMIN,EQ,N,588.35,225687,595.0,598.1,587.1,596.3,133588649.04,924.9,455.1,29206786151.44,2026-08-19 16:00:25,0,12.72,-14.69,19-Aug-2025,17-Jul-2026,36.387717591090926,-29.27927927927928,,,ASHAPURA MINECHEM LIMITED,-1.33
0,FIVESTAREQN,-18.85,FIVESTAR,EQ,N,516.5,253901,531.05,534.7,516.1,535.35,133201542.62,666.0,338.15,99770909922.42,2026-08-19 16:00:25,0,-12.2,-7.4,19-Aug-2025,17-Jul-2026,22.44744744744745,-52.742865592192814,,,FIVE-STAR BUSINESS FINANCE LIMITED,-3.52
0,GRAVITAEQN,-24.7,GRAVITA,EQ,N,1789.4,73944,1809.5,1814.1,1783.1,1814.1,132849269.28,1913.6,1266.9,56482007557.86,2026-08-19 16:00:25,0,2.25,-1.58,19-Aug-2025,17-Jul-2026,6.490384615384615,-41.24240271528929,,,GRAVITA INDIA LIMITED,-1.36
0,JSLEQN,-9.2,JSL,EQ,N,723.2,182939,730.0,734.2,722.8,732.4,132832007.9,884.0,652.25,225870885569.91,2026-08-19 16:00:25,0,-4.58,-1.94,19-Aug-2025,17-Jul-2026,18.190045248868778,-10.877730931391337,,,JINDAL STAINLESS LIMITED,-1.26
0,ITCHOTELSEQN,-0.98,ITCHOTELS,EQ,N,163.45,808045,164.5,165.3,163.24,164.43,132697149.9,253.67,137.3,182642117552.84,2026-08-19 16:00:25,0,-30.06,-5.2,19-Aug-2025,17-Jul-2026,35.56589269523396,-19.045884923525126,,,ITC HOTELS LIMITED,-0.6
0,NSLNISPEQN,-0.29,NSLNISP,EQ,N,40.2,3296435,40.51,40.6,40.05,40.49,132615580.05,53.75,33.01,46185782589.07,2026-08-19 16:00:25,0,1.18,-6.49,19-Aug-2025,17-Jul-2026,25.209302325581394,-21.7812784004847,,,NMDC STEEL LIMITED,-0.72
0,CORONAEQN,4.9,CORONA,EQ,N,2124.3,62064,2119.1,2160.5,2107.1,2119.4,131877931.68,2270.1,1336.6,13115273982.91,2026-08-19 16:00:25,0,0.0,3.01,,17-Jul-2026,6.422624553984406,-58.93311387101601,,,CORONA REMEDIES LIMITED,0.23
0,DBREALTYEQN,-4.48,DBREALTY,EQ,N,102.0,1242300,107.5,107.75,101.5,106.48,128317167.0,185.0,83.5,24888835412.33,2026-08-19 16:00:25,0,-43.27,-14.64,19-Aug-2025,17-Jul-2026,44.86486486486486,-22.15568862275449,,,VALOR ESTATE LIMITED,-4.21
0,VGUARDEQN,-0.05,VGUARD,EQ,N,333.35,384575,336.35,337.1,330.4,333.4,128059629.25,392.2,288.8,62969148769.23,2026-08-19 16:00:25,0,-10.73,11.06,19-Aug-2025,17-Jul-2026,15.005099439061704,-15.42590027700831,,,V-GUARD INDUSTRIES LIMITED,-0.01
0,SHAKTIPUMPEQN,-6.35,SHAKTIPUMP,EQ,N,492.0,259077,498.5,498.6,491.3,498.35,127828591.8,915.0,456.35,29786058446.65,2026-08-19 16:00:25,0,-43.96,-10.0,19-Aug-2025,17-Jul-2026,46.22950819672131,-7.811986413936672,,,SHAKTI PUMPS (INDIA) LIMITED,-1.27
0,YATHARTHEQN,-9.0,YATHARTH,EQ,N,845.0,149592,855.0,861.5,845.0,854.0,127753063.92,919.5,538.25,35989342862.29,2026-08-19 16:00:25,0,18.39,0.12,19-Aug-2025,17-Jul-2026,8.102229472539424,-56.99024616813748,,,YATHARTH HOSPITAL & TRAUMA CARE SERVICES LIMITED,-1.05
0,COHANCEEQN,-10.25,COHANCE,EQ,N,444.95,282289,457.4,458.2,444.05,455.2,127148611.38,1038.9,266.7,72199079196.02,2026-08-19 16:00:25,0,-51.66,0.69,19-Aug-2025,17-Jul-2026,57.17104629897006,-66.83539557555305,,,COHANCE LIFESCIENCES LIMITED,-2.25
0,HOMEFIRSTEQN,13.4,HOMEFIRST,EQ,N,1190.5,106775,1177.1,1191.7,1174.6,1177.1,126478190.75,1375.0,893.7,114530477961.81,2026-08-19 16:00:25,0,-6.22,-4.13,19-Aug-2025,17-Jul-2026,13.418181818181818,-33.21024952444892,,,HOME FIRST FINANCE COMPANY INDIA LIMITED,1.14
0,KIRLPNUEQN,-20.2,KIRLPNU,EQ,N,740.0,168519,755.0,767.8,732.9,760.2,125127042.69,1098.55,495.05,56108410970.85,2026-08-19 16:00:25,0,16.07,-12.74,19-Aug-2025,17-Jul-2026,32.63847799371899,-49.47985052014948,,,KIRLOSKAR PNEUMATIC COMPANY LIMITED,-2.66
0,SAREGAMAEQN,-4.45,SAREGAMA,EQ,N,509.5,243353,514.0,521.6,507.1,513.95,125115077.89,574.5,307.05,36714295856.22,2026-08-19 16:00:25,0,5.54,2.96,19-Aug-2025,17-Jul-2026,11.314186248912097,-65.93388698908973,,,SAREGAMA INDIA LIMITED,-0.87
0,IXIGOEQN,-2.48,IXIGO,EQ,N,169.78,729318,171.66,171.66,168.01,172.26,123291207.9,339.15,151.27,37196960673.57,2026-08-19 16:00:25,0,-38.96,-15.07,19-Aug-2025,17-Jul-2026,49.93955476927613,-12.236398492761287,,,LE TRAVENUES TECHNOLOGY LIMITED,-1.44
0,GODREJAGROEQN,-14.5,GODREJAGRO,EQ,N,574.2,211149,587.0,591.75,571.4,588.7,122698683.9,769.7,506.1,27358016164.81,2026-08-19 16:00:25,0,-24.55,1.13,19-Aug-2025,17-Jul-2026,25.399506301156293,-13.455838767042087,,,GODREJ AGROVET LIMITED,-2.46
0,GAELEQN,-3.81,GAEL,EQ,N,173.95,701529,177.76,177.76,173.0,177.76,122332627.02,184.03,101.2,23800491526.68,2026-08-19 16:00:25,0,66.76,19.23,19-Aug-2025,17-Jul-2026,5.477367820464055,-71.88735177865613,,,GUJARAT AMBUJA EXPORTS LIMITED,-2.14
0,ETHOSLTDEQN,6.8,ETHOSLTD,EQ,N,2899.0,42165,2888.8,2919.9,2864.8,2892.2,121844622.15,3245.9,1919.4,38329859292.67,2026-08-19 16:00:25,0,13.84,8.86,19-Aug-2025,17-Jul-2026,10.687328629963954,-51.036782327810776,,,ETHOS LIMITED,0.24
0,EQUITASBNKEQN,-1.32,EQUITASBNK,EQ,N,74.8,1617730,75.2,75.96,74.32,76.12,120876785.6,83.9,50.0,85275025657.9,2026-08-19 16:00:25,0,36.97,-3.76,19-Aug-2025,17-Jul-2026,10.846245530393325,-49.6,,,EQUITAS SMALL FINANCE BANK LIMITED,-1.73
0,CLEANEQN,-8.0,CLEAN,EQ,N,823.9,146477,828.1,830.75,815.0,831.9,120462684.8,1256.8,652.0,39205475103.71,2026-08-19 16:00:25,0,-30.76,10.68,19-Aug-2025,17-Jul-2026,34.44462126034373,-26.365030674846626,,,CLEAN SCIENCE AND TECHNOLOGY LIMITED,-0.96
0,ABDLEQN,-14.6,ABDL,EQ,N,598.0,198476,614.9,614.9,595.0,612.6,119714768.92,711.7,382.1,31925687559.77,2026-08-19 16:00:25,0,13.41,-3.01,19-Aug-2025,17-Jul-2026,15.975832513699592,-56.50353310651662,,,ALLIED BLENDERS AND DISTILLERS LIMITED,-2.38
0,ZFCVINDIAEQN,-47.7,ZFCVINDIA,EQ,N,2625.0,45368,2665.0,2675.5,2612.0,2672.7,119502487.76,3044.0,2050.33,118661698661.18,2026-08-19 16:00:25,0,9.0,8.91,19-Aug-2025,17-Jul-2026,13.764783180026281,-28.028171074900136,,,ZF COMMERCIAL VEHICLE CONTROL SYSTEMS INDIA LIMITED,-1.78
0,KITEXEQN,-3.72,KITEX,EQ,N,125.26,941830,129.93,129.93,123.8,128.98,118209083.3,232.7,123.8,10606638139.02,2026-08-19 16:00:25,0,-33.67,-16.78,19-Aug-2025,17-Jul-2026,46.171035668242375,-1.1793214862681745,,,KITEX GARMENTS LIMITED,-2.88
0,CCLEQN,-13.1,CCL,EQ,N,1119.0,104901,1140.4,1140.4,1119.0,1132.1,118195103.73,1242.2,815.5,78788125027.45,2026-08-19 16:00:25,0,21.56,-6.08,19-Aug-2025,17-Jul-2026,9.917887618740943,-37.21643163703249,,,CCL PRODUCTS (INDIA) LIMITED,-1.16
0,MEDANTAEQN,-13.7,MEDANTA,EQ,N,1429.0,80452,1442.9,1445.0,1412.0,1442.7,114957862.8,1491.0,956.0,122024876284.98,2026-08-19 16:00:25,0,4.05,8.51,19-Aug-2025,17-Jul-2026,4.158283031522468,-49.47698744769875,,,GLOBAL HEALTH LIMITED,-0.95
0,CANFINHOMEEQN,-4.45,CANFINHOME,EQ,N,819.7,136451,818.85,824.15,815.0,824.15,111757462.53,971.5,708.6,68884303342.06,2026-08-19 16:00:25,0,6.72,-7.84,19-Aug-2025,17-Jul-2026,15.625321667524446,-15.67880327406153,,,CAN FIN HOMES LIMITED,-0.54
0,TATAINVESTEQN,4.3,TATAINVEST,EQ,N,651.5,171234,647.0,656.0,643.5,647.2,111553813.98,1184.7,538.85,84790301355.37,2026-08-19 16:00:25,0,-5.88,-1.63,19-Aug-2025,17-Jul-2026,45.00717481218874,-20.905632365222232,,,TATA INVESTMENT CORPORATION LIMITED,0.66
0,KNRCONEQN,-2.46,KNRCON,EQ,N,127.9,858509,130.0,131.0,127.05,130.36,110498693.39,220.0,108.65,18408929944.24,2026-08-19 16:00:25,0,-36.96,4.35,19-Aug-2025,17-Jul-2026,41.86363636363637,-17.71744132535665,,,KNR CONSTRUCTIONS LIMITED,-1.89
0,INOXGREENEQN,-5.46,INOXGREEN,EQ,N,174.2,623298,179.0,179.0,174.0,179.66,109663050.12,279.0,132.58,28052130262.21,2026-08-19 16:00:25,0,11.25,-6.34,19-Aug-2025,17-Jul-2026,37.562724014336915,-31.3923668728315,,,INOX GREEN ENERGY SERVICES LIMITED,-3.04
0,MEDPLUSEQN,-16.85,MEDPLUS,EQ,N,648.0,167334,664.8,665.0,648.0,664.85,109262408.64,1022.2,648.0,46508127977.48,2026-08-19 16:00:25,0,-22.4,-19.11,19-Aug-2025,17-Jul-2026,36.60731755038153,0.0,,,MEDPLUS HEALTH SERVICES LIMITED,-2.53
0,SWSOLAREQN,-4.01,SWSOLAR,EQ,N,195.58,551559,199.9,200.27,195.1,199.59,109159041.69,286.5,148.0,24788104847.99,2026-08-19 16:00:25,0,-28.96,-11.98,19-Aug-2025,17-Jul-2026,31.7347294938918,-32.148648648648646,,,STERLING AND WILSON RENEWABLE ENERGY LIMITED,-2.01
0,ENTEROEQN,-14.0,ENTERO,EQ,N,1394.2,77945,1420.0,1420.0,1380.6,1408.2,108660006.7,1467.8,944.0,22525337501.74,2026-08-19 16:00:25,0,9.35,18.76,19-Aug-2025,17-Jul-2026,5.014307126311486,-47.690677966101696,,,ENTERO HEALTHCARE SOLUTIONS LIMITED,-0.99
0,JAMNAAUTOEQN,-2.23,JAMNAAUTO,EQ,N,120.35,895584,122.58,122.9,120.23,122.58,108571648.32,152.6,89.74,23411248707.14,2026-08-19 16:00:25,0,16.94,-8.65,19-Aug-2025,17-Jul-2026,21.13368283093054,-34.10965010028973,,,JAMNA AUTO INDUSTRIES LIMITED,-1.82
0,RELIGAREEQN,0.35,RELIGARE,EQ,N,231.9,471995,230.85,232.0,226.7,231.55,108157654.25,280.0,196.51,53827398570.72,2026-08-19 16:00:25,0,-7.59,-9.52,19-Aug-2025,17-Jul-2026,17.178571428571427,-18.00926161518498,,,RELIGARE ENTERPRISES LIMITED,0.15
0,SUPRIYAEQN,-13.65,SUPRIYA,EQ,N,788.0,133358,811.0,811.0,786.0,801.65,106243651.44,1085.0,545.5,20105803599.51,2026-08-19 16:00:25,0,16.35,-4.91,19-Aug-2025,17-Jul-2026,27.37327188940092,-44.454628780934925,,,SUPRIYA LIFESCIENCE LIMITED,-1.7
0,SUMICHEMEQN,-9.15,SUMICHEM,EQ,N,553.95,188533,563.0,563.8,551.0,563.1,105169363.39,617.45,362.6,67809020137.54,2026-08-19 16:00:25,0,-5.36,2.86,19-Aug-2025,17-Jul-2026,10.284233541177423,-52.77164920022063,,,SUMITOMO CHEMICAL INDIA LIMITED,-1.62
0,GILLETTEEQN,-7.5,GILLETTE,EQ,N,7510.0,13982,7530.0,7530.0,7475.5,7517.5,104871431.72,10740.0,7206.0,60906377145.13,2026-08-19 16:00:25,0,-28.29,-3.84,19-Aug-2025,17-Jul-2026,30.074487895716945,-4.218706633361088,,,GILLETTE INDIA LIMITED,-0.1
0,AAVASEQN,-22.3,AAVAS,EQ,N,1366.0,75310,1387.1,1407.9,1365.6,1388.3,104134902.5,1771.9,1060.4,54302931147.58,2026-08-19 16:00:25,0,-18.84,-7.79,19-Aug-2025,17-Jul-2026,22.907613296461424,-28.81931346661637,,,AAVAS FINANCIERS LIMITED,-1.61
0,ERISEQN,-0.1,ERIS,EQ,N,1350.0,77295,1345.0,1354.2,1336.3,1350.1,104001968.4,1820.0,1200.0,72749333676.41,2026-08-19 16:00:25,0,-22.46,-7.24,19-Aug-2025,17-Jul-2026,25.824175824175825,-12.5,,,ERIS LIFESCIENCES LIMITED,-0.01
0,IRBEQN,-0.08,IRB,EQ,N,18.95,5476549,19.03,19.06,18.9,19.03,103890134.53,23.95,18.9,74122630441.2,2026-08-19 16:00:25,0,-16.0,-5.3,19-Aug-2025,17-Jul-2026,20.876826722338205,-0.26455026455026454,,,IRB INFRASTRUCTURE DEVELOPERS LIMITED,-0.42
0,ONESOURCEEQN,-27.3,ONESOURCE,EQ,N,1515.0,67691,1539.8,1551.3,1511.1,1542.3,103551661.07,1925.0,1057.0,118831399374.39,2026-08-19 16:00:25,0,-17.42,-8.36,19-Aug-2025,17-Jul-2026,21.2987012987013,-43.33017975402081,,,ONESOURCE SPECIALTY PHARMA LIMITED,-1.77
0,GMMPFAUDLREQN,-13.65,GMMPFAUDLR,EQ,N,1017.6,100103,1032.0,1042.0,1010.25,1031.25,102393356.64,1310.0,735.0,34054933176.05,2026-08-19 16:00:25,0,-20.67,27.66,19-Aug-2025,17-Jul-2026,22.3206106870229,-38.44897959183673,,,GMM PFAUDLER LIMITED,-1.32
0,TIPSMUSICEQN,-3.7,TIPSMUSIC,EQ,N,652.0,156034,657.0,664.0,650.0,655.7,102086804.84,741.0,481.15,29742256977.65,2026-08-19 16:00:25,0,10.71,-2.54,19-Aug-2025,17-Jul-2026,12.010796221322536,-35.50867712771485,,,TIPS MUSIC LIMITED,-0.56
0,APTUSEQN,-4.75,APTUS,EQ,N,252.25,400106,257.35,257.65,251.1,257.0,101947008.8,364.0,193.03,89107511387.05,2026-08-19 16:00:25,0,-28.97,-17.79,19-Aug-2025,17-Jul-2026,30.70054945054945,-30.679169041081696,,,APTUS VALUE HOUSING FINANCE INDIA LIMITED,-1.85
0,PARKHOSPSEQN,-4.5,PARKHOSPS,EQ,N,272.35,373633,277.8,277.8,270.0,276.85,101467513.81,305.0,138.1,15112274012.53,2026-08-19 16:00:25,0,0.0,-0.58,,17-Jul-2026,10.704918032786885,-97.21216509775525,,,PARK MEDI WORLD LIMITED,-1.63
0,AFCONSEQN,-2.45,AFCONS,EQ,N,277.8,360109,278.0,282.7,277.5,280.25,100574842.61,479.4,259.1,43300909480.13,2026-08-19 16:00:25,0,-36.15,-7.32,19-Aug-2025,17-Jul-2026,42.052565707133915,-7.217290621381706,,,AFCONS INFRASTRUCTURE LIMITED,-0.87
0,COROMANDELEQN,-34.7,COROMANDEL,EQ,N,2028.0,49013,2060.2,2062.7,2025.7,2062.7,100244818.51,2500.0,1706.5,241775722643.84,2026-08-19 16:00:25,0,-14.88,-0.31,19-Aug-2025,17-Jul-2026,18.88,-18.839730442426017,,,COROMANDEL INTERNATIONAL LIMITED,-1.68
0,SUNTVEQN,-2.55,SUNTV,EQ,N,480.25,207536,482.85,485.65,480.05,482.8,100032352.0,660.7,475.85,47312324319.95,2026-08-19 16:00:25,0,-17.55,-3.72,19-Aug-2025,17-Jul-2026,27.311941879824428,-0.9246611327098876,,,SUN TV NETWORK LIMITED,-0.53
0,UTIAMCEQN,-1.15,UTIAMC,EQ,N,893.45,110652,894.6,900.0,888.2,894.6,98574334.2,1418.0,876.0,37504398537.84,2026-08-19 16:00:25,0,-36.55,-4.96,19-Aug-2025,17-Jul-2026,36.992242595204516,-1.9920091324200913,,,UTI ASSET MANAGEMENT COMPANY LIMITED,-0.13
0,KAJARIACEREQN,-17.8,KAJARIACER,EQ,N,1208.0,81349,1230.6,1230.6,1202.6,1225.8,98454254.23,1309.7,869.6,98415794497.16,2026-08-19 16:00:25,0,-6.52,-2.54,19-Aug-2025,17-Jul-2026,7.7651370542872415,-38.91444342226311,,,KAJARIA CERAMICS LIMITED,-1.45
0,RAYMONDLSLEQN,-16.7,RAYMONDLSL,EQ,N,731.7,133360,746.1,753.65,719.5,748.4,98361001.6,1350.0,677.0,17578460655.7,2026-08-19 16:00:25,0,-39.05,1.02,19-Aug-2025,17-Jul-2026,45.8,-8.079763663220088,,,RAYMOND LIFESTYLE LIMITED,-2.23
0,AEGISVOPAKEQN,-5.55,AEGISVOPAK,EQ,N,269.25,357042,277.8,277.8,268.1,274.8,97393916.76,311.49,158.0,38744286275.05,2026-08-19 16:00:25,0,7.01,-0.73,19-Aug-2025,17-Jul-2026,13.56062794953289,-70.4113924050633,,,AEGIS VOPAK TERMINALS LIMITED,-2.02
0,IONEXCHANGEQN,2.1,IONEXCHANG,EQ,N,372.4,260589,367.85,375.05,364.0,370.3,96292847.28,486.0,312.7,31253221679.08,2026-08-19 16:00:25,0,-15.99,-14.47,19-Aug-2025,17-Jul-2026,23.374485596707817,-19.091781259993603,,,ION EXCHANGE (INDIA) LIMITED,0.57
0,INDIGOPNTSEQN,0.7,INDIGOPNTS,EQ,N,1151.5,83159,1150.8,1156.0,1134.5,1150.8,95198760.02,1345.9,708.05,25327087048.81,2026-08-19 16:00:25,0,-1.7,8.11,19-Aug-2025,17-Jul-2026,14.443866557693736,-62.62975778546713,,,INDIGO PAINTS LIMITED,0.06
0,RELAXOEQN,-10.95,RELAXO,EQ,N,373.0,247764,385.8,391.5,372.0,383.95,94375785.24,526.0,236.5,26621361196.21,2026-08-19 16:00:25,0,-22.78,-15.22,19-Aug-2025,17-Jul-2026,29.08745247148289,-57.71670190274841,,,RELAXO FOOTWEARS LIMITED,-2.85
0,NUVOCOEQN,-8.65,NUVOCO,EQ,N,317.8,294134,328.0,328.0,317.2,326.45,94208178.86,477.5,276.25,31760411845.3,2026-08-19 16:00:25,0,-30.54,-8.87,19-Aug-2025,17-Jul-2026,33.44502617801047,-15.040723981900452,,,NUVOCO VISTAS CORPORATION LIMITED,-2.65
0,CRAMCEQN,-2.95,CRAMC,EQ,N,251.45,374322,254.0,254.4,249.65,254.4,94179415.2,353.4,214.2,12535677493.6,2026-08-19 16:00:25,0,0.0,-2.86,,17-Jul-2026,28.84833050367855,-17.390289449112977,,,CANARA ROBECO ASSET MANAGEMENT COMPANY LIMITED,-1.16
0,VOLTAMPEQN,-93.5,VOLTAMP,EQ,N,10000.0,9359,10113.5,10113.5,9950.5,10093.5,93604506.45,12863.0,6666.0,101128914530.42,2026-08-19 16:00:25,0,21.6,5.02,19-Aug-2025,17-Jul-2026,22.257638187048123,-50.015001500150014,,,VOLTAMP TRANSFORMERS LIMITED,-0.93
0,CAPILLARYEQN,-1.85,CAPILLARY,EQ,N,511.6,181534,513.45,523.6,508.05,513.45,93263092.5,798.95,464.25,9432108677.91,2026-08-19 16:00:25,0,0.0,4.08,,17-Jul-2026,35.96595531635271,-10.199246095853526,,,CAPILLARY TECHNOLOGIES INDIA LIMITED,-0.36
0,PURVAEQN,-7.18,PURVA,EQ,N,217.18,417695,224.3,224.3,215.5,224.36,91546213.15,305.0,160.69,12868471088.56,2026-08-19 16:00:25,0,-24.94,-2.29,19-Aug-2025,17-Jul-2026,28.79344262295082,-35.15464559088929,,,PURAVANKARA LIMITED,-3.2
0,WESTLIFEEQN,-10.75,WESTLIFE,EQ,N,577.0,159532,591.0,591.0,563.5,587.75,91542652.24,775.0,398.4,38771532225.5,2026-08-19 16:00:25,0,-16.14,25.68,19-Aug-2025,17-Jul-2026,25.548387096774192,-44.829317269076306,,,WESTLIFE FOODWORLD LIMITED,-1.83
0,EUREKAFORBEQN,-12.8,EUREKAFORB,EQ,N,419.15,216570,432.0,432.0,418.5,431.95,91515984.9,668.3,403.2,28640506722.2,2026-08-19 16:00:25,0,-22.54,-8.52,19-Aug-2025,17-Jul-2026,37.28116115516983,-3.9558531746031744,,,EUREKA FORBES LIMITED,-2.96
0,MAHSEAMLESEQN,-4.75,MAHSEAMLES,EQ,N,616.15,147532,624.3,625.0,612.4,620.9,91288375.64,690.0,500.7,23867331669.47,2026-08-19 16:00:25,0,-9.01,6.15,19-Aug-2025,17-Jul-2026,10.702898550724637,-23.057719193129618,,,MAHARASHTRA SEAMLESS LIMITED,-0.77
0,JBMAEQN,-2.75,JBMA,EQ,N,617.1,146933,619.8,621.15,614.1,619.85,90801655.34,790.0,477.0,24798374445.23,2026-08-19 16:00:25,0,-3.88,-7.94,19-Aug-2025,17-Jul-2026,21.88607594936709,-29.371069182389938,,,JBM AUTO LIMITED,-0.44
0,PNCINFRAEQN,-1.92,PNCINFRA,EQ,N,212.04,426509,215.0,215.88,210.7,213.96,90530800.34,325.0,158.17,23875794507.36,2026-08-19 16:00:25,0,-32.28,-13.55,19-Aug-2025,17-Jul-2026,34.75692307692308,-34.058291711449705,,,PNC INFRATECH LIMITED,-0.9
0,FACTEQN,-13.35,FACT,EQ,N,781.5,112895,790.0,812.9,781.2,794.85,90151173.3,1058.6,652.1,48548456211.11,2026-08-19 16:00:25,0,-20.22,-6.25,19-Aug-2025,17-Jul-2026,26.176081617230306,-19.843582272657567,,,FERTILIZERS AND CHEMICALS TRAVANCORE LIMITED,-1.68
0,CELLOEQN,-3.6,CELLO,EQ,N,359.0,249962,362.6,365.75,357.0,362.6,90123799.1,673.8,336.6,15487004718.79,2026-08-19 16:00:25,0,-33.44,-1.6,19-Aug-2025,17-Jul-2026,46.720094983674684,-6.6547831253713605,,,CELLO WORLD LIMITED,-0.99
0,OPTIEMUSEQN,-5.15,OPTIEMUS,EQ,N,546.0,163363,548.9,555.95,537.05,551.15,88931549.94,713.0,288.0,12841111720.23,2026-08-19 16:00:25,0,-6.59,-7.29,19-Aug-2025,17-Jul-2026,23.422159887798035,-89.58333333333333,,,OPTIEMUS INFRACOM LIMITED,-0.93
0,EIELEQN,-0.18,EIEL,EQ,N,197.0,447738,198.16,201.9,196.0,197.18,88459596.66,276.1,134.71,10308640812.15,2026-08-19 16:00:25,0,-23.98,-10.55,19-Aug-2025,17-Jul-2026,28.649040202825063,-46.24007126419716,,,ENVIRO INFRA ENGINEERS LIMITED,-0.09
0,RALLISEQN,-1.28,RALLIS,EQ,N,211.99,414727,213.3,213.69,211.0,213.27,87897240.38,385.7,207.53,18150704299.42,2026-08-19 16:00:25,0,-43.45,-9.38,19-Aug-2025,17-Jul-2026,45.037593984962406,-2.149086879005445,,,RALLIS INDIA LIMITED,-0.6
0,RITESEQN,0.81,RITES,EQ,N,219.3,397733,218.49,223.17,215.61,218.49,86968297.78,280.9,175.0,29297144827.6,2026-08-19 16:00:25,0,-15.07,0.55,19-Aug-2025,17-Jul-2026,21.92951228195087,-25.314285714285713,,,RITES LIMITED,0.37
0,JUSTDIALEQN,-1.3,JUSTDIAL,EQ,N,660.0,130135,661.3,665.0,652.0,661.3,85507804.45,878.6,480.5,14505668628.27,2026-08-19 16:00:25,0,-21.1,-13.98,19-Aug-2025,17-Jul-2026,24.880491691327112,-37.356919875130075,,,JUST DIAL LIMITED,-0.2
0,ABRELEQN,4.2,ABREL,EQ,N,1395.0,60733,1377.6,1400.0,1377.6,1390.8,84556126.58,1965.3,1080.1,72830645408.22,2026-08-19 16:00:25,0,-24.78,-3.7,19-Aug-2025,17-Jul-2026,29.018470462524807,-29.154707897416905,,,ADITYA BIRLA REAL ESTATE LIMITED,0.3
0,SPARCEQN,-0.02,SPARC,EQ,N,192.91,433409,194.24,197.0,191.91,192.93,84367395.94,289.0,108.0,18115147110.39,2026-08-19 16:00:25,0,31.19,-17.98,19-Aug-2025,17-Jul-2026,33.24913494809689,-78.62037037037037,,,SUN PHARMA ADVANCED RESEARCH COMPANY LIMITED,-0.01
0,FEDFINAEQN,-1.35,FEDFINA,EQ,N,149.51,559951,151.0,151.5,149.3,150.86,84149436.28,178.48,119.07,17747433567.95,2026-08-19 16:00:25,0,8.79,-5.73,19-Aug-2025,17-Jul-2026,16.2315105333931,-25.564793818762073,,,FEDBANK FINANCIAL SERVICES LIMITED,-0.89
0,JKLAKSHMIEQN,1.05,JKLAKSHMI,EQ,N,557.05,150640,555.9,561.75,551.3,556.0,84066158.4,989.8,542.95,37255962561.71,2026-08-19 16:00:25,0,-40.73,-2.64,19-Aug-2025,17-Jul-2026,43.72095372802586,-2.596924210332443,,,JK LAKSHMI CEMENT LIMITED,0.19
0,JKCEMENTEQN,-109.5,JKCEMENT,EQ,N,5266.0,15818,5360.5,5397.5,5255.0,5375.5,83832710.94,7565.5,4671.5,219773951099.86,2026-08-19 16:00:25,0,-28.82,-2.32,19-Aug-2025,17-Jul-2026,30.394554226422578,-12.726105105426523,,,JK CEMENT LIMITED,-2.04
0,BIRLACORPNEQN,-15.3,BIRLACORPN,EQ,N,880.25,94608,890.3,897.35,877.0,895.55,83671315.2,1346.1,769.6,24907418240.09,2026-08-19 16:00:25,0,-31.9,-13.29,19-Aug-2025,17-Jul-2026,34.607384295371816,-14.377598752598752,,,BIRLA CORPORATION LIMITED,-1.71
0,STYLEQN,-13.95,STYL,EQ,N,380.0,218923,390.25,405.0,374.0,393.95,83632964.46,437.45,209.11,10919275236.74,2026-08-19 16:00:25,0,0.0,-4.99,,17-Jul-2026,13.132929477654589,-81.7225383769308,,,SESHAASAI TECHNOLOGIES LIMITED,-3.54
0,CHALETEQN,18.5,CHALET,EQ,N,852.95,98895,835.0,855.0,821.15,834.45,83581109.25,1070.1,691.35,60763499097.28,2026-08-19 16:00:25,0,-10.82,-1.12,19-Aug-2025,17-Jul-2026,20.29249602840856,-23.374557026108338,,,CHALET HOTELS LIMITED,2.22
0,JKPAPEREQN,-3.15,JKPAPER,EQ,N,378.3,219094,383.0,383.0,377.3,385.45,83170273.34,444.8,304.85,29075840595.37,2026-08-19 16:00:25,0,6.35,2.37,19-Aug-2025,17-Jul-2026,14.950539568345324,-24.093816631130064,,,JK PAPER LIMITED,-0.83
0,ABLBLEQN,-1.72,ABLBL,EQ,N,87.0,950590,88.7,88.96,86.71,88.72,83110083.7,151.33,86.71,50373390246.4,2026-08-19 16:00:25,0,-39.08,-8.31,19-Aug-2025,17-Jul-2026,42.50974691072491,-0.33444816053511706,,,ADITYA BIRLA LIFESTYLE BRANDS LIMITED,-1.94
0,BHARTIHEXAEQN,-10.9,BHARTIHEXA,EQ,N,1589.5,51641,1600.9,1615.0,1581.1,1600.4,82243973.01,1955.6,1430.0,119212500000.0,2026-08-19 16:00:25,0,-10.09,-1.0,19-Aug-2025,17-Jul-2026,18.7205972591532,-11.153846153846153,,,BHARTI HEXACOM LIMITED,-0.68
0,CREDITACCEQN,0.4,CREDITACC,EQ,N,1525.0,53715,1520.0,1532.5,1504.0,1524.6,81625314.0,1634.0,1113.0,82522810672.13,2026-08-19 16:00:25,0,13.14,3.15,19-Aug-2025,17-Jul-2026,6.670746634026928,-37.01707097933513,,,CREDITACCESS GRAMEEN LIMITED,0.03
0,STARHEALTHEQN,-0.9,STARHEALTH,EQ,N,583.0,139550,582.3,587.2,578.5,583.9,81512550.5,624.9,416.55,136420931596.24,2026-08-19 16:00:25,0,32.88,0.01,19-Aug-2025,17-Jul-2026,6.705072811649864,-39.959188572800386,,,STAR HEALTH AND ALLIED INSURANCE COMPANY LIMITED,-0.15
0,ELECONEQN,-6.95,ELECON,EQ,N,427.0,188815,435.0,435.3,427.0,433.95,81173456.65,634.9,352.0,37426907423.74,2026-08-19 16:00:25,0,-25.78,-8.04,19-Aug-2025,17-Jul-2026,32.74531422271224,-21.306818181818183,,,ELECON ENGINEERING COMPANY LIMITED,-1.6
0,CENTRALBKEQN,-0.09,CENTRALBK,EQ,N,30.93,2621532,31.0,31.07,30.9,31.02,81162630.72,40.92,29.32,52659606288.72,2026-08-19 16:00:25,0,-15.58,-2.31,19-Aug-2025,17-Jul-2026,24.41348973607038,-5.491132332878581,,,CENTRAL BANK OF INDIA,-0.29
0,VTLEQN,-5.2,VTL,EQ,N,593.7,136119,603.2,603.6,592.0,598.9,81150064.23,688.0,385.5,59163418611.86,2026-08-19 16:00:25,0,36.45,-6.73,19-Aug-2025,17-Jul-2026,13.706395348837209,-54.007782101167315,,,VARDHMAN TEXTILES LIMITED,-0.87
0,APLLTDEQN,-10.35,APLLTD,EQ,N,814.2,98543,823.15,824.4,806.25,824.55,80606203.14,1002.0,635.8,45169848071.69,2026-08-19 16:00:25,0,-18.0,-1.32,19-Aug-2025,17-Jul-2026,18.74251497005988,-28.05913809374017,,,ALEMBIC PHARMACEUTICALS LIMITED,-1.26
0,SJVNEQN,-0.19,SJVN,EQ,N,66.1,1212546,66.3,66.4,65.96,66.29,80173541.52,101.45,63.02,47147900740.52,2026-08-19 16:00:25,0,-30.33,-4.38,19-Aug-2025,17-Jul-2026,34.84475110892065,-4.887337353221199,,,SJVN LIMITED,-0.29
0,LOTUSDEVBEN,-5.19,LOTUSDEV,BE,N,164.65,480005,168.9,168.9,163.5,169.84,79805631.3,207.5,102.2,13842810836.51,2026-08-19 16:00:25,0,-11.57,17.65,19-Aug-2025,17-Jul-2026,20.650602409638555,-61.105675146771034,,,SRI LOTUS DEVELOPERS AND REALTY LIMITED,-3.06
0,AHLUCONTEQN,-9.25,AHLUCONT,EQ,N,698.45,112329,707.0,718.0,696.0,707.7,79096465.35,1077.95,645.15,20886998827.89,2026-08-19 16:00:25,0,-24.52,-18.14,19-Aug-2025,17-Jul-2026,35.20571455076766,-8.261644578780128,,,AHLUWALIA CONTRACTS (INDIA) LIMITED,-1.31
0,SFLEQN,6.25,SFL,EQ,N,675.05,115691,668.8,681.5,665.35,668.8,78109935.56,832.45,456.8,25294311105.13,2026-08-19 16:00:25,0,-3.71,-11.31,19-Aug-2025,17-Jul-2026,18.90804252507658,-47.77802101576182,,,SHEELA FOAM LIMITED,0.93
0,CANHLIFEEQN,2.58,CANHLIFE,EQ,N,151.85,511276,149.26,153.51,148.19,149.27,77550343.68,166.69,106.0,35682381140.0,2026-08-19 16:00:25,0,0.0,1.41,,17-Jul-2026,8.902753614493971,-43.25471698113208,,,CANARA HSBC LIFE INSURANCE COMPANY LIMITED,1.73
0,MAPMYINDIAEQN,-5.5,MAPMYINDIA,EQ,N,1007.1,77036,1012.4,1012.6,999.1,1012.6,77455075.84,1998.0,795.0,17384779909.71,2026-08-19 16:00:25,0,-43.5,-14.15,19-Aug-2025,17-Jul-2026,49.5945945945946,-26.67924528301887,,,C.E. INFO SYSTEMS LIMITED,-0.54
0,THOMASCOOKEQN,-2.5,THOMASCOOK,EQ,N,99.9,759648,103.0,106.0,97.3,102.4,77195429.76,181.55,86.35,16327499164.24,2026-08-19 16:00:25,0,-40.03,-2.71,19-Aug-2025,17-Jul-2026,44.97383640870284,-15.69195136074117,,,THOMAS COOK  (INDIA)  LIMITED,-2.44
0,ALIVUSEQN,-33.7,ALIVUS,EQ,N,1365.0,54800,1398.7,1416.6,1356.3,1398.7,76042124.0,1418.0,819.0,41893745633.68,2026-08-19 16:00:25,0,41.07,20.44,19-Aug-2025,17-Jul-2026,3.7376586741889986,-66.66666666666667,,,ALIVUS LIFE SCIENCES LIMITED,-2.41
0,VIJAYAEQN,2.7,VIJAYA,EQ,N,1500.0,50795,1490.0,1505.9,1482.4,1497.3,75787155.9,1573.0,848.0,73360071009.89,2026-08-19 16:00:25,0,42.25,11.83,19-Aug-2025,17-Jul-2026,4.640813731722822,-76.88679245283019,,,VIJAYA DIAGNOSTIC CENTRE LIMITED,0.18
0,RHIMEQN,-5.0,RHIM,EQ,N,375.0,196869,381.8,381.95,373.2,380.0,73906591.29,515.55,323.05,22669829796.99,2026-08-19 16:00:25,0,-25.96,-8.31,19-Aug-2025,17-Jul-2026,27.262147221414025,-16.081101996594953,,,RHI MAGNESITA INDIA LIMITED,-1.32
0,TARCEQN,-1.41,TARC,EQ,N,119.4,590440,121.37,121.88,119.4,120.81,70959079.2,186.3,109.1,11938013164.82,2026-08-19 16:00:25,0,-27.12,0.86,19-Aug-2025,17-Jul-2026,35.909822866344605,-9.440879926672777,,,TARC LIMITED,-1.17
0,TARCEQN,-1.41,TARC,EQ,N,119.4,590440,121.37,121.88,119.4,120.81,70959079.2,186.3,109.1,11938013164.82,2026-08-19 16:00:25,0,-27.12,0.86,19-Aug-2025,17-Jul-2026,35.909822866344605,-9.440879926672777,,,ANANT RAJ GLOBAL LIMITED,-1.17
0,SANDUMAEQN,-2.75,SANDUMA,EQ,N,197.25,345453,198.77,199.5,195.0,200.0,68099149.89,273.0,141.37,24643287588.23,2026-08-19 16:00:25,0,26.36,0.69,19-Aug-2025,17-Jul-2026,27.747252747252748,-39.52748107802221,,,SANDUR MANGANESE & IRON ORES LIMITED,-1.38
0,STARCEMENTEQN,-5.37,STARCEMENT,EQ,N,193.65,349565,198.61,198.61,193.43,199.02,68046322.9,308.95,193.43,15896543119.8,2026-08-19 16:00:25,0,-33.88,-5.74,19-Aug-2025,17-Jul-2026,37.31995468522415,-0.11373623533061056,,,STAR CEMENT LIMITED,-2.7
0,CRIZACEQN,-2.49,CRIZAC,EQ,N,172.09,383204,175.0,181.32,170.29,174.58,67072196.12,387.95,170.29,6040705666.27,2026-08-19 16:00:25,0,-48.2,-7.34,19-Aug-2025,17-Jul-2026,55.64119087511277,-1.0570203770039344,,,CRIZAC LIMITED,-1.43
0,LXCHEMEQN,0.81,LXCHEM,EQ,N,175.0,366845,174.99,176.23,173.56,174.19,64043800.1,241.0,107.6,14772513819.21,2026-08-19 16:00:25,0,-22.66,1.89,19-Aug-2025,17-Jul-2026,27.38589211618257,-62.639405204460964,,,LAXMI ORGANIC INDUSTRIES LIMITED,0.47
0,BBTCEQN,-25.3,BBTC,EQ,N,1447.9,42832,1473.2,1476.7,1442.0,1473.2,62196347.2,2135.0,1314.6,25006460417.7,2026-08-19 16:00:25,0,-22.25,-3.06,19-Aug-2025,17-Jul-2026,32.18266978922717,-10.139966529742887,,,THE BOMBAY BURMAH TRADING CORPORATION LIMITED,-1.72
0,RAINBOWEQN,7.3,RAINBOW,EQ,N,1466.0,42464,1458.0,1475.0,1443.0,1458.7,62062834.56,1610.0,1084.0,72892822637.59,2026-08-19 16:00:25,0,-6.51,-1.83,19-Aug-2025,17-Jul-2026,8.944099378881987,-35.239852398523986,,,RAINBOW CHILDRENS MEDICARE LIMITED,0.5
0,PRUDENTEQN,41.7,PRUDENT,EQ,N,3395.8,17915,3373.1,3423.0,3301.0,3354.1,60715905.65,3434.0,2121.0,59601822251.0,2026-08-19 16:00:25,0,21.92,17.36,19-Aug-2025,17-Jul-2026,1.112405358182877,-60.103724658180106,,,PRUDENT CORPORATE ADVISORY SERVICES LIMITED,1.24
0,SAMHIEQN,-0.23,SAMHI,EQ,N,159.8,379417,160.0,160.86,158.1,160.03,60494246.48,222.0,127.0,28671245540.28,2026-08-19 16:00:25,0,-22.27,-3.21,19-Aug-2025,17-Jul-2026,28.01801801801802,-25.826771653543307,,,SAMHI HOTELS LIMITED,-0.14
0,CIEINDIAEQN,-3.7,CIEINDIA,EQ,N,406.0,147101,409.7,410.55,405.7,409.7,60061338.3,526.0,381.1,51630191437.66,2026-08-19 16:00:25,0,0.33,-14.29,19-Aug-2025,17-Jul-2026,22.813688212927758,-6.533718184203621,,,CIE AUTOMOTIVE INDIA LIMITED,-0.9
0,DOMSEQN,-24.6,DOMS,EQ,N,2194.0,26995,2215.0,2217.9,2190.0,2218.6,59407626.55,2770.0,2023.9,39427241591.68,2026-08-19 16:00:25,0,-11.25,-3.16,19-Aug-2025,17-Jul-2026,20.794223826714802,-8.404565442956669,,,DOMS INDUSTRIES LIMITED,-1.11
0,ABSLAMCEQN,-9.5,ABSLAMC,EQ,N,1003.8,58093,1009.4,1015.3,1000.1,1013.3,58429358.47,1224.9,708.0,72999568089.81,2026-08-19 16:00:25,0,12.06,-12.76,19-Aug-2025,17-Jul-2026,18.0504530982121,-41.779661016949156,,,ADITYA BIRLA SUN LIFE AMC LIMITED,-0.94
0,GODREJINDEQN,-19.9,GODREJIND,EQ,N,1210.0,48002,1224.6,1229.8,1205.8,1229.9,58324830.1,1443.0,744.2,52079783698.68,2026-08-19 16:00:25,0,-5.79,-9.34,19-Aug-2025,17-Jul-2026,16.146916146916148,-62.590701424348296,,,GODREJ INDUSTRIES LIMITED,-1.62
0,AVLEQN,-13.45,AVL,EQ,N,600.7,95703,609.95,616.8,597.35,614.15,57969221.16,705.0,433.2,41003035548.92,2026-08-19 16:00:25,0,20.83,-5.3,19-Aug-2025,17-Jul-2026,14.794326241134751,-38.6657433056325,,,ADITYA VISION LIMITED,-2.19
0,WAAREERTLEQN,-7.1,WAAREERTL,EQ,N,883.0,65525,890.0,890.0,880.0,890.1,57895269.0,1358.0,779.5,22689081789.96,2026-08-19 16:00:25,0,-14.45,-11.63,19-Aug-2025,17-Jul-2026,34.97790868924889,-13.277742142398974,,,WAAREE RENEWABLE TECHNOLOGIES LIMITED,-0.8
0,TRIDENTEQN,0.33,TRIDENT,EQ,N,24.8,2360339,24.47,24.98,24.32,24.47,57710288.55,30.94,21.98,30905523887.14,2026-08-19 16:00:25,0,-13.68,-1.63,19-Aug-2025,17-Jul-2026,19.84486102133161,-12.829845313921748,,,TRIDENT LIMITED,1.35
0,ADVENZYMESEQN,3.0,ADVENZYMES,EQ,N,306.0,188598,303.0,307.65,302.0,303.0,57590285.28,419.0,251.95,14497155520.98,2026-08-19 16:00:25,0,-3.36,-4.55,19-Aug-2025,17-Jul-2026,26.968973747016708,-21.452669180392935,,,ADVANCED ENZYME TECHNOLOGIES LIMITED,0.99
0,ROUTEEQN,-0.4,ROUTE,EQ,N,499.05,112307,499.5,505.9,498.0,499.45,56284899.19,921.6,410.7,7907081483.12,2026-08-19 16:00:25,0,-44.69,-11.09,19-Aug-2025,17-Jul-2026,45.849609375,-21.512052593133674,,,ROUTE MOBILE LIMITED,-0.08
0,FINPIPEEQN,0.66,FINPIPE,EQ,N,159.0,351056,158.34,159.25,157.21,158.34,55568654.24,222.5,147.54,44445732992.46,2026-08-19 16:00:25,0,-22.75,-3.44,19-Aug-2025,17-Jul-2026,28.53932584269663,-7.7673851159007725,,,FINOLEX INDUSTRIES LIMITED,0.42
0,ELECTCASTEQN,0.7,ELECTCAST,EQ,N,71.95,770393,71.2,72.0,70.55,71.25,54875093.39,108.71,60.15,21882918826.83,2026-08-19 16:00:25,0,-28.82,-3.54,19-Aug-2025,17-Jul-2026,33.81473645478797,-19.617622610141314,,,ELECTROSTEEL CASTINGS LIMITED,0.98
0,AARTIDRUGSEQN,-4.2,AARTIDRUGS,EQ,N,408.6,133354,415.8,417.0,407.2,412.8,54793825.06,534.55,318.95,14336219661.08,2026-08-19 16:00:25,0,-16.74,-3.24,19-Aug-2025,17-Jul-2026,23.561874473856516,-28.10785389559492,,,AARTI DRUGS LIMITED,-1.02
0,DATAMATICSEQN,-16.6,DATAMATICS,EQ,N,817.35,66019,837.25,838.3,814.0,833.95,54299967.31,1054.0,632.0,16183763497.82,2026-08-19 16:00:25,0,-10.66,-3.39,19-Aug-2025,17-Jul-2026,22.452561669829223,-29.32753164556962,,,DATAMATICS GLOBAL SERVICES LIMITED,-1.99
0,EIHOTELEQN,0.8,EIHOTEL,EQ,N,297.5,181605,296.55,298.4,294.3,296.7,53947581.3,434.8,271.15,58781370503.46,2026-08-19 16:00:25,0,-22.77,-12.18,19-Aug-2025,17-Jul-2026,31.577736890524378,-9.717868338557993,,,EIH LIMITED,0.27
0,REDTAPEEQN,1.39,REDTAPE,EQ,N,126.1,426270,124.6,127.89,123.1,124.71,53675918.4,163.5,107.53,18734582895.4,2026-08-19 16:00:25,0,2.63,-5.92,19-Aug-2025,17-Jul-2026,22.874617737003057,-17.269599181623732,,,REDTAPE LIMITED,1.11
0,LINDEINDIAEQN,-45.5,LINDEINDIA,EQ,N,6680.0,7925,6743.5,6850.0,6680.0,6725.5,53171678.0,8049.0,5673.0,140226755174.01,2026-08-19 16:00:25,0,4.09,-6.11,19-Aug-2025,17-Jul-2026,17.00832401540564,-17.75074916270051,,,LINDE INDIA LIMITED,-0.68
0,GRINDWELLEQN,-42.4,GRINDWELL,EQ,N,2058.9,25108,2100.0,2110.4,2041.0,2101.3,51933136.12,2455.0,1329.0,95005880282.3,2026-08-19 16:00:25,0,38.64,-1.33,19-Aug-2025,17-Jul-2026,16.134419551934826,-54.92099322799097,,,GRINDWELL NORTON LIMITED,-2.02
0,SAATVIKGLEQN,-1.45,SAATVIKGL,EQ,N,400.0,129816,399.0,406.0,397.55,401.45,51866684.64,567.0,328.0,7743643579.69,2026-08-19 16:00:25,0,0.0,-14.24,,17-Jul-2026,29.45326278659612,-21.951219512195124,,,SAATVIK GREEN ENERGY LIMITED,-0.36
0,QUESSEQN,-0.4,QUESS,EQ,N,336.5,154156,333.75,337.15,329.35,336.9,51522018.32,350.75,166.3,21462704188.29,2026-08-19 16:00:25,0,24.28,15.66,19-Aug-2025,17-Jul-2026,4.06272273699216,-102.34515935057125,,,QUESS CORP LIMITED,-0.12
0,UCOBANKEQN,-0.24,UCOBANK,EQ,N,25.66,1993714,25.8,25.88,25.65,25.9,51338135.5,34.2,22.22,29092711780.8,2026-08-19 16:00:25,0,-12.06,-1.53,19-Aug-2025,17-Jul-2026,24.970760233918128,-15.481548154815481,,,UCO BANK,-0.93
0,STYRENIXEQN,-40.3,STYRENIX,EQ,N,2117.0,23593,2157.5,2169.7,2116.0,2157.3,50424375.18,2767.5,1780.0,19869291378.46,2026-08-19 16:00:25,0,-20.7,-5.3,19-Aug-2025,17-Jul-2026,23.504968383017165,-18.93258426966292,,,STYRENIX PERFORMANCE MATERIALS LIMITED,-1.87
0,HONAUTEQN,-300.0,HONAUT,EQ,N,36100.0,1381,36400.0,36560.0,35880.0,36400.0,49890006.0,41495.0,26220.0,79262992893.82,2026-08-19 16:00:25,0,-5.24,-7.33,19-Aug-2025,17-Jul-2026,13.001566453789613,-37.68115942028985,,,HONEYWELL AUTOMATION INDIA LIMITED,-0.82
0,IIFLCAPSEQN,-1.05,IIFLCAPS,EQ,N,334.0,148563,334.1,335.95,333.6,335.05,49695809.13,411.3,240.4,39579561975.66,2026-08-19 16:00:25,0,1.32,-0.88,19-Aug-2025,17-Jul-2026,18.794067590566495,-38.935108153078204,,,IIFL CAPITAL SERVICES LIMITED,-0.31
0,INDIASHLTREQN,-11.1,INDIASHLTR,EQ,N,657.95,74733,664.65,679.8,652.7,669.05,49289402.82,968.75,640.0,29269698853.34,2026-08-19 16:00:25,0,-28.21,-19.3,19-Aug-2025,17-Jul-2026,32.08258064516129,-2.8046875,,,INDIA SHELTER FINANCE CORPORATION LIMITED,-1.66
0,ORIENTCEMEQN,-1.24,ORIENTCEM,EQ,N,129.3,380340,131.76,131.76,128.86,130.54,49215996.0,244.37,122.32,6690823385.38,2026-08-19 16:00:25,0,-45.98,-5.93,19-Aug-2025,17-Jul-2026,47.08843147685886,-5.7063440156965335,,,ORIENT CEMENT LIMITED,-0.95
0,SUNTECKEQN,-3.75,SUNTECK,EQ,N,295.05,164778,296.4,299.7,295.0,298.8,49009920.54,473.0,270.75,14089053894.54,2026-08-19 16:00:25,0,-24.15,-6.05,19-Aug-2025,17-Jul-2026,37.6215644820296,-8.975069252077562,,,SUNTECK REALTY LIMITED,-1.26
0,TTMLEQN,-0.4,TTML,EQ,N,37.45,1288969,37.82,37.92,37.44,37.85,48555462.23,60.89,31.22,18770250104.86,2026-08-19 16:00:25,0,-36.74,-7.03,19-Aug-2025,17-Jul-2026,38.49564788963705,-19.955156950672645,,,TATA TELESERVICES (MAHARASHTRA) LIMITED,-1.06
0,IOBEQN,-0.13,IOB,EQ,N,33.14,1425176,33.5,33.5,33.09,33.27,47344346.72,41.8,31.2,48254086254.36,2026-08-19 16:00:25,0,-12.37,-2.1,19-Aug-2025,17-Jul-2026,20.717703349282296,-6.217948717948718,,,INDIAN OVERSEAS BANK,-0.39
0,VAIBHAVGBLEQN,-1.85,VAIBHAVGBL,EQ,N,221.65,212103,223.0,226.0,220.1,223.5,47279879.73,293.25,174.13,13342008973.01,2026-08-19 16:00:25,0,-0.28,-15.42,19-Aug-2025,17-Jul-2026,24.416027280477408,-27.289955780164245,,,VAIBHAV GLOBAL LIMITED,-0.83
0,GODIGITEQN,-3.75,GODIGIT,EQ,N,252.0,187084,255.95,255.95,251.05,255.75,47216259.92,381.4,244.2,60501197086.69,2026-08-19 16:00:25,0,-30.37,-10.61,19-Aug-2025,17-Jul-2026,33.92763502884111,-3.194103194103194,,,GO DIGIT GENERAL INSURANCE LIMITED,-1.47
0,WEWORKEQN,-4.0,WEWORK,EQ,N,692.05,68013,696.0,697.4,686.0,696.05,47093561.46,794.5,420.0,33644466622.94,2026-08-19 16:00:25,0,0.0,2.08,,17-Jul-2026,12.89490245437382,-64.77380952380952,,,WEWORK INDIA MANAGEMENT LIMITED,-0.57
0,HEMIPROPEQN,-2.08,HEMIPROP,EQ,N,130.25,344946,133.0,133.53,129.6,132.33,45222420.6,190.69,111.2,12042875925.0,2026-08-19 16:00:25,0,-5.44,-5.05,19-Aug-2025,17-Jul-2026,31.695421888929676,-17.131294964028775,,,HEMISPHERE PROPERTIES INDIA LIMITED,-1.57
0,BAYERCROPEQN,-28.7,BAYERCROP,EQ,N,4077.0,10990,4108.8,4125.1,4055.0,4105.7,44757214.6,5706.0,4030.0,57794086468.84,2026-08-19 16:00:25,0,-26.73,-3.71,19-Aug-2025,17-Jul-2026,28.548895899053626,-1.1662531017369726,,,BAYER CROPSCIENCE LIMITED,-0.7
0,VIPINDEQN,2.5,VIPIND,EQ,N,311.9,144121,310.95,312.0,304.5,309.4,44524741.74,454.3,278.25,24932830601.59,2026-08-19 16:00:25,0,-26.24,4.86,19-Aug-2025,17-Jul-2026,31.344926260180497,-12.093441150044924,,,VIP INDUSTRIES LIMITED,0.81
0,BAJAJELECEQN,-3.55,BAJAJELEC,EQ,N,352.0,125708,355.55,358.4,350.2,355.55,44403836.84,653.8,301.0,14663027469.35,2026-08-19 16:00:25,0,-40.91,6.2,19-Aug-2025,17-Jul-2026,46.160905475680636,-16.943521594684384,,,BAJAJ ELECTRICALS LIMITED,-1.0
0,MMTCEQN,-1.44,MMTC,EQ,N,62.1,703075,63.44,63.67,61.55,63.54,44061710.25,78.35,50.1,9367350300.0,2026-08-19 16:00:25,0,-4.9,-2.24,19-Aug-2025,17-Jul-2026,20.740268028079132,-23.952095808383234,,,MMTC LIMITED,-2.27
0,ACIEQN,-7.9,ACI,EQ,N,505.0,84538,515.3,515.9,505.0,512.9,42980809.96,726.0,483.0,28968922020.98,2026-08-19 16:00:25,0,-27.69,-8.25,19-Aug-2025,17-Jul-2026,30.44077134986226,-4.554865424430642,,,ARCHEAN CHEMICAL INDUSTRIES LIMITED,-1.54
0,TVSSCSEQN,-1.56,TVSSCS,EQ,N,120.61,352752,122.77,122.84,120.4,122.17,42905225.76,146.5,90.32,15047460373.14,2026-08-19 16:00:25,0,-9.75,-11.02,19-Aug-2025,17-Jul-2026,17.67235494880546,-33.53631532329495,,,TVS SUPPLY CHAIN SOLUTIONS LIMITED,-1.28
0,REFEXEQN,-2.55,REFEX,EQ,N,296.9,143103,302.0,302.05,296.05,299.45,42643262.97,415.0,188.0,17851529961.08,2026-08-19 16:00:25,0,-22.41,-3.23,19-Aug-2025,17-Jul-2026,28.457831325301203,-57.92553191489362,,,REFEX INDUSTRIES LIMITED,-0.85
0,ZYDUSWELLEQN,-4.65,ZYDUSWELL,EQ,N,492.0,86155,497.0,500.4,491.35,496.65,42575216.35,611.85,367.55,47210039180.34,2026-08-19 16:00:25,0,21.88,-16.11,19-Aug-2025,17-Jul-2026,19.588134346653593,-33.85933886546048,,,ZYDUS WELLNESS LIMITED,-0.94
0,RTNINDIAEQN,-0.63,RTNINDIA,EQ,N,30.04,1357967,30.56,30.67,30.0,30.67,41037762.74,64.0,24.4,10394754967.73,2026-08-19 16:00:25,0,-44.24,-5.53,19-Aug-2025,17-Jul-2026,53.0625,-23.114754098360656,,,RATTANINDIA ENTERPRISES LIMITED,-2.05
0,NESCOEQN,-1.9,NESCO,EQ,N,1032.8,38385,1034.7,1047.9,1028.0,1034.7,39721949.55,1638.9,996.0,21626900136.25,2026-08-19 16:00:25,0,-27.31,-5.59,19-Aug-2025,17-Jul-2026,36.98212215510404,-3.6947791164658637,,,NESCO LIMITED,-0.18
0,TRAVELFOODEQN,-27.6,TRAVELFOOD,EQ,N,1318.8,29916,1349.5,1354.2,1318.0,1346.4,39720071.52,1470.9,1035.3,23979516030.78,2026-08-19 16:00:25,0,18.99,1.95,19-Aug-2025,17-Jul-2026,10.340607791148276,-27.383367139959432,,,TRAVEL FOOD SERVICES LIMITED,-2.05
0,SHYAMMETLEQN,-2.5,SHYAMMETL,EQ,N,988.1,38685,995.4,998.9,982.8,990.6,38274165.3,1090.0,746.0,69257592050.77,2026-08-19 16:00:25,0,4.44,-3.36,19-Aug-2025,17-Jul-2026,9.34862385321101,-32.45308310991957,,,SHYAM METALICS AND ENERGY LIMITED,-0.25
0,AWFISEQN,0.45,AWFIS,EQ,N,266.05,140063,265.0,269.2,264.85,265.6,37382814.7,639.4,229.05,13118441332.89,2026-08-19 16:00:25,0,-54.16,-7.72,19-Aug-2025,17-Jul-2026,58.390678761338755,-16.15367823619297,,,AWFIS SPACE SOLUTIONS LIMITED,0.17
0,IFBINDEQN,-10.9,IFBIND,EQ,N,1405.5,26037,1413.4,1415.9,1385.0,1416.4,36413265.24,2019.8,883.2,14231255332.72,2026-08-19 16:00:25,0,-6.3,5.98,19-Aug-2025,17-Jul-2026,30.413902366570948,-59.13722826086956,,,IFB INDUSTRIES LIMITED,-0.77
0,NFLEQN,-0.23,NFL,EQ,N,70.0,511032,70.23,71.26,70.0,70.23,36043086.96,102.97,63.35,8679283618.1,2026-08-19 16:00:25,0,-24.0,-3.53,19-Aug-2025,17-Jul-2026,32.01903467029232,-10.497237569060774,,,NATIONAL FERTILIZERS LIMITED,-0.33
0,HERITGFOODEQN,2.35,HERITGFOOD,EQ,N,361.95,100022,361.0,362.1,356.25,359.6,35880892.06,540.0,292.55,15341499247.5,2026-08-19 16:00:25,0,-22.96,9.25,19-Aug-2025,17-Jul-2026,32.97222222222222,-23.722440608443,,,HERITAGE FOODS LIMITED,0.65
0,CENTURYPLYEQN,-3.25,CENTURYPLY,EQ,N,745.0,47383,756.3,759.95,740.2,748.25,35583211.51,859.0,618.5,46463135154.82,2026-08-19 16:00:25,0,-1.72,-6.41,19-Aug-2025,17-Jul-2026,13.271245634458673,-20.452708164915116,,,CENTURY PLYBOARDS (INDIA) LIMITED,-0.43
0,RATNAMANIEQN,-58.6,RATNAMANI,EQ,N,2310.0,15351,2385.4,2390.0,2290.0,2368.6,35567038.92,3345.0,1936.5,60608875524.12,2026-08-19 16:00:25,0,-4.56,-10.56,19-Aug-2025,17-Jul-2026,30.94170403587444,-19.287374128582496,,,RATNAMANI METALS & TUBES LIMITED,-2.47
0,CSBBANKEQN,-3.0,CSBBANK,EQ,N,314.45,111560,317.45,317.6,314.2,317.45,35202758.0,574.4,312.95,31248939919.93,2026-08-19 16:00:25,0,-20.7,-14.73,19-Aug-2025,17-Jul-2026,45.25591922005571,-0.4793097938967886,,,CSB BANK LIMITED,-0.95
0,BANCOINDIAEQN,-6.05,BANCOINDIA,EQ,N,622.5,55044,631.0,631.0,621.0,628.55,34431122.88,879.8,502.0,27792457780.94,2026-08-19 16:00:25,0,6.27,-5.62,19-Aug-2025,17-Jul-2026,29.245283018867923,-24.00398406374502,,,BANCO PRODUCTS (I) LIMITED,-0.96
0,SHAREINDIAEQN,-3.08,SHAREINDIA,EQ,N,175.0,194833,178.0,178.0,173.98,178.08,34163966.55,211.0,115.36,13285991231.36,2026-08-19 16:00:25,0,9.83,-1.26,19-Aug-2025,17-Jul-2026,17.061611374407583,-51.699029126213595,,,SHARE INDIA SECURITIES LIMITED,-1.73
0,JLHLEQN,4.8,JLHL,EQ,N,323.0,103023,322.5,323.3,316.4,318.2,33036385.41,340.0,235.6,60174989923.56,2026-08-19 16:00:25,0,14.3,3.99,19-Aug-2025,17-Jul-2026,5.0,-37.096774193548384,,,JUPITER LIFE LINE HOSPITALS LIMITED,1.51
0,ARVINDFASNEQN,-8.05,ARVINDFASN,EQ,N,430.0,75845,438.0,438.0,427.85,438.05,32802962.5,579.0,366.2,36977853685.37,2026-08-19 16:00:25,0,-16.68,-7.74,19-Aug-2025,17-Jul-2026,25.734024179620036,-17.42217367558711,,,ARVIND FASHIONS LIMITED,-1.84
0,INDIACEMEQN,-8.0,INDIACEM,EQ,N,366.5,87660,374.95,376.8,366.2,374.5,32515723.8,485.8,342.35,25139204931.01,2026-08-19 16:00:25,0,-1.81,-10.68,19-Aug-2025,17-Jul-2026,24.557431041580898,-7.054184314298233,,,THE INDIA CEMENTS LIMITED,-2.14
0,ASHOKAEQN,-0.33,ASHOKA,EQ,N,111.5,287864,111.7,112.68,111.3,111.83,32206224.32,214.5,101.0,14240288175.8,2026-08-19 16:00:25,0,-38.42,-10.03,19-Aug-2025,17-Jul-2026,48.018648018648015,-10.396039603960396,,,ASHOKA BUILDCON LIMITED,-0.3
0,ANUPEQN,-15.3,ANUP,EQ,N,1809.9,17650,1835.3,1838.9,1800.0,1825.2,31962738.0,2576.0,1422.3,21387302759.18,2026-08-19 16:00:25,0,-21.49,-16.45,19-Aug-2025,17-Jul-2026,29.739906832298136,-27.251634676228644,,,THE ANUP ENGINEERING LIMITED,-0.84
0,CERAEQN,-110.0,CERA,EQ,N,5682.0,5531,5792.5,5838.5,5650.0,5792.0,31730240.8,6740.0,4461.1,32692575208.3,2026-08-19 16:00:25,0,-12.56,-6.04,19-Aug-2025,17-Jul-2026,15.697329376854599,-27.367689583286634,,,CERA SANITARYWARE LIMITED,-1.9
0,NIVABUPAEQN,0.35,NIVABUPA,EQ,N,84.09,368300,83.74,84.5,83.37,83.74,30937200.0,91.4,67.5,51926648090.07,2026-08-19 16:00:25,0,-0.13,-2.29,19-Aug-2025,17-Jul-2026,7.99781181619256,-24.57777777777778,,,NIVA BUPA HEALTH INSURANCE COMPANY LIMITED,0.42
0,DBLEQN,-5.2,DBL,EQ,N,416.0,72295,421.3,421.5,414.0,421.2,30065321.65,585.0,381.55,24907143821.31,2026-08-19 16:00:25,0,-15.4,1.86,19-Aug-2025,17-Jul-2026,28.88888888888889,-9.028960817717206,,,DILIP BUILDCON LIMITED,-1.23
0,ALOKINDSEQN,-0.12,ALOKINDS,EQ,N,11.36,2619244,11.41,11.52,11.35,11.48,29911766.48,19.34,11.11,14065014239.64,2026-08-19 16:00:25,0,-39.32,-7.79,19-Aug-2025,17-Jul-2026,41.26163391933816,-2.25022502250225,,,ALOK INDUSTRIES LIMITED,-1.05
0,BLUEDARTEQN,-10.5,BLUEDART,EQ,N,5075.0,5868,5110.5,5122.5,5050.0,5085.5,29755219.68,7036.0,4628.5,29938155999.67,2026-08-19 16:00:25,0,-13.23,3.02,19-Aug-2025,17-Jul-2026,27.870949403069925,-9.646753807929136,,,BLUE DART EXPRESS LIMITED,-0.21
0,JAIBALAJIEQN,-0.88,JAIBALAJI,EQ,N,66.94,404340,68.84,69.18,65.21,67.82,27139300.8,109.72,53.65,17442479433.03,2026-08-19 16:00:25,0,-35.6,3.94,19-Aug-2025,17-Jul-2026,38.99015676266861,-24.771668219944083,,,JAI BALAJI INDUSTRIES LIMITED,-1.3
0,SUBROSEQN,-8.25,SUBROS,EQ,N,738.0,35713,752.15,752.15,735.0,746.25,26435119.73,1213.7,622.1,14078696950.92,2026-08-19 16:00:25,0,-15.11,-8.22,19-Aug-2025,17-Jul-2026,39.19419955507951,-18.6304452660344,,,SUBROS LIMITED,-1.11
0,VMARTEQN,0.55,VMART,EQ,N,809.95,31646,815.0,815.0,799.7,809.4,25512688.74,888.0,457.9,35939063852.75,2026-08-19 16:00:25,0,4.46,8.54,19-Aug-2025,17-Jul-2026,8.789414414414415,-76.88359903909151,,,V-MART RETAIL LIMITED,0.07
0,MAHSCOOTEREQN,158.0,MAHSCOOTER,EQ,N,13384.0,1890,13293.0,13441.0,13178.0,13226.0,25260530.4,18538.0,10901.0,72610549096.83,2026-08-19 16:00:25,0,-16.4,2.93,19-Aug-2025,17-Jul-2026,27.802351925774087,-22.777726814053757,,,MAHARASHTRA SCOOTERS LIMITED,1.19
0,SANOFICONREQN,-106.6,SANOFICONR,EQ,N,4230.0,5312,4345.8,4345.8,4211.1,4336.6,22587686.4,5357.0,3975.0,27805774813.74,2026-08-19 16:00:25,0,-18.84,-7.38,19-Aug-2025,17-Jul-2026,21.03789434384917,-6.415094339622642,,,SANOFI CONSUMER HEALTHCARE INDIA LIMITED,-2.46
0,KANSAINEREQN,-0.15,KANSAINER,EQ,N,200.9,111941,201.05,201.99,198.71,201.05,22468797.52,264.0,157.91,40454043459.84,2026-08-19 16:00:25,0,-17.28,-0.19,19-Aug-2025,17-Jul-2026,23.901515151515152,-27.224368311063262,,,KANSAI NEROLAC PAINTS LIMITED,-0.07
0,ORKLAINDIAEQN,5.95,ORKLAINDIA,EQ,N,551.5,38521,542.3,555.15,542.3,545.55,21163052.19,760.0,533.25,12588747690.73,2026-08-19 16:00:25,0,0.0,-5.9,,17-Jul-2026,27.43421052631579,-3.4224097515236758,,,ORKLA INDIA LIMITED,1.09
0,SAFARIEQN,1.7,SAFARI,EQ,N,1484.5,13239,1482.0,1494.2,1474.0,1482.8,19630921.59,2507.1,1363.1,34333883188.83,2026-08-19 16:00:25,0,-27.12,-9.51,19-Aug-2025,17-Jul-2026,40.78816162099637,-8.90616976010564,,,SAFARI INDUSTRIES (INDIA) LIMITED,0.11
0,JSWDULUXEQN,-17.4,JSWDULUX,EQ,N,3093.0,6061,3123.4,3136.7,3092.2,3110.4,18823344.65,3745.0,2658.7,53209553076.09,2026-08-19 16:00:25,0,-9.09,1.94,19-Aug-2025,17-Jul-2026,17.40987983978638,-16.33505096475721,,,JSW DULUX LIMITED,-0.56
0,SMARTWORKSEQN,-8.4,SMARTWORKS,EQ,N,500.1,35122,503.95,507.95,500.1,508.5,17696570.92,619.0,361.5,14841040804.0,2026-08-19 16:00:25,0,4.79,9.79,19-Aug-2025,17-Jul-2026,19.208400646203554,-38.3402489626556,,,SMARTWORKS COWORKING SPACES LIMITED,-1.65
0,BIKAJIEQN,0.35,BIKAJI,EQ,N,609.0,28502,606.15,613.65,606.15,608.65,17394485.58,818.7,592.55,39842389563.13,2026-08-19 16:00:25,0,-21.16,-4.61,19-Aug-2025,17-Jul-2026,25.613777940637597,-2.7761370348493797,,,BIKAJI FOODS INTERNATIONAL LIMITED,0.06
0,TSFINVEQN,-0.3,TSFINV,EQ,N,415.9,38917,417.35,422.5,414.0,416.2,16206595.48,701.5,331.7,39015212564.13,2026-08-19 16:00:25,0,-18.04,-11.59,19-Aug-2025,17-Jul-2026,40.712758374910905,-25.384383479047333,,,TSF INVESTMENTS LIMITED,-0.07
0,GALLANTTEQN,-1.3,GALLANTT,EQ,N,575.0,27956,582.0,582.35,571.95,576.3,16110483.68,948.0,496.25,17151582647.82,2026-08-19 16:00:25,0,-7.35,-11.77,19-Aug-2025,17-Jul-2026,39.345991561181435,-15.869017632241814,,,GALLANTT ISPAT LIMITED,-0.23
0,SPLPETROEQN,-3.7,SPLPETRO,EQ,N,703.3,22107,712.6,712.6,700.0,707.0,15556253.76,979.0,462.3,44235994920.43,2026-08-19 16:00:25,0,-15.2,1.35,19-Aug-2025,17-Jul-2026,28.161389172625128,-52.13065109236427,,,SUPREME PETROCHEM LIMITED,-0.52
