priority,identifier,change,symbol,series,marketType,lastPrice,totalTradedVolume,open,dayHigh,dayLow,previousClose,totalTradedValue,yearHigh,yearLow,ffmc,lastUpdateTime,stockIndClosePrice,perChange365d,perChange30d,date365dAgo,date30dAgo,nearWKH,nearWKL,chart30Path,chart365Path,companyName,pChange
1,NIFTY TOTAL MARKET,-2.5,NIFTY TOTAL MARKET,,,13365.3,3189833919,13373.3,13373.55,13284.6,13367.8,1108057295263.43,13548.0,11436.55,,2026-08-12 15:39:59,0,5.23,1.43,11-Aug-2025,10-Jul-2026,1.3485385296722763,-16.864788769340404,,,,-0.02
0,TENNINDEQN,-11.6,TENNIND,EQ,N,539.0,58478202,542.0,551.0,525.0,550.6,30997540534.14,657.0,438.05,48876628731.87,2026-08-12 16:00:27,0,0.0,-8.57,,10-Jul-2026,17.960426179604262,-23.045314461819427,,,TENNECO CLEAN AIR INDIA LIMITED,-2.11
0,FINCABLESEQN,61.15,FINCABLES,EQ,N,1269.0,20153531,1240.0,1374.0,1233.0,1207.85,26522248331.31,1374.0,700.8,95810517420.02,2026-08-12 16:00:27,0,50.37,20.34,12-Aug-2025,10-Jul-2026,7.641921397379913,-81.07876712328768,,,FINOLEX CABLES LIMITED,5.06
0,AGARWALEYEEQN,-31.0,AGARWALEYE,EQ,N,511.0,48136246,509.0,514.95,501.0,542.0,24191351789.76,568.0,401.0,39589652745.39,2026-08-12 16:00:27,0,13.66,6.12,12-Aug-2025,10-Jul-2026,10.035211267605634,-27.43142144638404,,,DR. AGARWAL'S HEALTH CARE LIMITED,-5.72
0,GODREJCPEQN,-115.0,GODREJCP,EQ,N,910.0,22527411,922.5,951.8,907.8,1025.0,20807893718.37,1309.0,907.8,364713938659.18,2026-08-12 16:00:27,0,-24.2,-16.39,12-Aug-2025,10-Jul-2026,30.481283422459892,-0.24234412866270102,,,GODREJ CONSUMER PRODUCTS LIMITED,-11.22
0,BHARTIARTLEQN,29.8,BHARTIARTL,EQ,N,1945.0,10871157,1908.6,1945.0,1901.3,1915.2,20772715507.17,2174.5,1740.5,6039990754386.32,2026-08-12 16:00:27,0,5.12,1.28,12-Aug-2025,10-Jul-2026,10.554150379397562,-11.749497270899166,,,BHARTI AIRTEL LIMITED,1.56
0,HINDCOPPEREQN,15.2,HINDCOPPER,EQ,N,548.5,36903374,530.85,569.9,529.6,533.3,20489122278.54,760.05,226.7,179501196638.0,2026-08-12 16:00:27,0,129.25,10.0,12-Aug-2025,10-Jul-2026,27.83369515163476,-141.9497132774592,,,HINDUSTAN COPPER LIMITED,2.85
0,HDFCBANKEQN,0.0,HDFCBANK,EQ,N,729.0,26993177,729.0,730.65,722.0,729.0,19574642165.09,1020.5,722.0,11138321713800.95,2026-08-12 16:00:27,0,-25.99,-11.63,12-Aug-2025,10-Jul-2026,28.564429201371876,-0.9695290858725761,,,HDFC BANK LIMITED,0.0
0,SBINEQN,16.0,SBIN,EQ,N,1082.0,17673922,1066.0,1085.5,1066.0,1066.0,19077054667.58,1234.7,798.5,4459880792595.48,2026-08-12 16:00:27,0,31.85,4.44,12-Aug-2025,10-Jul-2026,12.367376690694096,-35.504070131496555,,,STATE BANK OF INDIA,1.5
0,MCXEQN,75.1,MCX,EQ,N,2970.1,6169318,2965.0,2987.9,2880.1,2895.0,18167284260.04,3480.0,1460.8,755575290085.63,2026-08-12 16:00:27,0,82.18,7.2,12-Aug-2025,10-Jul-2026,14.652298850574713,-103.32009857612267,,,MULTI COMMODITY EXCHANGE OF INDIA LIMITED,2.59
0,TCSEQN,-96.0,TCS,EQ,N,2349.7,7022647,2445.7,2445.8,2300.1,2445.7,16440859344.64,3350.0,1976.8,2392282652989.47,2026-08-12 16:00:27,0,-22.59,13.57,12-Aug-2025,10-Jul-2026,29.859701492537315,-18.863820315661677,,,TATA CONSULTANCY SERVICES LIMITED,-3.93
0,TDPOWERSYSEQN,208.4,TDPOWERSYS,EQ,N,1484.0,11127581,1395.0,1530.0,1358.4,1275.6,16258953702.34,1530.0,478.0,168713071282.28,2026-08-12 16:00:27,0,200.37,29.02,12-Aug-2025,10-Jul-2026,3.0065359477124183,-210.4602510460251,,,TD POWER SYSTEMS LIMITED,16.34
0,MARKSANSEQN,30.75,MARKSANS,EQ,N,309.7,47809908,280.0,320.0,277.45,278.95,14865534694.44,320.0,155.0,66406674068.86,2026-08-12 16:00:27,0,65.85,13.69,12-Aug-2025,10-Jul-2026,3.21875,-99.80645161290323,,,MARKSANS PHARMA LIMITED,11.02
0,HALEQN,86.0,HAL,EQ,N,4995.0,2901166,4909.0,5055.0,4803.4,4909.0,14389290161.78,5055.0,3479.1,944942720391.0,2026-08-12 16:00:27,0,13.28,10.83,12-Aug-2025,10-Jul-2026,1.1869436201780414,-43.571613348279726,,,HINDUSTAN AERONAUTICS LIMITED,1.75
0,NATIONALUMEQN,32.0,NATIONALUM,EQ,N,420.0,34388331,398.5,422.2,398.5,388.0,14327210344.53,445.15,183.86,375580584709.77,2026-08-12 16:00:27,0,125.18,18.36,12-Aug-2025,10-Jul-2026,5.6497809727058295,-128.43467855977374,,,NATIONAL ALUMINIUM COMPANY LIMITED,8.25
0,CUPIDEQN,13.35,CUPID,EQ,N,290.0,48203967,281.0,290.0,279.42,276.65,13848517679.43,290.0,31.82,195730357851.81,2026-08-12 16:00:27,0,776.66,36.64,12-Aug-2025,10-Jul-2026,0.0,-811.3764927718416,,,CUPID LIMITED,4.83
0,BSEEQN,-78.0,BSE,EQ,N,3527.0,3896840,3605.0,3605.9,3501.0,3605.0,13802022754.0,4446.8,2021.5,1437237585582.12,2026-08-12 16:00:27,0,48.9,-7.47,12-Aug-2025,10-Jul-2026,20.6845371952865,-74.47440019787287,,,BSE LIMITED,-2.16
0,ICICIBANKEQN,2.1,ICICIBANK,EQ,N,1431.7,8201733,1429.4,1435.0,1418.6,1429.6,11693128720.77,1480.0,1187.6,10230903585858.85,2026-08-12 16:00:27,0,0.68,2.18,12-Aug-2025,10-Jul-2026,3.2635135135135136,-20.55405860559111,,,ICICI BANK LIMITED,0.15
0,MANAPPURAMEQN,-7.4,MANAPPURAM,EQ,N,352.6,31501308,369.95,369.95,351.0,360.0,11294478970.32,381.55,245.15,192984753166.72,2026-08-12 16:00:27,0,38.79,3.31,12-Aug-2025,10-Jul-2026,7.587472153059887,-43.83030797470936,,,MANAPPURAM FINANCE LIMITED,-2.06
0,RELIANCEEQN,5.1,RELIANCE,EQ,N,1329.0,7901012,1323.9,1329.0,1309.2,1323.9,10400260115.84,1611.8,1249.8,8953129269444.92,2026-08-12 16:00:27,0,-3.72,1.62,12-Aug-2025,10-Jul-2026,17.54560119121479,-6.337013922227556,,,RELIANCE INDUSTRIES LIMITED,0.39
0,IDEAEQN,0.61,IDEA,EQ,N,13.5,772547405,12.93,13.69,12.83,12.89,10274880486.5,15.34,6.12,370627763172.98,2026-08-12 16:00:27,0,108.66,-4.86,12-Aug-2025,10-Jul-2026,11.994784876140809,-120.58823529411765,,,VODAFONE IDEA LIMITED,4.73
0,HINDALCOEQN,29.4,HINDALCO,EQ,N,1078.5,8786842,1063.2,1087.95,1056.9,1049.1,9484341517.96,1176.0,657.5,1557191990649.57,2026-08-12 16:00:27,0,61.68,11.48,12-Aug-2025,10-Jul-2026,8.290816326530612,-64.03041825095058,,,HINDALCO INDUSTRIES LIMITED,2.8
0,LTEQN,-17.4,LT,EQ,N,4020.0,2226623,4038.0,4044.1,3990.0,4037.4,8913283200.15,4440.0,3288.1,4692001319859.22,2026-08-12 16:00:27,0,9.06,1.88,12-Aug-2025,10-Jul-2026,9.45945945945946,-22.259055381527325,,,LARSEN & TOUBRO LIMITED,-0.43
0,INFYEQN,-14.6,INFY,EQ,N,1176.1,7529777,1185.6,1190.4,1163.3,1190.7,8835289736.26,1728.0,982.4,4114446606006.92,2026-08-12 16:00:27,0,-17.41,10.12,12-Aug-2025,10-Jul-2026,31.93865740740741,-19.71701954397394,,,INFOSYS LIMITED,-1.23
0,AXISBANKEQN,0.2,AXISBANK,EQ,N,1230.0,7218881,1230.0,1234.9,1216.9,1229.8,8832589658.74,1418.3,1042.5,3523986318067.03,2026-08-12 16:00:27,0,14.95,-7.08,12-Aug-2025,10-Jul-2026,13.276457731086513,-17.985611510791365,,,AXIS BANK LIMITED,0.02
0,LICIEQN,11.0,LICI,EQ,N,417.0,20957554,409.0,417.0,404.7,406.0,8625290924.24,468.48,360.75,184626682892.19,2026-08-12 16:00:27,0,-9.0,-5.88,12-Aug-2025,10-Jul-2026,10.988729508196721,-15.592515592515593,,,LIFE INSURANCE CORPORATION OF INDIA,2.71
0,GRASIMEQN,-14.4,GRASIM,EQ,N,3307.8,2309486,3325.1,3393.9,3270.6,3322.2,7694583790.78,3411.1,2502.5,1244596597199.23,2026-08-12 16:00:27,0,20.71,2.93,12-Aug-2025,10-Jul-2026,3.0283486265427575,-32.17982017982018,,,GRASIM INDUSTRIES LIMITED,-0.43
0,BAJFINANCEEQN,0.9,BAJFINANCE,EQ,N,1094.2,7054842,1093.0,1094.7,1080.0,1093.3,7662687186.72,1176.4,787.9,2924498399047.82,2026-08-12 16:00:27,0,28.28,7.22,12-Aug-2025,10-Jul-2026,6.987419245154709,-38.87549181368194,,,BAJAJ FINANCE LIMITED,0.08
0,TMPVEQN,-4.6,TMPV,EQ,N,343.0,22384343,348.4,351.25,334.2,347.6,7611795837.15,739.7,294.3,714902171635.58,2026-08-12 16:00:27,0,-47.56,1.49,12-Aug-2025,10-Jul-2026,53.62984993916453,-16.54774040095141,,,TATA MOTORS PASSENGER VEHICLES LIMITED,-1.32
0,APOLLOHOSPEQN,-153.5,APOLLOHOSP,EQ,N,8597.0,876688,8750.5,8775.5,8507.5,8750.5,7517538231.84,9050.0,6696.5,882243680665.95,2026-08-12 16:00:27,0,18.8,-2.76,12-Aug-2025,10-Jul-2026,5.005524861878453,-28.38049727469574,,,APOLLO HOSPITALS ENTERPRISE LIMITED,-1.75
0,ATHERENERGEQN,47.2,ATHERENERG,EQ,N,1572.6,4521175,1531.7,1580.0,1511.1,1525.4,7024233115.25,1580.0,398.2,309796049291.16,2026-08-12 16:00:27,0,292.07,28.29,12-Aug-2025,10-Jul-2026,0.46835443037974683,-294.92717227523855,,,ATHER ENERGY LIMITED,3.09
0,TATASTEELEQN,-2.05,TATASTEEL,EQ,N,186.2,36484049,188.35,188.88,183.6,188.25,6765602046.56,224.4,153.05,1534839221955.62,2026-08-12 16:00:27,0,16.26,-2.61,12-Aug-2025,10-Jul-2026,17.023172905525847,-21.659588369813786,,,TATA STEEL LIMITED,-1.09
0,APARINDSEQN,1452.0,APARINDS,EQ,N,18200.0,378780,16899.0,18465.0,16850.0,16748.0,6616915395.6,18465.0,6801.0,306742362729.29,2026-08-12 16:00:27,0,106.5,29.46,12-Aug-2025,10-Jul-2026,1.4351475764960737,-167.60770474930158,,,APAR INDUSTRIES LIMITED,8.67
0,BLUESTONEEQN,68.2,BLUESTONE,EQ,N,906.05,7488828,846.0,911.0,830.05,837.85,6584701795.56,911.0,399.8,66466893496.22,2026-08-12 16:00:27,0,0.0,56.03,,10-Jul-2026,0.5433589462129528,-126.62581290645322,,,BLUESTONE JEWELLERY AND LIFESTYLE LIMITED,8.14
0,POWERINDIAEQN,800.0,POWERINDIA,EQ,N,35800.0,180600,35000.0,35925.0,34730.0,35000.0,6412067550.0,38785.0,16111.0,454119182235.48,2026-08-12 16:00:27,0,72.99,9.8,12-Aug-2025,10-Jul-2026,7.696274332860642,-122.20842902364843,,,HITACHI ENERGY INDIA LIMITED,2.29
0,ETERNALEQN,-3.95,ETERNAL,EQ,N,314.05,19976751,318.95,318.95,312.6,318.0,6289680052.35,368.45,212.6,2264081952979.35,2026-08-12 16:00:27,0,2.66,8.42,12-Aug-2025,10-Jul-2026,14.764554213597503,-47.71872060206962,,,ETERNAL LIMITED,-1.24
0,M&MEQN,-56.5,M&M,EQ,N,3403.6,1834082,3460.0,3471.8,3403.6,3460.1,6275770083.5,3839.9,2896.0,3030164097819.6,2026-08-12 16:00:27,0,5.16,8.76,12-Aug-2025,10-Jul-2026,11.362275059246334,-17.527624309392266,,,MAHINDRA & MAHINDRA LIMITED,-1.63
0,HFCLEQN,6.81,HFCL,EQ,N,221.05,28062533,215.4,223.61,215.0,214.24,6175441011.98,229.5,59.82,225735832374.7,2026-08-12 16:00:27,0,207.06,1.75,12-Aug-2025,10-Jul-2026,3.681917211328976,-269.5252423938482,,,HFCL LIMITED,3.18
0,TECHMEQN,-18.0,TECHM,EQ,N,1625.0,3746023,1654.0,1657.0,1622.1,1643.0,6132052349.85,1854.0,1304.1,1029159367384.83,2026-08-12 16:00:27,0,7.67,11.7,12-Aug-2025,10-Jul-2026,12.351672060409925,-24.60700866497968,,,TECH MAHINDRA LIMITED,-1.1
0,PNBEQN,4.95,PNB,EQ,N,118.98,51235935,113.95,119.5,113.72,114.03,6045840330.0,135.15,98.5,408625121160.49,2026-08-12 16:00:27,0,11.56,12.87,12-Aug-2025,10-Jul-2026,11.964483906770255,-20.79187817258883,,,PUNJAB NATIONAL BANK,4.34
0,BHELEQN,17.0,BHEL,EQ,N,420.0,14607097,404.5,420.2,403.25,403.0,6031124280.33,446.5,205.12,610543247634.02,2026-08-12 16:00:27,0,88.45,6.26,12-Aug-2025,10-Jul-2026,5.93505039193729,-104.75819032761311,,,BHARAT HEAVY ELECTRICALS LIMITED,4.22
0,EMILEQN,8.25,EMIL,EQ,N,193.0,31604982,185.02,195.0,183.01,184.75,6015376224.06,195.0,84.9,25861315108.96,2026-08-12 16:00:27,0,58.22,43.64,12-Aug-2025,10-Jul-2026,1.0256410256410255,-127.32626619552414,,,ELECTRONICS MART INDIA LIMITED,4.47
0,HEROMOTOCOEQN,29.5,HEROMOTOCO,EQ,N,5895.0,996651,5875.0,5916.0,5844.0,5865.5,5873533438.77,6388.5,4539.0,763133264684.75,2026-08-12 16:00:27,0,26.91,19.11,12-Aug-2025,10-Jul-2026,7.724818032401973,-29.87442167878387,,,HERO MOTOCORP LIMITED,0.5
0,TITANEQN,-29.0,TITAN,EQ,N,5099.0,1105157,5128.0,5128.0,4992.0,5128.0,5586005004.93,5168.0,3303.1,2099313530838.3,2026-08-12 16:00:27,0,46.24,11.23,12-Aug-2025,10-Jul-2026,1.335139318885449,-54.37013714389513,,,TITAN COMPANY LIMITED,-0.57
0,KALYANKJILEQN,-5.5,KALYANKJIL,EQ,N,596.7,9251306,605.0,608.6,585.05,602.2,5514055915.18,648.95,327.05,228640840853.05,2026-08-12 16:00:27,0,14.16,25.32,12-Aug-2025,10-Jul-2026,8.05146775560521,-82.44916679406819,,,KALYAN JEWELLERS INDIA LIMITED,-0.91
0,PIINDEQN,-247.0,PIIND,EQ,N,2483.0,2138051,2700.5,2700.6,2457.0,2730.0,5451709342.35,3917.8,2457.0,200602446472.57,2026-08-12 16:00:27,0,-35.3,-4.77,12-Aug-2025,10-Jul-2026,36.622594313134925,-1.0582010582010581,,,PI INDUSTRIES LIMITED,-9.05
0,ZYDUSLIFEEQN,14.0,ZYDUSLIFE,EQ,N,1205.0,4567528,1190.0,1205.0,1151.0,1191.0,5438966667.12,1205.0,835.5,298024329612.06,2026-08-12 16:00:27,0,26.09,4.71,12-Aug-2025,10-Jul-2026,0.0,-44.22501496110114,,,ZYDUS LIFESCIENCES LIMITED,1.18
0,KPILEQN,51.3,KPIL,EQ,N,1399.0,3715117,1348.3,1468.0,1348.3,1347.7,5292667131.71,1479.6,1007.1,158378742135.85,2026-08-12 16:00:27,0,13.89,3.48,12-Aug-2025,10-Jul-2026,5.447418221140849,-38.9137126402542,,,KALPATARU PROJECTS INTERNATIONAL LIMITED,3.81
0,BELEQN,-0.15,BEL,EQ,N,405.7,13125672,406.0,406.25,399.3,405.85,5284526803.92,473.45,361.2,1449031469387.71,2026-08-12 16:00:27,0,6.66,-2.21,12-Aug-2025,10-Jul-2026,14.309853205195902,-12.320044296788483,,,BHARAT ELECTRONICS LIMITED,-0.04
0,ARE&MEQN,-0.45,ARE&M,EQ,N,969.8,5108022,970.25,1017.3,962.2,970.25,5065574337.18,1057.85,670.0,118423824302.44,2026-08-12 16:00:27,0,1.51,8.96,12-Aug-2025,10-Jul-2026,8.323486316585527,-44.74626865671642,,,AMARA RAJA ENERGY & MOBILITY LIMITED,-0.05
0,GROWWEQN,3.8,GROWW,EQ,N,197.3,25335276,193.7,198.0,192.4,193.5,4956593396.64,227.2,112.0,151418940449.81,2026-08-12 16:00:27,0,0.0,-3.51,,10-Jul-2026,13.160211267605634,-76.16071428571429,,,BILLIONBRAINS GARAGE VENTURES LIMITED,1.96
0,MARUTIEQN,-115.0,MARUTI,EQ,N,13875.0,354408,13990.0,14067.0,13875.0,13990.0,4949378601.6,17370.0,12201.0,1805003648485.22,2026-08-12 16:00:27,0,8.06,0.15,12-Aug-2025,10-Jul-2026,20.120898100172713,-13.720186869928694,,,MARUTI SUZUKI INDIA LIMITED,-0.82
0,DIVISLABEQN,21.5,DIVISLAB,EQ,N,8600.0,559195,8630.0,8674.0,8471.5,8578.5,4795091533.05,8674.0,5636.5,1089904722612.47,2026-08-12 16:00:27,0,44.27,25.8,12-Aug-2025,10-Jul-2026,0.853124279455845,-52.57695378337621,,,DIVI'S LABORATORIES LIMITED,0.25
0,GVT&DEQN,-13.5,GVT&D,EQ,N,4406.5,1048083,4429.1,4549.0,4374.9,4420.0,4669880538.12,5650.0,2523.2,544500390117.93,2026-08-12 16:00:27,0,57.4,-5.79,12-Aug-2025,10-Jul-2026,22.008849557522122,-74.63934686112873,,,GE VERNOVA T&D INDIA LIMITED,-0.31
0,KAYNESEQN,110.3,KAYNES,EQ,N,3828.0,1218140,3718.1,3860.0,3700.5,3717.7,4609307764.6,7705.0,2995.0,119410784973.27,2026-08-12 16:00:27,0,-34.1,14.74,12-Aug-2025,10-Jul-2026,50.317975340687866,-27.813021702838064,,,KAYNES TECHNOLOGY INDIA LIMITED,2.97
0,FORCEMOTEQN,939.0,FORCEMOT,EQ,N,19269.0,240317,18347.0,19399.0,18347.0,18330.0,4588942032.29,26450.0,14911.0,92555666737.71,2026-08-12 16:00:27,0,1.85,6.05,12-Aug-2025,10-Jul-2026,27.149338374291116,-29.226745355777613,,,FORCE MOTORS LTD,5.12
0,PFCEQN,-4.5,PFC,EQ,N,376.5,12028949,381.0,381.65,375.3,381.0,4539605063.11,486.5,329.9,546688645120.04,2026-08-12 16:00:27,0,-9.43,-7.38,12-Aug-2025,10-Jul-2026,22.61048304213772,-14.125492573507124,,,POWER FINANCE CORPORATION LIMITED,-1.18
0,FLUOROCHEMEQN,117.8,FLUOROCHEM,EQ,N,4534.0,979035,4440.0,4695.0,4410.0,4416.2,4493418197.4,4695.0,2916.6,190654341360.6,2026-08-12 16:00:27,0,31.95,15.03,12-Aug-2025,10-Jul-2026,3.4291799787007453,-55.45498182815607,,,GUJARAT FLUOROCHEMICALS LIMITED,2.67
0,DIXONEQN,-223.0,DIXON,EQ,N,13800.0,325889,14061.0,14090.0,13670.0,14023.0,4488876558.25,18471.0,9600.0,571451757376.48,2026-08-12 16:00:27,0,-12.81,2.82,12-Aug-2025,10-Jul-2026,25.288289751502354,-43.75,,,DIXON TECHNOLOGIES (INDIA) LIMITED,-1.59
0,BOSCHLTDEQN,1295.0,BOSCHLTD,EQ,N,46480.0,96508,45040.0,46735.0,45040.0,45185.0,4475980239.96,46735.0,28610.0,402079270369.11,2026-08-12 16:00:27,0,20.38,11.16,12-Aug-2025,10-Jul-2026,0.5456296137798224,-62.46067808458581,,,BOSCH LIMITED,2.87
0,HINDZINCEQN,-2.05,HINDZINC,EQ,N,584.6,7584733,589.95,597.8,576.5,586.65,4470972561.51,733.0,414.55,280351378455.44,2026-08-12 16:00:27,0,38.06,8.87,12-Aug-2025,10-Jul-2026,20.24556616643929,-41.020383548426004,,,HINDUSTAN ZINC LIMITED,-0.35
0,ZEELEQN,6.54,ZEEL,EQ,N,98.1,45453756,92.5,98.85,90.26,91.56,4325379420.96,124.14,68.0,89816097106.72,2026-08-12 16:00:27,0,-13.4,0.65,12-Aug-2025,10-Jul-2026,20.97631706138231,-44.26470588235294,,,ZEE ENTERTAINMENT ENTERPRISES LIMITED,7.14
0,KOTAKBANKEQN,-2.4,KOTAKBANK,EQ,N,390.5,10733474,391.0,394.25,387.5,392.9,4189704241.16,453.2,345.5,2867270542908.54,2026-08-12 16:00:27,0,-0.33,3.42,12-Aug-2025,10-Jul-2026,13.83495145631068,-13.024602026049203,,,KOTAK MAHINDRA BANK LIMITED,-0.61
0,PAYTMEQN,16.3,PAYTM,EQ,N,1610.0,2609810,1593.7,1623.7,1591.3,1593.7,4184778138.8,1639.9,930.6,676783028071.65,2026-08-12 16:00:27,0,43.75,19.99,12-Aug-2025,10-Jul-2026,1.8232819074333801,-73.0066623683645,,,ONE 97 COMMUNICATIONS LIMITED,1.02
0,BHARATFORGEQN,30.5,BHARATFORG,EQ,N,2081.5,1981864,2051.0,2081.5,2042.9,2051.0,4093837371.6,2295.0,1100.5,553261846819.41,2026-08-12 16:00:27,0,80.62,-1.68,12-Aug-2025,10-Jul-2026,9.302832244008714,-89.14129940935938,,,BHARAT FORGE LIMITED,1.49
0,UNIONBANKEQN,4.5,UNIONBANK,EQ,N,187.0,22005359,182.5,187.6,181.82,182.5,4093216827.59,205.49,124.64,360328428977.14,2026-08-12 16:00:27,0,37.97,13.67,12-Aug-2025,10-Jul-2026,8.99800476908852,-50.03209242618742,,,UNION BANK OF INDIA,2.47
0,HINDPETROEQN,-0.85,HINDPETRO,EQ,N,390.0,10513694,392.0,393.0,385.8,390.85,4088775596.6,508.45,316.2,373469365343.41,2026-08-12 16:00:27,0,-4.42,-1.34,12-Aug-2025,10-Jul-2026,23.29629265414495,-23.33965844402277,,,HINDUSTAN PETROLEUM CORPORATION LIMITED,-0.22
0,SHRIRAMFINEQN,-12.7,SHRIRAMFIN,EQ,N,1117.2,3582194,1135.5,1135.5,1117.0,1129.9,4029717496.42,1153.7,566.5,1560320509207.88,2026-08-12 16:00:27,0,82.58,7.0,12-Aug-2025,10-Jul-2026,3.1637340729825776,-97.21094439541041,,,SHRIRAM FINANCE LIMITED,-1.12
0,TVSMOTOREQN,-25.0,TVSMOTOR,EQ,N,4375.0,911635,4400.0,4427.8,4347.2,4400.0,3995413598.15,4475.0,2955.5,1024853171449.66,2026-08-12 16:00:27,0,47.61,20.75,12-Aug-2025,10-Jul-2026,2.2346368715083798,-48.02909829132127,,,TVS MOTOR COMPANY LIMITED,-0.57
0,CHENNPETROEQN,-49.1,CHENNPETRO,EQ,N,1377.0,2824270,1418.0,1444.0,1370.1,1426.1,3974679899.1,1449.0,620.85,66048566799.36,2026-08-12 16:00:27,0,108.38,16.63,12-Aug-2025,10-Jul-2026,4.968944099378882,-121.7927035515825,,,CHENNAI PETROLEUM CORPORATION LIMITED,-3.44
0,RECLTDEQN,1.3,RECLTD,EQ,N,346.0,11330857,344.7,347.2,339.0,344.7,3885804099.58,390.5,304.05,430968217493.09,2026-08-12 16:00:27,0,-10.23,-1.69,12-Aug-2025,10-Jul-2026,11.395646606914212,-13.79707284986022,,,REC LIMITED,0.38
0,ULTRACEMCOEQN,111.0,ULTRACEMCO,EQ,N,11891.0,328113,11790.0,11891.0,11650.0,11780.0,3845986372.89,13110.0,10325.0,1403206342604.57,2026-08-12 16:00:27,0,-4.48,1.54,12-Aug-2025,10-Jul-2026,9.298245614035087,-15.167070217917676,,,ULTRATECH CEMENT LIMITED,0.94
0,FORTISEQN,-35.2,FORTIS,EQ,N,900.0,4300020,935.25,936.0,879.1,935.2,3839014855.8,1104.3,766.8,467695666736.22,2026-08-12 16:00:27,0,-3.4,-7.02,12-Aug-2025,10-Jul-2026,18.50040749796251,-17.370892018779344,,,FORTIS HEALTHCARE LIMITED,-3.76
0,EPLEQN,6.18,EPL,EQ,N,241.96,15355500,244.27,259.83,236.29,235.78,3817530855.0,259.83,176.4,33674068491.09,2026-08-12 16:00:27,0,4.57,1.85,12-Aug-2025,10-Jul-2026,6.877573798252704,-37.16553287981859,,,EPL LIMITED,2.62
0,INDUSTOWEREQN,14.05,INDUSTOWER,EQ,N,383.4,10079537,370.0,385.2,369.75,369.35,3795348861.98,481.5,312.55,492618025323.09,2026-08-12 16:00:27,0,12.93,-5.6,12-Aug-2025,10-Jul-2026,20.373831775700936,-22.66837306031035,,,INDUS TOWERS LIMITED,3.8
0,DATAPATTNSEQN,112.4,DATAPATTNS,EQ,N,4504.0,836820,4403.0,4546.1,4399.9,4391.6,3760217197.2,4955.9,2131.0,135418122243.73,2026-08-12 16:00:27,0,78.37,3.71,12-Aug-2025,10-Jul-2026,9.118424504126395,-111.35617081182544,,,DATA PATTERNS (INDIA) LIMITED,2.56
0,TMCVEQN,6.85,TMCV,EQ,N,456.9,8148968,451.0,459.5,448.3,450.05,3702565100.48,509.0,306.3,951646021366.95,2026-08-12 16:00:27,0,0.0,8.14,,10-Jul-2026,10.235756385068763,-49.16748285994123,,,TATA MOTORS LIMITED,1.52
0,ITCEQN,-2.85,ITC,EQ,N,276.15,12630816,279.0,279.55,275.4,279.0,3502146352.32,427.0,275.0,2654549386920.31,2026-08-12 16:00:27,0,-33.67,-1.99,12-Aug-2025,10-Jul-2026,35.32786885245902,-0.41818181818181815,,,ITC LIMITED,-1.02
0,CANBKEQN,1.7,CANBK,EQ,N,132.0,26542679,130.0,133.11,129.6,130.3,3500448506.52,162.89,103.55,442401168621.54,2026-08-12 16:00:27,0,20.49,2.5,12-Aug-2025,10-Jul-2026,18.963717846399412,-27.47464992757122,,,CANARA BANK,1.3
0,ADANIENTEQN,-9.8,ADANIENT,EQ,N,2985.7,1160458,3020.0,3020.0,2943.0,2995.5,3444865991.32,3245.0,1753.0,893858811102.54,2026-08-12 16:00:27,0,34.4,-5.44,12-Aug-2025,10-Jul-2026,7.99075500770416,-70.31945236737022,,,ADANI ENTERPRISES LIMITED,-0.33
0,NTPCEQN,1.0,NTPC,EQ,N,339.45,10152704,338.45,341.35,335.35,338.45,3428060505.6,414.4,315.55,1604777195169.32,2026-08-12 16:00:27,0,-0.19,-1.48,12-Aug-2025,10-Jul-2026,18.086389961389962,-7.574077008398035,,,NTPC LIMITED,0.3
0,PINELABSEQN,2.37,PINELABS,EQ,N,169.95,19985559,168.52,171.05,164.51,167.58,3355575356.1,284.0,134.73,36857045577.6,2026-08-12 16:00:27,0,0.0,16.99,,10-Jul-2026,40.15845070422535,-26.141171231351592,,,PINE LABS LIMITED,1.41
0,JIOFINEQN,3.3,JIOFIN,EQ,N,256.05,13290344,252.75,256.05,249.0,252.75,3349831205.2,333.7,223.3,837774118037.73,2026-08-12 16:00:27,0,-21.7,5.82,12-Aug-2025,10-Jul-2026,23.269403655978422,-14.666368114643976,,,JIO FINANCIAL SERVICES LIMITED,1.31
0,SAILEQN,1.0,SAIL,EQ,N,174.0,18936094,172.69,175.9,171.16,173.0,3287684640.28,209.7,118.1,250845371639.22,2026-08-12 16:00:27,0,42.4,3.6,12-Aug-2025,10-Jul-2026,17.024320457796854,-47.33276883996613,,,STEEL AUTHORITY OF INDIA LIMITED,0.58
0,AARTIPHARMEQN,10.3,AARTIPHARM,EQ,N,894.0,3552033,875.5,930.95,875.1,883.7,3220131036.48,946.1,585.0,45840895781.74,2026-08-12 16:00:27,0,4.41,26.01,12-Aug-2025,10-Jul-2026,5.506817461156326,-52.82051282051282,,,AARTI PHARMALABS LIMITED,1.17
0,NESTLEINDEQN,13.8,NESTLEIND,EQ,N,1507.0,1990581,1503.0,1515.7,1495.3,1493.2,2993794012.38,1553.0,1084.7,1077513215645.23,2026-08-12 16:00:27,0,38.12,3.56,12-Aug-2025,10-Jul-2026,2.962009014810045,-38.93242371162533,,,NESTLE INDIA LIMITED,0.92
0,SUNPHARMAEQN,2.0,SUNPHARMA,EQ,N,1944.0,1536383,1942.0,1945.7,1926.8,1942.0,2971564451.79,2046.9,1548.0,2052700954664.01,2026-08-12 16:00:27,0,19.84,0.44,12-Aug-2025,10-Jul-2026,5.027114172651326,-25.58139534883721,,,SUN PHARMACEUTICAL INDUSTRIES LIMITED,0.1
0,CUMMINSINDEQN,-13.5,CUMMINSIND,EQ,N,5365.0,554039,5366.5,5406.5,5330.0,5378.5,2965593474.52,6100.0,3729.5,722689687566.0,2026-08-12 16:00:27,0,42.69,-4.56,12-Aug-2025,10-Jul-2026,12.049180327868852,-43.85306341332618,,,CUMMINS INDIA LIMITED,-0.25
0,LENSKARTEQN,-4.2,LENSKART,EQ,N,585.0,5027988,592.9,593.35,581.3,589.2,2962591089.36,593.35,356.1,195572815255.89,2026-08-12 16:00:27,0,0.0,7.61,,10-Jul-2026,1.4072638409033453,-64.27969671440607,,,LENSKART SOLUTIONS LIMITED,-0.71
0,NETWEBEQN,-14.5,NETWEB,EQ,N,4845.3,613049,4866.0,4907.9,4753.0,4859.8,2958335384.89,5244.0,2037.3,91075878850.85,2026-08-12 16:00:27,0,131.44,12.55,12-Aug-2025,10-Jul-2026,7.602974828375286,-137.8294801943749,,,NETWEB TECHNOLOGIES INDIA LIMITED,-0.3
0,JSWINFRAEQN,6.15,JSWINFRA,EQ,N,348.0,8419123,341.85,355.0,339.0,341.85,2941304811.28,355.8,233.42,207051376608.62,2026-08-12 16:00:27,0,16.97,5.44,12-Aug-2025,10-Jul-2026,2.1922428330522767,-49.08748179247708,,,JSW INFRASTRUCTURE LIMITED,1.8
0,PIDILITINDEQN,15.7,PIDILITIND,EQ,N,1701.5,1724562,1685.8,1701.5,1679.0,1685.8,2918459026.98,1701.5,1259.0,525775846755.9,2026-08-12 16:00:27,0,9.72,6.44,12-Aug-2025,10-Jul-2026,0.0,-35.14694201747419,,,PIDILITE INDUSTRIES LIMITED,0.93
0,VEDLEQN,0.8,VEDL,EQ,N,275.8,10568708,276.25,281.0,273.0,275.0,2917174782.16,795.0,249.7,466386535605.75,2026-08-12 16:00:27,0,-36.34,1.19,12-Aug-2025,10-Jul-2026,65.30817610062893,-10.452543051661994,,,VEDANTA LIMITED,0.29
0,SIEMENSEQN,8.0,SIEMENS,EQ,N,4019.0,716413,4022.0,4097.9,3991.7,4011.0,2887115733.48,4097.9,2826.0,354278325322.36,2026-08-12 16:00:27,0,28.19,14.94,12-Aug-2025,10-Jul-2026,1.9253764123087436,-42.21514508138712,,,SIEMENS LIMITED,0.2
0,ADANIPOWEREQN,-2.01,ADANIPOWER,EQ,N,206.99,13943707,209.0,209.69,205.02,209.0,2881327614.48,254.2,114.24,856479485828.21,2026-08-12 16:00:27,0,74.97,-5.25,12-Aug-2025,10-Jul-2026,18.571990558615262,-81.18872549019608,,,ADANI POWER LIMITED,-0.96
0,ADANIGREENEQN,-33.7,ADANIGREEN,EQ,N,1332.3,2152786,1370.0,1371.0,1315.0,1366.0,2869814433.02,1631.5,765.0,445417737053.11,2026-08-12 16:00:27,0,43.12,-13.3,12-Aug-2025,10-Jul-2026,18.33895188476862,-74.15686274509804,,,ADANI GREEN ENERGY LIMITED,-2.47
0,DELHIVERYEQN,-3.2,DELHIVERY,EQ,N,470.25,6123936,475.3,475.3,466.8,473.45,2868451622.4,524.0,374.45,262726383345.13,2026-08-12 16:00:27,0,1.43,-9.62,12-Aug-2025,10-Jul-2026,10.257633587786259,-25.584190145546803,,,DELHIVERY LIMITED,-0.68
0,COFORGEEQN,-17.5,COFORGE,EQ,N,1801.5,1592301,1819.0,1819.1,1780.4,1819.0,2867877408.09,1989.7,1008.1,625280967206.76,2026-08-12 16:00:27,0,10.83,19.8,12-Aug-2025,10-Jul-2026,9.458712368698798,-78.70250967165956,,,COFORGE LIMITED,-0.96
0,OFSSEQN,-217.0,OFSS,EQ,N,11679.0,244704,11851.0,11899.0,11532.0,11896.0,2862295346.88,11979.0,6234.5,277762920636.5,2026-08-12 16:00:27,0,37.18,0.24,12-Aug-2025,10-Jul-2026,2.504382669671926,-87.32857486566685,,,ORACLE FINANCIAL SERVICES SOFTWARE LIMITED,-1.82
0,DRREDDYEQN,-5.0,DRREDDY,EQ,N,1200.0,2366909,1206.8,1206.8,1190.0,1205.0,2837048134.67,1414.9,1101.0,729457236392.64,2026-08-12 16:00:27,0,-1.66,-3.56,12-Aug-2025,10-Jul-2026,15.188352533747969,-8.991825613079019,,,DR. REDDY'S LABORATORIES LIMITED,-0.41
0,AARTIINDEQN,27.65,AARTIIND,EQ,N,532.95,5378998,510.0,534.0,503.25,505.3,2811118144.78,534.0,338.05,109384851561.76,2026-08-12 16:00:27,0,43.25,10.09,12-Aug-2025,10-Jul-2026,0.19662921348314608,-57.654193166691314,,,AARTI INDUSTRIES LIMITED,5.47
0,MAXHEALTHEQN,-32.5,MAXHEALTH,EQ,N,1007.5,2762821,1030.8,1034.9,1001.5,1040.0,2793322543.84,1301.7,903.0,747743777181.91,2026-08-12 16:00:27,0,-20.08,-9.08,12-Aug-2025,10-Jul-2026,22.601213797341938,-11.572535991140642,,,MAX HEALTHCARE INSTITUTE LIMITED,-3.13
0,BAJAJ-AUTOEQN,-17.0,BAJAJ-AUTO,EQ,N,11700.0,236192,11729.0,11819.0,11678.0,11717.0,2774696224.96,11863.0,8132.5,1270485002847.79,2026-08-12 16:00:27,0,42.74,15.2,12-Aug-2025,10-Jul-2026,1.374020062378825,-43.86719950814633,,,BAJAJ AUTO LIMITED,-0.15
0,BATAINDIAEQN,14.95,BATAINDIA,EQ,N,714.8,3783994,730.0,759.75,708.0,699.85,2759628984.26,1282.5,605.0,45498893882.01,2026-08-12 16:00:27,0,-37.07,3.49,12-Aug-2025,10-Jul-2026,44.265107212475634,-18.14876033057851,,,BATA INDIA LIMITED,2.14
0,POLYCABEQN,164.0,POLYCAB,EQ,N,9289.0,293852,9125.0,9289.0,9090.5,9125.0,2710003053.68,10126.0,6620.0,495375809107.03,2026-08-12 16:00:27,0,36.53,0.85,12-Aug-2025,10-Jul-2026,8.265850286391467,-40.31722054380665,,,POLYCAB INDIA LIMITED,1.8
0,MOTHERSONEQN,0.24,MOTHERSON,EQ,N,169.5,15747026,170.1,171.83,168.62,169.26,2676364538.96,172.0,89.7,746730159779.05,2026-08-12 16:00:27,0,87.77,18.37,12-Aug-2025,10-Jul-2026,1.4534883720930232,-88.96321070234114,,,SAMVARDHANA MOTHERSON INTERNATIONAL LIMITED,0.14
0,SENCOEQN,-54.75,SENCO,EQ,N,346.5,7359766,376.0,379.45,343.0,401.25,2634133849.06,430.0,276.0,20146338168.48,2026-08-12 16:00:27,0,2.51,-4.32,12-Aug-2025,10-Jul-2026,19.41860465116279,-25.543478260869566,,,SENCO GOLD LIMITED,-13.64
0,AMBEREQN,-93.5,AMBER,EQ,N,6985.0,371574,7078.0,7106.0,6951.0,7078.5,2599814100.24,8974.0,5400.5,152215068889.19,2026-08-12 16:00:27,0,2.08,-10.21,12-Aug-2025,10-Jul-2026,22.16402941831959,-29.339875937413204,,,AMBER ENTERPRISES INDIA LIMITED,-1.32
0,KEIEQN,109.0,KEI,EQ,N,5754.0,454178,5645.0,5754.0,5593.8,5645.0,2576261120.08,5754.0,3712.2,354132601279.05,2026-08-12 16:00:27,0,52.84,11.74,12-Aug-2025,10-Jul-2026,0.0,-55.00242443833845,,,KEI INDUSTRIES LIMITED,1.93
0,ONGCEQN,-0.4,ONGC,EQ,N,239.05,10695237,240.0,241.33,238.65,239.45,2561723166.24,307.5,227.65,925991612742.1,2026-08-12 16:00:27,0,1.5,-2.41,12-Aug-2025,10-Jul-2026,22.260162601626018,-5.007687239182956,,,OIL & NATURAL GAS CORPORATION LIMITED,-0.17
0,EICHERMOTEQN,49.0,EICHERMOT,EQ,N,8049.0,317282,8000.5,8049.0,7940.0,8000.0,2536428455.68,8230.0,5643.0,1106270958436.65,2026-08-12 16:00:27,0,42.26,9.28,12-Aug-2025,10-Jul-2026,2.199270959902795,-42.63689526847421,,,EICHER MOTORS LIMITED,0.61
0,ADANIENSOLEQN,-23.0,ADANIENSOL,EQ,N,1599.0,1586459,1628.5,1629.7,1570.2,1622.0,2521232371.98,1789.0,744.9,533107597954.6,2026-08-12 16:00:27,0,103.24,-3.33,12-Aug-2025,10-Jul-2026,10.620458356623812,-114.65968586387434,,,ADANI ENERGY SOLUTIONS LIMITED,-1.42
0,ADANIPORTSEQN,-3.2,ADANIPORTS,EQ,N,1665.0,1494540,1669.8,1672.7,1640.4,1668.2,2471027599.8,1891.1,1290.5,1224898667912.76,2026-08-12 16:00:27,0,25.14,-8.92,12-Aug-2025,10-Jul-2026,11.956004441859235,-29.019759783029833,,,ADANI PORTS AND SPECIAL ECONOMIC ZONE LIMITED,-0.19
0,BELRISEEQN,8.23,BELRISE,EQ,N,262.2,9422315,255.0,268.2,253.61,253.97,2464218041.95,268.2,132.5,98526501287.59,2026-08-12 16:00:27,0,95.67,13.23,12-Aug-2025,10-Jul-2026,2.237136465324385,-97.88679245283019,,,BELRISE INDUSTRIES LIMITED,3.24
0,NAVINFLUOREQN,196.5,NAVINFLUOR,EQ,N,8352.5,290940,8200.0,8444.0,8125.5,8156.0,2429613755.4,8775.5,4498.5,306632309682.24,2026-08-12 16:00:27,0,70.62,8.31,12-Aug-2025,10-Jul-2026,4.820238163067631,-85.67300211181505,,,NAVIN FLUORINE INTERNATIONAL LIMITED,2.41
0,NAUKRIEQN,-21.0,NAUKRI,EQ,N,1339.0,1787437,1360.1,1364.0,1329.6,1360.0,2404871362.91,1437.8,908.3,511252473628.44,2026-08-12 16:00:27,0,1.35,11.21,12-Aug-2025,10-Jul-2026,6.871609403254973,-47.418253880876364,,,INFO EDGE (INDIA) LIMITED,-1.54
0,MUTHOOTFINEQN,-39.6,MUTHOOTFIN,EQ,N,2876.3,822104,2925.4,2932.9,2870.1,2915.9,2374910477.28,4149.5,2476.6,307594873736.57,2026-08-12 16:00:27,0,13.54,-8.09,12-Aug-2025,10-Jul-2026,30.683214845162066,-16.13906161673262,,,MUTHOOT FINANCE LIMITED,-1.36
0,LLOYDSMEEQN,-81.2,LLOYDSME,EQ,N,1905.0,1221771,1976.5,1983.1,1877.5,1986.2,2334352325.73,2125.0,1042.9,247276793874.68,2026-08-12 16:00:27,0,37.96,5.86,12-Aug-2025,10-Jul-2026,10.352941176470589,-82.66372614824049,,,LLOYDS METALS AND ENERGY LIMITED,-4.09
0,AMBUJACEMEQN,-3.0,AMBUJACEM,EQ,N,421.0,5400539,426.7,426.7,418.05,424.0,2272438800.42,605.45,394.0,261742507081.77,2026-08-12 16:00:27,0,-28.3,-3.54,12-Aug-2025,10-Jul-2026,30.464943430506235,-6.852791878172589,,,AMBUJA CEMENTS LIMITED,-0.71
0,EXIDEINDEQN,8.45,EXIDEIND,EQ,N,491.8,4593999,485.0,495.25,482.35,483.35,2243249711.7,496.4,287.0,223122676440.0,2026-08-12 16:00:27,0,30.66,15.88,12-Aug-2025,10-Jul-2026,0.9266720386784851,-71.3588850174216,,,EXIDE INDUSTRIES LIMITED,1.75
0,HDFCAMCEQN,-25.0,HDFCAMC,EQ,N,2490.0,889475,2520.0,2520.0,2482.3,2515.0,2216287068.0,2967.25,2205.6,506405529444.91,2026-08-12 16:00:27,0,-8.89,-9.82,12-Aug-2025,10-Jul-2026,16.083916083916083,-12.894450489662677,,,HDFC ASSET MANAGEMENT COMPANY LIMITED,-0.99
0,LUMAXTECHEQN,-61.3,LUMAXTECH,EQ,N,2015.0,1053290,2085.0,2110.0,2000.1,2076.3,2164089634.0,2110.0,990.0,60418732933.16,2026-08-12 16:00:27,0,96.85,35.14,12-Aug-2025,10-Jul-2026,4.502369668246446,-103.53535353535354,,,LUMAX AUTO TECHNOLOGIES LIMITED,-2.95
0,PICCADILEQN,-86.3,PICCADIL,EQ,N,691.95,3217206,711.0,725.2,640.7,778.25,2162412840.84,809.7,515.0,17545499197.3,2026-08-12 16:00:27,0,15.07,3.0,12-Aug-2025,10-Jul-2026,14.542423119673954,-34.359223300970875,,,PICCADILY AGRO INDUSTRIES LIMITED,-11.09
0,MAHABANKEQN,2.95,MAHABANK,EQ,N,81.9,26570514,78.85,81.99,78.75,78.95,2159119967.64,94.5,51.71,166296795185.07,2026-08-12 16:00:27,0,47.09,-2.79,12-Aug-2025,10-Jul-2026,13.333333333333334,-58.38329143299168,,,BANK OF MAHARASHTRA,3.74
0,GLANDEQN,-49.4,GLAND,EQ,N,2875.0,732471,2924.0,2949.9,2860.0,2924.4,2120781883.98,2988.4,1573.6,228446807533.09,2026-08-12 16:00:27,0,48.7,15.96,12-Aug-2025,10-Jul-2026,3.794672734573685,-82.70208439247585,,,GLAND PHARMA LIMITED,-1.69
0,BPCLEQN,-0.8,BPCL,EQ,N,317.0,6726295,317.0,318.5,311.5,317.8,2111518526.4,391.65,266.6,640664406862.55,2026-08-12 16:00:27,0,-2.07,2.34,12-Aug-2025,10-Jul-2026,19.060385548321204,-18.904726181545385,,,BHARAT PETROLEUM CORPORATION LIMITED,-0.25
0,VIJAYAEQN,96.7,VIJAYA,EQ,N,1524.9,1399910,1428.2,1525.0,1421.1,1428.2,2073742679.4,1525.0,848.0,74577848188.66,2026-08-12 16:00:27,0,44.5,9.78,12-Aug-2025,10-Jul-2026,0.006557377049180328,-79.82311320754717,,,VIJAYA DIAGNOSTIC CENTRE LIMITED,6.77
0,BANKBARODAEQN,4.8,BANKBARODA,EQ,N,251.0,8298917,246.0,251.4,245.5,246.2,2072986477.43,325.5,230.81,464362461691.94,2026-08-12 16:00:27,0,3.26,0.02,12-Aug-2025,10-Jul-2026,22.887864823348693,-8.747454616351112,,,BANK OF BARODA,1.95
0,TRENTEQN,-13.0,TRENT,EQ,N,2987.0,692694,3000.0,3019.0,2972.9,3000.0,2072526594.12,3782.67,2183.67,991125025503.9,2026-08-12 16:00:27,0,-16.49,2.9,12-Aug-2025,10-Jul-2026,21.03461311718971,-36.788067794126405,,,TRENT LIMITED,-0.43
0,HINDUNILVREQN,-1.9,HINDUNILVR,EQ,N,2063.0,995523,2065.0,2072.1,2050.1,2064.9,2046775377.54,2750.0,2016.0,1825143002462.08,2026-08-12 16:00:27,0,-16.94,-4.07,12-Aug-2025,10-Jul-2026,24.98181818181818,-2.3313492063492065,,,HINDUSTAN UNILEVER LIMITED,-0.09
0,RHIMEQN,-29.9,RHIM,EQ,N,385.65,5130721,420.0,420.0,385.0,415.55,2032432509.73,515.55,323.05,23313652963.23,2026-08-12 16:00:27,0,-21.22,-8.26,12-Aug-2025,10-Jul-2026,25.19639220250218,-19.377805293298252,,,RHI MAGNESITA INDIA LIMITED,-7.2
0,LAURUSLABSEQN,-8.0,LAURUSLABS,EQ,N,1850.0,1088545,1856.3,1862.3,1835.0,1858.0,2013492571.95,1870.8,810.05,718303149691.6,2026-08-12 16:00:27,0,122.64,20.3,12-Aug-2025,10-Jul-2026,1.1118238186871927,-128.38096413801617,,,LAURUS LABS LIMITED,-0.43
0,SUZLONEQN,-0.15,SUZLON,EQ,N,47.35,41760811,47.49,47.49,46.9,47.5,1968187022.43,64.95,38.19,574348902068.56,2026-08-12 16:00:27,0,-25.0,-12.18,12-Aug-2025,10-Jul-2026,27.0977675134719,-23.98533647551715,,,SUZLON ENERGY LIMITED,-0.32
0,TORNTPHARMEQN,7.0,TORNTPHARM,EQ,N,4893.0,400740,4864.0,4893.5,4824.5,4886.0,1948490050.2,5250.0,3480.6,715744162226.49,2026-08-12 16:00:27,0,34.94,-0.17,12-Aug-2025,10-Jul-2026,6.8,-40.57921048095156,,,TORRENT PHARMACEUTICALS LIMITED,0.14
0,SWIGGYEQN,-1.15,SWIGGY,EQ,N,279.35,6996952,282.0,282.0,276.0,280.5,1947181772.08,474.0,235.75,395369757057.88,2026-08-12 16:00:27,0,-28.96,2.23,12-Aug-2025,10-Jul-2026,41.065400843881854,-18.494167550371156,,,SWIGGY LIMITED,-0.41
0,LUPINEQN,2.1,LUPIN,EQ,N,2281.0,861217,2286.6,2287.8,2249.5,2278.9,1946212625.28,2529.5,1875.0,552398903973.0,2026-08-12 16:00:27,0,17.35,-8.62,12-Aug-2025,10-Jul-2026,9.824075904328918,-21.653333333333332,,,LUPIN LIMITED,0.09
0,GMRAIRPORTEQN,-0.56,GMRAIRPORT,EQ,N,104.55,18618816,105.11,106.29,102.15,105.11,1926116515.2,115.64,84.11,371074290389.88,2026-08-12 16:00:27,0,18.46,-7.07,12-Aug-2025,10-Jul-2026,9.59010722933241,-24.301509927475923,,,GMR AIRPORTS LIMITED,-0.53
0,HCLTECHEQN,0.0,HCLTECH,EQ,N,1365.4,1418468,1370.0,1370.0,1340.4,1365.4,1924846891.32,1780.1,1030.0,1435494546454.58,2026-08-12 16:00:27,0,-8.92,17.29,12-Aug-2025,10-Jul-2026,23.296444019998876,-32.56310679611651,,,HCL TECHNOLOGIES LIMITED,0.0
0,SBILIFEEQN,-7.6,SBILIFE,EQ,N,1830.0,1053505,1840.8,1840.8,1816.5,1837.6,1924795775.2,2132.0,1700.4,820031310872.53,2026-08-12 16:00:27,0,-0.44,-1.77,12-Aug-2025,10-Jul-2026,14.165103189493433,-7.621736062103035,,,SBI LIFE INSURANCE COMPANY LIMITED,-0.41
0,PERSISTENTEQN,-62.0,PERSISTENT,EQ,N,5474.0,347580,5530.0,5530.0,5390.0,5536.0,1891339191.0,6599.0,4244.5,593173289667.0,2026-08-12 16:00:27,0,4.62,8.31,12-Aug-2025,10-Jul-2026,17.048037581451734,-28.966898339026976,,,PERSISTENT SYSTEMS LIMITED,-1.12
0,TATACHEMEQN,5.25,TATACHEM,EQ,N,674.0,2753913,668.45,708.9,663.0,668.75,1881500900.73,1026.65,580.3,105179375986.31,2026-08-12 16:00:27,0,-28.69,-6.53,12-Aug-2025,10-Jul-2026,34.349583597136316,-16.146820610029295,,,TATA CHEMICALS LIMITED,0.79
0,ASHOKLEYEQN,1.87,ASHOKLEY,EQ,N,176.7,10612472,174.83,177.38,174.43,174.83,1861003089.92,215.42,114.96,504188702685.91,2026-08-12 16:00:27,0,48.04,12.2,12-Aug-2025,10-Jul-2026,17.974189954507473,-53.70563674321503,,,ASHOK LEYLAND LIMITED,1.07
0,INDIANBEQN,21.4,INDIANB,EQ,N,897.0,2076183,875.6,897.65,873.1,875.6,1852328948.94,1000.9,642.6,316107140928.39,2026-08-12 16:00:27,0,33.6,3.02,12-Aug-2025,10-Jul-2026,10.380657408332501,-39.58916900093371,,,INDIAN BANK,2.44
0,TATACONSUMEQN,-16.1,TATACONSUM,EQ,N,1061.9,1713131,1077.0,1078.0,1054.3,1078.0,1819053889.73,1282.7,1007.2,689630382932.73,2026-08-12 16:00:27,0,1.44,-4.5,12-Aug-2025,10-Jul-2026,17.2136898729243,-5.430897537728356,,,TATA CONSUMER PRODUCTS LIMITED,-1.49
0,PGELEQN,-1.35,PGEL,EQ,N,614.65,2976044,616.0,620.8,604.25,616.0,1818690248.84,644.4,436.55,99323438699.55,2026-08-12 16:00:27,0,19.3,5.4,12-Aug-2025,10-Jul-2026,4.616697703289882,-40.79715954644371,,,PG ELECTROPLAST LIMITED,-0.22
0,MANKINDEQN,8.1,MANKIND,EQ,N,2433.1,754503,2418.0,2433.1,2381.3,2425.0,1816745138.61,2674.0,1909.7,274689674987.18,2026-08-12 16:00:27,0,0.1,-3.64,12-Aug-2025,10-Jul-2026,9.00897531787584,-27.40744619573755,,,MANKIND PHARMA LIMITED,0.33
0,POWERGRIDEQN,1.5,POWERGRID,EQ,N,269.45,6699919,267.95,270.0,266.3,267.95,1796114285.52,324.95,250.0,1216806448168.4,2026-08-12 16:00:27,0,-5.34,-4.82,12-Aug-2025,10-Jul-2026,17.07955070010771,-7.78,,,POWER GRID CORPORATION OF INDIA LIMITED,0.56
0,MRPLEQN,-6.94,MRPL,EQ,N,174.2,10085904,180.24,180.78,173.22,181.14,1792870295.04,212.31,120.45,30620334993.89,2026-08-12 16:00:27,0,37.94,7.21,12-Aug-2025,10-Jul-2026,17.950167208327446,-44.624325446243255,,,MANGALORE REFINERY AND PETROCHEMICALS LIMITED,-3.83
0,M&MFINEQN,-3.3,M&MFIN,EQ,N,395.5,4492168,398.35,410.0,392.5,398.8,1783615304.4,415.0,251.05,260952489897.83,2026-08-12 16:00:27,0,53.92,16.03,12-Aug-2025,10-Jul-2026,4.698795180722891,-57.53833897629954,,,MAHINDRA & MAHINDRA FINANCIAL SERVICES LIMITED,-0.83
0,ASIANPAINTEQN,4.5,ASIANPAINT,EQ,N,2740.0,648174,2733.2,2748.4,2698.2,2735.5,1767395491.02,2985.7,2115.0,1235636003243.97,2026-08-12 16:00:27,0,10.56,2.32,12-Aug-2025,10-Jul-2026,8.229225977157785,-29.55082742316785,,,ASIAN PAINTS LIMITED,0.16
0,MAZDOCKEQN,-2.0,MAZDOCK,EQ,N,2552.0,692659,2554.0,2569.9,2485.9,2554.0,1757968542.0,3061.4,2057.4,193335422559.84,2026-08-12 16:00:27,0,-5.16,5.45,12-Aug-2025,10-Jul-2026,16.639446005095706,-24.040050549236902,,,MAZAGON DOCK SHIPBUILDERS LIMITED,-0.08
0,DLFEQN,11.65,DLF,EQ,N,661.75,2681958,653.0,661.75,644.55,650.1,1748743894.32,794.8,489.4,423336624587.59,2026-08-12 16:00:27,0,-12.63,-3.5,12-Aug-2025,10-Jul-2026,16.740060392551584,-35.21659174499387,,,DLF LIMITED,1.79
0,ABBEQN,98.5,ABB,EQ,N,7710.0,224512,7611.5,7741.0,7585.5,7611.5,1724945902.08,7924.5,4637.5,403473529047.33,2026-08-12 16:00:27,0,52.03,12.79,12-Aug-2025,10-Jul-2026,2.7067953814120767,-66.2533692722372,,,ABB INDIA LIMITED,1.29
0,SOLARINDSEQN,-40.0,SOLARINDS,EQ,N,18730.0,92222,18800.0,18800.0,18530.0,18770.0,1721492396.26,19187.0,11646.0,454980025836.39,2026-08-12 16:00:27,0,28.36,2.71,12-Aug-2025,10-Jul-2026,2.3818210246521083,-60.827752017860206,,,SOLAR INDUSTRIES INDIA LIMITED,-0.21
0,HSCLEQN,6.8,HSCL,EQ,N,762.3,2240303,760.0,764.95,756.1,755.5,1704960195.12,819.5,418.5,178550949915.88,2026-08-12 16:00:27,0,62.43,15.42,12-Aug-2025,10-Jul-2026,6.97986577181208,-82.15053763440861,,,HIMADRI SPECIALITY CHEMICAL LIMITED,0.9
0,AUBANKEQN,20.5,AUBANK,EQ,N,1091.4,1572313,1070.9,1091.4,1062.0,1070.9,1692767898.93,1105.9,682.15,616915612094.32,2026-08-12 16:00:27,0,50.58,1.8,12-Aug-2025,10-Jul-2026,1.3111492901709014,-59.99413618705563,,,AU SMALL FINANCE BANK LIMITED,1.91
0,BDLEQN,32.4,BDL,EQ,N,1340.0,1279928,1309.0,1340.0,1308.0,1307.6,1691885626.08,1654.0,1086.0,123157008937.5,2026-08-12 16:00:27,0,-9.83,-0.33,12-Aug-2025,10-Jul-2026,18.98428053204353,-23.388581952117864,,,BHARAT DYNAMICS LIMITED,2.48
0,COALINDIAEQN,-3.3,COALINDIA,EQ,N,409.3,4089147,412.6,413.7,408.2,412.6,1676182246.77,491.25,368.65,977656316912.1,2026-08-12 16:00:27,0,6.22,-4.66,12-Aug-2025,10-Jul-2026,16.681933842239186,-11.02671911026719,,,COAL INDIA LIMITED,-0.8
0,TATAPOWEREQN,-0.55,TATAPOWER,EQ,N,379.45,4430571,378.6,380.0,374.1,380.0,1670413878.42,464.9,342.5,631125412376.86,2026-08-12 16:00:27,0,-1.3,-0.49,12-Aug-2025,10-Jul-2026,18.380296838029683,-10.788321167883211,,,TATA POWER COMPANY LIMITED,-0.14
0,STLTECHBEN,31.0,STLTECH,BE,N,651.0,2563401,621.2,651.0,620.0,620.0,1645857246.06,679.9,84.6,189883403845.45,2026-08-12 16:00:27,0,418.73,19.88,12-Aug-2025,10-Jul-2026,4.250625091925283,-669.5035460992908,,,STERLITE TECHNOLOGIES LIMITED,5.0
0,HYUNDAIEQN,40.0,HYUNDAI,EQ,N,2240.0,732935,2192.7,2245.0,2192.7,2200.0,1631139513.15,2890.0,1658.0,318501550463.49,2026-08-12 16:00:27,0,1.58,12.85,12-Aug-2025,10-Jul-2026,22.491349480968857,-35.10253317249698,,,HYUNDAI MOTOR INDIA LIMITED,1.82
0,SKYGOLDEQN,47.95,SKYGOLD,EQ,N,838.0,1979236,797.9,840.0,793.1,790.05,1623191235.96,840.0,259.0,62634299671.56,2026-08-12 16:00:27,0,206.62,34.33,12-Aug-2025,10-Jul-2026,0.23809523809523808,-223.55212355212356,,,SKY GOLD AND DIAMONDS LIMITED,6.07
0,BIOCONEQN,1.4,BIOCON,EQ,N,427.4,3793310,427.75,430.5,422.6,426.0,1622702151.8,447.15,331.0,305724989132.76,2026-08-12 16:00:27,0,20.43,2.13,12-Aug-2025,10-Jul-2026,4.416862350441686,-29.123867069486405,,,BIOCON LIMITED,0.33
0,MEESHOEQN,1.56,MEESHO,EQ,N,191.97,8383592,190.75,194.17,190.44,190.41,1610991038.72,254.4,125.56,107176979509.39,2026-08-12 16:00:27,0,0.0,-1.1,,10-Jul-2026,24.54009433962264,-52.89104810449188,,,MEESHO LIMITED,0.82
0,OLAELECEQN,0.24,OLAELEC,EQ,N,39.9,40404612,39.85,40.81,39.29,39.66,1610527834.32,71.25,22.25,89769784309.88,2026-08-12 16:00:27,0,0.2,-1.26,12-Aug-2025,10-Jul-2026,44.0,-79.32584269662921,,,OLA ELECTRIC MOBILITY LIMITED,0.61
0,WABAGEQN,-51.1,WABAG,EQ,N,1899.0,821901,1950.0,1965.0,1875.0,1950.1,1585151144.64,2253.5,1033.0,86362570457.34,2026-08-12 16:00:27,0,23.76,-14.51,12-Aug-2025,10-Jul-2026,15.731084978921677,-83.83349467570184,,,VA TECH WABAG LIMITED,-2.62
0,WIPROEQN,-0.66,WIPRO,EQ,N,183.94,8624548,184.51,185.0,181.91,184.6,1578723511.4,273.1,169.0,496768745714.82,2026-08-12 16:00:27,0,-23.9,4.83,12-Aug-2025,10-Jul-2026,32.64738191138777,-8.840236686390533,,,WIPRO LIMITED,-0.36
0,ENRINEQN,16.2,ENRIN,EQ,N,3580.0,445189,3582.0,3612.0,3488.0,3563.8,1575893377.87,3968.0,2115.0,315733085077.84,2026-08-12 16:00:27,0,13.76,1.51,12-Aug-2025,10-Jul-2026,9.778225806451612,-69.26713947990544,,,SIEMENS ENERGY INDIA LIMITED,0.45
0,GAILEQN,2.61,GAIL,EQ,N,177.95,8976408,175.34,177.95,173.3,175.34,1567101308.64,186.87,134.36,478659437203.19,2026-08-12 16:00:27,0,2.09,2.43,12-Aug-2025,10-Jul-2026,4.773371862792316,-32.44269127716582,,,GAIL (INDIA) LIMITED,1.49
0,NMDCEQN,0.45,NMDC,EQ,N,85.9,18266091,85.87,86.07,84.89,85.45,1559558849.58,97.49,68.19,296070791379.98,2026-08-12 16:00:27,0,21.09,1.15,12-Aug-2025,10-Jul-2026,11.888398810134372,-25.97155008065699,,,NMDC LIMITED,0.53
0,YESBANKEQN,0.23,YESBANK,EQ,N,22.98,68269921,22.75,22.98,22.62,22.75,1557919597.22,25.78,17.2,402534460772.35,2026-08-12 16:00:27,0,22.76,-4.01,12-Aug-2025,10-Jul-2026,10.861132660977502,-33.604651162790695,,,YES BANK LIMITED,1.01
0,GMDCLTDEQN,-0.55,GMDCLTD,EQ,N,602.45,2552352,602.9,617.15,600.5,603.0,1556015873.28,771.9,399.2,49714968029.1,2026-08-12 16:00:27,0,45.87,2.15,12-Aug-2025,10-Jul-2026,21.95232543075528,-50.91432865731463,,,GUJARAT MINERAL DEVELOPMENT CORPORATION LIMITED,-0.09
0,CGPOWEREQN,7.0,CGPOWER,EQ,N,888.0,1744914,881.0,888.0,872.0,881.0,1537600767.66,980.9,525.5,607287458174.18,2026-08-12 16:00:27,0,34.84,-3.12,12-Aug-2025,10-Jul-2026,9.470894076868182,-68.98192197906755,,,CG POWER AND INDUSTRIAL SOLUTIONS LIMITED,0.79
0,MTARTECHBEN,267.0,MTARTECH,BE,N,7160.0,217622,6748.0,7199.0,6733.0,6893.0,1520368226.16,8714.0,1390.5,153187448480.9,2026-08-12 16:00:27,0,389.0,0.83,12-Aug-2025,10-Jul-2026,17.83337158595364,-414.92268967997126,,,MTAR TECHNOLOGIES LIMITED,3.87
0,SONACOMSEQN,4.5,SONACOMS,EQ,N,804.5,1894549,801.05,807.7,797.4,800.0,1519845098.78,836.9,402.3,360569739920.84,2026-08-12 16:00:27,0,82.74,20.34,12-Aug-2025,10-Jul-2026,3.871430278408412,-99.97514292816307,,,SONA BLW PRECISION FORGINGS LIMITED,0.56
0,LTMEQN,-87.9,LTM,EQ,N,4762.1,318929,4850.0,4850.0,4691.0,4850.0,1512508025.34,6429.5,3528.0,441037486823.37,2026-08-12 16:00:27,0,-6.75,17.96,12-Aug-2025,10-Jul-2026,25.93358737071312,-34.98015873015873,,,LTM LIMITED,-1.81
0,PCJEWELLEREQN,-0.17,PCJEWELLER,EQ,N,9.8,153619636,9.99,10.0,9.7,9.97,1505472432.8,15.38,7.47,38574134484.32,2026-08-12 16:00:27,0,-26.92,-1.9,12-Aug-2025,10-Jul-2026,36.28088426527958,-31.191432396251674,,,PC JEWELLER LIMITED,-1.71
0,JUBLFOODEQN,-3.5,JUBLFOOD,EQ,N,484.7,3122764,487.0,489.0,477.25,488.2,1504079280.6,670.45,408.55,189189485430.09,2026-08-12 16:00:27,0,-23.41,10.65,12-Aug-2025,10-Jul-2026,27.705272578119175,-18.63908946273406,,,JUBILANT FOODWORKS LIMITED,-0.72
0,MARICOEQN,0.0,MARICO,EQ,N,855.0,1770553,855.0,857.05,839.05,855.0,1497392083.16,889.1,690.3,451311666046.4,2026-08-12 16:00:27,0,21.43,0.29,12-Aug-2025,10-Jul-2026,3.8353391069620963,-23.859191655801826,,,MARICO LIMITED,0.0
0,LTFEQN,1.8,LTF,EQ,N,317.2,4688109,315.0,317.2,309.75,315.4,1466159208.66,338.6,194.4,269919880823.74,2026-08-12 16:00:27,0,60.38,-1.26,12-Aug-2025,10-Jul-2026,6.3201417601890135,-63.16872427983539,,,L&T FINANCE LIMITED,0.57
0,WAAREEENEREQN,-36.0,WAAREEENER,EQ,N,2668.0,542431,2704.0,2709.1,2650.9,2704.0,1446495323.39,3865.0,2403.0,254671088855.31,2026-08-12 16:00:27,0,-13.51,-8.72,12-Aug-2025,10-Jul-2026,30.970245795601553,-11.027881814398668,,,WAAREE ENERGIES LIMITED,-1.33
0,BRITANNIAEQN,47.5,BRITANNIA,EQ,N,5645.5,257865,5598.0,5645.5,5560.0,5598.0,1443682989.0,6336.0,5035.0,663148457170.61,2026-08-12 16:00:27,0,5.76,5.46,12-Aug-2025,10-Jul-2026,10.898042929292929,-12.125124131082423,,,BRITANNIA INDUSTRIES LIMITED,0.85
0,PATANJALIEQN,-0.4,PATANJALI,EQ,N,352.6,4146144,352.95,353.6,342.15,353.0,1434897515.52,615.0,328.2,121806244255.64,2026-08-12 16:00:27,0,-41.86,-14.79,12-Aug-2025,10-Jul-2026,42.666666666666664,-7.434491163924436,,,PATANJALI FOODS LIMITED,-0.11
0,APLAPOLLOEQN,-15.6,APLAPOLLO,EQ,N,1997.1,714770,2016.9,2018.8,1991.3,2012.7,1432827942.0,2301.4,1565.5,362524158164.13,2026-08-12 16:00:27,0,26.22,8.78,12-Aug-2025,10-Jul-2026,13.222386373511775,-27.569466624081763,,,APL APOLLO TUBES LIMITED,-0.78
0,IOCEQN,0.6,IOC,EQ,N,140.6,10106894,140.63,142.05,139.29,140.0,1420422882.76,188.96,130.22,523854001539.7,2026-08-12 16:00:27,0,-1.44,1.18,12-Aug-2025,10-Jul-2026,25.59271803556308,-7.971125787129473,,,INDIAN OIL CORPORATION LIMITED,0.43
0,IDFCFIRSTBEQN,1.53,IDFCFIRSTB,EQ,N,85.8,16618607,83.61,85.8,83.61,84.27,1413578711.42,88.76,58.08,568199567780.23,2026-08-12 16:00:27,0,24.24,6.15,12-Aug-2025,10-Jul-2026,3.334835511491663,-47.72727272727273,,,IDFC FIRST BANK LIMITED,1.82
0,LODHAEQN,-3.0,LODHA,EQ,N,1209.0,1174178,1215.0,1217.6,1185.0,1212.0,1411913819.66,1344.95,650.8,334489011646.76,2026-08-12 16:00:27,0,-0.43,-0.96,12-Aug-2025,10-Jul-2026,10.10818246031451,-85.77135832821143,,,LODHA DEVELOPERS LIMITED,-0.25
0,AFCONSEQN,4.3,AFCONS,EQ,N,267.95,5079574,265.0,279.3,264.4,263.65,1384336302.22,479.4,259.1,41765582056.16,2026-08-12 16:00:27,0,-36.57,-10.95,12-Aug-2025,10-Jul-2026,44.10721735502712,-3.415669625627171,,,AFCONS INFRASTRUCTURE LIMITED,1.63
0,BEMLEQN,-0.8,BEML,EQ,N,1901.5,714898,1920.1,1954.8,1891.4,1902.3,1376550396.96,2275.75,1355.0,72510442619.74,2026-08-12 16:00:27,0,-2.92,2.09,12-Aug-2025,10-Jul-2026,16.445127979786882,-40.33210332103321,,,BEML LIMITED,-0.04
0,TIINDIAEQN,59.0,TIINDIA,EQ,N,2839.0,486582,2780.0,2839.0,2746.2,2780.0,1366911020.22,3419.9,2164.9,302503545140.5,2026-08-12 16:00:27,0,-6.05,-4.04,12-Aug-2025,10-Jul-2026,16.985876780022807,-31.13769689131138,,,TUBE INVESTMENTS OF INDIA LIMITED,2.12
0,DMARTEQN,-14.9,DMART,EQ,N,4040.0,336886,4035.0,4068.9,4020.0,4054.9,1361295686.52,4949.5,3529.0,649218929510.58,2026-08-12 16:00:27,0,-5.0,-1.01,12-Aug-2025,10-Jul-2026,18.375593494292353,-14.48002266931142,,,AVENUE SUPERMARTS LIMITED,-0.37
0,APOLLOEQN,-9.7,APOLLO,EQ,N,379.0,3532851,389.7,391.0,378.0,388.7,1354883687.01,466.5,173.98,63520794728.24,2026-08-12 16:00:27,0,101.96,-7.3,12-Aug-2025,10-Jul-2026,18.756698821007504,-117.84113116450166,,,APOLLO MICRO SYSTEMS LIMITED,-2.5
0,POLICYBZREQN,6.0,POLICYBZR,EQ,N,1739.0,787209,1733.0,1739.0,1691.2,1733.0,1344261704.67,1974.0,1364.0,600082307142.2,2026-08-12 16:00:27,0,-4.85,10.04,12-Aug-2025,10-Jul-2026,11.904761904761905,-27.49266862170088,,,PB FINTECH LIMITED,0.35
0,AUROPHARMAEQN,9.0,AUROPHARMA,EQ,N,1667.0,796061,1658.0,1667.0,1652.3,1658.0,1320505986.8,1671.9,1016.1,460131568006.64,2026-08-12 16:00:27,0,57.53,6.54,12-Aug-2025,10-Jul-2026,0.29307972964890244,-64.05865564412952,,,AUROBINDO PHARMA LIMITED,0.54
0,RAINEQN,6.98,RAIN,EQ,N,209.9,6310349,203.7,211.29,200.15,202.92,1311606039.65,252.0,99.9,40266539301.65,2026-08-12 16:00:27,0,33.65,1.38,12-Aug-2025,10-Jul-2026,16.706349206349206,-110.11011011011011,,,RAIN INDUSTRIES LIMITED,3.44
0,OILEQN,1.65,OIL,EQ,N,472.0,2772626,471.9,475.55,466.65,470.35,1306544549.98,531.0,384.6,256710161508.05,2026-08-12 16:00:27,0,11.03,11.07,12-Aug-2025,10-Jul-2026,11.11111111111111,-22.724908996359854,,,OIL INDIA LIMITED,0.35
0,UJJIVANSFBEQN,2.21,UJJIVANSFB,EQ,N,72.35,18062565,70.39,72.68,70.23,70.14,1299240300.45,73.29,41.32,136362735897.38,2026-08-12 16:00:27,0,67.59,10.85,12-Aug-2025,10-Jul-2026,1.2825760676763542,-75.09680542110358,,,UJJIVAN SMALL FINANCE BANK LIMITED,3.15
0,BANKINDIAEQN,2.6,BANKINDIA,EQ,N,145.5,8946785,142.4,146.12,141.9,142.9,1296210210.8,178.36,109.85,176316501896.99,2026-08-12 16:00:27,0,28.18,0.41,12-Aug-2025,10-Jul-2026,18.423413321372504,-32.45334547109695,,,BANK OF INDIA,1.82
0,ANGELONEEQN,-0.4,ANGELONE,EQ,N,291.0,4505655,290.75,291.0,285.25,291.4,1294474681.5,360.45,208.63,188595099626.88,2026-08-12 16:00:27,0,16.08,-15.91,12-Aug-2025,10-Jul-2026,19.267582188930504,-39.4813785169918,,,ANGEL ONE LIMITED,-0.14
0,RVNLEQN,0.0,RVNL,EQ,N,230.0,5612306,231.16,233.67,227.65,230.0,1291896718.14,400.7,220.16,130196202816.76,2026-08-12 16:00:27,0,-30.19,-1.15,12-Aug-2025,10-Jul-2026,42.60044921387572,-4.469476744186046,,,RAIL VIKAS NIGAM LIMITED,0.0
0,HDFCLIFEEQN,1.0,HDFCLIFE,EQ,N,537.0,2392072,536.0,537.75,531.4,536.0,1277175082.24,815.0,530.5,579940336539.37,2026-08-12 16:00:27,0,-29.91,-5.41,12-Aug-2025,10-Jul-2026,34.11042944785276,-1.2252591894439209,,,HDFC LIFE INSURANCE COMPANY LIMITED,0.19
0,VOLTASEQN,10.0,VOLTAS,EQ,N,1290.0,991550,1280.0,1290.0,1266.1,1280.0,1267885069.5,1582.5,1186.8,293304863010.02,2026-08-12 16:00:27,0,3.61,0.26,12-Aug-2025,10-Jul-2026,18.48341232227488,-8.695652173913043,,,VOLTAS LIMITED,0.78
0,ANANDRATHIEQN,36.0,ANANDRATHI,EQ,N,2194.0,577193,2170.0,2222.0,2160.1,2158.0,1265611091.1,2222.0,1295.15,195326718936.19,2026-08-12 16:00:27,0,59.24,2.2,12-Aug-2025,10-Jul-2026,1.2601260126012601,-69.40122765702814,,,ANAND RATHI WEALTH LIMITED,1.67
0,TATATECHEQN,-24.8,TATATECH,EQ,N,840.4,1473993,865.2,868.55,836.0,865.2,1255547237.4,891.0,507.4,143955289845.53,2026-08-12 16:00:27,0,27.49,16.96,12-Aug-2025,10-Jul-2026,5.679012345679013,-65.62869530942058,,,TATA TECHNOLOGIES LIMITED,-2.87
0,SANSERAEQN,245.9,SANSERA,EQ,N,3931.0,328395,3685.1,3933.0,3665.3,3685.1,1251605295.6,3938.0,1216.3,170465806327.68,2026-08-12 16:00:27,0,208.34,18.98,12-Aug-2025,10-Jul-2026,0.17775520568816658,-223.19329112883335,,,SANSERA ENGINEERING LIMITED,6.67
0,NYKAAEQN,3.05,NYKAA,EQ,N,328.05,3832007,325.9,328.05,321.6,325.0,1247394918.64,348.0,200.14,447648427293.45,2026-08-12 16:00:27,0,60.31,-0.62,12-Aug-2025,10-Jul-2026,5.732758620689655,-63.91026281602878,,,FSN E-COMMERCE VENTURES LIMITED,0.94
0,BANDHANBNKEQN,2.0,BANDHANBNK,EQ,N,176.0,7049218,173.82,176.79,172.57,174.0,1236926282.46,220.76,134.25,160126519905.55,2026-08-12 16:00:27,0,5.58,-16.19,12-Aug-2025,10-Jul-2026,20.27541221235731,-31.098696461824954,,,BANDHAN BANK LIMITED,1.15
0,VMMEQN,-2.25,VMM,EQ,N,108.0,11426190,111.0,111.0,105.45,110.25,1226601496.5,157.6,98.77,300689387823.68,2026-08-12 16:00:27,0,-22.87,-9.08,12-Aug-2025,10-Jul-2026,31.472081218274113,-9.344942796395667,,,VISHAL MEGA MART LIMITED,-2.04
0,CONCOREQN,0.05,CONCOR,EQ,N,512.05,2354296,515.0,523.8,510.4,512.0,1221502936.64,569.8,421.45,176274661527.7,2026-08-12 16:00:27,0,-5.45,10.42,12-Aug-2025,10-Jul-2026,10.135135135135135,-21.49721200616918,,,CONTAINER CORPORATION OF INDIA LIMITED,0.01
0,ICICIGIEQN,-8.5,ICICIGI,EQ,N,1635.0,745439,1646.7,1649.6,1621.0,1643.5,1220507274.7,2064.9,1544.6,396509986600.54,2026-08-12 16:00:27,0,-14.08,-10.47,12-Aug-2025,10-Jul-2026,20.819410140926923,-5.852647934740386,,,ICICI LOMBARD GENERAL INSURANCE COMPANY LIMITED,-0.52
0,NEULANDLABEQN,-448.0,NEULANDLAB,EQ,N,22507.0,53189,22988.0,23100.0,22419.0,22955.0,1207931764.02,23500.0,11500.0,193553334875.56,2026-08-12 16:00:27,0,73.41,15.39,12-Aug-2025,10-Jul-2026,4.225531914893617,-95.71304347826087,,,NEULAND LABORATORIES LIMITED,-1.95
0,FEDERALBNKEQN,2.3,FEDERALBNK,EQ,N,356.85,3369817,354.55,357.65,353.8,354.55,1197835150.82,371.7,188.4,878069004253.35,2026-08-12 16:00:27,0,82.08,8.19,12-Aug-2025,10-Jul-2026,3.9951573849878934,-89.41082802547771,,,THE FEDERAL BANK  LIMITED,0.65
0,QPOWEREQN,59.7,QPOWER,EQ,N,1299.0,894885,1301.2,1301.2,1280.3,1239.3,1162115558.7,1441.0,581.0,26245806032.11,2026-08-12 16:00:27,0,57.57,7.15,12-Aug-2025,10-Jul-2026,9.854267869535045,-123.58003442340792,,,QUALITY POWER ELECTRICAL EQUIPMENTS LIMITED,4.82
0,360ONEEQN,-7.0,360ONE,EQ,N,1161.0,997529,1160.0,1167.5,1140.0,1168.0,1150470146.28,1236.2,906.05,300297005448.97,2026-08-12 16:00:27,0,13.98,2.83,12-Aug-2025,10-Jul-2026,6.0831580650380195,-28.138623696264002,,,360 ONE WAM LIMITED,-0.6
0,BAJAJFINSVEQN,-11.5,BAJAJFINSV,EQ,N,2020.5,571047,2023.0,2028.4,2006.1,2032.0,1149831686.85,2195.0,1597.0,1167540887668.7,2026-08-12 16:00:27,0,5.9,5.45,12-Aug-2025,10-Jul-2026,7.949886104783599,-26.5184721352536,,,BAJAJ FINSERV LIMITED,-0.57
0,INDIGOEQN,49.0,INDIGO,EQ,N,5333.0,215913,5266.5,5333.0,5228.0,5284.0,1137233203.17,6232.5,3895.2,1203802442961.3,2026-08-12 16:00:27,0,-10.03,0.4,12-Aug-2025,10-Jul-2026,14.432410750100281,-36.91209693982337,,,INTERGLOBE AVIATION LIMITED,0.93
0,CPPLUSEQN,94.5,CPPLUS,EQ,N,3900.0,287366,3817.0,3965.0,3770.1,3805.5,1116230122.1,3965.0,1045.55,105111165767.81,2026-08-12 16:00:27,0,267.39,6.49,12-Aug-2025,10-Jul-2026,1.639344262295082,-273.0094208789632,,,ADITYA INFOTECH LIMITED,2.48
0,SYRMAEQN,-14.9,SYRMA,EQ,N,1479.9,749197,1494.8,1514.0,1465.1,1494.8,1114482981.29,1543.0,634.5,114910442099.06,2026-08-12 16:00:27,0,119.8,1.93,12-Aug-2025,10-Jul-2026,4.0894361633182115,-133.2387706855792,,,SYRMA SGS TECHNOLOGY LIMITED,-1.0
0,JSWSTEELEQN,-14.3,JSWSTEEL,EQ,N,1269.1,862476,1285.9,1288.9,1268.2,1283.4,1099769021.88,1335.0,1022.3,1187014757613.89,2026-08-12 16:00:27,0,21.07,1.9,12-Aug-2025,10-Jul-2026,4.936329588014981,-24.14164139685024,,,JSW STEEL LIMITED,-1.11
0,CAPLIPOINTEQN,-169.6,CAPLIPOINT,EQ,N,2460.0,427821,2629.6,2672.1,2452.0,2629.6,1090472946.9,2699.0,1500.3,48911962055.3,2026-08-12 16:00:27,0,17.34,-4.78,12-Aug-2025,10-Jul-2026,8.855131530196369,-63.96720655868826,,,CAPLIN POINT LABORATORIES LIMITED,-6.45
0,WELCORPEQN,26.1,WELCORP,EQ,N,1863.0,583807,1844.4,1873.0,1840.0,1836.9,1085291374.93,1873.0,710.0,243455929770.23,2026-08-12 16:00:27,0,112.51,15.53,12-Aug-2025,10-Jul-2026,0.5339028296849974,-162.3943661971831,,,WELSPUN CORP LIMITED,1.42
0,ELLENEQN,29.4,ELLEN,EQ,N,323.8,3412223,295.0,323.8,286.7,294.4,1083039580.2,559.8,175.0,9971555425.31,2026-08-12 16:00:27,0,-37.51,10.04,12-Aug-2025,10-Jul-2026,42.1579135405502,-85.02857142857142,,,ELLENBARRIE INDUSTRIAL GASES LIMITED,9.99
0,WOCKPHARMAEQN,-64.4,WOCKPHARMA,EQ,N,1845.0,577896,1910.0,1915.0,1840.0,1909.4,1078804694.88,2422.3,1086.7,151938552048.93,2026-08-12 16:00:27,0,21.73,1.89,12-Aug-2025,10-Jul-2026,23.83272096767535,-69.78006809607068,,,WOCKHARDT LIMITED,-3.37
0,SAMMAANCAPEQN,-3.0,SAMMAANCAP,EQ,N,160.4,6698353,164.8,164.8,158.66,163.4,1078635783.59,192.95,114.1,122829428392.25,2026-08-12 16:00:27,0,34.25,-3.64,12-Aug-2025,10-Jul-2026,16.869655351127236,-40.57843996494303,,,SAMMAAN CAPITAL LIMITED,-1.84
0,AEGISLOGEQN,-34.6,AEGISLOG,EQ,N,1263.0,836202,1297.1,1322.9,1257.6,1297.6,1077672051.54,1497.8,576.1,158102705007.0,2026-08-12 16:00:27,0,75.31,1.36,12-Aug-2025,10-Jul-2026,15.67632527707304,-119.23277208817913,,,AEGIS LOGISTICS LIMITED,-2.67
0,RADICOEQN,-12.0,RADICO,EQ,N,4533.0,236362,4553.0,4553.0,4485.0,4545.0,1069062962.38,4590.3,2500.0,354244490904.86,2026-08-12 16:00:27,0,56.55,11.27,12-Aug-2025,10-Jul-2026,1.2482844258545194,-81.32,,,RADICO KHAITAN LIMITED,-0.26
0,GLENMARKEQN,14.0,GLENMARK,EQ,N,2290.0,464575,2276.0,2310.0,2272.4,2276.0,1065939463.0,2474.0,1792.6,343837729739.82,2026-08-12 16:00:27,0,11.26,0.31,12-Aug-2025,10-Jul-2026,7.437348423605497,-27.747406002454536,,,GLENMARK PHARMACEUTICALS LIMITED,0.62
0,PRICOLLTDEQN,43.05,PRICOLLTD,EQ,N,780.2,1368057,744.0,792.55,739.1,737.15,1064786124.24,792.55,415.1,57347669665.78,2026-08-12 16:00:27,0,81.55,24.38,12-Aug-2025,10-Jul-2026,1.5582613084347992,-87.95470970850397,,,PRICOL LIMITED,5.84
0,NBCCEQN,-1.63,NBCC,EQ,N,92.17,11484423,93.8,94.14,90.9,93.8,1060241931.36,125.85,77.18,95168161062.0,2026-08-12 16:00:27,0,-13.71,-7.81,12-Aug-2025,10-Jul-2026,26.76201827572507,-19.422130085514382,,,NBCC (INDIA) LIMITED,-1.74
0,IFCIEQN,-2.23,IFCI,EQ,N,73.47,14279371,75.0,75.29,72.71,75.7,1052818023.83,95.8,46.23,48787466867.59,2026-08-12 16:00:27,0,39.2,-5.15,12-Aug-2025,10-Jul-2026,23.308977035490607,-58.92277741726152,,,IFCI LIMITED,-2.95
0,REDINGTONEQN,-14.5,REDINGTON,EQ,N,340.05,3024132,355.0,356.2,338.0,354.55,1046107741.44,364.5,191.31,201468393406.57,2026-08-12 16:00:27,0,44.21,21.27,12-Aug-2025,10-Jul-2026,6.707818930041152,-77.74815744080288,,,REDINGTON LIMITED,-4.09
0,ANANTRAJEQN,7.0,ANANTRAJ,EQ,N,613.25,1700060,609.0,620.2,600.15,606.25,1038107637.8,743.65,403.0,93324653379.81,2026-08-12 16:00:27,0,14.32,4.68,12-Aug-2025,10-Jul-2026,17.535130773885566,-52.1712158808933,,,ANANT RAJ LIMITED,1.15
0,PHOENIXLTDEQN,-3.7,PHOENIXLTD,EQ,N,1905.0,545788,1906.2,1910.0,1870.0,1908.7,1029547193.8,2169.8,1402.5,354661797381.7,2026-08-12 16:00:27,0,32.37,-10.94,12-Aug-2025,10-Jul-2026,12.203889759424833,-35.82887700534759,,,THE PHOENIX MILLS LIMITED,-0.19
0,BERGEPAINTEQN,23.05,BERGEPAINT,EQ,N,558.0,1847256,539.8,564.9,535.9,534.95,1028903119.44,594.55,391.1,158618283909.05,2026-08-12 16:00:27,0,3.83,12.22,12-Aug-2025,10-Jul-2026,6.14750651753427,-42.674507798517006,,,BERGER PAINTS (I) LIMITED,4.31
0,CHOLAFINEQN,3.2,CHOLAFIN,EQ,N,1917.6,540582,1909.5,1917.6,1888.4,1914.4,1025948954.52,1952.5,1299.4,827440298978.36,2026-08-12 16:00:27,0,32.18,6.07,12-Aug-2025,10-Jul-2026,1.7874519846350831,-47.575804217331076,,,CHOLAMANDALAM INVESTMENT AND FINANCE COMPANY LIMITED,0.17
0,CDSLEQN,-8.0,CDSL,EQ,N,1339.0,764487,1349.8,1353.4,1333.1,1347.0,1024985945.25,1673.7,1116.3,237861316407.0,2026-08-12 16:00:27,0,-13.15,-6.49,12-Aug-2025,10-Jul-2026,19.997610085439444,-19.9498342739407,,,CENTRAL DEPOSITORY SERVICES (INDIA) LIMITED,-0.59
0,PNBHOUSINGEQN,15.5,PNBHOUSING,EQ,N,1157.6,872646,1141.9,1166.0,1140.5,1142.1,1007923582.92,1174.8,729.6,216995912749.83,2026-08-12 16:00:27,0,50.9,4.23,12-Aug-2025,10-Jul-2026,1.4640789921688797,-58.66228070175438,,,PNB HOUSING FINANCE LIMITED,1.36
0,ICILEQN,-17.4,ICIL,EQ,N,405.8,2410797,423.0,445.15,389.45,423.2,997587798.6,463.8,216.9,32074159283.27,2026-08-12 16:00:27,0,68.56,-1.64,12-Aug-2025,10-Jul-2026,12.505390254420009,-87.09082526509913,,,INDO COUNT INDUSTRIES LIMITED,-4.11
0,MIDHANIEQN,-24.05,MIDHANI,EQ,N,403.7,2359127,427.75,438.6,400.15,427.75,991942129.69,454.8,266.65,19663202934.21,2026-08-12 16:00:27,0,4.29,-2.93,12-Aug-2025,10-Jul-2026,11.23570800351803,-51.39696231014438,,,MISHRA DHATU NIGAM LIMITED,-5.62
0,THERMAXEQN,58.3,THERMAX,EQ,N,4084.0,241006,4030.9,4099.6,3992.0,4025.7,977060014.54,5277.8,2742.7,157808213444.62,2026-08-12 16:00:27,0,23.84,-15.08,12-Aug-2025,10-Jul-2026,22.619273182007653,-48.90436431253874,,,THERMAX LIMITED,1.45
0,CASTROLINDEQN,1.63,CASTROLIND,EQ,N,188.45,5108944,186.5,190.45,186.11,186.82,962422870.72,212.4,170.1,89911958634.41,2026-08-12 16:00:27,0,-10.18,2.51,12-Aug-2025,10-Jul-2026,11.275894538606403,-10.78777189888301,,,CASTROL INDIA LIMITED,0.87
0,ABCAPITALEQN,3.8,ABCAPITAL,EQ,N,410.95,2350295,407.15,410.95,403.05,407.15,952527557.6,430.7,267.0,352195641842.86,2026-08-12 16:00:27,0,53.31,0.65,12-Aug-2025,10-Jul-2026,4.585558393313211,-53.91385767790262,,,ADITYA BIRLA CAPITAL LIMITED,0.93
0,GODREJPROPEQN,-22.9,GODREJPROP,EQ,N,2015.0,466920,2035.0,2042.0,1984.0,2037.9,937262523.6,2352.0,1434.0,271755176610.13,2026-08-12 16:00:27,0,3.4,-5.53,12-Aug-2025,10-Jul-2026,14.328231292517007,-40.516039051603904,,,GODREJ PROPERTIES LIMITED,-1.12
0,KTKBANKEQN,10.4,KTKBANK,EQ,N,313.25,3017208,303.5,314.0,301.2,302.85,936722395.68,316.8,169.12,118055134147.67,2026-08-12 16:00:27,0,81.91,13.35,12-Aug-2025,10-Jul-2026,1.1205808080808082,-85.22350993377484,,,THE KARNATAKA BANK LIMITED,3.43
0,COCHINSHIPEQN,10.0,COCHINSHIP,EQ,N,1506.0,622999,1496.0,1514.9,1490.0,1496.0,936473406.83,1979.9,1187.0,127115508608.57,2026-08-12 16:00:27,0,-9.67,6.21,12-Aug-2025,10-Jul-2026,23.935552300621243,-26.87447346251053,,,COCHIN SHIPYARD LIMITED,0.67
0,KIRLOSENGEQN,-37.5,KIRLOSENG,EQ,N,2064.0,449080,2101.5,2122.4,2041.1,2101.5,931733220.8,2720.0,855.8,171528220619.98,2026-08-12 16:00:27,0,130.31,-17.17,12-Aug-2025,10-Jul-2026,24.11764705882353,-141.17784529095584,,,KIRLOSKAR OIL ENGINES LIMITED,-1.78
0,INDHOTELEQN,0.0,INDHOTEL,EQ,N,724.0,1298404,724.0,724.0,713.05,724.0,931384141.32,811.95,565.0,633994271296.1,2026-08-12 16:00:27,0,-3.14,-3.76,12-Aug-2025,10-Jul-2026,10.831947780035717,-28.141592920353983,,,THE INDIAN HOTELS COMPANY LIMITED,0.0
0,INDUSINDBKEQN,8.6,INDUSINDBK,EQ,N,1017.5,915131,1009.0,1022.7,1006.5,1008.9,929013537.27,1077.85,710.6,668298309254.43,2026-08-12 16:00:27,0,29.94,0.17,12-Aug-2025,10-Jul-2026,5.599109338034049,-43.188854489164086,,,INDUSIND BANK LIMITED,0.85
0,ZENTECEQN,3.6,ZENTEC,EQ,N,1823.4,502987,1826.0,1853.0,1810.1,1819.8,920954107.39,2024.0,1223.0,83845863674.08,2026-08-12 16:00:27,0,30.02,-3.03,12-Aug-2025,10-Jul-2026,9.911067193675889,-49.092395748160264,,,ZEN TECHNOLOGIES LIMITED,0.2
0,TIEQN,9.25,TI,EQ,N,530.0,1733388,520.0,539.0,515.4,520.75,919995681.0,549.7,381.55,58696846042.74,2026-08-12 16:00:27,0,7.36,18.71,12-Aug-2025,10-Jul-2026,3.583772967072949,-38.90708950334163,,,TILAKNAGAR INDUSTRIES LIMITED,1.78
0,MPHASISEQN,7.6,MPHASIS,EQ,N,2537.6,366804,2536.0,2540.1,2472.0,2530.0,914941225.44,3037.2,2013.0,334974946947.56,2026-08-12 16:00:27,0,-6.63,9.29,12-Aug-2025,10-Jul-2026,16.449361253786382,-26.060606060606062,,,MPHASIS LIMITED,0.3
0,CIPLAEQN,0.0,CIPLA,EQ,N,1463.0,621021,1460.0,1468.8,1456.1,1463.0,908740029.3,1673.0,1165.7,820903883485.4,2026-08-12 16:00:27,0,-3.85,1.64,12-Aug-2025,10-Jul-2026,12.552301255230125,-25.503989019473277,,,CIPLA LIMITED,0.0
0,ASTRAMICROEQN,-30.7,ASTRAMICRO,EQ,N,1673.0,531299,1712.2,1749.3,1651.2,1703.7,900047070.95,1960.0,851.0,141189028700.6,2026-08-12 16:00:27,0,70.4,-7.25,12-Aug-2025,10-Jul-2026,14.642857142857142,-96.59224441833138,,,ASTRA MICROWAVE PRODUCTS LIMITED,-1.8
0,BLUESTARCOEQN,-7.9,BLUESTARCO,EQ,N,1490.0,603509,1497.9,1507.7,1471.3,1497.9,899113743.29,2040.0,1450.0,192783277898.28,2026-08-12 16:00:27,0,-14.64,-10.35,12-Aug-2025,10-Jul-2026,26.96078431372549,-2.7586206896551726,,,BLUE STAR LIMITED,-0.53
0,CAMSEQN,-8.1,CAMS,EQ,N,777.4,1156640,787.0,788.5,771.0,788.0,896731425.6,844.9,611.4,186519785314.59,2026-08-12 16:00:27,0,3.13,-1.66,12-Aug-2025,10-Jul-2026,7.989111137412712,-27.150801439319594,,,COMPUTER AGE MANAGEMENT SERVICES LIMITED,-1.03
0,RBLBANKEQN,0.1,RBLBANK,EQ,N,389.8,2289848,389.7,390.2,384.45,389.7,887613780.24,392.7,243.25,240363147714.96,2026-08-12 16:00:27,0,53.86,2.4,12-Aug-2025,10-Jul-2026,0.7384772090654443,-60.24665981500514,,,RBL BANK LIMITED,0.03
0,TECHNOEEQN,-74.05,TECHNOE,EQ,N,984.0,845640,976.15,1009.2,975.7,1058.05,837623332.8,1575.0,870.0,49204670393.55,2026-08-12 16:00:27,0,-28.01,-6.3,12-Aug-2025,10-Jul-2026,37.523809523809526,-13.10344827586207,,,TECHNO ELECTRIC & ENGINEERING COMPANY LIMITED,-7.0
0,NLCINDIAEQN,-11.05,NLCINDIA,EQ,N,275.0,2980168,286.95,286.95,274.5,286.05,832331120.72,387.8,222.0,99854163494.07,2026-08-12 16:00:27,0,14.48,-12.67,12-Aug-2025,10-Jul-2026,29.087158329035585,-23.873873873873872,,,NLC INDIA LIMITED,-3.86
0,UPLEQN,2.5,UPL,EQ,N,570.5,1452949,570.75,574.75,564.25,568.0,826568156.61,812.2,563.15,319045585035.65,2026-08-12 16:00:27,0,-17.16,-4.08,12-Aug-2025,10-Jul-2026,29.758680128047278,-1.3051584835301429,,,UPL LIMITED,0.44
0,SAPPHIREEQN,-4.72,SAPPHIRE,EQ,N,231.3,3516974,236.98,238.89,226.7,236.02,820439694.72,347.9,139.91,54587725448.6,2026-08-12 16:00:27,0,-28.31,26.64,12-Aug-2025,10-Jul-2026,33.515377982178784,-65.32056321921235,,,SAPPHIRE FOODS INDIA LIMITED,-2.0
0,DEVYANIEQN,-3.24,DEVYANI,EQ,N,139.55,5819096,142.1,142.1,137.0,142.79,812694947.36,191.0,91.55,59256516010.79,2026-08-12 16:00:27,0,-9.06,24.08,12-Aug-2025,10-Jul-2026,26.93717277486911,-52.430365920262155,,,DEVYANI INTERNATIONAL LIMITED,-2.27
0,AVALONEQN,35.4,AVALON,EQ,N,1973.7,406426,1940.0,2002.6,1927.0,1938.3,802695414.26,2004.0,777.3,59713439779.84,2026-08-12 16:00:27,0,123.51,11.63,12-Aug-2025,10-Jul-2026,1.5119760479041917,-153.91740640679274,,,AVALON TECHNOLOGIES LIMITED,1.83
0,VBLEQN,3.5,VBL,EQ,N,440.5,1837489,439.15,440.5,434.0,437.0,801880199.6,555.8,381.0,600634568847.16,2026-08-12 16:00:27,0,-14.34,-7.86,12-Aug-2025,10-Jul-2026,20.74487225620727,-15.616797900262467,,,VARUN BEVERAGES LIMITED,0.8
0,SHILPAMEDEQN,-16.05,SHILPAMED,EQ,N,803.65,977909,819.5,820.95,800.1,819.7,793299338.98,825.4,259.5,93618207331.33,2026-08-12 16:00:27,0,84.7,28.14,12-Aug-2025,10-Jul-2026,2.635086018899927,-209.6917148362235,,,SHILPA MEDICARE LIMITED,-1.96
0,GRSEEQN,2.3,GRSE,EQ,N,2577.7,307019,2579.0,2584.0,2546.6,2575.4,787549787.85,3339.0,1963.7,75296576052.0,2026-08-12 16:00:27,0,2.71,-3.17,12-Aug-2025,10-Jul-2026,22.800239592692424,-31.26750521973825,,,GARDEN REACH SHIPBUILDERS & ENGINEERS LIMITED,0.09
0,LICHSGFINEQN,6.0,LICHSGFIN,EQ,N,508.0,1559589,502.95,508.0,499.45,502.0,784769588.91,598.2,458.9,152306649236.23,2026-08-12 16:00:27,0,-11.37,-7.49,12-Aug-2025,10-Jul-2026,15.078569040454697,-10.699498801481804,,,LIC HOUSING FINANCE LIMITED,1.2
0,JSWENERGYEQN,-4.25,JSWENERGY,EQ,N,558.75,1396161,561.4,563.0,552.2,563.0,776419093.71,617.35,427.75,341525771974.51,2026-08-12 16:00:27,0,4.8,0.96,12-Aug-2025,10-Jul-2026,9.492184336276019,-30.625365283459963,,,JSW ENERGY LIMITED,-0.75
0,PARASEQN,-1.7,PARAS,EQ,N,1282.3,590759,1284.0,1308.8,1263.5,1284.0,758948087.3,1443.0,580.5,45412226570.6,2026-08-12 16:00:27,0,95.37,2.33,12-Aug-2025,10-Jul-2026,11.136521136521136,-120.89577950043066,,,PARAS DEFENCE AND SPACE TECHNOLOGIES LIMITED,-0.13
0,PFIZEREQN,111.5,PFIZER,EQ,N,5010.0,148835,4892.0,5149.0,4891.7,4898.5,755526645.45,5873.5,4360.1,75708068079.54,2026-08-12 16:00:27,0,-1.8,5.89,12-Aug-2025,10-Jul-2026,14.70162594705031,-14.90562143070113,,,PFIZER LIMITED,2.28
0,CRAFTSMANEQN,256.0,CRAFTSMAN,EQ,N,10550.0,71285,10360.0,10723.0,10326.0,10294.0,754546735.05,10762.0,6324.0,153350174137.78,2026-08-12 16:00:27,0,53.32,13.43,12-Aug-2025,10-Jul-2026,1.9698940717338784,-66.8247944339026,,,CRAFTSMAN AUTOMATION LIMITED,2.49
0,NAM-INDIAEQN,11.0,NAM-INDIA,EQ,N,1182.3,639623,1180.2,1183.0,1167.6,1171.3,751448289.09,1233.5,780.25,211555707774.87,2026-08-12 16:00:27,0,47.95,-2.51,12-Aug-2025,10-Jul-2026,4.150790433725172,-51.52835629605895,,,NIPPON LIFE INDIA ASSET MANAGEMENT LIMITED,0.94
0,THANGAMAYLEQN,114.5,THANGAMAYL,EQ,N,5342.5,141031,5236.5,5390.0,5235.0,5228.0,749928111.57,7430.0,1939.5,63745294982.56,2026-08-12 16:00:27,0,170.18,-18.32,12-Aug-2025,10-Jul-2026,28.095558546433377,-175.4575921629286,,,THANGAMAYIL JEWELLERY LIMITED,2.19
0,THYROCAREEQN,-7.35,THYROCARE,EQ,N,642.0,1159737,649.0,662.0,637.6,649.35,748656622.98,662.0,342.55,39787129014.0,2026-08-12 16:00:27,0,42.61,24.49,12-Aug-2025,10-Jul-2026,3.0211480362537766,-87.41789519778135,,,THYROCARE TECHNOLOGIES LIMITED,-1.13
0,MFSLEQN,17.0,MFSL,EQ,N,1516.0,489596,1500.4,1531.6,1495.0,1499.0,742242223.88,1892.5,1433.6,400972213751.56,2026-08-12 16:00:27,0,-4.56,-7.17,12-Aug-2025,10-Jul-2026,19.89431968295905,-5.747767857142857,,,MAX FINANCIAL SERVICES LIMITED,1.13
0,KPITTECHEQN,-12.55,KPITTECH,EQ,N,609.2,1196638,627.0,628.0,609.0,627.0,736135798.46,1328.0,543.0,99632205861.29,2026-08-12 16:00:27,0,-50.04,8.45,12-Aug-2025,10-Jul-2026,54.126506024096386,-12.191528545119706,,,KPIT TECHNOLOGIES LIMITED,-2.02
0,LLOYDSENGGEQN,-0.34,LLOYDSENGG,EQ,N,92.7,7926085,93.75,94.25,91.0,93.04,732211732.3,99.75,37.4,65339675945.96,2026-08-12 16:00:27,0,36.4,2.32,12-Aug-2025,10-Jul-2026,7.067669172932331,-147.86096256684493,,,LLOYDS ENGINEERING WORKS LIMITED,-0.37
0,RKFORGEEQN,-9.65,RKFORGE,EQ,N,741.7,978319,755.8,760.0,739.9,751.35,729258548.98,763.5,460.15,76304317685.6,2026-08-12 16:00:27,0,26.89,31.2,12-Aug-2025,10-Jul-2026,2.8552717747216767,-61.186569596870584,,,RAMKRISHNA FORGINGS LIMITED,-1.28
0,KECEQN,-7.75,KEC,EQ,N,443.0,1598645,450.8,453.7,439.85,450.75,711716754.0,937.8,439.85,57303129325.2,2026-08-12 16:00:27,0,-44.43,-12.25,12-Aug-2025,10-Jul-2026,52.7617828961399,-0.7161532340570649,,,KEC INTERNATIONAL LIMITED,-1.72
0,SRFEQN,15.0,SRF,EQ,N,2585.0,276269,2570.1,2594.0,2552.0,2570.0,710127362.98,3210.0,2355.0,374378417981.12,2026-08-12 16:00:27,0,-9.18,-6.83,12-Aug-2025,10-Jul-2026,19.470404984423677,-9.766454352441613,,,SRF LIMITED,0.58
0,TATAELXSIEQN,-83.1,TATAELXSI,EQ,N,3711.9,187415,3799.9,3799.9,3685.0,3795.0,698795569.0,5950.0,3353.9,127440806977.31,2026-08-12 16:00:27,0,-33.92,0.59,12-Aug-2025,10-Jul-2026,37.615126050420166,-10.67414055278929,,,TATA ELXSI LIMITED,-2.19
0,AIAENGEQN,-216.6,AIAENG,EQ,N,4565.0,150211,4786.0,4824.4,4490.2,4781.6,692188811.21,5180.0,3001.1,176755193289.22,2026-08-12 16:00:27,0,47.22,-2.53,12-Aug-2025,10-Jul-2026,11.872586872586872,-52.11089267268668,,,AIA ENGINEERING LIMITED,-4.53
0,LALPATHLABEQN,0.1,LALPATHLAB,EQ,N,1950.0,351481,1954.8,1988.9,1940.0,1949.9,689387803.78,1988.9,1272.6,151543974111.58,2026-08-12 16:00:27,0,19.78,15.19,12-Aug-2025,10-Jul-2026,1.9558549952234903,-53.22960867515323,,,DR. LAL PATH LABS LTD.,0.01
0,UNITDSPREQN,-13.7,UNITDSPR,EQ,N,1535.0,450036,1546.6,1546.6,1518.1,1548.7,685728853.92,1548.7,1210.8,452173608571.66,2026-08-12 16:00:27,0,18.28,10.77,12-Aug-2025,10-Jul-2026,0.884612901142894,-26.77568549719194,,,UNITED SPIRITS LIMITED,-0.88
0,DABUREQN,-1.4,DABUR,EQ,N,411.25,1677000,412.65,413.1,405.05,412.65,683478120.0,577.0,403.35,242158439792.89,2026-08-12 16:00:27,0,-18.22,-7.27,12-Aug-2025,10-Jul-2026,28.7261698440208,-1.9585967522003223,,,DABUR INDIA LIMITED,-0.34
0,NHEQN,-12.8,NH,EQ,N,1836.0,368370,1848.8,1858.8,1819.4,1848.8,674500204.8,2093.3,1589.0,126503476391.0,2026-08-12 16:00:27,0,1.34,-9.44,12-Aug-2025,10-Jul-2026,12.291596999952228,-15.544367526746381,,,NARAYANA HRUDAYALAYA LTD.,-0.69
0,KAJARIACEREQN,32.7,KAJARIACER,EQ,N,1258.3,541562,1230.0,1259.0,1211.9,1225.6,673860180.98,1314.8,869.6,102513736933.59,2026-08-12 16:00:27,0,0.1,3.31,12-Aug-2025,10-Jul-2026,4.297231518101612,-44.69871205151794,,,KAJARIA CERAMICS LIMITED,2.67
0,GESHIPEQN,-12.1,GESHIP,EQ,N,1280.5,522980,1292.0,1297.7,1276.3,1292.6,672050219.2,1798.0,922.5,126559671023.12,2026-08-12 16:00:27,0,31.47,-9.88,12-Aug-2025,10-Jul-2026,28.78197997775306,-38.80758807588076,,,THE GREAT EASTERN SHIPPING COMPANY LIMITED,-0.94
0,TEJASNETEQN,-7.5,TEJASNET,EQ,N,526.1,1282649,532.0,532.45,515.5,533.6,670722815.08,647.0,294.0,43327323474.58,2026-08-12 16:00:27,0,-4.51,-6.83,12-Aug-2025,10-Jul-2026,18.686244204018546,-78.94557823129252,,,TEJAS NETWORKS LIMITED,-1.41
0,JYOTHYLABEQN,-4.04,JYOTHYLAB,EQ,N,200.0,3414689,203.5,203.5,190.11,204.04,669893688.02,352.7,188.1,27060698301.71,2026-08-12 16:00:27,0,-39.89,-0.27,12-Aug-2025,10-Jul-2026,43.29458463283243,-6.3264221158958005,,,JYOTHY LABS LIMITED,-1.98
0,BALRAMCHINEQN,-25.85,BALRAMCHIN,EQ,N,601.95,1096131,623.0,626.1,592.55,627.8,662128891.86,665.5,393.55,68397512023.74,2026-08-12 16:00:27,0,7.33,6.18,12-Aug-2025,10-Jul-2026,9.549211119459054,-52.9538813365519,,,BALRAMPUR CHINI MILLS LIMITED,-4.12
0,PAGEINDEQN,-145.0,PAGEIND,EQ,N,38295.0,17278,38440.0,38610.0,37695.0,38440.0,659478798.6,47310.0,29805.0,240900483472.86,2026-08-12 16:00:27,0,-13.12,-2.79,12-Aug-2025,10-Jul-2026,19.055168040583386,-28.48515349773528,,,PAGE INDUSTRIES LIMITED,-0.38
0,VGUARDEQN,7.7,VGUARD,EQ,N,332.0,1980024,323.8,336.7,321.9,324.3,658199578.08,392.2,288.8,62714136467.33,2026-08-12 16:00:27,0,-7.64,8.64,12-Aug-2025,10-Jul-2026,15.34931157572667,-14.958448753462603,,,V-GUARD INDUSTRIES LIMITED,2.37
0,RRKABELEQN,-22.9,RRKABEL,EQ,N,2789.9,234123,2835.0,2844.9,2775.0,2812.8,656441091.09,2845.0,1165.0,91566868031.52,2026-08-12 16:00:27,0,130.48,25.35,12-Aug-2025,10-Jul-2026,1.936731107205624,-139.4763948497854,,,R R KABEL LIMITED,-0.81
0,ASTERDMEQN,-22.9,ASTERDM,EQ,N,832.0,787879,854.95,861.15,822.5,854.9,654798358.11,891.3,519.1,353405294964.55,2026-08-12 16:00:27,0,37.76,2.86,12-Aug-2025,10-Jul-2026,6.653203186357007,-60.27740319784242,,,ASTER DM QUALITY CARE LIMITED,-2.68
0,UNOMINDAEQN,-42.6,UNOMINDA,EQ,N,1232.4,520011,1275.0,1278.7,1232.4,1275.0,648334114.47,1382.0,994.0,223535626635.61,2026-08-12 16:00:27,0,15.24,5.69,12-Aug-2025,10-Jul-2026,10.824891461649782,-23.983903420523138,,,UNO MINDA LIMITED,-3.34
0,SCIEQN,3.35,SCI,EQ,N,297.3,2156081,294.0,300.95,293.35,293.95,642296529.9,368.75,195.55,50137147671.82,2026-08-12 16:00:27,0,44.5,4.35,12-Aug-2025,10-Jul-2026,19.37627118644068,-52.03272820250575,,,SHIPPING CORPORATION OF INDIA LIMITED,1.14
0,ICICIPRULIEQN,4.9,ICICIPRULI,EQ,N,506.4,1278410,501.5,506.4,494.5,501.5,637913805.9,706.8,459.5,199780127412.54,2026-08-12 16:00:27,0,-17.9,-0.77,12-Aug-2025,10-Jul-2026,28.35314091680815,-10.206746463547335,,,ICICI PRUDENTIAL LIFE INSURANCE COMPANY LIMITED,0.98
0,COLPALEQN,-3.0,COLPAL,EQ,N,2005.0,318454,2008.0,2008.0,1994.0,2008.0,637837885.68,2504.0,1782.0,263375335827.05,2026-08-12 16:00:27,0,-8.93,-2.31,12-Aug-2025,10-Jul-2026,19.92811501597444,-12.514029180695847,,,COLGATE PALMOLIVE (INDIA) LIMITED,-0.15
0,MOTILALOFSEQN,13.0,MOTILALOFS,EQ,N,901.0,713954,890.15,901.0,873.3,888.0,633384291.1,1097.1,614.9,140544564476.11,2026-08-12 16:00:27,0,-1.13,-8.0,12-Aug-2025,10-Jul-2026,17.8743961352657,-46.527890713937225,,,MOTILAL OSWAL FINANCIAL SERVICES LIMITED,1.46
0,TIMETECHNOEQN,0.82,TIMETECHNO,EQ,N,208.1,3032023,206.75,210.9,206.35,207.28,632934801.25,249.15,154.0,53820161131.08,2026-08-12 16:00:27,0,-5.73,12.88,12-Aug-2025,10-Jul-2026,16.47601846277343,-35.12987012987013,,,TIME TECHNOPLAST LIMITED,0.4
0,JUBLPHARMAEQN,-83.0,JUBLPHARMA,EQ,N,882.0,697403,967.05,967.15,880.0,965.0,632321352.04,1184.8,786.05,70828246827.52,2026-08-12 16:00:27,0,-18.12,-8.53,12-Aug-2025,10-Jul-2026,25.557056043214043,-12.206602633420266,,,JUBILANT PHARMOVA LIMITED,-8.6
0,NEWGENEQN,-20.75,NEWGEN,EQ,N,534.35,1175816,555.0,555.65,525.5,555.1,631730662.32,1041.95,401.05,34055291993.76,2026-08-12 16:00:27,0,-38.0,3.32,12-Aug-2025,10-Jul-2026,48.71634915303038,-33.23775090387732,,,NEWGEN SOFTWARE TECHNOLOGIES LIMITED,-3.74
0,SKIPPEREQN,17.55,SKIPPER,EQ,N,543.8,1183882,522.65,546.45,509.5,526.25,629955451.02,593.0,327.05,20565426687.84,2026-08-12 16:00:27,0,8.07,-0.49,12-Aug-2025,10-Jul-2026,8.296795952782462,-66.27426998929828,,,SKIPPER LIMITED,3.33
0,SAILIFEEQN,17.7,SAILIFE,EQ,N,1462.1,430058,1446.4,1474.0,1443.3,1444.4,628886715.14,1474.0,783.85,201327388576.99,2026-08-12 16:00:27,0,66.75,15.58,12-Aug-2025,10-Jul-2026,0.8073270013568521,-86.52803470051668,,,SAI LIFE SCIENCES LIMITED,1.23
0,JYOTICNCEQN,14.0,JYOTICNC,EQ,N,819.0,757009,804.95,832.35,802.6,805.0,619301492.81,1055.9,580.1,69610396255.13,2026-08-12 16:00:27,0,-7.97,2.82,12-Aug-2025,10-Jul-2026,22.43583672696278,-41.182554731942766,,,JYOTI CNC AUTOMATION LIMITED,1.74
0,AVANTIFEEDEQN,8.2,AVANTIFEED,EQ,N,868.0,727054,844.15,873.45,829.9,859.8,619144645.32,1593.8,614.25,34387047635.28,2026-08-12 16:00:27,0,30.62,-6.14,12-Aug-2025,10-Jul-2026,45.538963483498556,-41.31054131054131,,,AVANTI FEEDS LIMITED,0.95
0,INOXWINDEQN,-0.4,INOXWIND,EQ,N,74.0,8299658,74.27,74.84,73.55,74.4,614506678.32,159.3,72.7,71154831327.13,2026-08-12 16:00:27,0,-47.43,-10.42,12-Aug-2025,10-Jul-2026,53.54676710608914,-1.7881705639614855,,,INOX WIND LIMITED,-0.54
0,PREMIERENEEQN,-23.9,PREMIERENE,EQ,N,1026.1,595125,1049.0,1056.0,1021.4,1050.0,614008316.25,1134.0,660.0,121560664801.23,2026-08-12 16:00:27,0,0.88,-8.15,12-Aug-2025,10-Jul-2026,9.514991181657848,-55.46969696969697,,,PREMIER ENERGIES LIMITED,-2.28
0,GOKEXEQN,-27.95,GOKEX,EQ,N,761.0,801501,780.0,790.2,741.0,788.95,611465112.9,954.9,531.0,49405900376.49,2026-08-12 16:00:27,0,8.47,-8.62,12-Aug-2025,10-Jul-2026,20.305791182322757,-43.314500941619585,,,GOKALDAS EXPORTS LIMITED,-3.54
0,KPIGREENEQN,-14.3,KPIGREEN,EQ,N,336.6,1775887,348.0,352.75,335.1,350.9,608081467.67,542.25,332.9,32513004251.13,2026-08-12 16:00:27,0,-34.62,-16.81,12-Aug-2025,10-Jul-2026,37.9253112033195,-1.1114448783418445,,,KPI GREEN ENERGY LIMITED,-4.08
0,ALKEMEQN,-47.5,ALKEM,EQ,N,5480.0,110443,5518.0,5534.5,5411.5,5527.5,601684628.56,5933.5,4738.5,319765162086.0,2026-08-12 16:00:27,0,6.43,-3.34,12-Aug-2025,10-Jul-2026,7.643043734726553,-15.648411944708242,,,ALKEM LABORATORIES LIMITED,-0.86
0,IIFLEQN,8.25,IIFL,EQ,N,627.5,959585,622.0,628.7,615.2,619.25,596804294.9,675.0,409.1,145546268504.2,2026-08-12 16:00:27,0,39.63,13.53,12-Aug-2025,10-Jul-2026,7.037037037037037,-53.3854803226595,,,IIFL FINANCE LIMITED,1.33
0,CGCLEQN,-6.46,CGCL,EQ,N,229.0,2592162,235.85,237.7,226.18,235.46,596093573.52,264.53,151.1,88263299541.01,2026-08-12 16:00:27,0,25.29,-9.21,12-Aug-2025,10-Jul-2026,13.431368842853363,-51.55526141628061,,,CAPRI GLOBAL CAPITAL LIMITED,-2.74
0,SCHNEIDEREQN,31.7,SCHNEIDER,EQ,N,1435.0,418698,1400.0,1439.8,1380.0,1403.3,593382992.58,1548.0,571.85,83736699415.12,2026-08-12 16:00:27,0,70.0,1.47,12-Aug-2025,10-Jul-2026,7.299741602067184,-150.93993180029727,,,SCHNEIDER ELECTRIC INFRASTRUCTURE LIMITED,2.26
0,KARURVYSYAEQN,5.5,KARURVYSYA,EQ,N,339.7,1752090,332.5,340.0,332.4,334.2,590068870.2,351.8,201.82,320015097327.3,2026-08-12 16:00:27,0,57.79,11.14,12-Aug-2025,10-Jul-2026,3.4394542353610005,-68.31830343870776,,,KARUR VYSYA BANK LIMITED,1.65
0,DEEPAKNTREQN,-71.8,DEEPAKNTR,EQ,N,1713.0,337575,1779.8,1781.0,1711.0,1784.8,587036173.5,1904.4,1280.0,117265492612.16,2026-08-12 16:00:27,0,-8.11,4.2,12-Aug-2025,10-Jul-2026,10.050409577819785,-33.828125,,,DEEPAK NITRITE LIMITED,-4.02
0,HEGEQN,-5.9,HEG,EQ,N,672.35,861879,678.25,686.4,671.0,678.25,585241697.37,698.0,459.8,55734092130.24,2026-08-12 16:00:27,0,32.61,23.36,12-Aug-2025,10-Jul-2026,3.674785100286533,-46.22662026968247,,,HEG LIMITED,-0.87
0,ATGLEQN,-5.15,ATGL,EQ,N,661.0,878468,668.0,669.95,656.5,666.15,580017281.68,859.85,462.8,182848617402.34,2026-08-12 16:00:27,0,8.03,-8.69,12-Aug-2025,10-Jul-2026,23.126126649997094,-42.826274848746756,,,ADANI TOTAL GAS LIMITED,-0.77
0,PPLPHARMAEQN,-4.79,PPLPHARMA,EQ,N,209.4,2720946,214.2,216.96,209.0,214.19,577493579.04,218.5,132.3,129878635027.35,2026-08-12 16:00:27,0,10.55,18.2,12-Aug-2025,10-Jul-2026,4.164759725400458,-58.276643990929706,,,PIRAMAL PHARMA LIMITED,-2.24
0,ASTRALEQN,39.1,ASTRAL,EQ,N,1464.0,398896,1431.9,1464.0,1425.7,1424.9,576743781.6,1768.7,1263.7,178554829789.03,2026-08-12 16:00:27,0,15.34,9.76,12-Aug-2025,10-Jul-2026,17.22734211567818,-15.850280921104693,,,ASTRAL LIMITED,2.74
0,EIDPARRYEQN,-17.5,EIDPARRY,EQ,N,771.0,733425,788.0,791.85,759.0,788.5,566167428.75,1196.4,698.2,79082508879.94,2026-08-12 16:00:27,0,-34.01,1.63,12-Aug-2025,10-Jul-2026,35.55667001003009,-10.426811801775996,,,EID PARRY INDIA LIMITED,-2.22
0,NHPCEQN,0.11,NHPC,EQ,N,76.85,7294107,76.65,76.85,76.0,76.95,556905069.45,89.22,71.62,288846163140.89,2026-08-12 16:00:27,0,-8.41,-3.72,12-Aug-2025,10-Jul-2026,13.864604348800718,-7.302429488969562,,,NHPC LIMITED,0.14
0,VIYASHEQN,1.55,VIYASH,EQ,N,263.0,2076289,262.7,267.8,258.55,261.45,544548316.03,298.0,167.95,40659158785.35,2026-08-12 16:00:27,0,50.96,-5.33,12-Aug-2025,10-Jul-2026,11.74496644295302,-56.59422447156892,,,VIYASH SCIENTIFIC LIMITED,0.59
0,JMFINANCILEQN,3.35,JMFINANCIL,EQ,N,129.52,4221891,126.1,130.13,126.1,126.17,543610685.16,199.8,112.0,49749720868.35,2026-08-12 16:00:27,0,-20.37,3.94,12-Aug-2025,10-Jul-2026,35.17517517517518,-15.642857142857142,,,JM FINANCIAL LIMITED,2.66
0,AZADEQN,14.9,AZAD,EQ,N,2487.0,218236,2472.1,2495.4,2450.4,2472.1,540086088.08,2589.0,1360.0,70465244022.23,2026-08-12 16:00:27,0,69.21,0.3,12-Aug-2025,10-Jul-2026,3.939745075318656,-82.86764705882354,,,AZAD ENGINEERING LIMITED,0.6
0,MRFEQN,-425.0,MRF,EQ,N,130700.0,4123,131540.0,131985.0,130430.0,131125.0,539682641.26,163600.0,122000.0,264393874190.78,2026-08-12 16:00:27,0,-7.0,-2.77,12-Aug-2025,10-Jul-2026,20.110024449877752,-7.131147540983607,,,MRF LIMITED,-0.32
0,BECTORFOODEQN,1.41,BECTORFOOD,EQ,N,242.03,2242467,241.0,243.39,233.52,240.62,535411420.92,301.24,165.0,37866653553.93,2026-08-12 16:00:27,0,-15.49,42.9,12-Aug-2025,10-Jul-2026,19.655424246448014,-46.68484848484849,,,MRS. BECTORS FOOD SPECIALITIES LIMITED,0.59
0,RBAEQN,0.99,RBA,EQ,N,93.64,5706033,93.0,95.35,92.32,92.65,535111774.74,96.45,57.15,48274162469.94,2026-08-12 16:00:27,0,18.37,27.37,12-Aug-2025,10-Jul-2026,2.913426645930534,-63.84951881014873,,,RESTAURANT BRANDS ASIA LIMITED,1.07
0,HAVELLSEQN,-9.4,HAVELLS,EQ,N,1265.0,420518,1271.3,1276.9,1257.7,1274.4,532733228.3,1621.1,1123.6,317912167902.79,2026-08-12 16:00:27,0,-13.64,6.45,12-Aug-2025,10-Jul-2026,21.966565912035037,-12.584549661801352,,,HAVELLS INDIA LIMITED,-0.74
0,SHAILYEQN,-7.9,SHAILY,EQ,N,3450.0,151320,3457.9,3496.3,3402.5,3457.9,521799782.4,3615.2,1604.3,89707809335.82,2026-08-12 16:00:27,0,96.25,24.67,12-Aug-2025,10-Jul-2026,4.56959504315114,-115.04706102349934,,,SHAILY ENGINEERING PLASTICS LIMITED,-0.23
0,SAGILITYEQN,0.46,SAGILITY,EQ,N,43.48,12081362,43.02,43.5,42.69,43.02,520706702.2,57.89,35.83,99838817272.67,2026-08-12 16:00:27,0,-0.41,2.23,12-Aug-2025,10-Jul-2026,24.892036621178097,-21.350823332403014,,,SAGILITY LIMITED,1.07
0,FSLEQN,-5.2,FSL,EQ,N,274.4,1861664,280.65,280.65,272.25,279.6,511324634.24,381.4,202.0,86700730192.87,2026-08-12 16:00:27,0,-25.2,5.66,12-Aug-2025,10-Jul-2026,28.054535920293656,-35.84158415841584,,,FIRSTSOURCE SOLUTIONS LIMITED,-1.86
0,IREDAEQN,-0.9,IREDA,EQ,N,117.8,4344077,118.69,119.0,117.0,118.7,511210981.36,163.35,108.65,93458873919.45,2026-08-12 16:00:27,0,-17.95,-6.8,12-Aug-2025,10-Jul-2026,27.88490970309152,-8.421537045559134,,,INDIAN RENEWABLE ENERGY DEVELOPMENT AGENCY LIMITED,-0.76
0,IRFCEQN,0.35,IRFC,EQ,N,88.26,5812334,87.91,88.35,87.49,87.91,510904158.6,137.17,86.02,177037102006.39,2026-08-12 16:00:27,0,-29.41,-1.82,12-Aug-2025,10-Jul-2026,35.65648465407888,-2.604045570797489,,,INDIAN RAILWAY FINANCE CORPORATION LIMITED,0.4
0,ACUTAASEQN,-95.0,ACUTAAS,EQ,N,3151.0,159044,3242.0,3285.0,3136.2,3246.0,508193293.2,3740.0,1261.2,162956672081.54,2026-08-12 16:00:27,0,141.64,-7.35,12-Aug-2025,10-Jul-2026,15.748663101604278,-149.84142086901363,,,ACUTAAS CHEMICALS LIMITED,-2.93
0,DIACABSBEN,6.0,DIACABS,BE,N,368.0,1355550,367.0,379.0,362.0,362.0,503586825.0,379.0,115.57,35148176877.63,2026-08-12 16:00:27,0,145.61,60.69,12-Aug-2025,10-Jul-2026,2.9023746701846966,-218.42173574457038,,,DIAMOND POWER INFRASTRUCTURE LIMITED,1.66
0,EIELEQN,-10.57,EIEL,EQ,N,203.4,2468285,212.0,212.89,200.84,213.97,503283311.5,276.1,134.71,10643540818.23,2026-08-12 16:00:27,0,-16.02,-16.81,12-Aug-2025,10-Jul-2026,26.33103947844984,-50.99101774181575,,,ENVIRO INFRA ENGINEERS LIMITED,-4.94
0,SHREECEMEQN,60.0,SHREECEM,EQ,N,25570.0,19869,25470.0,25570.0,25150.0,25510.0,502885780.83,31920.0,22550.0,341026986005.89,2026-08-12 16:00:27,0,-15.92,-3.93,12-Aug-2025,10-Jul-2026,19.893483709273184,-13.392461197339246,,,SHREE CEMENT LIMITED,0.24
0,GRAPHITEEQN,-6.85,GRAPHITE,EQ,N,724.0,672656,730.1,742.0,721.0,730.85,492996308.96,802.4,505.8,48142740038.77,2026-08-12 16:00:27,0,34.8,18.18,12-Aug-2025,10-Jul-2026,9.770687936191425,-43.13958086200079,,,GRAPHITE INDIA LIMITED,-0.94
0,DEEPAKFERTEQN,-45.5,DEEPAKFERT,EQ,N,1452.5,332955,1503.0,1504.0,1450.6,1498.0,488688042.15,1681.0,866.4,97072667610.1,2026-08-12 16:00:27,0,0.33,-4.83,12-Aug-2025,10-Jul-2026,13.593099345627603,-67.6477377654663,,,DEEPAK FERTILIZERS AND PETROCHEMICALS CORPORATION LIMITED,-3.04
0,CREDITACCEQN,2.7,CREDITACC,EQ,N,1543.0,310316,1540.0,1560.0,1535.0,1540.3,480735340.88,1634.0,1113.0,83496850404.66,2026-08-12 16:00:27,0,18.52,0.89,12-Aug-2025,10-Jul-2026,5.569155446756426,-38.63432165318958,,,CREDITACCESS GRAMEEN LIMITED,0.18
0,RUBICONEQN,-9.9,RUBICON,EQ,N,1645.2,289009,1659.9,1679.8,1625.1,1655.1,478344576.08,1684.1,570.75,50491100486.9,2026-08-12 16:00:27,0,0.0,14.94,,10-Jul-2026,2.3098390831898343,-188.25229960578187,,,RUBICON RESEARCH LIMITED,-0.6
0,CROMPTONEQN,2.45,CROMPTON,EQ,N,247.85,1952319,246.0,248.35,241.55,245.4,477751982.49,337.5,217.4,158778296103.81,2026-08-12 16:00:27,0,-21.9,-5.29,12-Aug-2025,10-Jul-2026,26.562962962962963,-14.006439742410304,,,CROMPTON GREAVES CONSUMER ELECTRICALS LIMITED,1.0
0,NUVAMAEQN,-6.7,NUVAMA,EQ,N,1700.0,279558,1722.9,1722.9,1673.3,1706.7,473252555.88,2066.0,1096.9,131839726864.71,2026-08-12 16:00:27,0,24.03,-14.04,12-Aug-2025,10-Jul-2026,17.71539206195547,-54.982222627404504,,,NUVAMA WEALTH MANAGEMENT LIMITED,-0.39
0,SFLEQN,12.25,SFL,EQ,N,691.5,674656,691.35,717.85,687.7,679.25,473068787.2,832.45,456.8,25910697176.8,2026-08-12 16:00:27,0,4.22,-9.64,12-Aug-2025,10-Jul-2026,16.93194786473662,-51.379159369527144,,,SHEELA FOAM LIMITED,1.8
0,PNGJLEQN,-14.85,PNGJL,EQ,N,615.55,764710,630.4,633.45,608.5,630.4,470694299.2,736.4,503.0,15300950727.84,2026-08-12 16:00:27,0,6.01,4.68,12-Aug-2025,10-Jul-2026,16.410917979359045,-22.375745526838966,,,P N GADGIL JEWELLERS LIMITED,-2.36
0,SUDARSCHEMEQN,-58.0,SUDARSCHEM,EQ,N,1052.0,436812,1119.7,1123.1,1030.1,1110.0,470066497.56,1603.0,726.4,76618945834.37,2026-08-12 16:00:27,0,-26.85,5.28,12-Aug-2025,10-Jul-2026,34.37305053025577,-44.82378854625551,,,SUDARSHAN CHEMICAL INDUSTRIES LIMITED,-5.23
0,BALUFORGEEQN,4.2,BALUFORGE,EQ,N,463.2,1012793,462.0,471.0,455.0,459.0,469723265.47,697.0,341.05,21966371140.46,2026-08-12 16:00:27,0,-19.23,-0.41,12-Aug-2025,10-Jul-2026,33.54375896700144,-35.81586277671896,,,BALU FORGE INDUSTRIES LIMITED,0.92
0,NIACLEQN,1.02,NIACL,EQ,N,180.39,2560837,180.0,187.1,178.72,179.37,467762486.42,218.0,116.97,43292390665.44,2026-08-12 16:00:27,0,-2.37,-1.92,12-Aug-2025,10-Jul-2026,17.25229357798165,-54.21903052064632,,,THE NEW INDIA ASSURANCE COMPANY LIMITED,0.57
0,JSLLEQN,-30.2,JSLL,EQ,N,509.0,888284,539.25,541.45,505.0,539.2,464270515.44,849.5,492.0,23017035160.88,2026-08-12 16:00:27,0,-5.65,-14.17,12-Aug-2025,10-Jul-2026,40.082401412595644,-3.4552845528455283,,,JEENA SIKHO LIFECARE LIMITED,-5.6
0,HONASAEQN,0.15,HONASA,EQ,N,467.45,987009,467.45,477.0,461.3,467.3,462088003.53,491.35,248.4,63483142634.98,2026-08-12 16:00:27,0,73.58,-0.98,12-Aug-2025,10-Jul-2026,4.864149791391066,-88.18438003220612,,,HONASA CONSUMER LIMITED,0.03
0,SHYAMMETLEQN,4.2,SHYAMMETL,EQ,N,989.0,466532,984.8,992.9,981.4,984.8,459911910.92,1090.0,746.0,69320674565.54,2026-08-12 16:00:27,0,4.19,1.43,12-Aug-2025,10-Jul-2026,9.26605504587156,-32.57372654155496,,,SHYAM METALICS AND ENERGY LIMITED,0.43
0,PARADEEPEQN,-4.32,PARADEEP,EQ,N,147.48,3085716,152.0,152.7,146.61,151.8,459524826.72,232.22,99.7,63545912607.67,2026-08-12 16:00:27,0,-30.05,4.0,12-Aug-2025,10-Jul-2026,36.49125828955301,-47.92377131394183,,,PARADEEP PHOSPHATES LIMITED,-2.85
0,HUDCOEQN,-3.82,HUDCO,EQ,N,191.95,2361586,195.8,196.8,191.25,195.77,457628135.08,246.85,159.0,96061180808.84,2026-08-12 16:00:27,0,-8.89,-7.25,12-Aug-2025,10-Jul-2026,22.240226858416044,-20.72327044025157,,,HOUSING & URBAN DEVELOPMENT CORPORATION LIMITED,-1.95
0,ICICIAMCEQN,53.5,ICICIAMC,EQ,N,3082.0,149452,3028.5,3083.2,3020.5,3028.5,456662542.16,3611.0,2530.0,150293817401.7,2026-08-12 16:00:27,0,0.0,-2.46,,10-Jul-2026,14.64968152866242,-21.818181818181817,,,ICICI PRUDENTIAL ASSET MANAGEMENT COMPANY LIMITED,1.77
0,LGEINDIAEQN,13.5,LGEINDIA,EQ,N,1580.0,291304,1566.5,1584.4,1554.0,1566.5,456653976.48,1749.0,1304.1,160869056904.0,2026-08-12 16:00:27,0,0.0,0.98,,10-Jul-2026,9.662664379645511,-21.156353040411013,,,LG ELECTRONICS INDIA LIMITED,0.86
0,TATAINVESTEQN,-9.75,TATAINVEST,EQ,N,679.0,662394,685.8,714.8,677.3,688.75,456369594.18,1184.7,538.85,88369324052.64,2026-08-12 16:00:27,0,-1.44,-2.13,12-Aug-2025,10-Jul-2026,42.68591204524352,-26.009093439732766,,,TATA INVESTMENT CORPORATION LIMITED,-1.42
0,CARTRADEEQN,-48.7,CARTRADE,EQ,N,2714.9,165943,2778.0,2789.0,2705.0,2763.6,454726965.18,3290.5,1600.0,115470362454.49,2026-08-12 16:00:27,0,16.18,-3.38,12-Aug-2025,10-Jul-2026,17.492782251937395,-69.68125,,,CARTRADE TECH LIMITED,-1.76
0,KRNEQN,47.3,KRN,EQ,N,1335.0,341240,1295.0,1345.0,1294.0,1287.7,452794768.4,1405.0,589.8,28647144788.42,2026-08-12 16:00:27,0,48.09,8.46,12-Aug-2025,10-Jul-2026,4.98220640569395,-126.34791454730417,,,KRN HEAT EXCHANGER AND REFRIGERATION LIMITED,3.67
0,GODFRYPHLPEQN,-25.9,GODFRYPHLP,EQ,N,2199.0,205693,2223.5,2228.7,2150.0,2224.9,451572241.41,3947.0,1832.1,89556257718.32,2026-08-12 16:00:27,0,-31.5,3.96,12-Aug-2025,10-Jul-2026,44.28680010134279,-20.02619944326183,,,GODFREY PHILLIPS INDIA LIMITED,-1.16
0,PTCEQN,-6.05,PTC,EQ,N,165.9,2677463,172.03,172.07,165.05,171.95,447912785.27,229.51,149.59,39453387247.79,2026-08-12 16:00:27,0,-11.02,-3.8,12-Aug-2025,10-Jul-2026,27.715567949108973,-10.903135236312588,,,PTC INDIA LIMITED,-3.52
0,JPPOWEREQN,0.08,JPPOWER,EQ,N,17.83,24901247,17.72,17.84,17.55,17.75,440005034.49,24.5,13.15,86563376080.69,2026-08-12 16:00:27,0,-5.56,4.76,12-Aug-2025,10-Jul-2026,27.224489795918366,-35.5893536121673,,,JAIPRAKASH POWER VENTURES LIMITED,0.45
0,JINDALSTELEQN,17.0,JINDALSTEL,EQ,N,1112.0,396526,1096.0,1112.0,1093.2,1095.0,436392724.04,1306.2,943.3,410766463474.43,2026-08-12 16:00:27,0,11.37,5.77,12-Aug-2025,10-Jul-2026,14.867554738937375,-17.884024170465388,,,JINDAL STEEL LIMITED,1.55
0,BORORENEWEQN,13.5,BORORENEW,EQ,N,576.0,759215,565.1,581.35,562.05,562.5,435660343.45,721.0,374.4,27425546328.04,2026-08-12 16:00:27,0,-1.92,-10.08,12-Aug-2025,10-Jul-2026,20.110957004160888,-53.84615384615385,,,BOROSIL RENEWABLES LIMITED,2.4
0,NAVAEQN,17.55,NAVA,EQ,N,586.7,733849,570.95,598.5,568.75,569.15,432244399.49,739.4,501.65,81211327182.27,2026-08-12 16:00:27,0,-5.71,-2.18,12-Aug-2025,10-Jul-2026,20.651879902623747,-16.954051629622246,,,NAVA LIMITED,3.08
0,CEMPROEQN,-19.6,CEMPRO,EQ,N,1255.0,342032,1270.9,1281.8,1249.5,1274.6,431996676.96,1649.2,503.3,69576739017.98,2026-08-12 16:00:27,0,65.36,-19.9,12-Aug-2025,10-Jul-2026,23.902498180936213,-149.35426187164714,,,CEMINDIA PROJECTS LIMITED,-1.54
0,EMCUREEQN,2.3,EMCURE,EQ,N,2001.0,214106,2008.6,2023.0,1983.3,1998.7,431023211.78,2048.0,1260.0,68657933473.37,2026-08-12 16:00:27,0,42.07,10.28,12-Aug-2025,10-Jul-2026,2.294921875,-58.80952380952381,,,EMCURE PHARMACEUTICALS LIMITED,0.12
0,SBFCEQN,0.16,SBFC,EQ,N,94.0,4553086,93.8,94.75,93.47,93.84,428855170.34,123.0,79.6,38620483961.91,2026-08-12 16:00:27,0,-8.17,2.22,12-Aug-2025,10-Jul-2026,23.577235772357724,-18.09045226130653,,,SBFC FINANCE LIMITED,0.17
0,HBLENGINEEQN,-5.25,HBLENGINE,EQ,N,690.0,614610,695.25,702.6,688.0,695.25,427946796.9,1122.0,613.0,77535190703.57,2026-08-12 16:00:27,0,-0.29,-9.9,12-Aug-2025,10-Jul-2026,38.50267379679144,-12.561174551386623,,,HBL ENGINEERING LIMITED,-0.76
0,APTUSEQN,-2.4,APTUS,EQ,N,254.3,1675606,258.0,258.15,253.05,256.7,427178993.64,364.0,193.03,89831675503.38,2026-08-12 16:00:27,0,-26.19,-10.39,12-Aug-2025,10-Jul-2026,30.13736263736264,-31.741180127441332,,,APTUS VALUE HOUSING FINANCE INDIA LIMITED,-0.93
0,ENDURANCEEQN,40.2,ENDURANCE,EQ,N,3028.0,139376,3006.0,3029.0,2984.2,2987.8,418957287.2,3079.9,2142.8,106480924081.79,2026-08-12 16:00:27,0,20.64,12.72,12-Aug-2025,10-Jul-2026,1.6851196467417773,-41.31043494493186,,,ENDURANCE TECHNOLOGIES LIMITED,1.35
0,TVSSCSEQN,3.3,TVSSCS,EQ,N,129.41,3139526,126.95,137.0,126.74,126.11,414731384.6,146.5,90.32,16145359811.69,2026-08-12 16:00:27,0,-2.07,-8.65,12-Aug-2025,10-Jul-2026,11.665529010238908,-43.279450841452615,,,TVS SUPPLY CHAIN SOLUTIONS LIMITED,2.62
0,BBOXEQN,13.25,BBOX,EQ,N,756.6,550829,729.0,795.0,721.5,743.35,414559413.69,1103.0,435.05,32200800279.66,2026-08-12 16:00:27,0,52.03,-17.97,12-Aug-2025,10-Jul-2026,31.4052583862194,-73.91104470750489,,,BLACK BOX LIMITED,1.78
0,POLYMEDEQN,13.1,POLYMED,EQ,N,1877.0,219951,1873.0,1913.7,1846.1,1863.9,412680864.24,2144.9,1182.0,71492997650.44,2026-08-12 16:00:27,0,-2.38,12.51,12-Aug-2025,10-Jul-2026,12.490092778218099,-58.79864636209814,,,POLY MEDICURE LIMITED,0.7
0,PWLEQN,-1.93,PWL,EQ,N,123.59,3295580,125.95,127.4,123.21,125.52,411189516.6,161.99,77.72,66788440573.65,2026-08-12 16:00:27,0,0.0,-16.17,,10-Jul-2026,23.705166985616398,-59.01955738548636,,,PHYSICSWALLAH LIMITED,-1.54
0,PVRINOXEQN,34.8,PVRINOX,EQ,N,1195.0,346505,1155.0,1198.9,1155.0,1160.2,408304166.75,1249.7,907.4,85000189720.86,2026-08-12 16:00:27,0,9.62,19.26,12-Aug-2025,10-Jul-2026,4.377050492118109,-31.694952611858056,,,PVR INOX LIMITED,3.0
0,CUBEQN,1.06,CUB,EQ,N,214.75,1867608,214.0,218.6,212.38,213.69,404617273.2,245.38,145.13,206165427777.39,2026-08-12 16:00:27,0,37.21,-6.36,12-Aug-2025,10-Jul-2026,12.482679925014263,-47.97078481361538,,,CITY UNION BANK LIMITED,0.5
0,FIEMINDEQN,52.8,FIEMIND,EQ,N,2645.0,153129,2604.1,2674.8,2582.0,2592.2,403407631.47,2674.8,1794.0,31658832406.84,2026-08-12 16:00:27,0,46.18,17.56,12-Aug-2025,10-Jul-2026,1.114101988933752,-47.43589743589744,,,FIEM INDUSTRIES LIMITED,2.04
0,BHARTIHEXAEQN,-16.0,BHARTIHEXA,EQ,N,1499.0,267203,1515.1,1515.4,1477.8,1515.0,398001540.53,1955.6,1430.0,112425000000.0,2026-08-12 16:00:27,0,-14.4,-6.59,12-Aug-2025,10-Jul-2026,23.348332992431992,-4.825174825174825,,,BHARTI HEXACOM LIMITED,-1.06
0,VARROCEQN,-10.5,VARROC,EQ,N,831.65,467591,840.0,864.9,826.05,842.15,395563282.36,864.9,462.0,31760865668.0,2026-08-12 16:00:27,0,60.04,25.73,12-Aug-2025,10-Jul-2026,3.8443750722626895,-80.0108225108225,,,VARROC ENGINEERING LIMITED,-1.25
0,PETRONETEQN,2.85,PETRONET,EQ,N,279.85,1408161,277.0,281.9,277.0,277.0,394116100.68,326.4,235.35,209122262443.51,2026-08-12 16:00:27,0,0.11,0.32,12-Aug-2025,10-Jul-2026,14.261642156862745,-18.908009347779902,,,PETRONET LNG LIMITED,1.03
0,BALKRISINDEQN,1.1,BALKRISIND,EQ,N,2500.0,156973,2498.0,2525.0,2475.0,2498.9,392262969.16,2775.0,1970.0,200289657750.33,2026-08-12 16:00:27,0,3.67,10.97,12-Aug-2025,10-Jul-2026,9.90990990990991,-26.903553299492387,,,BALKRISHNA INDUSTRIES LIMITED,0.04
0,GRAVITAEQN,35.5,GRAVITA,EQ,N,1820.0,217427,1789.9,1838.9,1755.5,1784.5,390853298.01,1913.6,1266.9,57447889658.72,2026-08-12 16:00:27,0,2.14,-1.87,12-Aug-2025,10-Jul-2026,4.891304347826087,-43.657747257084225,,,GRAVITA INDIA LIMITED,1.99
0,TATACAPEQN,-0.2,TATACAP,EQ,N,367.0,1040104,367.2,370.5,364.8,367.2,382415037.68,390.2,296.0,184220880984.34,2026-08-12 16:00:27,0,0.0,1.77,,10-Jul-2026,5.945668887749872,-23.986486486486488,,,TATA CAPITAL LIMITED,-0.05
0,GPILEQN,-3.18,GPIL,EQ,N,229.0,1651494,234.18,234.95,228.31,232.18,380768456.64,320.0,186.0,56081892945.93,2026-08-12 16:00:27,0,15.52,-9.97,12-Aug-2025,10-Jul-2026,28.4375,-23.118279569892472,,,GODAWARI POWER AND ISPAT LIMITED,-1.37
0,ANTHEMEQN,-11.65,ANTHEM,EQ,N,880.0,425829,898.0,898.0,875.65,891.65,376339153.62,899.9,579.15,78143383880.42,2026-08-12 16:00:27,0,18.37,16.6,12-Aug-2025,10-Jul-2026,2.2113568174241585,-51.94681861348528,,,ANTHEM BIOSCIENCES LIMITED,-1.31
0,YATHARTHEQN,-2.7,YATHARTH,EQ,N,863.0,431376,862.6,880.0,856.05,865.7,374913195.36,919.5,538.25,36755979751.66,2026-08-12 16:00:27,0,21.56,4.01,12-Aug-2025,10-Jul-2026,6.1446438281674824,-60.33441709242917,,,YATHARTH HOSPITAL & TRAUMA CARE SERVICES LIMITED,-0.31
0,MINDACORPEQN,14.65,MINDACORP,EQ,N,736.1,507767,721.7,743.9,719.3,721.45,374153191.62,750.8,445.05,58993445983.78,2026-08-12 16:00:27,0,56.17,5.32,12-Aug-2025,10-Jul-2026,1.9579115610015982,-65.39714638804628,,,MINDA CORPORATION LIMITED,2.03
0,WELSPUNLIVEQN,5.94,WELSPUNLIV,EQ,N,165.6,2292744,159.99,165.8,159.26,159.66,374107038.48,174.97,107.1,51708625403.39,2026-08-12 16:00:27,0,45.61,-0.34,12-Aug-2025,10-Jul-2026,5.355203749214151,-54.621848739495796,,,WELSPUN LIVING LIMITED,3.72
0,SHRIPISTONEQN,41.4,SHRIPISTON,EQ,N,4460.5,82738,4419.1,4588.0,4400.0,4419.1,373590200.92,4588.0,2354.1,68495781436.95,2026-08-12 16:00:27,0,83.43,6.47,12-Aug-2025,10-Jul-2026,2.77898866608544,-89.47793211843167,,,SPR AUTO TECHNOLOGIES LIMITED,0.94
0,ATULEQN,29.0,ATUL,EQ,N,6879.0,54244,6851.0,6940.0,6785.0,6850.0,373463973.16,7180.0,5560.5,109208136358.84,2026-08-12 16:00:27,0,6.65,10.31,12-Aug-2025,10-Jul-2026,4.192200557103064,-23.71189641219315,,,ATUL LIMITED,0.42
0,MSUMIEQN,-0.03,MSUMI,EQ,N,40.98,9094596,41.01,41.2,40.56,41.01,372423706.2,53.59,35.7,103892147683.89,2026-08-12 16:00:27,0,8.24,2.09,12-Aug-2025,10-Jul-2026,23.530509423399888,-14.789915966386555,,,MOTHERSON SUMI WIRING INDIA LIMITED,-0.07
0,SMLMAHEQN,-46.5,SMLMAH,EQ,N,5162.0,71634,5200.0,5270.0,5125.5,5208.5,371872151.52,5987.9,2719.0,29210000875.76,2026-08-12 16:00:27,0,31.09,24.24,12-Aug-2025,10-Jul-2026,13.792815511281084,-89.84920926811327,,,SML MAHINDRA LIMITED,-0.89
0,SURYAROSNIEQN,-11.33,SURYAROSNI,EQ,N,224.5,1627671,239.5,239.5,222.15,235.83,370946220.9,326.0,187.35,17586401559.2,2026-08-12 16:00:27,0,-29.09,-12.71,12-Aug-2025,10-Jul-2026,31.134969325153374,-19.829196690685883,,,SURYA ROSHNI LIMITED,-4.8
0,KIMSEQN,-8.55,KIMS,EQ,N,804.5,459515,810.5,814.55,800.0,813.05,369615485.4,858.0,575.8,207974843575.88,2026-08-12 16:00:27,0,9.33,-1.28,12-Aug-2025,10-Jul-2026,6.235431235431236,-39.7186523098298,,,KRISHNA INSTITUTE OF MEDICAL SCIENCES LIMITED,-1.05
0,TANLAEQN,-20.05,TANLA,EQ,N,596.6,606531,620.05,620.85,591.3,616.65,365914086.99,766.0,365.9,40545824722.34,2026-08-12 16:00:27,0,-2.39,8.43,12-Aug-2025,10-Jul-2026,22.114882506527415,-63.050013664935776,,,TANLA PLATFORMS LIMITED,-3.25
0,ATLANTAELEEQN,63.5,ATLANTAELE,EQ,N,1649.8,219650,1586.0,1699.0,1586.0,1586.3,364287328.5,2152.6,707.6,16141167054.52,2026-08-12 16:00:27,0,0.0,-2.69,,10-Jul-2026,23.357799869924744,-133.15432447710572,,,ATLANTA ELECTRICALS LIMITED,4.0
0,HCCEQN,0.07,HCC,EQ,N,20.12,18181740,20.24,20.24,19.71,20.05,362180260.8,28.5,13.65,43814270173.12,2026-08-12 16:00:27,0,-6.16,-15.78,12-Aug-2025,10-Jul-2026,29.403508771929825,-47.3992673992674,,,HINDUSTAN CONSTRUCTION COMPANY LIMITED,0.35
0,SPLPETROEQN,43.4,SPLPETRO,EQ,N,728.65,502560,685.9,731.7,684.55,685.25,361883404.8,979.0,462.3,45830453147.69,2026-08-12 16:00:27,0,-0.01,-0.67,12-Aug-2025,10-Jul-2026,25.572012257405515,-57.614103396063165,,,SUPREME PETROCHEM LIMITED,6.33
0,RELAXOEQN,-2.65,RELAXO,EQ,N,419.0,837534,422.0,439.0,412.55,421.65,358682310.84,526.0,236.5,29904424507.27,2026-08-12 16:00:27,0,-3.31,6.16,12-Aug-2025,10-Jul-2026,20.342205323193916,-77.16701902748414,,,RELAXO FOOTWEARS LIMITED,-0.63
0,RPOWEREQN,-0.19,RPOWER,EQ,N,23.43,15262302,23.72,23.8,23.3,23.62,358053604.92,50.85,20.17,67774383165.17,2026-08-12 16:00:27,0,-46.7,-6.73,12-Aug-2025,10-Jul-2026,53.92330383480826,-16.162617749132377,,,RELIANCE POWER LIMITED,-0.8
0,JSLEQN,14.85,JSL,EQ,N,739.95,486337,728.0,742.2,712.5,725.1,354213827.21,884.0,652.25,231102270156.88,2026-08-12 16:00:27,0,3.76,3.29,12-Aug-2025,10-Jul-2026,16.29524886877828,-13.445764660789575,,,JINDAL STAINLESS LIMITED,2.05
0,POONAWALLAEQN,-4.1,POONAWALLA,EQ,N,483.1,726456,489.95,492.25,482.1,487.2,352440128.4,570.4,361.2,171411839926.33,2026-08-12 16:00:27,0,8.14,1.28,12-Aug-2025,10-Jul-2026,15.305049088359047,-33.74861572535991,,,POONAWALLA FINCORP LIMITED,-0.84
0,AEQUSEQN,-3.32,AEQUS,EQ,N,237.41,1480520,241.0,241.0,233.01,240.73,350409473.6,274.39,113.3,27223265211.83,2026-08-12 16:00:27,0,0.0,-4.57,,10-Jul-2026,13.477167535260032,-109.54104148278905,,,AEQUS LIMITED,-1.38
0,SUPREMEINDEQN,24.9,SUPREMEIND,EQ,N,3459.9,102447,3419.1,3459.9,3383.0,3435.0,350218142.91,4664.9,3140.0,222199029247.08,2026-08-12 16:00:27,0,-18.01,4.23,12-Aug-2025,10-Jul-2026,25.831207528564384,-10.187898089171975,,,SUPREME INDUSTRIES LIMITED,0.72
0,SBICARDEQN,6.55,SBICARD,EQ,N,656.6,535832,650.0,656.6,644.4,650.05,348965948.32,965.0,565.45,194174158415.66,2026-08-12 16:00:27,0,-16.88,7.35,12-Aug-2025,10-Jul-2026,31.958549222797927,-16.11990450084004,,,SBI CARDS AND PAYMENT SERVICES LIMITED,1.01
0,WEBELSOLAREQN,-4.48,WEBELSOLAR,EQ,N,85.29,4071727,85.29,87.8,85.29,89.77,348784134.82,157.3,50.4,26024211827.79,2026-08-12 16:00:27,0,-40.05,-14.58,12-Aug-2025,10-Jul-2026,45.7787666878576,-69.22619047619048,,,WEBSOL ENERGY SYSTEM LIMITED,-4.99
0,BSOFTEQN,-7.7,BSOFT,EQ,N,312.6,1103074,320.9,321.9,312.15,320.3,347832324.42,474.0,270.2,51722461012.25,2026-08-12 16:00:27,0,-15.78,7.74,12-Aug-2025,10-Jul-2026,34.050632911392405,-15.692079940784604,,,BIRLASOFT LIMITED,-2.4
0,PRESTIGEEQN,4.8,PRESTIGE,EQ,N,1590.7,221177,1592.0,1594.0,1555.3,1585.9,347668126.3,1805.2,1090.0,267574486896.22,2026-08-12 16:00:27,0,-2.46,-8.22,12-Aug-2025,10-Jul-2026,11.88233990693552,-45.93577981651376,,,PRESTIGE ESTATES PROJECTS LIMITED,0.3
0,SWANCORPEQN,-4.55,SWANCORP,EQ,N,306.7,1125207,313.0,313.0,306.1,311.25,346732537.05,506.0,295.65,42667912470.51,2026-08-12 16:00:27,0,-27.92,-3.92,12-Aug-2025,10-Jul-2026,39.387351778656125,-3.7375274818197193,,,SWAN CORP LIMITED,-1.46
0,MEDANTAEQN,-49.4,MEDANTA,EQ,N,1391.0,243269,1440.4,1446.7,1380.0,1440.4,343670981.68,1491.0,956.0,118779988042.27,2026-08-12 16:00:27,0,0.78,4.05,12-Aug-2025,10-Jul-2026,6.70690811535882,-45.50209205020921,,,GLOBAL HEALTH LIMITED,-3.43
0,CMSINFOEQN,-10.9,CMSINFO,EQ,N,255.2,1333828,263.05,264.45,253.4,266.1,341099834.44,452.3,253.4,38192520553.59,2026-08-12 16:00:27,0,-41.44,-2.74,12-Aug-2025,10-Jul-2026,43.577271722308204,-0.7103393843725335,,,CMS INFO SYSTEMS LIMITED,-4.1
0,TATACOMMEQN,-7.1,TATACOMM,EQ,N,1739.0,195930,1754.0,1754.0,1709.4,1746.1,338412255.3,2110.0,1322.5,203679006060.18,2026-08-12 16:00:27,0,6.88,-6.31,12-Aug-2025,10-Jul-2026,17.582938388625593,-31.493383742911153,,,TATA COMMUNICATIONS LIMITED,-0.41
0,ENTEROEQN,-2.2,ENTERO,EQ,N,1425.0,234703,1425.1,1459.8,1406.4,1427.2,336120513.33,1459.8,944.0,23022956491.16,2026-08-12 16:00:27,0,20.57,17.68,12-Aug-2025,10-Jul-2026,2.383888203863543,-50.95338983050848,,,ENTERO HEALTHCARE SOLUTIONS LIMITED,-0.15
0,ABBOTINDIAEQN,130.0,ABBOTINDIA,EQ,N,28150.0,11910,28020.0,28250.0,27755.0,28020.0,334364555.7,34060.0,25150.0,146258021321.36,2026-08-12 16:00:27,0,-13.54,3.63,12-Aug-2025,10-Jul-2026,17.351732237228422,-11.928429423459244,,,ABBOTT INDIA LIMITED,0.46
0,IRCTCEQN,-4.3,IRCTC,EQ,N,510.75,647305,517.3,519.1,510.0,515.05,333646889.2,739.0,485.3,153647492400.0,2026-08-12 16:00:27,0,-29.12,1.49,12-Aug-2025,10-Jul-2026,30.886332882273344,-5.2441788584380795,,,INDIAN RAILWAY CATERING AND TOURISM CORPORATION LIMITED,-0.83
0,ACEEQN,24.6,ACE,EQ,N,1097.9,305682,1073.3,1103.6,1062.3,1073.3,332129606.64,1170.0,745.1,45063044655.33,2026-08-12 16:00:27,0,16.38,11.01,12-Aug-2025,10-Jul-2026,6.162393162393163,-47.34934908066031,,,ACTION CONSTRUCTION EQUIPMENT LIMITED,2.29
0,LINDEINDIAEQN,-192.0,LINDEINDIA,EQ,N,6780.0,48476,6931.0,6931.0,6709.5,6972.0,329880634.28,8049.0,5673.0,142325958095.78,2026-08-12 16:00:27,0,9.11,-3.6,12-Aug-2025,10-Jul-2026,15.765933656354827,-19.513484928609202,,,LINDE INDIA LIMITED,-2.75
0,CHOLAHLDNGEQN,-32.6,CHOLAHLDNG,EQ,N,1578.0,211407,1619.4,1619.4,1400.1,1610.6,329807604.42,2064.0,1305.0,156049598817.69,2026-08-12 16:00:27,0,-14.95,-4.49,12-Aug-2025,10-Jul-2026,23.546511627906977,-20.919540229885058,,,CHOLAMANDALAM FINANCIAL HOLDINGS LIMITED,-2.02
0,BLSEQN,1.89,BLS,EQ,N,262.75,1254241,261.64,264.5,259.51,260.86,329363686.6,399.15,218.9,31740050173.49,2026-08-12 16:00:27,0,-31.52,10.79,12-Aug-2025,10-Jul-2026,34.172616810722786,-20.031978072179076,,,BLS INTERNATIONAL SERVICES LIMITED,0.72
0,CARBORUNIVEQN,-17.4,CARBORUNIV,EQ,N,1156.4,282309,1180.0,1196.0,1146.6,1173.8,328720599.6,1306.9,735.2,133191718495.84,2026-08-12 16:00:27,0,36.46,5.98,12-Aug-2025,10-Jul-2026,11.515800749866095,-57.2905331882481,,,CARBORUNDUM UNIVERSAL LIMITED,-1.48
0,GRWRHITECHEQN,100.0,GRWRHITECH,EQ,N,7120.5,46023,7040.5,7198.5,7000.0,7020.5,327715515.87,7990.0,2681.0,61897875109.37,2026-08-12 16:00:27,0,149.24,2.19,12-Aug-2025,10-Jul-2026,10.882352941176471,-165.5911973144349,,,GARWARE HI-TECH FILMS LIMITED,1.42
0,JAINRECEQN,6.75,JAINREC,EQ,N,304.5,1065167,298.95,306.0,297.0,297.75,322340837.54,593.95,247.57,21470821620.7,2026-08-12 16:00:27,0,0.0,-10.61,,10-Jul-2026,48.73305833824396,-22.9955164195985,,,JAIN RESOURCE RECYCLING LIMITED,2.27
0,MOILEQN,0.45,MOIL,EQ,N,279.9,1135494,280.0,288.95,278.15,279.45,321787644.66,404.9,242.35,20077045294.05,2026-08-12 16:00:27,0,-13.89,2.15,12-Aug-2025,10-Jul-2026,30.87182020251914,-15.494120074272747,,,MOIL LIMITED,0.16
0,DYNAMATECHEQN,52.0,DYNAMATECH,EQ,N,10652.0,29877,10536.0,10828.0,10467.0,10600.0,320100982.92,12875.0,6320.0,41683069089.65,2026-08-12 16:00:27,0,60.28,-0.34,12-Aug-2025,10-Jul-2026,17.26601941747573,-68.54430379746836,,,DYNAMATIC TECHNOLOGIES LIMITED,0.49
0,LEMONTREEEQN,-0.24,LEMONTREE,EQ,N,109.12,2941490,109.5,110.5,107.89,109.36,320034112.0,180.68,99.61,54045732433.74,2026-08-12 16:00:27,0,-24.74,-7.85,12-Aug-2025,10-Jul-2026,39.60593314146558,-9.547234213432386,,,LEMON TREE HOTELS LIMITED,-0.22
0,RATEGAINEQN,25.4,RATEGAIN,EQ,N,934.25,342776,912.0,935.0,909.3,908.85,317712218.88,1050.0,437.0,56613905827.2,2026-08-12 16:00:27,0,90.18,-1.11,12-Aug-2025,10-Jul-2026,11.023809523809524,-113.78718535469108,,,RATEGAIN TRAVEL TECHNOLOGIES LIMITED,2.79
0,AFFLEEQN,-11.2,AFFLE,EQ,N,1666.1,188627,1690.0,1690.0,1656.9,1677.3,315684260.93,2185.9,1251.3,105247593692.1,2026-08-12 16:00:27,0,-15.85,12.54,12-Aug-2025,10-Jul-2026,23.779678850816598,-33.14952449452569,,,AFFLE 3I LIMITED,-0.67
0,TRITURBINEEQN,-16.35,TRITURBINE,EQ,N,584.0,525830,600.0,601.45,581.0,600.35,311175677.4,787.6,428.35,68132309853.77,2026-08-12 16:00:27,0,13.24,-3.65,12-Aug-2025,10-Jul-2026,25.85068562722194,-36.33710750554453,,,TRIVENI TURBINE LIMITED,-2.72
0,ASHAPURMINEQN,-16.9,ASHAPURMIN,EQ,N,635.05,482223,646.5,660.0,634.55,651.95,310392478.41,924.9,455.1,31525060840.43,2026-08-12 16:00:27,0,17.01,-1.75,12-Aug-2025,10-Jul-2026,31.338523083576604,-39.54076027246759,,,ASHAPURA MINECHEM LIMITED,-2.59
0,SUDEEPPHRMEQN,-0.4,SUDEEPPHRM,EQ,N,1108.0,275504,1112.0,1146.3,1078.1,1108.4,307696642.4,1158.6,524.05,27621336401.39,2026-08-12 16:00:27,0,0.0,34.43,,10-Jul-2026,4.36733989297428,-111.43020704131285,,,SUDEEP PHARMA LIMITED,-0.04
0,SOUTHBANKEQN,0.45,SOUTHBANK,EQ,N,46.26,6627720,45.81,46.56,45.6,45.81,306333218.4,49.9,28.11,120380658692.04,2026-08-12 16:00:27,0,54.92,0.98,12-Aug-2025,10-Jul-2026,7.294589178356714,-64.56776947705443,,,THE SOUTH INDIAN BANK LIMITED,0.98
0,ENGINERSINEQN,-3.99,ENGINERSIN,EQ,N,239.0,1264836,243.35,246.8,238.0,242.99,305597025.96,267.0,163.55,65277559355.85,2026-08-12 16:00:27,0,18.27,-0.27,12-Aug-2025,10-Jul-2026,10.486891385767791,-46.13268113726689,,,ENGINEERS INDIA LIMITED,-1.64
0,OBEROIRLTYEQN,6.3,OBEROIRLTY,EQ,N,1799.9,172080,1790.0,1799.9,1764.5,1793.6,305359401.6,1986.1,1391.2,211266832316.6,2026-08-12 16:00:27,0,11.52,-6.49,12-Aug-2025,10-Jul-2026,9.375157343537586,-29.377515813686028,,,OBEROI REALTY LIMITED,0.35
0,IEXEQN,-0.05,IEX,EQ,N,125.95,2436267,127.0,127.19,123.9,126.0,304679551.02,160.27,114.6,99821432549.32,2026-08-12 16:00:27,0,-8.78,5.27,12-Aug-2025,10-Jul-2026,21.413864104323952,-9.904013961605585,,,INDIAN ENERGY EXCHANGE LIMITED,-0.04
0,IKSEQN,31.2,IKS,EQ,N,1776.2,169710,1753.0,1813.7,1740.2,1745.0,302708332.8,1933.0,1262.0,90933524082.02,2026-08-12 16:00:27,0,15.04,-7.88,12-Aug-2025,10-Jul-2026,8.11174340403518,-40.74484944532488,,,INVENTURUS KNOWLEDGE SOLUTIONS LIMITED,1.79
0,ABFRLEQN,-1.38,ABFRL,EQ,N,57.25,5139419,58.8,59.1,57.02,58.63,296904235.63,94.95,53.51,33601456630.81,2026-08-12 16:00:27,0,-22.66,-4.62,12-Aug-2025,10-Jul-2026,39.70510795155345,-6.989347785460661,,,ADITYA BIRLA FASHION AND RETAIL LIMITED,-2.35
0,KFINTECHEQN,-13.0,KFINTECH,EQ,N,922.0,319991,938.05,938.05,916.1,935.0,295303694.35,1215.0,784.95,122937592776.99,2026-08-12 16:00:27,0,-15.12,2.32,12-Aug-2025,10-Jul-2026,24.11522633744856,-17.459710809605706,,,KFIN TECHNOLOGIES LIMITED,-1.39
0,INTELLECTEQN,-20.15,INTELLECT,EQ,N,703.5,417539,723.8,724.85,697.5,723.65,295049758.96,1244.6,595.2,63354981811.51,2026-08-12 16:00:27,0,-24.52,-7.28,12-Aug-2025,10-Jul-2026,43.475815523059616,-18.195564516129032,,,INTELLECT DESIGN ARENA LIMITED,-2.78
0,CAPILLARYEQN,8.25,CAPILLARY,EQ,N,531.2,558490,524.0,534.7,516.5,522.95,293547928.9,798.95,464.25,9793463897.0,2026-08-12 16:00:27,0,0.0,5.63,,10-Jul-2026,33.512735465298206,-14.421109316101239,,,CAPILLARY TECHNOLOGIES INDIA LIMITED,1.58
0,AJANTPHARMEQN,38.6,AJANTPHARM,EQ,N,3545.6,82946,3500.0,3555.0,3485.0,3507.0,292533123.34,3598.8,2329.9,148946577309.62,2026-08-12 16:00:27,0,31.45,5.88,12-Aug-2025,10-Jul-2026,1.478270534622652,-52.17820507317911,,,AJANTA PHARMA LIMITED,1.1
0,OLECTRAEQN,-7.8,OLECTRA,EQ,N,1383.8,207608,1394.0,1398.7,1375.0,1391.6,287850568.08,1714.2,866.6,56482147372.78,2026-08-12 16:00:27,0,-3.41,-2.8,12-Aug-2025,10-Jul-2026,19.274297048185744,-59.681513962612506,,,OLECTRA GREENTECH LIMITED,-0.56
0,NEOGENEQN,-12.7,NEOGEN,EQ,N,2080.0,139950,2099.7,2099.7,2016.2,2092.7,287458699.5,2374.0,966.7,27021940138.59,2026-08-12 16:00:27,0,43.69,-0.24,12-Aug-2025,10-Jul-2026,12.384161752316764,-115.16499431054102,,,NEOGEN CHEMICALS LIMITED,-0.61
0,RALLISEQN,-2.36,RALLIS,EQ,N,209.14,1372270,212.0,212.1,207.53,211.5,286982825.1,385.8,207.53,17906685679.42,2026-08-12 16:00:27,0,-43.59,-8.7,12-Aug-2025,10-Jul-2026,45.790565059616384,-0.7757914518382885,,,RALLIS INDIA LIMITED,-1.12
0,ESCORTSEQN,12.0,ESCORTS,EQ,N,3119.0,92021,3128.9,3131.0,3097.5,3107.0,286603085.34,4180.0,2700.0,103327658537.66,2026-08-12 16:00:27,0,-7.71,6.02,12-Aug-2025,10-Jul-2026,25.382775119617225,-15.518518518518519,,,ESCORTS KUBOTA LIMITED,0.39
0,EMMVEEEQN,-0.35,EMMVEE,EQ,N,318.05,895867,319.0,319.55,313.45,318.4,283291062.74,371.55,171.51,42504390393.69,2026-08-12 16:00:27,0,0.0,-4.56,,10-Jul-2026,14.399138743103217,-85.44108215264416,,,EMMVEE PHOTOVOLTAIC POWER LIMITED,-0.11
0,ABDLEQN,-5.4,ABDL,EQ,N,614.4,460412,622.6,622.9,603.05,619.8,280064015.48,711.7,382.1,32801241532.98,2026-08-12 16:00:27,0,24.42,-5.29,12-Aug-2025,10-Jul-2026,13.671490796683996,-60.79560324522377,,,ALLIED BLENDERS AND DISTILLERS LIMITED,-0.87
0,GABRIELEQN,-18.3,GABRIEL,EQ,N,1480.0,188740,1510.0,1510.0,1471.2,1501.4,279808937.4,1600.0,795.7,93525055860.0,2026-08-12 16:00:27,0,38.89,18.32,12-Aug-2025,10-Jul-2026,7.5,-85.99974864898832,,,GABRIEL INDIA LIMITED,-1.22
0,CLEANEQN,-5.0,CLEAN,EQ,N,805.0,345999,814.95,814.95,800.2,810.0,278619154.74,1256.8,652.0,38306114162.51,2026-08-12 16:00:27,0,-30.59,4.54,12-Aug-2025,10-Jul-2026,35.9484404837683,-23.466257668711656,,,CLEAN SCIENCE AND TECHNOLOGY LIMITED,-0.62
0,CENTRALBKEQN,0.11,CENTRALBK,EQ,N,31.3,8874627,31.23,31.66,31.0,31.19,278219556.45,40.92,29.32,53289546616.13,2026-08-12 16:00:27,0,-13.51,-3.99,12-Aug-2025,10-Jul-2026,23.509286412512218,-6.753069577080491,,,CENTRAL BANK OF INDIA,0.35
0,AWLEQN,1.74,AWL,EQ,N,194.6,1431527,192.86,195.0,191.3,192.86,276914582.88,282.9,171.19,107766357806.52,2026-08-12 16:00:27,0,-22.96,2.42,12-Aug-2025,10-Jul-2026,31.2124425592082,-13.674864185992172,,,AWL AGRI BUSINESS LIMITED,0.9
0,AKUMSEQN,-10.95,AKUMS,EQ,N,750.0,359719,760.95,775.0,746.35,760.95,273170608.6,775.0,409.3,25984291524.41,2026-08-12 16:00:27,0,55.91,6.85,12-Aug-2025,10-Jul-2026,3.225806451612903,-83.23967749816761,,,AKUMS DRUGS AND PHARMACEUTICALS LIMITED,-1.44
0,PCBLEQN,-8.65,PCBL,EQ,N,313.5,848789,323.0,323.55,313.0,322.15,270033732.46,425.95,226.5,54853362316.99,2026-08-12 16:00:27,0,-18.68,1.28,12-Aug-2025,10-Jul-2026,26.3998121845287,-38.41059602649007,,,PCBL CHEMICAL LIMITED,-2.69
0,RELIGAREEQN,12.7,RELIGARE,EQ,N,240.05,1145480,227.35,240.5,226.2,227.35,267503944.4,280.0,196.51,55719133363.1,2026-08-12 16:00:27,0,-4.29,-11.24,12-Aug-2025,10-Jul-2026,14.267857142857142,-22.156633250216274,,,RELIGARE ENTERPRISES LIMITED,5.59
0,JKCEMENTEQN,10.0,JKCEMENT,EQ,N,5371.0,49895,5359.5,5438.5,5290.0,5361.0,267360860.65,7565.5,4671.5,224156075077.36,2026-08-12 16:00:27,0,-23.54,-0.51,12-Aug-2025,10-Jul-2026,29.006675038001454,-14.973777159370652,,,JK CEMENT LIMITED,0.19
0,JSFBEQN,22.15,JSFB,EQ,N,548.75,500850,528.0,555.05,519.0,526.6,267198466.5,593.0,330.0,33428794186.88,2026-08-12 16:00:27,0,19.2,15.75,12-Aug-2025,10-Jul-2026,7.462057335581788,-66.28787878787878,,,JANA SMALL FINANCE BANK LIMITED,4.21
0,ITCHOTELSEQN,1.56,ITCHOTELS,EQ,N,168.45,1579629,167.0,168.96,166.25,166.89,264935375.88,253.67,137.3,188229212002.3,2026-08-12 16:00:27,0,-26.06,-10.01,12-Aug-2025,10-Jul-2026,33.59482792604565,-22.687545520757464,,,ITC HOTELS LIMITED,0.93
0,IPCALABEQN,20.6,IPCALAB,EQ,N,1769.0,149151,1758.5,1784.4,1744.0,1748.4,262657894.02,1944.9,1251.6,245039127012.35,2026-08-12 16:00:27,0,28.5,-1.06,12-Aug-2025,10-Jul-2026,9.04416679520798,-41.339085969958454,,,IPCA LABORATORIES LIMITED,1.18
0,LOTUSDEVBEN,6.28,LOTUSDEV,BE,N,174.0,1556874,160.01,176.1,159.75,167.72,261850638.06,218.49,102.2,14628904254.8,2026-08-12 16:00:27,0,-11.5,19.65,12-Aug-2025,10-Jul-2026,20.362487985720172,-70.25440313111547,,,SRI LOTUS DEVELOPERS AND REALTY LIMITED,3.74
0,JAMNAAUTOEQN,-1.61,JAMNAAUTO,EQ,N,123.9,2078458,125.4,127.62,123.3,125.51,259994311.22,152.6,88.42,24101817322.93,2026-08-12 16:00:27,0,36.2,-9.27,12-Aug-2025,10-Jul-2026,18.807339449541285,-40.12666817462112,,,JAMNA AUTO INDUSTRIES LIMITED,-1.28
0,IDBIEQN,0.25,IDBI,EQ,N,82.69,3078680,82.44,83.44,82.2,82.44,254514475.6,118.38,61.01,46233149948.1,2026-08-12 16:00:27,0,-6.44,-0.24,12-Aug-2025,10-Jul-2026,30.148673762459875,-35.535158170791675,,,IDBI BANK LIMITED,0.3
0,CCAVENUEEQN,-0.32,CCAVENUE,EQ,N,16.1,15830282,16.5,16.6,15.85,16.42,253759420.46,20.5,12.92,32614146765.08,2026-08-12 16:00:27,0,7.12,-11.05,12-Aug-2025,10-Jul-2026,21.463414634146343,-24.613003095975234,,,AVENUESAI LIMITED,-1.95
0,LLOYDSENTEQN,-2.45,LLOYDSENT,EQ,N,78.03,3241276,80.0,80.0,77.0,80.48,253597434.24,84.7,40.69,43170055668.71,2026-08-12 16:00:27,0,12.03,-0.19,12-Aug-2025,10-Jul-2026,7.874852420306966,-91.76701892356844,,,LLOYDS ENTERPRISES LIMITED,-3.04
0,PGILEQN,47.1,PGIL,EQ,N,2482.0,103039,2425.1,2484.6,2400.1,2434.9,252908195.11,2539.6,1178.1,43353981142.33,2026-08-12 16:00:27,0,98.15,24.22,12-Aug-2025,10-Jul-2026,2.268073712395653,-110.67821067821068,,,PEARL GLOBAL INDUSTRIES LIMITED,1.93
0,BAJAJHLDNGEQN,29.0,BAJAJHLDNG,EQ,N,11579.0,21972,11587.0,11587.0,11410.0,11550.0,252788958.6,14763.0,8588.0,499937288243.35,2026-08-12 16:00:27,0,-16.12,8.68,12-Aug-2025,10-Jul-2026,21.567432093747883,-34.82766651141127,,,BAJAJ HOLDINGS & INVESTMENT LIMITED,0.25
0,SONATSOFTWEQN,-11.45,SONATSOFTW,EQ,N,322.45,771417,333.9,334.65,322.0,333.9,252731637.54,421.5,207.15,62448824002.86,2026-08-12 16:00:27,0,-13.69,13.0,12-Aug-2025,10-Jul-2026,23.4994068801898,-55.660149650012066,,,SONATA SOFTWARE LIMITED,-3.43
0,SCHAEFFLEREQN,-22.6,SCHAEFFLER,EQ,N,4128.7,60324,4151.3,4189.9,4105.5,4151.3,250667936.64,4467.7,3518.4,165720345795.12,2026-08-12 16:00:27,0,6.68,1.07,12-Aug-2025,10-Jul-2026,7.587796852966851,-17.345952705775353,,,SCHAEFFLER INDIA LIMITED,-0.54
0,INDIAMARTEQN,0.7,INDIAMART,EQ,N,1785.0,139878,1798.0,1810.0,1764.1,1784.3,249641665.38,2685.0,1730.0,54552814426.84,2026-08-12 16:00:27,0,-29.2,-7.22,12-Aug-2025,10-Jul-2026,33.5195530726257,-3.179190751445087,,,INDIAMART INTERMESH LIMITED,0.04
0,APOLLOTYREEQN,1.3,APOLLOTYRE,EQ,N,444.3,560928,443.0,448.25,441.35,443.0,249377370.24,540.5,365.3,143003645782.49,2026-08-12 16:00:27,0,-0.53,0.95,12-Aug-2025,10-Jul-2026,17.798334875115632,-21.626060771968245,,,APOLLO TYRES LIMITED,0.29
0,INDGNEQN,-0.05,INDGN,EQ,N,567.55,439544,569.9,577.7,562.8,567.6,249058816.72,596.8,414.0,58527949244.88,2026-08-12 16:00:27,0,-1.22,11.44,12-Aug-2025,10-Jul-2026,4.9011394101876675,-37.089371980676326,,,INDEGENE LIMITED,-0.01
0,GNFCEQN,1.6,GNFC,EQ,N,550.0,449732,549.85,556.4,548.9,548.4,248135133.68,616.0,365.0,45753544963.61,2026-08-12 16:00:27,0,9.32,9.46,12-Aug-2025,10-Jul-2026,10.714285714285714,-50.68493150684932,,,GUJARAT NARMADA VALLEY FERTILIZERS AND CHEMICALS LIMITED,0.29
0,NATCOPHARMEQN,10.0,NATCOPHARM,EQ,N,917.0,270111,907.95,922.15,906.0,907.0,247073232.81,1226.8,789.0,82157023557.67,2026-08-12 16:00:27,0,3.23,-6.82,12-Aug-2025,10-Jul-2026,25.252689925008152,-16.223067173637517,,,NATCO PHARMA LIMITED,1.1
0,JINDALSAWEQN,-4.1,JINDALSAW,EQ,N,269.45,898986,273.5,276.4,268.25,273.55,244146617.88,281.0,153.0,62571202054.66,2026-08-12 16:00:27,0,35.41,-2.3,12-Aug-2025,10-Jul-2026,4.110320284697509,-76.11111111111111,,,JINDAL SAW LIMITED,-1.5
0,GRANULESEQN,1.5,GRANULES,EQ,N,862.5,283049,857.5,870.0,854.4,861.0,244129762.5,910.0,439.15,124814667933.17,2026-08-12 16:00:27,0,89.52,-3.07,12-Aug-2025,10-Jul-2026,5.21978021978022,-96.40214049869066,,,GRANULES INDIA LIMITED,0.17
0,MANYAVAREQN,-3.4,MANYAVAR,EQ,N,518.6,468600,526.9,526.9,511.0,522.0,243433014.0,796.55,329.2,31574710370.54,2026-08-12 16:00:27,0,-29.81,32.25,12-Aug-2025,10-Jul-2026,34.89423137279518,-57.53341433778858,,,VEDANT FASHIONS LIMITED,-0.65
0,EMBDLEQN,-2.72,EMBDL,EQ,N,62.0,3861184,65.0,65.1,61.45,64.72,241941789.44,105.7,39.46,33348235228.47,2026-08-12 16:00:27,0,-33.76,-6.4,12-Aug-2025,10-Jul-2026,41.343424787133394,-57.12113532691333,,,EMBASSY DEVELOPMENTS LIMITED,-4.2
0,SYNGENEEQN,1.95,SYNGENE,EQ,N,409.2,591399,410.0,411.8,403.8,407.25,241355845.89,684.6,375.25,77578938165.13,2026-08-12 16:00:27,0,-36.94,-2.65,12-Aug-2025,10-Jul-2026,40.227870289219986,-9.047301798800799,,,SYNGENE INTERNATIONAL LIMITED,0.48
0,ACMESOLAREQN,4.45,ACMESOLAR,EQ,N,372.9,647813,369.0,375.0,367.5,368.45,240947567.22,398.65,195.9,74942250896.38,2026-08-12 16:00:27,0,30.43,-1.09,12-Aug-2025,10-Jul-2026,6.459300137965634,-90.35222052067381,,,ACME SOLAR HOLDINGS LIMITED,1.21
0,INDIASHLTREQN,32.15,INDIASHLTR,EQ,N,679.0,352904,642.6,688.2,642.6,646.85,238460761.84,968.75,640.0,30175042702.69,2026-08-12 16:00:27,0,-26.44,-15.13,12-Aug-2025,10-Jul-2026,29.90967741935484,-6.09375,,,INDIA SHELTER FINANCE CORPORATION LIMITED,4.97
0,NAZARAEQN,-2.4,NAZARA,EQ,N,353.0,674988,354.55,358.0,350.0,355.4,238453010.76,363.25,215.7,80081906813.34,2026-08-12 16:00:27,0,-0.61,16.0,12-Aug-2025,10-Jul-2026,2.8217481073640744,-63.6532220676866,,,NAZARA TECHNOLOGIES LIMITED,-0.68
0,ZENSARTECHEQN,-6.1,ZENSARTECH,EQ,N,494.5,477614,502.85,503.0,489.8,500.6,236361616.32,868.95,423.0,56199176971.1,2026-08-12 16:00:27,0,-38.86,-2.71,12-Aug-2025,10-Jul-2026,43.09223775821393,-16.90307328605201,,,ZENSAR TECHNOLOGIES LIMITED,-1.22
0,PFOCUSEQN,-12.15,PFOCUS,EQ,N,269.4,867452,282.5,285.3,265.4,281.55,235400449.24,367.0,139.04,17873526678.89,2026-08-12 16:00:27,0,80.78,4.95,12-Aug-2025,10-Jul-2026,26.59400544959128,-93.7571921749137,,,PRIME FOCUS LIMITED,-4.32
0,GREAVESCOTEQN,-3.98,GREAVESCOT,EQ,N,193.8,1212348,198.1,198.49,190.57,197.78,235304623.32,271.9,119.99,19603606891.85,2026-08-12 16:00:27,0,-9.37,-26.48,12-Aug-2025,10-Jul-2026,28.72379551305627,-61.51345945495458,,,GREAVES COTTON LIMITED,-2.01
0,URBANCOEQN,0.25,URBANCO,EQ,N,140.0,1683235,139.01,141.28,137.39,139.75,233784509.15,201.18,100.7,47086351668.59,2026-08-12 16:00:27,0,0.0,5.46,,10-Jul-2026,30.410577592205986,-39.026812313803376,,,URBAN COMPANY LIMITED,0.18
0,COHANCEEQN,-20.9,COHANCE,EQ,N,443.05,517907,465.0,468.35,443.0,463.95,233337819.78,1038.9,266.7,71885106064.7,2026-08-12 16:00:27,0,-53.4,-1.96,12-Aug-2025,10-Jul-2026,57.353932043507555,-66.12298462692164,,,COHANCE LIFESCIENCES LIMITED,-4.5
0,ARVINDEQN,-2.15,ARVIND,EQ,N,565.5,405680,569.95,574.2,559.0,567.65,230896828.8,600.0,274.8,91914326988.03,2026-08-12 16:00:27,0,93.23,7.37,12-Aug-2025,10-Jul-2026,5.75,-105.78602620087337,,,ARVIND LIMITED,-0.38
0,SUPRIYAEQN,-20.0,SUPRIYA,EQ,N,831.0,274814,848.3,852.95,825.35,851.0,229318542.3,1085.0,545.5,21202947704.56,2026-08-12 16:00:27,0,27.66,-2.76,12-Aug-2025,10-Jul-2026,23.410138248847925,-52.337305224564616,,,SUPRIYA LIFESCIENCE LIMITED,-2.35
0,JAYNECOINDEQN,-2.66,JAYNECOIND,EQ,N,90.34,2518788,92.7,93.66,89.57,93.0,229310459.52,117.0,52.51,39341183561.55,2026-08-12 16:00:27,0,50.59,-1.25,12-Aug-2025,10-Jul-2026,22.786324786324787,-72.04342030089506,,,JAYASWAL NECO INDUSTRIES LIMITED,-2.86
0,PIRAMALFINEQN,-49.2,PIRAMALFIN,EQ,N,2065.5,108943,2114.7,2119.8,2060.0,2114.7,227117829.82,2220.0,1260.0,248015913371.69,2026-08-12 16:00:27,0,0.0,-4.68,,10-Jul-2026,6.95945945945946,-63.92857142857143,,,PIRAMAL FINANCE LIMITED,-2.33
0,HAPPSTMNDSEQN,-3.85,HAPPSTMNDS,EQ,N,390.5,583657,394.0,394.65,384.75,394.35,227030899.86,635.0,330.2,32054174954.07,2026-08-12 16:00:27,0,-32.62,1.09,12-Aug-2025,10-Jul-2026,38.503937007874015,-18.26165960024228,,,HAPPIEST MINDS TECHNOLOGIES LIMITED,-0.98
0,CEATLTDEQN,-25.2,CEATLTD,EQ,N,3725.0,60641,3763.0,3773.7,3707.4,3750.2,226226101.78,4438.0,3000.5,77701056000.13,2026-08-12 16:00:27,0,19.49,-3.66,12-Aug-2025,10-Jul-2026,16.065795403334835,-24.145975670721548,,,CEAT LIMITED,-0.67
0,EUREKAFORBEQN,-0.2,EUREKAFORB,EQ,N,452.0,489669,454.1,473.1,445.6,452.2,225335880.42,668.3,403.2,30885146220.76,2026-08-12 16:00:27,0,-18.59,-0.07,12-Aug-2025,10-Jul-2026,32.36570402513841,-12.103174603174603,,,EUREKA FORBES LIMITED,-0.04
0,CELLOEQN,-1.45,CELLO,EQ,N,377.15,604740,382.35,382.35,366.5,378.6,224939090.4,673.8,336.6,16269982812.51,2026-08-12 16:00:27,0,-33.05,2.31,12-Aug-2025,10-Jul-2026,44.02641733452063,-12.046939988116458,,,CELLO WORLD LIMITED,-0.38
0,CHOICEINEQN,-8.4,CHOICEIN,EQ,N,814.0,273711,822.8,827.9,810.55,822.4,223457660.4,860.5,568.7,69161833698.9,2026-08-12 16:00:27,0,3.15,-2.51,12-Aug-2025,10-Jul-2026,5.403834979662987,-43.133462282398455,,,CHOICE INTERNATIONAL LIMITED,-1.02
0,TORNTPOWEREQN,-8.6,TORNTPOWER,EQ,N,1321.8,168475,1335.0,1338.9,1311.4,1330.4,222498193.5,1824.1,1188.0,250628275395.06,2026-08-12 16:00:27,0,-2.67,-6.88,12-Aug-2025,10-Jul-2026,27.536867496299546,-11.262626262626263,,,TORRENT POWER LIMITED,-0.65
0,J&KBANKEQN,0.54,J&KBANK,EQ,N,157.4,1408763,157.19,157.94,155.26,156.86,221034914.7,201.75,97.35,70000006670.79,2026-08-12 16:00:27,0,50.21,-18.3,12-Aug-2025,10-Jul-2026,21.982651796778192,-61.684643040575246,,,THE JAMMU & KASHMIR BANK LIMITED,0.34
0,PNCINFRAEQN,0.61,PNCINFRA,EQ,N,223.01,993122,223.4,224.19,216.74,222.4,220403565.46,325.0,158.17,25111021189.8,2026-08-12 16:00:27,0,-27.3,-8.18,12-Aug-2025,10-Jul-2026,31.38153846153846,-40.99386735790605,,,PNC INFRATECH LIMITED,0.27
0,COROMANDELEQN,-5.7,COROMANDEL,EQ,N,2079.5,105488,2074.7,2085.9,2052.0,2085.2,217935043.36,2500.0,1706.5,247915490748.46,2026-08-12 16:00:27,0,-13.25,0.57,12-Aug-2025,10-Jul-2026,16.82,-21.857603281570466,,,COROMANDEL INTERNATIONAL LIMITED,-0.27
0,CIEINDIAEQN,-0.55,CIEINDIA,EQ,N,412.45,520775,415.2,423.0,411.0,413.0,217418354.75,526.0,381.1,52450424774.54,2026-08-12 16:00:27,0,4.09,-11.17,12-Aug-2025,10-Jul-2026,21.58745247148289,-8.226187352400945,,,CIE AUTOMOTIVE INDIA LIMITED,-0.13
0,SKFINDUSEQN,-105.0,SKFINDUS,EQ,N,2625.0,80353,2640.1,2754.0,2605.1,2730.0,217402273.27,3041.0,1994.1,60787745153.18,2026-08-12 16:00:27,0,0.0,-7.26,,10-Jul-2026,13.679710621506084,-31.63833308259365,,,SKF INDIA (INDUSTRIAL) LIMITED,-3.85
0,LTFOODSEQN,7.7,LTFOODS,EQ,N,427.0,502746,419.35,432.1,417.0,419.3,214617239.94,480.0,333.15,58592993843.89,2026-08-12 16:00:27,0,-6.49,9.74,12-Aug-2025,10-Jul-2026,11.041666666666666,-28.170493771574368,,,LT FOODS LIMITED,1.84
0,LTTSEQN,-72.7,LTTS,EQ,N,3580.0,59654,3652.7,3656.1,3557.7,3652.7,214477605.44,4726.0,3010.0,98505704643.6,2026-08-12 16:00:27,0,-14.53,9.21,12-Aug-2025,10-Jul-2026,24.248836225137538,-18.93687707641196,,,L&T TECHNOLOGY SERVICES LIMITED,-1.99
0,JBMAEQN,-14.9,JBMA,EQ,N,629.0,336875,647.0,650.0,622.5,643.9,213265456.25,790.0,477.0,25276580013.05,2026-08-12 16:00:27,0,4.62,-8.13,12-Aug-2025,10-Jul-2026,20.379746835443036,-31.865828092243188,,,JBM AUTO LIMITED,-2.31
0,BALAMINESEQN,-36.7,BALAMINES,EQ,N,2087.0,101297,2129.0,2148.9,2062.1,2123.7,211863688.47,2443.6,968.1,23039315272.43,2026-08-12 16:00:27,0,35.45,-13.58,12-Aug-2025,10-Jul-2026,14.593223113439189,-115.57690321247804,,,BALAJI AMINES LIMITED,-1.73
0,ELECONEQN,4.8,ELECON,EQ,N,441.2,486802,433.3,443.1,428.0,436.4,211822154.26,634.9,352.0,38671549309.96,2026-08-12 16:00:27,0,-19.11,-13.58,12-Aug-2025,10-Jul-2026,30.50874153409986,-25.34090909090909,,,ELECON ENGINEERING COMPANY LIMITED,1.1
0,ONESOURCEEQN,-65.9,ONESOURCE,EQ,N,1533.0,135574,1598.9,1609.9,1530.1,1598.9,211178196.84,1925.0,1057.0,120243257584.78,2026-08-12 16:00:27,0,-19.31,-5.77,12-Aug-2025,10-Jul-2026,20.363636363636363,-45.033112582781456,,,ONESOURCE SPECIALTY PHARMA LIMITED,-4.12
0,USHAMARTEQN,-8.5,USHAMART,EQ,N,501.4,415137,514.4,516.0,499.0,509.9,211080559.02,527.5,333.6,91092232978.38,2026-08-12 16:00:27,0,43.18,-1.71,12-Aug-2025,10-Jul-2026,4.947867298578199,-50.299760191846524,,,USHA MARTIN LIMITED,-1.67
0,VIKRAMSOLREQN,-1.26,VIKRAMSOLR,EQ,N,159.35,1311248,161.86,161.86,158.44,160.61,209039156.16,407.95,155.38,21008085586.23,2026-08-12 16:00:27,0,0.0,-21.64,,10-Jul-2026,60.93884054418434,-2.5550263869223837,,,VIKRAM SOLAR LIMITED,-0.78
0,METROPOLISEQN,-15.05,METROPOLIS,EQ,N,551.2,365205,570.0,582.4,550.1,566.25,205391292.0,609.05,412.25,58344644727.12,2026-08-12 16:00:27,0,5.35,-2.95,12-Aug-2025,10-Jul-2026,9.498399146211312,-33.70527592480291,,,METROPOLIS HEALTHCARE LIMITED,-2.66
0,TARILEQN,-5.5,TARIL,EQ,N,291.6,692010,297.0,298.7,291.0,297.1,203485540.5,552.0,224.05,31154755931.42,2026-08-12 16:00:27,0,-42.52,-15.42,12-Aug-2025,10-Jul-2026,47.17391304347826,-30.149520196384735,,,TRANSFORMERS AND RECTIFIERS (INDIA) LIMITED,-1.85
0,ELGIEQUIPEQN,-1.35,ELGIEQUIP,EQ,N,572.5,351146,572.0,583.2,572.0,573.85,203067731.8,633.85,408.25,122664012740.86,2026-08-12 16:00:27,0,10.4,-0.67,12-Aug-2025,10-Jul-2026,9.67894612289974,-40.232700551132886,,,ELGI EQUIPMENTS LIMITED,-0.24
0,MANORAMAEQN,24.8,MANORAMA,EQ,N,1622.6,122560,1599.0,1639.4,1594.6,1597.8,199162451.2,1706.9,1060.6,39353652492.69,2026-08-12 16:00:27,0,20.12,1.2,12-Aug-2025,10-Jul-2026,4.938777901458785,-52.98887422213841,,,MANORAMA INDUSTRIES LIMITED,1.55
0,INOXGREENBEN,3.29,INOXGREEN,BE,N,187.7,1069323,182.31,187.75,175.19,184.41,198583974.33,279.0,132.58,30226089840.51,2026-08-12 16:00:27,0,18.29,-2.07,12-Aug-2025,10-Jul-2026,32.72401433691756,-41.57489817468698,,,INOX GREEN ENERGY SERVICES LIMITED,1.78
0,GOKULAGROEQN,10.17,GOKULAGRO,EQ,N,236.2,845538,227.83,239.49,225.45,226.03,196283191.32,249.92,147.9,17947895495.12,2026-08-12 16:00:27,0,50.4,8.49,12-Aug-2025,10-Jul-2026,5.489756722151088,-59.7025016903313,,,GOKUL AGRO RESOURCES LIMITED,4.5
0,IMFAEQN,-9.6,IMFA,EQ,N,1472.0,131612,1481.0,1505.0,1465.0,1481.6,195325369.2,1679.9,721.85,21928302279.01,2026-08-12 16:00:27,0,95.85,5.08,12-Aug-2025,10-Jul-2026,12.375736650991131,-103.920482094618,,,INDIAN METALS & FERRO ALLOYS LIMITED,-0.65
0,RAMCOCEMEQN,-15.05,RAMCOCEM,EQ,N,919.0,210443,938.4,940.0,914.0,934.05,194179964.96,1214.5,838.3,115839889179.31,2026-08-12 16:00:27,0,-13.24,-2.45,12-Aug-2025,10-Jul-2026,24.331000411692056,-9.626625313133722,,,THE RAMCO CEMENTS LIMITED,-1.61
0,SUMICHEMEQN,-11.1,SUMICHEM,EQ,N,547.0,354667,558.15,558.25,541.05,558.1,194095062.42,617.45,362.6,66958270629.54,2026-08-12 16:00:27,0,-7.99,6.48,12-Aug-2025,10-Jul-2026,11.409830755526764,-50.85493656922228,,,SUMITOMO CHEMICAL INDIA LIMITED,-1.99
0,DATAMATICSEQN,-5.0,DATAMATICS,EQ,N,857.7,225886,865.5,872.25,851.3,862.7,193658844.38,1088.0,632.0,16982705024.88,2026-08-12 16:00:27,0,-18.96,-4.75,12-Aug-2025,10-Jul-2026,21.167279411764707,-35.712025316455694,,,DATAMATICS GLOBAL SERVICES LIMITED,-0.58
0,CYIENTEQN,-11.4,CYIENT,EQ,N,842.0,226541,854.3,862.6,839.0,853.4,191730709.94,1284.7,750.3,67039163142.53,2026-08-12 16:00:27,0,-28.08,0.1,12-Aug-2025,10-Jul-2026,34.45940686541605,-12.221777955484473,,,CYIENT LIMITED,-1.34
0,HDBFSEQN,-3.6,HDBFS,EQ,N,689.5,277748,685.7,699.2,685.0,693.1,191418366.64,811.8,555.3,145943944689.55,2026-08-12 16:00:27,0,-7.2,-8.73,12-Aug-2025,10-Jul-2026,15.06528701650653,-24.16711687376193,,,HDB FINANCIAL SERVICES LIMITED,-0.52
0,VOLTAMPEQN,-16.0,VOLTAMP,EQ,N,10001.0,19049,10056.0,10110.0,9982.0,10017.0,191010799.66,12863.0,6666.0,101139027421.87,2026-08-12 16:00:27,0,25.31,4.59,12-Aug-2025,10-Jul-2026,22.24986395086683,-50.03000300030003,,,VOLTAMP TRANSFORMERS LIMITED,-0.16
0,TITAGARHEQN,-16.8,TITAGARH,EQ,N,828.0,222868,847.1,848.95,826.0,844.8,186616291.12,971.0,568.7,66141193186.02,2026-08-12 16:00:27,0,3.57,-0.93,12-Aug-2025,10-Jul-2026,14.727085478887744,-45.595217161948305,,,TITAGARH RAIL SYSTEMS LIMITED,-1.99
0,DCBBANKEQN,2.68,DCBBANK,EQ,N,187.7,984286,186.05,191.73,186.0,185.02,186295811.22,205.9,119.51,49884017870.95,2026-08-12 16:00:27,0,49.57,-0.51,12-Aug-2025,10-Jul-2026,8.839242350655658,-57.05798677934901,,,DCB BANK LIMITED,1.45
0,JKTYREEQN,-4.85,JKTYRE,EQ,N,386.0,479266,392.95,392.95,385.5,390.85,185442393.38,611.9,311.0,48147187412.1,2026-08-12 16:00:27,0,22.97,-5.92,12-Aug-2025,10-Jul-2026,36.91779702565779,-24.115755627009648,,,JK TYRE & INDUSTRIES LIMITED,-1.24
0,JUBLINGREAEQN,-15.9,JUBLINGREA,EQ,N,717.2,254422,733.1,738.2,714.3,733.1,184061595.9,795.0,537.3,59967044608.83,2026-08-12 16:00:27,0,2.91,-0.71,12-Aug-2025,10-Jul-2026,9.786163522012579,-33.482225944537504,,,JUBILANT INGREVIA LIMITED,-2.17
0,BRIGADEEQN,-13.1,BRIGADE,EQ,N,592.0,308751,605.5,607.65,585.45,605.1,183364131.39,802.01,450.75,109419953271.57,2026-08-12 16:00:27,0,-18.98,3.03,12-Aug-2025,10-Jul-2026,26.18545903417663,-31.336661120354965,,,BRIGADE ENTERPRISES LIMITED,-2.16
0,BLUEJETEQN,-1.85,BLUEJET,EQ,N,588.85,312902,591.0,591.0,578.55,590.7,182925638.22,805.0,325.0,29931239319.17,2026-08-12 16:00:27,0,-24.18,-5.64,12-Aug-2025,10-Jul-2026,26.850931677018632,-81.18461538461538,,,BLUE JET HEALTHCARE LIMITED,-0.31
0,ACCEQN,-3.9,ACC,EQ,N,1335.9,137292,1349.0,1349.0,1324.0,1339.8,182897656.56,1987.0,1251.7,79886455538.12,2026-08-12 16:00:27,0,-25.27,-3.51,12-Aug-2025,10-Jul-2026,32.76799194765979,-6.726851481984501,,,ACC LIMITED,-0.29
0,NTPCGREENEQN,-0.32,NTPCGREEN,EQ,N,92.69,1946814,93.01,93.24,91.7,93.01,179535187.08,119.95,84.0,85861685226.86,2026-08-12 16:00:27,0,-9.73,-1.5,12-Aug-2025,10-Jul-2026,22.726135889954147,-10.345238095238095,,,NTPC GREEN ENERGY LIMITED,-0.34
0,ECLERXEQN,16.4,ECLERX,EQ,N,1812.0,98896,1806.0,1822.0,1781.4,1795.6,178712983.68,2497.5,1320.0,73712912725.76,2026-08-12 16:00:27,0,-11.49,11.73,12-Aug-2025,10-Jul-2026,27.44744744744745,-37.27272727272727,,,ECLERX SERVICES LIMITED,0.91
0,INOXINDIAEQN,-33.0,INOXINDIA,EQ,N,1905.0,92266,1925.0,1951.3,1897.7,1938.0,177204234.28,2119.8,1065.0,42767055513.79,2026-08-12 16:00:27,0,73.88,-3.69,12-Aug-2025,10-Jul-2026,10.133031418058307,-78.87323943661971,,,INOX INDIA LIMITED,-1.7
0,IRCONEQN,-1.69,IRCON,EQ,N,126.45,1396832,128.14,129.38,125.77,128.14,177104329.28,189.5,114.5,41088984824.8,2026-08-12 16:00:27,0,-24.34,-3.74,12-Aug-2025,10-Jul-2026,33.27176781002638,-10.436681222707424,,,IRCON INTERNATIONAL LIMITED,-1.32
0,ANURASEQN,-7.4,ANURAS,EQ,N,1201.9,146323,1205.5,1212.9,1194.7,1209.3,176364575.13,1415.0,1045.2,36307608860.57,2026-08-12 16:00:27,0,5.63,-5.21,12-Aug-2025,10-Jul-2026,15.060070671378092,-14.992345962495216,,,ANUPAM RASAYAN INDIA LIMITED,-0.61
0,PRIVISCLEQN,-8.9,PRIVISCL,EQ,N,3577.8,49047,3582.1,3603.2,3552.5,3586.7,175612293.03,3785.3,2193.9,47664653316.12,2026-08-12 16:00:27,0,47.25,-2.32,12-Aug-2025,10-Jul-2026,5.481731963120493,-63.07944755914126,,,PRIVI SPECIALITY CHEMICALS LIMITED,-0.25
0,AETHEREQN,-13.2,AETHER,EQ,N,1621.0,106756,1642.3,1644.6,1606.0,1634.2,173632228.64,1645.0,726.45,53869973529.14,2026-08-12 16:00:27,0,120.44,8.01,12-Aug-2025,10-Jul-2026,1.458966565349544,-123.1399270424668,,,AETHER INDUSTRIES LIMITED,-0.81
0,IRBEQN,-0.22,IRB,EQ,N,19.34,8884401,19.56,19.62,19.3,19.56,171824315.34,23.95,19.15,75648109379.04,2026-08-12 16:00:27,0,-13.43,-4.68,12-Aug-2025,10-Jul-2026,19.248434237995824,-0.9921671018276762,,,IRB INFRASTRUCTURE DEVELOPERS LIMITED,-1.12
0,SUNDARMFINEQN,67.0,SUNDARMFIN,EQ,N,4514.4,38609,4477.9,4528.0,4401.5,4447.4,171457549.83,5642.0,4000.0,310031767606.38,2026-08-12 16:00:27,0,0.32,-1.32,12-Aug-2025,10-Jul-2026,19.985820630981923,-12.86,,,SUNDARAM FINANCE LIMITED,1.51
0,UTIAMCEQN,9.2,UTIAMC,EQ,N,915.0,186050,907.0,924.9,907.0,905.8,170248773.5,1418.0,876.0,38407730205.35,2026-08-12 16:00:27,0,-31.5,-8.89,12-Aug-2025,10-Jul-2026,35.47249647390691,-4.4520547945205475,,,UTI ASSET MANAGEMENT COMPANY LIMITED,1.02
0,KNRCONEQN,-3.34,KNRCON,EQ,N,133.5,1269079,136.84,137.14,131.47,136.84,169383974.13,220.0,108.65,19214950332.73,2026-08-12 16:00:27,0,-33.87,3.45,12-Aug-2025,10-Jul-2026,39.31818181818182,-22.871606074551313,,,KNR CONSTRUCTIONS LIMITED,-2.44
0,GLAXOEQN,13.1,GLAXO,EQ,N,2615.0,64718,2601.0,2624.9,2579.5,2601.9,169299699.28,2883.4,2088.1,107929520229.74,2026-08-12 16:00:27,0,1.02,7.25,12-Aug-2025,10-Jul-2026,9.30845529583131,-25.233465830180545,,,GLAXOSMITHKLINE PHARMACEUTICALS LIMITED,0.5
0,POWERMECHEQN,-37.3,POWERMECH,EQ,N,2405.0,69969,2430.9,2438.9,2400.0,2442.3,168806509.71,3260.0,1717.7,31613979268.24,2026-08-12 16:00:27,0,-23.38,-8.9,12-Aug-2025,10-Jul-2026,26.226993865030675,-40.01280782441637,,,POWER MECH PROJECTS LIMITED,-1.53
0,EDELWEISSEQN,-0.32,EDELWEISS,EQ,N,118.76,1403486,119.37,120.3,117.41,119.08,166383265.3,133.9,91.78,76115463539.85,2026-08-12 16:00:27,0,25.67,-1.15,12-Aug-2025,10-Jul-2026,11.306945481702764,-29.396382654173024,,,EDELWEISS FINANCIAL SERVICES LIMITED,-0.27
0,ABSLAMCEQN,21.8,ABSLAMC,EQ,N,1041.5,161763,1017.8,1042.0,1010.9,1019.7,166360304.46,1224.9,708.0,75741233478.32,2026-08-12 16:00:27,0,22.57,-9.17,12-Aug-2025,10-Jul-2026,14.972650828639072,-47.1045197740113,,,ADITYA BIRLA SUN LIFE AMC LIMITED,2.14
0,MAPMYINDIAEQN,-18.3,MAPMYINDIA,EQ,N,995.0,165017,1018.3,1020.1,986.6,1013.3,164546701.55,1998.0,795.0,17175907069.96,2026-08-12 16:00:27,0,-44.35,-8.16,12-Aug-2025,10-Jul-2026,50.2002002002002,-25.157232704402517,,,C.E. INFO SYSTEMS LIMITED,-1.81
0,DALBHARATEQN,5.8,DALBHARAT,EQ,N,1841.4,89855,1835.6,1844.0,1812.0,1835.6,164290882.0,2496.3,1605.0,146002428511.22,2026-08-12 16:00:27,0,-18.28,3.07,12-Aug-2025,10-Jul-2026,26.234827544766254,-14.728971962616823,,,DALMIA BHARAT LIMITED,0.32
0,EMAMILTDEQN,-5.95,EMAMILTD,EQ,N,396.35,407075,402.3,402.5,395.9,402.3,162019920.75,634.2,376.4,77870176420.73,2026-08-12 16:00:27,0,-31.31,-5.94,12-Aug-2025,10-Jul-2026,37.50394197414065,-5.3002125398512225,,,EMAMI LIMITED,-1.48
0,KIRLPNUEQN,1.5,KIRLPNU,EQ,N,1493.5,107924,1498.8,1506.0,1480.3,1492.0,161208237.28,2197.1,990.1,56620210665.52,2026-08-12 16:00:27,0,13.81,-16.27,12-Aug-2025,10-Jul-2026,32.02403167812116,-50.843349156650845,,,KIRLOSKAR PNEUMATIC COMPANY LIMITED,0.1
0,AIILEQN,-16.45,AIIL,EQ,N,557.0,289425,560.05,567.8,547.15,573.45,160842155.25,683.0,400.0,147033575730.54,2026-08-12 16:00:27,0,-3.28,8.37,12-Aug-2025,10-Jul-2026,18.448023426061493,-39.25,,,AUTHUM INVESTMENT & INFRASTRUCTURE LIMITED,-2.87
0,THELEELAEQN,-8.25,THELEELA,EQ,N,504.0,312729,513.7,523.7,494.4,512.25,160129757.16,527.0,384.5,40551741029.92,2026-08-12 16:00:27,0,16.6,0.6,12-Aug-2025,10-Jul-2026,4.364326375711575,-31.079323797139143,,,LEELA PALACES HOTELS & RESORTS LIMITED,-1.61
0,AARTIDRUGSEQN,-6.35,AARTIDRUGS,EQ,N,433.0,365458,445.05,445.05,419.9,439.35,158276205.22,534.55,318.95,15192322842.02,2026-08-12 16:00:27,0,-11.53,9.12,12-Aug-2025,10-Jul-2026,18.99728743803199,-35.75795579244396,,,AARTI DRUGS LIMITED,-1.45
0,KPRMILLEQN,-9.0,KPRMILL,EQ,N,1087.5,144628,1103.0,1104.0,1085.0,1096.5,157968486.72,1334.0,796.1,120619563589.8,2026-08-12 16:00:27,0,13.8,-2.04,12-Aug-2025,10-Jul-2026,18.47826086956522,-36.60344177867102,,,K.P.R. MILL LIMITED,-0.82
0,PARKHOSPSEQN,0.65,PARKHOSPS,EQ,N,283.2,552846,282.55,288.35,281.0,282.55,157461597.72,305.0,138.1,15714323482.09,2026-08-12 16:00:27,0,0.0,-1.01,,10-Jul-2026,7.147540983606557,-105.06879073135408,,,PARK MEDI WORLD LIMITED,0.23
0,SHAKTIPUMPEQN,-1.6,SHAKTIPUMP,EQ,N,509.0,302641,510.0,514.0,508.0,510.6,154310593.08,915.0,456.35,30815251523.06,2026-08-12 16:00:27,0,-39.09,-12.13,12-Aug-2025,10-Jul-2026,44.37158469945355,-11.537197326613345,,,SHAKTI PUMPS (INDIA) LIMITED,-0.31
0,BAJAJHFLEQN,-0.39,BAJAJHFL,EQ,N,84.79,1812989,85.6,85.62,84.62,85.18,153850246.54,117.98,72.65,93617429923.58,2026-08-12 16:00:27,0,-24.57,-3.72,12-Aug-2025,10-Jul-2026,28.131886760467875,-16.71025464556091,,,BAJAJ HOUSING FINANCE LIMITED,-0.46
0,IGLEQN,1.78,IGL,EQ,N,154.85,989560,154.0,155.0,152.53,153.07,152728690.4,223.5,141.74,108315995439.57,2026-08-12 16:00:27,0,-24.84,0.51,12-Aug-2025,10-Jul-2026,30.715883668903803,-9.249329758713136,,,INDRAPRASTHA GAS LIMITED,1.16
0,TRIVENIEQN,5.4,TRIVENI,EQ,N,243.8,623829,239.0,244.0,238.4,238.4,150598558.89,490.1,220.05,20622301761.12,2026-08-12 16:00:27,0,-28.33,-47.28,12-Aug-2025,10-Jul-2026,50.255049989798,-10.793001590547602,,,TRIVENI ENGINEERING & INDUSTRIES LIMITED,2.27
0,SWSOLAREQN,-0.98,SWSOLAR,EQ,N,202.0,743629,203.58,203.99,200.05,202.98,150056895.91,286.5,148.0,25600725177.24,2026-08-12 16:00:27,0,-27.02,-14.61,12-Aug-2025,10-Jul-2026,29.49389179755672,-36.486486486486484,,,STERLING AND WILSON RENEWABLE ENERGY LIMITED,-0.48
0,ASHOKAEQN,-2.99,ASHOKA,EQ,N,114.0,1312834,116.45,116.5,113.0,116.99,149649947.66,214.5,101.0,14559577148.35,2026-08-12 16:00:27,0,-36.61,-13.37,12-Aug-2025,10-Jul-2026,46.85314685314685,-12.871287128712872,,,ASHOKA BUILDCON LIMITED,-2.56
0,NCCEQN,-0.76,NCC,EQ,N,144.0,1041362,144.82,145.38,143.01,144.76,149633305.78,225.4,130.0,58096684033.36,2026-08-12 16:00:27,0,-35.38,-1.21,12-Aug-2025,10-Jul-2026,36.11357586512866,-10.76923076923077,,,NCC LIMITED,-0.53
0,GICREEQN,-0.2,GICRE,EQ,N,355.5,420356,355.75,358.5,352.8,355.7,149302044.08,417.95,346.7,140804073792.0,2026-08-12 16:00:27,0,-9.81,-2.6,12-Aug-2025,10-Jul-2026,14.941978705586793,-2.5382174790885492,,,GENERAL INSURANCE CORPORATION OF INDIA,-0.06
0,TRANSRAILLEQN,-5.7,TRANSRAILL,EQ,N,467.7,318603,473.9,476.0,463.9,473.4,149160366.51,855.8,450.05,17995616652.19,2026-08-12 16:00:27,0,-40.62,-7.94,12-Aug-2025,10-Jul-2026,45.3493806964244,-3.9217864681702035,,,TRANSRAIL LIGHTING LIMITED,-1.2
0,STARHEALTHEQN,-0.85,STARHEALTH,EQ,N,583.85,255220,584.7,587.75,580.7,584.7,148959153.0,624.9,416.55,136619830038.53,2026-08-12 16:00:27,0,31.25,-3.22,12-Aug-2025,10-Jul-2026,6.569051048167707,-40.16324570879846,,,STAR HEALTH AND ALLIED INSURANCE COMPANY LIMITED,-0.15
0,SPARCEQN,-3.16,SPARC,EQ,N,202.1,733126,206.0,206.64,201.0,205.26,148773259.18,289.0,108.0,18978130895.29,2026-08-12 16:00:27,0,42.42,-23.62,12-Aug-2025,10-Jul-2026,30.069204152249135,-87.12962962962963,,,SUN PHARMA ADVANCED RESEARCH COMPANY LIMITED,-1.54
0,TBOTEKEQN,-46.0,TBOTEK,EQ,N,1593.7,91830,1637.3,1647.0,1590.0,1639.7,148504721.1,1764.8,1004.2,54609836800.49,2026-08-12 16:00:27,0,10.26,5.9,12-Aug-2025,10-Jul-2026,9.695149592021759,-58.70344552877913,,,TBO TEK LIMITED,-2.81
0,JKPAPEREQN,-4.4,JKPAPER,EQ,N,386.25,376041,391.9,395.5,386.1,390.65,147133562.07,444.8,304.85,29686871345.39,2026-08-12 16:00:27,0,10.37,5.71,12-Aug-2025,10-Jul-2026,13.163219424460431,-26.70165655240282,,,JK PAPER LIMITED,-1.13
0,GPPLEQN,2.36,GPPL,EQ,N,150.49,986838,148.49,150.8,147.86,148.13,147028993.62,200.09,141.55,40713380236.95,2026-08-12 16:00:27,0,-3.96,-2.47,12-Aug-2025,10-Jul-2026,24.788845019741117,-6.315789473684211,,,GUJARAT PIPAVAV PORT LIMITED,1.59
0,GSFCEQN,-0.93,GSFC,EQ,N,160.41,905558,162.0,163.72,159.04,161.34,146410617.44,220.59,138.83,35657457841.28,2026-08-12 16:00:27,0,-21.35,-0.3,12-Aug-2025,10-Jul-2026,27.281381748946007,-15.544190736872434,,,GUJARAT STATE FERTILIZERS & CHEMICALS LIMITED,-0.58
0,QUESSEQN,11.3,QUESS,EQ,N,335.5,441540,324.0,335.5,323.35,324.2,146057016.6,349.5,166.3,21398922006.45,2026-08-12 16:00:27,0,21.82,16.43,12-Aug-2025,10-Jul-2026,4.005722460658083,-101.74383644016837,,,QUESS CORP LIMITED,3.49
0,GODREJINDEQN,-58.0,GODREJIND,EQ,N,1231.8,116124,1304.8,1305.0,1219.1,1289.8,145876130.04,1443.0,744.2,53018080628.12,2026-08-12 16:00:27,0,12.42,-13.11,12-Aug-2025,10-Jul-2026,14.636174636174637,-65.52002149959688,,,GODREJ INDUSTRIES LIMITED,-4.5
0,FIVESTAREQN,8.6,FIVESTAR,EQ,N,554.85,263148,545.0,555.5,545.0,546.25,145155068.28,666.0,338.15,107178639832.3,2026-08-12 16:00:27,0,-2.99,1.55,12-Aug-2025,10-Jul-2026,16.68918918918919,-64.08398639656957,,,FIVE-STAR BUSINESS FINANCE LIMITED,1.57
0,TIMKENEQN,38.4,TIMKEN,EQ,N,3250.0,44928,3219.9,3252.6,3200.0,3211.6,144850118.4,3925.0,2800.5,116336979722.37,2026-08-12 16:00:27,0,12.41,1.4,12-Aug-2025,10-Jul-2026,17.197452229299362,-16.050705231208713,,,TIMKEN INDIA LIMITED,1.2
0,ZAGGLEEQN,-1.64,ZAGGLE,EQ,N,202.0,697796,207.5,207.5,198.5,203.64,140668695.64,417.6,186.05,14084566753.95,2026-08-12 16:00:27,0,-45.74,-2.79,12-Aug-2025,10-Jul-2026,51.628352490421456,-8.572964256920184,,,ZAGGLE PREPAID OCEAN SERVICES LIMITED,-0.81
0,SANDUMAEQN,-0.64,SANDUMA,EQ,N,203.25,684005,204.4,207.28,201.49,204.39,139523339.9,273.0,141.37,25392893294.33,2026-08-12 16:00:27,0,29.69,-0.04,12-Aug-2025,10-Jul-2026,25.54945054945055,-43.771663011954445,,,SANDUR MANGANESE & IRON ORES LIMITED,-0.31
0,SIGNATUREEQN,-9.9,SIGNATURE,EQ,N,805.0,171961,814.9,814.9,801.05,814.9,138492230.57,1158.0,705.2,31489788371.09,2026-08-12 16:00:27,0,-27.49,-5.17,12-Aug-2025,10-Jul-2026,30.483592400690846,-14.152013613159387,,,SIGNATUREGLOBAL (INDIA) LIMITED,-1.21
0,BAYERCROPEQN,-8.4,BAYERCROP,EQ,N,4107.7,33613,4112.5,4127.5,4050.1,4116.1,137557168.94,5706.0,4030.0,58229278633.33,2026-08-12 16:00:27,0,-27.19,-0.54,12-Aug-2025,10-Jul-2026,28.01086575534525,-1.9280397022332507,,,BAYER CROPSCIENCE LIMITED,-0.2
0,MSTCLTDEQN,19.0,MSTCLTD,EQ,N,590.0,232536,573.2,599.0,573.0,571.0,136635828.24,743.9,362.15,14556083520.0,2026-08-12 16:00:27,0,25.55,-12.03,12-Aug-2025,10-Jul-2026,20.688264551687055,-62.91591881816927,,,MSTC LIMITED,3.33
0,THOMASCOOKEQN,-2.43,THOMASCOOK,EQ,N,107.0,1269201,110.35,110.35,106.49,109.43,136223343.33,181.55,86.35,17487912017.76,2026-08-12 16:00:27,0,-32.15,3.9,12-Aug-2025,10-Jul-2026,41.06306802533737,-23.914302258251304,,,THOMAS COOK  (INDIA)  LIMITED,-2.22
0,CONCORDBIOEQN,16.1,CONCORDBIO,EQ,N,1445.0,93615,1435.4,1460.0,1424.4,1428.9,134958192.45,1801.9,987.0,47765013617.21,2026-08-12 16:00:27,0,-12.33,10.75,12-Aug-2025,10-Jul-2026,19.806870525556356,-46.403242147923,,,CONCORD BIOTECH LIMITED,1.13
0,HCGEQN,-1.45,HCG,EQ,N,737.5,183448,735.0,738.95,724.15,738.95,134483894.32,796.68,513.3,39298723066.02,2026-08-12 16:00:27,0,10.95,10.67,12-Aug-2025,10-Jul-2026,7.428327559371391,-43.67816091954023,,,HEALTHCARE GLOBAL ENTERPRISES LIMITED,-0.2
0,FEDFINAEQN,-3.62,FEDFINA,EQ,N,151.01,879332,155.0,155.51,150.93,154.63,134414689.52,178.48,119.07,17922821210.9,2026-08-12 16:00:27,0,16.13,-5.23,12-Aug-2025,10-Jul-2026,15.391080233079336,-26.82455698328714,,,FEDBANK FINANCIAL SERVICES LIMITED,-2.34
0,HGINFRAEQN,11.2,HGINFRA,EQ,N,557.0,232826,553.0,575.75,547.8,547.8,131029816.28,1049.95,429.5,10243584147.89,2026-08-12 16:00:27,0,-43.73,-1.18,12-Aug-2025,10-Jul-2026,46.94985475498833,-29.68568102444703,,,H.G. INFRA ENGINEERING LIMITED,2.05
0,MMTCEQN,-0.88,MMTC,EQ,N,64.1,1977239,65.8,66.2,64.01,64.98,128658941.73,78.35,50.1,9669036300.0,2026-08-12 16:00:27,0,3.37,-1.54,12-Aug-2025,10-Jul-2026,18.18761965539247,-27.944111776447105,,,MMTC LIMITED,-1.35
0,PTCILEQN,94.0,PTCIL,EQ,N,19000.0,6812,18898.0,19063.0,18720.0,18906.0,128617099.52,19851.0,13251.0,114742970015.82,2026-08-12 16:00:27,0,33.9,7.94,12-Aug-2025,10-Jul-2026,4.286937685758904,-43.38540487510377,,,PTC INDUSTRIES LIMITED,0.5
0,UTLSOLAREQN,-2.65,UTLSOLAR,EQ,N,392.0,331296,395.95,398.95,382.7,394.65,128562725.76,424.8,172.0,14447005156.68,2026-08-12 16:00:27,0,0.0,2.43,,10-Jul-2026,7.721280602636535,-127.90697674418605,,,FUJIYAMA POWER SYSTEMS LIMITED,-0.67
0,OSWALPUMPSEQN,-5.15,OSWALPUMPS,EQ,N,301.2,425262,305.25,307.95,299.4,306.35,128373839.94,888.4,283.1,8353472153.51,2026-08-12 16:00:27,0,-60.86,-26.59,12-Aug-2025,10-Jul-2026,66.09635299414678,-6.39350052984811,,,OSWAL PUMPS LIMITED,-1.68
0,CRISILEQN,5.2,CRISIL,EQ,N,4486.0,28123,4508.6,4522.8,4450.0,4480.8,126540844.65,5451.0,3686.0,109076759033.3,2026-08-12 16:00:27,0,-12.37,9.48,12-Aug-2025,10-Jul-2026,17.7031737295909,-21.70374389582203,,,CRISIL LIMITED,0.12
0,V2RETAILEQN,-4.92,V2RETAIL,EQ,N,219.4,566703,225.15,225.15,217.8,224.32,125553049.65,259.25,158.56,38296467739.15,2026-08-12 16:00:27,0,26.69,-0.38,12-Aug-2025,10-Jul-2026,15.371263259402122,-38.370332996972756,,,V2 RETAIL LIMITED,-2.19
0,NSLNISPEQN,-0.35,NSLNISP,EQ,N,43.8,2802778,44.2,44.65,43.7,44.15,123686593.14,53.75,33.01,50321822820.93,2026-08-12 16:00:27,0,22.18,1.11,12-Aug-2025,10-Jul-2026,18.511627906976745,-32.68706452590124,,,NMDC STEEL LIMITED,-0.79
0,LATENTVIEWEQN,-4.75,LATENTVIEW,EQ,N,290.0,423620,295.95,296.8,287.5,294.75,123633497.0,517.5,248.0,20921934348.57,2026-08-12 16:00:27,0,-27.02,-3.7,12-Aug-2025,10-Jul-2026,43.96135265700483,-16.93548387096774,,,LATENT VIEW ANALYTICS LIMITED,-1.61
0,JSWDULUXEQN,-56.9,JSWDULUX,EQ,N,3100.1,39483,3169.9,3169.9,3080.0,3157.0,122963881.05,3745.0,2658.7,53331695923.43,2026-08-12 16:00:27,0,-9.49,5.68,12-Aug-2025,10-Jul-2026,17.220293724966623,-16.6020987700756,,,JSW DULUX LIMITED,-1.8
0,AEGISVOPAKEQN,-5.2,AEGISVOPAK,EQ,N,275.35,442476,280.2,280.25,272.8,280.55,122189747.4,311.49,158.0,39622058406.07,2026-08-12 16:00:27,0,11.55,-2.77,12-Aug-2025,10-Jul-2026,11.602298629169475,-74.27215189873418,,,AEGIS VOPAK TERMINALS LIMITED,-1.85
0,BAJAJELECEQN,5.65,BAJAJELEC,EQ,N,366.0,333056,361.45,368.9,358.0,360.35,121385589.76,653.8,301.0,15246216061.88,2026-08-12 16:00:27,0,-36.3,10.54,12-Aug-2025,10-Jul-2026,44.0195778525543,-21.59468438538206,,,BAJAJ ELECTRICALS LIMITED,1.57
0,WHIRLPOOLEQN,-8.05,WHIRLPOOL,EQ,N,787.0,153449,800.0,800.0,782.1,795.05,121017553.85,1437.0,753.15,59812424832.22,2026-08-12 16:00:27,0,-36.69,-1.02,12-Aug-2025,10-Jul-2026,45.23312456506611,-4.494456615548032,,,WHIRLPOOL OF INDIA LIMITED,-1.01
0,ASKAUTOLTDEQN,-2.25,ASKAUTOLTD,EQ,N,652.0,185247,654.25,660.0,646.0,654.25,120771781.65,687.7,375.3,32198512287.6,2026-08-12 16:00:27,0,38.3,38.18,12-Aug-2025,10-Jul-2026,5.191217100479861,-73.72768451905142,,,ASK AUTOMOTIVE LIMITED,-0.34
0,TMBEQN,-10.0,TMB,EQ,N,857.0,140341,832.95,871.95,832.95,867.0,120566953.1,917.0,411.8,100377184651.05,2026-08-12 16:00:27,0,99.7,6.91,12-Aug-2025,10-Jul-2026,6.543075245365322,-108.11073336571151,,,TAMILNAD MERCANTILE BANK LIMITED,-1.15
0,ADVENZYMESEQN,3.7,ADVENZYMES,EQ,N,302.0,400660,304.5,308.85,294.5,298.3,120370283.8,419.0,251.95,14307650220.05,2026-08-12 16:00:27,0,0.73,-8.44,12-Aug-2025,10-Jul-2026,27.9236276849642,-19.865052589799564,,,ADVANCED ENZYME TECHNOLOGIES LIMITED,1.24
0,AADHARHFCEQN,-4.55,AADHARHFC,EQ,N,497.0,240315,498.2,506.0,496.1,501.55,120366574.05,563.0,430.15,53324951138.25,2026-08-12 16:00:27,0,-1.82,-7.02,12-Aug-2025,10-Jul-2026,11.72291296625222,-15.541090317331163,,,AADHAR HOUSING FINANCE LIMITED,-0.91
0,APLLTDEQN,5.25,APLLTD,EQ,N,844.1,142034,838.85,852.6,833.0,838.85,119393780.4,1002.0,635.8,46828627803.14,2026-08-12 16:00:27,0,-10.91,0.8,12-Aug-2025,10-Jul-2026,15.758483033932135,-32.7618748033973,,,ALEMBIC PHARMACEUTICALS LIMITED,0.63
0,JWLEQN,-3.85,JWL,EQ,N,258.55,459989,262.0,262.25,257.5,262.4,119215349.13,372.85,235.65,35017592463.42,2026-08-12 16:00:27,0,-21.59,0.68,12-Aug-2025,10-Jul-2026,30.655759688882927,-9.71780182474008,,,JUPITER WAGONS LIMITED,-1.47
0,ASAHIINDIAEQN,-11.65,ASAHIINDIA,EQ,N,890.0,133831,903.15,906.9,879.1,901.65,118962375.9,1074.0,775.1,107587600946.09,2026-08-12 16:00:27,0,8.79,-2.72,12-Aug-2025,10-Jul-2026,17.13221601489758,-14.823893691136627,,,ASAHI INDIA GLASS LIMITED,-1.29
0,HEXTEQN,13.75,HEXT,EQ,N,578.9,209205,565.05,579.4,552.5,565.15,117604590.75,829.4,400.2,85638107350.25,2026-08-12 16:00:27,0,-18.05,5.21,12-Aug-2025,10-Jul-2026,30.20255606462503,-44.652673663168414,,,HEXAWARE TECHNOLOGIES LIMITED,2.43
0,AXISCADESEQN,8.3,AXISCADES,EQ,N,1553.8,75360,1531.0,1575.0,1531.0,1545.5,117033326.4,2211.0,1063.3,27721959598.18,2026-08-12 16:00:27,0,28.49,-3.09,12-Aug-2025,10-Jul-2026,29.724106739032113,-46.129972726417755,,,AXISCADES TECHNOLOGIES LIMITED,0.54
0,DBLEQN,-8.2,DBL,EQ,N,414.0,280623,422.3,423.8,411.6,422.2,116562375.51,585.0,381.55,24787397937.55,2026-08-12 16:00:27,0,-13.5,-2.89,12-Aug-2025,10-Jul-2026,29.23076923076923,-8.504783121478182,,,DILIP BUILDCON LIMITED,-1.94
0,CESCEQN,1.2,CESC,EQ,N,162.21,720532,160.96,162.84,160.4,161.01,116365918.0,204.5,138.12,101989946233.54,2026-08-12 16:00:27,0,-1.58,-1.05,12-Aug-2025,10-Jul-2026,20.679706601466993,-17.441355343179843,,,CESC LIMITED,0.75
0,SUNTVEQN,-6.7,SUNTV,EQ,N,477.0,242137,485.0,487.8,475.85,483.7,116119219.72,660.7,475.85,46992147216.27,2026-08-12 16:00:27,0,-17.32,-4.54,12-Aug-2025,10-Jul-2026,27.803844407446647,-0.24167279604917516,,,SUN TV NETWORK LIMITED,-1.39
0,CAMPUSEQN,0.17,CAMPUS,EQ,N,218.99,530672,218.99,220.1,217.1,218.82,115760790.08,297.0,215.2,18672266515.87,2026-08-12 16:00:27,0,-16.3,-5.24,12-Aug-2025,10-Jul-2026,26.265993265993266,-1.7611524163568772,,,CAMPUS ACTIVEWEAR LIMITED,0.08
0,TIPSMUSICEQN,5.5,TIPSMUSIC,EQ,N,674.6,171365,677.0,680.35,666.4,669.1,115508578.25,741.0,481.15,30773200240.99,2026-08-12 16:00:27,0,15.2,-5.19,12-Aug-2025,10-Jul-2026,8.960863697705802,-40.20575704042398,,,TIPS MUSIC LIMITED,0.82
0,SHARDACROPEQN,-7.6,SHARDACROP,EQ,N,798.8,142876,803.3,808.85,795.05,806.4,114532259.12,1297.0,755.55,18145314125.4,2026-08-12 16:00:27,0,-18.45,-12.68,12-Aug-2025,10-Jul-2026,38.41171935235158,-5.724306796373503,,,SHARDA CROPCHEM LIMITED,-0.94
0,MEDPLUSEQN,-7.15,MEDPLUS,EQ,N,672.0,166414,680.0,690.5,672.0,679.15,113103275.1,1022.2,653.0,48230651235.9,2026-08-12 16:00:27,0,-17.56,-18.65,12-Aug-2025,10-Jul-2026,34.259440422617885,-2.909647779479326,,,MEDPLUS HEALTH SERVICES LIMITED,-1.05
0,ELECTCASTEQN,0.41,ELECTCAST,EQ,N,73.97,1539684,73.6,74.3,71.92,73.56,112643281.44,108.71,60.15,22497282913.42,2026-08-12 16:00:27,0,-26.59,-4.27,12-Aug-2025,10-Jul-2026,31.95658173121148,-22.975893599334995,,,ELECTROSTEEL CASTINGS LIMITED,0.56
0,ALIVUSEQN,-38.8,ALIVUS,EQ,N,1354.8,82193,1393.6,1398.9,1346.2,1393.6,112301939.76,1418.0,819.0,41580693468.51,2026-08-12 16:00:27,0,41.17,16.78,12-Aug-2025,10-Jul-2026,4.456981664315938,-65.42124542124542,,,ALIVUS LIFE SCIENCES LIMITED,-2.78
0,NUVOCOEQN,1.95,NUVOCO,EQ,N,333.2,338524,331.25,334.65,326.4,331.25,111858485.32,477.5,276.25,33299462639.57,2026-08-12 16:00:27,0,-26.05,4.06,12-Aug-2025,10-Jul-2026,30.219895287958114,-20.615384615384617,,,NUVOCO VISTAS CORPORATION LIMITED,0.59
0,JUSTDIALEQN,-11.45,JUSTDIAL,EQ,N,683.5,160462,700.95,707.65,673.6,694.95,111145608.92,878.6,480.5,15022158344.58,2026-08-12 16:00:27,0,-17.78,21.18,12-Aug-2025,10-Jul-2026,22.20578192579103,-42.24765868886576,,,JUST DIAL LIMITED,-1.65
0,ZYDUSWELLEQN,-0.1,ZYDUSWELL,EQ,N,506.0,217895,507.95,512.0,501.95,506.1,110801786.45,611.85,367.55,48553414278.97,2026-08-12 16:00:27,0,30.32,-14.59,12-Aug-2025,10-Jul-2026,17.299991828062435,-37.668344442932934,,,ZYDUS WELLNESS LIMITED,-0.02
0,INDIAGLYCOEQN,-23.2,INDIAGLYCO,EQ,N,1049.9,103709,1077.0,1085.0,1044.0,1073.1,109890056.4,1222.0,792.5,23484484542.19,2026-08-12 16:00:27,0,22.34,-1.67,12-Aug-2025,10-Jul-2026,14.083469721767594,-32.4794952681388,,,INDIA GLYCOLS LIMITED,-2.16
0,JSWCEMENTEQN,-0.94,JSWCEMENT,EQ,N,130.58,836481,131.52,132.45,130.2,131.52,109403349.99,162.15,106.65,34730808126.49,2026-08-12 16:00:27,0,0.0,-5.53,,10-Jul-2026,19.46962688868332,-22.437880918893576,,,JSW CEMENT LIMITED,-0.71
0,IOBEQN,-0.31,IOB,EQ,N,33.9,3192118,34.3,34.51,33.71,34.21,108978908.52,41.8,31.2,49360697767.73,2026-08-12 16:00:27,0,-6.3,-1.97,12-Aug-2025,10-Jul-2026,18.89952153110048,-8.653846153846153,,,INDIAN OVERSEAS BANK,-0.91
0,HOMEFIRSTEQN,8.9,HOMEFIRST,EQ,N,1184.9,91800,1173.7,1187.0,1167.3,1176.0,108256068.0,1375.0,893.7,113991737368.28,2026-08-12 16:00:27,0,-4.21,-3.09,12-Aug-2025,10-Jul-2026,13.825454545454546,-32.58364104285555,,,HOME FIRST FINANCE COMPANY INDIA LIMITED,0.76
0,SAMHIEQN,-0.33,SAMHI,EQ,N,164.48,655222,164.81,166.5,164.0,164.81,108039555.58,227.0,127.0,29510929076.76,2026-08-12 16:00:27,0,-24.75,-4.97,12-Aug-2025,10-Jul-2026,27.54185022026432,-29.511811023622048,,,SAMHI HOTELS LIMITED,-0.2
0,CCLEQN,6.5,CCL,EQ,N,1130.1,93753,1123.9,1140.0,1122.0,1123.6,105940890.0,1242.2,815.5,79569669431.2,2026-08-12 16:00:27,0,30.89,-6.91,12-Aug-2025,10-Jul-2026,9.024311705039446,-38.57755977927652,,,CCL PRODUCTS (INDIA) LIMITED,0.58
0,TARCEQN,-0.93,TARC,EQ,N,128.05,816652,126.65,132.9,126.65,128.98,105821766.16,186.3,109.1,12802869227.43,2026-08-12 16:00:27,0,-22.29,3.09,12-Aug-2025,10-Jul-2026,31.266774020397207,-17.369385884509626,,,TARC LIMITED,-0.72
0,TARCEQN,-0.93,TARC,EQ,N,128.05,816652,126.65,132.9,126.65,128.98,105821766.16,186.3,109.1,12802869227.43,2026-08-12 16:00:27,0,-22.29,3.09,12-Aug-2025,10-Jul-2026,31.266774020397207,-17.369385884509626,,,ANANT RAJ GLOBAL LIMITED,-0.72
0,RATNAMANIEQN,3.5,RATNAMANI,EQ,N,2258.5,46513,2255.0,2300.0,2223.0,2255.0,105366364.03,3345.0,1936.5,59257638688.84,2026-08-12 16:00:27,0,-3.3,-16.16,12-Aug-2025,10-Jul-2026,32.4813153961136,-16.627936999741802,,,RATNAMANI METALS & TUBES LIMITED,0.16
0,IGILEQN,-2.2,IGIL,EQ,N,345.0,301469,351.5,351.95,339.9,347.2,103470190.18,392.0,287.0,34956239621.45,2026-08-12 16:00:27,0,3.22,-0.55,12-Aug-2025,10-Jul-2026,11.989795918367347,-20.209059233449477,,,INTERNATIONAL GEMOLOGICAL INSTITUTE LIMITED,-0.63
0,STAREQN,-12.8,STAR,EQ,N,990.0,101431,1004.0,1009.9,990.0,1002.8,101551702.89,1231.0,768.65,65538922539.5,2026-08-12 16:00:27,0,21.32,-8.55,12-Aug-2025,10-Jul-2026,19.57757920389927,-28.797241917647824,,,STRIDES PHARMA SCIENCE LIMITED,-1.28
0,AURIONPROEQN,-7.15,AURIONPRO,EQ,N,720.0,140242,728.4,729.0,710.25,727.15,100839607.68,1507.0,710.25,23310072803.57,2026-08-12 16:00:27,0,-47.75,-16.06,12-Aug-2025,10-Jul-2026,52.222959522229594,-1.3727560718057021,,,AURIONPRO SOLUTIONS LIMITED,-0.98
0,ZFCVINDIAEQN,-2.7,ZFCVINDIA,EQ,N,2612.3,38354,2615.0,2644.7,2605.3,2615.0,100816940.86,3044.0,2050.33,118087602061.95,2026-08-12 16:00:27,0,13.88,11.93,12-Aug-2025,10-Jul-2026,14.181997371879106,-27.40875859008062,,,ZF COMMERCIAL VEHICLE CONTROL SYSTEMS INDIA LIMITED,-0.1
0,RITESEQN,-3.17,RITES,EQ,N,223.5,447470,226.74,228.0,222.58,226.67,100582306.6,280.9,175.0,29858239256.58,2026-08-12 16:00:27,0,-10.2,-1.38,12-Aug-2025,10-Jul-2026,20.43431826272695,-27.714285714285715,,,RITES LIMITED,-1.4
0,IONEXCHANGEQN,-2.9,IONEXCHANG,EQ,N,378.0,266067,381.0,381.55,375.0,380.9,100493505.9,486.0,312.7,31723194937.41,2026-08-12 16:00:27,0,-14.02,-19.28,12-Aug-2025,10-Jul-2026,22.22222222222222,-20.882635113527343,,,ION EXCHANGE (INDIA) LIMITED,-0.76
0,AAVASEQN,7.9,AAVAS,EQ,N,1404.7,70390,1396.8,1433.3,1388.1,1396.8,99613816.3,1771.9,1060.4,55841381685.95,2026-08-12 16:00:27,0,-18.69,-7.94,12-Aug-2025,10-Jul-2026,20.723517128506124,-32.468879668049794,,,AAVAS FINANCIERS LIMITED,0.57
0,RAINBOWEQN,-25.3,RAINBOW,EQ,N,1478.8,66397,1514.0,1516.4,1472.2,1504.1,98997927.0,1610.0,1084.0,73529267473.72,2026-08-12 16:00:27,0,-3.82,0.57,12-Aug-2025,10-Jul-2026,8.149068322981366,-36.420664206642066,,,RAINBOW CHILDRENS MEDICARE LIMITED,-1.68
0,BLACKBUCKEQN,-0.5,BLACKBUCK,EQ,N,571.0,174316,573.95,573.95,557.7,571.5,98626249.64,748.0,496.0,59735458731.26,2026-08-12 16:00:27,0,9.78,-1.36,12-Aug-2025,10-Jul-2026,23.663101604278076,-15.120967741935484,,,BLACKBUCK LIMITED,-0.09
0,OPTIEMUSEQN,16.05,OPTIEMUS,EQ,N,560.0,179725,541.0,564.0,536.4,543.95,98625891.0,713.0,288.0,13085923505.11,2026-08-12 16:00:27,0,-2.23,3.5,12-Aug-2025,10-Jul-2026,21.458625525946704,-94.44444444444444,,,OPTIEMUS INFRACOM LIMITED,2.95
0,GAELEQN,-3.87,GAEL,EQ,N,165.0,583895,169.0,169.7,165.0,168.87,97411202.85,184.03,101.2,22575918953.16,2026-08-12 16:00:27,0,59.34,6.94,12-Aug-2025,10-Jul-2026,10.340705319784817,-63.04347826086956,,,GUJARAT AMBUJA EXPORTS LIMITED,-2.29
0,PRAJINDEQN,-5.8,PRAJIND,EQ,N,324.1,296523,329.9,332.5,324.0,329.9,96716906.91,451.85,273.0,39898554409.51,2026-08-12 16:00:27,0,-21.64,-8.91,12-Aug-2025,10-Jul-2026,28.272656855151045,-18.71794871794872,,,PRAJ INDUSTRIES LIMITED,-1.76
0,MASTEKEQN,5.4,MASTEK,EQ,N,1818.0,53013,1812.6,1831.0,1793.2,1812.6,96298114.5,2625.0,1334.2,28858945533.51,2026-08-12 16:00:27,0,-27.73,8.21,12-Aug-2025,10-Jul-2026,30.742857142857144,-36.2614300704542,,,MASTEK LIMITED,0.3
0,VAIBHAVGBLEQN,-3.2,VAIBHAVGBL,EQ,N,232.95,410352,236.2,238.4,231.25,237.65,95845916.64,293.25,174.13,14022201625.36,2026-08-12 16:00:27,0,7.53,-10.87,12-Aug-2025,10-Jul-2026,20.562659846547316,-33.779360248090505,,,VAIBHAV GLOBAL LIMITED,-1.36
0,AVLEQN,4.9,AVL,EQ,N,621.0,155701,615.0,622.0,604.9,616.1,95483638.25,705.0,413.15,42388688323.42,2026-08-12 16:00:27,0,48.94,-2.33,12-Aug-2025,10-Jul-2026,11.914893617021276,-50.308604623018276,,,ADITYA VISION LIMITED,0.8
0,REFEXEQN,-0.95,REFEX,EQ,N,293.8,322872,297.0,297.7,291.75,294.75,95027687.04,422.0,188.0,17665138102.28,2026-08-12 16:00:27,0,-28.5,-14.78,12-Aug-2025,10-Jul-2026,30.379146919431278,-56.276595744680854,,,REFEX INDUSTRIES LIMITED,-0.32
0,3MINDIAEQN,-250.0,3MINDIA,EQ,N,35865.0,2637,36300.0,36390.0,35760.0,36115.0,94788863.64,38030.0,28730.0,101005433887.5,2026-08-12 16:00:27,0,15.6,1.4,12-Aug-2025,10-Jul-2026,5.692874046805154,-24.83466759484859,,,3M INDIA LIMITED,-0.69
0,ALKYLAMINEEQN,-53.5,ALKYLAMINE,EQ,N,1893.9,48728,1942.0,1945.9,1881.5,1947.4,93078763.76,2201.9,1212.0,26120913560.05,2026-08-12 16:00:27,0,-8.65,-3.17,12-Aug-2025,10-Jul-2026,13.987919524047413,-56.26237623762376,,,ALKYL AMINES CHEMICALS LIMITED,-2.75
0,SAREGAMAEQN,-13.8,SAREGAMA,EQ,N,515.3,178262,529.1,529.5,514.05,529.1,92630283.06,574.5,307.05,37132240735.45,2026-08-12 16:00:27,0,7.63,7.53,12-Aug-2025,10-Jul-2026,10.30461270670148,-67.82283015795473,,,SAREGAMA INDIA LIMITED,-2.61
0,KIRLOSBROSEQN,-51.9,KIRLOSBROS,EQ,N,1904.0,47986,1972.5,1972.5,1895.2,1955.9,92472860.88,2189.2,1335.0,48061889086.25,2026-08-12 16:00:27,0,1.36,-0.86,12-Aug-2025,10-Jul-2026,13.02758998720994,-42.62172284644195,,,KIRLOSKAR BROTHERS LIMITED,-2.65
0,ERISEQN,-39.4,ERIS,EQ,N,1350.9,67924,1395.0,1395.0,1341.3,1390.3,92194603.68,1820.0,1200.0,72795303386.59,2026-08-12 16:00:27,0,-19.56,-5.61,12-Aug-2025,10-Jul-2026,25.774725274725274,-12.575,,,ERIS LIFESCIENCES LIMITED,-2.83
0,GMMPFAUDLREQN,-13.3,GMMPFAUDLR,EQ,N,990.5,89832,1003.8,1008.3,988.0,1003.8,89506808.16,1324.7,735.0,33148006398.26,2026-08-12 16:00:27,0,-23.54,31.28,12-Aug-2025,10-Jul-2026,25.22835358949196,-34.76190476190476,,,GMM PFAUDLER LIMITED,-1.32
0,KANSAINEREQN,-5.02,KANSAINER,EQ,N,207.24,420252,212.97,214.03,207.1,212.26,88580716.56,264.0,157.91,41730691720.35,2026-08-12 16:00:27,0,-13.06,2.27,12-Aug-2025,10-Jul-2026,21.5,-31.23931353302514,,,KANSAI NEROLAC PAINTS LIMITED,-2.37
0,RAILTELEQN,-1.3,RAILTEL,EQ,N,286.0,309175,287.0,287.7,284.0,287.3,88377673.75,412.9,245.0,24923391805.06,2026-08-12 16:00:27,0,-17.48,-6.99,12-Aug-2025,10-Jul-2026,30.733833858077016,-16.73469387755102,,,RAILTEL CORPORATION OF INDIA LIMITED,-0.45
0,EQUITASBNKEQN,-0.25,EQUITASBNK,EQ,N,74.53,1185790,74.6,74.78,73.5,74.78,88056765.4,83.9,50.0,84964560170.4,2026-08-12 16:00:27,0,35.73,-9.38,12-Aug-2025,10-Jul-2026,11.168057210965435,-49.06,,,EQUITAS SMALL FINANCE BANK LIMITED,-0.33
0,VTLEQN,-6.0,VTL,EQ,N,590.0,145328,596.15,600.6,588.1,596.0,86215836.0,688.0,383.7,58794706048.5,2026-08-12 16:00:27,0,47.63,-7.25,12-Aug-2025,10-Jul-2026,14.244186046511627,-53.76596299192077,,,VARDHMAN TEXTILES LIMITED,-1.01
0,LXCHEMEQN,-1.59,LXCHEM,EQ,N,173.3,490815,175.35,176.46,171.93,174.89,85117137.3,241.0,107.6,14591997909.32,2026-08-12 16:00:27,0,-4.96,11.44,12-Aug-2025,10-Jul-2026,28.09128630705394,-61.059479553903344,,,LAXMI ORGANIC INDUSTRIES LIMITED,-0.91
0,SARDAENEQN,-5.85,SARDAEN,EQ,N,490.0,170619,497.35,499.75,487.9,495.85,84110048.43,639.75,453.1,44925317160.13,2026-08-12 16:00:27,0,-11.17,-2.19,12-Aug-2025,10-Jul-2026,23.40758108636186,-8.143897594350033,,,SARDA ENERGY & MINERALS LIMITED,-1.18
0,IXIGOEQN,-4.9,IXIGO,EQ,N,178.6,465902,183.95,183.95,177.67,183.5,83811110.78,339.15,151.27,39129327225.23,2026-08-12 16:00:27,0,-29.17,-13.79,12-Aug-2025,10-Jul-2026,47.338935574229694,-18.067032458517883,,,LE TRAVENUES TECHNOLOGY LIMITED,-2.67
0,BANCOINDIAEQN,-6.8,BANCOINDIA,EQ,N,627.05,132463,638.0,639.05,626.6,633.85,83479507.23,879.8,502.0,27995599440.22,2026-08-12 16:00:27,0,16.12,-8.04,12-Aug-2025,10-Jul-2026,28.728120027278926,-24.910358565737052,,,BANCO PRODUCTS (I) LIMITED,-1.07
0,TEXRAILEQN,0.91,TEXRAIL,EQ,N,108.25,773469,107.34,108.25,106.61,107.34,82985489.01,153.0,78.05,22018109598.49,2026-08-12 16:00:27,0,-22.95,-6.99,12-Aug-2025,10-Jul-2026,29.248366013071895,-38.69314541960282,,,TEXMACO RAIL & ENGINEERING LIMITED,0.85
0,UCOBANKEQN,0.03,UCOBANK,EQ,N,26.15,3124920,25.92,26.45,25.92,26.12,81935402.4,34.2,22.22,29648262395.47,2026-08-12 16:00:27,0,-7.7,-2.06,12-Aug-2025,10-Jul-2026,23.538011695906434,-17.686768676867686,,,UCO BANK,0.11
0,RAYMONDLSLEQN,-6.8,RAYMONDLSL,EQ,N,719.0,113518,729.0,729.6,712.8,725.8,81651227.04,1350.0,677.0,17273354122.53,2026-08-12 16:00:27,0,-32.16,-3.35,12-Aug-2025,10-Jul-2026,46.74074074074074,-6.203840472673559,,,RAYMOND LIFESTYLE LIMITED,-0.94
0,RTNINDIAEQN,-0.54,RTNINDIA,EQ,N,30.14,2641745,30.68,31.02,30.02,30.68,80441135.25,64.0,24.4,10429358013.56,2026-08-12 16:00:27,0,-40.41,-10.22,12-Aug-2025,10-Jul-2026,52.90625,-23.524590163934427,,,RATTANINDIA ENTERPRISES LIMITED,-1.76
0,KRBLEQN,4.45,KRBL,EQ,N,375.0,214572,370.4,376.05,366.0,370.55,79481760.24,495.0,274.65,28777296116.65,2026-08-12 16:00:27,0,-16.81,2.42,12-Aug-2025,10-Jul-2026,24.242424242424242,-36.53741125068269,,,KRBL LIMITED,1.2
0,VMARTEQN,-13.1,VMART,EQ,N,801.6,98907,814.7,815.2,795.0,814.7,79344184.47,888.0,457.9,35556316168.73,2026-08-12 16:00:27,0,7.0,3.05,12-Aug-2025,10-Jul-2026,9.72972972972973,-75.06005678095654,,,V-MART RETAIL LIMITED,-1.61
0,WAAREERTLEQN,-7.7,WAAREERTL,EQ,N,896.95,88268,903.0,904.5,894.0,904.65,79204641.76,1358.0,779.5,23040152875.78,2026-08-12 16:00:27,0,-10.58,-11.74,12-Aug-2025,10-Jul-2026,33.95066273932253,-15.067350865939705,,,WAAREE RENEWABLE TECHNOLOGIES LIMITED,-0.85
0,CSBBANKEQN,-5.55,CSBBANK,EQ,N,319.0,247247,326.05,326.2,317.0,324.55,78852013.24,574.4,315.25,31701102987.62,2026-08-12 16:00:27,0,-21.46,-11.49,12-Aug-2025,10-Jul-2026,44.46378830083565,-1.189532117367169,,,CSB BANK LIMITED,-1.71
0,ARVINDFASNEQN,-3.6,ARVINDFASN,EQ,N,443.9,174110,451.15,451.15,438.3,447.5,77106354.6,579.0,366.2,38173184304.5,2026-08-12 16:00:27,0,-13.33,-4.74,12-Aug-2025,10-Jul-2026,23.333333333333332,-21.21791370835609,,,ARVIND FASHIONS LIMITED,-0.8
0,UBLEQN,-15.1,UBL,EQ,N,1384.9,54951,1405.0,1405.5,1384.0,1400.0,76457722.38,1939.9,1276.0,99740126992.51,2026-08-12 16:00:27,0,-27.87,4.18,12-Aug-2025,10-Jul-2026,28.60972215062632,-8.53448275862069,,,UNITED BREWERIES LIMITED,-1.08
0,ROUTEEQN,-13.1,ROUTE,EQ,N,517.0,146149,531.05,531.15,515.7,530.1,76351160.58,921.6,410.7,8191486077.1,2026-08-12 16:00:27,0,-40.09,-5.35,12-Aug-2025,10-Jul-2026,43.90190972222222,-25.88263939615291,,,ROUTE MOBILE LIMITED,-2.47
0,SJVNEQN,-0.23,SJVN,EQ,N,67.01,1127777,67.25,67.47,66.96,67.24,75741503.32,101.45,63.02,47796986817.28,2026-08-12 16:00:27,0,-31.62,-5.46,12-Aug-2025,10-Jul-2026,33.947757516017745,-6.331323389400191,,,SJVN LIMITED,-0.34
0,BIKAJIEQN,-10.85,BIKAJI,EQ,N,609.0,122851,619.95,621.35,606.15,619.85,75275721.74,818.7,592.55,39842389563.13,2026-08-12 16:00:27,0,-15.44,-5.33,12-Aug-2025,10-Jul-2026,25.613777940637597,-2.7761370348493797,,,BIKAJI FOODS INTERNATIONAL LIMITED,-1.75
0,GILLETTEEQN,-56.5,GILLETTE,EQ,N,7585.0,9849,7660.0,7660.0,7581.5,7641.5,74841369.12,10740.0,7206.0,61514629912.89,2026-08-12 16:00:27,0,-27.06,-3.31,12-Aug-2025,10-Jul-2026,29.376163873370576,-5.259505967249514,,,GILLETTE INDIA LIMITED,-0.74
0,SOBHAEQN,-8.1,SOBHA,EQ,N,1334.0,55797,1355.0,1355.0,1327.0,1342.1,74583291.93,1732.0,1130.0,59233876930.28,2026-08-12 16:00:27,0,-11.55,-11.73,12-Aug-2025,10-Jul-2026,22.97921478060046,-18.053097345132745,,,SOBHA LIMITED,-0.6
0,CANFINHOMEEQN,-5.9,CANFINHOME,EQ,N,820.0,89754,826.0,826.85,817.1,825.9,73768812.6,971.5,708.6,68909514139.92,2026-08-12 16:00:27,0,10.37,-11.01,12-Aug-2025,10-Jul-2026,15.594441585177561,-15.72114027660175,,,CAN FIN HOMES LIMITED,-0.71
0,RTNPOWEREQN,-0.1,RTNPOWER,EQ,N,8.44,8677132,8.54,8.58,8.43,8.54,73495308.04,12.9,7.52,22587969108.86,2026-08-12 16:00:27,0,-29.08,-6.12,12-Aug-2025,10-Jul-2026,34.57364341085271,-12.23404255319149,,,RATTANINDIA POWER LIMITED,-1.17
0,ABRELEQN,-22.8,ABREL,EQ,N,1378.0,52933,1419.3,1419.4,1371.1,1400.8,73294737.11,1965.3,1080.1,71943103492.85,2026-08-12 16:00:27,0,-24.24,-4.77,12-Aug-2025,10-Jul-2026,29.883478349361422,-27.580779557448384,,,ADITYA BIRLA REAL ESTATE LIMITED,-1.63
0,CHAMBLFERTEQN,-1.4,CHAMBLFERT,EQ,N,442.95,165429,444.3,444.95,441.35,444.35,73233764.01,580.7,399.75,65709115450.06,2026-08-12 16:00:27,0,-17.46,-2.38,12-Aug-2025,10-Jul-2026,23.721370759428275,-10.806754221388367,,,CHAMBAL FERTILIZERS & CHEMICALS LIMITED,-0.32
0,FIRSTCRYEQN,0.72,FIRSTCRY,EQ,N,214.8,341283,215.05,216.39,213.33,214.08,73181313.69,438.7,202.56,48352918749.27,2026-08-12 16:00:27,0,-42.74,1.2,12-Aug-2025,10-Jul-2026,51.037155231365396,-6.042654028436019,,,BRAINBEES SOLUTIONS LIMITED,0.34
0,PRSMJOHNSNEQN,-2.49,PRSMJOHNSN,EQ,N,106.1,685755,109.46,110.5,105.4,108.59,73142628.3,176.0,97.1,12946287546.25,2026-08-12 16:00:27,0,-24.7,-5.86,12-Aug-2025,10-Jul-2026,39.71590909090909,-9.268795056642636,,,PRISM JOHNSON LIMITED,-2.29
0,WAKEFITEQN,-1.36,WAKEFIT,EQ,N,123.12,589186,125.03,126.0,122.2,124.48,72664309.38,224.0,111.4,12149790336.39,2026-08-12 16:00:27,0,0.0,-5.15,,10-Jul-2026,45.035714285714285,-10.52064631956912,,,WAKEFIT INNOVATIONS LIMITED,-1.09
0,MAHSEAMLESEQN,15.05,MAHSEAMLES,EQ,N,610.05,118552,597.75,612.05,592.9,595.0,71482113.92,698.0,500.7,23631040631.28,2026-08-12 16:00:27,0,-10.28,1.95,12-Aug-2025,10-Jul-2026,12.600286532951289,-21.839424805272618,,,MAHARASHTRA SEAMLESS LIMITED,2.53
0,KSBEQN,-23.95,KSB,EQ,N,787.9,89522,811.85,814.45,785.05,811.85,71120752.9,1028.3,666.65,41171794681.26,2026-08-12 16:00:27,0,-0.34,-16.2,12-Aug-2025,10-Jul-2026,23.37839151998444,-18.187954698867472,,,KSB LIMITED,-2.95
0,KSCLEQN,-14.0,KSCL,EQ,N,785.0,89601,808.95,808.95,781.1,799.0,71041048.86,1225.0,705.1,15622813848.03,2026-08-12 16:00:27,0,-28.94,-9.76,12-Aug-2025,10-Jul-2026,35.91836734693877,-11.33172599631258,,,KAVERI SEED COMPANY LIMITED,-1.75
0,STYRENIXEQN,-13.6,STYRENIX,EQ,N,2216.9,31884,2260.0,2260.0,2203.1,2230.5,70942218.84,2804.0,1780.0,20806911694.33,2026-08-12 16:00:27,0,-19.22,-2.4,12-Aug-2025,10-Jul-2026,20.937945791726104,-24.54494382022472,,,STYRENIX PERFORMANCE MATERIALS LIMITED,-0.61
0,WELENTEQN,-1.95,WELENT,EQ,N,570.35,122967,574.5,579.5,568.0,572.3,70495751.43,634.9,412.0,28572711204.55,2026-08-12 16:00:27,0,28.05,-7.11,12-Aug-2025,10-Jul-2026,10.166955426051347,-38.43446601941748,,,WELSPUN ENTERPRISES LIMITED,-0.34
0,NETWORK18EQN,-0.41,NETWORK18,EQ,N,28.73,2435163,29.09,29.12,28.57,29.14,70083991.14,58.55,27.38,18740001113.69,2026-08-12 16:00:27,0,-48.87,-7.83,12-Aug-2025,10-Jul-2026,50.930828351836034,-4.930606281957633,,,NETWORK18 MEDIA & INVESTMENTS LIMITED,-1.41
0,IIFLCAPSEQN,3.2,IIFLCAPS,EQ,N,338.0,207047,334.8,338.0,333.9,334.8,69282067.14,411.3,240.4,40053568705.91,2026-08-12 16:00:27,0,11.29,-0.09,12-Aug-2025,10-Jul-2026,17.821541453926574,-40.59900166389351,,,IIFL CAPITAL SERVICES LIMITED,0.96
0,FINPIPEEQN,-1.48,FINPIPE,EQ,N,161.18,422174,162.8,163.74,161.1,162.66,68311974.94,222.5,147.54,45055114740.41,2026-08-12 16:00:27,0,-15.74,-4.87,12-Aug-2025,10-Jul-2026,27.559550561797753,-9.244950521892369,,,FINOLEX INDUSTRIES LIMITED,-0.91
0,KITEXEQN,1.01,KITEX,EQ,N,135.0,503454,133.99,135.68,132.01,133.99,67251385.32,232.7,132.01,11431391895.0,2026-08-12 16:00:27,0,-20.94,-11.97,12-Aug-2025,10-Jul-2026,41.98538891276321,-2.2649799257631997,,,KITEX GARMENTS LIMITED,0.75
0,ORKLAINDIAEQN,-4.1,ORKLAINDIA,EQ,N,550.9,121851,554.85,556.6,543.7,555.0,66974183.64,760.0,533.25,12575051863.68,2026-08-12 16:00:27,0,0.0,-7.14,,10-Jul-2026,27.513157894736842,-3.3098921706516644,,,ORKLA INDIA LIMITED,-0.74
0,ITIEQN,-2.5,ITI,EQ,N,283.0,234439,284.0,289.4,282.25,285.5,66777604.76,372.85,237.0,27186038631.57,2026-08-12 16:00:27,0,-6.48,-2.5,12-Aug-2025,10-Jul-2026,24.09816280005364,-19.40928270042194,,,ITI LIMITED,-0.88
0,GMRP&UIEQN,1.13,GMRP&UI,EQ,N,96.95,689644,95.82,97.4,95.0,95.82,66371338.56,136.95,89.0,28137573169.92,2026-08-12 16:00:27,0,-17.19,-1.8,12-Aug-2025,10-Jul-2026,29.207740051113547,-8.932584269662922,,,GMR POWER AND URBAN INFRA LIMITED,1.18
0,HERITGFOODEQN,-2.6,HERITGFOOD,EQ,N,360.0,184769,365.0,365.0,353.7,362.6,66189798.87,540.0,292.55,15258847158.72,2026-08-12 16:00:27,0,-23.42,6.94,12-Aug-2025,10-Jul-2026,33.333333333333336,-23.055887882413263,,,HERITAGE FOODS LIMITED,-0.72
0,RCFEQN,-1.47,RCF,EQ,N,124.08,523390,125.55,126.07,124.0,125.55,65198692.3,164.49,106.0,17084203688.28,2026-08-12 16:00:27,0,-14.76,-5.57,12-Aug-2025,10-Jul-2026,24.566842969177458,-17.056603773584907,,,RASHTRIYA CHEMICALS AND FERTILIZERS LIMITED,-1.17
0,CHALETEQN,2.8,CHALET,EQ,N,824.0,79279,817.2,827.0,811.8,821.2,65099950.85,1070.1,691.35,58701123461.12,2026-08-12 16:00:27,0,-5.88,-1.88,12-Aug-2025,10-Jul-2026,22.997850668161853,-19.187097707384105,,,CHALET HOTELS LIMITED,0.34
0,SMARTWORKSEQN,12.1,SMARTWORKS,EQ,N,490.2,133870,491.5,494.5,470.1,478.1,64896159.9,619.0,361.5,14547246954.85,2026-08-12 16:00:27,0,5.23,5.26,12-Aug-2025,10-Jul-2026,20.807754442649436,-35.601659751037346,,,SMARTWORKS COWORKING SPACES LIMITED,2.53
0,CRAMCEQN,1.15,CRAMC,EQ,N,257.8,249804,257.0,259.85,255.65,256.65,64466918.28,353.4,214.2,12852247595.35,2026-08-12 16:00:27,0,0.0,1.71,,10-Jul-2026,27.05149971703452,-20.354808590102706,,,CANARA ROBECO ASSET MANAGEMENT COMPANY LIMITED,0.45
0,AWFISEQN,7.35,AWFIS,EQ,N,274.0,230792,267.0,275.0,264.0,266.65,62403848.88,639.4,229.05,13510441365.2,2026-08-12 16:00:27,0,-52.26,-9.63,12-Aug-2025,10-Jul-2026,57.147325617766654,-19.624536127483083,,,AWFIS SPACE SOLUTIONS LIMITED,2.76
0,MGLEQN,-19.3,MGL,EQ,N,1115.0,55339,1138.0,1138.0,1114.0,1134.3,62304519.93,1378.0,900.0,63323836608.02,2026-08-12 16:00:27,0,-17.82,-1.0,12-Aug-2025,10-Jul-2026,19.085631349782293,-23.88888888888889,,,MAHANAGAR GAS LIMITED,-1.7
0,WEWORKEQN,-10.5,WEWORK,EQ,N,709.45,85704,717.0,724.15,704.05,719.95,60910689.84,794.5,420.0,34490379084.81,2026-08-12 16:00:27,0,0.0,-3.09,,10-Jul-2026,10.704845814977974,-68.91666666666667,,,WEWORK INDIA MANAGEMENT LIMITED,-1.46
0,GRINDWELLEQN,22.2,GRINDWELL,EQ,N,2103.0,28826,2079.0,2127.6,2079.0,2080.8,60891754.14,2455.0,1329.0,97040830654.08,2026-08-12 16:00:27,0,41.15,2.16,12-Aug-2025,10-Jul-2026,14.338085539714868,-58.239277652370205,,,GRINDWELL NORTON LIMITED,1.07
0,RENUKAEQN,-0.22,RENUKA,EQ,N,21.97,2750061,22.21,22.25,21.9,22.19,60638845.05,33.5,21.05,17462490280.73,2026-08-12 16:00:27,0,-22.23,-3.34,12-Aug-2025,10-Jul-2026,34.417910447761194,-4.370546318289787,,,SHREE RENUKA SUGARS LIMITED,-0.99
0,JLHLEQN,-5.75,JLHL,EQ,N,306.8,195568,312.55,316.5,302.65,312.55,60557631.2,340.0,235.6,57156925413.47,2026-08-12 16:00:27,0,8.17,5.37,12-Aug-2025,10-Jul-2026,9.764705882352942,-30.220713073005093,,,JUPITER LIFE LINE HOSPITALS LIMITED,-1.84
0,ACIEQN,-5.75,ACI,EQ,N,507.8,117980,513.65,514.4,504.3,513.55,59999908.8,727.6,483.0,29129541786.64,2026-08-12 16:00:27,0,-22.08,-3.73,12-Aug-2025,10-Jul-2026,30.208905992303464,-5.134575569358178,,,ARCHEAN CHEMICAL INDUSTRIES LIMITED,-1.12
0,SKFINDIAEQN,7.3,SKFINDIA,EQ,N,1530.0,38956,1527.2,1545.0,1510.0,1522.7,59418807.68,5074.0,1404.0,35433899624.38,2026-08-12 16:00:27,0,-65.87,-2.66,12-Aug-2025,10-Jul-2026,69.84627512810405,-8.974358974358974,,,SKF INDIA LIMITED,0.48
0,GODIGITEQN,-3.15,GODIGIT,EQ,N,262.05,221410,266.9,266.9,260.35,265.2,58124553.2,381.4,244.2,62904879632.42,2026-08-12 16:00:27,0,-27.48,-16.01,12-Aug-2025,10-Jul-2026,31.29260618772942,-7.30958230958231,,,GO DIGIT GENERAL INSURANCE LIMITED,-1.19
0,CANHLIFEEQN,-1.45,CANHLIFE,EQ,N,147.9,388552,149.0,150.29,146.91,149.35,57591177.44,166.69,106.0,34754192760.0,2026-08-12 16:00:27,0,0.0,2.69,,10-Jul-2026,11.272421860939469,-39.528301886792455,,,CANARA HSBC LIFE INSURANCE COMPANY LIMITED,-0.97
0,REDTAPEEQN,-0.96,REDTAPE,EQ,N,126.63,455948,128.61,128.61,124.5,127.59,57326342.04,163.5,107.53,18813324599.88,2026-08-12 16:00:27,0,4.72,-6.62,12-Aug-2025,10-Jul-2026,22.55045871559633,-17.76248488793825,,,REDTAPE LIMITED,-0.75
0,ETHOSLTDEQN,-27.8,ETHOSLTD,EQ,N,2801.5,19720,2829.9,2853.9,2768.1,2829.3,55284231.2,3245.9,1919.4,37040738464.44,2026-08-12 16:00:27,0,0.97,13.08,12-Aug-2025,10-Jul-2026,13.691118025817184,-45.95706991768261,,,ETHOS LIMITED,-0.98
0,ABLBLEQN,-0.98,ABLBL,EQ,N,90.5,602100,91.45,92.49,90.02,91.48,54754974.0,151.33,87.91,52399905945.96,2026-08-12 16:00:27,0,-32.72,-5.29,12-Aug-2025,10-Jul-2026,40.19692063701844,-2.9461949721305882,,,ADITYA BIRLA LIFESTYLE BRANDS LIMITED,-1.07
0,STYLEQN,-0.95,STYL,EQ,N,411.5,133168,412.45,417.9,402.35,412.45,54608201.76,437.45,209.11,11824425683.99,2026-08-12 16:00:27,0,0.0,14.46,,10-Jul-2026,5.932106526460167,-96.78638037396586,,,SESHAASAI TECHNOLOGIES LIMITED,-0.23
0,CERAEQN,-94.5,CERA,EQ,N,5890.0,9233,6007.0,6033.5,5872.5,5984.5,54496120.56,6740.0,4461.1,33889346704.84,2026-08-12 16:00:27,0,-7.33,-6.71,12-Aug-2025,10-Jul-2026,12.611275964391691,-32.03021676268185,,,CERA SANITARYWARE LIMITED,-1.58
0,DOMSEQN,6.3,DOMS,EQ,N,2238.1,24235,2231.8,2247.0,2219.3,2231.8,54164740.3,2770.0,2023.9,40219739929.97,2026-08-12 16:00:27,0,-7.58,-5.81,12-Aug-2025,10-Jul-2026,19.20216606498195,-10.583526854093583,,,DOMS INDUSTRIES LIMITED,0.28
0,HONAUTEQN,-415.0,HONAUT,EQ,N,37520.0,1435,38000.0,38195.0,37520.0,37935.0,54091908.85,41495.0,26220.0,82380816991.03,2026-08-12 16:00:27,0,5.44,-1.72,12-Aug-2025,10-Jul-2026,9.579467405711531,-43.09687261632342,,,HONEYWELL AUTOMATION INDIA LIMITED,-1.09
0,PRUDENTEQN,-61.4,PRUDENT,EQ,N,3340.0,15772,3404.0,3429.9,3340.0,3401.4,53347370.52,3434.0,2121.0,58622441344.7,2026-08-12 16:00:27,0,27.3,11.96,12-Aug-2025,10-Jul-2026,2.7373325567850904,-57.472890146157475,,,PRUDENT CORPORATE ADVISORY SERVICES LIMITED,-1.81
0,TEGAEQN,-13.1,TEGA,EQ,N,1634.0,31706,1656.5,1662.9,1621.0,1647.1,51688389.44,2125.0,1473.0,26928584852.9,2026-08-12 16:00:27,0,-9.74,-2.1,12-Aug-2025,10-Jul-2026,23.105882352941176,-10.930074677528852,,,TEGA INDUSTRIES LIMITED,-0.8
0,GODREJAGROEQN,3.9,GODREJAGRO,EQ,N,550.3,92807,552.4,554.85,546.15,546.4,51084685.08,822.25,506.1,26219289960.8,2026-08-12 16:00:27,0,-29.97,-2.11,12-Aug-2025,10-Jul-2026,33.07388263910003,-8.733451886978857,,,GODREJ AGROVET LIMITED,0.71
0,HEMIPROPEQN,-2.22,HEMIPROP,EQ,N,134.7,375144,135.5,136.89,133.8,136.92,50663197.2,190.69,111.2,12454321590.0,2026-08-12 16:00:27,0,-0.29,-3.04,12-Aug-2025,10-Jul-2026,29.36179138916566,-21.133093525179856,,,HEMISPHERE PROPERTIES INDIA LIMITED,-1.62
0,WESTLIFEEQN,11.55,WESTLIFE,EQ,N,595.0,83844,583.45,599.1,571.3,583.45,49410107.64,775.0,398.4,39981042762.86,2026-08-12 16:00:27,0,-11.12,17.22,12-Aug-2025,10-Jul-2026,23.225806451612904,-49.34738955823293,,,WESTLIFE FOODWORLD LIMITED,1.98
0,SAATVIKGLEQN,6.4,SAATVIKGL,EQ,N,433.1,112853,434.7,444.7,430.05,426.7,49170052.1,567.0,328.0,8384430085.91,2026-08-12 16:00:27,0,0.0,-3.58,,10-Jul-2026,23.61552028218695,-32.042682926829265,,,SAATVIK GREEN ENERGY LIMITED,1.5
0,TRAVELFOODEQN,0.2,TRAVELFOOD,EQ,N,1389.2,35161,1399.0,1404.4,1379.4,1389.0,48998963.16,1470.9,1035.3,25259587253.54,2026-08-12 16:00:27,0,20.13,6.01,12-Aug-2025,10-Jul-2026,5.554422462437963,-34.18332850381532,,,TRAVEL FOOD SERVICES LIMITED,0.01
0,INDIACEMEQN,-0.3,INDIACEM,EQ,N,383.5,124919,385.0,390.0,383.35,383.8,48349898.95,485.8,342.35,26305279920.99,2026-08-12 16:00:27,0,3.99,0.79,12-Aug-2025,10-Jul-2026,21.05804857966241,-12.019862713597195,,,THE INDIA CEMENTS LIMITED,-0.08
0,TRIDENTEQN,-0.13,TRIDENT,EQ,N,24.7,1954051,24.83,24.91,24.61,24.83,48284600.21,30.94,21.98,30780904839.21,2026-08-12 16:00:27,0,-11.47,-3.1,12-Aug-2025,10-Jul-2026,20.168067226890756,-12.374886260236579,,,TRIDENT LIMITED,-0.52
0,DCMSHRIRAMEQN,-15.0,DCMSHRIRAM,EQ,N,992.0,47991,1010.0,1013.0,991.0,1007.0,48087941.82,1414.4,945.1,39204601816.19,2026-08-12 16:00:27,0,-26.17,-5.96,12-Aug-2025,10-Jul-2026,29.86425339366516,-4.962437837265898,,,DCM SHRIRAM LIMITED,-1.49
0,CRIZACEQN,-4.28,CRIZAC,EQ,N,181.05,259977,185.4,186.26,180.01,185.33,47227421.82,387.95,173.35,6355219715.72,2026-08-12 16:00:27,0,-39.87,-9.48,12-Aug-2025,10-Jul-2026,53.33161489882717,-4.4418805884049615,,,CRIZAC LIMITED,-2.31
0,NIVABUPAEQN,-1.97,NIVABUPA,EQ,N,83.5,552981,85.01,85.63,83.5,85.47,46721364.69,91.4,67.5,51562315560.96,2026-08-12 16:00:27,0,3.3,-3.48,12-Aug-2025,10-Jul-2026,8.643326039387308,-23.703703703703702,,,NIVA BUPA HEALTH INSURANCE COMPANY LIMITED,-2.3
0,SUNTECKEQN,-4.55,SUNTECK,EQ,N,292.0,156209,296.55,296.55,290.45,296.55,45700505.04,473.0,270.75,13943412090.18,2026-08-12 16:00:27,0,-23.73,-10.76,12-Aug-2025,10-Jul-2026,38.266384778012686,-7.848568790397045,,,SUNTECK REALTY LIMITED,-1.53
0,FACTEQN,-12.4,FACT,EQ,N,816.0,52303,825.2,833.9,816.0,828.4,43105517.45,1058.6,652.1,50691670208.92,2026-08-12 16:00:27,0,-13.88,-4.62,12-Aug-2025,10-Jul-2026,22.91706026827886,-25.134181873945714,,,FERTILIZERS AND CHEMICALS TRAVANCORE LIMITED,-1.5
0,EIHOTELEQN,-4.3,EIHOTEL,EQ,N,298.05,142176,300.35,302.5,297.7,302.35,42513467.52,434.8,271.15,58890041944.72,2026-08-12 16:00:27,0,-18.23,-9.61,12-Aug-2025,10-Jul-2026,31.451241950321986,-9.920708095150285,,,EIH LIMITED,-1.42
0,TTMLEQN,-0.68,TTML,EQ,N,38.13,1103045,38.75,38.81,38.0,38.81,42301775.75,60.89,31.22,19111071735.61,2026-08-12 16:00:27,0,-35.53,-7.63,12-Aug-2025,10-Jul-2026,37.378879947446215,-22.13324791800128,,,TATA TELESERVICES (MAHARASHTRA) LIMITED,-1.75
0,SUBROSEQN,-0.6,SUBROS,EQ,N,765.0,54886,765.6,775.0,753.65,765.6,41869785.1,1213.7,622.1,14593771229.61,2026-08-12 16:00:27,0,-5.27,-6.89,12-Aug-2025,10-Jul-2026,36.96959709977754,-22.970583507474682,,,SUBROS LIMITED,-0.08
0,JKLAKSHMIEQN,-1.25,JKLAKSHMI,EQ,N,548.0,75610,551.0,553.2,547.75,549.25,41526524.2,989.8,546.05,36650691111.78,2026-08-12 16:00:27,0,-40.08,-2.36,12-Aug-2025,10-Jul-2026,44.635279854516064,-0.3571101547477337,,,JK LAKSHMI CEMENT LIMITED,-0.23
0,IFBINDEQN,-15.7,IFBIND,EQ,N,1360.0,30250,1370.5,1377.7,1347.2,1375.7,41197777.5,2019.8,883.2,13770549450.37,2026-08-12 16:00:27,0,6.19,-1.48,12-Aug-2025,10-Jul-2026,32.666600653530054,-53.98550724637681,,,IFB INDUSTRIES LIMITED,-1.14
0,BLUEDARTEQN,7.5,BLUEDART,EQ,N,5100.0,8071,5116.0,5145.5,5067.0,5092.5,41156611.72,7036.0,4628.5,30085634600.65,2026-08-12 16:00:27,0,-14.11,3.69,12-Aug-2025,10-Jul-2026,27.515633882888004,-10.186885600086422,,,BLUE DART EXPRESS LIMITED,0.15
0,TSFINVEQN,-7.55,TSFINV,EQ,N,421.25,96739,427.5,431.65,414.0,428.8,40646825.63,701.5,331.7,39517091350.43,2026-08-12 16:00:27,0,-11.23,-11.39,12-Aug-2025,10-Jul-2026,39.95010691375624,-26.997286704853785,,,TSF INVESTMENTS LIMITED,-1.76
0,DBREALTYEQN,-0.72,DBREALTY,EQ,N,113.45,346535,114.8,115.5,112.51,114.17,39217365.95,187.4,83.5,27682729191.46,2026-08-12 16:00:27,0,-38.87,-0.72,12-Aug-2025,10-Jul-2026,39.46104589114194,-35.868263473053894,,,VALOR ESTATE LIMITED,-0.63
0,SAFARIEQN,-23.2,SAFARI,EQ,N,1477.0,26166,1502.0,1507.0,1476.8,1500.2,38985246.72,2507.1,1363.1,34160421333.71,2026-08-12 16:00:27,0,-26.93,-9.45,12-Aug-2025,10-Jul-2026,41.08731203382394,-8.355953341647714,,,SAFARI INDUSTRIES (INDIA) LIMITED,-1.55
0,CENTURYPLYEQN,-11.7,CENTURYPLY,EQ,N,764.7,49860,776.4,776.4,761.1,776.4,38177802.0,859.0,618.5,47691757654.88,2026-08-12 16:00:27,0,5.67,-3.2,12-Aug-2025,10-Jul-2026,10.977881257275902,-23.637833468067907,,,CENTURY PLYBOARDS (INDIA) LIMITED,-1.51
0,GHCLEQN,-0.05,GHCL,EQ,N,432.2,86368,432.25,434.95,429.25,432.25,37266928.32,667.2,416.6,31061146841.99,2026-08-12 16:00:27,0,-23.48,-0.88,12-Aug-2025,10-Jul-2026,35.221822541966425,-3.744599135861738,,,GHCL LIMITED,-0.01
0,CORONAEQN,28.1,CORONA,EQ,N,2129.8,16664,2099.0,2144.9,2099.0,2101.7,35532813.84,2270.1,1336.6,13149230583.63,2026-08-12 16:00:27,0,0.0,4.26,,10-Jul-2026,6.180344478216819,-59.34460571599581,,,CORONA REMEDIES LIMITED,1.34
0,STARCEMENTEQN,2.0,STARCEMENT,EQ,N,199.98,176109,199.43,201.38,197.61,197.98,35147834.22,308.95,195.91,16416166760.12,2026-08-12 16:00:27,0,-31.19,-2.57,12-Aug-2025,10-Jul-2026,35.27107946269623,-2.077484559236384,,,STAR CEMENT LIMITED,1.01
0,VIPINDEQN,-5.9,VIPIND,EQ,N,311.0,112036,320.0,321.15,308.05,316.9,34926102.64,454.3,278.25,24860885915.66,2026-08-12 16:00:27,0,-24.69,2.64,12-Aug-2025,10-Jul-2026,31.543033237948492,-11.769991015274034,,,VIP INDUSTRIES LIMITED,-1.86
0,BIRLACORPNEQN,5.8,BIRLACORPN,EQ,N,904.0,37433,901.0,906.95,890.0,898.2,33712534.13,1346.1,769.6,25579444577.16,2026-08-12 16:00:27,0,-29.9,-6.35,12-Aug-2025,10-Jul-2026,32.84302800683456,-17.463617463617464,,,BIRLA CORPORATION LIMITED,0.65
0,ANUPEQN,-40.9,ANUP,EQ,N,1867.0,17734,1925.0,1925.0,1864.3,1907.9,33402875.7,2576.0,1422.3,22062044450.74,2026-08-12 16:00:27,0,-16.9,-13.91,12-Aug-2025,10-Jul-2026,27.523291925465838,-31.266258876467692,,,THE ANUP ENGINEERING LIMITED,-2.14
0,NESCOEQN,-12.3,NESCO,EQ,N,1036.0,31445,1050.0,1060.0,1034.0,1048.3,32766947.8,1638.9,996.0,21693908347.36,2026-08-12 16:00:27,0,-24.52,-5.73,12-Aug-2025,10-Jul-2026,36.78686924156447,-4.016064257028113,,,NESCO LIMITED,-1.17
0,INDIGOPNTSEQN,1.5,INDIGOPNTS,EQ,N,1127.0,28881,1127.0,1144.9,1116.1,1125.5,32591053.26,1345.9,708.05,24788212856.29,2026-08-12 16:00:27,0,2.54,7.09,12-Aug-2025,10-Jul-2026,16.264209822423656,-59.16955017301038,,,INDIGO PAINTS LIMITED,0.13
0,ORIENTCEMEQN,-0.13,ORIENTCEM,EQ,N,134.0,237182,134.1,134.57,132.38,134.13,31621104.24,244.37,122.32,6934031969.38,2026-08-12 16:00:27,0,-43.67,-2.86,12-Aug-2025,10-Jul-2026,45.16511846789704,-9.548724656638326,,,ORIENT CEMENT LIMITED,-0.1
0,SHAREINDIAEQN,-2.26,SHAREINDIA,EQ,N,165.3,182206,167.99,168.87,165.0,167.56,30269882.78,211.0,115.36,12549567717.4,2026-08-12 16:00:27,0,2.14,-7.83,12-Aug-2025,10-Jul-2026,21.658767772511847,-43.29056865464632,,,SHARE INDIA SECURITIES LIMITED,-1.35
0,ALOKINDSEQN,-0.03,ALOKINDS,EQ,N,11.81,2446953,11.85,11.88,11.73,11.84,28849575.87,19.34,11.11,14622167092.44,2026-08-12 16:00:27,0,-33.43,-6.12,12-Aug-2025,10-Jul-2026,38.934850051706306,-6.300630063006301,,,ALOK INDUSTRIES LIMITED,-0.25
0,BBTCEQN,-5.4,BBTC,EQ,N,1485.0,17917,1484.3,1501.1,1484.3,1490.4,26753485.23,2135.0,1314.6,25647208868.21,2026-08-12 16:00:27,0,-20.46,-2.39,12-Aug-2025,10-Jul-2026,30.44496487119438,-12.962117754450023,,,THE BOMBAY BURMAH TRADING CORPORATION LIMITED,-0.36
0,NFLEQN,-0.15,NFL,EQ,N,71.8,346984,72.07,72.39,71.33,71.95,24923860.72,102.97,63.35,8902465196.85,2026-08-12 16:00:27,0,-22.22,-2.64,12-Aug-2025,10-Jul-2026,30.270952704671263,-13.338595106550908,,,NATIONAL FERTILIZERS LIMITED,-0.21
0,AHLUCONTEQN,-24.45,AHLUCONT,EQ,N,809.5,29882,836.0,836.0,804.75,833.95,24411801.08,1077.95,645.15,24207925479.53,2026-08-12 16:00:27,0,-14.07,-3.97,12-Aug-2025,10-Jul-2026,24.90375249315831,-25.474695807176627,,,AHLUWALIA CONTRACTS (INDIA) LIMITED,-2.93
0,GALLANTTEQN,-2.65,GALLANTT,EQ,N,590.85,36891,601.9,601.9,588.3,593.5,21834676.17,948.0,496.25,17624369752.11,2026-08-12 16:00:27,0,-16.78,-11.5,12-Aug-2025,10-Jul-2026,37.674050632911396,-19.062972292191436,,,GALLANTT ISPAT LIMITED,-0.45
0,MAHSCOOTEREQN,-227.0,MAHSCOOTER,EQ,N,13559.0,1350,13786.0,13786.0,13559.0,13786.0,18473116.5,18538.0,10901.0,73559954812.01,2026-08-12 16:00:27,0,-10.02,3.2,12-Aug-2025,10-Jul-2026,26.858345021037866,-24.38308412072287,,,MAHARASHTRA SCOOTERS LIMITED,-1.65
0,JAIBALAJIEQN,-1.38,JAIBALAJI,EQ,N,65.5,218036,66.6,67.53,65.01,66.88,14370752.76,109.72,53.65,17067260275.82,2026-08-12 16:00:27,0,-37.12,-0.85,12-Aug-2025,10-Jul-2026,40.30258840685381,-22.087604846225535,,,JAI BALAJI INDUSTRIES LIMITED,-2.06
0,PURVAEQN,-1.81,PURVA,EQ,N,210.5,63859,211.5,214.6,209.6,212.31,13501069.78,305.0,160.69,12472663984.44,2026-08-12 16:00:27,0,-19.39,-6.05,12-Aug-2025,10-Jul-2026,30.983606557377048,-30.997572966581618,,,PURAVANKARA LIMITED,-0.85
0,SANOFICONREQN,-88.0,SANOFICONR,EQ,N,4465.0,1361,4530.0,4543.9,4465.0,4553.0,6108943.77,5357.0,3975.0,29350540081.17,2026-08-12 16:00:27,0,-13.0,-2.23,12-Aug-2025,10-Jul-2026,16.651110696285233,-12.327044025157234,,,SANOFI CONSUMER HEALTHCARE INDIA LIMITED,-1.93
