VWAP,change,high,lastPrice,lastUpdatedTime,low,marketType,pChange,quantityTraded,series,symbol,totalTradedVolume,index_name
3038.97,111.4,3110,3110,25-Aug-2026 16:00:29,2962.5,N,3.72,6156685790.64,EQ,ADANIENT,2025912,NIFTY 50
995.99,25.5,1016,1016,25-Aug-2026 16:00:29,980.3,N,2.57,1882385244.36,EQ,MAXHEALTH,1889964,NIFTY 50
8741.93,187,8889,8889,25-Aug-2026 16:00:29,8640,N,2.15,2245093720.67,EQ,APOLLOHOSP,256819,NIFTY 50
5137.87,103,5227.5,5218,25-Aug-2026 16:00:29,5080.5,N,2.01,1712364727.21,EQ,INDIGO,333283,NIFTY 50
1684.8,30.6,1702.7,1702.7,25-Aug-2026 16:00:29,1671,N,1.83,2191151476.8,EQ,ADANIPORTS,1300541,NIFTY 50
1125.59,19.5,1138.5,1138.5,25-Aug-2026 16:00:29,1112,N,1.74,2747095818.97,EQ,SHRIRAMFIN,2440583,NIFTY 50
1126.96,14,1144,1144,25-Aug-2026 16:00:29,1119.9,N,1.24,9152309249.52,EQ,INFY,8121237,NIFTY 50
329.22,3.85,331,331,25-Aug-2026 16:00:29,325.5,N,1.18,9567793615.32,EQ,ETERNAL,29062006,NIFTY 50
11807.85,127,11927,11927,25-Aug-2026 16:00:29,11722,N,1.08,1880659885.2,EQ,BAJAJ-AUTO,159272,NIFTY 50
409.23,4.25,413.25,413.25,25-Aug-2026 16:00:29,405.95,N,1.04,3850894813.77,EQ,BEL,9410099,NIFTY 50
1575.62,15.9,1599.9,1599.9,25-Aug-2026 16:00:29,1562,N,1.00,2179758400.98,EQ,TECHM,1383429,NIFTY 50
1078.38,10.4,1087.4,1087.4,25-Aug-2026 16:00:29,1066.3,N,0.97,2987650711.62,EQ,BAJFINANCE,2770499,NIFTY 50
5086.99,45.8,5124.8,5124.8,25-Aug-2026 16:00:29,5052.7,N,0.90,1767805329.85,EQ,TITAN,347515,NIFTY 50
2920.89,25,2938.9,2930,25-Aug-2026 16:00:29,2893.8,N,0.86,1811541819.78,EQ,TRENT,620202,NIFTY 50
3417.23,28.9,3443,3443,25-Aug-2026 16:00:29,3396.8,N,0.85,3683849119.06,EQ,M&M,1078022,NIFTY 50
1040.56,8.5,1048,1048,25-Aug-2026 16:00:29,1031.3,N,0.82,10387622244.88,EQ,SBIN,9982723,NIFTY 50
4094.45,29,4125.3,4119,25-Aug-2026 16:00:29,4066.6,N,0.71,5388599189.3,EQ,LT,1316074,NIFTY 50
269.33,1.7,271.4,271.4,25-Aug-2026 16:00:29,267.65,N,0.63,2266336268.27,EQ,ITC,8414719,NIFTY 50
1912.58,12,1922,1922,25-Aug-2026 16:00:29,1896.2,N,0.63,2335344333.52,EQ,SUNPHARMA,1221044,NIFTY 50
1937.79,12,1947,1947,25-Aug-2026 16:00:29,1923.4,N,0.62,7402756984.74,EQ,BHARTIARTL,3820206,NIFTY 50
1305.89,7.2,1317.1,1317,25-Aug-2026 16:00:29,1300,N,0.55,9291870940.95,EQ,RELIANCE,7115355,NIFTY 50
1420.44,7.7,1424.9,1422.7,25-Aug-2026 16:00:29,1408,N,0.54,11339726209.56,EQ,ICICIBANK,7983249,NIFTY 50
2283.22,12.1,2313.5,2296.2,25-Aug-2026 16:00:29,2262,N,0.53,6944662500.98,EQ,TCS,3041609,NIFTY 50
1466.04,7.7,1479,1479,25-Aug-2026 16:00:29,1458.8,N,0.52,2396154417.6,EQ,NESTLEIND,1634440,NIFTY 50
241.47,1.15,243.15,243.15,25-Aug-2026 16:00:29,240.4,N,0.48,2366572372.83,EQ,JIOFIN,9800689,NIFTY 50
13543.55,58,13678,13678,25-Aug-2026 16:00:29,13450,N,0.43,4014700982.95,EQ,MARUTI,296429,NIFTY 50
184.65,0.64,187.27,186.94,25-Aug-2026 16:00:29,183.5,N,0.34,4538331393,EQ,TATASTEEL,24578020,NIFTY 50
11505.55,36,11554,11540,25-Aug-2026 16:00:29,11445,N,0.31,2594156358.5,EQ,ULTRACEMCO,225470,NIFTY 50
1186.95,3.5,1193.5,1193.5,25-Aug-2026 16:00:29,1175,N,0.29,1863337018.35,EQ,DRREDDY,1569853,NIFTY 50
1997.52,2.3,2011.7,2004,25-Aug-2026 16:00:29,1985,N,0.11,819224899.92,EQ,BAJAJFINSV,410121,NIFTY 50
8031.16,8,8070,8055,25-Aug-2026 16:00:29,7984,N,0.10,1964606452.68,EQ,EICHERMOT,244623,NIFTY 50
337.85,0.35,340.8,339.85,25-Aug-2026 16:00:29,335.65,N,0.10,1777373104.75,EQ,NTPC,5260835,NIFTY 50
3259.78,1.6,3300.2,3289.6,25-Aug-2026 16:00:29,3222.1,N,0.05,5711281250.1,EQ,GRASIM,1752045,NIFTY 50
400.58,0.15,402.05,401.6,25-Aug-2026 16:00:29,398.15,N,0.04,4067776135.28,EQ,KOTAKBANK,10154716,NIFTY 50
2620.61,-1,2640,2639.8,25-Aug-2026 16:00:29,2605.2,N,-0.04,1256530082.8,EQ,ASIANPAINT,479480,NIFTY 50
312.64,-0.15,314.9,314.25,25-Aug-2026 16:00:29,310.55,N,-0.05,3434180949.12,EQ,TMPV,10984458,NIFTY 50
1234.17,-1,1240.5,1235,25-Aug-2026 16:00:29,1229.8,N,-0.08,4451039041.68,EQ,AXISBANK,3606504,NIFTY 50
269.72,-0.4,271.7,271,25-Aug-2026 16:00:29,268.35,N,-0.15,1466175802.96,EQ,POWERGRID,5435918,NIFTY 50
1055.77,-2,1061.7,1060.5,25-Aug-2026 16:00:29,1051.1,N,-0.19,757167626.67,EQ,TATACONSUM,717171,NIFTY 50
725.08,-1.5,728.7,727.5,25-Aug-2026 16:00:29,722,N,-0.21,12697509599.92,EQ,HDFCBANK,17511874,NIFTY 50
2020.45,-5.8,2029.2,2024.2,25-Aug-2026 16:00:29,2012,N,-0.29,2060016472.35,EQ,HINDUNILVR,1019583,NIFTY 50
1759.63,-6.8,1774.4,1755,25-Aug-2026 16:00:29,1751.2,N,-0.39,2888735301.36,EQ,SBILIFE,1641672,NIFTY 50
1305.09,-6.2,1322.9,1315.8,25-Aug-2026 16:00:29,1294.4,N,-0.47,1716107214.06,EQ,HCLTECH,1314934,NIFTY 50
1316.28,-6.7,1326.3,1320.3,25-Aug-2026 16:00:29,1310.1,N,-0.50,1624939762.32,EQ,JSWSTEEL,1234494,NIFTY 50
179.66,-1.22,181.29,180.09,25-Aug-2026 16:00:29,178.39,N,-0.67,1500605658.5,EQ,WIPRO,8352475,NIFTY 50
1048.52,-7.45,1057,1051.05,25-Aug-2026 16:00:29,1040.45,N,-0.70,3664885664.88,EQ,HINDALCO,3495294,NIFTY 50
402.32,-2.9,408,404,25-Aug-2026 16:00:29,401.1,N,-0.71,3399623713.68,EQ,COALINDIA,8450049,NIFTY 50
234.52,-2.55,236.55,234,25-Aug-2026 16:00:29,233.35,N,-1.08,2843338303.52,EQ,ONGC,12124076,NIFTY 50
1418.11,-15.9,1435.9,1422,25-Aug-2026 16:00:29,1411.1,N,-1.11,1133403145.85,EQ,CIPLA,799235,NIFTY 50
550.73,-6.25,555.65,546.7,25-Aug-2026 16:00:29,545.8,N,-1.13,1247298811.3,EQ,HDFCLIFE,2264810,NIFTY 50
2661.87,80,2698,2698,25-Aug-2026 16:00:29,2606.8,N,3.06,3081223661.67,EQ,HDFCAMC,1157541,NIFTY NEXT 50
8612.28,248.5,8744.5,8744.5,25-Aug-2026 16:00:29,8497,N,2.92,4854923093.88,EQ,DIVISLAB,563721,NIFTY NEXT 50
2580.91,70,2621.7,2610,25-Aug-2026 16:00:29,2520,N,2.76,4233102764.69,EQ,MAZDOCK,1640159,NIFTY NEXT 50
1562.06,39.4,1594.5,1594.5,25-Aug-2026 16:00:29,1532,N,2.53,3192494490.32,EQ,ADANIENSOL,2043772,NIFTY NEXT 50
431.88,10,438,438,25-Aug-2026 16:00:29,423.85,N,2.34,4094802414.84,EQ,VBL,9481343,NIFTY NEXT 50
314.85,6.2,319.75,318.1,25-Aug-2026 16:00:29,311.1,N,1.99,2075639494.35,EQ,BPCL,6592471,NIFTY NEXT 50
1104.86,20.7,1125,1124.5,25-Aug-2026 16:00:29,1092.6,N,1.88,1273310270.18,EQ,ZYDUSLIFE,1152463,NIFTY NEXT 50
185.16,3.38,187.33,186.98,25-Aug-2026 16:00:29,181.4,N,1.84,2070268405.2,EQ,UNIONBANK,11180970,NIFTY NEXT 50
1272.47,22.7,1283,1281.1,25-Aug-2026 16:00:29,1253.1,N,1.80,2841207917.63,EQ,LODHA,2232829,NIFTY NEXT 50
24295.55,420,24500,24440,25-Aug-2026 16:00:29,24005,N,1.75,3062599850.8,EQ,SHREECEM,126056,NIFTY NEXT 50
1319.64,22,1330,1330,25-Aug-2026 16:00:29,1294.8,N,1.68,3214895091.24,EQ,ADANIGREEN,2436191,NIFTY NEXT 50
7537.65,123,7627,7627,25-Aug-2026 16:00:29,7435,N,1.64,1343548424.25,EQ,ABB,178245,NIFTY NEXT 50
11180.93,170,11290,11290,25-Aug-2026 16:00:29,10811,N,1.53,722388706.37,EQ,BAJAJHLDNG,64609,NIFTY NEXT 50
1843.52,26.3,1873,1873,25-Aug-2026 16:00:29,1821.1,N,1.42,790433165.76,EQ,CHOLAFIN,428763,NIFTY NEXT 50
5334.4,71.5,5382.5,5382.5,25-Aug-2026 16:00:29,5286,N,1.35,1926497222.4,EQ,BRITANNIA,361146,NIFTY NEXT 50
4384.6,56.5,4420,4420,25-Aug-2026 16:00:29,4344.7,N,1.29,2311683888.8,EQ,TVSMOTOR,527228,NIFTY NEXT 50
204.49,2.63,206.8,206.33,25-Aug-2026 16:00:29,201.43,N,1.29,2915810436.11,EQ,ADANIPOWER,14258939,NIFTY NEXT 50
48022.06,580,48680,48680,25-Aug-2026 16:00:29,47790,N,1.21,1334340959.16,EQ,BOSCHLTD,27786,NIFTY NEXT 50
127.63,1.51,128.81,128.81,25-Aug-2026 16:00:29,126.25,N,1.19,1887203037.08,EQ,CANBK,14786516,NIFTY NEXT 50
2213.86,25.5,2243.8,2232.5,25-Aug-2026 16:00:29,2190,N,1.16,1488462204.68,EQ,HYUNDAI,672338,NIFTY NEXT 50
407.66,4.35,413.1,413.1,25-Aug-2026 16:00:29,405,N,1.06,601834165.24,EQ,AMBUJACEM,1476314,NIFTY NEXT 50
174.08,1.75,176.29,175.5,25-Aug-2026 16:00:29,172.39,N,1.01,1364353392.64,EQ,GAIL,7837508,NIFTY NEXT 50
5195.99,49.5,5239.5,5239.5,25-Aug-2026 16:00:29,5150,N,0.95,2920551667.22,EQ,CUMMINSIND,562078,NIFTY NEXT 50
4887.76,45.5,4932,4932,25-Aug-2026 16:00:29,4855.5,N,0.93,1050140123.76,EQ,TORNTPHARM,214851,NIFTY NEXT 50
363.73,3,367,367,25-Aug-2026 16:00:29,362.1,N,0.82,2309361052.84,EQ,PFC,6349108,NIFTY NEXT 50
1148.11,5.1,1157,1154.1,25-Aug-2026 16:00:29,1140.1,N,0.44,770185483.19,EQ,JINDALSTEL,670829,NIFTY NEXT 50
137.86,0.5,139,139,25-Aug-2026 16:00:29,137,N,0.36,1058312894.92,EQ,IOC,7676722,NIFTY NEXT 50
475.78,1.3,481.65,476.35,25-Aug-2026 16:00:29,470.65,N,0.27,3361122117.88,EQ,TMCV,7064446,NIFTY NEXT 50
728.82,1.1,735,730,25-Aug-2026 16:00:29,724.55,N,0.15,727722397.08,EQ,INDHOTEL,998494,NIFTY NEXT 50
873.52,1,882.5,878.5,25-Aug-2026 16:00:29,867,N,0.11,1423783441.76,EQ,CGPOWER,1629938,NIFTY NEXT 50
116.21,0.07,116.9,115.93,25-Aug-2026 16:00:29,115.01,N,0.06,1513828042.39,EQ,PNB,13026659,NIFTY NEXT 50
4512.19,2.3,4550,4528,25-Aug-2026 16:00:29,4469.1,N,0.05,923076757.06,EQ,LTM,204574,NIFTY NEXT 50
923.62,0.3,930.9,929.2,25-Aug-2026 16:00:29,918.2,N,0.03,624860333.08,EQ,GODREJCP,676534,NIFTY NEXT 50
4854.67,-6,4900,4900,25-Aug-2026 16:00:29,4805,N,-0.12,2746374203.06,EQ,HAL,565718,NIFTY NEXT 50
241.17,-0.5,242.9,241,25-Aug-2026 16:00:29,239.9,N,-0.21,2730259041.3,EQ,BANKBARODA,11320890,NIFTY NEXT 50
3202.13,-8,3227.7,3201,25-Aug-2026 16:00:29,3166.4,N,-0.25,2682475535.08,EQ,MUTHOOTFIN,837716,NIFTY NEXT 50
362.94,-0.95,364.45,363.5,25-Aug-2026 16:00:29,360.5,N,-0.26,136548190.32,EQ,TATACAP,376228,NIFTY NEXT 50
1547.4,-5,1556.2,1550,25-Aug-2026 16:00:29,1542.2,N,-0.32,345099600.6,EQ,UNITDSPR,223019,NIFTY NEXT 50
1648.22,-8.9,1660,1651.1,25-Aug-2026 16:00:29,1636.6,N,-0.54,752948101.5,EQ,PIDILITIND,456825,NIFTY NEXT 50
4097.84,-23.5,4149.4,4090.5,25-Aug-2026 16:00:29,4060,N,-0.57,2564600381.28,EQ,SIEMENS,625842,NIFTY NEXT 50
326.47,-1.9,329,326,25-Aug-2026 16:00:29,323.45,N,-0.58,1377469321.01,EQ,RECLTD,4219283,NIFTY NEXT 50
85.53,-0.54,86.44,85.45,25-Aug-2026 16:00:29,85.05,N,-0.63,821642063.34,EQ,IRFC,9606478,NIFTY NEXT 50
19771.65,-125,19925,19800,25-Aug-2026 16:00:29,19665,N,-0.63,1142465251.95,EQ,SOLARINDS,57783,NIFTY NEXT 50
274.89,-2,276.8,275,25-Aug-2026 16:00:29,273,N,-0.72,2190940922.94,EQ,VEDL,7970246,NIFTY NEXT 50
3919.39,-30.4,3960,3909.6,25-Aug-2026 16:00:29,3897.4,N,-0.77,845918024.31,EQ,DMART,215829,NIFTY NEXT 50
370.55,-2.9,374.2,370.6,25-Aug-2026 16:00:29,368.55,N,-0.78,3396978587.8,EQ,TATAPOWER,9167396,NIFTY NEXT 50
681.98,-6.05,688.2,682.95,25-Aug-2026 16:00:29,678.3,N,-0.88,1472294568.94,EQ,DLF,2158853,NIFTY NEXT 50
165.94,-2.55,168.28,166.45,25-Aug-2026 16:00:29,164.81,N,-1.51,1444532093.18,EQ,MOTHERSON,8705147,NIFTY NEXT 50
593.92,-11.4,600.6,592.6,25-Aug-2026 16:00:29,586.85,N,-1.89,5647917281.28,EQ,HINDZINC,9509559,NIFTY NEXT 50
3407.06,-95.6,3495.5,3390.1,25-Aug-2026 16:00:29,3371,N,-2.74,1348926602.26,EQ,ENRIN,395921,NIFTY NEXT 50
185.16,3.38,187.33,186.98,25-Aug-2026 16:00:29,181.4,N,1.84,2070268405.2,EQ,UNIONBANK,11180970,NIFTY BANK
1134.8,14.6,1144.1,1128.6,25-Aug-2026 16:00:29,1105.1,N,1.31,6454759422,EQ,AUBANK,5688015,NIFTY BANK
127.63,1.51,128.81,128.81,25-Aug-2026 16:00:29,126.25,N,1.19,1887203037.08,EQ,CANBK,14786516,NIFTY BANK
1040.56,8.5,1048,1048,25-Aug-2026 16:00:29,1031.3,N,0.82,10387622244.88,EQ,SBIN,9982723,NIFTY BANK
1420.44,7.7,1424.9,1422.7,25-Aug-2026 16:00:29,1408,N,0.54,11339726209.56,EQ,ICICIBANK,7983249,NIFTY BANK
116.21,0.07,116.9,115.93,25-Aug-2026 16:00:29,115.01,N,0.06,1513828042.39,EQ,PNB,13026659,NIFTY BANK
400.58,0.15,402.05,401.6,25-Aug-2026 16:00:29,398.15,N,0.04,4067776135.28,EQ,KOTAKBANK,10154716,NIFTY BANK
1234.17,-1,1240.5,1235,25-Aug-2026 16:00:29,1229.8,N,-0.08,4451039041.68,EQ,AXISBANK,3606504,NIFTY BANK
725.08,-1.5,728.7,727.5,25-Aug-2026 16:00:29,722,N,-0.21,12697509599.92,EQ,HDFCBANK,17511874,NIFTY BANK
241.17,-0.5,242.9,241,25-Aug-2026 16:00:29,239.9,N,-0.21,2730259041.3,EQ,BANKBARODA,11320890,NIFTY BANK
1011.68,-3.4,1022,1015,25-Aug-2026 16:00:29,1003.6,N,-0.33,1443891952.96,EQ,INDUSINDBK,1427222,NIFTY BANK
22.51,-0.1,22.67,22.5,25-Aug-2026 16:00:29,22.42,N,-0.44,1446583788.01,EQ,YESBANK,64264051,NIFTY BANK
85.49,-0.89,86.17,85,25-Aug-2026 16:00:29,85,N,-1.04,1007556158.89,EQ,IDFCFIRSTB,11785661,NIFTY BANK
347.9,-10.8,358.7,346.95,25-Aug-2026 16:00:29,342.05,N,-3.02,5613117403.6,EQ,FEDERALBNK,16134284,NIFTY BANK
498.16,14.6,506.4,506,25-Aug-2026 16:00:29,489.15,N,2.97,1801935385.12,EQ,LICHSGFIN,3617182,NIFTY FIN SERVICE
1125.59,19.5,1138.5,1138.5,25-Aug-2026 16:00:29,1112,N,1.74,2747095818.97,EQ,SHRIRAMFIN,2440583,NIFTY FIN SERVICE
1589.82,22.7,1600.4,1592.5,25-Aug-2026 16:00:29,1570,N,1.45,1501979265.36,EQ,MFSL,944748,NIFTY FIN SERVICE
1843.52,26.3,1873,1873,25-Aug-2026 16:00:29,1821.1,N,1.42,790433165.76,EQ,CHOLAFIN,428763,NIFTY FIN SERVICE
1078.38,10.4,1087.4,1087.4,25-Aug-2026 16:00:29,1066.3,N,0.97,2987650711.62,EQ,BAJFINANCE,2770499,NIFTY FIN SERVICE
1040.56,8.5,1048,1048,25-Aug-2026 16:00:29,1031.3,N,0.82,10387622244.88,EQ,SBIN,9982723,NIFTY FIN SERVICE
363.73,3,367,367,25-Aug-2026 16:00:29,362.1,N,0.82,2309361052.84,EQ,PFC,6349108,NIFTY FIN SERVICE
1420.44,7.7,1424.9,1422.7,25-Aug-2026 16:00:29,1408,N,0.54,11339726209.56,EQ,ICICIBANK,7983249,NIFTY FIN SERVICE
241.47,1.15,243.15,243.15,25-Aug-2026 16:00:29,240.4,N,0.48,2366572372.83,EQ,JIOFIN,9800689,NIFTY FIN SERVICE
1997.52,2.3,2011.7,2004,25-Aug-2026 16:00:29,1985,N,0.11,819224899.92,EQ,BAJAJFINSV,410121,NIFTY FIN SERVICE
649.41,0.7,654.6,651,25-Aug-2026 16:00:29,645.75,N,0.11,788805856.5,EQ,SBICARD,1214650,NIFTY FIN SERVICE
400.58,0.15,402.05,401.6,25-Aug-2026 16:00:29,398.15,N,0.04,4067776135.28,EQ,KOTAKBANK,10154716,NIFTY FIN SERVICE
1234.17,-1,1240.5,1235,25-Aug-2026 16:00:29,1229.8,N,-0.08,4451039041.68,EQ,AXISBANK,3606504,NIFTY FIN SERVICE
725.08,-1.5,728.7,727.5,25-Aug-2026 16:00:29,722,N,-0.21,12697509599.92,EQ,HDFCBANK,17511874,NIFTY FIN SERVICE
3202.13,-8,3227.7,3201,25-Aug-2026 16:00:29,3166.4,N,-0.25,2682475535.08,EQ,MUTHOOTFIN,837716,NIFTY FIN SERVICE
1612.46,-4,1622.3,1616,25-Aug-2026 16:00:29,1602,N,-0.25,1139764126.08,EQ,ICICIGI,706848,NIFTY FIN SERVICE
3300.33,-9.7,3324,3303,25-Aug-2026 16:00:29,3285.3,N,-0.29,7314254052.27,EQ,BSE,2216219,NIFTY FIN SERVICE
1759.63,-6.8,1774.4,1755,25-Aug-2026 16:00:29,1751.2,N,-0.39,2888735301.36,EQ,SBILIFE,1641672,NIFTY FIN SERVICE
326.47,-1.9,329,326,25-Aug-2026 16:00:29,323.45,N,-0.58,1377469321.01,EQ,RECLTD,4219283,NIFTY FIN SERVICE
550.73,-6.25,555.65,546.7,25-Aug-2026 16:00:29,545.8,N,-1.13,1247298811.3,EQ,HDFCLIFE,2264810,NIFTY FIN SERVICE
890.02,89.65,920,873.9,25-Aug-2026 16:00:29,800,N,11.43,30534118174.54,EQ,FACT,34307227,NIFTY 500
14.9,1.12,15.31,15.19,25-Aug-2026 16:00:29,14.08,N,7.96,22863605950.2,EQ,IDEA,1534470198,NIFTY 500
964.63,66,989,975.05,25-Aug-2026 16:00:29,898.65,N,7.26,4545932701.34,EQ,CYIENT,4712618,NIFTY 500
158.36,10.35,160.6,159.75,25-Aug-2026 16:00:29,150.8,N,6.93,8160970956.2,EQ,PARADEEP,51534295,NIFTY 500
1676.84,94.5,1718,1718,25-Aug-2026 16:00:29,1612,N,5.82,16955084274.04,EQ,PAYTM,10111331,NIFTY 500
295.3,14.9,301.55,300.9,25-Aug-2026 16:00:29,284,N,5.21,3196809424.9,EQ,ANGELONE,10825633,NIFTY 500
218.97,9.8,224,222,25-Aug-2026 16:00:29,212.48,N,4.62,898266616.92,EQ,CUB,4102236,NIFTY 500
117.57,5.21,121.14,120.61,25-Aug-2026 16:00:29,114.4,N,4.51,1306151321.91,EQ,IREDA,11109563,NIFTY 500
162.26,6.66,165.95,164.2,25-Aug-2026 16:00:29,156.51,N,4.23,5231976993.04,EQ,PINELABS,32244404,NIFTY 500
3243.82,128,3325,3301,25-Aug-2026 16:00:29,3138,N,4.03,1328435116.96,EQ,ACUTAAS,409528,NIFTY 500
3038.97,111.4,3110,3110,25-Aug-2026 16:00:29,2962.5,N,3.72,6156685790.64,EQ,ADANIENT,2025912,NIFTY 500
632.13,22.65,643.9,633,25-Aug-2026 16:00:29,613.4,N,3.71,707865495.3,EQ,ABDL,1119810,NIFTY 500
1835.64,65.2,1869.4,1866.2,25-Aug-2026 16:00:29,1796.5,N,3.62,6518256679.8,EQ,LAURUSLABS,3550945,NIFTY 500
1861.83,64.2,1890,1887,25-Aug-2026 16:00:29,1815,N,3.52,358776502.83,EQ,ECLERX,192701,NIFTY 500
201.58,6.72,204.82,200.6,25-Aug-2026 16:00:29,192.98,N,3.47,3298020344.58,EQ,AWL,16360851,NIFTY 500
383.35,13,388.6,387.25,25-Aug-2026 16:00:29,374.25,N,3.47,2681792011.25,EQ,INDUSTOWER,6995675,NIFTY 500
202.72,6.73,205.21,203.2,25-Aug-2026 16:00:29,196.11,N,3.43,10785407235.68,EQ,GROWW,53203469,NIFTY 500
2661.87,80,2698,2698,25-Aug-2026 16:00:29,2606.8,N,3.06,3081223661.67,EQ,HDFCAMC,1157541,NIFTY 500
565.09,16.85,573.3,571.75,25-Aug-2026 16:00:29,554.95,N,3.04,158131960.15,EQ,AIIL,279835,NIFTY 500
892.98,25.95,905,895.5,25-Aug-2026 16:00:29,860.55,N,2.98,921456239.22,EQ,CHALET,1031889,NIFTY 500
498.16,14.6,506.4,506,25-Aug-2026 16:00:29,489.15,N,2.97,1801935385.12,EQ,LICHSGFIN,3617182,NIFTY 500
8612.28,248.5,8744.5,8744.5,25-Aug-2026 16:00:29,8497,N,2.92,4854923093.88,EQ,DIVISLAB,563721,NIFTY 500
14649.88,420,14990,14990,25-Aug-2026 16:00:29,14400,N,2.88,7653683307.2,EQ,DIXON,522440,NIFTY 500
2580.91,70,2621.7,2610,25-Aug-2026 16:00:29,2520,N,2.76,4233102764.69,EQ,MAZDOCK,1640159,NIFTY 500
184.5,4.94,186.89,184.59,25-Aug-2026 16:00:29,180.3,N,2.75,12713010876,EQ,SAIL,68905208,NIFTY 500
2951.8,76.2,3010,3007.9,25-Aug-2026 16:00:29,2917.6,N,2.60,514900184.8,EQ,GLAXO,174436,NIFTY 500
329.47,8.45,334.75,333.7,25-Aug-2026 16:00:29,322.05,N,2.60,593407428.59,EQ,EMMVEE,1801097,NIFTY 500
995.99,25.5,1016,1016,25-Aug-2026 16:00:29,980.3,N,2.57,1882385244.36,EQ,MAXHEALTH,1889964,NIFTY 500
1562.06,39.4,1594.5,1594.5,25-Aug-2026 16:00:29,1532,N,2.53,3192494490.32,EQ,ADANIENSOL,2043772,NIFTY 500
3934.79,95.8,3996.5,3936,25-Aug-2026 16:00:29,3804,N,2.49,7145299269.91,EQ,KAYNES,1815929,NIFTY 500
303.41,-7.4,309.5,300.4,25-Aug-2026 16:00:29,298.5,N,-2.40,207580075.37,EQ,PFOCUS,684157,NIFTY 500
36.61,-0.9,37.85,36.45,25-Aug-2026 16:00:29,36.05,N,-2.41,1155318061.45,EQ,OLAELEC,31557445,NIFTY 500
36.81,-0.91,37.7,36.84,25-Aug-2026 16:00:29,36.54,N,-2.41,680759685.99,EQ,MSUMI,18493879,NIFTY 500
709.96,-18.25,722,700.5,25-Aug-2026 16:00:29,700.5,N,-2.54,391387458.76,EQ,GRAPHITE,551281,NIFTY 500
21344.49,-551,21742,21121,25-Aug-2026 16:00:29,21000,N,-2.54,565885118.88,EQ,PTCIL,26512,NIFTY 500
430.04,-11.15,437.6,427.4,25-Aug-2026 16:00:29,424.8,N,-2.54,170562894.84,EQ,ELECON,396621,NIFTY 500
4783.33,-131.4,4880.9,4750.1,25-Aug-2026 16:00:29,4750,N,-2.69,118961417.1,EQ,PFIZER,24870,NIFTY 500
398.14,-11.15,405.85,398,25-Aug-2026 16:00:29,389.8,N,-2.73,748947524.24,EQ,ACMESOLAR,1881116,NIFTY 500
3407.06,-95.6,3495.5,3390.1,25-Aug-2026 16:00:29,3371,N,-2.74,1348926602.26,EQ,ENRIN,395921,NIFTY 500
292.59,-8.4,302.45,290.6,25-Aug-2026 16:00:29,289.1,N,-2.81,360714314.88,EQ,BSOFT,1232832,NIFTY 500
301.2,-8.65,307.05,298.1,25-Aug-2026 16:00:29,297.05,N,-2.82,203537707.2,EQ,SONATSOFTW,675756,NIFTY 500
445.73,-13.05,459,445.95,25-Aug-2026 16:00:29,439.25,N,-2.84,1146208958.36,EQ,LTFOODS,2571532,NIFTY 500
5279.18,-159.5,5413.2,5295,25-Aug-2026 16:00:29,5191,N,-2.92,10062333526.38,EQ,NETWEB,1906041,NIFTY 500
347.9,-10.8,358.7,346.95,25-Aug-2026 16:00:29,342.05,N,-3.02,5613117403.6,EQ,FEDERALBNK,16134284,NIFTY 500
2386.4,-78.2,2433.9,2331,25-Aug-2026 16:00:29,2301,N,-3.25,5919928161.6,EQ,WELCORP,2480694,NIFTY 500
356.8,-13.6,366.5,351.5,25-Aug-2026 16:00:29,350.15,N,-3.73,1601254532.8,EQ,REDINGTON,4487821,NIFTY 500
4585.4,-188.2,4768.7,4548,25-Aug-2026 16:00:29,4500.1,N,-3.97,5495721120.4,EQ,DATAPATTNS,1198526,NIFTY 500
678.38,-28,703.1,667.5,25-Aug-2026 16:00:29,663.3,N,-4.03,3398359534.36,EQ,BALRAMCHIN,5009522,NIFTY 500
667.27,-33,681.1,663.4,25-Aug-2026 16:00:29,643.55,N,-4.74,5530797512.65,EQ,IIFL,8288695,NIFTY 500
535.56,-42.75,551.85,531.4,25-Aug-2026 16:00:29,529.35,N,-7.45,23913957938.88,EQ,HINDCOPPER,44652248,NIFTY 500
890.02,89.65,920,873.9,25-Aug-2026 16:00:29,800,N,11.43,30534118174.54,EQ,FACT,34307227,NIFTY MIDSML 400
14.9,1.12,15.31,15.19,25-Aug-2026 16:00:29,14.08,N,7.96,22863605950.2,EQ,IDEA,1534470198,NIFTY MIDSML 400
964.63,66,989,975.05,25-Aug-2026 16:00:29,898.65,N,7.26,4545932701.34,EQ,CYIENT,4712618,NIFTY MIDSML 400
158.36,10.35,160.6,159.75,25-Aug-2026 16:00:29,150.8,N,6.93,8160970956.2,EQ,PARADEEP,51534295,NIFTY MIDSML 400
1676.84,94.5,1718,1718,25-Aug-2026 16:00:29,1612,N,5.82,16955084274.04,EQ,PAYTM,10111331,NIFTY MIDSML 400
295.3,14.9,301.55,300.9,25-Aug-2026 16:00:29,284,N,5.21,3196809424.9,EQ,ANGELONE,10825633,NIFTY MIDSML 400
218.97,9.8,224,222,25-Aug-2026 16:00:29,212.48,N,4.62,898266616.92,EQ,CUB,4102236,NIFTY MIDSML 400
117.57,5.21,121.14,120.61,25-Aug-2026 16:00:29,114.4,N,4.51,1306151321.91,EQ,IREDA,11109563,NIFTY MIDSML 400
162.26,6.66,165.95,164.2,25-Aug-2026 16:00:29,156.51,N,4.23,5231976993.04,EQ,PINELABS,32244404,NIFTY MIDSML 400
3243.82,128,3325,3301,25-Aug-2026 16:00:29,3138,N,4.03,1328435116.96,EQ,ACUTAAS,409528,NIFTY MIDSML 400
632.13,22.65,643.9,633,25-Aug-2026 16:00:29,613.4,N,3.71,707865495.3,EQ,ABDL,1119810,NIFTY MIDSML 400
1835.64,65.2,1869.4,1866.2,25-Aug-2026 16:00:29,1796.5,N,3.62,6518256679.8,EQ,LAURUSLABS,3550945,NIFTY MIDSML 400
1861.83,64.2,1890,1887,25-Aug-2026 16:00:29,1815,N,3.52,358776502.83,EQ,ECLERX,192701,NIFTY MIDSML 400
201.58,6.72,204.82,200.6,25-Aug-2026 16:00:29,192.98,N,3.47,3298020344.58,EQ,AWL,16360851,NIFTY MIDSML 400
383.35,13,388.6,387.25,25-Aug-2026 16:00:29,374.25,N,3.47,2681792011.25,EQ,INDUSTOWER,6995675,NIFTY MIDSML 400
202.72,6.73,205.21,203.2,25-Aug-2026 16:00:29,196.11,N,3.43,10785407235.68,EQ,GROWW,53203469,NIFTY MIDSML 400
565.09,16.85,573.3,571.75,25-Aug-2026 16:00:29,554.95,N,3.04,158131960.15,EQ,AIIL,279835,NIFTY MIDSML 400
892.98,25.95,905,895.5,25-Aug-2026 16:00:29,860.55,N,2.98,921456239.22,EQ,CHALET,1031889,NIFTY MIDSML 400
498.16,14.6,506.4,506,25-Aug-2026 16:00:29,489.15,N,2.97,1801935385.12,EQ,LICHSGFIN,3617182,NIFTY MIDSML 400
14649.88,420,14990,14990,25-Aug-2026 16:00:29,14400,N,2.88,7653683307.2,EQ,DIXON,522440,NIFTY MIDSML 400
184.5,4.94,186.89,184.59,25-Aug-2026 16:00:29,180.3,N,2.75,12713010876,EQ,SAIL,68905208,NIFTY MIDSML 400
2951.8,76.2,3010,3007.9,25-Aug-2026 16:00:29,2917.6,N,2.60,514900184.8,EQ,GLAXO,174436,NIFTY MIDSML 400
329.47,8.45,334.75,333.7,25-Aug-2026 16:00:29,322.05,N,2.60,593407428.59,EQ,EMMVEE,1801097,NIFTY MIDSML 400
3934.79,95.8,3996.5,3936,25-Aug-2026 16:00:29,3804,N,2.49,7145299269.91,EQ,KAYNES,1815929,NIFTY MIDSML 400
149.7,3.59,152.4,149.8,25-Aug-2026 16:00:29,146.3,N,2.46,426270600.3,EQ,J&KBANK,2847499,NIFTY MIDSML 400
285.81,6.75,290.9,285.4,25-Aug-2026 16:00:29,281.45,N,2.42,1139264382.9,EQ,AFCONS,3986090,NIFTY MIDSML 400
241.97,5.68,247.89,240,25-Aug-2026 16:00:29,233.65,N,2.42,2858900472.91,EQ,CGCL,11815103,NIFTY MIDSML 400
576.88,13.1,585,585,25-Aug-2026 16:00:29,570.55,N,2.29,2229351606.24,EQ,UPL,3864498,NIFTY MIDSML 400
345.64,7.4,347.9,345.55,25-Aug-2026 16:00:29,337,N,2.19,1010024714.68,EQ,KARURVYSYA,2922187,NIFTY MIDSML 400
1009.02,21.5,1019.9,1011.5,25-Aug-2026 16:00:29,992,N,2.17,1852680793.38,EQ,MOTILALOFS,1836119,NIFTY MIDSML 400
1111.9,-26.6,1131,1101.1,25-Aug-2026 16:00:29,1100,N,-2.36,292310726.7,EQ,MGL,262893,NIFTY MIDSML 400
303.41,-7.4,309.5,300.4,25-Aug-2026 16:00:29,298.5,N,-2.40,207580075.37,EQ,PFOCUS,684157,NIFTY MIDSML 400
36.61,-0.9,37.85,36.45,25-Aug-2026 16:00:29,36.05,N,-2.41,1155318061.45,EQ,OLAELEC,31557445,NIFTY MIDSML 400
36.81,-0.91,37.7,36.84,25-Aug-2026 16:00:29,36.54,N,-2.41,680759685.99,EQ,MSUMI,18493879,NIFTY MIDSML 400
21344.49,-551,21742,21121,25-Aug-2026 16:00:29,21000,N,-2.54,565885118.88,EQ,PTCIL,26512,NIFTY MIDSML 400
709.96,-18.25,722,700.5,25-Aug-2026 16:00:29,700.5,N,-2.54,391387458.76,EQ,GRAPHITE,551281,NIFTY MIDSML 400
430.04,-11.15,437.6,427.4,25-Aug-2026 16:00:29,424.8,N,-2.54,170562894.84,EQ,ELECON,396621,NIFTY MIDSML 400
4783.33,-131.4,4880.9,4750.1,25-Aug-2026 16:00:29,4750,N,-2.69,118961417.1,EQ,PFIZER,24870,NIFTY MIDSML 400
398.14,-11.15,405.85,398,25-Aug-2026 16:00:29,389.8,N,-2.73,748947524.24,EQ,ACMESOLAR,1881116,NIFTY MIDSML 400
292.59,-8.4,302.45,290.6,25-Aug-2026 16:00:29,289.1,N,-2.81,360714314.88,EQ,BSOFT,1232832,NIFTY MIDSML 400
301.2,-8.65,307.05,298.1,25-Aug-2026 16:00:29,297.05,N,-2.82,203537707.2,EQ,SONATSOFTW,675756,NIFTY MIDSML 400
445.73,-13.05,459,445.95,25-Aug-2026 16:00:29,439.25,N,-2.84,1146208958.36,EQ,LTFOODS,2571532,NIFTY MIDSML 400
5279.18,-159.5,5413.2,5295,25-Aug-2026 16:00:29,5191,N,-2.92,10062333526.38,EQ,NETWEB,1906041,NIFTY MIDSML 400
347.9,-10.8,358.7,346.95,25-Aug-2026 16:00:29,342.05,N,-3.02,5613117403.6,EQ,FEDERALBNK,16134284,NIFTY MIDSML 400
2386.4,-78.2,2433.9,2331,25-Aug-2026 16:00:29,2301,N,-3.25,5919928161.6,EQ,WELCORP,2480694,NIFTY MIDSML 400
356.8,-13.6,366.5,351.5,25-Aug-2026 16:00:29,350.15,N,-3.73,1601254532.8,EQ,REDINGTON,4487821,NIFTY MIDSML 400
4585.4,-188.2,4768.7,4548,25-Aug-2026 16:00:29,4500.1,N,-3.97,5495721120.4,EQ,DATAPATTNS,1198526,NIFTY MIDSML 400
678.38,-28,703.1,667.5,25-Aug-2026 16:00:29,663.3,N,-4.03,3398359534.36,EQ,BALRAMCHIN,5009522,NIFTY MIDSML 400
667.27,-33,681.1,663.4,25-Aug-2026 16:00:29,643.55,N,-4.74,5530797512.65,EQ,IIFL,8288695,NIFTY MIDSML 400
535.56,-42.75,551.85,531.4,25-Aug-2026 16:00:29,529.35,N,-7.45,23913957938.88,EQ,HINDCOPPER,44652248,NIFTY MIDSML 400
890.02,89.65,920,873.9,25-Aug-2026 16:00:29,800,N,11.43,30534118174.54,EQ,FACT,34307227,NIFTY TOTAL MKT
14.9,1.12,15.31,15.19,25-Aug-2026 16:00:29,14.08,N,7.96,22863605950.2,EQ,IDEA,1534470198,NIFTY TOTAL MKT
964.63,66,989,975.05,25-Aug-2026 16:00:29,898.65,N,7.26,4545932701.34,EQ,CYIENT,4712618,NIFTY TOTAL MKT
158.36,10.35,160.6,159.75,25-Aug-2026 16:00:29,150.8,N,6.93,8160970956.2,EQ,PARADEEP,51534295,NIFTY TOTAL MKT
611.13,37.75,625,610.5,25-Aug-2026 16:00:29,569.95,N,6.59,2138195976.54,EQ,GODREJAGRO,3498758,NIFTY TOTAL MKT
2296.05,145.6,2390,2370.1,25-Aug-2026 16:00:29,2205.3,N,6.55,1378376216.25,EQ,BALAMINES,600325,NIFTY TOTAL MKT
1621.98,97.8,1667,1627.6,25-Aug-2026 16:00:29,1535.1,N,6.39,3616356876.12,EQ,ENTERO,2229594,NIFTY TOTAL MKT
1676.84,94.5,1718,1718,25-Aug-2026 16:00:29,1612,N,5.82,16955084274.04,EQ,PAYTM,10111331,NIFTY TOTAL MKT
825.42,44,849.9,842,25-Aug-2026 16:00:29,795.05,N,5.51,1187210665.62,EQ,SKYGOLD,1438311,NIFTY TOTAL MKT
143.74,7.59,146.47,145.4,25-Aug-2026 16:00:29,137.81,N,5.51,213396260.26,EQ,WAKEFIT,1484599,NIFTY TOTAL MKT
295.3,14.9,301.55,300.9,25-Aug-2026 16:00:29,284,N,5.21,3196809424.9,EQ,ANGELONE,10825633,NIFTY TOTAL MKT
179.96,8.65,181.7,181.7,25-Aug-2026 16:00:29,175.29,N,5.00,509610728,BE,LOTUSDEV,2831800,NIFTY TOTAL MKT
218.97,9.8,224,222,25-Aug-2026 16:00:29,212.48,N,4.62,898266616.92,EQ,CUB,4102236,NIFTY TOTAL MKT
117.57,5.21,121.14,120.61,25-Aug-2026 16:00:29,114.4,N,4.51,1306151321.91,EQ,IREDA,11109563,NIFTY TOTAL MKT
126.3,5.19,128.55,124.22,25-Aug-2026 16:00:29,120.25,N,4.36,2286078499.2,EQ,RCF,18100384,NIFTY TOTAL MKT
1524.46,63.8,1540,1535,25-Aug-2026 16:00:29,1465,N,4.34,383587674.12,EQ,KRN,251622,NIFTY TOTAL MKT
162.26,6.66,165.95,164.2,25-Aug-2026 16:00:29,156.51,N,4.23,5231976993.04,EQ,PINELABS,32244404,NIFTY TOTAL MKT
207.02,8.26,210.1,208,25-Aug-2026 16:00:29,200.16,N,4.14,1629449244.5,EQ,DCBBANK,7870975,NIFTY TOTAL MKT
3243.82,128,3325,3301,25-Aug-2026 16:00:29,3138,N,4.03,1328435116.96,EQ,ACUTAAS,409528,NIFTY TOTAL MKT
254.53,9.35,259.5,253.4,25-Aug-2026 16:00:29,242.71,N,3.83,647149651.84,EQ,GOKULAGRO,2542528,NIFTY TOTAL MKT
108.58,3.95,110.88,108,25-Aug-2026 16:00:29,103.75,N,3.80,473323347.54,EQ,TEXRAIL,4359213,NIFTY TOTAL MKT
3038.97,111.4,3110,3110,25-Aug-2026 16:00:29,2962.5,N,3.72,6156685790.64,EQ,ADANIENT,2025912,NIFTY TOTAL MKT
632.13,22.65,643.9,633,25-Aug-2026 16:00:29,613.4,N,3.71,707865495.3,EQ,ABDL,1119810,NIFTY TOTAL MKT
1835.64,65.2,1869.4,1866.2,25-Aug-2026 16:00:29,1796.5,N,3.62,6518256679.8,EQ,LAURUSLABS,3550945,NIFTY TOTAL MKT
1861.83,64.2,1890,1887,25-Aug-2026 16:00:29,1815,N,3.52,358776502.83,EQ,ECLERX,192701,NIFTY TOTAL MKT
383.35,13,388.6,387.25,25-Aug-2026 16:00:29,374.25,N,3.47,2681792011.25,EQ,INDUSTOWER,6995675,NIFTY TOTAL MKT
201.58,6.72,204.82,200.6,25-Aug-2026 16:00:29,192.98,N,3.47,3298020344.58,EQ,AWL,16360851,NIFTY TOTAL MKT
202.72,6.73,205.21,203.2,25-Aug-2026 16:00:29,196.11,N,3.43,10785407235.68,EQ,GROWW,53203469,NIFTY TOTAL MKT
1596.44,48.1,1615,1605,25-Aug-2026 16:00:29,1557.8,N,3.09,209108096.96,EQ,AXISCADES,130984,NIFTY TOTAL MKT
2661.87,80,2698,2698,25-Aug-2026 16:00:29,2606.8,N,3.06,3081223661.67,EQ,HDFCAMC,1157541,NIFTY TOTAL MKT
497.23,-15.2,518,500.75,25-Aug-2026 16:00:29,484.05,N,-2.95,471598290.73,EQ,ACI,948451,NIFTY TOTAL MKT
111.12,-3.43,114.18,110,25-Aug-2026 16:00:29,109.1,N,-3.02,159751001.28,EQ,THOMASCOOK,1437644,NIFTY TOTAL MKT
347.9,-10.8,358.7,346.95,25-Aug-2026 16:00:29,342.05,N,-3.02,5613117403.6,EQ,FEDERALBNK,16134284,NIFTY TOTAL MKT
427.31,-13.9,436,423.9,25-Aug-2026 16:00:29,419,N,-3.17,656208856.94,EQ,KRBL,1535674,NIFTY TOTAL MKT
102.32,-3.32,105.17,100.9,25-Aug-2026 16:00:29,100.36,N,-3.19,494421188.24,EQ,JAYNECOIND,4832107,NIFTY TOTAL MKT
2386.4,-78.2,2433.9,2331,25-Aug-2026 16:00:29,2301,N,-3.25,5919928161.6,EQ,WELCORP,2480694,NIFTY TOTAL MKT
756.73,-25.5,783,744.85,25-Aug-2026 16:00:29,744,N,-3.31,185945209.06,EQ,AKUMS,245722,NIFTY TOTAL MKT
337.26,-13.05,353,340.15,25-Aug-2026 16:00:29,335.55,N,-3.69,683590944.96,BE,DIACABS,2026896,NIFTY TOTAL MKT
356.8,-13.6,366.5,351.5,25-Aug-2026 16:00:29,350.15,N,-3.73,1601254532.8,EQ,REDINGTON,4487821,NIFTY TOTAL MKT
615.71,-24.1,626.8,608.1,25-Aug-2026 16:00:29,607,N,-3.81,1686083660.98,EQ,BALUFORGE,2738438,NIFTY TOTAL MKT
4585.4,-188.2,4768.7,4548,25-Aug-2026 16:00:29,4500.1,N,-3.97,5495721120.4,EQ,DATAPATTNS,1198526,NIFTY TOTAL MKT
678.38,-28,703.1,667.5,25-Aug-2026 16:00:29,663.3,N,-4.03,3398359534.36,EQ,BALRAMCHIN,5009522,NIFTY TOTAL MKT
1750.47,-77.1,1799.8,1699,25-Aug-2026 16:00:29,1695.2,N,-4.34,752217219.81,EQ,RUBICON,429723,NIFTY TOTAL MKT
667.27,-33,681.1,663.4,25-Aug-2026 16:00:29,643.55,N,-4.74,5530797512.65,EQ,IIFL,8288695,NIFTY TOTAL MKT
562.41,-28.4,588,546.6,25-Aug-2026 16:00:29,542.5,N,-4.94,670345477.56,EQ,SKIPPER,1191916,NIFTY TOTAL MKT
1446.99,-76,1526.5,1444,25-Aug-2026 16:00:29,1402,N,-5.00,3976426915.32,EQ,PARAS,2748068,NIFTY TOTAL MKT
1745.54,-102.4,1812,1717.1,25-Aug-2026 16:00:29,1712.6,N,-5.63,210632566.26,EQ,ATLANTAELE,120669,NIFTY TOTAL MKT
740.87,-49.8,782.5,730.3,25-Aug-2026 16:00:29,719,N,-6.38,1437103323.37,EQ,TDPOWERSYS,1939751,NIFTY TOTAL MKT
204.83,-14.99,213.89,198.7,25-Aug-2026 16:00:29,198.37,N,-7.01,930216190.98,EQ,RAIN,4541406,NIFTY TOTAL MKT
535.56,-42.75,551.85,531.4,25-Aug-2026 16:00:29,529.35,N,-7.45,23913957938.88,EQ,HINDCOPPER,44652248,NIFTY TOTAL MKT
4384.6,56.5,4420,4420,25-Aug-2026 16:00:29,4344.7,N,1.29,2311683888.8,EQ,TVSMOTOR,527228,NIFTY AUTO
48022.06,580,48680,48680,25-Aug-2026 16:00:29,47790,N,1.21,1334340959.16,EQ,BOSCHLTD,27786,NIFTY AUTO
11807.85,127,11927,11927,25-Aug-2026 16:00:29,11722,N,1.08,1880659885.2,EQ,BAJAJ-AUTO,159272,NIFTY AUTO
3417.23,28.9,3443,3443,25-Aug-2026 16:00:29,3396.8,N,0.85,3683849119.06,EQ,M&M,1078022,NIFTY AUTO
173.05,1.4,174.69,174.69,25-Aug-2026 16:00:29,171.58,N,0.81,1494425536.1,EQ,ASHOKLEY,8635802,NIFTY AUTO
2033.79,11.5,2052.5,2052.5,25-Aug-2026 16:00:29,2026,N,0.56,1137771274.86,EQ,BHARATFORG,559434,NIFTY AUTO
13543.55,58,13678,13678,25-Aug-2026 16:00:29,13450,N,0.43,4014700982.95,EQ,MARUTI,296429,NIFTY AUTO
2868.93,8,2893.9,2888,25-Aug-2026 16:00:29,2845.2,N,0.28,451813441.05,EQ,TIINDIA,157485,NIFTY AUTO
1250.6,2.1,1256.5,1253.4,25-Aug-2026 16:00:29,1240.5,N,0.17,581393935.2,EQ,UNOMINDA,464892,NIFTY AUTO
8031.16,8,8070,8055,25-Aug-2026 16:00:29,7984,N,0.10,1964606452.68,EQ,EICHERMOT,244623,NIFTY AUTO
312.64,-0.15,314.9,314.25,25-Aug-2026 16:00:29,310.55,N,-0.05,3434180949.12,EQ,TMPV,10984458,NIFTY AUTO
807.11,-4.7,814,808.8,25-Aug-2026 16:00:29,803,N,-0.58,1163897818.16,EQ,SONACOMS,1442056,NIFTY AUTO
449.92,-4.35,456,448.95,25-Aug-2026 16:00:29,446.7,N,-0.96,457820145.28,EQ,EXIDEIND,1017559,NIFTY AUTO
5621.83,-60.5,5682,5624.5,25-Aug-2026 16:00:29,5590,N,-1.06,2431194114.48,EQ,HEROMOTOCO,432456,NIFTY AUTO
165.94,-2.55,168.28,166.45,25-Aug-2026 16:00:29,164.81,N,-1.51,1444532093.18,EQ,MOTHERSON,8705147,NIFTY AUTO
431.88,10,438,438,25-Aug-2026 16:00:29,423.85,N,2.34,4094802414.84,EQ,VBL,9481343,NIFTY FMCG
5334.4,71.5,5382.5,5382.5,25-Aug-2026 16:00:29,5286,N,1.35,1926497222.4,EQ,BRITANNIA,361146,NIFTY FMCG
4623.56,30,4651.1,4630,25-Aug-2026 16:00:29,4571.6,N,0.65,1090452755.32,EQ,RADICO,235847,NIFTY FMCG
269.33,1.7,271.4,271.4,25-Aug-2026 16:00:29,267.65,N,0.63,2266336268.27,EQ,ITC,8414719,NIFTY FMCG
1347.22,8.3,1362.2,1355,25-Aug-2026 16:00:29,1328,N,0.62,138045591.74,EQ,UBL,102467,NIFTY FMCG
1466.04,7.7,1479,1479,25-Aug-2026 16:00:29,1458.8,N,0.52,2396154417.6,EQ,NESTLEIND,1634440,NIFTY FMCG
349.2,0.9,352.6,350.9,25-Aug-2026 16:00:29,346.95,N,0.26,521535438,EQ,PATANJALI,1493515,NIFTY FMCG
843.62,1.4,848,847.5,25-Aug-2026 16:00:29,838.2,N,0.17,428147273.44,EQ,MARICO,507512,NIFTY FMCG
923.62,0.3,930.9,929.2,25-Aug-2026 16:00:29,918.2,N,0.03,624860333.08,EQ,GODREJCP,676534,NIFTY FMCG
1870.12,-2.2,1878.5,1876.8,25-Aug-2026 16:00:29,1861.4,N,-0.12,362515281.52,EQ,COLPAL,193846,NIFTY FMCG
1055.77,-2,1061.7,1060.5,25-Aug-2026 16:00:29,1051.1,N,-0.19,757167626.67,EQ,TATACONSUM,717171,NIFTY FMCG
2020.45,-5.8,2029.2,2024.2,25-Aug-2026 16:00:29,2012,N,-0.29,2060016472.35,EQ,HINDUNILVR,1019583,NIFTY FMCG
1547.4,-5,1556.2,1550,25-Aug-2026 16:00:29,1542.2,N,-0.32,345099600.6,EQ,UNITDSPR,223019,NIFTY FMCG
403.69,-2.2,407,403.4,25-Aug-2026 16:00:29,400.6,N,-0.54,629634485.62,EQ,EMAMILTD,1559698,NIFTY FMCG
394.11,-3.4,398.1,395.05,25-Aug-2026 16:00:29,392.15,N,-0.85,1309847049.27,EQ,DABUR,3323557,NIFTY FMCG
11505.03,211,11729,11729,25-Aug-2026 16:00:29,11355,N,1.83,2255319525.87,EQ,OFSS,196029,NIFTY IT
1126.96,14,1144,1144,25-Aug-2026 16:00:29,1119.9,N,1.24,9152309249.52,EQ,INFY,8121237,NIFTY IT
1884.43,19.8,1899.9,1892.8,25-Aug-2026 16:00:29,1870,N,1.06,2427816697.08,EQ,COFORGE,1288356,NIFTY IT
1575.62,15.9,1599.9,1599.9,25-Aug-2026 16:00:29,1562,N,1.00,2179758400.98,EQ,TECHM,1383429,NIFTY IT
2283.22,12.1,2313.5,2296.2,25-Aug-2026 16:00:29,2262,N,0.53,6944662500.98,EQ,TCS,3041609,NIFTY IT
2416.27,4.9,2443.6,2431.9,25-Aug-2026 16:00:29,2400.5,N,0.20,189350998.55,EQ,MPHASIS,78365,NIFTY IT
4512.19,2.3,4550,4528,25-Aug-2026 16:00:29,4469.1,N,0.05,923076757.06,EQ,LTM,204574,NIFTY IT
1305.09,-6.2,1322.9,1315.8,25-Aug-2026 16:00:29,1294.4,N,-0.47,1716107214.06,EQ,HCLTECH,1314934,NIFTY IT
179.66,-1.22,181.29,180.09,25-Aug-2026 16:00:29,178.39,N,-0.67,1500605658.5,EQ,WIPRO,8352475,NIFTY IT
5620.01,-39,5687,5655,25-Aug-2026 16:00:29,5570.5,N,-0.68,2013509082.75,EQ,PERSISTENT,358275,NIFTY IT
354.27,9.5,360,357.45,25-Aug-2026 16:00:29,343.1,N,2.73,896717241.63,EQ,NAZARA,2531169,NIFTY MEDIA
645.35,1.35,650,645.1,25-Aug-2026 16:00:29,640.55,N,0.21,96670848.6,EQ,TIPSMUSIC,149796,NIFTY MEDIA
30.65,0.03,31.49,30.37,25-Aug-2026 16:00:29,29.99,N,0.10,182850482.7,EQ,NETWORK18,5965758,NIFTY MEDIA
105.49,0.08,107.4,104.65,25-Aug-2026 16:00:29,104.31,N,0.08,1904317083.9,EQ,ZEEL,18052110,NIFTY MEDIA
468.25,0.1,471,468.85,25-Aug-2026 16:00:29,465.6,N,0.02,98455649.75,EQ,SUNTV,210263,NIFTY MEDIA
1244.78,-2.8,1284.5,1229,25-Aug-2026 16:00:29,1218,N,-0.23,2469912392.48,EQ,PVRINOX,1984216,NIFTY MEDIA
10.57,-0.04,10.69,10.55,25-Aug-2026 16:00:29,10.51,N,-0.38,14185447.36,EQ,HATHWAY,1342048,NIFTY MEDIA
506.56,-3.45,515.9,506.6,25-Aug-2026 16:00:29,502.65,N,-0.68,100184904,EQ,SAREGAMA,197775,NIFTY MEDIA
205.64,-1.79,208.33,205.01,25-Aug-2026 16:00:29,204,N,-0.87,14693800.56,EQ,DBCORP,71454,NIFTY MEDIA
303.41,-7.4,309.5,300.4,25-Aug-2026 16:00:29,298.5,N,-2.40,207580075.37,EQ,PFOCUS,684157,NIFTY MEDIA
3038.97,111.4,3110,3110,25-Aug-2026 16:00:29,2962.5,N,3.72,6156685790.64,EQ,ADANIENT,2025912,NIFTY METAL
184.5,4.94,186.89,184.59,25-Aug-2026 16:00:29,180.3,N,2.75,12713010876,EQ,SAIL,68905208,NIFTY METAL
1832.92,8.3,1857.4,1840,25-Aug-2026 16:00:29,1808.5,N,0.45,440280214.44,EQ,LLOYDSME,240207,NIFTY METAL
1148.11,5.1,1157,1154.1,25-Aug-2026 16:00:29,1140.1,N,0.44,770185483.19,EQ,JINDALSTEL,670829,NIFTY METAL
184.65,0.64,187.27,186.94,25-Aug-2026 16:00:29,183.5,N,0.34,4538331393,EQ,TATASTEEL,24578020,NIFTY METAL
700.52,1.9,707.25,704.3,25-Aug-2026 16:00:29,696.65,N,0.27,112947641.68,EQ,JSL,161234,NIFTY METAL
85.68,0.04,86.28,85.94,25-Aug-2026 16:00:29,85.29,N,0.05,1412731081.44,EQ,NMDC,16488458,NIFTY METAL
2136.24,-5.7,2151.8,2139.3,25-Aug-2026 16:00:29,2124,N,-0.27,1307940711.12,EQ,APLAPOLLO,612263,NIFTY METAL
1316.28,-6.7,1326.3,1320.3,25-Aug-2026 16:00:29,1310.1,N,-0.50,1624939762.32,EQ,JSWSTEEL,1234494,NIFTY METAL
1048.52,-7.45,1057,1051.05,25-Aug-2026 16:00:29,1040.45,N,-0.70,3664885664.88,EQ,HINDALCO,3495294,NIFTY METAL
274.89,-2,276.8,275,25-Aug-2026 16:00:29,273,N,-0.72,2190940922.94,EQ,VEDL,7970246,NIFTY METAL
395.7,-5.5,402,397.8,25-Aug-2026 16:00:29,392.05,N,-1.36,1525714339.5,EQ,NATIONALUM,3855735,NIFTY METAL
593.92,-11.4,600.6,592.6,25-Aug-2026 16:00:29,586.85,N,-1.89,5647917281.28,EQ,HINDZINC,9509559,NIFTY METAL
2386.4,-78.2,2433.9,2331,25-Aug-2026 16:00:29,2301,N,-3.25,5919928161.6,EQ,WELCORP,2480694,NIFTY METAL
535.56,-42.75,551.85,531.4,25-Aug-2026 16:00:29,529.35,N,-7.45,23913957938.88,EQ,HINDCOPPER,44652248,NIFTY METAL
1835.64,65.2,1869.4,1866.2,25-Aug-2026 16:00:29,1796.5,N,3.62,6518256679.8,EQ,LAURUSLABS,3550945,NIFTY PHARMA
8612.28,248.5,8744.5,8744.5,25-Aug-2026 16:00:29,8497,N,2.92,4854923093.88,EQ,DIVISLAB,563721,NIFTY PHARMA
412.6,7.8,417.2,417.2,25-Aug-2026 16:00:29,407,N,1.91,1273791923.2,EQ,BIOCON,3087232,NIFTY PHARMA
1104.86,20.7,1125,1124.5,25-Aug-2026 16:00:29,1092.6,N,1.88,1273310270.18,EQ,ZYDUSLIFE,1152463,NIFTY PHARMA
1438.21,21.1,1459,1457,25-Aug-2026 16:00:29,1420.3,N,1.47,263582184.91,EQ,SAILIFE,183271,NIFTY PHARMA
2803.84,28.8,2835.9,2830.4,25-Aug-2026 16:00:29,2776.1,N,1.03,390437523.84,EQ,GLAND,139251,NIFTY PHARMA
4887.76,45.5,4932,4932,25-Aug-2026 16:00:29,4855.5,N,0.93,1050140123.76,EQ,TORNTPHARM,214851,NIFTY PHARMA
1934.8,14.8,1958.6,1935.2,25-Aug-2026 16:00:29,1911.6,N,0.77,827552656,EQ,IPCALAB,427720,NIFTY PHARMA
1912.58,12,1922,1922,25-Aug-2026 16:00:29,1896.2,N,0.63,2335344333.52,EQ,SUNPHARMA,1221044,NIFTY PHARMA
1613.94,9.8,1623.8,1617.8,25-Aug-2026 16:00:29,1598.8,N,0.61,951446680.92,EQ,AUROPHARMA,589518,NIFTY PHARMA
2399.66,9.3,2421,2400,25-Aug-2026 16:00:29,2376,N,0.39,1567565896.7,EQ,GLENMARK,653245,NIFTY PHARMA
1894.4,7,1914.2,1908,25-Aug-2026 16:00:29,1869.6,N,0.37,457647257.6,EQ,WOCKPHARMA,241579,NIFTY PHARMA
5319.61,18,5378,5368,25-Aug-2026 16:00:29,5297,N,0.34,255687054.65,EQ,ALKEM,48065,NIFTY PHARMA
26400.11,90,26560,26510,25-Aug-2026 16:00:29,26180,N,0.34,289978808.24,EQ,ABBOTINDIA,10984,NIFTY PHARMA
1186.95,3.5,1193.5,1193.5,25-Aug-2026 16:00:29,1175,N,0.29,1863337018.35,EQ,DRREDDY,1569853,NIFTY PHARMA
2357.58,-9.5,2374.4,2365,25-Aug-2026 16:00:29,2337.6,N,-0.40,979720659.96,EQ,MANKIND,415562,NIFTY PHARMA
3532.29,-16.5,3580,3563.4,25-Aug-2026 16:00:29,3500.7,N,-0.46,412465503.3,EQ,AJANTPHARM,116770,NIFTY PHARMA
2173.44,-12.5,2189.9,2175.5,25-Aug-2026 16:00:29,2158.1,N,-0.57,1185115975.68,EQ,LUPIN,545272,NIFTY PHARMA
1418.11,-15.9,1435.9,1422,25-Aug-2026 16:00:29,1411.1,N,-1.11,1133403145.85,EQ,CIPLA,799235,NIFTY PHARMA
208.21,-3.45,211.98,207.7,25-Aug-2026 16:00:29,206.4,N,-1.63,357454511.58,EQ,PPLPHARMA,1716798,NIFTY PHARMA
185.16,3.38,187.33,186.98,25-Aug-2026 16:00:29,181.4,N,1.84,2070268405.2,EQ,UNIONBANK,11180970,NIFTY PSU BANK
81.96,1.15,82.93,81.85,25-Aug-2026 16:00:29,80.51,N,1.43,1565794329.12,EQ,MAHABANK,19104372,NIFTY PSU BANK
142.93,1.99,143.99,143.99,25-Aug-2026 16:00:29,140.9,N,1.40,940496551.6,EQ,BANKINDIA,6580120,NIFTY PSU BANK
127.63,1.51,128.81,128.81,25-Aug-2026 16:00:29,126.25,N,1.19,1887203037.08,EQ,CANBK,14786516,NIFTY PSU BANK
876,7.55,881.75,878,25-Aug-2026 16:00:29,869,N,0.87,1251015600,EQ,INDIANB,1428100,NIFTY PSU BANK
1040.56,8.5,1048,1048,25-Aug-2026 16:00:29,1031.3,N,0.82,10387622244.88,EQ,SBIN,9982723,NIFTY PSU BANK
26.13,0.11,26.42,26,25-Aug-2026 16:00:29,25.9,N,0.42,145757085.63,EQ,UCOBANK,5578151,NIFTY PSU BANK
23.32,0.06,23.53,23.3,25-Aug-2026 16:00:29,23.15,N,0.26,23275482.12,EQ,PSB,998091,NIFTY PSU BANK
116.21,0.07,116.9,115.93,25-Aug-2026 16:00:29,115.01,N,0.06,1513828042.39,EQ,PNB,13026659,NIFTY PSU BANK
241.17,-0.5,242.9,241,25-Aug-2026 16:00:29,239.9,N,-0.21,2730259041.3,EQ,BANKBARODA,11320890,NIFTY PSU BANK
33.07,-0.14,33.45,33.04,25-Aug-2026 16:00:29,32.92,N,-0.42,82005299.43,EQ,IOB,2479749,NIFTY PSU BANK
30.92,-0.49,31.57,30.72,25-Aug-2026 16:00:29,30.65,N,-1.57,430083440.6,EQ,CENTRALBK,13909555,NIFTY PSU BANK
1420.44,7.7,1424.9,1422.7,25-Aug-2026 16:00:29,1408,N,0.54,11339726209.56,EQ,ICICIBANK,7983249,NIFTY PVT BANK
400.58,0.15,402.05,401.6,25-Aug-2026 16:00:29,398.15,N,0.04,4067776135.28,EQ,KOTAKBANK,10154716,NIFTY PVT BANK
1234.17,-1,1240.5,1235,25-Aug-2026 16:00:29,1229.8,N,-0.08,4451039041.68,EQ,AXISBANK,3606504,NIFTY PVT BANK
725.08,-1.5,728.7,727.5,25-Aug-2026 16:00:29,722,N,-0.21,12697509599.92,EQ,HDFCBANK,17511874,NIFTY PVT BANK
173.8,-0.4,175.47,173.5,25-Aug-2026 16:00:29,172.45,N,-0.23,753722457.4,EQ,BANDHANBNK,4336723,NIFTY PVT BANK
1011.68,-3.4,1022,1015,25-Aug-2026 16:00:29,1003.6,N,-0.33,1443891952.96,EQ,INDUSINDBK,1427222,NIFTY PVT BANK
22.51,-0.1,22.67,22.5,25-Aug-2026 16:00:29,22.42,N,-0.44,1446583788.01,EQ,YESBANK,64264051,NIFTY PVT BANK
384.4,-4,389.4,384,25-Aug-2026 16:00:29,380.6,N,-1.03,578272140,EQ,RBLBANK,1504350,NIFTY PVT BANK
85.49,-0.89,86.17,85,25-Aug-2026 16:00:29,85,N,-1.04,1007556158.89,EQ,IDFCFIRSTB,11785661,NIFTY PVT BANK
347.9,-10.8,358.7,346.95,25-Aug-2026 16:00:29,342.05,N,-3.02,5613117403.6,EQ,FEDERALBNK,16134284,NIFTY PVT BANK
1272.47,22.7,1283,1281.1,25-Aug-2026 16:00:29,1253.1,N,1.80,2841207917.63,EQ,LODHA,2232829,NIFTY REALTY
662.5,4,671,658.1,25-Aug-2026 16:00:29,643.3,N,0.61,533258837.5,EQ,BRIGADE,804919,NIFTY REALTY
1870.06,10,1882.4,1880,25-Aug-2026 16:00:29,1858.8,N,0.53,284905511.06,EQ,OBEROIRLTY,152351,NIFTY REALTY
2028.75,9.1,2049,2049,25-Aug-2026 16:00:29,2011.5,N,0.45,779831212.5,EQ,GODREJPROP,384390,NIFTY REALTY
1929.66,-2,1959.6,1930,25-Aug-2026 16:00:29,1915,N,-0.10,523746387.54,EQ,PHOENIXLTD,271419,NIFTY REALTY
613.17,-1.25,616.4,613.35,25-Aug-2026 16:00:29,609,N,-0.20,503573220.54,EQ,ANANTRAJ,821262,NIFTY REALTY
1617.32,-12.8,1631.9,1623,25-Aug-2026 16:00:29,1606.2,N,-0.78,462574545.16,EQ,PRESTIGE,286013,NIFTY REALTY
681.98,-6.05,688.2,682.95,25-Aug-2026 16:00:29,678.3,N,-0.88,1472294568.94,EQ,DLF,2158853,NIFTY REALTY
1284.03,-12,1304.8,1277.1,25-Aug-2026 16:00:29,1272.7,N,-0.93,86185377.63,EQ,SOBHA,67121,NIFTY REALTY
1414.28,-23.7,1434.4,1406.1,25-Aug-2026 16:00:29,1401.1,N,-1.66,167374380.88,EQ,ABREL,118346,NIFTY REALTY
1835.64,65.2,1869.4,1866.2,25-Aug-2026 16:00:29,1796.5,N,3.62,6518256679.8,EQ,LAURUSLABS,3550945,NIFTY HEALTHCARE
8612.28,248.5,8744.5,8744.5,25-Aug-2026 16:00:29,8497,N,2.92,4854923093.88,EQ,DIVISLAB,563721,NIFTY HEALTHCARE
995.99,25.5,1016,1016,25-Aug-2026 16:00:29,980.3,N,2.57,1882385244.36,EQ,MAXHEALTH,1889964,NIFTY HEALTHCARE
8741.93,187,8889,8889,25-Aug-2026 16:00:29,8640,N,2.15,2245093720.67,EQ,APOLLOHOSP,256819,NIFTY HEALTHCARE
412.6,7.8,417.2,417.2,25-Aug-2026 16:00:29,407,N,1.91,1273791923.2,EQ,BIOCON,3087232,NIFTY HEALTHCARE
1104.86,20.7,1125,1124.5,25-Aug-2026 16:00:29,1092.6,N,1.88,1273310270.18,EQ,ZYDUSLIFE,1152463,NIFTY HEALTHCARE
401.98,7.45,407,406,25-Aug-2026 16:00:29,396.25,N,1.87,160446699.18,EQ,SYNGENE,399141,NIFTY HEALTHCARE
4887.76,45.5,4932,4932,25-Aug-2026 16:00:29,4855.5,N,0.93,1050140123.76,EQ,TORNTPHARM,214851,NIFTY HEALTHCARE
1934.8,14.8,1958.6,1935.2,25-Aug-2026 16:00:29,1911.6,N,0.77,827552656,EQ,IPCALAB,427720,NIFTY HEALTHCARE
911.19,5.95,923.95,923.95,25-Aug-2026 16:00:29,901.4,N,0.65,1365410925.48,EQ,FORTIS,1498492,NIFTY HEALTHCARE
1912.58,12,1922,1922,25-Aug-2026 16:00:29,1896.2,N,0.63,2335344333.52,EQ,SUNPHARMA,1221044,NIFTY HEALTHCARE
1613.94,9.8,1623.8,1617.8,25-Aug-2026 16:00:29,1598.8,N,0.61,951446680.92,EQ,AUROPHARMA,589518,NIFTY HEALTHCARE
2399.66,9.3,2421,2400,25-Aug-2026 16:00:29,2376,N,0.39,1567565896.7,EQ,GLENMARK,653245,NIFTY HEALTHCARE
5319.61,18,5378,5368,25-Aug-2026 16:00:29,5297,N,0.34,255687054.65,EQ,ALKEM,48065,NIFTY HEALTHCARE
26400.11,90,26560,26510,25-Aug-2026 16:00:29,26180,N,0.34,289978808.24,EQ,ABBOTINDIA,10984,NIFTY HEALTHCARE
1186.95,3.5,1193.5,1193.5,25-Aug-2026 16:00:29,1175,N,0.29,1863337018.35,EQ,DRREDDY,1569853,NIFTY HEALTHCARE
2357.58,-9.5,2374.4,2365,25-Aug-2026 16:00:29,2337.6,N,-0.40,979720659.96,EQ,MANKIND,415562,NIFTY HEALTHCARE
2173.44,-12.5,2189.9,2175.5,25-Aug-2026 16:00:29,2158.1,N,-0.57,1185115975.68,EQ,LUPIN,545272,NIFTY HEALTHCARE
1418.11,-15.9,1435.9,1422,25-Aug-2026 16:00:29,1411.1,N,-1.11,1133403145.85,EQ,CIPLA,799235,NIFTY HEALTHCARE
208.21,-3.45,211.98,207.7,25-Aug-2026 16:00:29,206.4,N,-1.63,357454511.58,EQ,PPLPHARMA,1716798,NIFTY HEALTHCARE
14649.88,420,14990,14990,25-Aug-2026 16:00:29,14400,N,2.88,7653683307.2,EQ,DIXON,522440,NIFTY CONSR DURBL
1681.62,22.5,1695,1686.7,25-Aug-2026 16:00:29,1654,N,1.35,1033590916.8,EQ,LGEINDIA,614640,NIFTY CONSR DURBL
5086.99,45.8,5124.8,5124.8,25-Aug-2026 16:00:29,5052.7,N,0.90,1767805329.85,EQ,TITAN,347515,NIFTY CONSR DURBL
1211.88,9.3,1227,1214.9,25-Aug-2026 16:00:29,1192.4,N,0.77,199616026.08,EQ,KAJARIACER,164716,NIFTY CONSR DURBL
614.66,4.65,625.3,612.6,25-Aug-2026 16:00:29,604.25,N,0.76,7223695148.38,EQ,KALYANKJIL,11752343,NIFTY CONSR DURBL
1508.17,11,1516,1515,25-Aug-2026 16:00:29,1493.7,N,0.73,509503562.93,EQ,BLUESTARCO,337829,NIFTY CONSR DURBL
7397.44,54,7445,7432,25-Aug-2026 16:00:29,7307.5,N,0.73,1260065134.72,EQ,AMBER,170338,NIFTY CONSR DURBL
1235.67,1,1244.9,1243,25-Aug-2026 16:00:29,1228.1,N,0.08,393866105.49,EQ,VOLTAS,318747,NIFTY CONSR DURBL
1269.6,0.6,1299.1,1269.1,25-Aug-2026 16:00:29,1252.3,N,0.05,809662008,EQ,HAVELLS,637730,NIFTY CONSR DURBL
684.11,0.25,689.35,686.5,25-Aug-2026 16:00:29,680.8,N,0.04,76397984.25,EQ,BATAINDIA,111675,NIFTY CONSR DURBL
765.43,-1.5,772,767.55,25-Aug-2026 16:00:29,761.65,N,-0.20,69523241.47,EQ,WHIRLPOOL,90829,NIFTY CONSR DURBL
597.07,-2.65,601.6,594.35,25-Aug-2026 16:00:29,592.05,N,-0.44,334243368.42,EQ,PGEL,559806,NIFTY CONSR DURBL
242.82,-3,246.15,243,25-Aug-2026 16:00:29,241.25,N,-1.22,904105789.56,EQ,CROMPTON,3723358,NIFTY CONSR DURBL
314.85,6.2,319.75,318.1,25-Aug-2026 16:00:29,311.1,N,1.99,2075639494.35,EQ,BPCL,6592471,NIFTY OIL AND GAS
174.08,1.75,176.29,175.5,25-Aug-2026 16:00:29,172.39,N,1.01,1364353392.64,EQ,GAIL,7837508,NIFTY OIL AND GAS
148.49,1.08,149.3,148.8,25-Aug-2026 16:00:29,147.11,N,0.73,136360891.33,EQ,IGL,918317,NIFTY OIL AND GAS
638.69,4.5,644.95,644.1,25-Aug-2026 16:00:29,635.45,N,0.70,308632252.63,EQ,ATGL,483227,NIFTY OIL AND GAS
1305.89,7.2,1317.1,1317,25-Aug-2026 16:00:29,1300,N,0.55,9291870940.95,EQ,RELIANCE,7115355,NIFTY OIL AND GAS
137.86,0.5,139,139,25-Aug-2026 16:00:29,137,N,0.36,1058312894.92,EQ,IOC,7676722,NIFTY OIL AND GAS
372,1.25,374.15,373.2,25-Aug-2026 16:00:29,369.5,N,0.34,2121826620,EQ,HINDPETRO,5703835,NIFTY OIL AND GAS
187.04,-0.27,188,186.6,25-Aug-2026 16:00:29,186.25,N,-0.14,213211946.08,EQ,CASTROLIND,1139927,NIFTY OIL AND GAS
1402.53,-10.2,1420,1401.9,25-Aug-2026 16:00:29,1389.6,N,-0.72,815020000.71,EQ,CHENNPETRO,581107,NIFTY OIL AND GAS
234.52,-2.55,236.55,234,25-Aug-2026 16:00:29,233.35,N,-1.08,2843338303.52,EQ,ONGC,12124076,NIFTY OIL AND GAS
268.63,-3,273.05,267.3,25-Aug-2026 16:00:29,266.1,N,-1.11,94588652.45,EQ,AEGISVOPAK,352115,NIFTY OIL AND GAS
293.65,-3.45,295.7,292.5,25-Aug-2026 16:00:29,291.6,N,-1.17,511209118.35,EQ,PETRONET,1740879,NIFTY OIL AND GAS
1336.25,-22.7,1361.2,1318.8,25-Aug-2026 16:00:29,1311.1,N,-1.69,763831233.75,EQ,AEGISLOG,571623,NIFTY OIL AND GAS
471.21,-9.5,479,467.5,25-Aug-2026 16:00:29,466.05,N,-1.99,576402920.4,EQ,OIL,1223240,NIFTY OIL AND GAS
1111.9,-26.6,1131,1101.1,25-Aug-2026 16:00:29,1100,N,-2.36,292310726.7,EQ,MGL,262893,NIFTY OIL AND GAS
3243.82,128,3325,3301,25-Aug-2026 16:00:29,3138,N,4.03,1328435116.96,EQ,ACUTAAS,409528,NIFTY MIDSML HLTH
1835.64,65.2,1869.4,1866.2,25-Aug-2026 16:00:29,1796.5,N,3.62,6518256679.8,EQ,LAURUSLABS,3550945,NIFTY MIDSML HLTH
2951.8,76.2,3010,3007.9,25-Aug-2026 16:00:29,2917.6,N,2.60,514900184.8,EQ,GLAXO,174436,NIFTY MIDSML HLTH
761.73,15.15,767,766.05,25-Aug-2026 16:00:29,752,N,2.02,1521935016.54,EQ,ASTERDM,1997998,NIFTY MIDSML HLTH
412.6,7.8,417.2,417.2,25-Aug-2026 16:00:29,407,N,1.91,1273791923.2,EQ,BIOCON,3087232,NIFTY MIDSML HLTH
1879.9,35.1,1896,1894.9,25-Aug-2026 16:00:29,1860.1,N,1.89,446752595.3,EQ,NH,237647,NIFTY MIDSML HLTH
401.98,7.45,407,406,25-Aug-2026 16:00:29,396.25,N,1.87,160446699.18,EQ,SYNGENE,399141,NIFTY MIDSML HLTH
1905.59,29,1929.8,1912.8,25-Aug-2026 16:00:29,1875.1,N,1.54,371079351.88,EQ,LALPATHLAB,194732,NIFTY MIDSML HLTH
1438.21,21.1,1459,1457,25-Aug-2026 16:00:29,1420.3,N,1.47,263582184.91,EQ,SAILIFE,183271,NIFTY MIDSML HLTH
2803.84,28.8,2835.9,2830.4,25-Aug-2026 16:00:29,2776.1,N,1.03,390437523.84,EQ,GLAND,139251,NIFTY MIDSML HLTH
1934.8,14.8,1958.6,1935.2,25-Aug-2026 16:00:29,1911.6,N,0.77,827552656,EQ,IPCALAB,427720,NIFTY MIDSML HLTH
911.19,5.95,923.95,923.95,25-Aug-2026 16:00:29,901.4,N,0.65,1365410925.48,EQ,FORTIS,1498492,NIFTY MIDSML HLTH
1613.94,9.8,1623.8,1617.8,25-Aug-2026 16:00:29,1598.8,N,0.61,951446680.92,EQ,AUROPHARMA,589518,NIFTY MIDSML HLTH
1401.72,8.4,1414,1413.9,25-Aug-2026 16:00:29,1393,N,0.60,97324223.04,EQ,MEDANTA,69432,NIFTY MIDSML HLTH
774.24,3.75,783.4,770.1,25-Aug-2026 16:00:29,765.5,N,0.49,866613025.92,EQ,KIMS,1119308,NIFTY MIDSML HLTH
2399.66,9.3,2421,2400,25-Aug-2026 16:00:29,2376,N,0.39,1567565896.7,EQ,GLENMARK,653245,NIFTY MIDSML HLTH
1894.4,7,1914.2,1908,25-Aug-2026 16:00:29,1869.6,N,0.37,457647257.6,EQ,WOCKPHARMA,241579,NIFTY MIDSML HLTH
22931.99,84,23044,22989,25-Aug-2026 16:00:29,22637,N,0.37,862953715.69,EQ,NEULANDLAB,37631,NIFTY MIDSML HLTH
26400.11,90,26560,26510,25-Aug-2026 16:00:29,26180,N,0.34,289978808.24,EQ,ABBOTINDIA,10984,NIFTY MIDSML HLTH
5319.61,18,5378,5368,25-Aug-2026 16:00:29,5297,N,0.34,255687054.65,EQ,ALKEM,48065,NIFTY MIDSML HLTH
1734.43,-3.7,1753,1733.5,25-Aug-2026 16:00:29,1713,N,-0.21,135899528.22,EQ,POLYMED,78354,NIFTY MIDSML HLTH
2357.58,-9.5,2374.4,2365,25-Aug-2026 16:00:29,2337.6,N,-0.40,979720659.96,EQ,MANKIND,415562,NIFTY MIDSML HLTH
3532.29,-16.5,3580,3563.4,25-Aug-2026 16:00:29,3500.7,N,-0.46,412465503.3,EQ,AJANTPHARM,116770,NIFTY MIDSML HLTH
2173.44,-12.5,2189.9,2175.5,25-Aug-2026 16:00:29,2158.1,N,-0.57,1185115975.68,EQ,LUPIN,545272,NIFTY MIDSML HLTH
444.26,-3.75,450,445,25-Aug-2026 16:00:29,441,N,-0.84,282144639.14,EQ,COHANCE,635089,NIFTY MIDSML HLTH
847.98,-10.9,857.8,844.4,25-Aug-2026 16:00:29,842,N,-1.27,514266798.78,EQ,GRANULES,606461,NIFTY MIDSML HLTH
1522.9,-20.7,1536.2,1511.1,25-Aug-2026 16:00:29,1511.1,N,-1.35,91428824.4,EQ,ONESOURCE,60036,NIFTY MIDSML HLTH
208.21,-3.45,211.98,207.7,25-Aug-2026 16:00:29,206.4,N,-1.63,357454511.58,EQ,PPLPHARMA,1716798,NIFTY MIDSML HLTH
869.52,-17.1,885.05,866.95,25-Aug-2026 16:00:29,865,N,-1.93,385601686.8,EQ,NATCOPHARM,443465,NIFTY MIDSML HLTH
4783.33,-131.4,4880.9,4750.1,25-Aug-2026 16:00:29,4750,N,-2.69,118961417.1,EQ,PFIZER,24870,NIFTY MIDSML HLTH
1676.84,94.5,1718,1718,25-Aug-2026 16:00:29,1612,N,5.82,16955084274.04,EQ,PAYTM,10111331,NIFTY FINSEREXBNK
295.3,14.9,301.55,300.9,25-Aug-2026 16:00:29,284,N,5.21,3196809424.9,EQ,ANGELONE,10825633,NIFTY FINSEREXBNK
2661.87,80,2698,2698,25-Aug-2026 16:00:29,2606.8,N,3.06,3081223661.67,EQ,HDFCAMC,1157541,NIFTY FINSEREXBNK
498.16,14.6,506.4,506,25-Aug-2026 16:00:29,489.15,N,2.97,1801935385.12,EQ,LICHSGFIN,3617182,NIFTY FINSEREXBNK
1125.59,19.5,1138.5,1138.5,25-Aug-2026 16:00:29,1112,N,1.74,2747095818.97,EQ,SHRIRAMFIN,2440583,NIFTY FINSEREXBNK
1199.97,20.2,1210,1210,25-Aug-2026 16:00:29,1186.4,N,1.70,647512211.79,EQ,360ONE,539607,NIFTY FINSEREXBNK
11180.93,170,11290,11290,25-Aug-2026 16:00:29,10811,N,1.53,722388706.37,EQ,BAJAJHLDNG,64609,NIFTY FINSEREXBNK
1167.43,17,1183,1182,25-Aug-2026 16:00:29,1157.4,N,1.46,781393587.04,EQ,PNBHOUSING,669328,NIFTY FINSEREXBNK
1589.82,22.7,1600.4,1592.5,25-Aug-2026 16:00:29,1570,N,1.45,1501979265.36,EQ,MFSL,944748,NIFTY FINSEREXBNK
1843.52,26.3,1873,1873,25-Aug-2026 16:00:29,1821.1,N,1.42,790433165.76,EQ,CHOLAFIN,428763,NIFTY FINSEREXBNK
318.75,3.65,320.8,319.5,25-Aug-2026 16:00:29,315.15,N,1.16,1198571081.25,EQ,LTF,3760223,NIFTY FINSEREXBNK
1078.38,10.4,1087.4,1087.4,25-Aug-2026 16:00:29,1066.3,N,0.97,2987650711.62,EQ,BAJFINANCE,2770499,NIFTY FINSEREXBNK
363.73,3,367,367,25-Aug-2026 16:00:29,362.1,N,0.82,2309361052.84,EQ,PFC,6349108,NIFTY FINSEREXBNK
1797.15,13.3,1815,1798.3,25-Aug-2026 16:00:29,1775,N,0.75,2398151105.85,EQ,POLICYBZR,1334419,NIFTY FINSEREXBNK
1390.16,9.7,1400.2,1394.8,25-Aug-2026 16:00:29,1375.2,N,0.70,1386736035.92,EQ,CDSL,997537,NIFTY FINSEREXBNK
423.98,2.15,428.15,424,25-Aug-2026 16:00:29,420.2,N,0.51,4963744578.06,EQ,LICI,11707497,NIFTY FINSEREXBNK
241.47,1.15,243.15,243.15,25-Aug-2026 16:00:29,240.4,N,0.48,2366572372.83,EQ,JIOFIN,9800689,NIFTY FINSEREXBNK
3277.54,12,3308.7,3280,25-Aug-2026 16:00:29,3254.3,N,0.37,6653071890.92,EQ,MCX,2029898,NIFTY FINSEREXBNK
649.41,0.7,654.6,651,25-Aug-2026 16:00:29,645.75,N,0.11,788805856.5,EQ,SBICARD,1214650,NIFTY FINSEREXBNK
1997.52,2.3,2011.7,2004,25-Aug-2026 16:00:29,1985,N,0.11,819224899.92,EQ,BAJAJFINSV,410121,NIFTY FINSEREXBNK
508.65,-1.25,513.3,510,25-Aug-2026 16:00:29,506.25,N,-0.24,476878703.7,EQ,ICICIPRULI,937538,NIFTY FINSEREXBNK
1612.46,-4,1622.3,1616,25-Aug-2026 16:00:29,1602,N,-0.25,1139764126.08,EQ,ICICIGI,706848,NIFTY FINSEREXBNK
3202.13,-8,3227.7,3201,25-Aug-2026 16:00:29,3166.4,N,-0.25,2682475535.08,EQ,MUTHOOTFIN,837716,NIFTY FINSEREXBNK
746.48,-2.05,752.75,749.95,25-Aug-2026 16:00:29,742.3,N,-0.27,605627435.28,EQ,CAMS,811311,NIFTY FINSEREXBNK
3300.33,-9.7,3324,3303,25-Aug-2026 16:00:29,3285.3,N,-0.29,7314254052.27,EQ,BSE,2216219,NIFTY FINSEREXBNK
1759.63,-6.8,1774.4,1755,25-Aug-2026 16:00:29,1751.2,N,-0.39,2888735301.36,EQ,SBILIFE,1641672,NIFTY FINSEREXBNK
408.5,-2.05,414.5,410.85,25-Aug-2026 16:00:29,405.3,N,-0.50,1615015779.5,EQ,ABCAPITAL,3953527,NIFTY FINSEREXBNK
326.47,-1.9,329,326,25-Aug-2026 16:00:29,323.45,N,-0.58,1377469321.01,EQ,RECLTD,4219283,NIFTY FINSEREXBNK
85.53,-0.54,86.44,85.45,25-Aug-2026 16:00:29,85.05,N,-0.63,821642063.34,EQ,IRFC,9606478,NIFTY FINSEREXBNK
550.73,-6.25,555.65,546.7,25-Aug-2026 16:00:29,545.8,N,-1.13,1247298811.3,EQ,HDFCLIFE,2264810,NIFTY FINSEREXBNK
1676.84,94.5,1718,1718,25-Aug-2026 16:00:29,1612,N,5.82,16955084274.04,EQ,PAYTM,10111331,NIFTY MS FIN SERV
295.3,14.9,301.55,300.9,25-Aug-2026 16:00:29,284,N,5.21,3196809424.9,EQ,ANGELONE,10825633,NIFTY MS FIN SERV
498.16,14.6,506.4,506,25-Aug-2026 16:00:29,489.15,N,2.97,1801935385.12,EQ,LICHSGFIN,3617182,NIFTY MS FIN SERV
1199.97,20.2,1210,1210,25-Aug-2026 16:00:29,1186.4,N,1.70,647512211.79,EQ,360ONE,539607,NIFTY MS FIN SERV
1167.43,17,1183,1182,25-Aug-2026 16:00:29,1157.4,N,1.46,781393587.04,EQ,PNBHOUSING,669328,NIFTY MS FIN SERV
1589.82,22.7,1600.4,1592.5,25-Aug-2026 16:00:29,1570,N,1.45,1501979265.36,EQ,MFSL,944748,NIFTY MS FIN SERV
142.93,1.99,143.99,143.99,25-Aug-2026 16:00:29,140.9,N,1.40,940496551.6,EQ,BANKINDIA,6580120,NIFTY MS FIN SERV
1134.8,14.6,1144.1,1128.6,25-Aug-2026 16:00:29,1105.1,N,1.31,6454759422,EQ,AUBANK,5688015,NIFTY MS FIN SERV
318.75,3.65,320.8,319.5,25-Aug-2026 16:00:29,315.15,N,1.16,1198571081.25,EQ,LTF,3760223,NIFTY MS FIN SERV
123.19,1.19,124.28,124.2,25-Aug-2026 16:00:29,122.51,N,0.97,277309929.25,EQ,IEX,2251075,NIFTY MS FIN SERV
876,7.55,881.75,878,25-Aug-2026 16:00:29,869,N,0.87,1251015600,EQ,INDIANB,1428100,NIFTY MS FIN SERV
1797.15,13.3,1815,1798.3,25-Aug-2026 16:00:29,1775,N,0.75,2398151105.85,EQ,POLICYBZR,1334419,NIFTY MS FIN SERV
1390.16,9.7,1400.2,1394.8,25-Aug-2026 16:00:29,1375.2,N,0.70,1386736035.92,EQ,CDSL,997537,NIFTY MS FIN SERV
366.84,2.4,369.7,367.45,25-Aug-2026 16:00:29,363.3,N,0.66,1752808108.68,EQ,MANAPPURAM,4778127,NIFTY MS FIN SERV
423.98,2.15,428.15,424,25-Aug-2026 16:00:29,420.2,N,0.51,4963744578.06,EQ,LICI,11707497,NIFTY MS FIN SERV
3277.54,12,3308.7,3280,25-Aug-2026 16:00:29,3254.3,N,0.37,6653071890.92,EQ,MCX,2029898,NIFTY MS FIN SERV
649.41,0.7,654.6,651,25-Aug-2026 16:00:29,645.75,N,0.11,788805856.5,EQ,SBICARD,1214650,NIFTY MS FIN SERV
173.8,-0.4,175.47,173.5,25-Aug-2026 16:00:29,172.45,N,-0.23,753722457.4,EQ,BANDHANBNK,4336723,NIFTY MS FIN SERV
508.65,-1.25,513.3,510,25-Aug-2026 16:00:29,506.25,N,-0.24,476878703.7,EQ,ICICIPRULI,937538,NIFTY MS FIN SERV
1612.46,-4,1622.3,1616,25-Aug-2026 16:00:29,1602,N,-0.25,1139764126.08,EQ,ICICIGI,706848,NIFTY MS FIN SERV
746.48,-2.05,752.75,749.95,25-Aug-2026 16:00:29,742.3,N,-0.27,605627435.28,EQ,CAMS,811311,NIFTY MS FIN SERV
3300.33,-9.7,3324,3303,25-Aug-2026 16:00:29,3285.3,N,-0.29,7314254052.27,EQ,BSE,2216219,NIFTY MS FIN SERV
1011.68,-3.4,1022,1015,25-Aug-2026 16:00:29,1003.6,N,-0.33,1443891952.96,EQ,INDUSINDBK,1427222,NIFTY MS FIN SERV
186.56,-0.73,187.83,186.8,25-Aug-2026 16:00:29,185.75,N,-0.39,168243912.32,EQ,HUDCO,901822,NIFTY MS FIN SERV
964.64,-3.9,976.6,966,25-Aug-2026 16:00:29,956.2,N,-0.40,682013020.32,EQ,KFINTECH,707013,NIFTY MS FIN SERV
22.51,-0.1,22.67,22.5,25-Aug-2026 16:00:29,22.42,N,-0.44,1446583788.01,EQ,YESBANK,64264051,NIFTY MS FIN SERV
408.5,-2.05,414.5,410.85,25-Aug-2026 16:00:29,405.3,N,-0.50,1615015779.5,EQ,ABCAPITAL,3953527,NIFTY MS FIN SERV
384.4,-4,389.4,384,25-Aug-2026 16:00:29,380.6,N,-1.03,578272140,EQ,RBLBANK,1504350,NIFTY MS FIN SERV
85.49,-0.89,86.17,85,25-Aug-2026 16:00:29,85,N,-1.04,1007556158.89,EQ,IDFCFIRSTB,11785661,NIFTY MS FIN SERV
347.9,-10.8,358.7,346.95,25-Aug-2026 16:00:29,342.05,N,-3.02,5613117403.6,EQ,FEDERALBNK,16134284,NIFTY MS FIN SERV
14.9,1.12,15.31,15.19,25-Aug-2026 16:00:29,14.08,N,7.96,22863605950.2,EQ,IDEA,1534470198,NIFTY MS IT TELCM
964.63,66,989,975.05,25-Aug-2026 16:00:29,898.65,N,7.26,4545932701.34,EQ,CYIENT,4712618,NIFTY MS IT TELCM
383.35,13,388.6,387.25,25-Aug-2026 16:00:29,374.25,N,3.47,2681792011.25,EQ,INDUSTOWER,6995675,NIFTY MS IT TELCM
11505.03,211,11729,11729,25-Aug-2026 16:00:29,11355,N,1.83,2255319525.87,EQ,OFSS,196029,NIFTY MS IT TELCM
582.17,8.9,592,592,25-Aug-2026 16:00:29,577,N,1.53,921559391.41,EQ,KPITTECH,1582973,NIFTY MS IT TELCM
1884.43,19.8,1899.9,1892.8,25-Aug-2026 16:00:29,1870,N,1.06,2427816697.08,EQ,COFORGE,1288356,NIFTY MS IT TELCM
1697.48,11.5,1710.9,1700,25-Aug-2026 16:00:29,1677.3,N,0.68,706820487.12,EQ,TATACOMM,416394,NIFTY MS IT TELCM
43.41,0.12,44,43.35,25-Aug-2026 16:00:29,42.79,N,0.28,658198047.6,EQ,SAGILITY,15162360,NIFTY MS IT TELCM
2416.27,4.9,2443.6,2431.9,25-Aug-2026 16:00:29,2400.5,N,0.20,189350998.55,EQ,MPHASIS,78365,NIFTY MS IT TELCM
796.19,-0.4,804.85,797.1,25-Aug-2026 16:00:29,784.65,N,-0.05,1060389727.7,EQ,TATATECH,1331830,NIFTY MS IT TELCM
3638.33,-7.6,3701.3,3665.9,25-Aug-2026 16:00:29,3612.2,N,-0.21,589922464.53,EQ,TATAELXSI,162141,NIFTY MS IT TELCM
3569.73,-14.6,3609.3,3570,25-Aug-2026 16:00:29,3550.1,N,-0.41,130255877.97,EQ,LTTS,36489,NIFTY MS IT TELCM
238.88,-1.42,244.3,237,25-Aug-2026 16:00:29,235.65,N,-0.60,3835436975.2,EQ,HFCL,16055915,NIFTY MS IT TELCM
1599.45,-10.8,1611.3,1595,25-Aug-2026 16:00:29,1587.3,N,-0.67,89866697.7,EQ,BHARTIHEXA,56186,NIFTY MS IT TELCM
5620.01,-39,5687,5655,25-Aug-2026 16:00:29,5570.5,N,-0.68,2013509082.75,EQ,PERSISTENT,358275,NIFTY MS IT TELCM
682.49,-4.8,688.3,682.7,25-Aug-2026 16:00:29,679,N,-0.70,87786641.23,EQ,INTELLECT,128627,NIFTY MS IT TELCM
473.26,-4.9,484.35,472,25-Aug-2026 16:00:29,468.55,N,-1.03,229848184.2,EQ,ZENSARTECH,485670,NIFTY MS IT TELCM
554.68,-7.4,561.5,555.1,25-Aug-2026 16:00:29,548.85,N,-1.32,123461229.08,EQ,HEXT,222581,NIFTY MS IT TELCM
1703.58,-29.5,1735.1,1710.5,25-Aug-2026 16:00:29,1683.4,N,-1.70,226746498,EQ,AFFLE,133100,NIFTY MS IT TELCM
301.2,-8.65,307.05,298.1,25-Aug-2026 16:00:29,297.05,N,-2.82,203537707.2,EQ,SONATSOFTW,675756,NIFTY MS IT TELCM
576.88,13.1,585,585,25-Aug-2026 16:00:29,570.55,N,2.29,2229351606.24,EQ,UPL,3864498,NIFTY CHEMICALS
1758.5,25.7,1782,1756,25-Aug-2026 16:00:29,1737,N,1.49,903459269.5,EQ,DEEPAKNTR,513767,NIFTY CHEMICALS
2472.05,33,2508,2508,25-Aug-2026 16:00:29,2453.1,N,1.33,461247449.25,EQ,PIIND,186585,NIFTY CHEMICALS
6460.53,80.5,6510,6505.5,25-Aug-2026 16:00:29,6386.5,N,1.25,198583771.14,EQ,ATUL,30738,NIFTY CHEMICALS
4063.8,50.4,4095.8,4094,25-Aug-2026 16:00:29,4030.5,N,1.25,82755223.2,EQ,BAYERCROP,20364,NIFTY CHEMICALS
8150.46,23,8222.5,8210,25-Aug-2026 16:00:29,8090,N,0.28,693775305.66,EQ,NAVINFLUOR,85121,NIFTY CHEMICALS
320.65,0.8,324.95,322,25-Aug-2026 16:00:29,317.5,N,0.25,230697734.85,EQ,PCBL,719469,NIFTY CHEMICALS
522.67,0.25,530.3,523.7,25-Aug-2026 16:00:29,518.3,N,0.05,78926306.02,EQ,SUMICHEM,151006,NIFTY CHEMICALS
626.67,0.1,632.5,627.05,25-Aug-2026 16:00:29,624,N,0.02,174016858.95,EQ,TATACHEM,277685,NIFTY CHEMICALS
2557.64,-5.8,2589,2575,25-Aug-2026 16:00:29,2543.5,N,-0.22,1150585045.68,EQ,SRF,449862,NIFTY CHEMICALS
4618.51,-17.6,4675.9,4605,25-Aug-2026 16:00:29,4585,N,-0.38,392213106.22,EQ,FLUOROCHEM,84922,NIFTY CHEMICALS
1481.67,-6.2,1508,1459.9,25-Aug-2026 16:00:29,1445.4,N,-0.42,704294054.46,EQ,DEEPAKFERT,475338,NIFTY CHEMICALS
1648.22,-8.9,1660,1651.1,25-Aug-2026 16:00:29,1636.6,N,-0.54,752948101.5,EQ,PIDILITIND,456825,NIFTY CHEMICALS
1910.85,-11.8,1931.9,1914.8,25-Aug-2026 16:00:29,1896.3,N,-0.61,898437720.45,EQ,COROMANDEL,470177,NIFTY CHEMICALS
658.51,-4.2,666.25,658,25-Aug-2026 16:00:29,652,N,-0.63,2460288843.95,EQ,HSCL,3736145,NIFTY CHEMICALS
19771.65,-125,19925,19800,25-Aug-2026 16:00:29,19665,N,-0.63,1142465251.95,EQ,SOLARINDS,57783,NIFTY CHEMICALS
435.52,-3,446.9,427.95,25-Aug-2026 16:00:29,425.1,N,-0.70,1093867710.72,EQ,CHAMBLFERT,2511636,NIFTY CHEMICALS
542.18,-4.9,551.75,538.25,25-Aug-2026 16:00:29,534.2,N,-0.90,705376180,EQ,AARTIIND,1301000,NIFTY CHEMICALS
6506.71,-65,6599.5,6466,25-Aug-2026 16:00:29,6458,N,-1.00,121681983.71,EQ,LINDEINDIA,18701,NIFTY CHEMICALS
300.04,-4.05,303.75,298.85,25-Aug-2026 16:00:29,297.5,N,-1.34,273237726.84,EQ,SWANCORP,910671,NIFTY CHEMICALS
1272.47,22.7,1283,1281.1,25-Aug-2026 16:00:29,1253.1,N,1.80,2841207917.63,EQ,LODHA,2232829,NIFTY REITS REALTY
662.5,4,671,658.1,25-Aug-2026 16:00:29,643.3,N,0.61,533258837.5,EQ,BRIGADE,804919,NIFTY REITS REALTY
1870.06,10,1882.4,1880,25-Aug-2026 16:00:29,1858.8,N,0.53,284905511.06,EQ,OBEROIRLTY,152351,NIFTY REITS REALTY
2028.75,9.1,2049,2049,25-Aug-2026 16:00:29,2011.5,N,0.45,779831212.5,EQ,GODREJPROP,384390,NIFTY REITS REALTY
435.39,-0.26,438.5,435.2,25-Aug-2026 16:00:29,434.75,N,-0.06,330051743.4,RR,EMBASSY,758060,NIFTY REITS REALTY
116.57,-0.08,117.1,116.78,25-Aug-2026 16:00:29,115.95,N,-0.07,50145033.47,RR,KRT,430171,NIFTY REITS REALTY
1929.66,-2,1959.6,1930,25-Aug-2026 16:00:29,1915,N,-0.10,523746387.54,EQ,PHOENIXLTD,271419,NIFTY REITS REALTY
167.14,-0.21,167.99,167.78,25-Aug-2026 16:00:29,166.87,N,-0.13,71701221.46,RR,NXST,428989,NIFTY REITS REALTY
613.17,-1.25,616.4,613.35,25-Aug-2026 16:00:29,609,N,-0.20,503573220.54,EQ,ANANTRAJ,821262,NIFTY REITS REALTY
495.79,-2.3,498.8,494.45,25-Aug-2026 16:00:29,494.25,N,-0.46,140939214.88,RR,MINDSPACE,284272,NIFTY REITS REALTY
343.15,-2.02,344.97,342.6,25-Aug-2026 16:00:29,342.26,N,-0.59,48040313.7,RR,BIRET,139998,NIFTY REITS REALTY
1617.32,-12.8,1631.9,1623,25-Aug-2026 16:00:29,1606.2,N,-0.78,462574545.16,EQ,PRESTIGE,286013,NIFTY REITS REALTY
681.98,-6.05,688.2,682.95,25-Aug-2026 16:00:29,678.3,N,-0.88,1472294568.94,EQ,DLF,2158853,NIFTY REITS REALTY
1284.03,-12,1304.8,1277.1,25-Aug-2026 16:00:29,1272.7,N,-0.93,86185377.63,EQ,SOBHA,67121,NIFTY REITS REALTY
1414.28,-23.7,1434.4,1406.1,25-Aug-2026 16:00:29,1401.1,N,-1.66,167374380.88,EQ,ABREL,118346,NIFTY REITS REALTY
24295.55,420,24500,24440,25-Aug-2026 16:00:29,24005,N,1.75,3062599850.8,EQ,SHREECEM,126056,NIFTY CEMENT
107.12,1.39,108.75,108.5,25-Aug-2026 16:00:29,106.26,N,1.30,32076012.8,EQ,PRSMJOHNSN,299440,NIFTY CEMENT
129.62,1.49,131.29,131.29,25-Aug-2026 16:00:29,128.8,N,1.15,18747718.32,EQ,ORIENTCEM,144636,NIFTY CEMENT
407.66,4.35,413.1,413.1,25-Aug-2026 16:00:29,405,N,1.06,601834165.24,EQ,AMBUJACEM,1476314,NIFTY CEMENT
1297.63,6.7,1310,1307.6,25-Aug-2026 16:00:29,1291,N,0.52,95962333.76,EQ,ACC,73952,NIFTY CEMENT
917.93,4.1,939.05,908,25-Aug-2026 16:00:29,902,N,0.45,577711178.59,EQ,RAMCOCEM,629363,NIFTY CEMENT
11505.55,36,11554,11540,25-Aug-2026 16:00:29,11445,N,0.31,2594156358.5,EQ,ULTRACEMCO,225470,NIFTY CEMENT
320.74,0.4,323.4,321,25-Aug-2026 16:00:29,319.5,N,0.12,29810858.56,EQ,NUVOCO,92944,NIFTY CEMENT
3259.78,1.6,3300.2,3289.6,25-Aug-2026 16:00:29,3222.1,N,0.05,5711281250.1,EQ,GRASIM,1752045,NIFTY CEMENT
5193.74,-11,5245,5204.5,25-Aug-2026 16:00:29,5171,N,-0.21,64615319.34,EQ,JKCEMENT,12441,NIFTY CEMENT
194.25,-0.45,196.2,194.4,25-Aug-2026 16:00:29,193,N,-0.23,21842829.75,EQ,STARCEMENT,112447,NIFTY CEMENT
365.37,-2.75,369.95,365,25-Aug-2026 16:00:29,362.3,N,-0.75,30304883.91,EQ,INDIACEM,82943,NIFTY CEMENT
881.53,-10.8,890.95,878.6,25-Aug-2026 16:00:29,878,N,-1.21,24251771.83,EQ,BIRLACORPN,27511,NIFTY CEMENT
125.1,-1.69,126.94,125.1,25-Aug-2026 16:00:29,124.1,N,-1.33,70113546,EQ,JSWCEMENT,560460,NIFTY CEMENT
1815.93,-29,1854.8,1824,25-Aug-2026 16:00:29,1780.1,N,-1.57,932020624.71,EQ,DALBHARAT,513247,NIFTY CEMENT
545.12,-12.4,558,542.5,25-Aug-2026 16:00:29,540.45,N,-2.23,91023592.48,EQ,JKLAKSHMI,166979,NIFTY CEMENT
1562.06,39.4,1594.5,1594.5,25-Aug-2026 16:00:29,1532,N,2.53,3192494490.32,EQ,ADANIENSOL,2043772,NIFTY COMMODITIES
576.88,13.1,585,585,25-Aug-2026 16:00:29,570.55,N,2.29,2229351606.24,EQ,UPL,3864498,NIFTY COMMODITIES
314.85,6.2,319.75,318.1,25-Aug-2026 16:00:29,311.1,N,1.99,2075639494.35,EQ,BPCL,6592471,NIFTY COMMODITIES
24295.55,420,24500,24440,25-Aug-2026 16:00:29,24005,N,1.75,3062599850.8,EQ,SHREECEM,126056,NIFTY COMMODITIES
1319.64,22,1330,1330,25-Aug-2026 16:00:29,1294.8,N,1.68,3214895091.24,EQ,ADANIGREEN,2436191,NIFTY COMMODITIES
2472.05,33,2508,2508,25-Aug-2026 16:00:29,2453.1,N,1.33,461247449.25,EQ,PIIND,186585,NIFTY COMMODITIES
204.49,2.63,206.8,206.33,25-Aug-2026 16:00:29,201.43,N,1.29,2915810436.11,EQ,ADANIPOWER,14258939,NIFTY COMMODITIES
407.66,4.35,413.1,413.1,25-Aug-2026 16:00:29,405,N,1.06,601834165.24,EQ,AMBUJACEM,1476314,NIFTY COMMODITIES
542.23,3.7,548.4,548.4,25-Aug-2026 16:00:29,539.15,N,0.68,687580173.8,EQ,JSWENERGY,1268060,NIFTY COMMODITIES
1305.89,7.2,1317.1,1317,25-Aug-2026 16:00:29,1300,N,0.55,9291870940.95,EQ,RELIANCE,7115355,NIFTY COMMODITIES
1148.11,5.1,1157,1154.1,25-Aug-2026 16:00:29,1140.1,N,0.44,770185483.19,EQ,JINDALSTEL,670829,NIFTY COMMODITIES
137.86,0.5,139,139,25-Aug-2026 16:00:29,137,N,0.36,1058312894.92,EQ,IOC,7676722,NIFTY COMMODITIES
372,1.25,374.15,373.2,25-Aug-2026 16:00:29,369.5,N,0.34,2121826620,EQ,HINDPETRO,5703835,NIFTY COMMODITIES
184.65,0.64,187.27,186.94,25-Aug-2026 16:00:29,183.5,N,0.34,4538331393,EQ,TATASTEEL,24578020,NIFTY COMMODITIES
11505.55,36,11554,11540,25-Aug-2026 16:00:29,11445,N,0.31,2594156358.5,EQ,ULTRACEMCO,225470,NIFTY COMMODITIES
337.85,0.35,340.8,339.85,25-Aug-2026 16:00:29,335.65,N,0.10,1777373104.75,EQ,NTPC,5260835,NIFTY COMMODITIES
3259.78,1.6,3300.2,3289.6,25-Aug-2026 16:00:29,3222.1,N,0.05,5711281250.1,EQ,GRASIM,1752045,NIFTY COMMODITIES
85.68,0.04,86.28,85.94,25-Aug-2026 16:00:29,85.29,N,0.05,1412731081.44,EQ,NMDC,16488458,NIFTY COMMODITIES
76.29,-0.03,77.3,76.62,25-Aug-2026 16:00:29,75.87,N,-0.04,981091764.99,EQ,NHPC,12860031,NIFTY COMMODITIES
1240.77,-1.2,1249.3,1245.1,25-Aug-2026 16:00:29,1234,N,-0.10,323982417.78,EQ,TORNTPOWER,261114,NIFTY COMMODITIES
2557.64,-5.8,2589,2575,25-Aug-2026 16:00:29,2543.5,N,-0.22,1150585045.68,EQ,SRF,449862,NIFTY COMMODITIES
2136.24,-5.7,2151.8,2139.3,25-Aug-2026 16:00:29,2124,N,-0.27,1307940711.12,EQ,APLAPOLLO,612263,NIFTY COMMODITIES
1316.28,-6.7,1326.3,1320.3,25-Aug-2026 16:00:29,1310.1,N,-0.50,1624939762.32,EQ,JSWSTEEL,1234494,NIFTY COMMODITIES
1648.22,-8.9,1660,1651.1,25-Aug-2026 16:00:29,1636.6,N,-0.54,752948101.5,EQ,PIDILITIND,456825,NIFTY COMMODITIES
1048.52,-7.45,1057,1051.05,25-Aug-2026 16:00:29,1040.45,N,-0.70,3664885664.88,EQ,HINDALCO,3495294,NIFTY COMMODITIES
402.32,-2.9,408,404,25-Aug-2026 16:00:29,401.1,N,-0.71,3399623713.68,EQ,COALINDIA,8450049,NIFTY COMMODITIES
274.89,-2,276.8,275,25-Aug-2026 16:00:29,273,N,-0.72,2190940922.94,EQ,VEDL,7970246,NIFTY COMMODITIES
370.55,-2.9,374.2,370.6,25-Aug-2026 16:00:29,368.55,N,-0.78,3396978587.8,EQ,TATAPOWER,9167396,NIFTY COMMODITIES
234.52,-2.55,236.55,234,25-Aug-2026 16:00:29,233.35,N,-1.08,2843338303.52,EQ,ONGC,12124076,NIFTY COMMODITIES
471.21,-9.5,479,467.5,25-Aug-2026 16:00:29,466.05,N,-1.99,576402920.4,EQ,OIL,1223240,NIFTY COMMODITIES
14649.88,420,14990,14990,25-Aug-2026 16:00:29,14400,N,2.88,7653683307.2,EQ,DIXON,522440,NIFTY CONSUMPTION
995.99,25.5,1016,1016,25-Aug-2026 16:00:29,980.3,N,2.57,1882385244.36,EQ,MAXHEALTH,1889964,NIFTY CONSUMPTION
431.88,10,438,438,25-Aug-2026 16:00:29,423.85,N,2.34,4094802414.84,EQ,VBL,9481343,NIFTY CONSUMPTION
8741.93,187,8889,8889,25-Aug-2026 16:00:29,8640,N,2.15,2245093720.67,EQ,APOLLOHOSP,256819,NIFTY CONSUMPTION
5137.87,103,5227.5,5218,25-Aug-2026 16:00:29,5080.5,N,2.01,1712364727.21,EQ,INDIGO,333283,NIFTY CONSUMPTION
5334.4,71.5,5382.5,5382.5,25-Aug-2026 16:00:29,5286,N,1.35,1926497222.4,EQ,BRITANNIA,361146,NIFTY CONSUMPTION
204.49,2.63,206.8,206.33,25-Aug-2026 16:00:29,201.43,N,1.29,2915810436.11,EQ,ADANIPOWER,14258939,NIFTY CONSUMPTION
4384.6,56.5,4420,4420,25-Aug-2026 16:00:29,4344.7,N,1.29,2311683888.8,EQ,TVSMOTOR,527228,NIFTY CONSUMPTION
329.22,3.85,331,331,25-Aug-2026 16:00:29,325.5,N,1.18,9567793615.32,EQ,ETERNAL,29062006,NIFTY CONSUMPTION
11807.85,127,11927,11927,25-Aug-2026 16:00:29,11722,N,1.08,1880659885.2,EQ,BAJAJ-AUTO,159272,NIFTY CONSUMPTION
5086.99,45.8,5124.8,5124.8,25-Aug-2026 16:00:29,5052.7,N,0.90,1767805329.85,EQ,TITAN,347515,NIFTY CONSUMPTION
2920.89,25,2938.9,2930,25-Aug-2026 16:00:29,2893.8,N,0.86,1811541819.78,EQ,TRENT,620202,NIFTY CONSUMPTION
3417.23,28.9,3443,3443,25-Aug-2026 16:00:29,3396.8,N,0.85,3683849119.06,EQ,M&M,1078022,NIFTY CONSUMPTION
269.33,1.7,271.4,271.4,25-Aug-2026 16:00:29,267.65,N,0.63,2266336268.27,EQ,ITC,8414719,NIFTY CONSUMPTION
1937.79,12,1947,1947,25-Aug-2026 16:00:29,1923.4,N,0.62,7402756984.74,EQ,BHARTIARTL,3820206,NIFTY CONSUMPTION
1466.04,7.7,1479,1479,25-Aug-2026 16:00:29,1458.8,N,0.52,2396154417.6,EQ,NESTLEIND,1634440,NIFTY CONSUMPTION
13543.55,58,13678,13678,25-Aug-2026 16:00:29,13450,N,0.43,4014700982.95,EQ,MARUTI,296429,NIFTY CONSUMPTION
728.82,1.1,735,730,25-Aug-2026 16:00:29,724.55,N,0.15,727722397.08,EQ,INDHOTEL,998494,NIFTY CONSUMPTION
8031.16,8,8070,8055,25-Aug-2026 16:00:29,7984,N,0.10,1964606452.68,EQ,EICHERMOT,244623,NIFTY CONSUMPTION
1335.72,1,1350,1350,25-Aug-2026 16:00:29,1328.1,N,0.07,1296674232.96,EQ,NAUKRI,970768,NIFTY CONSUMPTION
1269.6,0.6,1299.1,1269.1,25-Aug-2026 16:00:29,1252.3,N,0.05,809662008,EQ,HAVELLS,637730,NIFTY CONSUMPTION
923.62,0.3,930.9,929.2,25-Aug-2026 16:00:29,918.2,N,0.03,624860333.08,EQ,GODREJCP,676534,NIFTY CONSUMPTION
2620.61,-1,2640,2639.8,25-Aug-2026 16:00:29,2605.2,N,-0.04,1256530082.8,EQ,ASIANPAINT,479480,NIFTY CONSUMPTION
1055.77,-2,1061.7,1060.5,25-Aug-2026 16:00:29,1051.1,N,-0.19,757167626.67,EQ,TATACONSUM,717171,NIFTY CONSUMPTION
2020.45,-5.8,2029.2,2024.2,25-Aug-2026 16:00:29,2012,N,-0.29,2060016472.35,EQ,HINDUNILVR,1019583,NIFTY CONSUMPTION
1547.4,-5,1556.2,1550,25-Aug-2026 16:00:29,1542.2,N,-0.32,345099600.6,EQ,UNITDSPR,223019,NIFTY CONSUMPTION
3919.39,-30.4,3960,3909.6,25-Aug-2026 16:00:29,3897.4,N,-0.77,845918024.31,EQ,DMART,215829,NIFTY CONSUMPTION
370.55,-2.9,374.2,370.6,25-Aug-2026 16:00:29,368.55,N,-0.78,3396978587.8,EQ,TATAPOWER,9167396,NIFTY CONSUMPTION
681.98,-6.05,688.2,682.95,25-Aug-2026 16:00:29,678.3,N,-0.88,1472294568.94,EQ,DLF,2158853,NIFTY CONSUMPTION
5621.83,-60.5,5682,5624.5,25-Aug-2026 16:00:29,5590,N,-1.06,2431194114.48,EQ,HEROMOTOCO,432456,NIFTY CONSUMPTION
409.23,4.25,413.25,413.25,25-Aug-2026 16:00:29,405.95,N,1.04,3850894813.77,EQ,BEL,9410099,NIFTY CPSE
88.76,0.92,89.5,89.5,25-Aug-2026 16:00:29,87.79,N,1.04,435510526.08,EQ,NBCC,4906608,NIFTY CPSE
1515.38,4.5,1524.4,1518.5,25-Aug-2026 16:00:29,1503,N,0.30,1475154237.9,EQ,COCHINSHIP,973455,NIFTY CPSE
65.75,0.08,66.29,65.88,25-Aug-2026 16:00:29,65.5,N,0.12,76635635.75,EQ,SJVN,1165561,NIFTY CPSE
337.85,0.35,340.8,339.85,25-Aug-2026 16:00:29,335.65,N,0.10,1777373104.75,EQ,NTPC,5260835,NIFTY CPSE
76.29,-0.03,77.3,76.62,25-Aug-2026 16:00:29,75.87,N,-0.04,981091764.99,EQ,NHPC,12860031,NIFTY CPSE
269.72,-0.4,271.7,271,25-Aug-2026 16:00:29,268.35,N,-0.15,1466175802.96,EQ,POWERGRID,5435918,NIFTY CPSE
402.32,-2.9,408,404,25-Aug-2026 16:00:29,401.1,N,-0.71,3399623713.68,EQ,COALINDIA,8450049,NIFTY CPSE
272.07,-2.1,275,271,25-Aug-2026 16:00:29,270.35,N,-0.77,166192327.08,EQ,NLCINDIA,610844,NIFTY CPSE
234.52,-2.55,236.55,234,25-Aug-2026 16:00:29,233.35,N,-1.08,2843338303.52,EQ,ONGC,12124076,NIFTY CPSE
471.21,-9.5,479,467.5,25-Aug-2026 16:00:29,466.05,N,-1.99,576402920.4,EQ,OIL,1223240,NIFTY CPSE
1562.06,39.4,1594.5,1594.5,25-Aug-2026 16:00:29,1532,N,2.53,3192494490.32,EQ,ADANIENSOL,2043772,NIFTY ENERGY
314.85,6.2,319.75,318.1,25-Aug-2026 16:00:29,311.1,N,1.99,2075639494.35,EQ,BPCL,6592471,NIFTY ENERGY
1319.64,22,1330,1330,25-Aug-2026 16:00:29,1294.8,N,1.68,3214895091.24,EQ,ADANIGREEN,2436191,NIFTY ENERGY
7537.65,123,7627,7627,25-Aug-2026 16:00:29,7435,N,1.64,1343548424.25,EQ,ABB,178245,NIFTY ENERGY
411.84,5.6,417,417,25-Aug-2026 16:00:29,408.15,N,1.36,1916126784,EQ,BHEL,4652600,NIFTY ENERGY
204.49,2.63,206.8,206.33,25-Aug-2026 16:00:29,201.43,N,1.29,2915810436.11,EQ,ADANIPOWER,14258939,NIFTY ENERGY
174.08,1.75,176.29,175.5,25-Aug-2026 16:00:29,172.39,N,1.01,1364353392.64,EQ,GAIL,7837508,NIFTY ENERGY
148.49,1.08,149.3,148.8,25-Aug-2026 16:00:29,147.11,N,0.73,136360891.33,EQ,IGL,918317,NIFTY ENERGY
638.69,4.5,644.95,644.1,25-Aug-2026 16:00:29,635.45,N,0.70,308632252.63,EQ,ATGL,483227,NIFTY ENERGY
542.23,3.7,548.4,548.4,25-Aug-2026 16:00:29,539.15,N,0.68,687580173.8,EQ,JSWENERGY,1268060,NIFTY ENERGY
1305.89,7.2,1317.1,1317,25-Aug-2026 16:00:29,1300,N,0.55,9291870940.95,EQ,RELIANCE,7115355,NIFTY ENERGY
137.86,0.5,139,139,25-Aug-2026 16:00:29,137,N,0.36,1058312894.92,EQ,IOC,7676722,NIFTY ENERGY
372,1.25,374.15,373.2,25-Aug-2026 16:00:29,369.5,N,0.34,2121826620,EQ,HINDPETRO,5703835,NIFTY ENERGY
3981.69,8.8,4012.8,3993,25-Aug-2026 16:00:29,3941,N,0.22,298869633.09,EQ,THERMAX,75061,NIFTY ENERGY
4116.92,7.1,4185,4185,25-Aug-2026 16:00:29,4060.1,N,0.17,3577158852.64,EQ,GVT&D,868892,NIFTY ENERGY
91.46,0.13,92.03,91.57,25-Aug-2026 16:00:29,91.04,N,0.14,107066734.4,EQ,NTPCGREEN,1170640,NIFTY ENERGY
65.75,0.08,66.29,65.88,25-Aug-2026 16:00:29,65.5,N,0.12,76635635.75,EQ,SJVN,1165561,NIFTY ENERGY
873.52,1,882.5,878.5,25-Aug-2026 16:00:29,867,N,0.11,1423783441.76,EQ,CGPOWER,1629938,NIFTY ENERGY
337.85,0.35,340.8,339.85,25-Aug-2026 16:00:29,335.65,N,0.10,1777373104.75,EQ,NTPC,5260835,NIFTY ENERGY
562.75,0.05,570.95,567.05,25-Aug-2026 16:00:29,556.3,N,0.01,128277737,EQ,NAVA,227948,NIFTY ENERGY
73.45,-0.01,74.2,73.74,25-Aug-2026 16:00:29,72.79,N,-0.01,1020348743.7,EQ,INOXWIND,13891746,NIFTY ENERGY
76.29,-0.03,77.3,76.62,25-Aug-2026 16:00:29,75.87,N,-0.04,981091764.99,EQ,NHPC,12860031,NIFTY ENERGY
1240.77,-1.2,1249.3,1245.1,25-Aug-2026 16:00:29,1234,N,-0.10,323982417.78,EQ,TORNTPOWER,261114,NIFTY ENERGY
187.04,-0.27,188,186.6,25-Aug-2026 16:00:29,186.25,N,-0.14,213211946.08,EQ,CASTROLIND,1139927,NIFTY ENERGY
269.72,-0.4,271.7,271,25-Aug-2026 16:00:29,268.35,N,-0.15,1466175802.96,EQ,POWERGRID,5435918,NIFTY ENERGY
4097.84,-23.5,4149.4,4090.5,25-Aug-2026 16:00:29,4060,N,-0.57,2564600381.28,EQ,SIEMENS,625842,NIFTY ENERGY
16.99,-0.11,17.15,16.99,25-Aug-2026 16:00:29,16.91,N,-0.64,401364692.16,EQ,JPPOWER,23623584,NIFTY ENERGY
46.62,-0.3,47.16,46.75,25-Aug-2026 16:00:29,46.25,N,-0.64,2199698872.56,EQ,SUZLON,47183588,NIFTY ENERGY
402.32,-2.9,408,404,25-Aug-2026 16:00:29,401.1,N,-0.71,3399623713.68,EQ,COALINDIA,8450049,NIFTY ENERGY
272.07,-2.1,275,271,25-Aug-2026 16:00:29,270.35,N,-0.77,166192327.08,EQ,NLCINDIA,610844,NIFTY ENERGY
370.55,-2.9,374.2,370.6,25-Aug-2026 16:00:29,368.55,N,-0.78,3396978587.8,EQ,TATAPOWER,9167396,NIFTY ENERGY
234.52,-2.55,236.55,234,25-Aug-2026 16:00:29,233.35,N,-1.08,2843338303.52,EQ,ONGC,12124076,NIFTY ENERGY
153.78,-1.77,155.5,153.5,25-Aug-2026 16:00:29,152.86,N,-1.14,197788299.06,EQ,CESC,1286177,NIFTY ENERGY
293.65,-3.45,295.7,292.5,25-Aug-2026 16:00:29,291.6,N,-1.17,511209118.35,EQ,PETRONET,1740879,NIFTY ENERGY
33229.45,-540,33695,33300,25-Aug-2026 16:00:29,33005,N,-1.60,2935921595.85,EQ,POWERINDIA,88353,NIFTY ENERGY
22.7,-0.38,23.09,22.71,25-Aug-2026 16:00:29,22.59,N,-1.65,275017900.2,EQ,RPOWER,12115326,NIFTY ENERGY
1336.25,-22.7,1361.2,1318.8,25-Aug-2026 16:00:29,1311.1,N,-1.69,763831233.75,EQ,AEGISLOG,571623,NIFTY ENERGY
471.21,-9.5,479,467.5,25-Aug-2026 16:00:29,466.05,N,-1.99,576402920.4,EQ,OIL,1223240,NIFTY ENERGY
1111.9,-26.6,1131,1101.1,25-Aug-2026 16:00:29,1100,N,-2.36,292310726.7,EQ,MGL,262893,NIFTY ENERGY
3407.06,-95.6,3495.5,3390.1,25-Aug-2026 16:00:29,3371,N,-2.74,1348926602.26,EQ,ENRIN,395921,NIFTY ENERGY
383.35,13,388.6,387.25,25-Aug-2026 16:00:29,374.25,N,3.47,2681792011.25,EQ,INDUSTOWER,6995675,NIFTY INFRA
995.99,25.5,1016,1016,25-Aug-2026 16:00:29,980.3,N,2.57,1882385244.36,EQ,MAXHEALTH,1889964,NIFTY INFRA
8741.93,187,8889,8889,25-Aug-2026 16:00:29,8640,N,2.15,2245093720.67,EQ,APOLLOHOSP,256819,NIFTY INFRA
5137.87,103,5227.5,5218,25-Aug-2026 16:00:29,5080.5,N,2.01,1712364727.21,EQ,INDIGO,333283,NIFTY INFRA
314.85,6.2,319.75,318.1,25-Aug-2026 16:00:29,311.1,N,1.99,2075639494.35,EQ,BPCL,6592471,NIFTY INFRA
1684.8,30.6,1702.7,1702.7,25-Aug-2026 16:00:29,1671,N,1.83,2191151476.8,EQ,ADANIPORTS,1300541,NIFTY INFRA
24295.55,420,24500,24440,25-Aug-2026 16:00:29,24005,N,1.75,3062599850.8,EQ,SHREECEM,126056,NIFTY INFRA
1319.64,22,1330,1330,25-Aug-2026 16:00:29,1294.8,N,1.68,3214895091.24,EQ,ADANIGREEN,2436191,NIFTY INFRA
407.66,4.35,413.1,413.1,25-Aug-2026 16:00:29,405,N,1.06,601834165.24,EQ,AMBUJACEM,1476314,NIFTY INFRA
174.08,1.75,176.29,175.5,25-Aug-2026 16:00:29,172.39,N,1.01,1364353392.64,EQ,GAIL,7837508,NIFTY INFRA
5195.99,49.5,5239.5,5239.5,25-Aug-2026 16:00:29,5150,N,0.95,2920551667.22,EQ,CUMMINSIND,562078,NIFTY INFRA
173.05,1.4,174.69,174.69,25-Aug-2026 16:00:29,171.58,N,0.81,1494425536.1,EQ,ASHOKLEY,8635802,NIFTY INFRA
4094.45,29,4125.3,4119,25-Aug-2026 16:00:29,4066.6,N,0.71,5388599189.3,EQ,LT,1316074,NIFTY INFRA
911.19,5.95,923.95,923.95,25-Aug-2026 16:00:29,901.4,N,0.65,1365410925.48,EQ,FORTIS,1498492,NIFTY INFRA
1937.79,12,1947,1947,25-Aug-2026 16:00:29,1923.4,N,0.62,7402756984.74,EQ,BHARTIARTL,3820206,NIFTY INFRA
2033.79,11.5,2052.5,2052.5,25-Aug-2026 16:00:29,2026,N,0.56,1137771274.86,EQ,BHARATFORG,559434,NIFTY INFRA
1305.89,7.2,1317.1,1317,25-Aug-2026 16:00:29,1300,N,0.55,9291870940.95,EQ,RELIANCE,7115355,NIFTY INFRA
137.86,0.5,139,139,25-Aug-2026 16:00:29,137,N,0.36,1058312894.92,EQ,IOC,7676722,NIFTY INFRA
372,1.25,374.15,373.2,25-Aug-2026 16:00:29,369.5,N,0.34,2121826620,EQ,HINDPETRO,5703835,NIFTY INFRA
11505.55,36,11554,11540,25-Aug-2026 16:00:29,11445,N,0.31,2594156358.5,EQ,ULTRACEMCO,225470,NIFTY INFRA
728.82,1.1,735,730,25-Aug-2026 16:00:29,724.55,N,0.15,727722397.08,EQ,INDHOTEL,998494,NIFTY INFRA
873.52,1,882.5,878.5,25-Aug-2026 16:00:29,867,N,0.11,1423783441.76,EQ,CGPOWER,1629938,NIFTY INFRA
337.85,0.35,340.8,339.85,25-Aug-2026 16:00:29,335.65,N,0.10,1777373104.75,EQ,NTPC,5260835,NIFTY INFRA
3259.78,1.6,3300.2,3289.6,25-Aug-2026 16:00:29,3222.1,N,0.05,5711281250.1,EQ,GRASIM,1752045,NIFTY INFRA
269.72,-0.4,271.7,271,25-Aug-2026 16:00:29,268.35,N,-0.15,1466175802.96,EQ,POWERGRID,5435918,NIFTY INFRA
46.62,-0.3,47.16,46.75,25-Aug-2026 16:00:29,46.25,N,-0.64,2199698872.56,EQ,SUZLON,47183588,NIFTY INFRA
370.55,-2.9,374.2,370.6,25-Aug-2026 16:00:29,368.55,N,-0.78,3396978587.8,EQ,TATAPOWER,9167396,NIFTY INFRA
681.98,-6.05,688.2,682.95,25-Aug-2026 16:00:29,678.3,N,-0.88,1472294568.94,EQ,DLF,2158853,NIFTY INFRA
234.52,-2.55,236.55,234,25-Aug-2026 16:00:29,233.35,N,-1.08,2843338303.52,EQ,ONGC,12124076,NIFTY INFRA
165.94,-2.55,168.28,166.45,25-Aug-2026 16:00:29,164.81,N,-1.51,1444532093.18,EQ,MOTHERSON,8705147,NIFTY INFRA
201.58,6.72,204.82,200.6,25-Aug-2026 16:00:29,192.98,N,3.47,3298020344.58,EQ,AWL,16360851,NIFTY MNC
3111.62,64.3,3148,3145,25-Aug-2026 16:00:29,3070.1,N,2.09,130501342.8,EQ,TIMKEN,41940,NIFTY MNC
11505.03,211,11729,11729,25-Aug-2026 16:00:29,11355,N,1.83,2255319525.87,EQ,OFSS,196029,NIFTY MNC
7537.65,123,7627,7627,25-Aug-2026 16:00:29,7435,N,1.64,1343548424.25,EQ,ABB,178245,NIFTY MNC
5334.4,71.5,5382.5,5382.5,25-Aug-2026 16:00:29,5286,N,1.35,1926497222.4,EQ,BRITANNIA,361146,NIFTY MNC
48022.06,580,48680,48680,25-Aug-2026 16:00:29,47790,N,1.21,1334340959.16,EQ,BOSCHLTD,27786,NIFTY MNC
2213.86,25.5,2243.8,2232.5,25-Aug-2026 16:00:29,2190,N,1.16,1488462204.68,EQ,HYUNDAI,672338,NIFTY MNC
407.66,4.35,413.1,413.1,25-Aug-2026 16:00:29,405,N,1.06,601834165.24,EQ,AMBUJACEM,1476314,NIFTY MNC
2803.84,28.8,2835.9,2830.4,25-Aug-2026 16:00:29,2776.1,N,1.03,390437523.84,EQ,GLAND,139251,NIFTY MNC
5195.99,49.5,5239.5,5239.5,25-Aug-2026 16:00:29,5150,N,0.95,2920551667.22,EQ,CUMMINSIND,562078,NIFTY MNC
4463.45,41.5,4520,4519.7,25-Aug-2026 16:00:29,4437,N,0.93,84457400.9,EQ,CRISIL,18922,NIFTY MNC
173.05,1.4,174.69,174.69,25-Aug-2026 16:00:29,171.58,N,0.81,1494425536.1,EQ,ASHOKLEY,8635802,NIFTY MNC
1347.22,8.3,1362.2,1355,25-Aug-2026 16:00:29,1328,N,0.62,138045591.74,EQ,UBL,102467,NIFTY MNC
1466.04,7.7,1479,1479,25-Aug-2026 16:00:29,1458.8,N,0.52,2396154417.6,EQ,NESTLEIND,1634440,NIFTY MNC
13543.55,58,13678,13678,25-Aug-2026 16:00:29,13450,N,0.43,4014700982.95,EQ,MARUTI,296429,NIFTY MNC
26400.11,90,26560,26510,25-Aug-2026 16:00:29,26180,N,0.34,289978808.24,EQ,ABBOTINDIA,10984,NIFTY MNC
1870.12,-2.2,1878.5,1876.8,25-Aug-2026 16:00:29,1861.4,N,-0.12,362515281.52,EQ,COLPAL,193846,NIFTY MNC
187.04,-0.27,188,186.6,25-Aug-2026 16:00:29,186.25,N,-0.14,213211946.08,EQ,CASTROLIND,1139927,NIFTY MNC
3994.12,-6.4,4020.4,4014,25-Aug-2026 16:00:29,3975.1,N,-0.16,160947059.52,EQ,SCHAEFFLER,40296,NIFTY MNC
2020.45,-5.8,2029.2,2024.2,25-Aug-2026 16:00:29,2012,N,-0.29,2060016472.35,EQ,HINDUNILVR,1019583,NIFTY MNC
1547.4,-5,1556.2,1550,25-Aug-2026 16:00:29,1542.2,N,-0.32,345099600.6,EQ,UNITDSPR,223019,NIFTY MNC
4097.84,-23.5,4149.4,4090.5,25-Aug-2026 16:00:29,4060,N,-0.57,2564600381.28,EQ,SIEMENS,625842,NIFTY MNC
3063.16,-18.9,3103.9,3078.4,25-Aug-2026 16:00:29,3050,N,-0.61,97432993.28,EQ,ESCORTS,31808,NIFTY MNC
274.89,-2,276.8,275,25-Aug-2026 16:00:29,273,N,-0.72,2190940922.94,EQ,VEDL,7970246,NIFTY MNC
33625.28,-275,33990,33610,25-Aug-2026 16:00:29,33400,N,-0.81,43309360.64,EQ,3MINDIA,1288,NIFTY MNC
444.26,-3.75,450,445,25-Aug-2026 16:00:29,441,N,-0.84,282144639.14,EQ,COHANCE,635089,NIFTY MNC
6506.71,-65,6599.5,6466,25-Aug-2026 16:00:29,6458,N,-1.00,121681983.71,EQ,LINDEINDIA,18701,NIFTY MNC
33229.45,-540,33695,33300,25-Aug-2026 16:00:29,33005,N,-1.60,2935921595.85,EQ,POWERINDIA,88353,NIFTY MNC
1228.05,-23.4,1253.1,1224.4,25-Aug-2026 16:00:29,1220,N,-1.88,1465466450.4,EQ,NAM-INDIA,1193328,NIFTY MNC
3407.06,-95.6,3495.5,3390.1,25-Aug-2026 16:00:29,3371,N,-2.74,1348926602.26,EQ,ENRIN,395921,NIFTY MNC
314.85,6.2,319.75,318.1,25-Aug-2026 16:00:29,311.1,N,1.99,2075639494.35,EQ,BPCL,6592471,NIFTY PSE
411.84,5.6,417,417,25-Aug-2026 16:00:29,408.15,N,1.36,1916126784,EQ,BHEL,4652600,NIFTY PSE
409.23,4.25,413.25,413.25,25-Aug-2026 16:00:29,405.95,N,1.04,3850894813.77,EQ,BEL,9410099,NIFTY PSE
174.08,1.75,176.29,175.5,25-Aug-2026 16:00:29,172.39,N,1.01,1364353392.64,EQ,GAIL,7837508,NIFTY PSE
363.73,3,367,367,25-Aug-2026 16:00:29,362.1,N,0.82,2309361052.84,EQ,PFC,6349108,NIFTY PSE
137.86,0.5,139,139,25-Aug-2026 16:00:29,137,N,0.36,1058312894.92,EQ,IOC,7676722,NIFTY PSE
372,1.25,374.15,373.2,25-Aug-2026 16:00:29,369.5,N,0.34,2121826620,EQ,HINDPETRO,5703835,NIFTY PSE
337.85,0.35,340.8,339.85,25-Aug-2026 16:00:29,335.65,N,0.10,1777373104.75,EQ,NTPC,5260835,NIFTY PSE
85.68,0.04,86.28,85.94,25-Aug-2026 16:00:29,85.29,N,0.05,1412731081.44,EQ,NMDC,16488458,NIFTY PSE
482.8,0.05,485.8,483.2,25-Aug-2026 16:00:29,481,N,0.01,249441999.6,EQ,IRCTC,516657,NIFTY PSE
76.29,-0.03,77.3,76.62,25-Aug-2026 16:00:29,75.87,N,-0.04,981091764.99,EQ,NHPC,12860031,NIFTY PSE
514.18,-0.4,518.4,516,25-Aug-2026 16:00:29,511.3,N,-0.08,287806084.84,EQ,CONCOR,559738,NIFTY PSE
4854.67,-6,4900,4900,25-Aug-2026 16:00:29,4805,N,-0.12,2746374203.06,EQ,HAL,565718,NIFTY PSE
269.72,-0.4,271.7,271,25-Aug-2026 16:00:29,268.35,N,-0.15,1466175802.96,EQ,POWERGRID,5435918,NIFTY PSE
326.47,-1.9,329,326,25-Aug-2026 16:00:29,323.45,N,-0.58,1377469321.01,EQ,RECLTD,4219283,NIFTY PSE
85.53,-0.54,86.44,85.45,25-Aug-2026 16:00:29,85.05,N,-0.63,821642063.34,EQ,IRFC,9606478,NIFTY PSE
402.32,-2.9,408,404,25-Aug-2026 16:00:29,401.1,N,-0.71,3399623713.68,EQ,COALINDIA,8450049,NIFTY PSE
234.52,-2.55,236.55,234,25-Aug-2026 16:00:29,233.35,N,-1.08,2843338303.52,EQ,ONGC,12124076,NIFTY PSE
219.47,-3.3,224.1,218.4,25-Aug-2026 16:00:29,217.02,N,-1.49,1612600596.88,EQ,RVNL,7347704,NIFTY PSE
471.21,-9.5,479,467.5,25-Aug-2026 16:00:29,466.05,N,-1.99,576402920.4,EQ,OIL,1223240,NIFTY PSE
995.99,25.5,1016,1016,25-Aug-2026 16:00:29,980.3,N,2.57,1882385244.36,EQ,MAXHEALTH,1889964,NIFTY SERV SECTOR
8741.93,187,8889,8889,25-Aug-2026 16:00:29,8640,N,2.15,2245093720.67,EQ,APOLLOHOSP,256819,NIFTY SERV SECTOR
5137.87,103,5227.5,5218,25-Aug-2026 16:00:29,5080.5,N,2.01,1712364727.21,EQ,INDIGO,333283,NIFTY SERV SECTOR
1684.8,30.6,1702.7,1702.7,25-Aug-2026 16:00:29,1671,N,1.83,2191151476.8,EQ,ADANIPORTS,1300541,NIFTY SERV SECTOR
1125.59,19.5,1138.5,1138.5,25-Aug-2026 16:00:29,1112,N,1.74,2747095818.97,EQ,SHRIRAMFIN,2440583,NIFTY SERV SECTOR
1126.96,14,1144,1144,25-Aug-2026 16:00:29,1119.9,N,1.24,9152309249.52,EQ,INFY,8121237,NIFTY SERV SECTOR
329.22,3.85,331,331,25-Aug-2026 16:00:29,325.5,N,1.18,9567793615.32,EQ,ETERNAL,29062006,NIFTY SERV SECTOR
174.08,1.75,176.29,175.5,25-Aug-2026 16:00:29,172.39,N,1.01,1364353392.64,EQ,GAIL,7837508,NIFTY SERV SECTOR
1575.62,15.9,1599.9,1599.9,25-Aug-2026 16:00:29,1562,N,1.00,2179758400.98,EQ,TECHM,1383429,NIFTY SERV SECTOR
1078.38,10.4,1087.4,1087.4,25-Aug-2026 16:00:29,1066.3,N,0.97,2987650711.62,EQ,BAJFINANCE,2770499,NIFTY SERV SECTOR
1040.56,8.5,1048,1048,25-Aug-2026 16:00:29,1031.3,N,0.82,10387622244.88,EQ,SBIN,9982723,NIFTY SERV SECTOR
1937.79,12,1947,1947,25-Aug-2026 16:00:29,1923.4,N,0.62,7402756984.74,EQ,BHARTIARTL,3820206,NIFTY SERV SECTOR
1420.44,7.7,1424.9,1422.7,25-Aug-2026 16:00:29,1408,N,0.54,11339726209.56,EQ,ICICIBANK,7983249,NIFTY SERV SECTOR
2283.22,12.1,2313.5,2296.2,25-Aug-2026 16:00:29,2262,N,0.53,6944662500.98,EQ,TCS,3041609,NIFTY SERV SECTOR
241.47,1.15,243.15,243.15,25-Aug-2026 16:00:29,240.4,N,0.48,2366572372.83,EQ,JIOFIN,9800689,NIFTY SERV SECTOR
1997.52,2.3,2011.7,2004,25-Aug-2026 16:00:29,1985,N,0.11,819224899.92,EQ,BAJAJFINSV,410121,NIFTY SERV SECTOR
337.85,0.35,340.8,339.85,25-Aug-2026 16:00:29,335.65,N,0.10,1777373104.75,EQ,NTPC,5260835,NIFTY SERV SECTOR
1335.72,1,1350,1350,25-Aug-2026 16:00:29,1328.1,N,0.07,1296674232.96,EQ,NAUKRI,970768,NIFTY SERV SECTOR
400.58,0.15,402.05,401.6,25-Aug-2026 16:00:29,398.15,N,0.04,4067776135.28,EQ,KOTAKBANK,10154716,NIFTY SERV SECTOR
1234.17,-1,1240.5,1235,25-Aug-2026 16:00:29,1229.8,N,-0.08,4451039041.68,EQ,AXISBANK,3606504,NIFTY SERV SECTOR
269.72,-0.4,271.7,271,25-Aug-2026 16:00:29,268.35,N,-0.15,1466175802.96,EQ,POWERGRID,5435918,NIFTY SERV SECTOR
725.08,-1.5,728.7,727.5,25-Aug-2026 16:00:29,722,N,-0.21,12697509599.92,EQ,HDFCBANK,17511874,NIFTY SERV SECTOR
3300.33,-9.7,3324,3303,25-Aug-2026 16:00:29,3285.3,N,-0.29,7314254052.27,EQ,BSE,2216219,NIFTY SERV SECTOR
1011.68,-3.4,1022,1015,25-Aug-2026 16:00:29,1003.6,N,-0.33,1443891952.96,EQ,INDUSINDBK,1427222,NIFTY SERV SECTOR
1759.63,-6.8,1774.4,1755,25-Aug-2026 16:00:29,1751.2,N,-0.39,2888735301.36,EQ,SBILIFE,1641672,NIFTY SERV SECTOR
1305.09,-6.2,1322.9,1315.8,25-Aug-2026 16:00:29,1294.4,N,-0.47,1716107214.06,EQ,HCLTECH,1314934,NIFTY SERV SECTOR
179.66,-1.22,181.29,180.09,25-Aug-2026 16:00:29,178.39,N,-0.67,1500605658.5,EQ,WIPRO,8352475,NIFTY SERV SECTOR
3919.39,-30.4,3960,3909.6,25-Aug-2026 16:00:29,3897.4,N,-0.77,845918024.31,EQ,DMART,215829,NIFTY SERV SECTOR
370.55,-2.9,374.2,370.6,25-Aug-2026 16:00:29,368.55,N,-0.78,3396978587.8,EQ,TATAPOWER,9167396,NIFTY SERV SECTOR
550.73,-6.25,555.65,546.7,25-Aug-2026 16:00:29,545.8,N,-1.13,1247298811.3,EQ,HDFCLIFE,2264810,NIFTY SERV SECTOR
14.9,1.12,15.31,15.19,25-Aug-2026 16:00:29,14.08,N,7.96,22863605950.2,EQ,IDEA,1534470198,NIFTY IND DIGITAL
964.63,66,989,975.05,25-Aug-2026 16:00:29,898.65,N,7.26,4545932701.34,EQ,CYIENT,4712618,NIFTY IND DIGITAL
1676.84,94.5,1718,1718,25-Aug-2026 16:00:29,1612,N,5.82,16955084274.04,EQ,PAYTM,10111331,NIFTY IND DIGITAL
162.26,6.66,165.95,164.2,25-Aug-2026 16:00:29,156.51,N,4.23,5231976993.04,EQ,PINELABS,32244404,NIFTY IND DIGITAL
11505.03,211,11729,11729,25-Aug-2026 16:00:29,11355,N,1.83,2255319525.87,EQ,OFSS,196029,NIFTY IND DIGITAL
582.17,8.9,592,592,25-Aug-2026 16:00:29,577,N,1.53,921559391.41,EQ,KPITTECH,1582973,NIFTY IND DIGITAL
1718.77,22.6,1737.9,1726.1,25-Aug-2026 16:00:29,1684.7,N,1.33,236547440.02,EQ,TBOTEK,137626,NIFTY IND DIGITAL
1126.96,14,1144,1144,25-Aug-2026 16:00:29,1119.9,N,1.24,9152309249.52,EQ,INFY,8121237,NIFTY IND DIGITAL
329.22,3.85,331,331,25-Aug-2026 16:00:29,325.5,N,1.18,9567793615.32,EQ,ETERNAL,29062006,NIFTY IND DIGITAL
332.23,3.7,334.7,334,25-Aug-2026 16:00:29,328,N,1.12,1147517768.78,EQ,NYKAA,3453986,NIFTY IND DIGITAL
287.64,3.15,291,287.4,25-Aug-2026 16:00:29,282,N,1.11,5764737347.64,EQ,SWIGGY,20041501,NIFTY IND DIGITAL
1884.43,19.8,1899.9,1892.8,25-Aug-2026 16:00:29,1870,N,1.06,2427816697.08,EQ,COFORGE,1288356,NIFTY IND DIGITAL
1575.62,15.9,1599.9,1599.9,25-Aug-2026 16:00:29,1562,N,1.00,2179758400.98,EQ,TECHM,1383429,NIFTY IND DIGITAL
1797.15,13.3,1815,1798.3,25-Aug-2026 16:00:29,1775,N,0.75,2398151105.85,EQ,POLICYBZR,1334419,NIFTY IND DIGITAL
1697.48,11.5,1710.9,1700,25-Aug-2026 16:00:29,1677.3,N,0.68,706820487.12,EQ,TATACOMM,416394,NIFTY IND DIGITAL
1937.79,12,1947,1947,25-Aug-2026 16:00:29,1923.4,N,0.62,7402756984.74,EQ,BHARTIARTL,3820206,NIFTY IND DIGITAL
37.75,0.22,38.12,37.59,25-Aug-2026 16:00:29,37.4,N,0.59,52567932,EQ,TTML,1392528,NIFTY IND DIGITAL
2283.22,12.1,2313.5,2296.2,25-Aug-2026 16:00:29,2262,N,0.53,6944662500.98,EQ,TCS,3041609,NIFTY IND DIGITAL
169.36,0.86,171.55,169.7,25-Aug-2026 16:00:29,167.1,N,0.51,2618873802.8,EQ,URBANCO,15463355,NIFTY IND DIGITAL
241.4,1.19,246.96,242.7,25-Aug-2026 16:00:29,234.51,N,0.49,2042688176,EQ,BLS,8461840,NIFTY IND DIGITAL
961.74,4.3,971.9,966,25-Aug-2026 16:00:29,955,N,0.45,132731660.88,EQ,MAPMYINDIA,138012,NIFTY IND DIGITAL
1750.57,7,1763.2,1753,25-Aug-2026 16:00:29,1730,N,0.40,60986357.66,EQ,INDIAMART,34838,NIFTY IND DIGITAL
43.41,0.12,44,43.35,25-Aug-2026 16:00:29,42.79,N,0.28,658198047.6,EQ,SAGILITY,15162360,NIFTY IND DIGITAL
2416.27,4.9,2443.6,2431.9,25-Aug-2026 16:00:29,2400.5,N,0.20,189350998.55,EQ,MPHASIS,78365,NIFTY IND DIGITAL
1784.38,2.6,1800,1792,25-Aug-2026 16:00:29,1766.2,N,0.15,108128074.86,EQ,IKS,60597,NIFTY IND DIGITAL
1335.72,1,1350,1350,25-Aug-2026 16:00:29,1328.1,N,0.07,1296674232.96,EQ,NAUKRI,970768,NIFTY IND DIGITAL
4512.19,2.3,4550,4528,25-Aug-2026 16:00:29,4469.1,N,0.05,923076757.06,EQ,LTM,204574,NIFTY IND DIGITAL
3122.66,1.4,3175,3140,25-Aug-2026 16:00:29,3020,N,0.04,1306249272.58,EQ,CARTRADE,418313,NIFTY IND DIGITAL
482.8,0.05,485.8,483.2,25-Aug-2026 16:00:29,481,N,0.01,249441999.6,EQ,IRCTC,516657,NIFTY IND DIGITAL
206.99,-0.08,209.95,204.99,25-Aug-2026 16:00:29,202,N,-0.04,3562649369.02,EQ,MEESHO,17211698,NIFTY IND DIGITAL
796.19,-0.4,804.85,797.1,25-Aug-2026 16:00:29,784.65,N,-0.05,1060389727.7,EQ,TATATECH,1331830,NIFTY IND DIGITAL
279.13,-0.4,281.35,278.1,25-Aug-2026 16:00:29,277.45,N,-0.14,65249707.93,EQ,LATENTVIEW,233761,NIFTY IND DIGITAL
3638.33,-7.6,3701.3,3665.9,25-Aug-2026 16:00:29,3612.2,N,-0.21,589922464.53,EQ,TATAELXSI,162141,NIFTY IND DIGITAL
3569.73,-14.6,3609.3,3570,25-Aug-2026 16:00:29,3550.1,N,-0.41,130255877.97,EQ,LTTS,36489,NIFTY IND DIGITAL
280.5,-1.15,287.5,280.9,25-Aug-2026 16:00:29,278.5,N,-0.41,189877182,EQ,RAILTEL,676924,NIFTY IND DIGITAL
1305.09,-6.2,1322.9,1315.8,25-Aug-2026 16:00:29,1294.4,N,-0.47,1716107214.06,EQ,HCLTECH,1314934,NIFTY IND DIGITAL
524.57,-2.8,532.65,525.6,25-Aug-2026 16:00:29,519,N,-0.53,240330171.79,EQ,NEWGEN,458147,NIFTY IND DIGITAL
277.61,-1.7,279.85,277.3,25-Aug-2026 16:00:29,276,N,-0.61,29795603.69,EQ,ITI,107329,NIFTY IND DIGITAL
505.47,-3.3,513.6,506,25-Aug-2026 16:00:29,499.7,N,-0.65,384627792.57,EQ,TEJASNET,760931,NIFTY IND DIGITAL
179.66,-1.22,181.29,180.09,25-Aug-2026 16:00:29,178.39,N,-0.67,1500605658.5,EQ,WIPRO,8352475,NIFTY IND DIGITAL
1599.45,-10.8,1611.3,1595,25-Aug-2026 16:00:29,1587.3,N,-0.67,89866697.7,EQ,BHARTIHEXA,56186,NIFTY IND DIGITAL
5620.01,-39,5687,5655,25-Aug-2026 16:00:29,5570.5,N,-0.68,2013509082.75,EQ,PERSISTENT,358275,NIFTY IND DIGITAL
682.49,-4.8,688.3,682.7,25-Aug-2026 16:00:29,679,N,-0.70,87786641.23,EQ,INTELLECT,128627,NIFTY IND DIGITAL
193.35,-1.77,196.98,192,25-Aug-2026 16:00:29,191.62,N,-0.91,161274395.1,EQ,FIRSTCRY,834106,NIFTY IND DIGITAL
473.26,-4.9,484.35,472,25-Aug-2026 16:00:29,468.55,N,-1.03,229848184.2,EQ,ZENSARTECH,485670,NIFTY IND DIGITAL
554.68,-7.4,561.5,555.1,25-Aug-2026 16:00:29,548.85,N,-1.32,123461229.08,EQ,HEXT,222581,NIFTY IND DIGITAL
1703.58,-29.5,1735.1,1710.5,25-Aug-2026 16:00:29,1683.4,N,-1.70,226746498,EQ,AFFLE,133100,NIFTY IND DIGITAL
292.59,-8.4,302.45,290.6,25-Aug-2026 16:00:29,289.1,N,-2.81,360714314.88,EQ,BSOFT,1232832,NIFTY IND DIGITAL
301.2,-8.65,307.05,298.1,25-Aug-2026 16:00:29,297.05,N,-2.82,203537707.2,EQ,SONATSOFTW,675756,NIFTY IND DIGITAL
5279.18,-159.5,5413.2,5295,25-Aug-2026 16:00:29,5191,N,-2.92,10062333526.38,EQ,NETWEB,1906041,NIFTY IND DIGITAL
3038.97,111.4,3110,3110,25-Aug-2026 16:00:29,2962.5,N,3.72,6156685790.64,EQ,ADANIENT,2025912,NIFTY100 ESG
2661.87,80,2698,2698,25-Aug-2026 16:00:29,2606.8,N,3.06,3081223661.67,EQ,HDFCAMC,1157541,NIFTY100 ESG
8612.28,248.5,8744.5,8744.5,25-Aug-2026 16:00:29,8497,N,2.92,4854923093.88,EQ,DIVISLAB,563721,NIFTY100 ESG
995.99,25.5,1016,1016,25-Aug-2026 16:00:29,980.3,N,2.57,1882385244.36,EQ,MAXHEALTH,1889964,NIFTY100 ESG
1562.06,39.4,1594.5,1594.5,25-Aug-2026 16:00:29,1532,N,2.53,3192494490.32,EQ,ADANIENSOL,2043772,NIFTY100 ESG
431.88,10,438,438,25-Aug-2026 16:00:29,423.85,N,2.34,4094802414.84,EQ,VBL,9481343,NIFTY100 ESG
8741.93,187,8889,8889,25-Aug-2026 16:00:29,8640,N,2.15,2245093720.67,EQ,APOLLOHOSP,256819,NIFTY100 ESG
314.85,6.2,319.75,318.1,25-Aug-2026 16:00:29,311.1,N,1.99,2075639494.35,EQ,BPCL,6592471,NIFTY100 ESG
185.16,3.38,187.33,186.98,25-Aug-2026 16:00:29,181.4,N,1.84,2070268405.2,EQ,UNIONBANK,11180970,NIFTY100 ESG
1684.8,30.6,1702.7,1702.7,25-Aug-2026 16:00:29,1671,N,1.83,2191151476.8,EQ,ADANIPORTS,1300541,NIFTY100 ESG
24295.55,420,24500,24440,25-Aug-2026 16:00:29,24005,N,1.75,3062599850.8,EQ,SHREECEM,126056,NIFTY100 ESG
1125.59,19.5,1138.5,1138.5,25-Aug-2026 16:00:29,1112,N,1.74,2747095818.97,EQ,SHRIRAMFIN,2440583,NIFTY100 ESG
1319.64,22,1330,1330,25-Aug-2026 16:00:29,1294.8,N,1.68,3214895091.24,EQ,ADANIGREEN,2436191,NIFTY100 ESG
7537.65,123,7627,7627,25-Aug-2026 16:00:29,7435,N,1.64,1343548424.25,EQ,ABB,178245,NIFTY100 ESG
11180.93,170,11290,11290,25-Aug-2026 16:00:29,10811,N,1.53,722388706.37,EQ,BAJAJHLDNG,64609,NIFTY100 ESG
1843.52,26.3,1873,1873,25-Aug-2026 16:00:29,1821.1,N,1.42,790433165.76,EQ,CHOLAFIN,428763,NIFTY100 ESG
5334.4,71.5,5382.5,5382.5,25-Aug-2026 16:00:29,5286,N,1.35,1926497222.4,EQ,BRITANNIA,361146,NIFTY100 ESG
4384.6,56.5,4420,4420,25-Aug-2026 16:00:29,4344.7,N,1.29,2311683888.8,EQ,TVSMOTOR,527228,NIFTY100 ESG
204.49,2.63,206.8,206.33,25-Aug-2026 16:00:29,201.43,N,1.29,2915810436.11,EQ,ADANIPOWER,14258939,NIFTY100 ESG
1126.96,14,1144,1144,25-Aug-2026 16:00:29,1119.9,N,1.24,9152309249.52,EQ,INFY,8121237,NIFTY100 ESG
48022.06,580,48680,48680,25-Aug-2026 16:00:29,47790,N,1.21,1334340959.16,EQ,BOSCHLTD,27786,NIFTY100 ESG
127.63,1.51,128.81,128.81,25-Aug-2026 16:00:29,126.25,N,1.19,1887203037.08,EQ,CANBK,14786516,NIFTY100 ESG
329.22,3.85,331,331,25-Aug-2026 16:00:29,325.5,N,1.18,9567793615.32,EQ,ETERNAL,29062006,NIFTY100 ESG
2213.86,25.5,2243.8,2232.5,25-Aug-2026 16:00:29,2190,N,1.16,1488462204.68,EQ,HYUNDAI,672338,NIFTY100 ESG
11807.85,127,11927,11927,25-Aug-2026 16:00:29,11722,N,1.08,1880659885.2,EQ,BAJAJ-AUTO,159272,NIFTY100 ESG
407.66,4.35,413.1,413.1,25-Aug-2026 16:00:29,405,N,1.06,601834165.24,EQ,AMBUJACEM,1476314,NIFTY100 ESG
174.08,1.75,176.29,175.5,25-Aug-2026 16:00:29,172.39,N,1.01,1364353392.64,EQ,GAIL,7837508,NIFTY100 ESG
1575.62,15.9,1599.9,1599.9,25-Aug-2026 16:00:29,1562,N,1.00,2179758400.98,EQ,TECHM,1383429,NIFTY100 ESG
1078.38,10.4,1087.4,1087.4,25-Aug-2026 16:00:29,1066.3,N,0.97,2987650711.62,EQ,BAJFINANCE,2770499,NIFTY100 ESG
5195.99,49.5,5239.5,5239.5,25-Aug-2026 16:00:29,5150,N,0.95,2920551667.22,EQ,CUMMINSIND,562078,NIFTY100 ESG
241.17,-0.5,242.9,241,25-Aug-2026 16:00:29,239.9,N,-0.21,2730259041.3,EQ,BANKBARODA,11320890,NIFTY100 ESG
3202.13,-8,3227.7,3201,25-Aug-2026 16:00:29,3166.4,N,-0.25,2682475535.08,EQ,MUTHOOTFIN,837716,NIFTY100 ESG
2020.45,-5.8,2029.2,2024.2,25-Aug-2026 16:00:29,2012,N,-0.29,2060016472.35,EQ,HINDUNILVR,1019583,NIFTY100 ESG
1759.63,-6.8,1774.4,1755,25-Aug-2026 16:00:29,1751.2,N,-0.39,2888735301.36,EQ,SBILIFE,1641672,NIFTY100 ESG
1305.09,-6.2,1322.9,1315.8,25-Aug-2026 16:00:29,1294.4,N,-0.47,1716107214.06,EQ,HCLTECH,1314934,NIFTY100 ESG
1316.28,-6.7,1326.3,1320.3,25-Aug-2026 16:00:29,1310.1,N,-0.50,1624939762.32,EQ,JSWSTEEL,1234494,NIFTY100 ESG
1648.22,-8.9,1660,1651.1,25-Aug-2026 16:00:29,1636.6,N,-0.54,752948101.5,EQ,PIDILITIND,456825,NIFTY100 ESG
4097.84,-23.5,4149.4,4090.5,25-Aug-2026 16:00:29,4060,N,-0.57,2564600381.28,EQ,SIEMENS,625842,NIFTY100 ESG
326.47,-1.9,329,326,25-Aug-2026 16:00:29,323.45,N,-0.58,1377469321.01,EQ,RECLTD,4219283,NIFTY100 ESG
85.53,-0.54,86.44,85.45,25-Aug-2026 16:00:29,85.05,N,-0.63,821642063.34,EQ,IRFC,9606478,NIFTY100 ESG
179.66,-1.22,181.29,180.09,25-Aug-2026 16:00:29,178.39,N,-0.67,1500605658.5,EQ,WIPRO,8352475,NIFTY100 ESG
1048.52,-7.45,1057,1051.05,25-Aug-2026 16:00:29,1040.45,N,-0.70,3664885664.88,EQ,HINDALCO,3495294,NIFTY100 ESG
3919.39,-30.4,3960,3909.6,25-Aug-2026 16:00:29,3897.4,N,-0.77,845918024.31,EQ,DMART,215829,NIFTY100 ESG
370.55,-2.9,374.2,370.6,25-Aug-2026 16:00:29,368.55,N,-0.78,3396978587.8,EQ,TATAPOWER,9167396,NIFTY100 ESG
681.98,-6.05,688.2,682.95,25-Aug-2026 16:00:29,678.3,N,-0.88,1472294568.94,EQ,DLF,2158853,NIFTY100 ESG
234.52,-2.55,236.55,234,25-Aug-2026 16:00:29,233.35,N,-1.08,2843338303.52,EQ,ONGC,12124076,NIFTY100 ESG
550.73,-6.25,555.65,546.7,25-Aug-2026 16:00:29,545.8,N,-1.13,1247298811.3,EQ,HDFCLIFE,2264810,NIFTY100 ESG
165.94,-2.55,168.28,166.45,25-Aug-2026 16:00:29,164.81,N,-1.51,1444532093.18,EQ,MOTHERSON,8705147,NIFTY100 ESG
593.92,-11.4,600.6,592.6,25-Aug-2026 16:00:29,586.85,N,-1.89,5647917281.28,EQ,HINDZINC,9509559,NIFTY100 ESG
3407.06,-95.6,3495.5,3390.1,25-Aug-2026 16:00:29,3371,N,-2.74,1348926602.26,EQ,ENRIN,395921,NIFTY100 ESG
1835.64,65.2,1869.4,1866.2,25-Aug-2026 16:00:29,1796.5,N,3.62,6518256679.8,EQ,LAURUSLABS,3550945,NIFTY INDIA MFG
8612.28,248.5,8744.5,8744.5,25-Aug-2026 16:00:29,8497,N,2.92,4854923093.88,EQ,DIVISLAB,563721,NIFTY INDIA MFG
14649.88,420,14990,14990,25-Aug-2026 16:00:29,14400,N,2.88,7653683307.2,EQ,DIXON,522440,NIFTY INDIA MFG
2580.91,70,2621.7,2610,25-Aug-2026 16:00:29,2520,N,2.76,4233102764.69,EQ,MAZDOCK,1640159,NIFTY INDIA MFG
3934.79,95.8,3996.5,3936,25-Aug-2026 16:00:29,3804,N,2.49,7145299269.91,EQ,KAYNES,1815929,NIFTY INDIA MFG
576.88,13.1,585,585,25-Aug-2026 16:00:29,570.55,N,2.29,2229351606.24,EQ,UPL,3864498,NIFTY INDIA MFG
314.85,6.2,319.75,318.1,25-Aug-2026 16:00:29,311.1,N,1.99,2075639494.35,EQ,BPCL,6592471,NIFTY INDIA MFG
1104.86,20.7,1125,1124.5,25-Aug-2026 16:00:29,1092.6,N,1.88,1273310270.18,EQ,ZYDUSLIFE,1152463,NIFTY INDIA MFG
5531.39,94,5590.2,5588,25-Aug-2026 16:00:29,5482.9,N,1.71,2411332031.04,EQ,KEI,435936,NIFTY INDIA MFG
7537.65,123,7627,7627,25-Aug-2026 16:00:29,7435,N,1.64,1343548424.25,EQ,ABB,178245,NIFTY INDIA MFG
411.84,5.6,417,417,25-Aug-2026 16:00:29,408.15,N,1.36,1916126784,EQ,BHEL,4652600,NIFTY INDIA MFG
2472.05,33,2508,2508,25-Aug-2026 16:00:29,2453.1,N,1.33,461247449.25,EQ,PIIND,186585,NIFTY INDIA MFG
4384.6,56.5,4420,4420,25-Aug-2026 16:00:29,4344.7,N,1.29,2311683888.8,EQ,TVSMOTOR,527228,NIFTY INDIA MFG
48022.06,580,48680,48680,25-Aug-2026 16:00:29,47790,N,1.21,1334340959.16,EQ,BOSCHLTD,27786,NIFTY INDIA MFG
2213.86,25.5,2243.8,2232.5,25-Aug-2026 16:00:29,2190,N,1.16,1488462204.68,EQ,HYUNDAI,672338,NIFTY INDIA MFG
11807.85,127,11927,11927,25-Aug-2026 16:00:29,11722,N,1.08,1880659885.2,EQ,BAJAJ-AUTO,159272,NIFTY INDIA MFG
409.23,4.25,413.25,413.25,25-Aug-2026 16:00:29,405.95,N,1.04,3850894813.77,EQ,BEL,9410099,NIFTY INDIA MFG
5195.99,49.5,5239.5,5239.5,25-Aug-2026 16:00:29,5150,N,0.95,2920551667.22,EQ,CUMMINSIND,562078,NIFTY INDIA MFG
4887.76,45.5,4932,4932,25-Aug-2026 16:00:29,4855.5,N,0.93,1050140123.76,EQ,TORNTPHARM,214851,NIFTY INDIA MFG
1112.95,9.7,1125,1122,25-Aug-2026 16:00:29,1100.1,N,0.87,151829751.95,EQ,KPRMILL,136421,NIFTY INDIA MFG
3417.23,28.9,3443,3443,25-Aug-2026 16:00:29,3396.8,N,0.85,3683849119.06,EQ,M&M,1078022,NIFTY INDIA MFG
173.05,1.4,174.69,174.69,25-Aug-2026 16:00:29,171.58,N,0.81,1494425536.1,EQ,ASHOKLEY,8635802,NIFTY INDIA MFG
1508.17,11,1516,1515,25-Aug-2026 16:00:29,1493.7,N,0.73,509503562.93,EQ,BLUESTARCO,337829,NIFTY INDIA MFG
36567.15,260,36935,36900,25-Aug-2026 16:00:29,36350,N,0.71,44209684.35,EQ,HONAUT,1209,NIFTY INDIA MFG
1912.58,12,1922,1922,25-Aug-2026 16:00:29,1896.2,N,0.63,2335344333.52,EQ,SUNPHARMA,1221044,NIFTY INDIA MFG
2347.94,14.6,2379.4,2373,25-Aug-2026 16:00:29,2311,N,0.62,558093598.3,EQ,BALKRISIND,237695,NIFTY INDIA MFG
1613.94,9.8,1623.8,1617.8,25-Aug-2026 16:00:29,1598.8,N,0.61,951446680.92,EQ,AUROPHARMA,589518,NIFTY INDIA MFG
2033.79,11.5,2052.5,2052.5,25-Aug-2026 16:00:29,2026,N,0.56,1137771274.86,EQ,BHARATFORG,559434,NIFTY INDIA MFG
1305.89,7.2,1317.1,1317,25-Aug-2026 16:00:29,1300,N,0.55,9291870940.95,EQ,RELIANCE,7115355,NIFTY INDIA MFG
9045.83,44,9119.5,9098,25-Aug-2026 16:00:29,8990.5,N,0.49,2907564953.58,EQ,POLYCAB,321426,NIFTY INDIA MFG
1648.22,-8.9,1660,1651.1,25-Aug-2026 16:00:29,1636.6,N,-0.54,752948101.5,EQ,PIDILITIND,456825,NIFTY INDIA MFG
2173.44,-12.5,2189.9,2175.5,25-Aug-2026 16:00:29,2158.1,N,-0.57,1185115975.68,EQ,LUPIN,545272,NIFTY INDIA MFG
4097.84,-23.5,4149.4,4090.5,25-Aug-2026 16:00:29,4060,N,-0.57,2564600381.28,EQ,SIEMENS,625842,NIFTY INDIA MFG
807.11,-4.7,814,808.8,25-Aug-2026 16:00:29,803,N,-0.58,1163897818.16,EQ,SONACOMS,1442056,NIFTY INDIA MFG
1910.85,-11.8,1931.9,1914.8,25-Aug-2026 16:00:29,1896.3,N,-0.61,898437720.45,EQ,COROMANDEL,470177,NIFTY INDIA MFG
3063.16,-18.9,3103.9,3078.4,25-Aug-2026 16:00:29,3050,N,-0.61,97432993.28,EQ,ESCORTS,31808,NIFTY INDIA MFG
658.51,-4.2,666.25,658,25-Aug-2026 16:00:29,652,N,-0.63,2460288843.95,EQ,HSCL,3736145,NIFTY INDIA MFG
19771.65,-125,19925,19800,25-Aug-2026 16:00:29,19665,N,-0.63,1142465251.95,EQ,SOLARINDS,57783,NIFTY INDIA MFG
46.62,-0.3,47.16,46.75,25-Aug-2026 16:00:29,46.25,N,-0.64,2199698872.56,EQ,SUZLON,47183588,NIFTY INDIA MFG
1048.52,-7.45,1057,1051.05,25-Aug-2026 16:00:29,1040.45,N,-0.70,3664885664.88,EQ,HINDALCO,3495294,NIFTY INDIA MFG
274.89,-2,276.8,275,25-Aug-2026 16:00:29,273,N,-0.72,2190940922.94,EQ,VEDL,7970246,NIFTY INDIA MFG
878.12,-8.55,895,874.8,25-Aug-2026 16:00:29,871,N,-0.97,279101660.8,EQ,ANTHEM,317840,NIFTY INDIA MFG
6506.71,-65,6599.5,6466,25-Aug-2026 16:00:29,6458,N,-1.00,121681983.71,EQ,LINDEINDIA,18701,NIFTY INDIA MFG
1418.11,-15.9,1435.9,1422,25-Aug-2026 16:00:29,1411.1,N,-1.11,1133403145.85,EQ,CIPLA,799235,NIFTY INDIA MFG
242.82,-3,246.15,243,25-Aug-2026 16:00:29,241.25,N,-1.22,904105789.56,EQ,CROMPTON,3723358,NIFTY INDIA MFG
132936.88,-1910,134385,132455,25-Aug-2026 16:00:29,131400,N,-1.42,850796032,EQ,MRF,6400,NIFTY INDIA MFG
165.94,-2.55,168.28,166.45,25-Aug-2026 16:00:29,164.81,N,-1.51,1444532093.18,EQ,MOTHERSON,8705147,NIFTY INDIA MFG
593.92,-11.4,600.6,592.6,25-Aug-2026 16:00:29,586.85,N,-1.89,5647917281.28,EQ,HINDZINC,9509559,NIFTY INDIA MFG
3407.06,-95.6,3495.5,3390.1,25-Aug-2026 16:00:29,3371,N,-2.74,1348926602.26,EQ,ENRIN,395921,NIFTY INDIA MFG
535.56,-42.75,551.85,531.4,25-Aug-2026 16:00:29,529.35,N,-7.45,23913957938.88,EQ,HINDCOPPER,44652248,NIFTY INDIA MFG
1596.44,48.1,1615,1605,25-Aug-2026 16:00:29,1557.8,N,3.09,209108096.96,EQ,AXISCADES,130984,NIFTY IND DEFENCE
2580.91,70,2621.7,2610,25-Aug-2026 16:00:29,2520,N,2.76,4233102764.69,EQ,MAZDOCK,1640159,NIFTY IND DEFENCE
1707.74,40.1,1726.9,1705,25-Aug-2026 16:00:29,1676.5,N,2.41,733353080.46,EQ,ASTRAMICRO,429429,NIFTY IND DEFENCE
6859.74,118,6970,6930,25-Aug-2026 16:00:29,6730.5,N,1.73,381600476.46,BE,MTARTECH,55629,NIFTY IND DEFENCE
409.23,4.25,413.25,413.25,25-Aug-2026 16:00:29,405.95,N,1.04,3850894813.77,EQ,BEL,9410099,NIFTY IND DEFENCE
386.87,2.85,390.35,388,25-Aug-2026 16:00:29,381.5,N,0.74,2039867245.02,EQ,APOLLO,5272746,NIFTY IND DEFENCE
2033.79,11.5,2052.5,2052.5,25-Aug-2026 16:00:29,2026,N,0.56,1137771274.86,EQ,BHARATFORG,559434,NIFTY IND DEFENCE
1935.39,7,1977,1922,25-Aug-2026 16:00:29,1902.6,N,0.37,702457542.06,EQ,BEML,362954,NIFTY IND DEFENCE
2597.24,8.4,2622,2604.5,25-Aug-2026 16:00:29,2577,N,0.32,895668602.96,EQ,GRSE,344854,NIFTY IND DEFENCE
1515.38,4.5,1524.4,1518.5,25-Aug-2026 16:00:29,1503,N,0.30,1475154237.9,EQ,COCHINSHIP,973455,NIFTY IND DEFENCE
4854.67,-6,4900,4900,25-Aug-2026 16:00:29,4805,N,-0.12,2746374203.06,EQ,HAL,565718,NIFTY IND DEFENCE
252.46,-0.57,258.38,255.5,25-Aug-2026 16:00:29,248.3,N,-0.22,472971439.46,EQ,AEQUS,1873451,NIFTY IND DEFENCE
1372.99,-8.1,1393.7,1359.9,25-Aug-2026 16:00:29,1352,N,-0.59,2959927539.74,EQ,BDL,2155826,NIFTY IND DEFENCE
19771.65,-125,19925,19800,25-Aug-2026 16:00:29,19665,N,-0.63,1142465251.95,EQ,SOLARINDS,57783,NIFTY IND DEFENCE
413.89,-4.6,418.85,413.5,25-Aug-2026 16:00:29,411.5,N,-1.10,326795127.3,EQ,MIDHANI,789570,NIFTY IND DEFENCE
11530.95,-146,11658,11500,25-Aug-2026 16:00:29,11410,N,-1.25,102025845.6,EQ,DYNAMATECH,8848,NIFTY IND DEFENCE
1876.3,-40.9,1906.6,1862.4,25-Aug-2026 16:00:29,1858,N,-2.15,523134955.6,EQ,ZENTEC,278812,NIFTY IND DEFENCE
4585.4,-188.2,4768.7,4548,25-Aug-2026 16:00:29,4500.1,N,-3.97,5495721120.4,EQ,DATAPATTNS,1198526,NIFTY IND DEFENCE
1446.99,-76,1526.5,1444,25-Aug-2026 16:00:29,1402,N,-5.00,3976426915.32,EQ,PARAS,2748068,NIFTY IND DEFENCE
892.98,25.95,905,895.5,25-Aug-2026 16:00:29,860.55,N,2.98,921456239.22,EQ,CHALET,1031889,NIFTY IND TOURISM
5137.87,103,5227.5,5218,25-Aug-2026 16:00:29,5080.5,N,2.01,1712364727.21,EQ,INDIGO,333283,NIFTY IND TOURISM
510,7.1,515,515,25-Aug-2026 16:00:29,504.95,N,1.40,1123935960,EQ,JUBLFOOD,2203796,NIFTY IND TOURISM
1718.77,22.6,1737.9,1726.1,25-Aug-2026 16:00:29,1684.7,N,1.33,236547440.02,EQ,TBOTEK,137626,NIFTY IND TOURISM
552.55,6.15,559.9,555.85,25-Aug-2026 16:00:29,540.5,N,1.12,243566250.2,EQ,THELEELA,440804,NIFTY IND TOURISM
166.21,1.72,167.24,166.31,25-Aug-2026 16:00:29,164.75,N,1.05,159699055.67,EQ,ITCHOTELS,960827,NIFTY IND TOURISM
98.58,1.03,99.85,99.85,25-Aug-2026 16:00:29,98.15,N,1.04,579667848.66,EQ,GMRAIRPORT,5880177,NIFTY IND TOURISM
108.75,0.82,109.5,109.38,25-Aug-2026 16:00:29,108.15,N,0.76,167685540,EQ,LEMONTREE,1541936,NIFTY IND TOURISM
301.77,2.2,303.95,302,25-Aug-2026 16:00:29,298.2,N,0.73,60714011.61,EQ,EIHOTEL,201193,NIFTY IND TOURISM
148.89,0.88,150.25,150,25-Aug-2026 16:00:29,146.41,N,0.59,366526830.81,EQ,DEVYANI,2461729,NIFTY IND TOURISM
241.4,1.19,246.96,242.7,25-Aug-2026 16:00:29,234.51,N,0.49,2042688176,EQ,BLS,8461840,NIFTY IND TOURISM
248.57,1.03,252.65,250.33,25-Aug-2026 16:00:29,244.61,N,0.41,225181551.56,EQ,SAPPHIRE,905908,NIFTY IND TOURISM
728.82,1.1,735,730,25-Aug-2026 16:00:29,724.55,N,0.15,727722397.08,EQ,INDHOTEL,998494,NIFTY IND TOURISM
482.8,0.05,485.8,483.2,25-Aug-2026 16:00:29,481,N,0.01,249441999.6,EQ,IRCTC,516657,NIFTY IND TOURISM
1299.29,-0.8,1318.8,1306,25-Aug-2026 16:00:29,1286.9,N,-0.06,33126697.84,EQ,TRAVELFOOD,25496,NIFTY IND TOURISM
295.3,14.9,301.55,300.9,25-Aug-2026 16:00:29,284,N,5.21,3196809424.9,EQ,ANGELONE,10825633,NIFTY CAPITAL MKT
202.72,6.73,205.21,203.2,25-Aug-2026 16:00:29,196.11,N,3.43,10785407235.68,EQ,GROWW,53203469,NIFTY CAPITAL MKT
2661.87,80,2698,2698,25-Aug-2026 16:00:29,2606.8,N,3.06,3081223661.67,EQ,HDFCAMC,1157541,NIFTY CAPITAL MKT
1009.02,21.5,1019.9,1011.5,25-Aug-2026 16:00:29,992,N,2.17,1852680793.38,EQ,MOTILALOFS,1836119,NIFTY CAPITAL MKT
1199.97,20.2,1210,1210,25-Aug-2026 16:00:29,1186.4,N,1.70,647512211.79,EQ,360ONE,539607,NIFTY CAPITAL MKT
3269.43,51,3305,3281,25-Aug-2026 16:00:29,3207.1,N,1.58,654082165.8,EQ,ICICIAMC,200060,NIFTY CAPITAL MKT
123.19,1.19,124.28,124.2,25-Aug-2026 16:00:29,122.51,N,0.97,277309929.25,EQ,IEX,2251075,NIFTY CAPITAL MKT
999.98,8.1,1007,1006.8,25-Aug-2026 16:00:29,992.6,N,0.81,121086578.22,EQ,ABSLAMC,121089,NIFTY CAPITAL MKT
1390.16,9.7,1400.2,1394.8,25-Aug-2026 16:00:29,1375.2,N,0.70,1386736035.92,EQ,CDSL,997537,NIFTY CAPITAL MKT
3277.54,12,3308.7,3280,25-Aug-2026 16:00:29,3254.3,N,0.37,6653071890.92,EQ,MCX,2029898,NIFTY CAPITAL MKT
889.5,3.1,893.8,889.55,25-Aug-2026 16:00:29,884,N,0.35,35627143.5,EQ,UTIAMC,40053,NIFTY CAPITAL MKT
1746.07,2,1761,1752,25-Aug-2026 16:00:29,1722.9,N,0.11,356704640.3,EQ,NUVAMA,204290,NIFTY CAPITAL MKT
2161.06,-2.9,2173,2165,25-Aug-2026 16:00:29,2151.3,N,-0.13,298930785.56,EQ,ANANDRATHI,138326,NIFTY CAPITAL MKT
746.48,-2.05,752.75,749.95,25-Aug-2026 16:00:29,742.3,N,-0.27,605627435.28,EQ,CAMS,811311,NIFTY CAPITAL MKT
3300.33,-9.7,3324,3303,25-Aug-2026 16:00:29,3285.3,N,-0.29,7314254052.27,EQ,BSE,2216219,NIFTY CAPITAL MKT
964.64,-3.9,976.6,966,25-Aug-2026 16:00:29,956.2,N,-0.40,682013020.32,EQ,KFINTECH,707013,NIFTY CAPITAL MKT
1228.05,-23.4,1253.1,1224.4,25-Aug-2026 16:00:29,1220,N,-1.88,1465466450.4,EQ,NAM-INDIA,1193328,NIFTY CAPITAL MKT
5531.39,94,5590.2,5588,25-Aug-2026 16:00:29,5482.9,N,1.71,2411332031.04,EQ,KEI,435936,NIFTY EV
582.17,8.9,592,592,25-Aug-2026 16:00:29,577,N,1.53,921559391.41,EQ,KPITTECH,1582973,NIFTY EV
4384.6,56.5,4420,4420,25-Aug-2026 16:00:29,4344.7,N,1.29,2311683888.8,EQ,TVSMOTOR,527228,NIFTY EV
48022.06,580,48680,48680,25-Aug-2026 16:00:29,47790,N,1.21,1334340959.16,EQ,BOSCHLTD,27786,NIFTY EV
2213.86,25.5,2243.8,2232.5,25-Aug-2026 16:00:29,2190,N,1.16,1488462204.68,EQ,HYUNDAI,672338,NIFTY EV
11807.85,127,11927,11927,25-Aug-2026 16:00:29,11722,N,1.08,1880659885.2,EQ,BAJAJ-AUTO,159272,NIFTY EV
3417.23,28.9,3443,3443,25-Aug-2026 16:00:29,3396.8,N,0.85,3683849119.06,EQ,M&M,1078022,NIFTY EV
173.05,1.4,174.69,174.69,25-Aug-2026 16:00:29,171.58,N,0.81,1494425536.1,EQ,ASHOKLEY,8635802,NIFTY EV
2033.79,11.5,2052.5,2052.5,25-Aug-2026 16:00:29,2026,N,0.56,1137771274.86,EQ,BHARATFORG,559434,NIFTY EV
1305.89,7.2,1317.1,1317,25-Aug-2026 16:00:29,1300,N,0.55,9291870940.95,EQ,RELIANCE,7115355,NIFTY EV
13543.55,58,13678,13678,25-Aug-2026 16:00:29,13450,N,0.43,4014700982.95,EQ,MARUTI,296429,NIFTY EV
2868.93,8,2893.9,2888,25-Aug-2026 16:00:29,2845.2,N,0.28,451813441.05,EQ,TIINDIA,157485,NIFTY EV
475.78,1.3,481.65,476.35,25-Aug-2026 16:00:29,470.65,N,0.27,3361122117.88,EQ,TMCV,7064446,NIFTY EV
1250.6,2.1,1256.5,1253.4,25-Aug-2026 16:00:29,1240.5,N,0.17,581393935.2,EQ,UNOMINDA,464892,NIFTY EV
873.52,1,882.5,878.5,25-Aug-2026 16:00:29,867,N,0.11,1423783441.76,EQ,CGPOWER,1629938,NIFTY EV
8031.16,8,8070,8055,25-Aug-2026 16:00:29,7984,N,0.10,1964606452.68,EQ,EICHERMOT,244623,NIFTY EV
626.67,0.1,632.5,627.05,25-Aug-2026 16:00:29,624,N,0.02,174016858.95,EQ,TATACHEM,277685,NIFTY EV
312.64,-0.15,314.9,314.25,25-Aug-2026 16:00:29,310.55,N,-0.05,3434180949.12,EQ,TMPV,10984458,NIFTY EV
796.19,-0.4,804.85,797.1,25-Aug-2026 16:00:29,784.65,N,-0.05,1060389727.7,EQ,TATATECH,1331830,NIFTY EV
1292.06,-0.6,1306.6,1297,25-Aug-2026 16:00:29,1279.5,N,-0.05,283089053.94,EQ,OLECTRA,219099,NIFTY EV
3994.12,-6.4,4020.4,4014,25-Aug-2026 16:00:29,3975.1,N,-0.16,160947059.52,EQ,SCHAEFFLER,40296,NIFTY EV
920.97,-1.95,927.95,920.85,25-Aug-2026 16:00:29,918,N,-0.21,225429510.78,EQ,ARE&M,244774,NIFTY EV
3638.33,-7.6,3701.3,3665.9,25-Aug-2026 16:00:29,3612.2,N,-0.21,589922464.53,EQ,TATAELXSI,162141,NIFTY EV
248.13,-0.7,253.45,247.15,25-Aug-2026 16:00:29,245.25,N,-0.28,155324417.4,EQ,JWL,625980,NIFTY EV
4618.51,-17.6,4675.9,4605,25-Aug-2026 16:00:29,4585,N,-0.38,392213106.22,EQ,FLUOROCHEM,84922,NIFTY EV
3569.73,-14.6,3609.3,3570,25-Aug-2026 16:00:29,3550.1,N,-0.41,130255877.97,EQ,LTTS,36489,NIFTY EV
807.11,-4.7,814,808.8,25-Aug-2026 16:00:29,803,N,-0.58,1163897818.16,EQ,SONACOMS,1442056,NIFTY EV
658.51,-4.2,666.25,658,25-Aug-2026 16:00:29,652,N,-0.63,2460288843.95,EQ,HSCL,3736145,NIFTY EV
1446.73,-10.2,1467.7,1442.9,25-Aug-2026 16:00:29,1430,N,-0.70,1540258201.04,EQ,ATHERENERG,1064648,NIFTY EV
449.92,-4.35,456,448.95,25-Aug-2026 16:00:29,446.7,N,-0.96,457820145.28,EQ,EXIDEIND,1017559,NIFTY EV
17406.27,-169,17625,17431,25-Aug-2026 16:00:29,17276,N,-0.96,1320335204.58,EQ,FORCEMOT,75854,NIFTY EV
5621.83,-60.5,5682,5624.5,25-Aug-2026 16:00:29,5590,N,-1.06,2431194114.48,EQ,HEROMOTOCO,432456,NIFTY EV
165.94,-2.55,168.28,166.45,25-Aug-2026 16:00:29,164.81,N,-1.51,1444532093.18,EQ,MOTHERSON,8705147,NIFTY EV
707.17,-11.95,734.85,708,25-Aug-2026 16:00:29,696.75,N,-1.66,471937678.37,EQ,MINDACORP,667361,NIFTY EV
2600.73,-50.1,2648.5,2600,25-Aug-2026 16:00:29,2590.4,N,-1.89,1692144168.66,EQ,ZFCVINDIA,650642,NIFTY EV
649.85,-13.2,659.5,648.25,25-Aug-2026 16:00:29,645.4,N,-2.00,203422545.5,EQ,JBMA,313030,NIFTY EV
36.61,-0.9,37.85,36.45,25-Aug-2026 16:00:29,36.05,N,-2.41,1155318061.45,EQ,OLAELEC,31557445,NIFTY EV
36.81,-0.91,37.7,36.84,25-Aug-2026 16:00:29,36.54,N,-2.41,680759685.99,EQ,MSUMI,18493879,NIFTY EV
14.9,1.12,15.31,15.19,25-Aug-2026 16:00:29,14.08,N,7.96,22863605950.2,EQ,IDEA,1534470198,NIFTY NEW CONSUMP
1676.84,94.5,1718,1718,25-Aug-2026 16:00:29,1612,N,5.82,16955084274.04,EQ,PAYTM,10111331,NIFTY NEW CONSUMP
295.3,14.9,301.55,300.9,25-Aug-2026 16:00:29,284,N,5.21,3196809424.9,EQ,ANGELONE,10825633,NIFTY NEW CONSUMP
202.72,6.73,205.21,203.2,25-Aug-2026 16:00:29,196.11,N,3.43,10785407235.68,EQ,GROWW,53203469,NIFTY NEW CONSUMP
2661.87,80,2698,2698,25-Aug-2026 16:00:29,2606.8,N,3.06,3081223661.67,EQ,HDFCAMC,1157541,NIFTY NEW CONSUMP
892.98,25.95,905,895.5,25-Aug-2026 16:00:29,860.55,N,2.98,921456239.22,EQ,CHALET,1031889,NIFTY NEW CONSUMP
14649.88,420,14990,14990,25-Aug-2026 16:00:29,14400,N,2.88,7653683307.2,EQ,DIXON,522440,NIFTY NEW CONSUMP
1009.02,21.5,1019.9,1011.5,25-Aug-2026 16:00:29,992,N,2.17,1852680793.38,EQ,MOTILALOFS,1836119,NIFTY NEW CONSUMP
5137.87,103,5227.5,5218,25-Aug-2026 16:00:29,5080.5,N,2.01,1712364727.21,EQ,INDIGO,333283,NIFTY NEW CONSUMP
1272.47,22.7,1283,1281.1,25-Aug-2026 16:00:29,1253.1,N,1.80,2841207917.63,EQ,LODHA,2232829,NIFTY NEW CONSUMP
1199.97,20.2,1210,1210,25-Aug-2026 16:00:29,1186.4,N,1.70,647512211.79,EQ,360ONE,539607,NIFTY NEW CONSUMP
3269.43,51,3305,3281,25-Aug-2026 16:00:29,3207.1,N,1.58,654082165.8,EQ,ICICIAMC,200060,NIFTY NEW CONSUMP
510,7.1,515,515,25-Aug-2026 16:00:29,504.95,N,1.40,1123935960,EQ,JUBLFOOD,2203796,NIFTY NEW CONSUMP
1681.62,22.5,1695,1686.7,25-Aug-2026 16:00:29,1654,N,1.35,1033590916.8,EQ,LGEINDIA,614640,NIFTY NEW CONSUMP
4384.6,56.5,4420,4420,25-Aug-2026 16:00:29,4344.7,N,1.29,2311683888.8,EQ,TVSMOTOR,527228,NIFTY NEW CONSUMP
329.22,3.85,331,331,25-Aug-2026 16:00:29,325.5,N,1.18,9567793615.32,EQ,ETERNAL,29062006,NIFTY NEW CONSUMP
2213.86,25.5,2243.8,2232.5,25-Aug-2026 16:00:29,2190,N,1.16,1488462204.68,EQ,HYUNDAI,672338,NIFTY NEW CONSUMP
332.23,3.7,334.7,334,25-Aug-2026 16:00:29,328,N,1.12,1147517768.78,EQ,NYKAA,3453986,NIFTY NEW CONSUMP
287.64,3.15,291,287.4,25-Aug-2026 16:00:29,282,N,1.11,5764737347.64,EQ,SWIGGY,20041501,NIFTY NEW CONSUMP
11807.85,127,11927,11927,25-Aug-2026 16:00:29,11722,N,1.08,1880659885.2,EQ,BAJAJ-AUTO,159272,NIFTY NEW CONSUMP
166.21,1.72,167.24,166.31,25-Aug-2026 16:00:29,164.75,N,1.05,159699055.67,EQ,ITCHOTELS,960827,NIFTY NEW CONSUMP
5086.99,45.8,5124.8,5124.8,25-Aug-2026 16:00:29,5052.7,N,0.90,1767805329.85,EQ,TITAN,347515,NIFTY NEW CONSUMP
1112.95,9.7,1125,1122,25-Aug-2026 16:00:29,1100.1,N,0.87,151829751.95,EQ,KPRMILL,136421,NIFTY NEW CONSUMP
2920.89,25,2938.9,2930,25-Aug-2026 16:00:29,2893.8,N,0.86,1811541819.78,EQ,TRENT,620202,NIFTY NEW CONSUMP
3417.23,28.9,3443,3443,25-Aug-2026 16:00:29,3396.8,N,0.85,3683849119.06,EQ,M&M,1078022,NIFTY NEW CONSUMP
108.75,0.82,109.5,109.38,25-Aug-2026 16:00:29,108.15,N,0.76,167685540,EQ,LEMONTREE,1541936,NIFTY NEW CONSUMP
614.66,4.65,625.3,612.6,25-Aug-2026 16:00:29,604.25,N,0.76,7223695148.38,EQ,KALYANKJIL,11752343,NIFTY NEW CONSUMP
1797.15,13.3,1815,1798.3,25-Aug-2026 16:00:29,1775,N,0.75,2398151105.85,EQ,POLICYBZR,1334419,NIFTY NEW CONSUMP
1508.17,11,1516,1515,25-Aug-2026 16:00:29,1493.7,N,0.73,509503562.93,EQ,BLUESTARCO,337829,NIFTY NEW CONSUMP
301.77,2.2,303.95,302,25-Aug-2026 16:00:29,298.2,N,0.73,60714011.61,EQ,EIHOTEL,201193,NIFTY NEW CONSUMP
765.43,-1.5,772,767.55,25-Aug-2026 16:00:29,761.65,N,-0.20,69523241.47,EQ,WHIRLPOOL,90829,NIFTY NEW CONSUMP
613.17,-1.25,616.4,613.35,25-Aug-2026 16:00:29,609,N,-0.20,503573220.54,EQ,ANANTRAJ,821262,NIFTY NEW CONSUMP
1244.78,-2.8,1284.5,1229,25-Aug-2026 16:00:29,1218,N,-0.23,2469912392.48,EQ,PVRINOX,1984216,NIFTY NEW CONSUMP
597.07,-2.65,601.6,594.35,25-Aug-2026 16:00:29,592.05,N,-0.44,334243368.42,EQ,PGEL,559806,NIFTY NEW CONSUMP
1599.45,-10.8,1611.3,1595,25-Aug-2026 16:00:29,1587.3,N,-0.67,89866697.7,EQ,BHARTIHEXA,56186,NIFTY NEW CONSUMP
506.56,-3.45,515.9,506.6,25-Aug-2026 16:00:29,502.65,N,-0.68,100184904,EQ,SAREGAMA,197775,NIFTY NEW CONSUMP
1446.73,-10.2,1467.7,1442.9,25-Aug-2026 16:00:29,1430,N,-0.70,1540258201.04,EQ,ATHERENERG,1064648,NIFTY NEW CONSUMP
3919.39,-30.4,3960,3909.6,25-Aug-2026 16:00:29,3897.4,N,-0.77,845918024.31,EQ,DMART,215829,NIFTY NEW CONSUMP
1617.32,-12.8,1631.9,1623,25-Aug-2026 16:00:29,1606.2,N,-0.78,462574545.16,EQ,PRESTIGE,286013,NIFTY NEW CONSUMP
681.98,-6.05,688.2,682.95,25-Aug-2026 16:00:29,678.3,N,-0.88,1472294568.94,EQ,DLF,2158853,NIFTY NEW CONSUMP
112.1,-1,114.35,112.5,25-Aug-2026 16:00:29,111,N,-0.88,2512395064.8,EQ,VMM,22412088,NIFTY NEW CONSUMP
193.35,-1.77,196.98,192,25-Aug-2026 16:00:29,191.62,N,-0.91,161274395.1,EQ,FIRSTCRY,834106,NIFTY NEW CONSUMP
1284.03,-12,1304.8,1277.1,25-Aug-2026 16:00:29,1272.7,N,-0.93,86185377.63,EQ,SOBHA,67121,NIFTY NEW CONSUMP
17406.27,-169,17625,17431,25-Aug-2026 16:00:29,17276,N,-0.96,1320335204.58,EQ,FORCEMOT,75854,NIFTY NEW CONSUMP
5621.83,-60.5,5682,5624.5,25-Aug-2026 16:00:29,5590,N,-1.06,2431194114.48,EQ,HEROMOTOCO,432456,NIFTY NEW CONSUMP
242.82,-3,246.15,243,25-Aug-2026 16:00:29,241.25,N,-1.22,904105789.56,EQ,CROMPTON,3723358,NIFTY NEW CONSUMP
661.09,-9.15,670.5,650.6,25-Aug-2026 16:00:29,647.1,N,-1.39,4112746664.4,EQ,LENSKART,6221160,NIFTY NEW CONSUMP
1414.28,-23.7,1434.4,1406.1,25-Aug-2026 16:00:29,1401.1,N,-1.66,167374380.88,EQ,ABREL,118346,NIFTY NEW CONSUMP
1228.05,-23.4,1253.1,1224.4,25-Aug-2026 16:00:29,1220,N,-1.88,1465466450.4,EQ,NAM-INDIA,1193328,NIFTY NEW CONSUMP
36.61,-0.9,37.85,36.45,25-Aug-2026 16:00:29,36.05,N,-2.41,1155318061.45,EQ,OLAELEC,31557445,NIFTY NEW CONSUMP
5137.87,103,5227.5,5218,25-Aug-2026 16:00:29,5080.5,N,2.01,1712364727.21,EQ,INDIGO,333283,NIFTY MOBILITY
314.85,6.2,319.75,318.1,25-Aug-2026 16:00:29,311.1,N,1.99,2075639494.35,EQ,BPCL,6592471,NIFTY MOBILITY
1684.8,30.6,1702.7,1702.7,25-Aug-2026 16:00:29,1671,N,1.83,2191151476.8,EQ,ADANIPORTS,1300541,NIFTY MOBILITY
4384.6,56.5,4420,4420,25-Aug-2026 16:00:29,4344.7,N,1.29,2311683888.8,EQ,TVSMOTOR,527228,NIFTY MOBILITY
48022.06,580,48680,48680,25-Aug-2026 16:00:29,47790,N,1.21,1334340959.16,EQ,BOSCHLTD,27786,NIFTY MOBILITY
329.22,3.85,331,331,25-Aug-2026 16:00:29,325.5,N,1.18,9567793615.32,EQ,ETERNAL,29062006,NIFTY MOBILITY
2213.86,25.5,2243.8,2232.5,25-Aug-2026 16:00:29,2190,N,1.16,1488462204.68,EQ,HYUNDAI,672338,NIFTY MOBILITY
287.64,3.15,291,287.4,25-Aug-2026 16:00:29,282,N,1.11,5764737347.64,EQ,SWIGGY,20041501,NIFTY MOBILITY
11807.85,127,11927,11927,25-Aug-2026 16:00:29,11722,N,1.08,1880659885.2,EQ,BAJAJ-AUTO,159272,NIFTY MOBILITY
98.58,1.03,99.85,99.85,25-Aug-2026 16:00:29,98.15,N,1.04,579667848.66,EQ,GMRAIRPORT,5880177,NIFTY MOBILITY
174.08,1.75,176.29,175.5,25-Aug-2026 16:00:29,172.39,N,1.01,1364353392.64,EQ,GAIL,7837508,NIFTY MOBILITY
3417.23,28.9,3443,3443,25-Aug-2026 16:00:29,3396.8,N,0.85,3683849119.06,EQ,M&M,1078022,NIFTY MOBILITY
173.05,1.4,174.69,174.69,25-Aug-2026 16:00:29,171.58,N,0.81,1494425536.1,EQ,ASHOKLEY,8635802,NIFTY MOBILITY
2347.94,14.6,2379.4,2373,25-Aug-2026 16:00:29,2311,N,0.62,558093598.3,EQ,BALKRISIND,237695,NIFTY MOBILITY
2033.79,11.5,2052.5,2052.5,25-Aug-2026 16:00:29,2026,N,0.56,1137771274.86,EQ,BHARATFORG,559434,NIFTY MOBILITY
1305.89,7.2,1317.1,1317,25-Aug-2026 16:00:29,1300,N,0.55,9291870940.95,EQ,RELIANCE,7115355,NIFTY MOBILITY
13543.55,58,13678,13678,25-Aug-2026 16:00:29,13450,N,0.43,4014700982.95,EQ,MARUTI,296429,NIFTY MOBILITY
137.86,0.5,139,139,25-Aug-2026 16:00:29,137,N,0.36,1058312894.92,EQ,IOC,7676722,NIFTY MOBILITY
372,1.25,374.15,373.2,25-Aug-2026 16:00:29,369.5,N,0.34,2121826620,EQ,HINDPETRO,5703835,NIFTY MOBILITY
2868.93,8,2893.9,2888,25-Aug-2026 16:00:29,2845.2,N,0.28,451813441.05,EQ,TIINDIA,157485,NIFTY MOBILITY
475.78,1.3,481.65,476.35,25-Aug-2026 16:00:29,470.65,N,0.27,3361122117.88,EQ,TMCV,7064446,NIFTY MOBILITY
8031.16,8,8070,8055,25-Aug-2026 16:00:29,7984,N,0.10,1964606452.68,EQ,EICHERMOT,244623,NIFTY MOBILITY
482.8,0.05,485.8,483.2,25-Aug-2026 16:00:29,481,N,0.01,249441999.6,EQ,IRCTC,516657,NIFTY MOBILITY
312.64,-0.15,314.9,314.25,25-Aug-2026 16:00:29,310.55,N,-0.05,3434180949.12,EQ,TMPV,10984458,NIFTY MOBILITY
514.18,-0.4,518.4,516,25-Aug-2026 16:00:29,511.3,N,-0.08,287806084.84,EQ,CONCOR,559738,NIFTY MOBILITY
807.11,-4.7,814,808.8,25-Aug-2026 16:00:29,803,N,-0.58,1163897818.16,EQ,SONACOMS,1442056,NIFTY MOBILITY
5621.83,-60.5,5682,5624.5,25-Aug-2026 16:00:29,5590,N,-1.06,2431194114.48,EQ,HEROMOTOCO,432456,NIFTY MOBILITY
293.65,-3.45,295.7,292.5,25-Aug-2026 16:00:29,291.6,N,-1.17,511209118.35,EQ,PETRONET,1740879,NIFTY MOBILITY
132936.88,-1910,134385,132455,25-Aug-2026 16:00:29,131400,N,-1.42,850796032,EQ,MRF,6400,NIFTY MOBILITY
165.94,-2.55,168.28,166.45,25-Aug-2026 16:00:29,164.81,N,-1.51,1444532093.18,EQ,MOTHERSON,8705147,NIFTY MOBILITY
498.16,14.6,506.4,506,25-Aug-2026 16:00:29,489.15,N,2.97,1801935385.12,EQ,LICHSGFIN,3617182,NIFTY COREHOUSING
14649.88,420,14990,14990,25-Aug-2026 16:00:29,14400,N,2.88,7653683307.2,EQ,DIXON,522440,NIFTY COREHOUSING
1272.47,22.7,1283,1281.1,25-Aug-2026 16:00:29,1253.1,N,1.80,2841207917.63,EQ,LODHA,2232829,NIFTY COREHOUSING
24295.55,420,24500,24440,25-Aug-2026 16:00:29,24005,N,1.75,3062599850.8,EQ,SHREECEM,126056,NIFTY COREHOUSING
5531.39,94,5590.2,5588,25-Aug-2026 16:00:29,5482.9,N,1.71,2411332031.04,EQ,KEI,435936,NIFTY COREHOUSING
1167.43,17,1183,1182,25-Aug-2026 16:00:29,1157.4,N,1.46,781393587.04,EQ,PNBHOUSING,669328,NIFTY COREHOUSING
407.66,4.35,413.1,413.1,25-Aug-2026 16:00:29,405,N,1.06,601834165.24,EQ,AMBUJACEM,1476314,NIFTY COREHOUSING
1211.88,9.3,1227,1214.9,25-Aug-2026 16:00:29,1192.4,N,0.77,199616026.08,EQ,KAJARIACER,164716,NIFTY COREHOUSING
1508.17,11,1516,1515,25-Aug-2026 16:00:29,1493.7,N,0.73,509503562.93,EQ,BLUESTARCO,337829,NIFTY COREHOUSING
7397.44,54,7445,7432,25-Aug-2026 16:00:29,7307.5,N,0.73,1260065134.72,EQ,AMBER,170338,NIFTY COREHOUSING
662.5,4,671,658.1,25-Aug-2026 16:00:29,643.3,N,0.61,533258837.5,EQ,BRIGADE,804919,NIFTY COREHOUSING
1870.06,10,1882.4,1880,25-Aug-2026 16:00:29,1858.8,N,0.53,284905511.06,EQ,OBEROIRLTY,152351,NIFTY COREHOUSING
1297.63,6.7,1310,1307.6,25-Aug-2026 16:00:29,1291,N,0.52,95962333.76,EQ,ACC,73952,NIFTY COREHOUSING
9045.83,44,9119.5,9098,25-Aug-2026 16:00:29,8990.5,N,0.49,2907564953.58,EQ,POLYCAB,321426,NIFTY COREHOUSING
2028.75,9.1,2049,2049,25-Aug-2026 16:00:29,2011.5,N,0.45,779831212.5,EQ,GODREJPROP,384390,NIFTY COREHOUSING
917.93,4.1,939.05,908,25-Aug-2026 16:00:29,902,N,0.45,577711178.59,EQ,RAMCOCEM,629363,NIFTY COREHOUSING
11505.55,36,11554,11540,25-Aug-2026 16:00:29,11445,N,0.31,2594156358.5,EQ,ULTRACEMCO,225470,NIFTY COREHOUSING
1235.67,1,1244.9,1243,25-Aug-2026 16:00:29,1228.1,N,0.08,393866105.49,EQ,VOLTAS,318747,NIFTY COREHOUSING
1269.6,0.6,1299.1,1269.1,25-Aug-2026 16:00:29,1252.3,N,0.05,809662008,EQ,HAVELLS,637730,NIFTY COREHOUSING
3259.78,1.6,3300.2,3289.6,25-Aug-2026 16:00:29,3222.1,N,0.05,5711281250.1,EQ,GRASIM,1752045,NIFTY COREHOUSING
83.95,0.02,84.33,84.07,25-Aug-2026 16:00:29,83.78,N,0.02,153018771.15,EQ,BAJAJHFL,1822737,NIFTY COREHOUSING
2620.61,-1,2640,2639.8,25-Aug-2026 16:00:29,2605.2,N,-0.04,1256530082.8,EQ,ASIANPAINT,479480,NIFTY COREHOUSING
1929.66,-2,1959.6,1930,25-Aug-2026 16:00:29,1915,N,-0.10,523746387.54,EQ,PHOENIXLTD,271419,NIFTY COREHOUSING
5193.74,-11,5245,5204.5,25-Aug-2026 16:00:29,5171,N,-0.21,64615319.34,EQ,JKCEMENT,12441,NIFTY COREHOUSING
597.07,-2.65,601.6,594.35,25-Aug-2026 16:00:29,592.05,N,-0.44,334243368.42,EQ,PGEL,559806,NIFTY COREHOUSING
1617.32,-12.8,1631.9,1623,25-Aug-2026 16:00:29,1606.2,N,-0.78,462574545.16,EQ,PRESTIGE,286013,NIFTY COREHOUSING
681.98,-6.05,688.2,682.95,25-Aug-2026 16:00:29,678.3,N,-0.88,1472294568.94,EQ,DLF,2158853,NIFTY COREHOUSING
242.82,-3,246.15,243,25-Aug-2026 16:00:29,241.25,N,-1.22,904105789.56,EQ,CROMPTON,3723358,NIFTY COREHOUSING
511.47,-6.45,517.4,509.05,25-Aug-2026 16:00:29,508,N,-1.25,107411768.82,EQ,BERGEPAINT,210006,NIFTY COREHOUSING
1815.93,-29,1854.8,1824,25-Aug-2026 16:00:29,1780.1,N,-1.57,932020624.71,EQ,DALBHARAT,513247,NIFTY COREHOUSING
498.16,14.6,506.4,506,25-Aug-2026 16:00:29,489.15,N,2.97,1801935385.12,EQ,LICHSGFIN,3617182,NIFTY HOUSING
14649.88,420,14990,14990,25-Aug-2026 16:00:29,14400,N,2.88,7653683307.2,EQ,DIXON,522440,NIFTY HOUSING
184.5,4.94,186.89,184.59,25-Aug-2026 16:00:29,180.3,N,2.75,12713010876,EQ,SAIL,68905208,NIFTY HOUSING
1562.06,39.4,1594.5,1594.5,25-Aug-2026 16:00:29,1532,N,2.53,3192494490.32,EQ,ADANIENSOL,2043772,NIFTY HOUSING
185.16,3.38,187.33,186.98,25-Aug-2026 16:00:29,181.4,N,1.84,2070268405.2,EQ,UNIONBANK,11180970,NIFTY HOUSING
1272.47,22.7,1283,1281.1,25-Aug-2026 16:00:29,1253.1,N,1.80,2841207917.63,EQ,LODHA,2232829,NIFTY HOUSING
24295.55,420,24500,24440,25-Aug-2026 16:00:29,24005,N,1.75,3062599850.8,EQ,SHREECEM,126056,NIFTY HOUSING
5531.39,94,5590.2,5588,25-Aug-2026 16:00:29,5482.9,N,1.71,2411332031.04,EQ,KEI,435936,NIFTY HOUSING
1319.64,22,1330,1330,25-Aug-2026 16:00:29,1294.8,N,1.68,3214895091.24,EQ,ADANIGREEN,2436191,NIFTY HOUSING
204.49,2.63,206.8,206.33,25-Aug-2026 16:00:29,201.43,N,1.29,2915810436.11,EQ,ADANIPOWER,14258939,NIFTY HOUSING
127.63,1.51,128.81,128.81,25-Aug-2026 16:00:29,126.25,N,1.19,1887203037.08,EQ,CANBK,14786516,NIFTY HOUSING
407.66,4.35,413.1,413.1,25-Aug-2026 16:00:29,405,N,1.06,601834165.24,EQ,AMBUJACEM,1476314,NIFTY HOUSING
876,7.55,881.75,878,25-Aug-2026 16:00:29,869,N,0.87,1251015600,EQ,INDIANB,1428100,NIFTY HOUSING
1040.56,8.5,1048,1048,25-Aug-2026 16:00:29,1031.3,N,0.82,10387622244.88,EQ,SBIN,9982723,NIFTY HOUSING
1508.17,11,1516,1515,25-Aug-2026 16:00:29,1493.7,N,0.73,509503562.93,EQ,BLUESTARCO,337829,NIFTY HOUSING
4094.45,29,4125.3,4119,25-Aug-2026 16:00:29,4066.6,N,0.71,5388599189.3,EQ,LT,1316074,NIFTY HOUSING
542.23,3.7,548.4,548.4,25-Aug-2026 16:00:29,539.15,N,0.68,687580173.8,EQ,JSWENERGY,1268060,NIFTY HOUSING
1420.44,7.7,1424.9,1422.7,25-Aug-2026 16:00:29,1408,N,0.54,11339726209.56,EQ,ICICIBANK,7983249,NIFTY HOUSING
1870.06,10,1882.4,1880,25-Aug-2026 16:00:29,1858.8,N,0.53,284905511.06,EQ,OBEROIRLTY,152351,NIFTY HOUSING
9045.83,44,9119.5,9098,25-Aug-2026 16:00:29,8990.5,N,0.49,2907564953.58,EQ,POLYCAB,321426,NIFTY HOUSING
2028.75,9.1,2049,2049,25-Aug-2026 16:00:29,2011.5,N,0.45,779831212.5,EQ,GODREJPROP,384390,NIFTY HOUSING
1148.11,5.1,1157,1154.1,25-Aug-2026 16:00:29,1140.1,N,0.44,770185483.19,EQ,JINDALSTEL,670829,NIFTY HOUSING
184.65,0.64,187.27,186.94,25-Aug-2026 16:00:29,183.5,N,0.34,4538331393,EQ,TATASTEEL,24578020,NIFTY HOUSING
11505.55,36,11554,11540,25-Aug-2026 16:00:29,11445,N,0.31,2594156358.5,EQ,ULTRACEMCO,225470,NIFTY HOUSING
700.52,1.9,707.25,704.3,25-Aug-2026 16:00:29,696.65,N,0.27,112947641.68,EQ,JSL,161234,NIFTY HOUSING
337.85,0.35,340.8,339.85,25-Aug-2026 16:00:29,335.65,N,0.10,1777373104.75,EQ,NTPC,5260835,NIFTY HOUSING
1235.67,1,1244.9,1243,25-Aug-2026 16:00:29,1228.1,N,0.08,393866105.49,EQ,VOLTAS,318747,NIFTY HOUSING
116.21,0.07,116.9,115.93,25-Aug-2026 16:00:29,115.01,N,0.06,1513828042.39,EQ,PNB,13026659,NIFTY HOUSING
3259.78,1.6,3300.2,3289.6,25-Aug-2026 16:00:29,3222.1,N,0.05,5711281250.1,EQ,GRASIM,1752045,NIFTY HOUSING
1269.6,0.6,1299.1,1269.1,25-Aug-2026 16:00:29,1252.3,N,0.05,809662008,EQ,HAVELLS,637730,NIFTY HOUSING
400.58,0.15,402.05,401.6,25-Aug-2026 16:00:29,398.15,N,0.04,4067776135.28,EQ,KOTAKBANK,10154716,NIFTY HOUSING
2620.61,-1,2640,2639.8,25-Aug-2026 16:00:29,2605.2,N,-0.04,1256530082.8,EQ,ASIANPAINT,479480,NIFTY HOUSING
76.29,-0.03,77.3,76.62,25-Aug-2026 16:00:29,75.87,N,-0.04,981091764.99,EQ,NHPC,12860031,NIFTY HOUSING
1234.17,-1,1240.5,1235,25-Aug-2026 16:00:29,1229.8,N,-0.08,4451039041.68,EQ,AXISBANK,3606504,NIFTY HOUSING
1929.66,-2,1959.6,1930,25-Aug-2026 16:00:29,1915,N,-0.10,523746387.54,EQ,PHOENIXLTD,271419,NIFTY HOUSING
1240.77,-1.2,1249.3,1245.1,25-Aug-2026 16:00:29,1234,N,-0.10,323982417.78,EQ,TORNTPOWER,261114,NIFTY HOUSING
241.17,-0.5,242.9,241,25-Aug-2026 16:00:29,239.9,N,-0.21,2730259041.3,EQ,BANKBARODA,11320890,NIFTY HOUSING
725.08,-1.5,728.7,727.5,25-Aug-2026 16:00:29,722,N,-0.21,12697509599.92,EQ,HDFCBANK,17511874,NIFTY HOUSING
5193.74,-11,5245,5204.5,25-Aug-2026 16:00:29,5171,N,-0.21,64615319.34,EQ,JKCEMENT,12441,NIFTY HOUSING
1011.68,-3.4,1022,1015,25-Aug-2026 16:00:29,1003.6,N,-0.33,1443891952.96,EQ,INDUSINDBK,1427222,NIFTY HOUSING
22.51,-0.1,22.67,22.5,25-Aug-2026 16:00:29,22.42,N,-0.44,1446583788.01,EQ,YESBANK,64264051,NIFTY HOUSING
1316.28,-6.7,1326.3,1320.3,25-Aug-2026 16:00:29,1310.1,N,-0.50,1624939762.32,EQ,JSWSTEEL,1234494,NIFTY HOUSING
370.55,-2.9,374.2,370.6,25-Aug-2026 16:00:29,368.55,N,-0.78,3396978587.8,EQ,TATAPOWER,9167396,NIFTY HOUSING
1617.32,-12.8,1631.9,1623,25-Aug-2026 16:00:29,1606.2,N,-0.78,462574545.16,EQ,PRESTIGE,286013,NIFTY HOUSING
681.98,-6.05,688.2,682.95,25-Aug-2026 16:00:29,678.3,N,-0.88,1472294568.94,EQ,DLF,2158853,NIFTY HOUSING
85.49,-0.89,86.17,85,25-Aug-2026 16:00:29,85,N,-1.04,1007556158.89,EQ,IDFCFIRSTB,11785661,NIFTY HOUSING
293.65,-3.45,295.7,292.5,25-Aug-2026 16:00:29,291.6,N,-1.17,511209118.35,EQ,PETRONET,1740879,NIFTY HOUSING
242.82,-3,246.15,243,25-Aug-2026 16:00:29,241.25,N,-1.22,904105789.56,EQ,CROMPTON,3723358,NIFTY HOUSING
219.47,-3.3,224.1,218.4,25-Aug-2026 16:00:29,217.02,N,-1.49,1612600596.88,EQ,RVNL,7347704,NIFTY HOUSING
347.9,-10.8,358.7,346.95,25-Aug-2026 16:00:29,342.05,N,-3.02,5613117403.6,EQ,FEDERALBNK,16134284,NIFTY HOUSING
1482.2,83.6,1541.1,1527,25-Aug-2026 16:00:29,1410.1,N,5.79,8219173996.6,EQ,DHOOTTRANS,5545253,NIFTY IPO
279.44,14.7,301.2,275.75,25-Aug-2026 16:00:29,258.4,N,5.63,172912442.08,EQ,MEIL,618782,NIFTY IPO
143.74,7.59,146.47,145.4,25-Aug-2026 16:00:29,137.81,N,5.51,213396260.26,EQ,WAKEFIT,1484599,NIFTY IPO
179.96,8.65,181.7,181.7,25-Aug-2026 16:00:29,175.29,N,5.00,509610728,BE,LOTUSDEV,2831800,NIFTY IPO
463.38,20.8,476.4,466,25-Aug-2026 16:00:29,445.9,N,4.67,159433303.08,EQ,JARO,344066,NIFTY IPO
162.26,6.66,165.95,164.2,25-Aug-2026 16:00:29,156.51,N,4.23,5231976993.04,EQ,PINELABS,32244404,NIFTY IPO
173.6,6.28,177.9,173.46,25-Aug-2026 16:00:29,164.28,N,3.76,347431235.2,EQ,AYE,2001332,NIFTY IPO
1214.97,44.7,1247,1244,25-Aug-2026 16:00:29,1180.05,N,3.73,2953527676.59,EQ,MOLBIO,2430947,NIFTY IPO
202.72,6.73,205.21,203.2,25-Aug-2026 16:00:29,196.11,N,3.43,10785407235.68,EQ,GROWW,53203469,NIFTY IPO
167.38,5.47,171.24,169,25-Aug-2026 16:00:29,162.06,N,3.34,25756769.16,EQ,OMPOWER,153882,NIFTY IPO
758.9,24.1,768.5,765.15,25-Aug-2026 16:00:29,743,N,3.25,1782307764.9,EQ,MANIPALHOS,2348541,NIFTY IPO
165.41,5.17,168.2,166.9,25-Aug-2026 16:00:29,161.05,N,3.20,31033231.74,EQ,GANESHCP,187614,NIFTY IPO
233.78,6.8,236.8,236.25,25-Aug-2026 16:00:29,227.45,N,2.96,105933900.3,EQ,EPACKPEB,453135,NIFTY IPO
175.48,5.09,180,178.5,25-Aug-2026 16:00:29,172.5,N,2.94,35234102.76,EQ,CRIZAC,200787,NIFTY IPO
178.55,5,182.4,180.66,25-Aug-2026 16:00:29,173.06,N,2.85,123460004.45,EQ,AEROPLANE,691459,NIFTY IPO
527.21,13.5,534,531,25-Aug-2026 16:00:29,511.8,N,2.61,129982571.08,EQ,POWERICA,246548,NIFTY IPO
329.47,8.45,334.75,333.7,25-Aug-2026 16:00:29,322.05,N,2.60,593407428.59,EQ,EMMVEE,1801097,NIFTY IPO
537.35,12.8,546.05,539,25-Aug-2026 16:00:29,521.15,N,2.43,189547525.75,EQ,ARSSBL,352745,NIFTY IPO
231.36,4.99,234.95,233,25-Aug-2026 16:00:29,226.2,N,2.19,42438133.44,EQ,PATELRMART,183429,NIFTY IPO
202.03,3.94,205.7,200.6,25-Aug-2026 16:00:29,197,N,2.00,3140157542.78,EQ,MILKYMIST,15543026,NIFTY IPO
504.94,8.85,512,510.8,25-Aug-2026 16:00:29,497.15,N,1.76,62572669.74,EQ,CAPILLARY,123921,NIFTY IPO
124.5,2.15,129.5,127.65,25-Aug-2026 16:00:29,121.66,N,1.71,49265770.5,EQ,LAXMIINDIA,395709,NIFTY IPO
119.24,2,120.5,120,25-Aug-2026 16:00:29,117.21,N,1.69,15196541.8,EQ,ADVANCE,127445,NIFTY IPO
389.81,6.55,401,394,25-Aug-2026 16:00:29,382,N,1.69,34981939.21,EQ,STYL,89741,NIFTY IPO
542.58,8.75,552.25,550.15,25-Aug-2026 16:00:29,536.5,N,1.62,1167384743.52,EQ,SBIFUNDS,2151544,NIFTY IPO
3269.43,51,3305,3281,25-Aug-2026 16:00:29,3207.1,N,1.58,654082165.8,EQ,ICICIAMC,200060,NIFTY IPO
126,1.93,126.9,126.3,25-Aug-2026 16:00:29,125,N,1.55,29260854,EQ,GKENERGY,232229,NIFTY IPO
309.28,4.4,311.95,310,25-Aug-2026 16:00:29,304.75,N,1.44,194129488.96,EQ,KISSHT,627682,NIFTY IPO
282.64,3.95,284.95,284,25-Aug-2026 16:00:29,276.7,N,1.41,196123896,EQ,PARKHOSPS,693900,NIFTY IPO
201.44,2.71,209.84,204,25-Aug-2026 16:00:29,197.13,N,1.35,30645268.64,EQ,ALLTIME,152131,NIFTY IPO
60.37,-1.29,61.9,60.03,25-Aug-2026 16:00:29,59.67,N,-2.10,122017972.53,EQ,VIKRAN,2021169,NIFTY IPO
289.61,-6.3,296.35,288,25-Aug-2026 16:00:29,287.5,N,-2.14,227068430.89,EQ,JAINREC,784049,NIFTY IPO
15.14,-0.33,15.45,15.1,25-Aug-2026 16:00:29,14.97,N,-2.14,20965554.06,EQ,AHCL,1384779,NIFTY IPO
197.95,-4.53,203.9,197.5,25-Aug-2026 16:00:29,194.6,N,-2.24,198562457.3,EQ,KNACK,1003094,NIFTY IPO
452.94,-10.85,473.1,449,25-Aug-2026 16:00:29,444.3,N,-2.36,176032866.3,EQ,UTLSOLAR,388645,NIFTY IPO
2107.8,-51.6,2150.1,2097.4,25-Aug-2026 16:00:29,2093,N,-2.40,29916005.4,EQ,CORONA,14193,NIFTY IPO
569.62,-13.95,582.7,565,25-Aug-2026 16:00:29,559,N,-2.41,209094400.74,EQ,MVELECTRO,367077,NIFTY IPO
265.49,-6.52,273.59,264,25-Aug-2026 16:00:29,257.76,N,-2.41,674068755.89,EQ,SHANTIGOLD,2538961,NIFTY IPO
1245.56,-30.9,1262.8,1225.5,25-Aug-2026 16:00:29,1225,N,-2.46,137706622.48,EQ,CLEANMAX,110558,NIFTY IPO
3101.99,-81,3180,3070,25-Aug-2026 16:00:29,3032.3,N,-2.57,294999249,EQ,SEDEMAC,95100,NIFTY IPO
45.51,-1.22,46.58,45.28,25-Aug-2026 16:00:29,45.25,N,-2.62,3687993.87,EQ,HILINFRA,81037,NIFTY IPO
587.92,-16.05,608.5,578,25-Aug-2026 16:00:29,574.05,N,-2.70,382329667.28,EQ,OMNI,650309,NIFTY IPO
261.99,-7.3,266.65,260.1,25-Aug-2026 16:00:29,258.9,N,-2.73,56236677.48,EQ,EUROPRATIK,214652,NIFTY IPO
55.99,-1.63,57.29,55.7,25-Aug-2026 16:00:29,55.55,N,-2.84,7574047.25,EQ,ALPINETEX,135275,NIFTY IPO
585.16,-17.35,601.2,585.95,25-Aug-2026 16:00:29,575.15,N,-2.88,226476815.44,EQ,EBGNG,387034,NIFTY IPO
165.88,-5.12,171.2,162.57,25-Aug-2026 16:00:29,162.43,N,-3.05,63965152.68,EQ,XTRANET,385611,NIFTY IPO
522.78,-17.15,535.45,517,25-Aug-2026 16:00:29,514,N,-3.21,128396859.12,EQ,CMLL,245604,NIFTY IPO
58.83,-2.43,61.85,57,25-Aug-2026 16:00:29,56,N,-4.09,744730323.09,EQ,ARDEE,12659023,NIFTY IPO
1750.47,-77.1,1799.8,1699,25-Aug-2026 16:00:29,1695.2,N,-4.34,752217219.81,EQ,RUBICON,429723,NIFTY IPO
1745.54,-102.4,1812,1717.1,25-Aug-2026 16:00:29,1712.6,N,-5.63,210632566.26,EQ,ATLANTAELE,120669,NIFTY IPO
14.9,1.12,15.31,15.19,25-Aug-2026 16:00:29,14.08,N,7.96,22863605950.2,EQ,IDEA,1534470198,NIFTY MS IND CONS
14649.88,420,14990,14990,25-Aug-2026 16:00:29,14400,N,2.88,7653683307.2,EQ,DIXON,522440,NIFTY MS IND CONS
510,7.1,515,515,25-Aug-2026 16:00:29,504.95,N,1.40,1123935960,EQ,JUBLFOOD,2203796,NIFTY MS IND CONS
332.23,3.7,334.7,334,25-Aug-2026 16:00:29,328,N,1.12,1147517768.78,EQ,NYKAA,3453986,NIFTY MS IND CONS
287.64,3.15,291,287.4,25-Aug-2026 16:00:29,282,N,1.11,5764737347.64,EQ,SWIGGY,20041501,NIFTY MS IND CONS
166.21,1.72,167.24,166.31,25-Aug-2026 16:00:29,164.75,N,1.05,159699055.67,EQ,ITCHOTELS,960827,NIFTY MS IND CONS
614.66,4.65,625.3,612.6,25-Aug-2026 16:00:29,604.25,N,0.76,7223695148.38,EQ,KALYANKJIL,11752343,NIFTY MS IND CONS
1508.17,11,1516,1515,25-Aug-2026 16:00:29,1493.7,N,0.73,509503562.93,EQ,BLUESTARCO,337829,NIFTY MS IND CONS
911.19,5.95,923.95,923.95,25-Aug-2026 16:00:29,901.4,N,0.65,1365410925.48,EQ,FORTIS,1498492,NIFTY MS IND CONS
4623.56,30,4651.1,4630,25-Aug-2026 16:00:29,4571.6,N,0.65,1090452755.32,EQ,RADICO,235847,NIFTY MS IND CONS
1870.06,10,1882.4,1880,25-Aug-2026 16:00:29,1858.8,N,0.53,284905511.06,EQ,OBEROIRLTY,152351,NIFTY MS IND CONS
2028.75,9.1,2049,2049,25-Aug-2026 16:00:29,2011.5,N,0.45,779831212.5,EQ,GODREJPROP,384390,NIFTY MS IND CONS
26400.11,90,26560,26510,25-Aug-2026 16:00:29,26180,N,0.34,289978808.24,EQ,ABBOTINDIA,10984,NIFTY MS IND CONS
5319.61,18,5378,5368,25-Aug-2026 16:00:29,5297,N,0.34,255687054.65,EQ,ALKEM,48065,NIFTY MS IND CONS
349.2,0.9,352.6,350.9,25-Aug-2026 16:00:29,346.95,N,0.26,521535438,EQ,PATANJALI,1493515,NIFTY MS IND CONS
843.62,1.4,848,847.5,25-Aug-2026 16:00:29,838.2,N,0.17,428147273.44,EQ,MARICO,507512,NIFTY MS IND CONS
1235.67,1,1244.9,1243,25-Aug-2026 16:00:29,1228.1,N,0.08,393866105.49,EQ,VOLTAS,318747,NIFTY MS IND CONS
1335.72,1,1350,1350,25-Aug-2026 16:00:29,1328.1,N,0.07,1296674232.96,EQ,NAUKRI,970768,NIFTY MS IND CONS
1269.6,0.6,1299.1,1269.1,25-Aug-2026 16:00:29,1252.3,N,0.05,809662008,EQ,HAVELLS,637730,NIFTY MS IND CONS
482.8,0.05,485.8,483.2,25-Aug-2026 16:00:29,481,N,0.01,249441999.6,EQ,IRCTC,516657,NIFTY MS IND CONS
1240.77,-1.2,1249.3,1245.1,25-Aug-2026 16:00:29,1234,N,-0.10,323982417.78,EQ,TORNTPOWER,261114,NIFTY MS IND CONS
1929.66,-2,1959.6,1930,25-Aug-2026 16:00:29,1915,N,-0.10,523746387.54,EQ,PHOENIXLTD,271419,NIFTY MS IND CONS
1870.12,-2.2,1878.5,1876.8,25-Aug-2026 16:00:29,1861.4,N,-0.12,362515281.52,EQ,COLPAL,193846,NIFTY MS IND CONS
35392.52,-60,35565,35500,25-Aug-2026 16:00:29,35110,N,-0.17,855968096.2,EQ,PAGEIND,24185,NIFTY MS IND CONS
2357.58,-9.5,2374.4,2365,25-Aug-2026 16:00:29,2337.6,N,-0.40,979720659.96,EQ,MANKIND,415562,NIFTY MS IND CONS
1617.32,-12.8,1631.9,1623,25-Aug-2026 16:00:29,1606.2,N,-0.78,462574545.16,EQ,PRESTIGE,286013,NIFTY MS IND CONS
394.11,-3.4,398.1,395.05,25-Aug-2026 16:00:29,392.15,N,-0.85,1309847049.27,EQ,DABUR,3323557,NIFTY MS IND CONS
112.1,-1,114.35,112.5,25-Aug-2026 16:00:29,111,N,-0.88,2512395064.8,EQ,VMM,22412088,NIFTY MS IND CONS
5621.83,-60.5,5682,5624.5,25-Aug-2026 16:00:29,5590,N,-1.06,2431194114.48,EQ,HEROMOTOCO,432456,NIFTY MS IND CONS
242.82,-3,246.15,243,25-Aug-2026 16:00:29,241.25,N,-1.22,904105789.56,EQ,CROMPTON,3723358,NIFTY MS IND CONS
14649.88,420,14990,14990,25-Aug-2026 16:00:29,14400,N,2.88,7653683307.2,EQ,DIXON,522440,NIFTY NONCYC CONS
431.88,10,438,438,25-Aug-2026 16:00:29,423.85,N,2.34,4094802414.84,EQ,VBL,9481343,NIFTY NONCYC CONS
5137.87,103,5227.5,5218,25-Aug-2026 16:00:29,5080.5,N,2.01,1712364727.21,EQ,INDIGO,333283,NIFTY NONCYC CONS
510,7.1,515,515,25-Aug-2026 16:00:29,504.95,N,1.40,1123935960,EQ,JUBLFOOD,2203796,NIFTY NONCYC CONS
5334.4,71.5,5382.5,5382.5,25-Aug-2026 16:00:29,5286,N,1.35,1926497222.4,EQ,BRITANNIA,361146,NIFTY NONCYC CONS
329.22,3.85,331,331,25-Aug-2026 16:00:29,325.5,N,1.18,9567793615.32,EQ,ETERNAL,29062006,NIFTY NONCYC CONS
332.23,3.7,334.7,334,25-Aug-2026 16:00:29,328,N,1.12,1147517768.78,EQ,NYKAA,3453986,NIFTY NONCYC CONS
287.64,3.15,291,287.4,25-Aug-2026 16:00:29,282,N,1.11,5764737347.64,EQ,SWIGGY,20041501,NIFTY NONCYC CONS
5086.99,45.8,5124.8,5124.8,25-Aug-2026 16:00:29,5052.7,N,0.90,1767805329.85,EQ,TITAN,347515,NIFTY NONCYC CONS
2920.89,25,2938.9,2930,25-Aug-2026 16:00:29,2893.8,N,0.86,1811541819.78,EQ,TRENT,620202,NIFTY NONCYC CONS
1697.48,11.5,1710.9,1700,25-Aug-2026 16:00:29,1677.3,N,0.68,706820487.12,EQ,TATACOMM,416394,NIFTY NONCYC CONS
269.33,1.7,271.4,271.4,25-Aug-2026 16:00:29,267.65,N,0.63,2266336268.27,EQ,ITC,8414719,NIFTY NONCYC CONS
1937.79,12,1947,1947,25-Aug-2026 16:00:29,1923.4,N,0.62,7402756984.74,EQ,BHARTIARTL,3820206,NIFTY NONCYC CONS
1466.04,7.7,1479,1479,25-Aug-2026 16:00:29,1458.8,N,0.52,2396154417.6,EQ,NESTLEIND,1634440,NIFTY NONCYC CONS
843.62,1.4,848,847.5,25-Aug-2026 16:00:29,838.2,N,0.17,428147273.44,EQ,MARICO,507512,NIFTY NONCYC CONS
728.82,1.1,735,730,25-Aug-2026 16:00:29,724.55,N,0.15,727722397.08,EQ,INDHOTEL,998494,NIFTY NONCYC CONS
1235.67,1,1244.9,1243,25-Aug-2026 16:00:29,1228.1,N,0.08,393866105.49,EQ,VOLTAS,318747,NIFTY NONCYC CONS
1335.72,1,1350,1350,25-Aug-2026 16:00:29,1328.1,N,0.07,1296674232.96,EQ,NAUKRI,970768,NIFTY NONCYC CONS
1269.6,0.6,1299.1,1269.1,25-Aug-2026 16:00:29,1252.3,N,0.05,809662008,EQ,HAVELLS,637730,NIFTY NONCYC CONS
923.62,0.3,930.9,929.2,25-Aug-2026 16:00:29,918.2,N,0.03,624860333.08,EQ,GODREJCP,676534,NIFTY NONCYC CONS
482.8,0.05,485.8,483.2,25-Aug-2026 16:00:29,481,N,0.01,249441999.6,EQ,IRCTC,516657,NIFTY NONCYC CONS
2620.61,-1,2640,2639.8,25-Aug-2026 16:00:29,2605.2,N,-0.04,1256530082.8,EQ,ASIANPAINT,479480,NIFTY NONCYC CONS
1870.12,-2.2,1878.5,1876.8,25-Aug-2026 16:00:29,1861.4,N,-0.12,362515281.52,EQ,COLPAL,193846,NIFTY NONCYC CONS
35392.52,-60,35565,35500,25-Aug-2026 16:00:29,35110,N,-0.17,855968096.2,EQ,PAGEIND,24185,NIFTY NONCYC CONS
1055.77,-2,1061.7,1060.5,25-Aug-2026 16:00:29,1051.1,N,-0.19,757167626.67,EQ,TATACONSUM,717171,NIFTY NONCYC CONS
2020.45,-5.8,2029.2,2024.2,25-Aug-2026 16:00:29,2012,N,-0.29,2060016472.35,EQ,HINDUNILVR,1019583,NIFTY NONCYC CONS
1547.4,-5,1556.2,1550,25-Aug-2026 16:00:29,1542.2,N,-0.32,345099600.6,EQ,UNITDSPR,223019,NIFTY NONCYC CONS
3919.39,-30.4,3960,3909.6,25-Aug-2026 16:00:29,3897.4,N,-0.77,845918024.31,EQ,DMART,215829,NIFTY NONCYC CONS
394.11,-3.4,398.1,395.05,25-Aug-2026 16:00:29,392.15,N,-0.85,1309847049.27,EQ,DABUR,3323557,NIFTY NONCYC CONS
112.1,-1,114.35,112.5,25-Aug-2026 16:00:29,111,N,-0.88,2512395064.8,EQ,VMM,22412088,NIFTY NONCYC CONS
14.9,1.12,15.31,15.19,25-Aug-2026 16:00:29,14.08,N,7.96,22863605950.2,EQ,IDEA,1534470198,NIFTY RURAL
498.16,14.6,506.4,506,25-Aug-2026 16:00:29,489.15,N,2.97,1801935385.12,EQ,LICHSGFIN,3617182,NIFTY RURAL
14649.88,420,14990,14990,25-Aug-2026 16:00:29,14400,N,2.88,7653683307.2,EQ,DIXON,522440,NIFTY RURAL
576.88,13.1,585,585,25-Aug-2026 16:00:29,570.55,N,2.29,2229351606.24,EQ,UPL,3864498,NIFTY RURAL
24295.55,420,24500,24440,25-Aug-2026 16:00:29,24005,N,1.75,3062599850.8,EQ,SHREECEM,126056,NIFTY RURAL
1125.59,19.5,1138.5,1138.5,25-Aug-2026 16:00:29,1112,N,1.74,2747095818.97,EQ,SHRIRAMFIN,2440583,NIFTY RURAL
1319.64,22,1330,1330,25-Aug-2026 16:00:29,1294.8,N,1.68,3214895091.24,EQ,ADANIGREEN,2436191,NIFTY RURAL
1167.43,17,1183,1182,25-Aug-2026 16:00:29,1157.4,N,1.46,781393587.04,EQ,PNBHOUSING,669328,NIFTY RURAL
1589.82,22.7,1600.4,1592.5,25-Aug-2026 16:00:29,1570,N,1.45,1501979265.36,EQ,MFSL,944748,NIFTY RURAL
1843.52,26.3,1873,1873,25-Aug-2026 16:00:29,1821.1,N,1.42,790433165.76,EQ,CHOLAFIN,428763,NIFTY RURAL
142.93,1.99,143.99,143.99,25-Aug-2026 16:00:29,140.9,N,1.40,940496551.6,EQ,BANKINDIA,6580120,NIFTY RURAL
5334.4,71.5,5382.5,5382.5,25-Aug-2026 16:00:29,5286,N,1.35,1926497222.4,EQ,BRITANNIA,361146,NIFTY RURAL
2472.05,33,2508,2508,25-Aug-2026 16:00:29,2453.1,N,1.33,461247449.25,EQ,PIIND,186585,NIFTY RURAL
204.49,2.63,206.8,206.33,25-Aug-2026 16:00:29,201.43,N,1.29,2915810436.11,EQ,ADANIPOWER,14258939,NIFTY RURAL
4384.6,56.5,4420,4420,25-Aug-2026 16:00:29,4344.7,N,1.29,2311683888.8,EQ,TVSMOTOR,527228,NIFTY RURAL
318.75,3.65,320.8,319.5,25-Aug-2026 16:00:29,315.15,N,1.16,1198571081.25,EQ,LTF,3760223,NIFTY RURAL
2213.86,25.5,2243.8,2232.5,25-Aug-2026 16:00:29,2190,N,1.16,1488462204.68,EQ,HYUNDAI,672338,NIFTY RURAL
11807.85,127,11927,11927,25-Aug-2026 16:00:29,11722,N,1.08,1880659885.2,EQ,BAJAJ-AUTO,159272,NIFTY RURAL
407.66,4.35,413.1,413.1,25-Aug-2026 16:00:29,405,N,1.06,601834165.24,EQ,AMBUJACEM,1476314,NIFTY RURAL
1078.38,10.4,1087.4,1087.4,25-Aug-2026 16:00:29,1066.3,N,0.97,2987650711.62,EQ,BAJFINANCE,2770499,NIFTY RURAL
5195.99,49.5,5239.5,5239.5,25-Aug-2026 16:00:29,5150,N,0.95,2920551667.22,EQ,CUMMINSIND,562078,NIFTY RURAL
876,7.55,881.75,878,25-Aug-2026 16:00:29,869,N,0.87,1251015600,EQ,INDIANB,1428100,NIFTY RURAL
381,3.25,385.95,381.95,25-Aug-2026 16:00:29,377.8,N,0.86,749473482,EQ,M&MFIN,1967122,NIFTY RURAL
3417.23,28.9,3443,3443,25-Aug-2026 16:00:29,3396.8,N,0.85,3683849119.06,EQ,M&M,1078022,NIFTY RURAL
1040.56,8.5,1048,1048,25-Aug-2026 16:00:29,1031.3,N,0.82,10387622244.88,EQ,SBIN,9982723,NIFTY RURAL
173.05,1.4,174.69,174.69,25-Aug-2026 16:00:29,171.58,N,0.81,1494425536.1,EQ,ASHOKLEY,8635802,NIFTY RURAL
1508.17,11,1516,1515,25-Aug-2026 16:00:29,1493.7,N,0.73,509503562.93,EQ,BLUESTARCO,337829,NIFTY RURAL
1697.48,11.5,1710.9,1700,25-Aug-2026 16:00:29,1677.3,N,0.68,706820487.12,EQ,TATACOMM,416394,NIFTY RURAL
542.23,3.7,548.4,548.4,25-Aug-2026 16:00:29,539.15,N,0.68,687580173.8,EQ,JSWENERGY,1268060,NIFTY RURAL
269.33,1.7,271.4,271.4,25-Aug-2026 16:00:29,267.65,N,0.63,2266336268.27,EQ,ITC,8414719,NIFTY RURAL
1870.12,-2.2,1878.5,1876.8,25-Aug-2026 16:00:29,1861.4,N,-0.12,362515281.52,EQ,COLPAL,193846,NIFTY RURAL
1055.77,-2,1061.7,1060.5,25-Aug-2026 16:00:29,1051.1,N,-0.19,757167626.67,EQ,TATACONSUM,717171,NIFTY RURAL
241.17,-0.5,242.9,241,25-Aug-2026 16:00:29,239.9,N,-0.21,2730259041.3,EQ,BANKBARODA,11320890,NIFTY RURAL
5193.74,-11,5245,5204.5,25-Aug-2026 16:00:29,5171,N,-0.21,64615319.34,EQ,JKCEMENT,12441,NIFTY RURAL
3582.77,-8,3614.3,3593,25-Aug-2026 16:00:29,3563.3,N,-0.22,813106068.73,EQ,SUPREMEIND,226949,NIFTY RURAL
173.8,-0.4,175.47,173.5,25-Aug-2026 16:00:29,172.45,N,-0.23,753722457.4,EQ,BANDHANBNK,4336723,NIFTY RURAL
508.65,-1.25,513.3,510,25-Aug-2026 16:00:29,506.25,N,-0.24,476878703.7,EQ,ICICIPRULI,937538,NIFTY RURAL
3202.13,-8,3227.7,3201,25-Aug-2026 16:00:29,3166.4,N,-0.25,2682475535.08,EQ,MUTHOOTFIN,837716,NIFTY RURAL
2020.45,-5.8,2029.2,2024.2,25-Aug-2026 16:00:29,2012,N,-0.29,2060016472.35,EQ,HINDUNILVR,1019583,NIFTY RURAL
1759.63,-6.8,1774.4,1755,25-Aug-2026 16:00:29,1751.2,N,-0.39,2888735301.36,EQ,SBILIFE,1641672,NIFTY RURAL
2176.75,-11.5,2198.3,2172.6,25-Aug-2026 16:00:29,2150,N,-0.53,860538931,EQ,PIRAMALFIN,395332,NIFTY RURAL
1910.85,-11.8,1931.9,1914.8,25-Aug-2026 16:00:29,1896.3,N,-0.61,898437720.45,EQ,COROMANDEL,470177,NIFTY RURAL
3063.16,-18.9,3103.9,3078.4,25-Aug-2026 16:00:29,3050,N,-0.61,97432993.28,EQ,ESCORTS,31808,NIFTY RURAL
370.55,-2.9,374.2,370.6,25-Aug-2026 16:00:29,368.55,N,-0.78,3396978587.8,EQ,TATAPOWER,9167396,NIFTY RURAL
394.11,-3.4,398.1,395.05,25-Aug-2026 16:00:29,392.15,N,-0.85,1309847049.27,EQ,DABUR,3323557,NIFTY RURAL
5621.83,-60.5,5682,5624.5,25-Aug-2026 16:00:29,5590,N,-1.06,2431194114.48,EQ,HEROMOTOCO,432456,NIFTY RURAL
550.73,-6.25,555.65,546.7,25-Aug-2026 16:00:29,545.8,N,-1.13,1247298811.3,EQ,HDFCLIFE,2264810,NIFTY RURAL
242.82,-3,246.15,243,25-Aug-2026 16:00:29,241.25,N,-1.22,904105789.56,EQ,CROMPTON,3723358,NIFTY RURAL
511.47,-6.45,517.4,509.05,25-Aug-2026 16:00:29,508,N,-1.25,107411768.82,EQ,BERGEPAINT,210006,NIFTY RURAL
1815.93,-29,1854.8,1824,25-Aug-2026 16:00:29,1780.1,N,-1.57,932020624.71,EQ,DALBHARAT,513247,NIFTY RURAL
2580.91,70,2621.7,2610,25-Aug-2026 16:00:29,2520,N,2.76,4233102764.69,EQ,MAZDOCK,1640159,NIFTY TRANS LOGIS
5137.87,103,5227.5,5218,25-Aug-2026 16:00:29,5080.5,N,2.01,1712364727.21,EQ,INDIGO,333283,NIFTY TRANS LOGIS
1684.8,30.6,1702.7,1702.7,25-Aug-2026 16:00:29,1671,N,1.83,2191151476.8,EQ,ADANIPORTS,1300541,NIFTY TRANS LOGIS
4384.6,56.5,4420,4420,25-Aug-2026 16:00:29,4344.7,N,1.29,2311683888.8,EQ,TVSMOTOR,527228,NIFTY TRANS LOGIS
48022.06,580,48680,48680,25-Aug-2026 16:00:29,47790,N,1.21,1334340959.16,EQ,BOSCHLTD,27786,NIFTY TRANS LOGIS
329.22,3.85,331,331,25-Aug-2026 16:00:29,325.5,N,1.18,9567793615.32,EQ,ETERNAL,29062006,NIFTY TRANS LOGIS
2213.86,25.5,2243.8,2232.5,25-Aug-2026 16:00:29,2190,N,1.16,1488462204.68,EQ,HYUNDAI,672338,NIFTY TRANS LOGIS
287.64,3.15,291,287.4,25-Aug-2026 16:00:29,282,N,1.11,5764737347.64,EQ,SWIGGY,20041501,NIFTY TRANS LOGIS
11807.85,127,11927,11927,25-Aug-2026 16:00:29,11722,N,1.08,1880659885.2,EQ,BAJAJ-AUTO,159272,NIFTY TRANS LOGIS
98.58,1.03,99.85,99.85,25-Aug-2026 16:00:29,98.15,N,1.04,579667848.66,EQ,GMRAIRPORT,5880177,NIFTY TRANS LOGIS
3417.23,28.9,3443,3443,25-Aug-2026 16:00:29,3396.8,N,0.85,3683849119.06,EQ,M&M,1078022,NIFTY TRANS LOGIS
173.05,1.4,174.69,174.69,25-Aug-2026 16:00:29,171.58,N,0.81,1494425536.1,EQ,ASHOKLEY,8635802,NIFTY TRANS LOGIS
442.07,3.2,447.95,447.95,25-Aug-2026 16:00:29,439.1,N,0.72,519145788.64,EQ,DELHIVERY,1174352,NIFTY TRANS LOGIS
2347.94,14.6,2379.4,2373,25-Aug-2026 16:00:29,2311,N,0.62,558093598.3,EQ,BALKRISIND,237695,NIFTY TRANS LOGIS
2033.79,11.5,2052.5,2052.5,25-Aug-2026 16:00:29,2026,N,0.56,1137771274.86,EQ,BHARATFORG,559434,NIFTY TRANS LOGIS
13543.55,58,13678,13678,25-Aug-2026 16:00:29,13450,N,0.43,4014700982.95,EQ,MARUTI,296429,NIFTY TRANS LOGIS
2868.93,8,2893.9,2888,25-Aug-2026 16:00:29,2845.2,N,0.28,451813441.05,EQ,TIINDIA,157485,NIFTY TRANS LOGIS
475.78,1.3,481.65,476.35,25-Aug-2026 16:00:29,470.65,N,0.27,3361122117.88,EQ,TMCV,7064446,NIFTY TRANS LOGIS
1250.6,2.1,1256.5,1253.4,25-Aug-2026 16:00:29,1240.5,N,0.17,581393935.2,EQ,UNOMINDA,464892,NIFTY TRANS LOGIS
8031.16,8,8070,8055,25-Aug-2026 16:00:29,7984,N,0.10,1964606452.68,EQ,EICHERMOT,244623,NIFTY TRANS LOGIS
482.8,0.05,485.8,483.2,25-Aug-2026 16:00:29,481,N,0.01,249441999.6,EQ,IRCTC,516657,NIFTY TRANS LOGIS
312.64,-0.15,314.9,314.25,25-Aug-2026 16:00:29,310.55,N,-0.05,3434180949.12,EQ,TMPV,10984458,NIFTY TRANS LOGIS
514.18,-0.4,518.4,516,25-Aug-2026 16:00:29,511.3,N,-0.08,287806084.84,EQ,CONCOR,559738,NIFTY TRANS LOGIS
3994.12,-6.4,4020.4,4014,25-Aug-2026 16:00:29,3975.1,N,-0.16,160947059.52,EQ,SCHAEFFLER,40296,NIFTY TRANS LOGIS
807.11,-4.7,814,808.8,25-Aug-2026 16:00:29,803,N,-0.58,1163897818.16,EQ,SONACOMS,1442056,NIFTY TRANS LOGIS
449.92,-4.35,456,448.95,25-Aug-2026 16:00:29,446.7,N,-0.96,457820145.28,EQ,EXIDEIND,1017559,NIFTY TRANS LOGIS
5621.83,-60.5,5682,5624.5,25-Aug-2026 16:00:29,5590,N,-1.06,2431194114.48,EQ,HEROMOTOCO,432456,NIFTY TRANS LOGIS
441.66,-4.85,447.15,441,25-Aug-2026 16:00:29,440,N,-1.09,209204183.82,EQ,APOLLOTYRE,473677,NIFTY TRANS LOGIS
132936.88,-1910,134385,132455,25-Aug-2026 16:00:29,131400,N,-1.42,850796032,EQ,MRF,6400,NIFTY TRANS LOGIS
165.94,-2.55,168.28,166.45,25-Aug-2026 16:00:29,164.81,N,-1.51,1444532093.18,EQ,MOTHERSON,8705147,NIFTY TRANS LOGIS
117.45,129.35,241.25,241.25,25-Aug-2026 15:59:58,241.25,N,115.59,1127520,ST,INNOMET,9600,NIFTY SME EMERGE
0,16.35,0,32.7,25-Aug-2026 15:50:09,0,N,100.00,0,SM,AILIMITED,0,NIFTY SME EMERGE
306.27,206.25,524.5,524.3,25-Aug-2026 15:59:58,524.3,N,64.85,3307716,ST,APSISAERO,10800,NIFTY SME EMERGE
203.38,30.7,224.45,224.45,25-Aug-2026 15:59:58,224.45,N,15.85,1301632,ST,FROG,6400,NIFTY SME EMERGE
492.83,68,530.4,510,25-Aug-2026 15:59:58,432.5,N,15.38,66630616,SM,TAURIAN,135200,NIFTY SME EMERGE
234.56,29.4,241.9,231,25-Aug-2026 15:59:58,212.25,N,14.58,12525504,SM,RAPIDFLEET,53400,NIFTY SME EMERGE
130.49,13.45,134.8,134.8,25-Aug-2026 15:59:58,121.7,N,11.08,7203048,SM,SATKARTAR,55200,NIFTY SME EMERGE
236.88,22.2,244.3,244.3,25-Aug-2026 15:59:58,226.85,N,10.00,9119880,SM,INFINIUM,38500,NIFTY SME EMERGE
151.3,14.05,154.6,154.6,25-Aug-2026 15:59:58,142,N,10.00,36614600,SM,EEPL,242000,NIFTY SME EMERGE
105.67,9.7,106.95,106.95,25-Aug-2026 15:59:58,99.15,N,9.97,6245097,SM,KDL,59100,NIFTY SME EMERGE
58.87,5.35,59.25,59.25,25-Aug-2026 15:59:58,54,N,9.93,5227656,SM,GREENCHEF,88800,NIFTY SME EMERGE
24.97,2.15,25.5,25.4,25-Aug-2026 15:59:58,24.2,N,9.25,624250,SM,DUGLOBAL,25000,NIFTY SME EMERGE
130.09,11.4,135.35,135.35,25-Aug-2026 15:59:58,135.35,N,9.20,1821260,ST,UHTL,14000,NIFTY SME EMERGE
234.78,18.85,244.6,242.9,25-Aug-2026 15:59:58,227,N,8.41,6456450,SM,ROCKINGDCE,27500,NIFTY SME EMERGE
132.29,9,137,135,25-Aug-2026 15:59:58,125.1,N,7.14,6032424,SM,SAVY,45600,NIFTY SME EMERGE
67.56,4.6,69.9,69,25-Aug-2026 15:59:58,64.4,N,7.14,11147400,SM,TBI,165000,NIFTY SME EMERGE
71.77,4.6,72.5,72.5,25-Aug-2026 15:59:58,68.95,N,6.77,2411472,SM,IPHL,33600,NIFTY SME EMERGE
50.55,3.05,51.3,50.9,25-Aug-2026 15:59:58,49.05,N,6.37,1051440,SM,CLASSICEIL,20800,NIFTY SME EMERGE
413.6,25.15,423.9,421.9,25-Aug-2026 15:59:58,383.4,N,6.34,60881920,SM,SSEGL,147200,NIFTY SME EMERGE
1068.8,59,1080,1080,25-Aug-2026 15:59:58,1055,N,5.78,1603200,SM,ETL,1500,NIFTY SME EMERGE
66.39,3.7,68.5,67.7,25-Aug-2026 15:59:58,61.25,N,5.78,19784220,SM,DURLAX,298000,NIFTY SME EMERGE
213.01,11.5,215.95,214,25-Aug-2026 15:59:58,204.9,N,5.68,18318860,SM,ARHAM,86000,NIFTY SME EMERGE
366.79,19.4,373.9,370.95,25-Aug-2026 15:59:58,351.5,N,5.52,24941720,SM,VILAS,68000,NIFTY SME EMERGE
14.64,0.8,15.5,15.5,25-Aug-2026 15:59:58,14.15,N,5.44,732000,SM,ANYA,50000,NIFTY SME EMERGE
239.79,11.5,241.5,241.5,25-Aug-2026 15:59:58,230,N,5.00,5635065,ST,SSFL,23500,NIFTY SME EMERGE
109.34,5.25,110.25,110.25,25-Aug-2026 15:59:58,104,N,5.00,2274272,SM,MOBILISE,20800,NIFTY SME EMERGE
51.45,2.45,51.45,51.45,25-Aug-2026 15:59:58,51.45,N,5.00,205800,SM,SYLVANPLY,4000,NIFTY SME EMERGE
53.29,2.55,53.55,53.55,25-Aug-2026 15:59:58,52.95,N,5.00,266450,ST,MDL,5000,NIFTY SME EMERGE
37.76,1.8,37.9,37.9,25-Aug-2026 15:59:58,36.1,N,4.99,966656,SM,SAROJA,25600,NIFTY SME EMERGE
585.6,27.85,585.6,585.6,25-Aug-2026 15:59:58,585.6,N,4.99,1464000,SM,GRCL,2500,NIFTY SME EMERGE
160.05,-8.4,160.05,160.05,25-Aug-2026 15:59:58,160.05,N,-4.99,26648325,SM,MVKAGRO,166500,NIFTY SME EMERGE
16.52,-0.85,17.25,16.2,25-Aug-2026 15:59:58,16.2,N,-4.99,74340,SM,QUICKTOUCH,4500,NIFTY SME EMERGE
92.3,-4.85,92.3,92.3,25-Aug-2026 15:59:58,92.3,N,-4.99,92300,SM,VISAMAN,1000,NIFTY SME EMERGE
43.8,-2.3,43.8,43.8,25-Aug-2026 15:59:58,43.8,N,-4.99,87600,SM,MCON,2000,NIFTY SME EMERGE
355.74,-17.9,360,340.25,25-Aug-2026 15:59:58,340.25,N,-5.00,2134440,SM,HPTL,6000,NIFTY SME EMERGE
5.05,-0.25,5.55,4.75,25-Aug-2026 15:59:58,4.75,N,-5.00,151500,SM,JIWANRAM,30000,NIFTY SME EMERGE
39.9,-2.1,39.9,39.9,25-Aug-2026 15:59:58,39.9,N,-5.00,239400,ST,SAJHOTELS,6000,NIFTY SME EMERGE
233.64,-12.45,243.3,228.5,25-Aug-2026 15:59:58,228.5,N,-5.17,15209964,SM,GGBL,65100,NIFTY SME EMERGE
14.33,-1.1,15.45,14.4,25-Aug-2026 15:59:58,14,N,-7.10,1203720,SM,ARUNAYA,84000,NIFTY SME EMERGE
125,-10,125,125,25-Aug-2026 15:59:58,125,N,-7.41,150000,SM,DTL,1200,NIFTY SME EMERGE
21.49,-1.75,22,21,25-Aug-2026 15:59:58,21,N,-7.69,257880,SM,DECCANTRAN,12000,NIFTY SME EMERGE
66.27,-5.75,68.15,64.2,25-Aug-2026 15:59:58,64.2,N,-8.22,318096,SM,AARADHYA,4800,NIFTY SME EMERGE
29.4,-2.45,26,26,25-Aug-2026 15:59:58,26,N,-8.61,517440,ST,RADIOWALLA,17600,NIFTY SME EMERGE
127.08,-12.1,134,116.05,25-Aug-2026 15:59:58,116.05,N,-9.44,1334340,SM,KORE,10500,NIFTY SME EMERGE
20.49,-2.1,22,19.1,25-Aug-2026 15:59:58,19.1,N,-9.91,614700,SM,RCDL,30000,NIFTY SME EMERGE
26.05,-3.2,27.5,24.6,25-Aug-2026 15:59:58,24.6,N,-11.51,104200,SM,DHANLAXMI,4000,NIFTY SME EMERGE
26.4,-3.05,22.4,22.4,25-Aug-2026 15:59:58,22.4,N,-11.98,95040,ST,ATCENERGY,3600,NIFTY SME EMERGE
0,-16.1,0,0,25-Aug-2026 15:31:11,0,N,-100.00,0,ST,MARINETRAN,0,NIFTY SME EMERGE
0,-221.95,0,0,25-Aug-2026 15:31:10,0,N,-100.00,0,SM,ASCOM,0,NIFTY SME EMERGE
0,-114.85,0,0,25-Aug-2026 15:31:10,0,N,-100.00,0,SM,PATTECH,0,NIFTY SME EMERGE
1676.84,94.5,1718,1718,25-Aug-2026 16:00:29,1612,N,5.82,16955084274.04,EQ,PAYTM,10111331,NIFTY INTERNET
295.3,14.9,301.55,300.9,25-Aug-2026 16:00:29,284,N,5.21,3196809424.9,EQ,ANGELONE,10825633,NIFTY INTERNET
162.26,6.66,165.95,164.2,25-Aug-2026 16:00:29,156.51,N,4.23,5231976993.04,EQ,PINELABS,32244404,NIFTY INTERNET
202.72,6.73,205.21,203.2,25-Aug-2026 16:00:29,196.11,N,3.43,10785407235.68,EQ,GROWW,53203469,NIFTY INTERNET
175.48,5.09,180,178.5,25-Aug-2026 16:00:29,172.5,N,2.94,35234102.76,EQ,CRIZAC,200787,NIFTY INTERNET
354.27,9.5,360,357.45,25-Aug-2026 16:00:29,343.1,N,2.73,896717241.63,EQ,NAZARA,2531169,NIFTY INTERNET
1009.02,21.5,1019.9,1011.5,25-Aug-2026 16:00:29,992,N,2.17,1852680793.38,EQ,MOTILALOFS,1836119,NIFTY INTERNET
389.81,6.55,401,394,25-Aug-2026 16:00:29,382,N,1.69,34981939.21,EQ,STYL,89741,NIFTY INTERNET
1718.77,22.6,1737.9,1726.1,25-Aug-2026 16:00:29,1684.7,N,1.33,236547440.02,EQ,TBOTEK,137626,NIFTY INTERNET
329.22,3.85,331,331,25-Aug-2026 16:00:29,325.5,N,1.18,9567793615.32,EQ,ETERNAL,29062006,NIFTY INTERNET
332.23,3.7,334.7,334,25-Aug-2026 16:00:29,328,N,1.12,1147517768.78,EQ,NYKAA,3453986,NIFTY INTERNET
287.64,3.15,291,287.4,25-Aug-2026 16:00:29,282,N,1.11,5764737347.64,EQ,SWIGGY,20041501,NIFTY INTERNET
168.62,1.71,170.77,169.39,25-Aug-2026 16:00:29,166.7,N,1.02,116038213.68,EQ,IXIGO,688164,NIFTY INTERNET
1797.15,13.3,1815,1798.3,25-Aug-2026 16:00:29,1775,N,0.75,2398151105.85,EQ,POLICYBZR,1334419,NIFTY INTERNET
15.04,0.11,15.18,15.14,25-Aug-2026 16:00:29,14.91,N,0.73,95844114.56,EQ,CCAVENUE,6372614,NIFTY INTERNET
169.36,0.86,171.55,169.7,25-Aug-2026 16:00:29,167.1,N,0.51,2618873802.8,EQ,URBANCO,15463355,NIFTY INTERNET
1750.57,7,1763.2,1753,25-Aug-2026 16:00:29,1730,N,0.40,60986357.66,EQ,INDIAMART,34838,NIFTY INTERNET
1335.72,1,1350,1350,25-Aug-2026 16:00:29,1328.1,N,0.07,1296674232.96,EQ,NAUKRI,970768,NIFTY INTERNET
3122.66,1.4,3175,3140,25-Aug-2026 16:00:29,3020,N,0.04,1306249272.58,EQ,CARTRADE,418313,NIFTY INTERNET
482.8,0.05,485.8,483.2,25-Aug-2026 16:00:29,481,N,0.01,249441999.6,EQ,IRCTC,516657,NIFTY INTERNET
206.99,-0.08,209.95,204.99,25-Aug-2026 16:00:29,202,N,-0.04,3562649369.02,EQ,MEESHO,17211698,NIFTY INTERNET
121.8,-0.06,123.58,121.4,25-Aug-2026 16:00:29,120.52,N,-0.05,586122062.4,EQ,PWL,4812168,NIFTY INTERNET
335.03,-0.25,336.95,333.5,25-Aug-2026 16:00:29,333.5,N,-0.07,54607209.76,EQ,IIFLCAPS,162992,NIFTY INTERNET
30.04,-0.05,30.3,30.01,25-Aug-2026 16:00:29,30,N,-0.17,27046303.72,EQ,RTNINDIA,900343,NIFTY INTERNET
193.35,-1.77,196.98,192,25-Aug-2026 16:00:29,191.62,N,-0.91,161274395.1,EQ,FIRSTCRY,834106,NIFTY INTERNET
657.52,-11.35,666,653.6,25-Aug-2026 16:00:29,652.6,N,-1.71,48551934.32,EQ,JUSTDIAL,73841,NIFTY INTERNET
111.12,-3.43,114.18,110,25-Aug-2026 16:00:29,109.1,N,-3.02,159751001.28,EQ,THOMASCOOK,1437644,NIFTY INTERNET
8.77,1.09,9.06,8.93,25-Aug-2026 16:00:29,7.75,N,13.90,22003228.4,EQ,BTML,2508920,NIFTY WAVES
16.08,0.69,16.9,16.57,25-Aug-2026 16:00:29,15.5,N,4.35,1433387.28,EQ,SILLYMONKS,89141,NIFTY WAVES
3.89,0.13,3.94,3.94,25-Aug-2026 16:00:29,3.7,N,3.41,28190.83,EQ,NEXTMEDIA,7247,NIFTY WAVES
6.2,0.19,6.5,6.39,25-Aug-2026 16:00:29,6.11,N,3.06,42352.2,EQ,CREATIVEYE,6831,NIFTY WAVES
354.27,9.5,360,357.45,25-Aug-2026 16:00:29,343.1,N,2.73,896717241.63,EQ,NAZARA,2531169,NIFTY WAVES
18.79,0.47,19.3,18.01,25-Aug-2026 16:00:29,17.53,N,2.68,2195949.72,EQ,CYBERMEDIA,116868,NIFTY WAVES
3.44,0.08,3.56,3.48,25-Aug-2026 16:00:29,3.23,N,2.35,38796.32,BE,TVVISION,11278,NIFTY WAVES
128.02,2.78,131,129.29,25-Aug-2026 16:00:29,125.15,N,2.20,748404.92,BE,SHEMAROO,5846,NIFTY WAVES
6.59,0.11,6.88,6.64,25-Aug-2026 16:00:29,6.54,N,1.68,176513.15,EQ,RADIOCITY,26785,NIFTY WAVES
104.96,1.63,108.64,102.64,25-Aug-2026 16:00:29,101.25,N,1.61,22978787.84,EQ,ENIL,218929,NIFTY WAVES
90.42,0.89,91.46,90.3,25-Aug-2026 16:00:29,88,N,1.00,3957321.72,EQ,CINELINE,43766,NIFTY WAVES
4.36,0.03,4.53,4.44,25-Aug-2026 16:00:29,4.18,N,0.68,968582.72,EQ,BAGFILMS,222152,NIFTY WAVES
55.15,0.26,55.85,54.75,25-Aug-2026 16:00:29,54.45,N,0.48,741767.5,EQ,GTPL,13450,NIFTY WAVES
2.56,0.01,2.78,2.55,25-Aug-2026 16:00:29,2.51,N,0.39,193991.68,EQ,DNAMEDIA,75778,NIFTY WAVES
65.98,0.21,67.75,65.9,25-Aug-2026 16:00:29,65.12,N,0.32,8830829.18,EQ,UFO,133841,NIFTY WAVES
645.35,1.35,650,645.1,25-Aug-2026 16:00:29,640.55,N,0.21,96670848.6,EQ,TIPSMUSIC,149796,NIFTY WAVES
28.03,0.06,28.34,28.2,25-Aug-2026 16:00:29,27.7,N,0.21,6728012.87,EQ,DEN,240029,NIFTY WAVES
30.65,0.03,31.49,30.37,25-Aug-2026 16:00:29,29.99,N,0.10,182850482.7,EQ,NETWORK18,5965758,NIFTY WAVES
105.49,0.08,107.4,104.65,25-Aug-2026 16:00:29,104.31,N,0.08,1904317083.9,EQ,ZEEL,18052110,NIFTY WAVES
468.25,0.1,471,468.85,25-Aug-2026 16:00:29,465.6,N,0.02,98455649.75,EQ,SUNTV,210263,NIFTY WAVES
74.92,-0.17,75.83,74.97,25-Aug-2026 16:00:29,73.95,N,-0.23,7004345.72,EQ,NDTV,93491,NIFTY WAVES
1244.78,-2.8,1284.5,1229,25-Aug-2026 16:00:29,1218,N,-0.23,2469912392.48,EQ,PVRINOX,1984216,NIFTY WAVES
2.74,-0.01,2.77,2.75,25-Aug-2026 16:00:29,2.73,N,-0.36,2162410.74,EQ,DISHTV,789201,NIFTY WAVES
10.57,-0.04,10.69,10.55,25-Aug-2026 16:00:29,10.51,N,-0.38,14185447.36,EQ,HATHWAY,1342048,NIFTY WAVES
113.29,-0.47,117.14,113,25-Aug-2026 16:00:29,111.02,N,-0.41,3446734.96,EQ,TVTODAY,30424,NIFTY WAVES
94.88,-0.45,96.98,94.66,25-Aug-2026 16:00:29,94.41,N,-0.47,983336.32,EQ,RKSWAMY,10364,NIFTY WAVES
6.29,-0.03,6.68,6.27,25-Aug-2026 16:00:29,6.21,N,-0.48,108213.16,EQ,SAMBHAAV,17204,NIFTY WAVES
350.49,-1.95,357.95,344.25,25-Aug-2026 16:00:29,342.3,N,-0.56,2087868.93,EQ,TIPSFILMS,5957,NIFTY WAVES
506.56,-3.45,515.9,506.6,25-Aug-2026 16:00:29,502.65,N,-0.68,100184904,EQ,SAREGAMA,197775,NIFTY WAVES
56.58,-0.44,56.94,56.5,25-Aug-2026 16:00:29,56.5,N,-0.77,60880.08,BE,MUKTAARTS,1076,NIFTY WAVES
24.63,-0.21,25.1,24.6,25-Aug-2026 16:00:29,24.31,N,-0.85,41230.62,EQ,DGCONTENT,1674,NIFTY WAVES
3,-0.03,3.1,3,25-Aug-2026 16:00:29,2.92,N,-0.99,14736,EQ,RADAAN,4912,NIFTY WAVES
95.36,-1.1,97.15,94.6,25-Aug-2026 16:00:29,94.18,N,-1.15,14684295.68,EQ,BALAJITELE,153988,NIFTY WAVES
10.2,-0.16,10.68,10.31,25-Aug-2026 16:00:29,10.02,N,-1.53,143452.8,EQ,RAJTV,14064,NIFTY WAVES
257.69,-5.3,263.35,257.8,25-Aug-2026 16:00:29,255.2,N,-2.01,17136642.69,EQ,SIGNPOST,66501,NIFTY WAVES
9.17,-0.2,9.44,9.12,25-Aug-2026 16:00:29,9.07,N,-2.15,14452818.66,EQ,ZEEMEDIA,1576098,NIFTY WAVES
17.8,-0.4,18.59,18.05,25-Aug-2026 16:00:29,17.5,N,-2.17,367605.6,EQ,PNC,20652,NIFTY WAVES
303.41,-7.4,309.5,300.4,25-Aug-2026 16:00:29,298.5,N,-2.40,207580075.37,EQ,PFOCUS,684157,NIFTY WAVES
25.27,-1.32,26.5,25.2,25-Aug-2026 16:00:29,25.2,N,-4.98,69732691.35,EQ,AQYLON,2759505,NIFTY WAVES
14.9,1.12,15.31,15.19,25-Aug-2026 16:00:29,14.08,N,7.96,22863605950.2,EQ,IDEA,1534470198,NIFTY INFRALOG
383.35,13,388.6,387.25,25-Aug-2026 16:00:29,374.25,N,3.47,2681792011.25,EQ,INDUSTOWER,6995675,NIFTY INFRALOG
2580.91,70,2621.7,2610,25-Aug-2026 16:00:29,2520,N,2.76,4233102764.69,EQ,MAZDOCK,1640159,NIFTY INFRALOG
1562.06,39.4,1594.5,1594.5,25-Aug-2026 16:00:29,1532,N,2.53,3192494490.32,EQ,ADANIENSOL,2043772,NIFTY INFRALOG
285.81,6.75,290.9,285.4,25-Aug-2026 16:00:29,281.45,N,2.42,1139264382.9,EQ,AFCONS,3986090,NIFTY INFRALOG
5137.87,103,5227.5,5218,25-Aug-2026 16:00:29,5080.5,N,2.01,1712364727.21,EQ,INDIGO,333283,NIFTY INFRALOG
305.96,5.9,309.4,308,25-Aug-2026 16:00:29,300.2,N,1.95,553421059.92,EQ,TARIL,1808802,NIFTY INFRALOG
1684.8,30.6,1702.7,1702.7,25-Aug-2026 16:00:29,1671,N,1.83,2191151476.8,EQ,ADANIPORTS,1300541,NIFTY INFRALOG
1272.47,22.7,1283,1281.1,25-Aug-2026 16:00:29,1253.1,N,1.80,2841207917.63,EQ,LODHA,2232829,NIFTY INFRALOG
24295.55,420,24500,24440,25-Aug-2026 16:00:29,24005,N,1.75,3062599850.8,EQ,SHREECEM,126056,NIFTY INFRALOG
1319.64,22,1330,1330,25-Aug-2026 16:00:29,1294.8,N,1.68,3214895091.24,EQ,ADANIGREEN,2436191,NIFTY INFRALOG
7537.65,123,7627,7627,25-Aug-2026 16:00:29,7435,N,1.64,1343548424.25,EQ,ABB,178245,NIFTY INFRALOG
342.47,4.65,345.5,344.85,25-Aug-2026 16:00:29,337.85,N,1.37,804329494.11,EQ,JSWINFRA,2348613,NIFTY INFRALOG
411.84,5.6,417,417,25-Aug-2026 16:00:29,408.15,N,1.36,1916126784,EQ,BHEL,4652600,NIFTY INFRALOG
204.49,2.63,206.8,206.33,25-Aug-2026 16:00:29,201.43,N,1.29,2915810436.11,EQ,ADANIPOWER,14258939,NIFTY INFRALOG
407.66,4.35,413.1,413.1,25-Aug-2026 16:00:29,405,N,1.06,601834165.24,EQ,AMBUJACEM,1476314,NIFTY INFRALOG
409.23,4.25,413.25,413.25,25-Aug-2026 16:00:29,405.95,N,1.04,3850894813.77,EQ,BEL,9410099,NIFTY INFRALOG
98.58,1.03,99.85,99.85,25-Aug-2026 16:00:29,98.15,N,1.04,579667848.66,EQ,GMRAIRPORT,5880177,NIFTY INFRALOG
88.76,0.92,89.5,89.5,25-Aug-2026 16:00:29,87.79,N,1.04,435510526.08,EQ,NBCC,4906608,NIFTY INFRALOG
174.08,1.75,176.29,175.5,25-Aug-2026 16:00:29,172.39,N,1.01,1364353392.64,EQ,GAIL,7837508,NIFTY INFRALOG
5195.99,49.5,5239.5,5239.5,25-Aug-2026 16:00:29,5150,N,0.95,2920551667.22,EQ,CUMMINSIND,562078,NIFTY INFRALOG
173.05,1.4,174.69,174.69,25-Aug-2026 16:00:29,171.58,N,0.81,1494425536.1,EQ,ASHOKLEY,8635802,NIFTY INFRALOG
147.61,1.15,149.02,148.5,25-Aug-2026 16:00:29,145.83,N,0.78,238034557.51,EQ,NCC,1612591,NIFTY INFRALOG
148.49,1.08,149.3,148.8,25-Aug-2026 16:00:29,147.11,N,0.73,136360891.33,EQ,IGL,918317,NIFTY INFRALOG
442.07,3.2,447.95,447.95,25-Aug-2026 16:00:29,439.1,N,0.72,519145788.64,EQ,DELHIVERY,1174352,NIFTY INFRALOG
4094.45,29,4125.3,4119,25-Aug-2026 16:00:29,4066.6,N,0.71,5388599189.3,EQ,LT,1316074,NIFTY INFRALOG
638.69,4.5,644.95,644.1,25-Aug-2026 16:00:29,635.45,N,0.70,308632252.63,EQ,ATGL,483227,NIFTY INFRALOG
1358.05,9,1380,1342,25-Aug-2026 16:00:29,1338,N,0.68,3319918907.1,EQ,GESHIP,2444622,NIFTY INFRALOG
1697.48,11.5,1710.9,1700,25-Aug-2026 16:00:29,1677.3,N,0.68,706820487.12,EQ,TATACOMM,416394,NIFTY INFRALOG
542.23,3.7,548.4,548.4,25-Aug-2026 16:00:29,539.15,N,0.68,687580173.8,EQ,JSWENERGY,1268060,NIFTY INFRALOG
5004.56,-54.5,5079,4999,25-Aug-2026 16:00:29,4980,N,-1.08,36893616.32,EQ,BLUEDART,7372,NIFTY INFRALOG
153.78,-1.77,155.5,153.5,25-Aug-2026 16:00:29,152.86,N,-1.14,197788299.06,EQ,CESC,1286177,NIFTY INFRALOG
1148.09,-13.4,1168.8,1145,25-Aug-2026 16:00:29,1134.9,N,-1.16,370109773.3,EQ,SCHNEIDER,322370,NIFTY INFRALOG
293.65,-3.45,295.7,292.5,25-Aug-2026 16:00:29,291.6,N,-1.17,511209118.35,EQ,PETRONET,1740879,NIFTY INFRALOG
427.9,-5.35,433.9,426,25-Aug-2026 16:00:29,425.2,N,-1.24,260244501,EQ,KEC,608190,NIFTY INFRALOG
837.01,-11.45,853.75,830,25-Aug-2026 16:00:29,827.5,N,-1.36,200327462.37,EQ,TITAGARH,239337,NIFTY INFRALOG
219.47,-3.3,224.1,218.4,25-Aug-2026 16:00:29,217.02,N,-1.49,1612600596.88,EQ,RVNL,7347704,NIFTY INFRALOG
1815.93,-29,1854.8,1824,25-Aug-2026 16:00:29,1780.1,N,-1.57,932020624.71,EQ,DALBHARAT,513247,NIFTY INFRALOG
33229.45,-540,33695,33300,25-Aug-2026 16:00:29,33005,N,-1.60,2935921595.85,EQ,POWERINDIA,88353,NIFTY INFRALOG
22.7,-0.38,23.09,22.71,25-Aug-2026 16:00:29,22.59,N,-1.65,275017900.2,EQ,RPOWER,12115326,NIFTY INFRALOG
1414.28,-23.7,1434.4,1406.1,25-Aug-2026 16:00:29,1401.1,N,-1.66,167374380.88,EQ,ABREL,118346,NIFTY INFRALOG
1336.25,-22.7,1361.2,1318.8,25-Aug-2026 16:00:29,1311.1,N,-1.69,763831233.75,EQ,AEGISLOG,571623,NIFTY INFRALOG
613.16,-10.95,625.45,611,25-Aug-2026 16:00:29,606.25,N,-1.76,362525331.56,EQ,ELGIEQUIP,591241,NIFTY INFRALOG
252.87,-4.58,258.55,250.25,25-Aug-2026 16:00:29,248.7,N,-1.80,669080365.02,EQ,ENGINERSIN,2645946,NIFTY INFRALOG
2041.41,-40.3,2088.2,2028,25-Aug-2026 16:00:29,2025.8,N,-1.95,553185364.62,EQ,KIRLOSENG,270982,NIFTY INFRALOG
1876.3,-40.9,1906.6,1862.4,25-Aug-2026 16:00:29,1858,N,-2.15,523134955.6,EQ,ZENTEC,278812,NIFTY INFRALOG
1111.9,-26.6,1131,1101.1,25-Aug-2026 16:00:29,1100,N,-2.36,292310726.7,EQ,MGL,262893,NIFTY INFRALOG
430.04,-11.15,437.6,427.4,25-Aug-2026 16:00:29,424.8,N,-2.54,170562894.84,EQ,ELECON,396621,NIFTY INFRALOG
3407.06,-95.6,3495.5,3390.1,25-Aug-2026 16:00:29,3371,N,-2.74,1348926602.26,EQ,ENRIN,395921,NIFTY INFRALOG
4585.4,-188.2,4768.7,4548,25-Aug-2026 16:00:29,4500.1,N,-3.97,5495721120.4,EQ,DATAPATTNS,1198526,NIFTY INFRALOG
184.5,4.94,186.89,184.59,25-Aug-2026 16:00:29,180.3,N,2.75,12713010876,EQ,SAIL,68905208,NIFTY RAILWAYSPSU
314.85,6.2,319.75,318.1,25-Aug-2026 16:00:29,311.1,N,1.99,2075639494.35,EQ,BPCL,6592471,NIFTY RAILWAYSPSU
411.84,5.6,417,417,25-Aug-2026 16:00:29,408.15,N,1.36,1916126784,EQ,BHEL,4652600,NIFTY RAILWAYSPSU
409.23,4.25,413.25,413.25,25-Aug-2026 16:00:29,405.95,N,1.04,3850894813.77,EQ,BEL,9410099,NIFTY RAILWAYSPSU
1935.39,7,1977,1922,25-Aug-2026 16:00:29,1902.6,N,0.37,702457542.06,EQ,BEML,362954,NIFTY RAILWAYSPSU
123.6,0.43,125.57,123.53,25-Aug-2026 16:00:29,122.25,N,0.35,171899295.6,EQ,IRCON,1390771,NIFTY RAILWAYSPSU
372,1.25,374.15,373.2,25-Aug-2026 16:00:29,369.5,N,0.34,2121826620,EQ,HINDPETRO,5703835,NIFTY RAILWAYSPSU
337.85,0.35,340.8,339.85,25-Aug-2026 16:00:29,335.65,N,0.10,1777373104.75,EQ,NTPC,5260835,NIFTY RAILWAYSPSU
482.8,0.05,485.8,483.2,25-Aug-2026 16:00:29,481,N,0.01,249441999.6,EQ,IRCTC,516657,NIFTY RAILWAYSPSU
514.18,-0.4,518.4,516,25-Aug-2026 16:00:29,511.3,N,-0.08,287806084.84,EQ,CONCOR,559738,NIFTY RAILWAYSPSU
280.5,-1.15,287.5,280.9,25-Aug-2026 16:00:29,278.5,N,-0.41,189877182,EQ,RAILTEL,676924,NIFTY RAILWAYSPSU
277.61,-1.7,279.85,277.3,25-Aug-2026 16:00:29,276,N,-0.61,29795603.69,EQ,ITI,107329,NIFTY RAILWAYSPSU
85.53,-0.54,86.44,85.45,25-Aug-2026 16:00:29,85.05,N,-0.63,821642063.34,EQ,IRFC,9606478,NIFTY RAILWAYSPSU
218.81,-2.29,222.99,217.85,25-Aug-2026 16:00:29,217.07,N,-1.04,68374842.85,EQ,RITES,312485,NIFTY RAILWAYSPSU
234.52,-2.55,236.55,234,25-Aug-2026 16:00:29,233.35,N,-1.08,2843338303.52,EQ,ONGC,12124076,NIFTY RAILWAYSPSU
172.33,-1.94,174.3,171.9,25-Aug-2026 16:00:29,171.26,N,-1.12,481003877.07,EQ,MRPL,2791179,NIFTY RAILWAYSPSU
219.47,-3.3,224.1,218.4,25-Aug-2026 16:00:29,217.02,N,-1.49,1612600596.88,EQ,RVNL,7347704,NIFTY RAILWAYSPSU
14.9,1.12,15.31,15.19,25-Aug-2026 16:00:29,14.08,N,7.96,22863605950.2,EQ,IDEA,1534470198,NIFTYCONGLOMERATE
3038.97,111.4,3110,3110,25-Aug-2026 16:00:29,2962.5,N,3.72,6156685790.64,EQ,ADANIENT,2025912,NIFTYCONGLOMERATE
1684.8,30.6,1702.7,1702.7,25-Aug-2026 16:00:29,1671,N,1.83,2191151476.8,EQ,ADANIPORTS,1300541,NIFTYCONGLOMERATE
1319.64,22,1330,1330,25-Aug-2026 16:00:29,1294.8,N,1.68,3214895091.24,EQ,ADANIGREEN,2436191,NIFTYCONGLOMERATE
11180.93,170,11290,11290,25-Aug-2026 16:00:29,10811,N,1.53,722388706.37,EQ,BAJAJHLDNG,64609,NIFTYCONGLOMERATE
1843.52,26.3,1873,1873,25-Aug-2026 16:00:29,1821.1,N,1.42,790433165.76,EQ,CHOLAFIN,428763,NIFTYCONGLOMERATE
510,7.1,515,515,25-Aug-2026 16:00:29,504.95,N,1.40,1123935960,EQ,JUBLFOOD,2203796,NIFTYCONGLOMERATE
342.47,4.65,345.5,344.85,25-Aug-2026 16:00:29,337.85,N,1.37,804329494.11,EQ,JSWINFRA,2348613,NIFTYCONGLOMERATE
204.49,2.63,206.8,206.33,25-Aug-2026 16:00:29,201.43,N,1.29,2915810436.11,EQ,ADANIPOWER,14258939,NIFTYCONGLOMERATE
273.61,3.3,276.65,275.8,25-Aug-2026 16:00:29,269.3,N,1.21,212268826.88,EQ,FSL,775808,NIFTYCONGLOMERATE
318.75,3.65,320.8,319.5,25-Aug-2026 16:00:29,315.15,N,1.16,1198571081.25,EQ,LTF,3760223,NIFTYCONGLOMERATE
11807.85,127,11927,11927,25-Aug-2026 16:00:29,11722,N,1.08,1880659885.2,EQ,BAJAJ-AUTO,159272,NIFTYCONGLOMERATE
407.66,4.35,413.1,413.1,25-Aug-2026 16:00:29,405,N,1.06,601834165.24,EQ,AMBUJACEM,1476314,NIFTYCONGLOMERATE
1575.62,15.9,1599.9,1599.9,25-Aug-2026 16:00:29,1562,N,1.00,2179758400.98,EQ,TECHM,1383429,NIFTYCONGLOMERATE
1078.38,10.4,1087.4,1087.4,25-Aug-2026 16:00:29,1066.3,N,0.97,2987650711.62,EQ,BAJFINANCE,2770499,NIFTYCONGLOMERATE
5086.99,45.8,5124.8,5124.8,25-Aug-2026 16:00:29,5052.7,N,0.90,1767805329.85,EQ,TITAN,347515,NIFTYCONGLOMERATE
381,3.25,385.95,381.95,25-Aug-2026 16:00:29,377.8,N,0.86,749473482,EQ,M&MFIN,1967122,NIFTYCONGLOMERATE
2920.89,25,2938.9,2930,25-Aug-2026 16:00:29,2893.8,N,0.86,1811541819.78,EQ,TRENT,620202,NIFTYCONGLOMERATE
3417.23,28.9,3443,3443,25-Aug-2026 16:00:29,3396.8,N,0.85,3683849119.06,EQ,M&M,1078022,NIFTYCONGLOMERATE
4094.45,29,4125.3,4119,25-Aug-2026 16:00:29,4066.6,N,0.71,5388599189.3,EQ,LT,1316074,NIFTYCONGLOMERATE
542.23,3.7,548.4,548.4,25-Aug-2026 16:00:29,539.15,N,0.68,687580173.8,EQ,JSWENERGY,1268060,NIFTYCONGLOMERATE
2283.22,12.1,2313.5,2296.2,25-Aug-2026 16:00:29,2262,N,0.53,6944662500.98,EQ,TCS,3041609,NIFTYCONGLOMERATE
2028.75,9.1,2049,2049,25-Aug-2026 16:00:29,2011.5,N,0.45,779831212.5,EQ,GODREJPROP,384390,NIFTYCONGLOMERATE
1148.11,5.1,1157,1154.1,25-Aug-2026 16:00:29,1140.1,N,0.44,770185483.19,EQ,JINDALSTEL,670829,NIFTYCONGLOMERATE
184.65,0.64,187.27,186.94,25-Aug-2026 16:00:29,183.5,N,0.34,4538331393,EQ,TATASTEEL,24578020,NIFTYCONGLOMERATE
11505.55,36,11554,11540,25-Aug-2026 16:00:29,11445,N,0.31,2594156358.5,EQ,ULTRACEMCO,225470,NIFTYCONGLOMERATE
2868.93,8,2893.9,2888,25-Aug-2026 16:00:29,2845.2,N,0.28,451813441.05,EQ,TIINDIA,157485,NIFTYCONGLOMERATE
700.52,1.9,707.25,704.3,25-Aug-2026 16:00:29,696.65,N,0.27,112947641.68,EQ,JSL,161234,NIFTYCONGLOMERATE
475.78,1.3,481.65,476.35,25-Aug-2026 16:00:29,470.65,N,0.27,3361122117.88,EQ,TMCV,7064446,NIFTYCONGLOMERATE
320.65,0.8,324.95,322,25-Aug-2026 16:00:29,317.5,N,0.25,230697734.85,EQ,PCBL,719469,NIFTYCONGLOMERATE
1997.52,2.3,2011.7,2004,25-Aug-2026 16:00:29,1985,N,0.11,819224899.92,EQ,BAJAJFINSV,410121,NIFTYCONGLOMERATE
873.52,1,882.5,878.5,25-Aug-2026 16:00:29,867,N,0.11,1423783441.76,EQ,CGPOWER,1629938,NIFTYCONGLOMERATE
3259.78,1.6,3300.2,3289.6,25-Aug-2026 16:00:29,3222.1,N,0.05,5711281250.1,EQ,GRASIM,1752045,NIFTYCONGLOMERATE
4512.19,2.3,4550,4528,25-Aug-2026 16:00:29,4469.1,N,0.05,923076757.06,EQ,LTM,204574,NIFTYCONGLOMERATE
923.62,0.3,930.9,929.2,25-Aug-2026 16:00:29,918.2,N,0.03,624860333.08,EQ,GODREJCP,676534,NIFTYCONGLOMERATE
83.95,0.02,84.33,84.07,25-Aug-2026 16:00:29,83.78,N,0.02,153018771.15,EQ,BAJAJHFL,1822737,NIFTYCONGLOMERATE
712.03,-2.55,720.8,705.65,25-Aug-2026 16:00:29,705,N,-0.36,96749924.37,EQ,JUBLINGREA,135879,NIFTYCONGLOMERATE
3569.73,-14.6,3609.3,3570,25-Aug-2026 16:00:29,3550.1,N,-0.41,130255877.97,EQ,LTTS,36489,NIFTYCONGLOMERATE
1545.26,-7.3,1555.2,1541.1,25-Aug-2026 16:00:29,1530.2,N,-0.47,105124037.8,EQ,CHOLAHLDNG,68030,NIFTYCONGLOMERATE
1316.28,-6.7,1326.3,1320.3,25-Aug-2026 16:00:29,1310.1,N,-0.50,1624939762.32,EQ,JSWSTEEL,1234494,NIFTYCONGLOMERATE
408.5,-2.05,414.5,410.85,25-Aug-2026 16:00:29,405.3,N,-0.50,1615015779.5,EQ,ABCAPITAL,3953527,NIFTYCONGLOMERATE
1910.85,-11.8,1931.9,1914.8,25-Aug-2026 16:00:29,1896.3,N,-0.61,898437720.45,EQ,COROMANDEL,470177,NIFTYCONGLOMERATE
506.56,-3.45,515.9,506.6,25-Aug-2026 16:00:29,502.65,N,-0.68,100184904,EQ,SAREGAMA,197775,NIFTYCONGLOMERATE
1048.52,-7.45,1057,1051.05,25-Aug-2026 16:00:29,1040.45,N,-0.70,3664885664.88,EQ,HINDALCO,3495294,NIFTYCONGLOMERATE
907.84,-6.7,921.7,896,25-Aug-2026 16:00:29,892.7,N,-0.74,174051992.64,EQ,JUBLPHARMA,191721,NIFTYCONGLOMERATE
3530.84,-34.9,3565.8,3531,25-Aug-2026 16:00:29,3506,N,-0.98,125899161.88,EQ,CEATLTD,35657,NIFTYCONGLOMERATE
473.26,-4.9,484.35,472,25-Aug-2026 16:00:29,468.55,N,-1.03,229848184.2,EQ,ZENSARTECH,485670,NIFTYCONGLOMERATE
153.78,-1.77,155.5,153.5,25-Aug-2026 16:00:29,152.86,N,-1.14,197788299.06,EQ,CESC,1286177,NIFTYCONGLOMERATE
427.9,-5.35,433.9,426,25-Aug-2026 16:00:29,425.2,N,-1.24,260244501,EQ,KEC,608190,NIFTYCONGLOMERATE
1150.67,-20.5,1181,1164,25-Aug-2026 16:00:29,1131.3,N,-1.73,352687259.02,EQ,GODREJIND,306506,NIFTYCONGLOMERATE
