VWAP,change,high,lastPrice,lastUpdatedTime,low,marketType,pChange,quantityTraded,series,symbol,totalTradedVolume,index_name
1240.4,15.7,1250.5,1243,18-Aug-2026 16:00:29,1223.4,N,1.28,6282250158.8,EQ,AXISBANK,5064697,NIFTY 50
1005.88,10.7,1017,1014.4,18-Aug-2026 16:00:29,982.1,N,1.07,2232155349.16,EQ,MAXHEALTH,2219107,NIFTY 50
3421.63,31.1,3435,3421.5,18-Aug-2026 16:00:29,3390.2,N,0.92,4693326692.32,EQ,M&M,1371664,NIFTY 50
3279.61,28.2,3297.7,3278.7,18-Aug-2026 16:00:29,3250.5,N,0.87,4915672964.99,EQ,GRASIM,1498859,NIFTY 50
267.51,1.85,268.95,268,18-Aug-2026 16:00:29,266.05,N,0.70,1816974199.23,EQ,POWERGRID,6792173,NIFTY 50
1322.76,6,1328.6,1322,18-Aug-2026 16:00:29,1311.2,N,0.46,13466446804.92,EQ,RELIANCE,10180567,NIFTY 50
1094.84,5,1100,1094.3,18-Aug-2026 16:00:29,1087.6,N,0.46,3694009867.12,EQ,BAJFINANCE,3374018,NIFTY 50
239.77,1.01,241.3,239.5,18-Aug-2026 16:00:29,238.02,N,0.42,3573437370.85,EQ,ONGC,14903605,NIFTY 50
2010.19,6.2,2018.8,2011.2,18-Aug-2026 16:00:29,1998,N,0.31,830682874.84,EQ,BAJAJFINSV,413236,NIFTY 50
338.13,0.1,339.3,337.1,18-Aug-2026 16:00:29,333.9,N,0.03,3362361676.83,EQ,NTPC,9943991,NIFTY 50
1433.13,-0.4,1437.6,1431.1,18-Aug-2026 16:00:29,1428.4,N,-0.03,844681089.48,EQ,CIPLA,589396,NIFTY 50
8841.7,-8.5,8907,8817,18-Aug-2026 16:00:29,8786.5,N,-0.10,4199780974.9,EQ,APOLLOHOSP,474997,NIFTY 50
413.09,-0.45,416.35,412,18-Aug-2026 16:00:29,410.95,N,-0.11,3767766626.06,EQ,BEL,9120934,NIFTY 50
2956.69,-3.9,2980.4,2942.1,18-Aug-2026 16:00:29,2932.1,N,-0.13,2123849560.8,EQ,TRENT,718320,NIFTY 50
3023.6,-4.8,3036,3002.5,18-Aug-2026 16:00:29,3002.5,N,-0.16,2183002916.8,EQ,ADANIENT,721988,NIFTY 50
1410.78,-3.3,1416.6,1412,18-Aug-2026 16:00:29,1406.3,N,-0.23,11773238434.44,EQ,ICICIBANK,8345198,NIFTY 50
185.31,-0.5,187.11,185.5,18-Aug-2026 16:00:29,184.33,N,-0.27,2481938551.71,EQ,TATASTEEL,13393441,NIFTY 50
1880.48,-6.9,1899,1875.1,18-Aug-2026 16:00:29,1868.3,N,-0.37,3420910921.12,EQ,SUNPHARMA,1819169,NIFTY 50
409.54,-1.55,412.7,406.9,18-Aug-2026 16:00:29,406.75,N,-0.38,3011207966.86,EQ,COALINDIA,7352659,NIFTY 50
5056.71,-19.9,5094.9,5048.6,18-Aug-2026 16:00:29,5042.5,N,-0.39,1794489847.83,EQ,TITAN,354873,NIFTY 50
8072.48,-31.5,8107,8018.5,18-Aug-2026 16:00:29,8016.5,N,-0.39,2119026000,EQ,EICHERMOT,262500,NIFTY 50
11674.12,-56,11768,11607,18-Aug-2026 16:00:29,11581,N,-0.48,2776292521.92,EQ,BAJAJ-AUTO,237816,NIFTY 50
13788.11,-69,13890,13691,18-Aug-2026 16:00:29,13691,N,-0.50,3687395621.63,EQ,MARUTI,267433,NIFTY 50
1680.69,-8.6,1693.7,1682.4,18-Aug-2026 16:00:29,1667,N,-0.51,2181812933.85,EQ,ADANIPORTS,1298165,NIFTY 50
1467.72,-7.5,1479.8,1462.5,18-Aug-2026 16:00:29,1453,N,-0.51,2664228827.52,EQ,NESTLEIND,1815216,NIFTY 50
4070.83,-22.4,4085,4064.3,18-Aug-2026 16:00:29,4050,N,-0.55,5518315377.25,EQ,LT,1355575,NIFTY 50
317.92,-2.1,321.2,315.9,18-Aug-2026 16:00:29,315.55,N,-0.66,5845597265.44,EQ,ETERNAL,18387007,NIFTY 50
1782.16,-12.4,1796.5,1778,18-Aug-2026 16:00:29,1762.5,N,-0.69,1041603015.76,EQ,SBILIFE,584461,NIFTY 50
1056.82,-8.2,1067.7,1053,18-Aug-2026 16:00:29,1053,N,-0.77,5901040868.22,EQ,SBIN,5583771,NIFTY 50
1042.61,-8.3,1050.6,1041.6,18-Aug-2026 16:00:29,1038,N,-0.79,2632991654.85,EQ,HINDALCO,2525385,NIFTY 50
1274.49,-10.2,1285.8,1267.6,18-Aug-2026 16:00:29,1265,N,-0.80,916379976.33,EQ,JSWSTEEL,719017,NIFTY 50
724.69,-6,729,723,18-Aug-2026 16:00:29,723,N,-0.82,12983913457.83,EQ,HDFCBANK,17916507,NIFTY 50
540.27,-4.75,542.9,538.25,18-Aug-2026 16:00:29,537.55,N,-0.87,686981399.04,EQ,HDFCLIFE,1271552,NIFTY 50
2041.15,-20,2060,2035,18-Aug-2026 16:00:29,2034.9,N,-0.97,2519995625.4,EQ,HINDUNILVR,1234596,NIFTY 50
1068.06,-11,1079.1,1061.6,18-Aug-2026 16:00:29,1061.6,N,-1.03,1003896295.5,EQ,TATACONSUM,939925,NIFTY 50
5213.07,-55.5,5238,5220,18-Aug-2026 16:00:29,5138,N,-1.05,2892096548.46,EQ,INDIGO,554778,NIFTY 50
1184.21,-13.2,1189.3,1178.8,18-Aug-2026 16:00:29,1176.1,N,-1.11,954038654.93,EQ,DRREDDY,805633,NIFTY 50
271.01,-3.05,273.65,270,18-Aug-2026 16:00:29,269.15,N,-1.12,3946331627.72,EQ,ITC,14561572,NIFTY 50
1587.26,-18,1608,1592,18-Aug-2026 16:00:29,1579.9,N,-1.12,3023560463.18,EQ,TECHM,1904893,NIFTY 50
1110.42,-13.6,1124.9,1108.4,18-Aug-2026 16:00:29,1098.6,N,-1.21,2967857288.28,EQ,SHRIRAMFIN,2672734,NIFTY 50
390.41,-5.05,392.9,387.65,18-Aug-2026 16:00:29,387.65,N,-1.29,2207045120.27,EQ,KOTAKBANK,5653147,NIFTY 50
2288.7,-33.2,2307,2280,18-Aug-2026 16:00:29,2280,N,-1.44,4114675211.4,EQ,TCS,1797822,NIFTY 50
11562.75,-182,11674,11499,18-Aug-2026 16:00:29,11499,N,-1.56,2432871976.5,EQ,ULTRACEMCO,210406,NIFTY 50
246.6,-3.95,248.9,245.8,18-Aug-2026 16:00:29,245.8,N,-1.58,2278265639.4,EQ,JIOFIN,9238709,NIFTY 50
1944.23,-35.1,1959.7,1934.2,18-Aug-2026 16:00:29,1923.2,N,-1.78,13046317963.25,EQ,BHARTIARTL,6710275,NIFTY 50
1300.63,-27,1320,1298,18-Aug-2026 16:00:29,1292.5,N,-2.04,3976012903.7,EQ,HCLTECH,3056990,NIFTY 50
179.38,-3.84,181.99,178.06,18-Aug-2026 16:00:29,178.06,N,-2.11,1269065246.78,EQ,WIPRO,7074731,NIFTY 50
1116.78,-24.9,1131.9,1115,18-Aug-2026 16:00:29,1112.5,N,-2.18,9884742625.8,EQ,INFY,8851110,NIFTY 50
2638.13,-59.1,2670.1,2628.4,18-Aug-2026 16:00:29,2610.1,N,-2.20,2683036248.86,EQ,ASIANPAINT,1017022,NIFTY 50
325.41,-7.4,331.7,322.8,18-Aug-2026 16:00:29,322.8,N,-2.24,3210436486.2,EQ,TMPV,9865820,NIFTY 50
48230.6,1760,48940,48730,18-Aug-2026 16:00:29,46775,N,3.75,4528419264.6,EQ,BOSCHLTD,93891,NIFTY NEXT 50
4977.74,71,5009,4971,18-Aug-2026 16:00:29,4876,N,1.45,2123369485.02,EQ,TORNTPHARM,426573,NIFTY NEXT 50
20196.9,280,20422,20280,18-Aug-2026 16:00:29,20030,N,1.40,3599148170.7,EQ,SOLARINDS,178203,NIFTY NEXT 50
169.92,2.34,170.9,170.4,18-Aug-2026 16:00:29,168.1,N,1.39,2157318593.28,EQ,MOTHERSON,12696084,NIFTY NEXT 50
439.52,5.45,443.3,439.3,18-Aug-2026 16:00:29,434.6,N,1.26,1773064115.84,EQ,VBL,4034092,NIFTY NEXT 50
8581.62,106.5,8630,8588,18-Aug-2026 16:00:29,8504,N,1.26,3468373284.06,EQ,DIVISLAB,404163,NIFTY NEXT 50
360.43,4.4,363.9,363.65,18-Aug-2026 16:00:29,355.1,N,1.22,307826322.79,EQ,TATACAP,854053,NIFTY NEXT 50
206.75,2.02,208.67,205.58,18-Aug-2026 16:00:29,203.57,N,0.99,3965819783,EQ,ADANIPOWER,19181716,NIFTY NEXT 50
1607.68,13.9,1630,1603,18-Aug-2026 16:00:29,1583.1,N,0.87,3688032389.12,EQ,ADANIENSOL,2294009,NIFTY NEXT 50
172.6,1.4,173.55,173.5,18-Aug-2026 16:00:29,171.62,N,0.81,1049386425,EQ,GAIL,6079875,NIFTY NEXT 50
5094.63,40,5120,5099,18-Aug-2026 16:00:29,5039,N,0.79,6309933607.98,EQ,HAL,1238546,NIFTY NEXT 50
24689.47,190,24935,24725,18-Aug-2026 16:00:29,24545,N,0.77,979060932.85,EQ,SHREECEM,39655,NIFTY NEXT 50
2593.41,17.3,2618.2,2587,18-Aug-2026 16:00:29,2556.1,N,0.67,3188789507.34,EQ,MAZDOCK,1229574,NIFTY NEXT 50
3956.75,14,3988.5,3957,18-Aug-2026 16:00:29,3936.4,N,0.36,476337305.5,EQ,SIEMENS,120386,NIFTY NEXT 50
929.63,3,936.4,931,18-Aug-2026 16:00:29,920,N,0.32,1350740304.81,EQ,GODREJCP,1452987,NIFTY NEXT 50
1665.7,5,1674,1674,18-Aug-2026 16:00:29,1657.3,N,0.30,1091858021.5,EQ,PIDILITIND,655495,NIFTY NEXT 50
2900.18,5.6,2929.1,2894.1,18-Aug-2026 16:00:29,2875,N,0.19,1448439797.58,EQ,MUTHOOTFIN,499431,NIFTY NEXT 50
2513.32,2,2536.9,2525,18-Aug-2026 16:00:29,2491.3,N,0.08,1689086759.28,EQ,HDFCAMC,672054,NIFTY NEXT 50
374.8,0.05,376.55,374.45,18-Aug-2026 16:00:29,373.6,N,0.01,2786231716.8,EQ,PFC,7433916,NIFTY NEXT 50
380.53,-0.5,382.05,381,18-Aug-2026 16:00:29,378.4,N,-0.13,1075932973.27,EQ,TATAPOWER,2827459,NIFTY NEXT 50
717.36,-1,721.8,719,18-Aug-2026 16:00:29,712.5,N,-0.14,826101732.96,EQ,INDHOTEL,1151586,NIFTY NEXT 50
2203.71,-4,2221.9,2186,18-Aug-2026 16:00:29,2179,N,-0.18,1044728225.67,EQ,HYUNDAI,474077,NIFTY NEXT 50
469.22,-1.6,474.9,468.8,18-Aug-2026 16:00:29,463.5,N,-0.34,2992059220.52,EQ,TMCV,6376666,NIFTY NEXT 50
3990.86,-14,4019.1,3981,18-Aug-2026 16:00:29,3946.7,N,-0.35,1354218523.8,EQ,DMART,339330,NIFTY NEXT 50
340.34,-1.5,341.85,338.5,18-Aug-2026 16:00:29,338.5,N,-0.44,2033877285.44,EQ,RECLTD,5976016,NIFTY NEXT 50
5526.18,-26,5561,5495,18-Aug-2026 16:00:29,5490,N,-0.47,1555177575.6,EQ,BRITANNIA,281420,NIFTY NEXT 50
893.65,-4.6,900,894.2,18-Aug-2026 16:00:29,889,N,-0.51,1401828540.75,EQ,CGPOWER,1568655,NIFTY NEXT 50
138.46,-0.81,139.2,137.8,18-Aug-2026 16:00:29,137.75,N,-0.58,1150994441.8,EQ,IOC,8312830,NIFTY NEXT 50
3604.77,-21.7,3639,3584,18-Aug-2026 16:00:29,3580,N,-0.60,657412719.21,EQ,ENRIN,182373,NIFTY NEXT 50
4366.96,-29.1,4407.1,4356.8,18-Aug-2026 16:00:29,4341.2,N,-0.66,1942816834.4,EQ,TVSMOTOR,444890,NIFTY NEXT 50
412.55,-2.85,416.9,412.4,18-Aug-2026 16:00:29,409.9,N,-0.69,980891669.05,EQ,AMBUJACEM,2377631,NIFTY NEXT 50
117.06,-0.82,117.99,116.5,18-Aug-2026 16:00:29,116.5,N,-0.70,919696756.62,EQ,PNB,7856627,NIFTY NEXT 50
670.96,-5.25,682.5,665.75,18-Aug-2026 16:00:29,658.25,N,-0.78,4092825135.84,EQ,DLF,6099954,NIFTY NEXT 50
1877.36,-16.7,1889.7,1868,18-Aug-2026 16:00:29,1866.6,N,-0.89,982428120.08,EQ,CHOLAFIN,523303,NIFTY NEXT 50
245.14,-2.55,247.28,244,18-Aug-2026 16:00:29,243.9,N,-1.03,863337974.24,EQ,BANKBARODA,3521816,NIFTY NEXT 50
86.43,-0.94,87.56,86.11,18-Aug-2026 16:00:29,86.05,N,-1.08,484681030.41,EQ,IRFC,5607787,NIFTY NEXT 50
11294.84,-125,11435,11254,18-Aug-2026 16:00:29,11211,N,-1.10,243618403.96,EQ,BAJAJHLDNG,21569,NIFTY NEXT 50
1108.13,-14.6,1119.7,1101.5,18-Aug-2026 16:00:29,1100,N,-1.31,622740248.62,EQ,JINDALSTEL,561974,NIFTY NEXT 50
1126.63,-15.9,1144.1,1115.6,18-Aug-2026 16:00:29,1115.6,N,-1.41,912720141.79,EQ,ZYDUSLIFE,810133,NIFTY NEXT 50
1322.65,-19.6,1336.4,1308,18-Aug-2026 16:00:29,1308,N,-1.48,1223795139,EQ,ADANIGREEN,925260,NIFTY NEXT 50
7614.57,-114,7734,7546,18-Aug-2026 16:00:29,7528.5,N,-1.49,961407993.63,EQ,ABB,126259,NIFTY NEXT 50
129.65,-2,131,129.1,18-Aug-2026 16:00:29,129.1,N,-1.53,858636425.9,EQ,CANBK,6622726,NIFTY NEXT 50
1531.77,-24.1,1550,1520.9,18-Aug-2026 16:00:29,1520,N,-1.56,503474417.76,EQ,UNITDSPR,328688,NIFTY NEXT 50
562.76,-9.5,569.1,558,18-Aug-2026 16:00:29,558,N,-1.67,1270037893.52,EQ,HINDZINC,2256802,NIFTY NEXT 50
186.86,-3.4,190.58,185.5,18-Aug-2026 16:00:29,185.5,N,-1.80,1248975416.62,EQ,UNIONBANK,6684017,NIFTY NEXT 50
5412.93,-100,5484,5350,18-Aug-2026 16:00:29,5350,N,-1.83,958456689.24,EQ,CUMMINSIND,177068,NIFTY NEXT 50
314.47,-6.35,317.15,310.3,18-Aug-2026 16:00:29,310.3,N,-2.01,1660234616.43,EQ,BPCL,5279469,NIFTY NEXT 50
266.3,-5.7,270.5,264,18-Aug-2026 16:00:29,264,N,-2.11,2602319017.9,EQ,VEDL,9772133,NIFTY NEXT 50
4625.39,-137.8,4684,4562.2,18-Aug-2026 16:00:29,4562.2,N,-2.93,1196537513.71,EQ,LTM,258689,NIFTY NEXT 50
1228.58,-42.9,1260,1211.1,18-Aug-2026 16:00:29,1211.1,N,-3.42,1900761918.18,EQ,LODHA,1547121,NIFTY NEXT 50
1240.4,15.7,1250.5,1243,18-Aug-2026 16:00:29,1223.4,N,1.28,6282250158.8,EQ,AXISBANK,5064697,NIFTY BANK
355.71,3.7,358.6,357.8,18-Aug-2026 16:00:29,352.5,N,1.04,1006075935.6,EQ,FEDERALBNK,2828360,NIFTY BANK
1014.06,4.4,1019.5,1015,18-Aug-2026 16:00:29,1007,N,0.44,546941373.48,EQ,INDUSINDBK,539358,NIFTY BANK
1073.92,3.5,1079.6,1075.7,18-Aug-2026 16:00:29,1064.5,N,0.33,483791294.72,EQ,AUBANK,450491,NIFTY BANK
1410.78,-3.3,1416.6,1412,18-Aug-2026 16:00:29,1406.3,N,-0.23,11773238434.44,EQ,ICICIBANK,8345198,NIFTY BANK
84.92,-0.29,85.47,84.76,18-Aug-2026 16:00:29,84.6,N,-0.34,747816814.36,EQ,IDFCFIRSTB,8806133,NIFTY BANK
117.06,-0.82,117.99,116.5,18-Aug-2026 16:00:29,116.5,N,-0.70,919696756.62,EQ,PNB,7856627,NIFTY BANK
1056.82,-8.2,1067.7,1053,18-Aug-2026 16:00:29,1053,N,-0.77,5901040868.22,EQ,SBIN,5583771,NIFTY BANK
724.69,-6,729,723,18-Aug-2026 16:00:29,723,N,-0.82,12983913457.83,EQ,HDFCBANK,17916507,NIFTY BANK
245.14,-2.55,247.28,244,18-Aug-2026 16:00:29,243.9,N,-1.03,863337974.24,EQ,BANKBARODA,3521816,NIFTY BANK
390.41,-5.05,392.9,387.65,18-Aug-2026 16:00:29,387.65,N,-1.29,2207045120.27,EQ,KOTAKBANK,5653147,NIFTY BANK
129.65,-2,131,129.1,18-Aug-2026 16:00:29,129.1,N,-1.53,858636425.9,EQ,CANBK,6622726,NIFTY BANK
186.86,-3.4,190.58,185.5,18-Aug-2026 16:00:29,185.5,N,-1.80,1248975416.62,EQ,UNIONBANK,6684017,NIFTY BANK
22.6,-0.46,22.97,22.46,18-Aug-2026 16:00:29,22.45,N,-2.01,1125869443.2,EQ,YESBANK,49817232,NIFTY BANK
1240.4,15.7,1250.5,1243,18-Aug-2026 16:00:29,1223.4,N,1.28,6282250158.8,EQ,AXISBANK,5064697,NIFTY FIN SERVICE
1574.75,12.8,1587.9,1584.5,18-Aug-2026 16:00:29,1547,N,0.81,1661038426.25,EQ,MFSL,1054795,NIFTY FIN SERVICE
1094.84,5,1100,1094.3,18-Aug-2026 16:00:29,1087.6,N,0.46,3694009867.12,EQ,BAJFINANCE,3374018,NIFTY FIN SERVICE
2010.19,6.2,2018.8,2011.2,18-Aug-2026 16:00:29,1998,N,0.31,830682874.84,EQ,BAJAJFINSV,413236,NIFTY FIN SERVICE
2900.18,5.6,2929.1,2894.1,18-Aug-2026 16:00:29,2875,N,0.19,1448439797.58,EQ,MUTHOOTFIN,499431,NIFTY FIN SERVICE
498.83,0.55,501.8,498.8,18-Aug-2026 16:00:29,495.9,N,0.11,924899658.54,EQ,LICHSGFIN,1854138,NIFTY FIN SERVICE
374.8,0.05,376.55,374.45,18-Aug-2026 16:00:29,373.6,N,0.01,2786231716.8,EQ,PFC,7433916,NIFTY FIN SERVICE
1624.18,-2.5,1637.5,1623.8,18-Aug-2026 16:00:29,1615.2,N,-0.15,1016418340.72,EQ,ICICIGI,625804,NIFTY FIN SERVICE
1410.78,-3.3,1416.6,1412,18-Aug-2026 16:00:29,1406.3,N,-0.23,11773238434.44,EQ,ICICIBANK,8345198,NIFTY FIN SERVICE
340.34,-1.5,341.85,338.5,18-Aug-2026 16:00:29,338.5,N,-0.44,2033877285.44,EQ,RECLTD,5976016,NIFTY FIN SERVICE
1782.16,-12.4,1796.5,1778,18-Aug-2026 16:00:29,1762.5,N,-0.69,1041603015.76,EQ,SBILIFE,584461,NIFTY FIN SERVICE
3281.33,-24,3315.4,3308,18-Aug-2026 16:00:29,3235,N,-0.72,19054427366.26,EQ,BSE,5806922,NIFTY FIN SERVICE
1056.82,-8.2,1067.7,1053,18-Aug-2026 16:00:29,1053,N,-0.77,5901040868.22,EQ,SBIN,5583771,NIFTY FIN SERVICE
724.69,-6,729,723,18-Aug-2026 16:00:29,723,N,-0.82,12983913457.83,EQ,HDFCBANK,17916507,NIFTY FIN SERVICE
540.27,-4.75,542.9,538.25,18-Aug-2026 16:00:29,537.55,N,-0.87,686981399.04,EQ,HDFCLIFE,1271552,NIFTY FIN SERVICE
1877.36,-16.7,1889.7,1868,18-Aug-2026 16:00:29,1866.6,N,-0.89,982428120.08,EQ,CHOLAFIN,523303,NIFTY FIN SERVICE
1110.42,-13.6,1124.9,1108.4,18-Aug-2026 16:00:29,1098.6,N,-1.21,2967857288.28,EQ,SHRIRAMFIN,2672734,NIFTY FIN SERVICE
390.41,-5.05,392.9,387.65,18-Aug-2026 16:00:29,387.65,N,-1.29,2207045120.27,EQ,KOTAKBANK,5653147,NIFTY FIN SERVICE
246.6,-3.95,248.9,245.8,18-Aug-2026 16:00:29,245.8,N,-1.58,2278265639.4,EQ,JIOFIN,9238709,NIFTY FIN SERVICE
622.79,-26.75,643.15,615,18-Aug-2026 16:00:29,613.9,N,-4.17,1724963260.65,EQ,SBICARD,2769735,NIFTY FIN SERVICE
903.08,82.05,947.9,940,18-Aug-2026 16:00:29,860.05,N,9.56,4911826833.76,EQ,JYOTICNC,5438972,NIFTY 500
2933.23,217.6,2989,2959,18-Aug-2026 16:00:29,2755.8,N,7.94,12284381906.15,EQ,TIINDIA,4188005,NIFTY 500
2797.68,201.1,2919,2904,18-Aug-2026 16:00:29,2691.1,N,7.44,1336846208.88,EQ,GLAXO,477841,NIFTY 500
283.88,19.25,289,285.65,18-Aug-2026 16:00:29,264,N,7.23,791954513.88,EQ,PFOCUS,2789751,NIFTY 500
732.95,45.9,749,744.2,18-Aug-2026 16:00:29,696,N,6.57,3980455752.35,EQ,HEG,5430733,NIFTY 500
1349.45,83.8,1378,1371,18-Aug-2026 16:00:29,1303.1,N,6.51,4180416623.15,EQ,AEGISLOG,3097867,NIFTY 500
1970.16,120.5,2012.4,1985,18-Aug-2026 16:00:29,1855.2,N,6.46,5403547981.2,EQ,ZENTEC,2742695,NIFTY 500
1169.85,70.3,1188,1184,18-Aug-2026 16:00:29,1117,N,6.31,1982347090.35,EQ,ACE,1694531,NIFTY 500
3318.97,192.8,3399.8,3391,18-Aug-2026 16:00:29,3189.9,N,6.03,1405152328.9,EQ,ACUTAAS,423370,NIFTY 500
179.23,9.3,182.9,177.45,18-Aug-2026 16:00:29,167.8,N,5.53,9626242741.63,EQ,WELSPUNLIV,53708881,NIFTY 500
1262.31,66.8,1279.9,1279,18-Aug-2026 16:00:29,1212.2,N,5.51,1521271634.19,EQ,SCHNEIDER,1205149,NIFTY 500
228.3,10.97,230.47,230.47,18-Aug-2026 16:00:29,218.01,N,5.00,8159273971.2,EQ,HFCL,35739264,NIFTY 500
1000.18,45.85,1018,1005,18-Aug-2026 16:00:29,957.55,N,4.78,444414980.3,EQ,TECHNOE,444335,NIFTY 500
4667.96,211.3,4750,4740,18-Aug-2026 16:00:29,4525,N,4.67,6468098090.52,EQ,DATAPATTNS,1385637,NIFTY 500
16830.86,726,17295,17250,18-Aug-2026 16:00:29,16199,N,4.39,5697246110,EQ,APARINDS,338500,NIFTY 500
10809.71,420,10960,10900,18-Aug-2026 16:00:29,10490.5,N,4.01,628919737.51,EQ,CRAFTSMAN,58181,NIFTY 500
1566.29,58,1598,1573,18-Aug-2026 16:00:29,1524,N,3.83,766185211.88,EQ,CONCORDBIO,489172,NIFTY 500
323.49,11.9,329.9,327.35,18-Aug-2026 16:00:29,317.35,N,3.77,1511862864,EQ,PCBL,4673600,NIFTY 500
48230.6,1760,48940,48730,18-Aug-2026 16:00:29,46775,N,3.75,4528419264.6,EQ,BOSCHLTD,93891,NIFTY 500
3016.72,106.9,3058,3040,18-Aug-2026 16:00:29,2916,N,3.64,9616054437.92,EQ,MCX,3187586,NIFTY 500
4224.21,-95,4306,4195,18-Aug-2026 16:00:29,4190,N,-2.21,2165118835.5,EQ,GVT&D,512550,NIFTY 500
468.15,-10.55,477.6,465.15,18-Aug-2026 16:00:29,463.75,N,-2.22,722804405.85,EQ,EXIDEIND,1543959,NIFTY 500
325.41,-7.4,331.7,322.8,18-Aug-2026 16:00:29,322.8,N,-2.24,3210436486.2,EQ,TMPV,9865820,NIFTY 500
5505.34,-127.5,5571.5,5442.5,18-Aug-2026 16:00:29,5442.5,N,-2.29,1944271379.74,EQ,PERSISTENT,353161,NIFTY 500
1230.69,-29.6,1249.3,1222,18-Aug-2026 16:00:29,1219,N,-2.36,148757192.37,EQ,KAJARIACER,120873,NIFTY 500
149.39,-3.74,153.95,149.59,18-Aug-2026 16:00:29,145,N,-2.44,3455275819.09,EQ,SAMMAANCAP,23129231,NIFTY 500
9176.02,-231,9349.5,9139,18-Aug-2026 16:00:29,9049,N,-2.47,2352850816.26,EQ,POLYCAB,256413,NIFTY 500
48.14,-1.22,48.95,47.78,18-Aug-2026 16:00:29,47.47,N,-2.49,3000000218.02,EQ,SUZLON,62318243,NIFTY 500
36776.19,-935,37495,36425,18-Aug-2026 16:00:29,36425,N,-2.50,1701487206.54,EQ,PAGEIND,46266,NIFTY 500
428.17,-10.95,434.15,425,18-Aug-2026 16:00:29,423.5,N,-2.51,3176527291.82,EQ,BHEL,7418846,NIFTY 500
711.47,-18.45,727.95,705,18-Aug-2026 16:00:29,705,N,-2.55,32324216.51,EQ,SPLPETRO,45433,NIFTY 500
193.54,-5.11,198.25,193.58,18-Aug-2026 16:00:29,190.86,N,-2.57,11052479296.54,EQ,GROWW,57106951,NIFTY 500
500.84,-13.25,509.95,496.9,18-Aug-2026 16:00:29,492.1,N,-2.60,100809576.04,EQ,ZYDUSWELL,201281,NIFTY 500
3684.47,-98,3759,3662,18-Aug-2026 16:00:29,3656,N,-2.61,707893536.63,EQ,TATAELXSI,192129,NIFTY 500
582.2,-15.9,601.9,582,18-Aug-2026 16:00:29,579,N,-2.66,770346663,EQ,TRITURBINE,1323165,NIFTY 500
1176.01,-32.1,1205,1170.6,18-Aug-2026 16:00:29,1161.3,N,-2.67,1203279319.88,EQ,NAM-INDIA,1023188,NIFTY 500
1608.16,-45,1634,1596,18-Aug-2026 16:00:29,1595,N,-2.74,168094532.16,EQ,BHARTIHEXA,104526,NIFTY 500
2011.59,-56.6,2055.2,1997.4,18-Aug-2026 16:00:29,1990.1,N,-2.76,1382264068.5,EQ,GODREJPROP,687150,NIFTY 500
600.98,-17,614.3,597,18-Aug-2026 16:00:29,594.5,N,-2.77,1250945879.8,EQ,PGEL,2081510,NIFTY 500
4625.39,-137.8,4684,4562.2,18-Aug-2026 16:00:29,4562.2,N,-2.93,1196537513.71,EQ,LTM,258689,NIFTY 500
40.78,-1.28,41.91,40.48,18-Aug-2026 16:00:29,40.25,N,-3.07,347444498.94,EQ,NSLNISP,8519973,NIFTY 500
2458.4,-78,2504.4,2432,18-Aug-2026 16:00:29,2432,N,-3.11,1240803648,EQ,MPHASIS,504720,NIFTY 500
1914.98,-61,1958.9,1903,18-Aug-2026 16:00:29,1901.7,N,-3.11,1382270863.6,EQ,COLPAL,721820,NIFTY 500
1228.58,-42.9,1260,1211.1,18-Aug-2026 16:00:29,1211.1,N,-3.42,1900761918.18,EQ,LODHA,1547121,NIFTY 500
314.15,-11.35,322.45,309.05,18-Aug-2026 16:00:29,308,N,-3.54,394677640.25,EQ,SONATSOFTW,1256335,NIFTY 500
1274.94,-49.3,1319,1263.5,18-Aug-2026 16:00:29,1259,N,-3.76,454391165.88,EQ,TORNTPOWER,356402,NIFTY 500
1903.22,-73,1960.7,1858,18-Aug-2026 16:00:29,1858,N,-3.78,3126204430.14,EQ,OBEROIRLTY,1642587,NIFTY 500
75.71,-3.18,78.19,74.95,18-Aug-2026 16:00:29,74.69,N,-4.07,1377833040.75,EQ,INOXWIND,18198825,NIFTY 500
622.79,-26.75,643.15,615,18-Aug-2026 16:00:29,613.9,N,-4.17,1724963260.65,EQ,SBICARD,2769735,NIFTY 500
19876.32,-894,20453,19690,18-Aug-2026 16:00:29,19549,N,-4.34,1287190483.2,EQ,PTCIL,64760,NIFTY 500
903.08,82.05,947.9,940,18-Aug-2026 16:00:29,860.05,N,9.56,4911826833.76,EQ,JYOTICNC,5438972,NIFTY MIDSML 400
2933.23,217.6,2989,2959,18-Aug-2026 16:00:29,2755.8,N,7.94,12284381906.15,EQ,TIINDIA,4188005,NIFTY MIDSML 400
2797.68,201.1,2919,2904,18-Aug-2026 16:00:29,2691.1,N,7.44,1336846208.88,EQ,GLAXO,477841,NIFTY MIDSML 400
283.88,19.25,289,285.65,18-Aug-2026 16:00:29,264,N,7.23,791954513.88,EQ,PFOCUS,2789751,NIFTY MIDSML 400
732.95,45.9,749,744.2,18-Aug-2026 16:00:29,696,N,6.57,3980455752.35,EQ,HEG,5430733,NIFTY MIDSML 400
1349.45,83.8,1378,1371,18-Aug-2026 16:00:29,1303.1,N,6.51,4180416623.15,EQ,AEGISLOG,3097867,NIFTY MIDSML 400
1970.16,120.5,2012.4,1985,18-Aug-2026 16:00:29,1855.2,N,6.46,5403547981.2,EQ,ZENTEC,2742695,NIFTY MIDSML 400
1169.85,70.3,1188,1184,18-Aug-2026 16:00:29,1117,N,6.31,1982347090.35,EQ,ACE,1694531,NIFTY MIDSML 400
3318.97,192.8,3399.8,3391,18-Aug-2026 16:00:29,3189.9,N,6.03,1405152328.9,EQ,ACUTAAS,423370,NIFTY MIDSML 400
179.23,9.3,182.9,177.45,18-Aug-2026 16:00:29,167.8,N,5.53,9626242741.63,EQ,WELSPUNLIV,53708881,NIFTY MIDSML 400
1262.31,66.8,1279.9,1279,18-Aug-2026 16:00:29,1212.2,N,5.51,1521271634.19,EQ,SCHNEIDER,1205149,NIFTY MIDSML 400
228.3,10.97,230.47,230.47,18-Aug-2026 16:00:29,218.01,N,5.00,8159273971.2,EQ,HFCL,35739264,NIFTY MIDSML 400
1000.18,45.85,1018,1005,18-Aug-2026 16:00:29,957.55,N,4.78,444414980.3,EQ,TECHNOE,444335,NIFTY MIDSML 400
4667.96,211.3,4750,4740,18-Aug-2026 16:00:29,4525,N,4.67,6468098090.52,EQ,DATAPATTNS,1385637,NIFTY MIDSML 400
16830.86,726,17295,17250,18-Aug-2026 16:00:29,16199,N,4.39,5697246110,EQ,APARINDS,338500,NIFTY MIDSML 400
10809.71,420,10960,10900,18-Aug-2026 16:00:29,10490.5,N,4.01,628919737.51,EQ,CRAFTSMAN,58181,NIFTY MIDSML 400
1566.29,58,1598,1573,18-Aug-2026 16:00:29,1524,N,3.83,766185211.88,EQ,CONCORDBIO,489172,NIFTY MIDSML 400
323.49,11.9,329.9,327.35,18-Aug-2026 16:00:29,317.35,N,3.77,1511862864,EQ,PCBL,4673600,NIFTY MIDSML 400
3016.72,106.9,3058,3040,18-Aug-2026 16:00:29,2916,N,3.64,9616054437.92,EQ,MCX,3187586,NIFTY MIDSML 400
292.21,10.2,297.45,296.6,18-Aug-2026 16:00:29,284.1,N,3.56,800552249.87,EQ,SCI,2739647,NIFTY MIDSML 400
503.43,-10.95,510.6,500.55,18-Aug-2026 16:00:29,496.4,N,-2.14,1150366245.51,EQ,JUBLFOOD,2285057,NIFTY MIDSML 400
1565.43,-33.9,1599,1546.3,18-Aug-2026 16:00:29,1546.3,N,-2.15,6023964057.03,EQ,PAYTM,3848121,NIFTY MIDSML 400
18292.25,-405,18726,18200,18-Aug-2026 16:00:29,18081,N,-2.18,1412893390,EQ,FORCEMOT,77240,NIFTY MIDSML 400
4224.21,-95,4306,4195,18-Aug-2026 16:00:29,4190,N,-2.21,2165118835.5,EQ,GVT&D,512550,NIFTY MIDSML 400
468.15,-10.55,477.6,465.15,18-Aug-2026 16:00:29,463.75,N,-2.22,722804405.85,EQ,EXIDEIND,1543959,NIFTY MIDSML 400
5505.34,-127.5,5571.5,5442.5,18-Aug-2026 16:00:29,5442.5,N,-2.29,1944271379.74,EQ,PERSISTENT,353161,NIFTY MIDSML 400
1230.69,-29.6,1249.3,1222,18-Aug-2026 16:00:29,1219,N,-2.36,148757192.37,EQ,KAJARIACER,120873,NIFTY MIDSML 400
149.39,-3.74,153.95,149.59,18-Aug-2026 16:00:29,145,N,-2.44,3455275819.09,EQ,SAMMAANCAP,23129231,NIFTY MIDSML 400
9176.02,-231,9349.5,9139,18-Aug-2026 16:00:29,9049,N,-2.47,2352850816.26,EQ,POLYCAB,256413,NIFTY MIDSML 400
48.14,-1.22,48.95,47.78,18-Aug-2026 16:00:29,47.47,N,-2.49,3000000218.02,EQ,SUZLON,62318243,NIFTY MIDSML 400
36776.19,-935,37495,36425,18-Aug-2026 16:00:29,36425,N,-2.50,1701487206.54,EQ,PAGEIND,46266,NIFTY MIDSML 400
428.17,-10.95,434.15,425,18-Aug-2026 16:00:29,423.5,N,-2.51,3176527291.82,EQ,BHEL,7418846,NIFTY MIDSML 400
711.47,-18.45,727.95,705,18-Aug-2026 16:00:29,705,N,-2.55,32324216.51,EQ,SPLPETRO,45433,NIFTY MIDSML 400
193.54,-5.11,198.25,193.58,18-Aug-2026 16:00:29,190.86,N,-2.57,11052479296.54,EQ,GROWW,57106951,NIFTY MIDSML 400
500.84,-13.25,509.95,496.9,18-Aug-2026 16:00:29,492.1,N,-2.60,100809576.04,EQ,ZYDUSWELL,201281,NIFTY MIDSML 400
3684.47,-98,3759,3662,18-Aug-2026 16:00:29,3656,N,-2.61,707893536.63,EQ,TATAELXSI,192129,NIFTY MIDSML 400
582.2,-15.9,601.9,582,18-Aug-2026 16:00:29,579,N,-2.66,770346663,EQ,TRITURBINE,1323165,NIFTY MIDSML 400
1176.01,-32.1,1205,1170.6,18-Aug-2026 16:00:29,1161.3,N,-2.67,1203279319.88,EQ,NAM-INDIA,1023188,NIFTY MIDSML 400
1608.16,-45,1634,1596,18-Aug-2026 16:00:29,1595,N,-2.74,168094532.16,EQ,BHARTIHEXA,104526,NIFTY MIDSML 400
2011.59,-56.6,2055.2,1997.4,18-Aug-2026 16:00:29,1990.1,N,-2.76,1382264068.5,EQ,GODREJPROP,687150,NIFTY MIDSML 400
600.98,-17,614.3,597,18-Aug-2026 16:00:29,594.5,N,-2.77,1250945879.8,EQ,PGEL,2081510,NIFTY MIDSML 400
40.78,-1.28,41.91,40.48,18-Aug-2026 16:00:29,40.25,N,-3.07,347444498.94,EQ,NSLNISP,8519973,NIFTY MIDSML 400
2458.4,-78,2504.4,2432,18-Aug-2026 16:00:29,2432,N,-3.11,1240803648,EQ,MPHASIS,504720,NIFTY MIDSML 400
1914.98,-61,1958.9,1903,18-Aug-2026 16:00:29,1901.7,N,-3.11,1382270863.6,EQ,COLPAL,721820,NIFTY MIDSML 400
314.15,-11.35,322.45,309.05,18-Aug-2026 16:00:29,308,N,-3.54,394677640.25,EQ,SONATSOFTW,1256335,NIFTY MIDSML 400
1274.94,-49.3,1319,1263.5,18-Aug-2026 16:00:29,1259,N,-3.76,454391165.88,EQ,TORNTPOWER,356402,NIFTY MIDSML 400
1903.22,-73,1960.7,1858,18-Aug-2026 16:00:29,1858,N,-3.78,3126204430.14,EQ,OBEROIRLTY,1642587,NIFTY MIDSML 400
75.71,-3.18,78.19,74.95,18-Aug-2026 16:00:29,74.69,N,-4.07,1377833040.75,EQ,INOXWIND,18198825,NIFTY MIDSML 400
622.79,-26.75,643.15,615,18-Aug-2026 16:00:29,613.9,N,-4.17,1724963260.65,EQ,SBICARD,2769735,NIFTY MIDSML 400
19876.32,-894,20453,19690,18-Aug-2026 16:00:29,19549,N,-4.34,1287190483.2,EQ,PTCIL,64760,NIFTY MIDSML 400
442.65,47.2,462,435.9,18-Aug-2026 16:00:29,387.05,N,12.14,11162558688.45,EQ,ICIL,25217573,NIFTY TOTAL MKT
1479.28,138.8,1527.3,1527.3,18-Aug-2026 16:00:29,1384.7,N,10.00,7995829403.76,EQ,PARAS,5405217,NIFTY TOTAL MKT
903.08,82.05,947.9,940,18-Aug-2026 16:00:29,860.05,N,9.56,4911826833.76,EQ,JYOTICNC,5438972,NIFTY TOTAL MKT
2140.07,175.6,2258,2235,18-Aug-2026 16:00:29,2055.9,N,8.53,2431442670.57,EQ,AVALON,1136151,NIFTY TOTAL MKT
2933.23,217.6,2989,2959,18-Aug-2026 16:00:29,2755.8,N,7.94,12284381906.15,EQ,TIINDIA,4188005,NIFTY TOTAL MKT
684.9,48.8,709,702,18-Aug-2026 16:00:29,655,N,7.47,867395714.4,EQ,MSTCLTD,1266456,NIFTY TOTAL MKT
2797.68,201.1,2919,2904,18-Aug-2026 16:00:29,2691.1,N,7.44,1336846208.88,EQ,GLAXO,477841,NIFTY TOTAL MKT
283.88,19.25,289,285.65,18-Aug-2026 16:00:29,264,N,7.23,791954513.88,EQ,PFOCUS,2789751,NIFTY TOTAL MKT
732.95,45.9,749,744.2,18-Aug-2026 16:00:29,696,N,6.57,3980455752.35,EQ,HEG,5430733,NIFTY TOTAL MKT
1349.45,83.8,1378,1371,18-Aug-2026 16:00:29,1303.1,N,6.51,4180416623.15,EQ,AEGISLOG,3097867,NIFTY TOTAL MKT
1970.16,120.5,2012.4,1985,18-Aug-2026 16:00:29,1855.2,N,6.46,5403547981.2,EQ,ZENTEC,2742695,NIFTY TOTAL MKT
1169.85,70.3,1188,1184,18-Aug-2026 16:00:29,1117,N,6.31,1982347090.35,EQ,ACE,1694531,NIFTY TOTAL MKT
1143.8,65.5,1164.3,1136.4,18-Aug-2026 16:00:29,1070.9,N,6.12,2348938562.6,EQ,INDIAGLYCO,2053627,NIFTY TOTAL MKT
3318.97,192.8,3399.8,3391,18-Aug-2026 16:00:29,3189.9,N,6.03,1405152328.9,EQ,ACUTAAS,423370,NIFTY TOTAL MKT
130.51,7.37,134.79,132,18-Aug-2026 16:00:29,124.01,N,5.91,825582507.18,EQ,WAKEFIT,6325818,NIFTY TOTAL MKT
272.33,15.67,285.7,282.99,18-Aug-2026 16:00:29,257.21,N,5.86,18768245585.7,EQ,CUPID,68917290,NIFTY TOTAL MKT
11623.95,634,11950,11757,18-Aug-2026 16:00:29,11112,N,5.70,392192073,EQ,DYNAMATECH,33740,NIFTY TOTAL MKT
179.23,9.3,182.9,177.45,18-Aug-2026 16:00:29,167.8,N,5.53,9626242741.63,EQ,WELSPUNLIV,53708881,NIFTY TOTAL MKT
1262.31,66.8,1279.9,1279,18-Aug-2026 16:00:29,1212.2,N,5.51,1521271634.19,EQ,SCHNEIDER,1205149,NIFTY TOTAL MKT
537.68,27.85,549.7,541.2,18-Aug-2026 16:00:29,508,N,5.43,2176267327.52,EQ,BALUFORGE,4047514,NIFTY TOTAL MKT
1176.01,-32.1,1205,1170.6,18-Aug-2026 16:00:29,1161.3,N,-2.67,1203279319.88,EQ,NAM-INDIA,1023188,NIFTY TOTAL MKT
1608.16,-45,1634,1596,18-Aug-2026 16:00:29,1595,N,-2.74,168094532.16,EQ,BHARTIHEXA,104526,NIFTY TOTAL MKT
8.17,-0.23,8.33,8.12,18-Aug-2026 16:00:29,8.09,N,-2.75,138976079.12,EQ,RTNPOWER,17010536,NIFTY TOTAL MKT
2011.59,-56.6,2055.2,1997.4,18-Aug-2026 16:00:29,1990.1,N,-2.76,1382264068.5,EQ,GODREJPROP,687150,NIFTY TOTAL MKT
600.98,-17,614.3,597,18-Aug-2026 16:00:29,594.5,N,-2.77,1250945879.8,EQ,PGEL,2081510,NIFTY TOTAL MKT
2125,-61.5,2168.8,2102,18-Aug-2026 16:00:29,2094.5,N,-2.84,53048500,EQ,GRINDWELL,24964,NIFTY TOTAL MKT
121.8,-3.58,124.05,120.78,18-Aug-2026 16:00:29,120.1,N,-2.88,45921645,EQ,TARC,377025,NIFTY TOTAL MKT
343.05,-10,350.75,333.9,18-Aug-2026 16:00:29,333.35,N,-2.91,320878678.5,EQ,QUESS,935370,NIFTY TOTAL MKT
4625.39,-137.8,4684,4562.2,18-Aug-2026 16:00:29,4562.2,N,-2.93,1196537513.71,EQ,LTM,258689,NIFTY TOTAL MKT
665.34,-20.3,683.35,660,18-Aug-2026 16:00:29,658,N,-2.98,116081204.46,EQ,JUSTDIAL,174469,NIFTY TOTAL MKT
68,-2.11,70.79,67.85,18-Aug-2026 16:00:29,66.47,N,-3.02,102848844,EQ,JAIBALAJI,1512483,NIFTY TOTAL MKT
338.87,-10.45,350,333.5,18-Aug-2026 16:00:29,332.5,N,-3.04,294250309.36,EQ,VGUARD,868328,NIFTY TOTAL MKT
40.78,-1.28,41.91,40.48,18-Aug-2026 16:00:29,40.25,N,-3.07,347444498.94,EQ,NSLNISP,8519973,NIFTY TOTAL MKT
2458.4,-78,2504.4,2432,18-Aug-2026 16:00:29,2432,N,-3.11,1240803648,EQ,MPHASIS,504720,NIFTY TOTAL MKT
1914.98,-61,1958.9,1903,18-Aug-2026 16:00:29,1901.7,N,-3.11,1382270863.6,EQ,COLPAL,721820,NIFTY TOTAL MKT
176.22,-5.58,181.09,174.08,18-Aug-2026 16:00:29,173.31,N,-3.11,131582416.68,EQ,LXCHEM,746694,NIFTY TOTAL MKT
131.6,-4.2,135.22,130.4,18-Aug-2026 16:00:29,129.8,N,-3.12,90968105.2,EQ,KNRCON,691247,NIFTY TOTAL MKT
1228.58,-42.9,1260,1211.1,18-Aug-2026 16:00:29,1211.1,N,-3.42,1900761918.18,EQ,LODHA,1547121,NIFTY TOTAL MKT
314.15,-11.35,322.45,309.05,18-Aug-2026 16:00:29,308,N,-3.54,394677640.25,EQ,SONATSOFTW,1256335,NIFTY TOTAL MKT
1274.94,-49.3,1319,1263.5,18-Aug-2026 16:00:29,1259,N,-3.76,454391165.88,EQ,TORNTPOWER,356402,NIFTY TOTAL MKT
1903.22,-73,1960.7,1858,18-Aug-2026 16:00:29,1858,N,-3.78,3126204430.14,EQ,OBEROIRLTY,1642587,NIFTY TOTAL MKT
958.23,-38.1,984.8,949,18-Aug-2026 16:00:29,944.1,N,-3.86,231903158.76,EQ,STAR,242012,NIFTY TOTAL MKT
180.89,-7.2,186.75,175.9,18-Aug-2026 16:00:29,175.5,N,-3.93,4103357419.41,EQ,VIKRAMSOLR,22684269,NIFTY TOTAL MKT
75.71,-3.18,78.19,74.95,18-Aug-2026 16:00:29,74.69,N,-4.07,1377833040.75,EQ,INOXWIND,18198825,NIFTY TOTAL MKT
622.79,-26.75,643.15,615,18-Aug-2026 16:00:29,613.9,N,-4.17,1724963260.65,EQ,SBICARD,2769735,NIFTY TOTAL MKT
19876.32,-894,20453,19690,18-Aug-2026 16:00:29,19549,N,-4.34,1287190483.2,EQ,PTCIL,64760,NIFTY TOTAL MKT
534.04,-28.15,555.2,524.15,18-Aug-2026 16:00:29,522.6,N,-5.10,495993388.28,EQ,ARVIND,928757,NIFTY TOTAL MKT
260.98,-14.85,271.8,257.95,18-Aug-2026 16:00:29,255.6,N,-5.44,736066426.12,EQ,MOIL,2820394,NIFTY TOTAL MKT
1757.16,-100.8,1811,1711,18-Aug-2026 16:00:29,1702,N,-5.56,181983789.72,EQ,MASTEK,103567,NIFTY TOTAL MKT
725.06,-83.85,782.4,710,18-Aug-2026 16:00:29,702.5,N,-10.56,395828380.5,EQ,AHLUCONT,545925,NIFTY TOTAL MKT
2933.23,217.6,2989,2959,18-Aug-2026 16:00:29,2755.8,N,7.94,12284381906.15,EQ,TIINDIA,4188005,NIFTY AUTO
48230.6,1760,48940,48730,18-Aug-2026 16:00:29,46775,N,3.75,4528419264.6,EQ,BOSCHLTD,93891,NIFTY AUTO
818.15,18.9,827.35,824,18-Aug-2026 16:00:29,806,N,2.35,2343912207.95,EQ,SONACOMS,2864893,NIFTY AUTO
169.92,2.34,170.9,170.4,18-Aug-2026 16:00:29,168.1,N,1.39,2157318593.28,EQ,MOTHERSON,12696084,NIFTY AUTO
3421.63,31.1,3435,3421.5,18-Aug-2026 16:00:29,3390.2,N,0.92,4693326692.32,EQ,M&M,1371664,NIFTY AUTO
2086.51,5.9,2098.9,2098.9,18-Aug-2026 16:00:29,2064,N,0.28,1609898953.25,EQ,BHARATFORG,771575,NIFTY AUTO
1273.15,3.1,1281.2,1273,18-Aug-2026 16:00:29,1263,N,0.24,576304079,EQ,UNOMINDA,452660,NIFTY AUTO
5729.98,0.5,5778,5745.5,18-Aug-2026 16:00:29,5694.5,N,0.01,2784420751.22,EQ,HEROMOTOCO,485939,NIFTY AUTO
8072.48,-31.5,8107,8018.5,18-Aug-2026 16:00:29,8016.5,N,-0.39,2119026000,EQ,EICHERMOT,262500,NIFTY AUTO
176.27,-0.75,177.59,176.35,18-Aug-2026 16:00:29,174.5,N,-0.42,2504611263.96,EQ,ASHOKLEY,14208948,NIFTY AUTO
11674.12,-56,11768,11607,18-Aug-2026 16:00:29,11581,N,-0.48,2776292521.92,EQ,BAJAJ-AUTO,237816,NIFTY AUTO
13788.11,-69,13890,13691,18-Aug-2026 16:00:29,13691,N,-0.50,3687395621.63,EQ,MARUTI,267433,NIFTY AUTO
4366.96,-29.1,4407.1,4356.8,18-Aug-2026 16:00:29,4341.2,N,-0.66,1942816834.4,EQ,TVSMOTOR,444890,NIFTY AUTO
468.15,-10.55,477.6,465.15,18-Aug-2026 16:00:29,463.75,N,-2.22,722804405.85,EQ,EXIDEIND,1543959,NIFTY AUTO
325.41,-7.4,331.7,322.8,18-Aug-2026 16:00:29,322.8,N,-2.24,3210436486.2,EQ,TMPV,9865820,NIFTY AUTO
439.52,5.45,443.3,439.3,18-Aug-2026 16:00:29,434.6,N,1.26,1773064115.84,EQ,VBL,4034092,NIFTY FMCG
4684.91,39.5,4732.9,4732.9,18-Aug-2026 16:00:29,4625.5,N,0.84,1938545484.35,EQ,RADICO,413785,NIFTY FMCG
929.63,3,936.4,931,18-Aug-2026 16:00:29,920,N,0.32,1350740304.81,EQ,GODREJCP,1452987,NIFTY FMCG
5526.18,-26,5561,5495,18-Aug-2026 16:00:29,5490,N,-0.47,1555177575.6,EQ,BRITANNIA,281420,NIFTY FMCG
1467.72,-7.5,1479.8,1462.5,18-Aug-2026 16:00:29,1453,N,-0.51,2664228827.52,EQ,NESTLEIND,1815216,NIFTY FMCG
350.81,-2.25,353.9,351.65,18-Aug-2026 16:00:29,345.8,N,-0.64,1364805256.4,EQ,PATANJALI,3890440,NIFTY FMCG
1365.3,-9.9,1381.2,1358,18-Aug-2026 16:00:29,1349.1,N,-0.72,84150265.5,EQ,UBL,61635,NIFTY FMCG
403.78,-3.3,406.8,403.5,18-Aug-2026 16:00:29,402.1,N,-0.81,748509193.9,EQ,DABUR,1853755,NIFTY FMCG
2041.15,-20,2060,2035,18-Aug-2026 16:00:29,2034.9,N,-0.97,2519995625.4,EQ,HINDUNILVR,1234596,NIFTY FMCG
1068.06,-11,1079.1,1061.6,18-Aug-2026 16:00:29,1061.6,N,-1.03,1003896295.5,EQ,TATACONSUM,939925,NIFTY FMCG
271.01,-3.05,273.65,270,18-Aug-2026 16:00:29,269.15,N,-1.12,3946331627.72,EQ,ITC,14561572,NIFTY FMCG
847.6,-10.5,855.6,841.55,18-Aug-2026 16:00:29,841.55,N,-1.23,455625684.8,EQ,MARICO,537548,NIFTY FMCG
400.58,-6,404.25,398.5,18-Aug-2026 16:00:29,397.5,N,-1.48,144290117.74,EQ,EMAMILTD,360203,NIFTY FMCG
1531.77,-24.1,1550,1520.9,18-Aug-2026 16:00:29,1520,N,-1.56,503474417.76,EQ,UNITDSPR,328688,NIFTY FMCG
1914.98,-61,1958.9,1903,18-Aug-2026 16:00:29,1901.7,N,-3.11,1382270863.6,EQ,COLPAL,721820,NIFTY FMCG
1587.26,-18,1608,1592,18-Aug-2026 16:00:29,1579.9,N,-1.12,3023560463.18,EQ,TECHM,1904893,NIFTY IT
11748.18,-166,11840,11623,18-Aug-2026 16:00:29,11614,N,-1.41,1309875077.28,EQ,OFSS,111496,NIFTY IT
2288.7,-33.2,2307,2280,18-Aug-2026 16:00:29,2280,N,-1.44,4114675211.4,EQ,TCS,1797822,NIFTY IT
1773.86,-33,1795,1773,18-Aug-2026 16:00:29,1762.2,N,-1.83,2789478221.42,EQ,COFORGE,1572547,NIFTY IT
1300.63,-27,1320,1298,18-Aug-2026 16:00:29,1292.5,N,-2.04,3976012903.7,EQ,HCLTECH,3056990,NIFTY IT
179.38,-3.84,181.99,178.06,18-Aug-2026 16:00:29,178.06,N,-2.11,1269065246.78,EQ,WIPRO,7074731,NIFTY IT
1116.78,-24.9,1131.9,1115,18-Aug-2026 16:00:29,1112.5,N,-2.18,9884742625.8,EQ,INFY,8851110,NIFTY IT
5505.34,-127.5,5571.5,5442.5,18-Aug-2026 16:00:29,5442.5,N,-2.29,1944271379.74,EQ,PERSISTENT,353161,NIFTY IT
4625.39,-137.8,4684,4562.2,18-Aug-2026 16:00:29,4562.2,N,-2.93,1196537513.71,EQ,LTM,258689,NIFTY IT
2458.4,-78,2504.4,2432,18-Aug-2026 16:00:29,2432,N,-3.11,1240803648,EQ,MPHASIS,504720,NIFTY IT
283.88,19.25,289,285.65,18-Aug-2026 16:00:29,264,N,7.23,791954513.88,EQ,PFOCUS,2789751,NIFTY MEDIA
353.89,4.15,356.65,354.25,18-Aug-2026 16:00:29,348.75,N,1.19,455594093.21,EQ,NAZARA,1287389,NIFTY MEDIA
1207.39,13,1228.8,1205,18-Aug-2026 16:00:29,1188.5,N,1.09,559342735.74,EQ,PVRINOX,463266,NIFTY MEDIA
105.26,0.13,106.95,105,18-Aug-2026 16:00:29,103.5,N,0.12,2585618534.38,EQ,ZEEL,24564113,NIFTY MEDIA
483.61,-0.55,486.95,482.7,18-Aug-2026 16:00:29,482.15,N,-0.11,78483132.46,EQ,SUNTV,162286,NIFTY MEDIA
654.55,-0.75,662.4,655.5,18-Aug-2026 16:00:29,650,N,-0.11,127781251,EQ,TIPSMUSIC,195220,NIFTY MEDIA
10.54,-0.08,10.61,10.51,18-Aug-2026 16:00:29,10.5,N,-0.76,8696691.02,EQ,HATHWAY,825113,NIFTY MEDIA
210.72,-2.63,212.98,209.5,18-Aug-2026 16:00:29,209.37,N,-1.24,11322617.76,EQ,DBCORP,53733,NIFTY MEDIA
28.58,-0.53,29,28.42,18-Aug-2026 16:00:29,28.34,N,-1.83,78651902.78,EQ,NETWORK18,2751991,NIFTY MEDIA
515.86,-10.4,524.8,513,18-Aug-2026 16:00:29,512,N,-1.99,171610630.34,EQ,SAREGAMA,332669,NIFTY MEDIA
1909.16,42,1934.9,1924,18-Aug-2026 16:00:29,1882,N,2.23,1360454051.88,EQ,WELCORP,712593,NIFTY METAL
2104.23,33.7,2122,2115,18-Aug-2026 16:00:29,2075.1,N,1.62,880376164.32,EQ,APLAPOLLO,418384,NIFTY METAL
388.57,0.45,390.85,388,18-Aug-2026 16:00:29,385.8,N,0.12,1097481382.27,EQ,NATIONALUM,2824411,NIFTY METAL
3023.6,-4.8,3036,3002.5,18-Aug-2026 16:00:29,3002.5,N,-0.16,2183002916.8,EQ,ADANIENT,721988,NIFTY METAL
1929.85,-4,1943.9,1938,18-Aug-2026 16:00:29,1909,N,-0.21,671315691.15,EQ,LLOYDSME,347859,NIFTY METAL
185.31,-0.5,187.11,185.5,18-Aug-2026 16:00:29,184.33,N,-0.27,2481938551.71,EQ,TATASTEEL,13393441,NIFTY METAL
1042.61,-8.3,1050.6,1041.6,18-Aug-2026 16:00:29,1038,N,-0.79,2632991654.85,EQ,HINDALCO,2525385,NIFTY METAL
1274.49,-10.2,1285.8,1267.6,18-Aug-2026 16:00:29,1265,N,-0.80,916379976.33,EQ,JSWSTEEL,719017,NIFTY METAL
567.27,-6.15,576.7,566.5,18-Aug-2026 16:00:29,555.55,N,-1.07,8793582421.14,EQ,HINDCOPPER,15501582,NIFTY METAL
1108.13,-14.6,1119.7,1101.5,18-Aug-2026 16:00:29,1100,N,-1.31,622740248.62,EQ,JINDALSTEL,561974,NIFTY METAL
742.46,-11.2,756,732.8,18-Aug-2026 16:00:29,728.2,N,-1.51,488808935.44,EQ,JSL,658364,NIFTY METAL
84.12,-1.31,85.41,84.19,18-Aug-2026 16:00:29,83.1,N,-1.53,1546968903,EQ,NMDC,18390025,NIFTY METAL
562.76,-9.5,569.1,558,18-Aug-2026 16:00:29,558,N,-1.67,1270037893.52,EQ,HINDZINC,2256802,NIFTY METAL
171.62,-3.4,174.67,170.2,18-Aug-2026 16:00:29,169.86,N,-1.96,1897009907.76,EQ,SAIL,11053548,NIFTY METAL
266.3,-5.7,270.5,264,18-Aug-2026 16:00:29,264,N,-2.11,2602319017.9,EQ,VEDL,9772133,NIFTY METAL
208.63,5.67,211.6,210.4,18-Aug-2026 16:00:29,200.1,N,2.77,1113657343.02,EQ,PPLPHARMA,5337954,NIFTY PHARMA
1446.29,27,1473,1443.4,18-Aug-2026 16:00:29,1423.5,N,1.91,651964391.36,EQ,SAILIFE,450784,NIFTY PHARMA
5471.61,101,5510,5475,18-Aug-2026 16:00:29,5374,N,1.88,695047675.08,EQ,ALKEM,127028,NIFTY PHARMA
4977.74,71,5009,4971,18-Aug-2026 16:00:29,4876,N,1.45,2123369485.02,EQ,TORNTPHARM,426573,NIFTY PHARMA
418.7,5.5,421.6,417.5,18-Aug-2026 16:00:29,412.2,N,1.33,1126734261,EQ,BIOCON,2691030,NIFTY PHARMA
8581.62,106.5,8630,8588,18-Aug-2026 16:00:29,8504,N,1.26,3468373284.06,EQ,DIVISLAB,404163,NIFTY PHARMA
1638.1,17.8,1645.9,1645,18-Aug-2026 16:00:29,1626.3,N,1.09,940205514.1,EQ,AUROPHARMA,573961,NIFTY PHARMA
1817.71,4.3,1824.6,1814,18-Aug-2026 16:00:29,1802.1,N,0.24,2348324996.94,EQ,LAURUSLABS,1291914,NIFTY PHARMA
1433.13,-0.4,1437.6,1431.1,18-Aug-2026 16:00:29,1428.4,N,-0.03,844681089.48,EQ,CIPLA,589396,NIFTY PHARMA
2375.14,-0.9,2395,2380,18-Aug-2026 16:00:29,2363.3,N,-0.04,869581506.52,EQ,MANKIND,366118,NIFTY PHARMA
3742.77,-8.2,3796,3710,18-Aug-2026 16:00:29,3694,N,-0.22,544348468.8,EQ,AJANTPHARM,145440,NIFTY PHARMA
1891.83,-6.6,1919,1878,18-Aug-2026 16:00:29,1862.3,N,-0.35,1522037773.56,EQ,IPCALAB,804532,NIFTY PHARMA
1880.48,-6.9,1899,1875.1,18-Aug-2026 16:00:29,1868.3,N,-0.37,3420910921.12,EQ,SUNPHARMA,1819169,NIFTY PHARMA
2315.19,-24,2332.9,2305,18-Aug-2026 16:00:29,2305,N,-1.03,878732679.69,EQ,GLENMARK,379551,NIFTY PHARMA
1184.21,-13.2,1189.3,1178.8,18-Aug-2026 16:00:29,1176.1,N,-1.11,954038654.93,EQ,DRREDDY,805633,NIFTY PHARMA
2229.84,-27,2255,2232,18-Aug-2026 16:00:29,2220.5,N,-1.20,1548231428.16,EQ,LUPIN,694324,NIFTY PHARMA
1126.63,-15.9,1144.1,1115.6,18-Aug-2026 16:00:29,1115.6,N,-1.41,912720141.79,EQ,ZYDUSLIFE,810133,NIFTY PHARMA
26616.35,-385,26900,26520,18-Aug-2026 16:00:29,26510,N,-1.43,120013122.15,EQ,ABBOTINDIA,4509,NIFTY PHARMA
2880.33,-55.2,2925,2855,18-Aug-2026 16:00:29,2850,N,-1.90,1407490536.48,EQ,GLAND,488656,NIFTY PHARMA
1867.84,-39.8,1900.4,1859,18-Aug-2026 16:00:29,1855.1,N,-2.10,890134094.72,EQ,WOCKPHARMA,476558,NIFTY PHARMA
31.09,-0.2,31.36,31.07,18-Aug-2026 16:00:29,31,N,-0.64,116968103.78,EQ,CENTRALBK,3762242,NIFTY PSU BANK
880.04,-6.2,887,875,18-Aug-2026 16:00:29,874,N,-0.70,411192529.72,EQ,INDIANB,467243,NIFTY PSU BANK
117.06,-0.82,117.99,116.5,18-Aug-2026 16:00:29,116.5,N,-0.70,919696756.62,EQ,PNB,7856627,NIFTY PSU BANK
1056.82,-8.2,1067.7,1053,18-Aug-2026 16:00:29,1053,N,-0.77,5901040868.22,EQ,SBIN,5583771,NIFTY PSU BANK
80.95,-0.69,82.13,80.41,18-Aug-2026 16:00:29,80.21,N,-0.85,680014484.7,EQ,MAHABANK,8400426,NIFTY PSU BANK
25.96,-0.26,26.13,25.85,18-Aug-2026 16:00:29,25.85,N,-1.00,38609399.4,EQ,UCOBANK,1487265,NIFTY PSU BANK
245.14,-2.55,247.28,244,18-Aug-2026 16:00:29,243.9,N,-1.03,863337974.24,EQ,BANKBARODA,3521816,NIFTY PSU BANK
142.89,-1.65,144.42,142.1,18-Aug-2026 16:00:29,142.1,N,-1.15,340387699.74,EQ,BANKINDIA,2382166,NIFTY PSU BANK
33.39,-0.46,33.76,33.2,18-Aug-2026 16:00:29,33.16,N,-1.37,69773380.11,EQ,IOB,2089649,NIFTY PSU BANK
129.65,-2,131,129.1,18-Aug-2026 16:00:29,129.1,N,-1.53,858636425.9,EQ,CANBK,6622726,NIFTY PSU BANK
186.86,-3.4,190.58,185.5,18-Aug-2026 16:00:29,185.5,N,-1.80,1248975416.62,EQ,UNIONBANK,6684017,NIFTY PSU BANK
23.34,-0.48,23.8,23.2,18-Aug-2026 16:00:29,23.11,N,-2.03,27199502.4,EQ,PSB,1165360,NIFTY PSU BANK
1240.4,15.7,1250.5,1243,18-Aug-2026 16:00:29,1223.4,N,1.28,6282250158.8,EQ,AXISBANK,5064697,NIFTY PVT BANK
355.71,3.7,358.6,357.8,18-Aug-2026 16:00:29,352.5,N,1.04,1006075935.6,EQ,FEDERALBNK,2828360,NIFTY PVT BANK
1014.06,4.4,1019.5,1015,18-Aug-2026 16:00:29,1007,N,0.44,546941373.48,EQ,INDUSINDBK,539358,NIFTY PVT BANK
381.11,1.5,384.9,383,18-Aug-2026 16:00:29,376.4,N,0.39,888210773.79,EQ,RBLBANK,2330589,NIFTY PVT BANK
1410.78,-3.3,1416.6,1412,18-Aug-2026 16:00:29,1406.3,N,-0.23,11773238434.44,EQ,ICICIBANK,8345198,NIFTY PVT BANK
84.92,-0.29,85.47,84.76,18-Aug-2026 16:00:29,84.6,N,-0.34,747816814.36,EQ,IDFCFIRSTB,8806133,NIFTY PVT BANK
724.69,-6,729,723,18-Aug-2026 16:00:29,723,N,-0.82,12983913457.83,EQ,HDFCBANK,17916507,NIFTY PVT BANK
390.41,-5.05,392.9,387.65,18-Aug-2026 16:00:29,387.65,N,-1.29,2207045120.27,EQ,KOTAKBANK,5653147,NIFTY PVT BANK
171.52,-2.75,174,170.5,18-Aug-2026 16:00:29,170.21,N,-1.59,780201256.96,EQ,BANDHANBNK,4548748,NIFTY PVT BANK
22.6,-0.46,22.97,22.46,18-Aug-2026 16:00:29,22.45,N,-2.01,1125869443.2,EQ,YESBANK,49817232,NIFTY PVT BANK
1924.42,10.2,1940,1940,18-Aug-2026 16:00:29,1905.1,N,0.53,878486183.48,EQ,PHOENIXLTD,456494,NIFTY REALTY
628.22,-0.65,633,626.9,18-Aug-2026 16:00:29,621.95,N,-0.10,703137747.88,EQ,ANANTRAJ,1119254,NIFTY REALTY
1590.44,-1.9,1612.6,1590,18-Aug-2026 16:00:29,1563.1,N,-0.12,1084164777.44,EQ,PRESTIGE,681676,NIFTY REALTY
670.96,-5.25,682.5,665.75,18-Aug-2026 16:00:29,658.25,N,-0.78,4092825135.84,EQ,DLF,6099954,NIFTY REALTY
1387.2,-11.4,1401.6,1390.7,18-Aug-2026 16:00:29,1378.7,N,-0.81,124716216,EQ,ABREL,89905,NIFTY REALTY
1315.56,-11.5,1329.9,1309.5,18-Aug-2026 16:00:29,1301.5,N,-0.87,56140207.44,EQ,SOBHA,42674,NIFTY REALTY
591.26,-5.7,600,588,18-Aug-2026 16:00:29,585,N,-0.96,211941285.82,EQ,BRIGADE,358457,NIFTY REALTY
2011.59,-56.6,2055.2,1997.4,18-Aug-2026 16:00:29,1990.1,N,-2.76,1382264068.5,EQ,GODREJPROP,687150,NIFTY REALTY
1228.58,-42.9,1260,1211.1,18-Aug-2026 16:00:29,1211.1,N,-3.42,1900761918.18,EQ,LODHA,1547121,NIFTY REALTY
1903.22,-73,1960.7,1858,18-Aug-2026 16:00:29,1858,N,-3.78,3126204430.14,EQ,OBEROIRLTY,1642587,NIFTY REALTY
208.63,5.67,211.6,210.4,18-Aug-2026 16:00:29,200.1,N,2.77,1113657343.02,EQ,PPLPHARMA,5337954,NIFTY HEALTHCARE
5471.61,101,5510,5475,18-Aug-2026 16:00:29,5374,N,1.88,695047675.08,EQ,ALKEM,127028,NIFTY HEALTHCARE
4977.74,71,5009,4971,18-Aug-2026 16:00:29,4876,N,1.45,2123369485.02,EQ,TORNTPHARM,426573,NIFTY HEALTHCARE
418.7,5.5,421.6,417.5,18-Aug-2026 16:00:29,412.2,N,1.33,1126734261,EQ,BIOCON,2691030,NIFTY HEALTHCARE
8581.62,106.5,8630,8588,18-Aug-2026 16:00:29,8504,N,1.26,3468373284.06,EQ,DIVISLAB,404163,NIFTY HEALTHCARE
1638.1,17.8,1645.9,1645,18-Aug-2026 16:00:29,1626.3,N,1.09,940205514.1,EQ,AUROPHARMA,573961,NIFTY HEALTHCARE
1005.88,10.7,1017,1014.4,18-Aug-2026 16:00:29,982.1,N,1.07,2232155349.16,EQ,MAXHEALTH,2219107,NIFTY HEALTHCARE
913.58,7.95,918.25,916.7,18-Aug-2026 16:00:29,905.35,N,0.87,1012452195.5,EQ,FORTIS,1108225,NIFTY HEALTHCARE
1817.71,4.3,1824.6,1814,18-Aug-2026 16:00:29,1802.1,N,0.24,2348324996.94,EQ,LAURUSLABS,1291914,NIFTY HEALTHCARE
406.16,0.5,408.9,403.5,18-Aug-2026 16:00:29,402.3,N,0.12,136096498.96,EQ,SYNGENE,335081,NIFTY HEALTHCARE
1433.13,-0.4,1437.6,1431.1,18-Aug-2026 16:00:29,1428.4,N,-0.03,844681089.48,EQ,CIPLA,589396,NIFTY HEALTHCARE
2375.14,-0.9,2395,2380,18-Aug-2026 16:00:29,2363.3,N,-0.04,869581506.52,EQ,MANKIND,366118,NIFTY HEALTHCARE
8841.7,-8.5,8907,8817,18-Aug-2026 16:00:29,8786.5,N,-0.10,4199780974.9,EQ,APOLLOHOSP,474997,NIFTY HEALTHCARE
1891.83,-6.6,1919,1878,18-Aug-2026 16:00:29,1862.3,N,-0.35,1522037773.56,EQ,IPCALAB,804532,NIFTY HEALTHCARE
1880.48,-6.9,1899,1875.1,18-Aug-2026 16:00:29,1868.3,N,-0.37,3420910921.12,EQ,SUNPHARMA,1819169,NIFTY HEALTHCARE
2315.19,-24,2332.9,2305,18-Aug-2026 16:00:29,2305,N,-1.03,878732679.69,EQ,GLENMARK,379551,NIFTY HEALTHCARE
1184.21,-13.2,1189.3,1178.8,18-Aug-2026 16:00:29,1176.1,N,-1.11,954038654.93,EQ,DRREDDY,805633,NIFTY HEALTHCARE
2229.84,-27,2255,2232,18-Aug-2026 16:00:29,2220.5,N,-1.20,1548231428.16,EQ,LUPIN,694324,NIFTY HEALTHCARE
1126.63,-15.9,1144.1,1115.6,18-Aug-2026 16:00:29,1115.6,N,-1.41,912720141.79,EQ,ZYDUSLIFE,810133,NIFTY HEALTHCARE
26616.35,-385,26900,26520,18-Aug-2026 16:00:29,26510,N,-1.43,120013122.15,EQ,ABBOTINDIA,4509,NIFTY HEALTHCARE
7319.1,91,7408,7350,18-Aug-2026 16:00:29,7252,N,1.25,4231720642.5,EQ,AMBER,578175,NIFTY CONSR DURBL
14209.27,125,14420,14150,18-Aug-2026 16:00:29,14066,N,0.89,5504898546.32,EQ,DIXON,387416,NIFTY CONSR DURBL
1295.27,0.7,1311.8,1299.7,18-Aug-2026 16:00:29,1286.1,N,0.05,1322763401.02,EQ,HAVELLS,1021226,NIFTY CONSR DURBL
5056.71,-19.9,5094.9,5048.6,18-Aug-2026 16:00:29,5042.5,N,-0.39,1794489847.83,EQ,TITAN,354873,NIFTY CONSR DURBL
244.02,-1.7,245.75,244.8,18-Aug-2026 16:00:29,242.95,N,-0.69,318557129.1,EQ,CROMPTON,1305455,NIFTY CONSR DURBL
753.16,-7.1,758,751,18-Aug-2026 16:00:29,747.8,N,-0.94,446297008.56,EQ,BATAINDIA,592566,NIFTY CONSR DURBL
772.01,-7.65,785.15,769.7,18-Aug-2026 16:00:29,765.15,N,-0.98,122021584.57,EQ,WHIRLPOOL,158057,NIFTY CONSR DURBL
1501.9,-15.1,1535.4,1493,18-Aug-2026 16:00:29,1490,N,-1.00,866360501.7,EQ,BLUESTARCO,576843,NIFTY CONSR DURBL
1255.48,-14.1,1272,1252.9,18-Aug-2026 16:00:29,1247,N,-1.11,1249855449.6,EQ,VOLTAS,995520,NIFTY CONSR DURBL
1659.18,-22.6,1675,1645,18-Aug-2026 16:00:29,1640.1,N,-1.36,1347871374.96,EQ,LGEINDIA,812372,NIFTY CONSR DURBL
605.38,-8.4,612.4,601.6,18-Aug-2026 16:00:29,601.2,N,-1.38,3686197564.32,EQ,KALYANKJIL,6089064,NIFTY CONSR DURBL
1230.69,-29.6,1249.3,1222,18-Aug-2026 16:00:29,1219,N,-2.36,148757192.37,EQ,KAJARIACER,120873,NIFTY CONSR DURBL
600.98,-17,614.3,597,18-Aug-2026 16:00:29,594.5,N,-2.77,1250945879.8,EQ,PGEL,2081510,NIFTY CONSR DURBL
1349.45,83.8,1378,1371,18-Aug-2026 16:00:29,1303.1,N,6.51,4180416623.15,EQ,AEGISLOG,3097867,NIFTY OIL AND GAS
275.2,4.5,280,274,18-Aug-2026 16:00:29,267.1,N,1.67,243123788.8,EQ,AEGISVOPAK,883444,NIFTY OIL AND GAS
285.35,4.45,286.95,286.25,18-Aug-2026 16:00:29,281.8,N,1.58,836960655.7,EQ,PETRONET,2933102,NIFTY OIL AND GAS
1426.95,20.4,1454.5,1402.8,18-Aug-2026 16:00:29,1384.9,N,1.48,5115540121.65,EQ,CHENNPETRO,3584947,NIFTY OIL AND GAS
482.88,5.85,487.2,480.5,18-Aug-2026 16:00:29,478.7,N,1.23,2414808999.36,EQ,OIL,5000847,NIFTY OIL AND GAS
172.6,1.4,173.55,173.5,18-Aug-2026 16:00:29,171.62,N,0.81,1049386425,EQ,GAIL,6079875,NIFTY OIL AND GAS
1322.76,6,1328.6,1322,18-Aug-2026 16:00:29,1311.2,N,0.46,13466446804.92,EQ,RELIANCE,10180567,NIFTY OIL AND GAS
239.77,1.01,241.3,239.5,18-Aug-2026 16:00:29,238.02,N,0.42,3573437370.85,EQ,ONGC,14903605,NIFTY OIL AND GAS
1109.76,2.8,1118.4,1113.9,18-Aug-2026 16:00:29,1100,N,0.25,307743106.56,EQ,MGL,277306,NIFTY OIL AND GAS
649.84,0.65,655,647.55,18-Aug-2026 16:00:29,645.8,N,0.10,223212891.76,EQ,ATGL,343489,NIFTY OIL AND GAS
187.11,-1,187.9,186.55,18-Aug-2026 16:00:29,186.1,N,-0.53,206570749.77,EQ,CASTROLIND,1104007,NIFTY OIL AND GAS
138.46,-0.81,139.2,137.8,18-Aug-2026 16:00:29,137.75,N,-0.58,1150994441.8,EQ,IOC,8312830,NIFTY OIL AND GAS
150.27,-1.5,151.58,149.5,18-Aug-2026 16:00:29,149.1,N,-0.99,113497428.3,EQ,IGL,755290,NIFTY OIL AND GAS
369.37,-5,373.75,366,18-Aug-2026 16:00:29,365.95,N,-1.35,1965318409.47,EQ,HINDPETRO,5320731,NIFTY OIL AND GAS
314.47,-6.35,317.15,310.3,18-Aug-2026 16:00:29,310.3,N,-2.01,1660234616.43,EQ,BPCL,5279469,NIFTY OIL AND GAS
2797.68,201.1,2919,2904,18-Aug-2026 16:00:29,2691.1,N,7.44,1336846208.88,EQ,GLAXO,477841,NIFTY MIDSML HLTH
3318.97,192.8,3399.8,3391,18-Aug-2026 16:00:29,3189.9,N,6.03,1405152328.9,EQ,ACUTAAS,423370,NIFTY MIDSML HLTH
1772.12,52.3,1788.4,1785.9,18-Aug-2026 16:00:29,1722.7,N,3.02,398507257.12,EQ,POLYMED,224876,NIFTY MIDSML HLTH
208.63,5.67,211.6,210.4,18-Aug-2026 16:00:29,200.1,N,2.77,1113657343.02,EQ,PPLPHARMA,5337954,NIFTY MIDSML HLTH
1427.51,31.8,1447,1446.9,18-Aug-2026 16:00:29,1410.9,N,2.25,441311861.48,EQ,MEDANTA,309148,NIFTY MIDSML HLTH
458.49,9.85,466.9,454.6,18-Aug-2026 16:00:29,444.75,N,2.21,691316723.88,EQ,COHANCE,1507812,NIFTY MIDSML HLTH
1446.29,27,1473,1443.4,18-Aug-2026 16:00:29,1423.5,N,1.91,651964391.36,EQ,SAILIFE,450784,NIFTY MIDSML HLTH
5471.61,101,5510,5475,18-Aug-2026 16:00:29,5374,N,1.88,695047675.08,EQ,ALKEM,127028,NIFTY MIDSML HLTH
418.7,5.5,421.6,417.5,18-Aug-2026 16:00:29,412.2,N,1.33,1126734261,EQ,BIOCON,2691030,NIFTY MIDSML HLTH
895.75,10.2,901,900,18-Aug-2026 16:00:29,890,N,1.15,251825780.5,EQ,NATCOPHARM,281134,NIFTY MIDSML HLTH
1638.1,17.8,1645.9,1645,18-Aug-2026 16:00:29,1626.3,N,1.09,940205514.1,EQ,AUROPHARMA,573961,NIFTY MIDSML HLTH
1896.5,16.7,1912,1894,18-Aug-2026 16:00:29,1874,N,0.89,401375260,EQ,LALPATHLAB,211640,NIFTY MIDSML HLTH
913.58,7.95,918.25,916.7,18-Aug-2026 16:00:29,905.35,N,0.87,1012452195.5,EQ,FORTIS,1108225,NIFTY MIDSML HLTH
802.66,4.15,808.9,804.55,18-Aug-2026 16:00:29,800,N,0.52,174666039.94,EQ,KIMS,217609,NIFTY MIDSML HLTH
1817.71,4.3,1824.6,1814,18-Aug-2026 16:00:29,1802.1,N,0.24,2348324996.94,EQ,LAURUSLABS,1291914,NIFTY MIDSML HLTH
406.16,0.5,408.9,403.5,18-Aug-2026 16:00:29,402.3,N,0.12,136096498.96,EQ,SYNGENE,335081,NIFTY MIDSML HLTH
819.58,0.25,828.8,820,18-Aug-2026 16:00:29,815.95,N,0.03,496420425.58,EQ,ASTERDM,605701,NIFTY MIDSML HLTH
2375.14,-0.9,2395,2380,18-Aug-2026 16:00:29,2363.3,N,-0.04,869581506.52,EQ,MANKIND,366118,NIFTY MIDSML HLTH
4779.35,-4.3,4825,4824.8,18-Aug-2026 16:00:29,4751.2,N,-0.09,364788668.1,EQ,PFIZER,76326,NIFTY MIDSML HLTH
3742.77,-8.2,3796,3710,18-Aug-2026 16:00:29,3694,N,-0.22,544348468.8,EQ,AJANTPHARM,145440,NIFTY MIDSML HLTH
1891.83,-6.6,1919,1878,18-Aug-2026 16:00:29,1862.3,N,-0.35,1522037773.56,EQ,IPCALAB,804532,NIFTY MIDSML HLTH
2315.19,-24,2332.9,2305,18-Aug-2026 16:00:29,2305,N,-1.03,878732679.69,EQ,GLENMARK,379551,NIFTY MIDSML HLTH
853.78,-9.5,868.5,852.05,18-Aug-2026 16:00:29,848.45,N,-1.10,347578106.9,EQ,GRANULES,407105,NIFTY MIDSML HLTH
23490.41,-262,23881,23399,18-Aug-2026 16:00:29,23264,N,-1.11,1300476078.42,EQ,NEULANDLAB,55362,NIFTY MIDSML HLTH
1548.11,-18.4,1570.2,1539.8,18-Aug-2026 16:00:29,1531.2,N,-1.18,358427715.86,EQ,ONESOURCE,231526,NIFTY MIDSML HLTH
2229.84,-27,2255,2232,18-Aug-2026 16:00:29,2220.5,N,-1.20,1548231428.16,EQ,LUPIN,694324,NIFTY MIDSML HLTH
1810.34,-25.5,1834.9,1803,18-Aug-2026 16:00:29,1799.1,N,-1.39,422039133.18,EQ,NH,233127,NIFTY MIDSML HLTH
26616.35,-385,26900,26520,18-Aug-2026 16:00:29,26510,N,-1.43,120013122.15,EQ,ABBOTINDIA,4509,NIFTY MIDSML HLTH
2880.33,-55.2,2925,2855,18-Aug-2026 16:00:29,2850,N,-1.90,1407490536.48,EQ,GLAND,488656,NIFTY MIDSML HLTH
1867.84,-39.8,1900.4,1859,18-Aug-2026 16:00:29,1855.1,N,-2.10,890134094.72,EQ,WOCKPHARMA,476558,NIFTY MIDSML HLTH
3016.72,106.9,3058,3040,18-Aug-2026 16:00:29,2916,N,3.64,9616054437.92,EQ,MCX,3187586,NIFTY FINSEREXBNK
320.11,10.1,325.8,325.1,18-Aug-2026 16:00:29,307.55,N,3.21,3254090049.07,EQ,LTF,10165537,NIFTY FINSEREXBNK
1754.4,18.9,1767.5,1747,18-Aug-2026 16:00:29,1721.1,N,1.09,2223012520.8,EQ,POLICYBZR,1267107,NIFTY FINSEREXBNK
398.5,3.3,402.8,402,18-Aug-2026 16:00:29,393.8,N,0.83,1719348175,EQ,ABCAPITAL,4314550,NIFTY FINSEREXBNK
1574.75,12.8,1587.9,1584.5,18-Aug-2026 16:00:29,1547,N,0.81,1661038426.25,EQ,MFSL,1054795,NIFTY FINSEREXBNK
1094.84,5,1100,1094.3,18-Aug-2026 16:00:29,1087.6,N,0.46,3694009867.12,EQ,BAJFINANCE,3374018,NIFTY FINSEREXBNK
2010.19,6.2,2018.8,2011.2,18-Aug-2026 16:00:29,1998,N,0.31,830682874.84,EQ,BAJAJFINSV,413236,NIFTY FINSEREXBNK
2900.18,5.6,2929.1,2894.1,18-Aug-2026 16:00:29,2875,N,0.19,1448439797.58,EQ,MUTHOOTFIN,499431,NIFTY FINSEREXBNK
498.83,0.55,501.8,498.8,18-Aug-2026 16:00:29,495.9,N,0.11,924899658.54,EQ,LICHSGFIN,1854138,NIFTY FINSEREXBNK
2513.32,2,2536.9,2525,18-Aug-2026 16:00:29,2491.3,N,0.08,1689086759.28,EQ,HDFCAMC,672054,NIFTY FINSEREXBNK
374.8,0.05,376.55,374.45,18-Aug-2026 16:00:29,373.6,N,0.01,2786231716.8,EQ,PFC,7433916,NIFTY FINSEREXBNK
410.62,0,413.95,410,18-Aug-2026 16:00:29,407,N,0.00,2206865692.64,EQ,LICI,5374472,NIFTY FINSEREXBNK
1624.18,-2.5,1637.5,1623.8,18-Aug-2026 16:00:29,1615.2,N,-0.15,1016418340.72,EQ,ICICIGI,625804,NIFTY FINSEREXBNK
1143.54,-5,1153.9,1145.8,18-Aug-2026 16:00:29,1128.9,N,-0.43,845120658.06,EQ,PNBHOUSING,739039,NIFTY FINSEREXBNK
340.34,-1.5,341.85,338.5,18-Aug-2026 16:00:29,338.5,N,-0.44,2033877285.44,EQ,RECLTD,5976016,NIFTY FINSEREXBNK
287.97,-1.75,293.4,291.75,18-Aug-2026 16:00:29,281.6,N,-0.60,2090873282.01,EQ,ANGELONE,7260733,NIFTY FINSEREXBNK
1782.16,-12.4,1796.5,1778,18-Aug-2026 16:00:29,1762.5,N,-0.69,1041603015.76,EQ,SBILIFE,584461,NIFTY FINSEREXBNK
3281.33,-24,3315.4,3308,18-Aug-2026 16:00:29,3235,N,-0.72,19054427366.26,EQ,BSE,5806922,NIFTY FINSEREXBNK
1170.42,-9.4,1185,1163.6,18-Aug-2026 16:00:29,1154,N,-0.80,800152951.32,EQ,360ONE,683646,NIFTY FINSEREXBNK
540.27,-4.75,542.9,538.25,18-Aug-2026 16:00:29,537.55,N,-0.87,686981399.04,EQ,HDFCLIFE,1271552,NIFTY FINSEREXBNK
1877.36,-16.7,1889.7,1868,18-Aug-2026 16:00:29,1866.6,N,-0.89,982428120.08,EQ,CHOLAFIN,523303,NIFTY FINSEREXBNK
86.43,-0.94,87.56,86.11,18-Aug-2026 16:00:29,86.05,N,-1.08,484681030.41,EQ,IRFC,5607787,NIFTY FINSEREXBNK
11294.84,-125,11435,11254,18-Aug-2026 16:00:29,11211,N,-1.10,243618403.96,EQ,BAJAJHLDNG,21569,NIFTY FINSEREXBNK
1343.9,-16.2,1361.5,1340.6,18-Aug-2026 16:00:29,1336,N,-1.19,1020611416,EQ,CDSL,759440,NIFTY FINSEREXBNK
1110.42,-13.6,1124.9,1108.4,18-Aug-2026 16:00:29,1098.6,N,-1.21,2967857288.28,EQ,SHRIRAMFIN,2672734,NIFTY FINSEREXBNK
246.6,-3.95,248.9,245.8,18-Aug-2026 16:00:29,245.8,N,-1.58,2278265639.4,EQ,JIOFIN,9238709,NIFTY FINSEREXBNK
505.37,-8.8,510.6,498.2,18-Aug-2026 16:00:29,498.2,N,-1.74,800742087.79,EQ,ICICIPRULI,1584467,NIFTY FINSEREXBNK
761.37,-14.25,773.9,762,18-Aug-2026 16:00:29,757.55,N,-1.84,967023650.7,EQ,CAMS,1270110,NIFTY FINSEREXBNK
1565.43,-33.9,1599,1546.3,18-Aug-2026 16:00:29,1546.3,N,-2.15,6023964057.03,EQ,PAYTM,3848121,NIFTY FINSEREXBNK
622.79,-26.75,643.15,615,18-Aug-2026 16:00:29,613.9,N,-4.17,1724963260.65,EQ,SBICARD,2769735,NIFTY FINSEREXBNK
3016.72,106.9,3058,3040,18-Aug-2026 16:00:29,2916,N,3.64,9616054437.92,EQ,MCX,3187586,NIFTY MS FIN SERV
320.11,10.1,325.8,325.1,18-Aug-2026 16:00:29,307.55,N,3.21,3254090049.07,EQ,LTF,10165537,NIFTY MS FIN SERV
1754.4,18.9,1767.5,1747,18-Aug-2026 16:00:29,1721.1,N,1.09,2223012520.8,EQ,POLICYBZR,1267107,NIFTY MS FIN SERV
355.71,3.7,358.6,357.8,18-Aug-2026 16:00:29,352.5,N,1.04,1006075935.6,EQ,FEDERALBNK,2828360,NIFTY MS FIN SERV
398.5,3.3,402.8,402,18-Aug-2026 16:00:29,393.8,N,0.83,1719348175,EQ,ABCAPITAL,4314550,NIFTY MS FIN SERV
1574.75,12.8,1587.9,1584.5,18-Aug-2026 16:00:29,1547,N,0.81,1661038426.25,EQ,MFSL,1054795,NIFTY MS FIN SERV
1014.06,4.4,1019.5,1015,18-Aug-2026 16:00:29,1007,N,0.44,546941373.48,EQ,INDUSINDBK,539358,NIFTY MS FIN SERV
381.11,1.5,384.9,383,18-Aug-2026 16:00:29,376.4,N,0.39,888210773.79,EQ,RBLBANK,2330589,NIFTY MS FIN SERV
1073.92,3.5,1079.6,1075.7,18-Aug-2026 16:00:29,1064.5,N,0.33,483791294.72,EQ,AUBANK,450491,NIFTY MS FIN SERV
498.83,0.55,501.8,498.8,18-Aug-2026 16:00:29,495.9,N,0.11,924899658.54,EQ,LICHSGFIN,1854138,NIFTY MS FIN SERV
410.62,0,413.95,410,18-Aug-2026 16:00:29,407,N,0.00,2206865692.64,EQ,LICI,5374472,NIFTY MS FIN SERV
1624.18,-2.5,1637.5,1623.8,18-Aug-2026 16:00:29,1615.2,N,-0.15,1016418340.72,EQ,ICICIGI,625804,NIFTY MS FIN SERV
84.92,-0.29,85.47,84.76,18-Aug-2026 16:00:29,84.6,N,-0.34,747816814.36,EQ,IDFCFIRSTB,8806133,NIFTY MS FIN SERV
1143.54,-5,1153.9,1145.8,18-Aug-2026 16:00:29,1128.9,N,-0.43,845120658.06,EQ,PNBHOUSING,739039,NIFTY MS FIN SERV
345.84,-2,351.95,346.6,18-Aug-2026 16:00:29,342.75,N,-0.57,876458161.92,EQ,MANAPPURAM,2534288,NIFTY MS FIN SERV
287.97,-1.75,293.4,291.75,18-Aug-2026 16:00:29,281.6,N,-0.60,2090873282.01,EQ,ANGELONE,7260733,NIFTY MS FIN SERV
880.04,-6.2,887,875,18-Aug-2026 16:00:29,874,N,-0.70,411192529.72,EQ,INDIANB,467243,NIFTY MS FIN SERV
3281.33,-24,3315.4,3308,18-Aug-2026 16:00:29,3235,N,-0.72,19054427366.26,EQ,BSE,5806922,NIFTY MS FIN SERV
124.43,-0.9,125.49,124.4,18-Aug-2026 16:00:29,123.75,N,-0.72,246136351.73,EQ,IEX,1978111,NIFTY MS FIN SERV
1170.42,-9.4,1185,1163.6,18-Aug-2026 16:00:29,1154,N,-0.80,800152951.32,EQ,360ONE,683646,NIFTY MS FIN SERV
187.29,-1.66,189.4,187.35,18-Aug-2026 16:00:29,186.4,N,-0.88,212465709.09,EQ,HUDCO,1134421,NIFTY MS FIN SERV
142.89,-1.65,144.42,142.1,18-Aug-2026 16:00:29,142.1,N,-1.15,340387699.74,EQ,BANKINDIA,2382166,NIFTY MS FIN SERV
1343.9,-16.2,1361.5,1340.6,18-Aug-2026 16:00:29,1336,N,-1.19,1020611416,EQ,CDSL,759440,NIFTY MS FIN SERV
955.16,-15.4,979,957.6,18-Aug-2026 16:00:29,946,N,-1.58,1240554166.72,EQ,KFINTECH,1298792,NIFTY MS FIN SERV
171.52,-2.75,174,170.5,18-Aug-2026 16:00:29,170.21,N,-1.59,780201256.96,EQ,BANDHANBNK,4548748,NIFTY MS FIN SERV
505.37,-8.8,510.6,498.2,18-Aug-2026 16:00:29,498.2,N,-1.74,800742087.79,EQ,ICICIPRULI,1584467,NIFTY MS FIN SERV
761.37,-14.25,773.9,762,18-Aug-2026 16:00:29,757.55,N,-1.84,967023650.7,EQ,CAMS,1270110,NIFTY MS FIN SERV
22.6,-0.46,22.97,22.46,18-Aug-2026 16:00:29,22.45,N,-2.01,1125869443.2,EQ,YESBANK,49817232,NIFTY MS FIN SERV
1565.43,-33.9,1599,1546.3,18-Aug-2026 16:00:29,1546.3,N,-2.15,6023964057.03,EQ,PAYTM,3848121,NIFTY MS FIN SERV
622.79,-26.75,643.15,615,18-Aug-2026 16:00:29,613.9,N,-4.17,1724963260.65,EQ,SBICARD,2769735,NIFTY MS FIN SERV
228.3,10.97,230.47,230.47,18-Aug-2026 16:00:29,218.01,N,5.00,8159273971.2,EQ,HFCL,35739264,NIFTY MS IT TELCM
13.9,0.41,14.31,14.12,18-Aug-2026 16:00:29,13.5,N,2.99,11409080621.3,EQ,IDEA,820797167,NIFTY MS IT TELCM
1707.87,6.9,1717,1710.8,18-Aug-2026 16:00:29,1692.8,N,0.40,213068737.59,EQ,AFFLE,124757,NIFTY MS IT TELCM
42.24,-0.15,42.77,42.25,18-Aug-2026 16:00:29,41.92,N,-0.35,491880491.52,EQ,SAGILITY,11644898,NIFTY MS IT TELCM
694.2,-2.65,702.6,692.8,18-Aug-2026 16:00:29,685.65,N,-0.38,232145339.4,EQ,INTELLECT,334407,NIFTY MS IT TELCM
3531.42,-20.3,3562,3508.2,18-Aug-2026 16:00:29,3495,N,-0.58,166905503.46,EQ,LTTS,47263,NIFTY MS IT TELCM
830.5,-9.65,844.7,832,18-Aug-2026 16:00:29,815.2,N,-1.15,1259351098.5,EQ,TATATECH,1516377,NIFTY MS IT TELCM
856.29,-10.05,869.55,857.95,18-Aug-2026 16:00:29,850.1,N,-1.16,1050304763.04,EQ,CYIENT,1226576,NIFTY MS IT TELCM
1693.16,-21.9,1709.2,1690,18-Aug-2026 16:00:29,1682,N,-1.28,604938977.44,EQ,TATACOMM,357284,NIFTY MS IT TELCM
11748.18,-166,11840,11623,18-Aug-2026 16:00:29,11614,N,-1.41,1309875077.28,EQ,OFSS,111496,NIFTY MS IT TELCM
485.75,-7.25,493.2,483.5,18-Aug-2026 16:00:29,483,N,-1.48,232125352.5,EQ,ZENSARTECH,477870,NIFTY MS IT TELCM
555.48,-9.6,568.75,551.4,18-Aug-2026 16:00:29,550.2,N,-1.71,47113591.68,EQ,HEXT,84816,NIFTY MS IT TELCM
1773.86,-33,1795,1773,18-Aug-2026 16:00:29,1762.2,N,-1.83,2789478221.42,EQ,COFORGE,1572547,NIFTY MS IT TELCM
373.75,-7.6,379.8,372.4,18-Aug-2026 16:00:29,371.5,N,-2.00,1690449946.25,EQ,INDUSTOWER,4522943,NIFTY MS IT TELCM
600.69,-12.35,609.05,596.65,18-Aug-2026 16:00:29,596,N,-2.03,972701521.83,EQ,KPITTECH,1619307,NIFTY MS IT TELCM
5505.34,-127.5,5571.5,5442.5,18-Aug-2026 16:00:29,5442.5,N,-2.29,1944271379.74,EQ,PERSISTENT,353161,NIFTY MS IT TELCM
3684.47,-98,3759,3662,18-Aug-2026 16:00:29,3656,N,-2.61,707893536.63,EQ,TATAELXSI,192129,NIFTY MS IT TELCM
1608.16,-45,1634,1596,18-Aug-2026 16:00:29,1595,N,-2.74,168094532.16,EQ,BHARTIHEXA,104526,NIFTY MS IT TELCM
2458.4,-78,2504.4,2432,18-Aug-2026 16:00:29,2432,N,-3.11,1240803648,EQ,MPHASIS,504720,NIFTY MS IT TELCM
314.15,-11.35,322.45,309.05,18-Aug-2026 16:00:29,308,N,-3.54,394677640.25,EQ,SONATSOFTW,1256335,NIFTY MS IT TELCM
323.49,11.9,329.9,327.35,18-Aug-2026 16:00:29,317.35,N,3.77,1511862864,EQ,PCBL,4673600,NIFTY CHEMICALS
2487.37,43,2545,2515,18-Aug-2026 16:00:29,2458.6,N,1.74,1551865168.26,EQ,PIIND,623898,NIFTY CHEMICALS
20196.9,280,20422,20280,18-Aug-2026 16:00:29,20030,N,1.40,3599148170.7,EQ,SOLARINDS,178203,NIFTY CHEMICALS
8247.8,96.5,8300,8247.5,18-Aug-2026 16:00:29,8151,N,1.18,884634284.6,EQ,NAVINFLUOR,107257,NIFTY CHEMICALS
526.95,5.3,533.8,532,18-Aug-2026 16:00:29,520.85,N,1.01,437590872.9,EQ,AARTIIND,830422,NIFTY CHEMICALS
2629.45,14,2644.7,2630,18-Aug-2026 16:00:29,2603.4,N,0.54,627294739.25,EQ,SRF,238565,NIFTY CHEMICALS
561.62,2.1,566.95,561.9,18-Aug-2026 16:00:29,552,N,0.38,202142201.74,EQ,SUMICHEM,359927,NIFTY CHEMICALS
1665.7,5,1674,1674,18-Aug-2026 16:00:29,1657.3,N,0.30,1091858021.5,EQ,PIDILITIND,655495,NIFTY CHEMICALS
4093.04,8.5,4128,4107.7,18-Aug-2026 16:00:29,4060,N,0.21,92895635.84,EQ,BAYERCROP,22696,NIFTY CHEMICALS
4701.35,-2.3,4775,4705.2,18-Aug-2026 16:00:29,4651,N,-0.05,578656262.05,EQ,FLUOROCHEM,123083,NIFTY CHEMICALS
6796.36,-20.5,6870.5,6711.5,18-Aug-2026 16:00:29,6701.5,N,-0.30,230219898.64,EQ,LINDEINDIA,33874,NIFTY CHEMICALS
305.35,-1,307.35,304.2,18-Aug-2026 16:00:29,303.95,N,-0.33,243698918.95,EQ,SWANCORP,798097,NIFTY CHEMICALS
1774.49,-10.5,1787,1770,18-Aug-2026 16:00:29,1753.5,N,-0.59,407011222.32,EQ,DEEPAKNTR,229368,NIFTY CHEMICALS
434.29,-4.05,438.95,435,18-Aug-2026 16:00:29,433.1,N,-0.92,155195702.95,EQ,CHAMBLFERT,357355,NIFTY CHEMICALS
565.15,-7.05,570.05,560.05,18-Aug-2026 16:00:29,560,N,-1.24,987158808,EQ,UPL,1746720,NIFTY CHEMICALS
778.36,-10.4,789.8,777,18-Aug-2026 16:00:29,768.5,N,-1.32,2571383869.12,EQ,HSCL,3303592,NIFTY CHEMICALS
6647.18,-103,6770.5,6618,18-Aug-2026 16:00:29,6585,N,-1.53,155065415.04,EQ,ATUL,23328,NIFTY CHEMICALS
657,-11.15,667.05,651.75,18-Aug-2026 16:00:29,651,N,-1.68,213838389,EQ,TATACHEM,325477,NIFTY CHEMICALS
2071.92,-37.9,2104.8,2060,18-Aug-2026 16:00:29,2051.2,N,-1.81,121928348.16,EQ,COROMANDEL,58848,NIFTY CHEMICALS
1488.74,-29.4,1522,1473.3,18-Aug-2026 16:00:29,1466.2,N,-1.96,224241462.5,EQ,DEEPAKFERT,150625,NIFTY CHEMICALS
1924.42,10.2,1940,1940,18-Aug-2026 16:00:29,1905.1,N,0.53,878486183.48,EQ,PHOENIXLTD,456494,NIFTY REITS REALTY
115,0.12,116,115.6,18-Aug-2026 16:00:29,112,N,0.10,93997780,RR,KRT,817372,NIFTY REITS REALTY
168.29,-0.01,169.45,168,18-Aug-2026 16:00:29,167.75,N,-0.01,68465925.57,RR,NXST,406833,NIFTY REITS REALTY
440.39,-0.09,441.25,440.2,18-Aug-2026 16:00:29,438.5,N,-0.02,645693212.15,RR,EMBASSY,1466185,NIFTY REITS REALTY
628.22,-0.65,633,626.9,18-Aug-2026 16:00:29,621.95,N,-0.10,703137747.88,EQ,ANANTRAJ,1119254,NIFTY REITS REALTY
1590.44,-1.9,1612.6,1590,18-Aug-2026 16:00:29,1563.1,N,-0.12,1084164777.44,EQ,PRESTIGE,681676,NIFTY REITS REALTY
497.35,-0.64,503.7,496.65,18-Aug-2026 16:00:29,494.96,N,-0.13,148151115.35,RR,MINDSPACE,297881,NIFTY REITS REALTY
670.96,-5.25,682.5,665.75,18-Aug-2026 16:00:29,658.25,N,-0.78,4092825135.84,EQ,DLF,6099954,NIFTY REITS REALTY
1387.2,-11.4,1401.6,1390.7,18-Aug-2026 16:00:29,1378.7,N,-0.81,124716216,EQ,ABREL,89905,NIFTY REITS REALTY
1315.56,-11.5,1329.9,1309.5,18-Aug-2026 16:00:29,1301.5,N,-0.87,56140207.44,EQ,SOBHA,42674,NIFTY REITS REALTY
343.49,-3.22,346.95,341.3,18-Aug-2026 16:00:29,341,N,-0.93,90415155.25,RR,BIRET,263225,NIFTY REITS REALTY
591.26,-5.7,600,588,18-Aug-2026 16:00:29,585,N,-0.96,211941285.82,EQ,BRIGADE,358457,NIFTY REITS REALTY
2011.59,-56.6,2055.2,1997.4,18-Aug-2026 16:00:29,1990.1,N,-2.76,1382264068.5,EQ,GODREJPROP,687150,NIFTY REITS REALTY
1228.58,-42.9,1260,1211.1,18-Aug-2026 16:00:29,1211.1,N,-3.42,1900761918.18,EQ,LODHA,1547121,NIFTY REITS REALTY
1903.22,-73,1960.7,1858,18-Aug-2026 16:00:29,1858,N,-3.78,3126204430.14,EQ,OBEROIRLTY,1642587,NIFTY REITS REALTY
3279.61,28.2,3297.7,3278.7,18-Aug-2026 16:00:29,3250.5,N,0.87,4915672964.99,EQ,GRASIM,1498859,NIFTY CEMENT
24689.47,190,24935,24725,18-Aug-2026 16:00:29,24545,N,0.77,979060932.85,EQ,SHREECEM,39655,NIFTY CEMENT
5368.54,15,5399,5355,18-Aug-2026 16:00:29,5322,N,0.28,113405038.96,EQ,JKCEMENT,21124,NIFTY CEMENT
198.49,-0.07,202.04,198.99,18-Aug-2026 16:00:29,195.75,N,-0.04,74493098.51,EQ,STARCEMENT,375299,NIFTY CEMENT
127.28,-0.2,127.69,127.4,18-Aug-2026 16:00:29,126.76,N,-0.16,60023975.2,EQ,JSWCEMENT,471590,NIFTY CEMENT
1843.54,-6.9,1858.4,1837.1,18-Aug-2026 16:00:29,1831.6,N,-0.37,454725732.86,EQ,DALBHARAT,246659,NIFTY CEMENT
130.95,-0.9,132,130.99,18-Aug-2026 16:00:29,130.12,N,-0.68,13224771.45,EQ,ORIENTCEM,100991,NIFTY CEMENT
412.55,-2.85,416.9,412.4,18-Aug-2026 16:00:29,409.9,N,-0.69,980891669.05,EQ,AMBUJACEM,2377631,NIFTY CEMENT
374.08,-2.65,377.95,373.5,18-Aug-2026 16:00:29,372.05,N,-0.70,27466449.92,EQ,INDIACEM,73424,NIFTY CEMENT
557.47,-4.25,561.9,553,18-Aug-2026 16:00:29,553,N,-0.76,72716386.8,EQ,JKLAKSHMI,130440,NIFTY CEMENT
896.45,-7.8,904.75,894,18-Aug-2026 16:00:29,893,N,-0.86,24400472.55,EQ,BIRLACORPN,27219,NIFTY CEMENT
908.65,-8.35,924.25,914.25,18-Aug-2026 16:00:29,897.15,N,-0.91,211697277,EQ,RAMCOCEM,232980,NIFTY CEMENT
1310.19,-12.1,1319.2,1304.5,18-Aug-2026 16:00:29,1301.1,N,-0.92,152707885.26,EQ,ACC,116554,NIFTY CEMENT
105.18,-1.08,106.19,104.25,18-Aug-2026 16:00:29,104.1,N,-1.03,29365309.38,EQ,PRSMJOHNSN,279191,NIFTY CEMENT
327.54,-4.35,331.45,326.75,18-Aug-2026 16:00:29,325.1,N,-1.31,63519504.66,EQ,NUVOCO,193929,NIFTY CEMENT
11562.75,-182,11674,11499,18-Aug-2026 16:00:29,11499,N,-1.56,2432871976.5,EQ,ULTRACEMCO,210406,NIFTY CEMENT
2487.37,43,2545,2515,18-Aug-2026 16:00:29,2458.6,N,1.74,1551865168.26,EQ,PIIND,623898,NIFTY COMMODITIES
2104.23,33.7,2122,2115,18-Aug-2026 16:00:29,2075.1,N,1.62,880376164.32,EQ,APLAPOLLO,418384,NIFTY COMMODITIES
482.88,5.85,487.2,480.5,18-Aug-2026 16:00:29,478.7,N,1.23,2414808999.36,EQ,OIL,5000847,NIFTY COMMODITIES
206.75,2.02,208.67,205.58,18-Aug-2026 16:00:29,203.57,N,0.99,3965819783,EQ,ADANIPOWER,19181716,NIFTY COMMODITIES
1607.68,13.9,1630,1603,18-Aug-2026 16:00:29,1583.1,N,0.87,3688032389.12,EQ,ADANIENSOL,2294009,NIFTY COMMODITIES
3279.61,28.2,3297.7,3278.7,18-Aug-2026 16:00:29,3250.5,N,0.87,4915672964.99,EQ,GRASIM,1498859,NIFTY COMMODITIES
24689.47,190,24935,24725,18-Aug-2026 16:00:29,24545,N,0.77,979060932.85,EQ,SHREECEM,39655,NIFTY COMMODITIES
2629.45,14,2644.7,2630,18-Aug-2026 16:00:29,2603.4,N,0.54,627294739.25,EQ,SRF,238565,NIFTY COMMODITIES
1322.76,6,1328.6,1322,18-Aug-2026 16:00:29,1311.2,N,0.46,13466446804.92,EQ,RELIANCE,10180567,NIFTY COMMODITIES
239.77,1.01,241.3,239.5,18-Aug-2026 16:00:29,238.02,N,0.42,3573437370.85,EQ,ONGC,14903605,NIFTY COMMODITIES
1665.7,5,1674,1674,18-Aug-2026 16:00:29,1657.3,N,0.30,1091858021.5,EQ,PIDILITIND,655495,NIFTY COMMODITIES
76.54,0.13,76.99,76.73,18-Aug-2026 16:00:29,76.2,N,0.17,408645758.82,EQ,NHPC,5338983,NIFTY COMMODITIES
338.13,0.1,339.3,337.1,18-Aug-2026 16:00:29,333.9,N,0.03,3362361676.83,EQ,NTPC,9943991,NIFTY COMMODITIES
380.53,-0.5,382.05,381,18-Aug-2026 16:00:29,378.4,N,-0.13,1075932973.27,EQ,TATAPOWER,2827459,NIFTY COMMODITIES
185.31,-0.5,187.11,185.5,18-Aug-2026 16:00:29,184.33,N,-0.27,2481938551.71,EQ,TATASTEEL,13393441,NIFTY COMMODITIES
409.54,-1.55,412.7,406.9,18-Aug-2026 16:00:29,406.75,N,-0.38,3011207966.86,EQ,COALINDIA,7352659,NIFTY COMMODITIES
138.46,-0.81,139.2,137.8,18-Aug-2026 16:00:29,137.75,N,-0.58,1150994441.8,EQ,IOC,8312830,NIFTY COMMODITIES
412.55,-2.85,416.9,412.4,18-Aug-2026 16:00:29,409.9,N,-0.69,980891669.05,EQ,AMBUJACEM,2377631,NIFTY COMMODITIES
1042.61,-8.3,1050.6,1041.6,18-Aug-2026 16:00:29,1038,N,-0.79,2632991654.85,EQ,HINDALCO,2525385,NIFTY COMMODITIES
1274.49,-10.2,1285.8,1267.6,18-Aug-2026 16:00:29,1265,N,-0.80,916379976.33,EQ,JSWSTEEL,719017,NIFTY COMMODITIES
565.15,-7.05,570.05,560.05,18-Aug-2026 16:00:29,560,N,-1.24,987158808,EQ,UPL,1746720,NIFTY COMMODITIES
1108.13,-14.6,1119.7,1101.5,18-Aug-2026 16:00:29,1100,N,-1.31,622740248.62,EQ,JINDALSTEL,561974,NIFTY COMMODITIES
550.55,-7.4,556.6,548.1,18-Aug-2026 16:00:29,547.7,N,-1.33,658207850.3,EQ,JSWENERGY,1195546,NIFTY COMMODITIES
369.37,-5,373.75,366,18-Aug-2026 16:00:29,365.95,N,-1.35,1965318409.47,EQ,HINDPETRO,5320731,NIFTY COMMODITIES
1322.65,-19.6,1336.4,1308,18-Aug-2026 16:00:29,1308,N,-1.48,1223795139,EQ,ADANIGREEN,925260,NIFTY COMMODITIES
84.12,-1.31,85.41,84.19,18-Aug-2026 16:00:29,83.1,N,-1.53,1546968903,EQ,NMDC,18390025,NIFTY COMMODITIES
11562.75,-182,11674,11499,18-Aug-2026 16:00:29,11499,N,-1.56,2432871976.5,EQ,ULTRACEMCO,210406,NIFTY COMMODITIES
314.47,-6.35,317.15,310.3,18-Aug-2026 16:00:29,310.3,N,-2.01,1660234616.43,EQ,BPCL,5279469,NIFTY COMMODITIES
266.3,-5.7,270.5,264,18-Aug-2026 16:00:29,264,N,-2.11,2602319017.9,EQ,VEDL,9772133,NIFTY COMMODITIES
1274.94,-49.3,1319,1263.5,18-Aug-2026 16:00:29,1259,N,-3.76,454391165.88,EQ,TORNTPOWER,356402,NIFTY COMMODITIES
439.52,5.45,443.3,439.3,18-Aug-2026 16:00:29,434.6,N,1.26,1773064115.84,EQ,VBL,4034092,NIFTY CONSUMPTION
1005.88,10.7,1017,1014.4,18-Aug-2026 16:00:29,982.1,N,1.07,2232155349.16,EQ,MAXHEALTH,2219107,NIFTY CONSUMPTION
206.75,2.02,208.67,205.58,18-Aug-2026 16:00:29,203.57,N,0.99,3965819783,EQ,ADANIPOWER,19181716,NIFTY CONSUMPTION
3421.63,31.1,3435,3421.5,18-Aug-2026 16:00:29,3390.2,N,0.92,4693326692.32,EQ,M&M,1371664,NIFTY CONSUMPTION
14209.27,125,14420,14150,18-Aug-2026 16:00:29,14066,N,0.89,5504898546.32,EQ,DIXON,387416,NIFTY CONSUMPTION
929.63,3,936.4,931,18-Aug-2026 16:00:29,920,N,0.32,1350740304.81,EQ,GODREJCP,1452987,NIFTY CONSUMPTION
1295.27,0.7,1311.8,1299.7,18-Aug-2026 16:00:29,1286.1,N,0.05,1322763401.02,EQ,HAVELLS,1021226,NIFTY CONSUMPTION
5729.98,0.5,5778,5745.5,18-Aug-2026 16:00:29,5694.5,N,0.01,2784420751.22,EQ,HEROMOTOCO,485939,NIFTY CONSUMPTION
1358.01,-0.9,1368.8,1354.9,18-Aug-2026 16:00:29,1331.1,N,-0.07,2091871813.95,EQ,NAUKRI,1540395,NIFTY CONSUMPTION
8841.7,-8.5,8907,8817,18-Aug-2026 16:00:29,8786.5,N,-0.10,4199780974.9,EQ,APOLLOHOSP,474997,NIFTY CONSUMPTION
380.53,-0.5,382.05,381,18-Aug-2026 16:00:29,378.4,N,-0.13,1075932973.27,EQ,TATAPOWER,2827459,NIFTY CONSUMPTION
2956.69,-3.9,2980.4,2942.1,18-Aug-2026 16:00:29,2932.1,N,-0.13,2123849560.8,EQ,TRENT,718320,NIFTY CONSUMPTION
717.36,-1,721.8,719,18-Aug-2026 16:00:29,712.5,N,-0.14,826101732.96,EQ,INDHOTEL,1151586,NIFTY CONSUMPTION
3990.86,-14,4019.1,3981,18-Aug-2026 16:00:29,3946.7,N,-0.35,1354218523.8,EQ,DMART,339330,NIFTY CONSUMPTION
8072.48,-31.5,8107,8018.5,18-Aug-2026 16:00:29,8016.5,N,-0.39,2119026000,EQ,EICHERMOT,262500,NIFTY CONSUMPTION
5056.71,-19.9,5094.9,5048.6,18-Aug-2026 16:00:29,5042.5,N,-0.39,1794489847.83,EQ,TITAN,354873,NIFTY CONSUMPTION
5526.18,-26,5561,5495,18-Aug-2026 16:00:29,5490,N,-0.47,1555177575.6,EQ,BRITANNIA,281420,NIFTY CONSUMPTION
11674.12,-56,11768,11607,18-Aug-2026 16:00:29,11581,N,-0.48,2776292521.92,EQ,BAJAJ-AUTO,237816,NIFTY CONSUMPTION
13788.11,-69,13890,13691,18-Aug-2026 16:00:29,13691,N,-0.50,3687395621.63,EQ,MARUTI,267433,NIFTY CONSUMPTION
1467.72,-7.5,1479.8,1462.5,18-Aug-2026 16:00:29,1453,N,-0.51,2664228827.52,EQ,NESTLEIND,1815216,NIFTY CONSUMPTION
4366.96,-29.1,4407.1,4356.8,18-Aug-2026 16:00:29,4341.2,N,-0.66,1942816834.4,EQ,TVSMOTOR,444890,NIFTY CONSUMPTION
317.92,-2.1,321.2,315.9,18-Aug-2026 16:00:29,315.55,N,-0.66,5845597265.44,EQ,ETERNAL,18387007,NIFTY CONSUMPTION
670.96,-5.25,682.5,665.75,18-Aug-2026 16:00:29,658.25,N,-0.78,4092825135.84,EQ,DLF,6099954,NIFTY CONSUMPTION
2041.15,-20,2060,2035,18-Aug-2026 16:00:29,2034.9,N,-0.97,2519995625.4,EQ,HINDUNILVR,1234596,NIFTY CONSUMPTION
1068.06,-11,1079.1,1061.6,18-Aug-2026 16:00:29,1061.6,N,-1.03,1003896295.5,EQ,TATACONSUM,939925,NIFTY CONSUMPTION
5213.07,-55.5,5238,5220,18-Aug-2026 16:00:29,5138,N,-1.05,2892096548.46,EQ,INDIGO,554778,NIFTY CONSUMPTION
271.01,-3.05,273.65,270,18-Aug-2026 16:00:29,269.15,N,-1.12,3946331627.72,EQ,ITC,14561572,NIFTY CONSUMPTION
1531.77,-24.1,1550,1520.9,18-Aug-2026 16:00:29,1520,N,-1.56,503474417.76,EQ,UNITDSPR,328688,NIFTY CONSUMPTION
1944.23,-35.1,1959.7,1934.2,18-Aug-2026 16:00:29,1923.2,N,-1.78,13046317963.25,EQ,BHARTIARTL,6710275,NIFTY CONSUMPTION
2638.13,-59.1,2670.1,2628.4,18-Aug-2026 16:00:29,2610.1,N,-2.20,2683036248.86,EQ,ASIANPAINT,1017022,NIFTY CONSUMPTION
1488.47,27.3,1501.6,1485.1,18-Aug-2026 16:00:29,1457,N,1.87,2025652869.12,EQ,COCHINSHIP,1360896,NIFTY CPSE
482.88,5.85,487.2,480.5,18-Aug-2026 16:00:29,478.7,N,1.23,2414808999.36,EQ,OIL,5000847,NIFTY CPSE
267.51,1.85,268.95,268,18-Aug-2026 16:00:29,266.05,N,0.70,1816974199.23,EQ,POWERGRID,6792173,NIFTY CPSE
239.77,1.01,241.3,239.5,18-Aug-2026 16:00:29,238.02,N,0.42,3573437370.85,EQ,ONGC,14903605,NIFTY CPSE
76.54,0.13,76.99,76.73,18-Aug-2026 16:00:29,76.2,N,0.17,408645758.82,EQ,NHPC,5338983,NIFTY CPSE
338.13,0.1,339.3,337.1,18-Aug-2026 16:00:29,333.9,N,0.03,3362361676.83,EQ,NTPC,9943991,NIFTY CPSE
413.09,-0.45,416.35,412,18-Aug-2026 16:00:29,410.95,N,-0.11,3767766626.06,EQ,BEL,9120934,NIFTY CPSE
409.54,-1.55,412.7,406.9,18-Aug-2026 16:00:29,406.75,N,-0.38,3011207966.86,EQ,COALINDIA,7352659,NIFTY CPSE
276.44,-1.05,278.7,276.6,18-Aug-2026 16:00:29,274.3,N,-0.38,239581149.04,EQ,NLCINDIA,866666,NIFTY CPSE
66.4,-0.34,66.85,66.22,18-Aug-2026 16:00:29,66.11,N,-0.51,71007761.6,EQ,SJVN,1069394,NIFTY CPSE
88.36,-1.75,89.93,88,18-Aug-2026 16:00:29,87.7,N,-1.95,593641181.68,EQ,NBCC,6718438,NIFTY CPSE
1349.45,83.8,1378,1371,18-Aug-2026 16:00:29,1303.1,N,6.51,4180416623.15,EQ,AEGISLOG,3097867,NIFTY ENERGY
285.35,4.45,286.95,286.25,18-Aug-2026 16:00:29,281.8,N,1.58,836960655.7,EQ,PETRONET,2933102,NIFTY ENERGY
482.88,5.85,487.2,480.5,18-Aug-2026 16:00:29,478.7,N,1.23,2414808999.36,EQ,OIL,5000847,NIFTY ENERGY
206.75,2.02,208.67,205.58,18-Aug-2026 16:00:29,203.57,N,0.99,3965819783,EQ,ADANIPOWER,19181716,NIFTY ENERGY
1607.68,13.9,1630,1603,18-Aug-2026 16:00:29,1583.1,N,0.87,3688032389.12,EQ,ADANIENSOL,2294009,NIFTY ENERGY
172.6,1.4,173.55,173.5,18-Aug-2026 16:00:29,171.62,N,0.81,1049386425,EQ,GAIL,6079875,NIFTY ENERGY
267.51,1.85,268.95,268,18-Aug-2026 16:00:29,266.05,N,0.70,1816974199.23,EQ,POWERGRID,6792173,NIFTY ENERGY
1322.76,6,1328.6,1322,18-Aug-2026 16:00:29,1311.2,N,0.46,13466446804.92,EQ,RELIANCE,10180567,NIFTY ENERGY
239.77,1.01,241.3,239.5,18-Aug-2026 16:00:29,238.02,N,0.42,3573437370.85,EQ,ONGC,14903605,NIFTY ENERGY
3956.75,14,3988.5,3957,18-Aug-2026 16:00:29,3936.4,N,0.36,476337305.5,EQ,SIEMENS,120386,NIFTY ENERGY
1109.76,2.8,1118.4,1113.9,18-Aug-2026 16:00:29,1100,N,0.25,307743106.56,EQ,MGL,277306,NIFTY ENERGY
76.54,0.13,76.99,76.73,18-Aug-2026 16:00:29,76.2,N,0.17,408645758.82,EQ,NHPC,5338983,NIFTY ENERGY
649.84,0.65,655,647.55,18-Aug-2026 16:00:29,645.8,N,0.10,223212891.76,EQ,ATGL,343489,NIFTY ENERGY
338.13,0.1,339.3,337.1,18-Aug-2026 16:00:29,333.9,N,0.03,3362361676.83,EQ,NTPC,9943991,NIFTY ENERGY
92.23,-0.12,92.79,92.02,18-Aug-2026 16:00:29,91.9,N,-0.13,119251729.86,EQ,NTPCGREEN,1292982,NIFTY ENERGY
380.53,-0.5,382.05,381,18-Aug-2026 16:00:29,378.4,N,-0.13,1075932973.27,EQ,TATAPOWER,2827459,NIFTY ENERGY
562.67,-1.65,571,558,18-Aug-2026 16:00:29,557,N,-0.29,155602449.81,EQ,NAVA,276543,NIFTY ENERGY
409.54,-1.55,412.7,406.9,18-Aug-2026 16:00:29,406.75,N,-0.38,3011207966.86,EQ,COALINDIA,7352659,NIFTY ENERGY
276.44,-1.05,278.7,276.6,18-Aug-2026 16:00:29,274.3,N,-0.38,239581149.04,EQ,NLCINDIA,866666,NIFTY ENERGY
17.31,-0.08,17.4,17.31,18-Aug-2026 16:00:29,17.27,N,-0.46,301813369.11,EQ,JPPOWER,17435781,NIFTY ENERGY
35347.23,-175,35580,35275,18-Aug-2026 16:00:29,35200,N,-0.49,1676377729.98,EQ,POWERINDIA,47426,NIFTY ENERGY
66.4,-0.34,66.85,66.22,18-Aug-2026 16:00:29,66.11,N,-0.51,71007761.6,EQ,SJVN,1069394,NIFTY ENERGY
893.65,-4.6,900,894.2,18-Aug-2026 16:00:29,889,N,-0.51,1401828540.75,EQ,CGPOWER,1568655,NIFTY ENERGY
187.11,-1,187.9,186.55,18-Aug-2026 16:00:29,186.1,N,-0.53,206570749.77,EQ,CASTROLIND,1104007,NIFTY ENERGY
138.46,-0.81,139.2,137.8,18-Aug-2026 16:00:29,137.75,N,-0.58,1150994441.8,EQ,IOC,8312830,NIFTY ENERGY
3604.77,-21.7,3639,3584,18-Aug-2026 16:00:29,3580,N,-0.60,657412719.21,EQ,ENRIN,182373,NIFTY ENERGY
150.27,-1.5,151.58,149.5,18-Aug-2026 16:00:29,149.1,N,-0.99,113497428.3,EQ,IGL,755290,NIFTY ENERGY
22.45,-0.29,22.74,22.43,18-Aug-2026 16:00:29,22.37,N,-1.28,293188805.75,EQ,RPOWER,13059635,NIFTY ENERGY
168.66,-2.22,171.75,168,18-Aug-2026 16:00:29,167.9,N,-1.30,431009786.7,EQ,CESC,2555495,NIFTY ENERGY
550.55,-7.4,556.6,548.1,18-Aug-2026 16:00:29,547.7,N,-1.33,658207850.3,EQ,JSWENERGY,1195546,NIFTY ENERGY
369.37,-5,373.75,366,18-Aug-2026 16:00:29,365.95,N,-1.35,1965318409.47,EQ,HINDPETRO,5320731,NIFTY ENERGY
1322.65,-19.6,1336.4,1308,18-Aug-2026 16:00:29,1308,N,-1.48,1223795139,EQ,ADANIGREEN,925260,NIFTY ENERGY
7614.57,-114,7734,7546,18-Aug-2026 16:00:29,7528.5,N,-1.49,961407993.63,EQ,ABB,126259,NIFTY ENERGY
4102.58,-66.2,4188.2,4075.2,18-Aug-2026 16:00:29,4055.4,N,-1.60,518783548.74,EQ,THERMAX,126453,NIFTY ENERGY
314.47,-6.35,317.15,310.3,18-Aug-2026 16:00:29,310.3,N,-2.01,1660234616.43,EQ,BPCL,5279469,NIFTY ENERGY
4224.21,-95,4306,4195,18-Aug-2026 16:00:29,4190,N,-2.21,2165118835.5,EQ,GVT&D,512550,NIFTY ENERGY
48.14,-1.22,48.95,47.78,18-Aug-2026 16:00:29,47.47,N,-2.49,3000000218.02,EQ,SUZLON,62318243,NIFTY ENERGY
428.17,-10.95,434.15,425,18-Aug-2026 16:00:29,423.5,N,-2.51,3176527291.82,EQ,BHEL,7418846,NIFTY ENERGY
1274.94,-49.3,1319,1263.5,18-Aug-2026 16:00:29,1259,N,-3.76,454391165.88,EQ,TORNTPOWER,356402,NIFTY ENERGY
75.71,-3.18,78.19,74.95,18-Aug-2026 16:00:29,74.69,N,-4.07,1377833040.75,EQ,INOXWIND,18198825,NIFTY ENERGY
169.92,2.34,170.9,170.4,18-Aug-2026 16:00:29,168.1,N,1.39,2157318593.28,EQ,MOTHERSON,12696084,NIFTY INFRA
1005.88,10.7,1017,1014.4,18-Aug-2026 16:00:29,982.1,N,1.07,2232155349.16,EQ,MAXHEALTH,2219107,NIFTY INFRA
3279.61,28.2,3297.7,3278.7,18-Aug-2026 16:00:29,3250.5,N,0.87,4915672964.99,EQ,GRASIM,1498859,NIFTY INFRA
913.58,7.95,918.25,916.7,18-Aug-2026 16:00:29,905.35,N,0.87,1012452195.5,EQ,FORTIS,1108225,NIFTY INFRA
172.6,1.4,173.55,173.5,18-Aug-2026 16:00:29,171.62,N,0.81,1049386425,EQ,GAIL,6079875,NIFTY INFRA
24689.47,190,24935,24725,18-Aug-2026 16:00:29,24545,N,0.77,979060932.85,EQ,SHREECEM,39655,NIFTY INFRA
267.51,1.85,268.95,268,18-Aug-2026 16:00:29,266.05,N,0.70,1816974199.23,EQ,POWERGRID,6792173,NIFTY INFRA
1322.76,6,1328.6,1322,18-Aug-2026 16:00:29,1311.2,N,0.46,13466446804.92,EQ,RELIANCE,10180567,NIFTY INFRA
239.77,1.01,241.3,239.5,18-Aug-2026 16:00:29,238.02,N,0.42,3573437370.85,EQ,ONGC,14903605,NIFTY INFRA
2086.51,5.9,2098.9,2098.9,18-Aug-2026 16:00:29,2064,N,0.28,1609898953.25,EQ,BHARATFORG,771575,NIFTY INFRA
338.13,0.1,339.3,337.1,18-Aug-2026 16:00:29,333.9,N,0.03,3362361676.83,EQ,NTPC,9943991,NIFTY INFRA
8841.7,-8.5,8907,8817,18-Aug-2026 16:00:29,8786.5,N,-0.10,4199780974.9,EQ,APOLLOHOSP,474997,NIFTY INFRA
380.53,-0.5,382.05,381,18-Aug-2026 16:00:29,378.4,N,-0.13,1075932973.27,EQ,TATAPOWER,2827459,NIFTY INFRA
717.36,-1,721.8,719,18-Aug-2026 16:00:29,712.5,N,-0.14,826101732.96,EQ,INDHOTEL,1151586,NIFTY INFRA
176.27,-0.75,177.59,176.35,18-Aug-2026 16:00:29,174.5,N,-0.42,2504611263.96,EQ,ASHOKLEY,14208948,NIFTY INFRA
893.65,-4.6,900,894.2,18-Aug-2026 16:00:29,889,N,-0.51,1401828540.75,EQ,CGPOWER,1568655,NIFTY INFRA
1680.69,-8.6,1693.7,1682.4,18-Aug-2026 16:00:29,1667,N,-0.51,2181812933.85,EQ,ADANIPORTS,1298165,NIFTY INFRA
4070.83,-22.4,4085,4064.3,18-Aug-2026 16:00:29,4050,N,-0.55,5518315377.25,EQ,LT,1355575,NIFTY INFRA
138.46,-0.81,139.2,137.8,18-Aug-2026 16:00:29,137.75,N,-0.58,1150994441.8,EQ,IOC,8312830,NIFTY INFRA
412.55,-2.85,416.9,412.4,18-Aug-2026 16:00:29,409.9,N,-0.69,980891669.05,EQ,AMBUJACEM,2377631,NIFTY INFRA
670.96,-5.25,682.5,665.75,18-Aug-2026 16:00:29,658.25,N,-0.78,4092825135.84,EQ,DLF,6099954,NIFTY INFRA
5213.07,-55.5,5238,5220,18-Aug-2026 16:00:29,5138,N,-1.05,2892096548.46,EQ,INDIGO,554778,NIFTY INFRA
369.37,-5,373.75,366,18-Aug-2026 16:00:29,365.95,N,-1.35,1965318409.47,EQ,HINDPETRO,5320731,NIFTY INFRA
1322.65,-19.6,1336.4,1308,18-Aug-2026 16:00:29,1308,N,-1.48,1223795139,EQ,ADANIGREEN,925260,NIFTY INFRA
11562.75,-182,11674,11499,18-Aug-2026 16:00:29,11499,N,-1.56,2432871976.5,EQ,ULTRACEMCO,210406,NIFTY INFRA
1944.23,-35.1,1959.7,1934.2,18-Aug-2026 16:00:29,1923.2,N,-1.78,13046317963.25,EQ,BHARTIARTL,6710275,NIFTY INFRA
5412.93,-100,5484,5350,18-Aug-2026 16:00:29,5350,N,-1.83,958456689.24,EQ,CUMMINSIND,177068,NIFTY INFRA
373.75,-7.6,379.8,372.4,18-Aug-2026 16:00:29,371.5,N,-2.00,1690449946.25,EQ,INDUSTOWER,4522943,NIFTY INFRA
314.47,-6.35,317.15,310.3,18-Aug-2026 16:00:29,310.3,N,-2.01,1660234616.43,EQ,BPCL,5279469,NIFTY INFRA
48.14,-1.22,48.95,47.78,18-Aug-2026 16:00:29,47.47,N,-2.49,3000000218.02,EQ,SUZLON,62318243,NIFTY INFRA
48230.6,1760,48940,48730,18-Aug-2026 16:00:29,46775,N,3.75,4528419264.6,EQ,BOSCHLTD,93891,NIFTY MNC
458.49,9.85,466.9,454.6,18-Aug-2026 16:00:29,444.75,N,2.21,691316723.88,EQ,COHANCE,1507812,NIFTY MNC
4062.47,46.4,4099.9,4075.3,18-Aug-2026 16:00:29,4012.6,N,1.15,435728344.79,EQ,SCHAEFFLER,107257,NIFTY MNC
3304.89,19.5,3324.7,3310,18-Aug-2026 16:00:29,3289.1,N,0.59,35739080.46,EQ,TIMKEN,10814,NIFTY MNC
3956.75,14,3988.5,3957,18-Aug-2026 16:00:29,3936.4,N,0.36,476337305.5,EQ,SIEMENS,120386,NIFTY MNC
35082.09,-10,35290,34900,18-Aug-2026 16:00:29,34900,N,-0.03,57359217.15,EQ,3MINDIA,1635,NIFTY MNC
2203.71,-4,2221.9,2186,18-Aug-2026 16:00:29,2179,N,-0.18,1044728225.67,EQ,HYUNDAI,474077,NIFTY MNC
6796.36,-20.5,6870.5,6711.5,18-Aug-2026 16:00:29,6701.5,N,-0.30,230219898.64,EQ,LINDEINDIA,33874,NIFTY MNC
176.27,-0.75,177.59,176.35,18-Aug-2026 16:00:29,174.5,N,-0.42,2504611263.96,EQ,ASHOKLEY,14208948,NIFTY MNC
5526.18,-26,5561,5495,18-Aug-2026 16:00:29,5490,N,-0.47,1555177575.6,EQ,BRITANNIA,281420,NIFTY MNC
35347.23,-175,35580,35275,18-Aug-2026 16:00:29,35200,N,-0.49,1676377729.98,EQ,POWERINDIA,47426,NIFTY MNC
13788.11,-69,13890,13691,18-Aug-2026 16:00:29,13691,N,-0.50,3687395621.63,EQ,MARUTI,267433,NIFTY MNC
1467.72,-7.5,1479.8,1462.5,18-Aug-2026 16:00:29,1453,N,-0.51,2664228827.52,EQ,NESTLEIND,1815216,NIFTY MNC
187.11,-1,187.9,186.55,18-Aug-2026 16:00:29,186.1,N,-0.53,206570749.77,EQ,CASTROLIND,1104007,NIFTY MNC
3604.77,-21.7,3639,3584,18-Aug-2026 16:00:29,3580,N,-0.60,657412719.21,EQ,ENRIN,182373,NIFTY MNC
412.55,-2.85,416.9,412.4,18-Aug-2026 16:00:29,409.9,N,-0.69,980891669.05,EQ,AMBUJACEM,2377631,NIFTY MNC
1365.3,-9.9,1381.2,1358,18-Aug-2026 16:00:29,1349.1,N,-0.72,84150265.5,EQ,UBL,61635,NIFTY MNC
2041.15,-20,2060,2035,18-Aug-2026 16:00:29,2034.9,N,-0.97,2519995625.4,EQ,HINDUNILVR,1234596,NIFTY MNC
4434.78,-44.3,4500,4444,18-Aug-2026 16:00:29,4401.2,N,-0.99,167226684.24,EQ,CRISIL,37708,NIFTY MNC
11748.18,-166,11840,11623,18-Aug-2026 16:00:29,11614,N,-1.41,1309875077.28,EQ,OFSS,111496,NIFTY MNC
26616.35,-385,26900,26520,18-Aug-2026 16:00:29,26510,N,-1.43,120013122.15,EQ,ABBOTINDIA,4509,NIFTY MNC
7614.57,-114,7734,7546,18-Aug-2026 16:00:29,7528.5,N,-1.49,961407993.63,EQ,ABB,126259,NIFTY MNC
1531.77,-24.1,1550,1520.9,18-Aug-2026 16:00:29,1520,N,-1.56,503474417.76,EQ,UNITDSPR,328688,NIFTY MNC
191.22,-3.38,193.9,189.96,18-Aug-2026 16:00:29,189.26,N,-1.75,196739565.3,EQ,AWL,1028865,NIFTY MNC
5412.93,-100,5484,5350,18-Aug-2026 16:00:29,5350,N,-1.83,958456689.24,EQ,CUMMINSIND,177068,NIFTY MNC
2880.33,-55.2,2925,2855,18-Aug-2026 16:00:29,2850,N,-1.90,1407490536.48,EQ,GLAND,488656,NIFTY MNC
3082.77,-63.6,3149.3,3070,18-Aug-2026 16:00:29,3052,N,-2.03,159561092.43,EQ,ESCORTS,51759,NIFTY MNC
266.3,-5.7,270.5,264,18-Aug-2026 16:00:29,264,N,-2.11,2602319017.9,EQ,VEDL,9772133,NIFTY MNC
1176.01,-32.1,1205,1170.6,18-Aug-2026 16:00:29,1161.3,N,-2.67,1203279319.88,EQ,NAM-INDIA,1023188,NIFTY MNC
1914.98,-61,1958.9,1903,18-Aug-2026 16:00:29,1901.7,N,-3.11,1382270863.6,EQ,COLPAL,721820,NIFTY MNC
482.88,5.85,487.2,480.5,18-Aug-2026 16:00:29,478.7,N,1.23,2414808999.36,EQ,OIL,5000847,NIFTY PSE
172.6,1.4,173.55,173.5,18-Aug-2026 16:00:29,171.62,N,0.81,1049386425,EQ,GAIL,6079875,NIFTY PSE
5094.63,40,5120,5099,18-Aug-2026 16:00:29,5039,N,0.79,6309933607.98,EQ,HAL,1238546,NIFTY PSE
267.51,1.85,268.95,268,18-Aug-2026 16:00:29,266.05,N,0.70,1816974199.23,EQ,POWERGRID,6792173,NIFTY PSE
239.77,1.01,241.3,239.5,18-Aug-2026 16:00:29,238.02,N,0.42,3573437370.85,EQ,ONGC,14903605,NIFTY PSE
76.54,0.13,76.99,76.73,18-Aug-2026 16:00:29,76.2,N,0.17,408645758.82,EQ,NHPC,5338983,NIFTY PSE
338.13,0.1,339.3,337.1,18-Aug-2026 16:00:29,333.9,N,0.03,3362361676.83,EQ,NTPC,9943991,NIFTY PSE
374.8,0.05,376.55,374.45,18-Aug-2026 16:00:29,373.6,N,0.01,2786231716.8,EQ,PFC,7433916,NIFTY PSE
413.09,-0.45,416.35,412,18-Aug-2026 16:00:29,410.95,N,-0.11,3767766626.06,EQ,BEL,9120934,NIFTY PSE
409.54,-1.55,412.7,406.9,18-Aug-2026 16:00:29,406.75,N,-0.38,3011207966.86,EQ,COALINDIA,7352659,NIFTY PSE
340.34,-1.5,341.85,338.5,18-Aug-2026 16:00:29,338.5,N,-0.44,2033877285.44,EQ,RECLTD,5976016,NIFTY PSE
138.46,-0.81,139.2,137.8,18-Aug-2026 16:00:29,137.75,N,-0.58,1150994441.8,EQ,IOC,8312830,NIFTY PSE
86.43,-0.94,87.56,86.11,18-Aug-2026 16:00:29,86.05,N,-1.08,484681030.41,EQ,IRFC,5607787,NIFTY PSE
520.55,-6.25,524.85,518.25,18-Aug-2026 16:00:29,517.55,N,-1.19,218364998.95,EQ,CONCOR,419489,NIFTY PSE
225.93,-2.79,227.88,225,18-Aug-2026 16:00:29,225,N,-1.22,490941597.33,EQ,RVNL,2172981,NIFTY PSE
369.37,-5,373.75,366,18-Aug-2026 16:00:29,365.95,N,-1.35,1965318409.47,EQ,HINDPETRO,5320731,NIFTY PSE
495.05,-7.45,501,492.5,18-Aug-2026 16:00:29,492,N,-1.49,293170095.15,EQ,IRCTC,592203,NIFTY PSE
84.12,-1.31,85.41,84.19,18-Aug-2026 16:00:29,83.1,N,-1.53,1546968903,EQ,NMDC,18390025,NIFTY PSE
314.47,-6.35,317.15,310.3,18-Aug-2026 16:00:29,310.3,N,-2.01,1660234616.43,EQ,BPCL,5279469,NIFTY PSE
428.17,-10.95,434.15,425,18-Aug-2026 16:00:29,423.5,N,-2.51,3176527291.82,EQ,BHEL,7418846,NIFTY PSE
1240.4,15.7,1250.5,1243,18-Aug-2026 16:00:29,1223.4,N,1.28,6282250158.8,EQ,AXISBANK,5064697,NIFTY SERV SECTOR
1005.88,10.7,1017,1014.4,18-Aug-2026 16:00:29,982.1,N,1.07,2232155349.16,EQ,MAXHEALTH,2219107,NIFTY SERV SECTOR
172.6,1.4,173.55,173.5,18-Aug-2026 16:00:29,171.62,N,0.81,1049386425,EQ,GAIL,6079875,NIFTY SERV SECTOR
267.51,1.85,268.95,268,18-Aug-2026 16:00:29,266.05,N,0.70,1816974199.23,EQ,POWERGRID,6792173,NIFTY SERV SECTOR
1094.84,5,1100,1094.3,18-Aug-2026 16:00:29,1087.6,N,0.46,3694009867.12,EQ,BAJFINANCE,3374018,NIFTY SERV SECTOR
1014.06,4.4,1019.5,1015,18-Aug-2026 16:00:29,1007,N,0.44,546941373.48,EQ,INDUSINDBK,539358,NIFTY SERV SECTOR
2010.19,6.2,2018.8,2011.2,18-Aug-2026 16:00:29,1998,N,0.31,830682874.84,EQ,BAJAJFINSV,413236,NIFTY SERV SECTOR
338.13,0.1,339.3,337.1,18-Aug-2026 16:00:29,333.9,N,0.03,3362361676.83,EQ,NTPC,9943991,NIFTY SERV SECTOR
1358.01,-0.9,1368.8,1354.9,18-Aug-2026 16:00:29,1331.1,N,-0.07,2091871813.95,EQ,NAUKRI,1540395,NIFTY SERV SECTOR
8841.7,-8.5,8907,8817,18-Aug-2026 16:00:29,8786.5,N,-0.10,4199780974.9,EQ,APOLLOHOSP,474997,NIFTY SERV SECTOR
380.53,-0.5,382.05,381,18-Aug-2026 16:00:29,378.4,N,-0.13,1075932973.27,EQ,TATAPOWER,2827459,NIFTY SERV SECTOR
1410.78,-3.3,1416.6,1412,18-Aug-2026 16:00:29,1406.3,N,-0.23,11773238434.44,EQ,ICICIBANK,8345198,NIFTY SERV SECTOR
3990.86,-14,4019.1,3981,18-Aug-2026 16:00:29,3946.7,N,-0.35,1354218523.8,EQ,DMART,339330,NIFTY SERV SECTOR
1680.69,-8.6,1693.7,1682.4,18-Aug-2026 16:00:29,1667,N,-0.51,2181812933.85,EQ,ADANIPORTS,1298165,NIFTY SERV SECTOR
317.92,-2.1,321.2,315.9,18-Aug-2026 16:00:29,315.55,N,-0.66,5845597265.44,EQ,ETERNAL,18387007,NIFTY SERV SECTOR
1782.16,-12.4,1796.5,1778,18-Aug-2026 16:00:29,1762.5,N,-0.69,1041603015.76,EQ,SBILIFE,584461,NIFTY SERV SECTOR
3281.33,-24,3315.4,3308,18-Aug-2026 16:00:29,3235,N,-0.72,19054427366.26,EQ,BSE,5806922,NIFTY SERV SECTOR
1056.82,-8.2,1067.7,1053,18-Aug-2026 16:00:29,1053,N,-0.77,5901040868.22,EQ,SBIN,5583771,NIFTY SERV SECTOR
724.69,-6,729,723,18-Aug-2026 16:00:29,723,N,-0.82,12983913457.83,EQ,HDFCBANK,17916507,NIFTY SERV SECTOR
540.27,-4.75,542.9,538.25,18-Aug-2026 16:00:29,537.55,N,-0.87,686981399.04,EQ,HDFCLIFE,1271552,NIFTY SERV SECTOR
5213.07,-55.5,5238,5220,18-Aug-2026 16:00:29,5138,N,-1.05,2892096548.46,EQ,INDIGO,554778,NIFTY SERV SECTOR
1587.26,-18,1608,1592,18-Aug-2026 16:00:29,1579.9,N,-1.12,3023560463.18,EQ,TECHM,1904893,NIFTY SERV SECTOR
1110.42,-13.6,1124.9,1108.4,18-Aug-2026 16:00:29,1098.6,N,-1.21,2967857288.28,EQ,SHRIRAMFIN,2672734,NIFTY SERV SECTOR
390.41,-5.05,392.9,387.65,18-Aug-2026 16:00:29,387.65,N,-1.29,2207045120.27,EQ,KOTAKBANK,5653147,NIFTY SERV SECTOR
2288.7,-33.2,2307,2280,18-Aug-2026 16:00:29,2280,N,-1.44,4114675211.4,EQ,TCS,1797822,NIFTY SERV SECTOR
246.6,-3.95,248.9,245.8,18-Aug-2026 16:00:29,245.8,N,-1.58,2278265639.4,EQ,JIOFIN,9238709,NIFTY SERV SECTOR
1944.23,-35.1,1959.7,1934.2,18-Aug-2026 16:00:29,1923.2,N,-1.78,13046317963.25,EQ,BHARTIARTL,6710275,NIFTY SERV SECTOR
1300.63,-27,1320,1298,18-Aug-2026 16:00:29,1292.5,N,-2.04,3976012903.7,EQ,HCLTECH,3056990,NIFTY SERV SECTOR
179.38,-3.84,181.99,178.06,18-Aug-2026 16:00:29,178.06,N,-2.11,1269065246.78,EQ,WIPRO,7074731,NIFTY SERV SECTOR
1116.78,-24.9,1131.9,1115,18-Aug-2026 16:00:29,1112.5,N,-2.18,9884742625.8,EQ,INFY,8851110,NIFTY SERV SECTOR
13.9,0.41,14.31,14.12,18-Aug-2026 16:00:29,13.5,N,2.99,11409080621.3,EQ,IDEA,820797167,NIFTY IND DIGITAL
121.91,3.33,125,123.3,18-Aug-2026 16:00:29,115.65,N,2.78,6352302439.72,EQ,PWL,52106492,NIFTY IND DIGITAL
5306.42,112.6,5396.4,5325,18-Aug-2026 16:00:29,5092.8,N,2.16,12712606313.26,EQ,NETWEB,2395703,NIFTY IND DIGITAL
1008.16,19,1019,1010.7,18-Aug-2026 16:00:29,985.2,N,1.92,190219628.8,EQ,MAPMYINDIA,188680,NIFTY IND DIGITAL
1843.52,32.8,1875,1863,18-Aug-2026 16:00:29,1823,N,1.79,238433502.72,EQ,IKS,129336,NIFTY IND DIGITAL
278.69,3.6,282,280.85,18-Aug-2026 16:00:29,274.25,N,1.30,65192000.87,EQ,ITI,233923,NIFTY IND DIGITAL
1754.4,18.9,1767.5,1747,18-Aug-2026 16:00:29,1721.1,N,1.09,2223012520.8,EQ,POLICYBZR,1267107,NIFTY IND DIGITAL
1707.87,6.9,1717,1710.8,18-Aug-2026 16:00:29,1692.8,N,0.40,213068737.59,EQ,AFFLE,124757,NIFTY IND DIGITAL
1699.29,5.9,1725.5,1705.9,18-Aug-2026 16:00:29,1671.5,N,0.35,630752657.94,EQ,TBOTEK,371186,NIFTY IND DIGITAL
2816.23,8.1,2855,2805,18-Aug-2026 16:00:29,2780.1,N,0.29,727775789.06,EQ,CARTRADE,258422,NIFTY IND DIGITAL
144.77,-0.09,146.7,144.51,18-Aug-2026 16:00:29,143.01,N,-0.06,1611451373.78,EQ,URBANCO,11131114,NIFTY IND DIGITAL
1358.01,-0.9,1368.8,1354.9,18-Aug-2026 16:00:29,1331.1,N,-0.07,2091871813.95,EQ,NAUKRI,1540395,NIFTY IND DIGITAL
42.24,-0.15,42.77,42.25,18-Aug-2026 16:00:29,41.92,N,-0.35,491880491.52,EQ,SAGILITY,11644898,NIFTY IND DIGITAL
694.2,-2.65,702.6,692.8,18-Aug-2026 16:00:29,685.65,N,-0.38,232145339.4,EQ,INTELLECT,334407,NIFTY IND DIGITAL
192.64,-0.81,193.82,193.01,18-Aug-2026 16:00:29,190.61,N,-0.42,1026133561.6,EQ,MEESHO,5326690,NIFTY IND DIGITAL
3531.42,-20.3,3562,3508.2,18-Aug-2026 16:00:29,3495,N,-0.58,166905503.46,EQ,LTTS,47263,NIFTY IND DIGITAL
522.17,-3.05,529.6,519.8,18-Aug-2026 16:00:29,517.3,N,-0.58,395697815.15,EQ,TEJASNET,757795,NIFTY IND DIGITAL
317.92,-2.1,321.2,315.9,18-Aug-2026 16:00:29,315.55,N,-0.66,5845597265.44,EQ,ETERNAL,18387007,NIFTY IND DIGITAL
37.98,-0.26,38.35,37.89,18-Aug-2026 16:00:29,37.6,N,-0.68,34747712.1,EQ,TTML,914895,NIFTY IND DIGITAL
277.05,-2.9,279.6,277.05,18-Aug-2026 16:00:29,275,N,-1.04,90099430.5,EQ,RAILTEL,325210,NIFTY IND DIGITAL
529.38,-6.05,534.5,528.8,18-Aug-2026 16:00:29,526.4,N,-1.13,153677425.86,EQ,NEWGEN,290297,NIFTY IND DIGITAL
830.5,-9.65,844.7,832,18-Aug-2026 16:00:29,815.2,N,-1.15,1259351098.5,EQ,TATATECH,1516377,NIFTY IND DIGITAL
856.29,-10.05,869.55,857.95,18-Aug-2026 16:00:29,850.1,N,-1.16,1050304763.04,EQ,CYIENT,1226576,NIFTY IND DIGITAL
1753.59,-20.9,1785.9,1749.1,18-Aug-2026 16:00:29,1737.4,N,-1.18,183858650.73,EQ,INDIAMART,104847,NIFTY IND DIGITAL
1693.16,-21.9,1709.2,1690,18-Aug-2026 16:00:29,1682,N,-1.28,604938977.44,EQ,TATACOMM,357284,NIFTY IND DIGITAL
11748.18,-166,11840,11623,18-Aug-2026 16:00:29,11614,N,-1.41,1309875077.28,EQ,OFSS,111496,NIFTY IND DIGITAL
2288.7,-33.2,2307,2280,18-Aug-2026 16:00:29,2280,N,-1.44,4114675211.4,EQ,TCS,1797822,NIFTY IND DIGITAL
485.75,-7.25,493.2,483.5,18-Aug-2026 16:00:29,483,N,-1.48,232125352.5,EQ,ZENSARTECH,477870,NIFTY IND DIGITAL
495.05,-7.45,501,492.5,18-Aug-2026 16:00:29,492,N,-1.49,293170095.15,EQ,IRCTC,592203,NIFTY IND DIGITAL
161.82,-2.45,165.41,160.18,18-Aug-2026 16:00:29,159.25,N,-1.51,2200558786.92,EQ,PINELABS,13598806,NIFTY IND DIGITAL
306.53,-4.85,311.2,305.95,18-Aug-2026 16:00:29,304.5,N,-1.56,173253208.24,EQ,BSOFT,565208,NIFTY IND DIGITAL
270.98,-4.36,277.76,268.2,18-Aug-2026 16:00:29,264.82,N,-1.60,418915569.44,EQ,BLS,1545928,NIFTY IND DIGITAL
283.33,-4.6,289.95,280.9,18-Aug-2026 16:00:29,280.4,N,-1.61,144548732.74,EQ,LATENTVIEW,510178,NIFTY IND DIGITAL
555.48,-9.6,568.75,551.4,18-Aug-2026 16:00:29,550.2,N,-1.71,47113591.68,EQ,HEXT,84816,NIFTY IND DIGITAL
274.29,-4.8,277.8,274,18-Aug-2026 16:00:29,272,N,-1.72,2289462149.43,EQ,SWIGGY,8346867,NIFTY IND DIGITAL
1944.23,-35.1,1959.7,1934.2,18-Aug-2026 16:00:29,1923.2,N,-1.78,13046317963.25,EQ,BHARTIARTL,6710275,NIFTY IND DIGITAL
1773.86,-33,1795,1773,18-Aug-2026 16:00:29,1762.2,N,-1.83,2789478221.42,EQ,COFORGE,1572547,NIFTY IND DIGITAL
207.37,-3.86,214.35,204.55,18-Aug-2026 16:00:29,203.82,N,-1.85,314383081.13,EQ,FIRSTCRY,1516049,NIFTY IND DIGITAL
323.47,-6.45,328.45,320.6,18-Aug-2026 16:00:29,320.6,N,-1.97,543993084.74,EQ,NYKAA,1681742,NIFTY IND DIGITAL
600.69,-12.35,609.05,596.65,18-Aug-2026 16:00:29,596,N,-2.03,972701521.83,EQ,KPITTECH,1619307,NIFTY IND DIGITAL
1300.63,-27,1320,1298,18-Aug-2026 16:00:29,1292.5,N,-2.04,3976012903.7,EQ,HCLTECH,3056990,NIFTY IND DIGITAL
179.38,-3.84,181.99,178.06,18-Aug-2026 16:00:29,178.06,N,-2.11,1269065246.78,EQ,WIPRO,7074731,NIFTY IND DIGITAL
1565.43,-33.9,1599,1546.3,18-Aug-2026 16:00:29,1546.3,N,-2.15,6023964057.03,EQ,PAYTM,3848121,NIFTY IND DIGITAL
1116.78,-24.9,1131.9,1115,18-Aug-2026 16:00:29,1112.5,N,-2.18,9884742625.8,EQ,INFY,8851110,NIFTY IND DIGITAL
5505.34,-127.5,5571.5,5442.5,18-Aug-2026 16:00:29,5442.5,N,-2.29,1944271379.74,EQ,PERSISTENT,353161,NIFTY IND DIGITAL
3684.47,-98,3759,3662,18-Aug-2026 16:00:29,3656,N,-2.61,707893536.63,EQ,TATAELXSI,192129,NIFTY IND DIGITAL
1608.16,-45,1634,1596,18-Aug-2026 16:00:29,1595,N,-2.74,168094532.16,EQ,BHARTIHEXA,104526,NIFTY IND DIGITAL
4625.39,-137.8,4684,4562.2,18-Aug-2026 16:00:29,4562.2,N,-2.93,1196537513.71,EQ,LTM,258689,NIFTY IND DIGITAL
2458.4,-78,2504.4,2432,18-Aug-2026 16:00:29,2432,N,-3.11,1240803648,EQ,MPHASIS,504720,NIFTY IND DIGITAL
314.15,-11.35,322.45,309.05,18-Aug-2026 16:00:29,308,N,-3.54,394677640.25,EQ,SONATSOFTW,1256335,NIFTY IND DIGITAL
48230.6,1760,48940,48730,18-Aug-2026 16:00:29,46775,N,3.75,4528419264.6,EQ,BOSCHLTD,93891,NIFTY100 ESG
4977.74,71,5009,4971,18-Aug-2026 16:00:29,4876,N,1.45,2123369485.02,EQ,TORNTPHARM,426573,NIFTY100 ESG
169.92,2.34,170.9,170.4,18-Aug-2026 16:00:29,168.1,N,1.39,2157318593.28,EQ,MOTHERSON,12696084,NIFTY100 ESG
1240.4,15.7,1250.5,1243,18-Aug-2026 16:00:29,1223.4,N,1.28,6282250158.8,EQ,AXISBANK,5064697,NIFTY100 ESG
439.52,5.45,443.3,439.3,18-Aug-2026 16:00:29,434.6,N,1.26,1773064115.84,EQ,VBL,4034092,NIFTY100 ESG
8581.62,106.5,8630,8588,18-Aug-2026 16:00:29,8504,N,1.26,3468373284.06,EQ,DIVISLAB,404163,NIFTY100 ESG
1005.88,10.7,1017,1014.4,18-Aug-2026 16:00:29,982.1,N,1.07,2232155349.16,EQ,MAXHEALTH,2219107,NIFTY100 ESG
206.75,2.02,208.67,205.58,18-Aug-2026 16:00:29,203.57,N,0.99,3965819783,EQ,ADANIPOWER,19181716,NIFTY100 ESG
3421.63,31.1,3435,3421.5,18-Aug-2026 16:00:29,3390.2,N,0.92,4693326692.32,EQ,M&M,1371664,NIFTY100 ESG
1607.68,13.9,1630,1603,18-Aug-2026 16:00:29,1583.1,N,0.87,3688032389.12,EQ,ADANIENSOL,2294009,NIFTY100 ESG
3279.61,28.2,3297.7,3278.7,18-Aug-2026 16:00:29,3250.5,N,0.87,4915672964.99,EQ,GRASIM,1498859,NIFTY100 ESG
172.6,1.4,173.55,173.5,18-Aug-2026 16:00:29,171.62,N,0.81,1049386425,EQ,GAIL,6079875,NIFTY100 ESG
24689.47,190,24935,24725,18-Aug-2026 16:00:29,24545,N,0.77,979060932.85,EQ,SHREECEM,39655,NIFTY100 ESG
267.51,1.85,268.95,268,18-Aug-2026 16:00:29,266.05,N,0.70,1816974199.23,EQ,POWERGRID,6792173,NIFTY100 ESG
1322.76,6,1328.6,1322,18-Aug-2026 16:00:29,1311.2,N,0.46,13466446804.92,EQ,RELIANCE,10180567,NIFTY100 ESG
1094.84,5,1100,1094.3,18-Aug-2026 16:00:29,1087.6,N,0.46,3694009867.12,EQ,BAJFINANCE,3374018,NIFTY100 ESG
239.77,1.01,241.3,239.5,18-Aug-2026 16:00:29,238.02,N,0.42,3573437370.85,EQ,ONGC,14903605,NIFTY100 ESG
3956.75,14,3988.5,3957,18-Aug-2026 16:00:29,3936.4,N,0.36,476337305.5,EQ,SIEMENS,120386,NIFTY100 ESG
929.63,3,936.4,931,18-Aug-2026 16:00:29,920,N,0.32,1350740304.81,EQ,GODREJCP,1452987,NIFTY100 ESG
2010.19,6.2,2018.8,2011.2,18-Aug-2026 16:00:29,1998,N,0.31,830682874.84,EQ,BAJAJFINSV,413236,NIFTY100 ESG
1056.82,-8.2,1067.7,1053,18-Aug-2026 16:00:29,1053,N,-0.77,5901040868.22,EQ,SBIN,5583771,NIFTY100 ESG
670.96,-5.25,682.5,665.75,18-Aug-2026 16:00:29,658.25,N,-0.78,4092825135.84,EQ,DLF,6099954,NIFTY100 ESG
1042.61,-8.3,1050.6,1041.6,18-Aug-2026 16:00:29,1038,N,-0.79,2632991654.85,EQ,HINDALCO,2525385,NIFTY100 ESG
1274.49,-10.2,1285.8,1267.6,18-Aug-2026 16:00:29,1265,N,-0.80,916379976.33,EQ,JSWSTEEL,719017,NIFTY100 ESG
724.69,-6,729,723,18-Aug-2026 16:00:29,723,N,-0.82,12983913457.83,EQ,HDFCBANK,17916507,NIFTY100 ESG
540.27,-4.75,542.9,538.25,18-Aug-2026 16:00:29,537.55,N,-0.87,686981399.04,EQ,HDFCLIFE,1271552,NIFTY100 ESG
1877.36,-16.7,1889.7,1868,18-Aug-2026 16:00:29,1866.6,N,-0.89,982428120.08,EQ,CHOLAFIN,523303,NIFTY100 ESG
2041.15,-20,2060,2035,18-Aug-2026 16:00:29,2034.9,N,-0.97,2519995625.4,EQ,HINDUNILVR,1234596,NIFTY100 ESG
245.14,-2.55,247.28,244,18-Aug-2026 16:00:29,243.9,N,-1.03,863337974.24,EQ,BANKBARODA,3521816,NIFTY100 ESG
1068.06,-11,1079.1,1061.6,18-Aug-2026 16:00:29,1061.6,N,-1.03,1003896295.5,EQ,TATACONSUM,939925,NIFTY100 ESG
86.43,-0.94,87.56,86.11,18-Aug-2026 16:00:29,86.05,N,-1.08,484681030.41,EQ,IRFC,5607787,NIFTY100 ESG
11294.84,-125,11435,11254,18-Aug-2026 16:00:29,11211,N,-1.10,243618403.96,EQ,BAJAJHLDNG,21569,NIFTY100 ESG
1587.26,-18,1608,1592,18-Aug-2026 16:00:29,1579.9,N,-1.12,3023560463.18,EQ,TECHM,1904893,NIFTY100 ESG
1110.42,-13.6,1124.9,1108.4,18-Aug-2026 16:00:29,1098.6,N,-1.21,2967857288.28,EQ,SHRIRAMFIN,2672734,NIFTY100 ESG
1108.13,-14.6,1119.7,1101.5,18-Aug-2026 16:00:29,1100,N,-1.31,622740248.62,EQ,JINDALSTEL,561974,NIFTY100 ESG
1322.65,-19.6,1336.4,1308,18-Aug-2026 16:00:29,1308,N,-1.48,1223795139,EQ,ADANIGREEN,925260,NIFTY100 ESG
7614.57,-114,7734,7546,18-Aug-2026 16:00:29,7528.5,N,-1.49,961407993.63,EQ,ABB,126259,NIFTY100 ESG
129.65,-2,131,129.1,18-Aug-2026 16:00:29,129.1,N,-1.53,858636425.9,EQ,CANBK,6622726,NIFTY100 ESG
11562.75,-182,11674,11499,18-Aug-2026 16:00:29,11499,N,-1.56,2432871976.5,EQ,ULTRACEMCO,210406,NIFTY100 ESG
246.6,-3.95,248.9,245.8,18-Aug-2026 16:00:29,245.8,N,-1.58,2278265639.4,EQ,JIOFIN,9238709,NIFTY100 ESG
562.76,-9.5,569.1,558,18-Aug-2026 16:00:29,558,N,-1.67,1270037893.52,EQ,HINDZINC,2256802,NIFTY100 ESG
1944.23,-35.1,1959.7,1934.2,18-Aug-2026 16:00:29,1923.2,N,-1.78,13046317963.25,EQ,BHARTIARTL,6710275,NIFTY100 ESG
186.86,-3.4,190.58,185.5,18-Aug-2026 16:00:29,185.5,N,-1.80,1248975416.62,EQ,UNIONBANK,6684017,NIFTY100 ESG
5412.93,-100,5484,5350,18-Aug-2026 16:00:29,5350,N,-1.83,958456689.24,EQ,CUMMINSIND,177068,NIFTY100 ESG
314.47,-6.35,317.15,310.3,18-Aug-2026 16:00:29,310.3,N,-2.01,1660234616.43,EQ,BPCL,5279469,NIFTY100 ESG
1300.63,-27,1320,1298,18-Aug-2026 16:00:29,1292.5,N,-2.04,3976012903.7,EQ,HCLTECH,3056990,NIFTY100 ESG
179.38,-3.84,181.99,178.06,18-Aug-2026 16:00:29,178.06,N,-2.11,1269065246.78,EQ,WIPRO,7074731,NIFTY100 ESG
1116.78,-24.9,1131.9,1115,18-Aug-2026 16:00:29,1112.5,N,-2.18,9884742625.8,EQ,INFY,8851110,NIFTY100 ESG
2638.13,-59.1,2670.1,2628.4,18-Aug-2026 16:00:29,2610.1,N,-2.20,2683036248.86,EQ,ASIANPAINT,1017022,NIFTY100 ESG
4625.39,-137.8,4684,4562.2,18-Aug-2026 16:00:29,4562.2,N,-2.93,1196537513.71,EQ,LTM,258689,NIFTY100 ESG
2933.23,217.6,2989,2959,18-Aug-2026 16:00:29,2755.8,N,7.94,12284381906.15,EQ,TIINDIA,4188005,NIFTY INDIA MFG
48230.6,1760,48940,48730,18-Aug-2026 16:00:29,46775,N,3.75,4528419264.6,EQ,BOSCHLTD,93891,NIFTY INDIA MFG
818.15,18.9,827.35,824,18-Aug-2026 16:00:29,806,N,2.35,2343912207.95,EQ,SONACOMS,2864893,NIFTY INDIA MFG
5471.61,101,5510,5475,18-Aug-2026 16:00:29,5374,N,1.88,695047675.08,EQ,ALKEM,127028,NIFTY INDIA MFG
1488.47,27.3,1501.6,1485.1,18-Aug-2026 16:00:29,1457,N,1.87,2025652869.12,EQ,COCHINSHIP,1360896,NIFTY INDIA MFG
2487.37,43,2545,2515,18-Aug-2026 16:00:29,2458.6,N,1.74,1551865168.26,EQ,PIIND,623898,NIFTY INDIA MFG
2104.23,33.7,2122,2115,18-Aug-2026 16:00:29,2075.1,N,1.62,880376164.32,EQ,APLAPOLLO,418384,NIFTY INDIA MFG
4977.74,71,5009,4971,18-Aug-2026 16:00:29,4876,N,1.45,2123369485.02,EQ,TORNTPHARM,426573,NIFTY INDIA MFG
20196.9,280,20422,20280,18-Aug-2026 16:00:29,20030,N,1.40,3599148170.7,EQ,SOLARINDS,178203,NIFTY INDIA MFG
169.92,2.34,170.9,170.4,18-Aug-2026 16:00:29,168.1,N,1.39,2157318593.28,EQ,MOTHERSON,12696084,NIFTY INDIA MFG
4396.54,59.4,4479,4443,18-Aug-2026 16:00:29,4326.1,N,1.36,229209216.36,EQ,AIAENG,52134,NIFTY INDIA MFG
8581.62,106.5,8630,8588,18-Aug-2026 16:00:29,8504,N,1.26,3468373284.06,EQ,DIVISLAB,404163,NIFTY INDIA MFG
8247.8,96.5,8300,8247.5,18-Aug-2026 16:00:29,8151,N,1.18,884634284.6,EQ,NAVINFLUOR,107257,NIFTY INDIA MFG
1638.1,17.8,1645.9,1645,18-Aug-2026 16:00:29,1626.3,N,1.09,940205514.1,EQ,AUROPHARMA,573961,NIFTY INDIA MFG
3421.63,31.1,3435,3421.5,18-Aug-2026 16:00:29,3390.2,N,0.92,4693326692.32,EQ,M&M,1371664,NIFTY INDIA MFG
14209.27,125,14420,14150,18-Aug-2026 16:00:29,14066,N,0.89,5504898546.32,EQ,DIXON,387416,NIFTY INDIA MFG
5094.63,40,5120,5099,18-Aug-2026 16:00:29,5039,N,0.79,6309933607.98,EQ,HAL,1238546,NIFTY INDIA MFG
2593.41,17.3,2618.2,2587,18-Aug-2026 16:00:29,2556.1,N,0.67,3188789507.34,EQ,MAZDOCK,1229574,NIFTY INDIA MFG
2629.45,14,2644.7,2630,18-Aug-2026 16:00:29,2603.4,N,0.54,627294739.25,EQ,SRF,238565,NIFTY INDIA MFG
1322.76,6,1328.6,1322,18-Aug-2026 16:00:29,1311.2,N,0.46,13466446804.92,EQ,RELIANCE,10180567,NIFTY INDIA MFG
890.53,-6,899,892,18-Aug-2026 16:00:29,883.85,N,-0.67,425185329.56,EQ,ANTHEM,477452,NIFTY INDIA MFG
244.02,-1.7,245.75,244.8,18-Aug-2026 16:00:29,242.95,N,-0.69,318557129.1,EQ,CROMPTON,1305455,NIFTY INDIA MFG
1042.61,-8.3,1050.6,1041.6,18-Aug-2026 16:00:29,1038,N,-0.79,2632991654.85,EQ,HINDALCO,2525385,NIFTY INDIA MFG
1274.49,-10.2,1285.8,1267.6,18-Aug-2026 16:00:29,1265,N,-0.80,916379976.33,EQ,JSWSTEEL,719017,NIFTY INDIA MFG
2385.71,-22.4,2413,2384.8,18-Aug-2026 16:00:29,2372,N,-0.93,131044664.59,EQ,BALKRISIND,54929,NIFTY INDIA MFG
1501.9,-15.1,1535.4,1493,18-Aug-2026 16:00:29,1490,N,-1.00,866360501.7,EQ,BLUESTARCO,576843,NIFTY INDIA MFG
1129.64,-11.7,1140,1123.9,18-Aug-2026 16:00:29,1118.3,N,-1.03,124813923.6,EQ,KPRMILL,110490,NIFTY INDIA MFG
567.27,-6.15,576.7,566.5,18-Aug-2026 16:00:29,555.55,N,-1.07,8793582421.14,EQ,HINDCOPPER,15501582,NIFTY INDIA MFG
1184.21,-13.2,1189.3,1178.8,18-Aug-2026 16:00:29,1176.1,N,-1.11,954038654.93,EQ,DRREDDY,805633,NIFTY INDIA MFG
1255.48,-14.1,1272,1252.9,18-Aug-2026 16:00:29,1247,N,-1.11,1249855449.6,EQ,VOLTAS,995520,NIFTY INDIA MFG
1524.87,-18.3,1545,1520,18-Aug-2026 16:00:29,1517.1,N,-1.19,268901675.28,EQ,ASTRAL,176344,NIFTY INDIA MFG
2229.84,-27,2255,2232,18-Aug-2026 16:00:29,2220.5,N,-1.20,1548231428.16,EQ,LUPIN,694324,NIFTY INDIA MFG
565.15,-7.05,570.05,560.05,18-Aug-2026 16:00:29,560,N,-1.24,987158808,EQ,UPL,1746720,NIFTY INDIA MFG
1108.13,-14.6,1119.7,1101.5,18-Aug-2026 16:00:29,1100,N,-1.31,622740248.62,EQ,JINDALSTEL,561974,NIFTY INDIA MFG
778.36,-10.4,789.8,777,18-Aug-2026 16:00:29,768.5,N,-1.32,2571383869.12,EQ,HSCL,3303592,NIFTY INDIA MFG
1126.63,-15.9,1144.1,1115.6,18-Aug-2026 16:00:29,1115.6,N,-1.41,912720141.79,EQ,ZYDUSLIFE,810133,NIFTY INDIA MFG
5801.22,-83,5899,5790,18-Aug-2026 16:00:29,5722.7,N,-1.41,1808385304.5,EQ,KEI,311725,NIFTY INDIA MFG
7614.57,-114,7734,7546,18-Aug-2026 16:00:29,7528.5,N,-1.49,961407993.63,EQ,ABB,126259,NIFTY INDIA MFG
562.76,-9.5,569.1,558,18-Aug-2026 16:00:29,558,N,-1.67,1270037893.52,EQ,HINDZINC,2256802,NIFTY INDIA MFG
2071.92,-37.9,2104.8,2060,18-Aug-2026 16:00:29,2051.2,N,-1.81,121928348.16,EQ,COROMANDEL,58848,NIFTY INDIA MFG
5412.93,-100,5484,5350,18-Aug-2026 16:00:29,5350,N,-1.83,958456689.24,EQ,CUMMINSIND,177068,NIFTY INDIA MFG
314.47,-6.35,317.15,310.3,18-Aug-2026 16:00:29,310.3,N,-2.01,1660234616.43,EQ,BPCL,5279469,NIFTY INDIA MFG
3082.77,-63.6,3149.3,3070,18-Aug-2026 16:00:29,3052,N,-2.03,159561092.43,EQ,ESCORTS,51759,NIFTY INDIA MFG
266.3,-5.7,270.5,264,18-Aug-2026 16:00:29,264,N,-2.11,2602319017.9,EQ,VEDL,9772133,NIFTY INDIA MFG
4224.21,-95,4306,4195,18-Aug-2026 16:00:29,4190,N,-2.21,2165118835.5,EQ,GVT&D,512550,NIFTY INDIA MFG
325.41,-7.4,331.7,322.8,18-Aug-2026 16:00:29,322.8,N,-2.24,3210436486.2,EQ,TMPV,9865820,NIFTY INDIA MFG
9176.02,-231,9349.5,9139,18-Aug-2026 16:00:29,9049,N,-2.47,2352850816.26,EQ,POLYCAB,256413,NIFTY INDIA MFG
48.14,-1.22,48.95,47.78,18-Aug-2026 16:00:29,47.47,N,-2.49,3000000218.02,EQ,SUZLON,62318243,NIFTY INDIA MFG
36776.19,-935,37495,36425,18-Aug-2026 16:00:29,36425,N,-2.50,1701487206.54,EQ,PAGEIND,46266,NIFTY INDIA MFG
428.17,-10.95,434.15,425,18-Aug-2026 16:00:29,423.5,N,-2.51,3176527291.82,EQ,BHEL,7418846,NIFTY INDIA MFG
1479.28,138.8,1527.3,1527.3,18-Aug-2026 16:00:29,1384.7,N,10.00,7995829403.76,EQ,PARAS,5405217,NIFTY IND DEFENCE
1970.16,120.5,2012.4,1985,18-Aug-2026 16:00:29,1855.2,N,6.46,5403547981.2,EQ,ZENTEC,2742695,NIFTY IND DEFENCE
11623.95,634,11950,11757,18-Aug-2026 16:00:29,11112,N,5.70,392192073,EQ,DYNAMATECH,33740,NIFTY IND DEFENCE
4667.96,211.3,4750,4740,18-Aug-2026 16:00:29,4525,N,4.67,6468098090.52,EQ,DATAPATTNS,1385637,NIFTY IND DEFENCE
1752.87,74.9,1800,1782,18-Aug-2026 16:00:29,1706.5,N,4.39,547680725.76,EQ,ASTRAMICRO,312448,NIFTY IND DEFENCE
257.54,9.54,263.45,259.12,18-Aug-2026 16:00:29,248.23,N,3.82,1698640352.98,EQ,AEQUS,6595637,NIFTY IND DEFENCE
1605.91,53.4,1630,1606.8,18-Aug-2026 16:00:29,1555.9,N,3.44,378431085.59,EQ,AXISCADES,235649,NIFTY IND DEFENCE
2666.33,80.9,2688,2681,18-Aug-2026 16:00:29,2592.9,N,3.11,3375565781.01,EQ,GRSE,1265997,NIFTY IND DEFENCE
1950.29,52.6,1975,1961.1,18-Aug-2026 16:00:29,1895.3,N,2.76,1411894892.89,EQ,BEML,723941,NIFTY IND DEFENCE
435.07,9.2,439,437.8,18-Aug-2026 16:00:29,429,N,2.15,672266248.37,EQ,MIDHANI,1545191,NIFTY IND DEFENCE
1488.47,27.3,1501.6,1485.1,18-Aug-2026 16:00:29,1457,N,1.87,2025652869.12,EQ,COCHINSHIP,1360896,NIFTY IND DEFENCE
20196.9,280,20422,20280,18-Aug-2026 16:00:29,20030,N,1.40,3599148170.7,EQ,SOLARINDS,178203,NIFTY IND DEFENCE
1380.16,13,1401.5,1393,18-Aug-2026 16:00:29,1354.5,N,0.94,3599490403.84,EQ,BDL,2608024,NIFTY IND DEFENCE
7142.3,63,7195,7120,18-Aug-2026 16:00:29,6930,N,0.89,834906300.8,BE,MTARTECH,116896,NIFTY IND DEFENCE
5094.63,40,5120,5099,18-Aug-2026 16:00:29,5039,N,0.79,6309933607.98,EQ,HAL,1238546,NIFTY IND DEFENCE
2593.41,17.3,2618.2,2587,18-Aug-2026 16:00:29,2556.1,N,0.67,3188789507.34,EQ,MAZDOCK,1229574,NIFTY IND DEFENCE
386.38,1.95,390.5,389,18-Aug-2026 16:00:29,384,N,0.50,1107433469.26,EQ,APOLLO,2866177,NIFTY IND DEFENCE
2086.51,5.9,2098.9,2098.9,18-Aug-2026 16:00:29,2064,N,0.28,1609898953.25,EQ,BHARATFORG,771575,NIFTY IND DEFENCE
413.09,-0.45,416.35,412,18-Aug-2026 16:00:29,410.95,N,-0.11,3767766626.06,EQ,BEL,9120934,NIFTY IND DEFENCE
512.27,16.65,521.95,519.65,18-Aug-2026 16:00:29,503.3,N,3.31,211275003.83,EQ,THELEELA,412429,NIFTY IND TOURISM
1699.29,5.9,1725.5,1705.9,18-Aug-2026 16:00:29,1671.5,N,0.35,630752657.94,EQ,TBOTEK,371186,NIFTY IND TOURISM
101.86,0.08,102.56,101.39,18-Aug-2026 16:00:29,101.05,N,0.08,676281848.22,EQ,GMRAIRPORT,6639327,NIFTY IND TOURISM
295.97,0,297.45,296,18-Aug-2026 16:00:29,294.05,N,0.00,33065176.46,EQ,EIHOTEL,111718,NIFTY IND TOURISM
717.36,-1,721.8,719,18-Aug-2026 16:00:29,712.5,N,-0.14,826101732.96,EQ,INDHOTEL,1151586,NIFTY IND TOURISM
1344.4,-6.2,1389.3,1352,18-Aug-2026 16:00:29,1315.2,N,-0.46,176305960.4,EQ,TRAVELFOOD,131141,NIFTY IND TOURISM
108.81,-0.65,110.13,108.9,18-Aug-2026 16:00:29,107.88,N,-0.59,330216152.76,EQ,LEMONTREE,3034796,NIFTY IND TOURISM
5213.07,-55.5,5238,5220,18-Aug-2026 16:00:29,5138,N,-1.05,2892096548.46,EQ,INDIGO,554778,NIFTY IND TOURISM
165.06,-2.2,166.15,164.16,18-Aug-2026 16:00:29,164,N,-1.32,135004059.54,EQ,ITCHOTELS,817909,NIFTY IND TOURISM
495.05,-7.45,501,492.5,18-Aug-2026 16:00:29,492,N,-1.49,293170095.15,EQ,IRCTC,592203,NIFTY IND TOURISM
142.02,-2.15,144.56,141.5,18-Aug-2026 16:00:29,140.42,N,-1.50,261980743.5,EQ,DEVYANI,1844675,NIFTY IND TOURISM
833.79,-13,848.75,831.7,18-Aug-2026 16:00:29,826,N,-1.54,48175552.41,EQ,CHALET,57779,NIFTY IND TOURISM
270.98,-4.36,277.76,268.2,18-Aug-2026 16:00:29,264.82,N,-1.60,418915569.44,EQ,BLS,1545928,NIFTY IND TOURISM
231.75,-4.01,234.9,230.67,18-Aug-2026 16:00:29,229.05,N,-1.71,206279052.75,EQ,SAPPHIRE,890093,NIFTY IND TOURISM
503.43,-10.95,510.6,500.55,18-Aug-2026 16:00:29,496.4,N,-2.14,1150366245.51,EQ,JUBLFOOD,2285057,NIFTY IND TOURISM
3016.72,106.9,3058,3040,18-Aug-2026 16:00:29,2916,N,3.64,9616054437.92,EQ,MCX,3187586,NIFTY CAPITAL MKT
2189.85,20,2199,2196,18-Aug-2026 16:00:29,2172.7,N,0.92,289666788.45,EQ,ANANDRATHI,132277,NIFTY CAPITAL MKT
1727.33,13.8,1750,1745,18-Aug-2026 16:00:29,1696.4,N,0.80,590916138.34,EQ,NUVAMA,342098,NIFTY CAPITAL MKT
2513.32,2,2536.9,2525,18-Aug-2026 16:00:29,2491.3,N,0.08,1689086759.28,EQ,HDFCAMC,672054,NIFTY CAPITAL MKT
1011.13,-2,1022.6,1017,18-Aug-2026 16:00:29,1005,N,-0.20,109365843.06,EQ,ABSLAMC,108162,NIFTY CAPITAL MKT
287.97,-1.75,293.4,291.75,18-Aug-2026 16:00:29,281.6,N,-0.60,2090873282.01,EQ,ANGELONE,7260733,NIFTY CAPITAL MKT
3281.33,-24,3315.4,3308,18-Aug-2026 16:00:29,3235,N,-0.72,19054427366.26,EQ,BSE,5806922,NIFTY CAPITAL MKT
124.43,-0.9,125.49,124.4,18-Aug-2026 16:00:29,123.75,N,-0.72,246136351.73,EQ,IEX,1978111,NIFTY CAPITAL MKT
1170.42,-9.4,1185,1163.6,18-Aug-2026 16:00:29,1154,N,-0.80,800152951.32,EQ,360ONE,683646,NIFTY CAPITAL MKT
1343.9,-16.2,1361.5,1340.6,18-Aug-2026 16:00:29,1336,N,-1.19,1020611416,EQ,CDSL,759440,NIFTY CAPITAL MKT
3114.81,-44,3148.9,3092,18-Aug-2026 16:00:29,3088,N,-1.40,672527971.53,EQ,ICICIAMC,215913,NIFTY CAPITAL MKT
898.26,-14.15,910,893.15,18-Aug-2026 16:00:29,893.15,N,-1.56,68055770.64,EQ,UTIAMC,75764,NIFTY CAPITAL MKT
955.16,-15.4,979,957.6,18-Aug-2026 16:00:29,946,N,-1.58,1240554166.72,EQ,KFINTECH,1298792,NIFTY CAPITAL MKT
941.79,-17,961.35,938,18-Aug-2026 16:00:29,933.1,N,-1.78,981107848.92,EQ,MOTILALOFS,1041748,NIFTY CAPITAL MKT
761.37,-14.25,773.9,762,18-Aug-2026 16:00:29,757.55,N,-1.84,967023650.7,EQ,CAMS,1270110,NIFTY CAPITAL MKT
193.54,-5.11,198.25,193.58,18-Aug-2026 16:00:29,190.86,N,-2.57,11052479296.54,EQ,GROWW,57106951,NIFTY CAPITAL MKT
1176.01,-32.1,1205,1170.6,18-Aug-2026 16:00:29,1161.3,N,-2.67,1203279319.88,EQ,NAM-INDIA,1023188,NIFTY CAPITAL MKT
2933.23,217.6,2989,2959,18-Aug-2026 16:00:29,2755.8,N,7.94,12284381906.15,EQ,TIINDIA,4188005,NIFTY EV
48230.6,1760,48940,48730,18-Aug-2026 16:00:29,46775,N,3.75,4528419264.6,EQ,BOSCHLTD,93891,NIFTY EV
752.58,21.5,765.35,746.65,18-Aug-2026 16:00:29,727.8,N,2.96,1232141285.34,EQ,MINDACORP,1637223,NIFTY EV
818.15,18.9,827.35,824,18-Aug-2026 16:00:29,806,N,2.35,2343912207.95,EQ,SONACOMS,2864893,NIFTY EV
2653.01,46.3,2691,2670,18-Aug-2026 16:00:29,2601,N,1.76,376947619.83,EQ,ZFCVINDIA,142083,NIFTY EV
169.92,2.34,170.9,170.4,18-Aug-2026 16:00:29,168.1,N,1.39,2157318593.28,EQ,MOTHERSON,12696084,NIFTY EV
4062.47,46.4,4099.9,4075.3,18-Aug-2026 16:00:29,4012.6,N,1.15,435728344.79,EQ,SCHAEFFLER,107257,NIFTY EV
3421.63,31.1,3435,3421.5,18-Aug-2026 16:00:29,3390.2,N,0.92,4693326692.32,EQ,M&M,1371664,NIFTY EV
1322.76,6,1328.6,1322,18-Aug-2026 16:00:29,1311.2,N,0.46,13466446804.92,EQ,RELIANCE,10180567,NIFTY EV
40.4,0.13,40.7,40.46,18-Aug-2026 16:00:29,40.2,N,0.32,233662772.8,EQ,MSUMI,5783732,NIFTY EV
2086.51,5.9,2098.9,2098.9,18-Aug-2026 16:00:29,2064,N,0.28,1609898953.25,EQ,BHARATFORG,771575,NIFTY EV
1273.15,3.1,1281.2,1273,18-Aug-2026 16:00:29,1263,N,0.24,576304079,EQ,UNOMINDA,452660,NIFTY EV
1326.71,2.9,1337,1323,18-Aug-2026 16:00:29,1316.7,N,0.22,251009551.87,EQ,OLECTRA,189197,NIFTY EV
5729.98,0.5,5778,5745.5,18-Aug-2026 16:00:29,5694.5,N,0.01,2784420751.22,EQ,HEROMOTOCO,485939,NIFTY EV
4701.35,-2.3,4775,4705.2,18-Aug-2026 16:00:29,4651,N,-0.05,578656262.05,EQ,FLUOROCHEM,123083,NIFTY EV
620.24,-1.05,626.55,620.3,18-Aug-2026 16:00:29,617,N,-0.17,85746939.52,EQ,JBMA,138248,NIFTY EV
2203.71,-4,2221.9,2186,18-Aug-2026 16:00:29,2179,N,-0.18,1044728225.67,EQ,HYUNDAI,474077,NIFTY EV
469.22,-1.6,474.9,468.8,18-Aug-2026 16:00:29,463.5,N,-0.34,2992059220.52,EQ,TMCV,6376666,NIFTY EV
8072.48,-31.5,8107,8018.5,18-Aug-2026 16:00:29,8016.5,N,-0.39,2119026000,EQ,EICHERMOT,262500,NIFTY EV
176.27,-0.75,177.59,176.35,18-Aug-2026 16:00:29,174.5,N,-0.42,2504611263.96,EQ,ASHOKLEY,14208948,NIFTY EV
11674.12,-56,11768,11607,18-Aug-2026 16:00:29,11581,N,-0.48,2776292521.92,EQ,BAJAJ-AUTO,237816,NIFTY EV
13788.11,-69,13890,13691,18-Aug-2026 16:00:29,13691,N,-0.50,3687395621.63,EQ,MARUTI,267433,NIFTY EV
893.65,-4.6,900,894.2,18-Aug-2026 16:00:29,889,N,-0.51,1401828540.75,EQ,CGPOWER,1568655,NIFTY EV
3531.42,-20.3,3562,3508.2,18-Aug-2026 16:00:29,3495,N,-0.58,166905503.46,EQ,LTTS,47263,NIFTY EV
251.07,-1.65,253.6,251,18-Aug-2026 16:00:29,250,N,-0.65,74133941.04,EQ,JWL,295272,NIFTY EV
4366.96,-29.1,4407.1,4356.8,18-Aug-2026 16:00:29,4341.2,N,-0.66,1942816834.4,EQ,TVSMOTOR,444890,NIFTY EV
936.23,-7.65,952.8,938.05,18-Aug-2026 16:00:29,929.1,N,-0.81,389116848.83,EQ,ARE&M,415621,NIFTY EV
830.5,-9.65,844.7,832,18-Aug-2026 16:00:29,815.2,N,-1.15,1259351098.5,EQ,TATATECH,1516377,NIFTY EV
1475.17,-17.2,1504,1468,18-Aug-2026 16:00:29,1455,N,-1.16,4072510670.02,EQ,ATHERENERG,2760706,NIFTY EV
778.36,-10.4,789.8,777,18-Aug-2026 16:00:29,768.5,N,-1.32,2571383869.12,EQ,HSCL,3303592,NIFTY EV
5801.22,-83,5899,5790,18-Aug-2026 16:00:29,5722.7,N,-1.41,1808385304.5,EQ,KEI,311725,NIFTY EV
38.81,-0.59,39.65,38.63,18-Aug-2026 16:00:29,38.5,N,-1.50,705372215.72,EQ,OLAELEC,18175012,NIFTY EV
657,-11.15,667.05,651.75,18-Aug-2026 16:00:29,651,N,-1.68,213838389,EQ,TATACHEM,325477,NIFTY EV
600.69,-12.35,609.05,596.65,18-Aug-2026 16:00:29,596,N,-2.03,972701521.83,EQ,KPITTECH,1619307,NIFTY EV
18292.25,-405,18726,18200,18-Aug-2026 16:00:29,18081,N,-2.18,1412893390,EQ,FORCEMOT,77240,NIFTY EV
468.15,-10.55,477.6,465.15,18-Aug-2026 16:00:29,463.75,N,-2.22,722804405.85,EQ,EXIDEIND,1543959,NIFTY EV
325.41,-7.4,331.7,322.8,18-Aug-2026 16:00:29,322.8,N,-2.24,3210436486.2,EQ,TMPV,9865820,NIFTY EV
3684.47,-98,3759,3662,18-Aug-2026 16:00:29,3656,N,-2.61,707893536.63,EQ,TATAELXSI,192129,NIFTY EV
625.07,21.1,640,628.7,18-Aug-2026 16:00:29,606.85,N,3.47,6785497390.6,EQ,LENSKART,10855580,NIFTY NEW CONSUMP
13.9,0.41,14.31,14.12,18-Aug-2026 16:00:29,13.5,N,2.99,11409080621.3,EQ,IDEA,820797167,NIFTY NEW CONSUMP
121.91,3.33,125,123.3,18-Aug-2026 16:00:29,115.65,N,2.78,6352302439.72,EQ,PWL,52106492,NIFTY NEW CONSUMP
7319.1,91,7408,7350,18-Aug-2026 16:00:29,7252,N,1.25,4231720642.5,EQ,AMBER,578175,NIFTY NEW CONSUMP
1754.4,18.9,1767.5,1747,18-Aug-2026 16:00:29,1721.1,N,1.09,2223012520.8,EQ,POLICYBZR,1267107,NIFTY NEW CONSUMP
1207.39,13,1228.8,1205,18-Aug-2026 16:00:29,1188.5,N,1.09,559342735.74,EQ,PVRINOX,463266,NIFTY NEW CONSUMP
3421.63,31.1,3435,3421.5,18-Aug-2026 16:00:29,3390.2,N,0.92,4693326692.32,EQ,M&M,1371664,NIFTY NEW CONSUMP
14209.27,125,14420,14150,18-Aug-2026 16:00:29,14066,N,0.89,5504898546.32,EQ,DIXON,387416,NIFTY NEW CONSUMP
1727.33,13.8,1750,1745,18-Aug-2026 16:00:29,1696.4,N,0.80,590916138.34,EQ,NUVAMA,342098,NIFTY NEW CONSUMP
1924.42,10.2,1940,1940,18-Aug-2026 16:00:29,1905.1,N,0.53,878486183.48,EQ,PHOENIXLTD,456494,NIFTY NEW CONSUMP
2816.23,8.1,2855,2805,18-Aug-2026 16:00:29,2780.1,N,0.29,727775789.06,EQ,CARTRADE,258422,NIFTY NEW CONSUMP
105.26,0.13,106.95,105,18-Aug-2026 16:00:29,103.5,N,0.12,2585618534.38,EQ,ZEEL,24564113,NIFTY NEW CONSUMP
2513.32,2,2536.9,2525,18-Aug-2026 16:00:29,2491.3,N,0.08,1689086759.28,EQ,HDFCAMC,672054,NIFTY NEW CONSUMP
1295.27,0.7,1311.8,1299.7,18-Aug-2026 16:00:29,1286.1,N,0.05,1322763401.02,EQ,HAVELLS,1021226,NIFTY NEW CONSUMP
5729.98,0.5,5778,5745.5,18-Aug-2026 16:00:29,5694.5,N,0.01,2784420751.22,EQ,HEROMOTOCO,485939,NIFTY NEW CONSUMP
295.97,0,297.45,296,18-Aug-2026 16:00:29,294.05,N,0.00,33065176.46,EQ,EIHOTEL,111718,NIFTY NEW CONSUMP
1358.01,-0.9,1368.8,1354.9,18-Aug-2026 16:00:29,1331.1,N,-0.07,2091871813.95,EQ,NAUKRI,1540395,NIFTY NEW CONSUMP
628.22,-0.65,633,626.9,18-Aug-2026 16:00:29,621.95,N,-0.10,703137747.88,EQ,ANANTRAJ,1119254,NIFTY NEW CONSUMP
1590.44,-1.9,1612.6,1590,18-Aug-2026 16:00:29,1563.1,N,-0.12,1084164777.44,EQ,PRESTIGE,681676,NIFTY NEW CONSUMP
2956.69,-3.9,2980.4,2942.1,18-Aug-2026 16:00:29,2932.1,N,-0.13,2123849560.8,EQ,TRENT,718320,NIFTY NEW CONSUMP
1693.16,-21.9,1709.2,1690,18-Aug-2026 16:00:29,1682,N,-1.28,604938977.44,EQ,TATACOMM,357284,NIFTY NEW CONSUMP
89.16,-1.19,90.65,88.73,18-Aug-2026 16:00:29,88.6,N,-1.32,38142648,EQ,ABLBL,427800,NIFTY NEW CONSUMP
165.06,-2.2,166.15,164.16,18-Aug-2026 16:00:29,164,N,-1.32,135004059.54,EQ,ITCHOTELS,817909,NIFTY NEW CONSUMP
1659.18,-22.6,1675,1645,18-Aug-2026 16:00:29,1640.1,N,-1.36,1347871374.96,EQ,LGEINDIA,812372,NIFTY NEW CONSUMP
605.38,-8.4,612.4,601.6,18-Aug-2026 16:00:29,601.2,N,-1.38,3686197564.32,EQ,KALYANKJIL,6089064,NIFTY NEW CONSUMP
3114.81,-44,3148.9,3092,18-Aug-2026 16:00:29,3088,N,-1.40,672527971.53,EQ,ICICIAMC,215913,NIFTY NEW CONSUMP
495.05,-7.45,501,492.5,18-Aug-2026 16:00:29,492,N,-1.49,293170095.15,EQ,IRCTC,592203,NIFTY NEW CONSUMP
142.02,-2.15,144.56,141.5,18-Aug-2026 16:00:29,140.42,N,-1.50,261980743.5,EQ,DEVYANI,1844675,NIFTY NEW CONSUMP
38.81,-0.59,39.65,38.63,18-Aug-2026 16:00:29,38.5,N,-1.50,705372215.72,EQ,OLAELEC,18175012,NIFTY NEW CONSUMP
833.79,-13,848.75,831.7,18-Aug-2026 16:00:29,826,N,-1.54,48175552.41,EQ,CHALET,57779,NIFTY NEW CONSUMP
104.65,-1.79,106.17,103.71,18-Aug-2026 16:00:29,103.67,N,-1.70,554526326.9,EQ,VMM,5298866,NIFTY NEW CONSUMP
231.75,-4.01,234.9,230.67,18-Aug-2026 16:00:29,229.05,N,-1.71,206279052.75,EQ,SAPPHIRE,890093,NIFTY NEW CONSUMP
274.29,-4.8,277.8,274,18-Aug-2026 16:00:29,272,N,-1.72,2289462149.43,EQ,SWIGGY,8346867,NIFTY NEW CONSUMP
1944.23,-35.1,1959.7,1934.2,18-Aug-2026 16:00:29,1923.2,N,-1.78,13046317963.25,EQ,BHARTIARTL,6710275,NIFTY NEW CONSUMP
941.79,-17,961.35,938,18-Aug-2026 16:00:29,933.1,N,-1.78,981107848.92,EQ,MOTILALOFS,1041748,NIFTY NEW CONSUMP
207.37,-3.86,214.35,204.55,18-Aug-2026 16:00:29,203.82,N,-1.85,314383081.13,EQ,FIRSTCRY,1516049,NIFTY NEW CONSUMP
323.47,-6.45,328.45,320.6,18-Aug-2026 16:00:29,320.6,N,-1.97,543993084.74,EQ,NYKAA,1681742,NIFTY NEW CONSUMP
515.86,-10.4,524.8,513,18-Aug-2026 16:00:29,512,N,-1.99,171610630.34,EQ,SAREGAMA,332669,NIFTY NEW CONSUMP
503.43,-10.95,510.6,500.55,18-Aug-2026 16:00:29,496.4,N,-2.14,1150366245.51,EQ,JUBLFOOD,2285057,NIFTY NEW CONSUMP
1565.43,-33.9,1599,1546.3,18-Aug-2026 16:00:29,1546.3,N,-2.15,6023964057.03,EQ,PAYTM,3848121,NIFTY NEW CONSUMP
18292.25,-405,18726,18200,18-Aug-2026 16:00:29,18081,N,-2.18,1412893390,EQ,FORCEMOT,77240,NIFTY NEW CONSUMP
325.41,-7.4,331.7,322.8,18-Aug-2026 16:00:29,322.8,N,-2.24,3210436486.2,EQ,TMPV,9865820,NIFTY NEW CONSUMP
36776.19,-935,37495,36425,18-Aug-2026 16:00:29,36425,N,-2.50,1701487206.54,EQ,PAGEIND,46266,NIFTY NEW CONSUMP
193.54,-5.11,198.25,193.58,18-Aug-2026 16:00:29,190.86,N,-2.57,11052479296.54,EQ,GROWW,57106951,NIFTY NEW CONSUMP
1176.01,-32.1,1205,1170.6,18-Aug-2026 16:00:29,1161.3,N,-2.67,1203279319.88,EQ,NAM-INDIA,1023188,NIFTY NEW CONSUMP
1608.16,-45,1634,1596,18-Aug-2026 16:00:29,1595,N,-2.74,168094532.16,EQ,BHARTIHEXA,104526,NIFTY NEW CONSUMP
2011.59,-56.6,2055.2,1997.4,18-Aug-2026 16:00:29,1990.1,N,-2.76,1382264068.5,EQ,GODREJPROP,687150,NIFTY NEW CONSUMP
600.98,-17,614.3,597,18-Aug-2026 16:00:29,594.5,N,-2.77,1250945879.8,EQ,PGEL,2081510,NIFTY NEW CONSUMP
1228.58,-42.9,1260,1211.1,18-Aug-2026 16:00:29,1211.1,N,-3.42,1900761918.18,EQ,LODHA,1547121,NIFTY NEW CONSUMP
1903.22,-73,1960.7,1858,18-Aug-2026 16:00:29,1858,N,-3.78,3126204430.14,EQ,OBEROIRLTY,1642587,NIFTY NEW CONSUMP
2933.23,217.6,2989,2959,18-Aug-2026 16:00:29,2755.8,N,7.94,12284381906.15,EQ,TIINDIA,4188005,NIFTY MOBILITY
48230.6,1760,48940,48730,18-Aug-2026 16:00:29,46775,N,3.75,4528419264.6,EQ,BOSCHLTD,93891,NIFTY MOBILITY
818.15,18.9,827.35,824,18-Aug-2026 16:00:29,806,N,2.35,2343912207.95,EQ,SONACOMS,2864893,NIFTY MOBILITY
285.35,4.45,286.95,286.25,18-Aug-2026 16:00:29,281.8,N,1.58,836960655.7,EQ,PETRONET,2933102,NIFTY MOBILITY
169.92,2.34,170.9,170.4,18-Aug-2026 16:00:29,168.1,N,1.39,2157318593.28,EQ,MOTHERSON,12696084,NIFTY MOBILITY
3421.63,31.1,3435,3421.5,18-Aug-2026 16:00:29,3390.2,N,0.92,4693326692.32,EQ,M&M,1371664,NIFTY MOBILITY
172.6,1.4,173.55,173.5,18-Aug-2026 16:00:29,171.62,N,0.81,1049386425,EQ,GAIL,6079875,NIFTY MOBILITY
1322.76,6,1328.6,1322,18-Aug-2026 16:00:29,1311.2,N,0.46,13466446804.92,EQ,RELIANCE,10180567,NIFTY MOBILITY
133462.82,485,133900,133500,18-Aug-2026 16:00:29,132650,N,0.36,351941456.34,EQ,MRF,2637,NIFTY MOBILITY
2086.51,5.9,2098.9,2098.9,18-Aug-2026 16:00:29,2064,N,0.28,1609898953.25,EQ,BHARATFORG,771575,NIFTY MOBILITY
101.86,0.08,102.56,101.39,18-Aug-2026 16:00:29,101.05,N,0.08,676281848.22,EQ,GMRAIRPORT,6639327,NIFTY MOBILITY
5729.98,0.5,5778,5745.5,18-Aug-2026 16:00:29,5694.5,N,0.01,2784420751.22,EQ,HEROMOTOCO,485939,NIFTY MOBILITY
2203.71,-4,2221.9,2186,18-Aug-2026 16:00:29,2179,N,-0.18,1044728225.67,EQ,HYUNDAI,474077,NIFTY MOBILITY
469.22,-1.6,474.9,468.8,18-Aug-2026 16:00:29,463.5,N,-0.34,2992059220.52,EQ,TMCV,6376666,NIFTY MOBILITY
8072.48,-31.5,8107,8018.5,18-Aug-2026 16:00:29,8016.5,N,-0.39,2119026000,EQ,EICHERMOT,262500,NIFTY MOBILITY
176.27,-0.75,177.59,176.35,18-Aug-2026 16:00:29,174.5,N,-0.42,2504611263.96,EQ,ASHOKLEY,14208948,NIFTY MOBILITY
11674.12,-56,11768,11607,18-Aug-2026 16:00:29,11581,N,-0.48,2776292521.92,EQ,BAJAJ-AUTO,237816,NIFTY MOBILITY
13788.11,-69,13890,13691,18-Aug-2026 16:00:29,13691,N,-0.50,3687395621.63,EQ,MARUTI,267433,NIFTY MOBILITY
1680.69,-8.6,1693.7,1682.4,18-Aug-2026 16:00:29,1667,N,-0.51,2181812933.85,EQ,ADANIPORTS,1298165,NIFTY MOBILITY
138.46,-0.81,139.2,137.8,18-Aug-2026 16:00:29,137.75,N,-0.58,1150994441.8,EQ,IOC,8312830,NIFTY MOBILITY
4366.96,-29.1,4407.1,4356.8,18-Aug-2026 16:00:29,4341.2,N,-0.66,1942816834.4,EQ,TVSMOTOR,444890,NIFTY MOBILITY
317.92,-2.1,321.2,315.9,18-Aug-2026 16:00:29,315.55,N,-0.66,5845597265.44,EQ,ETERNAL,18387007,NIFTY MOBILITY
2385.71,-22.4,2413,2384.8,18-Aug-2026 16:00:29,2372,N,-0.93,131044664.59,EQ,BALKRISIND,54929,NIFTY MOBILITY
5213.07,-55.5,5238,5220,18-Aug-2026 16:00:29,5138,N,-1.05,2892096548.46,EQ,INDIGO,554778,NIFTY MOBILITY
520.55,-6.25,524.85,518.25,18-Aug-2026 16:00:29,517.55,N,-1.19,218364998.95,EQ,CONCOR,419489,NIFTY MOBILITY
369.37,-5,373.75,366,18-Aug-2026 16:00:29,365.95,N,-1.35,1965318409.47,EQ,HINDPETRO,5320731,NIFTY MOBILITY
495.05,-7.45,501,492.5,18-Aug-2026 16:00:29,492,N,-1.49,293170095.15,EQ,IRCTC,592203,NIFTY MOBILITY
274.29,-4.8,277.8,274,18-Aug-2026 16:00:29,272,N,-1.72,2289462149.43,EQ,SWIGGY,8346867,NIFTY MOBILITY
314.47,-6.35,317.15,310.3,18-Aug-2026 16:00:29,310.3,N,-2.01,1660234616.43,EQ,BPCL,5279469,NIFTY MOBILITY
325.41,-7.4,331.7,322.8,18-Aug-2026 16:00:29,322.8,N,-2.24,3210436486.2,EQ,TMPV,9865820,NIFTY MOBILITY
7319.1,91,7408,7350,18-Aug-2026 16:00:29,7252,N,1.25,4231720642.5,EQ,AMBER,578175,NIFTY COREHOUSING
14209.27,125,14420,14150,18-Aug-2026 16:00:29,14066,N,0.89,5504898546.32,EQ,DIXON,387416,NIFTY COREHOUSING
3279.61,28.2,3297.7,3278.7,18-Aug-2026 16:00:29,3250.5,N,0.87,4915672964.99,EQ,GRASIM,1498859,NIFTY COREHOUSING
24689.47,190,24935,24725,18-Aug-2026 16:00:29,24545,N,0.77,979060932.85,EQ,SHREECEM,39655,NIFTY COREHOUSING
1924.42,10.2,1940,1940,18-Aug-2026 16:00:29,1905.1,N,0.53,878486183.48,EQ,PHOENIXLTD,456494,NIFTY COREHOUSING
84.44,0.26,84.9,84.26,18-Aug-2026 16:00:29,84.07,N,0.31,159646486,EQ,BAJAJHFL,1890650,NIFTY COREHOUSING
5368.54,15,5399,5355,18-Aug-2026 16:00:29,5322,N,0.28,113405038.96,EQ,JKCEMENT,21124,NIFTY COREHOUSING
498.83,0.55,501.8,498.8,18-Aug-2026 16:00:29,495.9,N,0.11,924899658.54,EQ,LICHSGFIN,1854138,NIFTY COREHOUSING
1295.27,0.7,1311.8,1299.7,18-Aug-2026 16:00:29,1286.1,N,0.05,1322763401.02,EQ,HAVELLS,1021226,NIFTY COREHOUSING
1590.44,-1.9,1612.6,1590,18-Aug-2026 16:00:29,1563.1,N,-0.12,1084164777.44,EQ,PRESTIGE,681676,NIFTY COREHOUSING
1843.54,-6.9,1858.4,1837.1,18-Aug-2026 16:00:29,1831.6,N,-0.37,454725732.86,EQ,DALBHARAT,246659,NIFTY COREHOUSING
1143.54,-5,1153.9,1145.8,18-Aug-2026 16:00:29,1128.9,N,-0.43,845120658.06,EQ,PNBHOUSING,739039,NIFTY COREHOUSING
244.02,-1.7,245.75,244.8,18-Aug-2026 16:00:29,242.95,N,-0.69,318557129.1,EQ,CROMPTON,1305455,NIFTY COREHOUSING
412.55,-2.85,416.9,412.4,18-Aug-2026 16:00:29,409.9,N,-0.69,980891669.05,EQ,AMBUJACEM,2377631,NIFTY COREHOUSING
670.96,-5.25,682.5,665.75,18-Aug-2026 16:00:29,658.25,N,-0.78,4092825135.84,EQ,DLF,6099954,NIFTY COREHOUSING
908.65,-8.35,924.25,914.25,18-Aug-2026 16:00:29,897.15,N,-0.91,211697277,EQ,RAMCOCEM,232980,NIFTY COREHOUSING
1310.19,-12.1,1319.2,1304.5,18-Aug-2026 16:00:29,1301.1,N,-0.92,152707885.26,EQ,ACC,116554,NIFTY COREHOUSING
591.26,-5.7,600,588,18-Aug-2026 16:00:29,585,N,-0.96,211941285.82,EQ,BRIGADE,358457,NIFTY COREHOUSING
1501.9,-15.1,1535.4,1493,18-Aug-2026 16:00:29,1490,N,-1.00,866360501.7,EQ,BLUESTARCO,576843,NIFTY COREHOUSING
1255.48,-14.1,1272,1252.9,18-Aug-2026 16:00:29,1247,N,-1.11,1249855449.6,EQ,VOLTAS,995520,NIFTY COREHOUSING
5801.22,-83,5899,5790,18-Aug-2026 16:00:29,5722.7,N,-1.41,1808385304.5,EQ,KEI,311725,NIFTY COREHOUSING
11562.75,-182,11674,11499,18-Aug-2026 16:00:29,11499,N,-1.56,2432871976.5,EQ,ULTRACEMCO,210406,NIFTY COREHOUSING
543.76,-11.7,549.6,537.65,18-Aug-2026 16:00:29,537.3,N,-2.13,132366953.04,EQ,BERGEPAINT,243429,NIFTY COREHOUSING
2638.13,-59.1,2670.1,2628.4,18-Aug-2026 16:00:29,2610.1,N,-2.20,2683036248.86,EQ,ASIANPAINT,1017022,NIFTY COREHOUSING
1230.69,-29.6,1249.3,1222,18-Aug-2026 16:00:29,1219,N,-2.36,148757192.37,EQ,KAJARIACER,120873,NIFTY COREHOUSING
9176.02,-231,9349.5,9139,18-Aug-2026 16:00:29,9049,N,-2.47,2352850816.26,EQ,POLYCAB,256413,NIFTY COREHOUSING
2011.59,-56.6,2055.2,1997.4,18-Aug-2026 16:00:29,1990.1,N,-2.76,1382264068.5,EQ,GODREJPROP,687150,NIFTY COREHOUSING
600.98,-17,614.3,597,18-Aug-2026 16:00:29,594.5,N,-2.77,1250945879.8,EQ,PGEL,2081510,NIFTY COREHOUSING
1228.58,-42.9,1260,1211.1,18-Aug-2026 16:00:29,1211.1,N,-3.42,1900761918.18,EQ,LODHA,1547121,NIFTY COREHOUSING
1903.22,-73,1960.7,1858,18-Aug-2026 16:00:29,1858,N,-3.78,3126204430.14,EQ,OBEROIRLTY,1642587,NIFTY COREHOUSING
285.35,4.45,286.95,286.25,18-Aug-2026 16:00:29,281.8,N,1.58,836960655.7,EQ,PETRONET,2933102,NIFTY HOUSING
1240.4,15.7,1250.5,1243,18-Aug-2026 16:00:29,1223.4,N,1.28,6282250158.8,EQ,AXISBANK,5064697,NIFTY HOUSING
355.71,3.7,358.6,357.8,18-Aug-2026 16:00:29,352.5,N,1.04,1006075935.6,EQ,FEDERALBNK,2828360,NIFTY HOUSING
206.75,2.02,208.67,205.58,18-Aug-2026 16:00:29,203.57,N,0.99,3965819783,EQ,ADANIPOWER,19181716,NIFTY HOUSING
14209.27,125,14420,14150,18-Aug-2026 16:00:29,14066,N,0.89,5504898546.32,EQ,DIXON,387416,NIFTY HOUSING
1607.68,13.9,1630,1603,18-Aug-2026 16:00:29,1583.1,N,0.87,3688032389.12,EQ,ADANIENSOL,2294009,NIFTY HOUSING
3279.61,28.2,3297.7,3278.7,18-Aug-2026 16:00:29,3250.5,N,0.87,4915672964.99,EQ,GRASIM,1498859,NIFTY HOUSING
24689.47,190,24935,24725,18-Aug-2026 16:00:29,24545,N,0.77,979060932.85,EQ,SHREECEM,39655,NIFTY HOUSING
1924.42,10.2,1940,1940,18-Aug-2026 16:00:29,1905.1,N,0.53,878486183.48,EQ,PHOENIXLTD,456494,NIFTY HOUSING
1014.06,4.4,1019.5,1015,18-Aug-2026 16:00:29,1007,N,0.44,546941373.48,EQ,INDUSINDBK,539358,NIFTY HOUSING
5368.54,15,5399,5355,18-Aug-2026 16:00:29,5322,N,0.28,113405038.96,EQ,JKCEMENT,21124,NIFTY HOUSING
76.54,0.13,76.99,76.73,18-Aug-2026 16:00:29,76.2,N,0.17,408645758.82,EQ,NHPC,5338983,NIFTY HOUSING
498.83,0.55,501.8,498.8,18-Aug-2026 16:00:29,495.9,N,0.11,924899658.54,EQ,LICHSGFIN,1854138,NIFTY HOUSING
1295.27,0.7,1311.8,1299.7,18-Aug-2026 16:00:29,1286.1,N,0.05,1322763401.02,EQ,HAVELLS,1021226,NIFTY HOUSING
338.13,0.1,339.3,337.1,18-Aug-2026 16:00:29,333.9,N,0.03,3362361676.83,EQ,NTPC,9943991,NIFTY HOUSING
1590.44,-1.9,1612.6,1590,18-Aug-2026 16:00:29,1563.1,N,-0.12,1084164777.44,EQ,PRESTIGE,681676,NIFTY HOUSING
380.53,-0.5,382.05,381,18-Aug-2026 16:00:29,378.4,N,-0.13,1075932973.27,EQ,TATAPOWER,2827459,NIFTY HOUSING
1410.78,-3.3,1416.6,1412,18-Aug-2026 16:00:29,1406.3,N,-0.23,11773238434.44,EQ,ICICIBANK,8345198,NIFTY HOUSING
185.31,-0.5,187.11,185.5,18-Aug-2026 16:00:29,184.33,N,-0.27,2481938551.71,EQ,TATASTEEL,13393441,NIFTY HOUSING
84.92,-0.29,85.47,84.76,18-Aug-2026 16:00:29,84.6,N,-0.34,747816814.36,EQ,IDFCFIRSTB,8806133,NIFTY HOUSING
4070.83,-22.4,4085,4064.3,18-Aug-2026 16:00:29,4050,N,-0.55,5518315377.25,EQ,LT,1355575,NIFTY HOUSING
412.55,-2.85,416.9,412.4,18-Aug-2026 16:00:29,409.9,N,-0.69,980891669.05,EQ,AMBUJACEM,2377631,NIFTY HOUSING
244.02,-1.7,245.75,244.8,18-Aug-2026 16:00:29,242.95,N,-0.69,318557129.1,EQ,CROMPTON,1305455,NIFTY HOUSING
880.04,-6.2,887,875,18-Aug-2026 16:00:29,874,N,-0.70,411192529.72,EQ,INDIANB,467243,NIFTY HOUSING
117.06,-0.82,117.99,116.5,18-Aug-2026 16:00:29,116.5,N,-0.70,919696756.62,EQ,PNB,7856627,NIFTY HOUSING
1056.82,-8.2,1067.7,1053,18-Aug-2026 16:00:29,1053,N,-0.77,5901040868.22,EQ,SBIN,5583771,NIFTY HOUSING
670.96,-5.25,682.5,665.75,18-Aug-2026 16:00:29,658.25,N,-0.78,4092825135.84,EQ,DLF,6099954,NIFTY HOUSING
1274.49,-10.2,1285.8,1267.6,18-Aug-2026 16:00:29,1265,N,-0.80,916379976.33,EQ,JSWSTEEL,719017,NIFTY HOUSING
724.69,-6,729,723,18-Aug-2026 16:00:29,723,N,-0.82,12983913457.83,EQ,HDFCBANK,17916507,NIFTY HOUSING
1501.9,-15.1,1535.4,1493,18-Aug-2026 16:00:29,1490,N,-1.00,866360501.7,EQ,BLUESTARCO,576843,NIFTY HOUSING
245.14,-2.55,247.28,244,18-Aug-2026 16:00:29,243.9,N,-1.03,863337974.24,EQ,BANKBARODA,3521816,NIFTY HOUSING
1255.48,-14.1,1272,1252.9,18-Aug-2026 16:00:29,1247,N,-1.11,1249855449.6,EQ,VOLTAS,995520,NIFTY HOUSING
225.93,-2.79,227.88,225,18-Aug-2026 16:00:29,225,N,-1.22,490941597.33,EQ,RVNL,2172981,NIFTY HOUSING
390.41,-5.05,392.9,387.65,18-Aug-2026 16:00:29,387.65,N,-1.29,2207045120.27,EQ,KOTAKBANK,5653147,NIFTY HOUSING
1108.13,-14.6,1119.7,1101.5,18-Aug-2026 16:00:29,1100,N,-1.31,622740248.62,EQ,JINDALSTEL,561974,NIFTY HOUSING
550.55,-7.4,556.6,548.1,18-Aug-2026 16:00:29,547.7,N,-1.33,658207850.3,EQ,JSWENERGY,1195546,NIFTY HOUSING
5801.22,-83,5899,5790,18-Aug-2026 16:00:29,5722.7,N,-1.41,1808385304.5,EQ,KEI,311725,NIFTY HOUSING
1322.65,-19.6,1336.4,1308,18-Aug-2026 16:00:29,1308,N,-1.48,1223795139,EQ,ADANIGREEN,925260,NIFTY HOUSING
742.46,-11.2,756,732.8,18-Aug-2026 16:00:29,728.2,N,-1.51,488808935.44,EQ,JSL,658364,NIFTY HOUSING
129.65,-2,131,129.1,18-Aug-2026 16:00:29,129.1,N,-1.53,858636425.9,EQ,CANBK,6622726,NIFTY HOUSING
11562.75,-182,11674,11499,18-Aug-2026 16:00:29,11499,N,-1.56,2432871976.5,EQ,ULTRACEMCO,210406,NIFTY HOUSING
186.86,-3.4,190.58,185.5,18-Aug-2026 16:00:29,185.5,N,-1.80,1248975416.62,EQ,UNIONBANK,6684017,NIFTY HOUSING
171.62,-3.4,174.67,170.2,18-Aug-2026 16:00:29,169.86,N,-1.96,1897009907.76,EQ,SAIL,11053548,NIFTY HOUSING
22.6,-0.46,22.97,22.46,18-Aug-2026 16:00:29,22.45,N,-2.01,1125869443.2,EQ,YESBANK,49817232,NIFTY HOUSING
2638.13,-59.1,2670.1,2628.4,18-Aug-2026 16:00:29,2610.1,N,-2.20,2683036248.86,EQ,ASIANPAINT,1017022,NIFTY HOUSING
9176.02,-231,9349.5,9139,18-Aug-2026 16:00:29,9049,N,-2.47,2352850816.26,EQ,POLYCAB,256413,NIFTY HOUSING
2011.59,-56.6,2055.2,1997.4,18-Aug-2026 16:00:29,1990.1,N,-2.76,1382264068.5,EQ,GODREJPROP,687150,NIFTY HOUSING
1228.58,-42.9,1260,1211.1,18-Aug-2026 16:00:29,1211.1,N,-3.42,1900761918.18,EQ,LODHA,1547121,NIFTY HOUSING
1274.94,-49.3,1319,1263.5,18-Aug-2026 16:00:29,1259,N,-3.76,454391165.88,EQ,TORNTPOWER,356402,NIFTY HOUSING
1903.22,-73,1960.7,1858,18-Aug-2026 16:00:29,1858,N,-3.78,3126204430.14,EQ,OBEROIRLTY,1642587,NIFTY HOUSING
98.16,9.54,101.5,100,18-Aug-2026 16:00:29,88.65,N,10.55,292123178.4,EQ,REGAAL,2975990,NIFTY IPO
942.83,86.6,952.75,952.75,18-Aug-2026 16:00:29,905,N,10.00,9660255979.43,EQ,INDOMIM,10246021,NIFTY IPO
60.52,3.43,63.56,60.57,18-Aug-2026 16:00:29,56.55,N,6.00,34000014.96,EQ,ALPINETEX,561798,NIFTY IPO
130.51,7.37,134.79,132,18-Aug-2026 16:00:29,124.01,N,5.91,825582507.18,EQ,WAKEFIT,6325818,NIFTY IPO
165.36,9.3,172.5,168,18-Aug-2026 16:00:29,155.41,N,5.86,143478903.36,EQ,XTRANET,867676,NIFTY IPO
184.88,10.32,190,188.95,18-Aug-2026 16:00:29,178.58,N,5.78,21817319.04,EQ,INDIQUBE,118008,NIFTY IPO
564.32,27.4,577.7,573.6,18-Aug-2026 16:00:29,543.45,N,5.02,781621009.44,EQ,LCL,1385067,NIFTY IPO
65.01,3.16,66.41,66.41,18-Aug-2026 16:00:29,63.02,N,5.00,30453024.36,BE,HEXAGON,468436,NIFTY IPO
1139.2,52,1174.9,1162,18-Aug-2026 16:00:29,1075.3,N,4.68,86803622.4,EQ,MIDWESTLTD,76197,NIFTY IPO
46.19,1.79,46.9,46.25,18-Aug-2026 16:00:29,45.41,N,4.03,13493761.84,EQ,HILINFRA,292136,NIFTY IPO
257.54,9.54,263.45,259.12,18-Aug-2026 16:00:29,248.23,N,3.82,1698640352.98,EQ,AEQUS,6595637,NIFTY IPO
620.46,22.7,633.85,624.5,18-Aug-2026 16:00:29,595.45,N,3.77,1064718666.9,EQ,SHREEJISPG,1716015,NIFTY IPO
123.18,4.33,124.9,124.21,18-Aug-2026 16:00:29,119.52,N,3.61,219403042.44,EQ,SAMBHV,1781158,NIFTY IPO
625.07,21.1,640,628.7,18-Aug-2026 16:00:29,606.85,N,3.47,6785497390.6,EQ,LENSKART,10855580,NIFTY IPO
158.46,5.09,160,158.8,18-Aug-2026 16:00:29,154.25,N,3.31,101631648.66,EQ,SOLARWORLD,641371,NIFTY IPO
121.91,3.33,125,123.3,18-Aug-2026 16:00:29,115.65,N,2.78,6352302439.72,EQ,PWL,52106492,NIFTY IPO
578.23,15.55,587.5,580,18-Aug-2026 16:00:29,564,N,2.75,255851162.79,EQ,OMNI,442473,NIFTY IPO
522.32,13.55,539,528.9,18-Aug-2026 16:00:29,506,N,2.63,545293200.56,EQ,CMLL,1043983,NIFTY IPO
62.81,1.63,64.86,63.97,18-Aug-2026 16:00:29,60.61,N,2.61,779203021.96,EQ,ARDEE,12405716,NIFTY IPO
504.08,12.8,515.7,507.75,18-Aug-2026 16:00:29,491.6,N,2.59,70590859.12,EQ,SMARTWORKS,140039,NIFTY IPO
690.97,16.1,701,700,18-Aug-2026 16:00:29,674.85,N,2.35,354757126.43,EQ,HDBFS,513419,NIFTY IPO
459.32,7.6,475,472,18-Aug-2026 16:00:29,450,N,1.64,322644281.48,EQ,UTLSOLAR,702439,NIFTY IPO
168.91,2.22,172.89,171.99,18-Aug-2026 16:00:29,166.55,N,1.31,104096699.35,EQ,AYE,616285,NIFTY IPO
118.01,1.44,120.06,118.5,18-Aug-2026 16:00:29,115.81,N,1.23,22919076.13,EQ,ADVANCE,194213,NIFTY IPO
360.43,4.4,363.9,363.65,18-Aug-2026 16:00:29,355.1,N,1.22,307826322.79,EQ,TATACAP,854053,NIFTY IPO
221.88,2.45,225.3,224,18-Aug-2026 16:00:29,218.3,N,1.11,118203685.56,EQ,EPACKPEB,532737,NIFTY IPO
326.7,3.15,331.5,327.5,18-Aug-2026 16:00:29,320.4,N,0.97,712584318.6,EQ,LASERPOWER,2181158,NIFTY IPO
829.65,7.8,833.95,831,18-Aug-2026 16:00:29,820.5,N,0.95,61343491.35,EQ,CORDELIA,73939,NIFTY IPO
152.59,1.43,154.97,152.79,18-Aug-2026 16:00:29,145,N,0.94,461581698.2,EQ,GKSL,3024980,NIFTY IPO
213.87,1.86,216.43,215,18-Aug-2026 16:00:29,208,N,0.87,46528487.85,EQ,ALLTIME,217555,NIFTY IPO
205.41,-2.86,208.74,204.7,18-Aug-2026 16:00:29,203.05,N,-1.38,110071618.83,EQ,KNACK,535863,NIFTY IPO
831.54,-11.65,852.4,823,18-Aug-2026 16:00:29,816,N,-1.40,1368529406.58,EQ,BLUESTONE,1645777,NIFTY IPO
3114.81,-44,3148.9,3092,18-Aug-2026 16:00:29,3088,N,-1.40,672527971.53,EQ,ICICIAMC,215913,NIFTY IPO
544.78,-8.15,558.95,543.8,18-Aug-2026 16:00:29,540.6,N,-1.48,33072504.24,EQ,SAIPARENT,60708,NIFTY IPO
182.07,-2.75,187,180.1,18-Aug-2026 16:00:29,173.72,N,-1.50,127308806.1,EQ,AEROPLANE,699230,NIFTY IPO
161.82,-2.45,165.41,160.18,18-Aug-2026 16:00:29,159.25,N,-1.51,2200558786.92,EQ,PINELABS,13598806,NIFTY IPO
65.02,-1.09,65.9,65.01,18-Aug-2026 16:00:29,64.81,N,-1.65,1956906.94,BE,GLOTTIS,30097,NIFTY IPO
697.2,-11.8,707,696,18-Aug-2026 16:00:29,690,N,-1.67,86071431.6,EQ,WEWORK,123453,NIFTY IPO
998.48,-19.05,1030.4,1003.3,18-Aug-2026 16:00:29,985.25,N,-1.86,225035425.44,EQ,KSHINTL,225378,NIFTY IPO
48.4,-0.95,49.95,48.9,18-Aug-2026 16:00:29,47.1,N,-1.91,1856720.8,EQ,VMSTMT,38362,NIFTY IPO
297.9,-5.9,303.3,296,18-Aug-2026 16:00:29,295.8,N,-1.95,161784723.6,EQ,JAINREC,543084,NIFTY IPO
516.83,-10.55,527.5,515,18-Aug-2026 16:00:29,509.3,N,-2.01,63553034.61,EQ,CAPILLARY,122967,NIFTY IPO
61.7,-1.34,62.84,61.2,18-Aug-2026 16:00:29,60.8,N,-2.14,59380203.4,EQ,VIKRAN,962402,NIFTY IPO
193.54,-5.11,198.25,193.58,18-Aug-2026 16:00:29,190.86,N,-2.57,11052479296.54,EQ,GROWW,57106951,NIFTY IPO
152.51,-4.65,158.5,145.5,18-Aug-2026 16:00:29,144.11,N,-3.10,1386527736.39,EQ,TURTLEMINT,9091389,NIFTY IPO
276.64,-9.45,283.4,274.3,18-Aug-2026 16:00:29,272.4,N,-3.33,41415774.4,EQ,EUROPRATIK,149710,NIFTY IPO
576.37,-23,595,570,18-Aug-2026 16:00:29,568,N,-3.88,176809566.68,EQ,EBGNG,306764,NIFTY IPO
180.89,-7.2,186.75,175.9,18-Aug-2026 16:00:29,175.5,N,-3.93,4103357419.41,EQ,VIKRAMSOLR,22684269,NIFTY IPO
131.66,-5.45,135.9,131.11,18-Aug-2026 16:00:29,130.02,N,-3.99,20470760.12,EQ,LAXMIINDIA,155482,NIFTY IPO
257.53,-12.69,269.97,254.15,18-Aug-2026 16:00:29,251.21,N,-4.76,668205107.57,EQ,SHANTIGOLD,2594669,NIFTY IPO
13.9,0.41,14.31,14.12,18-Aug-2026 16:00:29,13.5,N,2.99,11409080621.3,EQ,IDEA,820797167,NIFTY MS IND CONS
5471.61,101,5510,5475,18-Aug-2026 16:00:29,5374,N,1.88,695047675.08,EQ,ALKEM,127028,NIFTY MS IND CONS
14209.27,125,14420,14150,18-Aug-2026 16:00:29,14066,N,0.89,5504898546.32,EQ,DIXON,387416,NIFTY MS IND CONS
913.58,7.95,918.25,916.7,18-Aug-2026 16:00:29,905.35,N,0.87,1012452195.5,EQ,FORTIS,1108225,NIFTY MS IND CONS
4684.91,39.5,4732.9,4732.9,18-Aug-2026 16:00:29,4625.5,N,0.84,1938545484.35,EQ,RADICO,413785,NIFTY MS IND CONS
1924.42,10.2,1940,1940,18-Aug-2026 16:00:29,1905.1,N,0.53,878486183.48,EQ,PHOENIXLTD,456494,NIFTY MS IND CONS
1295.27,0.7,1311.8,1299.7,18-Aug-2026 16:00:29,1286.1,N,0.05,1322763401.02,EQ,HAVELLS,1021226,NIFTY MS IND CONS
5729.98,0.5,5778,5745.5,18-Aug-2026 16:00:29,5694.5,N,0.01,2784420751.22,EQ,HEROMOTOCO,485939,NIFTY MS IND CONS
2375.14,-0.9,2395,2380,18-Aug-2026 16:00:29,2363.3,N,-0.04,869581506.52,EQ,MANKIND,366118,NIFTY MS IND CONS
1358.01,-0.9,1368.8,1354.9,18-Aug-2026 16:00:29,1331.1,N,-0.07,2091871813.95,EQ,NAUKRI,1540395,NIFTY MS IND CONS
1590.44,-1.9,1612.6,1590,18-Aug-2026 16:00:29,1563.1,N,-0.12,1084164777.44,EQ,PRESTIGE,681676,NIFTY MS IND CONS
350.81,-2.25,353.9,351.65,18-Aug-2026 16:00:29,345.8,N,-0.64,1364805256.4,EQ,PATANJALI,3890440,NIFTY MS IND CONS
244.02,-1.7,245.75,244.8,18-Aug-2026 16:00:29,242.95,N,-0.69,318557129.1,EQ,CROMPTON,1305455,NIFTY MS IND CONS
403.78,-3.3,406.8,403.5,18-Aug-2026 16:00:29,402.1,N,-0.81,748509193.9,EQ,DABUR,1853755,NIFTY MS IND CONS
1501.9,-15.1,1535.4,1493,18-Aug-2026 16:00:29,1490,N,-1.00,866360501.7,EQ,BLUESTARCO,576843,NIFTY MS IND CONS
1255.48,-14.1,1272,1252.9,18-Aug-2026 16:00:29,1247,N,-1.11,1249855449.6,EQ,VOLTAS,995520,NIFTY MS IND CONS
847.6,-10.5,855.6,841.55,18-Aug-2026 16:00:29,841.55,N,-1.23,455625684.8,EQ,MARICO,537548,NIFTY MS IND CONS
165.06,-2.2,166.15,164.16,18-Aug-2026 16:00:29,164,N,-1.32,135004059.54,EQ,ITCHOTELS,817909,NIFTY MS IND CONS
605.38,-8.4,612.4,601.6,18-Aug-2026 16:00:29,601.2,N,-1.38,3686197564.32,EQ,KALYANKJIL,6089064,NIFTY MS IND CONS
26616.35,-385,26900,26520,18-Aug-2026 16:00:29,26510,N,-1.43,120013122.15,EQ,ABBOTINDIA,4509,NIFTY MS IND CONS
495.05,-7.45,501,492.5,18-Aug-2026 16:00:29,492,N,-1.49,293170095.15,EQ,IRCTC,592203,NIFTY MS IND CONS
104.65,-1.79,106.17,103.71,18-Aug-2026 16:00:29,103.67,N,-1.70,554526326.9,EQ,VMM,5298866,NIFTY MS IND CONS
274.29,-4.8,277.8,274,18-Aug-2026 16:00:29,272,N,-1.72,2289462149.43,EQ,SWIGGY,8346867,NIFTY MS IND CONS
323.47,-6.45,328.45,320.6,18-Aug-2026 16:00:29,320.6,N,-1.97,543993084.74,EQ,NYKAA,1681742,NIFTY MS IND CONS
503.43,-10.95,510.6,500.55,18-Aug-2026 16:00:29,496.4,N,-2.14,1150366245.51,EQ,JUBLFOOD,2285057,NIFTY MS IND CONS
36776.19,-935,37495,36425,18-Aug-2026 16:00:29,36425,N,-2.50,1701487206.54,EQ,PAGEIND,46266,NIFTY MS IND CONS
2011.59,-56.6,2055.2,1997.4,18-Aug-2026 16:00:29,1990.1,N,-2.76,1382264068.5,EQ,GODREJPROP,687150,NIFTY MS IND CONS
1914.98,-61,1958.9,1903,18-Aug-2026 16:00:29,1901.7,N,-3.11,1382270863.6,EQ,COLPAL,721820,NIFTY MS IND CONS
1274.94,-49.3,1319,1263.5,18-Aug-2026 16:00:29,1259,N,-3.76,454391165.88,EQ,TORNTPOWER,356402,NIFTY MS IND CONS
1903.22,-73,1960.7,1858,18-Aug-2026 16:00:29,1858,N,-3.78,3126204430.14,EQ,OBEROIRLTY,1642587,NIFTY MS IND CONS
439.52,5.45,443.3,439.3,18-Aug-2026 16:00:29,434.6,N,1.26,1773064115.84,EQ,VBL,4034092,NIFTY NONCYC CONS
14209.27,125,14420,14150,18-Aug-2026 16:00:29,14066,N,0.89,5504898546.32,EQ,DIXON,387416,NIFTY NONCYC CONS
929.63,3,936.4,931,18-Aug-2026 16:00:29,920,N,0.32,1350740304.81,EQ,GODREJCP,1452987,NIFTY NONCYC CONS
1295.27,0.7,1311.8,1299.7,18-Aug-2026 16:00:29,1286.1,N,0.05,1322763401.02,EQ,HAVELLS,1021226,NIFTY NONCYC CONS
1358.01,-0.9,1368.8,1354.9,18-Aug-2026 16:00:29,1331.1,N,-0.07,2091871813.95,EQ,NAUKRI,1540395,NIFTY NONCYC CONS
2956.69,-3.9,2980.4,2942.1,18-Aug-2026 16:00:29,2932.1,N,-0.13,2123849560.8,EQ,TRENT,718320,NIFTY NONCYC CONS
717.36,-1,721.8,719,18-Aug-2026 16:00:29,712.5,N,-0.14,826101732.96,EQ,INDHOTEL,1151586,NIFTY NONCYC CONS
3990.86,-14,4019.1,3981,18-Aug-2026 16:00:29,3946.7,N,-0.35,1354218523.8,EQ,DMART,339330,NIFTY NONCYC CONS
5056.71,-19.9,5094.9,5048.6,18-Aug-2026 16:00:29,5042.5,N,-0.39,1794489847.83,EQ,TITAN,354873,NIFTY NONCYC CONS
5526.18,-26,5561,5495,18-Aug-2026 16:00:29,5490,N,-0.47,1555177575.6,EQ,BRITANNIA,281420,NIFTY NONCYC CONS
1467.72,-7.5,1479.8,1462.5,18-Aug-2026 16:00:29,1453,N,-0.51,2664228827.52,EQ,NESTLEIND,1815216,NIFTY NONCYC CONS
317.92,-2.1,321.2,315.9,18-Aug-2026 16:00:29,315.55,N,-0.66,5845597265.44,EQ,ETERNAL,18387007,NIFTY NONCYC CONS
403.78,-3.3,406.8,403.5,18-Aug-2026 16:00:29,402.1,N,-0.81,748509193.9,EQ,DABUR,1853755,NIFTY NONCYC CONS
2041.15,-20,2060,2035,18-Aug-2026 16:00:29,2034.9,N,-0.97,2519995625.4,EQ,HINDUNILVR,1234596,NIFTY NONCYC CONS
1068.06,-11,1079.1,1061.6,18-Aug-2026 16:00:29,1061.6,N,-1.03,1003896295.5,EQ,TATACONSUM,939925,NIFTY NONCYC CONS
5213.07,-55.5,5238,5220,18-Aug-2026 16:00:29,5138,N,-1.05,2892096548.46,EQ,INDIGO,554778,NIFTY NONCYC CONS
1255.48,-14.1,1272,1252.9,18-Aug-2026 16:00:29,1247,N,-1.11,1249855449.6,EQ,VOLTAS,995520,NIFTY NONCYC CONS
271.01,-3.05,273.65,270,18-Aug-2026 16:00:29,269.15,N,-1.12,3946331627.72,EQ,ITC,14561572,NIFTY NONCYC CONS
847.6,-10.5,855.6,841.55,18-Aug-2026 16:00:29,841.55,N,-1.23,455625684.8,EQ,MARICO,537548,NIFTY NONCYC CONS
1693.16,-21.9,1709.2,1690,18-Aug-2026 16:00:29,1682,N,-1.28,604938977.44,EQ,TATACOMM,357284,NIFTY NONCYC CONS
495.05,-7.45,501,492.5,18-Aug-2026 16:00:29,492,N,-1.49,293170095.15,EQ,IRCTC,592203,NIFTY NONCYC CONS
1531.77,-24.1,1550,1520.9,18-Aug-2026 16:00:29,1520,N,-1.56,503474417.76,EQ,UNITDSPR,328688,NIFTY NONCYC CONS
104.65,-1.79,106.17,103.71,18-Aug-2026 16:00:29,103.67,N,-1.70,554526326.9,EQ,VMM,5298866,NIFTY NONCYC CONS
274.29,-4.8,277.8,274,18-Aug-2026 16:00:29,272,N,-1.72,2289462149.43,EQ,SWIGGY,8346867,NIFTY NONCYC CONS
1944.23,-35.1,1959.7,1934.2,18-Aug-2026 16:00:29,1923.2,N,-1.78,13046317963.25,EQ,BHARTIARTL,6710275,NIFTY NONCYC CONS
323.47,-6.45,328.45,320.6,18-Aug-2026 16:00:29,320.6,N,-1.97,543993084.74,EQ,NYKAA,1681742,NIFTY NONCYC CONS
503.43,-10.95,510.6,500.55,18-Aug-2026 16:00:29,496.4,N,-2.14,1150366245.51,EQ,JUBLFOOD,2285057,NIFTY NONCYC CONS
2638.13,-59.1,2670.1,2628.4,18-Aug-2026 16:00:29,2610.1,N,-2.20,2683036248.86,EQ,ASIANPAINT,1017022,NIFTY NONCYC CONS
36776.19,-935,37495,36425,18-Aug-2026 16:00:29,36425,N,-2.50,1701487206.54,EQ,PAGEIND,46266,NIFTY NONCYC CONS
1914.98,-61,1958.9,1903,18-Aug-2026 16:00:29,1901.7,N,-3.11,1382270863.6,EQ,COLPAL,721820,NIFTY NONCYC CONS
320.11,10.1,325.8,325.1,18-Aug-2026 16:00:29,307.55,N,3.21,3254090049.07,EQ,LTF,10165537,NIFTY RURAL
13.9,0.41,14.31,14.12,18-Aug-2026 16:00:29,13.5,N,2.99,11409080621.3,EQ,IDEA,820797167,NIFTY RURAL
4605.65,98.4,4658,4622.3,18-Aug-2026 16:00:29,4510,N,2.18,373453735.9,EQ,SUNDARMFIN,81086,NIFTY RURAL
2487.37,43,2545,2515,18-Aug-2026 16:00:29,2458.6,N,1.74,1551865168.26,EQ,PIIND,623898,NIFTY RURAL
206.75,2.02,208.67,205.58,18-Aug-2026 16:00:29,203.57,N,0.99,3965819783,EQ,ADANIPOWER,19181716,NIFTY RURAL
3421.63,31.1,3435,3421.5,18-Aug-2026 16:00:29,3390.2,N,0.92,4693326692.32,EQ,M&M,1371664,NIFTY RURAL
14209.27,125,14420,14150,18-Aug-2026 16:00:29,14066,N,0.89,5504898546.32,EQ,DIXON,387416,NIFTY RURAL
3279.61,28.2,3297.7,3278.7,18-Aug-2026 16:00:29,3250.5,N,0.87,4915672964.99,EQ,GRASIM,1498859,NIFTY RURAL
1574.75,12.8,1587.9,1584.5,18-Aug-2026 16:00:29,1547,N,0.81,1661038426.25,EQ,MFSL,1054795,NIFTY RURAL
24689.47,190,24935,24725,18-Aug-2026 16:00:29,24545,N,0.77,979060932.85,EQ,SHREECEM,39655,NIFTY RURAL
1094.84,5,1100,1094.3,18-Aug-2026 16:00:29,1087.6,N,0.46,3694009867.12,EQ,BAJFINANCE,3374018,NIFTY RURAL
3606.3,14,3622.8,3604,18-Aug-2026 16:00:29,3580,N,0.39,382260587.4,EQ,SUPREMEIND,105998,NIFTY RURAL
929.63,3,936.4,931,18-Aug-2026 16:00:29,920,N,0.32,1350740304.81,EQ,GODREJCP,1452987,NIFTY RURAL
5368.54,15,5399,5355,18-Aug-2026 16:00:29,5322,N,0.28,113405038.96,EQ,JKCEMENT,21124,NIFTY RURAL
2900.18,5.6,2929.1,2894.1,18-Aug-2026 16:00:29,2875,N,0.19,1448439797.58,EQ,MUTHOOTFIN,499431,NIFTY RURAL
76.54,0.13,76.99,76.73,18-Aug-2026 16:00:29,76.2,N,0.17,408645758.82,EQ,NHPC,5338983,NIFTY RURAL
498.83,0.55,501.8,498.8,18-Aug-2026 16:00:29,495.9,N,0.11,924899658.54,EQ,LICHSGFIN,1854138,NIFTY RURAL
1295.27,0.7,1311.8,1299.7,18-Aug-2026 16:00:29,1286.1,N,0.05,1322763401.02,EQ,HAVELLS,1021226,NIFTY RURAL
338.13,0.1,339.3,337.1,18-Aug-2026 16:00:29,333.9,N,0.03,3362361676.83,EQ,NTPC,9943991,NIFTY RURAL
5729.98,0.5,5778,5745.5,18-Aug-2026 16:00:29,5694.5,N,0.01,2784420751.22,EQ,HEROMOTOCO,485939,NIFTY RURAL
1877.36,-16.7,1889.7,1868,18-Aug-2026 16:00:29,1866.6,N,-0.89,982428120.08,EQ,CHOLAFIN,523303,NIFTY RURAL
1310.19,-12.1,1319.2,1304.5,18-Aug-2026 16:00:29,1301.1,N,-0.92,152707885.26,EQ,ACC,116554,NIFTY RURAL
2041.15,-20,2060,2035,18-Aug-2026 16:00:29,2034.9,N,-0.97,2519995625.4,EQ,HINDUNILVR,1234596,NIFTY RURAL
1501.9,-15.1,1535.4,1493,18-Aug-2026 16:00:29,1490,N,-1.00,866360501.7,EQ,BLUESTARCO,576843,NIFTY RURAL
1068.06,-11,1079.1,1061.6,18-Aug-2026 16:00:29,1061.6,N,-1.03,1003896295.5,EQ,TATACONSUM,939925,NIFTY RURAL
245.14,-2.55,247.28,244,18-Aug-2026 16:00:29,243.9,N,-1.03,863337974.24,EQ,BANKBARODA,3521816,NIFTY RURAL
1255.48,-14.1,1272,1252.9,18-Aug-2026 16:00:29,1247,N,-1.11,1249855449.6,EQ,VOLTAS,995520,NIFTY RURAL
271.01,-3.05,273.65,270,18-Aug-2026 16:00:29,269.15,N,-1.12,3946331627.72,EQ,ITC,14561572,NIFTY RURAL
142.89,-1.65,144.42,142.1,18-Aug-2026 16:00:29,142.1,N,-1.15,340387699.74,EQ,BANKINDIA,2382166,NIFTY RURAL
1524.87,-18.3,1545,1520,18-Aug-2026 16:00:29,1517.1,N,-1.19,268901675.28,EQ,ASTRAL,176344,NIFTY RURAL
1110.42,-13.6,1124.9,1108.4,18-Aug-2026 16:00:29,1098.6,N,-1.21,2967857288.28,EQ,SHRIRAMFIN,2672734,NIFTY RURAL
847.6,-10.5,855.6,841.55,18-Aug-2026 16:00:29,841.55,N,-1.23,455625684.8,EQ,MARICO,537548,NIFTY RURAL
565.15,-7.05,570.05,560.05,18-Aug-2026 16:00:29,560,N,-1.24,987158808,EQ,UPL,1746720,NIFTY RURAL
1693.16,-21.9,1709.2,1690,18-Aug-2026 16:00:29,1682,N,-1.28,604938977.44,EQ,TATACOMM,357284,NIFTY RURAL
550.55,-7.4,556.6,548.1,18-Aug-2026 16:00:29,547.7,N,-1.33,658207850.3,EQ,JSWENERGY,1195546,NIFTY RURAL
1322.65,-19.6,1336.4,1308,18-Aug-2026 16:00:29,1308,N,-1.48,1223795139,EQ,ADANIGREEN,925260,NIFTY RURAL
495.05,-7.45,501,492.5,18-Aug-2026 16:00:29,492,N,-1.49,293170095.15,EQ,IRCTC,592203,NIFTY RURAL
11562.75,-182,11674,11499,18-Aug-2026 16:00:29,11499,N,-1.56,2432871976.5,EQ,ULTRACEMCO,210406,NIFTY RURAL
171.52,-2.75,174,170.5,18-Aug-2026 16:00:29,170.21,N,-1.59,780201256.96,EQ,BANDHANBNK,4548748,NIFTY RURAL
505.37,-8.8,510.6,498.2,18-Aug-2026 16:00:29,498.2,N,-1.74,800742087.79,EQ,ICICIPRULI,1584467,NIFTY RURAL
1944.23,-35.1,1959.7,1934.2,18-Aug-2026 16:00:29,1923.2,N,-1.78,13046317963.25,EQ,BHARTIARTL,6710275,NIFTY RURAL
2071.92,-37.9,2104.8,2060,18-Aug-2026 16:00:29,2051.2,N,-1.81,121928348.16,EQ,COROMANDEL,58848,NIFTY RURAL
5412.93,-100,5484,5350,18-Aug-2026 16:00:29,5350,N,-1.83,958456689.24,EQ,CUMMINSIND,177068,NIFTY RURAL
3082.77,-63.6,3149.3,3070,18-Aug-2026 16:00:29,3052,N,-2.03,159561092.43,EQ,ESCORTS,51759,NIFTY RURAL
543.76,-11.7,549.6,537.65,18-Aug-2026 16:00:29,537.3,N,-2.13,132366953.04,EQ,BERGEPAINT,243429,NIFTY RURAL
2638.13,-59.1,2670.1,2628.4,18-Aug-2026 16:00:29,2610.1,N,-2.20,2683036248.86,EQ,ASIANPAINT,1017022,NIFTY RURAL
325.41,-7.4,331.7,322.8,18-Aug-2026 16:00:29,322.8,N,-2.24,3210436486.2,EQ,TMPV,9865820,NIFTY RURAL
1914.98,-61,1958.9,1903,18-Aug-2026 16:00:29,1901.7,N,-3.11,1382270863.6,EQ,COLPAL,721820,NIFTY RURAL
1274.94,-49.3,1319,1263.5,18-Aug-2026 16:00:29,1259,N,-3.76,454391165.88,EQ,TORNTPOWER,356402,NIFTY RURAL
622.79,-26.75,643.15,615,18-Aug-2026 16:00:29,613.9,N,-4.17,1724963260.65,EQ,SBICARD,2769735,NIFTY RURAL
2933.23,217.6,2989,2959,18-Aug-2026 16:00:29,2755.8,N,7.94,12284381906.15,EQ,TIINDIA,4188005,NIFTY TRANS LOGIS
48230.6,1760,48940,48730,18-Aug-2026 16:00:29,46775,N,3.75,4528419264.6,EQ,BOSCHLTD,93891,NIFTY TRANS LOGIS
818.15,18.9,827.35,824,18-Aug-2026 16:00:29,806,N,2.35,2343912207.95,EQ,SONACOMS,2864893,NIFTY TRANS LOGIS
169.92,2.34,170.9,170.4,18-Aug-2026 16:00:29,168.1,N,1.39,2157318593.28,EQ,MOTHERSON,12696084,NIFTY TRANS LOGIS
4062.47,46.4,4099.9,4075.3,18-Aug-2026 16:00:29,4012.6,N,1.15,435728344.79,EQ,SCHAEFFLER,107257,NIFTY TRANS LOGIS
3421.63,31.1,3435,3421.5,18-Aug-2026 16:00:29,3390.2,N,0.92,4693326692.32,EQ,M&M,1371664,NIFTY TRANS LOGIS
2593.41,17.3,2618.2,2587,18-Aug-2026 16:00:29,2556.1,N,0.67,3188789507.34,EQ,MAZDOCK,1229574,NIFTY TRANS LOGIS
133462.82,485,133900,133500,18-Aug-2026 16:00:29,132650,N,0.36,351941456.34,EQ,MRF,2637,NIFTY TRANS LOGIS
2086.51,5.9,2098.9,2098.9,18-Aug-2026 16:00:29,2064,N,0.28,1609898953.25,EQ,BHARATFORG,771575,NIFTY TRANS LOGIS
1273.15,3.1,1281.2,1273,18-Aug-2026 16:00:29,1263,N,0.24,576304079,EQ,UNOMINDA,452660,NIFTY TRANS LOGIS
101.86,0.08,102.56,101.39,18-Aug-2026 16:00:29,101.05,N,0.08,676281848.22,EQ,GMRAIRPORT,6639327,NIFTY TRANS LOGIS
5729.98,0.5,5778,5745.5,18-Aug-2026 16:00:29,5694.5,N,0.01,2784420751.22,EQ,HEROMOTOCO,485939,NIFTY TRANS LOGIS
2203.71,-4,2221.9,2186,18-Aug-2026 16:00:29,2179,N,-0.18,1044728225.67,EQ,HYUNDAI,474077,NIFTY TRANS LOGIS
436.83,-1.15,438.95,435.55,18-Aug-2026 16:00:29,434.25,N,-0.26,103192350.9,EQ,APOLLOTYRE,236230,NIFTY TRANS LOGIS
469.22,-1.6,474.9,468.8,18-Aug-2026 16:00:29,463.5,N,-0.34,2992059220.52,EQ,TMCV,6376666,NIFTY TRANS LOGIS
8072.48,-31.5,8107,8018.5,18-Aug-2026 16:00:29,8016.5,N,-0.39,2119026000,EQ,EICHERMOT,262500,NIFTY TRANS LOGIS
176.27,-0.75,177.59,176.35,18-Aug-2026 16:00:29,174.5,N,-0.42,2504611263.96,EQ,ASHOKLEY,14208948,NIFTY TRANS LOGIS
11674.12,-56,11768,11607,18-Aug-2026 16:00:29,11581,N,-0.48,2776292521.92,EQ,BAJAJ-AUTO,237816,NIFTY TRANS LOGIS
13788.11,-69,13890,13691,18-Aug-2026 16:00:29,13691,N,-0.50,3687395621.63,EQ,MARUTI,267433,NIFTY TRANS LOGIS
1680.69,-8.6,1693.7,1682.4,18-Aug-2026 16:00:29,1667,N,-0.51,2181812933.85,EQ,ADANIPORTS,1298165,NIFTY TRANS LOGIS
317.92,-2.1,321.2,315.9,18-Aug-2026 16:00:29,315.55,N,-0.66,5845597265.44,EQ,ETERNAL,18387007,NIFTY TRANS LOGIS
4366.96,-29.1,4407.1,4356.8,18-Aug-2026 16:00:29,4341.2,N,-0.66,1942816834.4,EQ,TVSMOTOR,444890,NIFTY TRANS LOGIS
451.97,-4.2,456.95,451.8,18-Aug-2026 16:00:29,448.8,N,-0.92,660110772.43,EQ,DELHIVERY,1460519,NIFTY TRANS LOGIS
2385.71,-22.4,2413,2384.8,18-Aug-2026 16:00:29,2372,N,-0.93,131044664.59,EQ,BALKRISIND,54929,NIFTY TRANS LOGIS
5213.07,-55.5,5238,5220,18-Aug-2026 16:00:29,5138,N,-1.05,2892096548.46,EQ,INDIGO,554778,NIFTY TRANS LOGIS
520.55,-6.25,524.85,518.25,18-Aug-2026 16:00:29,517.55,N,-1.19,218364998.95,EQ,CONCOR,419489,NIFTY TRANS LOGIS
495.05,-7.45,501,492.5,18-Aug-2026 16:00:29,492,N,-1.49,293170095.15,EQ,IRCTC,592203,NIFTY TRANS LOGIS
274.29,-4.8,277.8,274,18-Aug-2026 16:00:29,272,N,-1.72,2289462149.43,EQ,SWIGGY,8346867,NIFTY TRANS LOGIS
468.15,-10.55,477.6,465.15,18-Aug-2026 16:00:29,463.75,N,-2.22,722804405.85,EQ,EXIDEIND,1543959,NIFTY TRANS LOGIS
325.41,-7.4,331.7,322.8,18-Aug-2026 16:00:29,322.8,N,-2.24,3210436486.2,EQ,TMPV,9865820,NIFTY TRANS LOGIS
117.45,106.75,218.65,218.65,18-Aug-2026 15:59:58,218.65,N,95.40,5989950,ST,INNOMET,51000,NIFTY SME EMERGE
306.27,191.7,509.75,509.75,18-Aug-2026 15:59:58,509.4,N,60.27,1470096,ST,APSISAERO,4800,NIFTY SME EMERGE
220.67,38.45,230.9,230.9,18-Aug-2026 15:59:58,195.9,N,19.98,70173060,SM,SUPREMEPWR,318000,NIFTY SME EMERGE
299.12,40.4,314.35,302.5,18-Aug-2026 15:59:58,269,N,15.41,192393984,SM,E2ERAIL,643200,NIFTY SME EMERGE
849.06,100.05,900,873,18-Aug-2026 15:59:58,781.15,N,12.94,229670730,SM,ALPEXSOLAR,270500,NIFTY SME EMERGE
203.38,21.65,215.4,215.4,18-Aug-2026 15:59:58,211.2,N,11.17,2196504,ST,FROG,10800,NIFTY SME EMERGE
143.56,15,150,150,18-Aug-2026 15:59:58,139,N,11.11,516816,SM,SPCON,3600,NIFTY SME EMERGE
101.67,10.15,106,106,18-Aug-2026 15:59:58,97,N,10.59,2562084,SM,KATARIA,25200,NIFTY SME EMERGE
349.16,33.95,358,356,18-Aug-2026 15:59:58,329,N,10.54,7279986,SM,SHREEKARNI,20850,NIFTY SME EMERGE
1420.99,139.45,1494,1470,18-Aug-2026 15:59:58,1350,N,10.48,44334888,SM,VINYAS,31200,NIFTY SME EMERGE
97.01,9.45,99.95,99.9,18-Aug-2026 15:59:58,91,N,10.45,8148840,SM,BIOPOL,84000,NIFTY SME EMERGE
110.3,10.6,116.7,116.7,18-Aug-2026 15:59:58,104.5,N,9.99,6176800,SM,PRAMARA,56000,NIFTY SME EMERGE
16.25,1.1,18,17.5,18-Aug-2026 15:59:58,17.5,N,6.71,341250,ST,NEWJAISA,21000,NIFTY SME EMERGE
90.35,5.7,94.5,92.2,18-Aug-2026 15:59:58,85.9,N,6.59,5059600,SM,ELGNZ,56000,NIFTY SME EMERGE
80.65,5,82,82,18-Aug-2026 15:59:58,79.95,N,6.49,387120,SM,PROFX,4800,NIFTY SME EMERGE
450.7,28.05,463,463,18-Aug-2026 15:59:58,440,N,6.45,24878640,SM,TAURIAN,55200,NIFTY SME EMERGE
338.89,20.8,346.9,346.8,18-Aug-2026 15:59:58,323,N,6.38,62101592.5,SM,SJLOGISTIC,183250,NIFTY SME EMERGE
15.2,0.9,15.9,15.25,18-Aug-2026 15:59:58,14.75,N,6.27,1064000,SM,ENSER,70000,NIFTY SME EMERGE
22.4,1.3,23,22.5,18-Aug-2026 15:59:58,21.45,N,6.13,1612800,SM,CANARYS,72000,NIFTY SME EMERGE
69.95,3.95,69.95,69.95,18-Aug-2026 15:59:58,69.95,N,5.98,104925,SM,DKEGL,1500,NIFTY SME EMERGE
13.85,0.75,13.95,13.5,18-Aug-2026 15:59:58,13.5,N,5.88,110800,SM,NIDAN,8000,NIFTY SME EMERGE
371.53,20.6,382.45,382.45,18-Aug-2026 15:59:58,362,N,5.69,17536216,SM,AKIKO,47200,NIFTY SME EMERGE
150.76,8.6,164.95,160,18-Aug-2026 15:59:58,130,N,5.68,339210,SM,KORE,2250,NIFTY SME EMERGE
0,5.95,0,112.7,18-Aug-2026 15:31:47,0,N,5.57,0,SM,BAGDIGITAL,0,NIFTY SME EMERGE
179.53,9.55,187.85,181,18-Aug-2026 15:59:58,165,N,5.57,8940594,SM,BASILIC,49800,NIFTY SME EMERGE
106.66,5.55,109,109,18-Aug-2026 15:59:58,100.35,N,5.36,4991688,SM,WOMANCART,46800,NIFTY SME EMERGE
500.66,24.15,545,488,18-Aug-2026 15:59:58,457.05,N,5.21,22529700,SM,SUNLITE,45000,NIFTY SME EMERGE
1735.38,84.3,1780,1747,18-Aug-2026 15:59:58,1642.35,N,5.07,94751748,SM,AIMTRON,54600,NIFTY SME EMERGE
112.45,5.35,112.45,112.45,18-Aug-2026 15:59:58,112.45,N,5.00,7871500,ST,UHTL,70000,NIFTY SME EMERGE
98.16,4.75,99.75,99.75,18-Aug-2026 15:59:58,95,N,5.00,294480,SM,MEGAFLEX,3000,NIFTY SME EMERGE
87.28,-4.8,92.55,87,18-Aug-2026 15:59:58,84.95,N,-5.23,2448204,SM,KDL,28050,NIFTY SME EMERGE
129.32,-7,135,125,18-Aug-2026 15:59:58,125,N,-5.30,775920,SM,SAVY,6000,NIFTY SME EMERGE
89.7,-5,91,86,18-Aug-2026 15:59:58,86,N,-5.49,753480,SM,MGSL,8400,NIFTY SME EMERGE
58.5,-3.4,58.5,58.5,18-Aug-2026 15:59:58,58.5,N,-5.49,234000,SM,SHRITECH,4000,NIFTY SME EMERGE
140.63,-8,148,136.9,18-Aug-2026 15:59:58,133.25,N,-5.52,15328670,SM,JAYESH,109000,NIFTY SME EMERGE
61.34,-3.8,63.5,60.3,18-Aug-2026 15:59:58,60,N,-5.93,6134000,SM,DURLAX,100000,NIFTY SME EMERGE
16.03,-1.05,16.05,16,18-Aug-2026 15:59:58,16,N,-6.16,76944,SM,CELLPOINT,4800,NIFTY SME EMERGE
34.25,-2.45,34.25,34.25,18-Aug-2026 15:59:58,34.25,N,-6.68,27400,SM,BMETRICS,800,NIFTY SME EMERGE
230.94,-16.5,243.95,228.8,18-Aug-2026 15:59:58,226.5,N,-6.73,69732333,SM,C2C,301950,NIFTY SME EMERGE
67.64,-5,71,68,18-Aug-2026 15:59:58,66.5,N,-6.85,4545408,SM,INVICTA,67200,NIFTY SME EMERGE
26.4,-1.9,23.55,23.55,18-Aug-2026 15:59:58,23.55,N,-7.47,31680,ST,ATCENERGY,1200,NIFTY SME EMERGE
176.22,-14.5,188,177.5,18-Aug-2026 15:59:58,172.8,N,-7.55,42927192,SM,ESCONET,243600,NIFTY SME EMERGE
33.15,-3,33.8,32.6,18-Aug-2026 15:59:58,32.6,N,-8.43,430950,SM,SATECH,13000,NIFTY SME EMERGE
124.47,-12.1,131,118.6,18-Aug-2026 15:59:58,114.25,N,-9.26,2987280,SM,APRAMEYA,24000,NIFTY SME EMERGE
69.26,-8,75,67,18-Aug-2026 15:59:58,66.5,N,-10.67,1773056,SM,BRACEPORT,25600,NIFTY SME EMERGE
40.79,-5.6,44,39.05,18-Aug-2026 15:59:58,39,N,-12.54,326320,SM,SUNREST,8000,NIFTY SME EMERGE
0,-88.5,0,0,18-Aug-2026 15:50:14,0,N,-100.00,0,SM,BIRDYS,0,NIFTY SME EMERGE
0,-505,0,0,18-Aug-2026 15:50:26,0,N,-100.00,0,SM,GRCL,0,NIFTY SME EMERGE
0,-114.85,0,0,18-Aug-2026 15:31:51,0,N,-100.00,0,SM,PATTECH,0,NIFTY SME EMERGE
0,-107.6,0,0,18-Aug-2026 15:31:49,0,N,-100.00,0,SM,VISAMAN,0,NIFTY SME EMERGE
121.91,3.33,125,123.3,18-Aug-2026 16:00:29,115.65,N,2.78,6352302439.72,EQ,PWL,52106492,NIFTY INTERNET
353.89,4.15,356.65,354.25,18-Aug-2026 16:00:29,348.75,N,1.19,455594093.21,EQ,NAZARA,1287389,NIFTY INTERNET
1754.4,18.9,1767.5,1747,18-Aug-2026 16:00:29,1721.1,N,1.09,2223012520.8,EQ,POLICYBZR,1267107,NIFTY INTERNET
30.75,0.18,31.45,30.66,18-Aug-2026 16:00:29,30.2,N,0.59,94250072.25,EQ,RTNINDIA,3065043,NIFTY INTERNET
1699.29,5.9,1725.5,1705.9,18-Aug-2026 16:00:29,1671.5,N,0.35,630752657.94,EQ,TBOTEK,371186,NIFTY INTERNET
2816.23,8.1,2855,2805,18-Aug-2026 16:00:29,2780.1,N,0.29,727775789.06,EQ,CARTRADE,258422,NIFTY INTERNET
334.77,0.85,336.4,335.4,18-Aug-2026 16:00:29,333.7,N,0.25,52729957.47,EQ,IIFLCAPS,157511,NIFTY INTERNET
144.77,-0.09,146.7,144.51,18-Aug-2026 16:00:29,143.01,N,-0.06,1611451373.78,EQ,URBANCO,11131114,NIFTY INTERNET
1358.01,-0.9,1368.8,1354.9,18-Aug-2026 16:00:29,1331.1,N,-0.07,2091871813.95,EQ,NAUKRI,1540395,NIFTY INTERNET
394.49,-1.55,401.55,394.25,18-Aug-2026 16:00:29,388.15,N,-0.39,33016446.06,EQ,STYL,83694,NIFTY INTERNET
192.64,-0.81,193.82,193.01,18-Aug-2026 16:00:29,190.61,N,-0.42,1026133561.6,EQ,MEESHO,5326690,NIFTY INTERNET
172.09,-1.01,174.8,171.5,18-Aug-2026 16:00:29,170.25,N,-0.59,60009331.81,EQ,IXIGO,348709,NIFTY INTERNET
287.97,-1.75,293.4,291.75,18-Aug-2026 16:00:29,281.6,N,-0.60,2090873282.01,EQ,ANGELONE,7260733,NIFTY INTERNET
317.92,-2.1,321.2,315.9,18-Aug-2026 16:00:29,315.55,N,-0.66,5845597265.44,EQ,ETERNAL,18387007,NIFTY INTERNET
102.97,-0.68,104.43,103,18-Aug-2026 16:00:29,102,N,-0.66,45740715.58,EQ,THOMASCOOK,444214,NIFTY INTERNET
174.97,-1.19,177,175,18-Aug-2026 16:00:29,174,N,-0.68,33148591.41,EQ,CRIZAC,189453,NIFTY INTERNET
15.08,-0.15,15.21,15.06,18-Aug-2026 16:00:29,15.04,N,-0.99,92289268.24,EQ,CCAVENUE,6119978,NIFTY INTERNET
1753.59,-20.9,1785.9,1749.1,18-Aug-2026 16:00:29,1737.4,N,-1.18,183858650.73,EQ,INDIAMART,104847,NIFTY INTERNET
495.05,-7.45,501,492.5,18-Aug-2026 16:00:29,492,N,-1.49,293170095.15,EQ,IRCTC,592203,NIFTY INTERNET
161.82,-2.45,165.41,160.18,18-Aug-2026 16:00:29,159.25,N,-1.51,2200558786.92,EQ,PINELABS,13598806,NIFTY INTERNET
274.29,-4.8,277.8,274,18-Aug-2026 16:00:29,272,N,-1.72,2289462149.43,EQ,SWIGGY,8346867,NIFTY INTERNET
941.79,-17,961.35,938,18-Aug-2026 16:00:29,933.1,N,-1.78,981107848.92,EQ,MOTILALOFS,1041748,NIFTY INTERNET
207.37,-3.86,214.35,204.55,18-Aug-2026 16:00:29,203.82,N,-1.85,314383081.13,EQ,FIRSTCRY,1516049,NIFTY INTERNET
323.47,-6.45,328.45,320.6,18-Aug-2026 16:00:29,320.6,N,-1.97,543993084.74,EQ,NYKAA,1681742,NIFTY INTERNET
1565.43,-33.9,1599,1546.3,18-Aug-2026 16:00:29,1546.3,N,-2.15,6023964057.03,EQ,PAYTM,3848121,NIFTY INTERNET
193.54,-5.11,198.25,193.58,18-Aug-2026 16:00:29,190.86,N,-2.57,11052479296.54,EQ,GROWW,57106951,NIFTY INTERNET
665.34,-20.3,683.35,660,18-Aug-2026 16:00:29,658,N,-2.98,116081204.46,EQ,JUSTDIAL,174469,NIFTY INTERNET
283.88,19.25,289,285.65,18-Aug-2026 16:00:29,264,N,7.23,791954513.88,EQ,PFOCUS,2789751,NIFTY WAVES
22.63,1.08,22.87,22.87,18-Aug-2026 16:00:29,20.87,N,4.96,76991604.96,EQ,AQYLON,3402192,NIFTY WAVES
113.35,2.62,114.05,113.55,18-Aug-2026 16:00:29,110.93,N,2.36,3606797,EQ,TVTODAY,31820,NIFTY WAVES
271.97,4.65,277.05,272.2,18-Aug-2026 16:00:29,265.4,N,1.74,21466864.07,EQ,SIGNPOST,78931,NIFTY WAVES
353.89,4.15,356.65,354.25,18-Aug-2026 16:00:29,348.75,N,1.19,455594093.21,EQ,NAZARA,1287389,NIFTY WAVES
1207.39,13,1228.8,1205,18-Aug-2026 16:00:29,1188.5,N,1.09,559342735.74,EQ,PVRINOX,463266,NIFTY WAVES
10.25,0.11,10.43,10.37,18-Aug-2026 16:00:29,10.13,N,1.07,120119.75,EQ,RAJTV,11719,NIFTY WAVES
99.57,0.83,101.18,98.3,18-Aug-2026 16:00:29,97.01,N,0.85,4646135.34,EQ,RKSWAMY,46662,NIFTY WAVES
3.03,0.02,3.1,2.99,18-Aug-2026 16:00:29,2.97,N,0.67,28921.35,EQ,RADAAN,9545,NIFTY WAVES
4.43,0.02,4.52,4.48,18-Aug-2026 16:00:29,4.4,N,0.45,317219.01,EQ,BAGFILMS,71607,NIFTY WAVES
6.39,0.01,6.5,6.36,18-Aug-2026 16:00:29,6.25,N,0.16,170478.81,EQ,SAMBHAAV,26679,NIFTY WAVES
105.26,0.13,106.95,105,18-Aug-2026 16:00:29,103.5,N,0.12,2585618534.38,EQ,ZEEL,24564113,NIFTY WAVES
2.8,0,2.84,2.81,18-Aug-2026 16:00:29,2.76,N,0.00,2475247.6,EQ,DISHTV,884017,NIFTY WAVES
92.2,-0.09,93.35,92.63,18-Aug-2026 16:00:29,91.21,N,-0.10,9966174.6,EQ,BALAJITELE,108093,NIFTY WAVES
654.55,-0.75,662.4,655.5,18-Aug-2026 16:00:29,650,N,-0.11,127781251,EQ,TIPSMUSIC,195220,NIFTY WAVES
483.61,-0.55,486.95,482.7,18-Aug-2026 16:00:29,482.15,N,-0.11,78483132.46,EQ,SUNTV,162286,NIFTY WAVES
100.93,-0.16,102.97,100.86,18-Aug-2026 16:00:29,100.5,N,-0.16,7364357.45,EQ,ENIL,72965,NIFTY WAVES
6.18,-0.02,6.33,6.19,18-Aug-2026 16:00:29,6.12,N,-0.32,2898.42,EQ,CREATIVEYE,469,NIFTY WAVES
6.7,-0.03,6.82,6.63,18-Aug-2026 16:00:29,6.6,N,-0.45,583536.5,EQ,RADIOCITY,87095,NIFTY WAVES
8.93,-0.05,9.05,8.9,18-Aug-2026 16:00:29,8.89,N,-0.56,11227251.43,EQ,BTML,1257251,NIFTY WAVES
66.48,-0.45,67.88,66.02,18-Aug-2026 16:00:29,65.78,N,-0.68,1922402.16,EQ,UFO,28917,NIFTY WAVES
87.65,-0.6,89.1,87.89,18-Aug-2026 16:00:29,85.35,N,-0.68,998245.85,EQ,CINELINE,11389,NIFTY WAVES
10.54,-0.08,10.61,10.51,18-Aug-2026 16:00:29,10.5,N,-0.76,8696691.02,EQ,HATHWAY,825113,NIFTY WAVES
24.25,-0.19,24.49,24.14,18-Aug-2026 16:00:29,23.73,N,-0.78,138588.75,EQ,DGCONTENT,5715,NIFTY WAVES
15.59,-0.14,16.28,15.45,18-Aug-2026 16:00:29,15.45,N,-0.90,122802.43,EQ,SILLYMONKS,7877,NIFTY WAVES
53.45,-0.59,54.5,53.45,18-Aug-2026 16:00:29,53,N,-1.09,764762.6,EQ,GTPL,14308,NIFTY WAVES
18.21,-0.2,18.7,17.9,18-Aug-2026 16:00:29,17.9,N,-1.10,161031.03,EQ,PNC,8843,NIFTY WAVES
75.72,-0.84,76.99,75.5,18-Aug-2026 16:00:29,75.28,N,-1.10,3120951.24,EQ,NDTV,41217,NIFTY WAVES
27.47,-0.41,27.9,27.37,18-Aug-2026 16:00:29,27.31,N,-1.48,4720307.45,EQ,DEN,171835,NIFTY WAVES
3.8,-0.06,4.09,3.89,18-Aug-2026 16:00:29,3.76,N,-1.52,175244.6,BE,TVVISION,46117,NIFTY WAVES
127.66,-2.08,131.45,127.02,18-Aug-2026 16:00:29,125.32,N,-1.61,589661.54,BE,SHEMAROO,4619,NIFTY WAVES
28.58,-0.53,29,28.42,18-Aug-2026 16:00:29,28.34,N,-1.83,78651902.78,EQ,NETWORK18,2751991,NIFTY WAVES
515.86,-10.4,524.8,513,18-Aug-2026 16:00:29,512,N,-1.99,171610630.34,EQ,SAREGAMA,332669,NIFTY WAVES
55.92,-1.29,56.55,55.26,18-Aug-2026 16:00:29,55.23,N,-2.28,64308,BE,MUKTAARTS,1150,NIFTY WAVES
338.13,-8.45,345.45,333.1,18-Aug-2026 16:00:29,332.05,N,-2.47,1863772.56,EQ,TIPSFILMS,5512,NIFTY WAVES
16.3,-0.42,16.89,16.2,18-Aug-2026 16:00:29,16.16,N,-2.53,565658.9,EQ,CYBERMEDIA,34703,NIFTY WAVES
9.55,-0.31,9.85,9.39,18-Aug-2026 16:00:29,9.3,N,-3.20,95350284.65,EQ,ZEEMEDIA,9984323,NIFTY WAVES
2.57,-0.09,2.68,2.6,18-Aug-2026 16:00:29,2.51,N,-3.35,241145.67,EQ,DNAMEDIA,93831,NIFTY WAVES
3.74,-0.19,3.98,3.72,18-Aug-2026 16:00:29,3.7,N,-4.86,145676.74,EQ,NEXTMEDIA,38951,NIFTY WAVES
1349.45,83.8,1378,1371,18-Aug-2026 16:00:29,1303.1,N,6.51,4180416623.15,EQ,AEGISLOG,3097867,NIFTY INFRALOG
1970.16,120.5,2012.4,1985,18-Aug-2026 16:00:29,1855.2,N,6.46,5403547981.2,EQ,ZENTEC,2742695,NIFTY INFRALOG
1169.85,70.3,1188,1184,18-Aug-2026 16:00:29,1117,N,6.31,1982347090.35,EQ,ACE,1694531,NIFTY INFRALOG
1262.31,66.8,1279.9,1279,18-Aug-2026 16:00:29,1212.2,N,5.51,1521271634.19,EQ,SCHNEIDER,1205149,NIFTY INFRALOG
228.3,10.97,230.47,230.47,18-Aug-2026 16:00:29,218.01,N,5.00,8159273971.2,EQ,HFCL,35739264,NIFTY INFRALOG
1000.18,45.85,1018,1005,18-Aug-2026 16:00:29,957.55,N,4.78,444414980.3,EQ,TECHNOE,444335,NIFTY INFRALOG
4667.96,211.3,4750,4740,18-Aug-2026 16:00:29,4525,N,4.67,6468098090.52,EQ,DATAPATTNS,1385637,NIFTY INFRALOG
292.21,10.2,297.45,296.6,18-Aug-2026 16:00:29,284.1,N,3.56,800552249.87,EQ,SCI,2739647,NIFTY INFRALOG
2666.33,80.9,2688,2681,18-Aug-2026 16:00:29,2592.9,N,3.11,3375565781.01,EQ,GRSE,1265997,NIFTY INFRALOG
277.55,8.3,281.45,280,18-Aug-2026 16:00:29,269.85,N,3.05,292395039.3,EQ,AFCONS,1053486,NIFTY INFRALOG
13.9,0.41,14.31,14.12,18-Aug-2026 16:00:29,13.5,N,2.99,11409080621.3,EQ,IDEA,820797167,NIFTY INFRALOG
1950.29,52.6,1975,1961.1,18-Aug-2026 16:00:29,1895.3,N,2.76,1411894892.89,EQ,BEML,723941,NIFTY INFRALOG
1309.24,30.1,1326,1305,18-Aug-2026 16:00:29,1269.1,N,2.36,1335331843.96,EQ,GESHIP,1019929,NIFTY INFRALOG
828.77,18.7,848,839.65,18-Aug-2026 16:00:29,813.5,N,2.28,360626005.18,EQ,TITAGARH,435134,NIFTY INFRALOG
1488.47,27.3,1501.6,1485.1,18-Aug-2026 16:00:29,1457,N,1.87,2025652869.12,EQ,COCHINSHIP,1360896,NIFTY INFRALOG
245.36,4.07,249,244.25,18-Aug-2026 16:00:29,239.25,N,1.69,597477853.52,EQ,ENGINERSIN,2435107,NIFTY INFRALOG
285.35,4.45,286.95,286.25,18-Aug-2026 16:00:29,281.8,N,1.58,836960655.7,EQ,PETRONET,2933102,NIFTY INFRALOG
2110.63,21.5,2130,2123.1,18-Aug-2026 16:00:29,2076.5,N,1.02,423377603.59,EQ,KIRLOSENG,200593,NIFTY INFRALOG
206.75,2.02,208.67,205.58,18-Aug-2026 16:00:29,203.57,N,0.99,3965819783,EQ,ADANIPOWER,19181716,NIFTY INFRALOG
1380.16,13,1401.5,1393,18-Aug-2026 16:00:29,1354.5,N,0.94,3599490403.84,EQ,BDL,2608024,NIFTY INFRALOG
150.27,-1.5,151.58,149.5,18-Aug-2026 16:00:29,149.1,N,-0.99,113497428.3,EQ,IGL,755290,NIFTY INFRALOG
5213.07,-55.5,5238,5220,18-Aug-2026 16:00:29,5138,N,-1.05,2892096548.46,EQ,INDIGO,554778,NIFTY INFRALOG
520.55,-6.25,524.85,518.25,18-Aug-2026 16:00:29,517.55,N,-1.19,218364998.95,EQ,CONCOR,419489,NIFTY INFRALOG
225.93,-2.79,227.88,225,18-Aug-2026 16:00:29,225,N,-1.22,490941597.33,EQ,RVNL,2172981,NIFTY INFRALOG
1693.16,-21.9,1709.2,1690,18-Aug-2026 16:00:29,1682,N,-1.28,604938977.44,EQ,TATACOMM,357284,NIFTY INFRALOG
22.45,-0.29,22.74,22.43,18-Aug-2026 16:00:29,22.37,N,-1.28,293188805.75,EQ,RPOWER,13059635,NIFTY INFRALOG
168.66,-2.22,171.75,168,18-Aug-2026 16:00:29,167.9,N,-1.30,431009786.7,EQ,CESC,2555495,NIFTY INFRALOG
550.55,-7.4,556.6,548.1,18-Aug-2026 16:00:29,547.7,N,-1.33,658207850.3,EQ,JSWENERGY,1195546,NIFTY INFRALOG
219.4,-3.22,222.87,218.5,18-Aug-2026 16:00:29,218,N,-1.45,53170493,EQ,RITES,242345,NIFTY INFRALOG
1322.65,-19.6,1336.4,1308,18-Aug-2026 16:00:29,1308,N,-1.48,1223795139,EQ,ADANIGREEN,925260,NIFTY INFRALOG
7614.57,-114,7734,7546,18-Aug-2026 16:00:29,7528.5,N,-1.49,961407993.63,EQ,ABB,126259,NIFTY INFRALOG
11562.75,-182,11674,11499,18-Aug-2026 16:00:29,11499,N,-1.56,2432871976.5,EQ,ULTRACEMCO,210406,NIFTY INFRALOG
4102.58,-66.2,4188.2,4075.2,18-Aug-2026 16:00:29,4055.4,N,-1.60,518783548.74,EQ,THERMAX,126453,NIFTY INFRALOG
1944.23,-35.1,1959.7,1934.2,18-Aug-2026 16:00:29,1923.2,N,-1.78,13046317963.25,EQ,BHARTIARTL,6710275,NIFTY INFRALOG
620.5,-11.2,628,613,18-Aug-2026 16:00:29,612,N,-1.79,378158761,EQ,ELGIEQUIP,609442,NIFTY INFRALOG
5412.93,-100,5484,5350,18-Aug-2026 16:00:29,5350,N,-1.83,958456689.24,EQ,CUMMINSIND,177068,NIFTY INFRALOG
331.53,-6.2,336.9,329.2,18-Aug-2026 16:00:29,327.5,N,-1.85,617859199.8,EQ,JSWINFRA,1863660,NIFTY INFRALOG
88.36,-1.75,89.93,88,18-Aug-2026 16:00:29,87.7,N,-1.95,593641181.68,EQ,NBCC,6718438,NIFTY INFRALOG
429.31,-8.65,438,427.7,18-Aug-2026 16:00:29,427,N,-1.98,603101986.27,EQ,KEC,1404817,NIFTY INFRALOG
373.75,-7.6,379.8,372.4,18-Aug-2026 16:00:29,371.5,N,-2.00,1690449946.25,EQ,INDUSTOWER,4522943,NIFTY INFRALOG
4224.21,-95,4306,4195,18-Aug-2026 16:00:29,4190,N,-2.21,2165118835.5,EQ,GVT&D,512550,NIFTY INFRALOG
48.14,-1.22,48.95,47.78,18-Aug-2026 16:00:29,47.47,N,-2.49,3000000218.02,EQ,SUZLON,62318243,NIFTY INFRALOG
428.17,-10.95,434.15,425,18-Aug-2026 16:00:29,423.5,N,-2.51,3176527291.82,EQ,BHEL,7418846,NIFTY INFRALOG
582.2,-15.9,601.9,582,18-Aug-2026 16:00:29,579,N,-2.66,770346663,EQ,TRITURBINE,1323165,NIFTY INFRALOG
1608.16,-45,1634,1596,18-Aug-2026 16:00:29,1595,N,-2.74,168094532.16,EQ,BHARTIHEXA,104526,NIFTY INFRALOG
2011.59,-56.6,2055.2,1997.4,18-Aug-2026 16:00:29,1990.1,N,-2.76,1382264068.5,EQ,GODREJPROP,687150,NIFTY INFRALOG
1228.58,-42.9,1260,1211.1,18-Aug-2026 16:00:29,1211.1,N,-3.42,1900761918.18,EQ,LODHA,1547121,NIFTY INFRALOG
1274.94,-49.3,1319,1263.5,18-Aug-2026 16:00:29,1259,N,-3.76,454391165.88,EQ,TORNTPOWER,356402,NIFTY INFRALOG
1903.22,-73,1960.7,1858,18-Aug-2026 16:00:29,1858,N,-3.78,3126204430.14,EQ,OBEROIRLTY,1642587,NIFTY INFRALOG
75.71,-3.18,78.19,74.95,18-Aug-2026 16:00:29,74.69,N,-4.07,1377833040.75,EQ,INOXWIND,18198825,NIFTY INFRALOG
1950.29,52.6,1975,1961.1,18-Aug-2026 16:00:29,1895.3,N,2.76,1411894892.89,EQ,BEML,723941,NIFTY RAILWAYSPSU
278.69,3.6,282,280.85,18-Aug-2026 16:00:29,274.25,N,1.30,65192000.87,EQ,ITI,233923,NIFTY RAILWAYSPSU
239.77,1.01,241.3,239.5,18-Aug-2026 16:00:29,238.02,N,0.42,3573437370.85,EQ,ONGC,14903605,NIFTY RAILWAYSPSU
338.13,0.1,339.3,337.1,18-Aug-2026 16:00:29,333.9,N,0.03,3362361676.83,EQ,NTPC,9943991,NIFTY RAILWAYSPSU
413.09,-0.45,416.35,412,18-Aug-2026 16:00:29,410.95,N,-0.11,3767766626.06,EQ,BEL,9120934,NIFTY RAILWAYSPSU
183.67,-0.2,189,176.95,18-Aug-2026 16:00:29,176.2,N,-0.11,8867686781.8,EQ,MRPL,48280540,NIFTY RAILWAYSPSU
123.88,-1.03,124.7,123.54,18-Aug-2026 16:00:29,123.1,N,-0.83,117313988.36,EQ,IRCON,946997,NIFTY RAILWAYSPSU
277.05,-2.9,279.6,277.05,18-Aug-2026 16:00:29,275,N,-1.04,90099430.5,EQ,RAILTEL,325210,NIFTY RAILWAYSPSU
86.43,-0.94,87.56,86.11,18-Aug-2026 16:00:29,86.05,N,-1.08,484681030.41,EQ,IRFC,5607787,NIFTY RAILWAYSPSU
520.55,-6.25,524.85,518.25,18-Aug-2026 16:00:29,517.55,N,-1.19,218364998.95,EQ,CONCOR,419489,NIFTY RAILWAYSPSU
225.93,-2.79,227.88,225,18-Aug-2026 16:00:29,225,N,-1.22,490941597.33,EQ,RVNL,2172981,NIFTY RAILWAYSPSU
369.37,-5,373.75,366,18-Aug-2026 16:00:29,365.95,N,-1.35,1965318409.47,EQ,HINDPETRO,5320731,NIFTY RAILWAYSPSU
219.4,-3.22,222.87,218.5,18-Aug-2026 16:00:29,218,N,-1.45,53170493,EQ,RITES,242345,NIFTY RAILWAYSPSU
495.05,-7.45,501,492.5,18-Aug-2026 16:00:29,492,N,-1.49,293170095.15,EQ,IRCTC,592203,NIFTY RAILWAYSPSU
171.62,-3.4,174.67,170.2,18-Aug-2026 16:00:29,169.86,N,-1.96,1897009907.76,EQ,SAIL,11053548,NIFTY RAILWAYSPSU
314.47,-6.35,317.15,310.3,18-Aug-2026 16:00:29,310.3,N,-2.01,1660234616.43,EQ,BPCL,5279469,NIFTY RAILWAYSPSU
428.17,-10.95,434.15,425,18-Aug-2026 16:00:29,423.5,N,-2.51,3176527291.82,EQ,BHEL,7418846,NIFTY RAILWAYSPSU
2933.23,217.6,2989,2959,18-Aug-2026 16:00:29,2755.8,N,7.94,12284381906.15,EQ,TIINDIA,4188005,NIFTYCONGLOMERATE
323.49,11.9,329.9,327.35,18-Aug-2026 16:00:29,317.35,N,3.77,1511862864,EQ,PCBL,4673600,NIFTYCONGLOMERATE
320.11,10.1,325.8,325.1,18-Aug-2026 16:00:29,307.55,N,3.21,3254090049.07,EQ,LTF,10165537,NIFTYCONGLOMERATE
13.9,0.41,14.31,14.12,18-Aug-2026 16:00:29,13.5,N,2.99,11409080621.3,EQ,IDEA,820797167,NIFTYCONGLOMERATE
206.75,2.02,208.67,205.58,18-Aug-2026 16:00:29,203.57,N,0.99,3965819783,EQ,ADANIPOWER,19181716,NIFTYCONGLOMERATE
3421.63,31.1,3435,3421.5,18-Aug-2026 16:00:29,3390.2,N,0.92,4693326692.32,EQ,M&M,1371664,NIFTYCONGLOMERATE
3279.61,28.2,3297.7,3278.7,18-Aug-2026 16:00:29,3250.5,N,0.87,4915672964.99,EQ,GRASIM,1498859,NIFTYCONGLOMERATE
398.5,3.3,402.8,402,18-Aug-2026 16:00:29,393.8,N,0.83,1719348175,EQ,ABCAPITAL,4314550,NIFTYCONGLOMERATE
1094.84,5,1100,1094.3,18-Aug-2026 16:00:29,1087.6,N,0.46,3694009867.12,EQ,BAJFINANCE,3374018,NIFTYCONGLOMERATE
929.63,3,936.4,931,18-Aug-2026 16:00:29,920,N,0.32,1350740304.81,EQ,GODREJCP,1452987,NIFTYCONGLOMERATE
84.44,0.26,84.9,84.26,18-Aug-2026 16:00:29,84.07,N,0.31,159646486,EQ,BAJAJHFL,1890650,NIFTYCONGLOMERATE
2010.19,6.2,2018.8,2011.2,18-Aug-2026 16:00:29,1998,N,0.31,830682874.84,EQ,BAJAJFINSV,413236,NIFTYCONGLOMERATE
1217.63,2,1245.1,1225,18-Aug-2026 16:00:29,1189.7,N,0.16,240144641.49,EQ,GODREJIND,197223,NIFTYCONGLOMERATE
3610.45,0.8,3643.9,3609.3,18-Aug-2026 16:00:29,3600,N,0.02,137345128.45,EQ,CEATLTD,38041,NIFTYCONGLOMERATE
2956.69,-3.9,2980.4,2942.1,18-Aug-2026 16:00:29,2932.1,N,-0.13,2123849560.8,EQ,TRENT,718320,NIFTYCONGLOMERATE
3023.6,-4.8,3036,3002.5,18-Aug-2026 16:00:29,3002.5,N,-0.16,2183002916.8,EQ,ADANIENT,721988,NIFTYCONGLOMERATE
185.31,-0.5,187.11,185.5,18-Aug-2026 16:00:29,184.33,N,-0.27,2481938551.71,EQ,TATASTEEL,13393441,NIFTYCONGLOMERATE
868.69,-2.85,873.9,864.1,18-Aug-2026 16:00:29,860,N,-0.33,151301474.68,EQ,JUBLPHARMA,174172,NIFTYCONGLOMERATE
469.22,-1.6,474.9,468.8,18-Aug-2026 16:00:29,463.5,N,-0.34,2992059220.52,EQ,TMCV,6376666,NIFTYCONGLOMERATE
5056.71,-19.9,5094.9,5048.6,18-Aug-2026 16:00:29,5042.5,N,-0.39,1794489847.83,EQ,TITAN,354873,NIFTYCONGLOMERATE
727.63,-3.3,737.85,729.5,18-Aug-2026 16:00:29,722.75,N,-0.45,98435969.29,EQ,JUBLINGREA,135283,NIFTYCONGLOMERATE
11674.12,-56,11768,11607,18-Aug-2026 16:00:29,11581,N,-0.48,2776292521.92,EQ,BAJAJ-AUTO,237816,NIFTYCONGLOMERATE
1680.69,-8.6,1693.7,1682.4,18-Aug-2026 16:00:29,1667,N,-0.51,2181812933.85,EQ,ADANIPORTS,1298165,NIFTYCONGLOMERATE
893.65,-4.6,900,894.2,18-Aug-2026 16:00:29,889,N,-0.51,1401828540.75,EQ,CGPOWER,1568655,NIFTYCONGLOMERATE
4070.83,-22.4,4085,4064.3,18-Aug-2026 16:00:29,4050,N,-0.55,5518315377.25,EQ,LT,1355575,NIFTYCONGLOMERATE
3531.42,-20.3,3562,3508.2,18-Aug-2026 16:00:29,3495,N,-0.58,166905503.46,EQ,LTTS,47263,NIFTYCONGLOMERATE
412.55,-2.85,416.9,412.4,18-Aug-2026 16:00:29,409.9,N,-0.69,980891669.05,EQ,AMBUJACEM,2377631,NIFTYCONGLOMERATE
385.85,-2.8,391,386.1,18-Aug-2026 16:00:29,382.25,N,-0.72,556273771.4,EQ,M&MFIN,1441684,NIFTYCONGLOMERATE
1042.61,-8.3,1050.6,1041.6,18-Aug-2026 16:00:29,1038,N,-0.79,2632991654.85,EQ,HINDALCO,2525385,NIFTYCONGLOMERATE
1274.49,-10.2,1285.8,1267.6,18-Aug-2026 16:00:29,1265,N,-0.80,916379976.33,EQ,JSWSTEEL,719017,NIFTYCONGLOMERATE
1877.36,-16.7,1889.7,1868,18-Aug-2026 16:00:29,1866.6,N,-0.89,982428120.08,EQ,CHOLAFIN,523303,NIFTYCONGLOMERATE
1567.97,-16.4,1587.3,1560,18-Aug-2026 16:00:29,1557,N,-1.04,105137092.41,EQ,CHOLAHLDNG,67053,NIFTYCONGLOMERATE
11294.84,-125,11435,11254,18-Aug-2026 16:00:29,11211,N,-1.10,243618403.96,EQ,BAJAJHLDNG,21569,NIFTYCONGLOMERATE
1587.26,-18,1608,1592,18-Aug-2026 16:00:29,1579.9,N,-1.12,3023560463.18,EQ,TECHM,1904893,NIFTYCONGLOMERATE
168.66,-2.22,171.75,168,18-Aug-2026 16:00:29,167.9,N,-1.30,431009786.7,EQ,CESC,2555495,NIFTYCONGLOMERATE
1108.13,-14.6,1119.7,1101.5,18-Aug-2026 16:00:29,1100,N,-1.31,622740248.62,EQ,JINDALSTEL,561974,NIFTYCONGLOMERATE
550.55,-7.4,556.6,548.1,18-Aug-2026 16:00:29,547.7,N,-1.33,658207850.3,EQ,JSWENERGY,1195546,NIFTYCONGLOMERATE
264.65,-3.75,268.45,264,18-Aug-2026 16:00:29,263.15,N,-1.40,203036568.85,EQ,FSL,767189,NIFTYCONGLOMERATE
2288.7,-33.2,2307,2280,18-Aug-2026 16:00:29,2280,N,-1.44,4114675211.4,EQ,TCS,1797822,NIFTYCONGLOMERATE
485.75,-7.25,493.2,483.5,18-Aug-2026 16:00:29,483,N,-1.48,232125352.5,EQ,ZENSARTECH,477870,NIFTYCONGLOMERATE
1322.65,-19.6,1336.4,1308,18-Aug-2026 16:00:29,1308,N,-1.48,1223795139,EQ,ADANIGREEN,925260,NIFTYCONGLOMERATE
742.46,-11.2,756,732.8,18-Aug-2026 16:00:29,728.2,N,-1.51,488808935.44,EQ,JSL,658364,NIFTYCONGLOMERATE
11562.75,-182,11674,11499,18-Aug-2026 16:00:29,11499,N,-1.56,2432871976.5,EQ,ULTRACEMCO,210406,NIFTYCONGLOMERATE
2071.92,-37.9,2104.8,2060,18-Aug-2026 16:00:29,2051.2,N,-1.81,121928348.16,EQ,COROMANDEL,58848,NIFTYCONGLOMERATE
331.53,-6.2,336.9,329.2,18-Aug-2026 16:00:29,327.5,N,-1.85,617859199.8,EQ,JSWINFRA,1863660,NIFTYCONGLOMERATE
429.31,-8.65,438,427.7,18-Aug-2026 16:00:29,427,N,-1.98,603101986.27,EQ,KEC,1404817,NIFTYCONGLOMERATE
515.86,-10.4,524.8,513,18-Aug-2026 16:00:29,512,N,-1.99,171610630.34,EQ,SAREGAMA,332669,NIFTYCONGLOMERATE
503.43,-10.95,510.6,500.55,18-Aug-2026 16:00:29,496.4,N,-2.14,1150366245.51,EQ,JUBLFOOD,2285057,NIFTYCONGLOMERATE
2011.59,-56.6,2055.2,1997.4,18-Aug-2026 16:00:29,1990.1,N,-2.76,1382264068.5,EQ,GODREJPROP,687150,NIFTYCONGLOMERATE
4625.39,-137.8,4684,4562.2,18-Aug-2026 16:00:29,4562.2,N,-2.93,1196537513.71,EQ,LTM,258689,NIFTYCONGLOMERATE
