VWAP,change,high,lastPrice,lastUpdatedTime,low,marketType,pChange,quantityTraded,series,symbol,totalTradedVolume,index_name
3278.1,113,3349.6,3323,07-Aug-2026 16:00:25,3183,N,3.52,3511549891.5,EQ,GRASIM,1071215,NIFTY 50
2435.68,79.7,2457.7,2452.7,07-Aug-2026 16:00:25,2375,N,3.36,11077421490.72,EQ,TCS,4547979,NIFTY 50
1040.19,32.6,1059.6,1059.6,07-Aug-2026 16:00:25,1017,N,3.17,9657900981.93,EQ,HINDALCO,9284747,NIFTY 50
3475.5,96,3504.9,3502,07-Aug-2026 16:00:25,3402.1,N,2.82,11466498193.5,EQ,M&M,3299237,NIFTY 50
1353.94,21.6,1369,1356.6,07-Aug-2026 16:00:25,1328,N,1.62,2336380527.04,EQ,HCLTECH,1725616,NIFTY 50
1103.7,12.2,1124.5,1097.2,07-Aug-2026 16:00:25,1075.7,N,1.12,32460503501.4,EQ,SBIN,29410622,NIFTY 50
1175.22,10.1,1183,1175.1,07-Aug-2026 16:00:25,1155.6,N,0.87,8909824660.2,EQ,INFY,7581410,NIFTY 50
2094.15,16.5,2099.4,2096,07-Aug-2026 16:00:25,2077.2,N,0.79,2208626709.75,EQ,HINDUNILVR,1054665,NIFTY 50
187.18,1.41,188.37,187.53,07-Aug-2026 16:00:25,185.65,N,0.76,1464328232.36,EQ,WIPRO,7823102,NIFTY 50
1329.08,9.8,1337,1334.8,07-Aug-2026 16:00:25,1316.6,N,0.74,13138803753.04,EQ,RELIANCE,9885638,NIFTY 50
13968.44,97,14038,14037,07-Aug-2026 16:00:25,13811,N,0.70,4527227277.76,EQ,MARUTI,324104,NIFTY 50
8011.22,52.5,8067.5,8020,07-Aug-2026 16:00:25,7920,N,0.66,2719136247.52,EQ,EICHERMOT,339416,NIFTY 50
1952.38,11.9,1961,1959.9,07-Aug-2026 16:00:25,1938.3,N,0.61,5895945504.88,EQ,BHARTIARTL,3019876,NIFTY 50
346.21,1.65,349.8,347,07-Aug-2026 16:00:25,343.65,N,0.48,1479713657.35,EQ,TMPV,4274035,NIFTY 50
401.06,1.8,403,401,07-Aug-2026 16:00:25,398.35,N,0.45,4330673152.08,EQ,BEL,10798068,NIFTY 50
239.13,1.05,241.69,238.85,07-Aug-2026 16:00:25,237.05,N,0.44,2409968879.1,EQ,ONGC,10078070,NIFTY 50
11674.55,42,11730,11662,07-Aug-2026 16:00:25,11574,N,0.36,2439607364.4,EQ,BAJAJ-AUTO,208968,NIFTY 50
1543.3,5,1553,1540,07-Aug-2026 16:00:25,1520,N,0.33,2346836121.3,EQ,NESTLEIND,1520661,NIFTY 50
270.95,0.85,272.85,271.6,07-Aug-2026 16:00:25,268.35,N,0.31,2112109169.05,EQ,POWERGRID,7795199,NIFTY 50
5334.54,14.5,5367.5,5333,07-Aug-2026 16:00:25,5281,N,0.27,2306030954.82,EQ,INDIGO,432283,NIFTY 50
12025.68,30,12105,12105,07-Aug-2026 16:00:25,11970,N,0.25,2060624319.36,EQ,ULTRACEMCO,171352,NIFTY 50
1654.01,2.8,1681.5,1635,07-Aug-2026 16:00:25,1634.3,N,0.17,10071448831.1,EQ,TECHM,6089110,NIFTY 50
1167.17,1,1172,1172,07-Aug-2026 16:00:25,1162.1,N,0.09,1251717460.46,EQ,DRREDDY,1072438,NIFTY 50
285.09,0.2,286.1,286.1,07-Aug-2026 16:00:25,284.4,N,0.07,1747271280.69,EQ,ITC,6128841,NIFTY 50
413.36,-0.35,415.25,415.25,07-Aug-2026 16:00:25,412.5,N,-0.08,1444181873.68,EQ,COALINDIA,3493763,NIFTY 50
1687.39,-1.5,1702.3,1693.5,07-Aug-2026 16:00:25,1676.7,N,-0.09,4028456324.71,EQ,ADANIPORTS,2387389,NIFTY 50
4045.6,-5.8,4062,4056,07-Aug-2026 16:00:25,4030,N,-0.14,3646258824,EQ,LT,901290,NIFTY 50
3022.65,-6,3039.5,3020,07-Aug-2026 16:00:25,3004.5,N,-0.20,2384511154.65,EQ,ADANIENT,788881,NIFTY 50
1072,-2.4,1084.3,1070,07-Aug-2026 16:00:25,1067,N,-0.22,1275464528,EQ,MAXHEALTH,1189799,NIFTY 50
1937.87,-6,1957,1945,07-Aug-2026 16:00:25,1925.1,N,-0.31,4699854099.16,EQ,SUNPHARMA,2425268,NIFTY 50
1860.61,-6,1871.8,1855.5,07-Aug-2026 16:00:25,1852.8,N,-0.32,726067700.91,EQ,SBILIFE,390231,NIFTY 50
8961.78,-29.5,9000,8945,07-Aug-2026 16:00:25,8922,N,-0.33,2451432186.54,EQ,APOLLOHOSP,273543,NIFTY 50
314.73,-1.25,316.9,315,07-Aug-2026 16:00:25,313.15,N,-0.40,4017154550.76,EQ,ETERNAL,12763812,NIFTY 50
732.23,-3.3,736,731,07-Aug-2026 16:00:25,728.2,N,-0.45,14192112613.66,EQ,HDFCBANK,19382042,NIFTY 50
541.15,-2.5,544.95,540,07-Aug-2026 16:00:25,537.5,N,-0.46,764844634.35,EQ,HDFCLIFE,1413369,NIFTY 50
1298.03,-8.4,1309.9,1299.5,07-Aug-2026 16:00:25,1288.5,N,-0.64,935523969.78,EQ,JSWSTEEL,720726,NIFTY 50
1082.89,-7.7,1092,1082.3,07-Aug-2026 16:00:25,1078,N,-0.71,951874387.57,EQ,TATACONSUM,879013,NIFTY 50
344.46,-2.5,347,342.5,07-Aug-2026 16:00:25,342.5,N,-0.72,2415370054.08,EQ,NTPC,7012048,NIFTY 50
2715.82,-20,2755,2735,07-Aug-2026 16:00:25,2695,N,-0.73,2900457738.52,EQ,ASIANPAINT,1067986,NIFTY 50
390.19,-3.25,394.85,390.75,07-Aug-2026 16:00:25,387.75,N,-0.82,2854330374.08,EQ,KOTAKBANK,7315232,NIFTY 50
1467.8,-13.2,1477,1463.8,07-Aug-2026 16:00:25,1462.1,N,-0.89,1123150285.4,EQ,CIPLA,765193,NIFTY 50
188.16,-1.75,189.69,187.55,07-Aug-2026 16:00:25,186.75,N,-0.92,1867303791.36,EQ,TATASTEEL,9924021,NIFTY 50
4960.37,-57,5003,4941,07-Aug-2026 16:00:25,4891.3,N,-1.14,5788047417.46,EQ,TITAN,1166858,NIFTY 50
1244.14,-18,1256,1238,07-Aug-2026 16:00:25,1238,N,-1.43,4514763847.22,EQ,AXISBANK,3628823,NIFTY 50
1117.61,-26,1134,1115,07-Aug-2026 16:00:25,1109,N,-2.28,3620708823.29,EQ,SHRIRAMFIN,3239689,NIFTY 50
259.31,-6.3,263.4,256.8,07-Aug-2026 16:00:25,256.8,N,-2.39,2815645028.2,EQ,JIOFIN,10858220,NIFTY 50
1433.16,-36.5,1455,1421,07-Aug-2026 16:00:25,1418.2,N,-2.50,20631468963.24,EQ,ICICIBANK,14395789,NIFTY 50
3019.87,-110.1,3106.5,2997,07-Aug-2026 16:00:25,2985.6,N,-3.54,7456581467.51,EQ,TRENT,2469173,NIFTY 50
2007.65,-77.1,2050,2008.9,07-Aug-2026 16:00:25,1988,N,-3.70,4851735173.6,EQ,BAJAJFINSV,2416624,NIFTY 50
1090.24,-66.8,1113,1078,07-Aug-2026 16:00:25,1074.5,N,-5.84,17023008450.24,EQ,BAJFINANCE,15614001,NIFTY 50
3632.49,395.8,3735,3648,07-Aug-2026 16:00:25,3426.4,N,12.17,28965202823.25,EQ,ENRIN,7973925,NIFTY NEXT 50
166.72,13.5,169.8,168.5,07-Aug-2026 16:00:25,155.17,N,8.71,19269956913.6,EQ,MOTHERSON,115582755,NIFTY NEXT 50
4639.82,130.1,4688,4658.1,07-Aug-2026 16:00:25,4542,N,2.87,2987371306.1,EQ,LTM,643855,NIFTY NEXT 50
42437.17,950,42950,42950,07-Aug-2026 16:00:25,42000,N,2.26,1197407188.72,EQ,BOSCHLTD,28216,NIFTY NEXT 50
599.71,13,605.85,603,07-Aug-2026 16:00:25,590.05,N,2.20,3815463567.51,EQ,HINDZINC,6362181,NIFTY NEXT 50
5589.16,106,5660,5510,07-Aug-2026 16:00:25,5500,N,1.96,7505397916.84,EQ,BRITANNIA,1342849,NIFTY NEXT 50
366.36,5.5,368.7,367,07-Aug-2026 16:00:25,361.5,N,1.52,1487857568.4,EQ,RECLTD,4061190,NIFTY NEXT 50
4434.04,65.9,4458,4440.9,07-Aug-2026 16:00:25,4378,N,1.51,3725294178.32,EQ,TVSMOTOR,840158,NIFTY NEXT 50
275.05,3.85,278.85,278.85,07-Aug-2026 16:00:25,271.85,N,1.40,2829594203.15,EQ,VEDL,10287563,NIFTY NEXT 50
18524.63,154,18669,18650,07-Aug-2026 16:00:25,18391,N,0.83,911745239.34,EQ,SOLARINDS,49218,NIFTY NEXT 50
1213.9,8.9,1225,1218.7,07-Aug-2026 16:00:25,1204.7,N,0.74,1080953672,EQ,LODHA,890480,NIFTY NEXT 50
1629.8,10.1,1647,1630.1,07-Aug-2026 16:00:25,1606,N,0.62,2268036199.2,EQ,ADANIENSOL,1391604,NIFTY NEXT 50
182.9,1.1,184.9,183.6,07-Aug-2026 16:00:25,180,N,0.60,4057973218.9,EQ,UNIONBANK,22186841,NIFTY NEXT 50
1104.19,6.2,1117.7,1114.2,07-Aug-2026 16:00:25,1093.2,N,0.56,735557272.69,EQ,ZYDUSLIFE,666151,NIFTY NEXT 50
380.5,1.95,382.7,380.55,07-Aug-2026 16:00:25,377.3,N,0.52,994782624.5,EQ,TATAPOWER,2614409,NIFTY NEXT 50
142.66,0.72,143.4,143.38,07-Aug-2026 16:00:25,141.81,N,0.50,738079471.36,EQ,IOC,5173696,NIFTY NEXT 50
418.9,2,421.15,420,07-Aug-2026 16:00:25,414.5,N,0.48,1852408474.2,EQ,PFC,4422078,NIFTY NEXT 50
114.46,0.51,115.37,114.81,07-Aug-2026 16:00:25,113.6,N,0.45,1282242385.02,EQ,PNB,11202537,NIFTY NEXT 50
5425.18,24,5474.5,5426,07-Aug-2026 16:00:25,5348.5,N,0.44,1425579973.78,EQ,CUMMINSIND,262771,NIFTY NEXT 50
210.24,0.88,212.1,209,07-Aug-2026 16:00:25,208.13,N,0.42,3021594298.56,EQ,ADANIPOWER,14372119,NIFTY NEXT 50
875.69,3,880.7,879,07-Aug-2026 16:00:25,870,N,0.34,1334002502.37,EQ,CGPOWER,1523373,NIFTY NEXT 50
2540.95,6.9,2552.4,2545,07-Aug-2026 16:00:25,2521.2,N,0.27,787943513.1,EQ,HDFCAMC,310098,NIFTY NEXT 50
131.68,0.25,132.48,131.95,07-Aug-2026 16:00:25,130.43,N,0.19,2972884054.4,EQ,CANBK,22576580,NIFTY NEXT 50
1098.41,2,1105.7,1103,07-Aug-2026 16:00:25,1092.1,N,0.18,431097366.34,EQ,JINDALSTEL,392474,NIFTY NEXT 50
1375.81,0.9,1389.9,1372.4,07-Aug-2026 16:00:25,1365.7,N,0.07,1751928937.8,EQ,ADANIGREEN,1273380,NIFTY NEXT 50
644.17,0,649.9,642,07-Aug-2026 16:00:25,635.05,N,0.00,1588774446.3,EQ,DLF,2466390,NIFTY NEXT 50
249.85,-0.3,251.25,250.7,07-Aug-2026 16:00:25,248.02,N,-0.12,1868846269.05,EQ,BANKBARODA,7479873,NIFTY NEXT 50
2890.5,-4.2,2914,2890,07-Aug-2026 16:00:25,2870.5,N,-0.15,2351190510,EQ,MUTHOOTFIN,813420,NIFTY NEXT 50
4916.54,-10,4975,4910,07-Aug-2026 16:00:25,4876,N,-0.20,5325114307.08,EQ,HAL,1083102,NIFTY NEXT 50
3949.38,-11.9,3984.5,3940.1,07-Aug-2026 16:00:25,3921,N,-0.30,874842961.32,EQ,SIEMENS,221514,NIFTY NEXT 50
442.16,-2,447.35,442,07-Aug-2026 16:00:25,439.55,N,-0.45,1093145977.76,EQ,VBL,2472286,NIFTY NEXT 50
2205.81,-11.5,2215.2,2200.5,07-Aug-2026 16:00:25,2196,N,-0.52,615674658.15,EQ,HYUNDAI,279115,NIFTY NEXT 50
433.71,-2.5,438,434,07-Aug-2026 16:00:25,431.8,N,-0.57,878965793.91,EQ,AMBUJACEM,2026621,NIFTY NEXT 50
7610.65,-45,7670,7600,07-Aug-2026 16:00:25,7580,N,-0.59,1364756979.3,EQ,ABB,179322,NIFTY NEXT 50
88.96,-0.54,89.47,88.75,07-Aug-2026 16:00:25,88.57,N,-0.60,509920054.4,EQ,IRFC,5732015,NIFTY NEXT 50
2523.62,-15.1,2558,2514.9,07-Aug-2026 16:00:25,2496.9,N,-0.60,2722120378.34,EQ,MAZDOCK,1078657,NIFTY NEXT 50
4933.45,-32,4987.5,4924,07-Aug-2026 16:00:25,4901,N,-0.65,1946058553.9,EQ,TORNTPHARM,394462,NIFTY NEXT 50
732.79,-5,738.75,731,07-Aug-2026 16:00:25,728.75,N,-0.68,1176917897.62,EQ,INDHOTEL,1606078,NIFTY NEXT 50
3906.85,-31.2,3948.4,3900,07-Aug-2026 16:00:25,3885.5,N,-0.79,1462103450.85,EQ,DMART,374241,NIFTY NEXT 50
320.57,-2.7,323.55,321,07-Aug-2026 16:00:25,317.1,N,-0.83,1741252891.8,EQ,BPCL,5431740,NIFTY NEXT 50
1519.63,-12.6,1529.8,1512.4,07-Aug-2026 16:00:25,1512.4,N,-0.83,493571265.11,EQ,UNITDSPR,324797,NIFTY NEXT 50
8276.71,-74,8334,8275,07-Aug-2026 16:00:25,8233.5,N,-0.89,2124275558.47,EQ,DIVISLAB,256657,NIFTY NEXT 50
26156.91,-235,26355,26010,07-Aug-2026 16:00:25,26010,N,-0.90,280977527.22,EQ,SHREECEM,10742,NIFTY NEXT 50
11340.25,-124,11428,11263,07-Aug-2026 16:00:25,11263,N,-1.09,294574334,EQ,BAJAJHLDNG,25976,NIFTY NEXT 50
453.51,-6.75,459.3,452.9,07-Aug-2026 16:00:25,449.2,N,-1.47,3116036824.83,EQ,TMCV,6870933,NIFTY NEXT 50
1660.64,-26,1675,1660,07-Aug-2026 16:00:25,1648.1,N,-1.54,1523515973.28,EQ,PIDILITIND,917427,NIFTY NEXT 50
173.04,-2.77,176.28,173.63,07-Aug-2026 16:00:25,171.89,N,-1.57,1212170117.76,EQ,GAIL,7005144,NIFTY NEXT 50
1054.56,-27.3,1087.2,1050,07-Aug-2026 16:00:25,1032.3,N,-2.53,2804796359.04,EQ,GODREJCP,2659684,NIFTY NEXT 50
372.53,-13.3,384.65,369.4,07-Aug-2026 16:00:25,367.2,N,-3.48,1382293799.21,EQ,TATACAP,3710557,NIFTY NEXT 50
1886.01,-73.8,1922,1866.2,07-Aug-2026 16:00:25,1862.8,N,-3.80,3051300138.6,EQ,CHOLAFIN,1617860,NIFTY NEXT 50
1103.7,12.2,1124.5,1097.2,07-Aug-2026 16:00:25,1075.7,N,1.12,32460503501.4,EQ,SBIN,29410622,NIFTY BANK
356.48,2.7,359.8,356.25,07-Aug-2026 16:00:25,350.85,N,0.76,1755405908.48,EQ,FEDERALBNK,4924276,NIFTY BANK
182.9,1.1,184.9,183.6,07-Aug-2026 16:00:25,180,N,0.60,4057973218.9,EQ,UNIONBANK,22186841,NIFTY BANK
1014.03,5.8,1024.9,1022,07-Aug-2026 16:00:25,1004.4,N,0.57,1751606015.13,EQ,INDUSINDBK,1727371,NIFTY BANK
114.46,0.51,115.37,114.81,07-Aug-2026 16:00:25,113.6,N,0.45,1282242385.02,EQ,PNB,11202537,NIFTY BANK
131.68,0.25,132.48,131.95,07-Aug-2026 16:00:25,130.43,N,0.19,2972884054.4,EQ,CANBK,22576580,NIFTY BANK
22.7,0.01,22.8,22.69,07-Aug-2026 16:00:25,22.63,N,0.04,579329333.2,EQ,YESBANK,25521116,NIFTY BANK
249.85,-0.3,251.25,250.7,07-Aug-2026 16:00:25,248.02,N,-0.12,1868846269.05,EQ,BANKBARODA,7479873,NIFTY BANK
732.23,-3.3,736,731,07-Aug-2026 16:00:25,728.2,N,-0.45,14192112613.66,EQ,HDFCBANK,19382042,NIFTY BANK
84.81,-0.48,85.14,84.62,07-Aug-2026 16:00:25,84.35,N,-0.56,809062126.62,EQ,IDFCFIRSTB,9539702,NIFTY BANK
390.19,-3.25,394.85,390.75,07-Aug-2026 16:00:25,387.75,N,-0.82,2854330374.08,EQ,KOTAKBANK,7315232,NIFTY BANK
1244.14,-18,1256,1238,07-Aug-2026 16:00:25,1238,N,-1.43,4514763847.22,EQ,AXISBANK,3628823,NIFTY BANK
1077.61,-20.6,1088.1,1067,07-Aug-2026 16:00:25,1067,N,-1.89,810502809.3,EQ,AUBANK,752130,NIFTY BANK
1433.16,-36.5,1455,1421,07-Aug-2026 16:00:25,1418.2,N,-2.50,20631468963.24,EQ,ICICIBANK,14395789,NIFTY BANK
366.36,5.5,368.7,367,07-Aug-2026 16:00:25,361.5,N,1.52,1487857568.4,EQ,RECLTD,4061190,NIFTY FIN SERVICE
1103.7,12.2,1124.5,1097.2,07-Aug-2026 16:00:25,1075.7,N,1.12,32460503501.4,EQ,SBIN,29410622,NIFTY FIN SERVICE
3466.62,22.1,3529,3457.1,07-Aug-2026 16:00:25,3415.5,N,0.64,12902950304.1,EQ,BSE,3722055,NIFTY FIN SERVICE
418.9,2,421.15,420,07-Aug-2026 16:00:25,414.5,N,0.48,1852408474.2,EQ,PFC,4422078,NIFTY FIN SERVICE
659.24,-1,666.7,659,07-Aug-2026 16:00:25,653.65,N,-0.15,958079425.16,EQ,SBICARD,1453309,NIFTY FIN SERVICE
504.93,-0.75,507.9,504.25,07-Aug-2026 16:00:25,502.7,N,-0.15,810272279.46,EQ,LICHSGFIN,1604722,NIFTY FIN SERVICE
2890.5,-4.2,2914,2890,07-Aug-2026 16:00:25,2870.5,N,-0.15,2351190510,EQ,MUTHOOTFIN,813420,NIFTY FIN SERVICE
1860.61,-6,1871.8,1855.5,07-Aug-2026 16:00:25,1852.8,N,-0.32,726067700.91,EQ,SBILIFE,390231,NIFTY FIN SERVICE
732.23,-3.3,736,731,07-Aug-2026 16:00:25,728.2,N,-0.45,14192112613.66,EQ,HDFCBANK,19382042,NIFTY FIN SERVICE
541.15,-2.5,544.95,540,07-Aug-2026 16:00:25,537.5,N,-0.46,764844634.35,EQ,HDFCLIFE,1413369,NIFTY FIN SERVICE
390.19,-3.25,394.85,390.75,07-Aug-2026 16:00:25,387.75,N,-0.82,2854330374.08,EQ,KOTAKBANK,7315232,NIFTY FIN SERVICE
1643.37,-19,1658.7,1639,07-Aug-2026 16:00:25,1631.4,N,-1.15,649855876.17,EQ,ICICIGI,395441,NIFTY FIN SERVICE
1511.17,-21.4,1524,1497.4,07-Aug-2026 16:00:25,1497.4,N,-1.41,543128098.53,EQ,MFSL,359409,NIFTY FIN SERVICE
1244.14,-18,1256,1238,07-Aug-2026 16:00:25,1238,N,-1.43,4514763847.22,EQ,AXISBANK,3628823,NIFTY FIN SERVICE
1117.61,-26,1134,1115,07-Aug-2026 16:00:25,1109,N,-2.28,3620708823.29,EQ,SHRIRAMFIN,3239689,NIFTY FIN SERVICE
259.31,-6.3,263.4,256.8,07-Aug-2026 16:00:25,256.8,N,-2.39,2815645028.2,EQ,JIOFIN,10858220,NIFTY FIN SERVICE
1433.16,-36.5,1455,1421,07-Aug-2026 16:00:25,1418.2,N,-2.50,20631468963.24,EQ,ICICIBANK,14395789,NIFTY FIN SERVICE
2007.65,-77.1,2050,2008.9,07-Aug-2026 16:00:25,1988,N,-3.70,4851735173.6,EQ,BAJAJFINSV,2416624,NIFTY FIN SERVICE
1886.01,-73.8,1922,1866.2,07-Aug-2026 16:00:25,1862.8,N,-3.80,3051300138.6,EQ,CHOLAFIN,1617860,NIFTY FIN SERVICE
1090.24,-66.8,1113,1078,07-Aug-2026 16:00:25,1074.5,N,-5.84,17023008450.24,EQ,BAJFINANCE,15614001,NIFTY FIN SERVICE
3632.49,395.8,3735,3648,07-Aug-2026 16:00:25,3426.4,N,12.17,28965202823.25,EQ,ENRIN,7973925,NIFTY 500
215.85,21.86,229.8,221.6,07-Aug-2026 16:00:25,197.84,N,10.94,3933687526.2,EQ,SAPPHIRE,18224172,NIFTY 500
131.45,11.14,135.98,135,07-Aug-2026 16:00:25,122.6,N,8.99,3498808987.85,EQ,DEVYANI,26617033,NIFTY 500
851.08,71.5,880,873.05,07-Aug-2026 16:00:25,797.3,N,8.92,13667034136.8,EQ,TATATECH,16058460,NIFTY 500
166.72,13.5,169.8,168.5,07-Aug-2026 16:00:25,155.17,N,8.71,19269956913.6,EQ,MOTHERSON,115582755,NIFTY 500
1046.36,77.75,1071.1,1070,07-Aug-2026 16:00:25,991.15,N,7.84,949144785.12,EQ,TECHNOE,907092,NIFTY 500
1443.2,91.8,1470.9,1429,07-Aug-2026 16:00:25,1354.1,N,6.87,1843177107.2,EQ,TRAVELFOOD,1277146,NIFTY 500
22315.18,1372,23500,22915,07-Aug-2026 16:00:25,21601,N,6.37,7004444904.66,EQ,NEULANDLAB,313887,NIFTY 500
402.05,19.3,409.7,408.1,07-Aug-2026 16:00:25,386.85,N,4.96,1959945504,EQ,M&MFIN,4874880,NIFTY 500
19090.46,879,19400,19100,07-Aug-2026 16:00:25,18250,N,4.82,1743417169.04,EQ,PTCIL,91324,NIFTY 500
130.95,5.51,133.5,131,07-Aug-2026 16:00:25,125.08,N,4.39,1660199944.95,EQ,PWL,12678121,NIFTY 500
1636.67,69.1,1662.4,1658,07-Aug-2026 16:00:25,1579.9,N,4.35,3275397294.19,EQ,AUROPHARMA,2001257,NIFTY 500
1084.75,45.7,1114.8,1114.8,07-Aug-2026 16:00:25,1059.1,N,4.27,565442208.75,EQ,CARBORUNIV,521265,NIFTY 500
1759.81,69.9,1817.6,1795,07-Aug-2026 16:00:25,1686.4,N,4.05,2205939433.1,EQ,BEML,1253510,NIFTY 500
718.02,27.3,729,727.8,07-Aug-2026 16:00:25,688.35,N,3.90,1256604647.94,EQ,RKFORGE,1750097,NIFTY 500
867.39,32.35,883,871,07-Aug-2026 16:00:25,839.4,N,3.86,994524219.69,EQ,GRANULES,1146571,NIFTY 500
331.78,12.5,341.4,340,07-Aug-2026 16:00:25,322.4,N,3.82,792403776.98,EQ,JSWINFRA,2388341,NIFTY 500
942.1,35.15,967.7,955.15,07-Aug-2026 16:00:25,903.35,N,3.82,3346170564.1,EQ,FORTIS,3551821,NIFTY 500
3278.1,113,3349.6,3323,07-Aug-2026 16:00:25,3183,N,3.52,3511549891.5,EQ,GRASIM,1071215,NIFTY 500
627.28,20.9,643.95,630.65,07-Aug-2026 16:00:25,602.45,N,3.43,6937740636.64,EQ,PGEL,11060038,NIFTY 500
1433.16,-36.5,1455,1421,07-Aug-2026 16:00:25,1418.2,N,-2.50,20631468963.24,EQ,ICICIBANK,14395789,NIFTY 500
1102.89,-27.8,1120,1085.9,07-Aug-2026 16:00:25,1082.1,N,-2.50,258680643.72,EQ,ACE,234548,NIFTY 500
507.97,-12.9,516.8,502,07-Aug-2026 16:00:25,502,N,-2.51,138092152.47,EQ,AADHARHFC,271851,NIFTY 500
1054.56,-27.3,1087.2,1050,07-Aug-2026 16:00:25,1032.3,N,-2.53,2804796359.04,EQ,GODREJCP,2659684,NIFTY 500
1397.07,-37,1470,1363,07-Aug-2026 16:00:25,1351.1,N,-2.64,2338345912.5,EQ,AEGISLOG,1673750,NIFTY 500
308.98,-8.65,316.9,308,07-Aug-2026 16:00:25,305.6,N,-2.73,1487493678.86,EQ,LTF,4814207,NIFTY 500
282,-7.9,288.95,280.75,07-Aug-2026 16:00:25,278.25,N,-2.74,7417501272,EQ,SWIGGY,26303196,NIFTY 500
1206.9,-39.8,1255.8,1206,07-Aug-2026 16:00:25,1183.6,N,-3.19,1012570996.5,EQ,CEMPRO,838985,NIFTY 500
408.75,-13.45,420.5,408.05,07-Aug-2026 16:00:25,404.7,N,-3.19,1978745261.25,EQ,ABCAPITAL,4840967,NIFTY 500
440.48,-14.45,450.65,436,07-Aug-2026 16:00:25,432.1,N,-3.21,163270078.72,EQ,ELECON,370664,NIFTY 500
320.26,-11.15,326.7,317,07-Aug-2026 16:00:25,316.65,N,-3.40,505583252.9,EQ,EMMVEE,1578665,NIFTY 500
372.53,-13.3,384.65,369.4,07-Aug-2026 16:00:25,367.2,N,-3.48,1382293799.21,EQ,TATACAP,3710557,NIFTY 500
3019.87,-110.1,3106.5,2997,07-Aug-2026 16:00:25,2985.6,N,-3.54,7456581467.51,EQ,TRENT,2469173,NIFTY 500
1525.4,-57,1595,1514,07-Aug-2026 16:00:25,1497,N,-3.63,3649168658,EQ,BLUESTARCO,2392270,NIFTY 500
2007.65,-77.1,2050,2008.9,07-Aug-2026 16:00:25,1988,N,-3.70,4851735173.6,EQ,BAJAJFINSV,2416624,NIFTY 500
1886.01,-73.8,1922,1866.2,07-Aug-2026 16:00:25,1862.8,N,-3.80,3051300138.6,EQ,CHOLAFIN,1617860,NIFTY 500
2159.45,-87.4,2214,2161.5,07-Aug-2026 16:00:25,1999,N,-3.89,3068330113.25,EQ,KIRLOSENG,1420885,NIFTY 500
395.75,-16.75,414.8,396.5,07-Aug-2026 16:00:25,384.15,N,-4.05,1212020388.25,EQ,JKTYRE,3062591,NIFTY 500
1683.29,-68.7,1720.1,1620,07-Aug-2026 16:00:25,1593.5,N,-4.07,523153065.68,EQ,AFFLE,310792,NIFTY 500
1372.35,-57.5,1398.3,1356,07-Aug-2026 16:00:25,1319.5,N,-4.07,1278086023.2,EQ,SAILIFE,931312,NIFTY 500
234.27,-10.07,240.84,231,07-Aug-2026 16:00:25,228.61,N,-4.18,652441012.92,EQ,CGCL,2784996,NIFTY 500
323.31,-13.95,337.65,318,07-Aug-2026 16:00:25,316.7,N,-4.20,562771814.67,EQ,SONATSOFTW,1740657,NIFTY 500
281.82,-13.95,289.55,280,07-Aug-2026 16:00:25,275,N,-4.75,2589174467.88,EQ,FSL,9187334,NIFTY 500
8390.9,-420,8650,8230,07-Aug-2026 16:00:25,8225,N,-4.86,4953576205.9,EQ,NAVINFLUOR,590351,NIFTY 500
1033.93,-54,1075,1016.7,07-Aug-2026 16:00:25,1010.2,N,-5.04,287612443.82,EQ,MAPMYINDIA,278174,NIFTY 500
1090.24,-66.8,1113,1078,07-Aug-2026 16:00:25,1074.5,N,-5.84,17023008450.24,EQ,BAJFINANCE,15614001,NIFTY 500
310.12,-19.85,321.65,305.8,07-Aug-2026 16:00:25,304.35,N,-6.10,431539112.76,EQ,EIHOTEL,1391523,NIFTY 500
1804.31,-114.4,1895,1758,07-Aug-2026 16:00:25,1756.3,N,-6.11,682794207.44,EQ,ECLERX,378424,NIFTY 500
252.54,-20.05,270,249.95,07-Aug-2026 16:00:25,248.3,N,-7.43,5711656015.98,EQ,CROMPTON,22616837,NIFTY 500
781.64,-86.05,873,779,07-Aug-2026 16:00:25,738.9,N,-9.95,5432794291.48,EQ,JYOTICNC,6950507,NIFTY 500
215.85,21.86,229.8,221.6,07-Aug-2026 16:00:25,197.84,N,10.94,3933687526.2,EQ,SAPPHIRE,18224172,NIFTY MIDSML 400
131.45,11.14,135.98,135,07-Aug-2026 16:00:25,122.6,N,8.99,3498808987.85,EQ,DEVYANI,26617033,NIFTY MIDSML 400
851.08,71.5,880,873.05,07-Aug-2026 16:00:25,797.3,N,8.92,13667034136.8,EQ,TATATECH,16058460,NIFTY MIDSML 400
1046.36,77.75,1071.1,1070,07-Aug-2026 16:00:25,991.15,N,7.84,949144785.12,EQ,TECHNOE,907092,NIFTY MIDSML 400
1443.2,91.8,1470.9,1429,07-Aug-2026 16:00:25,1354.1,N,6.87,1843177107.2,EQ,TRAVELFOOD,1277146,NIFTY MIDSML 400
22315.18,1372,23500,22915,07-Aug-2026 16:00:25,21601,N,6.37,7004444904.66,EQ,NEULANDLAB,313887,NIFTY MIDSML 400
402.05,19.3,409.7,408.1,07-Aug-2026 16:00:25,386.85,N,4.96,1959945504,EQ,M&MFIN,4874880,NIFTY MIDSML 400
19090.46,879,19400,19100,07-Aug-2026 16:00:25,18250,N,4.82,1743417169.04,EQ,PTCIL,91324,NIFTY MIDSML 400
130.95,5.51,133.5,131,07-Aug-2026 16:00:25,125.08,N,4.39,1660199944.95,EQ,PWL,12678121,NIFTY MIDSML 400
1636.67,69.1,1662.4,1658,07-Aug-2026 16:00:25,1579.9,N,4.35,3275397294.19,EQ,AUROPHARMA,2001257,NIFTY MIDSML 400
1084.75,45.7,1114.8,1114.8,07-Aug-2026 16:00:25,1059.1,N,4.27,565442208.75,EQ,CARBORUNIV,521265,NIFTY MIDSML 400
1759.81,69.9,1817.6,1795,07-Aug-2026 16:00:25,1686.4,N,4.05,2205939433.1,EQ,BEML,1253510,NIFTY MIDSML 400
718.02,27.3,729,727.8,07-Aug-2026 16:00:25,688.35,N,3.90,1256604647.94,EQ,RKFORGE,1750097,NIFTY MIDSML 400
867.39,32.35,883,871,07-Aug-2026 16:00:25,839.4,N,3.86,994524219.69,EQ,GRANULES,1146571,NIFTY MIDSML 400
331.78,12.5,341.4,340,07-Aug-2026 16:00:25,322.4,N,3.82,792403776.98,EQ,JSWINFRA,2388341,NIFTY MIDSML 400
942.1,35.15,967.7,955.15,07-Aug-2026 16:00:25,903.35,N,3.82,3346170564.1,EQ,FORTIS,3551821,NIFTY MIDSML 400
627.28,20.9,643.95,630.65,07-Aug-2026 16:00:25,602.45,N,3.43,6937740636.64,EQ,PGEL,11060038,NIFTY MIDSML 400
807.49,26.05,821,818.05,07-Aug-2026 16:00:25,787,N,3.29,3030682772.86,EQ,SONACOMS,3753214,NIFTY MIDSML 400
789.06,25.25,803,796.9,07-Aug-2026 16:00:25,769.45,N,3.27,777119155.02,EQ,CLEAN,984867,NIFTY MIDSML 400
5708.64,174.5,5800,5725,07-Aug-2026 16:00:25,5541,N,3.14,10930190292,EQ,HEROMOTOCO,1914675,NIFTY MIDSML 400
486.48,14.8,493,489.05,07-Aug-2026 16:00:25,470.65,N,3.12,3820638300.72,EQ,EXIDEIND,7853639,NIFTY MIDSML 400
1268.55,37.5,1285.8,1275.8,07-Aug-2026 16:00:25,1220.3,N,3.03,1863061031.7,EQ,CHENNPETRO,1468654,NIFTY MIDSML 400
859.77,25.55,875.35,870,07-Aug-2026 16:00:25,836.5,N,3.03,891673485.39,EQ,ASTERDM,1037107,NIFTY MIDSML 400
424.66,12.6,432.15,432,07-Aug-2026 16:00:25,415.5,N,3.00,273403327.22,EQ,LTFOODS,643817,NIFTY MIDSML 400
166.7,4.75,169.7,164,07-Aug-2026 16:00:25,159.25,N,2.98,984348997.1,EQ,WELSPUNLIV,5904913,NIFTY MIDSML 400
699.3,19.9,713.45,687,07-Aug-2026 16:00:25,669.1,N,2.98,2568693235.5,EQ,TATAINVEST,3673235,NIFTY MIDSML 400
16510.57,473,16695,16599,07-Aug-2026 16:00:25,16100,N,2.93,2929866688.78,EQ,APARINDS,177454,NIFTY MIDSML 400
483.8,13.5,488,486.5,07-Aug-2026 16:00:25,469.4,N,2.85,2006504863,EQ,JUBLFOOD,4147385,NIFTY MIDSML 400
2611.82,69.7,2656,2650,07-Aug-2026 16:00:25,2562.1,N,2.70,269840183.3,EQ,ZFCVINDIA,103315,NIFTY MIDSML 400
189.17,5.03,191.96,191.2,07-Aug-2026 16:00:25,185.1,N,2.70,2241417822.32,EQ,MEESHO,11848696,NIFTY MIDSML 400
308.98,-8.65,316.9,308,07-Aug-2026 16:00:25,305.6,N,-2.73,1487493678.86,EQ,LTF,4814207,NIFTY MIDSML 400
282,-7.9,288.95,280.75,07-Aug-2026 16:00:25,278.25,N,-2.74,7417501272,EQ,SWIGGY,26303196,NIFTY MIDSML 400
1206.9,-39.8,1255.8,1206,07-Aug-2026 16:00:25,1183.6,N,-3.19,1012570996.5,EQ,CEMPRO,838985,NIFTY MIDSML 400
408.75,-13.45,420.5,408.05,07-Aug-2026 16:00:25,404.7,N,-3.19,1978745261.25,EQ,ABCAPITAL,4840967,NIFTY MIDSML 400
440.48,-14.45,450.65,436,07-Aug-2026 16:00:25,432.1,N,-3.21,163270078.72,EQ,ELECON,370664,NIFTY MIDSML 400
320.26,-11.15,326.7,317,07-Aug-2026 16:00:25,316.65,N,-3.40,505583252.9,EQ,EMMVEE,1578665,NIFTY MIDSML 400
1525.4,-57,1595,1514,07-Aug-2026 16:00:25,1497,N,-3.63,3649168658,EQ,BLUESTARCO,2392270,NIFTY MIDSML 400
2159.45,-87.4,2214,2161.5,07-Aug-2026 16:00:25,1999,N,-3.89,3068330113.25,EQ,KIRLOSENG,1420885,NIFTY MIDSML 400
395.75,-16.75,414.8,396.5,07-Aug-2026 16:00:25,384.15,N,-4.05,1212020388.25,EQ,JKTYRE,3062591,NIFTY MIDSML 400
1372.35,-57.5,1398.3,1356,07-Aug-2026 16:00:25,1319.5,N,-4.07,1278086023.2,EQ,SAILIFE,931312,NIFTY MIDSML 400
1683.29,-68.7,1720.1,1620,07-Aug-2026 16:00:25,1593.5,N,-4.07,523153065.68,EQ,AFFLE,310792,NIFTY MIDSML 400
234.27,-10.07,240.84,231,07-Aug-2026 16:00:25,228.61,N,-4.18,652441012.92,EQ,CGCL,2784996,NIFTY MIDSML 400
323.31,-13.95,337.65,318,07-Aug-2026 16:00:25,316.7,N,-4.20,562771814.67,EQ,SONATSOFTW,1740657,NIFTY MIDSML 400
281.82,-13.95,289.55,280,07-Aug-2026 16:00:25,275,N,-4.75,2589174467.88,EQ,FSL,9187334,NIFTY MIDSML 400
8390.9,-420,8650,8230,07-Aug-2026 16:00:25,8225,N,-4.86,4953576205.9,EQ,NAVINFLUOR,590351,NIFTY MIDSML 400
1033.93,-54,1075,1016.7,07-Aug-2026 16:00:25,1010.2,N,-5.04,287612443.82,EQ,MAPMYINDIA,278174,NIFTY MIDSML 400
310.12,-19.85,321.65,305.8,07-Aug-2026 16:00:25,304.35,N,-6.10,431539112.76,EQ,EIHOTEL,1391523,NIFTY MIDSML 400
1804.31,-114.4,1895,1758,07-Aug-2026 16:00:25,1756.3,N,-6.11,682794207.44,EQ,ECLERX,378424,NIFTY MIDSML 400
252.54,-20.05,270,249.95,07-Aug-2026 16:00:25,248.3,N,-7.43,5711656015.98,EQ,CROMPTON,22616837,NIFTY MIDSML 400
781.64,-86.05,873,779,07-Aug-2026 16:00:25,738.9,N,-9.95,5432794291.48,EQ,JYOTICNC,6950507,NIFTY MIDSML 400
157.3,19.62,172,169.4,07-Aug-2026 16:00:25,143.99,N,13.10,8078149522.3,EQ,EMIL,51355051,NIFTY TOTAL MKT
3632.49,395.8,3735,3648,07-Aug-2026 16:00:25,3426.4,N,12.17,28965202823.25,EQ,ENRIN,7973925,NIFTY TOTAL MKT
215.85,21.86,229.8,221.6,07-Aug-2026 16:00:25,197.84,N,10.94,3933687526.2,EQ,SAPPHIRE,18224172,NIFTY TOTAL MKT
1901.77,193.5,1998,1968,07-Aug-2026 16:00:25,1785,N,10.90,3570063500.64,EQ,AVALON,1877232,NIFTY TOTAL MKT
2460.72,230.5,2539.6,2452,07-Aug-2026 16:00:25,2231,N,10.38,5452874316.24,EQ,PGIL,2215967,NIFTY TOTAL MKT
95.5,8.74,97.6,97.2,07-Aug-2026 16:00:25,90.75,N,9.88,6146056255,EQ,LLOYDSENGG,64356610,NIFTY TOTAL MKT
807.62,67.65,836.3,804,07-Aug-2026 16:00:25,713.45,N,9.19,12267917400.2,EQ,VARROC,15190210,NIFTY TOTAL MKT
131.45,11.14,135.98,135,07-Aug-2026 16:00:25,122.6,N,8.99,3498808987.85,EQ,DEVYANI,26617033,NIFTY TOTAL MKT
851.08,71.5,880,873.05,07-Aug-2026 16:00:25,797.3,N,8.92,13667034136.8,EQ,TATATECH,16058460,NIFTY TOTAL MKT
166.72,13.5,169.8,168.5,07-Aug-2026 16:00:25,155.17,N,8.71,19269956913.6,EQ,MOTHERSON,115582755,NIFTY TOTAL MKT
1046.36,77.75,1071.1,1070,07-Aug-2026 16:00:25,991.15,N,7.84,949144785.12,EQ,TECHNOE,907092,NIFTY TOTAL MKT
220.33,15.52,226.99,226,07-Aug-2026 16:00:25,210.3,N,7.37,1643698595.11,EQ,BECTORFOOD,7460167,NIFTY TOTAL MKT
1443.2,91.8,1470.9,1429,07-Aug-2026 16:00:25,1354.1,N,6.87,1843177107.2,EQ,TRAVELFOOD,1277146,NIFTY TOTAL MKT
22315.18,1372,23500,22915,07-Aug-2026 16:00:25,21601,N,6.37,7004444904.66,EQ,NEULANDLAB,313887,NIFTY TOTAL MKT
93.17,5.45,96.45,95.7,07-Aug-2026 16:00:25,89.5,N,6.04,2805373017.37,EQ,RBA,30110261,NIFTY TOTAL MKT
116.01,5.58,117.32,117.32,07-Aug-2026 16:00:25,110,N,4.99,83321282.25,BE,DBREALTY,718225,NIFTY TOTAL MKT
402.05,19.3,409.7,408.1,07-Aug-2026 16:00:25,386.85,N,4.96,1959945504,EQ,M&MFIN,4874880,NIFTY TOTAL MKT
692.59,32.45,703,695,07-Aug-2026 16:00:25,665.85,N,4.90,441231774.25,EQ,AKUMS,637075,NIFTY TOTAL MKT
64.75,3.06,66.04,65.99,07-Aug-2026 16:00:25,62.2,N,4.86,36220502.5,BE,JAIBALAJI,559390,NIFTY TOTAL MKT
19090.46,879,19400,19100,07-Aug-2026 16:00:25,18250,N,4.82,1743417169.04,EQ,PTCIL,91324,NIFTY TOTAL MKT
1683.29,-68.7,1720.1,1620,07-Aug-2026 16:00:25,1593.5,N,-4.07,523153065.68,EQ,AFFLE,310792,NIFTY TOTAL MKT
1372.35,-57.5,1398.3,1356,07-Aug-2026 16:00:25,1319.5,N,-4.07,1278086023.2,EQ,SAILIFE,931312,NIFTY TOTAL MKT
209.9,-8.77,216.48,205.11,07-Aug-2026 16:00:25,204.7,N,-4.10,330604464.3,EQ,SANDUMA,1575057,NIFTY TOTAL MKT
234.27,-10.07,240.84,231,07-Aug-2026 16:00:25,228.61,N,-4.18,652441012.92,EQ,CGCL,2784996,NIFTY TOTAL MKT
323.31,-13.95,337.65,318,07-Aug-2026 16:00:25,316.7,N,-4.20,562771814.67,EQ,SONATSOFTW,1740657,NIFTY TOTAL MKT
164.61,-7.3,167,164.01,07-Aug-2026 16:00:25,162.85,N,-4.26,202906845.72,EQ,FINPIPE,1232652,NIFTY TOTAL MKT
6059.75,-275.5,6348,6049,07-Aug-2026 16:00:25,5962,N,-4.36,359312876.25,EQ,CERA,59295,NIFTY TOTAL MKT
20.87,-1.02,21.49,20.53,07-Aug-2026 16:00:25,20.38,N,-4.73,843511555.4,EQ,HCC,40417420,NIFTY TOTAL MKT
281.82,-13.95,289.55,280,07-Aug-2026 16:00:25,275,N,-4.75,2589174467.88,EQ,FSL,9187334,NIFTY TOTAL MKT
8390.9,-420,8650,8230,07-Aug-2026 16:00:25,8225,N,-4.86,4953576205.9,EQ,NAVINFLUOR,590351,NIFTY TOTAL MKT
164.4,-8.56,168.54,165.4,07-Aug-2026 16:00:25,155.38,N,-4.92,1717920816,EQ,VIKRAMSOLR,10449640,NIFTY TOTAL MKT
186.42,-9.78,190,185.83,07-Aug-2026 16:00:25,185.83,N,-5.00,204808282.38,EQ,LOTUSDEV,1098639,NIFTY TOTAL MKT
1033.93,-54,1075,1016.7,07-Aug-2026 16:00:25,1010.2,N,-5.04,287612443.82,EQ,MAPMYINDIA,278174,NIFTY TOTAL MKT
564.56,-29.6,576.95,551,07-Aug-2026 16:00:25,551,N,-5.10,119650023.6,EQ,CAPILLARY,211935,NIFTY TOTAL MKT
1927.06,-107.3,1969.8,1886,07-Aug-2026 16:00:25,1884.9,N,-5.38,196708503.62,EQ,ANUP,102077,NIFTY TOTAL MKT
171.09,-9.72,176.9,168,07-Aug-2026 16:00:25,167.15,N,-5.47,334493610.66,EQ,GAEL,1955074,NIFTY TOTAL MKT
7229.82,-413.5,7477.5,6925,07-Aug-2026 16:00:25,6911,N,-5.63,1212686627.88,EQ,GRWRHITECH,167734,NIFTY TOTAL MKT
3231.25,-191.3,3347,3175,07-Aug-2026 16:00:25,3140.9,N,-5.68,866640637.5,EQ,SHAILY,268206,NIFTY TOTAL MKT
698.28,-42.85,717.95,692,07-Aug-2026 16:00:25,684.25,N,-5.83,226902594.6,EQ,INDIASHLTR,324945,NIFTY TOTAL MKT
1090.24,-66.8,1113,1078,07-Aug-2026 16:00:25,1074.5,N,-5.84,17023008450.24,EQ,BAJFINANCE,15614001,NIFTY TOTAL MKT
650.31,-40.3,674.7,638.5,07-Aug-2026 16:00:25,630.3,N,-5.94,839210748.18,EQ,ASKAUTOLTD,1290478,NIFTY TOTAL MKT
310.12,-19.85,321.65,305.8,07-Aug-2026 16:00:25,304.35,N,-6.10,431539112.76,EQ,EIHOTEL,1391523,NIFTY TOTAL MKT
1804.31,-114.4,1895,1758,07-Aug-2026 16:00:25,1756.3,N,-6.11,682794207.44,EQ,ECLERX,378424,NIFTY TOTAL MKT
227.47,-15.79,238.5,223.97,07-Aug-2026 16:00:25,222,N,-6.59,321530892.23,EQ,PNCINFRA,1413509,NIFTY TOTAL MKT
252.54,-20.05,270,249.95,07-Aug-2026 16:00:25,248.3,N,-7.43,5711656015.98,EQ,CROMPTON,22616837,NIFTY TOTAL MKT
2253.78,-180.6,2394.6,2190,07-Aug-2026 16:00:25,2154.6,N,-7.62,752120192.7,EQ,RATNAMANI,333715,NIFTY TOTAL MKT
236.76,-20.5,252,222.5,07-Aug-2026 16:00:25,221.1,N,-8.44,6013088897.52,EQ,RAIN,25397402,NIFTY TOTAL MKT
237.04,-23.55,256.5,233,07-Aug-2026 16:00:25,230.8,N,-9.18,1466661296,EQ,RELIGARE,6187400,NIFTY TOTAL MKT
781.64,-86.05,873,779,07-Aug-2026 16:00:25,738.9,N,-9.95,5432794291.48,EQ,JYOTICNC,6950507,NIFTY TOTAL MKT
180.83,-26.17,199.73,176.5,07-Aug-2026 16:00:25,171.48,N,-12.91,1520790788.14,EQ,IXIGO,8410058,NIFTY TOTAL MKT
166.72,13.5,169.8,168.5,07-Aug-2026 16:00:25,155.17,N,8.71,19269956913.6,EQ,MOTHERSON,115582755,NIFTY AUTO
807.49,26.05,821,818.05,07-Aug-2026 16:00:25,787,N,3.29,3030682772.86,EQ,SONACOMS,3753214,NIFTY AUTO
5708.64,174.5,5800,5725,07-Aug-2026 16:00:25,5541,N,3.14,10930190292,EQ,HEROMOTOCO,1914675,NIFTY AUTO
486.48,14.8,493,489.05,07-Aug-2026 16:00:25,470.65,N,3.12,3820638300.72,EQ,EXIDEIND,7853639,NIFTY AUTO
3475.5,96,3504.9,3502,07-Aug-2026 16:00:25,3402.1,N,2.82,11466498193.5,EQ,M&M,3299237,NIFTY AUTO
2243.67,55.2,2270,2265.2,07-Aug-2026 16:00:25,2190.4,N,2.50,2584842460.2,EQ,BHARATFORG,1152060,NIFTY AUTO
42437.17,950,42950,42950,07-Aug-2026 16:00:25,42000,N,2.26,1197407188.72,EQ,BOSCHLTD,28216,NIFTY AUTO
4434.04,65.9,4458,4440.9,07-Aug-2026 16:00:25,4378,N,1.51,3725294178.32,EQ,TVSMOTOR,840158,NIFTY AUTO
2759.2,19.7,2783,2772,07-Aug-2026 16:00:25,2742.2,N,0.72,392907320.8,EQ,TIINDIA,142399,NIFTY AUTO
13968.44,97,14038,14037,07-Aug-2026 16:00:25,13811,N,0.70,4527227277.76,EQ,MARUTI,324104,NIFTY AUTO
8011.22,52.5,8067.5,8020,07-Aug-2026 16:00:25,7920,N,0.66,2719136247.52,EQ,EICHERMOT,339416,NIFTY AUTO
1282.31,7,1292.1,1285,07-Aug-2026 16:00:25,1265.1,N,0.55,715221225.6,EQ,UNOMINDA,557760,NIFTY AUTO
346.21,1.65,349.8,347,07-Aug-2026 16:00:25,343.65,N,0.48,1479713657.35,EQ,TMPV,4274035,NIFTY AUTO
11674.55,42,11730,11662,07-Aug-2026 16:00:25,11574,N,0.36,2439607364.4,EQ,BAJAJ-AUTO,208968,NIFTY AUTO
176.72,0,177.99,177.5,07-Aug-2026 16:00:25,175.5,N,0.00,1993762108.8,EQ,ASHOKLEY,11282040,NIFTY AUTO
5589.16,106,5660,5510,07-Aug-2026 16:00:25,5500,N,1.96,7505397916.84,EQ,BRITANNIA,1342849,NIFTY FMCG
2094.15,16.5,2099.4,2096,07-Aug-2026 16:00:25,2077.2,N,0.79,2208626709.75,EQ,HINDUNILVR,1054665,NIFTY FMCG
354.14,2.5,357.5,357.5,07-Aug-2026 16:00:25,351.1,N,0.70,990435378.76,EQ,PATANJALI,2796734,NIFTY FMCG
4459.7,29,4499,4499,07-Aug-2026 16:00:25,4431.7,N,0.65,1334426974.3,EQ,RADICO,299219,NIFTY FMCG
1543.3,5,1553,1540,07-Aug-2026 16:00:25,1520,N,0.33,2346836121.3,EQ,NESTLEIND,1520661,NIFTY FMCG
857.94,2,863.95,862,07-Aug-2026 16:00:25,852.4,N,0.23,988300551.24,EQ,MARICO,1151946,NIFTY FMCG
2023.35,1.6,2037.5,2030,07-Aug-2026 16:00:25,2009.2,N,0.08,451170629.7,EQ,COLPAL,222982,NIFTY FMCG
285.09,0.2,286.1,286.1,07-Aug-2026 16:00:25,284.4,N,0.07,1747271280.69,EQ,ITC,6128841,NIFTY FMCG
410.73,-0.45,416.2,408.55,07-Aug-2026 16:00:25,404.35,N,-0.11,408314496.87,EQ,EMAMILTD,994119,NIFTY FMCG
410.58,-1.3,413.45,410,07-Aug-2026 16:00:25,408.5,N,-0.32,718327775.52,EQ,DABUR,1749544,NIFTY FMCG
442.16,-2,447.35,442,07-Aug-2026 16:00:25,439.55,N,-0.45,1093145977.76,EQ,VBL,2472286,NIFTY FMCG
1397.22,-8.3,1408.2,1397,07-Aug-2026 16:00:25,1377.5,N,-0.59,139709425.02,EQ,UBL,99991,NIFTY FMCG
1082.89,-7.7,1092,1082.3,07-Aug-2026 16:00:25,1078,N,-0.71,951874387.57,EQ,TATACONSUM,879013,NIFTY FMCG
1519.63,-12.6,1529.8,1512.4,07-Aug-2026 16:00:25,1512.4,N,-0.83,493571265.11,EQ,UNITDSPR,324797,NIFTY FMCG
1054.56,-27.3,1087.2,1050,07-Aug-2026 16:00:25,1032.3,N,-2.53,2804796359.04,EQ,GODREJCP,2659684,NIFTY FMCG
2435.68,79.7,2457.7,2452.7,07-Aug-2026 16:00:25,2375,N,3.36,11077421490.72,EQ,TCS,4547979,NIFTY IT
4639.82,130.1,4688,4658.1,07-Aug-2026 16:00:25,4542,N,2.87,2987371306.1,EQ,LTM,643855,NIFTY IT
2474.74,53.1,2498,2475,07-Aug-2026 16:00:25,2405.1,N,2.19,1506228228.34,EQ,MPHASIS,608641,NIFTY IT
1353.94,21.6,1369,1356.6,07-Aug-2026 16:00:25,1328,N,1.62,2336380527.04,EQ,HCLTECH,1725616,NIFTY IT
1175.22,10.1,1183,1175.1,07-Aug-2026 16:00:25,1155.6,N,0.87,8909824660.2,EQ,INFY,7581410,NIFTY IT
187.18,1.41,188.37,187.53,07-Aug-2026 16:00:25,185.65,N,0.76,1464328232.36,EQ,WIPRO,7823102,NIFTY IT
11714.49,70,11857,11805,07-Aug-2026 16:00:25,11572,N,0.60,2190586201.02,EQ,OFSS,186998,NIFTY IT
5509.7,15.5,5594,5475,07-Aug-2026 16:00:25,5448.5,N,0.28,2797219593,EQ,PERSISTENT,507690,NIFTY IT
1788.2,3.2,1809,1776,07-Aug-2026 16:00:25,1765.5,N,0.18,4767443127.4,EQ,COFORGE,2666057,NIFTY IT
1654.01,2.8,1681.5,1635,07-Aug-2026 16:00:25,1634.3,N,0.17,10071448831.1,EQ,TECHM,6089110,NIFTY IT
94.1,1.48,95.6,94.05,07-Aug-2026 16:00:25,92.57,N,1.60,1993014569.1,EQ,ZEEL,21179751,NIFTY MEDIA
10.88,0.08,10.94,10.91,07-Aug-2026 16:00:25,10.78,N,0.74,10852745.6,EQ,HATHWAY,997495,NIFTY MEDIA
1156.81,7.6,1168.9,1158,07-Aug-2026 16:00:25,1135,N,0.66,159074099.91,EQ,PVRINOX,137511,NIFTY MEDIA
211.12,0.1,213,210.75,07-Aug-2026 16:00:25,209.57,N,0.05,15973339.2,EQ,DBCORP,75660,NIFTY MEDIA
350.62,-1.45,356.65,351.4,07-Aug-2026 16:00:25,344.5,N,-0.41,773397245.38,EQ,NAZARA,2205799,NIFTY MEDIA
487.76,-2.45,491.95,486.75,07-Aug-2026 16:00:25,485.1,N,-0.50,66832387.44,EQ,SUNTV,137019,NIFTY MEDIA
294.24,-3.25,304.8,288.65,07-Aug-2026 16:00:25,283.65,N,-1.11,324154203.84,EQ,PFOCUS,1101666,NIFTY MEDIA
29.59,-0.38,29.79,29.53,07-Aug-2026 16:00:25,29.45,N,-1.27,36707696.96,EQ,NETWORK18,1240544,NIFTY MEDIA
648.32,-10.4,658.05,644,07-Aug-2026 16:00:25,644,N,-1.59,112395348.48,EQ,TIPSMUSIC,173364,NIFTY MEDIA
526.91,-10.55,539.95,517.45,07-Aug-2026 16:00:25,513.15,N,-2.00,249302724.31,EQ,SAREGAMA,473141,NIFTY MEDIA
1040.19,32.6,1059.6,1059.6,07-Aug-2026 16:00:25,1017,N,3.17,9657900981.93,EQ,HINDALCO,9284747,NIFTY METAL
2090.44,50.9,2109.9,2109.9,07-Aug-2026 16:00:25,2055.6,N,2.47,1273324631.92,EQ,LLOYDSME,609118,NIFTY METAL
599.71,13,605.85,603,07-Aug-2026 16:00:25,590.05,N,2.20,3815463567.51,EQ,HINDZINC,6362181,NIFTY METAL
275.05,3.85,278.85,278.85,07-Aug-2026 16:00:25,271.85,N,1.40,2829594203.15,EQ,VEDL,10287563,NIFTY METAL
1958.39,25,1970,1970,07-Aug-2026 16:00:25,1942.5,N,1.29,792431179.26,EQ,APLAPOLLO,404634,NIFTY METAL
1847.61,20.4,1865,1840,07-Aug-2026 16:00:25,1821.3,N,1.12,1326846340.62,EQ,WELCORP,718142,NIFTY METAL
734.62,2.35,738.5,734.85,07-Aug-2026 16:00:25,731.3,N,0.32,102739545.48,EQ,JSL,139854,NIFTY METAL
1098.41,2,1105.7,1103,07-Aug-2026 16:00:25,1092.1,N,0.18,431097366.34,EQ,JINDALSTEL,392474,NIFTY METAL
379.65,0,382.85,381,07-Aug-2026 16:00:25,377.15,N,0.00,1679553756.45,EQ,NATIONALUM,4423953,NIFTY METAL
175.95,-0.16,176.88,176.58,07-Aug-2026 16:00:25,174.61,N,-0.09,1683823729.05,EQ,SAIL,9569899,NIFTY METAL
3022.65,-6,3039.5,3020,07-Aug-2026 16:00:25,3004.5,N,-0.20,2384511154.65,EQ,ADANIENT,788881,NIFTY METAL
1298.03,-8.4,1309.9,1299.5,07-Aug-2026 16:00:25,1288.5,N,-0.64,935523969.78,EQ,JSWSTEEL,720726,NIFTY METAL
188.16,-1.75,189.69,187.55,07-Aug-2026 16:00:25,186.75,N,-0.92,1867303791.36,EQ,TATASTEEL,9924021,NIFTY METAL
85.15,-1.28,86,84.92,07-Aug-2026 16:00:25,84.9,N,-1.48,796547681.15,EQ,NMDC,9354641,NIFTY METAL
539.71,-9.95,548,536,07-Aug-2026 16:00:25,532.1,N,-1.82,5090402236.56,EQ,HINDCOPPER,9431736,NIFTY METAL
1636.67,69.1,1662.4,1658,07-Aug-2026 16:00:25,1579.9,N,4.35,3275397294.19,EQ,AUROPHARMA,2001257,NIFTY PHARMA
2002.83,45,2028,2020,07-Aug-2026 16:00:25,1966.1,N,2.28,1097520797.55,EQ,WOCKPHARMA,547985,NIFTY PHARMA
2438.3,35.7,2456,2456,07-Aug-2026 16:00:25,2415.6,N,1.48,408812692.9,EQ,MANKIND,167663,NIFTY PHARMA
1847.18,14.3,1856,1844.3,07-Aug-2026 16:00:25,1833.2,N,0.78,2868794301.06,EQ,LAURUSLABS,1553067,NIFTY PHARMA
5604.76,32.5,5647.5,5620,07-Aug-2026 16:00:25,5506,N,0.58,426886545.4,EQ,ALKEM,76165,NIFTY PHARMA
1104.19,6.2,1117.7,1114.2,07-Aug-2026 16:00:25,1093.2,N,0.56,735557272.69,EQ,ZYDUSLIFE,666151,NIFTY PHARMA
209.48,0.86,212.24,209.1,07-Aug-2026 16:00:25,205.51,N,0.41,966057240.16,EQ,PPLPHARMA,4611692,NIFTY PHARMA
2277.12,9.1,2289,2279.1,07-Aug-2026 16:00:25,2256,N,0.40,996490483.2,EQ,GLENMARK,437610,NIFTY PHARMA
1730.95,6.1,1745,1734.3,07-Aug-2026 16:00:25,1711.7,N,0.35,138180007.55,EQ,IPCALAB,79829,NIFTY PHARMA
3480.66,9.6,3499.9,3480,07-Aug-2026 16:00:25,3449,N,0.28,121307962.32,EQ,AJANTPHARM,34852,NIFTY PHARMA
1167.17,1,1172,1172,07-Aug-2026 16:00:25,1162.1,N,0.09,1251717460.46,EQ,DRREDDY,1072438,NIFTY PHARMA
27762.95,-45,27975,27810,07-Aug-2026 16:00:25,27600,N,-0.16,211803545.55,EQ,ABBOTINDIA,7629,NIFTY PHARMA
1937.87,-6,1957,1945,07-Aug-2026 16:00:25,1925.1,N,-0.31,4699854099.16,EQ,SUNPHARMA,2425268,NIFTY PHARMA
4933.45,-32,4987.5,4924,07-Aug-2026 16:00:25,4901,N,-0.65,1946058553.9,EQ,TORNTPHARM,394462,NIFTY PHARMA
8276.71,-74,8334,8275,07-Aug-2026 16:00:25,8233.5,N,-0.89,2124275558.47,EQ,DIVISLAB,256657,NIFTY PHARMA
1467.8,-13.2,1477,1463.8,07-Aug-2026 16:00:25,1462.1,N,-0.89,1123150285.4,EQ,CIPLA,765193,NIFTY PHARMA
2383.62,-21.5,2410,2363.5,07-Aug-2026 16:00:25,2346,N,-0.90,4879224851.22,EQ,LUPIN,2046981,NIFTY PHARMA
2594.6,-26.7,2619.9,2581.6,07-Aug-2026 16:00:25,2570,N,-1.02,824384852.6,EQ,GLAND,317731,NIFTY PHARMA
428.78,-10.25,436.2,426.35,07-Aug-2026 16:00:25,425.3,N,-2.35,2257879585.94,EQ,BIOCON,5265823,NIFTY PHARMA
1372.35,-57.5,1398.3,1356,07-Aug-2026 16:00:25,1319.5,N,-4.07,1278086023.2,EQ,SAILIFE,931312,NIFTY PHARMA
143.57,2.34,145.14,145,07-Aug-2026 16:00:25,142,N,1.64,1230312347.25,EQ,BANKINDIA,8569425,NIFTY PSU BANK
889.52,11.6,899,889.5,07-Aug-2026 16:00:25,878.1,N,1.32,3579593041.2,EQ,INDIANB,4024185,NIFTY PSU BANK
1103.7,12.2,1124.5,1097.2,07-Aug-2026 16:00:25,1075.7,N,1.12,32460503501.4,EQ,SBIN,29410622,NIFTY PSU BANK
182.9,1.1,184.9,183.6,07-Aug-2026 16:00:25,180,N,0.60,4057973218.9,EQ,UNIONBANK,22186841,NIFTY PSU BANK
114.46,0.51,115.37,114.81,07-Aug-2026 16:00:25,113.6,N,0.45,1282242385.02,EQ,PNB,11202537,NIFTY PSU BANK
77.85,0.31,78.55,78.48,07-Aug-2026 16:00:25,77.2,N,0.40,719973304.2,EQ,MAHABANK,9248212,NIFTY PSU BANK
131.68,0.25,132.48,131.95,07-Aug-2026 16:00:25,130.43,N,0.19,2972884054.4,EQ,CANBK,22576580,NIFTY PSU BANK
249.85,-0.3,251.25,250.7,07-Aug-2026 16:00:25,248.02,N,-0.12,1868846269.05,EQ,BANKBARODA,7479873,NIFTY PSU BANK
31.37,-0.14,31.51,31.37,07-Aug-2026 16:00:25,31.26,N,-0.44,112135954.88,EQ,CENTRALBK,3574624,NIFTY PSU BANK
23.85,-0.18,23.98,23.8,07-Aug-2026 16:00:25,23.71,N,-0.75,18766348.65,EQ,PSB,786849,NIFTY PSU BANK
26.45,-0.24,26.54,26.4,07-Aug-2026 16:00:25,26.35,N,-0.90,76241648.9,EQ,UCOBANK,2882482,NIFTY PSU BANK
34.41,-0.5,34.8,34.3,07-Aug-2026 16:00:25,34.15,N,-1.44,78656855.52,EQ,IOB,2285872,NIFTY PSU BANK
175.83,1.36,177.2,176.02,07-Aug-2026 16:00:25,173.52,N,0.78,1886589787.92,EQ,BANDHANBNK,10729624,NIFTY PVT BANK
356.48,2.7,359.8,356.25,07-Aug-2026 16:00:25,350.85,N,0.76,1755405908.48,EQ,FEDERALBNK,4924276,NIFTY PVT BANK
1014.03,5.8,1024.9,1022,07-Aug-2026 16:00:25,1004.4,N,0.57,1751606015.13,EQ,INDUSINDBK,1727371,NIFTY PVT BANK
22.7,0.01,22.8,22.69,07-Aug-2026 16:00:25,22.63,N,0.04,579329333.2,EQ,YESBANK,25521116,NIFTY PVT BANK
732.23,-3.3,736,731,07-Aug-2026 16:00:25,728.2,N,-0.45,14192112613.66,EQ,HDFCBANK,19382042,NIFTY PVT BANK
386.86,-2.2,390.25,389.8,07-Aug-2026 16:00:25,384.15,N,-0.56,655133869.9,EQ,RBLBANK,1693465,NIFTY PVT BANK
84.81,-0.48,85.14,84.62,07-Aug-2026 16:00:25,84.35,N,-0.56,809062126.62,EQ,IDFCFIRSTB,9539702,NIFTY PVT BANK
390.19,-3.25,394.85,390.75,07-Aug-2026 16:00:25,387.75,N,-0.82,2854330374.08,EQ,KOTAKBANK,7315232,NIFTY PVT BANK
1244.14,-18,1256,1238,07-Aug-2026 16:00:25,1238,N,-1.43,4514763847.22,EQ,AXISBANK,3628823,NIFTY PVT BANK
1433.16,-36.5,1455,1421,07-Aug-2026 16:00:25,1418.2,N,-2.50,20631468963.24,EQ,ICICIBANK,14395789,NIFTY PVT BANK
580.55,10.05,585.8,582,07-Aug-2026 16:00:25,568.35,N,1.76,261093073.7,EQ,BRIGADE,449734,NIFTY REALTY
1213.9,8.9,1225,1218.7,07-Aug-2026 16:00:25,1204.7,N,0.74,1080953672,EQ,LODHA,890480,NIFTY REALTY
1578.15,6.8,1599.8,1584.8,07-Aug-2026 16:00:25,1565.8,N,0.43,749889535.5,EQ,PRESTIGE,475170,NIFTY REALTY
644.17,0,649.9,642,07-Aug-2026 16:00:25,635.05,N,0.00,1588774446.3,EQ,DLF,2466390,NIFTY REALTY
1780.75,-2,1792.2,1775,07-Aug-2026 16:00:25,1770.5,N,-0.11,304990833.25,EQ,OBEROIRLTY,171271,NIFTY REALTY
2081.77,-11.9,2108.6,2070,07-Aug-2026 16:00:25,2062.3,N,-0.57,1011937988.15,EQ,GODREJPROP,486095,NIFTY REALTY
621.41,-3.9,627.3,613.5,07-Aug-2026 16:00:25,613.5,N,-0.63,645723909.07,EQ,ANANTRAJ,1039127,NIFTY REALTY
1390.53,-9.6,1411,1381.2,07-Aug-2026 16:00:25,1378,N,-0.69,369516661.14,EQ,ABREL,265738,NIFTY REALTY
1899.47,-17.5,1917.8,1895.5,07-Aug-2026 16:00:25,1893.9,N,-0.91,553929139.81,EQ,PHOENIXLTD,291623,NIFTY REALTY
1345.6,-17.7,1361.4,1338.2,07-Aug-2026 16:00:25,1334.2,N,-1.31,143204134.4,EQ,SOBHA,106424,NIFTY REALTY
1636.67,69.1,1662.4,1658,07-Aug-2026 16:00:25,1579.9,N,4.35,3275397294.19,EQ,AUROPHARMA,2001257,NIFTY HEALTHCARE
942.1,35.15,967.7,955.15,07-Aug-2026 16:00:25,903.35,N,3.82,3346170564.1,EQ,FORTIS,3551821,NIFTY HEALTHCARE
2438.3,35.7,2456,2456,07-Aug-2026 16:00:25,2415.6,N,1.48,408812692.9,EQ,MANKIND,167663,NIFTY HEALTHCARE
1847.18,14.3,1856,1844.3,07-Aug-2026 16:00:25,1833.2,N,0.78,2868794301.06,EQ,LAURUSLABS,1553067,NIFTY HEALTHCARE
5604.76,32.5,5647.5,5620,07-Aug-2026 16:00:25,5506,N,0.58,426886545.4,EQ,ALKEM,76165,NIFTY HEALTHCARE
1104.19,6.2,1117.7,1114.2,07-Aug-2026 16:00:25,1093.2,N,0.56,735557272.69,EQ,ZYDUSLIFE,666151,NIFTY HEALTHCARE
209.48,0.86,212.24,209.1,07-Aug-2026 16:00:25,205.51,N,0.41,966057240.16,EQ,PPLPHARMA,4611692,NIFTY HEALTHCARE
2277.12,9.1,2289,2279.1,07-Aug-2026 16:00:25,2256,N,0.40,996490483.2,EQ,GLENMARK,437610,NIFTY HEALTHCARE
1730.95,6.1,1745,1734.3,07-Aug-2026 16:00:25,1711.7,N,0.35,138180007.55,EQ,IPCALAB,79829,NIFTY HEALTHCARE
404.79,0.9,412.2,400.65,07-Aug-2026 16:00:25,397.85,N,0.23,915053701.56,EQ,SYNGENE,2260564,NIFTY HEALTHCARE
1167.17,1,1172,1172,07-Aug-2026 16:00:25,1162.1,N,0.09,1251717460.46,EQ,DRREDDY,1072438,NIFTY HEALTHCARE
27762.95,-45,27975,27810,07-Aug-2026 16:00:25,27600,N,-0.16,211803545.55,EQ,ABBOTINDIA,7629,NIFTY HEALTHCARE
1072,-2.4,1084.3,1070,07-Aug-2026 16:00:25,1067,N,-0.22,1275464528,EQ,MAXHEALTH,1189799,NIFTY HEALTHCARE
1937.87,-6,1957,1945,07-Aug-2026 16:00:25,1925.1,N,-0.31,4699854099.16,EQ,SUNPHARMA,2425268,NIFTY HEALTHCARE
8961.78,-29.5,9000,8945,07-Aug-2026 16:00:25,8922,N,-0.33,2451432186.54,EQ,APOLLOHOSP,273543,NIFTY HEALTHCARE
4933.45,-32,4987.5,4924,07-Aug-2026 16:00:25,4901,N,-0.65,1946058553.9,EQ,TORNTPHARM,394462,NIFTY HEALTHCARE
1467.8,-13.2,1477,1463.8,07-Aug-2026 16:00:25,1462.1,N,-0.89,1123150285.4,EQ,CIPLA,765193,NIFTY HEALTHCARE
8276.71,-74,8334,8275,07-Aug-2026 16:00:25,8233.5,N,-0.89,2124275558.47,EQ,DIVISLAB,256657,NIFTY HEALTHCARE
2383.62,-21.5,2410,2363.5,07-Aug-2026 16:00:25,2346,N,-0.90,4879224851.22,EQ,LUPIN,2046981,NIFTY HEALTHCARE
428.78,-10.25,436.2,426.35,07-Aug-2026 16:00:25,425.3,N,-2.35,2257879585.94,EQ,BIOCON,5265823,NIFTY HEALTHCARE
627.28,20.9,643.95,630.65,07-Aug-2026 16:00:25,602.45,N,3.43,6937740636.64,EQ,PGEL,11060038,NIFTY CONSR DURBL
617.23,8.3,630,606.3,07-Aug-2026 16:00:25,601.15,N,1.39,20526168201.77,EQ,KALYANKJIL,33255299,NIFTY CONSR DURBL
1284.69,10,1303.7,1285,07-Aug-2026 16:00:25,1271.9,N,0.78,1043132308.68,EQ,VOLTAS,811972,NIFTY CONSR DURBL
1586.15,10.7,1592,1589,07-Aug-2026 16:00:25,1569.2,N,0.68,219478747.8,EQ,LGEINDIA,138372,NIFTY CONSR DURBL
1286.54,2.5,1293.6,1288,07-Aug-2026 16:00:25,1276.2,N,0.19,1938742447.22,EQ,HAVELLS,1506943,NIFTY CONSR DURBL
7435.26,10,7557,7435,07-Aug-2026 16:00:25,7329,N,0.13,1561858150.86,EQ,AMBER,210061,NIFTY CONSR DURBL
14164.53,0,14294,14200,07-Aug-2026 16:00:25,14050,N,0.00,2729689069.89,EQ,DIXON,192713,NIFTY CONSR DURBL
1166.86,-11.5,1179,1163.9,07-Aug-2026 16:00:25,1158.4,N,-0.98,238368494.52,EQ,KAJARIACER,204282,NIFTY CONSR DURBL
723.06,-8.15,730,719.95,07-Aug-2026 16:00:25,717.75,N,-1.12,91837296.72,EQ,BATAINDIA,127012,NIFTY CONSR DURBL
4960.37,-57,5003,4941,07-Aug-2026 16:00:25,4891.3,N,-1.14,5788047417.46,EQ,TITAN,1166858,NIFTY CONSR DURBL
822.14,-16.85,840,813.6,07-Aug-2026 16:00:25,801.6,N,-2.03,324320253.62,EQ,WHIRLPOOL,394483,NIFTY CONSR DURBL
1525.4,-57,1595,1514,07-Aug-2026 16:00:25,1497,N,-3.63,3649168658,EQ,BLUESTARCO,2392270,NIFTY CONSR DURBL
252.54,-20.05,270,249.95,07-Aug-2026 16:00:25,248.3,N,-7.43,5711656015.98,EQ,CROMPTON,22616837,NIFTY CONSR DURBL
1268.55,37.5,1285.8,1275.8,07-Aug-2026 16:00:25,1220.3,N,3.03,1863061031.7,EQ,CHENNPETRO,1468654,NIFTY OIL AND GAS
1135.27,20.1,1144,1143.8,07-Aug-2026 16:00:25,1116,N,1.79,603532237.4,EQ,MGL,531620,NIFTY OIL AND GAS
278.49,3.65,280.6,280.6,07-Aug-2026 16:00:25,275.4,N,1.32,232150656.45,EQ,PETRONET,833605,NIFTY OIL AND GAS
1329.08,9.8,1337,1334.8,07-Aug-2026 16:00:25,1316.6,N,0.74,13138803753.04,EQ,RELIANCE,9885638,NIFTY OIL AND GAS
142.66,0.72,143.4,143.38,07-Aug-2026 16:00:25,141.81,N,0.50,738079471.36,EQ,IOC,5173696,NIFTY OIL AND GAS
239.13,1.05,241.69,238.85,07-Aug-2026 16:00:25,237.05,N,0.44,2409968879.1,EQ,ONGC,10078070,NIFTY OIL AND GAS
444.52,-1.2,451.85,442.8,07-Aug-2026 16:00:25,437.1,N,-0.27,1881341106.96,EQ,OIL,4232298,NIFTY OIL AND GAS
393.45,-1.95,395.45,393.05,07-Aug-2026 16:00:25,392,N,-0.49,2004743817.75,EQ,HINDPETRO,5095295,NIFTY OIL AND GAS
659.43,-4.7,663.6,655.55,07-Aug-2026 16:00:25,655.55,N,-0.71,281762569.26,EQ,ATGL,427282,NIFTY OIL AND GAS
320.57,-2.7,323.55,321,07-Aug-2026 16:00:25,317.1,N,-0.83,1741252891.8,EQ,BPCL,5431740,NIFTY OIL AND GAS
192.99,-2.06,194.5,192.11,07-Aug-2026 16:00:25,190.9,N,-1.06,602598151.68,EQ,CASTROLIND,3122432,NIFTY OIL AND GAS
287.49,-3.7,294.95,285,07-Aug-2026 16:00:25,282.2,N,-1.28,233764443.78,EQ,AEGISVOPAK,813122,NIFTY OIL AND GAS
153.24,-2.43,155.5,151.9,07-Aug-2026 16:00:25,151.8,N,-1.57,116234685.36,EQ,IGL,758514,NIFTY OIL AND GAS
173.04,-2.77,176.28,173.63,07-Aug-2026 16:00:25,171.89,N,-1.57,1212170117.76,EQ,GAIL,7005144,NIFTY OIL AND GAS
1397.07,-37,1470,1363,07-Aug-2026 16:00:25,1351.1,N,-2.64,2338345912.5,EQ,AEGISLOG,1673750,NIFTY OIL AND GAS
22315.18,1372,23500,22915,07-Aug-2026 16:00:25,21601,N,6.37,7004444904.66,EQ,NEULANDLAB,313887,NIFTY MIDSML HLTH
1636.67,69.1,1662.4,1658,07-Aug-2026 16:00:25,1579.9,N,4.35,3275397294.19,EQ,AUROPHARMA,2001257,NIFTY MIDSML HLTH
867.39,32.35,883,871,07-Aug-2026 16:00:25,839.4,N,3.86,994524219.69,EQ,GRANULES,1146571,NIFTY MIDSML HLTH
942.1,35.15,967.7,955.15,07-Aug-2026 16:00:25,903.35,N,3.82,3346170564.1,EQ,FORTIS,3551821,NIFTY MIDSML HLTH
859.77,25.55,875.35,870,07-Aug-2026 16:00:25,836.5,N,3.03,891673485.39,EQ,ASTERDM,1037107,NIFTY MIDSML HLTH
2002.83,45,2028,2020,07-Aug-2026 16:00:25,1966.1,N,2.28,1097520797.55,EQ,WOCKPHARMA,547985,NIFTY MIDSML HLTH
441.75,7.15,449.2,446.05,07-Aug-2026 16:00:25,432.85,N,1.63,876896721,EQ,COHANCE,1985052,NIFTY MIDSML HLTH
2438.3,35.7,2456,2456,07-Aug-2026 16:00:25,2415.6,N,1.48,408812692.9,EQ,MANKIND,167663,NIFTY MIDSML HLTH
1459.27,17.7,1483.7,1462,07-Aug-2026 16:00:25,1440.1,N,1.23,803926435.7,EQ,MEDANTA,550910,NIFTY MIDSML HLTH
3298.01,29.4,3328,3290,07-Aug-2026 16:00:25,3239.9,N,0.90,618541775.5,EQ,ACUTAAS,187550,NIFTY MIDSML HLTH
812.05,6.3,826.8,814.9,07-Aug-2026 16:00:25,803.1,N,0.78,1463569895.75,EQ,KIMS,1802315,NIFTY MIDSML HLTH
1847.18,14.3,1856,1844.3,07-Aug-2026 16:00:25,1833.2,N,0.78,2868794301.06,EQ,LAURUSLABS,1553067,NIFTY MIDSML HLTH
1878.37,13.4,1900,1898.4,07-Aug-2026 16:00:25,1865.7,N,0.71,438561827.6,EQ,NH,233480,NIFTY MIDSML HLTH
5604.76,32.5,5647.5,5620,07-Aug-2026 16:00:25,5506,N,0.58,426886545.4,EQ,ALKEM,76165,NIFTY MIDSML HLTH
1560.87,7.9,1586,1565,07-Aug-2026 16:00:25,1545,N,0.51,236599796.34,EQ,ONESOURCE,151582,NIFTY MIDSML HLTH
2608.28,12.3,2624.9,2591.8,07-Aug-2026 16:00:25,2556.5,N,0.48,91266325.48,EQ,GLAXO,34991,NIFTY MIDSML HLTH
209.48,0.86,212.24,209.1,07-Aug-2026 16:00:25,205.51,N,0.41,966057240.16,EQ,PPLPHARMA,4611692,NIFTY MIDSML HLTH
914.89,3.65,919.25,916.15,07-Aug-2026 16:00:25,911,N,0.40,154300772.95,EQ,NATCOPHARM,168655,NIFTY MIDSML HLTH
2277.12,9.1,2289,2279.1,07-Aug-2026 16:00:25,2256,N,0.40,996490483.2,EQ,GLENMARK,437610,NIFTY MIDSML HLTH
1730.95,6.1,1745,1734.3,07-Aug-2026 16:00:25,1711.7,N,0.35,138180007.55,EQ,IPCALAB,79829,NIFTY MIDSML HLTH
3480.66,9.6,3499.9,3480,07-Aug-2026 16:00:25,3449,N,0.28,121307962.32,EQ,AJANTPHARM,34852,NIFTY MIDSML HLTH
404.79,0.9,412.2,400.65,07-Aug-2026 16:00:25,397.85,N,0.23,915053701.56,EQ,SYNGENE,2260564,NIFTY MIDSML HLTH
1930.6,-3,1947.9,1925,07-Aug-2026 16:00:25,1907.1,N,-0.16,305922876,EQ,LALPATHLAB,158460,NIFTY MIDSML HLTH
27762.95,-45,27975,27810,07-Aug-2026 16:00:25,27600,N,-0.16,211803545.55,EQ,ABBOTINDIA,7629,NIFTY MIDSML HLTH
4888.85,-13.9,4925,4886.1,07-Aug-2026 16:00:25,4850,N,-0.28,28633994.45,EQ,PFIZER,5857,NIFTY MIDSML HLTH
1700.02,-14.1,1745,1695.2,07-Aug-2026 16:00:25,1651.2,N,-0.82,382912504.8,EQ,POLYMED,225240,NIFTY MIDSML HLTH
2383.62,-21.5,2410,2363.5,07-Aug-2026 16:00:25,2346,N,-0.90,4879224851.22,EQ,LUPIN,2046981,NIFTY MIDSML HLTH
2594.6,-26.7,2619.9,2581.6,07-Aug-2026 16:00:25,2570,N,-1.02,824384852.6,EQ,GLAND,317731,NIFTY MIDSML HLTH
428.78,-10.25,436.2,426.35,07-Aug-2026 16:00:25,425.3,N,-2.35,2257879585.94,EQ,BIOCON,5265823,NIFTY MIDSML HLTH
1372.35,-57.5,1398.3,1356,07-Aug-2026 16:00:25,1319.5,N,-4.07,1278086023.2,EQ,SAILIFE,931312,NIFTY MIDSML HLTH
393.5,6.45,396.85,394,07-Aug-2026 16:00:25,391.1,N,1.66,14319534256,EQ,LICI,36390176,NIFTY FINSEREXBNK
366.36,5.5,368.7,367,07-Aug-2026 16:00:25,361.5,N,1.52,1487857568.4,EQ,RECLTD,4061190,NIFTY FINSEREXBNK
3466.62,22.1,3529,3457.1,07-Aug-2026 16:00:25,3415.5,N,0.64,12902950304.1,EQ,BSE,3722055,NIFTY FINSEREXBNK
418.9,2,421.15,420,07-Aug-2026 16:00:25,414.5,N,0.48,1852408474.2,EQ,PFC,4422078,NIFTY FINSEREXBNK
1600.08,5.5,1613.4,1604.5,07-Aug-2026 16:00:25,1583.1,N,0.34,1173537073.92,EQ,POLICYBZR,733424,NIFTY FINSEREXBNK
2540.95,6.9,2552.4,2545,07-Aug-2026 16:00:25,2521.2,N,0.27,787943513.1,EQ,HDFCAMC,310098,NIFTY FINSEREXBNK
1449.43,-0.4,1459.5,1441.6,07-Aug-2026 16:00:25,1425.3,N,-0.03,4429355170.47,EQ,PAYTM,3055929,NIFTY FINSEREXBNK
2662.1,-2,2684.5,2638,07-Aug-2026 16:00:25,2621,N,-0.08,3846092933.9,EQ,MCX,1444759,NIFTY FINSEREXBNK
504.93,-0.75,507.9,504.25,07-Aug-2026 16:00:25,502.7,N,-0.15,810272279.46,EQ,LICHSGFIN,1604722,NIFTY FINSEREXBNK
2890.5,-4.2,2914,2890,07-Aug-2026 16:00:25,2870.5,N,-0.15,2351190510,EQ,MUTHOOTFIN,813420,NIFTY FINSEREXBNK
659.24,-1,666.7,659,07-Aug-2026 16:00:25,653.65,N,-0.15,958079425.16,EQ,SBICARD,1453309,NIFTY FINSEREXBNK
1328.15,-3,1334.4,1328,07-Aug-2026 16:00:25,1324.1,N,-0.23,758499824.25,EQ,CDSL,571095,NIFTY FINSEREXBNK
1860.61,-6,1871.8,1855.5,07-Aug-2026 16:00:25,1852.8,N,-0.32,726067700.91,EQ,SBILIFE,390231,NIFTY FINSEREXBNK
541.15,-2.5,544.95,540,07-Aug-2026 16:00:25,537.5,N,-0.46,764844634.35,EQ,HDFCLIFE,1413369,NIFTY FINSEREXBNK
88.96,-0.54,89.47,88.75,07-Aug-2026 16:00:25,88.57,N,-0.60,509920054.4,EQ,IRFC,5732015,NIFTY FINSEREXBNK
1135.16,-7,1151.8,1143,07-Aug-2026 16:00:25,1119.5,N,-0.61,1676325961.96,EQ,PNBHOUSING,1476731,NIFTY FINSEREXBNK
11340.25,-124,11428,11263,07-Aug-2026 16:00:25,11263,N,-1.09,294574334,EQ,BAJAJHLDNG,25976,NIFTY FINSEREXBNK
1643.37,-19,1658.7,1639,07-Aug-2026 16:00:25,1631.4,N,-1.15,649855876.17,EQ,ICICIGI,395441,NIFTY FINSEREXBNK
504.02,-5.95,509.6,501.05,07-Aug-2026 16:00:25,501.05,N,-1.17,491058117.66,EQ,ICICIPRULI,974283,NIFTY FINSEREXBNK
1511.17,-21.4,1524,1497.4,07-Aug-2026 16:00:25,1497.4,N,-1.41,543128098.53,EQ,MFSL,359409,NIFTY FINSEREXBNK
784.45,-11.95,801.05,787.5,07-Aug-2026 16:00:25,778.05,N,-1.49,793614729.35,EQ,CAMS,1011683,NIFTY FINSEREXBNK
1173.81,-17.9,1192.8,1168.1,07-Aug-2026 16:00:25,1151,N,-1.51,2004351003.6,EQ,360ONE,1707560,NIFTY FINSEREXBNK
291.79,-5.1,298.75,292,07-Aug-2026 16:00:25,289.05,N,-1.72,1194733279.63,EQ,ANGELONE,4094497,NIFTY FINSEREXBNK
1117.61,-26,1134,1115,07-Aug-2026 16:00:25,1109,N,-2.28,3620708823.29,EQ,SHRIRAMFIN,3239689,NIFTY FINSEREXBNK
259.31,-6.3,263.4,256.8,07-Aug-2026 16:00:25,256.8,N,-2.39,2815645028.2,EQ,JIOFIN,10858220,NIFTY FINSEREXBNK
308.98,-8.65,316.9,308,07-Aug-2026 16:00:25,305.6,N,-2.73,1487493678.86,EQ,LTF,4814207,NIFTY FINSEREXBNK
408.75,-13.45,420.5,408.05,07-Aug-2026 16:00:25,404.7,N,-3.19,1978745261.25,EQ,ABCAPITAL,4840967,NIFTY FINSEREXBNK
2007.65,-77.1,2050,2008.9,07-Aug-2026 16:00:25,1988,N,-3.70,4851735173.6,EQ,BAJAJFINSV,2416624,NIFTY FINSEREXBNK
1886.01,-73.8,1922,1866.2,07-Aug-2026 16:00:25,1862.8,N,-3.80,3051300138.6,EQ,CHOLAFIN,1617860,NIFTY FINSEREXBNK
1090.24,-66.8,1113,1078,07-Aug-2026 16:00:25,1074.5,N,-5.84,17023008450.24,EQ,BAJFINANCE,15614001,NIFTY FINSEREXBNK
393.5,6.45,396.85,394,07-Aug-2026 16:00:25,391.1,N,1.66,14319534256,EQ,LICI,36390176,NIFTY MS FIN SERV
143.57,2.34,145.14,145,07-Aug-2026 16:00:25,142,N,1.64,1230312347.25,EQ,BANKINDIA,8569425,NIFTY MS FIN SERV
889.52,11.6,899,889.5,07-Aug-2026 16:00:25,878.1,N,1.32,3579593041.2,EQ,INDIANB,4024185,NIFTY MS FIN SERV
175.83,1.36,177.2,176.02,07-Aug-2026 16:00:25,173.52,N,0.78,1886589787.92,EQ,BANDHANBNK,10729624,NIFTY MS FIN SERV
356.48,2.7,359.8,356.25,07-Aug-2026 16:00:25,350.85,N,0.76,1755405908.48,EQ,FEDERALBNK,4924276,NIFTY MS FIN SERV
364.19,2.75,368.5,366.75,07-Aug-2026 16:00:25,358.5,N,0.76,942759350.93,EQ,MANAPPURAM,2588647,NIFTY MS FIN SERV
932.11,6,937,936,07-Aug-2026 16:00:25,925,N,0.65,275692971.03,EQ,KFINTECH,295773,NIFTY MS FIN SERV
3466.62,22.1,3529,3457.1,07-Aug-2026 16:00:25,3415.5,N,0.64,12902950304.1,EQ,BSE,3722055,NIFTY MS FIN SERV
1014.03,5.8,1024.9,1022,07-Aug-2026 16:00:25,1004.4,N,0.57,1751606015.13,EQ,INDUSINDBK,1727371,NIFTY MS FIN SERV
1600.08,5.5,1613.4,1604.5,07-Aug-2026 16:00:25,1583.1,N,0.34,1173537073.92,EQ,POLICYBZR,733424,NIFTY MS FIN SERV
22.7,0.01,22.8,22.69,07-Aug-2026 16:00:25,22.63,N,0.04,579329333.2,EQ,YESBANK,25521116,NIFTY MS FIN SERV
1449.43,-0.4,1459.5,1441.6,07-Aug-2026 16:00:25,1425.3,N,-0.03,4429355170.47,EQ,PAYTM,3055929,NIFTY MS FIN SERV
2662.1,-2,2684.5,2638,07-Aug-2026 16:00:25,2621,N,-0.08,3846092933.9,EQ,MCX,1444759,NIFTY MS FIN SERV
659.24,-1,666.7,659,07-Aug-2026 16:00:25,653.65,N,-0.15,958079425.16,EQ,SBICARD,1453309,NIFTY MS FIN SERV
504.93,-0.75,507.9,504.25,07-Aug-2026 16:00:25,502.7,N,-0.15,810272279.46,EQ,LICHSGFIN,1604722,NIFTY MS FIN SERV
1328.15,-3,1334.4,1328,07-Aug-2026 16:00:25,1324.1,N,-0.23,758499824.25,EQ,CDSL,571095,NIFTY MS FIN SERV
201.35,-1.1,202.69,201.01,07-Aug-2026 16:00:25,200,N,-0.54,246620124.55,EQ,HUDCO,1224833,NIFTY MS FIN SERV
386.86,-2.2,390.25,389.8,07-Aug-2026 16:00:25,384.15,N,-0.56,655133869.9,EQ,RBLBANK,1693465,NIFTY MS FIN SERV
84.81,-0.48,85.14,84.62,07-Aug-2026 16:00:25,84.35,N,-0.56,809062126.62,EQ,IDFCFIRSTB,9539702,NIFTY MS FIN SERV
1135.16,-7,1151.8,1143,07-Aug-2026 16:00:25,1119.5,N,-0.61,1676325961.96,EQ,PNBHOUSING,1476731,NIFTY MS FIN SERV
1643.37,-19,1658.7,1639,07-Aug-2026 16:00:25,1631.4,N,-1.15,649855876.17,EQ,ICICIGI,395441,NIFTY MS FIN SERV
504.02,-5.95,509.6,501.05,07-Aug-2026 16:00:25,501.05,N,-1.17,491058117.66,EQ,ICICIPRULI,974283,NIFTY MS FIN SERV
127.38,-1.73,128.67,127.1,07-Aug-2026 16:00:25,126.52,N,-1.34,315336705.42,EQ,IEX,2475559,NIFTY MS FIN SERV
1511.17,-21.4,1524,1497.4,07-Aug-2026 16:00:25,1497.4,N,-1.41,543128098.53,EQ,MFSL,359409,NIFTY MS FIN SERV
784.45,-11.95,801.05,787.5,07-Aug-2026 16:00:25,778.05,N,-1.49,793614729.35,EQ,CAMS,1011683,NIFTY MS FIN SERV
1173.81,-17.9,1192.8,1168.1,07-Aug-2026 16:00:25,1151,N,-1.51,2004351003.6,EQ,360ONE,1707560,NIFTY MS FIN SERV
291.79,-5.1,298.75,292,07-Aug-2026 16:00:25,289.05,N,-1.72,1194733279.63,EQ,ANGELONE,4094497,NIFTY MS FIN SERV
1077.61,-20.6,1088.1,1067,07-Aug-2026 16:00:25,1067,N,-1.89,810502809.3,EQ,AUBANK,752130,NIFTY MS FIN SERV
308.98,-8.65,316.9,308,07-Aug-2026 16:00:25,305.6,N,-2.73,1487493678.86,EQ,LTF,4814207,NIFTY MS FIN SERV
408.75,-13.45,420.5,408.05,07-Aug-2026 16:00:25,404.7,N,-3.19,1978745261.25,EQ,ABCAPITAL,4840967,NIFTY MS FIN SERV
851.08,71.5,880,873.05,07-Aug-2026 16:00:25,797.3,N,8.92,13667034136.8,EQ,TATATECH,16058460,NIFTY MS IT TELCM
2474.74,53.1,2498,2475,07-Aug-2026 16:00:25,2405.1,N,2.19,1506228228.34,EQ,MPHASIS,608641,NIFTY MS IT TELCM
206.51,4.13,211.52,207.8,07-Aug-2026 16:00:25,201,N,2.03,4024875150.27,EQ,HFCL,19489977,NIFTY MS IT TELCM
3793.49,66,3833.6,3781,07-Aug-2026 16:00:25,3716.1,N,1.78,1704934765.13,EQ,TATAELXSI,449437,NIFTY MS IT TELCM
561.21,9.25,566.55,565.25,07-Aug-2026 16:00:25,552.5,N,1.66,179339706.39,EQ,HEXT,319559,NIFTY MS IT TELCM
1746.09,24.5,1764,1760,07-Aug-2026 16:00:25,1730,N,1.41,273435947.91,EQ,TATACOMM,156599,NIFTY MS IT TELCM
3606.46,43.5,3655.9,3598.9,07-Aug-2026 16:00:25,3551.3,N,1.22,288509587.08,EQ,LTTS,79998,NIFTY MS IT TELCM
630.2,6.9,637.25,629.9,07-Aug-2026 16:00:25,620.55,N,1.11,1603334043.4,EQ,KPITTECH,2544167,NIFTY MS IT TELCM
12.72,0.1,12.88,12.73,07-Aug-2026 16:00:25,12.6,N,0.79,2618482774.08,EQ,IDEA,205855564,NIFTY MS IT TELCM
384.96,2.7,386.8,386,07-Aug-2026 16:00:25,383.1,N,0.70,1325217485.76,EQ,INDUSTOWER,3442481,NIFTY MS IT TELCM
11714.49,70,11857,11805,07-Aug-2026 16:00:25,11572,N,0.60,2190586201.02,EQ,OFSS,186998,NIFTY MS IT TELCM
857.37,3.05,863.65,857.95,07-Aug-2026 16:00:25,852.1,N,0.36,304392071.1,EQ,CYIENT,355030,NIFTY MS IT TELCM
5509.7,15.5,5594,5475,07-Aug-2026 16:00:25,5448.5,N,0.28,2797219593,EQ,PERSISTENT,507690,NIFTY MS IT TELCM
1788.2,3.2,1809,1776,07-Aug-2026 16:00:25,1765.5,N,0.18,4767443127.4,EQ,COFORGE,2666057,NIFTY MS IT TELCM
1536.09,1.5,1551.5,1516,07-Aug-2026 16:00:25,1503.8,N,0.10,225097092.51,EQ,BHARTIHEXA,146539,NIFTY MS IT TELCM
43.56,0.01,44,43.67,07-Aug-2026 16:00:25,43.21,N,0.02,476894618.64,EQ,SAGILITY,10947994,NIFTY MS IT TELCM
722.19,-1.65,729,720,07-Aug-2026 16:00:25,715,N,-0.23,191435958.63,EQ,INTELLECT,265077,NIFTY MS IT TELCM
502.19,-2.45,507.65,498.2,07-Aug-2026 16:00:25,497,N,-0.49,355229118.4,EQ,ZENSARTECH,707360,NIFTY MS IT TELCM
1683.29,-68.7,1720.1,1620,07-Aug-2026 16:00:25,1593.5,N,-4.07,523153065.68,EQ,AFFLE,310792,NIFTY MS IT TELCM
323.31,-13.95,337.65,318,07-Aug-2026 16:00:25,316.7,N,-4.20,562771814.67,EQ,SONATSOFTW,1740657,NIFTY MS IT TELCM
1798.48,41.8,1835,1792.2,07-Aug-2026 16:00:25,1762,N,2.39,2928108884.96,EQ,DEEPAKNTR,1628102,NIFTY CHEMICALS
684.5,6.7,702,670,07-Aug-2026 16:00:25,668,N,1.01,2442033152,EQ,TATACHEM,3567616,NIFTY CHEMICALS
18524.63,154,18669,18650,07-Aug-2026 16:00:25,18391,N,0.83,911745239.34,EQ,SOLARINDS,49218,NIFTY CHEMICALS
535.28,1.4,540.6,526.6,07-Aug-2026 16:00:25,520.8,N,0.27,327503574.08,EQ,SUMICHEM,611836,NIFTY CHEMICALS
572.17,0.25,575,573,07-Aug-2026 16:00:25,570.15,N,0.04,505136851.48,EQ,UPL,882844,NIFTY CHEMICALS
4549.69,-2,4634.8,4546,07-Aug-2026 16:00:25,4460.4,N,-0.04,608016021.91,EQ,FLUOROCHEM,133639,NIFTY CHEMICALS
505.29,-0.6,510,500.6,07-Aug-2026 16:00:25,496.55,N,-0.12,718663355.91,EQ,AARTIIND,1422279,NIFTY CHEMICALS
6869.95,-21.5,7007,6775,07-Aug-2026 16:00:25,6752.5,N,-0.32,893546916.7,EQ,ATUL,130066,NIFTY CHEMICALS
2620.52,-9.9,2640.6,2615,07-Aug-2026 16:00:25,2610,N,-0.38,687050554.12,EQ,SRF,262181,NIFTY CHEMICALS
2768.99,-11.4,2796.6,2774.6,07-Aug-2026 16:00:25,2751.2,N,-0.41,236012093.66,EQ,PIIND,85234,NIFTY CHEMICALS
2070.04,-15.1,2088.7,2068,07-Aug-2026 16:00:25,2056.1,N,-0.72,239677511.36,EQ,COROMANDEL,115784,NIFTY CHEMICALS
322.96,-2.85,325.9,321.95,07-Aug-2026 16:00:25,320.5,N,-0.88,179269282.72,EQ,PCBL,555082,NIFTY CHEMICALS
309.15,-2.75,312.4,308.15,07-Aug-2026 16:00:25,307.15,N,-0.88,151623854.1,EQ,SWANCORP,490454,NIFTY CHEMICALS
4192.02,-41.8,4241.4,4173.1,07-Aug-2026 16:00:25,4167.1,N,-0.99,85391447.4,EQ,BAYERCROP,20370,NIFTY CHEMICALS
761.33,-9.05,771.95,751.95,07-Aug-2026 16:00:25,751,N,-1.19,3294692880.17,EQ,HSCL,4327549,NIFTY CHEMICALS
7136.19,-95.5,7206,7057,07-Aug-2026 16:00:25,7057,N,-1.34,147890401.56,EQ,LINDEINDIA,20724,NIFTY CHEMICALS
1550.6,-23.9,1574.2,1535.1,07-Aug-2026 16:00:25,1530,N,-1.53,305972145,EQ,DEEPAKFERT,197325,NIFTY CHEMICALS
1660.64,-26,1675,1660,07-Aug-2026 16:00:25,1648.1,N,-1.54,1523515973.28,EQ,PIDILITIND,917427,NIFTY CHEMICALS
453.51,-8.25,461.6,451.5,07-Aug-2026 16:00:25,449.8,N,-1.79,136198576.71,EQ,CHAMBLFERT,300321,NIFTY CHEMICALS
8390.9,-420,8650,8230,07-Aug-2026 16:00:25,8225,N,-4.86,4953576205.9,EQ,NAVINFLUOR,590351,NIFTY CHEMICALS
580.55,10.05,585.8,582,07-Aug-2026 16:00:25,568.35,N,1.76,261093073.7,EQ,BRIGADE,449734,NIFTY REITS REALTY
167.6,1.88,168.3,167.8,07-Aug-2026 16:00:25,165.9,N,1.13,33213124.4,RR,NXST,198169,NIFTY REITS REALTY
1213.9,8.9,1225,1218.7,07-Aug-2026 16:00:25,1204.7,N,0.74,1080953672,EQ,LODHA,890480,NIFTY REITS REALTY
495.45,3.41,497.4,495.05,07-Aug-2026 16:00:25,490.98,N,0.69,356286022.2,RR,MINDSPACE,719116,NIFTY REITS REALTY
1578.15,6.8,1599.8,1584.8,07-Aug-2026 16:00:25,1565.8,N,0.43,749889535.5,EQ,PRESTIGE,475170,NIFTY REITS REALTY
344.64,0.58,345.96,345,07-Aug-2026 16:00:25,343.02,N,0.17,67492574.4,RR,BIRET,195835,NIFTY REITS REALTY
440.76,0.3,443.38,441.25,07-Aug-2026 16:00:25,439.03,N,0.07,92271342.96,RR,EMBASSY,209346,NIFTY REITS REALTY
117.32,0.04,117.98,117.14,07-Aug-2026 16:00:25,117.1,N,0.03,70447492.36,RR,KRT,600473,NIFTY REITS REALTY
644.17,0,649.9,642,07-Aug-2026 16:00:25,635.05,N,0.00,1588774446.3,EQ,DLF,2466390,NIFTY REITS REALTY
1780.75,-2,1792.2,1775,07-Aug-2026 16:00:25,1770.5,N,-0.11,304990833.25,EQ,OBEROIRLTY,171271,NIFTY REITS REALTY
2081.77,-11.9,2108.6,2070,07-Aug-2026 16:00:25,2062.3,N,-0.57,1011937988.15,EQ,GODREJPROP,486095,NIFTY REITS REALTY
621.41,-3.9,627.3,613.5,07-Aug-2026 16:00:25,613.5,N,-0.63,645723909.07,EQ,ANANTRAJ,1039127,NIFTY REITS REALTY
1390.53,-9.6,1411,1381.2,07-Aug-2026 16:00:25,1378,N,-0.69,369516661.14,EQ,ABREL,265738,NIFTY REITS REALTY
1899.47,-17.5,1917.8,1895.5,07-Aug-2026 16:00:25,1893.9,N,-0.91,553929139.81,EQ,PHOENIXLTD,291623,NIFTY REITS REALTY
1345.6,-17.7,1361.4,1338.2,07-Aug-2026 16:00:25,1334.2,N,-1.31,143204134.4,EQ,SOBHA,106424,NIFTY REITS REALTY
3278.1,113,3349.6,3323,07-Aug-2026 16:00:25,3183,N,3.52,3511549891.5,EQ,GRASIM,1071215,NIFTY CEMENT
134.58,1.88,136.4,134.5,07-Aug-2026 16:00:25,132.4,N,1.42,207719788.86,EQ,JSWCEMENT,1543467,NIFTY CEMENT
396.28,3.95,399.15,397,07-Aug-2026 16:00:25,390.1,N,1.00,71761948.92,EQ,INDIACEM,181089,NIFTY CEMENT
908.14,5.9,917.45,915,07-Aug-2026 16:00:25,899,N,0.65,46817341.42,EQ,BIRLACORPN,51553,NIFTY CEMENT
1819.92,4.9,1832.1,1827.4,07-Aug-2026 16:00:25,1794,N,0.27,187484518.56,EQ,DALBHARAT,103018,NIFTY CEMENT
12025.68,30,12105,12105,07-Aug-2026 16:00:25,11970,N,0.25,2060624319.36,EQ,ULTRACEMCO,171352,NIFTY CEMENT
200.11,-0.24,204.49,203.1,07-Aug-2026 16:00:25,196.5,N,-0.12,138682033.19,EQ,STARCEMENT,693029,NIFTY CEMENT
433.71,-2.5,438,434,07-Aug-2026 16:00:25,431.8,N,-0.57,878965793.91,EQ,AMBUJACEM,2026621,NIFTY CEMENT
5382.97,-46,5428.5,5375,07-Aug-2026 16:00:25,5361,N,-0.85,124604989.56,EQ,JKCEMENT,23148,NIFTY CEMENT
1366.64,-11.9,1373.9,1366.5,07-Aug-2026 16:00:25,1360,N,-0.86,219131157.52,EQ,ACC,160343,NIFTY CEMENT
26156.91,-235,26355,26010,07-Aug-2026 16:00:25,26010,N,-0.90,280977527.22,EQ,SHREECEM,10742,NIFTY CEMENT
566.62,-5.7,576.5,565.55,07-Aug-2026 16:00:25,563.25,N,-1.00,189465262.36,EQ,JKLAKSHMI,334378,NIFTY CEMENT
137.21,-1.57,138,136.6,07-Aug-2026 16:00:25,136,N,-1.14,19001801.27,EQ,ORIENTCEM,138487,NIFTY CEMENT
348.92,-6.15,355.6,346.7,07-Aug-2026 16:00:25,345,N,-1.74,122896253.48,EQ,NUVOCO,352219,NIFTY CEMENT
926.6,-17.1,944,920,07-Aug-2026 16:00:25,914.85,N,-1.82,204956507.2,EQ,RAMCOCEM,221192,NIFTY CEMENT
119.97,-4.32,131,109,07-Aug-2026 16:00:25,107.77,N,-3.81,5842404753.57,EQ,PRSMJOHNSN,48698881,NIFTY CEMENT
3278.1,113,3349.6,3323,07-Aug-2026 16:00:25,3183,N,3.52,3511549891.5,EQ,GRASIM,1071215,NIFTY COMMODITIES
1040.19,32.6,1059.6,1059.6,07-Aug-2026 16:00:25,1017,N,3.17,9657900981.93,EQ,HINDALCO,9284747,NIFTY COMMODITIES
1343.63,26.8,1355.4,1352,07-Aug-2026 16:00:25,1321,N,2.02,510063446.08,EQ,TORNTPOWER,379616,NIFTY COMMODITIES
275.05,3.85,278.85,278.85,07-Aug-2026 16:00:25,271.85,N,1.40,2829594203.15,EQ,VEDL,10287563,NIFTY COMMODITIES
1958.39,25,1970,1970,07-Aug-2026 16:00:25,1942.5,N,1.29,792431179.26,EQ,APLAPOLLO,404634,NIFTY COMMODITIES
1329.08,9.8,1337,1334.8,07-Aug-2026 16:00:25,1316.6,N,0.74,13138803753.04,EQ,RELIANCE,9885638,NIFTY COMMODITIES
1629.8,10.1,1647,1630.1,07-Aug-2026 16:00:25,1606,N,0.62,2268036199.2,EQ,ADANIENSOL,1391604,NIFTY COMMODITIES
564.16,2.9,567.5,564.4,07-Aug-2026 16:00:25,560,N,0.52,875920457.6,EQ,JSWENERGY,1552610,NIFTY COMMODITIES
380.5,1.95,382.7,380.55,07-Aug-2026 16:00:25,377.3,N,0.52,994782624.5,EQ,TATAPOWER,2614409,NIFTY COMMODITIES
142.66,0.72,143.4,143.38,07-Aug-2026 16:00:25,141.81,N,0.50,738079471.36,EQ,IOC,5173696,NIFTY COMMODITIES
239.13,1.05,241.69,238.85,07-Aug-2026 16:00:25,237.05,N,0.44,2409968879.1,EQ,ONGC,10078070,NIFTY COMMODITIES
210.24,0.88,212.1,209,07-Aug-2026 16:00:25,208.13,N,0.42,3021594298.56,EQ,ADANIPOWER,14372119,NIFTY COMMODITIES
12025.68,30,12105,12105,07-Aug-2026 16:00:25,11970,N,0.25,2060624319.36,EQ,ULTRACEMCO,171352,NIFTY COMMODITIES
1098.41,2,1105.7,1103,07-Aug-2026 16:00:25,1092.1,N,0.18,431097366.34,EQ,JINDALSTEL,392474,NIFTY COMMODITIES
1375.81,0.9,1389.9,1372.4,07-Aug-2026 16:00:25,1365.7,N,0.07,1751928937.8,EQ,ADANIGREEN,1273380,NIFTY COMMODITIES
572.17,0.25,575,573,07-Aug-2026 16:00:25,570.15,N,0.04,505136851.48,EQ,UPL,882844,NIFTY COMMODITIES
413.36,-0.35,415.25,415.25,07-Aug-2026 16:00:25,412.5,N,-0.08,1444181873.68,EQ,COALINDIA,3493763,NIFTY COMMODITIES
444.52,-1.2,451.85,442.8,07-Aug-2026 16:00:25,437.1,N,-0.27,1881341106.96,EQ,OIL,4232298,NIFTY COMMODITIES
2620.52,-9.9,2640.6,2615,07-Aug-2026 16:00:25,2610,N,-0.38,687050554.12,EQ,SRF,262181,NIFTY COMMODITIES
2768.99,-11.4,2796.6,2774.6,07-Aug-2026 16:00:25,2751.2,N,-0.41,236012093.66,EQ,PIIND,85234,NIFTY COMMODITIES
393.45,-1.95,395.45,393.05,07-Aug-2026 16:00:25,392,N,-0.49,2004743817.75,EQ,HINDPETRO,5095295,NIFTY COMMODITIES
433.71,-2.5,438,434,07-Aug-2026 16:00:25,431.8,N,-0.57,878965793.91,EQ,AMBUJACEM,2026621,NIFTY COMMODITIES
1298.03,-8.4,1309.9,1299.5,07-Aug-2026 16:00:25,1288.5,N,-0.64,935523969.78,EQ,JSWSTEEL,720726,NIFTY COMMODITIES
344.46,-2.5,347,342.5,07-Aug-2026 16:00:25,342.5,N,-0.72,2415370054.08,EQ,NTPC,7012048,NIFTY COMMODITIES
77.09,-0.58,77.69,76.92,07-Aug-2026 16:00:25,76.81,N,-0.75,544677853.2,EQ,NHPC,7065480,NIFTY COMMODITIES
320.57,-2.7,323.55,321,07-Aug-2026 16:00:25,317.1,N,-0.83,1741252891.8,EQ,BPCL,5431740,NIFTY COMMODITIES
26156.91,-235,26355,26010,07-Aug-2026 16:00:25,26010,N,-0.90,280977527.22,EQ,SHREECEM,10742,NIFTY COMMODITIES
188.16,-1.75,189.69,187.55,07-Aug-2026 16:00:25,186.75,N,-0.92,1867303791.36,EQ,TATASTEEL,9924021,NIFTY COMMODITIES
85.15,-1.28,86,84.92,07-Aug-2026 16:00:25,84.9,N,-1.48,796547681.15,EQ,NMDC,9354641,NIFTY COMMODITIES
1660.64,-26,1675,1660,07-Aug-2026 16:00:25,1648.1,N,-1.54,1523515973.28,EQ,PIDILITIND,917427,NIFTY COMMODITIES
5708.64,174.5,5800,5725,07-Aug-2026 16:00:25,5541,N,3.14,10930190292,EQ,HEROMOTOCO,1914675,NIFTY CONSUMPTION
3475.5,96,3504.9,3502,07-Aug-2026 16:00:25,3402.1,N,2.82,11466498193.5,EQ,M&M,3299237,NIFTY CONSUMPTION
5589.16,106,5660,5510,07-Aug-2026 16:00:25,5500,N,1.96,7505397916.84,EQ,BRITANNIA,1342849,NIFTY CONSUMPTION
4434.04,65.9,4458,4440.9,07-Aug-2026 16:00:25,4378,N,1.51,3725294178.32,EQ,TVSMOTOR,840158,NIFTY CONSUMPTION
2094.15,16.5,2099.4,2096,07-Aug-2026 16:00:25,2077.2,N,0.79,2208626709.75,EQ,HINDUNILVR,1054665,NIFTY CONSUMPTION
13968.44,97,14038,14037,07-Aug-2026 16:00:25,13811,N,0.70,4527227277.76,EQ,MARUTI,324104,NIFTY CONSUMPTION
8011.22,52.5,8067.5,8020,07-Aug-2026 16:00:25,7920,N,0.66,2719136247.52,EQ,EICHERMOT,339416,NIFTY CONSUMPTION
1952.38,11.9,1961,1959.9,07-Aug-2026 16:00:25,1938.3,N,0.61,5895945504.88,EQ,BHARTIARTL,3019876,NIFTY CONSUMPTION
380.5,1.95,382.7,380.55,07-Aug-2026 16:00:25,377.3,N,0.52,994782624.5,EQ,TATAPOWER,2614409,NIFTY CONSUMPTION
210.24,0.88,212.1,209,07-Aug-2026 16:00:25,208.13,N,0.42,3021594298.56,EQ,ADANIPOWER,14372119,NIFTY CONSUMPTION
11674.55,42,11730,11662,07-Aug-2026 16:00:25,11574,N,0.36,2439607364.4,EQ,BAJAJ-AUTO,208968,NIFTY CONSUMPTION
1543.3,5,1553,1540,07-Aug-2026 16:00:25,1520,N,0.33,2346836121.3,EQ,NESTLEIND,1520661,NIFTY CONSUMPTION
5334.54,14.5,5367.5,5333,07-Aug-2026 16:00:25,5281,N,0.27,2306030954.82,EQ,INDIGO,432283,NIFTY CONSUMPTION
1286.54,2.5,1293.6,1288,07-Aug-2026 16:00:25,1276.2,N,0.19,1938742447.22,EQ,HAVELLS,1506943,NIFTY CONSUMPTION
285.09,0.2,286.1,286.1,07-Aug-2026 16:00:25,284.4,N,0.07,1747271280.69,EQ,ITC,6128841,NIFTY CONSUMPTION
644.17,0,649.9,642,07-Aug-2026 16:00:25,635.05,N,0.00,1588774446.3,EQ,DLF,2466390,NIFTY CONSUMPTION
14164.53,0,14294,14200,07-Aug-2026 16:00:25,14050,N,0.00,2729689069.89,EQ,DIXON,192713,NIFTY CONSUMPTION
1072,-2.4,1084.3,1070,07-Aug-2026 16:00:25,1067,N,-0.22,1275464528,EQ,MAXHEALTH,1189799,NIFTY CONSUMPTION
8961.78,-29.5,9000,8945,07-Aug-2026 16:00:25,8922,N,-0.33,2451432186.54,EQ,APOLLOHOSP,273543,NIFTY CONSUMPTION
314.73,-1.25,316.9,315,07-Aug-2026 16:00:25,313.15,N,-0.40,4017154550.76,EQ,ETERNAL,12763812,NIFTY CONSUMPTION
442.16,-2,447.35,442,07-Aug-2026 16:00:25,439.55,N,-0.45,1093145977.76,EQ,VBL,2472286,NIFTY CONSUMPTION
732.79,-5,738.75,731,07-Aug-2026 16:00:25,728.75,N,-0.68,1176917897.62,EQ,INDHOTEL,1606078,NIFTY CONSUMPTION
1082.89,-7.7,1092,1082.3,07-Aug-2026 16:00:25,1078,N,-0.71,951874387.57,EQ,TATACONSUM,879013,NIFTY CONSUMPTION
2715.82,-20,2755,2735,07-Aug-2026 16:00:25,2695,N,-0.73,2900457738.52,EQ,ASIANPAINT,1067986,NIFTY CONSUMPTION
3906.85,-31.2,3948.4,3900,07-Aug-2026 16:00:25,3885.5,N,-0.79,1462103450.85,EQ,DMART,374241,NIFTY CONSUMPTION
1519.63,-12.6,1529.8,1512.4,07-Aug-2026 16:00:25,1512.4,N,-0.83,493571265.11,EQ,UNITDSPR,324797,NIFTY CONSUMPTION
4960.37,-57,5003,4941,07-Aug-2026 16:00:25,4891.3,N,-1.14,5788047417.46,EQ,TITAN,1166858,NIFTY CONSUMPTION
1230.95,-14.7,1244,1225.3,07-Aug-2026 16:00:25,1222.6,N,-1.19,920675512.05,EQ,NAUKRI,747939,NIFTY CONSUMPTION
1054.56,-27.3,1087.2,1050,07-Aug-2026 16:00:25,1032.3,N,-2.53,2804796359.04,EQ,GODREJCP,2659684,NIFTY CONSUMPTION
3019.87,-110.1,3106.5,2997,07-Aug-2026 16:00:25,2985.6,N,-3.54,7456581467.51,EQ,TRENT,2469173,NIFTY CONSUMPTION
1509.58,29.7,1524.7,1519.7,07-Aug-2026 16:00:25,1482.6,N,1.99,3433349502.92,EQ,COCHINSHIP,2274374,NIFTY CPSE
401.06,1.8,403,401,07-Aug-2026 16:00:25,398.35,N,0.45,4330673152.08,EQ,BEL,10798068,NIFTY CPSE
239.13,1.05,241.69,238.85,07-Aug-2026 16:00:25,237.05,N,0.44,2409968879.1,EQ,ONGC,10078070,NIFTY CPSE
270.95,0.85,272.85,271.6,07-Aug-2026 16:00:25,268.35,N,0.31,2112109169.05,EQ,POWERGRID,7795199,NIFTY CPSE
413.36,-0.35,415.25,415.25,07-Aug-2026 16:00:25,412.5,N,-0.08,1444181873.68,EQ,COALINDIA,3493763,NIFTY CPSE
444.52,-1.2,451.85,442.8,07-Aug-2026 16:00:25,437.1,N,-0.27,1881341106.96,EQ,OIL,4232298,NIFTY CPSE
304.47,-1,307.7,303,07-Aug-2026 16:00:25,301,N,-0.33,466077804.48,EQ,NLCINDIA,1530784,NIFTY CPSE
344.46,-2.5,347,342.5,07-Aug-2026 16:00:25,342.5,N,-0.72,2415370054.08,EQ,NTPC,7012048,NIFTY CPSE
77.09,-0.58,77.69,76.92,07-Aug-2026 16:00:25,76.81,N,-0.75,544677853.2,EQ,NHPC,7065480,NIFTY CPSE
68.25,-0.58,69.11,67.85,07-Aug-2026 16:00:25,67.79,N,-0.85,120377507.25,EQ,SJVN,1763773,NIFTY CPSE
95.44,-0.92,96.44,95.33,07-Aug-2026 16:00:25,94.78,N,-0.96,452584878.72,EQ,NBCC,4742088,NIFTY CPSE
3632.49,395.8,3735,3648,07-Aug-2026 16:00:25,3426.4,N,12.17,28965202823.25,EQ,ENRIN,7973925,NIFTY ENERGY
32463.91,700,32680,32600,07-Aug-2026 16:00:25,31945,N,2.19,2959637282.97,EQ,POWERINDIA,91167,NIFTY ENERGY
1343.63,26.8,1355.4,1352,07-Aug-2026 16:00:25,1321,N,2.02,510063446.08,EQ,TORNTPOWER,379616,NIFTY ENERGY
1135.27,20.1,1144,1143.8,07-Aug-2026 16:00:25,1116,N,1.79,603532237.4,EQ,MGL,531620,NIFTY ENERGY
4051.28,67,4075,4058,07-Aug-2026 16:00:25,3990.8,N,1.68,412691739.76,EQ,THERMAX,101867,NIFTY ENERGY
278.49,3.65,280.6,280.6,07-Aug-2026 16:00:25,275.4,N,1.32,232150656.45,EQ,PETRONET,833605,NIFTY ENERGY
163.58,1.42,165.38,163.9,07-Aug-2026 16:00:25,162.29,N,0.87,212477170.02,EQ,CESC,1298919,NIFTY ENERGY
1329.08,9.8,1337,1334.8,07-Aug-2026 16:00:25,1316.6,N,0.74,13138803753.04,EQ,RELIANCE,9885638,NIFTY ENERGY
1629.8,10.1,1647,1630.1,07-Aug-2026 16:00:25,1606,N,0.62,2268036199.2,EQ,ADANIENSOL,1391604,NIFTY ENERGY
380.5,1.95,382.7,380.55,07-Aug-2026 16:00:25,377.3,N,0.52,994782624.5,EQ,TATAPOWER,2614409,NIFTY ENERGY
564.16,2.9,567.5,564.4,07-Aug-2026 16:00:25,560,N,0.52,875920457.6,EQ,JSWENERGY,1552610,NIFTY ENERGY
142.66,0.72,143.4,143.38,07-Aug-2026 16:00:25,141.81,N,0.50,738079471.36,EQ,IOC,5173696,NIFTY ENERGY
239.13,1.05,241.69,238.85,07-Aug-2026 16:00:25,237.05,N,0.44,2409968879.1,EQ,ONGC,10078070,NIFTY ENERGY
210.24,0.88,212.1,209,07-Aug-2026 16:00:25,208.13,N,0.42,3021594298.56,EQ,ADANIPOWER,14372119,NIFTY ENERGY
875.69,3,880.7,879,07-Aug-2026 16:00:25,870,N,0.34,1334002502.37,EQ,CGPOWER,1523373,NIFTY ENERGY
270.95,0.85,272.85,271.6,07-Aug-2026 16:00:25,268.35,N,0.31,2112109169.05,EQ,POWERGRID,7795199,NIFTY ENERGY
24.78,0.05,25.3,24.29,07-Aug-2026 16:00:25,24.22,N,0.21,1252692684.6,EQ,RPOWER,50552570,NIFTY ENERGY
91.48,0.17,91.93,91.5,07-Aug-2026 16:00:25,90.9,N,0.19,177650775.24,EQ,NTPCGREEN,1941963,NIFTY ENERGY
48.46,0.05,48.99,48.15,07-Aug-2026 16:00:25,47.95,N,0.10,2537488930.7,EQ,SUZLON,52362545,NIFTY ENERGY
1375.81,0.9,1389.9,1372.4,07-Aug-2026 16:00:25,1365.7,N,0.07,1751928937.8,EQ,ADANIGREEN,1273380,NIFTY ENERGY
413.36,-0.35,415.25,415.25,07-Aug-2026 16:00:25,412.5,N,-0.08,1444181873.68,EQ,COALINDIA,3493763,NIFTY ENERGY
77.74,-0.2,78.7,78,07-Aug-2026 16:00:25,76.85,N,-0.26,774526029.94,EQ,INOXWIND,9963031,NIFTY ENERGY
444.52,-1.2,451.85,442.8,07-Aug-2026 16:00:25,437.1,N,-0.27,1881341106.96,EQ,OIL,4232298,NIFTY ENERGY
3949.38,-11.9,3984.5,3940.1,07-Aug-2026 16:00:25,3921,N,-0.30,874842961.32,EQ,SIEMENS,221514,NIFTY ENERGY
304.47,-1,307.7,303,07-Aug-2026 16:00:25,301,N,-0.33,466077804.48,EQ,NLCINDIA,1530784,NIFTY ENERGY
393.45,-1.95,395.45,393.05,07-Aug-2026 16:00:25,392,N,-0.49,2004743817.75,EQ,HINDPETRO,5095295,NIFTY ENERGY
18,-0.1,18.21,18,07-Aug-2026 16:00:25,17.88,N,-0.55,728229168,EQ,JPPOWER,40457176,NIFTY ENERGY
7610.65,-45,7670,7600,07-Aug-2026 16:00:25,7580,N,-0.59,1364756979.3,EQ,ABB,179322,NIFTY ENERGY
659.43,-4.7,663.6,655.55,07-Aug-2026 16:00:25,655.55,N,-0.71,281762569.26,EQ,ATGL,427282,NIFTY ENERGY
344.46,-2.5,347,342.5,07-Aug-2026 16:00:25,342.5,N,-0.72,2415370054.08,EQ,NTPC,7012048,NIFTY ENERGY
411.24,-2.95,418.7,405.2,07-Aug-2026 16:00:25,402.2,N,-0.72,4011271560.36,EQ,BHEL,9754089,NIFTY ENERGY
77.09,-0.58,77.69,76.92,07-Aug-2026 16:00:25,76.81,N,-0.75,544677853.2,EQ,NHPC,7065480,NIFTY ENERGY
320.57,-2.7,323.55,321,07-Aug-2026 16:00:25,317.1,N,-0.83,1741252891.8,EQ,BPCL,5431740,NIFTY ENERGY
68.25,-0.58,69.11,67.85,07-Aug-2026 16:00:25,67.79,N,-0.85,120377507.25,EQ,SJVN,1763773,NIFTY ENERGY
192.99,-2.06,194.5,192.11,07-Aug-2026 16:00:25,190.9,N,-1.06,602598151.68,EQ,CASTROLIND,3122432,NIFTY ENERGY
584.22,-8.7,592,580,07-Aug-2026 16:00:25,573.35,N,-1.48,122655820.56,EQ,NAVA,209948,NIFTY ENERGY
4322.56,-67.7,4398,4299,07-Aug-2026 16:00:25,4270.1,N,-1.55,3280075237.12,EQ,GVT&D,758827,NIFTY ENERGY
153.24,-2.43,155.5,151.9,07-Aug-2026 16:00:25,151.8,N,-1.57,116234685.36,EQ,IGL,758514,NIFTY ENERGY
173.04,-2.77,176.28,173.63,07-Aug-2026 16:00:25,171.89,N,-1.57,1212170117.76,EQ,GAIL,7005144,NIFTY ENERGY
1397.07,-37,1470,1363,07-Aug-2026 16:00:25,1351.1,N,-2.64,2338345912.5,EQ,AEGISLOG,1673750,NIFTY ENERGY
166.72,13.5,169.8,168.5,07-Aug-2026 16:00:25,155.17,N,8.71,19269956913.6,EQ,MOTHERSON,115582755,NIFTY INFRA
942.1,35.15,967.7,955.15,07-Aug-2026 16:00:25,903.35,N,3.82,3346170564.1,EQ,FORTIS,3551821,NIFTY INFRA
3278.1,113,3349.6,3323,07-Aug-2026 16:00:25,3183,N,3.52,3511549891.5,EQ,GRASIM,1071215,NIFTY INFRA
2243.67,55.2,2270,2265.2,07-Aug-2026 16:00:25,2190.4,N,2.50,2584842460.2,EQ,BHARATFORG,1152060,NIFTY INFRA
1329.08,9.8,1337,1334.8,07-Aug-2026 16:00:25,1316.6,N,0.74,13138803753.04,EQ,RELIANCE,9885638,NIFTY INFRA
384.96,2.7,386.8,386,07-Aug-2026 16:00:25,383.1,N,0.70,1325217485.76,EQ,INDUSTOWER,3442481,NIFTY INFRA
1952.38,11.9,1961,1959.9,07-Aug-2026 16:00:25,1938.3,N,0.61,5895945504.88,EQ,BHARTIARTL,3019876,NIFTY INFRA
380.5,1.95,382.7,380.55,07-Aug-2026 16:00:25,377.3,N,0.52,994782624.5,EQ,TATAPOWER,2614409,NIFTY INFRA
142.66,0.72,143.4,143.38,07-Aug-2026 16:00:25,141.81,N,0.50,738079471.36,EQ,IOC,5173696,NIFTY INFRA
5425.18,24,5474.5,5426,07-Aug-2026 16:00:25,5348.5,N,0.44,1425579973.78,EQ,CUMMINSIND,262771,NIFTY INFRA
239.13,1.05,241.69,238.85,07-Aug-2026 16:00:25,237.05,N,0.44,2409968879.1,EQ,ONGC,10078070,NIFTY INFRA
875.69,3,880.7,879,07-Aug-2026 16:00:25,870,N,0.34,1334002502.37,EQ,CGPOWER,1523373,NIFTY INFRA
270.95,0.85,272.85,271.6,07-Aug-2026 16:00:25,268.35,N,0.31,2112109169.05,EQ,POWERGRID,7795199,NIFTY INFRA
5334.54,14.5,5367.5,5333,07-Aug-2026 16:00:25,5281,N,0.27,2306030954.82,EQ,INDIGO,432283,NIFTY INFRA
12025.68,30,12105,12105,07-Aug-2026 16:00:25,11970,N,0.25,2060624319.36,EQ,ULTRACEMCO,171352,NIFTY INFRA
48.46,0.05,48.99,48.15,07-Aug-2026 16:00:25,47.95,N,0.10,2537488930.7,EQ,SUZLON,52362545,NIFTY INFRA
1375.81,0.9,1389.9,1372.4,07-Aug-2026 16:00:25,1365.7,N,0.07,1751928937.8,EQ,ADANIGREEN,1273380,NIFTY INFRA
176.72,0,177.99,177.5,07-Aug-2026 16:00:25,175.5,N,0.00,1993762108.8,EQ,ASHOKLEY,11282040,NIFTY INFRA
644.17,0,649.9,642,07-Aug-2026 16:00:25,635.05,N,0.00,1588774446.3,EQ,DLF,2466390,NIFTY INFRA
1687.39,-1.5,1702.3,1693.5,07-Aug-2026 16:00:25,1676.7,N,-0.09,4028456324.71,EQ,ADANIPORTS,2387389,NIFTY INFRA
4045.6,-5.8,4062,4056,07-Aug-2026 16:00:25,4030,N,-0.14,3646258824,EQ,LT,901290,NIFTY INFRA
1072,-2.4,1084.3,1070,07-Aug-2026 16:00:25,1067,N,-0.22,1275464528,EQ,MAXHEALTH,1189799,NIFTY INFRA
8961.78,-29.5,9000,8945,07-Aug-2026 16:00:25,8922,N,-0.33,2451432186.54,EQ,APOLLOHOSP,273543,NIFTY INFRA
393.45,-1.95,395.45,393.05,07-Aug-2026 16:00:25,392,N,-0.49,2004743817.75,EQ,HINDPETRO,5095295,NIFTY INFRA
433.71,-2.5,438,434,07-Aug-2026 16:00:25,431.8,N,-0.57,878965793.91,EQ,AMBUJACEM,2026621,NIFTY INFRA
732.79,-5,738.75,731,07-Aug-2026 16:00:25,728.75,N,-0.68,1176917897.62,EQ,INDHOTEL,1606078,NIFTY INFRA
344.46,-2.5,347,342.5,07-Aug-2026 16:00:25,342.5,N,-0.72,2415370054.08,EQ,NTPC,7012048,NIFTY INFRA
320.57,-2.7,323.55,321,07-Aug-2026 16:00:25,317.1,N,-0.83,1741252891.8,EQ,BPCL,5431740,NIFTY INFRA
26156.91,-235,26355,26010,07-Aug-2026 16:00:25,26010,N,-0.90,280977527.22,EQ,SHREECEM,10742,NIFTY INFRA
173.04,-2.77,176.28,173.63,07-Aug-2026 16:00:25,171.89,N,-1.57,1212170117.76,EQ,GAIL,7005144,NIFTY INFRA
3632.49,395.8,3735,3648,07-Aug-2026 16:00:25,3426.4,N,12.17,28965202823.25,EQ,ENRIN,7973925,NIFTY MNC
42437.17,950,42950,42950,07-Aug-2026 16:00:25,42000,N,2.26,1197407188.72,EQ,BOSCHLTD,28216,NIFTY MNC
32463.91,700,32680,32600,07-Aug-2026 16:00:25,31945,N,2.19,2959637282.97,EQ,POWERINDIA,91167,NIFTY MNC
5589.16,106,5660,5510,07-Aug-2026 16:00:25,5500,N,1.96,7505397916.84,EQ,BRITANNIA,1342849,NIFTY MNC
441.75,7.15,449.2,446.05,07-Aug-2026 16:00:25,432.85,N,1.63,876896721,EQ,COHANCE,1985052,NIFTY MNC
275.05,3.85,278.85,278.85,07-Aug-2026 16:00:25,271.85,N,1.40,2829594203.15,EQ,VEDL,10287563,NIFTY MNC
4572.33,53.1,4617.7,4603.7,07-Aug-2026 16:00:25,4485,N,1.17,400302919.17,EQ,CRISIL,87549,NIFTY MNC
2094.15,16.5,2099.4,2096,07-Aug-2026 16:00:25,2077.2,N,0.79,2208626709.75,EQ,HINDUNILVR,1054665,NIFTY MNC
13968.44,97,14038,14037,07-Aug-2026 16:00:25,13811,N,0.70,4527227277.76,EQ,MARUTI,324104,NIFTY MNC
11714.49,70,11857,11805,07-Aug-2026 16:00:25,11572,N,0.60,2190586201.02,EQ,OFSS,186998,NIFTY MNC
5425.18,24,5474.5,5426,07-Aug-2026 16:00:25,5348.5,N,0.44,1425579973.78,EQ,CUMMINSIND,262771,NIFTY MNC
1543.3,5,1553,1540,07-Aug-2026 16:00:25,1520,N,0.33,2346836121.3,EQ,NESTLEIND,1520661,NIFTY MNC
4056.72,10.3,4088,4046.6,07-Aug-2026 16:00:25,4020.6,N,0.26,122772574.08,EQ,SCHAEFFLER,30264,NIFTY MNC
3338.71,6.9,3364,3350,07-Aug-2026 16:00:25,3286.1,N,0.21,103396509.99,EQ,TIMKEN,30969,NIFTY MNC
198.52,0.4,201.5,197.78,07-Aug-2026 16:00:25,195.06,N,0.20,628806342.92,EQ,AWL,3167471,NIFTY MNC
2023.35,1.6,2037.5,2030,07-Aug-2026 16:00:25,2009.2,N,0.08,451170629.7,EQ,COLPAL,222982,NIFTY MNC
176.72,0,177.99,177.5,07-Aug-2026 16:00:25,175.5,N,0.00,1993762108.8,EQ,ASHOKLEY,11282040,NIFTY MNC
27762.95,-45,27975,27810,07-Aug-2026 16:00:25,27600,N,-0.16,211803545.55,EQ,ABBOTINDIA,7629,NIFTY MNC
36048.86,-75,36270,35925,07-Aug-2026 16:00:25,35870,N,-0.21,143330267.36,EQ,3MINDIA,3976,NIFTY MNC
3949.38,-11.9,3984.5,3940.1,07-Aug-2026 16:00:25,3921,N,-0.30,874842961.32,EQ,SIEMENS,221514,NIFTY MNC
2205.81,-11.5,2215.2,2200.5,07-Aug-2026 16:00:25,2196,N,-0.52,615674658.15,EQ,HYUNDAI,279115,NIFTY MNC
433.71,-2.5,438,434,07-Aug-2026 16:00:25,431.8,N,-0.57,878965793.91,EQ,AMBUJACEM,2026621,NIFTY MNC
7610.65,-45,7670,7600,07-Aug-2026 16:00:25,7580,N,-0.59,1364756979.3,EQ,ABB,179322,NIFTY MNC
1397.22,-8.3,1408.2,1397,07-Aug-2026 16:00:25,1377.5,N,-0.59,139709425.02,EQ,UBL,99991,NIFTY MNC
3071.18,-20.6,3087.9,3060.4,07-Aug-2026 16:00:25,3042.6,N,-0.67,200394495,EQ,ESCORTS,65250,NIFTY MNC
1519.63,-12.6,1529.8,1512.4,07-Aug-2026 16:00:25,1512.4,N,-0.83,493571265.11,EQ,UNITDSPR,324797,NIFTY MNC
2594.6,-26.7,2619.9,2581.6,07-Aug-2026 16:00:25,2570,N,-1.02,824384852.6,EQ,GLAND,317731,NIFTY MNC
192.99,-2.06,194.5,192.11,07-Aug-2026 16:00:25,190.9,N,-1.06,602598151.68,EQ,CASTROLIND,3122432,NIFTY MNC
7136.19,-95.5,7206,7057,07-Aug-2026 16:00:25,7057,N,-1.34,147890401.56,EQ,LINDEINDIA,20724,NIFTY MNC
1175.63,-24,1193.3,1176,07-Aug-2026 16:00:25,1163.1,N,-2.00,809839779.28,EQ,NAM-INDIA,688856,NIFTY MNC
366.36,5.5,368.7,367,07-Aug-2026 16:00:25,361.5,N,1.52,1487857568.4,EQ,RECLTD,4061190,NIFTY PSE
142.66,0.72,143.4,143.38,07-Aug-2026 16:00:25,141.81,N,0.50,738079471.36,EQ,IOC,5173696,NIFTY PSE
418.9,2,421.15,420,07-Aug-2026 16:00:25,414.5,N,0.48,1852408474.2,EQ,PFC,4422078,NIFTY PSE
401.06,1.8,403,401,07-Aug-2026 16:00:25,398.35,N,0.45,4330673152.08,EQ,BEL,10798068,NIFTY PSE
239.13,1.05,241.69,238.85,07-Aug-2026 16:00:25,237.05,N,0.44,2409968879.1,EQ,ONGC,10078070,NIFTY PSE
270.95,0.85,272.85,271.6,07-Aug-2026 16:00:25,268.35,N,0.31,2112109169.05,EQ,POWERGRID,7795199,NIFTY PSE
413.36,-0.35,415.25,415.25,07-Aug-2026 16:00:25,412.5,N,-0.08,1444181873.68,EQ,COALINDIA,3493763,NIFTY PSE
519.29,-0.45,521.8,520,07-Aug-2026 16:00:25,514.2,N,-0.09,516320699.78,EQ,IRCTC,994282,NIFTY PSE
4916.54,-10,4975,4910,07-Aug-2026 16:00:25,4876,N,-0.20,5325114307.08,EQ,HAL,1083102,NIFTY PSE
444.52,-1.2,451.85,442.8,07-Aug-2026 16:00:25,437.1,N,-0.27,1881341106.96,EQ,OIL,4232298,NIFTY PSE
393.45,-1.95,395.45,393.05,07-Aug-2026 16:00:25,392,N,-0.49,2004743817.75,EQ,HINDPETRO,5095295,NIFTY PSE
88.96,-0.54,89.47,88.75,07-Aug-2026 16:00:25,88.57,N,-0.60,509920054.4,EQ,IRFC,5732015,NIFTY PSE
234.6,-1.62,236.76,233.38,07-Aug-2026 16:00:25,233.01,N,-0.69,1100700972,EQ,RVNL,4691820,NIFTY PSE
344.46,-2.5,347,342.5,07-Aug-2026 16:00:25,342.5,N,-0.72,2415370054.08,EQ,NTPC,7012048,NIFTY PSE
411.24,-2.95,418.7,405.2,07-Aug-2026 16:00:25,402.2,N,-0.72,4011271560.36,EQ,BHEL,9754089,NIFTY PSE
77.09,-0.58,77.69,76.92,07-Aug-2026 16:00:25,76.81,N,-0.75,544677853.2,EQ,NHPC,7065480,NIFTY PSE
320.57,-2.7,323.55,321,07-Aug-2026 16:00:25,317.1,N,-0.83,1741252891.8,EQ,BPCL,5431740,NIFTY PSE
508.91,-6.8,513.9,505.2,07-Aug-2026 16:00:25,505.2,N,-1.33,453948737.82,EQ,CONCOR,892002,NIFTY PSE
85.15,-1.28,86,84.92,07-Aug-2026 16:00:25,84.9,N,-1.48,796547681.15,EQ,NMDC,9354641,NIFTY PSE
173.04,-2.77,176.28,173.63,07-Aug-2026 16:00:25,171.89,N,-1.57,1212170117.76,EQ,GAIL,7005144,NIFTY PSE
2435.68,79.7,2457.7,2452.7,07-Aug-2026 16:00:25,2375,N,3.36,11077421490.72,EQ,TCS,4547979,NIFTY SERV SECTOR
1353.94,21.6,1369,1356.6,07-Aug-2026 16:00:25,1328,N,1.62,2336380527.04,EQ,HCLTECH,1725616,NIFTY SERV SECTOR
1103.7,12.2,1124.5,1097.2,07-Aug-2026 16:00:25,1075.7,N,1.12,32460503501.4,EQ,SBIN,29410622,NIFTY SERV SECTOR
1175.22,10.1,1183,1175.1,07-Aug-2026 16:00:25,1155.6,N,0.87,8909824660.2,EQ,INFY,7581410,NIFTY SERV SECTOR
187.18,1.41,188.37,187.53,07-Aug-2026 16:00:25,185.65,N,0.76,1464328232.36,EQ,WIPRO,7823102,NIFTY SERV SECTOR
3466.62,22.1,3529,3457.1,07-Aug-2026 16:00:25,3415.5,N,0.64,12902950304.1,EQ,BSE,3722055,NIFTY SERV SECTOR
1952.38,11.9,1961,1959.9,07-Aug-2026 16:00:25,1938.3,N,0.61,5895945504.88,EQ,BHARTIARTL,3019876,NIFTY SERV SECTOR
1014.03,5.8,1024.9,1022,07-Aug-2026 16:00:25,1004.4,N,0.57,1751606015.13,EQ,INDUSINDBK,1727371,NIFTY SERV SECTOR
380.5,1.95,382.7,380.55,07-Aug-2026 16:00:25,377.3,N,0.52,994782624.5,EQ,TATAPOWER,2614409,NIFTY SERV SECTOR
270.95,0.85,272.85,271.6,07-Aug-2026 16:00:25,268.35,N,0.31,2112109169.05,EQ,POWERGRID,7795199,NIFTY SERV SECTOR
5334.54,14.5,5367.5,5333,07-Aug-2026 16:00:25,5281,N,0.27,2306030954.82,EQ,INDIGO,432283,NIFTY SERV SECTOR
1654.01,2.8,1681.5,1635,07-Aug-2026 16:00:25,1634.3,N,0.17,10071448831.1,EQ,TECHM,6089110,NIFTY SERV SECTOR
1687.39,-1.5,1702.3,1693.5,07-Aug-2026 16:00:25,1676.7,N,-0.09,4028456324.71,EQ,ADANIPORTS,2387389,NIFTY SERV SECTOR
1072,-2.4,1084.3,1070,07-Aug-2026 16:00:25,1067,N,-0.22,1275464528,EQ,MAXHEALTH,1189799,NIFTY SERV SECTOR
1860.61,-6,1871.8,1855.5,07-Aug-2026 16:00:25,1852.8,N,-0.32,726067700.91,EQ,SBILIFE,390231,NIFTY SERV SECTOR
8961.78,-29.5,9000,8945,07-Aug-2026 16:00:25,8922,N,-0.33,2451432186.54,EQ,APOLLOHOSP,273543,NIFTY SERV SECTOR
314.73,-1.25,316.9,315,07-Aug-2026 16:00:25,313.15,N,-0.40,4017154550.76,EQ,ETERNAL,12763812,NIFTY SERV SECTOR
732.23,-3.3,736,731,07-Aug-2026 16:00:25,728.2,N,-0.45,14192112613.66,EQ,HDFCBANK,19382042,NIFTY SERV SECTOR
541.15,-2.5,544.95,540,07-Aug-2026 16:00:25,537.5,N,-0.46,764844634.35,EQ,HDFCLIFE,1413369,NIFTY SERV SECTOR
344.46,-2.5,347,342.5,07-Aug-2026 16:00:25,342.5,N,-0.72,2415370054.08,EQ,NTPC,7012048,NIFTY SERV SECTOR
3906.85,-31.2,3948.4,3900,07-Aug-2026 16:00:25,3885.5,N,-0.79,1462103450.85,EQ,DMART,374241,NIFTY SERV SECTOR
390.19,-3.25,394.85,390.75,07-Aug-2026 16:00:25,387.75,N,-0.82,2854330374.08,EQ,KOTAKBANK,7315232,NIFTY SERV SECTOR
1230.95,-14.7,1244,1225.3,07-Aug-2026 16:00:25,1222.6,N,-1.19,920675512.05,EQ,NAUKRI,747939,NIFTY SERV SECTOR
1244.14,-18,1256,1238,07-Aug-2026 16:00:25,1238,N,-1.43,4514763847.22,EQ,AXISBANK,3628823,NIFTY SERV SECTOR
173.04,-2.77,176.28,173.63,07-Aug-2026 16:00:25,171.89,N,-1.57,1212170117.76,EQ,GAIL,7005144,NIFTY SERV SECTOR
1117.61,-26,1134,1115,07-Aug-2026 16:00:25,1109,N,-2.28,3620708823.29,EQ,SHRIRAMFIN,3239689,NIFTY SERV SECTOR
259.31,-6.3,263.4,256.8,07-Aug-2026 16:00:25,256.8,N,-2.39,2815645028.2,EQ,JIOFIN,10858220,NIFTY SERV SECTOR
1433.16,-36.5,1455,1421,07-Aug-2026 16:00:25,1418.2,N,-2.50,20631468963.24,EQ,ICICIBANK,14395789,NIFTY SERV SECTOR
2007.65,-77.1,2050,2008.9,07-Aug-2026 16:00:25,1988,N,-3.70,4851735173.6,EQ,BAJAJFINSV,2416624,NIFTY SERV SECTOR
1090.24,-66.8,1113,1078,07-Aug-2026 16:00:25,1074.5,N,-5.84,17023008450.24,EQ,BAJFINANCE,15614001,NIFTY SERV SECTOR
851.08,71.5,880,873.05,07-Aug-2026 16:00:25,797.3,N,8.92,13667034136.8,EQ,TATATECH,16058460,NIFTY IND DIGITAL
130.95,5.51,133.5,131,07-Aug-2026 16:00:25,125.08,N,4.39,1660199944.95,EQ,PWL,12678121,NIFTY IND DIGITAL
2435.68,79.7,2457.7,2452.7,07-Aug-2026 16:00:25,2375,N,3.36,11077421490.72,EQ,TCS,4547979,NIFTY IND DIGITAL
4639.82,130.1,4688,4658.1,07-Aug-2026 16:00:25,4542,N,2.87,2987371306.1,EQ,LTM,643855,NIFTY IND DIGITAL
189.17,5.03,191.96,191.2,07-Aug-2026 16:00:25,185.1,N,2.70,2241417822.32,EQ,MEESHO,11848696,NIFTY IND DIGITAL
4894.29,120,4968,4933,07-Aug-2026 16:00:25,4780,N,2.49,6347610261.18,EQ,NETWEB,1296942,NIFTY IND DIGITAL
2474.74,53.1,2498,2475,07-Aug-2026 16:00:25,2405.1,N,2.19,1506228228.34,EQ,MPHASIS,608641,NIFTY IND DIGITAL
3793.49,66,3833.6,3781,07-Aug-2026 16:00:25,3716.1,N,1.78,1704934765.13,EQ,TATAELXSI,449437,NIFTY IND DIGITAL
561.21,9.25,566.55,565.25,07-Aug-2026 16:00:25,552.5,N,1.66,179339706.39,EQ,HEXT,319559,NIFTY IND DIGITAL
1353.94,21.6,1369,1356.6,07-Aug-2026 16:00:25,1328,N,1.62,2336380527.04,EQ,HCLTECH,1725616,NIFTY IND DIGITAL
1746.09,24.5,1764,1760,07-Aug-2026 16:00:25,1730,N,1.41,273435947.91,EQ,TATACOMM,156599,NIFTY IND DIGITAL
552.89,6.7,560,549.1,07-Aug-2026 16:00:25,540,N,1.24,591643718.77,EQ,NEWGEN,1070093,NIFTY IND DIGITAL
3606.46,43.5,3655.9,3598.9,07-Aug-2026 16:00:25,3551.3,N,1.22,288509587.08,EQ,LTTS,79998,NIFTY IND DIGITAL
630.2,6.9,637.25,629.9,07-Aug-2026 16:00:25,620.55,N,1.11,1603334043.4,EQ,KPITTECH,2544167,NIFTY IND DIGITAL
143.64,1.33,145.3,144,07-Aug-2026 16:00:25,141.75,N,0.93,395435748.96,EQ,URBANCO,2752964,NIFTY IND DIGITAL
1175.22,10.1,1183,1175.1,07-Aug-2026 16:00:25,1155.6,N,0.87,8909824660.2,EQ,INFY,7581410,NIFTY IND DIGITAL
12.72,0.1,12.88,12.73,07-Aug-2026 16:00:25,12.6,N,0.79,2618482774.08,EQ,IDEA,205855564,NIFTY IND DIGITAL
187.18,1.41,188.37,187.53,07-Aug-2026 16:00:25,185.65,N,0.76,1464328232.36,EQ,WIPRO,7823102,NIFTY IND DIGITAL
1952.38,11.9,1961,1959.9,07-Aug-2026 16:00:25,1938.3,N,0.61,5895945504.88,EQ,BHARTIARTL,3019876,NIFTY IND DIGITAL
11714.49,70,11857,11805,07-Aug-2026 16:00:25,11572,N,0.60,2190586201.02,EQ,OFSS,186998,NIFTY IND DIGITAL
857.37,3.05,863.65,857.95,07-Aug-2026 16:00:25,852.1,N,0.36,304392071.1,EQ,CYIENT,355030,NIFTY IND DIGITAL
1600.08,5.5,1613.4,1604.5,07-Aug-2026 16:00:25,1583.1,N,0.34,1173537073.92,EQ,POLICYBZR,733424,NIFTY IND DIGITAL
5509.7,15.5,5594,5475,07-Aug-2026 16:00:25,5448.5,N,0.28,2797219593,EQ,PERSISTENT,507690,NIFTY IND DIGITAL
1788.2,3.2,1809,1776,07-Aug-2026 16:00:25,1765.5,N,0.18,4767443127.4,EQ,COFORGE,2666057,NIFTY IND DIGITAL
1654.01,2.8,1681.5,1635,07-Aug-2026 16:00:25,1634.3,N,0.17,10071448831.1,EQ,TECHM,6089110,NIFTY IND DIGITAL
1536.09,1.5,1551.5,1516,07-Aug-2026 16:00:25,1503.8,N,0.10,225097092.51,EQ,BHARTIHEXA,146539,NIFTY IND DIGITAL
214.28,0.11,215.63,214,07-Aug-2026 16:00:25,212.31,N,0.05,94648547.4,EQ,FIRSTCRY,441705,NIFTY IND DIGITAL
2789.6,0.6,2808,2789,07-Aug-2026 16:00:25,2738,N,0.02,611379894.4,EQ,CARTRADE,219164,NIFTY IND DIGITAL
43.56,0.01,44,43.67,07-Aug-2026 16:00:25,43.21,N,0.02,476894618.64,EQ,SAGILITY,10947994,NIFTY IND DIGITAL
331.59,0.05,335.85,332,07-Aug-2026 16:00:25,328.65,N,0.02,1524765550.14,EQ,NYKAA,4598346,NIFTY IND DIGITAL
254.98,-0.13,257.73,253.85,07-Aug-2026 16:00:25,250.8,N,-0.05,312649081.58,EQ,BLS,1226171,NIFTY IND DIGITAL
319.09,-0.25,323.5,318,07-Aug-2026 16:00:25,316.4,N,-0.08,254931850.06,EQ,BSOFT,798934,NIFTY IND DIGITAL
519.29,-0.45,521.8,520,07-Aug-2026 16:00:25,514.2,N,-0.09,516320699.78,EQ,IRCTC,994282,NIFTY IND DIGITAL
722.19,-1.65,729,720,07-Aug-2026 16:00:25,715,N,-0.23,191435958.63,EQ,INTELLECT,265077,NIFTY IND DIGITAL
314.73,-1.25,316.9,315,07-Aug-2026 16:00:25,313.15,N,-0.40,4017154550.76,EQ,ETERNAL,12763812,NIFTY IND DIGITAL
502.19,-2.45,507.65,498.2,07-Aug-2026 16:00:25,497,N,-0.49,355229118.4,EQ,ZENSARTECH,707360,NIFTY IND DIGITAL
1757.5,-9.5,1768.5,1754,07-Aug-2026 16:00:25,1748,N,-0.54,228156892.5,EQ,INDIAMART,129819,NIFTY IND DIGITAL
299.04,-1.6,302.8,296.2,07-Aug-2026 16:00:25,295.5,N,-0.54,115443494.88,EQ,LATENTVIEW,386047,NIFTY IND DIGITAL
289.13,-1.75,291.4,289.1,07-Aug-2026 16:00:25,287.8,N,-0.60,101108471.87,EQ,RAILTEL,349699,NIFTY IND DIGITAL
1620.11,-10.1,1637,1613,07-Aug-2026 16:00:25,1595.4,N,-0.62,185196394.21,EQ,TBOTEK,114311,NIFTY IND DIGITAL
39.5,-0.27,39.8,39.3,07-Aug-2026 16:00:25,39.2,N,-0.68,31239799.5,EQ,TTML,790881,NIFTY IND DIGITAL
155.68,-1.64,157.74,154.4,07-Aug-2026 16:00:25,154,N,-1.05,1993639014.08,EQ,PINELABS,12806006,NIFTY IND DIGITAL
1230.95,-14.7,1244,1225.3,07-Aug-2026 16:00:25,1222.6,N,-1.19,920675512.05,EQ,NAUKRI,747939,NIFTY IND DIGITAL
1726.64,-25.1,1769.7,1738,07-Aug-2026 16:00:25,1686.4,N,-1.42,530833021.68,EQ,IKS,307437,NIFTY IND DIGITAL
516.46,-8.8,524.2,513.5,07-Aug-2026 16:00:25,512,N,-1.68,352693116.3,EQ,TEJASNET,682905,NIFTY IND DIGITAL
285.19,-5.25,288.95,282,07-Aug-2026 16:00:25,281.2,N,-1.83,62177408.99,EQ,ITI,218021,NIFTY IND DIGITAL
282,-7.9,288.95,280.75,07-Aug-2026 16:00:25,278.25,N,-2.74,7417501272,EQ,SWIGGY,26303196,NIFTY IND DIGITAL
1683.29,-68.7,1720.1,1620,07-Aug-2026 16:00:25,1593.5,N,-4.07,523153065.68,EQ,AFFLE,310792,NIFTY IND DIGITAL
323.31,-13.95,337.65,318,07-Aug-2026 16:00:25,316.7,N,-4.20,562771814.67,EQ,SONATSOFTW,1740657,NIFTY IND DIGITAL
1033.93,-54,1075,1016.7,07-Aug-2026 16:00:25,1010.2,N,-5.04,287612443.82,EQ,MAPMYINDIA,278174,NIFTY IND DIGITAL
3632.49,395.8,3735,3648,07-Aug-2026 16:00:25,3426.4,N,12.17,28965202823.25,EQ,ENRIN,7973925,NIFTY100 ESG
166.72,13.5,169.8,168.5,07-Aug-2026 16:00:25,155.17,N,8.71,19269956913.6,EQ,MOTHERSON,115582755,NIFTY100 ESG
3278.1,113,3349.6,3323,07-Aug-2026 16:00:25,3183,N,3.52,3511549891.5,EQ,GRASIM,1071215,NIFTY100 ESG
1040.19,32.6,1059.6,1059.6,07-Aug-2026 16:00:25,1017,N,3.17,9657900981.93,EQ,HINDALCO,9284747,NIFTY100 ESG
4639.82,130.1,4688,4658.1,07-Aug-2026 16:00:25,4542,N,2.87,2987371306.1,EQ,LTM,643855,NIFTY100 ESG
3475.5,96,3504.9,3502,07-Aug-2026 16:00:25,3402.1,N,2.82,11466498193.5,EQ,M&M,3299237,NIFTY100 ESG
42437.17,950,42950,42950,07-Aug-2026 16:00:25,42000,N,2.26,1197407188.72,EQ,BOSCHLTD,28216,NIFTY100 ESG
599.71,13,605.85,603,07-Aug-2026 16:00:25,590.05,N,2.20,3815463567.51,EQ,HINDZINC,6362181,NIFTY100 ESG
5589.16,106,5660,5510,07-Aug-2026 16:00:25,5500,N,1.96,7505397916.84,EQ,BRITANNIA,1342849,NIFTY100 ESG
1353.94,21.6,1369,1356.6,07-Aug-2026 16:00:25,1328,N,1.62,2336380527.04,EQ,HCLTECH,1725616,NIFTY100 ESG
366.36,5.5,368.7,367,07-Aug-2026 16:00:25,361.5,N,1.52,1487857568.4,EQ,RECLTD,4061190,NIFTY100 ESG
4434.04,65.9,4458,4440.9,07-Aug-2026 16:00:25,4378,N,1.51,3725294178.32,EQ,TVSMOTOR,840158,NIFTY100 ESG
1103.7,12.2,1124.5,1097.2,07-Aug-2026 16:00:25,1075.7,N,1.12,32460503501.4,EQ,SBIN,29410622,NIFTY100 ESG
1175.22,10.1,1183,1175.1,07-Aug-2026 16:00:25,1155.6,N,0.87,8909824660.2,EQ,INFY,7581410,NIFTY100 ESG
2094.15,16.5,2099.4,2096,07-Aug-2026 16:00:25,2077.2,N,0.79,2208626709.75,EQ,HINDUNILVR,1054665,NIFTY100 ESG
187.18,1.41,188.37,187.53,07-Aug-2026 16:00:25,185.65,N,0.76,1464328232.36,EQ,WIPRO,7823102,NIFTY100 ESG
1329.08,9.8,1337,1334.8,07-Aug-2026 16:00:25,1316.6,N,0.74,13138803753.04,EQ,RELIANCE,9885638,NIFTY100 ESG
13968.44,97,14038,14037,07-Aug-2026 16:00:25,13811,N,0.70,4527227277.76,EQ,MARUTI,324104,NIFTY100 ESG
8011.22,52.5,8067.5,8020,07-Aug-2026 16:00:25,7920,N,0.66,2719136247.52,EQ,EICHERMOT,339416,NIFTY100 ESG
1629.8,10.1,1647,1630.1,07-Aug-2026 16:00:25,1606,N,0.62,2268036199.2,EQ,ADANIENSOL,1391604,NIFTY100 ESG
442.16,-2,447.35,442,07-Aug-2026 16:00:25,439.55,N,-0.45,1093145977.76,EQ,VBL,2472286,NIFTY100 ESG
541.15,-2.5,544.95,540,07-Aug-2026 16:00:25,537.5,N,-0.46,764844634.35,EQ,HDFCLIFE,1413369,NIFTY100 ESG
2205.81,-11.5,2215.2,2200.5,07-Aug-2026 16:00:25,2196,N,-0.52,615674658.15,EQ,HYUNDAI,279115,NIFTY100 ESG
433.71,-2.5,438,434,07-Aug-2026 16:00:25,431.8,N,-0.57,878965793.91,EQ,AMBUJACEM,2026621,NIFTY100 ESG
7610.65,-45,7670,7600,07-Aug-2026 16:00:25,7580,N,-0.59,1364756979.3,EQ,ABB,179322,NIFTY100 ESG
88.96,-0.54,89.47,88.75,07-Aug-2026 16:00:25,88.57,N,-0.60,509920054.4,EQ,IRFC,5732015,NIFTY100 ESG
1298.03,-8.4,1309.9,1299.5,07-Aug-2026 16:00:25,1288.5,N,-0.64,935523969.78,EQ,JSWSTEEL,720726,NIFTY100 ESG
4933.45,-32,4987.5,4924,07-Aug-2026 16:00:25,4901,N,-0.65,1946058553.9,EQ,TORNTPHARM,394462,NIFTY100 ESG
732.79,-5,738.75,731,07-Aug-2026 16:00:25,728.75,N,-0.68,1176917897.62,EQ,INDHOTEL,1606078,NIFTY100 ESG
1082.89,-7.7,1092,1082.3,07-Aug-2026 16:00:25,1078,N,-0.71,951874387.57,EQ,TATACONSUM,879013,NIFTY100 ESG
344.46,-2.5,347,342.5,07-Aug-2026 16:00:25,342.5,N,-0.72,2415370054.08,EQ,NTPC,7012048,NIFTY100 ESG
2715.82,-20,2755,2735,07-Aug-2026 16:00:25,2695,N,-0.73,2900457738.52,EQ,ASIANPAINT,1067986,NIFTY100 ESG
3906.85,-31.2,3948.4,3900,07-Aug-2026 16:00:25,3885.5,N,-0.79,1462103450.85,EQ,DMART,374241,NIFTY100 ESG
320.57,-2.7,323.55,321,07-Aug-2026 16:00:25,317.1,N,-0.83,1741252891.8,EQ,BPCL,5431740,NIFTY100 ESG
8276.71,-74,8334,8275,07-Aug-2026 16:00:25,8233.5,N,-0.89,2124275558.47,EQ,DIVISLAB,256657,NIFTY100 ESG
26156.91,-235,26355,26010,07-Aug-2026 16:00:25,26010,N,-0.90,280977527.22,EQ,SHREECEM,10742,NIFTY100 ESG
188.16,-1.75,189.69,187.55,07-Aug-2026 16:00:25,186.75,N,-0.92,1867303791.36,EQ,TATASTEEL,9924021,NIFTY100 ESG
11340.25,-124,11428,11263,07-Aug-2026 16:00:25,11263,N,-1.09,294574334,EQ,BAJAJHLDNG,25976,NIFTY100 ESG
4960.37,-57,5003,4941,07-Aug-2026 16:00:25,4891.3,N,-1.14,5788047417.46,EQ,TITAN,1166858,NIFTY100 ESG
1244.14,-18,1256,1238,07-Aug-2026 16:00:25,1238,N,-1.43,4514763847.22,EQ,AXISBANK,3628823,NIFTY100 ESG
1660.64,-26,1675,1660,07-Aug-2026 16:00:25,1648.1,N,-1.54,1523515973.28,EQ,PIDILITIND,917427,NIFTY100 ESG
173.04,-2.77,176.28,173.63,07-Aug-2026 16:00:25,171.89,N,-1.57,1212170117.76,EQ,GAIL,7005144,NIFTY100 ESG
1117.61,-26,1134,1115,07-Aug-2026 16:00:25,1109,N,-2.28,3620708823.29,EQ,SHRIRAMFIN,3239689,NIFTY100 ESG
259.31,-6.3,263.4,256.8,07-Aug-2026 16:00:25,256.8,N,-2.39,2815645028.2,EQ,JIOFIN,10858220,NIFTY100 ESG
1433.16,-36.5,1455,1421,07-Aug-2026 16:00:25,1418.2,N,-2.50,20631468963.24,EQ,ICICIBANK,14395789,NIFTY100 ESG
1054.56,-27.3,1087.2,1050,07-Aug-2026 16:00:25,1032.3,N,-2.53,2804796359.04,EQ,GODREJCP,2659684,NIFTY100 ESG
3019.87,-110.1,3106.5,2997,07-Aug-2026 16:00:25,2985.6,N,-3.54,7456581467.51,EQ,TRENT,2469173,NIFTY100 ESG
2007.65,-77.1,2050,2008.9,07-Aug-2026 16:00:25,1988,N,-3.70,4851735173.6,EQ,BAJAJFINSV,2416624,NIFTY100 ESG
1886.01,-73.8,1922,1866.2,07-Aug-2026 16:00:25,1862.8,N,-3.80,3051300138.6,EQ,CHOLAFIN,1617860,NIFTY100 ESG
1090.24,-66.8,1113,1078,07-Aug-2026 16:00:25,1074.5,N,-5.84,17023008450.24,EQ,BAJFINANCE,15614001,NIFTY100 ESG
3632.49,395.8,3735,3648,07-Aug-2026 16:00:25,3426.4,N,12.17,28965202823.25,EQ,ENRIN,7973925,NIFTY INDIA MFG
166.72,13.5,169.8,168.5,07-Aug-2026 16:00:25,155.17,N,8.71,19269956913.6,EQ,MOTHERSON,115582755,NIFTY INDIA MFG
1636.67,69.1,1662.4,1658,07-Aug-2026 16:00:25,1579.9,N,4.35,3275397294.19,EQ,AUROPHARMA,2001257,NIFTY INDIA MFG
807.49,26.05,821,818.05,07-Aug-2026 16:00:25,787,N,3.29,3030682772.86,EQ,SONACOMS,3753214,NIFTY INDIA MFG
1040.19,32.6,1059.6,1059.6,07-Aug-2026 16:00:25,1017,N,3.17,9657900981.93,EQ,HINDALCO,9284747,NIFTY INDIA MFG
3475.5,96,3504.9,3502,07-Aug-2026 16:00:25,3402.1,N,2.82,11466498193.5,EQ,M&M,3299237,NIFTY INDIA MFG
2243.67,55.2,2270,2265.2,07-Aug-2026 16:00:25,2190.4,N,2.50,2584842460.2,EQ,BHARATFORG,1152060,NIFTY INDIA MFG
42437.17,950,42950,42950,07-Aug-2026 16:00:25,42000,N,2.26,1197407188.72,EQ,BOSCHLTD,28216,NIFTY INDIA MFG
599.71,13,605.85,603,07-Aug-2026 16:00:25,590.05,N,2.20,3815463567.51,EQ,HINDZINC,6362181,NIFTY INDIA MFG
1509.58,29.7,1524.7,1519.7,07-Aug-2026 16:00:25,1482.6,N,1.99,3433349502.92,EQ,COCHINSHIP,2274374,NIFTY INDIA MFG
837.66,15.35,844.9,841,07-Aug-2026 16:00:25,823.55,N,1.86,395869739.4,EQ,ANTHEM,472590,NIFTY INDIA MFG
4434.04,65.9,4458,4440.9,07-Aug-2026 16:00:25,4378,N,1.51,3725294178.32,EQ,TVSMOTOR,840158,NIFTY INDIA MFG
275.05,3.85,278.85,278.85,07-Aug-2026 16:00:25,271.85,N,1.40,2829594203.15,EQ,VEDL,10287563,NIFTY INDIA MFG
1958.39,25,1970,1970,07-Aug-2026 16:00:25,1942.5,N,1.29,792431179.26,EQ,APLAPOLLO,404634,NIFTY INDIA MFG
18524.63,154,18669,18650,07-Aug-2026 16:00:25,18391,N,0.83,911745239.34,EQ,SOLARINDS,49218,NIFTY INDIA MFG
1284.69,10,1303.7,1285,07-Aug-2026 16:00:25,1271.9,N,0.78,1043132308.68,EQ,VOLTAS,811972,NIFTY INDIA MFG
1847.18,14.3,1856,1844.3,07-Aug-2026 16:00:25,1833.2,N,0.78,2868794301.06,EQ,LAURUSLABS,1553067,NIFTY INDIA MFG
1329.08,9.8,1337,1334.8,07-Aug-2026 16:00:25,1316.6,N,0.74,13138803753.04,EQ,RELIANCE,9885638,NIFTY INDIA MFG
2759.2,19.7,2783,2772,07-Aug-2026 16:00:25,2742.2,N,0.72,392907320.8,EQ,TIINDIA,142399,NIFTY INDIA MFG
13968.44,97,14038,14037,07-Aug-2026 16:00:25,13811,N,0.70,4527227277.76,EQ,MARUTI,324104,NIFTY INDIA MFG
3845.92,26.3,3899,3856.3,07-Aug-2026 16:00:25,3806,N,0.69,3102745956.96,EQ,KAYNES,806763,NIFTY INDIA MFG
8011.22,52.5,8067.5,8020,07-Aug-2026 16:00:25,7920,N,0.66,2719136247.52,EQ,EICHERMOT,339416,NIFTY INDIA MFG
5604.76,32.5,5647.5,5620,07-Aug-2026 16:00:25,5506,N,0.58,426886545.4,EQ,ALKEM,76165,NIFTY INDIA MFG
1104.19,6.2,1117.7,1114.2,07-Aug-2026 16:00:25,1093.2,N,0.56,735557272.69,EQ,ZYDUSLIFE,666151,NIFTY INDIA MFG
1282.31,7,1292.1,1285,07-Aug-2026 16:00:25,1265.1,N,0.55,715221225.6,EQ,UNOMINDA,557760,NIFTY INDIA MFG
2469.35,13.3,2498.8,2479,07-Aug-2026 16:00:25,2430,N,0.54,288304020.55,EQ,BALKRISIND,116753,NIFTY INDIA MFG
142.66,0.72,143.4,143.38,07-Aug-2026 16:00:25,141.81,N,0.50,738079471.36,EQ,IOC,5173696,NIFTY INDIA MFG
346.21,1.65,349.8,347,07-Aug-2026 16:00:25,343.65,N,0.48,1479713657.35,EQ,TMPV,4274035,NIFTY INDIA MFG
401.06,1.8,403,401,07-Aug-2026 16:00:25,398.35,N,0.45,4330673152.08,EQ,BEL,10798068,NIFTY INDIA MFG
5425.18,24,5474.5,5426,07-Aug-2026 16:00:25,5348.5,N,0.44,1425579973.78,EQ,CUMMINSIND,262771,NIFTY INDIA MFG
2070.04,-15.1,2088.7,2068,07-Aug-2026 16:00:25,2056.1,N,-0.72,239677511.36,EQ,COROMANDEL,115784,NIFTY INDIA MFG
320.57,-2.7,323.55,321,07-Aug-2026 16:00:25,317.1,N,-0.83,1741252891.8,EQ,BPCL,5431740,NIFTY INDIA MFG
1467.8,-13.2,1477,1463.8,07-Aug-2026 16:00:25,1462.1,N,-0.89,1123150285.4,EQ,CIPLA,765193,NIFTY INDIA MFG
8276.71,-74,8334,8275,07-Aug-2026 16:00:25,8233.5,N,-0.89,2124275558.47,EQ,DIVISLAB,256657,NIFTY INDIA MFG
2383.62,-21.5,2410,2363.5,07-Aug-2026 16:00:25,2346,N,-0.90,4879224851.22,EQ,LUPIN,2046981,NIFTY INDIA MFG
188.16,-1.75,189.69,187.55,07-Aug-2026 16:00:25,186.75,N,-0.92,1867303791.36,EQ,TATASTEEL,9924021,NIFTY INDIA MFG
3438.76,-35,3477,3442,07-Aug-2026 16:00:25,3415.3,N,-1.01,609637127.84,EQ,SUPREMEIND,177284,NIFTY INDIA MFG
9241.31,-97,9315,9218,07-Aug-2026 16:00:25,9182,N,-1.04,1829742414.76,EQ,POLYCAB,197996,NIFTY INDIA MFG
192.99,-2.06,194.5,192.11,07-Aug-2026 16:00:25,190.9,N,-1.06,602598151.68,EQ,CASTROLIND,3122432,NIFTY INDIA MFG
1077.3,-12.3,1089.2,1073.7,07-Aug-2026 16:00:25,1071,N,-1.13,158061456,EQ,KPRMILL,146720,NIFTY INDIA MFG
761.33,-9.05,771.95,751.95,07-Aug-2026 16:00:25,751,N,-1.19,3294692880.17,EQ,HSCL,4327549,NIFTY INDIA MFG
37991,-485,38335,37830,07-Aug-2026 16:00:25,37755,N,-1.27,80958821,EQ,HONAUT,2131,NIFTY INDIA MFG
7136.19,-95.5,7206,7057,07-Aug-2026 16:00:25,7057,N,-1.34,147890401.56,EQ,LINDEINDIA,20724,NIFTY INDIA MFG
453.51,-6.75,459.3,452.9,07-Aug-2026 16:00:25,449.2,N,-1.47,3116036824.83,EQ,TMCV,6870933,NIFTY INDIA MFG
1660.64,-26,1675,1660,07-Aug-2026 16:00:25,1648.1,N,-1.54,1523515973.28,EQ,PIDILITIND,917427,NIFTY INDIA MFG
4322.56,-67.7,4398,4299,07-Aug-2026 16:00:25,4270.1,N,-1.55,3280075237.12,EQ,GVT&D,758827,NIFTY INDIA MFG
539.71,-9.95,548,536,07-Aug-2026 16:00:25,532.1,N,-1.82,5090402236.56,EQ,HINDCOPPER,9431736,NIFTY INDIA MFG
1525.4,-57,1595,1514,07-Aug-2026 16:00:25,1497,N,-3.63,3649168658,EQ,BLUESTARCO,2392270,NIFTY INDIA MFG
8390.9,-420,8650,8230,07-Aug-2026 16:00:25,8225,N,-4.86,4953576205.9,EQ,NAVINFLUOR,590351,NIFTY INDIA MFG
252.54,-20.05,270,249.95,07-Aug-2026 16:00:25,248.3,N,-7.43,5711656015.98,EQ,CROMPTON,22616837,NIFTY INDIA MFG
1759.81,69.9,1817.6,1795,07-Aug-2026 16:00:25,1686.4,N,4.05,2205939433.1,EQ,BEML,1253510,NIFTY IND DEFENCE
247.41,8.45,252,247.5,07-Aug-2026 16:00:25,239.76,N,3.53,1389539421.63,EQ,AEQUS,5616343,NIFTY IND DEFENCE
2243.67,55.2,2270,2265.2,07-Aug-2026 16:00:25,2190.4,N,2.50,2584842460.2,EQ,BHARATFORG,1152060,NIFTY IND DEFENCE
1832.18,36.8,1849,1839,07-Aug-2026 16:00:25,1790,N,2.04,411566257.76,EQ,ASTRAMICRO,224632,NIFTY IND DEFENCE
1509.58,29.7,1524.7,1519.7,07-Aug-2026 16:00:25,1482.6,N,1.99,3433349502.92,EQ,COCHINSHIP,2274374,NIFTY IND DEFENCE
18524.63,154,18669,18650,07-Aug-2026 16:00:25,18391,N,0.83,911745239.34,EQ,SOLARINDS,49218,NIFTY IND DEFENCE
6860.08,41,7100,7000,07-Aug-2026 16:00:25,6611.5,N,0.59,2208506714.88,BE,MTARTECH,321936,NIFTY IND DEFENCE
401.06,1.8,403,401,07-Aug-2026 16:00:25,398.35,N,0.45,4330673152.08,EQ,BEL,10798068,NIFTY IND DEFENCE
435.54,0.7,440.4,434.95,07-Aug-2026 16:00:25,432,N,0.16,221563988.94,EQ,MIDHANI,508711,NIFTY IND DEFENCE
4916.54,-10,4975,4910,07-Aug-2026 16:00:25,4876,N,-0.20,5325114307.08,EQ,HAL,1083102,NIFTY IND DEFENCE
405.01,-0.95,408.5,403,07-Aug-2026 16:00:25,402.1,N,-0.24,1301252983.91,EQ,APOLLO,3212891,NIFTY IND DEFENCE
2605.3,-6.3,2641,2593.1,07-Aug-2026 16:00:25,2585.7,N,-0.24,929255798.7,EQ,GRSE,356679,NIFTY IND DEFENCE
1299.84,-5,1311.9,1294,07-Aug-2026 16:00:25,1288.5,N,-0.38,1133574865.92,EQ,BDL,872088,NIFTY IND DEFENCE
4399.22,-17.6,4444,4375,07-Aug-2026 16:00:25,4362,N,-0.40,1475546779.42,EQ,DATAPATTNS,335411,NIFTY IND DEFENCE
2523.62,-15.1,2558,2514.9,07-Aug-2026 16:00:25,2496.9,N,-0.60,2722120378.34,EQ,MAZDOCK,1078657,NIFTY IND DEFENCE
1734.07,-20.6,1759,1714,07-Aug-2026 16:00:25,1713,N,-1.19,336993961.59,EQ,ZENTEC,194337,NIFTY IND DEFENCE
11568.62,-203,11844,11200,07-Aug-2026 16:00:25,11002,N,-1.78,303398628.12,EQ,DYNAMATECH,26226,NIFTY IND DEFENCE
1596.82,-36.4,1631.4,1595,07-Aug-2026 16:00:25,1581.1,N,-2.23,202483163.28,EQ,AXISCADES,126804,NIFTY IND DEFENCE
1288.25,-41.8,1330.9,1274.9,07-Aug-2026 16:00:25,1235.3,N,-3.17,1615648431.5,EQ,PARAS,1254142,NIFTY IND DEFENCE
215.85,21.86,229.8,221.6,07-Aug-2026 16:00:25,197.84,N,10.94,3933687526.2,EQ,SAPPHIRE,18224172,NIFTY IND TOURISM
131.45,11.14,135.98,135,07-Aug-2026 16:00:25,122.6,N,8.99,3498808987.85,EQ,DEVYANI,26617033,NIFTY IND TOURISM
1443.2,91.8,1470.9,1429,07-Aug-2026 16:00:25,1354.1,N,6.87,1843177107.2,EQ,TRAVELFOOD,1277146,NIFTY IND TOURISM
483.8,13.5,488,486.5,07-Aug-2026 16:00:25,469.4,N,2.85,2006504863,EQ,JUBLFOOD,4147385,NIFTY IND TOURISM
518.74,8.5,527,519.5,07-Aug-2026 16:00:25,509.1,N,1.66,257068869.36,EQ,THELEELA,495564,NIFTY IND TOURISM
106.85,0.61,107.42,107.2,07-Aug-2026 16:00:25,105.7,N,0.57,760160497.45,EQ,GMRAIRPORT,7114277,NIFTY IND TOURISM
5334.54,14.5,5367.5,5333,07-Aug-2026 16:00:25,5281,N,0.27,2306030954.82,EQ,INDIGO,432283,NIFTY IND TOURISM
170.49,0.22,172.21,171.3,07-Aug-2026 16:00:25,168.9,N,0.13,501951884.28,EQ,ITCHOTELS,2944172,NIFTY IND TOURISM
254.98,-0.13,257.73,253.85,07-Aug-2026 16:00:25,250.8,N,-0.05,312649081.58,EQ,BLS,1226171,NIFTY IND TOURISM
519.29,-0.45,521.8,520,07-Aug-2026 16:00:25,514.2,N,-0.09,516320699.78,EQ,IRCTC,994282,NIFTY IND TOURISM
855.93,-3.1,861.2,860,07-Aug-2026 16:00:25,851.05,N,-0.36,43667836.74,EQ,CHALET,51018,NIFTY IND TOURISM
1620.11,-10.1,1637,1613,07-Aug-2026 16:00:25,1595.4,N,-0.62,185196394.21,EQ,TBOTEK,114311,NIFTY IND TOURISM
732.79,-5,738.75,731,07-Aug-2026 16:00:25,728.75,N,-0.68,1176917897.62,EQ,INDHOTEL,1606078,NIFTY IND TOURISM
111.2,-1.83,112.4,110.96,07-Aug-2026 16:00:25,110.55,N,-1.62,318543075.2,EQ,LEMONTREE,2864596,NIFTY IND TOURISM
310.12,-19.85,321.65,305.8,07-Aug-2026 16:00:25,304.35,N,-6.10,431539112.76,EQ,EIHOTEL,1391523,NIFTY IND TOURISM
2088.2,29.5,2107,2101,07-Aug-2026 16:00:25,2061,N,1.42,423071408.2,EQ,ANANDRATHI,202601,NIFTY CAPITAL MKT
190.44,1.56,191.63,190.6,07-Aug-2026 16:00:25,189.41,N,0.83,2932889692.68,EQ,GROWW,15400597,NIFTY CAPITAL MKT
932.11,6,937,936,07-Aug-2026 16:00:25,925,N,0.65,275692971.03,EQ,KFINTECH,295773,NIFTY CAPITAL MKT
3466.62,22.1,3529,3457.1,07-Aug-2026 16:00:25,3415.5,N,0.64,12902950304.1,EQ,BSE,3722055,NIFTY CAPITAL MKT
1017.84,5.9,1034.7,1030,07-Aug-2026 16:00:25,1006.1,N,0.58,202195951.68,EQ,ABSLAMC,198652,NIFTY CAPITAL MKT
2540.95,6.9,2552.4,2545,07-Aug-2026 16:00:25,2521.2,N,0.27,787943513.1,EQ,HDFCAMC,310098,NIFTY CAPITAL MKT
2662.1,-2,2684.5,2638,07-Aug-2026 16:00:25,2621,N,-0.08,3846092933.9,EQ,MCX,1444759,NIFTY CAPITAL MKT
1328.15,-3,1334.4,1328,07-Aug-2026 16:00:25,1324.1,N,-0.23,758499824.25,EQ,CDSL,571095,NIFTY CAPITAL MKT
3076.18,-7.4,3098,3073,07-Aug-2026 16:00:25,3055.2,N,-0.24,429071738.76,EQ,ICICIAMC,139482,NIFTY CAPITAL MKT
897.64,-2.9,902.6,897.4,07-Aug-2026 16:00:25,895,N,-0.32,49065900.04,EQ,UTIAMC,54661,NIFTY CAPITAL MKT
865.7,-4,875.7,870,07-Aug-2026 16:00:25,858.05,N,-0.46,771472017.8,EQ,MOTILALOFS,891154,NIFTY CAPITAL MKT
1652.59,-10.4,1675,1647.9,07-Aug-2026 16:00:25,1635.5,N,-0.63,344536920.97,EQ,NUVAMA,208483,NIFTY CAPITAL MKT
127.38,-1.73,128.67,127.1,07-Aug-2026 16:00:25,126.52,N,-1.34,315336705.42,EQ,IEX,2475559,NIFTY CAPITAL MKT
784.45,-11.95,801.05,787.5,07-Aug-2026 16:00:25,778.05,N,-1.49,793614729.35,EQ,CAMS,1011683,NIFTY CAPITAL MKT
1173.81,-17.9,1192.8,1168.1,07-Aug-2026 16:00:25,1151,N,-1.51,2004351003.6,EQ,360ONE,1707560,NIFTY CAPITAL MKT
291.79,-5.1,298.75,292,07-Aug-2026 16:00:25,289.05,N,-1.72,1194733279.63,EQ,ANGELONE,4094497,NIFTY CAPITAL MKT
1175.63,-24,1193.3,1176,07-Aug-2026 16:00:25,1163.1,N,-2.00,809839779.28,EQ,NAM-INDIA,688856,NIFTY CAPITAL MKT
851.08,71.5,880,873.05,07-Aug-2026 16:00:25,797.3,N,8.92,13667034136.8,EQ,TATATECH,16058460,NIFTY EV
166.72,13.5,169.8,168.5,07-Aug-2026 16:00:25,155.17,N,8.71,19269956913.6,EQ,MOTHERSON,115582755,NIFTY EV
807.49,26.05,821,818.05,07-Aug-2026 16:00:25,787,N,3.29,3030682772.86,EQ,SONACOMS,3753214,NIFTY EV
5708.64,174.5,5800,5725,07-Aug-2026 16:00:25,5541,N,3.14,10930190292,EQ,HEROMOTOCO,1914675,NIFTY EV
486.48,14.8,493,489.05,07-Aug-2026 16:00:25,470.65,N,3.12,3820638300.72,EQ,EXIDEIND,7853639,NIFTY EV
3475.5,96,3504.9,3502,07-Aug-2026 16:00:25,3402.1,N,2.82,11466498193.5,EQ,M&M,3299237,NIFTY EV
2611.82,69.7,2656,2650,07-Aug-2026 16:00:25,2562.1,N,2.70,269840183.3,EQ,ZFCVINDIA,103315,NIFTY EV
2243.67,55.2,2270,2265.2,07-Aug-2026 16:00:25,2190.4,N,2.50,2584842460.2,EQ,BHARATFORG,1152060,NIFTY EV
42437.17,950,42950,42950,07-Aug-2026 16:00:25,42000,N,2.26,1197407188.72,EQ,BOSCHLTD,28216,NIFTY EV
1482.82,28.8,1508,1482,07-Aug-2026 16:00:25,1446,N,1.98,6889969097.42,EQ,ATHERENERG,4646531,NIFTY EV
3793.49,66,3833.6,3781,07-Aug-2026 16:00:25,3716.1,N,1.78,1704934765.13,EQ,TATAELXSI,449437,NIFTY EV
4434.04,65.9,4458,4440.9,07-Aug-2026 16:00:25,4378,N,1.51,3725294178.32,EQ,TVSMOTOR,840158,NIFTY EV
3606.46,43.5,3655.9,3598.9,07-Aug-2026 16:00:25,3551.3,N,1.22,288509587.08,EQ,LTTS,79998,NIFTY EV
630.2,6.9,637.25,629.9,07-Aug-2026 16:00:25,620.55,N,1.11,1603334043.4,EQ,KPITTECH,2544167,NIFTY EV
684.5,6.7,702,670,07-Aug-2026 16:00:25,668,N,1.01,2442033152,EQ,TATACHEM,3567616,NIFTY EV
1329.08,9.8,1337,1334.8,07-Aug-2026 16:00:25,1316.6,N,0.74,13138803753.04,EQ,RELIANCE,9885638,NIFTY EV
2759.2,19.7,2783,2772,07-Aug-2026 16:00:25,2742.2,N,0.72,392907320.8,EQ,TIINDIA,142399,NIFTY EV
935.82,6.55,945,934,07-Aug-2026 16:00:25,928.15,N,0.71,466838486.1,EQ,ARE&M,498855,NIFTY EV
13968.44,97,14038,14037,07-Aug-2026 16:00:25,13811,N,0.70,4527227277.76,EQ,MARUTI,324104,NIFTY EV
8011.22,52.5,8067.5,8020,07-Aug-2026 16:00:25,7920,N,0.66,2719136247.52,EQ,EICHERMOT,339416,NIFTY EV
1282.31,7,1292.1,1285,07-Aug-2026 16:00:25,1265.1,N,0.55,715221225.6,EQ,UNOMINDA,557760,NIFTY EV
346.21,1.65,349.8,347,07-Aug-2026 16:00:25,343.65,N,0.48,1479713657.35,EQ,TMPV,4274035,NIFTY EV
11674.55,42,11730,11662,07-Aug-2026 16:00:25,11574,N,0.36,2439607364.4,EQ,BAJAJ-AUTO,208968,NIFTY EV
875.69,3,880.7,879,07-Aug-2026 16:00:25,870,N,0.34,1334002502.37,EQ,CGPOWER,1523373,NIFTY EV
4056.72,10.3,4088,4046.6,07-Aug-2026 16:00:25,4020.6,N,0.26,122772574.08,EQ,SCHAEFFLER,30264,NIFTY EV
41.49,0.1,42.11,41.11,07-Aug-2026 16:00:25,40.9,N,0.24,573014738.88,EQ,MSUMI,13810912,NIFTY EV
5597.65,5,5629,5600,07-Aug-2026 16:00:25,5542.3,N,0.09,1529104452.85,EQ,KEI,273169,NIFTY EV
176.72,0,177.99,177.5,07-Aug-2026 16:00:25,175.5,N,0.00,1993762108.8,EQ,ASHOKLEY,11282040,NIFTY EV
4549.69,-2,4634.8,4546,07-Aug-2026 16:00:25,4460.4,N,-0.04,608016021.91,EQ,FLUOROCHEM,133639,NIFTY EV
716.66,-0.7,729.9,716.2,07-Aug-2026 16:00:25,700.7,N,-0.10,163546828.62,EQ,MINDACORP,228207,NIFTY EV
2205.81,-11.5,2215.2,2200.5,07-Aug-2026 16:00:25,2196,N,-0.52,615674658.15,EQ,HYUNDAI,279115,NIFTY EV
260.32,-2.4,261.75,259.7,07-Aug-2026 16:00:25,258.8,N,-0.92,112907031.68,EQ,JWL,433724,NIFTY EV
41.19,-0.41,41.74,41.03,07-Aug-2026 16:00:25,40.76,N,-0.99,1107708953.73,EQ,OLAELEC,26892667,NIFTY EV
18574.91,-190,18830,18500,07-Aug-2026 16:00:25,18445,N,-1.02,870067359.31,EQ,FORCEMOT,46841,NIFTY EV
1385.77,-15.7,1394,1383.7,07-Aug-2026 16:00:25,1377.6,N,-1.12,241839037.32,EQ,OLECTRA,174516,NIFTY EV
761.33,-9.05,771.95,751.95,07-Aug-2026 16:00:25,751,N,-1.19,3294692880.17,EQ,HSCL,4327549,NIFTY EV
652.68,-9.55,660,648,07-Aug-2026 16:00:25,647,N,-1.45,105099755.04,EQ,JBMA,161028,NIFTY EV
453.51,-6.75,459.3,452.9,07-Aug-2026 16:00:25,449.2,N,-1.47,3116036824.83,EQ,TMCV,6870933,NIFTY EV
215.85,21.86,229.8,221.6,07-Aug-2026 16:00:25,197.84,N,10.94,3933687526.2,EQ,SAPPHIRE,18224172,NIFTY NEW CONSUMP
131.45,11.14,135.98,135,07-Aug-2026 16:00:25,122.6,N,8.99,3498808987.85,EQ,DEVYANI,26617033,NIFTY NEW CONSUMP
130.95,5.51,133.5,131,07-Aug-2026 16:00:25,125.08,N,4.39,1660199944.95,EQ,PWL,12678121,NIFTY NEW CONSUMP
627.28,20.9,643.95,630.65,07-Aug-2026 16:00:25,602.45,N,3.43,6937740636.64,EQ,PGEL,11060038,NIFTY NEW CONSUMP
5708.64,174.5,5800,5725,07-Aug-2026 16:00:25,5541,N,3.14,10930190292,EQ,HEROMOTOCO,1914675,NIFTY NEW CONSUMP
483.8,13.5,488,486.5,07-Aug-2026 16:00:25,469.4,N,2.85,2006504863,EQ,JUBLFOOD,4147385,NIFTY NEW CONSUMP
3475.5,96,3504.9,3502,07-Aug-2026 16:00:25,3402.1,N,2.82,11466498193.5,EQ,M&M,3299237,NIFTY NEW CONSUMP
1482.82,28.8,1508,1482,07-Aug-2026 16:00:25,1446,N,1.98,6889969097.42,EQ,ATHERENERG,4646531,NIFTY NEW CONSUMP
580.55,10.05,585.8,582,07-Aug-2026 16:00:25,568.35,N,1.76,261093073.7,EQ,BRIGADE,449734,NIFTY NEW CONSUMP
94.1,1.48,95.6,94.05,07-Aug-2026 16:00:25,92.57,N,1.60,1993014569.1,EQ,ZEEL,21179751,NIFTY NEW CONSUMP
4434.04,65.9,4458,4440.9,07-Aug-2026 16:00:25,4378,N,1.51,3725294178.32,EQ,TVSMOTOR,840158,NIFTY NEW CONSUMP
1746.09,24.5,1764,1760,07-Aug-2026 16:00:25,1730,N,1.41,273435947.91,EQ,TATACOMM,156599,NIFTY NEW CONSUMP
617.23,8.3,630,606.3,07-Aug-2026 16:00:25,601.15,N,1.39,20526168201.77,EQ,KALYANKJIL,33255299,NIFTY NEW CONSUMP
570.87,6.95,575.65,571.95,07-Aug-2026 16:00:25,563.45,N,1.23,2254413583.08,EQ,LENSKART,3949084,NIFTY NEW CONSUMP
190.44,1.56,191.63,190.6,07-Aug-2026 16:00:25,189.41,N,0.83,2932889692.68,EQ,GROWW,15400597,NIFTY NEW CONSUMP
12.72,0.1,12.88,12.73,07-Aug-2026 16:00:25,12.6,N,0.79,2618482774.08,EQ,IDEA,205855564,NIFTY NEW CONSUMP
1284.69,10,1303.7,1285,07-Aug-2026 16:00:25,1271.9,N,0.78,1043132308.68,EQ,VOLTAS,811972,NIFTY NEW CONSUMP
1213.9,8.9,1225,1218.7,07-Aug-2026 16:00:25,1204.7,N,0.74,1080953672,EQ,LODHA,890480,NIFTY NEW CONSUMP
13968.44,97,14038,14037,07-Aug-2026 16:00:25,13811,N,0.70,4527227277.76,EQ,MARUTI,324104,NIFTY NEW CONSUMP
1586.15,10.7,1592,1589,07-Aug-2026 16:00:25,1569.2,N,0.68,219478747.8,EQ,LGEINDIA,138372,NIFTY NEW CONSUMP
1156.81,7.6,1168.9,1158,07-Aug-2026 16:00:25,1135,N,0.66,159074099.91,EQ,PVRINOX,137511,NIFTY NEW CONSUMP
8011.22,52.5,8067.5,8020,07-Aug-2026 16:00:25,7920,N,0.66,2719136247.52,EQ,EICHERMOT,339416,NIFTY NEW CONSUMP
1952.38,11.9,1961,1959.9,07-Aug-2026 16:00:25,1938.3,N,0.61,5895945504.88,EQ,BHARTIARTL,3019876,NIFTY NEW CONSUMP
346.21,1.65,349.8,347,07-Aug-2026 16:00:25,343.65,N,0.48,1479713657.35,EQ,TMPV,4274035,NIFTY NEW CONSUMP
1578.15,6.8,1599.8,1584.8,07-Aug-2026 16:00:25,1565.8,N,0.43,749889535.5,EQ,PRESTIGE,475170,NIFTY NEW CONSUMP
11674.55,42,11730,11662,07-Aug-2026 16:00:25,11574,N,0.36,2439607364.4,EQ,BAJAJ-AUTO,208968,NIFTY NEW CONSUMP
1600.08,5.5,1613.4,1604.5,07-Aug-2026 16:00:25,1583.1,N,0.34,1173537073.92,EQ,POLICYBZR,733424,NIFTY NEW CONSUMP
2540.95,6.9,2552.4,2545,07-Aug-2026 16:00:25,2521.2,N,0.27,787943513.1,EQ,HDFCAMC,310098,NIFTY NEW CONSUMP
5334.54,14.5,5367.5,5333,07-Aug-2026 16:00:25,5281,N,0.27,2306030954.82,EQ,INDIGO,432283,NIFTY NEW CONSUMP
1286.54,2.5,1293.6,1288,07-Aug-2026 16:00:25,1276.2,N,0.19,1938742447.22,EQ,HAVELLS,1506943,NIFTY NEW CONSUMP
3906.85,-31.2,3948.4,3900,07-Aug-2026 16:00:25,3885.5,N,-0.79,1462103450.85,EQ,DMART,374241,NIFTY NEW CONSUMP
1899.47,-17.5,1917.8,1895.5,07-Aug-2026 16:00:25,1893.9,N,-0.91,553929139.81,EQ,PHOENIXLTD,291623,NIFTY NEW CONSUMP
41.19,-0.41,41.74,41.03,07-Aug-2026 16:00:25,40.76,N,-0.99,1107708953.73,EQ,OLAELEC,26892667,NIFTY NEW CONSUMP
18574.91,-190,18830,18500,07-Aug-2026 16:00:25,18445,N,-1.02,870067359.31,EQ,FORCEMOT,46841,NIFTY NEW CONSUMP
723.06,-8.15,730,719.95,07-Aug-2026 16:00:25,717.75,N,-1.12,91837296.72,EQ,BATAINDIA,127012,NIFTY NEW CONSUMP
1077.3,-12.3,1089.2,1073.7,07-Aug-2026 16:00:25,1071,N,-1.13,158061456,EQ,KPRMILL,146720,NIFTY NEW CONSUMP
4960.37,-57,5003,4941,07-Aug-2026 16:00:25,4891.3,N,-1.14,5788047417.46,EQ,TITAN,1166858,NIFTY NEW CONSUMP
1230.95,-14.7,1244,1225.3,07-Aug-2026 16:00:25,1222.6,N,-1.19,920675512.05,EQ,NAUKRI,747939,NIFTY NEW CONSUMP
1345.6,-17.7,1361.4,1338.2,07-Aug-2026 16:00:25,1334.2,N,-1.31,143204134.4,EQ,SOBHA,106424,NIFTY NEW CONSUMP
1173.81,-17.9,1192.8,1168.1,07-Aug-2026 16:00:25,1151,N,-1.51,2004351003.6,EQ,360ONE,1707560,NIFTY NEW CONSUMP
111.2,-1.83,112.4,110.96,07-Aug-2026 16:00:25,110.55,N,-1.62,318543075.2,EQ,LEMONTREE,2864596,NIFTY NEW CONSUMP
291.79,-5.1,298.75,292,07-Aug-2026 16:00:25,289.05,N,-1.72,1194733279.63,EQ,ANGELONE,4094497,NIFTY NEW CONSUMP
526.91,-10.55,539.95,517.45,07-Aug-2026 16:00:25,513.15,N,-2.00,249302724.31,EQ,SAREGAMA,473141,NIFTY NEW CONSUMP
1175.63,-24,1193.3,1176,07-Aug-2026 16:00:25,1163.1,N,-2.00,809839779.28,EQ,NAM-INDIA,688856,NIFTY NEW CONSUMP
822.14,-16.85,840,813.6,07-Aug-2026 16:00:25,801.6,N,-2.03,324320253.62,EQ,WHIRLPOOL,394483,NIFTY NEW CONSUMP
282,-7.9,288.95,280.75,07-Aug-2026 16:00:25,278.25,N,-2.74,7417501272,EQ,SWIGGY,26303196,NIFTY NEW CONSUMP
3019.87,-110.1,3106.5,2997,07-Aug-2026 16:00:25,2985.6,N,-3.54,7456581467.51,EQ,TRENT,2469173,NIFTY NEW CONSUMP
1525.4,-57,1595,1514,07-Aug-2026 16:00:25,1497,N,-3.63,3649168658,EQ,BLUESTARCO,2392270,NIFTY NEW CONSUMP
310.12,-19.85,321.65,305.8,07-Aug-2026 16:00:25,304.35,N,-6.10,431539112.76,EQ,EIHOTEL,1391523,NIFTY NEW CONSUMP
252.54,-20.05,270,249.95,07-Aug-2026 16:00:25,248.3,N,-7.43,5711656015.98,EQ,CROMPTON,22616837,NIFTY NEW CONSUMP
166.72,13.5,169.8,168.5,07-Aug-2026 16:00:25,155.17,N,8.71,19269956913.6,EQ,MOTHERSON,115582755,NIFTY MOBILITY
807.49,26.05,821,818.05,07-Aug-2026 16:00:25,787,N,3.29,3030682772.86,EQ,SONACOMS,3753214,NIFTY MOBILITY
5708.64,174.5,5800,5725,07-Aug-2026 16:00:25,5541,N,3.14,10930190292,EQ,HEROMOTOCO,1914675,NIFTY MOBILITY
3475.5,96,3504.9,3502,07-Aug-2026 16:00:25,3402.1,N,2.82,11466498193.5,EQ,M&M,3299237,NIFTY MOBILITY
2243.67,55.2,2270,2265.2,07-Aug-2026 16:00:25,2190.4,N,2.50,2584842460.2,EQ,BHARATFORG,1152060,NIFTY MOBILITY
42437.17,950,42950,42950,07-Aug-2026 16:00:25,42000,N,2.26,1197407188.72,EQ,BOSCHLTD,28216,NIFTY MOBILITY
4434.04,65.9,4458,4440.9,07-Aug-2026 16:00:25,4378,N,1.51,3725294178.32,EQ,TVSMOTOR,840158,NIFTY MOBILITY
278.49,3.65,280.6,280.6,07-Aug-2026 16:00:25,275.4,N,1.32,232150656.45,EQ,PETRONET,833605,NIFTY MOBILITY
1329.08,9.8,1337,1334.8,07-Aug-2026 16:00:25,1316.6,N,0.74,13138803753.04,EQ,RELIANCE,9885638,NIFTY MOBILITY
2759.2,19.7,2783,2772,07-Aug-2026 16:00:25,2742.2,N,0.72,392907320.8,EQ,TIINDIA,142399,NIFTY MOBILITY
13968.44,97,14038,14037,07-Aug-2026 16:00:25,13811,N,0.70,4527227277.76,EQ,MARUTI,324104,NIFTY MOBILITY
8011.22,52.5,8067.5,8020,07-Aug-2026 16:00:25,7920,N,0.66,2719136247.52,EQ,EICHERMOT,339416,NIFTY MOBILITY
106.85,0.61,107.42,107.2,07-Aug-2026 16:00:25,105.7,N,0.57,760160497.45,EQ,GMRAIRPORT,7114277,NIFTY MOBILITY
2469.35,13.3,2498.8,2479,07-Aug-2026 16:00:25,2430,N,0.54,288304020.55,EQ,BALKRISIND,116753,NIFTY MOBILITY
142.66,0.72,143.4,143.38,07-Aug-2026 16:00:25,141.81,N,0.50,738079471.36,EQ,IOC,5173696,NIFTY MOBILITY
346.21,1.65,349.8,347,07-Aug-2026 16:00:25,343.65,N,0.48,1479713657.35,EQ,TMPV,4274035,NIFTY MOBILITY
11674.55,42,11730,11662,07-Aug-2026 16:00:25,11574,N,0.36,2439607364.4,EQ,BAJAJ-AUTO,208968,NIFTY MOBILITY
5334.54,14.5,5367.5,5333,07-Aug-2026 16:00:25,5281,N,0.27,2306030954.82,EQ,INDIGO,432283,NIFTY MOBILITY
134090.61,145,134500,134075,07-Aug-2026 16:00:25,133500,N,0.11,280249374.9,EQ,MRF,2090,NIFTY MOBILITY
176.72,0,177.99,177.5,07-Aug-2026 16:00:25,175.5,N,0.00,1993762108.8,EQ,ASHOKLEY,11282040,NIFTY MOBILITY
1687.39,-1.5,1702.3,1693.5,07-Aug-2026 16:00:25,1676.7,N,-0.09,4028456324.71,EQ,ADANIPORTS,2387389,NIFTY MOBILITY
519.29,-0.45,521.8,520,07-Aug-2026 16:00:25,514.2,N,-0.09,516320699.78,EQ,IRCTC,994282,NIFTY MOBILITY
314.73,-1.25,316.9,315,07-Aug-2026 16:00:25,313.15,N,-0.40,4017154550.76,EQ,ETERNAL,12763812,NIFTY MOBILITY
393.45,-1.95,395.45,393.05,07-Aug-2026 16:00:25,392,N,-0.49,2004743817.75,EQ,HINDPETRO,5095295,NIFTY MOBILITY
2205.81,-11.5,2215.2,2200.5,07-Aug-2026 16:00:25,2196,N,-0.52,615674658.15,EQ,HYUNDAI,279115,NIFTY MOBILITY
320.57,-2.7,323.55,321,07-Aug-2026 16:00:25,317.1,N,-0.83,1741252891.8,EQ,BPCL,5431740,NIFTY MOBILITY
508.91,-6.8,513.9,505.2,07-Aug-2026 16:00:25,505.2,N,-1.33,453948737.82,EQ,CONCOR,892002,NIFTY MOBILITY
453.51,-6.75,459.3,452.9,07-Aug-2026 16:00:25,449.2,N,-1.47,3116036824.83,EQ,TMCV,6870933,NIFTY MOBILITY
173.04,-2.77,176.28,173.63,07-Aug-2026 16:00:25,171.89,N,-1.57,1212170117.76,EQ,GAIL,7005144,NIFTY MOBILITY
282,-7.9,288.95,280.75,07-Aug-2026 16:00:25,278.25,N,-2.74,7417501272,EQ,SWIGGY,26303196,NIFTY MOBILITY
3278.1,113,3349.6,3323,07-Aug-2026 16:00:25,3183,N,3.52,3511549891.5,EQ,GRASIM,1071215,NIFTY COREHOUSING
627.28,20.9,643.95,630.65,07-Aug-2026 16:00:25,602.45,N,3.43,6937740636.64,EQ,PGEL,11060038,NIFTY COREHOUSING
580.55,10.05,585.8,582,07-Aug-2026 16:00:25,568.35,N,1.76,261093073.7,EQ,BRIGADE,449734,NIFTY COREHOUSING
1284.69,10,1303.7,1285,07-Aug-2026 16:00:25,1271.9,N,0.78,1043132308.68,EQ,VOLTAS,811972,NIFTY COREHOUSING
1213.9,8.9,1225,1218.7,07-Aug-2026 16:00:25,1204.7,N,0.74,1080953672,EQ,LODHA,890480,NIFTY COREHOUSING
1578.15,6.8,1599.8,1584.8,07-Aug-2026 16:00:25,1565.8,N,0.43,749889535.5,EQ,PRESTIGE,475170,NIFTY COREHOUSING
1819.92,4.9,1832.1,1827.4,07-Aug-2026 16:00:25,1794,N,0.27,187484518.56,EQ,DALBHARAT,103018,NIFTY COREHOUSING
12025.68,30,12105,12105,07-Aug-2026 16:00:25,11970,N,0.25,2060624319.36,EQ,ULTRACEMCO,171352,NIFTY COREHOUSING
1286.54,2.5,1293.6,1288,07-Aug-2026 16:00:25,1276.2,N,0.19,1938742447.22,EQ,HAVELLS,1506943,NIFTY COREHOUSING
7435.26,10,7557,7435,07-Aug-2026 16:00:25,7329,N,0.13,1561858150.86,EQ,AMBER,210061,NIFTY COREHOUSING
5597.65,5,5629,5600,07-Aug-2026 16:00:25,5542.3,N,0.09,1529104452.85,EQ,KEI,273169,NIFTY COREHOUSING
14164.53,0,14294,14200,07-Aug-2026 16:00:25,14050,N,0.00,2729689069.89,EQ,DIXON,192713,NIFTY COREHOUSING
644.17,0,649.9,642,07-Aug-2026 16:00:25,635.05,N,0.00,1588774446.3,EQ,DLF,2466390,NIFTY COREHOUSING
1780.75,-2,1792.2,1775,07-Aug-2026 16:00:25,1770.5,N,-0.11,304990833.25,EQ,OBEROIRLTY,171271,NIFTY COREHOUSING
504.93,-0.75,507.9,504.25,07-Aug-2026 16:00:25,502.7,N,-0.15,810272279.46,EQ,LICHSGFIN,1604722,NIFTY COREHOUSING
2081.77,-11.9,2108.6,2070,07-Aug-2026 16:00:25,2062.3,N,-0.57,1011937988.15,EQ,GODREJPROP,486095,NIFTY COREHOUSING
433.71,-2.5,438,434,07-Aug-2026 16:00:25,431.8,N,-0.57,878965793.91,EQ,AMBUJACEM,2026621,NIFTY COREHOUSING
1135.16,-7,1151.8,1143,07-Aug-2026 16:00:25,1119.5,N,-0.61,1676325961.96,EQ,PNBHOUSING,1476731,NIFTY COREHOUSING
85.91,-0.63,86.55,85.78,07-Aug-2026 16:00:25,85.61,N,-0.73,186691794.19,EQ,BAJAJHFL,2173109,NIFTY COREHOUSING
2715.82,-20,2755,2735,07-Aug-2026 16:00:25,2695,N,-0.73,2900457738.52,EQ,ASIANPAINT,1067986,NIFTY COREHOUSING
5382.97,-46,5428.5,5375,07-Aug-2026 16:00:25,5361,N,-0.85,124604989.56,EQ,JKCEMENT,23148,NIFTY COREHOUSING
1366.64,-11.9,1373.9,1366.5,07-Aug-2026 16:00:25,1360,N,-0.86,219131157.52,EQ,ACC,160343,NIFTY COREHOUSING
26156.91,-235,26355,26010,07-Aug-2026 16:00:25,26010,N,-0.90,280977527.22,EQ,SHREECEM,10742,NIFTY COREHOUSING
1899.47,-17.5,1917.8,1895.5,07-Aug-2026 16:00:25,1893.9,N,-0.91,553929139.81,EQ,PHOENIXLTD,291623,NIFTY COREHOUSING
1166.86,-11.5,1179,1163.9,07-Aug-2026 16:00:25,1158.4,N,-0.98,238368494.52,EQ,KAJARIACER,204282,NIFTY COREHOUSING
9241.31,-97,9315,9218,07-Aug-2026 16:00:25,9182,N,-1.04,1829742414.76,EQ,POLYCAB,197996,NIFTY COREHOUSING
533.08,-7.5,544.85,530.1,07-Aug-2026 16:00:25,529.05,N,-1.40,152783926.48,EQ,BERGEPAINT,286606,NIFTY COREHOUSING
926.6,-17.1,944,920,07-Aug-2026 16:00:25,914.85,N,-1.82,204956507.2,EQ,RAMCOCEM,221192,NIFTY COREHOUSING
1525.4,-57,1595,1514,07-Aug-2026 16:00:25,1497,N,-3.63,3649168658,EQ,BLUESTARCO,2392270,NIFTY COREHOUSING
252.54,-20.05,270,249.95,07-Aug-2026 16:00:25,248.3,N,-7.43,5711656015.98,EQ,CROMPTON,22616837,NIFTY COREHOUSING
3278.1,113,3349.6,3323,07-Aug-2026 16:00:25,3183,N,3.52,3511549891.5,EQ,GRASIM,1071215,NIFTY HOUSING
1343.63,26.8,1355.4,1352,07-Aug-2026 16:00:25,1321,N,2.02,510063446.08,EQ,TORNTPOWER,379616,NIFTY HOUSING
278.49,3.65,280.6,280.6,07-Aug-2026 16:00:25,275.4,N,1.32,232150656.45,EQ,PETRONET,833605,NIFTY HOUSING
889.52,11.6,899,889.5,07-Aug-2026 16:00:25,878.1,N,1.32,3579593041.2,EQ,INDIANB,4024185,NIFTY HOUSING
1103.7,12.2,1124.5,1097.2,07-Aug-2026 16:00:25,1075.7,N,1.12,32460503501.4,EQ,SBIN,29410622,NIFTY HOUSING
1284.69,10,1303.7,1285,07-Aug-2026 16:00:25,1271.9,N,0.78,1043132308.68,EQ,VOLTAS,811972,NIFTY HOUSING
356.48,2.7,359.8,356.25,07-Aug-2026 16:00:25,350.85,N,0.76,1755405908.48,EQ,FEDERALBNK,4924276,NIFTY HOUSING
1213.9,8.9,1225,1218.7,07-Aug-2026 16:00:25,1204.7,N,0.74,1080953672,EQ,LODHA,890480,NIFTY HOUSING
1629.8,10.1,1647,1630.1,07-Aug-2026 16:00:25,1606,N,0.62,2268036199.2,EQ,ADANIENSOL,1391604,NIFTY HOUSING
182.9,1.1,184.9,183.6,07-Aug-2026 16:00:25,180,N,0.60,4057973218.9,EQ,UNIONBANK,22186841,NIFTY HOUSING
1014.03,5.8,1024.9,1022,07-Aug-2026 16:00:25,1004.4,N,0.57,1751606015.13,EQ,INDUSINDBK,1727371,NIFTY HOUSING
564.16,2.9,567.5,564.4,07-Aug-2026 16:00:25,560,N,0.52,875920457.6,EQ,JSWENERGY,1552610,NIFTY HOUSING
380.5,1.95,382.7,380.55,07-Aug-2026 16:00:25,377.3,N,0.52,994782624.5,EQ,TATAPOWER,2614409,NIFTY HOUSING
114.46,0.51,115.37,114.81,07-Aug-2026 16:00:25,113.6,N,0.45,1282242385.02,EQ,PNB,11202537,NIFTY HOUSING
1578.15,6.8,1599.8,1584.8,07-Aug-2026 16:00:25,1565.8,N,0.43,749889535.5,EQ,PRESTIGE,475170,NIFTY HOUSING
210.24,0.88,212.1,209,07-Aug-2026 16:00:25,208.13,N,0.42,3021594298.56,EQ,ADANIPOWER,14372119,NIFTY HOUSING
734.62,2.35,738.5,734.85,07-Aug-2026 16:00:25,731.3,N,0.32,102739545.48,EQ,JSL,139854,NIFTY HOUSING
12025.68,30,12105,12105,07-Aug-2026 16:00:25,11970,N,0.25,2060624319.36,EQ,ULTRACEMCO,171352,NIFTY HOUSING
1286.54,2.5,1293.6,1288,07-Aug-2026 16:00:25,1276.2,N,0.19,1938742447.22,EQ,HAVELLS,1506943,NIFTY HOUSING
131.68,0.25,132.48,131.95,07-Aug-2026 16:00:25,130.43,N,0.19,2972884054.4,EQ,CANBK,22576580,NIFTY HOUSING
1098.41,2,1105.7,1103,07-Aug-2026 16:00:25,1092.1,N,0.18,431097366.34,EQ,JINDALSTEL,392474,NIFTY HOUSING
5597.65,5,5629,5600,07-Aug-2026 16:00:25,5542.3,N,0.09,1529104452.85,EQ,KEI,273169,NIFTY HOUSING
1375.81,0.9,1389.9,1372.4,07-Aug-2026 16:00:25,1365.7,N,0.07,1751928937.8,EQ,ADANIGREEN,1273380,NIFTY HOUSING
22.7,0.01,22.8,22.69,07-Aug-2026 16:00:25,22.63,N,0.04,579329333.2,EQ,YESBANK,25521116,NIFTY HOUSING
14164.53,0,14294,14200,07-Aug-2026 16:00:25,14050,N,0.00,2729689069.89,EQ,DIXON,192713,NIFTY HOUSING
644.17,0,649.9,642,07-Aug-2026 16:00:25,635.05,N,0.00,1588774446.3,EQ,DLF,2466390,NIFTY HOUSING
175.95,-0.16,176.88,176.58,07-Aug-2026 16:00:25,174.61,N,-0.09,1683823729.05,EQ,SAIL,9569899,NIFTY HOUSING
1780.75,-2,1792.2,1775,07-Aug-2026 16:00:25,1770.5,N,-0.11,304990833.25,EQ,OBEROIRLTY,171271,NIFTY HOUSING
249.85,-0.3,251.25,250.7,07-Aug-2026 16:00:25,248.02,N,-0.12,1868846269.05,EQ,BANKBARODA,7479873,NIFTY HOUSING
4045.6,-5.8,4062,4056,07-Aug-2026 16:00:25,4030,N,-0.14,3646258824,EQ,LT,901290,NIFTY HOUSING
504.93,-0.75,507.9,504.25,07-Aug-2026 16:00:25,502.7,N,-0.15,810272279.46,EQ,LICHSGFIN,1604722,NIFTY HOUSING
732.23,-3.3,736,731,07-Aug-2026 16:00:25,728.2,N,-0.45,14192112613.66,EQ,HDFCBANK,19382042,NIFTY HOUSING
84.81,-0.48,85.14,84.62,07-Aug-2026 16:00:25,84.35,N,-0.56,809062126.62,EQ,IDFCFIRSTB,9539702,NIFTY HOUSING
433.71,-2.5,438,434,07-Aug-2026 16:00:25,431.8,N,-0.57,878965793.91,EQ,AMBUJACEM,2026621,NIFTY HOUSING
2081.77,-11.9,2108.6,2070,07-Aug-2026 16:00:25,2062.3,N,-0.57,1011937988.15,EQ,GODREJPROP,486095,NIFTY HOUSING
1298.03,-8.4,1309.9,1299.5,07-Aug-2026 16:00:25,1288.5,N,-0.64,935523969.78,EQ,JSWSTEEL,720726,NIFTY HOUSING
234.6,-1.62,236.76,233.38,07-Aug-2026 16:00:25,233.01,N,-0.69,1100700972,EQ,RVNL,4691820,NIFTY HOUSING
344.46,-2.5,347,342.5,07-Aug-2026 16:00:25,342.5,N,-0.72,2415370054.08,EQ,NTPC,7012048,NIFTY HOUSING
2715.82,-20,2755,2735,07-Aug-2026 16:00:25,2695,N,-0.73,2900457738.52,EQ,ASIANPAINT,1067986,NIFTY HOUSING
77.09,-0.58,77.69,76.92,07-Aug-2026 16:00:25,76.81,N,-0.75,544677853.2,EQ,NHPC,7065480,NIFTY HOUSING
390.19,-3.25,394.85,390.75,07-Aug-2026 16:00:25,387.75,N,-0.82,2854330374.08,EQ,KOTAKBANK,7315232,NIFTY HOUSING
5382.97,-46,5428.5,5375,07-Aug-2026 16:00:25,5361,N,-0.85,124604989.56,EQ,JKCEMENT,23148,NIFTY HOUSING
26156.91,-235,26355,26010,07-Aug-2026 16:00:25,26010,N,-0.90,280977527.22,EQ,SHREECEM,10742,NIFTY HOUSING
1899.47,-17.5,1917.8,1895.5,07-Aug-2026 16:00:25,1893.9,N,-0.91,553929139.81,EQ,PHOENIXLTD,291623,NIFTY HOUSING
188.16,-1.75,189.69,187.55,07-Aug-2026 16:00:25,186.75,N,-0.92,1867303791.36,EQ,TATASTEEL,9924021,NIFTY HOUSING
9241.31,-97,9315,9218,07-Aug-2026 16:00:25,9182,N,-1.04,1829742414.76,EQ,POLYCAB,197996,NIFTY HOUSING
1244.14,-18,1256,1238,07-Aug-2026 16:00:25,1238,N,-1.43,4514763847.22,EQ,AXISBANK,3628823,NIFTY HOUSING
1433.16,-36.5,1455,1421,07-Aug-2026 16:00:25,1418.2,N,-2.50,20631468963.24,EQ,ICICIBANK,14395789,NIFTY HOUSING
1525.4,-57,1595,1514,07-Aug-2026 16:00:25,1497,N,-3.63,3649168658,EQ,BLUESTARCO,2392270,NIFTY HOUSING
252.54,-20.05,270,249.95,07-Aug-2026 16:00:25,248.3,N,-7.43,5711656015.98,EQ,CROMPTON,22616837,NIFTY HOUSING
1443.2,91.8,1470.9,1429,07-Aug-2026 16:00:25,1354.1,N,6.87,1843177107.2,EQ,TRAVELFOOD,1277146,NIFTY IPO
563.68,33.75,580,574.9,07-Aug-2026 16:00:25,535.55,N,6.24,149835162.88,EQ,SAIPARENT,265816,NIFTY IPO
137.99,6.66,143.16,136.81,07-Aug-2026 16:00:25,129.26,N,5.12,477724553.77,EQ,GKENERGY,3462023,NIFTY IPO
134.38,6.48,136.21,136.21,07-Aug-2026 16:00:25,129.5,N,4.99,58071779.48,BE,XTRANET,432146,NIFTY IPO
403.97,17.55,410.85,405.9,07-Aug-2026 16:00:25,382.25,N,4.52,209283122.02,EQ,STYL,518066,NIFTY IPO
130.95,5.51,133.5,131,07-Aug-2026 16:00:25,125.08,N,4.39,1660199944.95,EQ,PWL,12678121,NIFTY IPO
300.02,11.75,306.95,300,07-Aug-2026 16:00:25,287,N,4.08,115712313.64,EQ,MBEL,385682,NIFTY IPO
45.88,1.65,46.7,46.4,07-Aug-2026 16:00:25,44.9,N,3.69,1997936.36,BE,VMSTMT,43547,NIFTY IPO
247.41,8.45,252,247.5,07-Aug-2026 16:00:25,239.76,N,3.53,1389539421.63,EQ,AEQUS,5616343,NIFTY IPO
507.7,15.7,518.95,515,07-Aug-2026 16:00:25,492.6,N,3.14,128632395.1,EQ,PNGSREVA,253363,NIFTY IPO
69.43,1.99,70.25,69.5,07-Aug-2026 16:00:25,67,N,2.95,6664863.42,BE,GLOTTIS,95994,NIFTY IPO
14.26,0.4,14.7,14.61,07-Aug-2026 16:00:25,13.97,N,2.81,45681667.58,EQ,AHCL,3203483,NIFTY IPO
476.55,12.7,483.9,477,07-Aug-2026 16:00:25,465,N,2.74,251485442.55,EQ,TRUALT,527721,NIFTY IPO
189.17,5.03,191.96,191.2,07-Aug-2026 16:00:25,185.1,N,2.70,2241417822.32,EQ,MEESHO,11848696,NIFTY IPO
600.97,15.1,614.75,595.05,07-Aug-2026 16:00:25,577,N,2.60,1651785877.01,EQ,CMLL,2748533,NIFTY IPO
226.89,5.2,233,223.85,07-Aug-2026 16:00:25,217.21,N,2.38,378745208.1,EQ,SHANTIGOLD,1669290,NIFTY IPO
313.65,6.65,321,316,07-Aug-2026 16:00:25,306.3,N,2.15,70383373.65,EQ,EUROPRATIK,224401,NIFTY IPO
250.38,4.82,255,249,07-Aug-2026 16:00:25,241.6,N,1.97,661892800.14,EQ,CMPDI,2643553,NIFTY IPO
837.66,15.35,844.9,841,07-Aug-2026 16:00:25,823.55,N,1.86,395869739.4,EQ,ANTHEM,472590,NIFTY IPO
187.08,3.38,189.79,188.5,07-Aug-2026 16:00:25,184,N,1.83,56547549.12,EQ,CRIZAC,302264,NIFTY IPO
135.8,2.39,138,135.65,07-Aug-2026 16:00:25,133,N,1.79,32820415.6,BE,LAXMIINDIA,241682,NIFTY IPO
1558.47,26.8,1574,1558.7,07-Aug-2026 16:00:25,1530.1,N,1.75,152918634.87,EQ,RUBICON,98121,NIFTY IPO
562.45,9.65,571,569,07-Aug-2026 16:00:25,557,N,1.73,109085490.15,EQ,ORKLAINDIA,193947,NIFTY IPO
186.25,3.13,190,186,07-Aug-2026 16:00:25,182.21,N,1.71,18663181.25,EQ,GEMAROMA,100205,NIFTY IPO
294.36,4.5,297.7,296.5,07-Aug-2026 16:00:25,290.9,N,1.54,294199868.16,EQ,LASERPOWER,999456,NIFTY IPO
169.43,2.57,172.15,169.12,07-Aug-2026 16:00:25,164,N,1.54,105362248.09,EQ,AYE,621863,NIFTY IPO
3690.87,53.8,3722,3710,07-Aug-2026 16:00:25,3640,N,1.47,317662108.29,EQ,CPPLUS,86067,NIFTY IPO
134.58,1.88,136.4,134.5,07-Aug-2026 16:00:25,132.4,N,1.42,207719788.86,EQ,JSWCEMENT,1543467,NIFTY IPO
523.48,7.15,544.45,529.9,07-Aug-2026 16:00:25,510,N,1.37,97387172.24,EQ,POWERICA,186038,NIFTY IPO
570.87,6.95,575.65,571.95,07-Aug-2026 16:00:25,563.45,N,1.23,2254413583.08,EQ,LENSKART,3949084,NIFTY IPO
128.83,-2.23,131.73,127.55,07-Aug-2026 16:00:25,126.05,N,-1.72,72882480.58,EQ,ADVANCE,565726,NIFTY IPO
171.49,-3.07,173.56,169.5,07-Aug-2026 16:00:25,169.22,N,-1.78,7661144.26,EQ,OMPOWER,44674,NIFTY IPO
162.6,-3.39,166.61,161.55,07-Aug-2026 16:00:25,161.05,N,-2.06,36120614.4,EQ,GANESHCP,222144,NIFTY IPO
117.8,-2.49,119.18,116.1,07-Aug-2026 16:00:25,115.5,N,-2.10,163141926.8,EQ,SAMBHV,1384906,NIFTY IPO
73.91,-1.72,75.88,73,07-Aug-2026 16:00:25,73,N,-2.30,5190699.3,EQ,IGCL,70230,NIFTY IPO
310.78,-7.35,316.75,308,07-Aug-2026 16:00:25,307.35,N,-2.33,481862214.54,EQ,JAINREC,1550493,NIFTY IPO
228.02,-5.52,233.46,225.95,07-Aug-2026 16:00:25,224.31,N,-2.38,112941270.26,EQ,CMRGREEN,495313,NIFTY IPO
60.52,-1.62,62.09,60.12,07-Aug-2026 16:00:25,60,N,-2.62,7646944.08,EQ,BRIGHOTEL,126354,NIFTY IPO
183.05,-4.92,188.59,182,07-Aug-2026 16:00:25,179.43,N,-2.63,468725884.2,EQ,PACEDIGITK,2560644,NIFTY IPO
1330.94,-35.8,1355,1322,07-Aug-2026 16:00:25,1318.3,N,-2.64,183074789.82,EQ,CLEANMAX,137553,NIFTY IPO
59.91,-1.75,61,59,07-Aug-2026 16:00:25,59,N,-2.88,5574086.31,EQ,BMWVENTLTD,93041,NIFTY IPO
394.4,-12.15,412.6,388.5,07-Aug-2026 16:00:25,386,N,-3.03,106095572,EQ,UTLSOLAR,269005,NIFTY IPO
320.26,-11.15,326.7,317,07-Aug-2026 16:00:25,316.65,N,-3.40,505583252.9,EQ,EMMVEE,1578665,NIFTY IPO
372.53,-13.3,384.65,369.4,07-Aug-2026 16:00:25,367.2,N,-3.48,1382293799.21,EQ,TATACAP,3710557,NIFTY IPO
64.24,-2.75,66,63.5,07-Aug-2026 16:00:25,63.02,N,-4.15,20620333.36,EQ,ALPINETEX,320989,NIFTY IPO
164.4,-8.56,168.54,165.4,07-Aug-2026 16:00:25,155.38,N,-4.92,1717920816,EQ,VIKRAMSOLR,10449640,NIFTY IPO
186.42,-9.78,190,185.83,07-Aug-2026 16:00:25,185.83,N,-5.00,204808282.38,EQ,LOTUSDEV,1098639,NIFTY IPO
564.56,-29.6,576.95,551,07-Aug-2026 16:00:25,551,N,-5.10,119650023.6,EQ,CAPILLARY,211935,NIFTY IPO
574.59,-52.05,627,575,07-Aug-2026 16:00:25,553.3,N,-8.30,3297867349.26,EQ,OMNI,5739514,NIFTY IPO
75.85,-8.28,82.7,74.6,07-Aug-2026 16:00:25,74.6,N,-9.99,455344919.65,EQ,AASTHA,6003229,NIFTY IPO
942.1,35.15,967.7,955.15,07-Aug-2026 16:00:25,903.35,N,3.82,3346170564.1,EQ,FORTIS,3551821,NIFTY MS IND CONS
5708.64,174.5,5800,5725,07-Aug-2026 16:00:25,5541,N,3.14,10930190292,EQ,HEROMOTOCO,1914675,NIFTY MS IND CONS
483.8,13.5,488,486.5,07-Aug-2026 16:00:25,469.4,N,2.85,2006504863,EQ,JUBLFOOD,4147385,NIFTY MS IND CONS
1343.63,26.8,1355.4,1352,07-Aug-2026 16:00:25,1321,N,2.02,510063446.08,EQ,TORNTPOWER,379616,NIFTY MS IND CONS
2438.3,35.7,2456,2456,07-Aug-2026 16:00:25,2415.6,N,1.48,408812692.9,EQ,MANKIND,167663,NIFTY MS IND CONS
617.23,8.3,630,606.3,07-Aug-2026 16:00:25,601.15,N,1.39,20526168201.77,EQ,KALYANKJIL,33255299,NIFTY MS IND CONS
12.72,0.1,12.88,12.73,07-Aug-2026 16:00:25,12.6,N,0.79,2618482774.08,EQ,IDEA,205855564,NIFTY MS IND CONS
1284.69,10,1303.7,1285,07-Aug-2026 16:00:25,1271.9,N,0.78,1043132308.68,EQ,VOLTAS,811972,NIFTY MS IND CONS
354.14,2.5,357.5,357.5,07-Aug-2026 16:00:25,351.1,N,0.70,990435378.76,EQ,PATANJALI,2796734,NIFTY MS IND CONS
4459.7,29,4499,4499,07-Aug-2026 16:00:25,4431.7,N,0.65,1334426974.3,EQ,RADICO,299219,NIFTY MS IND CONS
5604.76,32.5,5647.5,5620,07-Aug-2026 16:00:25,5506,N,0.58,426886545.4,EQ,ALKEM,76165,NIFTY MS IND CONS
1578.15,6.8,1599.8,1584.8,07-Aug-2026 16:00:25,1565.8,N,0.43,749889535.5,EQ,PRESTIGE,475170,NIFTY MS IND CONS
857.94,2,863.95,862,07-Aug-2026 16:00:25,852.4,N,0.23,988300551.24,EQ,MARICO,1151946,NIFTY MS IND CONS
1286.54,2.5,1293.6,1288,07-Aug-2026 16:00:25,1276.2,N,0.19,1938742447.22,EQ,HAVELLS,1506943,NIFTY MS IND CONS
170.49,0.22,172.21,171.3,07-Aug-2026 16:00:25,168.9,N,0.13,501951884.28,EQ,ITCHOTELS,2944172,NIFTY MS IND CONS
2023.35,1.6,2037.5,2030,07-Aug-2026 16:00:25,2009.2,N,0.08,451170629.7,EQ,COLPAL,222982,NIFTY MS IND CONS
331.59,0.05,335.85,332,07-Aug-2026 16:00:25,328.65,N,0.02,1524765550.14,EQ,NYKAA,4598346,NIFTY MS IND CONS
14164.53,0,14294,14200,07-Aug-2026 16:00:25,14050,N,0.00,2729689069.89,EQ,DIXON,192713,NIFTY MS IND CONS
519.29,-0.45,521.8,520,07-Aug-2026 16:00:25,514.2,N,-0.09,516320699.78,EQ,IRCTC,994282,NIFTY MS IND CONS
1780.75,-2,1792.2,1775,07-Aug-2026 16:00:25,1770.5,N,-0.11,304990833.25,EQ,OBEROIRLTY,171271,NIFTY MS IND CONS
27762.95,-45,27975,27810,07-Aug-2026 16:00:25,27600,N,-0.16,211803545.55,EQ,ABBOTINDIA,7629,NIFTY MS IND CONS
410.58,-1.3,413.45,410,07-Aug-2026 16:00:25,408.5,N,-0.32,718327775.52,EQ,DABUR,1749544,NIFTY MS IND CONS
40022.27,-150,40240,39900,07-Aug-2026 16:00:25,39735,N,-0.37,431039847.9,EQ,PAGEIND,10770,NIFTY MS IND CONS
2081.77,-11.9,2108.6,2070,07-Aug-2026 16:00:25,2062.3,N,-0.57,1011937988.15,EQ,GODREJPROP,486095,NIFTY MS IND CONS
108.57,-0.8,110.08,108.72,07-Aug-2026 16:00:25,107.93,N,-0.73,806840994.96,EQ,VMM,7431528,NIFTY MS IND CONS
1899.47,-17.5,1917.8,1895.5,07-Aug-2026 16:00:25,1893.9,N,-0.91,553929139.81,EQ,PHOENIXLTD,291623,NIFTY MS IND CONS
1230.95,-14.7,1244,1225.3,07-Aug-2026 16:00:25,1222.6,N,-1.19,920675512.05,EQ,NAUKRI,747939,NIFTY MS IND CONS
282,-7.9,288.95,280.75,07-Aug-2026 16:00:25,278.25,N,-2.74,7417501272,EQ,SWIGGY,26303196,NIFTY MS IND CONS
1525.4,-57,1595,1514,07-Aug-2026 16:00:25,1497,N,-3.63,3649168658,EQ,BLUESTARCO,2392270,NIFTY MS IND CONS
252.54,-20.05,270,249.95,07-Aug-2026 16:00:25,248.3,N,-7.43,5711656015.98,EQ,CROMPTON,22616837,NIFTY MS IND CONS
483.8,13.5,488,486.5,07-Aug-2026 16:00:25,469.4,N,2.85,2006504863,EQ,JUBLFOOD,4147385,NIFTY NONCYC CONS
5589.16,106,5660,5510,07-Aug-2026 16:00:25,5500,N,1.96,7505397916.84,EQ,BRITANNIA,1342849,NIFTY NONCYC CONS
1746.09,24.5,1764,1760,07-Aug-2026 16:00:25,1730,N,1.41,273435947.91,EQ,TATACOMM,156599,NIFTY NONCYC CONS
2094.15,16.5,2099.4,2096,07-Aug-2026 16:00:25,2077.2,N,0.79,2208626709.75,EQ,HINDUNILVR,1054665,NIFTY NONCYC CONS
1284.69,10,1303.7,1285,07-Aug-2026 16:00:25,1271.9,N,0.78,1043132308.68,EQ,VOLTAS,811972,NIFTY NONCYC CONS
1952.38,11.9,1961,1959.9,07-Aug-2026 16:00:25,1938.3,N,0.61,5895945504.88,EQ,BHARTIARTL,3019876,NIFTY NONCYC CONS
1543.3,5,1553,1540,07-Aug-2026 16:00:25,1520,N,0.33,2346836121.3,EQ,NESTLEIND,1520661,NIFTY NONCYC CONS
5334.54,14.5,5367.5,5333,07-Aug-2026 16:00:25,5281,N,0.27,2306030954.82,EQ,INDIGO,432283,NIFTY NONCYC CONS
857.94,2,863.95,862,07-Aug-2026 16:00:25,852.4,N,0.23,988300551.24,EQ,MARICO,1151946,NIFTY NONCYC CONS
1286.54,2.5,1293.6,1288,07-Aug-2026 16:00:25,1276.2,N,0.19,1938742447.22,EQ,HAVELLS,1506943,NIFTY NONCYC CONS
2023.35,1.6,2037.5,2030,07-Aug-2026 16:00:25,2009.2,N,0.08,451170629.7,EQ,COLPAL,222982,NIFTY NONCYC CONS
285.09,0.2,286.1,286.1,07-Aug-2026 16:00:25,284.4,N,0.07,1747271280.69,EQ,ITC,6128841,NIFTY NONCYC CONS
331.59,0.05,335.85,332,07-Aug-2026 16:00:25,328.65,N,0.02,1524765550.14,EQ,NYKAA,4598346,NIFTY NONCYC CONS
14164.53,0,14294,14200,07-Aug-2026 16:00:25,14050,N,0.00,2729689069.89,EQ,DIXON,192713,NIFTY NONCYC CONS
519.29,-0.45,521.8,520,07-Aug-2026 16:00:25,514.2,N,-0.09,516320699.78,EQ,IRCTC,994282,NIFTY NONCYC CONS
410.58,-1.3,413.45,410,07-Aug-2026 16:00:25,408.5,N,-0.32,718327775.52,EQ,DABUR,1749544,NIFTY NONCYC CONS
40022.27,-150,40240,39900,07-Aug-2026 16:00:25,39735,N,-0.37,431039847.9,EQ,PAGEIND,10770,NIFTY NONCYC CONS
314.73,-1.25,316.9,315,07-Aug-2026 16:00:25,313.15,N,-0.40,4017154550.76,EQ,ETERNAL,12763812,NIFTY NONCYC CONS
442.16,-2,447.35,442,07-Aug-2026 16:00:25,439.55,N,-0.45,1093145977.76,EQ,VBL,2472286,NIFTY NONCYC CONS
732.79,-5,738.75,731,07-Aug-2026 16:00:25,728.75,N,-0.68,1176917897.62,EQ,INDHOTEL,1606078,NIFTY NONCYC CONS
1082.89,-7.7,1092,1082.3,07-Aug-2026 16:00:25,1078,N,-0.71,951874387.57,EQ,TATACONSUM,879013,NIFTY NONCYC CONS
2715.82,-20,2755,2735,07-Aug-2026 16:00:25,2695,N,-0.73,2900457738.52,EQ,ASIANPAINT,1067986,NIFTY NONCYC CONS
108.57,-0.8,110.08,108.72,07-Aug-2026 16:00:25,107.93,N,-0.73,806840994.96,EQ,VMM,7431528,NIFTY NONCYC CONS
3906.85,-31.2,3948.4,3900,07-Aug-2026 16:00:25,3885.5,N,-0.79,1462103450.85,EQ,DMART,374241,NIFTY NONCYC CONS
1519.63,-12.6,1529.8,1512.4,07-Aug-2026 16:00:25,1512.4,N,-0.83,493571265.11,EQ,UNITDSPR,324797,NIFTY NONCYC CONS
4960.37,-57,5003,4941,07-Aug-2026 16:00:25,4891.3,N,-1.14,5788047417.46,EQ,TITAN,1166858,NIFTY NONCYC CONS
1230.95,-14.7,1244,1225.3,07-Aug-2026 16:00:25,1222.6,N,-1.19,920675512.05,EQ,NAUKRI,747939,NIFTY NONCYC CONS
1054.56,-27.3,1087.2,1050,07-Aug-2026 16:00:25,1032.3,N,-2.53,2804796359.04,EQ,GODREJCP,2659684,NIFTY NONCYC CONS
282,-7.9,288.95,280.75,07-Aug-2026 16:00:25,278.25,N,-2.74,7417501272,EQ,SWIGGY,26303196,NIFTY NONCYC CONS
3019.87,-110.1,3106.5,2997,07-Aug-2026 16:00:25,2985.6,N,-3.54,7456581467.51,EQ,TRENT,2469173,NIFTY NONCYC CONS
402.05,19.3,409.7,408.1,07-Aug-2026 16:00:25,386.85,N,4.96,1959945504,EQ,M&MFIN,4874880,NIFTY RURAL
3278.1,113,3349.6,3323,07-Aug-2026 16:00:25,3183,N,3.52,3511549891.5,EQ,GRASIM,1071215,NIFTY RURAL
5708.64,174.5,5800,5725,07-Aug-2026 16:00:25,5541,N,3.14,10930190292,EQ,HEROMOTOCO,1914675,NIFTY RURAL
3475.5,96,3504.9,3502,07-Aug-2026 16:00:25,3402.1,N,2.82,11466498193.5,EQ,M&M,3299237,NIFTY RURAL
1343.63,26.8,1355.4,1352,07-Aug-2026 16:00:25,1321,N,2.02,510063446.08,EQ,TORNTPOWER,379616,NIFTY RURAL
5589.16,106,5660,5510,07-Aug-2026 16:00:25,5500,N,1.96,7505397916.84,EQ,BRITANNIA,1342849,NIFTY RURAL
393.5,6.45,396.85,394,07-Aug-2026 16:00:25,391.1,N,1.66,14319534256,EQ,LICI,36390176,NIFTY RURAL
143.57,2.34,145.14,145,07-Aug-2026 16:00:25,142,N,1.64,1230312347.25,EQ,BANKINDIA,8569425,NIFTY RURAL
4434.04,65.9,4458,4440.9,07-Aug-2026 16:00:25,4378,N,1.51,3725294178.32,EQ,TVSMOTOR,840158,NIFTY RURAL
1746.09,24.5,1764,1760,07-Aug-2026 16:00:25,1730,N,1.41,273435947.91,EQ,TATACOMM,156599,NIFTY RURAL
889.52,11.6,899,889.5,07-Aug-2026 16:00:25,878.1,N,1.32,3579593041.2,EQ,INDIANB,4024185,NIFTY RURAL
1103.7,12.2,1124.5,1097.2,07-Aug-2026 16:00:25,1075.7,N,1.12,32460503501.4,EQ,SBIN,29410622,NIFTY RURAL
12.72,0.1,12.88,12.73,07-Aug-2026 16:00:25,12.6,N,0.79,2618482774.08,EQ,IDEA,205855564,NIFTY RURAL
2094.15,16.5,2099.4,2096,07-Aug-2026 16:00:25,2077.2,N,0.79,2208626709.75,EQ,HINDUNILVR,1054665,NIFTY RURAL
175.83,1.36,177.2,176.02,07-Aug-2026 16:00:25,173.52,N,0.78,1886589787.92,EQ,BANDHANBNK,10729624,NIFTY RURAL
1284.69,10,1303.7,1285,07-Aug-2026 16:00:25,1271.9,N,0.78,1043132308.68,EQ,VOLTAS,811972,NIFTY RURAL
13968.44,97,14038,14037,07-Aug-2026 16:00:25,13811,N,0.70,4527227277.76,EQ,MARUTI,324104,NIFTY RURAL
354.14,2.5,357.5,357.5,07-Aug-2026 16:00:25,351.1,N,0.70,990435378.76,EQ,PATANJALI,2796734,NIFTY RURAL
8011.22,52.5,8067.5,8020,07-Aug-2026 16:00:25,7920,N,0.66,2719136247.52,EQ,EICHERMOT,339416,NIFTY RURAL
1952.38,11.9,1961,1959.9,07-Aug-2026 16:00:25,1938.3,N,0.61,5895945504.88,EQ,BHARTIARTL,3019876,NIFTY RURAL
380.5,1.95,382.7,380.55,07-Aug-2026 16:00:25,377.3,N,0.52,994782624.5,EQ,TATAPOWER,2614409,NIFTY RURAL
564.16,2.9,567.5,564.4,07-Aug-2026 16:00:25,560,N,0.52,875920457.6,EQ,JSWENERGY,1552610,NIFTY RURAL
346.21,1.65,349.8,347,07-Aug-2026 16:00:25,343.65,N,0.48,1479713657.35,EQ,TMPV,4274035,NIFTY RURAL
114.46,0.51,115.37,114.81,07-Aug-2026 16:00:25,113.6,N,0.45,1282242385.02,EQ,PNB,11202537,NIFTY RURAL
5425.18,24,5474.5,5426,07-Aug-2026 16:00:25,5348.5,N,0.44,1425579973.78,EQ,CUMMINSIND,262771,NIFTY RURAL
210.24,0.88,212.1,209,07-Aug-2026 16:00:25,208.13,N,0.42,3021594298.56,EQ,ADANIPOWER,14372119,NIFTY RURAL
11674.55,42,11730,11662,07-Aug-2026 16:00:25,11574,N,0.36,2439607364.4,EQ,BAJAJ-AUTO,208968,NIFTY RURAL
1543.3,5,1553,1540,07-Aug-2026 16:00:25,1520,N,0.33,2346836121.3,EQ,NESTLEIND,1520661,NIFTY RURAL
1819.92,4.9,1832.1,1827.4,07-Aug-2026 16:00:25,1794,N,0.27,187484518.56,EQ,DALBHARAT,103018,NIFTY RURAL
12025.68,30,12105,12105,07-Aug-2026 16:00:25,11970,N,0.25,2060624319.36,EQ,ULTRACEMCO,171352,NIFTY RURAL
344.46,-2.5,347,342.5,07-Aug-2026 16:00:25,342.5,N,-0.72,2415370054.08,EQ,NTPC,7012048,NIFTY RURAL
2715.82,-20,2755,2735,07-Aug-2026 16:00:25,2695,N,-0.73,2900457738.52,EQ,ASIANPAINT,1067986,NIFTY RURAL
77.09,-0.58,77.69,76.92,07-Aug-2026 16:00:25,76.81,N,-0.75,544677853.2,EQ,NHPC,7065480,NIFTY RURAL
5382.97,-46,5428.5,5375,07-Aug-2026 16:00:25,5361,N,-0.85,124604989.56,EQ,JKCEMENT,23148,NIFTY RURAL
1366.64,-11.9,1373.9,1366.5,07-Aug-2026 16:00:25,1360,N,-0.86,219131157.52,EQ,ACC,160343,NIFTY RURAL
26156.91,-235,26355,26010,07-Aug-2026 16:00:25,26010,N,-0.90,280977527.22,EQ,SHREECEM,10742,NIFTY RURAL
4614.64,-42.4,4663,4605,07-Aug-2026 16:00:25,4585,N,-0.91,103589438.72,EQ,SUNDARMFIN,22448,NIFTY RURAL
3438.76,-35,3477,3442,07-Aug-2026 16:00:25,3415.3,N,-1.01,609637127.84,EQ,SUPREMEIND,177284,NIFTY RURAL
504.02,-5.95,509.6,501.05,07-Aug-2026 16:00:25,501.05,N,-1.17,491058117.66,EQ,ICICIPRULI,974283,NIFTY RURAL
533.08,-7.5,544.85,530.1,07-Aug-2026 16:00:25,529.05,N,-1.40,152783926.48,EQ,BERGEPAINT,286606,NIFTY RURAL
1511.17,-21.4,1524,1497.4,07-Aug-2026 16:00:25,1497.4,N,-1.41,543128098.53,EQ,MFSL,359409,NIFTY RURAL
453.51,-6.75,459.3,452.9,07-Aug-2026 16:00:25,449.2,N,-1.47,3116036824.83,EQ,TMCV,6870933,NIFTY RURAL
477.73,-10.8,493,480.05,07-Aug-2026 16:00:25,469,N,-2.20,905573522.48,EQ,POONAWALLA,1895576,NIFTY RURAL
1117.61,-26,1134,1115,07-Aug-2026 16:00:25,1109,N,-2.28,3620708823.29,EQ,SHRIRAMFIN,3239689,NIFTY RURAL
1054.56,-27.3,1087.2,1050,07-Aug-2026 16:00:25,1032.3,N,-2.53,2804796359.04,EQ,GODREJCP,2659684,NIFTY RURAL
308.98,-8.65,316.9,308,07-Aug-2026 16:00:25,305.6,N,-2.73,1487493678.86,EQ,LTF,4814207,NIFTY RURAL
1525.4,-57,1595,1514,07-Aug-2026 16:00:25,1497,N,-3.63,3649168658,EQ,BLUESTARCO,2392270,NIFTY RURAL
1886.01,-73.8,1922,1866.2,07-Aug-2026 16:00:25,1862.8,N,-3.80,3051300138.6,EQ,CHOLAFIN,1617860,NIFTY RURAL
1090.24,-66.8,1113,1078,07-Aug-2026 16:00:25,1074.5,N,-5.84,17023008450.24,EQ,BAJFINANCE,15614001,NIFTY RURAL
252.54,-20.05,270,249.95,07-Aug-2026 16:00:25,248.3,N,-7.43,5711656015.98,EQ,CROMPTON,22616837,NIFTY RURAL
166.72,13.5,169.8,168.5,07-Aug-2026 16:00:25,155.17,N,8.71,19269956913.6,EQ,MOTHERSON,115582755,NIFTY TRANS LOGIS
807.49,26.05,821,818.05,07-Aug-2026 16:00:25,787,N,3.29,3030682772.86,EQ,SONACOMS,3753214,NIFTY TRANS LOGIS
5708.64,174.5,5800,5725,07-Aug-2026 16:00:25,5541,N,3.14,10930190292,EQ,HEROMOTOCO,1914675,NIFTY TRANS LOGIS
486.48,14.8,493,489.05,07-Aug-2026 16:00:25,470.65,N,3.12,3820638300.72,EQ,EXIDEIND,7853639,NIFTY TRANS LOGIS
3475.5,96,3504.9,3502,07-Aug-2026 16:00:25,3402.1,N,2.82,11466498193.5,EQ,M&M,3299237,NIFTY TRANS LOGIS
2243.67,55.2,2270,2265.2,07-Aug-2026 16:00:25,2190.4,N,2.50,2584842460.2,EQ,BHARATFORG,1152060,NIFTY TRANS LOGIS
42437.17,950,42950,42950,07-Aug-2026 16:00:25,42000,N,2.26,1197407188.72,EQ,BOSCHLTD,28216,NIFTY TRANS LOGIS
472.14,9.7,480,473.3,07-Aug-2026 16:00:25,464.05,N,2.09,3024251221.68,EQ,DELHIVERY,6405412,NIFTY TRANS LOGIS
4434.04,65.9,4458,4440.9,07-Aug-2026 16:00:25,4378,N,1.51,3725294178.32,EQ,TVSMOTOR,840158,NIFTY TRANS LOGIS
2759.2,19.7,2783,2772,07-Aug-2026 16:00:25,2742.2,N,0.72,392907320.8,EQ,TIINDIA,142399,NIFTY TRANS LOGIS
13968.44,97,14038,14037,07-Aug-2026 16:00:25,13811,N,0.70,4527227277.76,EQ,MARUTI,324104,NIFTY TRANS LOGIS
8011.22,52.5,8067.5,8020,07-Aug-2026 16:00:25,7920,N,0.66,2719136247.52,EQ,EICHERMOT,339416,NIFTY TRANS LOGIS
106.85,0.61,107.42,107.2,07-Aug-2026 16:00:25,105.7,N,0.57,760160497.45,EQ,GMRAIRPORT,7114277,NIFTY TRANS LOGIS
1282.31,7,1292.1,1285,07-Aug-2026 16:00:25,1265.1,N,0.55,715221225.6,EQ,UNOMINDA,557760,NIFTY TRANS LOGIS
2469.35,13.3,2498.8,2479,07-Aug-2026 16:00:25,2430,N,0.54,288304020.55,EQ,BALKRISIND,116753,NIFTY TRANS LOGIS
346.21,1.65,349.8,347,07-Aug-2026 16:00:25,343.65,N,0.48,1479713657.35,EQ,TMPV,4274035,NIFTY TRANS LOGIS
11674.55,42,11730,11662,07-Aug-2026 16:00:25,11574,N,0.36,2439607364.4,EQ,BAJAJ-AUTO,208968,NIFTY TRANS LOGIS
5334.54,14.5,5367.5,5333,07-Aug-2026 16:00:25,5281,N,0.27,2306030954.82,EQ,INDIGO,432283,NIFTY TRANS LOGIS
4056.72,10.3,4088,4046.6,07-Aug-2026 16:00:25,4020.6,N,0.26,122772574.08,EQ,SCHAEFFLER,30264,NIFTY TRANS LOGIS
134090.61,145,134500,134075,07-Aug-2026 16:00:25,133500,N,0.11,280249374.9,EQ,MRF,2090,NIFTY TRANS LOGIS
176.72,0,177.99,177.5,07-Aug-2026 16:00:25,175.5,N,0.00,1993762108.8,EQ,ASHOKLEY,11282040,NIFTY TRANS LOGIS
1687.39,-1.5,1702.3,1693.5,07-Aug-2026 16:00:25,1676.7,N,-0.09,4028456324.71,EQ,ADANIPORTS,2387389,NIFTY TRANS LOGIS
519.29,-0.45,521.8,520,07-Aug-2026 16:00:25,514.2,N,-0.09,516320699.78,EQ,IRCTC,994282,NIFTY TRANS LOGIS
314.73,-1.25,316.9,315,07-Aug-2026 16:00:25,313.15,N,-0.40,4017154550.76,EQ,ETERNAL,12763812,NIFTY TRANS LOGIS
2205.81,-11.5,2215.2,2200.5,07-Aug-2026 16:00:25,2196,N,-0.52,615674658.15,EQ,HYUNDAI,279115,NIFTY TRANS LOGIS
2523.62,-15.1,2558,2514.9,07-Aug-2026 16:00:25,2496.9,N,-0.60,2722120378.34,EQ,MAZDOCK,1078657,NIFTY TRANS LOGIS
441.66,-4.85,450,444.85,07-Aug-2026 16:00:25,432.15,N,-1.08,868774811.22,EQ,APOLLOTYRE,1967067,NIFTY TRANS LOGIS
508.91,-6.8,513.9,505.2,07-Aug-2026 16:00:25,505.2,N,-1.33,453948737.82,EQ,CONCOR,892002,NIFTY TRANS LOGIS
453.51,-6.75,459.3,452.9,07-Aug-2026 16:00:25,449.2,N,-1.47,3116036824.83,EQ,TMCV,6870933,NIFTY TRANS LOGIS
282,-7.9,288.95,280.75,07-Aug-2026 16:00:25,278.25,N,-2.74,7417501272,EQ,SWIGGY,26303196,NIFTY TRANS LOGIS
117.45,78.6,190.5,190.5,07-Aug-2026 15:59:59,190.5,N,70.24,5214780,ST,INNOMET,44400,NIFTY SME EMERGE
306.27,148.05,466.1,466.1,07-Aug-2026 15:59:59,458.75,N,46.55,8453052,ST,APSISAERO,27600,NIFTY SME EMERGE
131.22,23.95,143.7,143.7,07-Aug-2026 15:59:59,110,N,20.00,70990020,SM,EEPL,541000,NIFTY SME EMERGE
127.02,19.8,135.8,135.8,07-Aug-2026 15:59:59,119.65,N,17.07,6096960,SM,MARC,48000,NIFTY SME EMERGE
17.95,2.15,19.25,19.25,07-Aug-2026 15:59:59,19.25,N,12.57,129240,ST,SWASTIK,7200,NIFTY SME EMERGE
175.8,20.4,197.75,197.75,07-Aug-2026 15:59:59,197.7,N,11.50,4922400,ST,AVATAR,28000,NIFTY SME EMERGE
203.38,20.45,214.2,214.2,07-Aug-2026 15:59:59,206,N,10.55,2765968,ST,FROG,13600,NIFTY SME EMERGE
229.96,21,239.9,225,07-Aug-2026 15:59:59,225,N,10.29,413928,SM,PROPEQUITY,1800,NIFTY SME EMERGE
124.27,11.45,126.25,126.25,07-Aug-2026 15:59:59,117,N,9.97,4965829.2,SM,ESFL,39960,NIFTY SME EMERGE
24.14,2.2,24.35,24.35,07-Aug-2026 15:59:59,23.5,N,9.93,7893780,SM,DHARIWAL,327000,NIFTY SME EMERGE
0,17,218.95,218.95,07-Aug-2026 15:59:59,218.95,N,8.42,0,ST,UCL,2000,NIFTY SME EMERGE
1035.08,80.95,1070,1050.95,07-Aug-2026 15:59:59,1002,N,8.35,1707882,SM,ETL,1650,NIFTY SME EMERGE
31.92,2.5,33.5,33.5,07-Aug-2026 15:59:59,31,N,8.06,335160,SM,MARCO,10500,NIFTY SME EMERGE
135.95,9.5,139,137,07-Aug-2026 15:59:59,130,N,7.45,5601140,SM,ESCONET,41200,NIFTY SME EMERGE
56.47,3.75,57.5,57,07-Aug-2026 15:59:59,53.25,N,7.04,4969360,SM,DURLAX,88000,NIFTY SME EMERGE
184.82,12.3,192.95,189.95,07-Aug-2026 15:59:59,177.3,N,6.92,11976336,SM,ADISOFT,64800,NIFTY SME EMERGE
168.99,11,171,171,07-Aug-2026 15:59:59,165,N,6.88,591465,SM,SKP,3500,NIFTY SME EMERGE
188.48,11,204,181.5,07-Aug-2026 15:59:59,181.5,N,6.45,1225120,SM,IDEALTECHO,6500,NIFTY SME EMERGE
220.56,12.45,224.85,219.95,07-Aug-2026 15:59:59,209,N,6.00,11028000,SM,RAJPUTANA,50000,NIFTY SME EMERGE
164.25,9,165.9,164,07-Aug-2026 15:59:59,162.6,N,5.81,591300,SM,VDEAL,3600,NIFTY SME EMERGE
32.79,1.75,33.9,32.6,07-Aug-2026 15:59:59,31.5,N,5.67,639405,SM,ARVINDPORT,19500,NIFTY SME EMERGE
533.58,28.55,547,543,07-Aug-2026 15:59:59,515,N,5.55,71766510,SM,ACCENTMIC,134500,NIFTY SME EMERGE
139.26,7.15,147.5,140.6,07-Aug-2026 15:59:59,132.7,N,5.36,89822700,SM,CHAVDA,645000,NIFTY SME EMERGE
38.98,2,39.95,39.75,07-Aug-2026 15:59:59,38,N,5.30,2307616,SM,USHAFIN,59200,NIFTY SME EMERGE
300.85,14.8,310.85,310.85,07-Aug-2026 15:59:59,281.3,N,5.00,1985610,SM,HPTL,6600,NIFTY SME EMERGE
181.22,8.7,182.75,182.75,07-Aug-2026 15:59:59,174.25,N,5.00,37548784,SM,TECHERA,207200,NIFTY SME EMERGE
1448,68.95,1448,1448,07-Aug-2026 15:59:59,1448,N,5.00,21546240,ST,VIVIDEL,14880,NIFTY SME EMERGE
75.75,3.6,75.8,75.8,07-Aug-2026 15:59:59,75.6,N,4.99,1908900,ST,NEPHROCARE,25200,NIFTY SME EMERGE
98.1,4.65,98.1,98.1,07-Aug-2026 15:59:59,98.1,N,4.98,392400,SM,FONEBOX,4000,NIFTY SME EMERGE
209.06,10,210.75,210.75,07-Aug-2026 15:59:59,204,N,4.98,16181244,ST,PATILAUTOM,77400,NIFTY SME EMERGE
60.06,-3.15,61,59.95,07-Aug-2026 15:59:59,59.95,N,-4.99,1081080,ST,OMFURN,18000,NIFTY SME EMERGE
25.65,-1.35,25.65,25.65,07-Aug-2026 15:59:59,25.65,N,-5.00,51300,SM,MEDIORG,2000,NIFTY SME EMERGE
25.72,-1.35,26.5,25.65,07-Aug-2026 15:59:59,25.65,N,-5.00,887340,SM,HRHNEXT,34500,NIFTY SME EMERGE
35.15,-1.85,35.15,35.15,07-Aug-2026 15:59:59,35.15,N,-5.00,105450,SM,MHHL,3000,NIFTY SME EMERGE
18.88,-1.15,19,18.8,07-Aug-2026 15:59:59,18.8,N,-5.76,113280,SM,AATMAJ,6000,NIFTY SME EMERGE
175.35,-11.3,178.6,175.95,07-Aug-2026 15:59:59,173,N,-6.03,1227450,SM,ROCKINGDCE,7000,NIFTY SME EMERGE
157.69,-10,167,155,07-Aug-2026 15:59:59,154,N,-6.06,9792549,SM,PHANTOMFX,62100,NIFTY SME EMERGE
131.55,-8.95,131.55,131.55,07-Aug-2026 15:59:59,131.55,N,-6.37,157860,SM,ACETEC,1200,NIFTY SME EMERGE
29.4,-1.9,26.55,26.55,07-Aug-2026 15:59:59,26.55,N,-6.68,47040,ST,RADIOWALLA,1600,NIFTY SME EMERGE
35.63,-2.55,39.75,34,07-Aug-2026 15:59:59,33.6,N,-6.98,951321,SM,NIRMAN,26700,NIFTY SME EMERGE
242.04,-18.5,260.6,239.8,07-Aug-2026 15:59:59,235,N,-7.16,4163088,SM,ENCOMPAS,17200,NIFTY SME EMERGE
50.52,-4.25,52.05,50.7,07-Aug-2026 15:59:59,50,N,-7.73,505200,SM,PENTAGON,10000,NIFTY SME EMERGE
224.63,-18.9,235,216.1,07-Aug-2026 15:59:59,216.1,N,-8.04,1123150,SM,SEL,5000,NIFTY SME EMERGE
26.6,-2.6,27.25,26.4,07-Aug-2026 15:59:59,26.3,N,-8.97,997500,SM,DUGLOBAL,37500,NIFTY SME EMERGE
449.74,-44,485.55,434,07-Aug-2026 15:59:59,430,N,-9.21,16865250,SM,SUNLITE,37500,NIFTY SME EMERGE
36.07,-3.6,38.6,35,07-Aug-2026 15:59:59,32.5,N,-9.33,5915480,SM,DIGIKORE,164000,NIFTY SME EMERGE
0.45,-0.05,0.45,0.45,07-Aug-2026 15:59:59,0.45,N,-10.00,108000,SM,ISHAN,240000,NIFTY SME EMERGE
16.22,-1.9,16.5,16.1,07-Aug-2026 15:59:59,16.1,N,-10.56,136248,SM,CELLPOINT,8400,NIFTY SME EMERGE
302.11,-40.55,275.2,275.1,07-Aug-2026 15:59:59,274.05,N,-12.85,6283888,ST,NAMOEWASTE,20800,NIFTY SME EMERGE
0,-107.6,0,0,07-Aug-2026 15:31:16,0,N,-100.00,0,SM,VISAMAN,0,NIFTY SME EMERGE
403.97,17.55,410.85,405.9,07-Aug-2026 16:00:25,382.25,N,4.52,209283122.02,EQ,STYL,518066,NIFTY INTERNET
130.95,5.51,133.5,131,07-Aug-2026 16:00:25,125.08,N,4.39,1660199944.95,EQ,PWL,12678121,NIFTY INTERNET
189.17,5.03,191.96,191.2,07-Aug-2026 16:00:25,185.1,N,2.70,2241417822.32,EQ,MEESHO,11848696,NIFTY INTERNET
187.08,3.38,189.79,188.5,07-Aug-2026 16:00:25,184,N,1.83,56547549.12,EQ,CRIZAC,302264,NIFTY INTERNET
31.61,0.33,31.9,31.8,07-Aug-2026 16:00:25,31.36,N,1.05,22961061.46,EQ,RTNINDIA,726386,NIFTY INTERNET
143.64,1.33,145.3,144,07-Aug-2026 16:00:25,141.75,N,0.93,395435748.96,EQ,URBANCO,2752964,NIFTY INTERNET
190.44,1.56,191.63,190.6,07-Aug-2026 16:00:25,189.41,N,0.83,2932889692.68,EQ,GROWW,15400597,NIFTY INTERNET
17.1,0.06,17.22,17.19,07-Aug-2026 16:00:25,16.97,N,0.35,135589918.5,EQ,CCAVENUE,7929235,NIFTY INTERNET
1600.08,5.5,1613.4,1604.5,07-Aug-2026 16:00:25,1583.1,N,0.34,1173537073.92,EQ,POLICYBZR,733424,NIFTY INTERNET
689.3,1.45,700,683,07-Aug-2026 16:00:25,678,N,0.21,163446126.7,EQ,JUSTDIAL,237119,NIFTY INTERNET
214.28,0.11,215.63,214,07-Aug-2026 16:00:25,212.31,N,0.05,94648547.4,EQ,FIRSTCRY,441705,NIFTY INTERNET
2789.6,0.6,2808,2789,07-Aug-2026 16:00:25,2738,N,0.02,611379894.4,EQ,CARTRADE,219164,NIFTY INTERNET
331.59,0.05,335.85,332,07-Aug-2026 16:00:25,328.65,N,0.02,1524765550.14,EQ,NYKAA,4598346,NIFTY INTERNET
1449.43,-0.4,1459.5,1441.6,07-Aug-2026 16:00:25,1425.3,N,-0.03,4429355170.47,EQ,PAYTM,3055929,NIFTY INTERNET
519.29,-0.45,521.8,520,07-Aug-2026 16:00:25,514.2,N,-0.09,516320699.78,EQ,IRCTC,994282,NIFTY INTERNET
314.73,-1.25,316.9,315,07-Aug-2026 16:00:25,313.15,N,-0.40,4017154550.76,EQ,ETERNAL,12763812,NIFTY INTERNET
334.35,-1.35,336.8,334.1,07-Aug-2026 16:00:25,333.3,N,-0.40,247823563.5,EQ,IIFLCAPS,741210,NIFTY INTERNET
350.62,-1.45,356.65,351.4,07-Aug-2026 16:00:25,344.5,N,-0.41,773397245.38,EQ,NAZARA,2205799,NIFTY INTERNET
865.7,-4,875.7,870,07-Aug-2026 16:00:25,858.05,N,-0.46,771472017.8,EQ,MOTILALOFS,891154,NIFTY INTERNET
1757.5,-9.5,1768.5,1754,07-Aug-2026 16:00:25,1748,N,-0.54,228156892.5,EQ,INDIAMART,129819,NIFTY INTERNET
1620.11,-10.1,1637,1613,07-Aug-2026 16:00:25,1595.4,N,-0.62,185196394.21,EQ,TBOTEK,114311,NIFTY INTERNET
155.68,-1.64,157.74,154.4,07-Aug-2026 16:00:25,154,N,-1.05,1993639014.08,EQ,PINELABS,12806006,NIFTY INTERNET
1230.95,-14.7,1244,1225.3,07-Aug-2026 16:00:25,1222.6,N,-1.19,920675512.05,EQ,NAUKRI,747939,NIFTY INTERNET
291.79,-5.1,298.75,292,07-Aug-2026 16:00:25,289.05,N,-1.72,1194733279.63,EQ,ANGELONE,4094497,NIFTY INTERNET
105.35,-2.14,106.94,104,07-Aug-2026 16:00:25,103.6,N,-2.02,66575195.05,EQ,THOMASCOOK,631943,NIFTY INTERNET
282,-7.9,288.95,280.75,07-Aug-2026 16:00:25,278.25,N,-2.74,7417501272,EQ,SWIGGY,26303196,NIFTY INTERNET
180.83,-26.17,199.73,176.5,07-Aug-2026 16:00:25,171.48,N,-12.91,1520790788.14,EQ,IXIGO,8410058,NIFTY INTERNET
8.02,0.8,8.39,8,07-Aug-2026 16:00:25,7.28,N,11.11,32893765.34,EQ,BTML,4101467,NIFTY WAVES
16.4,0.84,16.64,16.54,07-Aug-2026 16:00:25,15.3,N,5.35,368180,EQ,SILLYMONKS,22450,NIFTY WAVES
2.87,0.13,2.89,2.89,07-Aug-2026 16:00:25,2.76,N,4.71,2986077.15,BE,DISHTV,1040445,NIFTY WAVES
25.82,0.91,26.45,26.1,07-Aug-2026 16:00:25,25.1,N,3.61,1282298.66,EQ,DGCONTENT,49663,NIFTY WAVES
19.62,0.52,20,20,07-Aug-2026 16:00:25,18.5,N,2.67,112422.6,EQ,PNC,5730,NIFTY WAVES
94.1,1.48,95.6,94.05,07-Aug-2026 16:00:25,92.57,N,1.60,1993014569.1,EQ,ZEEL,21179751,NIFTY WAVES
6.25,0.06,6.49,6.33,07-Aug-2026 16:00:25,6.02,N,0.96,9000,EQ,CREATIVEYE,1440,NIFTY WAVES
10.06,0.09,10.37,10.04,07-Aug-2026 16:00:25,9.94,N,0.90,386937.78,EQ,RAJTV,38463,NIFTY WAVES
68.37,0.54,69.45,68.4,07-Aug-2026 16:00:25,67.35,N,0.80,2109487.98,EQ,UFO,30854,NIFTY WAVES
10.88,0.08,10.94,10.91,07-Aug-2026 16:00:25,10.78,N,0.74,10852745.6,EQ,HATHWAY,997495,NIFTY WAVES
1156.81,7.6,1168.9,1158,07-Aug-2026 16:00:25,1135,N,0.66,159074099.91,EQ,PVRINOX,137511,NIFTY WAVES
7.21,0.04,7.31,7.14,07-Aug-2026 16:00:25,7.09,N,0.56,19256713.14,EQ,ZEEMEDIA,2670834,NIFTY WAVES
3.95,0.02,3.99,3.97,07-Aug-2026 16:00:25,3.83,N,0.51,12327.95,EQ,NEXTMEDIA,3121,NIFTY WAVES
90.85,0.43,91.99,90.5,07-Aug-2026 16:00:25,90,N,0.48,728253.6,EQ,CINELINE,8016,NIFTY WAVES
6.92,0.03,7,6.9,07-Aug-2026 16:00:25,6.81,N,0.44,217398.72,EQ,RADIOCITY,31416,NIFTY WAVES
104.51,0.2,107.75,104.9,07-Aug-2026 16:00:25,102,N,0.19,4567714.06,EQ,RKSWAMY,43706,NIFTY WAVES
60.1,0.1,60.98,59.96,07-Aug-2026 16:00:25,59.5,N,0.17,698782.7,EQ,GTPL,11627,NIFTY WAVES
27.35,-0.06,27.55,27.3,07-Aug-2026 16:00:25,27.25,N,-0.22,5355649.65,EQ,DEN,195819,NIFTY WAVES
76.71,-0.27,77.46,77.11,07-Aug-2026 16:00:25,75.75,N,-0.35,6527714.16,EQ,NDTV,85096,NIFTY WAVES
2.77,-0.01,2.82,2.75,07-Aug-2026 16:00:25,2.75,N,-0.36,93224.35,EQ,DNAMEDIA,33655,NIFTY WAVES
350.62,-1.45,356.65,351.4,07-Aug-2026 16:00:25,344.5,N,-0.41,773397245.38,EQ,NAZARA,2205799,NIFTY WAVES
266.22,-1.1,270.2,267,07-Aug-2026 16:00:25,264.75,N,-0.41,18332707.86,EQ,SIGNPOST,68863,NIFTY WAVES
4.37,-0.02,4.45,4.33,07-Aug-2026 16:00:25,4.31,N,-0.46,333640.76,EQ,BAGFILMS,76348,NIFTY WAVES
487.76,-2.45,491.95,486.75,07-Aug-2026 16:00:25,485.1,N,-0.50,66832387.44,EQ,SUNTV,137019,NIFTY WAVES
85.27,-0.44,86.87,85.1,07-Aug-2026 16:00:25,84.21,N,-0.51,5257151.31,EQ,BALAJITELE,61653,NIFTY WAVES
6.58,-0.06,6.73,6.53,07-Aug-2026 16:00:25,6.4,N,-0.91,256462.08,EQ,SAMBHAAV,38976,NIFTY WAVES
294.24,-3.25,304.8,288.65,07-Aug-2026 16:00:25,283.65,N,-1.11,324154203.84,EQ,PFOCUS,1101666,NIFTY WAVES
114.82,-1.35,116.59,114.3,07-Aug-2026 16:00:25,114.09,N,-1.17,3788256.26,EQ,TVTODAY,32993,NIFTY WAVES
15.97,-0.19,17,16.01,07-Aug-2026 16:00:25,15.62,N,-1.17,164123.69,BE,CYBERMEDIA,10277,NIFTY WAVES
374.89,-4.45,381.95,372.4,07-Aug-2026 16:00:25,370,N,-1.18,2104632.46,EQ,TIPSFILMS,5614,NIFTY WAVES
29.59,-0.38,29.79,29.53,07-Aug-2026 16:00:25,29.45,N,-1.27,36707696.96,EQ,NETWORK18,1240544,NIFTY WAVES
648.32,-10.4,658.05,644,07-Aug-2026 16:00:25,644,N,-1.59,112395348.48,EQ,TIPSMUSIC,173364,NIFTY WAVES
526.91,-10.55,539.95,517.45,07-Aug-2026 16:00:25,513.15,N,-2.00,249302724.31,EQ,SAREGAMA,473141,NIFTY WAVES
116.78,-2.67,120,117,07-Aug-2026 16:00:25,114.21,N,-2.23,2714434.32,BE,SHEMAROO,23244,NIFTY WAVES
3.01,-0.09,3.14,2.95,07-Aug-2026 16:00:25,2.95,N,-2.96,41947.36,EQ,RADAAN,13936,NIFTY WAVES
56.8,-1.78,58.01,57,07-Aug-2026 16:00:25,56.03,N,-3.03,37260.8,BE,MUKTAARTS,656,NIFTY WAVES
103.76,-3.25,109.78,103.26,07-Aug-2026 16:00:25,101,N,-3.05,10000492.56,EQ,ENIL,96381,NIFTY WAVES
27.31,-1,28.75,27,07-Aug-2026 16:00:25,26.6,N,-3.57,68979789.17,EQ,AQYLON,2525807,NIFTY WAVES
4.13,-0.21,4.32,4.13,07-Aug-2026 16:00:25,4.13,N,-4.84,253350.72,BE,TVVISION,61344,NIFTY WAVES
3632.49,395.8,3735,3648,07-Aug-2026 16:00:25,3426.4,N,12.17,28965202823.25,EQ,ENRIN,7973925,NIFTY INFRALOG
1046.36,77.75,1071.1,1070,07-Aug-2026 16:00:25,991.15,N,7.84,949144785.12,EQ,TECHNOE,907092,NIFTY INFRALOG
1759.81,69.9,1817.6,1795,07-Aug-2026 16:00:25,1686.4,N,4.05,2205939433.1,EQ,BEML,1253510,NIFTY INFRALOG
331.78,12.5,341.4,340,07-Aug-2026 16:00:25,322.4,N,3.82,792403776.98,EQ,JSWINFRA,2388341,NIFTY INFRALOG
3278.1,113,3349.6,3323,07-Aug-2026 16:00:25,3183,N,3.52,3511549891.5,EQ,GRASIM,1071215,NIFTY INFRALOG
32463.91,700,32680,32600,07-Aug-2026 16:00:25,31945,N,2.19,2959637282.97,EQ,POWERINDIA,91167,NIFTY INFRALOG
472.14,9.7,480,473.3,07-Aug-2026 16:00:25,464.05,N,2.09,3024251221.68,EQ,DELHIVERY,6405412,NIFTY INFRALOG
206.51,4.13,211.52,207.8,07-Aug-2026 16:00:25,201,N,2.03,4024875150.27,EQ,HFCL,19489977,NIFTY INFRALOG
1343.63,26.8,1355.4,1352,07-Aug-2026 16:00:25,1321,N,2.02,510063446.08,EQ,TORNTPOWER,379616,NIFTY INFRALOG
1509.58,29.7,1524.7,1519.7,07-Aug-2026 16:00:25,1482.6,N,1.99,3433349502.92,EQ,COCHINSHIP,2274374,NIFTY INFRALOG
1135.27,20.1,1144,1143.8,07-Aug-2026 16:00:25,1116,N,1.79,603532237.4,EQ,MGL,531620,NIFTY INFRALOG
580.55,10.05,585.8,582,07-Aug-2026 16:00:25,568.35,N,1.76,261093073.7,EQ,BRIGADE,449734,NIFTY INFRALOG
1306.81,22.6,1323.9,1316.7,07-Aug-2026 16:00:25,1284.1,N,1.75,157579070.23,EQ,KPIL,120583,NIFTY INFRALOG
4051.28,67,4075,4058,07-Aug-2026 16:00:25,3990.8,N,1.68,412691739.76,EQ,THERMAX,101867,NIFTY INFRALOG
1746.09,24.5,1764,1760,07-Aug-2026 16:00:25,1730,N,1.41,273435947.91,EQ,TATACOMM,156599,NIFTY INFRALOG
278.49,3.65,280.6,280.6,07-Aug-2026 16:00:25,275.4,N,1.32,232150656.45,EQ,PETRONET,833605,NIFTY INFRALOG
146.41,1.76,149.45,145.49,07-Aug-2026 16:00:25,144.69,N,1.22,966732492.33,EQ,NCC,6602913,NIFTY INFRALOG
232.27,2.77,234.9,234.15,07-Aug-2026 16:00:25,228.4,N,1.20,356942316.12,EQ,RITES,1536756,NIFTY INFRALOG
476.93,5.4,480.45,477.6,07-Aug-2026 16:00:25,472.1,N,1.14,279165729.27,EQ,KEC,585339,NIFTY INFRALOG
1360.57,14.8,1374,1350,07-Aug-2026 16:00:25,1338.3,N,1.11,244250886.97,EQ,SCHNEIDER,179521,NIFTY INFRALOG
163.58,1.42,165.38,163.9,07-Aug-2026 16:00:25,162.29,N,0.87,212477170.02,EQ,CESC,1298919,NIFTY INFRALOG
12.72,0.1,12.88,12.73,07-Aug-2026 16:00:25,12.6,N,0.79,2618482774.08,EQ,IDEA,205855564,NIFTY INFRALOG
298.47,2.35,301.5,298.5,07-Aug-2026 16:00:25,295.1,N,0.79,311967708.81,EQ,TARIL,1045223,NIFTY INFRALOG
1213.9,8.9,1225,1218.7,07-Aug-2026 16:00:25,1204.7,N,0.74,1080953672,EQ,LODHA,890480,NIFTY INFRALOG
384.96,2.7,386.8,386,07-Aug-2026 16:00:25,383.1,N,0.70,1325217485.76,EQ,INDUSTOWER,3442481,NIFTY INFRALOG
1629.8,10.1,1647,1630.1,07-Aug-2026 16:00:25,1606,N,0.62,2268036199.2,EQ,ADANIENSOL,1391604,NIFTY INFRALOG
1952.38,11.9,1961,1959.9,07-Aug-2026 16:00:25,1938.3,N,0.61,5895945504.88,EQ,BHARTIARTL,3019876,NIFTY INFRALOG
106.85,0.61,107.42,107.2,07-Aug-2026 16:00:25,105.7,N,0.57,760160497.45,EQ,GMRAIRPORT,7114277,NIFTY INFRALOG
564.16,2.9,567.5,564.4,07-Aug-2026 16:00:25,560,N,0.52,875920457.6,EQ,JSWENERGY,1552610,NIFTY INFRALOG
380.5,1.95,382.7,380.55,07-Aug-2026 16:00:25,377.3,N,0.52,994782624.5,EQ,TATAPOWER,2614409,NIFTY INFRALOG
19.74,-0.25,19.96,19.68,07-Aug-2026 16:00:25,19.59,N,-1.25,141578734.5,EQ,IRB,7172175,NIFTY INFRALOG
5102.75,-66.5,5144,5046,07-Aug-2026 16:00:25,5013.5,N,-1.30,147546016.25,EQ,BLUEDART,28915,NIFTY INFRALOG
1345.6,-17.7,1361.4,1338.2,07-Aug-2026 16:00:25,1334.2,N,-1.31,143204134.4,EQ,SOBHA,106424,NIFTY INFRALOG
508.91,-6.8,513.9,505.2,07-Aug-2026 16:00:25,505.2,N,-1.33,453948737.82,EQ,CONCOR,892002,NIFTY INFRALOG
453.51,-6.75,459.3,452.9,07-Aug-2026 16:00:25,449.2,N,-1.47,3116036824.83,EQ,TMCV,6870933,NIFTY INFRALOG
584.22,-8.7,592,580,07-Aug-2026 16:00:25,573.35,N,-1.48,122655820.56,EQ,NAVA,209948,NIFTY INFRALOG
311.2,-4.7,320,303.9,07-Aug-2026 16:00:25,302.1,N,-1.52,4297835691.2,EQ,SCI,13810526,NIFTY INFRALOG
4322.56,-67.7,4398,4299,07-Aug-2026 16:00:25,4270.1,N,-1.55,3280075237.12,EQ,GVT&D,758827,NIFTY INFRALOG
153.24,-2.43,155.5,151.9,07-Aug-2026 16:00:25,151.8,N,-1.57,116234685.36,EQ,IGL,758514,NIFTY INFRALOG
173.04,-2.77,176.28,173.63,07-Aug-2026 16:00:25,171.89,N,-1.57,1212170117.76,EQ,GAIL,7005144,NIFTY INFRALOG
516.46,-8.8,524.2,513.5,07-Aug-2026 16:00:25,512,N,-1.68,352693116.3,EQ,TEJASNET,682905,NIFTY INFRALOG
926.6,-17.1,944,920,07-Aug-2026 16:00:25,914.85,N,-1.82,204956507.2,EQ,RAMCOCEM,221192,NIFTY INFRALOG
804.28,-15,811,800,07-Aug-2026 16:00:25,795,N,-1.84,230677155.36,EQ,SIGNATURE,286812,NIFTY INFRALOG
278.63,-5.2,285.8,273.55,07-Aug-2026 16:00:25,268.75,N,-1.87,331809879.06,EQ,AFCONS,1190862,NIFTY INFRALOG
851.91,-16.15,864.6,845.5,07-Aug-2026 16:00:25,844.7,N,-1.87,213628359.24,EQ,TITAGARH,250764,NIFTY INFRALOG
644.65,-14.35,654.15,632,07-Aug-2026 16:00:25,630.3,N,-2.22,322005898.25,EQ,TRITURBINE,499505,NIFTY INFRALOG
1102.89,-27.8,1120,1085.9,07-Aug-2026 16:00:25,1082.1,N,-2.50,258680643.72,EQ,ACE,234548,NIFTY INFRALOG
1397.07,-37,1470,1363,07-Aug-2026 16:00:25,1351.1,N,-2.64,2338345912.5,EQ,AEGISLOG,1673750,NIFTY INFRALOG
440.48,-14.45,450.65,436,07-Aug-2026 16:00:25,432.1,N,-3.21,163270078.72,EQ,ELECON,370664,NIFTY INFRALOG
2159.45,-87.4,2214,2161.5,07-Aug-2026 16:00:25,1999,N,-3.89,3068330113.25,EQ,KIRLOSENG,1420885,NIFTY INFRALOG
1759.81,69.9,1817.6,1795,07-Aug-2026 16:00:25,1686.4,N,4.05,2205939433.1,EQ,BEML,1253510,NIFTY RAILWAYSPSU
232.27,2.77,234.9,234.15,07-Aug-2026 16:00:25,228.4,N,1.20,356942316.12,EQ,RITES,1536756,NIFTY RAILWAYSPSU
401.06,1.8,403,401,07-Aug-2026 16:00:25,398.35,N,0.45,4330673152.08,EQ,BEL,10798068,NIFTY RAILWAYSPSU
239.13,1.05,241.69,238.85,07-Aug-2026 16:00:25,237.05,N,0.44,2409968879.1,EQ,ONGC,10078070,NIFTY RAILWAYSPSU
175.95,-0.16,176.88,176.58,07-Aug-2026 16:00:25,174.61,N,-0.09,1683823729.05,EQ,SAIL,9569899,NIFTY RAILWAYSPSU
519.29,-0.45,521.8,520,07-Aug-2026 16:00:25,514.2,N,-0.09,516320699.78,EQ,IRCTC,994282,NIFTY RAILWAYSPSU
166.91,-0.63,168.88,167.15,07-Aug-2026 16:00:25,165.4,N,-0.38,364587855.58,EQ,MRPL,2184338,NIFTY RAILWAYSPSU
393.45,-1.95,395.45,393.05,07-Aug-2026 16:00:25,392,N,-0.49,2004743817.75,EQ,HINDPETRO,5095295,NIFTY RAILWAYSPSU
131.6,-0.76,133.19,131.35,07-Aug-2026 16:00:25,131,N,-0.58,124082481.6,EQ,IRCON,942876,NIFTY RAILWAYSPSU
88.96,-0.54,89.47,88.75,07-Aug-2026 16:00:25,88.57,N,-0.60,509920054.4,EQ,IRFC,5732015,NIFTY RAILWAYSPSU
289.13,-1.75,291.4,289.1,07-Aug-2026 16:00:25,287.8,N,-0.60,101108471.87,EQ,RAILTEL,349699,NIFTY RAILWAYSPSU
234.6,-1.62,236.76,233.38,07-Aug-2026 16:00:25,233.01,N,-0.69,1100700972,EQ,RVNL,4691820,NIFTY RAILWAYSPSU
344.46,-2.5,347,342.5,07-Aug-2026 16:00:25,342.5,N,-0.72,2415370054.08,EQ,NTPC,7012048,NIFTY RAILWAYSPSU
411.24,-2.95,418.7,405.2,07-Aug-2026 16:00:25,402.2,N,-0.72,4011271560.36,EQ,BHEL,9754089,NIFTY RAILWAYSPSU
320.57,-2.7,323.55,321,07-Aug-2026 16:00:25,317.1,N,-0.83,1741252891.8,EQ,BPCL,5431740,NIFTY RAILWAYSPSU
508.91,-6.8,513.9,505.2,07-Aug-2026 16:00:25,505.2,N,-1.33,453948737.82,EQ,CONCOR,892002,NIFTY RAILWAYSPSU
285.19,-5.25,288.95,282,07-Aug-2026 16:00:25,281.2,N,-1.83,62177408.99,EQ,ITI,218021,NIFTY RAILWAYSPSU
402.05,19.3,409.7,408.1,07-Aug-2026 16:00:25,386.85,N,4.96,1959945504,EQ,M&MFIN,4874880,NIFTYCONGLOMERATE
331.78,12.5,341.4,340,07-Aug-2026 16:00:25,322.4,N,3.82,792403776.98,EQ,JSWINFRA,2388341,NIFTYCONGLOMERATE
3278.1,113,3349.6,3323,07-Aug-2026 16:00:25,3183,N,3.52,3511549891.5,EQ,GRASIM,1071215,NIFTYCONGLOMERATE
2435.68,79.7,2457.7,2452.7,07-Aug-2026 16:00:25,2375,N,3.36,11077421490.72,EQ,TCS,4547979,NIFTYCONGLOMERATE
1040.19,32.6,1059.6,1059.6,07-Aug-2026 16:00:25,1017,N,3.17,9657900981.93,EQ,HINDALCO,9284747,NIFTYCONGLOMERATE
4639.82,130.1,4688,4658.1,07-Aug-2026 16:00:25,4542,N,2.87,2987371306.1,EQ,LTM,643855,NIFTYCONGLOMERATE
483.8,13.5,488,486.5,07-Aug-2026 16:00:25,469.4,N,2.85,2006504863,EQ,JUBLFOOD,4147385,NIFTYCONGLOMERATE
3475.5,96,3504.9,3502,07-Aug-2026 16:00:25,3402.1,N,2.82,11466498193.5,EQ,M&M,3299237,NIFTYCONGLOMERATE
3606.46,43.5,3655.9,3598.9,07-Aug-2026 16:00:25,3551.3,N,1.22,288509587.08,EQ,LTTS,79998,NIFTYCONGLOMERATE
476.93,5.4,480.45,477.6,07-Aug-2026 16:00:25,472.1,N,1.14,279165729.27,EQ,KEC,585339,NIFTYCONGLOMERATE
163.58,1.42,165.38,163.9,07-Aug-2026 16:00:25,162.29,N,0.87,212477170.02,EQ,CESC,1298919,NIFTYCONGLOMERATE
12.72,0.1,12.88,12.73,07-Aug-2026 16:00:25,12.6,N,0.79,2618482774.08,EQ,IDEA,205855564,NIFTYCONGLOMERATE
2759.2,19.7,2783,2772,07-Aug-2026 16:00:25,2742.2,N,0.72,392907320.8,EQ,TIINDIA,142399,NIFTYCONGLOMERATE
564.16,2.9,567.5,564.4,07-Aug-2026 16:00:25,560,N,0.52,875920457.6,EQ,JSWENERGY,1552610,NIFTYCONGLOMERATE
210.24,0.88,212.1,209,07-Aug-2026 16:00:25,208.13,N,0.42,3021594298.56,EQ,ADANIPOWER,14372119,NIFTYCONGLOMERATE
11674.55,42,11730,11662,07-Aug-2026 16:00:25,11574,N,0.36,2439607364.4,EQ,BAJAJ-AUTO,208968,NIFTYCONGLOMERATE
875.69,3,880.7,879,07-Aug-2026 16:00:25,870,N,0.34,1334002502.37,EQ,CGPOWER,1523373,NIFTYCONGLOMERATE
734.62,2.35,738.5,734.85,07-Aug-2026 16:00:25,731.3,N,0.32,102739545.48,EQ,JSL,139854,NIFTYCONGLOMERATE
12025.68,30,12105,12105,07-Aug-2026 16:00:25,11970,N,0.25,2060624319.36,EQ,ULTRACEMCO,171352,NIFTYCONGLOMERATE
930.71,1.75,945,928,07-Aug-2026 16:00:25,914.4,N,0.19,156414191.89,EQ,JUBLPHARMA,168059,NIFTYCONGLOMERATE
1098.41,2,1105.7,1103,07-Aug-2026 16:00:25,1092.1,N,0.18,431097366.34,EQ,JINDALSTEL,392474,NIFTYCONGLOMERATE
1654.01,2.8,1681.5,1635,07-Aug-2026 16:00:25,1634.3,N,0.17,10071448831.1,EQ,TECHM,6089110,NIFTYCONGLOMERATE
1311.1,1.4,1327.4,1306.2,07-Aug-2026 16:00:25,1291,N,0.11,63719460,EQ,GODREJIND,48600,NIFTYCONGLOMERATE
1375.81,0.9,1389.9,1372.4,07-Aug-2026 16:00:25,1365.7,N,0.07,1751928937.8,EQ,ADANIGREEN,1273380,NIFTYCONGLOMERATE
1687.39,-1.5,1702.3,1693.5,07-Aug-2026 16:00:25,1676.7,N,-0.09,4028456324.71,EQ,ADANIPORTS,2387389,NIFTYCONGLOMERATE
4045.6,-5.8,4062,4056,07-Aug-2026 16:00:25,4030,N,-0.14,3646258824,EQ,LT,901290,NIFTYCONGLOMERATE
3022.65,-6,3039.5,3020,07-Aug-2026 16:00:25,3004.5,N,-0.20,2384511154.65,EQ,ADANIENT,788881,NIFTYCONGLOMERATE
502.19,-2.45,507.65,498.2,07-Aug-2026 16:00:25,497,N,-0.49,355229118.4,EQ,ZENSARTECH,707360,NIFTYCONGLOMERATE
2081.77,-11.9,2108.6,2070,07-Aug-2026 16:00:25,2062.3,N,-0.57,1011937988.15,EQ,GODREJPROP,486095,NIFTYCONGLOMERATE
433.71,-2.5,438,434,07-Aug-2026 16:00:25,431.8,N,-0.57,878965793.91,EQ,AMBUJACEM,2026621,NIFTYCONGLOMERATE
1298.03,-8.4,1309.9,1299.5,07-Aug-2026 16:00:25,1288.5,N,-0.64,935523969.78,EQ,JSWSTEEL,720726,NIFTYCONGLOMERATE
2070.04,-15.1,2088.7,2068,07-Aug-2026 16:00:25,2056.1,N,-0.72,239677511.36,EQ,COROMANDEL,115784,NIFTYCONGLOMERATE
85.91,-0.63,86.55,85.78,07-Aug-2026 16:00:25,85.61,N,-0.73,186691794.19,EQ,BAJAJHFL,2173109,NIFTYCONGLOMERATE
322.96,-2.85,325.9,321.95,07-Aug-2026 16:00:25,320.5,N,-0.88,179269282.72,EQ,PCBL,555082,NIFTYCONGLOMERATE
188.16,-1.75,189.69,187.55,07-Aug-2026 16:00:25,186.75,N,-0.92,1867303791.36,EQ,TATASTEEL,9924021,NIFTYCONGLOMERATE
1632.02,-16.3,1658,1630.4,07-Aug-2026 16:00:25,1617.8,N,-0.99,268444441.72,EQ,CHOLAHLDNG,164486,NIFTYCONGLOMERATE
11340.25,-124,11428,11263,07-Aug-2026 16:00:25,11263,N,-1.09,294574334,EQ,BAJAJHLDNG,25976,NIFTYCONGLOMERATE
4960.37,-57,5003,4941,07-Aug-2026 16:00:25,4891.3,N,-1.14,5788047417.46,EQ,TITAN,1166858,NIFTYCONGLOMERATE
453.51,-6.75,459.3,452.9,07-Aug-2026 16:00:25,449.2,N,-1.47,3116036824.83,EQ,TMCV,6870933,NIFTYCONGLOMERATE
3730.43,-55.4,3768.5,3700,07-Aug-2026 16:00:25,3675.3,N,-1.48,203371852.31,EQ,CEATLTD,54517,NIFTYCONGLOMERATE
526.91,-10.55,539.95,517.45,07-Aug-2026 16:00:25,513.15,N,-2.00,249302724.31,EQ,SAREGAMA,473141,NIFTYCONGLOMERATE
748.57,-15.5,766.6,741.5,07-Aug-2026 16:00:25,733.65,N,-2.05,412013676.57,EQ,JUBLINGREA,550401,NIFTYCONGLOMERATE
1054.56,-27.3,1087.2,1050,07-Aug-2026 16:00:25,1032.3,N,-2.53,2804796359.04,EQ,GODREJCP,2659684,NIFTYCONGLOMERATE
308.98,-8.65,316.9,308,07-Aug-2026 16:00:25,305.6,N,-2.73,1487493678.86,EQ,LTF,4814207,NIFTYCONGLOMERATE
408.75,-13.45,420.5,408.05,07-Aug-2026 16:00:25,404.7,N,-3.19,1978745261.25,EQ,ABCAPITAL,4840967,NIFTYCONGLOMERATE
3019.87,-110.1,3106.5,2997,07-Aug-2026 16:00:25,2985.6,N,-3.54,7456581467.51,EQ,TRENT,2469173,NIFTYCONGLOMERATE
2007.65,-77.1,2050,2008.9,07-Aug-2026 16:00:25,1988,N,-3.70,4851735173.6,EQ,BAJAJFINSV,2416624,NIFTYCONGLOMERATE
1886.01,-73.8,1922,1866.2,07-Aug-2026 16:00:25,1862.8,N,-3.80,3051300138.6,EQ,CHOLAFIN,1617860,NIFTYCONGLOMERATE
281.82,-13.95,289.55,280,07-Aug-2026 16:00:25,275,N,-4.75,2589174467.88,EQ,FSL,9187334,NIFTYCONGLOMERATE
1090.24,-66.8,1113,1078,07-Aug-2026 16:00:25,1074.5,N,-5.84,17023008450.24,EQ,BAJFINANCE,15614001,NIFTYCONGLOMERATE
