VWAP,change,high,lastPrice,lastUpdatedTime,low,marketType,pChange,quantityTraded,series,symbol,totalTradedVolume,index_name
1123.5,87.7,1151.5,1141.2,31-Jul-2026 16:00:29,1083.6,N,8.32,45855191865,EQ,BAJFINANCE,40814590,NIFTY 50
2002.52,121.6,2036.6,2031,31-Jul-2026 16:00:29,1930,N,6.37,7473176352.72,EQ,BAJAJFINSV,3731886,NIFTY 50
253.24,9.15,257.06,256.1,31-Jul-2026 16:00:29,247,N,3.71,10849005964.68,EQ,JIOFIN,42840807,NIFTY 50
3390.98,109.3,3457,3393,31-Jul-2026 16:00:29,3243.3,N,3.33,20793058705.54,EQ,M&M,6131873,NIFTY 50
1045.36,19,1054.6,1046.2,31-Jul-2026 16:00:29,1029.1,N,1.85,6604817595.28,EQ,SHRIRAMFIN,6318223,NIFTY 50
338.32,5.9,341.95,340.1,31-Jul-2026 16:00:29,334.5,N,1.77,2885011282.16,EQ,TMPV,8527463,NIFTY 50
1690.88,27.8,1708.1,1691.9,31-Jul-2026 16:00:29,1650,N,1.67,7953300948.48,EQ,ADANIPORTS,4703646,NIFTY 50
189.26,3.07,191.84,189.99,31-Jul-2026 16:00:29,186.31,N,1.64,6482076267.84,EQ,TATASTEEL,34249584,NIFTY 50
546.53,5.5,550.9,550.9,31-Jul-2026 16:00:29,544.05,N,1.01,6251470288.28,EQ,HDFCLIFE,11438476,NIFTY 50
1303.09,12.1,1309.7,1305,31-Jul-2026 16:00:29,1293.6,N,0.94,11239146037.64,EQ,RELIANCE,8624996,NIFTY 50
11518.83,87,11590,11519,31-Jul-2026 16:00:29,11329.5,N,0.76,2469406775.4,EQ,BAJAJ-AUTO,214380,NIFTY 50
387.97,2.9,390.6,387.8,31-Jul-2026 16:00:29,385,N,0.75,6639937007.11,EQ,BEL,17114563,NIFTY 50
4870.13,35,4886,4885,31-Jul-2026 16:00:29,4820.9,N,0.72,4886269610.82,EQ,TITAN,1003314,NIFTY 50
1882.61,13,1898.9,1890.5,31-Jul-2026 16:00:29,1870.6,N,0.69,1362731013.72,EQ,SBILIFE,723852,NIFTY 50
413.4,2.7,415.1,414.4,31-Jul-2026 16:00:29,410.15,N,0.66,2454824595.6,EQ,COALINDIA,5938134,NIFTY 50
1966.57,11.2,1976.4,1968,31-Jul-2026 16:00:29,1947.4,N,0.57,12840492659.45,EQ,BHARTIARTL,6529385,NIFTY 50
346.26,1.75,348.25,346.6,31-Jul-2026 16:00:29,343.55,N,0.51,2949830144.94,EQ,NTPC,8519119,NIFTY 50
979.59,4.1,988,974.5,31-Jul-2026 16:00:29,971.05,N,0.42,5465461752.24,EQ,HINDALCO,5579336,NIFTY 50
1472.93,5.6,1478.8,1472,31-Jul-2026 16:00:29,1462.3,N,0.38,1801938374.1,EQ,CIPLA,1223370,NIFTY 50
14232.54,52,14348,14240,31-Jul-2026 16:00:29,14124,N,0.37,7620343869.18,EQ,MARUTI,535417,NIFTY 50
11919.96,37,12009,11884,31-Jul-2026 16:00:29,11799,N,0.31,4654398701.16,EQ,ULTRACEMCO,390471,NIFTY 50
241.16,0.71,242.96,242.3,31-Jul-2026 16:00:29,238.17,N,0.29,2428657005.64,EQ,ONGC,10070729,NIFTY 50
1027.65,2.3,1034.3,1027.6,31-Jul-2026 16:00:29,1023.5,N,0.22,11223394180.05,EQ,SBIN,10921417,NIFTY 50
1148.85,0.7,1154.3,1145.5,31-Jul-2026 16:00:29,1141.7,N,0.06,1247468432.85,EQ,DRREDDY,1085841,NIFTY 50
3006.69,1.8,3026.7,3001,31-Jul-2026 16:00:29,2990.9,N,0.06,1819714935.18,EQ,TRENT,605222,NIFTY 50
7842.39,4.5,7899,7835,31-Jul-2026 16:00:29,7794,N,0.06,5651288973.12,EQ,EICHERMOT,720608,NIFTY 50
1269.66,0.6,1282.2,1271.4,31-Jul-2026 16:00:29,1262,N,0.05,1840844483.52,EQ,JSWSTEEL,1449872,NIFTY 50
3941.04,0.3,3973.1,3938,31-Jul-2026 16:00:29,3923.2,N,0.01,6910128892.08,EQ,LT,1753377,NIFTY 50
1434.94,0,1441.9,1433.9,31-Jul-2026 16:00:29,1431.4,N,0.00,12559226253.6,EQ,ICICIBANK,8752440,NIFTY 50
390.06,-0.55,391.85,388.85,31-Jul-2026 16:00:29,388,N,-0.14,2736129308.22,EQ,KOTAKBANK,7014637,NIFTY 50
1229.73,-1.8,1239.7,1227.1,31-Jul-2026 16:00:29,1226,N,-0.15,9208139537.28,EQ,AXISBANK,7487936,NIFTY 50
3109.41,-8.8,3135.9,3096,31-Jul-2026 16:00:29,3092.6,N,-0.28,962197596.27,EQ,GRASIM,309447,NIFTY 50
2749.84,-8.2,2774.9,2738,31-Jul-2026 16:00:29,2732.4,N,-0.30,2452136821.92,EQ,ASIANPAINT,891738,NIFTY 50
2101.12,-8.5,2119.6,2099.4,31-Jul-2026 16:00:29,2091.1,N,-0.40,3695910001.28,EQ,HINDUNILVR,1759019,NIFTY 50
1340.11,-7,1356.5,1345.7,31-Jul-2026 16:00:29,1294.3,N,-0.52,4514856052.09,EQ,HCLTECH,3369019,NIFTY 50
8966.9,-47,9036.5,8941,31-Jul-2026 16:00:29,8931,N,-0.52,2405397825.7,EQ,APOLLOHOSP,268253,NIFTY 50
284.14,-1.5,287.4,284.2,31-Jul-2026 16:00:29,283,N,-0.53,2217516643.4,EQ,POWERGRID,7804310,NIFTY 50
2003.84,-14.1,2046.9,1987,31-Jul-2026 16:00:29,1965.3,N,-0.70,9927923084.16,EQ,SUNPHARMA,4954449,NIFTY 50
749.62,-5.95,757.55,748,31-Jul-2026 16:00:29,747.2,N,-0.79,19132163706.46,EQ,HDFCBANK,25522483,NIFTY 50
1649.13,-15.1,1661.5,1653.9,31-Jul-2026 16:00:29,1610.5,N,-0.90,5533947611.01,EQ,TECHM,3355677,NIFTY 50
5202.95,-53.5,5282,5177,31-Jul-2026 16:00:29,5137.5,N,-1.02,2408445555,EQ,INDIGO,462900,NIFTY 50
1509.65,-15.7,1529,1505,31-Jul-2026 16:00:29,1497.5,N,-1.03,3776880111.25,EQ,NESTLEIND,2501825,NIFTY 50
1085.18,-12.1,1098.9,1082.1,31-Jul-2026 16:00:29,1081,N,-1.11,1605650776.06,EQ,TATACONSUM,1479617,NIFTY 50
3024.33,-40,3067.5,3009.1,31-Jul-2026 16:00:29,3002.4,N,-1.31,2620282536.33,EQ,ADANIENT,866401,NIFTY 50
183.45,-2.58,185.24,183.75,31-Jul-2026 16:00:29,180.83,N,-1.38,3442037494.5,EQ,WIPRO,18762810,NIFTY 50
281.62,-4.05,285.8,281,31-Jul-2026 16:00:29,280.05,N,-1.42,4740738417.06,EQ,ITC,16833813,NIFTY 50
1106.84,-23.4,1132,1101.4,31-Jul-2026 16:00:29,1091.2,N,-2.08,2274805239,EQ,MAXHEALTH,2055225,NIFTY 50
1128.11,-25.2,1139.3,1129.9,31-Jul-2026 16:00:29,1107.2,N,-2.18,16207640978.25,EQ,INFY,14367075,NIFTY 50
305.9,-8,316,302.65,31-Jul-2026 16:00:29,301.8,N,-2.58,11248142752.7,EQ,ETERNAL,36770653,NIFTY 50
2364.25,-65.8,2391,2366,31-Jul-2026 16:00:29,2326.1,N,-2.71,10269552532.75,EQ,TCS,4343683,NIFTY 50
2175.97,164.8,2208,2183,31-Jul-2026 16:00:29,2090,N,8.17,12036480325.59,EQ,HYUNDAI,5531547,NIFTY NEXT 50
5050.79,267.8,5140.7,5139.9,31-Jul-2026 16:00:29,4894.4,N,5.50,7211795755.45,EQ,TORNTPHARM,1427855,NIFTY NEXT 50
432.66,20.55,440.65,435.5,31-Jul-2026 16:00:29,414.25,N,4.95,8340486331.8,EQ,TMCV,19277230,NIFTY NEXT 50
179.21,7.36,182.21,181,31-Jul-2026 16:00:29,173.5,N,4.24,6970093920.03,EQ,GAIL,38893443,NIFTY NEXT 50
1839.96,71.4,1863.1,1845.2,31-Jul-2026 16:00:29,1779.4,N,4.03,5417550624.6,EQ,CHOLAFIN,2944385,NIFTY NEXT 50
3101.52,119.8,3144.8,3128.5,31-Jul-2026 16:00:29,3015.1,N,3.98,3985502824.32,EQ,MUTHOOTFIN,1285016,NIFTY NEXT 50
3203.86,114.3,3247.9,3236,31-Jul-2026 16:00:29,3152,N,3.66,1717608569.16,EQ,ENRIN,536106,NIFTY NEXT 50
870.09,29.3,878.8,861.9,31-Jul-2026 16:00:29,850,N,3.52,5971767005.1,EQ,CGPOWER,6863390,NIFTY NEXT 50
11298.63,365,11467,11335,31-Jul-2026 16:00:29,10951,N,3.33,1016628130.14,EQ,BAJAJHLDNG,89978,NIFTY NEXT 50
8022.29,250,8090,8085,31-Jul-2026 16:00:29,7870.5,N,3.19,6369048454.51,EQ,DIVISLAB,793919,NIFTY NEXT 50
150.57,4.18,152.4,150.9,31-Jul-2026 16:00:29,146.42,N,2.85,3535994914.2,EQ,MOTHERSON,23484060,NIFTY NEXT 50
2602.57,71.7,2630,2618,31-Jul-2026 16:00:29,2550.1,N,2.82,2149098203.2,EQ,HDFCAMC,825760,NIFTY NEXT 50
2373,62.8,2401.8,2381.9,31-Jul-2026 16:00:29,2328.8,N,2.71,3796292178,EQ,MAZDOCK,1599786,NIFTY NEXT 50
4287.94,102.6,4325,4311,31-Jul-2026 16:00:29,4198,N,2.44,12828911880.46,EQ,TVSMOTOR,2991859,NIFTY NEXT 50
3770.07,83.2,3808.4,3742,31-Jul-2026 16:00:29,3662.1,N,2.27,2131303512.54,EQ,SIEMENS,565322,NIFTY NEXT 50
5527.98,115.5,5567,5511.5,31-Jul-2026 16:00:29,5461.5,N,2.14,1978347954.42,EQ,CUMMINSIND,357879,NIFTY NEXT 50
18416.27,307,18619,18360,31-Jul-2026 16:00:29,18110,N,1.70,1637887804.99,EQ,SOLARINDS,88937,NIFTY NEXT 50
363.14,5.6,367,366.5,31-Jul-2026 16:00:29,358,N,1.55,624856087.42,EQ,TATACAP,1720703,NIFTY NEXT 50
1374,19.3,1397,1378,31-Jul-2026 16:00:29,1353,N,1.42,2159853804,EQ,ADANIGREEN,1571946,NIFTY NEXT 50
318.24,4.4,320.4,320.2,31-Jul-2026 16:00:29,314.4,N,1.39,1626545962.08,EQ,BPCL,5111067,NIFTY NEXT 50
4642.12,62.6,4669,4644,31-Jul-2026 16:00:29,4591.1,N,1.37,3471187009.08,EQ,HAL,747759,NIFTY NEXT 50
379.86,4.85,381.35,380.8,31-Jul-2026 16:00:29,377.15,N,1.29,1142004646.38,EQ,TATAPOWER,3006383,NIFTY NEXT 50
3920.38,47,3946.5,3921,31-Jul-2026 16:00:29,3889.7,N,1.21,2163861581.76,EQ,DMART,551952,NIFTY NEXT 50
112.5,1.01,113,112.65,31-Jul-2026 16:00:29,111.69,N,0.90,1300395600,EQ,PNB,11559072,NIFTY NEXT 50
1124.76,9.9,1134.3,1125,31-Jul-2026 16:00:29,1117.7,N,0.89,810974455.2,EQ,ZYDUSLIFE,721020,NIFTY NEXT 50
211.13,1.78,212.68,210.75,31-Jul-2026 16:00:29,209.11,N,0.85,3212595883.74,EQ,ADANIPOWER,15216198,NIFTY NEXT 50
1106.24,8.3,1114,1102,31-Jul-2026 16:00:29,1093.6,N,0.76,866503410.88,EQ,JINDALSTEL,783287,NIFTY NEXT 50
423.92,2.7,427.1,425,31-Jul-2026 16:00:29,420.35,N,0.64,4401231126.32,EQ,PFC,10382221,NIFTY NEXT 50
539.49,3.35,543.9,539.25,31-Jul-2026 16:00:29,535.35,N,0.63,2264945722.41,EQ,HINDZINC,4198309,NIFTY NEXT 50
372.32,2.2,374,372.85,31-Jul-2026 16:00:29,370,N,0.59,1341948880.48,EQ,RECLTD,3604289,NIFTY NEXT 50
26035.96,135,26590,26590,31-Jul-2026 16:00:29,25500,N,0.51,2920297417.44,EQ,SHREECEM,112164,NIFTY NEXT 50
124.86,0.62,125.44,124.9,31-Jul-2026 16:00:29,124.25,N,0.50,1672206279,EQ,CANBK,13392650,NIFTY NEXT 50
243.03,1.15,244.5,242.8,31-Jul-2026 16:00:29,242.1,N,0.48,1889641609.29,EQ,BANKBARODA,7775343,NIFTY NEXT 50
659.23,2.15,661.95,657,31-Jul-2026 16:00:29,656.25,N,0.33,946798651.37,EQ,DLF,1436219,NIFTY NEXT 50
171.27,0.36,172.8,170.76,31-Jul-2026 16:00:29,169.82,N,0.21,951838848.18,EQ,UNIONBANK,5557534,NIFTY NEXT 50
89.15,0.18,89.88,89.1,31-Jul-2026 16:00:29,88.43,N,0.20,1074250902.9,EQ,IRFC,12049926,NIFTY NEXT 50
140,0.05,140.69,139.99,31-Jul-2026 16:00:29,138.86,N,0.04,1347693060,EQ,IOC,9626379,NIFTY NEXT 50
433.21,-2.2,438.95,432,31-Jul-2026 16:00:29,430.25,N,-0.51,520888671.53,EQ,AMBUJACEM,1202393,NIFTY NEXT 50
5404.26,-29,5460,5405,31-Jul-2026 16:00:29,5364,N,-0.53,2314590515.4,EQ,BRITANNIA,428290,NIFTY NEXT 50
1067.8,-5.9,1076.3,1066.2,31-Jul-2026 16:00:29,1054.7,N,-0.55,720429710.8,EQ,GODREJCP,674686,NIFTY NEXT 50
7395.73,-47.5,7485,7244,31-Jul-2026 16:00:29,7201.5,N,-0.65,2580739983.5,EQ,ABB,348950,NIFTY NEXT 50
1520.56,-16.9,1535,1515,31-Jul-2026 16:00:29,1510.6,N,-1.10,1192122081.12,EQ,UNITDSPR,784002,NIFTY NEXT 50
265.66,-3.15,269,264.35,31-Jul-2026 16:00:29,263,N,-1.18,4103644441.14,EQ,VEDL,15446979,NIFTY NEXT 50
41219.53,-490,41715,41060,31-Jul-2026 16:00:29,40920,N,-1.18,785396924.62,EQ,BOSCHLTD,19054,NIFTY NEXT 50
744.81,-9.45,757.4,739.8,31-Jul-2026 16:00:29,736.85,N,-1.26,2064872513.88,EQ,INDHOTEL,2772348,NIFTY NEXT 50
1651.03,-21,1682,1638,31-Jul-2026 16:00:29,1628.8,N,-1.27,2937697491.36,EQ,ADANIENSOL,1779312,NIFTY NEXT 50
1615.5,-22.2,1637.9,1607.7,31-Jul-2026 16:00:29,1601,N,-1.36,1327073476.5,EQ,PIDILITIND,821463,NIFTY NEXT 50
4354.53,-76,4385.1,4365.4,31-Jul-2026 16:00:29,4284,N,-1.71,1102053161.46,EQ,LTM,253082,NIFTY NEXT 50
444.57,-10.85,451,440,31-Jul-2026 16:00:29,439.85,N,-2.41,3550865502.87,EQ,VBL,7987191,NIFTY NEXT 50
1262.31,-43.95,1297,1243.2,31-Jul-2026 16:00:29,1239.55,N,-3.41,4536511137.27,EQ,LODHA,3593817,NIFTY NEXT 50
1045.49,16.3,1057.4,1046,31-Jul-2026 16:00:29,1034.9,N,1.58,2316575832.2,EQ,AUBANK,2215780,NIFTY BANK
358.03,4.5,359.7,358.65,31-Jul-2026 16:00:29,354.75,N,1.27,1399025138.92,EQ,FEDERALBNK,3907564,NIFTY BANK
22.72,0.24,22.85,22.78,31-Jul-2026 16:00:29,22.48,N,1.06,858260768.64,EQ,YESBANK,37775562,NIFTY BANK
112.5,1.01,113,112.65,31-Jul-2026 16:00:29,111.69,N,0.90,1300395600,EQ,PNB,11559072,NIFTY BANK
124.86,0.62,125.44,124.9,31-Jul-2026 16:00:29,124.25,N,0.50,1672206279,EQ,CANBK,13392650,NIFTY BANK
243.03,1.15,244.5,242.8,31-Jul-2026 16:00:29,242.1,N,0.48,1889641609.29,EQ,BANKBARODA,7775343,NIFTY BANK
1027.65,2.3,1034.3,1027.6,31-Jul-2026 16:00:29,1023.5,N,0.22,11223394180.05,EQ,SBIN,10921417,NIFTY BANK
171.27,0.36,172.8,170.76,31-Jul-2026 16:00:29,169.82,N,0.21,951838848.18,EQ,UNIONBANK,5557534,NIFTY BANK
85.13,0.08,85.74,84.84,31-Jul-2026 16:00:29,84.51,N,0.09,1190219130.35,EQ,IDFCFIRSTB,13981195,NIFTY BANK
1434.94,0,1441.9,1433.9,31-Jul-2026 16:00:29,1431.4,N,0.00,12559226253.6,EQ,ICICIBANK,8752440,NIFTY BANK
1010.25,-0.45,1017.9,1011,31-Jul-2026 16:00:29,996.4,N,-0.04,2952779915.25,EQ,INDUSINDBK,2922821,NIFTY BANK
390.06,-0.55,391.85,388.85,31-Jul-2026 16:00:29,388,N,-0.14,2736129308.22,EQ,KOTAKBANK,7014637,NIFTY BANK
1229.73,-1.8,1239.7,1227.1,31-Jul-2026 16:00:29,1226,N,-0.15,9208139537.28,EQ,AXISBANK,7487936,NIFTY BANK
749.62,-5.95,757.55,748,31-Jul-2026 16:00:29,747.2,N,-0.79,19132163706.46,EQ,HDFCBANK,25522483,NIFTY BANK
1123.5,87.7,1151.5,1141.2,31-Jul-2026 16:00:29,1083.6,N,8.32,45855191865,EQ,BAJFINANCE,40814590,NIFTY FIN SERVICE
2002.52,121.6,2036.6,2031,31-Jul-2026 16:00:29,1930,N,6.37,7473176352.72,EQ,BAJAJFINSV,3731886,NIFTY FIN SERVICE
1839.96,71.4,1863.1,1845.2,31-Jul-2026 16:00:29,1779.4,N,4.03,5417550624.6,EQ,CHOLAFIN,2944385,NIFTY FIN SERVICE
3101.52,119.8,3144.8,3128.5,31-Jul-2026 16:00:29,3015.1,N,3.98,3985502824.32,EQ,MUTHOOTFIN,1285016,NIFTY FIN SERVICE
253.24,9.15,257.06,256.1,31-Jul-2026 16:00:29,247,N,3.71,10849005964.68,EQ,JIOFIN,42840807,NIFTY FIN SERVICE
3600.09,115.7,3652.5,3646,31-Jul-2026 16:00:29,3517,N,3.28,9912451805.1,EQ,BSE,2753390,NIFTY FIN SERVICE
1045.36,19,1054.6,1046.2,31-Jul-2026 16:00:29,1029.1,N,1.85,6604817595.28,EQ,SHRIRAMFIN,6318223,NIFTY FIN SERVICE
546.53,5.5,550.9,550.9,31-Jul-2026 16:00:29,544.05,N,1.01,6251470288.28,EQ,HDFCLIFE,11438476,NIFTY FIN SERVICE
1882.61,13,1898.9,1890.5,31-Jul-2026 16:00:29,1870.6,N,0.69,1362731013.72,EQ,SBILIFE,723852,NIFTY FIN SERVICE
423.92,2.7,427.1,425,31-Jul-2026 16:00:29,420.35,N,0.64,4401231126.32,EQ,PFC,10382221,NIFTY FIN SERVICE
372.32,2.2,374,372.85,31-Jul-2026 16:00:29,370,N,0.59,1341948880.48,EQ,RECLTD,3604289,NIFTY FIN SERVICE
660.55,2.2,665.5,660,31-Jul-2026 16:00:29,656.55,N,0.33,597025567.05,EQ,SBICARD,903831,NIFTY FIN SERVICE
1027.65,2.3,1034.3,1027.6,31-Jul-2026 16:00:29,1023.5,N,0.22,11223394180.05,EQ,SBIN,10921417,NIFTY FIN SERVICE
1434.94,0,1441.9,1433.9,31-Jul-2026 16:00:29,1431.4,N,0.00,12559226253.6,EQ,ICICIBANK,8752440,NIFTY FIN SERVICE
390.06,-0.55,391.85,388.85,31-Jul-2026 16:00:29,388,N,-0.14,2736129308.22,EQ,KOTAKBANK,7014637,NIFTY FIN SERVICE
1229.73,-1.8,1239.7,1227.1,31-Jul-2026 16:00:29,1226,N,-0.15,9208139537.28,EQ,AXISBANK,7487936,NIFTY FIN SERVICE
1501.6,-3.8,1520.5,1507,31-Jul-2026 16:00:29,1494.4,N,-0.25,775379690.4,EQ,MFSL,516369,NIFTY FIN SERVICE
1628.14,-10.9,1644.5,1627,31-Jul-2026 16:00:29,1618.6,N,-0.67,767672894.42,EQ,ICICIGI,471503,NIFTY FIN SERVICE
749.62,-5.95,757.55,748,31-Jul-2026 16:00:29,747.2,N,-0.79,19132163706.46,EQ,HDFCBANK,25522483,NIFTY FIN SERVICE
526.84,-17.9,540.2,523,31-Jul-2026 16:00:29,521.5,N,-3.31,2206825284.64,EQ,LICHSGFIN,4188796,NIFTY FIN SERVICE
1123.5,87.7,1151.5,1141.2,31-Jul-2026 16:00:29,1083.6,N,8.32,45855191865,EQ,BAJFINANCE,40814590,NIFTY 500
2175.97,164.8,2208,2183,31-Jul-2026 16:00:29,2090,N,8.17,12036480325.59,EQ,HYUNDAI,5531547,NIFTY 500
4506.5,314.8,4598,4510,31-Jul-2026 16:00:29,4252,N,7.50,20327803031,EQ,NETWEB,4510774,NIFTY 500
1395.25,89.9,1429.4,1419.9,31-Jul-2026 16:00:29,1333,N,6.76,835146421,EQ,CONCORDBIO,598564,NIFTY 500
2453.19,153,2511.2,2459.9,31-Jul-2026 16:00:29,2321,N,6.63,8328646286.13,EQ,BALKRISIND,3395027,NIFTY 500
2002.52,121.6,2036.6,2031,31-Jul-2026 16:00:29,1930,N,6.37,7473176352.72,EQ,BAJAJFINSV,3731886,NIFTY 500
18.24,1.01,18.91,18.33,31-Jul-2026 16:00:29,17.2,N,5.83,4704788007.36,EQ,JPPOWER,257937939,NIFTY 500
5050.79,267.8,5140.7,5139.9,31-Jul-2026 16:00:29,4894.4,N,5.50,7211795755.45,EQ,TORNTPHARM,1427855,NIFTY 500
490.83,24.9,504.9,493,31-Jul-2026 16:00:29,468,N,5.32,1080264311.19,EQ,THELEELA,2200893,NIFTY 500
193.61,9.23,193.92,193.92,31-Jul-2026 16:00:29,191.01,N,5.00,6399473807.86,EQ,HFCL,33053426,NIFTY 500
599.4,29.25,614.6,614.6,31-Jul-2026 16:00:29,572.25,N,5.00,74739186,EQ,GALLANTT,124690,NIFTY 500
432.66,20.55,440.65,435.5,31-Jul-2026 16:00:29,414.25,N,4.95,8340486331.8,EQ,TMCV,19277230,NIFTY 500
228.68,10.68,234.98,231.48,31-Jul-2026 16:00:29,219.91,N,4.84,1567233682.56,EQ,CGCL,6853392,NIFTY 500
165.06,7.6,166.7,165.69,31-Jul-2026 16:00:29,159.17,N,4.81,7847399052.36,EQ,ASHOKLEY,47542706,NIFTY 500
14334.26,640,14502,14385,31-Jul-2026 16:00:29,13889,N,4.66,2599718730.64,EQ,APARINDS,181364,NIFTY 500
171.13,7.51,174.33,173.4,31-Jul-2026 16:00:29,165.6,N,4.53,411568505.65,EQ,NIACL,2405005,NIFTY 500
3790.17,163.5,3859.8,3785,31-Jul-2026 16:00:29,3622.2,N,4.51,12382640786.97,EQ,KAYNES,3267041,NIFTY 500
1368.21,57.6,1391,1356,31-Jul-2026 16:00:29,1307,N,4.44,1225667145.78,EQ,SCHNEIDER,895818,NIFTY 500
77.43,3.28,78.42,78.26,31-Jul-2026 16:00:29,75.25,N,4.37,1270807795.92,EQ,INOXWIND,16412344,NIFTY 500
179.21,7.36,182.21,181,31-Jul-2026 16:00:29,173.5,N,4.24,6970093920.03,EQ,GAIL,38893443,NIFTY 500
287.4,11.65,292.8,290.1,31-Jul-2026 16:00:29,278.05,N,4.18,995611080,EQ,SCI,3464200,NIFTY 500
61.92,2.51,62.78,62.6,31-Jul-2026 16:00:29,60.02,N,4.18,192745257.12,EQ,MMTC,3112811,NIFTY 500
3382.26,134.1,3422,3393.9,31-Jul-2026 16:00:29,3259.9,N,4.11,610998504.48,EQ,CPPLUS,180648,NIFTY 500
643.64,25.7,654.65,652.1,31-Jul-2026 16:00:29,624.2,N,4.10,1569823799.92,EQ,RKFORGE,2438978,NIFTY 500
5000.05,193.5,5085,4993,31-Jul-2026 16:00:29,4797.5,N,4.03,2407194071.7,EQ,KEI,481434,NIFTY 500
1839.96,71.4,1863.1,1845.2,31-Jul-2026 16:00:29,1779.4,N,4.03,5417550624.6,EQ,CHOLAFIN,2944385,NIFTY 500
4587.5,179.1,4685.8,4670,31-Jul-2026 16:00:29,4461.1,N,3.99,689386562.5,EQ,SUNDARMFIN,150275,NIFTY 500
3101.52,119.8,3144.8,3128.5,31-Jul-2026 16:00:29,3015.1,N,3.98,3985502824.32,EQ,MUTHOOTFIN,1285016,NIFTY 500
408.88,15.8,416.8,412.9,31-Jul-2026 16:00:29,398.8,N,3.98,983375208.48,EQ,LTFOODS,2405046,NIFTY 500
315.49,11.6,324.6,320.5,31-Jul-2026 16:00:29,301.6,N,3.76,737523181.43,EQ,SONATSOFTW,2337707,NIFTY 500
317.52,-10.6,330.6,317.4,31-Jul-2026 16:00:29,313.3,N,-3.23,2918191374,EQ,PCBL,9190575,NIFTY 500
1870.42,-63,1914,1847.9,31-Jul-2026 16:00:29,1834.8,N,-3.30,389905882.78,EQ,ECLERX,208459,NIFTY 500
526.84,-17.9,540.2,523,31-Jul-2026 16:00:29,521.5,N,-3.31,2206825284.64,EQ,LICHSGFIN,4188796,NIFTY 500
623.15,-21.3,638.4,613.3,31-Jul-2026 16:00:29,610.05,N,-3.36,14775588790.05,EQ,KALYANKJIL,23711127,NIFTY 500
387.21,-13.45,399,385.75,31-Jul-2026 16:00:29,383.25,N,-3.37,1185474004.59,EQ,SYNGENE,3061579,NIFTY 500
1262.31,-43.95,1297,1243.2,31-Jul-2026 16:00:29,1239.55,N,-3.41,4536511137.27,EQ,LODHA,3593817,NIFTY 500
209.43,-7.48,216.84,206,31-Jul-2026 16:00:29,205.51,N,-3.50,1114844896.62,EQ,CUB,5323234,NIFTY 500
288.07,-11.13,294.59,284.78,31-Jul-2026 16:00:29,280.2,N,-3.76,13485401033.17,EQ,SWIGGY,46812931,NIFTY 500
115.54,-4.54,119.48,113.99,31-Jul-2026 16:00:29,113.51,N,-3.83,421508290.86,EQ,DEVYANI,3648159,NIFTY 500
2458.38,-103.9,2613.5,2472,31-Jul-2026 16:00:29,2422,N,-4.03,5807389281.54,EQ,MANKIND,2362283,NIFTY 500
14245.27,-587,14589,13751,31-Jul-2026 16:00:29,13601,N,-4.09,9041857491.29,EQ,DIXON,634727,NIFTY 500
147.24,-6.44,154.09,146.94,31-Jul-2026 16:00:29,144.58,N,-4.20,2099163870,EQ,PARADEEP,14256750,NIFTY 500
1649.62,-71.3,1692.9,1617,31-Jul-2026 16:00:29,1601.5,N,-4.22,709785296.64,EQ,ONESOURCE,430272,NIFTY 500
4249.57,-191.1,4358.5,4270.9,31-Jul-2026 16:00:29,4090,N,-4.28,8163661945.92,EQ,DATAPATTNS,1921056,NIFTY 500
628.31,-28.45,654,620,31-Jul-2026 16:00:29,613.7,N,-4.39,212687333.17,EQ,ABDL,338507,NIFTY 500
1846.57,-85.1,1908,1808,31-Jul-2026 16:00:29,1805,N,-4.50,1631158376.65,EQ,APLAPOLLO,883345,NIFTY 500
3141.47,-146.8,3232.9,3087,31-Jul-2026 16:00:29,3062.1,N,-4.54,2841186307.11,EQ,ACUTAAS,904413,NIFTY 500
44.24,-2.5,46.19,43.48,31-Jul-2026 16:00:29,43.2,N,-5.44,1747153508.8,EQ,SAGILITY,39492620,NIFTY 500
186.59,-10.8,195,184.45,31-Jul-2026 16:00:29,183.55,N,-5.53,431227962.41,EQ,SAPPHIRE,2311099,NIFTY 500
270.17,-16.7,288.4,260.5,31-Jul-2026 16:00:29,256,N,-6.02,1579308994.04,EQ,APTUS,5845612,NIFTY 500
4506.5,314.8,4598,4510,31-Jul-2026 16:00:29,4252,N,7.50,20327803031,EQ,NETWEB,4510774,NIFTY MIDSML 400
1395.25,89.9,1429.4,1419.9,31-Jul-2026 16:00:29,1333,N,6.76,835146421,EQ,CONCORDBIO,598564,NIFTY MIDSML 400
2453.19,153,2511.2,2459.9,31-Jul-2026 16:00:29,2321,N,6.63,8328646286.13,EQ,BALKRISIND,3395027,NIFTY MIDSML 400
18.24,1.01,18.91,18.33,31-Jul-2026 16:00:29,17.2,N,5.83,4704788007.36,EQ,JPPOWER,257937939,NIFTY MIDSML 400
490.83,24.9,504.9,493,31-Jul-2026 16:00:29,468,N,5.32,1080264311.19,EQ,THELEELA,2200893,NIFTY MIDSML 400
193.61,9.23,193.92,193.92,31-Jul-2026 16:00:29,191.01,N,5.00,6399473807.86,EQ,HFCL,33053426,NIFTY MIDSML 400
599.4,29.25,614.6,614.6,31-Jul-2026 16:00:29,572.25,N,5.00,74739186,EQ,GALLANTT,124690,NIFTY MIDSML 400
228.68,10.68,234.98,231.48,31-Jul-2026 16:00:29,219.91,N,4.84,1567233682.56,EQ,CGCL,6853392,NIFTY MIDSML 400
165.06,7.6,166.7,165.69,31-Jul-2026 16:00:29,159.17,N,4.81,7847399052.36,EQ,ASHOKLEY,47542706,NIFTY MIDSML 400
14334.26,640,14502,14385,31-Jul-2026 16:00:29,13889,N,4.66,2599718730.64,EQ,APARINDS,181364,NIFTY MIDSML 400
171.13,7.51,174.33,173.4,31-Jul-2026 16:00:29,165.6,N,4.53,411568505.65,EQ,NIACL,2405005,NIFTY MIDSML 400
3790.17,163.5,3859.8,3785,31-Jul-2026 16:00:29,3622.2,N,4.51,12382640786.97,EQ,KAYNES,3267041,NIFTY MIDSML 400
1368.21,57.6,1391,1356,31-Jul-2026 16:00:29,1307,N,4.44,1225667145.78,EQ,SCHNEIDER,895818,NIFTY MIDSML 400
77.43,3.28,78.42,78.26,31-Jul-2026 16:00:29,75.25,N,4.37,1270807795.92,EQ,INOXWIND,16412344,NIFTY MIDSML 400
61.92,2.51,62.78,62.6,31-Jul-2026 16:00:29,60.02,N,4.18,192745257.12,EQ,MMTC,3112811,NIFTY MIDSML 400
287.4,11.65,292.8,290.1,31-Jul-2026 16:00:29,278.05,N,4.18,995611080,EQ,SCI,3464200,NIFTY MIDSML 400
3382.26,134.1,3422,3393.9,31-Jul-2026 16:00:29,3259.9,N,4.11,610998504.48,EQ,CPPLUS,180648,NIFTY MIDSML 400
643.64,25.7,654.65,652.1,31-Jul-2026 16:00:29,624.2,N,4.10,1569823799.92,EQ,RKFORGE,2438978,NIFTY MIDSML 400
5000.05,193.5,5085,4993,31-Jul-2026 16:00:29,4797.5,N,4.03,2407194071.7,EQ,KEI,481434,NIFTY MIDSML 400
4587.5,179.1,4685.8,4670,31-Jul-2026 16:00:29,4461.1,N,3.99,689386562.5,EQ,SUNDARMFIN,150275,NIFTY MIDSML 400
408.88,15.8,416.8,412.9,31-Jul-2026 16:00:29,398.8,N,3.98,983375208.48,EQ,LTFOODS,2405046,NIFTY MIDSML 400
313.7,11.55,319.7,319,31-Jul-2026 16:00:29,306.75,N,3.76,823418582,EQ,EMMVEE,2624860,NIFTY MIDSML 400
315.49,11.6,324.6,320.5,31-Jul-2026 16:00:29,301.6,N,3.76,737523181.43,EQ,SONATSOFTW,2337707,NIFTY MIDSML 400
75.86,2.73,77.57,76.25,31-Jul-2026 16:00:29,73.83,N,3.71,3827383620.86,EQ,IFCI,50453251,NIFTY MIDSML 400
1430.46,51,1449.4,1443,31-Jul-2026 16:00:29,1396,N,3.66,410398974,EQ,GABRIEL,286900,NIFTY MIDSML 400
1012.41,35.2,1027,1017.9,31-Jul-2026 16:00:29,981.3,N,3.58,1728078579.36,EQ,PREMIERENE,1706896,NIFTY MIDSML 400
3600.09,115.7,3652.5,3646,31-Jul-2026 16:00:29,3517,N,3.28,9912451805.1,EQ,BSE,2753390,NIFTY MIDSML 400
810.12,25.6,819,810,31-Jul-2026 16:00:29,783.05,N,3.26,795326398.68,EQ,ANTHEM,981739,NIFTY MIDSML 400
1786.3,53.9,1807.9,1797,31-Jul-2026 16:00:29,1738.1,N,3.09,370925195,EQ,INDIAMART,207650,NIFTY MIDSML 400
322.4,9.6,327.65,320.55,31-Jul-2026 16:00:29,306.95,N,3.09,7627434952.8,EQ,REDINGTON,23658297,NIFTY MIDSML 400
38417.45,-1250,39865,38255,31-Jul-2026 16:00:29,38000,N,-3.16,389552943,EQ,HONAUT,10140,NIFTY MIDSML 400
317.52,-10.6,330.6,317.4,31-Jul-2026 16:00:29,313.3,N,-3.23,2918191374,EQ,PCBL,9190575,NIFTY MIDSML 400
1870.42,-63,1914,1847.9,31-Jul-2026 16:00:29,1834.8,N,-3.30,389905882.78,EQ,ECLERX,208459,NIFTY MIDSML 400
526.84,-17.9,540.2,523,31-Jul-2026 16:00:29,521.5,N,-3.31,2206825284.64,EQ,LICHSGFIN,4188796,NIFTY MIDSML 400
623.15,-21.3,638.4,613.3,31-Jul-2026 16:00:29,610.05,N,-3.36,14775588790.05,EQ,KALYANKJIL,23711127,NIFTY MIDSML 400
387.21,-13.45,399,385.75,31-Jul-2026 16:00:29,383.25,N,-3.37,1185474004.59,EQ,SYNGENE,3061579,NIFTY MIDSML 400
209.43,-7.48,216.84,206,31-Jul-2026 16:00:29,205.51,N,-3.50,1114844896.62,EQ,CUB,5323234,NIFTY MIDSML 400
288.07,-11.13,294.59,284.78,31-Jul-2026 16:00:29,280.2,N,-3.76,13485401033.17,EQ,SWIGGY,46812931,NIFTY MIDSML 400
115.54,-4.54,119.48,113.99,31-Jul-2026 16:00:29,113.51,N,-3.83,421508290.86,EQ,DEVYANI,3648159,NIFTY MIDSML 400
2458.38,-103.9,2613.5,2472,31-Jul-2026 16:00:29,2422,N,-4.03,5807389281.54,EQ,MANKIND,2362283,NIFTY MIDSML 400
14245.27,-587,14589,13751,31-Jul-2026 16:00:29,13601,N,-4.09,9041857491.29,EQ,DIXON,634727,NIFTY MIDSML 400
147.24,-6.44,154.09,146.94,31-Jul-2026 16:00:29,144.58,N,-4.20,2099163870,EQ,PARADEEP,14256750,NIFTY MIDSML 400
1649.62,-71.3,1692.9,1617,31-Jul-2026 16:00:29,1601.5,N,-4.22,709785296.64,EQ,ONESOURCE,430272,NIFTY MIDSML 400
4249.57,-191.1,4358.5,4270.9,31-Jul-2026 16:00:29,4090,N,-4.28,8163661945.92,EQ,DATAPATTNS,1921056,NIFTY MIDSML 400
628.31,-28.45,654,620,31-Jul-2026 16:00:29,613.7,N,-4.39,212687333.17,EQ,ABDL,338507,NIFTY MIDSML 400
1846.57,-85.1,1908,1808,31-Jul-2026 16:00:29,1805,N,-4.50,1631158376.65,EQ,APLAPOLLO,883345,NIFTY MIDSML 400
3141.47,-146.8,3232.9,3087,31-Jul-2026 16:00:29,3062.1,N,-4.54,2841186307.11,EQ,ACUTAAS,904413,NIFTY MIDSML 400
44.24,-2.5,46.19,43.48,31-Jul-2026 16:00:29,43.2,N,-5.44,1747153508.8,EQ,SAGILITY,39492620,NIFTY MIDSML 400
186.59,-10.8,195,184.45,31-Jul-2026 16:00:29,183.55,N,-5.53,431227962.41,EQ,SAPPHIRE,2311099,NIFTY MIDSML 400
270.17,-16.7,288.4,260.5,31-Jul-2026 16:00:29,256,N,-6.02,1579308994.04,EQ,APTUS,5845612,NIFTY MIDSML 400
332.2,29.95,343.8,338,31-Jul-2026 16:00:29,306.5,N,9.72,6466059063.2,EQ,NAZARA,19464356,NIFTY TOTAL MKT
1123.5,87.7,1151.5,1141.2,31-Jul-2026 16:00:29,1083.6,N,8.32,45855191865,EQ,BAJFINANCE,40814590,NIFTY TOTAL MKT
2175.97,164.8,2208,2183,31-Jul-2026 16:00:29,2090,N,8.17,12036480325.59,EQ,HYUNDAI,5531547,NIFTY TOTAL MKT
1909.04,130.1,1960,1856.1,31-Jul-2026 16:00:29,1841.1,N,7.54,9406630422.56,EQ,ASTRAMICRO,4927414,NIFTY TOTAL MKT
4506.5,314.8,4598,4510,31-Jul-2026 16:00:29,4252,N,7.50,20327803031,EQ,NETWEB,4510774,NIFTY TOTAL MKT
10089.04,650,10585,9952,31-Jul-2026 16:00:29,9302,N,6.99,6613799548.72,EQ,VOLTAMP,655543,NIFTY TOTAL MKT
1126.34,72.8,1151.6,1130,31-Jul-2026 16:00:29,1086.9,N,6.89,2597709479.52,EQ,TDPOWERSYS,2306328,NIFTY TOTAL MKT
336.5,21.3,347.35,331,31-Jul-2026 16:00:29,313.4,N,6.88,5842130280.5,EQ,QUESS,17361457,NIFTY TOTAL MKT
1395.25,89.9,1429.4,1419.9,31-Jul-2026 16:00:29,1333,N,6.76,835146421,EQ,CONCORDBIO,598564,NIFTY TOTAL MKT
2453.19,153,2511.2,2459.9,31-Jul-2026 16:00:29,2321,N,6.63,8328646286.13,EQ,BALKRISIND,3395027,NIFTY TOTAL MKT
851.25,52.7,868.5,867,31-Jul-2026 16:00:29,810,N,6.47,179291977.5,EQ,GMMPFAUDLR,210622,NIFTY TOTAL MKT
2002.52,121.6,2036.6,2031,31-Jul-2026 16:00:29,1930,N,6.37,7473176352.72,EQ,BAJAJFINSV,3731886,NIFTY TOTAL MKT
18.24,1.01,18.91,18.33,31-Jul-2026 16:00:29,17.2,N,5.83,4704788007.36,EQ,JPPOWER,257937939,NIFTY TOTAL MKT
1153.7,62.3,1177.6,1158,31-Jul-2026 16:00:29,1108,N,5.69,273762626.7,EQ,ALIVUS,237291,NIFTY TOTAL MKT
12761.62,702,13059,13039,31-Jul-2026 16:00:29,12380,N,5.69,123302772.44,EQ,MAHSCOOTER,9662,NIFTY TOTAL MKT
800.64,42.4,830,805,31-Jul-2026 16:00:29,758.6,N,5.56,7906914875.52,EQ,BLUESTONE,9875743,NIFTY TOTAL MKT
5050.79,267.8,5140.7,5139.9,31-Jul-2026 16:00:29,4894.4,N,5.50,7211795755.45,EQ,TORNTPHARM,1427855,NIFTY TOTAL MKT
1441.01,74.8,1469.7,1450,31-Jul-2026 16:00:29,1382.6,N,5.44,498481384.25,EQ,IMFA,345925,NIFTY TOTAL MKT
106.03,5.36,108.99,104.69,31-Jul-2026 16:00:29,99,N,5.40,700225300.9,EQ,THOMASCOOK,6604030,NIFTY TOTAL MKT
731.58,37.9,750.35,748.5,31-Jul-2026 16:00:29,703.15,N,5.33,210444839.64,EQ,WEWORK,287658,NIFTY TOTAL MKT
490.83,24.9,504.9,493,31-Jul-2026 16:00:29,468,N,5.32,1080264311.19,EQ,THELEELA,2200893,NIFTY TOTAL MKT
5726,272.5,5726,5726,31-Jul-2026 16:00:29,5726,N,5.00,619129476,BE,MTARTECH,108126,NIFTY TOTAL MKT
599.4,29.25,614.6,614.6,31-Jul-2026 16:00:29,572.25,N,5.00,74739186,EQ,GALLANTT,124690,NIFTY TOTAL MKT
193.61,9.23,193.92,193.92,31-Jul-2026 16:00:29,191.01,N,5.00,6399473807.86,EQ,HFCL,33053426,NIFTY TOTAL MKT
557.05,26.5,557.05,557.05,31-Jul-2026 16:00:29,557.05,N,4.99,812431800.7,BE,STLTECH,1458454,NIFTY TOTAL MKT
1124.48,53.9,1133.3,1133.3,31-Jul-2026 16:00:29,1085.1,N,4.99,72546951.68,BE,QPOWER,64516,NIFTY TOTAL MKT
432.66,20.55,440.65,435.5,31-Jul-2026 16:00:29,414.25,N,4.95,8340486331.8,EQ,TMCV,19277230,NIFTY TOTAL MKT
824.86,38.7,839.9,822,31-Jul-2026 16:00:29,786.4,N,4.94,305613929.44,EQ,SUBROS,370504,NIFTY TOTAL MKT
228.68,10.68,234.98,231.48,31-Jul-2026 16:00:29,219.91,N,4.84,1567233682.56,EQ,CGCL,6853392,NIFTY TOTAL MKT
165.06,7.6,166.7,165.69,31-Jul-2026 16:00:29,159.17,N,4.81,7847399052.36,EQ,ASHOKLEY,47542706,NIFTY TOTAL MKT
1262.31,-43.95,1297,1243.2,31-Jul-2026 16:00:29,1239.55,N,-3.41,4536511137.27,EQ,LODHA,3593817,NIFTY TOTAL MKT
209.43,-7.48,216.84,206,31-Jul-2026 16:00:29,205.51,N,-3.50,1114844896.62,EQ,CUB,5323234,NIFTY TOTAL MKT
1040.07,-37.8,1100,1030,31-Jul-2026 16:00:29,1011.1,N,-3.54,1771508588.13,EQ,STAR,1703259,NIFTY TOTAL MKT
225.73,-8.52,233.65,222.2,31-Jul-2026 16:00:29,221.24,N,-3.69,113862952.33,EQ,EPL,504421,NIFTY TOTAL MKT
288.07,-11.13,294.59,284.78,31-Jul-2026 16:00:29,280.2,N,-3.76,13485401033.17,EQ,SWIGGY,46812931,NIFTY TOTAL MKT
115.54,-4.54,119.48,113.99,31-Jul-2026 16:00:29,113.51,N,-3.83,421508290.86,EQ,DEVYANI,3648159,NIFTY TOTAL MKT
2458.38,-103.9,2613.5,2472,31-Jul-2026 16:00:29,2422,N,-4.03,5807389281.54,EQ,MANKIND,2362283,NIFTY TOTAL MKT
14245.27,-587,14589,13751,31-Jul-2026 16:00:29,13601,N,-4.09,9041857491.29,EQ,DIXON,634727,NIFTY TOTAL MKT
147.24,-6.44,154.09,146.94,31-Jul-2026 16:00:29,144.58,N,-4.20,2099163870,EQ,PARADEEP,14256750,NIFTY TOTAL MKT
1649.62,-71.3,1692.9,1617,31-Jul-2026 16:00:29,1601.5,N,-4.22,709785296.64,EQ,ONESOURCE,430272,NIFTY TOTAL MKT
4249.57,-191.1,4358.5,4270.9,31-Jul-2026 16:00:29,4090,N,-4.28,8163661945.92,EQ,DATAPATTNS,1921056,NIFTY TOTAL MKT
628.31,-28.45,654,620,31-Jul-2026 16:00:29,613.7,N,-4.39,212687333.17,EQ,ABDL,338507,NIFTY TOTAL MKT
1846.57,-85.1,1908,1808,31-Jul-2026 16:00:29,1805,N,-4.50,1631158376.65,EQ,APLAPOLLO,883345,NIFTY TOTAL MKT
3141.47,-146.8,3232.9,3087,31-Jul-2026 16:00:29,3062.1,N,-4.54,2841186307.11,EQ,ACUTAAS,904413,NIFTY TOTAL MKT
2179.38,-112.4,2258.4,2131,31-Jul-2026 16:00:29,2107.4,N,-5.01,431532495.66,EQ,BALAMINES,198007,NIFTY TOTAL MKT
44.24,-2.5,46.19,43.48,31-Jul-2026 16:00:29,43.2,N,-5.44,1747153508.8,EQ,SAGILITY,39492620,NIFTY TOTAL MKT
186.59,-10.8,195,184.45,31-Jul-2026 16:00:29,183.55,N,-5.53,431227962.41,EQ,SAPPHIRE,2311099,NIFTY TOTAL MKT
542.18,-31.3,562.15,529.9,31-Jul-2026 16:00:29,520.05,N,-5.58,415705671.4,EQ,ACI,766730,NIFTY TOTAL MKT
270.17,-16.7,288.4,260.5,31-Jul-2026 16:00:29,256,N,-6.02,1579308994.04,EQ,APTUS,5845612,NIFTY TOTAL MKT
5274.32,-580.5,5450,5226.5,31-Jul-2026 16:00:29,5226.5,N,-10.00,3946652346.64,EQ,THANGAMAYL,748277,NIFTY TOTAL MKT
165.06,7.6,166.7,165.69,31-Jul-2026 16:00:29,159.17,N,4.81,7847399052.36,EQ,ASHOKLEY,47542706,NIFTY AUTO
3390.98,109.3,3457,3393,31-Jul-2026 16:00:29,3243.3,N,3.33,20793058705.54,EQ,M&M,6131873,NIFTY AUTO
150.57,4.18,152.4,150.9,31-Jul-2026 16:00:29,146.42,N,2.85,3535994914.2,EQ,MOTHERSON,23484060,NIFTY AUTO
4287.94,102.6,4325,4311,31-Jul-2026 16:00:29,4198,N,2.44,12828911880.46,EQ,TVSMOTOR,2991859,NIFTY AUTO
2751.09,61.4,2775,2750.2,31-Jul-2026 16:00:29,2689,N,2.28,1336537294.89,EQ,TIINDIA,485821,NIFTY AUTO
2196.61,40.3,2212.6,2205,31-Jul-2026 16:00:29,2161.5,N,1.86,2091398970.83,EQ,BHARATFORG,952103,NIFTY AUTO
338.32,5.9,341.95,340.1,31-Jul-2026 16:00:29,334.5,N,1.77,2885011282.16,EQ,TMPV,8527463,NIFTY AUTO
5362.03,63,5394.7,5388,31-Jul-2026 16:00:29,5297.5,N,1.18,4125921224.1,EQ,HEROMOTOCO,769470,NIFTY AUTO
11518.83,87,11590,11519,31-Jul-2026 16:00:29,11329.5,N,0.76,2469406775.4,EQ,BAJAJ-AUTO,214380,NIFTY AUTO
768.65,4.95,773.2,768.7,31-Jul-2026 16:00:29,761.95,N,0.65,2213882640.3,EQ,SONACOMS,2880222,NIFTY AUTO
1182.48,7.2,1188,1180,31-Jul-2026 16:00:29,1167.6,N,0.61,918120041.28,EQ,UNOMINDA,776436,NIFTY AUTO
14232.54,52,14348,14240,31-Jul-2026 16:00:29,14124,N,0.37,7620343869.18,EQ,MARUTI,535417,NIFTY AUTO
7842.39,4.5,7899,7835,31-Jul-2026 16:00:29,7794,N,0.06,5651288973.12,EQ,EICHERMOT,720608,NIFTY AUTO
451.33,-5.2,459.6,447.5,31-Jul-2026 16:00:29,444.15,N,-1.15,3003609725.27,EQ,EXIDEIND,6655019,NIFTY AUTO
41219.53,-490,41715,41060,31-Jul-2026 16:00:29,40920,N,-1.18,785396924.62,EQ,BOSCHLTD,19054,NIFTY AUTO
2101.12,-8.5,2119.6,2099.4,31-Jul-2026 16:00:29,2091.1,N,-0.40,3695910001.28,EQ,HINDUNILVR,1759019,NIFTY FMCG
1435.88,-6.1,1459.1,1430,31-Jul-2026 16:00:29,1411.2,N,-0.42,196561920.84,EQ,UBL,136893,NIFTY FMCG
4351.5,-18.6,4390,4348,31-Jul-2026 16:00:29,4321,N,-0.43,1596991797,EQ,RADICO,366998,NIFTY FMCG
5404.26,-29,5460,5405,31-Jul-2026 16:00:29,5364,N,-0.53,2314590515.4,EQ,BRITANNIA,428290,NIFTY FMCG
1067.8,-5.9,1076.3,1066.2,31-Jul-2026 16:00:29,1054.7,N,-0.55,720429710.8,EQ,GODREJCP,674686,NIFTY FMCG
356.74,-2.45,360.65,353.9,31-Jul-2026 16:00:29,353.15,N,-0.69,968936162.9,EQ,PATANJALI,2716085,NIFTY FMCG
2072.48,-16.2,2109.5,2068.6,31-Jul-2026 16:00:29,2047.3,N,-0.78,667558242.88,EQ,COLPAL,322106,NIFTY FMCG
421.99,-4.4,429.75,421.7,31-Jul-2026 16:00:29,420.25,N,-1.03,1059158186.87,EQ,DABUR,2509913,NIFTY FMCG
1509.65,-15.7,1529,1505,31-Jul-2026 16:00:29,1497.5,N,-1.03,3776880111.25,EQ,NESTLEIND,2501825,NIFTY FMCG
1520.56,-16.9,1535,1515,31-Jul-2026 16:00:29,1510.6,N,-1.10,1192122081.12,EQ,UNITDSPR,784002,NIFTY FMCG
1085.18,-12.1,1098.9,1082.1,31-Jul-2026 16:00:29,1081,N,-1.11,1605650776.06,EQ,TATACONSUM,1479617,NIFTY FMCG
399.95,-5.45,407.5,397.9,31-Jul-2026 16:00:29,396.5,N,-1.35,196274662.6,EQ,EMAMILTD,490748,NIFTY FMCG
281.62,-4.05,285.8,281,31-Jul-2026 16:00:29,280.05,N,-1.42,4740738417.06,EQ,ITC,16833813,NIFTY FMCG
874.29,-16.35,889,869,31-Jul-2026 16:00:29,868,N,-1.85,2221003475.79,EQ,MARICO,2540351,NIFTY FMCG
444.57,-10.85,451,440,31-Jul-2026 16:00:29,439.85,N,-2.41,3550865502.87,EQ,VBL,7987191,NIFTY FMCG
11142.27,64,11270,11200,31-Jul-2026 16:00:29,10882,N,0.57,3279704889.96,EQ,OFSS,294348,NIFTY IT
5470.8,19.3,5580,5534,31-Jul-2026 16:00:29,5263.4,N,0.35,8049056740.8,EQ,PERSISTENT,1471276,NIFTY IT
1340.11,-7,1356.5,1345.7,31-Jul-2026 16:00:29,1294.3,N,-0.52,4514856052.09,EQ,HCLTECH,3369019,NIFTY IT
2317.52,-16.7,2351.8,2330,31-Jul-2026 16:00:29,2222.3,N,-0.71,1318467255.76,EQ,MPHASIS,568913,NIFTY IT
1649.13,-15.1,1661.5,1653.9,31-Jul-2026 16:00:29,1610.5,N,-0.90,5533947611.01,EQ,TECHM,3355677,NIFTY IT
183.45,-2.58,185.24,183.75,31-Jul-2026 16:00:29,180.83,N,-1.38,3442037494.5,EQ,WIPRO,18762810,NIFTY IT
1716.57,-24.9,1738.8,1722,31-Jul-2026 16:00:29,1681.7,N,-1.43,5803843329.9,EQ,COFORGE,3381070,NIFTY IT
4354.53,-76,4385.1,4365.4,31-Jul-2026 16:00:29,4284,N,-1.71,1102053161.46,EQ,LTM,253082,NIFTY IT
1128.11,-25.2,1139.3,1129.9,31-Jul-2026 16:00:29,1107.2,N,-2.18,16207640978.25,EQ,INFY,14367075,NIFTY IT
2364.25,-65.8,2391,2366,31-Jul-2026 16:00:29,2326.1,N,-2.71,10269552532.75,EQ,TCS,4343683,NIFTY IT
332.2,29.95,343.8,338,31-Jul-2026 16:00:29,306.5,N,9.72,6466059063.2,EQ,NAZARA,19464356,NIFTY MEDIA
115.27,1.97,117.32,114.18,31-Jul-2026 16:00:29,112.4,N,1.76,7116420070.82,EQ,ZEEL,61736966,NIFTY MEDIA
29.45,0.17,29.7,29.46,31-Jul-2026 16:00:29,29.05,N,0.58,60540659.5,EQ,NETWORK18,2055710,NIFTY MEDIA
664.45,2,675,666.9,31-Jul-2026 16:00:29,656.15,N,0.30,143848109.4,EQ,TIPSMUSIC,216492,NIFTY MEDIA
10.78,0.03,10.84,10.78,31-Jul-2026 16:00:29,10.72,N,0.28,8481402.16,EQ,HATHWAY,786772,NIFTY MEDIA
524.19,-1.4,531.3,520,31-Jul-2026 16:00:29,517.3,N,-0.27,134932272.09,EQ,SAREGAMA,257411,NIFTY MEDIA
510.47,-3.05,517.8,508.45,31-Jul-2026 16:00:29,505.8,N,-0.60,95169984.92,EQ,SUNTV,186436,NIFTY MEDIA
1131.55,-7.35,1143.55,1124.1,31-Jul-2026 16:00:29,1123.1,N,-0.65,201936413,EQ,PVRINOX,178460,NIFTY MEDIA
209.45,-2.33,211.39,208.69,31-Jul-2026 16:00:29,208.1,N,-1.10,14618981.65,EQ,DBCORP,69797,NIFTY MEDIA
283.89,-3.26,290.68,287,31-Jul-2026 16:00:29,275.55,N,-1.12,313690217.19,EQ,PFOCUS,1104971,NIFTY MEDIA
492.61,12.25,499,492.5,31-Jul-2026 16:00:29,482.55,N,2.55,3615402720.8,EQ,HINDCOPPER,7339280,NIFTY METAL
189.26,3.07,191.84,189.99,31-Jul-2026 16:00:29,186.31,N,1.64,6482076267.84,EQ,TATASTEEL,34249584,NIFTY METAL
2058.81,20.9,2100,2036,31-Jul-2026 16:00:29,2015.1,N,1.04,1800233758.05,EQ,LLOYDSME,874405,NIFTY METAL
351.95,2.85,355.75,350.5,31-Jul-2026 16:00:29,347.65,N,0.82,2529117275.35,EQ,NATIONALUM,7186013,NIFTY METAL
1106.24,8.3,1114,1102,31-Jul-2026 16:00:29,1093.6,N,0.76,866503410.88,EQ,JINDALSTEL,783287,NIFTY METAL
539.49,3.35,543.9,539.25,31-Jul-2026 16:00:29,535.35,N,0.63,2264945722.41,EQ,HINDZINC,4198309,NIFTY METAL
979.59,4.1,988,974.5,31-Jul-2026 16:00:29,971.05,N,0.42,5465461752.24,EQ,HINDALCO,5579336,NIFTY METAL
1269.66,0.6,1282.2,1271.4,31-Jul-2026 16:00:29,1262,N,0.05,1840844483.52,EQ,JSWSTEEL,1449872,NIFTY METAL
85.01,0.04,85.6,85.05,31-Jul-2026 16:00:29,84.69,N,0.05,1087087817.64,EQ,NMDC,12787764,NIFTY METAL
169.31,-0.25,171.85,168.8,31-Jul-2026 16:00:29,167.97,N,-0.15,2628551464.11,EQ,SAIL,15525081,NIFTY METAL
1655.41,-4.8,1671,1650.2,31-Jul-2026 16:00:29,1645,N,-0.29,632571890.84,EQ,WELCORP,382124,NIFTY METAL
733.34,-4.15,745.85,733.6,31-Jul-2026 16:00:29,725,N,-0.56,257716942.86,EQ,JSL,351429,NIFTY METAL
265.66,-3.15,269,264.35,31-Jul-2026 16:00:29,263,N,-1.18,4103644441.14,EQ,VEDL,15446979,NIFTY METAL
3024.33,-40,3067.5,3009.1,31-Jul-2026 16:00:29,3002.4,N,-1.31,2620282536.33,EQ,ADANIENT,866401,NIFTY METAL
1846.57,-85.1,1908,1808,31-Jul-2026 16:00:29,1805,N,-4.50,1631158376.65,EQ,APLAPOLLO,883345,NIFTY METAL
5050.79,267.8,5140.7,5139.9,31-Jul-2026 16:00:29,4894.4,N,5.50,7211795755.45,EQ,TORNTPHARM,1427855,NIFTY PHARMA
8022.29,250,8090,8085,31-Jul-2026 16:00:29,7870.5,N,3.19,6369048454.51,EQ,DIVISLAB,793919,NIFTY PHARMA
1936.29,53.7,1966,1957.7,31-Jul-2026 16:00:29,1888.1,N,2.82,1258826663.67,EQ,WOCKPHARMA,650123,NIFTY PHARMA
2236.54,59.7,2256.7,2250,31-Jul-2026 16:00:29,2207,N,2.73,830098530.62,EQ,GLENMARK,371153,NIFTY PHARMA
1814.7,33.7,1826.6,1815,31-Jul-2026 16:00:29,1785,N,1.89,4541430111.3,EQ,LAURUSLABS,2502579,NIFTY PHARMA
3425.86,33.6,3498,3470,31-Jul-2026 16:00:29,3350,N,0.98,723795145.64,EQ,AJANTPHARM,211274,NIFTY PHARMA
1124.76,9.9,1134.3,1125,31-Jul-2026 16:00:29,1117.7,N,0.89,810974455.2,EQ,ZYDUSLIFE,721020,NIFTY PHARMA
27745.11,195,27880,27750,31-Jul-2026 16:00:29,27430,N,0.71,172241642.88,EQ,ABBOTINDIA,6208,NIFTY PHARMA
1472.93,5.6,1478.8,1472,31-Jul-2026 16:00:29,1462.3,N,0.38,1801938374.1,EQ,CIPLA,1223370,NIFTY PHARMA
1320.59,4.8,1338,1320,31-Jul-2026 16:00:29,1303.6,N,0.36,398132793.79,EQ,SAILIFE,301481,NIFTY PHARMA
1578.72,3.7,1588.5,1580,31-Jul-2026 16:00:29,1566.1,N,0.23,695423002.56,EQ,AUROPHARMA,440498,NIFTY PHARMA
425.66,0.65,428.25,426,31-Jul-2026 16:00:29,422.9,N,0.15,981042438.96,EQ,BIOCON,2304756,NIFTY PHARMA
1148.85,0.7,1154.3,1145.5,31-Jul-2026 16:00:29,1141.7,N,0.06,1247468432.85,EQ,DRREDDY,1085841,NIFTY PHARMA
2417.24,-7.3,2435,2413.9,31-Jul-2026 16:00:29,2404,N,-0.30,2432487949.92,EQ,LUPIN,1006308,NIFTY PHARMA
2517.04,-12,2535.9,2505,31-Jul-2026 16:00:29,2500,N,-0.48,671616749.12,EQ,GLAND,266828,NIFTY PHARMA
2003.84,-14.1,2046.9,1987,31-Jul-2026 16:00:29,1965.3,N,-0.70,9927923084.16,EQ,SUNPHARMA,4954449,NIFTY PHARMA
197.77,-1.73,200.8,194.99,31-Jul-2026 16:00:29,193.19,N,-0.88,1305356559.29,EQ,PPLPHARMA,6600377,NIFTY PHARMA
1753.45,-16.8,1780.3,1742,31-Jul-2026 16:00:29,1741,N,-0.96,242037470.75,EQ,IPCALAB,138035,NIFTY PHARMA
5772.14,-81.5,5833,5735,31-Jul-2026 16:00:29,5735,N,-1.40,673002663.3,EQ,ALKEM,116595,NIFTY PHARMA
2458.38,-103.9,2613.5,2472,31-Jul-2026 16:00:29,2422,N,-4.03,5807389281.54,EQ,MANKIND,2362283,NIFTY PHARMA
26.07,0.36,26.26,26.18,31-Jul-2026 16:00:29,25.88,N,1.39,105241618.02,EQ,UCOBANK,4036886,NIFTY PSU BANK
112.5,1.01,113,112.65,31-Jul-2026 16:00:29,111.69,N,0.90,1300395600,EQ,PNB,11559072,NIFTY PSU BANK
23.22,0.19,23.39,23.16,31-Jul-2026 16:00:29,23,N,0.83,25230921.66,EQ,PSB,1086603,NIFTY PSU BANK
834.62,6.85,840.9,834.1,31-Jul-2026 16:00:29,828,N,0.83,1095084871.12,EQ,INDIANB,1312076,NIFTY PSU BANK
124.86,0.62,125.44,124.9,31-Jul-2026 16:00:29,124.25,N,0.50,1672206279,EQ,CANBK,13392650,NIFTY PSU BANK
243.03,1.15,244.5,242.8,31-Jul-2026 16:00:29,242.1,N,0.48,1889641609.29,EQ,BANKBARODA,7775343,NIFTY PSU BANK
33.88,0.14,34.18,33.87,31-Jul-2026 16:00:29,33.67,N,0.42,53589385.08,EQ,IOB,1581741,NIFTY PSU BANK
137.81,0.5,138.68,137.72,31-Jul-2026 16:00:29,136.87,N,0.36,794910956.46,EQ,BANKINDIA,5768166,NIFTY PSU BANK
1027.65,2.3,1034.3,1027.6,31-Jul-2026 16:00:29,1023.5,N,0.22,11223394180.05,EQ,SBIN,10921417,NIFTY PSU BANK
171.27,0.36,172.8,170.76,31-Jul-2026 16:00:29,169.82,N,0.21,951838848.18,EQ,UNIONBANK,5557534,NIFTY PSU BANK
79.37,0.04,80.2,79.3,31-Jul-2026 16:00:29,78.96,N,0.05,600325948.06,EQ,MAHABANK,7563638,NIFTY PSU BANK
30.99,-0.03,31.14,30.99,31-Jul-2026 16:00:29,30.93,N,-0.10,148289505.24,EQ,CENTRALBK,4785076,NIFTY PSU BANK
358.03,4.5,359.7,358.65,31-Jul-2026 16:00:29,354.75,N,1.27,1399025138.92,EQ,FEDERALBNK,3907564,NIFTY PVT BANK
22.72,0.24,22.85,22.78,31-Jul-2026 16:00:29,22.48,N,1.06,858260768.64,EQ,YESBANK,37775562,NIFTY PVT BANK
174.44,1.18,175.4,173.9,31-Jul-2026 16:00:29,173.28,N,0.68,1226859720.52,EQ,BANDHANBNK,7033133,NIFTY PVT BANK
85.13,0.08,85.74,84.84,31-Jul-2026 16:00:29,84.51,N,0.09,1190219130.35,EQ,IDFCFIRSTB,13981195,NIFTY PVT BANK
1434.94,0,1441.9,1433.9,31-Jul-2026 16:00:29,1431.4,N,0.00,12559226253.6,EQ,ICICIBANK,8752440,NIFTY PVT BANK
1010.25,-0.45,1017.9,1011,31-Jul-2026 16:00:29,996.4,N,-0.04,2952779915.25,EQ,INDUSINDBK,2922821,NIFTY PVT BANK
390.06,-0.55,391.85,388.85,31-Jul-2026 16:00:29,388,N,-0.14,2736129308.22,EQ,KOTAKBANK,7014637,NIFTY PVT BANK
1229.73,-1.8,1239.7,1227.1,31-Jul-2026 16:00:29,1226,N,-0.15,9208139537.28,EQ,AXISBANK,7487936,NIFTY PVT BANK
749.62,-5.95,757.55,748,31-Jul-2026 16:00:29,747.2,N,-0.79,19132163706.46,EQ,HDFCBANK,25522483,NIFTY PVT BANK
376.5,-4.5,381.8,373.55,31-Jul-2026 16:00:29,373,N,-1.19,2201030671.5,EQ,RBLBANK,5846031,NIFTY PVT BANK
1421.03,40.2,1471.2,1418.3,31-Jul-2026 16:00:29,1372.1,N,2.92,380153945.6,EQ,ABREL,267520,NIFTY REALTY
622.57,13.4,632.4,622,31-Jul-2026 16:00:29,608.5,N,2.20,2543058994.32,EQ,ANANTRAJ,4084776,NIFTY REALTY
1364.03,28.6,1378.2,1373,31-Jul-2026 16:00:29,1344.6,N,2.13,80600532.7,EQ,SOBHA,59090,NIFTY REALTY
575.81,11.9,582,577,31-Jul-2026 16:00:29,565,N,2.11,390742938.57,EQ,BRIGADE,678597,NIFTY REALTY
1610.91,22.2,1624.4,1617,31-Jul-2026 16:00:29,1585,N,1.39,1081002766.41,EQ,PRESTIGE,671051,NIFTY REALTY
1826.31,10.6,1836.6,1825,31-Jul-2026 16:00:29,1806,N,0.58,615829905.69,EQ,OBEROIRLTY,337199,NIFTY REALTY
659.23,2.15,661.95,657,31-Jul-2026 16:00:29,656.25,N,0.33,946798651.37,EQ,DLF,1436219,NIFTY REALTY
1899.53,5.1,1917.4,1893,31-Jul-2026 16:00:29,1881.1,N,0.27,1396262823.21,EQ,PHOENIXLTD,735057,NIFTY REALTY
2116.07,-9.8,2134,2101.1,31-Jul-2026 16:00:29,2096.1,N,-0.46,1239481654.29,EQ,GODREJPROP,585747,NIFTY REALTY
1262.31,-43.95,1297,1243.2,31-Jul-2026 16:00:29,1239.55,N,-3.41,4536511137.27,EQ,LODHA,3593817,NIFTY REALTY
5050.79,267.8,5140.7,5139.9,31-Jul-2026 16:00:29,4894.4,N,5.50,7211795755.45,EQ,TORNTPHARM,1427855,NIFTY HEALTHCARE
8022.29,250,8090,8085,31-Jul-2026 16:00:29,7870.5,N,3.19,6369048454.51,EQ,DIVISLAB,793919,NIFTY HEALTHCARE
2236.54,59.7,2256.7,2250,31-Jul-2026 16:00:29,2207,N,2.73,830098530.62,EQ,GLENMARK,371153,NIFTY HEALTHCARE
1814.7,33.7,1826.6,1815,31-Jul-2026 16:00:29,1785,N,1.89,4541430111.3,EQ,LAURUSLABS,2502579,NIFTY HEALTHCARE
1124.76,9.9,1134.3,1125,31-Jul-2026 16:00:29,1117.7,N,0.89,810974455.2,EQ,ZYDUSLIFE,721020,NIFTY HEALTHCARE
27745.11,195,27880,27750,31-Jul-2026 16:00:29,27430,N,0.71,172241642.88,EQ,ABBOTINDIA,6208,NIFTY HEALTHCARE
1472.93,5.6,1478.8,1472,31-Jul-2026 16:00:29,1462.3,N,0.38,1801938374.1,EQ,CIPLA,1223370,NIFTY HEALTHCARE
1578.72,3.7,1588.5,1580,31-Jul-2026 16:00:29,1566.1,N,0.23,695423002.56,EQ,AUROPHARMA,440498,NIFTY HEALTHCARE
425.66,0.65,428.25,426,31-Jul-2026 16:00:29,422.9,N,0.15,981042438.96,EQ,BIOCON,2304756,NIFTY HEALTHCARE
1148.85,0.7,1154.3,1145.5,31-Jul-2026 16:00:29,1141.7,N,0.06,1247468432.85,EQ,DRREDDY,1085841,NIFTY HEALTHCARE
2417.24,-7.3,2435,2413.9,31-Jul-2026 16:00:29,2404,N,-0.30,2432487949.92,EQ,LUPIN,1006308,NIFTY HEALTHCARE
8966.9,-47,9036.5,8941,31-Jul-2026 16:00:29,8931,N,-0.52,2405397825.7,EQ,APOLLOHOSP,268253,NIFTY HEALTHCARE
945.03,-5.45,953.6,943.4,31-Jul-2026 16:00:29,940.7,N,-0.57,639696477.18,EQ,FORTIS,676906,NIFTY HEALTHCARE
2003.84,-14.1,2046.9,1987,31-Jul-2026 16:00:29,1965.3,N,-0.70,9927923084.16,EQ,SUNPHARMA,4954449,NIFTY HEALTHCARE
197.77,-1.73,200.8,194.99,31-Jul-2026 16:00:29,193.19,N,-0.88,1305356559.29,EQ,PPLPHARMA,6600377,NIFTY HEALTHCARE
1753.45,-16.8,1780.3,1742,31-Jul-2026 16:00:29,1741,N,-0.96,242037470.75,EQ,IPCALAB,138035,NIFTY HEALTHCARE
5772.14,-81.5,5833,5735,31-Jul-2026 16:00:29,5735,N,-1.40,673002663.3,EQ,ALKEM,116595,NIFTY HEALTHCARE
1106.84,-23.4,1132,1101.4,31-Jul-2026 16:00:29,1091.2,N,-2.08,2274805239,EQ,MAXHEALTH,2055225,NIFTY HEALTHCARE
387.21,-13.45,399,385.75,31-Jul-2026 16:00:29,383.25,N,-3.37,1185474004.59,EQ,SYNGENE,3061579,NIFTY HEALTHCARE
2458.38,-103.9,2613.5,2472,31-Jul-2026 16:00:29,2422,N,-4.03,5807389281.54,EQ,MANKIND,2362283,NIFTY HEALTHCARE
1211.82,10,1229.9,1202,31-Jul-2026 16:00:29,1177,N,0.84,1148438178.54,EQ,KAJARIACER,947697,NIFTY CONSR DURBL
4870.13,35,4886,4885,31-Jul-2026 16:00:29,4820.9,N,0.72,4886269610.82,EQ,TITAN,1003314,NIFTY CONSR DURBL
697.07,4.15,701.9,695.2,31-Jul-2026 16:00:29,691.15,N,0.60,93350220.26,EQ,BATAINDIA,133918,NIFTY CONSR DURBL
7467.86,24.5,7534.5,7425.5,31-Jul-2026 16:00:29,7395,N,0.33,1203781692.7,EQ,AMBER,161195,NIFTY CONSR DURBL
260.13,-0.05,263.9,260.25,31-Jul-2026 16:00:29,258.15,N,-0.02,760093096.62,EQ,CROMPTON,2921974,NIFTY CONSR DURBL
1260.88,-1.3,1273.9,1260.4,31-Jul-2026 16:00:29,1256.9,N,-0.10,1381120038.56,EQ,HAVELLS,1095362,NIFTY CONSR DURBL
804.81,-3.7,812,802,31-Jul-2026 16:00:29,797,N,-0.46,182212203.24,EQ,WHIRLPOOL,226404,NIFTY CONSR DURBL
1499.83,-8.6,1513.8,1491,31-Jul-2026 16:00:29,1484.8,N,-0.57,574751354.13,EQ,LGEINDIA,383211,NIFTY CONSR DURBL
619.45,-3.6,627.45,609.4,31-Jul-2026 16:00:29,608,N,-0.59,1151516046.85,EQ,PGEL,1858933,NIFTY CONSR DURBL
1695.8,-13.4,1721.1,1678,31-Jul-2026 16:00:29,1672,N,-0.79,318186345.6,EQ,BLUESTARCO,187632,NIFTY CONSR DURBL
1338.98,-11.2,1353.8,1322,31-Jul-2026 16:00:29,1322,N,-0.84,1001709683.72,EQ,VOLTAS,748114,NIFTY CONSR DURBL
623.15,-21.3,638.4,613.3,31-Jul-2026 16:00:29,610.05,N,-3.36,14775588790.05,EQ,KALYANKJIL,23711127,NIFTY CONSR DURBL
14245.27,-587,14589,13751,31-Jul-2026 16:00:29,13601,N,-4.09,9041857491.29,EQ,DIXON,634727,NIFTY CONSR DURBL
179.21,7.36,182.21,181,31-Jul-2026 16:00:29,173.5,N,4.24,6970093920.03,EQ,GAIL,38893443,NIFTY OIL AND GAS
1254.96,28.3,1291.4,1277.6,31-Jul-2026 16:00:29,1222.3,N,2.27,1044922364.64,EQ,AEGISLOG,832634,NIFTY OIL AND GAS
1253.96,20.6,1274,1258.8,31-Jul-2026 16:00:29,1222.3,N,1.66,1883889313.92,EQ,CHENNPETRO,1502352,NIFTY OIL AND GAS
318.24,4.4,320.4,320.2,31-Jul-2026 16:00:29,314.4,N,1.39,1626545962.08,EQ,BPCL,5111067,NIFTY OIL AND GAS
1303.09,12.1,1309.7,1305,31-Jul-2026 16:00:29,1293.6,N,0.94,11239146037.64,EQ,RELIANCE,8624996,NIFTY OIL AND GAS
457.15,2.35,459.4,459.25,31-Jul-2026 16:00:29,451.2,N,0.51,744850495.25,EQ,OIL,1629335,NIFTY OIL AND GAS
279.88,1.15,281.3,280.05,31-Jul-2026 16:00:29,276.95,N,0.41,310868873.36,EQ,PETRONET,1110722,NIFTY OIL AND GAS
241.16,0.71,242.96,242.3,31-Jul-2026 16:00:29,238.17,N,0.29,2428657005.64,EQ,ONGC,10070729,NIFTY OIL AND GAS
185.17,0.51,185.61,185.33,31-Jul-2026 16:00:29,184.93,N,0.28,160536834.9,EQ,CASTROLIND,866970,NIFTY OIL AND GAS
389.32,1,391.9,389.45,31-Jul-2026 16:00:29,385.6,N,0.26,3021830205.12,EQ,HINDPETRO,7761816,NIFTY OIL AND GAS
652.92,1.35,657.5,651.5,31-Jul-2026 16:00:29,647.75,N,0.21,300643543.2,EQ,ATGL,460460,NIFTY OIL AND GAS
151.99,0.26,152.69,152,31-Jul-2026 16:00:29,151.06,N,0.17,100475269.35,EQ,IGL,661065,NIFTY OIL AND GAS
140,0.05,140.69,139.99,31-Jul-2026 16:00:29,138.86,N,0.04,1347693060,EQ,IOC,9626379,NIFTY OIL AND GAS
1141.77,-5,1179,1113.5,31-Jul-2026 16:00:29,1111.1,N,-0.45,937736842.77,EQ,MGL,821301,NIFTY OIL AND GAS
292.35,-1.7,295.47,290.6,31-Jul-2026 16:00:29,288,N,-0.58,246729659.55,EQ,AEGISVOPAK,843953,NIFTY OIL AND GAS
1936.29,53.7,1966,1957.7,31-Jul-2026 16:00:29,1888.1,N,2.82,1258826663.67,EQ,WOCKPHARMA,650123,NIFTY MIDSML HLTH
2236.54,59.7,2256.7,2250,31-Jul-2026 16:00:29,2207,N,2.73,830098530.62,EQ,GLENMARK,371153,NIFTY MIDSML HLTH
1701.38,34.8,1723,1702,31-Jul-2026 16:00:29,1660,N,2.09,190396331.66,EQ,POLYMED,111907,NIFTY MIDSML HLTH
1814.7,33.7,1826.6,1815,31-Jul-2026 16:00:29,1785,N,1.89,4541430111.3,EQ,LAURUSLABS,2502579,NIFTY MIDSML HLTH
2630.26,40.3,2679,2651,31-Jul-2026 16:00:29,2564.7,N,1.54,311599011.42,EQ,GLAXO,118467,NIFTY MIDSML HLTH
1886.08,21.2,1916.1,1900,31-Jul-2026 16:00:29,1852.9,N,1.13,671208720,EQ,LALPATHLAB,355875,NIFTY MIDSML HLTH
3425.86,33.6,3498,3470,31-Jul-2026 16:00:29,3350,N,0.98,723795145.64,EQ,AJANTPHARM,211274,NIFTY MIDSML HLTH
819.01,6,827.35,820,31-Jul-2026 16:00:29,799.2,N,0.74,337012786.88,EQ,ASTERDM,411488,NIFTY MIDSML HLTH
27745.11,195,27880,27750,31-Jul-2026 16:00:29,27430,N,0.71,172241642.88,EQ,ABBOTINDIA,6208,NIFTY MIDSML HLTH
4816.72,25.5,4848.1,4826.8,31-Jul-2026 16:00:29,4780,N,0.53,128418571.92,EQ,PFIZER,26661,NIFTY MIDSML HLTH
1320.59,4.8,1338,1320,31-Jul-2026 16:00:29,1303.6,N,0.36,398132793.79,EQ,SAILIFE,301481,NIFTY MIDSML HLTH
1578.72,3.7,1588.5,1580,31-Jul-2026 16:00:29,1566.1,N,0.23,695423002.56,EQ,AUROPHARMA,440498,NIFTY MIDSML HLTH
425.66,0.65,428.25,426,31-Jul-2026 16:00:29,422.9,N,0.15,981042438.96,EQ,BIOCON,2304756,NIFTY MIDSML HLTH
808.62,0.55,814,807.55,31-Jul-2026 16:00:29,801.9,N,0.07,318480647.34,EQ,KIMS,393857,NIFTY MIDSML HLTH
424.97,-0.05,427.55,425.25,31-Jul-2026 16:00:29,421.45,N,-0.01,73112688.74,EQ,COHANCE,172042,NIFTY MIDSML HLTH
2417.24,-7.3,2435,2413.9,31-Jul-2026 16:00:29,2404,N,-0.30,2432487949.92,EQ,LUPIN,1006308,NIFTY MIDSML HLTH
2517.04,-12,2535.9,2505,31-Jul-2026 16:00:29,2500,N,-0.48,671616749.12,EQ,GLAND,266828,NIFTY MIDSML HLTH
945.03,-5.45,953.6,943.4,31-Jul-2026 16:00:29,940.7,N,-0.57,639696477.18,EQ,FORTIS,676906,NIFTY MIDSML HLTH
830.26,-6.05,842,827.9,31-Jul-2026 16:00:29,822.5,N,-0.73,575763723.24,EQ,GRANULES,693474,NIFTY MIDSML HLTH
19075.38,-152,19389,19050,31-Jul-2026 16:00:29,18808,N,-0.79,1029898841.58,EQ,NEULANDLAB,53991,NIFTY MIDSML HLTH
1380.36,-11.4,1415,1405,31-Jul-2026 16:00:29,1334.8,N,-0.80,645080878.08,EQ,MEDANTA,467328,NIFTY MIDSML HLTH
197.77,-1.73,200.8,194.99,31-Jul-2026 16:00:29,193.19,N,-0.88,1305356559.29,EQ,PPLPHARMA,6600377,NIFTY MIDSML HLTH
1753.45,-16.8,1780.3,1742,31-Jul-2026 16:00:29,1741,N,-0.96,242037470.75,EQ,IPCALAB,138035,NIFTY MIDSML HLTH
920.75,-10.35,935.65,919.5,31-Jul-2026 16:00:29,913,N,-1.11,303524316.75,EQ,NATCOPHARM,329649,NIFTY MIDSML HLTH
5772.14,-81.5,5833,5735,31-Jul-2026 16:00:29,5735,N,-1.40,673002663.3,EQ,ALKEM,116595,NIFTY MIDSML HLTH
2048.49,-60.3,2088.5,2020,31-Jul-2026 16:00:29,2012,N,-2.90,549611915.49,EQ,NH,268301,NIFTY MIDSML HLTH
387.21,-13.45,399,385.75,31-Jul-2026 16:00:29,383.25,N,-3.37,1185474004.59,EQ,SYNGENE,3061579,NIFTY MIDSML HLTH
2458.38,-103.9,2613.5,2472,31-Jul-2026 16:00:29,2422,N,-4.03,5807389281.54,EQ,MANKIND,2362283,NIFTY MIDSML HLTH
1649.62,-71.3,1692.9,1617,31-Jul-2026 16:00:29,1601.5,N,-4.22,709785296.64,EQ,ONESOURCE,430272,NIFTY MIDSML HLTH
3141.47,-146.8,3232.9,3087,31-Jul-2026 16:00:29,3062.1,N,-4.54,2841186307.11,EQ,ACUTAAS,904413,NIFTY MIDSML HLTH
1123.5,87.7,1151.5,1141.2,31-Jul-2026 16:00:29,1083.6,N,8.32,45855191865,EQ,BAJFINANCE,40814590,NIFTY FINSEREXBNK
2002.52,121.6,2036.6,2031,31-Jul-2026 16:00:29,1930,N,6.37,7473176352.72,EQ,BAJAJFINSV,3731886,NIFTY FINSEREXBNK
1839.96,71.4,1863.1,1845.2,31-Jul-2026 16:00:29,1779.4,N,4.03,5417550624.6,EQ,CHOLAFIN,2944385,NIFTY FINSEREXBNK
3101.52,119.8,3144.8,3128.5,31-Jul-2026 16:00:29,3015.1,N,3.98,3985502824.32,EQ,MUTHOOTFIN,1285016,NIFTY FINSEREXBNK
253.24,9.15,257.06,256.1,31-Jul-2026 16:00:29,247,N,3.71,10849005964.68,EQ,JIOFIN,42840807,NIFTY FINSEREXBNK
11298.63,365,11467,11335,31-Jul-2026 16:00:29,10951,N,3.33,1016628130.14,EQ,BAJAJHLDNG,89978,NIFTY FINSEREXBNK
3600.09,115.7,3652.5,3646,31-Jul-2026 16:00:29,3517,N,3.28,9912451805.1,EQ,BSE,2753390,NIFTY FINSEREXBNK
2602.57,71.7,2630,2618,31-Jul-2026 16:00:29,2550.1,N,2.82,2149098203.2,EQ,HDFCAMC,825760,NIFTY FINSEREXBNK
407.08,10.95,413,405,31-Jul-2026 16:00:29,396.1,N,2.78,4456525397.36,EQ,ABCAPITAL,10947542,NIFTY FINSEREXBNK
297.44,5.85,299.95,297.5,31-Jul-2026 16:00:29,292.5,N,2.01,1376241792.64,EQ,ANGELONE,4626956,NIFTY FINSEREXBNK
1047.31,20.4,1059.4,1045.5,31-Jul-2026 16:00:29,1028.1,N,1.99,1170923999.3,EQ,PNBHOUSING,1118030,NIFTY FINSEREXBNK
1045.36,19,1054.6,1046.2,31-Jul-2026 16:00:29,1029.1,N,1.85,6604817595.28,EQ,SHRIRAMFIN,6318223,NIFTY FINSEREXBNK
311.82,4.75,314.05,311,31-Jul-2026 16:00:29,306.65,N,1.55,1661860904.64,EQ,LTF,5329552,NIFTY FINSEREXBNK
514.09,6.45,517.2,517.05,31-Jul-2026 16:00:29,509,N,1.26,515289886.06,EQ,ICICIPRULI,1002334,NIFTY FINSEREXBNK
546.53,5.5,550.9,550.9,31-Jul-2026 16:00:29,544.05,N,1.01,6251470288.28,EQ,HDFCLIFE,11438476,NIFTY FINSEREXBNK
1882.61,13,1898.9,1890.5,31-Jul-2026 16:00:29,1870.6,N,0.69,1362731013.72,EQ,SBILIFE,723852,NIFTY FINSEREXBNK
423.92,2.7,427.1,425,31-Jul-2026 16:00:29,420.35,N,0.64,4401231126.32,EQ,PFC,10382221,NIFTY FINSEREXBNK
372.32,2.2,374,372.85,31-Jul-2026 16:00:29,370,N,0.59,1341948880.48,EQ,RECLTD,3604289,NIFTY FINSEREXBNK
2690.48,15.3,2704.7,2692.3,31-Jul-2026 16:00:29,2668.4,N,0.57,2687843329.6,EQ,MCX,999020,NIFTY FINSEREXBNK
1602.48,8.5,1613.5,1602,31-Jul-2026 16:00:29,1594,N,0.53,868657936.08,EQ,POLICYBZR,542071,NIFTY FINSEREXBNK
1345.23,4.9,1360,1337.4,31-Jul-2026 16:00:29,1322.2,N,0.37,3098137332.42,EQ,PAYTM,2303054,NIFTY FINSEREXBNK
660.55,2.2,665.5,660,31-Jul-2026 16:00:29,656.55,N,0.33,597025567.05,EQ,SBICARD,903831,NIFTY FINSEREXBNK
423.2,1.3,425.65,424.15,31-Jul-2026 16:00:29,420.3,N,0.31,549851910.4,EQ,LICI,1299272,NIFTY FINSEREXBNK
798.89,1.95,807.6,795.1,31-Jul-2026 16:00:29,787.1,N,0.25,741753387.2,EQ,CAMS,928480,NIFTY FINSEREXBNK
89.15,0.18,89.88,89.1,31-Jul-2026 16:00:29,88.43,N,0.20,1074250902.9,EQ,IRFC,12049926,NIFTY FINSEREXBNK
1501.6,-3.8,1520.5,1507,31-Jul-2026 16:00:29,1494.4,N,-0.25,775379690.4,EQ,MFSL,516369,NIFTY FINSEREXBNK
1339,-4.5,1348,1331.9,31-Jul-2026 16:00:29,1330,N,-0.34,998466859,EQ,CDSL,745681,NIFTY FINSEREXBNK
1145.68,-6.9,1166,1136,31-Jul-2026 16:00:29,1132,N,-0.60,1338172570.88,EQ,360ONE,1168016,NIFTY FINSEREXBNK
1628.14,-10.9,1644.5,1627,31-Jul-2026 16:00:29,1618.6,N,-0.67,767672894.42,EQ,ICICIGI,471503,NIFTY FINSEREXBNK
526.84,-17.9,540.2,523,31-Jul-2026 16:00:29,521.5,N,-3.31,2206825284.64,EQ,LICHSGFIN,4188796,NIFTY FINSEREXBNK
3600.09,115.7,3652.5,3646,31-Jul-2026 16:00:29,3517,N,3.28,9912451805.1,EQ,BSE,2753390,NIFTY MS FIN SERV
407.08,10.95,413,405,31-Jul-2026 16:00:29,396.1,N,2.78,4456525397.36,EQ,ABCAPITAL,10947542,NIFTY MS FIN SERV
297.44,5.85,299.95,297.5,31-Jul-2026 16:00:29,292.5,N,2.01,1376241792.64,EQ,ANGELONE,4626956,NIFTY MS FIN SERV
1047.31,20.4,1059.4,1045.5,31-Jul-2026 16:00:29,1028.1,N,1.99,1170923999.3,EQ,PNBHOUSING,1118030,NIFTY MS FIN SERV
1045.49,16.3,1057.4,1046,31-Jul-2026 16:00:29,1034.9,N,1.58,2316575832.2,EQ,AUBANK,2215780,NIFTY MS FIN SERV
311.82,4.75,314.05,311,31-Jul-2026 16:00:29,306.65,N,1.55,1661860904.64,EQ,LTF,5329552,NIFTY MS FIN SERV
358.03,4.5,359.7,358.65,31-Jul-2026 16:00:29,354.75,N,1.27,1399025138.92,EQ,FEDERALBNK,3907564,NIFTY MS FIN SERV
514.09,6.45,517.2,517.05,31-Jul-2026 16:00:29,509,N,1.26,515289886.06,EQ,ICICIPRULI,1002334,NIFTY MS FIN SERV
22.72,0.24,22.85,22.78,31-Jul-2026 16:00:29,22.48,N,1.06,858260768.64,EQ,YESBANK,37775562,NIFTY MS FIN SERV
372.57,3.55,377,371.9,31-Jul-2026 16:00:29,367.3,N,0.96,2441764913.94,EQ,MANAPPURAM,6553842,NIFTY MS FIN SERV
834.62,6.85,840.9,834.1,31-Jul-2026 16:00:29,828,N,0.83,1095084871.12,EQ,INDIANB,1312076,NIFTY MS FIN SERV
174.44,1.18,175.4,173.9,31-Jul-2026 16:00:29,173.28,N,0.68,1226859720.52,EQ,BANDHANBNK,7033133,NIFTY MS FIN SERV
2690.48,15.3,2704.7,2692.3,31-Jul-2026 16:00:29,2668.4,N,0.57,2687843329.6,EQ,MCX,999020,NIFTY MS FIN SERV
1602.48,8.5,1613.5,1602,31-Jul-2026 16:00:29,1594,N,0.53,868657936.08,EQ,POLICYBZR,542071,NIFTY MS FIN SERV
132.22,0.52,133.5,131.92,31-Jul-2026 16:00:29,131.05,N,0.40,512280836.76,EQ,IEX,3874458,NIFTY MS FIN SERV
1345.23,4.9,1360,1337.4,31-Jul-2026 16:00:29,1322.2,N,0.37,3098137332.42,EQ,PAYTM,2303054,NIFTY MS FIN SERV
137.81,0.5,138.68,137.72,31-Jul-2026 16:00:29,136.87,N,0.36,794910956.46,EQ,BANKINDIA,5768166,NIFTY MS FIN SERV
660.55,2.2,665.5,660,31-Jul-2026 16:00:29,656.55,N,0.33,597025567.05,EQ,SBICARD,903831,NIFTY MS FIN SERV
423.2,1.3,425.65,424.15,31-Jul-2026 16:00:29,420.3,N,0.31,549851910.4,EQ,LICI,1299272,NIFTY MS FIN SERV
798.89,1.95,807.6,795.1,31-Jul-2026 16:00:29,787.1,N,0.25,741753387.2,EQ,CAMS,928480,NIFTY MS FIN SERV
85.13,0.08,85.74,84.84,31-Jul-2026 16:00:29,84.51,N,0.09,1190219130.35,EQ,IDFCFIRSTB,13981195,NIFTY MS FIN SERV
1010.25,-0.45,1017.9,1011,31-Jul-2026 16:00:29,996.4,N,-0.04,2952779915.25,EQ,INDUSINDBK,2922821,NIFTY MS FIN SERV
1501.6,-3.8,1520.5,1507,31-Jul-2026 16:00:29,1494.4,N,-0.25,775379690.4,EQ,MFSL,516369,NIFTY MS FIN SERV
1339,-4.5,1348,1331.9,31-Jul-2026 16:00:29,1330,N,-0.34,998466859,EQ,CDSL,745681,NIFTY MS FIN SERV
946.32,-4.5,956.3,936,31-Jul-2026 16:00:29,933.6,N,-0.48,598800067.44,EQ,KFINTECH,632767,NIFTY MS FIN SERV
195.8,-1.16,197.98,194.7,31-Jul-2026 16:00:29,194.4,N,-0.59,286233754.4,EQ,HUDCO,1461868,NIFTY MS FIN SERV
1145.68,-6.9,1166,1136,31-Jul-2026 16:00:29,1132,N,-0.60,1338172570.88,EQ,360ONE,1168016,NIFTY MS FIN SERV
1628.14,-10.9,1644.5,1627,31-Jul-2026 16:00:29,1618.6,N,-0.67,767672894.42,EQ,ICICIGI,471503,NIFTY MS FIN SERV
376.5,-4.5,381.8,373.55,31-Jul-2026 16:00:29,373,N,-1.19,2201030671.5,EQ,RBLBANK,5846031,NIFTY MS FIN SERV
526.84,-17.9,540.2,523,31-Jul-2026 16:00:29,521.5,N,-3.31,2206825284.64,EQ,LICHSGFIN,4188796,NIFTY MS FIN SERV
193.61,9.23,193.92,193.92,31-Jul-2026 16:00:29,191.01,N,5.00,6399473807.86,EQ,HFCL,33053426,NIFTY MS IT TELCM
315.49,11.6,324.6,320.5,31-Jul-2026 16:00:29,301.6,N,3.76,737523181.43,EQ,SONATSOFTW,2337707,NIFTY MS IT TELCM
705.97,14.5,724.05,720,31-Jul-2026 16:00:29,685.1,N,2.06,1519135190.77,EQ,INTELLECT,2151841,NIFTY MS IT TELCM
12.95,0.15,13.08,13.02,31-Jul-2026 16:00:29,12.76,N,1.17,5015141268.2,EQ,IDEA,387269596,NIFTY MS IT TELCM
592.05,6.4,607.5,596.15,31-Jul-2026 16:00:29,575.5,N,1.09,3693135077.85,EQ,KPITTECH,6237877,NIFTY MS IT TELCM
11142.27,64,11270,11200,31-Jul-2026 16:00:29,10882,N,0.57,3279704889.96,EQ,OFSS,294348,NIFTY MS IT TELCM
3643.74,16.4,3686.9,3674.7,31-Jul-2026 16:00:29,3566.5,N,0.45,980854726.86,EQ,TATAELXSI,269189,NIFTY MS IT TELCM
5470.8,19.3,5580,5534,31-Jul-2026 16:00:29,5263.4,N,0.35,8049056740.8,EQ,PERSISTENT,1471276,NIFTY MS IT TELCM
847.73,0.3,852.1,848,31-Jul-2026 16:00:29,837.1,N,0.04,298653583.54,EQ,CYIENT,352298,NIFTY MS IT TELCM
386.07,-0.2,394.9,392.7,31-Jul-2026 16:00:29,371.4,N,-0.05,3152025275.16,EQ,INDUSTOWER,8164388,NIFTY MS IT TELCM
3510.93,-18.8,3580,3540.3,31-Jul-2026 16:00:29,3456.3,N,-0.53,419640397.32,EQ,LTTS,119524,NIFTY MS IT TELCM
746.32,-5.2,752.65,746.15,31-Jul-2026 16:00:29,733,N,-0.69,323663311.28,EQ,TATATECH,433679,NIFTY MS IT TELCM
2317.52,-16.7,2351.8,2330,31-Jul-2026 16:00:29,2222.3,N,-0.71,1318467255.76,EQ,MPHASIS,568913,NIFTY MS IT TELCM
1762.2,-18.7,1799,1755,31-Jul-2026 16:00:29,1751,N,-1.05,308480158.8,EQ,TATACOMM,175054,NIFTY MS IT TELCM
1612.03,-20,1644.9,1616,31-Jul-2026 16:00:29,1598.1,N,-1.22,299713453.69,EQ,BHARTIHEXA,185923,NIFTY MS IT TELCM
1716.57,-24.9,1738.8,1722,31-Jul-2026 16:00:29,1681.7,N,-1.43,5803843329.9,EQ,COFORGE,3381070,NIFTY MS IT TELCM
1595.14,-32.7,1634.6,1590,31-Jul-2026 16:00:29,1578.1,N,-2.02,483772464.06,EQ,AFFLE,303279,NIFTY MS IT TELCM
508.22,-13.4,524.7,507.5,31-Jul-2026 16:00:29,503.45,N,-2.57,803210200.36,EQ,ZENSARTECH,1580438,NIFTY MS IT TELCM
569.57,-15.55,580.9,560,31-Jul-2026 16:00:29,559.8,N,-2.70,435931790.9,EQ,HEXT,765370,NIFTY MS IT TELCM
44.24,-2.5,46.19,43.48,31-Jul-2026 16:00:29,43.2,N,-5.44,1747153508.8,EQ,SAGILITY,39492620,NIFTY MS IT TELCM
7550.92,193.5,7655,7580,31-Jul-2026 16:00:29,7473.5,N,2.62,1465693979.36,EQ,NAVINFLUOR,194108,NIFTY CHEMICALS
6741.4,133,6810,6770,31-Jul-2026 16:00:29,6646.5,N,2.00,375320703.6,EQ,LINDEINDIA,55674,NIFTY CHEMICALS
18416.27,307,18619,18360,31-Jul-2026 16:00:29,18110,N,1.70,1637887804.99,EQ,SOLARINDS,88937,NIFTY CHEMICALS
497.97,6,516.95,486.2,31-Jul-2026 16:00:29,485.1,N,1.25,5623506490.14,EQ,AARTIIND,11292862,NIFTY CHEMICALS
2066.59,25.7,2082,2079.9,31-Jul-2026 16:00:29,2026,N,1.25,326891139.61,EQ,COROMANDEL,158179,NIFTY CHEMICALS
1660.92,14.2,1671,1658.1,31-Jul-2026 16:00:29,1645.5,N,0.86,228879758.76,EQ,DEEPAKNTR,137803,NIFTY CHEMICALS
508.94,4,514.05,512.4,31-Jul-2026 16:00:29,502.1,N,0.79,300130061.04,EQ,SUMICHEM,589716,NIFTY CHEMICALS
2619.58,20,2639.1,2624.8,31-Jul-2026 16:00:29,2597.8,N,0.77,956605126.5,EQ,SRF,365175,NIFTY CHEMICALS
1570.9,11.5,1608.8,1543.9,31-Jul-2026 16:00:29,1511.2,N,0.75,1789099580.9,EQ,DEEPAKFERT,1138901,NIFTY CHEMICALS
672.69,2.7,676.4,673,31-Jul-2026 16:00:29,668.2,N,0.40,225119744.64,EQ,TATACHEM,334656,NIFTY CHEMICALS
306.06,0.35,310,307,31-Jul-2026 16:00:29,304,N,0.11,322870345.5,EQ,SWANCORP,1054925,NIFTY CHEMICALS
603.93,0.15,607.6,602.7,31-Jul-2026 16:00:29,599.05,N,0.02,837297610.95,EQ,UPL,1386415,NIFTY CHEMICALS
4211.7,-6.5,4264.9,4220,31-Jul-2026 16:00:29,4188.2,N,-0.15,116352424.2,EQ,BAYERCROP,27626,NIFTY CHEMICALS
4411.84,-30,4471,4365,31-Jul-2026 16:00:29,4344.6,N,-0.68,199922529.6,EQ,FLUOROCHEM,45315,NIFTY CHEMICALS
2753.43,-20.1,2781.3,2757.2,31-Jul-2026 16:00:29,2740,N,-0.72,276543495.48,EQ,PIIND,100436,NIFTY CHEMICALS
6767.67,-54,6871.5,6749,31-Jul-2026 16:00:29,6703,N,-0.79,330390881.73,EQ,ATUL,48819,NIFTY CHEMICALS
1615.5,-22.2,1637.9,1607.7,31-Jul-2026 16:00:29,1601,N,-1.36,1327073476.5,EQ,PIDILITIND,821463,NIFTY CHEMICALS
441.31,-6.95,448.2,438.9,31-Jul-2026 16:00:29,436.25,N,-1.56,378388902.82,EQ,CHAMBLFERT,857422,NIFTY CHEMICALS
762.4,-12.7,781.9,747.8,31-Jul-2026 16:00:29,742.5,N,-1.67,3523067935.2,EQ,HSCL,4621023,NIFTY CHEMICALS
317.52,-10.6,330.6,317.4,31-Jul-2026 16:00:29,313.3,N,-3.23,2918191374,EQ,PCBL,9190575,NIFTY CHEMICALS
1421.03,40.2,1471.2,1418.3,31-Jul-2026 16:00:29,1372.1,N,2.92,380153945.6,EQ,ABREL,267520,NIFTY REITS REALTY
622.57,13.4,632.4,622,31-Jul-2026 16:00:29,608.5,N,2.20,2543058994.32,EQ,ANANTRAJ,4084776,NIFTY REITS REALTY
1364.03,28.6,1378.2,1373,31-Jul-2026 16:00:29,1344.6,N,2.13,80600532.7,EQ,SOBHA,59090,NIFTY REITS REALTY
575.81,11.9,582,577,31-Jul-2026 16:00:29,565,N,2.11,390742938.57,EQ,BRIGADE,678597,NIFTY REITS REALTY
1610.91,22.2,1624.4,1617,31-Jul-2026 16:00:29,1585,N,1.39,1081002766.41,EQ,PRESTIGE,671051,NIFTY REITS REALTY
1826.31,10.6,1836.6,1825,31-Jul-2026 16:00:29,1806,N,0.58,615829905.69,EQ,OBEROIRLTY,337199,NIFTY REITS REALTY
659.23,2.15,661.95,657,31-Jul-2026 16:00:29,656.25,N,0.33,946798651.37,EQ,DLF,1436219,NIFTY REITS REALTY
438.74,1.27,441.7,439,31-Jul-2026 16:00:29,436,N,0.29,696821785.16,RR,EMBASSY,1588234,NIFTY REITS REALTY
1899.53,5.1,1917.4,1893,31-Jul-2026 16:00:29,1881.1,N,0.27,1396262823.21,EQ,PHOENIXLTD,735057,NIFTY REITS REALTY
341.15,0.38,342.78,341.5,31-Jul-2026 16:00:29,340.1,N,0.11,75368222.6,RR,BIRET,220924,NIFTY REITS REALTY
118.2,-0.24,118.7,118.22,31-Jul-2026 16:00:29,117.25,N,-0.20,11992099.2,RR,KRT,101456,NIFTY REITS REALTY
2116.07,-9.8,2134,2101.1,31-Jul-2026 16:00:29,2096.1,N,-0.46,1239481654.29,EQ,GODREJPROP,585747,NIFTY REITS REALTY
166.85,-0.91,168.1,167,31-Jul-2026 16:00:29,165.9,N,-0.54,32672900.7,RR,NXST,195822,NIFTY REITS REALTY
493.16,-3.85,498,491.95,31-Jul-2026 16:00:29,488.15,N,-0.78,52880560.48,RR,MINDSPACE,107228,NIFTY REITS REALTY
1262.31,-43.95,1297,1243.2,31-Jul-2026 16:00:29,1239.55,N,-3.41,4536511137.27,EQ,LODHA,3593817,NIFTY REITS REALTY
106.06,1.63,107.3,106.48,31-Jul-2026 16:00:29,104.83,N,1.55,10798180.72,EQ,PRSMJOHNSN,101812,NIFTY CEMENT
132.57,2.01,133.36,133.3,31-Jul-2026 16:00:29,131.11,N,1.53,108635414.49,EQ,JSWCEMENT,819457,NIFTY CEMENT
896.03,6.9,908.2,891.9,31-Jul-2026 16:00:29,882.2,N,0.78,82971481.97,EQ,BIRLACORPN,92599,NIFTY CEMENT
917.6,5,921.75,920,31-Jul-2026 16:00:29,910.95,N,0.55,41559939.2,EQ,RAMCOCEM,45292,NIFTY CEMENT
26035.96,135,26590,26590,31-Jul-2026 16:00:29,25500,N,0.51,2920297417.44,EQ,SHREECEM,112164,NIFTY CEMENT
1802.6,5.8,1816.5,1800,31-Jul-2026 16:00:29,1788.1,N,0.32,186752965.2,EQ,DALBHARAT,103602,NIFTY CEMENT
11919.96,37,12009,11884,31-Jul-2026 16:00:29,11799,N,0.31,4654398701.16,EQ,ULTRACEMCO,390471,NIFTY CEMENT
1360.05,3.5,1373.7,1360,31-Jul-2026 16:00:29,1351,N,0.26,185358494.4,EQ,ACC,136288,NIFTY CEMENT
136.55,0.23,138.05,136.8,31-Jul-2026 16:00:29,135.81,N,0.17,21666798.15,EQ,ORIENTCEM,158673,NIFTY CEMENT
202.92,-0.01,205,202.52,31-Jul-2026 16:00:29,202.31,N,-0.00,30756787.32,EQ,STARCEMENT,151571,NIFTY CEMENT
3109.41,-8.8,3135.9,3096,31-Jul-2026 16:00:29,3092.6,N,-0.28,962197596.27,EQ,GRASIM,309447,NIFTY CEMENT
565.28,-1.7,575.9,564.5,31-Jul-2026 16:00:29,563,N,-0.30,31533014.24,EQ,JKLAKSHMI,55783,NIFTY CEMENT
433.21,-2.2,438.95,432,31-Jul-2026 16:00:29,430.25,N,-0.51,520888671.53,EQ,AMBUJACEM,1202393,NIFTY CEMENT
398.42,-3.5,401.7,395.9,31-Jul-2026 16:00:29,395.35,N,-0.88,43346103.9,EQ,INDIACEM,108795,NIFTY CEMENT
346.72,-4.2,353,345,31-Jul-2026 16:00:29,343,N,-1.20,131789658.88,EQ,NUVOCO,380104,NIFTY CEMENT
5479.91,-88,5606.5,5479,31-Jul-2026 16:00:29,5377.5,N,-1.58,437872208.55,EQ,JKCEMENT,79905,NIFTY CEMENT
552.56,11.4,557.2,555.1,31-Jul-2026 16:00:29,541.9,N,2.10,876145766.72,EQ,JSWENERGY,1585612,NIFTY COMMODITIES
189.26,3.07,191.84,189.99,31-Jul-2026 16:00:29,186.31,N,1.64,6482076267.84,EQ,TATASTEEL,34249584,NIFTY COMMODITIES
1374,19.3,1397,1378,31-Jul-2026 16:00:29,1353,N,1.42,2159853804,EQ,ADANIGREEN,1571946,NIFTY COMMODITIES
318.24,4.4,320.4,320.2,31-Jul-2026 16:00:29,314.4,N,1.39,1626545962.08,EQ,BPCL,5111067,NIFTY COMMODITIES
379.86,4.85,381.35,380.8,31-Jul-2026 16:00:29,377.15,N,1.29,1142004646.38,EQ,TATAPOWER,3006383,NIFTY COMMODITIES
1303.09,12.1,1309.7,1305,31-Jul-2026 16:00:29,1293.6,N,0.94,11239146037.64,EQ,RELIANCE,8624996,NIFTY COMMODITIES
211.13,1.78,212.68,210.75,31-Jul-2026 16:00:29,209.11,N,0.85,3212595883.74,EQ,ADANIPOWER,15216198,NIFTY COMMODITIES
78.47,0.63,78.86,78.7,31-Jul-2026 16:00:29,77.91,N,0.81,444352225.94,EQ,NHPC,5662702,NIFTY COMMODITIES
2619.58,20,2639.1,2624.8,31-Jul-2026 16:00:29,2597.8,N,0.77,956605126.5,EQ,SRF,365175,NIFTY COMMODITIES
1106.24,8.3,1114,1102,31-Jul-2026 16:00:29,1093.6,N,0.76,866503410.88,EQ,JINDALSTEL,783287,NIFTY COMMODITIES
413.4,2.7,415.1,414.4,31-Jul-2026 16:00:29,410.15,N,0.66,2454824595.6,EQ,COALINDIA,5938134,NIFTY COMMODITIES
346.26,1.75,348.25,346.6,31-Jul-2026 16:00:29,343.55,N,0.51,2949830144.94,EQ,NTPC,8519119,NIFTY COMMODITIES
26035.96,135,26590,26590,31-Jul-2026 16:00:29,25500,N,0.51,2920297417.44,EQ,SHREECEM,112164,NIFTY COMMODITIES
457.15,2.35,459.4,459.25,31-Jul-2026 16:00:29,451.2,N,0.51,744850495.25,EQ,OIL,1629335,NIFTY COMMODITIES
979.59,4.1,988,974.5,31-Jul-2026 16:00:29,971.05,N,0.42,5465461752.24,EQ,HINDALCO,5579336,NIFTY COMMODITIES
11919.96,37,12009,11884,31-Jul-2026 16:00:29,11799,N,0.31,4654398701.16,EQ,ULTRACEMCO,390471,NIFTY COMMODITIES
241.16,0.71,242.96,242.3,31-Jul-2026 16:00:29,238.17,N,0.29,2428657005.64,EQ,ONGC,10070729,NIFTY COMMODITIES
389.32,1,391.9,389.45,31-Jul-2026 16:00:29,385.6,N,0.26,3021830205.12,EQ,HINDPETRO,7761816,NIFTY COMMODITIES
85.01,0.04,85.6,85.05,31-Jul-2026 16:00:29,84.69,N,0.05,1087087817.64,EQ,NMDC,12787764,NIFTY COMMODITIES
1269.66,0.6,1282.2,1271.4,31-Jul-2026 16:00:29,1262,N,0.05,1840844483.52,EQ,JSWSTEEL,1449872,NIFTY COMMODITIES
140,0.05,140.69,139.99,31-Jul-2026 16:00:29,138.86,N,0.04,1347693060,EQ,IOC,9626379,NIFTY COMMODITIES
603.93,0.15,607.6,602.7,31-Jul-2026 16:00:29,599.05,N,0.02,837297610.95,EQ,UPL,1386415,NIFTY COMMODITIES
3109.41,-8.8,3135.9,3096,31-Jul-2026 16:00:29,3092.6,N,-0.28,962197596.27,EQ,GRASIM,309447,NIFTY COMMODITIES
433.21,-2.2,438.95,432,31-Jul-2026 16:00:29,430.25,N,-0.51,520888671.53,EQ,AMBUJACEM,1202393,NIFTY COMMODITIES
2753.43,-20.1,2781.3,2757.2,31-Jul-2026 16:00:29,2740,N,-0.72,276543495.48,EQ,PIIND,100436,NIFTY COMMODITIES
1411.8,-13.5,1437,1410,31-Jul-2026 16:00:29,1397.1,N,-0.95,556892980.8,EQ,TORNTPOWER,394456,NIFTY COMMODITIES
265.66,-3.15,269,264.35,31-Jul-2026 16:00:29,263,N,-1.18,4103644441.14,EQ,VEDL,15446979,NIFTY COMMODITIES
1651.03,-21,1682,1638,31-Jul-2026 16:00:29,1628.8,N,-1.27,2937697491.36,EQ,ADANIENSOL,1779312,NIFTY COMMODITIES
1615.5,-22.2,1637.9,1607.7,31-Jul-2026 16:00:29,1601,N,-1.36,1327073476.5,EQ,PIDILITIND,821463,NIFTY COMMODITIES
1846.57,-85.1,1908,1808,31-Jul-2026 16:00:29,1805,N,-4.50,1631158376.65,EQ,APLAPOLLO,883345,NIFTY COMMODITIES
3390.98,109.3,3457,3393,31-Jul-2026 16:00:29,3243.3,N,3.33,20793058705.54,EQ,M&M,6131873,NIFTY CONSUMPTION
4287.94,102.6,4325,4311,31-Jul-2026 16:00:29,4198,N,2.44,12828911880.46,EQ,TVSMOTOR,2991859,NIFTY CONSUMPTION
379.86,4.85,381.35,380.8,31-Jul-2026 16:00:29,377.15,N,1.29,1142004646.38,EQ,TATAPOWER,3006383,NIFTY CONSUMPTION
3920.38,47,3946.5,3921,31-Jul-2026 16:00:29,3889.7,N,1.21,2163861581.76,EQ,DMART,551952,NIFTY CONSUMPTION
5362.03,63,5394.7,5388,31-Jul-2026 16:00:29,5297.5,N,1.18,4125921224.1,EQ,HEROMOTOCO,769470,NIFTY CONSUMPTION
211.13,1.78,212.68,210.75,31-Jul-2026 16:00:29,209.11,N,0.85,3212595883.74,EQ,ADANIPOWER,15216198,NIFTY CONSUMPTION
11518.83,87,11590,11519,31-Jul-2026 16:00:29,11329.5,N,0.76,2469406775.4,EQ,BAJAJ-AUTO,214380,NIFTY CONSUMPTION
4870.13,35,4886,4885,31-Jul-2026 16:00:29,4820.9,N,0.72,4886269610.82,EQ,TITAN,1003314,NIFTY CONSUMPTION
1966.57,11.2,1976.4,1968,31-Jul-2026 16:00:29,1947.4,N,0.57,12840492659.45,EQ,BHARTIARTL,6529385,NIFTY CONSUMPTION
14232.54,52,14348,14240,31-Jul-2026 16:00:29,14124,N,0.37,7620343869.18,EQ,MARUTI,535417,NIFTY CONSUMPTION
659.23,2.15,661.95,657,31-Jul-2026 16:00:29,656.25,N,0.33,946798651.37,EQ,DLF,1436219,NIFTY CONSUMPTION
3006.69,1.8,3026.7,3001,31-Jul-2026 16:00:29,2990.9,N,0.06,1819714935.18,EQ,TRENT,605222,NIFTY CONSUMPTION
7842.39,4.5,7899,7835,31-Jul-2026 16:00:29,7794,N,0.06,5651288973.12,EQ,EICHERMOT,720608,NIFTY CONSUMPTION
1260.88,-1.3,1273.9,1260.4,31-Jul-2026 16:00:29,1256.9,N,-0.10,1381120038.56,EQ,HAVELLS,1095362,NIFTY CONSUMPTION
2749.84,-8.2,2774.9,2738,31-Jul-2026 16:00:29,2732.4,N,-0.30,2452136821.92,EQ,ASIANPAINT,891738,NIFTY CONSUMPTION
2101.12,-8.5,2119.6,2099.4,31-Jul-2026 16:00:29,2091.1,N,-0.40,3695910001.28,EQ,HINDUNILVR,1759019,NIFTY CONSUMPTION
8966.9,-47,9036.5,8941,31-Jul-2026 16:00:29,8931,N,-0.52,2405397825.7,EQ,APOLLOHOSP,268253,NIFTY CONSUMPTION
5404.26,-29,5460,5405,31-Jul-2026 16:00:29,5364,N,-0.53,2314590515.4,EQ,BRITANNIA,428290,NIFTY CONSUMPTION
1067.8,-5.9,1076.3,1066.2,31-Jul-2026 16:00:29,1054.7,N,-0.55,720429710.8,EQ,GODREJCP,674686,NIFTY CONSUMPTION
5202.95,-53.5,5282,5177,31-Jul-2026 16:00:29,5137.5,N,-1.02,2408445555,EQ,INDIGO,462900,NIFTY CONSUMPTION
1509.65,-15.7,1529,1505,31-Jul-2026 16:00:29,1497.5,N,-1.03,3776880111.25,EQ,NESTLEIND,2501825,NIFTY CONSUMPTION
1520.56,-16.9,1535,1515,31-Jul-2026 16:00:29,1510.6,N,-1.10,1192122081.12,EQ,UNITDSPR,784002,NIFTY CONSUMPTION
1085.18,-12.1,1098.9,1082.1,31-Jul-2026 16:00:29,1081,N,-1.11,1605650776.06,EQ,TATACONSUM,1479617,NIFTY CONSUMPTION
744.81,-9.45,757.4,739.8,31-Jul-2026 16:00:29,736.85,N,-1.26,2064872513.88,EQ,INDHOTEL,2772348,NIFTY CONSUMPTION
1226.29,-17.15,1236,1226.9,31-Jul-2026 16:00:29,1204.1,N,-1.38,2440943734.19,EQ,NAUKRI,1990511,NIFTY CONSUMPTION
281.62,-4.05,285.8,281,31-Jul-2026 16:00:29,280.05,N,-1.42,4740738417.06,EQ,ITC,16833813,NIFTY CONSUMPTION
1106.84,-23.4,1132,1101.4,31-Jul-2026 16:00:29,1091.2,N,-2.08,2274805239,EQ,MAXHEALTH,2055225,NIFTY CONSUMPTION
444.57,-10.85,451,440,31-Jul-2026 16:00:29,439.85,N,-2.41,3550865502.87,EQ,VBL,7987191,NIFTY CONSUMPTION
305.9,-8,316,302.65,31-Jul-2026 16:00:29,301.8,N,-2.58,11248142752.7,EQ,ETERNAL,36770653,NIFTY CONSUMPTION
14245.27,-587,14589,13751,31-Jul-2026 16:00:29,13601,N,-4.09,9041857491.29,EQ,DIXON,634727,NIFTY CONSUMPTION
295.66,5.9,298.5,297.8,31-Jul-2026 16:00:29,292,N,2.02,413237181.82,EQ,NLCINDIA,1397677,NIFTY CPSE
1417.86,27.9,1430.8,1430,31-Jul-2026 16:00:29,1400.1,N,1.99,1695720859.92,EQ,COCHINSHIP,1195972,NIFTY CPSE
94.85,1.18,95.55,94.75,31-Jul-2026 16:00:29,93.7,N,1.26,548161008.85,EQ,NBCC,5779241,NIFTY CPSE
68.58,0.6,69.4,69.05,31-Jul-2026 16:00:29,67.56,N,0.88,376818502.14,EQ,SJVN,5494583,NIFTY CPSE
78.47,0.63,78.86,78.7,31-Jul-2026 16:00:29,77.91,N,0.81,444352225.94,EQ,NHPC,5662702,NIFTY CPSE
387.97,2.9,390.6,387.8,31-Jul-2026 16:00:29,385,N,0.75,6639937007.11,EQ,BEL,17114563,NIFTY CPSE
413.4,2.7,415.1,414.4,31-Jul-2026 16:00:29,410.15,N,0.66,2454824595.6,EQ,COALINDIA,5938134,NIFTY CPSE
346.26,1.75,348.25,346.6,31-Jul-2026 16:00:29,343.55,N,0.51,2949830144.94,EQ,NTPC,8519119,NIFTY CPSE
457.15,2.35,459.4,459.25,31-Jul-2026 16:00:29,451.2,N,0.51,744850495.25,EQ,OIL,1629335,NIFTY CPSE
241.16,0.71,242.96,242.3,31-Jul-2026 16:00:29,238.17,N,0.29,2428657005.64,EQ,ONGC,10070729,NIFTY CPSE
284.14,-1.5,287.4,284.2,31-Jul-2026 16:00:29,283,N,-0.53,2217516643.4,EQ,POWERGRID,7804310,NIFTY CPSE
18.24,1.01,18.91,18.33,31-Jul-2026 16:00:29,17.2,N,5.83,4704788007.36,EQ,JPPOWER,257937939,NIFTY ENERGY
77.43,3.28,78.42,78.26,31-Jul-2026 16:00:29,75.25,N,4.37,1270807795.92,EQ,INOXWIND,16412344,NIFTY ENERGY
179.21,7.36,182.21,181,31-Jul-2026 16:00:29,173.5,N,4.24,6970093920.03,EQ,GAIL,38893443,NIFTY ENERGY
3203.86,114.3,3247.9,3236,31-Jul-2026 16:00:29,3152,N,3.66,1717608569.16,EQ,ENRIN,536106,NIFTY ENERGY
870.09,29.3,878.8,861.9,31-Jul-2026 16:00:29,850,N,3.52,5971767005.1,EQ,CGPOWER,6863390,NIFTY ENERGY
32359.01,855,32750,32105,31-Jul-2026 16:00:29,31900,N,2.74,5376158280.41,EQ,POWERINDIA,166141,NIFTY ENERGY
4351.82,104.7,4410,4307,31-Jul-2026 16:00:29,4302.1,N,2.49,6147585467.54,EQ,GVT&D,1412647,NIFTY ENERGY
3770.07,83.2,3808.4,3742,31-Jul-2026 16:00:29,3662.1,N,2.27,2131303512.54,EQ,SIEMENS,565322,NIFTY ENERGY
1254.96,28.3,1291.4,1277.6,31-Jul-2026 16:00:29,1222.3,N,2.27,1044922364.64,EQ,AEGISLOG,832634,NIFTY ENERGY
552.56,11.4,557.2,555.1,31-Jul-2026 16:00:29,541.9,N,2.10,876145766.72,EQ,JSWENERGY,1585612,NIFTY ENERGY
295.66,5.9,298.5,297.8,31-Jul-2026 16:00:29,292,N,2.02,413237181.82,EQ,NLCINDIA,1397677,NIFTY ENERGY
1374,19.3,1397,1378,31-Jul-2026 16:00:29,1353,N,1.42,2159853804,EQ,ADANIGREEN,1571946,NIFTY ENERGY
318.24,4.4,320.4,320.2,31-Jul-2026 16:00:29,314.4,N,1.39,1626545962.08,EQ,BPCL,5111067,NIFTY ENERGY
47.8,0.65,48.18,48.05,31-Jul-2026 16:00:29,47.13,N,1.37,2708140165.6,EQ,SUZLON,56655652,NIFTY ENERGY
379.86,4.85,381.35,380.8,31-Jul-2026 16:00:29,377.15,N,1.29,1142004646.38,EQ,TATAPOWER,3006383,NIFTY ENERGY
3938.36,48.5,4489,4300,31-Jul-2026 16:00:29,3566.5,N,1.14,14751844161.52,EQ,THERMAX,3745682,NIFTY ENERGY
1303.09,12.1,1309.7,1305,31-Jul-2026 16:00:29,1293.6,N,0.94,11239146037.64,EQ,RELIANCE,8624996,NIFTY ENERGY
68.58,0.6,69.4,69.05,31-Jul-2026 16:00:29,67.56,N,0.88,376818502.14,EQ,SJVN,5494583,NIFTY ENERGY
409.09,3.45,412.35,406.45,31-Jul-2026 16:00:29,405.95,N,0.86,2810115709.83,EQ,BHEL,6869187,NIFTY ENERGY
211.13,1.78,212.68,210.75,31-Jul-2026 16:00:29,209.11,N,0.85,3212595883.74,EQ,ADANIPOWER,15216198,NIFTY ENERGY
78.47,0.63,78.86,78.7,31-Jul-2026 16:00:29,77.91,N,0.81,444352225.94,EQ,NHPC,5662702,NIFTY ENERGY
413.4,2.7,415.1,414.4,31-Jul-2026 16:00:29,410.15,N,0.66,2454824595.6,EQ,COALINDIA,5938134,NIFTY ENERGY
457.15,2.35,459.4,459.25,31-Jul-2026 16:00:29,451.2,N,0.51,744850495.25,EQ,OIL,1629335,NIFTY ENERGY
346.26,1.75,348.25,346.6,31-Jul-2026 16:00:29,343.55,N,0.51,2949830144.94,EQ,NTPC,8519119,NIFTY ENERGY
279.88,1.15,281.3,280.05,31-Jul-2026 16:00:29,276.95,N,0.41,310868873.36,EQ,PETRONET,1110722,NIFTY ENERGY
165.07,0.61,165.95,165.54,31-Jul-2026 16:00:29,163.62,N,0.37,114606780.44,EQ,CESC,694292,NIFTY ENERGY
23.44,0.08,23.68,23.41,31-Jul-2026 16:00:29,23.2,N,0.34,366234646.8,EQ,RPOWER,15624345,NIFTY ENERGY
241.16,0.71,242.96,242.3,31-Jul-2026 16:00:29,238.17,N,0.29,2428657005.64,EQ,ONGC,10070729,NIFTY ENERGY
185.17,0.51,185.61,185.33,31-Jul-2026 16:00:29,184.93,N,0.28,160536834.9,EQ,CASTROLIND,866970,NIFTY ENERGY
389.32,1,391.9,389.45,31-Jul-2026 16:00:29,385.6,N,0.26,3021830205.12,EQ,HINDPETRO,7761816,NIFTY ENERGY
652.92,1.35,657.5,651.5,31-Jul-2026 16:00:29,647.75,N,0.21,300643543.2,EQ,ATGL,460460,NIFTY ENERGY
151.99,0.26,152.69,152,31-Jul-2026 16:00:29,151.06,N,0.17,100475269.35,EQ,IGL,661065,NIFTY ENERGY
140,0.05,140.69,139.99,31-Jul-2026 16:00:29,138.86,N,0.04,1347693060,EQ,IOC,9626379,NIFTY ENERGY
554.71,-1.75,560.7,551.4,31-Jul-2026 16:00:29,550.6,N,-0.32,149232521.88,EQ,NAVA,269028,NIFTY ENERGY
1141.77,-5,1179,1113.5,31-Jul-2026 16:00:29,1111.1,N,-0.45,937736842.77,EQ,MGL,821301,NIFTY ENERGY
284.14,-1.5,287.4,284.2,31-Jul-2026 16:00:29,283,N,-0.53,2217516643.4,EQ,POWERGRID,7804310,NIFTY ENERGY
90.37,-0.56,91.16,90.05,31-Jul-2026 16:00:29,89.5,N,-0.62,377273964.9,EQ,NTPCGREEN,4174770,NIFTY ENERGY
7395.73,-47.5,7485,7244,31-Jul-2026 16:00:29,7201.5,N,-0.65,2580739983.5,EQ,ABB,348950,NIFTY ENERGY
1411.8,-13.5,1437,1410,31-Jul-2026 16:00:29,1397.1,N,-0.95,556892980.8,EQ,TORNTPOWER,394456,NIFTY ENERGY
1651.03,-21,1682,1638,31-Jul-2026 16:00:29,1628.8,N,-1.27,2937697491.36,EQ,ADANIENSOL,1779312,NIFTY ENERGY
165.06,7.6,166.7,165.69,31-Jul-2026 16:00:29,159.17,N,4.81,7847399052.36,EQ,ASHOKLEY,47542706,NIFTY INFRA
179.21,7.36,182.21,181,31-Jul-2026 16:00:29,173.5,N,4.24,6970093920.03,EQ,GAIL,38893443,NIFTY INFRA
870.09,29.3,878.8,861.9,31-Jul-2026 16:00:29,850,N,3.52,5971767005.1,EQ,CGPOWER,6863390,NIFTY INFRA
150.57,4.18,152.4,150.9,31-Jul-2026 16:00:29,146.42,N,2.85,3535994914.2,EQ,MOTHERSON,23484060,NIFTY INFRA
5527.98,115.5,5567,5511.5,31-Jul-2026 16:00:29,5461.5,N,2.14,1978347954.42,EQ,CUMMINSIND,357879,NIFTY INFRA
2196.61,40.3,2212.6,2205,31-Jul-2026 16:00:29,2161.5,N,1.86,2091398970.83,EQ,BHARATFORG,952103,NIFTY INFRA
1690.88,27.8,1708.1,1691.9,31-Jul-2026 16:00:29,1650,N,1.67,7953300948.48,EQ,ADANIPORTS,4703646,NIFTY INFRA
1374,19.3,1397,1378,31-Jul-2026 16:00:29,1353,N,1.42,2159853804,EQ,ADANIGREEN,1571946,NIFTY INFRA
318.24,4.4,320.4,320.2,31-Jul-2026 16:00:29,314.4,N,1.39,1626545962.08,EQ,BPCL,5111067,NIFTY INFRA
47.8,0.65,48.18,48.05,31-Jul-2026 16:00:29,47.13,N,1.37,2708140165.6,EQ,SUZLON,56655652,NIFTY INFRA
379.86,4.85,381.35,380.8,31-Jul-2026 16:00:29,377.15,N,1.29,1142004646.38,EQ,TATAPOWER,3006383,NIFTY INFRA
1303.09,12.1,1309.7,1305,31-Jul-2026 16:00:29,1293.6,N,0.94,11239146037.64,EQ,RELIANCE,8624996,NIFTY INFRA
1966.57,11.2,1976.4,1968,31-Jul-2026 16:00:29,1947.4,N,0.57,12840492659.45,EQ,BHARTIARTL,6529385,NIFTY INFRA
26035.96,135,26590,26590,31-Jul-2026 16:00:29,25500,N,0.51,2920297417.44,EQ,SHREECEM,112164,NIFTY INFRA
346.26,1.75,348.25,346.6,31-Jul-2026 16:00:29,343.55,N,0.51,2949830144.94,EQ,NTPC,8519119,NIFTY INFRA
659.23,2.15,661.95,657,31-Jul-2026 16:00:29,656.25,N,0.33,946798651.37,EQ,DLF,1436219,NIFTY INFRA
11919.96,37,12009,11884,31-Jul-2026 16:00:29,11799,N,0.31,4654398701.16,EQ,ULTRACEMCO,390471,NIFTY INFRA
241.16,0.71,242.96,242.3,31-Jul-2026 16:00:29,238.17,N,0.29,2428657005.64,EQ,ONGC,10070729,NIFTY INFRA
389.32,1,391.9,389.45,31-Jul-2026 16:00:29,385.6,N,0.26,3021830205.12,EQ,HINDPETRO,7761816,NIFTY INFRA
140,0.05,140.69,139.99,31-Jul-2026 16:00:29,138.86,N,0.04,1347693060,EQ,IOC,9626379,NIFTY INFRA
3941.04,0.3,3973.1,3938,31-Jul-2026 16:00:29,3923.2,N,0.01,6910128892.08,EQ,LT,1753377,NIFTY INFRA
386.07,-0.2,394.9,392.7,31-Jul-2026 16:00:29,371.4,N,-0.05,3152025275.16,EQ,INDUSTOWER,8164388,NIFTY INFRA
3109.41,-8.8,3135.9,3096,31-Jul-2026 16:00:29,3092.6,N,-0.28,962197596.27,EQ,GRASIM,309447,NIFTY INFRA
433.21,-2.2,438.95,432,31-Jul-2026 16:00:29,430.25,N,-0.51,520888671.53,EQ,AMBUJACEM,1202393,NIFTY INFRA
8966.9,-47,9036.5,8941,31-Jul-2026 16:00:29,8931,N,-0.52,2405397825.7,EQ,APOLLOHOSP,268253,NIFTY INFRA
284.14,-1.5,287.4,284.2,31-Jul-2026 16:00:29,283,N,-0.53,2217516643.4,EQ,POWERGRID,7804310,NIFTY INFRA
945.03,-5.45,953.6,943.4,31-Jul-2026 16:00:29,940.7,N,-0.57,639696477.18,EQ,FORTIS,676906,NIFTY INFRA
5202.95,-53.5,5282,5177,31-Jul-2026 16:00:29,5137.5,N,-1.02,2408445555,EQ,INDIGO,462900,NIFTY INFRA
744.81,-9.45,757.4,739.8,31-Jul-2026 16:00:29,736.85,N,-1.26,2064872513.88,EQ,INDHOTEL,2772348,NIFTY INFRA
1106.84,-23.4,1132,1101.4,31-Jul-2026 16:00:29,1091.2,N,-2.08,2274805239,EQ,MAXHEALTH,2055225,NIFTY INFRA
2175.97,164.8,2208,2183,31-Jul-2026 16:00:29,2090,N,8.17,12036480325.59,EQ,HYUNDAI,5531547,NIFTY MNC
165.06,7.6,166.7,165.69,31-Jul-2026 16:00:29,159.17,N,4.81,7847399052.36,EQ,ASHOKLEY,47542706,NIFTY MNC
3203.86,114.3,3247.9,3236,31-Jul-2026 16:00:29,3152,N,3.66,1717608569.16,EQ,ENRIN,536106,NIFTY MNC
32359.01,855,32750,32105,31-Jul-2026 16:00:29,31900,N,2.74,5376158280.41,EQ,POWERINDIA,166141,NIFTY MNC
3066.39,72.3,3099,3085.9,31-Jul-2026 16:00:29,3010.2,N,2.40,1031441604.3,EQ,ESCORTS,336370,NIFTY MNC
3770.07,83.2,3808.4,3742,31-Jul-2026 16:00:29,3662.1,N,2.27,2131303512.54,EQ,SIEMENS,565322,NIFTY MNC
5527.98,115.5,5567,5511.5,31-Jul-2026 16:00:29,5461.5,N,2.14,1978347954.42,EQ,CUMMINSIND,357879,NIFTY MNC
6741.4,133,6810,6770,31-Jul-2026 16:00:29,6646.5,N,2.00,375320703.6,EQ,LINDEINDIA,55674,NIFTY MNC
3132.41,43,3168,3138.1,31-Jul-2026 16:00:29,3091.6,N,1.39,257813005.05,EQ,TIMKEN,82305,NIFTY MNC
1162.75,14.6,1175.6,1161.5,31-Jul-2026 16:00:29,1141.1,N,1.27,1020804968.25,EQ,NAM-INDIA,877923,NIFTY MNC
4053.86,38.8,4103.6,4078.9,31-Jul-2026 16:00:29,4026.1,N,0.96,755213848.7,EQ,SCHAEFFLER,186295,NIFTY MNC
27745.11,195,27880,27750,31-Jul-2026 16:00:29,27430,N,0.71,172241642.88,EQ,ABBOTINDIA,6208,NIFTY MNC
192.7,1.08,199.9,188.66,31-Jul-2026 16:00:29,188.45,N,0.58,2645091347.1,EQ,AWL,13726473,NIFTY MNC
11142.27,64,11270,11200,31-Jul-2026 16:00:29,10882,N,0.57,3279704889.96,EQ,OFSS,294348,NIFTY MNC
14232.54,52,14348,14240,31-Jul-2026 16:00:29,14124,N,0.37,7620343869.18,EQ,MARUTI,535417,NIFTY MNC
185.17,0.51,185.61,185.33,31-Jul-2026 16:00:29,184.93,N,0.28,160536834.9,EQ,CASTROLIND,866970,NIFTY MNC
424.97,-0.05,427.55,425.25,31-Jul-2026 16:00:29,421.45,N,-0.01,73112688.74,EQ,COHANCE,172042,NIFTY MNC
34944.62,-90,35895,34850,31-Jul-2026 16:00:29,34485,N,-0.26,221129555.36,EQ,3MINDIA,6328,NIFTY MNC
2101.12,-8.5,2119.6,2099.4,31-Jul-2026 16:00:29,2091.1,N,-0.40,3695910001.28,EQ,HINDUNILVR,1759019,NIFTY MNC
1435.88,-6.1,1459.1,1430,31-Jul-2026 16:00:29,1411.2,N,-0.42,196561920.84,EQ,UBL,136893,NIFTY MNC
2517.04,-12,2535.9,2505,31-Jul-2026 16:00:29,2500,N,-0.48,671616749.12,EQ,GLAND,266828,NIFTY MNC
433.21,-2.2,438.95,432,31-Jul-2026 16:00:29,430.25,N,-0.51,520888671.53,EQ,AMBUJACEM,1202393,NIFTY MNC
5404.26,-29,5460,5405,31-Jul-2026 16:00:29,5364,N,-0.53,2314590515.4,EQ,BRITANNIA,428290,NIFTY MNC
7395.73,-47.5,7485,7244,31-Jul-2026 16:00:29,7201.5,N,-0.65,2580739983.5,EQ,ABB,348950,NIFTY MNC
2072.48,-16.2,2109.5,2068.6,31-Jul-2026 16:00:29,2047.3,N,-0.78,667558242.88,EQ,COLPAL,322106,NIFTY MNC
1509.65,-15.7,1529,1505,31-Jul-2026 16:00:29,1497.5,N,-1.03,3776880111.25,EQ,NESTLEIND,2501825,NIFTY MNC
1520.56,-16.9,1535,1515,31-Jul-2026 16:00:29,1510.6,N,-1.10,1192122081.12,EQ,UNITDSPR,784002,NIFTY MNC
41219.53,-490,41715,41060,31-Jul-2026 16:00:29,40920,N,-1.18,785396924.62,EQ,BOSCHLTD,19054,NIFTY MNC
265.66,-3.15,269,264.35,31-Jul-2026 16:00:29,263,N,-1.18,4103644441.14,EQ,VEDL,15446979,NIFTY MNC
4366.12,-68.8,4450,4338,31-Jul-2026 16:00:29,4325,N,-1.56,264691658.88,EQ,CRISIL,60624,NIFTY MNC
179.21,7.36,182.21,181,31-Jul-2026 16:00:29,173.5,N,4.24,6970093920.03,EQ,GAIL,38893443,NIFTY PSE
318.24,4.4,320.4,320.2,31-Jul-2026 16:00:29,314.4,N,1.39,1626545962.08,EQ,BPCL,5111067,NIFTY PSE
4642.12,62.6,4669,4644,31-Jul-2026 16:00:29,4591.1,N,1.37,3471187009.08,EQ,HAL,747759,NIFTY PSE
224.9,2.17,226.52,225.05,31-Jul-2026 16:00:29,222.1,N,0.97,987115112.1,EQ,RVNL,4389129,NIFTY PSE
409.09,3.45,412.35,406.45,31-Jul-2026 16:00:29,405.95,N,0.86,2810115709.83,EQ,BHEL,6869187,NIFTY PSE
78.47,0.63,78.86,78.7,31-Jul-2026 16:00:29,77.91,N,0.81,444352225.94,EQ,NHPC,5662702,NIFTY PSE
387.97,2.9,390.6,387.8,31-Jul-2026 16:00:29,385,N,0.75,6639937007.11,EQ,BEL,17114563,NIFTY PSE
413.4,2.7,415.1,414.4,31-Jul-2026 16:00:29,410.15,N,0.66,2454824595.6,EQ,COALINDIA,5938134,NIFTY PSE
423.92,2.7,427.1,425,31-Jul-2026 16:00:29,420.35,N,0.64,4401231126.32,EQ,PFC,10382221,NIFTY PSE
372.32,2.2,374,372.85,31-Jul-2026 16:00:29,370,N,0.59,1341948880.48,EQ,RECLTD,3604289,NIFTY PSE
457.15,2.35,459.4,459.25,31-Jul-2026 16:00:29,451.2,N,0.51,744850495.25,EQ,OIL,1629335,NIFTY PSE
346.26,1.75,348.25,346.6,31-Jul-2026 16:00:29,343.55,N,0.51,2949830144.94,EQ,NTPC,8519119,NIFTY PSE
241.16,0.71,242.96,242.3,31-Jul-2026 16:00:29,238.17,N,0.29,2428657005.64,EQ,ONGC,10070729,NIFTY PSE
389.32,1,391.9,389.45,31-Jul-2026 16:00:29,385.6,N,0.26,3021830205.12,EQ,HINDPETRO,7761816,NIFTY PSE
89.15,0.18,89.88,89.1,31-Jul-2026 16:00:29,88.43,N,0.20,1074250902.9,EQ,IRFC,12049926,NIFTY PSE
85.01,0.04,85.6,85.05,31-Jul-2026 16:00:29,84.69,N,0.05,1087087817.64,EQ,NMDC,12787764,NIFTY PSE
140,0.05,140.69,139.99,31-Jul-2026 16:00:29,138.86,N,0.04,1347693060,EQ,IOC,9626379,NIFTY PSE
525.83,-0.65,528.95,524.5,31-Jul-2026 16:00:29,520.85,N,-0.12,673556154.37,EQ,CONCOR,1280939,NIFTY PSE
284.14,-1.5,287.4,284.2,31-Jul-2026 16:00:29,283,N,-0.53,2217516643.4,EQ,POWERGRID,7804310,NIFTY PSE
491.5,-2.9,495.7,490.25,31-Jul-2026 16:00:29,489,N,-0.59,443200786.5,EQ,IRCTC,901731,NIFTY PSE
1123.5,87.7,1151.5,1141.2,31-Jul-2026 16:00:29,1083.6,N,8.32,45855191865,EQ,BAJFINANCE,40814590,NIFTY SERV SECTOR
2002.52,121.6,2036.6,2031,31-Jul-2026 16:00:29,1930,N,6.37,7473176352.72,EQ,BAJAJFINSV,3731886,NIFTY SERV SECTOR
179.21,7.36,182.21,181,31-Jul-2026 16:00:29,173.5,N,4.24,6970093920.03,EQ,GAIL,38893443,NIFTY SERV SECTOR
253.24,9.15,257.06,256.1,31-Jul-2026 16:00:29,247,N,3.71,10849005964.68,EQ,JIOFIN,42840807,NIFTY SERV SECTOR
3600.09,115.7,3652.5,3646,31-Jul-2026 16:00:29,3517,N,3.28,9912451805.1,EQ,BSE,2753390,NIFTY SERV SECTOR
1045.36,19,1054.6,1046.2,31-Jul-2026 16:00:29,1029.1,N,1.85,6604817595.28,EQ,SHRIRAMFIN,6318223,NIFTY SERV SECTOR
1690.88,27.8,1708.1,1691.9,31-Jul-2026 16:00:29,1650,N,1.67,7953300948.48,EQ,ADANIPORTS,4703646,NIFTY SERV SECTOR
379.86,4.85,381.35,380.8,31-Jul-2026 16:00:29,377.15,N,1.29,1142004646.38,EQ,TATAPOWER,3006383,NIFTY SERV SECTOR
3920.38,47,3946.5,3921,31-Jul-2026 16:00:29,3889.7,N,1.21,2163861581.76,EQ,DMART,551952,NIFTY SERV SECTOR
546.53,5.5,550.9,550.9,31-Jul-2026 16:00:29,544.05,N,1.01,6251470288.28,EQ,HDFCLIFE,11438476,NIFTY SERV SECTOR
1882.61,13,1898.9,1890.5,31-Jul-2026 16:00:29,1870.6,N,0.69,1362731013.72,EQ,SBILIFE,723852,NIFTY SERV SECTOR
1966.57,11.2,1976.4,1968,31-Jul-2026 16:00:29,1947.4,N,0.57,12840492659.45,EQ,BHARTIARTL,6529385,NIFTY SERV SECTOR
346.26,1.75,348.25,346.6,31-Jul-2026 16:00:29,343.55,N,0.51,2949830144.94,EQ,NTPC,8519119,NIFTY SERV SECTOR
1027.65,2.3,1034.3,1027.6,31-Jul-2026 16:00:29,1023.5,N,0.22,11223394180.05,EQ,SBIN,10921417,NIFTY SERV SECTOR
1434.94,0,1441.9,1433.9,31-Jul-2026 16:00:29,1431.4,N,0.00,12559226253.6,EQ,ICICIBANK,8752440,NIFTY SERV SECTOR
1010.25,-0.45,1017.9,1011,31-Jul-2026 16:00:29,996.4,N,-0.04,2952779915.25,EQ,INDUSINDBK,2922821,NIFTY SERV SECTOR
390.06,-0.55,391.85,388.85,31-Jul-2026 16:00:29,388,N,-0.14,2736129308.22,EQ,KOTAKBANK,7014637,NIFTY SERV SECTOR
1229.73,-1.8,1239.7,1227.1,31-Jul-2026 16:00:29,1226,N,-0.15,9208139537.28,EQ,AXISBANK,7487936,NIFTY SERV SECTOR
1340.11,-7,1356.5,1345.7,31-Jul-2026 16:00:29,1294.3,N,-0.52,4514856052.09,EQ,HCLTECH,3369019,NIFTY SERV SECTOR
8966.9,-47,9036.5,8941,31-Jul-2026 16:00:29,8931,N,-0.52,2405397825.7,EQ,APOLLOHOSP,268253,NIFTY SERV SECTOR
284.14,-1.5,287.4,284.2,31-Jul-2026 16:00:29,283,N,-0.53,2217516643.4,EQ,POWERGRID,7804310,NIFTY SERV SECTOR
749.62,-5.95,757.55,748,31-Jul-2026 16:00:29,747.2,N,-0.79,19132163706.46,EQ,HDFCBANK,25522483,NIFTY SERV SECTOR
1649.13,-15.1,1661.5,1653.9,31-Jul-2026 16:00:29,1610.5,N,-0.90,5533947611.01,EQ,TECHM,3355677,NIFTY SERV SECTOR
5202.95,-53.5,5282,5177,31-Jul-2026 16:00:29,5137.5,N,-1.02,2408445555,EQ,INDIGO,462900,NIFTY SERV SECTOR
183.45,-2.58,185.24,183.75,31-Jul-2026 16:00:29,180.83,N,-1.38,3442037494.5,EQ,WIPRO,18762810,NIFTY SERV SECTOR
1226.29,-17.15,1236,1226.9,31-Jul-2026 16:00:29,1204.1,N,-1.38,2440943734.19,EQ,NAUKRI,1990511,NIFTY SERV SECTOR
1106.84,-23.4,1132,1101.4,31-Jul-2026 16:00:29,1091.2,N,-2.08,2274805239,EQ,MAXHEALTH,2055225,NIFTY SERV SECTOR
1128.11,-25.2,1139.3,1129.9,31-Jul-2026 16:00:29,1107.2,N,-2.18,16207640978.25,EQ,INFY,14367075,NIFTY SERV SECTOR
305.9,-8,316,302.65,31-Jul-2026 16:00:29,301.8,N,-2.58,11248142752.7,EQ,ETERNAL,36770653,NIFTY SERV SECTOR
2364.25,-65.8,2391,2366,31-Jul-2026 16:00:29,2326.1,N,-2.71,10269552532.75,EQ,TCS,4343683,NIFTY SERV SECTOR
4506.5,314.8,4598,4510,31-Jul-2026 16:00:29,4252,N,7.50,20327803031,EQ,NETWEB,4510774,NIFTY IND DIGITAL
315.49,11.6,324.6,320.5,31-Jul-2026 16:00:29,301.6,N,3.76,737523181.43,EQ,SONATSOFTW,2337707,NIFTY IND DIGITAL
1786.3,53.9,1807.9,1797,31-Jul-2026 16:00:29,1738.1,N,3.09,370925195,EQ,INDIAMART,207650,NIFTY IND DIGITAL
1845.58,52.7,1880.7,1835,31-Jul-2026 16:00:29,1768.1,N,2.96,392870460.18,EQ,IKS,212871,NIFTY IND DIGITAL
314.1,6.55,317.8,317,31-Jul-2026 16:00:29,307.5,N,2.11,174427268.4,EQ,LATENTVIEW,555324,NIFTY IND DIGITAL
705.97,14.5,724.05,720,31-Jul-2026 16:00:29,685.1,N,2.06,1519135190.77,EQ,INTELLECT,2151841,NIFTY IND DIGITAL
1538.85,22.5,1566,1521,31-Jul-2026 16:00:29,1509.4,N,1.50,1050959146.35,EQ,TBOTEK,682951,NIFTY IND DIGITAL
275.83,3.95,277.9,277.4,31-Jul-2026 16:00:29,272.8,N,1.44,45121098.89,EQ,ITI,163583,NIFTY IND DIGITAL
519.92,6.1,529.9,513.2,31-Jul-2026 16:00:29,506.15,N,1.20,1064686456.88,EQ,TEJASNET,2047789,NIFTY IND DIGITAL
12.95,0.15,13.08,13.02,31-Jul-2026 16:00:29,12.76,N,1.17,5015141268.2,EQ,IDEA,387269596,NIFTY IND DIGITAL
592.05,6.4,607.5,596.15,31-Jul-2026 16:00:29,575.5,N,1.09,3693135077.85,EQ,KPITTECH,6237877,NIFTY IND DIGITAL
40.33,0.23,41.2,39.8,31-Jul-2026 16:00:29,39.51,N,0.58,136014659.19,EQ,TTML,3372543,NIFTY IND DIGITAL
1966.57,11.2,1976.4,1968,31-Jul-2026 16:00:29,1947.4,N,0.57,12840492659.45,EQ,BHARTIARTL,6529385,NIFTY IND DIGITAL
11142.27,64,11270,11200,31-Jul-2026 16:00:29,10882,N,0.57,3279704889.96,EQ,OFSS,294348,NIFTY IND DIGITAL
1602.48,8.5,1613.5,1602,31-Jul-2026 16:00:29,1594,N,0.53,868657936.08,EQ,POLICYBZR,542071,NIFTY IND DIGITAL
3643.74,16.4,3686.9,3674.7,31-Jul-2026 16:00:29,3566.5,N,0.45,980854726.86,EQ,TATAELXSI,269189,NIFTY IND DIGITAL
238.66,0.95,241,239.7,31-Jul-2026 16:00:29,236,N,0.40,266614723.12,EQ,BLS,1117132,NIFTY IND DIGITAL
1345.23,4.9,1360,1337.4,31-Jul-2026 16:00:29,1322.2,N,0.37,3098137332.42,EQ,PAYTM,2303054,NIFTY IND DIGITAL
1172.27,4.25,1192.15,1189,31-Jul-2026 16:00:29,1158.35,N,0.36,223588229.37,EQ,MAPMYINDIA,190731,NIFTY IND DIGITAL
5470.8,19.3,5580,5534,31-Jul-2026 16:00:29,5263.4,N,0.35,8049056740.8,EQ,PERSISTENT,1471276,NIFTY IND DIGITAL
212.25,0.27,213.03,212.2,31-Jul-2026 16:00:29,211.39,N,0.13,47913739.5,EQ,FIRSTCRY,225742,NIFTY IND DIGITAL
847.73,0.3,852.1,848,31-Jul-2026 16:00:29,837.1,N,0.04,298653583.54,EQ,CYIENT,352298,NIFTY IND DIGITAL
333.76,0.05,338,333.8,31-Jul-2026 16:00:29,331.05,N,0.01,2129680172.48,EQ,NYKAA,6380873,NIFTY IND DIGITAL
181.92,-0.05,183.49,182.1,31-Jul-2026 16:00:29,180.02,N,-0.03,664440787.68,EQ,MEESHO,3652379,NIFTY IND DIGITAL
125.55,-0.22,127.68,125,31-Jul-2026 16:00:29,124.17,N,-0.18,378759867.75,EQ,PWL,3016805,NIFTY IND DIGITAL
1340.11,-7,1356.5,1345.7,31-Jul-2026 16:00:29,1294.3,N,-0.52,4514856052.09,EQ,HCLTECH,3369019,NIFTY IND DIGITAL
3510.93,-18.8,3580,3540.3,31-Jul-2026 16:00:29,3456.3,N,-0.53,419640397.32,EQ,LTTS,119524,NIFTY IND DIGITAL
491.5,-2.9,495.7,490.25,31-Jul-2026 16:00:29,489,N,-0.59,443200786.5,EQ,IRCTC,901731,NIFTY IND DIGITAL
746.32,-5.2,752.65,746.15,31-Jul-2026 16:00:29,733,N,-0.69,323663311.28,EQ,TATATECH,433679,NIFTY IND DIGITAL
2317.52,-16.7,2351.8,2330,31-Jul-2026 16:00:29,2222.3,N,-0.71,1318467255.76,EQ,MPHASIS,568913,NIFTY IND DIGITAL
139.56,-1.05,143.5,139.12,31-Jul-2026 16:00:29,138.29,N,-0.75,5642367396.84,EQ,PINELABS,40429689,NIFTY IND DIGITAL
1649.13,-15.1,1661.5,1653.9,31-Jul-2026 16:00:29,1610.5,N,-0.90,5533947611.01,EQ,TECHM,3355677,NIFTY IND DIGITAL
1762.2,-18.7,1799,1755,31-Jul-2026 16:00:29,1751,N,-1.05,308480158.8,EQ,TATACOMM,175054,NIFTY IND DIGITAL
130.26,-1.5,131.94,129,31-Jul-2026 16:00:29,128.7,N,-1.15,161558091.24,EQ,URBANCO,1240274,NIFTY IND DIGITAL
1612.03,-20,1644.9,1616,31-Jul-2026 16:00:29,1598.1,N,-1.22,299713453.69,EQ,BHARTIHEXA,185923,NIFTY IND DIGITAL
302.59,-3.8,305.4,302.5,31-Jul-2026 16:00:29,298.7,N,-1.24,372545782.1,EQ,BSOFT,1231190,NIFTY IND DIGITAL
1226.29,-17.15,1236,1226.9,31-Jul-2026 16:00:29,1204.1,N,-1.38,2440943734.19,EQ,NAUKRI,1990511,NIFTY IND DIGITAL
183.45,-2.58,185.24,183.75,31-Jul-2026 16:00:29,180.83,N,-1.38,3442037494.5,EQ,WIPRO,18762810,NIFTY IND DIGITAL
1716.57,-24.9,1738.8,1722,31-Jul-2026 16:00:29,1681.7,N,-1.43,5803843329.9,EQ,COFORGE,3381070,NIFTY IND DIGITAL
4354.53,-76,4385.1,4365.4,31-Jul-2026 16:00:29,4284,N,-1.71,1102053161.46,EQ,LTM,253082,NIFTY IND DIGITAL
1595.14,-32.7,1634.6,1590,31-Jul-2026 16:00:29,1578.1,N,-2.02,483772464.06,EQ,AFFLE,303279,NIFTY IND DIGITAL
1128.11,-25.2,1139.3,1129.9,31-Jul-2026 16:00:29,1107.2,N,-2.18,16207640978.25,EQ,INFY,14367075,NIFTY IND DIGITAL
508.22,-13.4,524.7,507.5,31-Jul-2026 16:00:29,503.45,N,-2.57,803210200.36,EQ,ZENSARTECH,1580438,NIFTY IND DIGITAL
305.9,-8,316,302.65,31-Jul-2026 16:00:29,301.8,N,-2.58,11248142752.7,EQ,ETERNAL,36770653,NIFTY IND DIGITAL
2742.26,-74.9,2785.7,2716.8,31-Jul-2026 16:00:29,2705,N,-2.68,1063185171.04,EQ,CARTRADE,387704,NIFTY IND DIGITAL
569.57,-15.55,580.9,560,31-Jul-2026 16:00:29,559.8,N,-2.70,435931790.9,EQ,HEXT,765370,NIFTY IND DIGITAL
2364.25,-65.8,2391,2366,31-Jul-2026 16:00:29,2326.1,N,-2.71,10269552532.75,EQ,TCS,4343683,NIFTY IND DIGITAL
285.13,-9.3,293.9,284.95,31-Jul-2026 16:00:29,283.8,N,-3.16,360120045.39,EQ,RAILTEL,1263003,NIFTY IND DIGITAL
288.07,-11.13,294.59,284.78,31-Jul-2026 16:00:29,280.2,N,-3.76,13485401033.17,EQ,SWIGGY,46812931,NIFTY IND DIGITAL
44.24,-2.5,46.19,43.48,31-Jul-2026 16:00:29,43.2,N,-5.44,1747153508.8,EQ,SAGILITY,39492620,NIFTY IND DIGITAL
1123.5,87.7,1151.5,1141.2,31-Jul-2026 16:00:29,1083.6,N,8.32,45855191865,EQ,BAJFINANCE,40814590,NIFTY100 ESG
2175.97,164.8,2208,2183,31-Jul-2026 16:00:29,2090,N,8.17,12036480325.59,EQ,HYUNDAI,5531547,NIFTY100 ESG
2002.52,121.6,2036.6,2031,31-Jul-2026 16:00:29,1930,N,6.37,7473176352.72,EQ,BAJAJFINSV,3731886,NIFTY100 ESG
5050.79,267.8,5140.7,5139.9,31-Jul-2026 16:00:29,4894.4,N,5.50,7211795755.45,EQ,TORNTPHARM,1427855,NIFTY100 ESG
179.21,7.36,182.21,181,31-Jul-2026 16:00:29,173.5,N,4.24,6970093920.03,EQ,GAIL,38893443,NIFTY100 ESG
1839.96,71.4,1863.1,1845.2,31-Jul-2026 16:00:29,1779.4,N,4.03,5417550624.6,EQ,CHOLAFIN,2944385,NIFTY100 ESG
3101.52,119.8,3144.8,3128.5,31-Jul-2026 16:00:29,3015.1,N,3.98,3985502824.32,EQ,MUTHOOTFIN,1285016,NIFTY100 ESG
253.24,9.15,257.06,256.1,31-Jul-2026 16:00:29,247,N,3.71,10849005964.68,EQ,JIOFIN,42840807,NIFTY100 ESG
3203.86,114.3,3247.9,3236,31-Jul-2026 16:00:29,3152,N,3.66,1717608569.16,EQ,ENRIN,536106,NIFTY100 ESG
870.09,29.3,878.8,861.9,31-Jul-2026 16:00:29,850,N,3.52,5971767005.1,EQ,CGPOWER,6863390,NIFTY100 ESG
3390.98,109.3,3457,3393,31-Jul-2026 16:00:29,3243.3,N,3.33,20793058705.54,EQ,M&M,6131873,NIFTY100 ESG
11298.63,365,11467,11335,31-Jul-2026 16:00:29,10951,N,3.33,1016628130.14,EQ,BAJAJHLDNG,89978,NIFTY100 ESG
8022.29,250,8090,8085,31-Jul-2026 16:00:29,7870.5,N,3.19,6369048454.51,EQ,DIVISLAB,793919,NIFTY100 ESG
150.57,4.18,152.4,150.9,31-Jul-2026 16:00:29,146.42,N,2.85,3535994914.2,EQ,MOTHERSON,23484060,NIFTY100 ESG
2602.57,71.7,2630,2618,31-Jul-2026 16:00:29,2550.1,N,2.82,2149098203.2,EQ,HDFCAMC,825760,NIFTY100 ESG
4287.94,102.6,4325,4311,31-Jul-2026 16:00:29,4198,N,2.44,12828911880.46,EQ,TVSMOTOR,2991859,NIFTY100 ESG
3770.07,83.2,3808.4,3742,31-Jul-2026 16:00:29,3662.1,N,2.27,2131303512.54,EQ,SIEMENS,565322,NIFTY100 ESG
5527.98,115.5,5567,5511.5,31-Jul-2026 16:00:29,5461.5,N,2.14,1978347954.42,EQ,CUMMINSIND,357879,NIFTY100 ESG
1045.36,19,1054.6,1046.2,31-Jul-2026 16:00:29,1029.1,N,1.85,6604817595.28,EQ,SHRIRAMFIN,6318223,NIFTY100 ESG
1690.88,27.8,1708.1,1691.9,31-Jul-2026 16:00:29,1650,N,1.67,7953300948.48,EQ,ADANIPORTS,4703646,NIFTY100 ESG
189.26,3.07,191.84,189.99,31-Jul-2026 16:00:29,186.31,N,1.64,6482076267.84,EQ,TATASTEEL,34249584,NIFTY100 ESG
1374,19.3,1397,1378,31-Jul-2026 16:00:29,1353,N,1.42,2159853804,EQ,ADANIGREEN,1571946,NIFTY100 ESG
318.24,4.4,320.4,320.2,31-Jul-2026 16:00:29,314.4,N,1.39,1626545962.08,EQ,BPCL,5111067,NIFTY100 ESG
379.86,4.85,381.35,380.8,31-Jul-2026 16:00:29,377.15,N,1.29,1142004646.38,EQ,TATAPOWER,3006383,NIFTY100 ESG
3920.38,47,3946.5,3921,31-Jul-2026 16:00:29,3889.7,N,1.21,2163861581.76,EQ,DMART,551952,NIFTY100 ESG
546.53,5.5,550.9,550.9,31-Jul-2026 16:00:29,544.05,N,1.01,6251470288.28,EQ,HDFCLIFE,11438476,NIFTY100 ESG
1303.09,12.1,1309.7,1305,31-Jul-2026 16:00:29,1293.6,N,0.94,11239146037.64,EQ,RELIANCE,8624996,NIFTY100 ESG
211.13,1.78,212.68,210.75,31-Jul-2026 16:00:29,209.11,N,0.85,3212595883.74,EQ,ADANIPOWER,15216198,NIFTY100 ESG
11518.83,87,11590,11519,31-Jul-2026 16:00:29,11329.5,N,0.76,2469406775.4,EQ,BAJAJ-AUTO,214380,NIFTY100 ESG
1106.24,8.3,1114,1102,31-Jul-2026 16:00:29,1093.6,N,0.76,866503410.88,EQ,JINDALSTEL,783287,NIFTY100 ESG
1340.11,-7,1356.5,1345.7,31-Jul-2026 16:00:29,1294.3,N,-0.52,4514856052.09,EQ,HCLTECH,3369019,NIFTY100 ESG
284.14,-1.5,287.4,284.2,31-Jul-2026 16:00:29,283,N,-0.53,2217516643.4,EQ,POWERGRID,7804310,NIFTY100 ESG
5404.26,-29,5460,5405,31-Jul-2026 16:00:29,5364,N,-0.53,2314590515.4,EQ,BRITANNIA,428290,NIFTY100 ESG
1067.8,-5.9,1076.3,1066.2,31-Jul-2026 16:00:29,1054.7,N,-0.55,720429710.8,EQ,GODREJCP,674686,NIFTY100 ESG
7395.73,-47.5,7485,7244,31-Jul-2026 16:00:29,7201.5,N,-0.65,2580739983.5,EQ,ABB,348950,NIFTY100 ESG
749.62,-5.95,757.55,748,31-Jul-2026 16:00:29,747.2,N,-0.79,19132163706.46,EQ,HDFCBANK,25522483,NIFTY100 ESG
1649.13,-15.1,1661.5,1653.9,31-Jul-2026 16:00:29,1610.5,N,-0.90,5533947611.01,EQ,TECHM,3355677,NIFTY100 ESG
1509.65,-15.7,1529,1505,31-Jul-2026 16:00:29,1497.5,N,-1.03,3776880111.25,EQ,NESTLEIND,2501825,NIFTY100 ESG
1085.18,-12.1,1098.9,1082.1,31-Jul-2026 16:00:29,1081,N,-1.11,1605650776.06,EQ,TATACONSUM,1479617,NIFTY100 ESG
41219.53,-490,41715,41060,31-Jul-2026 16:00:29,40920,N,-1.18,785396924.62,EQ,BOSCHLTD,19054,NIFTY100 ESG
744.81,-9.45,757.4,739.8,31-Jul-2026 16:00:29,736.85,N,-1.26,2064872513.88,EQ,INDHOTEL,2772348,NIFTY100 ESG
1651.03,-21,1682,1638,31-Jul-2026 16:00:29,1628.8,N,-1.27,2937697491.36,EQ,ADANIENSOL,1779312,NIFTY100 ESG
3024.33,-40,3067.5,3009.1,31-Jul-2026 16:00:29,3002.4,N,-1.31,2620282536.33,EQ,ADANIENT,866401,NIFTY100 ESG
1615.5,-22.2,1637.9,1607.7,31-Jul-2026 16:00:29,1601,N,-1.36,1327073476.5,EQ,PIDILITIND,821463,NIFTY100 ESG
183.45,-2.58,185.24,183.75,31-Jul-2026 16:00:29,180.83,N,-1.38,3442037494.5,EQ,WIPRO,18762810,NIFTY100 ESG
4354.53,-76,4385.1,4365.4,31-Jul-2026 16:00:29,4284,N,-1.71,1102053161.46,EQ,LTM,253082,NIFTY100 ESG
1106.84,-23.4,1132,1101.4,31-Jul-2026 16:00:29,1091.2,N,-2.08,2274805239,EQ,MAXHEALTH,2055225,NIFTY100 ESG
1128.11,-25.2,1139.3,1129.9,31-Jul-2026 16:00:29,1107.2,N,-2.18,16207640978.25,EQ,INFY,14367075,NIFTY100 ESG
444.57,-10.85,451,440,31-Jul-2026 16:00:29,439.85,N,-2.41,3550865502.87,EQ,VBL,7987191,NIFTY100 ESG
305.9,-8,316,302.65,31-Jul-2026 16:00:29,301.8,N,-2.58,11248142752.7,EQ,ETERNAL,36770653,NIFTY100 ESG
2175.97,164.8,2208,2183,31-Jul-2026 16:00:29,2090,N,8.17,12036480325.59,EQ,HYUNDAI,5531547,NIFTY INDIA MFG
2453.19,153,2511.2,2459.9,31-Jul-2026 16:00:29,2321,N,6.63,8328646286.13,EQ,BALKRISIND,3395027,NIFTY INDIA MFG
5050.79,267.8,5140.7,5139.9,31-Jul-2026 16:00:29,4894.4,N,5.50,7211795755.45,EQ,TORNTPHARM,1427855,NIFTY INDIA MFG
432.66,20.55,440.65,435.5,31-Jul-2026 16:00:29,414.25,N,4.95,8340486331.8,EQ,TMCV,19277230,NIFTY INDIA MFG
165.06,7.6,166.7,165.69,31-Jul-2026 16:00:29,159.17,N,4.81,7847399052.36,EQ,ASHOKLEY,47542706,NIFTY INDIA MFG
3790.17,163.5,3859.8,3785,31-Jul-2026 16:00:29,3622.2,N,4.51,12382640786.97,EQ,KAYNES,3267041,NIFTY INDIA MFG
5000.05,193.5,5085,4993,31-Jul-2026 16:00:29,4797.5,N,4.03,2407194071.7,EQ,KEI,481434,NIFTY INDIA MFG
3203.86,114.3,3247.9,3236,31-Jul-2026 16:00:29,3152,N,3.66,1717608569.16,EQ,ENRIN,536106,NIFTY INDIA MFG
870.09,29.3,878.8,861.9,31-Jul-2026 16:00:29,850,N,3.52,5971767005.1,EQ,CGPOWER,6863390,NIFTY INDIA MFG
3390.98,109.3,3457,3393,31-Jul-2026 16:00:29,3243.3,N,3.33,20793058705.54,EQ,M&M,6131873,NIFTY INDIA MFG
810.12,25.6,819,810,31-Jul-2026 16:00:29,783.05,N,3.26,795326398.68,EQ,ANTHEM,981739,NIFTY INDIA MFG
8022.29,250,8090,8085,31-Jul-2026 16:00:29,7870.5,N,3.19,6369048454.51,EQ,DIVISLAB,793919,NIFTY INDIA MFG
150.57,4.18,152.4,150.9,31-Jul-2026 16:00:29,146.42,N,2.85,3535994914.2,EQ,MOTHERSON,23484060,NIFTY INDIA MFG
2373,62.8,2401.8,2381.9,31-Jul-2026 16:00:29,2328.8,N,2.71,3796292178,EQ,MAZDOCK,1599786,NIFTY INDIA MFG
7550.92,193.5,7655,7580,31-Jul-2026 16:00:29,7473.5,N,2.62,1465693979.36,EQ,NAVINFLUOR,194108,NIFTY INDIA MFG
492.61,12.25,499,492.5,31-Jul-2026 16:00:29,482.55,N,2.55,3615402720.8,EQ,HINDCOPPER,7339280,NIFTY INDIA MFG
4351.82,104.7,4410,4307,31-Jul-2026 16:00:29,4302.1,N,2.49,6147585467.54,EQ,GVT&D,1412647,NIFTY INDIA MFG
4287.94,102.6,4325,4311,31-Jul-2026 16:00:29,4198,N,2.44,12828911880.46,EQ,TVSMOTOR,2991859,NIFTY INDIA MFG
3066.39,72.3,3099,3085.9,31-Jul-2026 16:00:29,3010.2,N,2.40,1031441604.3,EQ,ESCORTS,336370,NIFTY INDIA MFG
9082.57,204,9135.5,9100,31-Jul-2026 16:00:29,8924,N,2.29,2572719695.63,EQ,POLYCAB,283259,NIFTY INDIA MFG
2751.09,61.4,2775,2750.2,31-Jul-2026 16:00:29,2689,N,2.28,1336537294.89,EQ,TIINDIA,485821,NIFTY INDIA MFG
3770.07,83.2,3808.4,3742,31-Jul-2026 16:00:29,3662.1,N,2.27,2131303512.54,EQ,SIEMENS,565322,NIFTY INDIA MFG
5527.98,115.5,5567,5511.5,31-Jul-2026 16:00:29,5461.5,N,2.14,1978347954.42,EQ,CUMMINSIND,357879,NIFTY INDIA MFG
6741.4,133,6810,6770,31-Jul-2026 16:00:29,6646.5,N,2.00,375320703.6,EQ,LINDEINDIA,55674,NIFTY INDIA MFG
1417.86,27.9,1430.8,1430,31-Jul-2026 16:00:29,1400.1,N,1.99,1695720859.92,EQ,COCHINSHIP,1195972,NIFTY INDIA MFG
1814.7,33.7,1826.6,1815,31-Jul-2026 16:00:29,1785,N,1.89,4541430111.3,EQ,LAURUSLABS,2502579,NIFTY INDIA MFG
2196.61,40.3,2212.6,2205,31-Jul-2026 16:00:29,2161.5,N,1.86,2091398970.83,EQ,BHARATFORG,952103,NIFTY INDIA MFG
338.32,5.9,341.95,340.1,31-Jul-2026 16:00:29,334.5,N,1.77,2885011282.16,EQ,TMPV,8527463,NIFTY INDIA MFG
18416.27,307,18619,18360,31-Jul-2026 16:00:29,18110,N,1.70,1637887804.99,EQ,SOLARINDS,88937,NIFTY INDIA MFG
189.26,3.07,191.84,189.99,31-Jul-2026 16:00:29,186.31,N,1.64,6482076267.84,EQ,TATASTEEL,34249584,NIFTY INDIA MFG
260.13,-0.05,263.9,260.25,31-Jul-2026 16:00:29,258.15,N,-0.02,760093096.62,EQ,CROMPTON,2921974,NIFTY INDIA MFG
1260.88,-1.3,1273.9,1260.4,31-Jul-2026 16:00:29,1256.9,N,-0.10,1381120038.56,EQ,HAVELLS,1095362,NIFTY INDIA MFG
2417.24,-7.3,2435,2413.9,31-Jul-2026 16:00:29,2404,N,-0.30,2432487949.92,EQ,LUPIN,1006308,NIFTY INDIA MFG
4566.69,-13.5,4624,4550,31-Jul-2026 16:00:29,4484,N,-0.30,598592591.82,EQ,AIAENG,131078,NIFTY INDIA MFG
7395.73,-47.5,7485,7244,31-Jul-2026 16:00:29,7201.5,N,-0.65,2580739983.5,EQ,ABB,348950,NIFTY INDIA MFG
2003.84,-14.1,2046.9,1987,31-Jul-2026 16:00:29,1965.3,N,-0.70,9927923084.16,EQ,SUNPHARMA,4954449,NIFTY INDIA MFG
2753.43,-20.1,2781.3,2757.2,31-Jul-2026 16:00:29,2740,N,-0.72,276543495.48,EQ,PIIND,100436,NIFTY INDIA MFG
1695.8,-13.4,1721.1,1678,31-Jul-2026 16:00:29,1672,N,-0.79,318186345.6,EQ,BLUESTARCO,187632,NIFTY INDIA MFG
1338.98,-11.2,1353.8,1322,31-Jul-2026 16:00:29,1322,N,-0.84,1001709683.72,EQ,VOLTAS,748114,NIFTY INDIA MFG
265.66,-3.15,269,264.35,31-Jul-2026 16:00:29,263,N,-1.18,4103644441.14,EQ,VEDL,15446979,NIFTY INDIA MFG
41219.53,-490,41715,41060,31-Jul-2026 16:00:29,40920,N,-1.18,785396924.62,EQ,BOSCHLTD,19054,NIFTY INDIA MFG
1615.5,-22.2,1637.9,1607.7,31-Jul-2026 16:00:29,1601,N,-1.36,1327073476.5,EQ,PIDILITIND,821463,NIFTY INDIA MFG
5772.14,-81.5,5833,5735,31-Jul-2026 16:00:29,5735,N,-1.40,673002663.3,EQ,ALKEM,116595,NIFTY INDIA MFG
133368.42,-1910,135395,132950,31-Jul-2026 16:00:29,132500,N,-1.42,728324941.62,EQ,MRF,5461,NIFTY INDIA MFG
1452.01,-21.9,1471.9,1450,31-Jul-2026 16:00:29,1444,N,-1.49,506751490,EQ,ASTRAL,349000,NIFTY INDIA MFG
762.4,-12.7,781.9,747.8,31-Jul-2026 16:00:29,742.5,N,-1.67,3523067935.2,EQ,HSCL,4621023,NIFTY INDIA MFG
40425.44,-830,41160,40255,31-Jul-2026 16:00:29,39890,N,-2.02,1007967920.96,EQ,PAGEIND,24934,NIFTY INDIA MFG
38417.45,-1250,39865,38255,31-Jul-2026 16:00:29,38000,N,-3.16,389552943,EQ,HONAUT,10140,NIFTY INDIA MFG
14245.27,-587,14589,13751,31-Jul-2026 16:00:29,13601,N,-4.09,9041857491.29,EQ,DIXON,634727,NIFTY INDIA MFG
1846.57,-85.1,1908,1808,31-Jul-2026 16:00:29,1805,N,-4.50,1631158376.65,EQ,APLAPOLLO,883345,NIFTY INDIA MFG
1909.04,130.1,1960,1856.1,31-Jul-2026 16:00:29,1841.1,N,7.54,9406630422.56,EQ,ASTRAMICRO,4927414,NIFTY IND DEFENCE
5726,272.5,5726,5726,31-Jul-2026 16:00:29,5726,N,5.00,619129476,BE,MTARTECH,108126,NIFTY IND DEFENCE
1251.86,45.6,1271.3,1258,31-Jul-2026 16:00:29,1210,N,3.76,2089013834.08,EQ,PARAS,1668728,NIFTY IND DEFENCE
387.04,10.35,392.8,388.45,31-Jul-2026 16:00:29,376.7,N,2.74,2226438311.04,EQ,APOLLO,5752476,NIFTY IND DEFENCE
2373,62.8,2401.8,2381.9,31-Jul-2026 16:00:29,2328.8,N,2.71,3796292178,EQ,MAZDOCK,1599786,NIFTY IND DEFENCE
1558.01,30.5,1574,1554,31-Jul-2026 16:00:29,1531,N,2.00,131153281.8,EQ,AXISCADES,84180,NIFTY IND DEFENCE
1417.86,27.9,1430.8,1430,31-Jul-2026 16:00:29,1400.1,N,1.99,1695720859.92,EQ,COCHINSHIP,1195972,NIFTY IND DEFENCE
2196.61,40.3,2212.6,2205,31-Jul-2026 16:00:29,2161.5,N,1.86,2091398970.83,EQ,BHARATFORG,952103,NIFTY IND DEFENCE
18416.27,307,18619,18360,31-Jul-2026 16:00:29,18110,N,1.70,1637887804.99,EQ,SOLARINDS,88937,NIFTY IND DEFENCE
395.22,6.1,397.65,395.2,31-Jul-2026 16:00:29,389.1,N,1.57,86964604.02,EQ,MIDHANI,220041,NIFTY IND DEFENCE
4642.12,62.6,4669,4644,31-Jul-2026 16:00:29,4591.1,N,1.37,3471187009.08,EQ,HAL,747759,NIFTY IND DEFENCE
387.97,2.9,390.6,387.8,31-Jul-2026 16:00:29,385,N,0.75,6639937007.11,EQ,BEL,17114563,NIFTY IND DEFENCE
1257.15,7.1,1264.8,1253,31-Jul-2026 16:00:29,1247,N,0.57,479859183.6,EQ,BDL,381704,NIFTY IND DEFENCE
10401.32,44,10485,10316,31-Jul-2026 16:00:29,10240,N,0.43,71509075,EQ,DYNAMATECH,6875,NIFTY IND DEFENCE
2614.17,8.8,2632.5,2595,31-Jul-2026 16:00:29,2590.1,N,0.34,1153578323.43,EQ,GRSE,441279,NIFTY IND DEFENCE
1639.38,4.6,1668.4,1620,31-Jul-2026 16:00:29,1609.7,N,0.28,586053759.3,EQ,ZENTEC,357485,NIFTY IND DEFENCE
229.34,0.01,231.22,228.39,31-Jul-2026 16:00:29,227.6,N,0.00,262814007.72,EQ,AEQUS,1145958,NIFTY IND DEFENCE
1772.32,-11.4,1799.2,1745,31-Jul-2026 16:00:29,1741.7,N,-0.65,309255661.44,EQ,BEML,174492,NIFTY IND DEFENCE
4249.57,-191.1,4358.5,4270.9,31-Jul-2026 16:00:29,4090,N,-4.28,8163661945.92,EQ,DATAPATTNS,1921056,NIFTY IND DEFENCE
490.83,24.9,504.9,493,31-Jul-2026 16:00:29,468,N,5.32,1080264311.19,EQ,THELEELA,2200893,NIFTY IND TOURISM
1295.45,20.9,1309,1300.1,31-Jul-2026 16:00:29,1258,N,1.63,21549810.75,EQ,TRAVELFOOD,16635,NIFTY IND TOURISM
1538.85,22.5,1566,1521,31-Jul-2026 16:00:29,1509.4,N,1.50,1050959146.35,EQ,TBOTEK,682951,NIFTY IND TOURISM
105.28,1.38,106.01,105.29,31-Jul-2026 16:00:29,103.86,N,1.33,1414708632.96,EQ,GMRAIRPORT,13437582,NIFTY IND TOURISM
162.4,1.64,163.62,162.18,31-Jul-2026 16:00:29,160.7,N,1.02,327296088,EQ,ITCHOTELS,2015370,NIFTY IND TOURISM
806.44,5,813.9,810,31-Jul-2026 16:00:29,792.85,N,0.62,66534525.76,EQ,CHALET,82504,NIFTY IND TOURISM
238.66,0.95,241,239.7,31-Jul-2026 16:00:29,236,N,0.40,266614723.12,EQ,BLS,1117132,NIFTY IND TOURISM
109.59,0.25,110.45,109.45,31-Jul-2026 16:00:29,109.01,N,0.23,297814551.06,EQ,LEMONTREE,2717534,NIFTY IND TOURISM
436.65,-1,441,438.8,31-Jul-2026 16:00:29,433,N,-0.23,873892534.05,EQ,JUBLFOOD,2001357,NIFTY IND TOURISM
491.5,-2.9,495.7,490.25,31-Jul-2026 16:00:29,489,N,-0.59,443200786.5,EQ,IRCTC,901731,NIFTY IND TOURISM
5202.95,-53.5,5282,5177,31-Jul-2026 16:00:29,5137.5,N,-1.02,2408445555,EQ,INDIGO,462900,NIFTY IND TOURISM
328.28,-3.5,334.3,327.05,31-Jul-2026 16:00:29,325.75,N,-1.06,52960427.56,EQ,EIHOTEL,161327,NIFTY IND TOURISM
744.81,-9.45,757.4,739.8,31-Jul-2026 16:00:29,736.85,N,-1.26,2064872513.88,EQ,INDHOTEL,2772348,NIFTY IND TOURISM
115.54,-4.54,119.48,113.99,31-Jul-2026 16:00:29,113.51,N,-3.83,421508290.86,EQ,DEVYANI,3648159,NIFTY IND TOURISM
186.59,-10.8,195,184.45,31-Jul-2026 16:00:29,183.55,N,-5.53,431227962.41,EQ,SAPPHIRE,2311099,NIFTY IND TOURISM
3600.09,115.7,3652.5,3646,31-Jul-2026 16:00:29,3517,N,3.28,9912451805.1,EQ,BSE,2753390,NIFTY CAPITAL MKT
2602.57,71.7,2630,2618,31-Jul-2026 16:00:29,2550.1,N,2.82,2149098203.2,EQ,HDFCAMC,825760,NIFTY CAPITAL MKT
3114.79,63.6,3129.6,3115,31-Jul-2026 16:00:29,3052,N,2.08,465592579.62,EQ,ICICIAMC,149478,NIFTY CAPITAL MKT
297.44,5.85,299.95,297.5,31-Jul-2026 16:00:29,292.5,N,2.01,1376241792.64,EQ,ANGELONE,4626956,NIFTY CAPITAL MKT
854.41,15.7,860,852.65,31-Jul-2026 16:00:29,837.35,N,1.88,703850996.26,EQ,MOTILALOFS,823786,NIFTY CAPITAL MKT
2070.63,35.7,2089,2075,31-Jul-2026 16:00:29,2046,N,1.75,318280678.56,EQ,ANANDRATHI,153712,NIFTY CAPITAL MKT
1162.75,14.6,1175.6,1161.5,31-Jul-2026 16:00:29,1141.1,N,1.27,1020804968.25,EQ,NAM-INDIA,877923,NIFTY CAPITAL MKT
195.67,1.75,198.85,194.08,31-Jul-2026 16:00:29,193.2,N,0.91,4116378274.5,EQ,GROWW,21037350,NIFTY CAPITAL MKT
2690.48,15.3,2704.7,2692.3,31-Jul-2026 16:00:29,2668.4,N,0.57,2687843329.6,EQ,MCX,999020,NIFTY CAPITAL MKT
132.22,0.52,133.5,131.92,31-Jul-2026 16:00:29,131.05,N,0.40,512280836.76,EQ,IEX,3874458,NIFTY CAPITAL MKT
798.89,1.95,807.6,795.1,31-Jul-2026 16:00:29,787.1,N,0.25,741753387.2,EQ,CAMS,928480,NIFTY CAPITAL MKT
1012.16,1.2,1022.2,1010,31-Jul-2026 16:00:29,1002.2,N,0.12,269256827.52,EQ,ABSLAMC,266022,NIFTY CAPITAL MKT
1822.06,-3.4,1850,1790,31-Jul-2026 16:00:29,1785.3,N,-0.19,511767458.38,EQ,NUVAMA,280873,NIFTY CAPITAL MKT
1339,-4.5,1348,1331.9,31-Jul-2026 16:00:29,1330,N,-0.34,998466859,EQ,CDSL,745681,NIFTY CAPITAL MKT
946.32,-4.5,956.3,936,31-Jul-2026 16:00:29,933.6,N,-0.48,598800067.44,EQ,KFINTECH,632767,NIFTY CAPITAL MKT
1145.68,-6.9,1166,1136,31-Jul-2026 16:00:29,1132,N,-0.60,1338172570.88,EQ,360ONE,1168016,NIFTY CAPITAL MKT
903.03,-6.75,914.9,902.55,31-Jul-2026 16:00:29,899.05,N,-0.74,110275314.51,EQ,UTIAMC,122117,NIFTY CAPITAL MKT
2175.97,164.8,2208,2183,31-Jul-2026 16:00:29,2090,N,8.17,12036480325.59,EQ,HYUNDAI,5531547,NIFTY EV
432.66,20.55,440.65,435.5,31-Jul-2026 16:00:29,414.25,N,4.95,8340486331.8,EQ,TMCV,19277230,NIFTY EV
165.06,7.6,166.7,165.69,31-Jul-2026 16:00:29,159.17,N,4.81,7847399052.36,EQ,ASHOKLEY,47542706,NIFTY EV
5000.05,193.5,5085,4993,31-Jul-2026 16:00:29,4797.5,N,4.03,2407194071.7,EQ,KEI,481434,NIFTY EV
870.09,29.3,878.8,861.9,31-Jul-2026 16:00:29,850,N,3.52,5971767005.1,EQ,CGPOWER,6863390,NIFTY EV
3390.98,109.3,3457,3393,31-Jul-2026 16:00:29,3243.3,N,3.33,20793058705.54,EQ,M&M,6131873,NIFTY EV
150.57,4.18,152.4,150.9,31-Jul-2026 16:00:29,146.42,N,2.85,3535994914.2,EQ,MOTHERSON,23484060,NIFTY EV
38.44,0.94,38.9,38.72,31-Jul-2026 16:00:29,37.61,N,2.49,1497272903.52,EQ,OLAELEC,38950908,NIFTY EV
4287.94,102.6,4325,4311,31-Jul-2026 16:00:29,4198,N,2.44,12828911880.46,EQ,TVSMOTOR,2991859,NIFTY EV
2751.09,61.4,2775,2750.2,31-Jul-2026 16:00:29,2689,N,2.28,1336537294.89,EQ,TIINDIA,485821,NIFTY EV
1256.78,24,1274.6,1264.9,31-Jul-2026 16:00:29,1232.1,N,1.93,3999696066.1,EQ,ATHERENERG,3182495,NIFTY EV
2196.61,40.3,2212.6,2205,31-Jul-2026 16:00:29,2161.5,N,1.86,2091398970.83,EQ,BHARATFORG,952103,NIFTY EV
338.32,5.9,341.95,340.1,31-Jul-2026 16:00:29,334.5,N,1.77,2885011282.16,EQ,TMPV,8527463,NIFTY EV
2405.39,39.7,2425.4,2421,31-Jul-2026 16:00:29,2366.1,N,1.67,323380631.6,EQ,ZFCVINDIA,134440,NIFTY EV
17986.41,252,18347,17870,31-Jul-2026 16:00:29,17622,N,1.43,2845539994.05,EQ,FORCEMOT,158205,NIFTY EV
5362.03,63,5394.7,5388,31-Jul-2026 16:00:29,5297.5,N,1.18,4125921224.1,EQ,HEROMOTOCO,769470,NIFTY EV
592.05,6.4,607.5,596.15,31-Jul-2026 16:00:29,575.5,N,1.09,3693135077.85,EQ,KPITTECH,6237877,NIFTY EV
4053.86,38.8,4103.6,4078.9,31-Jul-2026 16:00:29,4026.1,N,0.96,755213848.7,EQ,SCHAEFFLER,186295,NIFTY EV
1303.09,12.1,1309.7,1305,31-Jul-2026 16:00:29,1293.6,N,0.94,11239146037.64,EQ,RELIANCE,8624996,NIFTY EV
11518.83,87,11590,11519,31-Jul-2026 16:00:29,11329.5,N,0.76,2469406775.4,EQ,BAJAJ-AUTO,214380,NIFTY EV
768.65,4.95,773.2,768.7,31-Jul-2026 16:00:29,761.95,N,0.65,2213882640.3,EQ,SONACOMS,2880222,NIFTY EV
1182.48,7.2,1188,1180,31-Jul-2026 16:00:29,1167.6,N,0.61,918120041.28,EQ,UNOMINDA,776436,NIFTY EV
3643.74,16.4,3686.9,3674.7,31-Jul-2026 16:00:29,3566.5,N,0.45,980854726.86,EQ,TATAELXSI,269189,NIFTY EV
672.69,2.7,676.4,673,31-Jul-2026 16:00:29,668.2,N,0.40,225119744.64,EQ,TATACHEM,334656,NIFTY EV
14232.54,52,14348,14240,31-Jul-2026 16:00:29,14124,N,0.37,7620343869.18,EQ,MARUTI,535417,NIFTY EV
911.08,2.15,918,909,31-Jul-2026 16:00:29,903.5,N,0.24,1452277919.44,EQ,ARE&M,1594018,NIFTY EV
7842.39,4.5,7899,7835,31-Jul-2026 16:00:29,7794,N,0.06,5651288973.12,EQ,EICHERMOT,720608,NIFTY EV
1329.42,-1,1338.8,1326,31-Jul-2026 16:00:29,1320,N,-0.08,323279049.66,EQ,OLECTRA,243173,NIFTY EV
260.25,-0.55,262.25,258.8,31-Jul-2026 16:00:29,258.2,N,-0.21,189419839.5,EQ,JWL,727838,NIFTY EV
3510.93,-18.8,3580,3540.3,31-Jul-2026 16:00:29,3456.3,N,-0.53,419640397.32,EQ,LTTS,119524,NIFTY EV
4411.84,-30,4471,4365,31-Jul-2026 16:00:29,4344.6,N,-0.68,199922529.6,EQ,FLUOROCHEM,45315,NIFTY EV
746.32,-5.2,752.65,746.15,31-Jul-2026 16:00:29,733,N,-0.69,323663311.28,EQ,TATATECH,433679,NIFTY EV
40.86,-0.42,41.36,40.63,31-Jul-2026 16:00:29,40.52,N,-1.02,358357890.24,EQ,MSUMI,8770384,NIFTY EV
451.33,-5.2,459.6,447.5,31-Jul-2026 16:00:29,444.15,N,-1.15,3003609725.27,EQ,EXIDEIND,6655019,NIFTY EV
41219.53,-490,41715,41060,31-Jul-2026 16:00:29,40920,N,-1.18,785396924.62,EQ,BOSCHLTD,19054,NIFTY EV
703.8,-8.9,714.75,698,31-Jul-2026 16:00:29,697.25,N,-1.26,212021157.6,EQ,MINDACORP,301252,NIFTY EV
762.4,-12.7,781.9,747.8,31-Jul-2026 16:00:29,742.5,N,-1.67,3523067935.2,EQ,HSCL,4621023,NIFTY EV
662,-17.65,676,660.8,31-Jul-2026 16:00:29,651,N,-2.60,356807408,EQ,JBMA,538984,NIFTY EV
2175.97,164.8,2208,2183,31-Jul-2026 16:00:29,2090,N,8.17,12036480325.59,EQ,HYUNDAI,5531547,NIFTY NEW CONSUMP
3390.98,109.3,3457,3393,31-Jul-2026 16:00:29,3243.3,N,3.33,20793058705.54,EQ,M&M,6131873,NIFTY NEW CONSUMP
1786.3,53.9,1807.9,1797,31-Jul-2026 16:00:29,1738.1,N,3.09,370925195,EQ,INDIAMART,207650,NIFTY NEW CONSUMP
1421.03,40.2,1471.2,1418.3,31-Jul-2026 16:00:29,1372.1,N,2.92,380153945.6,EQ,ABREL,267520,NIFTY NEW CONSUMP
2602.57,71.7,2630,2618,31-Jul-2026 16:00:29,2550.1,N,2.82,2149098203.2,EQ,HDFCAMC,825760,NIFTY NEW CONSUMP
38.44,0.94,38.9,38.72,31-Jul-2026 16:00:29,37.61,N,2.49,1497272903.52,EQ,OLAELEC,38950908,NIFTY NEW CONSUMP
4287.94,102.6,4325,4311,31-Jul-2026 16:00:29,4198,N,2.44,12828911880.46,EQ,TVSMOTOR,2991859,NIFTY NEW CONSUMP
622.57,13.4,632.4,622,31-Jul-2026 16:00:29,608.5,N,2.20,2543058994.32,EQ,ANANTRAJ,4084776,NIFTY NEW CONSUMP
1364.03,28.6,1378.2,1373,31-Jul-2026 16:00:29,1344.6,N,2.13,80600532.7,EQ,SOBHA,59090,NIFTY NEW CONSUMP
575.81,11.9,582,577,31-Jul-2026 16:00:29,565,N,2.11,390742938.57,EQ,BRIGADE,678597,NIFTY NEW CONSUMP
3114.79,63.6,3129.6,3115,31-Jul-2026 16:00:29,3052,N,2.08,465592579.62,EQ,ICICIAMC,149478,NIFTY NEW CONSUMP
297.44,5.85,299.95,297.5,31-Jul-2026 16:00:29,292.5,N,2.01,1376241792.64,EQ,ANGELONE,4626956,NIFTY NEW CONSUMP
1256.78,24,1274.6,1264.9,31-Jul-2026 16:00:29,1232.1,N,1.93,3999696066.1,EQ,ATHERENERG,3182495,NIFTY NEW CONSUMP
854.41,15.7,860,852.65,31-Jul-2026 16:00:29,837.35,N,1.88,703850996.26,EQ,MOTILALOFS,823786,NIFTY NEW CONSUMP
338.32,5.9,341.95,340.1,31-Jul-2026 16:00:29,334.5,N,1.77,2885011282.16,EQ,TMPV,8527463,NIFTY NEW CONSUMP
115.27,1.97,117.32,114.18,31-Jul-2026 16:00:29,112.4,N,1.76,7116420070.82,EQ,ZEEL,61736966,NIFTY NEW CONSUMP
17986.41,252,18347,17870,31-Jul-2026 16:00:29,17622,N,1.43,2845539994.05,EQ,FORCEMOT,158205,NIFTY NEW CONSUMP
1610.91,22.2,1624.4,1617,31-Jul-2026 16:00:29,1585,N,1.39,1081002766.41,EQ,PRESTIGE,671051,NIFTY NEW CONSUMP
1162.75,14.6,1175.6,1161.5,31-Jul-2026 16:00:29,1141.1,N,1.27,1020804968.25,EQ,NAM-INDIA,877923,NIFTY NEW CONSUMP
3920.38,47,3946.5,3921,31-Jul-2026 16:00:29,3889.7,N,1.21,2163861581.76,EQ,DMART,551952,NIFTY NEW CONSUMP
5362.03,63,5394.7,5388,31-Jul-2026 16:00:29,5297.5,N,1.18,4125921224.1,EQ,HEROMOTOCO,769470,NIFTY NEW CONSUMP
12.95,0.15,13.08,13.02,31-Jul-2026 16:00:29,12.76,N,1.17,5015141268.2,EQ,IDEA,387269596,NIFTY NEW CONSUMP
162.4,1.64,163.62,162.18,31-Jul-2026 16:00:29,160.7,N,1.02,327296088,EQ,ITCHOTELS,2015370,NIFTY NEW CONSUMP
1038.39,9.8,1053.8,1043.1,31-Jul-2026 16:00:29,1022.6,N,0.95,333068784.45,EQ,KPRMILL,320755,NIFTY NEW CONSUMP
195.67,1.75,198.85,194.08,31-Jul-2026 16:00:29,193.2,N,0.91,4116378274.5,EQ,GROWW,21037350,NIFTY NEW CONSUMP
11518.83,87,11590,11519,31-Jul-2026 16:00:29,11329.5,N,0.76,2469406775.4,EQ,BAJAJ-AUTO,214380,NIFTY NEW CONSUMP
4870.13,35,4886,4885,31-Jul-2026 16:00:29,4820.9,N,0.72,4886269610.82,EQ,TITAN,1003314,NIFTY NEW CONSUMP
806.44,5,813.9,810,31-Jul-2026 16:00:29,792.85,N,0.62,66534525.76,EQ,CHALET,82504,NIFTY NEW CONSUMP
697.07,4.15,701.9,695.2,31-Jul-2026 16:00:29,691.15,N,0.60,93350220.26,EQ,BATAINDIA,133918,NIFTY NEW CONSUMP
1826.31,10.6,1836.6,1825,31-Jul-2026 16:00:29,1806,N,0.58,615829905.69,EQ,OBEROIRLTY,337199,NIFTY NEW CONSUMP
1145.68,-6.9,1166,1136,31-Jul-2026 16:00:29,1132,N,-0.60,1338172570.88,EQ,360ONE,1168016,NIFTY NEW CONSUMP
1131.55,-7.35,1143.55,1124.1,31-Jul-2026 16:00:29,1123.1,N,-0.65,201936413,EQ,PVRINOX,178460,NIFTY NEW CONSUMP
1695.8,-13.4,1721.1,1678,31-Jul-2026 16:00:29,1672,N,-0.79,318186345.6,EQ,BLUESTARCO,187632,NIFTY NEW CONSUMP
107.19,-0.89,109.42,107,31-Jul-2026 16:00:29,106.47,N,-0.82,1370730499.02,EQ,VMM,12787858,NIFTY NEW CONSUMP
1338.98,-11.2,1353.8,1322,31-Jul-2026 16:00:29,1322,N,-0.84,1001709683.72,EQ,VOLTAS,748114,NIFTY NEW CONSUMP
5202.95,-53.5,5282,5177,31-Jul-2026 16:00:29,5137.5,N,-1.02,2408445555,EQ,INDIGO,462900,NIFTY NEW CONSUMP
1762.2,-18.7,1799,1755,31-Jul-2026 16:00:29,1751,N,-1.05,308480158.8,EQ,TATACOMM,175054,NIFTY NEW CONSUMP
328.28,-3.5,334.3,327.05,31-Jul-2026 16:00:29,325.75,N,-1.06,52960427.56,EQ,EIHOTEL,161327,NIFTY NEW CONSUMP
1612.03,-20,1644.9,1616,31-Jul-2026 16:00:29,1598.1,N,-1.22,299713453.69,EQ,BHARTIHEXA,185923,NIFTY NEW CONSUMP
744.81,-9.45,757.4,739.8,31-Jul-2026 16:00:29,736.85,N,-1.26,2064872513.88,EQ,INDHOTEL,2772348,NIFTY NEW CONSUMP
1226.29,-17.15,1236,1226.9,31-Jul-2026 16:00:29,1204.1,N,-1.38,2440943734.19,EQ,NAUKRI,1990511,NIFTY NEW CONSUMP
40425.44,-830,41160,40255,31-Jul-2026 16:00:29,39890,N,-2.02,1007967920.96,EQ,PAGEIND,24934,NIFTY NEW CONSUMP
305.9,-8,316,302.65,31-Jul-2026 16:00:29,301.8,N,-2.58,11248142752.7,EQ,ETERNAL,36770653,NIFTY NEW CONSUMP
2742.26,-74.9,2785.7,2716.8,31-Jul-2026 16:00:29,2705,N,-2.68,1063185171.04,EQ,CARTRADE,387704,NIFTY NEW CONSUMP
623.15,-21.3,638.4,613.3,31-Jul-2026 16:00:29,610.05,N,-3.36,14775588790.05,EQ,KALYANKJIL,23711127,NIFTY NEW CONSUMP
1262.31,-43.95,1297,1243.2,31-Jul-2026 16:00:29,1239.55,N,-3.41,4536511137.27,EQ,LODHA,3593817,NIFTY NEW CONSUMP
288.07,-11.13,294.59,284.78,31-Jul-2026 16:00:29,280.2,N,-3.76,13485401033.17,EQ,SWIGGY,46812931,NIFTY NEW CONSUMP
115.54,-4.54,119.48,113.99,31-Jul-2026 16:00:29,113.51,N,-3.83,421508290.86,EQ,DEVYANI,3648159,NIFTY NEW CONSUMP
14245.27,-587,14589,13751,31-Jul-2026 16:00:29,13601,N,-4.09,9041857491.29,EQ,DIXON,634727,NIFTY NEW CONSUMP
186.59,-10.8,195,184.45,31-Jul-2026 16:00:29,183.55,N,-5.53,431227962.41,EQ,SAPPHIRE,2311099,NIFTY NEW CONSUMP
2175.97,164.8,2208,2183,31-Jul-2026 16:00:29,2090,N,8.17,12036480325.59,EQ,HYUNDAI,5531547,NIFTY MOBILITY
2453.19,153,2511.2,2459.9,31-Jul-2026 16:00:29,2321,N,6.63,8328646286.13,EQ,BALKRISIND,3395027,NIFTY MOBILITY
432.66,20.55,440.65,435.5,31-Jul-2026 16:00:29,414.25,N,4.95,8340486331.8,EQ,TMCV,19277230,NIFTY MOBILITY
165.06,7.6,166.7,165.69,31-Jul-2026 16:00:29,159.17,N,4.81,7847399052.36,EQ,ASHOKLEY,47542706,NIFTY MOBILITY
179.21,7.36,182.21,181,31-Jul-2026 16:00:29,173.5,N,4.24,6970093920.03,EQ,GAIL,38893443,NIFTY MOBILITY
3390.98,109.3,3457,3393,31-Jul-2026 16:00:29,3243.3,N,3.33,20793058705.54,EQ,M&M,6131873,NIFTY MOBILITY
150.57,4.18,152.4,150.9,31-Jul-2026 16:00:29,146.42,N,2.85,3535994914.2,EQ,MOTHERSON,23484060,NIFTY MOBILITY
4287.94,102.6,4325,4311,31-Jul-2026 16:00:29,4198,N,2.44,12828911880.46,EQ,TVSMOTOR,2991859,NIFTY MOBILITY
2751.09,61.4,2775,2750.2,31-Jul-2026 16:00:29,2689,N,2.28,1336537294.89,EQ,TIINDIA,485821,NIFTY MOBILITY
2196.61,40.3,2212.6,2205,31-Jul-2026 16:00:29,2161.5,N,1.86,2091398970.83,EQ,BHARATFORG,952103,NIFTY MOBILITY
338.32,5.9,341.95,340.1,31-Jul-2026 16:00:29,334.5,N,1.77,2885011282.16,EQ,TMPV,8527463,NIFTY MOBILITY
1690.88,27.8,1708.1,1691.9,31-Jul-2026 16:00:29,1650,N,1.67,7953300948.48,EQ,ADANIPORTS,4703646,NIFTY MOBILITY
318.24,4.4,320.4,320.2,31-Jul-2026 16:00:29,314.4,N,1.39,1626545962.08,EQ,BPCL,5111067,NIFTY MOBILITY
105.28,1.38,106.01,105.29,31-Jul-2026 16:00:29,103.86,N,1.33,1414708632.96,EQ,GMRAIRPORT,13437582,NIFTY MOBILITY
5362.03,63,5394.7,5388,31-Jul-2026 16:00:29,5297.5,N,1.18,4125921224.1,EQ,HEROMOTOCO,769470,NIFTY MOBILITY
1303.09,12.1,1309.7,1305,31-Jul-2026 16:00:29,1293.6,N,0.94,11239146037.64,EQ,RELIANCE,8624996,NIFTY MOBILITY
11518.83,87,11590,11519,31-Jul-2026 16:00:29,11329.5,N,0.76,2469406775.4,EQ,BAJAJ-AUTO,214380,NIFTY MOBILITY
768.65,4.95,773.2,768.7,31-Jul-2026 16:00:29,761.95,N,0.65,2213882640.3,EQ,SONACOMS,2880222,NIFTY MOBILITY
279.88,1.15,281.3,280.05,31-Jul-2026 16:00:29,276.95,N,0.41,310868873.36,EQ,PETRONET,1110722,NIFTY MOBILITY
14232.54,52,14348,14240,31-Jul-2026 16:00:29,14124,N,0.37,7620343869.18,EQ,MARUTI,535417,NIFTY MOBILITY
389.32,1,391.9,389.45,31-Jul-2026 16:00:29,385.6,N,0.26,3021830205.12,EQ,HINDPETRO,7761816,NIFTY MOBILITY
7842.39,4.5,7899,7835,31-Jul-2026 16:00:29,7794,N,0.06,5651288973.12,EQ,EICHERMOT,720608,NIFTY MOBILITY
140,0.05,140.69,139.99,31-Jul-2026 16:00:29,138.86,N,0.04,1347693060,EQ,IOC,9626379,NIFTY MOBILITY
525.83,-0.65,528.95,524.5,31-Jul-2026 16:00:29,520.85,N,-0.12,673556154.37,EQ,CONCOR,1280939,NIFTY MOBILITY
491.5,-2.9,495.7,490.25,31-Jul-2026 16:00:29,489,N,-0.59,443200786.5,EQ,IRCTC,901731,NIFTY MOBILITY
5202.95,-53.5,5282,5177,31-Jul-2026 16:00:29,5137.5,N,-1.02,2408445555,EQ,INDIGO,462900,NIFTY MOBILITY
41219.53,-490,41715,41060,31-Jul-2026 16:00:29,40920,N,-1.18,785396924.62,EQ,BOSCHLTD,19054,NIFTY MOBILITY
133368.42,-1910,135395,132950,31-Jul-2026 16:00:29,132500,N,-1.42,728324941.62,EQ,MRF,5461,NIFTY MOBILITY
305.9,-8,316,302.65,31-Jul-2026 16:00:29,301.8,N,-2.58,11248142752.7,EQ,ETERNAL,36770653,NIFTY MOBILITY
288.07,-11.13,294.59,284.78,31-Jul-2026 16:00:29,280.2,N,-3.76,13485401033.17,EQ,SWIGGY,46812931,NIFTY MOBILITY
5000.05,193.5,5085,4993,31-Jul-2026 16:00:29,4797.5,N,4.03,2407194071.7,EQ,KEI,481434,NIFTY COREHOUSING
9082.57,204,9135.5,9100,31-Jul-2026 16:00:29,8924,N,2.29,2572719695.63,EQ,POLYCAB,283259,NIFTY COREHOUSING
575.81,11.9,582,577,31-Jul-2026 16:00:29,565,N,2.11,390742938.57,EQ,BRIGADE,678597,NIFTY COREHOUSING
1047.31,20.4,1059.4,1045.5,31-Jul-2026 16:00:29,1028.1,N,1.99,1170923999.3,EQ,PNBHOUSING,1118030,NIFTY COREHOUSING
1610.91,22.2,1624.4,1617,31-Jul-2026 16:00:29,1585,N,1.39,1081002766.41,EQ,PRESTIGE,671051,NIFTY COREHOUSING
1211.82,10,1229.9,1202,31-Jul-2026 16:00:29,1177,N,0.84,1148438178.54,EQ,KAJARIACER,947697,NIFTY COREHOUSING
1826.31,10.6,1836.6,1825,31-Jul-2026 16:00:29,1806,N,0.58,615829905.69,EQ,OBEROIRLTY,337199,NIFTY COREHOUSING
917.6,5,921.75,920,31-Jul-2026 16:00:29,910.95,N,0.55,41559939.2,EQ,RAMCOCEM,45292,NIFTY COREHOUSING
26035.96,135,26590,26590,31-Jul-2026 16:00:29,25500,N,0.51,2920297417.44,EQ,SHREECEM,112164,NIFTY COREHOUSING
659.23,2.15,661.95,657,31-Jul-2026 16:00:29,656.25,N,0.33,946798651.37,EQ,DLF,1436219,NIFTY COREHOUSING
7467.86,24.5,7534.5,7425.5,31-Jul-2026 16:00:29,7395,N,0.33,1203781692.7,EQ,AMBER,161195,NIFTY COREHOUSING
1802.6,5.8,1816.5,1800,31-Jul-2026 16:00:29,1788.1,N,0.32,186752965.2,EQ,DALBHARAT,103602,NIFTY COREHOUSING
11919.96,37,12009,11884,31-Jul-2026 16:00:29,11799,N,0.31,4654398701.16,EQ,ULTRACEMCO,390471,NIFTY COREHOUSING
1899.53,5.1,1917.4,1893,31-Jul-2026 16:00:29,1881.1,N,0.27,1396262823.21,EQ,PHOENIXLTD,735057,NIFTY COREHOUSING
1360.05,3.5,1373.7,1360,31-Jul-2026 16:00:29,1351,N,0.26,185358494.4,EQ,ACC,136288,NIFTY COREHOUSING
260.13,-0.05,263.9,260.25,31-Jul-2026 16:00:29,258.15,N,-0.02,760093096.62,EQ,CROMPTON,2921974,NIFTY COREHOUSING
1260.88,-1.3,1273.9,1260.4,31-Jul-2026 16:00:29,1256.9,N,-0.10,1381120038.56,EQ,HAVELLS,1095362,NIFTY COREHOUSING
3109.41,-8.8,3135.9,3096,31-Jul-2026 16:00:29,3092.6,N,-0.28,962197596.27,EQ,GRASIM,309447,NIFTY COREHOUSING
2749.84,-8.2,2774.9,2738,31-Jul-2026 16:00:29,2732.4,N,-0.30,2452136821.92,EQ,ASIANPAINT,891738,NIFTY COREHOUSING
520.85,-2.1,524.95,519.25,31-Jul-2026 16:00:29,515.4,N,-0.40,125587352,EQ,BERGEPAINT,241120,NIFTY COREHOUSING
2116.07,-9.8,2134,2101.1,31-Jul-2026 16:00:29,2096.1,N,-0.46,1239481654.29,EQ,GODREJPROP,585747,NIFTY COREHOUSING
86.71,-0.43,87.75,86.09,31-Jul-2026 16:00:29,85.8,N,-0.50,544001978.39,EQ,BAJAJHFL,6273809,NIFTY COREHOUSING
433.21,-2.2,438.95,432,31-Jul-2026 16:00:29,430.25,N,-0.51,520888671.53,EQ,AMBUJACEM,1202393,NIFTY COREHOUSING
619.45,-3.6,627.45,609.4,31-Jul-2026 16:00:29,608,N,-0.59,1151516046.85,EQ,PGEL,1858933,NIFTY COREHOUSING
1695.8,-13.4,1721.1,1678,31-Jul-2026 16:00:29,1672,N,-0.79,318186345.6,EQ,BLUESTARCO,187632,NIFTY COREHOUSING
1338.98,-11.2,1353.8,1322,31-Jul-2026 16:00:29,1322,N,-0.84,1001709683.72,EQ,VOLTAS,748114,NIFTY COREHOUSING
5479.91,-88,5606.5,5479,31-Jul-2026 16:00:29,5377.5,N,-1.58,437872208.55,EQ,JKCEMENT,79905,NIFTY COREHOUSING
526.84,-17.9,540.2,523,31-Jul-2026 16:00:29,521.5,N,-3.31,2206825284.64,EQ,LICHSGFIN,4188796,NIFTY COREHOUSING
1262.31,-43.95,1297,1243.2,31-Jul-2026 16:00:29,1239.55,N,-3.41,4536511137.27,EQ,LODHA,3593817,NIFTY COREHOUSING
14245.27,-587,14589,13751,31-Jul-2026 16:00:29,13601,N,-4.09,9041857491.29,EQ,DIXON,634727,NIFTY COREHOUSING
5000.05,193.5,5085,4993,31-Jul-2026 16:00:29,4797.5,N,4.03,2407194071.7,EQ,KEI,481434,NIFTY HOUSING
9082.57,204,9135.5,9100,31-Jul-2026 16:00:29,8924,N,2.29,2572719695.63,EQ,POLYCAB,283259,NIFTY HOUSING
552.56,11.4,557.2,555.1,31-Jul-2026 16:00:29,541.9,N,2.10,876145766.72,EQ,JSWENERGY,1585612,NIFTY HOUSING
189.26,3.07,191.84,189.99,31-Jul-2026 16:00:29,186.31,N,1.64,6482076267.84,EQ,TATASTEEL,34249584,NIFTY HOUSING
1374,19.3,1397,1378,31-Jul-2026 16:00:29,1353,N,1.42,2159853804,EQ,ADANIGREEN,1571946,NIFTY HOUSING
1610.91,22.2,1624.4,1617,31-Jul-2026 16:00:29,1585,N,1.39,1081002766.41,EQ,PRESTIGE,671051,NIFTY HOUSING
379.86,4.85,381.35,380.8,31-Jul-2026 16:00:29,377.15,N,1.29,1142004646.38,EQ,TATAPOWER,3006383,NIFTY HOUSING
358.03,4.5,359.7,358.65,31-Jul-2026 16:00:29,354.75,N,1.27,1399025138.92,EQ,FEDERALBNK,3907564,NIFTY HOUSING
22.72,0.24,22.85,22.78,31-Jul-2026 16:00:29,22.48,N,1.06,858260768.64,EQ,YESBANK,37775562,NIFTY HOUSING
224.9,2.17,226.52,225.05,31-Jul-2026 16:00:29,222.1,N,0.97,987115112.1,EQ,RVNL,4389129,NIFTY HOUSING
112.5,1.01,113,112.65,31-Jul-2026 16:00:29,111.69,N,0.90,1300395600,EQ,PNB,11559072,NIFTY HOUSING
211.13,1.78,212.68,210.75,31-Jul-2026 16:00:29,209.11,N,0.85,3212595883.74,EQ,ADANIPOWER,15216198,NIFTY HOUSING
834.62,6.85,840.9,834.1,31-Jul-2026 16:00:29,828,N,0.83,1095084871.12,EQ,INDIANB,1312076,NIFTY HOUSING
78.47,0.63,78.86,78.7,31-Jul-2026 16:00:29,77.91,N,0.81,444352225.94,EQ,NHPC,5662702,NIFTY HOUSING
1106.24,8.3,1114,1102,31-Jul-2026 16:00:29,1093.6,N,0.76,866503410.88,EQ,JINDALSTEL,783287,NIFTY HOUSING
1826.31,10.6,1836.6,1825,31-Jul-2026 16:00:29,1806,N,0.58,615829905.69,EQ,OBEROIRLTY,337199,NIFTY HOUSING
26035.96,135,26590,26590,31-Jul-2026 16:00:29,25500,N,0.51,2920297417.44,EQ,SHREECEM,112164,NIFTY HOUSING
346.26,1.75,348.25,346.6,31-Jul-2026 16:00:29,343.55,N,0.51,2949830144.94,EQ,NTPC,8519119,NIFTY HOUSING
124.86,0.62,125.44,124.9,31-Jul-2026 16:00:29,124.25,N,0.50,1672206279,EQ,CANBK,13392650,NIFTY HOUSING
243.03,1.15,244.5,242.8,31-Jul-2026 16:00:29,242.1,N,0.48,1889641609.29,EQ,BANKBARODA,7775343,NIFTY HOUSING
279.88,1.15,281.3,280.05,31-Jul-2026 16:00:29,276.95,N,0.41,310868873.36,EQ,PETRONET,1110722,NIFTY HOUSING
659.23,2.15,661.95,657,31-Jul-2026 16:00:29,656.25,N,0.33,946798651.37,EQ,DLF,1436219,NIFTY HOUSING
11919.96,37,12009,11884,31-Jul-2026 16:00:29,11799,N,0.31,4654398701.16,EQ,ULTRACEMCO,390471,NIFTY HOUSING
1899.53,5.1,1917.4,1893,31-Jul-2026 16:00:29,1881.1,N,0.27,1396262823.21,EQ,PHOENIXLTD,735057,NIFTY HOUSING
1027.65,2.3,1034.3,1027.6,31-Jul-2026 16:00:29,1023.5,N,0.22,11223394180.05,EQ,SBIN,10921417,NIFTY HOUSING
171.27,0.36,172.8,170.76,31-Jul-2026 16:00:29,169.82,N,0.21,951838848.18,EQ,UNIONBANK,5557534,NIFTY HOUSING
85.13,0.08,85.74,84.84,31-Jul-2026 16:00:29,84.51,N,0.09,1190219130.35,EQ,IDFCFIRSTB,13981195,NIFTY HOUSING
1269.66,0.6,1282.2,1271.4,31-Jul-2026 16:00:29,1262,N,0.05,1840844483.52,EQ,JSWSTEEL,1449872,NIFTY HOUSING
3941.04,0.3,3973.1,3938,31-Jul-2026 16:00:29,3923.2,N,0.01,6910128892.08,EQ,LT,1753377,NIFTY HOUSING
1434.94,0,1441.9,1433.9,31-Jul-2026 16:00:29,1431.4,N,0.00,12559226253.6,EQ,ICICIBANK,8752440,NIFTY HOUSING
260.13,-0.05,263.9,260.25,31-Jul-2026 16:00:29,258.15,N,-0.02,760093096.62,EQ,CROMPTON,2921974,NIFTY HOUSING
1010.25,-0.45,1017.9,1011,31-Jul-2026 16:00:29,996.4,N,-0.04,2952779915.25,EQ,INDUSINDBK,2922821,NIFTY HOUSING
1260.88,-1.3,1273.9,1260.4,31-Jul-2026 16:00:29,1256.9,N,-0.10,1381120038.56,EQ,HAVELLS,1095362,NIFTY HOUSING
390.06,-0.55,391.85,388.85,31-Jul-2026 16:00:29,388,N,-0.14,2736129308.22,EQ,KOTAKBANK,7014637,NIFTY HOUSING
1229.73,-1.8,1239.7,1227.1,31-Jul-2026 16:00:29,1226,N,-0.15,9208139537.28,EQ,AXISBANK,7487936,NIFTY HOUSING
169.31,-0.25,171.85,168.8,31-Jul-2026 16:00:29,167.97,N,-0.15,2628551464.11,EQ,SAIL,15525081,NIFTY HOUSING
3109.41,-8.8,3135.9,3096,31-Jul-2026 16:00:29,3092.6,N,-0.28,962197596.27,EQ,GRASIM,309447,NIFTY HOUSING
2749.84,-8.2,2774.9,2738,31-Jul-2026 16:00:29,2732.4,N,-0.30,2452136821.92,EQ,ASIANPAINT,891738,NIFTY HOUSING
2116.07,-9.8,2134,2101.1,31-Jul-2026 16:00:29,2096.1,N,-0.46,1239481654.29,EQ,GODREJPROP,585747,NIFTY HOUSING
433.21,-2.2,438.95,432,31-Jul-2026 16:00:29,430.25,N,-0.51,520888671.53,EQ,AMBUJACEM,1202393,NIFTY HOUSING
733.34,-4.15,745.85,733.6,31-Jul-2026 16:00:29,725,N,-0.56,257716942.86,EQ,JSL,351429,NIFTY HOUSING
1695.8,-13.4,1721.1,1678,31-Jul-2026 16:00:29,1672,N,-0.79,318186345.6,EQ,BLUESTARCO,187632,NIFTY HOUSING
749.62,-5.95,757.55,748,31-Jul-2026 16:00:29,747.2,N,-0.79,19132163706.46,EQ,HDFCBANK,25522483,NIFTY HOUSING
1338.98,-11.2,1353.8,1322,31-Jul-2026 16:00:29,1322,N,-0.84,1001709683.72,EQ,VOLTAS,748114,NIFTY HOUSING
1411.8,-13.5,1437,1410,31-Jul-2026 16:00:29,1397.1,N,-0.95,556892980.8,EQ,TORNTPOWER,394456,NIFTY HOUSING
1651.03,-21,1682,1638,31-Jul-2026 16:00:29,1628.8,N,-1.27,2937697491.36,EQ,ADANIENSOL,1779312,NIFTY HOUSING
5479.91,-88,5606.5,5479,31-Jul-2026 16:00:29,5377.5,N,-1.58,437872208.55,EQ,JKCEMENT,79905,NIFTY HOUSING
526.84,-17.9,540.2,523,31-Jul-2026 16:00:29,521.5,N,-3.31,2206825284.64,EQ,LICHSGFIN,4188796,NIFTY HOUSING
1262.31,-43.95,1297,1243.2,31-Jul-2026 16:00:29,1239.55,N,-3.41,4536511137.27,EQ,LODHA,3593817,NIFTY HOUSING
14245.27,-587,14589,13751,31-Jul-2026 16:00:29,13601,N,-4.09,9041857491.29,EQ,DIXON,634727,NIFTY HOUSING
242.01,22.63,253.76,242.8,31-Jul-2026 16:00:29,219.72,N,10.28,17613825403.95,EQ,SHADOWFAX,72781395,NIFTY IPO
178.13,13.92,183.31,178,31-Jul-2026 16:00:29,164.08,N,8.48,287296257.98,EQ,GANESHCP,1612846,NIFTY IPO
123.09,7.1,126.99,126.5,31-Jul-2026 16:00:29,118.5,N,5.95,76821207.54,EQ,ADVANCE,624106,NIFTY IPO
544.21,30.55,564.8,560,31-Jul-2026 16:00:29,524,N,5.77,1481318940.02,EQ,CMLL,2721962,NIFTY IPO
800.64,42.4,830,805,31-Jul-2026 16:00:29,758.6,N,5.56,7906914875.52,EQ,BLUESTONE,9875743,NIFTY IPO
166.69,8.84,169.7,168,31-Jul-2026 16:00:29,159.5,N,5.55,23591802.39,EQ,OMPOWER,141531,NIFTY IPO
731.58,37.9,750.35,748.5,31-Jul-2026 16:00:29,703.15,N,5.33,210444839.64,EQ,WEWORK,287658,NIFTY IPO
125.63,6.02,126.48,126.48,31-Jul-2026 16:00:29,120,N,5.00,7927253,BE,LAXMIINDIA,63100,NIFTY IPO
197.8,9.57,201.09,201.09,31-Jul-2026 16:00:29,190.1,N,5.00,196627639.4,EQ,AEROPLANE,994073,NIFTY IPO
68.47,3.48,73.17,73.17,31-Jul-2026 16:00:29,66.21,N,4.99,60463255.14,BE,ALPINETEX,883062,NIFTY IPO
43.69,2.15,45.32,45.32,31-Jul-2026 16:00:29,42.5,N,4.98,2026342.2,BE,VMSTMT,46380,NIFTY IPO
190.07,9.13,193.5,193,31-Jul-2026 16:00:29,182.1,N,4.97,27734444.19,EQ,GEMAROMA,145917,NIFTY IPO
799.14,38.3,815,810.1,31-Jul-2026 16:00:29,760.7,N,4.96,454405388.52,EQ,FRACTAL,568618,NIFTY IPO
167.92,7.9,171.21,169,31-Jul-2026 16:00:29,162,N,4.90,146173520.4,EQ,AYE,870495,NIFTY IPO
293.8,13.25,301.85,292.55,31-Jul-2026 16:00:29,279.3,N,4.74,729965197,EQ,PARKHOSPS,2484565,NIFTY IPO
811.49,34.85,826,822,31-Jul-2026 16:00:29,782,N,4.43,243168658.93,EQ,CORDELIA,299657,NIFTY IPO
3382.26,134.1,3422,3393.9,31-Jul-2026 16:00:29,3259.9,N,4.11,610998504.48,EQ,CPPLUS,180648,NIFTY IPO
119.32,4.47,120.79,120.11,31-Jul-2026 16:00:29,117.4,N,3.87,126966025.6,EQ,SAMBHV,1064080,NIFTY IPO
313.7,11.55,319.7,319,31-Jul-2026 16:00:29,306.75,N,3.76,823418582,EQ,EMMVEE,2624860,NIFTY IPO
197.84,7.26,200.8,200.5,31-Jul-2026 16:00:29,193.86,N,3.76,723196404.24,EQ,LOTUSDEV,3655461,NIFTY IPO
377.47,13.75,384.65,380.8,31-Jul-2026 16:00:29,360.5,N,3.75,94161778.85,EQ,UTLSOLAR,249455,NIFTY IPO
583.76,19.3,591.75,589.5,31-Jul-2026 16:00:29,571.8,N,3.38,3404657026.64,EQ,SBIFUNDS,5832289,NIFTY IPO
810.12,25.6,819,810,31-Jul-2026 16:00:29,783.05,N,3.26,795326398.68,EQ,ANTHEM,981739,NIFTY IPO
104.57,3,108,103.2,31-Jul-2026 16:00:29,98.02,N,2.99,122093422.32,EQ,CSM,1167576,NIFTY IPO
119.24,3.29,121.39,119,31-Jul-2026 16:00:29,115.21,N,2.84,49681107.52,EQ,TURTLEMINT,416648,NIFTY IPO
890.71,23.75,909,880,31-Jul-2026 16:00:29,856.65,N,2.77,251930197.82,EQ,SUDEEPPHRM,282842,NIFTY IPO
63.49,1.6,64.75,64.39,31-Jul-2026 16:00:29,61.2,N,2.55,19177852.89,BE,HEXAGON,302061,NIFTY IPO
1321.76,32.4,1355.5,1341.4,31-Jul-2026 16:00:29,1280.1,N,2.48,350317948.64,EQ,CLEANMAX,265039,NIFTY IPO
91.23,2.21,92.5,91.68,31-Jul-2026 16:00:29,89.66,N,2.47,50467614.93,EQ,VIDYAWIRES,553191,NIFTY IPO
173.42,3.91,175.78,174.5,31-Jul-2026 16:00:29,171,N,2.29,2087283.12,EQ,INDIQUBE,12036,NIFTY IPO
559.07,-1.85,568.55,559,31-Jul-2026 16:00:29,554,N,-0.33,28356030.4,EQ,ORKLAINDIA,50720,NIFTY IPO
567.04,-2.6,573,560.6,31-Jul-2026 16:00:29,558.5,N,-0.46,2211873908.48,EQ,LENSKART,3900737,NIFTY IPO
304.27,-1.42,315.6,299,31-Jul-2026 16:00:29,296.14,N,-0.47,1031638084.45,EQ,LASERPOWER,3390535,NIFTY IPO
648.31,-3.45,653.15,640,31-Jul-2026 16:00:29,638.6,N,-0.54,492163239.88,EQ,SHREEJISPG,759148,NIFTY IPO
285.53,-1.55,290.2,283.2,31-Jul-2026 16:00:29,282.8,N,-0.54,5493311.67,EQ,MEIL,19239,NIFTY IPO
1499.83,-8.6,1513.8,1491,31-Jul-2026 16:00:29,1484.8,N,-0.57,574751354.13,EQ,LGEINDIA,383211,NIFTY IPO
1198.3,-7.5,1217.9,1195.1,31-Jul-2026 16:00:29,1182.6,N,-0.62,9274842,EQ,MIDWESTLTD,7740,NIFTY IPO
422,-2.9,436.35,430,31-Jul-2026 16:00:29,413.35,N,-0.67,99542626,EQ,PNGSREVA,235883,NIFTY IPO
1504.97,-10.2,1529,1490,31-Jul-2026 16:00:29,1476.1,N,-0.68,219025808.95,EQ,RUBICON,145535,NIFTY IPO
139.56,-1.05,143.5,139.12,31-Jul-2026 16:00:29,138.29,N,-0.75,5642367396.84,EQ,PINELABS,40429689,NIFTY IPO
583.47,-4.4,589,582,31-Jul-2026 16:00:29,574.1,N,-0.75,199931830.2,EQ,GSPCROP,342660,NIFTY IPO
681.17,-7.55,691.55,675.55,31-Jul-2026 16:00:29,662.6,N,-1.11,52829501.69,EQ,NEPHROPLUS,77557,NIFTY IPO
130.26,-1.5,131.94,129,31-Jul-2026 16:00:29,128.7,N,-1.15,161558091.24,EQ,URBANCO,1240274,NIFTY IPO
650.87,-7.6,669.5,651,31-Jul-2026 16:00:29,643.1,N,-1.15,101072951.43,EQ,AMAGI,155289,NIFTY IPO
77.96,-0.95,78.88,76.2,31-Jul-2026 16:00:29,76.16,N,-1.23,16874052.2,EQ,IGCL,216445,NIFTY IPO
59.77,-0.79,60.54,59.25,31-Jul-2026 16:00:29,59.2,N,-1.32,8164761.31,EQ,BRIGHOTEL,136603,NIFTY IPO
223.1,-4.5,229.36,220.1,31-Jul-2026 16:00:29,220,N,-2.00,24831030,EQ,ALLTIME,111300,NIFTY IPO
494.98,-14.9,516.45,499,31-Jul-2026 16:00:29,476.25,N,-2.90,168430804.44,EQ,CAPILLARY,340278,NIFTY IPO
426.87,-13.3,437,422.5,31-Jul-2026 16:00:29,421.05,N,-3.05,60793971.66,EQ,TRUALT,142418,NIFTY IPO
531.38,-27.75,561.15,528.1,31-Jul-2026 16:00:29,528.1,N,-4.99,726978852.48,EQ,EBGNG,1368096,NIFTY IPO
1610.91,22.2,1624.4,1617,31-Jul-2026 16:00:29,1585,N,1.39,1081002766.41,EQ,PRESTIGE,671051,NIFTY MS IND CONS
5362.03,63,5394.7,5388,31-Jul-2026 16:00:29,5297.5,N,1.18,4125921224.1,EQ,HEROMOTOCO,769470,NIFTY MS IND CONS
12.95,0.15,13.08,13.02,31-Jul-2026 16:00:29,12.76,N,1.17,5015141268.2,EQ,IDEA,387269596,NIFTY MS IND CONS
162.4,1.64,163.62,162.18,31-Jul-2026 16:00:29,160.7,N,1.02,327296088,EQ,ITCHOTELS,2015370,NIFTY MS IND CONS
27745.11,195,27880,27750,31-Jul-2026 16:00:29,27430,N,0.71,172241642.88,EQ,ABBOTINDIA,6208,NIFTY MS IND CONS
1826.31,10.6,1836.6,1825,31-Jul-2026 16:00:29,1806,N,0.58,615829905.69,EQ,OBEROIRLTY,337199,NIFTY MS IND CONS
1899.53,5.1,1917.4,1893,31-Jul-2026 16:00:29,1881.1,N,0.27,1396262823.21,EQ,PHOENIXLTD,735057,NIFTY MS IND CONS
333.76,0.05,338,333.8,31-Jul-2026 16:00:29,331.05,N,0.01,2129680172.48,EQ,NYKAA,6380873,NIFTY MS IND CONS
260.13,-0.05,263.9,260.25,31-Jul-2026 16:00:29,258.15,N,-0.02,760093096.62,EQ,CROMPTON,2921974,NIFTY MS IND CONS
1260.88,-1.3,1273.9,1260.4,31-Jul-2026 16:00:29,1256.9,N,-0.10,1381120038.56,EQ,HAVELLS,1095362,NIFTY MS IND CONS
436.65,-1,441,438.8,31-Jul-2026 16:00:29,433,N,-0.23,873892534.05,EQ,JUBLFOOD,2001357,NIFTY MS IND CONS
4351.5,-18.6,4390,4348,31-Jul-2026 16:00:29,4321,N,-0.43,1596991797,EQ,RADICO,366998,NIFTY MS IND CONS
2116.07,-9.8,2134,2101.1,31-Jul-2026 16:00:29,2096.1,N,-0.46,1239481654.29,EQ,GODREJPROP,585747,NIFTY MS IND CONS
945.03,-5.45,953.6,943.4,31-Jul-2026 16:00:29,940.7,N,-0.57,639696477.18,EQ,FORTIS,676906,NIFTY MS IND CONS
491.5,-2.9,495.7,490.25,31-Jul-2026 16:00:29,489,N,-0.59,443200786.5,EQ,IRCTC,901731,NIFTY MS IND CONS
356.74,-2.45,360.65,353.9,31-Jul-2026 16:00:29,353.15,N,-0.69,968936162.9,EQ,PATANJALI,2716085,NIFTY MS IND CONS
2072.48,-16.2,2109.5,2068.6,31-Jul-2026 16:00:29,2047.3,N,-0.78,667558242.88,EQ,COLPAL,322106,NIFTY MS IND CONS
1695.8,-13.4,1721.1,1678,31-Jul-2026 16:00:29,1672,N,-0.79,318186345.6,EQ,BLUESTARCO,187632,NIFTY MS IND CONS
107.19,-0.89,109.42,107,31-Jul-2026 16:00:29,106.47,N,-0.82,1370730499.02,EQ,VMM,12787858,NIFTY MS IND CONS
1338.98,-11.2,1353.8,1322,31-Jul-2026 16:00:29,1322,N,-0.84,1001709683.72,EQ,VOLTAS,748114,NIFTY MS IND CONS
1411.8,-13.5,1437,1410,31-Jul-2026 16:00:29,1397.1,N,-0.95,556892980.8,EQ,TORNTPOWER,394456,NIFTY MS IND CONS
421.99,-4.4,429.75,421.7,31-Jul-2026 16:00:29,420.25,N,-1.03,1059158186.87,EQ,DABUR,2509913,NIFTY MS IND CONS
1226.29,-17.15,1236,1226.9,31-Jul-2026 16:00:29,1204.1,N,-1.38,2440943734.19,EQ,NAUKRI,1990511,NIFTY MS IND CONS
5772.14,-81.5,5833,5735,31-Jul-2026 16:00:29,5735,N,-1.40,673002663.3,EQ,ALKEM,116595,NIFTY MS IND CONS
874.29,-16.35,889,869,31-Jul-2026 16:00:29,868,N,-1.85,2221003475.79,EQ,MARICO,2540351,NIFTY MS IND CONS
40425.44,-830,41160,40255,31-Jul-2026 16:00:29,39890,N,-2.02,1007967920.96,EQ,PAGEIND,24934,NIFTY MS IND CONS
623.15,-21.3,638.4,613.3,31-Jul-2026 16:00:29,610.05,N,-3.36,14775588790.05,EQ,KALYANKJIL,23711127,NIFTY MS IND CONS
288.07,-11.13,294.59,284.78,31-Jul-2026 16:00:29,280.2,N,-3.76,13485401033.17,EQ,SWIGGY,46812931,NIFTY MS IND CONS
2458.38,-103.9,2613.5,2472,31-Jul-2026 16:00:29,2422,N,-4.03,5807389281.54,EQ,MANKIND,2362283,NIFTY MS IND CONS
14245.27,-587,14589,13751,31-Jul-2026 16:00:29,13601,N,-4.09,9041857491.29,EQ,DIXON,634727,NIFTY MS IND CONS
3920.38,47,3946.5,3921,31-Jul-2026 16:00:29,3889.7,N,1.21,2163861581.76,EQ,DMART,551952,NIFTY NONCYC CONS
4870.13,35,4886,4885,31-Jul-2026 16:00:29,4820.9,N,0.72,4886269610.82,EQ,TITAN,1003314,NIFTY NONCYC CONS
1966.57,11.2,1976.4,1968,31-Jul-2026 16:00:29,1947.4,N,0.57,12840492659.45,EQ,BHARTIARTL,6529385,NIFTY NONCYC CONS
3006.69,1.8,3026.7,3001,31-Jul-2026 16:00:29,2990.9,N,0.06,1819714935.18,EQ,TRENT,605222,NIFTY NONCYC CONS
333.76,0.05,338,333.8,31-Jul-2026 16:00:29,331.05,N,0.01,2129680172.48,EQ,NYKAA,6380873,NIFTY NONCYC CONS
1260.88,-1.3,1273.9,1260.4,31-Jul-2026 16:00:29,1256.9,N,-0.10,1381120038.56,EQ,HAVELLS,1095362,NIFTY NONCYC CONS
436.65,-1,441,438.8,31-Jul-2026 16:00:29,433,N,-0.23,873892534.05,EQ,JUBLFOOD,2001357,NIFTY NONCYC CONS
2749.84,-8.2,2774.9,2738,31-Jul-2026 16:00:29,2732.4,N,-0.30,2452136821.92,EQ,ASIANPAINT,891738,NIFTY NONCYC CONS
2101.12,-8.5,2119.6,2099.4,31-Jul-2026 16:00:29,2091.1,N,-0.40,3695910001.28,EQ,HINDUNILVR,1759019,NIFTY NONCYC CONS
5404.26,-29,5460,5405,31-Jul-2026 16:00:29,5364,N,-0.53,2314590515.4,EQ,BRITANNIA,428290,NIFTY NONCYC CONS
1067.8,-5.9,1076.3,1066.2,31-Jul-2026 16:00:29,1054.7,N,-0.55,720429710.8,EQ,GODREJCP,674686,NIFTY NONCYC CONS
491.5,-2.9,495.7,490.25,31-Jul-2026 16:00:29,489,N,-0.59,443200786.5,EQ,IRCTC,901731,NIFTY NONCYC CONS
2072.48,-16.2,2109.5,2068.6,31-Jul-2026 16:00:29,2047.3,N,-0.78,667558242.88,EQ,COLPAL,322106,NIFTY NONCYC CONS
107.19,-0.89,109.42,107,31-Jul-2026 16:00:29,106.47,N,-0.82,1370730499.02,EQ,VMM,12787858,NIFTY NONCYC CONS
1338.98,-11.2,1353.8,1322,31-Jul-2026 16:00:29,1322,N,-0.84,1001709683.72,EQ,VOLTAS,748114,NIFTY NONCYC CONS
5202.95,-53.5,5282,5177,31-Jul-2026 16:00:29,5137.5,N,-1.02,2408445555,EQ,INDIGO,462900,NIFTY NONCYC CONS
421.99,-4.4,429.75,421.7,31-Jul-2026 16:00:29,420.25,N,-1.03,1059158186.87,EQ,DABUR,2509913,NIFTY NONCYC CONS
1509.65,-15.7,1529,1505,31-Jul-2026 16:00:29,1497.5,N,-1.03,3776880111.25,EQ,NESTLEIND,2501825,NIFTY NONCYC CONS
1762.2,-18.7,1799,1755,31-Jul-2026 16:00:29,1751,N,-1.05,308480158.8,EQ,TATACOMM,175054,NIFTY NONCYC CONS
1520.56,-16.9,1535,1515,31-Jul-2026 16:00:29,1510.6,N,-1.10,1192122081.12,EQ,UNITDSPR,784002,NIFTY NONCYC CONS
1085.18,-12.1,1098.9,1082.1,31-Jul-2026 16:00:29,1081,N,-1.11,1605650776.06,EQ,TATACONSUM,1479617,NIFTY NONCYC CONS
744.81,-9.45,757.4,739.8,31-Jul-2026 16:00:29,736.85,N,-1.26,2064872513.88,EQ,INDHOTEL,2772348,NIFTY NONCYC CONS
1226.29,-17.15,1236,1226.9,31-Jul-2026 16:00:29,1204.1,N,-1.38,2440943734.19,EQ,NAUKRI,1990511,NIFTY NONCYC CONS
281.62,-4.05,285.8,281,31-Jul-2026 16:00:29,280.05,N,-1.42,4740738417.06,EQ,ITC,16833813,NIFTY NONCYC CONS
874.29,-16.35,889,869,31-Jul-2026 16:00:29,868,N,-1.85,2221003475.79,EQ,MARICO,2540351,NIFTY NONCYC CONS
40425.44,-830,41160,40255,31-Jul-2026 16:00:29,39890,N,-2.02,1007967920.96,EQ,PAGEIND,24934,NIFTY NONCYC CONS
444.57,-10.85,451,440,31-Jul-2026 16:00:29,439.85,N,-2.41,3550865502.87,EQ,VBL,7987191,NIFTY NONCYC CONS
305.9,-8,316,302.65,31-Jul-2026 16:00:29,301.8,N,-2.58,11248142752.7,EQ,ETERNAL,36770653,NIFTY NONCYC CONS
288.07,-11.13,294.59,284.78,31-Jul-2026 16:00:29,280.2,N,-3.76,13485401033.17,EQ,SWIGGY,46812931,NIFTY NONCYC CONS
14245.27,-587,14589,13751,31-Jul-2026 16:00:29,13601,N,-4.09,9041857491.29,EQ,DIXON,634727,NIFTY NONCYC CONS
1123.5,87.7,1151.5,1141.2,31-Jul-2026 16:00:29,1083.6,N,8.32,45855191865,EQ,BAJFINANCE,40814590,NIFTY RURAL
2175.97,164.8,2208,2183,31-Jul-2026 16:00:29,2090,N,8.17,12036480325.59,EQ,HYUNDAI,5531547,NIFTY RURAL
432.66,20.55,440.65,435.5,31-Jul-2026 16:00:29,414.25,N,4.95,8340486331.8,EQ,TMCV,19277230,NIFTY RURAL
165.06,7.6,166.7,165.69,31-Jul-2026 16:00:29,159.17,N,4.81,7847399052.36,EQ,ASHOKLEY,47542706,NIFTY RURAL
1839.96,71.4,1863.1,1845.2,31-Jul-2026 16:00:29,1779.4,N,4.03,5417550624.6,EQ,CHOLAFIN,2944385,NIFTY RURAL
4587.5,179.1,4685.8,4670,31-Jul-2026 16:00:29,4461.1,N,3.99,689386562.5,EQ,SUNDARMFIN,150275,NIFTY RURAL
3101.52,119.8,3144.8,3128.5,31-Jul-2026 16:00:29,3015.1,N,3.98,3985502824.32,EQ,MUTHOOTFIN,1285016,NIFTY RURAL
3390.98,109.3,3457,3393,31-Jul-2026 16:00:29,3243.3,N,3.33,20793058705.54,EQ,M&M,6131873,NIFTY RURAL
4287.94,102.6,4325,4311,31-Jul-2026 16:00:29,4198,N,2.44,12828911880.46,EQ,TVSMOTOR,2991859,NIFTY RURAL
3066.39,72.3,3099,3085.9,31-Jul-2026 16:00:29,3010.2,N,2.40,1031441604.3,EQ,ESCORTS,336370,NIFTY RURAL
5527.98,115.5,5567,5511.5,31-Jul-2026 16:00:29,5461.5,N,2.14,1978347954.42,EQ,CUMMINSIND,357879,NIFTY RURAL
552.56,11.4,557.2,555.1,31-Jul-2026 16:00:29,541.9,N,2.10,876145766.72,EQ,JSWENERGY,1585612,NIFTY RURAL
1047.31,20.4,1059.4,1045.5,31-Jul-2026 16:00:29,1028.1,N,1.99,1170923999.3,EQ,PNBHOUSING,1118030,NIFTY RURAL
1045.36,19,1054.6,1046.2,31-Jul-2026 16:00:29,1029.1,N,1.85,6604817595.28,EQ,SHRIRAMFIN,6318223,NIFTY RURAL
2064.82,37.3,2095.1,2066,31-Jul-2026 16:00:29,2033.1,N,1.84,538839556.84,EQ,PIRAMALFIN,260962,NIFTY RURAL
338.32,5.9,341.95,340.1,31-Jul-2026 16:00:29,334.5,N,1.77,2885011282.16,EQ,TMPV,8527463,NIFTY RURAL
311.82,4.75,314.05,311,31-Jul-2026 16:00:29,306.65,N,1.55,1661860904.64,EQ,LTF,5329552,NIFTY RURAL
1374,19.3,1397,1378,31-Jul-2026 16:00:29,1353,N,1.42,2159853804,EQ,ADANIGREEN,1571946,NIFTY RURAL
379.86,4.85,381.35,380.8,31-Jul-2026 16:00:29,377.15,N,1.29,1142004646.38,EQ,TATAPOWER,3006383,NIFTY RURAL
514.09,6.45,517.2,517.05,31-Jul-2026 16:00:29,509,N,1.26,515289886.06,EQ,ICICIPRULI,1002334,NIFTY RURAL
2066.59,25.7,2082,2079.9,31-Jul-2026 16:00:29,2026,N,1.25,326891139.61,EQ,COROMANDEL,158179,NIFTY RURAL
5362.03,63,5394.7,5388,31-Jul-2026 16:00:29,5297.5,N,1.18,4125921224.1,EQ,HEROMOTOCO,769470,NIFTY RURAL
12.95,0.15,13.08,13.02,31-Jul-2026 16:00:29,12.76,N,1.17,5015141268.2,EQ,IDEA,387269596,NIFTY RURAL
546.53,5.5,550.9,550.9,31-Jul-2026 16:00:29,544.05,N,1.01,6251470288.28,EQ,HDFCLIFE,11438476,NIFTY RURAL
112.5,1.01,113,112.65,31-Jul-2026 16:00:29,111.69,N,0.90,1300395600,EQ,PNB,11559072,NIFTY RURAL
211.13,1.78,212.68,210.75,31-Jul-2026 16:00:29,209.11,N,0.85,3212595883.74,EQ,ADANIPOWER,15216198,NIFTY RURAL
834.62,6.85,840.9,834.1,31-Jul-2026 16:00:29,828,N,0.83,1095084871.12,EQ,INDIANB,1312076,NIFTY RURAL
78.47,0.63,78.86,78.7,31-Jul-2026 16:00:29,77.91,N,0.81,444352225.94,EQ,NHPC,5662702,NIFTY RURAL
11518.83,87,11590,11519,31-Jul-2026 16:00:29,11329.5,N,0.76,2469406775.4,EQ,BAJAJ-AUTO,214380,NIFTY RURAL
1882.61,13,1898.9,1890.5,31-Jul-2026 16:00:29,1870.6,N,0.69,1362731013.72,EQ,SBILIFE,723852,NIFTY RURAL
1067.8,-5.9,1076.3,1066.2,31-Jul-2026 16:00:29,1054.7,N,-0.55,720429710.8,EQ,GODREJCP,674686,NIFTY RURAL
491.5,-2.9,495.7,490.25,31-Jul-2026 16:00:29,489,N,-0.59,443200786.5,EQ,IRCTC,901731,NIFTY RURAL
356.74,-2.45,360.65,353.9,31-Jul-2026 16:00:29,353.15,N,-0.69,968936162.9,EQ,PATANJALI,2716085,NIFTY RURAL
2753.43,-20.1,2781.3,2757.2,31-Jul-2026 16:00:29,2740,N,-0.72,276543495.48,EQ,PIIND,100436,NIFTY RURAL
2072.48,-16.2,2109.5,2068.6,31-Jul-2026 16:00:29,2047.3,N,-0.78,667558242.88,EQ,COLPAL,322106,NIFTY RURAL
1695.8,-13.4,1721.1,1678,31-Jul-2026 16:00:29,1672,N,-0.79,318186345.6,EQ,BLUESTARCO,187632,NIFTY RURAL
1338.98,-11.2,1353.8,1322,31-Jul-2026 16:00:29,1322,N,-0.84,1001709683.72,EQ,VOLTAS,748114,NIFTY RURAL
1411.8,-13.5,1437,1410,31-Jul-2026 16:00:29,1397.1,N,-0.95,556892980.8,EQ,TORNTPOWER,394456,NIFTY RURAL
421.99,-4.4,429.75,421.7,31-Jul-2026 16:00:29,420.25,N,-1.03,1059158186.87,EQ,DABUR,2509913,NIFTY RURAL
1509.65,-15.7,1529,1505,31-Jul-2026 16:00:29,1497.5,N,-1.03,3776880111.25,EQ,NESTLEIND,2501825,NIFTY RURAL
1762.2,-18.7,1799,1755,31-Jul-2026 16:00:29,1751,N,-1.05,308480158.8,EQ,TATACOMM,175054,NIFTY RURAL
1085.18,-12.1,1098.9,1082.1,31-Jul-2026 16:00:29,1081,N,-1.11,1605650776.06,EQ,TATACONSUM,1479617,NIFTY RURAL
391.56,-5.2,401,387.35,31-Jul-2026 16:00:29,384.25,N,-1.32,1500145455.12,EQ,M&MFIN,3831202,NIFTY RURAL
281.62,-4.05,285.8,281,31-Jul-2026 16:00:29,280.05,N,-1.42,4740738417.06,EQ,ITC,16833813,NIFTY RURAL
1452.01,-21.9,1471.9,1450,31-Jul-2026 16:00:29,1444,N,-1.49,506751490,EQ,ASTRAL,349000,NIFTY RURAL
5479.91,-88,5606.5,5479,31-Jul-2026 16:00:29,5377.5,N,-1.58,437872208.55,EQ,JKCEMENT,79905,NIFTY RURAL
874.29,-16.35,889,869,31-Jul-2026 16:00:29,868,N,-1.85,2221003475.79,EQ,MARICO,2540351,NIFTY RURAL
472.53,-13.85,485,463.05,31-Jul-2026 16:00:29,461,N,-2.90,1271949166.05,EQ,POONAWALLA,2691785,NIFTY RURAL
526.84,-17.9,540.2,523,31-Jul-2026 16:00:29,521.5,N,-3.31,2206825284.64,EQ,LICHSGFIN,4188796,NIFTY RURAL
14245.27,-587,14589,13751,31-Jul-2026 16:00:29,13601,N,-4.09,9041857491.29,EQ,DIXON,634727,NIFTY RURAL
2175.97,164.8,2208,2183,31-Jul-2026 16:00:29,2090,N,8.17,12036480325.59,EQ,HYUNDAI,5531547,NIFTY TRANS LOGIS
2453.19,153,2511.2,2459.9,31-Jul-2026 16:00:29,2321,N,6.63,8328646286.13,EQ,BALKRISIND,3395027,NIFTY TRANS LOGIS
432.66,20.55,440.65,435.5,31-Jul-2026 16:00:29,414.25,N,4.95,8340486331.8,EQ,TMCV,19277230,NIFTY TRANS LOGIS
165.06,7.6,166.7,165.69,31-Jul-2026 16:00:29,159.17,N,4.81,7847399052.36,EQ,ASHOKLEY,47542706,NIFTY TRANS LOGIS
3390.98,109.3,3457,3393,31-Jul-2026 16:00:29,3243.3,N,3.33,20793058705.54,EQ,M&M,6131873,NIFTY TRANS LOGIS
150.57,4.18,152.4,150.9,31-Jul-2026 16:00:29,146.42,N,2.85,3535994914.2,EQ,MOTHERSON,23484060,NIFTY TRANS LOGIS
2373,62.8,2401.8,2381.9,31-Jul-2026 16:00:29,2328.8,N,2.71,3796292178,EQ,MAZDOCK,1599786,NIFTY TRANS LOGIS
480.09,12.4,491.4,480.7,31-Jul-2026 16:00:29,465,N,2.65,2765823934.77,EQ,DELHIVERY,5761053,NIFTY TRANS LOGIS
4287.94,102.6,4325,4311,31-Jul-2026 16:00:29,4198,N,2.44,12828911880.46,EQ,TVSMOTOR,2991859,NIFTY TRANS LOGIS
2751.09,61.4,2775,2750.2,31-Jul-2026 16:00:29,2689,N,2.28,1336537294.89,EQ,TIINDIA,485821,NIFTY TRANS LOGIS
2196.61,40.3,2212.6,2205,31-Jul-2026 16:00:29,2161.5,N,1.86,2091398970.83,EQ,BHARATFORG,952103,NIFTY TRANS LOGIS
338.32,5.9,341.95,340.1,31-Jul-2026 16:00:29,334.5,N,1.77,2885011282.16,EQ,TMPV,8527463,NIFTY TRANS LOGIS
1690.88,27.8,1708.1,1691.9,31-Jul-2026 16:00:29,1650,N,1.67,7953300948.48,EQ,ADANIPORTS,4703646,NIFTY TRANS LOGIS
429.46,6.8,433,430,31-Jul-2026 16:00:29,423.5,N,1.61,619602126.62,EQ,APOLLOTYRE,1442747,NIFTY TRANS LOGIS
105.28,1.38,106.01,105.29,31-Jul-2026 16:00:29,103.86,N,1.33,1414708632.96,EQ,GMRAIRPORT,13437582,NIFTY TRANS LOGIS
5362.03,63,5394.7,5388,31-Jul-2026 16:00:29,5297.5,N,1.18,4125921224.1,EQ,HEROMOTOCO,769470,NIFTY TRANS LOGIS
4053.86,38.8,4103.6,4078.9,31-Jul-2026 16:00:29,4026.1,N,0.96,755213848.7,EQ,SCHAEFFLER,186295,NIFTY TRANS LOGIS
11518.83,87,11590,11519,31-Jul-2026 16:00:29,11329.5,N,0.76,2469406775.4,EQ,BAJAJ-AUTO,214380,NIFTY TRANS LOGIS
768.65,4.95,773.2,768.7,31-Jul-2026 16:00:29,761.95,N,0.65,2213882640.3,EQ,SONACOMS,2880222,NIFTY TRANS LOGIS
1182.48,7.2,1188,1180,31-Jul-2026 16:00:29,1167.6,N,0.61,918120041.28,EQ,UNOMINDA,776436,NIFTY TRANS LOGIS
14232.54,52,14348,14240,31-Jul-2026 16:00:29,14124,N,0.37,7620343869.18,EQ,MARUTI,535417,NIFTY TRANS LOGIS
7842.39,4.5,7899,7835,31-Jul-2026 16:00:29,7794,N,0.06,5651288973.12,EQ,EICHERMOT,720608,NIFTY TRANS LOGIS
525.83,-0.65,528.95,524.5,31-Jul-2026 16:00:29,520.85,N,-0.12,673556154.37,EQ,CONCOR,1280939,NIFTY TRANS LOGIS
491.5,-2.9,495.7,490.25,31-Jul-2026 16:00:29,489,N,-0.59,443200786.5,EQ,IRCTC,901731,NIFTY TRANS LOGIS
5202.95,-53.5,5282,5177,31-Jul-2026 16:00:29,5137.5,N,-1.02,2408445555,EQ,INDIGO,462900,NIFTY TRANS LOGIS
451.33,-5.2,459.6,447.5,31-Jul-2026 16:00:29,444.15,N,-1.15,3003609725.27,EQ,EXIDEIND,6655019,NIFTY TRANS LOGIS
41219.53,-490,41715,41060,31-Jul-2026 16:00:29,40920,N,-1.18,785396924.62,EQ,BOSCHLTD,19054,NIFTY TRANS LOGIS
133368.42,-1910,135395,132950,31-Jul-2026 16:00:29,132500,N,-1.42,728324941.62,EQ,MRF,5461,NIFTY TRANS LOGIS
305.9,-8,316,302.65,31-Jul-2026 16:00:29,301.8,N,-2.58,11248142752.7,EQ,ETERNAL,36770653,NIFTY TRANS LOGIS
288.07,-11.13,294.59,284.78,31-Jul-2026 16:00:29,280.2,N,-3.76,13485401033.17,EQ,SWIGGY,46812931,NIFTY TRANS LOGIS
117.45,68.45,180.35,180.35,31-Jul-2026 15:59:59,180,N,61.17,9583920,ST,INNOMET,81600,NIFTY SME EMERGE
306.27,116.1,434.15,434.15,31-Jul-2026 15:59:59,434,N,36.50,4042764,ST,APSISAERO,13200,NIFTY SME EMERGE
17.95,2.6,19.7,19.7,31-Jul-2026 15:59:59,19.7,N,15.20,86160,ST,SWASTIK,4800,NIFTY SME EMERGE
64,7,64,64,31-Jul-2026 15:59:59,64,N,12.28,128000,SM,PRITIKA,2000,NIFTY SME EMERGE
37.87,3.7,39.4,39.4,31-Jul-2026 15:59:59,37.15,N,10.36,908880,SM,TSC,24000,NIFTY SME EMERGE
637.43,60.85,662,655,31-Jul-2026 15:59:59,595.05,N,10.24,67057636,SM,OBSCP,105200,NIFTY SME EMERGE
87.91,8.2,90.2,90.2,31-Jul-2026 15:59:59,81.95,N,10.00,4782304,SM,RBS,54400,NIFTY SME EMERGE
97.74,9.4,103.5,103.5,31-Jul-2026 15:59:59,90,N,9.99,3420900,SM,KANDARP,35000,NIFTY SME EMERGE
95.66,8.75,96.6,96.6,31-Jul-2026 15:59:59,93.2,N,9.96,4591680,SM,AMBAAUTO,48000,NIFTY SME EMERGE
80.28,6.65,81,81,31-Jul-2026 15:59:59,78.3,N,8.94,770688,SM,KEL,9600,NIFTY SME EMERGE
172.91,13.95,175,175,31-Jul-2026 15:59:59,165,N,8.66,1798264,SM,EFACTOR,10400,NIFTY SME EMERGE
114.43,9.3,120,120,31-Jul-2026 15:59:59,107.95,N,8.40,11557430,SM,KARNIKA,101000,NIFTY SME EMERGE
22.4,1.75,23.15,23,31-Jul-2026 15:59:59,20.95,N,8.24,1545600,SM,GANGABATH,69000,NIFTY SME EMERGE
31.01,2.4,31.95,31.95,31-Jul-2026 15:59:59,29.55,N,8.12,248080,SM,ITALIANE,8000,NIFTY SME EMERGE
311.68,21.7,321,313,31-Jul-2026 15:59:59,295,N,7.45,18451456,SM,VIESL,59200,NIFTY SME EMERGE
117.25,8,127,127,31-Jul-2026 15:59:59,107.5,N,6.72,93800,SM,MAITREYA,800,NIFTY SME EMERGE
874.58,52.3,920,836,31-Jul-2026 15:59:59,831,N,6.67,39356100,SM,SAHANA,45000,NIFTY SME EMERGE
118.84,7,121,121,31-Jul-2026 15:59:59,114,N,6.14,1711296,SM,PRATHAM,14400,NIFTY SME EMERGE
122.1,6.3,125.7,120.7,31-Jul-2026 15:59:59,114,N,5.51,11538450,SM,SARTELE,94500,NIFTY SME EMERGE
108.57,5.5,117.4,107.9,31-Jul-2026 15:59:59,106,N,5.37,2605680,SM,READYMIX,24000,NIFTY SME EMERGE
276.16,14.2,284.2,284.2,31-Jul-2026 15:59:59,267,N,5.26,31813632,SM,RNFI,115200,NIFTY SME EMERGE
122.11,6,125,124.4,31-Jul-2026 15:59:59,117.5,N,5.07,1129517.5,SM,EMMIL,9250,NIFTY SME EMERGE
50.48,2.45,51.45,51.45,31-Jul-2026 15:59:59,49.45,N,5.00,605760,SM,GREENCHEF,12000,NIFTY SME EMERGE
91,4.35,91.35,91.35,31-Jul-2026 15:59:59,89.25,N,5.00,1747200,SM,FORGEAUTO,19200,NIFTY SME EMERGE
1213.37,58,1218.25,1218.25,31-Jul-2026 15:59:59,1199,N,5.00,31450550.4,ST,VIVIDEL,25920,NIFTY SME EMERGE
40.92,1.95,40.95,40.95,31-Jul-2026 15:59:59,40.9,N,5.00,81840,ST,SATIPOLY,2000,NIFTY SME EMERGE
486.17,23.65,497,497,31-Jul-2026 15:59:59,468,N,5.00,28878498,SM,TAC,59400,NIFTY SME EMERGE
91.35,4.35,91.35,91.35,31-Jul-2026 15:59:59,91.35,N,5.00,1552950,ST,AKANKSHA,17000,NIFTY SME EMERGE
19.57,0.95,19.95,19.95,31-Jul-2026 15:59:59,19.2,N,5.00,117420,ST,THESL,6000,NIFTY SME EMERGE
28.4,1.35,28.4,28.4,31-Jul-2026 15:59:59,28.4,N,4.99,42600,SM,HRHNEXT,1500,NIFTY SME EMERGE
285.17,-14.9,287,285.1,31-Jul-2026 15:59:59,285.1,N,-4.97,26093055,SM,GRETEX,91500,NIFTY SME EMERGE
68.76,-3.5,73.4,66.9,31-Jul-2026 15:59:59,66.9,N,-4.97,1134540,SM,GIRIRAJ,16500,NIFTY SME EMERGE
14.52,-0.75,15,14.35,31-Jul-2026 15:59:59,14.35,N,-4.97,174240,SM,ASPIRE,12000,NIFTY SME EMERGE
231.98,-12.15,235,231.75,31-Jul-2026 15:59:59,231.75,N,-4.98,3897264,ST,EPWINDIA,16800,NIFTY SME EMERGE
187.15,-9.65,192,184.3,31-Jul-2026 15:59:59,184.3,N,-4.98,7785440,ST,PRIMECAB,41600,NIFTY SME EMERGE
358.85,-18.85,358.85,358.85,31-Jul-2026 15:59:59,358.85,N,-4.99,1390543.75,SM,TIRUPATI,3875,NIFTY SME EMERGE
104.55,-5.5,104.55,104.55,31-Jul-2026 15:59:59,104.55,N,-5.00,65343.75,SM,GOLDKART,625,NIFTY SME EMERGE
332.5,-17.5,332.5,332.5,31-Jul-2026 15:59:59,332.5,N,-5.00,133000,SM,TEJASCARGO,400,NIFTY SME EMERGE
591,-32.6,577,566.05,31-Jul-2026 15:59:59,566.05,N,-5.45,443250,ST,GRCL,750,NIFTY SME EMERGE
89.64,-5.65,92,89.35,31-Jul-2026 15:59:59,88.8,N,-5.95,4195152,SM,QUESTLAB,46800,NIFTY SME EMERGE
109.61,-7.2,110.1,109,31-Jul-2026 15:59:59,109,N,-6.20,350752,SM,EXIMROUTES,3200,NIFTY SME EMERGE
78.63,-5.55,85,75,31-Jul-2026 15:59:59,75,N,-6.89,6038784,SM,MGSL,76800,NIFTY SME EMERGE
187.58,-15.55,192.5,186,31-Jul-2026 15:59:59,184.7,N,-7.72,234475,SM,ROCKINGDCE,1250,NIFTY SME EMERGE
3.41,-0.35,3.7,3.4,31-Jul-2026 15:59:59,3.4,N,-9.33,1278750,SM,PPSL,375000,NIFTY SME EMERGE
330.63,-36.65,350,330.15,31-Jul-2026 15:59:59,330.15,N,-9.99,42750459,SM,MVKAGRO,129300,NIFTY SME EMERGE
127.57,-16.5,108.9,108.8,31-Jul-2026 15:59:59,108.8,N,-13.17,510280,ST,UHTL,4000,NIFTY SME EMERGE
302.11,-41.6,274.05,274.05,31-Jul-2026 15:59:59,272.8,N,-13.18,2658568,ST,NAMOEWASTE,8800,NIFTY SME EMERGE
39.8,-6.7,43.6,37.5,31-Jul-2026 15:59:59,36.4,N,-15.16,14328000,SM,DIGIKORE,360000,NIFTY SME EMERGE
197.6,-47.85,225,191.5,31-Jul-2026 15:59:59,191.5,N,-19.99,251149600,SM,GSMFOILS,1271000,NIFTY SME EMERGE
0,-107.6,0,0,31-Jul-2026 15:31:21,0,N,-100.00,0,SM,VISAMAN,0,NIFTY SME EMERGE
332.2,29.95,343.8,338,31-Jul-2026 16:00:29,306.5,N,9.72,6466059063.2,EQ,NAZARA,19464356,NIFTY INTERNET
106.03,5.36,108.99,104.69,31-Jul-2026 16:00:29,99,N,5.40,700225300.9,EQ,THOMASCOOK,6604030,NIFTY INTERNET
1786.3,53.9,1807.9,1797,31-Jul-2026 16:00:29,1738.1,N,3.09,370925195,EQ,INDIAMART,207650,NIFTY INTERNET
297.44,5.85,299.95,297.5,31-Jul-2026 16:00:29,292.5,N,2.01,1376241792.64,EQ,ANGELONE,4626956,NIFTY INTERNET
854.41,15.7,860,852.65,31-Jul-2026 16:00:29,837.35,N,1.88,703850996.26,EQ,MOTILALOFS,823786,NIFTY INTERNET
194.69,3.36,198.3,195.5,31-Jul-2026 16:00:29,189.94,N,1.75,59443918.94,EQ,CRIZAC,305326,NIFTY INTERNET
197.27,3.03,199.79,196.51,31-Jul-2026 16:00:29,192.7,N,1.57,92058807.28,EQ,IXIGO,466664,NIFTY INTERNET
1538.85,22.5,1566,1521,31-Jul-2026 16:00:29,1509.4,N,1.50,1050959146.35,EQ,TBOTEK,682951,NIFTY INTERNET
348.77,4.45,354.4,349.75,31-Jul-2026 16:00:29,343,N,1.29,22857688.26,EQ,STYL,65538,NIFTY INTERNET
31.34,0.32,31.58,31.39,31-Jul-2026 16:00:29,30.98,N,1.03,21928974.08,EQ,RTNINDIA,699712,NIFTY INTERNET
195.67,1.75,198.85,194.08,31-Jul-2026 16:00:29,193.2,N,0.91,4116378274.5,EQ,GROWW,21037350,NIFTY INTERNET
337,2.4,338.2,338,31-Jul-2026 16:00:29,335.05,N,0.72,50516300,EQ,IIFLCAPS,149900,NIFTY INTERNET
1602.48,8.5,1613.5,1602,31-Jul-2026 16:00:29,1594,N,0.53,868657936.08,EQ,POLICYBZR,542071,NIFTY INTERNET
1345.23,4.9,1360,1337.4,31-Jul-2026 16:00:29,1322.2,N,0.37,3098137332.42,EQ,PAYTM,2303054,NIFTY INTERNET
212.25,0.27,213.03,212.2,31-Jul-2026 16:00:29,211.39,N,0.13,47913739.5,EQ,FIRSTCRY,225742,NIFTY INTERNET
333.76,0.05,338,333.8,31-Jul-2026 16:00:29,331.05,N,0.01,2129680172.48,EQ,NYKAA,6380873,NIFTY INTERNET
181.92,-0.05,183.49,182.1,31-Jul-2026 16:00:29,180.02,N,-0.03,664440787.68,EQ,MEESHO,3652379,NIFTY INTERNET
125.55,-0.22,127.68,125,31-Jul-2026 16:00:29,124.17,N,-0.18,378759867.75,EQ,PWL,3016805,NIFTY INTERNET
491.5,-2.9,495.7,490.25,31-Jul-2026 16:00:29,489,N,-0.59,443200786.5,EQ,IRCTC,901731,NIFTY INTERNET
139.56,-1.05,143.5,139.12,31-Jul-2026 16:00:29,138.29,N,-0.75,5642367396.84,EQ,PINELABS,40429689,NIFTY INTERNET
130.26,-1.5,131.94,129,31-Jul-2026 16:00:29,128.7,N,-1.15,161558091.24,EQ,URBANCO,1240274,NIFTY INTERNET
15.99,-0.2,16.12,15.78,31-Jul-2026 16:00:29,15.78,N,-1.25,272999236.77,EQ,CCAVENUE,17073123,NIFTY INTERNET
1226.29,-17.15,1236,1226.9,31-Jul-2026 16:00:29,1204.1,N,-1.38,2440943734.19,EQ,NAUKRI,1990511,NIFTY INTERNET
305.9,-8,316,302.65,31-Jul-2026 16:00:29,301.8,N,-2.58,11248142752.7,EQ,ETERNAL,36770653,NIFTY INTERNET
2742.26,-74.9,2785.7,2716.8,31-Jul-2026 16:00:29,2705,N,-2.68,1063185171.04,EQ,CARTRADE,387704,NIFTY INTERNET
721.96,-23.25,746.15,718.4,31-Jul-2026 16:00:29,714.15,N,-3.13,327025499.24,EQ,JUSTDIAL,452969,NIFTY INTERNET
288.07,-11.13,294.59,284.78,31-Jul-2026 16:00:29,280.2,N,-3.76,13485401033.17,EQ,SWIGGY,46812931,NIFTY INTERNET
6.93,0.74,7.3,6.9,31-Jul-2026 16:00:29,6.01,N,12.01,15032140.2,EQ,BTML,2169140,NIFTY WAVES
332.2,29.95,343.8,338,31-Jul-2026 16:00:29,306.5,N,9.72,6466059063.2,EQ,NAZARA,19464356,NIFTY WAVES
86.43,6.15,89.8,87.15,31-Jul-2026 16:00:29,81.21,N,7.59,12386196.87,EQ,CINELINE,143309,NIFTY WAVES
6.16,0.28,6.32,6.27,31-Jul-2026 16:00:29,5.75,N,4.67,102533.2,EQ,CREATIVEYE,16645,NIFTY WAVES
6.29,0.19,6.5,6.43,31-Jul-2026 16:00:29,5.93,N,3.04,265098.34,EQ,SAMBHAAV,42146,NIFTY WAVES
62.93,1.64,64.5,63.5,31-Jul-2026 16:00:29,61.9,N,2.65,7062130.46,BE,ONMOBILE,112222,NIFTY WAVES
2.85,0.06,2.9,2.87,31-Jul-2026 16:00:29,2.81,N,2.14,1856330.4,BE,DISHTV,651344,NIFTY WAVES
115.27,1.97,117.32,114.18,31-Jul-2026 16:00:29,112.4,N,1.76,7116420070.82,EQ,ZEEL,61736966,NIFTY WAVES
83.37,1.28,84.28,83.51,31-Jul-2026 16:00:29,82.26,N,1.56,3194238.18,EQ,BALAJITELE,38314,NIFTY WAVES
3.96,0.06,4.04,3.98,31-Jul-2026 16:00:29,3.83,N,1.53,27910.08,EQ,NEXTMEDIA,7048,NIFTY WAVES
76.95,0.85,77.44,77.1,31-Jul-2026 16:00:29,76.43,N,1.11,6893642.7,EQ,NDTV,89586,NIFTY WAVES
7.83,0.08,8.2,7.54,31-Jul-2026 16:00:29,7.46,N,1.07,65391383.7,EQ,ZEEMEDIA,8351390,NIFTY WAVES
25.68,0.22,26.06,25.49,31-Jul-2026 16:00:29,25.15,N,0.87,247719346.56,EQ,AQYLON,9646392,NIFTY WAVES
29.45,0.17,29.7,29.46,31-Jul-2026 16:00:29,29.05,N,0.58,60540659.5,EQ,NETWORK18,2055710,NIFTY WAVES
664.45,2,675,666.9,31-Jul-2026 16:00:29,656.15,N,0.30,143848109.4,EQ,TIPSMUSIC,216492,NIFTY WAVES
117.97,0.34,118.97,117.5,31-Jul-2026 16:00:29,116.98,N,0.29,295868.76,BE,SHEMAROO,2508,NIFTY WAVES
10.78,0.03,10.84,10.78,31-Jul-2026 16:00:29,10.72,N,0.28,8481402.16,EQ,HATHWAY,786772,NIFTY WAVES
56.13,0,57.4,57.2,31-Jul-2026 16:00:29,55.06,N,0.00,20094.54,BE,MUKTAARTS,358,NIFTY WAVES
2.82,0,2.94,2.86,31-Jul-2026 16:00:29,2.81,N,0.00,103206.36,EQ,DNAMEDIA,36598,NIFTY WAVES
4.44,0,4.52,4.43,31-Jul-2026 16:00:29,4.41,N,0.00,220086.36,EQ,BAGFILMS,49569,NIFTY WAVES
27.4,-0.02,27.64,27.4,31-Jul-2026 16:00:29,27.16,N,-0.07,5070479.6,EQ,DEN,185054,NIFTY WAVES
59.96,-0.11,60.79,59.81,31-Jul-2026 16:00:29,59.3,N,-0.18,704230.2,EQ,GTPL,11745,NIFTY WAVES
524.19,-1.4,531.3,520,31-Jul-2026 16:00:29,517.3,N,-0.27,134932272.09,EQ,SAREGAMA,257411,NIFTY WAVES
3.29,-0.01,3.39,3.23,31-Jul-2026 16:00:29,3.17,N,-0.31,155360.38,EQ,RADAAN,47222,NIFTY WAVES
65.61,-0.21,66.8,65.11,31-Jul-2026 16:00:29,65,N,-0.32,3402862.65,EQ,UFO,51865,NIFTY WAVES
6.77,-0.03,7.19,6.87,31-Jul-2026 16:00:29,6.71,N,-0.43,341235.08,EQ,RADIOCITY,50404,NIFTY WAVES
510.47,-3.05,517.8,508.45,31-Jul-2026 16:00:29,505.8,N,-0.60,95169984.92,EQ,SUNTV,186436,NIFTY WAVES
108.48,-0.66,111,107.9,31-Jul-2026 16:00:29,107.4,N,-0.61,1020688.32,EQ,ENIL,9409,NIFTY WAVES
1131.55,-7.35,1143.55,1124.1,31-Jul-2026 16:00:29,1123.1,N,-0.65,201936413,EQ,PVRINOX,178460,NIFTY WAVES
393.33,-3.25,404,384.05,31-Jul-2026 16:00:29,382.1,N,-0.84,5077496.97,EQ,TIPSFILMS,12909,NIFTY WAVES
15.51,-0.14,15.89,15.6,31-Jul-2026 16:00:29,15.3,N,-0.89,74416.98,EQ,SILLYMONKS,4798,NIFTY WAVES
283.89,-3.26,290.68,287,31-Jul-2026 16:00:29,275.55,N,-1.12,313690217.19,EQ,PFOCUS,1104971,NIFTY WAVES
113.29,-1.38,116.69,112.3,31-Jul-2026 16:00:29,111.72,N,-1.21,13787619.58,EQ,TVTODAY,121702,NIFTY WAVES
15.77,-0.23,16.05,15.83,31-Jul-2026 16:00:29,15.3,N,-1.43,36460.24,BE,CYBERMEDIA,2312,NIFTY WAVES
103.7,-1.5,105.3,100.89,31-Jul-2026 16:00:29,100.89,N,-1.46,3428114.6,EQ,RKSWAMY,33058,NIFTY WAVES
24.44,-0.84,26,23.51,31-Jul-2026 16:00:29,23.51,N,-3.45,397394.4,EQ,DGCONTENT,16260,NIFTY WAVES
20.03,-0.97,20.57,19.5,31-Jul-2026 16:00:29,19.06,N,-4.74,99909.64,EQ,PNC,4988,NIFTY WAVES
4.59,-0.23,4.79,4.56,31-Jul-2026 16:00:29,4.55,N,-4.80,168737.58,EQ,TVVISION,36762,NIFTY WAVES
6.03,-0.31,6.25,5.96,31-Jul-2026 16:00:29,5.96,N,-4.94,38380.95,EQ,SABEVENTS,6365,NIFTY WAVES
11.4,-0.59,12.03,11.32,31-Jul-2026 16:00:29,11.32,N,-4.95,2415340.8,EQ,RAJTV,211872,NIFTY WAVES
294.19,-28.1,311.45,283.1,31-Jul-2026 16:00:29,281.35,N,-9.03,64378480.27,EQ,SIGNPOST,218833,NIFTY WAVES
18.24,1.01,18.91,18.33,31-Jul-2026 16:00:29,17.2,N,5.83,4704788007.36,EQ,JPPOWER,257937939,NIFTY INFRALOG
193.61,9.23,193.92,193.92,31-Jul-2026 16:00:29,191.01,N,5.00,6399473807.86,EQ,HFCL,33053426,NIFTY INFRALOG
432.66,20.55,440.65,435.5,31-Jul-2026 16:00:29,414.25,N,4.95,8340486331.8,EQ,TMCV,19277230,NIFTY INFRALOG
165.06,7.6,166.7,165.69,31-Jul-2026 16:00:29,159.17,N,4.81,7847399052.36,EQ,ASHOKLEY,47542706,NIFTY INFRALOG
1368.21,57.6,1391,1356,31-Jul-2026 16:00:29,1307,N,4.44,1225667145.78,EQ,SCHNEIDER,895818,NIFTY INFRALOG
77.43,3.28,78.42,78.26,31-Jul-2026 16:00:29,75.25,N,4.37,1270807795.92,EQ,INOXWIND,16412344,NIFTY INFRALOG
179.21,7.36,182.21,181,31-Jul-2026 16:00:29,173.5,N,4.24,6970093920.03,EQ,GAIL,38893443,NIFTY INFRALOG
287.4,11.65,292.8,290.1,31-Jul-2026 16:00:29,278.05,N,4.18,995611080,EQ,SCI,3464200,NIFTY INFRALOG
3203.86,114.3,3247.9,3236,31-Jul-2026 16:00:29,3152,N,3.66,1717608569.16,EQ,ENRIN,536106,NIFTY INFRALOG
870.09,29.3,878.8,861.9,31-Jul-2026 16:00:29,850,N,3.52,5971767005.1,EQ,CGPOWER,6863390,NIFTY INFRALOG
1421.03,40.2,1471.2,1418.3,31-Jul-2026 16:00:29,1372.1,N,2.92,380153945.6,EQ,ABREL,267520,NIFTY INFRALOG
32359.01,855,32750,32105,31-Jul-2026 16:00:29,31900,N,2.74,5376158280.41,EQ,POWERINDIA,166141,NIFTY INFRALOG
2373,62.8,2401.8,2381.9,31-Jul-2026 16:00:29,2328.8,N,2.71,3796292178,EQ,MAZDOCK,1599786,NIFTY INFRALOG
480.09,12.4,491.4,480.7,31-Jul-2026 16:00:29,465,N,2.65,2765823934.77,EQ,DELHIVERY,5761053,NIFTY INFRALOG
4351.82,104.7,4410,4307,31-Jul-2026 16:00:29,4302.1,N,2.49,6147585467.54,EQ,GVT&D,1412647,NIFTY INFRALOG
3770.07,83.2,3808.4,3742,31-Jul-2026 16:00:29,3662.1,N,2.27,2131303512.54,EQ,SIEMENS,565322,NIFTY INFRALOG
1254.96,28.3,1291.4,1277.6,31-Jul-2026 16:00:29,1222.3,N,2.27,1044922364.64,EQ,AEGISLOG,832634,NIFTY INFRALOG
2220.64,48,2275,2176.4,31-Jul-2026 16:00:29,2145,N,2.26,1696788803.36,EQ,KIRLOSENG,764099,NIFTY INFRALOG
622.57,13.4,632.4,622,31-Jul-2026 16:00:29,608.5,N,2.20,2543058994.32,EQ,ANANTRAJ,4084776,NIFTY INFRALOG
5527.98,115.5,5567,5511.5,31-Jul-2026 16:00:29,5461.5,N,2.14,1978347954.42,EQ,CUMMINSIND,357879,NIFTY INFRALOG
1364.03,28.6,1378.2,1373,31-Jul-2026 16:00:29,1344.6,N,2.13,80600532.7,EQ,SOBHA,59090,NIFTY INFRALOG
575.81,11.9,582,577,31-Jul-2026 16:00:29,565,N,2.11,390742938.57,EQ,BRIGADE,678597,NIFTY INFRALOG
552.56,11.4,557.2,555.1,31-Jul-2026 16:00:29,541.9,N,2.10,876145766.72,EQ,JSWENERGY,1585612,NIFTY INFRALOG
295.66,5.9,298.5,297.8,31-Jul-2026 16:00:29,292,N,2.02,413237181.82,EQ,NLCINDIA,1397677,NIFTY INFRALOG
5134.25,101.1,5185,5127,31-Jul-2026 16:00:29,4993,N,2.01,200590013.25,EQ,BLUEDART,39069,NIFTY INFRALOG
1417.86,27.9,1430.8,1430,31-Jul-2026 16:00:29,1400.1,N,1.99,1695720859.92,EQ,COCHINSHIP,1195972,NIFTY INFRALOG
1690.88,27.8,1708.1,1691.9,31-Jul-2026 16:00:29,1650,N,1.67,7953300948.48,EQ,ADANIPORTS,4703646,NIFTY INFRALOG
1374,19.3,1397,1378,31-Jul-2026 16:00:29,1353,N,1.42,2159853804,EQ,ADANIGREEN,1571946,NIFTY INFRALOG
1610.91,22.2,1624.4,1617,31-Jul-2026 16:00:29,1585,N,1.39,1081002766.41,EQ,PRESTIGE,671051,NIFTY INFRALOG
47.8,0.65,48.18,48.05,31-Jul-2026 16:00:29,47.13,N,1.37,2708140165.6,EQ,SUZLON,56655652,NIFTY INFRALOG
284.14,-1.5,287.4,284.2,31-Jul-2026 16:00:29,283,N,-0.53,2217516643.4,EQ,POWERGRID,7804310,NIFTY INFRALOG
826.32,-4.8,832.8,820,31-Jul-2026 16:00:29,820,N,-0.58,156483523.68,EQ,TITAGARH,189374,NIFTY INFRALOG
90.37,-0.56,91.16,90.05,31-Jul-2026 16:00:29,89.5,N,-0.62,377273964.9,EQ,NTPCGREEN,4174770,NIFTY INFRALOG
1772.32,-11.4,1799.2,1745,31-Jul-2026 16:00:29,1741.7,N,-0.65,309255661.44,EQ,BEML,174492,NIFTY INFRALOG
7395.73,-47.5,7485,7244,31-Jul-2026 16:00:29,7201.5,N,-0.65,2580739983.5,EQ,ABB,348950,NIFTY INFRALOG
222.96,-1.88,224.68,220.1,31-Jul-2026 16:00:29,220.1,N,-0.85,195711835.44,EQ,ENGINERSIN,877789,NIFTY INFRALOG
1285.1,-11.7,1302,1271,31-Jul-2026 16:00:29,1268.1,N,-0.91,258452886.5,EQ,KPIL,201115,NIFTY INFRALOG
603.96,-5.7,610.55,601.8,31-Jul-2026 16:00:29,600,N,-0.94,403779269.88,EQ,TRITURBINE,668553,NIFTY INFRALOG
1411.8,-13.5,1437,1410,31-Jul-2026 16:00:29,1397.1,N,-0.95,556892980.8,EQ,TORNTPOWER,394456,NIFTY INFRALOG
5202.95,-53.5,5282,5177,31-Jul-2026 16:00:29,5137.5,N,-1.02,2408445555,EQ,INDIGO,462900,NIFTY INFRALOG
1762.2,-18.7,1799,1755,31-Jul-2026 16:00:29,1751,N,-1.05,308480158.8,EQ,TATACOMM,175054,NIFTY INFRALOG
1612.03,-20,1644.9,1616,31-Jul-2026 16:00:29,1598.1,N,-1.22,299713453.69,EQ,BHARTIHEXA,185923,NIFTY INFRALOG
1359.79,-17.3,1383,1354,31-Jul-2026 16:00:29,1345.9,N,-1.26,669041156.22,EQ,GESHIP,492018,NIFTY INFRALOG
1651.03,-21,1682,1638,31-Jul-2026 16:00:29,1628.8,N,-1.27,2937697491.36,EQ,ADANIENSOL,1779312,NIFTY INFRALOG
20.19,-0.27,20.53,19.98,31-Jul-2026 16:00:29,19.91,N,-1.33,474002689.38,EQ,IRB,23477102,NIFTY INFRALOG
5479.91,-88,5606.5,5479,31-Jul-2026 16:00:29,5377.5,N,-1.58,437872208.55,EQ,JKCEMENT,79905,NIFTY INFRALOG
214.88,-3.53,217.5,214.3,31-Jul-2026 16:00:29,213.6,N,-1.62,148304374.24,EQ,RITES,690173,NIFTY INFRALOG
315.78,-6.8,322.05,312.25,31-Jul-2026 16:00:29,311.6,N,-2.13,1189587153.42,EQ,JSWINFRA,3767139,NIFTY INFRALOG
1262.31,-43.95,1297,1243.2,31-Jul-2026 16:00:29,1239.55,N,-3.41,4536511137.27,EQ,LODHA,3593817,NIFTY INFRALOG
4249.57,-191.1,4358.5,4270.9,31-Jul-2026 16:00:29,4090,N,-4.28,8163661945.92,EQ,DATAPATTNS,1921056,NIFTY INFRALOG
169.18,2.86,171.29,169.7,31-Jul-2026 16:00:29,165.3,N,1.71,1290468497.12,EQ,MRPL,7627784,NIFTY RAILWAYSPSU
275.83,3.95,277.9,277.4,31-Jul-2026 16:00:29,272.8,N,1.44,45121098.89,EQ,ITI,163583,NIFTY RAILWAYSPSU
318.24,4.4,320.4,320.2,31-Jul-2026 16:00:29,314.4,N,1.39,1626545962.08,EQ,BPCL,5111067,NIFTY RAILWAYSPSU
224.9,2.17,226.52,225.05,31-Jul-2026 16:00:29,222.1,N,0.97,987115112.1,EQ,RVNL,4389129,NIFTY RAILWAYSPSU
409.09,3.45,412.35,406.45,31-Jul-2026 16:00:29,405.95,N,0.86,2810115709.83,EQ,BHEL,6869187,NIFTY RAILWAYSPSU
387.97,2.9,390.6,387.8,31-Jul-2026 16:00:29,385,N,0.75,6639937007.11,EQ,BEL,17114563,NIFTY RAILWAYSPSU
346.26,1.75,348.25,346.6,31-Jul-2026 16:00:29,343.55,N,0.51,2949830144.94,EQ,NTPC,8519119,NIFTY RAILWAYSPSU
125.91,0.62,126.42,126.25,31-Jul-2026 16:00:29,125.3,N,0.49,80954841.78,EQ,IRCON,642958,NIFTY RAILWAYSPSU
241.16,0.71,242.96,242.3,31-Jul-2026 16:00:29,238.17,N,0.29,2428657005.64,EQ,ONGC,10070729,NIFTY RAILWAYSPSU
389.32,1,391.9,389.45,31-Jul-2026 16:00:29,385.6,N,0.26,3021830205.12,EQ,HINDPETRO,7761816,NIFTY RAILWAYSPSU
89.15,0.18,89.88,89.1,31-Jul-2026 16:00:29,88.43,N,0.20,1074250902.9,EQ,IRFC,12049926,NIFTY RAILWAYSPSU
525.83,-0.65,528.95,524.5,31-Jul-2026 16:00:29,520.85,N,-0.12,673556154.37,EQ,CONCOR,1280939,NIFTY RAILWAYSPSU
169.31,-0.25,171.85,168.8,31-Jul-2026 16:00:29,167.97,N,-0.15,2628551464.11,EQ,SAIL,15525081,NIFTY RAILWAYSPSU
491.5,-2.9,495.7,490.25,31-Jul-2026 16:00:29,489,N,-0.59,443200786.5,EQ,IRCTC,901731,NIFTY RAILWAYSPSU
1772.32,-11.4,1799.2,1745,31-Jul-2026 16:00:29,1741.7,N,-0.65,309255661.44,EQ,BEML,174492,NIFTY RAILWAYSPSU
214.88,-3.53,217.5,214.3,31-Jul-2026 16:00:29,213.6,N,-1.62,148304374.24,EQ,RITES,690173,NIFTY RAILWAYSPSU
285.13,-9.3,293.9,284.95,31-Jul-2026 16:00:29,283.8,N,-3.16,360120045.39,EQ,RAILTEL,1263003,NIFTY RAILWAYSPSU
1123.5,87.7,1151.5,1141.2,31-Jul-2026 16:00:29,1083.6,N,8.32,45855191865,EQ,BAJFINANCE,40814590,NIFTYCONGLOMERATE
2002.52,121.6,2036.6,2031,31-Jul-2026 16:00:29,1930,N,6.37,7473176352.72,EQ,BAJAJFINSV,3731886,NIFTYCONGLOMERATE
432.66,20.55,440.65,435.5,31-Jul-2026 16:00:29,414.25,N,4.95,8340486331.8,EQ,TMCV,19277230,NIFTYCONGLOMERATE
1839.96,71.4,1863.1,1845.2,31-Jul-2026 16:00:29,1779.4,N,4.03,5417550624.6,EQ,CHOLAFIN,2944385,NIFTYCONGLOMERATE
870.09,29.3,878.8,861.9,31-Jul-2026 16:00:29,850,N,3.52,5971767005.1,EQ,CGPOWER,6863390,NIFTYCONGLOMERATE
11298.63,365,11467,11335,31-Jul-2026 16:00:29,10951,N,3.33,1016628130.14,EQ,BAJAJHLDNG,89978,NIFTYCONGLOMERATE
3390.98,109.3,3457,3393,31-Jul-2026 16:00:29,3243.3,N,3.33,20793058705.54,EQ,M&M,6131873,NIFTYCONGLOMERATE
407.08,10.95,413,405,31-Jul-2026 16:00:29,396.1,N,2.78,4456525397.36,EQ,ABCAPITAL,10947542,NIFTYCONGLOMERATE
1525.35,39.4,1551.3,1542.8,31-Jul-2026 16:00:29,1504,N,2.62,714763756.5,EQ,CHOLAHLDNG,468590,NIFTYCONGLOMERATE
2751.09,61.4,2775,2750.2,31-Jul-2026 16:00:29,2689,N,2.28,1336537294.89,EQ,TIINDIA,485821,NIFTYCONGLOMERATE
552.56,11.4,557.2,555.1,31-Jul-2026 16:00:29,541.9,N,2.10,876145766.72,EQ,JSWENERGY,1585612,NIFTYCONGLOMERATE
1690.88,27.8,1708.1,1691.9,31-Jul-2026 16:00:29,1650,N,1.67,7953300948.48,EQ,ADANIPORTS,4703646,NIFTYCONGLOMERATE
189.26,3.07,191.84,189.99,31-Jul-2026 16:00:29,186.31,N,1.64,6482076267.84,EQ,TATASTEEL,34249584,NIFTYCONGLOMERATE
311.82,4.75,314.05,311,31-Jul-2026 16:00:29,306.65,N,1.55,1661860904.64,EQ,LTF,5329552,NIFTYCONGLOMERATE
1374,19.3,1397,1378,31-Jul-2026 16:00:29,1353,N,1.42,2159853804,EQ,ADANIGREEN,1571946,NIFTYCONGLOMERATE
2066.59,25.7,2082,2079.9,31-Jul-2026 16:00:29,2026,N,1.25,326891139.61,EQ,COROMANDEL,158179,NIFTYCONGLOMERATE
12.95,0.15,13.08,13.02,31-Jul-2026 16:00:29,12.76,N,1.17,5015141268.2,EQ,IDEA,387269596,NIFTYCONGLOMERATE
733.9,6.55,740,735,31-Jul-2026 16:00:29,726.25,N,0.90,96717011.5,EQ,JUBLINGREA,131785,NIFTYCONGLOMERATE
211.13,1.78,212.68,210.75,31-Jul-2026 16:00:29,209.11,N,0.85,3212595883.74,EQ,ADANIPOWER,15216198,NIFTYCONGLOMERATE
299.15,2.38,304.1,302,31-Jul-2026 16:00:29,286.05,N,0.79,1890560990.4,EQ,FSL,6319776,NIFTYCONGLOMERATE
11518.83,87,11590,11519,31-Jul-2026 16:00:29,11329.5,N,0.76,2469406775.4,EQ,BAJAJ-AUTO,214380,NIFTYCONGLOMERATE
1106.24,8.3,1114,1102,31-Jul-2026 16:00:29,1093.6,N,0.76,866503410.88,EQ,JINDALSTEL,783287,NIFTYCONGLOMERATE
4870.13,35,4886,4885,31-Jul-2026 16:00:29,4820.9,N,0.72,4886269610.82,EQ,TITAN,1003314,NIFTYCONGLOMERATE
1316.4,9.1,1323.8,1318.5,31-Jul-2026 16:00:29,1304.5,N,0.69,64145539.2,EQ,GODREJIND,48728,NIFTYCONGLOMERATE
979.59,4.1,988,974.5,31-Jul-2026 16:00:29,971.05,N,0.42,5465461752.24,EQ,HINDALCO,5579336,NIFTYCONGLOMERATE
165.07,0.61,165.95,165.54,31-Jul-2026 16:00:29,163.62,N,0.37,114606780.44,EQ,CESC,694292,NIFTYCONGLOMERATE
11919.96,37,12009,11884,31-Jul-2026 16:00:29,11799,N,0.31,4654398701.16,EQ,ULTRACEMCO,390471,NIFTYCONGLOMERATE
3430.78,7,3457.7,3436,31-Jul-2026 16:00:29,3412.6,N,0.20,342258043.58,EQ,CEATLTD,99761,NIFTYCONGLOMERATE
469.2,0.85,472.6,469.6,31-Jul-2026 16:00:29,466.3,N,0.18,332893177.2,EQ,KEC,709491,NIFTYCONGLOMERATE
3006.69,1.8,3026.7,3001,31-Jul-2026 16:00:29,2990.9,N,0.06,1819714935.18,EQ,TRENT,605222,NIFTYCONGLOMERATE
1269.66,0.6,1282.2,1271.4,31-Jul-2026 16:00:29,1262,N,0.05,1840844483.52,EQ,JSWSTEEL,1449872,NIFTYCONGLOMERATE
3941.04,0.3,3973.1,3938,31-Jul-2026 16:00:29,3923.2,N,0.01,6910128892.08,EQ,LT,1753377,NIFTYCONGLOMERATE
436.65,-1,441,438.8,31-Jul-2026 16:00:29,433,N,-0.23,873892534.05,EQ,JUBLFOOD,2001357,NIFTYCONGLOMERATE
524.19,-1.4,531.3,520,31-Jul-2026 16:00:29,517.3,N,-0.27,134932272.09,EQ,SAREGAMA,257411,NIFTYCONGLOMERATE
3109.41,-8.8,3135.9,3096,31-Jul-2026 16:00:29,3092.6,N,-0.28,962197596.27,EQ,GRASIM,309447,NIFTYCONGLOMERATE
2116.07,-9.8,2134,2101.1,31-Jul-2026 16:00:29,2096.1,N,-0.46,1239481654.29,EQ,GODREJPROP,585747,NIFTYCONGLOMERATE
86.71,-0.43,87.75,86.09,31-Jul-2026 16:00:29,85.8,N,-0.50,544001978.39,EQ,BAJAJHFL,6273809,NIFTYCONGLOMERATE
433.21,-2.2,438.95,432,31-Jul-2026 16:00:29,430.25,N,-0.51,520888671.53,EQ,AMBUJACEM,1202393,NIFTYCONGLOMERATE
3510.93,-18.8,3580,3540.3,31-Jul-2026 16:00:29,3456.3,N,-0.53,419640397.32,EQ,LTTS,119524,NIFTYCONGLOMERATE
1067.8,-5.9,1076.3,1066.2,31-Jul-2026 16:00:29,1054.7,N,-0.55,720429710.8,EQ,GODREJCP,674686,NIFTYCONGLOMERATE
733.34,-4.15,745.85,733.6,31-Jul-2026 16:00:29,725,N,-0.56,257716942.86,EQ,JSL,351429,NIFTYCONGLOMERATE
1649.13,-15.1,1661.5,1653.9,31-Jul-2026 16:00:29,1610.5,N,-0.90,5533947611.01,EQ,TECHM,3355677,NIFTYCONGLOMERATE
3024.33,-40,3067.5,3009.1,31-Jul-2026 16:00:29,3002.4,N,-1.31,2620282536.33,EQ,ADANIENT,866401,NIFTYCONGLOMERATE
391.56,-5.2,401,387.35,31-Jul-2026 16:00:29,384.25,N,-1.32,1500145455.12,EQ,M&MFIN,3831202,NIFTYCONGLOMERATE
4354.53,-76,4385.1,4365.4,31-Jul-2026 16:00:29,4284,N,-1.71,1102053161.46,EQ,LTM,253082,NIFTYCONGLOMERATE
315.78,-6.8,322.05,312.25,31-Jul-2026 16:00:29,311.6,N,-2.13,1189587153.42,EQ,JSWINFRA,3767139,NIFTYCONGLOMERATE
940.79,-22.65,966.05,939,31-Jul-2026 16:00:29,931,N,-2.36,210193183.38,EQ,JUBLPHARMA,223422,NIFTYCONGLOMERATE
508.22,-13.4,524.7,507.5,31-Jul-2026 16:00:29,503.45,N,-2.57,803210200.36,EQ,ZENSARTECH,1580438,NIFTYCONGLOMERATE
2364.25,-65.8,2391,2366,31-Jul-2026 16:00:29,2326.1,N,-2.71,10269552532.75,EQ,TCS,4343683,NIFTYCONGLOMERATE
317.52,-10.6,330.6,317.4,31-Jul-2026 16:00:29,313.3,N,-3.23,2918191374,EQ,PCBL,9190575,NIFTYCONGLOMERATE
