VWAP,change,high,lastPrice,lastUpdatedTime,low,marketType,pChange,quantityTraded,series,symbol,totalTradedVolume,index_name
333.01,9.05,336.5,335.9,21-Sep-2026 16:00:28,326.85,N,2.77,6751621901.32,EQ,ETERNAL,20274532,NIFTY 50
1274.23,31.7,1284.9,1281,21-Sep-2026 16:00:28,1237.3,N,2.54,3506561182.38,EQ,HCLTECH,2751906,NIFTY 50
266.74,4.7,267.95,267,21-Sep-2026 16:00:28,263.55,N,1.79,2310711537.64,EQ,ITC,8662786,NIFTY 50
1874.81,31.6,1891.5,1868.9,21-Sep-2026 16:00:28,1832.2,N,1.72,4751450970.84,EQ,SUNPHARMA,2534364,NIFTY 50
1240.86,21,1249.1,1247.4,21-Sep-2026 16:00:28,1232.5,N,1.71,12417556527.48,EQ,RELIANCE,10007218,NIFTY 50
1061.52,17.3,1072.6,1066.6,21-Sep-2026 16:00:28,1050.6,N,1.65,1024636426.08,EQ,MAXHEALTH,965254,NIFTY 50
4844.92,76.5,4880,4875,21-Sep-2026 16:00:28,4780,N,1.59,3222196409.64,EQ,TITAN,665067,NIFTY 50
562.52,8.45,565.9,559.4,21-Sep-2026 16:00:28,551.65,N,1.53,1592769754.8,EQ,HDFCLIFE,2831490,NIFTY 50
1763.63,25,1774.4,1756,21-Sep-2026 16:00:28,1734.3,N,1.44,1247478989.68,EQ,SBILIFE,707336,NIFTY 50
1551.58,21.4,1560.6,1558.5,21-Sep-2026 16:00:28,1525.1,N,1.39,1506140428.12,EQ,TECHM,970714,NIFTY 50
396.86,5.2,399.15,398.5,21-Sep-2026 16:00:28,393.1,N,1.32,3871316914.48,EQ,BEL,9754868,NIFTY 50
234.58,2.83,236,235.63,21-Sep-2026 16:00:28,232.32,N,1.22,1434232441.52,EQ,ONGC,6114044,NIFTY 50
413.66,4.8,415.4,414.7,21-Sep-2026 16:00:28,410.45,N,1.17,1424224761.44,EQ,COALINDIA,3442984,NIFTY 50
739.06,8.5,742.65,739.5,21-Sep-2026 16:00:28,729.05,N,1.16,26223831697.98,EQ,HDFCBANK,35482683,NIFTY 50
2122.47,23.7,2145,2128.7,21-Sep-2026 16:00:28,2075.3,N,1.13,4947076423.17,EQ,TCS,2330811,NIFTY 50
1202.59,13.3,1211.9,1198.3,21-Sep-2026 16:00:28,1185,N,1.12,2067052580.06,EQ,DRREDDY,1718834,NIFTY 50
1377.57,12.6,1390,1385,21-Sep-2026 16:00:28,1360,N,0.92,789445417.47,EQ,NESTLEIND,573071,NIFTY 50
327.03,2.75,328.75,326.4,21-Sep-2026 16:00:28,324.85,N,0.85,1667265000.06,EQ,NTPC,5098202,NIFTY 50
11081.84,86,11146,11100,21-Sep-2026 16:00:28,10983,N,0.78,1686999585.04,EQ,ULTRACEMCO,152231,NIFTY 50
1956.15,15,1966.6,1947,21-Sep-2026 16:00:28,1939,N,0.78,1691183614.05,EQ,HINDUNILVR,864547,NIFTY 50
417.72,2.3,420.6,414.8,21-Sep-2026 16:00:28,414.55,N,0.56,3538448056.92,EQ,KOTAKBANK,8470861,NIFTY 50
3898.56,19.8,3908.7,3904.8,21-Sep-2026 16:00:28,3883,N,0.51,3693382685.76,EQ,LT,947371,NIFTY 50
1007.96,4.6,1015.5,1000.6,21-Sep-2026 16:00:28,997.2,N,0.46,693502686.96,EQ,TATACONSUM,688026,NIFTY 50
1344.51,6.1,1352,1345,21-Sep-2026 16:00:28,1340.4,N,0.46,7671233566.98,EQ,ICICIBANK,5705598,NIFTY 50
4965.54,21,5030.5,4941,21-Sep-2026 16:00:28,4925,N,0.43,2219685759.72,EQ,INDIGO,447018,NIFTY 50
12188.46,50,12229,12153,21-Sep-2026 16:00:28,12129,N,0.41,4133972166.66,EQ,MARUTI,339171,NIFTY 50
11485.26,46,11533,11460,21-Sep-2026 16:00:28,11450,N,0.40,1068508193.58,EQ,BAJAJ-AUTO,93033,NIFTY 50
1012.56,1.8,1019,1011.8,21-Sep-2026 16:00:28,1005.3,N,0.18,2217025434,EQ,SHRIRAMFIN,2189525,NIFTY 50
3067.2,3.3,3088,3055.3,21-Sep-2026 16:00:28,3055.3,N,0.11,3241570320,EQ,M&M,1056850,NIFTY 50
230.84,0.08,231.75,229.97,21-Sep-2026 16:00:28,229.55,N,0.03,1353353516.56,EQ,JIOFIN,5862734,NIFTY 50
993.82,-0.2,997.5,996,21-Sep-2026 16:00:28,989.1,N,-0.02,3567867466.28,EQ,SBIN,3590054,NIFTY 50
7518.21,-3.5,7569.5,7512.5,21-Sep-2026 16:00:28,7490,N,-0.05,1893476224.92,EQ,EICHERMOT,251852,NIFTY 50
1857.22,-2.7,1864,1849.8,21-Sep-2026 16:00:28,1849.2,N,-0.15,501373253.98,EQ,BAJAJFINSV,269959,NIFTY 50
2821.09,-8.5,2836.9,2815.5,21-Sep-2026 16:00:28,2801,N,-0.30,1672895085.64,EQ,TRENT,592996,NIFTY 50
8916.12,-32.5,8974.5,8912,21-Sep-2026 16:00:28,8826.5,N,-0.36,1866928534.56,EQ,APOLLOHOSP,209388,NIFTY 50
2454.3,-11,2463.8,2440.3,21-Sep-2026 16:00:28,2440.3,N,-0.45,658113182.1,EQ,ASIANPAINT,268147,NIFTY 50
981.66,-5.3,993.5,981.2,21-Sep-2026 16:00:28,976,N,-0.54,3286722350.82,EQ,HINDALCO,3348127,NIFTY 50
1273.48,-7,1287,1268.6,21-Sep-2026 16:00:28,1268.6,N,-0.55,1200077886.28,EQ,JSWSTEEL,942361,NIFTY 50
1248.59,-7,1254.3,1250,21-Sep-2026 16:00:28,1242,N,-0.56,4595164550.97,EQ,AXISBANK,3680283,NIFTY 50
1391.58,-8.4,1405.2,1386.1,21-Sep-2026 16:00:28,1378.3,N,-0.60,1245646396.98,EQ,CIPLA,895131,NIFTY 50
301.23,-2.15,303.8,301.65,21-Sep-2026 16:00:28,299.1,N,-0.71,2556989951.31,EQ,TMPV,8488497,NIFTY 50
184.66,-2.14,186.87,183.4,21-Sep-2026 16:00:28,183.34,N,-1.15,1834360365.88,EQ,TATASTEEL,9933718,NIFTY 50
1037.03,-12.9,1044.5,1038.5,21-Sep-2026 16:00:28,1030.3,N,-1.23,6299291476.74,EQ,INFY,6074358,NIFTY 50
3187.05,-43.2,3217.3,3166,21-Sep-2026 16:00:28,3166,N,-1.35,595978350,EQ,GRASIM,187000,NIFTY 50
164.43,-2.28,165.5,164.55,21-Sep-2026 16:00:28,163.34,N,-1.37,1526245015.05,EQ,WIPRO,9282035,NIFTY 50
2994.33,-45,3015.9,2975,21-Sep-2026 16:00:28,2973,N,-1.49,2343751920.9,EQ,ADANIENT,782730,NIFTY 50
267.88,-4.2,269.05,266.1,21-Sep-2026 16:00:28,266.1,N,-1.55,1857614395.76,EQ,POWERGRID,6934502,NIFTY 50
1027.5,-19,1037.7,1021.3,21-Sep-2026 16:00:28,1021.3,N,-1.83,4285248345,EQ,BAJFINANCE,4170558,NIFTY 50
1784.81,-36.9,1796.8,1787.1,21-Sep-2026 16:00:28,1766.7,N,-2.02,4136871883.82,EQ,ADANIPORTS,2317822,NIFTY 50
1833.39,-63.1,1854.8,1830.2,21-Sep-2026 16:00:28,1822,N,-3.33,17814280606.2,EQ,BHARTIARTL,9716580,NIFTY 50
19143.17,710,19370,19265,21-Sep-2026 16:00:28,18730,N,3.83,4125199989.64,EQ,SOLARINDS,215492,NIFTY NEXT 50
4956.26,130,4986.5,4970,21-Sep-2026 16:00:28,4848.5,N,2.69,1790419187.44,EQ,TORNTPHARM,361244,NIFTY NEXT 50
657.19,15.9,660.95,660.25,21-Sep-2026 16:00:28,644,N,2.47,2069061507.74,EQ,DLF,3148346,NIFTY NEXT 50
912.6,18,919.75,910,21-Sep-2026 16:00:28,903,N,2.02,2737530783,EQ,CGPOWER,2999705,NIFTY NEXT 50
1401.18,26,1411,1397,21-Sep-2026 16:00:28,1379.5,N,1.90,1084105576.62,EQ,UNITDSPR,773709,NIFTY NEXT 50
11381.46,192,11434,11409,21-Sep-2026 16:00:28,11227,N,1.71,616385729.22,EQ,BAJAJHLDNG,54157,NIFTY NEXT 50
747.73,12.25,755,745,21-Sep-2026 16:00:28,741,N,1.67,2230971344.07,EQ,INDHOTEL,2983659,NIFTY NEXT 50
3780.63,50.5,3814.6,3800.4,21-Sep-2026 16:00:28,3732,N,1.35,2446090293.78,EQ,DMART,647006,NIFTY NEXT 50
47871.34,565,48180,47565,21-Sep-2026 16:00:28,47460,N,1.20,759861779.82,EQ,BOSCHLTD,15873,NIFTY NEXT 50
1138.33,11.1,1143.5,1130.6,21-Sep-2026 16:00:28,1127.1,N,0.99,806359960.43,EQ,JINDALSTEL,708371,NIFTY NEXT 50
177.73,1.53,178.87,178.09,21-Sep-2026 16:00:28,177.03,N,0.87,730629901.54,EQ,UNIONBANK,4110898,NIFTY NEXT 50
428.2,3.05,431.15,425,21-Sep-2026 16:00:28,422,N,0.72,2115434747.2,EQ,VBL,4940296,NIFTY NEXT 50
346.21,2.2,348.05,344.75,21-Sep-2026 16:00:28,342.6,N,0.64,3176134694.52,EQ,PFC,9174012,NIFTY NEXT 50
392.94,2.45,395.95,390.75,21-Sep-2026 16:00:28,389.1,N,0.63,412046314.56,EQ,AMBUJACEM,1048624,NIFTY NEXT 50
2438.99,15,2456.2,2440,21-Sep-2026 16:00:28,2412.4,N,0.62,1227385132.65,EQ,HDFCAMC,503235,NIFTY NEXT 50
117.82,0.73,118.58,118,21-Sep-2026 16:00:28,116.64,N,0.62,1016129635.68,EQ,PNB,8624424,NIFTY NEXT 50
4853.79,25.7,4888.9,4826,21-Sep-2026 16:00:28,4825,N,0.54,3808138020.3,EQ,HAL,784570,NIFTY NEXT 50
5016.19,25,5030.5,5023,21-Sep-2026 16:00:28,4991.5,N,0.50,837081722.44,EQ,BRITANNIA,166876,NIFTY NEXT 50
2849.64,13.1,2874.2,2854.2,21-Sep-2026 16:00:28,2814,N,0.46,1236435998.88,EQ,MUTHOOTFIN,433892,NIFTY NEXT 50
9408.21,35.5,9461.5,9410.5,21-Sep-2026 16:00:28,9375.5,N,0.38,3578346816.03,EQ,DIVISLAB,380343,NIFTY NEXT 50
442.49,1.6,445.45,444.5,21-Sep-2026 16:00:28,437.2,N,0.36,2069455374.09,EQ,TMCV,4676841,NIFTY NEXT 50
162.48,0.34,163.88,162.91,21-Sep-2026 16:00:28,160.5,N,0.21,1180359032.16,EQ,MOTHERSON,7264642,NIFTY NEXT 50
4265.43,4.9,4317,4280,21-Sep-2026 16:00:28,4190.5,N,0.11,1157714479.74,EQ,LTM,271418,NIFTY NEXT 50
1161.83,1,1173.5,1161,21-Sep-2026 16:00:28,1152.1,N,0.09,1004319545.07,EQ,ZYDUSLIFE,864429,NIFTY NEXT 50
1581.77,1.1,1598,1573.2,21-Sep-2026 16:00:28,1573.2,N,0.07,380325524.11,EQ,PIDILITIND,240443,NIFTY NEXT 50
7268.85,0.5,7330,7271,21-Sep-2026 16:00:28,7221,N,0.01,1173788435.7,EQ,ABB,161482,NIFTY NEXT 50
207.67,-0.05,210.55,206.55,21-Sep-2026 16:00:28,205.38,N,-0.02,2387062191.99,EQ,ADANIPOWER,11494497,NIFTY NEXT 50
123.47,-0.08,123.99,123.7,21-Sep-2026 16:00:28,122.95,N,-0.06,638537452,EQ,CANBK,5171600,NIFTY NEXT 50
22439.97,-50,22700,22550,21-Sep-2026 16:00:28,22355,N,-0.22,784164751.65,EQ,SHREECEM,34945,NIFTY NEXT 50
136.88,-0.47,137.71,136.53,21-Sep-2026 16:00:28,136.34,N,-0.34,1179377927.6,EQ,IOC,8616145,NIFTY NEXT 50
4179.05,-16.3,4208.1,4155,21-Sep-2026 16:00:28,4155,N,-0.39,765589422.85,EQ,TVSMOTOR,183197,NIFTY NEXT 50
312.39,-1.25,315.95,312.75,21-Sep-2026 16:00:28,310.85,N,-0.40,985121240.22,EQ,BPCL,3153498,NIFTY NEXT 50
3217.72,-17,3264,3211,21-Sep-2026 16:00:28,3184,N,-0.53,661244677.72,EQ,ENRIN,205501,NIFTY NEXT 50
233.39,-1.3,234.51,233.64,21-Sep-2026 16:00:28,232.52,N,-0.55,1026381536.9,EQ,BANKBARODA,4397710,NIFTY NEXT 50
311.66,-1.8,313.45,310.2,21-Sep-2026 16:00:28,310.2,N,-0.58,1050933726.32,EQ,RECLTD,3372052,NIFTY NEXT 50
1139.52,-6.7,1150.7,1138,21-Sep-2026 16:00:28,1127,N,-0.59,514778160,EQ,LODHA,451750,NIFTY NEXT 50
5078.83,-32.5,5135,5067,21-Sep-2026 16:00:28,5050,N,-0.64,1428649484.85,EQ,CUMMINSIND,281295,NIFTY NEXT 50
3896.52,-26.9,3919,3887,21-Sep-2026 16:00:28,3851.5,N,-0.69,767388441.84,EQ,SIEMENS,196942,NIFTY NEXT 50
590.79,-4.2,595,591.8,21-Sep-2026 16:00:28,585.9,N,-0.70,2544211731.03,EQ,HINDZINC,4306457,NIFTY NEXT 50
173.14,-1.29,174.38,172.61,21-Sep-2026 16:00:28,172.61,N,-0.74,646659374.02,EQ,GAIL,3734893,NIFTY NEXT 50
879.14,-12.5,891,867.5,21-Sep-2026 16:00:28,866.1,N,-1.42,857886790.5,EQ,GODREJCP,975825,NIFTY NEXT 50
80.64,-1.28,81.7,80.22,21-Sep-2026 16:00:28,80.16,N,-1.57,420413333.76,EQ,IRFC,5213459,NIFTY NEXT 50
1779,-36,1806,1764,21-Sep-2026 16:00:28,1763.5,N,-2.00,1641942282,EQ,CHOLAFIN,922958,NIFTY NEXT 50
366.85,-7.65,369.6,367.15,21-Sep-2026 16:00:28,365.65,N,-2.04,1054891115.3,EQ,TATAPOWER,2875538,NIFTY NEXT 50
2247.08,-48,2278,2232,21-Sep-2026 16:00:28,2222.1,N,-2.11,1437317757.04,EQ,MAZDOCK,639638,NIFTY NEXT 50
343.33,-7.85,351,343.5,21-Sep-2026 16:00:28,341.05,N,-2.23,665472419.04,EQ,TATACAP,1938288,NIFTY NEXT 50
1313.86,-30.9,1332,1303.6,21-Sep-2026 16:00:28,1300.1,N,-2.32,846644814.7,EQ,ADANIGREEN,644395,NIFTY NEXT 50
260.86,-7.1,264.5,260.5,21-Sep-2026 16:00:28,259,N,-2.65,1721687216.98,EQ,VEDL,6600043,NIFTY NEXT 50
1410.11,-38.5,1432.4,1397.6,21-Sep-2026 16:00:28,1397.6,N,-2.68,2740775812.71,EQ,ADANIENSOL,1943661,NIFTY NEXT 50
2154.17,-64.8,2178,2144,21-Sep-2026 16:00:28,2136.2,N,-2.93,817770323.74,EQ,HYUNDAI,379622,NIFTY NEXT 50
23.15,0.45,23.28,23.17,21-Sep-2026 16:00:28,22.93,N,1.98,1221300427.7,EQ,YESBANK,52755958,NIFTY BANK
739.06,8.5,742.65,739.5,21-Sep-2026 16:00:28,729.05,N,1.16,26223831697.98,EQ,HDFCBANK,35482683,NIFTY BANK
177.73,1.53,178.87,178.09,21-Sep-2026 16:00:28,177.03,N,0.87,730629901.54,EQ,UNIONBANK,4110898,NIFTY BANK
117.82,0.73,118.58,118,21-Sep-2026 16:00:28,116.64,N,0.62,1016129635.68,EQ,PNB,8624424,NIFTY BANK
417.72,2.3,420.6,414.8,21-Sep-2026 16:00:28,414.55,N,0.56,3538448056.92,EQ,KOTAKBANK,8470861,NIFTY BANK
1344.51,6.1,1352,1345,21-Sep-2026 16:00:28,1340.4,N,0.46,7671233566.98,EQ,ICICIBANK,5705598,NIFTY BANK
993.82,-0.2,997.5,996,21-Sep-2026 16:00:28,989.1,N,-0.02,3567867466.28,EQ,SBIN,3590054,NIFTY BANK
123.47,-0.08,123.99,123.7,21-Sep-2026 16:00:28,122.95,N,-0.06,638537452,EQ,CANBK,5171600,NIFTY BANK
85.79,-0.12,86.55,85.8,21-Sep-2026 16:00:28,85.2,N,-0.14,1736305697.38,EQ,IDFCFIRSTB,20239022,NIFTY BANK
331.31,-0.75,335.35,332,21-Sep-2026 16:00:28,328.8,N,-0.23,1370767957.58,EQ,FEDERALBNK,4137418,NIFTY BANK
233.39,-1.3,234.51,233.64,21-Sep-2026 16:00:28,232.52,N,-0.55,1026381536.9,EQ,BANKBARODA,4397710,NIFTY BANK
1248.59,-7,1254.3,1250,21-Sep-2026 16:00:28,1242,N,-0.56,4595164550.97,EQ,AXISBANK,3680283,NIFTY BANK
961.03,-10.3,966,956,21-Sep-2026 16:00:28,956,N,-1.07,565185587.12,EQ,INDUSINDBK,588104,NIFTY BANK
1041.91,-20.6,1046.8,1038,21-Sep-2026 16:00:28,1037.2,N,-1.95,733906817.26,EQ,AUBANK,704386,NIFTY BANK
564.36,19.85,574.15,568,21-Sep-2026 16:00:28,543.65,N,3.62,2116198751.52,EQ,LICHSGFIN,3749732,NIFTY FIN SERVICE
1504.04,51,1514.5,1509.1,21-Sep-2026 16:00:28,1459.9,N,3.50,2147689405.88,EQ,ICICIGI,1427947,NIFTY FIN SERVICE
562.52,8.45,565.9,559.4,21-Sep-2026 16:00:28,551.65,N,1.53,1592769754.8,EQ,HDFCLIFE,2831490,NIFTY FIN SERVICE
1763.63,25,1774.4,1756,21-Sep-2026 16:00:28,1734.3,N,1.44,1247478989.68,EQ,SBILIFE,707336,NIFTY FIN SERVICE
739.06,8.5,742.65,739.5,21-Sep-2026 16:00:28,729.05,N,1.16,26223831697.98,EQ,HDFCBANK,35482683,NIFTY FIN SERVICE
346.21,2.2,348.05,344.75,21-Sep-2026 16:00:28,342.6,N,0.64,3176134694.52,EQ,PFC,9174012,NIFTY FIN SERVICE
1581.09,10,1591.8,1569,21-Sep-2026 16:00:28,1545.7,N,0.64,844757413.92,EQ,MFSL,534288,NIFTY FIN SERVICE
417.72,2.3,420.6,414.8,21-Sep-2026 16:00:28,414.55,N,0.56,3538448056.92,EQ,KOTAKBANK,8470861,NIFTY FIN SERVICE
2849.64,13.1,2874.2,2854.2,21-Sep-2026 16:00:28,2814,N,0.46,1236435998.88,EQ,MUTHOOTFIN,433892,NIFTY FIN SERVICE
1344.51,6.1,1352,1345,21-Sep-2026 16:00:28,1340.4,N,0.46,7671233566.98,EQ,ICICIBANK,5705598,NIFTY FIN SERVICE
1012.56,1.8,1019,1011.8,21-Sep-2026 16:00:28,1005.3,N,0.18,2217025434,EQ,SHRIRAMFIN,2189525,NIFTY FIN SERVICE
230.84,0.08,231.75,229.97,21-Sep-2026 16:00:28,229.55,N,0.03,1353353516.56,EQ,JIOFIN,5862734,NIFTY FIN SERVICE
993.82,-0.2,997.5,996,21-Sep-2026 16:00:28,989.1,N,-0.02,3567867466.28,EQ,SBIN,3590054,NIFTY FIN SERVICE
1857.22,-2.7,1864,1849.8,21-Sep-2026 16:00:28,1849.2,N,-0.15,501373253.98,EQ,BAJAJFINSV,269959,NIFTY FIN SERVICE
1248.59,-7,1254.3,1250,21-Sep-2026 16:00:28,1242,N,-0.56,4595164550.97,EQ,AXISBANK,3680283,NIFTY FIN SERVICE
311.66,-1.8,313.45,310.2,21-Sep-2026 16:00:28,310.2,N,-0.58,1050933726.32,EQ,RECLTD,3372052,NIFTY FIN SERVICE
1027.5,-19,1037.7,1021.3,21-Sep-2026 16:00:28,1021.3,N,-1.83,4285248345,EQ,BAJFINANCE,4170558,NIFTY FIN SERVICE
1779,-36,1806,1764,21-Sep-2026 16:00:28,1763.5,N,-2.00,1641942282,EQ,CHOLAFIN,922958,NIFTY FIN SERVICE
639.4,-14.15,643.65,637,21-Sep-2026 16:00:28,636.2,N,-2.17,607458773,EQ,SBICARD,950045,NIFTY FIN SERVICE
3158.65,-105.4,3258,3161,21-Sep-2026 16:00:28,3085.1,N,-3.23,21285911768.55,EQ,BSE,6738927,NIFTY FIN SERVICE
2090.82,192.6,2149,2135.6,21-Sep-2026 16:00:28,1933.3,N,9.91,9577203819.54,EQ,TEGA,4580597,NIFTY 500
390.38,29.2,400.45,396.2,21-Sep-2026 16:00:28,365.25,N,7.96,9042023330.66,EQ,PATANJALI,23162107,NIFTY 500
16.84,1.14,17.49,16.51,21-Sep-2026 16:00:28,16.05,N,7.42,9899552346.52,EQ,JPPOWER,587859403,NIFTY 500
281.73,19.4,286.9,285.75,21-Sep-2026 16:00:28,268.25,N,7.28,2997497607.03,EQ,ENGINERSIN,10639611,NIFTY 500
1107.64,63.3,1134.6,1113,21-Sep-2026 16:00:28,1057.8,N,6.03,6339437977.36,EQ,JYOTICNC,5723374,NIFTY 500
2421.35,137.1,2452,2437.8,21-Sep-2026 16:00:28,2303,N,5.96,3251284661.95,EQ,MANKIND,1342757,NIFTY 500
529.47,30.25,542.6,537.45,21-Sep-2026 16:00:28,505.2,N,5.96,1766492998.74,EQ,USHAMART,3336342,NIFTY 500
1566.32,79.6,1592,1574,21-Sep-2026 16:00:28,1512.7,N,5.33,879211441.36,EQ,CONCORDBIO,561323,NIFTY 500
454.02,21.45,464.45,456.7,21-Sep-2026 16:00:28,437.5,N,4.93,3141368466.18,EQ,ACMESOLAR,6919009,NIFTY 500
2183.33,100.9,2225,2187,21-Sep-2026 16:00:28,2090,N,4.84,3867293129.06,EQ,WOCKPHARMA,1771282,NIFTY 500
246.8,11.45,248.9,248.5,21-Sep-2026 16:00:28,240.9,N,4.83,447476535.2,BE,HEG,1813114,NIFTY 500
1189.93,52.6,1229,1177,21-Sep-2026 16:00:28,1151.6,N,4.68,4483338528.69,EQ,CARBORUNIV,3767733,NIFTY 500
467.73,20,482.25,458,21-Sep-2026 16:00:28,435.55,N,4.57,4115364500.7,EQ,COHANCE,8798590,NIFTY 500
803.04,32.45,822.35,796.65,21-Sep-2026 16:00:28,764.5,N,4.25,1061528939.52,EQ,FACT,1321888,NIFTY 500
1463.42,54.4,1500.2,1469.8,21-Sep-2026 16:00:28,1416.4,N,3.84,2624270597.9,EQ,AEGISLOG,1793245,NIFTY 500
3584.91,135,3674,3650,21-Sep-2026 16:00:28,3507.7,N,3.84,4054791323.52,EQ,KAYNES,1131072,NIFTY 500
19143.17,710,19370,19265,21-Sep-2026 16:00:28,18730,N,3.83,4125199989.64,EQ,SOLARINDS,215492,NIFTY 500
1468.52,54.9,1487.8,1487,21-Sep-2026 16:00:28,1434,N,3.83,1718564900.4,EQ,GESHIP,1170270,NIFTY 500
238.67,8.79,241.9,238.9,21-Sep-2026 16:00:28,228.37,N,3.82,630979755.11,EQ,SAPPHIRE,2643733,NIFTY 500
3416.98,124.9,3505,3480,21-Sep-2026 16:00:28,3338.8,N,3.72,981688103.06,EQ,CPPLUS,287297,NIFTY 500
377.17,13.65,387.05,382.7,21-Sep-2026 16:00:28,360.4,N,3.70,1366414493.36,EQ,SYNGENE,3622808,NIFTY 500
378.3,13.55,382.4,382,21-Sep-2026 16:00:28,370.5,N,3.68,613247754.6,EQ,EMAMILTD,1621062,NIFTY 500
345.67,12,354.8,340,21-Sep-2026 16:00:28,330.1,N,3.66,3957395735.93,EQ,EMMVEE,11448479,NIFTY 500
564.36,19.85,574.15,568,21-Sep-2026 16:00:28,543.65,N,3.62,2116198751.52,EQ,LICHSGFIN,3749732,NIFTY 500
1286.52,45.2,1305.3,1296.4,21-Sep-2026 16:00:28,1251.4,N,3.61,2183889570.84,EQ,NAUKRI,1697517,NIFTY 500
2725.7,94.9,2797.6,2755,21-Sep-2026 16:00:28,2666.2,N,3.57,6936083338.6,EQ,WELCORP,2544698,NIFTY 500
1504.04,51,1514.5,1509.1,21-Sep-2026 16:00:28,1459.9,N,3.50,2147689405.88,EQ,ICICIGI,1427947,NIFTY 500
914.55,30.5,928,925.5,21-Sep-2026 16:00:28,890.05,N,3.41,118147056.3,EQ,UTIAMC,129186,NIFTY 500
2002.83,63.5,2023.5,2017.5,21-Sep-2026 16:00:28,1963.8,N,3.25,4346675855.61,EQ,LAURUSLABS,2170267,NIFTY 500
90.4,2.75,91.45,91.3,21-Sep-2026 16:00:28,88.07,N,3.11,357505151.2,EQ,NTPCGREEN,3954703,NIFTY 500
1946.54,-59.4,1990,1940.1,21-Sep-2026 16:00:28,1936.1,N,-2.97,171032737.1,EQ,COROMANDEL,87865,NIFTY 500
1750.09,-54.3,1789.6,1725.8,21-Sep-2026 16:00:28,1725,N,-3.05,193897721.37,EQ,TATACOMM,110793,NIFTY 500
684.11,-21.9,698.3,685.3,21-Sep-2026 16:00:28,682.1,N,-3.10,30719672223.8,EQ,LENSKART,44904580,NIFTY 500
74.42,-2.43,75.5,74.08,21-Sep-2026 16:00:28,73.71,N,-3.18,3577141377.12,EQ,IFCI,48066936,NIFTY 500
686.61,-22.35,700.95,680,21-Sep-2026 16:00:28,678,N,-3.18,405862723.71,EQ,TATAINVEST,591111,NIFTY 500
2263.22,-74.2,2304.8,2226,21-Sep-2026 16:00:28,2216,N,-3.23,467447722.02,EQ,PIRAMALFIN,206541,NIFTY 500
3158.65,-105.4,3258,3161,21-Sep-2026 16:00:28,3085.1,N,-3.23,21285911768.55,EQ,BSE,6738927,NIFTY 500
404.39,-13.5,409.9,402.4,21-Sep-2026 16:00:28,401.1,N,-3.25,895325930.24,EQ,RBLBANK,2214016,NIFTY 500
492.28,-16.5,501.95,487.05,21-Sep-2026 16:00:28,487.05,N,-3.28,435839605.72,EQ,CONCOR,885349,NIFTY 500
1833.39,-63.1,1854.8,1830.2,21-Sep-2026 16:00:28,1822,N,-3.33,17814280606.2,EQ,BHARTIARTL,9716580,NIFTY 500
638.88,-22.7,659.05,638,21-Sep-2026 16:00:28,629.15,N,-3.44,2445214173.6,EQ,ATGL,3827345,NIFTY 500
563.48,-20.1,569.2,559.9,21-Sep-2026 16:00:28,559.9,N,-3.47,1516423852.48,EQ,UPL,2691176,NIFTY 500
309.89,-11.2,317.45,306.7,21-Sep-2026 16:00:28,306.1,N,-3.52,95276920.06,EQ,EIHOTEL,307454,NIFTY 500
902.42,-33.3,917.85,896.7,21-Sep-2026 16:00:28,892.2,N,-3.58,529262110.64,EQ,KFINTECH,586492,NIFTY 500
563.86,-21.25,576.9,559,21-Sep-2026 16:00:28,555.3,N,-3.66,64578885.8,EQ,BIKAJI,114530,NIFTY 500
2195.19,-89,2229,2181.1,21-Sep-2026 16:00:28,2178.7,N,-3.92,1303988958.99,EQ,APLAPOLLO,594021,NIFTY 500
561.13,-22.95,576.9,555.1,21-Sep-2026 16:00:28,552.15,N,-3.97,132194372.18,EQ,VTL,235586,NIFTY 500
1233.41,-56.5,1259.9,1227.5,21-Sep-2026 16:00:28,1220.7,N,-4.40,883501450.28,EQ,UNOMINDA,716308,NIFTY 500
1170.45,-57,1208.9,1150.7,21-Sep-2026 16:00:28,1150.1,N,-4.72,7058574292.5,EQ,ANURAS,6030650,NIFTY 500
11161.44,-985,11787,10911,21-Sep-2026 16:00:28,10900,N,-8.28,6308903507.04,EQ,OFSS,565241,NIFTY 500
2090.82,192.6,2149,2135.6,21-Sep-2026 16:00:28,1933.3,N,9.91,9577203819.54,EQ,TEGA,4580597,NIFTY MIDSML 400
390.38,29.2,400.45,396.2,21-Sep-2026 16:00:28,365.25,N,7.96,9042023330.66,EQ,PATANJALI,23162107,NIFTY MIDSML 400
16.84,1.14,17.49,16.51,21-Sep-2026 16:00:28,16.05,N,7.42,9899552346.52,EQ,JPPOWER,587859403,NIFTY MIDSML 400
281.73,19.4,286.9,285.75,21-Sep-2026 16:00:28,268.25,N,7.28,2997497607.03,EQ,ENGINERSIN,10639611,NIFTY MIDSML 400
1107.64,63.3,1134.6,1113,21-Sep-2026 16:00:28,1057.8,N,6.03,6339437977.36,EQ,JYOTICNC,5723374,NIFTY MIDSML 400
529.47,30.25,542.6,537.45,21-Sep-2026 16:00:28,505.2,N,5.96,1766492998.74,EQ,USHAMART,3336342,NIFTY MIDSML 400
2421.35,137.1,2452,2437.8,21-Sep-2026 16:00:28,2303,N,5.96,3251284661.95,EQ,MANKIND,1342757,NIFTY MIDSML 400
1566.32,79.6,1592,1574,21-Sep-2026 16:00:28,1512.7,N,5.33,879211441.36,EQ,CONCORDBIO,561323,NIFTY MIDSML 400
454.02,21.45,464.45,456.7,21-Sep-2026 16:00:28,437.5,N,4.93,3141368466.18,EQ,ACMESOLAR,6919009,NIFTY MIDSML 400
2183.33,100.9,2225,2187,21-Sep-2026 16:00:28,2090,N,4.84,3867293129.06,EQ,WOCKPHARMA,1771282,NIFTY MIDSML 400
246.8,11.45,248.9,248.5,21-Sep-2026 16:00:28,240.9,N,4.83,447476535.2,BE,HEG,1813114,NIFTY MIDSML 400
1189.93,52.6,1229,1177,21-Sep-2026 16:00:28,1151.6,N,4.68,4483338528.69,EQ,CARBORUNIV,3767733,NIFTY MIDSML 400
467.73,20,482.25,458,21-Sep-2026 16:00:28,435.55,N,4.57,4115364500.7,EQ,COHANCE,8798590,NIFTY MIDSML 400
803.04,32.45,822.35,796.65,21-Sep-2026 16:00:28,764.5,N,4.25,1061528939.52,EQ,FACT,1321888,NIFTY MIDSML 400
3584.91,135,3674,3650,21-Sep-2026 16:00:28,3507.7,N,3.84,4054791323.52,EQ,KAYNES,1131072,NIFTY MIDSML 400
1463.42,54.4,1500.2,1469.8,21-Sep-2026 16:00:28,1416.4,N,3.84,2624270597.9,EQ,AEGISLOG,1793245,NIFTY MIDSML 400
1468.52,54.9,1487.8,1487,21-Sep-2026 16:00:28,1434,N,3.83,1718564900.4,EQ,GESHIP,1170270,NIFTY MIDSML 400
238.67,8.79,241.9,238.9,21-Sep-2026 16:00:28,228.37,N,3.82,630979755.11,EQ,SAPPHIRE,2643733,NIFTY MIDSML 400
3416.98,124.9,3505,3480,21-Sep-2026 16:00:28,3338.8,N,3.72,981688103.06,EQ,CPPLUS,287297,NIFTY MIDSML 400
377.17,13.65,387.05,382.7,21-Sep-2026 16:00:28,360.4,N,3.70,1366414493.36,EQ,SYNGENE,3622808,NIFTY MIDSML 400
32026.44,-830,32595,31870,21-Sep-2026 16:00:28,31805,N,-2.54,2051901984.36,EQ,POWERINDIA,64069,NIFTY MIDSML 400
3412.7,-89,3485,3379.9,21-Sep-2026 16:00:28,3375.5,N,-2.57,160099995.1,EQ,CEATLTD,46913,NIFTY MIDSML 400
524,-13.95,536.95,524.5,21-Sep-2026 16:00:28,518.7,N,-2.59,400758868,EQ,FIVESTAR,764807,NIFTY MIDSML 400
1107.92,-29.3,1113.4,1103.1,21-Sep-2026 16:00:28,1100.5,N,-2.59,717656287.92,EQ,HAVELLS,647751,NIFTY MIDSML 400
491.79,-12.95,503.6,487.05,21-Sep-2026 16:00:28,485.7,N,-2.59,1082039800.53,EQ,JUBLFOOD,2200207,NIFTY MIDSML 400
4123.67,-111,4203,4106.6,21-Sep-2026 16:00:28,4081.1,N,-2.63,190249639.12,EQ,SCHAEFFLER,46136,NIFTY MIDSML 400
1386.39,-38.7,1435.1,1377.9,21-Sep-2026 16:00:28,1370,N,-2.73,1775739608.43,EQ,CHENNPETRO,1280837,NIFTY MIDSML 400
1042.98,-30.4,1068.9,1030,21-Sep-2026 16:00:28,1026.2,N,-2.87,182183574.48,EQ,ABSLAMC,174676,NIFTY MIDSML 400
1598.87,-47,1628.2,1593,21-Sep-2026 16:00:28,1576,N,-2.87,3572543907.66,EQ,ATHERENERG,2234418,NIFTY MIDSML 400
111.77,-3.32,113.13,111,21-Sep-2026 16:00:28,110.55,N,-2.90,331994342.95,EQ,IREDA,2970335,NIFTY MIDSML 400
1295.86,-38.8,1330,1283,21-Sep-2026 16:00:28,1281.6,N,-2.94,280045712.88,EQ,GABRIEL,216108,NIFTY MIDSML 400
1946.54,-59.4,1990,1940.1,21-Sep-2026 16:00:28,1936.1,N,-2.97,171032737.1,EQ,COROMANDEL,87865,NIFTY MIDSML 400
1750.09,-54.3,1789.6,1725.8,21-Sep-2026 16:00:28,1725,N,-3.05,193897721.37,EQ,TATACOMM,110793,NIFTY MIDSML 400
684.11,-21.9,698.3,685.3,21-Sep-2026 16:00:28,682.1,N,-3.10,30719672223.8,EQ,LENSKART,44904580,NIFTY MIDSML 400
686.61,-22.35,700.95,680,21-Sep-2026 16:00:28,678,N,-3.18,405862723.71,EQ,TATAINVEST,591111,NIFTY MIDSML 400
74.42,-2.43,75.5,74.08,21-Sep-2026 16:00:28,73.71,N,-3.18,3577141377.12,EQ,IFCI,48066936,NIFTY MIDSML 400
3158.65,-105.4,3258,3161,21-Sep-2026 16:00:28,3085.1,N,-3.23,21285911768.55,EQ,BSE,6738927,NIFTY MIDSML 400
2263.22,-74.2,2304.8,2226,21-Sep-2026 16:00:28,2216,N,-3.23,467447722.02,EQ,PIRAMALFIN,206541,NIFTY MIDSML 400
404.39,-13.5,409.9,402.4,21-Sep-2026 16:00:28,401.1,N,-3.25,895325930.24,EQ,RBLBANK,2214016,NIFTY MIDSML 400
492.28,-16.5,501.95,487.05,21-Sep-2026 16:00:28,487.05,N,-3.28,435839605.72,EQ,CONCOR,885349,NIFTY MIDSML 400
638.88,-22.7,659.05,638,21-Sep-2026 16:00:28,629.15,N,-3.44,2445214173.6,EQ,ATGL,3827345,NIFTY MIDSML 400
563.48,-20.1,569.2,559.9,21-Sep-2026 16:00:28,559.9,N,-3.47,1516423852.48,EQ,UPL,2691176,NIFTY MIDSML 400
309.89,-11.2,317.45,306.7,21-Sep-2026 16:00:28,306.1,N,-3.52,95276920.06,EQ,EIHOTEL,307454,NIFTY MIDSML 400
902.42,-33.3,917.85,896.7,21-Sep-2026 16:00:28,892.2,N,-3.58,529262110.64,EQ,KFINTECH,586492,NIFTY MIDSML 400
563.86,-21.25,576.9,559,21-Sep-2026 16:00:28,555.3,N,-3.66,64578885.8,EQ,BIKAJI,114530,NIFTY MIDSML 400
2195.19,-89,2229,2181.1,21-Sep-2026 16:00:28,2178.7,N,-3.92,1303988958.99,EQ,APLAPOLLO,594021,NIFTY MIDSML 400
561.13,-22.95,576.9,555.1,21-Sep-2026 16:00:28,552.15,N,-3.97,132194372.18,EQ,VTL,235586,NIFTY MIDSML 400
1233.41,-56.5,1259.9,1227.5,21-Sep-2026 16:00:28,1220.7,N,-4.40,883501450.28,EQ,UNOMINDA,716308,NIFTY MIDSML 400
1170.45,-57,1208.9,1150.7,21-Sep-2026 16:00:28,1150.1,N,-4.72,7058574292.5,EQ,ANURAS,6030650,NIFTY MIDSML 400
11161.44,-985,11787,10911,21-Sep-2026 16:00:28,10900,N,-8.28,6308903507.04,EQ,OFSS,565241,NIFTY MIDSML 400
317.02,36.65,324.7,321.1,21-Sep-2026 16:00:28,283.9,N,12.88,5809611194.86,EQ,KPIGREEN,18325693,NIFTY TOTAL MKT
57.77,5.38,59.26,59.26,21-Sep-2026 16:00:28,53.88,N,9.99,345759573.62,EQ,EMBDL,5985106,NIFTY TOTAL MKT
2090.82,192.6,2149,2135.6,21-Sep-2026 16:00:28,1933.3,N,9.91,9577203819.54,EQ,TEGA,4580597,NIFTY TOTAL MKT
287.12,23.15,297,295,21-Sep-2026 16:00:28,278.65,N,8.52,2141932427.2,EQ,REFEX,7460060,NIFTY TOTAL MKT
390.38,29.2,400.45,396.2,21-Sep-2026 16:00:28,365.25,N,7.96,9042023330.66,EQ,PATANJALI,23162107,NIFTY TOTAL MKT
16.84,1.14,17.49,16.51,21-Sep-2026 16:00:28,16.05,N,7.42,9899552346.52,EQ,JPPOWER,587859403,NIFTY TOTAL MKT
281.73,19.4,286.9,285.75,21-Sep-2026 16:00:28,268.25,N,7.28,2997497607.03,EQ,ENGINERSIN,10639611,NIFTY TOTAL MKT
937.84,55.7,965.25,962,21-Sep-2026 16:00:28,903.65,N,6.15,505312881.2,EQ,SUPRIYA,538805,NIFTY TOTAL MKT
1107.64,63.3,1134.6,1113,21-Sep-2026 16:00:28,1057.8,N,6.03,6339437977.36,EQ,JYOTICNC,5723374,NIFTY TOTAL MKT
529.47,30.25,542.6,537.45,21-Sep-2026 16:00:28,505.2,N,5.96,1766492998.74,EQ,USHAMART,3336342,NIFTY TOTAL MKT
2421.35,137.1,2452,2437.8,21-Sep-2026 16:00:28,2303,N,5.96,3251284661.95,EQ,MANKIND,1342757,NIFTY TOTAL MKT
334.23,18.35,339,338.5,21-Sep-2026 16:00:28,321.2,N,5.73,1065893561.46,EQ,MARKSANS,3189102,NIFTY TOTAL MKT
512.51,25.95,524.9,510,21-Sep-2026 16:00:28,484.05,N,5.36,465075149.46,EQ,CAPILLARY,907446,NIFTY TOTAL MKT
1566.32,79.6,1592,1574,21-Sep-2026 16:00:28,1512.7,N,5.33,879211441.36,EQ,CONCORDBIO,561323,NIFTY TOTAL MKT
454.02,21.45,464.45,456.7,21-Sep-2026 16:00:28,437.5,N,4.93,3141368466.18,EQ,ACMESOLAR,6919009,NIFTY TOTAL MKT
2183.33,100.9,2225,2187,21-Sep-2026 16:00:28,2090,N,4.84,3867293129.06,EQ,WOCKPHARMA,1771282,NIFTY TOTAL MKT
246.8,11.45,248.9,248.5,21-Sep-2026 16:00:28,240.9,N,4.83,447476535.2,BE,HEG,1813114,NIFTY TOTAL MKT
423.83,19.65,434,431.45,21-Sep-2026 16:00:28,404,N,4.77,130893961.88,EQ,SAATVIKGL,308836,NIFTY TOTAL MKT
818.83,37.25,830,820.95,21-Sep-2026 16:00:28,779.7,N,4.75,675812333.37,EQ,AKUMS,825339,NIFTY TOTAL MKT
1189.93,52.6,1229,1177,21-Sep-2026 16:00:28,1151.6,N,4.68,4483338528.69,EQ,CARBORUNIV,3767733,NIFTY TOTAL MKT
1054.22,46.9,1075,1068,21-Sep-2026 16:00:28,1017.6,N,4.59,1556244835.1,EQ,SHILPAMED,1476205,NIFTY TOTAL MKT
467.73,20,482.25,458,21-Sep-2026 16:00:28,435.55,N,4.57,4115364500.7,EQ,COHANCE,8798590,NIFTY TOTAL MKT
388.88,16.9,398.5,387.6,21-Sep-2026 16:00:28,372.4,N,4.56,4894529622.48,EQ,APOLLO,12586221,NIFTY TOTAL MKT
803.04,32.45,822.35,796.65,21-Sep-2026 16:00:28,764.5,N,4.25,1061528939.52,EQ,FACT,1321888,NIFTY TOTAL MKT
1463.42,54.4,1500.2,1469.8,21-Sep-2026 16:00:28,1416.4,N,3.84,2624270597.9,EQ,AEGISLOG,1793245,NIFTY TOTAL MKT
3584.91,135,3674,3650,21-Sep-2026 16:00:28,3507.7,N,3.84,4054791323.52,EQ,KAYNES,1131072,NIFTY TOTAL MKT
1468.52,54.9,1487.8,1487,21-Sep-2026 16:00:28,1434,N,3.83,1718564900.4,EQ,GESHIP,1170270,NIFTY TOTAL MKT
19143.17,710,19370,19265,21-Sep-2026 16:00:28,18730,N,3.83,4125199989.64,EQ,SOLARINDS,215492,NIFTY TOTAL MKT
1772.11,66.2,1800,1798.5,21-Sep-2026 16:00:28,1740.9,N,3.82,475689259.41,EQ,ENTERO,268431,NIFTY TOTAL MKT
238.67,8.79,241.9,238.9,21-Sep-2026 16:00:28,228.37,N,3.82,630979755.11,EQ,SAPPHIRE,2643733,NIFTY TOTAL MKT
492.28,-16.5,501.95,487.05,21-Sep-2026 16:00:28,487.05,N,-3.28,435839605.72,EQ,CONCOR,885349,NIFTY TOTAL MKT
585.5,-19.55,598,576.1,21-Sep-2026 16:00:28,574.2,N,-3.28,71148789,EQ,ORKLAINDIA,121518,NIFTY TOTAL MKT
2805.21,-94.1,2861.1,2765,21-Sep-2026 16:00:28,2756,N,-3.29,108794459.43,EQ,RATNAMANI,38783,NIFTY TOTAL MKT
1833.39,-63.1,1854.8,1830.2,21-Sep-2026 16:00:28,1822,N,-3.33,17814280606.2,EQ,BHARTIARTL,9716580,NIFTY TOTAL MKT
638.88,-22.7,659.05,638,21-Sep-2026 16:00:28,629.15,N,-3.44,2445214173.6,EQ,ATGL,3827345,NIFTY TOTAL MKT
563.48,-20.1,569.2,559.9,21-Sep-2026 16:00:28,559.9,N,-3.47,1516423852.48,EQ,UPL,2691176,NIFTY TOTAL MKT
309.89,-11.2,317.45,306.7,21-Sep-2026 16:00:28,306.1,N,-3.52,95276920.06,EQ,EIHOTEL,307454,NIFTY TOTAL MKT
902.42,-33.3,917.85,896.7,21-Sep-2026 16:00:28,892.2,N,-3.58,529262110.64,EQ,KFINTECH,586492,NIFTY TOTAL MKT
563.86,-21.25,576.9,559,21-Sep-2026 16:00:28,555.3,N,-3.66,64578885.8,EQ,BIKAJI,114530,NIFTY TOTAL MKT
2912.54,-110.2,3005,2874,21-Sep-2026 16:00:28,2861.2,N,-3.69,115732689.44,EQ,SKFINDUS,39736,NIFTY TOTAL MKT
2195.19,-89,2229,2181.1,21-Sep-2026 16:00:28,2178.7,N,-3.92,1303988958.99,EQ,APLAPOLLO,594021,NIFTY TOTAL MKT
561.13,-22.95,576.9,555.1,21-Sep-2026 16:00:28,552.15,N,-3.97,132194372.18,EQ,VTL,235586,NIFTY TOTAL MKT
6570.58,-279.5,6770,6445,21-Sep-2026 16:00:28,6431.5,N,-4.16,219884459.7,EQ,GRWRHITECH,33465,NIFTY TOTAL MKT
1233.41,-56.5,1259.9,1227.5,21-Sep-2026 16:00:28,1220.7,N,-4.40,883501450.28,EQ,UNOMINDA,716308,NIFTY TOTAL MKT
790.74,-36.4,841.9,786.95,21-Sep-2026 16:00:28,772,N,-4.42,1691993822.4,EQ,WELENT,2139760,NIFTY TOTAL MKT
1170.45,-57,1208.9,1150.7,21-Sep-2026 16:00:28,1150.1,N,-4.72,7058574292.5,EQ,ANURAS,6030650,NIFTY TOTAL MKT
2373.64,-124.4,2499.7,2364,21-Sep-2026 16:00:28,2334,N,-5.00,931224071.16,EQ,NEOGEN,392319,NIFTY TOTAL MKT
700.16,-38.05,731.65,689.7,21-Sep-2026 16:00:28,687.4,N,-5.23,495420613.12,EQ,GOKEX,707582,NIFTY TOTAL MKT
255.32,-14,271.3,251,21-Sep-2026 16:00:28,246.45,N,-5.28,13233493473.2,EQ,CUPID,51831010,NIFTY TOTAL MKT
11161.44,-985,11787,10911,21-Sep-2026 16:00:28,10900,N,-8.28,6308903507.04,EQ,OFSS,565241,NIFTY TOTAL MKT
5394.32,133.5,5425,5419,21-Sep-2026 16:00:28,5308,N,2.53,1914983600,EQ,HEROMOTOCO,355000,NIFTY AUTO
47871.34,565,48180,47565,21-Sep-2026 16:00:28,47460,N,1.20,759861779.82,EQ,BOSCHLTD,15873,NIFTY AUTO
12188.46,50,12229,12153,21-Sep-2026 16:00:28,12129,N,0.41,4133972166.66,EQ,MARUTI,339171,NIFTY AUTO
11485.26,46,11533,11460,21-Sep-2026 16:00:28,11450,N,0.40,1068508193.58,EQ,BAJAJ-AUTO,93033,NIFTY AUTO
1963.83,6.8,1981.8,1968.9,21-Sep-2026 16:00:28,1942.2,N,0.35,1347081333.18,EQ,BHARATFORG,685946,NIFTY AUTO
162.48,0.34,163.88,162.91,21-Sep-2026 16:00:28,160.5,N,0.21,1180359032.16,EQ,MOTHERSON,7264642,NIFTY AUTO
3067.2,3.3,3088,3055.3,21-Sep-2026 16:00:28,3055.3,N,0.11,3241570320,EQ,M&M,1056850,NIFTY AUTO
7518.21,-3.5,7569.5,7512.5,21-Sep-2026 16:00:28,7490,N,-0.05,1893476224.92,EQ,EICHERMOT,251852,NIFTY AUTO
4179.05,-16.3,4208.1,4155,21-Sep-2026 16:00:28,4155,N,-0.39,765589422.85,EQ,TVSMOTOR,183197,NIFTY AUTO
2594.19,-12,2614.2,2588,21-Sep-2026 16:00:28,2569.1,N,-0.46,247449407.34,EQ,TIINDIA,95386,NIFTY AUTO
434.11,-3,437.3,432.85,21-Sep-2026 16:00:28,430.7,N,-0.69,785885829.18,EQ,EXIDEIND,1810338,NIFTY AUTO
301.23,-2.15,303.8,301.65,21-Sep-2026 16:00:28,299.1,N,-0.71,2556989951.31,EQ,TMPV,8488497,NIFTY AUTO
161.72,-1.25,163.19,161.75,21-Sep-2026 16:00:28,160.87,N,-0.77,1274898596.4,EQ,ASHOKLEY,7883370,NIFTY AUTO
806,-12.75,817.2,795.25,21-Sep-2026 16:00:28,793.2,N,-1.58,1709619496,EQ,SONACOMS,2121116,NIFTY AUTO
1233.41,-56.5,1259.9,1227.5,21-Sep-2026 16:00:28,1220.7,N,-4.40,883501450.28,EQ,UNOMINDA,716308,NIFTY AUTO
390.38,29.2,400.45,396.2,21-Sep-2026 16:00:28,365.25,N,7.96,9042023330.66,EQ,PATANJALI,23162107,NIFTY FMCG
378.3,13.55,382.4,382,21-Sep-2026 16:00:28,370.5,N,3.68,613247754.6,EQ,EMAMILTD,1621062,NIFTY FMCG
824.44,20.5,829.75,824.4,21-Sep-2026 16:00:28,804.25,N,2.55,1378707714.24,EQ,MARICO,1672296,NIFTY FMCG
1401.18,26,1411,1397,21-Sep-2026 16:00:28,1379.5,N,1.90,1084105576.62,EQ,UNITDSPR,773709,NIFTY FMCG
266.74,4.7,267.95,267,21-Sep-2026 16:00:28,263.55,N,1.79,2310711537.64,EQ,ITC,8662786,NIFTY FMCG
1377.57,12.6,1390,1385,21-Sep-2026 16:00:28,1360,N,0.92,789445417.47,EQ,NESTLEIND,573071,NIFTY FMCG
1956.15,15,1966.6,1947,21-Sep-2026 16:00:28,1939,N,0.78,1691183614.05,EQ,HINDUNILVR,864547,NIFTY FMCG
428.2,3.05,431.15,425,21-Sep-2026 16:00:28,422,N,0.72,2115434747.2,EQ,VBL,4940296,NIFTY FMCG
5016.19,25,5030.5,5023,21-Sep-2026 16:00:28,4991.5,N,0.50,837081722.44,EQ,BRITANNIA,166876,NIFTY FMCG
1007.96,4.6,1015.5,1000.6,21-Sep-2026 16:00:28,997.2,N,0.46,693502686.96,EQ,TATACONSUM,688026,NIFTY FMCG
4466.55,-55.4,4539.9,4480,21-Sep-2026 16:00:28,4376.1,N,-1.22,1881864712.2,EQ,RADICO,421324,NIFTY FMCG
1888.53,-25.8,1903,1892,21-Sep-2026 16:00:28,1879.4,N,-1.35,1360336486.95,EQ,COLPAL,720315,NIFTY FMCG
879.14,-12.5,891,867.5,21-Sep-2026 16:00:28,866.1,N,-1.42,857886790.5,EQ,GODREJCP,975825,NIFTY FMCG
1233.35,-26.5,1260,1225,21-Sep-2026 16:00:28,1225,N,-2.12,126266672.95,EQ,UBL,102377,NIFTY FMCG
390.68,-8.45,392.8,386.8,21-Sep-2026 16:00:28,386.8,N,-2.14,819461457.68,EQ,DABUR,2097526,NIFTY FMCG
1274.23,31.7,1284.9,1281,21-Sep-2026 16:00:28,1237.3,N,2.54,3506561182.38,EQ,HCLTECH,2751906,NIFTY IT
1551.58,21.4,1560.6,1558.5,21-Sep-2026 16:00:28,1525.1,N,1.39,1506140428.12,EQ,TECHM,970714,NIFTY IT
2122.47,23.7,2145,2128.7,21-Sep-2026 16:00:28,2075.3,N,1.13,4947076423.17,EQ,TCS,2330811,NIFTY IT
5426.95,33,5458,5449,21-Sep-2026 16:00:28,5380.5,N,0.61,1913444884.9,EQ,PERSISTENT,352582,NIFTY IT
4265.43,4.9,4317,4280,21-Sep-2026 16:00:28,4190.5,N,0.11,1157714479.74,EQ,LTM,271418,NIFTY IT
2288.76,-4.2,2313.7,2296.2,21-Sep-2026 16:00:28,2257.1,N,-0.18,472656405.12,EQ,MPHASIS,206512,NIFTY IT
1037.03,-12.9,1044.5,1038.5,21-Sep-2026 16:00:28,1030.3,N,-1.23,6299291476.74,EQ,INFY,6074358,NIFTY IT
164.43,-2.28,165.5,164.55,21-Sep-2026 16:00:28,163.34,N,-1.37,1526245015.05,EQ,WIPRO,9282035,NIFTY IT
1806.07,-27,1819.4,1814,21-Sep-2026 16:00:28,1791,N,-1.47,3490078565.12,EQ,COFORGE,1932416,NIFTY IT
11161.44,-985,11787,10911,21-Sep-2026 16:00:28,10900,N,-8.28,6308903507.04,EQ,OFSS,565241,NIFTY IT
346.86,9.65,355,354,21-Sep-2026 16:00:28,339,N,2.80,1589118625.26,EQ,PFOCUS,4581441,NIFTY MEDIA
1345.17,27.3,1357.8,1352,21-Sep-2026 16:00:28,1322.6,N,2.06,619454820.51,EQ,PVRINOX,460503,NIFTY MEDIA
454.63,5.3,460.75,457,21-Sep-2026 16:00:28,447.2,N,1.17,157365173.57,EQ,SUNTV,346139,NIFTY MEDIA
661.01,-1.2,665,656.5,21-Sep-2026 16:00:28,653.95,N,-0.18,128520835.31,EQ,TIPSMUSIC,194431,NIFTY MEDIA
9.98,-0.02,10.03,9.96,21-Sep-2026 16:00:28,9.94,N,-0.20,8839246.08,EQ,HATHWAY,885696,NIFTY MEDIA
369.15,-2.25,372.7,367.1,21-Sep-2026 16:00:28,366.2,N,-0.61,164103048.45,EQ,NAZARA,444543,NIFTY MEDIA
26.87,-0.22,27.32,26.78,21-Sep-2026 16:00:28,26.56,N,-0.81,74791167.15,EQ,NETWORK18,2783445,NIFTY MEDIA
182.82,-1.56,186.99,182.5,21-Sep-2026 16:00:28,181.52,N,-0.85,13653911.7,EQ,DBCORP,74685,NIFTY MEDIA
77.78,-1.12,79,77.5,21-Sep-2026 16:00:28,77.25,N,-1.42,740246027.06,EQ,ZEEL,9517177,NIFTY MEDIA
491.61,-12.4,502.5,487.5,21-Sep-2026 16:00:28,484.5,N,-2.48,95865916.44,EQ,SAREGAMA,195004,NIFTY MEDIA
2725.7,94.9,2797.6,2755,21-Sep-2026 16:00:28,2666.2,N,3.57,6936083338.6,EQ,WELCORP,2544698,NIFTY METAL
502,7.1,507,504.5,21-Sep-2026 16:00:28,497.2,N,1.43,2451684668,EQ,HINDCOPPER,4883834,NIFTY METAL
1138.33,11.1,1143.5,1130.6,21-Sep-2026 16:00:28,1127.1,N,0.99,806359960.43,EQ,JINDALSTEL,708371,NIFTY METAL
80.26,0.65,80.85,79.8,21-Sep-2026 16:00:28,79.8,N,0.82,683266462.38,EQ,NMDC,8513163,NIFTY METAL
353.61,2,357.4,352.5,21-Sep-2026 16:00:28,351.55,N,0.57,1047173935.41,EQ,NATIONALUM,2961381,NIFTY METAL
746.74,2.55,754.35,753.5,21-Sep-2026 16:00:28,739.5,N,0.34,773900427.28,EQ,JSL,1036372,NIFTY METAL
176.9,-0.03,179.8,177.3,21-Sep-2026 16:00:28,175.1,N,-0.02,1246126586.7,EQ,SAIL,7044243,NIFTY METAL
1825.44,-6.7,1839.8,1820,21-Sep-2026 16:00:28,1812.7,N,-0.37,418398149.76,EQ,LLOYDSME,229204,NIFTY METAL
981.66,-5.3,993.5,981.2,21-Sep-2026 16:00:28,976,N,-0.54,3286722350.82,EQ,HINDALCO,3348127,NIFTY METAL
1273.48,-7,1287,1268.6,21-Sep-2026 16:00:28,1268.6,N,-0.55,1200077886.28,EQ,JSWSTEEL,942361,NIFTY METAL
590.79,-4.2,595,591.8,21-Sep-2026 16:00:28,585.9,N,-0.70,2544211731.03,EQ,HINDZINC,4306457,NIFTY METAL
184.66,-2.14,186.87,183.4,21-Sep-2026 16:00:28,183.34,N,-1.15,1834360365.88,EQ,TATASTEEL,9933718,NIFTY METAL
2994.33,-45,3015.9,2975,21-Sep-2026 16:00:28,2973,N,-1.49,2343751920.9,EQ,ADANIENT,782730,NIFTY METAL
260.86,-7.1,264.5,260.5,21-Sep-2026 16:00:28,259,N,-2.65,1721687216.98,EQ,VEDL,6600043,NIFTY METAL
2195.19,-89,2229,2181.1,21-Sep-2026 16:00:28,2178.7,N,-3.92,1303988958.99,EQ,APLAPOLLO,594021,NIFTY METAL
2421.35,137.1,2452,2437.8,21-Sep-2026 16:00:28,2303,N,5.96,3251284661.95,EQ,MANKIND,1342757,NIFTY PHARMA
2183.33,100.9,2225,2187,21-Sep-2026 16:00:28,2090,N,4.84,3867293129.06,EQ,WOCKPHARMA,1771282,NIFTY PHARMA
2002.83,63.5,2023.5,2017.5,21-Sep-2026 16:00:28,1963.8,N,3.25,4346675855.61,EQ,LAURUSLABS,2170267,NIFTY PHARMA
213.19,5.84,216.7,214,21-Sep-2026 16:00:28,207.68,N,2.81,923274724.4,EQ,PPLPHARMA,4330760,NIFTY PHARMA
4956.26,130,4986.5,4970,21-Sep-2026 16:00:28,4848.5,N,2.69,1790419187.44,EQ,TORNTPHARM,361244,NIFTY PHARMA
393.62,10,396.15,395,21-Sep-2026 16:00:28,387.6,N,2.60,1195670346.12,EQ,BIOCON,3037626,NIFTY PHARMA
2114.61,41.5,2129,2124.5,21-Sep-2026 16:00:28,2080,N,1.99,907457391.57,EQ,LUPIN,429137,NIFTY PHARMA
1874.81,31.6,1891.5,1868.9,21-Sep-2026 16:00:28,1832.2,N,1.72,4751450970.84,EQ,SUNPHARMA,2534364,NIFTY PHARMA
1202.59,13.3,1211.9,1198.3,21-Sep-2026 16:00:28,1185,N,1.12,2067052580.06,EQ,DRREDDY,1718834,NIFTY PHARMA
9408.21,35.5,9461.5,9410.5,21-Sep-2026 16:00:28,9375.5,N,0.38,3578346816.03,EQ,DIVISLAB,380343,NIFTY PHARMA
1614.15,3.5,1631,1604,21-Sep-2026 16:00:28,1601,N,0.22,594570538.35,EQ,SAILIFE,368349,NIFTY PHARMA
2456.65,2.6,2473.6,2450,21-Sep-2026 16:00:28,2424,N,0.11,996653078.4,EQ,GLENMARK,405696,NIFTY PHARMA
1161.83,1,1173.5,1161,21-Sep-2026 16:00:28,1152.1,N,0.09,1004319545.07,EQ,ZYDUSLIFE,864429,NIFTY PHARMA
2014.76,-8.1,2033.9,2001.5,21-Sep-2026 16:00:28,2000.8,N,-0.40,349155893.24,EQ,IPCALAB,173299,NIFTY PHARMA
1391.58,-8.4,1405.2,1386.1,21-Sep-2026 16:00:28,1378.3,N,-0.60,1245646396.98,EQ,CIPLA,895131,NIFTY PHARMA
2965.31,-26.7,3008,2935.2,21-Sep-2026 16:00:28,2916.2,N,-0.90,827701049.68,EQ,GLAND,279128,NIFTY PHARMA
1722.07,-20.6,1738.9,1713.4,21-Sep-2026 16:00:28,1706.4,N,-1.19,1554145788.09,EQ,AUROPHARMA,902487,NIFTY PHARMA
3557.77,-42.4,3590,3521.2,21-Sep-2026 16:00:28,3521.2,N,-1.19,481298683.37,EQ,AJANTPHARM,135281,NIFTY PHARMA
27053.46,-455,27300,26815,21-Sep-2026 16:00:28,26815,N,-1.67,198978198.3,EQ,ABBOTINDIA,7355,NIFTY PHARMA
5375.25,-102.5,5411,5364,21-Sep-2026 16:00:28,5316.5,N,-1.88,510476742,EQ,ALKEM,94968,NIFTY PHARMA
177.73,1.53,178.87,178.09,21-Sep-2026 16:00:28,177.03,N,0.87,730629901.54,EQ,UNIONBANK,4110898,NIFTY PSU BANK
117.82,0.73,118.58,118,21-Sep-2026 16:00:28,116.64,N,0.62,1016129635.68,EQ,PNB,8624424,NIFTY PSU BANK
842.58,1.2,849.55,841,21-Sep-2026 16:00:28,838.4,N,0.14,305960177.34,EQ,INDIANB,363123,NIFTY PSU BANK
993.82,-0.2,997.5,996,21-Sep-2026 16:00:28,989.1,N,-0.02,3567867466.28,EQ,SBIN,3590054,NIFTY PSU BANK
123.47,-0.08,123.99,123.7,21-Sep-2026 16:00:28,122.95,N,-0.06,638537452,EQ,CANBK,5171600,NIFTY PSU BANK
23.7,-0.09,23.84,23.66,21-Sep-2026 16:00:28,23.51,N,-0.38,76512961.5,EQ,UCOBANK,3228395,NIFTY PSU BANK
32.08,-0.15,32.29,32.02,21-Sep-2026 16:00:28,32,N,-0.47,44605379.36,EQ,IOB,1390442,NIFTY PSU BANK
233.39,-1.3,234.51,233.64,21-Sep-2026 16:00:28,232.52,N,-0.55,1026381536.9,EQ,BANKBARODA,4397710,NIFTY PSU BANK
21.94,-0.16,22.2,21.94,21-Sep-2026 16:00:28,21.85,N,-0.72,12536099.14,EQ,PSB,571381,NIFTY PSU BANK
31.53,-0.28,31.73,31.45,21-Sep-2026 16:00:28,31.4,N,-0.88,133055055.03,EQ,CENTRALBK,4219951,NIFTY PSU BANK
138.52,-1.37,139.61,138.63,21-Sep-2026 16:00:28,138.2,N,-0.98,362491879.84,EQ,BANKINDIA,2616892,NIFTY PSU BANK
82.33,-1.34,83.7,82.2,21-Sep-2026 16:00:28,81.65,N,-1.60,650767852.39,EQ,MAHABANK,7904383,NIFTY PSU BANK
179.78,4,181.26,179,21-Sep-2026 16:00:28,175.63,N,2.29,2745447706.56,EQ,BANDHANBNK,15271152,NIFTY PVT BANK
23.15,0.45,23.28,23.17,21-Sep-2026 16:00:28,22.93,N,1.98,1221300427.7,EQ,YESBANK,52755958,NIFTY PVT BANK
739.06,8.5,742.65,739.5,21-Sep-2026 16:00:28,729.05,N,1.16,26223831697.98,EQ,HDFCBANK,35482683,NIFTY PVT BANK
417.72,2.3,420.6,414.8,21-Sep-2026 16:00:28,414.55,N,0.56,3538448056.92,EQ,KOTAKBANK,8470861,NIFTY PVT BANK
1344.51,6.1,1352,1345,21-Sep-2026 16:00:28,1340.4,N,0.46,7671233566.98,EQ,ICICIBANK,5705598,NIFTY PVT BANK
85.79,-0.12,86.55,85.8,21-Sep-2026 16:00:28,85.2,N,-0.14,1736305697.38,EQ,IDFCFIRSTB,20239022,NIFTY PVT BANK
331.31,-0.75,335.35,332,21-Sep-2026 16:00:28,328.8,N,-0.23,1370767957.58,EQ,FEDERALBNK,4137418,NIFTY PVT BANK
1248.59,-7,1254.3,1250,21-Sep-2026 16:00:28,1242,N,-0.56,4595164550.97,EQ,AXISBANK,3680283,NIFTY PVT BANK
961.03,-10.3,966,956,21-Sep-2026 16:00:28,956,N,-1.07,565185587.12,EQ,INDUSINDBK,588104,NIFTY PVT BANK
404.39,-13.5,409.9,402.4,21-Sep-2026 16:00:28,401.1,N,-3.25,895325930.24,EQ,RBLBANK,2214016,NIFTY PVT BANK
1926.54,51.1,1942,1929,21-Sep-2026 16:00:28,1899.9,N,2.72,664596577.26,EQ,PHOENIXLTD,344969,NIFTY REALTY
1465.81,38.9,1478,1474,21-Sep-2026 16:00:28,1442.2,N,2.71,432224860.51,EQ,PRESTIGE,294871,NIFTY REALTY
657.19,15.9,660.95,660.25,21-Sep-2026 16:00:28,644,N,2.47,2069061507.74,EQ,DLF,3148346,NIFTY REALTY
1801.66,36,1827.7,1821,21-Sep-2026 16:00:28,1754.3,N,2.02,1729939518.72,EQ,OBEROIRLTY,960192,NIFTY REALTY
1704.59,5.8,1720.9,1696.9,21-Sep-2026 16:00:28,1696,N,0.34,679839925.11,EQ,GODREJPROP,398829,NIFTY REALTY
1218.28,1.2,1228.8,1216.4,21-Sep-2026 16:00:28,1205,N,0.10,60558262.24,EQ,SOBHA,49708,NIFTY REALTY
1139.52,-6.7,1150.7,1138,21-Sep-2026 16:00:28,1127,N,-0.59,514778160,EQ,LODHA,451750,NIFTY REALTY
600.9,-10.15,611.7,596,21-Sep-2026 16:00:28,594,N,-1.67,389416249.5,EQ,ANANTRAJ,648055,NIFTY REALTY
1249.71,-27.2,1288.7,1239,21-Sep-2026 16:00:28,1233.2,N,-2.15,124273661.82,EQ,ABREL,99442,NIFTY REALTY
612.77,-14.7,630.15,607,21-Sep-2026 16:00:28,605.8,N,-2.36,125467721.35,EQ,BRIGADE,204755,NIFTY REALTY
2421.35,137.1,2452,2437.8,21-Sep-2026 16:00:28,2303,N,5.96,3251284661.95,EQ,MANKIND,1342757,NIFTY HEALTHCARE
377.17,13.65,387.05,382.7,21-Sep-2026 16:00:28,360.4,N,3.70,1366414493.36,EQ,SYNGENE,3622808,NIFTY HEALTHCARE
2002.83,63.5,2023.5,2017.5,21-Sep-2026 16:00:28,1963.8,N,3.25,4346675855.61,EQ,LAURUSLABS,2170267,NIFTY HEALTHCARE
213.19,5.84,216.7,214,21-Sep-2026 16:00:28,207.68,N,2.81,923274724.4,EQ,PPLPHARMA,4330760,NIFTY HEALTHCARE
4956.26,130,4986.5,4970,21-Sep-2026 16:00:28,4848.5,N,2.69,1790419187.44,EQ,TORNTPHARM,361244,NIFTY HEALTHCARE
393.62,10,396.15,395,21-Sep-2026 16:00:28,387.6,N,2.60,1195670346.12,EQ,BIOCON,3037626,NIFTY HEALTHCARE
2114.61,41.5,2129,2124.5,21-Sep-2026 16:00:28,2080,N,1.99,907457391.57,EQ,LUPIN,429137,NIFTY HEALTHCARE
1874.81,31.6,1891.5,1868.9,21-Sep-2026 16:00:28,1832.2,N,1.72,4751450970.84,EQ,SUNPHARMA,2534364,NIFTY HEALTHCARE
1061.52,17.3,1072.6,1066.6,21-Sep-2026 16:00:28,1050.6,N,1.65,1024636426.08,EQ,MAXHEALTH,965254,NIFTY HEALTHCARE
1202.59,13.3,1211.9,1198.3,21-Sep-2026 16:00:28,1185,N,1.12,2067052580.06,EQ,DRREDDY,1718834,NIFTY HEALTHCARE
900.67,7.5,906.5,893.5,21-Sep-2026 16:00:28,887.2,N,0.85,825378491.35,EQ,FORTIS,916405,NIFTY HEALTHCARE
9408.21,35.5,9461.5,9410.5,21-Sep-2026 16:00:28,9375.5,N,0.38,3578346816.03,EQ,DIVISLAB,380343,NIFTY HEALTHCARE
2456.65,2.6,2473.6,2450,21-Sep-2026 16:00:28,2424,N,0.11,996653078.4,EQ,GLENMARK,405696,NIFTY HEALTHCARE
1161.83,1,1173.5,1161,21-Sep-2026 16:00:28,1152.1,N,0.09,1004319545.07,EQ,ZYDUSLIFE,864429,NIFTY HEALTHCARE
8916.12,-32.5,8974.5,8912,21-Sep-2026 16:00:28,8826.5,N,-0.36,1866928534.56,EQ,APOLLOHOSP,209388,NIFTY HEALTHCARE
2014.76,-8.1,2033.9,2001.5,21-Sep-2026 16:00:28,2000.8,N,-0.40,349155893.24,EQ,IPCALAB,173299,NIFTY HEALTHCARE
1391.58,-8.4,1405.2,1386.1,21-Sep-2026 16:00:28,1378.3,N,-0.60,1245646396.98,EQ,CIPLA,895131,NIFTY HEALTHCARE
1722.07,-20.6,1738.9,1713.4,21-Sep-2026 16:00:28,1706.4,N,-1.19,1554145788.09,EQ,AUROPHARMA,902487,NIFTY HEALTHCARE
27053.46,-455,27300,26815,21-Sep-2026 16:00:28,26815,N,-1.67,198978198.3,EQ,ABBOTINDIA,7355,NIFTY HEALTHCARE
5375.25,-102.5,5411,5364,21-Sep-2026 16:00:28,5316.5,N,-1.88,510476742,EQ,ALKEM,94968,NIFTY HEALTHCARE
1146.49,31.2,1158.8,1142.1,21-Sep-2026 16:00:28,1125,N,2.81,1016938922.98,EQ,VOLTAS,887002,NIFTY CONSR DURBL
13297,355,13415,13350,21-Sep-2026 16:00:28,13125,N,2.73,2920167467,EQ,DIXON,219611,NIFTY CONSR DURBL
1565.71,33.2,1580,1565,21-Sep-2026 16:00:28,1535.5,N,2.17,977331839.1,EQ,BLUESTARCO,624210,NIFTY CONSR DURBL
4844.92,76.5,4880,4875,21-Sep-2026 16:00:28,4780,N,1.59,3222196409.64,EQ,TITAN,665067,NIFTY CONSR DURBL
534.25,7.4,538.9,536.55,21-Sep-2026 16:00:28,528.05,N,1.40,455874990.75,EQ,PGEL,853299,NIFTY CONSR DURBL
728.57,5.3,741,723,21-Sep-2026 16:00:28,720.05,N,0.74,230642676.33,EQ,WHIRLPOOL,316569,NIFTY CONSR DURBL
1199.31,3.7,1205.9,1200.4,21-Sep-2026 16:00:28,1190.1,N,0.31,115226106.87,EQ,KAJARIACER,96077,NIFTY CONSR DURBL
582.69,-0.35,588.95,581.5,21-Sep-2026 16:00:28,579.1,N,-0.06,2586939075.81,EQ,KALYANKJIL,4439649,NIFTY CONSR DURBL
7147.7,-27,7214.5,7098,21-Sep-2026 16:00:28,7090,N,-0.38,864249850.1,EQ,AMBER,120913,NIFTY CONSR DURBL
637.05,-3.15,643.2,635.15,21-Sep-2026 16:00:28,633.2,N,-0.49,62939902.95,EQ,BATAINDIA,98799,NIFTY CONSR DURBL
225.88,-2.07,226.69,225.05,21-Sep-2026 16:00:28,225.05,N,-0.91,336925544.44,EQ,CROMPTON,1491613,NIFTY CONSR DURBL
1658.7,-40.4,1693.9,1656.5,21-Sep-2026 16:00:28,1649,N,-2.38,1109630491.2,EQ,LGEINDIA,668976,NIFTY CONSR DURBL
1107.92,-29.3,1113.4,1103.1,21-Sep-2026 16:00:28,1100.5,N,-2.59,717656287.92,EQ,HAVELLS,647751,NIFTY CONSR DURBL
1463.42,54.4,1500.2,1469.8,21-Sep-2026 16:00:28,1416.4,N,3.84,2624270597.9,EQ,AEGISLOG,1793245,NIFTY OIL AND GAS
1240.86,21,1249.1,1247.4,21-Sep-2026 16:00:28,1232.5,N,1.71,12417556527.48,EQ,RELIANCE,10007218,NIFTY OIL AND GAS
234.58,2.83,236,235.63,21-Sep-2026 16:00:28,232.32,N,1.22,1434232441.52,EQ,ONGC,6114044,NIFTY OIL AND GAS
316.78,2.05,320.95,317,21-Sep-2026 16:00:28,309.2,N,0.65,907296883.94,EQ,AEGISVOPAK,2864123,NIFTY OIL AND GAS
479.79,2.65,482.3,478.35,21-Sep-2026 16:00:28,475,N,0.56,398248250.13,EQ,OIL,830047,NIFTY OIL AND GAS
148.81,0.37,149.42,148.93,21-Sep-2026 16:00:28,147.8,N,0.25,110128030.98,EQ,IGL,740058,NIFTY OIL AND GAS
136.88,-0.47,137.71,136.53,21-Sep-2026 16:00:28,136.34,N,-0.34,1179377927.6,EQ,IOC,8616145,NIFTY OIL AND GAS
357.31,-1.4,359.85,357.6,21-Sep-2026 16:00:28,355.5,N,-0.39,582392432.16,EQ,HINDPETRO,1629936,NIFTY OIL AND GAS
312.39,-1.25,315.95,312.75,21-Sep-2026 16:00:28,310.85,N,-0.40,985121240.22,EQ,BPCL,3153498,NIFTY OIL AND GAS
173.14,-1.29,174.38,172.61,21-Sep-2026 16:00:28,172.61,N,-0.74,646659374.02,EQ,GAIL,3734893,NIFTY OIL AND GAS
1077.89,-9.2,1083.9,1072.5,21-Sep-2026 16:00:28,1070.5,N,-0.85,70293518.46,EQ,MGL,65214,NIFTY OIL AND GAS
287.9,-5.1,289.65,287.5,21-Sep-2026 16:00:28,286.6,N,-1.74,323658907.4,EQ,PETRONET,1124206,NIFTY OIL AND GAS
194.93,-3.89,197.2,193.25,21-Sep-2026 16:00:28,193.15,N,-1.97,567438306.05,EQ,CASTROLIND,2910985,NIFTY OIL AND GAS
1386.39,-38.7,1435.1,1377.9,21-Sep-2026 16:00:28,1370,N,-2.73,1775739608.43,EQ,CHENNPETRO,1280837,NIFTY OIL AND GAS
638.88,-22.7,659.05,638,21-Sep-2026 16:00:28,629.15,N,-3.44,2445214173.6,EQ,ATGL,3827345,NIFTY OIL AND GAS
2421.35,137.1,2452,2437.8,21-Sep-2026 16:00:28,2303,N,5.96,3251284661.95,EQ,MANKIND,1342757,NIFTY MIDSML HLTH
2183.33,100.9,2225,2187,21-Sep-2026 16:00:28,2090,N,4.84,3867293129.06,EQ,WOCKPHARMA,1771282,NIFTY MIDSML HLTH
467.73,20,482.25,458,21-Sep-2026 16:00:28,435.55,N,4.57,4115364500.7,EQ,COHANCE,8798590,NIFTY MIDSML HLTH
377.17,13.65,387.05,382.7,21-Sep-2026 16:00:28,360.4,N,3.70,1366414493.36,EQ,SYNGENE,3622808,NIFTY MIDSML HLTH
2002.83,63.5,2023.5,2017.5,21-Sep-2026 16:00:28,1963.8,N,3.25,4346675855.61,EQ,LAURUSLABS,2170267,NIFTY MIDSML HLTH
213.19,5.84,216.7,214,21-Sep-2026 16:00:28,207.68,N,2.81,923274724.4,EQ,PPLPHARMA,4330760,NIFTY MIDSML HLTH
393.62,10,396.15,395,21-Sep-2026 16:00:28,387.6,N,2.60,1195670346.12,EQ,BIOCON,3037626,NIFTY MIDSML HLTH
2114.61,41.5,2129,2124.5,21-Sep-2026 16:00:28,2080,N,1.99,907457391.57,EQ,LUPIN,429137,NIFTY MIDSML HLTH
2858.91,31.2,2875.1,2870,21-Sep-2026 16:00:28,2835.7,N,1.10,62404287.48,EQ,GLAXO,21828,NIFTY MIDSML HLTH
900.67,7.5,906.5,893.5,21-Sep-2026 16:00:28,887.2,N,0.85,825378491.35,EQ,FORTIS,916405,NIFTY MIDSML HLTH
4028.71,31.6,4045,4034,21-Sep-2026 16:00:28,4000,N,0.79,67513122.18,EQ,PFIZER,16758,NIFTY MIDSML HLTH
1502.71,5.5,1527,1504.9,21-Sep-2026 16:00:28,1467.6,N,0.37,483701311.06,EQ,MEDANTA,321886,NIFTY MIDSML HLTH
1916.86,5.4,1935,1902.3,21-Sep-2026 16:00:28,1896.9,N,0.28,410798432.88,EQ,LALPATHLAB,214308,NIFTY MIDSML HLTH
1617.75,4.1,1643,1599,21-Sep-2026 16:00:28,1587,N,0.26,517508518.5,EQ,ONESOURCE,319894,NIFTY MIDSML HLTH
1614.15,3.5,1631,1604,21-Sep-2026 16:00:28,1601,N,0.22,594570538.35,EQ,SAILIFE,368349,NIFTY MIDSML HLTH
812.28,1.6,818.95,815,21-Sep-2026 16:00:28,806.05,N,0.20,366620141.16,EQ,NATCOPHARM,451347,NIFTY MIDSML HLTH
2456.65,2.6,2473.6,2450,21-Sep-2026 16:00:28,2424,N,0.11,996653078.4,EQ,GLENMARK,405696,NIFTY MIDSML HLTH
761.41,0.15,770.5,755.2,21-Sep-2026 16:00:28,753.2,N,0.02,464779130.79,EQ,ASTERDM,610419,NIFTY MIDSML HLTH
878.63,-1.8,890.3,873.7,21-Sep-2026 16:00:28,871,N,-0.21,524572862.05,EQ,GRANULES,597035,NIFTY MIDSML HLTH
2014.76,-8.1,2033.9,2001.5,21-Sep-2026 16:00:28,2000.8,N,-0.40,349155893.24,EQ,IPCALAB,173299,NIFTY MIDSML HLTH
3459.66,-15.3,3509.9,3425,21-Sep-2026 16:00:28,3399,N,-0.44,1133478026.82,EQ,ACUTAAS,327627,NIFTY MIDSML HLTH
22657.14,-150,23050,22690,21-Sep-2026 16:00:28,22505,N,-0.66,1227699788.04,EQ,NEULANDLAB,54186,NIFTY MIDSML HLTH
2965.31,-26.7,3008,2935.2,21-Sep-2026 16:00:28,2916.2,N,-0.90,827701049.68,EQ,GLAND,279128,NIFTY MIDSML HLTH
1705.24,-18,1728,1708,21-Sep-2026 16:00:28,1695.1,N,-1.04,122872773.44,EQ,POLYMED,72056,NIFTY MIDSML HLTH
1722.07,-20.6,1738.9,1713.4,21-Sep-2026 16:00:28,1706.4,N,-1.19,1554145788.09,EQ,AUROPHARMA,902487,NIFTY MIDSML HLTH
3557.77,-42.4,3590,3521.2,21-Sep-2026 16:00:28,3521.2,N,-1.19,481298683.37,EQ,AJANTPHARM,135281,NIFTY MIDSML HLTH
1910.03,-23.5,1932.9,1905,21-Sep-2026 16:00:28,1896,N,-1.22,150751027.78,EQ,NH,78926,NIFTY MIDSML HLTH
27053.46,-455,27300,26815,21-Sep-2026 16:00:28,26815,N,-1.67,198978198.3,EQ,ABBOTINDIA,7355,NIFTY MIDSML HLTH
5375.25,-102.5,5411,5364,21-Sep-2026 16:00:28,5316.5,N,-1.88,510476742,EQ,ALKEM,94968,NIFTY MIDSML HLTH
798.45,-20.3,818.95,789.55,21-Sep-2026 16:00:28,785,N,-2.51,360175205.85,EQ,KIMS,451093,NIFTY MIDSML HLTH
564.36,19.85,574.15,568,21-Sep-2026 16:00:28,543.65,N,3.62,2116198751.52,EQ,LICHSGFIN,3749732,NIFTY FINSEREXBNK
1504.04,51,1514.5,1509.1,21-Sep-2026 16:00:28,1459.9,N,3.50,2147689405.88,EQ,ICICIGI,1427947,NIFTY FINSEREXBNK
1782.6,50,1804.4,1793,21-Sep-2026 16:00:28,1745,N,2.87,1452672826.8,EQ,POLICYBZR,814918,NIFTY FINSEREXBNK
11381.46,192,11434,11409,21-Sep-2026 16:00:28,11227,N,1.71,616385729.22,EQ,BAJAJHLDNG,54157,NIFTY FINSEREXBNK
562.52,8.45,565.9,559.4,21-Sep-2026 16:00:28,551.65,N,1.53,1592769754.8,EQ,HDFCLIFE,2831490,NIFTY FINSEREXBNK
1763.63,25,1774.4,1756,21-Sep-2026 16:00:28,1734.3,N,1.44,1247478989.68,EQ,SBILIFE,707336,NIFTY FINSEREXBNK
1138.34,8,1154.6,1141.1,21-Sep-2026 16:00:28,1120.2,N,0.71,1315648976.74,EQ,PNBHOUSING,1155761,NIFTY FINSEREXBNK
346.21,2.2,348.05,344.75,21-Sep-2026 16:00:28,342.6,N,0.64,3176134694.52,EQ,PFC,9174012,NIFTY FINSEREXBNK
1581.09,10,1591.8,1569,21-Sep-2026 16:00:28,1545.7,N,0.64,844757413.92,EQ,MFSL,534288,NIFTY FINSEREXBNK
2438.99,15,2456.2,2440,21-Sep-2026 16:00:28,2412.4,N,0.62,1227385132.65,EQ,HDFCAMC,503235,NIFTY FINSEREXBNK
2849.64,13.1,2874.2,2854.2,21-Sep-2026 16:00:28,2814,N,0.46,1236435998.88,EQ,MUTHOOTFIN,433892,NIFTY FINSEREXBNK
496.24,1,500,493,21-Sep-2026 16:00:28,491.05,N,0.20,494855986.64,EQ,ICICIPRULI,997211,NIFTY FINSEREXBNK
1012.56,1.8,1019,1011.8,21-Sep-2026 16:00:28,1005.3,N,0.18,2217025434,EQ,SHRIRAMFIN,2189525,NIFTY FINSEREXBNK
230.84,0.08,231.75,229.97,21-Sep-2026 16:00:28,229.55,N,0.03,1353353516.56,EQ,JIOFIN,5862734,NIFTY FINSEREXBNK
1074.12,-0.4,1085.9,1072.7,21-Sep-2026 16:00:28,1062.8,N,-0.04,616490099.88,EQ,360ONE,573949,NIFTY FINSEREXBNK
1857.22,-2.7,1864,1849.8,21-Sep-2026 16:00:28,1849.2,N,-0.15,501373253.98,EQ,BAJAJFINSV,269959,NIFTY FINSEREXBNK
311.66,-1.8,313.45,310.2,21-Sep-2026 16:00:28,310.2,N,-0.58,1050933726.32,EQ,RECLTD,3372052,NIFTY FINSEREXBNK
708.02,-4.2,716.15,703.85,21-Sep-2026 16:00:28,703.25,N,-0.59,439609618,EQ,CAMS,620900,NIFTY FINSEREXBNK
297.51,-2.95,302,296.15,21-Sep-2026 16:00:28,295.2,N,-0.99,850319281.2,EQ,ANGELONE,2858120,NIFTY FINSEREXBNK
3210.96,-51,3268,3209,21-Sep-2026 16:00:28,3155.5,N,-1.56,4068803284.56,EQ,MCX,1267161,NIFTY FINSEREXBNK
80.64,-1.28,81.7,80.22,21-Sep-2026 16:00:28,80.16,N,-1.57,420413333.76,EQ,IRFC,5213459,NIFTY FINSEREXBNK
308.53,-5,311.25,307.8,21-Sep-2026 16:00:28,306.3,N,-1.60,807657492.8,EQ,LTF,2617760,NIFTY FINSEREXBNK
402.42,-6.65,405.45,403.4,21-Sep-2026 16:00:28,400.95,N,-1.62,640615214.94,EQ,ABCAPITAL,1591907,NIFTY FINSEREXBNK
1027.5,-19,1037.7,1021.3,21-Sep-2026 16:00:28,1021.3,N,-1.83,4285248345,EQ,BAJFINANCE,4170558,NIFTY FINSEREXBNK
399.34,-7.7,402.2,400,21-Sep-2026 16:00:28,396.05,N,-1.89,2947809675.36,EQ,LICI,7381704,NIFTY FINSEREXBNK
1779,-36,1806,1764,21-Sep-2026 16:00:28,1763.5,N,-2.00,1641942282,EQ,CHOLAFIN,922958,NIFTY FINSEREXBNK
1365.7,-29,1394.4,1361,21-Sep-2026 16:00:28,1353.3,N,-2.09,1145661147.4,EQ,CDSL,838882,NIFTY FINSEREXBNK
1813.98,-39.9,1829.3,1810,21-Sep-2026 16:00:28,1792,N,-2.16,9164711292.66,EQ,PAYTM,5052267,NIFTY FINSEREXBNK
639.4,-14.15,643.65,637,21-Sep-2026 16:00:28,636.2,N,-2.17,607458773,EQ,SBICARD,950045,NIFTY FINSEREXBNK
3158.65,-105.4,3258,3161,21-Sep-2026 16:00:28,3085.1,N,-3.23,21285911768.55,EQ,BSE,6738927,NIFTY FINSEREXBNK
564.36,19.85,574.15,568,21-Sep-2026 16:00:28,543.65,N,3.62,2116198751.52,EQ,LICHSGFIN,3749732,NIFTY MS FIN SERV
1504.04,51,1514.5,1509.1,21-Sep-2026 16:00:28,1459.9,N,3.50,2147689405.88,EQ,ICICIGI,1427947,NIFTY MS FIN SERV
1782.6,50,1804.4,1793,21-Sep-2026 16:00:28,1745,N,2.87,1452672826.8,EQ,POLICYBZR,814918,NIFTY MS FIN SERV
179.78,4,181.26,179,21-Sep-2026 16:00:28,175.63,N,2.29,2745447706.56,EQ,BANDHANBNK,15271152,NIFTY MS FIN SERV
23.15,0.45,23.28,23.17,21-Sep-2026 16:00:28,22.93,N,1.98,1221300427.7,EQ,YESBANK,52755958,NIFTY MS FIN SERV
1138.34,8,1154.6,1141.1,21-Sep-2026 16:00:28,1120.2,N,0.71,1315648976.74,EQ,PNBHOUSING,1155761,NIFTY MS FIN SERV
1581.09,10,1591.8,1569,21-Sep-2026 16:00:28,1545.7,N,0.64,844757413.92,EQ,MFSL,534288,NIFTY MS FIN SERV
496.24,1,500,493,21-Sep-2026 16:00:28,491.05,N,0.20,494855986.64,EQ,ICICIPRULI,997211,NIFTY MS FIN SERV
842.58,1.2,849.55,841,21-Sep-2026 16:00:28,838.4,N,0.14,305960177.34,EQ,INDIANB,363123,NIFTY MS FIN SERV
1074.12,-0.4,1085.9,1072.7,21-Sep-2026 16:00:28,1062.8,N,-0.04,616490099.88,EQ,360ONE,573949,NIFTY MS FIN SERV
85.79,-0.12,86.55,85.8,21-Sep-2026 16:00:28,85.2,N,-0.14,1736305697.38,EQ,IDFCFIRSTB,20239022,NIFTY MS FIN SERV
331.31,-0.75,335.35,332,21-Sep-2026 16:00:28,328.8,N,-0.23,1370767957.58,EQ,FEDERALBNK,4137418,NIFTY MS FIN SERV
708.02,-4.2,716.15,703.85,21-Sep-2026 16:00:28,703.25,N,-0.59,439609618,EQ,CAMS,620900,NIFTY MS FIN SERV
174.29,-1.52,177,173.4,21-Sep-2026 16:00:28,173,N,-0.87,190654088.1,EQ,HUDCO,1093890,NIFTY MS FIN SERV
138.52,-1.37,139.61,138.63,21-Sep-2026 16:00:28,138.2,N,-0.98,362491879.84,EQ,BANKINDIA,2616892,NIFTY MS FIN SERV
297.51,-2.95,302,296.15,21-Sep-2026 16:00:28,295.2,N,-0.99,850319281.2,EQ,ANGELONE,2858120,NIFTY MS FIN SERV
961.03,-10.3,966,956,21-Sep-2026 16:00:28,956,N,-1.07,565185587.12,EQ,INDUSINDBK,588104,NIFTY MS FIN SERV
316.25,-4.05,320,315.1,21-Sep-2026 16:00:28,313.8,N,-1.27,844300847.5,EQ,MANAPPURAM,2669726,NIFTY MS FIN SERV
114.33,-1.64,115.56,113.82,21-Sep-2026 16:00:28,113.7,N,-1.42,207270000.3,EQ,IEX,1812910,NIFTY MS FIN SERV
3210.96,-51,3268,3209,21-Sep-2026 16:00:28,3155.5,N,-1.56,4068803284.56,EQ,MCX,1267161,NIFTY MS FIN SERV
308.53,-5,311.25,307.8,21-Sep-2026 16:00:28,306.3,N,-1.60,807657492.8,EQ,LTF,2617760,NIFTY MS FIN SERV
402.42,-6.65,405.45,403.4,21-Sep-2026 16:00:28,400.95,N,-1.62,640615214.94,EQ,ABCAPITAL,1591907,NIFTY MS FIN SERV
399.34,-7.7,402.2,400,21-Sep-2026 16:00:28,396.05,N,-1.89,2947809675.36,EQ,LICI,7381704,NIFTY MS FIN SERV
1041.91,-20.6,1046.8,1038,21-Sep-2026 16:00:28,1037.2,N,-1.95,733906817.26,EQ,AUBANK,704386,NIFTY MS FIN SERV
1365.7,-29,1394.4,1361,21-Sep-2026 16:00:28,1353.3,N,-2.09,1145661147.4,EQ,CDSL,838882,NIFTY MS FIN SERV
1813.98,-39.9,1829.3,1810,21-Sep-2026 16:00:28,1792,N,-2.16,9164711292.66,EQ,PAYTM,5052267,NIFTY MS FIN SERV
639.4,-14.15,643.65,637,21-Sep-2026 16:00:28,636.2,N,-2.17,607458773,EQ,SBICARD,950045,NIFTY MS FIN SERV
3158.65,-105.4,3258,3161,21-Sep-2026 16:00:28,3085.1,N,-3.23,21285911768.55,EQ,BSE,6738927,NIFTY MS FIN SERV
404.39,-13.5,409.9,402.4,21-Sep-2026 16:00:28,401.1,N,-3.25,895325930.24,EQ,RBLBANK,2214016,NIFTY MS FIN SERV
902.42,-33.3,917.85,896.7,21-Sep-2026 16:00:28,892.2,N,-3.58,529262110.64,EQ,KFINTECH,586492,NIFTY MS FIN SERV
655.89,12.55,668,660,21-Sep-2026 16:00:28,642.7,N,1.94,145328170.86,EQ,INTELLECT,221574,NIFTY MS IT TELCM
276.2,4.1,279.05,278.1,21-Sep-2026 16:00:28,272.4,N,1.50,150396700.2,EQ,SONATSOFTW,544521,NIFTY MS IT TELCM
532.56,4.8,538.1,536.8,21-Sep-2026 16:00:28,526.95,N,0.90,1184187634.56,EQ,KPITTECH,2223576,NIFTY MS IT TELCM
46.28,0.29,46.7,45.95,21-Sep-2026 16:00:28,45.7,N,0.64,1046628308.96,EQ,SAGILITY,22615132,NIFTY MS IT TELCM
3286.8,20.3,3318,3287,21-Sep-2026 16:00:28,3266.7,N,0.62,1107421524,EQ,TATAELXSI,336930,NIFTY MS IT TELCM
5426.95,33,5458,5449,21-Sep-2026 16:00:28,5380.5,N,0.61,1913444884.9,EQ,PERSISTENT,352582,NIFTY MS IT TELCM
377.9,1.75,380.7,377.65,21-Sep-2026 16:00:28,374.25,N,0.47,640667096.5,EQ,INDUSTOWER,1695335,NIFTY MS IT TELCM
434.04,0.5,437.95,436.95,21-Sep-2026 16:00:28,431.6,N,0.11,396845376.24,EQ,ZENSARTECH,914306,NIFTY MS IT TELCM
720.18,0.55,730.6,723,21-Sep-2026 16:00:28,706.85,N,0.08,745298438.04,EQ,TATATECH,1034878,NIFTY MS IT TELCM
2288.76,-4.2,2313.7,2296.2,21-Sep-2026 16:00:28,2257.1,N,-0.18,472656405.12,EQ,MPHASIS,206512,NIFTY MS IT TELCM
214.02,-0.71,216.99,215,21-Sep-2026 16:00:28,209.1,N,-0.33,838822711.32,BE,HFCL,3919366,NIFTY MS IT TELCM
13.96,-0.08,14.14,13.84,21-Sep-2026 16:00:28,13.82,N,-0.57,4168914111.36,EQ,IDEA,298632816,NIFTY MS IT TELCM
1594.31,-13.5,1617.9,1590,21-Sep-2026 16:00:28,1566.2,N,-0.84,212926477.74,EQ,AFFLE,133554,NIFTY MS IT TELCM
1530.03,-15.1,1546.4,1525,21-Sep-2026 16:00:28,1512.1,N,-0.98,154575870.84,EQ,BHARTIHEXA,101028,NIFTY MS IT TELCM
3310.07,-44.5,3348.2,3303,21-Sep-2026 16:00:28,3294.2,N,-1.33,146351434.98,EQ,LTTS,44214,NIFTY MS IT TELCM
1806.07,-27,1819.4,1814,21-Sep-2026 16:00:28,1791,N,-1.47,3490078565.12,EQ,COFORGE,1932416,NIFTY MS IT TELCM
1067.66,-18.2,1086.1,1055.1,21-Sep-2026 16:00:28,1055.1,N,-1.70,167118684.48,EQ,CYIENT,156528,NIFTY MS IT TELCM
515.49,-9.55,524.5,515,21-Sep-2026 16:00:28,512.1,N,-1.82,78062712.66,EQ,HEXT,151434,NIFTY MS IT TELCM
1750.09,-54.3,1789.6,1725.8,21-Sep-2026 16:00:28,1725,N,-3.05,193897721.37,EQ,TATACOMM,110793,NIFTY MS IT TELCM
11161.44,-985,11787,10911,21-Sep-2026 16:00:28,10900,N,-8.28,6308903507.04,EQ,OFSS,565241,NIFTY MS IT TELCM
19143.17,710,19370,19265,21-Sep-2026 16:00:28,18730,N,3.83,4125199989.64,EQ,SOLARINDS,215492,NIFTY CHEMICALS
347.49,7.85,354.5,344.55,21-Sep-2026 16:00:28,336,N,2.33,1159574477.49,EQ,PCBL,3337001,NIFTY CHEMICALS
300.71,6.45,306.7,301.4,21-Sep-2026 16:00:28,291.2,N,2.19,446300851.47,EQ,SWANCORP,1484157,NIFTY CHEMICALS
1366.61,25.3,1383.1,1368.5,21-Sep-2026 16:00:28,1338.6,N,1.88,276686593.82,EQ,DEEPAKFERT,202462,NIFTY CHEMICALS
493.2,6.9,502,498.05,21-Sep-2026 16:00:28,481.05,N,1.40,397167055.2,EQ,AARTIIND,805286,NIFTY CHEMICALS
2552.57,28,2563,2540,21-Sep-2026 16:00:28,2530.9,N,1.11,263685586.14,EQ,SRF,103302,NIFTY CHEMICALS
6253.75,53.5,6296,6295,21-Sep-2026 16:00:28,6206.5,N,0.86,84938432.5,EQ,LINDEINDIA,13582,NIFTY CHEMICALS
416.76,2.8,420,417.7,21-Sep-2026 16:00:28,413.25,N,0.67,207697763.88,EQ,CHAMBLFERT,498363,NIFTY CHEMICALS
690.61,1.25,698.5,694.5,21-Sep-2026 16:00:28,668.6,N,0.18,2246666208.82,EQ,TATACHEM,3253162,NIFTY CHEMICALS
1581.77,1.1,1598,1573.2,21-Sep-2026 16:00:28,1573.2,N,0.07,380325524.11,EQ,PIDILITIND,240443,NIFTY CHEMICALS
1582.49,0.7,1602,1587,21-Sep-2026 16:00:28,1570.1,N,0.04,280583389.45,EQ,DEEPAKNTR,177305,NIFTY CHEMICALS
684.94,-1.3,692.8,674.05,21-Sep-2026 16:00:28,672.1,N,-0.19,2028752553.48,EQ,HSCL,2961942,NIFTY CHEMICALS
4559.4,-26.7,4610,4560,21-Sep-2026 16:00:28,4512.2,N,-0.58,672224257.8,EQ,FLUOROCHEM,147437,NIFTY CHEMICALS
3754.7,-28.3,3793.1,3751.2,21-Sep-2026 16:00:28,3725,N,-0.75,243646237.7,EQ,BAYERCROP,64891,NIFTY CHEMICALS
6104.51,-81.5,6150,6089,21-Sep-2026 16:00:28,6058.5,N,-1.32,118641151.85,EQ,ATUL,19435,NIFTY CHEMICALS
8479.25,-120,8594,8470,21-Sep-2026 16:00:28,8405,N,-1.40,841480770,EQ,NAVINFLUOR,99240,NIFTY CHEMICALS
2330.42,-45,2342.7,2321.8,21-Sep-2026 16:00:28,2315.7,N,-1.90,160235018.36,EQ,PIIND,68758,NIFTY CHEMICALS
458.24,-9.7,464.5,451.15,21-Sep-2026 16:00:28,450.6,N,-2.10,269246243.84,EQ,SUMICHEM,587566,NIFTY CHEMICALS
1946.54,-59.4,1990,1940.1,21-Sep-2026 16:00:28,1936.1,N,-2.97,171032737.1,EQ,COROMANDEL,87865,NIFTY CHEMICALS
563.48,-20.1,569.2,559.9,21-Sep-2026 16:00:28,559.9,N,-3.47,1516423852.48,EQ,UPL,2691176,NIFTY CHEMICALS
1926.54,51.1,1942,1929,21-Sep-2026 16:00:28,1899.9,N,2.72,664596577.26,EQ,PHOENIXLTD,344969,NIFTY REITS REALTY
1465.81,38.9,1478,1474,21-Sep-2026 16:00:28,1442.2,N,2.71,432224860.51,EQ,PRESTIGE,294871,NIFTY REITS REALTY
657.19,15.9,660.95,660.25,21-Sep-2026 16:00:28,644,N,2.47,2069061507.74,EQ,DLF,3148346,NIFTY REITS REALTY
1801.66,36,1827.7,1821,21-Sep-2026 16:00:28,1754.3,N,2.02,1729939518.72,EQ,OBEROIRLTY,960192,NIFTY REITS REALTY
1704.59,5.8,1720.9,1696.9,21-Sep-2026 16:00:28,1696,N,0.34,679839925.11,EQ,GODREJPROP,398829,NIFTY REITS REALTY
1218.28,1.2,1228.8,1216.4,21-Sep-2026 16:00:28,1205,N,0.10,60558262.24,EQ,SOBHA,49708,NIFTY REITS REALTY
339.29,0.17,340.8,338.74,21-Sep-2026 16:00:28,338.61,N,0.05,149682194.27,RR,BIRET,441163,NIFTY REITS REALTY
113.65,0.04,113.99,113.65,21-Sep-2026 16:00:28,113.43,N,0.04,105497544.55,RR,KRT,928267,NIFTY REITS REALTY
505.36,-0.58,512,505,21-Sep-2026 16:00:28,501.6,N,-0.11,129214993.04,RR,MINDSPACE,255689,NIFTY REITS REALTY
166.72,-0.45,167.97,165.9,21-Sep-2026 16:00:28,165.9,N,-0.27,79640143.36,RR,NXST,477688,NIFTY REITS REALTY
1139.52,-6.7,1150.7,1138,21-Sep-2026 16:00:28,1127,N,-0.59,514778160,EQ,LODHA,451750,NIFTY REITS REALTY
438.95,-2.87,440.55,438.2,21-Sep-2026 16:00:28,438.1,N,-0.65,219164223.4,RR,EMBASSY,499292,NIFTY REITS REALTY
600.9,-10.15,611.7,596,21-Sep-2026 16:00:28,594,N,-1.67,389416249.5,EQ,ANANTRAJ,648055,NIFTY REITS REALTY
1249.71,-27.2,1288.7,1239,21-Sep-2026 16:00:28,1233.2,N,-2.15,124273661.82,EQ,ABREL,99442,NIFTY REITS REALTY
612.77,-14.7,630.15,607,21-Sep-2026 16:00:28,605.8,N,-2.36,125467721.35,EQ,BRIGADE,204755,NIFTY REITS REALTY
885.44,15.25,898,885,21-Sep-2026 16:00:28,874.3,N,1.75,330323131.84,EQ,RAMCOCEM,373061,NIFTY CEMENT
11081.84,86,11146,11100,21-Sep-2026 16:00:28,10983,N,0.78,1686999585.04,EQ,ULTRACEMCO,152231,NIFTY CEMENT
5068.33,35.5,5108,5100,21-Sep-2026 16:00:28,5001.5,N,0.70,113697846.89,EQ,JKCEMENT,22433,NIFTY CEMENT
392.94,2.45,395.95,390.75,21-Sep-2026 16:00:28,389.1,N,0.63,412046314.56,EQ,AMBUJACEM,1048624,NIFTY CEMENT
328.82,1.05,331.55,329.65,21-Sep-2026 16:00:28,324,N,0.32,38366717.6,EQ,NUVOCO,116680,NIFTY CEMENT
1773.65,3.5,1814.4,1764.9,21-Sep-2026 16:00:28,1757.1,N,0.20,219547717.95,EQ,DALBHARAT,123783,NIFTY CEMENT
344.05,0.7,347.3,345.5,21-Sep-2026 16:00:28,340,N,0.20,32465246.1,EQ,INDIACEM,94362,NIFTY CEMENT
829.2,0.4,840.3,824,21-Sep-2026 16:00:28,820.35,N,0.05,47018956.8,EQ,BIRLACORPN,56704,NIFTY CEMENT
116.71,-0.05,117.8,117,21-Sep-2026 16:00:28,115.86,N,-0.04,39189350.64,EQ,PRSMJOHNSN,335784,NIFTY CEMENT
125,-0.25,126,124.3,21-Sep-2026 16:00:28,122.4,N,-0.20,143373250,EQ,ORIENTCEM,1146986,NIFTY CEMENT
22439.97,-50,22700,22550,21-Sep-2026 16:00:28,22355,N,-0.22,784164751.65,EQ,SHREECEM,34945,NIFTY CEMENT
1259.57,-4.7,1272,1255,21-Sep-2026 16:00:28,1251,N,-0.37,84149352.56,EQ,ACC,66808,NIFTY CEMENT
194.78,-1.25,196.42,193,21-Sep-2026 16:00:28,192.76,N,-0.64,25373795.82,EQ,STARCEMENT,130269,NIFTY CEMENT
117.58,-1.19,119.75,116.25,21-Sep-2026 16:00:28,115.9,N,-1.01,454260218.12,EQ,JSWCEMENT,3863414,NIFTY CEMENT
3187.05,-43.2,3217.3,3166,21-Sep-2026 16:00:28,3166,N,-1.35,595978350,EQ,GRASIM,187000,NIFTY CEMENT
520.42,-16.05,532.85,514.15,21-Sep-2026 16:00:28,514.15,N,-3.03,37431728.92,EQ,JKLAKSHMI,71926,NIFTY CEMENT
1240.86,21,1249.1,1247.4,21-Sep-2026 16:00:28,1232.5,N,1.71,12417556527.48,EQ,RELIANCE,10007218,NIFTY COMMODITIES
234.58,2.83,236,235.63,21-Sep-2026 16:00:28,232.32,N,1.22,1434232441.52,EQ,ONGC,6114044,NIFTY COMMODITIES
413.66,4.8,415.4,414.7,21-Sep-2026 16:00:28,410.45,N,1.17,1424224761.44,EQ,COALINDIA,3442984,NIFTY COMMODITIES
2552.57,28,2563,2540,21-Sep-2026 16:00:28,2530.9,N,1.11,263685586.14,EQ,SRF,103302,NIFTY COMMODITIES
1138.33,11.1,1143.5,1130.6,21-Sep-2026 16:00:28,1127.1,N,0.99,806359960.43,EQ,JINDALSTEL,708371,NIFTY COMMODITIES
327.03,2.75,328.75,326.4,21-Sep-2026 16:00:28,324.85,N,0.85,1667265000.06,EQ,NTPC,5098202,NIFTY COMMODITIES
80.26,0.65,80.85,79.8,21-Sep-2026 16:00:28,79.8,N,0.82,683266462.38,EQ,NMDC,8513163,NIFTY COMMODITIES
11081.84,86,11146,11100,21-Sep-2026 16:00:28,10983,N,0.78,1686999585.04,EQ,ULTRACEMCO,152231,NIFTY COMMODITIES
392.94,2.45,395.95,390.75,21-Sep-2026 16:00:28,389.1,N,0.63,412046314.56,EQ,AMBUJACEM,1048624,NIFTY COMMODITIES
479.79,2.65,482.3,478.35,21-Sep-2026 16:00:28,475,N,0.56,398248250.13,EQ,OIL,830047,NIFTY COMMODITIES
1263.09,6,1269.8,1264.8,21-Sep-2026 16:00:28,1250,N,0.48,153215343.18,EQ,TORNTPOWER,121302,NIFTY COMMODITIES
1581.77,1.1,1598,1573.2,21-Sep-2026 16:00:28,1573.2,N,0.07,380325524.11,EQ,PIDILITIND,240443,NIFTY COMMODITIES
207.67,-0.05,210.55,206.55,21-Sep-2026 16:00:28,205.38,N,-0.02,2387062191.99,EQ,ADANIPOWER,11494497,NIFTY COMMODITIES
22439.97,-50,22700,22550,21-Sep-2026 16:00:28,22355,N,-0.22,784164751.65,EQ,SHREECEM,34945,NIFTY COMMODITIES
136.88,-0.47,137.71,136.53,21-Sep-2026 16:00:28,136.34,N,-0.34,1179377927.6,EQ,IOC,8616145,NIFTY COMMODITIES
357.31,-1.4,359.85,357.6,21-Sep-2026 16:00:28,355.5,N,-0.39,582392432.16,EQ,HINDPETRO,1629936,NIFTY COMMODITIES
312.39,-1.25,315.95,312.75,21-Sep-2026 16:00:28,310.85,N,-0.40,985121240.22,EQ,BPCL,3153498,NIFTY COMMODITIES
981.66,-5.3,993.5,981.2,21-Sep-2026 16:00:28,976,N,-0.54,3286722350.82,EQ,HINDALCO,3348127,NIFTY COMMODITIES
1273.48,-7,1287,1268.6,21-Sep-2026 16:00:28,1268.6,N,-0.55,1200077886.28,EQ,JSWSTEEL,942361,NIFTY COMMODITIES
184.66,-2.14,186.87,183.4,21-Sep-2026 16:00:28,183.34,N,-1.15,1834360365.88,EQ,TATASTEEL,9933718,NIFTY COMMODITIES
3187.05,-43.2,3217.3,3166,21-Sep-2026 16:00:28,3166,N,-1.35,595978350,EQ,GRASIM,187000,NIFTY COMMODITIES
75.93,-1.15,76.69,75.8,21-Sep-2026 16:00:28,75.54,N,-1.49,790146714.36,EQ,NHPC,10406252,NIFTY COMMODITIES
516.85,-9,522.15,517,21-Sep-2026 16:00:28,514.55,N,-1.71,864596500.15,EQ,JSWENERGY,1672819,NIFTY COMMODITIES
2330.42,-45,2342.7,2321.8,21-Sep-2026 16:00:28,2315.7,N,-1.90,160235018.36,EQ,PIIND,68758,NIFTY COMMODITIES
366.85,-7.65,369.6,367.15,21-Sep-2026 16:00:28,365.65,N,-2.04,1054891115.3,EQ,TATAPOWER,2875538,NIFTY COMMODITIES
1313.86,-30.9,1332,1303.6,21-Sep-2026 16:00:28,1300.1,N,-2.32,846644814.7,EQ,ADANIGREEN,644395,NIFTY COMMODITIES
260.86,-7.1,264.5,260.5,21-Sep-2026 16:00:28,259,N,-2.65,1721687216.98,EQ,VEDL,6600043,NIFTY COMMODITIES
1410.11,-38.5,1432.4,1397.6,21-Sep-2026 16:00:28,1397.6,N,-2.68,2740775812.71,EQ,ADANIENSOL,1943661,NIFTY COMMODITIES
563.48,-20.1,569.2,559.9,21-Sep-2026 16:00:28,559.9,N,-3.47,1516423852.48,EQ,UPL,2691176,NIFTY COMMODITIES
2195.19,-89,2229,2181.1,21-Sep-2026 16:00:28,2178.7,N,-3.92,1303988958.99,EQ,APLAPOLLO,594021,NIFTY COMMODITIES
1286.52,45.2,1305.3,1296.4,21-Sep-2026 16:00:28,1251.4,N,3.61,2183889570.84,EQ,NAUKRI,1697517,NIFTY CONSUMPTION
333.01,9.05,336.5,335.9,21-Sep-2026 16:00:28,326.85,N,2.77,6751621901.32,EQ,ETERNAL,20274532,NIFTY CONSUMPTION
13297,355,13415,13350,21-Sep-2026 16:00:28,13125,N,2.73,2920167467,EQ,DIXON,219611,NIFTY CONSUMPTION
5394.32,133.5,5425,5419,21-Sep-2026 16:00:28,5308,N,2.53,1914983600,EQ,HEROMOTOCO,355000,NIFTY CONSUMPTION
657.19,15.9,660.95,660.25,21-Sep-2026 16:00:28,644,N,2.47,2069061507.74,EQ,DLF,3148346,NIFTY CONSUMPTION
1401.18,26,1411,1397,21-Sep-2026 16:00:28,1379.5,N,1.90,1084105576.62,EQ,UNITDSPR,773709,NIFTY CONSUMPTION
266.74,4.7,267.95,267,21-Sep-2026 16:00:28,263.55,N,1.79,2310711537.64,EQ,ITC,8662786,NIFTY CONSUMPTION
747.73,12.25,755,745,21-Sep-2026 16:00:28,741,N,1.67,2230971344.07,EQ,INDHOTEL,2983659,NIFTY CONSUMPTION
1061.52,17.3,1072.6,1066.6,21-Sep-2026 16:00:28,1050.6,N,1.65,1024636426.08,EQ,MAXHEALTH,965254,NIFTY CONSUMPTION
4844.92,76.5,4880,4875,21-Sep-2026 16:00:28,4780,N,1.59,3222196409.64,EQ,TITAN,665067,NIFTY CONSUMPTION
3780.63,50.5,3814.6,3800.4,21-Sep-2026 16:00:28,3732,N,1.35,2446090293.78,EQ,DMART,647006,NIFTY CONSUMPTION
1377.57,12.6,1390,1385,21-Sep-2026 16:00:28,1360,N,0.92,789445417.47,EQ,NESTLEIND,573071,NIFTY CONSUMPTION
1956.15,15,1966.6,1947,21-Sep-2026 16:00:28,1939,N,0.78,1691183614.05,EQ,HINDUNILVR,864547,NIFTY CONSUMPTION
428.2,3.05,431.15,425,21-Sep-2026 16:00:28,422,N,0.72,2115434747.2,EQ,VBL,4940296,NIFTY CONSUMPTION
5016.19,25,5030.5,5023,21-Sep-2026 16:00:28,4991.5,N,0.50,837081722.44,EQ,BRITANNIA,166876,NIFTY CONSUMPTION
1007.96,4.6,1015.5,1000.6,21-Sep-2026 16:00:28,997.2,N,0.46,693502686.96,EQ,TATACONSUM,688026,NIFTY CONSUMPTION
4965.54,21,5030.5,4941,21-Sep-2026 16:00:28,4925,N,0.43,2219685759.72,EQ,INDIGO,447018,NIFTY CONSUMPTION
12188.46,50,12229,12153,21-Sep-2026 16:00:28,12129,N,0.41,4133972166.66,EQ,MARUTI,339171,NIFTY CONSUMPTION
11485.26,46,11533,11460,21-Sep-2026 16:00:28,11450,N,0.40,1068508193.58,EQ,BAJAJ-AUTO,93033,NIFTY CONSUMPTION
3067.2,3.3,3088,3055.3,21-Sep-2026 16:00:28,3055.3,N,0.11,3241570320,EQ,M&M,1056850,NIFTY CONSUMPTION
207.67,-0.05,210.55,206.55,21-Sep-2026 16:00:28,205.38,N,-0.02,2387062191.99,EQ,ADANIPOWER,11494497,NIFTY CONSUMPTION
7518.21,-3.5,7569.5,7512.5,21-Sep-2026 16:00:28,7490,N,-0.05,1893476224.92,EQ,EICHERMOT,251852,NIFTY CONSUMPTION
2821.09,-8.5,2836.9,2815.5,21-Sep-2026 16:00:28,2801,N,-0.30,1672895085.64,EQ,TRENT,592996,NIFTY CONSUMPTION
8916.12,-32.5,8974.5,8912,21-Sep-2026 16:00:28,8826.5,N,-0.36,1866928534.56,EQ,APOLLOHOSP,209388,NIFTY CONSUMPTION
4179.05,-16.3,4208.1,4155,21-Sep-2026 16:00:28,4155,N,-0.39,765589422.85,EQ,TVSMOTOR,183197,NIFTY CONSUMPTION
2454.3,-11,2463.8,2440.3,21-Sep-2026 16:00:28,2440.3,N,-0.45,658113182.1,EQ,ASIANPAINT,268147,NIFTY CONSUMPTION
879.14,-12.5,891,867.5,21-Sep-2026 16:00:28,866.1,N,-1.42,857886790.5,EQ,GODREJCP,975825,NIFTY CONSUMPTION
366.85,-7.65,369.6,367.15,21-Sep-2026 16:00:28,365.65,N,-2.04,1054891115.3,EQ,TATAPOWER,2875538,NIFTY CONSUMPTION
1107.92,-29.3,1113.4,1103.1,21-Sep-2026 16:00:28,1100.5,N,-2.59,717656287.92,EQ,HAVELLS,647751,NIFTY CONSUMPTION
1833.39,-63.1,1854.8,1830.2,21-Sep-2026 16:00:28,1822,N,-3.33,17814280606.2,EQ,BHARTIARTL,9716580,NIFTY CONSUMPTION
396.86,5.2,399.15,398.5,21-Sep-2026 16:00:28,393.1,N,1.32,3871316914.48,EQ,BEL,9754868,NIFTY CPSE
234.58,2.83,236,235.63,21-Sep-2026 16:00:28,232.32,N,1.22,1434232441.52,EQ,ONGC,6114044,NIFTY CPSE
413.66,4.8,415.4,414.7,21-Sep-2026 16:00:28,410.45,N,1.17,1424224761.44,EQ,COALINDIA,3442984,NIFTY CPSE
83.38,0.75,84.07,83.15,21-Sep-2026 16:00:28,82.91,N,0.91,365763296.14,EQ,NBCC,4386703,NIFTY CPSE
327.03,2.75,328.75,326.4,21-Sep-2026 16:00:28,324.85,N,0.85,1667265000.06,EQ,NTPC,5098202,NIFTY CPSE
479.79,2.65,482.3,478.35,21-Sep-2026 16:00:28,475,N,0.56,398248250.13,EQ,OIL,830047,NIFTY CPSE
266.54,-1.45,268.95,267.35,21-Sep-2026 16:00:28,263.8,N,-0.54,318059783.14,EQ,NLCINDIA,1193291,NIFTY CPSE
1383.92,-13,1392.5,1385,21-Sep-2026 16:00:28,1363.1,N,-0.93,1086270638.16,EQ,COCHINSHIP,784923,NIFTY CPSE
63.8,-0.61,64.75,63.34,21-Sep-2026 16:00:28,63.2,N,-0.95,162866726,EQ,SJVN,2552770,NIFTY CPSE
75.93,-1.15,76.69,75.8,21-Sep-2026 16:00:28,75.54,N,-1.49,790146714.36,EQ,NHPC,10406252,NIFTY CPSE
267.88,-4.2,269.05,266.1,21-Sep-2026 16:00:28,266.1,N,-1.55,1857614395.76,EQ,POWERGRID,6934502,NIFTY CPSE
16.84,1.14,17.49,16.51,21-Sep-2026 16:00:28,16.05,N,7.42,9899552346.52,EQ,JPPOWER,587859403,NIFTY ENERGY
1463.42,54.4,1500.2,1469.8,21-Sep-2026 16:00:28,1416.4,N,3.84,2624270597.9,EQ,AEGISLOG,1793245,NIFTY ENERGY
90.4,2.75,91.45,91.3,21-Sep-2026 16:00:28,88.07,N,3.11,357505151.2,EQ,NTPCGREEN,3954703,NIFTY ENERGY
912.6,18,919.75,910,21-Sep-2026 16:00:28,903,N,2.02,2737530783,EQ,CGPOWER,2999705,NIFTY ENERGY
1240.86,21,1249.1,1247.4,21-Sep-2026 16:00:28,1232.5,N,1.71,12417556527.48,EQ,RELIANCE,10007218,NIFTY ENERGY
143.19,1.77,144.33,143.3,21-Sep-2026 16:00:28,141.12,N,1.25,197204131.8,EQ,CESC,1377220,NIFTY ENERGY
234.58,2.83,236,235.63,21-Sep-2026 16:00:28,232.32,N,1.22,1434232441.52,EQ,ONGC,6114044,NIFTY ENERGY
413.66,4.8,415.4,414.7,21-Sep-2026 16:00:28,410.45,N,1.17,1424224761.44,EQ,COALINDIA,3442984,NIFTY ENERGY
76.96,0.7,78,77.5,21-Sep-2026 16:00:28,75.52,N,0.91,869156302.56,EQ,INOXWIND,11293611,NIFTY ENERGY
327.03,2.75,328.75,326.4,21-Sep-2026 16:00:28,324.85,N,0.85,1667265000.06,EQ,NTPC,5098202,NIFTY ENERGY
479.79,2.65,482.3,478.35,21-Sep-2026 16:00:28,475,N,0.56,398248250.13,EQ,OIL,830047,NIFTY ENERGY
1263.09,6,1269.8,1264.8,21-Sep-2026 16:00:28,1250,N,0.48,153215343.18,EQ,TORNTPOWER,121302,NIFTY ENERGY
3555.27,16.7,3597.8,3568.6,21-Sep-2026 16:00:28,3492.3,N,0.47,506451766.77,EQ,THERMAX,142451,NIFTY ENERGY
43.37,0.2,43.63,43.34,21-Sep-2026 16:00:28,43.11,N,0.46,1127769322.91,EQ,SUZLON,26003443,NIFTY ENERGY
148.81,0.37,149.42,148.93,21-Sep-2026 16:00:28,147.8,N,0.25,110128030.98,EQ,IGL,740058,NIFTY ENERGY
7268.85,0.5,7330,7271,21-Sep-2026 16:00:28,7221,N,0.01,1173788435.7,EQ,ABB,161482,NIFTY ENERGY
207.67,-0.05,210.55,206.55,21-Sep-2026 16:00:28,205.38,N,-0.02,2387062191.99,EQ,ADANIPOWER,11494497,NIFTY ENERGY
21.33,-0.07,21.82,21.06,21-Sep-2026 16:00:28,20.95,N,-0.33,456474072.78,EQ,RPOWER,21400566,NIFTY ENERGY
136.88,-0.47,137.71,136.53,21-Sep-2026 16:00:28,136.34,N,-0.34,1179377927.6,EQ,IOC,8616145,NIFTY ENERGY
357.31,-1.4,359.85,357.6,21-Sep-2026 16:00:28,355.5,N,-0.39,582392432.16,EQ,HINDPETRO,1629936,NIFTY ENERGY
312.39,-1.25,315.95,312.75,21-Sep-2026 16:00:28,310.85,N,-0.40,985121240.22,EQ,BPCL,3153498,NIFTY ENERGY
4391.6,-18.9,4458.3,4366.1,21-Sep-2026 16:00:28,4366.1,N,-0.43,910923238.4,EQ,GVT&D,207424,NIFTY ENERGY
3217.72,-17,3264,3211,21-Sep-2026 16:00:28,3184,N,-0.53,661244677.72,EQ,ENRIN,205501,NIFTY ENERGY
266.54,-1.45,268.95,267.35,21-Sep-2026 16:00:28,263.8,N,-0.54,318059783.14,EQ,NLCINDIA,1193291,NIFTY ENERGY
3896.52,-26.9,3919,3887,21-Sep-2026 16:00:28,3851.5,N,-0.69,767388441.84,EQ,SIEMENS,196942,NIFTY ENERGY
173.14,-1.29,174.38,172.61,21-Sep-2026 16:00:28,172.61,N,-0.74,646659374.02,EQ,GAIL,3734893,NIFTY ENERGY
1077.89,-9.2,1083.9,1072.5,21-Sep-2026 16:00:28,1070.5,N,-0.85,70293518.46,EQ,MGL,65214,NIFTY ENERGY
63.8,-0.61,64.75,63.34,21-Sep-2026 16:00:28,63.2,N,-0.95,162866726,EQ,SJVN,2552770,NIFTY ENERGY
557.63,-6.3,566.9,556,21-Sep-2026 16:00:28,553.5,N,-1.12,105392070,EQ,NAVA,189000,NIFTY ENERGY
434.45,-6.5,438.3,433.4,21-Sep-2026 16:00:28,430.2,N,-1.48,2220818468.85,EQ,BHEL,5111793,NIFTY ENERGY
75.93,-1.15,76.69,75.8,21-Sep-2026 16:00:28,75.54,N,-1.49,790146714.36,EQ,NHPC,10406252,NIFTY ENERGY
267.88,-4.2,269.05,266.1,21-Sep-2026 16:00:28,266.1,N,-1.55,1857614395.76,EQ,POWERGRID,6934502,NIFTY ENERGY
516.85,-9,522.15,517,21-Sep-2026 16:00:28,514.55,N,-1.71,864596500.15,EQ,JSWENERGY,1672819,NIFTY ENERGY
287.9,-5.1,289.65,287.5,21-Sep-2026 16:00:28,286.6,N,-1.74,323658907.4,EQ,PETRONET,1124206,NIFTY ENERGY
194.93,-3.89,197.2,193.25,21-Sep-2026 16:00:28,193.15,N,-1.97,567438306.05,EQ,CASTROLIND,2910985,NIFTY ENERGY
366.85,-7.65,369.6,367.15,21-Sep-2026 16:00:28,365.65,N,-2.04,1054891115.3,EQ,TATAPOWER,2875538,NIFTY ENERGY
1313.86,-30.9,1332,1303.6,21-Sep-2026 16:00:28,1300.1,N,-2.32,846644814.7,EQ,ADANIGREEN,644395,NIFTY ENERGY
32026.44,-830,32595,31870,21-Sep-2026 16:00:28,31805,N,-2.54,2051901984.36,EQ,POWERINDIA,64069,NIFTY ENERGY
1410.11,-38.5,1432.4,1397.6,21-Sep-2026 16:00:28,1397.6,N,-2.68,2740775812.71,EQ,ADANIENSOL,1943661,NIFTY ENERGY
638.88,-22.7,659.05,638,21-Sep-2026 16:00:28,629.15,N,-3.44,2445214173.6,EQ,ATGL,3827345,NIFTY ENERGY
657.19,15.9,660.95,660.25,21-Sep-2026 16:00:28,644,N,2.47,2069061507.74,EQ,DLF,3148346,NIFTY INFRA
912.6,18,919.75,910,21-Sep-2026 16:00:28,903,N,2.02,2737530783,EQ,CGPOWER,2999705,NIFTY INFRA
1240.86,21,1249.1,1247.4,21-Sep-2026 16:00:28,1232.5,N,1.71,12417556527.48,EQ,RELIANCE,10007218,NIFTY INFRA
747.73,12.25,755,745,21-Sep-2026 16:00:28,741,N,1.67,2230971344.07,EQ,INDHOTEL,2983659,NIFTY INFRA
1061.52,17.3,1072.6,1066.6,21-Sep-2026 16:00:28,1050.6,N,1.65,1024636426.08,EQ,MAXHEALTH,965254,NIFTY INFRA
234.58,2.83,236,235.63,21-Sep-2026 16:00:28,232.32,N,1.22,1434232441.52,EQ,ONGC,6114044,NIFTY INFRA
327.03,2.75,328.75,326.4,21-Sep-2026 16:00:28,324.85,N,0.85,1667265000.06,EQ,NTPC,5098202,NIFTY INFRA
900.67,7.5,906.5,893.5,21-Sep-2026 16:00:28,887.2,N,0.85,825378491.35,EQ,FORTIS,916405,NIFTY INFRA
11081.84,86,11146,11100,21-Sep-2026 16:00:28,10983,N,0.78,1686999585.04,EQ,ULTRACEMCO,152231,NIFTY INFRA
392.94,2.45,395.95,390.75,21-Sep-2026 16:00:28,389.1,N,0.63,412046314.56,EQ,AMBUJACEM,1048624,NIFTY INFRA
3898.56,19.8,3908.7,3904.8,21-Sep-2026 16:00:28,3883,N,0.51,3693382685.76,EQ,LT,947371,NIFTY INFRA
377.9,1.75,380.7,377.65,21-Sep-2026 16:00:28,374.25,N,0.47,640667096.5,EQ,INDUSTOWER,1695335,NIFTY INFRA
43.37,0.2,43.63,43.34,21-Sep-2026 16:00:28,43.11,N,0.46,1127769322.91,EQ,SUZLON,26003443,NIFTY INFRA
4965.54,21,5030.5,4941,21-Sep-2026 16:00:28,4925,N,0.43,2219685759.72,EQ,INDIGO,447018,NIFTY INFRA
1963.83,6.8,1981.8,1968.9,21-Sep-2026 16:00:28,1942.2,N,0.35,1347081333.18,EQ,BHARATFORG,685946,NIFTY INFRA
162.48,0.34,163.88,162.91,21-Sep-2026 16:00:28,160.5,N,0.21,1180359032.16,EQ,MOTHERSON,7264642,NIFTY INFRA
22439.97,-50,22700,22550,21-Sep-2026 16:00:28,22355,N,-0.22,784164751.65,EQ,SHREECEM,34945,NIFTY INFRA
136.88,-0.47,137.71,136.53,21-Sep-2026 16:00:28,136.34,N,-0.34,1179377927.6,EQ,IOC,8616145,NIFTY INFRA
8916.12,-32.5,8974.5,8912,21-Sep-2026 16:00:28,8826.5,N,-0.36,1866928534.56,EQ,APOLLOHOSP,209388,NIFTY INFRA
357.31,-1.4,359.85,357.6,21-Sep-2026 16:00:28,355.5,N,-0.39,582392432.16,EQ,HINDPETRO,1629936,NIFTY INFRA
312.39,-1.25,315.95,312.75,21-Sep-2026 16:00:28,310.85,N,-0.40,985121240.22,EQ,BPCL,3153498,NIFTY INFRA
5078.83,-32.5,5135,5067,21-Sep-2026 16:00:28,5050,N,-0.64,1428649484.85,EQ,CUMMINSIND,281295,NIFTY INFRA
173.14,-1.29,174.38,172.61,21-Sep-2026 16:00:28,172.61,N,-0.74,646659374.02,EQ,GAIL,3734893,NIFTY INFRA
161.72,-1.25,163.19,161.75,21-Sep-2026 16:00:28,160.87,N,-0.77,1274898596.4,EQ,ASHOKLEY,7883370,NIFTY INFRA
3187.05,-43.2,3217.3,3166,21-Sep-2026 16:00:28,3166,N,-1.35,595978350,EQ,GRASIM,187000,NIFTY INFRA
267.88,-4.2,269.05,266.1,21-Sep-2026 16:00:28,266.1,N,-1.55,1857614395.76,EQ,POWERGRID,6934502,NIFTY INFRA
1784.81,-36.9,1796.8,1787.1,21-Sep-2026 16:00:28,1766.7,N,-2.02,4136871883.82,EQ,ADANIPORTS,2317822,NIFTY INFRA
366.85,-7.65,369.6,367.15,21-Sep-2026 16:00:28,365.65,N,-2.04,1054891115.3,EQ,TATAPOWER,2875538,NIFTY INFRA
1313.86,-30.9,1332,1303.6,21-Sep-2026 16:00:28,1300.1,N,-2.32,846644814.7,EQ,ADANIGREEN,644395,NIFTY INFRA
1833.39,-63.1,1854.8,1830.2,21-Sep-2026 16:00:28,1822,N,-3.33,17814280606.2,EQ,BHARTIARTL,9716580,NIFTY INFRA
467.73,20,482.25,458,21-Sep-2026 16:00:28,435.55,N,4.57,4115364500.7,EQ,COHANCE,8798590,NIFTY MNC
34647.51,675,34890,34770,21-Sep-2026 16:00:28,33855,N,1.98,153973534.44,EQ,3MINDIA,4444,NIFTY MNC
1401.18,26,1411,1397,21-Sep-2026 16:00:28,1379.5,N,1.90,1084105576.62,EQ,UNITDSPR,773709,NIFTY MNC
47871.34,565,48180,47565,21-Sep-2026 16:00:28,47460,N,1.20,759861779.82,EQ,BOSCHLTD,15873,NIFTY MNC
1377.57,12.6,1390,1385,21-Sep-2026 16:00:28,1360,N,0.92,789445417.47,EQ,NESTLEIND,573071,NIFTY MNC
2837.84,24.1,2859.3,2822.3,21-Sep-2026 16:00:28,2797.2,N,0.86,167750398.08,EQ,ESCORTS,59112,NIFTY MNC
6253.75,53.5,6296,6295,21-Sep-2026 16:00:28,6206.5,N,0.86,84938432.5,EQ,LINDEINDIA,13582,NIFTY MNC
1956.15,15,1966.6,1947,21-Sep-2026 16:00:28,1939,N,0.78,1691183614.05,EQ,HINDUNILVR,864547,NIFTY MNC
392.94,2.45,395.95,390.75,21-Sep-2026 16:00:28,389.1,N,0.63,412046314.56,EQ,AMBUJACEM,1048624,NIFTY MNC
5016.19,25,5030.5,5023,21-Sep-2026 16:00:28,4991.5,N,0.50,837081722.44,EQ,BRITANNIA,166876,NIFTY MNC
4594.44,22.5,4650,4600,21-Sep-2026 16:00:28,4540,N,0.49,352894341.96,EQ,CRISIL,76809,NIFTY MNC
12188.46,50,12229,12153,21-Sep-2026 16:00:28,12129,N,0.41,4133972166.66,EQ,MARUTI,339171,NIFTY MNC
3133.78,5.3,3161.8,3129.5,21-Sep-2026 16:00:28,3112.2,N,0.17,49231683.8,EQ,TIMKEN,15710,NIFTY MNC
7268.85,0.5,7330,7271,21-Sep-2026 16:00:28,7221,N,0.01,1173788435.7,EQ,ABB,161482,NIFTY MNC
3217.72,-17,3264,3211,21-Sep-2026 16:00:28,3184,N,-0.53,661244677.72,EQ,ENRIN,205501,NIFTY MNC
5078.83,-32.5,5135,5067,21-Sep-2026 16:00:28,5050,N,-0.64,1428649484.85,EQ,CUMMINSIND,281295,NIFTY MNC
3896.52,-26.9,3919,3887,21-Sep-2026 16:00:28,3851.5,N,-0.69,767388441.84,EQ,SIEMENS,196942,NIFTY MNC
1150.08,-8.3,1158,1146.7,21-Sep-2026 16:00:28,1135.1,N,-0.72,752767612.8,EQ,NAM-INDIA,654535,NIFTY MNC
161.72,-1.25,163.19,161.75,21-Sep-2026 16:00:28,160.87,N,-0.77,1274898596.4,EQ,ASHOKLEY,7883370,NIFTY MNC
2965.31,-26.7,3008,2935.2,21-Sep-2026 16:00:28,2916.2,N,-0.90,827701049.68,EQ,GLAND,279128,NIFTY MNC
1888.53,-25.8,1903,1892,21-Sep-2026 16:00:28,1879.4,N,-1.35,1360336486.95,EQ,COLPAL,720315,NIFTY MNC
27053.46,-455,27300,26815,21-Sep-2026 16:00:28,26815,N,-1.67,198978198.3,EQ,ABBOTINDIA,7355,NIFTY MNC
184.56,-3.61,187.05,183.37,21-Sep-2026 16:00:28,182.7,N,-1.93,290265263.52,EQ,AWL,1572742,NIFTY MNC
194.93,-3.89,197.2,193.25,21-Sep-2026 16:00:28,193.15,N,-1.97,567438306.05,EQ,CASTROLIND,2910985,NIFTY MNC
1233.35,-26.5,1260,1225,21-Sep-2026 16:00:28,1225,N,-2.12,126266672.95,EQ,UBL,102377,NIFTY MNC
32026.44,-830,32595,31870,21-Sep-2026 16:00:28,31805,N,-2.54,2051901984.36,EQ,POWERINDIA,64069,NIFTY MNC
4123.67,-111,4203,4106.6,21-Sep-2026 16:00:28,4081.1,N,-2.63,190249639.12,EQ,SCHAEFFLER,46136,NIFTY MNC
260.86,-7.1,264.5,260.5,21-Sep-2026 16:00:28,259,N,-2.65,1721687216.98,EQ,VEDL,6600043,NIFTY MNC
2154.17,-64.8,2178,2144,21-Sep-2026 16:00:28,2136.2,N,-2.93,817770323.74,EQ,HYUNDAI,379622,NIFTY MNC
11161.44,-985,11787,10911,21-Sep-2026 16:00:28,10900,N,-8.28,6308903507.04,EQ,OFSS,565241,NIFTY MNC
396.86,5.2,399.15,398.5,21-Sep-2026 16:00:28,393.1,N,1.32,3871316914.48,EQ,BEL,9754868,NIFTY PSE
234.58,2.83,236,235.63,21-Sep-2026 16:00:28,232.32,N,1.22,1434232441.52,EQ,ONGC,6114044,NIFTY PSE
413.66,4.8,415.4,414.7,21-Sep-2026 16:00:28,410.45,N,1.17,1424224761.44,EQ,COALINDIA,3442984,NIFTY PSE
327.03,2.75,328.75,326.4,21-Sep-2026 16:00:28,324.85,N,0.85,1667265000.06,EQ,NTPC,5098202,NIFTY PSE
80.26,0.65,80.85,79.8,21-Sep-2026 16:00:28,79.8,N,0.82,683266462.38,EQ,NMDC,8513163,NIFTY PSE
346.21,2.2,348.05,344.75,21-Sep-2026 16:00:28,342.6,N,0.64,3176134694.52,EQ,PFC,9174012,NIFTY PSE
479.79,2.65,482.3,478.35,21-Sep-2026 16:00:28,475,N,0.56,398248250.13,EQ,OIL,830047,NIFTY PSE
4853.79,25.7,4888.9,4826,21-Sep-2026 16:00:28,4825,N,0.54,3808138020.3,EQ,HAL,784570,NIFTY PSE
136.88,-0.47,137.71,136.53,21-Sep-2026 16:00:28,136.34,N,-0.34,1179377927.6,EQ,IOC,8616145,NIFTY PSE
357.31,-1.4,359.85,357.6,21-Sep-2026 16:00:28,355.5,N,-0.39,582392432.16,EQ,HINDPETRO,1629936,NIFTY PSE
312.39,-1.25,315.95,312.75,21-Sep-2026 16:00:28,310.85,N,-0.40,985121240.22,EQ,BPCL,3153498,NIFTY PSE
311.66,-1.8,313.45,310.2,21-Sep-2026 16:00:28,310.2,N,-0.58,1050933726.32,EQ,RECLTD,3372052,NIFTY PSE
173.14,-1.29,174.38,172.61,21-Sep-2026 16:00:28,172.61,N,-0.74,646659374.02,EQ,GAIL,3734893,NIFTY PSE
472.61,-5.75,479.85,471,21-Sep-2026 16:00:28,470,N,-1.21,249662849.04,EQ,IRCTC,528264,NIFTY PSE
434.45,-6.5,438.3,433.4,21-Sep-2026 16:00:28,430.2,N,-1.48,2220818468.85,EQ,BHEL,5111793,NIFTY PSE
75.93,-1.15,76.69,75.8,21-Sep-2026 16:00:28,75.54,N,-1.49,790146714.36,EQ,NHPC,10406252,NIFTY PSE
267.88,-4.2,269.05,266.1,21-Sep-2026 16:00:28,266.1,N,-1.55,1857614395.76,EQ,POWERGRID,6934502,NIFTY PSE
80.64,-1.28,81.7,80.22,21-Sep-2026 16:00:28,80.16,N,-1.57,420413333.76,EQ,IRFC,5213459,NIFTY PSE
211.31,-4.58,214.28,209.71,21-Sep-2026 16:00:28,209.35,N,-2.14,1386684473.13,EQ,RVNL,6562323,NIFTY PSE
492.28,-16.5,501.95,487.05,21-Sep-2026 16:00:28,487.05,N,-3.28,435839605.72,EQ,CONCOR,885349,NIFTY PSE
1286.52,45.2,1305.3,1296.4,21-Sep-2026 16:00:28,1251.4,N,3.61,2183889570.84,EQ,NAUKRI,1697517,NIFTY SERV SECTOR
333.01,9.05,336.5,335.9,21-Sep-2026 16:00:28,326.85,N,2.77,6751621901.32,EQ,ETERNAL,20274532,NIFTY SERV SECTOR
1274.23,31.7,1284.9,1281,21-Sep-2026 16:00:28,1237.3,N,2.54,3506561182.38,EQ,HCLTECH,2751906,NIFTY SERV SECTOR
1061.52,17.3,1072.6,1066.6,21-Sep-2026 16:00:28,1050.6,N,1.65,1024636426.08,EQ,MAXHEALTH,965254,NIFTY SERV SECTOR
562.52,8.45,565.9,559.4,21-Sep-2026 16:00:28,551.65,N,1.53,1592769754.8,EQ,HDFCLIFE,2831490,NIFTY SERV SECTOR
1763.63,25,1774.4,1756,21-Sep-2026 16:00:28,1734.3,N,1.44,1247478989.68,EQ,SBILIFE,707336,NIFTY SERV SECTOR
1551.58,21.4,1560.6,1558.5,21-Sep-2026 16:00:28,1525.1,N,1.39,1506140428.12,EQ,TECHM,970714,NIFTY SERV SECTOR
3780.63,50.5,3814.6,3800.4,21-Sep-2026 16:00:28,3732,N,1.35,2446090293.78,EQ,DMART,647006,NIFTY SERV SECTOR
739.06,8.5,742.65,739.5,21-Sep-2026 16:00:28,729.05,N,1.16,26223831697.98,EQ,HDFCBANK,35482683,NIFTY SERV SECTOR
2122.47,23.7,2145,2128.7,21-Sep-2026 16:00:28,2075.3,N,1.13,4947076423.17,EQ,TCS,2330811,NIFTY SERV SECTOR
327.03,2.75,328.75,326.4,21-Sep-2026 16:00:28,324.85,N,0.85,1667265000.06,EQ,NTPC,5098202,NIFTY SERV SECTOR
417.72,2.3,420.6,414.8,21-Sep-2026 16:00:28,414.55,N,0.56,3538448056.92,EQ,KOTAKBANK,8470861,NIFTY SERV SECTOR
1344.51,6.1,1352,1345,21-Sep-2026 16:00:28,1340.4,N,0.46,7671233566.98,EQ,ICICIBANK,5705598,NIFTY SERV SECTOR
4965.54,21,5030.5,4941,21-Sep-2026 16:00:28,4925,N,0.43,2219685759.72,EQ,INDIGO,447018,NIFTY SERV SECTOR
1012.56,1.8,1019,1011.8,21-Sep-2026 16:00:28,1005.3,N,0.18,2217025434,EQ,SHRIRAMFIN,2189525,NIFTY SERV SECTOR
230.84,0.08,231.75,229.97,21-Sep-2026 16:00:28,229.55,N,0.03,1353353516.56,EQ,JIOFIN,5862734,NIFTY SERV SECTOR
993.82,-0.2,997.5,996,21-Sep-2026 16:00:28,989.1,N,-0.02,3567867466.28,EQ,SBIN,3590054,NIFTY SERV SECTOR
1857.22,-2.7,1864,1849.8,21-Sep-2026 16:00:28,1849.2,N,-0.15,501373253.98,EQ,BAJAJFINSV,269959,NIFTY SERV SECTOR
8916.12,-32.5,8974.5,8912,21-Sep-2026 16:00:28,8826.5,N,-0.36,1866928534.56,EQ,APOLLOHOSP,209388,NIFTY SERV SECTOR
1248.59,-7,1254.3,1250,21-Sep-2026 16:00:28,1242,N,-0.56,4595164550.97,EQ,AXISBANK,3680283,NIFTY SERV SECTOR
173.14,-1.29,174.38,172.61,21-Sep-2026 16:00:28,172.61,N,-0.74,646659374.02,EQ,GAIL,3734893,NIFTY SERV SECTOR
961.03,-10.3,966,956,21-Sep-2026 16:00:28,956,N,-1.07,565185587.12,EQ,INDUSINDBK,588104,NIFTY SERV SECTOR
1037.03,-12.9,1044.5,1038.5,21-Sep-2026 16:00:28,1030.3,N,-1.23,6299291476.74,EQ,INFY,6074358,NIFTY SERV SECTOR
164.43,-2.28,165.5,164.55,21-Sep-2026 16:00:28,163.34,N,-1.37,1526245015.05,EQ,WIPRO,9282035,NIFTY SERV SECTOR
267.88,-4.2,269.05,266.1,21-Sep-2026 16:00:28,266.1,N,-1.55,1857614395.76,EQ,POWERGRID,6934502,NIFTY SERV SECTOR
1027.5,-19,1037.7,1021.3,21-Sep-2026 16:00:28,1021.3,N,-1.83,4285248345,EQ,BAJFINANCE,4170558,NIFTY SERV SECTOR
1784.81,-36.9,1796.8,1787.1,21-Sep-2026 16:00:28,1766.7,N,-2.02,4136871883.82,EQ,ADANIPORTS,2317822,NIFTY SERV SECTOR
366.85,-7.65,369.6,367.15,21-Sep-2026 16:00:28,365.65,N,-2.04,1054891115.3,EQ,TATAPOWER,2875538,NIFTY SERV SECTOR
3158.65,-105.4,3258,3161,21-Sep-2026 16:00:28,3085.1,N,-3.23,21285911768.55,EQ,BSE,6738927,NIFTY SERV SECTOR
1833.39,-63.1,1854.8,1830.2,21-Sep-2026 16:00:28,1822,N,-3.33,17814280606.2,EQ,BHARTIARTL,9716580,NIFTY SERV SECTOR
1286.52,45.2,1305.3,1296.4,21-Sep-2026 16:00:28,1251.4,N,3.61,2183889570.84,EQ,NAUKRI,1697517,NIFTY IND DIGITAL
1782.6,50,1804.4,1793,21-Sep-2026 16:00:28,1745,N,2.87,1452672826.8,EQ,POLICYBZR,814918,NIFTY IND DIGITAL
333.01,9.05,336.5,335.9,21-Sep-2026 16:00:28,326.85,N,2.77,6751621901.32,EQ,ETERNAL,20274532,NIFTY IND DIGITAL
1274.23,31.7,1284.9,1281,21-Sep-2026 16:00:28,1237.3,N,2.54,3506561182.38,EQ,HCLTECH,2751906,NIFTY IND DIGITAL
230.25,5.55,233.8,232.05,21-Sep-2026 16:00:28,224.01,N,2.45,463216489.5,EQ,BLS,2011798,NIFTY IND DIGITAL
219.11,5.06,221.2,219.5,21-Sep-2026 16:00:28,216,N,2.36,2397870820.35,EQ,MEESHO,10943685,NIFTY IND DIGITAL
171.64,3.59,174.25,172.7,21-Sep-2026 16:00:28,166.54,N,2.12,1113890391.6,EQ,URBANCO,6489690,NIFTY IND DIGITAL
655.89,12.55,668,660,21-Sep-2026 16:00:28,642.7,N,1.94,145328170.86,EQ,INTELLECT,221574,NIFTY IND DIGITAL
276.2,4.1,279.05,278.1,21-Sep-2026 16:00:28,272.4,N,1.50,150396700.2,EQ,SONATSOFTW,544521,NIFTY IND DIGITAL
1551.58,21.4,1560.6,1558.5,21-Sep-2026 16:00:28,1525.1,N,1.39,1506140428.12,EQ,TECHM,970714,NIFTY IND DIGITAL
282.25,3.8,284.9,284.2,21-Sep-2026 16:00:28,278,N,1.36,223379424,EQ,BSOFT,791424,NIFTY IND DIGITAL
4698.33,57.5,4744,4722,21-Sep-2026 16:00:28,4610.5,N,1.23,4173230544.21,EQ,NETWEB,888237,NIFTY IND DIGITAL
329.34,3.85,337.55,336,21-Sep-2026 16:00:28,323.95,N,1.16,1344418574.4,EQ,NYKAA,4082160,NIFTY IND DIGITAL
2122.47,23.7,2145,2128.7,21-Sep-2026 16:00:28,2075.3,N,1.13,4947076423.17,EQ,TCS,2330811,NIFTY IND DIGITAL
532.56,4.8,538.1,536.8,21-Sep-2026 16:00:28,526.95,N,0.90,1184187634.56,EQ,KPITTECH,2223576,NIFTY IND DIGITAL
46.28,0.29,46.7,45.95,21-Sep-2026 16:00:28,45.7,N,0.64,1046628308.96,EQ,SAGILITY,22615132,NIFTY IND DIGITAL
3286.8,20.3,3318,3287,21-Sep-2026 16:00:28,3266.7,N,0.62,1107421524,EQ,TATAELXSI,336930,NIFTY IND DIGITAL
5426.95,33,5458,5449,21-Sep-2026 16:00:28,5380.5,N,0.61,1913444884.9,EQ,PERSISTENT,352582,NIFTY IND DIGITAL
193.28,0.56,196.1,192.6,21-Sep-2026 16:00:28,191.46,N,0.29,3622963246.08,EQ,PINELABS,18744636,NIFTY IND DIGITAL
434.04,0.5,437.95,436.95,21-Sep-2026 16:00:28,431.6,N,0.11,396845376.24,EQ,ZENSARTECH,914306,NIFTY IND DIGITAL
4265.43,4.9,4317,4280,21-Sep-2026 16:00:28,4190.5,N,0.11,1157714479.74,EQ,LTM,271418,NIFTY IND DIGITAL
720.18,0.55,730.6,723,21-Sep-2026 16:00:28,706.85,N,0.08,745298438.04,EQ,TATATECH,1034878,NIFTY IND DIGITAL
1782.86,1.1,1797,1781,21-Sep-2026 16:00:28,1769.7,N,0.06,282235652.3,EQ,IKS,158305,NIFTY IND DIGITAL
275.08,-0.35,281.85,272.7,21-Sep-2026 16:00:28,271.15,N,-0.13,5599186005.4,EQ,SWIGGY,20354755,NIFTY IND DIGITAL
2288.76,-4.2,2313.7,2296.2,21-Sep-2026 16:00:28,2257.1,N,-0.18,472656405.12,EQ,MPHASIS,206512,NIFTY IND DIGITAL
255.02,-0.55,258,255.75,21-Sep-2026 16:00:28,253.6,N,-0.21,22477462.8,EQ,ITI,88140,NIFTY IND DIGITAL
901.11,-2.4,913.9,897,21-Sep-2026 16:00:28,889.1,N,-0.27,93282006.09,EQ,MAPMYINDIA,103519,NIFTY IND DIGITAL
517.8,-1.5,524.35,516.8,21-Sep-2026 16:00:28,512.05,N,-0.29,523634052.6,EQ,TEJASNET,1011267,NIFTY IND DIGITAL
1702.28,-5.6,1723.6,1705,21-Sep-2026 16:00:28,1684,N,-0.33,309251505.32,EQ,TBOTEK,181669,NIFTY IND DIGITAL
13.96,-0.08,14.14,13.84,21-Sep-2026 16:00:28,13.82,N,-0.57,4168914111.36,EQ,IDEA,298632816,NIFTY IND DIGITAL
1635.89,-14,1656,1632.3,21-Sep-2026 16:00:28,1630,N,-0.85,81329907.24,EQ,INDIAMART,49716,NIFTY IND DIGITAL
35.43,-0.33,35.92,35.4,21-Sep-2026 16:00:28,35.26,N,-0.92,31641115.8,EQ,TTML,893060,NIFTY IND DIGITAL
1530.03,-15.1,1546.4,1525,21-Sep-2026 16:00:28,1512.1,N,-0.98,154575870.84,EQ,BHARTIHEXA,101028,NIFTY IND DIGITAL
491.31,-5.3,497,492,21-Sep-2026 16:00:28,487.85,N,-1.07,188151586.29,EQ,NEWGEN,382959,NIFTY IND DIGITAL
254.2,-2.75,257,252.6,21-Sep-2026 16:00:28,252,N,-1.08,92741311.2,EQ,LATENTVIEW,364836,NIFTY IND DIGITAL
133.88,-1.6,137.2,135,21-Sep-2026 16:00:28,132.7,N,-1.17,1109402109.08,EQ,PWL,8286541,NIFTY IND DIGITAL
472.61,-5.75,479.85,471,21-Sep-2026 16:00:28,470,N,-1.21,249662849.04,EQ,IRCTC,528264,NIFTY IND DIGITAL
1037.03,-12.9,1044.5,1038.5,21-Sep-2026 16:00:28,1030.3,N,-1.23,6299291476.74,EQ,INFY,6074358,NIFTY IND DIGITAL
3310.07,-44.5,3348.2,3303,21-Sep-2026 16:00:28,3294.2,N,-1.33,146351434.98,EQ,LTTS,44214,NIFTY IND DIGITAL
171,-2.34,173.09,169.81,21-Sep-2026 16:00:28,169.55,N,-1.36,164467458,EQ,FIRSTCRY,961798,NIFTY IND DIGITAL
164.43,-2.28,165.5,164.55,21-Sep-2026 16:00:28,163.34,N,-1.37,1526245015.05,EQ,WIPRO,9282035,NIFTY IND DIGITAL
1806.07,-27,1819.4,1814,21-Sep-2026 16:00:28,1791,N,-1.47,3490078565.12,EQ,COFORGE,1932416,NIFTY IND DIGITAL
1067.66,-18.2,1086.1,1055.1,21-Sep-2026 16:00:28,1055.1,N,-1.70,167118684.48,EQ,CYIENT,156528,NIFTY IND DIGITAL
515.49,-9.55,524.5,515,21-Sep-2026 16:00:28,512.1,N,-1.82,78062712.66,EQ,HEXT,151434,NIFTY IND DIGITAL
262.25,-5.15,267.7,259.85,21-Sep-2026 16:00:28,258.85,N,-1.94,109807484.25,EQ,RAILTEL,418713,NIFTY IND DIGITAL
1813.98,-39.9,1829.3,1810,21-Sep-2026 16:00:28,1792,N,-2.16,9164711292.66,EQ,PAYTM,5052267,NIFTY IND DIGITAL
2936.6,-69.9,2990.1,2919,21-Sep-2026 16:00:28,2907.7,N,-2.34,478621751,EQ,CARTRADE,162985,NIFTY IND DIGITAL
1750.09,-54.3,1789.6,1725.8,21-Sep-2026 16:00:28,1725,N,-3.05,193897721.37,EQ,TATACOMM,110793,NIFTY IND DIGITAL
1833.39,-63.1,1854.8,1830.2,21-Sep-2026 16:00:28,1822,N,-3.33,17814280606.2,EQ,BHARTIARTL,9716580,NIFTY IND DIGITAL
11161.44,-985,11787,10911,21-Sep-2026 16:00:28,10900,N,-8.28,6308903507.04,EQ,OFSS,565241,NIFTY IND DIGITAL
333.01,9.05,336.5,335.9,21-Sep-2026 16:00:28,326.85,N,2.77,6751621901.32,EQ,ETERNAL,20274532,NIFTY100 ESG
4956.26,130,4986.5,4970,21-Sep-2026 16:00:28,4848.5,N,2.69,1790419187.44,EQ,TORNTPHARM,361244,NIFTY100 ESG
1274.23,31.7,1284.9,1281,21-Sep-2026 16:00:28,1237.3,N,2.54,3506561182.38,EQ,HCLTECH,2751906,NIFTY100 ESG
657.19,15.9,660.95,660.25,21-Sep-2026 16:00:28,644,N,2.47,2069061507.74,EQ,DLF,3148346,NIFTY100 ESG
912.6,18,919.75,910,21-Sep-2026 16:00:28,903,N,2.02,2737530783,EQ,CGPOWER,2999705,NIFTY100 ESG
1240.86,21,1249.1,1247.4,21-Sep-2026 16:00:28,1232.5,N,1.71,12417556527.48,EQ,RELIANCE,10007218,NIFTY100 ESG
11381.46,192,11434,11409,21-Sep-2026 16:00:28,11227,N,1.71,616385729.22,EQ,BAJAJHLDNG,54157,NIFTY100 ESG
747.73,12.25,755,745,21-Sep-2026 16:00:28,741,N,1.67,2230971344.07,EQ,INDHOTEL,2983659,NIFTY100 ESG
1061.52,17.3,1072.6,1066.6,21-Sep-2026 16:00:28,1050.6,N,1.65,1024636426.08,EQ,MAXHEALTH,965254,NIFTY100 ESG
4844.92,76.5,4880,4875,21-Sep-2026 16:00:28,4780,N,1.59,3222196409.64,EQ,TITAN,665067,NIFTY100 ESG
562.52,8.45,565.9,559.4,21-Sep-2026 16:00:28,551.65,N,1.53,1592769754.8,EQ,HDFCLIFE,2831490,NIFTY100 ESG
1763.63,25,1774.4,1756,21-Sep-2026 16:00:28,1734.3,N,1.44,1247478989.68,EQ,SBILIFE,707336,NIFTY100 ESG
1551.58,21.4,1560.6,1558.5,21-Sep-2026 16:00:28,1525.1,N,1.39,1506140428.12,EQ,TECHM,970714,NIFTY100 ESG
3780.63,50.5,3814.6,3800.4,21-Sep-2026 16:00:28,3732,N,1.35,2446090293.78,EQ,DMART,647006,NIFTY100 ESG
234.58,2.83,236,235.63,21-Sep-2026 16:00:28,232.32,N,1.22,1434232441.52,EQ,ONGC,6114044,NIFTY100 ESG
47871.34,565,48180,47565,21-Sep-2026 16:00:28,47460,N,1.20,759861779.82,EQ,BOSCHLTD,15873,NIFTY100 ESG
739.06,8.5,742.65,739.5,21-Sep-2026 16:00:28,729.05,N,1.16,26223831697.98,EQ,HDFCBANK,35482683,NIFTY100 ESG
1138.33,11.1,1143.5,1130.6,21-Sep-2026 16:00:28,1127.1,N,0.99,806359960.43,EQ,JINDALSTEL,708371,NIFTY100 ESG
1377.57,12.6,1390,1385,21-Sep-2026 16:00:28,1360,N,0.92,789445417.47,EQ,NESTLEIND,573071,NIFTY100 ESG
177.73,1.53,178.87,178.09,21-Sep-2026 16:00:28,177.03,N,0.87,730629901.54,EQ,UNIONBANK,4110898,NIFTY100 ESG
8916.12,-32.5,8974.5,8912,21-Sep-2026 16:00:28,8826.5,N,-0.36,1866928534.56,EQ,APOLLOHOSP,209388,NIFTY100 ESG
4179.05,-16.3,4208.1,4155,21-Sep-2026 16:00:28,4155,N,-0.39,765589422.85,EQ,TVSMOTOR,183197,NIFTY100 ESG
312.39,-1.25,315.95,312.75,21-Sep-2026 16:00:28,310.85,N,-0.40,985121240.22,EQ,BPCL,3153498,NIFTY100 ESG
2454.3,-11,2463.8,2440.3,21-Sep-2026 16:00:28,2440.3,N,-0.45,658113182.1,EQ,ASIANPAINT,268147,NIFTY100 ESG
3217.72,-17,3264,3211,21-Sep-2026 16:00:28,3184,N,-0.53,661244677.72,EQ,ENRIN,205501,NIFTY100 ESG
981.66,-5.3,993.5,981.2,21-Sep-2026 16:00:28,976,N,-0.54,3286722350.82,EQ,HINDALCO,3348127,NIFTY100 ESG
1273.48,-7,1287,1268.6,21-Sep-2026 16:00:28,1268.6,N,-0.55,1200077886.28,EQ,JSWSTEEL,942361,NIFTY100 ESG
233.39,-1.3,234.51,233.64,21-Sep-2026 16:00:28,232.52,N,-0.55,1026381536.9,EQ,BANKBARODA,4397710,NIFTY100 ESG
1248.59,-7,1254.3,1250,21-Sep-2026 16:00:28,1242,N,-0.56,4595164550.97,EQ,AXISBANK,3680283,NIFTY100 ESG
311.66,-1.8,313.45,310.2,21-Sep-2026 16:00:28,310.2,N,-0.58,1050933726.32,EQ,RECLTD,3372052,NIFTY100 ESG
5078.83,-32.5,5135,5067,21-Sep-2026 16:00:28,5050,N,-0.64,1428649484.85,EQ,CUMMINSIND,281295,NIFTY100 ESG
3896.52,-26.9,3919,3887,21-Sep-2026 16:00:28,3851.5,N,-0.69,767388441.84,EQ,SIEMENS,196942,NIFTY100 ESG
590.79,-4.2,595,591.8,21-Sep-2026 16:00:28,585.9,N,-0.70,2544211731.03,EQ,HINDZINC,4306457,NIFTY100 ESG
173.14,-1.29,174.38,172.61,21-Sep-2026 16:00:28,172.61,N,-0.74,646659374.02,EQ,GAIL,3734893,NIFTY100 ESG
184.66,-2.14,186.87,183.4,21-Sep-2026 16:00:28,183.34,N,-1.15,1834360365.88,EQ,TATASTEEL,9933718,NIFTY100 ESG
1037.03,-12.9,1044.5,1038.5,21-Sep-2026 16:00:28,1030.3,N,-1.23,6299291476.74,EQ,INFY,6074358,NIFTY100 ESG
3187.05,-43.2,3217.3,3166,21-Sep-2026 16:00:28,3166,N,-1.35,595978350,EQ,GRASIM,187000,NIFTY100 ESG
164.43,-2.28,165.5,164.55,21-Sep-2026 16:00:28,163.34,N,-1.37,1526245015.05,EQ,WIPRO,9282035,NIFTY100 ESG
879.14,-12.5,891,867.5,21-Sep-2026 16:00:28,866.1,N,-1.42,857886790.5,EQ,GODREJCP,975825,NIFTY100 ESG
2994.33,-45,3015.9,2975,21-Sep-2026 16:00:28,2973,N,-1.49,2343751920.9,EQ,ADANIENT,782730,NIFTY100 ESG
267.88,-4.2,269.05,266.1,21-Sep-2026 16:00:28,266.1,N,-1.55,1857614395.76,EQ,POWERGRID,6934502,NIFTY100 ESG
80.64,-1.28,81.7,80.22,21-Sep-2026 16:00:28,80.16,N,-1.57,420413333.76,EQ,IRFC,5213459,NIFTY100 ESG
1027.5,-19,1037.7,1021.3,21-Sep-2026 16:00:28,1021.3,N,-1.83,4285248345,EQ,BAJFINANCE,4170558,NIFTY100 ESG
1779,-36,1806,1764,21-Sep-2026 16:00:28,1763.5,N,-2.00,1641942282,EQ,CHOLAFIN,922958,NIFTY100 ESG
1784.81,-36.9,1796.8,1787.1,21-Sep-2026 16:00:28,1766.7,N,-2.02,4136871883.82,EQ,ADANIPORTS,2317822,NIFTY100 ESG
366.85,-7.65,369.6,367.15,21-Sep-2026 16:00:28,365.65,N,-2.04,1054891115.3,EQ,TATAPOWER,2875538,NIFTY100 ESG
1313.86,-30.9,1332,1303.6,21-Sep-2026 16:00:28,1300.1,N,-2.32,846644814.7,EQ,ADANIGREEN,644395,NIFTY100 ESG
1410.11,-38.5,1432.4,1397.6,21-Sep-2026 16:00:28,1397.6,N,-2.68,2740775812.71,EQ,ADANIENSOL,1943661,NIFTY100 ESG
2154.17,-64.8,2178,2144,21-Sep-2026 16:00:28,2136.2,N,-2.93,817770323.74,EQ,HYUNDAI,379622,NIFTY100 ESG
1833.39,-63.1,1854.8,1830.2,21-Sep-2026 16:00:28,1822,N,-3.33,17814280606.2,EQ,BHARTIARTL,9716580,NIFTY100 ESG
3584.91,135,3674,3650,21-Sep-2026 16:00:28,3507.7,N,3.84,4054791323.52,EQ,KAYNES,1131072,NIFTY INDIA MFG
19143.17,710,19370,19265,21-Sep-2026 16:00:28,18730,N,3.83,4125199989.64,EQ,SOLARINDS,215492,NIFTY INDIA MFG
2002.83,63.5,2023.5,2017.5,21-Sep-2026 16:00:28,1963.8,N,3.25,4346675855.61,EQ,LAURUSLABS,2170267,NIFTY INDIA MFG
1146.49,31.2,1158.8,1142.1,21-Sep-2026 16:00:28,1125,N,2.81,1016938922.98,EQ,VOLTAS,887002,NIFTY INDIA MFG
13297,355,13415,13350,21-Sep-2026 16:00:28,13125,N,2.73,2920167467,EQ,DIXON,219611,NIFTY INDIA MFG
4956.26,130,4986.5,4970,21-Sep-2026 16:00:28,4848.5,N,2.69,1790419187.44,EQ,TORNTPHARM,361244,NIFTY INDIA MFG
1565.71,33.2,1580,1565,21-Sep-2026 16:00:28,1535.5,N,2.17,977331839.1,EQ,BLUESTARCO,624210,NIFTY INDIA MFG
912.6,18,919.75,910,21-Sep-2026 16:00:28,903,N,2.02,2737530783,EQ,CGPOWER,2999705,NIFTY INDIA MFG
2114.61,41.5,2129,2124.5,21-Sep-2026 16:00:28,2080,N,1.99,907457391.57,EQ,LUPIN,429137,NIFTY INDIA MFG
1874.81,31.6,1891.5,1868.9,21-Sep-2026 16:00:28,1832.2,N,1.72,4751450970.84,EQ,SUNPHARMA,2534364,NIFTY INDIA MFG
1240.86,21,1249.1,1247.4,21-Sep-2026 16:00:28,1232.5,N,1.71,12417556527.48,EQ,RELIANCE,10007218,NIFTY INDIA MFG
502,7.1,507,504.5,21-Sep-2026 16:00:28,497.2,N,1.43,2451684668,EQ,HINDCOPPER,4883834,NIFTY INDIA MFG
396.86,5.2,399.15,398.5,21-Sep-2026 16:00:28,393.1,N,1.32,3871316914.48,EQ,BEL,9754868,NIFTY INDIA MFG
47871.34,565,48180,47565,21-Sep-2026 16:00:28,47460,N,1.20,759861779.82,EQ,BOSCHLTD,15873,NIFTY INDIA MFG
1202.59,13.3,1211.9,1198.3,21-Sep-2026 16:00:28,1185,N,1.12,2067052580.06,EQ,DRREDDY,1718834,NIFTY INDIA MFG
2552.57,28,2563,2540,21-Sep-2026 16:00:28,2530.9,N,1.11,263685586.14,EQ,SRF,103302,NIFTY INDIA MFG
1138.33,11.1,1143.5,1130.6,21-Sep-2026 16:00:28,1127.1,N,0.99,806359960.43,EQ,JINDALSTEL,708371,NIFTY INDIA MFG
2837.84,24.1,2859.3,2822.3,21-Sep-2026 16:00:28,2797.2,N,0.86,167750398.08,EQ,ESCORTS,59112,NIFTY INDIA MFG
6253.75,53.5,6296,6295,21-Sep-2026 16:00:28,6206.5,N,0.86,84938432.5,EQ,LINDEINDIA,13582,NIFTY INDIA MFG
4853.79,25.7,4888.9,4826,21-Sep-2026 16:00:28,4825,N,0.54,3808138020.3,EQ,HAL,784570,NIFTY INDIA MFG
43.37,0.2,43.63,43.34,21-Sep-2026 16:00:28,43.11,N,0.46,1127769322.91,EQ,SUZLON,26003443,NIFTY INDIA MFG
12188.46,50,12229,12153,21-Sep-2026 16:00:28,12129,N,0.41,4133972166.66,EQ,MARUTI,339171,NIFTY INDIA MFG
11485.26,46,11533,11460,21-Sep-2026 16:00:28,11450,N,0.40,1068508193.58,EQ,BAJAJ-AUTO,93033,NIFTY INDIA MFG
9408.21,35.5,9461.5,9410.5,21-Sep-2026 16:00:28,9375.5,N,0.38,3578346816.03,EQ,DIVISLAB,380343,NIFTY INDIA MFG
442.49,1.6,445.45,444.5,21-Sep-2026 16:00:28,437.2,N,0.36,2069455374.09,EQ,TMCV,4676841,NIFTY INDIA MFG
1963.83,6.8,1981.8,1968.9,21-Sep-2026 16:00:28,1942.2,N,0.35,1347081333.18,EQ,BHARATFORG,685946,NIFTY INDIA MFG
162.48,0.34,163.88,162.91,21-Sep-2026 16:00:28,160.5,N,0.21,1180359032.16,EQ,MOTHERSON,7264642,NIFTY INDIA MFG
3067.2,3.3,3088,3055.3,21-Sep-2026 16:00:28,3055.3,N,0.11,3241570320,EQ,M&M,1056850,NIFTY INDIA MFG
1161.83,1,1173.5,1161,21-Sep-2026 16:00:28,1152.1,N,0.09,1004319545.07,EQ,ZYDUSLIFE,864429,NIFTY INDIA MFG
1581.77,1.1,1598,1573.2,21-Sep-2026 16:00:28,1573.2,N,0.07,380325524.11,EQ,PIDILITIND,240443,NIFTY INDIA MFG
36012.25,-450,36300,35950,21-Sep-2026 16:00:28,35495,N,-1.24,557181532,EQ,PAGEIND,15472,NIFTY INDIA MFG
8479.25,-120,8594,8470,21-Sep-2026 16:00:28,8405,N,-1.40,841480770,EQ,NAVINFLUOR,99240,NIFTY INDIA MFG
434.45,-6.5,438.3,433.4,21-Sep-2026 16:00:28,430.2,N,-1.48,2220818468.85,EQ,BHEL,5111793,NIFTY INDIA MFG
806,-12.75,817.2,795.25,21-Sep-2026 16:00:28,793.2,N,-1.58,1709619496,EQ,SONACOMS,2121116,NIFTY INDIA MFG
5375.25,-102.5,5411,5364,21-Sep-2026 16:00:28,5316.5,N,-1.88,510476742,EQ,ALKEM,94968,NIFTY INDIA MFG
1410.2,-26.8,1426.1,1400.9,21-Sep-2026 16:00:28,1400.9,N,-1.88,259758840,EQ,ASTRAL,184200,NIFTY INDIA MFG
2330.42,-45,2342.7,2321.8,21-Sep-2026 16:00:28,2315.7,N,-1.90,160235018.36,EQ,PIIND,68758,NIFTY INDIA MFG
194.93,-3.89,197.2,193.25,21-Sep-2026 16:00:28,193.15,N,-1.97,567438306.05,EQ,CASTROLIND,2910985,NIFTY INDIA MFG
2247.08,-48,2278,2232,21-Sep-2026 16:00:28,2222.1,N,-2.11,1437317757.04,EQ,MAZDOCK,639638,NIFTY INDIA MFG
2217.63,-50.3,2259,2215,21-Sep-2026 16:00:28,2200.5,N,-2.22,399687890.16,EQ,BALKRISIND,180232,NIFTY INDIA MFG
3525.67,-80.3,3563.3,3500,21-Sep-2026 16:00:28,3488.8,N,-2.24,473504532.34,EQ,SUPREMEIND,134302,NIFTY INDIA MFG
1118.3,-26.4,1146.4,1115,21-Sep-2026 16:00:28,1107.5,N,-2.31,385698315.1,EQ,KPRMILL,344897,NIFTY INDIA MFG
34685.18,-845,35430,34600,21-Sep-2026 16:00:28,34455,N,-2.38,97361300.26,EQ,HONAUT,2807,NIFTY INDIA MFG
1107.92,-29.3,1113.4,1103.1,21-Sep-2026 16:00:28,1100.5,N,-2.59,717656287.92,EQ,HAVELLS,647751,NIFTY INDIA MFG
260.86,-7.1,264.5,260.5,21-Sep-2026 16:00:28,259,N,-2.65,1721687216.98,EQ,VEDL,6600043,NIFTY INDIA MFG
2154.17,-64.8,2178,2144,21-Sep-2026 16:00:28,2136.2,N,-2.93,817770323.74,EQ,HYUNDAI,379622,NIFTY INDIA MFG
1946.54,-59.4,1990,1940.1,21-Sep-2026 16:00:28,1936.1,N,-2.97,171032737.1,EQ,COROMANDEL,87865,NIFTY INDIA MFG
563.48,-20.1,569.2,559.9,21-Sep-2026 16:00:28,559.9,N,-3.47,1516423852.48,EQ,UPL,2691176,NIFTY INDIA MFG
2195.19,-89,2229,2181.1,21-Sep-2026 16:00:28,2178.7,N,-3.92,1303988958.99,EQ,APLAPOLLO,594021,NIFTY INDIA MFG
1233.41,-56.5,1259.9,1227.5,21-Sep-2026 16:00:28,1220.7,N,-4.40,883501450.28,EQ,UNOMINDA,716308,NIFTY INDIA MFG
388.88,16.9,398.5,387.6,21-Sep-2026 16:00:28,372.4,N,4.56,4894529622.48,EQ,APOLLO,12586221,NIFTY IND DEFENCE
19143.17,710,19370,19265,21-Sep-2026 16:00:28,18730,N,3.83,4125199989.64,EQ,SOLARINDS,215492,NIFTY IND DEFENCE
1387.58,40.3,1415,1413,21-Sep-2026 16:00:28,1342.9,N,2.94,1325875704.98,EQ,PARAS,955531,NIFTY IND DEFENCE
1837.06,29.3,1878.8,1840.5,21-Sep-2026 16:00:28,1782.7,N,1.62,294133513.66,EQ,AXISCADES,160111,NIFTY IND DEFENCE
1646.32,25.8,1662.1,1657,21-Sep-2026 16:00:28,1622.6,N,1.58,325456061.84,EQ,ASTRAMICRO,197687,NIFTY IND DEFENCE
396.86,5.2,399.15,398.5,21-Sep-2026 16:00:28,393.1,N,1.32,3871316914.48,EQ,BEL,9754868,NIFTY IND DEFENCE
12071.96,144,12205,12205,21-Sep-2026 16:00:28,11933,N,1.19,126139910.04,EQ,DYNAMATECH,10449,NIFTY IND DEFENCE
4853.79,25.7,4888.9,4826,21-Sep-2026 16:00:28,4825,N,0.54,3808138020.3,EQ,HAL,784570,NIFTY IND DEFENCE
4540.1,16.7,4595,4530,21-Sep-2026 16:00:28,4476,N,0.37,1737459949.2,EQ,DATAPATTNS,382692,NIFTY IND DEFENCE
1963.83,6.8,1981.8,1968.9,21-Sep-2026 16:00:28,1942.2,N,0.35,1347081333.18,EQ,BHARATFORG,685946,NIFTY IND DEFENCE
420.55,0.6,427.4,417.9,21-Sep-2026 16:00:28,413.45,N,0.14,544761965.8,EQ,MIDHANI,1295356,NIFTY IND DEFENCE
231.21,-0.17,233.23,231.5,21-Sep-2026 16:00:28,228.95,N,-0.07,246406277.25,EQ,AEQUS,1065725,NIFTY IND DEFENCE
1681.81,-1.3,1701,1686.1,21-Sep-2026 16:00:28,1657.7,N,-0.08,280682316.33,EQ,ZENTEC,166893,NIFTY IND DEFENCE
1383.92,-13,1392.5,1385,21-Sep-2026 16:00:28,1363.1,N,-0.93,1086270638.16,EQ,COCHINSHIP,784923,NIFTY IND DEFENCE
2386.6,-38.8,2418.8,2373,21-Sep-2026 16:00:28,2366.1,N,-1.61,430385124.4,EQ,GRSE,180334,NIFTY IND DEFENCE
2111.93,-36,2155,2099,21-Sep-2026 16:00:28,2090.5,N,-1.69,558508336.22,EQ,BEML,264454,NIFTY IND DEFENCE
1173.42,-21.2,1182.9,1175,21-Sep-2026 16:00:28,1164.3,N,-1.77,986852087.1,EQ,BDL,841005,NIFTY IND DEFENCE
2247.08,-48,2278,2232,21-Sep-2026 16:00:28,2222.1,N,-2.11,1437317757.04,EQ,MAZDOCK,639638,NIFTY IND DEFENCE
7044.29,-191,7155,7011,21-Sep-2026 16:00:28,6980,N,-2.65,344099477.92,BE,MTARTECH,48848,NIFTY IND DEFENCE
238.67,8.79,241.9,238.9,21-Sep-2026 16:00:28,228.37,N,3.82,630979755.11,EQ,SAPPHIRE,2643733,NIFTY IND TOURISM
230.25,5.55,233.8,232.05,21-Sep-2026 16:00:28,224.01,N,2.45,463216489.5,EQ,BLS,2011798,NIFTY IND TOURISM
747.73,12.25,755,745,21-Sep-2026 16:00:28,741,N,1.67,2230971344.07,EQ,INDHOTEL,2983659,NIFTY IND TOURISM
142.16,2.28,144,142.9,21-Sep-2026 16:00:28,139.06,N,1.62,404035494.88,EQ,DEVYANI,2842118,NIFTY IND TOURISM
4965.54,21,5030.5,4941,21-Sep-2026 16:00:28,4925,N,0.43,2219685759.72,EQ,INDIGO,447018,NIFTY IND TOURISM
1702.28,-5.6,1723.6,1705,21-Sep-2026 16:00:28,1684,N,-0.33,309251505.32,EQ,TBOTEK,181669,NIFTY IND TOURISM
107.04,-0.47,108.87,106,21-Sep-2026 16:00:28,105.77,N,-0.44,420124507.2,EQ,LEMONTREE,3924930,NIFTY IND TOURISM
99.38,-0.6,101.28,98.7,21-Sep-2026 16:00:28,98.15,N,-0.60,2736599332.98,EQ,GMRAIRPORT,27536721,NIFTY IND TOURISM
860.26,-5.65,865.6,860,21-Sep-2026 16:00:28,854.6,N,-0.65,29722843.26,EQ,CHALET,34551,NIFTY IND TOURISM
537.66,-5.05,544.5,535.5,21-Sep-2026 16:00:28,534.45,N,-0.93,34647348.06,EQ,THELEELA,64441,NIFTY IND TOURISM
472.61,-5.75,479.85,471,21-Sep-2026 16:00:28,470,N,-1.21,249662849.04,EQ,IRCTC,528264,NIFTY IND TOURISM
157.49,-2.35,160.25,156.45,21-Sep-2026 16:00:28,155.24,N,-1.48,328344443.91,EQ,ITCHOTELS,2084859,NIFTY IND TOURISM
1235.11,-31.1,1256,1225,21-Sep-2026 16:00:28,1223,N,-2.48,22805071.04,EQ,TRAVELFOOD,18464,NIFTY IND TOURISM
491.79,-12.95,503.6,487.05,21-Sep-2026 16:00:28,485.7,N,-2.59,1082039800.53,EQ,JUBLFOOD,2200207,NIFTY IND TOURISM
309.89,-11.2,317.45,306.7,21-Sep-2026 16:00:28,306.1,N,-3.52,95276920.06,EQ,EIHOTEL,307454,NIFTY IND TOURISM
914.55,30.5,928,925.5,21-Sep-2026 16:00:28,890.05,N,3.41,118147056.3,EQ,UTIAMC,129186,NIFTY CAPITAL MKT
2438.99,15,2456.2,2440,21-Sep-2026 16:00:28,2412.4,N,0.62,1227385132.65,EQ,HDFCAMC,503235,NIFTY CAPITAL MKT
3216.32,10.3,3287,3217,21-Sep-2026 16:00:28,3179.1,N,0.32,1363806520.64,EQ,ICICIAMC,424027,NIFTY CAPITAL MKT
1074.12,-0.4,1085.9,1072.7,21-Sep-2026 16:00:28,1062.8,N,-0.04,616490099.88,EQ,360ONE,573949,NIFTY CAPITAL MKT
708.02,-4.2,716.15,703.85,21-Sep-2026 16:00:28,703.25,N,-0.59,439609618,EQ,CAMS,620900,NIFTY CAPITAL MKT
1150.08,-8.3,1158,1146.7,21-Sep-2026 16:00:28,1135.1,N,-0.72,752767612.8,EQ,NAM-INDIA,654535,NIFTY CAPITAL MKT
190.37,-1.63,192.23,190.13,21-Sep-2026 16:00:28,189.2,N,-0.85,3041213292.12,EQ,GROWW,15975276,NIFTY CAPITAL MKT
297.51,-2.95,302,296.15,21-Sep-2026 16:00:28,295.2,N,-0.99,850319281.2,EQ,ANGELONE,2858120,NIFTY CAPITAL MKT
2209.39,-27.4,2234.7,2202,21-Sep-2026 16:00:28,2190.1,N,-1.23,353935440.44,EQ,ANANDRATHI,160196,NIFTY CAPITAL MKT
1691.2,-22.8,1739,1690.9,21-Sep-2026 16:00:28,1672,N,-1.33,290216684.8,EQ,NUVAMA,171604,NIFTY CAPITAL MKT
114.33,-1.64,115.56,113.82,21-Sep-2026 16:00:28,113.7,N,-1.42,207270000.3,EQ,IEX,1812910,NIFTY CAPITAL MKT
1001.16,-15,1009.8,995,21-Sep-2026 16:00:28,993.2,N,-1.49,277721784,EQ,MOTILALOFS,277400,NIFTY CAPITAL MKT
3210.96,-51,3268,3209,21-Sep-2026 16:00:28,3155.5,N,-1.56,4068803284.56,EQ,MCX,1267161,NIFTY CAPITAL MKT
1365.7,-29,1394.4,1361,21-Sep-2026 16:00:28,1353.3,N,-2.09,1145661147.4,EQ,CDSL,838882,NIFTY CAPITAL MKT
1042.98,-30.4,1068.9,1030,21-Sep-2026 16:00:28,1026.2,N,-2.87,182183574.48,EQ,ABSLAMC,174676,NIFTY CAPITAL MKT
3158.65,-105.4,3258,3161,21-Sep-2026 16:00:28,3085.1,N,-3.23,21285911768.55,EQ,BSE,6738927,NIFTY CAPITAL MKT
902.42,-33.3,917.85,896.7,21-Sep-2026 16:00:28,892.2,N,-3.58,529262110.64,EQ,KFINTECH,586492,NIFTY CAPITAL MKT
5394.32,133.5,5425,5419,21-Sep-2026 16:00:28,5308,N,2.53,1914983600,EQ,HEROMOTOCO,355000,NIFTY EV
912.6,18,919.75,910,21-Sep-2026 16:00:28,903,N,2.02,2737530783,EQ,CGPOWER,2999705,NIFTY EV
1240.86,21,1249.1,1247.4,21-Sep-2026 16:00:28,1232.5,N,1.71,12417556527.48,EQ,RELIANCE,10007218,NIFTY EV
36.87,0.62,37.25,37.01,21-Sep-2026 16:00:28,36.4,N,1.70,1213609749.18,EQ,OLAELEC,32915914,NIFTY EV
47871.34,565,48180,47565,21-Sep-2026 16:00:28,47460,N,1.20,759861779.82,EQ,BOSCHLTD,15873,NIFTY EV
1202.23,11.2,1213.4,1210,21-Sep-2026 16:00:28,1188,N,0.93,261113535.93,EQ,OLECTRA,217191,NIFTY EV
532.56,4.8,538.1,536.8,21-Sep-2026 16:00:28,526.95,N,0.90,1184187634.56,EQ,KPITTECH,2223576,NIFTY EV
3286.8,20.3,3318,3287,21-Sep-2026 16:00:28,3266.7,N,0.62,1107421524,EQ,TATAELXSI,336930,NIFTY EV
12188.46,50,12229,12153,21-Sep-2026 16:00:28,12129,N,0.41,4133972166.66,EQ,MARUTI,339171,NIFTY EV
11485.26,46,11533,11460,21-Sep-2026 16:00:28,11450,N,0.40,1068508193.58,EQ,BAJAJ-AUTO,93033,NIFTY EV
442.49,1.6,445.45,444.5,21-Sep-2026 16:00:28,437.2,N,0.36,2069455374.09,EQ,TMCV,4676841,NIFTY EV
1963.83,6.8,1981.8,1968.9,21-Sep-2026 16:00:28,1942.2,N,0.35,1347081333.18,EQ,BHARATFORG,685946,NIFTY EV
162.48,0.34,163.88,162.91,21-Sep-2026 16:00:28,160.5,N,0.21,1180359032.16,EQ,MOTHERSON,7264642,NIFTY EV
690.61,1.25,698.5,694.5,21-Sep-2026 16:00:28,668.6,N,0.18,2246666208.82,EQ,TATACHEM,3253162,NIFTY EV
3067.2,3.3,3088,3055.3,21-Sep-2026 16:00:28,3055.3,N,0.11,3241570320,EQ,M&M,1056850,NIFTY EV
720.18,0.55,730.6,723,21-Sep-2026 16:00:28,706.85,N,0.08,745298438.04,EQ,TATATECH,1034878,NIFTY EV
17571.34,-3,17699,17485,21-Sep-2026 16:00:28,17452,N,-0.02,660576955.96,EQ,FORCEMOT,37594,NIFTY EV
7518.21,-3.5,7569.5,7512.5,21-Sep-2026 16:00:28,7490,N,-0.05,1893476224.92,EQ,EICHERMOT,251852,NIFTY EV
684.94,-1.3,692.8,674.05,21-Sep-2026 16:00:28,672.1,N,-0.19,2028752553.48,EQ,HSCL,2961942,NIFTY EV
35.73,-0.07,36.15,35.6,21-Sep-2026 16:00:28,35.5,N,-0.20,316947002.49,EQ,MSUMI,8870613,NIFTY EV
795.2,-1.9,801.8,794.1,21-Sep-2026 16:00:28,791.1,N,-0.24,245210257.6,EQ,ARE&M,308363,NIFTY EV
4179.05,-16.3,4208.1,4155,21-Sep-2026 16:00:28,4155,N,-0.39,765589422.85,EQ,TVSMOTOR,183197,NIFTY EV
2594.19,-12,2614.2,2588,21-Sep-2026 16:00:28,2569.1,N,-0.46,247449407.34,EQ,TIINDIA,95386,NIFTY EV
4559.4,-26.7,4610,4560,21-Sep-2026 16:00:28,4512.2,N,-0.58,672224257.8,EQ,FLUOROCHEM,147437,NIFTY EV
434.11,-3,437.3,432.85,21-Sep-2026 16:00:28,430.7,N,-0.69,785885829.18,EQ,EXIDEIND,1810338,NIFTY EV
229.2,-1.63,232.9,228.5,21-Sep-2026 16:00:28,227.5,N,-0.71,113094156,EQ,JWL,493430,NIFTY EV
301.23,-2.15,303.8,301.65,21-Sep-2026 16:00:28,299.1,N,-0.71,2556989951.31,EQ,TMPV,8488497,NIFTY EV
161.72,-1.25,163.19,161.75,21-Sep-2026 16:00:28,160.87,N,-0.77,1274898596.4,EQ,ASHOKLEY,7883370,NIFTY EV
2366.39,-24.1,2394,2362.9,21-Sep-2026 16:00:28,2341,N,-1.01,293254880.75,EQ,ZFCVINDIA,123925,NIFTY EV
4607.53,-54,4630,4596,21-Sep-2026 16:00:28,4586.5,N,-1.16,1021669094.67,EQ,KEI,221739,NIFTY EV
3310.07,-44.5,3348.2,3303,21-Sep-2026 16:00:28,3294.2,N,-1.33,146351434.98,EQ,LTTS,44214,NIFTY EV
594.95,-8.1,603.25,591,21-Sep-2026 16:00:28,590.1,N,-1.35,101844730.9,EQ,JBMA,171182,NIFTY EV
806,-12.75,817.2,795.25,21-Sep-2026 16:00:28,793.2,N,-1.58,1709619496,EQ,SONACOMS,2121116,NIFTY EV
683.31,-12.7,693.4,678.75,21-Sep-2026 16:00:28,678,N,-1.84,113324913.57,EQ,MINDACORP,165847,NIFTY EV
4123.67,-111,4203,4106.6,21-Sep-2026 16:00:28,4081.1,N,-2.63,190249639.12,EQ,SCHAEFFLER,46136,NIFTY EV
1598.87,-47,1628.2,1593,21-Sep-2026 16:00:28,1576,N,-2.87,3572543907.66,EQ,ATHERENERG,2234418,NIFTY EV
2154.17,-64.8,2178,2144,21-Sep-2026 16:00:28,2136.2,N,-2.93,817770323.74,EQ,HYUNDAI,379622,NIFTY EV
1233.41,-56.5,1259.9,1227.5,21-Sep-2026 16:00:28,1220.7,N,-4.40,883501450.28,EQ,UNOMINDA,716308,NIFTY EV
238.67,8.79,241.9,238.9,21-Sep-2026 16:00:28,228.37,N,3.82,630979755.11,EQ,SAPPHIRE,2643733,NIFTY NEW CONSUMP
1286.52,45.2,1305.3,1296.4,21-Sep-2026 16:00:28,1251.4,N,3.61,2183889570.84,EQ,NAUKRI,1697517,NIFTY NEW CONSUMP
1782.6,50,1804.4,1793,21-Sep-2026 16:00:28,1745,N,2.87,1452672826.8,EQ,POLICYBZR,814918,NIFTY NEW CONSUMP
1146.49,31.2,1158.8,1142.1,21-Sep-2026 16:00:28,1125,N,2.81,1016938922.98,EQ,VOLTAS,887002,NIFTY NEW CONSUMP
333.01,9.05,336.5,335.9,21-Sep-2026 16:00:28,326.85,N,2.77,6751621901.32,EQ,ETERNAL,20274532,NIFTY NEW CONSUMP
13297,355,13415,13350,21-Sep-2026 16:00:28,13125,N,2.73,2920167467,EQ,DIXON,219611,NIFTY NEW CONSUMP
1926.54,51.1,1942,1929,21-Sep-2026 16:00:28,1899.9,N,2.72,664596577.26,EQ,PHOENIXLTD,344969,NIFTY NEW CONSUMP
1465.81,38.9,1478,1474,21-Sep-2026 16:00:28,1442.2,N,2.71,432224860.51,EQ,PRESTIGE,294871,NIFTY NEW CONSUMP
5394.32,133.5,5425,5419,21-Sep-2026 16:00:28,5308,N,2.53,1914983600,EQ,HEROMOTOCO,355000,NIFTY NEW CONSUMP
657.19,15.9,660.95,660.25,21-Sep-2026 16:00:28,644,N,2.47,2069061507.74,EQ,DLF,3148346,NIFTY NEW CONSUMP
1565.71,33.2,1580,1565,21-Sep-2026 16:00:28,1535.5,N,2.17,977331839.1,EQ,BLUESTARCO,624210,NIFTY NEW CONSUMP
1345.17,27.3,1357.8,1352,21-Sep-2026 16:00:28,1322.6,N,2.06,619454820.51,EQ,PVRINOX,460503,NIFTY NEW CONSUMP
1801.66,36,1827.7,1821,21-Sep-2026 16:00:28,1754.3,N,2.02,1729939518.72,EQ,OBEROIRLTY,960192,NIFTY NEW CONSUMP
36.87,0.62,37.25,37.01,21-Sep-2026 16:00:28,36.4,N,1.70,1213609749.18,EQ,OLAELEC,32915914,NIFTY NEW CONSUMP
747.73,12.25,755,745,21-Sep-2026 16:00:28,741,N,1.67,2230971344.07,EQ,INDHOTEL,2983659,NIFTY NEW CONSUMP
142.16,2.28,144,142.9,21-Sep-2026 16:00:28,139.06,N,1.62,404035494.88,EQ,DEVYANI,2842118,NIFTY NEW CONSUMP
4844.92,76.5,4880,4875,21-Sep-2026 16:00:28,4780,N,1.59,3222196409.64,EQ,TITAN,665067,NIFTY NEW CONSUMP
534.25,7.4,538.9,536.55,21-Sep-2026 16:00:28,528.05,N,1.40,455874990.75,EQ,PGEL,853299,NIFTY NEW CONSUMP
3780.63,50.5,3814.6,3800.4,21-Sep-2026 16:00:28,3732,N,1.35,2446090293.78,EQ,DMART,647006,NIFTY NEW CONSUMP
329.34,3.85,337.55,336,21-Sep-2026 16:00:28,323.95,N,1.16,1344418574.4,EQ,NYKAA,4082160,NIFTY NEW CONSUMP
728.57,5.3,741,723,21-Sep-2026 16:00:28,720.05,N,0.74,230642676.33,EQ,WHIRLPOOL,316569,NIFTY NEW CONSUMP
2438.99,15,2456.2,2440,21-Sep-2026 16:00:28,2412.4,N,0.62,1227385132.65,EQ,HDFCAMC,503235,NIFTY NEW CONSUMP
4965.54,21,5030.5,4941,21-Sep-2026 16:00:28,4925,N,0.43,2219685759.72,EQ,INDIGO,447018,NIFTY NEW CONSUMP
12188.46,50,12229,12153,21-Sep-2026 16:00:28,12129,N,0.41,4133972166.66,EQ,MARUTI,339171,NIFTY NEW CONSUMP
11485.26,46,11533,11460,21-Sep-2026 16:00:28,11450,N,0.40,1068508193.58,EQ,BAJAJ-AUTO,93033,NIFTY NEW CONSUMP
1704.59,5.8,1720.9,1696.9,21-Sep-2026 16:00:28,1696,N,0.34,679839925.11,EQ,GODREJPROP,398829,NIFTY NEW CONSUMP
3216.32,10.3,3287,3217,21-Sep-2026 16:00:28,3179.1,N,0.32,1363806520.64,EQ,ICICIAMC,424027,NIFTY NEW CONSUMP
3067.2,3.3,3088,3055.3,21-Sep-2026 16:00:28,3055.3,N,0.11,3241570320,EQ,M&M,1056850,NIFTY NEW CONSUMP
1218.28,1.2,1228.8,1216.4,21-Sep-2026 16:00:28,1205,N,0.10,60558262.24,EQ,SOBHA,49708,NIFTY NEW CONSUMP
17571.34,-3,17699,17485,21-Sep-2026 16:00:28,17452,N,-0.02,660576955.96,EQ,FORCEMOT,37594,NIFTY NEW CONSUMP
171,-2.34,173.09,169.81,21-Sep-2026 16:00:28,169.55,N,-1.36,164467458,EQ,FIRSTCRY,961798,NIFTY NEW CONSUMP
77.78,-1.12,79,77.5,21-Sep-2026 16:00:28,77.25,N,-1.42,740246027.06,EQ,ZEEL,9517177,NIFTY NEW CONSUMP
157.49,-2.35,160.25,156.45,21-Sep-2026 16:00:28,155.24,N,-1.48,328344443.91,EQ,ITCHOTELS,2084859,NIFTY NEW CONSUMP
1001.16,-15,1009.8,995,21-Sep-2026 16:00:28,993.2,N,-1.49,277721784,EQ,MOTILALOFS,277400,NIFTY NEW CONSUMP
600.9,-10.15,611.7,596,21-Sep-2026 16:00:28,594,N,-1.67,389416249.5,EQ,ANANTRAJ,648055,NIFTY NEW CONSUMP
1249.71,-27.2,1288.7,1239,21-Sep-2026 16:00:28,1233.2,N,-2.15,124273661.82,EQ,ABREL,99442,NIFTY NEW CONSUMP
1813.98,-39.9,1829.3,1810,21-Sep-2026 16:00:28,1792,N,-2.16,9164711292.66,EQ,PAYTM,5052267,NIFTY NEW CONSUMP
1118.3,-26.4,1146.4,1115,21-Sep-2026 16:00:28,1107.5,N,-2.31,385698315.1,EQ,KPRMILL,344897,NIFTY NEW CONSUMP
2936.6,-69.9,2990.1,2919,21-Sep-2026 16:00:28,2907.7,N,-2.34,478621751,EQ,CARTRADE,162985,NIFTY NEW CONSUMP
612.77,-14.7,630.15,607,21-Sep-2026 16:00:28,605.8,N,-2.36,125467721.35,EQ,BRIGADE,204755,NIFTY NEW CONSUMP
1658.7,-40.4,1693.9,1656.5,21-Sep-2026 16:00:28,1649,N,-2.38,1109630491.2,EQ,LGEINDIA,668976,NIFTY NEW CONSUMP
491.61,-12.4,502.5,487.5,21-Sep-2026 16:00:28,484.5,N,-2.48,95865916.44,EQ,SAREGAMA,195004,NIFTY NEW CONSUMP
1107.92,-29.3,1113.4,1103.1,21-Sep-2026 16:00:28,1100.5,N,-2.59,717656287.92,EQ,HAVELLS,647751,NIFTY NEW CONSUMP
491.79,-12.95,503.6,487.05,21-Sep-2026 16:00:28,485.7,N,-2.59,1082039800.53,EQ,JUBLFOOD,2200207,NIFTY NEW CONSUMP
1598.87,-47,1628.2,1593,21-Sep-2026 16:00:28,1576,N,-2.87,3572543907.66,EQ,ATHERENERG,2234418,NIFTY NEW CONSUMP
2154.17,-64.8,2178,2144,21-Sep-2026 16:00:28,2136.2,N,-2.93,817770323.74,EQ,HYUNDAI,379622,NIFTY NEW CONSUMP
1750.09,-54.3,1789.6,1725.8,21-Sep-2026 16:00:28,1725,N,-3.05,193897721.37,EQ,TATACOMM,110793,NIFTY NEW CONSUMP
684.11,-21.9,698.3,685.3,21-Sep-2026 16:00:28,682.1,N,-3.10,30719672223.8,EQ,LENSKART,44904580,NIFTY NEW CONSUMP
1833.39,-63.1,1854.8,1830.2,21-Sep-2026 16:00:28,1822,N,-3.33,17814280606.2,EQ,BHARTIARTL,9716580,NIFTY NEW CONSUMP
309.89,-11.2,317.45,306.7,21-Sep-2026 16:00:28,306.1,N,-3.52,95276920.06,EQ,EIHOTEL,307454,NIFTY NEW CONSUMP
333.01,9.05,336.5,335.9,21-Sep-2026 16:00:28,326.85,N,2.77,6751621901.32,EQ,ETERNAL,20274532,NIFTY MOBILITY
5394.32,133.5,5425,5419,21-Sep-2026 16:00:28,5308,N,2.53,1914983600,EQ,HEROMOTOCO,355000,NIFTY MOBILITY
1240.86,21,1249.1,1247.4,21-Sep-2026 16:00:28,1232.5,N,1.71,12417556527.48,EQ,RELIANCE,10007218,NIFTY MOBILITY
47871.34,565,48180,47565,21-Sep-2026 16:00:28,47460,N,1.20,759861779.82,EQ,BOSCHLTD,15873,NIFTY MOBILITY
4965.54,21,5030.5,4941,21-Sep-2026 16:00:28,4925,N,0.43,2219685759.72,EQ,INDIGO,447018,NIFTY MOBILITY
12188.46,50,12229,12153,21-Sep-2026 16:00:28,12129,N,0.41,4133972166.66,EQ,MARUTI,339171,NIFTY MOBILITY
11485.26,46,11533,11460,21-Sep-2026 16:00:28,11450,N,0.40,1068508193.58,EQ,BAJAJ-AUTO,93033,NIFTY MOBILITY
442.49,1.6,445.45,444.5,21-Sep-2026 16:00:28,437.2,N,0.36,2069455374.09,EQ,TMCV,4676841,NIFTY MOBILITY
1963.83,6.8,1981.8,1968.9,21-Sep-2026 16:00:28,1942.2,N,0.35,1347081333.18,EQ,BHARATFORG,685946,NIFTY MOBILITY
162.48,0.34,163.88,162.91,21-Sep-2026 16:00:28,160.5,N,0.21,1180359032.16,EQ,MOTHERSON,7264642,NIFTY MOBILITY
3067.2,3.3,3088,3055.3,21-Sep-2026 16:00:28,3055.3,N,0.11,3241570320,EQ,M&M,1056850,NIFTY MOBILITY
7518.21,-3.5,7569.5,7512.5,21-Sep-2026 16:00:28,7490,N,-0.05,1893476224.92,EQ,EICHERMOT,251852,NIFTY MOBILITY
275.08,-0.35,281.85,272.7,21-Sep-2026 16:00:28,271.15,N,-0.13,5599186005.4,EQ,SWIGGY,20354755,NIFTY MOBILITY
136.88,-0.47,137.71,136.53,21-Sep-2026 16:00:28,136.34,N,-0.34,1179377927.6,EQ,IOC,8616145,NIFTY MOBILITY
357.31,-1.4,359.85,357.6,21-Sep-2026 16:00:28,355.5,N,-0.39,582392432.16,EQ,HINDPETRO,1629936,NIFTY MOBILITY
4179.05,-16.3,4208.1,4155,21-Sep-2026 16:00:28,4155,N,-0.39,765589422.85,EQ,TVSMOTOR,183197,NIFTY MOBILITY
312.39,-1.25,315.95,312.75,21-Sep-2026 16:00:28,310.85,N,-0.40,985121240.22,EQ,BPCL,3153498,NIFTY MOBILITY
2594.19,-12,2614.2,2588,21-Sep-2026 16:00:28,2569.1,N,-0.46,247449407.34,EQ,TIINDIA,95386,NIFTY MOBILITY
99.38,-0.6,101.28,98.7,21-Sep-2026 16:00:28,98.15,N,-0.60,2736599332.98,EQ,GMRAIRPORT,27536721,NIFTY MOBILITY
125051.57,-810,125780,124860,21-Sep-2026 16:00:28,124700,N,-0.64,306251294.93,EQ,MRF,2449,NIFTY MOBILITY
301.23,-2.15,303.8,301.65,21-Sep-2026 16:00:28,299.1,N,-0.71,2556989951.31,EQ,TMPV,8488497,NIFTY MOBILITY
173.14,-1.29,174.38,172.61,21-Sep-2026 16:00:28,172.61,N,-0.74,646659374.02,EQ,GAIL,3734893,NIFTY MOBILITY
161.72,-1.25,163.19,161.75,21-Sep-2026 16:00:28,160.87,N,-0.77,1274898596.4,EQ,ASHOKLEY,7883370,NIFTY MOBILITY
472.61,-5.75,479.85,471,21-Sep-2026 16:00:28,470,N,-1.21,249662849.04,EQ,IRCTC,528264,NIFTY MOBILITY
806,-12.75,817.2,795.25,21-Sep-2026 16:00:28,793.2,N,-1.58,1709619496,EQ,SONACOMS,2121116,NIFTY MOBILITY
287.9,-5.1,289.65,287.5,21-Sep-2026 16:00:28,286.6,N,-1.74,323658907.4,EQ,PETRONET,1124206,NIFTY MOBILITY
1784.81,-36.9,1796.8,1787.1,21-Sep-2026 16:00:28,1766.7,N,-2.02,4136871883.82,EQ,ADANIPORTS,2317822,NIFTY MOBILITY
2217.63,-50.3,2259,2215,21-Sep-2026 16:00:28,2200.5,N,-2.22,399687890.16,EQ,BALKRISIND,180232,NIFTY MOBILITY
2154.17,-64.8,2178,2144,21-Sep-2026 16:00:28,2136.2,N,-2.93,817770323.74,EQ,HYUNDAI,379622,NIFTY MOBILITY
492.28,-16.5,501.95,487.05,21-Sep-2026 16:00:28,487.05,N,-3.28,435839605.72,EQ,CONCOR,885349,NIFTY MOBILITY
564.36,19.85,574.15,568,21-Sep-2026 16:00:28,543.65,N,3.62,2116198751.52,EQ,LICHSGFIN,3749732,NIFTY COREHOUSING
1146.49,31.2,1158.8,1142.1,21-Sep-2026 16:00:28,1125,N,2.81,1016938922.98,EQ,VOLTAS,887002,NIFTY COREHOUSING
13297,355,13415,13350,21-Sep-2026 16:00:28,13125,N,2.73,2920167467,EQ,DIXON,219611,NIFTY COREHOUSING
1926.54,51.1,1942,1929,21-Sep-2026 16:00:28,1899.9,N,2.72,664596577.26,EQ,PHOENIXLTD,344969,NIFTY COREHOUSING
1465.81,38.9,1478,1474,21-Sep-2026 16:00:28,1442.2,N,2.71,432224860.51,EQ,PRESTIGE,294871,NIFTY COREHOUSING
657.19,15.9,660.95,660.25,21-Sep-2026 16:00:28,644,N,2.47,2069061507.74,EQ,DLF,3148346,NIFTY COREHOUSING
1565.71,33.2,1580,1565,21-Sep-2026 16:00:28,1535.5,N,2.17,977331839.1,EQ,BLUESTARCO,624210,NIFTY COREHOUSING
1801.66,36,1827.7,1821,21-Sep-2026 16:00:28,1754.3,N,2.02,1729939518.72,EQ,OBEROIRLTY,960192,NIFTY COREHOUSING
885.44,15.25,898,885,21-Sep-2026 16:00:28,874.3,N,1.75,330323131.84,EQ,RAMCOCEM,373061,NIFTY COREHOUSING
534.25,7.4,538.9,536.55,21-Sep-2026 16:00:28,528.05,N,1.40,455874990.75,EQ,PGEL,853299,NIFTY COREHOUSING
11081.84,86,11146,11100,21-Sep-2026 16:00:28,10983,N,0.78,1686999585.04,EQ,ULTRACEMCO,152231,NIFTY COREHOUSING
1138.34,8,1154.6,1141.1,21-Sep-2026 16:00:28,1120.2,N,0.71,1315648976.74,EQ,PNBHOUSING,1155761,NIFTY COREHOUSING
5068.33,35.5,5108,5100,21-Sep-2026 16:00:28,5001.5,N,0.70,113697846.89,EQ,JKCEMENT,22433,NIFTY COREHOUSING
392.94,2.45,395.95,390.75,21-Sep-2026 16:00:28,389.1,N,0.63,412046314.56,EQ,AMBUJACEM,1048624,NIFTY COREHOUSING
1704.59,5.8,1720.9,1696.9,21-Sep-2026 16:00:28,1696,N,0.34,679839925.11,EQ,GODREJPROP,398829,NIFTY COREHOUSING
1199.31,3.7,1205.9,1200.4,21-Sep-2026 16:00:28,1190.1,N,0.31,115226106.87,EQ,KAJARIACER,96077,NIFTY COREHOUSING
1773.65,3.5,1814.4,1764.9,21-Sep-2026 16:00:28,1757.1,N,0.20,219547717.95,EQ,DALBHARAT,123783,NIFTY COREHOUSING
22439.97,-50,22700,22550,21-Sep-2026 16:00:28,22355,N,-0.22,784164751.65,EQ,SHREECEM,34945,NIFTY COREHOUSING
8382.52,-30.5,8429,8369.5,21-Sep-2026 16:00:28,8331,N,-0.36,1775593768.92,EQ,POLYCAB,211821,NIFTY COREHOUSING
1259.57,-4.7,1272,1255,21-Sep-2026 16:00:28,1251,N,-0.37,84149352.56,EQ,ACC,66808,NIFTY COREHOUSING
7147.7,-27,7214.5,7098,21-Sep-2026 16:00:28,7090,N,-0.38,864249850.1,EQ,AMBER,120913,NIFTY COREHOUSING
2454.3,-11,2463.8,2440.3,21-Sep-2026 16:00:28,2440.3,N,-0.45,658113182.1,EQ,ASIANPAINT,268147,NIFTY COREHOUSING
1139.52,-6.7,1150.7,1138,21-Sep-2026 16:00:28,1127,N,-0.59,514778160,EQ,LODHA,451750,NIFTY COREHOUSING
225.88,-2.07,226.69,225.05,21-Sep-2026 16:00:28,225.05,N,-0.91,336925544.44,EQ,CROMPTON,1491613,NIFTY COREHOUSING
4607.53,-54,4630,4596,21-Sep-2026 16:00:28,4586.5,N,-1.16,1021669094.67,EQ,KEI,221739,NIFTY COREHOUSING
3187.05,-43.2,3217.3,3166,21-Sep-2026 16:00:28,3166,N,-1.35,595978350,EQ,GRASIM,187000,NIFTY COREHOUSING
84.36,-1.63,85.47,83.95,21-Sep-2026 16:00:28,83.84,N,-1.90,182072416.44,EQ,BAJAJHFL,2158279,NIFTY COREHOUSING
454.56,-9.65,463,449,21-Sep-2026 16:00:28,448.1,N,-2.10,391052967.84,EQ,BERGEPAINT,860289,NIFTY COREHOUSING
612.77,-14.7,630.15,607,21-Sep-2026 16:00:28,605.8,N,-2.36,125467721.35,EQ,BRIGADE,204755,NIFTY COREHOUSING
1107.92,-29.3,1113.4,1103.1,21-Sep-2026 16:00:28,1100.5,N,-2.59,717656287.92,EQ,HAVELLS,647751,NIFTY COREHOUSING
564.36,19.85,574.15,568,21-Sep-2026 16:00:28,543.65,N,3.62,2116198751.52,EQ,LICHSGFIN,3749732,NIFTY HOUSING
1146.49,31.2,1158.8,1142.1,21-Sep-2026 16:00:28,1125,N,2.81,1016938922.98,EQ,VOLTAS,887002,NIFTY HOUSING
13297,355,13415,13350,21-Sep-2026 16:00:28,13125,N,2.73,2920167467,EQ,DIXON,219611,NIFTY HOUSING
1926.54,51.1,1942,1929,21-Sep-2026 16:00:28,1899.9,N,2.72,664596577.26,EQ,PHOENIXLTD,344969,NIFTY HOUSING
1465.81,38.9,1478,1474,21-Sep-2026 16:00:28,1442.2,N,2.71,432224860.51,EQ,PRESTIGE,294871,NIFTY HOUSING
657.19,15.9,660.95,660.25,21-Sep-2026 16:00:28,644,N,2.47,2069061507.74,EQ,DLF,3148346,NIFTY HOUSING
1565.71,33.2,1580,1565,21-Sep-2026 16:00:28,1535.5,N,2.17,977331839.1,EQ,BLUESTARCO,624210,NIFTY HOUSING
1801.66,36,1827.7,1821,21-Sep-2026 16:00:28,1754.3,N,2.02,1729939518.72,EQ,OBEROIRLTY,960192,NIFTY HOUSING
23.15,0.45,23.28,23.17,21-Sep-2026 16:00:28,22.93,N,1.98,1221300427.7,EQ,YESBANK,52755958,NIFTY HOUSING
739.06,8.5,742.65,739.5,21-Sep-2026 16:00:28,729.05,N,1.16,26223831697.98,EQ,HDFCBANK,35482683,NIFTY HOUSING
1138.33,11.1,1143.5,1130.6,21-Sep-2026 16:00:28,1127.1,N,0.99,806359960.43,EQ,JINDALSTEL,708371,NIFTY HOUSING
177.73,1.53,178.87,178.09,21-Sep-2026 16:00:28,177.03,N,0.87,730629901.54,EQ,UNIONBANK,4110898,NIFTY HOUSING
327.03,2.75,328.75,326.4,21-Sep-2026 16:00:28,324.85,N,0.85,1667265000.06,EQ,NTPC,5098202,NIFTY HOUSING
11081.84,86,11146,11100,21-Sep-2026 16:00:28,10983,N,0.78,1686999585.04,EQ,ULTRACEMCO,152231,NIFTY HOUSING
5068.33,35.5,5108,5100,21-Sep-2026 16:00:28,5001.5,N,0.70,113697846.89,EQ,JKCEMENT,22433,NIFTY HOUSING
392.94,2.45,395.95,390.75,21-Sep-2026 16:00:28,389.1,N,0.63,412046314.56,EQ,AMBUJACEM,1048624,NIFTY HOUSING
117.82,0.73,118.58,118,21-Sep-2026 16:00:28,116.64,N,0.62,1016129635.68,EQ,PNB,8624424,NIFTY HOUSING
417.72,2.3,420.6,414.8,21-Sep-2026 16:00:28,414.55,N,0.56,3538448056.92,EQ,KOTAKBANK,8470861,NIFTY HOUSING
3898.56,19.8,3908.7,3904.8,21-Sep-2026 16:00:28,3883,N,0.51,3693382685.76,EQ,LT,947371,NIFTY HOUSING
1263.09,6,1269.8,1264.8,21-Sep-2026 16:00:28,1250,N,0.48,153215343.18,EQ,TORNTPOWER,121302,NIFTY HOUSING
1344.51,6.1,1352,1345,21-Sep-2026 16:00:28,1340.4,N,0.46,7671233566.98,EQ,ICICIBANK,5705598,NIFTY HOUSING
1704.59,5.8,1720.9,1696.9,21-Sep-2026 16:00:28,1696,N,0.34,679839925.11,EQ,GODREJPROP,398829,NIFTY HOUSING
746.74,2.55,754.35,753.5,21-Sep-2026 16:00:28,739.5,N,0.34,773900427.28,EQ,JSL,1036372,NIFTY HOUSING
842.58,1.2,849.55,841,21-Sep-2026 16:00:28,838.4,N,0.14,305960177.34,EQ,INDIANB,363123,NIFTY HOUSING
176.9,-0.03,179.8,177.3,21-Sep-2026 16:00:28,175.1,N,-0.02,1246126586.7,EQ,SAIL,7044243,NIFTY HOUSING
207.67,-0.05,210.55,206.55,21-Sep-2026 16:00:28,205.38,N,-0.02,2387062191.99,EQ,ADANIPOWER,11494497,NIFTY HOUSING
993.82,-0.2,997.5,996,21-Sep-2026 16:00:28,989.1,N,-0.02,3567867466.28,EQ,SBIN,3590054,NIFTY HOUSING
123.47,-0.08,123.99,123.7,21-Sep-2026 16:00:28,122.95,N,-0.06,638537452,EQ,CANBK,5171600,NIFTY HOUSING
85.79,-0.12,86.55,85.8,21-Sep-2026 16:00:28,85.2,N,-0.14,1736305697.38,EQ,IDFCFIRSTB,20239022,NIFTY HOUSING
22439.97,-50,22700,22550,21-Sep-2026 16:00:28,22355,N,-0.22,784164751.65,EQ,SHREECEM,34945,NIFTY HOUSING
331.31,-0.75,335.35,332,21-Sep-2026 16:00:28,328.8,N,-0.23,1370767957.58,EQ,FEDERALBNK,4137418,NIFTY HOUSING
8382.52,-30.5,8429,8369.5,21-Sep-2026 16:00:28,8331,N,-0.36,1775593768.92,EQ,POLYCAB,211821,NIFTY HOUSING
2454.3,-11,2463.8,2440.3,21-Sep-2026 16:00:28,2440.3,N,-0.45,658113182.1,EQ,ASIANPAINT,268147,NIFTY HOUSING
233.39,-1.3,234.51,233.64,21-Sep-2026 16:00:28,232.52,N,-0.55,1026381536.9,EQ,BANKBARODA,4397710,NIFTY HOUSING
1273.48,-7,1287,1268.6,21-Sep-2026 16:00:28,1268.6,N,-0.55,1200077886.28,EQ,JSWSTEEL,942361,NIFTY HOUSING
1248.59,-7,1254.3,1250,21-Sep-2026 16:00:28,1242,N,-0.56,4595164550.97,EQ,AXISBANK,3680283,NIFTY HOUSING
1139.52,-6.7,1150.7,1138,21-Sep-2026 16:00:28,1127,N,-0.59,514778160,EQ,LODHA,451750,NIFTY HOUSING
225.88,-2.07,226.69,225.05,21-Sep-2026 16:00:28,225.05,N,-0.91,336925544.44,EQ,CROMPTON,1491613,NIFTY HOUSING
961.03,-10.3,966,956,21-Sep-2026 16:00:28,956,N,-1.07,565185587.12,EQ,INDUSINDBK,588104,NIFTY HOUSING
184.66,-2.14,186.87,183.4,21-Sep-2026 16:00:28,183.34,N,-1.15,1834360365.88,EQ,TATASTEEL,9933718,NIFTY HOUSING
4607.53,-54,4630,4596,21-Sep-2026 16:00:28,4586.5,N,-1.16,1021669094.67,EQ,KEI,221739,NIFTY HOUSING
3187.05,-43.2,3217.3,3166,21-Sep-2026 16:00:28,3166,N,-1.35,595978350,EQ,GRASIM,187000,NIFTY HOUSING
75.93,-1.15,76.69,75.8,21-Sep-2026 16:00:28,75.54,N,-1.49,790146714.36,EQ,NHPC,10406252,NIFTY HOUSING
516.85,-9,522.15,517,21-Sep-2026 16:00:28,514.55,N,-1.71,864596500.15,EQ,JSWENERGY,1672819,NIFTY HOUSING
287.9,-5.1,289.65,287.5,21-Sep-2026 16:00:28,286.6,N,-1.74,323658907.4,EQ,PETRONET,1124206,NIFTY HOUSING
366.85,-7.65,369.6,367.15,21-Sep-2026 16:00:28,365.65,N,-2.04,1054891115.3,EQ,TATAPOWER,2875538,NIFTY HOUSING
211.31,-4.58,214.28,209.71,21-Sep-2026 16:00:28,209.35,N,-2.14,1386684473.13,EQ,RVNL,6562323,NIFTY HOUSING
1313.86,-30.9,1332,1303.6,21-Sep-2026 16:00:28,1300.1,N,-2.32,846644814.7,EQ,ADANIGREEN,644395,NIFTY HOUSING
1107.92,-29.3,1113.4,1103.1,21-Sep-2026 16:00:28,1100.5,N,-2.59,717656287.92,EQ,HAVELLS,647751,NIFTY HOUSING
1410.11,-38.5,1432.4,1397.6,21-Sep-2026 16:00:28,1397.6,N,-2.68,2740775812.71,EQ,ADANIENSOL,1943661,NIFTY HOUSING
25.19,4.58,27.48,27.48,21-Sep-2026 16:00:28,23.15,N,20.00,3280839533.51,EQ,AHCL,130243729,NIFTY IPO
161.45,19.5,168.33,162,21-Sep-2026 16:00:28,141.5,N,13.68,2929781001.65,EQ,GAJA,18146677,NIFTY IPO
1135.85,105.55,1161.45,1161.45,21-Sep-2026 16:00:28,1065.25,N,10.00,4988728166.1,EQ,INDOMIM,4392066,NIFTY IPO
332.37,31.21,343.37,343.37,21-Sep-2026 16:00:28,311.67,N,10.00,780879051.99,EQ,XTRANET,2349427,NIFTY IPO
194.24,17.79,201.7,199,21-Sep-2026 16:00:28,180.85,N,9.82,209577967.36,EQ,RSL,1078964,NIFTY IPO
266.35,20.95,274.8,272.5,21-Sep-2026 16:00:28,248.4,N,8.33,3586484253.1,EQ,SHADOWFAX,13465306,NIFTY IPO
407.13,31.2,432,429.5,21-Sep-2026 16:00:28,385.25,N,7.83,1524880987.2,EQ,SUNSHINE,3745440,NIFTY IPO
242.32,15.64,247.9,241.9,21-Sep-2026 16:00:28,225.87,N,6.91,457457754,EQ,EPACKPEB,1887825,NIFTY IPO
1147.11,72.9,1171,1168,21-Sep-2026 16:00:28,1104.7,N,6.66,1494508822.17,EQ,SYMBIOTEC,1302847,NIFTY IPO
1326.55,79.5,1365,1358.9,21-Sep-2026 16:00:28,1269.3,N,6.21,288632075.55,EQ,CLEANMAX,217581,NIFTY IPO
876.11,45.25,916,878,21-Sep-2026 16:00:28,817.15,N,5.43,3727207613.59,EQ,MVELECTRO,4254269,NIFTY IPO
125.63,6.48,128.3,126.25,21-Sep-2026 16:00:28,119.26,N,5.41,179697383.1,EQ,GKENERGY,1430370,NIFTY IPO
512.51,25.95,524.9,510,21-Sep-2026 16:00:28,484.05,N,5.36,465075149.46,EQ,CAPILLARY,907446,NIFTY IPO
53.2,2.68,54.8,53.14,21-Sep-2026 16:00:28,51.55,N,5.31,99699566.4,EQ,ANNU,1874052,NIFTY IPO
1602.81,78.2,1642.75,1642.75,21-Sep-2026 16:00:28,1564.55,N,5.00,1284480714.33,EQ,ESDS,801393,NIFTY IPO
284.32,13.7,287.77,287.77,21-Sep-2026 16:00:28,274.22,N,5.00,1642762576.8,EQ,MILKYMIST,5777865,NIFTY IPO
317.74,15.2,320.1,320.1,21-Sep-2026 16:00:28,301.7,N,4.99,3592121238.28,EQ,LALITHAA,11305222,NIFTY IPO
155.83,7.36,161.63,154.93,21-Sep-2026 16:00:28,148.4,N,4.99,9323918974.45,EQ,SAMBHV,59833915,NIFTY IPO
141.31,6.44,144.9,140,21-Sep-2026 16:00:28,133.46,N,4.82,98605411.45,EQ,SOLARWORLD,697795,NIFTY IPO
423.83,19.65,434,431.45,21-Sep-2026 16:00:28,404,N,4.77,130893961.88,EQ,SAATVIKGL,308836,NIFTY IPO
558.28,24.85,573.75,563.45,21-Sep-2026 16:00:28,537.2,N,4.61,374380334.88,EQ,LCL,670596,NIFTY IPO
441.42,18.45,457.5,425.55,21-Sep-2026 16:00:28,407,N,4.53,432463146.78,EQ,STUDDS,979709,NIFTY IPO
81.14,3.42,82.5,81.5,21-Sep-2026 16:00:28,78.05,N,4.38,76385114.86,EQ,EXCELSOFT,941399,NIFTY IPO
144.75,5.58,147.5,146.05,21-Sep-2026 16:00:28,141.54,N,3.97,610066534.5,EQ,LEAPIND,4214622,NIFTY IPO
297.92,11.05,308.4,301.9,21-Sep-2026 16:00:28,285.01,N,3.80,431690250.88,EQ,RAMBHAJO,1449014,NIFTY IPO
3416.98,124.9,3505,3480,21-Sep-2026 16:00:28,3338.8,N,3.72,981688103.06,EQ,CPPLUS,287297,NIFTY IPO
345.67,12,354.8,340,21-Sep-2026 16:00:28,330.1,N,3.66,3957395735.93,EQ,EMMVEE,11448479,NIFTY IPO
604.81,16.75,618,607.95,21-Sep-2026 16:00:28,585.25,N,2.83,227241632.44,EQ,KUSUMGAR,375724,NIFTY IPO
258.84,6.39,263.4,257.66,21-Sep-2026 16:00:28,249.63,N,2.54,341401935.96,EQ,SHANTIGOLD,1318969,NIFTY IPO
511,12.35,520,508.1,21-Sep-2026 16:00:28,494.45,N,2.49,63443205,EQ,PNGSREVA,124155,NIFTY IPO
51.37,-1.2,52.8,50.7,21-Sep-2026 16:00:28,49.95,N,-2.31,10482356.72,EQ,BMWVENTLTD,204056,NIFTY IPO
538.4,-12.65,568,533.8,21-Sep-2026 16:00:28,528,N,-2.31,110887787.2,EQ,PERNIASPOP,205958,NIFTY IPO
106.15,-2.56,109.48,104.99,21-Sep-2026 16:00:28,104.05,N,-2.38,427924193.4,EQ,PRANAV,4031316,NIFTY IPO
1658.7,-40.4,1693.9,1656.5,21-Sep-2026 16:00:28,1649,N,-2.38,1109630491.2,EQ,LGEINDIA,668976,NIFTY IPO
1235.11,-31.1,1256,1225,21-Sep-2026 16:00:28,1223,N,-2.48,22805071.04,EQ,TRAVELFOOD,18464,NIFTY IPO
685.27,-17.45,699,680.95,21-Sep-2026 16:00:28,677.75,N,-2.50,671620792.14,EQ,HDBFS,980082,NIFTY IPO
3097.44,-82.8,3188.8,3065,21-Sep-2026 16:00:28,3056.1,N,-2.63,267705544.32,EQ,SEDEMAC,86428,NIFTY IPO
185.9,-5.31,189.7,183,21-Sep-2026 16:00:28,182.15,N,-2.82,244174816.6,EQ,DEEPA,1313474,NIFTY IPO
53.33,-1.53,54.32,52.7,21-Sep-2026 16:00:28,52.51,N,-2.82,145451815.36,EQ,HORIZONIND,2727392,NIFTY IPO
58.13,-1.73,58.88,57.75,21-Sep-2026 16:00:28,57.6,N,-2.91,1355591.6,EQ,GLOTTIS,23320,NIFTY IPO
108.5,-3.33,111.56,107.15,21-Sep-2026 16:00:28,106.5,N,-3.01,19967038,EQ,ADVANCE,184028,NIFTY IPO
190.43,-5.85,195.75,187,21-Sep-2026 16:00:28,186.36,N,-3.03,6333701.8,EQ,INDIQUBE,33260,NIFTY IPO
65.69,-2.05,66.87,65,21-Sep-2026 16:00:28,64.52,N,-3.06,10367787.01,EQ,IGCL,157829,NIFTY IPO
684.11,-21.9,698.3,685.3,21-Sep-2026 16:00:28,682.1,N,-3.10,30719672223.8,EQ,LENSKART,44904580,NIFTY IPO
353.85,-11.6,363.45,348.75,21-Sep-2026 16:00:28,347.8,N,-3.22,31086076.35,EQ,STYL,87851,NIFTY IPO
585.5,-19.55,598,576.1,21-Sep-2026 16:00:28,574.2,N,-3.28,71148789,EQ,ORKLAINDIA,121518,NIFTY IPO
227.68,-7.8,237.4,223.95,21-Sep-2026 16:00:28,222.15,N,-3.37,71253822.08,EQ,EUROPRATIK,312956,NIFTY IPO
113.05,-4.55,117.9,111.67,21-Sep-2026 16:00:28,110.6,N,-3.91,41610991.8,EQ,GAUDIUMIVF,368076,NIFTY IPO
1231.98,-66.3,1298.8,1222,21-Sep-2026 16:00:28,1205.4,N,-5.15,2217207957.78,EQ,MOLBIO,1799711,NIFTY IPO
72.83,-3.97,75.56,72.8,21-Sep-2026 16:00:28,70,N,-5.17,250000627.8,EQ,HTEL,3432660,NIFTY IPO
390.38,29.2,400.45,396.2,21-Sep-2026 16:00:28,365.25,N,7.96,9042023330.66,EQ,PATANJALI,23162107,NIFTY MS IND CONS
2421.35,137.1,2452,2437.8,21-Sep-2026 16:00:28,2303,N,5.96,3251284661.95,EQ,MANKIND,1342757,NIFTY MS IND CONS
1286.52,45.2,1305.3,1296.4,21-Sep-2026 16:00:28,1251.4,N,3.61,2183889570.84,EQ,NAUKRI,1697517,NIFTY MS IND CONS
1146.49,31.2,1158.8,1142.1,21-Sep-2026 16:00:28,1125,N,2.81,1016938922.98,EQ,VOLTAS,887002,NIFTY MS IND CONS
13297,355,13415,13350,21-Sep-2026 16:00:28,13125,N,2.73,2920167467,EQ,DIXON,219611,NIFTY MS IND CONS
1926.54,51.1,1942,1929,21-Sep-2026 16:00:28,1899.9,N,2.72,664596577.26,EQ,PHOENIXLTD,344969,NIFTY MS IND CONS
1465.81,38.9,1478,1474,21-Sep-2026 16:00:28,1442.2,N,2.71,432224860.51,EQ,PRESTIGE,294871,NIFTY MS IND CONS
824.44,20.5,829.75,824.4,21-Sep-2026 16:00:28,804.25,N,2.55,1378707714.24,EQ,MARICO,1672296,NIFTY MS IND CONS
5394.32,133.5,5425,5419,21-Sep-2026 16:00:28,5308,N,2.53,1914983600,EQ,HEROMOTOCO,355000,NIFTY MS IND CONS
1565.71,33.2,1580,1565,21-Sep-2026 16:00:28,1535.5,N,2.17,977331839.1,EQ,BLUESTARCO,624210,NIFTY MS IND CONS
1801.66,36,1827.7,1821,21-Sep-2026 16:00:28,1754.3,N,2.02,1729939518.72,EQ,OBEROIRLTY,960192,NIFTY MS IND CONS
329.34,3.85,337.55,336,21-Sep-2026 16:00:28,323.95,N,1.16,1344418574.4,EQ,NYKAA,4082160,NIFTY MS IND CONS
900.67,7.5,906.5,893.5,21-Sep-2026 16:00:28,887.2,N,0.85,825378491.35,EQ,FORTIS,916405,NIFTY MS IND CONS
1263.09,6,1269.8,1264.8,21-Sep-2026 16:00:28,1250,N,0.48,153215343.18,EQ,TORNTPOWER,121302,NIFTY MS IND CONS
1704.59,5.8,1720.9,1696.9,21-Sep-2026 16:00:28,1696,N,0.34,679839925.11,EQ,GODREJPROP,398829,NIFTY MS IND CONS
582.69,-0.35,588.95,581.5,21-Sep-2026 16:00:28,579.1,N,-0.06,2586939075.81,EQ,KALYANKJIL,4439649,NIFTY MS IND CONS
275.08,-0.35,281.85,272.7,21-Sep-2026 16:00:28,271.15,N,-0.13,5599186005.4,EQ,SWIGGY,20354755,NIFTY MS IND CONS
13.96,-0.08,14.14,13.84,21-Sep-2026 16:00:28,13.82,N,-0.57,4168914111.36,EQ,IDEA,298632816,NIFTY MS IND CONS
225.88,-2.07,226.69,225.05,21-Sep-2026 16:00:28,225.05,N,-0.91,336925544.44,EQ,CROMPTON,1491613,NIFTY MS IND CONS
101.85,-1,102.48,101.65,21-Sep-2026 16:00:28,100.55,N,-0.97,665919336.6,EQ,VMM,6538236,NIFTY MS IND CONS
472.61,-5.75,479.85,471,21-Sep-2026 16:00:28,470,N,-1.21,249662849.04,EQ,IRCTC,528264,NIFTY MS IND CONS
4466.55,-55.4,4539.9,4480,21-Sep-2026 16:00:28,4376.1,N,-1.22,1881864712.2,EQ,RADICO,421324,NIFTY MS IND CONS
36012.25,-450,36300,35950,21-Sep-2026 16:00:28,35495,N,-1.24,557181532,EQ,PAGEIND,15472,NIFTY MS IND CONS
1888.53,-25.8,1903,1892,21-Sep-2026 16:00:28,1879.4,N,-1.35,1360336486.95,EQ,COLPAL,720315,NIFTY MS IND CONS
157.49,-2.35,160.25,156.45,21-Sep-2026 16:00:28,155.24,N,-1.48,328344443.91,EQ,ITCHOTELS,2084859,NIFTY MS IND CONS
27053.46,-455,27300,26815,21-Sep-2026 16:00:28,26815,N,-1.67,198978198.3,EQ,ABBOTINDIA,7355,NIFTY MS IND CONS
5375.25,-102.5,5411,5364,21-Sep-2026 16:00:28,5316.5,N,-1.88,510476742,EQ,ALKEM,94968,NIFTY MS IND CONS
390.68,-8.45,392.8,386.8,21-Sep-2026 16:00:28,386.8,N,-2.14,819461457.68,EQ,DABUR,2097526,NIFTY MS IND CONS
1107.92,-29.3,1113.4,1103.1,21-Sep-2026 16:00:28,1100.5,N,-2.59,717656287.92,EQ,HAVELLS,647751,NIFTY MS IND CONS
491.79,-12.95,503.6,487.05,21-Sep-2026 16:00:28,485.7,N,-2.59,1082039800.53,EQ,JUBLFOOD,2200207,NIFTY MS IND CONS
1286.52,45.2,1305.3,1296.4,21-Sep-2026 16:00:28,1251.4,N,3.61,2183889570.84,EQ,NAUKRI,1697517,NIFTY NONCYC CONS
1146.49,31.2,1158.8,1142.1,21-Sep-2026 16:00:28,1125,N,2.81,1016938922.98,EQ,VOLTAS,887002,NIFTY NONCYC CONS
333.01,9.05,336.5,335.9,21-Sep-2026 16:00:28,326.85,N,2.77,6751621901.32,EQ,ETERNAL,20274532,NIFTY NONCYC CONS
13297,355,13415,13350,21-Sep-2026 16:00:28,13125,N,2.73,2920167467,EQ,DIXON,219611,NIFTY NONCYC CONS
824.44,20.5,829.75,824.4,21-Sep-2026 16:00:28,804.25,N,2.55,1378707714.24,EQ,MARICO,1672296,NIFTY NONCYC CONS
1401.18,26,1411,1397,21-Sep-2026 16:00:28,1379.5,N,1.90,1084105576.62,EQ,UNITDSPR,773709,NIFTY NONCYC CONS
266.74,4.7,267.95,267,21-Sep-2026 16:00:28,263.55,N,1.79,2310711537.64,EQ,ITC,8662786,NIFTY NONCYC CONS
747.73,12.25,755,745,21-Sep-2026 16:00:28,741,N,1.67,2230971344.07,EQ,INDHOTEL,2983659,NIFTY NONCYC CONS
4844.92,76.5,4880,4875,21-Sep-2026 16:00:28,4780,N,1.59,3222196409.64,EQ,TITAN,665067,NIFTY NONCYC CONS
3780.63,50.5,3814.6,3800.4,21-Sep-2026 16:00:28,3732,N,1.35,2446090293.78,EQ,DMART,647006,NIFTY NONCYC CONS
329.34,3.85,337.55,336,21-Sep-2026 16:00:28,323.95,N,1.16,1344418574.4,EQ,NYKAA,4082160,NIFTY NONCYC CONS
1377.57,12.6,1390,1385,21-Sep-2026 16:00:28,1360,N,0.92,789445417.47,EQ,NESTLEIND,573071,NIFTY NONCYC CONS
1956.15,15,1966.6,1947,21-Sep-2026 16:00:28,1939,N,0.78,1691183614.05,EQ,HINDUNILVR,864547,NIFTY NONCYC CONS
428.2,3.05,431.15,425,21-Sep-2026 16:00:28,422,N,0.72,2115434747.2,EQ,VBL,4940296,NIFTY NONCYC CONS
5016.19,25,5030.5,5023,21-Sep-2026 16:00:28,4991.5,N,0.50,837081722.44,EQ,BRITANNIA,166876,NIFTY NONCYC CONS
1007.96,4.6,1015.5,1000.6,21-Sep-2026 16:00:28,997.2,N,0.46,693502686.96,EQ,TATACONSUM,688026,NIFTY NONCYC CONS
4965.54,21,5030.5,4941,21-Sep-2026 16:00:28,4925,N,0.43,2219685759.72,EQ,INDIGO,447018,NIFTY NONCYC CONS
275.08,-0.35,281.85,272.7,21-Sep-2026 16:00:28,271.15,N,-0.13,5599186005.4,EQ,SWIGGY,20354755,NIFTY NONCYC CONS
2821.09,-8.5,2836.9,2815.5,21-Sep-2026 16:00:28,2801,N,-0.30,1672895085.64,EQ,TRENT,592996,NIFTY NONCYC CONS
2454.3,-11,2463.8,2440.3,21-Sep-2026 16:00:28,2440.3,N,-0.45,658113182.1,EQ,ASIANPAINT,268147,NIFTY NONCYC CONS
101.85,-1,102.48,101.65,21-Sep-2026 16:00:28,100.55,N,-0.97,665919336.6,EQ,VMM,6538236,NIFTY NONCYC CONS
472.61,-5.75,479.85,471,21-Sep-2026 16:00:28,470,N,-1.21,249662849.04,EQ,IRCTC,528264,NIFTY NONCYC CONS
36012.25,-450,36300,35950,21-Sep-2026 16:00:28,35495,N,-1.24,557181532,EQ,PAGEIND,15472,NIFTY NONCYC CONS
1888.53,-25.8,1903,1892,21-Sep-2026 16:00:28,1879.4,N,-1.35,1360336486.95,EQ,COLPAL,720315,NIFTY NONCYC CONS
879.14,-12.5,891,867.5,21-Sep-2026 16:00:28,866.1,N,-1.42,857886790.5,EQ,GODREJCP,975825,NIFTY NONCYC CONS
390.68,-8.45,392.8,386.8,21-Sep-2026 16:00:28,386.8,N,-2.14,819461457.68,EQ,DABUR,2097526,NIFTY NONCYC CONS
491.79,-12.95,503.6,487.05,21-Sep-2026 16:00:28,485.7,N,-2.59,1082039800.53,EQ,JUBLFOOD,2200207,NIFTY NONCYC CONS
1107.92,-29.3,1113.4,1103.1,21-Sep-2026 16:00:28,1100.5,N,-2.59,717656287.92,EQ,HAVELLS,647751,NIFTY NONCYC CONS
1750.09,-54.3,1789.6,1725.8,21-Sep-2026 16:00:28,1725,N,-3.05,193897721.37,EQ,TATACOMM,110793,NIFTY NONCYC CONS
1833.39,-63.1,1854.8,1830.2,21-Sep-2026 16:00:28,1822,N,-3.33,17814280606.2,EQ,BHARTIARTL,9716580,NIFTY NONCYC CONS
390.38,29.2,400.45,396.2,21-Sep-2026 16:00:28,365.25,N,7.96,9042023330.66,EQ,PATANJALI,23162107,NIFTY RURAL
564.36,19.85,574.15,568,21-Sep-2026 16:00:28,543.65,N,3.62,2116198751.52,EQ,LICHSGFIN,3749732,NIFTY RURAL
1146.49,31.2,1158.8,1142.1,21-Sep-2026 16:00:28,1125,N,2.81,1016938922.98,EQ,VOLTAS,887002,NIFTY RURAL
13297,355,13415,13350,21-Sep-2026 16:00:28,13125,N,2.73,2920167467,EQ,DIXON,219611,NIFTY RURAL
824.44,20.5,829.75,824.4,21-Sep-2026 16:00:28,804.25,N,2.55,1378707714.24,EQ,MARICO,1672296,NIFTY RURAL
5394.32,133.5,5425,5419,21-Sep-2026 16:00:28,5308,N,2.53,1914983600,EQ,HEROMOTOCO,355000,NIFTY RURAL
179.78,4,181.26,179,21-Sep-2026 16:00:28,175.63,N,2.29,2745447706.56,EQ,BANDHANBNK,15271152,NIFTY RURAL
1565.71,33.2,1580,1565,21-Sep-2026 16:00:28,1535.5,N,2.17,977331839.1,EQ,BLUESTARCO,624210,NIFTY RURAL
266.74,4.7,267.95,267,21-Sep-2026 16:00:28,263.55,N,1.79,2310711537.64,EQ,ITC,8662786,NIFTY RURAL
562.52,8.45,565.9,559.4,21-Sep-2026 16:00:28,551.65,N,1.53,1592769754.8,EQ,HDFCLIFE,2831490,NIFTY RURAL
1763.63,25,1774.4,1756,21-Sep-2026 16:00:28,1734.3,N,1.44,1247478989.68,EQ,SBILIFE,707336,NIFTY RURAL
1377.57,12.6,1390,1385,21-Sep-2026 16:00:28,1360,N,0.92,789445417.47,EQ,NESTLEIND,573071,NIFTY RURAL
2837.84,24.1,2859.3,2822.3,21-Sep-2026 16:00:28,2797.2,N,0.86,167750398.08,EQ,ESCORTS,59112,NIFTY RURAL
327.03,2.75,328.75,326.4,21-Sep-2026 16:00:28,324.85,N,0.85,1667265000.06,EQ,NTPC,5098202,NIFTY RURAL
11081.84,86,11146,11100,21-Sep-2026 16:00:28,10983,N,0.78,1686999585.04,EQ,ULTRACEMCO,152231,NIFTY RURAL
1956.15,15,1966.6,1947,21-Sep-2026 16:00:28,1939,N,0.78,1691183614.05,EQ,HINDUNILVR,864547,NIFTY RURAL
1138.34,8,1154.6,1141.1,21-Sep-2026 16:00:28,1120.2,N,0.71,1315648976.74,EQ,PNBHOUSING,1155761,NIFTY RURAL
5068.33,35.5,5108,5100,21-Sep-2026 16:00:28,5001.5,N,0.70,113697846.89,EQ,JKCEMENT,22433,NIFTY RURAL
1581.09,10,1591.8,1569,21-Sep-2026 16:00:28,1545.7,N,0.64,844757413.92,EQ,MFSL,534288,NIFTY RURAL
392.94,2.45,395.95,390.75,21-Sep-2026 16:00:28,389.1,N,0.63,412046314.56,EQ,AMBUJACEM,1048624,NIFTY RURAL
161.72,-1.25,163.19,161.75,21-Sep-2026 16:00:28,160.87,N,-0.77,1274898596.4,EQ,ASHOKLEY,7883370,NIFTY RURAL
225.88,-2.07,226.69,225.05,21-Sep-2026 16:00:28,225.05,N,-0.91,336925544.44,EQ,CROMPTON,1491613,NIFTY RURAL
138.52,-1.37,139.61,138.63,21-Sep-2026 16:00:28,138.2,N,-0.98,362491879.84,EQ,BANKINDIA,2616892,NIFTY RURAL
4676.35,-46.6,4751.3,4684,21-Sep-2026 16:00:28,4636.4,N,-0.99,85567852.3,EQ,SUNDARMFIN,18298,NIFTY RURAL
472.61,-5.75,479.85,471,21-Sep-2026 16:00:28,470,N,-1.21,249662849.04,EQ,IRCTC,528264,NIFTY RURAL
1888.53,-25.8,1903,1892,21-Sep-2026 16:00:28,1879.4,N,-1.35,1360336486.95,EQ,COLPAL,720315,NIFTY RURAL
3187.05,-43.2,3217.3,3166,21-Sep-2026 16:00:28,3166,N,-1.35,595978350,EQ,GRASIM,187000,NIFTY RURAL
879.14,-12.5,891,867.5,21-Sep-2026 16:00:28,866.1,N,-1.42,857886790.5,EQ,GODREJCP,975825,NIFTY RURAL
75.93,-1.15,76.69,75.8,21-Sep-2026 16:00:28,75.54,N,-1.49,790146714.36,EQ,NHPC,10406252,NIFTY RURAL
308.53,-5,311.25,307.8,21-Sep-2026 16:00:28,306.3,N,-1.60,807657492.8,EQ,LTF,2617760,NIFTY RURAL
472.26,-8.2,480.75,471.2,21-Sep-2026 16:00:28,467.1,N,-1.71,774164011.5,EQ,POONAWALLA,1639275,NIFTY RURAL
516.85,-9,522.15,517,21-Sep-2026 16:00:28,514.55,N,-1.71,864596500.15,EQ,JSWENERGY,1672819,NIFTY RURAL
1027.5,-19,1037.7,1021.3,21-Sep-2026 16:00:28,1021.3,N,-1.83,4285248345,EQ,BAJFINANCE,4170558,NIFTY RURAL
1410.2,-26.8,1426.1,1400.9,21-Sep-2026 16:00:28,1400.9,N,-1.88,259758840,EQ,ASTRAL,184200,NIFTY RURAL
399.34,-7.7,402.2,400,21-Sep-2026 16:00:28,396.05,N,-1.89,2947809675.36,EQ,LICI,7381704,NIFTY RURAL
2330.42,-45,2342.7,2321.8,21-Sep-2026 16:00:28,2315.7,N,-1.90,160235018.36,EQ,PIIND,68758,NIFTY RURAL
1779,-36,1806,1764,21-Sep-2026 16:00:28,1763.5,N,-2.00,1641942282,EQ,CHOLAFIN,922958,NIFTY RURAL
366.85,-7.65,369.6,367.15,21-Sep-2026 16:00:28,365.65,N,-2.04,1054891115.3,EQ,TATAPOWER,2875538,NIFTY RURAL
454.56,-9.65,463,449,21-Sep-2026 16:00:28,448.1,N,-2.10,391052967.84,EQ,BERGEPAINT,860289,NIFTY RURAL
390.68,-8.45,392.8,386.8,21-Sep-2026 16:00:28,386.8,N,-2.14,819461457.68,EQ,DABUR,2097526,NIFTY RURAL
639.4,-14.15,643.65,637,21-Sep-2026 16:00:28,636.2,N,-2.17,607458773,EQ,SBICARD,950045,NIFTY RURAL
3525.67,-80.3,3563.3,3500,21-Sep-2026 16:00:28,3488.8,N,-2.24,473504532.34,EQ,SUPREMEIND,134302,NIFTY RURAL
1313.86,-30.9,1332,1303.6,21-Sep-2026 16:00:28,1300.1,N,-2.32,846644814.7,EQ,ADANIGREEN,644395,NIFTY RURAL
1107.92,-29.3,1113.4,1103.1,21-Sep-2026 16:00:28,1100.5,N,-2.59,717656287.92,EQ,HAVELLS,647751,NIFTY RURAL
2154.17,-64.8,2178,2144,21-Sep-2026 16:00:28,2136.2,N,-2.93,817770323.74,EQ,HYUNDAI,379622,NIFTY RURAL
1946.54,-59.4,1990,1940.1,21-Sep-2026 16:00:28,1936.1,N,-2.97,171032737.1,EQ,COROMANDEL,87865,NIFTY RURAL
1750.09,-54.3,1789.6,1725.8,21-Sep-2026 16:00:28,1725,N,-3.05,193897721.37,EQ,TATACOMM,110793,NIFTY RURAL
2263.22,-74.2,2304.8,2226,21-Sep-2026 16:00:28,2216,N,-3.23,467447722.02,EQ,PIRAMALFIN,206541,NIFTY RURAL
1833.39,-63.1,1854.8,1830.2,21-Sep-2026 16:00:28,1822,N,-3.33,17814280606.2,EQ,BHARTIARTL,9716580,NIFTY RURAL
563.48,-20.1,569.2,559.9,21-Sep-2026 16:00:28,559.9,N,-3.47,1516423852.48,EQ,UPL,2691176,NIFTY RURAL
333.01,9.05,336.5,335.9,21-Sep-2026 16:00:28,326.85,N,2.77,6751621901.32,EQ,ETERNAL,20274532,NIFTY TRANS LOGIS
5394.32,133.5,5425,5419,21-Sep-2026 16:00:28,5308,N,2.53,1914983600,EQ,HEROMOTOCO,355000,NIFTY TRANS LOGIS
431.54,7,437.6,435,21-Sep-2026 16:00:28,425.85,N,1.64,1402033758.32,EQ,DELHIVERY,3248908,NIFTY TRANS LOGIS
47871.34,565,48180,47565,21-Sep-2026 16:00:28,47460,N,1.20,759861779.82,EQ,BOSCHLTD,15873,NIFTY TRANS LOGIS
4965.54,21,5030.5,4941,21-Sep-2026 16:00:28,4925,N,0.43,2219685759.72,EQ,INDIGO,447018,NIFTY TRANS LOGIS
12188.46,50,12229,12153,21-Sep-2026 16:00:28,12129,N,0.41,4133972166.66,EQ,MARUTI,339171,NIFTY TRANS LOGIS
11485.26,46,11533,11460,21-Sep-2026 16:00:28,11450,N,0.40,1068508193.58,EQ,BAJAJ-AUTO,93033,NIFTY TRANS LOGIS
442.49,1.6,445.45,444.5,21-Sep-2026 16:00:28,437.2,N,0.36,2069455374.09,EQ,TMCV,4676841,NIFTY TRANS LOGIS
1963.83,6.8,1981.8,1968.9,21-Sep-2026 16:00:28,1942.2,N,0.35,1347081333.18,EQ,BHARATFORG,685946,NIFTY TRANS LOGIS
162.48,0.34,163.88,162.91,21-Sep-2026 16:00:28,160.5,N,0.21,1180359032.16,EQ,MOTHERSON,7264642,NIFTY TRANS LOGIS
3067.2,3.3,3088,3055.3,21-Sep-2026 16:00:28,3055.3,N,0.11,3241570320,EQ,M&M,1056850,NIFTY TRANS LOGIS
7518.21,-3.5,7569.5,7512.5,21-Sep-2026 16:00:28,7490,N,-0.05,1893476224.92,EQ,EICHERMOT,251852,NIFTY TRANS LOGIS
410.48,-0.3,413.8,409,21-Sep-2026 16:00:28,408.35,N,-0.07,183428324.24,EQ,APOLLOTYRE,446863,NIFTY TRANS LOGIS
275.08,-0.35,281.85,272.7,21-Sep-2026 16:00:28,271.15,N,-0.13,5599186005.4,EQ,SWIGGY,20354755,NIFTY TRANS LOGIS
4179.05,-16.3,4208.1,4155,21-Sep-2026 16:00:28,4155,N,-0.39,765589422.85,EQ,TVSMOTOR,183197,NIFTY TRANS LOGIS
2594.19,-12,2614.2,2588,21-Sep-2026 16:00:28,2569.1,N,-0.46,247449407.34,EQ,TIINDIA,95386,NIFTY TRANS LOGIS
99.38,-0.6,101.28,98.7,21-Sep-2026 16:00:28,98.15,N,-0.60,2736599332.98,EQ,GMRAIRPORT,27536721,NIFTY TRANS LOGIS
125051.57,-810,125780,124860,21-Sep-2026 16:00:28,124700,N,-0.64,306251294.93,EQ,MRF,2449,NIFTY TRANS LOGIS
434.11,-3,437.3,432.85,21-Sep-2026 16:00:28,430.7,N,-0.69,785885829.18,EQ,EXIDEIND,1810338,NIFTY TRANS LOGIS
301.23,-2.15,303.8,301.65,21-Sep-2026 16:00:28,299.1,N,-0.71,2556989951.31,EQ,TMPV,8488497,NIFTY TRANS LOGIS
161.72,-1.25,163.19,161.75,21-Sep-2026 16:00:28,160.87,N,-0.77,1274898596.4,EQ,ASHOKLEY,7883370,NIFTY TRANS LOGIS
472.61,-5.75,479.85,471,21-Sep-2026 16:00:28,470,N,-1.21,249662849.04,EQ,IRCTC,528264,NIFTY TRANS LOGIS
806,-12.75,817.2,795.25,21-Sep-2026 16:00:28,793.2,N,-1.58,1709619496,EQ,SONACOMS,2121116,NIFTY TRANS LOGIS
1784.81,-36.9,1796.8,1787.1,21-Sep-2026 16:00:28,1766.7,N,-2.02,4136871883.82,EQ,ADANIPORTS,2317822,NIFTY TRANS LOGIS
2247.08,-48,2278,2232,21-Sep-2026 16:00:28,2222.1,N,-2.11,1437317757.04,EQ,MAZDOCK,639638,NIFTY TRANS LOGIS
2217.63,-50.3,2259,2215,21-Sep-2026 16:00:28,2200.5,N,-2.22,399687890.16,EQ,BALKRISIND,180232,NIFTY TRANS LOGIS
4123.67,-111,4203,4106.6,21-Sep-2026 16:00:28,4081.1,N,-2.63,190249639.12,EQ,SCHAEFFLER,46136,NIFTY TRANS LOGIS
2154.17,-64.8,2178,2144,21-Sep-2026 16:00:28,2136.2,N,-2.93,817770323.74,EQ,HYUNDAI,379622,NIFTY TRANS LOGIS
492.28,-16.5,501.95,487.05,21-Sep-2026 16:00:28,487.05,N,-3.28,435839605.72,EQ,CONCOR,885349,NIFTY TRANS LOGIS
1233.41,-56.5,1259.9,1227.5,21-Sep-2026 16:00:28,1220.7,N,-4.40,883501450.28,EQ,UNOMINDA,716308,NIFTY TRANS LOGIS
117.45,174.75,286.65,286.65,21-Sep-2026 15:59:57,286.65,N,156.17,1691280,ST,INNOMET,14400,NIFTY SME EMERGE
306.27,247.95,568,566,21-Sep-2026 15:59:57,564.85,N,77.96,5145336,ST,APSISAERO,16800,NIFTY SME EMERGE
130.09,68.05,192,192,21-Sep-2026 15:59:57,192,N,54.90,780540,ST,UHTL,6000,NIFTY SME EMERGE
35.32,5.95,35.9,35.9,21-Sep-2026 15:59:57,30.5,N,19.87,2966880,SM,PRESSTONIC,84000,NIFTY SME EMERGE
27.44,4.05,29.35,28.95,21-Sep-2026 15:59:57,24.9,N,16.27,14817600,SM,CANARYS,540000,NIFTY SME EMERGE
57.29,8,61.8,60,21-Sep-2026 15:59:57,52,N,15.38,2108272,SM,BRACEPORT,36800,NIFTY SME EMERGE
22.15,3,23.95,23,21-Sep-2026 15:59:57,19.4,N,15.00,770820,SM,DECCANTRAN,34800,NIFTY SME EMERGE
37.13,4.6,38.85,37,21-Sep-2026 15:59:57,30.1,N,14.20,12445976,SM,KLL,335200,NIFTY SME EMERGE
137.46,16.95,143,136.95,21-Sep-2026 15:59:57,122.5,N,14.13,52234800,SM,CHAVDA,380000,NIFTY SME EMERGE
121.11,13.4,128.4,128.4,21-Sep-2026 15:59:57,116,N,11.65,4214628,SM,VDEAL,34800,NIFTY SME EMERGE
246.31,23.8,258,255.3,21-Sep-2026 15:59:57,233.3,N,10.28,69952040,SM,ADISOFT,284000,NIFTY SME EMERGE
207,19.25,211.8,211.8,21-Sep-2026 15:59:57,192.55,N,10.00,5899500,SM,POSITRON,28500,NIFTY SME EMERGE
21.63,2,22.95,22.55,21-Sep-2026 15:59:57,20,N,9.73,648900,SM,GANGABATH,30000,NIFTY SME EMERGE
23.76,2.1,24.2,24.2,21-Sep-2026 15:59:57,23.05,N,9.50,228096,SM,BAWEJA,9600,NIFTY SME EMERGE
68.5,6,71.35,71.35,21-Sep-2026 15:59:57,66.9,N,9.18,219200,SM,SILKY,3200,NIFTY SME EMERGE
152.4,12.1,165,155,21-Sep-2026 15:59:57,143,N,8.47,31333440,SM,SATKARTAR,205600,NIFTY SME EMERGE
176.53,14.4,185,185,21-Sep-2026 15:59:57,171.1,N,8.44,8755888,SM,CKKRETAIL,49600,NIFTY SME EMERGE
82.28,6.3,86.5,86.5,21-Sep-2026 15:59:57,80.25,N,7.86,3044360,SM,TRANSTEEL,37000,NIFTY SME EMERGE
1730.48,127.75,1800,1790,21-Sep-2026 15:59:57,1644.2,N,7.69,230153840,SM,AIMTRON,133000,NIFTY SME EMERGE
81.46,5.7,88.85,80,21-Sep-2026 15:59:57,77.85,N,7.67,3014020,SM,KCEIL,37000,NIFTY SME EMERGE
63.63,-3.3,67.9,62.85,21-Sep-2026 15:59:57,62.85,N,-4.99,5885775,SM,POLYSIL,92500,NIFTY SME EMERGE
430.94,-22.5,442.05,428.45,21-Sep-2026 15:59:57,428.45,N,-4.99,9308304,ST,FRESHARA,21600,NIFTY SME EMERGE
197.75,-10.4,197.75,197.75,21-Sep-2026 15:59:57,197.75,N,-5.00,791000,ST,AVATAR,4000,NIFTY SME EMERGE
55.1,-2.9,55.1,55.1,21-Sep-2026 15:59:57,55.1,N,-5.00,881600,ST,VILINBIO,16000,NIFTY SME EMERGE
191.95,-9.95,198,189.05,21-Sep-2026 15:59:57,189.05,N,-5.00,3685440,ST,JAINIK,19200,NIFTY SME EMERGE
389.5,-20,397,373,21-Sep-2026 15:59:57,373,N,-5.09,5920400,SM,VIESL,15200,NIFTY SME EMERGE
59.13,-3.45,60,56.55,21-Sep-2026 15:59:57,56.55,N,-5.75,189216,SM,SPECTSTM,3200,NIFTY SME EMERGE
364.53,-22.4,370,362,21-Sep-2026 15:59:57,360,N,-5.83,3936924,SM,AMCL,10800,NIFTY SME EMERGE
89.47,-6.05,91.5,88.7,21-Sep-2026 15:59:57,88.05,N,-6.39,2863040,SM,EXIMROUTES,32000,NIFTY SME EMERGE
49.59,-3.35,51.4,49.05,21-Sep-2026 15:59:57,49,N,-6.39,1338930,SM,SHREEOSFM,27000,NIFTY SME EMERGE
1886.82,-125.35,1945,1826,21-Sep-2026 15:59:57,1826,N,-6.42,905673.6,SM,PROV,480,NIFTY SME EMERGE
108.59,-8,117,108.9,21-Sep-2026 15:59:57,106,N,-6.84,12943928,SM,HIGREEN,119200,NIFTY SME EMERGE
57.51,-4.2,59.85,56.95,21-Sep-2026 15:59:57,56.55,N,-6.87,2576448,SM,SATTVAENGG,44800,NIFTY SME EMERGE
63.45,-4.45,69.7,60.05,21-Sep-2026 15:59:57,59,N,-6.90,1142100,SM,MYMUDRA,18000,NIFTY SME EMERGE
40,-3.1,40,40,21-Sep-2026 15:59:57,40,N,-7.19,64000,SM,WHITEFORCE,1600,NIFTY SME EMERGE
151.03,-11.9,151.15,151,21-Sep-2026 15:59:57,151,N,-7.31,453090,SM,INM,3000,NIFTY SME EMERGE
28.26,-2.2,29.5,27.5,21-Sep-2026 15:59:57,27.5,N,-7.41,678240,SM,MARCO,24000,NIFTY SME EMERGE
546.55,-44.15,580,538.7,21-Sep-2026 15:59:57,535.1,N,-7.57,46074165,SM,TECHD,84300,NIFTY SME EMERGE
109.17,-8.8,119.7,107.15,21-Sep-2026 15:59:57,103.1,N,-7.59,1004364,SM,MAITREYA,9200,NIFTY SME EMERGE
114.24,-9.3,122.9,113,21-Sep-2026 15:59:57,108,N,-7.60,6625920,SM,FINBUD,58000,NIFTY SME EMERGE
330.17,-26.75,348,320,21-Sep-2026 15:59:57,318.05,N,-7.71,130747320,SM,VMARCIND,396000,NIFTY SME EMERGE
31.54,-3.15,32.65,31.1,21-Sep-2026 15:59:57,31,N,-9.20,693880,SM,PSFL,22000,NIFTY SME EMERGE
186.34,-19.2,202,185,21-Sep-2026 15:59:57,177,N,-9.40,76250328,SM,C2C,409200,NIFTY SME EMERGE
70.9,-7.85,70.9,70.9,21-Sep-2026 15:59:57,70.9,N,-9.97,872070,SM,KDL,12300,NIFTY SME EMERGE
0,-34.1,225.9,225.9,21-Sep-2026 15:59:57,225.9,N,-13.12,0,ST,UCL,190000,NIFTY SME EMERGE
1.95,-0.25,1.7,1.65,21-Sep-2026 15:59:57,1.65,N,-13.16,23400,ST,JALAN,12000,NIFTY SME EMERGE
123.26,-18.85,125,124.15,21-Sep-2026 15:59:57,118,N,-13.18,739560,SM,DTL,6000,NIFTY SME EMERGE
982.38,-139.35,825.65,825.65,21-Sep-2026 15:59:57,825.65,N,-14.44,2210355,ST,HOACFOODS,2250,NIFTY SME EMERGE
0,-114.85,0,0,21-Sep-2026 15:31:57,0,N,-100.00,0,SM,PATTECH,0,NIFTY SME EMERGE
0,-75.5,0,0,21-Sep-2026 15:51:21,0,N,-100.00,0,SM,RICHA,0,NIFTY SME EMERGE
1286.52,45.2,1305.3,1296.4,21-Sep-2026 16:00:28,1251.4,N,3.61,2183889570.84,EQ,NAUKRI,1697517,NIFTY INTERNET
1782.6,50,1804.4,1793,21-Sep-2026 16:00:28,1745,N,2.87,1452672826.8,EQ,POLICYBZR,814918,NIFTY INTERNET
333.01,9.05,336.5,335.9,21-Sep-2026 16:00:28,326.85,N,2.77,6751621901.32,EQ,ETERNAL,20274532,NIFTY INTERNET
219.11,5.06,221.2,219.5,21-Sep-2026 16:00:28,216,N,2.36,2397870820.35,EQ,MEESHO,10943685,NIFTY INTERNET
171.64,3.59,174.25,172.7,21-Sep-2026 16:00:28,166.54,N,2.12,1113890391.6,EQ,URBANCO,6489690,NIFTY INTERNET
681.88,14,693,683,21-Sep-2026 16:00:28,663.35,N,2.09,98003884.88,EQ,JUSTDIAL,143726,NIFTY INTERNET
175.58,3.07,177.8,176.8,21-Sep-2026 16:00:28,173.5,N,1.77,21822487.04,EQ,CRIZAC,124288,NIFTY INTERNET
26.85,0.46,28.4,27,21-Sep-2026 16:00:28,26.34,N,1.73,47343423.6,EQ,RTNINDIA,1763256,NIFTY INTERNET
329.34,3.85,337.55,336,21-Sep-2026 16:00:28,323.95,N,1.16,1344418574.4,EQ,NYKAA,4082160,NIFTY INTERNET
193.28,0.56,196.1,192.6,21-Sep-2026 16:00:28,191.46,N,0.29,3622963246.08,EQ,PINELABS,18744636,NIFTY INTERNET
275.08,-0.35,281.85,272.7,21-Sep-2026 16:00:28,271.15,N,-0.13,5599186005.4,EQ,SWIGGY,20354755,NIFTY INTERNET
344.23,-0.6,345.8,344.5,21-Sep-2026 16:00:28,343,N,-0.17,113407261.96,EQ,IIFLCAPS,329452,NIFTY INTERNET
1702.28,-5.6,1723.6,1705,21-Sep-2026 16:00:28,1684,N,-0.33,309251505.32,EQ,TBOTEK,181669,NIFTY INTERNET
16.02,-0.09,16.28,15.99,21-Sep-2026 16:00:28,15.82,N,-0.56,102575611.44,EQ,CCAVENUE,6402972,NIFTY INTERNET
369.15,-2.25,372.7,367.1,21-Sep-2026 16:00:28,366.2,N,-0.61,164103048.45,EQ,NAZARA,444543,NIFTY INTERNET
190.37,-1.63,192.23,190.13,21-Sep-2026 16:00:28,189.2,N,-0.85,3041213292.12,EQ,GROWW,15975276,NIFTY INTERNET
1635.89,-14,1656,1632.3,21-Sep-2026 16:00:28,1630,N,-0.85,81329907.24,EQ,INDIAMART,49716,NIFTY INTERNET
297.51,-2.95,302,296.15,21-Sep-2026 16:00:28,295.2,N,-0.99,850319281.2,EQ,ANGELONE,2858120,NIFTY INTERNET
105.12,-1.19,106.07,104.85,21-Sep-2026 16:00:28,104.04,N,-1.12,43062618.24,EQ,THOMASCOOK,409652,NIFTY INTERNET
133.88,-1.6,137.2,135,21-Sep-2026 16:00:28,132.7,N,-1.17,1109402109.08,EQ,PWL,8286541,NIFTY INTERNET
472.61,-5.75,479.85,471,21-Sep-2026 16:00:28,470,N,-1.21,249662849.04,EQ,IRCTC,528264,NIFTY INTERNET
171,-2.34,173.09,169.81,21-Sep-2026 16:00:28,169.55,N,-1.36,164467458,EQ,FIRSTCRY,961798,NIFTY INTERNET
1001.16,-15,1009.8,995,21-Sep-2026 16:00:28,993.2,N,-1.49,277721784,EQ,MOTILALOFS,277400,NIFTY INTERNET
1813.98,-39.9,1829.3,1810,21-Sep-2026 16:00:28,1792,N,-2.16,9164711292.66,EQ,PAYTM,5052267,NIFTY INTERNET
2936.6,-69.9,2990.1,2919,21-Sep-2026 16:00:28,2907.7,N,-2.34,478621751,EQ,CARTRADE,162985,NIFTY INTERNET
161.77,-4.05,165.98,161.6,21-Sep-2026 16:00:28,160.2,N,-2.44,63774425.33,EQ,IXIGO,394229,NIFTY INTERNET
353.85,-11.6,363.45,348.75,21-Sep-2026 16:00:28,347.8,N,-3.22,31086076.35,EQ,STYL,87851,NIFTY INTERNET
49.8,2.44,51.25,51.25,21-Sep-2026 16:00:28,47,N,5.00,4191466.8,BE,ONMOBILE,84166,NIFTY WAVES
18.37,0.89,18.87,18.87,21-Sep-2026 16:00:28,18.05,N,4.95,20511299.05,EQ,AQYLON,1116565,NIFTY WAVES
2.63,0.12,2.65,2.65,21-Sep-2026 16:00:28,2.58,N,4.74,178429.72,BE,TVVISION,67844,NIFTY WAVES
8.66,0.28,8.89,8.88,21-Sep-2026 16:00:28,8.17,N,3.26,290759.5,EQ,RAJTV,33575,NIFTY WAVES
346.86,9.65,355,354,21-Sep-2026 16:00:28,339,N,2.80,1589118625.26,EQ,PFOCUS,4581441,NIFTY WAVES
2.8,0.07,2.89,2.87,21-Sep-2026 16:00:28,2.78,N,2.50,73332,EQ,RADAAN,26190,NIFTY WAVES
117.06,2.6,119.5,118.99,21-Sep-2026 16:00:28,115,N,2.23,1242357.78,BE,SHEMAROO,10613,NIFTY WAVES
1345.17,27.3,1357.8,1352,21-Sep-2026 16:00:28,1322.6,N,2.06,619454820.51,EQ,PVRINOX,460503,NIFTY WAVES
89.66,1.64,92,92,21-Sep-2026 16:00:28,87.21,N,1.81,2442428.06,EQ,CINELINE,27241,NIFTY WAVES
3.82,0.06,3.88,3.88,21-Sep-2026 16:00:28,3.75,N,1.57,17537.62,EQ,NEXTMEDIA,4591,NIFTY WAVES
454.63,5.3,460.75,457,21-Sep-2026 16:00:28,447.2,N,1.17,157365173.57,EQ,SUNTV,346139,NIFTY WAVES
6.04,0.01,6.2,6.02,21-Sep-2026 16:00:28,6.01,N,0.17,155366.92,EQ,RADIOCITY,25723,NIFTY WAVES
7.31,0,7.46,7.32,21-Sep-2026 16:00:28,7.25,N,0.00,5634606.48,EQ,ZEEMEDIA,770808,NIFTY WAVES
54.79,-0.02,55.69,54.94,21-Sep-2026 16:00:28,54.15,N,-0.04,3450126.3,EQ,GTPL,62970,NIFTY WAVES
661.01,-1.2,665,656.5,21-Sep-2026 16:00:28,653.95,N,-0.18,128520835.31,EQ,TIPSMUSIC,194431,NIFTY WAVES
9.98,-0.02,10.03,9.96,21-Sep-2026 16:00:28,9.94,N,-0.20,8839246.08,EQ,HATHWAY,885696,NIFTY WAVES
71.74,-0.22,72.49,71.5,21-Sep-2026 16:00:28,71.17,N,-0.31,3068678.5,EQ,NDTV,42775,NIFTY WAVES
88.92,-0.4,91.16,89,21-Sep-2026 16:00:28,88.02,N,-0.45,1230386.04,EQ,RKSWAMY,13837,NIFTY WAVES
322.99,-1.7,331.2,318.65,21-Sep-2026 16:00:28,316.5,N,-0.53,524535.76,EQ,TIPSFILMS,1624,NIFTY WAVES
269.9,-1.5,273.95,270,21-Sep-2026 16:00:28,265.5,N,-0.55,7954222.9,EQ,SIGNPOST,29471,NIFTY WAVES
369.15,-2.25,372.7,367.1,21-Sep-2026 16:00:28,366.2,N,-0.61,164103048.45,EQ,NAZARA,444543,NIFTY WAVES
60.8,-0.39,61.5,60.56,21-Sep-2026 16:00:28,60.11,N,-0.64,1546569.6,EQ,UFO,25437,NIFTY WAVES
26.87,-0.22,27.32,26.78,21-Sep-2026 16:00:28,26.56,N,-0.81,74791167.15,EQ,NETWORK18,2783445,NIFTY WAVES
4.37,-0.04,4.53,4.31,21-Sep-2026 16:00:28,4.26,N,-0.92,360485.67,EQ,BAGFILMS,82491,NIFTY WAVES
26.46,-0.25,26.94,26.37,21-Sep-2026 16:00:28,26.12,N,-0.94,8877091.86,EQ,DEN,335491,NIFTY WAVES
77.78,-1.12,79,77.5,21-Sep-2026 16:00:28,77.25,N,-1.42,740246027.06,EQ,ZEEL,9517177,NIFTY WAVES
16.51,-0.26,17.48,16.6,21-Sep-2026 16:00:28,16.05,N,-1.54,162772.09,EQ,PNC,9859,NIFTY WAVES
2.46,-0.04,2.63,2.43,21-Sep-2026 16:00:28,2.36,N,-1.62,78291.96,EQ,DNAMEDIA,31826,NIFTY WAVES
107.97,-1.84,112,107.45,21-Sep-2026 16:00:28,107.26,N,-1.68,3573699.03,EQ,TVTODAY,33099,NIFTY WAVES
7.27,-0.13,7.54,7.12,21-Sep-2026 16:00:28,7.09,N,-1.79,2399238.13,EQ,BTML,330019,NIFTY WAVES
6.11,-0.11,7,5.98,21-Sep-2026 16:00:28,5.96,N,-1.81,627038.75,EQ,SAMBHAAV,102625,NIFTY WAVES
24.12,-0.45,24.9,24.04,21-Sep-2026 16:00:28,24.01,N,-1.84,52195.68,EQ,DGCONTENT,2164,NIFTY WAVES
100.28,-1.9,101.9,100,21-Sep-2026 16:00:28,99.6,N,-1.86,905528.4,EQ,ENIL,9030,NIFTY WAVES
95.11,-1.81,97.49,93.44,21-Sep-2026 16:00:28,93,N,-1.90,9579954.75,EQ,BALAJITELE,100725,NIFTY WAVES
16.01,-0.39,16.49,16,21-Sep-2026 16:00:28,15.75,N,-2.38,263076.32,EQ,CRESTO,16432,NIFTY WAVES
491.61,-12.4,502.5,487.5,21-Sep-2026 16:00:28,484.5,N,-2.48,95865916.44,EQ,SAREGAMA,195004,NIFTY WAVES
20.4,-0.66,21.06,20.5,21-Sep-2026 16:00:28,20.11,N,-3.12,872079.6,BE,CYBERMEDIA,42749,NIFTY WAVES
2.47,-0.08,2.58,2.48,21-Sep-2026 16:00:28,2.44,N,-3.13,9318410.92,EQ,DISHTV,3772636,NIFTY WAVES
56.91,-1.82,57.92,56.1,21-Sep-2026 16:00:28,56.01,N,-3.14,81608.94,BE,MUKTAARTS,1434,NIFTY WAVES
5.58,-0.2,5.84,5.5,21-Sep-2026 16:00:28,5.5,N,-3.51,44327.52,EQ,CREATIVEYE,7944,NIFTY WAVES
16.84,1.14,17.49,16.51,21-Sep-2026 16:00:28,16.05,N,7.42,9899552346.52,EQ,JPPOWER,587859403,NIFTY INFRALOG
281.73,19.4,286.9,285.75,21-Sep-2026 16:00:28,268.25,N,7.28,2997497607.03,EQ,ENGINERSIN,10639611,NIFTY INFRALOG
1463.42,54.4,1500.2,1469.8,21-Sep-2026 16:00:28,1416.4,N,3.84,2624270597.9,EQ,AEGISLOG,1793245,NIFTY INFRALOG
1468.52,54.9,1487.8,1487,21-Sep-2026 16:00:28,1434,N,3.83,1718564900.4,EQ,GESHIP,1170270,NIFTY INFRALOG
90.4,2.75,91.45,91.3,21-Sep-2026 16:00:28,88.07,N,3.11,357505151.2,EQ,NTPCGREEN,3954703,NIFTY INFRALOG
1926.54,51.1,1942,1929,21-Sep-2026 16:00:28,1899.9,N,2.72,664596577.26,EQ,PHOENIXLTD,344969,NIFTY INFRALOG
1465.81,38.9,1478,1474,21-Sep-2026 16:00:28,1442.2,N,2.71,432224860.51,EQ,PRESTIGE,294871,NIFTY INFRALOG
657.19,15.9,660.95,660.25,21-Sep-2026 16:00:28,644,N,2.47,2069061507.74,EQ,DLF,3148346,NIFTY INFRALOG
912.6,18,919.75,910,21-Sep-2026 16:00:28,903,N,2.02,2737530783,EQ,CGPOWER,2999705,NIFTY INFRALOG
1801.66,36,1827.7,1821,21-Sep-2026 16:00:28,1754.3,N,2.02,1729939518.72,EQ,OBEROIRLTY,960192,NIFTY INFRALOG
885.44,15.25,898,885,21-Sep-2026 16:00:28,874.3,N,1.75,330323131.84,EQ,RAMCOCEM,373061,NIFTY INFRALOG
431.54,7,437.6,435,21-Sep-2026 16:00:28,425.85,N,1.64,1402033758.32,EQ,DELHIVERY,3248908,NIFTY INFRALOG
1233.8,19.5,1245,1233,21-Sep-2026 16:00:28,1215.1,N,1.61,329923055.2,EQ,SCHNEIDER,267404,NIFTY INFRALOG
282.66,3.95,286.9,281,21-Sep-2026 16:00:28,278.2,N,1.43,708516969.3,EQ,SCI,2506605,NIFTY INFRALOG
396.86,5.2,399.15,398.5,21-Sep-2026 16:00:28,393.1,N,1.32,3871316914.48,EQ,BEL,9754868,NIFTY INFRALOG
143.19,1.77,144.33,143.3,21-Sep-2026 16:00:28,141.12,N,1.25,197204131.8,EQ,CESC,1377220,NIFTY INFRALOG
76.96,0.7,78,77.5,21-Sep-2026 16:00:28,75.52,N,0.91,869156302.56,EQ,INOXWIND,11293611,NIFTY INFRALOG
83.38,0.75,84.07,83.15,21-Sep-2026 16:00:28,82.91,N,0.91,365763296.14,EQ,NBCC,4386703,NIFTY INFRALOG
327.03,2.75,328.75,326.4,21-Sep-2026 16:00:28,324.85,N,0.85,1667265000.06,EQ,NTPC,5098202,NIFTY INFRALOG
11081.84,86,11146,11100,21-Sep-2026 16:00:28,10983,N,0.78,1686999585.04,EQ,ULTRACEMCO,152231,NIFTY INFRALOG
2142.94,-28.5,2182.9,2131.6,21-Sep-2026 16:00:28,2122.1,N,-1.32,703214332.76,EQ,KIRLOSENG,328154,NIFTY INFRALOG
3187.05,-43.2,3217.3,3166,21-Sep-2026 16:00:28,3166,N,-1.35,595978350,EQ,GRASIM,187000,NIFTY INFRALOG
434.45,-6.5,438.3,433.4,21-Sep-2026 16:00:28,430.2,N,-1.48,2220818468.85,EQ,BHEL,5111793,NIFTY INFRALOG
75.93,-1.15,76.69,75.8,21-Sep-2026 16:00:28,75.54,N,-1.49,790146714.36,EQ,NHPC,10406252,NIFTY INFRALOG
267.88,-4.2,269.05,266.1,21-Sep-2026 16:00:28,266.1,N,-1.55,1857614395.76,EQ,POWERGRID,6934502,NIFTY INFRALOG
1027.28,-16.45,1057.25,1014,21-Sep-2026 16:00:28,1003.1,N,-1.60,267341401.76,EQ,TECHNOE,260242,NIFTY INFRALOG
2386.6,-38.8,2418.8,2373,21-Sep-2026 16:00:28,2366.1,N,-1.61,430385124.4,EQ,GRSE,180334,NIFTY INFRALOG
600.9,-10.15,611.7,596,21-Sep-2026 16:00:28,594,N,-1.67,389416249.5,EQ,ANANTRAJ,648055,NIFTY INFRALOG
2111.93,-36,2155,2099,21-Sep-2026 16:00:28,2090.5,N,-1.69,558508336.22,EQ,BEML,264454,NIFTY INFRALOG
516.85,-9,522.15,517,21-Sep-2026 16:00:28,514.55,N,-1.71,864596500.15,EQ,JSWENERGY,1672819,NIFTY INFRALOG
287.9,-5.1,289.65,287.5,21-Sep-2026 16:00:28,286.6,N,-1.74,323658907.4,EQ,PETRONET,1124206,NIFTY INFRALOG
1173.42,-21.2,1182.9,1175,21-Sep-2026 16:00:28,1164.3,N,-1.77,986852087.1,EQ,BDL,841005,NIFTY INFRALOG
203.77,-3.94,208.34,203.29,21-Sep-2026 16:00:28,202,N,-1.90,86857166.27,EQ,RITES,426251,NIFTY INFRALOG
416.8,-8.2,424.1,413,21-Sep-2026 16:00:28,412.6,N,-1.95,71215698.4,EQ,ELECON,170863,NIFTY INFRALOG
18.2,-0.37,18.56,18.11,21-Sep-2026 16:00:28,18.02,N,-2.00,314910541.4,EQ,IRB,17302777,NIFTY INFRALOG
1784.81,-36.9,1796.8,1787.1,21-Sep-2026 16:00:28,1766.7,N,-2.02,4136871883.82,EQ,ADANIPORTS,2317822,NIFTY INFRALOG
366.85,-7.65,369.6,367.15,21-Sep-2026 16:00:28,365.65,N,-2.04,1054891115.3,EQ,TATAPOWER,2875538,NIFTY INFRALOG
2247.08,-48,2278,2232,21-Sep-2026 16:00:28,2222.1,N,-2.11,1437317757.04,EQ,MAZDOCK,639638,NIFTY INFRALOG
211.31,-4.58,214.28,209.71,21-Sep-2026 16:00:28,209.35,N,-2.14,1386684473.13,EQ,RVNL,6562323,NIFTY INFRALOG
1249.71,-27.2,1288.7,1239,21-Sep-2026 16:00:28,1233.2,N,-2.15,124273661.82,EQ,ABREL,99442,NIFTY INFRALOG
560.51,-12.65,572.2,555.15,21-Sep-2026 16:00:28,553.25,N,-2.23,167492719.22,EQ,TRITURBINE,298822,NIFTY INFRALOG
1313.86,-30.9,1332,1303.6,21-Sep-2026 16:00:28,1300.1,N,-2.32,846644814.7,EQ,ADANIGREEN,644395,NIFTY INFRALOG
612.77,-14.7,630.15,607,21-Sep-2026 16:00:28,605.8,N,-2.36,125467721.35,EQ,BRIGADE,204755,NIFTY INFRALOG
258.36,-6.5,262.85,256.9,21-Sep-2026 16:00:28,256,N,-2.47,189791514.36,EQ,AFCONS,734601,NIFTY INFRALOG
32026.44,-830,32595,31870,21-Sep-2026 16:00:28,31805,N,-2.54,2051901984.36,EQ,POWERINDIA,64069,NIFTY INFRALOG
1410.11,-38.5,1432.4,1397.6,21-Sep-2026 16:00:28,1397.6,N,-2.68,2740775812.71,EQ,ADANIENSOL,1943661,NIFTY INFRALOG
1750.09,-54.3,1789.6,1725.8,21-Sep-2026 16:00:28,1725,N,-3.05,193897721.37,EQ,TATACOMM,110793,NIFTY INFRALOG
492.28,-16.5,501.95,487.05,21-Sep-2026 16:00:28,487.05,N,-3.28,435839605.72,EQ,CONCOR,885349,NIFTY INFRALOG
1833.39,-63.1,1854.8,1830.2,21-Sep-2026 16:00:28,1822,N,-3.33,17814280606.2,EQ,BHARTIARTL,9716580,NIFTY INFRALOG
638.88,-22.7,659.05,638,21-Sep-2026 16:00:28,629.15,N,-3.44,2445214173.6,EQ,ATGL,3827345,NIFTY INFRALOG
396.86,5.2,399.15,398.5,21-Sep-2026 16:00:28,393.1,N,1.32,3871316914.48,EQ,BEL,9754868,NIFTY RAILWAYSPSU
234.58,2.83,236,235.63,21-Sep-2026 16:00:28,232.32,N,1.22,1434232441.52,EQ,ONGC,6114044,NIFTY RAILWAYSPSU
167.88,1.82,170.37,167.2,21-Sep-2026 16:00:28,165.5,N,1.10,781277425.8,EQ,MRPL,4653785,NIFTY RAILWAYSPSU
327.03,2.75,328.75,326.4,21-Sep-2026 16:00:28,324.85,N,0.85,1667265000.06,EQ,NTPC,5098202,NIFTY RAILWAYSPSU
176.9,-0.03,179.8,177.3,21-Sep-2026 16:00:28,175.1,N,-0.02,1246126586.7,EQ,SAIL,7044243,NIFTY RAILWAYSPSU
255.02,-0.55,258,255.75,21-Sep-2026 16:00:28,253.6,N,-0.21,22477462.8,EQ,ITI,88140,NIFTY RAILWAYSPSU
357.31,-1.4,359.85,357.6,21-Sep-2026 16:00:28,355.5,N,-0.39,582392432.16,EQ,HINDPETRO,1629936,NIFTY RAILWAYSPSU
312.39,-1.25,315.95,312.75,21-Sep-2026 16:00:28,310.85,N,-0.40,985121240.22,EQ,BPCL,3153498,NIFTY RAILWAYSPSU
109.13,-1.2,110.58,108.65,21-Sep-2026 16:00:28,108.39,N,-1.09,169746149.37,EQ,IRCON,1555449,NIFTY RAILWAYSPSU
472.61,-5.75,479.85,471,21-Sep-2026 16:00:28,470,N,-1.21,249662849.04,EQ,IRCTC,528264,NIFTY RAILWAYSPSU
434.45,-6.5,438.3,433.4,21-Sep-2026 16:00:28,430.2,N,-1.48,2220818468.85,EQ,BHEL,5111793,NIFTY RAILWAYSPSU
80.64,-1.28,81.7,80.22,21-Sep-2026 16:00:28,80.16,N,-1.57,420413333.76,EQ,IRFC,5213459,NIFTY RAILWAYSPSU
2111.93,-36,2155,2099,21-Sep-2026 16:00:28,2090.5,N,-1.69,558508336.22,EQ,BEML,264454,NIFTY RAILWAYSPSU
203.77,-3.94,208.34,203.29,21-Sep-2026 16:00:28,202,N,-1.90,86857166.27,EQ,RITES,426251,NIFTY RAILWAYSPSU
262.25,-5.15,267.7,259.85,21-Sep-2026 16:00:28,258.85,N,-1.94,109807484.25,EQ,RAILTEL,418713,NIFTY RAILWAYSPSU
211.31,-4.58,214.28,209.71,21-Sep-2026 16:00:28,209.35,N,-2.14,1386684473.13,EQ,RVNL,6562323,NIFTY RAILWAYSPSU
492.28,-16.5,501.95,487.05,21-Sep-2026 16:00:28,487.05,N,-3.28,435839605.72,EQ,CONCOR,885349,NIFTY RAILWAYSPSU
347.49,7.85,354.5,344.55,21-Sep-2026 16:00:28,336,N,2.33,1159574477.49,EQ,PCBL,3337001,NIFTYCONGLOMERATE
912.6,18,919.75,910,21-Sep-2026 16:00:28,903,N,2.02,2737530783,EQ,CGPOWER,2999705,NIFTYCONGLOMERATE
11381.46,192,11434,11409,21-Sep-2026 16:00:28,11227,N,1.71,616385729.22,EQ,BAJAJHLDNG,54157,NIFTYCONGLOMERATE
4844.92,76.5,4880,4875,21-Sep-2026 16:00:28,4780,N,1.59,3222196409.64,EQ,TITAN,665067,NIFTYCONGLOMERATE
1551.58,21.4,1560.6,1558.5,21-Sep-2026 16:00:28,1525.1,N,1.39,1506140428.12,EQ,TECHM,970714,NIFTYCONGLOMERATE
143.19,1.77,144.33,143.3,21-Sep-2026 16:00:28,141.12,N,1.25,197204131.8,EQ,CESC,1377220,NIFTYCONGLOMERATE
2122.47,23.7,2145,2128.7,21-Sep-2026 16:00:28,2075.3,N,1.13,4947076423.17,EQ,TCS,2330811,NIFTYCONGLOMERATE
1138.33,11.1,1143.5,1130.6,21-Sep-2026 16:00:28,1127.1,N,0.99,806359960.43,EQ,JINDALSTEL,708371,NIFTYCONGLOMERATE
625.08,5.1,631.75,630,21-Sep-2026 16:00:28,614.05,N,0.82,173977266.24,EQ,JUBLINGREA,278328,NIFTYCONGLOMERATE
11081.84,86,11146,11100,21-Sep-2026 16:00:28,10983,N,0.78,1686999585.04,EQ,ULTRACEMCO,152231,NIFTYCONGLOMERATE
392.94,2.45,395.95,390.75,21-Sep-2026 16:00:28,389.1,N,0.63,412046314.56,EQ,AMBUJACEM,1048624,NIFTYCONGLOMERATE
3898.56,19.8,3908.7,3904.8,21-Sep-2026 16:00:28,3883,N,0.51,3693382685.76,EQ,LT,947371,NIFTYCONGLOMERATE
348.74,1.75,350.95,350,21-Sep-2026 16:00:28,345.95,N,0.50,1500949060.8,EQ,JSWINFRA,4303920,NIFTYCONGLOMERATE
11485.26,46,11533,11460,21-Sep-2026 16:00:28,11450,N,0.40,1068508193.58,EQ,BAJAJ-AUTO,93033,NIFTYCONGLOMERATE
442.49,1.6,445.45,444.5,21-Sep-2026 16:00:28,437.2,N,0.36,2069455374.09,EQ,TMCV,4676841,NIFTYCONGLOMERATE
1704.59,5.8,1720.9,1696.9,21-Sep-2026 16:00:28,1696,N,0.34,679839925.11,EQ,GODREJPROP,398829,NIFTYCONGLOMERATE
746.74,2.55,754.35,753.5,21-Sep-2026 16:00:28,739.5,N,0.34,773900427.28,EQ,JSL,1036372,NIFTYCONGLOMERATE
3067.2,3.3,3088,3055.3,21-Sep-2026 16:00:28,3055.3,N,0.11,3241570320,EQ,M&M,1056850,NIFTYCONGLOMERATE
4265.43,4.9,4317,4280,21-Sep-2026 16:00:28,4190.5,N,0.11,1157714479.74,EQ,LTM,271418,NIFTYCONGLOMERATE
434.04,0.5,437.95,436.95,21-Sep-2026 16:00:28,431.6,N,0.11,396845376.24,EQ,ZENSARTECH,914306,NIFTYCONGLOMERATE
352.8,0,355.65,353.3,21-Sep-2026 16:00:28,348.2,N,0.00,372929004,EQ,M&MFIN,1057055,NIFTYCONGLOMERATE
207.67,-0.05,210.55,206.55,21-Sep-2026 16:00:28,205.38,N,-0.02,2387062191.99,EQ,ADANIPOWER,11494497,NIFTYCONGLOMERATE
404.21,-0.25,407.3,404,21-Sep-2026 16:00:28,402,N,-0.06,130128942.14,EQ,KEC,321934,NIFTYCONGLOMERATE
1857.22,-2.7,1864,1849.8,21-Sep-2026 16:00:28,1849.2,N,-0.15,501373253.98,EQ,BAJAJFINSV,269959,NIFTYCONGLOMERATE
2821.09,-8.5,2836.9,2815.5,21-Sep-2026 16:00:28,2801,N,-0.30,1672895085.64,EQ,TRENT,592996,NIFTYCONGLOMERATE
2594.19,-12,2614.2,2588,21-Sep-2026 16:00:28,2569.1,N,-0.46,247449407.34,EQ,TIINDIA,95386,NIFTYCONGLOMERATE
981.66,-5.3,993.5,981.2,21-Sep-2026 16:00:28,976,N,-0.54,3286722350.82,EQ,HINDALCO,3348127,NIFTYCONGLOMERATE
1273.48,-7,1287,1268.6,21-Sep-2026 16:00:28,1268.6,N,-0.55,1200077886.28,EQ,JSWSTEEL,942361,NIFTYCONGLOMERATE
13.96,-0.08,14.14,13.84,21-Sep-2026 16:00:28,13.82,N,-0.57,4168914111.36,EQ,IDEA,298632816,NIFTYCONGLOMERATE
1105.56,-8.4,1115.9,1099,21-Sep-2026 16:00:28,1098.9,N,-0.76,35626671,EQ,GODREJIND,32225,NIFTYCONGLOMERATE
184.66,-2.14,186.87,183.4,21-Sep-2026 16:00:28,183.34,N,-1.15,1834360365.88,EQ,TATASTEEL,9933718,NIFTYCONGLOMERATE
3310.07,-44.5,3348.2,3303,21-Sep-2026 16:00:28,3294.2,N,-1.33,146351434.98,EQ,LTTS,44214,NIFTYCONGLOMERATE
3187.05,-43.2,3217.3,3166,21-Sep-2026 16:00:28,3166,N,-1.35,595978350,EQ,GRASIM,187000,NIFTYCONGLOMERATE
879.14,-12.5,891,867.5,21-Sep-2026 16:00:28,866.1,N,-1.42,857886790.5,EQ,GODREJCP,975825,NIFTYCONGLOMERATE
2994.33,-45,3015.9,2975,21-Sep-2026 16:00:28,2973,N,-1.49,2343751920.9,EQ,ADANIENT,782730,NIFTYCONGLOMERATE
308.53,-5,311.25,307.8,21-Sep-2026 16:00:28,306.3,N,-1.60,807657492.8,EQ,LTF,2617760,NIFTYCONGLOMERATE
402.42,-6.65,405.45,403.4,21-Sep-2026 16:00:28,400.95,N,-1.62,640615214.94,EQ,ABCAPITAL,1591907,NIFTYCONGLOMERATE
270.97,-4.45,272.75,269,21-Sep-2026 16:00:28,268.15,N,-1.63,89834684.1,EQ,FSL,331530,NIFTYCONGLOMERATE
1072.56,-17.4,1091.85,1048,21-Sep-2026 16:00:28,1045,N,-1.63,326687832.72,EQ,JUBLPHARMA,304587,NIFTYCONGLOMERATE
516.85,-9,522.15,517,21-Sep-2026 16:00:28,514.55,N,-1.71,864596500.15,EQ,JSWENERGY,1672819,NIFTYCONGLOMERATE
1027.5,-19,1037.7,1021.3,21-Sep-2026 16:00:28,1021.3,N,-1.83,4285248345,EQ,BAJFINANCE,4170558,NIFTYCONGLOMERATE
84.36,-1.63,85.47,83.95,21-Sep-2026 16:00:28,83.84,N,-1.90,182072416.44,EQ,BAJAJHFL,2158279,NIFTYCONGLOMERATE
1779,-36,1806,1764,21-Sep-2026 16:00:28,1763.5,N,-2.00,1641942282,EQ,CHOLAFIN,922958,NIFTYCONGLOMERATE
1784.81,-36.9,1796.8,1787.1,21-Sep-2026 16:00:28,1766.7,N,-2.02,4136871883.82,EQ,ADANIPORTS,2317822,NIFTYCONGLOMERATE
1313.86,-30.9,1332,1303.6,21-Sep-2026 16:00:28,1300.1,N,-2.32,846644814.7,EQ,ADANIGREEN,644395,NIFTYCONGLOMERATE
1489.84,-36.7,1507.5,1471,21-Sep-2026 16:00:28,1460.2,N,-2.43,220223679.28,EQ,CHOLAHLDNG,147817,NIFTYCONGLOMERATE
491.61,-12.4,502.5,487.5,21-Sep-2026 16:00:28,484.5,N,-2.48,95865916.44,EQ,SAREGAMA,195004,NIFTYCONGLOMERATE
3412.7,-89,3485,3379.9,21-Sep-2026 16:00:28,3375.5,N,-2.57,160099995.1,EQ,CEATLTD,46913,NIFTYCONGLOMERATE
491.79,-12.95,503.6,487.05,21-Sep-2026 16:00:28,485.7,N,-2.59,1082039800.53,EQ,JUBLFOOD,2200207,NIFTYCONGLOMERATE
1946.54,-59.4,1990,1940.1,21-Sep-2026 16:00:28,1936.1,N,-2.97,171032737.1,EQ,COROMANDEL,87865,NIFTYCONGLOMERATE
