VWAP,change,high,lastPrice,lastUpdatedTime,low,marketType,pChange,quantityTraded,series,symbol,totalTradedVolume,index_name
1220.01,20,1229.8,1221,28-Sep-2026 16:00:28,1204,N,1.67,4150078736.76,EQ,DRREDDY,3401676,NIFTY 50
998.83,3,1009.5,1003.2,28-Sep-2026 16:00:28,986.6,N,0.30,8557647823.76,EQ,INFY,8567672,NIFTY 50
529.88,0.6,534.5,531.6,28-Sep-2026 16:00:28,525.9,N,0.11,1222506813.32,EQ,HDFCLIFE,2307139,NIFTY 50
8861.11,-29,8902.5,8860,28-Sep-2026 16:00:28,8804,N,-0.33,3805217606.19,EQ,APOLLOHOSP,429429,NIFTY 50
1542.93,-5.8,1557,1542.2,28-Sep-2026 16:00:28,1526.8,N,-0.37,1947051139.74,EQ,TECHM,1261918,NIFTY 50
1252.06,-5.4,1267.3,1252.6,28-Sep-2026 16:00:28,1241.8,N,-0.43,2844989578.82,EQ,HCLTECH,2272247,NIFTY 50
12017.34,-57,12116,12008,28-Sep-2026 16:00:28,11944,N,-0.47,3627193732.2,EQ,MARUTI,301830,NIFTY 50
2073.28,-11.3,2100,2070.7,28-Sep-2026 16:00:28,2051,N,-0.54,5094150550.72,EQ,TCS,2457049,NIFTY 50
399.72,-2.45,403.7,401.55,28-Sep-2026 16:00:28,395.75,N,-0.61,6020844456.6,EQ,KOTAKBANK,15062655,NIFTY 50
1848.46,-14.2,1856.6,1838,28-Sep-2026 16:00:28,1838,N,-0.77,1751820662.74,EQ,SUNPHARMA,947719,NIFTY 50
1774.11,-14,1784.3,1771.4,28-Sep-2026 16:00:28,1763.7,N,-0.78,8309109827.07,EQ,BHARTIARTL,4683537,NIFTY 50
1738.56,-13.9,1752.8,1728.1,28-Sep-2026 16:00:28,1725,N,-0.80,2325348339.84,EQ,SBILIFE,1337514,NIFTY 50
425.46,-3.6,429.3,422.5,28-Sep-2026 16:00:28,421.2,N,-0.84,2336910527.28,EQ,COALINDIA,5492668,NIFTY 50
186.68,-1.67,188.58,186.3,28-Sep-2026 16:00:28,185.25,N,-0.89,2544241371.88,EQ,TATASTEEL,13628891,NIFTY 50
2422.69,-24,2441.6,2420,28-Sep-2026 16:00:28,2412.9,N,-0.98,2659517638.26,EQ,ASIANPAINT,1097754,NIFTY 50
1262.17,-12.9,1278.4,1264.1,28-Sep-2026 16:00:28,1254.1,N,-1.01,1535437378.02,EQ,JSWSTEEL,1216506,NIFTY 50
1209.62,-12.5,1217.8,1209.9,28-Sep-2026 16:00:28,1205,N,-1.02,5771700620.38,EQ,AXISBANK,4771499,NIFTY 50
1751.39,-19,1769,1752,28-Sep-2026 16:00:28,1739.1,N,-1.07,940412363.28,EQ,BAJAJFINSV,536952,NIFTY 50
1388.44,-16,1405,1383.7,28-Sep-2026 16:00:28,1380.5,N,-1.14,987208608.8,EQ,CIPLA,711020,NIFTY 50
11013.06,-130,11155,11025,28-Sep-2026 16:00:28,10978,N,-1.17,3654254451.66,EQ,ULTRACEMCO,331811,NIFTY 50
980.93,-11.9,992.3,985,28-Sep-2026 16:00:28,974,N,-1.19,7560462061.99,EQ,BAJFINANCE,7707443,NIFTY 50
330.29,-4.05,335.1,330.95,28-Sep-2026 16:00:28,328.45,N,-1.21,6460551339.31,EQ,ETERNAL,19560239,NIFTY 50
1350.39,-16.6,1356.8,1346,28-Sep-2026 16:00:28,1343.9,N,-1.22,948547695.75,EQ,NESTLEIND,702425,NIFTY 50
3147.9,-41,3186,3150,28-Sep-2026 16:00:28,3138,N,-1.28,2351119291.5,EQ,GRASIM,746885,NIFTY 50
4825.69,-64.5,4881,4819.5,28-Sep-2026 16:00:28,4810,N,-1.32,3054362577.22,EQ,TITAN,632938,NIFTY 50
2992.85,-40,3019.9,2995,28-Sep-2026 16:00:28,2977.6,N,-1.32,6221009838.4,EQ,M&M,2078624,NIFTY 50
4879.88,-65.5,4933,4874.5,28-Sep-2026 16:00:28,4845,N,-1.33,2673144585.32,EQ,INDIGO,547789,NIFTY 50
1001.28,-13.9,1015.8,1000.1,28-Sep-2026 16:00:28,989.1,N,-1.37,2651200198.08,EQ,MAXHEALTH,2647811,NIFTY 50
266.25,-3.8,269.3,265.2,28-Sep-2026 16:00:28,265,N,-1.41,2093624126.25,EQ,ITC,7863377,NIFTY 50
162.17,-2.46,164.45,161.56,28-Sep-2026 16:00:28,160.97,N,-1.50,1671846207.4,EQ,WIPRO,10309220,NIFTY 50
2629.94,-43.3,2663.8,2626,28-Sep-2026 16:00:28,2615.1,N,-1.62,1675021935.7,EQ,TRENT,636905,NIFTY 50
322.24,-5.5,326.6,321.1,28-Sep-2026 16:00:28,320.2,N,-1.68,1927669326.08,EQ,NTPC,5982092,NIFTY 50
976.47,-17.8,991.3,976.3,28-Sep-2026 16:00:28,970,N,-1.79,4837100380.2,EQ,SHRIRAMFIN,4953660,NIFTY 50
1305.49,-24.8,1323.8,1302,28-Sep-2026 16:00:28,1300,N,-1.87,8261070223.54,EQ,ICICIBANK,6327946,NIFTY 50
7239.21,-146.5,7323,7213.5,28-Sep-2026 16:00:28,7189,N,-1.99,3062757727.59,EQ,EICHERMOT,423079,NIFTY 50
386.29,-8.05,393.45,385.5,28-Sep-2026 16:00:28,384.1,N,-2.05,4504671389.88,EQ,BEL,11661372,NIFTY 50
963.87,-21,982.5,962,28-Sep-2026 16:00:28,956.1,N,-2.14,9490886680.02,EQ,SBIN,9846646,NIFTY 50
959.42,-21.1,972.9,955.9,28-Sep-2026 16:00:28,951.1,N,-2.16,3218334094.36,EQ,HINDALCO,3354458,NIFTY 50
722.13,-16.55,733,719.05,28-Sep-2026 16:00:28,718.1,N,-2.25,15652585863.27,EQ,HDFCBANK,21675579,NIFTY 50
11068.11,-257,11270,11024,28-Sep-2026 16:00:28,10953,N,-2.28,2671111258.74,EQ,BAJAJ-AUTO,241334,NIFTY 50
1205.86,-28.4,1219.7,1197.6,28-Sep-2026 16:00:28,1197,N,-2.32,16402528565.14,EQ,RELIANCE,13602349,NIFTY 50
961.16,-23.2,983.6,960,28-Sep-2026 16:00:28,955.5,N,-2.36,1257116542.56,EQ,TATACONSUM,1307916,NIFTY 50
1904.3,-46.9,1933.2,1896,28-Sep-2026 16:00:28,1893.2,N,-2.41,3528437479.7,EQ,HINDUNILVR,1852879,NIFTY 50
232,-5.86,235.85,230,28-Sep-2026 16:00:28,229.85,N,-2.48,2278183624,EQ,ONGC,9819757,NIFTY 50
1750.94,-44.3,1791.8,1743.7,28-Sep-2026 16:00:28,1736.6,N,-2.48,2210694821.44,EQ,ADANIPORTS,1262576,NIFTY 50
3798.29,-109.8,3858.2,3766.4,28-Sep-2026 16:00:28,3766.4,N,-2.83,5171755462.29,EQ,LT,1361601,NIFTY 50
264.98,-7.65,269.9,261.85,28-Sep-2026 16:00:28,261.85,N,-2.84,2723585270.88,EQ,POWERGRID,10278456,NIFTY 50
221.97,-6.5,227,220.5,28-Sep-2026 16:00:28,218.8,N,-2.86,3980266819.41,EQ,JIOFIN,17931553,NIFTY 50
2844.39,-85.4,2924,2831.1,28-Sep-2026 16:00:28,2811,N,-2.93,3582580314.75,EQ,ADANIENT,1259525,NIFTY 50
284.03,-8.7,291.2,281.75,28-Sep-2026 16:00:28,280.2,N,-3.00,3994351950.02,EQ,TMPV,14063134,NIFTY 50
1217.55,11.1,1228.6,1215,28-Sep-2026 16:00:28,1201.2,N,0.92,4853565831.9,EQ,ZYDUSLIFE,3986338,NIFTY NEXT 50
4091.16,8.4,4132.4,4091.4,28-Sep-2026 16:00:28,4018.2,N,0.21,1669950144.6,EQ,LTM,408185,NIFTY NEXT 50
172.34,-0.25,174.71,172.45,28-Sep-2026 16:00:28,171,N,-0.14,1930694171.14,EQ,GAIL,11202821,NIFTY NEXT 50
4894.32,-22.5,4933,4915,28-Sep-2026 16:00:28,4869,N,-0.46,1496619429.84,EQ,BRITANNIA,305787,NIFTY NEXT 50
1414.98,-8.4,1420.1,1415.4,28-Sep-2026 16:00:28,1406,N,-0.59,479153262.42,EQ,UNITDSPR,338629,NIFTY NEXT 50
9557.45,-69.5,9655,9550,28-Sep-2026 16:00:28,9473,N,-0.72,3634249034.85,EQ,DIVISLAB,380253,NIFTY NEXT 50
3803.09,-30.7,3833,3803.5,28-Sep-2026 16:00:28,3781,N,-0.80,1375577653,EQ,DMART,361700,NIFTY NEXT 50
1495.43,-14.2,1508,1503,28-Sep-2026 16:00:28,1486.8,N,-0.94,875951113.36,EQ,PIDILITIND,585752,NIFTY NEXT 50
429.58,-4.8,433.5,430,28-Sep-2026 16:00:28,426.2,N,-1.10,2022136159.2,EQ,VBL,4707240,NIFTY NEXT 50
6957.72,-80,7041.5,6972.5,28-Sep-2026 16:00:28,6910.5,N,-1.13,1455568939.44,EQ,ABB,209202,NIFTY NEXT 50
10830.57,-140,10940,10800,28-Sep-2026 16:00:28,10791,N,-1.28,340513120.8,EQ,BAJAJHLDNG,31440,NIFTY NEXT 50
4746.55,-62,4793.9,4738,28-Sep-2026 16:00:28,4720.7,N,-1.29,3846290847.7,EQ,HAL,810334,NIFTY NEXT 50
865.59,-12,876.75,868,28-Sep-2026 16:00:28,859.5,N,-1.36,1033035788.73,EQ,GODREJCP,1193447,NIFTY NEXT 50
4100.22,-62.3,4164,4095,28-Sep-2026 16:00:28,4057.6,N,-1.50,2354575936.32,EQ,TVSMOTOR,574256,NIFTY NEXT 50
362.36,-5.6,366.75,361.9,28-Sep-2026 16:00:28,360.1,N,-1.52,1080697753.32,EQ,TATAPOWER,2982387,NIFTY NEXT 50
22162.99,-350,22340,22170,28-Sep-2026 16:00:28,22055,N,-1.55,376815155.98,EQ,SHREECEM,17002,NIFTY NEXT 50
432.92,-7.5,441.5,434,28-Sep-2026 16:00:28,430.2,N,-1.70,1960392934.76,EQ,TMCV,4528303,NIFTY NEXT 50
1633.27,-28.5,1660.4,1634.2,28-Sep-2026 16:00:28,1620.4,N,-1.71,1950676425.26,EQ,CHOLAFIN,1194338,NIFTY NEXT 50
133.73,-2.38,135.58,133.32,28-Sep-2026 16:00:28,133.04,N,-1.75,740629905.04,EQ,IOC,5538248,NIFTY NEXT 50
78.92,-1.4,79.95,78.55,28-Sep-2026 16:00:28,78.36,N,-1.75,675514240.52,EQ,IRFC,8559481,NIFTY NEXT 50
4853.65,-90,4940,4855,28-Sep-2026 16:00:28,4820,N,-1.82,2278541138.85,EQ,CUMMINSIND,469449,NIFTY NEXT 50
162.86,-3.34,165.49,162.37,28-Sep-2026 16:00:28,161.3,N,-2.02,1586067645.26,EQ,MOTHERSON,9738841,NIFTY NEXT 50
303.63,-6.25,308.5,302.25,28-Sep-2026 16:00:28,301,N,-2.03,854191651.95,EQ,BPCL,2813265,NIFTY NEXT 50
1142.27,-25.2,1160,1139.6,28-Sep-2026 16:00:28,1133.2,N,-2.16,815523666.5,EQ,JINDALSTEL,713950,NIFTY NEXT 50
715.18,-15.8,726.75,711,28-Sep-2026 16:00:28,710.3,N,-2.17,1960354866.7,EQ,INDHOTEL,2741065,NIFTY NEXT 50
3806.24,-91.5,3862.7,3785.5,28-Sep-2026 16:00:28,3772,N,-2.36,686493446.4,EQ,SIEMENS,180360,NIFTY NEXT 50
331.99,-8,338.55,330,28-Sep-2026 16:00:28,329.05,N,-2.37,3320928173.03,EQ,PFC,10003097,NIFTY NEXT 50
872.19,-21,885.95,865,28-Sep-2026 16:00:28,863.3,N,-2.37,1638700226.46,EQ,CGPOWER,1878834,NIFTY NEXT 50
4894.81,-119.5,4996.5,4869,28-Sep-2026 16:00:28,4852.5,N,-2.40,1971859524.07,EQ,TORNTPHARM,402847,NIFTY NEXT 50
376.47,-9.45,383.8,374.35,28-Sep-2026 16:00:28,374,N,-2.46,622554886.08,EQ,AMBUJACEM,1653664,NIFTY NEXT 50
47203.46,-1230,48010,47020,28-Sep-2026 16:00:28,46910,N,-2.55,718011830.06,EQ,BOSCHLTD,15211,NIFTY NEXT 50
2780.58,-75,2810,2760,28-Sep-2026 16:00:28,2756.4,N,-2.65,2235922770.18,EQ,MUTHOOTFIN,804121,NIFTY NEXT 50
574.57,-15.95,580.3,573,28-Sep-2026 16:00:28,568.25,N,-2.71,2247655786.44,EQ,HINDZINC,3911892,NIFTY NEXT 50
260.45,-7.35,264.4,259,28-Sep-2026 16:00:28,258.2,N,-2.76,1936986965.1,EQ,VEDL,7437078,NIFTY NEXT 50
2151.72,-61.6,2199.4,2138,28-Sep-2026 16:00:28,2131,N,-2.80,1399435653.6,EQ,MAZDOCK,650380,NIFTY NEXT 50
668.03,-19.45,680,663.55,28-Sep-2026 16:00:28,663.55,N,-2.85,1847124326.96,EQ,DLF,2765032,NIFTY NEXT 50
19237.65,-595,19750,19150,28-Sep-2026 16:00:28,18970,N,-3.01,3075677006.7,EQ,SOLARINDS,159878,NIFTY NEXT 50
2059.8,-64.3,2113,2050.7,28-Sep-2026 16:00:28,2040.5,N,-3.04,1112106618,EQ,HYUNDAI,539910,NIFTY NEXT 50
306.52,-9.7,311.6,303.25,28-Sep-2026 16:00:28,303.25,N,-3.10,1914388744.68,EQ,RECLTD,6245559,NIFTY NEXT 50
329.28,-10.65,338.45,328.5,28-Sep-2026 16:00:28,327,N,-3.14,656532293.76,EQ,TATACAP,1993842,NIFTY NEXT 50
2316.54,-75.7,2366.2,2302.3,28-Sep-2026 16:00:28,2300.7,N,-3.18,2032564627.56,EQ,HDFCAMC,877414,NIFTY NEXT 50
198.16,-6.61,203.64,196.14,28-Sep-2026 16:00:28,195.36,N,-3.26,4412283865.04,EQ,ADANIPOWER,22266269,NIFTY NEXT 50
229.76,-7.76,234.99,227.5,28-Sep-2026 16:00:28,227.5,N,-3.30,1615546641.28,EQ,BANKBARODA,7031453,NIFTY NEXT 50
113.62,-4,116.55,112.6,28-Sep-2026 16:00:28,112.07,N,-3.43,1619102838.34,EQ,PNB,14250157,NIFTY NEXT 50
121.71,-4.34,124.68,120.65,28-Sep-2026 16:00:28,120.26,N,-3.47,1980500902.74,EQ,CANBK,16272294,NIFTY NEXT 50
3215.78,-114.9,3334.9,3198.1,28-Sep-2026 16:00:28,3168.8,N,-3.47,986848919.06,EQ,ENRIN,306877,NIFTY NEXT 50
1307.74,-50.6,1338,1287.9,28-Sep-2026 16:00:28,1283,N,-3.78,1608826211.16,EQ,ADANIENSOL,1230234,NIFTY NEXT 50
1131.05,-47.9,1165,1117.1,28-Sep-2026 16:00:28,1115.1,N,-4.11,1309884839.7,EQ,LODHA,1158114,NIFTY NEXT 50
173.72,-8.45,178.99,171.75,28-Sep-2026 16:00:28,171.55,N,-4.69,1480674451.08,EQ,UNIONBANK,8523339,NIFTY NEXT 50
1250.13,-61.6,1295.4,1235,28-Sep-2026 16:00:28,1225.6,N,-4.75,2274516525.12,EQ,ADANIGREEN,1819424,NIFTY NEXT 50
324.3,3,327.3,325,28-Sep-2026 16:00:28,320.5,N,0.93,2535824609.7,EQ,FEDERALBNK,7819379,NIFTY BANK
901.23,-2.5,913,909.7,28-Sep-2026 16:00:28,889.4,N,-0.27,1617612319.62,EQ,INDUSINDBK,1794894,NIFTY BANK
399.72,-2.45,403.7,401.55,28-Sep-2026 16:00:28,395.75,N,-0.61,6020844456.6,EQ,KOTAKBANK,15062655,NIFTY BANK
1209.62,-12.5,1217.8,1209.9,28-Sep-2026 16:00:28,1205,N,-1.02,5771700620.38,EQ,AXISBANK,4771499,NIFTY BANK
1305.49,-24.8,1323.8,1302,28-Sep-2026 16:00:28,1300,N,-1.87,8261070223.54,EQ,ICICIBANK,6327946,NIFTY BANK
963.87,-21,982.5,962,28-Sep-2026 16:00:28,956.1,N,-2.14,9490886680.02,EQ,SBIN,9846646,NIFTY BANK
999.23,-22.7,1016.5,995.3,28-Sep-2026 16:00:28,995,N,-2.23,1346673262.53,EQ,AUBANK,1347711,NIFTY BANK
722.13,-16.55,733,719.05,28-Sep-2026 16:00:28,718.1,N,-2.25,15652585863.27,EQ,HDFCBANK,21675579,NIFTY BANK
229.76,-7.76,234.99,227.5,28-Sep-2026 16:00:28,227.5,N,-3.30,1615546641.28,EQ,BANKBARODA,7031453,NIFTY BANK
113.62,-4,116.55,112.6,28-Sep-2026 16:00:28,112.07,N,-3.43,1619102838.34,EQ,PNB,14250157,NIFTY BANK
121.71,-4.34,124.68,120.65,28-Sep-2026 16:00:28,120.26,N,-3.47,1980500902.74,EQ,CANBK,16272294,NIFTY BANK
81.23,-3.25,83.5,80.55,28-Sep-2026 16:00:28,80.45,N,-3.88,1710966822.74,EQ,IDFCFIRSTB,21063238,NIFTY BANK
173.72,-8.45,178.99,171.75,28-Sep-2026 16:00:28,171.55,N,-4.69,1480674451.08,EQ,UNIONBANK,8523339,NIFTY BANK
21.51,-1.32,22.38,21.18,28-Sep-2026 16:00:28,21.11,N,-5.87,2633161298.31,EQ,YESBANK,122415681,NIFTY BANK
529.88,0.6,534.5,531.6,28-Sep-2026 16:00:28,525.9,N,0.11,1222506813.32,EQ,HDFCLIFE,2307139,NIFTY FIN SERVICE
568.95,-1.85,574.7,564.15,28-Sep-2026 16:00:28,562.5,N,-0.33,1663171139.55,EQ,LICHSGFIN,2923229,NIFTY FIN SERVICE
399.72,-2.45,403.7,401.55,28-Sep-2026 16:00:28,395.75,N,-0.61,6020844456.6,EQ,KOTAKBANK,15062655,NIFTY FIN SERVICE
1738.56,-13.9,1752.8,1728.1,28-Sep-2026 16:00:28,1725,N,-0.80,2325348339.84,EQ,SBILIFE,1337514,NIFTY FIN SERVICE
1543.4,-13.7,1559.3,1540,28-Sep-2026 16:00:28,1526.2,N,-0.88,700098587.2,EQ,ICICIGI,453608,NIFTY FIN SERVICE
1444.09,-14,1460.9,1444,28-Sep-2026 16:00:28,1432.1,N,-0.96,658177231.57,EQ,MFSL,455773,NIFTY FIN SERVICE
1209.62,-12.5,1217.8,1209.9,28-Sep-2026 16:00:28,1205,N,-1.02,5771700620.38,EQ,AXISBANK,4771499,NIFTY FIN SERVICE
1751.39,-19,1769,1752,28-Sep-2026 16:00:28,1739.1,N,-1.07,940412363.28,EQ,BAJAJFINSV,536952,NIFTY FIN SERVICE
980.93,-11.9,992.3,985,28-Sep-2026 16:00:28,974,N,-1.19,7560462061.99,EQ,BAJFINANCE,7707443,NIFTY FIN SERVICE
1633.27,-28.5,1660.4,1634.2,28-Sep-2026 16:00:28,1620.4,N,-1.71,1950676425.26,EQ,CHOLAFIN,1194338,NIFTY FIN SERVICE
976.47,-17.8,991.3,976.3,28-Sep-2026 16:00:28,970,N,-1.79,4837100380.2,EQ,SHRIRAMFIN,4953660,NIFTY FIN SERVICE
1305.49,-24.8,1323.8,1302,28-Sep-2026 16:00:28,1300,N,-1.87,8261070223.54,EQ,ICICIBANK,6327946,NIFTY FIN SERVICE
963.87,-21,982.5,962,28-Sep-2026 16:00:28,956.1,N,-2.14,9490886680.02,EQ,SBIN,9846646,NIFTY FIN SERVICE
722.13,-16.55,733,719.05,28-Sep-2026 16:00:28,718.1,N,-2.25,15652585863.27,EQ,HDFCBANK,21675579,NIFTY FIN SERVICE
331.99,-8,338.55,330,28-Sep-2026 16:00:28,329.05,N,-2.37,3320928173.03,EQ,PFC,10003097,NIFTY FIN SERVICE
2780.58,-75,2810,2760,28-Sep-2026 16:00:28,2756.4,N,-2.65,2235922770.18,EQ,MUTHOOTFIN,804121,NIFTY FIN SERVICE
221.97,-6.5,227,220.5,28-Sep-2026 16:00:28,218.8,N,-2.86,3980266819.41,EQ,JIOFIN,17931553,NIFTY FIN SERVICE
3123.63,-94,3180,3097.5,28-Sep-2026 16:00:28,3075.1,N,-2.95,12280963664.16,EQ,BSE,3931632,NIFTY FIN SERVICE
306.52,-9.7,311.6,303.25,28-Sep-2026 16:00:28,303.25,N,-3.10,1914388744.68,EQ,RECLTD,6245559,NIFTY FIN SERVICE
595.31,-20.2,610,591,28-Sep-2026 16:00:28,590.5,N,-3.30,826624844.22,EQ,SBICARD,1388562,NIFTY FIN SERVICE
36.83,1.74,37.9,36.18,28-Sep-2026 16:00:28,34.37,N,5.05,2925378062.11,EQ,TTML,79429217,NIFTY 500
479.7,20.75,489.5,479,28-Sep-2026 16:00:28,452.25,N,4.53,3225368484,EQ,ELECON,6723720,NIFTY 500
263.09,11.25,267,264.95,28-Sep-2026 16:00:28,252.1,N,4.43,1142546199.64,EQ,GODIGIT,4342796,NIFTY 500
296.4,10.05,301.3,297.55,28-Sep-2026 16:00:28,280.25,N,3.50,628387266,EQ,AEGISVOPAK,2120065,NIFTY 500
170.4,5.45,173.6,170.05,28-Sep-2026 16:00:28,163.5,N,3.31,3707725080,EQ,MRPL,21758950,NIFTY 500
4634.4,120,4706.2,4640,28-Sep-2026 16:00:28,4450,N,2.65,628308780,EQ,CRISIL,135575,NIFTY 500
2930.43,72.3,2987,2888,28-Sep-2026 16:00:28,2790.1,N,2.57,1347889374.09,EQ,GLAXO,459963,NIFTY 500
1537.74,36.8,1567.9,1534,28-Sep-2026 16:00:28,1490.1,N,2.46,5040371879.46,EQ,GESHIP,3277779,NIFTY 500
188.83,4.27,195.3,185.1,28-Sep-2026 16:00:28,178.19,N,2.36,7261796411.02,EQ,FIRSTCRY,38456794,NIFTY 500
1418.05,30.6,1445.6,1407,28-Sep-2026 16:00:28,1368.2,N,2.22,3983654126.4,EQ,CHENNPETRO,2809248,NIFTY 500
2680.42,54.1,2715,2700,28-Sep-2026 16:00:28,2606.5,N,2.04,222919809.72,EQ,ENDURANCE,83166,NIFTY 500
34.45,0.69,35.08,34.98,28-Sep-2026 16:00:28,33.81,N,2.01,512546789.95,EQ,MSUMI,14877991,NIFTY 500
13560.61,250,13766,13640,28-Sep-2026 16:00:28,13234,N,1.87,7745942477.49,EQ,DIXON,571209,NIFTY 500
1220.01,20,1229.8,1221,28-Sep-2026 16:00:28,1204,N,1.67,4150078736.76,EQ,DRREDDY,3401676,NIFTY 500
543.38,8.85,555,555,28-Sep-2026 16:00:28,536.15,N,1.62,205594886.94,EQ,THELEELA,378363,NIFTY 500
497.72,7.85,504.2,501,28-Sep-2026 16:00:28,485.1,N,1.59,277870605.64,EQ,SARDAEN,558287,NIFTY 500
1131.77,17.3,1144.5,1135.5,28-Sep-2026 16:00:28,1120.2,N,1.55,1056409962.78,EQ,VOLTAS,933414,NIFTY 500
115.2,1.6,117.39,114.82,28-Sep-2026 16:00:28,111.81,N,1.41,1967467622.4,EQ,IREDA,17078712,NIFTY 500
3173.43,40.4,3235,3225,28-Sep-2026 16:00:28,3133.2,N,1.27,527201925.9,EQ,ICICIAMC,166130,NIFTY 500
523.76,6.4,533,519.6,28-Sep-2026 16:00:28,506.1,N,1.25,665766525.04,EQ,SUNTV,1271129,NIFTY 500
408.18,-15.2,421.9,407.5,28-Sep-2026 16:00:28,405.05,N,-3.60,1827823100.94,EQ,DELHIVERY,4477983,NIFTY 500
73.22,-2.75,74.83,72,28-Sep-2026 16:00:28,72,N,-3.68,428692117,EQ,INOXWIND,5854850,NIFTY 500
1187.77,-45,1214.2,1173,28-Sep-2026 16:00:28,1167.2,N,-3.69,719175730.68,EQ,UNOMINDA,605484,NIFTY 500
410.99,-15.85,422,406.5,28-Sep-2026 16:00:28,405.3,N,-3.75,180504753.05,EQ,LTFOODS,439195,NIFTY 500
1307.74,-50.6,1338,1287.9,28-Sep-2026 16:00:28,1283,N,-3.78,1608826211.16,EQ,ADANIENSOL,1230234,NIFTY 500
1442.14,-56.8,1476.2,1425,28-Sep-2026 16:00:28,1422,N,-3.83,123840888.22,EQ,BHARTIHEXA,85873,NIFTY 500
352.98,-14,363.35,348.05,28-Sep-2026 16:00:28,347,N,-3.87,1026775756.44,EQ,JSWINFRA,2908878,NIFTY 500
81.23,-3.25,83.5,80.55,28-Sep-2026 16:00:28,80.45,N,-3.88,1710966822.74,EQ,IDFCFIRSTB,21063238,NIFTY 500
363.53,-14.65,374.25,360,28-Sep-2026 16:00:28,355.55,N,-3.91,2219934842.71,EQ,INDUSTOWER,6106607,NIFTY 500
2036.25,-82.1,2090,2009.5,28-Sep-2026 16:00:28,2005.1,N,-3.93,545576535,EQ,TEGA,267932,NIFTY 500
1409.82,-58.5,1453.6,1395.1,28-Sep-2026 16:00:28,1383.9,N,-4.02,155025217.02,EQ,CONCORDBIO,109961,NIFTY 500
2928.26,-122.6,3009,2880,28-Sep-2026 16:00:28,2860.1,N,-4.08,973868997.76,EQ,CARTRADE,332576,NIFTY 500
1327.08,-55.7,1366.6,1309.7,28-Sep-2026 16:00:28,1300,N,-4.08,496235024.4,EQ,AEGISLOG,373930,NIFTY 500
1131.05,-47.9,1165,1117.1,28-Sep-2026 16:00:28,1115.1,N,-4.11,1309884839.7,EQ,LODHA,1158114,NIFTY 500
162.98,-7.02,171.25,161.97,28-Sep-2026 16:00:28,160,N,-4.15,817483558.96,EQ,URBANCO,5015852,NIFTY 500
1421.87,-60.9,1460.9,1400,28-Sep-2026 16:00:28,1400,N,-4.17,614101387.39,EQ,FINCABLES,431897,NIFTY 500
1444.77,-62.3,1495.1,1433.1,28-Sep-2026 16:00:28,1426.6,N,-4.17,168551202.51,EQ,MEDANTA,116663,NIFTY 500
215.88,-9.57,224.7,216,28-Sep-2026 16:00:28,212.6,N,-4.24,1041514571.16,EQ,CUB,4824507,NIFTY 500
1842.24,-80.8,1890,1818,28-Sep-2026 16:00:28,1806.2,N,-4.26,549986014.08,EQ,ECLERX,298542,NIFTY 500
71.18,-3.3,73.85,70.65,28-Sep-2026 16:00:28,70.31,N,-4.46,2433153698.62,EQ,IFCI,34183109,NIFTY 500
1649.46,-77.4,1724.4,1647,28-Sep-2026 16:00:28,1611.2,N,-4.49,357711792.36,EQ,POLYMED,216866,NIFTY 500
173.72,-8.45,178.99,171.75,28-Sep-2026 16:00:28,171.55,N,-4.69,1480674451.08,EQ,UNIONBANK,8523339,NIFTY 500
81.52,-4.03,84.5,80.85,28-Sep-2026 16:00:28,80.49,N,-4.75,1357757582.8,EQ,MAHABANK,16655515,NIFTY 500
1250.13,-61.6,1295.4,1235,28-Sep-2026 16:00:28,1225.6,N,-4.75,2274516525.12,EQ,ADANIGREEN,1819424,NIFTY 500
128.89,-6.45,134.19,127.91,28-Sep-2026 16:00:28,126.41,N,-4.80,917913206.31,EQ,PWL,7121679,NIFTY 500
1106.4,-63.1,1155,1093.9,28-Sep-2026 16:00:28,1091.3,N,-5.45,1117668684,EQ,NAM-INDIA,1010185,NIFTY 500
13.69,-0.79,14.23,13.47,28-Sep-2026 16:00:28,13.43,N,-5.54,6852482734.96,EQ,IDEA,500546584,NIFTY 500
132.02,-7.95,137.5,129.99,28-Sep-2026 16:00:28,129.31,N,-5.76,1389009880.16,EQ,BANKINDIA,10521208,NIFTY 500
21.51,-1.32,22.38,21.18,28-Sep-2026 16:00:28,21.11,N,-5.87,2633161298.31,EQ,YESBANK,122415681,NIFTY 500
317.18,-21,330.65,313,28-Sep-2026 16:00:28,312.15,N,-6.29,2734481731.4,EQ,MANAPPURAM,8621230,NIFTY 500
36.83,1.74,37.9,36.18,28-Sep-2026 16:00:28,34.37,N,5.05,2925378062.11,EQ,TTML,79429217,NIFTY MIDSML 400
479.7,20.75,489.5,479,28-Sep-2026 16:00:28,452.25,N,4.53,3225368484,EQ,ELECON,6723720,NIFTY MIDSML 400
263.09,11.25,267,264.95,28-Sep-2026 16:00:28,252.1,N,4.43,1142546199.64,EQ,GODIGIT,4342796,NIFTY MIDSML 400
296.4,10.05,301.3,297.55,28-Sep-2026 16:00:28,280.25,N,3.50,628387266,EQ,AEGISVOPAK,2120065,NIFTY MIDSML 400
170.4,5.45,173.6,170.05,28-Sep-2026 16:00:28,163.5,N,3.31,3707725080,EQ,MRPL,21758950,NIFTY MIDSML 400
4634.4,120,4706.2,4640,28-Sep-2026 16:00:28,4450,N,2.65,628308780,EQ,CRISIL,135575,NIFTY MIDSML 400
2930.43,72.3,2987,2888,28-Sep-2026 16:00:28,2790.1,N,2.57,1347889374.09,EQ,GLAXO,459963,NIFTY MIDSML 400
1537.74,36.8,1567.9,1534,28-Sep-2026 16:00:28,1490.1,N,2.46,5040371879.46,EQ,GESHIP,3277779,NIFTY MIDSML 400
188.83,4.27,195.3,185.1,28-Sep-2026 16:00:28,178.19,N,2.36,7261796411.02,EQ,FIRSTCRY,38456794,NIFTY MIDSML 400
1418.05,30.6,1445.6,1407,28-Sep-2026 16:00:28,1368.2,N,2.22,3983654126.4,EQ,CHENNPETRO,2809248,NIFTY MIDSML 400
2680.42,54.1,2715,2700,28-Sep-2026 16:00:28,2606.5,N,2.04,222919809.72,EQ,ENDURANCE,83166,NIFTY MIDSML 400
34.45,0.69,35.08,34.98,28-Sep-2026 16:00:28,33.81,N,2.01,512546789.95,EQ,MSUMI,14877991,NIFTY MIDSML 400
13560.61,250,13766,13640,28-Sep-2026 16:00:28,13234,N,1.87,7745942477.49,EQ,DIXON,571209,NIFTY MIDSML 400
543.38,8.85,555,555,28-Sep-2026 16:00:28,536.15,N,1.62,205594886.94,EQ,THELEELA,378363,NIFTY MIDSML 400
497.72,7.85,504.2,501,28-Sep-2026 16:00:28,485.1,N,1.59,277870605.64,EQ,SARDAEN,558287,NIFTY MIDSML 400
1131.77,17.3,1144.5,1135.5,28-Sep-2026 16:00:28,1120.2,N,1.55,1056409962.78,EQ,VOLTAS,933414,NIFTY MIDSML 400
115.2,1.6,117.39,114.82,28-Sep-2026 16:00:28,111.81,N,1.41,1967467622.4,EQ,IREDA,17078712,NIFTY MIDSML 400
3173.43,40.4,3235,3225,28-Sep-2026 16:00:28,3133.2,N,1.27,527201925.9,EQ,ICICIAMC,166130,NIFTY MIDSML 400
523.76,6.4,533,519.6,28-Sep-2026 16:00:28,506.1,N,1.25,665766525.04,EQ,SUNTV,1271129,NIFTY MIDSML 400
2139.23,26.2,2164.1,2153,28-Sep-2026 16:00:28,2112,N,1.23,842940049.97,EQ,ANANDRATHI,394039,NIFTY MIDSML 400
661.21,-24.25,682,656,28-Sep-2026 16:00:28,651,N,-3.56,2845101995.12,EQ,LENSKART,4302872,NIFTY MIDSML 400
183.51,-6.7,187,181,28-Sep-2026 16:00:28,180.6,N,-3.57,1647876858.66,EQ,BANDHANBNK,8979766,NIFTY MIDSML 400
1193.04,-44.1,1231,1186.8,28-Sep-2026 16:00:28,1181.2,N,-3.58,400431945.6,EQ,ABREL,335640,NIFTY MIDSML 400
408.18,-15.2,421.9,407.5,28-Sep-2026 16:00:28,405.05,N,-3.60,1827823100.94,EQ,DELHIVERY,4477983,NIFTY MIDSML 400
171.57,-6.35,178.4,170.25,28-Sep-2026 16:00:28,168.3,N,-3.60,310001426.07,EQ,NIACL,1806851,NIFTY MIDSML 400
73.22,-2.75,74.83,72,28-Sep-2026 16:00:28,72,N,-3.68,428692117,EQ,INOXWIND,5854850,NIFTY MIDSML 400
1187.77,-45,1214.2,1173,28-Sep-2026 16:00:28,1167.2,N,-3.69,719175730.68,EQ,UNOMINDA,605484,NIFTY MIDSML 400
410.99,-15.85,422,406.5,28-Sep-2026 16:00:28,405.3,N,-3.75,180504753.05,EQ,LTFOODS,439195,NIFTY MIDSML 400
1442.14,-56.8,1476.2,1425,28-Sep-2026 16:00:28,1422,N,-3.83,123840888.22,EQ,BHARTIHEXA,85873,NIFTY MIDSML 400
352.98,-14,363.35,348.05,28-Sep-2026 16:00:28,347,N,-3.87,1026775756.44,EQ,JSWINFRA,2908878,NIFTY MIDSML 400
81.23,-3.25,83.5,80.55,28-Sep-2026 16:00:28,80.45,N,-3.88,1710966822.74,EQ,IDFCFIRSTB,21063238,NIFTY MIDSML 400
363.53,-14.65,374.25,360,28-Sep-2026 16:00:28,355.55,N,-3.91,2219934842.71,EQ,INDUSTOWER,6106607,NIFTY MIDSML 400
2036.25,-82.1,2090,2009.5,28-Sep-2026 16:00:28,2005.1,N,-3.93,545576535,EQ,TEGA,267932,NIFTY MIDSML 400
1409.82,-58.5,1453.6,1395.1,28-Sep-2026 16:00:28,1383.9,N,-4.02,155025217.02,EQ,CONCORDBIO,109961,NIFTY MIDSML 400
1327.08,-55.7,1366.6,1309.7,28-Sep-2026 16:00:28,1300,N,-4.08,496235024.4,EQ,AEGISLOG,373930,NIFTY MIDSML 400
2928.26,-122.6,3009,2880,28-Sep-2026 16:00:28,2860.1,N,-4.08,973868997.76,EQ,CARTRADE,332576,NIFTY MIDSML 400
162.98,-7.02,171.25,161.97,28-Sep-2026 16:00:28,160,N,-4.15,817483558.96,EQ,URBANCO,5015852,NIFTY MIDSML 400
1444.77,-62.3,1495.1,1433.1,28-Sep-2026 16:00:28,1426.6,N,-4.17,168551202.51,EQ,MEDANTA,116663,NIFTY MIDSML 400
1421.87,-60.9,1460.9,1400,28-Sep-2026 16:00:28,1400,N,-4.17,614101387.39,EQ,FINCABLES,431897,NIFTY MIDSML 400
215.88,-9.57,224.7,216,28-Sep-2026 16:00:28,212.6,N,-4.24,1041514571.16,EQ,CUB,4824507,NIFTY MIDSML 400
1842.24,-80.8,1890,1818,28-Sep-2026 16:00:28,1806.2,N,-4.26,549986014.08,EQ,ECLERX,298542,NIFTY MIDSML 400
71.18,-3.3,73.85,70.65,28-Sep-2026 16:00:28,70.31,N,-4.46,2433153698.62,EQ,IFCI,34183109,NIFTY MIDSML 400
1649.46,-77.4,1724.4,1647,28-Sep-2026 16:00:28,1611.2,N,-4.49,357711792.36,EQ,POLYMED,216866,NIFTY MIDSML 400
81.52,-4.03,84.5,80.85,28-Sep-2026 16:00:28,80.49,N,-4.75,1357757582.8,EQ,MAHABANK,16655515,NIFTY MIDSML 400
128.89,-6.45,134.19,127.91,28-Sep-2026 16:00:28,126.41,N,-4.80,917913206.31,EQ,PWL,7121679,NIFTY MIDSML 400
1106.4,-63.1,1155,1093.9,28-Sep-2026 16:00:28,1091.3,N,-5.45,1117668684,EQ,NAM-INDIA,1010185,NIFTY MIDSML 400
13.69,-0.79,14.23,13.47,28-Sep-2026 16:00:28,13.43,N,-5.54,6852482734.96,EQ,IDEA,500546584,NIFTY MIDSML 400
132.02,-7.95,137.5,129.99,28-Sep-2026 16:00:28,129.31,N,-5.76,1389009880.16,EQ,BANKINDIA,10521208,NIFTY MIDSML 400
21.51,-1.32,22.38,21.18,28-Sep-2026 16:00:28,21.11,N,-5.87,2633161298.31,EQ,YESBANK,122415681,NIFTY MIDSML 400
317.18,-21,330.65,313,28-Sep-2026 16:00:28,312.15,N,-6.29,2734481731.4,EQ,MANAPPURAM,8621230,NIFTY MIDSML 400
800.93,49.45,828.9,808,28-Sep-2026 16:00:28,754,N,6.52,2425680579.4,EQ,OPTIEMUS,3028580,NIFTY TOTAL MKT
260,14.7,274,260.75,28-Sep-2026 16:00:28,246.96,N,5.97,8753560660,EQ,AEQUS,33667541,NIFTY TOTAL MKT
358.27,19.25,368.25,359,28-Sep-2026 16:00:28,342,N,5.67,3380081476.31,EQ,KPIGREEN,9434453,NIFTY TOTAL MKT
36.83,1.74,37.9,36.18,28-Sep-2026 16:00:28,34.37,N,5.05,2925378062.11,EQ,TTML,79429217,NIFTY TOTAL MKT
1553.42,75.8,1593.6,1593.6,28-Sep-2026 16:00:28,1496.2,N,4.99,567557531.2,EQ,QPOWER,365360,NIFTY TOTAL MKT
402.97,18.8,414.4,414.4,28-Sep-2026 16:00:28,388,N,4.75,4636787603.01,EQ,APOLLO,11506533,NIFTY TOTAL MKT
479.7,20.75,489.5,479,28-Sep-2026 16:00:28,452.25,N,4.53,3225368484,EQ,ELECON,6723720,NIFTY TOTAL MKT
263.09,11.25,267,264.95,28-Sep-2026 16:00:28,252.1,N,4.43,1142546199.64,EQ,GODIGIT,4342796,NIFTY TOTAL MKT
296.4,10.05,301.3,297.55,28-Sep-2026 16:00:28,280.25,N,3.50,628387266,EQ,AEGISVOPAK,2120065,NIFTY TOTAL MKT
170.4,5.45,173.6,170.05,28-Sep-2026 16:00:28,163.5,N,3.31,3707725080,EQ,MRPL,21758950,NIFTY TOTAL MKT
7013.36,200,7121,7100,28-Sep-2026 16:00:28,6750,N,2.90,705431802.24,BE,MTARTECH,100584,NIFTY TOTAL MKT
4634.4,120,4706.2,4640,28-Sep-2026 16:00:28,4450,N,2.65,628308780,EQ,CRISIL,135575,NIFTY TOTAL MKT
2930.43,72.3,2987,2888,28-Sep-2026 16:00:28,2790.1,N,2.57,1347889374.09,EQ,GLAXO,459963,NIFTY TOTAL MKT
1537.74,36.8,1567.9,1534,28-Sep-2026 16:00:28,1490.1,N,2.46,5040371879.46,EQ,GESHIP,3277779,NIFTY TOTAL MKT
408.12,9.95,417.5,415,28-Sep-2026 16:00:28,397.55,N,2.46,553919645.64,EQ,MIDHANI,1357247,NIFTY TOTAL MKT
3127.87,76.1,3186.9,3174,28-Sep-2026 16:00:28,3038.8,N,2.46,84715231.08,EQ,PRUDENT,27084,NIFTY TOTAL MKT
188.83,4.27,195.3,185.1,28-Sep-2026 16:00:28,178.19,N,2.36,7261796411.02,EQ,FIRSTCRY,38456794,NIFTY TOTAL MKT
1418.05,30.6,1445.6,1407,28-Sep-2026 16:00:28,1368.2,N,2.22,3983654126.4,EQ,CHENNPETRO,2809248,NIFTY TOTAL MKT
2680.42,54.1,2715,2700,28-Sep-2026 16:00:28,2606.5,N,2.04,222919809.72,EQ,ENDURANCE,83166,NIFTY TOTAL MKT
1071.58,21.7,1094.9,1092,28-Sep-2026 16:00:28,1040.4,N,2.03,109020406.04,EQ,NESCO,101738,NIFTY TOTAL MKT
212.27,-9.02,220.9,208.97,28-Sep-2026 16:00:28,207.1,N,-4.14,439700747.94,BE,LOTUSDEV,2071422,NIFTY TOTAL MKT
162.98,-7.02,171.25,161.97,28-Sep-2026 16:00:28,160,N,-4.15,817483558.96,EQ,URBANCO,5015852,NIFTY TOTAL MKT
1444.77,-62.3,1495.1,1433.1,28-Sep-2026 16:00:28,1426.6,N,-4.17,168551202.51,EQ,MEDANTA,116663,NIFTY TOTAL MKT
1421.87,-60.9,1460.9,1400,28-Sep-2026 16:00:28,1400,N,-4.17,614101387.39,EQ,FINCABLES,431897,NIFTY TOTAL MKT
77.39,-3.35,79.59,76.32,28-Sep-2026 16:00:28,75.89,N,-4.20,201063553.84,EQ,LLOYDSENT,2598056,NIFTY TOTAL MKT
325.92,-14.2,337.3,321.3,28-Sep-2026 16:00:28,320.45,N,-4.23,357342924.96,EQ,KTKBANK,1096413,NIFTY TOTAL MKT
215.88,-9.57,224.7,216,28-Sep-2026 16:00:28,212.6,N,-4.24,1041514571.16,EQ,CUB,4824507,NIFTY TOTAL MKT
1842.24,-80.8,1890,1818,28-Sep-2026 16:00:28,1806.2,N,-4.26,549986014.08,EQ,ECLERX,298542,NIFTY TOTAL MKT
652.62,-28.7,670.55,641,28-Sep-2026 16:00:28,638.55,N,-4.29,83641084.44,EQ,AURIONPRO,128162,NIFTY TOTAL MKT
779.87,-34.55,806.6,770,28-Sep-2026 16:00:28,754.8,N,-4.29,806763037.08,EQ,KSCL,1034484,NIFTY TOTAL MKT
455.83,-20.25,468.95,449,28-Sep-2026 16:00:28,448,N,-4.32,207400826.68,EQ,TRANSRAILL,454996,NIFTY TOTAL MKT
309.47,-13.5,326,296.4,28-Sep-2026 16:00:28,295,N,-4.36,356701311.4,EQ,INDIAGLYCO,1152620,NIFTY TOTAL MKT
341.21,-15.5,353.8,339,28-Sep-2026 16:00:28,337,N,-4.37,200395703.89,BE,DIACABS,587309,NIFTY TOTAL MKT
71.18,-3.3,73.85,70.65,28-Sep-2026 16:00:28,70.31,N,-4.46,2433153698.62,EQ,IFCI,34183109,NIFTY TOTAL MKT
1649.46,-77.4,1724.4,1647,28-Sep-2026 16:00:28,1611.2,N,-4.49,357711792.36,EQ,POLYMED,216866,NIFTY TOTAL MKT
6590.73,-313,6884,6512.5,28-Sep-2026 16:00:28,6485,N,-4.59,442692743.37,EQ,SMLMAH,67169,NIFTY TOTAL MKT
4524.49,-217.4,4662.1,4445,28-Sep-2026 16:00:28,4436,N,-4.66,1233873667.9,EQ,SANSERA,272710,NIFTY TOTAL MKT
2062.53,-100.9,2153.6,2055.9,28-Sep-2026 16:00:28,2043.1,N,-4.68,413042257.8,EQ,INOXINDIA,200260,NIFTY TOTAL MKT
173.72,-8.45,178.99,171.75,28-Sep-2026 16:00:28,171.55,N,-4.69,1480674451.08,EQ,UNIONBANK,8523339,NIFTY TOTAL MKT
81.52,-4.03,84.5,80.85,28-Sep-2026 16:00:28,80.49,N,-4.75,1357757582.8,EQ,MAHABANK,16655515,NIFTY TOTAL MKT
1250.13,-61.6,1295.4,1235,28-Sep-2026 16:00:28,1225.6,N,-4.75,2274516525.12,EQ,ADANIGREEN,1819424,NIFTY TOTAL MKT
128.89,-6.45,134.19,127.91,28-Sep-2026 16:00:28,126.41,N,-4.80,917913206.31,EQ,PWL,7121679,NIFTY TOTAL MKT
152.19,-8.2,155.98,150.99,28-Sep-2026 16:00:28,149.7,N,-5.15,223400157.57,EQ,SAMHI,1467903,NIFTY TOTAL MKT
441.05,-23.6,456.85,433.25,28-Sep-2026 16:00:28,432.6,N,-5.17,21340204.25,EQ,TSFINV,48385,NIFTY TOTAL MKT
1106.4,-63.1,1155,1093.9,28-Sep-2026 16:00:28,1091.3,N,-5.45,1117668684,EQ,NAM-INDIA,1010185,NIFTY TOTAL MKT
13.69,-0.79,14.23,13.47,28-Sep-2026 16:00:28,13.43,N,-5.54,6852482734.96,EQ,IDEA,500546584,NIFTY TOTAL MKT
132.02,-7.95,137.5,129.99,28-Sep-2026 16:00:28,129.31,N,-5.76,1389009880.16,EQ,BANKINDIA,10521208,NIFTY TOTAL MKT
21.51,-1.32,22.38,21.18,28-Sep-2026 16:00:28,21.11,N,-5.87,2633161298.31,EQ,YESBANK,122415681,NIFTY TOTAL MKT
317.18,-21,330.65,313,28-Sep-2026 16:00:28,312.15,N,-6.29,2734481731.4,EQ,MANAPPURAM,8621230,NIFTY TOTAL MKT
506.55,-35.95,541.1,499.3,28-Sep-2026 16:00:28,496.2,N,-6.72,730539318.3,EQ,JSFB,1442186,NIFTY TOTAL MKT
5353.74,30,5390.5,5390,28-Sep-2026 16:00:28,5306,N,0.56,1823162619.6,EQ,HEROMOTOCO,340540,NIFTY AUTO
12017.34,-57,12116,12008,28-Sep-2026 16:00:28,11944,N,-0.47,3627193732.2,EQ,MARUTI,301830,NIFTY AUTO
2992.85,-40,3019.9,2995,28-Sep-2026 16:00:28,2977.6,N,-1.32,6221009838.4,EQ,M&M,2078624,NIFTY AUTO
4100.22,-62.3,4164,4095,28-Sep-2026 16:00:28,4057.6,N,-1.50,2354575936.32,EQ,TVSMOTOR,574256,NIFTY AUTO
7239.21,-146.5,7323,7213.5,28-Sep-2026 16:00:28,7189,N,-1.99,3062757727.59,EQ,EICHERMOT,423079,NIFTY AUTO
818.15,-16.6,827.9,807.9,28-Sep-2026 16:00:28,805.1,N,-2.01,2959206006.2,EQ,SONACOMS,3616948,NIFTY AUTO
162.86,-3.34,165.49,162.37,28-Sep-2026 16:00:28,161.3,N,-2.02,1586067645.26,EQ,MOTHERSON,9738841,NIFTY AUTO
2465.91,-52.1,2523.2,2459,28-Sep-2026 16:00:28,2443.9,N,-2.07,541252449.54,EQ,TIINDIA,219494,NIFTY AUTO
11068.11,-257,11270,11024,28-Sep-2026 16:00:28,10953,N,-2.28,2671111258.74,EQ,BAJAJ-AUTO,241334,NIFTY AUTO
156.02,-3.86,158.88,155.22,28-Sep-2026 16:00:28,154.7,N,-2.43,1905647938.52,EQ,ASHOKLEY,12214126,NIFTY AUTO
1970.8,-51,1994.5,1957,28-Sep-2026 16:00:28,1951.2,N,-2.54,1149159684.4,EQ,BHARATFORG,583093,NIFTY AUTO
47203.46,-1230,48010,47020,28-Sep-2026 16:00:28,46910,N,-2.55,718011830.06,EQ,BOSCHLTD,15211,NIFTY AUTO
416.07,-12.65,422.65,411,28-Sep-2026 16:00:28,411,N,-2.99,393658805.52,EQ,EXIDEIND,946136,NIFTY AUTO
284.03,-8.7,291.2,281.75,28-Sep-2026 16:00:28,280.2,N,-3.00,3994351950.02,EQ,TMPV,14063134,NIFTY AUTO
1187.77,-45,1214.2,1173,28-Sep-2026 16:00:28,1167.2,N,-3.69,719175730.68,EQ,UNOMINDA,605484,NIFTY AUTO
384.75,0.15,386.5,385.75,28-Sep-2026 16:00:28,381.85,N,0.04,1097197346.25,EQ,DABUR,2851715,NIFTY FMCG
4894.32,-22.5,4933,4915,28-Sep-2026 16:00:28,4869,N,-0.46,1496619429.84,EQ,BRITANNIA,305787,NIFTY FMCG
1839.93,-9.9,1857.9,1845.9,28-Sep-2026 16:00:28,1826.8,N,-0.53,786728308.98,EQ,COLPAL,427586,NIFTY FMCG
385.17,-2.15,390.05,387.1,28-Sep-2026 16:00:28,379.95,N,-0.55,782939295.87,EQ,EMAMILTD,2032711,NIFTY FMCG
1414.98,-8.4,1420.1,1415.4,28-Sep-2026 16:00:28,1406,N,-0.59,479153262.42,EQ,UNITDSPR,338629,NIFTY FMCG
807.44,-5.75,815,813.25,28-Sep-2026 16:00:28,804.2,N,-0.70,869541017.84,EQ,MARICO,1076911,NIFTY FMCG
429.58,-4.8,433.5,430,28-Sep-2026 16:00:28,426.2,N,-1.10,2022136159.2,EQ,VBL,4707240,NIFTY FMCG
1350.39,-16.6,1356.8,1346,28-Sep-2026 16:00:28,1343.9,N,-1.22,948547695.75,EQ,NESTLEIND,702425,NIFTY FMCG
865.59,-12,876.75,868,28-Sep-2026 16:00:28,859.5,N,-1.36,1033035788.73,EQ,GODREJCP,1193447,NIFTY FMCG
266.25,-3.8,269.3,265.2,28-Sep-2026 16:00:28,265,N,-1.41,2093624126.25,EQ,ITC,7863377,NIFTY FMCG
4517.57,-78.8,4550.7,4478.3,28-Sep-2026 16:00:28,4452.5,N,-1.73,576943382.27,EQ,RADICO,127711,NIFTY FMCG
1227.14,-27.3,1258.8,1224,28-Sep-2026 16:00:28,1215.2,N,-2.18,52667621.66,EQ,UBL,42919,NIFTY FMCG
961.16,-23.2,983.6,960,28-Sep-2026 16:00:28,955.5,N,-2.36,1257116542.56,EQ,TATACONSUM,1307916,NIFTY FMCG
1904.3,-46.9,1933.2,1896,28-Sep-2026 16:00:28,1893.2,N,-2.41,3528437479.7,EQ,HINDUNILVR,1852879,NIFTY FMCG
393.79,-13.15,403.05,390.8,28-Sep-2026 16:00:28,385.2,N,-3.26,1374935111.76,EQ,PATANJALI,3491544,NIFTY FMCG
998.83,3,1009.5,1003.2,28-Sep-2026 16:00:28,986.6,N,0.30,8557647823.76,EQ,INFY,8567672,NIFTY IT
10782.21,30,10910,10800,28-Sep-2026 16:00:28,10599,N,0.28,2100644063.25,EQ,OFSS,194825,NIFTY IT
4091.16,8.4,4132.4,4091.4,28-Sep-2026 16:00:28,4018.2,N,0.21,1669950144.6,EQ,LTM,408185,NIFTY IT
2228.86,3.5,2245.6,2237.5,28-Sep-2026 16:00:28,2207.5,N,0.16,691066958.44,EQ,MPHASIS,310054,NIFTY IT
1542.93,-5.8,1557,1542.2,28-Sep-2026 16:00:28,1526.8,N,-0.37,1947051139.74,EQ,TECHM,1261918,NIFTY IT
1252.06,-5.4,1267.3,1252.6,28-Sep-2026 16:00:28,1241.8,N,-0.43,2844989578.82,EQ,HCLTECH,2272247,NIFTY IT
2073.28,-11.3,2100,2070.7,28-Sep-2026 16:00:28,2051,N,-0.54,5094150550.72,EQ,TCS,2457049,NIFTY IT
1775.85,-11,1786,1773,28-Sep-2026 16:00:28,1767.5,N,-0.62,1958375414.7,EQ,COFORGE,1102782,NIFTY IT
5325.2,-43.5,5377.5,5328.5,28-Sep-2026 16:00:28,5285,N,-0.81,1786753705.6,EQ,PERSISTENT,335528,NIFTY IT
162.17,-2.46,164.45,161.56,28-Sep-2026 16:00:28,160.97,N,-1.50,1671846207.4,EQ,WIPRO,10309220,NIFTY IT
523.76,6.4,533,519.6,28-Sep-2026 16:00:28,506.1,N,1.25,665766525.04,EQ,SUNTV,1271129,NIFTY MEDIA
379.52,2.95,383.1,379.4,28-Sep-2026 16:00:28,371.15,N,0.78,875774279.68,EQ,NAZARA,2307584,NIFTY MEDIA
320.93,0.2,328,315.65,28-Sep-2026 16:00:28,313.25,N,0.06,1264209702.51,EQ,PFOCUS,3939207,NIFTY MEDIA
76.77,-0.26,77.63,76.61,28-Sep-2026 16:00:28,76.07,N,-0.34,854564410.53,EQ,ZEEL,11131489,NIFTY MEDIA
491.41,-5.9,496.9,491,28-Sep-2026 16:00:28,487.05,N,-1.19,67225870.82,EQ,SAREGAMA,136802,NIFTY MEDIA
179.57,-3.7,182.61,178.01,28-Sep-2026 16:00:28,178.01,N,-2.04,7413547.45,EQ,DBCORP,41285,NIFTY MEDIA
26.23,-0.61,26.79,26.14,28-Sep-2026 16:00:28,25.86,N,-2.28,71437824.68,EQ,NETWORK18,2723516,NIFTY MEDIA
1231.13,-30.6,1257.4,1224,28-Sep-2026 16:00:28,1219,N,-2.44,488047016.86,EQ,PVRINOX,396422,NIFTY MEDIA
664.34,-16.95,670.4,652,28-Sep-2026 16:00:28,651.6,N,-2.53,134184057.54,EQ,TIPSMUSIC,201981,NIFTY MEDIA
9.5,-0.56,9.94,9.37,28-Sep-2026 16:00:28,9.24,N,-5.64,57685862,EQ,HATHWAY,6072196,NIFTY MEDIA
1826.03,-3,1839.8,1835,28-Sep-2026 16:00:28,1807,N,-0.16,528688639.87,EQ,LLOYDSME,289529,NIFTY METAL
745.42,-2.15,756,746.1,28-Sep-2026 16:00:28,738.5,N,-0.29,953178244.46,EQ,JSL,1278713,NIFTY METAL
185.38,-0.8,188.22,184.2,28-Sep-2026 16:00:28,182.76,N,-0.43,2652973180,EQ,SAIL,14311000,NIFTY METAL
2188.19,-17.7,2210.2,2197,28-Sep-2026 16:00:28,2174.9,N,-0.80,700148589.73,EQ,APLAPOLLO,319967,NIFTY METAL
186.68,-1.67,188.58,186.3,28-Sep-2026 16:00:28,185.25,N,-0.89,2544241371.88,EQ,TATASTEEL,13628891,NIFTY METAL
1262.17,-12.9,1278.4,1264.1,28-Sep-2026 16:00:28,1254.1,N,-1.01,1535437378.02,EQ,JSWSTEEL,1216506,NIFTY METAL
1142.27,-25.2,1160,1139.6,28-Sep-2026 16:00:28,1133.2,N,-2.16,815523666.5,EQ,JINDALSTEL,713950,NIFTY METAL
959.42,-21.1,972.9,955.9,28-Sep-2026 16:00:28,951.1,N,-2.16,3218334094.36,EQ,HINDALCO,3354458,NIFTY METAL
347.38,-9.7,354.75,349,28-Sep-2026 16:00:28,344.35,N,-2.70,2475873831.64,EQ,NATIONALUM,7127278,NIFTY METAL
574.57,-15.95,580.3,573,28-Sep-2026 16:00:28,568.25,N,-2.71,2247655786.44,EQ,HINDZINC,3911892,NIFTY METAL
260.45,-7.35,264.4,259,28-Sep-2026 16:00:28,258.2,N,-2.76,1936986965.1,EQ,VEDL,7437078,NIFTY METAL
2753.14,-78.4,2838,2754,28-Sep-2026 16:00:28,2684.5,N,-2.77,3713393934.9,EQ,WELCORP,1348785,NIFTY METAL
480.73,-14.25,484.8,480.4,28-Sep-2026 16:00:28,478.15,N,-2.88,2920894327.88,EQ,HINDCOPPER,6075956,NIFTY METAL
2844.39,-85.4,2924,2831.1,28-Sep-2026 16:00:28,2811,N,-2.93,3582580314.75,EQ,ADANIENT,1259525,NIFTY METAL
78.7,-2.47,80.9,77.43,28-Sep-2026 16:00:28,77.43,N,-3.09,1895421581.9,EQ,NMDC,24084137,NIFTY METAL
1220.01,20,1229.8,1221,28-Sep-2026 16:00:28,1204,N,1.67,4150078736.76,EQ,DRREDDY,3401676,NIFTY PHARMA
1217.55,11.1,1228.6,1215,28-Sep-2026 16:00:28,1201.2,N,0.92,4853565831.9,EQ,ZYDUSLIFE,3986338,NIFTY PHARMA
2003.84,3.7,2012.3,2010.7,28-Sep-2026 16:00:28,1984.8,N,0.18,1904551731.84,EQ,LAURUSLABS,950451,NIFTY PHARMA
2899.43,-8.4,2928,2908.8,28-Sep-2026 16:00:28,2884.2,N,-0.29,648495212.09,EQ,GLAND,223663,NIFTY PHARMA
1584.82,-10.5,1611.1,1581.7,28-Sep-2026 16:00:28,1564.1,N,-0.66,434189965.76,EQ,SAILIFE,273968,NIFTY PHARMA
26878.9,-185,27175,26770,28-Sep-2026 16:00:28,26530,N,-0.69,148237133.5,EQ,ABBOTINDIA,5515,NIFTY PHARMA
9557.45,-69.5,9655,9550,28-Sep-2026 16:00:28,9473,N,-0.72,3634249034.85,EQ,DIVISLAB,380253,NIFTY PHARMA
1848.46,-14.2,1856.6,1838,28-Sep-2026 16:00:28,1838,N,-0.77,1751820662.74,EQ,SUNPHARMA,947719,NIFTY PHARMA
1697.8,-14.5,1713.4,1697.5,28-Sep-2026 16:00:28,1686.8,N,-0.85,1116456302,EQ,AUROPHARMA,657590,NIFTY PHARMA
3535.23,-31.8,3560,3516,28-Sep-2026 16:00:28,3506,N,-0.90,344094541.59,EQ,AJANTPHARM,97333,NIFTY PHARMA
1388.44,-16,1405,1383.7,28-Sep-2026 16:00:28,1380.5,N,-1.14,987208608.8,EQ,CIPLA,711020,NIFTY PHARMA
2067.7,-30,2098.6,2062,28-Sep-2026 16:00:28,2056,N,-1.43,1094950535,EQ,LUPIN,529550,NIFTY PHARMA
1927.94,-30.8,1972.9,1940,28-Sep-2026 16:00:28,1902.3,N,-1.56,327986936.62,EQ,IPCALAB,170123,NIFTY PHARMA
2457.31,-39.3,2488.3,2435.6,28-Sep-2026 16:00:28,2430.3,N,-1.59,955480761.92,EQ,MANKIND,388832,NIFTY PHARMA
208.24,-3.91,212.32,206.4,28-Sep-2026 16:00:28,205.21,N,-1.86,554918160.24,EQ,PPLPHARMA,2664801,NIFTY PHARMA
5204.94,-99,5273.5,5175,28-Sep-2026 16:00:28,5131,N,-1.88,529415267.16,EQ,ALKEM,101714,NIFTY PHARMA
377.36,-7.25,381.15,374.9,28-Sep-2026 16:00:28,374.05,N,-1.90,842658087.6,EQ,BIOCON,2233035,NIFTY PHARMA
2343.61,-54.3,2392.5,2325.7,28-Sep-2026 16:00:28,2307.3,N,-2.28,2310513539.58,EQ,GLENMARK,985878,NIFTY PHARMA
4894.81,-119.5,4996.5,4869,28-Sep-2026 16:00:28,4852.5,N,-2.40,1971859524.07,EQ,TORNTPHARM,402847,NIFTY PHARMA
2212.61,-76.6,2267,2189,28-Sep-2026 16:00:28,2181,N,-3.38,1438090294.72,EQ,WOCKPHARMA,649952,NIFTY PHARMA
31.68,-0.15,32.1,31.83,28-Sep-2026 16:00:28,31.22,N,-0.47,98660770.56,EQ,IOB,3114292,NIFTY PSU BANK
30.74,-0.53,31.11,30.65,28-Sep-2026 16:00:28,30.51,N,-1.70,130019563.96,EQ,CENTRALBK,4229654,NIFTY PSU BANK
963.87,-21,982.5,962,28-Sep-2026 16:00:28,956.1,N,-2.14,9490886680.02,EQ,SBIN,9846646,NIFTY PSU BANK
23.45,-0.54,23.87,23.36,28-Sep-2026 16:00:28,23.23,N,-2.26,83212067.05,EQ,UCOBANK,3548489,NIFTY PSU BANK
21.4,-0.52,21.82,21.3,28-Sep-2026 16:00:28,21.26,N,-2.38,17250754,EQ,PSB,806110,NIFTY PSU BANK
229.76,-7.76,234.99,227.5,28-Sep-2026 16:00:28,227.5,N,-3.30,1615546641.28,EQ,BANKBARODA,7031453,NIFTY PSU BANK
113.62,-4,116.55,112.6,28-Sep-2026 16:00:28,112.07,N,-3.43,1619102838.34,EQ,PNB,14250157,NIFTY PSU BANK
121.71,-4.34,124.68,120.65,28-Sep-2026 16:00:28,120.26,N,-3.47,1980500902.74,EQ,CANBK,16272294,NIFTY PSU BANK
812.21,-29.55,832.35,802.45,28-Sep-2026 16:00:28,801,N,-3.55,606398422.63,EQ,INDIANB,746603,NIFTY PSU BANK
173.72,-8.45,178.99,171.75,28-Sep-2026 16:00:28,171.55,N,-4.69,1480674451.08,EQ,UNIONBANK,8523339,NIFTY PSU BANK
81.52,-4.03,84.5,80.85,28-Sep-2026 16:00:28,80.49,N,-4.75,1357757582.8,EQ,MAHABANK,16655515,NIFTY PSU BANK
132.02,-7.95,137.5,129.99,28-Sep-2026 16:00:28,129.31,N,-5.76,1389009880.16,EQ,BANKINDIA,10521208,NIFTY PSU BANK
324.3,3,327.3,325,28-Sep-2026 16:00:28,320.5,N,0.93,2535824609.7,EQ,FEDERALBNK,7819379,NIFTY PVT BANK
901.23,-2.5,913,909.7,28-Sep-2026 16:00:28,889.4,N,-0.27,1617612319.62,EQ,INDUSINDBK,1794894,NIFTY PVT BANK
399.72,-2.45,403.7,401.55,28-Sep-2026 16:00:28,395.75,N,-0.61,6020844456.6,EQ,KOTAKBANK,15062655,NIFTY PVT BANK
1209.62,-12.5,1217.8,1209.9,28-Sep-2026 16:00:28,1205,N,-1.02,5771700620.38,EQ,AXISBANK,4771499,NIFTY PVT BANK
1305.49,-24.8,1323.8,1302,28-Sep-2026 16:00:28,1300,N,-1.87,8261070223.54,EQ,ICICIBANK,6327946,NIFTY PVT BANK
407.92,-8.05,413.85,407,28-Sep-2026 16:00:28,404.3,N,-1.94,797634530.4,EQ,RBLBANK,1955370,NIFTY PVT BANK
722.13,-16.55,733,719.05,28-Sep-2026 16:00:28,718.1,N,-2.25,15652585863.27,EQ,HDFCBANK,21675579,NIFTY PVT BANK
183.51,-6.7,187,181,28-Sep-2026 16:00:28,180.6,N,-3.57,1647876858.66,EQ,BANDHANBNK,8979766,NIFTY PVT BANK
81.23,-3.25,83.5,80.55,28-Sep-2026 16:00:28,80.45,N,-3.88,1710966822.74,EQ,IDFCFIRSTB,21063238,NIFTY PVT BANK
21.51,-1.32,22.38,21.18,28-Sep-2026 16:00:28,21.11,N,-5.87,2633161298.31,EQ,YESBANK,122415681,NIFTY PVT BANK
1457.51,-7,1470.8,1470.8,28-Sep-2026 16:00:28,1437.4,N,-0.47,840951204.78,EQ,PRESTIGE,576978,NIFTY REALTY
1220.26,-12.6,1233.6,1214,28-Sep-2026 16:00:28,1205.1,N,-1.03,62921486.64,EQ,SOBHA,51564,NIFTY REALTY
1950.24,-26.2,1973.1,1952.2,28-Sep-2026 16:00:28,1940.1,N,-1.32,301598765.28,EQ,PHOENIXLTD,154647,NIFTY REALTY
610.26,-8.4,619.8,609,28-Sep-2026 16:00:28,601.8,N,-1.36,639532341.42,EQ,ANANTRAJ,1047967,NIFTY REALTY
1840.06,-28.5,1855,1830,28-Sep-2026 16:00:28,1821.1,N,-1.53,670221614.34,EQ,OBEROIRLTY,364239,NIFTY REALTY
1678.61,-30.3,1708,1669.8,28-Sep-2026 16:00:28,1667,N,-1.78,709031435.12,EQ,GODREJPROP,422392,NIFTY REALTY
587,-15.9,600.85,582,28-Sep-2026 16:00:28,580.35,N,-2.66,102537160,EQ,BRIGADE,174680,NIFTY REALTY
668.03,-19.45,680,663.55,28-Sep-2026 16:00:28,663.55,N,-2.85,1847124326.96,EQ,DLF,2765032,NIFTY REALTY
1193.04,-44.1,1231,1186.8,28-Sep-2026 16:00:28,1181.2,N,-3.58,400431945.6,EQ,ABREL,335640,NIFTY REALTY
1131.05,-47.9,1165,1117.1,28-Sep-2026 16:00:28,1115.1,N,-4.11,1309884839.7,EQ,LODHA,1158114,NIFTY REALTY
1220.01,20,1229.8,1221,28-Sep-2026 16:00:28,1204,N,1.67,4150078736.76,EQ,DRREDDY,3401676,NIFTY HEALTHCARE
1217.55,11.1,1228.6,1215,28-Sep-2026 16:00:28,1201.2,N,0.92,4853565831.9,EQ,ZYDUSLIFE,3986338,NIFTY HEALTHCARE
2003.84,3.7,2012.3,2010.7,28-Sep-2026 16:00:28,1984.8,N,0.18,1904551731.84,EQ,LAURUSLABS,950451,NIFTY HEALTHCARE
8861.11,-29,8902.5,8860,28-Sep-2026 16:00:28,8804,N,-0.33,3805217606.19,EQ,APOLLOHOSP,429429,NIFTY HEALTHCARE
26878.9,-185,27175,26770,28-Sep-2026 16:00:28,26530,N,-0.69,148237133.5,EQ,ABBOTINDIA,5515,NIFTY HEALTHCARE
9557.45,-69.5,9655,9550,28-Sep-2026 16:00:28,9473,N,-0.72,3634249034.85,EQ,DIVISLAB,380253,NIFTY HEALTHCARE
1848.46,-14.2,1856.6,1838,28-Sep-2026 16:00:28,1838,N,-0.77,1751820662.74,EQ,SUNPHARMA,947719,NIFTY HEALTHCARE
1697.8,-14.5,1713.4,1697.5,28-Sep-2026 16:00:28,1686.8,N,-0.85,1116456302,EQ,AUROPHARMA,657590,NIFTY HEALTHCARE
827.45,-7.1,840.2,830.75,28-Sep-2026 16:00:28,817.25,N,-0.85,2158745889.3,EQ,FORTIS,2608914,NIFTY HEALTHCARE
376.23,-3.65,380,375.05,28-Sep-2026 16:00:28,374,N,-0.96,102135910.56,EQ,SYNGENE,271472,NIFTY HEALTHCARE
1388.44,-16,1405,1383.7,28-Sep-2026 16:00:28,1380.5,N,-1.14,987208608.8,EQ,CIPLA,711020,NIFTY HEALTHCARE
1001.28,-13.9,1015.8,1000.1,28-Sep-2026 16:00:28,989.1,N,-1.37,2651200198.08,EQ,MAXHEALTH,2647811,NIFTY HEALTHCARE
2067.7,-30,2098.6,2062,28-Sep-2026 16:00:28,2056,N,-1.43,1094950535,EQ,LUPIN,529550,NIFTY HEALTHCARE
1927.94,-30.8,1972.9,1940,28-Sep-2026 16:00:28,1902.3,N,-1.56,327986936.62,EQ,IPCALAB,170123,NIFTY HEALTHCARE
2457.31,-39.3,2488.3,2435.6,28-Sep-2026 16:00:28,2430.3,N,-1.59,955480761.92,EQ,MANKIND,388832,NIFTY HEALTHCARE
208.24,-3.91,212.32,206.4,28-Sep-2026 16:00:28,205.21,N,-1.86,554918160.24,EQ,PPLPHARMA,2664801,NIFTY HEALTHCARE
5204.94,-99,5273.5,5175,28-Sep-2026 16:00:28,5131,N,-1.88,529415267.16,EQ,ALKEM,101714,NIFTY HEALTHCARE
377.36,-7.25,381.15,374.9,28-Sep-2026 16:00:28,374.05,N,-1.90,842658087.6,EQ,BIOCON,2233035,NIFTY HEALTHCARE
2343.61,-54.3,2392.5,2325.7,28-Sep-2026 16:00:28,2307.3,N,-2.28,2310513539.58,EQ,GLENMARK,985878,NIFTY HEALTHCARE
4894.81,-119.5,4996.5,4869,28-Sep-2026 16:00:28,4852.5,N,-2.40,1971859524.07,EQ,TORNTPHARM,402847,NIFTY HEALTHCARE
13560.61,250,13766,13640,28-Sep-2026 16:00:28,13234,N,1.87,7745942477.49,EQ,DIXON,571209,NIFTY CONSR DURBL
1131.77,17.3,1144.5,1135.5,28-Sep-2026 16:00:28,1120.2,N,1.55,1056409962.78,EQ,VOLTAS,933414,NIFTY CONSR DURBL
1574.23,10.4,1593.5,1575.4,28-Sep-2026 16:00:28,1562.3,N,0.66,2325671373.97,EQ,BLUESTARCO,1477339,NIFTY CONSR DURBL
6974.82,30,7038.5,6990,28-Sep-2026 16:00:28,6880,N,0.43,865693733.94,EQ,AMBER,124117,NIFTY CONSR DURBL
1731.23,5.6,1741.5,1731,28-Sep-2026 16:00:28,1713.3,N,0.32,1033520072.78,EQ,LGEINDIA,596986,NIFTY CONSR DURBL
218.26,0.2,221.3,218.8,28-Sep-2026 16:00:28,214.51,N,0.09,548110008.46,EQ,CROMPTON,2511271,NIFTY CONSR DURBL
911.57,-5,932,913.9,28-Sep-2026 16:00:28,889.85,N,-0.54,3773927147.1,EQ,WHIRLPOOL,4140030,NIFTY CONSR DURBL
628.35,-5.9,633.7,623.9,28-Sep-2026 16:00:28,621,N,-0.94,74507857.95,EQ,BATAINDIA,118577,NIFTY CONSR DURBL
1081.51,-11.5,1099.9,1085,28-Sep-2026 16:00:28,1074.5,N,-1.05,795083973.11,EQ,HAVELLS,735161,NIFTY CONSR DURBL
4825.69,-64.5,4881,4819.5,28-Sep-2026 16:00:28,4810,N,-1.32,3054362577.22,EQ,TITAN,632938,NIFTY CONSR DURBL
563.72,-9,573.75,564,28-Sep-2026 16:00:28,559.25,N,-1.57,1499684609.92,EQ,KALYANKJIL,2660336,NIFTY CONSR DURBL
512.18,-11.5,521,507,28-Sep-2026 16:00:28,505.1,N,-2.22,259110325.46,EQ,PGEL,505897,NIFTY CONSR DURBL
1197.23,-30.1,1217.7,1188,28-Sep-2026 16:00:28,1185.6,N,-2.47,135627003.32,EQ,KAJARIACER,113284,NIFTY CONSR DURBL
296.4,10.05,301.3,297.55,28-Sep-2026 16:00:28,280.25,N,3.50,628387266,EQ,AEGISVOPAK,2120065,NIFTY OIL AND GAS
1418.05,30.6,1445.6,1407,28-Sep-2026 16:00:28,1368.2,N,2.22,3983654126.4,EQ,CHENNPETRO,2809248,NIFTY OIL AND GAS
289.44,3.35,293.05,289.85,28-Sep-2026 16:00:28,285.75,N,1.17,850204239.84,EQ,PETRONET,2937411,NIFTY OIL AND GAS
172.34,-0.25,174.71,172.45,28-Sep-2026 16:00:28,171,N,-0.14,1930694171.14,EQ,GAIL,11202821,NIFTY OIL AND GAS
201.65,-0.67,203.4,201,28-Sep-2026 16:00:28,199.32,N,-0.33,985424228.25,EQ,CASTROLIND,4886805,NIFTY OIL AND GAS
143.75,-1.55,145.1,143.4,28-Sep-2026 16:00:28,143,N,-1.07,172601631.25,EQ,IGL,1200707,NIFTY OIL AND GAS
466.56,-7.15,476.45,468,28-Sep-2026 16:00:28,463.4,N,-1.50,824642933.76,EQ,OIL,1767496,NIFTY OIL AND GAS
133.73,-2.38,135.58,133.32,28-Sep-2026 16:00:28,133.04,N,-1.75,740629905.04,EQ,IOC,5538248,NIFTY OIL AND GAS
1049.47,-19.3,1071.9,1052,28-Sep-2026 16:00:28,1041,N,-1.80,142699584.31,EQ,MGL,135973,NIFTY OIL AND GAS
303.63,-6.25,308.5,302.25,28-Sep-2026 16:00:28,301,N,-2.03,854191651.95,EQ,BPCL,2813265,NIFTY OIL AND GAS
1205.86,-28.4,1219.7,1197.6,28-Sep-2026 16:00:28,1197,N,-2.32,16402528565.14,EQ,RELIANCE,13602349,NIFTY OIL AND GAS
344.58,-8.55,349.35,342.45,28-Sep-2026 16:00:28,340.45,N,-2.44,1399919997.3,EQ,HINDPETRO,4062685,NIFTY OIL AND GAS
232,-5.86,235.85,230,28-Sep-2026 16:00:28,229.85,N,-2.48,2278183624,EQ,ONGC,9819757,NIFTY OIL AND GAS
599.2,-16.65,611.5,595,28-Sep-2026 16:00:28,593,N,-2.72,367410864.8,EQ,ATGL,613169,NIFTY OIL AND GAS
1327.08,-55.7,1366.6,1309.7,28-Sep-2026 16:00:28,1300,N,-4.08,496235024.4,EQ,AEGISLOG,373930,NIFTY OIL AND GAS
2930.43,72.3,2987,2888,28-Sep-2026 16:00:28,2790.1,N,2.57,1347889374.09,EQ,GLAXO,459963,NIFTY MIDSML HLTH
1934.2,7.1,1965.2,1959.4,28-Sep-2026 16:00:28,1907.5,N,0.36,265557923.2,EQ,LALPATHLAB,137296,NIFTY MIDSML HLTH
2003.84,3.7,2012.3,2010.7,28-Sep-2026 16:00:28,1984.8,N,0.18,1904551731.84,EQ,LAURUSLABS,950451,NIFTY MIDSML HLTH
2899.43,-8.4,2928,2908.8,28-Sep-2026 16:00:28,2884.2,N,-0.29,648495212.09,EQ,GLAND,223663,NIFTY MIDSML HLTH
3972.96,-25.8,4028.9,3975,28-Sep-2026 16:00:28,3952,N,-0.64,83777807.52,EQ,PFIZER,21087,NIFTY MIDSML HLTH
1584.82,-10.5,1611.1,1581.7,28-Sep-2026 16:00:28,1564.1,N,-0.66,434189965.76,EQ,SAILIFE,273968,NIFTY MIDSML HLTH
26878.9,-185,27175,26770,28-Sep-2026 16:00:28,26530,N,-0.69,148237133.5,EQ,ABBOTINDIA,5515,NIFTY MIDSML HLTH
1697.8,-14.5,1713.4,1697.5,28-Sep-2026 16:00:28,1686.8,N,-0.85,1116456302,EQ,AUROPHARMA,657590,NIFTY MIDSML HLTH
827.45,-7.1,840.2,830.75,28-Sep-2026 16:00:28,817.25,N,-0.85,2158745889.3,EQ,FORTIS,2608914,NIFTY MIDSML HLTH
3535.23,-31.8,3560,3516,28-Sep-2026 16:00:28,3506,N,-0.90,344094541.59,EQ,AJANTPHARM,97333,NIFTY MIDSML HLTH
376.23,-3.65,380,375.05,28-Sep-2026 16:00:28,374,N,-0.96,102135910.56,EQ,SYNGENE,271472,NIFTY MIDSML HLTH
452.86,-5.05,459.25,454.2,28-Sep-2026 16:00:28,445,N,-1.10,257614845.32,EQ,COHANCE,568862,NIFTY MIDSML HLTH
832.72,-11.3,857.85,828,28-Sep-2026 16:00:28,823,N,-1.35,418091224.88,EQ,NATCOPHARM,502079,NIFTY MIDSML HLTH
767.97,-11.15,783.4,769,28-Sep-2026 16:00:28,760.75,N,-1.43,260535358.44,EQ,KIMS,339252,NIFTY MIDSML HLTH
2067.7,-30,2098.6,2062,28-Sep-2026 16:00:28,2056,N,-1.43,1094950535,EQ,LUPIN,529550,NIFTY MIDSML HLTH
1927.94,-30.8,1972.9,1940,28-Sep-2026 16:00:28,1902.3,N,-1.56,327986936.62,EQ,IPCALAB,170123,NIFTY MIDSML HLTH
2457.31,-39.3,2488.3,2435.6,28-Sep-2026 16:00:28,2430.3,N,-1.59,955480761.92,EQ,MANKIND,388832,NIFTY MIDSML HLTH
748.35,-12.4,763,747,28-Sep-2026 16:00:28,739,N,-1.63,403206489.9,EQ,ASTERDM,538794,NIFTY MIDSML HLTH
3210.82,-54.5,3273.1,3218,28-Sep-2026 16:00:28,3184.3,N,-1.67,649619524.04,EQ,ACUTAAS,202322,NIFTY MIDSML HLTH
208.24,-3.91,212.32,206.4,28-Sep-2026 16:00:28,205.21,N,-1.86,554918160.24,EQ,PPLPHARMA,2664801,NIFTY MIDSML HLTH
5204.94,-99,5273.5,5175,28-Sep-2026 16:00:28,5131,N,-1.88,529415267.16,EQ,ALKEM,101714,NIFTY MIDSML HLTH
377.36,-7.25,381.15,374.9,28-Sep-2026 16:00:28,374.05,N,-1.90,842658087.6,EQ,BIOCON,2233035,NIFTY MIDSML HLTH
1826.49,-36.4,1861.4,1825,28-Sep-2026 16:00:28,1814,N,-1.96,260340578.64,EQ,NH,142536,NIFTY MIDSML HLTH
21568.46,-455,21920,21435,28-Sep-2026 16:00:28,21395,N,-2.08,408938001.6,EQ,NEULANDLAB,18960,NIFTY MIDSML HLTH
856.4,-19.25,872.15,849.4,28-Sep-2026 16:00:28,846.3,N,-2.22,391873224.8,EQ,GRANULES,457582,NIFTY MIDSML HLTH
2343.61,-54.3,2392.5,2325.7,28-Sep-2026 16:00:28,2307.3,N,-2.28,2310513539.58,EQ,GLENMARK,985878,NIFTY MIDSML HLTH
1576.38,-37.3,1617.4,1565.3,28-Sep-2026 16:00:28,1560,N,-2.33,413452946.4,EQ,ONESOURCE,262280,NIFTY MIDSML HLTH
2212.61,-76.6,2267,2189,28-Sep-2026 16:00:28,2181,N,-3.38,1438090294.72,EQ,WOCKPHARMA,649952,NIFTY MIDSML HLTH
1444.77,-62.3,1495.1,1433.1,28-Sep-2026 16:00:28,1426.6,N,-4.17,168551202.51,EQ,MEDANTA,116663,NIFTY MIDSML HLTH
1649.46,-77.4,1724.4,1647,28-Sep-2026 16:00:28,1611.2,N,-4.49,357711792.36,EQ,POLYMED,216866,NIFTY MIDSML HLTH
529.88,0.6,534.5,531.6,28-Sep-2026 16:00:28,525.9,N,0.11,1222506813.32,EQ,HDFCLIFE,2307139,NIFTY FINSEREXBNK
568.95,-1.85,574.7,564.15,28-Sep-2026 16:00:28,562.5,N,-0.33,1663171139.55,EQ,LICHSGFIN,2923229,NIFTY FINSEREXBNK
1738.56,-13.9,1752.8,1728.1,28-Sep-2026 16:00:28,1725,N,-0.80,2325348339.84,EQ,SBILIFE,1337514,NIFTY FINSEREXBNK
1543.4,-13.7,1559.3,1540,28-Sep-2026 16:00:28,1526.2,N,-0.88,700098587.2,EQ,ICICIGI,453608,NIFTY FINSEREXBNK
1088.16,-9.9,1098.1,1085,28-Sep-2026 16:00:28,1065.4,N,-0.90,1075464437.28,EQ,PNBHOUSING,988333,NIFTY FINSEREXBNK
456.26,-4.3,464.2,458.7,28-Sep-2026 16:00:28,450.65,N,-0.93,617055149.2,EQ,ICICIPRULI,1352420,NIFTY FINSEREXBNK
1444.09,-14,1460.9,1444,28-Sep-2026 16:00:28,1432.1,N,-0.96,658177231.57,EQ,MFSL,455773,NIFTY FINSEREXBNK
1751.39,-19,1769,1752,28-Sep-2026 16:00:28,1739.1,N,-1.07,940412363.28,EQ,BAJAJFINSV,536952,NIFTY FINSEREXBNK
280.28,-3.15,283.45,280.85,28-Sep-2026 16:00:28,277.8,N,-1.11,1583184562.96,EQ,LTF,5648582,NIFTY FINSEREXBNK
980.93,-11.9,992.3,985,28-Sep-2026 16:00:28,974,N,-1.19,7560462061.99,EQ,BAJFINANCE,7707443,NIFTY FINSEREXBNK
1172.59,-14.7,1213.5,1151.3,28-Sep-2026 16:00:28,1136.1,N,-1.26,12709926974.69,EQ,POLICYBZR,10839191,NIFTY FINSEREXBNK
10830.57,-140,10940,10800,28-Sep-2026 16:00:28,10791,N,-1.28,340513120.8,EQ,BAJAJHLDNG,31440,NIFTY FINSEREXBNK
1633.27,-28.5,1660.4,1634.2,28-Sep-2026 16:00:28,1620.4,N,-1.71,1950676425.26,EQ,CHOLAFIN,1194338,NIFTY FINSEREXBNK
78.92,-1.4,79.95,78.55,28-Sep-2026 16:00:28,78.36,N,-1.75,675514240.52,EQ,IRFC,8559481,NIFTY FINSEREXBNK
976.47,-17.8,991.3,976.3,28-Sep-2026 16:00:28,970,N,-1.79,4837100380.2,EQ,SHRIRAMFIN,4953660,NIFTY FINSEREXBNK
3281.48,-61.4,3321,3263.5,28-Sep-2026 16:00:28,3251.7,N,-1.85,3578785369.48,EQ,MCX,1090601,NIFTY FINSEREXBNK
382.46,-7.3,388.85,382.7,28-Sep-2026 16:00:28,380.8,N,-1.87,703982648.2,EQ,ABCAPITAL,1840670,NIFTY FINSEREXBNK
402.4,-8.4,408,400.65,28-Sep-2026 16:00:28,400.5,N,-2.05,2040801780,EQ,LICI,5071575,NIFTY FINSEREXBNK
1298.2,-29,1318,1289,28-Sep-2026 16:00:28,1286.3,N,-2.20,1440400933.4,EQ,CDSL,1109537,NIFTY FINSEREXBNK
698.46,-15.8,709.3,691.55,28-Sep-2026 16:00:28,690.2,N,-2.23,577516063.32,EQ,CAMS,826842,NIFTY FINSEREXBNK
1642.35,-38.2,1678.1,1635.8,28-Sep-2026 16:00:28,1625.7,N,-2.28,6598474522.05,EQ,PAYTM,4017703,NIFTY FINSEREXBNK
331.99,-8,338.55,330,28-Sep-2026 16:00:28,329.05,N,-2.37,3320928173.03,EQ,PFC,10003097,NIFTY FINSEREXBNK
1051.06,-28,1074.8,1045,28-Sep-2026 16:00:28,1043.4,N,-2.61,605019565.68,EQ,360ONE,575628,NIFTY FINSEREXBNK
2780.58,-75,2810,2760,28-Sep-2026 16:00:28,2756.4,N,-2.65,2235922770.18,EQ,MUTHOOTFIN,804121,NIFTY FINSEREXBNK
221.97,-6.5,227,220.5,28-Sep-2026 16:00:28,218.8,N,-2.86,3980266819.41,EQ,JIOFIN,17931553,NIFTY FINSEREXBNK
3123.63,-94,3180,3097.5,28-Sep-2026 16:00:28,3075.1,N,-2.95,12280963664.16,EQ,BSE,3931632,NIFTY FINSEREXBNK
280.11,-8.8,286.4,279.2,28-Sep-2026 16:00:28,278.05,N,-3.06,1328105710.92,EQ,ANGELONE,4741372,NIFTY FINSEREXBNK
306.52,-9.7,311.6,303.25,28-Sep-2026 16:00:28,303.25,N,-3.10,1914388744.68,EQ,RECLTD,6245559,NIFTY FINSEREXBNK
2316.54,-75.7,2366.2,2302.3,28-Sep-2026 16:00:28,2300.7,N,-3.18,2032564627.56,EQ,HDFCAMC,877414,NIFTY FINSEREXBNK
595.31,-20.2,610,591,28-Sep-2026 16:00:28,590.5,N,-3.30,826624844.22,EQ,SBICARD,1388562,NIFTY FINSEREXBNK
324.3,3,327.3,325,28-Sep-2026 16:00:28,320.5,N,0.93,2535824609.7,EQ,FEDERALBNK,7819379,NIFTY MS FIN SERV
901.23,-2.5,913,909.7,28-Sep-2026 16:00:28,889.4,N,-0.27,1617612319.62,EQ,INDUSINDBK,1794894,NIFTY MS FIN SERV
568.95,-1.85,574.7,564.15,28-Sep-2026 16:00:28,562.5,N,-0.33,1663171139.55,EQ,LICHSGFIN,2923229,NIFTY MS FIN SERV
882.5,-4.75,890,884.05,28-Sep-2026 16:00:28,874.05,N,-0.53,347104017.5,EQ,KFINTECH,393319,NIFTY MS FIN SERV
1543.4,-13.7,1559.3,1540,28-Sep-2026 16:00:28,1526.2,N,-0.88,700098587.2,EQ,ICICIGI,453608,NIFTY MS FIN SERV
1088.16,-9.9,1098.1,1085,28-Sep-2026 16:00:28,1065.4,N,-0.90,1075464437.28,EQ,PNBHOUSING,988333,NIFTY MS FIN SERV
456.26,-4.3,464.2,458.7,28-Sep-2026 16:00:28,450.65,N,-0.93,617055149.2,EQ,ICICIPRULI,1352420,NIFTY MS FIN SERV
1444.09,-14,1460.9,1444,28-Sep-2026 16:00:28,1432.1,N,-0.96,658177231.57,EQ,MFSL,455773,NIFTY MS FIN SERV
280.28,-3.15,283.45,280.85,28-Sep-2026 16:00:28,277.8,N,-1.11,1583184562.96,EQ,LTF,5648582,NIFTY MS FIN SERV
111.63,-1.35,112.88,111.35,28-Sep-2026 16:00:28,110.94,N,-1.20,228906803.55,EQ,IEX,2050585,NIFTY MS FIN SERV
1172.59,-14.7,1213.5,1151.3,28-Sep-2026 16:00:28,1136.1,N,-1.26,12709926974.69,EQ,POLICYBZR,10839191,NIFTY MS FIN SERV
3281.48,-61.4,3321,3263.5,28-Sep-2026 16:00:28,3251.7,N,-1.85,3578785369.48,EQ,MCX,1090601,NIFTY MS FIN SERV
382.46,-7.3,388.85,382.7,28-Sep-2026 16:00:28,380.8,N,-1.87,703982648.2,EQ,ABCAPITAL,1840670,NIFTY MS FIN SERV
407.92,-8.05,413.85,407,28-Sep-2026 16:00:28,404.3,N,-1.94,797634530.4,EQ,RBLBANK,1955370,NIFTY MS FIN SERV
402.4,-8.4,408,400.65,28-Sep-2026 16:00:28,400.5,N,-2.05,2040801780,EQ,LICI,5071575,NIFTY MS FIN SERV
1298.2,-29,1318,1289,28-Sep-2026 16:00:28,1286.3,N,-2.20,1440400933.4,EQ,CDSL,1109537,NIFTY MS FIN SERV
698.46,-15.8,709.3,691.55,28-Sep-2026 16:00:28,690.2,N,-2.23,577516063.32,EQ,CAMS,826842,NIFTY MS FIN SERV
999.23,-22.7,1016.5,995.3,28-Sep-2026 16:00:28,995,N,-2.23,1346673262.53,EQ,AUBANK,1347711,NIFTY MS FIN SERV
1642.35,-38.2,1678.1,1635.8,28-Sep-2026 16:00:28,1625.7,N,-2.28,6598474522.05,EQ,PAYTM,4017703,NIFTY MS FIN SERV
1051.06,-28,1074.8,1045,28-Sep-2026 16:00:28,1043.4,N,-2.61,605019565.68,EQ,360ONE,575628,NIFTY MS FIN SERV
3123.63,-94,3180,3097.5,28-Sep-2026 16:00:28,3075.1,N,-2.95,12280963664.16,EQ,BSE,3931632,NIFTY MS FIN SERV
280.11,-8.8,286.4,279.2,28-Sep-2026 16:00:28,278.05,N,-3.06,1328105710.92,EQ,ANGELONE,4741372,NIFTY MS FIN SERV
170.13,-5.68,174,168.31,28-Sep-2026 16:00:28,168,N,-3.26,261596311.38,EQ,HUDCO,1537626,NIFTY MS FIN SERV
595.31,-20.2,610,591,28-Sep-2026 16:00:28,590.5,N,-3.30,826624844.22,EQ,SBICARD,1388562,NIFTY MS FIN SERV
812.21,-29.55,832.35,802.45,28-Sep-2026 16:00:28,801,N,-3.55,606398422.63,EQ,INDIANB,746603,NIFTY MS FIN SERV
183.51,-6.7,187,181,28-Sep-2026 16:00:28,180.6,N,-3.57,1647876858.66,EQ,BANDHANBNK,8979766,NIFTY MS FIN SERV
81.23,-3.25,83.5,80.55,28-Sep-2026 16:00:28,80.45,N,-3.88,1710966822.74,EQ,IDFCFIRSTB,21063238,NIFTY MS FIN SERV
132.02,-7.95,137.5,129.99,28-Sep-2026 16:00:28,129.31,N,-5.76,1389009880.16,EQ,BANKINDIA,10521208,NIFTY MS FIN SERV
21.51,-1.32,22.38,21.18,28-Sep-2026 16:00:28,21.11,N,-5.87,2633161298.31,EQ,YESBANK,122415681,NIFTY MS FIN SERV
317.18,-21,330.65,313,28-Sep-2026 16:00:28,312.15,N,-6.29,2734481731.4,EQ,MANAPPURAM,8621230,NIFTY MS FIN SERV
3185.92,34.1,3280,3240.2,28-Sep-2026 16:00:28,3157,N,1.06,114087795.2,EQ,LTTS,35810,NIFTY MS IT TELCM
703.2,4.45,709.7,707.5,28-Sep-2026 16:00:28,691.2,N,0.63,619240029.6,EQ,TATATECH,880603,NIFTY MS IT TELCM
440.25,2.4,452,437.3,28-Sep-2026 16:00:28,432.5,N,0.55,1079723250.75,EQ,ZENSARTECH,2452523,NIFTY MS IT TELCM
10782.21,30,10910,10800,28-Sep-2026 16:00:28,10599,N,0.28,2100644063.25,EQ,OFSS,194825,NIFTY MS IT TELCM
2228.86,3.5,2245.6,2237.5,28-Sep-2026 16:00:28,2207.5,N,0.16,691066958.44,EQ,MPHASIS,310054,NIFTY MS IT TELCM
3187.06,4.1,3212.6,3191,28-Sep-2026 16:00:28,3161.7,N,0.13,517658220.5,EQ,TATAELXSI,162425,NIFTY MS IT TELCM
1775.85,-11,1786,1773,28-Sep-2026 16:00:28,1767.5,N,-0.62,1958375414.7,EQ,COFORGE,1102782,NIFTY MS IT TELCM
631.84,-4.55,637.7,628.5,28-Sep-2026 16:00:28,625.5,N,-0.72,132463992.32,EQ,INTELLECT,209648,NIFTY MS IT TELCM
5325.2,-43.5,5377.5,5328.5,28-Sep-2026 16:00:28,5285,N,-0.81,1786753705.6,EQ,PERSISTENT,335528,NIFTY MS IT TELCM
1075.68,-9.7,1099.1,1085,28-Sep-2026 16:00:28,1064.3,N,-0.89,265531608,EQ,CYIENT,246850,NIFTY MS IT TELCM
1649.79,-21.5,1666,1645,28-Sep-2026 16:00:28,1637,N,-1.29,240552580.32,EQ,TATACOMM,145808,NIFTY MS IT TELCM
275.15,-3.9,279.35,276,28-Sep-2026 16:00:28,272.55,N,-1.39,72037021.5,EQ,SONATSOFTW,261810,NIFTY MS IT TELCM
489.81,-7.7,500.9,489,28-Sep-2026 16:00:28,486.55,N,-1.55,82692663.06,EQ,HEXT,168826,NIFTY MS IT TELCM
1551.31,-31,1575.5,1547,28-Sep-2026 16:00:28,1543.1,N,-1.96,155917514.17,EQ,AFFLE,100507,NIFTY MS IT TELCM
510.56,-10.4,519,509,28-Sep-2026 16:00:28,506,N,-2.00,457903394.4,EQ,KPITTECH,896865,NIFTY MS IT TELCM
204.41,-4.77,209.16,206.5,28-Sep-2026 16:00:28,201,N,-2.26,1143526570.39,BE,HFCL,5594279,NIFTY MS IT TELCM
43.71,-1.24,45,43.45,28-Sep-2026 16:00:28,43.32,N,-2.77,351512672.88,EQ,SAGILITY,8041928,NIFTY MS IT TELCM
1442.14,-56.8,1476.2,1425,28-Sep-2026 16:00:28,1422,N,-3.83,123840888.22,EQ,BHARTIHEXA,85873,NIFTY MS IT TELCM
363.53,-14.65,374.25,360,28-Sep-2026 16:00:28,355.55,N,-3.91,2219934842.71,EQ,INDUSTOWER,6106607,NIFTY MS IT TELCM
13.69,-0.79,14.23,13.47,28-Sep-2026 16:00:28,13.43,N,-5.54,6852482734.96,EQ,IDEA,500546584,NIFTY MS IT TELCM
6245.16,37.5,6370.5,6180,28-Sep-2026 16:00:28,6145,N,0.61,210436911.36,EQ,LINDEINDIA,33696,NIFTY CHEMICALS
4436.24,25.5,4488,4466.9,28-Sep-2026 16:00:28,4380,N,0.57,150348609.84,EQ,FLUOROCHEM,33891,NIFTY CHEMICALS
418.43,1.05,420.8,419,28-Sep-2026 16:00:28,415.5,N,0.25,167224712.64,EQ,CHAMBLFERT,399648,NIFTY CHEMICALS
1348.38,0.2,1367,1364,28-Sep-2026 16:00:28,1336,N,0.01,144251040.78,EQ,DEEPAKFERT,106981,NIFTY CHEMICALS
547.86,-0.55,551.65,549.5,28-Sep-2026 16:00:28,542.85,N,-0.10,853228398.24,EQ,UPL,1557384,NIFTY CHEMICALS
652.14,-3.25,676.4,640.5,28-Sep-2026 16:00:28,635.6,N,-0.50,1491417442.26,EQ,TATACHEM,2286959,NIFTY CHEMICALS
1495.43,-14.2,1508,1503,28-Sep-2026 16:00:28,1486.8,N,-0.94,875951113.36,EQ,PIDILITIND,585752,NIFTY CHEMICALS
671.49,-6.75,678.95,672,28-Sep-2026 16:00:28,666.6,N,-0.99,934616042.46,EQ,HSCL,1391854,NIFTY CHEMICALS
3665.37,-47.1,3714.9,3670.5,28-Sep-2026 16:00:28,3650,N,-1.27,202665638.04,EQ,BAYERCROP,55292,NIFTY CHEMICALS
5997.46,-95.5,6070,5975,28-Sep-2026 16:00:28,5941,N,-1.57,136178326.76,EQ,ATUL,22706,NIFTY CHEMICALS
333.7,-6.25,339.6,333.35,28-Sep-2026 16:00:28,329.9,N,-1.84,302122636.4,EQ,PCBL,905372,NIFTY CHEMICALS
2499.07,-48.5,2527.3,2491.5,28-Sep-2026 16:00:28,2487.4,N,-1.91,457464759.78,EQ,SRF,183054,NIFTY CHEMICALS
8448.34,-169.5,8582.5,8415,28-Sep-2026 16:00:28,8385.5,N,-1.97,373053349.38,EQ,NAVINFLUOR,44157,NIFTY CHEMICALS
290.78,-6.25,294.7,288.6,28-Sep-2026 16:00:28,288.6,N,-2.12,156545774.7,EQ,SWANCORP,538365,NIFTY CHEMICALS
2353.4,-51,2398.4,2349,28-Sep-2026 16:00:28,2318.5,N,-2.13,266058930.2,EQ,PIIND,113053,NIFTY CHEMICALS
1558.67,-35.5,1589,1551.6,28-Sep-2026 16:00:28,1545.1,N,-2.24,156616720.27,EQ,DEEPAKNTR,100481,NIFTY CHEMICALS
481,-12.25,487.75,477,28-Sep-2026 16:00:28,475.5,N,-2.50,130248066,EQ,AARTIIND,270786,NIFTY CHEMICALS
435.45,-13.35,448.2,433,28-Sep-2026 16:00:28,432.05,N,-2.99,96436063.35,EQ,SUMICHEM,221463,NIFTY CHEMICALS
19237.65,-595,19750,19150,28-Sep-2026 16:00:28,18970,N,-3.01,3075677006.7,EQ,SOLARINDS,159878,NIFTY CHEMICALS
1910.93,-63.7,1954,1900.2,28-Sep-2026 16:00:28,1894,N,-3.24,111714878.73,EQ,COROMANDEL,58461,NIFTY CHEMICALS
337.08,0.04,338.5,338.03,28-Sep-2026 16:00:28,335.11,N,0.01,92172840.6,RR,BIRET,273445,NIFTY REITS REALTY
438.27,-1.21,440,436.45,28-Sep-2026 16:00:28,435.06,N,-0.28,314801452.14,RR,EMBASSY,718282,NIFTY REITS REALTY
165.99,-0.68,166.98,165.26,28-Sep-2026 16:00:28,165.25,N,-0.41,45446070.12,RR,NXST,273788,NIFTY REITS REALTY
1457.51,-7,1470.8,1470.8,28-Sep-2026 16:00:28,1437.4,N,-0.47,840951204.78,EQ,PRESTIGE,576978,NIFTY REITS REALTY
506.31,-3.38,513.75,504.7,28-Sep-2026 16:00:28,502.2,N,-0.67,68975623.92,RR,MINDSPACE,136232,NIFTY REITS REALTY
113.25,-0.89,113.99,112.99,28-Sep-2026 16:00:28,112.81,N,-0.78,222978944.25,RR,KRT,1968909,NIFTY REITS REALTY
1220.26,-12.6,1233.6,1214,28-Sep-2026 16:00:28,1205.1,N,-1.03,62921486.64,EQ,SOBHA,51564,NIFTY REITS REALTY
1950.24,-26.2,1973.1,1952.2,28-Sep-2026 16:00:28,1940.1,N,-1.32,301598765.28,EQ,PHOENIXLTD,154647,NIFTY REITS REALTY
610.26,-8.4,619.8,609,28-Sep-2026 16:00:28,601.8,N,-1.36,639532341.42,EQ,ANANTRAJ,1047967,NIFTY REITS REALTY
1840.06,-28.5,1855,1830,28-Sep-2026 16:00:28,1821.1,N,-1.53,670221614.34,EQ,OBEROIRLTY,364239,NIFTY REITS REALTY
1678.61,-30.3,1708,1669.8,28-Sep-2026 16:00:28,1667,N,-1.78,709031435.12,EQ,GODREJPROP,422392,NIFTY REITS REALTY
587,-15.9,600.85,582,28-Sep-2026 16:00:28,580.35,N,-2.66,102537160,EQ,BRIGADE,174680,NIFTY REITS REALTY
668.03,-19.45,680,663.55,28-Sep-2026 16:00:28,663.55,N,-2.85,1847124326.96,EQ,DLF,2765032,NIFTY REITS REALTY
1193.04,-44.1,1231,1186.8,28-Sep-2026 16:00:28,1181.2,N,-3.58,400431945.6,EQ,ABREL,335640,NIFTY REITS REALTY
1131.05,-47.9,1165,1117.1,28-Sep-2026 16:00:28,1115.1,N,-4.11,1309884839.7,EQ,LODHA,1158114,NIFTY REITS REALTY
4985.61,3.5,5050,5003.5,28-Sep-2026 16:00:28,4954.5,N,0.07,68811389.22,EQ,JKCEMENT,13802,NIFTY CEMENT
850.34,-8.55,869.75,859,28-Sep-2026 16:00:28,845.7,N,-0.99,64779751.54,EQ,RAMCOCEM,76181,NIFTY CEMENT
116.14,-1.31,118.2,115,28-Sep-2026 16:00:28,114.94,N,-1.13,28535249.58,EQ,PRSMJOHNSN,245697,NIFTY CEMENT
11013.06,-130,11155,11025,28-Sep-2026 16:00:28,10978,N,-1.17,3654254451.66,EQ,ULTRACEMCO,331811,NIFTY CEMENT
3147.9,-41,3186,3150,28-Sep-2026 16:00:28,3138,N,-1.28,2351119291.5,EQ,GRASIM,746885,NIFTY CEMENT
842.03,-11.05,852.35,839.25,28-Sep-2026 16:00:28,835,N,-1.30,22690182.41,EQ,BIRLACORPN,26947,NIFTY CEMENT
22162.99,-350,22340,22170,28-Sep-2026 16:00:28,22055,N,-1.55,376815155.98,EQ,SHREECEM,17002,NIFTY CEMENT
1217.59,-22.4,1236.4,1214,28-Sep-2026 16:00:28,1210.8,N,-1.81,184609778.21,EQ,ACC,151619,NIFTY CEMENT
119.99,-2.41,122.84,119.75,28-Sep-2026 16:00:28,119.11,N,-1.97,55507853.96,EQ,ORIENTCEM,462604,NIFTY CEMENT
376.47,-9.45,383.8,374.35,28-Sep-2026 16:00:28,374,N,-2.46,622554886.08,EQ,AMBUJACEM,1653664,NIFTY CEMENT
183.62,-4.61,187.18,182,28-Sep-2026 16:00:28,182,N,-2.47,21120890.5,EQ,STARCEMENT,115025,NIFTY CEMENT
113.07,-3.09,115.9,112.38,28-Sep-2026 16:00:28,112.25,N,-2.68,203782895.04,EQ,JSWCEMENT,1802272,NIFTY CEMENT
1664.07,-48.2,1698.5,1652,28-Sep-2026 16:00:28,1650,N,-2.83,151496932.8,EQ,DALBHARAT,91040,NIFTY CEMENT
331.23,-10.45,337.6,325,28-Sep-2026 16:00:28,324.15,N,-3.12,72977256.06,EQ,NUVOCO,220322,NIFTY CEMENT
497.36,-16.9,510.45,493.45,28-Sep-2026 16:00:28,491.25,N,-3.31,59344497.84,EQ,JKLAKSHMI,119319,NIFTY CEMENT
314.92,-11.2,324.8,311.9,28-Sep-2026 16:00:28,310.8,N,-3.47,47828475,EQ,INDIACEM,151875,NIFTY CEMENT
547.86,-0.55,551.65,549.5,28-Sep-2026 16:00:28,542.85,N,-0.10,853228398.24,EQ,UPL,1557384,NIFTY COMMODITIES
2188.19,-17.7,2210.2,2197,28-Sep-2026 16:00:28,2174.9,N,-0.80,700148589.73,EQ,APLAPOLLO,319967,NIFTY COMMODITIES
425.46,-3.6,429.3,422.5,28-Sep-2026 16:00:28,421.2,N,-0.84,2336910527.28,EQ,COALINDIA,5492668,NIFTY COMMODITIES
186.68,-1.67,188.58,186.3,28-Sep-2026 16:00:28,185.25,N,-0.89,2544241371.88,EQ,TATASTEEL,13628891,NIFTY COMMODITIES
1495.43,-14.2,1508,1503,28-Sep-2026 16:00:28,1486.8,N,-0.94,875951113.36,EQ,PIDILITIND,585752,NIFTY COMMODITIES
1262.17,-12.9,1278.4,1264.1,28-Sep-2026 16:00:28,1254.1,N,-1.01,1535437378.02,EQ,JSWSTEEL,1216506,NIFTY COMMODITIES
1238.32,-14.6,1256,1240,28-Sep-2026 16:00:28,1234.6,N,-1.16,108964730.08,EQ,TORNTPOWER,87994,NIFTY COMMODITIES
11013.06,-130,11155,11025,28-Sep-2026 16:00:28,10978,N,-1.17,3654254451.66,EQ,ULTRACEMCO,331811,NIFTY COMMODITIES
3147.9,-41,3186,3150,28-Sep-2026 16:00:28,3138,N,-1.28,2351119291.5,EQ,GRASIM,746885,NIFTY COMMODITIES
466.56,-7.15,476.45,468,28-Sep-2026 16:00:28,463.4,N,-1.50,824642933.76,EQ,OIL,1767496,NIFTY COMMODITIES
362.36,-5.6,366.75,361.9,28-Sep-2026 16:00:28,360.1,N,-1.52,1080697753.32,EQ,TATAPOWER,2982387,NIFTY COMMODITIES
22162.99,-350,22340,22170,28-Sep-2026 16:00:28,22055,N,-1.55,376815155.98,EQ,SHREECEM,17002,NIFTY COMMODITIES
322.24,-5.5,326.6,321.1,28-Sep-2026 16:00:28,320.2,N,-1.68,1927669326.08,EQ,NTPC,5982092,NIFTY COMMODITIES
133.73,-2.38,135.58,133.32,28-Sep-2026 16:00:28,133.04,N,-1.75,740629905.04,EQ,IOC,5538248,NIFTY COMMODITIES
2499.07,-48.5,2527.3,2491.5,28-Sep-2026 16:00:28,2487.4,N,-1.91,457464759.78,EQ,SRF,183054,NIFTY COMMODITIES
74.92,-1.5,75.9,74.5,28-Sep-2026 16:00:28,74.3,N,-1.97,416592060.64,EQ,NHPC,5560492,NIFTY COMMODITIES
303.63,-6.25,308.5,302.25,28-Sep-2026 16:00:28,301,N,-2.03,854191651.95,EQ,BPCL,2813265,NIFTY COMMODITIES
2353.4,-51,2398.4,2349,28-Sep-2026 16:00:28,2318.5,N,-2.13,266058930.2,EQ,PIIND,113053,NIFTY COMMODITIES
959.42,-21.1,972.9,955.9,28-Sep-2026 16:00:28,951.1,N,-2.16,3218334094.36,EQ,HINDALCO,3354458,NIFTY COMMODITIES
1142.27,-25.2,1160,1139.6,28-Sep-2026 16:00:28,1133.2,N,-2.16,815523666.5,EQ,JINDALSTEL,713950,NIFTY COMMODITIES
498.89,-11.55,506.4,495,28-Sep-2026 16:00:28,493.05,N,-2.28,789744865.56,EQ,JSWENERGY,1583004,NIFTY COMMODITIES
1205.86,-28.4,1219.7,1197.6,28-Sep-2026 16:00:28,1197,N,-2.32,16402528565.14,EQ,RELIANCE,13602349,NIFTY COMMODITIES
344.58,-8.55,349.35,342.45,28-Sep-2026 16:00:28,340.45,N,-2.44,1399919997.3,EQ,HINDPETRO,4062685,NIFTY COMMODITIES
376.47,-9.45,383.8,374.35,28-Sep-2026 16:00:28,374,N,-2.46,622554886.08,EQ,AMBUJACEM,1653664,NIFTY COMMODITIES
232,-5.86,235.85,230,28-Sep-2026 16:00:28,229.85,N,-2.48,2278183624,EQ,ONGC,9819757,NIFTY COMMODITIES
260.45,-7.35,264.4,259,28-Sep-2026 16:00:28,258.2,N,-2.76,1936986965.1,EQ,VEDL,7437078,NIFTY COMMODITIES
78.7,-2.47,80.9,77.43,28-Sep-2026 16:00:28,77.43,N,-3.09,1895421581.9,EQ,NMDC,24084137,NIFTY COMMODITIES
198.16,-6.61,203.64,196.14,28-Sep-2026 16:00:28,195.36,N,-3.26,4412283865.04,EQ,ADANIPOWER,22266269,NIFTY COMMODITIES
1307.74,-50.6,1338,1287.9,28-Sep-2026 16:00:28,1283,N,-3.78,1608826211.16,EQ,ADANIENSOL,1230234,NIFTY COMMODITIES
1250.13,-61.6,1295.4,1235,28-Sep-2026 16:00:28,1225.6,N,-4.75,2274516525.12,EQ,ADANIGREEN,1819424,NIFTY COMMODITIES
13560.61,250,13766,13640,28-Sep-2026 16:00:28,13234,N,1.87,7745942477.49,EQ,DIXON,571209,NIFTY CONSUMPTION
5353.74,30,5390.5,5390,28-Sep-2026 16:00:28,5306,N,0.56,1823162619.6,EQ,HEROMOTOCO,340540,NIFTY CONSUMPTION
1250.45,-0.9,1263,1253.9,28-Sep-2026 16:00:28,1234.4,N,-0.07,1338511690.8,EQ,NAUKRI,1070424,NIFTY CONSUMPTION
8861.11,-29,8902.5,8860,28-Sep-2026 16:00:28,8804,N,-0.33,3805217606.19,EQ,APOLLOHOSP,429429,NIFTY CONSUMPTION
4894.32,-22.5,4933,4915,28-Sep-2026 16:00:28,4869,N,-0.46,1496619429.84,EQ,BRITANNIA,305787,NIFTY CONSUMPTION
12017.34,-57,12116,12008,28-Sep-2026 16:00:28,11944,N,-0.47,3627193732.2,EQ,MARUTI,301830,NIFTY CONSUMPTION
1414.98,-8.4,1420.1,1415.4,28-Sep-2026 16:00:28,1406,N,-0.59,479153262.42,EQ,UNITDSPR,338629,NIFTY CONSUMPTION
1774.11,-14,1784.3,1771.4,28-Sep-2026 16:00:28,1763.7,N,-0.78,8309109827.07,EQ,BHARTIARTL,4683537,NIFTY CONSUMPTION
3803.09,-30.7,3833,3803.5,28-Sep-2026 16:00:28,3781,N,-0.80,1375577653,EQ,DMART,361700,NIFTY CONSUMPTION
2422.69,-24,2441.6,2420,28-Sep-2026 16:00:28,2412.9,N,-0.98,2659517638.26,EQ,ASIANPAINT,1097754,NIFTY CONSUMPTION
1081.51,-11.5,1099.9,1085,28-Sep-2026 16:00:28,1074.5,N,-1.05,795083973.11,EQ,HAVELLS,735161,NIFTY CONSUMPTION
429.58,-4.8,433.5,430,28-Sep-2026 16:00:28,426.2,N,-1.10,2022136159.2,EQ,VBL,4707240,NIFTY CONSUMPTION
330.29,-4.05,335.1,330.95,28-Sep-2026 16:00:28,328.45,N,-1.21,6460551339.31,EQ,ETERNAL,19560239,NIFTY CONSUMPTION
1350.39,-16.6,1356.8,1346,28-Sep-2026 16:00:28,1343.9,N,-1.22,948547695.75,EQ,NESTLEIND,702425,NIFTY CONSUMPTION
2992.85,-40,3019.9,2995,28-Sep-2026 16:00:28,2977.6,N,-1.32,6221009838.4,EQ,M&M,2078624,NIFTY CONSUMPTION
4825.69,-64.5,4881,4819.5,28-Sep-2026 16:00:28,4810,N,-1.32,3054362577.22,EQ,TITAN,632938,NIFTY CONSUMPTION
4879.88,-65.5,4933,4874.5,28-Sep-2026 16:00:28,4845,N,-1.33,2673144585.32,EQ,INDIGO,547789,NIFTY CONSUMPTION
865.59,-12,876.75,868,28-Sep-2026 16:00:28,859.5,N,-1.36,1033035788.73,EQ,GODREJCP,1193447,NIFTY CONSUMPTION
1001.28,-13.9,1015.8,1000.1,28-Sep-2026 16:00:28,989.1,N,-1.37,2651200198.08,EQ,MAXHEALTH,2647811,NIFTY CONSUMPTION
266.25,-3.8,269.3,265.2,28-Sep-2026 16:00:28,265,N,-1.41,2093624126.25,EQ,ITC,7863377,NIFTY CONSUMPTION
4100.22,-62.3,4164,4095,28-Sep-2026 16:00:28,4057.6,N,-1.50,2354575936.32,EQ,TVSMOTOR,574256,NIFTY CONSUMPTION
362.36,-5.6,366.75,361.9,28-Sep-2026 16:00:28,360.1,N,-1.52,1080697753.32,EQ,TATAPOWER,2982387,NIFTY CONSUMPTION
2629.94,-43.3,2663.8,2626,28-Sep-2026 16:00:28,2615.1,N,-1.62,1675021935.7,EQ,TRENT,636905,NIFTY CONSUMPTION
7239.21,-146.5,7323,7213.5,28-Sep-2026 16:00:28,7189,N,-1.99,3062757727.59,EQ,EICHERMOT,423079,NIFTY CONSUMPTION
715.18,-15.8,726.75,711,28-Sep-2026 16:00:28,710.3,N,-2.17,1960354866.7,EQ,INDHOTEL,2741065,NIFTY CONSUMPTION
11068.11,-257,11270,11024,28-Sep-2026 16:00:28,10953,N,-2.28,2671111258.74,EQ,BAJAJ-AUTO,241334,NIFTY CONSUMPTION
961.16,-23.2,983.6,960,28-Sep-2026 16:00:28,955.5,N,-2.36,1257116542.56,EQ,TATACONSUM,1307916,NIFTY CONSUMPTION
1904.3,-46.9,1933.2,1896,28-Sep-2026 16:00:28,1893.2,N,-2.41,3528437479.7,EQ,HINDUNILVR,1852879,NIFTY CONSUMPTION
668.03,-19.45,680,663.55,28-Sep-2026 16:00:28,663.55,N,-2.85,1847124326.96,EQ,DLF,2765032,NIFTY CONSUMPTION
198.16,-6.61,203.64,196.14,28-Sep-2026 16:00:28,195.36,N,-3.26,4412283865.04,EQ,ADANIPOWER,22266269,NIFTY CONSUMPTION
60.97,0.01,61.85,61.77,28-Sep-2026 16:00:28,60.55,N,0.02,121395842.75,EQ,SJVN,1991075,NIFTY CPSE
425.46,-3.6,429.3,422.5,28-Sep-2026 16:00:28,421.2,N,-0.84,2336910527.28,EQ,COALINDIA,5492668,NIFTY CPSE
466.56,-7.15,476.45,468,28-Sep-2026 16:00:28,463.4,N,-1.50,824642933.76,EQ,OIL,1767496,NIFTY CPSE
322.24,-5.5,326.6,321.1,28-Sep-2026 16:00:28,320.2,N,-1.68,1927669326.08,EQ,NTPC,5982092,NIFTY CPSE
257.31,-4.5,261.7,258.05,28-Sep-2026 16:00:28,254.4,N,-1.71,174248530.83,EQ,NLCINDIA,677193,NIFTY CPSE
74.92,-1.5,75.9,74.5,28-Sep-2026 16:00:28,74.3,N,-1.97,416592060.64,EQ,NHPC,5560492,NIFTY CPSE
386.29,-8.05,393.45,385.5,28-Sep-2026 16:00:28,384.1,N,-2.05,4504671389.88,EQ,BEL,11661372,NIFTY CPSE
232,-5.86,235.85,230,28-Sep-2026 16:00:28,229.85,N,-2.48,2278183624,EQ,ONGC,9819757,NIFTY CPSE
264.98,-7.65,269.9,261.85,28-Sep-2026 16:00:28,261.85,N,-2.84,2723585270.88,EQ,POWERGRID,10278456,NIFTY CPSE
80.89,-2.65,82.5,80.21,28-Sep-2026 16:00:28,80,N,-3.20,409447465.09,EQ,NBCC,5061781,NIFTY CPSE
1345.45,-48,1372.4,1329,28-Sep-2026 16:00:28,1327,N,-3.49,606004134.5,EQ,COCHINSHIP,450410,NIFTY CPSE
289.44,3.35,293.05,289.85,28-Sep-2026 16:00:28,285.75,N,1.17,850204239.84,EQ,PETRONET,2937411,NIFTY ENERGY
60.97,0.01,61.85,61.77,28-Sep-2026 16:00:28,60.55,N,0.02,121395842.75,EQ,SJVN,1991075,NIFTY ENERGY
172.34,-0.25,174.71,172.45,28-Sep-2026 16:00:28,171,N,-0.14,1930694171.14,EQ,GAIL,11202821,NIFTY ENERGY
201.65,-0.67,203.4,201,28-Sep-2026 16:00:28,199.32,N,-0.33,985424228.25,EQ,CASTROLIND,4886805,NIFTY ENERGY
549.01,-4.5,554.55,546.95,28-Sep-2026 16:00:28,543.15,N,-0.82,147102288.41,EQ,NAVA,267941,NIFTY ENERGY
425.46,-3.6,429.3,422.5,28-Sep-2026 16:00:28,421.2,N,-0.84,2336910527.28,EQ,COALINDIA,5492668,NIFTY ENERGY
143.75,-1.55,145.1,143.4,28-Sep-2026 16:00:28,143,N,-1.07,172601631.25,EQ,IGL,1200707,NIFTY ENERGY
6957.72,-80,7041.5,6972.5,28-Sep-2026 16:00:28,6910.5,N,-1.13,1455568939.44,EQ,ABB,209202,NIFTY ENERGY
1238.32,-14.6,1256,1240,28-Sep-2026 16:00:28,1234.6,N,-1.16,108964730.08,EQ,TORNTPOWER,87994,NIFTY ENERGY
466.56,-7.15,476.45,468,28-Sep-2026 16:00:28,463.4,N,-1.50,824642933.76,EQ,OIL,1767496,NIFTY ENERGY
362.36,-5.6,366.75,361.9,28-Sep-2026 16:00:28,360.1,N,-1.52,1080697753.32,EQ,TATAPOWER,2982387,NIFTY ENERGY
409.81,-7.05,416.85,411.9,28-Sep-2026 16:00:28,407.25,N,-1.68,3178048682.92,EQ,BHEL,7754932,NIFTY ENERGY
322.24,-5.5,326.6,321.1,28-Sep-2026 16:00:28,320.2,N,-1.68,1927669326.08,EQ,NTPC,5982092,NIFTY ENERGY
257.31,-4.5,261.7,258.05,28-Sep-2026 16:00:28,254.4,N,-1.71,174248530.83,EQ,NLCINDIA,677193,NIFTY ENERGY
133.73,-2.38,135.58,133.32,28-Sep-2026 16:00:28,133.04,N,-1.75,740629905.04,EQ,IOC,5538248,NIFTY ENERGY
1049.47,-19.3,1071.9,1052,28-Sep-2026 16:00:28,1041,N,-1.80,142699584.31,EQ,MGL,135973,NIFTY ENERGY
4204.52,-77,4307,4203,28-Sep-2026 16:00:28,4175,N,-1.80,1678343475.52,EQ,GVT&D,399176,NIFTY ENERGY
91.92,-1.7,93.38,91.77,28-Sep-2026 16:00:28,91.01,N,-1.82,149048280,EQ,NTPCGREEN,1621500,NIFTY ENERGY
3384.65,-63.2,3464.2,3384,28-Sep-2026 16:00:28,3365,N,-1.83,300465534.45,EQ,THERMAX,88773,NIFTY ENERGY
74.92,-1.5,75.9,74.5,28-Sep-2026 16:00:28,74.3,N,-1.97,416592060.64,EQ,NHPC,5560492,NIFTY ENERGY
303.63,-6.25,308.5,302.25,28-Sep-2026 16:00:28,301,N,-2.03,854191651.95,EQ,BPCL,2813265,NIFTY ENERGY
15.61,-0.35,15.92,15.52,28-Sep-2026 16:00:28,15.46,N,-2.21,497644786.31,EQ,JPPOWER,31879871,NIFTY ENERGY
498.89,-11.55,506.4,495,28-Sep-2026 16:00:28,493.05,N,-2.28,789744865.56,EQ,JSWENERGY,1583004,NIFTY ENERGY
1205.86,-28.4,1219.7,1197.6,28-Sep-2026 16:00:28,1197,N,-2.32,16402528565.14,EQ,RELIANCE,13602349,NIFTY ENERGY
3806.24,-91.5,3862.7,3785.5,28-Sep-2026 16:00:28,3772,N,-2.36,686493446.4,EQ,SIEMENS,180360,NIFTY ENERGY
872.19,-21,885.95,865,28-Sep-2026 16:00:28,863.3,N,-2.37,1638700226.46,EQ,CGPOWER,1878834,NIFTY ENERGY
344.58,-8.55,349.35,342.45,28-Sep-2026 16:00:28,340.45,N,-2.44,1399919997.3,EQ,HINDPETRO,4062685,NIFTY ENERGY
136.91,-3.46,139.84,136.4,28-Sep-2026 16:00:28,135.9,N,-2.47,183345627.79,EQ,CESC,1339169,NIFTY ENERGY
232,-5.86,235.85,230,28-Sep-2026 16:00:28,229.85,N,-2.48,2278183624,EQ,ONGC,9819757,NIFTY ENERGY
30305.46,-775,30995,30260,28-Sep-2026 16:00:28,30000,N,-2.50,1963218004.26,EQ,POWERINDIA,64781,NIFTY ENERGY
599.2,-16.65,611.5,595,28-Sep-2026 16:00:28,593,N,-2.72,367410864.8,EQ,ATGL,613169,NIFTY ENERGY
39.89,-1.14,40.93,39.66,28-Sep-2026 16:00:28,39.52,N,-2.79,2688203135.78,EQ,SUZLON,67390402,NIFTY ENERGY
264.98,-7.65,269.9,261.85,28-Sep-2026 16:00:28,261.85,N,-2.84,2723585270.88,EQ,POWERGRID,10278456,NIFTY ENERGY
20.15,-0.59,20.56,19.98,28-Sep-2026 16:00:28,19.8,N,-2.87,308919508.95,EQ,RPOWER,15330993,NIFTY ENERGY
198.16,-6.61,203.64,196.14,28-Sep-2026 16:00:28,195.36,N,-3.26,4412283865.04,EQ,ADANIPOWER,22266269,NIFTY ENERGY
3215.78,-114.9,3334.9,3198.1,28-Sep-2026 16:00:28,3168.8,N,-3.47,986848919.06,EQ,ENRIN,306877,NIFTY ENERGY
73.22,-2.75,74.83,72,28-Sep-2026 16:00:28,72,N,-3.68,428692117,EQ,INOXWIND,5854850,NIFTY ENERGY
1307.74,-50.6,1338,1287.9,28-Sep-2026 16:00:28,1283,N,-3.78,1608826211.16,EQ,ADANIENSOL,1230234,NIFTY ENERGY
1327.08,-55.7,1366.6,1309.7,28-Sep-2026 16:00:28,1300,N,-4.08,496235024.4,EQ,AEGISLOG,373930,NIFTY ENERGY
1250.13,-61.6,1295.4,1235,28-Sep-2026 16:00:28,1225.6,N,-4.75,2274516525.12,EQ,ADANIGREEN,1819424,NIFTY ENERGY
172.34,-0.25,174.71,172.45,28-Sep-2026 16:00:28,171,N,-0.14,1930694171.14,EQ,GAIL,11202821,NIFTY INFRA
8861.11,-29,8902.5,8860,28-Sep-2026 16:00:28,8804,N,-0.33,3805217606.19,EQ,APOLLOHOSP,429429,NIFTY INFRA
1774.11,-14,1784.3,1771.4,28-Sep-2026 16:00:28,1763.7,N,-0.78,8309109827.07,EQ,BHARTIARTL,4683537,NIFTY INFRA
827.45,-7.1,840.2,830.75,28-Sep-2026 16:00:28,817.25,N,-0.85,2158745889.3,EQ,FORTIS,2608914,NIFTY INFRA
11013.06,-130,11155,11025,28-Sep-2026 16:00:28,10978,N,-1.17,3654254451.66,EQ,ULTRACEMCO,331811,NIFTY INFRA
3147.9,-41,3186,3150,28-Sep-2026 16:00:28,3138,N,-1.28,2351119291.5,EQ,GRASIM,746885,NIFTY INFRA
4879.88,-65.5,4933,4874.5,28-Sep-2026 16:00:28,4845,N,-1.33,2673144585.32,EQ,INDIGO,547789,NIFTY INFRA
1001.28,-13.9,1015.8,1000.1,28-Sep-2026 16:00:28,989.1,N,-1.37,2651200198.08,EQ,MAXHEALTH,2647811,NIFTY INFRA
362.36,-5.6,366.75,361.9,28-Sep-2026 16:00:28,360.1,N,-1.52,1080697753.32,EQ,TATAPOWER,2982387,NIFTY INFRA
22162.99,-350,22340,22170,28-Sep-2026 16:00:28,22055,N,-1.55,376815155.98,EQ,SHREECEM,17002,NIFTY INFRA
322.24,-5.5,326.6,321.1,28-Sep-2026 16:00:28,320.2,N,-1.68,1927669326.08,EQ,NTPC,5982092,NIFTY INFRA
133.73,-2.38,135.58,133.32,28-Sep-2026 16:00:28,133.04,N,-1.75,740629905.04,EQ,IOC,5538248,NIFTY INFRA
4853.65,-90,4940,4855,28-Sep-2026 16:00:28,4820,N,-1.82,2278541138.85,EQ,CUMMINSIND,469449,NIFTY INFRA
162.86,-3.34,165.49,162.37,28-Sep-2026 16:00:28,161.3,N,-2.02,1586067645.26,EQ,MOTHERSON,9738841,NIFTY INFRA
303.63,-6.25,308.5,302.25,28-Sep-2026 16:00:28,301,N,-2.03,854191651.95,EQ,BPCL,2813265,NIFTY INFRA
715.18,-15.8,726.75,711,28-Sep-2026 16:00:28,710.3,N,-2.17,1960354866.7,EQ,INDHOTEL,2741065,NIFTY INFRA
1205.86,-28.4,1219.7,1197.6,28-Sep-2026 16:00:28,1197,N,-2.32,16402528565.14,EQ,RELIANCE,13602349,NIFTY INFRA
872.19,-21,885.95,865,28-Sep-2026 16:00:28,863.3,N,-2.37,1638700226.46,EQ,CGPOWER,1878834,NIFTY INFRA
156.02,-3.86,158.88,155.22,28-Sep-2026 16:00:28,154.7,N,-2.43,1905647938.52,EQ,ASHOKLEY,12214126,NIFTY INFRA
344.58,-8.55,349.35,342.45,28-Sep-2026 16:00:28,340.45,N,-2.44,1399919997.3,EQ,HINDPETRO,4062685,NIFTY INFRA
376.47,-9.45,383.8,374.35,28-Sep-2026 16:00:28,374,N,-2.46,622554886.08,EQ,AMBUJACEM,1653664,NIFTY INFRA
1750.94,-44.3,1791.8,1743.7,28-Sep-2026 16:00:28,1736.6,N,-2.48,2210694821.44,EQ,ADANIPORTS,1262576,NIFTY INFRA
232,-5.86,235.85,230,28-Sep-2026 16:00:28,229.85,N,-2.48,2278183624,EQ,ONGC,9819757,NIFTY INFRA
1970.8,-51,1994.5,1957,28-Sep-2026 16:00:28,1951.2,N,-2.54,1149159684.4,EQ,BHARATFORG,583093,NIFTY INFRA
39.89,-1.14,40.93,39.66,28-Sep-2026 16:00:28,39.52,N,-2.79,2688203135.78,EQ,SUZLON,67390402,NIFTY INFRA
3798.29,-109.8,3858.2,3766.4,28-Sep-2026 16:00:28,3766.4,N,-2.83,5171755462.29,EQ,LT,1361601,NIFTY INFRA
264.98,-7.65,269.9,261.85,28-Sep-2026 16:00:28,261.85,N,-2.84,2723585270.88,EQ,POWERGRID,10278456,NIFTY INFRA
668.03,-19.45,680,663.55,28-Sep-2026 16:00:28,663.55,N,-2.85,1847124326.96,EQ,DLF,2765032,NIFTY INFRA
363.53,-14.65,374.25,360,28-Sep-2026 16:00:28,355.55,N,-3.91,2219934842.71,EQ,INDUSTOWER,6106607,NIFTY INFRA
1250.13,-61.6,1295.4,1235,28-Sep-2026 16:00:28,1225.6,N,-4.75,2274516525.12,EQ,ADANIGREEN,1819424,NIFTY INFRA
4634.4,120,4706.2,4640,28-Sep-2026 16:00:28,4450,N,2.65,628308780,EQ,CRISIL,135575,NIFTY MNC
6245.16,37.5,6370.5,6180,28-Sep-2026 16:00:28,6145,N,0.61,210436911.36,EQ,LINDEINDIA,33696,NIFTY MNC
10782.21,30,10910,10800,28-Sep-2026 16:00:28,10599,N,0.28,2100644063.25,EQ,OFSS,194825,NIFTY MNC
3167.57,3.9,3221.1,3210,28-Sep-2026 16:00:28,3134.5,N,0.12,60845852.13,EQ,TIMKEN,19209,NIFTY MNC
2899.43,-8.4,2928,2908.8,28-Sep-2026 16:00:28,2884.2,N,-0.29,648495212.09,EQ,GLAND,223663,NIFTY MNC
201.65,-0.67,203.4,201,28-Sep-2026 16:00:28,199.32,N,-0.33,985424228.25,EQ,CASTROLIND,4886805,NIFTY MNC
4894.32,-22.5,4933,4915,28-Sep-2026 16:00:28,4869,N,-0.46,1496619429.84,EQ,BRITANNIA,305787,NIFTY MNC
12017.34,-57,12116,12008,28-Sep-2026 16:00:28,11944,N,-0.47,3627193732.2,EQ,MARUTI,301830,NIFTY MNC
1839.93,-9.9,1857.9,1845.9,28-Sep-2026 16:00:28,1826.8,N,-0.53,786728308.98,EQ,COLPAL,427586,NIFTY MNC
1414.98,-8.4,1420.1,1415.4,28-Sep-2026 16:00:28,1406,N,-0.59,479153262.42,EQ,UNITDSPR,338629,NIFTY MNC
26878.9,-185,27175,26770,28-Sep-2026 16:00:28,26530,N,-0.69,148237133.5,EQ,ABBOTINDIA,5515,NIFTY MNC
452.86,-5.05,459.25,454.2,28-Sep-2026 16:00:28,445,N,-1.10,257614845.32,EQ,COHANCE,568862,NIFTY MNC
6957.72,-80,7041.5,6972.5,28-Sep-2026 16:00:28,6910.5,N,-1.13,1455568939.44,EQ,ABB,209202,NIFTY MNC
3976.27,-47.7,4009.9,3960,28-Sep-2026 16:00:28,3941,N,-1.19,88416339.72,EQ,SCHAEFFLER,22236,NIFTY MNC
1350.39,-16.6,1356.8,1346,28-Sep-2026 16:00:28,1343.9,N,-1.22,948547695.75,EQ,NESTLEIND,702425,NIFTY MNC
33607.55,-610,33990,33315,28-Sep-2026 16:00:28,33230,N,-1.80,50310502.35,EQ,3MINDIA,1497,NIFTY MNC
4853.65,-90,4940,4855,28-Sep-2026 16:00:28,4820,N,-1.82,2278541138.85,EQ,CUMMINSIND,469449,NIFTY MNC
181.47,-3.69,184,180.65,28-Sep-2026 16:00:28,180.2,N,-2.00,124522173.42,EQ,AWL,686186,NIFTY MNC
1227.14,-27.3,1258.8,1224,28-Sep-2026 16:00:28,1215.2,N,-2.18,52667621.66,EQ,UBL,42919,NIFTY MNC
3806.24,-91.5,3862.7,3785.5,28-Sep-2026 16:00:28,3772,N,-2.36,686493446.4,EQ,SIEMENS,180360,NIFTY MNC
1904.3,-46.9,1933.2,1896,28-Sep-2026 16:00:28,1893.2,N,-2.41,3528437479.7,EQ,HINDUNILVR,1852879,NIFTY MNC
156.02,-3.86,158.88,155.22,28-Sep-2026 16:00:28,154.7,N,-2.43,1905647938.52,EQ,ASHOKLEY,12214126,NIFTY MNC
376.47,-9.45,383.8,374.35,28-Sep-2026 16:00:28,374,N,-2.46,622554886.08,EQ,AMBUJACEM,1653664,NIFTY MNC
30305.46,-775,30995,30260,28-Sep-2026 16:00:28,30000,N,-2.50,1963218004.26,EQ,POWERINDIA,64781,NIFTY MNC
47203.46,-1230,48010,47020,28-Sep-2026 16:00:28,46910,N,-2.55,718011830.06,EQ,BOSCHLTD,15211,NIFTY MNC
260.45,-7.35,264.4,259,28-Sep-2026 16:00:28,258.2,N,-2.76,1936986965.1,EQ,VEDL,7437078,NIFTY MNC
2059.8,-64.3,2113,2050.7,28-Sep-2026 16:00:28,2040.5,N,-3.04,1112106618,EQ,HYUNDAI,539910,NIFTY MNC
3215.78,-114.9,3334.9,3198.1,28-Sep-2026 16:00:28,3168.8,N,-3.47,986848919.06,EQ,ENRIN,306877,NIFTY MNC
2761.91,-100.7,2847.4,2755,28-Sep-2026 16:00:28,2729.7,N,-3.53,272009468.26,EQ,ESCORTS,98486,NIFTY MNC
1106.4,-63.1,1155,1093.9,28-Sep-2026 16:00:28,1091.3,N,-5.45,1117668684,EQ,NAM-INDIA,1010185,NIFTY MNC
172.34,-0.25,174.71,172.45,28-Sep-2026 16:00:28,171,N,-0.14,1930694171.14,EQ,GAIL,11202821,NIFTY PSE
425.46,-3.6,429.3,422.5,28-Sep-2026 16:00:28,421.2,N,-0.84,2336910527.28,EQ,COALINDIA,5492668,NIFTY PSE
454.46,-4.8,458.7,453.9,28-Sep-2026 16:00:28,453,N,-1.05,167453512.82,EQ,IRCTC,368467,NIFTY PSE
4746.55,-62,4793.9,4738,28-Sep-2026 16:00:28,4720.7,N,-1.29,3846290847.7,EQ,HAL,810334,NIFTY PSE
466.56,-7.15,476.45,468,28-Sep-2026 16:00:28,463.4,N,-1.50,824642933.76,EQ,OIL,1767496,NIFTY PSE
409.81,-7.05,416.85,411.9,28-Sep-2026 16:00:28,407.25,N,-1.68,3178048682.92,EQ,BHEL,7754932,NIFTY PSE
322.24,-5.5,326.6,321.1,28-Sep-2026 16:00:28,320.2,N,-1.68,1927669326.08,EQ,NTPC,5982092,NIFTY PSE
133.73,-2.38,135.58,133.32,28-Sep-2026 16:00:28,133.04,N,-1.75,740629905.04,EQ,IOC,5538248,NIFTY PSE
78.92,-1.4,79.95,78.55,28-Sep-2026 16:00:28,78.36,N,-1.75,675514240.52,EQ,IRFC,8559481,NIFTY PSE
74.92,-1.5,75.9,74.5,28-Sep-2026 16:00:28,74.3,N,-1.97,416592060.64,EQ,NHPC,5560492,NIFTY PSE
303.63,-6.25,308.5,302.25,28-Sep-2026 16:00:28,301,N,-2.03,854191651.95,EQ,BPCL,2813265,NIFTY PSE
386.29,-8.05,393.45,385.5,28-Sep-2026 16:00:28,384.1,N,-2.05,4504671389.88,EQ,BEL,11661372,NIFTY PSE
204,-4.25,206.38,202.75,28-Sep-2026 16:00:28,202,N,-2.05,520203876,EQ,RVNL,2550019,NIFTY PSE
331.99,-8,338.55,330,28-Sep-2026 16:00:28,329.05,N,-2.37,3320928173.03,EQ,PFC,10003097,NIFTY PSE
344.58,-8.55,349.35,342.45,28-Sep-2026 16:00:28,340.45,N,-2.44,1399919997.3,EQ,HINDPETRO,4062685,NIFTY PSE
232,-5.86,235.85,230,28-Sep-2026 16:00:28,229.85,N,-2.48,2278183624,EQ,ONGC,9819757,NIFTY PSE
453,-11.5,461.45,450,28-Sep-2026 16:00:28,449,N,-2.49,396282135,EQ,CONCOR,874795,NIFTY PSE
264.98,-7.65,269.9,261.85,28-Sep-2026 16:00:28,261.85,N,-2.84,2723585270.88,EQ,POWERGRID,10278456,NIFTY PSE
78.7,-2.47,80.9,77.43,28-Sep-2026 16:00:28,77.43,N,-3.09,1895421581.9,EQ,NMDC,24084137,NIFTY PSE
306.52,-9.7,311.6,303.25,28-Sep-2026 16:00:28,303.25,N,-3.10,1914388744.68,EQ,RECLTD,6245559,NIFTY PSE
998.83,3,1009.5,1003.2,28-Sep-2026 16:00:28,986.6,N,0.30,8557647823.76,EQ,INFY,8567672,NIFTY SERV SECTOR
529.88,0.6,534.5,531.6,28-Sep-2026 16:00:28,525.9,N,0.11,1222506813.32,EQ,HDFCLIFE,2307139,NIFTY SERV SECTOR
1250.45,-0.9,1263,1253.9,28-Sep-2026 16:00:28,1234.4,N,-0.07,1338511690.8,EQ,NAUKRI,1070424,NIFTY SERV SECTOR
172.34,-0.25,174.71,172.45,28-Sep-2026 16:00:28,171,N,-0.14,1930694171.14,EQ,GAIL,11202821,NIFTY SERV SECTOR
901.23,-2.5,913,909.7,28-Sep-2026 16:00:28,889.4,N,-0.27,1617612319.62,EQ,INDUSINDBK,1794894,NIFTY SERV SECTOR
8861.11,-29,8902.5,8860,28-Sep-2026 16:00:28,8804,N,-0.33,3805217606.19,EQ,APOLLOHOSP,429429,NIFTY SERV SECTOR
1542.93,-5.8,1557,1542.2,28-Sep-2026 16:00:28,1526.8,N,-0.37,1947051139.74,EQ,TECHM,1261918,NIFTY SERV SECTOR
1252.06,-5.4,1267.3,1252.6,28-Sep-2026 16:00:28,1241.8,N,-0.43,2844989578.82,EQ,HCLTECH,2272247,NIFTY SERV SECTOR
2073.28,-11.3,2100,2070.7,28-Sep-2026 16:00:28,2051,N,-0.54,5094150550.72,EQ,TCS,2457049,NIFTY SERV SECTOR
399.72,-2.45,403.7,401.55,28-Sep-2026 16:00:28,395.75,N,-0.61,6020844456.6,EQ,KOTAKBANK,15062655,NIFTY SERV SECTOR
1774.11,-14,1784.3,1771.4,28-Sep-2026 16:00:28,1763.7,N,-0.78,8309109827.07,EQ,BHARTIARTL,4683537,NIFTY SERV SECTOR
3803.09,-30.7,3833,3803.5,28-Sep-2026 16:00:28,3781,N,-0.80,1375577653,EQ,DMART,361700,NIFTY SERV SECTOR
1738.56,-13.9,1752.8,1728.1,28-Sep-2026 16:00:28,1725,N,-0.80,2325348339.84,EQ,SBILIFE,1337514,NIFTY SERV SECTOR
1209.62,-12.5,1217.8,1209.9,28-Sep-2026 16:00:28,1205,N,-1.02,5771700620.38,EQ,AXISBANK,4771499,NIFTY SERV SECTOR
1751.39,-19,1769,1752,28-Sep-2026 16:00:28,1739.1,N,-1.07,940412363.28,EQ,BAJAJFINSV,536952,NIFTY SERV SECTOR
980.93,-11.9,992.3,985,28-Sep-2026 16:00:28,974,N,-1.19,7560462061.99,EQ,BAJFINANCE,7707443,NIFTY SERV SECTOR
330.29,-4.05,335.1,330.95,28-Sep-2026 16:00:28,328.45,N,-1.21,6460551339.31,EQ,ETERNAL,19560239,NIFTY SERV SECTOR
4879.88,-65.5,4933,4874.5,28-Sep-2026 16:00:28,4845,N,-1.33,2673144585.32,EQ,INDIGO,547789,NIFTY SERV SECTOR
1001.28,-13.9,1015.8,1000.1,28-Sep-2026 16:00:28,989.1,N,-1.37,2651200198.08,EQ,MAXHEALTH,2647811,NIFTY SERV SECTOR
162.17,-2.46,164.45,161.56,28-Sep-2026 16:00:28,160.97,N,-1.50,1671846207.4,EQ,WIPRO,10309220,NIFTY SERV SECTOR
362.36,-5.6,366.75,361.9,28-Sep-2026 16:00:28,360.1,N,-1.52,1080697753.32,EQ,TATAPOWER,2982387,NIFTY SERV SECTOR
322.24,-5.5,326.6,321.1,28-Sep-2026 16:00:28,320.2,N,-1.68,1927669326.08,EQ,NTPC,5982092,NIFTY SERV SECTOR
976.47,-17.8,991.3,976.3,28-Sep-2026 16:00:28,970,N,-1.79,4837100380.2,EQ,SHRIRAMFIN,4953660,NIFTY SERV SECTOR
1305.49,-24.8,1323.8,1302,28-Sep-2026 16:00:28,1300,N,-1.87,8261070223.54,EQ,ICICIBANK,6327946,NIFTY SERV SECTOR
963.87,-21,982.5,962,28-Sep-2026 16:00:28,956.1,N,-2.14,9490886680.02,EQ,SBIN,9846646,NIFTY SERV SECTOR
722.13,-16.55,733,719.05,28-Sep-2026 16:00:28,718.1,N,-2.25,15652585863.27,EQ,HDFCBANK,21675579,NIFTY SERV SECTOR
1750.94,-44.3,1791.8,1743.7,28-Sep-2026 16:00:28,1736.6,N,-2.48,2210694821.44,EQ,ADANIPORTS,1262576,NIFTY SERV SECTOR
264.98,-7.65,269.9,261.85,28-Sep-2026 16:00:28,261.85,N,-2.84,2723585270.88,EQ,POWERGRID,10278456,NIFTY SERV SECTOR
221.97,-6.5,227,220.5,28-Sep-2026 16:00:28,218.8,N,-2.86,3980266819.41,EQ,JIOFIN,17931553,NIFTY SERV SECTOR
3123.63,-94,3180,3097.5,28-Sep-2026 16:00:28,3075.1,N,-2.95,12280963664.16,EQ,BSE,3931632,NIFTY SERV SECTOR
36.83,1.74,37.9,36.18,28-Sep-2026 16:00:28,34.37,N,5.05,2925378062.11,EQ,TTML,79429217,NIFTY IND DIGITAL
188.83,4.27,195.3,185.1,28-Sep-2026 16:00:28,178.19,N,2.36,7261796411.02,EQ,FIRSTCRY,38456794,NIFTY IND DIGITAL
3185.92,34.1,3280,3240.2,28-Sep-2026 16:00:28,3157,N,1.06,114087795.2,EQ,LTTS,35810,NIFTY IND DIGITAL
4527.91,33.5,4595,4578.5,28-Sep-2026 16:00:28,4456,N,0.74,2977517392.72,EQ,NETWEB,657592,NIFTY IND DIGITAL
703.2,4.45,709.7,707.5,28-Sep-2026 16:00:28,691.2,N,0.63,619240029.6,EQ,TATATECH,880603,NIFTY IND DIGITAL
440.25,2.4,452,437.3,28-Sep-2026 16:00:28,432.5,N,0.55,1079723250.75,EQ,ZENSARTECH,2452523,NIFTY IND DIGITAL
998.83,3,1009.5,1003.2,28-Sep-2026 16:00:28,986.6,N,0.30,8557647823.76,EQ,INFY,8567672,NIFTY IND DIGITAL
10782.21,30,10910,10800,28-Sep-2026 16:00:28,10599,N,0.28,2100644063.25,EQ,OFSS,194825,NIFTY IND DIGITAL
1631.15,3.9,1646,1646,28-Sep-2026 16:00:28,1620,N,0.24,49009532.9,EQ,INDIAMART,30046,NIFTY IND DIGITAL
4091.16,8.4,4132.4,4091.4,28-Sep-2026 16:00:28,4018.2,N,0.21,1669950144.6,EQ,LTM,408185,NIFTY IND DIGITAL
2228.86,3.5,2245.6,2237.5,28-Sep-2026 16:00:28,2207.5,N,0.16,691066958.44,EQ,MPHASIS,310054,NIFTY IND DIGITAL
3187.06,4.1,3212.6,3191,28-Sep-2026 16:00:28,3161.7,N,0.13,517658220.5,EQ,TATAELXSI,162425,NIFTY IND DIGITAL
1250.45,-0.9,1263,1253.9,28-Sep-2026 16:00:28,1234.4,N,-0.07,1338511690.8,EQ,NAUKRI,1070424,NIFTY IND DIGITAL
1542.93,-5.8,1557,1542.2,28-Sep-2026 16:00:28,1526.8,N,-0.37,1947051139.74,EQ,TECHM,1261918,NIFTY IND DIGITAL
1252.06,-5.4,1267.3,1252.6,28-Sep-2026 16:00:28,1241.8,N,-0.43,2844989578.82,EQ,HCLTECH,2272247,NIFTY IND DIGITAL
216.98,-1.06,220.47,216,28-Sep-2026 16:00:28,213.55,N,-0.49,3443930210.82,EQ,MEESHO,15872109,NIFTY IND DIGITAL
242.31,-1.25,244.9,242.5,28-Sep-2026 16:00:28,240.6,N,-0.51,42355303.38,EQ,LATENTVIEW,174798,NIFTY IND DIGITAL
2073.28,-11.3,2100,2070.7,28-Sep-2026 16:00:28,2051,N,-0.54,5094150550.72,EQ,TCS,2457049,NIFTY IND DIGITAL
1775.85,-11,1786,1773,28-Sep-2026 16:00:28,1767.5,N,-0.62,1958375414.7,EQ,COFORGE,1102782,NIFTY IND DIGITAL
631.84,-4.55,637.7,628.5,28-Sep-2026 16:00:28,625.5,N,-0.72,132463992.32,EQ,INTELLECT,209648,NIFTY IND DIGITAL
1774.11,-14,1784.3,1771.4,28-Sep-2026 16:00:28,1763.7,N,-0.78,8309109827.07,EQ,BHARTIARTL,4683537,NIFTY IND DIGITAL
5325.2,-43.5,5377.5,5328.5,28-Sep-2026 16:00:28,5285,N,-0.81,1786753705.6,EQ,PERSISTENT,335528,NIFTY IND DIGITAL
1075.68,-9.7,1099.1,1085,28-Sep-2026 16:00:28,1064.3,N,-0.89,265531608,EQ,CYIENT,246850,NIFTY IND DIGITAL
258.09,-2.35,265.3,257.8,28-Sep-2026 16:00:28,255.05,N,-0.90,117018264.09,EQ,RAILTEL,453401,NIFTY IND DIGITAL
454.46,-4.8,458.7,453.9,28-Sep-2026 16:00:28,453,N,-1.05,167453512.82,EQ,IRCTC,368467,NIFTY IND DIGITAL
222.23,-2.66,223.71,221.6,28-Sep-2026 16:00:28,221,N,-1.19,108048448.23,EQ,BLS,486201,NIFTY IND DIGITAL
330.29,-4.05,335.1,330.95,28-Sep-2026 16:00:28,328.45,N,-1.21,6460551339.31,EQ,ETERNAL,19560239,NIFTY IND DIGITAL
1172.59,-14.7,1213.5,1151.3,28-Sep-2026 16:00:28,1136.1,N,-1.26,12709926974.69,EQ,POLICYBZR,10839191,NIFTY IND DIGITAL
1649.79,-21.5,1666,1645,28-Sep-2026 16:00:28,1637,N,-1.29,240552580.32,EQ,TATACOMM,145808,NIFTY IND DIGITAL
871.17,-12,895,869.9,28-Sep-2026 16:00:28,861,N,-1.36,75528696.66,EQ,MAPMYINDIA,86698,NIFTY IND DIGITAL
275.15,-3.9,279.35,276,28-Sep-2026 16:00:28,272.55,N,-1.39,72037021.5,EQ,SONATSOFTW,261810,NIFTY IND DIGITAL
162.17,-2.46,164.45,161.56,28-Sep-2026 16:00:28,160.97,N,-1.50,1671846207.4,EQ,WIPRO,10309220,NIFTY IND DIGITAL
489.81,-7.7,500.9,489,28-Sep-2026 16:00:28,486.55,N,-1.55,82692663.06,EQ,HEXT,168826,NIFTY IND DIGITAL
1551.31,-31,1575.5,1547,28-Sep-2026 16:00:28,1543.1,N,-1.96,155917514.17,EQ,AFFLE,100507,NIFTY IND DIGITAL
510.56,-10.4,519,509,28-Sep-2026 16:00:28,506,N,-2.00,457903394.4,EQ,KPITTECH,896865,NIFTY IND DIGITAL
173.15,-3.82,177.08,172.75,28-Sep-2026 16:00:28,170.61,N,-2.16,4032696052.2,EQ,PINELABS,23290188,NIFTY IND DIGITAL
1774.84,-40.8,1815.8,1775,28-Sep-2026 16:00:28,1755.5,N,-2.25,243307491.08,EQ,IKS,137087,NIFTY IND DIGITAL
1642.35,-38.2,1678.1,1635.8,28-Sep-2026 16:00:28,1625.7,N,-2.28,6598474522.05,EQ,PAYTM,4017703,NIFTY IND DIGITAL
478.82,-11.15,488.9,474.15,28-Sep-2026 16:00:28,472.4,N,-2.30,166399526.4,EQ,NEWGEN,347520,NIFTY IND DIGITAL
326.57,-8.2,332.95,325.5,28-Sep-2026 16:00:28,324,N,-2.46,1144345040.38,EQ,NYKAA,3504134,NIFTY IND DIGITAL
1668.01,-42.9,1699,1654,28-Sep-2026 16:00:28,1640.3,N,-2.53,84481370.48,EQ,TBOTEK,50648,NIFTY IND DIGITAL
494.48,-13.1,505.3,490.75,28-Sep-2026 16:00:28,489.95,N,-2.60,509057270.4,EQ,TEJASNET,1029480,NIFTY IND DIGITAL
247.48,-6.6,254.7,246.3,28-Sep-2026 16:00:28,244.15,N,-2.61,38553176.84,EQ,ITI,155783,NIFTY IND DIGITAL
43.71,-1.24,45,43.45,28-Sep-2026 16:00:28,43.32,N,-2.77,351512672.88,EQ,SAGILITY,8041928,NIFTY IND DIGITAL
258.89,-8.85,266.05,256,28-Sep-2026 16:00:28,255.15,N,-3.34,2968315203.94,EQ,SWIGGY,11465546,NIFTY IND DIGITAL
1442.14,-56.8,1476.2,1425,28-Sep-2026 16:00:28,1422,N,-3.83,123840888.22,EQ,BHARTIHEXA,85873,NIFTY IND DIGITAL
2928.26,-122.6,3009,2880,28-Sep-2026 16:00:28,2860.1,N,-4.08,973868997.76,EQ,CARTRADE,332576,NIFTY IND DIGITAL
162.98,-7.02,171.25,161.97,28-Sep-2026 16:00:28,160,N,-4.15,817483558.96,EQ,URBANCO,5015852,NIFTY IND DIGITAL
128.89,-6.45,134.19,127.91,28-Sep-2026 16:00:28,126.41,N,-4.80,917913206.31,EQ,PWL,7121679,NIFTY IND DIGITAL
13.69,-0.79,14.23,13.47,28-Sep-2026 16:00:28,13.43,N,-5.54,6852482734.96,EQ,IDEA,500546584,NIFTY IND DIGITAL
998.83,3,1009.5,1003.2,28-Sep-2026 16:00:28,986.6,N,0.30,8557647823.76,EQ,INFY,8567672,NIFTY100 ESG
4091.16,8.4,4132.4,4091.4,28-Sep-2026 16:00:28,4018.2,N,0.21,1669950144.6,EQ,LTM,408185,NIFTY100 ESG
529.88,0.6,534.5,531.6,28-Sep-2026 16:00:28,525.9,N,0.11,1222506813.32,EQ,HDFCLIFE,2307139,NIFTY100 ESG
172.34,-0.25,174.71,172.45,28-Sep-2026 16:00:28,171,N,-0.14,1930694171.14,EQ,GAIL,11202821,NIFTY100 ESG
8861.11,-29,8902.5,8860,28-Sep-2026 16:00:28,8804,N,-0.33,3805217606.19,EQ,APOLLOHOSP,429429,NIFTY100 ESG
1542.93,-5.8,1557,1542.2,28-Sep-2026 16:00:28,1526.8,N,-0.37,1947051139.74,EQ,TECHM,1261918,NIFTY100 ESG
1252.06,-5.4,1267.3,1252.6,28-Sep-2026 16:00:28,1241.8,N,-0.43,2844989578.82,EQ,HCLTECH,2272247,NIFTY100 ESG
4894.32,-22.5,4933,4915,28-Sep-2026 16:00:28,4869,N,-0.46,1496619429.84,EQ,BRITANNIA,305787,NIFTY100 ESG
12017.34,-57,12116,12008,28-Sep-2026 16:00:28,11944,N,-0.47,3627193732.2,EQ,MARUTI,301830,NIFTY100 ESG
9557.45,-69.5,9655,9550,28-Sep-2026 16:00:28,9473,N,-0.72,3634249034.85,EQ,DIVISLAB,380253,NIFTY100 ESG
1774.11,-14,1784.3,1771.4,28-Sep-2026 16:00:28,1763.7,N,-0.78,8309109827.07,EQ,BHARTIARTL,4683537,NIFTY100 ESG
3803.09,-30.7,3833,3803.5,28-Sep-2026 16:00:28,3781,N,-0.80,1375577653,EQ,DMART,361700,NIFTY100 ESG
1738.56,-13.9,1752.8,1728.1,28-Sep-2026 16:00:28,1725,N,-0.80,2325348339.84,EQ,SBILIFE,1337514,NIFTY100 ESG
186.68,-1.67,188.58,186.3,28-Sep-2026 16:00:28,185.25,N,-0.89,2544241371.88,EQ,TATASTEEL,13628891,NIFTY100 ESG
1495.43,-14.2,1508,1503,28-Sep-2026 16:00:28,1486.8,N,-0.94,875951113.36,EQ,PIDILITIND,585752,NIFTY100 ESG
2422.69,-24,2441.6,2420,28-Sep-2026 16:00:28,2412.9,N,-0.98,2659517638.26,EQ,ASIANPAINT,1097754,NIFTY100 ESG
1262.17,-12.9,1278.4,1264.1,28-Sep-2026 16:00:28,1254.1,N,-1.01,1535437378.02,EQ,JSWSTEEL,1216506,NIFTY100 ESG
1209.62,-12.5,1217.8,1209.9,28-Sep-2026 16:00:28,1205,N,-1.02,5771700620.38,EQ,AXISBANK,4771499,NIFTY100 ESG
1751.39,-19,1769,1752,28-Sep-2026 16:00:28,1739.1,N,-1.07,940412363.28,EQ,BAJAJFINSV,536952,NIFTY100 ESG
429.58,-4.8,433.5,430,28-Sep-2026 16:00:28,426.2,N,-1.10,2022136159.2,EQ,VBL,4707240,NIFTY100 ESG
715.18,-15.8,726.75,711,28-Sep-2026 16:00:28,710.3,N,-2.17,1960354866.7,EQ,INDHOTEL,2741065,NIFTY100 ESG
722.13,-16.55,733,719.05,28-Sep-2026 16:00:28,718.1,N,-2.25,15652585863.27,EQ,HDFCBANK,21675579,NIFTY100 ESG
11068.11,-257,11270,11024,28-Sep-2026 16:00:28,10953,N,-2.28,2671111258.74,EQ,BAJAJ-AUTO,241334,NIFTY100 ESG
1205.86,-28.4,1219.7,1197.6,28-Sep-2026 16:00:28,1197,N,-2.32,16402528565.14,EQ,RELIANCE,13602349,NIFTY100 ESG
3806.24,-91.5,3862.7,3785.5,28-Sep-2026 16:00:28,3772,N,-2.36,686493446.4,EQ,SIEMENS,180360,NIFTY100 ESG
961.16,-23.2,983.6,960,28-Sep-2026 16:00:28,955.5,N,-2.36,1257116542.56,EQ,TATACONSUM,1307916,NIFTY100 ESG
331.99,-8,338.55,330,28-Sep-2026 16:00:28,329.05,N,-2.37,3320928173.03,EQ,PFC,10003097,NIFTY100 ESG
872.19,-21,885.95,865,28-Sep-2026 16:00:28,863.3,N,-2.37,1638700226.46,EQ,CGPOWER,1878834,NIFTY100 ESG
4894.81,-119.5,4996.5,4869,28-Sep-2026 16:00:28,4852.5,N,-2.40,1971859524.07,EQ,TORNTPHARM,402847,NIFTY100 ESG
1904.3,-46.9,1933.2,1896,28-Sep-2026 16:00:28,1893.2,N,-2.41,3528437479.7,EQ,HINDUNILVR,1852879,NIFTY100 ESG
376.47,-9.45,383.8,374.35,28-Sep-2026 16:00:28,374,N,-2.46,622554886.08,EQ,AMBUJACEM,1653664,NIFTY100 ESG
1750.94,-44.3,1791.8,1743.7,28-Sep-2026 16:00:28,1736.6,N,-2.48,2210694821.44,EQ,ADANIPORTS,1262576,NIFTY100 ESG
232,-5.86,235.85,230,28-Sep-2026 16:00:28,229.85,N,-2.48,2278183624,EQ,ONGC,9819757,NIFTY100 ESG
47203.46,-1230,48010,47020,28-Sep-2026 16:00:28,46910,N,-2.55,718011830.06,EQ,BOSCHLTD,15211,NIFTY100 ESG
2780.58,-75,2810,2760,28-Sep-2026 16:00:28,2756.4,N,-2.65,2235922770.18,EQ,MUTHOOTFIN,804121,NIFTY100 ESG
574.57,-15.95,580.3,573,28-Sep-2026 16:00:28,568.25,N,-2.71,2247655786.44,EQ,HINDZINC,3911892,NIFTY100 ESG
264.98,-7.65,269.9,261.85,28-Sep-2026 16:00:28,261.85,N,-2.84,2723585270.88,EQ,POWERGRID,10278456,NIFTY100 ESG
668.03,-19.45,680,663.55,28-Sep-2026 16:00:28,663.55,N,-2.85,1847124326.96,EQ,DLF,2765032,NIFTY100 ESG
221.97,-6.5,227,220.5,28-Sep-2026 16:00:28,218.8,N,-2.86,3980266819.41,EQ,JIOFIN,17931553,NIFTY100 ESG
2844.39,-85.4,2924,2831.1,28-Sep-2026 16:00:28,2811,N,-2.93,3582580314.75,EQ,ADANIENT,1259525,NIFTY100 ESG
2059.8,-64.3,2113,2050.7,28-Sep-2026 16:00:28,2040.5,N,-3.04,1112106618,EQ,HYUNDAI,539910,NIFTY100 ESG
306.52,-9.7,311.6,303.25,28-Sep-2026 16:00:28,303.25,N,-3.10,1914388744.68,EQ,RECLTD,6245559,NIFTY100 ESG
2316.54,-75.7,2366.2,2302.3,28-Sep-2026 16:00:28,2300.7,N,-3.18,2032564627.56,EQ,HDFCAMC,877414,NIFTY100 ESG
198.16,-6.61,203.64,196.14,28-Sep-2026 16:00:28,195.36,N,-3.26,4412283865.04,EQ,ADANIPOWER,22266269,NIFTY100 ESG
229.76,-7.76,234.99,227.5,28-Sep-2026 16:00:28,227.5,N,-3.30,1615546641.28,EQ,BANKBARODA,7031453,NIFTY100 ESG
3215.78,-114.9,3334.9,3198.1,28-Sep-2026 16:00:28,3168.8,N,-3.47,986848919.06,EQ,ENRIN,306877,NIFTY100 ESG
121.71,-4.34,124.68,120.65,28-Sep-2026 16:00:28,120.26,N,-3.47,1980500902.74,EQ,CANBK,16272294,NIFTY100 ESG
1307.74,-50.6,1338,1287.9,28-Sep-2026 16:00:28,1283,N,-3.78,1608826211.16,EQ,ADANIENSOL,1230234,NIFTY100 ESG
173.72,-8.45,178.99,171.75,28-Sep-2026 16:00:28,171.55,N,-4.69,1480674451.08,EQ,UNIONBANK,8523339,NIFTY100 ESG
1250.13,-61.6,1295.4,1235,28-Sep-2026 16:00:28,1225.6,N,-4.75,2274516525.12,EQ,ADANIGREEN,1819424,NIFTY100 ESG
13560.61,250,13766,13640,28-Sep-2026 16:00:28,13234,N,1.87,7745942477.49,EQ,DIXON,571209,NIFTY INDIA MFG
1220.01,20,1229.8,1221,28-Sep-2026 16:00:28,1204,N,1.67,4150078736.76,EQ,DRREDDY,3401676,NIFTY INDIA MFG
1131.77,17.3,1144.5,1135.5,28-Sep-2026 16:00:28,1120.2,N,1.55,1056409962.78,EQ,VOLTAS,933414,NIFTY INDIA MFG
1217.55,11.1,1228.6,1215,28-Sep-2026 16:00:28,1201.2,N,0.92,4853565831.9,EQ,ZYDUSLIFE,3986338,NIFTY INDIA MFG
1574.23,10.4,1593.5,1575.4,28-Sep-2026 16:00:28,1562.3,N,0.66,2325671373.97,EQ,BLUESTARCO,1477339,NIFTY INDIA MFG
6245.16,37.5,6370.5,6180,28-Sep-2026 16:00:28,6145,N,0.61,210436911.36,EQ,LINDEINDIA,33696,NIFTY INDIA MFG
33660.62,75,34040,33940,28-Sep-2026 16:00:28,33255,N,0.22,74827558.26,EQ,HONAUT,2223,NIFTY INDIA MFG
3643.89,8,3695,3658,28-Sep-2026 16:00:28,3589,N,0.22,3582599770.2,EQ,KAYNES,983180,NIFTY INDIA MFG
2003.84,3.7,2012.3,2010.7,28-Sep-2026 16:00:28,1984.8,N,0.18,1904551731.84,EQ,LAURUSLABS,950451,NIFTY INDIA MFG
218.26,0.2,221.3,218.8,28-Sep-2026 16:00:28,214.51,N,0.09,548110008.46,EQ,CROMPTON,2511271,NIFTY INDIA MFG
547.86,-0.55,551.65,549.5,28-Sep-2026 16:00:28,542.85,N,-0.10,853228398.24,EQ,UPL,1557384,NIFTY INDIA MFG
201.65,-0.67,203.4,201,28-Sep-2026 16:00:28,199.32,N,-0.33,985424228.25,EQ,CASTROLIND,4886805,NIFTY INDIA MFG
12017.34,-57,12116,12008,28-Sep-2026 16:00:28,11944,N,-0.47,3627193732.2,EQ,MARUTI,301830,NIFTY INDIA MFG
123505.57,-615,124035,123420,28-Sep-2026 16:00:28,123195,N,-0.50,200079023.4,EQ,MRF,1620,NIFTY INDIA MFG
37473.68,-195,37680,37500,28-Sep-2026 16:00:28,37280,N,-0.52,589910670.56,EQ,PAGEIND,15742,NIFTY INDIA MFG
1101.1,-6.4,1112,1100,28-Sep-2026 16:00:28,1087.2,N,-0.58,93817023.3,EQ,KPRMILL,85203,NIFTY INDIA MFG
9557.45,-69.5,9655,9550,28-Sep-2026 16:00:28,9473,N,-0.72,3634249034.85,EQ,DIVISLAB,380253,NIFTY INDIA MFG
1848.46,-14.2,1856.6,1838,28-Sep-2026 16:00:28,1838,N,-0.77,1751820662.74,EQ,SUNPHARMA,947719,NIFTY INDIA MFG
2188.19,-17.7,2210.2,2197,28-Sep-2026 16:00:28,2174.9,N,-0.80,700148589.73,EQ,APLAPOLLO,319967,NIFTY INDIA MFG
1697.8,-14.5,1713.4,1697.5,28-Sep-2026 16:00:28,1686.8,N,-0.85,1116456302,EQ,AUROPHARMA,657590,NIFTY INDIA MFG
1372.56,-28.5,1392.9,1370.5,28-Sep-2026 16:00:28,1363,N,-2.04,320686290.96,EQ,ASTRAL,233641,NIFTY INDIA MFG
386.29,-8.05,393.45,385.5,28-Sep-2026 16:00:28,384.1,N,-2.05,4504671389.88,EQ,BEL,11661372,NIFTY INDIA MFG
2465.91,-52.1,2523.2,2459,28-Sep-2026 16:00:28,2443.9,N,-2.07,541252449.54,EQ,TIINDIA,219494,NIFTY INDIA MFG
859.68,-18.6,875.6,855,28-Sep-2026 16:00:28,849,N,-2.13,432534237.12,EQ,ANTHEM,503134,NIFTY INDIA MFG
2353.4,-51,2398.4,2349,28-Sep-2026 16:00:28,2318.5,N,-2.13,266058930.2,EQ,PIIND,113053,NIFTY INDIA MFG
1142.27,-25.2,1160,1139.6,28-Sep-2026 16:00:28,1133.2,N,-2.16,815523666.5,EQ,JINDALSTEL,713950,NIFTY INDIA MFG
959.42,-21.1,972.9,955.9,28-Sep-2026 16:00:28,951.1,N,-2.16,3218334094.36,EQ,HINDALCO,3354458,NIFTY INDIA MFG
11068.11,-257,11270,11024,28-Sep-2026 16:00:28,10953,N,-2.28,2671111258.74,EQ,BAJAJ-AUTO,241334,NIFTY INDIA MFG
1205.86,-28.4,1219.7,1197.6,28-Sep-2026 16:00:28,1197,N,-2.32,16402528565.14,EQ,RELIANCE,13602349,NIFTY INDIA MFG
3806.24,-91.5,3862.7,3785.5,28-Sep-2026 16:00:28,3772,N,-2.36,686493446.4,EQ,SIEMENS,180360,NIFTY INDIA MFG
872.19,-21,885.95,865,28-Sep-2026 16:00:28,863.3,N,-2.37,1638700226.46,EQ,CGPOWER,1878834,NIFTY INDIA MFG
4894.81,-119.5,4996.5,4869,28-Sep-2026 16:00:28,4852.5,N,-2.40,1971859524.07,EQ,TORNTPHARM,402847,NIFTY INDIA MFG
156.02,-3.86,158.88,155.22,28-Sep-2026 16:00:28,154.7,N,-2.43,1905647938.52,EQ,ASHOKLEY,12214126,NIFTY INDIA MFG
1970.8,-51,1994.5,1957,28-Sep-2026 16:00:28,1951.2,N,-2.54,1149159684.4,EQ,BHARATFORG,583093,NIFTY INDIA MFG
47203.46,-1230,48010,47020,28-Sep-2026 16:00:28,46910,N,-2.55,718011830.06,EQ,BOSCHLTD,15211,NIFTY INDIA MFG
8233.58,-217.5,8400,8191,28-Sep-2026 16:00:28,8180,N,-2.59,2262950061.52,EQ,POLYCAB,274844,NIFTY INDIA MFG
574.57,-15.95,580.3,573,28-Sep-2026 16:00:28,568.25,N,-2.71,2247655786.44,EQ,HINDZINC,3911892,NIFTY INDIA MFG
260.45,-7.35,264.4,259,28-Sep-2026 16:00:28,258.2,N,-2.76,1936986965.1,EQ,VEDL,7437078,NIFTY INDIA MFG
39.89,-1.14,40.93,39.66,28-Sep-2026 16:00:28,39.52,N,-2.79,2688203135.78,EQ,SUZLON,67390402,NIFTY INDIA MFG
2151.72,-61.6,2199.4,2138,28-Sep-2026 16:00:28,2131,N,-2.80,1399435653.6,EQ,MAZDOCK,650380,NIFTY INDIA MFG
480.73,-14.25,484.8,480.4,28-Sep-2026 16:00:28,478.15,N,-2.88,2920894327.88,EQ,HINDCOPPER,6075956,NIFTY INDIA MFG
284.03,-8.7,291.2,281.75,28-Sep-2026 16:00:28,280.2,N,-3.00,3994351950.02,EQ,TMPV,14063134,NIFTY INDIA MFG
19237.65,-595,19750,19150,28-Sep-2026 16:00:28,18970,N,-3.01,3075677006.7,EQ,SOLARINDS,159878,NIFTY INDIA MFG
2059.8,-64.3,2113,2050.7,28-Sep-2026 16:00:28,2040.5,N,-3.04,1112106618,EQ,HYUNDAI,539910,NIFTY INDIA MFG
1910.93,-63.7,1954,1900.2,28-Sep-2026 16:00:28,1894,N,-3.24,111714878.73,EQ,COROMANDEL,58461,NIFTY INDIA MFG
4567.97,-157.5,4668.5,4516,28-Sep-2026 16:00:28,4510.5,N,-3.37,1003386586.29,EQ,KEI,219657,NIFTY INDIA MFG
3215.78,-114.9,3334.9,3198.1,28-Sep-2026 16:00:28,3168.8,N,-3.47,986848919.06,EQ,ENRIN,306877,NIFTY INDIA MFG
1345.45,-48,1372.4,1329,28-Sep-2026 16:00:28,1327,N,-3.49,606004134.5,EQ,COCHINSHIP,450410,NIFTY INDIA MFG
2761.91,-100.7,2847.4,2755,28-Sep-2026 16:00:28,2729.7,N,-3.53,272009468.26,EQ,ESCORTS,98486,NIFTY INDIA MFG
1187.77,-45,1214.2,1173,28-Sep-2026 16:00:28,1167.2,N,-3.69,719175730.68,EQ,UNOMINDA,605484,NIFTY INDIA MFG
260,14.7,274,260.75,28-Sep-2026 16:00:28,246.96,N,5.97,8753560660,EQ,AEQUS,33667541,NIFTY IND DEFENCE
402.97,18.8,414.4,414.4,28-Sep-2026 16:00:28,388,N,4.75,4636787603.01,EQ,APOLLO,11506533,NIFTY IND DEFENCE
7013.36,200,7121,7100,28-Sep-2026 16:00:28,6750,N,2.90,705431802.24,BE,MTARTECH,100584,NIFTY IND DEFENCE
408.12,9.95,417.5,415,28-Sep-2026 16:00:28,397.55,N,2.46,553919645.64,EQ,MIDHANI,1357247,NIFTY IND DEFENCE
13255.38,47,13500,13200,28-Sep-2026 16:00:28,13014,N,0.36,590248816.02,EQ,DYNAMATECH,44529,NIFTY IND DEFENCE
1308.3,-4,1332.8,1317,28-Sep-2026 16:00:28,1287,N,-0.30,819027199.2,EQ,PARAS,626024,NIFTY IND DEFENCE
4746.55,-62,4793.9,4738,28-Sep-2026 16:00:28,4720.7,N,-1.29,3846290847.7,EQ,HAL,810334,NIFTY IND DEFENCE
1894.45,-26.1,1943.3,1866,28-Sep-2026 16:00:28,1861,N,-1.38,527932064.85,EQ,AXISCADES,278673,NIFTY IND DEFENCE
1993.63,-41,2035,1995.5,28-Sep-2026 16:00:28,1974,N,-2.01,426899979.16,EQ,BEML,214132,NIFTY IND DEFENCE
386.29,-8.05,393.45,385.5,28-Sep-2026 16:00:28,384.1,N,-2.05,4504671389.88,EQ,BEL,11661372,NIFTY IND DEFENCE
1595.38,-34,1623.3,1588.4,28-Sep-2026 16:00:28,1585,N,-2.10,187208270.72,EQ,ASTRAMICRO,117344,NIFTY IND DEFENCE
1119.21,-25,1140.9,1115,28-Sep-2026 16:00:28,1110.3,N,-2.19,1470731476.8,EQ,BDL,1314080,NIFTY IND DEFENCE
1647.07,-39.9,1678.4,1642.5,28-Sep-2026 16:00:28,1638.2,N,-2.37,298615438.07,EQ,ZENTEC,181301,NIFTY IND DEFENCE
1970.8,-51,1994.5,1957,28-Sep-2026 16:00:28,1951.2,N,-2.54,1149159684.4,EQ,BHARATFORG,583093,NIFTY IND DEFENCE
2151.72,-61.6,2199.4,2138,28-Sep-2026 16:00:28,2131,N,-2.80,1399435653.6,EQ,MAZDOCK,650380,NIFTY IND DEFENCE
2254.93,-69.4,2316,2249.6,28-Sep-2026 16:00:28,2236.8,N,-2.99,877986309.59,EQ,GRSE,389363,NIFTY IND DEFENCE
19237.65,-595,19750,19150,28-Sep-2026 16:00:28,18970,N,-3.01,3075677006.7,EQ,SOLARINDS,159878,NIFTY IND DEFENCE
4304.2,-138.8,4421.9,4280,28-Sep-2026 16:00:28,4261.1,N,-3.14,1335442613,EQ,DATAPATTNS,310265,NIFTY IND DEFENCE
1345.45,-48,1372.4,1329,28-Sep-2026 16:00:28,1327,N,-3.49,606004134.5,EQ,COCHINSHIP,450410,NIFTY IND DEFENCE
543.38,8.85,555,555,28-Sep-2026 16:00:28,536.15,N,1.62,205594886.94,EQ,THELEELA,378363,NIFTY IND TOURISM
292.99,0.3,296.95,295,28-Sep-2026 16:00:28,289.3,N,0.10,44140701.44,EQ,EIHOTEL,150656,NIFTY IND TOURISM
1203.17,-9.3,1220.9,1204,28-Sep-2026 16:00:28,1195.3,N,-0.77,26867989.27,EQ,TRAVELFOOD,22331,NIFTY IND TOURISM
454.46,-4.8,458.7,453.9,28-Sep-2026 16:00:28,453,N,-1.05,167453512.82,EQ,IRCTC,368467,NIFTY IND TOURISM
222.23,-2.66,223.71,221.6,28-Sep-2026 16:00:28,221,N,-1.19,108048448.23,EQ,BLS,486201,NIFTY IND TOURISM
481.47,-5.85,485.6,478.7,28-Sep-2026 16:00:28,476.5,N,-1.21,562353589.71,EQ,JUBLFOOD,1167993,NIFTY IND TOURISM
4879.88,-65.5,4933,4874.5,28-Sep-2026 16:00:28,4845,N,-1.33,2673144585.32,EQ,INDIGO,547789,NIFTY IND TOURISM
870.5,-12.35,887.85,869,28-Sep-2026 16:00:28,862.9,N,-1.40,60475376,EQ,CHALET,69472,NIFTY IND TOURISM
103.95,-2.09,106.15,104.06,28-Sep-2026 16:00:28,102.96,N,-1.97,260004313.8,EQ,LEMONTREE,2501244,NIFTY IND TOURISM
160.13,-3.2,161.95,158.7,28-Sep-2026 16:00:28,158.3,N,-1.98,213879395.93,EQ,ITCHOTELS,1335661,NIFTY IND TOURISM
715.18,-15.8,726.75,711,28-Sep-2026 16:00:28,710.3,N,-2.17,1960354866.7,EQ,INDHOTEL,2741065,NIFTY IND TOURISM
1668.01,-42.9,1699,1654,28-Sep-2026 16:00:28,1640.3,N,-2.53,84481370.48,EQ,TBOTEK,50648,NIFTY IND TOURISM
131.57,-3.77,135.17,131.25,28-Sep-2026 16:00:28,128.31,N,-2.79,496807004.3,EQ,DEVYANI,3775990,NIFTY IND TOURISM
217.31,-6.91,223,216.7,28-Sep-2026 16:00:28,214.61,N,-3.09,86586734.88,EQ,SAPPHIRE,398448,NIFTY IND TOURISM
95.12,-3.2,97.5,94.75,28-Sep-2026 16:00:28,94.06,N,-3.27,602580444,EQ,GMRAIRPORT,6334950,NIFTY IND TOURISM
3173.43,40.4,3235,3225,28-Sep-2026 16:00:28,3133.2,N,1.27,527201925.9,EQ,ICICIAMC,166130,NIFTY CAPITAL MKT
2139.23,26.2,2164.1,2153,28-Sep-2026 16:00:28,2112,N,1.23,842940049.97,EQ,ANANDRATHI,394039,NIFTY CAPITAL MKT
882.5,-4.75,890,884.05,28-Sep-2026 16:00:28,874.05,N,-0.53,347104017.5,EQ,KFINTECH,393319,NIFTY CAPITAL MKT
893.78,-6.85,913.95,895,28-Sep-2026 16:00:28,888,N,-0.76,54836084.34,EQ,UTIAMC,61353,NIFTY CAPITAL MKT
111.63,-1.35,112.88,111.35,28-Sep-2026 16:00:28,110.94,N,-1.20,228906803.55,EQ,IEX,2050585,NIFTY CAPITAL MKT
183.33,-3.04,186.79,184.02,28-Sep-2026 16:00:28,182.4,N,-1.63,2988226567.62,EQ,GROWW,16299714,NIFTY CAPITAL MKT
1013.16,-17.4,1033.4,1011.6,28-Sep-2026 16:00:28,999.5,N,-1.69,718708348.68,EQ,MOTILALOFS,709373,NIFTY CAPITAL MKT
3281.48,-61.4,3321,3263.5,28-Sep-2026 16:00:28,3251.7,N,-1.85,3578785369.48,EQ,MCX,1090601,NIFTY CAPITAL MKT
1298.2,-29,1318,1289,28-Sep-2026 16:00:28,1286.3,N,-2.20,1440400933.4,EQ,CDSL,1109537,NIFTY CAPITAL MKT
698.46,-15.8,709.3,691.55,28-Sep-2026 16:00:28,690.2,N,-2.23,577516063.32,EQ,CAMS,826842,NIFTY CAPITAL MKT
989.54,-26.4,1015,988.1,28-Sep-2026 16:00:28,980,N,-2.60,140311824.3,EQ,ABSLAMC,141795,NIFTY CAPITAL MKT
1051.06,-28,1074.8,1045,28-Sep-2026 16:00:28,1043.4,N,-2.61,605019565.68,EQ,360ONE,575628,NIFTY CAPITAL MKT
1631.97,-45.6,1668.9,1635.8,28-Sep-2026 16:00:28,1605.1,N,-2.71,842878233.63,EQ,NUVAMA,516479,NIFTY CAPITAL MKT
3123.63,-94,3180,3097.5,28-Sep-2026 16:00:28,3075.1,N,-2.95,12280963664.16,EQ,BSE,3931632,NIFTY CAPITAL MKT
280.11,-8.8,286.4,279.2,28-Sep-2026 16:00:28,278.05,N,-3.06,1328105710.92,EQ,ANGELONE,4741372,NIFTY CAPITAL MKT
2316.54,-75.7,2366.2,2302.3,28-Sep-2026 16:00:28,2300.7,N,-3.18,2032564627.56,EQ,HDFCAMC,877414,NIFTY CAPITAL MKT
1106.4,-63.1,1155,1093.9,28-Sep-2026 16:00:28,1091.3,N,-5.45,1117668684,EQ,NAM-INDIA,1010185,NIFTY CAPITAL MKT
34.45,0.69,35.08,34.98,28-Sep-2026 16:00:28,33.81,N,2.01,512546789.95,EQ,MSUMI,14877991,NIFTY EV
3185.92,34.1,3280,3240.2,28-Sep-2026 16:00:28,3157,N,1.06,114087795.2,EQ,LTTS,35810,NIFTY EV
703.2,4.45,709.7,707.5,28-Sep-2026 16:00:28,691.2,N,0.63,619240029.6,EQ,TATATECH,880603,NIFTY EV
4436.24,25.5,4488,4466.9,28-Sep-2026 16:00:28,4380,N,0.57,150348609.84,EQ,FLUOROCHEM,33891,NIFTY EV
5353.74,30,5390.5,5390,28-Sep-2026 16:00:28,5306,N,0.56,1823162619.6,EQ,HEROMOTOCO,340540,NIFTY EV
3187.06,4.1,3212.6,3191,28-Sep-2026 16:00:28,3161.7,N,0.13,517658220.5,EQ,TATAELXSI,162425,NIFTY EV
12017.34,-57,12116,12008,28-Sep-2026 16:00:28,11944,N,-0.47,3627193732.2,EQ,MARUTI,301830,NIFTY EV
652.14,-3.25,676.4,640.5,28-Sep-2026 16:00:28,635.6,N,-0.50,1491417442.26,EQ,TATACHEM,2286959,NIFTY EV
672.89,-4.75,678.75,674.1,28-Sep-2026 16:00:28,668.15,N,-0.70,85310339.98,EQ,MINDACORP,126782,NIFTY EV
2331.08,-20.3,2354,2333.9,28-Sep-2026 16:00:28,2315.3,N,-0.86,214818346.32,EQ,ZFCVINDIA,92154,NIFTY EV
671.49,-6.75,678.95,672,28-Sep-2026 16:00:28,666.6,N,-0.99,934616042.46,EQ,HSCL,1391854,NIFTY EV
3976.27,-47.7,4009.9,3960,28-Sep-2026 16:00:28,3941,N,-1.19,88416339.72,EQ,SCHAEFFLER,22236,NIFTY EV
2992.85,-40,3019.9,2995,28-Sep-2026 16:00:28,2977.6,N,-1.32,6221009838.4,EQ,M&M,2078624,NIFTY EV
4100.22,-62.3,4164,4095,28-Sep-2026 16:00:28,4057.6,N,-1.50,2354575936.32,EQ,TVSMOTOR,574256,NIFTY EV
223.52,-3.74,226.73,222.99,28-Sep-2026 16:00:28,221.85,N,-1.65,140317809.28,EQ,JWL,627764,NIFTY EV
17158.59,-288,17359,17100,28-Sep-2026 16:00:28,17042,N,-1.66,1071365201.01,EQ,FORCEMOT,62439,NIFTY EV
38.21,-0.64,38.95,37.84,28-Sep-2026 16:00:28,37.68,N,-1.66,3207125590.95,EQ,OLAELEC,83934195,NIFTY EV
432.92,-7.5,441.5,434,28-Sep-2026 16:00:28,430.2,N,-1.70,1960392934.76,EQ,TMCV,4528303,NIFTY EV
576.22,-10.1,586.35,576.5,28-Sep-2026 16:00:28,568.75,N,-1.72,75693987.86,EQ,JBMA,131363,NIFTY EV
7239.21,-146.5,7323,7213.5,28-Sep-2026 16:00:28,7189,N,-1.99,3062757727.59,EQ,EICHERMOT,423079,NIFTY EV
510.56,-10.4,519,509,28-Sep-2026 16:00:28,506,N,-2.00,457903394.4,EQ,KPITTECH,896865,NIFTY EV
818.15,-16.6,827.9,807.9,28-Sep-2026 16:00:28,805.1,N,-2.01,2959206006.2,EQ,SONACOMS,3616948,NIFTY EV
162.86,-3.34,165.49,162.37,28-Sep-2026 16:00:28,161.3,N,-2.02,1586067645.26,EQ,MOTHERSON,9738841,NIFTY EV
2465.91,-52.1,2523.2,2459,28-Sep-2026 16:00:28,2443.9,N,-2.07,541252449.54,EQ,TIINDIA,219494,NIFTY EV
778.45,-17.75,794.6,774.2,28-Sep-2026 16:00:28,772.65,N,-2.24,281482070.85,EQ,ARE&M,361593,NIFTY EV
11068.11,-257,11270,11024,28-Sep-2026 16:00:28,10953,N,-2.28,2671111258.74,EQ,BAJAJ-AUTO,241334,NIFTY EV
1205.86,-28.4,1219.7,1197.6,28-Sep-2026 16:00:28,1197,N,-2.32,16402528565.14,EQ,RELIANCE,13602349,NIFTY EV
1176.99,-28.2,1204,1179,28-Sep-2026 16:00:28,1166.4,N,-2.34,393566624.16,EQ,OLECTRA,334384,NIFTY EV
872.19,-21,885.95,865,28-Sep-2026 16:00:28,863.3,N,-2.37,1638700226.46,EQ,CGPOWER,1878834,NIFTY EV
156.02,-3.86,158.88,155.22,28-Sep-2026 16:00:28,154.7,N,-2.43,1905647938.52,EQ,ASHOKLEY,12214126,NIFTY EV
1970.8,-51,1994.5,1957,28-Sep-2026 16:00:28,1951.2,N,-2.54,1149159684.4,EQ,BHARATFORG,583093,NIFTY EV
47203.46,-1230,48010,47020,28-Sep-2026 16:00:28,46910,N,-2.55,718011830.06,EQ,BOSCHLTD,15211,NIFTY EV
1476.51,-42.1,1520,1454.9,28-Sep-2026 16:00:28,1450,N,-2.81,4505421137.49,EQ,ATHERENERG,3051399,NIFTY EV
416.07,-12.65,422.65,411,28-Sep-2026 16:00:28,411,N,-2.99,393658805.52,EQ,EXIDEIND,946136,NIFTY EV
284.03,-8.7,291.2,281.75,28-Sep-2026 16:00:28,280.2,N,-3.00,3994351950.02,EQ,TMPV,14063134,NIFTY EV
2059.8,-64.3,2113,2050.7,28-Sep-2026 16:00:28,2040.5,N,-3.04,1112106618,EQ,HYUNDAI,539910,NIFTY EV
4567.97,-157.5,4668.5,4516,28-Sep-2026 16:00:28,4510.5,N,-3.37,1003386586.29,EQ,KEI,219657,NIFTY EV
1187.77,-45,1214.2,1173,28-Sep-2026 16:00:28,1167.2,N,-3.69,719175730.68,EQ,UNOMINDA,605484,NIFTY EV
188.83,4.27,195.3,185.1,28-Sep-2026 16:00:28,178.19,N,2.36,7261796411.02,EQ,FIRSTCRY,38456794,NIFTY NEW CONSUMP
13560.61,250,13766,13640,28-Sep-2026 16:00:28,13234,N,1.87,7745942477.49,EQ,DIXON,571209,NIFTY NEW CONSUMP
1131.77,17.3,1144.5,1135.5,28-Sep-2026 16:00:28,1120.2,N,1.55,1056409962.78,EQ,VOLTAS,933414,NIFTY NEW CONSUMP
3173.43,40.4,3235,3225,28-Sep-2026 16:00:28,3133.2,N,1.27,527201925.9,EQ,ICICIAMC,166130,NIFTY NEW CONSUMP
1574.23,10.4,1593.5,1575.4,28-Sep-2026 16:00:28,1562.3,N,0.66,2325671373.97,EQ,BLUESTARCO,1477339,NIFTY NEW CONSUMP
5353.74,30,5390.5,5390,28-Sep-2026 16:00:28,5306,N,0.56,1823162619.6,EQ,HEROMOTOCO,340540,NIFTY NEW CONSUMP
6974.82,30,7038.5,6990,28-Sep-2026 16:00:28,6880,N,0.43,865693733.94,EQ,AMBER,124117,NIFTY NEW CONSUMP
1731.23,5.6,1741.5,1731,28-Sep-2026 16:00:28,1713.3,N,0.32,1033520072.78,EQ,LGEINDIA,596986,NIFTY NEW CONSUMP
1631.15,3.9,1646,1646,28-Sep-2026 16:00:28,1620,N,0.24,49009532.9,EQ,INDIAMART,30046,NIFTY NEW CONSUMP
292.99,0.3,296.95,295,28-Sep-2026 16:00:28,289.3,N,0.10,44140701.44,EQ,EIHOTEL,150656,NIFTY NEW CONSUMP
218.26,0.2,221.3,218.8,28-Sep-2026 16:00:28,214.51,N,0.09,548110008.46,EQ,CROMPTON,2511271,NIFTY NEW CONSUMP
1250.45,-0.9,1263,1253.9,28-Sep-2026 16:00:28,1234.4,N,-0.07,1338511690.8,EQ,NAUKRI,1070424,NIFTY NEW CONSUMP
76.77,-0.26,77.63,76.61,28-Sep-2026 16:00:28,76.07,N,-0.34,854564410.53,EQ,ZEEL,11131489,NIFTY NEW CONSUMP
12017.34,-57,12116,12008,28-Sep-2026 16:00:28,11944,N,-0.47,3627193732.2,EQ,MARUTI,301830,NIFTY NEW CONSUMP
1457.51,-7,1470.8,1470.8,28-Sep-2026 16:00:28,1437.4,N,-0.47,840951204.78,EQ,PRESTIGE,576978,NIFTY NEW CONSUMP
37473.68,-195,37680,37500,28-Sep-2026 16:00:28,37280,N,-0.52,589910670.56,EQ,PAGEIND,15742,NIFTY NEW CONSUMP
911.57,-5,932,913.9,28-Sep-2026 16:00:28,889.85,N,-0.54,3773927147.1,EQ,WHIRLPOOL,4140030,NIFTY NEW CONSUMP
1101.1,-6.4,1112,1100,28-Sep-2026 16:00:28,1087.2,N,-0.58,93817023.3,EQ,KPRMILL,85203,NIFTY NEW CONSUMP
1774.11,-14,1784.3,1771.4,28-Sep-2026 16:00:28,1763.7,N,-0.78,8309109827.07,EQ,BHARTIARTL,4683537,NIFTY NEW CONSUMP
3803.09,-30.7,3833,3803.5,28-Sep-2026 16:00:28,3781,N,-0.80,1375577653,EQ,DMART,361700,NIFTY NEW CONSUMP
103.95,-2.09,106.15,104.06,28-Sep-2026 16:00:28,102.96,N,-1.97,260004313.8,EQ,LEMONTREE,2501244,NIFTY NEW CONSUMP
160.13,-3.2,161.95,158.7,28-Sep-2026 16:00:28,158.3,N,-1.98,213879395.93,EQ,ITCHOTELS,1335661,NIFTY NEW CONSUMP
7239.21,-146.5,7323,7213.5,28-Sep-2026 16:00:28,7189,N,-1.99,3062757727.59,EQ,EICHERMOT,423079,NIFTY NEW CONSUMP
715.18,-15.8,726.75,711,28-Sep-2026 16:00:28,710.3,N,-2.17,1960354866.7,EQ,INDHOTEL,2741065,NIFTY NEW CONSUMP
512.18,-11.5,521,507,28-Sep-2026 16:00:28,505.1,N,-2.22,259110325.46,EQ,PGEL,505897,NIFTY NEW CONSUMP
1642.35,-38.2,1678.1,1635.8,28-Sep-2026 16:00:28,1625.7,N,-2.28,6598474522.05,EQ,PAYTM,4017703,NIFTY NEW CONSUMP
11068.11,-257,11270,11024,28-Sep-2026 16:00:28,10953,N,-2.28,2671111258.74,EQ,BAJAJ-AUTO,241334,NIFTY NEW CONSUMP
1231.13,-30.6,1257.4,1224,28-Sep-2026 16:00:28,1219,N,-2.44,488047016.86,EQ,PVRINOX,396422,NIFTY NEW CONSUMP
326.57,-8.2,332.95,325.5,28-Sep-2026 16:00:28,324,N,-2.46,1144345040.38,EQ,NYKAA,3504134,NIFTY NEW CONSUMP
101.64,-2.69,103.99,100.81,28-Sep-2026 16:00:28,100.2,N,-2.60,925695244.32,EQ,VMM,9107588,NIFTY NEW CONSUMP
1051.06,-28,1074.8,1045,28-Sep-2026 16:00:28,1043.4,N,-2.61,605019565.68,EQ,360ONE,575628,NIFTY NEW CONSUMP
587,-15.9,600.85,582,28-Sep-2026 16:00:28,580.35,N,-2.66,102537160,EQ,BRIGADE,174680,NIFTY NEW CONSUMP
1631.97,-45.6,1668.9,1635.8,28-Sep-2026 16:00:28,1605.1,N,-2.71,842878233.63,EQ,NUVAMA,516479,NIFTY NEW CONSUMP
131.57,-3.77,135.17,131.25,28-Sep-2026 16:00:28,128.31,N,-2.79,496807004.3,EQ,DEVYANI,3775990,NIFTY NEW CONSUMP
1476.51,-42.1,1520,1454.9,28-Sep-2026 16:00:28,1450,N,-2.81,4505421137.49,EQ,ATHERENERG,3051399,NIFTY NEW CONSUMP
668.03,-19.45,680,663.55,28-Sep-2026 16:00:28,663.55,N,-2.85,1847124326.96,EQ,DLF,2765032,NIFTY NEW CONSUMP
284.03,-8.7,291.2,281.75,28-Sep-2026 16:00:28,280.2,N,-3.00,3994351950.02,EQ,TMPV,14063134,NIFTY NEW CONSUMP
2059.8,-64.3,2113,2050.7,28-Sep-2026 16:00:28,2040.5,N,-3.04,1112106618,EQ,HYUNDAI,539910,NIFTY NEW CONSUMP
280.11,-8.8,286.4,279.2,28-Sep-2026 16:00:28,278.05,N,-3.06,1328105710.92,EQ,ANGELONE,4741372,NIFTY NEW CONSUMP
217.31,-6.91,223,216.7,28-Sep-2026 16:00:28,214.61,N,-3.09,86586734.88,EQ,SAPPHIRE,398448,NIFTY NEW CONSUMP
2316.54,-75.7,2366.2,2302.3,28-Sep-2026 16:00:28,2300.7,N,-3.18,2032564627.56,EQ,HDFCAMC,877414,NIFTY NEW CONSUMP
258.89,-8.85,266.05,256,28-Sep-2026 16:00:28,255.15,N,-3.34,2968315203.94,EQ,SWIGGY,11465546,NIFTY NEW CONSUMP
661.21,-24.25,682,656,28-Sep-2026 16:00:28,651,N,-3.56,2845101995.12,EQ,LENSKART,4302872,NIFTY NEW CONSUMP
1193.04,-44.1,1231,1186.8,28-Sep-2026 16:00:28,1181.2,N,-3.58,400431945.6,EQ,ABREL,335640,NIFTY NEW CONSUMP
1442.14,-56.8,1476.2,1425,28-Sep-2026 16:00:28,1422,N,-3.83,123840888.22,EQ,BHARTIHEXA,85873,NIFTY NEW CONSUMP
2928.26,-122.6,3009,2880,28-Sep-2026 16:00:28,2860.1,N,-4.08,973868997.76,EQ,CARTRADE,332576,NIFTY NEW CONSUMP
1131.05,-47.9,1165,1117.1,28-Sep-2026 16:00:28,1115.1,N,-4.11,1309884839.7,EQ,LODHA,1158114,NIFTY NEW CONSUMP
128.89,-6.45,134.19,127.91,28-Sep-2026 16:00:28,126.41,N,-4.80,917913206.31,EQ,PWL,7121679,NIFTY NEW CONSUMP
1106.4,-63.1,1155,1093.9,28-Sep-2026 16:00:28,1091.3,N,-5.45,1117668684,EQ,NAM-INDIA,1010185,NIFTY NEW CONSUMP
13.69,-0.79,14.23,13.47,28-Sep-2026 16:00:28,13.43,N,-5.54,6852482734.96,EQ,IDEA,500546584,NIFTY NEW CONSUMP
289.44,3.35,293.05,289.85,28-Sep-2026 16:00:28,285.75,N,1.17,850204239.84,EQ,PETRONET,2937411,NIFTY MOBILITY
5353.74,30,5390.5,5390,28-Sep-2026 16:00:28,5306,N,0.56,1823162619.6,EQ,HEROMOTOCO,340540,NIFTY MOBILITY
172.34,-0.25,174.71,172.45,28-Sep-2026 16:00:28,171,N,-0.14,1930694171.14,EQ,GAIL,11202821,NIFTY MOBILITY
12017.34,-57,12116,12008,28-Sep-2026 16:00:28,11944,N,-0.47,3627193732.2,EQ,MARUTI,301830,NIFTY MOBILITY
123505.57,-615,124035,123420,28-Sep-2026 16:00:28,123195,N,-0.50,200079023.4,EQ,MRF,1620,NIFTY MOBILITY
454.46,-4.8,458.7,453.9,28-Sep-2026 16:00:28,453,N,-1.05,167453512.82,EQ,IRCTC,368467,NIFTY MOBILITY
2154.84,-24.3,2178.6,2161,28-Sep-2026 16:00:28,2148,N,-1.11,160139089.44,EQ,BALKRISIND,74316,NIFTY MOBILITY
330.29,-4.05,335.1,330.95,28-Sep-2026 16:00:28,328.45,N,-1.21,6460551339.31,EQ,ETERNAL,19560239,NIFTY MOBILITY
2992.85,-40,3019.9,2995,28-Sep-2026 16:00:28,2977.6,N,-1.32,6221009838.4,EQ,M&M,2078624,NIFTY MOBILITY
4879.88,-65.5,4933,4874.5,28-Sep-2026 16:00:28,4845,N,-1.33,2673144585.32,EQ,INDIGO,547789,NIFTY MOBILITY
4100.22,-62.3,4164,4095,28-Sep-2026 16:00:28,4057.6,N,-1.50,2354575936.32,EQ,TVSMOTOR,574256,NIFTY MOBILITY
432.92,-7.5,441.5,434,28-Sep-2026 16:00:28,430.2,N,-1.70,1960392934.76,EQ,TMCV,4528303,NIFTY MOBILITY
133.73,-2.38,135.58,133.32,28-Sep-2026 16:00:28,133.04,N,-1.75,740629905.04,EQ,IOC,5538248,NIFTY MOBILITY
7239.21,-146.5,7323,7213.5,28-Sep-2026 16:00:28,7189,N,-1.99,3062757727.59,EQ,EICHERMOT,423079,NIFTY MOBILITY
818.15,-16.6,827.9,807.9,28-Sep-2026 16:00:28,805.1,N,-2.01,2959206006.2,EQ,SONACOMS,3616948,NIFTY MOBILITY
162.86,-3.34,165.49,162.37,28-Sep-2026 16:00:28,161.3,N,-2.02,1586067645.26,EQ,MOTHERSON,9738841,NIFTY MOBILITY
303.63,-6.25,308.5,302.25,28-Sep-2026 16:00:28,301,N,-2.03,854191651.95,EQ,BPCL,2813265,NIFTY MOBILITY
2465.91,-52.1,2523.2,2459,28-Sep-2026 16:00:28,2443.9,N,-2.07,541252449.54,EQ,TIINDIA,219494,NIFTY MOBILITY
11068.11,-257,11270,11024,28-Sep-2026 16:00:28,10953,N,-2.28,2671111258.74,EQ,BAJAJ-AUTO,241334,NIFTY MOBILITY
1205.86,-28.4,1219.7,1197.6,28-Sep-2026 16:00:28,1197,N,-2.32,16402528565.14,EQ,RELIANCE,13602349,NIFTY MOBILITY
156.02,-3.86,158.88,155.22,28-Sep-2026 16:00:28,154.7,N,-2.43,1905647938.52,EQ,ASHOKLEY,12214126,NIFTY MOBILITY
344.58,-8.55,349.35,342.45,28-Sep-2026 16:00:28,340.45,N,-2.44,1399919997.3,EQ,HINDPETRO,4062685,NIFTY MOBILITY
1750.94,-44.3,1791.8,1743.7,28-Sep-2026 16:00:28,1736.6,N,-2.48,2210694821.44,EQ,ADANIPORTS,1262576,NIFTY MOBILITY
453,-11.5,461.45,450,28-Sep-2026 16:00:28,449,N,-2.49,396282135,EQ,CONCOR,874795,NIFTY MOBILITY
1970.8,-51,1994.5,1957,28-Sep-2026 16:00:28,1951.2,N,-2.54,1149159684.4,EQ,BHARATFORG,583093,NIFTY MOBILITY
47203.46,-1230,48010,47020,28-Sep-2026 16:00:28,46910,N,-2.55,718011830.06,EQ,BOSCHLTD,15211,NIFTY MOBILITY
284.03,-8.7,291.2,281.75,28-Sep-2026 16:00:28,280.2,N,-3.00,3994351950.02,EQ,TMPV,14063134,NIFTY MOBILITY
2059.8,-64.3,2113,2050.7,28-Sep-2026 16:00:28,2040.5,N,-3.04,1112106618,EQ,HYUNDAI,539910,NIFTY MOBILITY
95.12,-3.2,97.5,94.75,28-Sep-2026 16:00:28,94.06,N,-3.27,602580444,EQ,GMRAIRPORT,6334950,NIFTY MOBILITY
258.89,-8.85,266.05,256,28-Sep-2026 16:00:28,255.15,N,-3.34,2968315203.94,EQ,SWIGGY,11465546,NIFTY MOBILITY
13560.61,250,13766,13640,28-Sep-2026 16:00:28,13234,N,1.87,7745942477.49,EQ,DIXON,571209,NIFTY COREHOUSING
1131.77,17.3,1144.5,1135.5,28-Sep-2026 16:00:28,1120.2,N,1.55,1056409962.78,EQ,VOLTAS,933414,NIFTY COREHOUSING
1574.23,10.4,1593.5,1575.4,28-Sep-2026 16:00:28,1562.3,N,0.66,2325671373.97,EQ,BLUESTARCO,1477339,NIFTY COREHOUSING
6974.82,30,7038.5,6990,28-Sep-2026 16:00:28,6880,N,0.43,865693733.94,EQ,AMBER,124117,NIFTY COREHOUSING
218.26,0.2,221.3,218.8,28-Sep-2026 16:00:28,214.51,N,0.09,548110008.46,EQ,CROMPTON,2511271,NIFTY COREHOUSING
4985.61,3.5,5050,5003.5,28-Sep-2026 16:00:28,4954.5,N,0.07,68811389.22,EQ,JKCEMENT,13802,NIFTY COREHOUSING
568.95,-1.85,574.7,564.15,28-Sep-2026 16:00:28,562.5,N,-0.33,1663171139.55,EQ,LICHSGFIN,2923229,NIFTY COREHOUSING
1457.51,-7,1470.8,1470.8,28-Sep-2026 16:00:28,1437.4,N,-0.47,840951204.78,EQ,PRESTIGE,576978,NIFTY COREHOUSING
82.46,-0.62,83.14,82.52,28-Sep-2026 16:00:28,82,N,-0.75,237132943.18,EQ,BAJAJHFL,2875733,NIFTY COREHOUSING
1088.16,-9.9,1098.1,1085,28-Sep-2026 16:00:28,1065.4,N,-0.90,1075464437.28,EQ,PNBHOUSING,988333,NIFTY COREHOUSING
2422.69,-24,2441.6,2420,28-Sep-2026 16:00:28,2412.9,N,-0.98,2659517638.26,EQ,ASIANPAINT,1097754,NIFTY COREHOUSING
850.34,-8.55,869.75,859,28-Sep-2026 16:00:28,845.7,N,-0.99,64779751.54,EQ,RAMCOCEM,76181,NIFTY COREHOUSING
1081.51,-11.5,1099.9,1085,28-Sep-2026 16:00:28,1074.5,N,-1.05,795083973.11,EQ,HAVELLS,735161,NIFTY COREHOUSING
455.45,-4.85,458.85,453.5,28-Sep-2026 16:00:28,450.3,N,-1.06,161590016.4,EQ,BERGEPAINT,354792,NIFTY COREHOUSING
11013.06,-130,11155,11025,28-Sep-2026 16:00:28,10978,N,-1.17,3654254451.66,EQ,ULTRACEMCO,331811,NIFTY COREHOUSING
3147.9,-41,3186,3150,28-Sep-2026 16:00:28,3138,N,-1.28,2351119291.5,EQ,GRASIM,746885,NIFTY COREHOUSING
1950.24,-26.2,1973.1,1952.2,28-Sep-2026 16:00:28,1940.1,N,-1.32,301598765.28,EQ,PHOENIXLTD,154647,NIFTY COREHOUSING
1840.06,-28.5,1855,1830,28-Sep-2026 16:00:28,1821.1,N,-1.53,670221614.34,EQ,OBEROIRLTY,364239,NIFTY COREHOUSING
22162.99,-350,22340,22170,28-Sep-2026 16:00:28,22055,N,-1.55,376815155.98,EQ,SHREECEM,17002,NIFTY COREHOUSING
1678.61,-30.3,1708,1669.8,28-Sep-2026 16:00:28,1667,N,-1.78,709031435.12,EQ,GODREJPROP,422392,NIFTY COREHOUSING
1217.59,-22.4,1236.4,1214,28-Sep-2026 16:00:28,1210.8,N,-1.81,184609778.21,EQ,ACC,151619,NIFTY COREHOUSING
512.18,-11.5,521,507,28-Sep-2026 16:00:28,505.1,N,-2.22,259110325.46,EQ,PGEL,505897,NIFTY COREHOUSING
376.47,-9.45,383.8,374.35,28-Sep-2026 16:00:28,374,N,-2.46,622554886.08,EQ,AMBUJACEM,1653664,NIFTY COREHOUSING
1197.23,-30.1,1217.7,1188,28-Sep-2026 16:00:28,1185.6,N,-2.47,135627003.32,EQ,KAJARIACER,113284,NIFTY COREHOUSING
8233.58,-217.5,8400,8191,28-Sep-2026 16:00:28,8180,N,-2.59,2262950061.52,EQ,POLYCAB,274844,NIFTY COREHOUSING
587,-15.9,600.85,582,28-Sep-2026 16:00:28,580.35,N,-2.66,102537160,EQ,BRIGADE,174680,NIFTY COREHOUSING
1664.07,-48.2,1698.5,1652,28-Sep-2026 16:00:28,1650,N,-2.83,151496932.8,EQ,DALBHARAT,91040,NIFTY COREHOUSING
668.03,-19.45,680,663.55,28-Sep-2026 16:00:28,663.55,N,-2.85,1847124326.96,EQ,DLF,2765032,NIFTY COREHOUSING
4567.97,-157.5,4668.5,4516,28-Sep-2026 16:00:28,4510.5,N,-3.37,1003386586.29,EQ,KEI,219657,NIFTY COREHOUSING
1131.05,-47.9,1165,1117.1,28-Sep-2026 16:00:28,1115.1,N,-4.11,1309884839.7,EQ,LODHA,1158114,NIFTY COREHOUSING
13560.61,250,13766,13640,28-Sep-2026 16:00:28,13234,N,1.87,7745942477.49,EQ,DIXON,571209,NIFTY HOUSING
1131.77,17.3,1144.5,1135.5,28-Sep-2026 16:00:28,1120.2,N,1.55,1056409962.78,EQ,VOLTAS,933414,NIFTY HOUSING
289.44,3.35,293.05,289.85,28-Sep-2026 16:00:28,285.75,N,1.17,850204239.84,EQ,PETRONET,2937411,NIFTY HOUSING
324.3,3,327.3,325,28-Sep-2026 16:00:28,320.5,N,0.93,2535824609.7,EQ,FEDERALBNK,7819379,NIFTY HOUSING
1574.23,10.4,1593.5,1575.4,28-Sep-2026 16:00:28,1562.3,N,0.66,2325671373.97,EQ,BLUESTARCO,1477339,NIFTY HOUSING
218.26,0.2,221.3,218.8,28-Sep-2026 16:00:28,214.51,N,0.09,548110008.46,EQ,CROMPTON,2511271,NIFTY HOUSING
4985.61,3.5,5050,5003.5,28-Sep-2026 16:00:28,4954.5,N,0.07,68811389.22,EQ,JKCEMENT,13802,NIFTY HOUSING
901.23,-2.5,913,909.7,28-Sep-2026 16:00:28,889.4,N,-0.27,1617612319.62,EQ,INDUSINDBK,1794894,NIFTY HOUSING
745.42,-2.15,756,746.1,28-Sep-2026 16:00:28,738.5,N,-0.29,953178244.46,EQ,JSL,1278713,NIFTY HOUSING
568.95,-1.85,574.7,564.15,28-Sep-2026 16:00:28,562.5,N,-0.33,1663171139.55,EQ,LICHSGFIN,2923229,NIFTY HOUSING
185.38,-0.8,188.22,184.2,28-Sep-2026 16:00:28,182.76,N,-0.43,2652973180,EQ,SAIL,14311000,NIFTY HOUSING
1457.51,-7,1470.8,1470.8,28-Sep-2026 16:00:28,1437.4,N,-0.47,840951204.78,EQ,PRESTIGE,576978,NIFTY HOUSING
399.72,-2.45,403.7,401.55,28-Sep-2026 16:00:28,395.75,N,-0.61,6020844456.6,EQ,KOTAKBANK,15062655,NIFTY HOUSING
186.68,-1.67,188.58,186.3,28-Sep-2026 16:00:28,185.25,N,-0.89,2544241371.88,EQ,TATASTEEL,13628891,NIFTY HOUSING
2422.69,-24,2441.6,2420,28-Sep-2026 16:00:28,2412.9,N,-0.98,2659517638.26,EQ,ASIANPAINT,1097754,NIFTY HOUSING
1262.17,-12.9,1278.4,1264.1,28-Sep-2026 16:00:28,1254.1,N,-1.01,1535437378.02,EQ,JSWSTEEL,1216506,NIFTY HOUSING
1209.62,-12.5,1217.8,1209.9,28-Sep-2026 16:00:28,1205,N,-1.02,5771700620.38,EQ,AXISBANK,4771499,NIFTY HOUSING
1081.51,-11.5,1099.9,1085,28-Sep-2026 16:00:28,1074.5,N,-1.05,795083973.11,EQ,HAVELLS,735161,NIFTY HOUSING
1238.32,-14.6,1256,1240,28-Sep-2026 16:00:28,1234.6,N,-1.16,108964730.08,EQ,TORNTPOWER,87994,NIFTY HOUSING
11013.06,-130,11155,11025,28-Sep-2026 16:00:28,10978,N,-1.17,3654254451.66,EQ,ULTRACEMCO,331811,NIFTY HOUSING
3147.9,-41,3186,3150,28-Sep-2026 16:00:28,3138,N,-1.28,2351119291.5,EQ,GRASIM,746885,NIFTY HOUSING
1950.24,-26.2,1973.1,1952.2,28-Sep-2026 16:00:28,1940.1,N,-1.32,301598765.28,EQ,PHOENIXLTD,154647,NIFTY HOUSING
362.36,-5.6,366.75,361.9,28-Sep-2026 16:00:28,360.1,N,-1.52,1080697753.32,EQ,TATAPOWER,2982387,NIFTY HOUSING
1840.06,-28.5,1855,1830,28-Sep-2026 16:00:28,1821.1,N,-1.53,670221614.34,EQ,OBEROIRLTY,364239,NIFTY HOUSING
22162.99,-350,22340,22170,28-Sep-2026 16:00:28,22055,N,-1.55,376815155.98,EQ,SHREECEM,17002,NIFTY HOUSING
322.24,-5.5,326.6,321.1,28-Sep-2026 16:00:28,320.2,N,-1.68,1927669326.08,EQ,NTPC,5982092,NIFTY HOUSING
1678.61,-30.3,1708,1669.8,28-Sep-2026 16:00:28,1667,N,-1.78,709031435.12,EQ,GODREJPROP,422392,NIFTY HOUSING
1305.49,-24.8,1323.8,1302,28-Sep-2026 16:00:28,1300,N,-1.87,8261070223.54,EQ,ICICIBANK,6327946,NIFTY HOUSING
74.92,-1.5,75.9,74.5,28-Sep-2026 16:00:28,74.3,N,-1.97,416592060.64,EQ,NHPC,5560492,NIFTY HOUSING
204,-4.25,206.38,202.75,28-Sep-2026 16:00:28,202,N,-2.05,520203876,EQ,RVNL,2550019,NIFTY HOUSING
963.87,-21,982.5,962,28-Sep-2026 16:00:28,956.1,N,-2.14,9490886680.02,EQ,SBIN,9846646,NIFTY HOUSING
1142.27,-25.2,1160,1139.6,28-Sep-2026 16:00:28,1133.2,N,-2.16,815523666.5,EQ,JINDALSTEL,713950,NIFTY HOUSING
722.13,-16.55,733,719.05,28-Sep-2026 16:00:28,718.1,N,-2.25,15652585863.27,EQ,HDFCBANK,21675579,NIFTY HOUSING
498.89,-11.55,506.4,495,28-Sep-2026 16:00:28,493.05,N,-2.28,789744865.56,EQ,JSWENERGY,1583004,NIFTY HOUSING
376.47,-9.45,383.8,374.35,28-Sep-2026 16:00:28,374,N,-2.46,622554886.08,EQ,AMBUJACEM,1653664,NIFTY HOUSING
8233.58,-217.5,8400,8191,28-Sep-2026 16:00:28,8180,N,-2.59,2262950061.52,EQ,POLYCAB,274844,NIFTY HOUSING
3798.29,-109.8,3858.2,3766.4,28-Sep-2026 16:00:28,3766.4,N,-2.83,5171755462.29,EQ,LT,1361601,NIFTY HOUSING
668.03,-19.45,680,663.55,28-Sep-2026 16:00:28,663.55,N,-2.85,1847124326.96,EQ,DLF,2765032,NIFTY HOUSING
198.16,-6.61,203.64,196.14,28-Sep-2026 16:00:28,195.36,N,-3.26,4412283865.04,EQ,ADANIPOWER,22266269,NIFTY HOUSING
229.76,-7.76,234.99,227.5,28-Sep-2026 16:00:28,227.5,N,-3.30,1615546641.28,EQ,BANKBARODA,7031453,NIFTY HOUSING
4567.97,-157.5,4668.5,4516,28-Sep-2026 16:00:28,4510.5,N,-3.37,1003386586.29,EQ,KEI,219657,NIFTY HOUSING
113.62,-4,116.55,112.6,28-Sep-2026 16:00:28,112.07,N,-3.43,1619102838.34,EQ,PNB,14250157,NIFTY HOUSING
121.71,-4.34,124.68,120.65,28-Sep-2026 16:00:28,120.26,N,-3.47,1980500902.74,EQ,CANBK,16272294,NIFTY HOUSING
812.21,-29.55,832.35,802.45,28-Sep-2026 16:00:28,801,N,-3.55,606398422.63,EQ,INDIANB,746603,NIFTY HOUSING
1307.74,-50.6,1338,1287.9,28-Sep-2026 16:00:28,1283,N,-3.78,1608826211.16,EQ,ADANIENSOL,1230234,NIFTY HOUSING
81.23,-3.25,83.5,80.55,28-Sep-2026 16:00:28,80.45,N,-3.88,1710966822.74,EQ,IDFCFIRSTB,21063238,NIFTY HOUSING
1131.05,-47.9,1165,1117.1,28-Sep-2026 16:00:28,1115.1,N,-4.11,1309884839.7,EQ,LODHA,1158114,NIFTY HOUSING
173.72,-8.45,178.99,171.75,28-Sep-2026 16:00:28,171.55,N,-4.69,1480674451.08,EQ,UNIONBANK,8523339,NIFTY HOUSING
1250.13,-61.6,1295.4,1235,28-Sep-2026 16:00:28,1225.6,N,-4.75,2274516525.12,EQ,ADANIGREEN,1819424,NIFTY HOUSING
21.51,-1.32,22.38,21.18,28-Sep-2026 16:00:28,21.11,N,-5.87,2633161298.31,EQ,YESBANK,122415681,NIFTY HOUSING
33.91,3.15,34.66,34.66,28-Sep-2026 16:00:28,32.24,N,10.00,799335506.15,EQ,AHCL,23572265,NIFTY IPO
956.05,87.75,965.65,965.65,28-Sep-2026 16:00:28,896,N,10.00,936580997.8,EQ,AUGMONT,979636,NIFTY IPO
38.9,3.24,39.95,39.6,28-Sep-2026 16:00:28,37.03,N,8.91,85598555.3,EQ,AASTHA,2200477,NIFTY IPO
378.59,29.6,391,390,28-Sep-2026 16:00:28,356,N,8.21,1345425191.61,EQ,MPIMANIPAL,3553779,NIFTY IPO
260,14.7,274,260.75,28-Sep-2026 16:00:28,246.96,N,5.97,8753560660,EQ,AEQUS,33667541,NIFTY IPO
1051.03,52.25,1074.95,1055.6,28-Sep-2026 16:00:28,1001,N,5.21,1787335372.68,EQ,SYMBIOTEC,1700556,NIFTY IPO
455.52,16.15,465,458.05,28-Sep-2026 16:00:28,440.55,N,3.65,295334114.4,EQ,TRUALT,648345,NIFTY IPO
51.07,1.67,52.4,52.19,28-Sep-2026 16:00:28,50,N,3.31,257459037.79,EQ,HORIZONIND,5041297,NIFTY IPO
47.6,1.52,48.6,48,28-Sep-2026 16:00:28,46.44,N,3.27,3046733.2,EQ,VMSTMT,64007,NIFTY IPO
446.27,10.55,459.2,448,28-Sep-2026 16:00:28,431.85,N,2.41,179658484.06,EQ,SUNSHINE,402578,NIFTY IPO
3516.99,80.3,3595,3525.2,28-Sep-2026 16:00:28,3370,N,2.33,2318526419.64,EQ,SEDEMAC,659236,NIFTY IPO
222.21,3.94,227,218,28-Sep-2026 16:00:28,215.05,N,1.84,213847571.07,EQ,SHRINGARMS,962367,NIFTY IPO
32.83,0.54,33.45,32.57,28-Sep-2026 16:00:28,32.28,N,1.69,451802750.21,EQ,BHARATCOAL,13761887,NIFTY IPO
523.16,8.55,529.4,525.4,28-Sep-2026 16:00:28,513.15,N,1.65,222203316.28,EQ,CMLL,424733,NIFTY IPO
271.55,3.95,275.15,270,28-Sep-2026 16:00:28,261.95,N,1.48,301869100.6,EQ,JNPR,1111652,NIFTY IPO
3173.43,40.4,3235,3225,28-Sep-2026 16:00:28,3133.2,N,1.27,527201925.9,EQ,ICICIAMC,166130,NIFTY IPO
505.48,5.1,518,509.05,28-Sep-2026 16:00:28,492.1,N,1.01,48287493.44,EQ,SAIPARENT,95528,NIFTY IPO
756.92,7,773.9,763,28-Sep-2026 16:00:28,731,N,0.93,362885614.08,EQ,PRASOLCHEM,479424,NIFTY IPO
3751.53,34.2,3833.9,3721.7,28-Sep-2026 16:00:28,3710,N,0.93,618462229.68,EQ,CPPLUS,164856,NIFTY IPO
92.86,0.78,94.95,91.32,28-Sep-2026 16:00:28,90.4,N,0.86,224847675.32,EQ,VIDYAWIRES,2421362,NIFTY IPO
136.63,-4.72,139.75,135.2,28-Sep-2026 16:00:28,135,N,-3.37,136662517.94,EQ,LEAPIND,1000238,NIFTY IPO
515.53,-18.35,529.3,511.55,28-Sep-2026 16:00:28,509,N,-3.46,22213672.17,EQ,SMARTWORKS,43089,NIFTY IPO
1533.6,-55.5,1578,1505,28-Sep-2026 16:00:28,1494,N,-3.56,1091266819.2,EQ,DHOOTTRANS,711572,NIFTY IPO
661.21,-24.25,682,656,28-Sep-2026 16:00:28,651,N,-3.56,2845101995.12,EQ,LENSKART,4302872,NIFTY IPO
119,-4.4,124.75,117.66,28-Sep-2026 16:00:28,117.52,N,-3.60,10899924,EQ,LAXMIINDIA,91596,NIFTY IPO
585.45,-21.75,604.75,577.7,28-Sep-2026 16:00:28,572.9,N,-3.63,91418602.95,EQ,CAPILLARY,156151,NIFTY IPO
265.94,-9.9,273.95,262.2,28-Sep-2026 16:00:28,261.5,N,-3.64,126143054.26,EQ,LASERPOWER,474329,NIFTY IPO
675.39,-25.65,696.65,671,28-Sep-2026 16:00:28,667.25,N,-3.68,206718643.47,EQ,NEPHROPLUS,306073,NIFTY IPO
514.17,-19.85,531,505,28-Sep-2026 16:00:28,502.45,N,-3.78,60009809.04,EQ,PNGSREVA,116712,NIFTY IPO
98.94,-3.9,102.8,98.45,28-Sep-2026 16:00:28,97.5,N,-3.81,9369914.82,EQ,CSM,94703,NIFTY IPO
1242.62,-48.95,1272.15,1227,28-Sep-2026 16:00:28,1215.1,N,-3.84,1555174965.98,EQ,INDOMIM,1251529,NIFTY IPO
203.64,-8.47,212.07,201,28-Sep-2026 16:00:28,200,N,-4.04,94157637.72,EQ,AEROPLANE,462373,NIFTY IPO
1625.85,-68.3,1685.9,1608,28-Sep-2026 16:00:28,1575.1,N,-4.07,349891049.25,EQ,RUBICON,215205,NIFTY IPO
431.89,-18.2,445.05,424.75,28-Sep-2026 16:00:28,422,N,-4.11,50606278.86,EQ,JARO,117174,NIFTY IPO
212.27,-9.02,220.9,208.97,28-Sep-2026 16:00:28,207.1,N,-4.14,439700747.94,BE,LOTUSDEV,2071422,NIFTY IPO
577.37,-24.7,599.95,570,28-Sep-2026 16:00:28,567,N,-4.15,180282050.39,EQ,LCL,312247,NIFTY IPO
162.98,-7.02,171.25,161.97,28-Sep-2026 16:00:28,160,N,-4.15,817483558.96,EQ,URBANCO,5015852,NIFTY IPO
990.23,-47.5,1046.7,988,28-Sep-2026 16:00:28,975.6,N,-4.59,318821382.41,EQ,KSHINTL,321967,NIFTY IPO
310.48,-15.28,316.19,310.4,28-Sep-2026 16:00:28,302.41,N,-4.69,2289740012.72,EQ,SHANTIGOLD,7374839,NIFTY IPO
85.04,-4.14,90.2,83.1,28-Sep-2026 16:00:28,81.11,N,-4.75,542099810.8,EQ,TURTLEMINT,6374645,NIFTY IPO
128.89,-6.45,134.19,127.91,28-Sep-2026 16:00:28,126.41,N,-4.80,917913206.31,EQ,PWL,7121679,NIFTY IPO
1672.5,-88,1672.5,1672.5,28-Sep-2026 16:00:28,1672.5,N,-5.00,34383255,EQ,ESDS,20558,NIFTY IPO
292.25,-15.03,308.83,285.76,28-Sep-2026 16:00:28,285.76,N,-5.00,290821774.25,EQ,XTRANET,995113,NIFTY IPO
525.08,-29.55,539.95,516,28-Sep-2026 16:00:28,510.2,N,-5.42,25577171.88,EQ,PERNIASPOP,48711,NIFTY IPO
64.62,-3.57,66.39,62.05,28-Sep-2026 16:00:28,62,N,-5.44,7203126.78,EQ,GLOTTIS,111469,NIFTY IPO
121.7,-6.97,127.5,120,28-Sep-2026 16:00:28,118,N,-5.49,334211566.4,EQ,SKYWAYS,2746192,NIFTY IPO
833.42,-49.55,872.3,813,28-Sep-2026 16:00:28,805.1,N,-5.74,1171421815.2,EQ,KANOHAR,1405560,NIFTY IPO
205.41,-14.12,217.16,199,28-Sep-2026 16:00:28,193.2,N,-6.63,2689765277.97,EQ,DEEPA,13094617,NIFTY IPO
269,-20.28,282.44,265.95,28-Sep-2026 16:00:28,263,N,-7.09,231670332,EQ,RAMBHAJO,861228,NIFTY IPO
169.87,-15.96,182.41,167.5,28-Sep-2026 16:00:28,165.92,N,-8.70,135758914.91,EQ,RSL,799193,NIFTY IPO
13560.61,250,13766,13640,28-Sep-2026 16:00:28,13234,N,1.87,7745942477.49,EQ,DIXON,571209,NIFTY MS IND CONS
1131.77,17.3,1144.5,1135.5,28-Sep-2026 16:00:28,1120.2,N,1.55,1056409962.78,EQ,VOLTAS,933414,NIFTY MS IND CONS
1574.23,10.4,1593.5,1575.4,28-Sep-2026 16:00:28,1562.3,N,0.66,2325671373.97,EQ,BLUESTARCO,1477339,NIFTY MS IND CONS
5353.74,30,5390.5,5390,28-Sep-2026 16:00:28,5306,N,0.56,1823162619.6,EQ,HEROMOTOCO,340540,NIFTY MS IND CONS
218.26,0.2,221.3,218.8,28-Sep-2026 16:00:28,214.51,N,0.09,548110008.46,EQ,CROMPTON,2511271,NIFTY MS IND CONS
384.75,0.15,386.5,385.75,28-Sep-2026 16:00:28,381.85,N,0.04,1097197346.25,EQ,DABUR,2851715,NIFTY MS IND CONS
1250.45,-0.9,1263,1253.9,28-Sep-2026 16:00:28,1234.4,N,-0.07,1338511690.8,EQ,NAUKRI,1070424,NIFTY MS IND CONS
1457.51,-7,1470.8,1470.8,28-Sep-2026 16:00:28,1437.4,N,-0.47,840951204.78,EQ,PRESTIGE,576978,NIFTY MS IND CONS
37473.68,-195,37680,37500,28-Sep-2026 16:00:28,37280,N,-0.52,589910670.56,EQ,PAGEIND,15742,NIFTY MS IND CONS
1839.93,-9.9,1857.9,1845.9,28-Sep-2026 16:00:28,1826.8,N,-0.53,786728308.98,EQ,COLPAL,427586,NIFTY MS IND CONS
26878.9,-185,27175,26770,28-Sep-2026 16:00:28,26530,N,-0.69,148237133.5,EQ,ABBOTINDIA,5515,NIFTY MS IND CONS
807.44,-5.75,815,813.25,28-Sep-2026 16:00:28,804.2,N,-0.70,869541017.84,EQ,MARICO,1076911,NIFTY MS IND CONS
827.45,-7.1,840.2,830.75,28-Sep-2026 16:00:28,817.25,N,-0.85,2158745889.3,EQ,FORTIS,2608914,NIFTY MS IND CONS
1081.51,-11.5,1099.9,1085,28-Sep-2026 16:00:28,1074.5,N,-1.05,795083973.11,EQ,HAVELLS,735161,NIFTY MS IND CONS
454.46,-4.8,458.7,453.9,28-Sep-2026 16:00:28,453,N,-1.05,167453512.82,EQ,IRCTC,368467,NIFTY MS IND CONS
1238.32,-14.6,1256,1240,28-Sep-2026 16:00:28,1234.6,N,-1.16,108964730.08,EQ,TORNTPOWER,87994,NIFTY MS IND CONS
481.47,-5.85,485.6,478.7,28-Sep-2026 16:00:28,476.5,N,-1.21,562353589.71,EQ,JUBLFOOD,1167993,NIFTY MS IND CONS
1950.24,-26.2,1973.1,1952.2,28-Sep-2026 16:00:28,1940.1,N,-1.32,301598765.28,EQ,PHOENIXLTD,154647,NIFTY MS IND CONS
1840.06,-28.5,1855,1830,28-Sep-2026 16:00:28,1821.1,N,-1.53,670221614.34,EQ,OBEROIRLTY,364239,NIFTY MS IND CONS
563.72,-9,573.75,564,28-Sep-2026 16:00:28,559.25,N,-1.57,1499684609.92,EQ,KALYANKJIL,2660336,NIFTY MS IND CONS
2457.31,-39.3,2488.3,2435.6,28-Sep-2026 16:00:28,2430.3,N,-1.59,955480761.92,EQ,MANKIND,388832,NIFTY MS IND CONS
4517.57,-78.8,4550.7,4478.3,28-Sep-2026 16:00:28,4452.5,N,-1.73,576943382.27,EQ,RADICO,127711,NIFTY MS IND CONS
1678.61,-30.3,1708,1669.8,28-Sep-2026 16:00:28,1667,N,-1.78,709031435.12,EQ,GODREJPROP,422392,NIFTY MS IND CONS
5204.94,-99,5273.5,5175,28-Sep-2026 16:00:28,5131,N,-1.88,529415267.16,EQ,ALKEM,101714,NIFTY MS IND CONS
160.13,-3.2,161.95,158.7,28-Sep-2026 16:00:28,158.3,N,-1.98,213879395.93,EQ,ITCHOTELS,1335661,NIFTY MS IND CONS
326.57,-8.2,332.95,325.5,28-Sep-2026 16:00:28,324,N,-2.46,1144345040.38,EQ,NYKAA,3504134,NIFTY MS IND CONS
101.64,-2.69,103.99,100.81,28-Sep-2026 16:00:28,100.2,N,-2.60,925695244.32,EQ,VMM,9107588,NIFTY MS IND CONS
393.79,-13.15,403.05,390.8,28-Sep-2026 16:00:28,385.2,N,-3.26,1374935111.76,EQ,PATANJALI,3491544,NIFTY MS IND CONS
258.89,-8.85,266.05,256,28-Sep-2026 16:00:28,255.15,N,-3.34,2968315203.94,EQ,SWIGGY,11465546,NIFTY MS IND CONS
13.69,-0.79,14.23,13.47,28-Sep-2026 16:00:28,13.43,N,-5.54,6852482734.96,EQ,IDEA,500546584,NIFTY MS IND CONS
13560.61,250,13766,13640,28-Sep-2026 16:00:28,13234,N,1.87,7745942477.49,EQ,DIXON,571209,NIFTY NONCYC CONS
1131.77,17.3,1144.5,1135.5,28-Sep-2026 16:00:28,1120.2,N,1.55,1056409962.78,EQ,VOLTAS,933414,NIFTY NONCYC CONS
384.75,0.15,386.5,385.75,28-Sep-2026 16:00:28,381.85,N,0.04,1097197346.25,EQ,DABUR,2851715,NIFTY NONCYC CONS
1250.45,-0.9,1263,1253.9,28-Sep-2026 16:00:28,1234.4,N,-0.07,1338511690.8,EQ,NAUKRI,1070424,NIFTY NONCYC CONS
4894.32,-22.5,4933,4915,28-Sep-2026 16:00:28,4869,N,-0.46,1496619429.84,EQ,BRITANNIA,305787,NIFTY NONCYC CONS
37473.68,-195,37680,37500,28-Sep-2026 16:00:28,37280,N,-0.52,589910670.56,EQ,PAGEIND,15742,NIFTY NONCYC CONS
1839.93,-9.9,1857.9,1845.9,28-Sep-2026 16:00:28,1826.8,N,-0.53,786728308.98,EQ,COLPAL,427586,NIFTY NONCYC CONS
1414.98,-8.4,1420.1,1415.4,28-Sep-2026 16:00:28,1406,N,-0.59,479153262.42,EQ,UNITDSPR,338629,NIFTY NONCYC CONS
807.44,-5.75,815,813.25,28-Sep-2026 16:00:28,804.2,N,-0.70,869541017.84,EQ,MARICO,1076911,NIFTY NONCYC CONS
1774.11,-14,1784.3,1771.4,28-Sep-2026 16:00:28,1763.7,N,-0.78,8309109827.07,EQ,BHARTIARTL,4683537,NIFTY NONCYC CONS
3803.09,-30.7,3833,3803.5,28-Sep-2026 16:00:28,3781,N,-0.80,1375577653,EQ,DMART,361700,NIFTY NONCYC CONS
2422.69,-24,2441.6,2420,28-Sep-2026 16:00:28,2412.9,N,-0.98,2659517638.26,EQ,ASIANPAINT,1097754,NIFTY NONCYC CONS
1081.51,-11.5,1099.9,1085,28-Sep-2026 16:00:28,1074.5,N,-1.05,795083973.11,EQ,HAVELLS,735161,NIFTY NONCYC CONS
454.46,-4.8,458.7,453.9,28-Sep-2026 16:00:28,453,N,-1.05,167453512.82,EQ,IRCTC,368467,NIFTY NONCYC CONS
429.58,-4.8,433.5,430,28-Sep-2026 16:00:28,426.2,N,-1.10,2022136159.2,EQ,VBL,4707240,NIFTY NONCYC CONS
330.29,-4.05,335.1,330.95,28-Sep-2026 16:00:28,328.45,N,-1.21,6460551339.31,EQ,ETERNAL,19560239,NIFTY NONCYC CONS
481.47,-5.85,485.6,478.7,28-Sep-2026 16:00:28,476.5,N,-1.21,562353589.71,EQ,JUBLFOOD,1167993,NIFTY NONCYC CONS
1350.39,-16.6,1356.8,1346,28-Sep-2026 16:00:28,1343.9,N,-1.22,948547695.75,EQ,NESTLEIND,702425,NIFTY NONCYC CONS
1649.79,-21.5,1666,1645,28-Sep-2026 16:00:28,1637,N,-1.29,240552580.32,EQ,TATACOMM,145808,NIFTY NONCYC CONS
4825.69,-64.5,4881,4819.5,28-Sep-2026 16:00:28,4810,N,-1.32,3054362577.22,EQ,TITAN,632938,NIFTY NONCYC CONS
4879.88,-65.5,4933,4874.5,28-Sep-2026 16:00:28,4845,N,-1.33,2673144585.32,EQ,INDIGO,547789,NIFTY NONCYC CONS
865.59,-12,876.75,868,28-Sep-2026 16:00:28,859.5,N,-1.36,1033035788.73,EQ,GODREJCP,1193447,NIFTY NONCYC CONS
266.25,-3.8,269.3,265.2,28-Sep-2026 16:00:28,265,N,-1.41,2093624126.25,EQ,ITC,7863377,NIFTY NONCYC CONS
2629.94,-43.3,2663.8,2626,28-Sep-2026 16:00:28,2615.1,N,-1.62,1675021935.7,EQ,TRENT,636905,NIFTY NONCYC CONS
715.18,-15.8,726.75,711,28-Sep-2026 16:00:28,710.3,N,-2.17,1960354866.7,EQ,INDHOTEL,2741065,NIFTY NONCYC CONS
961.16,-23.2,983.6,960,28-Sep-2026 16:00:28,955.5,N,-2.36,1257116542.56,EQ,TATACONSUM,1307916,NIFTY NONCYC CONS
1904.3,-46.9,1933.2,1896,28-Sep-2026 16:00:28,1893.2,N,-2.41,3528437479.7,EQ,HINDUNILVR,1852879,NIFTY NONCYC CONS
326.57,-8.2,332.95,325.5,28-Sep-2026 16:00:28,324,N,-2.46,1144345040.38,EQ,NYKAA,3504134,NIFTY NONCYC CONS
101.64,-2.69,103.99,100.81,28-Sep-2026 16:00:28,100.2,N,-2.60,925695244.32,EQ,VMM,9107588,NIFTY NONCYC CONS
258.89,-8.85,266.05,256,28-Sep-2026 16:00:28,255.15,N,-3.34,2968315203.94,EQ,SWIGGY,11465546,NIFTY NONCYC CONS
13560.61,250,13766,13640,28-Sep-2026 16:00:28,13234,N,1.87,7745942477.49,EQ,DIXON,571209,NIFTY RURAL
1131.77,17.3,1144.5,1135.5,28-Sep-2026 16:00:28,1120.2,N,1.55,1056409962.78,EQ,VOLTAS,933414,NIFTY RURAL
1574.23,10.4,1593.5,1575.4,28-Sep-2026 16:00:28,1562.3,N,0.66,2325671373.97,EQ,BLUESTARCO,1477339,NIFTY RURAL
5353.74,30,5390.5,5390,28-Sep-2026 16:00:28,5306,N,0.56,1823162619.6,EQ,HEROMOTOCO,340540,NIFTY RURAL
2112.78,9.3,2170,2152,28-Sep-2026 16:00:28,2054.9,N,0.43,695081379.42,EQ,PIRAMALFIN,328989,NIFTY RURAL
529.88,0.6,534.5,531.6,28-Sep-2026 16:00:28,525.9,N,0.11,1222506813.32,EQ,HDFCLIFE,2307139,NIFTY RURAL
218.26,0.2,221.3,218.8,28-Sep-2026 16:00:28,214.51,N,0.09,548110008.46,EQ,CROMPTON,2511271,NIFTY RURAL
4985.61,3.5,5050,5003.5,28-Sep-2026 16:00:28,4954.5,N,0.07,68811389.22,EQ,JKCEMENT,13802,NIFTY RURAL
384.75,0.15,386.5,385.75,28-Sep-2026 16:00:28,381.85,N,0.04,1097197346.25,EQ,DABUR,2851715,NIFTY RURAL
547.86,-0.55,551.65,549.5,28-Sep-2026 16:00:28,542.85,N,-0.10,853228398.24,EQ,UPL,1557384,NIFTY RURAL
568.95,-1.85,574.7,564.15,28-Sep-2026 16:00:28,562.5,N,-0.33,1663171139.55,EQ,LICHSGFIN,2923229,NIFTY RURAL
4894.32,-22.5,4933,4915,28-Sep-2026 16:00:28,4869,N,-0.46,1496619429.84,EQ,BRITANNIA,305787,NIFTY RURAL
12017.34,-57,12116,12008,28-Sep-2026 16:00:28,11944,N,-0.47,3627193732.2,EQ,MARUTI,301830,NIFTY RURAL
1839.93,-9.9,1857.9,1845.9,28-Sep-2026 16:00:28,1826.8,N,-0.53,786728308.98,EQ,COLPAL,427586,NIFTY RURAL
330.68,-2.1,336.5,331,28-Sep-2026 16:00:28,326.2,N,-0.63,252411020.12,EQ,M&MFIN,763309,NIFTY RURAL
807.44,-5.75,815,813.25,28-Sep-2026 16:00:28,804.2,N,-0.70,869541017.84,EQ,MARICO,1076911,NIFTY RURAL
1774.11,-14,1784.3,1771.4,28-Sep-2026 16:00:28,1763.7,N,-0.78,8309109827.07,EQ,BHARTIARTL,4683537,NIFTY RURAL
1738.56,-13.9,1752.8,1728.1,28-Sep-2026 16:00:28,1725,N,-0.80,2325348339.84,EQ,SBILIFE,1337514,NIFTY RURAL
1088.16,-9.9,1098.1,1085,28-Sep-2026 16:00:28,1065.4,N,-0.90,1075464437.28,EQ,PNBHOUSING,988333,NIFTY RURAL
456.26,-4.3,464.2,458.7,28-Sep-2026 16:00:28,450.65,N,-0.93,617055149.2,EQ,ICICIPRULI,1352420,NIFTY RURAL
4853.65,-90,4940,4855,28-Sep-2026 16:00:28,4820,N,-1.82,2278541138.85,EQ,CUMMINSIND,469449,NIFTY RURAL
74.92,-1.5,75.9,74.5,28-Sep-2026 16:00:28,74.3,N,-1.97,416592060.64,EQ,NHPC,5560492,NIFTY RURAL
7239.21,-146.5,7323,7213.5,28-Sep-2026 16:00:28,7189,N,-1.99,3062757727.59,EQ,EICHERMOT,423079,NIFTY RURAL
1372.56,-28.5,1392.9,1370.5,28-Sep-2026 16:00:28,1363,N,-2.04,320686290.96,EQ,ASTRAL,233641,NIFTY RURAL
402.4,-8.4,408,400.65,28-Sep-2026 16:00:28,400.5,N,-2.05,2040801780,EQ,LICI,5071575,NIFTY RURAL
2353.4,-51,2398.4,2349,28-Sep-2026 16:00:28,2318.5,N,-2.13,266058930.2,EQ,PIIND,113053,NIFTY RURAL
963.87,-21,982.5,962,28-Sep-2026 16:00:28,956.1,N,-2.14,9490886680.02,EQ,SBIN,9846646,NIFTY RURAL
498.89,-11.55,506.4,495,28-Sep-2026 16:00:28,493.05,N,-2.28,789744865.56,EQ,JSWENERGY,1583004,NIFTY RURAL
11068.11,-257,11270,11024,28-Sep-2026 16:00:28,10953,N,-2.28,2671111258.74,EQ,BAJAJ-AUTO,241334,NIFTY RURAL
961.16,-23.2,983.6,960,28-Sep-2026 16:00:28,955.5,N,-2.36,1257116542.56,EQ,TATACONSUM,1307916,NIFTY RURAL
1904.3,-46.9,1933.2,1896,28-Sep-2026 16:00:28,1893.2,N,-2.41,3528437479.7,EQ,HINDUNILVR,1852879,NIFTY RURAL
156.02,-3.86,158.88,155.22,28-Sep-2026 16:00:28,154.7,N,-2.43,1905647938.52,EQ,ASHOKLEY,12214126,NIFTY RURAL
376.47,-9.45,383.8,374.35,28-Sep-2026 16:00:28,374,N,-2.46,622554886.08,EQ,AMBUJACEM,1653664,NIFTY RURAL
2780.58,-75,2810,2760,28-Sep-2026 16:00:28,2756.4,N,-2.65,2235922770.18,EQ,MUTHOOTFIN,804121,NIFTY RURAL
1664.07,-48.2,1698.5,1652,28-Sep-2026 16:00:28,1650,N,-2.83,151496932.8,EQ,DALBHARAT,91040,NIFTY RURAL
284.03,-8.7,291.2,281.75,28-Sep-2026 16:00:28,280.2,N,-3.00,3994351950.02,EQ,TMPV,14063134,NIFTY RURAL
2059.8,-64.3,2113,2050.7,28-Sep-2026 16:00:28,2040.5,N,-3.04,1112106618,EQ,HYUNDAI,539910,NIFTY RURAL
1910.93,-63.7,1954,1900.2,28-Sep-2026 16:00:28,1894,N,-3.24,111714878.73,EQ,COROMANDEL,58461,NIFTY RURAL
393.79,-13.15,403.05,390.8,28-Sep-2026 16:00:28,385.2,N,-3.26,1374935111.76,EQ,PATANJALI,3491544,NIFTY RURAL
198.16,-6.61,203.64,196.14,28-Sep-2026 16:00:28,195.36,N,-3.26,4412283865.04,EQ,ADANIPOWER,22266269,NIFTY RURAL
595.31,-20.2,610,591,28-Sep-2026 16:00:28,590.5,N,-3.30,826624844.22,EQ,SBICARD,1388562,NIFTY RURAL
229.76,-7.76,234.99,227.5,28-Sep-2026 16:00:28,227.5,N,-3.30,1615546641.28,EQ,BANKBARODA,7031453,NIFTY RURAL
113.62,-4,116.55,112.6,28-Sep-2026 16:00:28,112.07,N,-3.43,1619102838.34,EQ,PNB,14250157,NIFTY RURAL
447.17,-16.05,461.8,445.5,28-Sep-2026 16:00:28,442.05,N,-3.48,489900670.86,EQ,POONAWALLA,1095558,NIFTY RURAL
2761.91,-100.7,2847.4,2755,28-Sep-2026 16:00:28,2729.7,N,-3.53,272009468.26,EQ,ESCORTS,98486,NIFTY RURAL
812.21,-29.55,832.35,802.45,28-Sep-2026 16:00:28,801,N,-3.55,606398422.63,EQ,INDIANB,746603,NIFTY RURAL
183.51,-6.7,187,181,28-Sep-2026 16:00:28,180.6,N,-3.57,1647876858.66,EQ,BANDHANBNK,8979766,NIFTY RURAL
1250.13,-61.6,1295.4,1235,28-Sep-2026 16:00:28,1225.6,N,-4.75,2274516525.12,EQ,ADANIGREEN,1819424,NIFTY RURAL
13.69,-0.79,14.23,13.47,28-Sep-2026 16:00:28,13.43,N,-5.54,6852482734.96,EQ,IDEA,500546584,NIFTY RURAL
132.02,-7.95,137.5,129.99,28-Sep-2026 16:00:28,129.31,N,-5.76,1389009880.16,EQ,BANKINDIA,10521208,NIFTY RURAL
5353.74,30,5390.5,5390,28-Sep-2026 16:00:28,5306,N,0.56,1823162619.6,EQ,HEROMOTOCO,340540,NIFTY TRANS LOGIS
12017.34,-57,12116,12008,28-Sep-2026 16:00:28,11944,N,-0.47,3627193732.2,EQ,MARUTI,301830,NIFTY TRANS LOGIS
123505.57,-615,124035,123420,28-Sep-2026 16:00:28,123195,N,-0.50,200079023.4,EQ,MRF,1620,NIFTY TRANS LOGIS
454.46,-4.8,458.7,453.9,28-Sep-2026 16:00:28,453,N,-1.05,167453512.82,EQ,IRCTC,368467,NIFTY TRANS LOGIS
2154.84,-24.3,2178.6,2161,28-Sep-2026 16:00:28,2148,N,-1.11,160139089.44,EQ,BALKRISIND,74316,NIFTY TRANS LOGIS
3976.27,-47.7,4009.9,3960,28-Sep-2026 16:00:28,3941,N,-1.19,88416339.72,EQ,SCHAEFFLER,22236,NIFTY TRANS LOGIS
330.29,-4.05,335.1,330.95,28-Sep-2026 16:00:28,328.45,N,-1.21,6460551339.31,EQ,ETERNAL,19560239,NIFTY TRANS LOGIS
2992.85,-40,3019.9,2995,28-Sep-2026 16:00:28,2977.6,N,-1.32,6221009838.4,EQ,M&M,2078624,NIFTY TRANS LOGIS
4879.88,-65.5,4933,4874.5,28-Sep-2026 16:00:28,4845,N,-1.33,2673144585.32,EQ,INDIGO,547789,NIFTY TRANS LOGIS
4100.22,-62.3,4164,4095,28-Sep-2026 16:00:28,4057.6,N,-1.50,2354575936.32,EQ,TVSMOTOR,574256,NIFTY TRANS LOGIS
432.92,-7.5,441.5,434,28-Sep-2026 16:00:28,430.2,N,-1.70,1960392934.76,EQ,TMCV,4528303,NIFTY TRANS LOGIS
7239.21,-146.5,7323,7213.5,28-Sep-2026 16:00:28,7189,N,-1.99,3062757727.59,EQ,EICHERMOT,423079,NIFTY TRANS LOGIS
818.15,-16.6,827.9,807.9,28-Sep-2026 16:00:28,805.1,N,-2.01,2959206006.2,EQ,SONACOMS,3616948,NIFTY TRANS LOGIS
162.86,-3.34,165.49,162.37,28-Sep-2026 16:00:28,161.3,N,-2.02,1586067645.26,EQ,MOTHERSON,9738841,NIFTY TRANS LOGIS
2465.91,-52.1,2523.2,2459,28-Sep-2026 16:00:28,2443.9,N,-2.07,541252449.54,EQ,TIINDIA,219494,NIFTY TRANS LOGIS
11068.11,-257,11270,11024,28-Sep-2026 16:00:28,10953,N,-2.28,2671111258.74,EQ,BAJAJ-AUTO,241334,NIFTY TRANS LOGIS
392.13,-9.5,398.4,390.6,28-Sep-2026 16:00:28,388.3,N,-2.37,177937614.36,EQ,APOLLOTYRE,453772,NIFTY TRANS LOGIS
156.02,-3.86,158.88,155.22,28-Sep-2026 16:00:28,154.7,N,-2.43,1905647938.52,EQ,ASHOKLEY,12214126,NIFTY TRANS LOGIS
1750.94,-44.3,1791.8,1743.7,28-Sep-2026 16:00:28,1736.6,N,-2.48,2210694821.44,EQ,ADANIPORTS,1262576,NIFTY TRANS LOGIS
453,-11.5,461.45,450,28-Sep-2026 16:00:28,449,N,-2.49,396282135,EQ,CONCOR,874795,NIFTY TRANS LOGIS
1970.8,-51,1994.5,1957,28-Sep-2026 16:00:28,1951.2,N,-2.54,1149159684.4,EQ,BHARATFORG,583093,NIFTY TRANS LOGIS
47203.46,-1230,48010,47020,28-Sep-2026 16:00:28,46910,N,-2.55,718011830.06,EQ,BOSCHLTD,15211,NIFTY TRANS LOGIS
2151.72,-61.6,2199.4,2138,28-Sep-2026 16:00:28,2131,N,-2.80,1399435653.6,EQ,MAZDOCK,650380,NIFTY TRANS LOGIS
416.07,-12.65,422.65,411,28-Sep-2026 16:00:28,411,N,-2.99,393658805.52,EQ,EXIDEIND,946136,NIFTY TRANS LOGIS
284.03,-8.7,291.2,281.75,28-Sep-2026 16:00:28,280.2,N,-3.00,3994351950.02,EQ,TMPV,14063134,NIFTY TRANS LOGIS
2059.8,-64.3,2113,2050.7,28-Sep-2026 16:00:28,2040.5,N,-3.04,1112106618,EQ,HYUNDAI,539910,NIFTY TRANS LOGIS
95.12,-3.2,97.5,94.75,28-Sep-2026 16:00:28,94.06,N,-3.27,602580444,EQ,GMRAIRPORT,6334950,NIFTY TRANS LOGIS
258.89,-8.85,266.05,256,28-Sep-2026 16:00:28,255.15,N,-3.34,2968315203.94,EQ,SWIGGY,11465546,NIFTY TRANS LOGIS
408.18,-15.2,421.9,407.5,28-Sep-2026 16:00:28,405.05,N,-3.60,1827823100.94,EQ,DELHIVERY,4477983,NIFTY TRANS LOGIS
1187.77,-45,1214.2,1173,28-Sep-2026 16:00:28,1167.2,N,-3.69,719175730.68,EQ,UNOMINDA,605484,NIFTY TRANS LOGIS
117.45,177.6,291.95,289.5,28-Sep-2026 15:59:57,284,N,158.71,2325510,ST,INNOMET,19800,NIFTY SME EMERGE
130.09,79.65,203.6,203.6,28-Sep-2026 15:59:57,203.6,N,64.26,14830260,ST,UHTL,114000,NIFTY SME EMERGE
1569.82,183.5,1685.3,1685.3,28-Sep-2026 15:59:57,1685.3,N,12.22,22762390,ST,TANKUP,14500,NIFTY SME EMERGE
43.45,4.7,44.8,44.1,28-Sep-2026 15:59:57,39.4,N,11.93,764720,SM,PRANIK,17600,NIFTY SME EMERGE
1068.04,107.8,1139,1128.1,28-Sep-2026 15:59:57,1111.2,N,10.57,11107616,ST,PRIZOR,10400,NIFTY SME EMERGE
21.75,2,21.95,21.5,28-Sep-2026 15:59:57,21.5,N,10.26,195750,SM,MEDISTEP,9000,NIFTY SME EMERGE
221.95,21.15,232.15,228,28-Sep-2026 15:59:57,202.55,N,10.22,15203575,SM,KRISHCA,68500,NIFTY SME EMERGE
147.34,12.95,160,147,28-Sep-2026 15:59:57,134,N,9.66,26992688,SM,CGRAPHICS,183200,NIFTY SME EMERGE
36.55,2.8,36.55,36.55,28-Sep-2026 15:59:57,36.55,N,8.30,109650,SM,MAYASHEEL,3000,NIFTY SME EMERGE
42.92,3.05,46.3,44.45,28-Sep-2026 15:59:57,41.4,N,7.37,1648128,SM,BMETRICS,38400,NIFTY SME EMERGE
187.81,12.1,193,190,28-Sep-2026 15:59:57,178,N,6.80,34369230,SM,SHERA,183000,NIFTY SME EMERGE
109.02,6,110,110,28-Sep-2026 15:59:57,103,N,5.77,1439064,SM,SADHAV,13200,NIFTY SME EMERGE
99.23,5.35,105,98.45,28-Sep-2026 15:59:57,89,N,5.75,615226,SM,SURANI,6200,NIFTY SME EMERGE
160.25,8.95,164.95,164.95,28-Sep-2026 15:59:57,158.55,N,5.74,576900,SM,SAWALIYA,3600,NIFTY SME EMERGE
340.32,18,356,346,28-Sep-2026 15:59:57,324.9,N,5.49,56084736,SM,NAMOEWASTE,164800,NIFTY SME EMERGE
38.8,2,40,40,28-Sep-2026 15:59:57,37.6,N,5.26,155200,SM,MANILAM,4000,NIFTY SME EMERGE
46.39,2.2,48,45.2,28-Sep-2026 15:59:57,44.25,N,5.12,463900,SM,SNEHAA,10000,NIFTY SME EMERGE
159.39,7.65,160.75,160.75,28-Sep-2026 15:59:57,152,N,5.00,10200960,SM,AKANKSHA,64000,NIFTY SME EMERGE
103.95,4.95,103.95,103.95,28-Sep-2026 15:59:57,103.95,N,5.00,103950,SM,MEGAFLEX,1000,NIFTY SME EMERGE
4.17,0.2,4.2,4.2,28-Sep-2026 15:59:57,4.1,N,5.00,700560,ST,QUADPRO,168000,NIFTY SME EMERGE
20.55,-1.15,21,20.25,28-Sep-2026 15:59:57,20.25,N,-5.37,256875,SM,DUGLOBAL,12500,NIFTY SME EMERGE
836.3,-46.3,869.95,815,28-Sep-2026 15:59:57,806,N,-5.38,23081880,SM,SAHANA,27600,NIFTY SME EMERGE
22.4,-1.3,22.4,22.4,28-Sep-2026 15:59:57,22.4,N,-5.49,35840,SM,BABAFP,1600,NIFTY SME EMERGE
213.32,-12.5,214.1,210,28-Sep-2026 15:59:57,210,N,-5.62,639960,SM,ROCKINGDCE,3000,NIFTY SME EMERGE
314.77,-18.75,338.8,312,28-Sep-2026 15:59:57,299.6,N,-5.67,170802071.25,SM,ORIANA,542625,NIFTY SME EMERGE
74.68,-4.55,77.5,75.3,28-Sep-2026 15:59:57,70,N,-5.70,1254624,SM,ETML,16800,NIFTY SME EMERGE
63.88,-3.95,72.5,63.7,28-Sep-2026 15:59:57,61.2,N,-5.84,6228300,SM,BEWLTD,97500,NIFTY SME EMERGE
28.2,-1.8,28.2,28.2,28-Sep-2026 15:59:57,28.2,N,-6.00,42300,SM,MARCO,1500,NIFTY SME EMERGE
12.62,-0.8,12.95,12.5,28-Sep-2026 15:59:57,12.5,N,-6.02,189300,SM,NIDAN,15000,NIFTY SME EMERGE
68.35,-4.35,70,65.1,28-Sep-2026 15:59:57,65.1,N,-6.26,765520,SM,BRACEPORT,11200,NIFTY SME EMERGE
455.11,-30.1,475,450,28-Sep-2026 15:59:57,444,N,-6.27,27852732,SM,SACHEEROME,61200,NIFTY SME EMERGE
56.15,-3.8,56.15,56.15,28-Sep-2026 15:59:57,56.15,N,-6.34,134760,SM,VALUE360,2400,NIFTY SME EMERGE
122.41,-8.4,128.9,120.75,28-Sep-2026 15:59:57,120.45,N,-6.50,7148744,SM,ALLETEC,58400,NIFTY SME EMERGE
96.99,-7,100,95,28-Sep-2026 15:59:57,94.95,N,-6.86,1066890,SM,APRAMEYA,11000,NIFTY SME EMERGE
68.53,-5.3,71.9,68,28-Sep-2026 15:59:57,68,N,-7.23,9868320,SM,CHAVDA,144000,NIFTY SME EMERGE
120.05,-9.45,120.05,120.05,28-Sep-2026 15:59:57,120.05,N,-7.30,144060,SM,DTL,1200,NIFTY SME EMERGE
86.22,-7.15,92,84.5,28-Sep-2026 15:59:57,83.8,N,-7.80,8622000,SM,SARTELE,100000,NIFTY SME EMERGE
1.95,-0.15,1.75,1.75,28-Sep-2026 15:59:57,1.7,N,-7.89,11700,ST,JALAN,6000,NIFTY SME EMERGE
55.83,-4.85,57,55.5,28-Sep-2026 15:59:57,54.25,N,-8.04,2188536,SM,SPECTSTM,39200,NIFTY SME EMERGE
107.15,-9.4,111.7,103.1,28-Sep-2026 15:59:57,102.5,N,-8.36,4950330,SM,VDEAL,46200,NIFTY SME EMERGE
64.08,-6.05,66.35,63.95,28-Sep-2026 15:59:57,63,N,-8.64,3767904,SM,MGSL,58800,NIFTY SME EMERGE
14.47,-1.35,15.45,14.05,28-Sep-2026 15:59:57,14,N,-8.77,243096,SM,SHANTHALA,16800,NIFTY SME EMERGE
93.96,-9,98.45,90.6,28-Sep-2026 15:59:57,89.1,N,-9.04,3288600,SM,JAYBEE,35000,NIFTY SME EMERGE
982.38,-89.25,875.75,875.75,28-Sep-2026 15:59:57,875.75,N,-9.25,1841962.5,ST,HOACFOODS,1875,NIFTY SME EMERGE
67.97,-6.85,70,66,28-Sep-2026 15:59:57,66,N,-9.40,1495340,SM,VIJAYPD,22000,NIFTY SME EMERGE
15.67,-1.85,15.7,15.65,28-Sep-2026 15:59:57,15.65,N,-10.57,125360,SM,UMA,8000,NIFTY SME EMERGE
51.4,-6.7,51.55,51.25,28-Sep-2026 15:59:57,51.25,N,-11.56,61680,SM,KONTOR,1200,NIFTY SME EMERGE
115.01,-15.5,115.05,115,28-Sep-2026 15:59:57,115,N,-11.88,276024,SM,DUCOL,2400,NIFTY SME EMERGE
117.63,-15.5,132.75,114,28-Sep-2026 15:59:57,113.4,N,-11.97,15056640,SM,HIGREEN,128000,NIFTY SME EMERGE
0,-114.85,0,0,28-Sep-2026 15:31:32,0,N,-100.00,0,SM,PATTECH,0,NIFTY SME EMERGE
188.83,4.27,195.3,185.1,28-Sep-2026 16:00:28,178.19,N,2.36,7261796411.02,EQ,FIRSTCRY,38456794,NIFTY INTERNET
379.52,2.95,383.1,379.4,28-Sep-2026 16:00:28,371.15,N,0.78,875774279.68,EQ,NAZARA,2307584,NIFTY INTERNET
1631.15,3.9,1646,1646,28-Sep-2026 16:00:28,1620,N,0.24,49009532.9,EQ,INDIAMART,30046,NIFTY INTERNET
1250.45,-0.9,1263,1253.9,28-Sep-2026 16:00:28,1234.4,N,-0.07,1338511690.8,EQ,NAUKRI,1070424,NIFTY INTERNET
216.98,-1.06,220.47,216,28-Sep-2026 16:00:28,213.55,N,-0.49,3443930210.82,EQ,MEESHO,15872109,NIFTY INTERNET
102.26,-0.85,104.35,102.62,28-Sep-2026 16:00:28,101.56,N,-0.82,32070576.68,EQ,THOMASCOOK,313618,NIFTY INTERNET
344.83,-3.2,347.05,343.5,28-Sep-2026 16:00:28,341.75,N,-0.92,255679375.95,EQ,IIFLCAPS,741465,NIFTY INTERNET
454.46,-4.8,458.7,453.9,28-Sep-2026 16:00:28,453,N,-1.05,167453512.82,EQ,IRCTC,368467,NIFTY INTERNET
154.82,-1.8,158,155,28-Sep-2026 16:00:28,154.05,N,-1.15,119268683.4,EQ,IXIGO,770370,NIFTY INTERNET
330.29,-4.05,335.1,330.95,28-Sep-2026 16:00:28,328.45,N,-1.21,6460551339.31,EQ,ETERNAL,19560239,NIFTY INTERNET
1172.59,-14.7,1213.5,1151.3,28-Sep-2026 16:00:28,1136.1,N,-1.26,12709926974.69,EQ,POLICYBZR,10839191,NIFTY INTERNET
183.33,-3.04,186.79,184.02,28-Sep-2026 16:00:28,182.4,N,-1.63,2988226567.62,EQ,GROWW,16299714,NIFTY INTERNET
1013.16,-17.4,1033.4,1011.6,28-Sep-2026 16:00:28,999.5,N,-1.69,718708348.68,EQ,MOTILALOFS,709373,NIFTY INTERNET
661.19,-13.6,669.05,658.6,28-Sep-2026 16:00:28,655.5,N,-2.02,39482299.66,EQ,JUSTDIAL,59714,NIFTY INTERNET
173.15,-3.82,177.08,172.75,28-Sep-2026 16:00:28,170.61,N,-2.16,4032696052.2,EQ,PINELABS,23290188,NIFTY INTERNET
1642.35,-38.2,1678.1,1635.8,28-Sep-2026 16:00:28,1625.7,N,-2.28,6598474522.05,EQ,PAYTM,4017703,NIFTY INTERNET
26.41,-0.66,26.95,26.3,28-Sep-2026 16:00:28,26.1,N,-2.45,24683736.76,EQ,RTNINDIA,934636,NIFTY INTERNET
326.57,-8.2,332.95,325.5,28-Sep-2026 16:00:28,324,N,-2.46,1144345040.38,EQ,NYKAA,3504134,NIFTY INTERNET
1668.01,-42.9,1699,1654,28-Sep-2026 16:00:28,1640.3,N,-2.53,84481370.48,EQ,TBOTEK,50648,NIFTY INTERNET
15.55,-0.43,15.99,15.46,28-Sep-2026 16:00:28,15.36,N,-2.71,106617750.85,EQ,CCAVENUE,6856447,NIFTY INTERNET
177.66,-5.58,184,177.21,28-Sep-2026 16:00:28,176.23,N,-3.05,17392381.02,EQ,CRIZAC,97897,NIFTY INTERNET
280.11,-8.8,286.4,279.2,28-Sep-2026 16:00:28,278.05,N,-3.06,1328105710.92,EQ,ANGELONE,4741372,NIFTY INTERNET
369.99,-11.85,381.15,370,28-Sep-2026 16:00:28,365.05,N,-3.10,36931661.82,EQ,STYL,99818,NIFTY INTERNET
258.89,-8.85,266.05,256,28-Sep-2026 16:00:28,255.15,N,-3.34,2968315203.94,EQ,SWIGGY,11465546,NIFTY INTERNET
2928.26,-122.6,3009,2880,28-Sep-2026 16:00:28,2860.1,N,-4.08,973868997.76,EQ,CARTRADE,332576,NIFTY INTERNET
162.98,-7.02,171.25,161.97,28-Sep-2026 16:00:28,160,N,-4.15,817483558.96,EQ,URBANCO,5015852,NIFTY INTERNET
128.89,-6.45,134.19,127.91,28-Sep-2026 16:00:28,126.41,N,-4.80,917913206.31,EQ,PWL,7121679,NIFTY INTERNET
23.34,1.68,24.23,23.71,28-Sep-2026 16:00:28,22.3,N,7.63,3428015.82,EQ,CRESTO,146873,NIFTY WAVES
11.27,0.52,11.29,11.28,28-Sep-2026 16:00:28,11,N,4.83,1357358.8,EQ,RAJTV,120440,NIFTY WAVES
2.92,0.07,3.06,2.99,28-Sep-2026 16:00:28,2.78,N,2.40,151466.24,BE,TVVISION,51872,NIFTY WAVES
3,0.05,3.11,3.04,28-Sep-2026 16:00:28,2.9,N,1.67,254466,EQ,RADAAN,84822,NIFTY WAVES
523.76,6.4,533,519.6,28-Sep-2026 16:00:28,506.1,N,1.25,665766525.04,EQ,SUNTV,1271129,NIFTY WAVES
5.9,0.06,6.09,5.98,28-Sep-2026 16:00:28,5.63,N,1.01,73903.4,EQ,SAMBHAAV,12526,NIFTY WAVES
379.52,2.95,383.1,379.4,28-Sep-2026 16:00:28,371.15,N,0.78,875774279.68,EQ,NAZARA,2307584,NIFTY WAVES
320.93,0.2,328,315.65,28-Sep-2026 16:00:28,313.25,N,0.06,1264209702.51,EQ,PFOCUS,3939207,NIFTY WAVES
5.96,0,6.12,6.05,28-Sep-2026 16:00:28,5.84,N,0.00,99085,EQ,RADIOCITY,16625,NIFTY WAVES
16.65,-0.05,17.19,16.84,28-Sep-2026 16:00:28,16.21,N,-0.30,62337.6,EQ,PNC,3744,NIFTY WAVES
76.77,-0.26,77.63,76.61,28-Sep-2026 16:00:28,76.07,N,-0.34,854564410.53,EQ,ZEEL,11131489,NIFTY WAVES
93.89,-0.6,95.22,93.25,28-Sep-2026 16:00:28,93.01,N,-0.64,6232230.42,EQ,BALAJITELE,66378,NIFTY WAVES
88.69,-0.69,91.83,89.9,28-Sep-2026 16:00:28,88,N,-0.76,2537509.59,EQ,RKSWAMY,28611,NIFTY WAVES
69.33,-0.63,70.95,69.45,28-Sep-2026 16:00:28,68.51,N,-0.90,3149245.92,EQ,NDTV,45424,NIFTY WAVES
265.58,-2.5,273.8,268.7,28-Sep-2026 16:00:28,263.5,N,-0.92,10357088.84,EQ,SIGNPOST,38998,NIFTY WAVES
23.78,-0.27,25,23.63,28-Sep-2026 16:00:28,23.11,N,-1.13,945064.76,EQ,DGCONTENT,39742,NIFTY WAVES
4.23,-0.05,4.33,4.23,28-Sep-2026 16:00:28,4.2,N,-1.17,98216.37,EQ,BAGFILMS,23219,NIFTY WAVES
491.41,-5.9,496.9,491,28-Sep-2026 16:00:28,487.05,N,-1.19,67225870.82,EQ,SAREGAMA,136802,NIFTY WAVES
105.8,-1.35,108.31,105.01,28-Sep-2026 16:00:28,104.94,N,-1.27,2462706.6,EQ,TVTODAY,23277,NIFTY WAVES
88.11,-1.19,89.72,88,28-Sep-2026 16:00:28,87.1,N,-1.33,946301.4,EQ,CINELINE,10740,NIFTY WAVES
26.04,-0.38,26.52,26,28-Sep-2026 16:00:28,25.8,N,-1.44,7757289.96,EQ,DEN,297899,NIFTY WAVES
3.65,-0.06,3.8,3.69,28-Sep-2026 16:00:28,3.57,N,-1.60,41204.85,EQ,NEXTMEDIA,11289,NIFTY WAVES
59.35,-0.99,60.85,58.74,28-Sep-2026 16:00:28,58.7,N,-1.66,1370806.95,EQ,UFO,23097,NIFTY WAVES
18.14,-0.35,19.38,18.21,28-Sep-2026 16:00:28,17.72,N,-1.89,7609258.36,EQ,AQYLON,419474,NIFTY WAVES
352.87,-6.6,375,334.85,28-Sep-2026 16:00:28,326.6,N,-1.93,9409984.29,EQ,TIPSFILMS,26667,NIFTY WAVES
2.5,-0.05,2.56,2.48,28-Sep-2026 16:00:28,2.46,N,-1.98,24975,EQ,DNAMEDIA,9990,NIFTY WAVES
26.23,-0.61,26.79,26.14,28-Sep-2026 16:00:28,25.86,N,-2.28,71437824.68,EQ,NETWORK18,2723516,NIFTY WAVES
7.33,-0.18,7.58,7.34,28-Sep-2026 16:00:28,7.25,N,-2.39,5803615.46,EQ,ZEEMEDIA,791762,NIFTY WAVES
1231.13,-30.6,1257.4,1224,28-Sep-2026 16:00:28,1219,N,-2.44,488047016.86,EQ,PVRINOX,396422,NIFTY WAVES
664.34,-16.95,670.4,652,28-Sep-2026 16:00:28,651.6,N,-2.53,134184057.54,EQ,TIPSMUSIC,201981,NIFTY WAVES
97.06,-3.08,101.99,95.99,28-Sep-2026 16:00:28,95.66,N,-3.11,4138153.1,EQ,ENIL,42635,NIFTY WAVES
55.17,-1.87,56.98,54.7,28-Sep-2026 16:00:28,54.7,N,-3.31,1534222.53,EQ,GTPL,27809,NIFTY WAVES
7.21,-0.25,7.44,7.21,28-Sep-2026 16:00:28,7.1,N,-3.35,1326849.09,EQ,BTML,184029,NIFTY WAVES
51.29,-2.08,52.81,50.73,28-Sep-2026 16:00:28,50.6,N,-3.94,1241884.77,BE,ONMOBILE,24213,NIFTY WAVES
2.27,-0.11,2.36,2.26,28-Sep-2026 16:00:28,2.26,N,-4.64,9853211.94,EQ,DISHTV,4340622,NIFTY WAVES
19.25,-1,20.08,19.18,28-Sep-2026 16:00:28,19.18,N,-4.96,278894,BE,CYBERMEDIA,14488,NIFTY WAVES
5.78,-0.32,6.24,5.87,28-Sep-2026 16:00:28,5.65,N,-5.17,119339.66,EQ,CREATIVEYE,20647,NIFTY WAVES
9.5,-0.56,9.94,9.37,28-Sep-2026 16:00:28,9.24,N,-5.64,57685862,EQ,HATHWAY,6072196,NIFTY WAVES
479.7,20.75,489.5,479,28-Sep-2026 16:00:28,452.25,N,4.53,3225368484,EQ,ELECON,6723720,NIFTY INFRALOG
1537.74,36.8,1567.9,1534,28-Sep-2026 16:00:28,1490.1,N,2.46,5040371879.46,EQ,GESHIP,3277779,NIFTY INFRALOG
289.44,3.35,293.05,289.85,28-Sep-2026 16:00:28,285.75,N,1.17,850204239.84,EQ,PETRONET,2937411,NIFTY INFRALOG
250.87,2.5,258,255,28-Sep-2026 16:00:28,247.8,N,0.99,196468589.63,EQ,AFCONS,783149,NIFTY INFRALOG
4725.92,43.5,4795,4790,28-Sep-2026 16:00:28,4705,N,0.92,29196733.76,EQ,BLUEDART,6178,NIFTY INFRALOG
553.18,2.6,559,556.8,28-Sep-2026 16:00:28,544.15,N,0.47,172902493.98,EQ,TRITURBINE,312561,NIFTY INFRALOG
2121.92,2.8,2160,2140,28-Sep-2026 16:00:28,2086.3,N,0.13,823404690.24,EQ,KIRLOSENG,388047,NIFTY INFRALOG
4985.61,3.5,5050,5003.5,28-Sep-2026 16:00:28,4954.5,N,0.07,68811389.22,EQ,JKCEMENT,13802,NIFTY INFRALOG
60.97,0.01,61.85,61.77,28-Sep-2026 16:00:28,60.55,N,0.02,121395842.75,EQ,SJVN,1991075,NIFTY INFRALOG
172.34,-0.25,174.71,172.45,28-Sep-2026 16:00:28,171,N,-0.14,1930694171.14,EQ,GAIL,11202821,NIFTY INFRALOG
597.12,-1,604,602,28-Sep-2026 16:00:28,592.2,N,-0.17,85103333.76,EQ,ELGIEQUIP,142523,NIFTY INFRALOG
1457.51,-7,1470.8,1470.8,28-Sep-2026 16:00:28,1437.4,N,-0.47,840951204.78,EQ,PRESTIGE,576978,NIFTY INFRALOG
825.51,-4.4,836.4,818.2,28-Sep-2026 16:00:28,811.1,N,-0.53,447578313.84,EQ,TITAGARH,542184,NIFTY INFRALOG
314.53,-2.35,321.4,313.3,28-Sep-2026 16:00:28,309,N,-0.74,3094608143.49,EQ,ENGINERSIN,9838833,NIFTY INFRALOG
1774.11,-14,1784.3,1771.4,28-Sep-2026 16:00:28,1763.7,N,-0.78,8309109827.07,EQ,BHARTIARTL,4683537,NIFTY INFRALOG
549.01,-4.5,554.55,546.95,28-Sep-2026 16:00:28,543.15,N,-0.82,147102288.41,EQ,NAVA,267941,NIFTY INFRALOG
273.33,-2.25,277.85,272.15,28-Sep-2026 16:00:28,269.3,N,-0.82,383012409.06,EQ,SCI,1401282,NIFTY INFRALOG
1383.57,-13.2,1424.8,1378,28-Sep-2026 16:00:28,1368,N,-0.95,255858065.82,EQ,KPIL,184926,NIFTY INFRALOG
850.34,-8.55,869.75,859,28-Sep-2026 16:00:28,845.7,N,-0.99,64779751.54,EQ,RAMCOCEM,76181,NIFTY INFRALOG
1220.26,-12.6,1233.6,1214,28-Sep-2026 16:00:28,1205.1,N,-1.03,62921486.64,EQ,SOBHA,51564,NIFTY INFRALOG
271.75,-7.2,276,270.45,28-Sep-2026 16:00:28,269.25,N,-2.59,181913526.25,EQ,TARIL,669415,NIFTY INFRALOG
494.48,-13.1,505.3,490.75,28-Sep-2026 16:00:28,489.95,N,-2.60,509057270.4,EQ,TEJASNET,1029480,NIFTY INFRALOG
587,-15.9,600.85,582,28-Sep-2026 16:00:28,580.35,N,-2.66,102537160,EQ,BRIGADE,174680,NIFTY INFRALOG
599.2,-16.65,611.5,595,28-Sep-2026 16:00:28,593,N,-2.72,367410864.8,EQ,ATGL,613169,NIFTY INFRALOG
39.89,-1.14,40.93,39.66,28-Sep-2026 16:00:28,39.52,N,-2.79,2688203135.78,EQ,SUZLON,67390402,NIFTY INFRALOG
2151.72,-61.6,2199.4,2138,28-Sep-2026 16:00:28,2131,N,-2.80,1399435653.6,EQ,MAZDOCK,650380,NIFTY INFRALOG
1664.07,-48.2,1698.5,1652,28-Sep-2026 16:00:28,1650,N,-2.83,151496932.8,EQ,DALBHARAT,91040,NIFTY INFRALOG
3798.29,-109.8,3858.2,3766.4,28-Sep-2026 16:00:28,3766.4,N,-2.83,5171755462.29,EQ,LT,1361601,NIFTY INFRALOG
264.98,-7.65,269.9,261.85,28-Sep-2026 16:00:28,261.85,N,-2.84,2723585270.88,EQ,POWERGRID,10278456,NIFTY INFRALOG
668.03,-19.45,680,663.55,28-Sep-2026 16:00:28,663.55,N,-2.85,1847124326.96,EQ,DLF,2765032,NIFTY INFRALOG
20.15,-0.59,20.56,19.98,28-Sep-2026 16:00:28,19.8,N,-2.87,308919508.95,EQ,RPOWER,15330993,NIFTY INFRALOG
2254.93,-69.4,2316,2249.6,28-Sep-2026 16:00:28,2236.8,N,-2.99,877986309.59,EQ,GRSE,389363,NIFTY INFRALOG
17.18,-0.53,17.65,17.15,28-Sep-2026 16:00:28,17.07,N,-3.00,230336881.42,EQ,IRB,13407269,NIFTY INFRALOG
4304.2,-138.8,4421.9,4280,28-Sep-2026 16:00:28,4261.1,N,-3.14,1335442613,EQ,DATAPATTNS,310265,NIFTY INFRALOG
80.89,-2.65,82.5,80.21,28-Sep-2026 16:00:28,80,N,-3.20,409447465.09,EQ,NBCC,5061781,NIFTY INFRALOG
198.16,-6.61,203.64,196.14,28-Sep-2026 16:00:28,195.36,N,-3.26,4412283865.04,EQ,ADANIPOWER,22266269,NIFTY INFRALOG
95.12,-3.2,97.5,94.75,28-Sep-2026 16:00:28,94.06,N,-3.27,602580444,EQ,GMRAIRPORT,6334950,NIFTY INFRALOG
3215.78,-114.9,3334.9,3198.1,28-Sep-2026 16:00:28,3168.8,N,-3.47,986848919.06,EQ,ENRIN,306877,NIFTY INFRALOG
1345.45,-48,1372.4,1329,28-Sep-2026 16:00:28,1327,N,-3.49,606004134.5,EQ,COCHINSHIP,450410,NIFTY INFRALOG
1193.04,-44.1,1231,1186.8,28-Sep-2026 16:00:28,1181.2,N,-3.58,400431945.6,EQ,ABREL,335640,NIFTY INFRALOG
408.18,-15.2,421.9,407.5,28-Sep-2026 16:00:28,405.05,N,-3.60,1827823100.94,EQ,DELHIVERY,4477983,NIFTY INFRALOG
73.22,-2.75,74.83,72,28-Sep-2026 16:00:28,72,N,-3.68,428692117,EQ,INOXWIND,5854850,NIFTY INFRALOG
1307.74,-50.6,1338,1287.9,28-Sep-2026 16:00:28,1283,N,-3.78,1608826211.16,EQ,ADANIENSOL,1230234,NIFTY INFRALOG
1442.14,-56.8,1476.2,1425,28-Sep-2026 16:00:28,1422,N,-3.83,123840888.22,EQ,BHARTIHEXA,85873,NIFTY INFRALOG
352.98,-14,363.35,348.05,28-Sep-2026 16:00:28,347,N,-3.87,1026775756.44,EQ,JSWINFRA,2908878,NIFTY INFRALOG
363.53,-14.65,374.25,360,28-Sep-2026 16:00:28,355.55,N,-3.91,2219934842.71,EQ,INDUSTOWER,6106607,NIFTY INFRALOG
1327.08,-55.7,1366.6,1309.7,28-Sep-2026 16:00:28,1300,N,-4.08,496235024.4,EQ,AEGISLOG,373930,NIFTY INFRALOG
1131.05,-47.9,1165,1117.1,28-Sep-2026 16:00:28,1115.1,N,-4.11,1309884839.7,EQ,LODHA,1158114,NIFTY INFRALOG
1250.13,-61.6,1295.4,1235,28-Sep-2026 16:00:28,1225.6,N,-4.75,2274516525.12,EQ,ADANIGREEN,1819424,NIFTY INFRALOG
13.69,-0.79,14.23,13.47,28-Sep-2026 16:00:28,13.43,N,-5.54,6852482734.96,EQ,IDEA,500546584,NIFTY INFRALOG
170.4,5.45,173.6,170.05,28-Sep-2026 16:00:28,163.5,N,3.31,3707725080,EQ,MRPL,21758950,NIFTY RAILWAYSPSU
185.38,-0.8,188.22,184.2,28-Sep-2026 16:00:28,182.76,N,-0.43,2652973180,EQ,SAIL,14311000,NIFTY RAILWAYSPSU
258.09,-2.35,265.3,257.8,28-Sep-2026 16:00:28,255.05,N,-0.90,117018264.09,EQ,RAILTEL,453401,NIFTY RAILWAYSPSU
454.46,-4.8,458.7,453.9,28-Sep-2026 16:00:28,453,N,-1.05,167453512.82,EQ,IRCTC,368467,NIFTY RAILWAYSPSU
409.81,-7.05,416.85,411.9,28-Sep-2026 16:00:28,407.25,N,-1.68,3178048682.92,EQ,BHEL,7754932,NIFTY RAILWAYSPSU
322.24,-5.5,326.6,321.1,28-Sep-2026 16:00:28,320.2,N,-1.68,1927669326.08,EQ,NTPC,5982092,NIFTY RAILWAYSPSU
196.46,-3.41,199.21,195.9,28-Sep-2026 16:00:28,195.01,N,-1.71,56261625.42,EQ,RITES,286377,NIFTY RAILWAYSPSU
78.92,-1.4,79.95,78.55,28-Sep-2026 16:00:28,78.36,N,-1.75,675514240.52,EQ,IRFC,8559481,NIFTY RAILWAYSPSU
1993.63,-41,2035,1995.5,28-Sep-2026 16:00:28,1974,N,-2.01,426899979.16,EQ,BEML,214132,NIFTY RAILWAYSPSU
303.63,-6.25,308.5,302.25,28-Sep-2026 16:00:28,301,N,-2.03,854191651.95,EQ,BPCL,2813265,NIFTY RAILWAYSPSU
386.29,-8.05,393.45,385.5,28-Sep-2026 16:00:28,384.1,N,-2.05,4504671389.88,EQ,BEL,11661372,NIFTY RAILWAYSPSU
204,-4.25,206.38,202.75,28-Sep-2026 16:00:28,202,N,-2.05,520203876,EQ,RVNL,2550019,NIFTY RAILWAYSPSU
104.08,-2.45,105.95,103.5,28-Sep-2026 16:00:28,102.82,N,-2.31,205076734.08,EQ,IRCON,1970376,NIFTY RAILWAYSPSU
344.58,-8.55,349.35,342.45,28-Sep-2026 16:00:28,340.45,N,-2.44,1399919997.3,EQ,HINDPETRO,4062685,NIFTY RAILWAYSPSU
232,-5.86,235.85,230,28-Sep-2026 16:00:28,229.85,N,-2.48,2278183624,EQ,ONGC,9819757,NIFTY RAILWAYSPSU
453,-11.5,461.45,450,28-Sep-2026 16:00:28,449,N,-2.49,396282135,EQ,CONCOR,874795,NIFTY RAILWAYSPSU
247.48,-6.6,254.7,246.3,28-Sep-2026 16:00:28,244.15,N,-2.61,38553176.84,EQ,ITI,155783,NIFTY RAILWAYSPSU
3185.92,34.1,3280,3240.2,28-Sep-2026 16:00:28,3157,N,1.06,114087795.2,EQ,LTTS,35810,NIFTYCONGLOMERATE
440.25,2.4,452,437.3,28-Sep-2026 16:00:28,432.5,N,0.55,1079723250.75,EQ,ZENSARTECH,2452523,NIFTYCONGLOMERATE
4091.16,8.4,4132.4,4091.4,28-Sep-2026 16:00:28,4018.2,N,0.21,1669950144.6,EQ,LTM,408185,NIFTYCONGLOMERATE
745.42,-2.15,756,746.1,28-Sep-2026 16:00:28,738.5,N,-0.29,953178244.46,EQ,JSL,1278713,NIFTYCONGLOMERATE
1542.93,-5.8,1557,1542.2,28-Sep-2026 16:00:28,1526.8,N,-0.37,1947051139.74,EQ,TECHM,1261918,NIFTYCONGLOMERATE
1391.93,-5.6,1411.5,1395,28-Sep-2026 16:00:28,1378.8,N,-0.40,253847666.03,EQ,CHOLAHLDNG,182371,NIFTYCONGLOMERATE
659.43,-3.1,673.5,653,28-Sep-2026 16:00:28,646.45,N,-0.47,434410722.81,EQ,JUBLINGREA,658767,NIFTYCONGLOMERATE
2073.28,-11.3,2100,2070.7,28-Sep-2026 16:00:28,2051,N,-0.54,5094150550.72,EQ,TCS,2457049,NIFTYCONGLOMERATE
330.68,-2.1,336.5,331,28-Sep-2026 16:00:28,326.2,N,-0.63,252411020.12,EQ,M&MFIN,763309,NIFTYCONGLOMERATE
82.46,-0.62,83.14,82.52,28-Sep-2026 16:00:28,82,N,-0.75,237132943.18,EQ,BAJAJHFL,2875733,NIFTYCONGLOMERATE
186.68,-1.67,188.58,186.3,28-Sep-2026 16:00:28,185.25,N,-0.89,2544241371.88,EQ,TATASTEEL,13628891,NIFTYCONGLOMERATE
1059.32,-9.95,1077.9,1062,28-Sep-2026 16:00:28,1044.15,N,-0.93,101051712.76,EQ,JUBLPHARMA,95393,NIFTYCONGLOMERATE
1262.17,-12.9,1278.4,1264.1,28-Sep-2026 16:00:28,1254.1,N,-1.01,1535437378.02,EQ,JSWSTEEL,1216506,NIFTYCONGLOMERATE
1751.39,-19,1769,1752,28-Sep-2026 16:00:28,1739.1,N,-1.07,940412363.28,EQ,BAJAJFINSV,536952,NIFTYCONGLOMERATE
280.28,-3.15,283.45,280.85,28-Sep-2026 16:00:28,277.8,N,-1.11,1583184562.96,EQ,LTF,5648582,NIFTYCONGLOMERATE
11013.06,-130,11155,11025,28-Sep-2026 16:00:28,10978,N,-1.17,3654254451.66,EQ,ULTRACEMCO,331811,NIFTYCONGLOMERATE
491.41,-5.9,496.9,491,28-Sep-2026 16:00:28,487.05,N,-1.19,67225870.82,EQ,SAREGAMA,136802,NIFTYCONGLOMERATE
980.93,-11.9,992.3,985,28-Sep-2026 16:00:28,974,N,-1.19,7560462061.99,EQ,BAJFINANCE,7707443,NIFTYCONGLOMERATE
481.47,-5.85,485.6,478.7,28-Sep-2026 16:00:28,476.5,N,-1.21,562353589.71,EQ,JUBLFOOD,1167993,NIFTYCONGLOMERATE
10830.57,-140,10940,10800,28-Sep-2026 16:00:28,10791,N,-1.28,340513120.8,EQ,BAJAJHLDNG,31440,NIFTYCONGLOMERATE
3147.9,-41,3186,3150,28-Sep-2026 16:00:28,3138,N,-1.28,2351119291.5,EQ,GRASIM,746885,NIFTYCONGLOMERATE
4825.69,-64.5,4881,4819.5,28-Sep-2026 16:00:28,4810,N,-1.32,3054362577.22,EQ,TITAN,632938,NIFTYCONGLOMERATE
2992.85,-40,3019.9,2995,28-Sep-2026 16:00:28,2977.6,N,-1.32,6221009838.4,EQ,M&M,2078624,NIFTYCONGLOMERATE
865.59,-12,876.75,868,28-Sep-2026 16:00:28,859.5,N,-1.36,1033035788.73,EQ,GODREJCP,1193447,NIFTYCONGLOMERATE
257.42,-3.6,260.55,255.85,28-Sep-2026 16:00:28,255.05,N,-1.39,103120135.22,EQ,FSL,400591,NIFTYCONGLOMERATE
2629.94,-43.3,2663.8,2626,28-Sep-2026 16:00:28,2615.1,N,-1.62,1675021935.7,EQ,TRENT,636905,NIFTYCONGLOMERATE
391.55,-6.6,396.1,390.35,28-Sep-2026 16:00:28,390,N,-1.66,125425211.5,EQ,KEC,320330,NIFTYCONGLOMERATE
432.92,-7.5,441.5,434,28-Sep-2026 16:00:28,430.2,N,-1.70,1960392934.76,EQ,TMCV,4528303,NIFTYCONGLOMERATE
1633.27,-28.5,1660.4,1634.2,28-Sep-2026 16:00:28,1620.4,N,-1.71,1950676425.26,EQ,CHOLAFIN,1194338,NIFTYCONGLOMERATE
1678.61,-30.3,1708,1669.8,28-Sep-2026 16:00:28,1667,N,-1.78,709031435.12,EQ,GODREJPROP,422392,NIFTYCONGLOMERATE
333.7,-6.25,339.6,333.35,28-Sep-2026 16:00:28,329.9,N,-1.84,302122636.4,EQ,PCBL,905372,NIFTYCONGLOMERATE
382.46,-7.3,388.85,382.7,28-Sep-2026 16:00:28,380.8,N,-1.87,703982648.2,EQ,ABCAPITAL,1840670,NIFTYCONGLOMERATE
2465.91,-52.1,2523.2,2459,28-Sep-2026 16:00:28,2443.9,N,-2.07,541252449.54,EQ,TIINDIA,219494,NIFTYCONGLOMERATE
959.42,-21.1,972.9,955.9,28-Sep-2026 16:00:28,951.1,N,-2.16,3218334094.36,EQ,HINDALCO,3354458,NIFTYCONGLOMERATE
1142.27,-25.2,1160,1139.6,28-Sep-2026 16:00:28,1133.2,N,-2.16,815523666.5,EQ,JINDALSTEL,713950,NIFTYCONGLOMERATE
3303.4,-73.2,3352.2,3279,28-Sep-2026 16:00:28,3260,N,-2.18,200945822,EQ,CEATLTD,60830,NIFTYCONGLOMERATE
1088.05,-24.6,1107.6,1080.7,28-Sep-2026 16:00:28,1060.3,N,-2.23,135903973.3,EQ,GODREJIND,124906,NIFTYCONGLOMERATE
498.89,-11.55,506.4,495,28-Sep-2026 16:00:28,493.05,N,-2.28,789744865.56,EQ,JSWENERGY,1583004,NIFTYCONGLOMERATE
11068.11,-257,11270,11024,28-Sep-2026 16:00:28,10953,N,-2.28,2671111258.74,EQ,BAJAJ-AUTO,241334,NIFTYCONGLOMERATE
872.19,-21,885.95,865,28-Sep-2026 16:00:28,863.3,N,-2.37,1638700226.46,EQ,CGPOWER,1878834,NIFTYCONGLOMERATE
376.47,-9.45,383.8,374.35,28-Sep-2026 16:00:28,374,N,-2.46,622554886.08,EQ,AMBUJACEM,1653664,NIFTYCONGLOMERATE
136.91,-3.46,139.84,136.4,28-Sep-2026 16:00:28,135.9,N,-2.47,183345627.79,EQ,CESC,1339169,NIFTYCONGLOMERATE
1750.94,-44.3,1791.8,1743.7,28-Sep-2026 16:00:28,1736.6,N,-2.48,2210694821.44,EQ,ADANIPORTS,1262576,NIFTYCONGLOMERATE
3798.29,-109.8,3858.2,3766.4,28-Sep-2026 16:00:28,3766.4,N,-2.83,5171755462.29,EQ,LT,1361601,NIFTYCONGLOMERATE
2844.39,-85.4,2924,2831.1,28-Sep-2026 16:00:28,2811,N,-2.93,3582580314.75,EQ,ADANIENT,1259525,NIFTYCONGLOMERATE
1910.93,-63.7,1954,1900.2,28-Sep-2026 16:00:28,1894,N,-3.24,111714878.73,EQ,COROMANDEL,58461,NIFTYCONGLOMERATE
198.16,-6.61,203.64,196.14,28-Sep-2026 16:00:28,195.36,N,-3.26,4412283865.04,EQ,ADANIPOWER,22266269,NIFTYCONGLOMERATE
352.98,-14,363.35,348.05,28-Sep-2026 16:00:28,347,N,-3.87,1026775756.44,EQ,JSWINFRA,2908878,NIFTYCONGLOMERATE
1250.13,-61.6,1295.4,1235,28-Sep-2026 16:00:28,1225.6,N,-4.75,2274516525.12,EQ,ADANIGREEN,1819424,NIFTYCONGLOMERATE
13.69,-0.79,14.23,13.47,28-Sep-2026 16:00:28,13.43,N,-5.54,6852482734.96,EQ,IDEA,500546584,NIFTYCONGLOMERATE
