VWAP,change,high,lastPrice,lastUpdatedTime,low,marketType,pChange,quantityTraded,series,symbol,totalTradedVolume,index_name
693.3,14.45,709,708.25,11-Sep-2026 16:00:28,681.9,N,2.08,21777893842.2,EQ,HDFCBANK,31411934,NIFTY 50
1167.08,22.5,1182,1165.5,11-Sep-2026 16:00:28,1130,N,1.97,2804825857.8,EQ,DRREDDY,2403285,NIFTY 50
1543.63,15.2,1557.3,1541,11-Sep-2026 16:00:28,1518.6,N,1.00,3098571720.64,EQ,TECHM,2007328,NIFTY 50
526.59,3.85,531.5,530,11-Sep-2026 16:00:28,518.2,N,0.73,2173693483.53,EQ,HDFCLIFE,4127867,NIFTY 50
166.93,1.1,167.75,167.4,11-Sep-2026 16:00:28,165.16,N,0.66,1416383856.21,EQ,WIPRO,8484897,NIFTY 50
415.61,2.45,420,419,11-Sep-2026 16:00:28,409.25,N,0.59,6316225909.63,EQ,KOTAKBANK,15197483,NIFTY 50
4892.17,28,4973,4973,11-Sep-2026 16:00:28,4822,N,0.57,4519058870.61,EQ,INDIGO,923733,NIFTY 50
320.8,1.4,324.8,323.5,11-Sep-2026 16:00:28,316.05,N,0.43,7286026923.2,EQ,ETERNAL,22712054,NIFTY 50
260.46,0.55,261.65,259.85,11-Sep-2026 16:00:28,257.7,N,0.21,2895286122.54,EQ,ITC,11116049,NIFTY 50
301,0.6,304.4,301.1,11-Sep-2026 16:00:28,296.5,N,0.20,2312641093,EQ,TMPV,7683193,NIFTY 50
10947.04,21,11060,11000,11-Sep-2026 16:00:28,10790,N,0.19,2444222250.08,EQ,ULTRACEMCO,223277,NIFTY 50
1039.69,1.2,1047.3,1037.7,11-Sep-2026 16:00:28,1029.7,N,0.12,6412899412.72,EQ,INFY,6168088,NIFTY 50
1245.37,0,1252.8,1246,11-Sep-2026 16:00:28,1229.8,N,0.00,5681732870.45,EQ,AXISBANK,4562285,NIFTY 50
1213.93,-0.9,1223.4,1206.1,11-Sep-2026 16:00:28,1195.7,N,-0.07,2759074730.85,EQ,HCLTECH,2272845,NIFTY 50
1031.96,-0.9,1041.5,1037.7,11-Sep-2026 16:00:28,1022.7,N,-0.09,2586729511.28,EQ,MAXHEALTH,2506618,NIFTY 50
2210.94,-3.3,2232.6,2200.8,11-Sep-2026 16:00:28,2185.5,N,-0.15,5823890116.56,EQ,TCS,2634124,NIFTY 50
228.12,-0.35,231.37,229.9,11-Sep-2026 16:00:28,226.44,N,-0.15,5042033934.12,EQ,JIOFIN,22102551,NIFTY 50
403.28,-0.65,405.4,404.35,11-Sep-2026 16:00:28,399.25,N,-0.16,3147993194.72,EQ,BEL,7805974,NIFTY 50
1760.15,-3.4,1771.9,1764.6,11-Sep-2026 16:00:28,1750.8,N,-0.19,2947939703.45,EQ,ADANIPORTS,1674823,NIFTY 50
1387.07,-2.9,1401.2,1383.3,11-Sep-2026 16:00:28,1373.5,N,-0.21,1718162221.93,EQ,NESTLEIND,1238699,NIFTY 50
4984.28,-11.5,5015,5009.5,11-Sep-2026 16:00:28,4943,N,-0.23,2009836145.8,EQ,TITAN,403235,NIFTY 50
1379.59,-5.2,1389,1379.3,11-Sep-2026 16:00:28,1367.6,N,-0.38,9745999049.03,EQ,ICICIBANK,7064417,NIFTY 50
1842.47,-7.9,1852,1831.1,11-Sep-2026 16:00:28,1830.5,N,-0.43,7703965872.75,EQ,BHARTIARTL,4181325,NIFTY 50
334.47,-1.6,336.25,333.4,11-Sep-2026 16:00:28,331.6,N,-0.48,1661825901.45,EQ,NTPC,4968535,NIFTY 50
1357.42,-7.3,1373,1366,11-Sep-2026 16:00:28,1347.7,N,-0.53,2282033420.1,EQ,CIPLA,1681155,NIFTY 50
3100.48,-16.8,3124.2,3107,11-Sep-2026 16:00:28,3069.1,N,-0.54,4066229912.32,EQ,M&M,1311484,NIFTY 50
3034.55,-17.2,3065,3060,11-Sep-2026 16:00:28,2999,N,-0.56,5508746066.1,EQ,ADANIENT,1815342,NIFTY 50
2794.6,-16.3,2816,2802.4,11-Sep-2026 16:00:28,2757.5,N,-0.58,1894453750.8,EQ,TRENT,677898,NIFTY 50
3914.81,-24.3,3948,3930.7,11-Sep-2026 16:00:28,3880.7,N,-0.61,4680112292.09,EQ,LT,1195489,NIFTY 50
8896.09,-64,8950,8836,11-Sep-2026 16:00:28,8806,N,-0.72,1849763993.7,EQ,APOLLOHOSP,207930,NIFTY 50
11651.99,-90,11723,11678,11-Sep-2026 16:00:28,11529,N,-0.76,2502043464.69,EQ,BAJAJ-AUTO,214731,NIFTY 50
1936.26,-15.3,1946.6,1927,11-Sep-2026 16:00:28,1926.2,N,-0.79,2130492049.38,EQ,HINDUNILVR,1100313,NIFTY 50
1027.91,-9,1035,1034.5,11-Sep-2026 16:00:28,1015.1,N,-0.86,5562328355.09,EQ,BAJFINANCE,5411299,NIFTY 50
993.66,-8.6,1000,991,11-Sep-2026 16:00:28,988,N,-0.86,900215219.94,EQ,TATACONSUM,905959,NIFTY 50
1025.52,-9.4,1034.5,1028.6,11-Sep-2026 16:00:28,1013.2,N,-0.91,3252146457.84,EQ,SHRIRAMFIN,3171217,NIFTY 50
1687.25,-15.9,1697.7,1684.7,11-Sep-2026 16:00:28,1671,N,-0.93,520737654.75,EQ,SBILIFE,308631,NIFTY 50
269.92,-2.65,274.05,269.1,11-Sep-2026 16:00:28,268.35,N,-0.98,3083314514.56,EQ,POWERGRID,11423068,NIFTY 50
2461.44,-25.6,2472.5,2472.5,11-Sep-2026 16:00:28,2442.8,N,-1.02,1607335088.64,EQ,ASIANPAINT,653006,NIFTY 50
3278.88,-37.1,3302.4,3281.9,11-Sep-2026 16:00:28,3267,N,-1.12,1691869291.2,EQ,GRASIM,515990,NIFTY 50
1844.44,-21,1854.5,1840,11-Sep-2026 16:00:28,1834,N,-1.13,2665346755.24,EQ,SUNPHARMA,1445071,NIFTY 50
1259.26,-16.5,1267.4,1257.5,11-Sep-2026 16:00:28,1253,N,-1.30,11053451835.36,EQ,RELIANCE,8777736,NIFTY 50
428.53,-5.6,434.3,426.4,11-Sep-2026 16:00:28,424.2,N,-1.30,1657649173.66,EQ,COALINDIA,3868222,NIFTY 50
1909.08,-27,1926,1913.5,11-Sep-2026 16:00:28,1895,N,-1.39,1455434865,EQ,BAJAJFINSV,762375,NIFTY 50
996.57,-14,1001.9,995.7,11-Sep-2026 16:00:28,993,N,-1.39,7744454096.13,EQ,SBIN,7771109,NIFTY 50
12427.72,-190,12541,12400,11-Sep-2026 16:00:28,12381,N,-1.51,6398635340.96,EQ,MARUTI,514868,NIFTY 50
237.83,-4.77,243.16,232.5,11-Sep-2026 16:00:28,232.5,N,-2.01,6451978527.73,EQ,ONGC,27128531,NIFTY 50
182.37,-3.78,184.24,183,11-Sep-2026 16:00:28,180.79,N,-2.02,5746516268.22,EQ,TATASTEEL,31510206,NIFTY 50
7581.64,-167,7633,7530,11-Sep-2026 16:00:28,7530,N,-2.17,3368371019.2,EQ,EICHERMOT,444280,NIFTY 50
1276.23,-39,1286.9,1265,11-Sep-2026 16:00:28,1265,N,-2.99,2017648161.12,EQ,JSWSTEEL,1580944,NIFTY 50
984.43,-32.5,992.8,981.5,11-Sep-2026 16:00:28,973.1,N,-3.21,4680465543.99,EQ,HINDALCO,4754493,NIFTY 50
412.29,6,417.15,416.5,11-Sep-2026 16:00:28,403,N,1.46,4007171846.16,EQ,VBL,9719304,NIFTY NEXT 50
11061.36,142,11146,11134,11-Sep-2026 16:00:28,10922,N,1.29,552072477.6,EQ,BAJAJHLDNG,49910,NIFTY NEXT 50
163.98,1.25,165.58,164.45,11-Sep-2026 16:00:28,160.71,N,0.77,2164566008.34,EQ,MOTHERSON,13200183,NIFTY NEXT 50
4944.39,35.5,4988,4965.5,11-Sep-2026 16:00:28,4894,N,0.72,1300938230.46,EQ,TORNTPHARM,263114,NIFTY NEXT 50
300.44,1.5,306.45,304.5,11-Sep-2026 16:00:28,296,N,0.50,1243123978.32,EQ,BPCL,4137678,NIFTY NEXT 50
715.19,2.75,720.75,718.5,11-Sep-2026 16:00:28,708.6,N,0.38,729207008.81,EQ,INDHOTEL,1019599,NIFTY NEXT 50
236.5,0.51,238.13,238.13,11-Sep-2026 16:00:28,234.3,N,0.21,1659822037.5,EQ,BANKBARODA,7018275,NIFTY NEXT 50
350.61,0.65,353.45,353.45,11-Sep-2026 16:00:28,348,N,0.18,2173294301.49,EQ,PFC,6198609,NIFTY NEXT 50
134.51,0.17,136.16,135.11,11-Sep-2026 16:00:28,133.25,N,0.13,968880775.89,EQ,IOC,7203039,NIFTY NEXT 50
1122.59,1.3,1135.5,1119.1,11-Sep-2026 16:00:28,1104.6,N,0.12,1166143124.23,EQ,ZYDUSLIFE,1038797,NIFTY NEXT 50
4117.24,3.5,4151.9,4125,11-Sep-2026 16:00:28,4062.8,N,0.08,1872306655.52,EQ,TVSMOTOR,454748,NIFTY NEXT 50
3915.47,2.6,3957,3957,11-Sep-2026 16:00:28,3858.4,N,0.07,675473391.58,EQ,SIEMENS,172514,NIFTY NEXT 50
80.57,0.01,81.09,81.09,11-Sep-2026 16:00:28,80.1,N,0.01,646898624.82,EQ,IRFC,8029026,NIFTY NEXT 50
361.97,-0.15,365.15,363,11-Sep-2026 16:00:28,356.8,N,-0.04,179301115.56,EQ,TATACAP,495348,NIFTY NEXT 50
3673.82,-2,3706.2,3688,11-Sep-2026 16:00:28,3650,N,-0.05,2609102878.16,EQ,DMART,710188,NIFTY NEXT 50
116.76,-0.1,117.79,116.75,11-Sep-2026 16:00:28,114.52,N,-0.09,1340401413.96,EQ,PNB,11479971,NIFTY NEXT 50
1558.39,-2.1,1567.9,1566.9,11-Sep-2026 16:00:28,1540.4,N,-0.13,606787197.52,EQ,PIDILITIND,389368,NIFTY NEXT 50
3166.14,-4.1,3191,3175,11-Sep-2026 16:00:28,3124,N,-0.13,664069369.74,EQ,ENRIN,209741,NIFTY NEXT 50
313.39,-1.1,315.05,312.7,11-Sep-2026 16:00:28,311.25,N,-0.35,1413357247.61,EQ,RECLTD,4509899,NIFTY NEXT 50
22364.83,-80,22500,22290,11-Sep-2026 16:00:28,22130,N,-0.36,3328736567.54,EQ,SOLARINDS,148838,NIFTY NEXT 50
1396.11,-5,1407.2,1395,11-Sep-2026 16:00:28,1384.3,N,-0.36,771843601.83,EQ,UNITDSPR,552853,NIFTY NEXT 50
123.47,-0.6,124.06,124,11-Sep-2026 16:00:28,122.65,N,-0.48,1374360497.63,EQ,CANBK,11131129,NIFTY NEXT 50
174.31,-0.87,175.18,173.62,11-Sep-2026 16:00:28,173.01,N,-0.50,1180118268.37,EQ,GAIL,6770227,NIFTY NEXT 50
867.12,-4.9,872.6,865,11-Sep-2026 16:00:28,859,N,-0.56,670124209.92,EQ,GODREJCP,772816,NIFTY NEXT 50
177.89,-1.1,179.65,178.1,11-Sep-2026 16:00:28,175.53,N,-0.61,1320389236.56,EQ,UNIONBANK,7422504,NIFTY NEXT 50
904.77,-5.55,912.5,909,11-Sep-2026 16:00:28,889,N,-0.61,1957165892.28,EQ,CGPOWER,2163164,NIFTY NEXT 50
365.49,-2.35,367.4,364.65,11-Sep-2026 16:00:28,362.95,N,-0.64,886580788.68,EQ,TATAPOWER,2425732,NIFTY NEXT 50
1820.89,-13.1,1850.2,1845.9,11-Sep-2026 16:00:28,1795.1,N,-0.70,2740710762.61,EQ,CHOLAFIN,1505149,NIFTY NEXT 50
7261.67,-55,7324,7274,11-Sep-2026 16:00:28,7173,N,-0.75,1397305064.74,EQ,ABB,192422,NIFTY NEXT 50
48546.15,-390,48960,48385,11-Sep-2026 16:00:28,48080,N,-0.80,965971292.7,EQ,BOSCHLTD,19898,NIFTY NEXT 50
4903.79,-45,4930,4905,11-Sep-2026 16:00:28,4875,N,-0.91,3740385437.66,EQ,HAL,762754,NIFTY NEXT 50
4986.72,-47,5012.5,4962,11-Sep-2026 16:00:28,4945,N,-0.94,971697299.04,EQ,BRITANNIA,194857,NIFTY NEXT 50
22542.44,-215,22680,22570,11-Sep-2026 16:00:28,22370,N,-0.94,364533797.24,EQ,SHREECEM,16171,NIFTY NEXT 50
390.04,-3.75,393.55,391.85,11-Sep-2026 16:00:28,387.65,N,-0.95,511362722.08,EQ,AMBUJACEM,1311052,NIFTY NEXT 50
433.27,-5.15,436.95,434.1,11-Sep-2026 16:00:28,425.35,N,-1.17,3080330898.65,EQ,TMCV,7109495,NIFTY NEXT 50
2403.44,-29.9,2424.6,2403.9,11-Sep-2026 16:00:28,2366.1,N,-1.23,1628674291.92,EQ,HDFCAMC,677643,NIFTY NEXT 50
9353.55,-116.5,9415,9322,11-Sep-2026 16:00:28,9310.5,N,-1.23,4833503083.8,EQ,DIVISLAB,516756,NIFTY NEXT 50
1372.66,-18.9,1382,1373,11-Sep-2026 16:00:28,1364.2,N,-1.36,1584604194.64,EQ,ADANIENSOL,1154404,NIFTY NEXT 50
1282.81,-17.8,1302.4,1281.3,11-Sep-2026 16:00:28,1273.2,N,-1.37,1279048801.08,EQ,ADANIGREEN,997068,NIFTY NEXT 50
2184.68,-31,2195.5,2174,11-Sep-2026 16:00:28,2170.6,N,-1.41,1059143787.4,EQ,HYUNDAI,484805,NIFTY NEXT 50
1113.23,-16.5,1122,1120.5,11-Sep-2026 16:00:28,1058,N,-1.45,612117308.11,EQ,JINDALSTEL,549857,NIFTY NEXT 50
5069.32,-85,5152,5070,11-Sep-2026 16:00:28,5020.5,N,-1.65,1677995613.2,EQ,CUMMINSIND,331010,NIFTY NEXT 50
209.99,-3.53,212.48,209.97,11-Sep-2026 16:00:28,208.41,N,-1.65,2156893805.88,EQ,ADANIPOWER,10271412,NIFTY NEXT 50
638.07,-11.35,651.4,644.5,11-Sep-2026 16:00:28,630,N,-1.73,2872795960.47,EQ,DLF,4502321,NIFTY NEXT 50
2763.53,-49.4,2820,2792.1,11-Sep-2026 16:00:28,2728.6,N,-1.74,2805803718.41,EQ,MUTHOOTFIN,1015297,NIFTY NEXT 50
2329.97,-44.2,2367.6,2339,11-Sep-2026 16:00:28,2315.4,N,-1.85,1187143014.7,EQ,MAZDOCK,509510,NIFTY NEXT 50
262.2,-5.35,264.85,263.7,11-Sep-2026 16:00:28,256.5,N,-1.99,3105490507.2,EQ,VEDL,11843976,NIFTY NEXT 50
4308.98,-99,4366.8,4275,11-Sep-2026 16:00:28,4275,N,-2.26,1505187039.72,EQ,LTM,349314,NIFTY NEXT 50
575.55,-17.15,583.3,576.45,11-Sep-2026 16:00:28,565.55,N,-2.89,4120241584.5,EQ,HINDZINC,7158790,NIFTY NEXT 50
1098,-46.5,1145.8,1116.9,11-Sep-2026 16:00:28,1075.5,N,-4.00,4602677652,EQ,LODHA,4191874,NIFTY NEXT 50
23.29,1.18,23.95,23.48,11-Sep-2026 16:00:28,22.07,N,5.29,5468318978.59,EQ,YESBANK,234792571,NIFTY BANK
693.3,14.45,709,708.25,11-Sep-2026 16:00:28,681.9,N,2.08,21777893842.2,EQ,HDFCBANK,31411934,NIFTY BANK
415.61,2.45,420,419,11-Sep-2026 16:00:28,409.25,N,0.59,6316225909.63,EQ,KOTAKBANK,15197483,NIFTY BANK
1048.8,4.2,1061.2,1058.9,11-Sep-2026 16:00:28,1033.2,N,0.40,1110441122.4,EQ,AUBANK,1058773,NIFTY BANK
236.5,0.51,238.13,238.13,11-Sep-2026 16:00:28,234.3,N,0.21,1659822037.5,EQ,BANKBARODA,7018275,NIFTY BANK
1245.37,0,1252.8,1246,11-Sep-2026 16:00:28,1229.8,N,0.00,5681732870.45,EQ,AXISBANK,4562285,NIFTY BANK
116.76,-0.1,117.79,116.75,11-Sep-2026 16:00:28,114.52,N,-0.09,1340401413.96,EQ,PNB,11479971,NIFTY BANK
1379.59,-5.2,1389,1379.3,11-Sep-2026 16:00:28,1367.6,N,-0.38,9745999049.03,EQ,ICICIBANK,7064417,NIFTY BANK
343.45,-1.5,345.3,344.5,11-Sep-2026 16:00:28,341.15,N,-0.43,1095138408,EQ,FEDERALBNK,3188640,NIFTY BANK
123.47,-0.6,124.06,124,11-Sep-2026 16:00:28,122.65,N,-0.48,1374360497.63,EQ,CANBK,11131129,NIFTY BANK
177.89,-1.1,179.65,178.1,11-Sep-2026 16:00:28,175.53,N,-0.61,1320389236.56,EQ,UNIONBANK,7422504,NIFTY BANK
86.19,-0.63,86.73,86.21,11-Sep-2026 16:00:28,85.41,N,-0.73,1201300188.66,EQ,IDFCFIRSTB,13937814,NIFTY BANK
996.57,-14,1001.9,995.7,11-Sep-2026 16:00:28,993,N,-1.39,7744454096.13,EQ,SBIN,7771109,NIFTY BANK
977.36,-15.1,988.7,978.2,11-Sep-2026 16:00:28,972.3,N,-1.52,2447903674.88,EQ,INDUSINDBK,2504608,NIFTY BANK
3255.4,78,3394.4,3384,11-Sep-2026 16:00:28,3193.2,N,2.36,14084400204.2,EQ,BSE,4326473,NIFTY FIN SERVICE
693.3,14.45,709,708.25,11-Sep-2026 16:00:28,681.9,N,2.08,21777893842.2,EQ,HDFCBANK,31411934,NIFTY FIN SERVICE
562.38,10.6,572.35,562.9,11-Sep-2026 16:00:28,546,N,1.92,6499114101.48,EQ,LICHSGFIN,11556446,NIFTY FIN SERVICE
526.59,3.85,531.5,530,11-Sep-2026 16:00:28,518.2,N,0.73,2173693483.53,EQ,HDFCLIFE,4127867,NIFTY FIN SERVICE
415.61,2.45,420,419,11-Sep-2026 16:00:28,409.25,N,0.59,6316225909.63,EQ,KOTAKBANK,15197483,NIFTY FIN SERVICE
350.61,0.65,353.45,353.45,11-Sep-2026 16:00:28,348,N,0.18,2173294301.49,EQ,PFC,6198609,NIFTY FIN SERVICE
1245.37,0,1252.8,1246,11-Sep-2026 16:00:28,1229.8,N,0.00,5681732870.45,EQ,AXISBANK,4562285,NIFTY FIN SERVICE
228.12,-0.35,231.37,229.9,11-Sep-2026 16:00:28,226.44,N,-0.15,5042033934.12,EQ,JIOFIN,22102551,NIFTY FIN SERVICE
1475.97,-2.9,1488,1477,11-Sep-2026 16:00:28,1453.6,N,-0.20,517129705.02,EQ,MFSL,350366,NIFTY FIN SERVICE
313.39,-1.1,315.05,312.7,11-Sep-2026 16:00:28,311.25,N,-0.35,1413357247.61,EQ,RECLTD,4509899,NIFTY FIN SERVICE
1450.33,-5.2,1465,1459.8,11-Sep-2026 16:00:28,1443.7,N,-0.35,962517305.82,EQ,ICICIGI,663654,NIFTY FIN SERVICE
1379.59,-5.2,1389,1379.3,11-Sep-2026 16:00:28,1367.6,N,-0.38,9745999049.03,EQ,ICICIBANK,7064417,NIFTY FIN SERVICE
1820.89,-13.1,1850.2,1845.9,11-Sep-2026 16:00:28,1795.1,N,-0.70,2740710762.61,EQ,CHOLAFIN,1505149,NIFTY FIN SERVICE
1027.91,-9,1035,1034.5,11-Sep-2026 16:00:28,1015.1,N,-0.86,5562328355.09,EQ,BAJFINANCE,5411299,NIFTY FIN SERVICE
1025.52,-9.4,1034.5,1028.6,11-Sep-2026 16:00:28,1013.2,N,-0.91,3252146457.84,EQ,SHRIRAMFIN,3171217,NIFTY FIN SERVICE
1687.25,-15.9,1697.7,1684.7,11-Sep-2026 16:00:28,1671,N,-0.93,520737654.75,EQ,SBILIFE,308631,NIFTY FIN SERVICE
1909.08,-27,1926,1913.5,11-Sep-2026 16:00:28,1895,N,-1.39,1455434865,EQ,BAJAJFINSV,762375,NIFTY FIN SERVICE
996.57,-14,1001.9,995.7,11-Sep-2026 16:00:28,993,N,-1.39,7744454096.13,EQ,SBIN,7771109,NIFTY FIN SERVICE
655.42,-11.1,665.15,655.2,11-Sep-2026 16:00:28,650.05,N,-1.67,1030118370.64,EQ,SBICARD,1571692,NIFTY FIN SERVICE
2763.53,-49.4,2820,2792.1,11-Sep-2026 16:00:28,2728.6,N,-1.74,2805803718.41,EQ,MUTHOOTFIN,1015297,NIFTY FIN SERVICE
191.88,25.68,206.38,198.85,11-Sep-2026 16:00:28,170.96,N,14.83,53092437882.12,EQ,PINELABS,276696049,NIFTY 500
134.11,9.37,137.12,136.1,11-Sep-2026 16:00:28,125.37,N,7.39,5520233942.46,EQ,PWL,41161986,NIFTY 500
23.29,1.18,23.95,23.48,11-Sep-2026 16:00:28,22.07,N,5.29,5468318978.59,EQ,YESBANK,234792571,NIFTY 500
23272.74,1055,24050,23440,11-Sep-2026 16:00:28,22055,N,4.71,1533231383.94,EQ,PTCIL,65881,NIFTY 500
548.99,24.8,556.85,555.45,11-Sep-2026 16:00:28,521,N,4.67,1076138981.84,EQ,FIVESTAR,1960216,NIFTY 500
1677.25,76.3,1716.4,1714,11-Sep-2026 16:00:28,1624.1,N,4.66,235524476.75,EQ,INDIAMART,140423,NIFTY 500
543,23.8,558,536.1,11-Sep-2026 16:00:28,503,N,4.65,3255076488,EQ,AIIL,5994616,NIFTY 500
384.78,16,390.85,388,11-Sep-2026 16:00:28,372,N,4.30,6428519844.78,EQ,INDUSTOWER,16707001,NIFTY 500
475.55,19.6,485.5,475.15,11-Sep-2026 16:00:28,450,N,4.30,1575180909.25,EQ,SUNTV,3312335,NIFTY 500
622.46,24.55,636.9,636,11-Sep-2026 16:00:28,599,N,4.02,350868875.26,EQ,ABDL,563681,NIFTY 500
1488,57.2,1529,1510,11-Sep-2026 16:00:28,1426.9,N,3.94,554285952,EQ,CONCORDBIO,372504,NIFTY 500
1793.95,68.5,1840,1807.5,11-Sep-2026 16:00:28,1726.8,N,3.94,16628901124.3,EQ,PAYTM,9269434,NIFTY 500
1338.98,45.4,1364.6,1353,11-Sep-2026 16:00:28,1287.7,N,3.47,1629304338.5,EQ,AEGISLOG,1216825,NIFTY 500
1600.91,50.1,1624.7,1592,11-Sep-2026 16:00:28,1530,N,3.25,1471373968.26,EQ,ONESOURCE,919086,NIFTY 500
2581.45,79,2635,2625,11-Sep-2026 16:00:28,2515.1,N,3.10,2754520733.8,EQ,WAAREEENER,1067044,NIFTY 500
1545.72,44,1565.1,1558,11-Sep-2026 16:00:28,1489,N,2.91,2065647653.52,EQ,BLUESTARCO,1336366,NIFTY 500
298.01,7.7,307.4,305,11-Sep-2026 16:00:28,289.05,N,2.59,1770974490.68,EQ,ANGELONE,5942668,NIFTY 500
1216.12,30.1,1237,1225,11-Sep-2026 16:00:28,1168,N,2.52,318043350.76,EQ,SCHNEIDER,261523,NIFTY 500
83.33,1.93,84.2,83.55,11-Sep-2026 16:00:28,80.62,N,2.36,1843838910.16,EQ,IDBI,22126952,NIFTY 500
3255.4,78,3394.4,3384,11-Sep-2026 16:00:28,3193.2,N,2.36,14084400204.2,EQ,BSE,4326473,NIFTY 500
526.94,-13.75,534.5,523.5,11-Sep-2026 16:00:28,522.8,N,-2.56,197352730.44,EQ,SARDAEN,374526,NIFTY 500
179.81,-4.75,182.43,179,11-Sep-2026 16:00:28,178.65,N,-2.59,1575896376.11,EQ,SAIL,8764231,NIFTY 500
17753.01,-470,18048,17705,11-Sep-2026 16:00:28,17630,N,-2.59,1156271294.31,EQ,FORCEMOT,65131,NIFTY 500
82.76,-2.2,83.79,82.4,11-Sep-2026 16:00:28,82.25,N,-2.60,764226943.8,EQ,NMDC,9234255,NIFTY 500
1750.48,-47.4,1783,1736.3,11-Sep-2026 16:00:28,1732.4,N,-2.66,145860496.48,EQ,IKS,83326,NIFTY 500
255.8,-7.25,263.75,253.6,11-Sep-2026 16:00:28,249,N,-2.78,473140981.6,EQ,AFCONS,1849652,NIFTY 500
1732.72,-50.9,1780,1741.1,11-Sep-2026 16:00:28,1714.8,N,-2.84,941210038.56,EQ,OBEROIRLTY,543198,NIFTY 500
575.55,-17.15,583.3,576.45,11-Sep-2026 16:00:28,565.55,N,-2.89,4120241584.5,EQ,HINDZINC,7158790,NIFTY 500
552.01,-16.4,566,549.75,11-Sep-2026 16:00:28,547.3,N,-2.90,78894373.22,EQ,BIKAJI,142922,NIFTY 500
83.13,-2.48,85.59,82.67,11-Sep-2026 16:00:28,81.52,N,-2.91,9217964568.81,EQ,IFCI,110886137,NIFTY 500
1485.88,-45.6,1530.8,1498,11-Sep-2026 16:00:28,1467.2,N,-2.95,1109398126.76,EQ,PRESTIGE,746627,NIFTY 500
1276.23,-39,1286.9,1265,11-Sep-2026 16:00:28,1265,N,-2.99,2017648161.12,EQ,JSWSTEEL,1580944,NIFTY 500
1598.91,-49.8,1635.1,1596,11-Sep-2026 16:00:28,1583.2,N,-3.03,517354511.97,EQ,DEEPAKNTR,323567,NIFTY 500
557.56,-17.5,570,548.8,11-Sep-2026 16:00:28,545.3,N,-3.09,117472316.4,EQ,ZYDUSWELL,210690,NIFTY 500
984.43,-32.5,992.8,981.5,11-Sep-2026 16:00:28,973.1,N,-3.21,4680465543.99,EQ,HINDALCO,4754493,NIFTY 500
2695.19,-90,2761.8,2686.9,11-Sep-2026 16:00:28,2658.5,N,-3.24,3292215012.85,EQ,WELCORP,1221515,NIFTY 500
245.89,-8.23,248.79,244,11-Sep-2026 16:00:28,242.5,N,-3.26,531501808.27,EQ,GPIL,2161543,NIFTY 500
1414.58,-47.6,1456,1411.4,11-Sep-2026 16:00:28,1402.5,N,-3.26,1233749994.86,EQ,ASTRAL,872167,NIFTY 500
178.08,-5.92,186.83,175.4,11-Sep-2026 16:00:28,173.51,N,-3.26,2797397638.56,EQ,MRPL,15708657,NIFTY 500
358.3,-12.35,365,361,11-Sep-2026 16:00:28,352.35,N,-3.31,2350632166.2,EQ,NATIONALUM,6560514,NIFTY 500
1609.49,-56.4,1677.5,1570,11-Sep-2026 16:00:28,1563.1,N,-3.47,4694784151.11,EQ,CHENNPETRO,2916939,NIFTY 500
544.37,-20.15,553.95,534,11-Sep-2026 16:00:28,533.35,N,-3.64,196696667.73,EQ,THELEELA,361329,NIFTY 500
1098,-46.5,1145.8,1116.9,11-Sep-2026 16:00:28,1075.5,N,-4.00,4602677652,EQ,LODHA,4191874,NIFTY 500
768.9,-32.4,786.1,763.25,11-Sep-2026 16:00:28,760.75,N,-4.07,230855304.9,EQ,WHIRLPOOL,300241,NIFTY 500
3402.93,-145.6,3499.1,3364.4,11-Sep-2026 16:00:28,3364.4,N,-4.15,443160170.97,EQ,SUPREMEIND,130229,NIFTY 500
1286.36,-57.4,1315.2,1280,11-Sep-2026 16:00:28,1276,N,-4.29,445305673,EQ,ABREL,346175,NIFTY 500
2256.6,-106,2365,2259,11-Sep-2026 16:00:28,2191,N,-4.48,2538420004.2,EQ,PIIND,1124887,NIFTY 500
237.48,-12.45,243,237.2,11-Sep-2026 16:00:28,237.2,N,-4.99,299000143.92,BE,HEG,1259054,NIFTY 500
1748.94,-124,1855,1748,11-Sep-2026 16:00:28,1719,N,-6.62,4694763591.12,EQ,GODREJPROP,2684348,NIFTY 500
1405.32,-139.4,1510,1381,11-Sep-2026 16:00:28,1372,N,-9.17,8980669353.6,EQ,COCHINSHIP,6390480,NIFTY 500
191.88,25.68,206.38,198.85,11-Sep-2026 16:00:28,170.96,N,14.83,53092437882.12,EQ,PINELABS,276696049,NIFTY MIDSML 400
134.11,9.37,137.12,136.1,11-Sep-2026 16:00:28,125.37,N,7.39,5520233942.46,EQ,PWL,41161986,NIFTY MIDSML 400
23.29,1.18,23.95,23.48,11-Sep-2026 16:00:28,22.07,N,5.29,5468318978.59,EQ,YESBANK,234792571,NIFTY MIDSML 400
23272.74,1055,24050,23440,11-Sep-2026 16:00:28,22055,N,4.71,1533231383.94,EQ,PTCIL,65881,NIFTY MIDSML 400
548.99,24.8,556.85,555.45,11-Sep-2026 16:00:28,521,N,4.67,1076138981.84,EQ,FIVESTAR,1960216,NIFTY MIDSML 400
1677.25,76.3,1716.4,1714,11-Sep-2026 16:00:28,1624.1,N,4.66,235524476.75,EQ,INDIAMART,140423,NIFTY MIDSML 400
543,23.8,558,536.1,11-Sep-2026 16:00:28,503,N,4.65,3255076488,EQ,AIIL,5994616,NIFTY MIDSML 400
384.78,16,390.85,388,11-Sep-2026 16:00:28,372,N,4.30,6428519844.78,EQ,INDUSTOWER,16707001,NIFTY MIDSML 400
475.55,19.6,485.5,475.15,11-Sep-2026 16:00:28,450,N,4.30,1575180909.25,EQ,SUNTV,3312335,NIFTY MIDSML 400
622.46,24.55,636.9,636,11-Sep-2026 16:00:28,599,N,4.02,350868875.26,EQ,ABDL,563681,NIFTY MIDSML 400
1793.95,68.5,1840,1807.5,11-Sep-2026 16:00:28,1726.8,N,3.94,16628901124.3,EQ,PAYTM,9269434,NIFTY MIDSML 400
1488,57.2,1529,1510,11-Sep-2026 16:00:28,1426.9,N,3.94,554285952,EQ,CONCORDBIO,372504,NIFTY MIDSML 400
1338.98,45.4,1364.6,1353,11-Sep-2026 16:00:28,1287.7,N,3.47,1629304338.5,EQ,AEGISLOG,1216825,NIFTY MIDSML 400
1600.91,50.1,1624.7,1592,11-Sep-2026 16:00:28,1530,N,3.25,1471373968.26,EQ,ONESOURCE,919086,NIFTY MIDSML 400
2581.45,79,2635,2625,11-Sep-2026 16:00:28,2515.1,N,3.10,2754520733.8,EQ,WAAREEENER,1067044,NIFTY MIDSML 400
1545.72,44,1565.1,1558,11-Sep-2026 16:00:28,1489,N,2.91,2065647653.52,EQ,BLUESTARCO,1336366,NIFTY MIDSML 400
298.01,7.7,307.4,305,11-Sep-2026 16:00:28,289.05,N,2.59,1770974490.68,EQ,ANGELONE,5942668,NIFTY MIDSML 400
1216.12,30.1,1237,1225,11-Sep-2026 16:00:28,1168,N,2.52,318043350.76,EQ,SCHNEIDER,261523,NIFTY MIDSML 400
3255.4,78,3394.4,3384,11-Sep-2026 16:00:28,3193.2,N,2.36,14084400204.2,EQ,BSE,4326473,NIFTY MIDSML 400
83.33,1.93,84.2,83.55,11-Sep-2026 16:00:28,80.62,N,2.36,1843838910.16,EQ,IDBI,22126952,NIFTY MIDSML 400
113.75,-2.75,115.91,113.88,11-Sep-2026 16:00:28,113,N,-2.36,757238300,EQ,IEX,6657040,NIFTY MIDSML 400
285.46,-6.95,291.15,284.5,11-Sep-2026 16:00:28,282.7,N,-2.38,230373356.5,EQ,JAINREC,807025,NIFTY MIDSML 400
268.26,-6.75,271.95,265.5,11-Sep-2026 16:00:28,265.2,N,-2.48,525378357.42,EQ,CGCL,1958467,NIFTY MIDSML 400
509.94,-13.3,518.55,505.95,11-Sep-2026 16:00:28,504.8,N,-2.56,262758823.56,EQ,TENNIND,515274,NIFTY MIDSML 400
526.94,-13.75,534.5,523.5,11-Sep-2026 16:00:28,522.8,N,-2.56,197352730.44,EQ,SARDAEN,374526,NIFTY MIDSML 400
179.81,-4.75,182.43,179,11-Sep-2026 16:00:28,178.65,N,-2.59,1575896376.11,EQ,SAIL,8764231,NIFTY MIDSML 400
17753.01,-470,18048,17705,11-Sep-2026 16:00:28,17630,N,-2.59,1156271294.31,EQ,FORCEMOT,65131,NIFTY MIDSML 400
82.76,-2.2,83.79,82.4,11-Sep-2026 16:00:28,82.25,N,-2.60,764226943.8,EQ,NMDC,9234255,NIFTY MIDSML 400
1750.48,-47.4,1783,1736.3,11-Sep-2026 16:00:28,1732.4,N,-2.66,145860496.48,EQ,IKS,83326,NIFTY MIDSML 400
255.8,-7.25,263.75,253.6,11-Sep-2026 16:00:28,249,N,-2.78,473140981.6,EQ,AFCONS,1849652,NIFTY MIDSML 400
1732.72,-50.9,1780,1741.1,11-Sep-2026 16:00:28,1714.8,N,-2.84,941210038.56,EQ,OBEROIRLTY,543198,NIFTY MIDSML 400
552.01,-16.4,566,549.75,11-Sep-2026 16:00:28,547.3,N,-2.90,78894373.22,EQ,BIKAJI,142922,NIFTY MIDSML 400
83.13,-2.48,85.59,82.67,11-Sep-2026 16:00:28,81.52,N,-2.91,9217964568.81,EQ,IFCI,110886137,NIFTY MIDSML 400
1485.88,-45.6,1530.8,1498,11-Sep-2026 16:00:28,1467.2,N,-2.95,1109398126.76,EQ,PRESTIGE,746627,NIFTY MIDSML 400
1598.91,-49.8,1635.1,1596,11-Sep-2026 16:00:28,1583.2,N,-3.03,517354511.97,EQ,DEEPAKNTR,323567,NIFTY MIDSML 400
557.56,-17.5,570,548.8,11-Sep-2026 16:00:28,545.3,N,-3.09,117472316.4,EQ,ZYDUSWELL,210690,NIFTY MIDSML 400
2695.19,-90,2761.8,2686.9,11-Sep-2026 16:00:28,2658.5,N,-3.24,3292215012.85,EQ,WELCORP,1221515,NIFTY MIDSML 400
178.08,-5.92,186.83,175.4,11-Sep-2026 16:00:28,173.51,N,-3.26,2797397638.56,EQ,MRPL,15708657,NIFTY MIDSML 400
1414.58,-47.6,1456,1411.4,11-Sep-2026 16:00:28,1402.5,N,-3.26,1233749994.86,EQ,ASTRAL,872167,NIFTY MIDSML 400
245.89,-8.23,248.79,244,11-Sep-2026 16:00:28,242.5,N,-3.26,531501808.27,EQ,GPIL,2161543,NIFTY MIDSML 400
358.3,-12.35,365,361,11-Sep-2026 16:00:28,352.35,N,-3.31,2350632166.2,EQ,NATIONALUM,6560514,NIFTY MIDSML 400
1609.49,-56.4,1677.5,1570,11-Sep-2026 16:00:28,1563.1,N,-3.47,4694784151.11,EQ,CHENNPETRO,2916939,NIFTY MIDSML 400
544.37,-20.15,553.95,534,11-Sep-2026 16:00:28,533.35,N,-3.64,196696667.73,EQ,THELEELA,361329,NIFTY MIDSML 400
768.9,-32.4,786.1,763.25,11-Sep-2026 16:00:28,760.75,N,-4.07,230855304.9,EQ,WHIRLPOOL,300241,NIFTY MIDSML 400
3402.93,-145.6,3499.1,3364.4,11-Sep-2026 16:00:28,3364.4,N,-4.15,443160170.97,EQ,SUPREMEIND,130229,NIFTY MIDSML 400
1286.36,-57.4,1315.2,1280,11-Sep-2026 16:00:28,1276,N,-4.29,445305673,EQ,ABREL,346175,NIFTY MIDSML 400
2256.6,-106,2365,2259,11-Sep-2026 16:00:28,2191,N,-4.48,2538420004.2,EQ,PIIND,1124887,NIFTY MIDSML 400
237.48,-12.45,243,237.2,11-Sep-2026 16:00:28,237.2,N,-4.99,299000143.92,BE,HEG,1259054,NIFTY MIDSML 400
1748.94,-124,1855,1748,11-Sep-2026 16:00:28,1719,N,-6.62,4694763591.12,EQ,GODREJPROP,2684348,NIFTY MIDSML 400
1405.32,-139.4,1510,1381,11-Sep-2026 16:00:28,1372,N,-9.17,8980669353.6,EQ,COCHINSHIP,6390480,NIFTY MIDSML 400
283.43,44.1,299.45,293.7,11-Sep-2026 16:00:28,244.1,N,17.67,6786888086.79,EQ,AWFIS,23945553,NIFTY TOTAL MKT
191.88,25.68,206.38,198.85,11-Sep-2026 16:00:28,170.96,N,14.83,53092437882.12,EQ,PINELABS,276696049,NIFTY TOTAL MKT
788.04,60.25,808.4,805.1,11-Sep-2026 16:00:28,740,N,8.09,1311131495.52,EQ,BBOX,1663788,NIFTY TOTAL MKT
607.17,45.1,634.4,631,11-Sep-2026 16:00:28,575,N,7.70,2691816548.94,EQ,BLACKBUCK,4433382,NIFTY TOTAL MKT
134.11,9.37,137.12,136.1,11-Sep-2026 16:00:28,125.37,N,7.39,5520233942.46,EQ,PWL,41161986,NIFTY TOTAL MKT
15.94,0.94,16.4,16.3,11-Sep-2026 16:00:28,15,N,6.12,675951831.28,EQ,CCAVENUE,42406012,NIFTY TOTAL MKT
23.29,1.18,23.95,23.48,11-Sep-2026 16:00:28,22.07,N,5.29,5468318978.59,EQ,YESBANK,234792571,NIFTY TOTAL MKT
416.45,20.95,425,419,11-Sep-2026 16:00:28,389,N,5.26,1515184610.75,EQ,HERITGFOOD,3638335,NIFTY TOTAL MKT
787.18,40,812.8,802.75,11-Sep-2026 16:00:28,743.05,N,5.24,3373031664.08,EQ,TDPOWERSYS,4284956,NIFTY TOTAL MKT
11983.47,582,12300,12125,11-Sep-2026 16:00:28,11250,N,5.04,745108197.66,EQ,DYNAMATECH,62178,NIFTY TOTAL MKT
876.53,42.7,897.45,897.45,11-Sep-2026 16:00:28,830,N,5.00,2112007800.3,BE,STLTECH,2409510,NIFTY TOTAL MKT
361.61,17.55,369.05,369.05,11-Sep-2026 16:00:28,341,N,4.99,470381926.39,BE,DIACABS,1300799,NIFTY TOTAL MKT
6421.45,312,6591.5,6590,11-Sep-2026 16:00:28,6064.5,N,4.97,702339672.3,EQ,SMLMAH,109374,NIFTY TOTAL MKT
23272.74,1055,24050,23440,11-Sep-2026 16:00:28,22055,N,4.71,1533231383.94,EQ,PTCIL,65881,NIFTY TOTAL MKT
548.99,24.8,556.85,555.45,11-Sep-2026 16:00:28,521,N,4.67,1076138981.84,EQ,FIVESTAR,1960216,NIFTY TOTAL MKT
1677.25,76.3,1716.4,1714,11-Sep-2026 16:00:28,1624.1,N,4.66,235524476.75,EQ,INDIAMART,140423,NIFTY TOTAL MKT
543,23.8,558,536.1,11-Sep-2026 16:00:28,503,N,4.65,3255076488,EQ,AIIL,5994616,NIFTY TOTAL MKT
184.08,7.8,187.5,187.5,11-Sep-2026 16:00:28,175.1,N,4.34,116257012.56,EQ,CRIZAC,631557,NIFTY TOTAL MKT
877.57,36.85,899,892,11-Sep-2026 16:00:28,841.5,N,4.31,1148316141.26,EQ,BLUESTONE,1308518,NIFTY TOTAL MKT
475.55,19.6,485.5,475.15,11-Sep-2026 16:00:28,450,N,4.30,1575180909.25,EQ,SUNTV,3312335,NIFTY TOTAL MKT
1276.23,-39,1286.9,1265,11-Sep-2026 16:00:28,1265,N,-2.99,2017648161.12,EQ,JSWSTEEL,1580944,NIFTY TOTAL MKT
1598.91,-49.8,1635.1,1596,11-Sep-2026 16:00:28,1583.2,N,-3.03,517354511.97,EQ,DEEPAKNTR,323567,NIFTY TOTAL MKT
1193.88,-37,1215.9,1180,11-Sep-2026 16:00:28,1179,N,-3.04,192960855,EQ,STAR,161625,NIFTY TOTAL MKT
3283.36,-102.7,3366.1,3277.5,11-Sep-2026 16:00:28,3222.1,N,-3.04,633143442.24,EQ,SHAILY,192834,NIFTY TOTAL MKT
1682.14,-52.4,1708,1667,11-Sep-2026 16:00:28,1650,N,-3.05,57305463.38,EQ,ANUP,34067,NIFTY TOTAL MKT
557.56,-17.5,570,548.8,11-Sep-2026 16:00:28,545.3,N,-3.09,117472316.4,EQ,ZYDUSWELL,210690,NIFTY TOTAL MKT
257.56,-8.2,264,255.75,11-Sep-2026 16:00:28,254,N,-3.11,191869837.12,EQ,TRIVENI,744952,NIFTY TOTAL MKT
65.04,-2.1,67.41,65.43,11-Sep-2026 16:00:28,64.33,N,-3.11,60758676.96,EQ,JAIBALAJI,934174,NIFTY TOTAL MKT
984.43,-32.5,992.8,981.5,11-Sep-2026 16:00:28,973.1,N,-3.21,4680465543.99,EQ,HINDALCO,4754493,NIFTY TOTAL MKT
192.1,-6.34,195.35,190.4,11-Sep-2026 16:00:28,189.6,N,-3.22,164851383.4,EQ,SANDUMA,858154,NIFTY TOTAL MKT
2695.19,-90,2761.8,2686.9,11-Sep-2026 16:00:28,2658.5,N,-3.24,3292215012.85,EQ,WELCORP,1221515,NIFTY TOTAL MKT
178.08,-5.92,186.83,175.4,11-Sep-2026 16:00:28,173.51,N,-3.26,2797397638.56,EQ,MRPL,15708657,NIFTY TOTAL MKT
245.89,-8.23,248.79,244,11-Sep-2026 16:00:28,242.5,N,-3.26,531501808.27,EQ,GPIL,2161543,NIFTY TOTAL MKT
1414.58,-47.6,1456,1411.4,11-Sep-2026 16:00:28,1402.5,N,-3.26,1233749994.86,EQ,ASTRAL,872167,NIFTY TOTAL MKT
358.3,-12.35,365,361,11-Sep-2026 16:00:28,352.35,N,-3.31,2350632166.2,EQ,NATIONALUM,6560514,NIFTY TOTAL MKT
295.21,-10.1,303.35,293.25,11-Sep-2026 16:00:28,292,N,-3.33,63787795.96,EQ,ADVENZYMES,216076,NIFTY TOTAL MKT
1609.49,-56.4,1677.5,1570,11-Sep-2026 16:00:28,1563.1,N,-3.47,4694784151.11,EQ,CHENNPETRO,2916939,NIFTY TOTAL MKT
448.91,-16.45,461,446.9,11-Sep-2026 16:00:28,442.5,N,-3.55,871353164.22,EQ,MIDHANI,1941042,NIFTY TOTAL MKT
544.37,-20.15,553.95,534,11-Sep-2026 16:00:28,533.35,N,-3.64,196696667.73,EQ,THELEELA,361329,NIFTY TOTAL MKT
55.53,-2.22,57.32,55.38,11-Sep-2026 16:00:28,55.04,N,-3.85,154244459.34,EQ,EMBDL,2777678,NIFTY TOTAL MKT
1098,-46.5,1145.8,1116.9,11-Sep-2026 16:00:28,1075.5,N,-4.00,4602677652,EQ,LODHA,4191874,NIFTY TOTAL MKT
768.9,-32.4,786.1,763.25,11-Sep-2026 16:00:28,760.75,N,-4.07,230855304.9,EQ,WHIRLPOOL,300241,NIFTY TOTAL MKT
3402.93,-145.6,3499.1,3364.4,11-Sep-2026 16:00:28,3364.4,N,-4.15,443160170.97,EQ,SUPREMEIND,130229,NIFTY TOTAL MKT
1286.36,-57.4,1315.2,1280,11-Sep-2026 16:00:28,1276,N,-4.29,445305673,EQ,ABREL,346175,NIFTY TOTAL MKT
2256.6,-106,2365,2259,11-Sep-2026 16:00:28,2191,N,-4.48,2538420004.2,EQ,PIIND,1124887,NIFTY TOTAL MKT
552.53,-29.05,581,553.95,11-Sep-2026 16:00:28,541.35,N,-4.98,1195361082.96,EQ,SKIPPER,2163432,NIFTY TOTAL MKT
297.65,-15.5,310,294.9,11-Sep-2026 16:00:28,294.9,N,-4.99,48857759.25,BE,INDIAGLYCO,164145,NIFTY TOTAL MKT
237.48,-12.45,243,237.2,11-Sep-2026 16:00:28,237.2,N,-4.99,299000143.92,BE,HEG,1259054,NIFTY TOTAL MKT
1748.94,-124,1855,1748,11-Sep-2026 16:00:28,1719,N,-6.62,4694763591.12,EQ,GODREJPROP,2684348,NIFTY TOTAL MKT
1405.32,-139.4,1510,1381,11-Sep-2026 16:00:28,1372,N,-9.17,8980669353.6,EQ,COCHINSHIP,6390480,NIFTY TOTAL MKT
163.98,1.25,165.58,164.45,11-Sep-2026 16:00:28,160.71,N,0.77,2164566008.34,EQ,MOTHERSON,13200183,NIFTY AUTO
301,0.6,304.4,301.1,11-Sep-2026 16:00:28,296.5,N,0.20,2312641093,EQ,TMPV,7683193,NIFTY AUTO
4117.24,3.5,4151.9,4125,11-Sep-2026 16:00:28,4062.8,N,0.08,1872306655.52,EQ,TVSMOTOR,454748,NIFTY AUTO
1929.62,-10,1947.9,1944.9,11-Sep-2026 16:00:28,1908.6,N,-0.51,547579845.12,EQ,BHARATFORG,283776,NIFTY AUTO
3100.48,-16.8,3124.2,3107,11-Sep-2026 16:00:28,3069.1,N,-0.54,4066229912.32,EQ,M&M,1311484,NIFTY AUTO
11651.99,-90,11723,11678,11-Sep-2026 16:00:28,11529,N,-0.76,2502043464.69,EQ,BAJAJ-AUTO,214731,NIFTY AUTO
48546.15,-390,48960,48385,11-Sep-2026 16:00:28,48080,N,-0.80,965971292.7,EQ,BOSCHLTD,19898,NIFTY AUTO
5222.59,-58.5,5243,5221.5,11-Sep-2026 16:00:28,5186,N,-1.11,1314332667.17,EQ,HEROMOTOCO,251663,NIFTY AUTO
162.5,-2.37,165.04,163.75,11-Sep-2026 16:00:28,160,N,-1.43,3094715487.5,EQ,ASHOKLEY,19044403,NIFTY AUTO
12427.72,-190,12541,12400,11-Sep-2026 16:00:28,12381,N,-1.51,6398635340.96,EQ,MARUTI,514868,NIFTY AUTO
2601.79,-45.9,2637.1,2606.1,11-Sep-2026 16:00:28,2580.1,N,-1.73,351801034.85,EQ,TIINDIA,135215,NIFTY AUTO
1207.86,-23.2,1217.6,1201.6,11-Sep-2026 16:00:28,1199.5,N,-1.89,452563400.52,EQ,UNOMINDA,374682,NIFTY AUTO
413.81,-8,418.45,412.85,11-Sep-2026 16:00:28,411.45,N,-1.90,535720908.86,EQ,EXIDEIND,1294606,NIFTY AUTO
792.23,-15.5,799.95,788,11-Sep-2026 16:00:28,786.9,N,-1.93,659211414.08,EQ,SONACOMS,832096,NIFTY AUTO
7581.64,-167,7633,7530,11-Sep-2026 16:00:28,7530,N,-2.17,3368371019.2,EQ,EICHERMOT,444280,NIFTY AUTO
412.29,6,417.15,416.5,11-Sep-2026 16:00:28,403,N,1.46,4007171846.16,EQ,VBL,9719304,NIFTY FMCG
338.96,1.25,341,341,11-Sep-2026 16:00:28,336,N,0.37,673302686.88,EQ,PATANJALI,1986378,NIFTY FMCG
260.46,0.55,261.65,259.85,11-Sep-2026 16:00:28,257.7,N,0.21,2895286122.54,EQ,ITC,11116049,NIFTY FMCG
804,-0.9,810,802.1,11-Sep-2026 16:00:28,795.7,N,-0.11,1233033696,EQ,MARICO,1533624,NIFTY FMCG
375.15,-0.45,377,376,11-Sep-2026 16:00:28,372.1,N,-0.12,323964909.15,EQ,DABUR,863561,NIFTY FMCG
1254.73,-1.7,1263.5,1255,11-Sep-2026 16:00:28,1240.2,N,-0.14,511341371.63,EQ,UBL,407531,NIFTY FMCG
1387.07,-2.9,1401.2,1383.3,11-Sep-2026 16:00:28,1373.5,N,-0.21,1718162221.93,EQ,NESTLEIND,1238699,NIFTY FMCG
1396.11,-5,1407.2,1395,11-Sep-2026 16:00:28,1384.3,N,-0.36,771843601.83,EQ,UNITDSPR,552853,NIFTY FMCG
867.12,-4.9,872.6,865,11-Sep-2026 16:00:28,859,N,-0.56,670124209.92,EQ,GODREJCP,772816,NIFTY FMCG
1791.17,-11.1,1799.9,1797.4,11-Sep-2026 16:00:28,1782.1,N,-0.61,503100247.26,EQ,COLPAL,280878,NIFTY FMCG
1936.26,-15.3,1946.6,1927,11-Sep-2026 16:00:28,1926.2,N,-0.79,2130492049.38,EQ,HINDUNILVR,1100313,NIFTY FMCG
993.66,-8.6,1000,991,11-Sep-2026 16:00:28,988,N,-0.86,900215219.94,EQ,TATACONSUM,905959,NIFTY FMCG
4986.72,-47,5012.5,4962,11-Sep-2026 16:00:28,4945,N,-0.94,971697299.04,EQ,BRITANNIA,194857,NIFTY FMCG
365.3,-6.55,370,364.3,11-Sep-2026 16:00:28,363,N,-1.77,292783566.4,EQ,EMAMILTD,801488,NIFTY FMCG
4380.73,-91.9,4437.6,4368.1,11-Sep-2026 16:00:28,4362.5,N,-2.06,456953946.3,EQ,RADICO,104310,NIFTY FMCG
1543.63,15.2,1557.3,1541,11-Sep-2026 16:00:28,1518.6,N,1.00,3098571720.64,EQ,TECHM,2007328,NIFTY IT
1840.29,13.4,1858.6,1846.5,11-Sep-2026 16:00:28,1807.3,N,0.73,4945464685.41,EQ,COFORGE,2687329,NIFTY IT
166.93,1.1,167.75,167.4,11-Sep-2026 16:00:28,165.16,N,0.66,1416383856.21,EQ,WIPRO,8484897,NIFTY IT
11758.52,38,11830,11763,11-Sep-2026 16:00:28,11595,N,0.32,2893760013.48,EQ,OFSS,246099,NIFTY IT
2291.19,3.3,2309.2,2295,11-Sep-2026 16:00:28,2273.3,N,0.14,423714349.08,EQ,MPHASIS,184932,NIFTY IT
1039.69,1.2,1047.3,1037.7,11-Sep-2026 16:00:28,1029.7,N,0.12,6412899412.72,EQ,INFY,6168088,NIFTY IT
5515.57,6.5,5545.5,5516,11-Sep-2026 16:00:28,5444.5,N,0.12,1849701555.2,EQ,PERSISTENT,335360,NIFTY IT
1213.93,-0.9,1223.4,1206.1,11-Sep-2026 16:00:28,1195.7,N,-0.07,2759074730.85,EQ,HCLTECH,2272845,NIFTY IT
2210.94,-3.3,2232.6,2200.8,11-Sep-2026 16:00:28,2185.5,N,-0.15,5823890116.56,EQ,TCS,2634124,NIFTY IT
4308.98,-99,4366.8,4275,11-Sep-2026 16:00:28,4275,N,-2.26,1505187039.72,EQ,LTM,349314,NIFTY IT
475.55,19.6,485.5,475.15,11-Sep-2026 16:00:28,450,N,4.30,1575180909.25,EQ,SUNTV,3312335,NIFTY MEDIA
1234.3,10.8,1256,1232.1,11-Sep-2026 16:00:28,1212.1,N,0.88,1085891470.9,EQ,PVRINOX,879763,NIFTY MEDIA
10.13,0.08,10.29,10.25,11-Sep-2026 16:00:28,10,N,0.79,14251420.89,EQ,HATHWAY,1406853,NIFTY MEDIA
190.22,0.83,191.94,190.5,11-Sep-2026 16:00:28,188.1,N,0.44,8569981.66,EQ,DBCORP,45053,NIFTY MEDIA
661.19,1.9,668.45,660.3,11-Sep-2026 16:00:28,650.05,N,0.29,166935267.63,EQ,TIPSMUSIC,252477,NIFTY MEDIA
508.13,-0.05,516.2,505.1,11-Sep-2026 16:00:28,493.35,N,-0.01,265264693.33,EQ,SAREGAMA,522041,NIFTY MEDIA
26.64,-0.18,26.89,26.65,11-Sep-2026 16:00:28,26.35,N,-0.67,102278365.92,EQ,NETWORK18,3839278,NIFTY MEDIA
310.49,-4.25,315.6,309.3,11-Sep-2026 16:00:28,307,N,-1.36,97300424.73,EQ,PFOCUS,313377,NIFTY MEDIA
368.6,-6.25,374.6,368.4,11-Sep-2026 16:00:28,362,N,-1.67,423333414,EQ,NAZARA,1148490,NIFTY MEDIA
80.08,-1.5,81.9,79.45,11-Sep-2026 16:00:28,79.2,N,-1.85,1694583690.8,EQ,ZEEL,21161135,NIFTY MEDIA
3034.55,-17.2,3065,3060,11-Sep-2026 16:00:28,2999,N,-0.56,5508746066.1,EQ,ADANIENT,1815342,NIFTY METAL
1801.35,-12.3,1819,1802,11-Sep-2026 16:00:28,1773.9,N,-0.68,721905423.3,EQ,LLOYDSME,400758,NIFTY METAL
758.85,-6.5,766.5,755.65,11-Sep-2026 16:00:28,741,N,-0.85,1228968957.75,EQ,JSL,1619515,NIFTY METAL
1113.23,-16.5,1122,1120.5,11-Sep-2026 16:00:28,1058,N,-1.45,612117308.11,EQ,JINDALSTEL,549857,NIFTY METAL
2150.2,-41.3,2176.2,2153.5,11-Sep-2026 16:00:28,2109.8,N,-1.88,1271836849.4,EQ,APLAPOLLO,591497,NIFTY METAL
262.2,-5.35,264.85,263.7,11-Sep-2026 16:00:28,256.5,N,-1.99,3105490507.2,EQ,VEDL,11843976,NIFTY METAL
182.37,-3.78,184.24,183,11-Sep-2026 16:00:28,180.79,N,-2.02,5746516268.22,EQ,TATASTEEL,31510206,NIFTY METAL
511.13,-12.3,516.5,515,11-Sep-2026 16:00:28,505,N,-2.33,4482448582.92,EQ,HINDCOPPER,8769684,NIFTY METAL
179.81,-4.75,182.43,179,11-Sep-2026 16:00:28,178.65,N,-2.59,1575896376.11,EQ,SAIL,8764231,NIFTY METAL
82.76,-2.2,83.79,82.4,11-Sep-2026 16:00:28,82.25,N,-2.60,764226943.8,EQ,NMDC,9234255,NIFTY METAL
575.55,-17.15,583.3,576.45,11-Sep-2026 16:00:28,565.55,N,-2.89,4120241584.5,EQ,HINDZINC,7158790,NIFTY METAL
1276.23,-39,1286.9,1265,11-Sep-2026 16:00:28,1265,N,-2.99,2017648161.12,EQ,JSWSTEEL,1580944,NIFTY METAL
984.43,-32.5,992.8,981.5,11-Sep-2026 16:00:28,973.1,N,-3.21,4680465543.99,EQ,HINDALCO,4754493,NIFTY METAL
2695.19,-90,2761.8,2686.9,11-Sep-2026 16:00:28,2658.5,N,-3.24,3292215012.85,EQ,WELCORP,1221515,NIFTY METAL
358.3,-12.35,365,361,11-Sep-2026 16:00:28,352.35,N,-3.31,2350632166.2,EQ,NATIONALUM,6560514,NIFTY METAL
1167.08,22.5,1182,1165.5,11-Sep-2026 16:00:28,1130,N,1.97,2804825857.8,EQ,DRREDDY,2403285,NIFTY PHARMA
2255.23,41.6,2280,2280,11-Sep-2026 16:00:28,2222,N,1.86,1196846050.54,EQ,MANKIND,530698,NIFTY PHARMA
1961.44,24,1981.8,1969,11-Sep-2026 16:00:28,1918.1,N,1.23,4466934420,EQ,LAURUSLABS,2277375,NIFTY PHARMA
3514.81,39.9,3560,3559.9,11-Sep-2026 16:00:28,3460,N,1.13,160089051.07,EQ,AJANTPHARM,45547,NIFTY PHARMA
25323.45,280,25635,25540,11-Sep-2026 16:00:28,25135,N,1.11,243484971.75,EQ,ABBOTINDIA,9615,NIFTY PHARMA
2090.46,17.2,2108.5,2095,11-Sep-2026 16:00:28,2058,N,0.83,1300054983.54,EQ,LUPIN,621899,NIFTY PHARMA
4944.39,35.5,4988,4965.5,11-Sep-2026 16:00:28,4894,N,0.72,1300938230.46,EQ,TORNTPHARM,263114,NIFTY PHARMA
1672.65,11.4,1681.4,1679.8,11-Sep-2026 16:00:28,1655.5,N,0.68,826708935.15,EQ,AUROPHARMA,494251,NIFTY PHARMA
2414.73,4.2,2431.9,2419.2,11-Sep-2026 16:00:28,2384.1,N,0.17,837167573.16,EQ,GLENMARK,346692,NIFTY PHARMA
1122.59,1.3,1135.5,1119.1,11-Sep-2026 16:00:28,1104.6,N,0.12,1166143124.23,EQ,ZYDUSLIFE,1038797,NIFTY PHARMA
391.39,-1,396.85,390.65,11-Sep-2026 16:00:28,384.65,N,-0.26,1434688185.97,EQ,BIOCON,3665623,NIFTY PHARMA
1975.35,-6.7,1995,1964.2,11-Sep-2026 16:00:28,1958.4,N,-0.34,348485320.95,EQ,IPCALAB,176417,NIFTY PHARMA
2917.05,-11,2950.1,2935.9,11-Sep-2026 16:00:28,2882,N,-0.37,1134744118.2,EQ,GLAND,389004,NIFTY PHARMA
1590.24,-6.1,1616.1,1585,11-Sep-2026 16:00:28,1571.4,N,-0.38,1860944964.96,EQ,SAILIFE,1170229,NIFTY PHARMA
211.79,-0.99,214.45,211.5,11-Sep-2026 16:00:28,208.68,N,-0.47,721956741.07,EQ,PPLPHARMA,3408833,NIFTY PHARMA
1357.42,-7.3,1373,1366,11-Sep-2026 16:00:28,1347.7,N,-0.53,2282033420.1,EQ,CIPLA,1681155,NIFTY PHARMA
5083.69,-50.5,5128,5087.5,11-Sep-2026 16:00:28,5051,N,-0.98,1213781824.4,EQ,ALKEM,238760,NIFTY PHARMA
1844.44,-21,1854.5,1840,11-Sep-2026 16:00:28,1834,N,-1.13,2665346755.24,EQ,SUNPHARMA,1445071,NIFTY PHARMA
9353.55,-116.5,9415,9322,11-Sep-2026 16:00:28,9310.5,N,-1.23,4833503083.8,EQ,DIVISLAB,516756,NIFTY PHARMA
2192.67,-41.4,2237,2179.2,11-Sep-2026 16:00:28,2167.3,N,-1.86,2433664167.03,EQ,WOCKPHARMA,1109909,NIFTY PHARMA
22.58,0.18,22.79,22.78,11-Sep-2026 16:00:28,22.34,N,0.80,15456258.38,EQ,PSB,684511,NIFTY PSU BANK
32.95,0.25,33.14,33.11,11-Sep-2026 16:00:28,32.54,N,0.76,63479196.45,EQ,IOB,1926531,NIFTY PSU BANK
23.96,0.17,24.17,24.1,11-Sep-2026 16:00:28,23.59,N,0.71,122012394.52,EQ,UCOBANK,5092337,NIFTY PSU BANK
236.5,0.51,238.13,238.13,11-Sep-2026 16:00:28,234.3,N,0.21,1659822037.5,EQ,BANKBARODA,7018275,NIFTY PSU BANK
30.67,0,30.82,30.82,11-Sep-2026 16:00:28,30.45,N,0.00,110937745.14,EQ,CENTRALBK,3617142,NIFTY PSU BANK
116.76,-0.1,117.79,116.75,11-Sep-2026 16:00:28,114.52,N,-0.09,1340401413.96,EQ,PNB,11479971,NIFTY PSU BANK
83.99,-0.15,84.9,84.2,11-Sep-2026 16:00:28,83.05,N,-0.18,1820586137.75,EQ,MAHABANK,21676225,NIFTY PSU BANK
850.99,-3,859.7,853.5,11-Sep-2026 16:00:28,835,N,-0.35,1344315710.92,EQ,INDIANB,1579708,NIFTY PSU BANK
123.47,-0.6,124.06,124,11-Sep-2026 16:00:28,122.65,N,-0.48,1374360497.63,EQ,CANBK,11131129,NIFTY PSU BANK
177.89,-1.1,179.65,178.1,11-Sep-2026 16:00:28,175.53,N,-0.61,1320389236.56,EQ,UNIONBANK,7422504,NIFTY PSU BANK
139.18,-1,140.1,140,11-Sep-2026 16:00:28,137.26,N,-0.71,610352177.92,EQ,BANKINDIA,4385344,NIFTY PSU BANK
996.57,-14,1001.9,995.7,11-Sep-2026 16:00:28,993,N,-1.39,7744454096.13,EQ,SBIN,7771109,NIFTY PSU BANK
23.29,1.18,23.95,23.48,11-Sep-2026 16:00:28,22.07,N,5.29,5468318978.59,EQ,YESBANK,234792571,NIFTY PVT BANK
693.3,14.45,709,708.25,11-Sep-2026 16:00:28,681.9,N,2.08,21777893842.2,EQ,HDFCBANK,31411934,NIFTY PVT BANK
175.97,2.52,178.54,176.52,11-Sep-2026 16:00:28,170.85,N,1.45,4458198366.27,EQ,BANDHANBNK,25334991,NIFTY PVT BANK
415.61,2.45,420,419,11-Sep-2026 16:00:28,409.25,N,0.59,6316225909.63,EQ,KOTAKBANK,15197483,NIFTY PVT BANK
410.75,1.75,416.5,412.55,11-Sep-2026 16:00:28,406,N,0.43,1318271318.75,EQ,RBLBANK,3209425,NIFTY PVT BANK
1245.37,0,1252.8,1246,11-Sep-2026 16:00:28,1229.8,N,0.00,5681732870.45,EQ,AXISBANK,4562285,NIFTY PVT BANK
1379.59,-5.2,1389,1379.3,11-Sep-2026 16:00:28,1367.6,N,-0.38,9745999049.03,EQ,ICICIBANK,7064417,NIFTY PVT BANK
343.45,-1.5,345.3,344.5,11-Sep-2026 16:00:28,341.15,N,-0.43,1095138408,EQ,FEDERALBNK,3188640,NIFTY PVT BANK
86.19,-0.63,86.73,86.21,11-Sep-2026 16:00:28,85.41,N,-0.73,1201300188.66,EQ,IDFCFIRSTB,13937814,NIFTY PVT BANK
977.36,-15.1,988.7,978.2,11-Sep-2026 16:00:28,972.3,N,-1.52,2447903674.88,EQ,INDUSINDBK,2504608,NIFTY PVT BANK
1879.77,2.5,1910,1890,11-Sep-2026 16:00:28,1825.1,N,0.13,1359100026.78,EQ,PHOENIXLTD,723014,NIFTY REALTY
1215.49,-15.9,1234,1219.8,11-Sep-2026 16:00:28,1201.9,N,-1.29,116734444.11,EQ,SOBHA,96039,NIFTY REALTY
636.39,-9.1,650.4,642.05,11-Sep-2026 16:00:28,628.2,N,-1.40,242174396.16,EQ,BRIGADE,380544,NIFTY REALTY
638.07,-11.35,651.4,644.5,11-Sep-2026 16:00:28,630,N,-1.73,2872795960.47,EQ,DLF,4502321,NIFTY REALTY
593.05,-11.75,604.45,597.1,11-Sep-2026 16:00:28,585.05,N,-1.93,1210984378,EQ,ANANTRAJ,2041960,NIFTY REALTY
1732.72,-50.9,1780,1741.1,11-Sep-2026 16:00:28,1714.8,N,-2.84,941210038.56,EQ,OBEROIRLTY,543198,NIFTY REALTY
1485.88,-45.6,1530.8,1498,11-Sep-2026 16:00:28,1467.2,N,-2.95,1109398126.76,EQ,PRESTIGE,746627,NIFTY REALTY
1098,-46.5,1145.8,1116.9,11-Sep-2026 16:00:28,1075.5,N,-4.00,4602677652,EQ,LODHA,4191874,NIFTY REALTY
1286.36,-57.4,1315.2,1280,11-Sep-2026 16:00:28,1276,N,-4.29,445305673,EQ,ABREL,346175,NIFTY REALTY
1748.94,-124,1855,1748,11-Sep-2026 16:00:28,1719,N,-6.62,4694763591.12,EQ,GODREJPROP,2684348,NIFTY REALTY
1167.08,22.5,1182,1165.5,11-Sep-2026 16:00:28,1130,N,1.97,2804825857.8,EQ,DRREDDY,2403285,NIFTY HEALTHCARE
2255.23,41.6,2280,2280,11-Sep-2026 16:00:28,2222,N,1.86,1196846050.54,EQ,MANKIND,530698,NIFTY HEALTHCARE
1961.44,24,1981.8,1969,11-Sep-2026 16:00:28,1918.1,N,1.23,4466934420,EQ,LAURUSLABS,2277375,NIFTY HEALTHCARE
25323.45,280,25635,25540,11-Sep-2026 16:00:28,25135,N,1.11,243484971.75,EQ,ABBOTINDIA,9615,NIFTY HEALTHCARE
2090.46,17.2,2108.5,2095,11-Sep-2026 16:00:28,2058,N,0.83,1300054983.54,EQ,LUPIN,621899,NIFTY HEALTHCARE
4944.39,35.5,4988,4965.5,11-Sep-2026 16:00:28,4894,N,0.72,1300938230.46,EQ,TORNTPHARM,263114,NIFTY HEALTHCARE
1672.65,11.4,1681.4,1679.8,11-Sep-2026 16:00:28,1655.5,N,0.68,826708935.15,EQ,AUROPHARMA,494251,NIFTY HEALTHCARE
2414.73,4.2,2431.9,2419.2,11-Sep-2026 16:00:28,2384.1,N,0.17,837167573.16,EQ,GLENMARK,346692,NIFTY HEALTHCARE
1122.59,1.3,1135.5,1119.1,11-Sep-2026 16:00:28,1104.6,N,0.12,1166143124.23,EQ,ZYDUSLIFE,1038797,NIFTY HEALTHCARE
1031.96,-0.9,1041.5,1037.7,11-Sep-2026 16:00:28,1022.7,N,-0.09,2586729511.28,EQ,MAXHEALTH,2506618,NIFTY HEALTHCARE
380.48,-0.9,383.6,383.1,11-Sep-2026 16:00:28,375.55,N,-0.23,141993614.08,EQ,SYNGENE,373196,NIFTY HEALTHCARE
391.39,-1,396.85,390.65,11-Sep-2026 16:00:28,384.65,N,-0.26,1434688185.97,EQ,BIOCON,3665623,NIFTY HEALTHCARE
1975.35,-6.7,1995,1964.2,11-Sep-2026 16:00:28,1958.4,N,-0.34,348485320.95,EQ,IPCALAB,176417,NIFTY HEALTHCARE
211.79,-0.99,214.45,211.5,11-Sep-2026 16:00:28,208.68,N,-0.47,721956741.07,EQ,PPLPHARMA,3408833,NIFTY HEALTHCARE
1357.42,-7.3,1373,1366,11-Sep-2026 16:00:28,1347.7,N,-0.53,2282033420.1,EQ,CIPLA,1681155,NIFTY HEALTHCARE
8896.09,-64,8950,8836,11-Sep-2026 16:00:28,8806,N,-0.72,1849763993.7,EQ,APOLLOHOSP,207930,NIFTY HEALTHCARE
5083.69,-50.5,5128,5087.5,11-Sep-2026 16:00:28,5051,N,-0.98,1213781824.4,EQ,ALKEM,238760,NIFTY HEALTHCARE
1844.44,-21,1854.5,1840,11-Sep-2026 16:00:28,1834,N,-1.13,2665346755.24,EQ,SUNPHARMA,1445071,NIFTY HEALTHCARE
9353.55,-116.5,9415,9322,11-Sep-2026 16:00:28,9310.5,N,-1.23,4833503083.8,EQ,DIVISLAB,516756,NIFTY HEALTHCARE
892.59,-14.65,900,887.8,11-Sep-2026 16:00:28,885,N,-1.62,700316295.51,EQ,FORTIS,784589,NIFTY HEALTHCARE
1545.72,44,1565.1,1558,11-Sep-2026 16:00:28,1489,N,2.91,2065647653.52,EQ,BLUESTARCO,1336366,NIFTY CONSR DURBL
1159.27,6.5,1169,1165,11-Sep-2026 16:00:28,1138,N,0.56,883658194.58,EQ,VOLTAS,762254,NIFTY CONSR DURBL
538.35,3,545,545,11-Sep-2026 16:00:28,527.5,N,0.55,458808787.5,EQ,PGEL,852250,NIFTY CONSR DURBL
229.58,1,231.69,231,11-Sep-2026 16:00:28,226.63,N,0.43,247472776.46,EQ,CROMPTON,1077937,NIFTY CONSR DURBL
4984.28,-11.5,5015,5009.5,11-Sep-2026 16:00:28,4943,N,-0.23,2009836145.8,EQ,TITAN,403235,NIFTY CONSR DURBL
1107.59,-5,1114.7,1111,11-Sep-2026 16:00:28,1096.2,N,-0.45,774213163.13,EQ,HAVELLS,699007,NIFTY CONSR DURBL
7205.63,-35,7261,7245,11-Sep-2026 16:00:28,7125.5,N,-0.48,806965709.33,EQ,AMBER,111991,NIFTY CONSR DURBL
648.34,-3.3,652.55,649.95,11-Sep-2026 16:00:28,643,N,-0.51,68102281.94,EQ,BATAINDIA,105041,NIFTY CONSR DURBL
13244.81,-75,13490,13425,11-Sep-2026 16:00:28,12980,N,-0.56,7283691873.68,EQ,DIXON,549928,NIFTY CONSR DURBL
1646.74,-11.5,1661,1638.5,11-Sep-2026 16:00:28,1632.4,N,-0.70,590374404.14,EQ,LGEINDIA,358511,NIFTY CONSR DURBL
1226.06,-15.1,1245,1228.8,11-Sep-2026 16:00:28,1215.3,N,-1.21,108898649.2,EQ,KAJARIACER,88820,NIFTY CONSR DURBL
597.48,-11.55,610,601.15,11-Sep-2026 16:00:28,589.05,N,-1.89,3788498794.08,EQ,KALYANKJIL,6340796,NIFTY CONSR DURBL
768.9,-32.4,786.1,763.25,11-Sep-2026 16:00:28,760.75,N,-4.07,230855304.9,EQ,WHIRLPOOL,300241,NIFTY CONSR DURBL
1338.98,45.4,1364.6,1353,11-Sep-2026 16:00:28,1287.7,N,3.47,1629304338.5,EQ,AEGISLOG,1216825,NIFTY OIL AND GAS
293.69,3.2,298.4,295.05,11-Sep-2026 16:00:28,281.3,N,1.10,521724425.74,EQ,AEGISVOPAK,1776446,NIFTY OIL AND GAS
300.44,1.5,306.45,304.5,11-Sep-2026 16:00:28,296,N,0.50,1243123978.32,EQ,BPCL,4137678,NIFTY OIL AND GAS
134.51,0.17,136.16,135.11,11-Sep-2026 16:00:28,133.25,N,0.13,968880775.89,EQ,IOC,7203039,NIFTY OIL AND GAS
188.33,-0.06,189,188,11-Sep-2026 16:00:28,187.05,N,-0.03,210618478.84,EQ,CASTROLIND,1118348,NIFTY OIL AND GAS
346.17,-0.65,354.9,352,11-Sep-2026 16:00:28,340.1,N,-0.18,2020210041.3,EQ,HINDPETRO,5835890,NIFTY OIL AND GAS
174.31,-0.87,175.18,173.62,11-Sep-2026 16:00:28,173.01,N,-0.50,1180118268.37,EQ,GAIL,6770227,NIFTY OIL AND GAS
285.76,-1.5,287.2,287.2,11-Sep-2026 16:00:28,283.85,N,-0.52,223408882.56,EQ,PETRONET,781806,NIFTY OIL AND GAS
594.96,-6.65,601.45,596.05,11-Sep-2026 16:00:28,592.5,N,-1.10,260032027.68,EQ,ATGL,437058,NIFTY OIL AND GAS
151.91,-1.71,152.5,151.75,11-Sep-2026 16:00:28,151.02,N,-1.11,116407113.9,EQ,IGL,766290,NIFTY OIL AND GAS
1259.26,-16.5,1267.4,1257.5,11-Sep-2026 16:00:28,1253,N,-1.30,11053451835.36,EQ,RELIANCE,8777736,NIFTY OIL AND GAS
1087.16,-15.2,1099.9,1085.6,11-Sep-2026 16:00:28,1080.4,N,-1.38,83531938.6,EQ,MGL,76835,NIFTY OIL AND GAS
237.83,-4.77,243.16,232.5,11-Sep-2026 16:00:28,232.5,N,-2.01,6451978527.73,EQ,ONGC,27128531,NIFTY OIL AND GAS
497.64,-10.5,511.95,489.8,11-Sep-2026 16:00:28,485.4,N,-2.10,2624314990.44,EQ,OIL,5273521,NIFTY OIL AND GAS
1609.49,-56.4,1677.5,1570,11-Sep-2026 16:00:28,1563.1,N,-3.47,4694784151.11,EQ,CHENNPETRO,2916939,NIFTY OIL AND GAS
1600.91,50.1,1624.7,1592,11-Sep-2026 16:00:28,1530,N,3.25,1471373968.26,EQ,ONESOURCE,919086,NIFTY MIDSML HLTH
2255.23,41.6,2280,2280,11-Sep-2026 16:00:28,2222,N,1.86,1196846050.54,EQ,MANKIND,530698,NIFTY MIDSML HLTH
895.36,14.55,914.85,913.8,11-Sep-2026 16:00:28,881.25,N,1.62,7029678188.16,EQ,GRANULES,7851231,NIFTY MIDSML HLTH
1961.44,24,1981.8,1969,11-Sep-2026 16:00:28,1918.1,N,1.23,4466934420,EQ,LAURUSLABS,2277375,NIFTY MIDSML HLTH
3514.81,39.9,3560,3559.9,11-Sep-2026 16:00:28,3460,N,1.13,160089051.07,EQ,AJANTPHARM,45547,NIFTY MIDSML HLTH
25323.45,280,25635,25540,11-Sep-2026 16:00:28,25135,N,1.11,243484971.75,EQ,ABBOTINDIA,9615,NIFTY MIDSML HLTH
2090.46,17.2,2108.5,2095,11-Sep-2026 16:00:28,2058,N,0.83,1300054983.54,EQ,LUPIN,621899,NIFTY MIDSML HLTH
1672.65,11.4,1681.4,1679.8,11-Sep-2026 16:00:28,1655.5,N,0.68,826708935.15,EQ,AUROPHARMA,494251,NIFTY MIDSML HLTH
2414.73,4.2,2431.9,2419.2,11-Sep-2026 16:00:28,2384.1,N,0.17,837167573.16,EQ,GLENMARK,346692,NIFTY MIDSML HLTH
380.48,-0.9,383.6,383.1,11-Sep-2026 16:00:28,375.55,N,-0.23,141993614.08,EQ,SYNGENE,373196,NIFTY MIDSML HLTH
391.39,-1,396.85,390.65,11-Sep-2026 16:00:28,384.65,N,-0.26,1434688185.97,EQ,BIOCON,3665623,NIFTY MIDSML HLTH
808.9,-2.15,821.45,816.5,11-Sep-2026 16:00:28,801.4,N,-0.26,459419608.4,EQ,NATCOPHARM,567956,NIFTY MIDSML HLTH
1975.35,-6.7,1995,1964.2,11-Sep-2026 16:00:28,1958.4,N,-0.34,348485320.95,EQ,IPCALAB,176417,NIFTY MIDSML HLTH
2917.05,-11,2950.1,2935.9,11-Sep-2026 16:00:28,2882,N,-0.37,1134744118.2,EQ,GLAND,389004,NIFTY MIDSML HLTH
1590.24,-6.1,1616.1,1585,11-Sep-2026 16:00:28,1571.4,N,-0.38,1860944964.96,EQ,SAILIFE,1170229,NIFTY MIDSML HLTH
764.83,-3,770.9,763.5,11-Sep-2026 16:00:28,757.55,N,-0.39,459200107.85,EQ,ASTERDM,600395,NIFTY MIDSML HLTH
211.79,-0.99,214.45,211.5,11-Sep-2026 16:00:28,208.68,N,-0.47,721956741.07,EQ,PPLPHARMA,3408833,NIFTY MIDSML HLTH
1728.11,-8.7,1741.2,1739,11-Sep-2026 16:00:28,1709.7,N,-0.50,120817354.43,EQ,POLYMED,69913,NIFTY MIDSML HLTH
768.97,-5.3,776.85,767.5,11-Sep-2026 16:00:28,761.75,N,-0.69,98248221.02,EQ,KIMS,127766,NIFTY MIDSML HLTH
2828.08,-22,2863.5,2818.9,11-Sep-2026 16:00:28,2793.9,N,-0.77,108677458.24,EQ,GLAXO,38428,NIFTY MIDSML HLTH
1447.46,-14,1459.7,1445.6,11-Sep-2026 16:00:28,1432.3,N,-0.96,108093417.88,EQ,MEDANTA,74678,NIFTY MIDSML HLTH
5083.69,-50.5,5128,5087.5,11-Sep-2026 16:00:28,5051,N,-0.98,1213781824.4,EQ,ALKEM,238760,NIFTY MIDSML HLTH
4069.19,-40.4,4123.8,4055,11-Sep-2026 16:00:28,4054,N,-0.99,564335615.15,EQ,PFIZER,138685,NIFTY MIDSML HLTH
1911.2,-19.7,1924.6,1897,11-Sep-2026 16:00:28,1893.9,N,-1.03,429783011.2,EQ,LALPATHLAB,224876,NIFTY MIDSML HLTH
438.33,-5.75,445.2,439.55,11-Sep-2026 16:00:28,434.15,N,-1.29,205201559.52,EQ,COHANCE,468144,NIFTY MIDSML HLTH
23638.39,-345,23895,23455,11-Sep-2026 16:00:28,23225,N,-1.45,1037748959.39,EQ,NEULANDLAB,43901,NIFTY MIDSML HLTH
892.59,-14.65,900,887.8,11-Sep-2026 16:00:28,885,N,-1.62,700316295.51,EQ,FORTIS,784589,NIFTY MIDSML HLTH
2192.67,-41.4,2237,2179.2,11-Sep-2026 16:00:28,2167.3,N,-1.86,2433664167.03,EQ,WOCKPHARMA,1109909,NIFTY MIDSML HLTH
1881.01,-39.8,1908.3,1869.9,11-Sep-2026 16:00:28,1864.6,N,-2.08,345142762.88,EQ,NH,183488,NIFTY MIDSML HLTH
3416.18,-76.4,3488,3375,11-Sep-2026 16:00:28,3350,N,-2.21,1111085215.56,EQ,ACUTAAS,325242,NIFTY MIDSML HLTH
1793.95,68.5,1840,1807.5,11-Sep-2026 16:00:28,1726.8,N,3.94,16628901124.3,EQ,PAYTM,9269434,NIFTY FINSEREXBNK
298.01,7.7,307.4,305,11-Sep-2026 16:00:28,289.05,N,2.59,1770974490.68,EQ,ANGELONE,5942668,NIFTY FINSEREXBNK
3255.4,78,3394.4,3384,11-Sep-2026 16:00:28,3193.2,N,2.36,14084400204.2,EQ,BSE,4326473,NIFTY FINSEREXBNK
562.38,10.6,572.35,562.9,11-Sep-2026 16:00:28,546,N,1.92,6499114101.48,EQ,LICHSGFIN,11556446,NIFTY FINSEREXBNK
11061.36,142,11146,11134,11-Sep-2026 16:00:28,10922,N,1.29,552072477.6,EQ,BAJAJHLDNG,49910,NIFTY FINSEREXBNK
526.59,3.85,531.5,530,11-Sep-2026 16:00:28,518.2,N,0.73,2173693483.53,EQ,HDFCLIFE,4127867,NIFTY FINSEREXBNK
1331.49,5,1360,1360,11-Sep-2026 16:00:28,1315.5,N,0.37,1385493902.91,EQ,CDSL,1040559,NIFTY FINSEREXBNK
350.61,0.65,353.45,353.45,11-Sep-2026 16:00:28,348,N,0.18,2173294301.49,EQ,PFC,6198609,NIFTY FINSEREXBNK
470.67,0.5,475.5,471.5,11-Sep-2026 16:00:28,461.25,N,0.11,637699016.25,EQ,ICICIPRULI,1354875,NIFTY FINSEREXBNK
80.57,0.01,81.09,81.09,11-Sep-2026 16:00:28,80.1,N,0.01,646898624.82,EQ,IRFC,8029026,NIFTY FINSEREXBNK
1176.45,-0.1,1189.6,1178.9,11-Sep-2026 16:00:28,1162,N,-0.01,1355975093.55,EQ,PNBHOUSING,1152599,NIFTY FINSEREXBNK
706.28,-1,713.05,711,11-Sep-2026 16:00:28,694.6,N,-0.14,1018910604.32,EQ,CAMS,1442644,NIFTY FINSEREXBNK
228.12,-0.35,231.37,229.9,11-Sep-2026 16:00:28,226.44,N,-0.15,5042033934.12,EQ,JIOFIN,22102551,NIFTY FINSEREXBNK
1793.76,-2.7,1813.3,1797.3,11-Sep-2026 16:00:28,1757.3,N,-0.15,1012408906.56,EQ,POLICYBZR,564406,NIFTY FINSEREXBNK
1475.97,-2.9,1488,1477,11-Sep-2026 16:00:28,1453.6,N,-0.20,517129705.02,EQ,MFSL,350366,NIFTY FINSEREXBNK
1450.33,-5.2,1465,1459.8,11-Sep-2026 16:00:28,1443.7,N,-0.35,962517305.82,EQ,ICICIGI,663654,NIFTY FINSEREXBNK
313.39,-1.1,315.05,312.7,11-Sep-2026 16:00:28,311.25,N,-0.35,1413357247.61,EQ,RECLTD,4509899,NIFTY FINSEREXBNK
1086.56,-3.9,1098.3,1091,11-Sep-2026 16:00:28,1065.6,N,-0.36,907609000.8,EQ,360ONE,835305,NIFTY FINSEREXBNK
403.27,-1.5,405.65,404.1,11-Sep-2026 16:00:28,400.25,N,-0.37,3284494618.58,EQ,LICI,8144654,NIFTY FINSEREXBNK
1820.89,-13.1,1850.2,1845.9,11-Sep-2026 16:00:28,1795.1,N,-0.70,2740710762.61,EQ,CHOLAFIN,1505149,NIFTY FINSEREXBNK
306.9,-2.2,311.55,309.1,11-Sep-2026 16:00:28,302.7,N,-0.71,1214139979.8,EQ,LTF,3956142,NIFTY FINSEREXBNK
3286.83,-24,3389,3276,11-Sep-2026 16:00:28,3247.2,N,-0.73,5543442578.46,EQ,MCX,1686562,NIFTY FINSEREXBNK
1027.91,-9,1035,1034.5,11-Sep-2026 16:00:28,1015.1,N,-0.86,5562328355.09,EQ,BAJFINANCE,5411299,NIFTY FINSEREXBNK
1025.52,-9.4,1034.5,1028.6,11-Sep-2026 16:00:28,1013.2,N,-0.91,3252146457.84,EQ,SHRIRAMFIN,3171217,NIFTY FINSEREXBNK
1687.25,-15.9,1697.7,1684.7,11-Sep-2026 16:00:28,1671,N,-0.93,520737654.75,EQ,SBILIFE,308631,NIFTY FINSEREXBNK
2403.44,-29.9,2424.6,2403.9,11-Sep-2026 16:00:28,2366.1,N,-1.23,1628674291.92,EQ,HDFCAMC,677643,NIFTY FINSEREXBNK
393.66,-5,396.2,395,11-Sep-2026 16:00:28,391,N,-1.25,641711858.22,EQ,ABCAPITAL,1630117,NIFTY FINSEREXBNK
1909.08,-27,1926,1913.5,11-Sep-2026 16:00:28,1895,N,-1.39,1455434865,EQ,BAJAJFINSV,762375,NIFTY FINSEREXBNK
655.42,-11.1,665.15,655.2,11-Sep-2026 16:00:28,650.05,N,-1.67,1030118370.64,EQ,SBICARD,1571692,NIFTY FINSEREXBNK
2763.53,-49.4,2820,2792.1,11-Sep-2026 16:00:28,2728.6,N,-1.74,2805803718.41,EQ,MUTHOOTFIN,1015297,NIFTY FINSEREXBNK
23.29,1.18,23.95,23.48,11-Sep-2026 16:00:28,22.07,N,5.29,5468318978.59,EQ,YESBANK,234792571,NIFTY MS FIN SERV
1793.95,68.5,1840,1807.5,11-Sep-2026 16:00:28,1726.8,N,3.94,16628901124.3,EQ,PAYTM,9269434,NIFTY MS FIN SERV
298.01,7.7,307.4,305,11-Sep-2026 16:00:28,289.05,N,2.59,1770974490.68,EQ,ANGELONE,5942668,NIFTY MS FIN SERV
3255.4,78,3394.4,3384,11-Sep-2026 16:00:28,3193.2,N,2.36,14084400204.2,EQ,BSE,4326473,NIFTY MS FIN SERV
562.38,10.6,572.35,562.9,11-Sep-2026 16:00:28,546,N,1.92,6499114101.48,EQ,LICHSGFIN,11556446,NIFTY MS FIN SERV
175.97,2.52,178.54,176.52,11-Sep-2026 16:00:28,170.85,N,1.45,4458198366.27,EQ,BANDHANBNK,25334991,NIFTY MS FIN SERV
410.75,1.75,416.5,412.55,11-Sep-2026 16:00:28,406,N,0.43,1318271318.75,EQ,RBLBANK,3209425,NIFTY MS FIN SERV
1048.8,4.2,1061.2,1058.9,11-Sep-2026 16:00:28,1033.2,N,0.40,1110441122.4,EQ,AUBANK,1058773,NIFTY MS FIN SERV
1331.49,5,1360,1360,11-Sep-2026 16:00:28,1315.5,N,0.37,1385493902.91,EQ,CDSL,1040559,NIFTY MS FIN SERV
470.67,0.5,475.5,471.5,11-Sep-2026 16:00:28,461.25,N,0.11,637699016.25,EQ,ICICIPRULI,1354875,NIFTY MS FIN SERV
894.46,1,904.7,900,11-Sep-2026 16:00:28,882.4,N,0.11,556660025.32,EQ,KFINTECH,622342,NIFTY MS FIN SERV
1176.45,-0.1,1189.6,1178.9,11-Sep-2026 16:00:28,1162,N,-0.01,1355975093.55,EQ,PNBHOUSING,1152599,NIFTY MS FIN SERV
706.28,-1,713.05,711,11-Sep-2026 16:00:28,694.6,N,-0.14,1018910604.32,EQ,CAMS,1442644,NIFTY MS FIN SERV
1793.76,-2.7,1813.3,1797.3,11-Sep-2026 16:00:28,1757.3,N,-0.15,1012408906.56,EQ,POLICYBZR,564406,NIFTY MS FIN SERV
1475.97,-2.9,1488,1477,11-Sep-2026 16:00:28,1453.6,N,-0.20,517129705.02,EQ,MFSL,350366,NIFTY MS FIN SERV
850.99,-3,859.7,853.5,11-Sep-2026 16:00:28,835,N,-0.35,1344315710.92,EQ,INDIANB,1579708,NIFTY MS FIN SERV
1450.33,-5.2,1465,1459.8,11-Sep-2026 16:00:28,1443.7,N,-0.35,962517305.82,EQ,ICICIGI,663654,NIFTY MS FIN SERV
1086.56,-3.9,1098.3,1091,11-Sep-2026 16:00:28,1065.6,N,-0.36,907609000.8,EQ,360ONE,835305,NIFTY MS FIN SERV
403.27,-1.5,405.65,404.1,11-Sep-2026 16:00:28,400.25,N,-0.37,3284494618.58,EQ,LICI,8144654,NIFTY MS FIN SERV
343.45,-1.5,345.3,344.5,11-Sep-2026 16:00:28,341.15,N,-0.43,1095138408,EQ,FEDERALBNK,3188640,NIFTY MS FIN SERV
326.36,-1.8,329.1,329,11-Sep-2026 16:00:28,323.1,N,-0.54,1129518579.24,EQ,MANAPPURAM,3460959,NIFTY MS FIN SERV
139.18,-1,140.1,140,11-Sep-2026 16:00:28,137.26,N,-0.71,610352177.92,EQ,BANKINDIA,4385344,NIFTY MS FIN SERV
306.9,-2.2,311.55,309.1,11-Sep-2026 16:00:28,302.7,N,-0.71,1214139979.8,EQ,LTF,3956142,NIFTY MS FIN SERV
3286.83,-24,3389,3276,11-Sep-2026 16:00:28,3247.2,N,-0.73,5543442578.46,EQ,MCX,1686562,NIFTY MS FIN SERV
86.19,-0.63,86.73,86.21,11-Sep-2026 16:00:28,85.41,N,-0.73,1201300188.66,EQ,IDFCFIRSTB,13937814,NIFTY MS FIN SERV
172.38,-1.73,173.6,172.35,11-Sep-2026 16:00:28,171.6,N,-0.99,203427017.04,EQ,HUDCO,1180108,NIFTY MS FIN SERV
393.66,-5,396.2,395,11-Sep-2026 16:00:28,391,N,-1.25,641711858.22,EQ,ABCAPITAL,1630117,NIFTY MS FIN SERV
977.36,-15.1,988.7,978.2,11-Sep-2026 16:00:28,972.3,N,-1.52,2447903674.88,EQ,INDUSINDBK,2504608,NIFTY MS FIN SERV
655.42,-11.1,665.15,655.2,11-Sep-2026 16:00:28,650.05,N,-1.67,1030118370.64,EQ,SBICARD,1571692,NIFTY MS FIN SERV
113.75,-2.75,115.91,113.88,11-Sep-2026 16:00:28,113,N,-2.36,757238300,EQ,IEX,6657040,NIFTY MS FIN SERV
384.78,16,390.85,388,11-Sep-2026 16:00:28,372,N,4.30,6428519844.78,EQ,INDUSTOWER,16707001,NIFTY MS IT TELCM
263.99,5.4,268.1,265.5,11-Sep-2026 16:00:28,257.8,N,2.08,365518442.08,EQ,SONATSOFTW,1384592,NIFTY MS IT TELCM
44.64,0.79,45.5,45.2,11-Sep-2026 16:00:28,43.47,N,1.78,1090540870.56,EQ,SAGILITY,24429679,NIFTY MS IT TELCM
230.2,1.73,237.3,235.05,11-Sep-2026 16:00:28,222.25,N,0.74,2038676291.8,BE,HFCL,8856109,NIFTY MS IT TELCM
1840.29,13.4,1858.6,1846.5,11-Sep-2026 16:00:28,1807.3,N,0.73,4945464685.41,EQ,COFORGE,2687329,NIFTY MS IT TELCM
551.46,2.8,555.95,553.75,11-Sep-2026 16:00:28,545.6,N,0.51,474309643.08,EQ,KPITTECH,860098,NIFTY MS IT TELCM
15.03,0.07,15.2,14.97,11-Sep-2026 16:00:28,14.84,N,0.47,8235043758.09,EQ,IDEA,547907103,NIFTY MS IT TELCM
1548.84,6.9,1567.4,1546.1,11-Sep-2026 16:00:28,1527.5,N,0.45,216146817.36,EQ,BHARTIHEXA,139554,NIFTY MS IT TELCM
11758.52,38,11830,11763,11-Sep-2026 16:00:28,11595,N,0.32,2893760013.48,EQ,OFSS,246099,NIFTY MS IT TELCM
424.71,0.6,432.8,428,11-Sep-2026 16:00:28,421,N,0.14,416465104.77,EQ,ZENSARTECH,980587,NIFTY MS IT TELCM
2291.19,3.3,2309.2,2295,11-Sep-2026 16:00:28,2273.3,N,0.14,423714349.08,EQ,MPHASIS,184932,NIFTY MS IT TELCM
5515.57,6.5,5545.5,5516,11-Sep-2026 16:00:28,5444.5,N,0.12,1849701555.2,EQ,PERSISTENT,335360,NIFTY MS IT TELCM
682.43,-1.05,689.6,684,11-Sep-2026 16:00:28,676.6,N,-0.15,191496682.3,EQ,INTELLECT,280610,NIFTY MS IT TELCM
1771.41,-9.2,1785,1755.2,11-Sep-2026 16:00:28,1747.8,N,-0.52,296006153.82,EQ,TATACOMM,167102,NIFTY MS IT TELCM
3392.18,-26,3411,3383,11-Sep-2026 16:00:28,3373.7,N,-0.76,383058534.32,EQ,TATAELXSI,112924,NIFTY MS IT TELCM
3344.05,-27.9,3370.1,3350,11-Sep-2026 16:00:28,3322.1,N,-0.83,107183490.6,EQ,LTTS,32052,NIFTY MS IT TELCM
1070.45,-11.4,1087.4,1065,11-Sep-2026 16:00:28,1054.4,N,-1.06,330504648.85,EQ,CYIENT,308753,NIFTY MS IT TELCM
498.47,-5.95,502.95,497,11-Sep-2026 16:00:28,496,N,-1.18,43642543.91,EQ,HEXT,87553,NIFTY MS IT TELCM
1570.07,-22,1586.2,1572,11-Sep-2026 16:00:28,1558.5,N,-1.38,140503994.23,EQ,AFFLE,89489,NIFTY MS IT TELCM
765.85,-13.45,777,765.6,11-Sep-2026 16:00:28,758.1,N,-1.73,667579957.25,EQ,TATATECH,871685,NIFTY MS IT TELCM
606.42,4.45,616.25,615,11-Sep-2026 16:00:28,600,N,0.73,389350748.16,EQ,TATACHEM,642048,NIFTY CHEMICALS
417.44,1.65,420,419.4,11-Sep-2026 16:00:28,411.45,N,0.39,239112136.64,EQ,CHAMBLFERT,572806,NIFTY CHEMICALS
6206.66,22.5,6250,6250,11-Sep-2026 16:00:28,6160,N,0.36,72797915.14,EQ,LINDEINDIA,11729,NIFTY CHEMICALS
3968.81,7.2,3990,3985.6,11-Sep-2026 16:00:28,3926.6,N,0.18,78784847.31,EQ,BAYERCROP,19851,NIFTY CHEMICALS
659.52,0.5,666,664.25,11-Sep-2026 16:00:28,654.2,N,0.08,936906197.76,EQ,HSCL,1420588,NIFTY CHEMICALS
1558.39,-2.1,1567.9,1566.9,11-Sep-2026 16:00:28,1540.4,N,-0.13,606787197.52,EQ,PIDILITIND,389368,NIFTY CHEMICALS
4771.43,-13.3,4820,4773,11-Sep-2026 16:00:28,4730,N,-0.28,620677157.26,EQ,FLUOROCHEM,130082,NIFTY CHEMICALS
22364.83,-80,22500,22290,11-Sep-2026 16:00:28,22130,N,-0.36,3328736567.54,EQ,SOLARINDS,148838,NIFTY CHEMICALS
573.17,-2.35,577.65,572.95,11-Sep-2026 16:00:28,567.55,N,-0.41,830887292.95,EQ,UPL,1449635,NIFTY CHEMICALS
1324.73,-12.6,1341.3,1323,11-Sep-2026 16:00:28,1316,N,-0.94,195816289.68,EQ,DEEPAKFERT,147816,NIFTY CHEMICALS
328.4,-3.3,332,331.5,11-Sep-2026 16:00:28,324.45,N,-0.99,376926026,EQ,PCBL,1147765,NIFTY CHEMICALS
472.02,-4.85,480,476.05,11-Sep-2026 16:00:28,466.5,N,-1.01,127361380.44,EQ,SUMICHEM,269822,NIFTY CHEMICALS
291.94,-3.15,298.5,295,11-Sep-2026 16:00:28,284,N,-1.06,1649692508.42,EQ,SWANCORP,5650793,NIFTY CHEMICALS
1926.45,-27,1950.8,1934.9,11-Sep-2026 16:00:28,1916.4,N,-1.38,193939574.4,EQ,COROMANDEL,100672,NIFTY CHEMICALS
2477.14,-36.6,2508,2482.4,11-Sep-2026 16:00:28,2460,N,-1.45,714783701.28,EQ,SRF,288552,NIFTY CHEMICALS
6225.4,-105.5,6327,6250.5,11-Sep-2026 16:00:28,6156.5,N,-1.66,207691794.8,EQ,ATUL,33362,NIFTY CHEMICALS
8595.32,-155.5,8699.5,8545,11-Sep-2026 16:00:28,8486.5,N,-1.79,743821802.16,EQ,NAVINFLUOR,86538,NIFTY CHEMICALS
492.98,-10.4,503,492.65,11-Sep-2026 16:00:28,490.05,N,-2.07,292015717.04,EQ,AARTIIND,592348,NIFTY CHEMICALS
1598.91,-49.8,1635.1,1596,11-Sep-2026 16:00:28,1583.2,N,-3.03,517354511.97,EQ,DEEPAKNTR,323567,NIFTY CHEMICALS
2256.6,-106,2365,2259,11-Sep-2026 16:00:28,2191,N,-4.48,2538420004.2,EQ,PIIND,1124887,NIFTY CHEMICALS
112.79,0.48,113.5,113.11,11-Sep-2026 16:00:28,111.91,N,0.43,158207826.04,RR,KRT,1402676,NIFTY REITS REALTY
1879.77,2.5,1910,1890,11-Sep-2026 16:00:28,1825.1,N,0.13,1359100026.78,EQ,PHOENIXLTD,723014,NIFTY REITS REALTY
438.79,0.52,442,439.5,11-Sep-2026 16:00:28,437.01,N,0.12,183101362.73,RR,EMBASSY,417287,NIFTY REITS REALTY
492.4,0.36,494.85,492.78,11-Sep-2026 16:00:28,491.1,N,0.07,60318507.6,RR,MINDSPACE,122499,NIFTY REITS REALTY
167.15,-0.97,169.2,167,11-Sep-2026 16:00:28,166.06,N,-0.58,57418365.1,RR,NXST,343514,NIFTY REITS REALTY
337.09,-3.09,340.1,334.5,11-Sep-2026 16:00:28,333.55,N,-0.92,117996331.96,RR,BIRET,350044,NIFTY REITS REALTY
1215.49,-15.9,1234,1219.8,11-Sep-2026 16:00:28,1201.9,N,-1.29,116734444.11,EQ,SOBHA,96039,NIFTY REITS REALTY
636.39,-9.1,650.4,642.05,11-Sep-2026 16:00:28,628.2,N,-1.40,242174396.16,EQ,BRIGADE,380544,NIFTY REITS REALTY
638.07,-11.35,651.4,644.5,11-Sep-2026 16:00:28,630,N,-1.73,2872795960.47,EQ,DLF,4502321,NIFTY REITS REALTY
593.05,-11.75,604.45,597.1,11-Sep-2026 16:00:28,585.05,N,-1.93,1210984378,EQ,ANANTRAJ,2041960,NIFTY REITS REALTY
1732.72,-50.9,1780,1741.1,11-Sep-2026 16:00:28,1714.8,N,-2.84,941210038.56,EQ,OBEROIRLTY,543198,NIFTY REITS REALTY
1485.88,-45.6,1530.8,1498,11-Sep-2026 16:00:28,1467.2,N,-2.95,1109398126.76,EQ,PRESTIGE,746627,NIFTY REITS REALTY
1098,-46.5,1145.8,1116.9,11-Sep-2026 16:00:28,1075.5,N,-4.00,4602677652,EQ,LODHA,4191874,NIFTY REITS REALTY
1286.36,-57.4,1315.2,1280,11-Sep-2026 16:00:28,1276,N,-4.29,445305673,EQ,ABREL,346175,NIFTY REITS REALTY
1748.94,-124,1855,1748,11-Sep-2026 16:00:28,1719,N,-6.62,4694763591.12,EQ,GODREJPROP,2684348,NIFTY REITS REALTY
1732.48,8.7,1755,1754,11-Sep-2026 16:00:28,1708,N,0.50,71204928,EQ,DALBHARAT,41100,NIFTY CEMENT
10947.04,21,11060,11000,11-Sep-2026 16:00:28,10790,N,0.19,2444222250.08,EQ,ULTRACEMCO,223277,NIFTY CEMENT
194.6,0.34,195.9,195.02,11-Sep-2026 16:00:28,193.1,N,0.17,46759850.2,EQ,STARCEMENT,240287,NIFTY CEMENT
345.3,0,348,347.95,11-Sep-2026 16:00:28,342.55,N,0.00,22719013.5,EQ,INDIACEM,65795,NIFTY CEMENT
505.25,-0.15,509.75,505.75,11-Sep-2026 16:00:28,496.1,N,-0.03,37824530.75,EQ,JKLAKSHMI,74863,NIFTY CEMENT
858.21,-4.75,869.9,865,11-Sep-2026 16:00:28,851.75,N,-0.55,259060987.02,EQ,RAMCOCEM,301862,NIFTY CEMENT
1239.05,-7.3,1251.7,1247,11-Sep-2026 16:00:28,1230.6,N,-0.58,138437817.45,EQ,ACC,111729,NIFTY CEMENT
124.5,-0.76,126.28,125.3,11-Sep-2026 16:00:28,123,N,-0.60,32123614.5,EQ,ORIENTCEM,258021,NIFTY CEMENT
328.91,-2.2,331.5,329.1,11-Sep-2026 16:00:28,325.25,N,-0.66,33419229.46,EQ,NUVOCO,101606,NIFTY CEMENT
22542.44,-215,22680,22570,11-Sep-2026 16:00:28,22370,N,-0.94,364533797.24,EQ,SHREECEM,16171,NIFTY CEMENT
390.04,-3.75,393.55,391.85,11-Sep-2026 16:00:28,387.65,N,-0.95,511362722.08,EQ,AMBUJACEM,1311052,NIFTY CEMENT
3278.88,-37.1,3302.4,3281.9,11-Sep-2026 16:00:28,3267,N,-1.12,1691869291.2,EQ,GRASIM,515990,NIFTY CEMENT
825.81,-11.7,835.95,825,11-Sep-2026 16:00:28,821.45,N,-1.40,58014804.12,EQ,BIRLACORPN,70252,NIFTY CEMENT
4844.69,-69.5,4909.5,4846,11-Sep-2026 16:00:28,4813,N,-1.41,266249628.33,EQ,JKCEMENT,54957,NIFTY CEMENT
113.15,-1.82,114.25,113.4,11-Sep-2026 16:00:28,112.5,N,-1.58,33807183.3,EQ,PRSMJOHNSN,298782,NIFTY CEMENT
119.18,-2.11,120.74,118.66,11-Sep-2026 16:00:28,118.4,N,-1.75,212715681.86,EQ,JSWCEMENT,1784827,NIFTY CEMENT
300.44,1.5,306.45,304.5,11-Sep-2026 16:00:28,296,N,0.50,1243123978.32,EQ,BPCL,4137678,NIFTY COMMODITIES
10947.04,21,11060,11000,11-Sep-2026 16:00:28,10790,N,0.19,2444222250.08,EQ,ULTRACEMCO,223277,NIFTY COMMODITIES
1292.12,1.7,1300.4,1298,11-Sep-2026 16:00:28,1278.3,N,0.13,251723065.68,EQ,TORNTPOWER,194814,NIFTY COMMODITIES
134.51,0.17,136.16,135.11,11-Sep-2026 16:00:28,133.25,N,0.13,968880775.89,EQ,IOC,7203039,NIFTY COMMODITIES
76.74,0.03,77.4,76.38,11-Sep-2026 16:00:28,75.87,N,0.04,923267304.66,EQ,NHPC,12031109,NIFTY COMMODITIES
1558.39,-2.1,1567.9,1566.9,11-Sep-2026 16:00:28,1540.4,N,-0.13,606787197.52,EQ,PIDILITIND,389368,NIFTY COMMODITIES
346.17,-0.65,354.9,352,11-Sep-2026 16:00:28,340.1,N,-0.18,2020210041.3,EQ,HINDPETRO,5835890,NIFTY COMMODITIES
573.17,-2.35,577.65,572.95,11-Sep-2026 16:00:28,567.55,N,-0.41,830887292.95,EQ,UPL,1449635,NIFTY COMMODITIES
334.47,-1.6,336.25,333.4,11-Sep-2026 16:00:28,331.6,N,-0.48,1661825901.45,EQ,NTPC,4968535,NIFTY COMMODITIES
365.49,-2.35,367.4,364.65,11-Sep-2026 16:00:28,362.95,N,-0.64,886580788.68,EQ,TATAPOWER,2425732,NIFTY COMMODITIES
525.01,-4,527,526.45,11-Sep-2026 16:00:28,522.75,N,-0.75,306272458.65,EQ,JSWENERGY,583365,NIFTY COMMODITIES
22542.44,-215,22680,22570,11-Sep-2026 16:00:28,22370,N,-0.94,364533797.24,EQ,SHREECEM,16171,NIFTY COMMODITIES
390.04,-3.75,393.55,391.85,11-Sep-2026 16:00:28,387.65,N,-0.95,511362722.08,EQ,AMBUJACEM,1311052,NIFTY COMMODITIES
3278.88,-37.1,3302.4,3281.9,11-Sep-2026 16:00:28,3267,N,-1.12,1691869291.2,EQ,GRASIM,515990,NIFTY COMMODITIES
1259.26,-16.5,1267.4,1257.5,11-Sep-2026 16:00:28,1253,N,-1.30,11053451835.36,EQ,RELIANCE,8777736,NIFTY COMMODITIES
428.53,-5.6,434.3,426.4,11-Sep-2026 16:00:28,424.2,N,-1.30,1657649173.66,EQ,COALINDIA,3868222,NIFTY COMMODITIES
1372.66,-18.9,1382,1373,11-Sep-2026 16:00:28,1364.2,N,-1.36,1584604194.64,EQ,ADANIENSOL,1154404,NIFTY COMMODITIES
1282.81,-17.8,1302.4,1281.3,11-Sep-2026 16:00:28,1273.2,N,-1.37,1279048801.08,EQ,ADANIGREEN,997068,NIFTY COMMODITIES
1113.23,-16.5,1122,1120.5,11-Sep-2026 16:00:28,1058,N,-1.45,612117308.11,EQ,JINDALSTEL,549857,NIFTY COMMODITIES
2477.14,-36.6,2508,2482.4,11-Sep-2026 16:00:28,2460,N,-1.45,714783701.28,EQ,SRF,288552,NIFTY COMMODITIES
209.99,-3.53,212.48,209.97,11-Sep-2026 16:00:28,208.41,N,-1.65,2156893805.88,EQ,ADANIPOWER,10271412,NIFTY COMMODITIES
2150.2,-41.3,2176.2,2153.5,11-Sep-2026 16:00:28,2109.8,N,-1.88,1271836849.4,EQ,APLAPOLLO,591497,NIFTY COMMODITIES
262.2,-5.35,264.85,263.7,11-Sep-2026 16:00:28,256.5,N,-1.99,3105490507.2,EQ,VEDL,11843976,NIFTY COMMODITIES
237.83,-4.77,243.16,232.5,11-Sep-2026 16:00:28,232.5,N,-2.01,6451978527.73,EQ,ONGC,27128531,NIFTY COMMODITIES
182.37,-3.78,184.24,183,11-Sep-2026 16:00:28,180.79,N,-2.02,5746516268.22,EQ,TATASTEEL,31510206,NIFTY COMMODITIES
497.64,-10.5,511.95,489.8,11-Sep-2026 16:00:28,485.4,N,-2.10,2624314990.44,EQ,OIL,5273521,NIFTY COMMODITIES
82.76,-2.2,83.79,82.4,11-Sep-2026 16:00:28,82.25,N,-2.60,764226943.8,EQ,NMDC,9234255,NIFTY COMMODITIES
1276.23,-39,1286.9,1265,11-Sep-2026 16:00:28,1265,N,-2.99,2017648161.12,EQ,JSWSTEEL,1580944,NIFTY COMMODITIES
984.43,-32.5,992.8,981.5,11-Sep-2026 16:00:28,973.1,N,-3.21,4680465543.99,EQ,HINDALCO,4754493,NIFTY COMMODITIES
2256.6,-106,2365,2259,11-Sep-2026 16:00:28,2191,N,-4.48,2538420004.2,EQ,PIIND,1124887,NIFTY COMMODITIES
412.29,6,417.15,416.5,11-Sep-2026 16:00:28,403,N,1.46,4007171846.16,EQ,VBL,9719304,NIFTY CONSUMPTION
4892.17,28,4973,4973,11-Sep-2026 16:00:28,4822,N,0.57,4519058870.61,EQ,INDIGO,923733,NIFTY CONSUMPTION
320.8,1.4,324.8,323.5,11-Sep-2026 16:00:28,316.05,N,0.43,7286026923.2,EQ,ETERNAL,22712054,NIFTY CONSUMPTION
715.19,2.75,720.75,718.5,11-Sep-2026 16:00:28,708.6,N,0.38,729207008.81,EQ,INDHOTEL,1019599,NIFTY CONSUMPTION
260.46,0.55,261.65,259.85,11-Sep-2026 16:00:28,257.7,N,0.21,2895286122.54,EQ,ITC,11116049,NIFTY CONSUMPTION
4117.24,3.5,4151.9,4125,11-Sep-2026 16:00:28,4062.8,N,0.08,1872306655.52,EQ,TVSMOTOR,454748,NIFTY CONSUMPTION
3673.82,-2,3706.2,3688,11-Sep-2026 16:00:28,3650,N,-0.05,2609102878.16,EQ,DMART,710188,NIFTY CONSUMPTION
1031.96,-0.9,1041.5,1037.7,11-Sep-2026 16:00:28,1022.7,N,-0.09,2586729511.28,EQ,MAXHEALTH,2506618,NIFTY CONSUMPTION
1387.07,-2.9,1401.2,1383.3,11-Sep-2026 16:00:28,1373.5,N,-0.21,1718162221.93,EQ,NESTLEIND,1238699,NIFTY CONSUMPTION
4984.28,-11.5,5015,5009.5,11-Sep-2026 16:00:28,4943,N,-0.23,2009836145.8,EQ,TITAN,403235,NIFTY CONSUMPTION
1396.11,-5,1407.2,1395,11-Sep-2026 16:00:28,1384.3,N,-0.36,771843601.83,EQ,UNITDSPR,552853,NIFTY CONSUMPTION
1842.47,-7.9,1852,1831.1,11-Sep-2026 16:00:28,1830.5,N,-0.43,7703965872.75,EQ,BHARTIARTL,4181325,NIFTY CONSUMPTION
1107.59,-5,1114.7,1111,11-Sep-2026 16:00:28,1096.2,N,-0.45,774213163.13,EQ,HAVELLS,699007,NIFTY CONSUMPTION
3100.48,-16.8,3124.2,3107,11-Sep-2026 16:00:28,3069.1,N,-0.54,4066229912.32,EQ,M&M,1311484,NIFTY CONSUMPTION
13244.81,-75,13490,13425,11-Sep-2026 16:00:28,12980,N,-0.56,7283691873.68,EQ,DIXON,549928,NIFTY CONSUMPTION
867.12,-4.9,872.6,865,11-Sep-2026 16:00:28,859,N,-0.56,670124209.92,EQ,GODREJCP,772816,NIFTY CONSUMPTION
2794.6,-16.3,2816,2802.4,11-Sep-2026 16:00:28,2757.5,N,-0.58,1894453750.8,EQ,TRENT,677898,NIFTY CONSUMPTION
365.49,-2.35,367.4,364.65,11-Sep-2026 16:00:28,362.95,N,-0.64,886580788.68,EQ,TATAPOWER,2425732,NIFTY CONSUMPTION
8896.09,-64,8950,8836,11-Sep-2026 16:00:28,8806,N,-0.72,1849763993.7,EQ,APOLLOHOSP,207930,NIFTY CONSUMPTION
11651.99,-90,11723,11678,11-Sep-2026 16:00:28,11529,N,-0.76,2502043464.69,EQ,BAJAJ-AUTO,214731,NIFTY CONSUMPTION
1936.26,-15.3,1946.6,1927,11-Sep-2026 16:00:28,1926.2,N,-0.79,2130492049.38,EQ,HINDUNILVR,1100313,NIFTY CONSUMPTION
993.66,-8.6,1000,991,11-Sep-2026 16:00:28,988,N,-0.86,900215219.94,EQ,TATACONSUM,905959,NIFTY CONSUMPTION
4986.72,-47,5012.5,4962,11-Sep-2026 16:00:28,4945,N,-0.94,971697299.04,EQ,BRITANNIA,194857,NIFTY CONSUMPTION
2461.44,-25.6,2472.5,2472.5,11-Sep-2026 16:00:28,2442.8,N,-1.02,1607335088.64,EQ,ASIANPAINT,653006,NIFTY CONSUMPTION
5222.59,-58.5,5243,5221.5,11-Sep-2026 16:00:28,5186,N,-1.11,1314332667.17,EQ,HEROMOTOCO,251663,NIFTY CONSUMPTION
1252.74,-14.2,1262.1,1250.8,11-Sep-2026 16:00:28,1244.8,N,-1.12,656649978.54,EQ,NAUKRI,524171,NIFTY CONSUMPTION
12427.72,-190,12541,12400,11-Sep-2026 16:00:28,12381,N,-1.51,6398635340.96,EQ,MARUTI,514868,NIFTY CONSUMPTION
209.99,-3.53,212.48,209.97,11-Sep-2026 16:00:28,208.41,N,-1.65,2156893805.88,EQ,ADANIPOWER,10271412,NIFTY CONSUMPTION
638.07,-11.35,651.4,644.5,11-Sep-2026 16:00:28,630,N,-1.73,2872795960.47,EQ,DLF,4502321,NIFTY CONSUMPTION
7581.64,-167,7633,7530,11-Sep-2026 16:00:28,7530,N,-2.17,3368371019.2,EQ,EICHERMOT,444280,NIFTY CONSUMPTION
76.74,0.03,77.4,76.38,11-Sep-2026 16:00:28,75.87,N,0.04,923267304.66,EQ,NHPC,12031109,NIFTY CPSE
403.28,-0.65,405.4,404.35,11-Sep-2026 16:00:28,399.25,N,-0.16,3147993194.72,EQ,BEL,7805974,NIFTY CPSE
334.47,-1.6,336.25,333.4,11-Sep-2026 16:00:28,331.6,N,-0.48,1661825901.45,EQ,NTPC,4968535,NIFTY CPSE
269.92,-2.65,274.05,269.1,11-Sep-2026 16:00:28,268.35,N,-0.98,3083314514.56,EQ,POWERGRID,11423068,NIFTY CPSE
82.48,-1.04,83.14,82.9,11-Sep-2026 16:00:28,82,N,-1.24,495917021.04,EQ,NBCC,6012573,NIFTY CPSE
428.53,-5.6,434.3,426.4,11-Sep-2026 16:00:28,424.2,N,-1.30,1657649173.66,EQ,COALINDIA,3868222,NIFTY CPSE
66.36,-1.05,66.84,66.15,11-Sep-2026 16:00:28,66.1,N,-1.56,78809401.44,EQ,SJVN,1187604,NIFTY CPSE
237.83,-4.77,243.16,232.5,11-Sep-2026 16:00:28,232.5,N,-2.01,6451978527.73,EQ,ONGC,27128531,NIFTY CPSE
265.74,-5.55,268.55,264.85,11-Sep-2026 16:00:28,263.55,N,-2.05,312937815.66,EQ,NLCINDIA,1177609,NIFTY CPSE
497.64,-10.5,511.95,489.8,11-Sep-2026 16:00:28,485.4,N,-2.10,2624314990.44,EQ,OIL,5273521,NIFTY CPSE
1405.32,-139.4,1510,1381,11-Sep-2026 16:00:28,1372,N,-9.17,8980669353.6,EQ,COCHINSHIP,6390480,NIFTY CPSE
1338.98,45.4,1364.6,1353,11-Sep-2026 16:00:28,1287.7,N,3.47,1629304338.5,EQ,AEGISLOG,1216825,NIFTY ENERGY
3662.56,47.1,3702.1,3692.5,11-Sep-2026 16:00:28,3589.5,N,1.29,309739036.64,EQ,THERMAX,84569,NIFTY ENERGY
31120.3,240,31515,31435,11-Sep-2026 16:00:28,30700,N,0.77,1666118621.4,EQ,POWERINDIA,53538,NIFTY ENERGY
75.18,0.48,76.5,76.5,11-Sep-2026 16:00:28,73.78,N,0.63,557468345.7,EQ,INOXWIND,7415115,NIFTY ENERGY
300.44,1.5,306.45,304.5,11-Sep-2026 16:00:28,296,N,0.50,1243123978.32,EQ,BPCL,4137678,NIFTY ENERGY
425.37,1.5,433,431,11-Sep-2026 16:00:28,418.2,N,0.35,2785372528.29,EQ,BHEL,6548117,NIFTY ENERGY
134.51,0.17,136.16,135.11,11-Sep-2026 16:00:28,133.25,N,0.13,968880775.89,EQ,IOC,7203039,NIFTY ENERGY
1292.12,1.7,1300.4,1298,11-Sep-2026 16:00:28,1278.3,N,0.13,251723065.68,EQ,TORNTPOWER,194814,NIFTY ENERGY
4497.04,3.1,4548.1,4548.1,11-Sep-2026 16:00:28,4428.7,N,0.07,2646337152.48,EQ,GVT&D,588462,NIFTY ENERGY
3915.47,2.6,3957,3957,11-Sep-2026 16:00:28,3858.4,N,0.07,675473391.58,EQ,SIEMENS,172514,NIFTY ENERGY
76.74,0.03,77.4,76.38,11-Sep-2026 16:00:28,75.87,N,0.04,923267304.66,EQ,NHPC,12031109,NIFTY ENERGY
188.33,-0.06,189,188,11-Sep-2026 16:00:28,187.05,N,-0.03,210618478.84,EQ,CASTROLIND,1118348,NIFTY ENERGY
3166.14,-4.1,3191,3175,11-Sep-2026 16:00:28,3124,N,-0.13,664069369.74,EQ,ENRIN,209741,NIFTY ENERGY
346.17,-0.65,354.9,352,11-Sep-2026 16:00:28,340.1,N,-0.18,2020210041.3,EQ,HINDPETRO,5835890,NIFTY ENERGY
43.85,-0.1,44.5,44.12,11-Sep-2026 16:00:28,43.21,N,-0.23,2314276712,EQ,SUZLON,52777120,NIFTY ENERGY
86.73,-0.37,87.72,87.35,11-Sep-2026 16:00:28,86.44,N,-0.42,106752574.53,EQ,NTPCGREEN,1230861,NIFTY ENERGY
334.47,-1.6,336.25,333.4,11-Sep-2026 16:00:28,331.6,N,-0.48,1661825901.45,EQ,NTPC,4968535,NIFTY ENERGY
174.31,-0.87,175.18,173.62,11-Sep-2026 16:00:28,173.01,N,-0.50,1180118268.37,EQ,GAIL,6770227,NIFTY ENERGY
285.76,-1.5,287.2,287.2,11-Sep-2026 16:00:28,283.85,N,-0.52,223408882.56,EQ,PETRONET,781806,NIFTY ENERGY
904.77,-5.55,912.5,909,11-Sep-2026 16:00:28,889,N,-0.61,1957165892.28,EQ,CGPOWER,2163164,NIFTY ENERGY
365.49,-2.35,367.4,364.65,11-Sep-2026 16:00:28,362.95,N,-0.64,886580788.68,EQ,TATAPOWER,2425732,NIFTY ENERGY
525.01,-4,527,526.45,11-Sep-2026 16:00:28,522.75,N,-0.75,306272458.65,EQ,JSWENERGY,583365,NIFTY ENERGY
7261.67,-55,7324,7274,11-Sep-2026 16:00:28,7173,N,-0.75,1397305064.74,EQ,ABB,192422,NIFTY ENERGY
16.01,-0.13,16.2,16.1,11-Sep-2026 16:00:28,15.95,N,-0.80,555447337.75,EQ,JPPOWER,34693775,NIFTY ENERGY
21.51,-0.18,21.77,21.66,11-Sep-2026 16:00:28,21.41,N,-0.82,314947441.08,EQ,RPOWER,14641908,NIFTY ENERGY
269.92,-2.65,274.05,269.1,11-Sep-2026 16:00:28,268.35,N,-0.98,3083314514.56,EQ,POWERGRID,11423068,NIFTY ENERGY
594.96,-6.65,601.45,596.05,11-Sep-2026 16:00:28,592.5,N,-1.10,260032027.68,EQ,ATGL,437058,NIFTY ENERGY
151.91,-1.71,152.5,151.75,11-Sep-2026 16:00:28,151.02,N,-1.11,116407113.9,EQ,IGL,766290,NIFTY ENERGY
550.6,-6.35,555,552,11-Sep-2026 16:00:28,546.5,N,-1.14,93095998.6,EQ,NAVA,169081,NIFTY ENERGY
1259.26,-16.5,1267.4,1257.5,11-Sep-2026 16:00:28,1253,N,-1.30,11053451835.36,EQ,RELIANCE,8777736,NIFTY ENERGY
428.53,-5.6,434.3,426.4,11-Sep-2026 16:00:28,424.2,N,-1.30,1657649173.66,EQ,COALINDIA,3868222,NIFTY ENERGY
1372.66,-18.9,1382,1373,11-Sep-2026 16:00:28,1364.2,N,-1.36,1584604194.64,EQ,ADANIENSOL,1154404,NIFTY ENERGY
1282.81,-17.8,1302.4,1281.3,11-Sep-2026 16:00:28,1273.2,N,-1.37,1279048801.08,EQ,ADANIGREEN,997068,NIFTY ENERGY
1087.16,-15.2,1099.9,1085.6,11-Sep-2026 16:00:28,1080.4,N,-1.38,83531938.6,EQ,MGL,76835,NIFTY ENERGY
145.46,-2.13,146.7,145.45,11-Sep-2026 16:00:28,144.65,N,-1.44,201893388.9,EQ,CESC,1387965,NIFTY ENERGY
66.36,-1.05,66.84,66.15,11-Sep-2026 16:00:28,66.1,N,-1.56,78809401.44,EQ,SJVN,1187604,NIFTY ENERGY
209.99,-3.53,212.48,209.97,11-Sep-2026 16:00:28,208.41,N,-1.65,2156893805.88,EQ,ADANIPOWER,10271412,NIFTY ENERGY
237.83,-4.77,243.16,232.5,11-Sep-2026 16:00:28,232.5,N,-2.01,6451978527.73,EQ,ONGC,27128531,NIFTY ENERGY
265.74,-5.55,268.55,264.85,11-Sep-2026 16:00:28,263.55,N,-2.05,312937815.66,EQ,NLCINDIA,1177609,NIFTY ENERGY
497.64,-10.5,511.95,489.8,11-Sep-2026 16:00:28,485.4,N,-2.10,2624314990.44,EQ,OIL,5273521,NIFTY ENERGY
384.78,16,390.85,388,11-Sep-2026 16:00:28,372,N,4.30,6428519844.78,EQ,INDUSTOWER,16707001,NIFTY INFRA
163.98,1.25,165.58,164.45,11-Sep-2026 16:00:28,160.71,N,0.77,2164566008.34,EQ,MOTHERSON,13200183,NIFTY INFRA
4892.17,28,4973,4973,11-Sep-2026 16:00:28,4822,N,0.57,4519058870.61,EQ,INDIGO,923733,NIFTY INFRA
300.44,1.5,306.45,304.5,11-Sep-2026 16:00:28,296,N,0.50,1243123978.32,EQ,BPCL,4137678,NIFTY INFRA
715.19,2.75,720.75,718.5,11-Sep-2026 16:00:28,708.6,N,0.38,729207008.81,EQ,INDHOTEL,1019599,NIFTY INFRA
10947.04,21,11060,11000,11-Sep-2026 16:00:28,10790,N,0.19,2444222250.08,EQ,ULTRACEMCO,223277,NIFTY INFRA
134.51,0.17,136.16,135.11,11-Sep-2026 16:00:28,133.25,N,0.13,968880775.89,EQ,IOC,7203039,NIFTY INFRA
1031.96,-0.9,1041.5,1037.7,11-Sep-2026 16:00:28,1022.7,N,-0.09,2586729511.28,EQ,MAXHEALTH,2506618,NIFTY INFRA
346.17,-0.65,354.9,352,11-Sep-2026 16:00:28,340.1,N,-0.18,2020210041.3,EQ,HINDPETRO,5835890,NIFTY INFRA
1760.15,-3.4,1771.9,1764.6,11-Sep-2026 16:00:28,1750.8,N,-0.19,2947939703.45,EQ,ADANIPORTS,1674823,NIFTY INFRA
43.85,-0.1,44.5,44.12,11-Sep-2026 16:00:28,43.21,N,-0.23,2314276712,EQ,SUZLON,52777120,NIFTY INFRA
1842.47,-7.9,1852,1831.1,11-Sep-2026 16:00:28,1830.5,N,-0.43,7703965872.75,EQ,BHARTIARTL,4181325,NIFTY INFRA
334.47,-1.6,336.25,333.4,11-Sep-2026 16:00:28,331.6,N,-0.48,1661825901.45,EQ,NTPC,4968535,NIFTY INFRA
174.31,-0.87,175.18,173.62,11-Sep-2026 16:00:28,173.01,N,-0.50,1180118268.37,EQ,GAIL,6770227,NIFTY INFRA
1929.62,-10,1947.9,1944.9,11-Sep-2026 16:00:28,1908.6,N,-0.51,547579845.12,EQ,BHARATFORG,283776,NIFTY INFRA
3914.81,-24.3,3948,3930.7,11-Sep-2026 16:00:28,3880.7,N,-0.61,4680112292.09,EQ,LT,1195489,NIFTY INFRA
904.77,-5.55,912.5,909,11-Sep-2026 16:00:28,889,N,-0.61,1957165892.28,EQ,CGPOWER,2163164,NIFTY INFRA
365.49,-2.35,367.4,364.65,11-Sep-2026 16:00:28,362.95,N,-0.64,886580788.68,EQ,TATAPOWER,2425732,NIFTY INFRA
8896.09,-64,8950,8836,11-Sep-2026 16:00:28,8806,N,-0.72,1849763993.7,EQ,APOLLOHOSP,207930,NIFTY INFRA
22542.44,-215,22680,22570,11-Sep-2026 16:00:28,22370,N,-0.94,364533797.24,EQ,SHREECEM,16171,NIFTY INFRA
390.04,-3.75,393.55,391.85,11-Sep-2026 16:00:28,387.65,N,-0.95,511362722.08,EQ,AMBUJACEM,1311052,NIFTY INFRA
269.92,-2.65,274.05,269.1,11-Sep-2026 16:00:28,268.35,N,-0.98,3083314514.56,EQ,POWERGRID,11423068,NIFTY INFRA
3278.88,-37.1,3302.4,3281.9,11-Sep-2026 16:00:28,3267,N,-1.12,1691869291.2,EQ,GRASIM,515990,NIFTY INFRA
1259.26,-16.5,1267.4,1257.5,11-Sep-2026 16:00:28,1253,N,-1.30,11053451835.36,EQ,RELIANCE,8777736,NIFTY INFRA
1282.81,-17.8,1302.4,1281.3,11-Sep-2026 16:00:28,1273.2,N,-1.37,1279048801.08,EQ,ADANIGREEN,997068,NIFTY INFRA
162.5,-2.37,165.04,163.75,11-Sep-2026 16:00:28,160,N,-1.43,3094715487.5,EQ,ASHOKLEY,19044403,NIFTY INFRA
892.59,-14.65,900,887.8,11-Sep-2026 16:00:28,885,N,-1.62,700316295.51,EQ,FORTIS,784589,NIFTY INFRA
5069.32,-85,5152,5070,11-Sep-2026 16:00:28,5020.5,N,-1.65,1677995613.2,EQ,CUMMINSIND,331010,NIFTY INFRA
638.07,-11.35,651.4,644.5,11-Sep-2026 16:00:28,630,N,-1.73,2872795960.47,EQ,DLF,4502321,NIFTY INFRA
237.83,-4.77,243.16,232.5,11-Sep-2026 16:00:28,232.5,N,-2.01,6451978527.73,EQ,ONGC,27128531,NIFTY INFRA
25323.45,280,25635,25540,11-Sep-2026 16:00:28,25135,N,1.11,243484971.75,EQ,ABBOTINDIA,9615,NIFTY MNC
31120.3,240,31515,31435,11-Sep-2026 16:00:28,30700,N,0.77,1666118621.4,EQ,POWERINDIA,53538,NIFTY MNC
1176.27,4.6,1192,1189.6,11-Sep-2026 16:00:28,1159.4,N,0.39,913334838.09,EQ,NAM-INDIA,776467,NIFTY MNC
6206.66,22.5,6250,6250,11-Sep-2026 16:00:28,6160,N,0.36,72797915.14,EQ,LINDEINDIA,11729,NIFTY MNC
11758.52,38,11830,11763,11-Sep-2026 16:00:28,11595,N,0.32,2893760013.48,EQ,OFSS,246099,NIFTY MNC
3937.38,9.8,3967.7,3950,11-Sep-2026 16:00:28,3890.1,N,0.25,72105239.94,EQ,SCHAEFFLER,18313,NIFTY MNC
3266.55,5,3319.8,3302.2,11-Sep-2026 16:00:28,3210.1,N,0.15,142767834.3,EQ,TIMKEN,43706,NIFTY MNC
3915.47,2.6,3957,3957,11-Sep-2026 16:00:28,3858.4,N,0.07,675473391.58,EQ,SIEMENS,172514,NIFTY MNC
183.47,0.1,185.94,185.8,11-Sep-2026 16:00:28,181,N,0.05,317034875.71,EQ,AWL,1727993,NIFTY MNC
188.33,-0.06,189,188,11-Sep-2026 16:00:28,187.05,N,-0.03,210618478.84,EQ,CASTROLIND,1118348,NIFTY MNC
3166.14,-4.1,3191,3175,11-Sep-2026 16:00:28,3124,N,-0.13,664069369.74,EQ,ENRIN,209741,NIFTY MNC
1254.73,-1.7,1263.5,1255,11-Sep-2026 16:00:28,1240.2,N,-0.14,511341371.63,EQ,UBL,407531,NIFTY MNC
1387.07,-2.9,1401.2,1383.3,11-Sep-2026 16:00:28,1373.5,N,-0.21,1718162221.93,EQ,NESTLEIND,1238699,NIFTY MNC
1396.11,-5,1407.2,1395,11-Sep-2026 16:00:28,1384.3,N,-0.36,771843601.83,EQ,UNITDSPR,552853,NIFTY MNC
2917.05,-11,2950.1,2935.9,11-Sep-2026 16:00:28,2882,N,-0.37,1134744118.2,EQ,GLAND,389004,NIFTY MNC
4692.84,-23.7,4721.7,4698,11-Sep-2026 16:00:28,4656.3,N,-0.50,112717323.96,EQ,CRISIL,24019,NIFTY MNC
1791.17,-11.1,1799.9,1797.4,11-Sep-2026 16:00:28,1782.1,N,-0.61,503100247.26,EQ,COLPAL,280878,NIFTY MNC
32640.29,-205,32865,32595,11-Sep-2026 16:00:28,32400,N,-0.63,52159183.42,EQ,3MINDIA,1598,NIFTY MNC
7261.67,-55,7324,7274,11-Sep-2026 16:00:28,7173,N,-0.75,1397305064.74,EQ,ABB,192422,NIFTY MNC
1936.26,-15.3,1946.6,1927,11-Sep-2026 16:00:28,1926.2,N,-0.79,2130492049.38,EQ,HINDUNILVR,1100313,NIFTY MNC
48546.15,-390,48960,48385,11-Sep-2026 16:00:28,48080,N,-0.80,965971292.7,EQ,BOSCHLTD,19898,NIFTY MNC
4986.72,-47,5012.5,4962,11-Sep-2026 16:00:28,4945,N,-0.94,971697299.04,EQ,BRITANNIA,194857,NIFTY MNC
390.04,-3.75,393.55,391.85,11-Sep-2026 16:00:28,387.65,N,-0.95,511362722.08,EQ,AMBUJACEM,1311052,NIFTY MNC
438.33,-5.75,445.2,439.55,11-Sep-2026 16:00:28,434.15,N,-1.29,205201559.52,EQ,COHANCE,468144,NIFTY MNC
2184.68,-31,2195.5,2174,11-Sep-2026 16:00:28,2170.6,N,-1.41,1059143787.4,EQ,HYUNDAI,484805,NIFTY MNC
162.5,-2.37,165.04,163.75,11-Sep-2026 16:00:28,160,N,-1.43,3094715487.5,EQ,ASHOKLEY,19044403,NIFTY MNC
12427.72,-190,12541,12400,11-Sep-2026 16:00:28,12381,N,-1.51,6398635340.96,EQ,MARUTI,514868,NIFTY MNC
5069.32,-85,5152,5070,11-Sep-2026 16:00:28,5020.5,N,-1.65,1677995613.2,EQ,CUMMINSIND,331010,NIFTY MNC
262.2,-5.35,264.85,263.7,11-Sep-2026 16:00:28,256.5,N,-1.99,3105490507.2,EQ,VEDL,11843976,NIFTY MNC
2902.73,-63.4,2949.6,2895,11-Sep-2026 16:00:28,2884.9,N,-2.14,123621465.24,EQ,ESCORTS,42588,NIFTY MNC
300.44,1.5,306.45,304.5,11-Sep-2026 16:00:28,296,N,0.50,1243123978.32,EQ,BPCL,4137678,NIFTY PSE
425.37,1.5,433,431,11-Sep-2026 16:00:28,418.2,N,0.35,2785372528.29,EQ,BHEL,6548117,NIFTY PSE
350.61,0.65,353.45,353.45,11-Sep-2026 16:00:28,348,N,0.18,2173294301.49,EQ,PFC,6198609,NIFTY PSE
134.51,0.17,136.16,135.11,11-Sep-2026 16:00:28,133.25,N,0.13,968880775.89,EQ,IOC,7203039,NIFTY PSE
76.74,0.03,77.4,76.38,11-Sep-2026 16:00:28,75.87,N,0.04,923267304.66,EQ,NHPC,12031109,NIFTY PSE
80.57,0.01,81.09,81.09,11-Sep-2026 16:00:28,80.1,N,0.01,646898624.82,EQ,IRFC,8029026,NIFTY PSE
403.28,-0.65,405.4,404.35,11-Sep-2026 16:00:28,399.25,N,-0.16,3147993194.72,EQ,BEL,7805974,NIFTY PSE
346.17,-0.65,354.9,352,11-Sep-2026 16:00:28,340.1,N,-0.18,2020210041.3,EQ,HINDPETRO,5835890,NIFTY PSE
203.23,-0.7,204.99,204.9,11-Sep-2026 16:00:28,202.04,N,-0.34,775673428.21,EQ,RVNL,3816727,NIFTY PSE
313.39,-1.1,315.05,312.7,11-Sep-2026 16:00:28,311.25,N,-0.35,1413357247.61,EQ,RECLTD,4509899,NIFTY PSE
334.47,-1.6,336.25,333.4,11-Sep-2026 16:00:28,331.6,N,-0.48,1661825901.45,EQ,NTPC,4968535,NIFTY PSE
174.31,-0.87,175.18,173.62,11-Sep-2026 16:00:28,173.01,N,-0.50,1180118268.37,EQ,GAIL,6770227,NIFTY PSE
463.34,-4.05,467.15,463.7,11-Sep-2026 16:00:28,462.15,N,-0.87,279989875.24,EQ,IRCTC,604286,NIFTY PSE
4903.79,-45,4930,4905,11-Sep-2026 16:00:28,4875,N,-0.91,3740385437.66,EQ,HAL,762754,NIFTY PSE
499.56,-4.9,503.5,499.25,11-Sep-2026 16:00:28,494.15,N,-0.97,278098058.16,EQ,CONCOR,556686,NIFTY PSE
269.92,-2.65,274.05,269.1,11-Sep-2026 16:00:28,268.35,N,-0.98,3083314514.56,EQ,POWERGRID,11423068,NIFTY PSE
428.53,-5.6,434.3,426.4,11-Sep-2026 16:00:28,424.2,N,-1.30,1657649173.66,EQ,COALINDIA,3868222,NIFTY PSE
237.83,-4.77,243.16,232.5,11-Sep-2026 16:00:28,232.5,N,-2.01,6451978527.73,EQ,ONGC,27128531,NIFTY PSE
497.64,-10.5,511.95,489.8,11-Sep-2026 16:00:28,485.4,N,-2.10,2624314990.44,EQ,OIL,5273521,NIFTY PSE
82.76,-2.2,83.79,82.4,11-Sep-2026 16:00:28,82.25,N,-2.60,764226943.8,EQ,NMDC,9234255,NIFTY PSE
3255.4,78,3394.4,3384,11-Sep-2026 16:00:28,3193.2,N,2.36,14084400204.2,EQ,BSE,4326473,NIFTY SERV SECTOR
693.3,14.45,709,708.25,11-Sep-2026 16:00:28,681.9,N,2.08,21777893842.2,EQ,HDFCBANK,31411934,NIFTY SERV SECTOR
1543.63,15.2,1557.3,1541,11-Sep-2026 16:00:28,1518.6,N,1.00,3098571720.64,EQ,TECHM,2007328,NIFTY SERV SECTOR
526.59,3.85,531.5,530,11-Sep-2026 16:00:28,518.2,N,0.73,2173693483.53,EQ,HDFCLIFE,4127867,NIFTY SERV SECTOR
166.93,1.1,167.75,167.4,11-Sep-2026 16:00:28,165.16,N,0.66,1416383856.21,EQ,WIPRO,8484897,NIFTY SERV SECTOR
415.61,2.45,420,419,11-Sep-2026 16:00:28,409.25,N,0.59,6316225909.63,EQ,KOTAKBANK,15197483,NIFTY SERV SECTOR
4892.17,28,4973,4973,11-Sep-2026 16:00:28,4822,N,0.57,4519058870.61,EQ,INDIGO,923733,NIFTY SERV SECTOR
320.8,1.4,324.8,323.5,11-Sep-2026 16:00:28,316.05,N,0.43,7286026923.2,EQ,ETERNAL,22712054,NIFTY SERV SECTOR
1039.69,1.2,1047.3,1037.7,11-Sep-2026 16:00:28,1029.7,N,0.12,6412899412.72,EQ,INFY,6168088,NIFTY SERV SECTOR
1245.37,0,1252.8,1246,11-Sep-2026 16:00:28,1229.8,N,0.00,5681732870.45,EQ,AXISBANK,4562285,NIFTY SERV SECTOR
3673.82,-2,3706.2,3688,11-Sep-2026 16:00:28,3650,N,-0.05,2609102878.16,EQ,DMART,710188,NIFTY SERV SECTOR
1213.93,-0.9,1223.4,1206.1,11-Sep-2026 16:00:28,1195.7,N,-0.07,2759074730.85,EQ,HCLTECH,2272845,NIFTY SERV SECTOR
1031.96,-0.9,1041.5,1037.7,11-Sep-2026 16:00:28,1022.7,N,-0.09,2586729511.28,EQ,MAXHEALTH,2506618,NIFTY SERV SECTOR
2210.94,-3.3,2232.6,2200.8,11-Sep-2026 16:00:28,2185.5,N,-0.15,5823890116.56,EQ,TCS,2634124,NIFTY SERV SECTOR
228.12,-0.35,231.37,229.9,11-Sep-2026 16:00:28,226.44,N,-0.15,5042033934.12,EQ,JIOFIN,22102551,NIFTY SERV SECTOR
1760.15,-3.4,1771.9,1764.6,11-Sep-2026 16:00:28,1750.8,N,-0.19,2947939703.45,EQ,ADANIPORTS,1674823,NIFTY SERV SECTOR
1379.59,-5.2,1389,1379.3,11-Sep-2026 16:00:28,1367.6,N,-0.38,9745999049.03,EQ,ICICIBANK,7064417,NIFTY SERV SECTOR
1842.47,-7.9,1852,1831.1,11-Sep-2026 16:00:28,1830.5,N,-0.43,7703965872.75,EQ,BHARTIARTL,4181325,NIFTY SERV SECTOR
334.47,-1.6,336.25,333.4,11-Sep-2026 16:00:28,331.6,N,-0.48,1661825901.45,EQ,NTPC,4968535,NIFTY SERV SECTOR
174.31,-0.87,175.18,173.62,11-Sep-2026 16:00:28,173.01,N,-0.50,1180118268.37,EQ,GAIL,6770227,NIFTY SERV SECTOR
365.49,-2.35,367.4,364.65,11-Sep-2026 16:00:28,362.95,N,-0.64,886580788.68,EQ,TATAPOWER,2425732,NIFTY SERV SECTOR
8896.09,-64,8950,8836,11-Sep-2026 16:00:28,8806,N,-0.72,1849763993.7,EQ,APOLLOHOSP,207930,NIFTY SERV SECTOR
1027.91,-9,1035,1034.5,11-Sep-2026 16:00:28,1015.1,N,-0.86,5562328355.09,EQ,BAJFINANCE,5411299,NIFTY SERV SECTOR
1025.52,-9.4,1034.5,1028.6,11-Sep-2026 16:00:28,1013.2,N,-0.91,3252146457.84,EQ,SHRIRAMFIN,3171217,NIFTY SERV SECTOR
1687.25,-15.9,1697.7,1684.7,11-Sep-2026 16:00:28,1671,N,-0.93,520737654.75,EQ,SBILIFE,308631,NIFTY SERV SECTOR
269.92,-2.65,274.05,269.1,11-Sep-2026 16:00:28,268.35,N,-0.98,3083314514.56,EQ,POWERGRID,11423068,NIFTY SERV SECTOR
1252.74,-14.2,1262.1,1250.8,11-Sep-2026 16:00:28,1244.8,N,-1.12,656649978.54,EQ,NAUKRI,524171,NIFTY SERV SECTOR
1909.08,-27,1926,1913.5,11-Sep-2026 16:00:28,1895,N,-1.39,1455434865,EQ,BAJAJFINSV,762375,NIFTY SERV SECTOR
996.57,-14,1001.9,995.7,11-Sep-2026 16:00:28,993,N,-1.39,7744454096.13,EQ,SBIN,7771109,NIFTY SERV SECTOR
977.36,-15.1,988.7,978.2,11-Sep-2026 16:00:28,972.3,N,-1.52,2447903674.88,EQ,INDUSINDBK,2504608,NIFTY SERV SECTOR
191.88,25.68,206.38,198.85,11-Sep-2026 16:00:28,170.96,N,14.83,53092437882.12,EQ,PINELABS,276696049,NIFTY IND DIGITAL
134.11,9.37,137.12,136.1,11-Sep-2026 16:00:28,125.37,N,7.39,5520233942.46,EQ,PWL,41161986,NIFTY IND DIGITAL
1677.25,76.3,1716.4,1714,11-Sep-2026 16:00:28,1624.1,N,4.66,235524476.75,EQ,INDIAMART,140423,NIFTY IND DIGITAL
1793.95,68.5,1840,1807.5,11-Sep-2026 16:00:28,1726.8,N,3.94,16628901124.3,EQ,PAYTM,9269434,NIFTY IND DIGITAL
263.99,5.4,268.1,265.5,11-Sep-2026 16:00:28,257.8,N,2.08,365518442.08,EQ,SONATSOFTW,1384592,NIFTY IND DIGITAL
278.86,5.7,284.8,281.5,11-Sep-2026 16:00:28,274.2,N,2.07,1288963423.6,EQ,BSOFT,4622260,NIFTY IND DIGITAL
44.64,0.79,45.5,45.2,11-Sep-2026 16:00:28,43.47,N,1.78,1090540870.56,EQ,SAGILITY,24429679,NIFTY IND DIGITAL
3071.15,51.4,3105.2,3086.1,11-Sep-2026 16:00:28,2982.1,N,1.69,840693529.85,EQ,CARTRADE,273739,NIFTY IND DIGITAL
1543.63,15.2,1557.3,1541,11-Sep-2026 16:00:28,1518.6,N,1.00,3098571720.64,EQ,TECHM,2007328,NIFTY IND DIGITAL
165.34,1.59,167.8,166.15,11-Sep-2026 16:00:28,161.1,N,0.97,713419613.76,EQ,URBANCO,4314864,NIFTY IND DIGITAL
547.67,5.1,560.4,554.9,11-Sep-2026 16:00:28,539.4,N,0.93,1350445233.67,EQ,TEJASNET,2465801,NIFTY IND DIGITAL
342.05,2.55,344.5,344.5,11-Sep-2026 16:00:28,339.05,N,0.75,1360576389.6,EQ,NYKAA,3977712,NIFTY IND DIGITAL
1840.29,13.4,1858.6,1846.5,11-Sep-2026 16:00:28,1807.3,N,0.73,4945464685.41,EQ,COFORGE,2687329,NIFTY IND DIGITAL
219.34,1.53,223.1,219.44,11-Sep-2026 16:00:28,214.5,N,0.70,5960015711.32,EQ,MEESHO,27172498,NIFTY IND DIGITAL
166.93,1.1,167.75,167.4,11-Sep-2026 16:00:28,165.16,N,0.66,1416383856.21,EQ,WIPRO,8484897,NIFTY IND DIGITAL
4996.56,31,5055,5044.5,11-Sep-2026 16:00:28,4916,N,0.62,4348501171.44,EQ,NETWEB,870299,NIFTY IND DIGITAL
1667.14,9.2,1687,1680.8,11-Sep-2026 16:00:28,1632.2,N,0.55,213924070.52,EQ,TBOTEK,128318,NIFTY IND DIGITAL
551.46,2.8,555.95,553.75,11-Sep-2026 16:00:28,545.6,N,0.51,474309643.08,EQ,KPITTECH,860098,NIFTY IND DIGITAL
15.03,0.07,15.2,14.97,11-Sep-2026 16:00:28,14.84,N,0.47,8235043758.09,EQ,IDEA,547907103,NIFTY IND DIGITAL
1548.84,6.9,1567.4,1546.1,11-Sep-2026 16:00:28,1527.5,N,0.45,216146817.36,EQ,BHARTIHEXA,139554,NIFTY IND DIGITAL
320.8,1.4,324.8,323.5,11-Sep-2026 16:00:28,316.05,N,0.43,7286026923.2,EQ,ETERNAL,22712054,NIFTY IND DIGITAL
11758.52,38,11830,11763,11-Sep-2026 16:00:28,11595,N,0.32,2893760013.48,EQ,OFSS,246099,NIFTY IND DIGITAL
2291.19,3.3,2309.2,2295,11-Sep-2026 16:00:28,2273.3,N,0.14,423714349.08,EQ,MPHASIS,184932,NIFTY IND DIGITAL
424.71,0.6,432.8,428,11-Sep-2026 16:00:28,421,N,0.14,416465104.77,EQ,ZENSARTECH,980587,NIFTY IND DIGITAL
1039.69,1.2,1047.3,1037.7,11-Sep-2026 16:00:28,1029.7,N,0.12,6412899412.72,EQ,INFY,6168088,NIFTY IND DIGITAL
5515.57,6.5,5545.5,5516,11-Sep-2026 16:00:28,5444.5,N,0.12,1849701555.2,EQ,PERSISTENT,335360,NIFTY IND DIGITAL
1213.93,-0.9,1223.4,1206.1,11-Sep-2026 16:00:28,1195.7,N,-0.07,2759074730.85,EQ,HCLTECH,2272845,NIFTY IND DIGITAL
2210.94,-3.3,2232.6,2200.8,11-Sep-2026 16:00:28,2185.5,N,-0.15,5823890116.56,EQ,TCS,2634124,NIFTY IND DIGITAL
1793.76,-2.7,1813.3,1797.3,11-Sep-2026 16:00:28,1757.3,N,-0.15,1012408906.56,EQ,POLICYBZR,564406,NIFTY IND DIGITAL
682.43,-1.05,689.6,684,11-Sep-2026 16:00:28,676.6,N,-0.15,191496682.3,EQ,INTELLECT,280610,NIFTY IND DIGITAL
277.92,-0.8,281.45,278.2,11-Sep-2026 16:00:28,275.3,N,-0.29,4789573784.64,EQ,SWIGGY,17233642,NIFTY IND DIGITAL
1842.47,-7.9,1852,1831.1,11-Sep-2026 16:00:28,1830.5,N,-0.43,7703965872.75,EQ,BHARTIARTL,4181325,NIFTY IND DIGITAL
1771.41,-9.2,1785,1755.2,11-Sep-2026 16:00:28,1747.8,N,-0.52,296006153.82,EQ,TATACOMM,167102,NIFTY IND DIGITAL
35.51,-0.21,35.81,35.7,11-Sep-2026 16:00:28,35.31,N,-0.58,39154746.4,EQ,TTML,1102640,NIFTY IND DIGITAL
258.7,-1.7,261.5,261,11-Sep-2026 16:00:28,256.7,N,-0.65,113779623.1,EQ,RAILTEL,439813,NIFTY IND DIGITAL
3392.18,-26,3411,3383,11-Sep-2026 16:00:28,3373.7,N,-0.76,383058534.32,EQ,TATAELXSI,112924,NIFTY IND DIGITAL
3344.05,-27.9,3370.1,3350,11-Sep-2026 16:00:28,3322.1,N,-0.83,107183490.6,EQ,LTTS,32052,NIFTY IND DIGITAL
463.34,-4.05,467.15,463.7,11-Sep-2026 16:00:28,462.15,N,-0.87,279989875.24,EQ,IRCTC,604286,NIFTY IND DIGITAL
253.06,-2.4,255.8,253.4,11-Sep-2026 16:00:28,251.55,N,-0.94,84802177.42,EQ,LATENTVIEW,335107,NIFTY IND DIGITAL
502.18,-5,509,502.9,11-Sep-2026 16:00:28,498.55,N,-0.98,293235958.68,EQ,NEWGEN,583926,NIFTY IND DIGITAL
1070.45,-11.4,1087.4,1065,11-Sep-2026 16:00:28,1054.4,N,-1.06,330504648.85,EQ,CYIENT,308753,NIFTY IND DIGITAL
1252.74,-14.2,1262.1,1250.8,11-Sep-2026 16:00:28,1244.8,N,-1.12,656649978.54,EQ,NAUKRI,524171,NIFTY IND DIGITAL
498.47,-5.95,502.95,497,11-Sep-2026 16:00:28,496,N,-1.18,43642543.91,EQ,HEXT,87553,NIFTY IND DIGITAL
168.27,-2.09,170.05,169.29,11-Sep-2026 16:00:28,166.95,N,-1.22,126078148.47,EQ,FIRSTCRY,749261,NIFTY IND DIGITAL
1570.07,-22,1586.2,1572,11-Sep-2026 16:00:28,1558.5,N,-1.38,140503994.23,EQ,AFFLE,89489,NIFTY IND DIGITAL
230.73,-3.37,233.36,232.26,11-Sep-2026 16:00:28,228.88,N,-1.43,185572216.59,EQ,BLS,804283,NIFTY IND DIGITAL
765.85,-13.45,777,765.6,11-Sep-2026 16:00:28,758.1,N,-1.73,667579957.25,EQ,TATATECH,871685,NIFTY IND DIGITAL
931.89,-16.4,943.4,923.5,11-Sep-2026 16:00:28,921.4,N,-1.74,143936001.84,EQ,MAPMYINDIA,154456,NIFTY IND DIGITAL
4308.98,-99,4366.8,4275,11-Sep-2026 16:00:28,4275,N,-2.26,1505187039.72,EQ,LTM,349314,NIFTY IND DIGITAL
1750.48,-47.4,1783,1736.3,11-Sep-2026 16:00:28,1732.4,N,-2.66,145860496.48,EQ,IKS,83326,NIFTY IND DIGITAL
693.3,14.45,709,708.25,11-Sep-2026 16:00:28,681.9,N,2.08,21777893842.2,EQ,HDFCBANK,31411934,NIFTY100 ESG
412.29,6,417.15,416.5,11-Sep-2026 16:00:28,403,N,1.46,4007171846.16,EQ,VBL,9719304,NIFTY100 ESG
11061.36,142,11146,11134,11-Sep-2026 16:00:28,10922,N,1.29,552072477.6,EQ,BAJAJHLDNG,49910,NIFTY100 ESG
1543.63,15.2,1557.3,1541,11-Sep-2026 16:00:28,1518.6,N,1.00,3098571720.64,EQ,TECHM,2007328,NIFTY100 ESG
163.98,1.25,165.58,164.45,11-Sep-2026 16:00:28,160.71,N,0.77,2164566008.34,EQ,MOTHERSON,13200183,NIFTY100 ESG
526.59,3.85,531.5,530,11-Sep-2026 16:00:28,518.2,N,0.73,2173693483.53,EQ,HDFCLIFE,4127867,NIFTY100 ESG
4944.39,35.5,4988,4965.5,11-Sep-2026 16:00:28,4894,N,0.72,1300938230.46,EQ,TORNTPHARM,263114,NIFTY100 ESG
166.93,1.1,167.75,167.4,11-Sep-2026 16:00:28,165.16,N,0.66,1416383856.21,EQ,WIPRO,8484897,NIFTY100 ESG
300.44,1.5,306.45,304.5,11-Sep-2026 16:00:28,296,N,0.50,1243123978.32,EQ,BPCL,4137678,NIFTY100 ESG
320.8,1.4,324.8,323.5,11-Sep-2026 16:00:28,316.05,N,0.43,7286026923.2,EQ,ETERNAL,22712054,NIFTY100 ESG
715.19,2.75,720.75,718.5,11-Sep-2026 16:00:28,708.6,N,0.38,729207008.81,EQ,INDHOTEL,1019599,NIFTY100 ESG
236.5,0.51,238.13,238.13,11-Sep-2026 16:00:28,234.3,N,0.21,1659822037.5,EQ,BANKBARODA,7018275,NIFTY100 ESG
10947.04,21,11060,11000,11-Sep-2026 16:00:28,10790,N,0.19,2444222250.08,EQ,ULTRACEMCO,223277,NIFTY100 ESG
350.61,0.65,353.45,353.45,11-Sep-2026 16:00:28,348,N,0.18,2173294301.49,EQ,PFC,6198609,NIFTY100 ESG
134.51,0.17,136.16,135.11,11-Sep-2026 16:00:28,133.25,N,0.13,968880775.89,EQ,IOC,7203039,NIFTY100 ESG
1039.69,1.2,1047.3,1037.7,11-Sep-2026 16:00:28,1029.7,N,0.12,6412899412.72,EQ,INFY,6168088,NIFTY100 ESG
4117.24,3.5,4151.9,4125,11-Sep-2026 16:00:28,4062.8,N,0.08,1872306655.52,EQ,TVSMOTOR,454748,NIFTY100 ESG
3915.47,2.6,3957,3957,11-Sep-2026 16:00:28,3858.4,N,0.07,675473391.58,EQ,SIEMENS,172514,NIFTY100 ESG
80.57,0.01,81.09,81.09,11-Sep-2026 16:00:28,80.1,N,0.01,646898624.82,EQ,IRFC,8029026,NIFTY100 ESG
1245.37,0,1252.8,1246,11-Sep-2026 16:00:28,1229.8,N,0.00,5681732870.45,EQ,AXISBANK,4562285,NIFTY100 ESG
1027.91,-9,1035,1034.5,11-Sep-2026 16:00:28,1015.1,N,-0.86,5562328355.09,EQ,BAJFINANCE,5411299,NIFTY100 ESG
1025.52,-9.4,1034.5,1028.6,11-Sep-2026 16:00:28,1013.2,N,-0.91,3252146457.84,EQ,SHRIRAMFIN,3171217,NIFTY100 ESG
1687.25,-15.9,1697.7,1684.7,11-Sep-2026 16:00:28,1671,N,-0.93,520737654.75,EQ,SBILIFE,308631,NIFTY100 ESG
4986.72,-47,5012.5,4962,11-Sep-2026 16:00:28,4945,N,-0.94,971697299.04,EQ,BRITANNIA,194857,NIFTY100 ESG
22542.44,-215,22680,22570,11-Sep-2026 16:00:28,22370,N,-0.94,364533797.24,EQ,SHREECEM,16171,NIFTY100 ESG
390.04,-3.75,393.55,391.85,11-Sep-2026 16:00:28,387.65,N,-0.95,511362722.08,EQ,AMBUJACEM,1311052,NIFTY100 ESG
269.92,-2.65,274.05,269.1,11-Sep-2026 16:00:28,268.35,N,-0.98,3083314514.56,EQ,POWERGRID,11423068,NIFTY100 ESG
2461.44,-25.6,2472.5,2472.5,11-Sep-2026 16:00:28,2442.8,N,-1.02,1607335088.64,EQ,ASIANPAINT,653006,NIFTY100 ESG
3278.88,-37.1,3302.4,3281.9,11-Sep-2026 16:00:28,3267,N,-1.12,1691869291.2,EQ,GRASIM,515990,NIFTY100 ESG
2403.44,-29.9,2424.6,2403.9,11-Sep-2026 16:00:28,2366.1,N,-1.23,1628674291.92,EQ,HDFCAMC,677643,NIFTY100 ESG
9353.55,-116.5,9415,9322,11-Sep-2026 16:00:28,9310.5,N,-1.23,4833503083.8,EQ,DIVISLAB,516756,NIFTY100 ESG
1259.26,-16.5,1267.4,1257.5,11-Sep-2026 16:00:28,1253,N,-1.30,11053451835.36,EQ,RELIANCE,8777736,NIFTY100 ESG
1372.66,-18.9,1382,1373,11-Sep-2026 16:00:28,1364.2,N,-1.36,1584604194.64,EQ,ADANIENSOL,1154404,NIFTY100 ESG
1282.81,-17.8,1302.4,1281.3,11-Sep-2026 16:00:28,1273.2,N,-1.37,1279048801.08,EQ,ADANIGREEN,997068,NIFTY100 ESG
1909.08,-27,1926,1913.5,11-Sep-2026 16:00:28,1895,N,-1.39,1455434865,EQ,BAJAJFINSV,762375,NIFTY100 ESG
996.57,-14,1001.9,995.7,11-Sep-2026 16:00:28,993,N,-1.39,7744454096.13,EQ,SBIN,7771109,NIFTY100 ESG
2184.68,-31,2195.5,2174,11-Sep-2026 16:00:28,2170.6,N,-1.41,1059143787.4,EQ,HYUNDAI,484805,NIFTY100 ESG
1113.23,-16.5,1122,1120.5,11-Sep-2026 16:00:28,1058,N,-1.45,612117308.11,EQ,JINDALSTEL,549857,NIFTY100 ESG
12427.72,-190,12541,12400,11-Sep-2026 16:00:28,12381,N,-1.51,6398635340.96,EQ,MARUTI,514868,NIFTY100 ESG
5069.32,-85,5152,5070,11-Sep-2026 16:00:28,5020.5,N,-1.65,1677995613.2,EQ,CUMMINSIND,331010,NIFTY100 ESG
209.99,-3.53,212.48,209.97,11-Sep-2026 16:00:28,208.41,N,-1.65,2156893805.88,EQ,ADANIPOWER,10271412,NIFTY100 ESG
638.07,-11.35,651.4,644.5,11-Sep-2026 16:00:28,630,N,-1.73,2872795960.47,EQ,DLF,4502321,NIFTY100 ESG
2763.53,-49.4,2820,2792.1,11-Sep-2026 16:00:28,2728.6,N,-1.74,2805803718.41,EQ,MUTHOOTFIN,1015297,NIFTY100 ESG
237.83,-4.77,243.16,232.5,11-Sep-2026 16:00:28,232.5,N,-2.01,6451978527.73,EQ,ONGC,27128531,NIFTY100 ESG
182.37,-3.78,184.24,183,11-Sep-2026 16:00:28,180.79,N,-2.02,5746516268.22,EQ,TATASTEEL,31510206,NIFTY100 ESG
7581.64,-167,7633,7530,11-Sep-2026 16:00:28,7530,N,-2.17,3368371019.2,EQ,EICHERMOT,444280,NIFTY100 ESG
4308.98,-99,4366.8,4275,11-Sep-2026 16:00:28,4275,N,-2.26,1505187039.72,EQ,LTM,349314,NIFTY100 ESG
575.55,-17.15,583.3,576.45,11-Sep-2026 16:00:28,565.55,N,-2.89,4120241584.5,EQ,HINDZINC,7158790,NIFTY100 ESG
1276.23,-39,1286.9,1265,11-Sep-2026 16:00:28,1265,N,-2.99,2017648161.12,EQ,JSWSTEEL,1580944,NIFTY100 ESG
984.43,-32.5,992.8,981.5,11-Sep-2026 16:00:28,973.1,N,-3.21,4680465543.99,EQ,HINDALCO,4754493,NIFTY100 ESG
1545.72,44,1565.1,1558,11-Sep-2026 16:00:28,1489,N,2.91,2065647653.52,EQ,BLUESTARCO,1336366,NIFTY INDIA MFG
1167.08,22.5,1182,1165.5,11-Sep-2026 16:00:28,1130,N,1.97,2804825857.8,EQ,DRREDDY,2403285,NIFTY INDIA MFG
34317.73,550,34700,34700,11-Sep-2026 16:00:28,33800,N,1.61,74846969.13,EQ,HONAUT,2181,NIFTY INDIA MFG
1961.44,24,1981.8,1969,11-Sep-2026 16:00:28,1918.1,N,1.23,4466934420,EQ,LAURUSLABS,2277375,NIFTY INDIA MFG
2090.46,17.2,2108.5,2095,11-Sep-2026 16:00:28,2058,N,0.83,1300054983.54,EQ,LUPIN,621899,NIFTY INDIA MFG
163.98,1.25,165.58,164.45,11-Sep-2026 16:00:28,160.71,N,0.77,2164566008.34,EQ,MOTHERSON,13200183,NIFTY INDIA MFG
4944.39,35.5,4988,4965.5,11-Sep-2026 16:00:28,4894,N,0.72,1300938230.46,EQ,TORNTPHARM,263114,NIFTY INDIA MFG
1672.65,11.4,1681.4,1679.8,11-Sep-2026 16:00:28,1655.5,N,0.68,826708935.15,EQ,AUROPHARMA,494251,NIFTY INDIA MFG
1159.27,6.5,1169,1165,11-Sep-2026 16:00:28,1138,N,0.56,883658194.58,EQ,VOLTAS,762254,NIFTY INDIA MFG
300.44,1.5,306.45,304.5,11-Sep-2026 16:00:28,296,N,0.50,1243123978.32,EQ,BPCL,4137678,NIFTY INDIA MFG
229.58,1,231.69,231,11-Sep-2026 16:00:28,226.63,N,0.43,247472776.46,EQ,CROMPTON,1077937,NIFTY INDIA MFG
127993.49,490,128765,128760,11-Sep-2026 16:00:28,127015,N,0.38,274290049.07,EQ,MRF,2143,NIFTY INDIA MFG
6206.66,22.5,6250,6250,11-Sep-2026 16:00:28,6160,N,0.36,72797915.14,EQ,LINDEINDIA,11729,NIFTY INDIA MFG
425.37,1.5,433,431,11-Sep-2026 16:00:28,418.2,N,0.35,2785372528.29,EQ,BHEL,6548117,NIFTY INDIA MFG
301,0.6,304.4,301.1,11-Sep-2026 16:00:28,296.5,N,0.20,2312641093,EQ,TMPV,7683193,NIFTY INDIA MFG
3462.53,6,3550,3505,11-Sep-2026 16:00:28,3433.4,N,0.17,1924491486.65,EQ,KAYNES,555805,NIFTY INDIA MFG
134.51,0.17,136.16,135.11,11-Sep-2026 16:00:28,133.25,N,0.13,968880775.89,EQ,IOC,7203039,NIFTY INDIA MFG
1122.59,1.3,1135.5,1119.1,11-Sep-2026 16:00:28,1104.6,N,0.12,1166143124.23,EQ,ZYDUSLIFE,1038797,NIFTY INDIA MFG
4117.24,3.5,4151.9,4125,11-Sep-2026 16:00:28,4062.8,N,0.08,1872306655.52,EQ,TVSMOTOR,454748,NIFTY INDIA MFG
659.52,0.5,666,664.25,11-Sep-2026 16:00:28,654.2,N,0.08,936906197.76,EQ,HSCL,1420588,NIFTY INDIA MFG
1259.26,-16.5,1267.4,1257.5,11-Sep-2026 16:00:28,1253,N,-1.30,11053451835.36,EQ,RELIANCE,8777736,NIFTY INDIA MFG
2168.78,-29,2190.1,2164,11-Sep-2026 16:00:28,2156.4,N,-1.32,385838974.68,EQ,BALKRISIND,177906,NIFTY INDIA MFG
4500.55,-62,4599,4578,11-Sep-2026 16:00:28,4447,N,-1.34,5122652025.4,EQ,KEI,1138228,NIFTY INDIA MFG
1926.45,-27,1950.8,1934.9,11-Sep-2026 16:00:28,1916.4,N,-1.38,193939574.4,EQ,COROMANDEL,100672,NIFTY INDIA MFG
8204.11,-117,8319,8241,11-Sep-2026 16:00:28,8118,N,-1.40,3284671316.59,EQ,POLYCAB,400369,NIFTY INDIA MFG
2184.68,-31,2195.5,2174,11-Sep-2026 16:00:28,2170.6,N,-1.41,1059143787.4,EQ,HYUNDAI,484805,NIFTY INDIA MFG
162.5,-2.37,165.04,163.75,11-Sep-2026 16:00:28,160,N,-1.43,3094715487.5,EQ,ASHOKLEY,19044403,NIFTY INDIA MFG
2477.14,-36.6,2508,2482.4,11-Sep-2026 16:00:28,2460,N,-1.45,714783701.28,EQ,SRF,288552,NIFTY INDIA MFG
1107.37,-16.3,1122.1,1111,11-Sep-2026 16:00:28,1100,N,-1.45,184901998.38,EQ,KPRMILL,166974,NIFTY INDIA MFG
1113.23,-16.5,1122,1120.5,11-Sep-2026 16:00:28,1058,N,-1.45,612117308.11,EQ,JINDALSTEL,549857,NIFTY INDIA MFG
12427.72,-190,12541,12400,11-Sep-2026 16:00:28,12381,N,-1.51,6398635340.96,EQ,MARUTI,514868,NIFTY INDIA MFG
5069.32,-85,5152,5070,11-Sep-2026 16:00:28,5020.5,N,-1.65,1677995613.2,EQ,CUMMINSIND,331010,NIFTY INDIA MFG
2601.79,-45.9,2637.1,2606.1,11-Sep-2026 16:00:28,2580.1,N,-1.73,351801034.85,EQ,TIINDIA,135215,NIFTY INDIA MFG
8595.32,-155.5,8699.5,8545,11-Sep-2026 16:00:28,8486.5,N,-1.79,743821802.16,EQ,NAVINFLUOR,86538,NIFTY INDIA MFG
2329.97,-44.2,2367.6,2339,11-Sep-2026 16:00:28,2315.4,N,-1.85,1187143014.7,EQ,MAZDOCK,509510,NIFTY INDIA MFG
2150.2,-41.3,2176.2,2153.5,11-Sep-2026 16:00:28,2109.8,N,-1.88,1271836849.4,EQ,APLAPOLLO,591497,NIFTY INDIA MFG
1207.86,-23.2,1217.6,1201.6,11-Sep-2026 16:00:28,1199.5,N,-1.89,452563400.52,EQ,UNOMINDA,374682,NIFTY INDIA MFG
792.23,-15.5,799.95,788,11-Sep-2026 16:00:28,786.9,N,-1.93,659211414.08,EQ,SONACOMS,832096,NIFTY INDIA MFG
262.2,-5.35,264.85,263.7,11-Sep-2026 16:00:28,256.5,N,-1.99,3105490507.2,EQ,VEDL,11843976,NIFTY INDIA MFG
182.37,-3.78,184.24,183,11-Sep-2026 16:00:28,180.79,N,-2.02,5746516268.22,EQ,TATASTEEL,31510206,NIFTY INDIA MFG
2902.73,-63.4,2949.6,2895,11-Sep-2026 16:00:28,2884.9,N,-2.14,123621465.24,EQ,ESCORTS,42588,NIFTY INDIA MFG
7581.64,-167,7633,7530,11-Sep-2026 16:00:28,7530,N,-2.17,3368371019.2,EQ,EICHERMOT,444280,NIFTY INDIA MFG
511.13,-12.3,516.5,515,11-Sep-2026 16:00:28,505,N,-2.33,4482448582.92,EQ,HINDCOPPER,8769684,NIFTY INDIA MFG
575.55,-17.15,583.3,576.45,11-Sep-2026 16:00:28,565.55,N,-2.89,4120241584.5,EQ,HINDZINC,7158790,NIFTY INDIA MFG
1276.23,-39,1286.9,1265,11-Sep-2026 16:00:28,1265,N,-2.99,2017648161.12,EQ,JSWSTEEL,1580944,NIFTY INDIA MFG
984.43,-32.5,992.8,981.5,11-Sep-2026 16:00:28,973.1,N,-3.21,4680465543.99,EQ,HINDALCO,4754493,NIFTY INDIA MFG
1414.58,-47.6,1456,1411.4,11-Sep-2026 16:00:28,1402.5,N,-3.26,1233749994.86,EQ,ASTRAL,872167,NIFTY INDIA MFG
3402.93,-145.6,3499.1,3364.4,11-Sep-2026 16:00:28,3364.4,N,-4.15,443160170.97,EQ,SUPREMEIND,130229,NIFTY INDIA MFG
2256.6,-106,2365,2259,11-Sep-2026 16:00:28,2191,N,-4.48,2538420004.2,EQ,PIIND,1124887,NIFTY INDIA MFG
1405.32,-139.4,1510,1381,11-Sep-2026 16:00:28,1372,N,-9.17,8980669353.6,EQ,COCHINSHIP,6390480,NIFTY INDIA MFG
11983.47,582,12300,12125,11-Sep-2026 16:00:28,11250,N,5.04,745108197.66,EQ,DYNAMATECH,62178,NIFTY IND DEFENCE
417.58,7.95,423.5,421.15,11-Sep-2026 16:00:28,409.55,N,1.92,3237027962.5,EQ,APOLLO,7751875,NIFTY IND DEFENCE
4770.52,51.8,4848,4829,11-Sep-2026 16:00:28,4655.5,N,1.08,2677330316.48,EQ,DATAPATTNS,561224,NIFTY IND DEFENCE
2393.17,11.7,2449.2,2447,11-Sep-2026 16:00:28,2359.7,N,0.48,1101202816.48,EQ,GRSE,460144,NIFTY IND DEFENCE
7205.38,20,7399,7325,11-Sep-2026 16:00:28,7005,N,0.27,385228436.32,BE,MTARTECH,53464,NIFTY IND DEFENCE
2007.07,1.5,2044,2030.5,11-Sep-2026 16:00:28,1982.2,N,0.07,463500703.38,EQ,BEML,230934,NIFTY IND DEFENCE
403.28,-0.65,405.4,404.35,11-Sep-2026 16:00:28,399.25,N,-0.16,3147993194.72,EQ,BEL,7805974,NIFTY IND DEFENCE
1673.18,-5.9,1695,1688.5,11-Sep-2026 16:00:28,1656.1,N,-0.35,335266788.86,EQ,ASTRAMICRO,200377,NIFTY IND DEFENCE
22364.83,-80,22500,22290,11-Sep-2026 16:00:28,22130,N,-0.36,3328736567.54,EQ,SOLARINDS,148838,NIFTY IND DEFENCE
1178.27,-5,1192,1190,11-Sep-2026 16:00:28,1165,N,-0.42,1148579952.54,EQ,BDL,974802,NIFTY IND DEFENCE
1929.62,-10,1947.9,1944.9,11-Sep-2026 16:00:28,1908.6,N,-0.51,547579845.12,EQ,BHARATFORG,283776,NIFTY IND DEFENCE
4903.79,-45,4930,4905,11-Sep-2026 16:00:28,4875,N,-0.91,3740385437.66,EQ,HAL,762754,NIFTY IND DEFENCE
1720.31,-21.8,1741.2,1728.1,11-Sep-2026 16:00:28,1707.1,N,-1.25,471060445.13,EQ,ZENTEC,273823,NIFTY IND DEFENCE
225.02,-3.21,228.9,226.75,11-Sep-2026 16:00:28,222.11,N,-1.40,551461014.4,EQ,AEQUS,2450720,NIFTY IND DEFENCE
1426.21,-22.9,1446.6,1430.4,11-Sep-2026 16:00:28,1404,N,-1.58,1003387226.14,EQ,PARAS,703534,NIFTY IND DEFENCE
2329.97,-44.2,2367.6,2339,11-Sep-2026 16:00:28,2315.4,N,-1.85,1187143014.7,EQ,MAZDOCK,509510,NIFTY IND DEFENCE
1836.08,-39.7,1866.7,1830,11-Sep-2026 16:00:28,1815,N,-2.12,241521635.36,EQ,AXISCADES,131542,NIFTY IND DEFENCE
448.91,-16.45,461,446.9,11-Sep-2026 16:00:28,442.5,N,-3.55,871353164.22,EQ,MIDHANI,1941042,NIFTY IND DEFENCE
1405.32,-139.4,1510,1381,11-Sep-2026 16:00:28,1372,N,-9.17,8980669353.6,EQ,COCHINSHIP,6390480,NIFTY IND DEFENCE
137.28,2.08,138.4,138,11-Sep-2026 16:00:28,133.75,N,1.53,293280873.6,EQ,DEVYANI,2136370,NIFTY IND TOURISM
284.85,2.4,287.5,287.45,11-Sep-2026 16:00:28,281.6,N,0.84,29865952.8,EQ,EIHOTEL,104848,NIFTY IND TOURISM
870.62,6.45,884.45,881,11-Sep-2026 16:00:28,856.05,N,0.74,116322667.58,EQ,CHALET,133609,NIFTY IND TOURISM
4892.17,28,4973,4973,11-Sep-2026 16:00:28,4822,N,0.57,4519058870.61,EQ,INDIGO,923733,NIFTY IND TOURISM
1667.14,9.2,1687,1680.8,11-Sep-2026 16:00:28,1632.2,N,0.55,213924070.52,EQ,TBOTEK,128318,NIFTY IND TOURISM
96.85,0.52,97.98,97.98,11-Sep-2026 16:00:28,95.28,N,0.53,688889691.75,EQ,GMRAIRPORT,7112955,NIFTY IND TOURISM
715.19,2.75,720.75,718.5,11-Sep-2026 16:00:28,708.6,N,0.38,729207008.81,EQ,INDHOTEL,1019599,NIFTY IND TOURISM
153.29,0.36,154.5,154.49,11-Sep-2026 16:00:28,152.61,N,0.23,259654252.04,EQ,ITCHOTELS,1693876,NIFTY IND TOURISM
224.15,-0.13,226.98,223.98,11-Sep-2026 16:00:28,219.31,N,-0.06,130429746.9,EQ,SAPPHIRE,581886,NIFTY IND TOURISM
104.71,-0.7,105.37,105,11-Sep-2026 16:00:28,104.06,N,-0.66,202404639.42,EQ,LEMONTREE,1933002,NIFTY IND TOURISM
469.28,-3.55,472.85,470.25,11-Sep-2026 16:00:28,465.65,N,-0.75,166353659.36,EQ,JUBLFOOD,354487,NIFTY IND TOURISM
463.34,-4.05,467.15,463.7,11-Sep-2026 16:00:28,462.15,N,-0.87,279989875.24,EQ,IRCTC,604286,NIFTY IND TOURISM
230.73,-3.37,233.36,232.26,11-Sep-2026 16:00:28,228.88,N,-1.43,185572216.59,EQ,BLS,804283,NIFTY IND TOURISM
1256.9,-30,1285,1255.9,11-Sep-2026 16:00:28,1247.5,N,-2.33,32077344.9,EQ,TRAVELFOOD,25521,NIFTY IND TOURISM
544.37,-20.15,553.95,534,11-Sep-2026 16:00:28,533.35,N,-3.64,196696667.73,EQ,THELEELA,361329,NIFTY IND TOURISM
298.01,7.7,307.4,305,11-Sep-2026 16:00:28,289.05,N,2.59,1770974490.68,EQ,ANGELONE,5942668,NIFTY CAPITAL MKT
3255.4,78,3394.4,3384,11-Sep-2026 16:00:28,3193.2,N,2.36,14084400204.2,EQ,BSE,4326473,NIFTY CAPITAL MKT
197.67,4.16,200.91,200,11-Sep-2026 16:00:28,192.6,N,2.12,6154736536.74,EQ,GROWW,31136422,NIFTY CAPITAL MKT
1011.08,11.5,1030.7,1026.5,11-Sep-2026 16:00:28,988,N,1.13,632067562.28,EQ,MOTILALOFS,625141,NIFTY CAPITAL MKT
1176.27,4.6,1192,1189.6,11-Sep-2026 16:00:28,1159.4,N,0.39,913334838.09,EQ,NAM-INDIA,776467,NIFTY CAPITAL MKT
1331.49,5,1360,1360,11-Sep-2026 16:00:28,1315.5,N,0.37,1385493902.91,EQ,CDSL,1040559,NIFTY CAPITAL MKT
2208.54,7.5,2219,2210,11-Sep-2026 16:00:28,2180.1,N,0.34,387119516.82,EQ,ANANDRATHI,175283,NIFTY CAPITAL MKT
3022.31,6.7,3051,3040.2,11-Sep-2026 16:00:28,2992.3,N,0.22,410586858.12,EQ,ICICIAMC,135852,NIFTY CAPITAL MKT
894.46,1,904.7,900,11-Sep-2026 16:00:28,882.4,N,0.11,556660025.32,EQ,KFINTECH,622342,NIFTY CAPITAL MKT
706.28,-1,713.05,711,11-Sep-2026 16:00:28,694.6,N,-0.14,1018910604.32,EQ,CAMS,1442644,NIFTY CAPITAL MKT
1098.99,-3,1116.9,1085.5,11-Sep-2026 16:00:28,1067.1,N,-0.28,636259161.51,EQ,ABSLAMC,578949,NIFTY CAPITAL MKT
1086.56,-3.9,1098.3,1091,11-Sep-2026 16:00:28,1065.6,N,-0.36,907609000.8,EQ,360ONE,835305,NIFTY CAPITAL MKT
3286.83,-24,3389,3276,11-Sep-2026 16:00:28,3247.2,N,-0.73,5543442578.46,EQ,MCX,1686562,NIFTY CAPITAL MKT
1721.23,-13,1746.5,1744.9,11-Sep-2026 16:00:28,1703.4,N,-0.74,413265601.77,EQ,NUVAMA,240099,NIFTY CAPITAL MKT
909.66,-11,920,910.45,11-Sep-2026 16:00:28,899.35,N,-1.19,103573887.6,EQ,UTIAMC,113860,NIFTY CAPITAL MKT
2403.44,-29.9,2424.6,2403.9,11-Sep-2026 16:00:28,2366.1,N,-1.23,1628674291.92,EQ,HDFCAMC,677643,NIFTY CAPITAL MKT
113.75,-2.75,115.91,113.88,11-Sep-2026 16:00:28,113,N,-2.36,757238300,EQ,IEX,6657040,NIFTY CAPITAL MKT
618.96,13.75,633.45,618,11-Sep-2026 16:00:28,594,N,2.28,530696304,EQ,JBMA,857400,NIFTY EV
163.98,1.25,165.58,164.45,11-Sep-2026 16:00:28,160.71,N,0.77,2164566008.34,EQ,MOTHERSON,13200183,NIFTY EV
606.42,4.45,616.25,615,11-Sep-2026 16:00:28,600,N,0.73,389350748.16,EQ,TATACHEM,642048,NIFTY EV
703.2,3.9,708,707,11-Sep-2026 16:00:28,693.1,N,0.55,77273944.8,EQ,MINDACORP,109889,NIFTY EV
551.46,2.8,555.95,553.75,11-Sep-2026 16:00:28,545.6,N,0.51,474309643.08,EQ,KPITTECH,860098,NIFTY EV
2530.58,7.7,2559.9,2536.1,11-Sep-2026 16:00:28,2490,N,0.30,125812845.86,EQ,ZFCVINDIA,49717,NIFTY EV
3937.38,9.8,3967.7,3950,11-Sep-2026 16:00:28,3890.1,N,0.25,72105239.94,EQ,SCHAEFFLER,18313,NIFTY EV
301,0.6,304.4,301.1,11-Sep-2026 16:00:28,296.5,N,0.20,2312641093,EQ,TMPV,7683193,NIFTY EV
1203.17,1.8,1223,1208.5,11-Sep-2026 16:00:28,1185.5,N,0.15,374247231.67,EQ,OLECTRA,311051,NIFTY EV
4117.24,3.5,4151.9,4125,11-Sep-2026 16:00:28,4062.8,N,0.08,1872306655.52,EQ,TVSMOTOR,454748,NIFTY EV
659.52,0.5,666,664.25,11-Sep-2026 16:00:28,654.2,N,0.08,936906197.76,EQ,HSCL,1420588,NIFTY EV
36.29,-0.03,36.55,36.31,11-Sep-2026 16:00:28,36.02,N,-0.08,283624531.29,EQ,MSUMI,7815501,NIFTY EV
1656.77,-2.3,1673.5,1656,11-Sep-2026 16:00:28,1615.5,N,-0.14,8087845825.15,EQ,ATHERENERG,4881695,NIFTY EV
4771.43,-13.3,4820,4773,11-Sep-2026 16:00:28,4730,N,-0.28,620677157.26,EQ,FLUOROCHEM,130082,NIFTY EV
809.85,-3.25,816.4,815.95,11-Sep-2026 16:00:28,803.75,N,-0.40,312443369.4,EQ,ARE&M,385804,NIFTY EV
1929.62,-10,1947.9,1944.9,11-Sep-2026 16:00:28,1908.6,N,-0.51,547579845.12,EQ,BHARATFORG,283776,NIFTY EV
3100.48,-16.8,3124.2,3107,11-Sep-2026 16:00:28,3069.1,N,-0.54,4066229912.32,EQ,M&M,1311484,NIFTY EV
904.77,-5.55,912.5,909,11-Sep-2026 16:00:28,889,N,-0.61,1957165892.28,EQ,CGPOWER,2163164,NIFTY EV
239.18,-1.62,240.25,239.94,11-Sep-2026 16:00:28,237.72,N,-0.67,94294084.02,EQ,JWL,394239,NIFTY EV
11651.99,-90,11723,11678,11-Sep-2026 16:00:28,11529,N,-0.76,2502043464.69,EQ,BAJAJ-AUTO,214731,NIFTY EV
3392.18,-26,3411,3383,11-Sep-2026 16:00:28,3373.7,N,-0.76,383058534.32,EQ,TATAELXSI,112924,NIFTY EV
48546.15,-390,48960,48385,11-Sep-2026 16:00:28,48080,N,-0.80,965971292.7,EQ,BOSCHLTD,19898,NIFTY EV
3344.05,-27.9,3370.1,3350,11-Sep-2026 16:00:28,3322.1,N,-0.83,107183490.6,EQ,LTTS,32052,NIFTY EV
5222.59,-58.5,5243,5221.5,11-Sep-2026 16:00:28,5186,N,-1.11,1314332667.17,EQ,HEROMOTOCO,251663,NIFTY EV
433.27,-5.15,436.95,434.1,11-Sep-2026 16:00:28,425.35,N,-1.17,3080330898.65,EQ,TMCV,7109495,NIFTY EV
1259.26,-16.5,1267.4,1257.5,11-Sep-2026 16:00:28,1253,N,-1.30,11053451835.36,EQ,RELIANCE,8777736,NIFTY EV
4500.55,-62,4599,4578,11-Sep-2026 16:00:28,4447,N,-1.34,5122652025.4,EQ,KEI,1138228,NIFTY EV
2184.68,-31,2195.5,2174,11-Sep-2026 16:00:28,2170.6,N,-1.41,1059143787.4,EQ,HYUNDAI,484805,NIFTY EV
162.5,-2.37,165.04,163.75,11-Sep-2026 16:00:28,160,N,-1.43,3094715487.5,EQ,ASHOKLEY,19044403,NIFTY EV
12427.72,-190,12541,12400,11-Sep-2026 16:00:28,12381,N,-1.51,6398635340.96,EQ,MARUTI,514868,NIFTY EV
38.78,-0.64,39.35,38.51,11-Sep-2026 16:00:28,38.34,N,-1.63,1887677617.28,EQ,OLAELEC,48676576,NIFTY EV
765.85,-13.45,777,765.6,11-Sep-2026 16:00:28,758.1,N,-1.73,667579957.25,EQ,TATATECH,871685,NIFTY EV
2601.79,-45.9,2637.1,2606.1,11-Sep-2026 16:00:28,2580.1,N,-1.73,351801034.85,EQ,TIINDIA,135215,NIFTY EV
1207.86,-23.2,1217.6,1201.6,11-Sep-2026 16:00:28,1199.5,N,-1.89,452563400.52,EQ,UNOMINDA,374682,NIFTY EV
413.81,-8,418.45,412.85,11-Sep-2026 16:00:28,411.45,N,-1.90,535720908.86,EQ,EXIDEIND,1294606,NIFTY EV
792.23,-15.5,799.95,788,11-Sep-2026 16:00:28,786.9,N,-1.93,659211414.08,EQ,SONACOMS,832096,NIFTY EV
7581.64,-167,7633,7530,11-Sep-2026 16:00:28,7530,N,-2.17,3368371019.2,EQ,EICHERMOT,444280,NIFTY EV
17753.01,-470,18048,17705,11-Sep-2026 16:00:28,17630,N,-2.59,1156271294.31,EQ,FORCEMOT,65131,NIFTY EV
134.11,9.37,137.12,136.1,11-Sep-2026 16:00:28,125.37,N,7.39,5520233942.46,EQ,PWL,41161986,NIFTY NEW CONSUMP
1677.25,76.3,1716.4,1714,11-Sep-2026 16:00:28,1624.1,N,4.66,235524476.75,EQ,INDIAMART,140423,NIFTY NEW CONSUMP
1793.95,68.5,1840,1807.5,11-Sep-2026 16:00:28,1726.8,N,3.94,16628901124.3,EQ,PAYTM,9269434,NIFTY NEW CONSUMP
1545.72,44,1565.1,1558,11-Sep-2026 16:00:28,1489,N,2.91,2065647653.52,EQ,BLUESTARCO,1336366,NIFTY NEW CONSUMP
298.01,7.7,307.4,305,11-Sep-2026 16:00:28,289.05,N,2.59,1770974490.68,EQ,ANGELONE,5942668,NIFTY NEW CONSUMP
197.67,4.16,200.91,200,11-Sep-2026 16:00:28,192.6,N,2.12,6154736536.74,EQ,GROWW,31136422,NIFTY NEW CONSUMP
3071.15,51.4,3105.2,3086.1,11-Sep-2026 16:00:28,2982.1,N,1.69,840693529.85,EQ,CARTRADE,273739,NIFTY NEW CONSUMP
137.28,2.08,138.4,138,11-Sep-2026 16:00:28,133.75,N,1.53,293280873.6,EQ,DEVYANI,2136370,NIFTY NEW CONSUMP
1011.08,11.5,1030.7,1026.5,11-Sep-2026 16:00:28,988,N,1.13,632067562.28,EQ,MOTILALOFS,625141,NIFTY NEW CONSUMP
1234.3,10.8,1256,1232.1,11-Sep-2026 16:00:28,1212.1,N,0.88,1085891470.9,EQ,PVRINOX,879763,NIFTY NEW CONSUMP
284.85,2.4,287.5,287.45,11-Sep-2026 16:00:28,281.6,N,0.84,29865952.8,EQ,EIHOTEL,104848,NIFTY NEW CONSUMP
342.05,2.55,344.5,344.5,11-Sep-2026 16:00:28,339.05,N,0.75,1360576389.6,EQ,NYKAA,3977712,NIFTY NEW CONSUMP
870.62,6.45,884.45,881,11-Sep-2026 16:00:28,856.05,N,0.74,116322667.58,EQ,CHALET,133609,NIFTY NEW CONSUMP
4892.17,28,4973,4973,11-Sep-2026 16:00:28,4822,N,0.57,4519058870.61,EQ,INDIGO,923733,NIFTY NEW CONSUMP
1159.27,6.5,1169,1165,11-Sep-2026 16:00:28,1138,N,0.56,883658194.58,EQ,VOLTAS,762254,NIFTY NEW CONSUMP
538.35,3,545,545,11-Sep-2026 16:00:28,527.5,N,0.55,458808787.5,EQ,PGEL,852250,NIFTY NEW CONSUMP
15.03,0.07,15.2,14.97,11-Sep-2026 16:00:28,14.84,N,0.47,8235043758.09,EQ,IDEA,547907103,NIFTY NEW CONSUMP
1548.84,6.9,1567.4,1546.1,11-Sep-2026 16:00:28,1527.5,N,0.45,216146817.36,EQ,BHARTIHEXA,139554,NIFTY NEW CONSUMP
320.8,1.4,324.8,323.5,11-Sep-2026 16:00:28,316.05,N,0.43,7286026923.2,EQ,ETERNAL,22712054,NIFTY NEW CONSUMP
229.58,1,231.69,231,11-Sep-2026 16:00:28,226.63,N,0.43,247472776.46,EQ,CROMPTON,1077937,NIFTY NEW CONSUMP
1646.74,-11.5,1661,1638.5,11-Sep-2026 16:00:28,1632.4,N,-0.70,590374404.14,EQ,LGEINDIA,358511,NIFTY NEW CONSUMP
1721.23,-13,1746.5,1744.9,11-Sep-2026 16:00:28,1703.4,N,-0.74,413265601.77,EQ,NUVAMA,240099,NIFTY NEW CONSUMP
469.28,-3.55,472.85,470.25,11-Sep-2026 16:00:28,465.65,N,-0.75,166353659.36,EQ,JUBLFOOD,354487,NIFTY NEW CONSUMP
11651.99,-90,11723,11678,11-Sep-2026 16:00:28,11529,N,-0.76,2502043464.69,EQ,BAJAJ-AUTO,214731,NIFTY NEW CONSUMP
463.34,-4.05,467.15,463.7,11-Sep-2026 16:00:28,462.15,N,-0.87,279989875.24,EQ,IRCTC,604286,NIFTY NEW CONSUMP
35249.58,-385,35410,35365,11-Sep-2026 16:00:28,35080,N,-1.08,397862009.46,EQ,PAGEIND,11287,NIFTY NEW CONSUMP
5222.59,-58.5,5243,5221.5,11-Sep-2026 16:00:28,5186,N,-1.11,1314332667.17,EQ,HEROMOTOCO,251663,NIFTY NEW CONSUMP
1252.74,-14.2,1262.1,1250.8,11-Sep-2026 16:00:28,1244.8,N,-1.12,656649978.54,EQ,NAUKRI,524171,NIFTY NEW CONSUMP
168.27,-2.09,170.05,169.29,11-Sep-2026 16:00:28,166.95,N,-1.22,126078148.47,EQ,FIRSTCRY,749261,NIFTY NEW CONSUMP
2403.44,-29.9,2424.6,2403.9,11-Sep-2026 16:00:28,2366.1,N,-1.23,1628674291.92,EQ,HDFCAMC,677643,NIFTY NEW CONSUMP
1215.49,-15.9,1234,1219.8,11-Sep-2026 16:00:28,1201.9,N,-1.29,116734444.11,EQ,SOBHA,96039,NIFTY NEW CONSUMP
636.39,-9.1,650.4,642.05,11-Sep-2026 16:00:28,628.2,N,-1.40,242174396.16,EQ,BRIGADE,380544,NIFTY NEW CONSUMP
2184.68,-31,2195.5,2174,11-Sep-2026 16:00:28,2170.6,N,-1.41,1059143787.4,EQ,HYUNDAI,484805,NIFTY NEW CONSUMP
1107.37,-16.3,1122.1,1111,11-Sep-2026 16:00:28,1100,N,-1.45,184901998.38,EQ,KPRMILL,166974,NIFTY NEW CONSUMP
12427.72,-190,12541,12400,11-Sep-2026 16:00:28,12381,N,-1.51,6398635340.96,EQ,MARUTI,514868,NIFTY NEW CONSUMP
101.68,-1.69,102.65,101.71,11-Sep-2026 16:00:28,101.06,N,-1.63,784241977.92,EQ,VMM,7712844,NIFTY NEW CONSUMP
38.78,-0.64,39.35,38.51,11-Sep-2026 16:00:28,38.34,N,-1.63,1887677617.28,EQ,OLAELEC,48676576,NIFTY NEW CONSUMP
687.72,-11.4,696.05,681.9,11-Sep-2026 16:00:28,680,N,-1.64,2826934267.08,EQ,LENSKART,4110589,NIFTY NEW CONSUMP
638.07,-11.35,651.4,644.5,11-Sep-2026 16:00:28,630,N,-1.73,2872795960.47,EQ,DLF,4502321,NIFTY NEW CONSUMP
80.08,-1.5,81.9,79.45,11-Sep-2026 16:00:28,79.2,N,-1.85,1694583690.8,EQ,ZEEL,21161135,NIFTY NEW CONSUMP
597.48,-11.55,610,601.15,11-Sep-2026 16:00:28,589.05,N,-1.89,3788498794.08,EQ,KALYANKJIL,6340796,NIFTY NEW CONSUMP
593.05,-11.75,604.45,597.1,11-Sep-2026 16:00:28,585.05,N,-1.93,1210984378,EQ,ANANTRAJ,2041960,NIFTY NEW CONSUMP
7581.64,-167,7633,7530,11-Sep-2026 16:00:28,7530,N,-2.17,3368371019.2,EQ,EICHERMOT,444280,NIFTY NEW CONSUMP
17753.01,-470,18048,17705,11-Sep-2026 16:00:28,17630,N,-2.59,1156271294.31,EQ,FORCEMOT,65131,NIFTY NEW CONSUMP
1732.72,-50.9,1780,1741.1,11-Sep-2026 16:00:28,1714.8,N,-2.84,941210038.56,EQ,OBEROIRLTY,543198,NIFTY NEW CONSUMP
1485.88,-45.6,1530.8,1498,11-Sep-2026 16:00:28,1467.2,N,-2.95,1109398126.76,EQ,PRESTIGE,746627,NIFTY NEW CONSUMP
1098,-46.5,1145.8,1116.9,11-Sep-2026 16:00:28,1075.5,N,-4.00,4602677652,EQ,LODHA,4191874,NIFTY NEW CONSUMP
768.9,-32.4,786.1,763.25,11-Sep-2026 16:00:28,760.75,N,-4.07,230855304.9,EQ,WHIRLPOOL,300241,NIFTY NEW CONSUMP
1286.36,-57.4,1315.2,1280,11-Sep-2026 16:00:28,1276,N,-4.29,445305673,EQ,ABREL,346175,NIFTY NEW CONSUMP
1748.94,-124,1855,1748,11-Sep-2026 16:00:28,1719,N,-6.62,4694763591.12,EQ,GODREJPROP,2684348,NIFTY NEW CONSUMP
163.98,1.25,165.58,164.45,11-Sep-2026 16:00:28,160.71,N,0.77,2164566008.34,EQ,MOTHERSON,13200183,NIFTY MOBILITY
4892.17,28,4973,4973,11-Sep-2026 16:00:28,4822,N,0.57,4519058870.61,EQ,INDIGO,923733,NIFTY MOBILITY
96.85,0.52,97.98,97.98,11-Sep-2026 16:00:28,95.28,N,0.53,688889691.75,EQ,GMRAIRPORT,7112955,NIFTY MOBILITY
300.44,1.5,306.45,304.5,11-Sep-2026 16:00:28,296,N,0.50,1243123978.32,EQ,BPCL,4137678,NIFTY MOBILITY
320.8,1.4,324.8,323.5,11-Sep-2026 16:00:28,316.05,N,0.43,7286026923.2,EQ,ETERNAL,22712054,NIFTY MOBILITY
127993.49,490,128765,128760,11-Sep-2026 16:00:28,127015,N,0.38,274290049.07,EQ,MRF,2143,NIFTY MOBILITY
301,0.6,304.4,301.1,11-Sep-2026 16:00:28,296.5,N,0.20,2312641093,EQ,TMPV,7683193,NIFTY MOBILITY
134.51,0.17,136.16,135.11,11-Sep-2026 16:00:28,133.25,N,0.13,968880775.89,EQ,IOC,7203039,NIFTY MOBILITY
4117.24,3.5,4151.9,4125,11-Sep-2026 16:00:28,4062.8,N,0.08,1872306655.52,EQ,TVSMOTOR,454748,NIFTY MOBILITY
346.17,-0.65,354.9,352,11-Sep-2026 16:00:28,340.1,N,-0.18,2020210041.3,EQ,HINDPETRO,5835890,NIFTY MOBILITY
1760.15,-3.4,1771.9,1764.6,11-Sep-2026 16:00:28,1750.8,N,-0.19,2947939703.45,EQ,ADANIPORTS,1674823,NIFTY MOBILITY
277.92,-0.8,281.45,278.2,11-Sep-2026 16:00:28,275.3,N,-0.29,4789573784.64,EQ,SWIGGY,17233642,NIFTY MOBILITY
174.31,-0.87,175.18,173.62,11-Sep-2026 16:00:28,173.01,N,-0.50,1180118268.37,EQ,GAIL,6770227,NIFTY MOBILITY
1929.62,-10,1947.9,1944.9,11-Sep-2026 16:00:28,1908.6,N,-0.51,547579845.12,EQ,BHARATFORG,283776,NIFTY MOBILITY
285.76,-1.5,287.2,287.2,11-Sep-2026 16:00:28,283.85,N,-0.52,223408882.56,EQ,PETRONET,781806,NIFTY MOBILITY
3100.48,-16.8,3124.2,3107,11-Sep-2026 16:00:28,3069.1,N,-0.54,4066229912.32,EQ,M&M,1311484,NIFTY MOBILITY
11651.99,-90,11723,11678,11-Sep-2026 16:00:28,11529,N,-0.76,2502043464.69,EQ,BAJAJ-AUTO,214731,NIFTY MOBILITY
48546.15,-390,48960,48385,11-Sep-2026 16:00:28,48080,N,-0.80,965971292.7,EQ,BOSCHLTD,19898,NIFTY MOBILITY
463.34,-4.05,467.15,463.7,11-Sep-2026 16:00:28,462.15,N,-0.87,279989875.24,EQ,IRCTC,604286,NIFTY MOBILITY
499.56,-4.9,503.5,499.25,11-Sep-2026 16:00:28,494.15,N,-0.97,278098058.16,EQ,CONCOR,556686,NIFTY MOBILITY
5222.59,-58.5,5243,5221.5,11-Sep-2026 16:00:28,5186,N,-1.11,1314332667.17,EQ,HEROMOTOCO,251663,NIFTY MOBILITY
433.27,-5.15,436.95,434.1,11-Sep-2026 16:00:28,425.35,N,-1.17,3080330898.65,EQ,TMCV,7109495,NIFTY MOBILITY
1259.26,-16.5,1267.4,1257.5,11-Sep-2026 16:00:28,1253,N,-1.30,11053451835.36,EQ,RELIANCE,8777736,NIFTY MOBILITY
2168.78,-29,2190.1,2164,11-Sep-2026 16:00:28,2156.4,N,-1.32,385838974.68,EQ,BALKRISIND,177906,NIFTY MOBILITY
2184.68,-31,2195.5,2174,11-Sep-2026 16:00:28,2170.6,N,-1.41,1059143787.4,EQ,HYUNDAI,484805,NIFTY MOBILITY
162.5,-2.37,165.04,163.75,11-Sep-2026 16:00:28,160,N,-1.43,3094715487.5,EQ,ASHOKLEY,19044403,NIFTY MOBILITY
12427.72,-190,12541,12400,11-Sep-2026 16:00:28,12381,N,-1.51,6398635340.96,EQ,MARUTI,514868,NIFTY MOBILITY
2601.79,-45.9,2637.1,2606.1,11-Sep-2026 16:00:28,2580.1,N,-1.73,351801034.85,EQ,TIINDIA,135215,NIFTY MOBILITY
792.23,-15.5,799.95,788,11-Sep-2026 16:00:28,786.9,N,-1.93,659211414.08,EQ,SONACOMS,832096,NIFTY MOBILITY
7581.64,-167,7633,7530,11-Sep-2026 16:00:28,7530,N,-2.17,3368371019.2,EQ,EICHERMOT,444280,NIFTY MOBILITY
1545.72,44,1565.1,1558,11-Sep-2026 16:00:28,1489,N,2.91,2065647653.52,EQ,BLUESTARCO,1336366,NIFTY COREHOUSING
562.38,10.6,572.35,562.9,11-Sep-2026 16:00:28,546,N,1.92,6499114101.48,EQ,LICHSGFIN,11556446,NIFTY COREHOUSING
1159.27,6.5,1169,1165,11-Sep-2026 16:00:28,1138,N,0.56,883658194.58,EQ,VOLTAS,762254,NIFTY COREHOUSING
538.35,3,545,545,11-Sep-2026 16:00:28,527.5,N,0.55,458808787.5,EQ,PGEL,852250,NIFTY COREHOUSING
1732.48,8.7,1755,1754,11-Sep-2026 16:00:28,1708,N,0.50,71204928,EQ,DALBHARAT,41100,NIFTY COREHOUSING
229.58,1,231.69,231,11-Sep-2026 16:00:28,226.63,N,0.43,247472776.46,EQ,CROMPTON,1077937,NIFTY COREHOUSING
10947.04,21,11060,11000,11-Sep-2026 16:00:28,10790,N,0.19,2444222250.08,EQ,ULTRACEMCO,223277,NIFTY COREHOUSING
1879.77,2.5,1910,1890,11-Sep-2026 16:00:28,1825.1,N,0.13,1359100026.78,EQ,PHOENIXLTD,723014,NIFTY COREHOUSING
1176.45,-0.1,1189.6,1178.9,11-Sep-2026 16:00:28,1162,N,-0.01,1355975093.55,EQ,PNBHOUSING,1152599,NIFTY COREHOUSING
84.41,-0.08,85.51,84.14,11-Sep-2026 16:00:28,82.9,N,-0.09,433889515.42,EQ,BAJAJHFL,5140262,NIFTY COREHOUSING
1107.59,-5,1114.7,1111,11-Sep-2026 16:00:28,1096.2,N,-0.45,774213163.13,EQ,HAVELLS,699007,NIFTY COREHOUSING
7205.63,-35,7261,7245,11-Sep-2026 16:00:28,7125.5,N,-0.48,806965709.33,EQ,AMBER,111991,NIFTY COREHOUSING
858.21,-4.75,869.9,865,11-Sep-2026 16:00:28,851.75,N,-0.55,259060987.02,EQ,RAMCOCEM,301862,NIFTY COREHOUSING
13244.81,-75,13490,13425,11-Sep-2026 16:00:28,12980,N,-0.56,7283691873.68,EQ,DIXON,549928,NIFTY COREHOUSING
1239.05,-7.3,1251.7,1247,11-Sep-2026 16:00:28,1230.6,N,-0.58,138437817.45,EQ,ACC,111729,NIFTY COREHOUSING
22542.44,-215,22680,22570,11-Sep-2026 16:00:28,22370,N,-0.94,364533797.24,EQ,SHREECEM,16171,NIFTY COREHOUSING
390.04,-3.75,393.55,391.85,11-Sep-2026 16:00:28,387.65,N,-0.95,511362722.08,EQ,AMBUJACEM,1311052,NIFTY COREHOUSING
2461.44,-25.6,2472.5,2472.5,11-Sep-2026 16:00:28,2442.8,N,-1.02,1607335088.64,EQ,ASIANPAINT,653006,NIFTY COREHOUSING
3278.88,-37.1,3302.4,3281.9,11-Sep-2026 16:00:28,3267,N,-1.12,1691869291.2,EQ,GRASIM,515990,NIFTY COREHOUSING
460.71,-5.3,465.75,458.5,11-Sep-2026 16:00:28,457,N,-1.14,130761937.17,EQ,BERGEPAINT,283827,NIFTY COREHOUSING
1226.06,-15.1,1245,1228.8,11-Sep-2026 16:00:28,1215.3,N,-1.21,108898649.2,EQ,KAJARIACER,88820,NIFTY COREHOUSING
4500.55,-62,4599,4578,11-Sep-2026 16:00:28,4447,N,-1.34,5122652025.4,EQ,KEI,1138228,NIFTY COREHOUSING
636.39,-9.1,650.4,642.05,11-Sep-2026 16:00:28,628.2,N,-1.40,242174396.16,EQ,BRIGADE,380544,NIFTY COREHOUSING
8204.11,-117,8319,8241,11-Sep-2026 16:00:28,8118,N,-1.40,3284671316.59,EQ,POLYCAB,400369,NIFTY COREHOUSING
4844.69,-69.5,4909.5,4846,11-Sep-2026 16:00:28,4813,N,-1.41,266249628.33,EQ,JKCEMENT,54957,NIFTY COREHOUSING
638.07,-11.35,651.4,644.5,11-Sep-2026 16:00:28,630,N,-1.73,2872795960.47,EQ,DLF,4502321,NIFTY COREHOUSING
1732.72,-50.9,1780,1741.1,11-Sep-2026 16:00:28,1714.8,N,-2.84,941210038.56,EQ,OBEROIRLTY,543198,NIFTY COREHOUSING
1485.88,-45.6,1530.8,1498,11-Sep-2026 16:00:28,1467.2,N,-2.95,1109398126.76,EQ,PRESTIGE,746627,NIFTY COREHOUSING
1098,-46.5,1145.8,1116.9,11-Sep-2026 16:00:28,1075.5,N,-4.00,4602677652,EQ,LODHA,4191874,NIFTY COREHOUSING
1748.94,-124,1855,1748,11-Sep-2026 16:00:28,1719,N,-6.62,4694763591.12,EQ,GODREJPROP,2684348,NIFTY COREHOUSING
23.29,1.18,23.95,23.48,11-Sep-2026 16:00:28,22.07,N,5.29,5468318978.59,EQ,YESBANK,234792571,NIFTY HOUSING
1545.72,44,1565.1,1558,11-Sep-2026 16:00:28,1489,N,2.91,2065647653.52,EQ,BLUESTARCO,1336366,NIFTY HOUSING
693.3,14.45,709,708.25,11-Sep-2026 16:00:28,681.9,N,2.08,21777893842.2,EQ,HDFCBANK,31411934,NIFTY HOUSING
562.38,10.6,572.35,562.9,11-Sep-2026 16:00:28,546,N,1.92,6499114101.48,EQ,LICHSGFIN,11556446,NIFTY HOUSING
415.61,2.45,420,419,11-Sep-2026 16:00:28,409.25,N,0.59,6316225909.63,EQ,KOTAKBANK,15197483,NIFTY HOUSING
1159.27,6.5,1169,1165,11-Sep-2026 16:00:28,1138,N,0.56,883658194.58,EQ,VOLTAS,762254,NIFTY HOUSING
229.58,1,231.69,231,11-Sep-2026 16:00:28,226.63,N,0.43,247472776.46,EQ,CROMPTON,1077937,NIFTY HOUSING
236.5,0.51,238.13,238.13,11-Sep-2026 16:00:28,234.3,N,0.21,1659822037.5,EQ,BANKBARODA,7018275,NIFTY HOUSING
10947.04,21,11060,11000,11-Sep-2026 16:00:28,10790,N,0.19,2444222250.08,EQ,ULTRACEMCO,223277,NIFTY HOUSING
1292.12,1.7,1300.4,1298,11-Sep-2026 16:00:28,1278.3,N,0.13,251723065.68,EQ,TORNTPOWER,194814,NIFTY HOUSING
1879.77,2.5,1910,1890,11-Sep-2026 16:00:28,1825.1,N,0.13,1359100026.78,EQ,PHOENIXLTD,723014,NIFTY HOUSING
76.74,0.03,77.4,76.38,11-Sep-2026 16:00:28,75.87,N,0.04,923267304.66,EQ,NHPC,12031109,NIFTY HOUSING
1245.37,0,1252.8,1246,11-Sep-2026 16:00:28,1229.8,N,0.00,5681732870.45,EQ,AXISBANK,4562285,NIFTY HOUSING
116.76,-0.1,117.79,116.75,11-Sep-2026 16:00:28,114.52,N,-0.09,1340401413.96,EQ,PNB,11479971,NIFTY HOUSING
203.23,-0.7,204.99,204.9,11-Sep-2026 16:00:28,202.04,N,-0.34,775673428.21,EQ,RVNL,3816727,NIFTY HOUSING
850.99,-3,859.7,853.5,11-Sep-2026 16:00:28,835,N,-0.35,1344315710.92,EQ,INDIANB,1579708,NIFTY HOUSING
1379.59,-5.2,1389,1379.3,11-Sep-2026 16:00:28,1367.6,N,-0.38,9745999049.03,EQ,ICICIBANK,7064417,NIFTY HOUSING
343.45,-1.5,345.3,344.5,11-Sep-2026 16:00:28,341.15,N,-0.43,1095138408,EQ,FEDERALBNK,3188640,NIFTY HOUSING
1107.59,-5,1114.7,1111,11-Sep-2026 16:00:28,1096.2,N,-0.45,774213163.13,EQ,HAVELLS,699007,NIFTY HOUSING
123.47,-0.6,124.06,124,11-Sep-2026 16:00:28,122.65,N,-0.48,1374360497.63,EQ,CANBK,11131129,NIFTY HOUSING
334.47,-1.6,336.25,333.4,11-Sep-2026 16:00:28,331.6,N,-0.48,1661825901.45,EQ,NTPC,4968535,NIFTY HOUSING
285.76,-1.5,287.2,287.2,11-Sep-2026 16:00:28,283.85,N,-0.52,223408882.56,EQ,PETRONET,781806,NIFTY HOUSING
13244.81,-75,13490,13425,11-Sep-2026 16:00:28,12980,N,-0.56,7283691873.68,EQ,DIXON,549928,NIFTY HOUSING
3914.81,-24.3,3948,3930.7,11-Sep-2026 16:00:28,3880.7,N,-0.61,4680112292.09,EQ,LT,1195489,NIFTY HOUSING
177.89,-1.1,179.65,178.1,11-Sep-2026 16:00:28,175.53,N,-0.61,1320389236.56,EQ,UNIONBANK,7422504,NIFTY HOUSING
365.49,-2.35,367.4,364.65,11-Sep-2026 16:00:28,362.95,N,-0.64,886580788.68,EQ,TATAPOWER,2425732,NIFTY HOUSING
86.19,-0.63,86.73,86.21,11-Sep-2026 16:00:28,85.41,N,-0.73,1201300188.66,EQ,IDFCFIRSTB,13937814,NIFTY HOUSING
525.01,-4,527,526.45,11-Sep-2026 16:00:28,522.75,N,-0.75,306272458.65,EQ,JSWENERGY,583365,NIFTY HOUSING
758.85,-6.5,766.5,755.65,11-Sep-2026 16:00:28,741,N,-0.85,1228968957.75,EQ,JSL,1619515,NIFTY HOUSING
22542.44,-215,22680,22570,11-Sep-2026 16:00:28,22370,N,-0.94,364533797.24,EQ,SHREECEM,16171,NIFTY HOUSING
390.04,-3.75,393.55,391.85,11-Sep-2026 16:00:28,387.65,N,-0.95,511362722.08,EQ,AMBUJACEM,1311052,NIFTY HOUSING
2461.44,-25.6,2472.5,2472.5,11-Sep-2026 16:00:28,2442.8,N,-1.02,1607335088.64,EQ,ASIANPAINT,653006,NIFTY HOUSING
3278.88,-37.1,3302.4,3281.9,11-Sep-2026 16:00:28,3267,N,-1.12,1691869291.2,EQ,GRASIM,515990,NIFTY HOUSING
4500.55,-62,4599,4578,11-Sep-2026 16:00:28,4447,N,-1.34,5122652025.4,EQ,KEI,1138228,NIFTY HOUSING
1372.66,-18.9,1382,1373,11-Sep-2026 16:00:28,1364.2,N,-1.36,1584604194.64,EQ,ADANIENSOL,1154404,NIFTY HOUSING
1282.81,-17.8,1302.4,1281.3,11-Sep-2026 16:00:28,1273.2,N,-1.37,1279048801.08,EQ,ADANIGREEN,997068,NIFTY HOUSING
996.57,-14,1001.9,995.7,11-Sep-2026 16:00:28,993,N,-1.39,7744454096.13,EQ,SBIN,7771109,NIFTY HOUSING
8204.11,-117,8319,8241,11-Sep-2026 16:00:28,8118,N,-1.40,3284671316.59,EQ,POLYCAB,400369,NIFTY HOUSING
4844.69,-69.5,4909.5,4846,11-Sep-2026 16:00:28,4813,N,-1.41,266249628.33,EQ,JKCEMENT,54957,NIFTY HOUSING
1113.23,-16.5,1122,1120.5,11-Sep-2026 16:00:28,1058,N,-1.45,612117308.11,EQ,JINDALSTEL,549857,NIFTY HOUSING
977.36,-15.1,988.7,978.2,11-Sep-2026 16:00:28,972.3,N,-1.52,2447903674.88,EQ,INDUSINDBK,2504608,NIFTY HOUSING
209.99,-3.53,212.48,209.97,11-Sep-2026 16:00:28,208.41,N,-1.65,2156893805.88,EQ,ADANIPOWER,10271412,NIFTY HOUSING
638.07,-11.35,651.4,644.5,11-Sep-2026 16:00:28,630,N,-1.73,2872795960.47,EQ,DLF,4502321,NIFTY HOUSING
182.37,-3.78,184.24,183,11-Sep-2026 16:00:28,180.79,N,-2.02,5746516268.22,EQ,TATASTEEL,31510206,NIFTY HOUSING
179.81,-4.75,182.43,179,11-Sep-2026 16:00:28,178.65,N,-2.59,1575896376.11,EQ,SAIL,8764231,NIFTY HOUSING
1732.72,-50.9,1780,1741.1,11-Sep-2026 16:00:28,1714.8,N,-2.84,941210038.56,EQ,OBEROIRLTY,543198,NIFTY HOUSING
1485.88,-45.6,1530.8,1498,11-Sep-2026 16:00:28,1467.2,N,-2.95,1109398126.76,EQ,PRESTIGE,746627,NIFTY HOUSING
1276.23,-39,1286.9,1265,11-Sep-2026 16:00:28,1265,N,-2.99,2017648161.12,EQ,JSWSTEEL,1580944,NIFTY HOUSING
1098,-46.5,1145.8,1116.9,11-Sep-2026 16:00:28,1075.5,N,-4.00,4602677652,EQ,LODHA,4191874,NIFTY HOUSING
1748.94,-124,1855,1748,11-Sep-2026 16:00:28,1719,N,-6.62,4694763591.12,EQ,GODREJPROP,2684348,NIFTY HOUSING
191.88,25.68,206.38,198.85,11-Sep-2026 16:00:28,170.96,N,14.83,53092437882.12,EQ,PINELABS,276696049,NIFTY IPO
19.1,2.26,20,19.8,11-Sep-2026 16:00:28,17.54,N,12.88,2879306606.7,EQ,AHCL,150749037,NIFTY IPO
1699.32,158.2,1740.4,1740.4,11-Sep-2026 16:00:28,1582.7,N,10.00,12742797941.16,EQ,ESDS,7498763,NIFTY IPO
1653.85,157.1,1728.7,1728.7,11-Sep-2026 16:00:28,1531.5,N,10.00,9696033010.4,EQ,DHOOTTRANS,5862704,NIFTY IPO
134.11,9.37,137.12,136.1,11-Sep-2026 16:00:28,125.37,N,7.39,5520233942.46,EQ,PWL,41161986,NIFTY IPO
213.69,10.94,225.76,221.1,11-Sep-2026 16:00:28,200,N,5.21,92260657.5,EQ,ALLTIME,431750,NIFTY IPO
286.97,13.94,292.77,292.77,11-Sep-2026 16:00:28,276.83,N,5.00,2527570061.45,EQ,MILKYMIST,8807785,NIFTY IPO
84.54,4.07,85.6,85.6,11-Sep-2026 16:00:28,80,N,4.99,258546230.34,BE,HTEL,3058271,NIFTY IPO
114.46,5.31,117.5,116.5,11-Sep-2026 16:00:28,108.5,N,4.78,513157487.86,EQ,SKYWAYS,4483291,NIFTY IPO
184.08,7.8,187.5,187.5,11-Sep-2026 16:00:28,175.1,N,4.34,116257012.56,EQ,CRIZAC,631557,NIFTY IPO
877.57,36.85,899,892,11-Sep-2026 16:00:28,841.5,N,4.31,1148316141.26,EQ,BLUESTONE,1308518,NIFTY IPO
132.37,4.83,135.42,134,11-Sep-2026 16:00:28,126.13,N,3.74,1167939426.78,EQ,SHIPROCKET,8823294,NIFTY IPO
111.72,3.51,114.32,112.95,11-Sep-2026 16:00:28,107.05,N,3.21,389463740.4,EQ,CORDELIA,3486070,NIFTY IPO
133.31,3.93,136.87,135.77,11-Sep-2026 16:00:28,129.84,N,2.98,78583178.87,EQ,TURTLEMINT,589477,NIFTY IPO
106.67,2.89,115.9,101.3,11-Sep-2026 16:00:28,100,N,2.94,5747040496.07,EQ,SHANKESH,53876821,NIFTY IPO
1795.02,49.4,1848.6,1839.4,11-Sep-2026 16:00:28,1758.1,N,2.76,571873626.78,EQ,RUBICON,318589,NIFTY IPO
264.8,6.85,269.3,265.9,11-Sep-2026 16:00:28,254.85,N,2.64,204899327.2,EQ,JNPR,773789,NIFTY IPO
244.72,6.35,255.3,254.1,11-Sep-2026 16:00:28,238.1,N,2.56,48053463.92,EQ,EUROPRATIK,196361,NIFTY IPO
766.36,19,781.5,766.25,11-Sep-2026 16:00:28,734.05,N,2.54,258465639.04,EQ,NEPHROPLUS,337264,NIFTY IPO
506.75,12.45,517.45,517.15,11-Sep-2026 16:00:28,500,N,2.47,40202504.5,EQ,PNGSREVA,79334,NIFTY IPO
140.96,3.48,145,144.44,11-Sep-2026 16:00:28,136,N,2.47,588193095.36,EQ,LEAPIND,4172766,NIFTY IPO
117.11,2.84,121.02,118.1,11-Sep-2026 16:00:28,111.75,N,2.46,28263210.29,BE,GAUDIUMIVF,241339,NIFTY IPO
189.07,4.3,191.99,191,11-Sep-2026 16:00:28,184.01,N,2.30,71723515.43,EQ,RSL,379349,NIFTY IPO
197.67,4.16,200.91,200,11-Sep-2026 16:00:28,192.6,N,2.12,6154736536.74,EQ,GROWW,31136422,NIFTY IPO
587.41,11.45,594.9,589.95,11-Sep-2026 16:00:28,571.05,N,1.98,23425910.8,EQ,ORKLAINDIA,39880,NIFTY IPO
155.19,2.56,158.2,155,11-Sep-2026 16:00:28,150.45,N,1.68,113620961.79,EQ,WAKEFIT,732141,NIFTY IPO
128.53,1.98,131.11,129.86,11-Sep-2026 16:00:28,125.5,N,1.55,20828157.97,EQ,LAXMIINDIA,162049,NIFTY IPO
1409.55,21,1442,1420,11-Sep-2026 16:00:28,1361.7,N,1.50,352947091.35,EQ,CLEANMAX,250397,NIFTY IPO
236.75,3.37,242.49,242.4,11-Sep-2026 16:00:28,229.41,N,1.41,267846639,EQ,EPACKPEB,1131348,NIFTY IPO
80.92,1.12,81.84,81.2,11-Sep-2026 16:00:28,79.26,N,1.40,170610676.04,EQ,EXCELSOFT,2108387,NIFTY IPO
152.63,-3.33,155.2,152,11-Sep-2026 16:00:28,151,N,-2.14,106195375.1,EQ,GAJA,695770,NIFTY IPO
183.07,-4.06,185.74,182.9,11-Sep-2026 16:00:28,181.51,N,-2.17,78620692.99,EQ,KNACK,429457,NIFTY IPO
83.42,-1.88,85.58,83.85,11-Sep-2026 16:00:28,82.3,N,-2.19,24758388.64,EQ,REGAAL,296792,NIFTY IPO
719.7,-16.15,733.5,717.1,11-Sep-2026 16:00:28,714.4,N,-2.20,521831439.6,EQ,MANIPALHOS,725068,NIFTY IPO
549.49,-12.85,558,550.5,11-Sep-2026 16:00:28,537.55,N,-2.28,320064187.75,EQ,OMNI,582475,NIFTY IPO
1256.9,-30,1285,1255.9,11-Sep-2026 16:00:28,1247.5,N,-2.33,32077344.9,EQ,TRAVELFOOD,25521,NIFTY IPO
285.46,-6.95,291.15,284.5,11-Sep-2026 16:00:28,282.7,N,-2.38,230373356.5,EQ,JAINREC,807025,NIFTY IPO
551.21,-14.25,561.25,547,11-Sep-2026 16:00:28,545.4,N,-2.54,131097581.56,EQ,LCL,237836,NIFTY IPO
509.94,-13.3,518.55,505.95,11-Sep-2026 16:00:28,504.8,N,-2.56,262758823.56,EQ,TENNIND,515274,NIFTY IPO
160.78,-5.07,164.44,160.02,11-Sep-2026 16:00:28,159.29,N,-3.07,13539926.92,EQ,GEMAROMA,84214,NIFTY IPO
51.2,-1.63,52.5,50.99,11-Sep-2026 16:00:28,50.48,N,-3.10,208977152,EQ,ARDEE,4081585,NIFTY IPO
699.27,-23.5,711.3,689.6,11-Sep-2026 16:00:28,686.45,N,-3.30,642964779.6,EQ,SHREEJISPG,919480,NIFTY IPO
887.4,-35.7,915,881.8,11-Sep-2026 16:00:28,873.7,N,-3.89,1037600436.6,EQ,AUGMONT,1169259,NIFTY IPO
58.52,-3.07,59.7,58.35,11-Sep-2026 16:00:28,58.35,N,-5.00,17074497.44,BE,ANNU,291772,NIFTY IPO
277.08,-14.69,288.89,270.9,11-Sep-2026 16:00:28,270,N,-5.14,341421300.96,EQ,XTRANET,1232212,NIFTY IPO
1022.81,-58.5,1066.7,1007,11-Sep-2026 16:00:28,1005.5,N,-5.49,62757575.98,EQ,MIDWESTLTD,61358,NIFTY IPO
70.39,-4.51,72.38,67.89,11-Sep-2026 16:00:28,67.16,N,-6.23,18661092.9,EQ,IGCL,265110,NIFTY IPO
1549.16,-102.7,1686.8,1406.7,11-Sep-2026 16:00:28,1391.7,N,-6.80,34171123414.4,EQ,MOLBIO,22057840,NIFTY IPO
86.71,-10.85,101.15,84.11,11-Sep-2026 16:00:28,76.26,N,-11.43,240427060.12,EQ,CSM,2772772,NIFTY IPO
448.52,-101.9,524.95,407.8,11-Sep-2026 16:00:28,407.8,N,-19.99,1749291689.84,EQ,SUNSHINE,3900142,NIFTY IPO
1545.72,44,1565.1,1558,11-Sep-2026 16:00:28,1489,N,2.91,2065647653.52,EQ,BLUESTARCO,1336366,NIFTY MS IND CONS
2255.23,41.6,2280,2280,11-Sep-2026 16:00:28,2222,N,1.86,1196846050.54,EQ,MANKIND,530698,NIFTY MS IND CONS
25323.45,280,25635,25540,11-Sep-2026 16:00:28,25135,N,1.11,243484971.75,EQ,ABBOTINDIA,9615,NIFTY MS IND CONS
342.05,2.55,344.5,344.5,11-Sep-2026 16:00:28,339.05,N,0.75,1360576389.6,EQ,NYKAA,3977712,NIFTY MS IND CONS
1159.27,6.5,1169,1165,11-Sep-2026 16:00:28,1138,N,0.56,883658194.58,EQ,VOLTAS,762254,NIFTY MS IND CONS
15.03,0.07,15.2,14.97,11-Sep-2026 16:00:28,14.84,N,0.47,8235043758.09,EQ,IDEA,547907103,NIFTY MS IND CONS
229.58,1,231.69,231,11-Sep-2026 16:00:28,226.63,N,0.43,247472776.46,EQ,CROMPTON,1077937,NIFTY MS IND CONS
338.96,1.25,341,341,11-Sep-2026 16:00:28,336,N,0.37,673302686.88,EQ,PATANJALI,1986378,NIFTY MS IND CONS
153.29,0.36,154.5,154.49,11-Sep-2026 16:00:28,152.61,N,0.23,259654252.04,EQ,ITCHOTELS,1693876,NIFTY MS IND CONS
1879.77,2.5,1910,1890,11-Sep-2026 16:00:28,1825.1,N,0.13,1359100026.78,EQ,PHOENIXLTD,723014,NIFTY MS IND CONS
1292.12,1.7,1300.4,1298,11-Sep-2026 16:00:28,1278.3,N,0.13,251723065.68,EQ,TORNTPOWER,194814,NIFTY MS IND CONS
804,-0.9,810,802.1,11-Sep-2026 16:00:28,795.7,N,-0.11,1233033696,EQ,MARICO,1533624,NIFTY MS IND CONS
375.15,-0.45,377,376,11-Sep-2026 16:00:28,372.1,N,-0.12,323964909.15,EQ,DABUR,863561,NIFTY MS IND CONS
277.92,-0.8,281.45,278.2,11-Sep-2026 16:00:28,275.3,N,-0.29,4789573784.64,EQ,SWIGGY,17233642,NIFTY MS IND CONS
1107.59,-5,1114.7,1111,11-Sep-2026 16:00:28,1096.2,N,-0.45,774213163.13,EQ,HAVELLS,699007,NIFTY MS IND CONS
13244.81,-75,13490,13425,11-Sep-2026 16:00:28,12980,N,-0.56,7283691873.68,EQ,DIXON,549928,NIFTY MS IND CONS
1791.17,-11.1,1799.9,1797.4,11-Sep-2026 16:00:28,1782.1,N,-0.61,503100247.26,EQ,COLPAL,280878,NIFTY MS IND CONS
469.28,-3.55,472.85,470.25,11-Sep-2026 16:00:28,465.65,N,-0.75,166353659.36,EQ,JUBLFOOD,354487,NIFTY MS IND CONS
463.34,-4.05,467.15,463.7,11-Sep-2026 16:00:28,462.15,N,-0.87,279989875.24,EQ,IRCTC,604286,NIFTY MS IND CONS
5083.69,-50.5,5128,5087.5,11-Sep-2026 16:00:28,5051,N,-0.98,1213781824.4,EQ,ALKEM,238760,NIFTY MS IND CONS
35249.58,-385,35410,35365,11-Sep-2026 16:00:28,35080,N,-1.08,397862009.46,EQ,PAGEIND,11287,NIFTY MS IND CONS
5222.59,-58.5,5243,5221.5,11-Sep-2026 16:00:28,5186,N,-1.11,1314332667.17,EQ,HEROMOTOCO,251663,NIFTY MS IND CONS
1252.74,-14.2,1262.1,1250.8,11-Sep-2026 16:00:28,1244.8,N,-1.12,656649978.54,EQ,NAUKRI,524171,NIFTY MS IND CONS
892.59,-14.65,900,887.8,11-Sep-2026 16:00:28,885,N,-1.62,700316295.51,EQ,FORTIS,784589,NIFTY MS IND CONS
101.68,-1.69,102.65,101.71,11-Sep-2026 16:00:28,101.06,N,-1.63,784241977.92,EQ,VMM,7712844,NIFTY MS IND CONS
597.48,-11.55,610,601.15,11-Sep-2026 16:00:28,589.05,N,-1.89,3788498794.08,EQ,KALYANKJIL,6340796,NIFTY MS IND CONS
4380.73,-91.9,4437.6,4368.1,11-Sep-2026 16:00:28,4362.5,N,-2.06,456953946.3,EQ,RADICO,104310,NIFTY MS IND CONS
1732.72,-50.9,1780,1741.1,11-Sep-2026 16:00:28,1714.8,N,-2.84,941210038.56,EQ,OBEROIRLTY,543198,NIFTY MS IND CONS
1485.88,-45.6,1530.8,1498,11-Sep-2026 16:00:28,1467.2,N,-2.95,1109398126.76,EQ,PRESTIGE,746627,NIFTY MS IND CONS
1748.94,-124,1855,1748,11-Sep-2026 16:00:28,1719,N,-6.62,4694763591.12,EQ,GODREJPROP,2684348,NIFTY MS IND CONS
412.29,6,417.15,416.5,11-Sep-2026 16:00:28,403,N,1.46,4007171846.16,EQ,VBL,9719304,NIFTY NONCYC CONS
342.05,2.55,344.5,344.5,11-Sep-2026 16:00:28,339.05,N,0.75,1360576389.6,EQ,NYKAA,3977712,NIFTY NONCYC CONS
4892.17,28,4973,4973,11-Sep-2026 16:00:28,4822,N,0.57,4519058870.61,EQ,INDIGO,923733,NIFTY NONCYC CONS
1159.27,6.5,1169,1165,11-Sep-2026 16:00:28,1138,N,0.56,883658194.58,EQ,VOLTAS,762254,NIFTY NONCYC CONS
320.8,1.4,324.8,323.5,11-Sep-2026 16:00:28,316.05,N,0.43,7286026923.2,EQ,ETERNAL,22712054,NIFTY NONCYC CONS
715.19,2.75,720.75,718.5,11-Sep-2026 16:00:28,708.6,N,0.38,729207008.81,EQ,INDHOTEL,1019599,NIFTY NONCYC CONS
260.46,0.55,261.65,259.85,11-Sep-2026 16:00:28,257.7,N,0.21,2895286122.54,EQ,ITC,11116049,NIFTY NONCYC CONS
3673.82,-2,3706.2,3688,11-Sep-2026 16:00:28,3650,N,-0.05,2609102878.16,EQ,DMART,710188,NIFTY NONCYC CONS
804,-0.9,810,802.1,11-Sep-2026 16:00:28,795.7,N,-0.11,1233033696,EQ,MARICO,1533624,NIFTY NONCYC CONS
375.15,-0.45,377,376,11-Sep-2026 16:00:28,372.1,N,-0.12,323964909.15,EQ,DABUR,863561,NIFTY NONCYC CONS
1387.07,-2.9,1401.2,1383.3,11-Sep-2026 16:00:28,1373.5,N,-0.21,1718162221.93,EQ,NESTLEIND,1238699,NIFTY NONCYC CONS
4984.28,-11.5,5015,5009.5,11-Sep-2026 16:00:28,4943,N,-0.23,2009836145.8,EQ,TITAN,403235,NIFTY NONCYC CONS
277.92,-0.8,281.45,278.2,11-Sep-2026 16:00:28,275.3,N,-0.29,4789573784.64,EQ,SWIGGY,17233642,NIFTY NONCYC CONS
1396.11,-5,1407.2,1395,11-Sep-2026 16:00:28,1384.3,N,-0.36,771843601.83,EQ,UNITDSPR,552853,NIFTY NONCYC CONS
1842.47,-7.9,1852,1831.1,11-Sep-2026 16:00:28,1830.5,N,-0.43,7703965872.75,EQ,BHARTIARTL,4181325,NIFTY NONCYC CONS
1107.59,-5,1114.7,1111,11-Sep-2026 16:00:28,1096.2,N,-0.45,774213163.13,EQ,HAVELLS,699007,NIFTY NONCYC CONS
1771.41,-9.2,1785,1755.2,11-Sep-2026 16:00:28,1747.8,N,-0.52,296006153.82,EQ,TATACOMM,167102,NIFTY NONCYC CONS
867.12,-4.9,872.6,865,11-Sep-2026 16:00:28,859,N,-0.56,670124209.92,EQ,GODREJCP,772816,NIFTY NONCYC CONS
13244.81,-75,13490,13425,11-Sep-2026 16:00:28,12980,N,-0.56,7283691873.68,EQ,DIXON,549928,NIFTY NONCYC CONS
2794.6,-16.3,2816,2802.4,11-Sep-2026 16:00:28,2757.5,N,-0.58,1894453750.8,EQ,TRENT,677898,NIFTY NONCYC CONS
1791.17,-11.1,1799.9,1797.4,11-Sep-2026 16:00:28,1782.1,N,-0.61,503100247.26,EQ,COLPAL,280878,NIFTY NONCYC CONS
469.28,-3.55,472.85,470.25,11-Sep-2026 16:00:28,465.65,N,-0.75,166353659.36,EQ,JUBLFOOD,354487,NIFTY NONCYC CONS
1936.26,-15.3,1946.6,1927,11-Sep-2026 16:00:28,1926.2,N,-0.79,2130492049.38,EQ,HINDUNILVR,1100313,NIFTY NONCYC CONS
993.66,-8.6,1000,991,11-Sep-2026 16:00:28,988,N,-0.86,900215219.94,EQ,TATACONSUM,905959,NIFTY NONCYC CONS
463.34,-4.05,467.15,463.7,11-Sep-2026 16:00:28,462.15,N,-0.87,279989875.24,EQ,IRCTC,604286,NIFTY NONCYC CONS
4986.72,-47,5012.5,4962,11-Sep-2026 16:00:28,4945,N,-0.94,971697299.04,EQ,BRITANNIA,194857,NIFTY NONCYC CONS
2461.44,-25.6,2472.5,2472.5,11-Sep-2026 16:00:28,2442.8,N,-1.02,1607335088.64,EQ,ASIANPAINT,653006,NIFTY NONCYC CONS
35249.58,-385,35410,35365,11-Sep-2026 16:00:28,35080,N,-1.08,397862009.46,EQ,PAGEIND,11287,NIFTY NONCYC CONS
1252.74,-14.2,1262.1,1250.8,11-Sep-2026 16:00:28,1244.8,N,-1.12,656649978.54,EQ,NAUKRI,524171,NIFTY NONCYC CONS
101.68,-1.69,102.65,101.71,11-Sep-2026 16:00:28,101.06,N,-1.63,784241977.92,EQ,VMM,7712844,NIFTY NONCYC CONS
1545.72,44,1565.1,1558,11-Sep-2026 16:00:28,1489,N,2.91,2065647653.52,EQ,BLUESTARCO,1336366,NIFTY RURAL
562.38,10.6,572.35,562.9,11-Sep-2026 16:00:28,546,N,1.92,6499114101.48,EQ,LICHSGFIN,11556446,NIFTY RURAL
175.97,2.52,178.54,176.52,11-Sep-2026 16:00:28,170.85,N,1.45,4458198366.27,EQ,BANDHANBNK,25334991,NIFTY RURAL
526.59,3.85,531.5,530,11-Sep-2026 16:00:28,518.2,N,0.73,2173693483.53,EQ,HDFCLIFE,4127867,NIFTY RURAL
1159.27,6.5,1169,1165,11-Sep-2026 16:00:28,1138,N,0.56,883658194.58,EQ,VOLTAS,762254,NIFTY RURAL
1732.48,8.7,1755,1754,11-Sep-2026 16:00:28,1708,N,0.50,71204928,EQ,DALBHARAT,41100,NIFTY RURAL
15.03,0.07,15.2,14.97,11-Sep-2026 16:00:28,14.84,N,0.47,8235043758.09,EQ,IDEA,547907103,NIFTY RURAL
229.58,1,231.69,231,11-Sep-2026 16:00:28,226.63,N,0.43,247472776.46,EQ,CROMPTON,1077937,NIFTY RURAL
338.96,1.25,341,341,11-Sep-2026 16:00:28,336,N,0.37,673302686.88,EQ,PATANJALI,1986378,NIFTY RURAL
236.5,0.51,238.13,238.13,11-Sep-2026 16:00:28,234.3,N,0.21,1659822037.5,EQ,BANKBARODA,7018275,NIFTY RURAL
260.46,0.55,261.65,259.85,11-Sep-2026 16:00:28,257.7,N,0.21,2895286122.54,EQ,ITC,11116049,NIFTY RURAL
301,0.6,304.4,301.1,11-Sep-2026 16:00:28,296.5,N,0.20,2312641093,EQ,TMPV,7683193,NIFTY RURAL
10947.04,21,11060,11000,11-Sep-2026 16:00:28,10790,N,0.19,2444222250.08,EQ,ULTRACEMCO,223277,NIFTY RURAL
1292.12,1.7,1300.4,1298,11-Sep-2026 16:00:28,1278.3,N,0.13,251723065.68,EQ,TORNTPOWER,194814,NIFTY RURAL
470.67,0.5,475.5,471.5,11-Sep-2026 16:00:28,461.25,N,0.11,637699016.25,EQ,ICICIPRULI,1354875,NIFTY RURAL
4117.24,3.5,4151.9,4125,11-Sep-2026 16:00:28,4062.8,N,0.08,1872306655.52,EQ,TVSMOTOR,454748,NIFTY RURAL
76.74,0.03,77.4,76.38,11-Sep-2026 16:00:28,75.87,N,0.04,923267304.66,EQ,NHPC,12031109,NIFTY RURAL
1176.45,-0.1,1189.6,1178.9,11-Sep-2026 16:00:28,1162,N,-0.01,1355975093.55,EQ,PNBHOUSING,1152599,NIFTY RURAL
4707.37,-3,4746.5,4700,11-Sep-2026 16:00:28,4611,N,-0.06,120659307.84,EQ,SUNDARMFIN,25632,NIFTY RURAL
116.76,-0.1,117.79,116.75,11-Sep-2026 16:00:28,114.52,N,-0.09,1340401413.96,EQ,PNB,11479971,NIFTY RURAL
993.66,-8.6,1000,991,11-Sep-2026 16:00:28,988,N,-0.86,900215219.94,EQ,TATACONSUM,905959,NIFTY RURAL
463.34,-4.05,467.15,463.7,11-Sep-2026 16:00:28,462.15,N,-0.87,279989875.24,EQ,IRCTC,604286,NIFTY RURAL
1025.52,-9.4,1034.5,1028.6,11-Sep-2026 16:00:28,1013.2,N,-0.91,3252146457.84,EQ,SHRIRAMFIN,3171217,NIFTY RURAL
1687.25,-15.9,1697.7,1684.7,11-Sep-2026 16:00:28,1671,N,-0.93,520737654.75,EQ,SBILIFE,308631,NIFTY RURAL
22542.44,-215,22680,22570,11-Sep-2026 16:00:28,22370,N,-0.94,364533797.24,EQ,SHREECEM,16171,NIFTY RURAL
4986.72,-47,5012.5,4962,11-Sep-2026 16:00:28,4945,N,-0.94,971697299.04,EQ,BRITANNIA,194857,NIFTY RURAL
390.04,-3.75,393.55,391.85,11-Sep-2026 16:00:28,387.65,N,-0.95,511362722.08,EQ,AMBUJACEM,1311052,NIFTY RURAL
2461.44,-25.6,2472.5,2472.5,11-Sep-2026 16:00:28,2442.8,N,-1.02,1607335088.64,EQ,ASIANPAINT,653006,NIFTY RURAL
5222.59,-58.5,5243,5221.5,11-Sep-2026 16:00:28,5186,N,-1.11,1314332667.17,EQ,HEROMOTOCO,251663,NIFTY RURAL
3278.88,-37.1,3302.4,3281.9,11-Sep-2026 16:00:28,3267,N,-1.12,1691869291.2,EQ,GRASIM,515990,NIFTY RURAL
460.71,-5.3,465.75,458.5,11-Sep-2026 16:00:28,457,N,-1.14,130761937.17,EQ,BERGEPAINT,283827,NIFTY RURAL
433.27,-5.15,436.95,434.1,11-Sep-2026 16:00:28,425.35,N,-1.17,3080330898.65,EQ,TMCV,7109495,NIFTY RURAL
441.15,-5.4,449.1,444,11-Sep-2026 16:00:28,436.5,N,-1.20,720765427.95,EQ,POONAWALLA,1633833,NIFTY RURAL
1282.81,-17.8,1302.4,1281.3,11-Sep-2026 16:00:28,1273.2,N,-1.37,1279048801.08,EQ,ADANIGREEN,997068,NIFTY RURAL
1926.45,-27,1950.8,1934.9,11-Sep-2026 16:00:28,1916.4,N,-1.38,193939574.4,EQ,COROMANDEL,100672,NIFTY RURAL
996.57,-14,1001.9,995.7,11-Sep-2026 16:00:28,993,N,-1.39,7744454096.13,EQ,SBIN,7771109,NIFTY RURAL
2184.68,-31,2195.5,2174,11-Sep-2026 16:00:28,2170.6,N,-1.41,1059143787.4,EQ,HYUNDAI,484805,NIFTY RURAL
4844.69,-69.5,4909.5,4846,11-Sep-2026 16:00:28,4813,N,-1.41,266249628.33,EQ,JKCEMENT,54957,NIFTY RURAL
162.5,-2.37,165.04,163.75,11-Sep-2026 16:00:28,160,N,-1.43,3094715487.5,EQ,ASHOKLEY,19044403,NIFTY RURAL
12427.72,-190,12541,12400,11-Sep-2026 16:00:28,12381,N,-1.51,6398635340.96,EQ,MARUTI,514868,NIFTY RURAL
5069.32,-85,5152,5070,11-Sep-2026 16:00:28,5020.5,N,-1.65,1677995613.2,EQ,CUMMINSIND,331010,NIFTY RURAL
209.99,-3.53,212.48,209.97,11-Sep-2026 16:00:28,208.41,N,-1.65,2156893805.88,EQ,ADANIPOWER,10271412,NIFTY RURAL
655.42,-11.1,665.15,655.2,11-Sep-2026 16:00:28,650.05,N,-1.67,1030118370.64,EQ,SBICARD,1571692,NIFTY RURAL
2259.54,-39.6,2287.4,2256,11-Sep-2026 16:00:28,2249.3,N,-1.73,656827942.14,EQ,PIRAMALFIN,290691,NIFTY RURAL
2763.53,-49.4,2820,2792.1,11-Sep-2026 16:00:28,2728.6,N,-1.74,2805803718.41,EQ,MUTHOOTFIN,1015297,NIFTY RURAL
2902.73,-63.4,2949.6,2895,11-Sep-2026 16:00:28,2884.9,N,-2.14,123621465.24,EQ,ESCORTS,42588,NIFTY RURAL
7581.64,-167,7633,7530,11-Sep-2026 16:00:28,7530,N,-2.17,3368371019.2,EQ,EICHERMOT,444280,NIFTY RURAL
1414.58,-47.6,1456,1411.4,11-Sep-2026 16:00:28,1402.5,N,-3.26,1233749994.86,EQ,ASTRAL,872167,NIFTY RURAL
3402.93,-145.6,3499.1,3364.4,11-Sep-2026 16:00:28,3364.4,N,-4.15,443160170.97,EQ,SUPREMEIND,130229,NIFTY RURAL
2256.6,-106,2365,2259,11-Sep-2026 16:00:28,2191,N,-4.48,2538420004.2,EQ,PIIND,1124887,NIFTY RURAL
163.98,1.25,165.58,164.45,11-Sep-2026 16:00:28,160.71,N,0.77,2164566008.34,EQ,MOTHERSON,13200183,NIFTY TRANS LOGIS
4892.17,28,4973,4973,11-Sep-2026 16:00:28,4822,N,0.57,4519058870.61,EQ,INDIGO,923733,NIFTY TRANS LOGIS
96.85,0.52,97.98,97.98,11-Sep-2026 16:00:28,95.28,N,0.53,688889691.75,EQ,GMRAIRPORT,7112955,NIFTY TRANS LOGIS
320.8,1.4,324.8,323.5,11-Sep-2026 16:00:28,316.05,N,0.43,7286026923.2,EQ,ETERNAL,22712054,NIFTY TRANS LOGIS
127993.49,490,128765,128760,11-Sep-2026 16:00:28,127015,N,0.38,274290049.07,EQ,MRF,2143,NIFTY TRANS LOGIS
3937.38,9.8,3967.7,3950,11-Sep-2026 16:00:28,3890.1,N,0.25,72105239.94,EQ,SCHAEFFLER,18313,NIFTY TRANS LOGIS
301,0.6,304.4,301.1,11-Sep-2026 16:00:28,296.5,N,0.20,2312641093,EQ,TMPV,7683193,NIFTY TRANS LOGIS
4117.24,3.5,4151.9,4125,11-Sep-2026 16:00:28,4062.8,N,0.08,1872306655.52,EQ,TVSMOTOR,454748,NIFTY TRANS LOGIS
1760.15,-3.4,1771.9,1764.6,11-Sep-2026 16:00:28,1750.8,N,-0.19,2947939703.45,EQ,ADANIPORTS,1674823,NIFTY TRANS LOGIS
277.92,-0.8,281.45,278.2,11-Sep-2026 16:00:28,275.3,N,-0.29,4789573784.64,EQ,SWIGGY,17233642,NIFTY TRANS LOGIS
415.73,-1.45,419.45,418.1,11-Sep-2026 16:00:28,410,N,-0.35,108478923.28,EQ,APOLLOTYRE,260936,NIFTY TRANS LOGIS
1929.62,-10,1947.9,1944.9,11-Sep-2026 16:00:28,1908.6,N,-0.51,547579845.12,EQ,BHARATFORG,283776,NIFTY TRANS LOGIS
3100.48,-16.8,3124.2,3107,11-Sep-2026 16:00:28,3069.1,N,-0.54,4066229912.32,EQ,M&M,1311484,NIFTY TRANS LOGIS
11651.99,-90,11723,11678,11-Sep-2026 16:00:28,11529,N,-0.76,2502043464.69,EQ,BAJAJ-AUTO,214731,NIFTY TRANS LOGIS
48546.15,-390,48960,48385,11-Sep-2026 16:00:28,48080,N,-0.80,965971292.7,EQ,BOSCHLTD,19898,NIFTY TRANS LOGIS
463.34,-4.05,467.15,463.7,11-Sep-2026 16:00:28,462.15,N,-0.87,279989875.24,EQ,IRCTC,604286,NIFTY TRANS LOGIS
499.56,-4.9,503.5,499.25,11-Sep-2026 16:00:28,494.15,N,-0.97,278098058.16,EQ,CONCOR,556686,NIFTY TRANS LOGIS
5222.59,-58.5,5243,5221.5,11-Sep-2026 16:00:28,5186,N,-1.11,1314332667.17,EQ,HEROMOTOCO,251663,NIFTY TRANS LOGIS
433.27,-5.15,436.95,434.1,11-Sep-2026 16:00:28,425.35,N,-1.17,3080330898.65,EQ,TMCV,7109495,NIFTY TRANS LOGIS
2168.78,-29,2190.1,2164,11-Sep-2026 16:00:28,2156.4,N,-1.32,385838974.68,EQ,BALKRISIND,177906,NIFTY TRANS LOGIS
2184.68,-31,2195.5,2174,11-Sep-2026 16:00:28,2170.6,N,-1.41,1059143787.4,EQ,HYUNDAI,484805,NIFTY TRANS LOGIS
162.5,-2.37,165.04,163.75,11-Sep-2026 16:00:28,160,N,-1.43,3094715487.5,EQ,ASHOKLEY,19044403,NIFTY TRANS LOGIS
12427.72,-190,12541,12400,11-Sep-2026 16:00:28,12381,N,-1.51,6398635340.96,EQ,MARUTI,514868,NIFTY TRANS LOGIS
2601.79,-45.9,2637.1,2606.1,11-Sep-2026 16:00:28,2580.1,N,-1.73,351801034.85,EQ,TIINDIA,135215,NIFTY TRANS LOGIS
2329.97,-44.2,2367.6,2339,11-Sep-2026 16:00:28,2315.4,N,-1.85,1187143014.7,EQ,MAZDOCK,509510,NIFTY TRANS LOGIS
1207.86,-23.2,1217.6,1201.6,11-Sep-2026 16:00:28,1199.5,N,-1.89,452563400.52,EQ,UNOMINDA,374682,NIFTY TRANS LOGIS
413.81,-8,418.45,412.85,11-Sep-2026 16:00:28,411.45,N,-1.90,535720908.86,EQ,EXIDEIND,1294606,NIFTY TRANS LOGIS
792.23,-15.5,799.95,788,11-Sep-2026 16:00:28,786.9,N,-1.93,659211414.08,EQ,SONACOMS,832096,NIFTY TRANS LOGIS
438.5,-8.7,447.4,439,11-Sep-2026 16:00:28,434.85,N,-1.94,459518620.5,EQ,DELHIVERY,1047933,NIFTY TRANS LOGIS
7581.64,-167,7633,7530,11-Sep-2026 16:00:28,7530,N,-2.17,3368371019.2,EQ,EICHERMOT,444280,NIFTY TRANS LOGIS
117.45,171.1,283,283,11-Sep-2026 15:59:59,271.95,N,152.90,7469820,ST,INNOMET,63600,NIFTY SME EMERGE
306.27,294.25,612.3,612.3,11-Sep-2026 15:59:59,612.3,N,92.52,1837620,ST,APSISAERO,6000,NIFTY SME EMERGE
130.09,50.8,174.75,174.75,11-Sep-2026 15:59:59,174.75,N,40.98,51775820,ST,UHTL,398000,NIFTY SME EMERGE
1068.04,179.7,1210,1200,11-Sep-2026 15:59:59,1200,N,17.61,8971536,ST,PRIZOR,8400,NIFTY SME EMERGE
96.95,13.4,98.9,98.9,11-Sep-2026 15:59:59,95,N,15.67,387800,SM,IDEALTECHO,4000,NIFTY SME EMERGE
68.64,8.45,74,74,11-Sep-2026 15:59:59,62.85,N,12.89,2882880,SM,MGSL,42000,NIFTY SME EMERGE
144.16,15.8,148,147,11-Sep-2026 15:59:59,135.25,N,12.04,23757568,SM,SATKARTAR,164800,NIFTY SME EMERGE
94.43,9.55,99.95,99.95,11-Sep-2026 15:59:59,90,N,10.56,3116190,SM,PARTYCRUS,33000,NIFTY SME EMERGE
149.44,14.25,156,154,11-Sep-2026 15:59:59,144.8,N,10.20,6425920,SM,FIDEL,43000,NIFTY SME EMERGE
1569.82,148.15,1649.95,1649.95,11-Sep-2026 15:59:59,1649,N,9.86,784910,ST,TANKUP,500,NIFTY SME EMERGE
23.61,2.05,23.75,23.75,11-Sep-2026 15:59:59,23.2,N,9.45,354150,SM,DUGLOBAL,15000,NIFTY SME EMERGE
52.25,4.65,54.75,54.75,11-Sep-2026 15:59:59,51,N,9.28,94050,SM,KONTOR,1800,NIFTY SME EMERGE
30.71,2.25,31.8,31.4,11-Sep-2026 15:59:59,30,N,7.72,952010,SM,MAXPOSURE,31000,NIFTY SME EMERGE
92.12,6.4,95.25,93,11-Sep-2026 15:59:59,87.7,N,7.39,2791236,SM,KDL,30300,NIFTY SME EMERGE
85.51,6.05,88.95,88.7,11-Sep-2026 15:59:59,80,N,7.32,16058778,SM,TBI,187800,NIFTY SME EMERGE
987.08,63.55,1017.85,1000,11-Sep-2026 15:59:59,934,N,6.79,147469752,SM,DANISH,149400,NIFTY SME EMERGE
36.87,2.35,39.3,38.1,11-Sep-2026 15:59:59,33,N,6.57,4037265,SM,ARVINDPORT,109500,NIFTY SME EMERGE
242.86,14.9,253.5,249.95,11-Sep-2026 15:59:59,239,N,6.34,30794648,SM,MEGATHERM,126800,NIFTY SME EMERGE
24.32,1.4,24.8,24.7,11-Sep-2026 15:59:59,23.2,N,6.01,291840,SM,KLL,12000,NIFTY SME EMERGE
164.95,9,165,165,11-Sep-2026 15:59:59,164.9,N,5.77,197940,SM,INM,1200,NIFTY SME EMERGE
12.9,0.7,12.9,12.9,11-Sep-2026 15:59:59,12.9,N,5.74,15480,SM,FALCONTECH,1200,NIFTY SME EMERGE
0,4.05,0,78,11-Sep-2026 15:31:44,0,N,5.48,0,SM,AMIABLE,0,NIFTY SME EMERGE
1912.69,99.95,1988,1988,11-Sep-2026 15:59:59,1845,N,5.29,66561612,SM,VIVIDEL,34800,NIFTY SME EMERGE
120.34,6.1,122.35,122.35,11-Sep-2026 15:59:59,116.25,N,5.25,1732896,SM,YASHOPTICS,14400,NIFTY SME EMERGE
16.25,0.85,17.5,17.25,11-Sep-2026 15:59:59,17.25,N,5.18,195000,ST,NEWJAISA,12000,NIFTY SME EMERGE
358.13,17.05,358.15,358.15,11-Sep-2026 15:59:59,358,N,5.00,2148780,SM,HPTL,6000,NIFTY SME EMERGE
107.1,5.1,107.1,107.1,11-Sep-2026 15:59:59,107.1,N,5.00,66937.5,SM,GOLDKART,625,NIFTY SME EMERGE
125,5.95,125,125,11-Sep-2026 15:59:59,125,N,5.00,250000,SM,FONEBOX,2000,NIFTY SME EMERGE
19.91,0.95,19.95,19.95,11-Sep-2026 15:59:59,19.85,N,5.00,95568,SM,BALCO,4800,NIFTY SME EMERGE
72.25,3.45,72.45,72.45,11-Sep-2026 15:59:59,71.5,N,5.00,1965200,ST,MRIL,27200,NIFTY SME EMERGE
101.31,-5.3,102,100.7,11-Sep-2026 15:59:59,100.7,N,-5.00,1094148,SM,FORGEAUTO,10800,NIFTY SME EMERGE
203.85,-10.65,212.85,202.35,11-Sep-2026 15:59:59,202.35,N,-5.00,4158540,ST,JAINIK,20400,NIFTY SME EMERGE
6.75,-0.35,6.95,6.65,11-Sep-2026 15:59:59,6.65,N,-5.00,54000,ST,PRECISION,8000,NIFTY SME EMERGE
81.73,-4.3,82,81.7,11-Sep-2026 15:59:59,81.7,N,-5.00,1062490,SM,BEACON,13000,NIFTY SME EMERGE
24.7,-1.3,24.7,24.7,11-Sep-2026 15:59:59,24.7,N,-5.00,39520,ST,RADIOWALLA,1600,NIFTY SME EMERGE
42.15,-2.25,42.15,42.15,11-Sep-2026 15:59:59,42.15,N,-5.07,67440,SM,PRANIK,1600,NIFTY SME EMERGE
103.9,-5.5,105.8,101.5,11-Sep-2026 15:59:59,101.5,N,-5.14,311700,SM,DELAPLEX,3000,NIFTY SME EMERGE
91,-5,91,91,11-Sep-2026 15:59:59,91,N,-5.21,18200,SM,SURANI,200,NIFTY SME EMERGE
143.56,-7.9,145,143.1,11-Sep-2026 15:59:59,142.5,N,-5.23,1378176,SM,MARC,9600,NIFTY SME EMERGE
982.38,-51.8,913.5,913.2,11-Sep-2026 15:59:59,913.2,N,-5.37,5525887.5,ST,HOACFOODS,5625,NIFTY SME EMERGE
182.2,-10.4,189,178,11-Sep-2026 15:59:59,175.05,N,-5.52,2678340,SM,POSITRON,14700,NIFTY SME EMERGE
37.2,-2.4,37.2,37.2,11-Sep-2026 15:59:59,37.2,N,-6.06,59520,SM,WHITEFORCE,1600,NIFTY SME EMERGE
53.41,-3.65,57.6,53.95,11-Sep-2026 15:59:59,51.3,N,-6.34,1922760,SM,PARAGON,36000,NIFTY SME EMERGE
202.65,-14,211,197,11-Sep-2026 15:59:59,197,N,-6.64,2188620,SM,PROPEQUITY,10800,NIFTY SME EMERGE
69.97,-6.35,71,69.85,11-Sep-2026 15:59:59,69,N,-8.33,3106668,SM,NIKITA,44400,NIFTY SME EMERGE
105.78,-11.5,109,103.5,11-Sep-2026 15:59:59,103.5,N,-10.00,4061952,SM,VIGOR,38400,NIFTY SME EMERGE
26.4,-3.25,22.2,22.2,11-Sep-2026 15:59:59,22.2,N,-12.77,63360,ST,ATCENERGY,2400,NIFTY SME EMERGE
0,-16.1,0,0,11-Sep-2026 15:31:44,0,N,-100.00,0,ST,MARINETRAN,0,NIFTY SME EMERGE
0,-114.85,0,0,11-Sep-2026 15:31:44,0,N,-100.00,0,SM,PATTECH,0,NIFTY SME EMERGE
0,-175,0,0,11-Sep-2026 15:31:12,0,N,-100.00,0,SM,INTEGRITY,0,NIFTY SME EMERGE
191.88,25.68,206.38,198.85,11-Sep-2026 16:00:28,170.96,N,14.83,53092437882.12,EQ,PINELABS,276696049,NIFTY INTERNET
134.11,9.37,137.12,136.1,11-Sep-2026 16:00:28,125.37,N,7.39,5520233942.46,EQ,PWL,41161986,NIFTY INTERNET
15.94,0.94,16.4,16.3,11-Sep-2026 16:00:28,15,N,6.12,675951831.28,EQ,CCAVENUE,42406012,NIFTY INTERNET
1677.25,76.3,1716.4,1714,11-Sep-2026 16:00:28,1624.1,N,4.66,235524476.75,EQ,INDIAMART,140423,NIFTY INTERNET
184.08,7.8,187.5,187.5,11-Sep-2026 16:00:28,175.1,N,4.34,116257012.56,EQ,CRIZAC,631557,NIFTY INTERNET
1793.95,68.5,1840,1807.5,11-Sep-2026 16:00:28,1726.8,N,3.94,16628901124.3,EQ,PAYTM,9269434,NIFTY INTERNET
298.01,7.7,307.4,305,11-Sep-2026 16:00:28,289.05,N,2.59,1770974490.68,EQ,ANGELONE,5942668,NIFTY INTERNET
197.67,4.16,200.91,200,11-Sep-2026 16:00:28,192.6,N,2.12,6154736536.74,EQ,GROWW,31136422,NIFTY INTERNET
3071.15,51.4,3105.2,3086.1,11-Sep-2026 16:00:28,2982.1,N,1.69,840693529.85,EQ,CARTRADE,273739,NIFTY INTERNET
382.6,4.55,391.55,390.45,11-Sep-2026 16:00:28,374.15,N,1.18,47493285.8,EQ,STYL,124133,NIFTY INTERNET
1011.08,11.5,1030.7,1026.5,11-Sep-2026 16:00:28,988,N,1.13,632067562.28,EQ,MOTILALOFS,625141,NIFTY INTERNET
27.57,0.3,28,27.9,11-Sep-2026 16:00:28,27,N,1.09,48426842.85,EQ,RTNINDIA,1756505,NIFTY INTERNET
165.34,1.59,167.8,166.15,11-Sep-2026 16:00:28,161.1,N,0.97,713419613.76,EQ,URBANCO,4314864,NIFTY INTERNET
342.05,2.55,344.5,344.5,11-Sep-2026 16:00:28,339.05,N,0.75,1360576389.6,EQ,NYKAA,3977712,NIFTY INTERNET
219.34,1.53,223.1,219.44,11-Sep-2026 16:00:28,214.5,N,0.70,5960015711.32,EQ,MEESHO,27172498,NIFTY INTERNET
1667.14,9.2,1687,1680.8,11-Sep-2026 16:00:28,1632.2,N,0.55,213924070.52,EQ,TBOTEK,128318,NIFTY INTERNET
320.8,1.4,324.8,323.5,11-Sep-2026 16:00:28,316.05,N,0.43,7286026923.2,EQ,ETERNAL,22712054,NIFTY INTERNET
339.4,1.4,340.95,338.7,11-Sep-2026 16:00:28,336.6,N,0.42,143415506.4,EQ,IIFLCAPS,422556,NIFTY INTERNET
664.54,1.15,669.9,669.9,11-Sep-2026 16:00:28,656.3,N,0.17,64503575.1,EQ,JUSTDIAL,97065,NIFTY INTERNET
1793.76,-2.7,1813.3,1797.3,11-Sep-2026 16:00:28,1757.3,N,-0.15,1012408906.56,EQ,POLICYBZR,564406,NIFTY INTERNET
277.92,-0.8,281.45,278.2,11-Sep-2026 16:00:28,275.3,N,-0.29,4789573784.64,EQ,SWIGGY,17233642,NIFTY INTERNET
463.34,-4.05,467.15,463.7,11-Sep-2026 16:00:28,462.15,N,-0.87,279989875.24,EQ,IRCTC,604286,NIFTY INTERNET
1252.74,-14.2,1262.1,1250.8,11-Sep-2026 16:00:28,1244.8,N,-1.12,656649978.54,EQ,NAUKRI,524171,NIFTY INTERNET
107.71,-1.25,109.25,107.1,11-Sep-2026 16:00:28,106.12,N,-1.15,49826969.13,EQ,THOMASCOOK,462603,NIFTY INTERNET
168.27,-2.09,170.05,169.29,11-Sep-2026 16:00:28,166.95,N,-1.22,126078148.47,EQ,FIRSTCRY,749261,NIFTY INTERNET
368.6,-6.25,374.6,368.4,11-Sep-2026 16:00:28,362,N,-1.67,423333414,EQ,NAZARA,1148490,NIFTY INTERNET
158.64,-3.21,161.27,158.71,11-Sep-2026 16:00:28,157.27,N,-1.98,185228222.64,EQ,IXIGO,1167601,NIFTY INTERNET
15.92,1.1,17.25,17.11,11-Sep-2026 16:00:28,14.35,N,6.87,840703.36,EQ,CRESTO,52808,NIFTY WAVES
8.19,0.39,8.21,8.21,11-Sep-2026 16:00:28,7.7,N,4.99,443414.79,EQ,RAJTV,54141,NIFTY WAVES
2.43,0.11,2.5,2.5,11-Sep-2026 16:00:28,2.33,N,4.60,3114035.28,EQ,DISHTV,1281496,NIFTY WAVES
475.55,19.6,485.5,475.15,11-Sep-2026 16:00:28,450,N,4.30,1575180909.25,EQ,SUNTV,3312335,NIFTY WAVES
269.68,11.2,279,278.5,11-Sep-2026 16:00:28,260.15,N,4.19,27620895.28,EQ,SIGNPOST,102421,NIFTY WAVES
21.81,0.83,23.2,23.2,11-Sep-2026 16:00:28,21.26,N,3.71,689544.96,BE,CYBERMEDIA,31616,NIFTY WAVES
56.44,1.69,58.69,58.57,11-Sep-2026 16:00:28,55.9,N,2.97,48651.28,BE,MUKTAARTS,862,NIFTY WAVES
92.37,2.48,94,93.95,11-Sep-2026 16:00:28,91,N,2.71,1271288.31,EQ,RKSWAMY,13763,NIFTY WAVES
95.11,2.42,97.18,96,11-Sep-2026 16:00:28,91.15,N,2.59,1895922.74,EQ,CINELINE,19934,NIFTY WAVES
4.51,0.09,4.66,4.55,11-Sep-2026 16:00:28,4.32,N,2.02,616282.48,EQ,BAGFILMS,136648,NIFTY WAVES
2.48,0.05,2.56,2.53,11-Sep-2026 16:00:28,2.45,N,2.02,45016.96,EQ,DNAMEDIA,18152,NIFTY WAVES
6.02,0.06,6.4,5.88,11-Sep-2026 16:00:28,5.81,N,1.03,162521.94,EQ,SAMBHAAV,26997,NIFTY WAVES
59.97,0.55,60.86,60.3,11-Sep-2026 16:00:28,59,N,0.92,3524197.02,EQ,GTPL,58766,NIFTY WAVES
1234.3,10.8,1256,1232.1,11-Sep-2026 16:00:28,1212.1,N,0.88,1085891470.9,EQ,PVRINOX,879763,NIFTY WAVES
10.13,0.08,10.29,10.25,11-Sep-2026 16:00:28,10,N,0.79,14251420.89,EQ,HATHWAY,1406853,NIFTY WAVES
3.88,0.03,3.92,3.92,11-Sep-2026 16:00:28,3.77,N,0.77,35579.6,EQ,NEXTMEDIA,9170,NIFTY WAVES
71.5,0.31,72.61,72.6,11-Sep-2026 16:00:28,70.1,N,0.43,6434213.5,EQ,NDTV,89989,NIFTY WAVES
661.19,1.9,668.45,660.3,11-Sep-2026 16:00:28,650.05,N,0.29,166935267.63,EQ,TIPSMUSIC,252477,NIFTY WAVES
108.87,0.2,109.98,109.9,11-Sep-2026 16:00:28,108,N,0.18,2042945.55,EQ,TVTODAY,18765,NIFTY WAVES
16.46,0.03,16.94,16.55,11-Sep-2026 16:00:28,16,N,0.18,173685.92,EQ,PNC,10552,NIFTY WAVES
24.09,0.03,24.68,24.12,11-Sep-2026 16:00:28,23.88,N,0.12,88675.29,EQ,DGCONTENT,3681,NIFTY WAVES
508.13,-0.05,516.2,505.1,11-Sep-2026 16:00:28,493.35,N,-0.01,265264693.33,EQ,SAREGAMA,522041,NIFTY WAVES
327,-1.4,329.4,326,11-Sep-2026 16:00:28,322.1,N,-0.43,163827,EQ,TIPSFILMS,501,NIFTY WAVES
26.78,-0.14,27.13,26.91,11-Sep-2026 16:00:28,26.5,N,-0.52,7078918.08,EQ,DEN,264336,NIFTY WAVES
26.64,-0.18,26.89,26.65,11-Sep-2026 16:00:28,26.35,N,-0.67,102278365.92,EQ,NETWORK18,3839278,NIFTY WAVES
100.63,-0.69,102,101.05,11-Sep-2026 16:00:28,99.02,N,-0.68,831606.32,EQ,ENIL,8264,NIFTY WAVES
2.86,-0.02,2.96,2.85,11-Sep-2026 16:00:28,2.81,N,-0.70,27922.18,EQ,RADAAN,9763,NIFTY WAVES
62.68,-0.72,63.65,62.36,11-Sep-2026 16:00:28,62.11,N,-1.14,488715.96,EQ,UFO,7797,NIFTY WAVES
310.49,-4.25,315.6,309.3,11-Sep-2026 16:00:28,307,N,-1.36,97300424.73,EQ,PFOCUS,313377,NIFTY WAVES
90.31,-1.46,91.89,90.35,11-Sep-2026 16:00:28,89.21,N,-1.59,15186439.29,EQ,BALAJITELE,168159,NIFTY WAVES
6.19,-0.1,6.34,6.11,11-Sep-2026 16:00:28,6.1,N,-1.61,109754.89,EQ,RADIOCITY,17731,NIFTY WAVES
368.6,-6.25,374.6,368.4,11-Sep-2026 16:00:28,362,N,-1.67,423333414,EQ,NAZARA,1148490,NIFTY WAVES
21.29,-0.38,22.34,21.5,11-Sep-2026 16:00:28,20.89,N,-1.74,10968160.91,EQ,AQYLON,515179,NIFTY WAVES
80.08,-1.5,81.9,79.45,11-Sep-2026 16:00:28,79.2,N,-1.85,1694583690.8,EQ,ZEEL,21161135,NIFTY WAVES
121.71,-2.94,124.9,119.05,11-Sep-2026 16:00:28,119.05,N,-2.41,1148942.4,BE,SHEMAROO,9440,NIFTY WAVES
7.5,-0.23,7.65,7.44,11-Sep-2026 16:00:28,7.26,N,-3.00,17233372.5,EQ,ZEEMEDIA,2297783,NIFTY WAVES
2.74,-0.14,2.74,2.74,11-Sep-2026 16:00:28,2.74,N,-4.86,185443.2,BE,TVVISION,67680,NIFTY WAVES
7.59,-0.39,7.88,7.4,11-Sep-2026 16:00:28,7.28,N,-5.01,5036526.66,EQ,BTML,663574,NIFTY WAVES
5.55,-0.35,5.99,5.72,11-Sep-2026 16:00:28,5.26,N,-5.77,450809.85,EQ,CREATIVEYE,81227,NIFTY WAVES
384.78,16,390.85,388,11-Sep-2026 16:00:28,372,N,4.30,6428519844.78,EQ,INDUSTOWER,16707001,NIFTY INFRALOG
1338.98,45.4,1364.6,1353,11-Sep-2026 16:00:28,1287.7,N,3.47,1629304338.5,EQ,AEGISLOG,1216825,NIFTY INFRALOG
1216.12,30.1,1237,1225,11-Sep-2026 16:00:28,1168,N,2.52,318043350.76,EQ,SCHNEIDER,261523,NIFTY INFRALOG
561.61,7.75,572.8,568.6,11-Sep-2026 16:00:28,552.5,N,1.38,344752161.04,EQ,TRITURBINE,613864,NIFTY INFRALOG
3662.56,47.1,3702.1,3692.5,11-Sep-2026 16:00:28,3589.5,N,1.29,309739036.64,EQ,THERMAX,84569,NIFTY INFRALOG
4770.52,51.8,4848,4829,11-Sep-2026 16:00:28,4655.5,N,1.08,2677330316.48,EQ,DATAPATTNS,561224,NIFTY INFRALOG
1402.88,13.8,1416.2,1414,11-Sep-2026 16:00:28,1389.4,N,0.99,1265550673.92,EQ,GESHIP,902109,NIFTY INFRALOG
547.67,5.1,560.4,554.9,11-Sep-2026 16:00:28,539.4,N,0.93,1350445233.67,EQ,TEJASNET,2465801,NIFTY INFRALOG
1107.39,9.8,1134,1131,11-Sep-2026 16:00:28,1086.1,N,0.87,331490552.16,EQ,ACE,299344,NIFTY INFRALOG
31120.3,240,31515,31435,11-Sep-2026 16:00:28,30700,N,0.77,1666118621.4,EQ,POWERINDIA,53538,NIFTY INFRALOG
230.2,1.73,237.3,235.05,11-Sep-2026 16:00:28,222.25,N,0.74,2038676291.8,BE,HFCL,8856109,NIFTY INFRALOG
75.18,0.48,76.5,76.5,11-Sep-2026 16:00:28,73.78,N,0.63,557468345.7,EQ,INOXWIND,7415115,NIFTY INFRALOG
419.67,2.5,426,423,11-Sep-2026 16:00:28,412.1,N,0.59,125204347.8,EQ,ELECON,298340,NIFTY INFRALOG
4892.17,28,4973,4973,11-Sep-2026 16:00:28,4822,N,0.57,4519058870.61,EQ,INDIGO,923733,NIFTY INFRALOG
96.85,0.52,97.98,97.98,11-Sep-2026 16:00:28,95.28,N,0.53,688889691.75,EQ,GMRAIRPORT,7112955,NIFTY INFRALOG
1732.48,8.7,1755,1754,11-Sep-2026 16:00:28,1708,N,0.50,71204928,EQ,DALBHARAT,41100,NIFTY INFRALOG
2393.17,11.7,2449.2,2447,11-Sep-2026 16:00:28,2359.7,N,0.48,1101202816.48,EQ,GRSE,460144,NIFTY INFRALOG
15.03,0.07,15.2,14.97,11-Sep-2026 16:00:28,14.84,N,0.47,8235043758.09,EQ,IDEA,547907103,NIFTY INFRALOG
1548.84,6.9,1567.4,1546.1,11-Sep-2026 16:00:28,1527.5,N,0.45,216146817.36,EQ,BHARTIHEXA,139554,NIFTY INFRALOG
975.21,4.15,985.95,975,11-Sep-2026 16:00:28,963.55,N,0.43,124389985.92,EQ,TECHNOE,127552,NIFTY INFRALOG
1215.49,-15.9,1234,1219.8,11-Sep-2026 16:00:28,1201.9,N,-1.29,116734444.11,EQ,SOBHA,96039,NIFTY INFRALOG
1372.66,-18.9,1382,1373,11-Sep-2026 16:00:28,1364.2,N,-1.36,1584604194.64,EQ,ADANIENSOL,1154404,NIFTY INFRALOG
1282.81,-17.8,1302.4,1281.3,11-Sep-2026 16:00:28,1273.2,N,-1.37,1279048801.08,EQ,ADANIGREEN,997068,NIFTY INFRALOG
1087.16,-15.2,1099.9,1085.6,11-Sep-2026 16:00:28,1080.4,N,-1.38,83531938.6,EQ,MGL,76835,NIFTY INFRALOG
636.39,-9.1,650.4,642.05,11-Sep-2026 16:00:28,628.2,N,-1.40,242174396.16,EQ,BRIGADE,380544,NIFTY INFRALOG
4844.69,-69.5,4909.5,4846,11-Sep-2026 16:00:28,4813,N,-1.41,266249628.33,EQ,JKCEMENT,54957,NIFTY INFRALOG
162.5,-2.37,165.04,163.75,11-Sep-2026 16:00:28,160,N,-1.43,3094715487.5,EQ,ASHOKLEY,19044403,NIFTY INFRALOG
145.46,-2.13,146.7,145.45,11-Sep-2026 16:00:28,144.65,N,-1.44,201893388.9,EQ,CESC,1387965,NIFTY INFRALOG
280.12,-4.25,283.35,280.95,11-Sep-2026 16:00:28,277.5,N,-1.49,425433930.72,EQ,SCI,1518756,NIFTY INFRALOG
66.36,-1.05,66.84,66.15,11-Sep-2026 16:00:28,66.1,N,-1.56,78809401.44,EQ,SJVN,1187604,NIFTY INFRALOG
140.31,-2.25,142.39,140.9,11-Sep-2026 16:00:28,138.8,N,-1.57,236739871.53,EQ,NCC,1687263,NIFTY INFRALOG
113.05,-1.86,114.9,113.35,11-Sep-2026 16:00:28,112.55,N,-1.61,175933045.05,EQ,IRCON,1556241,NIFTY INFRALOG
5069.32,-85,5152,5070,11-Sep-2026 16:00:28,5020.5,N,-1.65,1677995613.2,EQ,CUMMINSIND,331010,NIFTY INFRALOG
209.99,-3.53,212.48,209.97,11-Sep-2026 16:00:28,208.41,N,-1.65,2156893805.88,EQ,ADANIPOWER,10271412,NIFTY INFRALOG
638.07,-11.35,651.4,644.5,11-Sep-2026 16:00:28,630,N,-1.73,2872795960.47,EQ,DLF,4502321,NIFTY INFRALOG
2187.93,-39,2230,2170,11-Sep-2026 16:00:28,2155.7,N,-1.77,691571854.05,EQ,KIRLOSENG,316085,NIFTY INFRALOG
406.93,-7.45,411,406,11-Sep-2026 16:00:28,404.1,N,-1.80,247805720.52,EQ,KEC,608964,NIFTY INFRALOG
2329.97,-44.2,2367.6,2339,11-Sep-2026 16:00:28,2315.4,N,-1.85,1187143014.7,EQ,MAZDOCK,509510,NIFTY INFRALOG
839.91,-16.4,853.1,842.8,11-Sep-2026 16:00:28,833.2,N,-1.91,389565376.38,EQ,TITAGARH,463818,NIFTY INFRALOG
593.05,-11.75,604.45,597.1,11-Sep-2026 16:00:28,585.05,N,-1.93,1210984378,EQ,ANANTRAJ,2041960,NIFTY INFRALOG
438.5,-8.7,447.4,439,11-Sep-2026 16:00:28,434.85,N,-1.94,459518620.5,EQ,DELHIVERY,1047933,NIFTY INFRALOG
265.74,-5.55,268.55,264.85,11-Sep-2026 16:00:28,263.55,N,-2.05,312937815.66,EQ,NLCINDIA,1177609,NIFTY INFRALOG
758.58,-16.35,779.95,756,11-Sep-2026 16:00:28,751,N,-2.12,159002160.9,EQ,SIGNATURE,209605,NIFTY INFRALOG
255.8,-7.25,263.75,253.6,11-Sep-2026 16:00:28,249,N,-2.78,473140981.6,EQ,AFCONS,1849652,NIFTY INFRALOG
1732.72,-50.9,1780,1741.1,11-Sep-2026 16:00:28,1714.8,N,-2.84,941210038.56,EQ,OBEROIRLTY,543198,NIFTY INFRALOG
1485.88,-45.6,1530.8,1498,11-Sep-2026 16:00:28,1467.2,N,-2.95,1109398126.76,EQ,PRESTIGE,746627,NIFTY INFRALOG
1098,-46.5,1145.8,1116.9,11-Sep-2026 16:00:28,1075.5,N,-4.00,4602677652,EQ,LODHA,4191874,NIFTY INFRALOG
1286.36,-57.4,1315.2,1280,11-Sep-2026 16:00:28,1276,N,-4.29,445305673,EQ,ABREL,346175,NIFTY INFRALOG
1748.94,-124,1855,1748,11-Sep-2026 16:00:28,1719,N,-6.62,4694763591.12,EQ,GODREJPROP,2684348,NIFTY INFRALOG
1405.32,-139.4,1510,1381,11-Sep-2026 16:00:28,1372,N,-9.17,8980669353.6,EQ,COCHINSHIP,6390480,NIFTY INFRALOG
300.44,1.5,306.45,304.5,11-Sep-2026 16:00:28,296,N,0.50,1243123978.32,EQ,BPCL,4137678,NIFTY RAILWAYSPSU
425.37,1.5,433,431,11-Sep-2026 16:00:28,418.2,N,0.35,2785372528.29,EQ,BHEL,6548117,NIFTY RAILWAYSPSU
2007.07,1.5,2044,2030.5,11-Sep-2026 16:00:28,1982.2,N,0.07,463500703.38,EQ,BEML,230934,NIFTY RAILWAYSPSU
80.57,0.01,81.09,81.09,11-Sep-2026 16:00:28,80.1,N,0.01,646898624.82,EQ,IRFC,8029026,NIFTY RAILWAYSPSU
403.28,-0.65,405.4,404.35,11-Sep-2026 16:00:28,399.25,N,-0.16,3147993194.72,EQ,BEL,7805974,NIFTY RAILWAYSPSU
346.17,-0.65,354.9,352,11-Sep-2026 16:00:28,340.1,N,-0.18,2020210041.3,EQ,HINDPETRO,5835890,NIFTY RAILWAYSPSU
260.91,-0.5,264,263,11-Sep-2026 16:00:28,258.45,N,-0.19,34989074.64,EQ,ITI,134104,NIFTY RAILWAYSPSU
203.23,-0.7,204.99,204.9,11-Sep-2026 16:00:28,202.04,N,-0.34,775673428.21,EQ,RVNL,3816727,NIFTY RAILWAYSPSU
334.47,-1.6,336.25,333.4,11-Sep-2026 16:00:28,331.6,N,-0.48,1661825901.45,EQ,NTPC,4968535,NIFTY RAILWAYSPSU
208.77,-1.2,210.79,209.6,11-Sep-2026 16:00:28,207.12,N,-0.57,64526214.06,EQ,RITES,309078,NIFTY RAILWAYSPSU
258.7,-1.7,261.5,261,11-Sep-2026 16:00:28,256.7,N,-0.65,113779623.1,EQ,RAILTEL,439813,NIFTY RAILWAYSPSU
463.34,-4.05,467.15,463.7,11-Sep-2026 16:00:28,462.15,N,-0.87,279989875.24,EQ,IRCTC,604286,NIFTY RAILWAYSPSU
499.56,-4.9,503.5,499.25,11-Sep-2026 16:00:28,494.15,N,-0.97,278098058.16,EQ,CONCOR,556686,NIFTY RAILWAYSPSU
113.05,-1.86,114.9,113.35,11-Sep-2026 16:00:28,112.55,N,-1.61,175933045.05,EQ,IRCON,1556241,NIFTY RAILWAYSPSU
237.83,-4.77,243.16,232.5,11-Sep-2026 16:00:28,232.5,N,-2.01,6451978527.73,EQ,ONGC,27128531,NIFTY RAILWAYSPSU
179.81,-4.75,182.43,179,11-Sep-2026 16:00:28,178.65,N,-2.59,1575896376.11,EQ,SAIL,8764231,NIFTY RAILWAYSPSU
178.08,-5.92,186.83,175.4,11-Sep-2026 16:00:28,173.51,N,-3.26,2797397638.56,EQ,MRPL,15708657,NIFTY RAILWAYSPSU
11061.36,142,11146,11134,11-Sep-2026 16:00:28,10922,N,1.29,552072477.6,EQ,BAJAJHLDNG,49910,NIFTYCONGLOMERATE
1543.63,15.2,1557.3,1541,11-Sep-2026 16:00:28,1518.6,N,1.00,3098571720.64,EQ,TECHM,2007328,NIFTYCONGLOMERATE
1115.71,7.6,1130,1129.9,11-Sep-2026 16:00:28,1101.1,N,0.68,51691960.01,EQ,GODREJIND,46331,NIFTYCONGLOMERATE
15.03,0.07,15.2,14.97,11-Sep-2026 16:00:28,14.84,N,0.47,8235043758.09,EQ,IDEA,547907103,NIFTYCONGLOMERATE
1517.62,7,1539.4,1539,11-Sep-2026 16:00:28,1493,N,0.46,87091658.94,EQ,CHOLAHLDNG,57387,NIFTYCONGLOMERATE
340.7,1.45,344.1,343.9,11-Sep-2026 16:00:28,335.75,N,0.42,1007774927.8,EQ,JSWINFRA,2957954,NIFTYCONGLOMERATE
10947.04,21,11060,11000,11-Sep-2026 16:00:28,10790,N,0.19,2444222250.08,EQ,ULTRACEMCO,223277,NIFTYCONGLOMERATE
424.71,0.6,432.8,428,11-Sep-2026 16:00:28,421,N,0.14,416465104.77,EQ,ZENSARTECH,980587,NIFTYCONGLOMERATE
508.13,-0.05,516.2,505.1,11-Sep-2026 16:00:28,493.35,N,-0.01,265264693.33,EQ,SAREGAMA,522041,NIFTYCONGLOMERATE
1018.5,-0.55,1034.15,1025.1,11-Sep-2026 16:00:28,1006.3,N,-0.05,235211371.5,EQ,JUBLPHARMA,230939,NIFTYCONGLOMERATE
84.41,-0.08,85.51,84.14,11-Sep-2026 16:00:28,82.9,N,-0.09,433889515.42,EQ,BAJAJHFL,5140262,NIFTYCONGLOMERATE
2210.94,-3.3,2232.6,2200.8,11-Sep-2026 16:00:28,2185.5,N,-0.15,5823890116.56,EQ,TCS,2634124,NIFTYCONGLOMERATE
1760.15,-3.4,1771.9,1764.6,11-Sep-2026 16:00:28,1750.8,N,-0.19,2947939703.45,EQ,ADANIPORTS,1674823,NIFTYCONGLOMERATE
4984.28,-11.5,5015,5009.5,11-Sep-2026 16:00:28,4943,N,-0.23,2009836145.8,EQ,TITAN,403235,NIFTYCONGLOMERATE
3271.69,-10.7,3294.6,3285,11-Sep-2026 16:00:28,3247,N,-0.32,123368886.52,EQ,CEATLTD,37708,NIFTYCONGLOMERATE
3100.48,-16.8,3124.2,3107,11-Sep-2026 16:00:28,3069.1,N,-0.54,4066229912.32,EQ,M&M,1311484,NIFTYCONGLOMERATE
3034.55,-17.2,3065,3060,11-Sep-2026 16:00:28,2999,N,-0.56,5508746066.1,EQ,ADANIENT,1815342,NIFTYCONGLOMERATE
867.12,-4.9,872.6,865,11-Sep-2026 16:00:28,859,N,-0.56,670124209.92,EQ,GODREJCP,772816,NIFTYCONGLOMERATE
2794.6,-16.3,2816,2802.4,11-Sep-2026 16:00:28,2757.5,N,-0.58,1894453750.8,EQ,TRENT,677898,NIFTYCONGLOMERATE
3914.81,-24.3,3948,3930.7,11-Sep-2026 16:00:28,3880.7,N,-0.61,4680112292.09,EQ,LT,1195489,NIFTYCONGLOMERATE
904.77,-5.55,912.5,909,11-Sep-2026 16:00:28,889,N,-0.61,1957165892.28,EQ,CGPOWER,2163164,NIFTYCONGLOMERATE
1820.89,-13.1,1850.2,1845.9,11-Sep-2026 16:00:28,1795.1,N,-0.70,2740710762.61,EQ,CHOLAFIN,1505149,NIFTYCONGLOMERATE
306.9,-2.2,311.55,309.1,11-Sep-2026 16:00:28,302.7,N,-0.71,1214139979.8,EQ,LTF,3956142,NIFTYCONGLOMERATE
469.28,-3.55,472.85,470.25,11-Sep-2026 16:00:28,465.65,N,-0.75,166353659.36,EQ,JUBLFOOD,354487,NIFTYCONGLOMERATE
525.01,-4,527,526.45,11-Sep-2026 16:00:28,522.75,N,-0.75,306272458.65,EQ,JSWENERGY,583365,NIFTYCONGLOMERATE
11651.99,-90,11723,11678,11-Sep-2026 16:00:28,11529,N,-0.76,2502043464.69,EQ,BAJAJ-AUTO,214731,NIFTYCONGLOMERATE
354.64,-2.75,357.6,356.5,11-Sep-2026 16:00:28,351.55,N,-0.77,769417723.36,EQ,M&MFIN,2169574,NIFTYCONGLOMERATE
3344.05,-27.9,3370.1,3350,11-Sep-2026 16:00:28,3322.1,N,-0.83,107183490.6,EQ,LTTS,32052,NIFTYCONGLOMERATE
758.85,-6.5,766.5,755.65,11-Sep-2026 16:00:28,741,N,-0.85,1228968957.75,EQ,JSL,1619515,NIFTYCONGLOMERATE
1027.91,-9,1035,1034.5,11-Sep-2026 16:00:28,1015.1,N,-0.86,5562328355.09,EQ,BAJFINANCE,5411299,NIFTYCONGLOMERATE
390.04,-3.75,393.55,391.85,11-Sep-2026 16:00:28,387.65,N,-0.95,511362722.08,EQ,AMBUJACEM,1311052,NIFTYCONGLOMERATE
328.4,-3.3,332,331.5,11-Sep-2026 16:00:28,324.45,N,-0.99,376926026,EQ,PCBL,1147765,NIFTYCONGLOMERATE
248.85,-2.6,251,248.75,11-Sep-2026 16:00:28,246.65,N,-1.03,138844115.55,EQ,FSL,557943,NIFTYCONGLOMERATE
3278.88,-37.1,3302.4,3281.9,11-Sep-2026 16:00:28,3267,N,-1.12,1691869291.2,EQ,GRASIM,515990,NIFTYCONGLOMERATE
433.27,-5.15,436.95,434.1,11-Sep-2026 16:00:28,425.35,N,-1.17,3080330898.65,EQ,TMCV,7109495,NIFTYCONGLOMERATE
393.66,-5,396.2,395,11-Sep-2026 16:00:28,391,N,-1.25,641711858.22,EQ,ABCAPITAL,1630117,NIFTYCONGLOMERATE
1282.81,-17.8,1302.4,1281.3,11-Sep-2026 16:00:28,1273.2,N,-1.37,1279048801.08,EQ,ADANIGREEN,997068,NIFTYCONGLOMERATE
1926.45,-27,1950.8,1934.9,11-Sep-2026 16:00:28,1916.4,N,-1.38,193939574.4,EQ,COROMANDEL,100672,NIFTYCONGLOMERATE
1909.08,-27,1926,1913.5,11-Sep-2026 16:00:28,1895,N,-1.39,1455434865,EQ,BAJAJFINSV,762375,NIFTYCONGLOMERATE
145.46,-2.13,146.7,145.45,11-Sep-2026 16:00:28,144.65,N,-1.44,201893388.9,EQ,CESC,1387965,NIFTYCONGLOMERATE
1113.23,-16.5,1122,1120.5,11-Sep-2026 16:00:28,1058,N,-1.45,612117308.11,EQ,JINDALSTEL,549857,NIFTYCONGLOMERATE
209.99,-3.53,212.48,209.97,11-Sep-2026 16:00:28,208.41,N,-1.65,2156893805.88,EQ,ADANIPOWER,10271412,NIFTYCONGLOMERATE
2601.79,-45.9,2637.1,2606.1,11-Sep-2026 16:00:28,2580.1,N,-1.73,351801034.85,EQ,TIINDIA,135215,NIFTYCONGLOMERATE
657.62,-11.6,666.8,655,11-Sep-2026 16:00:28,651.4,N,-1.74,206294736.38,EQ,JUBLINGREA,313699,NIFTYCONGLOMERATE
406.93,-7.45,411,406,11-Sep-2026 16:00:28,404.1,N,-1.80,247805720.52,EQ,KEC,608964,NIFTYCONGLOMERATE
182.37,-3.78,184.24,183,11-Sep-2026 16:00:28,180.79,N,-2.02,5746516268.22,EQ,TATASTEEL,31510206,NIFTYCONGLOMERATE
4308.98,-99,4366.8,4275,11-Sep-2026 16:00:28,4275,N,-2.26,1505187039.72,EQ,LTM,349314,NIFTYCONGLOMERATE
1276.23,-39,1286.9,1265,11-Sep-2026 16:00:28,1265,N,-2.99,2017648161.12,EQ,JSWSTEEL,1580944,NIFTYCONGLOMERATE
984.43,-32.5,992.8,981.5,11-Sep-2026 16:00:28,973.1,N,-3.21,4680465543.99,EQ,HINDALCO,4754493,NIFTYCONGLOMERATE
1748.94,-124,1855,1748,11-Sep-2026 16:00:28,1719,N,-6.62,4694763591.12,EQ,GODREJPROP,2684348,NIFTYCONGLOMERATE
