VWAP,change,high,lastPrice,lastUpdatedTime,low,marketType,pChange,quantityTraded,series,symbol,totalTradedVolume,index_name
1398.4,16,1419,1399,24-Sep-2026 16:00:28,1364.6,N,1.16,2210568345.6,EQ,CIPLA,1580784,NIFTY 50
236.43,2.1,239,239,24-Sep-2026 16:00:28,235.23,N,0.89,2008176366.78,EQ,ONGC,8493746,NIFTY 50
326.3,0.6,327.7,326.6,24-Sep-2026 16:00:28,324.4,N,0.18,2500299854,EQ,NTPC,7662580,NIFTY 50
2083.17,-2.6,2096.9,2087,24-Sep-2026 16:00:28,2067.1,N,-0.12,3667758258.54,EQ,TCS,1760662,NIFTY 50
1763.12,-5,1791.4,1755,24-Sep-2026 16:00:28,1699.9,N,-0.28,6082106356.24,EQ,SBILIFE,3449627,NIFTY 50
1335.62,-5.5,1347.8,1334.5,24-Sep-2026 16:00:28,1330.1,N,-0.41,11558348630.4,EQ,ICICIBANK,8653920,NIFTY 50
1012.63,-6,1022.8,1014.5,24-Sep-2026 16:00:28,1005.2,N,-0.59,6978937608.59,EQ,INFY,6891893,NIFTY 50
421.26,-2.55,423.85,422,24-Sep-2026 16:00:28,418.8,N,-0.60,1502112900.12,EQ,COALINDIA,3565762,NIFTY 50
3178.37,-22,3203.7,3166.5,24-Sep-2026 16:00:28,3150.6,N,-0.69,1498086559.06,EQ,GRASIM,471338,NIFTY 50
164.36,-1.26,165.67,163.64,24-Sep-2026 16:00:28,163.36,N,-0.76,1156009130.92,EQ,WIPRO,7033397,NIFTY 50
268.32,-2.15,270.3,268,24-Sep-2026 16:00:28,266.7,N,-0.80,1985105416.32,EQ,ITC,7398276,NIFTY 50
986.63,-8,992,986.3,24-Sep-2026 16:00:28,983,N,-0.80,989480374.07,EQ,TATACONSUM,1002889,NIFTY 50
1858.48,-15.1,1880,1849.9,24-Sep-2026 16:00:28,1848.4,N,-0.81,3239116914.8,EQ,SUNPHARMA,1742885,NIFTY 50
1933.06,-16.5,1953,1933.5,24-Sep-2026 16:00:28,1925.5,N,-0.85,2431184432.22,EQ,HINDUNILVR,1257687,NIFTY 50
1205.03,-10.8,1213.9,1200.4,24-Sep-2026 16:00:28,1197,N,-0.89,2009623710.88,EQ,DRREDDY,1667696,NIFTY 50
11131.14,-99,11192,11056,24-Sep-2026 16:00:28,11056,N,-0.89,3391602702.3,EQ,ULTRACEMCO,304695,NIFTY 50
1556.92,-14,1576.2,1543,24-Sep-2026 16:00:28,1543,N,-0.90,2657825916.6,EQ,TECHM,1707105,NIFTY 50
4861.9,-47.5,4912,4832.5,24-Sep-2026 16:00:28,4830,N,-0.97,2451010199.4,EQ,TITAN,504126,NIFTY 50
395.74,-4.05,398.05,392,24-Sep-2026 16:00:28,392,N,-1.02,2311563245.84,EQ,BEL,5841116,NIFTY 50
1250.91,-13.1,1263.3,1243.6,24-Sep-2026 16:00:28,1242.8,N,-1.04,1028384369.19,EQ,HCLTECH,822109,NIFTY 50
729.95,-8.35,734.85,728.9,24-Sep-2026 16:00:28,722.7,N,-1.13,21588412860.3,EQ,HDFCBANK,29575194,NIFTY 50
1786.91,-22,1802.4,1785.3,24-Sep-2026 16:00:28,1775,N,-1.22,2840720516.49,EQ,ADANIPORTS,1589739,NIFTY 50
1044.63,-13.9,1055.8,1046,24-Sep-2026 16:00:28,1029,N,-1.31,2616941264.31,EQ,MAXHEALTH,2505137,NIFTY 50
267.58,-3.8,270.9,266.4,24-Sep-2026 16:00:28,265.75,N,-1.41,2399923146.94,EQ,POWERGRID,8968993,NIFTY 50
189.36,-2.8,191.8,188.02,24-Sep-2026 16:00:28,187.72,N,-1.47,2973245318.64,EQ,TATASTEEL,15701549,NIFTY 50
981.33,-15.6,992,978.5,24-Sep-2026 16:00:28,975.8,N,-1.57,13468432373.76,EQ,SBIN,13724672,NIFTY 50
11263.06,-192,11383,11208,24-Sep-2026 16:00:28,11201,N,-1.68,1202511863.96,EQ,BAJAJ-AUTO,106766,NIFTY 50
3006.49,-52.3,3039,2982.7,24-Sep-2026 16:00:28,2982.7,N,-1.72,5723518149.29,EQ,M&M,1903721,NIFTY 50
7378.49,-131.5,7460,7338.5,24-Sep-2026 16:00:28,7333,N,-1.76,1904904763.3,EQ,EICHERMOT,258170,NIFTY 50
3871.37,-71.5,3907,3858.4,24-Sep-2026 16:00:28,3849,N,-1.82,6385081511.96,EQ,LT,1649308,NIFTY 50
298.45,-5.5,300.95,295,24-Sep-2026 16:00:28,295,N,-1.83,2723748114.85,EQ,TMPV,9126313,NIFTY 50
1281.22,-24.6,1298.4,1273.2,24-Sep-2026 16:00:28,1272.2,N,-1.90,1071841746.38,EQ,JSWSTEEL,836579,NIFTY 50
12076.78,-240,12184,11990,24-Sep-2026 16:00:28,11975,N,-1.96,4754205598.7,EQ,MARUTI,393665,NIFTY 50
8975.29,-180.5,9069,8888.5,24-Sep-2026 16:00:28,8888.5,N,-1.99,3438487450.74,EQ,APOLLOHOSP,383106,NIFTY 50
406.62,-8.25,410,405,24-Sep-2026 16:00:28,404.3,N,-2.00,5204673380.52,EQ,KOTAKBANK,12799846,NIFTY 50
1807.58,-37.4,1829.9,1795.8,24-Sep-2026 16:00:28,1795.8,N,-2.04,8255902932.82,EQ,BHARTIARTL,4567379,NIFTY 50
995.56,-20.8,1008.6,990,24-Sep-2026 16:00:28,983.4,N,-2.06,4077939200.56,EQ,SHRIRAMFIN,4096126,NIFTY 50
338.96,-7.15,343.6,335.5,24-Sep-2026 16:00:28,333.55,N,-2.09,5080734825.52,EQ,ETERNAL,14989187,NIFTY 50
228.55,-4.95,230.6,227.2,24-Sep-2026 16:00:28,226.7,N,-2.13,2619244937.05,EQ,JIOFIN,11460271,NIFTY 50
982.71,-21.8,991.9,982,24-Sep-2026 16:00:28,976.5,N,-2.17,4256117010,EQ,HINDALCO,4331000,NIFTY 50
1229.38,-28.8,1241.6,1219.2,24-Sep-2026 16:00:28,1219.2,N,-2.31,17117635097.1,EQ,RELIANCE,13923795,NIFTY 50
2413.22,-62.3,2437.8,2392.7,24-Sep-2026 16:00:28,2391,N,-2.54,626416407.94,EQ,ASIANPAINT,259577,NIFTY 50
1362.06,-36.2,1386,1351,24-Sep-2026 16:00:28,1350.2,N,-2.61,1090853423.1,EQ,NESTLEIND,800885,NIFTY 50
2734.54,-74,2767.5,2700,24-Sep-2026 16:00:28,2699.9,N,-2.67,1522698519.06,EQ,TRENT,556839,NIFTY 50
4922.64,-138.5,4975,4890,24-Sep-2026 16:00:28,4874.5,N,-2.75,2808139678.56,EQ,INDIGO,570454,NIFTY 50
2930.92,-93.2,2978,2900,24-Sep-2026 16:00:28,2898.2,N,-3.11,3172609525.04,EQ,ADANIENT,1082462,NIFTY 50
1779.06,-84.2,1818,1762.3,24-Sep-2026 16:00:28,1760.9,N,-4.56,2704251257.7,EQ,BAJAJFINSV,1520045,NIFTY 50
1191.67,-56.7,1225.2,1186.5,24-Sep-2026 16:00:28,1175,N,-4.56,12978072802.2,EQ,AXISBANK,10890660,NIFTY 50
988.91,-61.2,1015,982,24-Sep-2026 16:00:28,974,N,-5.87,13237209074.96,EQ,BAJFINANCE,13385656,NIFTY 50
527.47,-34.6,535.35,526.9,24-Sep-2026 16:00:28,514,N,-6.16,9444853028.91,EQ,HDFCLIFE,17905953,NIFTY 50
1181.43,10.2,1190.6,1180.3,24-Sep-2026 16:00:28,1161.6,N,0.87,2322543701.25,EQ,ZYDUSLIFE,1965875,NIFTY NEXT 50
172.82,0.9,173.85,173.85,24-Sep-2026 16:00:28,171.84,N,0.52,1068661330.94,EQ,GAIL,6183667,NIFTY NEXT 50
7116.28,9,7144.5,7129,24-Sep-2026 16:00:28,7062.5,N,0.13,1005957340.8,EQ,ABB,141360,NIFTY NEXT 50
3229.63,1.6,3281.7,3216,24-Sep-2026 16:00:28,3158.5,N,0.05,1201958478.58,EQ,ENRIN,372166,NIFTY NEXT 50
125.35,-0.1,126.2,125.9,24-Sep-2026 16:00:28,124.57,N,-0.08,1142205370.15,EQ,CANBK,9112129,NIFTY NEXT 50
9638.65,-22,9740,9602,24-Sep-2026 16:00:28,9540,N,-0.23,6425769879.55,EQ,DIVISLAB,666667,NIFTY NEXT 50
178.62,-0.55,180.2,179.45,24-Sep-2026 16:00:28,175.86,N,-0.31,801006564.54,EQ,UNIONBANK,4484417,NIFTY NEXT 50
1164.77,-4.5,1177,1158,24-Sep-2026 16:00:28,1148.9,N,-0.39,1448422943.79,EQ,LODHA,1243527,NIFTY NEXT 50
47789.22,-205,48080,47750,24-Sep-2026 16:00:28,47145,N,-0.43,697913768.88,EQ,BOSCHLTD,14604,NIFTY NEXT 50
2202.62,-9.5,2221.8,2202,24-Sep-2026 16:00:28,2189.2,N,-0.43,1021293220.64,EQ,MAZDOCK,463672,NIFTY NEXT 50
877.06,-4.75,884.7,875,24-Sep-2026 16:00:28,871.2,N,-0.54,607573667.34,EQ,GODREJCP,692739,NIFTY NEXT 50
22505.8,-150,22725,22350,24-Sep-2026 16:00:28,22170,N,-0.67,385546859.8,EQ,SHREECEM,17131,NIFTY NEXT 50
675.71,-4.6,681,670.4,24-Sep-2026 16:00:28,666.55,N,-0.68,3428557269.97,EQ,DLF,5074007,NIFTY NEXT 50
4928.89,-34,4959.5,4895,24-Sep-2026 16:00:28,4885,N,-0.69,909493569.47,EQ,BRITANNIA,184523,NIFTY NEXT 50
4982.74,-37,5011.5,4973,24-Sep-2026 16:00:28,4958,N,-0.74,818948198.18,EQ,CUMMINSIND,164357,NIFTY NEXT 50
888.62,-8.3,896.4,886.7,24-Sep-2026 16:00:28,877.1,N,-0.93,1191100027.66,EQ,CGPOWER,1340393,NIFTY NEXT 50
117.72,-1.18,118.67,117.12,24-Sep-2026 16:00:28,117.06,N,-1.00,1266175719,EQ,PNB,10755825,NIFTY NEXT 50
309.07,-3.25,310.85,308.25,24-Sep-2026 16:00:28,307.2,N,-1.04,1814741593.4,EQ,RECLTD,5871620,NIFTY NEXT 50
4088.84,-44,4123,4091,24-Sep-2026 16:00:28,4057,N,-1.06,3818563587.16,EQ,TVSMOTOR,933899,NIFTY NEXT 50
234.74,-2.57,236.22,234.3,24-Sep-2026 16:00:28,233.77,N,-1.08,880597063.28,EQ,BANKBARODA,3751372,NIFTY NEXT 50
2830,-31.2,2855,2825.3,24-Sep-2026 16:00:28,2808.1,N,-1.09,1302705600,EQ,MUTHOOTFIN,460320,NIFTY NEXT 50
432.71,-4.9,436.85,431.25,24-Sep-2026 16:00:28,428.3,N,-1.12,2170893954.12,EQ,VBL,5016972,NIFTY NEXT 50
4950.29,-56.5,5010,4928.5,24-Sep-2026 16:00:28,4902,N,-1.13,1265868357.64,EQ,TORNTPHARM,255716,NIFTY NEXT 50
3854.07,-44.2,3878.3,3841.8,24-Sep-2026 16:00:28,3825,N,-1.14,768913943.49,EQ,SIEMENS,199507,NIFTY NEXT 50
4056.83,-47,4089,4038,24-Sep-2026 16:00:28,4011,N,-1.15,1419910784.15,EQ,LTM,350005,NIFTY NEXT 50
164.14,-1.9,164.8,162.5,24-Sep-2026 16:00:28,162.5,N,-1.16,3619428488.68,EQ,MOTHERSON,22050862,NIFTY NEXT 50
3804.67,-47.3,3832.1,3787.5,24-Sep-2026 16:00:28,3780.1,N,-1.23,1634969425.09,EQ,DMART,429727,NIFTY NEXT 50
1431.61,-17.7,1442,1423.3,24-Sep-2026 16:00:28,1421.2,N,-1.23,313650003.29,EQ,UNITDSPR,219089,NIFTY NEXT 50
19686.27,-250,19860,19480,24-Sep-2026 16:00:28,19450,N,-1.27,2372451456.51,EQ,SOLARINDS,120513,NIFTY NEXT 50
4812.93,-61.8,4846.7,4774.2,24-Sep-2026 16:00:28,4770,N,-1.28,1721031574.05,EQ,HAL,357585,NIFTY NEXT 50
266.46,-3.5,269.4,267.5,24-Sep-2026 16:00:28,264.2,N,-1.29,1515024945,EQ,VEDL,5685750,NIFTY NEXT 50
136.5,-1.88,137.5,136.27,24-Sep-2026 16:00:28,135.51,N,-1.36,989067124.5,EQ,IOC,7245913,NIFTY NEXT 50
589.86,-8.3,594.9,587.15,24-Sep-2026 16:00:28,581,N,-1.39,1946308544.46,EQ,HINDZINC,3299611,NIFTY NEXT 50
79.84,-1.14,80.5,79.86,24-Sep-2026 16:00:28,79.41,N,-1.41,425756460.64,EQ,IRFC,5332621,NIFTY NEXT 50
1160.6,-17.5,1174.7,1157.8,24-Sep-2026 16:00:28,1152.3,N,-1.49,694951031.6,EQ,JINDALSTEL,598786,NIFTY NEXT 50
365.67,-5.55,367.5,363.45,24-Sep-2026 16:00:28,362.95,N,-1.50,990349546.05,EQ,TATAPOWER,2708315,NIFTY NEXT 50
1294.8,-20.8,1309.8,1280.1,24-Sep-2026 16:00:28,1277.8,N,-1.60,3081010264.8,EQ,ADANIGREEN,2379526,NIFTY NEXT 50
2084.62,-34.4,2109.5,2060.6,24-Sep-2026 16:00:28,2060,N,-1.64,810604487,EQ,HYUNDAI,388850,NIFTY NEXT 50
341.18,-6.65,345.1,339.35,24-Sep-2026 16:00:28,338,N,-1.92,2713571377.02,EQ,PFC,7953489,NIFTY NEXT 50
734.12,-14.9,740.1,728.8,24-Sep-2026 16:00:28,727.4,N,-2.00,837294693.04,EQ,INDHOTEL,1140542,NIFTY NEXT 50
386.21,-8.65,390.9,384.1,24-Sep-2026 16:00:28,382.65,N,-2.20,352373755.69,EQ,AMBUJACEM,912389,NIFTY NEXT 50
201.36,-5.32,203.8,199.48,24-Sep-2026 16:00:28,198.8,N,-2.60,4084319791.2,EQ,ADANIPOWER,20283670,NIFTY NEXT 50
309.66,-8.65,313.95,307.1,24-Sep-2026 16:00:28,306.7,N,-2.74,998673937.56,EQ,BPCL,3225066,NIFTY NEXT 50
2402.92,-68,2432,2380.3,24-Sep-2026 16:00:28,2380.3,N,-2.78,1635549900.92,EQ,HDFCAMC,680651,NIFTY NEXT 50
443.33,-12.6,456.05,437.6,24-Sep-2026 16:00:28,431.55,N,-2.80,2130569943.89,EQ,TMCV,4805833,NIFTY NEXT 50
1349.55,-39.5,1371.4,1340.5,24-Sep-2026 16:00:28,1335.1,N,-2.86,2479861553.85,EQ,ADANIENSOL,1837547,NIFTY NEXT 50
338.15,-13.9,347.8,336.15,24-Sep-2026 16:00:28,333,N,-3.97,729320567.4,EQ,TATACAP,2156796,NIFTY NEXT 50
1534.96,-66.1,1579,1522,24-Sep-2026 16:00:28,1517.5,N,-4.16,1932855401.12,EQ,PIDILITIND,1259222,NIFTY NEXT 50
11134,-532,11390,10917,24-Sep-2026 16:00:28,10898,N,-4.65,486310852,EQ,BAJAJHLDNG,43678,NIFTY NEXT 50
1680.42,-92.3,1712,1681.7,24-Sep-2026 16:00:28,1629.9,N,-5.20,6977754162.54,EQ,CHOLAFIN,4152387,NIFTY NEXT 50
125.35,-0.1,126.2,125.9,24-Sep-2026 16:00:28,124.57,N,-0.08,1142205370.15,EQ,CANBK,9112129,NIFTY BANK
178.62,-0.55,180.2,179.45,24-Sep-2026 16:00:28,175.86,N,-0.31,801006564.54,EQ,UNIONBANK,4484417,NIFTY BANK
1335.62,-5.5,1347.8,1334.5,24-Sep-2026 16:00:28,1330.1,N,-0.41,11558348630.4,EQ,ICICIBANK,8653920,NIFTY BANK
329.31,-1.8,332.7,329.5,24-Sep-2026 16:00:28,325.95,N,-0.54,1986370257.96,EQ,FEDERALBNK,6031916,NIFTY BANK
117.72,-1.18,118.67,117.12,24-Sep-2026 16:00:28,117.06,N,-1.00,1266175719,EQ,PNB,10755825,NIFTY BANK
234.74,-2.57,236.22,234.3,24-Sep-2026 16:00:28,233.77,N,-1.08,880597063.28,EQ,BANKBARODA,3751372,NIFTY BANK
729.95,-8.35,734.85,728.9,24-Sep-2026 16:00:28,722.7,N,-1.13,21588412860.3,EQ,HDFCBANK,29575194,NIFTY BANK
981.33,-15.6,992,978.5,24-Sep-2026 16:00:28,975.8,N,-1.57,13468432373.76,EQ,SBIN,13724672,NIFTY BANK
406.62,-8.25,410,405,24-Sep-2026 16:00:28,404.3,N,-2.00,5204673380.52,EQ,KOTAKBANK,12799846,NIFTY BANK
22.54,-0.8,23.08,22.44,24-Sep-2026 16:00:28,22.38,N,-3.44,2304431784.9,EQ,YESBANK,102237435,NIFTY BANK
919.33,-39.8,928.9,919.5,24-Sep-2026 16:00:28,909.3,N,-4.15,5388671181.6,EQ,INDUSINDBK,5861520,NIFTY BANK
1191.67,-56.7,1225.2,1186.5,24-Sep-2026 16:00:28,1175,N,-4.56,12978072802.2,EQ,AXISBANK,10890660,NIFTY BANK
84.39,-4.14,85.49,83.76,24-Sep-2026 16:00:28,83.3,N,-4.71,3424837429.89,EQ,IDFCFIRSTB,40583451,NIFTY BANK
1008.72,-52.9,1034.1,1000.1,24-Sep-2026 16:00:28,999.2,N,-5.02,3478942128.96,EQ,AUBANK,3448868,NIFTY BANK
1561.1,76.4,1583.9,1577,24-Sep-2026 16:00:28,1465.6,N,5.09,4283419551.7,EQ,ICICIGI,2743847,NIFTY FIN SERVICE
1763.12,-5,1791.4,1755,24-Sep-2026 16:00:28,1699.9,N,-0.28,6082106356.24,EQ,SBILIFE,3449627,NIFTY FIN SERVICE
1335.62,-5.5,1347.8,1334.5,24-Sep-2026 16:00:28,1330.1,N,-0.41,11558348630.4,EQ,ICICIBANK,8653920,NIFTY FIN SERVICE
309.07,-3.25,310.85,308.25,24-Sep-2026 16:00:28,307.2,N,-1.04,1814741593.4,EQ,RECLTD,5871620,NIFTY FIN SERVICE
2830,-31.2,2855,2825.3,24-Sep-2026 16:00:28,2808.1,N,-1.09,1302705600,EQ,MUTHOOTFIN,460320,NIFTY FIN SERVICE
729.95,-8.35,734.85,728.9,24-Sep-2026 16:00:28,722.7,N,-1.13,21588412860.3,EQ,HDFCBANK,29575194,NIFTY FIN SERVICE
567.62,-8.25,571.9,564.25,24-Sep-2026 16:00:28,563.8,N,-1.44,736605582.58,EQ,LICHSGFIN,1297709,NIFTY FIN SERVICE
981.33,-15.6,992,978.5,24-Sep-2026 16:00:28,975.8,N,-1.57,13468432373.76,EQ,SBIN,13724672,NIFTY FIN SERVICE
341.18,-6.65,345.1,339.35,24-Sep-2026 16:00:28,338,N,-1.92,2713571377.02,EQ,PFC,7953489,NIFTY FIN SERVICE
406.62,-8.25,410,405,24-Sep-2026 16:00:28,404.3,N,-2.00,5204673380.52,EQ,KOTAKBANK,12799846,NIFTY FIN SERVICE
995.56,-20.8,1008.6,990,24-Sep-2026 16:00:28,983.4,N,-2.06,4077939200.56,EQ,SHRIRAMFIN,4096126,NIFTY FIN SERVICE
228.55,-4.95,230.6,227.2,24-Sep-2026 16:00:28,226.7,N,-2.13,2619244937.05,EQ,JIOFIN,11460271,NIFTY FIN SERVICE
626.28,-16.6,642.3,618.4,24-Sep-2026 16:00:28,616.2,N,-2.61,741752880.12,EQ,SBICARD,1184379,NIFTY FIN SERVICE
3242.15,-86.9,3308,3183.8,24-Sep-2026 16:00:28,3175,N,-2.66,18350384197.45,EQ,BSE,5659943,NIFTY FIN SERVICE
1779.06,-84.2,1818,1762.3,24-Sep-2026 16:00:28,1760.9,N,-4.56,2704251257.7,EQ,BAJAJFINSV,1520045,NIFTY FIN SERVICE
1191.67,-56.7,1225.2,1186.5,24-Sep-2026 16:00:28,1175,N,-4.56,12978072802.2,EQ,AXISBANK,10890660,NIFTY FIN SERVICE
1680.42,-92.3,1712,1681.7,24-Sep-2026 16:00:28,1629.9,N,-5.20,6977754162.54,EQ,CHOLAFIN,4152387,NIFTY FIN SERVICE
988.91,-61.2,1015,982,24-Sep-2026 16:00:28,974,N,-5.87,13237209074.96,EQ,BAJFINANCE,13385656,NIFTY FIN SERVICE
527.47,-34.6,535.35,526.9,24-Sep-2026 16:00:28,514,N,-6.16,9444853028.91,EQ,HDFCLIFE,17905953,NIFTY FIN SERVICE
1394.23,-152.9,1429.8,1410,24-Sep-2026 16:00:28,1360.1,N,-9.78,15924671983.2,EQ,MFSL,11421840,NIFTY FIN SERVICE
693.52,65.6,722,722,24-Sep-2026 16:00:28,650,N,9.99,4570833584.48,EQ,ABDL,6590774,NIFTY 500
1561.1,76.4,1583.9,1577,24-Sep-2026 16:00:28,1465.6,N,5.09,4283419551.7,EQ,ICICIGI,2743847,NIFTY 500
513.6,21.15,522,511.35,24-Sep-2026 16:00:28,483,N,4.31,1728119678.4,EQ,SUNTV,3364719,NIFTY 500
1255.62,40.3,1289.7,1282.6,24-Sep-2026 16:00:28,1227.1,N,3.24,167126788.86,EQ,UBL,133103,NIFTY 500
246.42,7,253.45,252,24-Sep-2026 16:00:28,236.15,N,2.86,1004720626.98,EQ,GODIGIT,4077269,NIFTY 500
2511.98,65.7,2545.1,2542.4,24-Sep-2026 16:00:28,2460,N,2.65,895123977.16,EQ,RRKABEL,356342,NIFTY 500
2926.07,62.2,2990,2856,24-Sep-2026 16:00:28,2770,N,2.23,3632192138.47,EQ,CAPLIPOINT,1241321,NIFTY 500
5136.45,105,5229,5190,24-Sep-2026 16:00:28,4981,N,2.06,217703296.8,EQ,JKCEMENT,42384,NIFTY 500
785.72,15.75,801.85,784.5,24-Sep-2026 16:00:28,763,N,2.05,452492219.4,EQ,SIGNATURE,575895,NIFTY 500
473.43,9,479,479,24-Sep-2026 16:00:28,469.15,N,1.91,705717956.07,EQ,OIL,1490649,NIFTY 500
403.97,7.25,409.8,408,24-Sep-2026 16:00:28,395.6,N,1.81,1909204232.88,EQ,REDINGTON,4726104,NIFTY 500
1953.43,32.7,1976.2,1957,24-Sep-2026 16:00:28,1911.7,N,1.70,840293309.09,EQ,LALPATHLAB,430163,NIFTY 500
1996.56,32.4,2006.9,1995,24-Sep-2026 16:00:28,1962.6,N,1.65,544989003.84,EQ,IPCALAB,272964,NIFTY 500
1326.63,20.5,1368.9,1285,24-Sep-2026 16:00:28,1257.1,N,1.62,4682047399.77,EQ,CARBORUNIV,3529279,NIFTY 500
3429.8,53.7,3477,3427.7,24-Sep-2026 16:00:28,3351.1,N,1.59,14176831354.4,EQ,MCX,4133428,NIFTY 500
78.42,1.22,79.45,78.5,24-Sep-2026 16:00:28,76.85,N,1.58,1166087206.56,EQ,ZEEL,14869768,NIFTY 500
3519.55,51.5,3576,3509.5,24-Sep-2026 16:00:28,3415.3,N,1.49,5369210787.45,EQ,KAYNES,1525539,NIFTY 500
675.6,9.75,682.5,677.5,24-Sep-2026 16:00:28,660,N,1.46,1249588408.8,EQ,HSCL,1849598,NIFTY 500
320.61,4.55,327,324.95,24-Sep-2026 16:00:28,313.15,N,1.42,1498738895.28,EQ,MANAPPURAM,4674648,NIFTY 500
2486.46,35,2504.3,2500,24-Sep-2026 16:00:28,2442.6,N,1.42,1112163720.48,EQ,MANKIND,447288,NIFTY 500
461.12,-20,472.85,464.5,24-Sep-2026 16:00:28,445.35,N,-4.13,3579714677.44,EQ,ICICIPRULI,7763087,NIFTY 500
919.33,-39.8,928.9,919.5,24-Sep-2026 16:00:28,909.3,N,-4.15,5388671181.6,EQ,INDUSINDBK,5861520,NIFTY 500
1534.96,-66.1,1579,1522,24-Sep-2026 16:00:28,1517.5,N,-4.16,1932855401.12,EQ,PIDILITIND,1259222,NIFTY 500
1280.18,-55.5,1310,1262,24-Sep-2026 16:00:28,1251,N,-4.21,862208911.08,EQ,PVRINOX,673506,NIFTY 500
289.18,-12.8,300.8,290,24-Sep-2026 16:00:28,283.6,N,-4.23,709062998.04,EQ,AEGISVOPAK,2451978,NIFTY 500
241.45,-10.83,248,240.5,24-Sep-2026 16:00:28,238.81,N,-4.31,490219315.3,EQ,APTUS,2030314,NIFTY 500
1901.47,-84.7,1940,1853.1,24-Sep-2026 16:00:28,1849,N,-4.37,696137674.35,EQ,IKS,366105,NIFTY 500
181.3,-8.3,187.3,180,24-Sep-2026 16:00:28,177.65,N,-4.41,5947134586.4,EQ,PINELABS,32802728,NIFTY 500
185.86,-8.48,189.28,182.9,24-Sep-2026 16:00:28,182.62,N,-4.43,3587104505.1,EQ,BANDHANBNK,19300035,NIFTY 500
527.16,-24.7,540,525,24-Sep-2026 16:00:28,516.35,N,-4.49,848819325.84,EQ,FIVESTAR,1610174,NIFTY 500
1191.67,-56.7,1225.2,1186.5,24-Sep-2026 16:00:28,1175,N,-4.56,12978072802.2,EQ,AXISBANK,10890660,NIFTY 500
1779.06,-84.2,1818,1762.3,24-Sep-2026 16:00:28,1760.9,N,-4.56,2704251257.7,EQ,BAJAJFINSV,1520045,NIFTY 500
645.75,-30.55,664,637.5,24-Sep-2026 16:00:28,635,N,-4.57,172032966,EQ,INTELLECT,266408,NIFTY 500
321.57,-15.45,331.15,317.65,24-Sep-2026 16:00:28,316.05,N,-4.64,1160417180.43,EQ,EMMVEE,3608599,NIFTY 500
11134,-532,11390,10917,24-Sep-2026 16:00:28,10898,N,-4.65,486310852,EQ,BAJAJHLDNG,43678,NIFTY 500
84.39,-4.14,85.49,83.76,24-Sep-2026 16:00:28,83.3,N,-4.71,3424837429.89,EQ,IDFCFIRSTB,40583451,NIFTY 500
329.8,-16.85,335,320.3,24-Sep-2026 16:00:28,315,N,-5.00,1351414204.4,EQ,PFOCUS,4097678,NIFTY 500
1008.72,-52.9,1034.1,1000.1,24-Sep-2026 16:00:28,999.2,N,-5.02,3478942128.96,EQ,AUBANK,3448868,NIFTY 500
2104.1,-112.5,2200.8,2114,24-Sep-2026 16:00:28,1781.2,N,-5.05,1851355508,EQ,PIRAMALFIN,879880,NIFTY 500
76.96,-4.13,78.69,76.1,24-Sep-2026 16:00:28,75.97,N,-5.15,134454892,EQ,NIVABUPA,1747075,NIFTY 500
1496.11,-80.3,1548.5,1480,24-Sep-2026 16:00:28,1472.7,N,-5.15,475484703.54,EQ,CONCORDBIO,317814,NIFTY 500
1680.42,-92.3,1712,1681.7,24-Sep-2026 16:00:28,1629.9,N,-5.20,6977754162.54,EQ,CHOLAFIN,4152387,NIFTY 500
76.21,-4.24,78.86,75.25,24-Sep-2026 16:00:28,74.67,N,-5.33,5394357492.84,EQ,IFCI,70782804,NIFTY 500
1227.69,-73,1257.6,1224,24-Sep-2026 16:00:28,1202.3,N,-5.63,3874233609.9,EQ,NAUKRI,3155710,NIFTY 500
183.06,-10.8,188.45,180.36,24-Sep-2026 16:00:28,179.5,N,-5.65,740297202.84,EQ,NIACL,4044014,NIFTY 500
988.91,-61.2,1015,982,24-Sep-2026 16:00:28,974,N,-5.87,13237209074.96,EQ,BAJFINANCE,13385656,NIFTY 500
527.47,-34.6,535.35,526.9,24-Sep-2026 16:00:28,514,N,-6.16,9444853028.91,EQ,HDFCLIFE,17905953,NIFTY 500
284.81,-28,290.6,282,24-Sep-2026 16:00:28,279,N,-9.03,10275332173.69,EQ,LTF,36077849,NIFTY 500
1394.23,-152.9,1429.8,1410,24-Sep-2026 16:00:28,1360.1,N,-9.78,15924671983.2,EQ,MFSL,11421840,NIFTY 500
1283.32,-679.1,1697.7,1207.2,24-Sep-2026 16:00:28,1207.2,N,-36.00,35097241482.88,EQ,POLICYBZR,27348784,NIFTY 500
693.52,65.6,722,722,24-Sep-2026 16:00:28,650,N,9.99,4570833584.48,EQ,ABDL,6590774,NIFTY MIDSML 400
1561.1,76.4,1583.9,1577,24-Sep-2026 16:00:28,1465.6,N,5.09,4283419551.7,EQ,ICICIGI,2743847,NIFTY MIDSML 400
513.6,21.15,522,511.35,24-Sep-2026 16:00:28,483,N,4.31,1728119678.4,EQ,SUNTV,3364719,NIFTY MIDSML 400
1255.62,40.3,1289.7,1282.6,24-Sep-2026 16:00:28,1227.1,N,3.24,167126788.86,EQ,UBL,133103,NIFTY MIDSML 400
246.42,7,253.45,252,24-Sep-2026 16:00:28,236.15,N,2.86,1004720626.98,EQ,GODIGIT,4077269,NIFTY MIDSML 400
2511.98,65.7,2545.1,2542.4,24-Sep-2026 16:00:28,2460,N,2.65,895123977.16,EQ,RRKABEL,356342,NIFTY MIDSML 400
2926.07,62.2,2990,2856,24-Sep-2026 16:00:28,2770,N,2.23,3632192138.47,EQ,CAPLIPOINT,1241321,NIFTY MIDSML 400
5136.45,105,5229,5190,24-Sep-2026 16:00:28,4981,N,2.06,217703296.8,EQ,JKCEMENT,42384,NIFTY MIDSML 400
785.72,15.75,801.85,784.5,24-Sep-2026 16:00:28,763,N,2.05,452492219.4,EQ,SIGNATURE,575895,NIFTY MIDSML 400
473.43,9,479,479,24-Sep-2026 16:00:28,469.15,N,1.91,705717956.07,EQ,OIL,1490649,NIFTY MIDSML 400
403.97,7.25,409.8,408,24-Sep-2026 16:00:28,395.6,N,1.81,1909204232.88,EQ,REDINGTON,4726104,NIFTY MIDSML 400
1953.43,32.7,1976.2,1957,24-Sep-2026 16:00:28,1911.7,N,1.70,840293309.09,EQ,LALPATHLAB,430163,NIFTY MIDSML 400
1996.56,32.4,2006.9,1995,24-Sep-2026 16:00:28,1962.6,N,1.65,544989003.84,EQ,IPCALAB,272964,NIFTY MIDSML 400
1326.63,20.5,1368.9,1285,24-Sep-2026 16:00:28,1257.1,N,1.62,4682047399.77,EQ,CARBORUNIV,3529279,NIFTY MIDSML 400
3429.8,53.7,3477,3427.7,24-Sep-2026 16:00:28,3351.1,N,1.59,14176831354.4,EQ,MCX,4133428,NIFTY MIDSML 400
78.42,1.22,79.45,78.5,24-Sep-2026 16:00:28,76.85,N,1.58,1166087206.56,EQ,ZEEL,14869768,NIFTY MIDSML 400
3519.55,51.5,3576,3509.5,24-Sep-2026 16:00:28,3415.3,N,1.49,5369210787.45,EQ,KAYNES,1525539,NIFTY MIDSML 400
675.6,9.75,682.5,677.5,24-Sep-2026 16:00:28,660,N,1.46,1249588408.8,EQ,HSCL,1849598,NIFTY MIDSML 400
2486.46,35,2504.3,2500,24-Sep-2026 16:00:28,2442.6,N,1.42,1112163720.48,EQ,MANKIND,447288,NIFTY MIDSML 400
320.61,4.55,327,324.95,24-Sep-2026 16:00:28,313.15,N,1.42,1498738895.28,EQ,MANAPPURAM,4674648,NIFTY MIDSML 400
1848.63,-69.7,1881.5,1821.2,24-Sep-2026 16:00:28,1816,N,-3.69,514887822.12,EQ,LLOYDSME,278524,NIFTY MIDSML 400
293.7,-11.65,300,291.3,24-Sep-2026 16:00:28,290.1,N,-3.85,327222330.6,EQ,JAINREC,1114138,NIFTY MIDSML 400
1101.05,-44,1135.1,1094.5,24-Sep-2026 16:00:28,1085.7,N,-3.86,659231666.5,EQ,PNBHOUSING,598730,NIFTY MIDSML 400
41.06,-1.65,42.24,40.74,24-Sep-2026 16:00:28,40.55,N,-3.89,5388756691.8,EQ,SUZLON,131241030,NIFTY MIDSML 400
1169.67,-46.9,1207.2,1158.9,24-Sep-2026 16:00:28,1153.3,N,-3.89,104859745.83,EQ,HOMEFIRST,89649,NIFTY MIDSML 400
271.68,-11.05,276.6,267.45,24-Sep-2026 16:00:28,265.6,N,-3.97,4255618612.8,EQ,SWIGGY,15664085,NIFTY MIDSML 400
58.73,-2.47,60.6,58,24-Sep-2026 16:00:28,57.45,N,-4.08,123470252.01,EQ,MMTC,2102337,NIFTY MIDSML 400
461.12,-20,472.85,464.5,24-Sep-2026 16:00:28,445.35,N,-4.13,3579714677.44,EQ,ICICIPRULI,7763087,NIFTY MIDSML 400
919.33,-39.8,928.9,919.5,24-Sep-2026 16:00:28,909.3,N,-4.15,5388671181.6,EQ,INDUSINDBK,5861520,NIFTY MIDSML 400
1280.18,-55.5,1310,1262,24-Sep-2026 16:00:28,1251,N,-4.21,862208911.08,EQ,PVRINOX,673506,NIFTY MIDSML 400
289.18,-12.8,300.8,290,24-Sep-2026 16:00:28,283.6,N,-4.23,709062998.04,EQ,AEGISVOPAK,2451978,NIFTY MIDSML 400
241.45,-10.83,248,240.5,24-Sep-2026 16:00:28,238.81,N,-4.31,490219315.3,EQ,APTUS,2030314,NIFTY MIDSML 400
1901.47,-84.7,1940,1853.1,24-Sep-2026 16:00:28,1849,N,-4.37,696137674.35,EQ,IKS,366105,NIFTY MIDSML 400
181.3,-8.3,187.3,180,24-Sep-2026 16:00:28,177.65,N,-4.41,5947134586.4,EQ,PINELABS,32802728,NIFTY MIDSML 400
185.86,-8.48,189.28,182.9,24-Sep-2026 16:00:28,182.62,N,-4.43,3587104505.1,EQ,BANDHANBNK,19300035,NIFTY MIDSML 400
527.16,-24.7,540,525,24-Sep-2026 16:00:28,516.35,N,-4.49,848819325.84,EQ,FIVESTAR,1610174,NIFTY MIDSML 400
645.75,-30.55,664,637.5,24-Sep-2026 16:00:28,635,N,-4.57,172032966,EQ,INTELLECT,266408,NIFTY MIDSML 400
321.57,-15.45,331.15,317.65,24-Sep-2026 16:00:28,316.05,N,-4.64,1160417180.43,EQ,EMMVEE,3608599,NIFTY MIDSML 400
84.39,-4.14,85.49,83.76,24-Sep-2026 16:00:28,83.3,N,-4.71,3424837429.89,EQ,IDFCFIRSTB,40583451,NIFTY MIDSML 400
329.8,-16.85,335,320.3,24-Sep-2026 16:00:28,315,N,-5.00,1351414204.4,EQ,PFOCUS,4097678,NIFTY MIDSML 400
1008.72,-52.9,1034.1,1000.1,24-Sep-2026 16:00:28,999.2,N,-5.02,3478942128.96,EQ,AUBANK,3448868,NIFTY MIDSML 400
2104.1,-112.5,2200.8,2114,24-Sep-2026 16:00:28,1781.2,N,-5.05,1851355508,EQ,PIRAMALFIN,879880,NIFTY MIDSML 400
76.96,-4.13,78.69,76.1,24-Sep-2026 16:00:28,75.97,N,-5.15,134454892,EQ,NIVABUPA,1747075,NIFTY MIDSML 400
1496.11,-80.3,1548.5,1480,24-Sep-2026 16:00:28,1472.7,N,-5.15,475484703.54,EQ,CONCORDBIO,317814,NIFTY MIDSML 400
76.21,-4.24,78.86,75.25,24-Sep-2026 16:00:28,74.67,N,-5.33,5394357492.84,EQ,IFCI,70782804,NIFTY MIDSML 400
1227.69,-73,1257.6,1224,24-Sep-2026 16:00:28,1202.3,N,-5.63,3874233609.9,EQ,NAUKRI,3155710,NIFTY MIDSML 400
183.06,-10.8,188.45,180.36,24-Sep-2026 16:00:28,179.5,N,-5.65,740297202.84,EQ,NIACL,4044014,NIFTY MIDSML 400
284.81,-28,290.6,282,24-Sep-2026 16:00:28,279,N,-9.03,10275332173.69,EQ,LTF,36077849,NIFTY MIDSML 400
1394.23,-152.9,1429.8,1410,24-Sep-2026 16:00:28,1360.1,N,-9.78,15924671983.2,EQ,MFSL,11421840,NIFTY MIDSML 400
1283.32,-679.1,1697.7,1207.2,24-Sep-2026 16:00:28,1207.2,N,-36.00,35097241482.88,EQ,POLICYBZR,27348784,NIFTY MIDSML 400
298.55,51.5,309.2,309.2,24-Sep-2026 16:00:28,255.4,N,19.98,1445289805.05,EQ,INDIAGLYCO,4841031,NIFTY TOTAL MKT
693.52,65.6,722,722,24-Sep-2026 16:00:28,650,N,9.99,4570833584.48,EQ,ABDL,6590774,NIFTY TOTAL MKT
796.53,66.3,819.95,777,24-Sep-2026 16:00:28,704.4,N,9.33,15398521146.12,EQ,KSCL,19332004,NIFTY TOTAL MKT
218.51,16.24,223.5,222.25,24-Sep-2026 16:00:28,202.22,N,7.88,3476579974.43,EQ,GREAVESCOT,15910393,NIFTY TOTAL MKT
137.45,8.46,140.08,138.01,24-Sep-2026 16:00:28,128.32,N,6.53,1952247571.05,EQ,JAMNAAUTO,14203329,NIFTY TOTAL MKT
49.24,2.87,50.17,49.95,24-Sep-2026 16:00:28,46.72,N,6.10,2840346274.32,EQ,SOUTHBANK,57683718,NIFTY TOTAL MKT
1561.1,76.4,1583.9,1577,24-Sep-2026 16:00:28,1465.6,N,5.09,4283419551.7,EQ,ICICIGI,2743847,NIFTY TOTAL MKT
186.06,8.6,192.89,185.1,24-Sep-2026 16:00:28,174.35,N,4.87,205594625.46,EQ,CRIZAC,1104991,NIFTY TOTAL MKT
364.93,15.6,391,375.4,24-Sep-2026 16:00:28,351.45,N,4.34,41469185.48,EQ,STYL,113636,NIFTY TOTAL MKT
513.6,21.15,522,511.35,24-Sep-2026 16:00:28,483,N,4.31,1728119678.4,EQ,SUNTV,3364719,NIFTY TOTAL MKT
337.95,13.9,344,338,24-Sep-2026 16:00:28,320.15,N,4.29,765310079.7,EQ,CELLO,2264566,NIFTY TOTAL MKT
484.73,19.25,496,493.85,24-Sep-2026 16:00:28,470,N,4.06,210925896.93,EQ,ACI,435141,NIFTY TOTAL MKT
564.8,19.45,574.9,565,24-Sep-2026 16:00:28,523.15,N,3.57,440628720,EQ,CAPILLARY,780150,NIFTY TOTAL MKT
1255.62,40.3,1289.7,1282.6,24-Sep-2026 16:00:28,1227.1,N,3.24,167126788.86,EQ,UBL,133103,NIFTY TOTAL MKT
562.95,17.75,571.9,566,24-Sep-2026 16:00:28,541.1,N,3.24,583106987.7,EQ,ARVIND,1035806,NIFTY TOTAL MKT
1472.45,45.4,1491.1,1478,24-Sep-2026 16:00:28,1415,N,3.17,593425326.55,EQ,GMMPFAUDLR,403019,NIFTY TOTAL MKT
99.9,2.97,103,101.1,24-Sep-2026 16:00:28,96.34,N,3.03,355211632.8,EQ,GMRP&UI,3555672,NIFTY TOTAL MKT
246.42,7,253.45,252,24-Sep-2026 16:00:28,236.15,N,2.86,1004720626.98,EQ,GODIGIT,4077269,NIFTY TOTAL MKT
2511.98,65.7,2545.1,2542.4,24-Sep-2026 16:00:28,2460,N,2.65,895123977.16,EQ,RRKABEL,356342,NIFTY TOTAL MKT
2926.07,62.2,2990,2856,24-Sep-2026 16:00:28,2770,N,2.23,3632192138.47,EQ,CAPLIPOINT,1241321,NIFTY TOTAL MKT
1779.06,-84.2,1818,1762.3,24-Sep-2026 16:00:28,1760.9,N,-4.56,2704251257.7,EQ,BAJAJFINSV,1520045,NIFTY TOTAL MKT
1191.67,-56.7,1225.2,1186.5,24-Sep-2026 16:00:28,1175,N,-4.56,12978072802.2,EQ,AXISBANK,10890660,NIFTY TOTAL MKT
62.79,-3.01,64.7,63,24-Sep-2026 16:00:28,61.25,N,-4.56,2074953881.91,EQ,UJJIVANSFB,33045929,NIFTY TOTAL MKT
645.75,-30.55,664,637.5,24-Sep-2026 16:00:28,635,N,-4.57,172032966,EQ,INTELLECT,266408,NIFTY TOTAL MKT
336.05,-16.05,344.9,334,24-Sep-2026 16:00:28,330.1,N,-4.59,685431103.5,EQ,KPIGREEN,2039670,NIFTY TOTAL MKT
321.57,-15.45,331.15,317.65,24-Sep-2026 16:00:28,316.05,N,-4.64,1160417180.43,EQ,EMMVEE,3608599,NIFTY TOTAL MKT
11134,-532,11390,10917,24-Sep-2026 16:00:28,10898,N,-4.65,486310852,EQ,BAJAJHLDNG,43678,NIFTY TOTAL MKT
212.72,-10.44,218.99,213.25,24-Sep-2026 16:00:28,206.69,N,-4.67,609138610.4,EQ,DCBBANK,2863570,NIFTY TOTAL MKT
84.39,-4.14,85.49,83.76,24-Sep-2026 16:00:28,83.3,N,-4.71,3424837429.89,EQ,IDFCFIRSTB,40583451,NIFTY TOTAL MKT
458.28,-22.75,474.5,453.8,24-Sep-2026 16:00:28,446.5,N,-4.77,222833608.92,EQ,ICIL,486239,NIFTY TOTAL MKT
577.01,-28.95,593,569.75,24-Sep-2026 16:00:28,564.45,N,-4.84,76562302.88,EQ,WESTLIFE,132688,NIFTY TOTAL MKT
472.38,-24,487.9,464.9,24-Sep-2026 16:00:28,463,N,-4.91,605879784.18,EQ,TRANSRAILL,1282611,NIFTY TOTAL MKT
91.53,-4.71,94.74,90.15,24-Sep-2026 16:00:28,89.73,N,-4.97,248473012.86,EQ,RBA,2714662,NIFTY TOTAL MKT
329.8,-16.85,335,320.3,24-Sep-2026 16:00:28,315,N,-5.00,1351414204.4,EQ,PFOCUS,4097678,NIFTY TOTAL MKT
833.65,-43.35,862,823.75,24-Sep-2026 16:00:28,823.75,N,-5.00,858521947.75,BE,STLTECH,1029835,NIFTY TOTAL MKT
1008.72,-52.9,1034.1,1000.1,24-Sep-2026 16:00:28,999.2,N,-5.02,3478942128.96,EQ,AUBANK,3448868,NIFTY TOTAL MKT
2104.1,-112.5,2200.8,2114,24-Sep-2026 16:00:28,1781.2,N,-5.05,1851355508,EQ,PIRAMALFIN,879880,NIFTY TOTAL MKT
1496.11,-80.3,1548.5,1480,24-Sep-2026 16:00:28,1472.7,N,-5.15,475484703.54,EQ,CONCORDBIO,317814,NIFTY TOTAL MKT
76.96,-4.13,78.69,76.1,24-Sep-2026 16:00:28,75.97,N,-5.15,134454892,EQ,NIVABUPA,1747075,NIFTY TOTAL MKT
1680.42,-92.3,1712,1681.7,24-Sep-2026 16:00:28,1629.9,N,-5.20,6977754162.54,EQ,CHOLAFIN,4152387,NIFTY TOTAL MKT
76.21,-4.24,78.86,75.25,24-Sep-2026 16:00:28,74.67,N,-5.33,5394357492.84,EQ,IFCI,70782804,NIFTY TOTAL MKT
1227.69,-73,1257.6,1224,24-Sep-2026 16:00:28,1202.3,N,-5.63,3874233609.9,EQ,NAUKRI,3155710,NIFTY TOTAL MKT
183.06,-10.8,188.45,180.36,24-Sep-2026 16:00:28,179.5,N,-5.65,740297202.84,EQ,NIACL,4044014,NIFTY TOTAL MKT
988.91,-61.2,1015,982,24-Sep-2026 16:00:28,974,N,-5.87,13237209074.96,EQ,BAJFINANCE,13385656,NIFTY TOTAL MKT
801.28,-50.7,820,777.65,24-Sep-2026 16:00:28,771,N,-6.12,1279709063.68,EQ,OPTIEMUS,1597081,NIFTY TOTAL MKT
527.47,-34.6,535.35,526.9,24-Sep-2026 16:00:28,514,N,-6.16,9444853028.91,EQ,HDFCLIFE,17905953,NIFTY TOTAL MKT
825.12,-56.5,862.55,799,24-Sep-2026 16:00:28,790.05,N,-6.60,5609245796.64,EQ,BLUESTONE,6798097,NIFTY TOTAL MKT
284.81,-28,290.6,282,24-Sep-2026 16:00:28,279,N,-9.03,10275332173.69,EQ,LTF,36077849,NIFTY TOTAL MKT
1394.23,-152.9,1429.8,1410,24-Sep-2026 16:00:28,1360.1,N,-9.78,15924671983.2,EQ,MFSL,11421840,NIFTY TOTAL MKT
1283.32,-679.1,1697.7,1207.2,24-Sep-2026 16:00:28,1207.2,N,-36.00,35097241482.88,EQ,POLICYBZR,27348784,NIFTY TOTAL MKT
1237.85,1.3,1252.9,1224.4,24-Sep-2026 16:00:28,1212.3,N,0.11,551776588.9,EQ,UNOMINDA,445754,NIFTY AUTO
429.66,0.05,436.8,426,24-Sep-2026 16:00:28,421.9,N,0.01,1406654851.14,EQ,EXIDEIND,3273879,NIFTY AUTO
2000.84,-5.1,2023.2,1998.9,24-Sep-2026 16:00:28,1965,N,-0.25,2498386881.96,EQ,BHARATFORG,1248669,NIFTY AUTO
47789.22,-205,48080,47750,24-Sep-2026 16:00:28,47145,N,-0.43,697913768.88,EQ,BOSCHLTD,14604,NIFTY AUTO
4088.84,-44,4123,4091,24-Sep-2026 16:00:28,4057,N,-1.06,3818563587.16,EQ,TVSMOTOR,933899,NIFTY AUTO
164.14,-1.9,164.8,162.5,24-Sep-2026 16:00:28,162.5,N,-1.16,3619428488.68,EQ,MOTHERSON,22050862,NIFTY AUTO
2562.41,-38.1,2585.5,2540.5,24-Sep-2026 16:00:28,2540.5,N,-1.48,181008642.4,EQ,TIINDIA,70640,NIFTY AUTO
11263.06,-192,11383,11208,24-Sep-2026 16:00:28,11201,N,-1.68,1202511863.96,EQ,BAJAJ-AUTO,106766,NIFTY AUTO
3006.49,-52.3,3039,2982.7,24-Sep-2026 16:00:28,2982.7,N,-1.72,5723518149.29,EQ,M&M,1903721,NIFTY AUTO
7378.49,-131.5,7460,7338.5,24-Sep-2026 16:00:28,7333,N,-1.76,1904904763.3,EQ,EICHERMOT,258170,NIFTY AUTO
5327.61,-98,5368,5296,24-Sep-2026 16:00:28,5294,N,-1.82,1919505917.34,EQ,HEROMOTOCO,360294,NIFTY AUTO
298.45,-5.5,300.95,295,24-Sep-2026 16:00:28,295,N,-1.83,2723748114.85,EQ,TMPV,9126313,NIFTY AUTO
12076.78,-240,12184,11990,24-Sep-2026 16:00:28,11975,N,-1.96,4754205598.7,EQ,MARUTI,393665,NIFTY AUTO
826.34,-16.7,837,816.3,24-Sep-2026 16:00:28,814.7,N,-2.00,2125686932.08,EQ,SONACOMS,2572412,NIFTY AUTO
158.93,-5.59,160.6,157.3,24-Sep-2026 16:00:28,157,N,-3.43,1293393636.62,EQ,ASHOKLEY,8138134,NIFTY AUTO
1255.62,40.3,1289.7,1282.6,24-Sep-2026 16:00:28,1227.1,N,3.24,167126788.86,EQ,UBL,133103,NIFTY FMCG
392.19,-1.45,397.3,390,24-Sep-2026 16:00:28,388,N,-0.37,688947622.92,EQ,EMAMILTD,1756668,NIFTY FMCG
385.9,-1.7,388.9,385.7,24-Sep-2026 16:00:28,383.45,N,-0.44,322675301.7,EQ,DABUR,836163,NIFTY FMCG
877.06,-4.75,884.7,875,24-Sep-2026 16:00:28,871.2,N,-0.54,607573667.34,EQ,GODREJCP,692739,NIFTY FMCG
4928.89,-34,4959.5,4895,24-Sep-2026 16:00:28,4885,N,-0.69,909493569.47,EQ,BRITANNIA,184523,NIFTY FMCG
986.63,-8,992,986.3,24-Sep-2026 16:00:28,983,N,-0.80,989480374.07,EQ,TATACONSUM,1002889,NIFTY FMCG
268.32,-2.15,270.3,268,24-Sep-2026 16:00:28,266.7,N,-0.80,1985105416.32,EQ,ITC,7398276,NIFTY FMCG
1933.06,-16.5,1953,1933.5,24-Sep-2026 16:00:28,1925.5,N,-0.85,2431184432.22,EQ,HINDUNILVR,1257687,NIFTY FMCG
826.16,-7.75,831.65,824.55,24-Sep-2026 16:00:28,820.05,N,-0.93,759944102.16,EQ,MARICO,919851,NIFTY FMCG
432.71,-4.9,436.85,431.25,24-Sep-2026 16:00:28,428.3,N,-1.12,2170893954.12,EQ,VBL,5016972,NIFTY FMCG
406.13,-4.6,409.9,404.85,24-Sep-2026 16:00:28,402.6,N,-1.12,1283837849.5,EQ,PATANJALI,3161150,NIFTY FMCG
1431.61,-17.7,1442,1423.3,24-Sep-2026 16:00:28,1421.2,N,-1.23,313650003.29,EQ,UNITDSPR,219089,NIFTY FMCG
1865.17,-31.9,1885.7,1854.8,24-Sep-2026 16:00:28,1852.2,N,-1.69,697636995.78,EQ,COLPAL,374034,NIFTY FMCG
1362.06,-36.2,1386,1351,24-Sep-2026 16:00:28,1350.2,N,-2.61,1090853423.1,EQ,NESTLEIND,800885,NIFTY FMCG
4548.07,-120.6,4598.1,4481.3,24-Sep-2026 16:00:28,4475,N,-2.62,1036546085.63,EQ,RADICO,227909,NIFTY FMCG
5303.52,37,5345,5277,24-Sep-2026 16:00:28,5188,N,0.71,2183140972.8,EQ,PERSISTENT,411640,NIFTY IT
10900.33,76,10995,10925,24-Sep-2026 16:00:28,10600,N,0.70,1553384227.64,EQ,OFSS,142508,NIFTY IT
1784.84,3.5,1803.4,1785.9,24-Sep-2026 16:00:28,1758.1,N,0.20,2005660404.8,EQ,COFORGE,1123720,NIFTY IT
2083.17,-2.6,2096.9,2087,24-Sep-2026 16:00:28,2067.1,N,-0.12,3667758258.54,EQ,TCS,1760662,NIFTY IT
2259.58,-10.8,2277,2248.2,24-Sep-2026 16:00:28,2230,N,-0.48,341357010.18,EQ,MPHASIS,151071,NIFTY IT
1012.63,-6,1022.8,1014.5,24-Sep-2026 16:00:28,1005.2,N,-0.59,6978937608.59,EQ,INFY,6891893,NIFTY IT
164.36,-1.26,165.67,163.64,24-Sep-2026 16:00:28,163.36,N,-0.76,1156009130.92,EQ,WIPRO,7033397,NIFTY IT
1556.92,-14,1576.2,1543,24-Sep-2026 16:00:28,1543,N,-0.90,2657825916.6,EQ,TECHM,1707105,NIFTY IT
1250.91,-13.1,1263.3,1243.6,24-Sep-2026 16:00:28,1242.8,N,-1.04,1028384369.19,EQ,HCLTECH,822109,NIFTY IT
4056.83,-47,4089,4038,24-Sep-2026 16:00:28,4011,N,-1.15,1419910784.15,EQ,LTM,350005,NIFTY IT
513.6,21.15,522,511.35,24-Sep-2026 16:00:28,483,N,4.31,1728119678.4,EQ,SUNTV,3364719,NIFTY MEDIA
78.42,1.22,79.45,78.5,24-Sep-2026 16:00:28,76.85,N,1.58,1166087206.56,EQ,ZEEL,14869768,NIFTY MEDIA
375.68,1.4,380,374.1,24-Sep-2026 16:00:28,367,N,0.38,702398376.96,EQ,NAZARA,1869672,NIFTY MEDIA
26.96,-0.24,27.29,26.9,24-Sep-2026 16:00:28,26.62,N,-0.88,57777517.68,EQ,NETWORK18,2143083,NIFTY MEDIA
667.8,-8.45,676.75,662.05,24-Sep-2026 16:00:28,657,N,-1.26,177760346.4,EQ,TIPSMUSIC,266188,NIFTY MEDIA
9.99,-0.13,10.1,9.97,24-Sep-2026 16:00:28,9.92,N,-1.29,17230492.26,EQ,HATHWAY,1724774,NIFTY MEDIA
180.76,-2.66,182.79,179.56,24-Sep-2026 16:00:28,179.2,N,-1.46,9242078.04,EQ,DBCORP,51129,NIFTY MEDIA
500.04,-8,507,499,24-Sep-2026 16:00:28,495.2,N,-1.58,101156591.88,EQ,SAREGAMA,202297,NIFTY MEDIA
1280.18,-55.5,1310,1262,24-Sep-2026 16:00:28,1251,N,-4.21,862208911.08,EQ,PVRINOX,673506,NIFTY MEDIA
329.8,-16.85,335,320.3,24-Sep-2026 16:00:28,315,N,-5.00,1351414204.4,EQ,PFOCUS,4097678,NIFTY MEDIA
2183.92,-10.2,2204.9,2184.8,24-Sep-2026 16:00:28,2158.2,N,-0.46,1025948834.08,EQ,APLAPOLLO,469774,NIFTY METAL
187.71,-1.44,191.36,184,24-Sep-2026 16:00:28,182.15,N,-0.78,4658144535.24,EQ,SAIL,24815644,NIFTY METAL
266.46,-3.5,269.4,267.5,24-Sep-2026 16:00:28,264.2,N,-1.29,1515024945,EQ,VEDL,5685750,NIFTY METAL
589.86,-8.3,594.9,587.15,24-Sep-2026 16:00:28,581,N,-1.39,1946308544.46,EQ,HINDZINC,3299611,NIFTY METAL
358.69,-5.05,361.65,358.4,24-Sep-2026 16:00:28,354.4,N,-1.39,1164956968.9,EQ,NATIONALUM,3247810,NIFTY METAL
81.35,-1.18,82.09,80.82,24-Sep-2026 16:00:28,80.8,N,-1.44,420291114.25,EQ,NMDC,5166455,NIFTY METAL
189.36,-2.8,191.8,188.02,24-Sep-2026 16:00:28,187.72,N,-1.47,2973245318.64,EQ,TATASTEEL,15701549,NIFTY METAL
1160.6,-17.5,1174.7,1157.8,24-Sep-2026 16:00:28,1152.3,N,-1.49,694951031.6,EQ,JINDALSTEL,598786,NIFTY METAL
1281.22,-24.6,1298.4,1273.2,24-Sep-2026 16:00:28,1272.2,N,-1.90,1071841746.38,EQ,JSWSTEEL,836579,NIFTY METAL
982.71,-21.8,991.9,982,24-Sep-2026 16:00:28,976.5,N,-2.17,4256117010,EQ,HINDALCO,4331000,NIFTY METAL
748.75,-20.25,763.85,738.3,24-Sep-2026 16:00:28,737,N,-2.67,555140471.25,EQ,JSL,741423,NIFTY METAL
2930.92,-93.2,2978,2900,24-Sep-2026 16:00:28,2898.2,N,-3.11,3172609525.04,EQ,ADANIENT,1082462,NIFTY METAL
2744.63,-95.3,2800,2701.5,24-Sep-2026 16:00:28,2675,N,-3.41,2751411980.73,EQ,WELCORP,1002471,NIFTY METAL
501.13,-17.8,507.4,495.2,24-Sep-2026 16:00:28,493.6,N,-3.47,2944079616.66,EQ,HINDCOPPER,5874882,NIFTY METAL
1848.63,-69.7,1881.5,1821.2,24-Sep-2026 16:00:28,1816,N,-3.69,514887822.12,EQ,LLOYDSME,278524,NIFTY METAL
1996.56,32.4,2006.9,1995,24-Sep-2026 16:00:28,1962.6,N,1.65,544989003.84,EQ,IPCALAB,272964,NIFTY PHARMA
2486.46,35,2504.3,2500,24-Sep-2026 16:00:28,2442.6,N,1.42,1112163720.48,EQ,MANKIND,447288,NIFTY PHARMA
1398.4,16,1419,1399,24-Sep-2026 16:00:28,1364.6,N,1.16,2210568345.6,EQ,CIPLA,1580784,NIFTY PHARMA
1181.43,10.2,1190.6,1180.3,24-Sep-2026 16:00:28,1161.6,N,0.87,2322543701.25,EQ,ZYDUSLIFE,1965875,NIFTY PHARMA
26983.24,-5,27225,26930,24-Sep-2026 16:00:28,26780,N,-0.02,121316647.04,EQ,ABBOTINDIA,4496,NIFTY PHARMA
2097.9,-2.1,2114.8,2100.7,24-Sep-2026 16:00:28,2084.5,N,-0.10,1118524755.6,EQ,LUPIN,533164,NIFTY PHARMA
9638.65,-22,9740,9602,24-Sep-2026 16:00:28,9540,N,-0.23,6425769879.55,EQ,DIVISLAB,666667,NIFTY PHARMA
1726.97,-5.5,1740,1716,24-Sep-2026 16:00:28,1710,N,-0.32,1415688838.41,EQ,AUROPHARMA,819753,NIFTY PHARMA
2040.9,-7.8,2055.3,2026.2,24-Sep-2026 16:00:28,2020,N,-0.38,2832848795.1,EQ,LAURUSLABS,1388039,NIFTY PHARMA
1619.85,-7.6,1649.8,1602,24-Sep-2026 16:00:28,1589,N,-0.47,840400857.9,EQ,SAILIFE,518814,NIFTY PHARMA
3555.59,-18.9,3594,3549.2,24-Sep-2026 16:00:28,3521.1,N,-0.53,131599497.08,EQ,AJANTPHARM,37012,NIFTY PHARMA
1858.48,-15.1,1880,1849.9,24-Sep-2026 16:00:28,1848.4,N,-0.81,3239116914.8,EQ,SUNPHARMA,1742885,NIFTY PHARMA
2912.81,-24.2,2933.2,2886,24-Sep-2026 16:00:28,2875.1,N,-0.83,953368538.62,EQ,GLAND,327302,NIFTY PHARMA
1205.03,-10.8,1213.9,1200.4,24-Sep-2026 16:00:28,1197,N,-0.89,2009623710.88,EQ,DRREDDY,1667696,NIFTY PHARMA
4950.29,-56.5,5010,4928.5,24-Sep-2026 16:00:28,4902,N,-1.13,1265868357.64,EQ,TORNTPHARM,255716,NIFTY PHARMA
210.96,-2.8,214.89,207.94,24-Sep-2026 16:00:28,207.1,N,-1.33,922665414.96,EQ,PPLPHARMA,4373651,NIFTY PHARMA
5345.08,-91.5,5447,5326,24-Sep-2026 16:00:28,5261.5,N,-1.69,884471767.92,EQ,ALKEM,165474,NIFTY PHARMA
2446.77,-44.6,2470,2430.4,24-Sep-2026 16:00:28,2422,N,-1.80,1108927546.17,EQ,GLENMARK,453221,NIFTY PHARMA
389.74,-8,394.8,387,24-Sep-2026 16:00:28,384.9,N,-2.03,665841169.76,EQ,BIOCON,1708424,NIFTY PHARMA
2299.67,-56.7,2334.5,2273,24-Sep-2026 16:00:28,2265,N,-2.43,1896641334.15,EQ,WOCKPHARMA,824745,NIFTY PHARMA
125.35,-0.1,126.2,125.9,24-Sep-2026 16:00:28,124.57,N,-0.08,1142205370.15,EQ,CANBK,9112129,NIFTY PSU BANK
178.62,-0.55,180.2,179.45,24-Sep-2026 16:00:28,175.86,N,-0.31,801006564.54,EQ,UNIONBANK,4484417,NIFTY PSU BANK
31.92,-0.22,32.13,31.91,24-Sep-2026 16:00:28,31.81,N,-0.68,59697741.6,EQ,IOB,1870230,NIFTY PSU BANK
117.72,-1.18,118.67,117.12,24-Sep-2026 16:00:28,117.06,N,-1.00,1266175719,EQ,PNB,10755825,NIFTY PSU BANK
234.74,-2.57,236.22,234.3,24-Sep-2026 16:00:28,233.77,N,-1.08,880597063.28,EQ,BANKBARODA,3751372,NIFTY PSU BANK
23.77,-0.29,23.99,23.75,24-Sep-2026 16:00:28,23.65,N,-1.21,57320475.51,EQ,UCOBANK,2411463,NIFTY PSU BANK
31.24,-0.39,31.52,31.24,24-Sep-2026 16:00:28,31.08,N,-1.23,90557980.92,EQ,CENTRALBK,2898783,NIFTY PSU BANK
21.82,-0.28,22,21.82,24-Sep-2026 16:00:28,21.7,N,-1.27,16342438.12,EQ,PSB,748966,NIFTY PSU BANK
137.66,-1.89,138.75,137.76,24-Sep-2026 16:00:28,137.11,N,-1.35,505513400.08,EQ,BANKINDIA,3672188,NIFTY PSU BANK
829.79,-12,840.2,830,24-Sep-2026 16:00:28,824.1,N,-1.43,575100065.93,EQ,INDIANB,693067,NIFTY PSU BANK
981.33,-15.6,992,978.5,24-Sep-2026 16:00:28,975.8,N,-1.57,13468432373.76,EQ,SBIN,13724672,NIFTY PSU BANK
82.72,-1.73,83.9,82.38,24-Sep-2026 16:00:28,81.8,N,-2.06,658818642.24,EQ,MAHABANK,7964442,NIFTY PSU BANK
1335.62,-5.5,1347.8,1334.5,24-Sep-2026 16:00:28,1330.1,N,-0.41,11558348630.4,EQ,ICICIBANK,8653920,NIFTY PVT BANK
329.31,-1.8,332.7,329.5,24-Sep-2026 16:00:28,325.95,N,-0.54,1986370257.96,EQ,FEDERALBNK,6031916,NIFTY PVT BANK
729.95,-8.35,734.85,728.9,24-Sep-2026 16:00:28,722.7,N,-1.13,21588412860.3,EQ,HDFCBANK,29575194,NIFTY PVT BANK
406.62,-8.25,410,405,24-Sep-2026 16:00:28,404.3,N,-2.00,5204673380.52,EQ,KOTAKBANK,12799846,NIFTY PVT BANK
22.54,-0.8,23.08,22.44,24-Sep-2026 16:00:28,22.38,N,-3.44,2304431784.9,EQ,YESBANK,102237435,NIFTY PVT BANK
414.65,-15.25,423.2,412.75,24-Sep-2026 16:00:28,409.1,N,-3.56,3033539178.95,EQ,RBLBANK,7315903,NIFTY PVT BANK
919.33,-39.8,928.9,919.5,24-Sep-2026 16:00:28,909.3,N,-4.15,5388671181.6,EQ,INDUSINDBK,5861520,NIFTY PVT BANK
185.86,-8.48,189.28,182.9,24-Sep-2026 16:00:28,182.62,N,-4.43,3587104505.1,EQ,BANDHANBNK,19300035,NIFTY PVT BANK
1191.67,-56.7,1225.2,1186.5,24-Sep-2026 16:00:28,1175,N,-4.56,12978072802.2,EQ,AXISBANK,10890660,NIFTY PVT BANK
84.39,-4.14,85.49,83.76,24-Sep-2026 16:00:28,83.3,N,-4.71,3424837429.89,EQ,IDFCFIRSTB,40583451,NIFTY PVT BANK
1234.31,2.8,1262.9,1209.2,24-Sep-2026 16:00:28,1189.6,N,0.23,618132573.52,EQ,ABREL,500792,NIFTY REALTY
1236.79,1.1,1248.4,1244.9,24-Sep-2026 16:00:28,1221.8,N,0.09,57346241.93,EQ,SOBHA,46367,NIFTY REALTY
1164.77,-4.5,1177,1158,24-Sep-2026 16:00:28,1148.9,N,-0.39,1448422943.79,EQ,LODHA,1243527,NIFTY REALTY
675.71,-4.6,681,670.4,24-Sep-2026 16:00:28,666.55,N,-0.68,3428557269.97,EQ,DLF,5074007,NIFTY REALTY
1855.19,-12.5,1874.7,1837.5,24-Sep-2026 16:00:28,1815,N,-0.68,869711216.81,EQ,OBEROIRLTY,468799,NIFTY REALTY
1474.4,-15,1495.8,1475,24-Sep-2026 16:00:28,1463.1,N,-1.01,422794520.8,EQ,PRESTIGE,286757,NIFTY REALTY
628.18,-9.25,636,622.55,24-Sep-2026 16:00:28,621.05,N,-1.46,1078627776.24,EQ,ANANTRAJ,1717068,NIFTY REALTY
1994.88,-38.2,2035.6,1955,24-Sep-2026 16:00:28,1948,N,-1.92,1115113981.44,EQ,PHOENIXLTD,558988,NIFTY REALTY
606.69,-12.45,616,604,24-Sep-2026 16:00:28,598.8,N,-2.02,110097854.37,EQ,BRIGADE,181473,NIFTY REALTY
1684,-36.4,1707.9,1671.2,24-Sep-2026 16:00:28,1665.7,N,-2.13,810064624,EQ,GODREJPROP,481036,NIFTY REALTY
1996.56,32.4,2006.9,1995,24-Sep-2026 16:00:28,1962.6,N,1.65,544989003.84,EQ,IPCALAB,272964,NIFTY HEALTHCARE
2486.46,35,2504.3,2500,24-Sep-2026 16:00:28,2442.6,N,1.42,1112163720.48,EQ,MANKIND,447288,NIFTY HEALTHCARE
1398.4,16,1419,1399,24-Sep-2026 16:00:28,1364.6,N,1.16,2210568345.6,EQ,CIPLA,1580784,NIFTY HEALTHCARE
1181.43,10.2,1190.6,1180.3,24-Sep-2026 16:00:28,1161.6,N,0.87,2322543701.25,EQ,ZYDUSLIFE,1965875,NIFTY HEALTHCARE
26983.24,-5,27225,26930,24-Sep-2026 16:00:28,26780,N,-0.02,121316647.04,EQ,ABBOTINDIA,4496,NIFTY HEALTHCARE
2097.9,-2.1,2114.8,2100.7,24-Sep-2026 16:00:28,2084.5,N,-0.10,1118524755.6,EQ,LUPIN,533164,NIFTY HEALTHCARE
9638.65,-22,9740,9602,24-Sep-2026 16:00:28,9540,N,-0.23,6425769879.55,EQ,DIVISLAB,666667,NIFTY HEALTHCARE
1726.97,-5.5,1740,1716,24-Sep-2026 16:00:28,1710,N,-0.32,1415688838.41,EQ,AUROPHARMA,819753,NIFTY HEALTHCARE
2040.9,-7.8,2055.3,2026.2,24-Sep-2026 16:00:28,2020,N,-0.38,2832848795.1,EQ,LAURUSLABS,1388039,NIFTY HEALTHCARE
381.31,-1.85,384.9,380,24-Sep-2026 16:00:28,378.1,N,-0.48,87836283.74,EQ,SYNGENE,230354,NIFTY HEALTHCARE
1858.48,-15.1,1880,1849.9,24-Sep-2026 16:00:28,1848.4,N,-0.81,3239116914.8,EQ,SUNPHARMA,1742885,NIFTY HEALTHCARE
1205.03,-10.8,1213.9,1200.4,24-Sep-2026 16:00:28,1197,N,-0.89,2009623710.88,EQ,DRREDDY,1667696,NIFTY HEALTHCARE
4950.29,-56.5,5010,4928.5,24-Sep-2026 16:00:28,4902,N,-1.13,1265868357.64,EQ,TORNTPHARM,255716,NIFTY HEALTHCARE
1044.63,-13.9,1055.8,1046,24-Sep-2026 16:00:28,1029,N,-1.31,2616941264.31,EQ,MAXHEALTH,2505137,NIFTY HEALTHCARE
210.96,-2.8,214.89,207.94,24-Sep-2026 16:00:28,207.1,N,-1.33,922665414.96,EQ,PPLPHARMA,4373651,NIFTY HEALTHCARE
5345.08,-91.5,5447,5326,24-Sep-2026 16:00:28,5261.5,N,-1.69,884471767.92,EQ,ALKEM,165474,NIFTY HEALTHCARE
2446.77,-44.6,2470,2430.4,24-Sep-2026 16:00:28,2422,N,-1.80,1108927546.17,EQ,GLENMARK,453221,NIFTY HEALTHCARE
888.2,-16.65,897.15,877.35,24-Sep-2026 16:00:28,877.35,N,-1.86,805473940.2,EQ,FORTIS,906861,NIFTY HEALTHCARE
8975.29,-180.5,9069,8888.5,24-Sep-2026 16:00:28,8888.5,N,-1.99,3438487450.74,EQ,APOLLOHOSP,383106,NIFTY HEALTHCARE
389.74,-8,394.8,387,24-Sep-2026 16:00:28,384.9,N,-2.03,665841169.76,EQ,BIOCON,1708424,NIFTY HEALTHCARE
13230.01,99,13315,13299,24-Sep-2026 16:00:28,13091,N,0.75,2449827411.72,EQ,DIXON,185172,NIFTY CONSR DURBL
1221.68,5,1239.1,1221.4,24-Sep-2026 16:00:28,1204,N,0.41,345172245.52,EQ,KAJARIACER,282539,NIFTY CONSR DURBL
1701.55,1.6,1719.9,1695.8,24-Sep-2026 16:00:28,1669.9,N,0.09,898272066.7,EQ,LGEINDIA,527914,NIFTY CONSR DURBL
1529.79,-7.6,1545.6,1525,24-Sep-2026 16:00:28,1514.1,N,-0.50,313152602.37,EQ,BLUESTARCO,204703,NIFTY CONSR DURBL
1095.44,-6.5,1102.9,1090,24-Sep-2026 16:00:28,1087,N,-0.59,409787672.4,EQ,HAVELLS,374085,NIFTY CONSR DURBL
832,-5.15,878,860.1,24-Sep-2026 16:00:28,810,N,-0.60,6238297728,EQ,WHIRLPOOL,7497954,NIFTY CONSR DURBL
4861.9,-47.5,4912,4832.5,24-Sep-2026 16:00:28,4830,N,-0.97,2451010199.4,EQ,TITAN,504126,NIFTY CONSR DURBL
517.82,-6.7,524.75,514.45,24-Sep-2026 16:00:28,512,N,-1.29,379267420.42,EQ,PGEL,732431,NIFTY CONSR DURBL
1116.92,-16.6,1126.4,1113.4,24-Sep-2026 16:00:28,1106.9,N,-1.47,592205503.96,EQ,VOLTAS,530213,NIFTY CONSR DURBL
629.88,-9.95,638.95,627.25,24-Sep-2026 16:00:28,626,N,-1.56,56478820.08,EQ,BATAINDIA,89666,NIFTY CONSR DURBL
220.89,-3.63,223.3,219.8,24-Sep-2026 16:00:28,218.65,N,-1.62,374354211.06,EQ,CROMPTON,1694754,NIFTY CONSR DURBL
579.06,-10.65,588.6,573.6,24-Sep-2026 16:00:28,570.35,N,-1.82,2102421515.94,EQ,KALYANKJIL,3630749,NIFTY CONSR DURBL
6982.92,-153.5,7050,6911,24-Sep-2026 16:00:28,6911,N,-2.17,603806109.48,EQ,AMBER,86469,NIFTY CONSR DURBL
473.43,9,479,479,24-Sep-2026 16:00:28,469.15,N,1.91,705717956.07,EQ,OIL,1490649,NIFTY OIL AND GAS
236.43,2.1,239,239,24-Sep-2026 16:00:28,235.23,N,0.89,2008176366.78,EQ,ONGC,8493746,NIFTY OIL AND GAS
194.72,1.51,195.9,194.74,24-Sep-2026 16:00:28,192.11,N,0.78,453047429.92,EQ,CASTROLIND,2326661,NIFTY OIL AND GAS
172.82,0.9,173.85,173.85,24-Sep-2026 16:00:28,171.84,N,0.52,1068661330.94,EQ,GAIL,6183667,NIFTY OIL AND GAS
286.44,0.75,288.1,286.6,24-Sep-2026 16:00:28,283.3,N,0.26,300696118.8,EQ,PETRONET,1049770,NIFTY OIL AND GAS
145.86,-1.36,146.62,145.73,24-Sep-2026 16:00:28,145.1,N,-0.92,172227987.36,EQ,IGL,1180776,NIFTY OIL AND GAS
1084.29,-13.8,1092,1079,24-Sep-2026 16:00:28,1077.4,N,-1.26,56231279.4,EQ,MGL,51860,NIFTY OIL AND GAS
1375.26,-17.6,1398.2,1371,24-Sep-2026 16:00:28,1360.8,N,-1.27,1200691371.9,EQ,CHENNPETRO,873065,NIFTY OIL AND GAS
136.5,-1.88,137.5,136.27,24-Sep-2026 16:00:28,135.51,N,-1.36,989067124.5,EQ,IOC,7245913,NIFTY OIL AND GAS
617.34,-12.45,623.9,612.8,24-Sep-2026 16:00:28,611.1,N,-1.99,391509002.58,EQ,ATGL,634187,NIFTY OIL AND GAS
1229.38,-28.8,1241.6,1219.2,24-Sep-2026 16:00:28,1219.2,N,-2.31,17117635097.1,EQ,RELIANCE,13923795,NIFTY OIL AND GAS
1368.01,-34.5,1405.8,1370,24-Sep-2026 16:00:28,1348.4,N,-2.46,749215300.68,EQ,AEGISLOG,547668,NIFTY OIL AND GAS
353.07,-9.6,358,350.4,24-Sep-2026 16:00:28,349.3,N,-2.67,1090406559.06,EQ,HINDPETRO,3088358,NIFTY OIL AND GAS
309.66,-8.65,313.95,307.1,24-Sep-2026 16:00:28,306.7,N,-2.74,998673937.56,EQ,BPCL,3225066,NIFTY OIL AND GAS
289.18,-12.8,300.8,290,24-Sep-2026 16:00:28,283.6,N,-4.23,709062998.04,EQ,AEGISVOPAK,2451978,NIFTY OIL AND GAS
1953.43,32.7,1976.2,1957,24-Sep-2026 16:00:28,1911.7,N,1.70,840293309.09,EQ,LALPATHLAB,430163,NIFTY MIDSML HLTH
1996.56,32.4,2006.9,1995,24-Sep-2026 16:00:28,1962.6,N,1.65,544989003.84,EQ,IPCALAB,272964,NIFTY MIDSML HLTH
2486.46,35,2504.3,2500,24-Sep-2026 16:00:28,2442.6,N,1.42,1112163720.48,EQ,MANKIND,447288,NIFTY MIDSML HLTH
3314.49,29.8,3366.6,3295,24-Sep-2026 16:00:28,3232,N,0.91,1066606196.49,EQ,ACUTAAS,321801,NIFTY MIDSML HLTH
4043.19,28.9,4060,4054.4,24-Sep-2026 16:00:28,3998.9,N,0.72,75478270.92,EQ,PFIZER,18668,NIFTY MIDSML HLTH
846.61,4.5,855,842.1,24-Sep-2026 16:00:28,832.25,N,0.54,443889475.54,EQ,NATCOPHARM,524314,NIFTY MIDSML HLTH
803.18,3.95,811.2,802,24-Sep-2026 16:00:28,795,N,0.49,208948080.18,EQ,KIMS,260151,NIFTY MIDSML HLTH
1500.88,6.9,1513,1503,24-Sep-2026 16:00:28,1479.1,N,0.46,257373904.16,EQ,MEDANTA,171482,NIFTY MIDSML HLTH
770.9,3.15,780,763.2,24-Sep-2026 16:00:28,752,N,0.41,1198758750.8,EQ,ASTERDM,1555012,NIFTY MIDSML HLTH
1591.09,6.3,1605,1603,24-Sep-2026 16:00:28,1579.2,N,0.39,166924434.08,EQ,ONESOURCE,104912,NIFTY MIDSML HLTH
26983.24,-5,27225,26930,24-Sep-2026 16:00:28,26780,N,-0.02,121316647.04,EQ,ABBOTINDIA,4496,NIFTY MIDSML HLTH
2097.9,-2.1,2114.8,2100.7,24-Sep-2026 16:00:28,2084.5,N,-0.10,1118524755.6,EQ,LUPIN,533164,NIFTY MIDSML HLTH
1726.97,-5.5,1740,1716,24-Sep-2026 16:00:28,1710,N,-0.32,1415688838.41,EQ,AUROPHARMA,819753,NIFTY MIDSML HLTH
2040.9,-7.8,2055.3,2026.2,24-Sep-2026 16:00:28,2020,N,-0.38,2832848795.1,EQ,LAURUSLABS,1388039,NIFTY MIDSML HLTH
1619.85,-7.6,1649.8,1602,24-Sep-2026 16:00:28,1589,N,-0.47,840400857.9,EQ,SAILIFE,518814,NIFTY MIDSML HLTH
381.31,-1.85,384.9,380,24-Sep-2026 16:00:28,378.1,N,-0.48,87836283.74,EQ,SYNGENE,230354,NIFTY MIDSML HLTH
3555.59,-18.9,3594,3549.2,24-Sep-2026 16:00:28,3521.1,N,-0.53,131599497.08,EQ,AJANTPHARM,37012,NIFTY MIDSML HLTH
1735.17,-11.6,1772,1715,24-Sep-2026 16:00:28,1710.1,N,-0.67,197946458.43,EQ,POLYMED,114079,NIFTY MIDSML HLTH
2912.81,-24.2,2933.2,2886,24-Sep-2026 16:00:28,2875.1,N,-0.83,953368538.62,EQ,GLAND,327302,NIFTY MIDSML HLTH
856.52,-8.25,867,852,24-Sep-2026 16:00:28,850.55,N,-0.96,280453769.68,EQ,GRANULES,327434,NIFTY MIDSML HLTH
210.96,-2.8,214.89,207.94,24-Sep-2026 16:00:28,207.1,N,-1.33,922665414.96,EQ,PPLPHARMA,4373651,NIFTY MIDSML HLTH
2847.6,-47.3,2880,2829.6,24-Sep-2026 16:00:28,2815,N,-1.64,51122962.8,EQ,GLAXO,17953,NIFTY MIDSML HLTH
5345.08,-91.5,5447,5326,24-Sep-2026 16:00:28,5261.5,N,-1.69,884471767.92,EQ,ALKEM,165474,NIFTY MIDSML HLTH
456.87,-7.9,464.45,453.55,24-Sep-2026 16:00:28,451.1,N,-1.71,159894448.86,EQ,COHANCE,349978,NIFTY MIDSML HLTH
2446.77,-44.6,2470,2430.4,24-Sep-2026 16:00:28,2422,N,-1.80,1108927546.17,EQ,GLENMARK,453221,NIFTY MIDSML HLTH
888.2,-16.65,897.15,877.35,24-Sep-2026 16:00:28,877.35,N,-1.86,805473940.2,EQ,FORTIS,906861,NIFTY MIDSML HLTH
389.74,-8,394.8,387,24-Sep-2026 16:00:28,384.9,N,-2.03,665841169.76,EQ,BIOCON,1708424,NIFTY MIDSML HLTH
1891.25,-44.3,1909.9,1875,24-Sep-2026 16:00:28,1870,N,-2.31,129490105,EQ,NH,68468,NIFTY MIDSML HLTH
2299.67,-56.7,2334.5,2273,24-Sep-2026 16:00:28,2265,N,-2.43,1896641334.15,EQ,WOCKPHARMA,824745,NIFTY MIDSML HLTH
22095.46,-550,22595,21940,24-Sep-2026 16:00:28,21800,N,-2.45,1810104274.12,EQ,NEULANDLAB,81922,NIFTY MIDSML HLTH
1561.1,76.4,1583.9,1577,24-Sep-2026 16:00:28,1465.6,N,5.09,4283419551.7,EQ,ICICIGI,2743847,NIFTY FINSEREXBNK
3429.8,53.7,3477,3427.7,24-Sep-2026 16:00:28,3351.1,N,1.59,14176831354.4,EQ,MCX,4133428,NIFTY FINSEREXBNK
1763.12,-5,1791.4,1755,24-Sep-2026 16:00:28,1699.9,N,-0.28,6082106356.24,EQ,SBILIFE,3449627,NIFTY FINSEREXBNK
408.45,-1.5,417.8,406,24-Sep-2026 16:00:28,398.5,N,-0.37,6021161590.5,EQ,LICI,14741490,NIFTY FINSEREXBNK
309.07,-3.25,310.85,308.25,24-Sep-2026 16:00:28,307.2,N,-1.04,1814741593.4,EQ,RECLTD,5871620,NIFTY FINSEREXBNK
2830,-31.2,2855,2825.3,24-Sep-2026 16:00:28,2808.1,N,-1.09,1302705600,EQ,MUTHOOTFIN,460320,NIFTY FINSEREXBNK
79.84,-1.14,80.5,79.86,24-Sep-2026 16:00:28,79.41,N,-1.41,425756460.64,EQ,IRFC,5332621,NIFTY FINSEREXBNK
567.62,-8.25,571.9,564.25,24-Sep-2026 16:00:28,563.8,N,-1.44,736605582.58,EQ,LICHSGFIN,1297709,NIFTY FINSEREXBNK
716.58,-13.3,725,710.6,24-Sep-2026 16:00:28,705,N,-1.84,709374788.1,EQ,CAMS,989945,NIFTY FINSEREXBNK
341.18,-6.65,345.1,339.35,24-Sep-2026 16:00:28,338,N,-1.92,2713571377.02,EQ,PFC,7953489,NIFTY FINSEREXBNK
995.56,-20.8,1008.6,990,24-Sep-2026 16:00:28,983.4,N,-2.06,4077939200.56,EQ,SHRIRAMFIN,4096126,NIFTY FINSEREXBNK
228.55,-4.95,230.6,227.2,24-Sep-2026 16:00:28,226.7,N,-2.13,2619244937.05,EQ,JIOFIN,11460271,NIFTY FINSEREXBNK
1757.19,-39.5,1784.7,1735.5,24-Sep-2026 16:00:28,1730.3,N,-2.23,6217419690.06,EQ,PAYTM,3538274,NIFTY FINSEREXBNK
1332.99,-31.1,1347.3,1320,24-Sep-2026 16:00:28,1318.1,N,-2.30,1642642244.01,EQ,CDSL,1232299,NIFTY FINSEREXBNK
1079.26,-27.2,1103,1080.8,24-Sep-2026 16:00:28,1066.9,N,-2.45,1463902867.7,EQ,360ONE,1356395,NIFTY FINSEREXBNK
626.28,-16.6,642.3,618.4,24-Sep-2026 16:00:28,616.2,N,-2.61,741752880.12,EQ,SBICARD,1184379,NIFTY FINSEREXBNK
3242.15,-86.9,3308,3183.8,24-Sep-2026 16:00:28,3175,N,-2.66,18350384197.45,EQ,BSE,5659943,NIFTY FINSEREXBNK
2402.92,-68,2432,2380.3,24-Sep-2026 16:00:28,2380.3,N,-2.78,1635549900.92,EQ,HDFCAMC,680651,NIFTY FINSEREXBNK
393.71,-12.35,401.7,390.1,24-Sep-2026 16:00:28,388.5,N,-3.07,1595856633.51,EQ,ABCAPITAL,4053381,NIFTY FINSEREXBNK
293.08,-9.3,297.75,290.7,24-Sep-2026 16:00:28,289.8,N,-3.10,1073753679.04,EQ,ANGELONE,3663688,NIFTY FINSEREXBNK
1101.05,-44,1135.1,1094.5,24-Sep-2026 16:00:28,1085.7,N,-3.86,659231666.5,EQ,PNBHOUSING,598730,NIFTY FINSEREXBNK
461.12,-20,472.85,464.5,24-Sep-2026 16:00:28,445.35,N,-4.13,3579714677.44,EQ,ICICIPRULI,7763087,NIFTY FINSEREXBNK
1779.06,-84.2,1818,1762.3,24-Sep-2026 16:00:28,1760.9,N,-4.56,2704251257.7,EQ,BAJAJFINSV,1520045,NIFTY FINSEREXBNK
11134,-532,11390,10917,24-Sep-2026 16:00:28,10898,N,-4.65,486310852,EQ,BAJAJHLDNG,43678,NIFTY FINSEREXBNK
1680.42,-92.3,1712,1681.7,24-Sep-2026 16:00:28,1629.9,N,-5.20,6977754162.54,EQ,CHOLAFIN,4152387,NIFTY FINSEREXBNK
988.91,-61.2,1015,982,24-Sep-2026 16:00:28,974,N,-5.87,13237209074.96,EQ,BAJFINANCE,13385656,NIFTY FINSEREXBNK
527.47,-34.6,535.35,526.9,24-Sep-2026 16:00:28,514,N,-6.16,9444853028.91,EQ,HDFCLIFE,17905953,NIFTY FINSEREXBNK
284.81,-28,290.6,282,24-Sep-2026 16:00:28,279,N,-9.03,10275332173.69,EQ,LTF,36077849,NIFTY FINSEREXBNK
1394.23,-152.9,1429.8,1410,24-Sep-2026 16:00:28,1360.1,N,-9.78,15924671983.2,EQ,MFSL,11421840,NIFTY FINSEREXBNK
1283.32,-679.1,1697.7,1207.2,24-Sep-2026 16:00:28,1207.2,N,-36.00,35097241482.88,EQ,POLICYBZR,27348784,NIFTY FINSEREXBNK
1561.1,76.4,1583.9,1577,24-Sep-2026 16:00:28,1465.6,N,5.09,4283419551.7,EQ,ICICIGI,2743847,NIFTY MS FIN SERV
3429.8,53.7,3477,3427.7,24-Sep-2026 16:00:28,3351.1,N,1.59,14176831354.4,EQ,MCX,4133428,NIFTY MS FIN SERV
320.61,4.55,327,324.95,24-Sep-2026 16:00:28,313.15,N,1.42,1498738895.28,EQ,MANAPPURAM,4674648,NIFTY MS FIN SERV
408.45,-1.5,417.8,406,24-Sep-2026 16:00:28,398.5,N,-0.37,6021161590.5,EQ,LICI,14741490,NIFTY MS FIN SERV
329.31,-1.8,332.7,329.5,24-Sep-2026 16:00:28,325.95,N,-0.54,1986370257.96,EQ,FEDERALBNK,6031916,NIFTY MS FIN SERV
137.66,-1.89,138.75,137.76,24-Sep-2026 16:00:28,137.11,N,-1.35,505513400.08,EQ,BANKINDIA,3672188,NIFTY MS FIN SERV
829.79,-12,840.2,830,24-Sep-2026 16:00:28,824.1,N,-1.43,575100065.93,EQ,INDIANB,693067,NIFTY MS FIN SERV
567.62,-8.25,571.9,564.25,24-Sep-2026 16:00:28,563.8,N,-1.44,736605582.58,EQ,LICHSGFIN,1297709,NIFTY MS FIN SERV
900.84,-14,911,897.95,24-Sep-2026 16:00:28,893.05,N,-1.54,389609696.64,EQ,KFINTECH,432496,NIFTY MS FIN SERV
111.73,-1.96,112.5,111.2,24-Sep-2026 16:00:28,111.04,N,-1.73,297206939.58,EQ,IEX,2660046,NIFTY MS FIN SERV
173.61,-3.17,176.4,174.75,24-Sep-2026 16:00:28,171.15,N,-1.78,457061310.9,EQ,HUDCO,2632690,NIFTY MS FIN SERV
716.58,-13.3,725,710.6,24-Sep-2026 16:00:28,705,N,-1.84,709374788.1,EQ,CAMS,989945,NIFTY MS FIN SERV
1757.19,-39.5,1784.7,1735.5,24-Sep-2026 16:00:28,1730.3,N,-2.23,6217419690.06,EQ,PAYTM,3538274,NIFTY MS FIN SERV
1332.99,-31.1,1347.3,1320,24-Sep-2026 16:00:28,1318.1,N,-2.30,1642642244.01,EQ,CDSL,1232299,NIFTY MS FIN SERV
1079.26,-27.2,1103,1080.8,24-Sep-2026 16:00:28,1066.9,N,-2.45,1463902867.7,EQ,360ONE,1356395,NIFTY MS FIN SERV
626.28,-16.6,642.3,618.4,24-Sep-2026 16:00:28,616.2,N,-2.61,741752880.12,EQ,SBICARD,1184379,NIFTY MS FIN SERV
3242.15,-86.9,3308,3183.8,24-Sep-2026 16:00:28,3175,N,-2.66,18350384197.45,EQ,BSE,5659943,NIFTY MS FIN SERV
393.71,-12.35,401.7,390.1,24-Sep-2026 16:00:28,388.5,N,-3.07,1595856633.51,EQ,ABCAPITAL,4053381,NIFTY MS FIN SERV
293.08,-9.3,297.75,290.7,24-Sep-2026 16:00:28,289.8,N,-3.10,1073753679.04,EQ,ANGELONE,3663688,NIFTY MS FIN SERV
22.54,-0.8,23.08,22.44,24-Sep-2026 16:00:28,22.38,N,-3.44,2304431784.9,EQ,YESBANK,102237435,NIFTY MS FIN SERV
414.65,-15.25,423.2,412.75,24-Sep-2026 16:00:28,409.1,N,-3.56,3033539178.95,EQ,RBLBANK,7315903,NIFTY MS FIN SERV
1101.05,-44,1135.1,1094.5,24-Sep-2026 16:00:28,1085.7,N,-3.86,659231666.5,EQ,PNBHOUSING,598730,NIFTY MS FIN SERV
461.12,-20,472.85,464.5,24-Sep-2026 16:00:28,445.35,N,-4.13,3579714677.44,EQ,ICICIPRULI,7763087,NIFTY MS FIN SERV
919.33,-39.8,928.9,919.5,24-Sep-2026 16:00:28,909.3,N,-4.15,5388671181.6,EQ,INDUSINDBK,5861520,NIFTY MS FIN SERV
185.86,-8.48,189.28,182.9,24-Sep-2026 16:00:28,182.62,N,-4.43,3587104505.1,EQ,BANDHANBNK,19300035,NIFTY MS FIN SERV
84.39,-4.14,85.49,83.76,24-Sep-2026 16:00:28,83.3,N,-4.71,3424837429.89,EQ,IDFCFIRSTB,40583451,NIFTY MS FIN SERV
1008.72,-52.9,1034.1,1000.1,24-Sep-2026 16:00:28,999.2,N,-5.02,3478942128.96,EQ,AUBANK,3448868,NIFTY MS FIN SERV
284.81,-28,290.6,282,24-Sep-2026 16:00:28,279,N,-9.03,10275332173.69,EQ,LTF,36077849,NIFTY MS FIN SERV
1394.23,-152.9,1429.8,1410,24-Sep-2026 16:00:28,1360.1,N,-9.78,15924671983.2,EQ,MFSL,11421840,NIFTY MS FIN SERV
1283.32,-679.1,1697.7,1207.2,24-Sep-2026 16:00:28,1207.2,N,-36.00,35097241482.88,EQ,POLICYBZR,27348784,NIFTY MS FIN SERV
5303.52,37,5345,5277,24-Sep-2026 16:00:28,5188,N,0.71,2183140972.8,EQ,PERSISTENT,411640,NIFTY MS IT TELCM
10900.33,76,10995,10925,24-Sep-2026 16:00:28,10600,N,0.70,1553384227.64,EQ,OFSS,142508,NIFTY MS IT TELCM
1573.13,4,1598.5,1588.3,24-Sep-2026 16:00:28,1555.7,N,0.25,155777625.12,EQ,AFFLE,99024,NIFTY MS IT TELCM
1784.84,3.5,1803.4,1785.9,24-Sep-2026 16:00:28,1758.1,N,0.20,2005660404.8,EQ,COFORGE,1123720,NIFTY MS IT TELCM
724.56,0.55,732.65,717,24-Sep-2026 16:00:28,712.25,N,0.08,786613492.08,EQ,TATATECH,1085643,NIFTY MS IT TELCM
496.35,-1.5,503.4,498.5,24-Sep-2026 16:00:28,490.05,N,-0.30,64039077,EQ,HEXT,129020,NIFTY MS IT TELCM
2259.58,-10.8,2277,2248.2,24-Sep-2026 16:00:28,2230,N,-0.48,341357010.18,EQ,MPHASIS,151071,NIFTY MS IT TELCM
3214.17,-25.5,3238.8,3205.8,24-Sep-2026 16:00:28,3190,N,-0.79,87949333.71,EQ,LTTS,27363,NIFTY MS IT TELCM
3198.37,-28.2,3235,3183.8,24-Sep-2026 16:00:28,3169,N,-0.88,706414386.79,EQ,TATAELXSI,220867,NIFTY MS IT TELCM
380.25,-4.95,384.85,379.85,24-Sep-2026 16:00:28,376.55,N,-1.29,1147169760.75,EQ,INDUSTOWER,3016883,NIFTY MS IT TELCM
1505.47,-20.2,1519.9,1505,24-Sep-2026 16:00:28,1496.8,N,-1.32,41907768.39,EQ,BHARTIHEXA,27837,NIFTY MS IT TELCM
1063.99,-17.3,1085,1054.9,24-Sep-2026 16:00:28,1044,N,-1.61,240029760.06,EQ,CYIENT,225594,NIFTY MS IT TELCM
1688.49,-30.6,1701,1670,24-Sep-2026 16:00:28,1666.6,N,-1.80,189050094.36,EQ,TATACOMM,111964,NIFTY MS IT TELCM
521.25,-10.15,527.8,516.85,24-Sep-2026 16:00:28,514,N,-1.93,813773936.25,EQ,KPITTECH,1561197,NIFTY MS IT TELCM
423.03,-8.75,430,422,24-Sep-2026 16:00:28,418.5,N,-2.03,491984313.03,EQ,ZENSARTECH,1163001,NIFTY MS IT TELCM
277.06,-6,280.95,276,24-Sep-2026 16:00:28,274,N,-2.13,105516361.58,EQ,SONATSOFTW,380843,NIFTY MS IT TELCM
45.18,-0.99,45.71,45,24-Sep-2026 16:00:28,44.82,N,-2.15,491293916.28,EQ,SAGILITY,10874146,NIFTY MS IT TELCM
212.7,-5.37,218.88,212,24-Sep-2026 16:00:28,209.1,N,-2.47,883159965.3,BE,HFCL,4152139,NIFTY MS IT TELCM
14.25,-0.4,14.5,14.12,24-Sep-2026 16:00:28,14.04,N,-2.75,5187723486.75,EQ,IDEA,364050771,NIFTY MS IT TELCM
645.75,-30.55,664,637.5,24-Sep-2026 16:00:28,635,N,-4.57,172032966,EQ,INTELLECT,266408,NIFTY MS IT TELCM
675.6,9.75,682.5,677.5,24-Sep-2026 16:00:28,660,N,1.46,1249588408.8,EQ,HSCL,1849598,NIFTY CHEMICALS
6147.92,77,6208.5,6195,24-Sep-2026 16:00:28,6098.5,N,1.26,140762776.32,EQ,ATUL,22896,NIFTY CHEMICALS
2388.25,7.5,2410,2393.5,24-Sep-2026 16:00:28,2365.3,N,0.31,276005276,EQ,PIIND,115568,NIFTY CHEMICALS
487.82,-0.55,492.2,490.8,24-Sep-2026 16:00:28,484.05,N,-0.11,142109771.12,EQ,AARTIIND,291316,NIFTY CHEMICALS
418.53,-0.5,421.5,419.1,24-Sep-2026 16:00:28,415.45,N,-0.12,112791323.82,EQ,CHAMBLFERT,269494,NIFTY CHEMICALS
4486.75,-5.4,4532.8,4471,24-Sep-2026 16:00:28,4430.3,N,-0.12,300378939,EQ,FLUOROCHEM,66948,NIFTY CHEMICALS
8470.87,-11.5,8559.5,8446,24-Sep-2026 16:00:28,8400,N,-0.14,492911454.43,EQ,NAVINFLUOR,58189,NIFTY CHEMICALS
1939.89,-10,1957.4,1946,24-Sep-2026 16:00:28,1922.2,N,-0.51,714711732.81,EQ,COROMANDEL,368429,NIFTY CHEMICALS
2537.61,-16.2,2558.8,2533.8,24-Sep-2026 16:00:28,2515.2,N,-0.64,279289356.6,EQ,SRF,110060,NIFTY CHEMICALS
551.02,-3.55,553.65,549.6,24-Sep-2026 16:00:28,546.5,N,-0.64,704632804.58,EQ,UPL,1278779,NIFTY CHEMICALS
3740.73,-37.6,3764.9,3725,24-Sep-2026 16:00:28,3725,N,-1.00,74866970.22,EQ,BAYERCROP,20014,NIFTY CHEMICALS
19686.27,-250,19860,19480,24-Sep-2026 16:00:28,19450,N,-1.27,2372451456.51,EQ,SOLARINDS,120513,NIFTY CHEMICALS
6222.31,-86,6333.5,6200,24-Sep-2026 16:00:28,6166.5,N,-1.37,72670358.49,EQ,LINDEINDIA,11679,NIFTY CHEMICALS
295.7,-4.55,299.65,295.5,24-Sep-2026 16:00:28,293.4,N,-1.52,185861643.6,EQ,SWANCORP,628548,NIFTY CHEMICALS
1370.6,-26.2,1393.8,1360,24-Sep-2026 16:00:28,1351.9,N,-1.89,205592741.2,EQ,DEEPAKFERT,150002,NIFTY CHEMICALS
341.38,-7.45,346.7,338,24-Sep-2026 16:00:28,337,N,-2.16,326746404.92,EQ,PCBL,957134,NIFTY CHEMICALS
1610.86,-36.8,1634,1599,24-Sep-2026 16:00:28,1596.1,N,-2.25,146018015.56,EQ,DEEPAKNTR,90646,NIFTY CHEMICALS
453.49,-12.2,462.2,452,24-Sep-2026 16:00:28,447.1,N,-2.63,90760128.13,EQ,SUMICHEM,200137,NIFTY CHEMICALS
659.85,-19.9,670,650,24-Sep-2026 16:00:28,649.95,N,-2.97,505135630.35,EQ,TATACHEM,765531,NIFTY CHEMICALS
1534.96,-66.1,1579,1522,24-Sep-2026 16:00:28,1517.5,N,-4.16,1932855401.12,EQ,PIDILITIND,1259222,NIFTY CHEMICALS
438.97,2.06,440,439.5,24-Sep-2026 16:00:28,436.4,N,0.47,261183638.24,RR,EMBASSY,594992,NIFTY REITS REALTY
504.91,2.25,506.98,504.5,24-Sep-2026 16:00:28,500.22,N,0.45,147205500.68,RR,MINDSPACE,291548,NIFTY REITS REALTY
166.21,0.69,166.9,166.9,24-Sep-2026 16:00:28,164.4,N,0.42,399329497.6,RR,NXST,2402560,NIFTY REITS REALTY
1234.31,2.8,1262.9,1209.2,24-Sep-2026 16:00:28,1189.6,N,0.23,618132573.52,EQ,ABREL,500792,NIFTY REITS REALTY
1236.79,1.1,1248.4,1244.9,24-Sep-2026 16:00:28,1221.8,N,0.09,57346241.93,EQ,SOBHA,46367,NIFTY REITS REALTY
113.84,-0.17,114.05,113.53,24-Sep-2026 16:00:28,113.4,N,-0.15,223404738.8,RR,KRT,1962445,NIFTY REITS REALTY
1164.77,-4.5,1177,1158,24-Sep-2026 16:00:28,1148.9,N,-0.39,1448422943.79,EQ,LODHA,1243527,NIFTY REITS REALTY
337.42,-1.89,339,337,24-Sep-2026 16:00:28,334.56,N,-0.56,106732356.98,RR,BIRET,316319,NIFTY REITS REALTY
1855.19,-12.5,1874.7,1837.5,24-Sep-2026 16:00:28,1815,N,-0.68,869711216.81,EQ,OBEROIRLTY,468799,NIFTY REITS REALTY
675.71,-4.6,681,670.4,24-Sep-2026 16:00:28,666.55,N,-0.68,3428557269.97,EQ,DLF,5074007,NIFTY REITS REALTY
1474.4,-15,1495.8,1475,24-Sep-2026 16:00:28,1463.1,N,-1.01,422794520.8,EQ,PRESTIGE,286757,NIFTY REITS REALTY
628.18,-9.25,636,622.55,24-Sep-2026 16:00:28,621.05,N,-1.46,1078627776.24,EQ,ANANTRAJ,1717068,NIFTY REITS REALTY
1994.88,-38.2,2035.6,1955,24-Sep-2026 16:00:28,1948,N,-1.92,1115113981.44,EQ,PHOENIXLTD,558988,NIFTY REITS REALTY
606.69,-12.45,616,604,24-Sep-2026 16:00:28,598.8,N,-2.02,110097854.37,EQ,BRIGADE,181473,NIFTY REITS REALTY
1684,-36.4,1707.9,1671.2,24-Sep-2026 16:00:28,1665.7,N,-2.13,810064624,EQ,GODREJPROP,481036,NIFTY REITS REALTY
5136.45,105,5229,5190,24-Sep-2026 16:00:28,4981,N,2.06,217703296.8,EQ,JKCEMENT,42384,NIFTY CEMENT
841.78,3.45,849.75,843.4,24-Sep-2026 16:00:28,828.85,N,0.41,50745023.74,EQ,BIRLACORPN,60283,NIFTY CEMENT
510.34,-2.2,513.95,509,24-Sep-2026 16:00:28,507,N,-0.43,33850341.86,EQ,JKLAKSHMI,66329,NIFTY CEMENT
22505.8,-150,22725,22350,24-Sep-2026 16:00:28,22170,N,-0.67,385546859.8,EQ,SHREECEM,17131,NIFTY CEMENT
3178.37,-22,3203.7,3166.5,24-Sep-2026 16:00:28,3150.6,N,-0.69,1498086559.06,EQ,GRASIM,471338,NIFTY CEMENT
187.47,-1.3,189,187.93,24-Sep-2026 16:00:28,186.05,N,-0.69,11883348.36,EQ,STARCEMENT,63388,NIFTY CEMENT
11131.14,-99,11192,11056,24-Sep-2026 16:00:28,11056,N,-0.89,3391602702.3,EQ,ULTRACEMCO,304695,NIFTY CEMENT
1237.12,-14.7,1247.1,1236.7,24-Sep-2026 16:00:28,1230.5,N,-1.17,110895436.8,EQ,ACC,89640,NIFTY CEMENT
115.31,-1.43,116.43,115,24-Sep-2026 16:00:28,114.75,N,-1.23,21519728.75,EQ,PRSMJOHNSN,186625,NIFTY CEMENT
1726.5,-25,1750,1719,24-Sep-2026 16:00:28,1711.2,N,-1.43,31689907.5,EQ,DALBHARAT,18355,NIFTY CEMENT
878.43,-15.05,888.8,870,24-Sep-2026 16:00:28,866.95,N,-1.70,80260392.24,EQ,RAMCOCEM,91368,NIFTY CEMENT
337.46,-6.75,343.4,338,24-Sep-2026 16:00:28,333.6,N,-1.96,87627563.28,EQ,NUVOCO,259668,NIFTY CEMENT
123.03,-2.59,124.7,122.3,24-Sep-2026 16:00:28,122.02,N,-2.07,40624136.91,EQ,ORIENTCEM,330197,NIFTY CEMENT
386.21,-8.65,390.9,384.1,24-Sep-2026 16:00:28,382.65,N,-2.20,352373755.69,EQ,AMBUJACEM,912389,NIFTY CEMENT
116.33,-2.61,118,115.57,24-Sep-2026 16:00:28,115.25,N,-2.21,137274867.51,EQ,JSWCEMENT,1180047,NIFTY CEMENT
333.09,-10.15,339.7,329.9,24-Sep-2026 16:00:28,329,N,-2.98,48201120.81,EQ,INDIACEM,144709,NIFTY CEMENT
473.43,9,479,479,24-Sep-2026 16:00:28,469.15,N,1.91,705717956.07,EQ,OIL,1490649,NIFTY COMMODITIES
236.43,2.1,239,239,24-Sep-2026 16:00:28,235.23,N,0.89,2008176366.78,EQ,ONGC,8493746,NIFTY COMMODITIES
2388.25,7.5,2410,2393.5,24-Sep-2026 16:00:28,2365.3,N,0.31,276005276,EQ,PIIND,115568,NIFTY COMMODITIES
326.3,0.6,327.7,326.6,24-Sep-2026 16:00:28,324.4,N,0.18,2500299854,EQ,NTPC,7662580,NIFTY COMMODITIES
2183.92,-10.2,2204.9,2184.8,24-Sep-2026 16:00:28,2158.2,N,-0.46,1025948834.08,EQ,APLAPOLLO,469774,NIFTY COMMODITIES
421.26,-2.55,423.85,422,24-Sep-2026 16:00:28,418.8,N,-0.60,1502112900.12,EQ,COALINDIA,3565762,NIFTY COMMODITIES
76.29,-0.49,76.77,76.25,24-Sep-2026 16:00:28,75.77,N,-0.64,621782267.34,EQ,NHPC,8150246,NIFTY COMMODITIES
551.02,-3.55,553.65,549.6,24-Sep-2026 16:00:28,546.5,N,-0.64,704632804.58,EQ,UPL,1278779,NIFTY COMMODITIES
2537.61,-16.2,2558.8,2533.8,24-Sep-2026 16:00:28,2515.2,N,-0.64,279289356.6,EQ,SRF,110060,NIFTY COMMODITIES
22505.8,-150,22725,22350,24-Sep-2026 16:00:28,22170,N,-0.67,385546859.8,EQ,SHREECEM,17131,NIFTY COMMODITIES
3178.37,-22,3203.7,3166.5,24-Sep-2026 16:00:28,3150.6,N,-0.69,1498086559.06,EQ,GRASIM,471338,NIFTY COMMODITIES
11131.14,-99,11192,11056,24-Sep-2026 16:00:28,11056,N,-0.89,3391602702.3,EQ,ULTRACEMCO,304695,NIFTY COMMODITIES
1245.42,-14.4,1254,1245,24-Sep-2026 16:00:28,1235.1,N,-1.14,84481820.28,EQ,TORNTPOWER,67834,NIFTY COMMODITIES
266.46,-3.5,269.4,267.5,24-Sep-2026 16:00:28,264.2,N,-1.29,1515024945,EQ,VEDL,5685750,NIFTY COMMODITIES
136.5,-1.88,137.5,136.27,24-Sep-2026 16:00:28,135.51,N,-1.36,989067124.5,EQ,IOC,7245913,NIFTY COMMODITIES
81.35,-1.18,82.09,80.82,24-Sep-2026 16:00:28,80.8,N,-1.44,420291114.25,EQ,NMDC,5166455,NIFTY COMMODITIES
189.36,-2.8,191.8,188.02,24-Sep-2026 16:00:28,187.72,N,-1.47,2973245318.64,EQ,TATASTEEL,15701549,NIFTY COMMODITIES
1160.6,-17.5,1174.7,1157.8,24-Sep-2026 16:00:28,1152.3,N,-1.49,694951031.6,EQ,JINDALSTEL,598786,NIFTY COMMODITIES
365.67,-5.55,367.5,363.45,24-Sep-2026 16:00:28,362.95,N,-1.50,990349546.05,EQ,TATAPOWER,2708315,NIFTY COMMODITIES
1294.8,-20.8,1309.8,1280.1,24-Sep-2026 16:00:28,1277.8,N,-1.60,3081010264.8,EQ,ADANIGREEN,2379526,NIFTY COMMODITIES
1281.22,-24.6,1298.4,1273.2,24-Sep-2026 16:00:28,1272.2,N,-1.90,1071841746.38,EQ,JSWSTEEL,836579,NIFTY COMMODITIES
511.86,-11,520,510,24-Sep-2026 16:00:28,508.1,N,-2.11,667201832.1,EQ,JSWENERGY,1303485,NIFTY COMMODITIES
982.71,-21.8,991.9,982,24-Sep-2026 16:00:28,976.5,N,-2.17,4256117010,EQ,HINDALCO,4331000,NIFTY COMMODITIES
386.21,-8.65,390.9,384.1,24-Sep-2026 16:00:28,382.65,N,-2.20,352373755.69,EQ,AMBUJACEM,912389,NIFTY COMMODITIES
1229.38,-28.8,1241.6,1219.2,24-Sep-2026 16:00:28,1219.2,N,-2.31,17117635097.1,EQ,RELIANCE,13923795,NIFTY COMMODITIES
201.36,-5.32,203.8,199.48,24-Sep-2026 16:00:28,198.8,N,-2.60,4084319791.2,EQ,ADANIPOWER,20283670,NIFTY COMMODITIES
353.07,-9.6,358,350.4,24-Sep-2026 16:00:28,349.3,N,-2.67,1090406559.06,EQ,HINDPETRO,3088358,NIFTY COMMODITIES
309.66,-8.65,313.95,307.1,24-Sep-2026 16:00:28,306.7,N,-2.74,998673937.56,EQ,BPCL,3225066,NIFTY COMMODITIES
1349.55,-39.5,1371.4,1340.5,24-Sep-2026 16:00:28,1335.1,N,-2.86,2479861553.85,EQ,ADANIENSOL,1837547,NIFTY COMMODITIES
1534.96,-66.1,1579,1522,24-Sep-2026 16:00:28,1517.5,N,-4.16,1932855401.12,EQ,PIDILITIND,1259222,NIFTY COMMODITIES
13230.01,99,13315,13299,24-Sep-2026 16:00:28,13091,N,0.75,2449827411.72,EQ,DIXON,185172,NIFTY CONSUMPTION
877.06,-4.75,884.7,875,24-Sep-2026 16:00:28,871.2,N,-0.54,607573667.34,EQ,GODREJCP,692739,NIFTY CONSUMPTION
1095.44,-6.5,1102.9,1090,24-Sep-2026 16:00:28,1087,N,-0.59,409787672.4,EQ,HAVELLS,374085,NIFTY CONSUMPTION
675.71,-4.6,681,670.4,24-Sep-2026 16:00:28,666.55,N,-0.68,3428557269.97,EQ,DLF,5074007,NIFTY CONSUMPTION
4928.89,-34,4959.5,4895,24-Sep-2026 16:00:28,4885,N,-0.69,909493569.47,EQ,BRITANNIA,184523,NIFTY CONSUMPTION
986.63,-8,992,986.3,24-Sep-2026 16:00:28,983,N,-0.80,989480374.07,EQ,TATACONSUM,1002889,NIFTY CONSUMPTION
268.32,-2.15,270.3,268,24-Sep-2026 16:00:28,266.7,N,-0.80,1985105416.32,EQ,ITC,7398276,NIFTY CONSUMPTION
1933.06,-16.5,1953,1933.5,24-Sep-2026 16:00:28,1925.5,N,-0.85,2431184432.22,EQ,HINDUNILVR,1257687,NIFTY CONSUMPTION
4861.9,-47.5,4912,4832.5,24-Sep-2026 16:00:28,4830,N,-0.97,2451010199.4,EQ,TITAN,504126,NIFTY CONSUMPTION
4088.84,-44,4123,4091,24-Sep-2026 16:00:28,4057,N,-1.06,3818563587.16,EQ,TVSMOTOR,933899,NIFTY CONSUMPTION
432.71,-4.9,436.85,431.25,24-Sep-2026 16:00:28,428.3,N,-1.12,2170893954.12,EQ,VBL,5016972,NIFTY CONSUMPTION
3804.67,-47.3,3832.1,3787.5,24-Sep-2026 16:00:28,3780.1,N,-1.23,1634969425.09,EQ,DMART,429727,NIFTY CONSUMPTION
1431.61,-17.7,1442,1423.3,24-Sep-2026 16:00:28,1421.2,N,-1.23,313650003.29,EQ,UNITDSPR,219089,NIFTY CONSUMPTION
1044.63,-13.9,1055.8,1046,24-Sep-2026 16:00:28,1029,N,-1.31,2616941264.31,EQ,MAXHEALTH,2505137,NIFTY CONSUMPTION
365.67,-5.55,367.5,363.45,24-Sep-2026 16:00:28,362.95,N,-1.50,990349546.05,EQ,TATAPOWER,2708315,NIFTY CONSUMPTION
11263.06,-192,11383,11208,24-Sep-2026 16:00:28,11201,N,-1.68,1202511863.96,EQ,BAJAJ-AUTO,106766,NIFTY CONSUMPTION
3006.49,-52.3,3039,2982.7,24-Sep-2026 16:00:28,2982.7,N,-1.72,5723518149.29,EQ,M&M,1903721,NIFTY CONSUMPTION
7378.49,-131.5,7460,7338.5,24-Sep-2026 16:00:28,7333,N,-1.76,1904904763.3,EQ,EICHERMOT,258170,NIFTY CONSUMPTION
5327.61,-98,5368,5296,24-Sep-2026 16:00:28,5294,N,-1.82,1919505917.34,EQ,HEROMOTOCO,360294,NIFTY CONSUMPTION
12076.78,-240,12184,11990,24-Sep-2026 16:00:28,11975,N,-1.96,4754205598.7,EQ,MARUTI,393665,NIFTY CONSUMPTION
8975.29,-180.5,9069,8888.5,24-Sep-2026 16:00:28,8888.5,N,-1.99,3438487450.74,EQ,APOLLOHOSP,383106,NIFTY CONSUMPTION
734.12,-14.9,740.1,728.8,24-Sep-2026 16:00:28,727.4,N,-2.00,837294693.04,EQ,INDHOTEL,1140542,NIFTY CONSUMPTION
1807.58,-37.4,1829.9,1795.8,24-Sep-2026 16:00:28,1795.8,N,-2.04,8255902932.82,EQ,BHARTIARTL,4567379,NIFTY CONSUMPTION
338.96,-7.15,343.6,335.5,24-Sep-2026 16:00:28,333.55,N,-2.09,5080734825.52,EQ,ETERNAL,14989187,NIFTY CONSUMPTION
2413.22,-62.3,2437.8,2392.7,24-Sep-2026 16:00:28,2391,N,-2.54,626416407.94,EQ,ASIANPAINT,259577,NIFTY CONSUMPTION
201.36,-5.32,203.8,199.48,24-Sep-2026 16:00:28,198.8,N,-2.60,4084319791.2,EQ,ADANIPOWER,20283670,NIFTY CONSUMPTION
1362.06,-36.2,1386,1351,24-Sep-2026 16:00:28,1350.2,N,-2.61,1090853423.1,EQ,NESTLEIND,800885,NIFTY CONSUMPTION
2734.54,-74,2767.5,2700,24-Sep-2026 16:00:28,2699.9,N,-2.67,1522698519.06,EQ,TRENT,556839,NIFTY CONSUMPTION
4922.64,-138.5,4975,4890,24-Sep-2026 16:00:28,4874.5,N,-2.75,2808139678.56,EQ,INDIGO,570454,NIFTY CONSUMPTION
1227.69,-73,1257.6,1224,24-Sep-2026 16:00:28,1202.3,N,-5.63,3874233609.9,EQ,NAUKRI,3155710,NIFTY CONSUMPTION
473.43,9,479,479,24-Sep-2026 16:00:28,469.15,N,1.91,705717956.07,EQ,OIL,1490649,NIFTY CPSE
236.43,2.1,239,239,24-Sep-2026 16:00:28,235.23,N,0.89,2008176366.78,EQ,ONGC,8493746,NIFTY CPSE
326.3,0.6,327.7,326.6,24-Sep-2026 16:00:28,324.4,N,0.18,2500299854,EQ,NTPC,7662580,NIFTY CPSE
1374.45,0,1385,1370,24-Sep-2026 16:00:28,1358.1,N,0.00,766154165.7,EQ,COCHINSHIP,557426,NIFTY CPSE
421.26,-2.55,423.85,422,24-Sep-2026 16:00:28,418.8,N,-0.60,1502112900.12,EQ,COALINDIA,3565762,NIFTY CPSE
76.29,-0.49,76.77,76.25,24-Sep-2026 16:00:28,75.77,N,-0.64,621782267.34,EQ,NHPC,8150246,NIFTY CPSE
395.74,-4.05,398.05,392,24-Sep-2026 16:00:28,392,N,-1.02,2311563245.84,EQ,BEL,5841116,NIFTY CPSE
263.62,-3.1,267.05,264,24-Sep-2026 16:00:28,261.75,N,-1.16,265518327.62,EQ,NLCINDIA,1007201,NIFTY CPSE
267.58,-3.8,270.9,266.4,24-Sep-2026 16:00:28,265.75,N,-1.41,2399923146.94,EQ,POWERGRID,8968993,NIFTY CPSE
62.31,-0.96,63.2,62.29,24-Sep-2026 16:00:28,62.01,N,-1.52,144300613.5,EQ,SJVN,2315850,NIFTY CPSE
82.79,-1.65,83.68,82.34,24-Sep-2026 16:00:28,81.83,N,-1.96,407787277.98,EQ,NBCC,4925562,NIFTY CPSE
473.43,9,479,479,24-Sep-2026 16:00:28,469.15,N,1.91,705717956.07,EQ,OIL,1490649,NIFTY ENERGY
236.43,2.1,239,239,24-Sep-2026 16:00:28,235.23,N,0.89,2008176366.78,EQ,ONGC,8493746,NIFTY ENERGY
194.72,1.51,195.9,194.74,24-Sep-2026 16:00:28,192.11,N,0.78,453047429.92,EQ,CASTROLIND,2326661,NIFTY ENERGY
554.67,4.15,561,557.8,24-Sep-2026 16:00:28,546.55,N,0.75,153269742.42,EQ,NAVA,276326,NIFTY ENERGY
172.82,0.9,173.85,173.85,24-Sep-2026 16:00:28,171.84,N,0.52,1068661330.94,EQ,GAIL,6183667,NIFTY ENERGY
286.44,0.75,288.1,286.6,24-Sep-2026 16:00:28,283.3,N,0.26,300696118.8,EQ,PETRONET,1049770,NIFTY ENERGY
326.3,0.6,327.7,326.6,24-Sep-2026 16:00:28,324.4,N,0.18,2500299854,EQ,NTPC,7662580,NIFTY ENERGY
7116.28,9,7144.5,7129,24-Sep-2026 16:00:28,7062.5,N,0.13,1005957340.8,EQ,ABB,141360,NIFTY ENERGY
3229.63,1.6,3281.7,3216,24-Sep-2026 16:00:28,3158.5,N,0.05,1201958478.58,EQ,ENRIN,372166,NIFTY ENERGY
95.26,-0.21,95.98,95.21,24-Sep-2026 16:00:28,93.36,N,-0.22,502285499.1,EQ,NTPCGREEN,5272785,NIFTY ENERGY
421.26,-2.55,423.85,422,24-Sep-2026 16:00:28,418.8,N,-0.60,1502112900.12,EQ,COALINDIA,3565762,NIFTY ENERGY
76.29,-0.49,76.77,76.25,24-Sep-2026 16:00:28,75.77,N,-0.64,621782267.34,EQ,NHPC,8150246,NIFTY ENERGY
145.86,-1.36,146.62,145.73,24-Sep-2026 16:00:28,145.1,N,-0.92,172227987.36,EQ,IGL,1180776,NIFTY ENERGY
888.62,-8.3,896.4,886.7,24-Sep-2026 16:00:28,877.1,N,-0.93,1191100027.66,EQ,CGPOWER,1340393,NIFTY ENERGY
15.86,-0.18,15.99,15.86,24-Sep-2026 16:00:28,15.78,N,-1.12,533671538.14,EQ,JPPOWER,33648899,NIFTY ENERGY
3854.07,-44.2,3878.3,3841.8,24-Sep-2026 16:00:28,3825,N,-1.14,768913943.49,EQ,SIEMENS,199507,NIFTY ENERGY
1245.42,-14.4,1254,1245,24-Sep-2026 16:00:28,1235.1,N,-1.14,84481820.28,EQ,TORNTPOWER,67834,NIFTY ENERGY
263.62,-3.1,267.05,264,24-Sep-2026 16:00:28,261.75,N,-1.16,265518327.62,EQ,NLCINDIA,1007201,NIFTY ENERGY
1084.29,-13.8,1092,1079,24-Sep-2026 16:00:28,1077.4,N,-1.26,56231279.4,EQ,MGL,51860,NIFTY ENERGY
136.5,-1.88,137.5,136.27,24-Sep-2026 16:00:28,135.51,N,-1.36,989067124.5,EQ,IOC,7245913,NIFTY ENERGY
30904.3,-435,31245,30715,24-Sep-2026 16:00:28,30625,N,-1.40,2011128226.8,EQ,POWERINDIA,65076,NIFTY ENERGY
267.58,-3.8,270.9,266.4,24-Sep-2026 16:00:28,265.75,N,-1.41,2399923146.94,EQ,POWERGRID,8968993,NIFTY ENERGY
365.67,-5.55,367.5,363.45,24-Sep-2026 16:00:28,362.95,N,-1.50,990349546.05,EQ,TATAPOWER,2708315,NIFTY ENERGY
62.31,-0.96,63.2,62.29,24-Sep-2026 16:00:28,62.01,N,-1.52,144300613.5,EQ,SJVN,2315850,NIFTY ENERGY
20.73,-0.33,21.01,20.7,24-Sep-2026 16:00:28,20.58,N,-1.57,261190122.6,EQ,RPOWER,12599620,NIFTY ENERGY
1294.8,-20.8,1309.8,1280.1,24-Sep-2026 16:00:28,1277.8,N,-1.60,3081010264.8,EQ,ADANIGREEN,2379526,NIFTY ENERGY
3436.97,-57.9,3470,3407,24-Sep-2026 16:00:28,3400,N,-1.67,289485672.19,EQ,THERMAX,84227,NIFTY ENERGY
140.79,-2.55,142.44,140.01,24-Sep-2026 16:00:28,139.6,N,-1.79,171665247,EQ,CESC,1219300,NIFTY ENERGY
418.83,-7.75,422.65,415.35,24-Sep-2026 16:00:28,415.35,N,-1.83,2293042315.08,EQ,BHEL,5474876,NIFTY ENERGY
617.34,-12.45,623.9,612.8,24-Sep-2026 16:00:28,611.1,N,-1.99,391509002.58,EQ,ATGL,634187,NIFTY ENERGY
511.86,-11,520,510,24-Sep-2026 16:00:28,508.1,N,-2.11,667201832.1,EQ,JSWENERGY,1303485,NIFTY ENERGY
1229.38,-28.8,1241.6,1219.2,24-Sep-2026 16:00:28,1219.2,N,-2.31,17117635097.1,EQ,RELIANCE,13923795,NIFTY ENERGY
1368.01,-34.5,1405.8,1370,24-Sep-2026 16:00:28,1348.4,N,-2.46,749215300.68,EQ,AEGISLOG,547668,NIFTY ENERGY
73.87,-1.93,75.06,73.09,24-Sep-2026 16:00:28,72.81,N,-2.57,714071668.13,EQ,INOXWIND,9666599,NIFTY ENERGY
201.36,-5.32,203.8,199.48,24-Sep-2026 16:00:28,198.8,N,-2.60,4084319791.2,EQ,ADANIPOWER,20283670,NIFTY ENERGY
353.07,-9.6,358,350.4,24-Sep-2026 16:00:28,349.3,N,-2.67,1090406559.06,EQ,HINDPETRO,3088358,NIFTY ENERGY
309.66,-8.65,313.95,307.1,24-Sep-2026 16:00:28,306.7,N,-2.74,998673937.56,EQ,BPCL,3225066,NIFTY ENERGY
1349.55,-39.5,1371.4,1340.5,24-Sep-2026 16:00:28,1335.1,N,-2.86,2479861553.85,EQ,ADANIENSOL,1837547,NIFTY ENERGY
4352.51,-130.7,4405,4286.3,24-Sep-2026 16:00:28,4286.3,N,-2.96,1470238705.41,EQ,GVT&D,337791,NIFTY ENERGY
41.06,-1.65,42.24,40.74,24-Sep-2026 16:00:28,40.55,N,-3.89,5388756691.8,EQ,SUZLON,131241030,NIFTY ENERGY
236.43,2.1,239,239,24-Sep-2026 16:00:28,235.23,N,0.89,2008176366.78,EQ,ONGC,8493746,NIFTY INFRA
172.82,0.9,173.85,173.85,24-Sep-2026 16:00:28,171.84,N,0.52,1068661330.94,EQ,GAIL,6183667,NIFTY INFRA
326.3,0.6,327.7,326.6,24-Sep-2026 16:00:28,324.4,N,0.18,2500299854,EQ,NTPC,7662580,NIFTY INFRA
2000.84,-5.1,2023.2,1998.9,24-Sep-2026 16:00:28,1965,N,-0.25,2498386881.96,EQ,BHARATFORG,1248669,NIFTY INFRA
22505.8,-150,22725,22350,24-Sep-2026 16:00:28,22170,N,-0.67,385546859.8,EQ,SHREECEM,17131,NIFTY INFRA
675.71,-4.6,681,670.4,24-Sep-2026 16:00:28,666.55,N,-0.68,3428557269.97,EQ,DLF,5074007,NIFTY INFRA
3178.37,-22,3203.7,3166.5,24-Sep-2026 16:00:28,3150.6,N,-0.69,1498086559.06,EQ,GRASIM,471338,NIFTY INFRA
4982.74,-37,5011.5,4973,24-Sep-2026 16:00:28,4958,N,-0.74,818948198.18,EQ,CUMMINSIND,164357,NIFTY INFRA
11131.14,-99,11192,11056,24-Sep-2026 16:00:28,11056,N,-0.89,3391602702.3,EQ,ULTRACEMCO,304695,NIFTY INFRA
888.62,-8.3,896.4,886.7,24-Sep-2026 16:00:28,877.1,N,-0.93,1191100027.66,EQ,CGPOWER,1340393,NIFTY INFRA
164.14,-1.9,164.8,162.5,24-Sep-2026 16:00:28,162.5,N,-1.16,3619428488.68,EQ,MOTHERSON,22050862,NIFTY INFRA
1786.91,-22,1802.4,1785.3,24-Sep-2026 16:00:28,1775,N,-1.22,2840720516.49,EQ,ADANIPORTS,1589739,NIFTY INFRA
380.25,-4.95,384.85,379.85,24-Sep-2026 16:00:28,376.55,N,-1.29,1147169760.75,EQ,INDUSTOWER,3016883,NIFTY INFRA
1044.63,-13.9,1055.8,1046,24-Sep-2026 16:00:28,1029,N,-1.31,2616941264.31,EQ,MAXHEALTH,2505137,NIFTY INFRA
136.5,-1.88,137.5,136.27,24-Sep-2026 16:00:28,135.51,N,-1.36,989067124.5,EQ,IOC,7245913,NIFTY INFRA
267.58,-3.8,270.9,266.4,24-Sep-2026 16:00:28,265.75,N,-1.41,2399923146.94,EQ,POWERGRID,8968993,NIFTY INFRA
365.67,-5.55,367.5,363.45,24-Sep-2026 16:00:28,362.95,N,-1.50,990349546.05,EQ,TATAPOWER,2708315,NIFTY INFRA
1294.8,-20.8,1309.8,1280.1,24-Sep-2026 16:00:28,1277.8,N,-1.60,3081010264.8,EQ,ADANIGREEN,2379526,NIFTY INFRA
3871.37,-71.5,3907,3858.4,24-Sep-2026 16:00:28,3849,N,-1.82,6385081511.96,EQ,LT,1649308,NIFTY INFRA
888.2,-16.65,897.15,877.35,24-Sep-2026 16:00:28,877.35,N,-1.86,805473940.2,EQ,FORTIS,906861,NIFTY INFRA
8975.29,-180.5,9069,8888.5,24-Sep-2026 16:00:28,8888.5,N,-1.99,3438487450.74,EQ,APOLLOHOSP,383106,NIFTY INFRA
734.12,-14.9,740.1,728.8,24-Sep-2026 16:00:28,727.4,N,-2.00,837294693.04,EQ,INDHOTEL,1140542,NIFTY INFRA
1807.58,-37.4,1829.9,1795.8,24-Sep-2026 16:00:28,1795.8,N,-2.04,8255902932.82,EQ,BHARTIARTL,4567379,NIFTY INFRA
386.21,-8.65,390.9,384.1,24-Sep-2026 16:00:28,382.65,N,-2.20,352373755.69,EQ,AMBUJACEM,912389,NIFTY INFRA
1229.38,-28.8,1241.6,1219.2,24-Sep-2026 16:00:28,1219.2,N,-2.31,17117635097.1,EQ,RELIANCE,13923795,NIFTY INFRA
353.07,-9.6,358,350.4,24-Sep-2026 16:00:28,349.3,N,-2.67,1090406559.06,EQ,HINDPETRO,3088358,NIFTY INFRA
309.66,-8.65,313.95,307.1,24-Sep-2026 16:00:28,306.7,N,-2.74,998673937.56,EQ,BPCL,3225066,NIFTY INFRA
4922.64,-138.5,4975,4890,24-Sep-2026 16:00:28,4874.5,N,-2.75,2808139678.56,EQ,INDIGO,570454,NIFTY INFRA
158.93,-5.59,160.6,157.3,24-Sep-2026 16:00:28,157,N,-3.43,1293393636.62,EQ,ASHOKLEY,8138134,NIFTY INFRA
41.06,-1.65,42.24,40.74,24-Sep-2026 16:00:28,40.55,N,-3.89,5388756691.8,EQ,SUZLON,131241030,NIFTY INFRA
1255.62,40.3,1289.7,1282.6,24-Sep-2026 16:00:28,1227.1,N,3.24,167126788.86,EQ,UBL,133103,NIFTY MNC
2823.49,34.1,2861.9,2831,24-Sep-2026 16:00:28,2789.1,N,1.22,906698873.23,EQ,ESCORTS,321127,NIFTY MNC
194.72,1.51,195.9,194.74,24-Sep-2026 16:00:28,192.11,N,0.78,453047429.92,EQ,CASTROLIND,2326661,NIFTY MNC
10900.33,76,10995,10925,24-Sep-2026 16:00:28,10600,N,0.70,1553384227.64,EQ,OFSS,142508,NIFTY MNC
34586.01,85,34790,34700,24-Sep-2026 16:00:28,34285,N,0.25,55614304.08,EQ,3MINDIA,1608,NIFTY MNC
7116.28,9,7144.5,7129,24-Sep-2026 16:00:28,7062.5,N,0.13,1005957340.8,EQ,ABB,141360,NIFTY MNC
3229.63,1.6,3281.7,3216,24-Sep-2026 16:00:28,3158.5,N,0.05,1201958478.58,EQ,ENRIN,372166,NIFTY MNC
26983.24,-5,27225,26930,24-Sep-2026 16:00:28,26780,N,-0.02,121316647.04,EQ,ABBOTINDIA,4496,NIFTY MNC
47789.22,-205,48080,47750,24-Sep-2026 16:00:28,47145,N,-0.43,697913768.88,EQ,BOSCHLTD,14604,NIFTY MNC
4928.89,-34,4959.5,4895,24-Sep-2026 16:00:28,4885,N,-0.69,909493569.47,EQ,BRITANNIA,184523,NIFTY MNC
4982.74,-37,5011.5,4973,24-Sep-2026 16:00:28,4958,N,-0.74,818948198.18,EQ,CUMMINSIND,164357,NIFTY MNC
2912.81,-24.2,2933.2,2886,24-Sep-2026 16:00:28,2875.1,N,-0.83,953368538.62,EQ,GLAND,327302,NIFTY MNC
1933.06,-16.5,1953,1933.5,24-Sep-2026 16:00:28,1925.5,N,-0.85,2431184432.22,EQ,HINDUNILVR,1257687,NIFTY MNC
185.63,-1.81,189.33,184.37,24-Sep-2026 16:00:28,183.7,N,-0.97,587249229.61,EQ,AWL,3163547,NIFTY MNC
3854.07,-44.2,3878.3,3841.8,24-Sep-2026 16:00:28,3825,N,-1.14,768913943.49,EQ,SIEMENS,199507,NIFTY MNC
1431.61,-17.7,1442,1423.3,24-Sep-2026 16:00:28,1421.2,N,-1.23,313650003.29,EQ,UNITDSPR,219089,NIFTY MNC
3278.86,-41.1,3315,3246.8,24-Sep-2026 16:00:28,3242.9,N,-1.25,138653152.82,EQ,TIMKEN,42287,NIFTY MNC
266.46,-3.5,269.4,267.5,24-Sep-2026 16:00:28,264.2,N,-1.29,1515024945,EQ,VEDL,5685750,NIFTY MNC
6222.31,-86,6333.5,6200,24-Sep-2026 16:00:28,6166.5,N,-1.37,72670358.49,EQ,LINDEINDIA,11679,NIFTY MNC
30904.3,-435,31245,30715,24-Sep-2026 16:00:28,30625,N,-1.40,2011128226.8,EQ,POWERINDIA,65076,NIFTY MNC
2084.62,-34.4,2109.5,2060.6,24-Sep-2026 16:00:28,2060,N,-1.64,810604487,EQ,HYUNDAI,388850,NIFTY MNC
1865.17,-31.9,1885.7,1854.8,24-Sep-2026 16:00:28,1852.2,N,-1.69,697636995.78,EQ,COLPAL,374034,NIFTY MNC
456.87,-7.9,464.45,453.55,24-Sep-2026 16:00:28,451.1,N,-1.71,159894448.86,EQ,COHANCE,349978,NIFTY MNC
1148.91,-20.1,1170.6,1144.9,24-Sep-2026 16:00:28,1130.9,N,-1.73,1132150849.83,EQ,NAM-INDIA,985413,NIFTY MNC
4058.78,-76.7,4093,4009,24-Sep-2026 16:00:28,4000,N,-1.88,191099538.74,EQ,SCHAEFFLER,47083,NIFTY MNC
12076.78,-240,12184,11990,24-Sep-2026 16:00:28,11975,N,-1.96,4754205598.7,EQ,MARUTI,393665,NIFTY MNC
386.21,-8.65,390.9,384.1,24-Sep-2026 16:00:28,382.65,N,-2.20,352373755.69,EQ,AMBUJACEM,912389,NIFTY MNC
4536.08,-110.8,4599,4495,24-Sep-2026 16:00:28,4489,N,-2.41,63740996.16,EQ,CRISIL,14052,NIFTY MNC
1362.06,-36.2,1386,1351,24-Sep-2026 16:00:28,1350.2,N,-2.61,1090853423.1,EQ,NESTLEIND,800885,NIFTY MNC
158.93,-5.59,160.6,157.3,24-Sep-2026 16:00:28,157,N,-3.43,1293393636.62,EQ,ASHOKLEY,8138134,NIFTY MNC
473.43,9,479,479,24-Sep-2026 16:00:28,469.15,N,1.91,705717956.07,EQ,OIL,1490649,NIFTY PSE
236.43,2.1,239,239,24-Sep-2026 16:00:28,235.23,N,0.89,2008176366.78,EQ,ONGC,8493746,NIFTY PSE
172.82,0.9,173.85,173.85,24-Sep-2026 16:00:28,171.84,N,0.52,1068661330.94,EQ,GAIL,6183667,NIFTY PSE
466.79,1.65,472.9,466.3,24-Sep-2026 16:00:28,457.55,N,0.36,1378407997.29,EQ,CONCOR,2952951,NIFTY PSE
326.3,0.6,327.7,326.6,24-Sep-2026 16:00:28,324.4,N,0.18,2500299854,EQ,NTPC,7662580,NIFTY PSE
461.51,-2.3,464.55,461.5,24-Sep-2026 16:00:28,460.05,N,-0.50,215968681.11,EQ,IRCTC,467961,NIFTY PSE
421.26,-2.55,423.85,422,24-Sep-2026 16:00:28,418.8,N,-0.60,1502112900.12,EQ,COALINDIA,3565762,NIFTY PSE
76.29,-0.49,76.77,76.25,24-Sep-2026 16:00:28,75.77,N,-0.64,621782267.34,EQ,NHPC,8150246,NIFTY PSE
395.74,-4.05,398.05,392,24-Sep-2026 16:00:28,392,N,-1.02,2311563245.84,EQ,BEL,5841116,NIFTY PSE
309.07,-3.25,310.85,308.25,24-Sep-2026 16:00:28,307.2,N,-1.04,1814741593.4,EQ,RECLTD,5871620,NIFTY PSE
4812.93,-61.8,4846.7,4774.2,24-Sep-2026 16:00:28,4770,N,-1.28,1721031574.05,EQ,HAL,357585,NIFTY PSE
136.5,-1.88,137.5,136.27,24-Sep-2026 16:00:28,135.51,N,-1.36,989067124.5,EQ,IOC,7245913,NIFTY PSE
79.84,-1.14,80.5,79.86,24-Sep-2026 16:00:28,79.41,N,-1.41,425756460.64,EQ,IRFC,5332621,NIFTY PSE
267.58,-3.8,270.9,266.4,24-Sep-2026 16:00:28,265.75,N,-1.41,2399923146.94,EQ,POWERGRID,8968993,NIFTY PSE
81.35,-1.18,82.09,80.82,24-Sep-2026 16:00:28,80.8,N,-1.44,420291114.25,EQ,NMDC,5166455,NIFTY PSE
418.83,-7.75,422.65,415.35,24-Sep-2026 16:00:28,415.35,N,-1.83,2293042315.08,EQ,BHEL,5474876,NIFTY PSE
341.18,-6.65,345.1,339.35,24-Sep-2026 16:00:28,338,N,-1.92,2713571377.02,EQ,PFC,7953489,NIFTY PSE
353.07,-9.6,358,350.4,24-Sep-2026 16:00:28,349.3,N,-2.67,1090406559.06,EQ,HINDPETRO,3088358,NIFTY PSE
207.82,-5.77,210.1,206,24-Sep-2026 16:00:28,205.26,N,-2.72,594814714.66,EQ,RVNL,2862163,NIFTY PSE
309.66,-8.65,313.95,307.1,24-Sep-2026 16:00:28,306.7,N,-2.74,998673937.56,EQ,BPCL,3225066,NIFTY PSE
172.82,0.9,173.85,173.85,24-Sep-2026 16:00:28,171.84,N,0.52,1068661330.94,EQ,GAIL,6183667,NIFTY SERV SECTOR
326.3,0.6,327.7,326.6,24-Sep-2026 16:00:28,324.4,N,0.18,2500299854,EQ,NTPC,7662580,NIFTY SERV SECTOR
2083.17,-2.6,2096.9,2087,24-Sep-2026 16:00:28,2067.1,N,-0.12,3667758258.54,EQ,TCS,1760662,NIFTY SERV SECTOR
1763.12,-5,1791.4,1755,24-Sep-2026 16:00:28,1699.9,N,-0.28,6082106356.24,EQ,SBILIFE,3449627,NIFTY SERV SECTOR
1335.62,-5.5,1347.8,1334.5,24-Sep-2026 16:00:28,1330.1,N,-0.41,11558348630.4,EQ,ICICIBANK,8653920,NIFTY SERV SECTOR
1012.63,-6,1022.8,1014.5,24-Sep-2026 16:00:28,1005.2,N,-0.59,6978937608.59,EQ,INFY,6891893,NIFTY SERV SECTOR
164.36,-1.26,165.67,163.64,24-Sep-2026 16:00:28,163.36,N,-0.76,1156009130.92,EQ,WIPRO,7033397,NIFTY SERV SECTOR
1556.92,-14,1576.2,1543,24-Sep-2026 16:00:28,1543,N,-0.90,2657825916.6,EQ,TECHM,1707105,NIFTY SERV SECTOR
1250.91,-13.1,1263.3,1243.6,24-Sep-2026 16:00:28,1242.8,N,-1.04,1028384369.19,EQ,HCLTECH,822109,NIFTY SERV SECTOR
729.95,-8.35,734.85,728.9,24-Sep-2026 16:00:28,722.7,N,-1.13,21588412860.3,EQ,HDFCBANK,29575194,NIFTY SERV SECTOR
1786.91,-22,1802.4,1785.3,24-Sep-2026 16:00:28,1775,N,-1.22,2840720516.49,EQ,ADANIPORTS,1589739,NIFTY SERV SECTOR
3804.67,-47.3,3832.1,3787.5,24-Sep-2026 16:00:28,3780.1,N,-1.23,1634969425.09,EQ,DMART,429727,NIFTY SERV SECTOR
1044.63,-13.9,1055.8,1046,24-Sep-2026 16:00:28,1029,N,-1.31,2616941264.31,EQ,MAXHEALTH,2505137,NIFTY SERV SECTOR
267.58,-3.8,270.9,266.4,24-Sep-2026 16:00:28,265.75,N,-1.41,2399923146.94,EQ,POWERGRID,8968993,NIFTY SERV SECTOR
365.67,-5.55,367.5,363.45,24-Sep-2026 16:00:28,362.95,N,-1.50,990349546.05,EQ,TATAPOWER,2708315,NIFTY SERV SECTOR
981.33,-15.6,992,978.5,24-Sep-2026 16:00:28,975.8,N,-1.57,13468432373.76,EQ,SBIN,13724672,NIFTY SERV SECTOR
8975.29,-180.5,9069,8888.5,24-Sep-2026 16:00:28,8888.5,N,-1.99,3438487450.74,EQ,APOLLOHOSP,383106,NIFTY SERV SECTOR
406.62,-8.25,410,405,24-Sep-2026 16:00:28,404.3,N,-2.00,5204673380.52,EQ,KOTAKBANK,12799846,NIFTY SERV SECTOR
1807.58,-37.4,1829.9,1795.8,24-Sep-2026 16:00:28,1795.8,N,-2.04,8255902932.82,EQ,BHARTIARTL,4567379,NIFTY SERV SECTOR
995.56,-20.8,1008.6,990,24-Sep-2026 16:00:28,983.4,N,-2.06,4077939200.56,EQ,SHRIRAMFIN,4096126,NIFTY SERV SECTOR
338.96,-7.15,343.6,335.5,24-Sep-2026 16:00:28,333.55,N,-2.09,5080734825.52,EQ,ETERNAL,14989187,NIFTY SERV SECTOR
228.55,-4.95,230.6,227.2,24-Sep-2026 16:00:28,226.7,N,-2.13,2619244937.05,EQ,JIOFIN,11460271,NIFTY SERV SECTOR
3242.15,-86.9,3308,3183.8,24-Sep-2026 16:00:28,3175,N,-2.66,18350384197.45,EQ,BSE,5659943,NIFTY SERV SECTOR
4922.64,-138.5,4975,4890,24-Sep-2026 16:00:28,4874.5,N,-2.75,2808139678.56,EQ,INDIGO,570454,NIFTY SERV SECTOR
919.33,-39.8,928.9,919.5,24-Sep-2026 16:00:28,909.3,N,-4.15,5388671181.6,EQ,INDUSINDBK,5861520,NIFTY SERV SECTOR
1779.06,-84.2,1818,1762.3,24-Sep-2026 16:00:28,1760.9,N,-4.56,2704251257.7,EQ,BAJAJFINSV,1520045,NIFTY SERV SECTOR
1191.67,-56.7,1225.2,1186.5,24-Sep-2026 16:00:28,1175,N,-4.56,12978072802.2,EQ,AXISBANK,10890660,NIFTY SERV SECTOR
1227.69,-73,1257.6,1224,24-Sep-2026 16:00:28,1202.3,N,-5.63,3874233609.9,EQ,NAUKRI,3155710,NIFTY SERV SECTOR
988.91,-61.2,1015,982,24-Sep-2026 16:00:28,974,N,-5.87,13237209074.96,EQ,BAJFINANCE,13385656,NIFTY SERV SECTOR
527.47,-34.6,535.35,526.9,24-Sep-2026 16:00:28,514,N,-6.16,9444853028.91,EQ,HDFCLIFE,17905953,NIFTY SERV SECTOR
5303.52,37,5345,5277,24-Sep-2026 16:00:28,5188,N,0.71,2183140972.8,EQ,PERSISTENT,411640,NIFTY IND DIGITAL
10900.33,76,10995,10925,24-Sep-2026 16:00:28,10600,N,0.70,1553384227.64,EQ,OFSS,142508,NIFTY IND DIGITAL
3040.4,13.2,3099,3015,24-Sep-2026 16:00:28,2963.6,N,0.44,1137453165.2,EQ,CARTRADE,374113,NIFTY IND DIGITAL
1573.13,4,1598.5,1588.3,24-Sep-2026 16:00:28,1555.7,N,0.25,155777625.12,EQ,AFFLE,99024,NIFTY IND DIGITAL
1784.84,3.5,1803.4,1785.9,24-Sep-2026 16:00:28,1758.1,N,0.20,2005660404.8,EQ,COFORGE,1123720,NIFTY IND DIGITAL
724.56,0.55,732.65,717,24-Sep-2026 16:00:28,712.25,N,0.08,786613492.08,EQ,TATATECH,1085643,NIFTY IND DIGITAL
2083.17,-2.6,2096.9,2087,24-Sep-2026 16:00:28,2067.1,N,-0.12,3667758258.54,EQ,TCS,1760662,NIFTY IND DIGITAL
496.35,-1.5,503.4,498.5,24-Sep-2026 16:00:28,490.05,N,-0.30,64039077,EQ,HEXT,129020,NIFTY IND DIGITAL
2259.58,-10.8,2277,2248.2,24-Sep-2026 16:00:28,2230,N,-0.48,341357010.18,EQ,MPHASIS,151071,NIFTY IND DIGITAL
461.51,-2.3,464.55,461.5,24-Sep-2026 16:00:28,460.05,N,-0.50,215968681.11,EQ,IRCTC,467961,NIFTY IND DIGITAL
1012.63,-6,1022.8,1014.5,24-Sep-2026 16:00:28,1005.2,N,-0.59,6978937608.59,EQ,INFY,6891893,NIFTY IND DIGITAL
164.36,-1.26,165.67,163.64,24-Sep-2026 16:00:28,163.36,N,-0.76,1156009130.92,EQ,WIPRO,7033397,NIFTY IND DIGITAL
3214.17,-25.5,3238.8,3205.8,24-Sep-2026 16:00:28,3190,N,-0.79,87949333.71,EQ,LTTS,27363,NIFTY IND DIGITAL
1633.53,-13.5,1657.5,1638.9,24-Sep-2026 16:00:28,1619,N,-0.82,151039450.86,EQ,INDIAMART,92462,NIFTY IND DIGITAL
180.2,-1.59,190.8,178.82,24-Sep-2026 16:00:28,173.3,N,-0.88,5634074274.6,EQ,FIRSTCRY,31265673,NIFTY IND DIGITAL
3198.37,-28.2,3235,3183.8,24-Sep-2026 16:00:28,3169,N,-0.88,706414386.79,EQ,TATAELXSI,220867,NIFTY IND DIGITAL
1556.92,-14,1576.2,1543,24-Sep-2026 16:00:28,1543,N,-0.90,2657825916.6,EQ,TECHM,1707105,NIFTY IND DIGITAL
1700.71,-15.5,1715.5,1689,24-Sep-2026 16:00:28,1681.1,N,-0.91,321536232.6,EQ,TBOTEK,189060,NIFTY IND DIGITAL
1250.91,-13.1,1263.3,1243.6,24-Sep-2026 16:00:28,1242.8,N,-1.04,1028384369.19,EQ,HCLTECH,822109,NIFTY IND DIGITAL
4056.83,-47,4089,4038,24-Sep-2026 16:00:28,4011,N,-1.15,1419910784.15,EQ,LTM,350005,NIFTY IND DIGITAL
4680.33,-56,4719.5,4680,24-Sep-2026 16:00:28,4633,N,-1.18,2348383659.48,EQ,NETWEB,501756,NIFTY IND DIGITAL
1505.47,-20.2,1519.9,1505,24-Sep-2026 16:00:28,1496.8,N,-1.32,41907768.39,EQ,BHARTIHEXA,27837,NIFTY IND DIGITAL
277.94,-3.8,280.35,277.3,24-Sep-2026 16:00:28,276,N,-1.35,187259851.48,EQ,BSOFT,673742,NIFTY IND DIGITAL
35.11,-0.53,35.5,35.1,24-Sep-2026 16:00:28,34.9,N,-1.49,34285406.54,EQ,TTML,976514,NIFTY IND DIGITAL
1063.99,-17.3,1085,1054.9,24-Sep-2026 16:00:28,1044,N,-1.61,240029760.06,EQ,CYIENT,225594,NIFTY IND DIGITAL
339.32,-5.55,343.9,335.3,24-Sep-2026 16:00:28,333.05,N,-1.63,1281029706.2,EQ,NYKAA,3775285,NIFTY IND DIGITAL
511.73,-9.05,519.6,512.5,24-Sep-2026 16:00:28,507.2,N,-1.74,594690132.41,EQ,TEJASNET,1162117,NIFTY IND DIGITAL
1688.49,-30.6,1701,1670,24-Sep-2026 16:00:28,1666.6,N,-1.80,189050094.36,EQ,TATACOMM,111964,NIFTY IND DIGITAL
235.48,-4.37,239.66,232,24-Sep-2026 16:00:28,232,N,-1.85,3169833956.8,EQ,MEESHO,13461160,NIFTY IND DIGITAL
521.25,-10.15,527.8,516.85,24-Sep-2026 16:00:28,514,N,-1.93,813773936.25,EQ,KPITTECH,1561197,NIFTY IND DIGITAL
423.03,-8.75,430,422,24-Sep-2026 16:00:28,418.5,N,-2.03,491984313.03,EQ,ZENSARTECH,1163001,NIFTY IND DIGITAL
1807.58,-37.4,1829.9,1795.8,24-Sep-2026 16:00:28,1795.8,N,-2.04,8255902932.82,EQ,BHARTIARTL,4567379,NIFTY IND DIGITAL
338.96,-7.15,343.6,335.5,24-Sep-2026 16:00:28,333.55,N,-2.09,5080734825.52,EQ,ETERNAL,14989187,NIFTY IND DIGITAL
277.06,-6,280.95,276,24-Sep-2026 16:00:28,274,N,-2.13,105516361.58,EQ,SONATSOFTW,380843,NIFTY IND DIGITAL
889.61,-19.4,910,887.4,24-Sep-2026 16:00:28,878.6,N,-2.14,101545423.06,EQ,MAPMYINDIA,114146,NIFTY IND DIGITAL
45.18,-0.99,45.71,45,24-Sep-2026 16:00:28,44.82,N,-2.15,491293916.28,EQ,SAGILITY,10874146,NIFTY IND DIGITAL
252.11,-5.65,256.55,251.55,24-Sep-2026 16:00:28,250.4,N,-2.20,37522287.63,EQ,ITI,148833,NIFTY IND DIGITAL
497.74,-11.15,505.1,493,24-Sep-2026 16:00:28,490.05,N,-2.21,168371505.28,EQ,NEWGEN,338272,NIFTY IND DIGITAL
1757.19,-39.5,1784.7,1735.5,24-Sep-2026 16:00:28,1730.3,N,-2.23,6217419690.06,EQ,PAYTM,3538274,NIFTY IND DIGITAL
132.99,-3.11,135.5,133,24-Sep-2026 16:00:28,131.64,N,-2.28,512260058.31,EQ,PWL,3851869,NIFTY IND DIGITAL
224.91,-5.54,229.8,224.53,24-Sep-2026 16:00:28,220.96,N,-2.41,220286525.13,EQ,BLS,979443,NIFTY IND DIGITAL
262.79,-7.25,266.55,261.5,24-Sep-2026 16:00:28,260.1,N,-2.70,95984835.87,EQ,RAILTEL,365253,NIFTY IND DIGITAL
14.25,-0.4,14.5,14.12,24-Sep-2026 16:00:28,14.04,N,-2.75,5187723486.75,EQ,IDEA,364050771,NIFTY IND DIGITAL
247.79,-7.75,252.9,245.65,24-Sep-2026 16:00:28,245,N,-3.06,83084978.16,EQ,LATENTVIEW,335304,NIFTY IND DIGITAL
271.68,-11.05,276.6,267.45,24-Sep-2026 16:00:28,265.6,N,-3.97,4255618612.8,EQ,SWIGGY,15664085,NIFTY IND DIGITAL
1901.47,-84.7,1940,1853.1,24-Sep-2026 16:00:28,1849,N,-4.37,696137674.35,EQ,IKS,366105,NIFTY IND DIGITAL
181.3,-8.3,187.3,180,24-Sep-2026 16:00:28,177.65,N,-4.41,5947134586.4,EQ,PINELABS,32802728,NIFTY IND DIGITAL
645.75,-30.55,664,637.5,24-Sep-2026 16:00:28,635,N,-4.57,172032966,EQ,INTELLECT,266408,NIFTY IND DIGITAL
1227.69,-73,1257.6,1224,24-Sep-2026 16:00:28,1202.3,N,-5.63,3874233609.9,EQ,NAUKRI,3155710,NIFTY IND DIGITAL
1283.32,-679.1,1697.7,1207.2,24-Sep-2026 16:00:28,1207.2,N,-36.00,35097241482.88,EQ,POLICYBZR,27348784,NIFTY IND DIGITAL
236.43,2.1,239,239,24-Sep-2026 16:00:28,235.23,N,0.89,2008176366.78,EQ,ONGC,8493746,NIFTY100 ESG
172.82,0.9,173.85,173.85,24-Sep-2026 16:00:28,171.84,N,0.52,1068661330.94,EQ,GAIL,6183667,NIFTY100 ESG
326.3,0.6,327.7,326.6,24-Sep-2026 16:00:28,324.4,N,0.18,2500299854,EQ,NTPC,7662580,NIFTY100 ESG
7116.28,9,7144.5,7129,24-Sep-2026 16:00:28,7062.5,N,0.13,1005957340.8,EQ,ABB,141360,NIFTY100 ESG
3229.63,1.6,3281.7,3216,24-Sep-2026 16:00:28,3158.5,N,0.05,1201958478.58,EQ,ENRIN,372166,NIFTY100 ESG
125.35,-0.1,126.2,125.9,24-Sep-2026 16:00:28,124.57,N,-0.08,1142205370.15,EQ,CANBK,9112129,NIFTY100 ESG
9638.65,-22,9740,9602,24-Sep-2026 16:00:28,9540,N,-0.23,6425769879.55,EQ,DIVISLAB,666667,NIFTY100 ESG
1763.12,-5,1791.4,1755,24-Sep-2026 16:00:28,1699.9,N,-0.28,6082106356.24,EQ,SBILIFE,3449627,NIFTY100 ESG
178.62,-0.55,180.2,179.45,24-Sep-2026 16:00:28,175.86,N,-0.31,801006564.54,EQ,UNIONBANK,4484417,NIFTY100 ESG
1335.62,-5.5,1347.8,1334.5,24-Sep-2026 16:00:28,1330.1,N,-0.41,11558348630.4,EQ,ICICIBANK,8653920,NIFTY100 ESG
47789.22,-205,48080,47750,24-Sep-2026 16:00:28,47145,N,-0.43,697913768.88,EQ,BOSCHLTD,14604,NIFTY100 ESG
877.06,-4.75,884.7,875,24-Sep-2026 16:00:28,871.2,N,-0.54,607573667.34,EQ,GODREJCP,692739,NIFTY100 ESG
1012.63,-6,1022.8,1014.5,24-Sep-2026 16:00:28,1005.2,N,-0.59,6978937608.59,EQ,INFY,6891893,NIFTY100 ESG
22505.8,-150,22725,22350,24-Sep-2026 16:00:28,22170,N,-0.67,385546859.8,EQ,SHREECEM,17131,NIFTY100 ESG
675.71,-4.6,681,670.4,24-Sep-2026 16:00:28,666.55,N,-0.68,3428557269.97,EQ,DLF,5074007,NIFTY100 ESG
4928.89,-34,4959.5,4895,24-Sep-2026 16:00:28,4885,N,-0.69,909493569.47,EQ,BRITANNIA,184523,NIFTY100 ESG
3178.37,-22,3203.7,3166.5,24-Sep-2026 16:00:28,3150.6,N,-0.69,1498086559.06,EQ,GRASIM,471338,NIFTY100 ESG
4982.74,-37,5011.5,4973,24-Sep-2026 16:00:28,4958,N,-0.74,818948198.18,EQ,CUMMINSIND,164357,NIFTY100 ESG
164.36,-1.26,165.67,163.64,24-Sep-2026 16:00:28,163.36,N,-0.76,1156009130.92,EQ,WIPRO,7033397,NIFTY100 ESG
986.63,-8,992,986.3,24-Sep-2026 16:00:28,983,N,-0.80,989480374.07,EQ,TATACONSUM,1002889,NIFTY100 ESG
11263.06,-192,11383,11208,24-Sep-2026 16:00:28,11201,N,-1.68,1202511863.96,EQ,BAJAJ-AUTO,106766,NIFTY100 ESG
3006.49,-52.3,3039,2982.7,24-Sep-2026 16:00:28,2982.7,N,-1.72,5723518149.29,EQ,M&M,1903721,NIFTY100 ESG
7378.49,-131.5,7460,7338.5,24-Sep-2026 16:00:28,7333,N,-1.76,1904904763.3,EQ,EICHERMOT,258170,NIFTY100 ESG
1281.22,-24.6,1298.4,1273.2,24-Sep-2026 16:00:28,1272.2,N,-1.90,1071841746.38,EQ,JSWSTEEL,836579,NIFTY100 ESG
341.18,-6.65,345.1,339.35,24-Sep-2026 16:00:28,338,N,-1.92,2713571377.02,EQ,PFC,7953489,NIFTY100 ESG
12076.78,-240,12184,11990,24-Sep-2026 16:00:28,11975,N,-1.96,4754205598.7,EQ,MARUTI,393665,NIFTY100 ESG
8975.29,-180.5,9069,8888.5,24-Sep-2026 16:00:28,8888.5,N,-1.99,3438487450.74,EQ,APOLLOHOSP,383106,NIFTY100 ESG
734.12,-14.9,740.1,728.8,24-Sep-2026 16:00:28,727.4,N,-2.00,837294693.04,EQ,INDHOTEL,1140542,NIFTY100 ESG
1807.58,-37.4,1829.9,1795.8,24-Sep-2026 16:00:28,1795.8,N,-2.04,8255902932.82,EQ,BHARTIARTL,4567379,NIFTY100 ESG
995.56,-20.8,1008.6,990,24-Sep-2026 16:00:28,983.4,N,-2.06,4077939200.56,EQ,SHRIRAMFIN,4096126,NIFTY100 ESG
338.96,-7.15,343.6,335.5,24-Sep-2026 16:00:28,333.55,N,-2.09,5080734825.52,EQ,ETERNAL,14989187,NIFTY100 ESG
228.55,-4.95,230.6,227.2,24-Sep-2026 16:00:28,226.7,N,-2.13,2619244937.05,EQ,JIOFIN,11460271,NIFTY100 ESG
982.71,-21.8,991.9,982,24-Sep-2026 16:00:28,976.5,N,-2.17,4256117010,EQ,HINDALCO,4331000,NIFTY100 ESG
386.21,-8.65,390.9,384.1,24-Sep-2026 16:00:28,382.65,N,-2.20,352373755.69,EQ,AMBUJACEM,912389,NIFTY100 ESG
1229.38,-28.8,1241.6,1219.2,24-Sep-2026 16:00:28,1219.2,N,-2.31,17117635097.1,EQ,RELIANCE,13923795,NIFTY100 ESG
2413.22,-62.3,2437.8,2392.7,24-Sep-2026 16:00:28,2391,N,-2.54,626416407.94,EQ,ASIANPAINT,259577,NIFTY100 ESG
201.36,-5.32,203.8,199.48,24-Sep-2026 16:00:28,198.8,N,-2.60,4084319791.2,EQ,ADANIPOWER,20283670,NIFTY100 ESG
1362.06,-36.2,1386,1351,24-Sep-2026 16:00:28,1350.2,N,-2.61,1090853423.1,EQ,NESTLEIND,800885,NIFTY100 ESG
2734.54,-74,2767.5,2700,24-Sep-2026 16:00:28,2699.9,N,-2.67,1522698519.06,EQ,TRENT,556839,NIFTY100 ESG
309.66,-8.65,313.95,307.1,24-Sep-2026 16:00:28,306.7,N,-2.74,998673937.56,EQ,BPCL,3225066,NIFTY100 ESG
2402.92,-68,2432,2380.3,24-Sep-2026 16:00:28,2380.3,N,-2.78,1635549900.92,EQ,HDFCAMC,680651,NIFTY100 ESG
1349.55,-39.5,1371.4,1340.5,24-Sep-2026 16:00:28,1335.1,N,-2.86,2479861553.85,EQ,ADANIENSOL,1837547,NIFTY100 ESG
2930.92,-93.2,2978,2900,24-Sep-2026 16:00:28,2898.2,N,-3.11,3172609525.04,EQ,ADANIENT,1082462,NIFTY100 ESG
1534.96,-66.1,1579,1522,24-Sep-2026 16:00:28,1517.5,N,-4.16,1932855401.12,EQ,PIDILITIND,1259222,NIFTY100 ESG
1191.67,-56.7,1225.2,1186.5,24-Sep-2026 16:00:28,1175,N,-4.56,12978072802.2,EQ,AXISBANK,10890660,NIFTY100 ESG
1779.06,-84.2,1818,1762.3,24-Sep-2026 16:00:28,1760.9,N,-4.56,2704251257.7,EQ,BAJAJFINSV,1520045,NIFTY100 ESG
11134,-532,11390,10917,24-Sep-2026 16:00:28,10898,N,-4.65,486310852,EQ,BAJAJHLDNG,43678,NIFTY100 ESG
1680.42,-92.3,1712,1681.7,24-Sep-2026 16:00:28,1629.9,N,-5.20,6977754162.54,EQ,CHOLAFIN,4152387,NIFTY100 ESG
988.91,-61.2,1015,982,24-Sep-2026 16:00:28,974,N,-5.87,13237209074.96,EQ,BAJFINANCE,13385656,NIFTY100 ESG
527.47,-34.6,535.35,526.9,24-Sep-2026 16:00:28,514,N,-6.16,9444853028.91,EQ,HDFCLIFE,17905953,NIFTY100 ESG
3519.55,51.5,3576,3509.5,24-Sep-2026 16:00:28,3415.3,N,1.49,5369210787.45,EQ,KAYNES,1525539,NIFTY INDIA MFG
675.6,9.75,682.5,677.5,24-Sep-2026 16:00:28,660,N,1.46,1249588408.8,EQ,HSCL,1849598,NIFTY INDIA MFG
2823.49,34.1,2861.9,2831,24-Sep-2026 16:00:28,2789.1,N,1.22,906698873.23,EQ,ESCORTS,321127,NIFTY INDIA MFG
1398.4,16,1419,1399,24-Sep-2026 16:00:28,1364.6,N,1.16,2210568345.6,EQ,CIPLA,1580784,NIFTY INDIA MFG
1181.43,10.2,1190.6,1180.3,24-Sep-2026 16:00:28,1161.6,N,0.87,2322543701.25,EQ,ZYDUSLIFE,1965875,NIFTY INDIA MFG
194.72,1.51,195.9,194.74,24-Sep-2026 16:00:28,192.11,N,0.78,453047429.92,EQ,CASTROLIND,2326661,NIFTY INDIA MFG
13230.01,99,13315,13299,24-Sep-2026 16:00:28,13091,N,0.75,2449827411.72,EQ,DIXON,185172,NIFTY INDIA MFG
889.46,3.85,898.55,885.75,24-Sep-2026 16:00:28,876.2,N,0.44,360048071.24,EQ,ANTHEM,404794,NIFTY INDIA MFG
37468.74,160,37705,37500,24-Sep-2026 16:00:28,37010,N,0.43,614749617.18,EQ,PAGEIND,16407,NIFTY INDIA MFG
2388.25,7.5,2410,2393.5,24-Sep-2026 16:00:28,2365.3,N,0.31,276005276,EQ,PIIND,115568,NIFTY INDIA MFG
7116.28,9,7144.5,7129,24-Sep-2026 16:00:28,7062.5,N,0.13,1005957340.8,EQ,ABB,141360,NIFTY INDIA MFG
1237.85,1.3,1252.9,1224.4,24-Sep-2026 16:00:28,1212.3,N,0.11,551776588.9,EQ,UNOMINDA,445754,NIFTY INDIA MFG
3229.63,1.6,3281.7,3216,24-Sep-2026 16:00:28,3158.5,N,0.05,1201958478.58,EQ,ENRIN,372166,NIFTY INDIA MFG
1374.45,0,1385,1370,24-Sep-2026 16:00:28,1358.1,N,0.00,766154165.7,EQ,COCHINSHIP,557426,NIFTY INDIA MFG
2097.9,-2.1,2114.8,2100.7,24-Sep-2026 16:00:28,2084.5,N,-0.10,1118524755.6,EQ,LUPIN,533164,NIFTY INDIA MFG
3961,-5,4033.6,3965,24-Sep-2026 16:00:28,3912.4,N,-0.13,1233364297,EQ,AIAENG,311377,NIFTY INDIA MFG
8470.87,-11.5,8559.5,8446,24-Sep-2026 16:00:28,8400,N,-0.14,492911454.43,EQ,NAVINFLUOR,58189,NIFTY INDIA MFG
1394.85,-2.8,1402.3,1392,24-Sep-2026 16:00:28,1384,N,-0.20,752087776.65,EQ,ASTRAL,539189,NIFTY INDIA MFG
9638.65,-22,9740,9602,24-Sep-2026 16:00:28,9540,N,-0.23,6425769879.55,EQ,DIVISLAB,666667,NIFTY INDIA MFG
2000.84,-5.1,2023.2,1998.9,24-Sep-2026 16:00:28,1965,N,-0.25,2498386881.96,EQ,BHARATFORG,1248669,NIFTY INDIA MFG
589.86,-8.3,594.9,587.15,24-Sep-2026 16:00:28,581,N,-1.39,1946308544.46,EQ,HINDZINC,3299611,NIFTY INDIA MFG
1116.92,-16.6,1126.4,1113.4,24-Sep-2026 16:00:28,1106.9,N,-1.47,592205503.96,EQ,VOLTAS,530213,NIFTY INDIA MFG
189.36,-2.8,191.8,188.02,24-Sep-2026 16:00:28,187.72,N,-1.47,2973245318.64,EQ,TATASTEEL,15701549,NIFTY INDIA MFG
2562.41,-38.1,2585.5,2540.5,24-Sep-2026 16:00:28,2540.5,N,-1.48,181008642.4,EQ,TIINDIA,70640,NIFTY INDIA MFG
1160.6,-17.5,1174.7,1157.8,24-Sep-2026 16:00:28,1152.3,N,-1.49,694951031.6,EQ,JINDALSTEL,598786,NIFTY INDIA MFG
220.89,-3.63,223.3,219.8,24-Sep-2026 16:00:28,218.65,N,-1.62,374354211.06,EQ,CROMPTON,1694754,NIFTY INDIA MFG
2084.62,-34.4,2109.5,2060.6,24-Sep-2026 16:00:28,2060,N,-1.64,810604487,EQ,HYUNDAI,388850,NIFTY INDIA MFG
1124.28,-18.7,1141.9,1118,24-Sep-2026 16:00:28,1109.9,N,-1.65,178328796.48,EQ,KPRMILL,158616,NIFTY INDIA MFG
11263.06,-192,11383,11208,24-Sep-2026 16:00:28,11201,N,-1.68,1202511863.96,EQ,BAJAJ-AUTO,106766,NIFTY INDIA MFG
5345.08,-91.5,5447,5326,24-Sep-2026 16:00:28,5261.5,N,-1.69,884471767.92,EQ,ALKEM,165474,NIFTY INDIA MFG
3006.49,-52.3,3039,2982.7,24-Sep-2026 16:00:28,2982.7,N,-1.72,5723518149.29,EQ,M&M,1903721,NIFTY INDIA MFG
2181.98,-38.5,2201.7,2161.1,24-Sep-2026 16:00:28,2161.1,N,-1.75,108765157.06,EQ,BALKRISIND,49847,NIFTY INDIA MFG
7378.49,-131.5,7460,7338.5,24-Sep-2026 16:00:28,7333,N,-1.76,1904904763.3,EQ,EICHERMOT,258170,NIFTY INDIA MFG
3459.01,-63.1,3495.3,3434,24-Sep-2026 16:00:28,3429,N,-1.80,223953602.45,EQ,SUPREMEIND,64745,NIFTY INDIA MFG
4668.4,-86,4706.5,4636.5,24-Sep-2026 16:00:28,4627,N,-1.82,1049755097.6,EQ,KEI,224864,NIFTY INDIA MFG
418.83,-7.75,422.65,415.35,24-Sep-2026 16:00:28,415.35,N,-1.83,2293042315.08,EQ,BHEL,5474876,NIFTY INDIA MFG
298.45,-5.5,300.95,295,24-Sep-2026 16:00:28,295,N,-1.83,2723748114.85,EQ,TMPV,9126313,NIFTY INDIA MFG
1281.22,-24.6,1298.4,1273.2,24-Sep-2026 16:00:28,1272.2,N,-1.90,1071841746.38,EQ,JSWSTEEL,836579,NIFTY INDIA MFG
12076.78,-240,12184,11990,24-Sep-2026 16:00:28,11975,N,-1.96,4754205598.7,EQ,MARUTI,393665,NIFTY INDIA MFG
826.34,-16.7,837,816.3,24-Sep-2026 16:00:28,814.7,N,-2.00,2125686932.08,EQ,SONACOMS,2572412,NIFTY INDIA MFG
982.71,-21.8,991.9,982,24-Sep-2026 16:00:28,976.5,N,-2.17,4256117010,EQ,HINDALCO,4331000,NIFTY INDIA MFG
1229.38,-28.8,1241.6,1219.2,24-Sep-2026 16:00:28,1219.2,N,-2.31,17117635097.1,EQ,RELIANCE,13923795,NIFTY INDIA MFG
33797.15,-900,34275,33375,24-Sep-2026 16:00:28,33200,N,-2.63,71278189.35,EQ,HONAUT,2109,NIFTY INDIA MFG
309.66,-8.65,313.95,307.1,24-Sep-2026 16:00:28,306.7,N,-2.74,998673937.56,EQ,BPCL,3225066,NIFTY INDIA MFG
443.33,-12.6,456.05,437.6,24-Sep-2026 16:00:28,431.55,N,-2.80,2130569943.89,EQ,TMCV,4805833,NIFTY INDIA MFG
4352.51,-130.7,4405,4286.3,24-Sep-2026 16:00:28,4286.3,N,-2.96,1470238705.41,EQ,GVT&D,337791,NIFTY INDIA MFG
158.93,-5.59,160.6,157.3,24-Sep-2026 16:00:28,157,N,-3.43,1293393636.62,EQ,ASHOKLEY,8138134,NIFTY INDIA MFG
501.13,-17.8,507.4,495.2,24-Sep-2026 16:00:28,493.6,N,-3.47,2944079616.66,EQ,HINDCOPPER,5874882,NIFTY INDIA MFG
41.06,-1.65,42.24,40.74,24-Sep-2026 16:00:28,40.55,N,-3.89,5388756691.8,EQ,SUZLON,131241030,NIFTY INDIA MFG
1534.96,-66.1,1579,1522,24-Sep-2026 16:00:28,1517.5,N,-4.16,1932855401.12,EQ,PIDILITIND,1259222,NIFTY INDIA MFG
1374.45,0,1385,1370,24-Sep-2026 16:00:28,1358.1,N,0.00,766154165.7,EQ,COCHINSHIP,557426,NIFTY IND DEFENCE
12480.65,-20,12630,12541,24-Sep-2026 16:00:28,12350,N,-0.16,298924048.15,EQ,DYNAMATECH,23951,NIFTY IND DEFENCE
1600.08,-3.3,1609,1598.8,24-Sep-2026 16:00:28,1591,N,-0.21,360811639.68,EQ,ASTRAMICRO,225496,NIFTY IND DEFENCE
2000.84,-5.1,2023.2,1998.9,24-Sep-2026 16:00:28,1965,N,-0.25,2498386881.96,EQ,BHARATFORG,1248669,NIFTY IND DEFENCE
243.33,-0.94,247,243,24-Sep-2026 16:00:28,239.52,N,-0.39,464138105.19,EQ,AEQUS,1907443,NIFTY IND DEFENCE
2202.62,-9.5,2221.8,2202,24-Sep-2026 16:00:28,2189.2,N,-0.43,1021293220.64,EQ,MAZDOCK,463672,NIFTY IND DEFENCE
1170.8,-6,1183,1155,24-Sep-2026 16:00:28,1152.1,N,-0.52,2359659590,EQ,BDL,2015425,NIFTY IND DEFENCE
4409.15,-28.4,4464,4394,24-Sep-2026 16:00:28,4370.8,N,-0.64,1283724022.5,EQ,DATAPATTNS,291150,NIFTY IND DEFENCE
1930.93,-14.2,1959,1926,24-Sep-2026 16:00:28,1905.2,N,-0.73,229106775.43,EQ,AXISCADES,118651,NIFTY IND DEFENCE
395.74,-4.05,398.05,392,24-Sep-2026 16:00:28,392,N,-1.02,2311563245.84,EQ,BEL,5841116,NIFTY IND DEFENCE
2352.25,-26.7,2369.3,2353.9,24-Sep-2026 16:00:28,2333.5,N,-1.12,463548498.5,EQ,GRSE,197066,NIFTY IND DEFENCE
401.71,-4.7,407.8,399.9,24-Sep-2026 16:00:28,396.8,N,-1.16,2073165856.92,EQ,APOLLO,5160852,NIFTY IND DEFENCE
19686.27,-250,19860,19480,24-Sep-2026 16:00:28,19450,N,-1.27,2372451456.51,EQ,SOLARINDS,120513,NIFTY IND DEFENCE
4812.93,-61.8,4846.7,4774.2,24-Sep-2026 16:00:28,4770,N,-1.28,1721031574.05,EQ,HAL,357585,NIFTY IND DEFENCE
1658.59,-27.4,1681.6,1644.9,24-Sep-2026 16:00:28,1640.7,N,-1.64,279979943.54,EQ,ZENTEC,168806,NIFTY IND DEFENCE
2057.81,-46.4,2089,2049,24-Sep-2026 16:00:28,2030,N,-2.21,398301472.36,EQ,BEML,193556,NIFTY IND DEFENCE
409.11,-9.4,415.7,406.8,24-Sep-2026 16:00:28,403.7,N,-2.26,178836708.96,EQ,MIDHANI,437136,NIFTY IND DEFENCE
1354.66,-34.3,1378.4,1346.9,24-Sep-2026 16:00:28,1331,N,-2.48,611698077.66,EQ,PARAS,451551,NIFTY IND DEFENCE
7125.54,-191.5,7260,7095,24-Sep-2026 16:00:28,6960,N,-2.63,555136570.32,BE,MTARTECH,77908,NIFTY IND DEFENCE
163.73,2.29,165.4,163.52,24-Sep-2026 16:00:28,158.84,N,1.42,574537575.15,EQ,ITCHOTELS,3509055,NIFTY IND TOURISM
885.67,11.95,897,896,24-Sep-2026 16:00:28,866.6,N,1.35,114749176.54,EQ,CHALET,129562,NIFTY IND TOURISM
1206.23,4.5,1224,1219,24-Sep-2026 16:00:28,1199.9,N,0.37,14855928.68,EQ,TRAVELFOOD,12316,NIFTY IND TOURISM
461.51,-2.3,464.55,461.5,24-Sep-2026 16:00:28,460.05,N,-0.50,215968681.11,EQ,IRCTC,467961,NIFTY IND TOURISM
480.98,-4.4,484.75,478.9,24-Sep-2026 16:00:28,476.05,N,-0.91,163336960.16,EQ,JUBLFOOD,339592,NIFTY IND TOURISM
1700.71,-15.5,1715.5,1689,24-Sep-2026 16:00:28,1681.1,N,-0.91,321536232.6,EQ,TBOTEK,189060,NIFTY IND TOURISM
106.72,-1.12,107.7,106.8,24-Sep-2026 16:00:28,106.2,N,-1.04,194127415.2,EQ,LEMONTREE,1819035,NIFTY IND TOURISM
298.16,-3.65,301.15,297.5,24-Sep-2026 16:00:28,295.25,N,-1.21,25580935.36,EQ,EIHOTEL,85796,NIFTY IND TOURISM
537.87,-7.55,545.65,537.4,24-Sep-2026 16:00:28,530.5,N,-1.39,74181954.66,EQ,THELEELA,137918,NIFTY IND TOURISM
98.56,-1.79,99.59,97.35,24-Sep-2026 16:00:28,97.11,N,-1.81,1056906878.72,EQ,GMRAIRPORT,10723487,NIFTY IND TOURISM
137.71,-2.61,139.32,137.5,24-Sep-2026 16:00:28,135.81,N,-1.86,132691159.05,EQ,DEVYANI,963555,NIFTY IND TOURISM
734.12,-14.9,740.1,728.8,24-Sep-2026 16:00:28,727.4,N,-2.00,837294693.04,EQ,INDHOTEL,1140542,NIFTY IND TOURISM
225.94,-5.48,231,226,24-Sep-2026 16:00:28,222.68,N,-2.37,92929347.94,EQ,SAPPHIRE,411301,NIFTY IND TOURISM
224.91,-5.54,229.8,224.53,24-Sep-2026 16:00:28,220.96,N,-2.41,220286525.13,EQ,BLS,979443,NIFTY IND TOURISM
4922.64,-138.5,4975,4890,24-Sep-2026 16:00:28,4874.5,N,-2.75,2808139678.56,EQ,INDIGO,570454,NIFTY IND TOURISM
3429.8,53.7,3477,3427.7,24-Sep-2026 16:00:28,3351.1,N,1.59,14176831354.4,EQ,MCX,4133428,NIFTY CAPITAL MKT
1699.48,10.5,1719.9,1698.7,24-Sep-2026 16:00:28,1671.1,N,0.62,436117158.64,EQ,NUVAMA,256618,NIFTY CAPITAL MKT
1021.16,0.4,1030.3,1027,24-Sep-2026 16:00:28,1013.7,N,0.04,68974252.2,EQ,ABSLAMC,67545,NIFTY CAPITAL MKT
2169.83,-1.2,2185,2168,24-Sep-2026 16:00:28,2161.5,N,-0.06,462045770.03,EQ,ANANDRATHI,212941,NIFTY CAPITAL MKT
3165.47,-13.5,3189.5,3165.5,24-Sep-2026 16:00:28,3132.4,N,-0.42,507067142.89,EQ,ICICIAMC,160187,NIFTY CAPITAL MKT
907.34,-4.95,914.4,905,24-Sep-2026 16:00:28,903.2,N,-0.54,42752953.46,EQ,UTIAMC,47119,NIFTY CAPITAL MKT
186.35,-2.07,189.87,186.56,24-Sep-2026 16:00:28,184.25,N,-1.10,3765323622.9,EQ,GROWW,20205654,NIFTY CAPITAL MKT
900.84,-14,911,897.95,24-Sep-2026 16:00:28,893.05,N,-1.54,389609696.64,EQ,KFINTECH,432496,NIFTY CAPITAL MKT
111.73,-1.96,112.5,111.2,24-Sep-2026 16:00:28,111.04,N,-1.73,297206939.58,EQ,IEX,2660046,NIFTY CAPITAL MKT
1148.91,-20.1,1170.6,1144.9,24-Sep-2026 16:00:28,1130.9,N,-1.73,1132150849.83,EQ,NAM-INDIA,985413,NIFTY CAPITAL MKT
716.58,-13.3,725,710.6,24-Sep-2026 16:00:28,705,N,-1.84,709374788.1,EQ,CAMS,989945,NIFTY CAPITAL MKT
1029.74,-20.5,1044.9,1022,24-Sep-2026 16:00:28,1014,N,-1.97,895128268.24,EQ,MOTILALOFS,869276,NIFTY CAPITAL MKT
1332.99,-31.1,1347.3,1320,24-Sep-2026 16:00:28,1318.1,N,-2.30,1642642244.01,EQ,CDSL,1232299,NIFTY CAPITAL MKT
1079.26,-27.2,1103,1080.8,24-Sep-2026 16:00:28,1066.9,N,-2.45,1463902867.7,EQ,360ONE,1356395,NIFTY CAPITAL MKT
3242.15,-86.9,3308,3183.8,24-Sep-2026 16:00:28,3175,N,-2.66,18350384197.45,EQ,BSE,5659943,NIFTY CAPITAL MKT
2402.92,-68,2432,2380.3,24-Sep-2026 16:00:28,2380.3,N,-2.78,1635549900.92,EQ,HDFCAMC,680651,NIFTY CAPITAL MKT
293.08,-9.3,297.75,290.7,24-Sep-2026 16:00:28,289.8,N,-3.10,1073753679.04,EQ,ANGELONE,3663688,NIFTY CAPITAL MKT
675.6,9.75,682.5,677.5,24-Sep-2026 16:00:28,660,N,1.46,1249588408.8,EQ,HSCL,1849598,NIFTY EV
42.68,0.23,44.55,42.1,24-Sep-2026 16:00:28,40.91,N,0.55,16049955911,EQ,OLAELEC,376053325,NIFTY EV
1237.85,1.3,1252.9,1224.4,24-Sep-2026 16:00:28,1212.3,N,0.11,551776588.9,EQ,UNOMINDA,445754,NIFTY EV
724.56,0.55,732.65,717,24-Sep-2026 16:00:28,712.25,N,0.08,786613492.08,EQ,TATATECH,1085643,NIFTY EV
429.66,0.05,436.8,426,24-Sep-2026 16:00:28,421.9,N,0.01,1406654851.14,EQ,EXIDEIND,3273879,NIFTY EV
1505.47,-0.4,1524.5,1499,24-Sep-2026 16:00:28,1481,N,-0.03,4932398459.46,EQ,ATHERENERG,3276318,NIFTY EV
4486.75,-5.4,4532.8,4471,24-Sep-2026 16:00:28,4430.3,N,-0.12,300378939,EQ,FLUOROCHEM,66948,NIFTY EV
2000.84,-5.1,2023.2,1998.9,24-Sep-2026 16:00:28,1965,N,-0.25,2498386881.96,EQ,BHARATFORG,1248669,NIFTY EV
34.89,-0.14,35.35,34.84,24-Sep-2026 16:00:28,34.63,N,-0.40,476658980.85,EQ,MSUMI,13661765,NIFTY EV
47789.22,-205,48080,47750,24-Sep-2026 16:00:28,47145,N,-0.43,697913768.88,EQ,BOSCHLTD,14604,NIFTY EV
2345.42,-17.2,2375.8,2340,24-Sep-2026 16:00:28,2325.2,N,-0.73,384695788.4,EQ,ZFCVINDIA,164020,NIFTY EV
3214.17,-25.5,3238.8,3205.8,24-Sep-2026 16:00:28,3190,N,-0.79,87949333.71,EQ,LTTS,27363,NIFTY EV
3198.37,-28.2,3235,3183.8,24-Sep-2026 16:00:28,3169,N,-0.88,706414386.79,EQ,TATAELXSI,220867,NIFTY EV
888.62,-8.3,896.4,886.7,24-Sep-2026 16:00:28,877.1,N,-0.93,1191100027.66,EQ,CGPOWER,1340393,NIFTY EV
4088.84,-44,4123,4091,24-Sep-2026 16:00:28,4057,N,-1.06,3818563587.16,EQ,TVSMOTOR,933899,NIFTY EV
164.14,-1.9,164.8,162.5,24-Sep-2026 16:00:28,162.5,N,-1.16,3619428488.68,EQ,MOTHERSON,22050862,NIFTY EV
17240.86,-210,17456,17142,24-Sep-2026 16:00:28,17112,N,-1.21,982229035.06,EQ,FORCEMOT,56971,NIFTY EV
682.54,-9.95,687.9,679.1,24-Sep-2026 16:00:28,675.05,N,-1.44,62657854.54,EQ,MINDACORP,91801,NIFTY EV
594.19,-8.8,599.7,593,24-Sep-2026 16:00:28,590.4,N,-1.46,79547186.25,EQ,JBMA,133875,NIFTY EV
2562.41,-38.1,2585.5,2540.5,24-Sep-2026 16:00:28,2540.5,N,-1.48,181008642.4,EQ,TIINDIA,70640,NIFTY EV
2084.62,-34.4,2109.5,2060.6,24-Sep-2026 16:00:28,2060,N,-1.64,810604487,EQ,HYUNDAI,388850,NIFTY EV
11263.06,-192,11383,11208,24-Sep-2026 16:00:28,11201,N,-1.68,1202511863.96,EQ,BAJAJ-AUTO,106766,NIFTY EV
3006.49,-52.3,3039,2982.7,24-Sep-2026 16:00:28,2982.7,N,-1.72,5723518149.29,EQ,M&M,1903721,NIFTY EV
7378.49,-131.5,7460,7338.5,24-Sep-2026 16:00:28,7333,N,-1.76,1904904763.3,EQ,EICHERMOT,258170,NIFTY EV
5327.61,-98,5368,5296,24-Sep-2026 16:00:28,5294,N,-1.82,1919505917.34,EQ,HEROMOTOCO,360294,NIFTY EV
4668.4,-86,4706.5,4636.5,24-Sep-2026 16:00:28,4627,N,-1.82,1049755097.6,EQ,KEI,224864,NIFTY EV
298.45,-5.5,300.95,295,24-Sep-2026 16:00:28,295,N,-1.83,2723748114.85,EQ,TMPV,9126313,NIFTY EV
4058.78,-76.7,4093,4009,24-Sep-2026 16:00:28,4000,N,-1.88,191099538.74,EQ,SCHAEFFLER,47083,NIFTY EV
521.25,-10.15,527.8,516.85,24-Sep-2026 16:00:28,514,N,-1.93,813773936.25,EQ,KPITTECH,1561197,NIFTY EV
12076.78,-240,12184,11990,24-Sep-2026 16:00:28,11975,N,-1.96,4754205598.7,EQ,MARUTI,393665,NIFTY EV
826.34,-16.7,837,816.3,24-Sep-2026 16:00:28,814.7,N,-2.00,2125686932.08,EQ,SONACOMS,2572412,NIFTY EV
228.13,-4.79,230.59,228.37,24-Sep-2026 16:00:28,226.81,N,-2.05,140633704.19,EQ,JWL,616463,NIFTY EV
800.07,-17.85,809.05,795,24-Sep-2026 16:00:28,793,N,-2.20,242121983.82,EQ,ARE&M,302626,NIFTY EV
1229.38,-28.8,1241.6,1219.2,24-Sep-2026 16:00:28,1219.2,N,-2.31,17117635097.1,EQ,RELIANCE,13923795,NIFTY EV
1252.53,-30.1,1272.7,1245.8,24-Sep-2026 16:00:28,1240,N,-2.36,437943356.91,EQ,OLECTRA,349647,NIFTY EV
443.33,-12.6,456.05,437.6,24-Sep-2026 16:00:28,431.55,N,-2.80,2130569943.89,EQ,TMCV,4805833,NIFTY EV
659.85,-19.9,670,650,24-Sep-2026 16:00:28,649.95,N,-2.97,505135630.35,EQ,TATACHEM,765531,NIFTY EV
158.93,-5.59,160.6,157.3,24-Sep-2026 16:00:28,157,N,-3.43,1293393636.62,EQ,ASHOKLEY,8138134,NIFTY EV
78.42,1.22,79.45,78.5,24-Sep-2026 16:00:28,76.85,N,1.58,1166087206.56,EQ,ZEEL,14869768,NIFTY NEW CONSUMP
163.73,2.29,165.4,163.52,24-Sep-2026 16:00:28,158.84,N,1.42,574537575.15,EQ,ITCHOTELS,3509055,NIFTY NEW CONSUMP
885.67,11.95,897,896,24-Sep-2026 16:00:28,866.6,N,1.35,114749176.54,EQ,CHALET,129562,NIFTY NEW CONSUMP
13230.01,99,13315,13299,24-Sep-2026 16:00:28,13091,N,0.75,2449827411.72,EQ,DIXON,185172,NIFTY NEW CONSUMP
1699.48,10.5,1719.9,1698.7,24-Sep-2026 16:00:28,1671.1,N,0.62,436117158.64,EQ,NUVAMA,256618,NIFTY NEW CONSUMP
42.68,0.23,44.55,42.1,24-Sep-2026 16:00:28,40.91,N,0.55,16049955911,EQ,OLAELEC,376053325,NIFTY NEW CONSUMP
3040.4,13.2,3099,3015,24-Sep-2026 16:00:28,2963.6,N,0.44,1137453165.2,EQ,CARTRADE,374113,NIFTY NEW CONSUMP
37468.74,160,37705,37500,24-Sep-2026 16:00:28,37010,N,0.43,614749617.18,EQ,PAGEIND,16407,NIFTY NEW CONSUMP
1234.31,2.8,1262.9,1209.2,24-Sep-2026 16:00:28,1189.6,N,0.23,618132573.52,EQ,ABREL,500792,NIFTY NEW CONSUMP
1701.55,1.6,1719.9,1695.8,24-Sep-2026 16:00:28,1669.9,N,0.09,898272066.7,EQ,LGEINDIA,527914,NIFTY NEW CONSUMP
1236.79,1.1,1248.4,1244.9,24-Sep-2026 16:00:28,1221.8,N,0.09,57346241.93,EQ,SOBHA,46367,NIFTY NEW CONSUMP
1505.47,-0.4,1524.5,1499,24-Sep-2026 16:00:28,1481,N,-0.03,4932398459.46,EQ,ATHERENERG,3276318,NIFTY NEW CONSUMP
1164.77,-4.5,1177,1158,24-Sep-2026 16:00:28,1148.9,N,-0.39,1448422943.79,EQ,LODHA,1243527,NIFTY NEW CONSUMP
3165.47,-13.5,3189.5,3165.5,24-Sep-2026 16:00:28,3132.4,N,-0.42,507067142.89,EQ,ICICIAMC,160187,NIFTY NEW CONSUMP
1529.79,-7.6,1545.6,1525,24-Sep-2026 16:00:28,1514.1,N,-0.50,313152602.37,EQ,BLUESTARCO,204703,NIFTY NEW CONSUMP
461.51,-2.3,464.55,461.5,24-Sep-2026 16:00:28,460.05,N,-0.50,215968681.11,EQ,IRCTC,467961,NIFTY NEW CONSUMP
106.44,-0.54,108.23,105.46,24-Sep-2026 16:00:28,104.84,N,-0.51,1874828944.44,EQ,VMM,17613951,NIFTY NEW CONSUMP
1095.44,-6.5,1102.9,1090,24-Sep-2026 16:00:28,1087,N,-0.59,409787672.4,EQ,HAVELLS,374085,NIFTY NEW CONSUMP
832,-5.15,878,860.1,24-Sep-2026 16:00:28,810,N,-0.60,6238297728,EQ,WHIRLPOOL,7497954,NIFTY NEW CONSUMP
675.71,-4.6,681,670.4,24-Sep-2026 16:00:28,666.55,N,-0.68,3428557269.97,EQ,DLF,5074007,NIFTY NEW CONSUMP
3006.49,-52.3,3039,2982.7,24-Sep-2026 16:00:28,2982.7,N,-1.72,5723518149.29,EQ,M&M,1903721,NIFTY NEW CONSUMP
1148.91,-20.1,1170.6,1144.9,24-Sep-2026 16:00:28,1130.9,N,-1.73,1132150849.83,EQ,NAM-INDIA,985413,NIFTY NEW CONSUMP
7378.49,-131.5,7460,7338.5,24-Sep-2026 16:00:28,7333,N,-1.76,1904904763.3,EQ,EICHERMOT,258170,NIFTY NEW CONSUMP
1688.49,-30.6,1701,1670,24-Sep-2026 16:00:28,1666.6,N,-1.80,189050094.36,EQ,TATACOMM,111964,NIFTY NEW CONSUMP
579.06,-10.65,588.6,573.6,24-Sep-2026 16:00:28,570.35,N,-1.82,2102421515.94,EQ,KALYANKJIL,3630749,NIFTY NEW CONSUMP
5327.61,-98,5368,5296,24-Sep-2026 16:00:28,5294,N,-1.82,1919505917.34,EQ,HEROMOTOCO,360294,NIFTY NEW CONSUMP
298.45,-5.5,300.95,295,24-Sep-2026 16:00:28,295,N,-1.83,2723748114.85,EQ,TMPV,9126313,NIFTY NEW CONSUMP
137.71,-2.61,139.32,137.5,24-Sep-2026 16:00:28,135.81,N,-1.86,132691159.05,EQ,DEVYANI,963555,NIFTY NEW CONSUMP
1994.88,-38.2,2035.6,1955,24-Sep-2026 16:00:28,1948,N,-1.92,1115113981.44,EQ,PHOENIXLTD,558988,NIFTY NEW CONSUMP
12076.78,-240,12184,11990,24-Sep-2026 16:00:28,11975,N,-1.96,4754205598.7,EQ,MARUTI,393665,NIFTY NEW CONSUMP
1029.74,-20.5,1044.9,1022,24-Sep-2026 16:00:28,1014,N,-1.97,895128268.24,EQ,MOTILALOFS,869276,NIFTY NEW CONSUMP
734.12,-14.9,740.1,728.8,24-Sep-2026 16:00:28,727.4,N,-2.00,837294693.04,EQ,INDHOTEL,1140542,NIFTY NEW CONSUMP
606.69,-12.45,616,604,24-Sep-2026 16:00:28,598.8,N,-2.02,110097854.37,EQ,BRIGADE,181473,NIFTY NEW CONSUMP
1807.58,-37.4,1829.9,1795.8,24-Sep-2026 16:00:28,1795.8,N,-2.04,8255902932.82,EQ,BHARTIARTL,4567379,NIFTY NEW CONSUMP
338.96,-7.15,343.6,335.5,24-Sep-2026 16:00:28,333.55,N,-2.09,5080734825.52,EQ,ETERNAL,14989187,NIFTY NEW CONSUMP
1684,-36.4,1707.9,1671.2,24-Sep-2026 16:00:28,1665.7,N,-2.13,810064624,EQ,GODREJPROP,481036,NIFTY NEW CONSUMP
6982.92,-153.5,7050,6911,24-Sep-2026 16:00:28,6911,N,-2.17,603806109.48,EQ,AMBER,86469,NIFTY NEW CONSUMP
1757.19,-39.5,1784.7,1735.5,24-Sep-2026 16:00:28,1730.3,N,-2.23,6217419690.06,EQ,PAYTM,3538274,NIFTY NEW CONSUMP
132.99,-3.11,135.5,133,24-Sep-2026 16:00:28,131.64,N,-2.28,512260058.31,EQ,PWL,3851869,NIFTY NEW CONSUMP
225.94,-5.48,231,226,24-Sep-2026 16:00:28,222.68,N,-2.37,92929347.94,EQ,SAPPHIRE,411301,NIFTY NEW CONSUMP
1079.26,-27.2,1103,1080.8,24-Sep-2026 16:00:28,1066.9,N,-2.45,1463902867.7,EQ,360ONE,1356395,NIFTY NEW CONSUMP
2734.54,-74,2767.5,2700,24-Sep-2026 16:00:28,2699.9,N,-2.67,1522698519.06,EQ,TRENT,556839,NIFTY NEW CONSUMP
14.25,-0.4,14.5,14.12,24-Sep-2026 16:00:28,14.04,N,-2.75,5187723486.75,EQ,IDEA,364050771,NIFTY NEW CONSUMP
4922.64,-138.5,4975,4890,24-Sep-2026 16:00:28,4874.5,N,-2.75,2808139678.56,EQ,INDIGO,570454,NIFTY NEW CONSUMP
2402.92,-68,2432,2380.3,24-Sep-2026 16:00:28,2380.3,N,-2.78,1635549900.92,EQ,HDFCAMC,680651,NIFTY NEW CONSUMP
293.08,-9.3,297.75,290.7,24-Sep-2026 16:00:28,289.8,N,-3.10,1073753679.04,EQ,ANGELONE,3663688,NIFTY NEW CONSUMP
271.68,-11.05,276.6,267.45,24-Sep-2026 16:00:28,265.6,N,-3.97,4255618612.8,EQ,SWIGGY,15664085,NIFTY NEW CONSUMP
1280.18,-55.5,1310,1262,24-Sep-2026 16:00:28,1251,N,-4.21,862208911.08,EQ,PVRINOX,673506,NIFTY NEW CONSUMP
1227.69,-73,1257.6,1224,24-Sep-2026 16:00:28,1202.3,N,-5.63,3874233609.9,EQ,NAUKRI,3155710,NIFTY NEW CONSUMP
1283.32,-679.1,1697.7,1207.2,24-Sep-2026 16:00:28,1207.2,N,-36.00,35097241482.88,EQ,POLICYBZR,27348784,NIFTY NEW CONSUMP
172.82,0.9,173.85,173.85,24-Sep-2026 16:00:28,171.84,N,0.52,1068661330.94,EQ,GAIL,6183667,NIFTY MOBILITY
466.79,1.65,472.9,466.3,24-Sep-2026 16:00:28,457.55,N,0.36,1378407997.29,EQ,CONCOR,2952951,NIFTY MOBILITY
286.44,0.75,288.1,286.6,24-Sep-2026 16:00:28,283.3,N,0.26,300696118.8,EQ,PETRONET,1049770,NIFTY MOBILITY
2000.84,-5.1,2023.2,1998.9,24-Sep-2026 16:00:28,1965,N,-0.25,2498386881.96,EQ,BHARATFORG,1248669,NIFTY MOBILITY
47789.22,-205,48080,47750,24-Sep-2026 16:00:28,47145,N,-0.43,697913768.88,EQ,BOSCHLTD,14604,NIFTY MOBILITY
124039.81,-600,124480,123980,24-Sep-2026 16:00:28,123520,N,-0.48,387624406.25,EQ,MRF,3125,NIFTY MOBILITY
461.51,-2.3,464.55,461.5,24-Sep-2026 16:00:28,460.05,N,-0.50,215968681.11,EQ,IRCTC,467961,NIFTY MOBILITY
4088.84,-44,4123,4091,24-Sep-2026 16:00:28,4057,N,-1.06,3818563587.16,EQ,TVSMOTOR,933899,NIFTY MOBILITY
164.14,-1.9,164.8,162.5,24-Sep-2026 16:00:28,162.5,N,-1.16,3619428488.68,EQ,MOTHERSON,22050862,NIFTY MOBILITY
1786.91,-22,1802.4,1785.3,24-Sep-2026 16:00:28,1775,N,-1.22,2840720516.49,EQ,ADANIPORTS,1589739,NIFTY MOBILITY
136.5,-1.88,137.5,136.27,24-Sep-2026 16:00:28,135.51,N,-1.36,989067124.5,EQ,IOC,7245913,NIFTY MOBILITY
2562.41,-38.1,2585.5,2540.5,24-Sep-2026 16:00:28,2540.5,N,-1.48,181008642.4,EQ,TIINDIA,70640,NIFTY MOBILITY
2084.62,-34.4,2109.5,2060.6,24-Sep-2026 16:00:28,2060,N,-1.64,810604487,EQ,HYUNDAI,388850,NIFTY MOBILITY
11263.06,-192,11383,11208,24-Sep-2026 16:00:28,11201,N,-1.68,1202511863.96,EQ,BAJAJ-AUTO,106766,NIFTY MOBILITY
3006.49,-52.3,3039,2982.7,24-Sep-2026 16:00:28,2982.7,N,-1.72,5723518149.29,EQ,M&M,1903721,NIFTY MOBILITY
2181.98,-38.5,2201.7,2161.1,24-Sep-2026 16:00:28,2161.1,N,-1.75,108765157.06,EQ,BALKRISIND,49847,NIFTY MOBILITY
7378.49,-131.5,7460,7338.5,24-Sep-2026 16:00:28,7333,N,-1.76,1904904763.3,EQ,EICHERMOT,258170,NIFTY MOBILITY
98.56,-1.79,99.59,97.35,24-Sep-2026 16:00:28,97.11,N,-1.81,1056906878.72,EQ,GMRAIRPORT,10723487,NIFTY MOBILITY
5327.61,-98,5368,5296,24-Sep-2026 16:00:28,5294,N,-1.82,1919505917.34,EQ,HEROMOTOCO,360294,NIFTY MOBILITY
298.45,-5.5,300.95,295,24-Sep-2026 16:00:28,295,N,-1.83,2723748114.85,EQ,TMPV,9126313,NIFTY MOBILITY
12076.78,-240,12184,11990,24-Sep-2026 16:00:28,11975,N,-1.96,4754205598.7,EQ,MARUTI,393665,NIFTY MOBILITY
826.34,-16.7,837,816.3,24-Sep-2026 16:00:28,814.7,N,-2.00,2125686932.08,EQ,SONACOMS,2572412,NIFTY MOBILITY
338.96,-7.15,343.6,335.5,24-Sep-2026 16:00:28,333.55,N,-2.09,5080734825.52,EQ,ETERNAL,14989187,NIFTY MOBILITY
1229.38,-28.8,1241.6,1219.2,24-Sep-2026 16:00:28,1219.2,N,-2.31,17117635097.1,EQ,RELIANCE,13923795,NIFTY MOBILITY
353.07,-9.6,358,350.4,24-Sep-2026 16:00:28,349.3,N,-2.67,1090406559.06,EQ,HINDPETRO,3088358,NIFTY MOBILITY
309.66,-8.65,313.95,307.1,24-Sep-2026 16:00:28,306.7,N,-2.74,998673937.56,EQ,BPCL,3225066,NIFTY MOBILITY
4922.64,-138.5,4975,4890,24-Sep-2026 16:00:28,4874.5,N,-2.75,2808139678.56,EQ,INDIGO,570454,NIFTY MOBILITY
443.33,-12.6,456.05,437.6,24-Sep-2026 16:00:28,431.55,N,-2.80,2130569943.89,EQ,TMCV,4805833,NIFTY MOBILITY
158.93,-5.59,160.6,157.3,24-Sep-2026 16:00:28,157,N,-3.43,1293393636.62,EQ,ASHOKLEY,8138134,NIFTY MOBILITY
271.68,-11.05,276.6,267.45,24-Sep-2026 16:00:28,265.6,N,-3.97,4255618612.8,EQ,SWIGGY,15664085,NIFTY MOBILITY
5136.45,105,5229,5190,24-Sep-2026 16:00:28,4981,N,2.06,217703296.8,EQ,JKCEMENT,42384,NIFTY COREHOUSING
13230.01,99,13315,13299,24-Sep-2026 16:00:28,13091,N,0.75,2449827411.72,EQ,DIXON,185172,NIFTY COREHOUSING
1221.68,5,1239.1,1221.4,24-Sep-2026 16:00:28,1204,N,0.41,345172245.52,EQ,KAJARIACER,282539,NIFTY COREHOUSING
1164.77,-4.5,1177,1158,24-Sep-2026 16:00:28,1148.9,N,-0.39,1448422943.79,EQ,LODHA,1243527,NIFTY COREHOUSING
1529.79,-7.6,1545.6,1525,24-Sep-2026 16:00:28,1514.1,N,-0.50,313152602.37,EQ,BLUESTARCO,204703,NIFTY COREHOUSING
1095.44,-6.5,1102.9,1090,24-Sep-2026 16:00:28,1087,N,-0.59,409787672.4,EQ,HAVELLS,374085,NIFTY COREHOUSING
8375.67,-50.5,8420,8366.5,24-Sep-2026 16:00:28,8324,N,-0.60,1991499807.24,EQ,POLYCAB,237772,NIFTY COREHOUSING
82.64,-0.52,83.39,83,24-Sep-2026 16:00:28,82.08,N,-0.62,378418724.72,EQ,BAJAJHFL,4579123,NIFTY COREHOUSING
22505.8,-150,22725,22350,24-Sep-2026 16:00:28,22170,N,-0.67,385546859.8,EQ,SHREECEM,17131,NIFTY COREHOUSING
1855.19,-12.5,1874.7,1837.5,24-Sep-2026 16:00:28,1815,N,-0.68,869711216.81,EQ,OBEROIRLTY,468799,NIFTY COREHOUSING
675.71,-4.6,681,670.4,24-Sep-2026 16:00:28,666.55,N,-0.68,3428557269.97,EQ,DLF,5074007,NIFTY COREHOUSING
3178.37,-22,3203.7,3166.5,24-Sep-2026 16:00:28,3150.6,N,-0.69,1498086559.06,EQ,GRASIM,471338,NIFTY COREHOUSING
11131.14,-99,11192,11056,24-Sep-2026 16:00:28,11056,N,-0.89,3391602702.3,EQ,ULTRACEMCO,304695,NIFTY COREHOUSING
1474.4,-15,1495.8,1475,24-Sep-2026 16:00:28,1463.1,N,-1.01,422794520.8,EQ,PRESTIGE,286757,NIFTY COREHOUSING
1237.12,-14.7,1247.1,1236.7,24-Sep-2026 16:00:28,1230.5,N,-1.17,110895436.8,EQ,ACC,89640,NIFTY COREHOUSING
517.82,-6.7,524.75,514.45,24-Sep-2026 16:00:28,512,N,-1.29,379267420.42,EQ,PGEL,732431,NIFTY COREHOUSING
1726.5,-25,1750,1719,24-Sep-2026 16:00:28,1711.2,N,-1.43,31689907.5,EQ,DALBHARAT,18355,NIFTY COREHOUSING
567.62,-8.25,571.9,564.25,24-Sep-2026 16:00:28,563.8,N,-1.44,736605582.58,EQ,LICHSGFIN,1297709,NIFTY COREHOUSING
1116.92,-16.6,1126.4,1113.4,24-Sep-2026 16:00:28,1106.9,N,-1.47,592205503.96,EQ,VOLTAS,530213,NIFTY COREHOUSING
220.89,-3.63,223.3,219.8,24-Sep-2026 16:00:28,218.65,N,-1.62,374354211.06,EQ,CROMPTON,1694754,NIFTY COREHOUSING
878.43,-15.05,888.8,870,24-Sep-2026 16:00:28,866.95,N,-1.70,80260392.24,EQ,RAMCOCEM,91368,NIFTY COREHOUSING
4668.4,-86,4706.5,4636.5,24-Sep-2026 16:00:28,4627,N,-1.82,1049755097.6,EQ,KEI,224864,NIFTY COREHOUSING
1994.88,-38.2,2035.6,1955,24-Sep-2026 16:00:28,1948,N,-1.92,1115113981.44,EQ,PHOENIXLTD,558988,NIFTY COREHOUSING
448.45,-8.95,457.85,450.8,24-Sep-2026 16:00:28,444.35,N,-1.95,301171396.35,EQ,BERGEPAINT,671583,NIFTY COREHOUSING
606.69,-12.45,616,604,24-Sep-2026 16:00:28,598.8,N,-2.02,110097854.37,EQ,BRIGADE,181473,NIFTY COREHOUSING
1684,-36.4,1707.9,1671.2,24-Sep-2026 16:00:28,1665.7,N,-2.13,810064624,EQ,GODREJPROP,481036,NIFTY COREHOUSING
6982.92,-153.5,7050,6911,24-Sep-2026 16:00:28,6911,N,-2.17,603806109.48,EQ,AMBER,86469,NIFTY COREHOUSING
386.21,-8.65,390.9,384.1,24-Sep-2026 16:00:28,382.65,N,-2.20,352373755.69,EQ,AMBUJACEM,912389,NIFTY COREHOUSING
2413.22,-62.3,2437.8,2392.7,24-Sep-2026 16:00:28,2391,N,-2.54,626416407.94,EQ,ASIANPAINT,259577,NIFTY COREHOUSING
1101.05,-44,1135.1,1094.5,24-Sep-2026 16:00:28,1085.7,N,-3.86,659231666.5,EQ,PNBHOUSING,598730,NIFTY COREHOUSING
5136.45,105,5229,5190,24-Sep-2026 16:00:28,4981,N,2.06,217703296.8,EQ,JKCEMENT,42384,NIFTY HOUSING
13230.01,99,13315,13299,24-Sep-2026 16:00:28,13091,N,0.75,2449827411.72,EQ,DIXON,185172,NIFTY HOUSING
286.44,0.75,288.1,286.6,24-Sep-2026 16:00:28,283.3,N,0.26,300696118.8,EQ,PETRONET,1049770,NIFTY HOUSING
326.3,0.6,327.7,326.6,24-Sep-2026 16:00:28,324.4,N,0.18,2500299854,EQ,NTPC,7662580,NIFTY HOUSING
125.35,-0.1,126.2,125.9,24-Sep-2026 16:00:28,124.57,N,-0.08,1142205370.15,EQ,CANBK,9112129,NIFTY HOUSING
178.62,-0.55,180.2,179.45,24-Sep-2026 16:00:28,175.86,N,-0.31,801006564.54,EQ,UNIONBANK,4484417,NIFTY HOUSING
1164.77,-4.5,1177,1158,24-Sep-2026 16:00:28,1148.9,N,-0.39,1448422943.79,EQ,LODHA,1243527,NIFTY HOUSING
1335.62,-5.5,1347.8,1334.5,24-Sep-2026 16:00:28,1330.1,N,-0.41,11558348630.4,EQ,ICICIBANK,8653920,NIFTY HOUSING
1529.79,-7.6,1545.6,1525,24-Sep-2026 16:00:28,1514.1,N,-0.50,313152602.37,EQ,BLUESTARCO,204703,NIFTY HOUSING
329.31,-1.8,332.7,329.5,24-Sep-2026 16:00:28,325.95,N,-0.54,1986370257.96,EQ,FEDERALBNK,6031916,NIFTY HOUSING
1095.44,-6.5,1102.9,1090,24-Sep-2026 16:00:28,1087,N,-0.59,409787672.4,EQ,HAVELLS,374085,NIFTY HOUSING
8375.67,-50.5,8420,8366.5,24-Sep-2026 16:00:28,8324,N,-0.60,1991499807.24,EQ,POLYCAB,237772,NIFTY HOUSING
76.29,-0.49,76.77,76.25,24-Sep-2026 16:00:28,75.77,N,-0.64,621782267.34,EQ,NHPC,8150246,NIFTY HOUSING
22505.8,-150,22725,22350,24-Sep-2026 16:00:28,22170,N,-0.67,385546859.8,EQ,SHREECEM,17131,NIFTY HOUSING
1855.19,-12.5,1874.7,1837.5,24-Sep-2026 16:00:28,1815,N,-0.68,869711216.81,EQ,OBEROIRLTY,468799,NIFTY HOUSING
675.71,-4.6,681,670.4,24-Sep-2026 16:00:28,666.55,N,-0.68,3428557269.97,EQ,DLF,5074007,NIFTY HOUSING
3178.37,-22,3203.7,3166.5,24-Sep-2026 16:00:28,3150.6,N,-0.69,1498086559.06,EQ,GRASIM,471338,NIFTY HOUSING
187.71,-1.44,191.36,184,24-Sep-2026 16:00:28,182.15,N,-0.78,4658144535.24,EQ,SAIL,24815644,NIFTY HOUSING
11131.14,-99,11192,11056,24-Sep-2026 16:00:28,11056,N,-0.89,3391602702.3,EQ,ULTRACEMCO,304695,NIFTY HOUSING
117.72,-1.18,118.67,117.12,24-Sep-2026 16:00:28,117.06,N,-1.00,1266175719,EQ,PNB,10755825,NIFTY HOUSING
1474.4,-15,1495.8,1475,24-Sep-2026 16:00:28,1463.1,N,-1.01,422794520.8,EQ,PRESTIGE,286757,NIFTY HOUSING
234.74,-2.57,236.22,234.3,24-Sep-2026 16:00:28,233.77,N,-1.08,880597063.28,EQ,BANKBARODA,3751372,NIFTY HOUSING
729.95,-8.35,734.85,728.9,24-Sep-2026 16:00:28,722.7,N,-1.13,21588412860.3,EQ,HDFCBANK,29575194,NIFTY HOUSING
1245.42,-14.4,1254,1245,24-Sep-2026 16:00:28,1235.1,N,-1.14,84481820.28,EQ,TORNTPOWER,67834,NIFTY HOUSING
829.79,-12,840.2,830,24-Sep-2026 16:00:28,824.1,N,-1.43,575100065.93,EQ,INDIANB,693067,NIFTY HOUSING
567.62,-8.25,571.9,564.25,24-Sep-2026 16:00:28,563.8,N,-1.44,736605582.58,EQ,LICHSGFIN,1297709,NIFTY HOUSING
189.36,-2.8,191.8,188.02,24-Sep-2026 16:00:28,187.72,N,-1.47,2973245318.64,EQ,TATASTEEL,15701549,NIFTY HOUSING
1116.92,-16.6,1126.4,1113.4,24-Sep-2026 16:00:28,1106.9,N,-1.47,592205503.96,EQ,VOLTAS,530213,NIFTY HOUSING
1160.6,-17.5,1174.7,1157.8,24-Sep-2026 16:00:28,1152.3,N,-1.49,694951031.6,EQ,JINDALSTEL,598786,NIFTY HOUSING
365.67,-5.55,367.5,363.45,24-Sep-2026 16:00:28,362.95,N,-1.50,990349546.05,EQ,TATAPOWER,2708315,NIFTY HOUSING
981.33,-15.6,992,978.5,24-Sep-2026 16:00:28,975.8,N,-1.57,13468432373.76,EQ,SBIN,13724672,NIFTY HOUSING
1294.8,-20.8,1309.8,1280.1,24-Sep-2026 16:00:28,1277.8,N,-1.60,3081010264.8,EQ,ADANIGREEN,2379526,NIFTY HOUSING
220.89,-3.63,223.3,219.8,24-Sep-2026 16:00:28,218.65,N,-1.62,374354211.06,EQ,CROMPTON,1694754,NIFTY HOUSING
4668.4,-86,4706.5,4636.5,24-Sep-2026 16:00:28,4627,N,-1.82,1049755097.6,EQ,KEI,224864,NIFTY HOUSING
3871.37,-71.5,3907,3858.4,24-Sep-2026 16:00:28,3849,N,-1.82,6385081511.96,EQ,LT,1649308,NIFTY HOUSING
1281.22,-24.6,1298.4,1273.2,24-Sep-2026 16:00:28,1272.2,N,-1.90,1071841746.38,EQ,JSWSTEEL,836579,NIFTY HOUSING
1994.88,-38.2,2035.6,1955,24-Sep-2026 16:00:28,1948,N,-1.92,1115113981.44,EQ,PHOENIXLTD,558988,NIFTY HOUSING
406.62,-8.25,410,405,24-Sep-2026 16:00:28,404.3,N,-2.00,5204673380.52,EQ,KOTAKBANK,12799846,NIFTY HOUSING
511.86,-11,520,510,24-Sep-2026 16:00:28,508.1,N,-2.11,667201832.1,EQ,JSWENERGY,1303485,NIFTY HOUSING
1684,-36.4,1707.9,1671.2,24-Sep-2026 16:00:28,1665.7,N,-2.13,810064624,EQ,GODREJPROP,481036,NIFTY HOUSING
386.21,-8.65,390.9,384.1,24-Sep-2026 16:00:28,382.65,N,-2.20,352373755.69,EQ,AMBUJACEM,912389,NIFTY HOUSING
2413.22,-62.3,2437.8,2392.7,24-Sep-2026 16:00:28,2391,N,-2.54,626416407.94,EQ,ASIANPAINT,259577,NIFTY HOUSING
201.36,-5.32,203.8,199.48,24-Sep-2026 16:00:28,198.8,N,-2.60,4084319791.2,EQ,ADANIPOWER,20283670,NIFTY HOUSING
748.75,-20.25,763.85,738.3,24-Sep-2026 16:00:28,737,N,-2.67,555140471.25,EQ,JSL,741423,NIFTY HOUSING
207.82,-5.77,210.1,206,24-Sep-2026 16:00:28,205.26,N,-2.72,594814714.66,EQ,RVNL,2862163,NIFTY HOUSING
1349.55,-39.5,1371.4,1340.5,24-Sep-2026 16:00:28,1335.1,N,-2.86,2479861553.85,EQ,ADANIENSOL,1837547,NIFTY HOUSING
22.54,-0.8,23.08,22.44,24-Sep-2026 16:00:28,22.38,N,-3.44,2304431784.9,EQ,YESBANK,102237435,NIFTY HOUSING
919.33,-39.8,928.9,919.5,24-Sep-2026 16:00:28,909.3,N,-4.15,5388671181.6,EQ,INDUSINDBK,5861520,NIFTY HOUSING
1191.67,-56.7,1225.2,1186.5,24-Sep-2026 16:00:28,1175,N,-4.56,12978072802.2,EQ,AXISBANK,10890660,NIFTY HOUSING
84.39,-4.14,85.49,83.76,24-Sep-2026 16:00:28,83.3,N,-4.71,3424837429.89,EQ,IDFCFIRSTB,40583451,NIFTY HOUSING
3219.04,292.8,3350,3328,24-Sep-2026 16:00:28,2998,N,9.65,3408757341.44,EQ,SEDEMAC,1058936,NIFTY IPO
61.14,5.07,62.62,61.21,24-Sep-2026 16:00:28,57.53,N,9.03,2130659178.12,EQ,VIKRAN,34848858,NIFTY IPO
65.09,5.2,69.72,63.3,24-Sep-2026 16:00:28,57.51,N,8.95,51501941.78,EQ,GLOTTIS,791242,NIFTY IPO
1292.3,62.55,1314.45,1314.45,24-Sep-2026 16:00:28,1233.85,N,5.00,2564783871.8,EQ,INDOMIM,1984666,NIFTY IPO
367.11,17.6,370.5,370.5,24-Sep-2026 16:00:28,356.4,N,4.99,3991342534.74,EQ,LALITHAA,10872334,NIFTY IPO
1824.16,87.3,1859.2,1858,24-Sep-2026 16:00:28,1704.05,N,4.93,4503044761.28,EQ,ESDS,2468558,NIFTY IPO
186.06,8.6,192.89,185.1,24-Sep-2026 16:00:28,174.35,N,4.87,205594625.46,EQ,CRIZAC,1104991,NIFTY IPO
364.93,15.6,391,375.4,24-Sep-2026 16:00:28,351.45,N,4.34,41469185.48,EQ,STYL,113636,NIFTY IPO
564.8,19.45,574.9,565,24-Sep-2026 16:00:28,523.15,N,3.57,440628720,EQ,CAPILLARY,780150,NIFTY IPO
111.51,3.93,115.63,114.66,24-Sep-2026 16:00:28,106.89,N,3.55,1042410422.34,EQ,STEAMHOUSE,9348134,NIFTY IPO
51.48,1.28,52.9,52.48,24-Sep-2026 16:00:28,50.01,N,2.50,5791139.64,EQ,BMWVENTLTD,112493,NIFTY IPO
370.73,6.95,382.95,368.9,24-Sep-2026 16:00:28,355.6,N,1.92,2495486322.21,EQ,KARAMTARA,6731277,NIFTY IPO
263.68,4,270.4,265,24-Sep-2026 16:00:28,256,N,1.53,28860039.68,EQ,MBEL,109451,NIFTY IPO
131.69,1.78,135.53,131.35,24-Sep-2026 16:00:28,128.07,N,1.37,1520438878.79,EQ,SKYWAYS,11545591,NIFTY IPO
83.34,0.81,85,81.75,24-Sep-2026 16:00:28,80.18,N,1.00,156441681,EQ,EXCELSOFT,1877150,NIFTY IPO
153.54,1.05,157.6,155.99,24-Sep-2026 16:00:28,150.25,N,0.68,7226974.26,EQ,GEMAROMA,47069,NIFTY IPO
46.38,0.29,47.09,46.21,24-Sep-2026 16:00:28,45.6,N,0.63,1506978.96,EQ,VMSTMT,32492,NIFTY IPO
1665.78,10.2,1693.2,1685,24-Sep-2026 16:00:28,1641,N,0.61,442379528.82,EQ,RUBICON,265569,NIFTY IPO
193.46,0.88,201,193.34,24-Sep-2026 16:00:28,183.01,N,0.46,10744574.94,EQ,INDIQUBE,55539,NIFTY IPO
889.46,3.85,898.55,885.75,24-Sep-2026 16:00:28,876.2,N,0.44,360048071.24,EQ,ANTHEM,404794,NIFTY IPO
338.15,-13.9,347.8,336.15,24-Sep-2026 16:00:28,333,N,-3.97,729320567.4,EQ,TATACAP,2156796,NIFTY IPO
145.1,-5.92,148.16,142.7,24-Sep-2026 16:00:28,142.11,N,-3.98,206487021.7,EQ,LEAPIND,1423067,NIFTY IPO
1604.21,-66.3,1676,1590,24-Sep-2026 16:00:28,1577,N,-4.00,172268090.85,EQ,ATLANTAELE,107385,NIFTY IPO
121.79,-5.12,126.4,121,24-Sep-2026 16:00:28,119.4,N,-4.06,18611460.64,EQ,LAXMIINDIA,152816,NIFTY IPO
215.36,-9,220.45,211.15,24-Sep-2026 16:00:28,211,N,-4.09,41392407.36,EQ,EUROPRATIK,192201,NIFTY IPO
273.43,-11.91,287,274.5,24-Sep-2026 16:00:28,260.27,N,-4.16,3473650345.12,EQ,GLASSWALL,12703984,NIFTY IPO
109.34,-4.77,112.5,108.2,24-Sep-2026 16:00:28,107.33,N,-4.22,103406992.92,EQ,CORDELIA,945738,NIFTY IPO
707.51,-32.05,718.4,709.85,24-Sep-2026 16:00:28,701,N,-4.32,6637749155.95,EQ,NEPHROPLUS,9381845,NIFTY IPO
181.3,-8.3,187.3,180,24-Sep-2026 16:00:28,177.65,N,-4.41,5947134586.4,EQ,PINELABS,32802728,NIFTY IPO
1155.57,-53.6,1193,1146,24-Sep-2026 16:00:28,1139.7,N,-4.47,166774173.54,EQ,SUDEEPPHRM,144322,NIFTY IPO
29.24,-1.33,30.68,28.35,24-Sep-2026 16:00:28,28.18,N,-4.48,1433955740.56,EQ,AHCL,49040894,NIFTY IPO
50.22,-2.35,51.35,49.9,24-Sep-2026 16:00:28,49.11,N,-4.50,155272154.58,EQ,ARDEE,3091839,NIFTY IPO
174.12,-8.16,181.99,172.5,24-Sep-2026 16:00:28,170.6,N,-4.52,227499446.04,EQ,AYE,1306567,NIFTY IPO
450.22,-21.6,464.35,448,24-Sep-2026 16:00:28,442.2,N,-4.60,275393721.14,EQ,BLEL,611687,NIFTY IPO
321.57,-15.45,331.15,317.65,24-Sep-2026 16:00:28,316.05,N,-4.64,1160417180.43,EQ,EMMVEE,3608599,NIFTY IPO
275.99,-13.8,285.4,273.6,24-Sep-2026 16:00:28,270.4,N,-4.80,230399487.89,EQ,LASERPOWER,834811,NIFTY IPO
880.29,-44,908.4,863,24-Sep-2026 16:00:28,852.45,N,-4.85,2311151218.47,EQ,KANOHAR,2625443,NIFTY IPO
341.85,-17.4,351,337.75,24-Sep-2026 16:00:28,335.1,N,-4.90,574215700.5,EQ,KISSHT,1679730,NIFTY IPO
687.62,-35.25,712.05,679.9,24-Sep-2026 16:00:28,674.1,N,-4.93,535334861.46,EQ,EBGNG,778533,NIFTY IPO
1410.32,-73.4,1453,1384.1,24-Sep-2026 16:00:28,1373.8,N,-5.04,403194974.48,EQ,CLEANMAX,285889,NIFTY IPO
957.69,-50.4,1004.7,943,24-Sep-2026 16:00:28,931.2,N,-5.07,54992475.18,EQ,MIDWESTLTD,57422,NIFTY IPO
1277.3,-68.3,1321.6,1244.9,24-Sep-2026 16:00:28,1230,N,-5.20,928995617.6,EQ,MOLBIO,727312,NIFTY IPO
122.44,-6.73,126.8,120.5,24-Sep-2026 16:00:28,119.52,N,-5.29,358599823.2,EQ,SHIPROCKET,2928780,NIFTY IPO
101.72,-5.68,105,100.17,24-Sep-2026 16:00:28,99.55,N,-5.37,297563855.56,EQ,PRANAV,2925323,NIFTY IPO
93.03,-5.54,96.5,89.02,24-Sep-2026 16:00:28,89.02,N,-5.86,144961578.72,EQ,REGAAL,1558224,NIFTY IPO
50.54,-3.19,52.35,49.85,24-Sep-2026 16:00:28,49.52,N,-6.01,52938527.32,EQ,ANNU,1047458,NIFTY IPO
836.65,-52.6,867,819,24-Sep-2026 16:00:28,811.55,N,-6.03,756262158.05,EQ,MVELECTRO,903917,NIFTY IPO
825.12,-56.5,862.55,799,24-Sep-2026 16:00:28,790.05,N,-6.60,5609245796.64,EQ,BLUESTONE,6798097,NIFTY IPO
82.48,-8.97,96,80.8,24-Sep-2026 16:00:28,80.8,N,-9.99,304890124.32,EQ,AASTHA,3696534,NIFTY IPO
109.04,-27.26,109.04,109.04,24-Sep-2026 16:00:28,109.04,N,-20.00,110330706.48,EQ,TURTLEMINT,1011837,NIFTY IPO
163.73,2.29,165.4,163.52,24-Sep-2026 16:00:28,158.84,N,1.42,574537575.15,EQ,ITCHOTELS,3509055,NIFTY MS IND CONS
2486.46,35,2504.3,2500,24-Sep-2026 16:00:28,2442.6,N,1.42,1112163720.48,EQ,MANKIND,447288,NIFTY MS IND CONS
13230.01,99,13315,13299,24-Sep-2026 16:00:28,13091,N,0.75,2449827411.72,EQ,DIXON,185172,NIFTY MS IND CONS
37468.74,160,37705,37500,24-Sep-2026 16:00:28,37010,N,0.43,614749617.18,EQ,PAGEIND,16407,NIFTY MS IND CONS
26983.24,-5,27225,26930,24-Sep-2026 16:00:28,26780,N,-0.02,121316647.04,EQ,ABBOTINDIA,4496,NIFTY MS IND CONS
385.9,-1.7,388.9,385.7,24-Sep-2026 16:00:28,383.45,N,-0.44,322675301.7,EQ,DABUR,836163,NIFTY MS IND CONS
1529.79,-7.6,1545.6,1525,24-Sep-2026 16:00:28,1514.1,N,-0.50,313152602.37,EQ,BLUESTARCO,204703,NIFTY MS IND CONS
461.51,-2.3,464.55,461.5,24-Sep-2026 16:00:28,460.05,N,-0.50,215968681.11,EQ,IRCTC,467961,NIFTY MS IND CONS
106.44,-0.54,108.23,105.46,24-Sep-2026 16:00:28,104.84,N,-0.51,1874828944.44,EQ,VMM,17613951,NIFTY MS IND CONS
1095.44,-6.5,1102.9,1090,24-Sep-2026 16:00:28,1087,N,-0.59,409787672.4,EQ,HAVELLS,374085,NIFTY MS IND CONS
1855.19,-12.5,1874.7,1837.5,24-Sep-2026 16:00:28,1815,N,-0.68,869711216.81,EQ,OBEROIRLTY,468799,NIFTY MS IND CONS
480.98,-4.4,484.75,478.9,24-Sep-2026 16:00:28,476.05,N,-0.91,163336960.16,EQ,JUBLFOOD,339592,NIFTY MS IND CONS
826.16,-7.75,831.65,824.55,24-Sep-2026 16:00:28,820.05,N,-0.93,759944102.16,EQ,MARICO,919851,NIFTY MS IND CONS
1474.4,-15,1495.8,1475,24-Sep-2026 16:00:28,1463.1,N,-1.01,422794520.8,EQ,PRESTIGE,286757,NIFTY MS IND CONS
406.13,-4.6,409.9,404.85,24-Sep-2026 16:00:28,402.6,N,-1.12,1283837849.5,EQ,PATANJALI,3161150,NIFTY MS IND CONS
1245.42,-14.4,1254,1245,24-Sep-2026 16:00:28,1235.1,N,-1.14,84481820.28,EQ,TORNTPOWER,67834,NIFTY MS IND CONS
1116.92,-16.6,1126.4,1113.4,24-Sep-2026 16:00:28,1106.9,N,-1.47,592205503.96,EQ,VOLTAS,530213,NIFTY MS IND CONS
220.89,-3.63,223.3,219.8,24-Sep-2026 16:00:28,218.65,N,-1.62,374354211.06,EQ,CROMPTON,1694754,NIFTY MS IND CONS
339.32,-5.55,343.9,335.3,24-Sep-2026 16:00:28,333.05,N,-1.63,1281029706.2,EQ,NYKAA,3775285,NIFTY MS IND CONS
5345.08,-91.5,5447,5326,24-Sep-2026 16:00:28,5261.5,N,-1.69,884471767.92,EQ,ALKEM,165474,NIFTY MS IND CONS
1865.17,-31.9,1885.7,1854.8,24-Sep-2026 16:00:28,1852.2,N,-1.69,697636995.78,EQ,COLPAL,374034,NIFTY MS IND CONS
579.06,-10.65,588.6,573.6,24-Sep-2026 16:00:28,570.35,N,-1.82,2102421515.94,EQ,KALYANKJIL,3630749,NIFTY MS IND CONS
5327.61,-98,5368,5296,24-Sep-2026 16:00:28,5294,N,-1.82,1919505917.34,EQ,HEROMOTOCO,360294,NIFTY MS IND CONS
888.2,-16.65,897.15,877.35,24-Sep-2026 16:00:28,877.35,N,-1.86,805473940.2,EQ,FORTIS,906861,NIFTY MS IND CONS
1994.88,-38.2,2035.6,1955,24-Sep-2026 16:00:28,1948,N,-1.92,1115113981.44,EQ,PHOENIXLTD,558988,NIFTY MS IND CONS
1684,-36.4,1707.9,1671.2,24-Sep-2026 16:00:28,1665.7,N,-2.13,810064624,EQ,GODREJPROP,481036,NIFTY MS IND CONS
4548.07,-120.6,4598.1,4481.3,24-Sep-2026 16:00:28,4475,N,-2.62,1036546085.63,EQ,RADICO,227909,NIFTY MS IND CONS
14.25,-0.4,14.5,14.12,24-Sep-2026 16:00:28,14.04,N,-2.75,5187723486.75,EQ,IDEA,364050771,NIFTY MS IND CONS
271.68,-11.05,276.6,267.45,24-Sep-2026 16:00:28,265.6,N,-3.97,4255618612.8,EQ,SWIGGY,15664085,NIFTY MS IND CONS
1227.69,-73,1257.6,1224,24-Sep-2026 16:00:28,1202.3,N,-5.63,3874233609.9,EQ,NAUKRI,3155710,NIFTY MS IND CONS
13230.01,99,13315,13299,24-Sep-2026 16:00:28,13091,N,0.75,2449827411.72,EQ,DIXON,185172,NIFTY NONCYC CONS
37468.74,160,37705,37500,24-Sep-2026 16:00:28,37010,N,0.43,614749617.18,EQ,PAGEIND,16407,NIFTY NONCYC CONS
385.9,-1.7,388.9,385.7,24-Sep-2026 16:00:28,383.45,N,-0.44,322675301.7,EQ,DABUR,836163,NIFTY NONCYC CONS
461.51,-2.3,464.55,461.5,24-Sep-2026 16:00:28,460.05,N,-0.50,215968681.11,EQ,IRCTC,467961,NIFTY NONCYC CONS
106.44,-0.54,108.23,105.46,24-Sep-2026 16:00:28,104.84,N,-0.51,1874828944.44,EQ,VMM,17613951,NIFTY NONCYC CONS
877.06,-4.75,884.7,875,24-Sep-2026 16:00:28,871.2,N,-0.54,607573667.34,EQ,GODREJCP,692739,NIFTY NONCYC CONS
1095.44,-6.5,1102.9,1090,24-Sep-2026 16:00:28,1087,N,-0.59,409787672.4,EQ,HAVELLS,374085,NIFTY NONCYC CONS
4928.89,-34,4959.5,4895,24-Sep-2026 16:00:28,4885,N,-0.69,909493569.47,EQ,BRITANNIA,184523,NIFTY NONCYC CONS
268.32,-2.15,270.3,268,24-Sep-2026 16:00:28,266.7,N,-0.80,1985105416.32,EQ,ITC,7398276,NIFTY NONCYC CONS
986.63,-8,992,986.3,24-Sep-2026 16:00:28,983,N,-0.80,989480374.07,EQ,TATACONSUM,1002889,NIFTY NONCYC CONS
1933.06,-16.5,1953,1933.5,24-Sep-2026 16:00:28,1925.5,N,-0.85,2431184432.22,EQ,HINDUNILVR,1257687,NIFTY NONCYC CONS
480.98,-4.4,484.75,478.9,24-Sep-2026 16:00:28,476.05,N,-0.91,163336960.16,EQ,JUBLFOOD,339592,NIFTY NONCYC CONS
826.16,-7.75,831.65,824.55,24-Sep-2026 16:00:28,820.05,N,-0.93,759944102.16,EQ,MARICO,919851,NIFTY NONCYC CONS
4861.9,-47.5,4912,4832.5,24-Sep-2026 16:00:28,4830,N,-0.97,2451010199.4,EQ,TITAN,504126,NIFTY NONCYC CONS
432.71,-4.9,436.85,431.25,24-Sep-2026 16:00:28,428.3,N,-1.12,2170893954.12,EQ,VBL,5016972,NIFTY NONCYC CONS
3804.67,-47.3,3832.1,3787.5,24-Sep-2026 16:00:28,3780.1,N,-1.23,1634969425.09,EQ,DMART,429727,NIFTY NONCYC CONS
1431.61,-17.7,1442,1423.3,24-Sep-2026 16:00:28,1421.2,N,-1.23,313650003.29,EQ,UNITDSPR,219089,NIFTY NONCYC CONS
1116.92,-16.6,1126.4,1113.4,24-Sep-2026 16:00:28,1106.9,N,-1.47,592205503.96,EQ,VOLTAS,530213,NIFTY NONCYC CONS
339.32,-5.55,343.9,335.3,24-Sep-2026 16:00:28,333.05,N,-1.63,1281029706.2,EQ,NYKAA,3775285,NIFTY NONCYC CONS
1865.17,-31.9,1885.7,1854.8,24-Sep-2026 16:00:28,1852.2,N,-1.69,697636995.78,EQ,COLPAL,374034,NIFTY NONCYC CONS
1688.49,-30.6,1701,1670,24-Sep-2026 16:00:28,1666.6,N,-1.80,189050094.36,EQ,TATACOMM,111964,NIFTY NONCYC CONS
734.12,-14.9,740.1,728.8,24-Sep-2026 16:00:28,727.4,N,-2.00,837294693.04,EQ,INDHOTEL,1140542,NIFTY NONCYC CONS
1807.58,-37.4,1829.9,1795.8,24-Sep-2026 16:00:28,1795.8,N,-2.04,8255902932.82,EQ,BHARTIARTL,4567379,NIFTY NONCYC CONS
338.96,-7.15,343.6,335.5,24-Sep-2026 16:00:28,333.55,N,-2.09,5080734825.52,EQ,ETERNAL,14989187,NIFTY NONCYC CONS
2413.22,-62.3,2437.8,2392.7,24-Sep-2026 16:00:28,2391,N,-2.54,626416407.94,EQ,ASIANPAINT,259577,NIFTY NONCYC CONS
1362.06,-36.2,1386,1351,24-Sep-2026 16:00:28,1350.2,N,-2.61,1090853423.1,EQ,NESTLEIND,800885,NIFTY NONCYC CONS
2734.54,-74,2767.5,2700,24-Sep-2026 16:00:28,2699.9,N,-2.67,1522698519.06,EQ,TRENT,556839,NIFTY NONCYC CONS
4922.64,-138.5,4975,4890,24-Sep-2026 16:00:28,4874.5,N,-2.75,2808139678.56,EQ,INDIGO,570454,NIFTY NONCYC CONS
271.68,-11.05,276.6,267.45,24-Sep-2026 16:00:28,265.6,N,-3.97,4255618612.8,EQ,SWIGGY,15664085,NIFTY NONCYC CONS
1227.69,-73,1257.6,1224,24-Sep-2026 16:00:28,1202.3,N,-5.63,3874233609.9,EQ,NAUKRI,3155710,NIFTY NONCYC CONS
5136.45,105,5229,5190,24-Sep-2026 16:00:28,4981,N,2.06,217703296.8,EQ,JKCEMENT,42384,NIFTY RURAL
2823.49,34.1,2861.9,2831,24-Sep-2026 16:00:28,2789.1,N,1.22,906698873.23,EQ,ESCORTS,321127,NIFTY RURAL
13230.01,99,13315,13299,24-Sep-2026 16:00:28,13091,N,0.75,2449827411.72,EQ,DIXON,185172,NIFTY RURAL
2388.25,7.5,2410,2393.5,24-Sep-2026 16:00:28,2365.3,N,0.31,276005276,EQ,PIIND,115568,NIFTY RURAL
326.3,0.6,327.7,326.6,24-Sep-2026 16:00:28,324.4,N,0.18,2500299854,EQ,NTPC,7662580,NIFTY RURAL
1394.85,-2.8,1402.3,1392,24-Sep-2026 16:00:28,1384,N,-0.20,752087776.65,EQ,ASTRAL,539189,NIFTY RURAL
1763.12,-5,1791.4,1755,24-Sep-2026 16:00:28,1699.9,N,-0.28,6082106356.24,EQ,SBILIFE,3449627,NIFTY RURAL
408.45,-1.5,417.8,406,24-Sep-2026 16:00:28,398.5,N,-0.37,6021161590.5,EQ,LICI,14741490,NIFTY RURAL
385.9,-1.7,388.9,385.7,24-Sep-2026 16:00:28,383.45,N,-0.44,322675301.7,EQ,DABUR,836163,NIFTY RURAL
1529.79,-7.6,1545.6,1525,24-Sep-2026 16:00:28,1514.1,N,-0.50,313152602.37,EQ,BLUESTARCO,204703,NIFTY RURAL
461.51,-2.3,464.55,461.5,24-Sep-2026 16:00:28,460.05,N,-0.50,215968681.11,EQ,IRCTC,467961,NIFTY RURAL
1939.89,-10,1957.4,1946,24-Sep-2026 16:00:28,1922.2,N,-0.51,714711732.81,EQ,COROMANDEL,368429,NIFTY RURAL
877.06,-4.75,884.7,875,24-Sep-2026 16:00:28,871.2,N,-0.54,607573667.34,EQ,GODREJCP,692739,NIFTY RURAL
1095.44,-6.5,1102.9,1090,24-Sep-2026 16:00:28,1087,N,-0.59,409787672.4,EQ,HAVELLS,374085,NIFTY RURAL
551.02,-3.55,553.65,549.6,24-Sep-2026 16:00:28,546.5,N,-0.64,704632804.58,EQ,UPL,1278779,NIFTY RURAL
76.29,-0.49,76.77,76.25,24-Sep-2026 16:00:28,75.77,N,-0.64,621782267.34,EQ,NHPC,8150246,NIFTY RURAL
22505.8,-150,22725,22350,24-Sep-2026 16:00:28,22170,N,-0.67,385546859.8,EQ,SHREECEM,17131,NIFTY RURAL
4928.89,-34,4959.5,4895,24-Sep-2026 16:00:28,4885,N,-0.69,909493569.47,EQ,BRITANNIA,184523,NIFTY RURAL
3178.37,-22,3203.7,3166.5,24-Sep-2026 16:00:28,3150.6,N,-0.69,1498086559.06,EQ,GRASIM,471338,NIFTY RURAL
4982.74,-37,5011.5,4973,24-Sep-2026 16:00:28,4958,N,-0.74,818948198.18,EQ,CUMMINSIND,164357,NIFTY RURAL
7378.49,-131.5,7460,7338.5,24-Sep-2026 16:00:28,7333,N,-1.76,1904904763.3,EQ,EICHERMOT,258170,NIFTY RURAL
3459.01,-63.1,3495.3,3434,24-Sep-2026 16:00:28,3429,N,-1.80,223953602.45,EQ,SUPREMEIND,64745,NIFTY RURAL
1688.49,-30.6,1701,1670,24-Sep-2026 16:00:28,1666.6,N,-1.80,189050094.36,EQ,TATACOMM,111964,NIFTY RURAL
5327.61,-98,5368,5296,24-Sep-2026 16:00:28,5294,N,-1.82,1919505917.34,EQ,HEROMOTOCO,360294,NIFTY RURAL
298.45,-5.5,300.95,295,24-Sep-2026 16:00:28,295,N,-1.83,2723748114.85,EQ,TMPV,9126313,NIFTY RURAL
448.45,-8.95,457.85,450.8,24-Sep-2026 16:00:28,444.35,N,-1.95,301171396.35,EQ,BERGEPAINT,671583,NIFTY RURAL
12076.78,-240,12184,11990,24-Sep-2026 16:00:28,11975,N,-1.96,4754205598.7,EQ,MARUTI,393665,NIFTY RURAL
4582.29,-94.9,4674,4560,24-Sep-2026 16:00:28,4550,N,-2.04,185229908.67,EQ,SUNDARMFIN,40423,NIFTY RURAL
1807.58,-37.4,1829.9,1795.8,24-Sep-2026 16:00:28,1795.8,N,-2.04,8255902932.82,EQ,BHARTIARTL,4567379,NIFTY RURAL
995.56,-20.8,1008.6,990,24-Sep-2026 16:00:28,983.4,N,-2.06,4077939200.56,EQ,SHRIRAMFIN,4096126,NIFTY RURAL
511.86,-11,520,510,24-Sep-2026 16:00:28,508.1,N,-2.11,667201832.1,EQ,JSWENERGY,1303485,NIFTY RURAL
386.21,-8.65,390.9,384.1,24-Sep-2026 16:00:28,382.65,N,-2.20,352373755.69,EQ,AMBUJACEM,912389,NIFTY RURAL
467.87,-11.85,474.3,467,24-Sep-2026 16:00:28,463.45,N,-2.47,521351283.96,EQ,POONAWALLA,1114308,NIFTY RURAL
2413.22,-62.3,2437.8,2392.7,24-Sep-2026 16:00:28,2391,N,-2.54,626416407.94,EQ,ASIANPAINT,259577,NIFTY RURAL
201.36,-5.32,203.8,199.48,24-Sep-2026 16:00:28,198.8,N,-2.60,4084319791.2,EQ,ADANIPOWER,20283670,NIFTY RURAL
1362.06,-36.2,1386,1351,24-Sep-2026 16:00:28,1350.2,N,-2.61,1090853423.1,EQ,NESTLEIND,800885,NIFTY RURAL
626.28,-16.6,642.3,618.4,24-Sep-2026 16:00:28,616.2,N,-2.61,741752880.12,EQ,SBICARD,1184379,NIFTY RURAL
339.76,-9.6,343.35,339,24-Sep-2026 16:00:28,334.45,N,-2.75,623262878.96,EQ,M&MFIN,1834421,NIFTY RURAL
14.25,-0.4,14.5,14.12,24-Sep-2026 16:00:28,14.04,N,-2.75,5187723486.75,EQ,IDEA,364050771,NIFTY RURAL
443.33,-12.6,456.05,437.6,24-Sep-2026 16:00:28,431.55,N,-2.80,2130569943.89,EQ,TMCV,4805833,NIFTY RURAL
158.93,-5.59,160.6,157.3,24-Sep-2026 16:00:28,157,N,-3.43,1293393636.62,EQ,ASHOKLEY,8138134,NIFTY RURAL
1101.05,-44,1135.1,1094.5,24-Sep-2026 16:00:28,1085.7,N,-3.86,659231666.5,EQ,PNBHOUSING,598730,NIFTY RURAL
461.12,-20,472.85,464.5,24-Sep-2026 16:00:28,445.35,N,-4.13,3579714677.44,EQ,ICICIPRULI,7763087,NIFTY RURAL
185.86,-8.48,189.28,182.9,24-Sep-2026 16:00:28,182.62,N,-4.43,3587104505.1,EQ,BANDHANBNK,19300035,NIFTY RURAL
2104.1,-112.5,2200.8,2114,24-Sep-2026 16:00:28,1781.2,N,-5.05,1851355508,EQ,PIRAMALFIN,879880,NIFTY RURAL
1680.42,-92.3,1712,1681.7,24-Sep-2026 16:00:28,1629.9,N,-5.20,6977754162.54,EQ,CHOLAFIN,4152387,NIFTY RURAL
988.91,-61.2,1015,982,24-Sep-2026 16:00:28,974,N,-5.87,13237209074.96,EQ,BAJFINANCE,13385656,NIFTY RURAL
527.47,-34.6,535.35,526.9,24-Sep-2026 16:00:28,514,N,-6.16,9444853028.91,EQ,HDFCLIFE,17905953,NIFTY RURAL
284.81,-28,290.6,282,24-Sep-2026 16:00:28,279,N,-9.03,10275332173.69,EQ,LTF,36077849,NIFTY RURAL
1394.23,-152.9,1429.8,1410,24-Sep-2026 16:00:28,1360.1,N,-9.78,15924671983.2,EQ,MFSL,11421840,NIFTY RURAL
466.79,1.65,472.9,466.3,24-Sep-2026 16:00:28,457.55,N,0.36,1378407997.29,EQ,CONCOR,2952951,NIFTY TRANS LOGIS
1237.85,1.3,1252.9,1224.4,24-Sep-2026 16:00:28,1212.3,N,0.11,551776588.9,EQ,UNOMINDA,445754,NIFTY TRANS LOGIS
429.66,0.05,436.8,426,24-Sep-2026 16:00:28,421.9,N,0.01,1406654851.14,EQ,EXIDEIND,3273879,NIFTY TRANS LOGIS
2000.84,-5.1,2023.2,1998.9,24-Sep-2026 16:00:28,1965,N,-0.25,2498386881.96,EQ,BHARATFORG,1248669,NIFTY TRANS LOGIS
47789.22,-205,48080,47750,24-Sep-2026 16:00:28,47145,N,-0.43,697913768.88,EQ,BOSCHLTD,14604,NIFTY TRANS LOGIS
2202.62,-9.5,2221.8,2202,24-Sep-2026 16:00:28,2189.2,N,-0.43,1021293220.64,EQ,MAZDOCK,463672,NIFTY TRANS LOGIS
124039.81,-600,124480,123980,24-Sep-2026 16:00:28,123520,N,-0.48,387624406.25,EQ,MRF,3125,NIFTY TRANS LOGIS
461.51,-2.3,464.55,461.5,24-Sep-2026 16:00:28,460.05,N,-0.50,215968681.11,EQ,IRCTC,467961,NIFTY TRANS LOGIS
4088.84,-44,4123,4091,24-Sep-2026 16:00:28,4057,N,-1.06,3818563587.16,EQ,TVSMOTOR,933899,NIFTY TRANS LOGIS
164.14,-1.9,164.8,162.5,24-Sep-2026 16:00:28,162.5,N,-1.16,3619428488.68,EQ,MOTHERSON,22050862,NIFTY TRANS LOGIS
1786.91,-22,1802.4,1785.3,24-Sep-2026 16:00:28,1775,N,-1.22,2840720516.49,EQ,ADANIPORTS,1589739,NIFTY TRANS LOGIS
2562.41,-38.1,2585.5,2540.5,24-Sep-2026 16:00:28,2540.5,N,-1.48,181008642.4,EQ,TIINDIA,70640,NIFTY TRANS LOGIS
2084.62,-34.4,2109.5,2060.6,24-Sep-2026 16:00:28,2060,N,-1.64,810604487,EQ,HYUNDAI,388850,NIFTY TRANS LOGIS
11263.06,-192,11383,11208,24-Sep-2026 16:00:28,11201,N,-1.68,1202511863.96,EQ,BAJAJ-AUTO,106766,NIFTY TRANS LOGIS
3006.49,-52.3,3039,2982.7,24-Sep-2026 16:00:28,2982.7,N,-1.72,5723518149.29,EQ,M&M,1903721,NIFTY TRANS LOGIS
2181.98,-38.5,2201.7,2161.1,24-Sep-2026 16:00:28,2161.1,N,-1.75,108765157.06,EQ,BALKRISIND,49847,NIFTY TRANS LOGIS
7378.49,-131.5,7460,7338.5,24-Sep-2026 16:00:28,7333,N,-1.76,1904904763.3,EQ,EICHERMOT,258170,NIFTY TRANS LOGIS
98.56,-1.79,99.59,97.35,24-Sep-2026 16:00:28,97.11,N,-1.81,1056906878.72,EQ,GMRAIRPORT,10723487,NIFTY TRANS LOGIS
5327.61,-98,5368,5296,24-Sep-2026 16:00:28,5294,N,-1.82,1919505917.34,EQ,HEROMOTOCO,360294,NIFTY TRANS LOGIS
298.45,-5.5,300.95,295,24-Sep-2026 16:00:28,295,N,-1.83,2723748114.85,EQ,TMPV,9126313,NIFTY TRANS LOGIS
4058.78,-76.7,4093,4009,24-Sep-2026 16:00:28,4000,N,-1.88,191099538.74,EQ,SCHAEFFLER,47083,NIFTY TRANS LOGIS
12076.78,-240,12184,11990,24-Sep-2026 16:00:28,11975,N,-1.96,4754205598.7,EQ,MARUTI,393665,NIFTY TRANS LOGIS
826.34,-16.7,837,816.3,24-Sep-2026 16:00:28,814.7,N,-2.00,2125686932.08,EQ,SONACOMS,2572412,NIFTY TRANS LOGIS
427.32,-8.7,432.15,426.3,24-Sep-2026 16:00:28,424.15,N,-2.00,1790703262.08,EQ,DELHIVERY,4190544,NIFTY TRANS LOGIS
338.96,-7.15,343.6,335.5,24-Sep-2026 16:00:28,333.55,N,-2.09,5080734825.52,EQ,ETERNAL,14989187,NIFTY TRANS LOGIS
400.16,-8.7,405.5,397,24-Sep-2026 16:00:28,396.2,N,-2.14,173193649.76,EQ,APOLLOTYRE,432811,NIFTY TRANS LOGIS
4922.64,-138.5,4975,4890,24-Sep-2026 16:00:28,4874.5,N,-2.75,2808139678.56,EQ,INDIGO,570454,NIFTY TRANS LOGIS
443.33,-12.6,456.05,437.6,24-Sep-2026 16:00:28,431.55,N,-2.80,2130569943.89,EQ,TMCV,4805833,NIFTY TRANS LOGIS
158.93,-5.59,160.6,157.3,24-Sep-2026 16:00:28,157,N,-3.43,1293393636.62,EQ,ASHOKLEY,8138134,NIFTY TRANS LOGIS
271.68,-11.05,276.6,267.45,24-Sep-2026 16:00:28,265.6,N,-3.97,4255618612.8,EQ,SWIGGY,15664085,NIFTY TRANS LOGIS
117.45,168.95,280.85,280.85,24-Sep-2026 15:59:57,280.85,N,150.98,2114100,ST,INNOMET,18000,NIFTY SME EMERGE
306.27,281.7,599.75,599.75,24-Sep-2026 15:59:57,599.75,N,88.57,2205144,ST,APSISAERO,7200,NIFTY SME EMERGE
130.09,71.8,203.65,195.75,24-Sep-2026 15:59:57,195.75,N,57.93,47873120,ST,UHTL,368000,NIFTY SME EMERGE
85.42,15,90.1,90.1,24-Sep-2026 15:59:57,73,N,19.97,18143208,SM,QUESTLAB,212400,NIFTY SME EMERGE
45.39,7.95,47.8,47.8,24-Sep-2026 15:59:57,35.5,N,19.95,13399128,SM,PRESSTONIC,295200,NIFTY SME EMERGE
94.39,15.9,99.4,98.95,24-Sep-2026 15:59:57,82,N,19.15,27137125,SM,SARTELE,287500,NIFTY SME EMERGE
121.61,19.25,129,127,24-Sep-2026 15:59:57,108.1,N,17.87,8074904,SM,HIGREEN,66400,NIFTY SME EMERGE
18.29,3.1,20.7,20.7,24-Sep-2026 15:59:57,17.55,N,17.61,457250,SM,ANYA,25000,NIFTY SME EMERGE
217.76,26.25,230.8,218.6,24-Sep-2026 15:59:57,191,N,13.65,98209760,SM,KRISHCA,451000,NIFTY SME EMERGE
70.02,8,73.9,73,24-Sep-2026 15:59:57,64.75,N,12.31,2800800,SM,VIJAYPD,40000,NIFTY SME EMERGE
105.24,9.8,107.8,107.8,24-Sep-2026 15:59:57,101.9,N,10.00,4293792,SM,LAKSHYA,40800,NIFTY SME EMERGE
45.43,4.15,46.05,46.05,24-Sep-2026 15:59:57,42.2,N,9.90,16064048,SM,KLL,353600,NIFTY SME EMERGE
80.88,7,83,83,24-Sep-2026 15:59:57,78.5,N,9.21,582336,SM,ZEAL,7200,NIFTY SME EMERGE
1068.04,85.7,1128.55,1106,24-Sep-2026 15:59:57,1106,N,8.40,15806992,ST,PRIZOR,14800,NIFTY SME EMERGE
67.45,4.95,69.95,64.95,24-Sep-2026 15:59:57,64.95,N,8.25,134900,SM,MDL,2000,NIFTY SME EMERGE
1569.82,118.15,1620,1619.95,24-Sep-2026 15:59:57,1619.95,N,7.87,1569820,ST,TANKUP,1000,NIFTY SME EMERGE
177.01,12.65,182.5,177.2,24-Sep-2026 15:59:57,167,N,7.69,35260392,SM,SATKARTAR,199200,NIFTY SME EMERGE
159.84,10.9,161.95,161.95,24-Sep-2026 15:59:57,155,N,7.22,4347648,SM,EFACTOR,27200,NIFTY SME EMERGE
91.07,6.5,97.1,97.1,24-Sep-2026 15:59:57,88,N,7.17,19816832,SM,EXIMROUTES,217600,NIFTY SME EMERGE
0,1.65,0,26.95,24-Sep-2026 15:31:45,0,N,6.52,0,SM,DHANLAXMI,0,NIFTY SME EMERGE
73.73,-3.7,78.1,70.75,24-Sep-2026 15:59:57,70.75,N,-4.97,368650,SM,GIRIRAJ,5000,NIFTY SME EMERGE
36.6,-1.8,38,34.4,24-Sep-2026 15:59:57,34.4,N,-4.97,322080,SM,MILTON,8800,NIFTY SME EMERGE
68.19,-3.45,70.7,66,24-Sep-2026 15:59:57,66,N,-4.97,1063764,SM,MGSL,15600,NIFTY SME EMERGE
183.21,-9.35,197.2,178.55,24-Sep-2026 15:59:57,178.55,N,-4.98,1465680,ST,AVATAR,8000,NIFTY SME EMERGE
274.2,-14.3,281.15,272.05,24-Sep-2026 15:59:57,272.05,N,-4.99,2742000,SM,SILKFLEX,10000,NIFTY SME EMERGE
97.18,-5.1,97.2,97.15,24-Sep-2026 15:59:57,97.15,N,-4.99,145770,SM,VEEKAYEM,1500,NIFTY SME EMERGE
259.42,-13.4,268,255.4,24-Sep-2026 15:59:57,255.4,N,-4.99,3943184,ST,APEXECO,15200,NIFTY SME EMERGE
45.6,-2.4,45.6,45.6,24-Sep-2026 15:59:57,45.6,N,-5.00,36480,SM,PURVFLEXI,800,NIFTY SME EMERGE
476.9,-24.7,488,469.5,24-Sep-2026 15:59:57,469.5,N,-5.00,13448580,ST,TAC,28200,NIFTY SME EMERGE
71.5,-3.75,72,71.25,24-Sep-2026 15:59:57,71.25,N,-5.00,114400,ST,BLUEPEBBLE,1600,NIFTY SME EMERGE
326.8,-17.2,326.8,326.8,24-Sep-2026 15:59:57,326.8,N,-5.00,55882.8,SM,KKVAPOW,171,NIFTY SME EMERGE
60.85,-3.2,60.85,60.85,24-Sep-2026 15:59:57,60.85,N,-5.00,456375,SM,KDL,7500,NIFTY SME EMERGE
90.25,-4.75,90.25,90.25,24-Sep-2026 15:59:57,90.25,N,-5.00,90250,ST,PENTAGON,1000,NIFTY SME EMERGE
42.76,-2.25,43,42.75,24-Sep-2026 15:59:57,42.75,N,-5.00,962100,ST,SONUINFRA,22500,NIFTY SME EMERGE
55.1,-2.9,55.1,55.1,24-Sep-2026 15:59:57,55.1,N,-5.00,55100,SM,QFIL,1000,NIFTY SME EMERGE
706.59,-35.75,747.7,679.4,24-Sep-2026 15:59:57,679.4,N,-5.00,1483839,SM,HVAX,2100,NIFTY SME EMERGE
91.28,-5.1,94.95,89.85,24-Sep-2026 15:59:57,89.7,N,-5.37,1971648,SM,MUNISH,21600,NIFTY SME EMERGE
38.92,-2.25,40,39.4,24-Sep-2026 15:59:57,37.15,N,-5.40,311360,SM,PRANIK,8000,NIFTY SME EMERGE
56.72,-3.5,60,58.5,24-Sep-2026 15:59:57,54,N,-5.65,1786680,SM,SHIGAN,31500,NIFTY SME EMERGE
245.7,-15,255.25,240,24-Sep-2026 15:59:57,239.95,N,-5.88,1769040,SM,ENCOMPAS,7200,NIFTY SME EMERGE
487.5,-29.95,499.95,470.05,24-Sep-2026 15:59:57,470.05,N,-5.99,780000,SM,ARIHANTACA,1600,NIFTY SME EMERGE
15.05,-0.95,15.45,14.3,24-Sep-2026 15:59:57,14.3,N,-6.23,602000,SM,ENSER,40000,NIFTY SME EMERGE
65.93,-4.9,67.95,63,24-Sep-2026 15:59:57,63,N,-7.22,923020,SM,READYMIX,14000,NIFTY SME EMERGE
4.1,-0.4,4.2,4,24-Sep-2026 15:59:57,4,N,-9.09,49200,SM,JIWANRAM,12000,NIFTY SME EMERGE
45.34,-4.55,46.55,44.4,24-Sep-2026 15:59:57,44.4,N,-9.30,253904,SM,ZENITHDRUG,5600,NIFTY SME EMERGE
57.38,-6,60,56.05,24-Sep-2026 15:59:57,56,N,-9.67,1170552,SM,VALUE360,20400,NIFTY SME EMERGE
1.95,-0.2,1.7,1.7,24-Sep-2026 15:59:57,1.7,N,-10.53,5850,ST,JALAN,3000,NIFTY SME EMERGE
79.19,-9.4,88,78.6,24-Sep-2026 15:59:57,75.5,N,-10.68,9581990,SM,CSSL,121000,NIFTY SME EMERGE
982.38,-123.2,841.8,841.8,24-Sep-2026 15:59:57,841.8,N,-12.77,736785,ST,HOACFOODS,750,NIFTY SME EMERGE
0,-114.85,0,0,24-Sep-2026 15:31:45,0,N,-100.00,0,SM,PATTECH,0,NIFTY SME EMERGE
186.06,8.6,192.89,185.1,24-Sep-2026 16:00:28,174.35,N,4.87,205594625.46,EQ,CRIZAC,1104991,NIFTY INTERNET
364.93,15.6,391,375.4,24-Sep-2026 16:00:28,351.45,N,4.34,41469185.48,EQ,STYL,113636,NIFTY INTERNET
3040.4,13.2,3099,3015,24-Sep-2026 16:00:28,2963.6,N,0.44,1137453165.2,EQ,CARTRADE,374113,NIFTY INTERNET
375.68,1.4,380,374.1,24-Sep-2026 16:00:28,367,N,0.38,702398376.96,EQ,NAZARA,1869672,NIFTY INTERNET
16.02,-0.06,16.26,16.03,24-Sep-2026 16:00:28,15.82,N,-0.37,146314376.64,EQ,CCAVENUE,9133232,NIFTY INTERNET
461.51,-2.3,464.55,461.5,24-Sep-2026 16:00:28,460.05,N,-0.50,215968681.11,EQ,IRCTC,467961,NIFTY INTERNET
103.85,-0.62,104.5,104.5,24-Sep-2026 16:00:28,103.25,N,-0.59,41931618.35,EQ,THOMASCOOK,403771,NIFTY INTERNET
1633.53,-13.5,1657.5,1638.9,24-Sep-2026 16:00:28,1619,N,-0.82,151039450.86,EQ,INDIAMART,92462,NIFTY INTERNET
180.2,-1.59,190.8,178.82,24-Sep-2026 16:00:28,173.3,N,-0.88,5634074274.6,EQ,FIRSTCRY,31265673,NIFTY INTERNET
1700.71,-15.5,1715.5,1689,24-Sep-2026 16:00:28,1681.1,N,-0.91,321536232.6,EQ,TBOTEK,189060,NIFTY INTERNET
186.35,-2.07,189.87,186.56,24-Sep-2026 16:00:28,184.25,N,-1.10,3765323622.9,EQ,GROWW,20205654,NIFTY INTERNET
171.81,-2.03,174.26,170.7,24-Sep-2026 16:00:28,168.5,N,-1.18,715198125.87,EQ,URBANCO,4162727,NIFTY INTERNET
349.83,-4.55,356,348.5,24-Sep-2026 16:00:28,347.1,N,-1.29,230995547.64,EQ,IIFLCAPS,660308,NIFTY INTERNET
339.32,-5.55,343.9,335.3,24-Sep-2026 16:00:28,333.05,N,-1.63,1281029706.2,EQ,NYKAA,3775285,NIFTY INTERNET
235.48,-4.37,239.66,232,24-Sep-2026 16:00:28,232,N,-1.85,3169833956.8,EQ,MEESHO,13461160,NIFTY INTERNET
1029.74,-20.5,1044.9,1022,24-Sep-2026 16:00:28,1014,N,-1.97,895128268.24,EQ,MOTILALOFS,869276,NIFTY INTERNET
338.96,-7.15,343.6,335.5,24-Sep-2026 16:00:28,333.55,N,-2.09,5080734825.52,EQ,ETERNAL,14989187,NIFTY INTERNET
1757.19,-39.5,1784.7,1735.5,24-Sep-2026 16:00:28,1730.3,N,-2.23,6217419690.06,EQ,PAYTM,3538274,NIFTY INTERNET
132.99,-3.11,135.5,133,24-Sep-2026 16:00:28,131.64,N,-2.28,512260058.31,EQ,PWL,3851869,NIFTY INTERNET
26.79,-0.65,27.51,26.8,24-Sep-2026 16:00:28,26.24,N,-2.37,29457158.82,EQ,RTNINDIA,1099558,NIFTY INTERNET
160.25,-4.6,163.91,159.3,24-Sep-2026 16:00:28,158.8,N,-2.81,92354478.75,EQ,IXIGO,576315,NIFTY INTERNET
293.08,-9.3,297.75,290.7,24-Sep-2026 16:00:28,289.8,N,-3.10,1073753679.04,EQ,ANGELONE,3663688,NIFTY INTERNET
678.57,-21.55,697.55,672,24-Sep-2026 16:00:28,666,N,-3.11,54672384.9,EQ,JUSTDIAL,80570,NIFTY INTERNET
271.68,-11.05,276.6,267.45,24-Sep-2026 16:00:28,265.6,N,-3.97,4255618612.8,EQ,SWIGGY,15664085,NIFTY INTERNET
181.3,-8.3,187.3,180,24-Sep-2026 16:00:28,177.65,N,-4.41,5947134586.4,EQ,PINELABS,32802728,NIFTY INTERNET
1227.69,-73,1257.6,1224,24-Sep-2026 16:00:28,1202.3,N,-5.63,3874233609.9,EQ,NAUKRI,3155710,NIFTY INTERNET
1283.32,-679.1,1697.7,1207.2,24-Sep-2026 16:00:28,1207.2,N,-36.00,35097241482.88,EQ,POLICYBZR,27348784,NIFTY INTERNET
23.59,4.02,24.16,24.16,24-Sep-2026 16:00:28,20.5,N,19.96,11682923.91,EQ,CRESTO,495249,NIFTY WAVES
10.14,0.48,10.25,10.25,24-Sep-2026 16:00:28,9.77,N,4.91,1389747.84,EQ,RAJTV,137056,NIFTY WAVES
3.04,0.14,3.05,3.05,24-Sep-2026 16:00:28,2.96,N,4.81,380130.72,BE,TVVISION,125043,NIFTY WAVES
513.6,21.15,522,511.35,24-Sep-2026 16:00:28,483,N,4.31,1728119678.4,EQ,SUNTV,3364719,NIFTY WAVES
18.85,0.38,19.5,19.19,24-Sep-2026 16:00:28,18.05,N,2.02,9225567,EQ,AQYLON,489420,NIFTY WAVES
78.42,1.22,79.45,78.5,24-Sep-2026 16:00:28,76.85,N,1.58,1166087206.56,EQ,ZEEL,14869768,NIFTY WAVES
52.55,0.81,53.8,52.9,24-Sep-2026 16:00:28,50.5,N,1.56,2500118.8,BE,ONMOBILE,47576,NIFTY WAVES
107.59,1.47,109.4,109.17,24-Sep-2026 16:00:28,106,N,1.36,955399.2,EQ,TVTODAY,8880,NIFTY WAVES
5.8,0.08,6.35,6.27,24-Sep-2026 16:00:28,5.66,N,1.29,218167,EQ,CREATIVEYE,37615,NIFTY WAVES
375.68,1.4,380,374.1,24-Sep-2026 16:00:28,367,N,0.38,702398376.96,EQ,NAZARA,1869672,NIFTY WAVES
95.13,0.31,97.3,94.49,24-Sep-2026 16:00:28,92.76,N,0.33,16545199.86,EQ,BALAJITELE,173922,NIFTY WAVES
20.4,0.03,21.16,20.7,24-Sep-2026 16:00:28,20.09,N,0.15,274584,BE,CYBERMEDIA,13460,NIFTY WAVES
2.44,0,2.47,2.46,24-Sep-2026 16:00:28,2.42,N,0.00,3684936.8,EQ,DISHTV,1510220,NIFTY WAVES
5.91,-0.02,6.1,5.96,24-Sep-2026 16:00:28,5.64,N,-0.33,34620.78,EQ,SAMBHAAV,5858,NIFTY WAVES
100.13,-0.52,101.46,99.65,24-Sep-2026 16:00:28,99.65,N,-0.52,481525.17,EQ,ENIL,4809,NIFTY WAVES
276.41,-1.6,281.35,272.3,24-Sep-2026 16:00:28,272,N,-0.58,23873808.11,EQ,SIGNPOST,86371,NIFTY WAVES
92.81,-0.6,94.39,91.85,24-Sep-2026 16:00:28,91.01,N,-0.65,4330143.36,EQ,RKSWAMY,46656,NIFTY WAVES
26.6,-0.19,26.99,26.65,24-Sep-2026 16:00:28,26.4,N,-0.71,7178595.2,EQ,DEN,269872,NIFTY WAVES
2.48,-0.02,2.51,2.48,24-Sep-2026 16:00:28,2.46,N,-0.80,58560.24,EQ,DNAMEDIA,23613,NIFTY WAVES
57.42,-0.49,57.89,57.4,24-Sep-2026 16:00:28,57.4,N,-0.85,976.14,BE,MUKTAARTS,17,NIFTY WAVES
26.96,-0.24,27.29,26.9,24-Sep-2026 16:00:28,26.62,N,-0.88,57777517.68,EQ,NETWORK18,2143083,NIFTY WAVES
89.28,-0.87,90.25,89.14,24-Sep-2026 16:00:28,88.23,N,-0.97,1606861.44,EQ,CINELINE,17998,NIFTY WAVES
6,-0.06,6.14,5.98,24-Sep-2026 16:00:28,5.92,N,-0.99,242544,EQ,RADIOCITY,40424,NIFTY WAVES
4.28,-0.05,4.38,4.29,24-Sep-2026 16:00:28,4.25,N,-1.15,184951.64,EQ,BAGFILMS,43213,NIFTY WAVES
667.8,-8.45,676.75,662.05,24-Sep-2026 16:00:28,657,N,-1.26,177760346.4,EQ,TIPSMUSIC,266188,NIFTY WAVES
9.99,-0.13,10.1,9.97,24-Sep-2026 16:00:28,9.92,N,-1.29,17230492.26,EQ,HATHWAY,1724774,NIFTY WAVES
313.6,-4.1,320.5,310.65,24-Sep-2026 16:00:28,310.05,N,-1.30,438412.8,EQ,TIPSFILMS,1398,NIFTY WAVES
7.44,-0.1,7.59,7.41,24-Sep-2026 16:00:28,7.37,N,-1.33,6313911.36,EQ,ZEEMEDIA,848644,NIFTY WAVES
500.04,-8,507,499,24-Sep-2026 16:00:28,495.2,N,-1.58,101156591.88,EQ,SAREGAMA,202297,NIFTY WAVES
123.12,-2.17,124,121.62,24-Sep-2026 16:00:28,121.51,N,-1.75,1057600.8,BE,SHEMAROO,8590,NIFTY WAVES
60.14,-1.32,61.7,59.32,24-Sep-2026 16:00:28,59.25,N,-2.18,1172429.3,EQ,UFO,19495,NIFTY WAVES
70.4,-1.6,72.08,69.51,24-Sep-2026 16:00:28,69.12,N,-2.25,4587404.8,EQ,NDTV,65162,NIFTY WAVES
7.06,-0.18,7.3,6.97,24-Sep-2026 16:00:28,6.95,N,-2.52,868782.42,EQ,BTML,123057,NIFTY WAVES
3.25,-0.08,3.49,3.05,24-Sep-2026 16:00:28,3.02,N,-2.56,1030779.75,EQ,RADAAN,317163,NIFTY WAVES
55.39,-1.46,56.88,54.61,24-Sep-2026 16:00:28,54.6,N,-2.60,1157484.83,EQ,GTPL,20897,NIFTY WAVES
3.66,-0.11,3.79,3.68,24-Sep-2026 16:00:28,3.61,N,-2.90,165852.9,EQ,NEXTMEDIA,45315,NIFTY WAVES
16.64,-0.57,17.33,16.76,24-Sep-2026 16:00:28,16.4,N,-3.29,103833.6,EQ,PNC,6240,NIFTY WAVES
1280.18,-55.5,1310,1262,24-Sep-2026 16:00:28,1251,N,-4.21,862208911.08,EQ,PVRINOX,673506,NIFTY WAVES
23.62,-1.11,25.15,23.79,24-Sep-2026 16:00:28,22.55,N,-4.46,549519.3,EQ,DGCONTENT,23265,NIFTY WAVES
329.8,-16.85,335,320.3,24-Sep-2026 16:00:28,315,N,-5.00,1351414204.4,EQ,PFOCUS,4097678,NIFTY WAVES
5136.45,105,5229,5190,24-Sep-2026 16:00:28,4981,N,2.06,217703296.8,EQ,JKCEMENT,42384,NIFTY INFRALOG
785.72,15.75,801.85,784.5,24-Sep-2026 16:00:28,763,N,2.05,452492219.4,EQ,SIGNATURE,575895,NIFTY INFRALOG
554.67,4.15,561,557.8,24-Sep-2026 16:00:28,546.55,N,0.75,153269742.42,EQ,NAVA,276326,NIFTY INFRALOG
172.82,0.9,173.85,173.85,24-Sep-2026 16:00:28,171.84,N,0.52,1068661330.94,EQ,GAIL,6183667,NIFTY INFRALOG
466.79,1.65,472.9,466.3,24-Sep-2026 16:00:28,457.55,N,0.36,1378407997.29,EQ,CONCOR,2952951,NIFTY INFRALOG
286.44,0.75,288.1,286.6,24-Sep-2026 16:00:28,283.3,N,0.26,300696118.8,EQ,PETRONET,1049770,NIFTY INFRALOG
1234.31,2.8,1262.9,1209.2,24-Sep-2026 16:00:28,1189.6,N,0.23,618132573.52,EQ,ABREL,500792,NIFTY INFRALOG
326.3,0.6,327.7,326.6,24-Sep-2026 16:00:28,324.4,N,0.18,2500299854,EQ,NTPC,7662580,NIFTY INFRALOG
7116.28,9,7144.5,7129,24-Sep-2026 16:00:28,7062.5,N,0.13,1005957340.8,EQ,ABB,141360,NIFTY INFRALOG
1236.79,1.1,1248.4,1244.9,24-Sep-2026 16:00:28,1221.8,N,0.09,57346241.93,EQ,SOBHA,46367,NIFTY INFRALOG
3229.63,1.6,3281.7,3216,24-Sep-2026 16:00:28,3158.5,N,0.05,1201958478.58,EQ,ENRIN,372166,NIFTY INFRALOG
1374.45,0,1385,1370,24-Sep-2026 16:00:28,1358.1,N,0.00,766154165.7,EQ,COCHINSHIP,557426,NIFTY INFRALOG
95.26,-0.21,95.98,95.21,24-Sep-2026 16:00:28,93.36,N,-0.22,502285499.1,EQ,NTPCGREEN,5272785,NIFTY INFRALOG
1485.04,-3.8,1498.5,1480,24-Sep-2026 16:00:28,1466,N,-0.26,900351536.24,EQ,GESHIP,606281,NIFTY INFRALOG
4768.65,-17.8,4839,4781.7,24-Sep-2026 16:00:28,4740,N,-0.37,21153731.4,EQ,BLUEDART,4436,NIFTY INFRALOG
1164.77,-4.5,1177,1158,24-Sep-2026 16:00:28,1148.9,N,-0.39,1448422943.79,EQ,LODHA,1243527,NIFTY INFRALOG
2202.62,-9.5,2221.8,2202,24-Sep-2026 16:00:28,2189.2,N,-0.43,1021293220.64,EQ,MAZDOCK,463672,NIFTY INFRALOG
611.6,-2.7,617.5,612,24-Sep-2026 16:00:28,604.45,N,-0.44,115094557.6,EQ,ELGIEQUIP,188186,NIFTY INFRALOG
1170.8,-6,1183,1155,24-Sep-2026 16:00:28,1152.1,N,-0.52,2359659590,EQ,BDL,2015425,NIFTY INFRALOG
276.26,-1.55,280.3,277.5,24-Sep-2026 16:00:28,274.1,N,-0.56,292158486.74,EQ,SCI,1057549,NIFTY INFRALOG
460.15,-9.1,468.5,457.5,24-Sep-2026 16:00:28,450.15,N,-1.95,896005460.45,EQ,ELECON,1947203,NIFTY INFRALOG
82.79,-1.65,83.68,82.34,24-Sep-2026 16:00:28,81.83,N,-1.96,407787277.98,EQ,NBCC,4925562,NIFTY INFRALOG
617.34,-12.45,623.9,612.8,24-Sep-2026 16:00:28,611.1,N,-1.99,391509002.58,EQ,ATGL,634187,NIFTY INFRALOG
427.32,-8.7,432.15,426.3,24-Sep-2026 16:00:28,424.15,N,-2.00,1790703262.08,EQ,DELHIVERY,4190544,NIFTY INFRALOG
606.69,-12.45,616,604,24-Sep-2026 16:00:28,598.8,N,-2.02,110097854.37,EQ,BRIGADE,181473,NIFTY INFRALOG
1807.58,-37.4,1829.9,1795.8,24-Sep-2026 16:00:28,1795.8,N,-2.04,8255902932.82,EQ,BHARTIARTL,4567379,NIFTY INFRALOG
228.13,-4.79,230.59,228.37,24-Sep-2026 16:00:28,226.81,N,-2.05,140633704.19,EQ,JWL,616463,NIFTY INFRALOG
511.86,-11,520,510,24-Sep-2026 16:00:28,508.1,N,-2.11,667201832.1,EQ,JSWENERGY,1303485,NIFTY INFRALOG
1224.4,-26.3,1243.4,1217.1,24-Sep-2026 16:00:28,1215,N,-2.12,103309974.4,EQ,SCHNEIDER,84376,NIFTY INFRALOG
1684,-36.4,1707.9,1671.2,24-Sep-2026 16:00:28,1665.7,N,-2.13,810064624,EQ,GODREJPROP,481036,NIFTY INFRALOG
2200.23,-47.9,2254,2171.6,24-Sep-2026 16:00:28,2156.8,N,-2.16,613443926.07,EQ,KIRLOSENG,278809,NIFTY INFRALOG
993.95,-22.05,1006.4,990,24-Sep-2026 16:00:28,984.6,N,-2.18,59032678.4,EQ,TECHNOE,59392,NIFTY INFRALOG
386.21,-8.65,390.9,384.1,24-Sep-2026 16:00:28,382.65,N,-2.20,352373755.69,EQ,AMBUJACEM,912389,NIFTY INFRALOG
2057.81,-46.4,2089,2049,24-Sep-2026 16:00:28,2030,N,-2.21,398301472.36,EQ,BEML,193556,NIFTY INFRALOG
299.69,-6.7,305.65,297,24-Sep-2026 16:00:28,295,N,-2.21,1386893694.09,EQ,ENGINERSIN,4627761,NIFTY INFRALOG
1368.01,-34.5,1405.8,1370,24-Sep-2026 16:00:28,1348.4,N,-2.46,749215300.68,EQ,AEGISLOG,547668,NIFTY INFRALOG
212.7,-5.37,218.88,212,24-Sep-2026 16:00:28,209.1,N,-2.47,883159965.3,BE,HFCL,4152139,NIFTY INFRALOG
73.87,-1.93,75.06,73.09,24-Sep-2026 16:00:28,72.81,N,-2.57,714071668.13,EQ,INOXWIND,9666599,NIFTY INFRALOG
201.36,-5.32,203.8,199.48,24-Sep-2026 16:00:28,198.8,N,-2.60,4084319791.2,EQ,ADANIPOWER,20283670,NIFTY INFRALOG
825.45,-22.05,837.4,820,24-Sep-2026 16:00:28,818,N,-2.62,269745503.7,EQ,TITAGARH,326786,NIFTY INFRALOG
207.82,-5.77,210.1,206,24-Sep-2026 16:00:28,205.26,N,-2.72,594814714.66,EQ,RVNL,2862163,NIFTY INFRALOG
4922.64,-138.5,4975,4890,24-Sep-2026 16:00:28,4874.5,N,-2.75,2808139678.56,EQ,INDIGO,570454,NIFTY INFRALOG
14.25,-0.4,14.5,14.12,24-Sep-2026 16:00:28,14.04,N,-2.75,5187723486.75,EQ,IDEA,364050771,NIFTY INFRALOG
443.33,-12.6,456.05,437.6,24-Sep-2026 16:00:28,431.55,N,-2.80,2130569943.89,EQ,TMCV,4805833,NIFTY INFRALOG
1349.55,-39.5,1371.4,1340.5,24-Sep-2026 16:00:28,1335.1,N,-2.86,2479861553.85,EQ,ADANIENSOL,1837547,NIFTY INFRALOG
4352.51,-130.7,4405,4286.3,24-Sep-2026 16:00:28,4286.3,N,-2.96,1470238705.41,EQ,GVT&D,337791,NIFTY INFRALOG
282.81,-8.6,287.45,280.4,24-Sep-2026 16:00:28,279.75,N,-2.98,190399004.4,EQ,TARIL,673240,NIFTY INFRALOG
106.97,-3.63,109,106.5,24-Sep-2026 16:00:28,106.06,N,-3.30,277747391.06,EQ,IRCON,2596498,NIFTY INFRALOG
158.93,-5.59,160.6,157.3,24-Sep-2026 16:00:28,157,N,-3.43,1293393636.62,EQ,ASHOKLEY,8138134,NIFTY INFRALOG
41.06,-1.65,42.24,40.74,24-Sep-2026 16:00:28,40.55,N,-3.89,5388756691.8,EQ,SUZLON,131241030,NIFTY INFRALOG
236.43,2.1,239,239,24-Sep-2026 16:00:28,235.23,N,0.89,2008176366.78,EQ,ONGC,8493746,NIFTY RAILWAYSPSU
466.79,1.65,472.9,466.3,24-Sep-2026 16:00:28,457.55,N,0.36,1378407997.29,EQ,CONCOR,2952951,NIFTY RAILWAYSPSU
326.3,0.6,327.7,326.6,24-Sep-2026 16:00:28,324.4,N,0.18,2500299854,EQ,NTPC,7662580,NIFTY RAILWAYSPSU
461.51,-2.3,464.55,461.5,24-Sep-2026 16:00:28,460.05,N,-0.50,215968681.11,EQ,IRCTC,467961,NIFTY RAILWAYSPSU
187.71,-1.44,191.36,184,24-Sep-2026 16:00:28,182.15,N,-0.78,4658144535.24,EQ,SAIL,24815644,NIFTY RAILWAYSPSU
395.74,-4.05,398.05,392,24-Sep-2026 16:00:28,392,N,-1.02,2311563245.84,EQ,BEL,5841116,NIFTY RAILWAYSPSU
202.07,-2.23,203.69,201.82,24-Sep-2026 16:00:28,201,N,-1.09,66627126.61,EQ,RITES,329723,NIFTY RAILWAYSPSU
164.54,-2.02,166.9,164.3,24-Sep-2026 16:00:28,163.61,N,-1.21,447106681.02,EQ,MRPL,2717313,NIFTY RAILWAYSPSU
79.84,-1.14,80.5,79.86,24-Sep-2026 16:00:28,79.41,N,-1.41,425756460.64,EQ,IRFC,5332621,NIFTY RAILWAYSPSU
418.83,-7.75,422.65,415.35,24-Sep-2026 16:00:28,415.35,N,-1.83,2293042315.08,EQ,BHEL,5474876,NIFTY RAILWAYSPSU
252.11,-5.65,256.55,251.55,24-Sep-2026 16:00:28,250.4,N,-2.20,37522287.63,EQ,ITI,148833,NIFTY RAILWAYSPSU
2057.81,-46.4,2089,2049,24-Sep-2026 16:00:28,2030,N,-2.21,398301472.36,EQ,BEML,193556,NIFTY RAILWAYSPSU
353.07,-9.6,358,350.4,24-Sep-2026 16:00:28,349.3,N,-2.67,1090406559.06,EQ,HINDPETRO,3088358,NIFTY RAILWAYSPSU
262.79,-7.25,266.55,261.5,24-Sep-2026 16:00:28,260.1,N,-2.70,95984835.87,EQ,RAILTEL,365253,NIFTY RAILWAYSPSU
207.82,-5.77,210.1,206,24-Sep-2026 16:00:28,205.26,N,-2.72,594814714.66,EQ,RVNL,2862163,NIFTY RAILWAYSPSU
309.66,-8.65,313.95,307.1,24-Sep-2026 16:00:28,306.7,N,-2.74,998673937.56,EQ,BPCL,3225066,NIFTY RAILWAYSPSU
106.97,-3.63,109,106.5,24-Sep-2026 16:00:28,106.06,N,-3.30,277747391.06,EQ,IRCON,2596498,NIFTY RAILWAYSPSU
1055.76,2,1066.25,1060,24-Sep-2026 16:00:28,1038.1,N,0.19,121138958.16,EQ,JUBLPHARMA,114741,NIFTYCONGLOMERATE
2083.17,-2.6,2096.9,2087,24-Sep-2026 16:00:28,2067.1,N,-0.12,3667758258.54,EQ,TCS,1760662,NIFTYCONGLOMERATE
1939.89,-10,1957.4,1946,24-Sep-2026 16:00:28,1922.2,N,-0.51,714711732.81,EQ,COROMANDEL,368429,NIFTYCONGLOMERATE
877.06,-4.75,884.7,875,24-Sep-2026 16:00:28,871.2,N,-0.54,607573667.34,EQ,GODREJCP,692739,NIFTYCONGLOMERATE
82.64,-0.52,83.39,83,24-Sep-2026 16:00:28,82.08,N,-0.62,378418724.72,EQ,BAJAJHFL,4579123,NIFTYCONGLOMERATE
3178.37,-22,3203.7,3166.5,24-Sep-2026 16:00:28,3150.6,N,-0.69,1498086559.06,EQ,GRASIM,471338,NIFTYCONGLOMERATE
3214.17,-25.5,3238.8,3205.8,24-Sep-2026 16:00:28,3190,N,-0.79,87949333.71,EQ,LTTS,27363,NIFTYCONGLOMERATE
11131.14,-99,11192,11056,24-Sep-2026 16:00:28,11056,N,-0.89,3391602702.3,EQ,ULTRACEMCO,304695,NIFTYCONGLOMERATE
1556.92,-14,1576.2,1543,24-Sep-2026 16:00:28,1543,N,-0.90,2657825916.6,EQ,TECHM,1707105,NIFTYCONGLOMERATE
480.98,-4.4,484.75,478.9,24-Sep-2026 16:00:28,476.05,N,-0.91,163336960.16,EQ,JUBLFOOD,339592,NIFTYCONGLOMERATE
888.62,-8.3,896.4,886.7,24-Sep-2026 16:00:28,877.1,N,-0.93,1191100027.66,EQ,CGPOWER,1340393,NIFTYCONGLOMERATE
4861.9,-47.5,4912,4832.5,24-Sep-2026 16:00:28,4830,N,-0.97,2451010199.4,EQ,TITAN,504126,NIFTYCONGLOMERATE
641.14,-6.95,649,634,24-Sep-2026 16:00:28,631.8,N,-1.08,182148515.14,EQ,JUBLINGREA,284101,NIFTYCONGLOMERATE
4056.83,-47,4089,4038,24-Sep-2026 16:00:28,4011,N,-1.15,1419910784.15,EQ,LTM,350005,NIFTYCONGLOMERATE
1786.91,-22,1802.4,1785.3,24-Sep-2026 16:00:28,1775,N,-1.22,2840720516.49,EQ,ADANIPORTS,1589739,NIFTYCONGLOMERATE
1099.22,-15,1109.1,1091,24-Sep-2026 16:00:28,1085.3,N,-1.36,41850603.06,EQ,GODREJIND,38073,NIFTYCONGLOMERATE
189.36,-2.8,191.8,188.02,24-Sep-2026 16:00:28,187.72,N,-1.47,2973245318.64,EQ,TATASTEEL,15701549,NIFTYCONGLOMERATE
2562.41,-38.1,2585.5,2540.5,24-Sep-2026 16:00:28,2540.5,N,-1.48,181008642.4,EQ,TIINDIA,70640,NIFTYCONGLOMERATE
1160.6,-17.5,1174.7,1157.8,24-Sep-2026 16:00:28,1152.3,N,-1.49,694951031.6,EQ,JINDALSTEL,598786,NIFTYCONGLOMERATE
364.09,-5.6,369.95,358,24-Sep-2026 16:00:28,358,N,-1.54,1625587575.64,EQ,JSWINFRA,4464796,NIFTYCONGLOMERATE
500.04,-8,507,499,24-Sep-2026 16:00:28,495.2,N,-1.58,101156591.88,EQ,SAREGAMA,202297,NIFTYCONGLOMERATE
396.53,-6.4,399.5,396,24-Sep-2026 16:00:28,394,N,-1.59,150117137.81,EQ,KEC,378577,NIFTYCONGLOMERATE
1294.8,-20.8,1309.8,1280.1,24-Sep-2026 16:00:28,1277.8,N,-1.60,3081010264.8,EQ,ADANIGREEN,2379526,NIFTYCONGLOMERATE
11263.06,-192,11383,11208,24-Sep-2026 16:00:28,11201,N,-1.68,1202511863.96,EQ,BAJAJ-AUTO,106766,NIFTYCONGLOMERATE
3006.49,-52.3,3039,2982.7,24-Sep-2026 16:00:28,2982.7,N,-1.72,5723518149.29,EQ,M&M,1903721,NIFTYCONGLOMERATE
140.79,-2.55,142.44,140.01,24-Sep-2026 16:00:28,139.6,N,-1.79,171665247,EQ,CESC,1219300,NIFTYCONGLOMERATE
3871.37,-71.5,3907,3858.4,24-Sep-2026 16:00:28,3849,N,-1.82,6385081511.96,EQ,LT,1649308,NIFTYCONGLOMERATE
1281.22,-24.6,1298.4,1273.2,24-Sep-2026 16:00:28,1272.2,N,-1.90,1071841746.38,EQ,JSWSTEEL,836579,NIFTYCONGLOMERATE
423.03,-8.75,430,422,24-Sep-2026 16:00:28,418.5,N,-2.03,491984313.03,EQ,ZENSARTECH,1163001,NIFTYCONGLOMERATE
511.86,-11,520,510,24-Sep-2026 16:00:28,508.1,N,-2.11,667201832.1,EQ,JSWENERGY,1303485,NIFTYCONGLOMERATE
1684,-36.4,1707.9,1671.2,24-Sep-2026 16:00:28,1665.7,N,-2.13,810064624,EQ,GODREJPROP,481036,NIFTYCONGLOMERATE
341.38,-7.45,346.7,338,24-Sep-2026 16:00:28,337,N,-2.16,326746404.92,EQ,PCBL,957134,NIFTYCONGLOMERATE
982.71,-21.8,991.9,982,24-Sep-2026 16:00:28,976.5,N,-2.17,4256117010,EQ,HINDALCO,4331000,NIFTYCONGLOMERATE
386.21,-8.65,390.9,384.1,24-Sep-2026 16:00:28,382.65,N,-2.20,352373755.69,EQ,AMBUJACEM,912389,NIFTYCONGLOMERATE
3379.96,-77.2,3429.8,3355,24-Sep-2026 16:00:28,3335,N,-2.25,101513718.64,EQ,CEATLTD,30034,NIFTYCONGLOMERATE
263.7,-6.6,267.95,261.25,24-Sep-2026 16:00:28,261,N,-2.46,123503631.3,EQ,FSL,468349,NIFTYCONGLOMERATE
201.36,-5.32,203.8,199.48,24-Sep-2026 16:00:28,198.8,N,-2.60,4084319791.2,EQ,ADANIPOWER,20283670,NIFTYCONGLOMERATE
748.75,-20.25,763.85,738.3,24-Sep-2026 16:00:28,737,N,-2.67,555140471.25,EQ,JSL,741423,NIFTYCONGLOMERATE
2734.54,-74,2767.5,2700,24-Sep-2026 16:00:28,2699.9,N,-2.67,1522698519.06,EQ,TRENT,556839,NIFTYCONGLOMERATE
339.76,-9.6,343.35,339,24-Sep-2026 16:00:28,334.45,N,-2.75,623262878.96,EQ,M&MFIN,1834421,NIFTYCONGLOMERATE
14.25,-0.4,14.5,14.12,24-Sep-2026 16:00:28,14.04,N,-2.75,5187723486.75,EQ,IDEA,364050771,NIFTYCONGLOMERATE
443.33,-12.6,456.05,437.6,24-Sep-2026 16:00:28,431.55,N,-2.80,2130569943.89,EQ,TMCV,4805833,NIFTYCONGLOMERATE
393.71,-12.35,401.7,390.1,24-Sep-2026 16:00:28,388.5,N,-3.07,1595856633.51,EQ,ABCAPITAL,4053381,NIFTYCONGLOMERATE
2930.92,-93.2,2978,2900,24-Sep-2026 16:00:28,2898.2,N,-3.11,3172609525.04,EQ,ADANIENT,1082462,NIFTYCONGLOMERATE
1426.49,-46.3,1456.4,1426.1,24-Sep-2026 16:00:28,1405.4,N,-3.14,593118850.61,EQ,CHOLAHLDNG,415789,NIFTYCONGLOMERATE
1779.06,-84.2,1818,1762.3,24-Sep-2026 16:00:28,1760.9,N,-4.56,2704251257.7,EQ,BAJAJFINSV,1520045,NIFTYCONGLOMERATE
11134,-532,11390,10917,24-Sep-2026 16:00:28,10898,N,-4.65,486310852,EQ,BAJAJHLDNG,43678,NIFTYCONGLOMERATE
1680.42,-92.3,1712,1681.7,24-Sep-2026 16:00:28,1629.9,N,-5.20,6977754162.54,EQ,CHOLAFIN,4152387,NIFTYCONGLOMERATE
988.91,-61.2,1015,982,24-Sep-2026 16:00:28,974,N,-5.87,13237209074.96,EQ,BAJFINANCE,13385656,NIFTYCONGLOMERATE
284.81,-28,290.6,282,24-Sep-2026 16:00:28,279,N,-9.03,10275332173.69,EQ,LTF,36077849,NIFTYCONGLOMERATE
